num,reg,pos,loc,input_seed,instraction,res,0,1,2,3,4,5,6,7,8,9,10,11,12,13,14,15,16,17,18,19,20,21,22,23,24,25,26,27,28,29,30,31,32,33,34,35,36,37,38,39,40,41,dump
0,r0,10, 1052963, 1058,"  101120:	e50b3014 	str	r3, [fp, #-20]	; 0xffffffec",benign, 597, 3, 10210, 2, 6841, 2680, 1, 560, 746, 0, 222, 54053, 538, 3, 11, 8276, 2, 375, 3, 32817, 11106, 21169, 0, 0, 28, 5187, 5012, 9598, 80, 0, 0, 17, 20, 34, 2, 54375, 46438, 49416, 1, 0, 0, 374,-
1,r1,17, 1052031, 1027,"  100d7c:	e51b1010 	ldr	r1, [fp, #-16]",benign, 697, 183, 10227, 2, 6839, 2686, 1, 560, 746, 0, 213, 53724, 538, 3, 13, 7593, 23, 376, 6, 33160, 11437, 21154, 0, 0, 28, 5040, 5145, 9596, 82, 0, 0, 17, 20, 34, 2, 54161, 46713, 49855, 1, 0, 0, 373,-
2,r3,26, 1055468, 1032,"  101aec:	e51b30d0 	ldr	r3, [fp, #-208]	; 0xffffff30",benign, 796, 197, 10243, 3, 6844, 2690, 1, 567, 756, 0, 210, 53907, 550, 3, 8, 8002, 33, 378, 3, 32765, 11027, 21213, 0, 0, 30, 5055, 5153, 9601, 78, 0, 0, 17, 21, 34, 6, 54943, 46486, 49652, 1, 0, 0, 374,-
3,r2,12, 1055119, 1027,"  10198c:	e51b3014 	ldr	r3, [fp, #-20]	; 0xffffffec",benign, 801, 181, 10211, 2, 6817, 2686, 1, 567, 756, 0, 226, 54469, 550, 3, 7, 8176, 2, 376, 3, 33194, 11496, 21229, 0, 0, 30, 5192, 5056, 9604, 82, 0, 0, 17, 21, 34, 2, 54423, 47305, 50329, 1, 0, 0, 376,-
4,r2,4, 1054297, 1029,"  101658:	e0823003 	add	r3, r2, r3",benign, 774, 182, 10223, 2, 6830, 2689, 1, 567, 756, 0, 219, 54063, 550, 3, 7, 8427, 2, 378, 3, 33129, 11416, 21212, 0, 0, 30, 5311, 5143, 9600, 78, 0, 0, 17, 20, 34, 2, 54478, 46620, 49844, 1, 0, 0, 401,-
5,r2,26, 1056346, 1023,"  101e58:	e50b3010 	str	r3, [fp, #-16]",benign, 855, 184, 10249, 2, 6846, 2688, 1, 567, 756, 0, 219, 54305, 550, 3, 7, 8384, 2, 375, 3, 33125, 11389, 21226, 0, 0, 30, 5066, 5164, 9601, 80, 0, 0, 17, 20, 34, 2, 54877, 46987, 50023, 1, 0, 0, 373,-
6,r1,20, 1055361, 1024,"  101a80:	e51b30d4 	ldr	r3, [fp, #-212]	; 0xffffff2c",benign, 826, 182, 10242, 2, 6839, 2692, 1, 567, 756, 0, 224, 54350, 550, 3, 7, 8443, 2, 376, 3, 33561, 11930, 21237, 0, 0, 30, 5070, 5172, 9606, 80, 0, 0, 17, 21, 34, 2, 54900, 46511, 49466, 1, 0, 0, 556,-
7,r2,10, 1051369, 1026,"  100ae8:	e0823003 	add	r3, r2, r3",benign, 705, 185, 10223, 2, 6828, 2689, 1, 567, 756, 0, 231, 54323, 550, 3, 7, 7712, 2, 379, 3, 33461, 11780, 21223, 0, 0, 30, 5070, 5160, 9604, 78, 0, 0, 17, 21, 34, 2, 54716, 46613, 49855, 1, 0, 0, 374,-
8,r3,10, 1061333, 1026,"  1031d4:	e5130014 	ldr	r0, [r3, #-20]	; 0xffffffec",benign, 645, 190, 10218, 3, 6829, 2684, 3, 567, 756, 0, 225, 53856, 550, 3, 8, 7964, 23, 525, 3, 32668, 10948, 21241, 0, 0, 30, 5206, 5032, 9592, 78, 0, 0, 17, 20, 34, 2, 54999, 47208, 50214, 1, 0, 0, 376,-
9,r0,16, 1052706, 1030,"  101020:	e51b3014 	ldr	r3, [fp, #-20]	; 0xffffffec",benign, 742, 185, 10248, 2, 6845, 2689, 1, 567, 756, 0, 230, 54057, 550, 3, 7, 7828, 2, 379, 3, 32847, 11158, 21222, 0, 0, 30, 5050, 5173, 9602, 80, 0, 0, 17, 20, 34, 2, 54201, 46974, 49998, 1, 0, 0, 374,-
10,r0,2, 1051749, 1029,"  100c64:	e50b3018 	str	r3, [fp, #-24]	; 0xffffffe8",benign, 706, 182, 10238, 2, 6841, 2688, 3, 567, 756, 0, 225, 53974, 550, 3, 7, 8051, 2, 375, 3, 32933, 11204, 21213, 0, 0, 30, 5071, 5161, 9603, 81, 0, 0, 17, 21, 34, 2, 54496, 46529, 49718, 1, 0, 0, 377,-
11,r1,15, 1057357, 1025,"  10224c:	e51b1014 	ldr	r1, [fp, #-20]	; 0xffffffec",benign, 889, 185, 10255, 2, 6847, 2690, 1, 567, 756, 0, 226, 54588, 550, 3, 7, 8478, 2, 379, 3, 33211, 11513, 21190, 0, 0, 30, 5197, 5030, 9599, 78, 0, 0, 17, 20, 34, 2, 54513, 46671, 49685, 1, 0, 0, 384,-
12,r1,20, 1053473, 1025,"  101320:	e51b3014 	ldr	r3, [fp, #-20]	; 0xffffffec",benign, 773, 182, 10229, 2, 6831, 2689, 1, 567, 756, 0, 233, 54480, 550, 3, 7, 8407, 2, 379, 3, 32669, 10936, 21223, 0, 0, 30, 5065, 5163, 9598, 79, 0, 0, 17, 21, 34, 2, 54797, 46784, 49964, 1, 0, 0, 374,-
13,r0,29, 1056139, 1026,"  101d88:	e51b0014 	ldr	r0, [fp, #-20]	; 0xffffffec",benign, 836, 185, 10245, 2, 6846, 2689, 1, 567, 756, 0, 227, 54148, 550, 3, 7, 8314, 2, 378, 3, 33421, 11701, 21245, 0, 0, 30, 5069, 5171, 9600, 80, 0, 0, 17, 21, 34, 2, 55090, 46652, 49697, 1, 0, 0, 376,-
14,r1,16, 1055126, 1027,"  101994:	e51b3018 	ldr	r3, [fp, #-24]	; 0xffffffe8",benign, 809, 185, 10231, 2, 6828, 2689, 1, 567, 756, 0, 222, 54166, 550, 3, 7, 8388, 2, 378, 3, 33016, 11290, 21214, 0, 0, 30, 5330, 4907, 9607, 78, 0, 0, 17, 20, 34, 2, 54998, 47070, 50294, 1, 0, 0, 376,-
15,r2,11, 1051136, 1026,"  100a00:	e0222003 	eor	r2, r2, r3",benign, 657, 182, 10209, 3, 6824, 2689, 1, 567, 756, 0, 227, 53532, 550, 3, 7, 8154, 2, 375, 3, 32585, 11008, 21207, 0, 0, 30, 5323, 4930, 9611, 81, 0, 0, 17, 20, 34, 2, 53654, 46773, 49744, 1, 0, 0, 374,-
16,r2,27, 1060574, 1034,"  102edc:	e51b3168 	ldr	r3, [fp, #-360]	; 0xfffffe98",benign, 974, 185, 10264, 2, 6839, 2688, 1, 567, 756, 0, 225, 54758, 550, 3, 7, 8665, 2, 376, 3, 33805, 12098, 21228, 0, 0, 30, 5147, 5083, 9610, 80, 0, 0, 17, 20, 34, 2, 55120, 46264, 49249, 1, 0, 0, 374,-
17,r1,20, 1054873, 1033,"  101898:	e51b300c 	ldr	r3, [fp, #-12]",benign, 800, 182, 10245, 2, 6842, 2689, 1, 567, 756, 0, 225, 54096, 550, 3, 7, 8515, 2, 376, 3, 32818, 11157, 21226, 0, 0, 30, 5072, 5154, 9596, 78, 0, 0, 17, 20, 34, 2, 54307, 46821, 49841, 1, 0, 0, 373,-
18,r0,7, 1053241, 1034,"  101238:	e51b3010 	ldr	r3, [fp, #-16]",benign, 760, 185, 10246, 2, 6849, 2689, 3, 567, 756, 0, 224, 54097, 550, 3, 7, 8043, 2, 378, 3, 32643, 11007, 21205, 0, 0, 30, 5072, 5170, 9607, 79, 0, 0, 17, 21, 34, 2, 54384, 46643, 49674, 1, 0, 0, 376,-
19,r0,20, 1061206, 1031,"  103154:	e2633038 	rsb	r3, r3, #56	; 0x38",benign, 594, 192, 10237, 2, 6852, 2691, 1, 567, 756, 0, 214, 53606, 550, 3, 7, 7618, 2, 379, 3, 32243, 10510, 21221, 0, 0, 30, 5044, 5156, 9607, 80, 0, 0, 17, 20, 34, 2, 54286, 46446, 49632, 1, 0, 0, 376,-
20,r1,13, 1058718, 1030,"  10279c:	e34c3a62 	movt	r3, #51810	; 0xca62",benign, 927, 185, 10247, 2, 6842, 2689, 1, 567, 756, 0, 224, 54482, 550, 3, 7, 8408, 2, 379, 3, 33197, 11561, 21264, 0, 0, 30, 5317, 5176, 9598, 80, 0, 0, 17, 20, 34, 2, 54962, 47221, 50232, 1, 0, 0, 376,-
21,r2,25, 1059976, 1024,"  102c88:	e0211003 	eor	r1, r1, r3",benign, 944, 184, 10239, 3, 6833, 2693, 1, 567, 756, 0, 224, 53467, 550, 3, 7, 8591, 2, 378, 3, 31985, 10270, 21179, 0, 0, 30, 5204, 5030, 9600, 81, 0, 0, 17, 20, 34, 5, 55354, 47419, 50457, 1, 0, 0, 377,-
22,r3,0, 1055015, 1028,"  101924:	e0211003 	eor	r1, r1, r3",benign, 816, 185, 10248, 2, 6832, 2688, 1, 567, 756, 0, 221, 54617, 550, 3, 7, 7952, 2, 376, 3, 33085, 11358, 21232, 0, 0, 30, 5046, 5171, 9595, 81, 0, 0, 17, 21, 34, 2, 54982, 47192, 50226, 1, 0, 0, 373,-
23,r3,12, 1057272, 1035,"  1021f8:	e51b301c 	ldr	r3, [fp, #-28]	; 0xffffffe4",benign, 860, 184, 10249, 3, 6844, 2688, 1, 567, 756, 0, 233, 53934, 550, 3, 7, 8644, 2, 376, 3, 33296, 11575, 21206, 0, 0, 30, 5064, 5154, 9594, 80, 0, 0, 17, 21, 34, 6, 54731, 47265, 50301, 1, 0, 0, 373,-
24,r0,25, 1052806, 1031,"  101084:	e3453a82 	movt	r3, #23170	; 0x5a82",benign, 747, 182, 10252, 2, 6852, 2690, 1, 567, 756, 0, 227, 54019, 550, 3, 7, 7958, 2, 376, 3, 32757, 11033, 21233, 0, 0, 30, 5075, 5150, 9606, 80, 0, 0, 20, 22, 36, 2, 54634, 46731, 49689, 1, 0, 0, 374,-
25,r2,27, 1060586, 1026,"  102ee8:	e0822003 	add	r2, r2, r3",benign, 975, 182, 10253, 2, 6830, 2691, 1, 567, 756, 0, 225, 54621, 550, 3, 7, 8774, 2, 375, 3, 33409, 11684, 21202, 0, 0, 30, 5058, 5176, 9601, 79, 0, 0, 17, 21, 34, 2, 55474, 47014, 49990, 1, 0, 0, 374,-
26,r1,30, 1058920, 1025,"  102868:	e51b305c 	ldr	r3, [fp, #-92]	; 0xffffffa4",benign, 913, 182, 10252, 3, 6842, 2689, 1, 567, 756, 0, 221, 54584, 550, 3, 7, 8704, 2, 378, 3, 32269, 10639, 21182, 0, 0, 30, 5072, 5161, 9604, 78, 0, 0, 17, 21, 34, 6, 54622, 46902, 49876, 1, 0, 0, 566,-
27,r1,25, 1052850, 1031,"  1010b0:	e50b3010 	str	r3, [fp, #-16]",benign, 734, 185, 10247, 2, 6845, 2686, 4, 567, 756, 0, 219, 54167, 550, 3, 7, 7583, 3, 389, 3, 32674, 10951, 21230, 0, 0, 30, 5202, 5025, 9602, 78, 0, 0, 20, 22, 36, 2, 54772, 46611, 49619, 1, 0, 0, 377,-
28,r3,19, 1051836, 1028,"  100cbc:	e0822003 	add	r2, r2, r3",benign, 682, 182, 10215, 3, 6825, 2689, 4, 567, 756, 0, 213, 53107, 550, 3, 7, 7913, 2, 379, 3, 32544, 10956, 21195, 0, 0, 30, 5079, 5162, 9606, 81, 0, 0, 17, 20, 34, 2, 53981, 46548, 49653, 1, 0, 0, 374,-
29,r0,26, 1056726, 1028,"  101fd4:	e50b300c 	str	r3, [fp, #-12]",benign, 851, 185, 10256, 2, 6851, 2688, 1, 567, 756, 0, 225, 54612, 550, 3, 7, 8706, 2, 379, 3, 33123, 11475, 21215, 0, 0, 30, 5079, 5152, 9604, 78, 0, 0, 17, 20, 34, 2, 54503, 47393, 50695, 1, 0, 0, 377,-
30,r1,25, 1057496, 1023,"  1022d8:	e0011003 	and	r1, r1, r3",benign, 865, 182, 10244, 3, 6834, 2690, 3, 567, 756, 0, 228, 54307, 550, 3, 7, 8333, 2, 379, 3, 33153, 11465, 21213, 0, 0, 30, 5067, 5166, 9625, 82, 0, 0, 17, 20, 34, 2, 53996, 46995, 50048, 1, 0, 0, 374,-
31,r3,4, 1059648, 1035,"  102b40:	e51b3014 	ldr	r3, [fp, #-20]	; 0xffffffec",benign, 928, 182, 10256, 3, 6845, 2689, 1, 567, 756, 0, 218, 53546, 550, 3, 7, 8237, 2, 376, 3, 33620, 11935, 21214, 0, 0, 30, 5058, 5176, 9597, 79, 0, 0, 17, 21, 34, 5, 55597, 46612, 49659, 1, 0, 0, 373,-
32,r0,31, 1060149, 1029,"  102d34:	e51b3010 	ldr	r3, [fp, #-16]",benign, 965, 181, 10255, 2, 6851, 2689, 1, 567, 756, 0, 227, 54473, 550, 3, 7, 9101, 2, 379, 3, 33562, 11838, 21215, 0, 0, 30, 5069, 5176, 9609, 82, 0, 0, 20, 21, 36, 2, 54854, 47750, 50744, 1, 0, 0, 377,-
33,r3,13, 1053038, 1028,"  10116c:	e0822003 	add	r2, r2, r3",benign, 760, 184, 10225, 2, 6823, 2687, 1, 567, 756, 0, 225, 53870, 550, 3, 7, 7883, 2, 379, 3, 32730, 11076, 21219, 0, 0, 30, 5211, 5038, 9605, 81, 0, 0, 17, 20, 34, 2, 55238, 47003, 49998, 1, 0, 0, 384,-
34,r2,30, 1057023, 1024,"  1020fc:	e0822003 	add	r2, r2, r3",benign, 881, 181, 10240, 2, 6829, 2690, 1, 567, 756, 0, 224, 54290, 550, 3, 7, 8393, 2, 375, 3, 33137, 11485, 21223, 0, 0, 30, 5078, 5169, 9609, 82, 0, 0, 17, 21, 34, 2, 54883, 46862, 49932, 1, 0, 0, 377,-
35,r1,2, 1061156, 1031,"  103124:	e51b3018 	ldr	r3, [fp, #-24]	; 0xffffffe8",benign, 952, 184, 10263, 3, 6848, 2694, 1, 567, 756, 0, 212, 53876, 550, 3, 7, 8861, 2, 376, 3, 33619, 11939, 21231, 0, 0, 30, 5432, 4800, 9611, 78, 0, 0, 17, 20, 34, 2, 53772, 47432, 50493, 1, 0, 0, 373,-
36,r0,2, 1058195, 1031,"  102590:	e1a03163 	ror	r3, r3, #2",benign, 1123, 393, 10251, 2, 6841, 2688, 1, 567, 756, 0, 222, 54328, 550, 3, 7, 8651, 2, 379, 3, 33152, 11398, 21211, 0, 0, 30, 5203, 5028, 9597, 80, 0, 0, 17, 20, 34, 2, 54769, 47355, 50407, 1, 0, 0, 374,-
37,r1,25, 1057065, 1029,"  102128:	e51b3014 	ldr	r3, [fp, #-20]	; 0xffffffec",benign, 890, 197, 10253, 2, 6843, 2688, 1, 567, 756, 0, 227, 54174, 550, 3, 7, 8157, 2, 379, 3, 33010, 11383, 21235, 0, 0, 30, 5074, 5164, 9602, 80, 0, 0, 17, 20, 34, 2, 54616, 46685, 49732, 1, 0, 0, 377,-
39,r3,19, 1058958, 1030,"  10288c:	e50b3018 	str	r3, [fp, #-24]	; 0xffffffe8",benign, 797, 17, 10249, 34, 6827, 2688, 4, 567, 756, 0, 223, 54294, 550, 3, 7, 8610, 2, 376, 3, 33659, 11990, 21241, 0, 0, 30, 5071, 5163, 9598, 78, 0, 0, 17, 21, 34, 2, 55247, 46995, 50009, 1, 0, 0, 374,-
40,r3,24, 1059095, 1029,"  102914:	e50b300c 	str	r3, [fp, #-12]",benign, 947, 185, 10230, 2, 6828, 2689, 1, 567, 756, 0, 221, 55257, 550, 3, 7, 8613, 2, 376, 3, 33372, 11625, 21217, 0, 0, 30, 5076, 5155, 9601, 78, 0, 0, 17, 21, 34, 2, 54735, 47304, 50482, 1, 0, 0, 374,-
41,r3,20, 1055138, 1032,"  1019a0:	e51b301c 	ldr	r3, [fp, #-28]	; 0xffffffe4",benign, 802, 182, 10235, 2, 6840, 2688, 1, 567, 756, 0, 223, 54460, 550, 3, 7, 8032, 2, 379, 3, 33212, 11475, 21228, 0, 0, 30, 5193, 5041, 9605, 81, 0, 0, 17, 20, 34, 2, 54786, 47079, 50123, 1, 0, 0, 377,-
42,r0,3, 1059697, 1028,"  102b70:	e50b3020 	str	r3, [fp, #-32]	; 0xffffffe0",benign, 967, 185, 10252, 2, 6840, 2688, 1, 567, 756, 0, 222, 54710, 550, 3, 7, 8767, 2, 379, 3, 33389, 11715, 21211, 0, 0, 30, 5181, 5046, 9596, 78, 0, 0, 17, 20, 34, 2, 55166, 47101, 50146, 1, 0, 0, 377,-
43,r2,11, 1061228, 1028,"  10316c:	e5832054 	str	r2, [r3, #84]	; 0x54",benign, 1048, 284, 10249, 3, 6841, 2693, 1, 567, 756, 0, 225, 54228, 550, 3, 7, 7574, 2, 376, 3, 32837, 11187, 21203, 0, 0, 30, 5038, 5182, 9608, 81, 0, 0, 20, 22, 36, 5, 54672, 45993, 49012, 1, 0, 0, 376,-
44,r2,13, 1056071, 1027,"  101d44:	e50b301c 	str	r3, [fp, #-28]	; 0xffffffe4",benign, 834, 194, 10236, 2, 6847, 2690, 1, 567, 756, 0, 222, 54737, 550, 3, 7, 8017, 2, 376, 3, 33079, 11407, 21213, 0, 0, 30, 5071, 5160, 9598, 79, 0, 0, 17, 20, 34, 2, 54784, 47038, 50062, 1, 0, 0, 373,-
45,r0,7, 1055185, 1028,"  1019d0:	e51b3010 	ldr	r3, [fp, #-16]",benign, 813, 191, 10238, 2, 6844, 2688, 1, 567, 756, 0, 225, 54539, 550, 3, 7, 8344, 2, 379, 3, 33440, 11748, 21214, 0, 0, 30, 5068, 5160, 9625, 78, 0, 0, 17, 20, 34, 2, 54892, 46956, 49983, 1, 0, 0, 374,-
46,r3,31, 1055651, 1033,"  101ba0:	e1a02de3 	ror	r2, r3, #27",benign, 849, 203, 10224, 2, 6820, 2686, 1, 567, 756, 0, 221, 54491, 550, 3, 7, 8573, 2, 379, 3, 32653, 11048, 21212, 0, 0, 30, 5066, 5169, 9601, 78, 0, 0, 17, 20, 34, 2, 54710, 46973, 50179, 1, 0, 0, 376,-
47,r0,3, 1059250, 1026,"  1029b0:	e0822003 	add	r2, r2, r3",benign, 950, 185, 10246, 2, 6836, 2689, 1, 567, 756, 0, 222, 54396, 550, 3, 7, 8449, 2, 376, 3, 33082, 11380, 21241, 0, 0, 30, 5315, 4925, 9603, 81, 0, 0, 17, 20, 34, 2, 54984, 47468, 50726, 1, 0, 0, 374,-
48,r0,10, 1054657, 1027,"  1017c0:	e51b300c 	ldr	r3, [fp, #-12]",benign, 798, 185, 10241, 2, 6836, 2686, 1, 567, 756, 0, 226, 54205, 550, 3, 7, 8312, 2, 376, 3, 33335, 11588, 21210, 0, 0, 30, 5291, 4950, 9621, 80, 0, 0, 17, 20, 34, 2, 54709, 46702, 49775, 1, 0, 0, 373,-
49,r2,23, 1054046, 1030,"  10155c:	e51b3018 	ldr	r3, [fp, #-24]	; 0xffffffe8",benign, 773, 182, 10223, 2, 6825, 2689, 1, 567, 756, 0, 221, 54090, 550, 3, 7, 8460, 2, 379, 3, 32721, 11050, 21199, 0, 0, 30, 5084, 5179, 9603, 78, 0, 0, 17, 20, 34, 2, 54650, 46660, 49849, 1, 0, 0, 374,-
50,r2,5, 1055687, 1028,"  101bc4:	e51b30c8 	ldr	r3, [fp, #-200]	; 0xffffff38",benign, 833, 182, 10234, 2, 6826, 2688, 3, 567, 756, 0, 221, 54304, 550, 3, 7, 8363, 2, 379, 3, 33020, 11346, 21230, 0, 0, 30, 5058, 5171, 9599, 79, 0, 0, 17, 20, 34, 2, 54722, 46459, 49543, 1, 0, 0, 410,-
51,r1,26, 1057682, 1029,"  102390:	e50b301c 	str	r3, [fp, #-28]	; 0xffffffe4",benign, 898, 182, 10252, 2, 6844, 2688, 1, 567, 756, 0, 223, 54826, 550, 3, 7, 8510, 2, 379, 3, 33373, 11691, 21247, 0, 0, 30, 5066, 5157, 9597, 79, 0, 0, 17, 20, 34, 2, 55160, 47169, 50163, 1, 0, 0, 374,-
52,r1,7, 1058251, 1028,"  1025c8:	e51b3018 	ldr	r3, [fp, #-24]	; 0xffffffe8",benign, 909, 182, 10244, 2, 6829, 2690, 1, 567, 756, 0, 226, 55186, 550, 3, 7, 8610, 2, 378, 3, 33672, 11994, 21218, 0, 0, 30, 5078, 5166, 9598, 81, 0, 0, 17, 20, 34, 2, 54923, 47631, 50619, 1, 0, 0, 374,-
53,r1,9, 1053310, 1031,"  10127c:	e50b3018 	str	r3, [fp, #-24]	; 0xffffffe8",benign, 758, 182, 10231, 2, 6838, 2690, 1, 567, 756, 0, 225, 53861, 550, 3, 7, 7705, 2, 376, 3, 32867, 11134, 21218, 0, 0, 30, 5074, 5159, 9608, 80, 0, 0, 17, 20, 34, 2, 54615, 46534, 49492, 1, 0, 0, 377,-
54,r0,14, 1052014, 1028,"  100d6c:	e51b3020 	ldr	r3, [fp, #-32]	; 0xffffffe0",benign, 716, 182, 10224, 2, 6836, 2689, 1, 567, 756, 0, 225, 54542, 550, 3, 7, 7868, 2, 376, 3, 33097, 11366, 21211, 0, 0, 30, 5075, 5154, 9601, 79, 0, 0, 17, 21, 34, 2, 54631, 46834, 49868, 1, 0, 0, 376,-
55,r1,5, 1058831, 1034,"  10280c:	e0823003 	add	r3, r2, r3",benign, 927, 182, 10249, 2, 6841, 2688, 1, 567, 756, 0, 222, 54544, 550, 3, 7, 8891, 2, 376, 3, 33408, 11673, 21226, 0, 0, 30, 5200, 5033, 9599, 80, 0, 0, 20, 22, 36, 2, 54813, 47407, 50466, 1, 0, 0, 374,-
56,r3,30, 1051358, 1030,"  100adc:	e0822003 	add	r2, r2, r3",benign, 697, 184, 10225, 2, 6829, 2690, 3, 567, 756, 0, 237, 54283, 550, 3, 7, 7944, 2, 375, 3, 33153, 11463, 21243, 0, 0, 30, 5206, 5026, 9598, 79, 0, 0, 17, 21, 34, 2, 54820, 46630, 49671, 1, 0, 0, 374,-
57,r0,13, 1053762, 1027,"  101440:	e50b3020 	str	r3, [fp, #-32]	; 0xffffffe0",benign, 769, 181, 10225, 2, 6840, 2689, 1, 567, 756, 0, 222, 54554, 550, 3, 7, 8088, 2, 379, 3, 33520, 11804, 21227, 0, 0, 30, 5084, 5165, 9613, 81, 0, 0, 17, 21, 34, 2, 54557, 46809, 49794, 1, 0, 0, 384,-
58,r2,10, 1060484, 1030,"  102e84:	e51b300c 	ldr	r3, [fp, #-12]",benign, 958, 185, 10249, 3, 6840, 2688, 1, 567, 756, 0, 229, 54346, 550, 3, 7, 7602, 2, 376, 3, 33067, 11401, 21192, 0, 0, 30, 5205, 5033, 9606, 77, 0, 0, 17, 20, 34, 5, 55249, 45860, 48873, 1, 0, 0, 374,-
59,r2,28, 1058287, 1028,"  1025ec:	e3483f1b 	movt	r3, #36635	; 0x8f1b",benign, 926, 185, 10230, 2, 6820, 2688, 1, 567, 756, 0, 221, 54650, 550, 3, 7, 8387, 2, 542, 3, 33636, 11938, 21234, 0, 0, 30, 5066, 5172, 9596, 79, 0, 0, 17, 20, 34, 2, 55563, 47394, 50423, 1, 0, 0, 374,-
60,r3,16, 1051802, 1029,"  100c98:	e51b3010 	ldr	r3, [fp, #-16]",benign, 720, 184, 10249, 2, 6847, 2689, 1, 567, 756, 0, 226, 53829, 550, 3, 7, 7793, 2, 376, 3, 32746, 10978, 21204, 0, 0, 30, 5212, 5022, 9600, 79, 0, 0, 20, 21, 36, 2, 54745, 46902, 49896, 1, 0, 0, 374,-
61,r0,14, 1058012, 1033,"  1024dc:	e0822003 	add	r2, r2, r3",benign, 879, 184, 10244, 3, 6839, 2688, 1, 567, 756, 0, 222, 54687, 550, 3, 7, 7998, 2, 375, 3, 32979, 11242, 21196, 0, 0, 30, 5202, 5038, 9605, 82, 0, 0, 17, 20, 34, 5, 54551, 45708, 48743, 1, 0, 0, 376,-
62,r2,9, 1057914, 1026,"  102478:	e3483f1b 	movt	r3, #36635	; 0x8f1b",benign, 905, 185, 10228, 2, 6822, 2689, 1, 567, 756, 0, 223, 55019, 550, 3, 7, 8426, 2, 376, 3, 33568, 11896, 21226, 0, 0, 30, 5205, 5028, 9605, 80, 0, 0, 17, 20, 34, 2, 54939, 46894, 49923, 1, 0, 0, 377,-
63,r1,21, 1056572, 1027,"  101f3c:	e50b3018 	str	r3, [fp, #-24]	; 0xffffffe8",benign, 837, 182, 10261, 3, 6860, 2692, 1, 567, 756, 0, 226, 54202, 550, 3, 7, 8153, 2, 376, 3, 32991, 11330, 21178, 0, 0, 30, 5051, 5179, 9608, 79, 0, 0, 17, 20, 34, 2, 53567, 46656, 49673, 1, 0, 0, 377,-
64,r3,29, 1057191, 1034,"  1021a4:	e51b3014 	ldr	r3, [fp, #-20]	; 0xffffffec",benign, 891, 185, 10275, 2, 6858, 2691, 1, 567, 756, 0, 219, 54083, 550, 3, 7, 8077, 2, 376, 3, 33124, 11481, 21226, 0, 0, 30, 5062, 5164, 9601, 78, 0, 0, 17, 21, 34, 2, 55366, 47153, 50306, 1, 0, 0, 377,-
65,r3,23, 1052486, 1024,"  100f44:	e51b300c 	ldr	r3, [fp, #-12]",benign, 737, 182, 10255, 2, 6849, 2688, 1, 567, 756, 0, 223, 53963, 550, 3, 7, 8142, 2, 376, 3, 33100, 11388, 21214, 0, 0, 30, 5317, 4913, 9597, 78, 0, 0, 17, 20, 34, 2, 55045, 46679, 49723, 1, 0, 0, 374,-
66,r1,5, 1060074, 1027,"  102ce8:	e1a02de3 	ror	r2, r3, #27",benign, 967, 184, 10253, 2, 6838, 2688, 1, 567, 756, 0, 225, 54748, 550, 3, 7, 8819, 2, 379, 3, 33352, 11647, 21209, 0, 0, 30, 5067, 5159, 9599, 80, 0, 0, 20, 21, 36, 2, 55003, 46969, 50045, 1, 0, 0, 377,-
67,r1,24, 1056290, 1030,"  101e20:	e51b30b4 	ldr	r3, [fp, #-180]	; 0xffffff4c",benign, 855, 185, 10233, 2, 6839, 2687, 1, 567, 756, 0, 222, 54848, 550, 3, 7, 8149, 2, 379, 3, 33208, 11482, 21212, 0, 0, 30, 5150, 5091, 9618, 79, 0, 0, 17, 21, 34, 2, 54547, 46140, 49318, 1, 0, 0, 377,-
68,r1,4, 1056965, 1030,"  1020c4:	e50b3010 	str	r3, [fp, #-16]",benign, 870, 184, 10249, 2, 6840, 2688, 1, 567, 756, 0, 222, 54184, 550, 3, 7, 8735, 2, 379, 3, 33131, 11419, 21201, 0, 0, 30, 5061, 5154, 9590, 79, 0, 0, 17, 20, 34, 2, 54718, 46791, 49787, 1, 0, 0, 376,-
69,r3,9, 1058621, 1030,"  10273c:	e51b3018 	ldr	r3, [fp, #-24]	; 0xffffffe8",benign, 924, 185, 10274, 2, 6845, 2687, 1, 567, 756, 0, 223, 54274, 550, 3, 7, 8667, 2, 375, 3, 33072, 11366, 21218, 0, 0, 30, 5321, 4917, 9619, 80, 0, 0, 17, 21, 34, 2, 55424, 47153, 50188, 1, 0, 0, 374,-
70,r0,8, 1054225, 1028,"  101610:	e51b300c 	ldr	r3, [fp, #-12]",benign, 783, 182, 10246, 2, 6841, 2688, 1, 567, 756, 0, 224, 54395, 550, 3, 7, 8223, 2, 379, 3, 33300, 11732, 21231, 0, 0, 30, 5078, 5162, 9605, 79, 0, 0, 17, 20, 34, 2, 54872, 46807, 49845, 1, 0, 0, 374,-
71,r3,15, 1057826, 1031,"  102420:	e50b3014 	str	r3, [fp, #-20]	; 0xffffffec",benign, 898, 185, 10236, 2, 6824, 2689, 1, 567, 756, 0, 226, 54744, 550, 3, 7, 8522, 2, 376, 3, 33548, 11826, 21229, 0, 0, 30, 5203, 5024, 9599, 81, 0, 0, 17, 20, 34, 2, 55393, 46760, 49751, 1, 0, 0, 377,-
72,r3,6, 1059006, 1034,"  1028bc:	e0211003 	eor	r1, r1, r3",benign, 937, 181, 10237, 2, 6832, 2690, 1, 567, 756, 0, 220, 54387, 550, 3, 7, 8257, 2, 433, 3, 33629, 11917, 21209, 0, 0, 30, 5203, 5025, 9608, 80, 0, 0, 17, 20, 34, 2, 54754, 46845, 49887, 1, 0, 0, 377,-
73,r2,5, 1055933, 1028,"  101cbc:	e0823003 	add	r3, r2, r3",benign, 839, 181, 10220, 2, 6819, 2688, 1, 567, 756, 0, 233, 54209, 550, 3, 7, 8399, 2, 376, 3, 32856, 11202, 21214, 0, 0, 30, 5194, 5039, 9595, 79, 0, 0, 17, 20, 34, 2, 54975, 46605, 49623, 1, 0, 0, 377,-
74,r2,2, 1059028, 1033,"  1028d4:	e51b3058 	ldr	r3, [fp, #-88]	; 0xffffffa8",benign, 909, 181, 10215, 3, 6820, 2689, 1, 567, 756, 0, 216, 53227, 550, 3, 7, 8727, 2, 376, 3, 32105, 10385, 21204, 0, 0, 30, 5058, 5181, 9607, 81, 0, 0, 17, 20, 34, 6, 54894, 45878, 48860, 1, 0, 0, 374,-
75,r1,15, 1051507, 1028,"  100b70:	e51b3014 	ldr	r3, [fp, #-20]	; 0xffffffec",benign, 698, 182, 10252, 2, 6850, 2689, 1, 567, 756, 0, 220, 53895, 550, 3, 7, 7812, 3, 386, 3, 33039, 11300, 21216, 0, 0, 30, 5077, 5157, 9604, 80, 0, 0, 17, 22, 34, 2, 53696, 46592, 49701, 1, 0, 0, 377,-
76,r3,31, 1059822, 1037,"  102bec:	e50b3018 	str	r3, [fp, #-24]	; 0xffffffe8",benign, 954, 182, 10219, 2, 6815, 2686, 4, 567, 756, 0, 225, 54401, 550, 3, 7, 8379, 2, 379, 3, 33312, 11584, 21218, 0, 0, 30, 5057, 5169, 9600, 81, 0, 0, 20, 22, 36, 2, 54784, 47155, 50210, 1, 0, 0, 377,-
78,r0,15, 1058470, 1033,"  1026a4:	e51b3018 	ldr	r3, [fp, #-24]	; 0xffffffe8",benign, 789, 1, 10272, 2, 6878, 2689, 1, 567, 756, 0, 222, 54385, 550, 3, 7, 8430, 2, 376, 3, 33348, 11644, 21236, 0, 0, 30, 5079, 5140, 9600, 80, 0, 0, 20, 21, 36, 2, 55207, 47267, 50282, 1, 0, 0, 377,-
79,r3,21, 1056250, 1026,"  101df8:	e1811003 	orr	r1, r1, r3",benign, 854, 185, 10233, 2, 6820, 2687, 1, 567, 756, 0, 220, 54467, 550, 3, 7, 8224, 2, 379, 3, 33065, 11324, 21219, 0, 0, 30, 5172, 5327, 9603, 80, 0, 0, 17, 21, 34, 2, 55044, 46589, 49624, 1, 0, 0, 377,-
80,r2,8, 1059856, 1030,"  102c10:	e1a02de3 	ror	r2, r3, #27",benign, 940, 182, 10254, 3, 6843, 2689, 1, 567, 756, 0, 221, 54262, 550, 3, 7, 8671, 2, 378, 3, 32769, 11052, 21231, 0, 0, 30, 5072, 5160, 9613, 79, 0, 0, 17, 20, 34, 2, 53622, 47056, 50174, 1, 0, 0, 373,-
81,r1,17, 1061047, 1033,"  1030b4:	e5933018 	ldr	r3, [r3, #24]",benign, 972, 185, 10266, 2, 6844, 2691, 1, 567, 756, 0, 223, 54718, 550, 3, 7, 8815, 2, 376, 3, 33370, 11690, 21255, 0, 0, 30, 5058, 5184, 9608, 79, 0, 0, 17, 22, 34, 2, 55359, 47568, 50658, 1, 0, 0, 374,-
82,r1,19, 1055354, 1032,"  101a78:	e51b301c 	ldr	r3, [fp, #-28]	; 0xffffffe4",benign, 815, 182, 10253, 2, 6847, 2687, 1, 567, 756, 0, 222, 53807, 550, 3, 7, 8424, 2, 376, 3, 33130, 11491, 21242, 0, 0, 30, 5053, 5171, 9599, 80, 0, 0, 17, 21, 34, 2, 54605, 47011, 50044, 1, 0, 0, 376,-
83,r0,15, 1055481, 1032,"  101af8:	e3463ed9 	movt	r3, #28377	; 0x6ed9",benign, 831, 184, 10261, 2, 6857, 2692, 1, 567, 756, 0, 223, 54433, 550, 3, 7, 8369, 2, 376, 3, 33441, 11744, 21225, 0, 0, 30, 5049, 5184, 9606, 81, 0, 0, 17, 21, 34, 2, 54582, 46498, 49537, 1, 0, 0, 376,-
84,r3,1, 1055994, 1031,"  101cf8:	e51b1014 	ldr	r1, [fp, #-20]	; 0xffffffec",benign, 835, 192, 10238, 2, 6845, 2689, 1, 567, 756, 0, 222, 54374, 550, 3, 7, 8419, 2, 375, 3, 33261, 11521, 21204, 0, 0, 30, 5171, 5054, 9597, 79, 0, 0, 17, 21, 34, 2, 54644, 47005, 50052, 1, 0, 0, 377,-
85,r0,25, 1059011, 1030,"  1028c0:	e51b3018 	ldr	r3, [fp, #-24]	; 0xffffffe8",benign, 933, 183, 10235, 2, 6844, 2688, 1, 567, 756, 0, 226, 54639, 550, 3, 7, 8960, 2, 376, 3, 33835, 12083, 21216, 0, 0, 30, 5215, 5027, 9594, 79, 0, 0, 17, 21, 34, 2, 54808, 46897, 49958, 1, 0, 0, 373,-
86,r2,24, 1058602, 1026,"  102728:	e0822003 	add	r2, r2, r3",benign, 914, 185, 10225, 2, 6830, 2688, 1, 567, 756, 0, 222, 54510, 550, 3, 7, 9004, 2, 378, 3, 33453, 11830, 21225, 0, 0, 30, 5071, 5166, 9600, 80, 0, 0, 17, 21, 34, 2, 55420, 47391, 50443, 1, 0, 0, 376,-
87,r0,31, 1057979, 1032,"  1024b8:	e51b1014 	ldr	r1, [fp, #-20]	; 0xffffffec",benign, 901, 185, 10262, 2, 6849, 2691, 1, 567, 756, 0, 228, 54750, 550, 3, 7, 8270, 2, 378, 3, 33058, 11296, 21236, 0, 0, 30, 5204, 5040, 9608, 80, 0, 0, 20, 21, 36, 2, 54761, 46727, 49766, 1, 0, 0, 374,-
88,r0,31, 1057743, 1027,"  1023cc:	e51b3010 	ldr	r3, [fp, #-16]",benign, 899, 181, 10255, 2, 6840, 2688, 1, 567, 756, 0, 217, 54406, 550, 3, 7, 8309, 2, 379, 3, 32944, 11249, 21216, 0, 0, 30, 5218, 5023, 9600, 79, 0, 0, 17, 20, 34, 2, 55177, 47017, 50069, 1, 0, 0, 374,-
89,r0,21, 1051021, 1029,"  10098c:	e1a03103 	lsl	r3, r3, #2",benign, 686, 185, 10225, 2, 6837, 2687, 1, 567, 756, 0, 223, 54179, 550, 3, 7, 7869, 2, 375, 3, 32485, 10909, 21233, 0, 0, 30, 5082, 5163, 9599, 82, 0, 0, 17, 20, 34, 2, 54234, 46546, 49726, 1, 0, 0, 373,-
90,r1,9, 1059347, 1027,"  102a10:	e51b301c 	ldr	r3, [fp, #-28]	; 0xffffffe4",benign, 950, 185, 10253, 2, 6847, 2689, 1, 567, 756, 0, 229, 54827, 550, 3, 7, 8575, 2, 376, 3, 33462, 11719, 21221, 0, 0, 30, 5065, 5155, 9596, 79, 0, 0, 17, 21, 34, 2, 54782, 47113, 50139, 1, 0, 0, 376,-
91,r2,3, 1054262, 1028,"  101634:	e51b3018 	ldr	r3, [fp, #-24]	; 0xffffffe8",benign, 785, 185, 10229, 2, 6826, 2687, 1, 567, 756, 0, 222, 54345, 550, 3, 7, 8348, 2, 376, 3, 33112, 11350, 21217, 0, 0, 30, 5211, 5029, 9598, 79, 0, 0, 17, 20, 34, 2, 54485, 47007, 50016, 1, 0, 0, 377,-
92,r2,12, 1058899, 1025,"  102850:	e0211003 	eor	r1, r1, r3",benign, 931, 182, 10249, 2, 6826, 2690, 1, 567, 756, 0, 219, 54498, 550, 3, 7, 8373, 2, 377, 3, 33625, 11992, 21248, 0, 0, 30, 5071, 5153, 9602, 78, 0, 0, 17, 20, 34, 2, 54914, 47313, 50352, 1, 0, 0, 373,-
93,r3,1, 1050977, 1030,"  100960:	e24ddf5a 	sub	sp, sp, #360	; 0x168",benign, 673, 182, 10231, 2, 6837, 2690, 1, 567, 756, 0, 214, 53859, 550, 3, 7, 7896, 2, 379, 3, 32585, 10997, 21218, 0, 0, 30, 5064, 5159, 9594, 77, 0, 0, 17, 20, 34, 2, 54568, 46199, 49248, 1, 0, 0, 373,-
94,r2,8, 1053122, 1028,"  1011c0:	e51b3010 	ldr	r3, [fp, #-16]",benign, 751, 182, 10231, 2, 6834, 2688, 1, 567, 756, 0, 224, 54055, 550, 3, 7, 7837, 2, 378, 3, 32913, 11176, 21228, 0, 0, 30, 5077, 5166, 9605, 80, 0, 0, 17, 21, 34, 2, 54818, 46629, 49671, 1, 0, 0, 377,-
95,r3,9, 1058230, 1026,"  1025b4:	e51b3018 	ldr	r3, [fp, #-24]	; 0xffffffe8",benign, 913, 195, 10247, 2, 6845, 2689, 1, 567, 756, 0, 222, 54147, 550, 3, 7, 8536, 2, 379, 3, 33475, 11804, 21232, 0, 0, 30, 5052, 5180, 9592, 78, 0, 0, 17, 20, 34, 2, 55617, 47275, 50329, 1, 0, 0, 374,-
96,r1,17, 1053524, 1030,"  101354:	e3453a82 	movt	r3, #23170	; 0x5a82",benign, 740, 184, 10233, 3, 6845, 2688, 1, 567, 756, 0, 210, 53133, 550, 3, 7, 8201, 2, 376, 3, 31749, 10131, 21182, 0, 0, 30, 5069, 5165, 9602, 79, 0, 0, 17, 20, 34, 2, 53666, 46561, 49505, 1, 0, 0, 377,-
97,r1,19, 1053004, 1033,"  10114c:	e1e00003 	mvn	r0, r3",benign, 722, 182, 10240, 3, 6835, 2693, 1, 567, 756, 0, 223, 53701, 550, 3, 7, 7859, 2, 375, 3, 33018, 11320, 21230, 0, 0, 30, 5082, 5156, 9614, 78, 0, 0, 17, 21, 34, 5, 54579, 46318, 49486, 1, 0, 0, 374,-
98,r1,13, 1051367, 1030,"  100ae4:	e3453a82 	movt	r3, #23170	; 0x5a82",benign, 689, 181, 10226, 2, 6840, 2688, 1, 567, 756, 0, 217, 54352, 550, 3, 7, 7961, 2, 375, 3, 33220, 11551, 21222, 0, 0, 30, 5168, 5059, 9610, 78, 0, 0, 17, 20, 34, 2, 54742, 46447, 49467, 1, 0, 0, 374,-
99,r3,27, 1055830, 1032,"  101c54:	e50b3018 	str	r3, [fp, #-24]	; 0xffffffe8",benign, 840, 185, 10217, 2, 6827, 2689, 1, 567, 756, 0, 223, 54014, 550, 3, 7, 8167, 2, 379, 3, 33589, 11838, 21243, 0, 0, 30, 5182, 5040, 9596, 79, 0, 0, 17, 20, 34, 2, 54811, 46707, 49778, 1, 0, 0, 374,-
100,r1,2, 1058275, 1031,"  1025e0:	e51b3074 	ldr	r3, [fp, #-116]	; 0xffffff8c",benign, 912, 182, 10244, 2, 6841, 2689, 1, 567, 756, 0, 226, 54564, 550, 3, 7, 8336, 2, 378, 3, 33288, 11623, 21225, 0, 0, 30, 5074, 5160, 9604, 79, 0, 0, 17, 21, 34, 2, 55208, 47120, 50101, 1, 0, 0, 377,-
101,r3,28, 1051054, 1029,"  1009ac:	e51b3008 	ldr	r3, [fp, #-8]",benign, 674, 185, 10243, 2, 6842, 2690, 1, 567, 756, 0, 228, 54033, 550, 3, 7, 7597, 2, 376, 3, 32869, 11161, 21224, 0, 0, 30, 5210, 5041, 9610, 80, 0, 0, 17, 20, 34, 2, 54238, 46435, 49666, 1, 0, 0, 376,-
102,r0,0, 1054684, 1028,"  1017dc:	e51b3014 	ldr	r3, [fp, #-20]	; 0xffffffec",benign, 770, 182, 10245, 3, 6841, 2690, 1, 567, 756, 0, 221, 54248, 550, 3, 7, 7848, 3, 388, 3, 32666, 10930, 21184, 0, 0, 30, 5070, 5143, 9606, 77, 0, 0, 17, 20, 34, 5, 54374, 47071, 50086, 1, 0, 0, 377,-
103,r3,28, 1060575, 1034,"  102edc:	e51b3168 	ldr	r3, [fp, #-360]	; 0xfffffe98",benign, 984, 184, 10253, 2, 6844, 2690, 1, 567, 756, 0, 231, 54907, 550, 3, 7, 8699, 2, 379, 3, 33461, 11768, 21232, 0, 0, 30, 5053, 5189, 9601, 78, 0, 0, 17, 20, 34, 2, 54992, 47689, 50781, 1, 0, 0, 377,-
104,r2,24, 1051563, 1031,"  100ba8:	e51b3010 	ldr	r3, [fp, #-16]",benign, 709, 185, 10220, 2, 6826, 2689, 1, 567, 756, 0, 224, 54146, 550, 3, 7, 8013, 2, 376, 3, 33133, 11482, 21211, 0, 0, 30, 5077, 5142, 9602, 78, 0, 0, 17, 20, 34, 2, 54069, 47162, 50124, 1, 0, 0, 374,-
105,r3,16, 1060716, 1033,"  102f6c:	e30e31f0 	movw	r3, #57840	; 0xe1f0",benign, 633, 182, 10245, 2, 6844, 2686, 1, 567, 756, 0, 215, 53734, 550, 3, 7, 7711, 3, 386, 3, 32034, 10266, 21205, 0, 0, 30, 5216, 5033, 9608, 81, 0, 0, 17, 21, 34, 2, 53605, 46554, 49797, 1, 0, 0, 377,-
106,r3,4, 1060856, 1032,"  102ff8:	e51b3010 	ldr	r3, [fp, #-16]",benign, 640, 185, 10220, 3, 6837, 2686, 1, 567, 756, 0, 213, 53195, 550, 3, 7, 7494, 2, 378, 3, 32097, 10393, 21241, 0, 0, 30, 5063, 5163, 9589, 78, 0, 0, 17, 20, 34, 6, 53858, 45928, 48933, 1, 0, 0, 376,-
107,r2,11, 1058063, 1033,"  10250c:	e50b3018 	str	r3, [fp, #-24]	; 0xffffffe8",benign, 895, 185, 10236, 2, 6832, 2687, 1, 567, 756, 0, 223, 54426, 550, 3, 7, 8321, 2, 376, 3, 33189, 11496, 21220, 0, 0, 30, 5066, 5177, 9604, 78, 0, 0, 17, 20, 34, 2, 55088, 47122, 50316, 1, 0, 0, 374,-
109,r0,10, 1051727, 1034,"  100c4c:	e3453a82 	movt	r3, #23170	; 0x5a82",benign, 571, 0, 10252, 2, 6871, 2691, 1, 567, 756, 0, 227, 54750, 550, 3, 7, 7989, 2, 376, 3, 33040, 11346, 21240, 0, 0, 30, 5061, 5150, 9597, 80, 0, 0, 17, 20, 34, 2, 54295, 47116, 50148, 1, 0, 0, 374,-
110,r0,23, 1060337, 1031,"  102df0:	e34c3a62 	movt	r3, #51810	; 0xca62",benign, 975, 192, 10266, 2, 6852, 2690, 1, 567, 756, 0, 229, 54552, 550, 3, 7, 8783, 2, 379, 3, 33426, 11809, 21220, 0, 0, 30, 5067, 5159, 9607, 81, 0, 0, 17, 20, 34, 2, 55722, 47248, 50435, 1, 0, 0, 373,-
111,r2,17, 1052193, 1033,"  100e20:	e51b3144 	ldr	r3, [fp, #-324]	; 0xfffffebc",benign, 723, 192, 10227, 2, 6822, 2688, 1, 567, 756, 0, 219, 53986, 550, 3, 7, 7772, 2, 378, 3, 33354, 11612, 21230, 0, 0, 30, 5072, 5165, 9605, 79, 0, 0, 17, 21, 34, 2, 54765, 46656, 49658, 1, 0, 0, 377,-
112,r3,14, 1055726, 1028,"  101bec:	e51b3010 	ldr	r3, [fp, #-16]",benign, 838, 181, 10232, 2, 6841, 2691, 1, 567, 756, 0, 220, 54589, 550, 3, 7, 8065, 2, 376, 3, 32756, 10992, 21203, 0, 0, 30, 5058, 5184, 9611, 81, 0, 0, 17, 20, 34, 2, 54659, 47050, 50154, 1, 0, 0, 374,-
113,r1,15, 1051610, 1036,"  100bd8:	e0823003 	add	r3, r2, r3",benign, 710, 185, 10248, 2, 6844, 2689, 1, 567, 756, 0, 223, 54243, 550, 3, 7, 8073, 2, 376, 3, 32863, 11129, 21211, 0, 0, 30, 5055, 5172, 9602, 81, 0, 0, 17, 21, 34, 2, 54679, 46365, 49419, 1, 0, 0, 376,-
114,r0,27, 1053423, 1036,"  1012ec:	e50b301c 	str	r3, [fp, #-28]	; 0xffffffe4",benign, 762, 192, 10253, 2, 6848, 2689, 1, 567, 756, 0, 222, 54358, 550, 3, 7, 7916, 2, 376, 3, 33252, 11534, 21230, 0, 0, 30, 5071, 5168, 9602, 82, 0, 0, 17, 21, 34, 2, 54769, 46421, 49508, 1, 0, 0, 377,-
115,r0,0, 1053280, 1035,"  101260:	e3073999 	movw	r3, #31129	; 0x7999",benign, 734, 185, 10244, 3, 6843, 2687, 1, 567, 756, 0, 225, 53853, 550, 3, 7, 7355, 2, 376, 3, 32363, 10631, 21220, 0, 0, 30, 5309, 4919, 9601, 81, 0, 0, 17, 20, 34, 5, 54237, 46381, 49416, 1, 0, 0, 377,-
116,r3,14, 1055843, 1035,"  101c60:	e50b3014 	str	r3, [fp, #-20]	; 0xffffffec",benign, 823, 185, 10227, 2, 6822, 2686, 1, 567, 756, 0, 221, 54642, 550, 3, 7, 8552, 2, 376, 3, 33536, 11808, 21215, 0, 0, 30, 5176, 5044, 9599, 80, 0, 0, 17, 20, 34, 2, 54948, 46864, 49856, 1, 0, 0, 377,-
117,r3,15, 1055503, 1037,"  101b0c:	e51b3014 	ldr	r3, [fp, #-20]	; 0xffffffec",benign, 835, 182, 10226, 2, 6839, 2690, 1, 567, 756, 0, 228, 54483, 550, 3, 7, 8311, 2, 375, 3, 33155, 11426, 21213, 0, 0, 30, 5180, 5055, 9603, 80, 0, 0, 17, 20, 34, 2, 54919, 47019, 50027, 1, 0, 0, 377,-
118,r3,23, 1057649, 1030,"  102370:	e0822003 	add	r2, r2, r3",benign, 887, 182, 10242, 2, 6829, 2689, 3, 567, 756, 0, 223, 54455, 550, 3, 7, 8642, 2, 373, 3, 33490, 11806, 21228, 0, 0, 30, 5210, 5027, 9606, 79, 0, 0, 17, 21, 34, 2, 54666, 46986, 50188, 1, 0, 0, 387,-
119,r3,22, 1055804, 1032,"  101c3c:	e3463ed9 	movt	r3, #28377	; 0x6ed9",benign, 809, 182, 10241, 3, 6837, 2691, 4, 567, 756, 0, 221, 54169, 550, 3, 7, 7593, 2, 379, 3, 33341, 11594, 21202, 0, 0, 30, 5188, 5037, 9605, 81, 0, 0, 17, 21, 34, 6, 54541, 46192, 49168, 1, 0, 0, 374,-
120,r2,26, 1051908, 1033,"  100d04:	e51b1010 	ldr	r1, [fp, #-16]",benign, 681, 182, 10246, 3, 6845, 2689, 1, 567, 756, 0, 212, 53151, 550, 3, 7, 7933, 2, 379, 3, 32698, 10942, 21198, 0, 0, 30, 5081, 5140, 9608, 78, 0, 0, 17, 20, 34, 5, 54312, 46505, 49774, 1, 0, 0, 377,-
121,r3,17, 1060774, 1036,"  102fa4:	e28db004 	add	fp, sp, #4",benign, 666, 182, 10232, 2, 6839, 2689, 1, 567, 756, 0, 219, 54135, 550, 3, 7, 7582, 2, 376, 3, 32582, 10834, 21212, 0, 0, 30, 5241, 5324, 9601, 78, 0, 0, 17, 20, 34, 2, 54126, 46403, 49555, 1, 0, 0, 374,-
122,r2,17, 1058180, 1031,"  102584:	e51b3014 	ldr	r3, [fp, #-20]	; 0xffffffec",benign, 886, 184, 10251, 3, 6841, 2688, 1, 567, 756, 0, 208, 53741, 550, 3, 7, 8152, 2, 377, 3, 32266, 10608, 21201, 0, 0, 30, 5079, 5145, 9601, 78, 0, 0, 17, 20, 34, 2, 54279, 46492, 49525, 1, 0, 0, 373,-
123,r1,2, 1056430, 1033,"  101eac:	e0823003 	add	r3, r2, r3",benign, 842, 185, 10269, 2, 6859, 2688, 1, 567, 756, 0, 218, 54661, 550, 3, 7, 8456, 2, 379, 3, 32986, 11386, 21215, 0, 0, 30, 5072, 5154, 9600, 81, 0, 0, 17, 20, 34, 2, 54252, 47115, 50178, 1, 0, 0, 374,-
124,r3,30, 1055957, 1030,"  101cd4:	e51b3010 	ldr	r3, [fp, #-16]",benign, 830, 194, 10223, 2, 6835, 2687, 1, 567, 756, 0, 238, 54547, 550, 3, 7, 8450, 2, 379, 3, 33278, 11572, 21228, 0, 0, 30, 5200, 5041, 9608, 80, 0, 0, 17, 21, 34, 2, 54799, 47523, 50756, 1, 0, 0, 373,-
125,r2,0, 1057689, 1029,"  102398:	e50b3018 	str	r3, [fp, #-24]	; 0xffffffe8",benign, 888, 185, 10247, 2, 6847, 2687, 1, 567, 756, 0, 218, 54834, 550, 3, 7, 8305, 3, 386, 3, 33191, 11517, 21223, 0, 0, 30, 5205, 5025, 9601, 78, 0, 0, 20, 21, 36, 2, 55233, 47125, 50142, 1, 0, 0, 373,-
126,r2,16, 1055279, 1033,"  101a2c:	e51b3018 	ldr	r3, [fp, #-24]	; 0xffffffe8",benign, 802, 182, 10223, 2, 6837, 2688, 1, 567, 756, 0, 235, 54559, 550, 3, 7, 8665, 2, 376, 3, 33158, 11532, 21233, 0, 0, 30, 5059, 5173, 9600, 78, 0, 0, 17, 20, 34, 2, 54604, 47012, 50033, 1, 0, 0, 374,-
127,r1,6, 1056278, 1036,"  101e14:	e0822003 	add	r2, r2, r3",benign, 856, 185, 10255, 2, 6846, 2688, 1, 567, 756, 0, 223, 54664, 550, 3, 7, 8107, 2, 379, 3, 33130, 11420, 21210, 0, 0, 30, 5285, 4940, 9609, 78, 0, 0, 17, 20, 34, 2, 54621, 46656, 49680, 1, 0, 0, 375,-
128,r0,29, 1059927, 1034,"  102c54:	e51b3014 	ldr	r3, [fp, #-20]	; 0xffffffec",benign, 961, 182, 10278, 2, 6853, 2691, 1, 567, 756, 0, 220, 54629, 550, 3, 7, 8823, 3, 386, 3, 33324, 11665, 21263, 0, 0, 30, 5167, 5299, 9604, 80, 0, 0, 17, 20, 34, 2, 54999, 47165, 50156, 1, 0, 0, 373,-
129,r0,13, 1055800, 1030,"  101c38:	e30e3ba1 	movw	r3, #60321	; 0xeba1",benign, 807, 185, 10250, 3, 6841, 2687, 1, 567, 756, 0, 210, 53283, 550, 3, 7, 7870, 2, 376, 3, 32358, 10778, 21204, 0, 0, 30, 5050, 5174, 9601, 78, 0, 0, 17, 20, 34, 4, 54717, 46486, 49535, 1, 0, 0, 374,-
130,r2,23, 1060815, 1038,"  102fcc:	e51b3008 	ldr	r3, [fp, #-8]",benign, 677, 185, 10239, 2, 6847, 2687, 1, 567, 756, 0, 217, 53996, 550, 3, 7, 7784, 2, 376, 3, 32639, 10919, 21208, 0, 0, 30, 5078, 5174, 9608, 82, 0, 0, 17, 21, 34, 2, 54181, 46084, 49114, 1, 0, 0, 492,-
131,r3,10, 1059173, 1030,"  102964:	e50b3018 	str	r3, [fp, #-24]	; 0xffffffe8",benign, 930, 184, 10246, 2, 6830, 2689, 1, 567, 756, 0, 224, 54292, 550, 3, 7, 8543, 2, 376, 3, 33413, 11718, 21265, 0, 0, 30, 5051, 5179, 9606, 80, 0, 0, 17, 20, 34, 2, 54611, 47053, 50249, 1, 0, 0, 373,-
132,r3,5, 1052516, 1032,"  100f64:	e0011003 	and	r1, r1, r3",benign, 714, 185, 10213, 3, 6822, 2688, 1, 567, 756, 0, 210, 53352, 550, 3, 7, 8248, 2, 376, 3, 33082, 11378, 21185, 0, 0, 30, 5072, 5154, 9608, 79, 0, 0, 17, 20, 34, 5, 54215, 46431, 49553, 1, 0, 0, 374,-
133,r1,28, 1054909, 1035,"  1018bc:	e51b3018 	ldr	r3, [fp, #-24]	; 0xffffffe8",benign, 807, 185, 10240, 2, 6827, 2686, 1, 567, 756, 0, 220, 54019, 550, 3, 7, 8487, 2, 376, 3, 33239, 11536, 21262, 0, 0, 30, 5063, 5183, 9605, 84, 0, 0, 17, 20, 34, 2, 54842, 46569, 49560, 1, 0, 0, 459,-
134,r1,31, 1058173, 1029,"  10257c:	e51b3018 	ldr	r3, [fp, #-24]	; 0xffffffe8",benign, 902, 181, 10262, 2, 6848, 2689, 1, 567, 756, 0, 223, 54614, 550, 3, 7, 8739, 2, 376, 3, 33712, 11995, 21222, 0, 0, 30, 5073, 5160, 9599, 80, 0, 0, 17, 20, 34, 2, 54674, 46975, 49978, 1, 0, 0, 374,-
135,r0,10, 1054329, 1031,"  101678:	e50b3014 	str	r3, [fp, #-20]	; 0xffffffec",benign, 782, 184, 10248, 2, 6843, 2687, 1, 567, 756, 0, 218, 54211, 550, 3, 7, 8322, 2, 379, 3, 33023, 11304, 21186, 0, 0, 30, 5196, 5050, 9603, 81, 0, 0, 17, 20, 34, 2, 54812, 46602, 49605, 1, 0, 0, 374,-
136,r2,14, 1056224, 1034,"  101de0:	e51b3020 	ldr	r3, [fp, #-32]	; 0xffffffe0",benign, 827, 181, 10250, 3, 6849, 2689, 1, 567, 756, 0, 212, 53181, 550, 3, 7, 8175, 2, 501, 3, 33250, 11493, 21185, 0, 0, 30, 5077, 5141, 9618, 81, 0, 0, 17, 21, 34, 5, 54649, 46636, 49678, 1, 0, 0, 376,-
137,r1,10, 1058071, 1031,"  102514:	e1a03163 	ror	r3, r3, #2",benign, 906, 182, 10256, 2, 6842, 2687, 1, 567, 756, 0, 221, 54521, 550, 3, 7, 8560, 2, 379, 3, 33272, 11525, 21211, 0, 0, 30, 5200, 5027, 9596, 79, 0, 0, 17, 21, 34, 2, 55006, 47179, 50205, 1, 0, 0, 377,-
138,r0,24, 1059002, 1033,"  1028b8:	e51b3014 	ldr	r3, [fp, #-20]	; 0xffffffec",benign, 941, 185, 10257, 2, 6845, 2688, 1, 567, 756, 0, 232, 54816, 550, 3, 7, 8296, 2, 379, 3, 33296, 11539, 21195, 0, 0, 30, 5066, 5175, 9608, 82, 0, 0, 17, 21, 34, 2, 55261, 47063, 50035, 1, 0, 0, 374,-
139,r3,24, 1053445, 1032,"  101304:	e51b300c 	ldr	r3, [fp, #-12]",benign, 760, 183, 10247, 2, 6843, 2689, 1, 567, 756, 0, 224, 54355, 550, 3, 7, 7991, 2, 379, 3, 33049, 11402, 21213, 0, 0, 30, 5061, 5170, 9601, 81, 0, 0, 17, 20, 34, 2, 54445, 46918, 49905, 1, 0, 0, 374,-
140,r2,10, 1057344, 1036,"  102240:	e50b300c 	str	r3, [fp, #-12]",benign, 864, 185, 10261, 3, 6845, 2690, 1, 567, 756, 0, 222, 54367, 550, 3, 7, 7398, 2, 577, 3, 33015, 11279, 21196, 0, 0, 30, 5194, 5049, 9605, 80, 0, 0, 17, 20, 34, 2, 53898, 46822, 49807, 1, 0, 0, 374,-
141,r2,3, 1058114, 1034,"  102540:	e51b3010 	ldr	r3, [fp, #-16]",benign, 900, 181, 10231, 2, 6824, 2689, 1, 567, 756, 0, 221, 54199, 550, 3, 7, 8662, 2, 375, 3, 33396, 11678, 21223, 0, 0, 30, 5062, 5163, 9598, 78, 0, 0, 17, 20, 34, 2, 54781, 46960, 49945, 1, 0, 0, 377,-
142,r0,24, 1053136, 1033,"  1011d0:	e1813003 	orr	r3, r1, r3",benign, 720, 182, 10237, 3, 6839, 2688, 3, 567, 756, 0, 212, 53880, 550, 3, 7, 8025, 2, 379, 3, 32484, 10799, 21255, 0, 0, 30, 5199, 5034, 9604, 80, 0, 0, 17, 20, 34, 2, 54297, 46367, 49426, 1, 0, 0, 374,-
143,r0,5, 1054346, 1041,"  101688:	e50b300c 	str	r3, [fp, #-12]",benign, 794, 182, 10244, 2, 6846, 2689, 1, 567, 756, 0, 223, 54005, 550, 3, 7, 8193, 2, 377, 3, 32870, 11189, 21197, 0, 0, 30, 5062, 5165, 9601, 79, 0, 0, 17, 21, 34, 2, 54386, 46612, 49616, 1, 0, 0, 386,-
144,r2,17, 1050990, 1036,"  10096c:	e3400011 	movt	r0, #17",benign, 672, 182, 10246, 2, 6845, 2691, 1, 567, 756, 0, 215, 53679, 550, 3, 7, 7604, 2, 485, 3, 32430, 10817, 21215, 0, 0, 30, 5051, 5167, 9594, 77, 0, 0, 17, 20, 34, 2, 54496, 46623, 49879, 1, 0, 0, 376,-
145,r1,29, 1055198, 1029,"  1019dc:	e51b300c 	ldr	r3, [fp, #-12]",benign, 813, 182, 10242, 2, 6848, 2689, 1, 567, 756, 0, 224, 54517, 550, 3, 7, 8103, 2, 378, 3, 32733, 11067, 21211, 0, 0, 30, 5065, 5170, 9600, 80, 0, 0, 17, 20, 34, 2, 54284, 47128, 50134, 1, 0, 0, 376,-
146,r3,24, 1055139, 1030,"  1019a0:	e51b301c 	ldr	r3, [fp, #-28]	; 0xffffffe4",benign, 809, 182, 10244, 2, 6848, 2687, 1, 567, 756, 0, 220, 54082, 550, 3, 7, 8204, 2, 376, 3, 33176, 11508, 21216, 0, 0, 30, 5059, 5183, 9605, 79, 0, 0, 17, 20, 34, 2, 54645, 46705, 49678, 1, 0, 0, 374,-
147,r1,25, 1058627, 1030,"  102740:	e50b301c 	str	r3, [fp, #-28]	; 0xffffffe4",benign, 914, 182, 10266, 2, 6849, 2689, 1, 567, 756, 0, 216, 54334, 550, 3, 7, 8421, 2, 376, 3, 33119, 11407, 21212, 0, 0, 30, 5189, 5041, 9603, 80, 0, 0, 17, 21, 34, 2, 54865, 47044, 50077, 1, 0, 0, 394,-
148,r2,4, 1055094, 1033,"  101974:	e50b3010 	str	r3, [fp, #-16]",benign, 818, 181, 10268, 2, 6856, 2693, 1, 567, 756, 0, 224, 54020, 550, 3, 7, 7952, 2, 379, 3, 33331, 11589, 21224, 0, 0, 30, 5092, 5209, 9603, 79, 0, 0, 17, 21, 34, 2, 55025, 46546, 49544, 1, 0, 0, 426,-
149,r1,5, 1058349, 1033,"  10262c:	e51b1010 	ldr	r1, [fp, #-16]",benign, 909, 181, 10246, 2, 6839, 2689, 1, 567, 756, 0, 229, 54521, 550, 3, 7, 8286, 2, 376, 3, 33679, 11993, 21216, 0, 0, 30, 5186, 5049, 9603, 81, 0, 0, 17, 20, 34, 2, 54967, 46948, 50037, 1, 0, 0, 535,-
150,r3,18, 1055084, 1033,"  10196c:	e50b3014 	str	r3, [fp, #-20]	; 0xffffffec",benign, 783, 185, 10226, 3, 6820, 2688, 1, 567, 756, 0, 217, 53396, 550, 3, 7, 7847, 2, 376, 3, 33388, 11641, 21212, 0, 0, 30, 5210, 5024, 9614, 82, 0, 0, 17, 20, 34, 5, 54916, 46316, 49472, 1, 0, 0, 384,-
151,r3,13, 1059378, 1032,"  102a30:	e51b3018 	ldr	r3, [fp, #-24]	; 0xffffffe8",benign, 937, 192, 10237, 2, 6836, 2689, 1, 567, 756, 0, 219, 54615, 550, 3, 7, 8332, 2, 376, 3, 33541, 11775, 21218, 0, 0, 30, 5197, 5029, 9595, 81, 0, 0, 17, 20, 34, 2, 54887, 47468, 50429, 1, 0, 0, 377,-
152,r3,7, 1054298, 1036,"  101658:	e0823003 	add	r3, r2, r3",benign, 800, 182, 10245, 2, 6839, 2693, 1, 567, 756, 0, 219, 54075, 550, 3, 7, 8442, 2, 379, 3, 32868, 11153, 21231, 0, 0, 30, 5041, 5178, 9605, 80, 0, 0, 17, 20, 34, 2, 54914, 46904, 49914, 1, 0, 0, 374,-
153,r2,23, 1053299, 1035,"  101270:	e51b3018 	ldr	r3, [fp, #-24]	; 0xffffffe8",benign, 747, 182, 10235, 2, 6835, 2687, 1, 567, 756, 0, 224, 54208, 550, 3, 7, 7841, 2, 379, 3, 32787, 11094, 21238, 0, 0, 30, 5193, 5041, 9608, 81, 0, 0, 17, 20, 34, 2, 54969, 46495, 49544, 1, 0, 0, 377,-
154,r2,6, 1054745, 1040,"  101818:	e51b3014 	ldr	r3, [fp, #-20]	; 0xffffffec",benign, 797, 182, 10245, 2, 6844, 2687, 1, 567, 756, 0, 225, 53952, 550, 3, 7, 8312, 2, 379, 3, 33238, 11524, 21237, 0, 0, 30, 5201, 5039, 9604, 81, 0, 0, 17, 20, 34, 2, 54522, 47025, 50005, 1, 0, 0, 373,-
155,r3,2, 1053777, 1035,"  101450:	e50b3018 	str	r3, [fp, #-24]	; 0xffffffe8",benign, 767, 182, 10237, 2, 6838, 2691, 1, 567, 756, 0, 232, 54305, 550, 3, 7, 8395, 2, 376, 3, 33039, 11394, 21215, 0, 0, 30, 5198, 5044, 9607, 81, 0, 0, 17, 21, 34, 2, 54366, 46961, 50038, 1, 0, 0, 374,-
156,r1,16, 1052978, 1033,"  101130:	e50b300c 	str	r3, [fp, #-12]",benign, 738, 185, 10236, 2, 6836, 2686, 1, 567, 756, 0, 223, 54085, 550, 3, 7, 7770, 2, 378, 3, 32854, 11117, 21215, 0, 0, 30, 5067, 5157, 9601, 78, 0, 0, 17, 20, 34, 2, 54154, 46680, 49805, 1, 0, 0, 377,-
157,r2,9, 1051042, 1030,"  1009a0:	e2433004 	sub	r3, r3, #4",benign, 701, 185, 10219, 2, 6827, 2689, 1, 567, 756, 0, 220, 54317, 550, 3, 7, 7844, 2, 375, 3, 32426, 10690, 21211, 0, 0, 30, 5080, 5153, 9602, 80, 0, 0, 20, 21, 36, 2, 54242, 46582, 49618, 1, 0, 0, 377,-
158,r3,5, 1059666, 1036,"  102b50:	e0822003 	add	r2, r2, r3",benign, 962, 182, 10245, 2, 6833, 2691, 1, 567, 756, 0, 220, 54374, 550, 3, 7, 8593, 2, 376, 3, 33385, 11688, 21238, 0, 0, 30, 5100, 5223, 9598, 79, 0, 0, 17, 20, 34, 2, 55116, 47576, 50707, 1, 0, 0, 377,-
159,r2,14, 1054632, 1035,"  1017a8:	e50b301c 	str	r3, [fp, #-28]	; 0xffffffe4",benign, 777, 185, 10245, 3, 6841, 2688, 1, 567, 756, 0, 221, 54171, 550, 3, 7, 8026, 2, 376, 3, 32293, 10550, 21228, 0, 0, 30, 5199, 5042, 9606, 78, 0, 0, 17, 20, 34, 6, 54232, 45859, 48888, 1, 0, 0, 377,-
160,r3,21, 1051456, 1031,"  100b40:	e1813003 	orr	r3, r1, r3",benign, 670, 181, 10213, 3, 6816, 2687, 1, 567, 756, 0, 222, 54246, 550, 3, 7, 7739, 2, 376, 3, 32589, 10903, 21228, 0, 0, 30, 5333, 4903, 9600, 80, 0, 0, 17, 20, 34, 2, 54072, 46308, 49296, 1, 0, 0, 374,-
161,r0,21, 1055630, 1041,"  101b8c:	e51b300c 	ldr	r3, [fp, #-12]",benign, 838, 185, 10247, 2, 6845, 2689, 1, 567, 756, 0, 229, 54609, 550, 3, 7, 8559, 2, 376, 3, 33399, 11796, 21217, 0, 0, 30, 5062, 5180, 9608, 82, 0, 0, 17, 20, 34, 2, 54512, 47518, 50580, 1, 0, 0, 377,-
162,r2,28, 1055313, 1034,"  101a50:	e51b3020 	ldr	r3, [fp, #-32]	; 0xffffffe0",benign, 817, 185, 10239, 2, 6845, 2688, 1, 567, 756, 0, 223, 53955, 550, 3, 7, 8053, 2, 376, 3, 33196, 11553, 21219, 0, 0, 30, 5065, 5175, 9602, 80, 0, 0, 17, 21, 34, 2, 55006, 46767, 49951, 1, 0, 0, 581,-
163,r3,30, 1061110, 1034,"  1030f4:	da000011 	ble	103140 <sha_final+0xac>",benign, 970, 182, 10243, 2, 6841, 2689, 1, 567, 756, 0, 223, 54980, 550, 3, 7, 8672, 2, 378, 3, 33704, 12022, 21267, 0, 0, 30, 5076, 5168, 9616, 80, 0, 0, 17, 21, 34, 2, 55640, 47087, 50337, 1, 0, 0, 377,-
164,r3,13, 1060168, 1030,"  102d48:	e51b3020 	ldr	r3, [fp, #-32]	; 0xffffffe0",benign, 942, 185, 10247, 3, 6839, 2690, 1, 567, 756, 0, 211, 53378, 550, 3, 7, 8642, 2, 375, 3, 32387, 10747, 21183, 0, 0, 30, 5050, 5179, 9604, 78, 0, 0, 17, 20, 34, 5, 54650, 46397, 49586, 1, 0, 0, 373,-
165,r1,10, 1058676, 1038,"  102774:	e51b3014 	ldr	r3, [fp, #-20]	; 0xffffffec",benign, 904, 184, 10237, 3, 6833, 2691, 1, 567, 756, 0, 226, 54194, 550, 3, 7, 8079, 2, 376, 3, 34007, 12302, 21192, 0, 0, 30, 5200, 5037, 9623, 78, 0, 0, 17, 21, 34, 5, 55361, 45753, 48818, 1, 0, 0, 374,-
166,r2,15, 1055053, 1031,"  10194c:	e0823003 	add	r3, r2, r3",benign, 805, 181, 10227, 2, 6823, 2690, 1, 567, 756, 0, 223, 54788, 550, 3, 7, 8355, 3, 389, 3, 32919, 11232, 21202, 0, 0, 30, 5194, 5046, 9606, 81, 0, 0, 17, 20, 34, 2, 54888, 47034, 50070, 1, 0, 0, 374,-
167,r2,23, 1057502, 1033,"  1022dc:	e51b0014 	ldr	r0, [fp, #-20]	; 0xffffffec",benign, 901, 185, 10245, 2, 6836, 2691, 1, 567, 756, 0, 223, 54287, 550, 3, 7, 8529, 2, 379, 3, 33080, 11497, 21202, 0, 0, 30, 5203, 5034, 9602, 80, 0, 0, 17, 20, 34, 2, 54982, 46788, 49769, 1, 0, 0, 377,-
168,r2,21, 1054843, 1033,"  101878:	e50b3020 	str	r3, [fp, #-32]	; 0xffffffe0",benign, 809, 185, 10245, 2, 6849, 2688, 1, 567, 756, 0, 225, 54279, 550, 3, 7, 7970, 2, 376, 3, 32933, 11186, 21209, 0, 0, 30, 5309, 4935, 9618, 80, 0, 0, 20, 21, 36, 2, 54466, 46890, 49902, 1, 0, 0, 374,-
169,r3,6, 1055810, 1033,"  101c40:	e0823003 	add	r3, r2, r3",benign, 844, 182, 10214, 2, 6824, 2689, 1, 567, 756, 0, 225, 54568, 550, 3, 7, 8178, 2, 376, 3, 33067, 11402, 21246, 0, 0, 30, 5047, 5184, 9597, 80, 0, 0, 17, 21, 34, 2, 54737, 47026, 50035, 1, 0, 0, 374,-
170,r2,11, 1052220, 1032,"  100e3c:	e50b301c 	str	r3, [fp, #-28]	; 0xffffffe4",benign, 702, 182, 10241, 3, 6842, 2688, 1, 567, 756, 0, 227, 53671, 550, 3, 7, 8011, 2, 376, 3, 32366, 10610, 21208, 0, 0, 30, 5262, 5337, 9606, 77, 0, 0, 17, 21, 34, 6, 54409, 46282, 49448, 1, 0, 0, 386,-
171,r0,8, 1051471, 1028,"  100b4c:	e0822003 	add	r2, r2, r3",benign, 703, 182, 10244, 2, 6843, 2689, 1, 567, 756, 0, 231, 54162, 550, 3, 7, 7976, 2, 378, 3, 33131, 11450, 21208, 0, 0, 30, 5179, 5080, 9624, 82, 0, 0, 17, 21, 34, 2, 54638, 47061, 50040, 1, 0, 0, 384,-
172,r0,30, 1060170, 1030,"  102d48:	e51b3020 	ldr	r3, [fp, #-32]	; 0xffffffe0",benign, 968, 182, 10233, 2, 6840, 2691, 1, 567, 756, 0, 226, 55231, 550, 3, 7, 8601, 2, 379, 3, 33299, 11580, 21225, 0, 0, 30, 5062, 5175, 9606, 79, 0, 0, 17, 21, 34, 2, 55441, 47088, 50091, 1, 0, 0, 376,-
173,r2,6, 1059567, 1031,"  102aec:	e0822003 	add	r2, r2, r3",benign, 948, 183, 10237, 2, 6822, 2688, 1, 567, 756, 0, 233, 54816, 550, 3, 7, 8613, 2, 378, 3, 33078, 11351, 21195, 0, 0, 30, 5058, 5165, 9604, 79, 0, 0, 17, 21, 34, 2, 54780, 47092, 50109, 1, 0, 0, 554,-
174,r0,31, 1052100, 1033,"  100dc4:	e50b301c 	str	r3, [fp, #-28]	; 0xffffffe4",benign, 693, 182, 10234, 3, 6840, 2688, 1, 567, 756, 0, 215, 53334, 550, 3, 7, 7636, 2, 376, 3, 32207, 10523, 21192, 0, 0, 30, 5071, 5178, 9609, 83, 0, 0, 17, 20, 34, 2, 54242, 46546, 49605, 1, 0, 0, 377,-
175,r0,7, 1057402, 1043,"  102278:	e0822003 	add	r2, r2, r3",benign, 892, 185, 10258, 2, 6853, 2690, 1, 567, 756, 0, 235, 54713, 550, 3, 7, 8319, 2, 379, 3, 32903, 11206, 21216, 0, 0, 30, 5065, 5165, 9600, 78, 0, 0, 17, 20, 34, 2, 54960, 47214, 50187, 1, 0, 0, 374,-
176,r2,8, 1056151, 1034,"  101d94:	e1813003 	orr	r3, r1, r3",benign, 851, 182, 10229, 2, 6827, 2690, 1, 567, 756, 0, 223, 54618, 550, 3, 7, 8119, 2, 378, 3, 32737, 11001, 21216, 0, 0, 30, 5045, 5183, 9598, 80, 0, 0, 17, 21, 34, 2, 54997, 46536, 49617, 1, 0, 0, 374,-
177,r3,3, 1058375, 1033,"  102644:	e51b301c 	ldr	r3, [fp, #-28]	; 0xffffffe4",benign, 911, 182, 10246, 2, 6840, 2688, 1, 567, 756, 0, 223, 54683, 550, 3, 7, 8818, 2, 375, 3, 33036, 11330, 21203, 0, 0, 30, 5068, 5167, 9601, 80, 0, 0, 17, 21, 34, 2, 54689, 47099, 50164, 1, 0, 0, 373,-
178,r3,15, 1050955, 1029,"  100948:	e51b300c 	ldr	r3, [fp, #-12]",benign, 597, 185, 10248, 2, 6851, 2687, 1, 567, 756, 0, 211, 53308, 550, 3, 7, 7651, 2, 379, 3, 32664, 11096, 21229, 0, 0, 30, 5070, 5147, 9606, 79, 0, 0, 17, 20, 34, 2, 53702, 46172, 49173, 1, 0, 0, 377,-
179,r0,11, 1056674, 1032,"  101fa0:	e3483f1b 	movt	r3, #36635	; 0x8f1b",benign, 857, 182, 10263, 2, 6853, 2692, 3, 567, 756, 0, 226, 54297, 550, 3, 7, 8331, 2, 378, 3, 33284, 11596, 21228, 0, 0, 30, 5316, 4909, 9600, 80, 0, 0, 17, 21, 34, 2, 54896, 47111, 50192, 1, 0, 0, 377,-
180,r2,0, 1059649, 1032,"  102b40:	e51b3014 	ldr	r3, [fp, #-20]	; 0xffffffec",benign, 963, 185, 10239, 2, 6826, 2689, 1, 567, 756, 0, 223, 55296, 550, 3, 7, 8455, 2, 376, 3, 33901, 12287, 21238, 0, 0, 30, 5204, 5039, 9601, 81, 0, 0, 20, 21, 36, 2, 55462, 47017, 50039, 1, 0, 0, 373,-
181,r1,28, 1055617, 1034,"  101b80:	e51b3010 	ldr	r3, [fp, #-16]",benign, 836, 185, 10240, 2, 6838, 2688, 1, 567, 756, 0, 216, 54463, 550, 3, 7, 8381, 3, 389, 3, 33277, 11564, 21193, 0, 0, 30, 5045, 5186, 9597, 78, 0, 0, 17, 21, 34, 2, 55096, 47088, 50134, 1, 0, 0, 373,-
182,r0,5, 1058999, 1031,"  1028b4:	e51b1010 	ldr	r1, [fp, #-16]",benign, 939, 182, 10232, 2, 6844, 2690, 1, 567, 756, 0, 219, 54534, 550, 3, 7, 8616, 2, 376, 3, 33701, 11990, 21210, 0, 0, 30, 5060, 5169, 9606, 80, 0, 0, 17, 21, 34, 2, 54893, 47108, 50227, 1, 0, 0, 377,-
183,r3,12, 1055834, 1029,"  101c58:	e51b3010 	ldr	r3, [fp, #-16]",benign, 842, 185, 10222, 2, 6838, 2688, 1, 567, 756, 0, 222, 54308, 550, 3, 7, 8306, 2, 475, 3, 33339, 11608, 21194, 0, 0, 30, 5066, 5174, 9610, 80, 0, 0, 17, 20, 34, 2, 54977, 47097, 50109, 1, 0, 0, 384,-
184,r0,17, 1056860, 1031,"  10205c:	e51b1014 	ldr	r1, [fp, #-20]	; 0xffffffec",benign, 846, 185, 10242, 3, 6840, 2689, 4, 567, 756, 0, 213, 53393, 550, 3, 7, 8508, 2, 375, 3, 33128, 11420, 21212, 0, 0, 30, 5202, 5026, 9614, 79, 0, 0, 17, 21, 34, 5, 54697, 45723, 48737, 1, 0, 0, 376,-
185,r3,2, 1054368, 1032,"  1016a0:	e51b3018 	ldr	r3, [fp, #-24]	; 0xffffffe8",benign, 763, 182, 10245, 3, 6845, 2689, 3, 567, 756, 0, 224, 53874, 550, 3, 7, 7383, 2, 378, 3, 32791, 11067, 21205, 0, 0, 30, 5339, 4905, 9610, 77, 0, 0, 17, 20, 34, 5, 54207, 46437, 49500, 1, 0, 0, 374,-
186,r2,29, 1060396, 1040,"  102e2c:	e1a02de3 	ror	r2, r3, #27",benign, 950, 185, 10267, 3, 6851, 2688, 1, 567, 756, 0, 214, 53187, 550, 3, 7, 8462, 2, 377, 3, 33809, 12066, 21195, 0, 0, 30, 5054, 5181, 9601, 79, 0, 0, 17, 20, 34, 2, 53691, 46779, 49823, 1, 0, 0, 377,-
187,r0,15, 1051688, 1027,"  100c28:	e51b3018 	ldr	r3, [fp, #-24]	; 0xffffffe8",benign, 680, 185, 10229, 3, 6834, 2688, 1, 567, 756, 0, 215, 53635, 550, 3, 7, 7674, 2, 376, 3, 32278, 10584, 21215, 0, 0, 30, 5074, 5152, 9597, 78, 0, 0, 17, 20, 34, 2, 54314, 46812, 49832, 1, 0, 0, 374,-
188,r1,8, 1058549, 1038,"  1026f4:	e51b3020 	ldr	r3, [fp, #-32]	; 0xffffffe0",benign, 908, 195, 10252, 2, 6844, 2691, 3, 567, 756, 0, 218, 54514, 550, 3, 7, 8548, 2, 376, 3, 33080, 11372, 21228, 0, 0, 30, 5186, 5043, 9591, 78, 0, 0, 17, 21, 34, 2, 55329, 47536, 50615, 1, 0, 0, 374,-
189,r1,9, 1056284, 1033,"  101e1c:	e0822003 	add	r2, r2, r3",benign, 826, 182, 10277, 3, 6862, 2692, 1, 567, 756, 0, 224, 54637, 550, 3, 7, 8318, 2, 376, 3, 33207, 11542, 21187, 0, 0, 30, 5061, 5171, 9598, 80, 0, 0, 17, 20, 34, 2, 53836, 46575, 49587, 1, 0, 0, 377,-
190,r1,24, 1058099, 1035,"  102530:	e1a02de3 	ror	r2, r3, #27",benign, 977, 260, 10270, 2, 6855, 2690, 1, 567, 756, 0, 228, 54410, 550, 3, 7, 8357, 2, 378, 3, 33710, 12007, 21239, 0, 0, 30, 5055, 5165, 9595, 79, 0, 0, 17, 20, 34, 2, 55143, 47146, 50221, 1, 0, 0, 373,-
191,r2,14, 1052207, 1029,"  100e2c:	e3453a82 	movt	r3, #23170	; 0x5a82",benign, 729, 185, 10206, 2, 6820, 2687, 1, 567, 756, 0, 224, 54522, 550, 3, 7, 7989, 2, 379, 3, 33346, 11627, 21223, 0, 0, 30, 5083, 5146, 9603, 79, 0, 0, 17, 20, 34, 2, 54878, 46532, 49684, 1, 0, 0, 374,-
192,r3,17, 1055589, 1035,"  101b64:	e3463ed9 	movt	r3, #28377	; 0x6ed9",benign, 834, 184, 10222, 2, 6826, 2688, 1, 567, 756, 0, 226, 54378, 550, 3, 7, 8020, 2, 397, 3, 33200, 11526, 21243, 0, 0, 30, 5331, 4906, 9609, 81, 0, 0, 17, 20, 34, 2, 55314, 47263, 50237, 1, 0, 0, 374,-
193,r1,6, 1053627, 1033,"  1013b8:	e51b301c 	ldr	r3, [fp, #-28]	; 0xffffffe4",benign, 763, 182, 10246, 2, 6845, 2689, 4, 567, 756, 0, 225, 54118, 550, 3, 7, 8455, 2, 379, 3, 32911, 11174, 21218, 0, 0, 30, 5064, 5169, 9605, 80, 0, 0, 17, 20, 34, 2, 55110, 46675, 49694, 1, 0, 0, 376,-
194,r0,0, 1060801, 1029,"  102fc0:	e51b3010 	ldr	r3, [fp, #-16]",benign, 666, 185, 10254, 2, 6854, 2690, 1, 567, 756, 0, 225, 53635, 550, 3, 7, 7931, 2, 375, 3, 32339, 10678, 21213, 0, 0, 30, 5204, 5026, 9592, 78, 0, 0, 17, 20, 34, 2, 54408, 46442, 49460, 1, 0, 0, 374,-
195,r0,1, 1057857, 1031,"  102440:	e51b3018 	ldr	r3, [fp, #-24]	; 0xffffffe8",benign, 909, 182, 10264, 2, 6849, 2691, 1, 567, 756, 0, 223, 54803, 550, 3, 7, 8648, 2, 379, 3, 33328, 11584, 21212, 0, 0, 30, 5299, 4944, 9615, 80, 0, 0, 17, 20, 34, 2, 54783, 47112, 50107, 1, 0, 0, 374,-
196,r2,1, 1060871, 1032,"  103004:	e51b3008 	ldr	r3, [fp, #-8]",benign, 668, 185, 7584, 2, 5033, 2013, 1, 567, 756, 0, 220, 53989, 550, 3, 7, 7651, 2, 379, 3, 32793, 11067, 21231, 0, 0, 30, 5069, 5183, 9602, 83, 0, 0, 17, 20, 34, 2, 54003, 46222, 49296, 1, 0, 0, 377,-
197,r2,29, 1060577, 1035,"  102ee0:	e593200c 	ldr	r2, [r3, #12]",benign, 970, 181, 10265, 2, 6850, 2687, 1, 567, 756, 0, 223, 54947, 550, 3, 7, 9095, 2, 375, 3, 33298, 11578, 21214, 0, 0, 30, 5037, 5189, 9594, 79, 0, 0, 17, 21, 34, 2, 55139, 47243, 50191, 1, 0, 0, 377,-
198,r3,14, 1057440, 1033,"  1022a0:	e50b3018 	str	r3, [fp, #-24]	; 0xffffffe8",benign, 851, 181, 10248, 3, 6837, 2691, 3, 567, 756, 0, 212, 53139, 550, 3, 7, 8343, 2, 379, 3, 32999, 11350, 21211, 0, 0, 30, 5061, 5169, 9610, 79, 0, 0, 17, 20, 34, 6, 54333, 46829, 49904, 1, 0, 0, 377,-
199,r1,3, 1054793, 1035,"  101848:	e51b3014 	ldr	r3, [fp, #-20]	; 0xffffffec",benign, 801, 181, 10220, 2, 6819, 2688, 1, 567, 756, 0, 222, 54649, 550, 3, 7, 7999, 2, 376, 3, 33580, 11875, 21238, 0, 0, 30, 5172, 5065, 9599, 80, 0, 0, 17, 20, 34, 2, 54874, 46733, 49772, 1, 0, 0, 377,-
200,r0,9, 1054533, 1033,"  101744:	e50b3018 	str	r3, [fp, #-24]	; 0xffffffe8",benign, 796, 185, 10231, 2, 6841, 2689, 1, 567, 756, 0, 219, 54223, 550, 3, 7, 8148, 2, 376, 3, 33213, 11522, 21221, 0, 0, 30, 5211, 5025, 9597, 80, 0, 0, 17, 20, 34, 2, 54889, 46598, 49677, 1, 0, 0, 374,-
201,r3,22, 1052333, 1033,"  100eac:	e50b3020 	str	r3, [fp, #-32]	; 0xffffffe0",benign, 730, 185, 10230, 2, 6835, 2692, 1, 567, 756, 0, 226, 54174, 550, 3, 7, 7911, 2, 379, 3, 32659, 10984, 21249, 0, 0, 30, 5070, 5154, 9601, 78, 0, 0, 17, 21, 34, 2, 54633, 46698, 49717, 1, 0, 0, 374,-
202,r0,1, 1052587, 1035,"  100fa8:	e51b3014 	ldr	r3, [fp, #-20]	; 0xffffffec",benign, 740, 185, 10244, 2, 6850, 2689, 1, 567, 756, 0, 222, 54802, 550, 3, 7, 7865, 2, 379, 3, 32639, 10906, 21227, 0, 0, 30, 5207, 5032, 9607, 81, 0, 0, 17, 20, 34, 2, 55111, 46400, 49650, 1, 0, 0, 377,-
203,r0,2, 1055602, 1034,"  101b70:	e51b3018 	ldr	r3, [fp, #-24]	; 0xffffffe8",benign, 841, 182, 10243, 2, 6852, 2690, 1, 567, 756, 0, 226, 54657, 550, 3, 7, 8269, 2, 379, 3, 32672, 10977, 21213, 0, 0, 30, 5074, 5215, 9603, 78, 0, 0, 17, 20, 34, 2, 54465, 47055, 50087, 1, 0, 0, 376,-
204,r0,17, 1053997, 1035,"  10152c:	e51b3010 	ldr	r3, [fp, #-16]",benign, 776, 182, 10253, 2, 6845, 2689, 1, 567, 756, 0, 228, 53968, 550, 3, 7, 8063, 2, 376, 3, 33096, 11470, 21205, 0, 0, 30, 5184, 5044, 9598, 78, 0, 0, 17, 20, 34, 2, 54143, 46920, 49953, 1, 0, 0, 377,-
205,r3,2, 1053945, 1030,"  1014f8:	e0822003 	add	r2, r2, r3",benign, 780, 185, 10228, 2, 6827, 2689, 1, 567, 756, 0, 222, 53932, 550, 3, 7, 8011, 2, 379, 3, 32805, 11087, 21253, 0, 0, 30, 5221, 5038, 9610, 81, 0, 0, 20, 21, 36, 2, 54270, 46681, 49677, 1, 0, 0, 383,-
206,r1,17, 1054614, 1033,"  101794:	e30e3ba1 	movw	r3, #60321	; 0xeba1",benign, 796, 181, 10247, 2, 6844, 2687, 1, 567, 756, 0, 223, 54144, 550, 3, 7, 8238, 3, 389, 3, 32963, 11183, 21207, 0, 0, 30, 5068, 5170, 9593, 80, 0, 0, 17, 20, 34, 2, 54696, 47144, 50343, 1, 0, 0, 377,-
207,r3,27, 1057565, 1031,"  10231c:	e50b3018 	str	r3, [fp, #-24]	; 0xffffffe8",benign, 892, 185, 10233, 2, 6832, 2688, 1, 567, 756, 0, 226, 54186, 550, 3, 7, 8370, 2, 378, 3, 33543, 11882, 21225, 0, 0, 30, 5212, 5026, 9603, 79, 0, 0, 17, 20, 34, 2, 54853, 47382, 50507, 1, 0, 0, 376,-
208,r0,15, 1055047, 1034,"  101944:	e30e3ba1 	movw	r3, #60321	; 0xeba1",benign, 806, 182, 10254, 2, 6844, 2688, 1, 567, 756, 0, 224, 54390, 550, 3, 7, 8473, 2, 376, 3, 33611, 11851, 21236, 0, 0, 30, 5064, 5176, 9606, 81, 0, 0, 17, 20, 34, 2, 54789, 46694, 49758, 1, 0, 0, 377,-
209,r1,0, 1052011, 1030,"  100d68:	e50b3010 	str	r3, [fp, #-16]",benign, 712, 181, 10235, 2, 6837, 2686, 1, 567, 756, 0, 224, 54746, 550, 3, 7, 7878, 2, 379, 3, 33037, 11398, 21229, 0, 0, 30, 5084, 5162, 9609, 79, 0, 0, 17, 20, 34, 2, 54590, 46916, 49958, 1, 0, 0, 376,-
210,r3,13, 1061086, 1037,"  1030dc:	e50b1010 	str	r1, [fp, #-16]",benign, 965, 183, 10250, 2, 6840, 2689, 1, 567, 756, 0, 225, 54567, 550, 3, 9, 8420, 2, 375, 4, 33233, 11489, 21246, 0, 0, 30, 5064, 5184, 9611, 80, 0, 0, 17, 20, 34, 2, 55743, 47548, 50600, 1, 0, 0, 373,-
211,r1,26, 1051349, 1033,"  100ad4:	e0822003 	add	r2, r2, r3",benign, 705, 184, 10226, 2, 6840, 2690, 1, 567, 756, 0, 226, 53820, 550, 3, 7, 7691, 2, 376, 3, 32707, 10984, 21216, 0, 0, 30, 5077, 5151, 9604, 81, 0, 0, 17, 20, 34, 2, 54458, 46626, 49767, 1, 0, 0, 377,-
212,r0,24, 1061397, 1031,"  103214:	e5132018 	ldr	r2, [r3, #-24]	; 0xffffffe8",benign, 674, 185, 10234, 2, 6838, 2689, 1, 567, 756, 0, 216, 53948, 550, 3, 7, 7711, 3, 386, 3, 32884, 11328, 21234, 0, 0, 30, 5058, 5168, 9590, 80, 0, 0, 17, 20, 34, 2, 54557, 46211, 49289, 1, 0, 0, 578,-
213,r1,31, 1057455, 1032,"  1022ac:	e50b3014 	str	r3, [fp, #-20]	; 0xffffffec",benign, 879, 192, 10242, 2, 6844, 2690, 1, 567, 756, 0, 224, 54559, 550, 3, 7, 8658, 2, 376, 3, 33224, 11534, 21212, 0, 0, 30, 5069, 5159, 9607, 80, 0, 0, 17, 20, 34, 2, 55002, 46850, 49832, 1, 0, 0, 377,-
214,r3,4, 1051114, 1034,"  1009e8:	e51b3008 	ldr	r3, [fp, #-8]",benign, 680, 184, 10216, 2, 6836, 2688, 1, 567, 756, 0, 226, 54275, 550, 3, 7, 7807, 2, 378, 3, 32897, 11255, 21251, 0, 0, 30, 5223, 5024, 9613, 82, 0, 0, 17, 21, 34, 2, 54965, 46377, 49552, 1, 0, 0, 377,-
215,r0,22, 1059315, 1028,"  1029f0:	e51b300c 	ldr	r3, [fp, #-12]",benign, 942, 184, 10253, 2, 6843, 2689, 3, 567, 756, 0, 222, 55042, 550, 3, 7, 8775, 2, 375, 3, 33563, 11856, 21250, 0, 0, 30, 5194, 5042, 9600, 79, 0, 0, 17, 20, 34, 2, 55143, 47343, 50352, 1, 0, 0, 377,-
216,r1,18, 1051816, 1029,"  100ca8:	e1813003 	orr	r3, r1, r3",benign, 690, 182, 10216, 3, 6824, 2687, 1, 567, 756, 0, 218, 53685, 550, 3, 7, 7728, 2, 376, 3, 32335, 10650, 21222, 0, 0, 30, 5076, 5145, 9595, 78, 0, 0, 17, 20, 34, 2, 53628, 46868, 50020, 1, 0, 0, 377,-
217,r3,27, 1060275, 1036,"  102db0:	e50b3010 	str	r3, [fp, #-16]",benign, 983, 181, 10236, 2, 6826, 2689, 1, 567, 756, 0, 227, 54430, 550, 3, 7, 9119, 2, 376, 3, 33313, 11654, 21216, 0, 0, 30, 5183, 5046, 9598, 81, 0, 0, 17, 20, 34, 2, 55341, 47280, 50306, 1, 0, 0, 377,-
218,r3,10, 1053113, 1033,"  1011b8:	e51b3014 	ldr	r3, [fp, #-20]	; 0xffffffec",benign, 760, 185, 10250, 2, 6856, 2689, 1, 567, 756, 0, 221, 54305, 550, 3, 7, 7776, 2, 376, 3, 32800, 11142, 21231, 0, 0, 30, 5067, 5155, 9603, 79, 0, 0, 17, 20, 34, 2, 54338, 46602, 49782, 1, 0, 0, 374,-
219,r2,0, 1058687, 1033,"  10277c:	e51b3018 	ldr	r3, [fp, #-24]	; 0xffffffe8",benign, 918, 184, 10242, 2, 6823, 2687, 1, 567, 756, 0, 225, 54896, 550, 3, 7, 8443, 2, 376, 3, 33141, 11397, 21213, 0, 0, 30, 5070, 5154, 9603, 80, 0, 0, 17, 20, 34, 2, 55054, 47147, 50227, 1, 0, 0, 374,-
220,r0,9, 1056841, 1035,"  102048:	e50b3010 	str	r3, [fp, #-16]",benign, 871, 182, 10240, 2, 6839, 2690, 1, 567, 756, 0, 221, 54481, 550, 3, 7, 8328, 2, 376, 3, 33390, 11710, 21220, 0, 0, 30, 5189, 5049, 9605, 81, 0, 0, 17, 21, 34, 2, 54848, 47175, 50178, 1, 0, 0, 376,-
221,r1,2, 1053953, 1033,"  101500:	e0822003 	add	r2, r2, r3",benign, 784, 185, 10245, 2, 6843, 2688, 1, 567, 756, 0, 225, 53965, 550, 3, 7, 8221, 2, 379, 3, 33175, 11505, 21218, 0, 0, 30, 5325, 4916, 9602, 83, 0, 0, 17, 20, 34, 2, 54618, 46605, 49637, 1, 0, 0, 377,-
222,r2,18, 1058223, 1038,"  1025ac:	e1a02de3 	ror	r2, r3, #27",benign, 922, 181, 10251, 2, 6842, 2689, 1, 567, 756, 0, 220, 54286, 550, 3, 7, 8827, 2, 375, 3, 33905, 12224, 21254, 0, 0, 30, 5074, 5158, 9601, 81, 0, 0, 20, 21, 36, 2, 54621, 47350, 50410, 1, 0, 0, 376,-
223,r2,25, 1055189, 1035,"  1019d4:	e1a03163 	ror	r3, r3, #2",benign, 820, 185, 10247, 2, 6844, 2689, 1, 567, 756, 0, 226, 54184, 550, 3, 7, 8294, 2, 379, 3, 33306, 11571, 21215, 0, 0, 30, 5073, 5177, 9600, 78, 0, 0, 17, 21, 34, 2, 54904, 46983, 50083, 1, 0, 0, 386,-
224,r0,3, 1055614, 1031,"  101b7c:	e50b3018 	str	r3, [fp, #-24]	; 0xffffffe8",benign, 828, 182, 10249, 2, 6841, 2687, 1, 567, 756, 0, 227, 54730, 550, 3, 7, 8061, 2, 376, 3, 33101, 11360, 21225, 0, 0, 30, 5188, 5056, 9602, 81, 0, 0, 17, 21, 34, 2, 54590, 46502, 49490, 1, 0, 0, 374,-
225,r0,9, 1058836, 1029,"  102814:	e51b3018 	ldr	r3, [fp, #-24]	; 0xffffffe8",benign, 901, 182, 10257, 3, 6843, 2688, 1, 567, 756, 0, 222, 54180, 550, 3, 7, 7283, 2, 375, 3, 33340, 11709, 21188, 0, 0, 30, 5199, 5033, 9602, 79, 0, 0, 17, 20, 34, 5, 54689, 45898, 48904, 1, 0, 0, 374,-
226,r0,12, 1060144, 1035,"  102d30:	e50b3018 	str	r3, [fp, #-24]	; 0xffffffe8",benign, 944, 182, 10261, 3, 6845, 2690, 1, 567, 756, 0, 215, 53611, 550, 3, 7, 8731, 3, 386, 3, 32097, 10450, 21195, 0, 0, 30, 5057, 5169, 9602, 80, 0, 0, 17, 21, 34, 5, 54859, 45959, 49009, 1, 0, 0, 376,-
227,r1,13, 1053991, 1035,"  101524:	e51b3014 	ldr	r3, [fp, #-20]	; 0xffffffec",benign, 771, 182, 10243, 2, 6841, 2688, 1, 567, 756, 0, 225, 54528, 550, 3, 7, 7891, 2, 379, 3, 33457, 11716, 21218, 0, 0, 30, 5044, 5184, 9597, 80, 0, 0, 17, 21, 34, 2, 55027, 46774, 49918, 1, 0, 0, 374,-
228,r0,11, 1055513, 1033,"  101b18:	e1a03163 	ror	r3, r3, #2",benign, 824, 185, 10255, 2, 6844, 2688, 1, 567, 756, 0, 221, 54604, 550, 3, 7, 8612, 3, 389, 3, 32885, 11143, 21225, 0, 0, 30, 5055, 5184, 9607, 78, 0, 0, 17, 20, 34, 2, 54425, 47156, 50244, 1, 0, 0, 374,-
230,r1,13, 1059502, 1035,"  102aac:	e51b3010 	ldr	r3, [fp, #-16]",benign, 816, 0, 10273, 2, 6884, 2689, 1, 567, 756, 0, 219, 54799, 550, 3, 7, 8922, 2, 379, 3, 33961, 12315, 21211, 0, 0, 30, 5074, 5159, 9604, 81, 0, 0, 17, 21, 34, 2, 55413, 47341, 50410, 1, 0, 0, 377,-
231,r2,5, 1055463, 1032,"  101ae4:	e51b301c 	ldr	r3, [fp, #-28]	; 0xffffffe4",benign, 811, 191, 10217, 2, 6827, 2688, 3, 567, 756, 0, 235, 54474, 550, 3, 7, 8139, 2, 376, 3, 32961, 11333, 21231, 0, 0, 30, 5055, 5200, 9616, 81, 0, 0, 17, 21, 34, 2, 54836, 46971, 49929, 1, 0, 0, 376,-
232,r2,8, 1056209, 1036,"  101dd0:	e1a03163 	ror	r3, r3, #2",benign, 854, 182, 10239, 2, 6838, 2687, 1, 567, 756, 0, 221, 54090, 550, 3, 7, 8472, 2, 376, 3, 33188, 11511, 21203, 0, 0, 30, 5170, 5070, 9611, 81, 0, 0, 20, 22, 36, 2, 55341, 47339, 50378, 1, 0, 0, 374,-
233,r3,12, 1054259, 1031,"  101630:	e0211003 	eor	r1, r1, r3",benign, 790, 182, 10226, 2, 6830, 2689, 1, 567, 756, 0, 227, 53970, 550, 3, 7, 7961, 2, 375, 3, 33421, 11635, 21214, 0, 0, 30, 5200, 5036, 9601, 79, 0, 0, 17, 21, 34, 2, 54644, 46784, 49781, 1, 0, 0, 374,-
234,r3,12, 1055596, 1033,"  101b6c:	e50b3020 	str	r3, [fp, #-32]	; 0xffffffe0",benign, 803, 182, 10219, 3, 6826, 2688, 1, 567, 756, 0, 211, 53393, 550, 3, 7, 8374, 2, 379, 3, 32000, 10350, 21199, 0, 0, 30, 5178, 5050, 9596, 80, 0, 0, 17, 21, 34, 5, 54694, 46680, 49726, 1, 0, 0, 374,-
235,r3,1, 1057993, 1035,"  1024c8:	e0011003 	and	r1, r1, r3",benign, 904, 185, 10240, 2, 6828, 2688, 1, 567, 756, 0, 224, 54704, 550, 3, 7, 8668, 2, 376, 3, 33562, 11807, 21218, 0, 0, 30, 5070, 5163, 9605, 78, 0, 0, 17, 20, 34, 2, 54567, 47178, 50202, 1, 0, 0, 377,-
236,r3,11, 1055829, 1034,"  101c54:	e50b3018 	str	r3, [fp, #-24]	; 0xffffffe8",benign, 836, 185, 10233, 2, 6828, 2690, 1, 567, 756, 0, 219, 54289, 550, 3, 7, 8404, 2, 379, 3, 32999, 11324, 21221, 0, 0, 30, 5203, 5042, 9605, 78, 0, 0, 17, 21, 34, 2, 54756, 46733, 49750, 1, 0, 0, 373,-
237,r1,0, 1054387, 1030,"  1016b0:	e0822003 	add	r2, r2, r3",benign, 796, 182, 10245, 2, 6843, 2690, 1, 567, 756, 0, 222, 54470, 550, 3, 7, 7946, 2, 379, 3, 32647, 10925, 21227, 0, 0, 30, 5071, 5155, 9606, 80, 0, 0, 17, 20, 34, 2, 54770, 46490, 49512, 1, 0, 0, 377,-
238,r0,20, 1056743, 1038,"  101fe4:	e51b3018 	ldr	r3, [fp, #-24]	; 0xffffffe8",benign, 866, 181, 10234, 2, 6838, 2690, 1, 567, 756, 0, 225, 54290, 550, 3, 7, 8252, 2, 376, 3, 33028, 11295, 21219, 0, 0, 30, 5067, 5170, 9607, 81, 0, 0, 17, 20, 34, 2, 54835, 47272, 50341, 1, 0, 0, 373,-
239,r2,28, 1058392, 1033,"  102658:	e34c3a62 	movt	r3, #51810	; 0xca62",benign, 885, 195, 10238, 3, 6824, 2687, 1, 567, 756, 0, 214, 53492, 550, 3, 7, 8496, 2, 379, 3, 32721, 10993, 21201, 0, 0, 30, 5206, 5024, 9603, 80, 0, 0, 17, 21, 34, 2, 54043, 47345, 50385, 1, 0, 0, 374,-
240,r3,14, 1053662, 1036,"  1013dc:	e50b301c 	str	r3, [fp, #-28]	; 0xffffffe4",benign, 766, 182, 10217, 2, 6828, 2688, 1, 567, 756, 0, 223, 53934, 550, 3, 7, 8350, 2, 376, 3, 32902, 11146, 21220, 0, 0, 30, 5323, 4922, 9608, 82, 0, 0, 17, 21, 34, 2, 54460, 46624, 49794, 1, 0, 0, 384,-
241,r2,6, 1051839, 1034,"  100cbc:	e0822003 	add	r2, r2, r3",benign, 705, 185, 10206, 2, 6824, 2689, 1, 567, 756, 0, 222, 54010, 550, 3, 7, 8096, 2, 375, 3, 33237, 11475, 21219, 0, 0, 30, 5076, 5153, 9604, 80, 0, 0, 17, 21, 34, 2, 54255, 46742, 49830, 1, 0, 0, 373,-
242,r3,2, 1057585, 1029,"  102330:	e50b3010 	str	r3, [fp, #-16]",benign, 895, 184, 10223, 2, 6820, 2685, 1, 567, 756, 0, 229, 54750, 550, 3, 7, 8353, 2, 376, 3, 33272, 11584, 21218, 0, 0, 30, 5062, 5160, 9600, 78, 0, 0, 17, 20, 34, 2, 55185, 46865, 49811, 1, 0, 0, 374,-
243,r3,26, 1057617, 1029,"  102350:	e51b3010 	ldr	r3, [fp, #-16]",benign, 893, 183, 10243, 2, 6837, 2688, 1, 567, 756, 0, 224, 54161, 550, 3, 7, 8778, 2, 376, 3, 33706, 11993, 21210, 0, 0, 30, 5087, 5146, 9603, 78, 0, 0, 17, 20, 34, 2, 54603, 47476, 50677, 1, 0, 0, 374,-
244,r0,19, 1057256, 1032,"  1021e8:	e51b3018 	ldr	r3, [fp, #-24]	; 0xffffffe8",benign, 860, 182, 10229, 3, 6827, 2689, 1, 567, 756, 0, 212, 53102, 550, 3, 7, 8483, 2, 379, 3, 33206, 11559, 21215, 0, 0, 30, 5073, 5150, 9596, 78, 0, 0, 17, 20, 34, 5, 54973, 45759, 48759, 1, 0, 0, 373,-
246,r3,29, 1055323, 1033,"  101a58:	e51b300c 	ldr	r3, [fp, #-12]",benign, 682, 0, 10254, 2, 6876, 2689, 1, 567, 756, 0, 235, 54871, 550, 3, 7, 7717, 2, 378, 3, 33845, 12165, 21252, 0, 0, 30, 5047, 5180, 9602, 79, 0, 0, 17, 21, 34, 2, 54977, 46811, 49883, 1, 0, 0, 374,-
247,r0,14, 1054110, 1030,"  10159c:	e1a03163 	ror	r3, r3, #2",benign, 781, 182, 10251, 2, 6851, 2692, 1, 567, 756, 0, 224, 54641, 550, 3, 7, 8355, 2, 375, 3, 32939, 11375, 21235, 0, 0, 30, 5073, 5167, 9600, 79, 0, 0, 17, 20, 34, 2, 54432, 46793, 49805, 1, 0, 0, 373,-
248,r0,19, 1054426, 1031,"  1016d8:	e50b3018 	str	r3, [fp, #-24]	; 0xffffffe8",benign, 773, 182, 10250, 2, 6851, 2689, 1, 567, 756, 0, 225, 54384, 550, 3, 7, 8326, 2, 376, 3, 33290, 11595, 21240, 0, 0, 30, 5056, 5172, 9596, 78, 0, 0, 17, 21, 34, 2, 54434, 46516, 49593, 1, 0, 0, 374,-
249,r1,15, 1059222, 1033,"  102994:	e0211003 	eor	r1, r1, r3",benign, 947, 185, 10248, 2, 6838, 2687, 1, 567, 756, 0, 218, 54887, 550, 3, 7, 8460, 2, 379, 3, 33752, 12028, 21201, 0, 0, 30, 5192, 5042, 9602, 79, 0, 0, 17, 20, 34, 2, 54980, 47467, 50485, 1, 0, 0, 374,-
250,r2,2, 1058493, 1040,"  1026bc:	e0822003 	add	r2, r2, r3",benign, 914, 182, 10224, 2, 6823, 2689, 1, 567, 756, 0, 220, 54340, 550, 3, 7, 8481, 2, 376, 3, 33592, 11929, 21241, 0, 0, 30, 5206, 5029, 9598, 78, 0, 0, 17, 20, 34, 2, 55359, 47171, 50316, 1, 0, 0, 374,-
251,r3,4, 1060704, 1037,"  102f60:	e3413032 	movt	r3, #4146	; 0x1032",benign, 637, 192, 10231, 2, 6837, 2689, 1, 567, 756, 0, 208, 53360, 550, 3, 7, 7296, 2, 376, 3, 32142, 10481, 21206, 0, 0, 30, 5084, 5149, 9606, 78, 0, 0, 17, 20, 34, 2, 53846, 46327, 49591, 1, 0, 0, 377,-
252,r3,9, 1061060, 1037,"  1030c4:	e203303f 	and	r3, r3, #63	; 0x3f",benign, 945, 182, 7610, 3, 5034, 2018, 1, 567, 756, 0, 222, 54414, 550, 3, 7, 9020, 2, 379, 3, 33090, 11589, 21210, 0, 0, 30, 5050, 5179, 9609, 78, 0, 0, 17, 22, 34, 5, 55369, 47319, 50326, 1, 0, 0, 374,-
253,r2,11, 1061311, 1038,"  1031bc:	e2433004 	sub	r3, r3, #4",benign, 653, 185, 10224, 2, 6838, 2685, 1, 567, 756, 0, 213, 53600, 550, 3, 7, 7688, 2, 376, 3, 32880, 11167, 21222, 0, 0, 30, 5069, 5163, 9592, 78, 0, 0, 17, 20, 34, 2, 54387, 46441, 49466, 1, 0, 0, 383,-
255,r1,12, 1053333, 1034,"  101294:	e51b3020 	ldr	r3, [fp, #-32]	; 0xffffffe0",benign, 619, 0, 10242, 2, 6866, 2687, 1, 567, 756, 0, 222, 54281, 550, 3, 7, 7929, 2, 376, 3, 32888, 11161, 21222, 0, 0, 30, 5069, 5166, 9597, 79, 0, 0, 17, 20, 34, 2, 55126, 47105, 50141, 1, 0, 0, 374,-
256,r2,9, 1051868, 1030,"  100cdc:	e50b3018 	str	r3, [fp, #-24]	; 0xffffffe8",benign, 685, 182, 10252, 3, 6854, 2689, 1, 567, 756, 0, 221, 53395, 550, 3, 7, 7689, 2, 379, 3, 32794, 11025, 21223, 0, 0, 30, 5078, 5146, 9599, 78, 0, 0, 17, 20, 34, 2, 53621, 46696, 49710, 1, 0, 0, 374,-
257,r0,1, 1052792, 1032,"  101078:	e51b3130 	ldr	r3, [fp, #-304]	; 0xfffffed0",benign, 714, 182, 10231, 3, 6837, 2689, 1, 567, 756, 0, 215, 53194, 550, 3, 7, 7742, 2, 376, 3, 32066, 10389, 21205, 0, 0, 30, 5175, 5040, 9599, 78, 0, 0, 17, 20, 34, 6, 54641, 46181, 49318, 1, 0, 0, 373,-
258,r0,4, 1055681, 1030,"  101bc0:	e0822003 	add	r2, r2, r3",benign, 832, 181, 10226, 2, 6837, 2688, 1, 567, 756, 0, 221, 54720, 550, 3, 7, 8246, 2, 376, 3, 33270, 11601, 21238, 0, 0, 30, 5056, 5177, 9604, 80, 0, 0, 17, 20, 34, 2, 54953, 47074, 50122, 1, 0, 0, 376,-
259,r1,11, 1057488, 1028,"  1022d0:	e1811003 	orr	r1, r1, r3",benign, 854, 181, 10232, 3, 6822, 2689, 1, 567, 756, 0, 218, 53291, 550, 3, 7, 8089, 2, 375, 3, 32617, 10967, 21206, 0, 0, 30, 5066, 5180, 9606, 82, 0, 0, 17, 20, 34, 5, 54925, 46182, 49387, 1, 0, 0, 373,-
260,r3,1, 1059273, 1025,"  1029c8:	e50b301c 	str	r3, [fp, #-28]	; 0xffffffe4",benign, 937, 184, 10241, 2, 6828, 2689, 1, 567, 756, 0, 228, 54773, 550, 3, 7, 8683, 2, 376, 3, 33131, 11498, 21267, 0, 0, 30, 5068, 5165, 9600, 80, 0, 0, 17, 20, 34, 2, 54967, 47311, 50449, 1, 0, 0, 374,-
261,r1,28, 1052029, 1028,"  100d7c:	e51b1010 	ldr	r1, [fp, #-16]",benign, 727, 195, 10247, 2, 6858, 2692, 1, 567, 756, 0, 219, 54239, 550, 3, 7, 7679, 2, 376, 3, 32616, 10848, 21202, 0, 0, 30, 5079, 5148, 9603, 78, 0, 0, 17, 20, 34, 2, 54816, 46815, 49821, 1, 0, 0, 387,-
262,r3,20, 1055554, 1021,"  101b40:	e0211003 	eor	r1, r1, r3",benign, 823, 184, 10218, 2, 6823, 2689, 1, 567, 756, 0, 217, 54435, 550, 3, 7, 8101, 2, 376, 3, 33251, 11598, 21239, 0, 0, 30, 5061, 5177, 9600, 80, 0, 0, 17, 21, 34, 2, 54711, 46477, 49541, 1, 0, 0, 376,-
263,r1,0, 1052792, 1030,"  101078:	e51b3130 	ldr	r3, [fp, #-304]	; 0xfffffed0",benign, 714, 185, 10252, 3, 6849, 2689, 1, 567, 756, 0, 211, 53322, 550, 3, 7, 7829, 2, 378, 3, 32698, 10968, 21201, 0, 0, 30, 5060, 5154, 9607, 77, 0, 0, 17, 21, 34, 6, 54239, 46276, 49260, 1, 0, 0, 377,-
264,r1,1, 1060196, 1031,"  102d64:	e51b3018 	ldr	r3, [fp, #-24]	; 0xffffffe8",benign, 943, 181, 10228, 3, 6822, 2688, 1, 567, 756, 0, 212, 53409, 550, 3, 7, 8611, 2, 379, 3, 33369, 11684, 21210, 0, 0, 30, 5325, 4893, 9605, 80, 0, 0, 17, 21, 34, 6, 54705, 47042, 50111, 1, 0, 0, 374,-
265,r1,3, 1054212, 1028,"  101604:	e51b3010 	ldr	r3, [fp, #-16]",benign, 751, 181, 10248, 3, 6845, 2687, 1, 567, 756, 0, 211, 53626, 550, 3, 7, 8500, 2, 376, 3, 32776, 11033, 21212, 0, 0, 30, 5067, 5168, 9602, 81, 0, 0, 17, 21, 34, 2, 53813, 46491, 49538, 1, 0, 0, 374,-
266,r0,24, 1057408, 1031,"  102280:	e0822003 	add	r2, r2, r3",benign, 861, 182, 10258, 3, 6846, 2689, 1, 567, 756, 0, 211, 53315, 550, 3, 7, 8637, 2, 376, 3, 33133, 11424, 21206, 0, 0, 30, 5083, 5156, 9605, 79, 0, 0, 20, 21, 36, 2, 53611, 47035, 50114, 1, 0, 0, 376,-
267,r0,3, 1057829, 1026,"  102424:	e51b300c 	ldr	r3, [fp, #-12]",benign, 893, 182, 10255, 2, 6848, 2691, 1, 567, 756, 0, 242, 54650, 550, 3, 7, 8143, 2, 379, 3, 33888, 12214, 21235, 0, 0, 30, 5209, 5029, 9607, 80, 0, 0, 17, 21, 34, 2, 55036, 47607, 50682, 1, 0, 0, 374,-
268,r1,18, 1054991, 1030,"  10190c:	e51b3020 	ldr	r3, [fp, #-32]	; 0xffffffe0",benign, 810, 182, 10247, 2, 6839, 2690, 1, 567, 756, 0, 228, 54224, 550, 3, 7, 7926, 3, 385, 3, 33042, 11335, 21231, 0, 0, 30, 5194, 5045, 9601, 79, 0, 0, 20, 21, 36, 2, 54856, 47354, 50600, 1, 0, 0, 374,-
269,r2,11, 1055238, 1027,"  101a04:	e0233001 	eor	r3, r3, r1",benign, 817, 182, 10221, 2, 6833, 2688, 1, 567, 756, 0, 218, 54619, 550, 3, 7, 8547, 2, 379, 3, 32675, 10999, 21188, 0, 0, 30, 5189, 5051, 9605, 81, 0, 0, 17, 20, 34, 2, 54562, 46968, 50028, 1, 0, 0, 374,-
270,r1,23, 1060349, 1028,"  102dfc:	e51b3018 	ldr	r3, [fp, #-24]	; 0xffffffe8",benign, 973, 184, 10264, 2, 6848, 2690, 1, 567, 756, 0, 220, 54866, 550, 3, 7, 8945, 3, 385, 3, 33607, 11885, 21234, 0, 0, 30, 5083, 5160, 9607, 79, 0, 0, 17, 21, 34, 2, 55495, 46979, 49946, 1, 0, 0, 374,-
271,r0,7, 1055193, 1025,"  1019d8:	e50b3014 	str	r3, [fp, #-20]	; 0xffffffec",benign, 819, 185, 10263, 2, 6851, 2692, 1, 567, 756, 0, 230, 54593, 550, 3, 7, 7975, 2, 378, 3, 33195, 11544, 21201, 0, 0, 30, 5194, 5052, 9601, 81, 0, 0, 17, 21, 34, 2, 54621, 46636, 49642, 1, 0, 0, 493,-
272,r3,5, 1052427, 1027,"  100f08:	e51b301c 	ldr	r3, [fp, #-28]	; 0xffffffe4",benign, 728, 182, 10235, 2, 6839, 2688, 1, 567, 756, 0, 223, 54469, 550, 3, 7, 8108, 2, 376, 3, 33800, 12065, 21226, 0, 0, 30, 5196, 5027, 9597, 78, 0, 0, 17, 21, 34, 2, 54522, 46762, 49803, 1, 0, 0, 374,-
273,r0,6, 1060260, 1029,"  102da4:	e1a03163 	ror	r3, r3, #2",benign, 954, 185, 10265, 3, 6848, 2691, 1, 567, 756, 0, 222, 54311, 550, 3, 7, 7544, 2, 375, 3, 33457, 11701, 21184, 0, 0, 30, 5075, 5145, 9597, 78, 0, 0, 17, 20, 34, 5, 54853, 45921, 48953, 1, 0, 0, 374,-
274,r1,16, 1052539, 1031,"  100f78:	e1813003 	orr	r3, r1, r3",benign, 744, 184, 10227, 2, 6829, 2690, 1, 567, 756, 0, 221, 53881, 550, 3, 7, 8275, 2, 378, 3, 32695, 10958, 21224, 0, 0, 30, 5044, 5178, 9597, 80, 0, 0, 17, 20, 34, 2, 54409, 47129, 50358, 1, 0, 0, 376,-
275,r1,11, 1056321, 1028,"  101e40:	e51b3014 	ldr	r3, [fp, #-20]	; 0xffffffec",benign, 861, 185, 10248, 2, 6842, 2690, 1, 567, 756, 0, 233, 54630, 550, 3, 7, 8032, 2, 378, 3, 33441, 11824, 21209, 0, 0, 30, 5192, 5060, 9606, 82, 0, 0, 17, 20, 34, 2, 54975, 47216, 50190, 1, 0, 0, 374,-
276,r0,12, 1051854, 1027,"  100ccc:	e50b3020 	str	r3, [fp, #-32]	; 0xffffffe0",benign, 712, 182, 10249, 2, 6846, 2687, 1, 567, 756, 0, 224, 54025, 550, 3, 7, 7686, 2, 376, 3, 32793, 11034, 21229, 0, 0, 30, 5120, 5208, 9594, 81, 0, 0, 17, 21, 34, 2, 54693, 46717, 49733, 1, 0, 0, 373,-
277,r3,15, 1055511, 1030,"  101b14:	e51b3010 	ldr	r3, [fp, #-16]",benign, 812, 194, 10235, 2, 6845, 2689, 1, 567, 756, 0, 219, 54381, 550, 3, 7, 8202, 2, 379, 3, 33249, 11552, 21219, 0, 0, 30, 5074, 5180, 9614, 80, 0, 0, 17, 20, 34, 2, 54476, 46888, 49902, 1, 0, 0, 374,-
278,r2,18, 1058690, 1031,"  102780:	e0233001 	eor	r3, r3, r1",benign, 937, 185, 10239, 2, 6832, 2690, 1, 567, 756, 0, 234, 54436, 550, 3, 7, 8458, 2, 376, 3, 33618, 11942, 21204, 0, 0, 30, 5063, 5157, 9600, 79, 0, 0, 17, 20, 34, 2, 54695, 47014, 50078, 1, 0, 0, 377,-
279,r0,29, 1055155, 1030,"  1019b0:	e30e3ba1 	movw	r3, #60321	; 0xeba1",benign, 809, 182, 10240, 2, 6841, 2687, 1, 567, 756, 0, 219, 54529, 550, 3, 7, 8046, 2, 376, 3, 33254, 11584, 21218, 0, 0, 30, 5059, 5180, 9603, 83, 0, 0, 17, 20, 34, 2, 54859, 46884, 50007, 1, 0, 0, 377,-
280,r0,18, 1051437, 1027,"  100b2c:	e0011003 	and	r1, r1, r3",benign, 695, 182, 10249, 2, 6854, 2689, 1, 567, 756, 0, 228, 53932, 550, 3, 7, 8167, 2, 379, 3, 33067, 11346, 21211, 0, 0, 30, 5286, 5114, 9603, 80, 0, 0, 17, 21, 34, 2, 54805, 46889, 49874, 1, 0, 0, 377,-
281,r0,27, 1054290, 1031,"  101650:	e30e3ba1 	movw	r3, #60321	; 0xeba1",benign, 799, 185, 10264, 2, 6860, 2692, 1, 567, 756, 0, 219, 54055, 550, 3, 7, 7698, 2, 376, 3, 32944, 11204, 21210, 0, 0, 30, 5049, 5170, 9598, 78, 0, 0, 17, 20, 34, 2, 54212, 46681, 49660, 1, 0, 0, 374,-
282,r1,10, 1060867, 1027,"  103000:	e0822003 	add	r2, r2, r3",benign, 666, 192, 10253, 2, 6850, 2687, 1, 567, 756, 0, 222, 54022, 550, 3, 7, 7434, 2, 376, 3, 32692, 10985, 21205, 0, 0, 30, 5072, 5159, 9597, 78, 0, 0, 17, 20, 34, 2, 53514, 46327, 49385, 1, 0, 0, 374,-
283,r0,12, 1060052, 1029,"  102cd4:	e51b300c 	ldr	r3, [fp, #-12]",benign, 943, 185, 10250, 3, 6839, 2690, 1, 567, 756, 0, 212, 53362, 550, 3, 7, 7779, 2, 376, 3, 33291, 11597, 21189, 0, 0, 30, 5467, 4767, 9612, 81, 0, 0, 20, 22, 36, 6, 54519, 46217, 49190, 1, 0, 0, 374,-
284,r3,10, 1056177, 1030,"  101db0:	e3483f1b 	movt	r3, #36635	; 0x8f1b",benign, 841, 182, 10225, 2, 6828, 2689, 1, 567, 756, 0, 231, 54519, 550, 3, 7, 8254, 2, 457, 3, 33157, 11491, 21222, 0, 0, 30, 5044, 5172, 9599, 78, 0, 0, 17, 20, 34, 2, 55150, 46711, 49758, 1, 0, 0, 376,-
285,r0,4, 1059987, 1032,"  102c90:	e0233001 	eor	r3, r3, r1",benign, 973, 185, 10258, 2, 6860, 2694, 1, 567, 756, 0, 223, 54360, 550, 3, 7, 8858, 2, 378, 3, 33281, 11569, 21209, 0, 0, 30, 5172, 5062, 9601, 81, 0, 0, 17, 21, 34, 2, 54976, 47237, 50273, 1, 0, 0, 377,-
286,r0,2, 1057392, 1031,"  102270:	e0822003 	add	r2, r2, r3",benign, 855, 182, 10249, 3, 6843, 2689, 1, 567, 756, 0, 224, 54664, 550, 3, 7, 7824, 2, 375, 3, 33304, 11536, 21209, 0, 0, 30, 5330, 4905, 9604, 80, 0, 0, 17, 20, 34, 5, 54745, 46937, 49926, 1, 0, 0, 374,-
287,r1,26, 1060909, 1031,"  10302c:	e51b3008 	ldr	r3, [fp, #-8]",benign, 669, 182, 10242, 2, 6843, 2689, 1, 567, 756, 0, 212, 54554, 550, 3, 7, 7453, 2, 379, 3, 33160, 11467, 21211, 0, 0, 30, 5320, 4916, 9607, 81, 0, 0, 17, 20, 34, 2, 54355, 46582, 49623, 1, 0, 0, 373,-
288,r2,15, 1051209, 1030,"  100a48:	e083300b 	add	r3, r3, fp",benign, 702, 195, 10213, 2, 6825, 2691, 1, 567, 756, 0, 217, 53981, 550, 3, 7, 7902, 2, 376, 3, 32531, 10936, 21208, 0, 0, 30, 5351, 4896, 9608, 78, 0, 0, 17, 20, 34, 2, 54851, 46664, 49674, 1, 0, 0, 385,-
289,r0,30, 1060953, 1027,"  103058:	e51b3010 	ldr	r3, [fp, #-16]",benign, 980, 182, 10258, 2, 6837, 2689, 1, 567, 756, 0, 230, 55130, 550, 3, 7, 9018, 2, 376, 3, 33534, 11856, 21238, 0, 0, 30, 5057, 5168, 9601, 80, 0, 0, 17, 21, 34, 2, 55138, 47008, 49975, 1, 0, 0, 377,-
290,r2,4, 1055789, 1032,"  101c2c:	e0822003 	add	r2, r2, r3",benign, 830, 182, 10234, 2, 6834, 2688, 1, 567, 756, 0, 221, 54603, 550, 3, 7, 8034, 2, 423, 3, 33082, 11337, 21233, 0, 0, 30, 5176, 5066, 9608, 80, 0, 0, 17, 20, 34, 2, 54447, 47292, 50378, 1, 0, 0, 374,-
291,r3,13, 1055526, 1027,"  101b24:	e50b3010 	str	r3, [fp, #-16]",benign, 831, 182, 10225, 2, 6827, 2690, 1, 567, 756, 0, 225, 54523, 550, 3, 7, 8252, 2, 379, 3, 33590, 11834, 21225, 0, 0, 30, 5192, 5041, 9596, 79, 0, 0, 17, 20, 34, 2, 54618, 47173, 50411, 1, 0, 0, 374,-
292,r3,27, 1052142, 1032,"  100dec:	e51b300c 	ldr	r3, [fp, #-12]",benign, 729, 182, 10229, 2, 6839, 2688, 1, 567, 756, 0, 220, 54649, 550, 3, 7, 8220, 2, 379, 3, 33261, 11556, 21227, 0, 0, 30, 5289, 5180, 9614, 79, 0, 0, 17, 20, 34, 2, 54960, 46852, 49892, 1, 0, 0, 384,-
293,r2,28, 1056659, 1032,"  101f90:	e0822003 	add	r2, r2, r3",benign, 860, 185, 10222, 2, 6824, 2688, 1, 567, 756, 0, 223, 54634, 550, 3, 7, 8357, 2, 379, 3, 33887, 12192, 21230, 0, 0, 30, 5049, 5177, 9602, 80, 0, 0, 17, 20, 34, 2, 55210, 47354, 50362, 1, 0, 0, 377,-
294,r0,12, 1061443, 1028,"  103240:	e2433004 	sub	r3, r3, #4",benign, 668, 182, 10227, 2, 6841, 2686, 1, 567, 756, 0, 223, 53892, 550, 3, 7, 7890, 2, 379, 3, 33121, 11365, 21251, 0, 0, 30, 5071, 5155, 9589, 78, 0, 0, 17, 20, 34, 2, 54476, 46360, 49440, 1, 0, 0, 383,-
295,r1,4, 1054710, 1029,"  1017f4:	e0822003 	add	r2, r2, r3",benign, 805, 185, 10237, 2, 6839, 2688, 1, 567, 756, 0, 220, 53744, 550, 3, 7, 7990, 2, 375, 3, 33481, 11750, 21220, 0, 0, 30, 5049, 5182, 9602, 81, 0, 0, 17, 20, 34, 2, 54835, 46893, 50081, 1, 0, 0, 374,-
296,r2,27, 1052965, 1031,"  101124:	e51b300c 	ldr	r3, [fp, #-12]",benign, 747, 182, 10243, 2, 6842, 2688, 1, 567, 756, 0, 227, 54486, 550, 3, 7, 8075, 3, 387, 3, 32851, 11106, 21212, 0, 0, 30, 5050, 5179, 9594, 78, 0, 0, 17, 20, 34, 2, 54381, 46508, 49603, 1, 0, 0, 374,-
297,r0,23, 1056244, 1032,"  101df4:	e51b3018 	ldr	r3, [fp, #-24]	; 0xffffffe8",benign, 824, 185, 10249, 3, 6846, 2690, 1, 567, 756, 0, 221, 54346, 550, 3, 7, 7510, 2, 375, 3, 33170, 11412, 21182, 0, 0, 30, 5071, 5170, 9635, 82, 0, 0, 17, 21, 34, 6, 54925, 46585, 49564, 1, 0, 0, 374,-
298,r1,14, 1058707, 1030,"  102790:	e51b3064 	ldr	r3, [fp, #-100]	; 0xffffff9c",benign, 927, 185, 10258, 2, 6845, 2689, 1, 567, 756, 0, 225, 54698, 550, 3, 7, 8353, 2, 375, 3, 33286, 11654, 21223, 0, 0, 30, 5168, 5071, 9613, 78, 0, 0, 17, 20, 34, 2, 55379, 47552, 50665, 1, 0, 0, 377,-
299,r0,22, 1055733, 1027,"  101bf4:	e50b3014 	str	r3, [fp, #-20]	; 0xffffffec",benign, 839, 182, 10243, 2, 6851, 2691, 1, 567, 756, 0, 223, 54448, 550, 3, 7, 8209, 2, 375, 3, 33290, 11563, 21218, 0, 0, 30, 5046, 5181, 9603, 81, 0, 0, 17, 21, 34, 2, 54476, 46884, 49885, 1, 0, 0, 374,-
300,r3,19, 1056203, 1028,"  101dc8:	e50b3018 	str	r3, [fp, #-24]	; 0xffffffe8",benign, 846, 181, 10220, 2, 6826, 2689, 1, 567, 756, 0, 225, 54369, 550, 3, 7, 8308, 2, 375, 3, 33616, 11865, 21228, 0, 0, 30, 5191, 5046, 9600, 79, 0, 0, 17, 21, 34, 2, 55166, 47315, 50456, 1, 0, 0, 377,-
301,r0,5, 1053977, 1031,"  101518:	e50b3020 	str	r3, [fp, #-32]	; 0xffffffe0",benign, 775, 181, 10244, 2, 6839, 2687, 1, 567, 756, 0, 222, 54250, 550, 3, 7, 8095, 2, 379, 3, 33415, 11673, 21225, 0, 0, 30, 5288, 4963, 9614, 81, 0, 0, 17, 20, 34, 2, 55195, 46498, 49567, 1, 0, 0, 376,-
302,r2,22, 1051387, 1032,"  100af8:	e51b3014 	ldr	r3, [fp, #-20]	; 0xffffffec",benign, 692, 183, 10257, 2, 6855, 2692, 1, 567, 756, 0, 226, 54251, 550, 3, 7, 8004, 2, 376, 3, 33231, 11504, 21225, 0, 0, 30, 5071, 5149, 9595, 78, 0, 0, 17, 21, 32, 0, 54287, 47002, 49962, 1, 0, 0, 374,-
303,r2,5, 1059997, 1031,"  102c9c:	e0822003 	add	r2, r2, r3",benign, 971, 182, 10227, 2, 6835, 2691, 1, 567, 756, 0, 226, 54309, 550, 3, 7, 8393, 2, 378, 3, 33277, 11538, 21218, 0, 0, 30, 5069, 5175, 9611, 80, 0, 0, 17, 20, 34, 2, 54976, 47170, 50189, 1, 0, 0, 374,-
304,r2,1, 1059951, 1033,"  102c6c:	e50b3010 	str	r3, [fp, #-16]",benign, 966, 185, 10257, 2, 6840, 2689, 3, 567, 756, 0, 225, 54929, 550, 3, 7, 8436, 2, 379, 3, 33474, 11772, 21221, 0, 0, 30, 5173, 5089, 9625, 82, 0, 0, 17, 21, 34, 2, 55029, 47316, 50361, 1, 0, 0, 376,-
305,r2,12, 1055633, 1029,"  101b90:	e50b3010 	str	r3, [fp, #-16]",benign, 818, 181, 10246, 2, 6843, 2688, 1, 567, 756, 0, 229, 54455, 550, 3, 7, 7973, 2, 378, 3, 33200, 11510, 21248, 0, 0, 30, 5063, 5164, 9598, 78, 0, 0, 17, 21, 34, 2, 53912, 46846, 49868, 1, 0, 0, 377,-
306,r2,10, 1058852, 1025,"  102824:	e51b3010 	ldr	r3, [fp, #-16]",benign, 909, 185, 10245, 3, 6845, 2689, 1, 567, 756, 0, 211, 53339, 550, 3, 7, 8342, 2, 376, 3, 32146, 10484, 21194, 0, 0, 30, 5063, 5168, 9602, 78, 0, 0, 17, 20, 34, 2, 54179, 47136, 50119, 1, 0, 0, 376,-
307,r0,14, 1056276, 1028,"  101e14:	e0822003 	add	r2, r2, r3",benign, 822, 184, 10242, 3, 6843, 2691, 1, 567, 756, 0, 214, 53894, 550, 3, 7, 8146, 2, 376, 3, 32278, 10558, 21220, 0, 0, 30, 5072, 5170, 9600, 78, 0, 0, 17, 21, 34, 2, 54341, 47020, 50036, 1, 0, 0, 374,-
308,r3,5, 1050992, 1030,"  100970:	eb002b37 	bl	10b654 <xil_printf>",benign, 639, 185, 10249, 3, 6850, 2689, 1, 567, 756, 0, 206, 53282, 550, 3, 7, 7669, 2, 378, 3, 32813, 11177, 21195, 0, 0, 30, 5164, 5055, 9589, 78, 0, 0, 17, 20, 34, 2, 54059, 46396, 49467, 1, 0, 0, 374,-
309,r2,3, 1053057, 1028,"  101180:	e51b3018 	ldr	r3, [fp, #-24]	; 0xffffffe8",benign, 743, 185, 10247, 2, 6842, 2687, 1, 567, 756, 0, 225, 54161, 550, 3, 7, 7868, 2, 378, 3, 32723, 11098, 21205, 0, 0, 30, 5069, 5174, 9603, 82, 0, 0, 17, 20, 34, 2, 54419, 46396, 49463, 1, 0, 0, 376,-
310,r1,7, 1052042, 1028,"  100d88:	e51b3010 	ldr	r3, [fp, #-16]",benign, 707, 182, 10208, 2, 6824, 2689, 3, 567, 756, 0, 224, 53784, 550, 3, 7, 7886, 2, 376, 3, 33351, 11678, 21231, 0, 0, 30, 5135, 5213, 9604, 80, 0, 0, 17, 21, 34, 2, 54607, 46670, 49783, 1, 0, 0, 374,-
311,r3,27, 1053569, 1033,"  101380:	e50b3010 	str	r3, [fp, #-16]",benign, 760, 182, 10222, 2, 6830, 2688, 1, 567, 756, 0, 220, 54099, 550, 3, 7, 8094, 2, 376, 3, 33206, 11470, 21219, 0, 0, 30, 5054, 5177, 9602, 79, 0, 0, 20, 22, 36, 2, 54904, 46706, 49756, 1, 0, 0, 374,-
312,r3,23, 1058726, 1031,"  1027a4:	e50b3020 	str	r3, [fp, #-32]	; 0xffffffe0",benign, 929, 184, 10224, 2, 6821, 2687, 1, 567, 756, 0, 218, 54641, 550, 3, 7, 8777, 2, 376, 3, 33510, 11781, 21228, 0, 0, 30, 5218, 5322, 9602, 80, 0, 0, 17, 20, 34, 2, 55101, 47594, 50726, 1, 0, 0, 377,-
313,r3,28, 1057762, 1033,"  1023e0:	e1813003 	orr	r3, r1, r3",benign, 895, 182, 10219, 2, 6820, 2687, 3, 567, 756, 0, 224, 54201, 550, 3, 7, 8449, 2, 376, 3, 33449, 11773, 21237, 0, 0, 30, 5050, 5184, 9606, 80, 0, 0, 17, 20, 34, 2, 54954, 46951, 49912, 1, 0, 0, 376,-
314,r2,5, 1059303, 1030,"  1029e4:	e50b3010 	str	r3, [fp, #-16]",benign, 947, 182, 10249, 2, 6839, 2690, 1, 567, 756, 0, 217, 54432, 550, 3, 7, 9097, 2, 379, 3, 33889, 12196, 21233, 0, 0, 30, 5074, 5157, 9603, 81, 0, 0, 17, 21, 32, 0, 55062, 47170, 50189, 1, 0, 0, 374,-
315,r3,9, 1057046, 1029,"  102114:	e3483f1b 	movt	r3, #36635	; 0x8f1b",benign, 865, 182, 10234, 2, 6825, 2690, 1, 567, 756, 0, 220, 54374, 550, 3, 7, 8408, 2, 378, 3, 33467, 11749, 21231, 0, 0, 30, 5328, 4908, 9603, 79, 0, 0, 17, 20, 34, 2, 54887, 46810, 49880, 1, 0, 0, 377,-
316,r2,13, 1057418, 1027,"  102288:	e3483f1b 	movt	r3, #36635	; 0x8f1b",benign, 890, 182, 10235, 2, 6833, 2690, 1, 567, 756, 0, 224, 54678, 550, 3, 7, 8297, 2, 378, 3, 33436, 11719, 21216, 0, 0, 30, 5072, 5163, 9610, 81, 0, 0, 17, 21, 34, 2, 55411, 47744, 50747, 1, 0, 0, 373,-
317,r3,26, 1060278, 1026,"  102db4:	e51b3020 	ldr	r3, [fp, #-32]	; 0xffffffe0",benign, 974, 182, 10248, 2, 6838, 2688, 1, 567, 756, 0, 228, 55261, 550, 3, 7, 8893, 2, 379, 3, 33722, 12050, 21216, 0, 0, 30, 5040, 5187, 9592, 79, 0, 0, 17, 20, 34, 2, 55011, 47163, 50253, 1, 0, 0, 374,-
318,r1,31, 1054233, 1030,"  101618:	e51b3020 	ldr	r3, [fp, #-32]	; 0xffffffe0",benign, 793, 185, 10249, 2, 6844, 2689, 1, 567, 756, 0, 236, 54674, 550, 3, 7, 8431, 2, 376, 3, 32992, 11282, 21207, 0, 0, 30, 5061, 5169, 9599, 79, 0, 0, 17, 20, 34, 2, 54916, 46604, 49696, 1, 0, 0, 384,-
319,r3,12, 1056691, 1026,"  101fb0:	e50b301c 	str	r3, [fp, #-28]	; 0xffffffe4",benign, 867, 181, 10229, 2, 6833, 2689, 4, 567, 756, 0, 227, 55005, 550, 3, 7, 8507, 2, 376, 3, 33048, 11291, 21214, 0, 0, 30, 5074, 5171, 9610, 81, 0, 0, 17, 21, 34, 2, 54850, 46989, 50084, 1, 0, 0, 373,-
320,r3,12, 1053378, 1030,"  1012c0:	e1813003 	orr	r3, r1, r3",benign, 749, 184, 10223, 2, 6826, 2688, 1, 567, 756, 0, 221, 53907, 550, 3, 7, 7762, 2, 376, 3, 33280, 11536, 21223, 0, 0, 30, 5182, 5043, 9599, 80, 0, 0, 17, 21, 34, 2, 54638, 47156, 50194, 1, 0, 0, 374,-
321,r3,8, 1056419, 1033,"  101ea0:	e0822003 	add	r2, r2, r3",benign, 856, 185, 10231, 2, 6832, 2691, 1, 567, 756, 0, 221, 54277, 550, 3, 7, 8416, 2, 378, 3, 33510, 11771, 21228, 0, 0, 30, 5191, 5041, 9603, 80, 0, 0, 17, 20, 34, 2, 54713, 46646, 49660, 1, 0, 0, 376,-
322,r2,16, 1057908, 1030,"  102474:	e30b3cdc 	movw	r3, #48348	; 0xbcdc",benign, 873, 182, 10227, 3, 6823, 2688, 1, 567, 756, 0, 224, 54089, 550, 3, 7, 7881, 2, 378, 3, 32852, 11221, 21208, 0, 0, 30, 5065, 5144, 9606, 81, 0, 0, 17, 20, 34, 6, 54442, 46062, 49047, 1, 0, 0, 373,-
323,r1,25, 1052680, 1036,"  101008:	e3073999 	movw	r3, #31129	; 0x7999",benign, 714, 185, 10226, 3, 6837, 2687, 1, 567, 756, 0, 214, 53438, 550, 3, 7, 7760, 2, 379, 3, 32593, 10951, 21182, 0, 0, 30, 5199, 5013, 9608, 79, 0, 0, 17, 20, 34, 5, 55033, 46370, 49548, 1, 0, 0, 377,-
324,r2,14, 1052234, 1032,"  100e48:	e51b3010 	ldr	r3, [fp, #-16]",benign, 732, 185, 10242, 2, 6844, 2690, 1, 567, 756, 0, 226, 53929, 550, 3, 7, 8032, 2, 376, 3, 32944, 11314, 21233, 0, 0, 30, 5065, 5179, 9607, 81, 0, 0, 17, 21, 34, 2, 55389, 46609, 49683, 1, 0, 0, 374,-
325,r3,26, 1055399, 1025,"  101aa4:	e50b3018 	str	r3, [fp, #-24]	; 0xffffffe8",benign, 824, 182, 10223, 2, 6828, 2690, 1, 567, 756, 0, 221, 54345, 550, 3, 7, 7970, 2, 376, 3, 33072, 11358, 21237, 0, 0, 30, 5192, 5042, 9600, 81, 0, 0, 17, 21, 34, 2, 54785, 47272, 50260, 1, 0, 0, 376,-
326,r2,25, 1055356, 1034,"  101a7c:	e0822003 	add	r2, r2, r3",benign, 786, 182, 10245, 3, 6831, 2687, 1, 567, 756, 0, 211, 53895, 550, 3, 7, 8531, 2, 379, 3, 32767, 11066, 21202, 0, 0, 30, 5074, 5148, 9612, 79, 0, 0, 17, 22, 34, 5, 54827, 46713, 49749, 1, 0, 0, 377,-
327,r2,12, 1053393, 1031,"  1012d0:	e51b311c 	ldr	r3, [fp, #-284]	; 0xfffffee4",benign, 766, 185, 10212, 2, 6820, 2688, 1, 567, 756, 0, 223, 53837, 550, 3, 7, 7915, 2, 379, 3, 33021, 11272, 21212, 0, 0, 30, 5179, 5055, 9604, 81, 0, 0, 17, 21, 34, 2, 54512, 47034, 50041, 1, 0, 0, 384,-
328,r3,10, 1060490, 1035,"  102e88:	e50b3010 	str	r3, [fp, #-16]",benign, 979, 182, 10238, 2, 6828, 2688, 4, 567, 756, 0, 225, 54921, 550, 3, 7, 8805, 2, 376, 3, 33489, 11808, 21237, 0, 0, 30, 5081, 5172, 9603, 80, 0, 0, 17, 20, 34, 2, 55425, 47543, 50593, 1, 0, 0, 374,-
329,r1,27, 1060717, 1027,"  102f6c:	e30e31f0 	movw	r3, #57840	; 0xe1f0",benign, 667, 185, 10228, 2, 6841, 2688, 1, 567, 756, 0, 222, 53725, 550, 3, 7, 7578, 2, 376, 3, 32874, 11150, 21248, 0, 0, 30, 5204, 5021, 9595, 80, 0, 0, 17, 20, 34, 2, 55041, 46510, 49608, 1, 0, 0, 545,-
330,r0,24, 1053572, 1032,"  101384:	e51b3020 	ldr	r3, [fp, #-32]	; 0xffffffe0",benign, 736, 181, 10241, 3, 6839, 2688, 1, 567, 756, 0, 221, 54254, 550, 3, 7, 7776, 3, 388, 3, 32331, 10596, 21211, 0, 0, 30, 5178, 5069, 9621, 80, 0, 0, 17, 20, 34, 5, 54765, 46408, 49453, 1, 0, 0, 374,-
331,r2,14, 1055255, 1030,"  101a14:	e51b30d8 	ldr	r3, [fp, #-216]	; 0xffffff28",benign, 815, 194, 10229, 2, 6829, 2688, 1, 567, 756, 0, 223, 54358, 550, 3, 7, 8006, 3, 568, 3, 33270, 11533, 21241, 0, 0, 30, 5186, 5049, 9604, 79, 0, 0, 17, 20, 34, 2, 54591, 47241, 50253, 1, 0, 0, 377,-
332,r0,8, 1052716, 1026,"  10102c:	e1a03163 	ror	r3, r3, #2",benign, 715, 182, 10230, 3, 6838, 2689, 1, 567, 756, 0, 217, 53564, 550, 3, 7, 8171, 2, 379, 3, 32346, 10740, 21177, 0, 0, 30, 5061, 5164, 9604, 78, 0, 0, 17, 20, 34, 5, 54178, 46537, 49559, 1, 0, 0, 373,-
333,r0,21, 1051403, 1033,"  100b08:	e50b3014 	str	r3, [fp, #-20]	; 0xffffffec",benign, 687, 182, 10234, 2, 6839, 2688, 1, 567, 756, 0, 225, 54229, 550, 3, 7, 7762, 2, 378, 3, 33345, 11623, 21228, 0, 0, 30, 5207, 5036, 9603, 82, 0, 0, 17, 21, 34, 2, 54775, 46809, 49873, 1, 0, 0, 374,-
334,r2,9, 1053819, 1037,"  101478:	e51b1010 	ldr	r1, [fp, #-16]",benign, 782, 183, 10218, 2, 6825, 2688, 1, 567, 756, 0, 225, 54120, 550, 3, 7, 8116, 2, 378, 3, 33199, 11453, 21225, 0, 0, 30, 5312, 5176, 9605, 80, 0, 0, 17, 21, 34, 2, 54909, 47172, 50173, 1, 0, 0, 373,-
335,r2,1, 1051206, 1025,"  100a44:	e2433004 	sub	r3, r3, #4",benign, 698, 182, 10211, 2, 6822, 2689, 1, 567, 756, 0, 224, 53834, 550, 3, 7, 8038, 2, 376, 3, 32646, 11126, 21211, 0, 0, 30, 5331, 4916, 9613, 82, 0, 0, 17, 20, 34, 2, 54447, 47076, 50295, 1, 0, 0, 373,-
336,r0,4, 1061033, 1026,"  1030a8:	e5933014 	ldr	r3, [r3, #20]",benign, 976, 185, 10251, 2, 6845, 2690, 1, 567, 756, 0, 239, 55094, 550, 3, 7, 8772, 2, 379, 3, 33726, 12018, 21260, 0, 0, 30, 5198, 5053, 9609, 80, 0, 0, 17, 20, 34, 2, 55166, 47054, 50166, 1, 0, 0, 373,-
337,r1,25, 1060675, 1026,"  102f40:	e34e3fcd 	movt	r3, #61389	; 0xefcd",benign, 649, 182, 10250, 2, 6852, 2684, 1, 567, 756, 0, 218, 53949, 550, 3, 7, 7488, 2, 379, 3, 32439, 10823, 21249, 0, 0, 30, 5077, 5167, 9604, 79, 0, 0, 17, 20, 34, 2, 54374, 46793, 49799, 1, 0, 0, 377,-
338,r3,9, 1055813, 1035,"  101c44:	e50b3020 	str	r3, [fp, #-32]	; 0xffffffe0",benign, 831, 185, 10214, 2, 6824, 2690, 1, 567, 756, 0, 222, 54375, 550, 3, 7, 8006, 2, 376, 3, 33282, 11536, 21211, 0, 0, 30, 5186, 5049, 9595, 79, 0, 0, 17, 21, 34, 2, 54825, 45838, 48803, 1, 0, 0, 374,-
339,r0,16, 1052970, 1027,"  101128:	e50b3010 	str	r3, [fp, #-16]",benign, 742, 185, 10233, 2, 6844, 2689, 1, 567, 756, 0, 227, 54450, 550, 3, 7, 7718, 2, 379, 3, 32787, 11044, 21208, 0, 0, 30, 5069, 5163, 9604, 81, 0, 0, 17, 20, 34, 2, 55155, 46549, 49582, 1, 0, 0, 374,-
340,r3,31, 1054848, 1024,"  101880:	e50b301c 	str	r3, [fp, #-28]	; 0xffffffe4",benign, 785, 185, 10228, 3, 6825, 2687, 1, 567, 756, 0, 218, 54256, 550, 3, 7, 7265, 3, 386, 3, 32978, 11345, 21172, 0, 0, 30, 5063, 5161, 9606, 77, 0, 0, 17, 22, 34, 5, 54407, 45831, 48877, 1, 0, 0, 386,-
341,r0,28, 1061027, 1037,"  1030a0:	e50b0018 	str	r0, [fp, #-24]	; 0xffffffe8",benign, 965, 185, 7619, 2, 5042, 2017, 1, 567, 756, 0, 227, 54612, 550, 3, 7, 8805, 2, 379, 3, 33101, 11550, 21264, 0, 0, 30, 5058, 5169, 9606, 78, 0, 0, 17, 20, 34, 2, 54908, 47223, 50265, 1, 0, 0, 374,-
342,r3,22, 1056653, 1026,"  101f8c:	e51b301c 	ldr	r3, [fp, #-28]	; 0xffffffe4",benign, 846, 181, 10231, 2, 6841, 2687, 1, 567, 756, 0, 231, 54572, 550, 3, 7, 8525, 2, 378, 3, 33345, 11678, 21214, 0, 0, 30, 5167, 5076, 9609, 79, 0, 0, 17, 21, 34, 2, 55223, 47241, 50253, 1, 0, 0, 374,-
343,r0,5, 1059511, 1030,"  102ab4:	e50b3014 	str	r3, [fp, #-20]	; 0xffffffec",benign, 951, 182, 10257, 2, 6849, 2691, 1, 567, 756, 0, 224, 54709, 550, 3, 7, 8568, 2, 375, 3, 33369, 11666, 21247, 0, 0, 30, 5069, 5177, 9601, 78, 0, 0, 20, 22, 36, 2, 55364, 46975, 49981, 1, 0, 0, 377,-
344,r2,6, 1058667, 1032,"  102768:	e51b300c 	ldr	r3, [fp, #-12]",benign, 926, 195, 10256, 2, 6842, 2689, 1, 567, 756, 0, 219, 54400, 550, 3, 7, 8604, 2, 375, 3, 33363, 11726, 21229, 0, 0, 30, 5295, 4948, 9614, 81, 0, 0, 17, 21, 34, 2, 54834, 46961, 50030, 1, 0, 0, 377,-
345,r2,31, 1056521, 1027,"  101f08:	e1813003 	orr	r3, r1, r3",benign, 855, 182, 10216, 2, 6820, 2687, 1, 567, 756, 0, 214, 54507, 550, 3, 7, 8367, 2, 376, 3, 32812, 11122, 21231, 0, 0, 30, 5321, 4921, 9611, 78, 0, 0, 20, 21, 36, 2, 54969, 47143, 50194, 1, 0, 0, 374,-
346,r3,1, 1055261, 1027,"  101a1c:	e30e3ba1 	movw	r3, #60321	; 0xeba1",benign, 832, 185, 10239, 2, 6841, 2687, 1, 567, 756, 0, 226, 54161, 550, 3, 7, 7998, 2, 376, 3, 33444, 11703, 21241, 0, 0, 30, 5257, 5115, 9607, 79, 0, 0, 17, 20, 34, 2, 54515, 47248, 50257, 1, 0, 0, 374,-
347,r1,10, 1060583, 1030,"  102ee4:	e51b3018 	ldr	r3, [fp, #-24]	; 0xffffffe8",benign, 985, 194, 10243, 2, 6836, 2689, 1, 567, 756, 0, 222, 55052, 550, 3, 7, 8759, 2, 379, 3, 33471, 11775, 21230, 0, 0, 30, 5056, 5175, 9601, 80, 0, 0, 17, 20, 34, 2, 55574, 47163, 50174, 1, 0, 0, 376,-
348,r1,9, 1051249, 1031,"  100a70:	e50b300c 	str	r3, [fp, #-12]",benign, 690, 185, 10229, 2, 6839, 2688, 1, 567, 756, 0, 238, 54219, 550, 3, 7, 8030, 2, 375, 3, 33104, 11443, 21207, 0, 0, 30, 5053, 5173, 9601, 81, 0, 0, 17, 21, 34, 2, 54421, 46672, 49657, 1, 0, 0, 377,-
349,r1,24, 1052112, 1031,"  100dd0:	e51b3010 	ldr	r3, [fp, #-16]",benign, 696, 181, 10241, 3, 6847, 2687, 1, 567, 756, 0, 212, 53441, 550, 3, 7, 7738, 2, 376, 3, 32042, 10472, 21216, 0, 0, 30, 5089, 5149, 9597, 79, 0, 0, 20, 21, 36, 2, 53809, 46414, 49382, 1, 0, 0, 376,-
350,r0,27, 1052619, 1030,"  100fc8:	e50b300c 	str	r3, [fp, #-12]",benign, 738, 182, 10229, 2, 6840, 2688, 1, 567, 756, 0, 223, 54471, 550, 3, 7, 8092, 2, 379, 3, 33235, 11538, 21211, 0, 0, 30, 5200, 5037, 9602, 79, 0, 0, 17, 20, 34, 2, 54810, 46607, 49630, 1, 0, 0, 377,-
351,r2,27, 1057648, 1030,"  102370:	e0822003 	add	r2, r2, r3",benign, 865, 182, 10230, 3, 6819, 2687, 1, 567, 756, 0, 211, 53870, 550, 3, 7, 8357, 2, 378, 3, 33083, 11413, 21202, 0, 0, 30, 5073, 5159, 9607, 78, 0, 0, 17, 21, 34, 6, 54605, 46724, 49741, 1, 0, 0, 374,-
352,r1,23, 1051803, 1028,"  100c98:	e51b3010 	ldr	r3, [fp, #-16]",benign, 717, 184, 10223, 2, 6834, 2691, 1, 567, 756, 0, 232, 54813, 550, 3, 7, 8028, 2, 376, 3, 33027, 11300, 21243, 0, 0, 30, 5078, 5154, 9607, 79, 0, 0, 17, 20, 34, 2, 54707, 46509, 49530, 1, 0, 0, 373,-
353,r1,16, 1060324, 1027,"  102de4:	e51b3028 	ldr	r3, [fp, #-40]	; 0xffffffd8",benign, 953, 182, 10256, 3, 6851, 2690, 1, 567, 756, 0, 231, 54585, 550, 3, 7, 7403, 2, 376, 3, 33119, 11431, 21197, 0, 0, 30, 5070, 5154, 9620, 79, 0, 0, 17, 20, 34, 5, 54960, 45980, 49016, 1, 0, 0, 374,-
354,r1,7, 1060822, 1030,"  102fd4:	e1520003 	cmp	r2, r3",benign, 661, 182, 10249, 2, 6844, 2687, 1, 567, 756, 0, 216, 53616, 550, 3, 7, 7895, 2, 378, 3, 32951, 11263, 21231, 0, 0, 30, 5086, 5153, 9595, 78, 0, 0, 17, 20, 34, 2, 54139, 46739, 49954, 1, 0, 0, 374,-
355,r2,10, 1060803, 1030,"  102fc0:	e51b3010 	ldr	r3, [fp, #-16]",benign, 671, 182, 10228, 2, 6841, 2688, 1, 567, 756, 0, 215, 53623, 550, 3, 7, 7609, 2, 375, 3, 33159, 11461, 21235, 0, 0, 30, 5078, 5164, 9596, 78, 0, 0, 17, 20, 34, 2, 53932, 46619, 49635, 1, 0, 0, 374,-
356,r3,20, 1050970, 1030,"  100958:	e92d4800 	push	{fp, lr}",benign, 666, 185, 10223, 2, 6833, 2687, 1, 567, 756, 0, 215, 53576, 550, 3, 7, 7556, 2, 375, 3, 33095, 11430, 21207, 0, 0, 30, 5188, 5027, 9597, 79, 0, 0, 17, 20, 34, 2, 54350, 46372, 49443, 1, 0, 0, 374,-
357,r0,29, 1056983, 1035,"  1020d4:	e1a02de3 	ror	r2, r3, #27",benign, 875, 181, 10249, 2, 6849, 2690, 1, 567, 756, 0, 218, 54598, 550, 3, 7, 8620, 2, 379, 3, 32972, 11243, 21215, 0, 0, 30, 5055, 5176, 9608, 80, 0, 0, 17, 21, 32, 0, 54767, 47011, 50034, 1, 0, 0, 374,-
358,r3,29, 1058522, 1035,"  1026d8:	e51b3014 	ldr	r3, [fp, #-20]	; 0xffffffec",benign, 916, 182, 10256, 2, 6843, 2690, 1, 567, 756, 0, 225, 54949, 550, 3, 7, 8344, 2, 379, 3, 33947, 12207, 21216, 0, 0, 30, 5309, 4936, 9617, 80, 0, 0, 17, 20, 34, 2, 55096, 47013, 50001, 1, 0, 0, 374,-
359,r2,10, 1060297, 1028,"  102dc8:	e51b3014 	ldr	r3, [fp, #-20]	; 0xffffffec",benign, 971, 182, 10242, 2, 6827, 2689, 3, 567, 756, 0, 229, 55016, 550, 3, 7, 8612, 2, 378, 3, 33495, 11825, 21234, 0, 0, 30, 5074, 5178, 9610, 80, 0, 0, 17, 20, 34, 2, 54885, 47248, 50473, 1, 0, 0, 374,-
360,r1,0, 1057738, 1031,"  1023c8:	e1811003 	orr	r1, r1, r3",benign, 913, 185, 10225, 2, 6823, 2689, 1, 567, 756, 0, 222, 54421, 550, 3, 7, 8430, 2, 375, 3, 33360, 11649, 21212, 0, 0, 30, 5199, 5033, 9603, 80, 0, 0, 17, 21, 34, 2, 54669, 47322, 50348, 1, 0, 0, 376,-
361,r0,18, 1053880, 1031,"  1014b8:	e51b3014 	ldr	r3, [fp, #-20]	; 0xffffffec",benign, 753, 185, 10250, 3, 6846, 2689, 1, 567, 756, 0, 219, 53254, 550, 3, 7, 8229, 2, 375, 3, 32725, 11018, 21197, 0, 0, 30, 5063, 5164, 9599, 78, 0, 0, 17, 20, 34, 5, 54164, 46467, 49578, 1, 0, 0, 374,-
362,r3,5, 1060577, 1028,"  102ee0:	e593200c 	ldr	r2, [r3, #12]",benign, 992, 183, 10238, 3, 6838, 2692, 1, 567, 756, 0, 219, 54805, 550, 3, 7, 9275, 2, 378, 3, 33319, 11613, 21215, 0, 0, 30, 5057, 5180, 9603, 79, 0, 0, 17, 20, 34, 2, 55043, 47207, 50292, 1, 0, 0, 377,-
363,r2,17, 1052345, 1039,"  100eb8:	e51b3014 	ldr	r3, [fp, #-20]	; 0xffffffec",benign, 732, 181, 10245, 2, 6845, 2692, 1, 567, 756, 0, 226, 53972, 550, 3, 7, 8032, 2, 379, 3, 33226, 11551, 21195, 0, 0, 30, 5082, 5165, 9610, 79, 0, 0, 17, 20, 34, 2, 54669, 46570, 49540, 1, 0, 0, 374,-
364,r1,27, 1060967, 1031,"  103064:	e51b3010 	ldr	r3, [fp, #-16]",benign, 666, 185, 10241, 2, 6848, 2688, 1, 567, 756, 0, 227, 53976, 550, 3, 7, 7881, 2, 375, 3, 32997, 11323, 21219, 0, 0, 30, 5086, 5152, 9598, 82, 0, 0, 17, 20, 34, 2, 54182, 46686, 49792, 1, 0, 0, 386,-
365,r1,28, 1055564, 1032,"  101b4c:	e0822003 	add	r2, r2, r3",benign, 806, 182, 10255, 3, 6845, 2689, 3, 567, 756, 0, 225, 54068, 550, 3, 7, 7385, 2, 379, 3, 33317, 11580, 21203, 0, 0, 30, 5193, 5044, 9602, 79, 0, 0, 17, 20, 34, 2, 53788, 47023, 50041, 1, 0, 0, 377,-
366,r2,2, 1057904, 1033,"  102470:	e0822003 	add	r2, r2, r3",benign, 863, 182, 10241, 3, 6826, 2689, 1, 567, 756, 0, 226, 53819, 550, 3, 7, 8311, 2, 376, 3, 33661, 11890, 21206, 0, 0, 30, 5062, 5156, 9601, 79, 0, 0, 20, 21, 36, 5, 54461, 46994, 50033, 1, 0, 0, 387,-
367,r2,20, 1051437, 1037,"  100b2c:	e0011003 	and	r1, r1, r3",benign, 707, 182, 10233, 2, 6831, 2689, 1, 567, 756, 0, 224, 54013, 550, 3, 7, 8283, 2, 379, 3, 32677, 11004, 21229, 0, 0, 30, 5198, 5034, 9602, 78, 0, 0, 20, 21, 36, 2, 54208, 47051, 50082, 1, 0, 0, 374,-
368,r2,14, 1055224, 1030,"  1019f8:	e51b3014 	ldr	r3, [fp, #-20]	; 0xffffffec",benign, 788, 181, 10212, 3, 6820, 2687, 1, 567, 756, 0, 211, 53272, 550, 3, 7, 7877, 2, 379, 3, 32385, 10790, 21207, 0, 0, 30, 5069, 5173, 9597, 80, 0, 0, 17, 21, 34, 6, 54278, 46493, 49521, 1, 0, 0, 377,-
369,r1,11, 1055796, 1034,"  101c34:	e0822003 	add	r2, r2, r3",benign, 808, 181, 10238, 3, 6839, 2687, 1, 567, 756, 0, 217, 53939, 550, 3, 7, 7982, 2, 379, 3, 32947, 11204, 21194, 0, 0, 30, 5193, 5022, 9596, 78, 0, 0, 17, 20, 34, 5, 54580, 46770, 49793, 1, 0, 0, 374,-
370,r0,21, 1052855, 1035,"  1010b4:	e51b3020 	ldr	r3, [fp, #-32]	; 0xffffffe0",benign, 749, 182, 10224, 2, 6839, 2690, 1, 567, 756, 0, 222, 53966, 550, 3, 7, 8099, 2, 376, 3, 32860, 11190, 21198, 0, 0, 30, 5083, 5161, 9606, 79, 0, 0, 17, 20, 34, 2, 54472, 46701, 49681, 1, 0, 0, 377,-
371,r3,4, 1056282, 1031,"  101e18:	e51b301c 	ldr	r3, [fp, #-28]	; 0xffffffe4",benign, 848, 182, 10257, 2, 6847, 2687, 1, 567, 756, 0, 234, 54971, 550, 3, 7, 8542, 2, 376, 3, 32981, 11377, 21249, 0, 0, 30, 5180, 5066, 9601, 81, 0, 0, 20, 21, 36, 2, 55057, 46878, 49840, 1, 0, 0, 497,-
372,r1,24, 1052859, 1030,"  1010b8:	e50b300c 	str	r3, [fp, #-12]",benign, 742, 185, 10240, 2, 6845, 2688, 1, 567, 756, 0, 226, 53949, 550, 3, 7, 7870, 2, 376, 3, 33345, 11602, 21189, 0, 0, 30, 5315, 4916, 9598, 78, 0, 0, 17, 20, 34, 2, 54277, 46502, 49732, 1, 0, 0, 373,-
373,r2,9, 1053546, 1030,"  101368:	e51b3014 	ldr	r3, [fp, #-20]	; 0xffffffec",benign, 752, 182, 10236, 2, 6840, 2687, 1, 567, 756, 0, 226, 54610, 550, 3, 7, 7832, 2, 379, 3, 33018, 11297, 21223, 0, 0, 30, 5194, 5039, 9605, 80, 0, 0, 17, 21, 34, 2, 54681, 46653, 49612, 1, 0, 0, 377,-
374,r0,18, 1061431, 1030,"  103234:	eb003bd1 	bl	112180 <memcpy>",benign, 673, 187, 10246, 2, 6844, 2701, 1, 567, 756, 0, 232, 54216, 550, 3, 10, 7833, 23, 376, 3, 33036, 11393, 21226, 0, 0, 30, 5328, 4904, 9595, 80, 0, 0, 17, 21, 34, 2, 54216, 46704, 49910, 1, 0, 0, 374,-
375,r2,1, 1052517, 1034,"  100f64:	e0011003 	and	r1, r1, r3",benign, 731, 185, 10203, 2, 6816, 2686, 1, 567, 756, 0, 226, 54481, 550, 3, 7, 7695, 3, 386, 3, 32786, 11029, 21216, 0, 0, 30, 5328, 4912, 9598, 81, 0, 0, 17, 20, 34, 2, 55036, 46897, 49943, 1, 0, 0, 374,-
376,r0,7, 1051697, 1039,"  100c30:	e1813003 	orr	r3, r1, r3",benign, 704, 182, 10250, 2, 6850, 2687, 1, 567, 756, 0, 224, 53767, 550, 3, 7, 7826, 2, 379, 3, 33194, 11610, 21228, 0, 0, 30, 5212, 5026, 9605, 80, 0, 0, 17, 20, 34, 2, 55139, 46594, 49798, 1, 0, 0, 377,-
377,r2,7, 1054040, 1028,"  101558:	e0211003 	eor	r1, r1, r3",benign, 759, 185, 10224, 3, 6825, 2688, 1, 567, 756, 0, 213, 53407, 550, 3, 7, 7927, 2, 378, 3, 32491, 10832, 21196, 0, 0, 30, 5072, 5173, 9609, 82, 0, 0, 17, 20, 34, 2, 53770, 46595, 49750, 1, 0, 0, 374,-
378,r1,22, 1052589, 1031,"  100fac:	e50b3018 	str	r3, [fp, #-24]	; 0xffffffe8",benign, 733, 181, 10249, 2, 6847, 2691, 1, 567, 756, 0, 223, 53964, 550, 3, 7, 7983, 2, 376, 3, 33065, 11388, 21209, 0, 0, 30, 5075, 5163, 9597, 80, 0, 0, 17, 21, 34, 2, 54470, 46317, 49435, 1, 0, 0, 374,-
379,r3,16, 1057179, 1033,"  102198:	e50b3020 	str	r3, [fp, #-32]	; 0xffffffe0",benign, 876, 182, 10239, 2, 6829, 2690, 1, 567, 756, 0, 226, 54537, 550, 3, 7, 8410, 2, 379, 3, 33647, 11972, 21202, 0, 0, 30, 5209, 5023, 9598, 79, 0, 0, 17, 21, 34, 2, 55272, 47117, 50146, 1, 0, 0, 376,-
380,r0,24, 1052116, 1033,"  100dd4:	e1a03163 	ror	r3, r3, #2",benign, 696, 184, 10232, 3, 6841, 2687, 1, 567, 756, 0, 218, 54608, 550, 3, 7, 7887, 2, 376, 3, 32571, 10825, 21205, 0, 0, 30, 5070, 5151, 9601, 78, 0, 0, 17, 21, 34, 6, 54588, 46325, 49547, 1, 0, 0, 376,-
381,r0,16, 1060378, 1031,"  102e18:	e51b300c 	ldr	r3, [fp, #-12]",benign, 971, 182, 10256, 2, 6841, 2691, 1, 567, 756, 0, 224, 54574, 550, 3, 7, 8636, 2, 376, 3, 33261, 11674, 21229, 0, 0, 30, 5062, 5160, 9604, 80, 0, 0, 20, 21, 36, 2, 54772, 47447, 50465, 1, 0, 0, 374,-
382,r3,14, 1059748, 1034,"  102ba4:	e1a02de3 	ror	r2, r3, #27",benign, 936, 184, 10245, 3, 6841, 2691, 1, 567, 756, 0, 226, 54151, 550, 3, 7, 7497, 3, 389, 3, 33015, 11335, 21201, 0, 0, 30, 5075, 5155, 9601, 78, 0, 0, 17, 20, 34, 6, 54827, 47440, 50467, 1, 0, 0, 374,-
383,r1,30, 1052941, 1036,"  10110c:	e50b301c 	str	r3, [fp, #-28]	; 0xffffffe4",benign, 750, 182, 10243, 2, 6847, 2688, 1, 567, 756, 0, 220, 54412, 550, 3, 7, 8000, 2, 379, 3, 32588, 10855, 21204, 0, 0, 30, 5061, 5168, 9599, 80, 0, 0, 17, 20, 34, 2, 55254, 47213, 50249, 1, 0, 0, 374,-
384,r0,29, 1055601, 1033,"  101b70:	e51b3018 	ldr	r3, [fp, #-24]	; 0xffffffe8",benign, 831, 181, 10239, 2, 6844, 2689, 3, 567, 756, 0, 224, 54411, 550, 3, 7, 7943, 2, 379, 3, 33270, 11624, 21229, 0, 0, 30, 5057, 5177, 9606, 79, 0, 0, 17, 20, 34, 2, 54692, 47018, 50058, 1, 0, 0, 374,-
385,r1,24, 1056975, 1030,"  1020cc:	e50b300c 	str	r3, [fp, #-12]",benign, 870, 182, 10249, 2, 6850, 2690, 1, 567, 756, 0, 218, 54737, 550, 3, 7, 8247, 2, 376, 3, 33740, 12109, 21241, 0, 0, 30, 5067, 5167, 9603, 81, 0, 0, 17, 20, 34, 2, 54915, 46885, 49909, 1, 0, 0, 377,-
386,r1,15, 1059273, 1041,"  1029c8:	e50b301c 	str	r3, [fp, #-28]	; 0xffffffe4",benign, 944, 185, 10270, 2, 6852, 2688, 1, 567, 756, 0, 221, 55013, 550, 3, 7, 8509, 2, 376, 3, 33185, 11426, 21203, 0, 0, 30, 5276, 4949, 9612, 78, 0, 0, 17, 20, 34, 2, 54700, 47533, 50814, 1, 0, 0, 374,-
387,r0,28, 1058187, 1030,"  102588:	e50b3018 	str	r3, [fp, #-24]	; 0xffffffe8",benign, 919, 182, 10255, 2, 6844, 2690, 1, 567, 756, 0, 227, 54472, 550, 3, 7, 8290, 2, 376, 3, 33518, 11800, 21229, 0, 0, 30, 5200, 5032, 9603, 79, 0, 0, 17, 20, 34, 2, 55299, 47305, 50323, 1, 0, 0, 374,-
388,r3,23, 1057159, 1039,"  102184:	e51b3098 	ldr	r3, [fp, #-152]	; 0xffffff68",benign, 874, 182, 10261, 2, 6854, 2692, 1, 567, 756, 0, 224, 54566, 550, 3, 7, 8251, 2, 413, 3, 33078, 11445, 21253, 0, 0, 30, 5299, 5158, 9607, 81, 0, 0, 17, 21, 34, 2, 55298, 46869, 49846, 1, 0, 0, 374,-
389,r2,6, 1059665, 1031,"  102b50:	e0822003 	add	r2, r2, r3",benign, 952, 185, 10248, 2, 6833, 2687, 1, 567, 756, 0, 226, 54500, 550, 3, 7, 8719, 2, 379, 3, 33325, 11600, 21225, 0, 0, 30, 5049, 5183, 9600, 80, 0, 0, 20, 21, 36, 2, 55170, 47511, 50550, 1, 0, 0, 374,-
390,r2,28, 1058614, 1040,"  102734:	e0823003 	add	r3, r2, r3",benign, 920, 182, 10228, 2, 6822, 2687, 1, 567, 756, 0, 223, 54706, 550, 3, 7, 8890, 2, 376, 3, 33205, 11518, 21204, 0, 0, 30, 5199, 5043, 9603, 78, 0, 0, 17, 20, 34, 2, 55242, 47687, 50706, 1, 0, 0, 384,-
391,r3,12, 1052005, 1029,"  100d64:	e51b300c 	ldr	r3, [fp, #-12]",benign, 710, 182, 10243, 2, 6840, 2686, 1, 567, 756, 0, 223, 54120, 550, 3, 7, 8496, 2, 376, 3, 33301, 11584, 21215, 0, 0, 30, 5161, 5068, 9613, 78, 0, 0, 17, 21, 34, 2, 54465, 46626, 49677, 1, 0, 0, 387,-
392,r1,23, 1053415, 1030,"  1012e4:	e50b3020 	str	r3, [fp, #-32]	; 0xffffffe0",benign, 752, 182, 10244, 2, 6843, 2689, 1, 567, 756, 0, 220, 54420, 550, 3, 7, 8050, 3, 385, 3, 33306, 11539, 21224, 0, 0, 30, 5062, 5170, 9607, 78, 0, 0, 17, 20, 34, 2, 54561, 47114, 50138, 1, 0, 0, 374,-
393,r0,6, 1059073, 1039,"  102900:	e1a03163 	ror	r3, r3, #2",benign, 949, 192, 10265, 2, 6860, 2692, 1, 567, 756, 0, 223, 54444, 550, 3, 7, 8411, 2, 378, 3, 33624, 11977, 21249, 0, 0, 30, 5065, 5173, 9603, 78, 0, 0, 17, 20, 34, 2, 55160, 47286, 50306, 1, 0, 0, 377,-
394,r1,7, 1059114, 1032,"  102928:	e0211003 	eor	r1, r1, r3",benign, 936, 182, 10244, 2, 6826, 2690, 3, 567, 756, 0, 228, 54782, 550, 3, 7, 8668, 2, 376, 3, 33269, 11646, 21214, 0, 0, 30, 5062, 5169, 9603, 79, 0, 0, 17, 20, 34, 2, 55151, 47115, 50176, 1, 0, 0, 374,-
395,r0,17, 1051626, 1034,"  100be8:	e51b3014 	ldr	r3, [fp, #-20]	; 0xffffffec",benign, 710, 185, 10228, 2, 6835, 2687, 1, 567, 756, 0, 220, 54208, 550, 3, 7, 8144, 2, 376, 3, 32856, 11263, 21233, 0, 0, 30, 5057, 5171, 9607, 80, 0, 0, 17, 21, 34, 2, 55220, 47027, 50053, 1, 0, 0, 383,-
396,r1,2, 1054999, 1036,"  101914:	e51b300c 	ldr	r3, [fp, #-12]",benign, 798, 182, 10261, 2, 6849, 2688, 1, 567, 756, 0, 227, 54479, 550, 3, 7, 7896, 2, 378, 3, 33170, 11429, 21222, 0, 0, 30, 5048, 5174, 9601, 78, 0, 0, 17, 20, 34, 2, 54787, 46886, 50135, 1, 0, 0, 374,-
397,r3,22, 1058567, 1034,"  102704:	e51b1010 	ldr	r1, [fp, #-16]",benign, 905, 185, 10264, 2, 6855, 2691, 1, 567, 756, 0, 222, 54281, 550, 3, 7, 8439, 2, 376, 3, 33606, 11860, 21197, 0, 0, 30, 5191, 5053, 9605, 79, 0, 0, 17, 20, 34, 2, 55280, 47513, 50609, 1, 0, 0, 377,-
398,r1,2, 1058486, 1034,"  1026b4:	e0822003 	add	r2, r2, r3",benign, 919, 182, 10251, 2, 6854, 2688, 1, 567, 756, 0, 225, 54236, 550, 3, 7, 7445, 2, 379, 3, 33774, 12094, 21282, 0, 0, 30, 5046, 5180, 9604, 80, 0, 0, 20, 21, 36, 2, 55266, 47043, 50057, 1, 0, 0, 376,-
399,r2,0, 1059113, 1033,"  102928:	e0211003 	eor	r1, r1, r3",benign, 942, 181, 10245, 2, 6840, 2692, 1, 567, 756, 0, 224, 54650, 550, 3, 7, 8620, 2, 379, 3, 33284, 11565, 21235, 0, 0, 30, 5069, 5156, 9591, 78, 0, 0, 17, 20, 34, 2, 54998, 46964, 49989, 1, 0, 0, 373,-
400,r0,26, 1057896, 1036,"  102468:	e0822003 	add	r2, r2, r3",benign, 870, 182, 10235, 3, 6834, 2686, 1, 567, 756, 0, 220, 54051, 550, 3, 7, 7784, 2, 376, 3, 33220, 11531, 21225, 0, 0, 30, 5201, 5023, 9595, 78, 0, 0, 17, 21, 34, 5, 54785, 46637, 49635, 1, 0, 0, 374,-
401,r3,31, 1060740, 1033,"  102f84:	e51b3008 	ldr	r3, [fp, #-8]",benign, 638, 182, 10236, 2, 6846, 2690, 1, 567, 756, 0, 216, 53397, 550, 3, 7, 7620, 2, 376, 3, 32579, 10888, 21225, 0, 0, 30, 5075, 5167, 9600, 81, 0, 0, 17, 21, 34, 2, 53936, 46360, 49513, 1, 0, 0, 377,-
402,r2,31, 1056261, 1034,"  101e04:	e51b0014 	ldr	r0, [fp, #-20]	; 0xffffffec",benign, 848, 185, 10216, 2, 6817, 2689, 1, 567, 756, 0, 226, 54630, 550, 3, 7, 8226, 2, 379, 3, 33270, 11554, 21217, 0, 0, 30, 5270, 4955, 9607, 78, 0, 0, 17, 21, 34, 2, 54986, 46769, 49747, 1, 0, 0, 373,-
403,r1,14, 1052831, 1035,"  10109c:	e50b3018 	str	r3, [fp, #-24]	; 0xffffffe8",benign, 745, 182, 10227, 2, 6839, 2691, 1, 567, 756, 0, 223, 54394, 550, 3, 7, 7616, 3, 386, 3, 32878, 11205, 21241, 0, 0, 30, 5069, 5165, 9601, 80, 0, 0, 17, 20, 34, 2, 54534, 46725, 49910, 1, 0, 0, 377,-
404,r1,5, 1051395, 1035,"  100b00:	e51b3010 	ldr	r3, [fp, #-16]",benign, 700, 182, 10251, 2, 6852, 2690, 4, 567, 756, 0, 235, 54185, 550, 3, 7, 7978, 3, 389, 3, 32979, 11336, 21225, 0, 0, 30, 5164, 5074, 9616, 78, 0, 0, 17, 20, 34, 2, 54847, 46739, 49962, 1, 0, 0, 373,-
405,r0,10, 1059630, 1031,"  102b2c:	e51b3020 	ldr	r3, [fp, #-32]	; 0xffffffe0",benign, 957, 191, 10248, 2, 6843, 2690, 1, 567, 756, 0, 219, 54326, 550, 3, 7, 9033, 2, 379, 3, 33258, 11527, 21230, 0, 0, 30, 5072, 5165, 9602, 80, 0, 0, 20, 21, 36, 2, 54909, 47541, 50547, 1, 0, 0, 373,-
406,r3,15, 1053669, 1032,"  1013e4:	e50b3018 	str	r3, [fp, #-24]	; 0xffffffe8",benign, 763, 182, 10225, 2, 6829, 2688, 1, 567, 756, 0, 220, 54125, 550, 3, 7, 8174, 2, 376, 3, 32879, 11160, 21220, 0, 0, 30, 5057, 5181, 9603, 79, 0, 0, 17, 21, 34, 2, 54661, 46631, 49622, 1, 0, 0, 374,-
407,r1,25, 1053353, 1039,"  1012a8:	e51b3014 	ldr	r3, [fp, #-20]	; 0xffffffec",benign, 758, 192, 10227, 2, 6825, 2690, 1, 567, 756, 0, 231, 54748, 550, 3, 7, 7804, 2, 378, 3, 32862, 11123, 21205, 0, 0, 30, 5049, 5172, 9594, 78, 0, 0, 17, 20, 34, 2, 54980, 47183, 50237, 1, 0, 0, 374,-
409,r1,3, 1055778, 1033,"  101c20:	e0233001 	eor	r3, r3, r1",410: reg: r0 pos: 30 at LOC: 1053481, 620, 0, 10248, 2, 6866, 2686, 1, 567, 756, 0, 221, 54564, 550, 3, 7, 7861, 2, 395, 3, 33241, 11557, 21198, 0, 0, 30, 5070, 5163, 9594, 80, 0, 0, 17, 20, 34, 2, 54888, 46709, 49664, 1, 0, 0, 373,-
410,r0,2, 1061352, 1033,"  1031e8:	e51b200c 	ldr	r2, [fp, #-12]",benign, 640, 181, 10233, 6, 6834, 2685, 1, 567, 756, 0, 213, 54076, 550, 3, 7, 7495, 2, 376, 3, 32495, 10797, 21173, 0, 0, 30, 5169, 5252, 9590, 80, 0, 0, 17, 20, 34, 2, 53665, 46387, 49548, 1, 0, 0, 374,-
411,r0,9, 1056237, 1036,"  101dec:	e1a02de3 	ror	r2, r3, #27",benign, 850, 181, 10237, 2, 6839, 2687, 1, 567, 756, 0, 233, 54809, 550, 3, 7, 8597, 2, 378, 3, 33071, 11349, 21220, 0, 0, 30, 5061, 5177, 9607, 81, 0, 0, 17, 21, 34, 2, 55408, 47407, 50568, 1, 0, 0, 374,-
412,r0,23, 1056457, 1031,"  101ec8:	e1a03163 	ror	r3, r3, #2",benign, 845, 182, 10252, 2, 6848, 2688, 1, 567, 756, 0, 220, 54031, 550, 3, 7, 8219, 2, 376, 3, 33576, 11826, 21217, 0, 0, 30, 5054, 5181, 9597, 81, 0, 0, 17, 21, 34, 2, 54484, 46595, 49604, 1, 0, 0, 377,-
413,r2,3, 1060369, 1033,"  102e10:	e1a03163 	ror	r3, r3, #2",benign, 969, 182, 10260, 2, 6844, 2688, 1, 567, 756, 0, 222, 54533, 550, 3, 7, 9040, 2, 379, 3, 33666, 12027, 21245, 0, 0, 30, 5067, 5171, 9604, 80, 0, 0, 17, 20, 34, 2, 55266, 47596, 50623, 1, 0, 0, 377,-
414,r2,1, 1054772, 1037,"  101834:	e51b3020 	ldr	r3, [fp, #-32]	; 0xffffffe0",benign, 773, 181, 10267, 3, 6860, 2690, 1, 567, 756, 0, 221, 54009, 550, 3, 7, 7301, 2, 376, 3, 32829, 11130, 21206, 0, 0, 30, 5060, 5149, 9601, 79, 0, 0, 17, 20, 34, 6, 54842, 46364, 49533, 1, 0, 0, 387,-
415,r3,28, 1057803, 1043,"  102408:	e51b3018 	ldr	r3, [fp, #-24]	; 0xffffffe8",benign, 882, 182, 10242, 2, 6835, 2687, 1, 567, 756, 0, 229, 54578, 550, 3, 7, 8211, 2, 376, 3, 33641, 11914, 21222, 0, 0, 30, 5083, 5164, 9608, 80, 0, 0, 17, 21, 34, 2, 55099, 46905, 49916, 1, 0, 0, 377,-
416,r2,19, 1058791, 1035,"  1027e4:	e0211003 	eor	r1, r1, r3",benign, 924, 194, 10237, 2, 6833, 2690, 1, 567, 756, 0, 222, 54636, 550, 3, 7, 8370, 2, 379, 3, 33649, 11970, 21215, 0, 0, 30, 5080, 5157, 9605, 78, 0, 0, 17, 21, 34, 2, 54748, 46974, 50033, 1, 0, 0, 374,-
417,r0,11, 1059108, 1029,"  102924:	e51b3014 	ldr	r3, [fp, #-20]	; 0xffffffec",benign, 913, 184, 10261, 3, 6839, 2689, 1, 567, 756, 0, 225, 54496, 550, 3, 7, 8507, 2, 379, 3, 33398, 11712, 21203, 0, 0, 30, 5055, 5176, 9591, 80, 0, 0, 17, 20, 34, 5, 55202, 45840, 48954, 1, 0, 0, 373,-
418,r1,10, 1057481, 1034,"  1022c8:	e51b1014 	ldr	r1, [fp, #-20]	; 0xffffffec",benign, 883, 184, 10261, 2, 6852, 2687, 1, 567, 756, 0, 232, 54614, 550, 3, 7, 8604, 2, 376, 3, 33326, 11604, 21233, 0, 0, 30, 5070, 5159, 9603, 79, 0, 0, 17, 20, 34, 2, 54711, 46844, 49867, 1, 0, 0, 373,-
419,r1,30, 1061212, 1034,"  10315c:	e3a01000 	mov	r1, #0",benign, 603, 184, 10237, 2, 6850, 2690, 3, 567, 756, 0, 219, 53393, 550, 3, 7, 7677, 2, 379, 3, 31973, 10294, 21188, 0, 0, 30, 5077, 5170, 9614, 79, 0, 0, 17, 20, 34, 2, 53556, 46064, 49097, 1, 0, 0, 377,-
420,r3,18, 1058503, 1033,"  1026c4:	e34c3a62 	movt	r3, #51810	; 0xca62",benign, 925, 185, 10235, 2, 6825, 2688, 1, 567, 756, 0, 236, 54661, 550, 3, 7, 8330, 2, 376, 3, 33137, 11387, 21189, 0, 0, 30, 5203, 5034, 9602, 79, 0, 0, 17, 20, 34, 2, 55356, 47111, 50066, 1, 0, 0, 376,-
421,r2,21, 1058032, 1034,"  1024f0:	e30b3cdc 	movw	r3, #48348	; 0xbcdc",benign, 871, 195, 10228, 3, 6824, 2691, 1, 567, 756, 0, 213, 53968, 550, 3, 7, 8114, 2, 376, 3, 32014, 10374, 21206, 0, 0, 30, 5084, 5156, 9604, 82, 0, 0, 20, 21, 36, 2, 54082, 46861, 50086, 1, 0, 0, 374,-
422,r2,5, 1060986, 1037,"  103078:	e51b2010 	ldr	r2, [fp, #-16]",benign, 974, 185, 10234, 2, 6835, 2688, 1, 567, 756, 0, 228, 54883, 550, 3, 7, 8843, 2, 376, 3, 33597, 11876, 21250, 0, 0, 30, 5050, 5178, 9603, 80, 0, 0, 17, 21, 34, 2, 54920, 47853, 50842, 1, 0, 0, 377,-
423,r3,8, 1058326, 1038,"  102614:	e51b300c 	ldr	r3, [fp, #-12]",benign, 917, 182, 10248, 2, 6842, 2690, 1, 567, 756, 0, 222, 54711, 550, 3, 7, 8518, 2, 376, 3, 33351, 11617, 21232, 0, 0, 30, 5219, 5040, 9615, 82, 0, 0, 17, 21, 34, 2, 55030, 47307, 50292, 1, 0, 0, 374,-
424,r2,19, 1051938, 1032,"  100d20:	e1813003 	orr	r3, r1, r3",benign, 711, 185, 10218, 2, 6826, 2688, 1, 567, 756, 0, 222, 54205, 550, 3, 7, 7636, 2, 376, 3, 33171, 11578, 21235, 0, 0, 30, 5205, 5044, 9607, 83, 0, 0, 17, 21, 34, 2, 54724, 46877, 49916, 1, 0, 0, 374,-
425,r3,9, 1055496, 1032,"  101b08:	e50b301c 	str	r3, [fp, #-28]	; 0xffffffe4",benign, 804, 182, 10233, 3, 6826, 2689, 1, 567, 756, 0, 217, 53859, 550, 3, 7, 8178, 2, 379, 3, 32654, 10956, 21210, 0, 0, 30, 5184, 5054, 9602, 81, 0, 0, 17, 21, 34, 5, 54565, 47291, 50328, 1, 0, 0, 374,-
426,r2,25, 1056563, 1037,"  101f30:	e51b3018 	ldr	r3, [fp, #-24]	; 0xffffffe8",benign, 859, 182, 10246, 2, 6841, 2690, 1, 567, 756, 0, 226, 54486, 550, 3, 7, 8541, 2, 376, 3, 33511, 11777, 21233, 0, 0, 30, 5068, 5167, 9605, 81, 0, 0, 17, 20, 34, 2, 55270, 47377, 50578, 1, 0, 0, 374,-
427,r3,10, 1051419, 1036,"  100b18:	e50b300c 	str	r3, [fp, #-12]",benign, 688, 182, 10231, 2, 6828, 2687, 1, 567, 756, 0, 219, 54537, 550, 3, 7, 8067, 2, 378, 3, 32954, 11208, 21205, 0, 0, 30, 5179, 5063, 9619, 79, 0, 0, 17, 21, 34, 2, 54355, 46475, 49489, 1, 0, 0, 377,-
428,r2,25, 1061159, 1030,"  103124:	e51b3018 	ldr	r3, [fp, #-24]	; 0xffffffe8",benign, 982, 192, 10258, 2, 6851, 2693, 1, 567, 756, 0, 227, 54281, 550, 3, 7, 8782, 3, 386, 3, 33835, 12169, 21232, 0, 0, 30, 5305, 4920, 9603, 80, 0, 0, 17, 21, 34, 2, 55175, 47162, 50198, 1, 0, 0, 376,-
429,r1,13, 1061110, 1034,"  1030f4:	da000011 	ble	103140 <sha_final+0xac>",benign, 982, 182, 10253, 2, 6844, 2688, 1, 567, 756, 0, 231, 54618, 550, 3, 7, 8548, 2, 379, 3, 33291, 11665, 21270, 0, 0, 30, 5210, 5031, 9614, 80, 0, 0, 17, 21, 34, 2, 55449, 47174, 50187, 1, 0, 0, 374,-
430,r0,19, 1059903, 1031,"  102c3c:	e30c31d6 	movw	r3, #49622	; 0xc1d6",benign, 953, 192, 10244, 2, 6848, 2688, 1, 567, 756, 0, 226, 54903, 550, 3, 7, 8973, 2, 375, 3, 33215, 11478, 21225, 0, 0, 30, 5067, 5176, 9603, 80, 0, 0, 17, 20, 34, 2, 54632, 46927, 49984, 1, 0, 0, 374,-
431,r3,30, 1055264, 1034,"  101a20:	e3463ed9 	movt	r3, #28377	; 0x6ed9",benign, 798, 182, 10225, 3, 6826, 2689, 1, 567, 756, 0, 224, 53309, 550, 3, 7, 8183, 2, 379, 3, 32644, 10901, 21189, 0, 0, 30, 5048, 5180, 9602, 79, 0, 0, 17, 20, 34, 5, 54682, 46409, 49591, 1, 0, 0, 376,-
432,r1,2, 1053072, 1031,"  101190:	e51b3010 	ldr	r3, [fp, #-16]",benign, 723, 185, 10234, 3, 6850, 2690, 1, 567, 756, 0, 223, 53902, 550, 3, 7, 7328, 2, 376, 3, 32788, 11105, 21201, 0, 0, 30, 5055, 5169, 9595, 79, 0, 0, 17, 20, 34, 5, 54727, 46854, 49879, 1, 0, 0, 377,-
433,r3,0, 1055015, 1034,"  101924:	e0211003 	eor	r1, r1, r3",benign, 802, 195, 10231, 2, 6825, 2688, 1, 567, 756, 0, 221, 54482, 550, 3, 7, 8301, 2, 379, 3, 33052, 11290, 21209, 0, 0, 30, 5200, 5048, 9608, 81, 0, 0, 17, 20, 34, 2, 54854, 47234, 50282, 1, 0, 0, 373,-
434,r1,1, 1053972, 1032,"  101514:	e0823003 	add	r3, r2, r3",benign, 752, 181, 10253, 3, 6847, 2688, 1, 567, 756, 0, 213, 53669, 550, 3, 7, 8327, 2, 378, 3, 32543, 10921, 21174, 0, 0, 30, 5063, 5171, 9603, 81, 0, 0, 17, 20, 34, 2, 54089, 46411, 49536, 1, 0, 0, 376,-
435,r3,30, 1053057, 1032,"  101180:	e51b3018 	ldr	r3, [fp, #-24]	; 0xffffffe8",benign, 751, 192, 10245, 2, 6845, 2688, 1, 567, 756, 0, 216, 54638, 550, 3, 7, 8217, 2, 379, 3, 32742, 11008, 21204, 0, 0, 30, 5071, 5167, 9606, 79, 0, 0, 17, 21, 34, 2, 54872, 46848, 49906, 1, 0, 0, 374,-
436,r0,22, 1053201, 1034,"  101210:	e50b3014 	str	r3, [fp, #-20]	; 0xffffffec",benign, 741, 185, 10249, 2, 6842, 2686, 1, 567, 756, 0, 224, 54537, 550, 3, 7, 8085, 2, 379, 3, 33201, 11502, 21217, 0, 0, 30, 5061, 5173, 9600, 79, 0, 0, 17, 20, 34, 2, 54320, 46428, 49588, 1, 0, 0, 383,-
438,r3,16, 1058782, 1030,"  1027dc:	e51b1010 	ldr	r1, [fp, #-16]",benign, 797, 0, 10251, 2, 6865, 2689, 1, 567, 756, 0, 228, 54454, 550, 3, 7, 8583, 2, 375, 3, 33443, 11764, 21249, 0, 0, 30, 5195, 5030, 9595, 78, 0, 0, 17, 20, 34, 2, 54818, 46833, 49841, 1, 0, 0, 377,-
439,r0,15, 1051548, 1039,"  100b9c:	e51b1010 	ldr	r1, [fp, #-16]",benign, 675, 184, 10242, 3, 6855, 2689, 1, 567, 756, 0, 226, 54076, 550, 3, 7, 7333, 2, 379, 3, 32517, 10766, 21208, 0, 0, 30, 5202, 5036, 9607, 79, 0, 0, 17, 20, 34, 6, 54372, 46654, 49746, 1, 0, 0, 377,-
440,r0,18, 1052464, 1036,"  100f30:	e51b3014 	ldr	r3, [fp, #-20]	; 0xffffffec",benign, 708, 195, 10224, 3, 6840, 2689, 1, 567, 756, 0, 218, 53703, 550, 3, 7, 8284, 2, 376, 3, 32944, 11242, 21207, 0, 0, 30, 5324, 4896, 9600, 78, 0, 0, 17, 21, 34, 6, 54493, 46538, 49589, 1, 0, 0, 377,-
441,r2,12, 1051083, 1042,"  1009c8:	e50b3008 	str	r3, [fp, #-8]",benign, 693, 182, 10251, 2, 6860, 2693, 1, 567, 756, 0, 228, 54352, 550, 3, 7, 7456, 3, 388, 3, 32603, 10999, 21219, 0, 0, 30, 5197, 5049, 9603, 80, 0, 0, 17, 21, 34, 2, 54442, 46797, 49817, 1, 0, 0, 374,-
442,r1,0, 1058887, 1031,"  102844:	e1a02de3 	ror	r2, r3, #27",benign, 932, 191, 10248, 2, 6837, 2688, 1, 567, 756, 0, 224, 54568, 550, 3, 7, 8680, 2, 379, 3, 33595, 11877, 21223, 0, 0, 30, 5066, 5171, 9603, 79, 0, 0, 17, 21, 34, 2, 55045, 47275, 50249, 1, 0, 0, 374,-
443,r3,13, 1057216, 1036,"  1021c0:	e51b3020 	ldr	r3, [fp, #-32]	; 0xffffffe0",benign, 863, 185, 10264, 3, 6852, 2690, 1, 567, 756, 0, 206, 53251, 550, 3, 7, 8379, 2, 376, 3, 32742, 11162, 21210, 0, 0, 30, 5204, 5036, 9602, 79, 0, 0, 17, 20, 34, 6, 54373, 47005, 50075, 1, 0, 0, 374,-
444,r2,20, 1054528, 1031,"  101740:	e51b3014 	ldr	r3, [fp, #-20]	; 0xffffffec",benign, 767, 181, 10224, 3, 6840, 2691, 1, 567, 756, 0, 214, 53408, 550, 3, 7, 7912, 2, 378, 3, 32153, 10450, 21237, 0, 0, 30, 5065, 5168, 9600, 79, 0, 0, 17, 20, 34, 5, 54388, 46656, 49662, 1, 0, 0, 376,-
445,r3,27, 1052838, 1038,"  1010a4:	e1a03163 	ror	r3, r3, #2",benign, 748, 194, 10224, 2, 6830, 2689, 1, 567, 756, 0, 229, 53964, 550, 3, 7, 7981, 2, 378, 3, 33478, 11743, 21207, 0, 0, 30, 5067, 5168, 9596, 79, 0, 0, 17, 21, 34, 2, 55033, 47063, 50125, 1, 0, 0, 376,-
446,r1,7, 1057721, 1031,"  1023b8:	e51b300c 	ldr	r3, [fp, #-12]",benign, 894, 185, 10238, 2, 6838, 2687, 1, 567, 756, 0, 220, 54453, 550, 3, 7, 8823, 2, 376, 3, 33318, 11579, 21212, 0, 0, 30, 5326, 4910, 9596, 81, 0, 0, 17, 21, 34, 2, 55264, 47027, 50107, 1, 0, 0, 374,-
447,r2,3, 1054163, 1037,"  1015d0:	e0822003 	add	r2, r2, r3",benign, 778, 185, 10226, 2, 6824, 2690, 1, 567, 756, 0, 234, 54155, 550, 3, 7, 7886, 3, 386, 3, 33003, 11248, 21229, 0, 0, 30, 5055, 5168, 9599, 78, 0, 0, 17, 20, 34, 2, 54415, 46970, 50011, 1, 0, 0, 374,-
448,r2,26, 1052439, 1032,"  100f14:	e0822003 	add	r2, r2, r3",benign, 720, 182, 10207, 2, 6822, 2690, 1, 567, 756, 0, 220, 54614, 550, 3, 7, 8272, 2, 376, 3, 32566, 10881, 21221, 0, 0, 30, 5208, 5035, 9605, 80, 0, 0, 20, 21, 36, 2, 54335, 47143, 50160, 1, 0, 0, 373,-
449,r1,28, 1058560, 1036,"  102700:	e1a02de3 	ror	r2, r3, #27",benign, 894, 184, 10238, 3, 6833, 2686, 1, 567, 756, 0, 216, 53305, 550, 3, 7, 9157, 2, 379, 3, 32940, 11221, 21206, 0, 0, 30, 5061, 5175, 9606, 80, 0, 0, 17, 21, 34, 5, 54971, 46792, 49915, 1, 0, 0, 377,-
450,r1,25, 1060500, 1034,"  102e94:	e51b3168 	ldr	r3, [fp, #-360]	; 0xfffffe98",benign, 1123, 352, 10260, 3, 6855, 2693, 1, 567, 756, 0, 225, 54269, 550, 3, 7, 8945, 2, 379, 3, 33062, 11452, 21203, 0, 0, 30, 5445, 4791, 9599, 78, 0, 0, 17, 21, 34, 5, 54605, 46770, 49851, 1, 0, 0, 374,-
451,r2,28, 1057523, 1034,"  1022f0:	e51b301c 	ldr	r3, [fp, #-28]	; 0xffffffe4",benign, 883, 185, 10234, 2, 6825, 2687, 1, 567, 756, 0, 222, 54768, 550, 3, 7, 8637, 2, 376, 3, 33056, 11425, 21253, 0, 0, 30, 5082, 5150, 9601, 79, 0, 0, 17, 21, 34, 2, 55030, 47167, 50187, 1, 0, 0, 374,-
452,r2,6, 1058610, 1033,"  102730:	e34c3a62 	movt	r3, #51810	; 0xca62",benign, 923, 182, 10237, 2, 6828, 2689, 1, 567, 756, 0, 217, 54609, 550, 3, 7, 8742, 2, 376, 3, 33242, 11513, 21215, 0, 0, 30, 5187, 5057, 9600, 81, 0, 0, 17, 21, 34, 2, 55199, 46958, 49971, 1, 0, 0, 377,-
453,r3,17, 1058415, 1036,"  10266c:	e51b3014 	ldr	r3, [fp, #-20]	; 0xffffffec",benign, 917, 182, 10244, 2, 6845, 2689, 1, 567, 756, 0, 217, 54177, 550, 3, 7, 8335, 2, 376, 3, 33253, 11501, 21226, 0, 0, 30, 5060, 5166, 9609, 80, 0, 0, 17, 21, 34, 2, 55210, 47258, 50485, 1, 0, 0, 377,-
454,r0,30, 1057676, 1034,"  10238c:	e51b3018 	ldr	r3, [fp, #-24]	; 0xffffffe8",benign, 876, 184, 10258, 3, 6847, 2689, 1, 567, 756, 0, 221, 54366, 550, 3, 7, 8503, 2, 378, 3, 33039, 11320, 21195, 0, 0, 30, 5192, 5047, 9601, 78, 0, 0, 17, 21, 34, 5, 54518, 46313, 49336, 1, 0, 0, 374,-
455,r0,3, 1051540, 1034,"  100b94:	e51b300c 	ldr	r3, [fp, #-12]",benign, 673, 181, 10227, 3, 6841, 2688, 1, 567, 756, 0, 216, 53935, 550, 3, 7, 7956, 2, 375, 3, 32125, 10453, 21204, 0, 0, 30, 5208, 5032, 9606, 81, 0, 0, 17, 20, 34, 2, 53839, 46689, 49885, 1, 0, 0, 377,-
456,r2,24, 1060206, 1032,"  102d6c:	e0822003 	add	r2, r2, r3",benign, 957, 184, 10237, 2, 6829, 2689, 1, 567, 756, 0, 216, 55013, 550, 3, 7, 8840, 2, 379, 3, 33596, 11837, 21196, 0, 0, 30, 5061, 5162, 9602, 80, 0, 0, 20, 21, 36, 2, 54982, 46823, 49839, 1, 0, 0, 387,-
457,r0,15, 1051856, 1037,"  100cd0:	e51b3018 	ldr	r3, [fp, #-24]	; 0xffffffe8",benign, 691, 185, 10226, 3, 6840, 2689, 1, 567, 756, 0, 217, 53190, 550, 3, 7, 7701, 2, 376, 3, 32277, 10612, 21209, 0, 0, 30, 5084, 5157, 9601, 82, 0, 0, 17, 21, 34, 2, 54312, 46140, 49359, 1, 0, 0, 374,-
458,r1,25, 1052205, 1029,"  100e2c:	e3453a82 	movt	r3, #23170	; 0x5a82",benign, 721, 185, 10240, 2, 6843, 2690, 1, 567, 756, 0, 229, 53919, 550, 3, 7, 7938, 2, 378, 3, 33076, 11380, 21226, 0, 0, 30, 5217, 5027, 9603, 78, 0, 0, 17, 20, 34, 2, 54573, 46551, 49600, 1, 0, 0, 374,-
459,r2,31, 1054854, 1034,"  101884:	e51b3014 	ldr	r3, [fp, #-20]	; 0xffffffec",benign, 807, 185, 10247, 2, 6848, 2689, 1, 567, 756, 0, 220, 54183, 550, 3, 7, 7909, 2, 376, 3, 33049, 11423, 21246, 0, 0, 30, 5174, 5070, 9618, 79, 0, 0, 17, 21, 34, 2, 54587, 46819, 49825, 1, 0, 0, 374,-
460,r2,7, 1052471, 1032,"  100f34:	e50b3018 	str	r3, [fp, #-24]	; 0xffffffe8",benign, 726, 184, 10226, 2, 6841, 2687, 1, 567, 756, 0, 222, 54108, 550, 3, 7, 7782, 2, 376, 3, 32748, 11070, 21220, 0, 0, 30, 5313, 4915, 9596, 79, 0, 0, 17, 21, 34, 2, 54786, 47288, 50275, 1, 0, 0, 374,-
461,r0,24, 1056897, 1035,"  102080:	e0822003 	add	r2, r2, r3",benign, 867, 194, 10253, 2, 6842, 2690, 1, 567, 756, 0, 221, 54729, 550, 3, 7, 8136, 2, 378, 3, 33152, 11477, 21232, 0, 0, 30, 5167, 5067, 9615, 81, 0, 0, 17, 20, 34, 2, 55387, 47231, 50328, 1, 0, 0, 374,-
462,r2,27, 1059231, 1031,"  10299c:	e0233001 	eor	r3, r3, r1",benign, 942, 182, 10228, 2, 6823, 2689, 4, 567, 756, 0, 228, 54531, 550, 3, 7, 9090, 2, 376, 3, 33670, 11944, 21210, 0, 0, 30, 5067, 5153, 9594, 79, 0, 0, 17, 20, 34, 2, 54951, 46918, 49991, 1, 0, 0, 374,-
463,r0,8, 1055507, 1030,"  101b10:	e50b3018 	str	r3, [fp, #-24]	; 0xffffffe8",benign, 832, 184, 10242, 2, 6840, 2687, 1, 567, 756, 0, 220, 54148, 550, 3, 7, 8154, 2, 379, 3, 33281, 11501, 21220, 0, 0, 30, 5057, 5178, 9607, 81, 0, 0, 17, 20, 34, 2, 54656, 46646, 49701, 1, 0, 0, 383,-
464,r2,21, 1051801, 1036,"  100c98:	e51b3010 	ldr	r3, [fp, #-16]",benign, 847, 323, 10216, 2, 6831, 2690, 1, 567, 756, 0, 222, 54179, 550, 3, 7, 7906, 2, 376, 3, 32024, 10298, 21214, 0, 0, 30, 5332, 4910, 9602, 79, 0, 0, 17, 20, 34, 2, 54618, 46944, 49950, 1, 0, 0, 377,-
465,r1,19, 1058371, 1030,"  102640:	e0822003 	add	r2, r2, r3",benign, 915, 181, 10261, 2, 6842, 2687, 1, 567, 756, 0, 235, 55133, 550, 3, 7, 8578, 2, 376, 3, 34008, 12238, 21240, 0, 0, 30, 5056, 5161, 9600, 78, 0, 0, 20, 22, 36, 2, 55067, 47512, 50491, 1, 0, 0, 374,-
466,r3,27, 1051121, 1032,"  1009f0:	e1a03103 	lsl	r3, r3, #2",benign, 684, 185, 10213, 2, 6824, 2688, 1, 567, 756, 0, 223, 53981, 550, 3, 7, 7723, 2, 376, 3, 32674, 11062, 21219, 0, 0, 30, 5200, 5037, 9614, 78, 0, 0, 17, 22, 34, 2, 54626, 46567, 49608, 1, 0, 0, 377,-
467,r1,4, 1055235, 1035,"  101a00:	e51b3018 	ldr	r3, [fp, #-24]	; 0xffffffe8",benign, 817, 184, 10220, 2, 6821, 2688, 1, 567, 756, 0, 220, 54718, 550, 3, 7, 8455, 2, 379, 3, 32755, 11043, 21220, 0, 0, 30, 5056, 5175, 9599, 80, 0, 0, 20, 21, 36, 2, 54787, 46709, 49906, 1, 0, 0, 373,-
468,r2,21, 1053416, 1032,"  1012e8:	e51b3018 	ldr	r3, [fp, #-24]	; 0xffffffe8",benign, 734, 185, 10244, 3, 6843, 2689, 1, 567, 756, 0, 218, 54381, 550, 3, 7, 7489, 2, 376, 3, 32941, 11242, 21201, 0, 0, 30, 5067, 5154, 9600, 78, 0, 0, 17, 20, 34, 6, 54187, 46000, 49026, 1, 0, 0, 374,-
469,r2,24, 1053015, 1031,"  101154:	e0033000 	and	r3, r3, r0",benign, 748, 182, 10218, 2, 6820, 2689, 1, 567, 756, 0, 223, 54649, 550, 3, 7, 7931, 2, 375, 3, 32635, 10941, 21211, 0, 0, 30, 5222, 5028, 9601, 81, 0, 0, 17, 20, 34, 2, 54384, 46554, 49537, 1, 0, 0, 374,-
470,r1,21, 1052161, 1039,"  100e00:	e51b3010 	ldr	r3, [fp, #-16]",benign, 723, 182, 10221, 2, 6829, 2687, 1, 567, 756, 0, 219, 53897, 550, 3, 7, 7591, 2, 379, 3, 32543, 10879, 21216, 0, 0, 30, 5058, 5155, 9590, 78, 0, 0, 17, 20, 34, 2, 54565, 46706, 49749, 1, 0, 0, 386,-
471,r2,4, 1052972, 1033,"  10112c:	e51b3020 	ldr	r3, [fp, #-32]	; 0xffffffe0",benign, 723, 194, 10252, 3, 6847, 2692, 1, 567, 756, 0, 217, 53211, 550, 3, 7, 7706, 2, 375, 3, 32383, 10768, 21228, 0, 0, 30, 5078, 5168, 9608, 81, 0, 0, 17, 21, 34, 6, 54135, 46182, 49356, 1, 0, 0, 376,-
472,r1,28, 1055114, 1031,"  101988:	e51b1010 	ldr	r1, [fp, #-16]",benign, 809, 182, 10247, 2, 6847, 2688, 1, 567, 756, 0, 220, 54018, 550, 3, 7, 8340, 3, 385, 3, 32946, 11257, 21224, 0, 0, 30, 5201, 5049, 9608, 82, 0, 0, 17, 21, 34, 2, 54507, 46450, 49440, 1, 0, 0, 374,-
473,r2,25, 1059435, 1032,"  102a68:	e51b3014 	ldr	r3, [fp, #-20]	; 0xffffffec",benign, 951, 185, 10239, 2, 6828, 2689, 1, 567, 756, 0, 220, 54769, 550, 3, 7, 8386, 2, 462, 3, 33397, 11658, 21210, 0, 0, 30, 5189, 5057, 9602, 81, 0, 0, 17, 20, 34, 2, 55230, 47818, 50796, 1, 0, 0, 374,-
474,r3,13, 1053764, 1033,"  101444:	e51b3018 	ldr	r3, [fp, #-24]	; 0xffffffe8",benign, 747, 185, 10249, 3, 6840, 2687, 1, 567, 756, 0, 212, 53187, 550, 3, 7, 7987, 2, 376, 3, 32185, 10470, 21225, 0, 0, 30, 5171, 5058, 9604, 80, 0, 0, 17, 20, 34, 5, 54217, 45918, 48942, 1, 0, 0, 377,-
475,r1,18, 1053271, 1033,"  101254:	e0822003 	add	r2, r2, r3",benign, 749, 182, 10244, 2, 6850, 2689, 1, 567, 756, 0, 214, 54025, 550, 3, 7, 7862, 2, 395, 3, 33089, 11447, 21219, 0, 0, 30, 5062, 5170, 9605, 80, 0, 0, 17, 20, 34, 2, 54480, 46683, 49721, 1, 0, 0, 374,-
476,r1,12, 1056178, 1031,"  101db0:	e3483f1b 	movt	r3, #36635	; 0x8f1b",benign, 851, 191, 10240, 2, 6851, 2690, 1, 567, 756, 0, 222, 54034, 550, 3, 7, 8336, 2, 376, 3, 33122, 11408, 21232, 0, 0, 30, 5070, 5156, 9603, 80, 0, 0, 17, 21, 34, 2, 54950, 47092, 50151, 1, 0, 0, 373,-
477,r0,6, 1059191, 1035,"  102974:	e51b300c 	ldr	r3, [fp, #-12]",benign, 931, 191, 10269, 2, 6863, 2691, 1, 567, 756, 0, 232, 54611, 550, 3, 7, 8609, 2, 379, 3, 34162, 12405, 21245, 0, 0, 30, 5077, 5162, 9608, 80, 0, 0, 17, 21, 34, 2, 54948, 47255, 50327, 1, 0, 0, 376,-
478,r0,5, 1059348, 1034,"  102a14:	e0822003 	add	r2, r2, r3",benign, 919, 182, 10246, 3, 6834, 2688, 1, 567, 756, 0, 216, 53317, 550, 3, 7, 8833, 2, 379, 3, 32400, 10859, 21248, 0, 0, 30, 5061, 5169, 9597, 81, 0, 0, 17, 20, 34, 2, 54340, 46864, 49854, 1, 0, 0, 376,-
479,r3,5, 1052346, 1030,"  100eb8:	e51b3014 	ldr	r3, [fp, #-20]	; 0xffffffec",benign, 725, 181, 10240, 2, 6853, 2689, 1, 567, 756, 0, 225, 54317, 550, 3, 7, 8050, 2, 379, 3, 32864, 11158, 21216, 0, 0, 30, 5322, 4905, 9596, 78, 0, 0, 17, 20, 34, 2, 54525, 46996, 49986, 1, 0, 0, 374,-
480,r3,1, 1051997, 1028,"  100d5c:	e1a03163 	ror	r3, r3, #2",benign, 713, 185, 10222, 2, 6831, 2691, 1, 567, 756, 0, 224, 54738, 550, 3, 7, 7738, 2, 376, 3, 32788, 11029, 21209, 0, 0, 30, 5077, 5160, 9598, 81, 0, 0, 17, 20, 34, 2, 54498, 46636, 49872, 1, 0, 0, 374,-
481,r1,16, 1059529, 1036,"  102ac8:	e51b300c 	ldr	r3, [fp, #-12]",benign, 961, 185, 10250, 2, 6842, 2690, 1, 567, 756, 0, 216, 54744, 550, 3, 7, 8772, 2, 376, 3, 33772, 12075, 21202, 0, 0, 30, 5071, 5160, 9600, 78, 0, 0, 17, 20, 34, 2, 55428, 47132, 50166, 1, 0, 0, 374,-
482,r2,30, 1051477, 1036,"  100b54:	e0822003 	add	r2, r2, r3",benign, 688, 182, 10214, 2, 6819, 2688, 1, 567, 756, 0, 220, 54414, 550, 3, 7, 7676, 2, 375, 3, 33048, 11308, 21234, 0, 0, 30, 5073, 5159, 9602, 78, 0, 0, 17, 21, 34, 2, 54822, 46933, 49952, 1, 0, 0, 374,-
483,r1,5, 1051237, 1033,"  100a64:	daffffd9 	ble	1009d0 <sha_transform+0x78>",benign, 686, 185, 10245, 2, 6841, 2688, 1, 567, 756, 0, 223, 54388, 550, 3, 7, 7854, 3, 389, 3, 32720, 11042, 21210, 0, 0, 30, 5210, 5028, 9589, 81, 0, 0, 17, 20, 34, 2, 55126, 46451, 49453, 1, 0, 0, 376,-
484,r1,20, 1060587, 1034,"  102ee8:	e0822003 	add	r2, r2, r3",benign, 993, 182, 10257, 2, 6846, 2692, 1, 567, 756, 0, 231, 54955, 550, 3, 7, 8999, 2, 379, 3, 33329, 11796, 21230, 0, 0, 30, 5191, 5059, 9605, 81, 0, 0, 17, 20, 34, 2, 55493, 47286, 50260, 1, 0, 0, 374,-
485,r1,19, 1053773, 1035,"  10144c:	e51b3014 	ldr	r3, [fp, #-20]	; 0xffffffec",benign, 771, 185, 10250, 2, 6847, 2689, 1, 567, 756, 0, 222, 54329, 550, 3, 7, 8145, 2, 376, 3, 32770, 11014, 21200, 0, 0, 30, 5072, 5159, 9607, 81, 0, 0, 17, 20, 34, 2, 54530, 46529, 49603, 1, 0, 0, 377,-
486,r1,26, 1053796, 1031,"  101464:	e50b3010 	str	r3, [fp, #-16]",benign, 748, 185, 10241, 3, 6843, 2688, 1, 567, 756, 0, 214, 53259, 550, 3, 7, 8219, 2, 379, 3, 32515, 10855, 21195, 0, 0, 30, 5199, 5031, 9613, 79, 0, 0, 17, 20, 34, 5, 54571, 46334, 49337, 1, 0, 0, 394,-
487,r0,15, 1061314, 1030,"  1031c0:	e5130018 	ldr	r0, [r3, #-24]	; 0xffffffe8",benign, 646, 182, 10249, 2, 6844, 2688, 1, 567, 756, 0, 219, 54022, 550, 3, 7, 7435, 2, 376, 3, 32755, 11014, 21225, 0, 0, 30, 5063, 5170, 9593, 78, 0, 0, 17, 20, 34, 2, 54073, 46166, 49189, 1, 0, 0, 374,-
489,r1,10, 1052297, 1044,"  100e88:	e1813003 	orr	r3, r1, r3",benign, 589, 0, 10235, 2, 6852, 2686, 1, 567, 756, 0, 222, 54213, 550, 3, 9, 8334, 45, 375, 3, 32677, 10973, 21225, 0, 0, 30, 5078, 5165, 9611, 80, 0, 0, 17, 20, 34, 2, 54611, 46536, 49510, 1, 0, 0, 374,-
490,r3,8, 1051345, 1039,"  100ad0:	e51b301c 	ldr	r3, [fp, #-28]	; 0xffffffe4",benign, 694, 182, 10240, 2, 6842, 2688, 1, 567, 756, 0, 219, 54045, 550, 3, 7, 8100, 3, 385, 3, 32638, 10918, 21244, 0, 0, 30, 5092, 5146, 9606, 80, 0, 0, 17, 20, 34, 2, 54582, 46691, 49726, 1, 0, 0, 373,-
491,r2,13, 1057711, 1033,"  1023ac:	e50b3010 	str	r3, [fp, #-16]",benign, 893, 184, 10255, 2, 6841, 2688, 1, 567, 756, 0, 224, 54371, 550, 3, 7, 8286, 2, 378, 3, 33592, 11877, 21217, 0, 0, 30, 5077, 5157, 9604, 80, 0, 0, 17, 20, 34, 2, 54686, 46872, 49899, 1, 0, 0, 377,-
492,r1,4, 1051938, 1035,"  100d20:	e1813003 	orr	r3, r1, r3",benign, 717, 185, 10223, 2, 6828, 2690, 1, 567, 756, 0, 223, 54682, 550, 3, 7, 7714, 2, 375, 3, 33110, 11376, 21222, 0, 0, 30, 5060, 5182, 9604, 80, 0, 0, 17, 20, 34, 2, 54981, 46478, 49522, 1, 0, 0, 377,-
493,r1,11, 1054837, 1031,"  101874:	e0823003 	add	r3, r2, r3",benign, 790, 182, 10233, 2, 6836, 2686, 1, 567, 756, 0, 223, 54587, 550, 3, 7, 7979, 2, 376, 3, 33799, 12108, 21247, 0, 0, 30, 5064, 5161, 9597, 78, 0, 0, 17, 21, 34, 2, 54668, 46706, 49681, 1, 0, 0, 373,-
494,r2,13, 1052813, 1034,"  10108c:	e50b3020 	str	r3, [fp, #-32]	; 0xffffffe0",benign, 746, 184, 10238, 2, 6841, 2687, 1, 567, 756, 0, 220, 53723, 550, 3, 7, 7745, 2, 377, 3, 32857, 11183, 21207, 0, 0, 30, 5060, 5172, 9600, 79, 0, 0, 17, 21, 34, 2, 54456, 46677, 49624, 1, 0, 0, 374,-
495,r0,25, 1053788, 1035,"  10145c:	e50b3014 	str	r3, [fp, #-20]	; 0xffffffec",benign, 742, 185, 10247, 3, 6841, 2688, 1, 567, 756, 0, 224, 53981, 550, 3, 7, 8035, 2, 378, 3, 32625, 10902, 21202, 0, 0, 30, 5062, 5161, 9604, 79, 0, 0, 17, 20, 34, 5, 54126, 46057, 48994, 1, 0, 0, 377,-
496,r3,7, 1056679, 1034,"  101fa4:	e0823003 	add	r3, r2, r3",benign, 875, 183, 10232, 2, 6838, 2690, 1, 567, 756, 0, 231, 54511, 550, 3, 7, 8415, 2, 379, 3, 32859, 11209, 21244, 0, 0, 30, 5060, 5169, 9597, 81, 0, 0, 17, 20, 34, 2, 54791, 46828, 49826, 1, 0, 0, 374,-
497,r3,18, 1055451, 1033,"  101ad8:	e51b3018 	ldr	r3, [fp, #-24]	; 0xffffffe8",benign, 825, 185, 10252, 2, 6841, 2688, 1, 567, 756, 0, 223, 54205, 550, 3, 7, 8174, 2, 376, 3, 33035, 11378, 21227, 0, 0, 30, 5070, 5188, 9611, 81, 0, 0, 17, 20, 34, 2, 54797, 47152, 50172, 1, 0, 0, 374,-
498,r0,11, 1057746, 1030,"  1023d0:	e0011003 	and	r1, r1, r3",benign, 887, 182, 10230, 2, 6838, 2687, 1, 567, 756, 0, 228, 54624, 550, 3, 7, 8303, 2, 376, 3, 33868, 12117, 21216, 0, 0, 30, 5062, 5165, 9601, 80, 0, 0, 17, 21, 34, 2, 54814, 46983, 50023, 1, 0, 0, 377,-
499,r3,13, 1054152, 1039,"  1015c8:	e51b3018 	ldr	r3, [fp, #-24]	; 0xffffffe8",benign, 763, 181, 10257, 3, 6857, 2692, 1, 567, 756, 0, 215, 53240, 550, 3, 7, 7898, 2, 376, 3, 32688, 10991, 21200, 0, 0, 30, 5071, 5154, 9608, 79, 0, 0, 17, 20, 34, 5, 54219, 47007, 50081, 1, 0, 0, 376,-
500,r0,1, 1053864, 1042,"  1014a8:	e0823003 	add	r3, r2, r3",benign, 751, 182, 10245, 3, 6849, 2687, 1, 567, 756, 0, 217, 53346, 550, 3, 7, 8378, 2, 379, 3, 33020, 11350, 21216, 0, 0, 30, 5333, 4894, 9609, 79, 0, 0, 20, 21, 36, 4, 54665, 46038, 49098, 1, 0, 0, 377,-
501,r3,18, 1059088, 1032,"  102910:	e51b3020 	ldr	r3, [fp, #-32]	; 0xffffffe0",benign, 910, 182, 10240, 3, 6837, 2687, 1, 567, 756, 0, 224, 54145, 550, 3, 7, 7483, 2, 423, 3, 32913, 11222, 21172, 0, 0, 30, 5189, 5042, 9596, 79, 0, 0, 17, 21, 34, 2, 53763, 47036, 50025, 1, 0, 0, 377,-
502,r2,16, 1060823, 1034,"  102fd4:	e1520003 	cmp	r2, r3",benign, 675, 185, 10242, 2, 6851, 2690, 1, 567, 756, 0, 218, 53776, 550, 3, 7, 7501, 3, 385, 3, 32502, 10759, 21232, 0, 0, 30, 5081, 5155, 9595, 80, 0, 0, 17, 21, 34, 2, 54171, 46886, 50005, 1, 0, 0, 377,-
503,r3,8, 1054908, 1037,"  1018bc:	e51b3018 	ldr	r3, [fp, #-24]	; 0xffffffe8",benign, 782, 182, 10251, 3, 6850, 2690, 1, 567, 756, 0, 221, 53909, 550, 3, 7, 7485, 2, 379, 3, 32777, 11094, 21190, 0, 0, 30, 5068, 5164, 9594, 80, 0, 0, 17, 20, 34, 2, 53834, 46772, 49772, 1, 0, 0, 373,-
504,r3,17, 1055857, 1034,"  101c70:	e50b300c 	str	r3, [fp, #-12]",benign, 843, 185, 10225, 2, 6832, 2689, 1, 567, 756, 0, 224, 54388, 550, 3, 7, 8089, 2, 457, 3, 32938, 11223, 21214, 0, 0, 30, 5053, 5182, 9608, 81, 0, 0, 17, 21, 34, 2, 54703, 47074, 50290, 1, 0, 0, 373,-
505,r0,18, 1056843, 1032,"  102048:	e50b3010 	str	r3, [fp, #-16]",benign, 868, 182, 10254, 2, 6843, 2689, 4, 567, 756, 0, 220, 54675, 550, 3, 7, 8502, 2, 375, 3, 33441, 11784, 21204, 0, 0, 30, 5161, 5081, 9619, 81, 0, 0, 17, 20, 34, 2, 54815, 47052, 50067, 1, 0, 0, 376,-
506,r0,1, 1054122, 1033,"  1015a8:	e50b3010 	str	r3, [fp, #-16]",benign, 792, 181, 10255, 2, 6854, 2687, 1, 567, 756, 0, 223, 53992, 550, 3, 7, 7941, 2, 378, 3, 33189, 11553, 21243, 0, 0, 30, 5069, 5167, 9608, 80, 0, 0, 17, 20, 34, 2, 54492, 46588, 49640, 1, 0, 0, 373,-
507,r0,17, 1056171, 1037,"  101da8:	e0822003 	add	r2, r2, r3",benign, 852, 185, 10261, 2, 6851, 2688, 1, 567, 756, 0, 226, 54501, 550, 3, 7, 8160, 2, 375, 3, 31952, 10260, 21196, 0, 0, 30, 5064, 5178, 9605, 81, 0, 0, 17, 21, 34, 2, 55114, 46725, 49715, 1, 0, 0, 373,-
508,r1,31, 1059313, 1030,"  1029f0:	e51b300c 	ldr	r3, [fp, #-12]",benign, 937, 182, 10259, 2, 6853, 2688, 1, 567, 756, 0, 220, 54795, 550, 3, 7, 8785, 2, 379, 3, 33336, 11588, 21214, 0, 0, 30, 5067, 5156, 9594, 82, 0, 0, 17, 21, 34, 2, 55385, 46982, 49949, 1, 0, 0, 504,-
509,r0,16, 1051419, 1036,"  100b18:	e50b300c 	str	r3, [fp, #-12]",benign, 689, 182, 10242, 2, 6849, 2688, 1, 567, 756, 0, 226, 54109, 550, 3, 7, 8106, 2, 379, 3, 32814, 11122, 21217, 0, 0, 30, 5073, 5157, 9600, 79, 0, 0, 17, 21, 34, 2, 54620, 46946, 50005, 1, 0, 0, 383,-
510,r2,9, 1060470, 1037,"  102e74:	e50b3018 	str	r3, [fp, #-24]	; 0xffffffe8",benign, 984, 181, 10256, 2, 6848, 2689, 1, 567, 756, 0, 226, 54706, 550, 3, 7, 8471, 2, 379, 3, 33484, 11768, 21228, 0, 0, 30, 5057, 5172, 9602, 80, 0, 0, 17, 21, 34, 2, 55015, 47076, 50066, 1, 0, 0, 399,-
511,r3,23, 1060420, 1028,"  102e44:	e0822003 	add	r2, r2, r3",benign, 947, 181, 10241, 3, 6829, 2687, 1, 567, 756, 0, 217, 53230, 550, 3, 7, 8892, 2, 379, 3, 31935, 10256, 21164, 0, 0, 30, 5162, 5065, 9609, 78, 0, 0, 17, 21, 34, 5, 54850, 46955, 50000, 1, 0, 0, 377,-
512,r0,0, 1052211, 1027,"  100e30:	e0823003 	add	r3, r2, r3",benign, 730, 185, 10239, 2, 6844, 2690, 1, 567, 756, 0, 220, 54182, 550, 3, 7, 7833, 2, 376, 3, 33244, 11554, 21215, 0, 0, 30, 5099, 5178, 9600, 78, 0, 0, 17, 21, 34, 2, 54316, 47002, 49974, 1, 0, 0, 377,-
513,r0,26, 1059035, 1030,"  1028d8:	e0822003 	add	r2, r2, r3",benign, 927, 185, 10242, 2, 6836, 2688, 1, 567, 756, 0, 224, 54316, 550, 3, 7, 8569, 2, 379, 3, 33852, 12113, 21232, 0, 0, 30, 5189, 5046, 9603, 80, 0, 0, 17, 20, 34, 2, 55190, 47137, 50244, 1, 0, 0, 374,-
514,r0,24, 1059468, 1032,"  102a8c:	e30c31d6 	movw	r3, #49622	; 0xc1d6",benign, 924, 185, 10262, 3, 6844, 2691, 1, 567, 756, 0, 216, 53893, 550, 3, 7, 8503, 2, 589, 3, 32552, 10944, 21273, 0, 0, 30, 5219, 5110, 9615, 78, 0, 0, 17, 20, 34, 2, 54374, 47270, 50344, 1, 0, 0, 374,-
515,r2,18, 1061194, 1030,"  103148:	e51b3010 	ldr	r3, [fp, #-16]",benign, 605, 184, 10256, 2, 6859, 2692, 3, 567, 756, 0, 215, 53970, 550, 3, 7, 7595, 2, 376, 3, 32729, 11071, 21201, 0, 0, 30, 5071, 5163, 9607, 80, 0, 0, 17, 20, 34, 2, 53638, 45983, 49000, 1, 0, 0, 377,-
516,r3,12, 1060689, 1026,"  102f50:	e34938ba 	movt	r3, #39098	; 0x98ba",benign, 657, 182, 10217, 2, 6821, 2685, 1, 567, 756, 0, 216, 54023, 550, 3, 7, 7997, 2, 379, 3, 32491, 10789, 21259, 0, 0, 30, 5075, 5165, 9609, 81, 0, 0, 17, 21, 34, 2, 54629, 46965, 50190, 1, 0, 0, 374,-
517,r2,31, 1060178, 1028,"  102d50:	e51b300c 	ldr	r3, [fp, #-12]",benign, 981, 182, 10258, 2, 6845, 2689, 1, 567, 756, 0, 225, 55047, 550, 3, 7, 8913, 2, 379, 3, 33265, 11577, 21208, 0, 0, 30, 5180, 5065, 9618, 79, 0, 0, 17, 20, 34, 2, 55503, 47140, 50211, 1, 0, 0, 377,-
518,r2,30, 1051084, 1029,"  1009cc:	ea000022 	b	100a5c <sha_transform+0x104>",benign, 658, 185, 10223, 3, 6838, 2689, 1, 567, 756, 0, 212, 53499, 550, 3, 7, 7848, 2, 378, 3, 32003, 10259, 21220, 0, 0, 30, 5205, 5024, 9603, 81, 0, 0, 17, 20, 34, 2, 54139, 46455, 49485, 1, 0, 0, 377,-
519,r2,8, 1058203, 1028,"  102598:	e51b300c 	ldr	r3, [fp, #-12]",benign, 904, 182, 10254, 2, 6842, 2688, 1, 567, 756, 0, 229, 54648, 550, 3, 7, 8401, 2, 379, 3, 33718, 12005, 21240, 0, 0, 30, 5076, 5154, 9608, 81, 0, 0, 17, 20, 32, 0, 54779, 47332, 50359, 1, 0, 0, 377,-
520,r2,31, 1054054, 1025,"  101564:	e0822003 	add	r2, r2, r3",benign, 783, 185, 10224, 2, 6826, 2689, 1, 567, 756, 0, 229, 54675, 550, 3, 7, 8134, 2, 378, 3, 32745, 11038, 21221, 0, 0, 30, 5074, 5162, 9605, 78, 0, 0, 17, 21, 34, 2, 54667, 46772, 49774, 1, 0, 0, 374,-
521,r0,3, 1052269, 1034,"  100e6c:	e51b1010 	ldr	r1, [fp, #-16]",benign, 730, 182, 10229, 2, 6841, 2689, 1, 567, 756, 0, 227, 54049, 550, 3, 7, 7779, 2, 376, 3, 32993, 11293, 21214, 0, 0, 30, 5200, 5035, 9600, 79, 0, 0, 17, 20, 34, 2, 54349, 46910, 49966, 1, 0, 0, 373,-
522,r1,3, 1054495, 1031,"  10171c:	e0822003 	add	r2, r2, r3",benign, 785, 182, 10253, 2, 6844, 2687, 1, 567, 756, 0, 224, 54057, 550, 3, 7, 8099, 2, 376, 3, 32821, 11086, 21229, 0, 0, 30, 5070, 5170, 9609, 81, 0, 0, 17, 20, 34, 2, 55083, 47201, 50239, 1, 0, 0, 376,-
523,r3,26, 1058399, 1030,"  10265c:	e0823003 	add	r3, r2, r3",benign, 913, 182, 10234, 2, 6827, 2688, 1, 567, 756, 0, 223, 55179, 550, 3, 7, 8484, 2, 379, 3, 33409, 11735, 21219, 0, 0, 30, 5347, 4901, 9606, 80, 0, 0, 17, 21, 34, 2, 55197, 47517, 50528, 1, 0, 0, 374,-
524,r3,7, 1055404, 1030,"  101aac:	e1a03163 	ror	r3, r3, #2",benign, 794, 185, 10220, 3, 6829, 2689, 1, 567, 756, 0, 213, 53435, 550, 3, 7, 8106, 2, 379, 3, 32332, 10753, 21202, 0, 0, 30, 5068, 5175, 9604, 80, 0, 0, 17, 20, 34, 5, 54301, 45848, 48884, 1, 0, 0, 374,-
525,r1,5, 1053889, 1034,"  1014c0:	e51b3010 	ldr	r3, [fp, #-16]",benign, 775, 182, 10254, 2, 6847, 2689, 1, 567, 756, 0, 223, 54511, 550, 3, 7, 8032, 2, 376, 3, 32934, 11193, 21214, 0, 0, 30, 5185, 5037, 9598, 81, 0, 0, 17, 20, 34, 2, 54857, 47159, 50151, 1, 0, 0, 377,-
526,r3,13, 1053675, 1026,"  1013e8:	e51b3010 	ldr	r3, [fp, #-16]",benign, 763, 182, 10263, 2, 6862, 2692, 1, 567, 756, 0, 221, 54599, 550, 3, 7, 8242, 2, 379, 3, 33106, 11348, 21215, 0, 0, 30, 5049, 5175, 9605, 80, 0, 0, 17, 20, 34, 2, 54856, 47053, 50047, 1, 0, 0, 376,-
527,r2,6, 1052856, 1031,"  1010b8:	e50b300c 	str	r3, [fp, #-12]",benign, 717, 181, 10242, 3, 6842, 2689, 1, 567, 756, 0, 213, 53834, 550, 3, 7, 8041, 2, 376, 3, 32679, 10943, 21199, 0, 0, 30, 5186, 5058, 9607, 78, 0, 0, 20, 21, 36, 2, 53698, 46348, 49479, 1, 0, 0, 377,-
528,r2,30, 1051569, 1029,"  100bb0:	e51b3018 	ldr	r3, [fp, #-24]	; 0xffffffe8",benign, 691, 184, 10221, 2, 6830, 2688, 1, 567, 756, 0, 218, 54216, 550, 3, 7, 8011, 2, 379, 3, 32825, 11136, 21202, 0, 0, 30, 5068, 5159, 9600, 80, 0, 0, 17, 21, 34, 2, 54820, 47152, 50140, 1, 0, 0, 384,-
529,r2,2, 1055866, 1029,"  101c78:	e1a02de3 	ror	r2, r3, #27",benign, 845, 184, 10262, 2, 6870, 2692, 1, 567, 756, 0, 220, 54781, 550, 3, 7, 8139, 2, 376, 3, 33304, 11557, 21194, 0, 0, 30, 5158, 5082, 9623, 80, 0, 0, 17, 20, 34, 2, 54825, 47093, 50346, 1, 0, 0, 377,-
530,r0,24, 1059025, 1028,"  1028d0:	e0822003 	add	r2, r2, r3",benign, 937, 185, 10261, 2, 6841, 2687, 1, 567, 756, 0, 221, 54335, 550, 3, 7, 8452, 2, 375, 3, 33689, 11990, 21247, 0, 0, 30, 5061, 5166, 9597, 79, 0, 0, 17, 21, 34, 2, 54966, 47352, 50440, 1, 0, 0, 373,-
531,r2,8, 1053843, 1030,"  101490:	e51b301c 	ldr	r3, [fp, #-28]	; 0xffffffe4",benign, 765, 182, 10234, 2, 6829, 2688, 1, 567, 756, 0, 223, 54108, 550, 3, 7, 8125, 2, 376, 3, 33290, 11601, 21233, 0, 0, 30, 5069, 5162, 9612, 81, 0, 0, 17, 20, 34, 2, 54835, 46611, 49751, 1, 0, 0, 374,-
532,r1,16, 1051312, 1033,"  100ab0:	e51b3014 	ldr	r3, [fp, #-20]	; 0xffffffec",benign, 668, 192, 10224, 3, 6824, 2688, 1, 567, 756, 0, 217, 53360, 550, 3, 7, 7569, 2, 375, 3, 32756, 11012, 21196, 0, 0, 30, 5074, 5160, 9610, 82, 0, 0, 17, 20, 34, 2, 53686, 46158, 49150, 1, 0, 0, 377,-
533,r2,27, 1054417, 1028,"  1016d0:	e50b301c 	str	r3, [fp, #-28]	; 0xffffffe4",benign, 791, 185, 10243, 2, 6844, 2688, 1, 567, 756, 0, 230, 54355, 550, 3, 7, 8001, 2, 378, 3, 32831, 11064, 21220, 0, 0, 30, 5060, 5172, 9593, 81, 0, 0, 17, 20, 34, 2, 55107, 46913, 49983, 1, 0, 0, 374,-
534,r0,0, 1059362, 1028,"  102a20:	e30c31d6 	movw	r3, #49622	; 0xc1d6",benign, 945, 182, 10260, 2, 6844, 2687, 1, 567, 756, 0, 219, 54859, 550, 3, 7, 8597, 2, 379, 3, 33515, 11871, 21206, 0, 0, 30, 5081, 5159, 9601, 79, 0, 0, 20, 22, 36, 2, 54911, 47722, 50969, 1, 0, 0, 377,-
535,r3,10, 1058791, 1035,"  1027e4:	e0211003 	eor	r1, r1, r3",benign, 918, 181, 10250, 2, 6835, 2689, 1, 567, 756, 0, 222, 54201, 550, 3, 7, 8152, 2, 376, 3, 33743, 11980, 21210, 0, 0, 30, 5077, 5153, 9604, 78, 0, 0, 17, 21, 34, 2, 54800, 47429, 50438, 1, 0, 0, 374,-
536,r0,20, 1055302, 1027,"  101a44:	e50b3014 	str	r3, [fp, #-20]	; 0xffffffec",benign, 829, 185, 10257, 2, 6846, 2689, 1, 567, 756, 0, 218, 54247, 550, 3, 7, 8278, 2, 376, 3, 33542, 11839, 21215, 0, 0, 30, 5054, 5178, 9606, 78, 0, 0, 17, 20, 34, 2, 55029, 47245, 50274, 1, 0, 0, 374,-
537,r3,5, 1061154, 1027,"  103120:	ebfff60c 	bl	100958 <sha_transform>",benign, 980, 182, 10262, 2, 6849, 2691, 1, 567, 756, 0, 226, 54685, 550, 3, 7, 8379, 2, 379, 3, 33365, 11703, 21268, 0, 0, 30, 5195, 5052, 9611, 79, 0, 0, 20, 21, 36, 2, 54871, 47055, 50117, 1, 0, 0, 376,-
538,r3,4, 1056821, 1026,"  102034:	e50b3018 	str	r3, [fp, #-24]	; 0xffffffe8",benign, 863, 181, 10222, 2, 6817, 2688, 1, 567, 756, 0, 234, 54811, 550, 3, 7, 8607, 2, 378, 3, 32956, 11274, 21225, 0, 0, 30, 5196, 5040, 9599, 80, 0, 0, 17, 21, 34, 2, 54669, 47048, 50081, 1, 0, 0, 377,-
539,r0,6, 1061455, 1032,"  10324c:	e2411004 	sub	r1, r1, #4",benign, 665, 182, 10236, 2, 6845, 2685, 1, 567, 756, 0, 214, 53728, 550, 3, 7, 7849, 2, 379, 3, 32790, 11081, 21187, 0, 0, 30, 5067, 5162, 9592, 78, 0, 0, 17, 20, 34, 2, 54123, 46903, 50183, 1, 0, 0, 373,-
540,r1,10, 1051503, 1029,"  100b6c:	e50b301c 	str	r3, [fp, #-28]	; 0xffffffe4",benign, 693, 185, 10223, 2, 6836, 2687, 1, 567, 756, 0, 222, 54341, 550, 3, 7, 7888, 2, 376, 3, 33086, 11358, 21238, 0, 0, 30, 5070, 5153, 9601, 81, 0, 0, 17, 20, 34, 2, 54463, 46586, 49590, 1, 0, 0, 377,-
541,r1,7, 1058340, 1038,"  102624:	e51b300c 	ldr	r3, [fp, #-12]",benign, 887, 182, 10271, 3, 6851, 2689, 1, 567, 756, 0, 216, 53235, 550, 3, 7, 8413, 2, 375, 3, 33229, 11609, 21212, 0, 0, 30, 5319, 4888, 9596, 77, 0, 0, 17, 20, 34, 5, 55019, 46164, 49235, 1, 0, 0, 374,-
542,r0,10, 1057629, 1029,"  10235c:	e51b3018 	ldr	r3, [fp, #-24]	; 0xffffffe8",benign, 886, 182, 10214, 2, 6817, 2687, 1, 567, 756, 0, 221, 54681, 550, 3, 7, 8270, 2, 379, 3, 33466, 11781, 21208, 0, 0, 30, 5072, 5155, 9597, 81, 0, 0, 17, 21, 34, 2, 55241, 46964, 50023, 1, 0, 0, 374,-
543,r1,30, 1054592, 1031,"  101780:	e0822003 	add	r2, r2, r3",benign, 776, 184, 10246, 3, 6845, 2690, 1, 567, 756, 0, 223, 53909, 550, 3, 7, 8009, 2, 379, 3, 32469, 10753, 21200, 0, 0, 30, 5050, 5185, 9603, 80, 0, 0, 17, 20, 34, 2, 53959, 46709, 49727, 1, 0, 0, 377,-
544,r0,31, 1055776, 1030,"  101c20:	e0233001 	eor	r3, r3, r1",benign, 812, 182, 10255, 3, 6852, 2693, 1, 567, 756, 0, 219, 53402, 550, 3, 7, 8749, 3, 389, 3, 32781, 11136, 21188, 0, 0, 30, 5192, 5055, 9607, 83, 0, 0, 17, 20, 34, 2, 54277, 46608, 49659, 1, 0, 0, 383,-
545,r2,16, 1056538, 1027,"  101f18:	e51b30ac 	ldr	r3, [fp, #-172]	; 0xffffff54",benign, 851, 182, 10222, 2, 6825, 2689, 1, 567, 756, 0, 218, 54354, 550, 3, 7, 8223, 2, 378, 3, 33010, 11264, 21208, 0, 0, 30, 5061, 5174, 9606, 80, 0, 0, 17, 20, 34, 2, 54832, 47036, 49977, 1, 0, 0, 373,-
546,r2,0, 1057213, 1028,"  1021bc:	e50b3010 	str	r3, [fp, #-16]",benign, 885, 184, 10259, 2, 6845, 2689, 1, 567, 756, 0, 222, 54393, 550, 3, 7, 8478, 2, 378, 3, 33364, 11657, 21203, 0, 0, 30, 5063, 5182, 9610, 81, 0, 0, 17, 21, 34, 2, 54710, 46898, 49915, 1, 0, 0, 373,-
547,r1,29, 1056243, 1032,"  101df0:	e51b1014 	ldr	r1, [fp, #-20]	; 0xffffffec",benign, 848, 182, 10232, 2, 6842, 2688, 1, 567, 756, 0, 228, 54421, 550, 3, 7, 8040, 2, 376, 3, 33105, 11379, 21236, 0, 0, 30, 5086, 5159, 9602, 80, 0, 0, 17, 20, 34, 2, 55037, 47402, 50419, 1, 0, 0, 377,-
548,r3,3, 1059255, 1030,"  1029b4:	e30c31d6 	movw	r3, #49622	; 0xc1d6",benign, 945, 183, 10247, 2, 6843, 2689, 1, 567, 756, 0, 228, 54539, 550, 3, 7, 8718, 2, 379, 3, 33151, 11500, 21255, 0, 0, 30, 5072, 5156, 9605, 79, 0, 0, 17, 21, 34, 2, 54884, 46938, 49987, 1, 0, 0, 390,-
549,r3,17, 1055847, 1022,"  101c64:	e51b300c 	ldr	r3, [fp, #-12]",benign, 831, 182, 10248, 2, 6843, 2689, 1, 567, 756, 0, 222, 54699, 550, 3, 7, 8478, 2, 379, 3, 33376, 11631, 21225, 0, 0, 30, 5045, 5170, 9590, 78, 0, 0, 17, 20, 34, 2, 54864, 47057, 50100, 1, 0, 0, 377,-
550,r3,20, 1054170, 1035,"  1015d8:	e0822003 	add	r2, r2, r3",benign, 781, 182, 10215, 2, 6824, 2689, 1, 567, 756, 0, 224, 54051, 550, 3, 7, 8094, 2, 379, 3, 32809, 11129, 21248, 0, 0, 30, 5051, 5169, 9601, 80, 0, 0, 17, 20, 34, 2, 54557, 46922, 49970, 1, 0, 0, 376,-
551,r0,3, 1051300, 1025,"  100aa4:	e51b300c 	ldr	r3, [fp, #-12]",benign, 671, 184, 10240, 3, 6844, 2689, 1, 567, 756, 0, 221, 53207, 550, 3, 7, 7833, 2, 376, 3, 32687, 10915, 21184, 0, 0, 30, 5064, 5156, 9598, 80, 0, 0, 17, 20, 34, 2, 54099, 46662, 49639, 1, 0, 0, 374,-
552,r0,2, 1055202, 1032,"  1019e0:	e50b3010 	str	r3, [fp, #-16]",benign, 815, 182, 10241, 2, 6845, 2690, 1, 567, 756, 0, 222, 54103, 550, 3, 7, 8433, 2, 379, 3, 32923, 11224, 21216, 0, 0, 30, 5207, 5041, 9626, 81, 0, 0, 17, 21, 34, 2, 55025, 46660, 49692, 1, 0, 0, 377,-
553,r3,29, 1056997, 1029,"  1020e4:	e51b3010 	ldr	r3, [fp, #-16]",benign, 875, 182, 10261, 2, 6843, 2689, 1, 567, 756, 0, 226, 54352, 550, 3, 7, 8523, 2, 376, 3, 33438, 11747, 21218, 0, 0, 30, 5180, 5053, 9601, 80, 0, 0, 17, 20, 34, 2, 54813, 47093, 50088, 1, 0, 0, 374,-
554,r3,24, 1057059, 1035,"  102120:	e51b3018 	ldr	r3, [fp, #-24]	; 0xffffffe8",benign, 873, 182, 10250, 2, 6845, 2693, 1, 567, 756, 0, 222, 54188, 550, 3, 7, 8457, 2, 378, 3, 33466, 11830, 21293, 0, 0, 30, 5175, 5068, 9614, 79, 0, 0, 17, 20, 34, 2, 55342, 47263, 50310, 1, 0, 0, 374,-
555,r2,14, 1054327, 1030,"  101674:	e1a03163 	ror	r3, r3, #2",benign, 785, 181, 10235, 2, 6839, 2688, 1, 567, 756, 0, 225, 54580, 550, 3, 7, 7977, 2, 378, 3, 33340, 11607, 21248, 0, 0, 30, 5062, 5161, 9600, 78, 0, 0, 17, 20, 34, 2, 54642, 46694, 49863, 1, 0, 0, 373,-
556,r3,4, 1053209, 1028,"  101218:	e50b3010 	str	r3, [fp, #-16]",benign, 748, 182, 10229, 2, 6826, 2689, 1, 567, 756, 0, 231, 54445, 550, 3, 7, 7673, 2, 375, 3, 33179, 11443, 21223, 0, 0, 30, 5188, 5047, 9608, 81, 0, 0, 17, 21, 34, 2, 54387, 46877, 49974, 1, 0, 0, 377,-
557,r3,5, 1058115, 1024,"  102540:	e51b3010 	ldr	r3, [fp, #-16]",benign, 906, 181, 10271, 2, 6850, 2688, 1, 567, 756, 0, 224, 54933, 550, 3, 7, 8471, 2, 473, 3, 33244, 11502, 21203, 0, 0, 30, 5159, 5067, 9607, 79, 0, 0, 17, 20, 34, 2, 54777, 47537, 50686, 1, 0, 0, 374,-
558,r1,1, 1056570, 1030,"  101f38:	e51b3014 	ldr	r3, [fp, #-20]	; 0xffffffec",benign, 863, 185, 10250, 2, 6849, 2690, 1, 567, 756, 0, 221, 54331, 550, 3, 7, 8340, 2, 375, 3, 33316, 11584, 21214, 0, 0, 30, 5199, 5041, 9599, 79, 0, 0, 17, 20, 34, 2, 54961, 46886, 49888, 1, 0, 0, 374,-
559,r2,24, 1061019, 1029,"  103098:	e28db004 	add	fp, sp, #4",benign, 965, 181, 10265, 2, 6848, 2688, 4, 567, 756, 0, 225, 55067, 550, 3, 7, 8957, 2, 378, 3, 33234, 11566, 21253, 0, 0, 30, 5056, 5171, 9619, 81, 0, 0, 17, 21, 34, 2, 55213, 46964, 50076, 1, 0, 0, 374,-
560,r0,3, 1056879, 1030,"  10206c:	e0011003 	and	r1, r1, r3",benign, 869, 181, 10255, 2, 6856, 2688, 1, 567, 756, 0, 228, 54448, 550, 3, 7, 8523, 2, 379, 3, 33499, 11775, 21245, 0, 0, 30, 5062, 5164, 9597, 79, 0, 0, 17, 20, 34, 2, 54920, 46806, 49771, 1, 0, 0, 374,-
561,r1,28, 1054801, 1028,"  101850:	e51b3018 	ldr	r3, [fp, #-24]	; 0xffffffe8",benign, 811, 181, 10233, 2, 6826, 2690, 1, 567, 756, 0, 224, 54376, 550, 3, 7, 8127, 2, 378, 3, 33567, 11823, 21235, 0, 0, 30, 5055, 5164, 9594, 78, 0, 0, 17, 20, 34, 2, 54477, 47128, 50170, 1, 0, 0, 377,-
562,r0,11, 1060323, 1030,"  102de0:	e0822003 	add	r2, r2, r3",benign, 965, 181, 10244, 2, 6837, 2688, 1, 567, 756, 0, 229, 54597, 550, 3, 7, 8533, 2, 375, 3, 33185, 11435, 21231, 0, 0, 30, 5313, 4913, 9596, 78, 0, 0, 17, 20, 34, 2, 54260, 47160, 50245, 1, 0, 0, 377,-
563,r1,13, 1058970, 1027,"  102898:	e50b3014 	str	r3, [fp, #-20]	; 0xffffffec",benign, 932, 182, 10246, 2, 6840, 2688, 1, 567, 756, 0, 224, 54532, 550, 3, 7, 8799, 2, 376, 3, 33158, 11429, 21206, 0, 0, 30, 5065, 5164, 9596, 81, 0, 0, 17, 21, 34, 2, 55663, 47162, 50165, 1, 0, 0, 373,-
564,r2,6, 1060032, 1026,"  102cc0:	e51b3014 	ldr	r3, [fp, #-20]	; 0xffffffec",benign, 938, 185, 10261, 3, 6842, 2686, 1, 567, 756, 0, 224, 54239, 550, 3, 7, 8197, 2, 379, 3, 33372, 11681, 21207, 0, 0, 30, 5072, 5154, 9607, 77, 0, 0, 17, 20, 34, 5, 55395, 46921, 50166, 1, 0, 0, 374,-
565,r2,14, 1054198, 1033,"  1015f4:	e51b3018 	ldr	r3, [fp, #-24]	; 0xffffffe8",benign, 794, 185, 10254, 2, 6844, 2689, 1, 567, 756, 0, 221, 54316, 550, 3, 7, 7931, 2, 376, 3, 33379, 11658, 21206, 0, 0, 30, 5059, 5172, 9595, 79, 0, 0, 17, 20, 34, 2, 54775, 46638, 49627, 1, 0, 0, 377,-
566,r1,25, 1054609, 1028,"  101790:	e0822003 	add	r2, r2, r3",benign, 794, 181, 10257, 2, 6855, 2690, 1, 567, 756, 0, 220, 54753, 550, 3, 7, 8063, 2, 379, 3, 32894, 11160, 21220, 0, 0, 30, 5321, 4908, 9599, 81, 0, 0, 17, 20, 34, 2, 54412, 47024, 50025, 1, 0, 0, 377,-
567,r2,18, 1054289, 1033,"  101650:	e30e3ba1 	movw	r3, #60321	; 0xeba1",benign, 784, 185, 10239, 2, 6833, 2687, 1, 567, 756, 0, 220, 53980, 550, 3, 7, 8008, 2, 379, 3, 32908, 11274, 21225, 0, 0, 30, 5060, 5176, 9601, 78, 0, 0, 17, 21, 34, 2, 54421, 46576, 49573, 1, 0, 0, 374,-
568,r1,28, 1058078, 1032,"  10251c:	e51b300c 	ldr	r3, [fp, #-12]",benign, 904, 185, 10261, 2, 6836, 2686, 1, 567, 756, 0, 221, 54218, 550, 3, 7, 8373, 2, 376, 3, 33194, 11507, 21214, 0, 0, 30, 5072, 5170, 9609, 80, 0, 0, 17, 20, 34, 2, 55057, 47166, 50378, 1, 0, 0, 373,-
569,r0,15, 1060745, 1031,"  102f88:	e3a02000 	mov	r2, #0",benign, 662, 182, 10246, 2, 6853, 2692, 1, 567, 756, 0, 218, 53631, 550, 3, 7, 7904, 2, 377, 3, 32958, 11306, 21252, 0, 0, 30, 5066, 5159, 9594, 80, 0, 0, 17, 20, 34, 2, 54362, 46339, 49382, 1, 0, 0, 376,-
570,r1,6, 1056324, 1030,"  101e44:	e50b3018 	str	r3, [fp, #-24]	; 0xffffffe8",benign, 827, 182, 10243, 3, 6840, 2687, 1, 567, 756, 0, 235, 54292, 550, 3, 7, 7696, 2, 378, 3, 32853, 11210, 21202, 0, 0, 30, 5069, 5174, 9601, 81, 0, 0, 17, 22, 34, 5, 55006, 45874, 48880, 1, 0, 0, 377,-
571,r3,17, 1054285, 1029,"  10164c:	e0822003 	add	r2, r2, r3",benign, 789, 182, 10238, 2, 6835, 2689, 1, 567, 756, 0, 218, 54402, 550, 3, 7, 8153, 2, 379, 3, 33016, 11338, 21264, 0, 0, 30, 5203, 5033, 9598, 79, 0, 0, 17, 20, 34, 2, 54923, 47354, 50370, 1, 0, 0, 374,-
572,r3,29, 1058417, 1033,"  102670:	e50b3018 	str	r3, [fp, #-24]	; 0xffffffe8",benign, 916, 185, 10239, 2, 6837, 2690, 1, 567, 756, 0, 221, 54708, 550, 3, 7, 8467, 2, 378, 3, 33436, 11733, 21218, 0, 0, 30, 5048, 5176, 9598, 80, 0, 0, 17, 20, 34, 2, 55357, 46954, 49917, 1, 0, 0, 384,-
573,r2,12, 1052575, 1027,"  100f9c:	e50b3020 	str	r3, [fp, #-32]	; 0xffffffe0",benign, 739, 182, 10234, 2, 6847, 2690, 1, 567, 756, 0, 220, 54212, 550, 3, 7, 7631, 2, 379, 3, 32641, 10898, 21225, 0, 0, 30, 5050, 5174, 9598, 79, 0, 0, 17, 20, 34, 2, 54434, 46635, 49594, 1, 0, 0, 374,-
574,r3,29, 1057753, 1028,"  1023d8:	e51b3018 	ldr	r3, [fp, #-24]	; 0xffffffe8",benign, 890, 182, 10245, 2, 6838, 2689, 1, 567, 756, 0, 230, 54750, 550, 3, 7, 8409, 2, 378, 3, 33625, 11885, 21199, 0, 0, 30, 5064, 5174, 9597, 79, 0, 0, 20, 21, 36, 2, 54763, 47158, 50168, 1, 0, 0, 374,-
575,r0,2, 1051521, 1035,"  100b80:	e50b3014 	str	r3, [fp, #-20]	; 0xffffffec",benign, 702, 181, 10224, 2, 6842, 2690, 1, 567, 756, 0, 224, 54020, 550, 3, 7, 8161, 2, 376, 3, 33142, 11482, 21235, 0, 0, 30, 5216, 5022, 9604, 80, 0, 0, 17, 20, 34, 2, 54880, 47095, 50202, 1, 0, 0, 377,-
576,r3,18, 1053692, 1029,"  1013fc:	e51b3020 	ldr	r3, [fp, #-32]	; 0xffffffe0",benign, 741, 182, 10232, 3, 6835, 2688, 1, 567, 756, 0, 210, 53648, 550, 3, 7, 7821, 2, 378, 3, 33087, 11441, 21186, 0, 0, 30, 5064, 5154, 9600, 77, 0, 0, 17, 20, 34, 6, 54849, 46309, 49552, 1, 0, 0, 377,-
577,r3,24, 1051053, 1026,"  1009ac:	e51b3008 	ldr	r3, [fp, #-8]",benign, 685, 184, 10245, 2, 6841, 2687, 1, 567, 756, 0, 223, 53666, 550, 3, 7, 8164, 2, 379, 3, 32771, 11053, 21213, 0, 0, 30, 5075, 5158, 9598, 79, 0, 0, 17, 20, 34, 2, 54782, 46990, 50086, 1, 0, 0, 374,-
578,r0,23, 1051041, 1028,"  1009a0:	e2433004 	sub	r3, r3, #4",benign, 683, 182, 10229, 2, 6842, 2689, 1, 567, 756, 0, 217, 53697, 550, 3, 7, 7905, 2, 514, 3, 32912, 11291, 21248, 0, 0, 30, 5074, 5163, 9603, 80, 0, 0, 17, 21, 34, 2, 54287, 46757, 49777, 1, 0, 0, 374,-
579,r1,19, 1059229, 1029,"  10299c:	e0233001 	eor	r3, r3, r1",benign, 950, 182, 10239, 2, 6826, 2689, 1, 567, 756, 0, 227, 54842, 550, 3, 7, 8633, 2, 379, 3, 33273, 11532, 21206, 0, 0, 30, 5060, 5171, 9603, 78, 0, 0, 17, 20, 34, 2, 54950, 47791, 50812, 1, 0, 0, 377,-
580,r1,5, 1057047, 1028,"  102114:	e3483f1b 	movt	r3, #36635	; 0x8f1b",benign, 879, 184, 10240, 2, 6836, 2688, 1, 567, 756, 0, 224, 54676, 550, 3, 7, 8558, 2, 378, 3, 33249, 11574, 21227, 0, 0, 30, 5300, 5131, 9602, 80, 0, 0, 17, 20, 34, 2, 54768, 46945, 49976, 1, 0, 0, 377,-
581,r3,18, 1057080, 1031,"  102138:	e50b3014 	str	r3, [fp, #-20]	; 0xffffffec",benign, 844, 185, 10218, 3, 6824, 2688, 1, 567, 756, 0, 223, 54299, 550, 3, 7, 7608, 2, 379, 3, 32277, 10536, 21194, 0, 0, 30, 5189, 5043, 9594, 79, 0, 0, 17, 20, 34, 5, 54631, 45880, 48864, 1, 0, 0, 377,-
582,r0,29, 1060186, 1028,"  102d58:	e51b1010 	ldr	r1, [fp, #-16]",benign, 968, 182, 10263, 2, 6845, 2688, 1, 567, 756, 0, 223, 54298, 550, 3, 7, 9007, 2, 375, 3, 33677, 11975, 21221, 0, 0, 30, 5050, 5175, 9592, 79, 0, 0, 17, 20, 34, 2, 54892, 47018, 50063, 1, 0, 0, 437,-
583,r0,31, 1060639, 1031,"  102f1c:	e28db000 	add	fp, sp, #0",benign, 658, 182, 10236, 2, 6838, 2688, 4, 567, 756, 0, 232, 53974, 550, 3, 7, 7929, 2, 376, 3, 32860, 11176, 21256, 0, 0, 30, 5219, 5027, 9599, 78, 0, 0, 17, 20, 34, 2, 54330, 47371, 50374, 1, 0, 0, 374,-
584,r2,31, 1050958, 1031,"  10094c:	e1a00003 	mov	r0, r3",benign, 599, 182, 10232, 2, 6847, 2688, 4, 567, 756, 0, 209, 53761, 550, 3, 7, 7720, 2, 375, 3, 32119, 10434, 21224, 0, 0, 30, 5070, 5156, 9614, 81, 0, 0, 17, 21, 34, 2, 54170, 46094, 49006, 1, 0, 0, 377,-
585,r3,3, 1058612, 1037,"  102734:	e0823003 	add	r3, r2, r3",benign, 890, 182, 10239, 3, 6836, 2689, 1, 567, 756, 0, 227, 54012, 550, 3, 7, 8876, 2, 374, 3, 31929, 10184, 21183, 0, 0, 30, 5189, 5039, 9605, 79, 0, 0, 17, 20, 34, 5, 54688, 46101, 49149, 1, 0, 0, 374,-
586,r1,11, 1053607, 1030,"  1013a4:	e1e00003 	mvn	r0, r3",benign, 757, 182, 10221, 2, 6819, 2686, 1, 567, 756, 0, 220, 54031, 550, 3, 7, 8454, 2, 379, 3, 33225, 11582, 21246, 0, 0, 30, 5081, 5160, 9612, 79, 0, 0, 17, 21, 34, 2, 54484, 47063, 50124, 1, 0, 0, 374,-
587,r1,0, 1057007, 1032,"  1020ec:	e51b0014 	ldr	r0, [fp, #-20]	; 0xffffffec",benign, 877, 182, 10232, 2, 6824, 2690, 1, 567, 756, 0, 223, 54432, 550, 3, 7, 8418, 2, 376, 3, 33298, 11601, 21253, 0, 0, 30, 5315, 4923, 9610, 83, 0, 0, 17, 20, 34, 2, 54641, 47162, 50183, 1, 0, 0, 384,-
588,r1,22, 1054183, 1028,"  1015e4:	e30e3ba1 	movw	r3, #60321	; 0xeba1",benign, 777, 181, 10251, 2, 6846, 2689, 4, 567, 756, 0, 218, 54238, 550, 3, 7, 7881, 2, 376, 3, 32860, 11167, 21249, 0, 0, 30, 5044, 5182, 9607, 82, 0, 0, 17, 21, 34, 2, 54890, 46776, 49823, 1, 0, 0, 373,-
589,r1,24, 1051611, 1031,"  100bd8:	e0823003 	add	r3, r2, r3",benign, 694, 185, 10239, 2, 6846, 2689, 1, 567, 756, 0, 222, 54800, 550, 3, 7, 7686, 2, 379, 3, 32633, 10914, 21234, 0, 0, 30, 5059, 5176, 9600, 79, 0, 0, 17, 20, 34, 2, 54411, 46674, 49740, 1, 0, 0, 377,-
590,r1,16, 1054560, 1029,"  101760:	e50b300c 	str	r3, [fp, #-12]",benign, 770, 181, 10243, 3, 6842, 2689, 1, 567, 756, 0, 214, 53938, 550, 3, 7, 8225, 2, 377, 3, 32816, 11084, 21194, 0, 0, 30, 5170, 5249, 9602, 79, 0, 0, 17, 20, 34, 5, 54605, 46492, 49529, 1, 0, 0, 432,-
591,r2,14, 1057805, 1030,"  10240c:	e50b301c 	str	r3, [fp, #-28]	; 0xffffffe4",benign, 898, 182, 10251, 2, 6845, 2690, 1, 567, 756, 0, 217, 54492, 550, 3, 7, 8923, 2, 378, 3, 33260, 11510, 21220, 0, 0, 30, 5067, 5171, 9598, 78, 0, 0, 17, 20, 34, 2, 54748, 47240, 50273, 1, 0, 0, 376,-
592,r3,28, 1055842, 1031,"  101c60:	e50b3014 	str	r3, [fp, #-20]	; 0xffffffec",benign, 844, 192, 10214, 2, 6822, 2688, 4, 567, 756, 0, 219, 53892, 550, 3, 7, 8515, 2, 379, 3, 33060, 11402, 21223, 0, 0, 30, 5057, 5166, 9600, 79, 0, 0, 17, 20, 34, 2, 54745, 46802, 49905, 1, 0, 0, 377,-
593,r0,26, 1059378, 1028,"  102a30:	e51b3018 	ldr	r3, [fp, #-24]	; 0xffffffe8",benign, 945, 182, 10254, 2, 6849, 2690, 1, 567, 756, 0, 225, 55018, 550, 3, 7, 8789, 3, 389, 3, 33470, 11792, 21232, 0, 0, 30, 5063, 5162, 9599, 81, 0, 0, 17, 20, 34, 2, 55690, 47594, 50633, 1, 0, 0, 387,-
594,r3,6, 1056154, 1031,"  101d98:	e0822003 	add	r2, r2, r3",benign, 843, 184, 10240, 2, 6838, 2693, 1, 567, 756, 0, 224, 54715, 550, 3, 7, 8216, 2, 379, 3, 33609, 11878, 21218, 0, 0, 30, 5049, 5183, 9602, 81, 0, 0, 17, 20, 34, 2, 54728, 46971, 50170, 1, 0, 0, 374,-
595,r3,3, 1052215, 1035,"  100e34:	e50b3020 	str	r3, [fp, #-32]	; 0xffffffe0",benign, 723, 185, 10216, 2, 6836, 2688, 1, 567, 756, 0, 223, 54539, 550, 3, 7, 7964, 2, 376, 3, 33400, 11685, 21233, 0, 0, 30, 5201, 5027, 9603, 80, 0, 0, 17, 20, 34, 2, 54555, 46715, 49701, 1, 0, 0, 376,-
596,r2,30, 1059651, 1031,"  102b40:	e51b3014 	ldr	r3, [fp, #-20]	; 0xffffffec",benign, 967, 185, 10229, 2, 6823, 2688, 1, 567, 756, 0, 229, 54706, 550, 3, 7, 9327, 2, 379, 3, 33431, 11781, 21222, 0, 0, 30, 5059, 5164, 9623, 78, 0, 0, 17, 20, 34, 2, 54976, 47760, 50800, 1, 0, 0, 373,-
597,r3,9, 1059328, 1025,"  102a00:	e0211003 	eor	r1, r1, r3",benign, 922, 185, 10232, 3, 6822, 2689, 1, 567, 756, 0, 215, 53767, 550, 3, 7, 8824, 2, 375, 3, 33237, 11639, 21208, 0, 0, 30, 5058, 5155, 9595, 77, 0, 0, 17, 20, 34, 6, 55200, 46734, 49897, 1, 0, 0, 383,-
598,r2,11, 1052956, 1031,"  10111c:	e1a03163 	ror	r3, r3, #2",benign, 718, 182, 10241, 3, 6845, 2689, 1, 567, 756, 0, 217, 54145, 550, 3, 7, 7955, 2, 375, 3, 32711, 11021, 21222, 0, 0, 30, 5204, 5038, 9602, 81, 0, 0, 17, 21, 34, 6, 54353, 46291, 49329, 1, 0, 0, 376,-
599,r2,14, 1061415, 1030,"  103224:	e2433004 	sub	r3, r3, #4",benign, 664, 182, 10234, 2, 6836, 2687, 1, 567, 756, 0, 221, 53980, 550, 3, 7, 7551, 2, 378, 3, 32515, 10780, 21237, 0, 0, 30, 5068, 5152, 9589, 80, 0, 0, 17, 21, 34, 2, 54670, 46551, 49749, 1, 0, 0, 373,-
600,r2,12, 1060242, 1032,"  102d90:	e51b3018 	ldr	r3, [fp, #-24]	; 0xffffffe8",benign, 962, 181, 10263, 2, 6852, 2689, 1, 567, 756, 0, 223, 55051, 550, 3, 7, 8746, 2, 379, 3, 33095, 11366, 21202, 0, 0, 30, 5056, 5162, 9594, 79, 0, 0, 17, 20, 34, 2, 54925, 47488, 50564, 1, 0, 0, 377,-
601,r1,19, 1054862, 1026,"  10188c:	e51b3010 	ldr	r3, [fp, #-16]",benign, 810, 192, 10256, 2, 6848, 2690, 1, 567, 756, 0, 228, 54360, 550, 3, 7, 8148, 2, 376, 3, 33086, 11398, 21226, 0, 0, 30, 5063, 5169, 9597, 79, 0, 0, 17, 20, 34, 2, 55067, 46705, 49705, 1, 0, 0, 394,-
602,r1,22, 1061416, 1032,"  103228:	e2433010 	sub	r3, r3, #16",benign, 640, 187, 10259, 5, 6843, 2701, 1, 567, 756, 0, 213, 53831, 550, 3, 7, 7696, 2, 378, 3, 32182, 10570, 21245, 0, 0, 30, 5343, 4903, 9602, 78, 0, 0, 17, 22, 34, 9, 54407, 46418, 49437, 1, 0, 0, 376,-
603,r2,17, 1054820, 1027,"  101864:	e51b30e8 	ldr	r3, [fp, #-232]	; 0xffffff18",benign, 772, 182, 10217, 3, 6821, 2686, 1, 567, 756, 0, 213, 53913, 550, 3, 7, 8298, 2, 376, 3, 33044, 11380, 21187, 0, 0, 30, 5046, 5171, 9611, 77, 0, 0, 17, 20, 34, 6, 54454, 46009, 49015, 1, 0, 0, 374,-
604,r0,4, 1055380, 1026,"  101a94:	e50b3020 	str	r3, [fp, #-32]	; 0xffffffe0",benign, 803, 185, 10236, 3, 6843, 2691, 1, 567, 756, 0, 215, 53959, 550, 3, 7, 8346, 2, 376, 3, 32378, 10678, 21226, 0, 0, 30, 5059, 5165, 9596, 78, 0, 0, 17, 20, 34, 2, 53705, 46933, 49980, 1, 0, 0, 376,-
605,r3,14, 1058998, 1029,"  1028b4:	e51b1010 	ldr	r1, [fp, #-16]",benign, 938, 185, 10253, 2, 6841, 2687, 1, 567, 756, 0, 218, 54570, 550, 3, 7, 8444, 3, 386, 3, 33431, 11710, 21222, 0, 0, 30, 5398, 5231, 9600, 79, 0, 0, 17, 20, 34, 2, 55595, 47167, 50158, 1, 0, 0, 387,-
606,r1,12, 1051544, 1033,"  100b98:	e1a02de3 	ror	r2, r3, #27",benign, 678, 182, 10233, 3, 6842, 2689, 1, 567, 756, 0, 212, 53979, 550, 3, 7, 7798, 2, 378, 3, 32164, 10445, 21205, 0, 0, 30, 5209, 5030, 9601, 80, 0, 0, 17, 20, 34, 2, 54243, 46302, 49333, 1, 0, 0, 374,-
607,r0,25, 1060315, 1031,"  102dd8:	e0822003 	add	r2, r2, r3",benign, 982, 185, 10255, 2, 6845, 2690, 1, 567, 756, 0, 218, 54521, 550, 3, 7, 8900, 2, 376, 3, 33113, 11452, 21214, 0, 0, 30, 5061, 5171, 9598, 81, 0, 0, 17, 20, 34, 2, 55597, 47144, 50122, 1, 0, 0, 377,-
608,r2,26, 1057563, 1031,"  102318:	e51b3014 	ldr	r3, [fp, #-20]	; 0xffffffec",benign, 894, 185, 10267, 2, 6860, 2690, 1, 567, 756, 0, 220, 54877, 550, 3, 7, 8634, 2, 376, 3, 33405, 11696, 21224, 0, 0, 30, 5073, 5156, 9597, 78, 0, 0, 17, 20, 34, 2, 54862, 47139, 50141, 1, 0, 0, 377,-
609,r2,30, 1056429, 1028,"  101eac:	e0823003 	add	r3, r2, r3",benign, 847, 184, 10204, 2, 6824, 2689, 1, 567, 756, 0, 227, 54436, 550, 3, 7, 8495, 2, 379, 3, 33664, 11958, 21238, 0, 0, 30, 5193, 5055, 9602, 80, 0, 0, 17, 21, 34, 2, 54887, 47222, 50243, 1, 0, 0, 373,-
610,r3,11, 1057974, 1030,"  1024b4:	e1a02de3 	ror	r2, r3, #27",benign, 901, 181, 10219, 2, 6820, 2688, 1, 567, 756, 0, 222, 54516, 550, 3, 7, 8290, 2, 378, 3, 33362, 11814, 21242, 0, 0, 30, 5095, 5179, 9604, 79, 0, 0, 17, 21, 34, 2, 55220, 46936, 49944, 1, 0, 0, 373,-
611,r1,30, 1051133, 1032,"  1009fc:	e513315c 	ldr	r3, [r3, #-348]	; 0xfffffea4",benign, 695, 184, 10242, 2, 6846, 2691, 1, 567, 756, 0, 229, 54239, 550, 3, 7, 7764, 2, 379, 3, 32766, 11178, 21243, 0, 0, 30, 5347, 4891, 9609, 81, 0, 0, 17, 21, 34, 2, 54861, 46551, 49604, 1, 0, 0, 373,-
612,r1,9, 1054755, 1034,"  101820:	e51b3010 	ldr	r3, [fp, #-16]",benign, 797, 184, 10240, 2, 6850, 2688, 1, 567, 756, 0, 226, 54805, 550, 3, 7, 8099, 2, 379, 3, 33498, 11742, 21214, 0, 0, 30, 5131, 5243, 9596, 78, 0, 0, 17, 20, 34, 2, 55007, 47052, 50084, 1, 0, 0, 377,-
613,r2,3, 1060054, 1035,"  102cd4:	e51b300c 	ldr	r3, [fp, #-12]",benign, 957, 181, 10237, 2, 6840, 2690, 1, 567, 756, 0, 225, 54925, 550, 3, 7, 8473, 2, 376, 3, 33402, 11703, 21215, 0, 0, 30, 5063, 5166, 9604, 80, 0, 0, 17, 20, 34, 2, 54817, 47024, 50004, 1, 0, 0, 377,-
614,r2,15, 1057970, 1029,"  1024b0:	e51b300c 	ldr	r3, [fp, #-12]",benign, 906, 182, 10259, 2, 6847, 2688, 1, 567, 756, 0, 221, 54394, 550, 3, 7, 8479, 2, 375, 3, 33578, 11882, 21247, 0, 0, 30, 5078, 5154, 9602, 78, 0, 0, 20, 22, 36, 2, 55310, 47204, 50215, 1, 0, 0, 376,-
615,r2,16, 1061389, 1032,"  10320c:	e24b3a02 	sub	r3, fp, #8192	; 0x2000",benign, 666, 181, 10227, 2, 6831, 2684, 1, 567, 756, 0, 210, 53640, 550, 3, 7, 7897, 2, 376, 3, 32602, 10920, 21218, 0, 0, 30, 5211, 5027, 9598, 81, 0, 0, 17, 20, 34, 2, 54146, 46868, 49860, 1, 0, 0, 387,-
616,r1,22, 1057227, 1031,"  1021c8:	e51b300c 	ldr	r3, [fp, #-12]",benign, 878, 181, 10249, 2, 6840, 2689, 1, 567, 756, 0, 221, 54390, 550, 3, 7, 8303, 2, 376, 3, 33332, 11677, 21196, 0, 0, 30, 5054, 5182, 9605, 81, 0, 0, 17, 20, 34, 2, 55151, 47102, 50305, 1, 0, 0, 374,-
617,r3,0, 1056866, 1037,"  102060:	e51b3018 	ldr	r3, [fp, #-24]	; 0xffffffe8",benign, 869, 184, 10241, 2, 6838, 2689, 1, 567, 756, 0, 223, 55022, 550, 3, 7, 8243, 2, 379, 3, 33314, 11583, 21234, 0, 0, 30, 5202, 5038, 9612, 79, 0, 0, 17, 21, 34, 2, 55484, 46739, 49757, 1, 0, 0, 374,-
618,r2,8, 1058154, 1040,"  102568:	e0822003 	add	r2, r2, r3",benign, 908, 182, 10224, 2, 6819, 2689, 1, 567, 756, 0, 220, 54576, 550, 3, 7, 8455, 2, 375, 3, 33064, 11355, 21260, 0, 0, 30, 5067, 5158, 9599, 81, 0, 0, 17, 21, 34, 2, 55366, 47242, 50243, 1, 0, 0, 374,-
619,r1,23, 1060585, 1033,"  102ee8:	e0822003 	add	r2, r2, r3",benign, 969, 181, 10259, 2, 6840, 2687, 1, 567, 756, 0, 232, 55003, 550, 3, 7, 8619, 2, 376, 3, 33388, 11696, 21234, 0, 0, 30, 5063, 5187, 9614, 83, 0, 0, 17, 21, 34, 2, 55367, 47619, 50640, 1, 0, 0, 374,-
620,r1,10, 1052393, 1033,"  100ee8:	e51b3014 	ldr	r3, [fp, #-20]	; 0xffffffec",benign, 727, 182, 10220, 2, 6828, 2688, 1, 567, 756, 0, 226, 54299, 550, 3, 7, 7942, 2, 378, 3, 33445, 11750, 21264, 0, 0, 30, 5066, 5161, 9597, 81, 0, 0, 20, 21, 36, 2, 54974, 46575, 49592, 1, 0, 0, 374,-
621,r1,21, 1052057, 1034,"  100d98:	e1813003 	orr	r3, r1, r3",benign, 727, 184, 10210, 2, 6817, 2688, 1, 567, 756, 0, 224, 54534, 550, 3, 7, 7567, 2, 376, 3, 33185, 11482, 21223, 0, 0, 30, 5163, 5247, 9601, 79, 0, 0, 17, 21, 34, 2, 54556, 46965, 50021, 1, 0, 0, 373,-
622,r1,31, 1055819, 1032,"  101c48:	e51b3018 	ldr	r3, [fp, #-24]	; 0xffffffe8",benign, 838, 182, 10249, 2, 6842, 2689, 1, 567, 756, 0, 223, 54389, 550, 3, 7, 8180, 2, 379, 3, 33019, 11262, 21226, 0, 0, 30, 5046, 5183, 9605, 80, 0, 0, 17, 21, 34, 2, 55011, 46729, 49800, 1, 0, 0, 374,-
623,r2,3, 1061138, 1031,"  103110:	e1a02003 	mov	r2, r3",benign, 962, 182, 10259, 2, 6845, 2693, 1, 567, 756, 0, 225, 54894, 550, 3, 7, 8940, 2, 376, 3, 33931, 12269, 21234, 0, 0, 30, 5198, 5039, 9610, 80, 0, 0, 17, 21, 34, 2, 54920, 47348, 50342, 1, 0, 0, 374,-
624,r2,11, 1057048, 1031,"  102118:	e0823003 	add	r3, r2, r3",benign, 848, 184, 10225, 3, 6820, 2687, 1, 567, 756, 0, 216, 53170, 550, 3, 7, 8481, 3, 386, 3, 33288, 11667, 21228, 0, 0, 30, 5196, 5023, 9605, 77, 0, 0, 17, 20, 34, 5, 54940, 46472, 49647, 1, 0, 0, 377,-
625,r0,3, 1053209, 1030,"  101218:	e50b3010 	str	r3, [fp, #-16]",benign, 750, 182, 10243, 2, 6844, 2690, 1, 567, 756, 0, 222, 53995, 550, 3, 7, 7916, 2, 376, 3, 32770, 11086, 21221, 0, 0, 30, 5339, 4897, 9605, 79, 0, 0, 17, 20, 34, 2, 54321, 46540, 49681, 1, 0, 0, 399,-
626,r3,15, 1060180, 1038,"  102d54:	e1a02de3 	ror	r2, r3, #27",benign, 949, 185, 10230, 3, 6821, 2688, 1, 567, 756, 0, 211, 53122, 550, 3, 7, 8630, 2, 375, 3, 32125, 10432, 21221, 0, 0, 30, 5066, 5169, 9601, 78, 0, 0, 20, 21, 36, 5, 55118, 45952, 48916, 1, 0, 0, 374,-
627,r3,19, 1055776, 1033,"  101c20:	e0233001 	eor	r3, r3, r1",benign, 800, 182, 10236, 3, 6834, 2687, 1, 567, 756, 0, 221, 53378, 550, 3, 7, 8227, 2, 379, 3, 32199, 10468, 21213, 0, 0, 30, 5160, 5079, 9616, 80, 0, 0, 17, 21, 34, 5, 54895, 46062, 49313, 1, 0, 0, 374,-
628,r2,31, 1059685, 1032,"  102b64:	e30c31d6 	movw	r3, #49622	; 0xc1d6",benign, 967, 185, 10221, 2, 6826, 2689, 1, 567, 751, 0, 227, 53965, 550, 3, 7, 8160, 2, 379, 3, 33186, 11527, 21240, 0, 0, 30, 5068, 5163, 9599, 81, 0, 0, 17, 20, 34, 2, 55505, 47623, 50863, 1, 0, 0, 377,-
629,r2,23, 1051819, 1033,"  100ca8:	e1813003 	orr	r3, r1, r3",benign, 712, 184, 10217, 2, 6833, 2691, 1, 567, 756, 0, 227, 54093, 550, 3, 7, 8667, 2, 379, 3, 33197, 11458, 21220, 0, 0, 30, 5070, 5149, 9592, 79, 0, 0, 20, 22, 36, 2, 54510, 46557, 49620, 1, 0, 0, 374,-
630,r1,29, 1055713, 1031,"  101be0:	e50b301c 	str	r3, [fp, #-28]	; 0xffffffe4",benign, 836, 182, 10248, 2, 6854, 2690, 1, 567, 756, 0, 223, 54261, 550, 3, 7, 8056, 2, 379, 3, 33277, 11595, 21193, 0, 0, 30, 5179, 5044, 9597, 81, 0, 0, 17, 20, 34, 2, 54702, 47264, 50268, 1, 0, 0, 377,-
631,r3,4, 1051272, 1035,"  100a88:	e50b3014 	str	r3, [fp, #-20]	; 0xffffffec",benign, 663, 182, 10232, 3, 6828, 2687, 1, 567, 756, 0, 222, 54436, 550, 3, 7, 7968, 3, 386, 3, 32325, 10627, 21213, 0, 0, 30, 5082, 5157, 9606, 78, 0, 0, 20, 21, 36, 2, 53638, 46176, 49217, 1, 0, 0, 377,-
632,r1,1, 1057870, 1033,"  10244c:	e0011003 	and	r1, r1, r3",benign, 892, 182, 10235, 2, 6828, 2690, 1, 567, 756, 0, 217, 54453, 550, 3, 7, 8407, 2, 376, 3, 33258, 11557, 21231, 0, 0, 30, 5081, 5153, 9606, 79, 0, 0, 17, 20, 34, 2, 54882, 47085, 50309, 1, 0, 0, 373,-
633,r2,10, 1059741, 1034,"  102b9c:	e50b300c 	str	r3, [fp, #-12]",benign, 967, 185, 10254, 2, 6840, 2690, 1, 567, 756, 0, 218, 54563, 550, 3, 7, 9085, 2, 379, 3, 33377, 11692, 21220, 0, 0, 30, 5054, 5179, 9605, 81, 0, 0, 17, 21, 34, 2, 54882, 47040, 50113, 1, 0, 0, 374,-
634,r3,28, 1060434, 1039,"  102e50:	e51b3024 	ldr	r3, [fp, #-36]	; 0xffffffdc",benign, 969, 184, 10277, 2, 6857, 2690, 1, 567, 756, 0, 220, 54970, 550, 3, 7, 8713, 2, 379, 3, 33656, 11887, 21221, 0, 0, 30, 5062, 5184, 9597, 83, 0, 0, 17, 21, 34, 2, 55077, 47451, 50517, 1, 0, 0, 373,-
635,r2,27, 1054646, 1034,"  1017b4:	e51b3010 	ldr	r3, [fp, #-16]",benign, 840, 228, 10243, 2, 6842, 2687, 1, 567, 756, 0, 224, 54413, 550, 3, 7, 7940, 3, 385, 3, 33222, 11473, 21233, 0, 0, 30, 5176, 5053, 9599, 81, 0, 0, 17, 20, 34, 2, 55065, 46612, 49614, 1, 0, 0, 377,-
636,r3,19, 1061313, 1033,"  1031c0:	e5130018 	ldr	r0, [r3, #-24]	; 0xffffffe8",benign, 649, 193, 10240, 2, 6842, 2687, 1, 567, 756, 0, 218, 54014, 550, 3, 7, 7983, 2, 379, 3, 32620, 10953, 21227, 0, 0, 30, 5075, 5162, 9610, 81, 0, 0, 17, 20, 34, 2, 54321, 46186, 49214, 1, 0, 0, 377,-
637,r3,16, 1055127, 1032,"  101994:	e51b3018 	ldr	r3, [fp, #-24]	; 0xffffffe8",benign, 817, 185, 10261, 2, 6847, 2691, 1, 567, 756, 0, 228, 54888, 550, 3, 7, 8423, 3, 386, 3, 33225, 11487, 21205, 0, 0, 30, 5057, 5175, 9603, 80, 0, 0, 17, 20, 34, 2, 54571, 45866, 48816, 1, 0, 0, 383,-
638,r2,12, 1059586, 1029,"  102b00:	e0823003 	add	r3, r2, r3",benign, 957, 182, 10223, 2, 6824, 2691, 3, 567, 756, 0, 224, 54290, 550, 3, 7, 8472, 2, 375, 3, 33962, 12273, 21217, 0, 0, 30, 5085, 5169, 9608, 80, 0, 0, 17, 21, 34, 2, 55194, 47170, 50199, 1, 0, 0, 376,-
639,r0,27, 1054470, 1030,"  101704:	e51b3014 	ldr	r3, [fp, #-20]	; 0xffffffec",benign, 794, 183, 10250, 2, 6845, 2689, 1, 567, 756, 0, 219, 54392, 550, 3, 7, 7926, 2, 375, 3, 32854, 11155, 21251, 0, 0, 30, 5200, 5044, 9599, 79, 0, 0, 17, 21, 34, 2, 54935, 46633, 49751, 1, 0, 0, 374,-
640,r1,9, 1056071, 1037,"  101d44:	e50b301c 	str	r3, [fp, #-28]	; 0xffffffe4",benign, 835, 182, 10235, 2, 6839, 2687, 1, 567, 756, 0, 221, 54060, 550, 3, 7, 8290, 2, 379, 3, 33257, 11579, 21229, 0, 0, 30, 5261, 5111, 9603, 78, 0, 0, 17, 20, 34, 2, 55038, 46908, 49858, 1, 0, 0, 376,-
641,r0,23, 1056502, 1033,"  101ef4:	e51b3010 	ldr	r3, [fp, #-16]",benign, 852, 184, 10242, 2, 6836, 2687, 1, 567, 756, 0, 229, 54269, 550, 3, 7, 8526, 3, 386, 3, 33262, 11656, 21248, 0, 0, 30, 5180, 5051, 9607, 85, 0, 0, 17, 20, 34, 2, 55158, 47025, 50276, 1, 0, 0, 374,-
642,r1,4, 1056672, 1034,"  101fa0:	e3483f1b 	movt	r3, #36635	; 0x8f1b",benign, 832, 181, 10246, 3, 6841, 2688, 1, 567, 756, 0, 226, 54278, 550, 3, 7, 8199, 2, 376, 3, 32513, 10795, 21176, 0, 0, 30, 5202, 5039, 9610, 79, 0, 0, 17, 20, 34, 2, 53624, 46756, 49782, 1, 0, 0, 377,-
643,r1,3, 1054655, 1036,"  1017bc:	e50b3014 	str	r3, [fp, #-20]	; 0xffffffec",benign, 809, 185, 10247, 2, 6853, 2689, 1, 567, 756, 0, 225, 54833, 550, 3, 7, 8374, 2, 379, 3, 33117, 11395, 21237, 0, 0, 30, 5167, 5061, 9599, 79, 0, 0, 17, 21, 34, 2, 54564, 47049, 50124, 1, 0, 0, 374,-
644,r0,22, 1057119, 1034,"  10215c:	e1811003 	orr	r1, r1, r3",benign, 877, 195, 10245, 2, 6841, 2689, 1, 567, 756, 0, 221, 54312, 550, 3, 7, 8769, 2, 378, 3, 33437, 11740, 21213, 0, 0, 30, 5073, 5158, 9601, 78, 0, 0, 17, 20, 34, 2, 54764, 46887, 49913, 1, 0, 0, 374,-
645,r2,10, 1052136, 1035,"  100de8:	e50b300c 	str	r3, [fp, #-12]",benign, 692, 181, 10237, 3, 6840, 2690, 1, 567, 756, 0, 216, 53736, 550, 3, 7, 7816, 2, 376, 3, 32551, 10869, 21216, 0, 0, 30, 5059, 5154, 9609, 80, 0, 0, 17, 21, 34, 5, 55130, 46322, 49499, 1, 0, 0, 376,-
646,r2,17, 1051524, 1035,"  100b84:	e51b300c 	ldr	r3, [fp, #-12]",benign, 673, 195, 10234, 3, 6841, 2688, 1, 567, 756, 0, 210, 53239, 550, 3, 7, 7653, 2, 375, 3, 32391, 10733, 21192, 0, 0, 30, 5073, 5156, 9612, 77, 0, 0, 17, 21, 34, 5, 54450, 45967, 48963, 1, 0, 0, 377,-
647,r2,13, 1051118, 1032,"  1009ec:	e2433008 	sub	r3, r3, #8",benign, 690, 182, 10219, 2, 6829, 2692, 1, 567, 756, 0, 215, 53944, 550, 3, 7, 7941, 2, 379, 3, 32522, 10900, 21196, 0, 0, 30, 5197, 5063, 9613, 82, 0, 0, 17, 20, 34, 2, 54884, 46938, 49923, 1, 0, 0, 377,-
648,r2,22, 1056194, 1034,"  101dc0:	e50b301c 	str	r3, [fp, #-28]	; 0xffffffe4",benign, 856, 184, 10245, 2, 6840, 2689, 4, 567, 756, 0, 225, 54361, 550, 3, 7, 8593, 2, 376, 3, 33328, 11587, 21210, 0, 0, 30, 5071, 5173, 9607, 81, 0, 0, 17, 20, 34, 2, 53638, 46920, 49928, 1, 0, 0, 376,-
649,r2,7, 1056134, 1031,"  101d84:	e0011003 	and	r1, r1, r3",benign, 849, 182, 10244, 2, 6833, 2689, 1, 567, 756, 0, 227, 54476, 550, 3, 7, 8714, 2, 379, 3, 33337, 11684, 21224, 0, 0, 30, 5196, 5047, 9608, 79, 0, 0, 17, 21, 34, 2, 55020, 47275, 50524, 1, 0, 0, 374,-
650,r0,24, 1056024, 1034,"  101d18:	e1813003 	orr	r3, r1, r3",benign, 819, 181, 10244, 3, 6842, 2689, 1, 567, 756, 0, 209, 53406, 550, 3, 7, 8249, 2, 375, 3, 32449, 10760, 21214, 0, 0, 30, 5054, 5173, 9599, 78, 0, 0, 17, 20, 34, 5, 54374, 46625, 49700, 1, 0, 0, 376,-
651,r0,18, 1056038, 1037,"  101d24:	e0822003 	add	r2, r2, r3",benign, 832, 182, 10237, 2, 6834, 2685, 1, 567, 756, 0, 215, 54919, 550, 3, 7, 8212, 2, 378, 3, 32804, 11137, 21225, 0, 0, 30, 5047, 5179, 9600, 80, 0, 0, 17, 21, 34, 2, 54932, 46776, 49766, 1, 0, 0, 374,-
652,r1,11, 1055614, 1031,"  101b7c:	e50b3018 	str	r3, [fp, #-24]	; 0xffffffe8",benign, 833, 185, 10251, 2, 6853, 2688, 1, 567, 756, 0, 222, 54320, 550, 3, 7, 8451, 2, 378, 3, 33199, 11488, 21236, 0, 0, 30, 5171, 5065, 9594, 79, 0, 0, 17, 20, 34, 2, 54670, 47410, 50434, 1, 0, 0, 376,-
653,r1,2, 1051040, 1037,"  1009a0:	e2433004 	sub	r3, r3, #4",benign, 659, 181, 10239, 3, 6842, 2691, 1, 567, 756, 0, 217, 53907, 550, 3, 7, 7610, 2, 379, 3, 32777, 11116, 21204, 0, 0, 30, 5081, 5156, 9606, 80, 0, 0, 17, 20, 34, 2, 53757, 46142, 49142, 1, 0, 0, 376,-
654,r3,13, 1057623, 1029,"  102354:	e0011003 	and	r1, r1, r3",benign, 882, 181, 10238, 2, 6826, 2688, 1, 567, 756, 0, 219, 54392, 550, 3, 7, 8171, 2, 378, 3, 33660, 11982, 21219, 0, 0, 30, 5064, 5163, 9592, 81, 0, 0, 17, 20, 34, 2, 54803, 47227, 50216, 1, 0, 0, 373,-
655,r3,11, 1051005, 1029,"  10097c:	ea00000d 	b	1009b8 <sha_transform+0x60>",benign, 677, 184, 10239, 2, 6850, 2690, 1, 567, 756, 0, 220, 53879, 550, 3, 7, 7458, 2, 375, 3, 32770, 11035, 21198, 0, 0, 30, 5203, 5037, 9602, 80, 0, 0, 20, 21, 36, 2, 54453, 46497, 49565, 1, 0, 0, 425,-
656,r3,27, 1060358, 1030,"  102e04:	e51b3014 	ldr	r3, [fp, #-20]	; 0xffffffec",benign, 983, 182, 10265, 2, 6843, 2689, 1, 567, 756, 0, 227, 54690, 550, 3, 7, 8467, 2, 376, 3, 33404, 11772, 21193, 0, 0, 30, 5050, 5179, 9596, 78, 0, 0, 17, 20, 34, 2, 55178, 47255, 50255, 1, 0, 0, 376,-
657,r1,21, 1056119, 1034,"  101d74:	e51b1014 	ldr	r1, [fp, #-20]	; 0xffffffec",benign, 846, 185, 10244, 2, 6840, 2686, 1, 567, 756, 0, 219, 54656, 550, 3, 7, 7990, 2, 495, 3, 33179, 11509, 21254, 0, 0, 30, 5065, 5178, 9601, 81, 0, 0, 17, 21, 34, 2, 54815, 46920, 49967, 1, 0, 0, 374,-
658,r0,16, 1056493, 1033,"  101eec:	e51b3018 	ldr	r3, [fp, #-24]	; 0xffffffe8",benign, 847, 182, 10252, 2, 6844, 2688, 1, 567, 756, 0, 218, 54495, 550, 3, 7, 8395, 2, 379, 3, 33060, 11330, 21221, 0, 0, 30, 5057, 5168, 9605, 78, 0, 0, 17, 22, 34, 2, 55429, 46745, 49773, 1, 0, 0, 374,-
659,r0,0, 1055865, 1031,"  101c78:	e1a02de3 	ror	r2, r3, #27",benign, 840, 185, 10229, 2, 6834, 2686, 1, 567, 756, 0, 217, 54261, 550, 3, 7, 8058, 2, 379, 3, 33244, 11586, 21222, 0, 0, 30, 5187, 5061, 9608, 83, 0, 0, 17, 20, 34, 2, 54783, 47006, 50020, 1, 0, 0, 374,-
660,r1,24, 1054644, 1040,"  1017b4:	e51b3010 	ldr	r3, [fp, #-16]",benign, 767, 182, 10223, 3, 6837, 2688, 1, 567, 756, 0, 209, 53252, 550, 3, 7, 7885, 3, 385, 3, 33575, 11838, 21209, 0, 0, 30, 5057, 5174, 9599, 81, 0, 0, 17, 21, 34, 2, 53820, 46607, 49597, 1, 0, 0, 373,-
661,r1,5, 1057100, 1035,"  10214c:	e51b300c 	ldr	r3, [fp, #-12]",benign, 854, 182, 10254, 3, 6845, 2688, 1, 567, 756, 0, 217, 54512, 550, 3, 7, 7362, 2, 379, 3, 32986, 11390, 21195, 0, 0, 30, 5072, 5146, 9605, 79, 0, 0, 17, 20, 34, 5, 54674, 46114, 49231, 1, 0, 0, 374,-
662,r3,26, 1051302, 1033,"  100aa4:	e51b300c 	ldr	r3, [fp, #-12]",benign, 685, 185, 10224, 2, 6835, 2688, 1, 567, 756, 0, 231, 53943, 550, 3, 7, 7947, 2, 376, 3, 32824, 11105, 21233, 0, 0, 30, 5191, 5039, 9602, 78, 0, 0, 17, 21, 34, 2, 54471, 46554, 49548, 1, 0, 0, 377,-
663,r2,24, 1059456, 1029,"  102a80:	e0822003 	add	r2, r2, r3",benign, 927, 184, 10236, 3, 6821, 2687, 3, 567, 756, 0, 221, 53067, 550, 3, 7, 8438, 3, 386, 3, 31926, 10246, 21218, 0, 0, 30, 5065, 5174, 9608, 83, 0, 0, 17, 21, 34, 5, 54974, 46980, 49985, 1, 0, 0, 376,-
664,r1,29, 1058208, 1033,"  1025a0:	e51b3020 	ldr	r3, [fp, #-32]	; 0xffffffe0",benign, 879, 195, 10258, 3, 6843, 2688, 1, 567, 756, 0, 220, 54138, 550, 3, 7, 8890, 2, 378, 3, 32716, 11067, 21180, 0, 0, 30, 5212, 5034, 9607, 80, 0, 0, 17, 20, 34, 2, 54017, 46843, 49882, 1, 0, 0, 377,-
665,r0,13, 1061511, 1031,"  103284:	e2433004 	sub	r3, r3, #4",benign, 978, 182, 10260, 2, 6841, 2688, 1, 567, 756, 0, 229, 55196, 550, 3, 7, 8512, 2, 375, 3, 33493, 11779, 21265, 0, 0, 30, 5074, 5174, 9614, 82, 0, 0, 17, 22, 34, 2, 55311, 47484, 50554, 1, 0, 0, 376,-
666,r0,9, 1053702, 1035,"  101404:	e51b300c 	ldr	r3, [fp, #-12]",benign, 761, 195, 10242, 2, 6846, 2690, 1, 567, 756, 0, 218, 54744, 550, 3, 7, 8061, 2, 376, 3, 33520, 11788, 21215, 0, 0, 30, 5068, 5158, 9600, 81, 0, 0, 17, 20, 34, 2, 54539, 47089, 50071, 1, 0, 0, 374,-
667,r2,10, 1053116, 1031,"  1011bc:	e0011003 	and	r1, r1, r3",benign, 730, 185, 10209, 3, 6820, 2687, 4, 567, 756, 0, 225, 53568, 550, 3, 7, 8028, 2, 376, 3, 32010, 10471, 21196, 0, 0, 30, 5298, 4940, 9610, 81, 0, 0, 17, 20, 34, 2, 54156, 46937, 49930, 1, 0, 0, 376,-
668,r0,6, 1058365, 1034,"  10263c:	e0233001 	eor	r3, r3, r1",benign, 918, 182, 10255, 2, 6852, 2689, 1, 567, 756, 0, 219, 54673, 550, 3, 7, 8704, 2, 376, 3, 33206, 11519, 21223, 0, 0, 30, 5088, 5153, 9605, 79, 0, 0, 17, 20, 34, 2, 55365, 47167, 50241, 1, 0, 0, 374,-
669,r0,1, 1057816, 1035,"  102418:	e51b3010 	ldr	r3, [fp, #-16]",benign, 876, 182, 10249, 3, 6847, 2690, 1, 567, 756, 0, 219, 54283, 550, 3, 7, 8644, 2, 378, 3, 32096, 10373, 21186, 0, 0, 30, 5215, 5027, 9609, 80, 0, 0, 17, 20, 34, 2, 53634, 47497, 50557, 1, 0, 0, 374,-
670,r1,24, 1052192, 1033,"  100e20:	e51b3144 	ldr	r3, [fp, #-324]	; 0xfffffebc",benign, 699, 185, 10235, 3, 6842, 2687, 1, 567, 756, 0, 222, 53818, 550, 3, 7, 7682, 2, 375, 3, 32655, 10969, 21197, 0, 0, 30, 5205, 5009, 9608, 81, 0, 0, 17, 20, 34, 2, 54339, 46289, 49304, 1, 0, 0, 374,-
671,r3,22, 1060307, 1030,"  102dd0:	e51b3018 	ldr	r3, [fp, #-24]	; 0xffffffe8",benign, 1183, 391, 10271, 2, 6850, 2694, 1, 567, 756, 0, 241, 54788, 550, 3, 7, 9049, 3, 385, 3, 33257, 11541, 21193, 0, 0, 30, 5051, 5182, 9598, 81, 0, 0, 17, 20, 34, 2, 54803, 47154, 50349, 1, 0, 0, 377,-
672,r1,12, 1055870, 1036,"  101c7c:	e51b1014 	ldr	r1, [fp, #-20]	; 0xffffffec",benign, 833, 181, 10244, 2, 6847, 2689, 1, 567, 756, 0, 222, 54572, 550, 3, 7, 8686, 2, 378, 3, 33094, 11454, 21222, 0, 0, 30, 5194, 5054, 9596, 82, 0, 0, 20, 21, 36, 2, 54596, 47395, 50346, 1, 0, 0, 377,-
673,r0,21, 1056165, 1041,"  101da4:	e51b30b8 	ldr	r3, [fp, #-184]	; 0xffffff48",benign, 851, 182, 10250, 2, 6845, 2688, 1, 567, 756, 0, 224, 54633, 550, 3, 7, 8560, 3, 386, 3, 33826, 12138, 21209, 0, 0, 30, 5054, 5179, 9601, 78, 0, 0, 17, 20, 34, 2, 53978, 47102, 50108, 1, 0, 0, 377,-
674,r3,14, 1053733, 1034,"  101424:	e51b301c 	ldr	r3, [fp, #-28]	; 0xffffffe4",benign, 774, 182, 10249, 2, 6843, 2686, 1, 567, 756, 0, 222, 54280, 550, 3, 7, 8367, 2, 375, 3, 33352, 11666, 21220, 0, 0, 30, 5157, 5080, 9614, 81, 0, 0, 17, 20, 34, 2, 54825, 46681, 49663, 1, 0, 0, 376,-
675,r0,2, 1051605, 1032,"  100bd4:	e3453a82 	movt	r3, #23170	; 0x5a82",benign, 708, 182, 10240, 2, 6848, 2689, 3, 567, 756, 0, 224, 53780, 550, 3, 7, 7894, 2, 375, 3, 32817, 11118, 21213, 0, 0, 30, 5190, 5041, 9599, 79, 0, 0, 17, 20, 34, 2, 54589, 46405, 49454, 1, 0, 0, 377,-
676,r2,17, 1060202, 1032,"  102d68:	e0233001 	eor	r3, r3, r1",benign, 961, 182, 10259, 2, 6833, 2691, 1, 567, 756, 0, 225, 54595, 550, 3, 7, 8675, 3, 386, 3, 33881, 12164, 21228, 0, 0, 30, 5053, 5173, 9595, 79, 0, 0, 17, 20, 34, 2, 54861, 47095, 50149, 1, 0, 0, 377,-
677,r0,15, 1054914, 1034,"  1018c0:	e0233001 	eor	r3, r3, r1",benign, 821, 185, 10250, 2, 6852, 2689, 1, 567, 756, 0, 223, 54447, 550, 3, 7, 8205, 2, 376, 3, 33248, 11561, 21237, 0, 0, 30, 5069, 5178, 9609, 80, 0, 0, 17, 20, 34, 2, 54374, 46841, 49840, 1, 0, 0, 377,-
678,r0,5, 1051276, 1032,"  100a8c:	e51b3168 	ldr	r3, [fp, #-360]	; 0xfffffe98",benign, 669, 182, 10225, 3, 6839, 2688, 1, 567, 756, 0, 221, 53853, 550, 3, 7, 7878, 2, 376, 3, 32340, 10645, 21172, 0, 0, 30, 5204, 5019, 9613, 79, 0, 0, 17, 20, 34, 5, 54042, 46331, 49457, 1, 0, 0, 377,-
679,r2,31, 1055545, 1032,"  101b38:	e51b1010 	ldr	r1, [fp, #-16]",benign, 823, 184, 10230, 2, 6830, 2689, 1, 567, 756, 0, 225, 54592, 550, 3, 7, 7928, 2, 376, 3, 33257, 11556, 21214, 0, 0, 30, 5194, 5037, 9600, 78, 0, 0, 17, 21, 34, 2, 54499, 46823, 49957, 1, 0, 0, 376,-
680,r1,18, 1052282, 1034,"  100e78:	e51b3010 	ldr	r3, [fp, #-16]",benign, 738, 184, 10205, 2, 6825, 2689, 1, 567, 756, 0, 220, 54048, 550, 3, 7, 8243, 2, 379, 3, 33215, 11479, 21198, 0, 0, 30, 5214, 5026, 9605, 79, 0, 0, 17, 21, 34, 2, 54521, 46746, 49748, 1, 0, 0, 376,-
681,r0,8, 1060703, 1030,"  102f5c:	e3053476 	movw	r3, #21622	; 0x5476",benign, 660, 184, 10241, 2, 6843, 2686, 1, 567, 756, 0, 219, 54020, 550, 3, 7, 7729, 2, 378, 3, 33015, 11289, 21232, 0, 0, 30, 5071, 5168, 9601, 80, 0, 0, 17, 21, 34, 2, 54678, 46515, 49554, 1, 0, 0, 377,-
682,r3,23, 1061354, 1033,"  1031e8:	e51b200c 	ldr	r2, [fp, #-12]",benign, 666, 184, 10229, 2, 6835, 2685, 1, 567, 756, 0, 212, 54287, 550, 3, 7, 8267, 2, 375, 3, 32769, 11056, 21230, 0, 0, 30, 5085, 5167, 9593, 81, 0, 0, 20, 21, 36, 2, 54210, 46731, 49778, 1, 0, 0, 373,-
683,r1,20, 1057320, 1035,"  102228:	e51b3010 	ldr	r3, [fp, #-16]",benign, 851, 182, 10233, 3, 6835, 2687, 1, 567, 756, 0, 222, 54180, 550, 3, 7, 7246, 2, 376, 3, 33177, 11470, 21195, 0, 0, 30, 5204, 5035, 9600, 79, 0, 0, 17, 20, 34, 6, 54977, 45760, 48817, 1, 0, 0, 377,-
684,r2,23, 1056067, 1030,"  101d40:	e51b3018 	ldr	r3, [fp, #-24]	; 0xffffffe8",benign, 855, 182, 10231, 2, 6840, 2688, 1, 567, 756, 0, 221, 54745, 550, 3, 7, 8117, 2, 376, 3, 33103, 11340, 21230, 0, 0, 30, 5072, 5169, 9604, 82, 0, 0, 17, 20, 34, 2, 54807, 47536, 50522, 1, 0, 0, 377,-
685,r3,29, 1059052, 1031,"  1028ec:	e51b3018 	ldr	r3, [fp, #-24]	; 0xffffffe8",benign, 913, 182, 10261, 3, 6841, 2689, 1, 567, 756, 0, 219, 53211, 550, 3, 7, 9027, 2, 376, 3, 33277, 11587, 21211, 0, 0, 30, 5071, 5168, 9608, 79, 0, 0, 17, 20, 34, 5, 55185, 47302, 50335, 1, 0, 0, 376,-
686,r0,7, 1055471, 1041,"  101aec:	e51b30d0 	ldr	r3, [fp, #-208]	; 0xffffff30",benign, 820, 182, 10247, 2, 6846, 2689, 1, 567, 756, 0, 223, 54279, 550, 3, 7, 8120, 2, 378, 3, 33036, 11286, 21217, 0, 0, 30, 5178, 5054, 9600, 81, 0, 0, 17, 20, 34, 2, 54305, 46989, 50027, 1, 0, 0, 374,-
687,r0,23, 1060449, 1031,"  102e60:	e0823003 	add	r3, r2, r3",benign, 969, 181, 10240, 2, 6846, 2689, 1, 567, 756, 0, 227, 55110, 550, 3, 7, 8939, 2, 376, 3, 33774, 12135, 21254, 0, 0, 30, 5141, 5099, 9613, 81, 0, 0, 17, 20, 34, 2, 54808, 47157, 50117, 1, 0, 0, 374,-
688,r3,21, 1058294, 1034,"  1025f4:	e50b3020 	str	r3, [fp, #-32]	; 0xffffffe0",benign, 913, 185, 10230, 2, 6827, 2691, 1, 567, 756, 0, 227, 54240, 550, 3, 7, 8247, 2, 379, 3, 33160, 11446, 21208, 0, 0, 30, 5204, 5036, 9607, 81, 0, 0, 17, 22, 34, 2, 55526, 47006, 50106, 1, 0, 0, 374,-
689,r0,28, 1055296, 1034,"  101a40:	e1a03163 	ror	r3, r3, #2",benign, 793, 182, 10228, 3, 6839, 2689, 1, 567, 756, 0, 223, 53884, 550, 3, 7, 8201, 2, 379, 3, 32228, 10516, 21200, 0, 0, 30, 5063, 5178, 9605, 79, 0, 0, 17, 20, 34, 6, 54682, 46185, 49131, 1, 0, 0, 377,-
690,r1,6, 1052554, 1031,"  100f88:	e51b3138 	ldr	r3, [fp, #-312]	; 0xfffffec8",benign, 734, 185, 10246, 2, 6850, 2689, 1, 567, 756, 0, 224, 54170, 550, 3, 7, 7828, 2, 379, 3, 33370, 11728, 21239, 0, 0, 30, 5193, 5044, 9602, 79, 0, 0, 17, 21, 34, 2, 55066, 47177, 50356, 1, 0, 0, 376,-
691,r1,3, 1055969, 1031,"  101ce0:	e51b300c 	ldr	r3, [fp, #-12]",benign, 840, 182, 10242, 2, 6845, 2689, 1, 567, 756, 0, 226, 54121, 550, 3, 7, 8002, 2, 376, 3, 33482, 11802, 21235, 0, 0, 30, 5175, 5082, 9623, 81, 0, 0, 17, 21, 34, 2, 54584, 46714, 49748, 1, 0, 0, 377,-
692,r1,2, 1052956, 1036,"  10111c:	e1a03163 	ror	r3, r3, #2",benign, 719, 195, 10234, 3, 6842, 2689, 1, 567, 756, 0, 215, 53839, 550, 3, 7, 7970, 2, 376, 3, 31853, 10249, 21208, 0, 0, 30, 5073, 5165, 9605, 78, 0, 0, 17, 20, 34, 2, 54285, 47156, 50350, 1, 0, 0, 374,-
693,r3,23, 1058548, 1032,"  1026f4:	e51b3020 	ldr	r3, [fp, #-32]	; 0xffffffe0",benign, 894, 184, 10259, 3, 6843, 2688, 1, 567, 756, 0, 217, 54290, 550, 3, 7, 7476, 2, 375, 3, 33144, 11448, 21204, 0, 0, 30, 5068, 5166, 9600, 80, 0, 0, 17, 20, 34, 2, 54122, 47215, 50215, 1, 0, 0, 373,-
694,r3,18, 1051134, 1037,"  1009fc:	e513315c 	ldr	r3, [r3, #-348]	; 0xfffffea4",benign, 690, 186, 10235, 2, 6834, 2690, 1, 567, 756, 0, 223, 54565, 550, 3, 7, 8361, 2, 379, 3, 32551, 10953, 21206, 0, 0, 30, 5338, 5170, 9612, 81, 0, 0, 17, 21, 34, 2, 54633, 46678, 49769, 1, 0, 0, 376,-
695,r1,5, 1060570, 1034,"  102ed8:	e5832008 	str	r2, [r3, #8]",benign, 981, 185, 10255, 2, 6846, 2689, 1, 567, 756, 0, 219, 54479, 550, 3, 7, 9148, 2, 376, 3, 33230, 11660, 21262, 0, 0, 30, 5331, 4905, 9600, 80, 0, 0, 17, 20, 34, 2, 54785, 47382, 50402, 1, 0, 0, 377,-
696,r2,21, 1053288, 1028,"  101268:	e0823003 	add	r3, r2, r3",benign, 737, 182, 10224, 3, 6835, 2690, 1, 567, 756, 0, 207, 53724, 550, 3, 7, 7861, 2, 375, 3, 33331, 11566, 21173, 0, 0, 30, 5063, 5152, 9613, 79, 0, 0, 17, 20, 34, 5, 54477, 46559, 49585, 1, 0, 0, 376,-
697,r2,5, 1057527, 1037,"  1022f4:	e0822003 	add	r2, r2, r3",benign, 889, 181, 10241, 2, 6829, 2689, 1, 567, 756, 0, 228, 54835, 550, 3, 7, 8291, 2, 376, 3, 33684, 11950, 21236, 0, 0, 30, 5084, 5159, 9607, 79, 0, 0, 17, 21, 34, 2, 55096, 46928, 49998, 1, 0, 0, 377,-
698,r2,23, 1060488, 1033,"  102e88:	e50b3010 	str	r3, [fp, #-16]",benign, 958, 185, 10267, 3, 6844, 2688, 4, 567, 756, 0, 226, 54269, 550, 3, 7, 7746, 2, 376, 3, 33197, 11591, 21207, 0, 0, 30, 5074, 5153, 9606, 78, 0, 0, 17, 20, 34, 5, 54957, 47364, 50364, 1, 0, 0, 384,-
699,r1,24, 1056658, 1037,"  101f90:	e0822003 	add	r2, r2, r3",benign, 865, 181, 10236, 2, 6838, 2688, 1, 567, 756, 0, 222, 54707, 550, 3, 7, 8159, 2, 376, 3, 32860, 11177, 21222, 0, 0, 30, 5151, 5279, 9599, 79, 0, 0, 17, 22, 34, 2, 54589, 47230, 50280, 1, 0, 0, 377,-
700,r1,22, 1052536, 1034,"  100f78:	e1813003 	orr	r3, r1, r3",benign, 711, 182, 10227, 3, 6829, 2690, 1, 567, 756, 0, 214, 53333, 550, 3, 7, 8168, 2, 379, 3, 32515, 10763, 21201, 0, 0, 30, 5079, 5146, 9607, 78, 0, 0, 17, 20, 34, 6, 53945, 45896, 48914, 1, 0, 0, 504,-
701,r2,31, 1051231, 1028,"  100a5c:	e51b3008 	ldr	r3, [fp, #-8]",benign, 680, 192, 10244, 2, 6845, 2691, 3, 567, 756, 0, 227, 54551, 550, 3, 7, 7818, 2, 378, 3, 32589, 10890, 21203, 0, 0, 30, 5341, 4886, 9598, 79, 0, 0, 17, 21, 34, 2, 54434, 46536, 49589, 1, 0, 0, 572,-
702,r3,6, 1059694, 1038,"  102b6c:	e0823003 	add	r3, r2, r3",benign, 958, 182, 10240, 2, 6826, 2688, 1, 567, 756, 0, 216, 54591, 550, 3, 7, 8985, 2, 379, 3, 33916, 12271, 21249, 0, 0, 30, 5058, 5174, 9603, 78, 0, 0, 17, 20, 34, 2, 54963, 47120, 50196, 1, 0, 0, 386,-
703,r2,0, 1052850, 1035,"  1010b0:	e50b3010 	str	r3, [fp, #-16]",benign, 742, 185, 10231, 2, 6843, 2690, 1, 567, 756, 0, 221, 54126, 550, 3, 7, 7918, 2, 379, 3, 33027, 11285, 21216, 0, 0, 30, 5052, 5168, 9597, 79, 0, 0, 17, 21, 34, 2, 54415, 46502, 49539, 1, 0, 0, 374,-
704,r2,22, 1052163, 1035,"  100e00:	e51b3010 	ldr	r3, [fp, #-16]",benign, 716, 182, 10217, 2, 6835, 2690, 1, 567, 756, 0, 226, 54262, 550, 3, 7, 8138, 2, 376, 3, 32862, 11109, 21220, 0, 0, 30, 5087, 5149, 9604, 80, 0, 0, 17, 20, 34, 2, 54418, 46884, 50072, 1, 0, 0, 384,-
705,r2,2, 1059007, 1030,"  1028bc:	e0211003 	eor	r1, r1, r3",benign, 940, 184, 10241, 2, 6825, 2689, 1, 567, 756, 0, 221, 54839, 550, 3, 7, 8357, 2, 376, 3, 32104, 10400, 21222, 0, 0, 30, 5057, 5170, 9596, 78, 0, 0, 17, 20, 34, 2, 55248, 47586, 50739, 1, 0, 0, 374,-
706,r0,17, 1056481, 1031,"  101ee0:	e51b300c 	ldr	r3, [fp, #-12]",benign, 854, 182, 10247, 2, 6846, 2687, 1, 567, 756, 0, 225, 54721, 550, 3, 7, 8491, 2, 376, 3, 33432, 11703, 21213, 0, 0, 30, 5074, 5183, 9613, 82, 0, 0, 17, 20, 34, 2, 55031, 46956, 50058, 1, 0, 0, 374,-
707,r2,21, 1056071, 1032,"  101d44:	e50b301c 	str	r3, [fp, #-28]	; 0xffffffe4",benign, 850, 182, 10232, 2, 6837, 2687, 1, 567, 756, 0, 220, 54590, 550, 3, 7, 8287, 2, 379, 3, 32814, 11090, 21245, 0, 0, 30, 5190, 5057, 9602, 81, 0, 0, 17, 20, 34, 2, 54582, 47133, 50139, 1, 0, 0, 374,-
708,r3,21, 1059644, 1030,"  102b3c:	e51b1010 	ldr	r1, [fp, #-16]",benign, 923, 182, 10247, 3, 6836, 2686, 1, 567, 756, 0, 215, 53250, 550, 3, 7, 8453, 2, 378, 3, 32193, 10494, 21219, 0, 0, 30, 5197, 5033, 9601, 81, 0, 0, 17, 20, 34, 5, 55047, 47074, 50032, 1, 0, 0, 376,-
709,r2,13, 1055357, 1033,"  101a7c:	e0822003 	add	r2, r2, r3",benign, 817, 182, 10224, 2, 6823, 2687, 1, 567, 756, 0, 219, 54379, 550, 3, 7, 8198, 2, 376, 3, 33111, 11397, 21272, 0, 0, 30, 5058, 5184, 9614, 82, 0, 0, 17, 20, 34, 2, 54553, 47172, 50219, 1, 0, 0, 376,-
710,r1,12, 1060730, 1031,"  102f78:	e51b3008 	ldr	r3, [fp, #-8]",benign, 663, 185, 10258, 2, 6856, 2687, 1, 567, 756, 0, 224, 53944, 550, 3, 7, 7680, 2, 379, 3, 32604, 10868, 21262, 0, 0, 30, 5076, 5164, 9608, 81, 0, 0, 17, 20, 34, 2, 54059, 46165, 49225, 1, 0, 0, 377,-
711,r0,20, 1055292, 1030,"  101a3c:	e51b3010 	ldr	r3, [fp, #-16]",benign, 792, 182, 10230, 3, 6841, 2690, 1, 567, 756, 0, 219, 53201, 550, 3, 7, 8047, 2, 376, 3, 32943, 11317, 21201, 0, 0, 30, 5039, 5193, 9604, 78, 0, 0, 17, 20, 34, 2, 53729, 47052, 50065, 1, 0, 0, 374,-
712,r1,12, 1059314, 1031,"  1029f0:	e51b300c 	ldr	r3, [fp, #-12]",benign, 950, 181, 10260, 2, 6855, 2691, 1, 567, 756, 0, 229, 54647, 550, 3, 7, 8640, 2, 375, 3, 33867, 12100, 21209, 0, 0, 30, 5307, 4939, 9622, 82, 0, 0, 17, 22, 34, 2, 55418, 47519, 50566, 1, 0, 0, 377,-
713,r3,17, 1060533, 1035,"  102eb4:	e51b3010 	ldr	r3, [fp, #-16]",benign, 974, 181, 10254, 2, 6850, 2689, 4, 567, 756, 0, 232, 55049, 550, 3, 7, 9077, 2, 379, 3, 33324, 11670, 21248, 0, 0, 30, 5197, 5042, 9603, 80, 0, 0, 17, 20, 34, 2, 55023, 47475, 50471, 1, 0, 0, 377,-
714,r1,11, 1061059, 1033,"  1030c0:	e1a031a3 	lsr	r3, r3, #3",benign, 978, 181, 10262, 2, 6847, 2691, 1, 567, 756, 0, 229, 54527, 550, 3, 7, 8844, 2, 376, 3, 33165, 11544, 21228, 0, 0, 30, 5157, 5078, 9612, 78, 0, 0, 17, 20, 34, 2, 55070, 47395, 50457, 1, 0, 0, 376,-
715,r3,19, 1053825, 1035,"  101480:	e0211003 	eor	r1, r1, r3",benign, 774, 182, 10232, 2, 6834, 2691, 1, 567, 756, 0, 219, 54578, 550, 3, 7, 7899, 2, 376, 3, 33005, 11248, 21216, 0, 0, 30, 5068, 5171, 9603, 79, 0, 0, 17, 20, 34, 2, 54629, 46570, 49570, 1, 0, 0, 374,-
716,r3,7, 1051199, 1029,"  100a3c:	e51b3008 	ldr	r3, [fp, #-8]",benign, 692, 182, 10240, 2, 6840, 2689, 1, 567, 756, 0, 225, 53859, 550, 3, 7, 8398, 2, 379, 3, 33101, 11542, 21210, 0, 0, 30, 5330, 4910, 9612, 81, 0, 0, 17, 20, 34, 2, 54842, 46639, 49738, 1, 0, 0, 376,-
717,r1,1, 1055483, 1028,"  101af8:	e3463ed9 	movt	r3, #28377	; 0x6ed9",benign, 822, 181, 10256, 2, 6845, 2688, 1, 567, 756, 0, 224, 54751, 550, 3, 7, 8084, 2, 378, 3, 32973, 11265, 21211, 0, 0, 30, 5048, 5188, 9607, 80, 0, 0, 17, 20, 34, 2, 54972, 46796, 49790, 1, 0, 0, 374,-
718,r0,19, 1057078, 1039,"  102134:	e1a03163 	ror	r3, r3, #2",benign, 862, 182, 10256, 2, 6841, 2687, 1, 567, 756, 0, 232, 54518, 550, 3, 7, 8715, 2, 376, 3, 33286, 11585, 21207, 0, 0, 30, 5050, 5176, 9596, 80, 0, 0, 17, 20, 34, 2, 54918, 47282, 50334, 1, 0, 0, 376,-
719,r1,26, 1052836, 1032,"  1010a4:	e1a03163 	ror	r3, r3, #2",benign, 714, 184, 10247, 3, 6845, 2689, 1, 567, 756, 0, 214, 53853, 550, 3, 7, 8163, 2, 376, 3, 32973, 11182, 21199, 0, 0, 30, 5064, 5163, 9599, 79, 0, 0, 17, 20, 34, 5, 54254, 46274, 49308, 1, 0, 0, 374,-
720,r0,2, 1054972, 1031,"  1018fc:	e1a03163 	ror	r3, r3, #2",benign, 782, 182, 10254, 3, 6843, 2688, 1, 567, 756, 0, 213, 53139, 550, 3, 7, 8289, 2, 376, 3, 33351, 11628, 21190, 0, 0, 30, 5071, 5162, 9618, 79, 0, 0, 17, 20, 34, 6, 54475, 46479, 49542, 1, 0, 0, 377,-
 