num,reg,pos,loc,input_seed,instraction,res,0,1,2,3,4,5,6,7,8,9,10,11,12,13,14,15,16,17,18,19,20,21,22,23,24,25,26,27,28,29,30,31,32,33,34,35,36,37,38,39,40,41,dump
0,r0,12, 1059607, 1076,"  102b14:	e51b3018 	ldr	r3, [fp, #-24]	; 0xffffffe8",benign, 483, 36, 10202, 2, 6852, 2709, 0, 572, 759, 0, 221, 54164, 555, 3, 46, 7983, 520, 436, 4, 32965, 11021, 21331, 0, 0, 32, 5453, 4699, 9649, 83, 0, 0, 19, 24, 127, 2, 55031, 46920, 50197, 1, 0, 0, 319,-
1,r0,17, 1058935, 1061,"  102874:	e51b305c 	ldr	r3, [fp, #-92]	; 0xffffffa4",benign, 562, 165, 10227, 2, 6855, 2707, 0, 572, 760, 0, 218, 54095, 555, 3, 44, 8009, 339, 427, 4, 33146, 10855, 21310, 0, 0, 32, 5465, 4696, 9646, 81, 0, 0, 19, 24, 135, 2, 55083, 46832, 50024, 1, 0, 0, 323,-
2,r1,7, 1055610, 1066,"  101b78:	e50b3020 	str	r3, [fp, #-32]	; 0xffffffe0",benign, 566, 167, 10203, 2, 6862, 2711, 0, 572, 760, 0, 229, 53990, 555, 3, 46, 8106, 366, 418, 5, 32820, 10824, 21363, 0, 0, 32, 5480, 4670, 9646, 83, 0, 0, 19, 24, 136, 2, 55131, 46540, 49681, 1, 0, 0, 323,-
3,r3,23, 1051768, 1063,"  100c78:	e1a03163 	ror	r3, r3, #2",benign, 557, 160, 10202, 2, 6859, 2707, 0, 572, 760, 0, 222, 53962, 555, 3, 45, 8133, 367, 424, 4, 33122, 11043, 21332, 0, 0, 32, 5470, 4706, 9650, 80, 0, 0, 19, 25, 126, 2, 54702, 46848, 50210, 1, 0, 0, 324,-
4,r2,5, 1051023, 1068,"  10098c:	e51b2168 	ldr	r2, [fp, #-360]	; 0xfffffe98",benign, 588, 177, 10213, 2, 6857, 2708, 0, 572, 759, 0, 223, 54432, 555, 3, 49, 8169, 483, 429, 5, 32587, 10601, 21295, 0, 0, 32, 5477, 4712, 9650, 80, 0, 0, 19, 24, 133, 2, 54913, 46782, 50011, 1, 0, 0, 320,-
5,r3,2, 1060171, 1062,"  102d48:	e50b3014 	str	r3, [fp, #-20]	; 0xffffffec",benign, 596, 202, 10221, 2, 6856, 2708, 0, 572, 760, 0, 224, 54612, 555, 3, 44, 7732, 546, 426, 4, 32766, 10814, 21341, 0, 0, 32, 5487, 4679, 9634, 80, 0, 0, 19, 25, 127, 2, 54720, 46892, 50045, 1, 0, 0, 322,-
6,r1,14, 1056891, 1063,"  102078:	e0011003 	and	r1, r1, r3",benign, 558, 168, 10213, 2, 6849, 2708, 0, 572, 760, 0, 223, 54522, 555, 3, 46, 8035, 368, 418, 6, 33257, 10965, 21353, 0, 0, 32, 5542, 4639, 9638, 80, 0, 0, 19, 24, 136, 2, 54921, 46811, 50131, 1, 0, 0, 326,-
7,r2,24, 1059278, 1062,"  1029cc:	e50b3020 	str	r3, [fp, #-32]	; 0xffffffe0",benign, 568, 169, 10231, 2, 6859, 2709, 0, 572, 760, 0, 225, 54698, 555, 3, 45, 8238, 364, 474, 4, 32731, 10795, 21347, 0, 0, 32, 5285, 4883, 9662, 85, 0, 0, 19, 23, 126, 2, 55002, 46544, 49793, 1, 0, 0, 319,-
8,r3,31, 1058072, 1065,"  102518:	e50b3018 	str	r3, [fp, #-24]	; 0xffffffe8",benign, 566, 166, 10209, 2, 6859, 2711, 1, 572, 760, 0, 227, 54420, 555, 3, 44, 7718, 367, 474, 5, 32645, 10528, 21315, 0, 0, 32, 5487, 4695, 9645, 82, 0, 0, 19, 24, 137, 2, 55227, 46813, 50120, 1, 0, 0, 323,-
9,r0,27, 1055680, 1062,"  101bc0:	e0233001 	eor	r3, r3, r1",benign, 542, 159, 10204, 2, 6861, 2711, 0, 572, 760, 0, 225, 54492, 555, 3, 45, 8132, 374, 426, 4, 33113, 11097, 21286, 0, 0, 32, 5469, 4701, 9646, 80, 0, 0, 19, 25, 126, 2, 54918, 46642, 49774, 1, 0, 0, 323,-
10,r2,3, 1056194, 1068,"  101dc0:	e0823003 	add	r3, r2, r3",benign, 561, 167, 10207, 2, 6855, 2706, 0, 572, 760, 0, 232, 54722, 555, 3, 48, 7790, 410, 475, 4, 33020, 10996, 21321, 0, 0, 32, 5530, 4752, 9641, 83, 0, 0, 19, 23, 137, 2, 55603, 46996, 50184, 1, 0, 0, 372,-
11,r3,28, 1055066, 1063,"  101958:	e0823003 	add	r3, r2, r3",benign, 593, 198, 10210, 2, 6852, 2706, 0, 572, 760, 0, 219, 54017, 555, 3, 45, 7906, 521, 426, 4, 33119, 10851, 21336, 0, 0, 32, 5492, 4691, 9640, 80, 0, 0, 19, 25, 136, 2, 54674, 46444, 49634, 1, 0, 0, 323,-
12,r3,5, 1057457, 1067,"  1022b0:	e51b3010 	ldr	r3, [fp, #-16]",benign, 570, 167, 10210, 2, 6862, 2712, 0, 572, 759, 0, 225, 54422, 555, 3, 46, 8054, 364, 425, 6, 32777, 10702, 21334, 0, 0, 32, 5486, 4710, 9650, 83, 0, 0, 19, 24, 126, 2, 54603, 46474, 49668, 1, 0, 0, 317,-
13,r0,30, 1054691, 1067,"  1017e0:	e1a02de3 	ror	r2, r3, #27",benign, 551, 159, 10207, 2, 6852, 2709, 0, 572, 759, 0, 231, 54432, 555, 3, 45, 7739, 366, 466, 3, 32640, 10706, 21304, 0, 0, 32, 5497, 4677, 9652, 81, 0, 0, 19, 25, 127, 2, 55077, 46587, 49732, 1, 0, 0, 326,-
14,r3,27, 1055424, 1065,"  101ac0:	e51b300c 	ldr	r3, [fp, #-12]",benign, 821, 418, 10222, 2, 6855, 2707, 0, 572, 760, 0, 219, 54454, 555, 3, 44, 7843, 349, 416, 5, 33145, 11064, 21330, 0, 0, 32, 5470, 4677, 9630, 80, 0, 0, 19, 24, 127, 2, 54680, 46434, 49698, 1, 0, 0, 331,-
15,r2,29, 1057565, 1063,"  10231c:	e51b3018 	ldr	r3, [fp, #-24]	; 0xffffffe8",benign, 562, 167, 10228, 2, 6866, 2707, 0, 572, 759, 0, 221, 54214, 555, 3, 45, 7798, 365, 427, 4, 32795, 10649, 21324, 0, 0, 32, 5545, 4719, 9646, 82, 0, 0, 19, 24, 136, 2, 54899, 46940, 50301, 1, 0, 0, 316,-
16,r2,23, 1056979, 1070,"  1020d0:	e50b3010 	str	r3, [fp, #-16]",benign, 570, 168, 10219, 2, 6858, 2706, 0, 572, 759, 0, 229, 54127, 555, 3, 46, 7884, 443, 423, 4, 32973, 10628, 21360, 0, 0, 32, 5490, 4693, 9640, 81, 0, 0, 19, 23, 126, 2, 54921, 46745, 49884, 1, 0, 0, 324,-
17,r3,28, 1059742, 1069,"  102b9c:	e51b300c 	ldr	r3, [fp, #-12]",benign, 612, 216, 10202, 2, 6858, 2708, 0, 572, 760, 0, 227, 54479, 555, 3, 45, 7790, 606, 421, 4, 33138, 11179, 21385, 0, 0, 32, 5493, 4670, 9651, 83, 0, 0, 19, 24, 145, 2, 55206, 46641, 49825, 1, 0, 0, 324,-
18,r1,5, 1057244, 1069,"  1021dc:	e51b1014 	ldr	r1, [fp, #-20]	; 0xffffffec",benign, 569, 168, 10221, 2, 6864, 2710, 0, 572, 760, 0, 229, 53992, 555, 3, 45, 7733, 594, 425, 4, 32630, 10691, 21319, 0, 0, 32, 5511, 4742, 9641, 81, 0, 0, 19, 23, 127, 2, 55032, 46692, 49918, 1, 0, 0, 316,-
19,r1,9, 1057191, 1069,"  1021a4:	e50b3020 	str	r3, [fp, #-32]	; 0xffffffe0",benign, 561, 167, 10231, 2, 6860, 2709, 0, 572, 760, 0, 222, 54490, 555, 3, 46, 8218, 423, 469, 4, 32849, 10744, 21312, 0, 0, 32, 5309, 4861, 9644, 80, 0, 0, 19, 25, 136, 2, 54836, 46381, 49498, 1, 0, 0, 325,-
20,r0,16, 1053108, 1063,"  1011b4:	e50b300c 	str	r3, [fp, #-12]",benign, 613, 217, 10216, 2, 6859, 2708, 0, 572, 759, 0, 223, 54440, 555, 3, 45, 8206, 364, 410, 3, 32547, 10631, 21328, 0, 0, 32, 5231, 4947, 9649, 81, 0, 0, 19, 23, 181, 2, 54922, 46908, 50044, 1, 0, 0, 323,-
21,r2,24, 1060809, 1066,"  102fc8:	e5932014 	ldr	r2, [r3, #20]",benign, 582, 186, 10215, 2, 6854, 2707, 0, 572, 760, 0, 227, 54375, 555, 3, 46, 7701, 427, 414, 5, 33166, 10922, 21335, 0, 0, 32, 5300, 4888, 9647, 83, 0, 0, 19, 23, 126, 2, 55020, 46845, 50006, 1, 0, 0, 317,-
22,r2,8, 1061027, 1069,"  1030a0:	e92d4800 	push	{fp, lr}",benign, 610, 215, 10207, 2, 6856, 2708, 0, 572, 760, 0, 225, 54246, 555, 3, 46, 8239, 374, 423, 4, 32914, 11001, 21334, 0, 0, 32, 5517, 4744, 9644, 84, 0, 0, 19, 21, 126, 2, 54666, 46318, 49417, 1, 0, 0, 323,-
23,r0,2, 1053476, 1069,"  101324:	e1a02de3 	ror	r2, r3, #27",benign, 610, 216, 10204, 2, 6856, 2709, 0, 572, 760, 0, 225, 54384, 555, 3, 44, 7781, 567, 425, 4, 33049, 11117, 21348, 0, 0, 32, 5477, 4676, 9663, 83, 0, 0, 19, 24, 127, 2, 55074, 46852, 50057, 1, 0, 0, 325,-
24,r1,13, 1053699, 1065,"  101400:	e51b300c 	ldr	r3, [fp, #-12]",benign, 553, 161, 10228, 2, 6855, 2708, 1, 572, 760, 0, 225, 54204, 555, 3, 48, 8124, 432, 416, 4, 32887, 10889, 21300, 0, 0, 32, 5484, 4684, 9637, 80, 0, 0, 19, 25, 180, 2, 54835, 46569, 49846, 1, 0, 0, 323,-
25,r3,29, 1052065, 1066,"  100da0:	e0033000 	and	r3, r3, r0",benign, 560, 167, 10227, 2, 6855, 2705, 0, 572, 760, 0, 233, 54732, 555, 3, 46, 8285, 386, 425, 3, 32602, 10555, 21306, 0, 0, 32, 5216, 4928, 9643, 80, 0, 0, 19, 25, 126, 2, 54969, 46700, 49781, 1, 0, 0, 356,-
26,r0,10, 1060925, 1073,"  10303c:	e283301c 	add	r3, r3, #28",benign, 594, 203, 10218, 2, 6851, 2705, 0, 572, 760, 0, 225, 54225, 555, 3, 46, 7807, 423, 467, 4, 32675, 10691, 21315, 0, 0, 32, 5049, 5137, 9654, 83, 0, 0, 19, 22, 126, 2, 54840, 46376, 49585, 1, 0, 0, 324,-
27,r2,26, 1054556, 1062,"  10175c:	e50b3014 	str	r3, [fp, #-20]	; 0xffffffec",benign, 564, 167, 10222, 2, 6855, 2708, 0, 572, 760, 0, 218, 54267, 555, 3, 46, 7842, 443, 425, 4, 33049, 10791, 21371, 0, 0, 32, 5477, 4692, 9653, 84, 0, 0, 18, 23, 132, 2, 55259, 46441, 49640, 1, 0, 0, 324,-
28,r3,30, 1061467, 1065,"  103258:	e2411004 	sub	r1, r1, #4",benign, 614, 215, 10229, 2, 6864, 2708, 0, 572, 760, 0, 227, 54502, 555, 3, 45, 7823, 526, 413, 4, 33101, 11033, 21331, 0, 0, 32, 5483, 4682, 9634, 85, 0, 0, 19, 23, 127, 2, 54827, 46797, 49968, 1, 0, 0, 324,-
29,r0,25, 1057465, 1065,"  1022b8:	e50b3014 	str	r3, [fp, #-20]	; 0xffffffec",benign, 566, 168, 10229, 2, 6863, 2711, 0, 572, 760, 0, 223, 54085, 555, 3, 46, 8013, 423, 415, 4, 33143, 11089, 21370, 0, 0, 32, 5474, 4711, 9665, 82, 0, 0, 19, 24, 136, 2, 54911, 46838, 50042, 1, 0, 0, 331,-
30,r1,28, 1054838, 1066,"  101874:	e0822003 	add	r2, r2, r3",benign, 610, 216, 10204, 2, 6856, 2713, 0, 572, 760, 0, 220, 54658, 555, 3, 46, 8090, 353, 409, 4, 32772, 10774, 21302, 0, 0, 32, 5469, 4683, 9648, 82, 0, 0, 19, 21, 135, 2, 54991, 46880, 50178, 1, 0, 0, 324,-
31,r0,30, 1058701, 1072,"  10278c:	e0233001 	eor	r3, r3, r1",benign, 577, 168, 10206, 2, 6853, 2709, 0, 572, 759, 0, 230, 54642, 555, 3, 44, 8036, 368, 474, 4, 33037, 10929, 21345, 0, 0, 32, 5464, 4703, 9639, 81, 0, 0, 19, 24, 136, 2, 55054, 46426, 49487, 1, 0, 0, 321,-
32,r1,18, 1057439, 1068,"  10229c:	e50b3020 	str	r3, [fp, #-32]	; 0xffffffe0",benign, 585, 202, 10209, 2, 6870, 2711, 0, 572, 760, 0, 226, 54271, 555, 3, 47, 8115, 347, 416, 4, 33110, 11006, 21348, 0, 0, 32, 5530, 5111, 9646, 81, 0, 0, 19, 24, 136, 2, 54713, 46430, 49610, 1, 0, 0, 324,-
33,r1,25, 1052103, 1064,"  100dc4:	e0823003 	add	r3, r2, r3",benign, 566, 160, 10213, 2, 6862, 2713, 0, 572, 760, 0, 219, 53944, 555, 3, 45, 8275, 370, 465, 6, 32705, 10705, 21346, 0, 0, 32, 5471, 4706, 9648, 82, 0, 0, 19, 26, 136, 2, 54586, 46335, 49544, 1, 0, 0, 324,-
34,r1,12, 1058755, 1065,"  1027c0:	e50b3018 	str	r3, [fp, #-24]	; 0xffffffe8",benign, 573, 169, 10223, 2, 6867, 2712, 0, 572, 760, 0, 223, 54281, 555, 3, 46, 8228, 360, 424, 3, 32863, 10642, 21340, 0, 0, 32, 5289, 4878, 9641, 81, 0, 0, 19, 26, 127, 2, 55196, 46466, 49611, 1, 0, 0, 316,-
35,r3,10, 1053920, 1065,"  1014e0:	e51b3020 	ldr	r3, [fp, #-32]	; 0xffffffe0",benign, 565, 167, 10226, 2, 6858, 2709, 0, 572, 759, 0, 227, 54395, 555, 3, 46, 8006, 355, 418, 4, 32652, 10663, 21335, 0, 0, 32, 5279, 4883, 9630, 80, 0, 0, 19, 23, 136, 2, 55055, 46654, 49794, 1, 0, 0, 373,-
36,r0,4, 1059250, 1066,"  1029b0:	e51b301c 	ldr	r3, [fp, #-28]	; 0xffffffe4",benign, 563, 159, 10221, 2, 6860, 2708, 0, 572, 760, 0, 224, 54065, 555, 3, 44, 7834, 368, 451, 4, 32521, 10592, 21298, 0, 0, 32, 5468, 4685, 9647, 83, 0, 0, 19, 23, 128, 2, 54911, 46416, 49532, 1, 0, 0, 373,-
37,r2,12, 1059878, 1067,"  102c24:	e51b3014 	ldr	r3, [fp, #-20]	; 0xffffffec",benign, 592, 201, 10223, 2, 6854, 2707, 0, 572, 760, 0, 222, 54187, 555, 3, 46, 7809, 567, 466, 4, 32979, 10935, 21355, 0, 0, 32, 5499, 4687, 9642, 80, 0, 0, 19, 22, 123, 2, 55022, 46869, 50055, 1, 0, 0, 323,-
38,r3,5, 1059661, 1067,"  102b4c:	e51b3014 	ldr	r3, [fp, #-20]	; 0xffffffec",benign, 611, 217, 10235, 2, 6862, 2709, 0, 572, 760, 0, 225, 54058, 555, 3, 46, 7795, 389, 409, 4, 33157, 11160, 21304, 0, 0, 32, 5280, 4865, 9634, 79, 0, 0, 19, 25, 142, 2, 55119, 46832, 50058, 1, 0, 0, 324,-
39,r1,10, 1051407, 1068,"  100b0c:	e51b3010 	ldr	r3, [fp, #-16]",benign, 567, 168, 10230, 2, 6862, 2710, 0, 572, 760, 0, 222, 54462, 555, 3, 46, 7781, 442, 470, 3, 33024, 11102, 21326, 0, 0, 32, 5478, 4710, 9646, 82, 0, 0, 19, 24, 126, 2, 54824, 46739, 49836, 1, 0, 0, 326,-
40,r1,15, 1055627, 1066,"  101b88:	e50b3018 	str	r3, [fp, #-24]	; 0xffffffe8",benign, 565, 168, 10215, 2, 6857, 2712, 0, 572, 760, 0, 231, 54838, 555, 3, 45, 8102, 364, 432, 4, 32618, 10630, 21358, 0, 0, 32, 5470, 4676, 9648, 84, 0, 0, 19, 24, 127, 2, 54787, 46532, 49686, 1, 0, 0, 323,-
41,r1,15, 1060057, 1062,"  102cd8:	e1a03163 	ror	r3, r3, #2",benign, 560, 161, 10221, 2, 6856, 2706, 0, 572, 760, 0, 224, 54247, 555, 3, 45, 7718, 365, 463, 4, 32995, 10951, 21295, 0, 0, 32, 5485, 4673, 9636, 81, 0, 0, 19, 23, 136, 2, 55470, 46586, 49760, 1, 0, 0, 326,-
42,r3,8, 1053872, 1064,"  1014b0:	e3463ed9 	movt	r3, #28377	; 0x6ed9",benign, 613, 215, 10214, 2, 6857, 2707, 0, 572, 759, 0, 218, 54193, 555, 3, 44, 7669, 343, 410, 4, 32599, 10754, 21354, 0, 0, 32, 5496, 4703, 9647, 83, 0, 0, 19, 24, 126, 2, 54632, 46672, 49957, 1, 0, 0, 320,-
43,r0,23, 1054037, 1065,"  101554:	e51b300c 	ldr	r3, [fp, #-12]",benign, 566, 166, 10207, 2, 6861, 2708, 0, 572, 760, 0, 224, 54595, 555, 3, 45, 7916, 578, 467, 4, 33256, 11326, 21342, 0, 0, 32, 5335, 4937, 9646, 82, 0, 0, 19, 26, 126, 2, 54534, 46659, 49809, 1, 0, 0, 323,-
44,r3,30, 1059723, 1062,"  102b88:	e51b3014 	ldr	r3, [fp, #-20]	; 0xffffffec",benign, 567, 168, 10226, 2, 6856, 2705, 0, 572, 760, 0, 220, 54344, 555, 3, 45, 7847, 368, 416, 3, 33035, 10940, 21327, 0, 0, 32, 5536, 4726, 9649, 83, 0, 0, 19, 24, 128, 2, 54737, 46468, 49670, 1, 0, 0, 368,-
45,r1,13, 1057113, 1063,"  102158:	e51b300c 	ldr	r3, [fp, #-12]",benign, 565, 166, 10209, 2, 6858, 2710, 0, 572, 759, 0, 229, 54477, 555, 3, 45, 8331, 364, 465, 4, 32729, 10736, 21349, 0, 0, 32, 5539, 4623, 9648, 82, 0, 0, 19, 25, 126, 2, 55063, 46793, 50110, 1, 0, 0, 330,-
46,r1,30, 1056383, 1071,"  101e7c:	e51b3018 	ldr	r3, [fp, #-24]	; 0xffffffe8",benign, 576, 166, 10222, 2, 6859, 2709, 0, 572, 760, 0, 229, 54585, 555, 3, 46, 7843, 388, 409, 4, 33388, 11373, 21377, 0, 0, 32, 5481, 4704, 9646, 80, 0, 0, 19, 25, 128, 2, 55044, 46497, 49682, 1, 0, 0, 325,-
47,r3,17, 1058536, 1066,"  1026e8:	e50b3018 	str	r3, [fp, #-24]	; 0xffffffe8",benign, 559, 165, 10214, 2, 6851, 2707, 0, 572, 759, 0, 234, 54396, 555, 3, 46, 7941, 445, 425, 4, 33134, 11141, 21306, 0, 0, 32, 5458, 4708, 9662, 82, 0, 0, 19, 25, 127, 2, 54711, 46759, 50139, 1, 0, 0, 317,-
48,r3,25, 1054134, 1069,"  1015b4:	e50b3010 	str	r3, [fp, #-16]",benign, 597, 202, 10203, 2, 6860, 2710, 0, 572, 760, 0, 226, 54489, 555, 3, 46, 7744, 365, 416, 6, 32970, 10918, 21321, 0, 0, 32, 5285, 4893, 9663, 81, 0, 0, 19, 24, 181, 2, 55364, 46417, 49578, 1, 0, 0, 316,-
49,r2,1, 1057051, 1070,"  102118:	e0822003 	add	r2, r2, r3",benign, 617, 218, 10231, 2, 6856, 2706, 0, 572, 760, 0, 232, 54756, 555, 3, 46, 8357, 484, 416, 4, 32433, 10488, 21316, 0, 0, 32, 5471, 4701, 9636, 80, 0, 0, 18, 21, 125, 2, 54719, 46808, 49982, 1, 0, 0, 320,-
50,r0,26, 1059657, 1068,"  102b48:	e51b1010 	ldr	r1, [fp, #-16]",benign, 570, 167, 10226, 2, 6858, 2709, 0, 572, 760, 0, 230, 53977, 555, 3, 45, 7928, 371, 463, 3, 33156, 11132, 21286, 0, 0, 32, 5483, 4680, 9633, 81, 0, 0, 19, 24, 127, 2, 54801, 46606, 49810, 1, 0, 0, 373,-
51,r1,26, 1054892, 1068,"  1018ac:	e51b3020 	ldr	r3, [fp, #-32]	; 0xffffffe0",benign, 608, 215, 10208, 2, 6854, 2710, 0, 572, 759, 0, 231, 54600, 555, 3, 46, 8055, 365, 417, 4, 33270, 11289, 21310, 0, 0, 32, 5510, 4735, 9647, 79, 0, 0, 19, 24, 136, 2, 54998, 46751, 50087, 1, 0, 0, 322,-
52,r3,11, 1059258, 1061,"  1029b8:	e51b3050 	ldr	r3, [fp, #-80]	; 0xffffffb0",benign, 604, 217, 10219, 2, 6852, 2707, 0, 572, 760, 0, 219, 54429, 555, 3, 45, 7910, 367, 465, 3, 32890, 10985, 21324, 0, 0, 32, 5481, 4707, 9660, 80, 0, 0, 19, 24, 126, 2, 55271, 46638, 49789, 1, 0, 0, 330,-
53,r1,12, 1057292, 1067,"  10220c:	e51b3094 	ldr	r3, [fp, #-148]	; 0xffffff6c",benign, 564, 166, 10206, 2, 6866, 2718, 0, 572, 759, 0, 226, 54459, 555, 3, 46, 7940, 384, 419, 4, 33528, 11418, 21306, 0, 0, 32, 5482, 5104, 9646, 81, 0, 0, 19, 24, 136, 2, 54993, 46446, 49641, 1, 0, 0, 380,-
54,r0,30, 1052355, 1068,"  100ec0:	e50b301c 	str	r3, [fp, #-28]	; 0xffffffe4",benign, 568, 167, 10210, 2, 6861, 2708, 0, 572, 759, 0, 218, 54127, 555, 3, 45, 8011, 352, 431, 3, 32925, 10643, 21318, 0, 0, 32, 5459, 4709, 9643, 82, 0, 0, 19, 24, 126, 2, 54932, 46505, 49670, 1, 0, 0, 317,-
55,r2,4, 1053347, 1071,"  1012a0:	e51b3020 	ldr	r3, [fp, #-32]	; 0xffffffe0",benign, 565, 166, 10220, 2, 6858, 2710, 0, 572, 760, 0, 226, 54183, 555, 3, 45, 7792, 392, 464, 7, 33323, 11368, 21333, 0, 0, 32, 5493, 4680, 9636, 81, 0, 0, 19, 22, 180, 2, 54858, 46782, 49944, 1, 0, 0, 323,-
56,r2,26, 1061100, 1064,"  1030ec:	e0823003 	add	r3, r2, r3",benign, 564, 168, 10222, 2, 6859, 2708, 0, 572, 759, 0, 226, 54554, 555, 3, 45, 8121, 391, 420, 4, 33042, 10937, 21310, 0, 0, 32, 5268, 4982, 9654, 83, 0, 0, 19, 23, 142, 2, 55111, 46786, 49894, 1, 0, 0, 358,-
57,r1,17, 1051855, 1066,"  100ccc:	e3073999 	movw	r3, #31129	; 0x7999",benign, 565, 168, 10199, 2, 6853, 2710, 1, 572, 759, 0, 228, 54144, 555, 3, 48, 8251, 530, 416, 4, 32541, 10630, 21328, 0, 0, 32, 5480, 4690, 9651, 84, 0, 0, 19, 24, 136, 2, 54569, 46544, 49706, 1, 0, 0, 325,-
58,r3,7, 1059184, 1068,"  102970:	e50b3018 	str	r3, [fp, #-24]	; 0xffffffe8",benign, 565, 174, 10215, 2, 6857, 2709, 0, 572, 760, 0, 226, 54601, 555, 3, 44, 7712, 364, 412, 3, 33164, 11201, 21327, 0, 0, 32, 5232, 4932, 9634, 80, 0, 0, 19, 23, 127, 2, 55038, 46391, 49553, 1, 0, 0, 321,-
59,r1,19, 1054440, 1064,"  1016e8:	e51b3010 	ldr	r3, [fp, #-16]",benign, 562, 167, 10214, 2, 6863, 2712, 0, 572, 760, 0, 226, 54127, 555, 3, 45, 7772, 364, 476, 3, 33164, 10958, 21322, 0, 0, 32, 5478, 4706, 9662, 82, 0, 0, 19, 25, 126, 2, 55021, 46527, 49675, 1, 0, 0, 324,-
60,r2,18, 1055821, 1069,"  101c4c:	e0823003 	add	r3, r2, r3",benign, 560, 159, 10220, 2, 6856, 2705, 0, 572, 760, 0, 224, 54100, 555, 3, 45, 7709, 364, 409, 4, 32594, 10597, 21323, 0, 0, 32, 5543, 4740, 9641, 81, 0, 0, 19, 23, 137, 2, 55515, 46870, 50082, 1, 0, 0, 316,-
61,r0,11, 1060199, 1068,"  102d64:	e51b1010 	ldr	r1, [fp, #-16]",benign, 605, 216, 10227, 2, 6862, 2710, 0, 572, 759, 0, 223, 54160, 555, 3, 46, 8192, 369, 464, 3, 32654, 10547, 21326, 0, 0, 32, 5553, 4707, 9642, 81, 0, 0, 19, 23, 136, 2, 55197, 46665, 49793, 1, 0, 0, 372,-
62,r1,3, 1061031, 1072,"  1030a4:	e28db004 	add	fp, sp, #4",benign, 565, 166, 10214, 2, 6855, 2706, 0, 572, 760, 0, 225, 54110, 555, 3, 45, 7725, 344, 413, 4, 32686, 10727, 21302, 0, 0, 32, 5472, 4685, 9647, 79, 0, 0, 19, 22, 133, 2, 55330, 46499, 49657, 1, 0, 0, 330,-
63,r2,16, 1051225, 1064,"  100a58:	e503215c 	str	r2, [r3, #-348]	; 0xfffffea4",benign, 564, 167, 10205, 2, 6854, 2709, 0, 572, 760, 0, 227, 54173, 555, 3, 46, 8257, 427, 684, 4, 32633, 10643, 21320, 0, 0, 32, 5296, 4890, 9649, 81, 0, 0, 19, 23, 134, 2, 55315, 46874, 49985, 1, 0, 0, 320,-
64,r3,15, 1058967, 1065,"  102894:	e51b3014 	ldr	r3, [fp, #-20]	; 0xffffffec",benign, 576, 174, 10231, 2, 6860, 2707, 0, 572, 759, 0, 219, 54054, 555, 3, 46, 8056, 365, 426, 6, 33065, 11024, 21304, 0, 0, 32, 5480, 4679, 9636, 81, 0, 0, 19, 23, 127, 2, 54601, 47010, 50265, 1, 0, 0, 376,-
65,r0,1, 1053167, 1066,"  1011ec:	e51b3124 	ldr	r3, [fp, #-292]	; 0xfffffedc",benign, 570, 166, 10225, 2, 6861, 2709, 0, 572, 759, 0, 219, 54489, 555, 3, 45, 8227, 377, 425, 3, 32632, 10658, 21327, 0, 0, 32, 5292, 4865, 9648, 80, 0, 0, 19, 24, 136, 2, 54569, 46479, 49671, 1, 0, 0, 324,-
66,r1,15, 1051152, 1068,"  100a10:	e51b3008 	ldr	r3, [fp, #-8]",benign, 552, 168, 10222, 2, 6858, 2709, 0, 572, 760, 0, 224, 54016, 555, 3, 44, 7658, 366, 409, 4, 32969, 10767, 21350, 0, 0, 32, 5348, 4926, 9654, 82, 0, 0, 19, 25, 127, 2, 54767, 46573, 49760, 1, 0, 0, 320,-
67,r3,4, 1058172, 1070,"  10257c:	e3483f1b 	movt	r3, #36635	; 0x8f1b",benign, 549, 161, 10217, 2, 6856, 2709, 0, 572, 759, 0, 222, 53933, 555, 3, 47, 8239, 459, 415, 5, 32607, 10567, 21349, 0, 0, 32, 5533, 4737, 9641, 81, 0, 0, 19, 24, 126, 2, 55097, 46801, 50074, 1, 0, 0, 324,-
68,r3,31, 1051207, 1067,"  100a44:	e0222003 	eor	r2, r2, r3",benign, 557, 166, 10232, 2, 6863, 2708, 0, 572, 759, 0, 225, 54069, 555, 3, 46, 8204, 368, 426, 3, 32977, 10773, 21369, 0, 0, 32, 5512, 4744, 9648, 82, 0, 0, 19, 24, 127, 2, 55065, 46644, 49748, 1, 0, 0, 316,-
69,r1,22, 1058216, 1066,"  1025a8:	e50b3010 	str	r3, [fp, #-16]",benign, 619, 215, 10218, 2, 6848, 2707, 0, 572, 760, 0, 225, 54638, 555, 3, 47, 7766, 389, 415, 4, 32640, 10634, 21278, 0, 0, 32, 5526, 4750, 9649, 86, 0, 0, 19, 25, 127, 2, 54792, 46607, 49741, 1, 0, 0, 372,-
70,r0,27, 1054422, 1069,"  1016d4:	e50b3020 	str	r3, [fp, #-32]	; 0xffffffe0",benign, 572, 166, 10212, 2, 6856, 2711, 0, 572, 760, 0, 233, 54395, 555, 3, 44, 8213, 352, 415, 4, 32612, 10658, 21312, 0, 0, 32, 5484, 4688, 9644, 80, 0, 0, 19, 23, 142, 2, 55247, 46413, 49574, 1, 0, 0, 323,-
71,r3,26, 1054616, 1073,"  101798:	e51b30f0 	ldr	r3, [fp, #-240]	; 0xffffff10",benign, 565, 164, 10223, 2, 6857, 2709, 0, 572, 759, 0, 226, 54284, 555, 3, 46, 7930, 443, 459, 4, 33013, 10704, 21333, 0, 0, 32, 5604, 4677, 9659, 82, 0, 0, 19, 21, 126, 2, 54948, 46867, 50143, 1, 0, 0, 325,-
72,r3,28, 1060815, 1066,"  102fcc:	e51b3010 	ldr	r3, [fp, #-16]",benign, 627, 216, 10207, 2, 6860, 2710, 0, 572, 759, 0, 228, 54481, 555, 3, 47, 7934, 668, 416, 4, 32786, 10837, 21334, 0, 0, 32, 5479, 4694, 9642, 82, 0, 0, 19, 24, 127, 2, 55225, 46842, 49919, 1, 0, 0, 319,-
73,r3,21, 1054688, 1072,"  1017e0:	e1a02de3 	ror	r2, r3, #27",benign, 555, 166, 10222, 2, 6859, 2708, 0, 572, 760, 0, 222, 54206, 555, 3, 44, 7806, 364, 425, 3, 32761, 10782, 21301, 0, 0, 32, 5480, 4687, 9638, 82, 0, 0, 19, 24, 126, 2, 54924, 46904, 50083, 1, 0, 0, 320,-
74,r3,30, 1054947, 1072,"  1018e0:	e0822003 	add	r2, r2, r3",benign, 562, 162, 10220, 2, 6853, 2707, 0, 572, 759, 0, 214, 54216, 555, 3, 44, 7791, 365, 414, 4, 32673, 10703, 21296, 0, 0, 32, 5529, 4745, 9647, 83, 0, 0, 19, 24, 126, 2, 55425, 46753, 49910, 1, 0, 0, 322,-
75,r0,23, 1053868, 1065,"  1014ac:	e30e3ba1 	movw	r3, #60321	; 0xeba1",benign, 560, 159, 10219, 2, 6859, 2706, 0, 572, 760, 0, 230, 54398, 555, 3, 44, 7847, 368, 413, 4, 32640, 10643, 21333, 0, 0, 32, 5507, 4740, 9644, 82, 0, 0, 19, 23, 127, 2, 55305, 46526, 49707, 1, 0, 0, 321,-
76,r1,18, 1054696, 1067,"  1017e8:	e51b3014 	ldr	r3, [fp, #-20]	; 0xffffffec",benign, 614, 217, 10227, 2, 6855, 2709, 0, 572, 760, 0, 220, 54603, 555, 3, 46, 8022, 367, 416, 4, 32946, 10822, 21334, 0, 0, 32, 5483, 4680, 9653, 82, 0, 0, 19, 25, 126, 2, 54771, 46436, 49646, 1, 0, 0, 373,-
77,r1,19, 1051076, 1067,"  1009c4:	e51b3008 	ldr	r3, [fp, #-8]",benign, 562, 166, 10217, 2, 6855, 2708, 0, 572, 760, 0, 224, 54092, 555, 3, 45, 8184, 351, 435, 6, 32591, 10639, 21319, 0, 0, 32, 5536, 4750, 9658, 83, 0, 0, 19, 24, 137, 2, 55195, 46492, 49727, 1, 0, 0, 323,-
78,r2,2, 1053391, 1062,"  1012cc:	e1813003 	orr	r3, r1, r3",benign, 567, 164, 10220, 2, 6854, 2709, 0, 572, 759, 0, 222, 54592, 555, 3, 46, 7765, 366, 417, 4, 32519, 10594, 21331, 0, 0, 32, 5277, 4870, 9645, 83, 0, 0, 19, 23, 126, 2, 55383, 46620, 49807, 1, 0, 0, 323,-
79,r3,14, 1059083, 1069,"  102908:	e51b3010 	ldr	r3, [fp, #-16]",benign, 601, 216, 10217, 2, 6859, 2707, 0, 572, 760, 0, 219, 54024, 555, 3, 45, 7884, 353, 414, 4, 32513, 10534, 21359, 0, 0, 32, 5288, 4878, 9622, 80, 0, 0, 19, 24, 126, 2, 54754, 46639, 49852, 1, 0, 0, 323,-
80,r3,23, 1060250, 1074,"  102d98:	e50b3020 	str	r3, [fp, #-32]	; 0xffffffe0",benign, 598, 198, 10223, 2, 6863, 2709, 0, 572, 759, 0, 232, 54457, 555, 3, 46, 7788, 595, 432, 4, 33112, 10806, 21321, 0, 0, 32, 5223, 4930, 9633, 80, 0, 0, 19, 24, 127, 2, 55064, 46700, 49899, 1, 0, 0, 324,-
81,r0,28, 1056716, 1066,"  101fcc:	e1a03163 	ror	r3, r3, #2",benign, 559, 165, 10216, 2, 6852, 2708, 0, 572, 759, 0, 226, 54555, 555, 3, 45, 8159, 368, 408, 6, 32503, 10517, 21329, 0, 0, 32, 5492, 4673, 9645, 78, 0, 0, 19, 23, 126, 2, 54978, 46809, 50005, 1, 0, 0, 316,-
82,r3,2, 1060223, 1065,"  102d7c:	e51b301c 	ldr	r3, [fp, #-28]	; 0xffffffe4",benign, 568, 169, 10240, 2, 6861, 2708, 0, 572, 760, 0, 223, 54023, 555, 3, 44, 8248, 360, 415, 3, 32475, 10393, 21305, 0, 0, 32, 5531, 4743, 9656, 83, 0, 0, 19, 25, 180, 2, 55221, 46673, 49865, 1, 0, 0, 372,-
83,r3,23, 1053443, 1069,"  101300:	e50b3018 	str	r3, [fp, #-24]	; 0xffffffe8",benign, 559, 164, 10214, 2, 6848, 2708, 0, 572, 760, 0, 220, 54028, 555, 3, 46, 7774, 365, 419, 3, 32783, 10864, 21306, 0, 0, 32, 5481, 4693, 9646, 82, 0, 0, 19, 25, 137, 2, 54845, 46877, 50168, 1, 0, 0, 323,-
84,r3,3, 1058847, 1067,"  10281c:	e50b3020 	str	r3, [fp, #-32]	; 0xffffffe0",benign, 567, 166, 10222, 2, 6856, 2710, 0, 572, 759, 0, 221, 54576, 555, 3, 45, 8531, 367, 449, 4, 32975, 10864, 21318, 0, 0, 32, 5327, 4940, 9637, 80, 0, 0, 19, 24, 127, 2, 55480, 46832, 50268, 1, 0, 0, 321,-
85,r2,25, 1060597, 1064,"  102ef4:	e0822003 	add	r2, r2, r3",benign, 568, 166, 10212, 2, 6860, 2709, 0, 572, 760, 0, 219, 54708, 555, 3, 46, 7691, 368, 409, 4, 32587, 10637, 21349, 0, 0, 32, 5216, 4936, 9649, 82, 0, 0, 19, 23, 128, 2, 54811, 46599, 49746, 1, 0, 0, 324,-
86,r1,9, 1052710, 1068,"  101024:	e51b3018 	ldr	r3, [fp, #-24]	; 0xffffffe8",benign, 569, 166, 10217, 2, 6863, 2709, 0, 572, 760, 0, 226, 54305, 555, 3, 47, 8111, 383, 474, 4, 32867, 10892, 21320, 0, 0, 32, 5246, 4941, 9643, 82, 0, 0, 19, 25, 136, 2, 54982, 46847, 50024, 1, 0, 0, 323,-
87,r0,20, 1052917, 1064,"  1010f4:	e51b301c 	ldr	r3, [fp, #-28]	; 0xffffffe4",benign, 613, 215, 10217, 2, 6853, 2708, 0, 572, 759, 0, 224, 54124, 555, 3, 46, 7768, 391, 416, 3, 33062, 11123, 21326, 0, 0, 32, 5477, 4707, 9655, 83, 0, 0, 19, 23, 134, 2, 54977, 46406, 49534, 1, 0, 0, 325,-
88,r1,1, 1053336, 1064,"  101298:	e51b300c 	ldr	r3, [fp, #-12]",benign, 557, 169, 10205, 2, 6858, 2709, 0, 572, 760, 0, 228, 54626, 555, 3, 44, 7846, 566, 419, 4, 32383, 10405, 21309, 0, 0, 32, 5280, 4887, 9629, 78, 0, 0, 19, 24, 132, 2, 55235, 47059, 50292, 1, 0, 0, 372,-
89,r2,26, 1052487, 1068,"  100f44:	e51b3010 	ldr	r3, [fp, #-16]",benign, 567, 167, 10227, 2, 6855, 2707, 0, 572, 760, 0, 230, 54512, 555, 3, 47, 8064, 387, 414, 4, 32662, 10657, 21320, 0, 0, 32, 5279, 4878, 9646, 82, 0, 0, 19, 25, 127, 2, 54705, 46799, 50029, 1, 0, 0, 380,-
90,r2,7, 1058720, 1070,"  1027a0:	e0822003 	add	r2, r2, r3",benign, 570, 167, 10224, 2, 6864, 2710, 0, 572, 760, 0, 227, 54616, 555, 3, 46, 7982, 424, 430, 4, 33224, 11123, 21349, 0, 0, 32, 5225, 4959, 9646, 83, 0, 0, 19, 25, 181, 2, 54850, 46525, 49576, 1, 0, 0, 324,-
91,r3,18, 1056478, 1065,"  101edc:	e51b300c 	ldr	r3, [fp, #-12]",benign, 619, 216, 10218, 2, 6857, 2710, 0, 572, 759, 0, 218, 54249, 555, 3, 46, 7857, 391, 414, 4, 32620, 10714, 21309, 0, 0, 32, 5279, 4886, 9642, 81, 0, 0, 19, 24, 127, 2, 55246, 46589, 49717, 1, 0, 0, 372,-
92,r2,17, 1055278, 1066,"  101a2c:	e3463ed9 	movt	r3, #28377	; 0x6ed9",benign, 613, 216, 10217, 2, 6850, 2706, 0, 572, 759, 0, 221, 54210, 555, 3, 47, 7856, 618, 414, 4, 32776, 10851, 21355, 0, 0, 32, 5475, 4684, 9638, 83, 0, 0, 19, 22, 126, 2, 54609, 46774, 50064, 1, 0, 0, 325,-
93,r3,21, 1054090, 1065,"  101588:	e3463ed9 	movt	r3, #28377	; 0x6ed9",benign, 556, 165, 10215, 2, 6862, 2710, 0, 572, 759, 0, 225, 54601, 555, 3, 45, 8076, 366, 423, 5, 33057, 10767, 21317, 0, 0, 32, 5477, 4678, 9639, 80, 0, 0, 19, 23, 127, 2, 54750, 46732, 49886, 1, 0, 0, 316,-
94,r1,3, 1055072, 1064,"  101960:	e51b3018 	ldr	r3, [fp, #-24]	; 0xffffffe8",benign, 568, 167, 10219, 2, 6858, 2708, 0, 572, 760, 0, 222, 54309, 555, 3, 44, 8242, 369, 417, 4, 33463, 11444, 21355, 0, 0, 32, 5486, 4679, 9640, 83, 0, 0, 19, 24, 181, 2, 54741, 46885, 50214, 1, 0, 0, 317,-
95,r1,20, 1051369, 1067,"  100ae8:	e0822003 	add	r2, r2, r3",benign, 542, 159, 10218, 2, 6856, 2707, 1, 572, 759, 0, 222, 54450, 555, 3, 48, 8173, 423, 412, 4, 32656, 10667, 21326, 0, 0, 32, 5510, 4725, 9639, 83, 0, 0, 19, 23, 128, 2, 54727, 46275, 49524, 1, 0, 0, 321,-
96,r3,30, 1058234, 1071,"  1025b8:	e1a02de3 	ror	r2, r3, #27",benign, 615, 215, 10210, 2, 6851, 2706, 0, 572, 759, 0, 220, 54310, 555, 3, 48, 8067, 431, 463, 6, 32692, 10614, 21336, 0, 0, 32, 5289, 4886, 9646, 82, 0, 0, 19, 24, 127, 2, 55110, 46913, 50065, 1, 0, 0, 325,-
97,r1,13, 1056519, 1064,"  101f04:	e0011003 	and	r1, r1, r3",benign, 566, 168, 10224, 2, 6856, 2710, 0, 572, 759, 0, 228, 54042, 555, 3, 46, 7927, 347, 415, 4, 33102, 11103, 21337, 0, 0, 32, 5489, 4692, 9640, 85, 0, 0, 19, 25, 137, 2, 54982, 46849, 50147, 1, 0, 0, 316,-
98,r1,24, 1058891, 1071,"  102848:	e50b300c 	str	r3, [fp, #-12]",benign, 554, 165, 10228, 2, 6863, 2708, 0, 572, 759, 0, 222, 54242, 555, 3, 46, 7940, 368, 418, 4, 32679, 10765, 21286, 0, 0, 32, 5015, 5152, 9660, 83, 0, 0, 19, 22, 133, 2, 55343, 46402, 49552, 1, 0, 0, 373,-
99,r2,14, 1059927, 1068,"  102c54:	e50b3020 	str	r3, [fp, #-32]	; 0xffffffe0",benign, 557, 167, 10214, 2, 6857, 2709, 1, 572, 759, 0, 220, 54423, 555, 3, 45, 8013, 341, 426, 5, 32617, 10501, 21296, 0, 0, 32, 5473, 4696, 9638, 81, 0, 0, 19, 24, 127, 2, 54793, 46951, 50180, 1, 0, 0, 316,-
100,r1,13, 1057641, 1070,"  102368:	e51b3018 	ldr	r3, [fp, #-24]	; 0xffffffe8",benign, 572, 167, 10236, 2, 6863, 2707, 0, 572, 759, 0, 223, 54317, 555, 3, 44, 7643, 391, 419, 4, 32609, 10672, 21298, 0, 0, 32, 5215, 4942, 9643, 81, 0, 0, 19, 24, 180, 2, 54841, 46471, 49612, 1, 0, 0, 316,-
101,r0,21, 1059282, 1068,"  1029d0:	e51b3018 	ldr	r3, [fp, #-24]	; 0xffffffe8",benign, 559, 159, 10234, 2, 6865, 2711, 0, 572, 760, 0, 223, 54290, 555, 3, 45, 7710, 366, 413, 4, 32921, 10888, 21331, 0, 0, 32, 5483, 4693, 9644, 83, 0, 0, 19, 25, 126, 2, 54687, 46403, 49651, 1, 0, 0, 324,-
102,r1,5, 1051798, 1074,"  100c94:	e1a02de3 	ror	r2, r3, #27",benign, 560, 168, 10230, 2, 6860, 2707, 0, 572, 760, 0, 225, 54540, 555, 3, 44, 7792, 364, 419, 4, 32701, 10676, 21319, 0, 0, 32, 5502, 5091, 9655, 84, 0, 0, 19, 24, 137, 2, 54779, 46700, 49961, 1, 0, 0, 321,-
103,r3,26, 1057182, 1072,"  10219c:	e3483f1b 	movt	r3, #36635	; 0x8f1b",benign, 611, 214, 10216, 2, 6856, 2707, 0, 572, 760, 0, 227, 54161, 555, 3, 46, 8356, 359, 420, 4, 32994, 10795, 21312, 0, 0, 32, 5078, 5192, 9655, 85, 0, 0, 19, 25, 253, 2, 55319, 46836, 50081, 1, 0, 0, 321,-
104,r2,16, 1057266, 1070,"  1021f0:	e51b0014 	ldr	r0, [fp, #-20]	; 0xffffffec",benign, 600, 204, 10220, 2, 6856, 2705, 0, 572, 760, 0, 227, 54086, 555, 3, 45, 8401, 366, 409, 3, 32804, 10885, 21357, 0, 0, 32, 5468, 4711, 9653, 80, 0, 0, 19, 23, 134, 2, 54870, 46915, 50090, 1, 0, 0, 322,-
105,r2,17, 1058621, 1074,"  10273c:	e34c3a62 	movt	r3, #51810	; 0xca62",benign, 550, 159, 10205, 2, 6857, 2711, 0, 572, 760, 0, 227, 54306, 555, 3, 46, 7907, 348, 427, 3, 33078, 11028, 21316, 0, 0, 32, 5545, 4739, 9642, 80, 0, 0, 19, 23, 126, 2, 54953, 46856, 50054, 1, 0, 0, 316,-
106,r0,31, 1052632, 1072,"  100fd8:	e51b300c 	ldr	r3, [fp, #-12]",benign, 562, 167, 10197, 2, 6854, 2711, 0, 572, 759, 0, 221, 54358, 555, 3, 45, 7754, 347, 416, 4, 32918, 10875, 21333, 0, 0, 32, 5295, 4881, 9637, 82, 0, 0, 19, 24, 126, 2, 54584, 46826, 50013, 1, 0, 0, 372,-
107,r3,7, 1061471, 1068,"  10325c:	e1a00001 	mov	r0, r1",benign, 571, 170, 10219, 2, 6858, 2710, 0, 572, 759, 0, 227, 54712, 555, 3, 46, 7759, 366, 464, 3, 32657, 10767, 21318, 0, 0, 32, 5528, 4726, 9651, 86, 0, 0, 19, 24, 126, 2, 55168, 46531, 49702, 1, 0, 0, 323,-
108,r3,8, 1054349, 1071,"  10168c:	e50b3010 	str	r3, [fp, #-16]",benign, 562, 168, 10206, 2, 6858, 2709, 0, 572, 760, 0, 223, 54067, 555, 3, 47, 8177, 383, 460, 4, 32632, 10667, 21305, 0, 0, 32, 5479, 4684, 9646, 82, 0, 0, 19, 24, 127, 2, 54818, 46709, 50049, 1, 0, 0, 371,-
109,r1,21, 1054797, 1068,"  10184c:	e1a02de3 	ror	r2, r3, #27",benign, 559, 159, 10213, 2, 6863, 2711, 0, 572, 760, 0, 224, 54442, 555, 3, 46, 8127, 407, 416, 4, 32964, 10670, 21356, 0, 0, 32, 5026, 5127, 9645, 80, 0, 0, 19, 25, 137, 2, 54744, 46922, 50078, 1, 0, 0, 317,-
110,r3,29, 1056974, 1076,"  1020cc:	e51b300c 	ldr	r3, [fp, #-12]",benign, 563, 166, 10220, 2, 6858, 2708, 0, 572, 760, 0, 225, 54173, 555, 3, 45, 8145, 365, 465, 6, 32571, 10572, 21315, 0, 0, 32, 5291, 4984, 9658, 81, 0, 0, 19, 23, 126, 2, 54802, 46754, 49917, 1, 0, 0, 323,-
111,r2,6, 1055687, 1074,"  101bc4:	e0822003 	add	r2, r2, r3",benign, 543, 160, 10217, 2, 6855, 2708, 0, 572, 759, 0, 221, 54162, 555, 3, 47, 7967, 399, 411, 5, 32653, 10591, 21319, 0, 0, 32, 5282, 4884, 9644, 85, 0, 0, 19, 24, 126, 2, 55013, 46641, 49737, 1, 0, 0, 326,-
112,r0,29, 1052387, 1069,"  100ee0:	e51b3020 	ldr	r3, [fp, #-32]	; 0xffffffe0",benign, 574, 168, 10221, 2, 6857, 2705, 0, 572, 760, 0, 221, 54225, 555, 3, 46, 8230, 360, 462, 6, 32587, 10550, 21316, 0, 0, 32, 5458, 4689, 9642, 82, 0, 0, 19, 24, 127, 2, 55355, 46433, 49647, 1, 0, 0, 322,-
113,r1,15, 1058087, 1070,"  102524:	e50b3014 	str	r3, [fp, #-20]	; 0xffffffec",benign, 560, 169, 10222, 2, 6860, 2709, 0, 572, 760, 0, 223, 54228, 555, 3, 46, 7878, 421, 411, 4, 33058, 11116, 21334, 0, 0, 32, 5507, 4691, 9653, 81, 0, 0, 19, 24, 128, 2, 55116, 46444, 49566, 1, 0, 0, 324,-
114,r2,0, 1059344, 1068,"  102a10:	e51b3018 	ldr	r3, [fp, #-24]	; 0xffffffe8",benign, 554, 163, 10223, 2, 6858, 2706, 1, 572, 759, 0, 222, 54106, 555, 3, 46, 8129, 363, 425, 7, 32782, 10694, 21324, 0, 0, 32, 5305, 4885, 9651, 83, 0, 0, 19, 23, 126, 2, 54695, 46792, 49957, 1, 0, 0, 330,-
115,r3,28, 1059520, 1076,"  102ac0:	e50b3014 	str	r3, [fp, #-20]	; 0xffffffec",benign, 561, 167, 10220, 2, 6859, 2709, 0, 572, 760, 0, 222, 54396, 555, 3, 46, 7967, 365, 408, 6, 33237, 11270, 21321, 0, 0, 32, 5484, 4698, 9645, 82, 0, 0, 19, 24, 133, 2, 55323, 46984, 50182, 1, 0, 0, 325,-
116,r1,27, 1060104, 1069,"  102d08:	e0233001 	eor	r3, r3, r1",benign, 615, 217, 10227, 2, 6852, 2708, 0, 572, 760, 0, 222, 54429, 555, 3, 46, 8029, 370, 409, 6, 32973, 10825, 21321, 0, 0, 32, 5525, 4718, 9643, 85, 0, 0, 19, 24, 126, 2, 54831, 46574, 49684, 1, 0, 0, 325,-
117,r3,8, 1054330, 1071,"  101678:	e50b3018 	str	r3, [fp, #-24]	; 0xffffffe8",benign, 598, 194, 10237, 2, 6854, 2708, 0, 572, 760, 0, 229, 54839, 555, 3, 46, 8317, 368, 416, 3, 32747, 10804, 21316, 0, 0, 32, 5305, 4854, 9646, 83, 0, 0, 19, 23, 123, 2, 54672, 46413, 49666, 1, 0, 0, 321,-
118,r0,19, 1055366, 1070,"  101a84:	e51b301c 	ldr	r3, [fp, #-28]	; 0xffffffe4",benign, 564, 160, 10214, 2, 6857, 2708, 0, 572, 759, 0, 226, 54353, 555, 3, 45, 7778, 366, 414, 5, 32638, 10609, 21315, 0, 0, 32, 5264, 4995, 9646, 83, 0, 0, 19, 25, 127, 2, 54989, 46882, 50007, 1, 0, 0, 321,-
119,r3,7, 1051800, 1069,"  100c98:	e51b1010 	ldr	r1, [fp, #-16]",benign, 554, 159, 10207, 2, 6859, 2710, 0, 572, 760, 0, 220, 54215, 555, 3, 46, 8136, 349, 427, 5, 32639, 10562, 21302, 0, 0, 32, 5290, 4882, 9642, 82, 0, 0, 19, 23, 126, 2, 55016, 46701, 49800, 1, 0, 0, 323,-
120,r1,6, 1053294, 1068,"  10126c:	e3073999 	movw	r3, #31129	; 0x7999",benign, 566, 167, 10209, 2, 6853, 2710, 0, 572, 760, 0, 225, 54553, 555, 3, 46, 7838, 556, 409, 3, 32948, 10969, 21316, 0, 0, 32, 5281, 4901, 9648, 82, 0, 0, 19, 25, 127, 2, 54806, 46451, 49656, 1, 0, 0, 316,-
121,r3,16, 1053996, 1067,"  10152c:	e50b301c 	str	r3, [fp, #-28]	; 0xffffffe4",benign, 616, 224, 10232, 2, 6858, 2709, 0, 572, 760, 0, 219, 54582, 555, 3, 46, 8059, 362, 425, 4, 32473, 10538, 21309, 0, 0, 32, 5457, 4700, 9650, 82, 0, 0, 19, 24, 126, 2, 55121, 46479, 49617, 1, 0, 0, 333,-
122,r0,24, 1060065, 1069,"  102ce0:	e51b300c 	ldr	r3, [fp, #-12]",benign, 599, 203, 10214, 2, 6855, 2707, 0, 572, 759, 0, 223, 54067, 555, 3, 44, 7800, 372, 416, 4, 33067, 11086, 21353, 0, 0, 32, 5484, 4704, 9649, 82, 0, 0, 19, 24, 144, 2, 55225, 46479, 49689, 1, 0, 0, 325,-
123,r3,13, 1056617, 1070,"  101f68:	e51b300c 	ldr	r3, [fp, #-12]",benign, 598, 204, 10229, 2, 6856, 2706, 0, 572, 760, 0, 223, 54350, 555, 3, 45, 8105, 393, 422, 3, 32566, 10602, 21325, 0, 0, 32, 5228, 4920, 9633, 81, 0, 0, 19, 24, 181, 2, 55261, 46717, 49867, 1, 0, 0, 316,-
124,r0,11, 1052397, 1074,"  100eec:	e1a02de3 	ror	r2, r3, #27",benign, 567, 167, 10222, 2, 6856, 2706, 0, 572, 760, 0, 227, 54521, 555, 3, 45, 7916, 595, 414, 3, 32988, 10936, 21301, 0, 0, 32, 5277, 4885, 9638, 80, 0, 0, 19, 23, 136, 2, 54682, 46636, 49783, 1, 0, 0, 316,-
125,r3,31, 1060763, 1069,"  102f98:	e5832018 	str	r2, [r3, #24]",benign, 560, 169, 10211, 2, 6851, 2706, 0, 572, 759, 0, 222, 54887, 555, 3, 46, 8134, 433, 471, 3, 32882, 10855, 21316, 0, 0, 32, 5283, 4846, 9646, 82, 0, 0, 19, 24, 134, 2, 54834, 46647, 49819, 1, 0, 0, 322,-
126,r2,5, 1057599, 1071,"  10233c:	e50b3010 	str	r3, [fp, #-16]",benign, 564, 166, 10215, 2, 6858, 2706, 0, 572, 760, 0, 228, 54577, 555, 3, 44, 7912, 594, 417, 4, 32861, 10914, 21306, 0, 0, 32, 5683, 4887, 9643, 83, 0, 0, 19, 24, 133, 2, 55365, 46363, 49518, 1, 0, 0, 323,-
127,r0,17, 1054097, 1070,"  101590:	e50b3020 	str	r3, [fp, #-32]	; 0xffffffe0",benign, 571, 167, 10209, 2, 6857, 2710, 0, 572, 760, 0, 224, 54285, 555, 3, 46, 7829, 429, 420, 5, 33137, 11189, 21333, 0, 0, 32, 5538, 4750, 9646, 82, 0, 0, 19, 25, 136, 2, 55048, 46753, 49922, 1, 0, 0, 373,-
128,r3,22, 1060667, 1071,"  102f38:	e3023301 	movw	r3, #8961	; 0x2301",benign, 553, 159, 10222, 2, 6855, 2708, 0, 572, 759, 0, 226, 54062, 555, 3, 46, 8115, 367, 463, 3, 32843, 10806, 21319, 0, 0, 32, 5471, 4703, 9649, 83, 0, 0, 19, 25, 136, 2, 54785, 46405, 49573, 1, 0, 0, 316,-
129,r3,9, 1054751, 1067,"  10181c:	e51b3018 	ldr	r3, [fp, #-24]	; 0xffffffe8",benign, 562, 166, 10209, 2, 6859, 2710, 0, 572, 759, 0, 223, 54015, 555, 3, 45, 7825, 523, 416, 4, 32751, 10836, 21319, 0, 0, 32, 5529, 4744, 9642, 82, 0, 0, 19, 24, 136, 2, 54799, 47356, 50552, 1, 0, 0, 325,-
130,r0,27, 1054392, 1069,"  1016b8:	e51b301c 	ldr	r3, [fp, #-28]	; 0xffffffe4",benign, 554, 168, 10232, 2, 6860, 2708, 0, 572, 760, 0, 223, 54264, 555, 3, 47, 7791, 609, 416, 3, 32813, 10833, 21307, 0, 0, 32, 5518, 4740, 9646, 81, 0, 0, 19, 24, 127, 2, 55537, 46555, 49760, 1, 0, 0, 323,-
131,r0,10, 1052147, 1072,"  100df0:	e51b3020 	ldr	r3, [fp, #-32]	; 0xffffffe0",benign, 567, 166, 10213, 2, 6855, 2714, 0, 572, 760, 0, 224, 54414, 555, 3, 46, 8156, 394, 413, 3, 32599, 10597, 21315, 0, 0, 32, 5077, 5187, 9643, 84, 0, 0, 19, 22, 136, 2, 55120, 46819, 49988, 1, 0, 0, 316,-
132,r0,16, 1056665, 1071,"  101f98:	e51b301c 	ldr	r3, [fp, #-28]	; 0xffffffe4",benign, 566, 169, 10219, 2, 6855, 2710, 0, 572, 759, 0, 223, 54275, 555, 3, 46, 7755, 367, 408, 4, 32922, 10927, 21349, 0, 0, 32, 5484, 4679, 9637, 81, 0, 0, 19, 23, 137, 2, 55125, 46533, 49664, 1, 0, 0, 373,-
133,r3,9, 1053214, 1074,"  10121c:	e50b3014 	str	r3, [fp, #-20]	; 0xffffffec",benign, 774, 379, 10218, 2, 6858, 2709, 0, 572, 759, 0, 222, 54618, 555, 3, 45, 8236, 351, 417, 4, 33310, 10961, 21340, 0, 0, 32, 5481, 4692, 9650, 82, 0, 0, 19, 24, 127, 2, 54801, 46764, 49902, 1, 0, 0, 358,-
134,r2,24, 1057509, 1067,"  1022e4:	e0011003 	and	r1, r1, r3",benign, 571, 173, 10215, 2, 6859, 2711, 0, 572, 759, 0, 226, 54303, 555, 3, 46, 7901, 357, 416, 4, 33005, 10836, 21350, 0, 0, 32, 5673, 4896, 9635, 82, 0, 0, 19, 23, 123, 2, 55247, 46486, 49679, 1, 0, 0, 323,-
135,r0,28, 1060057, 1070,"  102cd8:	e1a03163 	ror	r3, r3, #2",benign, 565, 167, 10227, 2, 6862, 2709, 0, 572, 759, 0, 225, 54463, 555, 3, 46, 7819, 589, 416, 4, 32823, 10671, 21390, 0, 0, 32, 5477, 4681, 9654, 82, 0, 0, 19, 23, 126, 2, 54698, 46860, 50177, 1, 0, 0, 324,-
136,r3,18, 1061006, 1065,"  10308c:	e1a00003 	mov	r0, r3",benign, 548, 159, 10212, 2, 6859, 2711, 0, 572, 759, 0, 231, 54355, 555, 3, 45, 7728, 367, 465, 4, 32906, 10785, 21318, 0, 0, 32, 5474, 4694, 9648, 82, 0, 0, 19, 25, 126, 2, 55051, 46439, 49656, 1, 0, 0, 324,-
137,r1,6, 1059958, 1066,"  102c74:	e51b300c 	ldr	r3, [fp, #-12]",benign, 560, 167, 10225, 2, 6857, 2708, 0, 572, 760, 0, 228, 54113, 555, 3, 47, 8011, 442, 406, 3, 32728, 10694, 21295, 0, 0, 32, 5491, 4679, 9646, 81, 0, 0, 19, 23, 134, 2, 54947, 46744, 49906, 1, 0, 0, 323,-
138,r3,31, 1059242, 1072,"  1029a8:	e0233001 	eor	r3, r3, r1",benign, 606, 218, 10222, 2, 6861, 2708, 0, 572, 760, 0, 220, 54338, 555, 3, 46, 7878, 350, 418, 4, 32664, 10527, 21310, 0, 0, 32, 5349, 4947, 9668, 84, 0, 0, 19, 24, 134, 2, 54761, 46794, 50032, 1, 0, 0, 322,-
139,r0,26, 1055464, 1071,"  101ae8:	e0233001 	eor	r3, r3, r1",benign, 564, 167, 10213, 2, 6856, 2711, 0, 572, 760, 0, 224, 54583, 555, 3, 46, 8096, 367, 426, 4, 32644, 10708, 21323, 0, 0, 32, 5478, 4696, 9648, 79, 0, 0, 19, 25, 142, 2, 55256, 46904, 50131, 1, 0, 0, 373,-
140,r3,10, 1059198, 1070,"  10297c:	e50b3014 	str	r3, [fp, #-20]	; 0xffffffec",benign, 613, 214, 10219, 2, 6854, 2709, 0, 572, 760, 0, 226, 54030, 555, 3, 45, 7901, 343, 416, 3, 32503, 10535, 21311, 0, 0, 32, 5278, 4896, 9650, 82, 0, 0, 19, 24, 134, 2, 55144, 46510, 49773, 1, 0, 0, 373,-
141,r0,22, 1061391, 1068,"  10320c:	31a03003 	movcc	r3, r3",benign, 607, 217, 10212, 2, 6858, 2710, 0, 572, 759, 0, 229, 54197, 555, 3, 46, 7973, 366, 428, 4, 33102, 10856, 21353, 0, 0, 32, 5485, 4683, 9647, 80, 0, 0, 19, 22, 126, 2, 54553, 46394, 49578, 1, 0, 0, 322,-
142,r3,5, 1057229, 1070,"  1021cc:	e51b3020 	ldr	r3, [fp, #-32]	; 0xffffffe0",benign, 564, 164, 10228, 2, 6855, 2706, 0, 572, 760, 0, 228, 54714, 555, 3, 46, 8167, 366, 424, 4, 32993, 10587, 21285, 0, 0, 32, 5282, 4884, 9662, 83, 0, 0, 19, 24, 127, 2, 54726, 46716, 49875, 1, 0, 0, 372,-
143,r3,8, 1052177, 1067,"  100e10:	e1e00003 	mvn	r0, r3",benign, 753, 366, 10223, 2, 6855, 2706, 0, 572, 759, 0, 223, 54420, 555, 3, 44, 7631, 364, 425, 5, 33175, 11009, 21333, 0, 0, 32, 5485, 4688, 9640, 81, 0, 0, 19, 24, 189, 2, 55228, 46746, 49904, 1, 0, 0, 316,-
144,r3,28, 1055335, 1072,"  101a64:	e51b300c 	ldr	r3, [fp, #-12]",benign, 565, 167, 10223, 2, 6863, 2708, 0, 572, 760, 0, 221, 54676, 555, 3, 45, 7730, 368, 415, 3, 32512, 10622, 21358, 0, 0, 32, 5480, 4670, 9660, 80, 0, 0, 19, 25, 127, 2, 54929, 46634, 49764, 1, 0, 0, 322,-
145,r3,17, 1058248, 1073,"  1025c8:	e51b3010 	ldr	r3, [fp, #-16]",benign, 557, 165, 10216, 2, 6852, 2708, 0, 572, 760, 0, 223, 54039, 555, 3, 46, 7713, 382, 462, 4, 33149, 11182, 21356, 0, 0, 32, 5285, 4981, 9639, 82, 0, 0, 19, 24, 127, 2, 54786, 46384, 49547, 1, 0, 0, 333,-
146,r1,26, 1052669, 1068,"  100ffc:	e1813003 	orr	r3, r1, r3",benign, 568, 164, 10223, 2, 6854, 2707, 0, 572, 760, 0, 223, 54388, 555, 3, 46, 7831, 368, 418, 3, 32582, 10651, 21338, 0, 0, 32, 5344, 4941, 9640, 82, 0, 0, 19, 23, 126, 2, 54575, 46783, 50093, 1, 0, 0, 316,-
147,r0,22, 1057820, 1071,"  10241c:	e51b3014 	ldr	r3, [fp, #-20]	; 0xffffffec",benign, 562, 168, 10220, 2, 6855, 2705, 0, 572, 760, 0, 226, 53989, 555, 3, 45, 8030, 571, 414, 4, 32614, 10478, 21323, 0, 0, 32, 5258, 4980, 9643, 79, 0, 0, 19, 24, 134, 2, 55041, 46477, 49643, 1, 0, 0, 320,-
148,r2,28, 1051030, 1074,"  100994:	e2833006 	add	r3, r3, #6",benign, 558, 168, 10218, 2, 6855, 2707, 0, 572, 760, 0, 225, 54453, 555, 3, 45, 7796, 390, 428, 3, 32461, 10483, 21343, 0, 0, 32, 5497, 4677, 9653, 82, 0, 0, 19, 24, 137, 2, 54638, 46770, 50017, 1, 0, 0, 324,-
149,r3,17, 1053228, 1072,"  10122c:	e50b300c 	str	r3, [fp, #-12]",benign, 564, 167, 10230, 2, 6860, 2708, 0, 572, 759, 0, 226, 54084, 555, 3, 46, 8043, 368, 425, 3, 32759, 10802, 21341, 0, 0, 32, 5484, 4681, 9650, 82, 0, 0, 19, 25, 134, 2, 54968, 46727, 49871, 1, 0, 0, 316,-
150,r3,15, 1059042, 1068,"  1028e0:	e51b3058 	ldr	r3, [fp, #-88]	; 0xffffffa8",benign, 563, 166, 10226, 2, 6852, 2708, 0, 572, 760, 0, 225, 54211, 555, 3, 46, 7740, 379, 418, 3, 32895, 10855, 21292, 0, 0, 32, 5045, 5134, 9650, 81, 0, 0, 19, 25, 134, 2, 54816, 46849, 50112, 1, 0, 0, 359,-
151,r0,28, 1053707, 1072,"  101408:	e51b3020 	ldr	r3, [fp, #-32]	; 0xffffffe0",benign, 566, 169, 10224, 2, 6858, 2705, 0, 572, 759, 0, 228, 54831, 555, 3, 46, 7809, 387, 465, 6, 32816, 10794, 21356, 0, 0, 32, 5488, 4673, 9661, 83, 0, 0, 19, 26, 136, 2, 54640, 46515, 49727, 1, 0, 0, 324,-
152,r1,30, 1051064, 1068,"  1009b8:	e51b3008 	ldr	r3, [fp, #-8]",benign, 593, 203, 10201, 2, 6858, 2709, 0, 572, 759, 0, 229, 54485, 555, 3, 44, 7873, 368, 418, 5, 32888, 10924, 21348, 0, 0, 32, 5488, 4695, 9646, 82, 0, 0, 19, 25, 127, 2, 55181, 46784, 50080, 1, 0, 0, 324,-
153,r2,9, 1059097, 1071,"  102918:	e50b3010 	str	r3, [fp, #-16]",benign, 565, 164, 10213, 2, 6855, 2707, 0, 572, 760, 0, 226, 54143, 555, 3, 45, 7748, 368, 414, 4, 32869, 10707, 21309, 0, 0, 32, 5487, 4685, 9640, 80, 0, 0, 19, 25, 135, 2, 55121, 46796, 49887, 1, 0, 0, 323,-
154,r3,18, 1055275, 1071,"  101a28:	e30e3ba1 	movw	r3, #60321	; 0xeba1",benign, 564, 167, 10219, 2, 6854, 2707, 0, 572, 759, 0, 221, 54540, 555, 3, 46, 7894, 368, 466, 4, 32639, 10596, 21305, 0, 0, 32, 5249, 4948, 9649, 82, 0, 0, 19, 26, 137, 2, 54951, 46866, 49993, 1, 0, 0, 325,-
155,r2,1, 1060662, 1068,"  102f34:	e51b2008 	ldr	r2, [fp, #-8]",benign, 556, 167, 10222, 2, 6860, 2709, 0, 572, 760, 0, 228, 54321, 555, 3, 46, 8221, 368, 452, 4, 32843, 10824, 21320, 0, 0, 32, 5483, 4693, 9638, 80, 0, 0, 19, 24, 136, 2, 55303, 46980, 50292, 1, 0, 0, 322,-
156,r0,2, 1060591, 1074,"  102eec:	e593200c 	ldr	r2, [r3, #12]",benign, 564, 167, 10223, 2, 6858, 2710, 0, 572, 759, 0, 223, 54554, 555, 3, 48, 7955, 439, 420, 3, 33204, 11306, 21345, 0, 0, 32, 5529, 4747, 9648, 82, 0, 0, 19, 24, 136, 2, 55056, 46662, 49889, 1, 0, 0, 323,-
157,r3,7, 1051920, 1071,"  100d10:	e51b1010 	ldr	r1, [fp, #-16]",benign, 575, 166, 10230, 2, 6859, 2710, 0, 572, 759, 0, 223, 54097, 555, 3, 48, 8097, 638, 469, 4, 33034, 11058, 21330, 0, 0, 32, 5042, 5130, 9644, 79, 0, 0, 19, 23, 135, 2, 55134, 46997, 50448, 1, 0, 0, 325,-
158,r3,8, 1056861, 1069,"  10205c:	e50b300c 	str	r3, [fp, #-12]",benign, 608, 215, 10233, 2, 6861, 2708, 0, 572, 760, 0, 223, 54000, 555, 3, 46, 8038, 344, 412, 3, 32654, 10472, 21318, 0, 0, 32, 5277, 4981, 9640, 81, 0, 0, 18, 22, 124, 2, 55358, 46926, 50352, 1, 0, 0, 324,-
159,r0,5, 1060006, 1074,"  102ca4:	e51b301c 	ldr	r3, [fp, #-28]	; 0xffffffe4",benign, 568, 174, 10211, 2, 6858, 2712, 0, 572, 759, 0, 227, 54271, 555, 3, 44, 7778, 368, 418, 4, 32613, 10650, 21334, 0, 0, 32, 5244, 4948, 9644, 85, 0, 0, 19, 24, 136, 2, 55239, 46957, 50148, 1, 0, 0, 371,-
160,r2,16, 1052001, 1075,"  100d60:	e50b3018 	str	r3, [fp, #-24]	; 0xffffffe8",benign, 617, 216, 10211, 2, 6851, 2709, 0, 572, 759, 0, 223, 54733, 555, 3, 44, 8173, 365, 416, 4, 32705, 10729, 21317, 0, 0, 32, 5271, 4986, 9640, 81, 0, 0, 19, 25, 137, 2, 54827, 46406, 49546, 1, 0, 0, 323,-
161,r1,19, 1060370, 1067,"  102e10:	e51b3014 	ldr	r3, [fp, #-20]	; 0xffffffec",benign, 572, 166, 10213, 2, 6858, 2709, 0, 572, 759, 0, 225, 54644, 555, 3, 45, 7789, 357, 415, 5, 33058, 10868, 21324, 0, 0, 32, 5526, 4731, 9632, 78, 0, 0, 19, 24, 127, 2, 55191, 46631, 49805, 1, 0, 0, 316,-
162,r2,24, 1060236, 1070,"  102d8c:	e30c31d6 	movw	r3, #49622	; 0xc1d6",benign, 622, 216, 10226, 2, 6854, 2706, 0, 572, 760, 0, 224, 54707, 555, 3, 47, 7736, 441, 420, 4, 32992, 10997, 21351, 0, 0, 32, 5300, 4887, 9642, 80, 0, 0, 19, 24, 134, 2, 54730, 46469, 49638, 1, 0, 0, 321,-
163,r3,23, 1053971, 1071,"  101510:	e51b3108 	ldr	r3, [fp, #-264]	; 0xfffffef8",benign, 568, 167, 10217, 2, 6857, 2709, 0, 572, 760, 0, 220, 53964, 555, 3, 45, 8195, 360, 422, 5, 33244, 11264, 21312, 0, 0, 32, 5533, 4637, 9641, 81, 0, 0, 19, 24, 126, 2, 55275, 47039, 50347, 1, 0, 0, 323,-
164,r1,21, 1051618, 1068,"  100be0:	e3453a82 	movt	r3, #23170	; 0x5a82",benign, 564, 166, 10214, 2, 6854, 2709, 0, 572, 759, 0, 216, 54414, 555, 3, 46, 8057, 365, 415, 3, 32867, 10888, 21271, 0, 0, 32, 5213, 4933, 9633, 83, 0, 0, 19, 24, 127, 2, 54824, 46498, 49625, 1, 0, 0, 321,-
165,r2,31, 1053217, 1077,"  101220:	e51b300c 	ldr	r3, [fp, #-12]",benign, 553, 160, 10220, 2, 6858, 2705, 0, 572, 760, 0, 227, 54166, 555, 3, 45, 7907, 547, 416, 4, 32620, 10714, 21322, 0, 0, 32, 5483, 4688, 9641, 80, 0, 0, 19, 24, 126, 2, 55167, 46436, 49596, 1, 0, 0, 316,-
166,r0,29, 1054757, 1068,"  101824:	e51b3014 	ldr	r3, [fp, #-20]	; 0xffffffec",benign, 559, 159, 10208, 2, 6855, 2708, 0, 572, 760, 0, 228, 54361, 555, 3, 45, 8121, 348, 416, 4, 32812, 10918, 21319, 0, 0, 32, 5598, 4681, 9648, 82, 0, 0, 19, 25, 133, 2, 54529, 46900, 50115, 1, 0, 0, 319,-
167,r2,31, 1060948, 1069,"  103054:	ebfff642 	bl	100964 <sha_transform>",benign, 566, 167, 10215, 2, 6858, 2708, 0, 572, 760, 0, 233, 54213, 555, 3, 48, 8341, 374, 468, 3, 32810, 10868, 21295, 0, 0, 32, 5224, 4955, 9646, 84, 0, 0, 19, 23, 134, 2, 54873, 46998, 50385, 1, 0, 0, 324,-
168,r0,10, 1057961, 1072,"  1024a8:	e50b3014 	str	r3, [fp, #-20]	; 0xffffffec",benign, 553, 166, 10233, 2, 6857, 2708, 0, 572, 760, 0, 227, 54067, 555, 3, 47, 7719, 453, 424, 4, 33025, 10822, 21333, 0, 0, 32, 5232, 4912, 9650, 78, 0, 0, 19, 24, 181, 2, 54903, 46518, 49702, 1, 0, 0, 316,-
169,r2,25, 1056482, 1067,"  101ee0:	e50b3010 	str	r3, [fp, #-16]",benign, 627, 218, 10222, 2, 6857, 2707, 0, 572, 760, 0, 224, 54146, 555, 3, 46, 7805, 366, 474, 5, 33108, 10953, 21325, 0, 0, 32, 5485, 4686, 9639, 81, 0, 0, 19, 23, 127, 2, 54626, 46620, 49857, 1, 0, 0, 380,-
170,r2,16, 1055747, 1073,"  101c00:	e50b3014 	str	r3, [fp, #-20]	; 0xffffffec",benign, 565, 160, 10226, 2, 6855, 2707, 0, 572, 759, 0, 226, 54625, 555, 3, 45, 7732, 366, 426, 4, 33087, 10855, 21300, 0, 0, 32, 5503, 4744, 9643, 80, 0, 0, 19, 23, 135, 2, 55223, 46563, 49735, 1, 0, 0, 325,-
171,r1,24, 1061349, 1069,"  1031e4:	ebffff4e 	bl	102f24 <sha_init>",benign, 607, 217, 10216, 2, 6853, 2710, 0, 572, 760, 0, 222, 54240, 555, 3, 46, 7911, 365, 416, 4, 32565, 10545, 21335, 0, 0, 32, 5479, 4683, 9642, 80, 0, 0, 19, 24, 133, 2, 55004, 46662, 49865, 1, 0, 0, 325,-
172,r2,11, 1060668, 1070,"  102f3c:	e3463745 	movt	r3, #26437	; 0x6745",benign, 597, 203, 10205, 2, 6863, 2709, 0, 572, 760, 0, 222, 54464, 555, 3, 46, 8131, 534, 443, 4, 33107, 11069, 21291, 0, 0, 32, 5534, 4747, 9654, 82, 0, 0, 19, 23, 124, 2, 54844, 46901, 50019, 1, 0, 0, 324,-
173,r1,27, 1059735, 1064,"  102b94:	e1a03163 	ror	r3, r3, #2",benign, 558, 167, 10211, 2, 6856, 2709, 0, 572, 759, 0, 221, 54134, 555, 3, 44, 7962, 561, 467, 4, 32546, 10620, 21334, 0, 0, 32, 5474, 4686, 9648, 79, 0, 0, 19, 23, 127, 2, 54681, 47007, 50363, 1, 0, 0, 324,-
174,r1,4, 1056952, 1071,"  1020b8:	e51b3014 	ldr	r3, [fp, #-20]	; 0xffffffec",benign, 555, 159, 10216, 2, 6859, 2711, 0, 572, 759, 0, 227, 53958, 555, 3, 45, 8280, 329, 413, 4, 32740, 10693, 21376, 0, 0, 32, 5231, 4939, 9638, 82, 0, 0, 19, 23, 127, 2, 54998, 46972, 50115, 1, 0, 0, 355,-
175,r2,16, 1059835, 1070,"  102bf8:	e50b3018 	str	r3, [fp, #-24]	; 0xffffffe8",benign, 616, 216, 10213, 2, 6860, 2709, 0, 572, 760, 0, 227, 54179, 555, 3, 45, 7872, 366, 415, 4, 32696, 10766, 21378, 0, 0, 32, 5274, 4880, 9643, 82, 0, 0, 19, 21, 135, 2, 54853, 46587, 49822, 1, 0, 0, 326,-
176,r3,30, 1057386, 1072,"  102268:	e0011003 	and	r1, r1, r3",benign, 570, 169, 10213, 2, 6852, 2706, 0, 572, 760, 0, 229, 54463, 555, 3, 44, 8002, 366, 425, 5, 33088, 11107, 21323, 0, 0, 32, 5544, 4645, 9651, 82, 0, 0, 19, 24, 145, 2, 55126, 46563, 49715, 1, 0, 0, 354,-
177,r2,12, 1055273, 1071,"  101a28:	e30e3ba1 	movw	r3, #60321	; 0xeba1",benign, 557, 160, 10214, 2, 6854, 2710, 0, 572, 760, 0, 225, 54578, 555, 3, 45, 7818, 367, 425, 4, 33374, 11456, 21297, 0, 0, 32, 5240, 4944, 9638, 78, 0, 0, 19, 25, 180, 2, 55362, 46718, 49924, 1, 0, 0, 325,-
178,r1,13, 1055498, 1075,"  101b08:	e0823003 	add	r3, r2, r3",benign, 609, 214, 10207, 2, 6852, 2709, 0, 572, 760, 0, 222, 54322, 555, 3, 46, 7855, 367, 422, 4, 32768, 10744, 21370, 0, 0, 32, 5321, 4918, 9634, 82, 0, 0, 19, 25, 136, 2, 54751, 46443, 49632, 1, 0, 0, 330,-
179,r0,17, 1054699, 1074,"  1017e8:	e51b3014 	ldr	r3, [fp, #-20]	; 0xffffffec",benign, 561, 159, 10205, 2, 6856, 2711, 0, 572, 760, 0, 228, 54536, 555, 3, 44, 8146, 376, 464, 4, 32812, 10788, 21325, 0, 0, 32, 5271, 4891, 9634, 79, 0, 0, 19, 24, 180, 2, 55155, 46978, 50133, 1, 0, 0, 358,-
180,r3,8, 1052374, 1069,"  100ed4:	e50b3014 	str	r3, [fp, #-20]	; 0xffffffec",benign, 553, 159, 10222, 2, 6860, 2706, 1, 572, 760, 0, 222, 53910, 555, 3, 45, 7965, 357, 425, 4, 32906, 10859, 21292, 0, 0, 32, 5278, 4882, 9643, 83, 0, 0, 19, 24, 127, 2, 54613, 46603, 49752, 1, 0, 0, 372,-
181,r1,18, 1053945, 1068,"  1014f8:	e0211003 	eor	r1, r1, r3",benign, 555, 164, 10227, 2, 6857, 2711, 0, 572, 759, 0, 218, 54065, 555, 3, 47, 8138, 407, 472, 6, 32990, 10895, 21292, 0, 0, 32, 5486, 4674, 9642, 82, 0, 0, 19, 25, 127, 2, 54765, 46869, 50053, 1, 0, 0, 321,-
182,r3,7, 1053576, 1070,"  101388:	e51b300c 	ldr	r3, [fp, #-12]",benign, 612, 216, 10226, 2, 6864, 2709, 0, 572, 760, 0, 228, 54141, 555, 3, 45, 8115, 365, 419, 3, 32876, 10863, 21292, 0, 0, 32, 5272, 4885, 9657, 81, 0, 0, 19, 24, 127, 2, 55113, 46455, 49644, 1, 0, 0, 371,-
183,r3,9, 1056001, 1066,"  101d00:	e1a02de3 	ror	r2, r3, #27",benign, 563, 164, 10225, 2, 6861, 2709, 0, 572, 760, 0, 220, 54307, 555, 3, 47, 7723, 372, 426, 5, 32573, 10599, 21345, 0, 0, 32, 5239, 4936, 9641, 83, 0, 0, 19, 23, 133, 2, 54757, 46567, 49709, 1, 0, 0, 323,-
184,r3,21, 1059394, 1069,"  102a40:	e50b301c 	str	r3, [fp, #-28]	; 0xffffffe4",benign, 560, 167, 10229, 2, 6863, 2707, 0, 572, 759, 0, 223, 54004, 555, 3, 46, 7808, 350, 418, 3, 32619, 10627, 21341, 0, 0, 32, 5472, 4674, 9644, 82, 0, 0, 19, 23, 136, 2, 55036, 46593, 49726, 1, 0, 0, 316,-
185,r1,9, 1058271, 1073,"  1025dc:	e1813003 	orr	r3, r1, r3",benign, 563, 162, 10213, 2, 6864, 2712, 0, 572, 760, 0, 224, 54274, 555, 3, 46, 7967, 368, 426, 3, 32922, 10669, 21338, 0, 0, 32, 5346, 4923, 9642, 79, 0, 0, 19, 23, 127, 2, 54669, 46758, 49983, 1, 0, 0, 319,-
186,r1,29, 1057581, 1070,"  10232c:	e51b3010 	ldr	r3, [fp, #-16]",benign, 566, 168, 10230, 2, 6857, 2706, 0, 572, 759, 0, 227, 54918, 555, 3, 45, 7804, 426, 422, 4, 32740, 10708, 21351, 0, 0, 32, 5489, 4685, 9646, 84, 0, 0, 19, 24, 136, 2, 54943, 46530, 49636, 1, 0, 0, 326,-
187,r3,16, 1057227, 1067,"  1021c8:	e50b3010 	str	r3, [fp, #-16]",benign, 571, 167, 10214, 2, 6859, 2707, 0, 572, 760, 0, 224, 54090, 555, 3, 46, 8011, 376, 427, 3, 32939, 10708, 21348, 0, 0, 32, 5477, 4701, 9655, 85, 0, 0, 19, 25, 127, 2, 54944, 46759, 49961, 1, 0, 0, 316,-
188,r1,11, 1058114, 1070,"  102540:	e51b1014 	ldr	r1, [fp, #-20]	; 0xffffffec",benign, 566, 169, 10214, 2, 6853, 2709, 0, 572, 760, 0, 224, 54060, 555, 3, 46, 7970, 367, 412, 3, 33398, 11465, 21343, 0, 0, 32, 5288, 4885, 9639, 82, 0, 0, 19, 23, 127, 2, 55347, 46644, 49804, 1, 0, 0, 321,-
189,r2,15, 1058361, 1066,"  102638:	e51b1010 	ldr	r1, [fp, #-16]",benign, 569, 168, 10234, 2, 6864, 2709, 0, 572, 760, 0, 221, 54207, 555, 3, 45, 8047, 374, 408, 5, 33169, 11166, 21313, 0, 0, 32, 5479, 4683, 9633, 79, 0, 0, 19, 25, 127, 2, 54779, 46685, 49848, 1, 0, 0, 316,-
190,r3,27, 1061274, 1069,"  103198:	e8bd8800 	pop	{fp, pc}",benign, 566, 164, 10229, 2, 6860, 2708, 0, 572, 759, 0, 223, 54229, 555, 3, 46, 7854, 348, 451, 4, 32663, 10607, 21314, 0, 0, 32, 5479, 4708, 9656, 82, 0, 0, 19, 25, 133, 2, 55014, 46999, 50366, 1, 0, 0, 373,-
191,r1,7, 1057693, 1071,"  10239c:	e50b301c 	str	r3, [fp, #-28]	; 0xffffffe4",benign, 562, 167, 10228, 2, 6857, 2708, 0, 572, 760, 0, 227, 54613, 555, 3, 46, 7967, 366, 410, 4, 33099, 11087, 21330, 0, 0, 32, 5477, 4704, 9640, 82, 0, 0, 19, 24, 135, 2, 55105, 46622, 49717, 1, 0, 0, 322,-
192,r2,13, 1059910, 1073,"  102c44:	e0822003 	add	r2, r2, r3",benign, 569, 163, 10198, 2, 6847, 2710, 0, 572, 760, 0, 228, 54457, 555, 3, 44, 8469, 334, 463, 3, 32772, 10841, 21342, 0, 0, 32, 5293, 4874, 9651, 82, 0, 0, 19, 24, 126, 2, 54701, 46449, 49582, 1, 0, 0, 322,-
193,r2,31, 1056988, 1066,"  1020dc:	e51b300c 	ldr	r3, [fp, #-12]",benign, 571, 172, 10224, 2, 6852, 2707, 0, 572, 760, 0, 227, 54219, 555, 3, 47, 7880, 446, 424, 3, 32603, 10666, 21335, 0, 0, 32, 5473, 4697, 9656, 81, 0, 0, 19, 23, 128, 2, 54758, 46309, 49535, 1, 0, 0, 373,-
194,r2,24, 1057898, 1075,"  102468:	e1813003 	orr	r3, r1, r3",benign, 564, 170, 10216, 2, 6864, 2713, 0, 572, 760, 0, 220, 53907, 555, 3, 46, 7922, 632, 422, 3, 32691, 10773, 21336, 0, 0, 32, 5490, 4706, 9649, 81, 0, 0, 19, 24, 136, 2, 54819, 47228, 50464, 1, 0, 0, 372,-
195,r0,23, 1058124, 1068,"  10254c:	e51b3010 	ldr	r3, [fp, #-16]",benign, 616, 216, 10232, 2, 6868, 2707, 0, 572, 759, 0, 226, 54818, 555, 3, 48, 7769, 413, 415, 5, 32742, 10760, 21360, 0, 0, 32, 5484, 4687, 9645, 80, 0, 0, 19, 24, 127, 2, 54938, 46317, 49526, 1, 0, 0, 323,-
196,r2,21, 1058769, 1070,"  1027d0:	e51b300c 	ldr	r3, [fp, #-12]",benign, 560, 162, 10217, 2, 6858, 2711, 0, 572, 759, 0, 226, 54414, 555, 3, 47, 8097, 370, 415, 5, 33075, 11052, 21292, 0, 0, 32, 5492, 4690, 9653, 82, 0, 0, 19, 23, 145, 2, 55304, 46796, 50084, 1, 0, 0, 323,-
197,r2,9, 1058152, 1073,"  102568:	e51b301c 	ldr	r3, [fp, #-28]	; 0xffffffe4",benign, 551, 160, 10214, 2, 6853, 2710, 0, 572, 759, 0, 224, 54530, 555, 3, 47, 8566, 442, 472, 4, 33244, 11197, 21319, 0, 0, 32, 5272, 5006, 9660, 83, 0, 0, 19, 24, 127, 2, 55052, 46545, 49740, 1, 0, 0, 316,-
198,r0,2, 1059123, 1072,"  102930:	e51b3014 	ldr	r3, [fp, #-20]	; 0xffffffec",benign, 565, 167, 10205, 2, 6857, 2707, 0, 572, 760, 0, 220, 53984, 555, 3, 47, 8279, 344, 469, 4, 32978, 10959, 21309, 0, 0, 32, 5512, 4719, 9646, 82, 0, 0, 19, 25, 126, 2, 55099, 46713, 49807, 1, 0, 0, 323,-
199,r1,14, 1056518, 1069,"  101f04:	e0011003 	and	r1, r1, r3",benign, 577, 168, 10230, 2, 6857, 2708, 0, 572, 759, 0, 223, 54077, 555, 3, 46, 7850, 429, 416, 4, 32803, 10778, 21318, 0, 0, 32, 5474, 4708, 9654, 83, 0, 0, 19, 23, 128, 2, 54795, 47005, 50072, 1, 0, 0, 316,-
200,r3,20, 1056135, 1069,"  101d84:	e51b3018 	ldr	r3, [fp, #-24]	; 0xffffffe8",benign, 568, 176, 10212, 2, 6859, 2709, 0, 572, 759, 0, 224, 54767, 555, 3, 46, 7768, 378, 520, 4, 32722, 10666, 21337, 0, 0, 32, 5275, 4998, 9642, 79, 0, 0, 19, 25, 128, 2, 54990, 46747, 49905, 1, 0, 0, 331,-
201,r0,28, 1058195, 1071,"  102590:	e51b3014 	ldr	r3, [fp, #-20]	; 0xffffffec",benign, 549, 160, 10215, 2, 6854, 2707, 0, 572, 760, 0, 221, 54237, 555, 3, 46, 7774, 369, 424, 6, 32722, 10774, 21344, 0, 0, 32, 5346, 4944, 9650, 82, 0, 0, 19, 25, 127, 2, 54997, 47002, 50137, 1, 0, 0, 372,-
202,r1,31, 1060292, 1070,"  102dc4:	e50b300c 	str	r3, [fp, #-12]",benign, 563, 160, 10227, 2, 6858, 2706, 0, 572, 760, 0, 224, 54087, 555, 3, 44, 8060, 594, 425, 5, 33282, 11312, 21346, 0, 0, 32, 5491, 4694, 9644, 82, 0, 0, 19, 24, 126, 2, 54995, 46558, 49739, 1, 0, 0, 323,-
203,r2,14, 1058585, 1074,"  102718:	e0211003 	eor	r1, r1, r3",benign, 559, 160, 10225, 2, 6860, 2708, 0, 572, 760, 0, 222, 53973, 555, 3, 47, 8166, 450, 424, 5, 32617, 10490, 21328, 0, 0, 32, 5233, 4937, 9641, 81, 0, 0, 19, 24, 127, 2, 54796, 46861, 50225, 1, 0, 0, 373,-
204,r2,22, 1056245, 1074,"  101df4:	e51b300c 	ldr	r3, [fp, #-12]",benign, 613, 217, 10222, 2, 6857, 2705, 0, 572, 759, 0, 229, 54524, 555, 3, 45, 8206, 366, 415, 5, 32967, 10901, 21281, 0, 0, 32, 5537, 4760, 9655, 84, 0, 0, 19, 24, 137, 2, 54760, 46523, 49704, 1, 0, 0, 316,-
205,r3,15, 1055803, 1071,"  101c38:	e0822003 	add	r2, r2, r3",benign, 556, 162, 10218, 2, 6853, 2708, 0, 572, 759, 0, 223, 54178, 555, 3, 46, 8406, 376, 415, 4, 32570, 10586, 21289, 0, 0, 32, 5477, 4698, 9658, 83, 0, 0, 19, 24, 137, 2, 54732, 46458, 49606, 1, 0, 0, 323,-
206,r2,18, 1053864, 1068,"  1014a8:	e0822003 	add	r2, r2, r3",benign, 557, 166, 10221, 2, 6855, 2707, 0, 572, 760, 0, 226, 54157, 555, 3, 44, 7803, 343, 474, 5, 32730, 10735, 21333, 0, 0, 32, 5290, 4848, 9632, 78, 0, 0, 19, 25, 126, 2, 54666, 46889, 50221, 1, 0, 0, 323,-
207,r3,21, 1055702, 1072,"  101bd4:	e0822003 	add	r2, r2, r3",benign, 574, 168, 10229, 2, 6855, 2710, 0, 572, 760, 0, 221, 54034, 555, 3, 45, 7881, 366, 460, 4, 33034, 11096, 21328, 0, 0, 32, 5297, 4872, 9637, 81, 0, 0, 19, 24, 128, 2, 55450, 46855, 50013, 1, 0, 0, 323,-
208,r2,26, 1058445, 1073,"  10268c:	e51b300c 	ldr	r3, [fp, #-12]",benign, 565, 168, 10204, 2, 6854, 2708, 0, 572, 760, 0, 223, 54470, 555, 3, 46, 7722, 365, 409, 4, 32855, 10700, 21364, 0, 0, 32, 5479, 4694, 9653, 82, 0, 0, 19, 24, 126, 2, 54635, 46867, 50007, 1, 0, 0, 321,-
209,r2,1, 1057287, 1070,"  102204:	e51b301c 	ldr	r3, [fp, #-28]	; 0xffffffe4",benign, 571, 169, 10228, 2, 6859, 2708, 0, 572, 759, 0, 224, 54824, 555, 3, 45, 8176, 594, 471, 4, 33119, 11191, 21312, 0, 0, 32, 5290, 4888, 9652, 83, 0, 0, 19, 25, 127, 2, 54716, 46732, 49901, 1, 0, 0, 323,-
210,r3,6, 1051131, 1068,"  1009f8:	e2433008 	sub	r3, r3, #8",benign, 559, 159, 10219, 2, 6855, 2707, 0, 572, 759, 0, 228, 54418, 555, 3, 46, 8044, 631, 524, 3, 32674, 10785, 21350, 0, 0, 32, 5293, 4864, 9644, 81, 0, 0, 19, 23, 133, 2, 54693, 46391, 49650, 1, 0, 0, 322,-
211,r2,14, 1059182, 1070,"  10296c:	e51b3014 	ldr	r3, [fp, #-20]	; 0xffffffec",benign, 558, 159, 10208, 2, 6854, 2710, 0, 572, 760, 0, 228, 54461, 555, 3, 46, 8184, 388, 417, 5, 32505, 10514, 21315, 0, 0, 32, 5223, 4950, 9644, 80, 0, 0, 19, 25, 127, 2, 54648, 46584, 49714, 1, 0, 0, 331,-
212,r3,31, 1051652, 1071,"  100c04:	e50b3014 	str	r3, [fp, #-20]	; 0xffffffec",benign, 570, 162, 10218, 2, 6858, 2709, 0, 572, 760, 0, 232, 54447, 555, 3, 45, 7647, 387, 419, 3, 32589, 10686, 21289, 0, 0, 32, 5335, 4920, 9634, 81, 0, 0, 19, 24, 342, 2, 55498, 46602, 49742, 1, 0, 0, 321,-
213,r1,9, 1055491, 1070,"  101b00:	e30e3ba1 	movw	r3, #60321	; 0xeba1",benign, 559, 165, 10228, 2, 6857, 2707, 0, 572, 760, 0, 225, 54378, 555, 3, 44, 7760, 369, 422, 4, 32580, 10608, 21346, 0, 0, 32, 5485, 4697, 9649, 81, 0, 0, 19, 25, 181, 2, 54752, 46748, 50040, 1, 0, 0, 359,-
214,r1,17, 1060099, 1072,"  102d00:	e0211003 	eor	r1, r1, r3",benign, 559, 160, 10216, 2, 6855, 2708, 0, 572, 759, 0, 219, 54131, 555, 3, 46, 7986, 366, 419, 4, 32999, 10973, 21320, 0, 0, 32, 5473, 4697, 9638, 80, 0, 0, 18, 23, 134, 2, 54976, 46883, 50228, 1, 0, 0, 324,-
215,r1,18, 1051562, 1068,"  100ba8:	e51b1010 	ldr	r1, [fp, #-16]",benign, 563, 166, 10222, 2, 6857, 2709, 0, 572, 760, 0, 220, 54081, 555, 3, 46, 8106, 425, 425, 4, 33058, 11128, 21345, 0, 0, 32, 5494, 4688, 9651, 83, 0, 0, 19, 24, 136, 2, 55366, 47176, 50345, 1, 0, 0, 322,-
216,r1,19, 1056067, 1072,"  101d40:	e3483f1b 	movt	r3, #36635	; 0x8f1b",benign, 563, 166, 10225, 2, 6858, 2709, 0, 572, 760, 0, 227, 54021, 555, 3, 46, 7808, 359, 471, 5, 32798, 10634, 21326, 0, 0, 32, 5523, 4627, 9633, 81, 0, 0, 19, 23, 363, 2, 55333, 46570, 49702, 1, 0, 0, 324,-
217,r2,18, 1056793, 1072,"  102018:	e0822003 	add	r2, r2, r3",benign, 610, 217, 10226, 2, 6857, 2707, 0, 572, 759, 0, 225, 54701, 555, 3, 46, 8128, 350, 417, 3, 32961, 11074, 21291, 0, 0, 32, 5236, 4951, 9642, 82, 0, 0, 19, 23, 143, 2, 55228, 46864, 50207, 1, 0, 0, 322,-
218,r1,15, 1052592, 1072,"  100fb0:	e50b301c 	str	r3, [fp, #-28]	; 0xffffffe4",benign, 602, 203, 10229, 2, 6859, 2705, 0, 572, 760, 0, 222, 54031, 555, 3, 46, 8121, 371, 414, 4, 32910, 10970, 21319, 0, 0, 32, 5490, 4697, 9657, 84, 0, 0, 19, 25, 127, 2, 55528, 46580, 49719, 1, 0, 0, 321,-
219,r1,14, 1056491, 1067,"  101ee8:	e50b300c 	str	r3, [fp, #-12]",benign, 612, 216, 10228, 2, 6859, 2707, 0, 572, 760, 0, 226, 53926, 555, 3, 46, 7816, 374, 418, 5, 33050, 11009, 21296, 0, 0, 32, 5281, 4877, 9642, 82, 0, 0, 19, 25, 127, 2, 54826, 47043, 50265, 1, 0, 0, 316,-
220,r1,1, 1059841, 1069,"  102c00:	e1a03163 	ror	r3, r3, #2",benign, 563, 174, 10212, 2, 6854, 2709, 0, 572, 760, 0, 233, 54138, 555, 3, 44, 7649, 368, 465, 4, 32612, 10596, 21315, 0, 0, 32, 5533, 4754, 9646, 80, 0, 0, 19, 24, 136, 2, 54837, 46569, 49725, 1, 0, 0, 324,-
221,r3,6, 1053078, 1070,"  101194:	e51b3014 	ldr	r3, [fp, #-20]	; 0xffffffec",benign, 561, 166, 10216, 2, 6853, 2705, 0, 572, 760, 0, 225, 54113, 555, 3, 47, 8181, 381, 507, 4, 32492, 10481, 21310, 0, 0, 32, 5531, 4749, 9653, 82, 0, 0, 19, 23, 141, 2, 55110, 46783, 49982, 1, 0, 0, 372,-
222,r1,6, 1059513, 1075,"  102ab8:	e51b3010 	ldr	r3, [fp, #-16]",benign, 560, 166, 10217, 2, 6852, 2709, 0, 572, 760, 0, 218, 54407, 555, 3, 46, 7836, 357, 471, 4, 32716, 10760, 21333, 0, 0, 32, 5493, 4679, 9654, 83, 0, 0, 19, 25, 128, 2, 55232, 46869, 50014, 1, 0, 0, 324,-
223,r2,5, 1060138, 1068,"  102d28:	e0823003 	add	r3, r2, r3",benign, 612, 216, 10210, 2, 6852, 2707, 0, 572, 760, 0, 223, 53945, 555, 3, 46, 8537, 387, 465, 4, 32865, 10911, 21320, 0, 0, 32, 5210, 4951, 9632, 79, 0, 0, 19, 25, 126, 2, 55347, 46561, 49665, 1, 0, 0, 372,-
224,r3,2, 1054967, 1069,"  1018f4:	e51b3018 	ldr	r3, [fp, #-24]	; 0xffffffe8",benign, 567, 167, 10229, 2, 6864, 2707, 0, 572, 759, 0, 220, 54201, 555, 3, 46, 7806, 367, 417, 5, 32691, 10736, 21294, 0, 0, 32, 5479, 4694, 9637, 79, 0, 0, 19, 25, 136, 2, 55399, 46855, 50051, 1, 0, 0, 317,-
225,r1,8, 1057471, 1068,"  1022bc:	e51b300c 	ldr	r3, [fp, #-12]",benign, 558, 163, 10204, 2, 6858, 2711, 0, 572, 760, 0, 225, 54273, 555, 3, 45, 7794, 366, 416, 4, 32686, 10739, 21328, 0, 0, 32, 5290, 4872, 9647, 82, 0, 0, 19, 24, 136, 2, 54882, 46925, 50143, 1, 0, 0, 373,-
226,r3,29, 1058109, 1074,"  10253c:	e1a02de3 	ror	r2, r3, #27",benign, 564, 167, 10209, 2, 6860, 2709, 0, 572, 760, 0, 234, 54714, 555, 3, 47, 7971, 389, 417, 4, 32885, 10850, 21317, 0, 0, 32, 5480, 4699, 9654, 80, 0, 0, 19, 25, 137, 2, 54938, 46518, 49646, 1, 0, 0, 324,-
227,r3,21, 1059907, 1069,"  102c40:	e51b3038 	ldr	r3, [fp, #-56]	; 0xffffffc8",benign, 562, 168, 10232, 2, 6864, 2709, 0, 572, 759, 0, 223, 54454, 555, 3, 46, 7769, 366, 426, 5, 33383, 11258, 21313, 0, 0, 32, 5294, 4887, 9659, 83, 0, 0, 19, 22, 126, 2, 54973, 46861, 50111, 1, 0, 0, 323,-
228,r0,11, 1061050, 1072,"  1030b8:	e50b3008 	str	r3, [fp, #-8]",benign, 557, 159, 10216, 2, 6855, 2709, 0, 572, 760, 0, 225, 54729, 555, 3, 46, 7863, 364, 475, 5, 32641, 10619, 21315, 0, 0, 32, 5490, 4673, 9629, 80, 0, 0, 19, 24, 127, 2, 54807, 46422, 49582, 1, 0, 0, 372,-
229,r2,23, 1061087, 1067,"  1030dc:	e283201c 	add	r2, r3, #28",benign, 563, 167, 10214, 2, 6851, 2707, 0, 572, 760, 0, 227, 54119, 555, 3, 45, 8092, 366, 416, 3, 33165, 11128, 21283, 0, 0, 32, 5321, 4923, 9641, 81, 0, 0, 19, 24, 127, 2, 54702, 46596, 49644, 1, 0, 0, 326,-
230,r0,7, 1053215, 1069,"  10121c:	e50b3014 	str	r3, [fp, #-20]	; 0xffffffec",benign, 613, 215, 10220, 2, 6859, 2707, 0, 572, 760, 0, 220, 54763, 555, 3, 45, 8002, 366, 466, 5, 32611, 10634, 21307, 0, 0, 32, 5292, 4877, 9634, 82, 0, 0, 19, 25, 136, 2, 54754, 46868, 50215, 1, 0, 0, 320,-
231,r2,25, 1055623, 1072,"  101b84:	e51b3014 	ldr	r3, [fp, #-20]	; 0xffffffec",benign, 569, 168, 10224, 2, 6858, 2707, 0, 572, 760, 0, 224, 54309, 555, 3, 46, 8094, 598, 415, 4, 33102, 10757, 21352, 0, 0, 32, 5480, 4689, 9657, 83, 0, 0, 19, 24, 137, 2, 55047, 46433, 49611, 1, 0, 0, 358,-
232,r1,31, 1056935, 1068,"  1020a4:	e3483f1b 	movt	r3, #36635	; 0x8f1b",benign, 558, 160, 10206, 2, 6865, 2713, 0, 572, 760, 0, 229, 54291, 555, 3, 45, 8024, 346, 432, 3, 32711, 10655, 21328, 0, 0, 32, 5520, 4717, 9642, 80, 0, 0, 19, 23, 136, 2, 54917, 46441, 49638, 1, 0, 0, 323,-
233,r1,19, 1057182, 1070,"  10219c:	e3483f1b 	movt	r3, #36635	; 0x8f1b",benign, 551, 166, 10213, 2, 6853, 2710, 0, 572, 760, 0, 226, 54832, 555, 3, 44, 7979, 567, 419, 4, 32982, 10998, 21298, 0, 0, 32, 5491, 4682, 9639, 83, 0, 0, 19, 25, 321, 2, 55420, 46531, 49628, 1, 0, 0, 372,-
234,r3,10, 1058910, 1069,"  10285c:	e0211003 	eor	r1, r1, r3",benign, 558, 160, 10219, 2, 6859, 2709, 0, 572, 759, 0, 219, 54030, 555, 3, 46, 8432, 427, 422, 4, 32957, 10956, 21343, 0, 0, 32, 5484, 4697, 9654, 83, 0, 0, 19, 23, 136, 2, 54648, 46740, 49939, 1, 0, 0, 359,-
235,r3,27, 1054321, 1071,"  101670:	e50b301c 	str	r3, [fp, #-28]	; 0xffffffe4",benign, 785, 390, 10214, 2, 6854, 2707, 0, 572, 760, 0, 229, 54660, 555, 3, 45, 7689, 363, 474, 6, 32971, 10957, 21319, 0, 0, 32, 5545, 4728, 9655, 82, 0, 0, 19, 25, 123, 2, 55421, 46544, 49745, 1, 0, 0, 317,-
236,r2,5, 1052638, 1067,"  100fdc:	e1a02de3 	ror	r2, r3, #27",benign, 572, 166, 10211, 2, 6855, 2710, 0, 572, 760, 0, 224, 54668, 555, 3, 45, 7827, 354, 415, 5, 32940, 10899, 21338, 0, 0, 32, 5477, 4698, 9646, 85, 0, 0, 19, 23, 136, 2, 54757, 46346, 49566, 1, 0, 0, 325,-
237,r2,20, 1055304, 1076,"  101a48:	e51b3010 	ldr	r3, [fp, #-16]",benign, 557, 165, 10230, 2, 6858, 2707, 0, 572, 759, 0, 222, 54200, 555, 3, 46, 7689, 363, 423, 3, 32565, 10592, 21337, 0, 0, 32, 5481, 4688, 9649, 84, 0, 0, 19, 24, 136, 2, 54981, 46933, 50263, 1, 0, 0, 324,-
238,r1,9, 1057388, 1077,"  10226c:	e51b0014 	ldr	r0, [fp, #-20]	; 0xffffffec",benign, 731, 337, 10208, 2, 6850, 2708, 0, 572, 759, 0, 224, 54442, 555, 3, 46, 8087, 376, 415, 4, 33162, 11137, 21311, 0, 0, 32, 5455, 4708, 9647, 80, 0, 0, 19, 24, 126, 2, 54970, 46757, 50041, 1, 0, 0, 361,-
239,r2,17, 1053175, 1069,"  1011f4:	e3073999 	movw	r3, #31129	; 0x7999",benign, 565, 166, 10212, 2, 6853, 2708, 0, 572, 760, 0, 230, 54597, 555, 3, 46, 7711, 369, 422, 4, 32733, 10668, 21325, 0, 0, 32, 5514, 4741, 9653, 82, 0, 0, 19, 25, 126, 2, 54569, 46784, 49965, 1, 0, 0, 360,-
240,r0,19, 1055930, 1075,"  101cb8:	e51b30c0 	ldr	r3, [fp, #-192]	; 0xffffff40",benign, 597, 202, 10210, 2, 6855, 2709, 0, 572, 760, 0, 224, 54510, 555, 3, 48, 7760, 427, 416, 4, 33100, 11075, 21268, 0, 0, 32, 5233, 4945, 9651, 84, 0, 0, 19, 24, 128, 2, 55136, 46988, 50119, 1, 0, 0, 322,-
241,r3,19, 1060512, 1070,"  102ea0:	e51b3168 	ldr	r3, [fp, #-360]	; 0xfffffe98",benign, 564, 167, 10221, 2, 6858, 2710, 0, 572, 760, 0, 222, 54120, 555, 3, 45, 7923, 367, 416, 4, 32560, 10579, 21323, 0, 0, 32, 5246, 4927, 9645, 80, 0, 0, 19, 24, 141, 2, 55250, 46374, 49621, 1, 0, 0, 373,-
242,r3,15, 1053786, 1068,"  101458:	e51b3014 	ldr	r3, [fp, #-20]	; 0xffffffec",benign, 565, 168, 10220, 2, 6861, 2710, 0, 572, 759, 0, 222, 54500, 555, 3, 46, 8108, 365, 418, 4, 32854, 10940, 21327, 0, 0, 32, 5479, 4700, 9631, 80, 0, 0, 19, 24, 127, 2, 54954, 46794, 49983, 1, 0, 0, 324,-
243,r3,15, 1052620, 1074,"  100fcc:	e50b3010 	str	r3, [fp, #-16]",benign, 566, 166, 10220, 2, 6857, 2708, 0, 572, 759, 0, 219, 54047, 555, 3, 46, 7825, 345, 416, 4, 32844, 10790, 21355, 0, 0, 32, 5229, 4924, 9646, 83, 0, 0, 19, 22, 126, 2, 54850, 46359, 49554, 1, 0, 0, 321,-
244,r1,9, 1057655, 1072,"  102374:	e0822003 	add	r2, r2, r3",benign, 558, 159, 10239, 2, 6863, 2709, 0, 572, 759, 0, 217, 53976, 555, 3, 45, 8084, 389, 464, 3, 33183, 11231, 21318, 0, 0, 32, 5486, 4701, 9666, 84, 0, 0, 19, 24, 137, 2, 55206, 46630, 49833, 1, 0, 0, 325,-
245,r3,3, 1057828, 1071,"  102424:	e51b3010 	ldr	r3, [fp, #-16]",benign, 558, 166, 10223, 2, 6856, 2709, 0, 572, 760, 0, 223, 54119, 555, 3, 45, 7742, 368, 408, 5, 33204, 11255, 21331, 0, 0, 32, 5483, 4681, 9647, 81, 0, 0, 19, 24, 137, 2, 55002, 46531, 49687, 1, 0, 0, 372,-
246,r3,31, 1060394, 1070,"  102e28:	e50b3010 	str	r3, [fp, #-16]",benign, 558, 165, 10221, 2, 6855, 2707, 0, 572, 760, 0, 226, 54142, 555, 3, 46, 7904, 428, 422, 4, 32485, 10578, 21310, 0, 0, 32, 5310, 4876, 9637, 81, 0, 0, 19, 23, 180, 2, 54782, 46641, 49813, 1, 0, 0, 323,-
247,r3,7, 1058216, 1073,"  1025a8:	e50b3010 	str	r3, [fp, #-16]",benign, 595, 203, 10219, 2, 6858, 2710, 0, 572, 759, 0, 223, 54292, 555, 3, 46, 7805, 648, 418, 4, 32655, 10609, 21281, 0, 0, 32, 5484, 4698, 9657, 84, 0, 0, 19, 24, 137, 2, 54742, 46593, 49776, 1, 0, 0, 323,-
248,r0,13, 1052559, 1072,"  100f8c:	e51b301c 	ldr	r3, [fp, #-28]	; 0xffffffe4",benign, 563, 166, 10207, 2, 6859, 2712, 0, 572, 760, 0, 223, 54114, 555, 3, 46, 7763, 390, 417, 4, 32628, 10690, 21316, 0, 0, 32, 5294, 4861, 9644, 83, 0, 0, 19, 23, 126, 2, 54585, 46767, 49870, 1, 0, 0, 323,-
249,r0,13, 1052196, 1072,"  100e24:	e51b301c 	ldr	r3, [fp, #-28]	; 0xffffffe4",benign, 559, 163, 10233, 2, 6861, 2711, 0, 572, 760, 0, 223, 53972, 555, 3, 45, 8143, 368, 409, 5, 32916, 10892, 21332, 0, 0, 32, 5501, 4677, 9651, 82, 0, 0, 19, 23, 126, 2, 55154, 46855, 50207, 1, 0, 0, 322,-
250,r1,11, 1053110, 1076,"  1011b4:	e50b300c 	str	r3, [fp, #-12]",benign, 563, 169, 10222, 2, 6859, 2708, 0, 572, 760, 0, 223, 54845, 555, 3, 47, 7919, 388, 416, 3, 32822, 10800, 21356, 0, 0, 32, 5489, 4691, 9657, 82, 0, 0, 19, 24, 126, 2, 54915, 46890, 50145, 1, 0, 0, 322,-
251,r0,13, 1060758, 1072,"  102f94:	e3a02000 	mov	r2, #0",benign, 565, 167, 10222, 2, 6856, 2709, 0, 572, 760, 0, 226, 54235, 555, 3, 45, 7708, 365, 416, 4, 32597, 10557, 21337, 0, 0, 32, 5476, 4694, 9644, 81, 0, 0, 19, 23, 136, 2, 55136, 46516, 49685, 1, 0, 0, 361,-
252,r0,20, 1052427, 1073,"  100f08:	e0033000 	and	r3, r3, r0",benign, 571, 175, 10218, 2, 6858, 2712, 0, 572, 759, 0, 220, 54364, 555, 3, 45, 7772, 442, 423, 5, 32493, 10531, 21323, 0, 0, 32, 5526, 4751, 9639, 80, 0, 0, 19, 24, 133, 2, 54604, 46392, 49511, 1, 0, 0, 324,-
253,r2,3, 1059176, 1075,"  102968:	e50b301c 	str	r3, [fp, #-28]	; 0xffffffe4",benign, 559, 166, 10219, 2, 6858, 2709, 0, 572, 760, 0, 219, 54461, 555, 3, 44, 8280, 347, 480, 4, 32747, 10821, 21333, 0, 0, 32, 5486, 4688, 9651, 83, 0, 0, 19, 23, 127, 2, 54643, 46422, 49653, 1, 0, 0, 322,-
254,r0,25, 1054328, 1070,"  101678:	e50b3018 	str	r3, [fp, #-24]	; 0xffffffe8",benign, 563, 166, 10204, 2, 6852, 2707, 0, 572, 760, 0, 237, 54208, 555, 3, 45, 7704, 350, 418, 5, 33065, 10883, 21330, 0, 0, 32, 5481, 4696, 9657, 83, 0, 0, 19, 23, 127, 2, 55124, 46538, 49739, 1, 0, 0, 325,-
255,r1,2, 1054384, 1073,"  1016b0:	e0233001 	eor	r3, r3, r1",benign, 559, 167, 10208, 2, 6854, 2711, 0, 572, 760, 0, 228, 54066, 555, 3, 45, 7976, 547, 412, 4, 32751, 10730, 21284, 0, 0, 32, 5419, 5132, 9631, 82, 0, 0, 19, 24, 181, 2, 55157, 46522, 49682, 1, 0, 0, 316,-
256,r3,18, 1056323, 1060,"  101e40:	e50b3020 	str	r3, [fp, #-32]	; 0xffffffe0",benign, 568, 168, 10227, 2, 6857, 2709, 0, 572, 760, 0, 231, 54513, 555, 3, 46, 7925, 379, 423, 7, 33155, 11074, 21327, 0, 0, 32, 5481, 4682, 9634, 83, 0, 0, 19, 24, 136, 2, 54869, 46493, 49611, 1, 0, 0, 316,-
257,r1,1, 1054187, 1063,"  1015e8:	e51b3100 	ldr	r3, [fp, #-256]	; 0xffffff00",benign, 568, 163, 10224, 2, 6857, 2710, 0, 572, 760, 0, 218, 54069, 555, 3, 46, 7902, 362, 450, 3, 32664, 10730, 21299, 0, 0, 32, 5526, 4759, 9641, 83, 0, 0, 19, 24, 127, 2, 54774, 46415, 49626, 1, 0, 0, 372,-
258,r1,10, 1058290, 1064,"  1025f0:	e0822003 	add	r2, r2, r3",benign, 563, 166, 10226, 2, 6858, 2705, 0, 572, 759, 0, 229, 54675, 555, 3, 47, 7805, 410, 410, 4, 33473, 11343, 21358, 0, 0, 32, 5472, 4701, 9652, 82, 0, 0, 19, 23, 136, 2, 55067, 46404, 49585, 1, 0, 0, 316,-
259,r0,10, 1058954, 1062,"  102888:	e50b3020 	str	r3, [fp, #-32]	; 0xffffffe0",benign, 560, 164, 10198, 2, 6850, 2710, 0, 572, 760, 0, 234, 54258, 555, 3, 45, 8510, 368, 418, 4, 32738, 10672, 21272, 0, 0, 32, 5498, 4686, 9657, 83, 0, 0, 19, 26, 127, 2, 54932, 46488, 49662, 1, 0, 0, 316,-
260,r0,17, 1059087, 1064,"  10290c:	e1a03163 	ror	r3, r3, #2",benign, 556, 166, 10219, 2, 6857, 2707, 0, 572, 759, 0, 227, 54189, 555, 3, 44, 7934, 335, 431, 4, 32680, 10629, 21327, 0, 0, 32, 5479, 4688, 9657, 83, 0, 0, 19, 24, 127, 2, 55407, 47017, 50187, 1, 0, 0, 316,-
261,r3,14, 1055502, 1066,"  101b0c:	e50b3020 	str	r3, [fp, #-32]	; 0xffffffe0",benign, 561, 167, 10222, 2, 6858, 2706, 0, 572, 760, 0, 218, 53983, 555, 3, 45, 8165, 430, 462, 5, 33010, 11001, 21323, 0, 0, 32, 5487, 4694, 9649, 83, 0, 0, 19, 23, 136, 2, 54726, 47077, 50410, 1, 0, 0, 323,-
262,r0,26, 1052241, 1059,"  100e50:	e50b3018 	str	r3, [fp, #-24]	; 0xffffffe8",benign, 556, 159, 10225, 2, 6862, 2707, 0, 572, 759, 0, 218, 54064, 555, 3, 45, 7799, 349, 417, 4, 32799, 10807, 21314, 0, 0, 32, 5459, 4701, 9646, 82, 0, 0, 19, 24, 136, 2, 55214, 46804, 50132, 1, 0, 0, 359,-
263,r1,9, 1061332, 1067,"  1031d4:	e50b000c 	str	r0, [fp, #-12]",benign, 565, 166, 10211, 2, 6857, 2711, 0, 572, 760, 0, 229, 54179, 555, 3, 46, 8152, 443, 458, 4, 33547, 11511, 21319, 0, 0, 32, 5483, 4668, 9632, 81, 0, 0, 19, 24, 127, 2, 54840, 46482, 49744, 1, 0, 0, 316,-
264,r0,7, 1056885, 1064,"  102074:	e51b3010 	ldr	r3, [fp, #-16]",benign, 611, 216, 10225, 2, 6858, 2709, 0, 572, 759, 0, 225, 54840, 555, 3, 45, 7733, 346, 417, 3, 32894, 10965, 21337, 0, 0, 32, 5529, 4740, 9636, 80, 0, 0, 19, 24, 126, 2, 55151, 46559, 49663, 1, 0, 0, 372,-
265,r1,26, 1060781, 1060,"  102fac:	e92d4800 	push	{fp, lr}",benign, 616, 217, 10204, 2, 6859, 2709, 0, 572, 759, 0, 218, 53939, 555, 3, 47, 7767, 446, 423, 4, 32459, 10526, 21348, 0, 0, 32, 5492, 4709, 9643, 81, 0, 0, 19, 26, 128, 2, 54767, 46397, 49607, 1, 0, 0, 319,-
266,r2,2, 1057062, 1066,"  102124:	e0823003 	add	r3, r2, r3",benign, 561, 164, 10213, 2, 6850, 2708, 0, 572, 760, 0, 221, 54173, 555, 3, 45, 8409, 365, 426, 6, 33082, 11074, 21339, 0, 0, 32, 5048, 5117, 9641, 81, 0, 0, 19, 23, 126, 2, 54675, 46795, 50013, 1, 0, 0, 380,-
267,r1,14, 1052590, 1061,"  100fac:	e51b3018 	ldr	r3, [fp, #-24]	; 0xffffffe8",benign, 563, 167, 10212, 2, 6857, 2711, 0, 572, 760, 0, 217, 54053, 555, 3, 46, 8234, 445, 471, 4, 33020, 11025, 21279, 0, 0, 32, 5463, 4678, 9626, 78, 0, 0, 19, 25, 126, 2, 54630, 46502, 49642, 1, 0, 0, 323,-
268,r3,13, 1058831, 1067,"  10280c:	e0822003 	add	r2, r2, r3",benign, 560, 167, 10211, 2, 6848, 2708, 0, 572, 760, 0, 220, 53981, 555, 3, 46, 7774, 345, 625, 7, 33124, 11036, 21337, 0, 0, 32, 5281, 5003, 9646, 82, 0, 0, 19, 23, 127, 2, 54908, 46784, 49989, 1, 0, 0, 321,-
269,r0,18, 1054123, 1065,"  1015a8:	e1a03163 	ror	r3, r3, #2",benign, 556, 163, 10222, 2, 6861, 2707, 0, 572, 760, 0, 231, 54396, 555, 3, 46, 7730, 366, 415, 4, 32603, 10511, 21331, 0, 0, 32, 5517, 4736, 9641, 80, 0, 0, 19, 26, 146, 2, 55493, 46484, 49784, 1, 0, 0, 323,-
270,r2,7, 1055253, 1060,"  101a14:	e0822003 	add	r2, r2, r3",benign, 569, 167, 10222, 2, 6856, 2706, 0, 572, 759, 0, 224, 54585, 555, 3, 46, 7836, 363, 627, 4, 33044, 11016, 21309, 0, 0, 32, 5526, 4734, 9648, 82, 0, 0, 19, 22, 132, 2, 55006, 46747, 50062, 1, 0, 0, 323,-
271,r1,22, 1054127, 1065,"  1015ac:	e50b3014 	str	r3, [fp, #-20]	; 0xffffffec",benign, 556, 169, 10223, 2, 6860, 2707, 0, 572, 760, 0, 222, 54037, 555, 3, 45, 7977, 349, 482, 4, 32873, 10952, 21338, 0, 0, 32, 5526, 4740, 9656, 81, 0, 0, 19, 21, 136, 2, 54835, 47138, 50365, 1, 0, 0, 323,-
272,r2,13, 1059838, 1066,"  102bfc:	e51b3010 	ldr	r3, [fp, #-16]",benign, 557, 163, 10228, 2, 6861, 2709, 0, 572, 760, 0, 220, 54026, 555, 3, 46, 8050, 352, 409, 4, 32995, 10866, 21331, 0, 0, 32, 5529, 4743, 9650, 84, 0, 0, 19, 24, 135, 2, 55227, 46450, 49624, 1, 0, 0, 322,-
273,r1,13, 1053410, 1066,"  1012e0:	e0822003 	add	r2, r2, r3",benign, 559, 168, 10227, 2, 6856, 2708, 0, 572, 760, 0, 226, 54418, 555, 3, 46, 8107, 436, 421, 4, 33546, 11210, 21310, 0, 0, 32, 5469, 4684, 9639, 83, 0, 0, 19, 25, 136, 2, 55350, 46673, 49873, 1, 0, 0, 379,-
274,r0,12, 1060486, 1067,"  102e84:	e51b3010 	ldr	r3, [fp, #-16]",benign, 556, 160, 10222, 2, 6856, 2707, 0, 572, 760, 0, 224, 54347, 555, 3, 46, 8200, 378, 424, 4, 32883, 10947, 21344, 0, 0, 32, 5474, 4691, 9658, 85, 0, 0, 19, 24, 126, 2, 54955, 46631, 49776, 1, 0, 0, 373,-
275,r1,18, 1052677, 1070,"  101004:	e51b301c 	ldr	r3, [fp, #-28]	; 0xffffffe4",benign, 557, 160, 10218, 2, 6851, 2707, 0, 572, 760, 0, 222, 54685, 555, 3, 46, 7814, 442, 421, 5, 32901, 10905, 21311, 0, 0, 32, 5531, 4751, 9644, 83, 0, 0, 19, 25, 126, 2, 55495, 46664, 49851, 1, 0, 0, 331,-
276,r3,20, 1053885, 1069,"  1014bc:	e51b3018 	ldr	r3, [fp, #-24]	; 0xffffffe8",benign, 567, 168, 10217, 2, 6861, 2712, 0, 572, 759, 0, 219, 54181, 555, 3, 47, 7796, 429, 413, 4, 32580, 10630, 21308, 0, 0, 32, 5475, 4699, 9637, 81, 0, 0, 19, 24, 123, 2, 54989, 46519, 49704, 1, 0, 0, 323,-
277,r0,20, 1051372, 1067,"  100aec:	e3073999 	movw	r3, #31129	; 0x7999",benign, 577, 177, 10226, 2, 6855, 2706, 0, 572, 760, 0, 222, 54125, 555, 3, 45, 7761, 363, 419, 4, 32828, 10800, 21349, 0, 0, 32, 5532, 4633, 9639, 80, 0, 0, 19, 23, 128, 2, 54744, 46874, 50021, 1, 0, 0, 325,-
278,r0,24, 1056356, 1073,"  101e64:	e50b3010 	str	r3, [fp, #-16]",benign, 560, 159, 10238, 2, 6863, 2712, 0, 572, 760, 0, 221, 54476, 555, 3, 48, 8186, 420, 414, 6, 33142, 11130, 21325, 0, 0, 32, 5287, 4872, 9637, 80, 0, 0, 19, 24, 135, 2, 55187, 46870, 49996, 1, 0, 0, 323,-
279,r0,31, 1056267, 1071,"  101e08:	e51b3010 	ldr	r3, [fp, #-16]",benign, 567, 165, 10233, 2, 6861, 2711, 0, 572, 760, 0, 220, 54719, 555, 3, 46, 8190, 365, 431, 3, 32940, 10739, 21351, 0, 0, 32, 5474, 4700, 9659, 86, 0, 0, 19, 22, 125, 2, 54822, 46399, 49559, 1, 0, 0, 322,-
280,r2,10, 1052647, 1066,"  100fe4:	e51b3014 	ldr	r3, [fp, #-20]	; 0xffffffec",benign, 600, 200, 10227, 2, 6854, 2709, 0, 572, 760, 0, 223, 54517, 555, 3, 46, 7943, 367, 415, 4, 32516, 10526, 21324, 0, 0, 32, 5519, 4761, 9642, 81, 0, 0, 19, 24, 136, 2, 54840, 46454, 49636, 1, 0, 0, 326,-
281,r3,22, 1054822, 1062,"  101864:	e0822003 	add	r2, r2, r3",benign, 556, 160, 10219, 2, 6855, 2708, 0, 572, 760, 0, 228, 54071, 555, 3, 47, 7699, 361, 416, 4, 33103, 11012, 21296, 0, 0, 32, 5484, 4672, 9644, 81, 0, 0, 19, 25, 127, 2, 54672, 46822, 50069, 1, 0, 0, 354,-
282,r0,7, 1053963, 1065,"  101508:	e51b301c 	ldr	r3, [fp, #-28]	; 0xffffffe4",benign, 566, 165, 10223, 2, 6860, 2710, 0, 572, 760, 0, 231, 54285, 555, 3, 46, 8003, 592, 418, 4, 32938, 10944, 21311, 0, 0, 32, 5489, 4697, 9647, 79, 0, 0, 19, 25, 137, 2, 55270, 46556, 49766, 1, 0, 0, 317,-
283,r1,5, 1053270, 1062,"  101254:	e1813003 	orr	r3, r1, r3",benign, 551, 166, 10209, 2, 6858, 2708, 0, 572, 759, 0, 221, 54066, 555, 3, 46, 8143, 599, 472, 4, 32763, 10794, 21326, 0, 0, 32, 5490, 4669, 9658, 81, 0, 0, 19, 25, 123, 2, 54670, 46298, 49362, 1, 0, 0, 316,-
284,r2,31, 1059848, 1070,"  102c08:	e51b300c 	ldr	r3, [fp, #-12]",benign, 567, 167, 10218, 2, 6858, 2709, 0, 572, 760, 0, 228, 54509, 555, 3, 46, 8162, 427, 470, 5, 32661, 10715, 21302, 0, 0, 32, 5509, 4755, 9639, 82, 0, 0, 19, 23, 125, 2, 55159, 46712, 49842, 1, 0, 0, 316,-
285,r2,8, 1053213, 1066,"  10121c:	e50b3014 	str	r3, [fp, #-20]	; 0xffffffec",benign, 557, 166, 10220, 2, 6870, 2711, 0, 572, 760, 0, 225, 54701, 555, 3, 44, 8021, 357, 416, 3, 32621, 10689, 21295, 0, 0, 32, 5276, 4899, 9655, 81, 0, 0, 19, 22, 126, 2, 55160, 46878, 49991, 1, 0, 0, 323,-
286,r3,29, 1060362, 1067,"  102e08:	e51b3018 	ldr	r3, [fp, #-24]	; 0xffffffe8",benign, 842, 443, 10217, 2, 6854, 2708, 0, 572, 760, 0, 223, 54732, 555, 3, 45, 8283, 369, 418, 4, 32781, 10774, 21323, 0, 0, 32, 5464, 4685, 9647, 80, 0, 0, 19, 25, 145, 2, 55072, 46857, 50127, 1, 0, 0, 326,-
287,r3,12, 1056238, 1069,"  101dec:	e51b3020 	ldr	r3, [fp, #-32]	; 0xffffffe0",benign, 570, 175, 10229, 2, 6860, 2709, 0, 572, 760, 0, 233, 54406, 555, 3, 44, 7748, 367, 425, 5, 32741, 10583, 21345, 0, 0, 32, 5294, 4881, 9645, 80, 0, 0, 19, 24, 126, 2, 55065, 46551, 49785, 1, 0, 0, 324,-
288,r3,16, 1055470, 1070,"  101aec:	e0822003 	add	r2, r2, r3",benign, 566, 166, 10225, 2, 6861, 2708, 0, 572, 760, 0, 224, 54026, 555, 3, 45, 8324, 429, 471, 4, 32722, 10713, 21305, 0, 0, 32, 5488, 4696, 9651, 85, 0, 0, 19, 25, 128, 2, 54776, 46717, 50085, 1, 0, 0, 317,-
289,r0,11, 1057301, 1064,"  102214:	e30b3cdc 	movw	r3, #48348	; 0xbcdc",benign, 564, 165, 10231, 2, 6862, 2707, 0, 572, 760, 0, 224, 54716, 555, 3, 46, 8211, 376, 424, 4, 32765, 10749, 21345, 0, 0, 32, 5492, 4688, 9633, 82, 0, 0, 19, 24, 127, 2, 54619, 46481, 49640, 1, 0, 0, 323,-
290,r0,17, 1058489, 1065,"  1026b8:	e0822003 	add	r2, r2, r3",benign, 557, 159, 10229, 2, 6862, 2708, 0, 572, 760, 0, 228, 54556, 555, 3, 45, 8379, 474, 421, 3, 32933, 10992, 21311, 0, 0, 32, 5488, 4682, 9643, 81, 0, 0, 19, 24, 126, 2, 54715, 46494, 49640, 1, 0, 0, 316,-
291,r0,27, 1058891, 1064,"  102848:	e50b300c 	str	r3, [fp, #-12]",benign, 548, 159, 10223, 2, 6858, 2704, 0, 572, 760, 0, 222, 54455, 555, 3, 45, 7789, 528, 465, 4, 32630, 10693, 21337, 0, 0, 32, 5282, 4886, 9662, 84, 0, 0, 18, 22, 143, 2, 55192, 46762, 49915, 1, 0, 0, 320,-
292,r2,3, 1053986, 1065,"  101520:	e0823003 	add	r3, r2, r3",benign, 566, 169, 10224, 2, 6854, 2706, 0, 572, 759, 0, 223, 54736, 555, 3, 45, 7780, 347, 424, 4, 32388, 10424, 21336, 0, 0, 32, 5224, 4958, 9648, 80, 0, 0, 19, 24, 137, 2, 54772, 47049, 50293, 1, 0, 0, 316,-
293,r3,18, 1051492, 1067,"  100b64:	e3073999 	movw	r3, #31129	; 0x7999",benign, 594, 203, 10222, 2, 6854, 2708, 0, 572, 760, 0, 218, 53959, 555, 3, 48, 8034, 384, 471, 5, 32819, 10850, 21347, 0, 0, 32, 5477, 4676, 9642, 81, 0, 0, 19, 23, 127, 2, 54885, 46838, 50048, 1, 0, 0, 323,-
294,r2,3, 1056485, 1066,"  101ee4:	e51b3020 	ldr	r3, [fp, #-32]	; 0xffffffe0",benign, 616, 217, 10224, 2, 6851, 2710, 0, 572, 760, 0, 230, 54678, 555, 3, 45, 7795, 343, 424, 3, 32982, 10789, 21320, 0, 0, 32, 5495, 4698, 9662, 82, 0, 0, 19, 26, 126, 2, 54589, 46581, 49733, 1, 0, 0, 321,-
295,r1,24, 1054241, 1064,"  101620:	e50b3010 	str	r3, [fp, #-16]",benign, 547, 160, 10220, 2, 6858, 2708, 0, 572, 760, 0, 227, 54378, 555, 3, 45, 7724, 365, 417, 3, 32590, 10643, 21338, 0, 0, 32, 5295, 4895, 9650, 82, 0, 0, 19, 23, 136, 2, 54886, 46898, 50037, 1, 0, 0, 373,-
296,r3,28, 1057754, 1067,"  1023d8:	e51b3010 	ldr	r3, [fp, #-16]",benign, 563, 165, 10215, 2, 6862, 2711, 0, 572, 759, 0, 225, 54085, 555, 3, 47, 8052, 387, 434, 3, 32494, 10600, 21343, 0, 0, 32, 5478, 4702, 9656, 81, 0, 0, 19, 22, 135, 2, 55174, 46799, 50006, 1, 0, 0, 317,-
297,r3,15, 1057765, 1068,"  1023e4:	e51b3018 	ldr	r3, [fp, #-24]	; 0xffffffe8",benign, 557, 164, 10220, 2, 6860, 2708, 0, 572, 759, 0, 218, 53989, 555, 3, 45, 7764, 368, 423, 5, 32783, 10709, 21336, 0, 0, 32, 5522, 4744, 9652, 81, 0, 0, 19, 24, 136, 2, 54978, 46388, 49535, 1, 0, 0, 316,-
298,r2,2, 1054449, 1068,"  1016f0:	e50b3014 	str	r3, [fp, #-20]	; 0xffffffec",benign, 564, 165, 10213, 2, 6858, 2713, 0, 572, 759, 0, 222, 54506, 555, 3, 45, 8017, 532, 475, 3, 32525, 10546, 21330, 0, 0, 32, 5485, 4688, 9636, 82, 0, 0, 19, 25, 126, 2, 54897, 46809, 49896, 1, 0, 0, 323,-
299,r0,6, 1052711, 1064,"  101024:	e51b3018 	ldr	r3, [fp, #-24]	; 0xffffffe8",benign, 564, 168, 10216, 2, 6855, 2707, 0, 572, 760, 0, 230, 54104, 555, 3, 45, 8188, 376, 416, 4, 32917, 10745, 21334, 0, 0, 32, 5273, 4986, 9655, 83, 0, 0, 19, 24, 126, 2, 55211, 46620, 49791, 1, 0, 0, 331,-
300,r0,17, 1051481, 1066,"  100b58:	e0822003 	add	r2, r2, r3",benign, 555, 160, 10221, 2, 6859, 2709, 0, 572, 759, 0, 221, 54184, 555, 3, 46, 8155, 367, 426, 4, 32653, 10650, 21303, 0, 0, 32, 5241, 4933, 9643, 80, 0, 0, 19, 25, 137, 2, 54968, 47159, 50502, 1, 0, 0, 316,-
301,r2,13, 1058554, 1062,"  1026f8:	e51b300c 	ldr	r3, [fp, #-12]",benign, 566, 165, 10219, 2, 6861, 2711, 0, 572, 760, 0, 217, 54316, 555, 3, 46, 8156, 341, 409, 6, 32624, 10616, 21360, 0, 0, 32, 5475, 4698, 9651, 83, 0, 0, 19, 25, 126, 2, 54860, 46561, 49812, 1, 0, 0, 317,-
302,r2,3, 1055848, 1064,"  101c68:	e1a03163 	ror	r3, r3, #2",benign, 591, 195, 10232, 2, 6865, 2710, 0, 572, 760, 0, 216, 54753, 555, 3, 46, 7999, 423, 414, 4, 32517, 10531, 21276, 0, 0, 32, 5485, 4683, 9639, 80, 0, 0, 19, 26, 180, 2, 54969, 46669, 49850, 1, 0, 0, 324,-
303,r3,15, 1058238, 1066,"  1025bc:	e51b1014 	ldr	r1, [fp, #-20]	; 0xffffffec",benign, 566, 167, 10225, 2, 6856, 2707, 0, 572, 760, 0, 224, 54159, 555, 3, 46, 7786, 431, 420, 3, 32863, 10717, 21316, 0, 0, 32, 5286, 4884, 9639, 81, 0, 0, 19, 24, 189, 2, 55235, 46759, 49998, 1, 0, 0, 325,-
304,r0,21, 1051254, 1069,"  100a74:	e51b3168 	ldr	r3, [fp, #-360]	; 0xfffffe98",benign, 561, 161, 10217, 2, 6850, 2709, 0, 572, 760, 0, 218, 54025, 555, 3, 47, 7968, 457, 463, 4, 32824, 10633, 21345, 0, 0, 32, 5293, 4888, 9647, 81, 0, 0, 19, 25, 136, 2, 54689, 46385, 49526, 1, 0, 0, 326,-
305,r0,25, 1057587, 1065,"  102330:	e1a03163 	ror	r3, r3, #2",benign, 565, 170, 10220, 2, 6855, 2709, 0, 572, 759, 0, 223, 54571, 555, 3, 46, 7971, 335, 418, 4, 32956, 11045, 21364, 0, 0, 32, 5527, 4746, 9646, 80, 0, 0, 19, 24, 133, 2, 54687, 46917, 50318, 1, 0, 0, 322,-
306,r1,28, 1051326, 1067,"  100abc:	e51b3014 	ldr	r3, [fp, #-20]	; 0xffffffec",benign, 569, 167, 10202, 2, 6856, 2711, 0, 572, 760, 0, 230, 54305, 555, 3, 45, 7712, 368, 419, 4, 32812, 10793, 21306, 0, 0, 32, 5464, 4704, 9645, 84, 0, 0, 19, 24, 126, 2, 54857, 46936, 50106, 1, 0, 0, 316,-
307,r1,8, 1057693, 1067,"  10239c:	e50b301c 	str	r3, [fp, #-28]	; 0xffffffe4",benign, 608, 215, 10209, 2, 6861, 2712, 0, 572, 760, 0, 223, 54031, 555, 3, 46, 8183, 429, 472, 4, 32485, 10554, 21328, 0, 0, 32, 5527, 4758, 9647, 84, 0, 0, 19, 22, 127, 2, 54924, 46487, 49653, 1, 0, 0, 322,-
308,r1,12, 1052425, 1066,"  100f08:	e0033000 	and	r3, r3, r0",benign, 624, 225, 10213, 2, 6854, 2711, 0, 572, 759, 0, 227, 54903, 555, 3, 48, 7855, 706, 508, 5, 32769, 10768, 21328, 0, 0, 32, 5475, 4691, 9648, 80, 0, 0, 19, 24, 126, 2, 55355, 46715, 49842, 1, 0, 0, 372,-
309,r0,22, 1056099, 1067,"  101d60:	e1a03163 	ror	r3, r3, #2",benign, 552, 160, 10211, 2, 6854, 2710, 0, 572, 760, 0, 232, 54834, 555, 3, 46, 8246, 373, 409, 3, 33298, 11277, 21313, 0, 0, 32, 5488, 4682, 9638, 81, 0, 0, 19, 25, 127, 2, 54857, 46804, 50091, 1, 0, 0, 323,-
310,r3,3, 1052992, 1066,"  101140:	e51b300c 	ldr	r3, [fp, #-12]",benign, 625, 223, 10218, 2, 6858, 2707, 0, 572, 760, 0, 222, 53982, 555, 3, 45, 8208, 376, 414, 4, 33051, 10966, 21346, 0, 0, 32, 5472, 4696, 9642, 81, 0, 0, 19, 23, 136, 2, 55379, 46551, 49638, 1, 0, 0, 325,-
311,r2,30, 1052085, 1064,"  100db4:	e51b3148 	ldr	r3, [fp, #-328]	; 0xfffffeb8",benign, 614, 217, 10216, 2, 6853, 2706, 0, 572, 759, 0, 235, 54757, 555, 3, 45, 8333, 364, 416, 4, 32942, 10792, 21320, 0, 0, 32, 5049, 5147, 9649, 82, 0, 0, 19, 24, 180, 2, 54616, 46863, 50191, 1, 0, 0, 372,-
312,r2,26, 1055582, 1071,"  101b5c:	e51b301c 	ldr	r3, [fp, #-28]	; 0xffffffe4",benign, 561, 167, 10226, 2, 6851, 2704, 1, 572, 760, 0, 229, 54816, 555, 3, 46, 7668, 360, 468, 4, 32728, 10698, 21330, 0, 0, 32, 5475, 4699, 9652, 80, 0, 0, 19, 23, 127, 2, 54743, 46732, 50148, 1, 0, 0, 320,-
313,r0,22, 1059109, 1069,"  102924:	e51b300c 	ldr	r3, [fp, #-12]",benign, 568, 168, 10210, 2, 6856, 2707, 0, 572, 760, 0, 230, 54614, 555, 3, 47, 7734, 388, 412, 3, 33065, 10985, 21331, 0, 0, 32, 5548, 4751, 9644, 82, 0, 0, 19, 24, 127, 2, 54765, 46948, 50126, 1, 0, 0, 316,-
314,r3,23, 1056017, 1068,"  101d10:	e51b3010 	ldr	r3, [fp, #-16]",benign, 563, 166, 10228, 2, 6855, 2708, 0, 572, 760, 0, 218, 54053, 555, 3, 45, 7937, 365, 475, 4, 32779, 10837, 21336, 0, 0, 32, 5475, 4712, 9653, 83, 0, 0, 19, 24, 136, 2, 54702, 46902, 50002, 1, 0, 0, 323,-
315,r1,5, 1061004, 1063,"  10308c:	e1a00003 	mov	r0, r3",benign, 570, 166, 10216, 2, 6854, 2708, 0, 572, 760, 0, 225, 54237, 555, 3, 46, 7811, 363, 415, 4, 32539, 10635, 21325, 0, 0, 32, 5488, 4697, 9641, 81, 0, 0, 19, 25, 136, 2, 54747, 46550, 49751, 1, 0, 0, 316,-
316,r0,21, 1060420, 1066,"  102e44:	e0211003 	eor	r1, r1, r3",benign, 554, 159, 10214, 2, 6859, 2709, 0, 572, 760, 0, 226, 54596, 555, 3, 44, 7924, 547, 425, 4, 33381, 11382, 21315, 0, 0, 32, 5486, 4678, 9647, 81, 0, 0, 19, 22, 127, 2, 54765, 47077, 50451, 1, 0, 0, 360,-
317,r1,28, 1052430, 1064,"  100f0c:	e1813003 	orr	r3, r1, r3",benign, 570, 169, 10207, 2, 6858, 2710, 1, 572, 759, 0, 221, 54076, 555, 3, 45, 7868, 592, 414, 5, 32677, 10723, 21337, 0, 0, 32, 5280, 4887, 9640, 79, 0, 0, 19, 24, 133, 2, 54749, 46398, 49541, 1, 0, 0, 316,-
318,r3,25, 1059051, 1063,"  1028e8:	e30c31d6 	movw	r3, #49622	; 0xc1d6",benign, 562, 160, 10209, 2, 6855, 2710, 0, 572, 760, 0, 226, 54331, 555, 3, 45, 7712, 366, 418, 5, 32577, 10635, 21323, 0, 0, 32, 5492, 4694, 9654, 83, 0, 0, 19, 24, 126, 2, 55082, 46852, 49922, 1, 0, 0, 372,-
319,r2,11, 1055057, 1065,"  101950:	e30e3ba1 	movw	r3, #60321	; 0xeba1",benign, 554, 170, 10219, 2, 6852, 2706, 0, 572, 760, 0, 227, 54107, 555, 3, 46, 7796, 390, 465, 4, 32818, 10872, 21309, 0, 0, 32, 5301, 4873, 9641, 84, 0, 0, 19, 24, 181, 2, 55342, 46372, 49472, 1, 0, 0, 323,-
320,r1,16, 1051620, 1071,"  100be4:	e0823003 	add	r3, r2, r3",benign, 561, 159, 10200, 2, 6856, 2708, 0, 572, 760, 0, 222, 54441, 555, 3, 47, 7906, 388, 419, 4, 32643, 10601, 21298, 0, 0, 32, 5483, 4678, 9644, 83, 0, 0, 19, 25, 133, 2, 55380, 46584, 49794, 1, 0, 0, 324,-
321,r2,17, 1060146, 1061,"  102d30:	e51b3018 	ldr	r3, [fp, #-24]	; 0xffffffe8",benign, 563, 166, 10217, 2, 6858, 2706, 0, 572, 759, 0, 225, 54335, 555, 3, 45, 7973, 336, 413, 3, 32561, 10609, 21299, 0, 0, 32, 5485, 4680, 9655, 83, 0, 0, 19, 23, 126, 2, 54623, 46789, 49987, 1, 0, 0, 372,-
322,r0,27, 1054878, 1077,"  10189c:	e1a03163 	ror	r3, r3, #2",benign, 562, 167, 10202, 2, 6859, 2711, 0, 572, 760, 0, 220, 54545, 555, 3, 45, 8306, 350, 518, 4, 32925, 10787, 21329, 0, 0, 32, 5481, 4685, 9654, 83, 0, 0, 19, 25, 181, 2, 55179, 46441, 49684, 1, 0, 0, 326,-
323,r2,31, 1056667, 1062,"  101f98:	e51b301c 	ldr	r3, [fp, #-28]	; 0xffffffe4",benign, 561, 164, 10215, 2, 6862, 2709, 0, 572, 760, 0, 223, 54191, 555, 3, 45, 8072, 343, 415, 5, 32999, 10918, 21294, 0, 0, 32, 5473, 4675, 9646, 80, 0, 0, 19, 24, 137, 2, 55228, 46599, 49860, 1, 0, 0, 322,-
324,r2,12, 1060708, 1068,"  102f64:	e51b2008 	ldr	r2, [fp, #-8]",benign, 557, 167, 10228, 2, 6863, 2708, 0, 572, 759, 0, 220, 53945, 555, 3, 44, 7752, 360, 413, 4, 33150, 11200, 21308, 0, 0, 32, 5477, 4710, 9661, 84, 0, 0, 19, 23, 128, 2, 55391, 46819, 50053, 1, 0, 0, 323,-
325,r3,15, 1053232, 1069,"  101230:	e51b300c 	ldr	r3, [fp, #-12]",benign, 578, 173, 10226, 2, 6862, 2709, 0, 572, 760, 0, 227, 54203, 555, 3, 44, 8251, 350, 419, 3, 32904, 11016, 21316, 0, 0, 32, 5476, 4664, 9658, 82, 0, 0, 19, 26, 180, 2, 54821, 46494, 49625, 1, 0, 0, 316,-
326,r2,24, 1055580, 1063,"  101b5c:	e51b301c 	ldr	r3, [fp, #-28]	; 0xffffffe4",benign, 560, 163, 10211, 2, 6856, 2709, 0, 572, 759, 0, 224, 53880, 555, 3, 44, 7738, 350, 415, 5, 32655, 10687, 21336, 0, 0, 32, 5478, 4694, 9645, 79, 0, 0, 19, 24, 126, 2, 54897, 46909, 50040, 1, 0, 0, 316,-
327,r0,10, 1061205, 1068,"  103154:	e51b3010 	ldr	r3, [fp, #-16]",benign, 622, 216, 10220, 2, 6854, 2710, 0, 572, 760, 0, 223, 53961, 555, 3, 46, 7804, 367, 409, 3, 32641, 10558, 21317, 0, 0, 32, 5475, 4705, 9651, 83, 0, 0, 19, 24, 180, 2, 55025, 46719, 49877, 1, 0, 0, 324,-
328,r2,19, 1051615, 1073,"  100bdc:	e3073999 	movw	r3, #31129	; 0x7999",benign, 566, 167, 10237, 2, 6861, 2709, 0, 572, 760, 0, 224, 54497, 555, 3, 45, 8117, 372, 453, 4, 32913, 10977, 21325, 0, 0, 32, 5480, 4710, 9651, 83, 0, 0, 19, 25, 137, 2, 54859, 46477, 49595, 1, 0, 0, 373,-
329,r0,17, 1059306, 1063,"  1029e8:	e50b3014 	str	r3, [fp, #-20]	; 0xffffffec",benign, 560, 161, 10228, 2, 6861, 2708, 0, 572, 760, 0, 230, 53990, 555, 3, 45, 7905, 349, 415, 4, 32602, 10637, 21312, 0, 0, 32, 5272, 5002, 9649, 82, 0, 0, 18, 21, 134, 2, 55079, 46581, 49816, 1, 0, 0, 325,-
330,r2,25, 1060308, 1068,"  102dd4:	e51b3014 	ldr	r3, [fp, #-20]	; 0xffffffec",benign, 554, 164, 10218, 2, 6857, 2707, 0, 572, 760, 0, 225, 54413, 555, 3, 47, 7792, 389, 419, 4, 33178, 11119, 21324, 0, 0, 32, 5497, 4693, 9650, 82, 0, 0, 19, 21, 127, 2, 54807, 46494, 49654, 1, 0, 0, 323,-
331,r3,24, 1056154, 1071,"  101d98:	e51b3018 	ldr	r3, [fp, #-24]	; 0xffffffe8",benign, 608, 215, 10210, 2, 6857, 2709, 0, 572, 760, 0, 228, 54198, 555, 3, 46, 7906, 361, 466, 4, 33042, 11122, 21354, 0, 0, 32, 5292, 4884, 9662, 83, 0, 0, 19, 25, 180, 2, 55113, 46378, 49547, 1, 0, 0, 323,-
332,r3,11, 1051021, 1061,"  10098c:	e51b2168 	ldr	r2, [fp, #-360]	; 0xfffffe98",benign, 554, 168, 10212, 2, 6855, 2709, 0, 572, 760, 0, 226, 54522, 555, 3, 47, 7950, 381, 415, 3, 32932, 10668, 21304, 0, 0, 32, 5475, 4698, 9645, 81, 0, 0, 19, 23, 136, 2, 55332, 46533, 49704, 1, 0, 0, 316,-
333,r2,21, 1060265, 1067,"  102da8:	e50b3018 	str	r3, [fp, #-24]	; 0xffffffe8",benign, 600, 202, 10218, 2, 6854, 2707, 0, 572, 760, 0, 221, 54466, 555, 3, 46, 7862, 556, 475, 3, 32803, 10847, 21312, 0, 0, 32, 5296, 4872, 9638, 84, 0, 0, 19, 25, 136, 2, 54637, 46374, 49529, 1, 0, 0, 322,-
334,r0,28, 1055274, 1073,"  101a28:	e30e3ba1 	movw	r3, #60321	; 0xeba1",benign, 617, 215, 10232, 2, 6860, 2707, 0, 572, 759, 0, 227, 54066, 555, 3, 45, 7801, 375, 464, 5, 33395, 11346, 21331, 0, 0, 32, 5472, 4692, 9643, 82, 0, 0, 19, 25, 126, 2, 54669, 46555, 49766, 1, 0, 0, 324,-
335,r1,9, 1058687, 1066,"  10277c:	e51b1010 	ldr	r1, [fp, #-16]",benign, 592, 203, 10222, 2, 6861, 2707, 0, 572, 759, 0, 220, 54278, 555, 3, 46, 8116, 365, 416, 4, 32753, 10783, 21328, 0, 0, 32, 5226, 4953, 9642, 81, 0, 0, 19, 23, 136, 2, 54883, 46737, 49928, 1, 0, 0, 320,-
336,r2,17, 1057303, 1068,"  102214:	e30b3cdc 	movw	r3, #48348	; 0xbcdc",benign, 606, 217, 10216, 2, 6853, 2711, 0, 572, 759, 0, 223, 54567, 555, 3, 45, 7837, 530, 430, 4, 32467, 10555, 21334, 0, 0, 32, 5292, 4887, 9654, 83, 0, 0, 19, 24, 180, 2, 54748, 46622, 49779, 1, 0, 0, 324,-
337,r3,5, 1052512, 1069,"  100f60:	e51b300c 	ldr	r3, [fp, #-12]",benign, 557, 166, 10221, 2, 6860, 2709, 0, 572, 759, 0, 224, 54777, 555, 3, 45, 7826, 368, 418, 4, 32574, 10534, 21322, 0, 0, 32, 5490, 4696, 9656, 82, 0, 0, 19, 24, 126, 2, 54779, 46648, 49824, 1, 0, 0, 373,-
338,r2,25, 1059118, 1067,"  10292c:	e51b1010 	ldr	r1, [fp, #-16]",benign, 562, 159, 10225, 2, 6856, 2706, 0, 572, 760, 0, 227, 54585, 555, 3, 47, 8148, 442, 422, 4, 32941, 10644, 21326, 0, 0, 32, 5297, 4872, 9638, 81, 0, 0, 19, 24, 123, 2, 54602, 46845, 50066, 1, 0, 0, 323,-
339,r1,24, 1050997, 1071,"  100974:	e30b0d58 	movw	r0, #48472	; 0xbd58",benign, 566, 169, 10226, 2, 6861, 2707, 0, 572, 760, 0, 224, 54843, 555, 3, 45, 8144, 348, 465, 6, 32484, 10510, 21322, 0, 0, 32, 5532, 4743, 9628, 80, 0, 0, 19, 24, 143, 2, 55164, 46557, 49690, 1, 0, 0, 323,-
340,r1,6, 1059177, 1068,"  102968:	e50b301c 	str	r3, [fp, #-28]	; 0xffffffe4",benign, 556, 160, 10220, 2, 6853, 2708, 1, 572, 759, 0, 222, 54019, 555, 3, 46, 7845, 364, 501, 4, 32682, 10652, 21366, 0, 0, 32, 5479, 4694, 9656, 82, 0, 0, 19, 25, 136, 2, 55282, 46897, 49957, 1, 0, 0, 323,-
341,r2,21, 1051526, 1069,"  100b84:	e51b3010 	ldr	r3, [fp, #-16]",benign, 571, 164, 10205, 2, 6854, 2714, 0, 572, 759, 0, 227, 54272, 555, 3, 48, 7841, 429, 414, 5, 32967, 10735, 21350, 0, 0, 32, 5459, 4704, 9649, 81, 0, 0, 19, 23, 136, 2, 54796, 46680, 49830, 1, 0, 0, 316,-
342,r3,0, 1060020, 1072,"  102cb4:	e30c31d6 	movw	r3, #49622	; 0xc1d6",benign, 569, 166, 10211, 2, 6862, 2712, 0, 572, 760, 0, 225, 54197, 555, 3, 47, 7959, 361, 469, 4, 32637, 10640, 21311, 0, 0, 32, 5476, 4685, 9638, 80, 0, 0, 19, 23, 127, 2, 54647, 46665, 49844, 1, 0, 0, 321,-
343,r0,25, 1059541, 1063,"  102ad4:	e51b300c 	ldr	r3, [fp, #-12]",benign, 613, 215, 10225, 2, 6856, 2709, 0, 572, 760, 0, 222, 54529, 555, 3, 48, 8074, 443, 414, 3, 32654, 10679, 21294, 0, 0, 32, 5301, 4892, 9654, 83, 0, 0, 19, 22, 144, 2, 55125, 46498, 49657, 1, 0, 0, 373,-
344,r2,0, 1058573, 1065,"  10270c:	e1a02de3 	ror	r2, r3, #27",benign, 559, 169, 10222, 2, 6854, 2709, 0, 572, 760, 0, 225, 54104, 555, 3, 46, 8266, 365, 428, 4, 33014, 11067, 21337, 0, 0, 32, 5484, 4690, 9645, 80, 0, 0, 19, 22, 125, 2, 54850, 47024, 50280, 1, 0, 0, 324,-
345,r3,24, 1055144, 1070,"  1019a8:	e0822003 	add	r2, r2, r3",benign, 571, 172, 10221, 2, 6853, 2707, 0, 572, 759, 0, 230, 54182, 555, 3, 45, 7824, 412, 415, 4, 32590, 10665, 21357, 0, 0, 32, 5477, 4689, 9651, 80, 0, 0, 19, 25, 137, 2, 54717, 46666, 49818, 1, 0, 0, 316,-
346,r1,1, 1060924, 1064,"  10303c:	e283301c 	add	r3, r3, #28",benign, 573, 168, 10222, 2, 6861, 2708, 0, 572, 759, 0, 225, 54034, 555, 3, 46, 8139, 392, 422, 5, 32903, 10916, 21321, 0, 0, 32, 5534, 4741, 9651, 84, 0, 0, 19, 24, 123, 2, 55158, 46398, 49588, 1, 0, 0, 316,-
347,r2,19, 1051598, 1072,"  100bcc:	e51b301c 	ldr	r3, [fp, #-28]	; 0xffffffe4",benign, 572, 164, 10217, 2, 6853, 2709, 1, 572, 760, 0, 224, 53881, 555, 3, 47, 7793, 449, 419, 6, 33148, 11079, 21291, 0, 0, 32, 5474, 4719, 9644, 81, 0, 0, 19, 24, 133, 2, 55068, 46645, 49771, 1, 0, 0, 323,-
348,r3,22, 1059035, 1066,"  1028d8:	e51b301c 	ldr	r3, [fp, #-28]	; 0xffffffe4",benign, 558, 159, 10215, 2, 6855, 2710, 0, 572, 760, 0, 222, 54152, 555, 3, 46, 7848, 629, 414, 3, 32534, 10547, 21329, 0, 0, 32, 5480, 4690, 9638, 80, 0, 0, 19, 23, 127, 2, 54740, 46476, 49610, 1, 0, 0, 323,-
349,r3,0, 1052902, 1065,"  1010e4:	e51b3018 	ldr	r3, [fp, #-24]	; 0xffffffe8",benign, 563, 168, 10219, 2, 6860, 2710, 0, 572, 760, 0, 231, 54424, 555, 3, 45, 8237, 364, 409, 4, 33010, 11008, 21330, 0, 0, 32, 5480, 4684, 9636, 82, 0, 0, 19, 25, 133, 2, 54770, 46954, 50067, 1, 0, 0, 323,-
350,r3,13, 1051299, 1068,"  100aa0:	e50b3018 	str	r3, [fp, #-24]	; 0xffffffe8",benign, 552, 159, 10225, 2, 6857, 2708, 0, 572, 759, 0, 222, 54397, 555, 3, 46, 8195, 357, 414, 3, 33105, 11129, 21309, 0, 0, 32, 5488, 4672, 9656, 84, 0, 0, 19, 23, 127, 2, 55090, 46467, 49612, 1, 0, 0, 316,-
351,r2,5, 1052549, 1064,"  100f84:	e1813003 	orr	r3, r1, r3",benign, 554, 159, 10205, 2, 6863, 2709, 0, 572, 760, 0, 222, 54154, 555, 3, 48, 7818, 449, 405, 4, 32745, 10676, 21306, 0, 0, 32, 5290, 4860, 9634, 81, 0, 0, 18, 22, 134, 2, 55052, 46751, 49947, 1, 0, 0, 316,-
352,r1,15, 1055647, 1069,"  101b9c:	e50b3010 	str	r3, [fp, #-16]",benign, 566, 163, 10207, 2, 6851, 2708, 0, 572, 760, 0, 221, 54010, 555, 3, 46, 8047, 367, 451, 3, 32913, 10952, 21289, 0, 0, 32, 5480, 4697, 9640, 81, 0, 0, 19, 24, 127, 2, 55011, 46716, 50026, 1, 0, 0, 316,-
353,r2,14, 1055030, 1065,"  101934:	e51b3018 	ldr	r3, [fp, #-24]	; 0xffffffe8",benign, 556, 160, 10206, 1, 6857, 2711, 0, 572, 759, 0, 221, 54097, 555, 3, 47, 8212, 381, 425, 5, 32567, 10631, 21334, 0, 0, 32, 5284, 4886, 9654, 82, 0, 0, 19, 23, 180, 2, 54953, 46559, 49792, 1, 0, 0, 323,-
354,r3,5, 1057324, 1075,"  10222c:	e51b3014 	ldr	r3, [fp, #-20]	; 0xffffffec",benign, 615, 216, 10205, 2, 6856, 2711, 0, 572, 759, 0, 221, 54198, 555, 3, 45, 8052, 348, 409, 3, 32530, 10531, 21314, 0, 0, 32, 5480, 4679, 9636, 79, 0, 0, 19, 25, 126, 2, 54855, 46876, 50092, 1, 0, 0, 324,-
355,r3,16, 1060092, 1072,"  102cfc:	e51b3014 	ldr	r3, [fp, #-20]	; 0xffffffec",benign, 563, 166, 10216, 2, 6860, 2709, 0, 572, 760, 0, 229, 54645, 555, 3, 45, 8140, 368, 409, 3, 33149, 11190, 21347, 0, 0, 32, 5482, 4692, 9636, 79, 0, 0, 19, 23, 133, 2, 54851, 46930, 50103, 1, 0, 0, 373,-
356,r3,24, 1051650, 1074,"  100c00:	e1a03163 	ror	r3, r3, #2",benign, 557, 162, 10220, 2, 6865, 2711, 0, 572, 759, 0, 221, 54119, 555, 3, 47, 7703, 389, 462, 4, 33196, 11155, 21309, 0, 0, 32, 5781, 4842, 9639, 81, 0, 0, 19, 24, 144, 2, 55002, 46494, 49644, 1, 0, 0, 321,-
357,r2,18, 1057800, 1066,"  102408:	e3483f1b 	movt	r3, #36635	; 0x8f1b",benign, 556, 160, 10227, 2, 6854, 2706, 0, 572, 760, 0, 228, 54366, 555, 3, 47, 8006, 389, 425, 5, 33105, 11133, 21369, 0, 0, 32, 5490, 4679, 9649, 82, 0, 0, 19, 25, 180, 2, 55022, 46371, 49601, 1, 0, 0, 322,-
358,r0,18, 1051536, 1065,"  100b90:	e51b300c 	ldr	r3, [fp, #-12]",benign, 625, 223, 10222, 2, 6854, 2706, 0, 572, 760, 0, 220, 54463, 555, 3, 45, 7733, 367, 409, 3, 33058, 11084, 21311, 0, 0, 32, 5496, 4669, 9639, 77, 0, 0, 19, 25, 137, 2, 54669, 46519, 49765, 1, 0, 0, 325,-
359,r3,0, 1060362, 1065,"  102e08:	e51b3018 	ldr	r3, [fp, #-24]	; 0xffffffe8",benign, 570, 166, 10223, 2, 6860, 2707, 0, 572, 759, 0, 224, 54023, 555, 3, 46, 8148, 360, 423, 3, 32794, 10643, 21305, 0, 0, 32, 5483, 4696, 9645, 81, 0, 0, 19, 24, 127, 2, 54770, 46742, 49887, 1, 0, 0, 358,-
360,r0,14, 1058164, 1073,"  102574:	e0822003 	add	r2, r2, r3",benign, 573, 168, 10225, 2, 6860, 2708, 0, 572, 759, 0, 222, 54352, 555, 3, 46, 7781, 425, 423, 3, 32570, 10527, 21332, 0, 0, 32, 5488, 4702, 9645, 80, 0, 0, 19, 24, 126, 2, 54798, 46690, 49919, 1, 0, 0, 316,-
361,r3,8, 1060909, 1068,"  10302c:	e51b3008 	ldr	r3, [fp, #-8]",benign, 559, 164, 10204, 2, 6856, 2711, 0, 572, 759, 0, 221, 54436, 555, 3, 48, 8154, 478, 462, 5, 32901, 10728, 21342, 0, 0, 32, 5487, 4697, 9644, 81, 0, 0, 19, 24, 127, 2, 54631, 47022, 50062, 1, 0, 0, 323,-
362,r3,15, 1053350, 1072,"  1012a4:	e50b300c 	str	r3, [fp, #-12]",benign, 593, 204, 10222, 2, 6856, 2709, 0, 572, 759, 0, 224, 54306, 555, 3, 46, 7766, 387, 425, 4, 33074, 11102, 21324, 0, 0, 32, 5292, 4874, 9648, 84, 0, 0, 19, 23, 128, 2, 55112, 46745, 49800, 1, 0, 0, 331,-
363,r0,30, 1055188, 1073,"  1019d4:	e51b3014 	ldr	r3, [fp, #-20]	; 0xffffffec",benign, 621, 215, 10227, 2, 6858, 2709, 0, 572, 759, 0, 227, 54015, 555, 3, 46, 7761, 386, 416, 3, 32540, 10571, 21310, 0, 0, 32, 5284, 4882, 9660, 82, 0, 0, 19, 23, 128, 2, 54668, 46309, 49481, 1, 0, 0, 324,-
364,r2,10, 1056514, 1071,"  101f00:	e51b3010 	ldr	r3, [fp, #-16]",benign, 609, 215, 10237, 2, 6865, 2707, 0, 572, 760, 0, 220, 54008, 555, 3, 46, 7717, 368, 422, 4, 32588, 10572, 21318, 0, 0, 32, 5494, 4708, 9659, 83, 0, 0, 19, 23, 133, 2, 55096, 46326, 49484, 1, 0, 0, 332,-
365,r0,26, 1058129, 1067,"  102550:	e0011003 	and	r1, r1, r3",benign, 564, 166, 10219, 2, 6858, 2709, 0, 572, 760, 0, 223, 54263, 555, 3, 47, 7789, 361, 422, 4, 32550, 10559, 21308, 0, 0, 32, 5482, 4686, 9651, 83, 0, 0, 19, 25, 127, 2, 54766, 46902, 49984, 1, 0, 0, 322,-
366,r0,4, 1051603, 1071,"  100bd0:	e0822003 	add	r2, r2, r3",benign, 568, 171, 10227, 2, 6850, 2706, 0, 572, 760, 0, 224, 54513, 555, 3, 45, 8272, 333, 435, 4, 32805, 10864, 21349, 0, 0, 32, 5487, 4684, 9647, 81, 0, 0, 19, 24, 128, 2, 55043, 46811, 49944, 1, 0, 0, 324,-
367,r0,3, 1054052, 1066,"  101564:	e0211003 	eor	r1, r1, r3",benign, 572, 167, 10223, 2, 6851, 2706, 0, 572, 760, 0, 228, 54098, 555, 3, 47, 8540, 361, 460, 3, 32777, 10835, 21301, 0, 0, 32, 5298, 4869, 9642, 83, 0, 0, 19, 23, 127, 2, 54664, 46787, 49982, 1, 0, 0, 323,-
368,r3,3, 1056759, 1072,"  101ff4:	e1811003 	orr	r1, r1, r3",benign, 559, 166, 10223, 2, 6849, 2706, 0, 572, 759, 0, 216, 54705, 555, 3, 45, 7682, 423, 429, 3, 33032, 10885, 21314, 0, 0, 32, 5483, 4685, 9637, 79, 0, 0, 19, 26, 126, 2, 54787, 46710, 49997, 1, 0, 0, 325,-
369,r2,14, 1051377, 1064,"  100af0:	e3453a82 	movt	r3, #23170	; 0x5a82",benign, 567, 167, 10227, 2, 6858, 2710, 0, 572, 759, 0, 222, 54589, 555, 3, 45, 7806, 367, 421, 5, 32877, 10885, 21331, 0, 0, 32, 5271, 4900, 9642, 82, 0, 0, 19, 23, 128, 2, 55354, 46905, 50094, 1, 0, 0, 326,-
370,r1,20, 1054006, 1072,"  101534:	e50b3018 	str	r3, [fp, #-24]	; 0xffffffe8",benign, 609, 217, 10219, 2, 6855, 2705, 0, 572, 760, 0, 219, 54405, 555, 3, 46, 8322, 367, 449, 4, 32559, 10567, 21320, 0, 0, 32, 5285, 4885, 9639, 80, 0, 0, 19, 23, 180, 2, 55584, 46667, 49831, 1, 0, 0, 380,-
371,r2,6, 1055218, 1065,"  1019f0:	e51b3020 	ldr	r3, [fp, #-32]	; 0xffffffe0",benign, 567, 167, 10229, 2, 6861, 2708, 0, 572, 759, 0, 224, 54699, 555, 3, 46, 7826, 558, 421, 5, 32688, 10677, 21320, 0, 0, 32, 5493, 4674, 9651, 82, 0, 0, 19, 23, 182, 2, 55035, 46594, 49822, 1, 0, 0, 324,-
372,r0,2, 1057372, 1076,"  10225c:	e51b3018 	ldr	r3, [fp, #-24]	; 0xffffffe8",benign, 570, 167, 10222, 2, 6855, 2708, 0, 572, 759, 0, 228, 54568, 555, 3, 46, 8257, 438, 517, 4, 33018, 10952, 21310, 0, 0, 32, 5281, 4893, 9638, 80, 0, 0, 19, 24, 126, 2, 54830, 46523, 49650, 1, 0, 0, 317,-
373,r1,8, 1057297, 1068,"  102210:	e0822003 	add	r2, r2, r3",benign, 563, 166, 10225, 2, 6862, 2709, 0, 572, 760, 0, 225, 54111, 555, 3, 45, 8349, 369, 414, 4, 33160, 10923, 21317, 0, 0, 32, 5486, 4692, 9658, 84, 0, 0, 19, 24, 126, 2, 54891, 46680, 50010, 1, 0, 0, 316,-
374,r1,14, 1058936, 1073,"  102878:	e0822003 	add	r2, r2, r3",benign, 617, 216, 10222, 2, 6857, 2706, 0, 572, 760, 0, 225, 54078, 555, 3, 46, 8155, 348, 510, 4, 32966, 11014, 21324, 0, 0, 32, 5220, 4953, 9639, 81, 0, 0, 19, 25, 126, 2, 55018, 46394, 49589, 1, 0, 0, 321,-
375,r0,11, 1055742, 1071,"  101bfc:	e1a03163 	ror	r3, r3, #2",benign, 628, 216, 10219, 2, 6857, 2708, 0, 572, 759, 0, 220, 54186, 555, 3, 46, 7933, 352, 425, 4, 32946, 10979, 21300, 0, 0, 32, 5239, 4941, 9657, 82, 0, 0, 19, 22, 134, 2, 55092, 46270, 49510, 1, 0, 0, 324,-
376,r3,12, 1053139, 1071,"  1011d0:	e1e00003 	mvn	r0, r3",benign, 564, 166, 10224, 2, 6857, 2708, 0, 572, 760, 0, 230, 54748, 555, 3, 46, 8203, 389, 426, 3, 32957, 10841, 21352, 0, 0, 32, 5243, 4913, 9639, 80, 0, 0, 19, 23, 137, 2, 54950, 46811, 50116, 1, 0, 0, 372,-
377,r1,6, 1058787, 1065,"  1027e0:	e51b300c 	ldr	r3, [fp, #-12]",benign, 552, 159, 10207, 2, 6856, 2710, 0, 572, 760, 0, 229, 54555, 555, 3, 45, 7816, 368, 416, 4, 32642, 10576, 21364, 0, 0, 32, 5530, 4767, 9648, 83, 0, 0, 19, 25, 126, 2, 54848, 46734, 49935, 1, 0, 0, 322,-
378,r3,4, 1052677, 1068,"  101004:	e51b301c 	ldr	r3, [fp, #-28]	; 0xffffffe4",benign, 568, 167, 10221, 2, 6861, 2707, 0, 572, 759, 0, 222, 54233, 555, 3, 46, 8154, 368, 423, 4, 32568, 10507, 21341, 0, 0, 32, 5283, 4885, 9649, 82, 0, 0, 19, 26, 127, 2, 54831, 46693, 49802, 1, 0, 0, 322,-
379,r0,28, 1052439, 1068,"  100f14:	e51b301c 	ldr	r3, [fp, #-28]	; 0xffffffe4",benign, 553, 162, 10226, 2, 6864, 2710, 0, 572, 760, 0, 220, 54261, 555, 3, 45, 8050, 581, 414, 3, 33048, 11024, 21326, 0, 0, 32, 5552, 4627, 9644, 83, 0, 0, 19, 25, 181, 2, 55146, 46598, 49745, 1, 0, 0, 359,-
380,r0,2, 1057521, 1073,"  1022f0:	e0033000 	and	r3, r3, r0",benign, 575, 168, 10225, 2, 6863, 2709, 0, 572, 760, 0, 229, 54382, 555, 3, 45, 7716, 566, 410, 4, 33113, 11125, 21321, 0, 0, 32, 5043, 5106, 9635, 81, 0, 0, 19, 25, 132, 2, 55242, 46808, 50049, 1, 0, 0, 324,-
381,r0,4, 1052382, 1072,"  100edc:	e50b3010 	str	r3, [fp, #-16]",benign, 553, 165, 10219, 2, 6852, 2707, 0, 572, 759, 0, 227, 54253, 555, 3, 46, 7769, 440, 464, 4, 33125, 11111, 21298, 0, 0, 32, 5483, 4678, 9652, 80, 0, 0, 19, 24, 136, 2, 54705, 46604, 49740, 1, 0, 0, 323,-
382,r0,5, 1052060, 1071,"  100d9c:	e51b3018 	ldr	r3, [fp, #-24]	; 0xffffffe8",benign, 568, 166, 10217, 2, 6859, 2707, 0, 572, 760, 0, 229, 54152, 555, 3, 46, 7773, 375, 409, 3, 32825, 10870, 21315, 0, 0, 32, 5480, 4673, 9648, 83, 0, 0, 19, 23, 136, 2, 54660, 47084, 50292, 1, 0, 0, 323,-
383,r0,7, 1056045, 1069,"  101d2c:	e51b301c 	ldr	r3, [fp, #-28]	; 0xffffffe4",benign, 572, 168, 10211, 2, 6862, 2712, 0, 572, 760, 0, 230, 54586, 555, 3, 47, 8002, 432, 420, 4, 32849, 10867, 21315, 0, 0, 32, 5540, 4725, 9655, 86, 0, 0, 19, 23, 136, 2, 54691, 46808, 50053, 1, 0, 0, 321,-
384,r0,3, 1060516, 1066,"  102ea4:	e5932000 	ldr	r2, [r3]",benign, 564, 168, 10224, 2, 6857, 2705, 0, 572, 760, 0, 221, 54322, 555, 3, 44, 7753, 577, 417, 4, 32606, 10563, 21311, 0, 0, 32, 5533, 4720, 9636, 81, 0, 0, 19, 24, 126, 2, 55075, 46437, 49571, 1, 0, 0, 316,-
385,r1,23, 1054748, 1070,"  10181c:	e51b3018 	ldr	r3, [fp, #-24]	; 0xffffffe8",benign, 575, 167, 10191, 2, 6863, 2714, 0, 572, 759, 0, 213, 54149, 555, 3, 45, 7638, 421, 466, 5, 32511, 10542, 21336, 0, 0, 32, 5507, 4721, 9638, 81, 0, 0, 19, 22, 189, 2, 55206, 46475, 49689, 1, 0, 0, 316,-
386,r3,1, 1051653, 1069,"  100c04:	e50b3014 	str	r3, [fp, #-20]	; 0xffffffec",benign, 612, 216, 10219, 2, 6853, 2708, 0, 572, 760, 0, 227, 54135, 555, 3, 46, 7774, 385, 410, 3, 32578, 10661, 21300, 0, 0, 32, 5535, 4740, 9648, 82, 0, 0, 19, 24, 188, 2, 55188, 46475, 49629, 1, 0, 0, 371,-
387,r2,2, 1053491, 1071,"  101330:	e0011003 	and	r1, r1, r3",benign, 558, 166, 10225, 2, 6860, 2707, 0, 572, 759, 0, 216, 53913, 555, 3, 45, 8122, 368, 451, 3, 32686, 10696, 21308, 0, 0, 32, 5284, 4896, 9643, 82, 0, 0, 19, 24, 127, 2, 54782, 46403, 49615, 1, 0, 0, 325,-
388,r3,29, 1059710, 1075,"  102b7c:	e50b3020 	str	r3, [fp, #-32]	; 0xffffffe0",benign, 556, 168, 10236, 2, 6862, 2709, 0, 572, 760, 0, 228, 54093, 555, 3, 47, 8153, 399, 413, 4, 33310, 11323, 21299, 0, 0, 32, 5486, 4675, 9644, 80, 0, 0, 18, 22, 134, 2, 55138, 46965, 50328, 1, 0, 0, 326,-
389,r2,9, 1054689, 1071,"  1017e0:	e1a02de3 	ror	r2, r3, #27",benign, 568, 167, 10227, 2, 6857, 2709, 0, 572, 759, 0, 217, 53923, 555, 3, 46, 7857, 429, 425, 5, 33377, 11263, 21303, 0, 0, 32, 5486, 4688, 9645, 81, 0, 0, 19, 25, 137, 2, 54790, 46470, 49559, 1, 0, 0, 317,-
390,r2,14, 1052065, 1067,"  100da0:	e0033000 	and	r3, r3, r0",benign, 557, 168, 10203, 2, 6855, 2711, 0, 572, 759, 0, 217, 54529, 555, 3, 46, 8001, 367, 415, 3, 32905, 10898, 21354, 0, 0, 32, 5480, 4696, 9630, 81, 0, 0, 19, 23, 126, 2, 55534, 46429, 49572, 1, 0, 0, 323,-
391,r2,3, 1052255, 1068,"  100e5c:	e50b3014 	str	r3, [fp, #-20]	; 0xffffffec",benign, 570, 166, 10205, 2, 6856, 2712, 0, 572, 760, 0, 224, 54010, 555, 3, 45, 7685, 369, 417, 4, 33174, 11181, 21311, 0, 0, 32, 5480, 4685, 9640, 82, 0, 0, 19, 25, 145, 2, 55068, 46904, 50259, 1, 0, 0, 326,-
392,r2,15, 1060442, 1065,"  102e58:	e0822003 	add	r2, r2, r3",benign, 568, 169, 10225, 2, 6860, 2710, 0, 572, 760, 0, 226, 54039, 555, 3, 46, 7755, 367, 413, 3, 32813, 10795, 21336, 0, 0, 32, 5479, 4689, 9636, 81, 0, 0, 19, 25, 127, 2, 54909, 46861, 50158, 1, 0, 0, 324,-
393,r0,2, 1056454, 1072,"  101ec4:	e50b301c 	str	r3, [fp, #-28]	; 0xffffffe4",benign, 553, 159, 10217, 2, 6855, 2710, 0, 572, 760, 0, 222, 54047, 555, 3, 47, 7890, 707, 467, 3, 33028, 10963, 21309, 0, 0, 32, 5495, 4675, 9650, 84, 0, 0, 18, 23, 125, 2, 54772, 46316, 49452, 1, 0, 0, 316,-
394,r1,1, 1051903, 1071,"  100cfc:	e50b3010 	str	r3, [fp, #-16]",benign, 559, 159, 10207, 2, 6861, 2712, 0, 572, 760, 0, 227, 54119, 555, 3, 45, 8103, 366, 418, 3, 32694, 10804, 21315, 0, 0, 32, 5231, 4949, 9635, 80, 0, 0, 19, 25, 134, 2, 55235, 46447, 49514, 1, 0, 0, 373,-
395,r1,17, 1054227, 1070,"  101610:	e51b3010 	ldr	r3, [fp, #-16]",benign, 559, 168, 10235, 2, 6857, 2707, 0, 572, 759, 0, 216, 54402, 555, 3, 47, 8248, 444, 480, 3, 32704, 10762, 21322, 0, 0, 32, 5472, 4681, 9633, 83, 0, 0, 19, 25, 127, 2, 55029, 46694, 50049, 1, 0, 0, 323,-
396,r2,24, 1059086, 1067,"  10290c:	e1a03163 	ror	r3, r3, #2",benign, 566, 166, 10212, 2, 6851, 2706, 0, 572, 760, 0, 217, 54407, 555, 3, 45, 7870, 674, 422, 4, 32584, 10641, 21307, 0, 0, 32, 5489, 4690, 9648, 83, 0, 0, 19, 24, 127, 2, 54842, 46723, 49863, 1, 0, 0, 324,-
397,r3,14, 1053280, 1073,"  101260:	e0822003 	add	r2, r2, r3",benign, 552, 161, 10236, 2, 6858, 2709, 0, 572, 760, 0, 231, 54657, 555, 3, 46, 7776, 353, 409, 5, 32690, 10703, 21304, 0, 0, 32, 5483, 4692, 9646, 81, 0, 0, 19, 26, 126, 2, 54850, 46449, 49594, 1, 0, 0, 323,-
398,r2,14, 1053163, 1069,"  1011e8:	e0822003 	add	r2, r2, r3",benign, 739, 341, 10225, 2, 6861, 2710, 0, 572, 760, 0, 225, 54672, 555, 3, 45, 7874, 351, 465, 3, 32705, 10731, 21365, 0, 0, 32, 5298, 4862, 9650, 82, 0, 0, 19, 23, 140, 2, 55184, 46528, 49740, 1, 0, 0, 323,-
399,r2,19, 1058395, 1071,"  102658:	e51b3070 	ldr	r3, [fp, #-112]	; 0xffffff90",benign, 570, 166, 10217, 2, 6863, 2710, 1, 572, 760, 0, 220, 54108, 555, 3, 45, 7806, 440, 462, 4, 32912, 10660, 21327, 0, 0, 32, 5218, 4953, 9646, 79, 0, 0, 19, 22, 126, 2, 54942, 46458, 49741, 1, 0, 0, 326,-
400,r2,26, 1052400, 1071,"  100ef0:	e51b1010 	ldr	r1, [fp, #-16]",benign, 788, 398, 10235, 2, 6856, 2707, 0, 572, 760, 0, 230, 54468, 555, 3, 46, 8016, 382, 416, 3, 32867, 10790, 21345, 0, 0, 32, 5449, 4695, 9631, 79, 0, 0, 19, 25, 136, 2, 54902, 46509, 49759, 1, 0, 0, 321,-
401,r0,31, 1054767, 1068,"  10182c:	e51b3010 	ldr	r3, [fp, #-16]",benign, 545, 163, 10220, 2, 6852, 2708, 0, 572, 760, 0, 227, 54531, 555, 3, 47, 7878, 383, 471, 4, 32760, 10764, 21329, 0, 0, 32, 5532, 4733, 9646, 82, 0, 0, 19, 24, 136, 2, 54752, 46468, 49655, 1, 0, 0, 322,-
402,r2,17, 1051044, 1069,"  1009a4:	e51b3008 	ldr	r3, [fp, #-8]",benign, 570, 167, 10224, 2, 6857, 2707, 0, 572, 760, 0, 223, 54877, 555, 3, 45, 8138, 365, 409, 4, 32956, 11034, 21345, 0, 0, 32, 5238, 4936, 9647, 83, 0, 0, 19, 24, 137, 2, 54700, 46918, 50127, 1, 0, 0, 323,-
403,r2,20, 1052821, 1071,"  101094:	e0823003 	add	r3, r2, r3",benign, 566, 168, 10215, 2, 6855, 2708, 0, 572, 760, 0, 229, 54356, 555, 3, 49, 7652, 503, 409, 3, 33350, 11342, 21316, 0, 0, 32, 5289, 4889, 9644, 81, 0, 0, 19, 23, 126, 2, 54624, 46922, 50235, 1, 0, 0, 321,-
404,r1,9, 1053708, 1072,"  10140c:	e50b300c 	str	r3, [fp, #-12]",benign, 610, 216, 10208, 2, 6861, 2710, 0, 572, 759, 0, 228, 54364, 555, 3, 45, 7856, 568, 419, 4, 33272, 11177, 21348, 0, 0, 32, 5285, 4900, 9656, 88, 0, 0, 19, 25, 136, 2, 54741, 46700, 49850, 1, 0, 0, 324,-
405,r0,29, 1059804, 1072,"  102bdc:	e30c31d6 	movw	r3, #49622	; 0xc1d6",benign, 577, 168, 10221, 2, 6858, 2709, 0, 572, 759, 0, 226, 54167, 555, 3, 45, 7836, 427, 469, 4, 32915, 10809, 21325, 0, 0, 32, 5491, 4713, 9657, 81, 0, 0, 19, 24, 126, 2, 55265, 46884, 50156, 1, 0, 0, 316,-
406,r0,9, 1057735, 1069,"  1023c4:	e51b300c 	ldr	r3, [fp, #-12]",benign, 555, 160, 10226, 2, 6853, 2707, 0, 572, 759, 0, 219, 54242, 555, 3, 47, 8157, 438, 423, 4, 33278, 11032, 21297, 0, 0, 32, 5529, 4730, 9641, 81, 0, 0, 19, 25, 133, 2, 54826, 46939, 50262, 1, 0, 0, 323,-
407,r2,15, 1051555, 1073,"  100ba0:	e51b300c 	ldr	r3, [fp, #-12]",benign, 616, 216, 10216, 2, 6854, 2707, 0, 572, 759, 0, 230, 54821, 555, 3, 47, 7714, 371, 409, 4, 33454, 11272, 21333, 0, 0, 32, 5497, 4664, 9669, 86, 0, 0, 19, 23, 126, 2, 55085, 46861, 50207, 1, 0, 0, 316,-
408,r3,5, 1058676, 1069,"  102774:	e51b300c 	ldr	r3, [fp, #-12]",benign, 546, 159, 10209, 2, 6863, 2711, 0, 572, 760, 0, 218, 53955, 555, 3, 44, 7849, 569, 452, 4, 32896, 10904, 21327, 0, 0, 32, 5545, 4648, 9648, 80, 0, 0, 19, 25, 126, 2, 54855, 46990, 50199, 1, 0, 0, 320,-
409,r0,17, 1053784, 1071,"  101458:	e51b3014 	ldr	r3, [fp, #-20]	; 0xffffffec",benign, 622, 224, 10228, 2, 6859, 2708, 0, 572, 760, 0, 221, 54042, 555, 3, 45, 7664, 366, 426, 3, 32623, 10679, 21280, 0, 0, 32, 5485, 4686, 9654, 80, 0, 0, 19, 24, 127, 2, 54623, 46901, 50277, 1, 0, 0, 323,-
410,r1,20, 1059783, 1068,"  102bc4:	e0233001 	eor	r3, r3, r1",benign, 561, 167, 10211, 2, 6853, 2706, 0, 572, 760, 0, 222, 54071, 555, 3, 45, 7984, 359, 415, 3, 32623, 10645, 21277, 0, 0, 32, 5480, 4680, 9632, 80, 0, 0, 19, 24, 136, 2, 54942, 46319, 49509, 1, 0, 0, 322,-
411,r3,3, 1059142, 1066,"  102944:	e51b301c 	ldr	r3, [fp, #-28]	; 0xffffffe4",benign, 615, 216, 10212, 2, 6863, 2710, 0, 572, 759, 0, 222, 54359, 555, 3, 45, 7769, 343, 464, 4, 33182, 10818, 21343, 0, 0, 32, 5483, 4685, 9657, 82, 0, 0, 19, 23, 143, 2, 55567, 46460, 49659, 1, 0, 0, 323,-
412,r1,21, 1058726, 1070,"  1027a4:	e30c31d6 	movw	r3, #49622	; 0xc1d6",benign, 567, 167, 10232, 2, 6859, 2708, 0, 572, 760, 0, 229, 54369, 555, 3, 49, 7685, 673, 411, 4, 32715, 10799, 21329, 0, 0, 32, 5482, 4685, 9653, 81, 0, 0, 19, 24, 136, 2, 54744, 46806, 49946, 1, 0, 0, 371,-
413,r3,19, 1059553, 1069,"  102ae0:	e51b3014 	ldr	r3, [fp, #-20]	; 0xffffffec",benign, 561, 166, 10219, 2, 6854, 2708, 0, 572, 759, 0, 223, 54304, 555, 3, 47, 7681, 465, 469, 3, 32834, 10715, 21302, 0, 0, 32, 5472, 4671, 9648, 82, 0, 0, 19, 24, 123, 2, 55240, 46561, 49816, 1, 0, 0, 356,-
414,r0,4, 1059954, 1072,"  102c70:	e50b3014 	str	r3, [fp, #-20]	; 0xffffffec",benign, 561, 167, 10214, 2, 6852, 2707, 0, 572, 759, 0, 226, 54487, 555, 3, 45, 7867, 356, 410, 5, 32605, 10657, 21316, 0, 0, 32, 5495, 4677, 9653, 82, 0, 0, 19, 22, 133, 2, 54686, 46476, 49659, 1, 0, 0, 317,-
415,r0,2, 1056215, 1068,"  101dd4:	e50b3018 	str	r3, [fp, #-24]	; 0xffffffe8",benign, 564, 167, 10211, 2, 6862, 2709, 0, 572, 759, 0, 225, 54447, 555, 3, 46, 7754, 444, 424, 4, 33338, 11381, 21333, 0, 0, 32, 5306, 4853, 9631, 80, 0, 0, 19, 23, 181, 2, 55099, 46716, 49850, 1, 0, 0, 324,-
416,r3,11, 1059222, 1076,"  102994:	e1a02de3 	ror	r2, r3, #27",benign, 570, 165, 10230, 2, 6862, 2710, 0, 572, 760, 0, 224, 54232, 555, 3, 45, 8407, 364, 419, 4, 32974, 10999, 21324, 0, 0, 32, 5351, 4927, 9651, 81, 0, 0, 19, 23, 126, 2, 55266, 46943, 50145, 1, 0, 0, 373,-
417,r3,26, 1053136, 1074,"  1011d0:	e1e00003 	mvn	r0, r3",benign, 557, 166, 10231, 2, 6857, 2707, 0, 572, 759, 0, 223, 54379, 555, 3, 46, 7944, 387, 413, 4, 32610, 10599, 21311, 0, 0, 32, 5585, 4689, 9654, 82, 0, 0, 19, 26, 145, 2, 55312, 46738, 49872, 1, 0, 0, 316,-
418,r1,25, 1055792, 1075,"  101c30:	e0822003 	add	r2, r2, r3",benign, 560, 161, 10211, 2, 6858, 2711, 0, 572, 760, 0, 226, 54265, 555, 3, 44, 8014, 352, 427, 3, 32898, 10890, 21303, 0, 0, 32, 5309, 4875, 9641, 82, 0, 0, 19, 23, 128, 2, 55168, 46992, 50257, 1, 0, 0, 320,-
419,r3,17, 1060530, 1069,"  102eb0:	e51b3168 	ldr	r3, [fp, #-360]	; 0xfffffe98",benign, 556, 167, 10208, 2, 6851, 2707, 0, 572, 760, 0, 219, 54163, 555, 3, 46, 7909, 430, 470, 4, 33178, 11144, 21338, 0, 0, 32, 5483, 4693, 9663, 83, 0, 0, 19, 23, 136, 2, 54660, 46607, 49707, 1, 0, 0, 325,-
420,r2,24, 1057047, 1070,"  102114:	e51b309c 	ldr	r3, [fp, #-156]	; 0xffffff64",benign, 621, 221, 10216, 2, 6857, 2710, 0, 572, 760, 0, 221, 54346, 555, 3, 46, 8088, 358, 416, 4, 33109, 11026, 21321, 0, 0, 32, 5489, 4717, 9668, 81, 0, 0, 19, 24, 137, 2, 54844, 46646, 49884, 1, 0, 0, 321,-
421,r3,2, 1054286, 1071,"  10164c:	e51b301c 	ldr	r3, [fp, #-28]	; 0xffffffe4",benign, 556, 161, 10232, 2, 6861, 2707, 0, 572, 760, 0, 222, 54828, 555, 3, 46, 7891, 424, 470, 4, 33268, 10766, 21346, 0, 0, 32, 5488, 4691, 9645, 82, 0, 0, 19, 25, 181, 2, 54608, 46578, 49722, 1, 0, 0, 321,-
422,r0,22, 1053514, 1068,"  101348:	e0822003 	add	r2, r2, r3",benign, 556, 164, 10229, 2, 6855, 2706, 0, 572, 760, 0, 220, 54347, 555, 3, 46, 7826, 375, 423, 4, 33200, 11093, 21350, 0, 0, 32, 5329, 4904, 9638, 81, 0, 0, 19, 25, 126, 2, 54893, 46682, 49865, 1, 0, 0, 324,-
423,r2,9, 1053580, 1073,"  10138c:	e50b3010 	str	r3, [fp, #-16]",benign, 617, 215, 10221, 2, 6859, 2708, 0, 572, 760, 0, 220, 54222, 555, 3, 48, 8040, 380, 479, 4, 32657, 10687, 21391, 0, 0, 32, 5468, 4695, 9637, 83, 0, 0, 19, 23, 126, 2, 55413, 46877, 50268, 1, 0, 0, 322,-
424,r2,5, 1059032, 1072,"  1028d8:	e51b301c 	ldr	r3, [fp, #-28]	; 0xffffffe4",benign, 595, 205, 10223, 2, 6856, 2707, 0, 572, 760, 0, 223, 54494, 555, 3, 46, 7747, 381, 411, 4, 32960, 11002, 21346, 0, 0, 32, 5286, 4995, 9648, 84, 0, 0, 19, 26, 133, 2, 55035, 46438, 49537, 1, 0, 0, 323,-
425,r3,22, 1052946, 1069,"  101110:	e50b3020 	str	r3, [fp, #-32]	; 0xffffffe0",benign, 554, 159, 10212, 2, 6853, 2708, 0, 572, 760, 0, 228, 53953, 555, 3, 44, 8166, 360, 415, 4, 32972, 10767, 21325, 0, 0, 32, 5472, 4678, 9647, 80, 0, 0, 19, 23, 127, 2, 54848, 46648, 49792, 1, 0, 0, 326,-
426,r1,14, 1058041, 1073,"  1024f8:	e0822003 	add	r2, r2, r3",benign, 614, 215, 10226, 2, 6859, 2708, 0, 572, 759, 0, 225, 54582, 555, 3, 47, 8520, 360, 432, 4, 32514, 10638, 21348, 0, 0, 32, 5467, 4688, 9654, 84, 0, 0, 19, 23, 127, 2, 54662, 46978, 50232, 1, 0, 0, 321,-
427,r1,26, 1059780, 1067,"  102bc4:	e0233001 	eor	r3, r3, r1",benign, 561, 165, 10216, 2, 6858, 2709, 0, 572, 759, 0, 226, 53917, 555, 3, 46, 7856, 630, 424, 4, 33338, 11340, 21322, 0, 0, 32, 5494, 4690, 9642, 82, 0, 0, 19, 25, 136, 2, 54729, 46621, 49809, 1, 0, 0, 322,-
428,r2,5, 1052879, 1071,"  1010cc:	e1a02de3 	ror	r2, r3, #27",benign, 559, 165, 10231, 2, 6863, 2710, 0, 572, 760, 0, 223, 54369, 555, 3, 45, 7784, 390, 410, 5, 32840, 10835, 21333, 0, 0, 32, 5492, 4691, 9645, 80, 0, 0, 18, 23, 125, 2, 54709, 47046, 50434, 1, 0, 0, 321,-
429,r1,15, 1051516, 1067,"  100b7c:	e51b3014 	ldr	r3, [fp, #-20]	; 0xffffffec",benign, 568, 167, 10225, 2, 6858, 2708, 0, 572, 760, 0, 223, 54343, 555, 3, 46, 7738, 353, 428, 4, 33191, 11051, 21346, 0, 0, 32, 5476, 4694, 9647, 82, 0, 0, 19, 24, 136, 2, 54736, 46503, 49695, 1, 0, 0, 320,-
430,r0,3, 1052812, 1068,"  10108c:	e3073999 	movw	r3, #31129	; 0x7999",benign, 603, 216, 10204, 2, 6869, 2711, 0, 572, 760, 0, 223, 54619, 555, 3, 46, 8069, 389, 425, 4, 32474, 10503, 21332, 0, 0, 32, 5483, 4695, 9649, 81, 0, 0, 19, 23, 126, 2, 54829, 46610, 49722, 1, 0, 0, 316,-
431,r3,20, 1053865, 1071,"  1014a8:	e0822003 	add	r2, r2, r3",benign, 562, 159, 10213, 2, 6862, 2708, 0, 572, 760, 0, 220, 54213, 555, 3, 44, 7767, 365, 426, 4, 32933, 10870, 21352, 0, 0, 32, 5530, 4740, 9636, 81, 0, 0, 19, 23, 136, 2, 55054, 46621, 49794, 1, 0, 0, 324,-
432,r3,23, 1060371, 1070,"  102e10:	e51b3014 	ldr	r3, [fp, #-20]	; 0xffffffec",benign, 619, 200, 10195, 2, 6861, 2714, 0, 572, 760, 0, 226, 54498, 555, 3, 47, 8159, 361, 473, 5, 32648, 10682, 21320, 0, 0, 32, 5495, 4669, 9636, 80, 0, 0, 19, 25, 127, 2, 55140, 46808, 50002, 1, 0, 0, 325,-
433,r2,25, 1060701, 1071,"  102f5c:	e34938ba 	movt	r3, #39098	; 0x98ba",benign, 563, 166, 10219, 2, 6858, 2707, 0, 572, 759, 0, 230, 54146, 555, 3, 44, 8184, 367, 475, 4, 32936, 11022, 21310, 0, 0, 32, 5299, 4863, 9642, 81, 0, 0, 19, 25, 133, 2, 55199, 46798, 50000, 1, 0, 0, 323,-
434,r0,7, 1059223, 1068,"  102994:	e1a02de3 	ror	r2, r3, #27",benign, 609, 215, 10231, 2, 6860, 2708, 0, 572, 759, 0, 222, 54902, 555, 3, 48, 8054, 474, 413, 4, 32827, 10801, 21352, 0, 0, 32, 5482, 4698, 9632, 80, 0, 0, 19, 24, 126, 2, 54767, 46867, 49999, 1, 0, 0, 325,-
435,r1,9, 1057361, 1070,"  102250:	e51b300c 	ldr	r3, [fp, #-12]",benign, 553, 166, 10234, 2, 6863, 2711, 0, 572, 759, 0, 222, 54064, 555, 3, 45, 7791, 526, 414, 5, 33334, 11341, 21325, 0, 0, 32, 5509, 4746, 9654, 83, 0, 0, 19, 24, 136, 2, 54882, 46676, 49860, 1, 0, 0, 373,-
436,r2,13, 1060923, 1068,"  103038:	e51b3008 	ldr	r3, [fp, #-8]",benign, 563, 166, 10221, 2, 6860, 2710, 0, 572, 760, 0, 229, 54808, 555, 3, 45, 7831, 348, 409, 4, 32786, 10881, 21311, 0, 0, 32, 5242, 4930, 9646, 84, 0, 0, 19, 24, 128, 2, 54687, 46936, 50166, 1, 0, 0, 322,-
437,r1,27, 1060587, 1067,"  102ee8:	e51b3168 	ldr	r3, [fp, #-360]	; 0xfffffe98",benign, 565, 167, 10191, 2, 6857, 2708, 0, 572, 760, 0, 229, 54178, 555, 3, 45, 7940, 367, 418, 3, 32907, 10747, 21372, 0, 0, 32, 5274, 4965, 9641, 82, 0, 0, 19, 24, 127, 2, 54674, 46707, 50055, 1, 0, 0, 323,-
438,r1,4, 1054815, 1074,"  10185c:	e51b3018 	ldr	r3, [fp, #-24]	; 0xffffffe8",benign, 551, 159, 10209, 2, 6863, 2711, 0, 572, 759, 0, 220, 53938, 555, 3, 45, 7908, 366, 409, 3, 32998, 11052, 21345, 0, 0, 32, 5545, 4622, 9650, 82, 0, 0, 19, 24, 134, 2, 54881, 46907, 50111, 1, 0, 0, 325,-
439,r1,16, 1055180, 1074,"  1019cc:	e51b3018 	ldr	r3, [fp, #-24]	; 0xffffffe8",benign, 551, 159, 10229, 2, 6861, 2705, 0, 572, 760, 0, 219, 54013, 555, 3, 45, 8128, 367, 415, 4, 33103, 11075, 21340, 0, 0, 32, 5543, 4741, 9640, 80, 0, 0, 19, 24, 136, 2, 55079, 46607, 49822, 1, 0, 0, 380,-
440,r1,2, 1060008, 1072,"  102ca8:	e0822003 	add	r2, r2, r3",benign, 567, 167, 10225, 2, 6861, 2708, 0, 572, 760, 0, 220, 54911, 555, 3, 46, 8058, 442, 416, 6, 33105, 11104, 21328, 0, 0, 32, 5472, 4701, 9640, 79, 0, 0, 19, 24, 136, 2, 54992, 46478, 49599, 1, 0, 0, 323,-
441,r1,31, 1052389, 1072,"  100ee4:	e50b300c 	str	r3, [fp, #-12]",benign, 559, 167, 10210, 2, 6855, 2708, 0, 572, 760, 0, 229, 54213, 555, 3, 45, 8137, 364, 426, 3, 32674, 10691, 21341, 0, 0, 32, 5329, 4901, 9637, 84, 0, 0, 19, 24, 136, 2, 55320, 46661, 49849, 1, 0, 0, 358,-
442,r2,1, 1059341, 1071,"  102a0c:	e0211003 	eor	r1, r1, r3",benign, 557, 160, 10217, 2, 6857, 2710, 0, 572, 760, 0, 224, 54371, 555, 3, 45, 7917, 366, 425, 4, 32781, 10877, 21312, 0, 0, 32, 5476, 4706, 9646, 81, 0, 0, 19, 23, 126, 2, 55141, 46962, 50081, 1, 0, 0, 321,-
443,r2,4, 1059970, 1073,"  102c80:	e50b300c 	str	r3, [fp, #-12]",benign, 554, 160, 10221, 2, 6860, 2709, 0, 572, 760, 0, 222, 54249, 555, 3, 46, 7846, 367, 416, 4, 33409, 11452, 21286, 0, 0, 32, 5293, 4864, 9658, 81, 0, 0, 19, 24, 127, 2, 54961, 46815, 50159, 1, 0, 0, 316,-
444,r3,18, 1058973, 1077,"  10289c:	e51b3010 	ldr	r3, [fp, #-16]",benign, 565, 168, 10218, 2, 6860, 2707, 0, 572, 760, 0, 222, 54091, 555, 3, 45, 7708, 366, 419, 4, 33276, 11289, 21303, 0, 0, 32, 5467, 4690, 9648, 82, 0, 0, 19, 25, 128, 2, 54833, 46978, 50312, 1, 0, 0, 323,-
445,r1,21, 1055477, 1070,"  101af4:	e0822003 	add	r2, r2, r3",benign, 560, 166, 10219, 2, 6856, 2708, 0, 572, 759, 0, 221, 54402, 555, 3, 46, 7745, 366, 425, 3, 33025, 11074, 21308, 0, 0, 32, 5540, 4729, 9640, 83, 0, 0, 19, 23, 122, 2, 54829, 46468, 49750, 1, 0, 0, 324,-
446,r0,25, 1056704, 1074,"  101fc0:	e51b3014 	ldr	r3, [fp, #-20]	; 0xffffffec",benign, 560, 167, 10227, 2, 6856, 2707, 0, 572, 760, 0, 225, 54463, 555, 3, 45, 8078, 355, 425, 4, 33022, 11051, 21288, 0, 0, 32, 5334, 4932, 9653, 82, 0, 0, 19, 25, 136, 2, 55377, 46435, 49591, 1, 0, 0, 356,-
447,r1,5, 1053381, 1070,"  1012c4:	e51b3018 	ldr	r3, [fp, #-24]	; 0xffffffe8",benign, 556, 168, 10227, 2, 6864, 2710, 0, 572, 760, 0, 221, 54412, 555, 3, 45, 7963, 387, 464, 4, 33290, 11352, 21356, 0, 0, 32, 5481, 4686, 9640, 81, 0, 0, 19, 22, 135, 2, 54514, 46773, 50131, 1, 0, 0, 324,-
448,r3,11, 1052808, 1072,"  101088:	e0822003 	add	r2, r2, r3",benign, 565, 167, 10211, 2, 6852, 2707, 1, 572, 760, 0, 228, 54216, 555, 3, 45, 7719, 366, 418, 4, 32658, 10714, 21355, 0, 0, 32, 5285, 5013, 9661, 84, 0, 0, 19, 24, 127, 2, 55140, 46718, 49974, 1, 0, 0, 373,-
449,r0,9, 1059705, 1073,"  102b78:	e0823003 	add	r3, r2, r3",benign, 558, 165, 10227, 2, 6859, 2708, 0, 572, 759, 0, 218, 54530, 555, 3, 45, 8077, 363, 465, 4, 32863, 10903, 21294, 0, 0, 32, 5283, 4886, 9645, 81, 0, 0, 19, 24, 136, 2, 54821, 47045, 50411, 1, 0, 0, 323,-
450,r3,8, 1052538, 1068,"  100f78:	e1e00003 	mvn	r0, r3",benign, 563, 167, 10223, 2, 6856, 2705, 0, 572, 759, 0, 225, 54329, 555, 3, 46, 7827, 686, 518, 4, 33139, 11207, 21307, 0, 0, 32, 5301, 4851, 9646, 84, 0, 0, 19, 25, 126, 2, 54635, 46942, 50016, 1, 0, 0, 325,-
451,r1,26, 1051219, 1072,"  100a50:	e2433004 	sub	r3, r3, #4",benign, 568, 165, 10224, 2, 6862, 2707, 0, 572, 760, 0, 225, 54280, 555, 3, 45, 7749, 366, 418, 4, 33064, 11041, 21320, 0, 0, 32, 5244, 4919, 9637, 81, 0, 0, 19, 24, 126, 2, 54572, 46316, 49515, 1, 0, 0, 324,-
452,r1,4, 1051036, 1068,"  10099c:	e0823003 	add	r3, r2, r3",benign, 555, 159, 10221, 2, 6857, 2708, 0, 572, 760, 0, 230, 54303, 555, 3, 45, 7925, 349, 425, 3, 32916, 10916, 21321, 0, 0, 32, 5495, 4682, 9631, 80, 0, 0, 19, 23, 126, 2, 54699, 46867, 50109, 1, 0, 0, 373,-
453,r1,9, 1052081, 1072,"  100db0:	e0822003 	add	r2, r2, r3",benign, 614, 216, 10212, 2, 6856, 2706, 0, 572, 760, 0, 217, 54423, 555, 3, 45, 7674, 368, 425, 3, 32524, 10622, 21341, 0, 0, 32, 5481, 4688, 9650, 82, 0, 0, 19, 24, 137, 2, 54772, 46711, 49889, 1, 0, 0, 323,-
454,r0,5, 1052016, 1075,"  100d70:	e51b300c 	ldr	r3, [fp, #-12]",benign, 571, 167, 10215, 2, 6855, 2709, 0, 572, 760, 0, 230, 54368, 555, 3, 44, 8142, 377, 417, 3, 32553, 10542, 21341, 0, 0, 32, 5482, 4687, 9645, 83, 0, 0, 19, 24, 134, 2, 55115, 46655, 49888, 1, 0, 0, 325,-
455,r3,20, 1054100, 1072,"  101594:	e51b3018 	ldr	r3, [fp, #-24]	; 0xffffffe8",benign, 572, 168, 10226, 2, 6861, 2708, 0, 572, 759, 0, 222, 54397, 555, 3, 45, 7856, 604, 426, 4, 32894, 10612, 21313, 0, 0, 32, 5536, 4654, 9643, 84, 0, 0, 19, 25, 134, 2, 55110, 46547, 49638, 1, 0, 0, 320,-
456,r3,0, 1058757, 1070,"  1027c4:	e51b3010 	ldr	r3, [fp, #-16]",benign, 569, 169, 10227, 2, 6863, 2709, 0, 572, 760, 0, 224, 54214, 555, 3, 44, 7680, 366, 416, 4, 32612, 10536, 21303, 0, 0, 32, 5470, 4700, 9646, 82, 0, 0, 19, 24, 127, 2, 54791, 46552, 49680, 1, 0, 0, 316,-
457,r3,0, 1055372, 1065,"  101a8c:	e51b30d4 	ldr	r3, [fp, #-212]	; 0xffffff2c",benign, 566, 170, 10219, 2, 6854, 2707, 0, 572, 760, 0, 226, 54449, 555, 3, 46, 8206, 444, 637, 4, 32658, 10727, 21352, 0, 0, 32, 5486, 4684, 9655, 85, 0, 0, 19, 24, 133, 2, 55425, 46786, 49862, 1, 0, 0, 329,-
458,r3,5, 1053125, 1075,"  1011c4:	e51b3014 	ldr	r3, [fp, #-20]	; 0xffffffec",benign, 567, 160, 10232, 2, 6863, 2707, 0, 572, 760, 0, 223, 54102, 555, 3, 45, 7712, 365, 417, 4, 33041, 10879, 21303, 0, 0, 32, 5480, 4683, 9639, 81, 0, 0, 19, 23, 136, 2, 54902, 46705, 49838, 1, 0, 0, 324,-
459,r3,31, 1055197, 1070,"  1019dc:	e51b3010 	ldr	r3, [fp, #-16]",benign, 571, 167, 10193, 2, 6858, 2709, 0, 572, 760, 0, 218, 54082, 555, 3, 45, 8184, 366, 409, 3, 32716, 10687, 21347, 0, 0, 32, 5283, 4874, 9632, 81, 0, 0, 19, 24, 127, 2, 54728, 46766, 50091, 1, 0, 0, 323,-
460,r1,30, 1060642, 1070,"  102f20:	e8bd8800 	pop	{fp, pc}",benign, 612, 219, 10224, 2, 6859, 2707, 0, 572, 760, 0, 224, 54328, 555, 3, 45, 7893, 366, 426, 4, 32741, 10669, 21283, 0, 0, 32, 5217, 4954, 9644, 81, 0, 0, 18, 23, 140, 2, 55143, 47094, 50383, 1, 0, 0, 317,-
461,r3,13, 1053341, 1067,"  10129c:	e50b3010 	str	r3, [fp, #-16]",benign, 565, 165, 10219, 2, 6859, 2706, 0, 572, 760, 0, 232, 54591, 555, 3, 44, 8116, 393, 425, 4, 32602, 10609, 21319, 0, 0, 32, 5481, 4670, 9635, 82, 0, 0, 19, 24, 136, 2, 54674, 46296, 49436, 1, 0, 0, 355,-
462,r1,21, 1056607, 1075,"  101f5c:	e50b3010 	str	r3, [fp, #-16]",benign, 576, 181, 10222, 2, 6858, 2710, 0, 572, 760, 0, 223, 54808, 555, 3, 46, 8193, 365, 464, 4, 32959, 10995, 21321, 0, 0, 32, 5213, 4938, 9639, 81, 0, 0, 19, 26, 126, 2, 54915, 46461, 49660, 1, 0, 0, 324,-
463,r0,29, 1052327, 1072,"  100ea4:	e51b3140 	ldr	r3, [fp, #-320]	; 0xfffffec0",benign, 608, 216, 10220, 2, 6858, 2708, 0, 572, 759, 0, 221, 54537, 555, 3, 47, 7865, 372, 425, 3, 32755, 10738, 21318, 0, 0, 32, 5295, 4859, 9639, 80, 0, 0, 19, 23, 127, 2, 55069, 46900, 50075, 1, 0, 0, 326,-
465,r3,9, 1059711, 1065,"  102b7c:	e50b3020 	str	r3, [fp, #-32]	; 0xffffffe0",benign, 484, 54, 10247, 36, 6860, 2709, 0, 572, 760, 0, 227, 53920, 555, 3, 46, 7886, 349, 409, 3, 32525, 10575, 21313, 0, 0, 32, 5457, 4703, 9647, 80, 0, 0, 19, 24, 180, 2, 55238, 46602, 49807, 1, 0, 0, 324,-
466,r2,7, 1056888, 1071,"  102078:	e0011003 	and	r1, r1, r3",benign, 611, 216, 10230, 2, 6859, 2708, 0, 572, 760, 0, 225, 53941, 555, 3, 46, 8372, 360, 469, 3, 32987, 10942, 21282, 0, 0, 32, 5464, 4692, 9640, 79, 0, 0, 19, 25, 126, 2, 54905, 46625, 49814, 1, 0, 0, 372,-
467,r1,4, 1057255, 1072,"  1021e4:	e1811003 	orr	r1, r1, r3",benign, 612, 215, 10200, 2, 6858, 2710, 0, 572, 759, 0, 234, 54196, 555, 3, 46, 7756, 388, 465, 4, 33004, 10943, 21370, 0, 0, 32, 5289, 4878, 9644, 79, 0, 0, 19, 23, 142, 2, 55106, 46750, 49897, 1, 0, 0, 320,-
468,r0,10, 1060894, 1075,"  10301c:	e5932018 	ldr	r2, [r3, #24]",benign, 555, 167, 10231, 2, 6857, 2708, 0, 572, 759, 0, 223, 54545, 555, 3, 45, 8084, 366, 420, 5, 32716, 10727, 21363, 0, 0, 32, 5471, 4690, 9641, 81, 0, 0, 19, 25, 127, 2, 55103, 46467, 49590, 1, 0, 0, 323,-
469,r0,1, 1060218, 1070,"  102d78:	e0822003 	add	r2, r2, r3",benign, 563, 168, 10216, 2, 6862, 2710, 0, 572, 760, 0, 220, 53979, 555, 3, 46, 8233, 391, 416, 4, 33172, 11135, 21314, 0, 0, 32, 5544, 4634, 9647, 81, 0, 0, 19, 25, 136, 2, 54788, 46448, 49589, 1, 0, 0, 322,-
470,r1,15, 1052335, 1065,"  100eac:	e3073999 	movw	r3, #31129	; 0x7999",benign, 601, 203, 10234, 2, 6860, 2708, 0, 572, 759, 0, 220, 54082, 555, 3, 45, 7979, 378, 425, 4, 33073, 11075, 21330, 0, 0, 32, 5291, 4874, 9651, 81, 0, 0, 19, 24, 126, 2, 54718, 46427, 49603, 1, 0, 0, 321,-
471,r2,5, 1059767, 1075,"  102bb4:	e51b1010 	ldr	r1, [fp, #-16]",benign, 555, 159, 10219, 2, 6859, 2706, 0, 572, 760, 0, 232, 54456, 555, 3, 44, 8231, 364, 416, 3, 33071, 11134, 21304, 0, 0, 32, 5302, 4881, 9659, 82, 0, 0, 19, 25, 127, 2, 55056, 46410, 49532, 1, 0, 0, 321,-
472,r3,1, 1052512, 1071,"  100f60:	e51b300c 	ldr	r3, [fp, #-12]",benign, 621, 217, 10222, 2, 6857, 2710, 0, 572, 760, 0, 235, 54689, 555, 3, 45, 7876, 432, 424, 5, 33052, 10966, 21339, 0, 0, 32, 5343, 4929, 9644, 81, 0, 0, 19, 23, 133, 2, 54893, 46561, 49727, 1, 0, 0, 323,-
473,r3,29, 1052663, 1072,"  100ff4:	e51b3018 	ldr	r3, [fp, #-24]	; 0xffffffe8",benign, 571, 165, 10238, 2, 6861, 2707, 0, 572, 760, 0, 229, 54632, 555, 3, 44, 8048, 374, 414, 7, 32881, 10862, 21326, 0, 0, 32, 5526, 4727, 9637, 84, 0, 0, 19, 23, 133, 2, 54775, 46498, 49671, 1, 0, 0, 325,-
474,r0,20, 1052256, 1073,"  100e60:	e51b300c 	ldr	r3, [fp, #-12]",benign, 558, 160, 10216, 2, 6856, 2710, 0, 572, 760, 0, 217, 54522, 555, 3, 45, 7927, 547, 414, 4, 32879, 11011, 21342, 0, 0, 32, 5475, 4685, 9640, 82, 0, 0, 19, 24, 142, 2, 55197, 46325, 49562, 1, 0, 0, 323,-
475,r2,21, 1059111, 1071,"  102924:	e51b300c 	ldr	r3, [fp, #-12]",benign, 562, 165, 10202, 2, 6855, 2714, 0, 572, 760, 0, 223, 54030, 555, 3, 46, 8204, 431, 418, 4, 32657, 10716, 21298, 0, 0, 32, 5287, 4869, 9641, 80, 0, 0, 19, 23, 127, 2, 54678, 46494, 49687, 1, 0, 0, 373,-
476,r0,26, 1058489, 1069,"  1026b8:	e0822003 	add	r2, r2, r3",benign, 620, 216, 10218, 2, 6860, 2709, 0, 572, 760, 0, 229, 54947, 555, 3, 48, 7813, 408, 427, 5, 33100, 10932, 21298, 0, 0, 32, 5285, 4890, 9646, 81, 0, 0, 19, 24, 127, 2, 54622, 46600, 49800, 1, 0, 0, 316,-
477,r3,20, 1054643, 1077,"  1017b0:	e51b3018 	ldr	r3, [fp, #-24]	; 0xffffffe8",benign, 568, 166, 10224, 2, 6853, 2707, 0, 572, 760, 0, 226, 54567, 555, 3, 47, 7925, 382, 466, 3, 32955, 10924, 21355, 0, 0, 32, 5488, 4691, 9641, 81, 0, 0, 19, 23, 135, 2, 55272, 46400, 49553, 1, 0, 0, 373,-
478,r0,8, 1052034, 1070,"  100d80:	e51b300c 	ldr	r3, [fp, #-12]",benign, 561, 167, 10217, 2, 6857, 2710, 0, 572, 760, 0, 227, 54300, 555, 3, 45, 7656, 356, 407, 4, 32673, 10599, 21366, 0, 0, 32, 5287, 4874, 9646, 84, 0, 0, 19, 23, 126, 2, 54815, 46432, 49572, 1, 0, 0, 360,-
479,r1,13, 1060855, 1071,"  102ff4:	e51b3008 	ldr	r3, [fp, #-8]",benign, 555, 161, 10222, 2, 6861, 2710, 0, 572, 759, 0, 221, 53970, 555, 3, 46, 7892, 520, 416, 4, 32906, 10744, 21292, 0, 0, 32, 5482, 4677, 9649, 84, 0, 0, 19, 24, 135, 2, 55143, 46861, 50163, 1, 0, 0, 373,-
480,r2,28, 1060478, 1073,"  102e7c:	e51b3014 	ldr	r3, [fp, #-20]	; 0xffffffec",benign, 613, 220, 10219, 2, 6860, 2708, 0, 572, 760, 0, 222, 53973, 555, 3, 44, 7795, 368, 422, 3, 32836, 10833, 21320, 0, 0, 32, 5465, 4692, 9632, 79, 0, 0, 19, 25, 136, 2, 55045, 46617, 49805, 1, 0, 0, 316,-
481,r0,31, 1058534, 1073,"  1026e4:	e51b3014 	ldr	r3, [fp, #-20]	; 0xffffffec",benign, 564, 167, 10208, 2, 6858, 2711, 0, 572, 759, 0, 219, 54137, 555, 3, 45, 8236, 519, 425, 3, 32939, 10844, 21327, 0, 0, 32, 5480, 4697, 9639, 82, 0, 0, 19, 24, 126, 2, 55435, 46842, 50006, 1, 0, 0, 323,-
482,r2,21, 1059241, 1072,"  1029a8:	e0233001 	eor	r3, r3, r1",benign, 565, 167, 10238, 2, 6858, 2708, 0, 572, 760, 0, 226, 54048, 555, 3, 46, 7701, 426, 419, 4, 32621, 10702, 21294, 0, 0, 32, 5297, 4871, 9637, 81, 0, 0, 19, 23, 127, 2, 55371, 46445, 49611, 1, 0, 0, 359,-
483,r2,11, 1059422, 1068,"  102a5c:	e50b3010 	str	r3, [fp, #-16]",benign, 559, 165, 10217, 2, 6854, 2707, 0, 572, 759, 0, 221, 54106, 555, 3, 46, 7820, 364, 474, 3, 32897, 10890, 21302, 0, 0, 32, 5532, 4629, 9643, 81, 0, 0, 19, 25, 124, 2, 55092, 46935, 50096, 1, 0, 0, 316,-
484,r3,12, 1060368, 1070,"  102e10:	e51b3014 	ldr	r3, [fp, #-20]	; 0xffffffec",benign, 553, 159, 10200, 2, 6860, 2709, 0, 572, 760, 0, 222, 54649, 555, 3, 46, 7973, 386, 520, 4, 32487, 10511, 21308, 0, 0, 32, 5477, 4701, 9642, 80, 0, 0, 19, 24, 133, 2, 54969, 46877, 50045, 1, 0, 0, 323,-
485,r0,27, 1055387, 1070,"  101a98:	e3463ed9 	movt	r3, #28377	; 0x6ed9",benign, 564, 169, 10234, 2, 6858, 2709, 0, 572, 760, 0, 226, 54201, 555, 3, 47, 7859, 600, 425, 4, 32633, 10684, 21316, 0, 0, 32, 5088, 5185, 9653, 86, 0, 0, 19, 24, 133, 2, 55131, 46606, 49961, 1, 0, 0, 322,-
486,r0,29, 1059807, 1071,"  102bdc:	e30c31d6 	movw	r3, #49622	; 0xc1d6",benign, 618, 215, 10210, 2, 6866, 2714, 0, 572, 760, 0, 225, 54580, 555, 3, 44, 7937, 513, 416, 3, 32661, 10691, 21307, 0, 0, 32, 5491, 4691, 9655, 80, 0, 0, 19, 25, 127, 2, 55083, 46849, 50015, 1, 0, 0, 359,-
487,r1,18, 1060974, 1068,"  10306c:	e50b3010 	str	r3, [fp, #-16]",benign, 547, 161, 10218, 2, 6857, 2708, 0, 572, 760, 0, 230, 54090, 555, 3, 44, 8115, 376, 417, 4, 32992, 11054, 21291, 0, 0, 32, 5284, 4875, 9645, 80, 0, 0, 19, 24, 135, 2, 55170, 46558, 49649, 1, 0, 0, 326,-
488,r1,8, 1056780, 1073,"  10200c:	e1813003 	orr	r3, r1, r3",benign, 562, 168, 10220, 2, 6854, 2707, 0, 572, 759, 0, 225, 54921, 555, 3, 45, 7666, 367, 427, 4, 33375, 11186, 21330, 0, 0, 32, 5292, 4857, 9650, 84, 0, 0, 19, 26, 127, 2, 54710, 46626, 49826, 1, 0, 0, 323,-
489,r2,19, 1055122, 1071,"  101990:	e1a02de3 	ror	r2, r3, #27",benign, 574, 166, 10221, 2, 6855, 2706, 0, 572, 760, 0, 221, 54603, 555, 3, 44, 7819, 365, 467, 5, 32622, 10667, 21313, 0, 0, 32, 5295, 4884, 9650, 81, 0, 0, 19, 25, 127, 2, 55100, 46825, 50223, 1, 0, 0, 317,-
490,r3,19, 1061420, 1068,"  10322c:	e24b3a02 	sub	r3, fp, #8192	; 0x2000",benign, 583, 176, 10226, 2, 6861, 2710, 0, 572, 760, 0, 229, 54368, 555, 3, 45, 7925, 424, 472, 3, 32980, 10962, 21330, 0, 0, 32, 5234, 4951, 9645, 83, 0, 0, 18, 22, 124, 2, 54796, 46632, 49843, 1, 0, 0, 377,-
491,r0,19, 1054884, 1070,"  1018a4:	e51b300c 	ldr	r3, [fp, #-12]",benign, 555, 159, 10215, 2, 6859, 2709, 0, 572, 760, 0, 220, 54391, 555, 3, 45, 7678, 419, 469, 3, 33014, 11028, 21319, 0, 0, 32, 5500, 4752, 9648, 82, 0, 0, 19, 23, 127, 2, 54541, 46801, 50108, 1, 0, 0, 373,-
492,r0,25, 1054239, 1069,"  10161c:	e51b300c 	ldr	r3, [fp, #-12]",benign, 574, 166, 10220, 2, 6853, 2706, 0, 572, 760, 0, 225, 54306, 555, 3, 46, 8699, 387, 428, 3, 32956, 10901, 21312, 0, 0, 32, 5479, 4697, 9641, 80, 0, 0, 19, 24, 128, 2, 55217, 46560, 49745, 1, 0, 0, 320,-
493,r2,17, 1053030, 1073,"  101164:	e1813003 	orr	r3, r1, r3",benign, 763, 372, 10224, 2, 6856, 2708, 0, 572, 760, 0, 228, 54573, 555, 3, 46, 8004, 429, 413, 4, 32897, 10621, 21303, 0, 0, 32, 5478, 4716, 9652, 82, 0, 0, 19, 24, 126, 2, 55313, 46846, 50139, 1, 0, 0, 323,-
494,r0,21, 1054470, 1069,"  101704:	e51b300c 	ldr	r3, [fp, #-12]",benign, 619, 217, 10228, 2, 6857, 2709, 0, 572, 759, 0, 220, 54527, 555, 3, 46, 8106, 390, 417, 4, 33170, 11187, 21315, 0, 0, 32, 5245, 5001, 9655, 81, 0, 0, 19, 25, 134, 2, 55121, 46438, 49640, 1, 0, 0, 373,-
495,r1,17, 1061177, 1069,"  103138:	e3a02038 	mov	r2, #56	; 0x38",benign, 549, 160, 10223, 2, 6856, 2710, 0, 572, 759, 0, 222, 54123, 555, 3, 46, 8369, 367, 422, 3, 32539, 10595, 21343, 0, 0, 32, 5244, 4931, 9648, 83, 0, 0, 19, 26, 134, 2, 54917, 46782, 49948, 1, 0, 0, 323,-
496,r2,26, 1051820, 1067,"  100cac:	e51b3018 	ldr	r3, [fp, #-24]	; 0xffffffe8",benign, 565, 167, 10233, 2, 6858, 2709, 0, 572, 760, 0, 223, 54118, 555, 3, 46, 7977, 357, 405, 3, 32593, 10561, 21339, 0, 0, 32, 5497, 4687, 9638, 81, 0, 0, 19, 24, 126, 2, 54696, 46479, 49572, 1, 0, 0, 324,-
497,r3,3, 1061306, 1069,"  1031b8:	e24b3a02 	sub	r3, fp, #8192	; 0x2000",benign, 560, 166, 10215, 1, 6857, 2709, 0, 572, 760, 0, 220, 54582, 555, 3, 46, 7704, 445, 423, 3, 32494, 10579, 21313, 0, 0, 32, 5239, 4947, 9658, 81, 0, 0, 19, 23, 136, 2, 54803, 46880, 50076, 1, 0, 0, 319,-
498,r0,27, 1057145, 1074,"  102178:	e51b3018 	ldr	r3, [fp, #-24]	; 0xffffffe8",benign, 562, 164, 10216, 2, 6856, 2708, 0, 572, 760, 0, 229, 54089, 555, 3, 46, 8370, 591, 425, 4, 32439, 10504, 21310, 0, 0, 32, 5482, 4682, 9639, 83, 0, 0, 19, 26, 136, 2, 54752, 46774, 49981, 1, 0, 0, 322,-
