num,reg,pos,loc,input_seed,instraction,res,0,1,2,3,4,5,6,7,8,9,10,11,12,13,14,15,16,17,18,19,20,21,22,23,24,25,26,27,28,29,30,31,32,33,34,35,36,37,38,39,40,41,dump
0,r2,22, 1052023, 1061,"  100d74:	e50b300c 	str	r3, [fp, #-12]",benign, 525, 120, 10231, 2, 6849, 2689, 1, 560, 746, 0, 205, 53405, 538, 3, 11, 7245, 2, 375, 3, 32560, 10895, 21166, 0, 0, 28, 4855, 5336, 9621, 80, 0, 0, 17, 20, 34, 2, 53823, 45722, 48795, 1, 0, 0, 384,-
1,r2,1, 1057856, 1026,"  102440:	e51b1014 	ldr	r1, [fp, #-20]	; 0xffffffec",benign, 585, 201, 10228, 2, 6845, 2689, 1, 560, 746, 0, 200, 52940, 538, 3, 12, 7371, 2, 378, 3, 31764, 10144, 21162, 0, 0, 28, 5037, 5136, 9591, 77, 0, 0, 17, 20, 34, 2, 54368, 46202, 49298, 1, 0, 0, 374,-
2,r2,30, 1059735, 1025,"  102b94:	e51b300c 	ldr	r3, [fp, #-12]",benign, 607, 186, 10245, 2, 6852, 2694, 1, 567, 756, 0, 214, 53257, 550, 3, 9, 7801, 33, 376, 3, 32154, 10468, 21201, 0, 0, 30, 4818, 5425, 9614, 79, 0, 0, 17, 21, 34, 2, 53722, 45828, 48830, 1, 0, 0, 377,-
3,r0,5, 1059689, 1027,"  102b68:	e30c31d6 	movw	r3, #49622	; 0xc1d6",benign, 613, 182, 10234, 2, 6849, 2691, 1, 567, 756, 0, 216, 53865, 550, 3, 7, 7635, 2, 375, 3, 32054, 10395, 21242, 0, 0, 30, 5068, 5157, 9608, 77, 0, 0, 17, 20, 34, 2, 53675, 46012, 48999, 1, 0, 0, 374,-
4,r3,1, 1053020, 1027,"  10115c:	e1813003 	orr	r3, r1, r3",benign, 603, 185, 10241, 2, 6847, 2692, 1, 567, 756, 0, 215, 53425, 550, 3, 7, 8075, 2, 379, 3, 31961, 10251, 21207, 0, 0, 30, 4881, 5337, 9612, 78, 0, 0, 17, 21, 34, 2, 53778, 46100, 49134, 1, 0, 0, 377,-
5,r0,9, 1053658, 1023,"  1013d8:	e50b3020 	str	r3, [fp, #-32]	; 0xffffffe0",benign, 609, 182, 10250, 2, 6866, 2695, 1, 567, 756, 0, 209, 53733, 550, 3, 7, 7310, 2, 379, 3, 32573, 10858, 21186, 0, 0, 30, 4871, 5348, 9612, 78, 0, 0, 17, 20, 34, 2, 53770, 46198, 49195, 1, 0, 0, 374,-
6,r0,25, 1060312, 1032,"  102dd8:	e0233001 	eor	r3, r3, r1",benign, 596, 182, 10231, 2, 6845, 2691, 1, 567, 756, 0, 211, 53778, 550, 3, 7, 7323, 2, 379, 3, 32126, 10471, 21191, 0, 0, 30, 5036, 5190, 9632, 78, 0, 0, 17, 21, 34, 2, 54197, 46079, 49118, 1, 0, 0, 376,-
7,r2,31, 1061115, 1027,"  1030f8:	da000011 	ble	103144 <sha_final+0xac>",benign, 608, 182, 10239, 2, 6844, 2689, 1, 567, 756, 0, 218, 53526, 550, 3, 7, 7388, 2, 376, 3, 32133, 10434, 21196, 0, 0, 30, 4860, 5363, 9606, 78, 0, 0, 17, 21, 34, 2, 53781, 46429, 49567, 1, 0, 0, 374,-
8,r0,30, 1052742, 1029,"  101044:	e50b300c 	str	r3, [fp, #-12]",benign, 604, 182, 10246, 2, 6850, 2690, 1, 567, 756, 0, 207, 53226, 550, 3, 7, 7781, 2, 378, 3, 32316, 10585, 21180, 0, 0, 30, 4884, 5347, 9629, 79, 0, 0, 17, 21, 34, 2, 53839, 46366, 49386, 1, 0, 0, 374,-
9,r0,16, 1054252, 1026,"  10162c:	e51b1010 	ldr	r1, [fp, #-16]",benign, 788, 363, 10232, 2, 6850, 2689, 1, 567, 756, 0, 214, 53309, 550, 3, 7, 7893, 2, 376, 3, 31893, 10258, 21236, 0, 0, 30, 4883, 5343, 9619, 77, 0, 0, 17, 20, 34, 2, 53673, 46199, 49190, 1, 0, 0, 374,-
10,r1,6, 1057958, 1029,"  1024a4:	e51b300c 	ldr	r3, [fp, #-12]",benign, 613, 182, 10233, 2, 6850, 2693, 1, 567, 756, 0, 212, 53397, 550, 3, 7, 8053, 2, 379, 3, 32432, 10689, 21214, 0, 0, 30, 4881, 5341, 9614, 78, 0, 0, 17, 20, 34, 2, 53705, 46401, 49570, 1, 0, 0, 377,-
11,r3,1, 1056278, 1028,"  101e14:	e1813003 	orr	r3, r1, r3",benign, 606, 185, 10235, 2, 6844, 2686, 1, 567, 756, 0, 211, 53991, 550, 3, 7, 8116, 2, 379, 3, 32094, 10373, 21223, 0, 0, 30, 4880, 5361, 9612, 78, 0, 0, 17, 21, 34, 2, 53788, 45862, 48851, 1, 0, 0, 374,-
12,r2,0, 1054476, 1026,"  10170c:	e0211003 	eor	r1, r1, r3",benign, 604, 184, 10247, 2, 6853, 2692, 1, 567, 756, 0, 211, 53178, 550, 3, 7, 7542, 2, 375, 3, 31898, 10181, 21186, 0, 0, 30, 5063, 5161, 9619, 80, 0, 0, 17, 20, 34, 2, 53984, 45832, 48811, 1, 0, 0, 377,-
13,r0,2, 1054017, 1027,"  101540:	e50b3010 	str	r3, [fp, #-16]",benign, 596, 182, 10248, 2, 6856, 2690, 1, 567, 756, 0, 212, 53180, 550, 3, 7, 8109, 2, 376, 3, 32050, 10372, 21205, 0, 0, 30, 4878, 5367, 9602, 78, 0, 0, 17, 20, 34, 2, 54229, 46199, 49208, 1, 0, 0, 374,-
14,r0,27, 1059101, 1030,"  10291c:	e51b300c 	ldr	r3, [fp, #-12]",benign, 606, 185, 10231, 2, 6849, 2691, 4, 567, 756, 0, 213, 53611, 550, 3, 7, 7350, 2, 379, 3, 31881, 10183, 21213, 0, 0, 30, 4807, 5419, 9608, 77, 0, 0, 17, 20, 34, 2, 53946, 45941, 48975, 1, 0, 0, 374,-
15,r1,24, 1059156, 1027,"  102954:	e0823003 	add	r3, r2, r3",benign, 604, 185, 10240, 2, 6856, 2688, 1, 567, 756, 0, 212, 53126, 550, 3, 7, 7356, 2, 379, 3, 32311, 10585, 21167, 0, 0, 30, 5076, 5161, 9612, 79, 0, 0, 17, 21, 34, 2, 53824, 46424, 49561, 1, 0, 0, 374,-
16,r3,4, 1055570, 1031,"  101b50:	e0822003 	add	r2, r2, r3",benign, 606, 181, 10232, 2, 6848, 2691, 1, 567, 756, 0, 206, 53345, 550, 3, 7, 8082, 2, 375, 3, 31948, 10268, 21229, 0, 0, 30, 5064, 5166, 9609, 79, 0, 0, 17, 21, 34, 2, 53670, 45932, 48934, 1, 0, 0, 374,-
17,r0,3, 1051393, 1029,"  100b00:	e50b3018 	str	r3, [fp, #-24]	; 0xffffffe8",benign, 613, 184, 10233, 2, 6859, 2691, 1, 567, 756, 0, 209, 53600, 550, 3, 7, 7357, 2, 379, 3, 32502, 10804, 21237, 0, 0, 30, 4880, 5351, 9610, 77, 0, 0, 17, 20, 34, 2, 54498, 46153, 49163, 1, 0, 0, 373,-
18,r0,3, 1059739, 1031,"  102b98:	e50b3010 	str	r3, [fp, #-16]",benign, 601, 182, 10249, 2, 6855, 2691, 1, 567, 756, 0, 212, 53713, 550, 3, 7, 7693, 2, 379, 3, 32553, 10910, 21223, 0, 0, 30, 4876, 5359, 9614, 81, 0, 0, 17, 21, 34, 2, 54285, 45806, 48841, 1, 0, 0, 377,-
19,r0,9, 1054110, 1028,"  10159c:	e51b3010 	ldr	r3, [fp, #-16]",benign, 597, 182, 10241, 2, 6865, 2696, 1, 567, 756, 0, 213, 53273, 550, 3, 7, 7542, 2, 376, 3, 32562, 10820, 21170, 0, 0, 30, 4880, 5353, 9613, 79, 0, 0, 17, 21, 34, 2, 53524, 46420, 49740, 1, 0, 0, 377,-
20,r1,29, 1054684, 1026,"  1017dc:	e51b1010 	ldr	r1, [fp, #-16]",benign, 593, 181, 10238, 2, 6866, 2693, 1, 567, 756, 0, 217, 53998, 550, 3, 7, 7449, 2, 376, 3, 31857, 10233, 21196, 0, 0, 30, 5071, 5165, 9602, 79, 0, 0, 17, 20, 34, 2, 53646, 45774, 48787, 1, 0, 0, 374,-
21,r2,8, 1053270, 1032,"  101254:	e51b301c 	ldr	r3, [fp, #-28]	; 0xffffffe4",benign, 605, 182, 10229, 2, 6851, 2693, 1, 567, 756, 0, 214, 53263, 550, 3, 7, 7391, 2, 376, 3, 32015, 10332, 21259, 0, 0, 30, 5063, 5150, 9603, 78, 0, 0, 17, 20, 34, 2, 53708, 45831, 48927, 1, 0, 0, 374,-
22,r2,6, 1056711, 1028,"  101fc4:	e1a03163 	ror	r3, r3, #2",benign, 601, 182, 10235, 2, 6856, 2690, 1, 567, 756, 0, 219, 53300, 550, 3, 7, 8013, 2, 376, 3, 31852, 10145, 21183, 0, 0, 30, 4878, 5328, 9609, 81, 0, 0, 17, 21, 34, 2, 53980, 46274, 49254, 1, 0, 0, 377,-
23,r2,26, 1057564, 1029,"  10231c:	e51b3014 	ldr	r3, [fp, #-20]	; 0xffffffec",benign, 609, 182, 10238, 2, 6851, 2688, 3, 567, 756, 0, 209, 53109, 550, 3, 7, 7384, 2, 377, 3, 32259, 10521, 21188, 0, 0, 30, 4873, 5352, 9610, 81, 0, 0, 17, 20, 34, 2, 53824, 46324, 49270, 1, 0, 0, 373,-
24,r3,28, 1056674, 1029,"  101fa0:	e30b3cdc 	movw	r3, #48348	; 0xbcdc",benign, 608, 181, 10226, 2, 6846, 2691, 1, 567, 756, 0, 212, 53203, 550, 3, 7, 7434, 2, 379, 3, 31872, 10203, 21229, 0, 0, 30, 5022, 5219, 9624, 79, 0, 0, 17, 21, 34, 2, 53761, 46055, 49069, 1, 0, 0, 377,-
25,r1,26, 1054818, 1034,"  101860:	e51b301c 	ldr	r3, [fp, #-28]	; 0xffffffe4",benign, 606, 182, 10236, 2, 6865, 2691, 1, 567, 756, 0, 219, 53877, 550, 3, 7, 7406, 2, 375, 3, 32623, 10928, 21220, 0, 0, 30, 5061, 5164, 9603, 79, 0, 0, 17, 20, 34, 2, 53667, 46334, 49518, 1, 0, 0, 377,-
26,r2,0, 1054883, 1032,"  1018a0:	e50b3010 	str	r3, [fp, #-16]",benign, 601, 182, 10247, 2, 6859, 2690, 1, 567, 756, 0, 219, 54012, 550, 3, 7, 8031, 2, 376, 3, 32002, 10273, 21201, 0, 0, 30, 4883, 5348, 9606, 79, 0, 0, 17, 20, 34, 2, 53746, 45847, 48851, 1, 0, 0, 376,-
27,r2,0, 1054890, 1025,"  1018a8:	e50b300c 	str	r3, [fp, #-12]",benign, 590, 182, 10251, 2, 6857, 2691, 1, 567, 756, 0, 214, 53904, 550, 3, 7, 7449, 2, 376, 3, 31864, 10263, 21208, 0, 0, 30, 5066, 5163, 9610, 78, 0, 0, 17, 21, 34, 2, 54579, 46491, 49504, 1, 0, 0, 374,-
28,r3,17, 1058024, 1032,"  1024e8:	e0822003 	add	r2, r2, r3",benign, 597, 191, 10229, 2, 6849, 2691, 1, 567, 756, 0, 229, 54126, 550, 3, 7, 7708, 2, 376, 3, 31945, 10240, 21204, 0, 0, 30, 4891, 5474, 9612, 79, 0, 0, 17, 20, 34, 2, 53973, 46319, 49500, 1, 0, 0, 373,-
29,r3,25, 1051977, 1031,"  100d48:	e50b3020 	str	r3, [fp, #-32]	; 0xffffffe0",benign, 598, 181, 10238, 2, 6854, 2692, 1, 567, 756, 0, 212, 53724, 550, 3, 7, 7426, 2, 437, 3, 32009, 10309, 21192, 0, 0, 30, 5019, 5230, 9639, 79, 0, 0, 17, 20, 34, 2, 54095, 46291, 49283, 1, 0, 0, 377,-
30,r2,28, 1056450, 1025,"  101ec0:	e51b3014 	ldr	r3, [fp, #-20]	; 0xffffffec",benign, 605, 185, 10238, 2, 6855, 2691, 1, 567, 756, 0, 214, 53251, 550, 3, 7, 7345, 2, 375, 3, 32642, 10957, 21221, 0, 0, 30, 5062, 5172, 9619, 78, 0, 0, 17, 20, 34, 2, 53868, 45955, 48940, 1, 0, 0, 374,-
31,r1,29, 1055417, 1026,"  101ab8:	e51b300c 	ldr	r3, [fp, #-12]",benign, 607, 185, 10235, 2, 6848, 2689, 4, 567, 756, 0, 214, 53109, 550, 3, 7, 7470, 2, 378, 3, 32023, 10358, 21197, 0, 0, 30, 5059, 5171, 9612, 80, 0, 0, 17, 20, 34, 2, 53984, 46358, 49520, 1, 0, 0, 377,-
32,r2,23, 1054198, 1026,"  1015f4:	e50b3020 	str	r3, [fp, #-32]	; 0xffffffe0",benign, 595, 181, 10231, 2, 6856, 2691, 1, 567, 756, 0, 214, 54109, 550, 3, 7, 7420, 2, 376, 3, 31892, 10168, 21164, 0, 0, 30, 4822, 5394, 9606, 78, 0, 0, 17, 21, 34, 2, 54243, 46140, 49132, 1, 0, 0, 377,-
33,r1,30, 1061038, 1028,"  1030ac:	e5933014 	ldr	r3, [r3, #20]",benign, 599, 182, 10238, 2, 6846, 2691, 1, 567, 756, 0, 212, 53525, 550, 3, 7, 7767, 2, 376, 3, 31969, 10338, 21190, 0, 0, 30, 4876, 5342, 9609, 78, 0, 0, 17, 21, 34, 2, 53949, 46086, 49099, 1, 0, 0, 377,-
34,r2,23, 1053532, 1029,"  10135c:	e0823003 	add	r3, r2, r3",benign, 611, 185, 10237, 2, 6851, 2692, 1, 567, 756, 0, 215, 53382, 550, 3, 7, 7380, 2, 379, 3, 31977, 10285, 21198, 0, 0, 30, 4828, 5397, 9596, 79, 0, 0, 17, 21, 34, 2, 54376, 46290, 49518, 1, 0, 0, 374,-
35,r0,15, 1058602, 1028,"  102728:	e51b3068 	ldr	r3, [fp, #-104]	; 0xffffff98",benign, 613, 182, 10229, 2, 6850, 2689, 1, 567, 756, 0, 208, 53366, 550, 3, 7, 7715, 2, 375, 3, 32057, 10355, 21218, 0, 0, 30, 4883, 5353, 9613, 79, 0, 0, 17, 20, 34, 2, 53770, 45861, 48871, 1, 0, 0, 376,-
36,r0,27, 1058466, 1029,"  1026a0:	e51b3014 	ldr	r3, [fp, #-20]	; 0xffffffec",benign, 605, 185, 10244, 2, 6862, 2690, 1, 567, 756, 0, 208, 53297, 550, 3, 7, 7385, 2, 378, 3, 32685, 10950, 21235, 0, 0, 30, 4881, 5335, 9609, 76, 0, 0, 17, 21, 34, 2, 54197, 45763, 48714, 1, 0, 0, 374,-
37,r1,3, 1054728, 1030,"  101808:	e3463ed9 	movt	r3, #28377	; 0x6ed9",benign, 605, 182, 10233, 2, 6846, 2688, 1, 567, 756, 0, 208, 53911, 550, 3, 7, 7337, 2, 522, 3, 32607, 10919, 21177, 0, 0, 30, 4827, 5405, 9614, 79, 0, 0, 17, 21, 34, 2, 53793, 45966, 49016, 1, 0, 0, 374,-
38,r3,4, 1057112, 1028,"  102158:	e51b1014 	ldr	r1, [fp, #-20]	; 0xffffffec",benign, 603, 182, 10232, 2, 6848, 2690, 1, 567, 756, 0, 211, 53725, 550, 3, 7, 8025, 2, 376, 3, 32224, 10571, 21227, 0, 0, 30, 4879, 5356, 9615, 79, 0, 0, 17, 20, 34, 2, 54271, 45845, 48852, 1, 0, 0, 377,-
39,r2,12, 1053660, 1034,"  1013dc:	e51b3018 	ldr	r3, [fp, #-24]	; 0xffffffe8",benign, 603, 181, 10225, 2, 6855, 2693, 3, 567, 756, 0, 224, 53824, 550, 3, 7, 7835, 2, 378, 3, 32248, 10520, 21196, 0, 0, 30, 4883, 5347, 9619, 80, 0, 0, 17, 20, 34, 2, 54411, 46261, 49525, 1, 0, 0, 373,-
40,r0,28, 1060129, 1029,"  102d20:	e0823003 	add	r3, r2, r3",benign, 601, 181, 10235, 2, 6847, 2688, 1, 567, 756, 0, 212, 53304, 550, 3, 7, 8310, 2, 379, 3, 32403, 10779, 21175, 0, 0, 30, 5067, 5158, 9614, 79, 0, 0, 17, 21, 34, 2, 54428, 46319, 49447, 1, 0, 0, 374,-
41,r1,12, 1054599, 1030,"  101784:	e0822003 	add	r2, r2, r3",benign, 611, 184, 10229, 2, 6852, 2692, 1, 567, 756, 0, 213, 53472, 550, 3, 7, 7366, 2, 379, 3, 32482, 10797, 21219, 0, 0, 30, 4818, 5418, 9616, 79, 0, 0, 17, 20, 34, 2, 53731, 46321, 49483, 1, 0, 0, 377,-
42,r0,17, 1052762, 1029,"  101058:	e0011003 	and	r1, r1, r3",benign, 597, 182, 10237, 2, 6856, 2693, 1, 567, 756, 0, 223, 54179, 550, 3, 7, 7966, 2, 376, 3, 32646, 10939, 21181, 0, 0, 30, 5055, 5169, 9603, 78, 0, 0, 17, 20, 34, 2, 54450, 45944, 48910, 1, 0, 0, 377,-
43,r3,14, 1059547, 1030,"  102ad8:	e51b3014 	ldr	r3, [fp, #-20]	; 0xffffffec",benign, 611, 184, 10248, 2, 6852, 2690, 1, 567, 756, 0, 210, 53587, 550, 3, 7, 7526, 2, 375, 3, 31948, 10264, 21177, 0, 0, 30, 4884, 5362, 9619, 79, 0, 0, 17, 20, 34, 2, 54294, 46099, 49113, 1, 0, 0, 377,-
44,r3,11, 1059556, 1029,"  102ae4:	e0233001 	eor	r3, r3, r1",benign, 604, 182, 10236, 2, 6853, 2689, 1, 567, 756, 0, 210, 53869, 550, 3, 7, 7539, 2, 376, 3, 32084, 10407, 21249, 0, 0, 30, 4907, 5509, 9599, 77, 0, 0, 17, 20, 34, 2, 53948, 46416, 49608, 1, 0, 0, 377,-
45,r1,19, 1052937, 1029,"  101108:	e50b3020 	str	r3, [fp, #-32]	; 0xffffffe0",benign, 604, 182, 10233, 2, 6846, 2692, 1, 567, 756, 0, 218, 53307, 550, 3, 7, 7531, 2, 379, 3, 32017, 10317, 21215, 0, 0, 30, 4894, 5329, 9626, 79, 0, 0, 17, 20, 34, 2, 53796, 46469, 49593, 1, 0, 0, 377,-
46,r3,8, 1061285, 1029,"  1031a4:	e24b3a02 	sub	r3, fp, #8192	; 0x2000",benign, 597, 195, 10238, 2, 6847, 2689, 1, 567, 756, 0, 215, 53619, 550, 3, 7, 7377, 2, 375, 3, 31894, 10188, 21221, 0, 0, 30, 4867, 5341, 9612, 78, 0, 0, 17, 20, 34, 2, 54147, 46202, 49215, 1, 0, 0, 377,-
47,r1,24, 1053625, 1028,"  1013b8:	e0822003 	add	r2, r2, r3",benign, 600, 185, 10244, 2, 6853, 2691, 1, 567, 756, 0, 211, 53221, 550, 3, 7, 7915, 2, 376, 3, 32818, 11109, 21224, 0, 0, 30, 5065, 5173, 9621, 78, 0, 0, 17, 22, 34, 2, 53744, 45869, 48873, 1, 0, 0, 377,-
48,r2,6, 1056001, 1030,"  101d00:	e51b3018 	ldr	r3, [fp, #-24]	; 0xffffffe8",benign, 606, 182, 10234, 2, 6857, 2695, 1, 567, 756, 0, 215, 53771, 550, 3, 7, 7375, 2, 376, 3, 32105, 10418, 21245, 0, 0, 30, 5007, 5222, 9615, 78, 0, 0, 17, 20, 34, 2, 54468, 46135, 49135, 1, 0, 0, 377,-
49,r3,28, 1059855, 1029,"  102c0c:	e50b300c 	str	r3, [fp, #-12]",benign, 616, 181, 10233, 2, 6846, 2688, 1, 567, 756, 0, 209, 53188, 550, 3, 7, 7349, 2, 376, 3, 31926, 10203, 21179, 0, 0, 30, 4884, 5333, 9601, 77, 0, 0, 17, 20, 34, 2, 53674, 46216, 49134, 1, 0, 0, 374,-
50,r0,29, 1060234, 1030,"  102d88:	e34c3a62 	movt	r3, #51810	; 0xca62",benign, 598, 185, 10228, 2, 6841, 2691, 1, 567, 756, 0, 211, 53313, 550, 3, 7, 7897, 2, 376, 3, 32161, 10468, 21210, 0, 0, 30, 4889, 5348, 9615, 78, 0, 0, 17, 20, 34, 2, 54441, 46476, 49662, 1, 0, 0, 376,-
51,r1,17, 1051871, 1030,"  100cdc:	e51b3014 	ldr	r3, [fp, #-20]	; 0xffffffec",benign, 596, 185, 10245, 2, 6852, 2690, 1, 567, 756, 0, 210, 53962, 550, 3, 7, 7407, 2, 379, 3, 32475, 10823, 21198, 0, 0, 30, 4889, 5351, 9618, 78, 0, 0, 17, 21, 34, 2, 53825, 45873, 48777, 1, 0, 0, 374,-
52,r2,7, 1059596, 1030,"  102b0c:	e51b3018 	ldr	r3, [fp, #-24]	; 0xffffffe8",benign, 609, 185, 10230, 2, 6852, 2691, 1, 567, 756, 0, 213, 53689, 550, 3, 7, 7345, 2, 375, 3, 32166, 10438, 21181, 0, 0, 30, 4816, 5395, 9618, 77, 0, 0, 17, 21, 34, 2, 53743, 46135, 49156, 1, 0, 0, 376,-
53,r3,19, 1054522, 1030,"  101738:	e50b3020 	str	r3, [fp, #-32]	; 0xffffffe0",benign, 602, 182, 10250, 2, 6865, 2692, 1, 567, 756, 0, 214, 53222, 550, 3, 7, 7564, 2, 376, 3, 32039, 10354, 21213, 0, 0, 30, 4870, 5365, 9616, 77, 0, 0, 17, 20, 34, 2, 54418, 46239, 49261, 1, 0, 0, 373,-
54,r1,30, 1053548, 1029,"  10136c:	e51b3014 	ldr	r3, [fp, #-20]	; 0xffffffec",benign, 597, 182, 10240, 2, 6850, 2690, 1, 567, 756, 0, 211, 53368, 550, 3, 7, 7598, 2, 376, 3, 32023, 10307, 21193, 0, 0, 30, 4905, 5360, 9606, 77, 0, 0, 17, 21, 34, 2, 53719, 46431, 49547, 1, 0, 0, 373,-
55,r3,13, 1057680, 1028,"  102390:	e51b3018 	ldr	r3, [fp, #-24]	; 0xffffffe8",benign, 600, 182, 10235, 2, 6853, 2689, 1, 567, 756, 0, 210, 53146, 550, 3, 7, 7346, 2, 378, 3, 32641, 10952, 21201, 0, 0, 30, 4966, 5428, 9611, 78, 0, 0, 17, 20, 34, 2, 54187, 46374, 49534, 1, 0, 0, 377,-
56,r3,11, 1054541, 1032,"  10174c:	e51b3010 	ldr	r3, [fp, #-16]",benign, 592, 182, 10235, 2, 6846, 2691, 3, 567, 756, 0, 210, 53904, 550, 3, 7, 7526, 2, 376, 3, 31828, 10156, 21188, 0, 0, 30, 5067, 5153, 9596, 78, 0, 0, 17, 20, 34, 2, 53972, 46490, 49682, 1, 0, 0, 377,-
57,r3,7, 1054579, 1028,"  101770:	e51b1010 	ldr	r1, [fp, #-16]",benign, 602, 195, 10250, 2, 6857, 2691, 1, 567, 756, 0, 211, 53635, 550, 3, 7, 7554, 2, 376, 3, 31909, 10232, 21180, 0, 0, 30, 4895, 5338, 9615, 79, 0, 0, 17, 20, 34, 2, 54289, 46524, 49745, 1, 0, 0, 373,-
58,r0,21, 1060656, 1031,"  102f30:	e3023301 	movw	r3, #8961	; 0x2301",benign, 598, 182, 10235, 2, 6850, 2690, 1, 567, 756, 0, 206, 53254, 550, 3, 7, 7350, 2, 376, 3, 31993, 10275, 21207, 0, 0, 30, 4879, 5344, 9608, 79, 0, 0, 20, 21, 36, 2, 53635, 45956, 48936, 1, 0, 0, 554,-
59,r0,28, 1060809, 1031,"  102fc8:	e1a03183 	lsl	r3, r3, #3",benign, 596, 181, 10229, 2, 6848, 2691, 1, 567, 756, 0, 211, 53197, 550, 3, 7, 7371, 2, 376, 3, 31997, 10365, 21177, 0, 0, 30, 5062, 5164, 9604, 79, 0, 0, 17, 20, 34, 2, 53825, 46387, 49502, 1, 0, 0, 374,-
60,r3,10, 1059878, 1030,"  102c24:	e51b3018 	ldr	r3, [fp, #-24]	; 0xffffffe8",benign, 609, 185, 10245, 2, 6854, 2692, 1, 567, 756, 0, 206, 53567, 550, 3, 7, 7588, 2, 378, 3, 31875, 10216, 21238, 0, 0, 30, 4880, 5352, 9621, 77, 0, 0, 17, 22, 34, 2, 53893, 46159, 49150, 1, 0, 0, 384,-
61,r3,26, 1058270, 1035,"  1025dc:	e51b301c 	ldr	r3, [fp, #-28]	; 0xffffffe4",benign, 605, 185, 10241, 2, 6851, 2691, 1, 567, 756, 0, 215, 53315, 550, 3, 7, 7343, 2, 378, 3, 32275, 10594, 21192, 0, 0, 30, 4890, 5336, 9596, 78, 0, 0, 17, 20, 34, 2, 53864, 46158, 49153, 1, 0, 0, 377,-
62,r2,20, 1051403, 1028,"  100b08:	e1a03163 	ror	r3, r3, #2",benign, 607, 185, 10235, 2, 6848, 2693, 1, 567, 756, 0, 210, 53960, 550, 3, 7, 7527, 2, 375, 3, 32649, 10884, 21176, 0, 0, 30, 5081, 5139, 9634, 79, 0, 0, 17, 20, 34, 2, 54402, 46447, 49648, 1, 0, 0, 374,-
63,r2,22, 1060378, 1026,"  102e18:	e50b3014 	str	r3, [fp, #-20]	; 0xffffffec",benign, 599, 181, 10254, 2, 6861, 2692, 4, 567, 756, 0, 214, 53929, 550, 3, 7, 7974, 2, 379, 3, 32084, 10376, 21209, 0, 0, 30, 4885, 5324, 9615, 78, 0, 0, 17, 20, 34, 2, 53806, 46023, 49027, 1, 0, 0, 374,-
64,r2,12, 1056703, 1027,"  101fbc:	e50b3018 	str	r3, [fp, #-24]	; 0xffffffe8",benign, 596, 182, 10243, 2, 6856, 2690, 1, 567, 756, 0, 215, 53235, 550, 3, 7, 7469, 2, 375, 3, 31761, 10073, 21216, 0, 0, 30, 4868, 5362, 9622, 78, 0, 0, 17, 20, 34, 2, 54385, 45924, 48898, 1, 0, 0, 374,-
65,r2,0, 1058194, 1031,"  102590:	e51b3010 	ldr	r3, [fp, #-16]",benign, 610, 182, 10235, 2, 6847, 2691, 1, 567, 756, 0, 210, 53462, 550, 3, 7, 7275, 2, 376, 3, 31875, 10203, 21243, 0, 0, 30, 4883, 5332, 9606, 77, 0, 0, 17, 22, 34, 2, 53963, 46500, 49591, 1, 0, 0, 374,-
66,r3,13, 1059619, 1027,"  102b20:	e1a03163 	ror	r3, r3, #2",benign, 602, 185, 10232, 2, 6847, 2690, 1, 567, 756, 0, 206, 53257, 550, 3, 7, 7476, 2, 379, 3, 32028, 10307, 21208, 0, 0, 30, 4887, 5342, 9618, 78, 0, 0, 17, 20, 34, 2, 53661, 46029, 49040, 1, 0, 0, 377,-
67,r1,2, 1055867, 1027,"  101c78:	e51b300c 	ldr	r3, [fp, #-12]",benign, 602, 194, 10242, 2, 6852, 2693, 1, 567, 756, 0, 220, 53829, 550, 3, 7, 7339, 2, 378, 3, 32044, 10397, 21215, 0, 0, 30, 4814, 5414, 9613, 77, 0, 0, 17, 20, 34, 2, 54347, 46327, 49504, 1, 0, 0, 377,-
68,r3,9, 1059637, 1032,"  102b34:	e50b300c 	str	r3, [fp, #-12]",benign, 614, 184, 10243, 2, 6857, 2693, 1, 567, 756, 0, 220, 53318, 550, 3, 7, 7279, 2, 379, 3, 32245, 10540, 21200, 0, 0, 30, 4883, 5359, 9608, 79, 0, 0, 17, 20, 34, 2, 54515, 46030, 49025, 1, 0, 0, 377,-
69,r1,25, 1052938, 1033,"  101108:	e50b3020 	str	r3, [fp, #-32]	; 0xffffffe0",benign, 604, 182, 10235, 2, 6843, 2690, 1, 567, 756, 0, 214, 53441, 550, 3, 7, 7659, 3, 386, 3, 32303, 10590, 21208, 0, 0, 30, 5031, 5191, 9624, 78, 0, 0, 17, 20, 34, 2, 53850, 45819, 48812, 1, 0, 0, 377,-
70,r2,7, 1057285, 1033,"  102204:	e51b3094 	ldr	r3, [fp, #-148]	; 0xffffff6c",benign, 606, 185, 10214, 2, 6840, 2688, 1, 567, 756, 0, 207, 53159, 550, 3, 7, 7527, 2, 378, 3, 31818, 10197, 21209, 0, 0, 30, 5078, 5142, 9625, 79, 0, 0, 17, 20, 34, 2, 54224, 46472, 49480, 1, 0, 0, 374,-
71,r0,2, 1058413, 1031,"  10266c:	e50b301c 	str	r3, [fp, #-28]	; 0xffffffe4",benign, 604, 182, 10246, 2, 6850, 2688, 1, 567, 756, 0, 213, 53985, 550, 3, 7, 8129, 2, 379, 3, 32636, 10994, 21209, 0, 0, 30, 4880, 5349, 9604, 77, 0, 0, 17, 20, 34, 2, 53552, 45857, 48863, 1, 0, 0, 374,-
72,r1,12, 1057074, 1028,"  102130:	e50b3018 	str	r3, [fp, #-24]	; 0xffffffe8",benign, 609, 185, 10231, 2, 6846, 2689, 1, 567, 756, 0, 210, 53398, 550, 3, 7, 7390, 2, 376, 3, 32622, 10913, 21184, 0, 0, 30, 4894, 5355, 9620, 79, 0, 0, 17, 21, 34, 2, 53932, 46030, 49017, 1, 0, 0, 374,-
73,r1,19, 1061248, 1027,"  103180:	e51b0018 	ldr	r0, [fp, #-24]	; 0xffffffe8",benign, 610, 185, 10240, 2, 6867, 2694, 1, 567, 756, 0, 209, 53589, 550, 3, 7, 7465, 2, 379, 3, 32672, 10922, 21177, 0, 0, 30, 4872, 5360, 9612, 77, 0, 0, 17, 20, 34, 2, 53617, 46332, 49466, 1, 0, 0, 373,-
74,r1,2, 1054425, 1032,"  1016d8:	e51b3014 	ldr	r3, [fp, #-20]	; 0xffffffec",benign, 608, 182, 10237, 2, 6846, 2692, 1, 567, 756, 0, 208, 53110, 550, 3, 7, 7646, 2, 379, 3, 32808, 11070, 21215, 0, 0, 30, 5087, 5139, 9614, 79, 0, 0, 17, 20, 34, 2, 54248, 45788, 48835, 1, 0, 0, 377,-
75,r1,21, 1061193, 1030,"  103148:	e283201c 	add	r2, r3, #28",benign, 613, 182, 10234, 2, 6853, 2691, 1, 567, 756, 0, 223, 53184, 550, 3, 7, 7371, 2, 376, 3, 31825, 10102, 21187, 0, 0, 30, 4865, 5371, 9617, 82, 0, 0, 17, 20, 34, 2, 54370, 45995, 48965, 1, 0, 0, 373,-
76,r3,6, 1052065, 1027,"  100da0:	e0822003 	add	r2, r2, r3",benign, 782, 366, 10228, 2, 6845, 2690, 1, 567, 756, 0, 214, 54098, 550, 3, 7, 7403, 3, 386, 3, 32092, 10502, 21195, 0, 0, 30, 4884, 5336, 9604, 77, 0, 0, 17, 20, 34, 2, 53955, 45933, 48916, 1, 0, 0, 377,-
77,r3,30, 1057801, 1030,"  102408:	e50b3020 	str	r3, [fp, #-32]	; 0xffffffe0",benign, 597, 194, 10245, 2, 6868, 2695, 1, 567, 756, 0, 217, 53416, 550, 3, 7, 7779, 2, 378, 3, 32913, 11224, 21244, 0, 0, 30, 4810, 5412, 9618, 78, 0, 0, 17, 20, 34, 2, 54379, 46228, 49238, 1, 0, 0, 377,-
78,r3,17, 1058587, 1032,"  102718:	e0233001 	eor	r3, r3, r1",benign, 609, 184, 10230, 2, 6856, 2693, 1, 567, 756, 0, 216, 53693, 550, 3, 7, 7364, 2, 376, 3, 32469, 10857, 21208, 0, 0, 30, 5060, 5162, 9600, 78, 0, 0, 17, 20, 34, 2, 54469, 46476, 49479, 1, 0, 0, 374,-
79,r2,8, 1059418, 1027,"  102a58:	e51b3020 	ldr	r3, [fp, #-32]	; 0xffffffe0",benign, 608, 181, 10234, 2, 6862, 2693, 1, 567, 756, 0, 210, 53305, 550, 3, 7, 7312, 2, 378, 3, 32677, 10995, 21212, 0, 0, 30, 5054, 5159, 9603, 79, 0, 0, 17, 20, 34, 2, 53693, 46411, 49580, 1, 0, 0, 374,-
80,r2,23, 1056678, 1026,"  101fa4:	e3483f1b 	movt	r3, #36635	; 0x8f1b",benign, 609, 184, 10237, 2, 6852, 2691, 1, 567, 756, 0, 213, 53725, 550, 3, 7, 7444, 3, 389, 3, 32349, 10638, 21243, 0, 0, 30, 4873, 5356, 9618, 79, 0, 0, 17, 22, 34, 2, 53662, 46435, 49619, 1, 0, 0, 374,-
81,r1,10, 1059189, 1029,"  102974:	e50b3014 	str	r3, [fp, #-20]	; 0xffffffec",benign, 600, 182, 10238, 2, 6848, 2689, 1, 567, 756, 0, 216, 53299, 550, 3, 7, 7360, 2, 379, 3, 32659, 10956, 21177, 0, 0, 30, 4891, 5330, 9619, 78, 0, 0, 17, 20, 34, 2, 53806, 46017, 49037, 1, 0, 0, 374,-
82,r2,11, 1056166, 1025,"  101da4:	e0822003 	add	r2, r2, r3",benign, 598, 181, 10229, 2, 6844, 2687, 1, 567, 756, 0, 211, 53963, 550, 3, 7, 7777, 2, 376, 3, 32636, 10919, 21172, 0, 0, 30, 4826, 5406, 9615, 79, 0, 0, 17, 20, 34, 2, 54121, 45917, 48893, 1, 0, 0, 605,-
83,r1,9, 1058647, 1028,"  102754:	e1a03163 	ror	r3, r3, #2",benign, 604, 182, 10241, 2, 6860, 2691, 1, 567, 756, 0, 219, 53399, 550, 3, 7, 8217, 2, 379, 3, 31993, 10317, 21221, 0, 0, 30, 4906, 5373, 9599, 77, 0, 0, 17, 21, 34, 2, 54427, 46492, 49589, 1, 0, 0, 377,-
84,r1,28, 1061475, 1026,"  103260:	ebffff4f 	bl	102fa4 <sha_update>",benign, 610, 185, 10234, 2, 6855, 2691, 1, 567, 756, 0, 211, 53293, 550, 3, 7, 8129, 3, 386, 3, 31846, 10251, 21218, 0, 0, 30, 5049, 5166, 9607, 78, 0, 0, 17, 20, 34, 2, 53717, 46527, 49647, 1, 0, 0, 376,-
85,r0,13, 1055515, 1032,"  101b18:	e51b3010 	ldr	r3, [fp, #-16]",benign, 610, 185, 10235, 2, 6854, 2689, 1, 567, 756, 0, 214, 53947, 550, 3, 7, 7957, 2, 376, 3, 31943, 10224, 21180, 0, 0, 30, 5015, 5219, 9623, 79, 0, 0, 17, 20, 34, 2, 53783, 45865, 48807, 1, 0, 0, 377,-
86,r3,31, 1056725, 1027,"  101fd4:	e51b3020 	ldr	r3, [fp, #-32]	; 0xffffffe0",benign, 604, 182, 10232, 2, 6857, 2692, 1, 567, 756, 0, 210, 53127, 550, 3, 7, 7682, 2, 376, 3, 32226, 10610, 21204, 0, 0, 30, 5069, 5160, 9609, 77, 0, 0, 17, 20, 34, 2, 53724, 45815, 48813, 1, 0, 0, 374,-
87,r0,10, 1053697, 1027,"  101400:	e51b3020 	ldr	r3, [fp, #-32]	; 0xffffffe0",benign, 609, 182, 10246, 2, 6859, 2687, 1, 567, 756, 0, 211, 53892, 550, 3, 7, 7502, 2, 375, 3, 32547, 10832, 21170, 0, 0, 30, 4881, 5349, 9611, 79, 0, 0, 17, 20, 34, 2, 54001, 45888, 48900, 1, 0, 0, 374,-
88,r2,29, 1061377, 1034,"  103200:	e3530a02 	cmp	r3, #8192	; 0x2000",benign, 608, 185, 10232, 2, 6844, 2690, 1, 567, 756, 0, 207, 53964, 550, 3, 7, 8119, 2, 376, 3, 32195, 10513, 21242, 0, 0, 30, 5059, 5179, 9619, 78, 0, 0, 17, 20, 34, 2, 53639, 45895, 48902, 1, 0, 0, 376,-
89,r1,22, 1054421, 1025,"  1016d4:	e50b301c 	str	r3, [fp, #-28]	; 0xffffffe4",benign, 599, 182, 10237, 2, 6857, 2691, 1, 567, 756, 0, 209, 53102, 550, 3, 7, 7389, 2, 376, 3, 31954, 10292, 21178, 0, 0, 30, 4824, 5394, 9607, 78, 0, 0, 20, 21, 36, 2, 53655, 45967, 48962, 1, 0, 0, 374,-
90,r0,10, 1059516, 1027,"  102abc:	e51b300c 	ldr	r3, [fp, #-12]",benign, 598, 182, 10247, 2, 6865, 2697, 1, 567, 756, 0, 219, 53234, 550, 3, 7, 7446, 2, 379, 3, 32222, 10497, 21181, 0, 0, 30, 4861, 5347, 9596, 78, 0, 0, 17, 20, 34, 2, 53704, 45868, 48875, 1, 0, 0, 374,-
91,r2,11, 1060410, 1030,"  102e38:	e51b3014 	ldr	r3, [fp, #-20]	; 0xffffffec",benign, 606, 181, 10240, 2, 6861, 2694, 1, 567, 756, 0, 210, 53998, 550, 3, 7, 7533, 2, 376, 3, 31854, 10225, 21195, 0, 0, 30, 4888, 5336, 9615, 79, 0, 0, 17, 20, 34, 2, 54275, 46045, 49043, 1, 0, 0, 374,-
92,r0,13, 1055976, 1031,"  101ce8:	e50b3010 	str	r3, [fp, #-16]",benign, 642, 222, 10232, 2, 6841, 2693, 1, 567, 756, 0, 207, 53372, 550, 3, 7, 7961, 2, 379, 3, 32380, 10673, 21229, 0, 0, 30, 4861, 5370, 9611, 79, 0, 0, 17, 20, 34, 2, 54495, 46295, 49288, 1, 0, 0, 374,-
93,r1,31, 1056011, 1032,"  101d08:	e51b3010 	ldr	r3, [fp, #-16]",benign, 603, 182, 10233, 2, 6851, 2692, 4, 567, 756, 0, 212, 53445, 550, 3, 7, 7593, 2, 376, 3, 31947, 10222, 21216, 0, 0, 30, 5073, 5155, 9614, 78, 0, 0, 20, 22, 36, 2, 53709, 46246, 49254, 1, 0, 0, 387,-
94,r2,23, 1052162, 1032,"  100e00:	e0011003 	and	r1, r1, r3",benign, 599, 194, 10249, 2, 6860, 2692, 1, 567, 756, 0, 209, 53309, 550, 3, 7, 7492, 2, 376, 3, 31983, 10359, 21199, 0, 0, 30, 4878, 5351, 9606, 77, 0, 0, 17, 20, 34, 2, 54395, 46522, 49640, 1, 0, 0, 376,-
95,r2,24, 1060542, 1025,"  102ebc:	e0822003 	add	r2, r2, r3",benign, 605, 182, 10257, 2, 6868, 2691, 1, 567, 756, 0, 208, 53355, 550, 3, 7, 7502, 2, 511, 3, 32599, 10954, 21185, 0, 0, 30, 4882, 5353, 9609, 77, 0, 0, 17, 20, 34, 2, 53675, 46240, 49353, 1, 0, 0, 386,-
96,r0,12, 1059654, 1026,"  102b44:	e51b3014 	ldr	r3, [fp, #-20]	; 0xffffffec",benign, 593, 182, 10233, 2, 6855, 2692, 1, 567, 756, 0, 214, 53241, 550, 3, 7, 7399, 2, 376, 3, 31865, 10114, 21189, 0, 0, 30, 4876, 5353, 9611, 78, 0, 0, 17, 20, 34, 2, 53749, 45882, 48844, 1, 0, 0, 377,-
97,r3,9, 1059242, 1029,"  1029a8:	e51b301c 	ldr	r3, [fp, #-28]	; 0xffffffe4",benign, 600, 182, 10237, 2, 6856, 2690, 1, 567, 756, 0, 207, 53239, 550, 3, 7, 7992, 2, 376, 3, 32694, 11003, 21199, 0, 0, 30, 4884, 5335, 9612, 78, 0, 0, 17, 20, 34, 2, 53709, 45785, 48744, 1, 0, 0, 374,-
98,r1,16, 1055293, 1031,"  101a3c:	e50b3018 	str	r3, [fp, #-24]	; 0xffffffe8",benign, 598, 182, 10232, 2, 6845, 2687, 1, 567, 756, 0, 216, 53838, 550, 3, 7, 7709, 2, 376, 3, 32044, 10360, 21199, 0, 0, 30, 5129, 5210, 9615, 79, 0, 0, 17, 20, 34, 2, 54035, 46407, 49543, 1, 0, 0, 376,-
99,r1,5, 1052740, 1028,"  101044:	e50b300c 	str	r3, [fp, #-12]",benign, 608, 194, 10238, 2, 6859, 2694, 1, 567, 756, 0, 210, 53246, 550, 3, 7, 7392, 2, 379, 3, 31949, 10309, 21211, 0, 0, 30, 4878, 5352, 9616, 78, 0, 0, 17, 20, 34, 2, 53658, 46202, 49213, 1, 0, 0, 377,-
100,r2,13, 1058526, 1029,"  1026dc:	e51b3014 	ldr	r3, [fp, #-20]	; 0xffffffec",benign, 602, 184, 10234, 2, 6847, 2694, 1, 567, 756, 0, 208, 53256, 550, 3, 7, 7572, 2, 379, 3, 31938, 10246, 21205, 0, 0, 30, 4888, 5341, 9604, 79, 0, 0, 17, 20, 34, 2, 54045, 45895, 48910, 1, 0, 0, 377,-
101,r2,0, 1054616, 1032,"  101798:	e30e3ba1 	movw	r3, #60321	; 0xeba1",benign, 601, 182, 10238, 2, 6851, 2693, 1, 567, 756, 0, 210, 53924, 550, 3, 7, 7604, 2, 379, 3, 32254, 10530, 21195, 0, 0, 30, 5061, 5158, 9604, 77, 0, 0, 17, 21, 34, 2, 53692, 45881, 48815, 1, 0, 0, 377,-
102,r2,27, 1054725, 1031,"  101804:	e30e3ba1 	movw	r3, #60321	; 0xeba1",benign, 600, 185, 10243, 2, 6855, 2693, 1, 567, 756, 0, 212, 53233, 550, 3, 7, 8244, 2, 378, 3, 32182, 10453, 21191, 0, 0, 30, 5081, 5155, 9619, 78, 0, 0, 17, 21, 34, 2, 53916, 45867, 48846, 1, 0, 0, 374,-
103,r2,28, 1060758, 1035,"  102f94:	e320f000 	nop	{0}",benign, 610, 185, 10229, 2, 6861, 2694, 1, 567, 756, 0, 210, 53489, 550, 3, 7, 7527, 2, 379, 3, 31915, 10241, 21199, 0, 0, 30, 4874, 5353, 9606, 78, 0, 0, 17, 20, 34, 2, 54056, 46352, 49485, 1, 0, 0, 374,-
104,r1,30, 1052848, 1031,"  1010b0:	e51b300c 	ldr	r3, [fp, #-12]",benign, 620, 185, 10241, 2, 6852, 2691, 3, 567, 756, 0, 213, 53231, 550, 3, 7, 7446, 2, 375, 3, 32406, 10703, 21215, 0, 0, 30, 4881, 5338, 9604, 77, 0, 0, 17, 20, 34, 2, 54226, 45867, 48843, 1, 0, 0, 374,-
105,r2,11, 1052432, 1030,"  100f10:	e0822003 	add	r2, r2, r3",benign, 600, 184, 10253, 2, 6865, 2694, 1, 567, 756, 0, 222, 54131, 550, 3, 7, 8109, 2, 376, 3, 32005, 10416, 21226, 0, 0, 30, 4818, 5405, 9608, 77, 0, 0, 17, 20, 34, 2, 54407, 46258, 49442, 1, 0, 0, 377,-
106,r3,22, 1055856, 1032,"  101c70:	e51b3020 	ldr	r3, [fp, #-32]	; 0xffffffe0",benign, 595, 184, 10237, 2, 6855, 2692, 1, 567, 756, 0, 211, 54086, 550, 3, 7, 7633, 2, 378, 3, 31836, 10172, 21201, 0, 0, 30, 4869, 5341, 9609, 79, 0, 0, 17, 20, 34, 2, 54480, 46292, 49489, 1, 0, 0, 377,-
107,r1,27, 1054669, 1028,"  1017cc:	e51b3020 	ldr	r3, [fp, #-32]	; 0xffffffe0",benign, 596, 192, 10238, 2, 6850, 2692, 1, 567, 756, 0, 210, 53422, 550, 3, 7, 7329, 2, 376, 3, 31917, 10180, 21178, 0, 0, 30, 4884, 5349, 9612, 79, 0, 0, 17, 20, 34, 2, 53810, 45866, 48811, 1, 0, 0, 376,-
108,r3,2, 1051150, 1039,"  100a0c:	e243300e 	sub	r3, r3, #14",benign, 592, 181, 10242, 2, 6854, 2689, 1, 567, 756, 0, 218, 53296, 550, 3, 7, 7543, 2, 379, 3, 31980, 10264, 21239, 0, 0, 30, 5067, 5156, 9614, 78, 0, 0, 17, 20, 34, 2, 54274, 46350, 49497, 1, 0, 0, 386,-
109,r2,31, 1054074, 1031,"  101578:	e0822003 	add	r2, r2, r3",benign, 812, 385, 10232, 2, 6854, 2691, 1, 567, 756, 0, 217, 53752, 550, 3, 7, 7615, 2, 379, 3, 32350, 10615, 21233, 0, 0, 30, 4883, 5353, 9612, 77, 0, 0, 17, 20, 34, 2, 54231, 45870, 48791, 1, 0, 0, 377,-
110,r3,26, 1052767, 1029,"  10105c:	e51b3010 	ldr	r3, [fp, #-16]",benign, 600, 194, 10249, 2, 6856, 2691, 1, 567, 756, 0, 212, 53723, 550, 3, 7, 7451, 2, 378, 3, 32784, 11055, 21206, 0, 0, 30, 5061, 5161, 9609, 79, 0, 0, 17, 20, 34, 2, 53896, 46516, 49672, 1, 0, 0, 374,-
111,r0,21, 1057926, 1030,"  102484:	e50b3020 	str	r3, [fp, #-32]	; 0xffffffe0",benign, 610, 185, 10247, 2, 6864, 2694, 1, 567, 756, 0, 215, 53261, 550, 3, 7, 7419, 2, 378, 3, 31861, 10230, 21207, 0, 0, 30, 4872, 5355, 9612, 78, 0, 0, 17, 20, 34, 2, 54070, 45961, 48954, 1, 0, 0, 377,-
112,r1,16, 1054357, 1028,"  101694:	e1a02de3 	ror	r2, r3, #27",benign, 603, 182, 10253, 2, 6857, 2692, 1, 567, 756, 0, 213, 53966, 550, 3, 7, 7878, 2, 376, 3, 32162, 10555, 21200, 0, 0, 30, 4883, 5362, 9621, 78, 0, 0, 17, 20, 34, 2, 53647, 46175, 49173, 1, 0, 0, 384,-
113,r1,10, 1052830, 1034,"  10109c:	e51b3014 	ldr	r3, [fp, #-20]	; 0xffffffec",benign, 594, 182, 10236, 2, 6848, 2691, 1, 567, 756, 0, 219, 53884, 550, 3, 7, 7377, 2, 379, 3, 32059, 10338, 21227, 0, 0, 30, 4872, 5360, 9622, 78, 0, 0, 17, 20, 34, 2, 53756, 45868, 48869, 1, 0, 0, 373,-
114,r0,1, 1051924, 1033,"  100d14:	e51b3010 	ldr	r3, [fp, #-16]",benign, 610, 184, 10247, 2, 6852, 2692, 1, 567, 756, 0, 210, 53297, 550, 3, 7, 7476, 2, 378, 3, 32242, 10592, 21208, 0, 0, 30, 4894, 5355, 9623, 80, 0, 0, 17, 20, 34, 2, 54557, 46045, 49014, 1, 0, 0, 374,-
115,r2,17, 1051343, 1031,"  100acc:	e1813003 	orr	r3, r1, r3",benign, 605, 185, 10240, 2, 6850, 2690, 1, 567, 756, 0, 209, 54003, 550, 3, 7, 7947, 2, 376, 3, 32263, 10590, 21217, 0, 0, 30, 4885, 5341, 9606, 77, 0, 0, 17, 20, 34, 2, 53594, 46046, 49027, 1, 0, 0, 376,-
116,r2,8, 1058181, 1031,"  102584:	e50b301c 	str	r3, [fp, #-28]	; 0xffffffe4",benign, 611, 182, 10244, 2, 6850, 2689, 1, 567, 756, 0, 214, 53278, 550, 3, 7, 7531, 2, 378, 3, 32693, 10965, 21179, 0, 0, 30, 4866, 5356, 9610, 78, 0, 0, 17, 20, 34, 2, 53668, 45997, 49009, 1, 0, 0, 373,-
117,r3,23, 1058161, 1037,"  102570:	e30b3cdc 	movw	r3, #48348	; 0xbcdc",benign, 612, 184, 10246, 2, 6863, 2690, 1, 567, 756, 0, 209, 53398, 550, 3, 7, 8092, 2, 375, 3, 31948, 10290, 21241, 0, 0, 30, 5046, 5175, 9596, 79, 0, 0, 17, 20, 34, 2, 53935, 46512, 49798, 1, 0, 0, 376,-
118,r2,28, 1052819, 1035,"  101090:	e50b3020 	str	r3, [fp, #-32]	; 0xffffffe0",benign, 606, 181, 10241, 2, 6856, 2690, 1, 567, 756, 0, 208, 53537, 550, 3, 7, 8256, 2, 376, 3, 32369, 10679, 21218, 0, 0, 30, 4915, 5386, 9617, 77, 0, 0, 17, 20, 34, 2, 54308, 46360, 49532, 1, 0, 0, 374,-
119,r1,7, 1057564, 1035,"  10231c:	e51b3014 	ldr	r3, [fp, #-20]	; 0xffffffec",benign, 597, 182, 10245, 2, 6862, 2693, 1, 567, 756, 0, 212, 53866, 550, 3, 7, 7479, 2, 376, 3, 32031, 10385, 21214, 0, 0, 30, 4870, 5353, 9603, 77, 0, 0, 17, 20, 34, 2, 53590, 45987, 48999, 1, 0, 0, 377,-
120,r0,23, 1052062, 1034,"  100d9c:	e1813003 	orr	r3, r1, r3",benign, 608, 185, 10246, 2, 6853, 2688, 1, 567, 756, 0, 213, 53831, 550, 3, 7, 8243, 2, 376, 3, 32550, 10911, 21185, 0, 0, 30, 4813, 5410, 9607, 77, 0, 0, 17, 22, 34, 2, 53750, 45859, 48883, 1, 0, 0, 377,-
121,r2,28, 1053802, 1033,"  101468:	e50b3010 	str	r3, [fp, #-16]",benign, 595, 182, 10233, 2, 6840, 2689, 1, 567, 756, 0, 212, 53295, 550, 3, 7, 8178, 2, 377, 3, 32439, 10729, 21224, 0, 0, 30, 4892, 5343, 9598, 78, 0, 0, 17, 20, 34, 2, 54379, 46492, 49437, 1, 0, 0, 374,-
122,r2,14, 1058188, 1036,"  10258c:	e50b3018 	str	r3, [fp, #-24]	; 0xffffffe8",benign, 593, 181, 10237, 2, 6851, 2694, 1, 567, 756, 0, 210, 53909, 550, 3, 7, 7803, 2, 379, 3, 31968, 10246, 21208, 0, 0, 30, 4815, 5400, 9602, 78, 0, 0, 17, 20, 34, 2, 53747, 46163, 49176, 1, 0, 0, 374,-
123,r0,15, 1060508, 1031,"  102e9c:	e5932000 	ldr	r2, [r3]",benign, 600, 185, 10236, 2, 6860, 2691, 1, 567, 756, 0, 208, 53244, 550, 3, 7, 7869, 2, 379, 3, 32219, 10520, 21257, 0, 0, 30, 4971, 5425, 9606, 77, 0, 0, 17, 20, 34, 2, 54506, 46412, 49387, 1, 0, 0, 375,-
124,r2,16, 1053066, 1031,"  101188:	e50b301c 	str	r3, [fp, #-28]	; 0xffffffe4",benign, 603, 182, 10237, 2, 6846, 2689, 1, 567, 756, 0, 218, 53277, 550, 3, 7, 7757, 2, 375, 3, 32237, 10608, 21217, 0, 0, 30, 5010, 5201, 9616, 77, 0, 0, 17, 20, 34, 2, 53602, 46368, 49529, 1, 0, 0, 377,-
125,r0,10, 1055782, 1035,"  101c24:	e0233001 	eor	r3, r3, r1",benign, 614, 185, 10239, 2, 6849, 2692, 1, 567, 756, 0, 209, 53153, 550, 3, 7, 7664, 2, 378, 3, 32554, 10893, 21187, 0, 0, 30, 5082, 5137, 9613, 79, 0, 0, 17, 21, 34, 2, 54145, 45803, 48801, 1, 0, 0, 377,-
126,r3,5, 1059648, 1033,"  102b40:	e51b1010 	ldr	r1, [fp, #-16]",benign, 604, 184, 10237, 2, 6851, 2692, 1, 567, 756, 0, 212, 53215, 550, 3, 7, 7912, 2, 376, 3, 31970, 10295, 21247, 0, 0, 30, 5057, 5167, 9603, 78, 0, 0, 17, 21, 34, 2, 54014, 45845, 48883, 1, 0, 0, 377,-
127,r1,15, 1056817, 1036,"  102030:	e50b301c 	str	r3, [fp, #-28]	; 0xffffffe4",benign, 610, 184, 10243, 2, 6861, 2692, 1, 567, 756, 0, 211, 53451, 550, 3, 7, 7325, 2, 378, 3, 32681, 11038, 21179, 0, 0, 30, 5065, 5160, 9609, 77, 0, 0, 17, 20, 34, 2, 54442, 46521, 49734, 1, 0, 0, 383,-
128,r1,6, 1051398, 1035,"  100b04:	e51b3010 	ldr	r3, [fp, #-16]",benign, 599, 182, 10240, 2, 6859, 2691, 1, 567, 756, 0, 213, 53300, 550, 3, 7, 8067, 2, 376, 3, 31945, 10223, 21192, 0, 0, 30, 5053, 5164, 9613, 77, 0, 0, 17, 20, 34, 2, 54070, 45898, 48853, 1, 0, 0, 374,-
129,r0,0, 1060456, 1029,"  102e68:	e50b3020 	str	r3, [fp, #-32]	; 0xffffffe0",benign, 603, 181, 10229, 2, 6859, 2695, 1, 567, 756, 0, 219, 54014, 550, 3, 7, 7594, 2, 376, 3, 31972, 10346, 21211, 0, 0, 30, 4893, 5353, 9626, 77, 0, 0, 17, 20, 34, 2, 54262, 45919, 48959, 1, 0, 0, 374,-
130,r0,18, 1059210, 1041,"  102988:	e51b300c 	ldr	r3, [fp, #-12]",benign, 606, 182, 10226, 2, 6844, 2689, 1, 567, 756, 0, 208, 53265, 550, 3, 7, 7731, 2, 378, 3, 32177, 10438, 21213, 0, 0, 30, 5088, 5155, 9614, 79, 0, 0, 17, 20, 34, 2, 54160, 46284, 49578, 1, 0, 0, 387,-
131,r2,22, 1059464, 1033,"  102a88:	e51b3048 	ldr	r3, [fp, #-72]	; 0xffffffb8",benign, 609, 191, 10232, 2, 6855, 2692, 3, 567, 756, 0, 218, 53867, 550, 3, 7, 7299, 2, 379, 3, 32449, 10782, 21193, 0, 0, 30, 4887, 5337, 9607, 79, 0, 0, 17, 20, 34, 2, 53571, 46254, 49418, 1, 0, 0, 373,-
132,r1,22, 1053732, 1028,"  101424:	e0822003 	add	r2, r2, r3",benign, 606, 182, 10241, 2, 6850, 2690, 3, 567, 756, 0, 213, 53289, 550, 3, 7, 7310, 2, 379, 3, 32340, 10657, 21181, 0, 0, 30, 5071, 5143, 9596, 78, 0, 0, 17, 21, 34, 2, 53841, 46311, 49326, 1, 0, 0, 374,-
133,r0,6, 1056408, 1037,"  101e98:	e51b301c 	ldr	r3, [fp, #-28]	; 0xffffffe4",benign, 600, 184, 10233, 2, 6848, 2688, 1, 567, 756, 0, 213, 53353, 550, 3, 7, 7374, 3, 386, 3, 32371, 10672, 21213, 0, 0, 30, 5062, 5175, 9621, 78, 0, 0, 17, 20, 34, 2, 53569, 45822, 48789, 1, 0, 0, 374,-
134,r2,16, 1052562, 1034,"  100f90:	e0822003 	add	r2, r2, r3",benign, 600, 184, 10236, 2, 6846, 2687, 1, 567, 756, 0, 207, 53181, 550, 3, 7, 8233, 2, 379, 3, 32323, 10657, 21265, 0, 0, 30, 4878, 5354, 9603, 77, 0, 0, 17, 20, 34, 2, 54107, 46333, 49476, 1, 0, 0, 377,-
135,r0,18, 1053809, 1034,"  101470:	e50b300c 	str	r3, [fp, #-12]",benign, 595, 185, 10233, 2, 6845, 2689, 1, 567, 756, 0, 227, 53370, 550, 3, 7, 7471, 2, 375, 3, 31990, 10266, 21257, 0, 0, 30, 4886, 5350, 9616, 80, 0, 0, 17, 21, 34, 2, 54248, 46508, 49713, 1, 0, 0, 373,-
136,r0,5, 1051142, 1034,"  100a04:	e0222003 	eor	r2, r2, r3",benign, 610, 184, 10238, 2, 6848, 2692, 1, 567, 756, 0, 214, 53329, 550, 3, 7, 7416, 2, 376, 3, 32007, 10317, 21202, 0, 0, 30, 5017, 5226, 9627, 78, 0, 0, 17, 20, 34, 2, 53730, 45873, 48913, 1, 0, 0, 377,-
137,r0,8, 1055790, 1036,"  101c2c:	e51b301c 	ldr	r3, [fp, #-28]	; 0xffffffe4",benign, 607, 185, 10236, 2, 6849, 2689, 1, 567, 756, 0, 208, 53816, 550, 3, 7, 7420, 2, 376, 3, 31914, 10191, 21183, 0, 0, 30, 4871, 5344, 9617, 79, 0, 0, 17, 20, 34, 2, 53807, 46457, 49420, 1, 0, 0, 374,-
138,r2,29, 1058014, 1031,"  1024dc:	e1813003 	orr	r3, r1, r3",benign, 597, 182, 10248, 2, 6857, 2691, 1, 567, 756, 0, 212, 53603, 550, 3, 7, 7743, 2, 376, 3, 31893, 10164, 21181, 0, 0, 30, 4883, 5351, 9611, 78, 0, 0, 17, 20, 34, 2, 54103, 45967, 48968, 1, 0, 0, 414,-
139,r1,12, 1057720, 1029,"  1023b8:	e50b300c 	str	r3, [fp, #-12]",benign, 609, 182, 10237, 2, 6853, 2689, 1, 567, 756, 0, 213, 53190, 550, 3, 7, 7391, 2, 376, 3, 32102, 10433, 21228, 0, 0, 30, 4885, 5343, 9618, 79, 0, 0, 20, 21, 36, 2, 53670, 45801, 48836, 1, 0, 0, 377,-
140,r2,20, 1061123, 1033,"  103100:	e283201c 	add	r2, r3, #28",benign, 599, 181, 10235, 2, 6858, 2694, 1, 567, 756, 0, 217, 53256, 550, 3, 7, 7603, 2, 379, 3, 32366, 10750, 21200, 0, 0, 30, 4877, 5338, 9608, 78, 0, 0, 17, 20, 34, 2, 53788, 45952, 48950, 1, 0, 0, 373,-
141,r0,13, 1052493, 1033,"  100f4c:	e50b3010 	str	r3, [fp, #-16]",benign, 607, 184, 10238, 2, 6859, 2691, 1, 567, 756, 0, 207, 54011, 550, 3, 7, 7607, 2, 376, 3, 32163, 10453, 21220, 0, 0, 30, 4874, 5355, 9619, 78, 0, 0, 17, 21, 34, 2, 54014, 45878, 48851, 1, 0, 0, 374,-
142,r0,11, 1051373, 1034,"  100aec:	e0823003 	add	r3, r2, r3",benign, 602, 185, 10239, 2, 6851, 2691, 1, 567, 756, 0, 216, 53500, 550, 3, 7, 7712, 2, 376, 3, 32558, 10886, 21206, 0, 0, 30, 4880, 5347, 9602, 78, 0, 0, 17, 20, 34, 2, 54341, 46364, 49527, 1, 0, 0, 373,-
143,r1,20, 1057693, 1035,"  10239c:	e50b3018 	str	r3, [fp, #-24]	; 0xffffffe8",benign, 601, 184, 10249, 2, 6855, 2694, 1, 567, 756, 0, 216, 53951, 550, 3, 7, 8251, 3, 386, 3, 32524, 10873, 21195, 0, 0, 30, 4864, 5364, 9607, 77, 0, 0, 17, 20, 34, 2, 53902, 46584, 49598, 1, 0, 0, 374,-
144,r1,18, 1057310, 1034,"  10221c:	e51b3018 	ldr	r3, [fp, #-24]	; 0xffffffe8",benign, 598, 182, 10235, 2, 6850, 2691, 1, 567, 756, 0, 211, 53229, 550, 3, 7, 7391, 2, 376, 3, 32088, 10421, 21202, 0, 0, 30, 4880, 5340, 9611, 79, 0, 0, 17, 20, 34, 2, 54392, 46076, 49070, 1, 0, 0, 377,-
145,r1,6, 1058844, 1035,"  10281c:	e50b301c 	str	r3, [fp, #-28]	; 0xffffffe4",benign, 608, 185, 10238, 2, 6847, 2688, 1, 567, 756, 0, 207, 53379, 550, 3, 7, 7346, 2, 376, 3, 31861, 10119, 21219, 0, 0, 30, 4873, 5346, 9609, 78, 0, 0, 17, 20, 34, 2, 53680, 46245, 49348, 1, 0, 0, 377,-
146,r1,4, 1051921, 1041,"  100d10:	e0011003 	and	r1, r1, r3",benign, 600, 182, 10252, 2, 6859, 2689, 1, 567, 756, 0, 213, 53163, 550, 3, 7, 7414, 2, 376, 3, 32860, 11181, 21221, 0, 0, 30, 4814, 5413, 9608, 78, 0, 0, 17, 21, 34, 2, 54196, 46294, 49306, 1, 0, 0, 377,-
147,r0,20, 1052889, 1031,"  1010d8:	e1e00003 	mvn	r0, r3",benign, 611, 182, 10238, 2, 6846, 2692, 1, 567, 756, 0, 203, 53125, 550, 3, 7, 7954, 2, 376, 3, 31902, 10254, 21195, 0, 0, 30, 4870, 5358, 9609, 77, 0, 0, 17, 20, 34, 2, 53645, 46494, 49662, 1, 0, 0, 373,-
148,r0,19, 1053184, 1036,"  101200:	e50b301c 	str	r3, [fp, #-28]	; 0xffffffe4",benign, 615, 185, 10243, 2, 6863, 2693, 1, 567, 756, 0, 210, 53258, 550, 3, 7, 7477, 2, 376, 3, 32123, 10392, 21213, 0, 0, 30, 4874, 5360, 9620, 78, 0, 0, 20, 21, 36, 2, 54011, 46299, 49367, 1, 0, 0, 384,-
149,r2,1, 1054538, 1032,"  101748:	e50b3018 	str	r3, [fp, #-24]	; 0xffffffe8",benign, 593, 182, 10226, 2, 6855, 2694, 1, 567, 756, 0, 216, 54076, 550, 3, 7, 7564, 2, 376, 3, 32271, 10527, 21199, 0, 0, 30, 4868, 5344, 9603, 79, 0, 0, 17, 20, 34, 2, 54482, 46508, 49494, 1, 0, 0, 374,-
150,r0,15, 1061507, 1033,"  103280:	3affffd9 	bcc	1031ec <sha_stream+0x58>",benign, 608, 185, 10252, 2, 6857, 2693, 4, 567, 756, 0, 212, 53385, 550, 3, 7, 7636, 2, 378, 3, 32098, 10426, 21238, 0, 0, 30, 5053, 5177, 9613, 78, 0, 0, 17, 20, 34, 2, 54452, 46220, 49289, 1, 0, 0, 374,-
151,r2,8, 1052260, 1029,"  100e64:	e50b300c 	str	r3, [fp, #-12]",benign, 609, 185, 10239, 2, 6867, 2692, 1, 567, 756, 0, 214, 53589, 550, 3, 7, 7451, 2, 376, 3, 31987, 10300, 21234, 0, 0, 30, 4873, 5358, 9624, 78, 0, 0, 17, 20, 34, 2, 54321, 46258, 49279, 1, 0, 0, 376,-
152,r0,2, 1060057, 1033,"  102cd8:	e51b300c 	ldr	r3, [fp, #-12]",benign, 683, 258, 10229, 2, 6847, 2691, 1, 567, 756, 0, 214, 53432, 550, 3, 7, 7516, 2, 379, 3, 31901, 10211, 21211, 0, 0, 30, 5055, 5172, 9611, 78, 0, 0, 20, 21, 36, 2, 53668, 46354, 49559, 1, 0, 0, 377,-
153,r2,0, 1058358, 1029,"  102634:	e51b3014 	ldr	r3, [fp, #-20]	; 0xffffffec",benign, 604, 184, 10250, 2, 6856, 2693, 1, 567, 756, 0, 208, 53284, 550, 3, 7, 7430, 2, 379, 3, 32113, 10453, 21199, 0, 0, 30, 5062, 5152, 9603, 77, 0, 0, 17, 20, 34, 2, 54397, 46217, 49296, 1, 0, 0, 384,-
154,r3,0, 1057821, 1033,"  10241c:	e51b3010 	ldr	r3, [fp, #-16]",benign, 605, 182, 10252, 2, 6877, 2696, 1, 567, 756, 0, 211, 54014, 550, 3, 7, 8000, 2, 379, 3, 32021, 10284, 21222, 0, 0, 30, 5061, 5169, 9617, 78, 0, 0, 17, 20, 34, 2, 54216, 46187, 49192, 1, 0, 0, 377,-
155,r0,0, 1057773, 1032,"  1023ec:	e51b301c 	ldr	r3, [fp, #-28]	; 0xffffffe4",benign, 605, 185, 10235, 2, 6865, 2696, 1, 567, 756, 0, 227, 53807, 550, 3, 7, 7331, 2, 376, 3, 31995, 10308, 21258, 0, 0, 30, 4824, 5399, 9605, 78, 0, 0, 17, 20, 34, 2, 53696, 45910, 48938, 1, 0, 0, 374,-
156,r3,20, 1051178, 1033,"  100a28:	e2433010 	sub	r3, r3, #16",benign, 610, 185, 10254, 2, 6861, 2692, 1, 567, 756, 0, 218, 53407, 550, 3, 7, 7732, 2, 375, 3, 31961, 10311, 21240, 0, 0, 30, 5072, 5159, 9607, 78, 0, 0, 17, 21, 34, 2, 54188, 46444, 49568, 1, 0, 0, 384,-
157,r3,11, 1059640, 1030,"  102b38:	e51b300c 	ldr	r3, [fp, #-12]",benign, 614, 192, 10229, 2, 6858, 2695, 1, 567, 756, 0, 213, 53725, 550, 3, 7, 8089, 2, 376, 3, 31908, 10235, 21191, 0, 0, 30, 5066, 5161, 9610, 78, 0, 0, 20, 21, 36, 2, 54005, 46240, 49222, 1, 0, 0, 374,-
158,r0,3, 1061378, 1033,"  103200:	e3530a02 	cmp	r3, #8192	; 0x2000",benign, 611, 185, 10249, 2, 6863, 2694, 4, 567, 756, 0, 212, 53195, 550, 3, 7, 7989, 2, 379, 3, 32078, 10393, 21182, 0, 0, 30, 5038, 5204, 9628, 78, 0, 0, 17, 20, 34, 2, 54132, 46201, 49155, 1, 0, 0, 373,-
159,r1,22, 1060214, 1033,"  102d74:	e51b301c 	ldr	r3, [fp, #-28]	; 0xffffffe4",benign, 607, 195, 10244, 2, 6857, 2693, 1, 567, 756, 0, 209, 53390, 550, 3, 7, 7423, 2, 379, 3, 32150, 10449, 21245, 0, 0, 30, 5058, 5153, 9616, 78, 0, 0, 17, 21, 34, 2, 53871, 46417, 49572, 1, 0, 0, 374,-
160,r2,5, 1057551, 1038,"  10230c:	e0823003 	add	r3, r2, r3",benign, 601, 182, 10245, 2, 6851, 2691, 1, 567, 756, 0, 206, 53846, 550, 3, 7, 7766, 2, 379, 3, 32679, 10960, 21162, 0, 0, 30, 4894, 5358, 9621, 80, 0, 0, 17, 22, 34, 2, 54578, 46069, 49028, 1, 0, 0, 374,-
161,r3,2, 1052160, 1037,"  100e00:	e0011003 	and	r1, r1, r3",benign, 604, 185, 10237, 2, 6856, 2691, 1, 567, 756, 0, 216, 53508, 550, 3, 7, 7347, 2, 379, 3, 31852, 10130, 21171, 0, 0, 30, 4880, 5343, 9614, 78, 0, 0, 17, 20, 34, 2, 53624, 46284, 49505, 1, 0, 0, 386,-
162,r0,27, 1059056, 1032,"  1028f0:	e51b3018 	ldr	r3, [fp, #-24]	; 0xffffffe8",benign, 596, 182, 10223, 2, 6847, 2691, 1, 567, 756, 0, 215, 53776, 550, 3, 7, 8020, 2, 377, 3, 31956, 10265, 21199, 0, 0, 30, 4820, 5414, 9622, 81, 0, 0, 17, 20, 34, 2, 53583, 46161, 49236, 1, 0, 0, 377,-
163,r1,11, 1052849, 1030,"  1010b0:	e51b300c 	ldr	r3, [fp, #-12]",benign, 605, 182, 10239, 2, 6853, 2691, 1, 567, 756, 0, 214, 54057, 550, 3, 7, 7451, 2, 378, 3, 32197, 10563, 21182, 0, 0, 30, 4826, 5390, 9618, 78, 0, 0, 17, 21, 34, 2, 54281, 46373, 49537, 1, 0, 0, 374,-
164,r0,1, 1058118, 1033,"  102544:	e51b3010 	ldr	r3, [fp, #-16]",benign, 599, 181, 10244, 2, 6856, 2691, 1, 567, 756, 0, 207, 53844, 550, 3, 7, 7453, 2, 376, 3, 32079, 10433, 21237, 0, 0, 30, 4877, 5362, 9610, 78, 0, 0, 17, 21, 34, 2, 54058, 46294, 49277, 1, 0, 0, 383,-
165,r2,22, 1060385, 1032,"  102e20:	e50b3010 	str	r3, [fp, #-16]",benign, 606, 184, 10245, 2, 6851, 2691, 1, 567, 756, 0, 211, 53276, 550, 3, 7, 7890, 2, 377, 3, 31925, 10172, 21191, 0, 0, 30, 4874, 5342, 9609, 78, 0, 0, 17, 20, 34, 2, 54259, 45885, 48892, 1, 0, 0, 374,-
166,r1,14, 1056427, 1034,"  101ea8:	e30b3cdc 	movw	r3, #48348	; 0xbcdc",benign, 605, 184, 10248, 2, 6861, 2695, 1, 567, 756, 0, 223, 54037, 550, 3, 7, 7419, 2, 375, 3, 32078, 10382, 21186, 0, 0, 30, 4865, 5365, 9609, 77, 0, 0, 17, 20, 34, 2, 54229, 46220, 49198, 1, 0, 0, 377,-
167,r2,5, 1057515, 1033,"  1022e8:	e0033000 	and	r3, r3, r0",benign, 601, 183, 10236, 2, 6852, 2691, 1, 567, 756, 0, 210, 53963, 550, 3, 7, 8256, 2, 375, 3, 32164, 10530, 21220, 0, 0, 30, 5091, 5144, 9615, 77, 0, 0, 17, 20, 34, 2, 53767, 45945, 48892, 1, 0, 0, 374,-
169,r0,19, 1061428, 1030,"  103234:	e1a00003 	mov	r0, r3",benign, 466, 17, 10250, 34, 6849, 2692, 1, 567, 756, 0, 217, 53498, 550, 3, 7, 7969, 2, 376, 3, 32220, 10511, 21227, 0, 0, 30, 4824, 5403, 9609, 79, 0, 0, 17, 22, 34, 2, 53735, 45862, 48836, 1, 0, 0, 374,-
170,r0,5, 1051452, 1036,"  100b3c:	e51b3018 	ldr	r3, [fp, #-24]	; 0xffffffe8",benign, 611, 185, 10242, 2, 6863, 2694, 1, 567, 756, 0, 216, 53631, 550, 3, 7, 7357, 2, 376, 3, 32663, 10956, 21212, 0, 0, 30, 4883, 5343, 9621, 77, 0, 0, 17, 20, 34, 2, 54417, 45946, 48905, 1, 0, 0, 384,-
171,r0,27, 1056379, 1034,"  101e78:	e1811003 	orr	r1, r1, r3",benign, 611, 185, 10242, 2, 6853, 2690, 1, 567, 756, 0, 213, 53809, 550, 3, 7, 7494, 2, 379, 3, 32655, 10941, 21214, 0, 0, 30, 4868, 5346, 9603, 77, 0, 0, 17, 20, 34, 2, 54462, 46226, 49245, 1, 0, 0, 374,-
172,r0,8, 1053131, 1032,"  1011c8:	e1e00003 	mvn	r0, r3",benign, 606, 182, 10230, 2, 6853, 2692, 1, 567, 756, 0, 210, 53335, 550, 3, 7, 7356, 2, 376, 3, 31985, 10330, 21193, 0, 0, 30, 5062, 5149, 9613, 77, 0, 0, 17, 20, 34, 2, 53756, 46092, 49069, 1, 0, 0, 374,-
173,r2,3, 1055075, 1030,"  101960:	e51b3014 	ldr	r3, [fp, #-20]	; 0xffffffec",benign, 598, 181, 10230, 2, 6855, 2690, 1, 567, 756, 0, 207, 53550, 550, 3, 7, 7768, 2, 379, 3, 32549, 10868, 21192, 0, 0, 30, 4884, 5343, 9615, 77, 0, 0, 17, 21, 34, 2, 54379, 46341, 49473, 1, 0, 0, 377,-
174,r0,7, 1052364, 1033,"  100ecc:	e50b3014 	str	r3, [fp, #-20]	; 0xffffffec",benign, 603, 181, 10227, 2, 6853, 2694, 4, 567, 756, 0, 211, 53702, 550, 3, 7, 8042, 2, 379, 3, 32698, 11040, 21242, 0, 0, 30, 4879, 5333, 9607, 78, 0, 0, 17, 20, 34, 2, 53605, 45827, 48848, 1, 0, 0, 374,-
175,r1,0, 1054694, 1031,"  1017e4:	e0211003 	eor	r1, r1, r3",benign, 603, 182, 10236, 2, 6853, 2690, 1, 567, 756, 0, 215, 53277, 550, 3, 7, 7809, 2, 378, 3, 31993, 10335, 21202, 0, 0, 30, 4883, 5341, 9614, 78, 0, 0, 17, 20, 34, 2, 53778, 46248, 49336, 1, 0, 0, 384,-
176,r0,11, 1060451, 1032,"  102e60:	e34c3a62 	movt	r3, #51810	; 0xca62",benign, 602, 182, 10233, 2, 6849, 2691, 4, 567, 756, 0, 215, 53552, 550, 3, 7, 7435, 2, 533, 3, 31892, 10165, 21166, 0, 0, 30, 4873, 5355, 9597, 77, 0, 0, 17, 20, 34, 2, 54146, 45880, 48946, 1, 0, 0, 376,-
177,r2,22, 1051409, 1033,"  100b10:	e51b300c 	ldr	r3, [fp, #-12]",benign, 603, 182, 10236, 2, 6849, 2692, 1, 567, 756, 0, 210, 53142, 550, 3, 7, 7513, 2, 379, 3, 31930, 10276, 21252, 0, 0, 30, 4810, 5397, 9601, 78, 0, 0, 17, 20, 34, 2, 53891, 46436, 49525, 1, 0, 0, 374,-
178,r2,27, 1053227, 1031,"  101228:	e51b300c 	ldr	r3, [fp, #-12]",benign, 605, 181, 10240, 2, 6853, 2693, 1, 567, 756, 0, 213, 53205, 550, 3, 7, 7512, 2, 376, 3, 32063, 10391, 21252, 0, 0, 30, 5067, 5140, 9607, 78, 0, 0, 17, 21, 34, 2, 53938, 45926, 48960, 1, 0, 0, 509,-
179,r0,30, 1055025, 1035,"  101930:	e0233001 	eor	r3, r3, r1",benign, 600, 182, 10246, 2, 6863, 2695, 1, 567, 756, 0, 218, 54149, 550, 3, 7, 7649, 2, 375, 3, 31909, 10194, 21190, 0, 0, 30, 5070, 5164, 9613, 77, 0, 0, 20, 22, 36, 2, 54173, 46508, 49662, 1, 0, 0, 376,-
180,r0,21, 1057900, 1038,"  10246c:	e0822003 	add	r2, r2, r3",benign, 605, 182, 10239, 2, 6845, 2691, 1, 567, 756, 0, 212, 53630, 550, 3, 7, 7951, 2, 379, 3, 31940, 10229, 21246, 0, 0, 30, 5063, 5143, 9617, 78, 0, 0, 20, 21, 36, 2, 53644, 46264, 49311, 1, 0, 0, 376,-
181,r3,30, 1051871, 1033,"  100cdc:	e51b3014 	ldr	r3, [fp, #-20]	; 0xffffffec",benign, 614, 182, 10242, 2, 6853, 2688, 1, 567, 756, 0, 215, 54038, 550, 3, 7, 7383, 2, 376, 3, 31831, 10126, 21165, 0, 0, 30, 4886, 5341, 9614, 77, 0, 0, 17, 21, 34, 2, 53793, 46030, 49006, 1, 0, 0, 376,-
182,r3,3, 1060660, 1032,"  102f34:	e3463745 	movt	r3, #26437	; 0x6745",benign, 597, 185, 10233, 2, 6845, 2689, 1, 567, 756, 0, 213, 53330, 550, 3, 7, 7682, 2, 375, 3, 32014, 10349, 21192, 0, 0, 30, 4881, 5351, 9604, 77, 0, 0, 17, 20, 34, 2, 53803, 46363, 49503, 1, 0, 0, 373,-
183,r0,22, 1058903, 1038,"  102854:	e0211003 	eor	r1, r1, r3",benign, 596, 181, 10240, 2, 6854, 2692, 1, 567, 756, 0, 210, 53198, 550, 3, 7, 7352, 2, 379, 3, 31826, 10198, 21226, 0, 0, 30, 4872, 5358, 9611, 78, 0, 0, 17, 21, 34, 2, 54261, 45866, 48843, 1, 0, 0, 373,-
184,r0,22, 1051198, 1028,"  100a3c:	e0222003 	eor	r2, r2, r3",benign, 612, 181, 10234, 2, 6852, 2693, 1, 567, 756, 0, 221, 53852, 550, 3, 7, 7629, 2, 376, 3, 32094, 10441, 21200, 0, 0, 30, 4872, 5382, 9617, 80, 0, 0, 17, 21, 34, 2, 54582, 45862, 48917, 1, 0, 0, 373,-
185,r3,31, 1060285, 1032,"  102dbc:	e50b300c 	str	r3, [fp, #-12]",benign, 599, 192, 10240, 2, 6848, 2694, 1, 567, 756, 0, 224, 53938, 550, 3, 7, 7746, 2, 376, 3, 31927, 10201, 21145, 0, 0, 30, 4894, 5330, 9600, 79, 0, 0, 17, 21, 34, 2, 54377, 46159, 49084, 1, 0, 0, 377,-
186,r1,6, 1053858, 1037,"  1014a0:	e0822003 	add	r2, r2, r3",benign, 611, 192, 10241, 2, 6852, 2693, 1, 567, 756, 0, 216, 53939, 550, 3, 7, 7477, 3, 386, 3, 32633, 11002, 21190, 0, 0, 30, 4873, 5356, 9608, 79, 0, 0, 17, 20, 34, 2, 53691, 46424, 49338, 1, 0, 0, 377,-
187,r1,17, 1051482, 1032,"  100b58:	e0822003 	add	r2, r2, r3",benign, 604, 182, 10253, 2, 6857, 2693, 1, 567, 756, 0, 207, 53327, 550, 3, 7, 7567, 2, 376, 3, 32550, 10905, 21232, 0, 0, 30, 5023, 5207, 9616, 78, 0, 0, 17, 20, 34, 2, 54076, 46567, 49648, 1, 0, 0, 377,-
188,r1,14, 1056045, 1032,"  101d2c:	e51b30bc 	ldr	r3, [fp, #-188]	; 0xffffff44",benign, 599, 182, 10243, 2, 6867, 2695, 1, 567, 756, 0, 215, 53385, 550, 3, 7, 7364, 2, 379, 3, 31912, 10207, 21182, 0, 0, 30, 4866, 5352, 9610, 77, 0, 0, 17, 20, 34, 2, 54032, 45973, 48933, 1, 0, 0, 373,-
189,r2,0, 1060763, 1033,"  102f98:	e28bd000 	add	sp, fp, #0",benign, 604, 185, 10245, 2, 6854, 2690, 1, 567, 756, 0, 217, 53498, 550, 3, 7, 7662, 2, 379, 3, 32190, 10462, 21189, 0, 0, 30, 4888, 5331, 9603, 79, 0, 0, 17, 21, 34, 2, 53769, 45848, 48816, 1, 0, 0, 374,-
190,r2,30, 1057308, 1031,"  10221c:	e51b3018 	ldr	r3, [fp, #-24]	; 0xffffffe8",benign, 600, 181, 10235, 2, 6850, 2692, 1, 567, 756, 0, 214, 53513, 550, 3, 7, 7936, 2, 376, 3, 32047, 10416, 21184, 0, 0, 30, 4817, 5407, 9598, 79, 0, 0, 17, 20, 34, 2, 54359, 46247, 49439, 1, 0, 0, 377,-
191,r3,9, 1054990, 1032,"  10190c:	e50b3010 	str	r3, [fp, #-16]",benign, 605, 182, 10234, 2, 6847, 2688, 1, 567, 756, 0, 217, 53228, 550, 3, 7, 8323, 2, 375, 3, 32575, 10887, 21182, 0, 0, 30, 4885, 5354, 9612, 78, 0, 0, 17, 20, 34, 2, 53837, 46435, 49632, 1, 0, 0, 377,-
192,r0,24, 1054368, 1029,"  1016a0:	e0211003 	eor	r1, r1, r3",benign, 608, 184, 10240, 2, 6854, 2689, 1, 567, 756, 0, 211, 53368, 550, 3, 7, 7738, 2, 375, 3, 31902, 10303, 21202, 0, 0, 30, 4884, 5337, 9601, 79, 0, 0, 17, 20, 34, 2, 53773, 46409, 49352, 1, 0, 0, 374,-
193,r0,13, 1056185, 1030,"  101db8:	e0823003 	add	r3, r2, r3",benign, 594, 182, 10251, 2, 6869, 2697, 1, 567, 756, 0, 211, 53987, 550, 3, 7, 7854, 2, 379, 3, 32132, 10410, 21191, 0, 0, 30, 4822, 5395, 9604, 78, 0, 0, 17, 21, 34, 2, 53765, 46248, 49252, 1, 0, 0, 374,-
194,r2,11, 1057311, 1031,"  10221c:	e51b3018 	ldr	r3, [fp, #-24]	; 0xffffffe8",benign, 597, 181, 10236, 2, 6849, 2689, 1, 567, 756, 0, 219, 53361, 550, 3, 7, 7402, 2, 378, 3, 32075, 10369, 21208, 0, 0, 30, 5057, 5157, 9607, 78, 0, 0, 20, 21, 36, 2, 53969, 46398, 49507, 1, 0, 0, 377,-
195,r2,19, 1054655, 1033,"  1017bc:	e1a03163 	ror	r3, r3, #2",benign, 601, 182, 10235, 2, 6848, 2689, 1, 567, 756, 0, 208, 53206, 550, 3, 7, 7425, 2, 376, 3, 31927, 10268, 21215, 0, 0, 30, 5070, 5154, 9611, 79, 0, 0, 17, 21, 34, 2, 53909, 45846, 48876, 1, 0, 0, 377,-
196,r3,9, 1058076, 1031,"  10251c:	e50b3014 	str	r3, [fp, #-20]	; 0xffffffec",benign, 598, 182, 10232, 2, 6849, 2691, 1, 567, 756, 0, 212, 53288, 550, 3, 7, 7575, 2, 375, 3, 32210, 10574, 21219, 0, 0, 30, 4870, 5355, 9608, 80, 0, 0, 17, 20, 34, 2, 54477, 45930, 48876, 1, 0, 0, 410,-
197,r3,2, 1051615, 1034,"  100bdc:	e0823003 	add	r3, r2, r3",benign, 605, 185, 10226, 2, 6845, 2691, 1, 567, 756, 0, 218, 54038, 550, 3, 7, 7723, 2, 376, 3, 32118, 10472, 21230, 0, 0, 30, 4889, 5336, 9614, 78, 0, 0, 17, 23, 34, 2, 54329, 45885, 48876, 1, 0, 0, 376,-
198,r0,2, 1060037, 1036,"  102cc4:	e51b3014 	ldr	r3, [fp, #-20]	; 0xffffffec",benign, 603, 185, 10237, 2, 6859, 2691, 1, 567, 756, 0, 214, 53699, 550, 3, 7, 8036, 2, 376, 3, 31901, 10157, 21182, 0, 0, 30, 4822, 5406, 9603, 78, 0, 0, 17, 20, 34, 2, 54106, 46083, 49074, 1, 0, 0, 373,-
199,r0,2, 1058675, 1032,"  102770:	e1a02de3 	ror	r2, r3, #27",benign, 613, 192, 10244, 2, 6851, 2693, 1, 567, 756, 0, 226, 53991, 550, 3, 7, 7641, 2, 379, 3, 31900, 10316, 21190, 0, 0, 30, 4887, 5329, 9613, 78, 0, 0, 17, 20, 34, 2, 53825, 45894, 48868, 1, 0, 0, 376,-
200,r2,27, 1053640, 1031,"  1013c8:	e0822003 	add	r2, r2, r3",benign, 597, 182, 10245, 2, 6853, 2690, 1, 567, 756, 0, 211, 53345, 550, 3, 7, 8159, 2, 379, 3, 32029, 10338, 21193, 0, 0, 30, 4878, 5346, 9609, 79, 0, 0, 17, 20, 34, 2, 54395, 46375, 49509, 1, 0, 0, 376,-
201,r0,1, 1058917, 1033,"  102864:	e51b301c 	ldr	r3, [fp, #-28]	; 0xffffffe4",benign, 609, 181, 10245, 2, 6850, 2689, 1, 567, 756, 0, 214, 53261, 550, 3, 7, 7308, 2, 375, 3, 32063, 10345, 21227, 0, 0, 30, 5066, 5158, 9612, 77, 0, 0, 17, 20, 34, 2, 53627, 46111, 49124, 1, 0, 0, 374,-
202,r0,29, 1059517, 1032,"  102abc:	e51b300c 	ldr	r3, [fp, #-12]",benign, 603, 182, 10234, 2, 6848, 2690, 1, 567, 756, 0, 209, 53219, 550, 3, 7, 7441, 2, 379, 3, 32144, 10409, 21192, 0, 0, 30, 4891, 5342, 9612, 79, 0, 0, 20, 21, 36, 2, 54290, 46289, 49292, 1, 0, 0, 375,-
203,r3,25, 1052025, 1031,"  100d78:	e51b300c 	ldr	r3, [fp, #-12]",benign, 592, 184, 10226, 2, 6842, 2690, 1, 567, 756, 0, 207, 53420, 550, 3, 7, 7373, 2, 376, 3, 32137, 10479, 21192, 0, 0, 30, 4875, 5350, 9614, 79, 0, 0, 17, 20, 34, 2, 54108, 46091, 49151, 1, 0, 0, 374,-
204,r0,10, 1054949, 1031,"  1018e4:	e0823003 	add	r3, r2, r3",benign, 608, 185, 10240, 2, 6849, 2687, 1, 567, 756, 0, 218, 53435, 550, 3, 7, 7432, 2, 376, 3, 31926, 10268, 21211, 0, 0, 30, 4822, 5402, 9617, 78, 0, 0, 17, 20, 34, 2, 54068, 45854, 48849, 1, 0, 0, 377,-
205,r1,11, 1052393, 1039,"  100ee8:	e51b1010 	ldr	r1, [fp, #-16]",benign, 614, 185, 10229, 2, 6848, 2690, 1, 567, 756, 0, 209, 53275, 550, 3, 7, 7863, 2, 378, 3, 32012, 10415, 21206, 0, 0, 30, 4885, 5346, 9623, 78, 0, 0, 20, 21, 36, 2, 53628, 46074, 49063, 1, 0, 0, 377,-
206,r1,1, 1052863, 1033,"  1010bc:	e50b300c 	str	r3, [fp, #-12]",benign, 604, 182, 10253, 2, 6856, 2688, 1, 567, 756, 0, 210, 53177, 550, 3, 7, 7797, 2, 379, 3, 32412, 10713, 21215, 0, 0, 30, 4881, 5344, 9604, 77, 0, 0, 17, 20, 34, 2, 53636, 45959, 48962, 1, 0, 0, 374,-
207,r0,7, 1055782, 1029,"  101c24:	e0233001 	eor	r3, r3, r1",benign, 612, 185, 10236, 2, 6850, 2690, 1, 567, 756, 0, 215, 53981, 550, 3, 7, 7487, 2, 375, 3, 32237, 10580, 21183, 0, 0, 30, 4885, 5341, 9600, 77, 0, 0, 17, 20, 34, 2, 53726, 46486, 49485, 1, 0, 0, 373,-
208,r0,1, 1056013, 1036,"  101d0c:	e0011003 	and	r1, r1, r3",benign, 608, 184, 10245, 2, 6852, 2694, 1, 567, 756, 0, 212, 53305, 550, 3, 7, 7483, 2, 378, 3, 31950, 10251, 21227, 0, 0, 30, 4825, 5405, 9607, 79, 0, 0, 17, 20, 34, 2, 53711, 46372, 49532, 1, 0, 0, 373,-
209,r3,26, 1060733, 1032,"  102f7c:	e51b3008 	ldr	r3, [fp, #-8]",benign, 608, 185, 10236, 2, 6862, 2693, 1, 567, 756, 0, 218, 54014, 550, 3, 7, 8156, 2, 379, 3, 32638, 10903, 21200, 0, 0, 30, 4881, 5329, 9607, 80, 0, 0, 17, 20, 34, 2, 54160, 46256, 49283, 1, 0, 0, 377,-
210,r2,26, 1054395, 1029,"  1016b8:	e51b30f8 	ldr	r3, [fp, #-248]	; 0xffffff08",benign, 610, 182, 10244, 2, 6863, 2696, 1, 567, 756, 0, 211, 53695, 550, 3, 7, 7985, 2, 376, 3, 32357, 10767, 21211, 0, 0, 30, 5051, 5154, 9604, 77, 0, 0, 17, 21, 34, 2, 53583, 46311, 49423, 1, 0, 0, 377,-
211,r0,3, 1057232, 1031,"  1021d0:	e1a02de3 	ror	r2, r3, #27",benign, 612, 192, 10250, 2, 6854, 2690, 1, 567, 756, 0, 220, 53304, 550, 3, 7, 7572, 2, 379, 3, 31964, 10262, 21237, 0, 0, 30, 5058, 5170, 9612, 77, 0, 0, 17, 21, 34, 2, 53763, 46455, 49627, 1, 0, 0, 373,-
212,r2,12, 1051942, 1032,"  100d24:	e1813003 	orr	r3, r1, r3",benign, 613, 182, 10237, 2, 6859, 2689, 1, 567, 756, 0, 214, 53592, 550, 3, 7, 8036, 3, 389, 3, 31977, 10284, 21202, 0, 0, 30, 5070, 5163, 9618, 78, 0, 0, 17, 20, 34, 2, 54437, 46398, 49623, 1, 0, 0, 373,-
213,r3,12, 1056114, 1028,"  101d70:	e51b300c 	ldr	r3, [fp, #-12]",benign, 599, 182, 10256, 2, 6872, 2695, 1, 567, 756, 0, 217, 53352, 550, 3, 7, 7553, 2, 376, 3, 31919, 10177, 21158, 0, 0, 30, 4822, 5401, 9601, 78, 0, 0, 17, 20, 34, 2, 53741, 46426, 49605, 1, 0, 0, 373,-
214,r2,23, 1060111, 1032,"  102d0c:	e0822003 	add	r2, r2, r3",benign, 597, 182, 10240, 2, 6863, 2694, 1, 567, 756, 0, 215, 54024, 550, 3, 7, 7530, 2, 379, 3, 32683, 10987, 21181, 0, 0, 30, 4864, 5357, 9613, 78, 0, 0, 17, 20, 34, 2, 53687, 46004, 48943, 1, 0, 0, 387,-
215,r3,28, 1053459, 1034,"  101310:	e51b3020 	ldr	r3, [fp, #-32]	; 0xffffffe0",benign, 606, 193, 10230, 2, 6850, 2693, 4, 567, 756, 0, 215, 53838, 550, 3, 7, 8010, 2, 376, 3, 31891, 10201, 21201, 0, 0, 30, 4873, 5334, 9607, 78, 0, 0, 17, 21, 34, 2, 53622, 46045, 49009, 1, 0, 0, 374,-
216,r2,4, 1061103, 1034,"  1030ec:	e5c32000 	strb	r2, [r3]",benign, 597, 182, 10232, 2, 6844, 2688, 1, 567, 756, 0, 217, 53395, 550, 3, 7, 7509, 2, 607, 3, 32063, 10418, 21209, 0, 0, 30, 4873, 5340, 9603, 78, 0, 0, 20, 21, 36, 2, 53836, 46238, 49275, 1, 0, 0, 374,-
217,r2,4, 1054964, 1035,"  1018f4:	e51b3014 	ldr	r3, [fp, #-20]	; 0xffffffec",benign, 603, 184, 10238, 2, 6851, 2689, 1, 567, 756, 0, 211, 53321, 550, 3, 7, 8176, 2, 376, 3, 32161, 10522, 21203, 0, 0, 30, 5122, 5234, 9608, 78, 0, 0, 17, 21, 34, 2, 53704, 46522, 49542, 1, 0, 0, 377,-
218,r2,12, 1058825, 1032,"  102808:	e30c31d6 	movw	r3, #49622	; 0xc1d6",benign, 603, 183, 10237, 2, 6852, 2692, 1, 567, 756, 0, 215, 53612, 550, 3, 7, 7543, 2, 376, 3, 31886, 10186, 21221, 0, 0, 30, 4838, 5401, 9610, 78, 0, 0, 17, 21, 34, 2, 54048, 45911, 48926, 1, 0, 0, 373,-
219,r2,17, 1056148, 1031,"  101d94:	e0033000 	and	r3, r3, r0",benign, 603, 181, 10237, 2, 6852, 2689, 1, 567, 756, 0, 210, 53169, 550, 3, 7, 7478, 2, 376, 3, 31905, 10274, 21217, 0, 0, 30, 4872, 5332, 9604, 78, 0, 0, 17, 20, 34, 2, 53901, 46154, 49159, 1, 0, 0, 374,-
220,r3,26, 1054108, 1036,"  10159c:	e51b3010 	ldr	r3, [fp, #-16]",benign, 609, 185, 10233, 2, 6852, 2691, 1, 567, 756, 0, 218, 53940, 550, 3, 7, 7436, 2, 376, 3, 31860, 10140, 21197, 0, 0, 30, 4879, 5339, 9625, 78, 0, 0, 17, 21, 34, 2, 54236, 45945, 48922, 1, 0, 0, 375,-
221,r2,3, 1060538, 1031,"  102eb8:	e51b3010 	ldr	r3, [fp, #-16]",benign, 605, 185, 10235, 2, 6843, 2688, 1, 567, 756, 0, 214, 53609, 550, 3, 7, 7908, 2, 375, 3, 32055, 10400, 21216, 0, 0, 30, 4870, 5355, 9608, 77, 0, 0, 17, 20, 34, 2, 54152, 45809, 48849, 1, 0, 0, 374,-
222,r1,22, 1060083, 1028,"  102cf0:	e51b1010 	ldr	r1, [fp, #-16]",benign, 606, 181, 10254, 2, 6869, 2696, 1, 567, 756, 0, 217, 53303, 550, 3, 7, 7500, 2, 379, 3, 32375, 10666, 21205, 0, 0, 30, 4866, 5337, 9608, 79, 0, 0, 17, 22, 34, 2, 53759, 45904, 48873, 1, 0, 0, 373,-
223,r3,28, 1055160, 1032,"  1019b8:	e3463ed9 	movt	r3, #28377	; 0x6ed9",benign, 608, 181, 10238, 2, 6854, 2692, 1, 567, 756, 0, 221, 54049, 550, 3, 7, 7538, 3, 388, 3, 32179, 10489, 21193, 0, 0, 30, 4874, 5340, 9610, 78, 0, 0, 17, 20, 34, 2, 54601, 46554, 49674, 1, 0, 0, 377,-
224,r3,25, 1060203, 1030,"  102d68:	e51b3018 	ldr	r3, [fp, #-24]	; 0xffffffe8",benign, 601, 182, 10229, 2, 6848, 2694, 1, 567, 756, 0, 213, 53954, 550, 3, 7, 7576, 2, 376, 3, 31831, 10210, 21207, 0, 0, 30, 4835, 5411, 9614, 79, 0, 0, 17, 20, 34, 2, 53750, 46111, 49021, 1, 0, 0, 376,-
225,r3,26, 1059592, 1034,"  102b08:	e50b3020 	str	r3, [fp, #-32]	; 0xffffffe0",benign, 602, 185, 10238, 2, 6857, 2691, 1, 567, 756, 0, 220, 53623, 550, 3, 7, 7991, 2, 376, 3, 32311, 10575, 21176, 0, 0, 30, 5078, 5150, 9622, 79, 0, 0, 17, 21, 34, 2, 53840, 45955, 48907, 1, 0, 0, 375,-
226,r0,16, 1052116, 1032,"  100dd4:	e51b3010 	ldr	r3, [fp, #-16]",benign, 606, 184, 10247, 2, 6862, 2695, 1, 567, 756, 0, 213, 53605, 550, 3, 7, 7503, 2, 376, 3, 32713, 11055, 21209, 0, 0, 30, 4879, 5352, 9618, 79, 0, 0, 17, 20, 34, 2, 54204, 46100, 49133, 1, 0, 0, 373,-
227,r1,17, 1057367, 1031,"  102254:	e51b3018 	ldr	r3, [fp, #-24]	; 0xffffffe8",benign, 609, 182, 10239, 2, 6846, 2693, 1, 567, 756, 0, 208, 53303, 550, 3, 7, 7357, 2, 378, 3, 32049, 10438, 21196, 0, 0, 30, 4811, 5414, 9608, 77, 0, 0, 17, 20, 34, 2, 54382, 45899, 48876, 1, 0, 0, 377,-
228,r2,16, 1055477, 1038,"  101af4:	e0822003 	add	r2, r2, r3",benign, 616, 182, 10252, 2, 6858, 2694, 1, 567, 756, 0, 208, 53546, 550, 3, 7, 7399, 2, 574, 3, 31946, 10290, 21207, 0, 0, 30, 4871, 5349, 9604, 78, 0, 0, 17, 20, 34, 2, 54206, 46050, 49019, 1, 0, 0, 386,-
229,r3,6, 1056329, 1035,"  101e48:	e50b3018 	str	r3, [fp, #-24]	; 0xffffffe8",benign, 597, 182, 10233, 2, 6847, 2689, 1, 567, 756, 0, 211, 53684, 550, 3, 7, 7495, 2, 376, 3, 31882, 10223, 21220, 0, 0, 30, 4884, 5329, 9615, 78, 0, 0, 17, 21, 34, 2, 53700, 45906, 48923, 1, 0, 0, 376,-
230,r2,7, 1057155, 1030,"  102180:	e51b301c 	ldr	r3, [fp, #-28]	; 0xffffffe4",benign, 602, 182, 10239, 2, 6845, 2692, 1, 567, 756, 0, 210, 53571, 550, 3, 7, 7748, 2, 378, 3, 32575, 10916, 21199, 0, 0, 30, 4883, 5359, 9615, 77, 0, 0, 17, 20, 34, 2, 53610, 45913, 48931, 1, 0, 0, 374,-
231,r0,13, 1052207, 1033,"  100e2c:	e3073999 	movw	r3, #31129	; 0x7999",benign, 608, 182, 10238, 2, 6845, 2689, 1, 567, 756, 0, 214, 53522, 550, 3, 7, 7426, 2, 379, 3, 32667, 10951, 21184, 0, 0, 30, 4874, 5342, 9607, 77, 0, 0, 17, 20, 34, 2, 53840, 46296, 49472, 1, 0, 0, 374,-
232,r3,0, 1060705, 1035,"  102f60:	e3053476 	movw	r3, #21622	; 0x5476",benign, 604, 181, 10246, 2, 6860, 2691, 1, 567, 756, 0, 211, 53181, 550, 3, 7, 7695, 2, 379, 3, 31930, 10276, 21204, 0, 0, 30, 4893, 5325, 9612, 79, 0, 0, 17, 20, 34, 2, 54311, 46233, 49298, 1, 0, 0, 377,-
233,r3,21, 1060931, 1034,"  103040:	e1a00003 	mov	r0, r3",benign, 618, 184, 10239, 2, 6868, 2691, 1, 567, 756, 0, 218, 53595, 550, 3, 7, 7405, 2, 379, 3, 31899, 10256, 21209, 0, 0, 30, 4881, 5354, 9615, 77, 0, 0, 17, 20, 34, 2, 53901, 46118, 49097, 1, 0, 0, 374,-
234,r2,12, 1052477, 1030,"  100f3c:	e51b3010 	ldr	r3, [fp, #-16]",benign, 603, 184, 10238, 2, 6848, 2692, 1, 567, 756, 0, 214, 53196, 550, 3, 7, 7463, 2, 376, 3, 31949, 10293, 21197, 0, 0, 30, 4821, 5424, 9620, 79, 0, 0, 17, 21, 34, 2, 54521, 45772, 48786, 1, 0, 0, 377,-
235,r2,22, 1060331, 1030,"  102de8:	e51b3028 	ldr	r3, [fp, #-40]	; 0xffffffd8",benign, 591, 184, 10248, 2, 6860, 2689, 1, 567, 756, 0, 210, 53586, 550, 3, 7, 7536, 2, 376, 3, 32307, 10624, 21186, 0, 0, 30, 4882, 5339, 9599, 77, 0, 0, 17, 21, 34, 2, 53780, 46419, 49440, 1, 0, 0, 374,-
236,r2,26, 1055668, 1029,"  101bb4:	e51b3018 	ldr	r3, [fp, #-24]	; 0xffffffe8",benign, 602, 194, 10232, 2, 6844, 2689, 1, 567, 756, 0, 211, 53826, 550, 3, 7, 7828, 2, 379, 3, 32375, 10754, 21242, 0, 0, 30, 4889, 5336, 9612, 78, 0, 0, 17, 20, 34, 2, 53801, 46439, 49622, 1, 0, 0, 374,-
237,r2,5, 1058276, 1035,"  1025e4:	e51b3074 	ldr	r3, [fp, #-116]	; 0xffffff8c",benign, 607, 194, 10252, 2, 6864, 2693, 1, 567, 756, 0, 221, 53401, 550, 3, 7, 7422, 2, 379, 3, 32005, 10318, 21192, 0, 0, 30, 4873, 5346, 9607, 79, 0, 0, 17, 20, 34, 2, 54036, 45826, 48821, 1, 0, 0, 373,-
238,r1,3, 1056342, 1032,"  101e54:	e50b3014 	str	r3, [fp, #-20]	; 0xffffffec",benign, 601, 182, 10243, 2, 6862, 2689, 1, 567, 756, 0, 215, 53261, 550, 3, 7, 7537, 2, 375, 3, 31967, 10340, 21184, 0, 0, 30, 4875, 5352, 9618, 77, 0, 0, 17, 20, 34, 2, 54494, 46340, 49350, 1, 0, 0, 376,-
239,r1,10, 1059975, 1032,"  102c84:	e51b1010 	ldr	r1, [fp, #-16]",benign, 606, 182, 10241, 2, 6868, 2693, 1, 567, 756, 0, 222, 53598, 550, 3, 7, 7837, 2, 376, 3, 31922, 10275, 21211, 0, 0, 30, 4812, 5412, 9619, 79, 0, 0, 17, 21, 34, 2, 53638, 46340, 49369, 1, 0, 0, 376,-
240,r2,20, 1052664, 1030,"  100ff8:	e0822003 	add	r2, r2, r3",benign, 609, 182, 10237, 2, 6845, 2689, 4, 567, 756, 0, 215, 53660, 550, 3, 7, 7296, 2, 379, 3, 32706, 10986, 21200, 0, 0, 30, 4886, 5346, 9610, 81, 0, 0, 17, 20, 34, 2, 54049, 46140, 49101, 1, 0, 0, 374,-
241,r0,5, 1056620, 1034,"  101f6c:	e51b3018 	ldr	r3, [fp, #-24]	; 0xffffffe8",benign, 606, 182, 10238, 2, 6852, 2689, 1, 567, 756, 0, 208, 53709, 550, 3, 7, 7347, 3, 389, 3, 32200, 10513, 21166, 0, 0, 30, 4895, 5344, 9612, 78, 0, 0, 17, 21, 34, 2, 54300, 45892, 48879, 1, 0, 0, 572,-
242,r0,13, 1053675, 1034,"  1013e8:	e50b3018 	str	r3, [fp, #-24]	; 0xffffffe8",benign, 601, 181, 10222, 2, 6839, 2690, 1, 567, 756, 0, 215, 53910, 550, 3, 7, 7324, 2, 376, 3, 32717, 10990, 21199, 0, 0, 30, 5048, 5147, 9604, 77, 0, 0, 17, 20, 34, 2, 54247, 45855, 48860, 1, 0, 0, 374,-
243,r0,31, 1053621, 1031,"  1013b4:	e1813003 	orr	r3, r1, r3",benign, 623, 202, 10234, 2, 6855, 2694, 1, 567, 756, 0, 212, 53897, 550, 3, 7, 7438, 2, 379, 3, 32599, 10916, 21200, 0, 0, 30, 4878, 5350, 9600, 78, 0, 0, 17, 22, 34, 2, 53930, 46356, 49528, 1, 0, 0, 376,-
244,r3,15, 1059050, 1031,"  1028e8:	e0823003 	add	r3, r2, r3",benign, 613, 182, 10238, 2, 6857, 2693, 1, 567, 756, 0, 214, 53445, 550, 3, 7, 7558, 2, 376, 3, 32120, 10435, 21211, 0, 0, 30, 4805, 5418, 9607, 78, 0, 0, 17, 20, 34, 2, 54427, 46000, 49005, 1, 0, 0, 387,-
245,r0,23, 1060068, 1032,"  102ce4:	e50b300c 	str	r3, [fp, #-12]",benign, 611, 185, 10239, 2, 6847, 2691, 1, 567, 756, 0, 208, 53402, 550, 3, 7, 8067, 2, 376, 3, 31938, 10296, 21222, 0, 0, 30, 5023, 5224, 9638, 79, 0, 0, 17, 20, 34, 2, 53654, 45889, 48834, 1, 0, 0, 377,-
246,r2,26, 1055606, 1035,"  101b74:	e51b3018 	ldr	r3, [fp, #-24]	; 0xffffffe8",benign, 610, 182, 10240, 2, 6852, 2693, 1, 567, 756, 0, 223, 54016, 550, 3, 7, 7680, 2, 379, 3, 31786, 10128, 21184, 0, 0, 30, 5054, 5509, 9622, 78, 0, 0, 17, 22, 34, 2, 53804, 45858, 48843, 1, 0, 0, 377,-
247,r2,11, 1060151, 1035,"  102d34:	e50b3018 	str	r3, [fp, #-24]	; 0xffffffe8",benign, 599, 182, 10233, 2, 6854, 2692, 1, 567, 756, 0, 212, 53341, 550, 3, 7, 7814, 2, 379, 3, 32738, 11101, 21205, 0, 0, 30, 4872, 5341, 9597, 77, 0, 0, 17, 21, 34, 2, 54250, 46217, 49223, 1, 0, 0, 376,-
248,r1,21, 1055832, 1032,"  101c58:	e50b3018 	str	r3, [fp, #-24]	; 0xffffffe8",benign, 599, 192, 10235, 2, 6856, 2695, 1, 567, 756, 0, 217, 53235, 550, 3, 7, 7463, 2, 378, 3, 32438, 10727, 21189, 0, 0, 30, 4891, 5342, 9607, 78, 0, 0, 17, 20, 34, 2, 53705, 46126, 49100, 1, 0, 0, 374,-
249,r0,27, 1055340, 1033,"  101a6c:	e0211003 	eor	r1, r1, r3",benign, 598, 182, 10238, 2, 6858, 2695, 1, 567, 756, 0, 209, 53310, 550, 3, 7, 7604, 2, 379, 3, 31883, 10223, 21205, 0, 0, 30, 4897, 5319, 9613, 77, 0, 0, 17, 21, 34, 2, 53886, 46228, 49447, 1, 0, 0, 374,-
250,r0,14, 1060393, 1035,"  102e28:	e50b300c 	str	r3, [fp, #-12]",benign, 605, 182, 10239, 2, 6856, 2690, 1, 567, 756, 0, 210, 53306, 550, 3, 7, 7343, 2, 378, 3, 32258, 10594, 21206, 0, 0, 30, 5024, 5191, 9627, 77, 0, 0, 17, 21, 34, 2, 54565, 45989, 48948, 1, 0, 0, 374,-
251,r1,20, 1053924, 1032,"  1014e4:	e1a02de3 	ror	r2, r3, #27",benign, 597, 181, 10232, 2, 6849, 2692, 1, 567, 756, 0, 212, 53277, 550, 3, 7, 7421, 2, 379, 3, 32173, 10461, 21187, 0, 0, 30, 5057, 5165, 9603, 80, 0, 0, 17, 22, 34, 2, 53716, 46440, 49621, 1, 0, 0, 377,-
252,r1,6, 1053035, 1038,"  101168:	e0822003 	add	r2, r2, r3",benign, 607, 184, 10238, 2, 6856, 2691, 1, 567, 756, 0, 207, 53271, 550, 3, 7, 7778, 2, 376, 3, 32288, 10643, 21228, 0, 0, 30, 4815, 5413, 9615, 78, 0, 0, 17, 20, 34, 2, 53748, 45850, 48867, 1, 0, 0, 373,-
253,r1,2, 1054574, 1030,"  10176c:	e1a02de3 	ror	r2, r3, #27",benign, 616, 182, 10238, 2, 6848, 2691, 1, 567, 756, 0, 211, 53189, 550, 3, 7, 8145, 2, 376, 3, 32449, 10730, 21188, 0, 0, 30, 4811, 5391, 9607, 78, 0, 0, 17, 20, 34, 2, 53618, 46361, 49501, 1, 0, 0, 377,-
254,r2,5, 1053750, 1034,"  101434:	e0822003 	add	r2, r2, r3",benign, 608, 184, 10242, 2, 6852, 2691, 1, 567, 756, 0, 213, 53179, 550, 3, 7, 7346, 2, 379, 3, 32205, 10519, 21203, 0, 0, 30, 4821, 5409, 9605, 78, 0, 0, 17, 20, 34, 2, 53849, 46284, 49247, 1, 0, 0, 375,-
255,r1,22, 1054198, 1033,"  1015f4:	e50b3020 	str	r3, [fp, #-32]	; 0xffffffe0",benign, 599, 182, 10234, 2, 6848, 2689, 1, 567, 756, 0, 214, 53314, 550, 3, 7, 7606, 2, 376, 3, 32031, 10352, 21199, 0, 0, 30, 5066, 5157, 9607, 79, 0, 0, 17, 21, 34, 2, 53785, 46440, 49661, 1, 0, 0, 377,-
256,r1,8, 1058263, 1026,"  1025d4:	e1813003 	orr	r3, r1, r3",benign, 604, 182, 10251, 2, 6864, 2693, 1, 567, 756, 0, 210, 53591, 550, 3, 7, 7413, 2, 375, 3, 32129, 10507, 21226, 0, 0, 30, 4889, 5334, 9617, 78, 0, 0, 17, 20, 34, 2, 53856, 46294, 49371, 1, 0, 0, 374,-
257,r3,17, 1060324, 1036,"  102de4:	e0822003 	add	r2, r2, r3",benign, 610, 182, 10237, 2, 6846, 2690, 1, 567, 756, 0, 214, 53244, 550, 3, 7, 7433, 2, 375, 3, 31932, 10235, 21178, 0, 0, 30, 4810, 5401, 9614, 78, 0, 0, 17, 21, 34, 2, 53636, 45827, 48825, 1, 0, 0, 377,-
258,r2,22, 1057095, 1029,"  102144:	e50b3010 	str	r3, [fp, #-16]",benign, 600, 182, 10235, 2, 6848, 2689, 1, 567, 756, 0, 219, 53354, 550, 3, 7, 7226, 3, 386, 3, 31773, 10135, 21201, 0, 0, 30, 4884, 5327, 9608, 79, 0, 0, 17, 20, 34, 2, 53879, 46330, 49388, 1, 0, 0, 374,-
259,r1,20, 1059962, 1027,"  102c78:	e50b300c 	str	r3, [fp, #-12]",benign, 609, 185, 10233, 2, 6858, 2692, 1, 567, 756, 0, 212, 53755, 550, 3, 7, 8215, 2, 375, 3, 31889, 10274, 21198, 0, 0, 30, 4870, 5341, 9608, 79, 0, 0, 17, 20, 34, 2, 53873, 46285, 49442, 1, 0, 0, 374,-
260,r2,10, 1051663, 1027,"  100c0c:	e50b300c 	str	r3, [fp, #-12]",benign, 598, 184, 10256, 2, 6858, 2693, 1, 567, 756, 0, 210, 53305, 550, 3, 7, 8042, 2, 378, 3, 32464, 10762, 21195, 0, 0, 30, 5051, 5249, 9627, 79, 0, 0, 17, 20, 34, 2, 53883, 46273, 49290, 1, 0, 0, 374,-
261,r3,31, 1054303, 1027,"  10165c:	e0823003 	add	r3, r2, r3",benign, 615, 184, 10245, 2, 6861, 2692, 1, 567, 756, 0, 214, 54053, 550, 3, 7, 7698, 2, 376, 3, 32353, 10677, 21248, 0, 0, 30, 4815, 5412, 9603, 77, 0, 0, 17, 20, 34, 2, 53865, 45956, 48978, 1, 0, 0, 377,-
262,r3,11, 1057103, 1022,"  10214c:	e50b300c 	str	r3, [fp, #-12]",benign, 601, 182, 10237, 2, 6855, 2693, 1, 567, 756, 0, 216, 53872, 550, 3, 7, 7522, 3, 388, 3, 31941, 10286, 21177, 0, 0, 30, 4896, 5340, 9609, 78, 0, 0, 20, 22, 36, 2, 53878, 46419, 49499, 1, 0, 0, 384,-
263,r2,21, 1058213, 1026,"  1025a4:	e51b3020 	ldr	r3, [fp, #-32]	; 0xffffffe0",benign, 611, 185, 10251, 2, 6865, 2697, 1, 567, 756, 0, 212, 53646, 550, 3, 7, 7544, 2, 378, 3, 32014, 10343, 21218, 0, 0, 30, 5075, 5171, 9614, 80, 0, 0, 17, 20, 34, 2, 54286, 45822, 48823, 1, 0, 0, 374,-
264,r1,21, 1058676, 1031,"  102774:	e51b1010 	ldr	r1, [fp, #-16]",benign, 607, 182, 10232, 2, 6854, 2693, 1, 567, 756, 0, 220, 53555, 550, 3, 7, 7379, 2, 379, 3, 32165, 10481, 21239, 0, 0, 30, 4890, 5337, 9608, 77, 0, 0, 17, 20, 34, 2, 53677, 45889, 48890, 1, 0, 0, 373,-
265,r2,18, 1058913, 1029,"  102860:	e0822003 	add	r2, r2, r3",benign, 587, 182, 10237, 2, 6853, 2688, 1, 567, 756, 0, 217, 53228, 550, 3, 7, 7484, 2, 376, 3, 31886, 10263, 21194, 0, 0, 30, 4889, 5342, 9617, 77, 0, 0, 17, 22, 34, 2, 53821, 46238, 49262, 1, 0, 0, 376,-
266,r3,7, 1059465, 1028,"  102a88:	e51b3048 	ldr	r3, [fp, #-72]	; 0xffffffb8",benign, 605, 182, 10237, 2, 6847, 2690, 1, 567, 756, 0, 208, 53707, 550, 3, 7, 7802, 2, 378, 3, 32233, 10531, 21187, 0, 0, 30, 4889, 5326, 9615, 77, 0, 0, 17, 20, 34, 2, 54109, 46046, 49055, 1, 0, 0, 376,-
267,r0,24, 1059080, 1034,"  102908:	e50b3014 	str	r3, [fp, #-20]	; 0xffffffec",benign, 607, 182, 10233, 2, 6850, 2691, 1, 567, 756, 0, 216, 54138, 550, 3, 7, 7492, 2, 376, 3, 32667, 10960, 21195, 0, 0, 30, 4886, 5335, 9614, 78, 0, 0, 17, 20, 34, 2, 54329, 46260, 49259, 1, 0, 0, 376,-
268,r1,0, 1060569, 1030,"  102ed8:	e51b3168 	ldr	r3, [fp, #-360]	; 0xfffffe98",benign, 606, 184, 10239, 2, 6861, 2693, 1, 567, 756, 0, 215, 53353, 550, 3, 7, 7302, 2, 376, 3, 31908, 10225, 21222, 0, 0, 30, 4865, 5348, 9614, 78, 0, 0, 17, 20, 34, 2, 54486, 46207, 49325, 1, 0, 0, 377,-
269,r2,6, 1051103, 1028,"  1009dc:	e1a03103 	lsl	r3, r3, #2",benign, 604, 184, 10230, 2, 6847, 2691, 1, 567, 756, 0, 209, 53514, 550, 3, 7, 7722, 2, 378, 3, 31909, 10250, 21182, 0, 0, 30, 4883, 5350, 9621, 79, 0, 0, 17, 20, 34, 2, 53748, 45877, 48862, 1, 0, 0, 374,-
270,r2,14, 1051323, 1030,"  100ab8:	e0011003 	and	r1, r1, r3",benign, 607, 185, 10234, 2, 6852, 2690, 1, 567, 756, 0, 212, 53588, 550, 3, 7, 7732, 2, 379, 3, 31937, 10300, 21222, 0, 0, 30, 4818, 5406, 9610, 78, 0, 0, 17, 20, 34, 2, 53745, 46265, 49263, 1, 0, 0, 377,-
271,r0,9, 1057463, 1026,"  1022b4:	e51b300c 	ldr	r3, [fp, #-12]",benign, 602, 182, 10239, 2, 6852, 2692, 1, 567, 756, 0, 208, 53819, 550, 3, 7, 8241, 2, 379, 3, 32351, 10658, 21225, 0, 0, 30, 4881, 5343, 9605, 78, 0, 0, 17, 20, 34, 2, 54302, 45907, 48851, 1, 0, 0, 377,-
272,r3,23, 1053445, 1030,"  101304:	e50b3014 	str	r3, [fp, #-20]	; 0xffffffec",benign, 600, 182, 10243, 2, 6855, 2692, 1, 567, 756, 0, 217, 53411, 550, 3, 7, 7899, 2, 379, 3, 31933, 10307, 21236, 0, 0, 30, 4828, 5397, 9616, 80, 0, 0, 17, 21, 34, 2, 53916, 46460, 49509, 1, 0, 0, 373,-
273,r0,1, 1058247, 1031,"  1025c4:	e0011003 	and	r1, r1, r3",benign, 599, 194, 10233, 2, 6851, 2691, 1, 567, 756, 0, 211, 53326, 550, 3, 7, 8094, 2, 378, 3, 32203, 10549, 21237, 0, 0, 30, 4868, 5356, 9603, 79, 0, 0, 17, 20, 34, 2, 53654, 46279, 49231, 1, 0, 0, 377,-
274,r0,17, 1056356, 1034,"  101e64:	e50b300c 	str	r3, [fp, #-12]",benign, 602, 182, 10237, 2, 6852, 2692, 1, 567, 756, 0, 216, 53304, 550, 3, 7, 8052, 2, 378, 3, 32313, 10605, 21188, 0, 0, 30, 4869, 5362, 9603, 78, 0, 0, 17, 20, 34, 2, 53644, 46034, 48972, 1, 0, 0, 430,-
275,r0,13, 1059700, 1031,"  102b74:	e50b3020 	str	r3, [fp, #-32]	; 0xffffffe0",benign, 605, 185, 10226, 2, 6847, 2692, 1, 567, 756, 0, 224, 53366, 550, 3, 7, 7364, 2, 379, 3, 32722, 11009, 21186, 0, 0, 30, 5020, 5207, 9610, 78, 0, 0, 17, 20, 34, 2, 54163, 46718, 49719, 1, 0, 0, 376,-
276,r3,9, 1058260, 1036,"  1025d4:	e1813003 	orr	r3, r1, r3",benign, 608, 182, 10237, 2, 6859, 2696, 1, 567, 756, 0, 211, 53424, 550, 3, 7, 7557, 2, 376, 3, 32063, 10301, 21174, 0, 0, 30, 4960, 5431, 9609, 79, 0, 0, 17, 21, 34, 2, 54006, 45869, 48821, 1, 0, 0, 377,-
277,r1,28, 1055579, 1034,"  101b58:	e0822003 	add	r2, r2, r3",benign, 613, 185, 10238, 2, 6853, 2692, 1, 567, 756, 0, 210, 53982, 550, 3, 7, 8088, 3, 386, 3, 31973, 10237, 21175, 0, 0, 30, 4879, 5346, 9607, 78, 0, 0, 17, 20, 34, 2, 53611, 46379, 49542, 1, 0, 0, 373,-
278,r0,20, 1052991, 1031,"  10113c:	e1a02de3 	ror	r2, r3, #27",benign, 596, 184, 10242, 2, 6858, 2692, 1, 567, 756, 0, 209, 53462, 550, 3, 7, 7426, 2, 378, 3, 32597, 10979, 21233, 0, 0, 30, 4883, 5336, 9603, 79, 0, 0, 17, 20, 34, 2, 53636, 45931, 48929, 1, 0, 0, 374,-
279,r3,3, 1059529, 1035,"  102ac8:	e50b300c 	str	r3, [fp, #-12]",benign, 602, 182, 10229, 2, 6848, 2690, 1, 567, 756, 0, 223, 54018, 550, 3, 7, 7618, 2, 376, 3, 32420, 10733, 21198, 0, 0, 30, 5069, 5144, 9612, 77, 0, 0, 17, 20, 34, 2, 54449, 45833, 48799, 1, 0, 0, 377,-
280,r2,1, 1051628, 1028,"  100bec:	e51b3014 	ldr	r3, [fp, #-20]	; 0xffffffec",benign, 609, 185, 10240, 2, 6848, 2690, 1, 567, 756, 0, 216, 54037, 550, 3, 7, 7881, 2, 375, 3, 32322, 10620, 21222, 0, 0, 30, 5062, 5157, 9612, 79, 0, 0, 17, 20, 34, 2, 53950, 46134, 49150, 1, 0, 0, 373,-
281,r0,12, 1052308, 1029,"  100e94:	e51b301c 	ldr	r3, [fp, #-28]	; 0xffffffe4",benign, 602, 182, 10241, 2, 6858, 2691, 1, 567, 756, 0, 217, 53739, 550, 3, 7, 7237, 2, 375, 3, 32306, 10582, 21184, 0, 0, 30, 4811, 5416, 9594, 78, 0, 0, 17, 22, 34, 2, 54112, 45858, 48836, 1, 0, 0, 374,-
282,r0,20, 1057136, 1029,"  102170:	e51b3018 	ldr	r3, [fp, #-24]	; 0xffffffe8",benign, 611, 185, 10236, 2, 6852, 2689, 1, 567, 756, 0, 215, 54059, 550, 3, 7, 7427, 2, 375, 3, 32674, 10942, 21211, 0, 0, 30, 4873, 5352, 9617, 79, 0, 0, 17, 21, 34, 2, 54486, 46374, 49567, 1, 0, 0, 376,-
283,r3,31, 1051153, 1028,"  100a10:	e1a03103 	lsl	r3, r3, #2",benign, 603, 185, 10234, 2, 6847, 2688, 1, 567, 756, 0, 218, 53317, 550, 3, 7, 8037, 2, 376, 3, 31977, 10462, 21198, 0, 0, 30, 4876, 5344, 9605, 79, 0, 0, 17, 20, 34, 2, 53705, 45961, 48994, 1, 0, 0, 377,-
284,r3,6, 1055400, 1027,"  101aa8:	e50b3018 	str	r3, [fp, #-24]	; 0xffffffe8",benign, 605, 185, 10240, 2, 6850, 2692, 1, 567, 756, 0, 212, 53255, 550, 3, 7, 7459, 2, 375, 3, 31837, 10146, 21187, 0, 0, 30, 4882, 5345, 9605, 79, 0, 0, 17, 20, 34, 2, 53566, 46142, 49086, 1, 0, 0, 377,-
285,r1,0, 1055620, 1032,"  101b84:	e51b3010 	ldr	r3, [fp, #-16]",benign, 598, 182, 10243, 2, 6852, 2692, 1, 567, 756, 0, 210, 53278, 550, 3, 7, 7823, 2, 376, 3, 32639, 10973, 21230, 0, 0, 30, 4873, 5338, 9602, 77, 0, 0, 17, 20, 34, 2, 53625, 45790, 48838, 1, 0, 0, 377,-
286,r2,11, 1060832, 1026,"  102fe0:	e51b3008 	ldr	r3, [fp, #-8]",benign, 610, 184, 10232, 2, 6854, 2694, 1, 567, 756, 0, 206, 53353, 550, 3, 7, 7571, 2, 378, 3, 32245, 10550, 21223, 0, 0, 30, 4836, 5388, 9609, 77, 0, 0, 17, 21, 34, 2, 54008, 46278, 49480, 1, 0, 0, 374,-
287,r0,21, 1058505, 1027,"  1026c8:	e34c3a62 	movt	r3, #51810	; 0xca62",benign, 596, 181, 10241, 2, 6854, 2689, 1, 567, 756, 0, 219, 53883, 550, 3, 7, 7605, 3, 386, 3, 32063, 10377, 21205, 0, 0, 30, 5073, 5159, 9612, 80, 0, 0, 17, 21, 34, 2, 53694, 46066, 49120, 1, 0, 0, 377,-
288,r2,17, 1060165, 1028,"  102d44:	e51b300c 	ldr	r3, [fp, #-12]",benign, 609, 184, 10242, 2, 6854, 2692, 1, 567, 756, 0, 212, 53293, 550, 3, 7, 7721, 2, 378, 3, 32325, 10592, 21217, 0, 0, 30, 4888, 5339, 9607, 78, 0, 0, 17, 21, 34, 2, 53658, 45854, 48807, 1, 0, 0, 373,-
289,r3,30, 1052784, 1034,"  101070:	e0822003 	add	r2, r2, r3",benign, 609, 181, 10231, 2, 6846, 2691, 1, 567, 756, 0, 213, 53799, 550, 3, 7, 7383, 2, 376, 3, 32524, 10794, 21193, 0, 0, 30, 4891, 5334, 9614, 79, 0, 0, 17, 21, 34, 2, 54002, 45882, 48892, 1, 0, 0, 377,-
290,r0,18, 1058168, 1031,"  102578:	e0823003 	add	r3, r2, r3",benign, 600, 182, 10246, 2, 6859, 2690, 1, 567, 756, 0, 212, 53831, 550, 3, 7, 7410, 2, 378, 3, 31966, 10283, 21213, 0, 0, 30, 5074, 5174, 9623, 81, 0, 0, 17, 20, 34, 2, 53637, 46333, 49323, 1, 0, 0, 374,-
291,r3,18, 1057112, 1030,"  102158:	e51b1014 	ldr	r1, [fp, #-20]	; 0xffffffec",benign, 596, 182, 10237, 2, 6854, 2690, 1, 567, 756, 0, 208, 54155, 550, 3, 7, 7519, 2, 376, 3, 31858, 10184, 21194, 0, 0, 30, 4809, 5402, 9613, 78, 0, 0, 17, 20, 34, 2, 53667, 46237, 49293, 1, 0, 0, 376,-
292,r0,28, 1053832, 1025,"  101488:	e51b3018 	ldr	r3, [fp, #-24]	; 0xffffffe8",benign, 605, 182, 10226, 2, 6845, 2690, 1, 567, 756, 0, 216, 53217, 550, 3, 7, 7665, 2, 375, 3, 32531, 10891, 21208, 0, 0, 30, 4876, 5352, 9602, 77, 0, 0, 17, 20, 34, 2, 53739, 46410, 49660, 1, 0, 0, 374,-
293,r3,26, 1055485, 1029,"  101afc:	e3463ed9 	movt	r3, #28377	; 0x6ed9",benign, 593, 181, 10233, 2, 6849, 2692, 1, 567, 756, 0, 207, 53952, 550, 3, 7, 7326, 2, 376, 3, 32410, 10715, 21193, 0, 0, 30, 4868, 5359, 9606, 78, 0, 0, 17, 20, 34, 2, 53707, 46182, 49201, 1, 0, 0, 377,-
294,r3,0, 1060142, 1025,"  102d2c:	e50b301c 	str	r3, [fp, #-28]	; 0xffffffe4",benign, 611, 182, 10234, 2, 6843, 2689, 1, 567, 756, 0, 209, 53690, 550, 3, 7, 7295, 2, 379, 3, 32653, 10923, 21182, 0, 0, 30, 5065, 5173, 9608, 79, 0, 0, 17, 21, 34, 2, 53582, 45942, 48921, 1, 0, 0, 377,-
295,r3,12, 1051554, 1027,"  100ba0:	e51b1010 	ldr	r1, [fp, #-16]",benign, 610, 184, 10235, 2, 6854, 2689, 1, 567, 756, 0, 211, 53336, 550, 3, 7, 7377, 2, 379, 3, 32075, 10385, 21201, 0, 0, 30, 5071, 5157, 9612, 78, 0, 0, 17, 20, 34, 2, 53765, 46217, 49408, 1, 0, 0, 374,-
296,r3,27, 1054828, 1028,"  10186c:	e0822003 	add	r2, r2, r3",benign, 608, 184, 10233, 2, 6851, 2690, 1, 567, 756, 0, 218, 53574, 550, 3, 7, 7750, 2, 376, 3, 32442, 10803, 21192, 0, 0, 30, 5074, 5154, 9612, 78, 0, 0, 17, 20, 34, 2, 54111, 45940, 48932, 1, 0, 0, 374,-
297,r2,19, 1058437, 1029,"  102684:	e51b300c 	ldr	r3, [fp, #-12]",benign, 609, 182, 10229, 2, 6843, 2691, 1, 567, 756, 0, 212, 53515, 550, 3, 7, 7349, 2, 379, 3, 32141, 10444, 21227, 0, 0, 30, 4883, 5328, 9608, 78, 0, 0, 17, 20, 34, 2, 53850, 46026, 49023, 1, 0, 0, 386,-
298,r1,23, 1053755, 1030,"  101438:	e30e3ba1 	movw	r3, #60321	; 0xeba1",benign, 594, 182, 10253, 2, 6854, 2690, 1, 567, 756, 0, 220, 53495, 550, 3, 7, 7425, 2, 379, 3, 32105, 10427, 21234, 0, 0, 30, 4879, 5360, 9620, 79, 0, 0, 17, 20, 34, 2, 53924, 46254, 49374, 1, 0, 0, 373,-
299,r1,23, 1055100, 1030,"  10197c:	e51b3020 	ldr	r3, [fp, #-32]	; 0xffffffe0",benign, 609, 185, 10238, 2, 6850, 2690, 1, 567, 756, 0, 210, 53504, 550, 3, 7, 7392, 2, 378, 3, 32369, 10752, 21194, 0, 0, 30, 4883, 5363, 9618, 80, 0, 0, 17, 20, 34, 2, 54092, 46482, 49666, 1, 0, 0, 374,-
300,r2,7, 1059685, 1030,"  102b64:	e0822003 	add	r2, r2, r3",benign, 612, 181, 10227, 2, 6839, 2689, 1, 567, 756, 0, 215, 53537, 550, 3, 7, 7830, 2, 378, 3, 31925, 10251, 21231, 0, 0, 30, 5013, 5210, 9632, 78, 0, 0, 17, 20, 34, 2, 54143, 46346, 49544, 1, 0, 0, 374,-
301,r1,29, 1051140, 1030,"  100a04:	e0222003 	eor	r2, r2, r3",benign, 595, 182, 10231, 2, 6852, 2690, 1, 567, 756, 0, 217, 53491, 550, 3, 7, 8121, 2, 379, 3, 32557, 10822, 21210, 0, 0, 30, 4882, 5355, 9621, 79, 0, 0, 17, 20, 34, 2, 53769, 45929, 49004, 1, 0, 0, 374,-
302,r2,7, 1057281, 1029,"  102200:	e0822003 	add	r2, r2, r3",benign, 619, 201, 10243, 2, 6852, 2691, 1, 567, 756, 0, 212, 54032, 550, 3, 7, 7862, 2, 379, 3, 32116, 10441, 21218, 0, 0, 30, 4879, 5354, 9604, 80, 0, 0, 17, 20, 34, 2, 53682, 45852, 48831, 1, 0, 0, 377,-
303,r3,29, 1053297, 1032,"  101270:	e50b3020 	str	r3, [fp, #-32]	; 0xffffffe0",benign, 599, 182, 10254, 2, 6865, 2697, 1, 567, 756, 0, 214, 53342, 550, 3, 7, 7217, 3, 386, 3, 32201, 10481, 21204, 0, 0, 30, 5050, 5161, 9612, 79, 0, 0, 17, 21, 34, 2, 54216, 45905, 48939, 1, 0, 0, 570,-
304,r2,12, 1055023, 1032,"  10192c:	e51b3018 	ldr	r3, [fp, #-24]	; 0xffffffe8",benign, 609, 185, 10233, 2, 6852, 2692, 1, 567, 756, 0, 215, 53445, 550, 3, 7, 7466, 2, 375, 3, 32345, 10604, 21196, 0, 0, 30, 4888, 5341, 9613, 79, 0, 0, 17, 20, 34, 2, 53820, 46154, 49092, 1, 0, 0, 374,-
305,r2,1, 1060213, 1028,"  102d74:	e51b301c 	ldr	r3, [fp, #-28]	; 0xffffffe4",benign, 597, 181, 10230, 2, 6845, 2690, 1, 567, 756, 0, 218, 54103, 550, 3, 7, 7326, 2, 479, 3, 31886, 10170, 21180, 0, 0, 30, 5077, 5157, 9614, 80, 0, 0, 17, 20, 34, 2, 53833, 45807, 48808, 1, 0, 0, 377,-
306,r2,9, 1059786, 1031,"  102bc8:	e0822003 	add	r2, r2, r3",benign, 598, 185, 10231, 2, 6851, 2692, 1, 567, 756, 0, 215, 53854, 550, 3, 7, 7342, 2, 379, 3, 32160, 10504, 21222, 0, 0, 30, 5078, 5155, 9619, 78, 0, 0, 17, 21, 34, 2, 54085, 45877, 48840, 1, 0, 0, 377,-
307,r3,29, 1055121, 1026,"  101990:	e51b3014 	ldr	r3, [fp, #-20]	; 0xffffffec",benign, 607, 182, 10234, 2, 6852, 2694, 1, 567, 756, 0, 207, 53201, 550, 3, 7, 7382, 2, 379, 3, 32670, 11058, 21224, 0, 0, 30, 4918, 5386, 9607, 78, 0, 0, 17, 20, 34, 2, 54203, 46048, 49017, 1, 0, 0, 386,-
308,r2,29, 1060603, 1030,"  102ef8:	e51b3168 	ldr	r3, [fp, #-360]	; 0xfffffe98",benign, 593, 182, 10239, 2, 6849, 2688, 1, 567, 756, 0, 213, 53228, 550, 3, 7, 8272, 2, 376, 3, 32069, 10349, 21231, 0, 0, 30, 5081, 5144, 9607, 79, 0, 0, 17, 20, 34, 2, 54552, 46181, 49166, 1, 0, 0, 374,-
309,r3,20, 1058191, 1027,"  10258c:	e50b3018 	str	r3, [fp, #-24]	; 0xffffffe8",benign, 617, 182, 10232, 2, 6854, 2692, 1, 567, 756, 0, 222, 53829, 550, 3, 7, 7806, 2, 376, 3, 32047, 10311, 21195, 0, 0, 30, 4873, 5343, 9608, 77, 0, 0, 17, 21, 34, 2, 53907, 46422, 49576, 1, 0, 0, 373,-
310,r0,17, 1055741, 1028,"  101bfc:	e51b300c 	ldr	r3, [fp, #-12]",benign, 610, 181, 10242, 2, 6853, 2690, 1, 567, 756, 0, 221, 54037, 550, 3, 7, 7315, 2, 376, 3, 32530, 10854, 21228, 0, 0, 30, 4812, 5422, 9618, 79, 0, 0, 17, 21, 34, 2, 53815, 46382, 49530, 1, 0, 0, 377,-
311,r1,24, 1060879, 1027,"  10300c:	e5832014 	str	r2, [r3, #20]",benign, 601, 185, 10237, 2, 6853, 2692, 1, 567, 756, 0, 208, 53166, 550, 3, 7, 7330, 2, 375, 3, 32769, 11060, 21225, 0, 0, 30, 5070, 5141, 9608, 79, 0, 0, 17, 20, 34, 2, 53972, 46138, 49147, 1, 0, 0, 376,-
312,r0,3, 1053239, 1029,"  101234:	e51b3014 	ldr	r3, [fp, #-20]	; 0xffffffec",benign, 612, 185, 10234, 2, 6848, 2692, 1, 567, 756, 0, 212, 53237, 550, 3, 7, 7382, 2, 379, 3, 31970, 10244, 21180, 0, 0, 30, 4817, 5389, 9600, 77, 0, 0, 17, 20, 34, 2, 54111, 46251, 49358, 1, 0, 0, 374,-
313,r3,15, 1060528, 1032,"  102eb0:	e51b3168 	ldr	r3, [fp, #-360]	; 0xfffffe98",benign, 616, 185, 10233, 2, 6854, 2690, 1, 567, 756, 0, 210, 53300, 550, 3, 7, 7313, 3, 389, 3, 31784, 10105, 21210, 0, 0, 30, 5075, 5154, 9620, 78, 0, 0, 17, 21, 34, 2, 54344, 45973, 48962, 1, 0, 0, 377,-
314,r3,18, 1059171, 1027,"  102960:	e50b301c 	str	r3, [fp, #-28]	; 0xffffffe4",benign, 604, 182, 10231, 2, 6846, 2690, 1, 567, 756, 0, 210, 53262, 550, 3, 7, 7381, 2, 376, 3, 31874, 10204, 21199, 0, 0, 30, 4883, 5348, 9619, 78, 0, 0, 17, 21, 34, 2, 54458, 45910, 48914, 1, 0, 0, 373,-
315,r1,28, 1051607, 1034,"  100bd4:	e3073999 	movw	r3, #31129	; 0x7999",benign, 610, 182, 10235, 2, 6850, 2692, 1, 567, 756, 0, 214, 53696, 550, 3, 7, 7385, 2, 376, 3, 31947, 10353, 21191, 0, 0, 30, 4819, 5394, 9612, 77, 0, 0, 17, 20, 34, 2, 53719, 45847, 48824, 1, 0, 0, 374,-
316,r2,18, 1056833, 1026,"  102040:	e1a03163 	ror	r3, r3, #2",benign, 595, 182, 10235, 2, 6848, 2688, 1, 567, 756, 0, 221, 54096, 550, 3, 7, 7914, 2, 378, 3, 32680, 10971, 21250, 0, 0, 30, 4872, 5348, 9612, 81, 0, 0, 17, 21, 34, 2, 54065, 46512, 49543, 1, 0, 0, 374,-
317,r2,25, 1056530, 1029,"  101f10:	e0822003 	add	r2, r2, r3",benign, 610, 182, 10230, 2, 6849, 2691, 1, 567, 756, 0, 214, 53337, 550, 3, 7, 7366, 2, 378, 3, 32513, 10906, 21210, 0, 0, 30, 4842, 5389, 9609, 78, 0, 0, 17, 21, 34, 2, 53949, 45850, 48803, 1, 0, 0, 377,-
318,r3,26, 1059236, 1028,"  1029a4:	e0822003 	add	r2, r2, r3",benign, 603, 182, 10238, 2, 6859, 2694, 1, 567, 756, 0, 208, 53744, 550, 3, 7, 7365, 2, 376, 3, 32024, 10299, 21229, 0, 0, 30, 4899, 5326, 9599, 78, 0, 0, 17, 20, 34, 2, 53955, 46031, 49050, 1, 0, 0, 603,-
319,r2,25, 1051341, 1035,"  100acc:	e1813003 	orr	r3, r1, r3",benign, 619, 185, 10237, 2, 6857, 2690, 1, 567, 756, 0, 213, 53508, 550, 3, 7, 8147, 2, 379, 3, 31941, 10234, 21185, 0, 0, 30, 4811, 5414, 9616, 78, 0, 0, 17, 22, 34, 2, 54444, 45962, 48982, 1, 0, 0, 374,-
320,r1,7, 1054317, 1029,"  10166c:	e51b3014 	ldr	r3, [fp, #-20]	; 0xffffffec",benign, 609, 182, 10238, 2, 6846, 2689, 1, 567, 756, 0, 212, 54063, 550, 3, 7, 7319, 2, 376, 3, 31914, 10191, 21162, 0, 0, 30, 4883, 5360, 9617, 77, 0, 0, 17, 21, 34, 2, 54269, 46354, 49546, 1, 0, 0, 387,-
321,r3,8, 1061433, 1028,"  103238:	eb003bd0 	bl	112180 <memcpy>",benign, 596, 184, 10251, 2, 6856, 2690, 1, 567, 756, 0, 207, 53254, 550, 3, 7, 7559, 2, 379, 3, 32073, 10405, 21212, 0, 0, 30, 5055, 5172, 9610, 78, 0, 0, 17, 20, 34, 2, 53640, 45917, 48959, 1, 0, 0, 377,-
322,r0,28, 1056785, 1030,"  102010:	e0822003 	add	r2, r2, r3",benign, 598, 182, 10232, 2, 6848, 2690, 1, 567, 756, 0, 215, 53132, 550, 3, 7, 7306, 2, 379, 3, 32050, 10391, 21193, 0, 0, 30, 5065, 5163, 9607, 78, 0, 0, 17, 20, 34, 2, 53784, 45946, 48956, 1, 0, 0, 507,-
323,r3,0, 1056908, 1027,"  10208c:	e0822003 	add	r2, r2, r3",benign, 600, 182, 10249, 2, 6863, 2692, 1, 567, 756, 0, 215, 53573, 550, 3, 7, 7766, 2, 376, 3, 31996, 10324, 21198, 0, 0, 30, 5064, 5154, 9612, 77, 0, 0, 17, 21, 34, 2, 53984, 46215, 49210, 1, 0, 0, 377,-
324,r0,15, 1057283, 1031,"  102200:	e0822003 	add	r2, r2, r3",benign, 602, 182, 10238, 2, 6851, 2690, 1, 567, 756, 0, 217, 53458, 550, 3, 7, 7232, 2, 379, 3, 32583, 10908, 21219, 0, 0, 30, 4812, 5417, 9609, 79, 0, 0, 17, 21, 34, 2, 53698, 46322, 49347, 1, 0, 0, 377,-
325,r2,19, 1057894, 1027,"  102464:	e0822003 	add	r2, r2, r3",benign, 602, 185, 10233, 2, 6849, 2689, 1, 567, 756, 0, 212, 53475, 550, 3, 7, 7799, 2, 378, 3, 31869, 10183, 21217, 0, 0, 30, 5068, 5164, 9616, 79, 0, 0, 17, 20, 34, 2, 54167, 45830, 48783, 1, 0, 0, 374,-
326,r3,22, 1054812, 1024,"  10185c:	e0822003 	add	r2, r2, r3",benign, 594, 192, 10235, 2, 6857, 2693, 1, 567, 756, 0, 213, 53767, 550, 3, 7, 7355, 2, 375, 3, 32031, 10369, 21251, 0, 0, 30, 4865, 5354, 9602, 78, 0, 0, 17, 20, 34, 2, 53736, 46431, 49552, 1, 0, 0, 376,-
327,r0,3, 1060576, 1029,"  102ee0:	e51b3168 	ldr	r3, [fp, #-360]	; 0xfffffe98",benign, 595, 182, 10245, 2, 6872, 2697, 1, 567, 756, 0, 218, 53269, 550, 3, 7, 8112, 3, 386, 3, 32194, 10545, 21201, 0, 0, 30, 4885, 5324, 9612, 79, 0, 0, 17, 20, 34, 2, 54486, 46210, 49219, 1, 0, 0, 377,-
328,r0,16, 1060345, 1026,"  102df8:	e0823003 	add	r3, r2, r3",benign, 606, 185, 10234, 2, 6847, 2689, 1, 567, 756, 0, 215, 53185, 550, 3, 7, 7991, 2, 379, 3, 31852, 10221, 21194, 0, 0, 30, 4884, 5345, 9611, 78, 0, 0, 17, 20, 34, 2, 54497, 45883, 48895, 1, 0, 0, 374,-
329,r2,12, 1058040, 1036,"  1024f8:	e3483f1b 	movt	r3, #36635	; 0x8f1b",benign, 606, 192, 10240, 2, 6850, 2691, 1, 567, 756, 0, 212, 53164, 550, 3, 7, 7504, 2, 395, 3, 32305, 10578, 21193, 0, 0, 30, 4879, 5337, 9611, 78, 0, 0, 17, 21, 34, 2, 53849, 46117, 49109, 1, 0, 0, 373,-
330,r2,11, 1055948, 1029,"  101ccc:	e50b301c 	str	r3, [fp, #-28]	; 0xffffffe4",benign, 590, 182, 10228, 2, 6853, 2692, 1, 567, 756, 0, 210, 53747, 550, 3, 7, 7317, 2, 376, 3, 32179, 10505, 21230, 0, 0, 30, 4873, 5374, 9619, 79, 0, 0, 17, 21, 34, 2, 54145, 46311, 49249, 1, 0, 0, 374,-
331,r0,22, 1054896, 1032,"  1018b0:	e1a02de3 	ror	r2, r3, #27",benign, 594, 182, 10234, 2, 6854, 2694, 1, 567, 756, 0, 209, 53705, 550, 3, 7, 7461, 2, 376, 3, 32141, 10487, 21228, 0, 0, 30, 4887, 5350, 9607, 77, 0, 0, 17, 20, 34, 2, 53945, 46267, 49471, 1, 0, 0, 376,-
332,r2,10, 1057119, 1032,"  10215c:	e51b3018 	ldr	r3, [fp, #-24]	; 0xffffffe8",benign, 600, 181, 10240, 2, 6862, 2692, 1, 567, 756, 0, 207, 53403, 550, 3, 7, 7425, 2, 376, 3, 32397, 10782, 21223, 0, 0, 30, 4892, 5342, 9625, 78, 0, 0, 17, 20, 34, 2, 53873, 45862, 48886, 1, 0, 0, 377,-
333,r2,14, 1056092, 1028,"  101d5c:	e50b3014 	str	r3, [fp, #-20]	; 0xffffffec",benign, 608, 185, 10234, 2, 6850, 2689, 1, 567, 756, 0, 215, 54014, 550, 3, 7, 7345, 2, 379, 3, 31962, 10225, 21189, 0, 0, 30, 4877, 5337, 9612, 78, 0, 0, 17, 21, 34, 2, 54239, 45917, 48900, 1, 0, 0, 376,-
334,r2,22, 1058399, 1030,"  10265c:	e34c3a62 	movt	r3, #51810	; 0xca62",benign, 598, 182, 10241, 2, 6852, 2692, 1, 567, 756, 0, 208, 53329, 550, 3, 7, 7457, 2, 376, 3, 32313, 10634, 21163, 0, 0, 30, 5080, 5152, 9613, 79, 0, 0, 17, 21, 34, 2, 54415, 46015, 48973, 1, 0, 0, 377,-
335,r0,20, 1057132, 1031,"  10216c:	e51b0014 	ldr	r0, [fp, #-20]	; 0xffffffec",benign, 593, 182, 10238, 2, 6854, 2691, 1, 567, 756, 0, 212, 53279, 550, 3, 7, 7627, 2, 378, 3, 31985, 10241, 21148, 0, 0, 30, 4859, 5357, 9604, 77, 0, 0, 17, 21, 34, 2, 53698, 45920, 48912, 1, 0, 0, 374,-
336,r2,10, 1057428, 1028,"  102294:	e50b3020 	str	r3, [fp, #-32]	; 0xffffffe0",benign, 596, 181, 10237, 2, 6850, 2688, 1, 567, 756, 0, 208, 53639, 550, 3, 7, 7886, 2, 378, 3, 32434, 10718, 21213, 0, 0, 30, 4895, 5337, 9609, 79, 0, 0, 17, 20, 34, 2, 54311, 46194, 49159, 1, 0, 0, 373,-
337,r3,24, 1059993, 1031,"  102c98:	e0822003 	add	r2, r2, r3",benign, 602, 185, 10249, 2, 6857, 2689, 1, 567, 756, 0, 216, 54055, 550, 3, 7, 7904, 2, 376, 3, 32089, 10359, 21211, 0, 0, 30, 4875, 5344, 9607, 77, 0, 0, 17, 20, 34, 2, 54013, 46558, 49763, 1, 0, 0, 375,-
338,r3,19, 1051081, 1030,"  1009c8:	e3a03010 	mov	r3, #16",benign, 599, 185, 10245, 2, 6853, 2692, 1, 567, 756, 0, 214, 53637, 550, 3, 7, 7506, 2, 378, 3, 32489, 10835, 21170, 0, 0, 30, 4878, 5351, 9619, 80, 0, 0, 17, 22, 34, 2, 53673, 46450, 49426, 1, 0, 0, 377,-
339,r1,10, 1060629, 1028,"  102f14:	e24bd004 	sub	sp, fp, #4",benign, 598, 185, 10234, 2, 6850, 2692, 1, 567, 756, 0, 204, 53268, 550, 3, 7, 7736, 2, 376, 3, 32451, 10881, 21194, 0, 0, 30, 5022, 5207, 9626, 78, 0, 0, 17, 21, 34, 2, 54485, 46445, 49632, 1, 0, 0, 374,-
340,r3,12, 1055907, 1026,"  101ca0:	e1813003 	orr	r3, r1, r3",benign, 594, 182, 10227, 2, 6851, 2690, 1, 567, 756, 0, 214, 53231, 550, 3, 7, 8024, 2, 376, 3, 31893, 10154, 21208, 0, 0, 30, 4878, 5336, 9605, 78, 0, 0, 20, 22, 36, 2, 53637, 46472, 49653, 1, 0, 0, 377,-
341,r1,20, 1053886, 1032,"  1014bc:	e51b3014 	ldr	r3, [fp, #-20]	; 0xffffffec",benign, 613, 184, 10241, 2, 6851, 2692, 1, 567, 756, 0, 224, 53623, 550, 3, 7, 7458, 2, 376, 3, 31965, 10283, 21231, 0, 0, 30, 4867, 5347, 9617, 79, 0, 0, 17, 20, 34, 2, 53656, 46385, 49562, 1, 0, 0, 374,-
342,r0,21, 1051296, 1034,"  100aa0:	e5933010 	ldr	r3, [r3, #16]",benign, 593, 184, 10231, 2, 6851, 2688, 1, 567, 756, 0, 210, 53579, 550, 3, 7, 7869, 2, 376, 3, 32204, 10537, 21221, 0, 0, 30, 4869, 5363, 9616, 78, 0, 0, 17, 20, 34, 2, 54247, 46056, 49032, 1, 0, 0, 374,-
343,r2,31, 1052266, 1029,"  100e68:	e51b300c 	ldr	r3, [fp, #-12]",benign, 598, 181, 10241, 2, 6849, 2689, 4, 567, 756, 0, 213, 53262, 550, 3, 7, 7709, 2, 375, 3, 32259, 10615, 21209, 0, 0, 30, 5025, 5199, 9610, 78, 0, 0, 17, 20, 34, 2, 53594, 45816, 48821, 1, 0, 0, 386,-
344,r0,30, 1060080, 1026,"  102cf0:	e51b1010 	ldr	r1, [fp, #-16]",benign, 600, 182, 10231, 2, 6851, 2692, 1, 567, 756, 0, 211, 53635, 550, 3, 7, 7322, 2, 376, 3, 32520, 10845, 21172, 0, 0, 30, 4878, 5357, 9614, 81, 0, 0, 17, 20, 34, 2, 54328, 45811, 48812, 1, 0, 0, 376,-
345,r0,22, 1061448, 1031,"  103248:	e2433010 	sub	r3, r3, #16",benign, 603, 182, 10230, 2, 6853, 2690, 1, 567, 756, 0, 204, 53179, 550, 3, 7, 8157, 2, 376, 3, 32735, 11045, 21225, 0, 0, 30, 4844, 5395, 9611, 78, 0, 0, 17, 21, 34, 2, 54561, 45810, 48759, 1, 0, 0, 384,-
346,r1,3, 1051599, 1031,"  100bcc:	e51b3158 	ldr	r3, [fp, #-344]	; 0xfffffea8",benign, 610, 182, 10250, 2, 6866, 2694, 4, 567, 756, 0, 215, 53118, 550, 3, 7, 7726, 2, 379, 3, 31858, 10147, 21190, 0, 0, 30, 5079, 5176, 9627, 79, 0, 0, 17, 20, 34, 2, 53912, 45978, 48959, 1, 0, 0, 377,-
347,r0,20, 1051433, 1027,"  100b28:	e51b1010 	ldr	r1, [fp, #-16]",benign, 609, 182, 10241, 2, 6850, 2691, 3, 567, 756, 0, 213, 53145, 550, 3, 7, 7854, 2, 379, 3, 32203, 10466, 21178, 0, 0, 30, 4881, 5344, 9617, 78, 0, 0, 17, 20, 34, 2, 54384, 46087, 49090, 1, 0, 0, 377,-
348,r3,29, 1052764, 1037,"  10105c:	e51b3010 	ldr	r3, [fp, #-16]",benign, 600, 184, 10239, 2, 6848, 2690, 1, 567, 756, 0, 219, 53321, 550, 3, 7, 8250, 2, 376, 3, 32562, 10950, 21257, 0, 0, 30, 4877, 5352, 9614, 77, 0, 0, 17, 20, 34, 2, 53676, 46043, 48985, 1, 0, 0, 373,-
349,r2,11, 1051131, 1028,"  1009f8:	e2433004 	sub	r3, r3, #4",benign, 608, 182, 10238, 2, 6847, 2690, 1, 567, 756, 0, 218, 53399, 550, 3, 7, 7585, 2, 376, 3, 32500, 10854, 21229, 0, 0, 30, 5043, 5173, 9597, 78, 0, 0, 17, 21, 34, 2, 54111, 46355, 49285, 1, 0, 0, 377,-
350,r3,18, 1060956, 1038,"  10305c:	e51b3010 	ldr	r3, [fp, #-16]",benign, 603, 185, 10239, 2, 6847, 2690, 1, 567, 756, 0, 214, 53350, 550, 3, 7, 7663, 2, 378, 3, 32218, 10527, 21181, 0, 0, 30, 5023, 5215, 9624, 79, 0, 0, 20, 25, 36, 2, 53686, 46297, 49512, 1, 0, 0, 373,-
351,r0,20, 1056219, 1029,"  101dd8:	e50b3014 	str	r3, [fp, #-20]	; 0xffffffec",benign, 605, 182, 10237, 2, 6850, 2690, 1, 567, 756, 0, 214, 53419, 550, 3, 7, 7475, 2, 375, 3, 32585, 10907, 21249, 0, 0, 30, 4888, 5348, 9600, 77, 0, 0, 17, 20, 34, 2, 54068, 46299, 49491, 1, 0, 0, 374,-
352,r0,15, 1055175, 1029,"  1019c4:	e51b3018 	ldr	r3, [fp, #-24]	; 0xffffffe8",benign, 605, 185, 10235, 2, 6849, 2689, 1, 567, 756, 0, 212, 53459, 550, 3, 7, 7743, 2, 375, 3, 32607, 10990, 21201, 0, 0, 30, 4881, 5341, 9616, 79, 0, 0, 17, 21, 34, 2, 54002, 46189, 49209, 1, 0, 0, 374,-
353,r0,9, 1051951, 1025,"  100d2c:	e51b301c 	ldr	r3, [fp, #-28]	; 0xffffffe4",benign, 601, 185, 10231, 2, 6851, 2693, 1, 567, 756, 0, 205, 53565, 550, 3, 7, 8132, 2, 375, 3, 31947, 10322, 21213, 0, 0, 30, 5075, 5152, 9603, 78, 0, 0, 17, 21, 34, 2, 54331, 45953, 48957, 1, 0, 0, 374,-
354,r3,26, 1053673, 1034,"  1013e8:	e50b3018 	str	r3, [fp, #-24]	; 0xffffffe8",benign, 592, 182, 10238, 2, 6859, 2690, 1, 567, 756, 0, 210, 53335, 550, 3, 7, 8277, 2, 379, 3, 32020, 10316, 21210, 0, 0, 30, 5066, 5176, 9627, 79, 0, 0, 17, 21, 34, 2, 54344, 45838, 48851, 1, 0, 0, 377,-
355,r0,24, 1053607, 1030,"  1013a4:	e51b3010 	ldr	r3, [fp, #-16]",benign, 600, 185, 10234, 2, 6850, 2691, 1, 567, 756, 0, 209, 54014, 550, 3, 7, 7434, 2, 379, 3, 32708, 10994, 21205, 0, 0, 30, 4883, 5356, 9623, 79, 0, 0, 17, 20, 34, 2, 53783, 45793, 48802, 1, 0, 0, 374,-
356,r2,19, 1052907, 1033,"  1010e8:	e0822003 	add	r2, r2, r3",benign, 600, 182, 10242, 2, 6852, 2693, 1, 567, 756, 0, 210, 53349, 550, 3, 7, 7459, 2, 376, 3, 32056, 10341, 21192, 0, 0, 30, 4884, 5332, 9609, 78, 0, 0, 17, 20, 34, 2, 54409, 45808, 48782, 1, 0, 0, 374,-
357,r1,3, 1057246, 1028,"  1021dc:	e1811003 	orr	r1, r1, r3",benign, 601, 181, 10232, 2, 6845, 2690, 1, 567, 756, 0, 216, 53568, 550, 3, 7, 7517, 2, 376, 3, 32564, 10947, 21281, 0, 0, 30, 4882, 5360, 9614, 78, 0, 0, 17, 20, 34, 2, 53763, 45894, 48885, 1, 0, 0, 377,-
358,r0,17, 1055481, 1029,"  101af8:	e30e3ba1 	movw	r3, #60321	; 0xeba1",benign, 595, 182, 10236, 2, 6860, 2690, 1, 567, 756, 0, 213, 53202, 550, 3, 7, 7658, 2, 379, 3, 32549, 10902, 21225, 0, 0, 30, 5062, 5174, 9628, 78, 0, 0, 17, 20, 34, 2, 54457, 46196, 49265, 1, 0, 0, 374,-
359,r3,14, 1051698, 1035,"  100c30:	e0033000 	and	r3, r3, r0",benign, 608, 185, 10240, 2, 6856, 2690, 1, 567, 756, 0, 208, 53194, 550, 3, 7, 7356, 2, 376, 3, 32147, 10419, 21189, 0, 0, 30, 5076, 5137, 9604, 78, 0, 0, 17, 20, 34, 2, 53785, 46247, 49337, 1, 0, 0, 374,-
360,r2,27, 1052049, 1030,"  100d90:	e1e00003 	mvn	r0, r3",benign, 610, 181, 10265, 2, 6874, 2693, 1, 567, 756, 0, 209, 53162, 550, 3, 7, 7474, 2, 378, 3, 32059, 10366, 21220, 0, 0, 30, 4892, 5349, 9622, 79, 0, 0, 17, 20, 34, 2, 53679, 45889, 48885, 1, 0, 0, 374,-
361,r2,9, 1055558, 1032,"  101b44:	e0211003 	eor	r1, r1, r3",benign, 593, 182, 10219, 2, 6850, 2694, 1, 567, 756, 0, 219, 53873, 550, 3, 7, 8081, 2, 375, 3, 31930, 10215, 21169, 0, 0, 30, 4831, 5412, 9621, 80, 0, 0, 17, 20, 34, 2, 53685, 46581, 49552, 1, 0, 0, 384,-
362,r0,10, 1061461, 1031,"  103254:	e1a00001 	mov	r0, r1",benign, 600, 183, 10247, 2, 6854, 2693, 1, 567, 756, 0, 208, 53164, 550, 3, 7, 7437, 3, 388, 3, 32223, 10502, 21206, 0, 0, 30, 4871, 5357, 9618, 79, 0, 0, 17, 20, 34, 2, 53677, 46158, 49157, 1, 0, 0, 374,-
363,r0,28, 1058544, 1040,"  1026f0:	e51b300c 	ldr	r3, [fp, #-12]",benign, 604, 184, 10239, 2, 6857, 2689, 1, 567, 756, 0, 211, 54000, 550, 3, 7, 7492, 2, 376, 3, 31997, 10302, 21218, 0, 0, 30, 4870, 5342, 9615, 77, 0, 0, 17, 20, 34, 2, 54192, 45852, 48865, 1, 0, 0, 377,-
364,r3,5, 1054546, 1033,"  101750:	e1a03163 	ror	r3, r3, #2",benign, 606, 184, 10240, 2, 6852, 2691, 4, 567, 756, 0, 211, 53909, 550, 3, 7, 7450, 2, 378, 3, 32216, 10522, 21212, 0, 0, 30, 5018, 5230, 9632, 79, 0, 0, 17, 22, 34, 2, 54198, 46072, 49015, 1, 0, 0, 386,-
365,r1,29, 1054462, 1030,"  1016fc:	e51b300c 	ldr	r3, [fp, #-12]",benign, 608, 185, 10246, 2, 6862, 2691, 1, 567, 756, 0, 211, 53195, 550, 3, 7, 7746, 2, 376, 3, 31915, 10184, 21203, 0, 0, 30, 4880, 5333, 9608, 78, 0, 0, 17, 20, 34, 2, 53836, 46155, 49162, 1, 0, 0, 373,-
366,r2,15, 1059460, 1036,"  102a84:	e0822003 	add	r2, r2, r3",benign, 607, 182, 10239, 2, 6862, 2694, 1, 567, 756, 0, 214, 53348, 550, 3, 7, 7390, 2, 378, 3, 32238, 10562, 21229, 0, 0, 30, 4878, 5348, 9605, 78, 0, 0, 17, 20, 34, 2, 53557, 46283, 49465, 1, 0, 0, 373,-
367,r2,20, 1058169, 1036,"  102578:	e0823003 	add	r3, r2, r3",benign, 597, 185, 10237, 2, 6849, 2689, 1, 567, 756, 0, 211, 53353, 550, 3, 7, 7330, 2, 376, 3, 32154, 10485, 21244, 0, 0, 30, 4874, 5356, 9613, 79, 0, 0, 17, 20, 34, 2, 53631, 46279, 49275, 1, 0, 0, 377,-
368,r0,31, 1057617, 1030,"  102350:	e1811003 	orr	r1, r1, r3",benign, 600, 182, 10239, 2, 6852, 2694, 1, 567, 756, 0, 219, 53292, 550, 3, 7, 7459, 2, 516, 3, 31939, 10275, 21182, 0, 0, 30, 4878, 5355, 9612, 77, 0, 0, 17, 20, 34, 2, 54446, 46109, 49069, 1, 0, 0, 377,-
369,r0,8, 1059134, 1034,"  10293c:	e51b301c 	ldr	r3, [fp, #-28]	; 0xffffffe4",benign, 607, 185, 10249, 2, 6852, 2689, 1, 567, 756, 0, 210, 53964, 550, 3, 7, 7214, 2, 376, 3, 32343, 10672, 21229, 0, 0, 30, 5102, 5229, 9612, 77, 0, 0, 17, 21, 34, 2, 54137, 45836, 48828, 1, 0, 0, 374,-
370,r0,4, 1059353, 1037,"  102a18:	e0822003 	add	r2, r2, r3",benign, 605, 182, 10259, 2, 6871, 2694, 1, 567, 756, 0, 208, 53946, 550, 3, 7, 7395, 2, 378, 3, 32244, 10528, 21198, 0, 0, 30, 5053, 5174, 9608, 78, 0, 0, 17, 20, 34, 2, 53634, 46076, 49077, 1, 0, 0, 376,-
371,r2,17, 1059908, 1031,"  102c44:	e34c3a62 	movt	r3, #51810	; 0xca62",benign, 603, 182, 10237, 2, 6857, 2691, 1, 567, 756, 0, 221, 53246, 550, 3, 7, 7629, 2, 375, 3, 31907, 10187, 21181, 0, 0, 30, 4878, 5336, 9610, 78, 0, 0, 17, 20, 34, 2, 54774, 45916, 48898, 1, 0, 0, 374,-
372,r2,11, 1058351, 1034,"  10262c:	e1a02de3 	ror	r2, r3, #27",benign, 623, 192, 10237, 2, 6850, 2693, 1, 567, 756, 0, 209, 53893, 550, 3, 7, 7535, 2, 379, 3, 32215, 10512, 21164, 0, 0, 30, 5076, 5157, 9611, 78, 0, 0, 17, 21, 34, 2, 53641, 45829, 48836, 1, 0, 0, 377,-
373,r0,27, 1054907, 1031,"  1018b8:	e51b3014 	ldr	r3, [fp, #-20]	; 0xffffffec",benign, 602, 182, 10238, 2, 6848, 2695, 1, 567, 756, 0, 209, 53928, 550, 3, 7, 7436, 2, 376, 3, 31985, 10337, 21188, 0, 0, 30, 4829, 5411, 9619, 78, 0, 0, 17, 20, 34, 2, 53648, 46014, 49010, 1, 0, 0, 373,-
374,r3,28, 1056771, 1037,"  102000:	e0033000 	and	r3, r3, r0",benign, 606, 184, 10233, 2, 6850, 2689, 1, 567, 756, 0, 207, 53261, 550, 3, 7, 7932, 2, 375, 3, 32118, 10417, 21186, 0, 0, 30, 5063, 5159, 9610, 78, 0, 0, 17, 20, 34, 2, 53928, 46148, 49170, 1, 0, 0, 376,-
375,r3,28, 1061075, 1033,"  1030d0:	e51b3018 	ldr	r3, [fp, #-24]	; 0xffffffe8",benign, 598, 185, 10229, 2, 6845, 2692, 1, 567, 756, 0, 216, 53543, 550, 3, 7, 7463, 2, 379, 3, 31895, 10187, 21257, 0, 0, 30, 5075, 5154, 9616, 79, 0, 0, 17, 21, 34, 2, 54027, 46180, 49290, 1, 0, 0, 377,-
376,r1,20, 1051750, 1028,"  100c64:	e51b3014 	ldr	r3, [fp, #-20]	; 0xffffffec",benign, 599, 182, 10251, 2, 6859, 2694, 1, 567, 756, 0, 220, 53863, 550, 3, 7, 7561, 2, 376, 3, 32312, 10642, 21216, 0, 0, 30, 4884, 5335, 9600, 78, 0, 0, 17, 21, 34, 2, 54349, 45874, 48846, 1, 0, 0, 376,-
377,r2,31, 1052925, 1028,"  1010fc:	e3073999 	movw	r3, #31129	; 0x7999",benign, 599, 184, 10239, 2, 6855, 2689, 1, 567, 756, 0, 214, 53718, 550, 3, 7, 7718, 2, 378, 3, 32620, 10888, 21202, 0, 0, 30, 4860, 5355, 9607, 78, 0, 0, 17, 20, 34, 2, 54292, 46324, 49517, 1, 0, 0, 374,-
378,r2,2, 1055193, 1032,"  1019d8:	e1a03163 	ror	r3, r3, #2",benign, 617, 184, 10237, 2, 6848, 2691, 1, 567, 756, 0, 213, 54060, 550, 3, 7, 7767, 2, 375, 3, 32197, 10543, 21200, 0, 0, 30, 4827, 5417, 9628, 81, 0, 0, 17, 20, 34, 2, 53623, 46208, 49219, 1, 0, 0, 376,-
379,r1,15, 1053473, 1032,"  101320:	e51b1010 	ldr	r1, [fp, #-16]",benign, 601, 182, 10254, 2, 6871, 2695, 1, 567, 756, 0, 219, 53263, 550, 3, 7, 8013, 2, 376, 3, 32517, 10868, 21210, 0, 0, 30, 4871, 5348, 9593, 77, 0, 0, 17, 20, 34, 2, 54393, 46477, 49469, 1, 0, 0, 374,-
380,r3,19, 1058458, 1032,"  102698:	e1a02de3 	ror	r2, r3, #27",benign, 597, 182, 10239, 2, 6858, 2694, 1, 567, 756, 0, 210, 53924, 550, 3, 7, 7420, 2, 376, 3, 32588, 10912, 21203, 0, 0, 30, 5090, 5150, 9611, 78, 0, 0, 17, 20, 34, 2, 54602, 46318, 49483, 1, 0, 0, 374,-
381,r0,25, 1061008, 1029,"  103090:	e24bd004 	sub	sp, fp, #4",benign, 605, 182, 10255, 2, 6861, 2692, 1, 567, 756, 0, 220, 53263, 550, 3, 7, 7623, 2, 379, 3, 32390, 10691, 21223, 0, 0, 30, 4863, 5369, 9620, 83, 0, 0, 17, 20, 34, 2, 53616, 46035, 48987, 1, 0, 0, 374,-
382,r1,28, 1058708, 1029,"  102794:	e51b3064 	ldr	r3, [fp, #-100]	; 0xffffff9c",benign, 599, 185, 10232, 2, 6850, 2689, 1, 567, 756, 0, 220, 53612, 550, 3, 7, 7684, 2, 379, 3, 32041, 10329, 21228, 0, 0, 30, 4866, 5346, 9605, 77, 0, 0, 17, 20, 34, 2, 53717, 46091, 49104, 1, 0, 0, 377,-
383,r2,10, 1060828, 1029,"  102fdc:	2a000004 	bcs	102ff4 <sha_update+0x50>",benign, 734, 330, 10245, 2, 6855, 2690, 1, 567, 756, 0, 224, 53855, 550, 3, 7, 7781, 2, 378, 3, 31793, 10187, 21187, 0, 0, 30, 4882, 5349, 9600, 78, 0, 0, 17, 20, 34, 2, 54014, 46441, 49608, 1, 0, 0, 377,-
384,r1,6, 1056573, 1029,"  101f3c:	e51b3014 	ldr	r3, [fp, #-20]	; 0xffffffec",benign, 603, 184, 10231, 2, 6854, 2691, 1, 567, 756, 0, 211, 53381, 550, 3, 7, 7404, 2, 376, 3, 32553, 10823, 21186, 0, 0, 30, 4883, 5354, 9620, 79, 0, 0, 20, 21, 36, 2, 53630, 46004, 48971, 1, 0, 0, 377,-
385,r3,23, 1060739, 1034,"  102f80:	e3a02000 	mov	r2, #0",benign, 606, 185, 10237, 2, 6849, 2694, 1, 567, 756, 0, 211, 53931, 550, 3, 7, 7860, 2, 379, 3, 32147, 10430, 21235, 0, 0, 30, 4893, 5349, 9619, 78, 0, 0, 17, 23, 34, 2, 53687, 46247, 49238, 1, 0, 0, 373,-
386,r2,24, 1057920, 1038,"  102480:	e0823003 	add	r3, r2, r3",benign, 607, 181, 10247, 2, 6865, 2694, 4, 567, 756, 0, 211, 53480, 550, 3, 7, 7857, 2, 379, 3, 32334, 10687, 21232, 0, 0, 30, 4871, 5361, 9606, 79, 0, 0, 17, 20, 34, 2, 54333, 46524, 49578, 1, 0, 0, 377,-
387,r3,4, 1053804, 1031,"  10146c:	e51b3020 	ldr	r3, [fp, #-32]	; 0xffffffe0",benign, 601, 184, 10227, 2, 6849, 2692, 1, 567, 756, 0, 211, 53526, 550, 3, 7, 7341, 2, 379, 3, 31926, 10232, 21202, 0, 0, 30, 4816, 5426, 9619, 79, 0, 0, 17, 22, 34, 2, 54443, 46332, 49334, 1, 0, 0, 375,-
388,r3,27, 1058206, 1033,"  10259c:	e51b300c 	ldr	r3, [fp, #-12]",benign, 604, 192, 10240, 2, 6865, 2692, 1, 567, 756, 0, 226, 53710, 550, 3, 7, 7457, 3, 385, 3, 32642, 10997, 21235, 0, 0, 30, 4835, 5409, 9624, 79, 0, 0, 17, 20, 34, 2, 53593, 45967, 48977, 1, 0, 0, 377,-
389,r1,21, 1051239, 1033,"  100a64:	e353004f 	cmp	r3, #79	; 0x4f",benign, 600, 182, 10231, 2, 6848, 2689, 3, 567, 756, 0, 213, 53853, 550, 3, 7, 7406, 2, 375, 3, 32120, 10414, 21189, 0, 0, 30, 5079, 5145, 9611, 79, 0, 0, 17, 20, 34, 2, 53727, 46077, 49040, 1, 0, 0, 373,-
390,r0,6, 1059235, 1031,"  1029a0:	e0233001 	eor	r3, r3, r1",benign, 608, 184, 10240, 2, 6851, 2691, 1, 567, 756, 0, 212, 53268, 550, 3, 7, 7739, 2, 376, 3, 32653, 10987, 21211, 0, 0, 30, 4865, 5348, 9593, 77, 0, 0, 17, 21, 34, 2, 54166, 46160, 49178, 1, 0, 0, 374,-
391,r0,8, 1055213, 1037,"  1019ec:	e50b300c 	str	r3, [fp, #-12]",benign, 607, 182, 10223, 2, 6849, 2691, 1, 567, 756, 0, 208, 53143, 550, 3, 7, 7815, 2, 376, 3, 32289, 10605, 21215, 0, 0, 30, 5072, 5162, 9620, 80, 0, 0, 17, 20, 34, 2, 54423, 46157, 49173, 1, 0, 0, 377,-
392,r3,26, 1053241, 1034,"  101238:	e0011003 	and	r1, r1, r3",benign, 599, 182, 10239, 2, 6856, 2692, 1, 567, 756, 0, 211, 53605, 550, 3, 7, 7439, 2, 378, 3, 31911, 10249, 21242, 0, 0, 30, 5052, 5175, 9612, 78, 0, 0, 20, 22, 36, 2, 53659, 46550, 49624, 1, 0, 0, 374,-
393,r1,7, 1059795, 1035,"  102bd0:	e0822003 	add	r2, r2, r3",benign, 607, 182, 10234, 2, 6846, 2688, 4, 567, 756, 0, 215, 53395, 550, 3, 7, 8070, 2, 375, 3, 32683, 11034, 21270, 0, 0, 30, 4973, 5444, 9613, 78, 0, 0, 17, 20, 34, 2, 53691, 46537, 49687, 1, 0, 0, 374,-
394,r2,12, 1056974, 1034,"  1020cc:	e51b3020 	ldr	r3, [fp, #-32]	; 0xffffffe0",benign, 599, 192, 10251, 2, 6864, 2696, 1, 567, 756, 0, 208, 53437, 550, 3, 7, 7482, 3, 389, 3, 32589, 10927, 21184, 0, 0, 30, 5060, 5160, 9607, 79, 0, 0, 17, 20, 34, 2, 54306, 46464, 49588, 1, 0, 0, 374,-
395,r0,17, 1052368, 1036,"  100ed0:	e51b300c 	ldr	r3, [fp, #-12]",benign, 608, 185, 10236, 2, 6851, 2693, 1, 567, 756, 0, 209, 53759, 550, 3, 7, 7396, 2, 379, 3, 31882, 10259, 21212, 0, 0, 30, 4873, 5342, 9611, 79, 0, 0, 17, 20, 34, 2, 53638, 46369, 49470, 1, 0, 0, 374,-
396,r2,12, 1057229, 1033,"  1021cc:	e51b300c 	ldr	r3, [fp, #-12]",benign, 600, 185, 10231, 2, 6855, 2690, 1, 567, 756, 0, 214, 53435, 550, 3, 7, 7699, 2, 378, 3, 32127, 10387, 21181, 0, 0, 30, 4885, 5347, 9606, 78, 0, 0, 17, 20, 34, 2, 53882, 45910, 48921, 1, 0, 0, 376,-
397,r2,9, 1056021, 1032,"  101d14:	e51b3018 	ldr	r3, [fp, #-24]	; 0xffffffe8",benign, 608, 182, 10250, 2, 6868, 2691, 1, 567, 756, 0, 213, 53724, 550, 3, 7, 8031, 2, 375, 3, 32058, 10369, 21190, 0, 0, 30, 4888, 5345, 9621, 80, 0, 0, 20, 21, 36, 2, 53677, 46059, 49056, 1, 0, 0, 374,-
398,r1,2, 1054522, 1030,"  101738:	e50b3020 	str	r3, [fp, #-32]	; 0xffffffe0",benign, 623, 185, 10232, 2, 6856, 2692, 1, 567, 756, 0, 213, 53457, 550, 3, 7, 7419, 2, 379, 3, 32004, 10360, 21203, 0, 0, 30, 4999, 5472, 9600, 78, 0, 0, 17, 20, 34, 2, 53686, 45908, 48936, 1, 0, 0, 374,-
399,r1,0, 1059029, 1029,"  1028d4:	e0822003 	add	r2, r2, r3",benign, 609, 182, 10231, 2, 6843, 2689, 1, 567, 756, 0, 215, 53258, 550, 3, 7, 7388, 2, 379, 3, 31931, 10292, 21197, 0, 0, 30, 4862, 5370, 9605, 78, 0, 0, 17, 20, 34, 2, 53956, 46460, 49566, 1, 0, 0, 376,-
400,r3,8, 1056734, 1032,"  101fdc:	e51b300c 	ldr	r3, [fp, #-12]",benign, 616, 182, 10232, 2, 6846, 2687, 1, 567, 756, 0, 208, 53400, 550, 3, 7, 7741, 2, 378, 3, 32245, 10509, 21196, 0, 0, 30, 4867, 5364, 9611, 78, 0, 0, 17, 21, 34, 2, 54560, 46340, 49526, 1, 0, 0, 376,-
401,r3,1, 1059992, 1029,"  102c98:	e0822003 	add	r2, r2, r3",benign, 612, 182, 10233, 2, 6849, 2692, 1, 567, 756, 0, 210, 53902, 550, 3, 7, 7478, 3, 386, 3, 31905, 10198, 21195, 0, 0, 30, 4878, 5345, 9610, 77, 0, 0, 17, 20, 34, 2, 53953, 46153, 49096, 1, 0, 0, 374,-
402,r1,3, 1051156, 1029,"  100a14:	e2433004 	sub	r3, r3, #4",benign, 606, 182, 10242, 2, 6852, 2689, 1, 567, 756, 0, 215, 53277, 550, 3, 7, 7735, 2, 376, 3, 31963, 10266, 21193, 0, 0, 30, 4869, 5346, 9607, 78, 0, 0, 17, 20, 34, 2, 53926, 46484, 49613, 1, 0, 0, 373,-
403,r3,31, 1055519, 1032,"  101b1c:	e1a03163 	ror	r3, r3, #2",benign, 616, 182, 10246, 2, 6870, 2695, 1, 567, 756, 0, 214, 53206, 550, 3, 7, 7491, 2, 376, 3, 32725, 11040, 21208, 0, 0, 30, 4873, 5334, 9598, 77, 0, 0, 17, 20, 34, 2, 54303, 46188, 49195, 1, 0, 0, 377,-
404,r0,10, 1052987, 1030,"  101138:	e51b300c 	ldr	r3, [fp, #-12]",benign, 603, 182, 10235, 2, 6857, 2690, 1, 567, 756, 0, 212, 53925, 550, 3, 7, 7779, 2, 376, 3, 32460, 10826, 21214, 0, 0, 30, 4889, 5342, 9615, 78, 0, 0, 17, 20, 34, 2, 53822, 46511, 49565, 1, 0, 0, 374,-
405,r0,22, 1052009, 1033,"  100d68:	e51b300c 	ldr	r3, [fp, #-12]",benign, 606, 182, 10232, 2, 6859, 2693, 3, 567, 756, 0, 213, 54017, 550, 3, 7, 7536, 2, 379, 3, 31863, 10186, 21177, 0, 0, 30, 4905, 5327, 9622, 79, 0, 0, 17, 20, 34, 2, 54140, 45876, 48891, 1, 0, 0, 374,-
406,r0,19, 1051595, 1039,"  100bc8:	e0822003 	add	r2, r2, r3",benign, 601, 185, 10241, 2, 6852, 2690, 1, 567, 756, 0, 213, 53344, 550, 3, 7, 7660, 2, 376, 3, 32716, 11001, 21220, 0, 0, 30, 4880, 5347, 9602, 79, 0, 0, 17, 20, 34, 2, 54013, 46388, 49500, 1, 0, 0, 374,-
407,r3,31, 1058725, 1034,"  1027a4:	e0823003 	add	r3, r2, r3",benign, 602, 182, 10243, 2, 6863, 2694, 1, 567, 756, 0, 217, 53312, 550, 3, 7, 7377, 2, 378, 3, 31869, 10227, 21181, 0, 0, 30, 5014, 5219, 9604, 79, 0, 0, 17, 20, 34, 2, 53866, 45925, 48967, 1, 0, 0, 376,-
408,r3,27, 1058382, 1036,"  10264c:	e0822003 	add	r2, r2, r3",benign, 605, 193, 10236, 2, 6860, 2692, 1, 567, 756, 0, 207, 53919, 550, 3, 7, 7542, 2, 379, 3, 31939, 10204, 21154, 0, 0, 30, 5082, 5157, 9612, 78, 0, 0, 17, 20, 34, 2, 54236, 45913, 48929, 1, 0, 0, 374,-
409,r2,5, 1058904, 1032,"  102858:	e51b3018 	ldr	r3, [fp, #-24]	; 0xffffffe8",benign, 597, 182, 10226, 2, 6845, 2690, 1, 567, 756, 0, 219, 53526, 550, 3, 7, 7426, 2, 378, 3, 31943, 10323, 21217, 0, 0, 30, 5033, 5201, 9623, 78, 0, 0, 17, 20, 34, 2, 53670, 46284, 49329, 1, 0, 0, 373,-
410,r0,26, 1056658, 1034,"  101f90:	e51b301c 	ldr	r3, [fp, #-28]	; 0xffffffe4",benign, 599, 181, 10240, 2, 6850, 2691, 1, 567, 756, 0, 213, 53503, 550, 3, 7, 7249, 2, 376, 3, 31972, 10497, 21163, 0, 0, 30, 5064, 5154, 9610, 78, 0, 0, 17, 21, 34, 2, 53839, 45976, 48931, 1, 0, 0, 374,-
411,r0,23, 1055469, 1035,"  101aec:	e0822003 	add	r2, r2, r3",benign, 609, 184, 10239, 2, 6861, 2696, 1, 567, 756, 0, 215, 53138, 550, 3, 7, 7665, 2, 376, 3, 32537, 10820, 21218, 0, 0, 30, 4881, 5329, 9603, 79, 0, 0, 17, 20, 34, 2, 53779, 46267, 49288, 1, 0, 0, 374,-
412,r0,7, 1061368, 1028,"  1031f8:	e50b3010 	str	r3, [fp, #-16]",benign, 599, 192, 10235, 2, 6844, 2693, 1, 567, 756, 0, 211, 53998, 550, 3, 7, 7709, 2, 376, 3, 31913, 10217, 21226, 0, 0, 30, 5056, 5158, 9607, 77, 0, 0, 17, 20, 34, 2, 54147, 46356, 49447, 1, 0, 0, 377,-
413,r0,27, 1056121, 1041,"  101d78:	e51b1014 	ldr	r1, [fp, #-20]	; 0xffffffec",benign, 606, 182, 10236, 2, 6856, 2692, 1, 567, 756, 0, 218, 53683, 550, 3, 7, 7371, 2, 378, 3, 32418, 10657, 21218, 0, 0, 30, 5061, 5146, 9607, 77, 0, 0, 17, 20, 34, 2, 54335, 46240, 49425, 1, 0, 0, 374,-
414,r1,4, 1061134, 1041,"  10310c:	e51b3010 	ldr	r3, [fp, #-16]",benign, 599, 185, 10234, 2, 6857, 2694, 1, 567, 756, 0, 213, 54118, 550, 3, 7, 7645, 2, 376, 3, 32159, 10488, 21227, 0, 0, 30, 4815, 5401, 9608, 78, 0, 0, 17, 20, 34, 2, 53627, 46527, 49550, 1, 0, 0, 373,-
415,r1,16, 1060816, 1032,"  102fd0:	e51b3008 	ldr	r3, [fp, #-8]",benign, 605, 181, 10227, 2, 6843, 2687, 1, 567, 756, 0, 208, 53684, 550, 3, 7, 7294, 2, 376, 3, 32102, 10408, 21191, 0, 0, 30, 4890, 5337, 9602, 78, 0, 0, 17, 22, 34, 2, 54019, 45955, 48959, 1, 0, 0, 377,-
416,r3,29, 1056976, 1035,"  1020d0:	e50b300c 	str	r3, [fp, #-12]",benign, 601, 182, 10240, 2, 6852, 2692, 1, 567, 756, 0, 217, 53460, 550, 3, 7, 7411, 2, 375, 3, 32138, 10436, 21264, 0, 0, 30, 4830, 5401, 9607, 78, 0, 0, 17, 20, 34, 2, 53708, 46082, 49119, 1, 0, 0, 374,-
417,r1,8, 1060956, 1032,"  10305c:	e51b3010 	ldr	r3, [fp, #-16]",benign, 605, 182, 10238, 2, 6860, 2691, 1, 567, 756, 0, 211, 53835, 550, 3, 7, 7547, 2, 379, 3, 31936, 10255, 21191, 0, 0, 30, 4807, 5396, 9601, 78, 0, 0, 17, 21, 34, 2, 54118, 45920, 48937, 1, 0, 0, 374,-
418,r0,31, 1057356, 1032,"  10224c:	e1a02de3 	ror	r2, r3, #27",benign, 598, 185, 10238, 2, 6861, 2695, 1, 567, 756, 0, 218, 53678, 550, 3, 7, 8138, 2, 375, 3, 32467, 10800, 21200, 0, 0, 30, 4887, 5345, 9610, 78, 0, 0, 17, 20, 34, 2, 54184, 46076, 49109, 1, 0, 0, 374,-
419,r2,10, 1051855, 1032,"  100ccc:	e0823003 	add	r3, r2, r3",benign, 601, 184, 10237, 2, 6847, 2691, 1, 567, 756, 0, 209, 53272, 550, 3, 7, 8152, 2, 376, 3, 32344, 10642, 21178, 0, 0, 30, 4815, 5415, 9615, 78, 0, 0, 17, 20, 34, 2, 53631, 45998, 48976, 1, 0, 0, 376,-
420,r0,18, 1052822, 1031,"  101094:	e51b3018 	ldr	r3, [fp, #-24]	; 0xffffffe8",benign, 605, 183, 10235, 2, 6847, 2691, 1, 567, 756, 0, 211, 53387, 550, 3, 7, 7412, 2, 376, 3, 32470, 10795, 21243, 0, 0, 30, 4813, 5406, 9597, 78, 0, 0, 17, 20, 34, 2, 53907, 46009, 49013, 1, 0, 0, 478,-
421,r0,14, 1052649, 1031,"  100fe8:	e1e00003 	mvn	r0, r3",benign, 603, 190, 10246, 2, 6855, 2694, 1, 567, 756, 0, 215, 54114, 550, 3, 7, 7351, 3, 389, 3, 31915, 10210, 21187, 0, 0, 30, 5019, 5473, 9605, 77, 0, 0, 17, 20, 34, 2, 54077, 46053, 49071, 1, 0, 0, 383,-
422,r1,8, 1057133, 1030,"  10216c:	e51b0014 	ldr	r0, [fp, #-20]	; 0xffffffec",benign, 607, 195, 10240, 2, 6858, 2695, 1, 567, 756, 0, 217, 53687, 550, 3, 7, 7583, 2, 376, 3, 32292, 10593, 21222, 0, 0, 30, 4873, 5342, 9613, 77, 0, 0, 17, 20, 34, 2, 54320, 46123, 49086, 1, 0, 0, 374,-
423,r2,30, 1054022, 1029,"  101544:	e51b3020 	ldr	r3, [fp, #-32]	; 0xffffffe0",benign, 606, 184, 10238, 2, 6849, 2693, 1, 567, 756, 0, 214, 53325, 550, 3, 7, 7922, 2, 376, 3, 31952, 10269, 21178, 0, 0, 30, 5071, 5148, 9611, 80, 0, 0, 17, 21, 34, 2, 53632, 45767, 48730, 1, 0, 0, 374,-
424,r1,5, 1057152, 1034,"  102180:	e51b301c 	ldr	r3, [fp, #-28]	; 0xffffffe4",benign, 596, 182, 10245, 2, 6858, 2693, 1, 567, 756, 0, 208, 53587, 550, 3, 7, 7343, 2, 376, 3, 32732, 11066, 21202, 0, 0, 30, 4894, 5353, 9611, 79, 0, 0, 17, 22, 34, 2, 53676, 45843, 48820, 1, 0, 0, 377,-
425,r0,17, 1056097, 1036,"  101d60:	e51b300c 	ldr	r3, [fp, #-12]",benign, 599, 184, 10240, 2, 6854, 2693, 1, 567, 756, 0, 211, 53217, 550, 3, 7, 7449, 2, 531, 3, 32009, 10334, 21213, 0, 0, 30, 5058, 5163, 9610, 78, 0, 0, 17, 20, 34, 2, 53654, 45832, 48893, 1, 0, 0, 374,-
426,r1,19, 1057662, 1039,"  10237c:	e0822003 	add	r2, r2, r3",benign, 606, 182, 10241, 2, 6853, 2690, 1, 567, 756, 0, 211, 53668, 550, 3, 7, 7450, 2, 402, 3, 32144, 10508, 21235, 0, 0, 30, 4866, 5367, 9617, 78, 0, 0, 17, 20, 34, 2, 53715, 45816, 48843, 1, 0, 0, 377,-
427,r2,1, 1057781, 1029,"  1023f4:	e51b3084 	ldr	r3, [fp, #-132]	; 0xffffff7c",benign, 617, 185, 10245, 2, 6855, 2695, 1, 567, 756, 0, 209, 53811, 550, 3, 7, 7832, 2, 375, 3, 31868, 10145, 21186, 0, 0, 30, 5008, 5227, 9634, 78, 0, 0, 17, 21, 34, 2, 53719, 46088, 49091, 1, 0, 0, 374,-
428,r1,8, 1057234, 1029,"  1021d0:	e1a02de3 	ror	r2, r3, #27",benign, 605, 185, 10251, 2, 6863, 2693, 1, 567, 756, 0, 210, 53082, 550, 3, 7, 7436, 2, 375, 3, 31852, 10145, 21165, 0, 0, 30, 4864, 5346, 9609, 78, 0, 0, 17, 22, 34, 2, 54482, 46236, 49237, 1, 0, 0, 377,-
429,r3,20, 1059950, 1030,"  102c6c:	e51b300c 	ldr	r3, [fp, #-12]",benign, 605, 184, 10231, 2, 6847, 2691, 1, 567, 756, 0, 214, 53364, 550, 3, 7, 7418, 2, 376, 3, 31977, 10238, 21164, 0, 0, 30, 5068, 5169, 9621, 79, 0, 0, 17, 21, 34, 2, 53980, 46149, 49159, 1, 0, 0, 374,-
430,r3,29, 1053452, 1028,"  10130c:	e50b3010 	str	r3, [fp, #-16]",benign, 608, 185, 10237, 2, 6845, 2692, 1, 567, 756, 0, 213, 53230, 550, 3, 7, 7395, 2, 375, 3, 31909, 10255, 21204, 0, 0, 30, 4889, 5348, 9615, 78, 0, 0, 17, 20, 34, 2, 53596, 45840, 48804, 1, 0, 0, 376,-
431,r0,8, 1055201, 1035,"  1019e0:	e51b300c 	ldr	r3, [fp, #-12]",benign, 603, 181, 10239, 2, 6848, 2693, 1, 567, 756, 0, 220, 53810, 550, 3, 7, 7956, 2, 378, 3, 32718, 11008, 21222, 0, 0, 30, 5032, 5206, 9625, 80, 0, 0, 17, 20, 34, 2, 54326, 46082, 49084, 1, 0, 0, 374,-
432,r1,0, 1053025, 1032,"  101160:	e0822003 	add	r2, r2, r3",benign, 597, 181, 10244, 2, 6852, 2691, 1, 567, 756, 0, 207, 53558, 550, 3, 7, 7393, 2, 376, 3, 31927, 10265, 21189, 0, 0, 30, 4880, 5348, 9601, 77, 0, 0, 17, 20, 34, 2, 54457, 46024, 49030, 1, 0, 0, 375,-
433,r1,18, 1054993, 1034,"  101910:	e51b3020 	ldr	r3, [fp, #-32]	; 0xffffffe0",benign, 592, 182, 10236, 2, 6852, 2693, 1, 567, 756, 0, 218, 53506, 550, 3, 7, 7336, 2, 379, 3, 32001, 10300, 21189, 0, 0, 30, 4883, 5346, 9614, 77, 0, 0, 17, 20, 34, 2, 53722, 46445, 49629, 1, 0, 0, 377,-
434,r0,26, 1057329, 1033,"  102230:	e1a03163 	ror	r3, r3, #2",benign, 619, 182, 10239, 2, 6851, 2691, 1, 567, 756, 0, 212, 53504, 550, 3, 7, 8161, 2, 379, 3, 31909, 10273, 21215, 0, 0, 30, 4864, 5363, 9608, 78, 0, 0, 17, 22, 34, 2, 53786, 46024, 49003, 1, 0, 0, 373,-
435,r3,17, 1053707, 1031,"  101408:	e51b300c 	ldr	r3, [fp, #-12]",benign, 598, 182, 10240, 2, 6848, 2690, 1, 567, 756, 0, 212, 54006, 550, 3, 7, 7921, 2, 375, 3, 32421, 10703, 21217, 0, 0, 30, 4875, 5359, 9608, 79, 0, 0, 17, 21, 34, 2, 53654, 46151, 49130, 1, 0, 0, 377,-
436,r1,6, 1054510, 1031,"  10172c:	e30e3ba1 	movw	r3, #60321	; 0xeba1",benign, 600, 182, 10246, 2, 6855, 2693, 1, 567, 756, 0, 205, 53520, 550, 3, 7, 7413, 2, 378, 3, 32149, 10470, 21199, 0, 0, 30, 4886, 5353, 9612, 78, 0, 0, 17, 20, 34, 2, 54399, 45832, 48903, 1, 0, 0, 374,-
437,r3,18, 1057578, 1036,"  102328:	e1a03163 	ror	r3, r3, #2",benign, 598, 182, 10234, 2, 6848, 2688, 1, 567, 756, 0, 214, 53487, 550, 3, 7, 7491, 2, 376, 3, 32009, 10277, 21211, 0, 0, 30, 4874, 5348, 9601, 77, 0, 0, 17, 21, 34, 2, 54307, 46060, 49127, 1, 0, 0, 374,-
438,r0,23, 1055272, 1034,"  101a28:	e0823003 	add	r3, r2, r3",benign, 598, 182, 10242, 2, 6862, 2695, 4, 567, 756, 0, 209, 53604, 550, 3, 7, 7370, 2, 378, 3, 32168, 10517, 21184, 0, 0, 30, 5163, 5278, 9600, 78, 0, 0, 17, 20, 34, 2, 53714, 46422, 49663, 1, 0, 0, 376,-
439,r0,10, 1059771, 1036,"  102bb8:	e51b3018 	ldr	r3, [fp, #-24]	; 0xffffffe8",benign, 603, 182, 10244, 2, 6858, 2690, 1, 567, 756, 0, 210, 53711, 550, 3, 7, 7619, 2, 379, 3, 32006, 10295, 21241, 0, 0, 30, 5026, 5211, 9627, 77, 0, 0, 17, 20, 34, 2, 53798, 45860, 48854, 1, 0, 0, 386,-
440,r2,13, 1057465, 1033,"  1022b8:	e50b3010 	str	r3, [fp, #-16]",benign, 606, 182, 10240, 2, 6863, 2693, 1, 567, 756, 0, 212, 53796, 550, 3, 7, 8196, 2, 376, 3, 32443, 10794, 21162, 0, 0, 30, 4885, 5346, 9612, 78, 0, 0, 17, 21, 34, 2, 53786, 45858, 48822, 1, 0, 0, 374,-
441,r3,22, 1059282, 1032,"  1029d0:	e51b3014 	ldr	r3, [fp, #-20]	; 0xffffffec",benign, 598, 184, 10242, 2, 6851, 2692, 1, 567, 756, 0, 216, 53323, 550, 3, 7, 7991, 2, 379, 3, 32533, 10776, 21185, 0, 0, 30, 4826, 5414, 9608, 77, 0, 0, 17, 20, 34, 2, 54096, 45924, 48910, 1, 0, 0, 374,-
442,r1,23, 1051871, 1032,"  100cdc:	e51b3014 	ldr	r3, [fp, #-20]	; 0xffffffec",benign, 614, 181, 10252, 2, 6863, 2697, 1, 567, 756, 0, 212, 53361, 550, 3, 7, 7527, 2, 375, 3, 32531, 10981, 21197, 0, 0, 30, 4880, 5352, 9619, 78, 0, 0, 17, 20, 34, 2, 54185, 46442, 49419, 1, 0, 0, 377,-
443,r1,14, 1059873, 1029,"  102c20:	e0211003 	eor	r1, r1, r3",benign, 601, 182, 10238, 2, 6848, 2689, 1, 567, 756, 0, 214, 53282, 550, 3, 7, 7460, 2, 484, 3, 32213, 10565, 21186, 0, 0, 30, 4881, 5329, 9609, 78, 0, 0, 17, 20, 34, 2, 53579, 46272, 49293, 1, 0, 0, 374,-
444,r2,20, 1051042, 1031,"  1009a0:	e1a03103 	lsl	r3, r3, #2",benign, 608, 185, 10243, 2, 6860, 2691, 1, 567, 756, 0, 220, 54093, 550, 3, 7, 7638, 2, 376, 3, 31819, 10088, 21200, 0, 0, 30, 4873, 5336, 9600, 77, 0, 0, 17, 20, 34, 2, 53849, 46483, 49653, 1, 0, 0, 374,-
445,r3,12, 1055509, 1035,"  101b14:	e50b3018 	str	r3, [fp, #-24]	; 0xffffffe8",benign, 614, 184, 10245, 2, 6850, 2693, 3, 567, 756, 0, 220, 53316, 550, 3, 7, 7666, 3, 385, 3, 32062, 10348, 21187, 0, 0, 30, 5049, 5176, 9601, 77, 0, 0, 17, 20, 34, 2, 53991, 45806, 48825, 1, 0, 0, 374,-
446,r1,3, 1052606, 1032,"  100fbc:	e50b3014 	str	r3, [fp, #-20]	; 0xffffffec",benign, 609, 181, 10237, 2, 6853, 2691, 1, 567, 756, 0, 215, 53269, 550, 3, 7, 8097, 2, 379, 3, 31782, 10117, 21189, 0, 0, 30, 4817, 5408, 9603, 79, 0, 0, 17, 20, 34, 2, 54002, 46335, 49531, 1, 0, 0, 374,-
447,r3,29, 1057386, 1032,"  102268:	e51b3018 	ldr	r3, [fp, #-24]	; 0xffffffe8",benign, 601, 182, 10244, 2, 6859, 2693, 1, 567, 756, 0, 210, 53998, 550, 3, 7, 7344, 2, 376, 3, 32520, 10761, 21168, 0, 0, 30, 4819, 5393, 9604, 78, 0, 0, 17, 20, 34, 2, 53834, 46003, 49021, 1, 0, 0, 374,-
448,r1,8, 1058390, 1032,"  102654:	e0822003 	add	r2, r2, r3",benign, 598, 182, 10236, 2, 6848, 2693, 1, 567, 756, 0, 210, 53618, 550, 3, 7, 7846, 2, 376, 3, 32609, 10921, 21218, 0, 0, 30, 5070, 5164, 9604, 78, 0, 0, 17, 21, 34, 2, 53699, 45843, 48823, 1, 0, 0, 374,-
449,r0,26, 1054546, 1029,"  101750:	e1a03163 	ror	r3, r3, #2",benign, 599, 182, 10244, 2, 6849, 2690, 1, 567, 756, 0, 225, 53703, 550, 3, 7, 7453, 2, 379, 3, 31820, 10106, 21215, 0, 0, 30, 4879, 5359, 9606, 79, 0, 0, 17, 20, 34, 2, 53965, 46479, 49591, 1, 0, 0, 374,-
450,r0,27, 1051031, 1028,"  100994:	e0823003 	add	r3, r2, r3",benign, 610, 182, 10243, 2, 6853, 2693, 1, 567, 756, 0, 217, 53284, 550, 3, 7, 7638, 2, 376, 3, 32171, 10487, 21229, 0, 0, 30, 4884, 5358, 9619, 79, 0, 0, 17, 20, 34, 2, 53883, 45930, 48931, 1, 0, 0, 377,-
451,r2,26, 1052721, 1030,"  101030:	e1a03163 	ror	r3, r3, #2",benign, 596, 181, 10243, 2, 6851, 2690, 1, 567, 756, 0, 210, 53950, 550, 3, 7, 8178, 2, 379, 3, 32628, 10997, 21214, 0, 0, 30, 5066, 5167, 9614, 77, 0, 0, 17, 20, 34, 2, 53610, 46107, 49119, 1, 0, 0, 377,-
452,r2,22, 1058801, 1037,"  1027f0:	e0233001 	eor	r3, r3, r1",benign, 607, 182, 10231, 2, 6842, 2687, 1, 567, 756, 0, 212, 53468, 550, 3, 7, 7321, 3, 389, 3, 31951, 10202, 21231, 0, 0, 30, 4882, 5344, 9604, 77, 0, 0, 17, 22, 34, 2, 53959, 45838, 48849, 1, 0, 0, 374,-
453,r1,11, 1059693, 1032,"  102b6c:	e34c3a62 	movt	r3, #51810	; 0xca62",benign, 591, 181, 10239, 2, 6861, 2688, 1, 567, 756, 0, 209, 53786, 550, 3, 7, 7426, 2, 376, 3, 31928, 10261, 21216, 0, 0, 30, 5019, 5198, 9619, 79, 0, 0, 17, 20, 34, 2, 54368, 46600, 49595, 1, 0, 0, 377,-
454,r3,26, 1053887, 1032,"  1014bc:	e51b3014 	ldr	r3, [fp, #-20]	; 0xffffffec",benign, 598, 182, 10250, 2, 6858, 2693, 1, 567, 756, 0, 210, 54000, 550, 3, 7, 7584, 2, 376, 3, 32252, 10526, 21270, 0, 0, 30, 4885, 5345, 9612, 79, 0, 0, 17, 20, 34, 2, 53688, 46145, 49120, 1, 0, 0, 373,-
455,r2,23, 1052283, 1034,"  100e78:	e0011003 	and	r1, r1, r3",benign, 596, 181, 10238, 2, 6852, 2691, 1, 567, 756, 0, 212, 53414, 550, 3, 7, 7314, 2, 376, 3, 32178, 10559, 21222, 0, 0, 30, 5078, 5151, 9614, 78, 0, 0, 17, 20, 34, 2, 53651, 46455, 49461, 1, 0, 0, 374,-
456,r1,0, 1052750, 1030,"  10104c:	e1a02de3 	ror	r2, r3, #27",benign, 605, 182, 10236, 2, 6847, 2690, 1, 567, 756, 0, 210, 53591, 550, 3, 7, 7804, 2, 375, 3, 32265, 10555, 21213, 0, 0, 30, 5080, 5162, 9629, 80, 0, 0, 17, 20, 34, 2, 54191, 45869, 48900, 1, 0, 0, 377,-
457,r1,20, 1051977, 1038,"  100d48:	e50b3020 	str	r3, [fp, #-32]	; 0xffffffe0",benign, 598, 182, 10230, 2, 6848, 2690, 1, 567, 756, 0, 212, 53278, 550, 3, 7, 7503, 2, 376, 3, 31976, 10259, 21153, 0, 0, 30, 4825, 5414, 9620, 80, 0, 0, 17, 20, 34, 2, 53813, 45961, 48985, 1, 0, 0, 374,-
458,r2,31, 1055815, 1032,"  101c44:	e0823003 	add	r3, r2, r3",benign, 605, 184, 10251, 2, 6855, 2693, 1, 567, 756, 0, 207, 53110, 550, 3, 7, 7785, 2, 376, 3, 31899, 10203, 21194, 0, 0, 30, 5068, 5142, 9603, 78, 0, 0, 17, 20, 34, 2, 53971, 45846, 48837, 1, 0, 0, 376,-
459,r2,7, 1058446, 1034,"  10268c:	e51b3020 	ldr	r3, [fp, #-32]	; 0xffffffe0",benign, 596, 182, 10237, 2, 6849, 2690, 1, 567, 756, 0, 215, 53717, 550, 3, 7, 7444, 2, 378, 3, 32662, 10931, 21228, 0, 0, 30, 4889, 5345, 9619, 79, 0, 0, 17, 20, 34, 2, 54250, 45889, 48907, 1, 0, 0, 374,-
460,r3,2, 1056162, 1034,"  101da0:	e51b301c 	ldr	r3, [fp, #-28]	; 0xffffffe4",benign, 603, 182, 10233, 2, 6847, 2691, 1, 567, 756, 0, 209, 53894, 550, 3, 7, 7431, 2, 376, 3, 32241, 10523, 21192, 0, 0, 30, 5011, 5212, 9616, 79, 0, 0, 17, 20, 34, 2, 53720, 45922, 48902, 1, 0, 0, 456,-
461,r1,2, 1051807, 1035,"  100c9c:	e51b3010 	ldr	r3, [fp, #-16]",benign, 596, 182, 10244, 2, 6852, 2690, 1, 567, 756, 0, 212, 53036, 550, 3, 7, 7863, 2, 379, 3, 32645, 10964, 21219, 0, 0, 30, 5067, 5155, 9599, 78, 0, 0, 17, 20, 34, 2, 54092, 45875, 48855, 1, 0, 0, 377,-
462,r2,0, 1058005, 1031,"  1024d4:	e51b3018 	ldr	r3, [fp, #-24]	; 0xffffffe8",benign, 601, 182, 10244, 2, 6853, 2688, 1, 567, 756, 0, 211, 53220, 550, 3, 7, 7353, 2, 378, 3, 31876, 10151, 21170, 0, 0, 30, 4824, 5410, 9610, 79, 0, 0, 17, 20, 34, 2, 54369, 46206, 49263, 1, 0, 0, 377,-
463,r1,0, 1058074, 1036,"  102518:	e1a03163 	ror	r3, r3, #2",benign, 610, 182, 10231, 2, 6847, 2692, 1, 567, 756, 0, 209, 53317, 550, 3, 7, 7591, 2, 375, 3, 32647, 10908, 21215, 0, 0, 30, 4896, 5351, 9612, 79, 0, 0, 17, 20, 34, 2, 54352, 45873, 48897, 1, 0, 0, 376,-
464,r0,10, 1057139, 1031,"  102170:	e51b3018 	ldr	r3, [fp, #-24]	; 0xffffffe8",benign, 602, 182, 10239, 2, 6846, 2690, 1, 567, 756, 0, 207, 53305, 550, 3, 7, 7406, 2, 376, 3, 32329, 10735, 21202, 0, 0, 30, 4874, 5354, 9620, 79, 0, 0, 17, 20, 34, 2, 53953, 46373, 49520, 1, 0, 0, 373,-
465,r0,15, 1056377, 1032,"  101e78:	e1811003 	orr	r1, r1, r3",benign, 606, 182, 10230, 2, 6857, 2694, 1, 567, 756, 0, 207, 53374, 550, 3, 7, 7987, 2, 376, 3, 31880, 10229, 21193, 0, 0, 30, 4881, 5352, 9618, 77, 0, 0, 17, 20, 34, 2, 54569, 46263, 49244, 1, 0, 0, 384,-
466,r1,27, 1060911, 1032,"  10302c:	ea00000d 	b	103068 <sha_update+0xc4>",benign, 608, 184, 10249, 2, 6852, 2688, 1, 567, 756, 0, 217, 53564, 550, 3, 7, 7461, 2, 378, 3, 32172, 10590, 21214, 0, 0, 30, 4878, 5362, 9608, 79, 0, 0, 17, 20, 34, 2, 54098, 45901, 48879, 1, 0, 0, 394,-
467,r3,27, 1056181, 1034,"  101db4:	e3483f1b 	movt	r3, #36635	; 0x8f1b",benign, 603, 184, 10239, 2, 6849, 2692, 1, 567, 756, 0, 221, 53686, 550, 3, 7, 7439, 2, 379, 3, 32398, 10699, 21218, 0, 0, 30, 4880, 5331, 9605, 79, 0, 0, 17, 20, 34, 2, 54305, 45830, 48872, 1, 0, 0, 377,-
468,r2,30, 1055803, 1035,"  101c38:	e0822003 	add	r2, r2, r3",benign, 599, 181, 10246, 2, 6866, 2694, 1, 567, 756, 0, 209, 53143, 550, 3, 7, 8190, 2, 376, 3, 31975, 10266, 21204, 0, 0, 30, 5076, 5158, 9618, 77, 0, 0, 17, 20, 34, 2, 54100, 46140, 49181, 1, 0, 0, 374,-
469,r2,3, 1054636, 1032,"  1017ac:	e50b301c 	str	r3, [fp, #-28]	; 0xffffffe4",benign, 606, 181, 10239, 2, 6854, 2693, 1, 567, 756, 0, 210, 53158, 550, 3, 7, 7341, 2, 375, 3, 31990, 10312, 21230, 0, 0, 30, 4879, 5348, 9602, 78, 0, 0, 17, 21, 34, 2, 53688, 46295, 49516, 1, 0, 0, 376,-
470,r1,1, 1058380, 1033,"  10264c:	e0822003 	add	r2, r2, r3",benign, 607, 185, 10237, 2, 6852, 2693, 1, 567, 756, 0, 213, 53507, 550, 3, 7, 8085, 2, 376, 3, 32192, 10464, 21176, 0, 0, 30, 4799, 5430, 9609, 77, 0, 0, 17, 20, 34, 2, 54299, 45840, 48819, 1, 0, 0, 377,-
471,r2,9, 1058920, 1037,"  102868:	e0822003 	add	r2, r2, r3",benign, 603, 181, 10240, 2, 6845, 2689, 1, 567, 756, 0, 207, 53947, 550, 3, 7, 7392, 2, 378, 3, 32561, 10837, 21221, 0, 0, 30, 4874, 5344, 9606, 79, 0, 0, 17, 20, 34, 2, 53587, 45931, 48954, 1, 0, 0, 376,-
472,r0,11, 1056610, 1039,"  101f60:	e51b300c 	ldr	r3, [fp, #-12]",benign, 616, 181, 10234, 2, 6848, 2694, 1, 567, 756, 0, 208, 53642, 550, 3, 7, 7745, 2, 378, 3, 32389, 10696, 21213, 0, 0, 30, 4802, 5405, 9609, 79, 0, 0, 17, 20, 34, 2, 53824, 46425, 49591, 1, 0, 0, 377,-
473,r1,10, 1053455, 1034,"  10130c:	e50b3010 	str	r3, [fp, #-16]",benign, 611, 184, 10243, 2, 6863, 2691, 1, 567, 756, 0, 212, 54005, 550, 3, 7, 7422, 2, 376, 3, 31876, 10256, 21232, 0, 0, 30, 5073, 5148, 9607, 78, 0, 0, 17, 20, 34, 2, 53888, 46091, 49050, 1, 0, 0, 377,-
474,r0,30, 1055904, 1032,"  101ca0:	e1813003 	orr	r3, r1, r3",benign, 607, 194, 10236, 2, 6845, 2690, 1, 567, 756, 0, 216, 53331, 550, 3, 7, 7374, 2, 376, 3, 31922, 10222, 21162, 0, 0, 30, 5076, 5163, 9625, 79, 0, 0, 17, 20, 34, 2, 54485, 46091, 49072, 1, 0, 0, 374,-
475,r0,1, 1055079, 1035,"  101964:	e50b3018 	str	r3, [fp, #-24]	; 0xffffffe8",benign, 607, 181, 10239, 2, 6856, 2695, 1, 567, 756, 0, 219, 53470, 550, 3, 7, 7349, 2, 376, 3, 32177, 10546, 21176, 0, 0, 30, 5064, 5146, 9597, 79, 0, 0, 17, 20, 34, 2, 53779, 45764, 48728, 1, 0, 0, 384,-
476,r1,24, 1056443, 1039,"  101eb8:	e51b3018 	ldr	r3, [fp, #-24]	; 0xffffffe8",benign, 608, 185, 10252, 2, 6861, 2694, 1, 567, 756, 0, 209, 53188, 550, 3, 7, 7431, 2, 375, 3, 31869, 10171, 21197, 0, 0, 30, 4884, 5350, 9613, 78, 0, 0, 17, 20, 34, 2, 53624, 45870, 48934, 1, 0, 0, 373,-
477,r3,24, 1054763, 1030,"  101828:	e1a03163 	ror	r3, r3, #2",benign, 607, 185, 10244, 2, 6860, 2691, 1, 567, 756, 0, 222, 53356, 550, 3, 7, 7590, 3, 386, 3, 32089, 10448, 21180, 0, 0, 30, 4886, 5338, 9606, 77, 0, 0, 17, 20, 34, 2, 54505, 45926, 48895, 1, 0, 0, 415,-
478,r2,10, 1059778, 1030,"  102bc0:	e0822003 	add	r2, r2, r3",benign, 598, 182, 10243, 2, 6861, 2691, 1, 567, 756, 0, 208, 53450, 550, 3, 7, 8111, 2, 376, 3, 31896, 10288, 21184, 0, 0, 30, 4875, 5352, 9611, 78, 0, 0, 17, 20, 34, 2, 54063, 45942, 48931, 1, 0, 0, 376,-
479,r2,18, 1054248, 1032,"  101628:	e1a02de3 	ror	r2, r3, #27",benign, 611, 185, 10230, 2, 6845, 2688, 1, 567, 756, 0, 211, 53767, 550, 3, 7, 7400, 2, 376, 3, 32608, 10957, 21217, 0, 0, 30, 4881, 5359, 9614, 79, 0, 0, 17, 20, 34, 2, 54390, 46023, 49037, 1, 0, 0, 376,-
480,r2,7, 1059210, 1030,"  102988:	e51b300c 	ldr	r3, [fp, #-12]",benign, 606, 182, 10236, 2, 6848, 2690, 1, 567, 756, 0, 214, 53282, 550, 3, 7, 7587, 2, 376, 3, 31889, 10179, 21211, 0, 0, 30, 4873, 5348, 9608, 77, 0, 0, 17, 20, 34, 2, 54485, 45943, 48925, 1, 0, 0, 377,-
481,r3,28, 1057443, 1030,"  1022a0:	e51b3014 	ldr	r3, [fp, #-20]	; 0xffffffec",benign, 604, 183, 10236, 2, 6854, 2694, 1, 567, 756, 0, 209, 53204, 550, 3, 7, 7394, 2, 375, 3, 31874, 10215, 21197, 0, 0, 30, 4884, 5335, 9602, 77, 0, 0, 17, 21, 34, 2, 53772, 46467, 49699, 1, 0, 0, 374,-
482,r0,16, 1052615, 1035,"  100fc4:	e50b3010 	str	r3, [fp, #-16]",benign, 611, 182, 10236, 2, 6852, 2688, 1, 567, 756, 0, 210, 53429, 550, 3, 7, 7490, 2, 547, 3, 32184, 10534, 21207, 0, 0, 30, 5060, 5161, 9618, 79, 0, 0, 17, 20, 34, 2, 54437, 46003, 48985, 1, 0, 0, 377,-
483,r0,30, 1053809, 1033,"  101470:	e50b300c 	str	r3, [fp, #-12]",benign, 612, 184, 10240, 2, 6849, 2688, 1, 567, 756, 0, 208, 53593, 550, 3, 7, 7420, 2, 379, 3, 32026, 10306, 21199, 0, 0, 30, 4824, 5403, 9617, 80, 0, 0, 20, 21, 36, 2, 54011, 46527, 49738, 1, 0, 0, 376,-
484,r3,17, 1055853, 1031,"  101c6c:	e50b3010 	str	r3, [fp, #-16]",benign, 602, 181, 10239, 2, 6855, 2691, 1, 567, 756, 0, 210, 53806, 550, 3, 7, 7820, 2, 376, 3, 31909, 10246, 21213, 0, 0, 30, 4828, 5387, 9609, 79, 0, 0, 17, 20, 34, 2, 53714, 46239, 49260, 1, 0, 0, 374,-
485,r3,10, 1057505, 1031,"  1022e0:	e51b0014 	ldr	r0, [fp, #-20]	; 0xffffffec",benign, 607, 182, 10238, 2, 6856, 2690, 1, 567, 756, 0, 211, 53435, 550, 3, 7, 7660, 2, 376, 3, 31992, 10333, 21179, 0, 0, 30, 4899, 5351, 9620, 80, 0, 0, 17, 20, 34, 2, 54434, 46238, 49288, 1, 0, 0, 377,-
486,r3,25, 1056240, 1039,"  101df0:	e1a02de3 	ror	r2, r3, #27",benign, 613, 185, 10219, 2, 6841, 2691, 1, 567, 756, 0, 219, 53406, 550, 3, 7, 7511, 2, 378, 3, 31837, 10095, 21187, 0, 0, 30, 4888, 5335, 9617, 78, 0, 0, 17, 20, 34, 2, 53763, 46367, 49358, 1, 0, 0, 373,-
487,r1,17, 1054156, 1034,"  1015cc:	e51b3018 	ldr	r3, [fp, #-24]	; 0xffffffe8",benign, 602, 185, 10236, 2, 6854, 2692, 1, 567, 756, 0, 212, 53322, 550, 3, 7, 7870, 2, 379, 3, 31835, 10189, 21181, 0, 0, 30, 5068, 5161, 9615, 77, 0, 0, 17, 20, 34, 2, 53757, 45912, 48925, 1, 0, 0, 374,-
488,r3,21, 1053415, 1032,"  1012e4:	e0823003 	add	r3, r2, r3",benign, 607, 185, 10241, 2, 6852, 2693, 1, 567, 756, 0, 210, 53731, 550, 3, 7, 7432, 2, 378, 3, 31946, 10275, 21213, 0, 0, 30, 5011, 5225, 9608, 78, 0, 0, 17, 21, 34, 2, 53606, 46139, 49131, 1, 0, 0, 374,-
489,r0,3, 1053487, 1038,"  10132c:	e51b3010 	ldr	r3, [fp, #-16]",benign, 613, 182, 10234, 2, 6841, 2688, 1, 567, 756, 0, 216, 53233, 550, 3, 7, 7636, 2, 379, 3, 32184, 10483, 21219, 0, 0, 30, 4880, 5361, 9625, 79, 0, 0, 17, 21, 34, 2, 53561, 46350, 49324, 1, 0, 0, 374,-
490,r3,11, 1051794, 1038,"  100c90:	e51b1010 	ldr	r1, [fp, #-16]",benign, 613, 185, 10243, 2, 6860, 2690, 1, 567, 756, 0, 210, 53254, 550, 3, 7, 7890, 2, 377, 3, 31952, 10250, 21208, 0, 0, 30, 4870, 5366, 9612, 78, 0, 0, 17, 20, 34, 2, 54505, 46336, 49478, 1, 0, 0, 373,-
491,r2,4, 1061116, 1028,"  1030fc:	e51b3018 	ldr	r3, [fp, #-24]	; 0xffffffe8",benign, 598, 181, 10239, 2, 6854, 2691, 1, 567, 756, 0, 214, 53507, 550, 3, 7, 7869, 2, 379, 3, 31853, 10195, 21211, 0, 0, 30, 5078, 5156, 9606, 77, 0, 0, 17, 21, 34, 2, 54308, 46523, 49710, 1, 0, 0, 376,-
492,r2,19, 1056190, 1039,"  101dbc:	e50b3020 	str	r3, [fp, #-32]	; 0xffffffe0",benign, 597, 184, 10248, 2, 6868, 2698, 1, 567, 756, 0, 211, 53329, 550, 3, 7, 7549, 2, 379, 3, 32771, 11087, 21237, 0, 0, 30, 4812, 5417, 9607, 78, 0, 0, 17, 21, 34, 2, 54038, 45896, 48906, 1, 0, 0, 377,-
493,r1,5, 1054068, 1035,"  101574:	e51b3104 	ldr	r3, [fp, #-260]	; 0xfffffefc",benign, 608, 182, 10239, 2, 6849, 2691, 1, 567, 756, 0, 214, 53166, 550, 3, 7, 7320, 2, 375, 3, 31894, 10233, 21180, 0, 0, 30, 5064, 5180, 9634, 80, 0, 0, 17, 20, 34, 2, 53709, 45834, 48820, 1, 0, 0, 383,-
494,r1,4, 1059412, 1034,"  102a54:	e50b3010 	str	r3, [fp, #-16]",benign, 605, 185, 10229, 2, 6848, 2690, 1, 567, 756, 0, 224, 53577, 550, 3, 7, 7534, 2, 376, 3, 31982, 10283, 21180, 0, 0, 30, 4886, 5343, 9613, 78, 0, 0, 17, 20, 34, 2, 53680, 45781, 48788, 1, 0, 0, 374,-
495,r0,27, 1055378, 1035,"  101a90:	e3463ed9 	movt	r3, #28377	; 0x6ed9",benign, 614, 185, 10236, 2, 6862, 2693, 1, 567, 756, 0, 211, 54210, 550, 3, 7, 7686, 2, 376, 3, 32282, 10551, 21171, 0, 0, 30, 4869, 5357, 9616, 78, 0, 0, 17, 20, 34, 2, 53630, 45849, 48849, 1, 0, 0, 374,-
496,r2,14, 1061479, 1033,"  103264:	e51b2008 	ldr	r2, [fp, #-8]",benign, 610, 184, 10238, 2, 6859, 2695, 1, 567, 756, 0, 214, 53574, 550, 3, 7, 7375, 2, 378, 3, 32050, 10413, 21263, 0, 0, 30, 5080, 5156, 9608, 79, 0, 0, 17, 21, 34, 2, 53838, 46044, 49064, 1, 0, 0, 377,-
497,r2,13, 1053154, 1032,"  1011e0:	e0822003 	add	r2, r2, r3",benign, 605, 185, 10253, 2, 6858, 2694, 1, 567, 756, 0, 220, 53371, 550, 3, 7, 7608, 2, 379, 3, 32476, 10765, 21217, 0, 0, 30, 5083, 5162, 9613, 78, 0, 0, 17, 21, 34, 2, 53719, 46301, 49321, 1, 0, 0, 377,-
498,r1,9, 1054035, 1033,"  101550:	e1a02de3 	ror	r2, r3, #27",benign, 603, 182, 10236, 2, 6850, 2691, 1, 567, 756, 0, 212, 53572, 550, 3, 7, 7830, 2, 376, 3, 31823, 10207, 21196, 0, 0, 30, 4874, 5346, 9606, 78, 0, 0, 17, 21, 34, 2, 54053, 46525, 49684, 1, 0, 0, 377,-
