num,reg,pos,loc,input_seed,instraction,res,0,1,2,3,4,5,6,7,8,9,10,11,12,13,14,15,16,17,18,19,20,21,22,23,24,25,26,27,28,29,30,31,32,33,34,35,36,37,38,39,40,41,dump
0,r3,29, 1060377, 1065,"  102e18:	e51b3010 	ldr	r3, [fp, #-16]",benign, 462, 2, 10203, 2, 6839, 2687, 1, 560, 746, 0, 216, 53901, 538, 3, 11, 8282, 3, 404, 3, 32475, 10913, 21177, 0, 0, 28, 5292, 4873, 9613, 81, 0, 0, 19, 22, 35, 2, 54168, 45990, 49159, 1, 0, 0, 382,-
1,r3,5, 1059201, 1022,"  102980:	e51b300c 	ldr	r3, [fp, #-12]",benign, 591, 190, 10230, 2, 6840, 2687, 1, 560, 746, 0, 220, 53611, 538, 3, 11, 7873, 2, 382, 4, 31959, 10400, 21210, 0, 0, 28, 5058, 5139, 9615, 84, 0, 0, 18, 22, 34, 2, 53490, 46226, 49457, 1, 0, 0, 381,-
2,r1,15, 1055260, 1025,"  101a1c:	e0822003 	add	r2, r2, r3",benign, 605, 188, 10232, 2, 6852, 2692, 1, 567, 756, 0, 226, 53504, 550, 3, 8, 8030, 22, 383, 3, 32134, 10539, 21232, 0, 0, 30, 5536, 4703, 9606, 79, 0, 0, 19, 22, 35, 2, 53867, 46141, 49125, 1, 0, 0, 477,-
3,r0,22, 1058108, 1024,"  10253c:	e1a02de3 	ror	r2, r3, #27",benign, 609, 210, 10233, 2, 6859, 2695, 4, 567, 756, 0, 227, 53898, 550, 3, 7, 7720, 2, 383, 3, 32527, 10951, 21218, 0, 0, 30, 5568, 4647, 9620, 80, 0, 0, 19, 22, 35, 2, 53960, 45979, 49031, 1, 0, 0, 382,-
4,r1,2, 1059090, 1021,"  102910:	e50b3014 	str	r3, [fp, #-20]	; 0xffffffec",benign, 607, 211, 10236, 2, 6855, 2695, 1, 567, 756, 0, 222, 53309, 550, 3, 7, 7873, 2, 511, 3, 32016, 10526, 21224, 0, 0, 30, 5571, 4662, 9630, 82, 0, 0, 19, 21, 35, 2, 54143, 46581, 49740, 1, 0, 0, 380,-
5,r1,3, 1060658, 1026,"  102f30:	e50b0008 	str	r0, [fp, #-8]",benign, 611, 211, 10240, 2, 6852, 2692, 1, 567, 756, 0, 222, 54410, 550, 3, 7, 8454, 3, 406, 3, 32632, 11122, 21227, 0, 0, 30, 5556, 4686, 9614, 82, 0, 0, 19, 21, 35, 2, 53908, 46372, 49393, 1, 0, 0, 380,-
6,r2,12, 1055777, 1030,"  101c20:	e51b3014 	ldr	r3, [fp, #-20]	; 0xffffffec",benign, 602, 210, 10246, 2, 6854, 2693, 1, 567, 756, 0, 228, 54210, 550, 3, 7, 8482, 2, 383, 3, 32550, 11015, 21232, 0, 0, 30, 5292, 4941, 9635, 81, 0, 0, 18, 22, 34, 2, 53752, 45919, 48962, 1, 0, 0, 380,-
7,r3,12, 1053919, 1029,"  1014dc:	e50b3010 	str	r3, [fp, #-16]",benign, 611, 188, 10240, 2, 6851, 2693, 4, 567, 756, 0, 232, 53535, 550, 3, 7, 8149, 3, 406, 3, 32331, 10814, 21215, 0, 0, 30, 5273, 4971, 9626, 83, 0, 0, 19, 23, 35, 2, 54255, 46445, 49476, 1, 0, 0, 403,-
8,r1,2, 1054722, 1023,"  101800:	e0822003 	add	r2, r2, r3",benign, 602, 189, 10228, 2, 6847, 2694, 4, 567, 756, 0, 222, 53375, 550, 3, 7, 7714, 2, 381, 3, 32267, 10792, 21265, 0, 0, 30, 5365, 4871, 9616, 81, 0, 0, 19, 23, 35, 2, 53881, 46074, 49051, 1, 0, 0, 403,-
9,r0,18, 1060384, 1023,"  102e20:	e50b3014 	str	r3, [fp, #-20]	; 0xffffffec",benign, 613, 188, 10242, 2, 6845, 2690, 1, 567, 756, 0, 225, 54280, 550, 3, 7, 7893, 2, 381, 3, 32297, 10830, 21271, 0, 0, 30, 5507, 4716, 9611, 82, 0, 0, 18, 23, 34, 2, 54539, 45848, 48965, 1, 0, 0, 380,-
10,r1,30, 1055468, 1031,"  101aec:	e0822003 	add	r2, r2, r3",benign, 607, 189, 10238, 2, 6855, 2692, 1, 567, 756, 0, 225, 53407, 550, 3, 7, 7644, 2, 382, 3, 31909, 10316, 21252, 0, 0, 30, 5329, 4920, 9624, 84, 0, 0, 22, 23, 37, 2, 54027, 46191, 49252, 1, 0, 0, 380,-
11,r1,26, 1052960, 1026,"  101120:	e50b3018 	str	r3, [fp, #-24]	; 0xffffffe8",benign, 605, 187, 10242, 2, 6852, 2689, 4, 567, 756, 0, 223, 53890, 550, 3, 7, 7692, 3, 404, 3, 32730, 11098, 21221, 0, 0, 30, 5376, 4885, 9632, 80, 0, 0, 18, 21, 34, 2, 53770, 45994, 49041, 1, 0, 0, 379,-
12,r3,11, 1051636, 1032,"  100bf4:	e51b3014 	ldr	r3, [fp, #-20]	; 0xffffffec",benign, 606, 188, 10227, 2, 6854, 2696, 1, 567, 756, 0, 223, 54155, 550, 3, 7, 7783, 3, 404, 3, 32177, 10545, 21248, 0, 0, 30, 5112, 5122, 9626, 80, 0, 0, 22, 24, 37, 2, 53854, 46284, 49421, 1, 0, 0, 380,-
13,r1,17, 1052771, 1031,"  101060:	e0011003 	and	r1, r1, r3",benign, 605, 188, 10246, 2, 6849, 2691, 1, 567, 756, 0, 221, 53573, 550, 3, 7, 7800, 2, 384, 3, 32534, 10988, 21232, 0, 0, 30, 5584, 4653, 9617, 84, 0, 0, 18, 22, 34, 2, 53852, 46455, 49719, 1, 0, 0, 380,-
14,r3,14, 1060928, 1026,"  103040:	e3a02040 	mov	r2, #64	; 0x40",benign, 609, 187, 10238, 2, 6850, 2689, 1, 567, 756, 0, 216, 53856, 550, 3, 7, 7612, 2, 382, 3, 32148, 10595, 21226, 0, 0, 30, 5324, 4900, 9617, 82, 0, 0, 19, 21, 35, 2, 54015, 45959, 49011, 1, 0, 0, 380,-
16,r1,30, 1058876, 1027,"  10283c:	e51b300c 	ldr	r3, [fp, #-12]",benign, 466, 18, 10252, 34, 6845, 2691, 1, 567, 756, 0, 227, 53313, 550, 3, 7, 8110, 2, 382, 3, 32041, 10497, 21258, 0, 0, 30, 5540, 4701, 9644, 84, 0, 0, 18, 22, 34, 2, 53829, 45952, 49067, 1, 0, 0, 382,-
17,r1,6, 1059370, 1031,"  102a28:	e0822003 	add	r2, r2, r3",benign, 605, 189, 10237, 2, 6851, 2691, 1, 567, 756, 0, 221, 54094, 550, 3, 7, 8018, 2, 381, 3, 31972, 10416, 21203, 0, 0, 30, 5330, 4903, 9615, 82, 0, 0, 18, 23, 34, 2, 54340, 46318, 49493, 1, 0, 0, 380,-
18,r1,2, 1054249, 1030,"  101628:	e50b300c 	str	r3, [fp, #-12]",benign, 600, 211, 10241, 2, 6850, 2692, 1, 567, 756, 0, 229, 53787, 550, 3, 7, 8265, 2, 384, 3, 32468, 10879, 21208, 0, 0, 30, 5130, 5127, 9628, 83, 0, 0, 18, 22, 34, 2, 54270, 45986, 49013, 1, 0, 0, 381,-
19,r2,28, 1060793, 1029,"  102fb8:	e50b0008 	str	r0, [fp, #-8]",benign, 611, 210, 10236, 1, 6856, 2693, 1, 567, 756, 0, 226, 53896, 550, 3, 7, 7690, 2, 382, 3, 32123, 10630, 21241, 0, 0, 30, 5080, 5136, 9607, 81, 0, 0, 19, 22, 35, 2, 53919, 46450, 49487, 1, 0, 0, 381,-
20,r1,8, 1061064, 1029,"  1030c8:	e51b3008 	ldr	r3, [fp, #-8]",benign, 610, 188, 10245, 2, 6854, 2691, 4, 567, 756, 0, 229, 53318, 550, 3, 7, 8470, 2, 383, 3, 31895, 10407, 21219, 0, 0, 30, 5527, 4690, 9604, 80, 0, 0, 18, 23, 34, 2, 54119, 45945, 48904, 1, 0, 0, 380,-
21,r1,5, 1053624, 1029,"  1013b8:	e0033000 	and	r3, r3, r0",benign, 602, 188, 10249, 2, 6857, 2691, 4, 567, 756, 0, 223, 53439, 550, 3, 7, 7691, 3, 405, 3, 32342, 10786, 21221, 0, 0, 30, 5360, 4888, 9635, 83, 0, 0, 19, 23, 36, 2, 53721, 46243, 49228, 1, 0, 0, 380,-
22,r0,22, 1058886, 1031,"  102844:	e51b3020 	ldr	r3, [fp, #-32]	; 0xffffffe0",benign, 609, 189, 10248, 2, 6853, 2693, 1, 567, 756, 0, 226, 53881, 550, 3, 7, 8552, 2, 384, 3, 31922, 10361, 21235, 0, 0, 30, 5559, 4678, 9628, 84, 0, 0, 19, 22, 35, 2, 54102, 46104, 48994, 1, 0, 0, 381,-
23,r3,21, 1051107, 1031,"  1009e0:	e2433003 	sub	r3, r3, #3",benign, 616, 188, 10246, 2, 6847, 2692, 1, 567, 756, 0, 225, 53820, 550, 3, 7, 7958, 2, 383, 3, 32351, 10817, 21177, 0, 0, 30, 5341, 4891, 9622, 80, 0, 0, 22, 23, 37, 2, 54475, 46160, 49181, 1, 0, 0, 382,-
24,r2,21, 1053821, 1031,"  10147c:	e51b300c 	ldr	r3, [fp, #-12]",benign, 617, 211, 10226, 2, 6856, 2693, 1, 567, 756, 0, 233, 53513, 550, 3, 7, 7814, 2, 384, 3, 32828, 11244, 21225, 0, 0, 30, 5316, 4921, 9620, 83, 0, 0, 22, 23, 37, 2, 53799, 46499, 49590, 1, 0, 0, 381,-
25,r1,0, 1053002, 1027,"  101148:	e51b1010 	ldr	r1, [fp, #-16]",benign, 603, 211, 10235, 2, 6846, 2692, 1, 567, 756, 0, 224, 53589, 550, 3, 7, 7765, 2, 383, 3, 32516, 11026, 21199, 0, 0, 30, 5279, 4988, 9621, 82, 0, 0, 19, 22, 35, 2, 53933, 46529, 49724, 1, 0, 0, 402,-
26,r0,10, 1057165, 1032,"  10218c:	e0822003 	add	r2, r2, r3",benign, 605, 188, 10242, 2, 6854, 2693, 1, 567, 756, 0, 213, 53430, 550, 3, 7, 7832, 2, 383, 3, 32659, 11118, 21239, 0, 0, 30, 5526, 4728, 9613, 84, 0, 0, 18, 21, 34, 2, 54020, 45938, 48948, 1, 0, 0, 382,-
27,r0,7, 1056482, 1033,"  101ee0:	e50b3010 	str	r3, [fp, #-16]",benign, 605, 189, 10255, 2, 6859, 2690, 1, 567, 756, 0, 218, 53616, 550, 3, 7, 7902, 2, 382, 3, 32682, 11094, 21243, 0, 0, 30, 5601, 4654, 9611, 81, 0, 0, 18, 23, 34, 2, 54478, 46304, 49318, 1, 0, 0, 403,-
28,r0,24, 1061034, 1033,"  1030a8:	e24dd018 	sub	sp, sp, #24",benign, 610, 188, 10241, 2, 6849, 2691, 4, 567, 756, 0, 229, 53476, 550, 3, 7, 7679, 2, 383, 3, 32135, 10502, 21215, 0, 0, 30, 5518, 4711, 9611, 82, 0, 0, 18, 22, 34, 2, 53993, 45910, 48965, 1, 0, 0, 382,-
29,r1,24, 1058749, 1029,"  1027bc:	e51b3014 	ldr	r3, [fp, #-20]	; 0xffffffec",benign, 606, 188, 10230, 2, 6848, 2692, 1, 567, 756, 0, 223, 53321, 550, 3, 7, 7628, 2, 384, 3, 32035, 10462, 21258, 0, 0, 30, 5357, 4877, 9609, 80, 0, 0, 18, 23, 34, 2, 54072, 46214, 49220, 1, 0, 0, 382,-
30,r3,18, 1052605, 1028,"  100fbc:	e51b3010 	ldr	r3, [fp, #-16]",benign, 610, 187, 10245, 2, 6852, 2692, 4, 567, 756, 0, 219, 53427, 550, 3, 7, 8244, 2, 383, 3, 32103, 10569, 21244, 0, 0, 30, 5360, 4868, 9621, 82, 0, 0, 18, 21, 34, 2, 53651, 45925, 48944, 1, 0, 0, 382,-
31,r3,19, 1056730, 1027,"  101fd8:	e50b3010 	str	r3, [fp, #-16]",benign, 605, 210, 10246, 2, 6852, 2690, 1, 567, 756, 0, 224, 53983, 550, 3, 7, 7749, 3, 404, 3, 32468, 10900, 21235, 0, 0, 30, 5339, 4896, 9612, 81, 0, 0, 18, 22, 34, 2, 54032, 46546, 49697, 1, 0, 0, 382,-
32,r1,14, 1056830, 1033,"  10203c:	e51b3014 	ldr	r3, [fp, #-20]	; 0xffffffec",benign, 614, 189, 10237, 2, 6849, 2691, 1, 567, 756, 0, 220, 53651, 550, 3, 7, 8413, 2, 383, 3, 32861, 11297, 21250, 0, 0, 30, 5573, 4663, 9614, 82, 0, 0, 21, 24, 36, 2, 54311, 46260, 49166, 1, 0, 0, 404,-
33,r2,27, 1057975, 1034,"  1024b4:	e51b3020 	ldr	r3, [fp, #-32]	; 0xffffffe0",benign, 606, 187, 10230, 2, 6853, 2695, 1, 567, 756, 0, 223, 53424, 550, 3, 7, 7940, 2, 383, 3, 32047, 10614, 21242, 0, 0, 30, 5363, 4858, 9627, 85, 0, 0, 19, 24, 35, 2, 53979, 46509, 49686, 1, 0, 0, 381,-
34,r1,26, 1056672, 1027,"  101fa0:	e51b30a8 	ldr	r3, [fp, #-168]	; 0xffffff58",benign, 607, 190, 10230, 2, 6854, 2692, 1, 567, 756, 0, 214, 53977, 550, 3, 7, 8058, 2, 384, 3, 32706, 11132, 21205, 0, 0, 30, 5325, 4909, 9607, 82, 0, 0, 22, 23, 37, 2, 54567, 45948, 48916, 1, 0, 0, 400,-
35,r2,31, 1056461, 1028,"  101ecc:	e50b3018 	str	r3, [fp, #-24]	; 0xffffffe8",benign, 604, 189, 10243, 2, 6853, 2691, 1, 567, 756, 0, 224, 53543, 550, 3, 7, 7595, 2, 381, 3, 32074, 10583, 21215, 0, 0, 30, 5355, 4883, 9619, 81, 0, 0, 19, 21, 35, 2, 53790, 46328, 49433, 1, 0, 0, 403,-
36,r1,25, 1054133, 1028,"  1015b4:	e50b3010 	str	r3, [fp, #-16]",benign, 608, 188, 10253, 2, 6856, 2693, 1, 567, 756, 0, 223, 54092, 550, 3, 7, 8615, 3, 404, 3, 32117, 10604, 21264, 0, 0, 30, 5525, 4709, 9615, 82, 0, 0, 19, 22, 35, 2, 54442, 46146, 49162, 1, 0, 0, 485,-
37,r2,29, 1051530, 1030,"  100b88:	e1a03163 	ror	r3, r3, #2",benign, 617, 188, 10241, 2, 6861, 2696, 1, 567, 756, 0, 223, 53819, 550, 3, 7, 8039, 2, 384, 3, 32287, 10701, 21238, 0, 0, 30, 5369, 4859, 9620, 81, 0, 0, 19, 23, 35, 2, 54030, 46323, 49332, 1, 0, 0, 381,-
38,r2,3, 1057758, 1032,"  1023dc:	e0011003 	and	r1, r1, r3",benign, 607, 189, 10237, 2, 6849, 2690, 4, 567, 756, 0, 216, 53445, 550, 3, 7, 7766, 2, 384, 3, 32167, 10696, 21218, 0, 0, 30, 5569, 4670, 9606, 81, 0, 0, 22, 23, 37, 2, 54035, 46071, 49056, 1, 0, 0, 381,-
39,r1,22, 1054706, 1031,"  1017f0:	e51b3018 	ldr	r3, [fp, #-24]	; 0xffffffe8",benign, 616, 189, 10234, 2, 6854, 2693, 1, 567, 756, 0, 219, 53690, 550, 3, 7, 8266, 2, 382, 3, 32224, 10777, 21255, 0, 0, 30, 5117, 5107, 9632, 86, 0, 0, 18, 23, 34, 2, 53819, 46279, 49324, 1, 0, 0, 380,-
40,r1,7, 1055938, 1028,"  101cc0:	e30b3cdc 	movw	r3, #48348	; 0xbcdc",benign, 605, 211, 10242, 2, 6857, 2694, 1, 567, 756, 0, 218, 53676, 550, 3, 7, 7986, 2, 383, 3, 32139, 10673, 21274, 0, 0, 30, 5239, 5236, 9629, 85, 0, 0, 18, 22, 34, 2, 54219, 46347, 49561, 1, 0, 0, 379,-
41,r0,5, 1058325, 1026,"  102614:	e51b3010 	ldr	r3, [fp, #-16]",benign, 604, 210, 10251, 2, 6853, 2692, 4, 567, 756, 0, 220, 53575, 550, 3, 7, 8190, 2, 383, 3, 32123, 10597, 21248, 0, 0, 30, 5514, 4730, 9615, 81, 0, 0, 19, 23, 35, 2, 54508, 45934, 48922, 1, 0, 0, 382,-
42,r1,16, 1053821, 1028,"  10147c:	e51b300c 	ldr	r3, [fp, #-12]",benign, 618, 189, 10247, 2, 6849, 2692, 1, 567, 756, 0, 217, 53657, 550, 3, 7, 7785, 2, 382, 3, 32301, 10818, 21203, 0, 0, 30, 5574, 4664, 9605, 82, 0, 0, 21, 22, 36, 2, 54569, 46396, 49476, 1, 0, 0, 381,-
43,r1,13, 1057094, 1028,"  102144:	e50b3014 	str	r3, [fp, #-20]	; 0xffffffec",benign, 612, 188, 10248, 2, 6854, 2694, 1, 567, 756, 0, 225, 53876, 550, 3, 7, 8122, 2, 384, 3, 32127, 10620, 21228, 0, 0, 30, 5569, 4698, 9633, 82, 0, 0, 19, 21, 35, 2, 54305, 46190, 49235, 1, 0, 0, 381,-
44,r2,2, 1057591, 1027,"  102334:	e50b3014 	str	r3, [fp, #-20]	; 0xffffffec",benign, 640, 222, 10255, 2, 6861, 2693, 1, 567, 756, 0, 218, 53450, 550, 3, 7, 7971, 2, 383, 3, 32194, 10654, 21224, 0, 0, 30, 5555, 4705, 9630, 83, 0, 0, 19, 22, 35, 2, 53822, 46552, 49570, 1, 0, 0, 381,-
45,r0,8, 1061499, 1026,"  103278:	e50b3008 	str	r3, [fp, #-8]",benign, 610, 190, 10228, 2, 6855, 2694, 1, 567, 756, 0, 227, 53720, 550, 3, 7, 7605, 2, 382, 3, 32453, 10912, 21244, 0, 0, 30, 5574, 4653, 9633, 82, 0, 0, 18, 21, 34, 2, 54462, 46007, 48970, 1, 0, 0, 403,-
46,r3,12, 1052188, 1029,"  100e1c:	e1813003 	orr	r3, r1, r3",benign, 603, 188, 10249, 2, 6854, 2691, 1, 567, 756, 0, 225, 53540, 550, 3, 7, 7629, 2, 383, 3, 32063, 10532, 21243, 0, 0, 30, 5327, 4929, 9614, 83, 0, 0, 21, 22, 36, 2, 53923, 46380, 49366, 1, 0, 0, 382,-
47,r1,2, 1054034, 1025,"  101550:	e50b300c 	str	r3, [fp, #-12]",benign, 627, 206, 10241, 2, 6849, 2693, 4, 567, 756, 0, 219, 53543, 550, 3, 7, 7641, 2, 382, 3, 32172, 10669, 21238, 0, 0, 30, 5517, 4722, 9611, 82, 0, 0, 19, 22, 35, 2, 54486, 45904, 48890, 1, 0, 0, 380,-
48,r1,4, 1054083, 1028,"  101580:	e0822003 	add	r2, r2, r3",benign, 612, 190, 10252, 2, 6854, 2690, 1, 567, 756, 0, 215, 53499, 550, 3, 7, 7838, 2, 384, 3, 32660, 11120, 21217, 0, 0, 30, 5556, 4709, 9630, 81, 0, 0, 18, 22, 34, 2, 54092, 45977, 49027, 1, 0, 0, 380,-
49,r0,19, 1053686, 1030,"  1013f4:	e51b3010 	ldr	r3, [fp, #-16]",benign, 606, 188, 10230, 2, 6857, 2695, 1, 567, 756, 0, 217, 53751, 550, 3, 7, 8375, 2, 383, 3, 32342, 10764, 21237, 0, 0, 30, 5568, 4679, 9624, 83, 0, 0, 18, 22, 34, 2, 53886, 46256, 49208, 1, 0, 0, 381,-
50,r1,29, 1061453, 1028,"  10324c:	e2433004 	sub	r3, r3, #4",benign, 607, 188, 10231, 2, 6854, 2693, 1, 567, 756, 0, 226, 53460, 550, 3, 7, 8000, 2, 384, 3, 32441, 10785, 21223, 0, 0, 30, 5579, 4661, 9613, 81, 0, 0, 19, 22, 35, 2, 53829, 45972, 49049, 1, 0, 0, 403,-
51,r1,31, 1055238, 1026,"  101a04:	e51b3014 	ldr	r3, [fp, #-20]	; 0xffffffec",benign, 611, 189, 10244, 2, 6855, 2692, 1, 567, 756, 0, 225, 53942, 550, 3, 7, 7719, 2, 381, 3, 32267, 10739, 21245, 0, 0, 30, 5344, 4902, 9613, 82, 0, 0, 22, 23, 37, 2, 54539, 45948, 48988, 1, 0, 0, 381,-
52,r2,15, 1056131, 1032,"  101d80:	e51b1014 	ldr	r1, [fp, #-20]	; 0xffffffec",benign, 616, 189, 10233, 2, 6847, 2693, 1, 567, 756, 0, 226, 53435, 550, 3, 7, 7651, 2, 383, 3, 32617, 10975, 21247, 0, 0, 30, 5340, 4903, 9614, 83, 0, 0, 18, 22, 34, 2, 54356, 46300, 49477, 1, 0, 0, 381,-
53,r3,4, 1061273, 1028,"  103198:	e8bd8800 	pop	{fp, pc}",benign, 613, 189, 10246, 2, 6851, 2692, 1, 567, 756, 0, 225, 53544, 550, 3, 7, 8071, 2, 384, 3, 32170, 10559, 21245, 0, 0, 30, 5524, 4723, 9618, 85, 0, 0, 22, 22, 37, 2, 54350, 46122, 49216, 1, 0, 0, 380,-
54,r1,26, 1060954, 1025,"  103058:	e51b300c 	ldr	r3, [fp, #-12]",benign, 605, 190, 10233, 2, 6852, 2693, 1, 567, 756, 0, 222, 53926, 550, 3, 7, 7662, 2, 383, 3, 32399, 10899, 21216, 0, 0, 30, 5588, 4669, 9621, 80, 0, 0, 18, 23, 34, 2, 53966, 46040, 49046, 1, 0, 0, 380,-
55,r1,18, 1051918, 1027,"  100d0c:	e1a02de3 	ror	r2, r3, #27",benign, 610, 210, 10235, 2, 6855, 2698, 1, 567, 756, 0, 216, 53623, 550, 3, 7, 8104, 2, 383, 3, 32216, 10631, 21211, 0, 0, 30, 5520, 4709, 9609, 82, 0, 0, 19, 21, 35, 2, 54212, 46215, 49238, 1, 0, 0, 379,-
56,r0,23, 1055783, 1026,"  101c24:	e0211003 	eor	r1, r1, r3",benign, 611, 211, 10239, 2, 6860, 2694, 1, 567, 756, 0, 220, 53513, 550, 3, 7, 7848, 2, 381, 3, 32769, 11269, 21255, 0, 0, 30, 5559, 4663, 9623, 81, 0, 0, 19, 22, 35, 2, 54478, 46302, 49314, 1, 0, 0, 380,-
57,r1,31, 1052312, 1031,"  100e98:	e0822003 	add	r2, r2, r3",benign, 607, 188, 10233, 2, 6856, 2696, 4, 567, 756, 0, 220, 53504, 550, 3, 7, 8409, 2, 383, 3, 32745, 11220, 21214, 0, 0, 30, 5098, 5122, 9610, 80, 0, 0, 19, 22, 35, 2, 54549, 45941, 48912, 1, 0, 0, 541,-
58,r1,4, 1057498, 1036,"  1022d8:	e51b3018 	ldr	r3, [fp, #-24]	; 0xffffffe8",benign, 607, 190, 10242, 2, 6850, 2690, 1, 567, 756, 0, 217, 53565, 550, 3, 7, 7870, 2, 384, 3, 32040, 10493, 21213, 0, 0, 30, 5549, 4673, 9608, 80, 0, 0, 19, 23, 35, 2, 54320, 46499, 49750, 1, 0, 0, 381,-
59,r2,10, 1060979, 1023,"  103070:	e51b3010 	ldr	r3, [fp, #-16]",benign, 606, 211, 10234, 2, 6856, 2698, 1, 567, 756, 0, 218, 53443, 550, 3, 7, 7729, 2, 382, 3, 32101, 10627, 21226, 0, 0, 30, 5574, 4649, 9606, 80, 0, 0, 18, 22, 34, 2, 53867, 46168, 49283, 1, 0, 0, 380,-
60,r2,28, 1055793, 1029,"  101c30:	e0822003 	add	r2, r2, r3",benign, 613, 190, 10242, 2, 6852, 2692, 4, 567, 756, 0, 219, 53493, 550, 3, 7, 8235, 2, 383, 3, 32217, 10831, 21200, 0, 0, 30, 5547, 4681, 9611, 81, 0, 0, 18, 23, 34, 2, 53814, 45853, 48918, 1, 0, 0, 511,-
61,r1,17, 1054550, 1030,"  101754:	e51b3010 	ldr	r3, [fp, #-16]",benign, 613, 188, 10251, 2, 6854, 2692, 4, 567, 756, 0, 222, 53767, 550, 3, 7, 7858, 3, 405, 3, 32025, 10486, 21242, 0, 0, 30, 5324, 4912, 9616, 82, 0, 0, 19, 22, 35, 2, 53961, 45854, 48839, 1, 0, 0, 379,-
62,r3,20, 1060845, 1032,"  102fec:	e5933018 	ldr	r3, [r3, #24]",benign, 613, 189, 10227, 2, 6855, 2694, 4, 567, 756, 0, 216, 53533, 550, 3, 7, 8502, 3, 406, 3, 32689, 11152, 21247, 0, 0, 30, 5322, 4913, 9611, 81, 0, 0, 21, 23, 36, 2, 53983, 46248, 49222, 1, 0, 0, 403,-
63,r1,11, 1051641, 1028,"  100bf8:	e50b3018 	str	r3, [fp, #-24]	; 0xffffffe8",benign, 608, 190, 10222, 2, 6848, 2694, 1, 567, 756, 0, 222, 53489, 550, 3, 7, 7728, 3, 406, 3, 31968, 10454, 21229, 0, 0, 30, 5396, 4891, 9628, 82, 0, 0, 19, 23, 35, 2, 53976, 45880, 48838, 1, 0, 0, 381,-
64,r0,20, 1057830, 1031,"  102424:	e51b3010 	ldr	r3, [fp, #-16]",benign, 618, 190, 10240, 2, 6844, 2691, 4, 567, 756, 0, 222, 53322, 550, 3, 7, 7725, 3, 405, 3, 32388, 10748, 21227, 0, 0, 30, 5331, 4907, 9618, 84, 0, 0, 18, 22, 34, 2, 54385, 46525, 49734, 1, 0, 0, 381,-
65,r1,1, 1060609, 1027,"  102f00:	e51b3168 	ldr	r3, [fp, #-360]	; 0xfffffe98",benign, 602, 187, 10243, 2, 6847, 2691, 1, 567, 756, 0, 220, 53272, 550, 3, 7, 8022, 2, 384, 3, 32163, 10680, 21262, 0, 0, 30, 5359, 4913, 9629, 83, 0, 0, 18, 22, 34, 2, 53835, 46358, 49384, 1, 0, 0, 382,-
66,r0,25, 1056511, 1033,"  101efc:	e1811003 	orr	r1, r1, r3",benign, 616, 189, 10235, 2, 6855, 2692, 4, 567, 756, 0, 224, 53340, 550, 3, 7, 7835, 2, 384, 3, 32568, 11072, 21208, 0, 0, 30, 5355, 4872, 9625, 83, 0, 0, 18, 23, 34, 2, 54004, 46427, 49582, 1, 0, 0, 381,-
67,r0,25, 1055328, 1031,"  101a60:	e50b300c 	str	r3, [fp, #-12]",benign, 609, 188, 10238, 2, 6859, 2693, 1, 567, 756, 0, 217, 54209, 550, 3, 7, 8104, 2, 383, 3, 31941, 10440, 21232, 0, 0, 30, 5350, 4915, 9622, 84, 0, 0, 18, 22, 34, 2, 53870, 46162, 49272, 1, 0, 0, 403,-
68,r3,21, 1052305, 1029,"  100e90:	e0033000 	and	r3, r3, r0",benign, 598, 211, 10247, 2, 6855, 2690, 1, 567, 756, 0, 218, 53966, 550, 3, 7, 8114, 2, 381, 3, 32037, 10536, 21196, 0, 0, 30, 5558, 4739, 9632, 82, 0, 0, 22, 23, 37, 2, 54027, 46092, 49008, 1, 0, 0, 403,-
69,r0,19, 1056053, 1025,"  101d34:	e51b30bc 	ldr	r3, [fp, #-188]	; 0xffffff44",benign, 600, 189, 10252, 2, 6852, 2691, 1, 567, 756, 0, 222, 53741, 550, 3, 7, 7936, 2, 384, 3, 32512, 11034, 21239, 0, 0, 30, 5357, 4881, 9631, 82, 0, 0, 22, 24, 37, 2, 53875, 46471, 49700, 1, 0, 0, 382,-
70,r1,18, 1051141, 1034,"  100a04:	e083300b 	add	r3, r3, fp",benign, 610, 211, 10241, 2, 6855, 2692, 1, 567, 756, 0, 220, 54216, 550, 3, 7, 8491, 2, 384, 3, 32345, 10838, 21259, 0, 0, 30, 5330, 4907, 9606, 81, 0, 0, 19, 21, 35, 2, 53996, 46221, 49308, 1, 0, 0, 381,-
71,r3,15, 1053973, 1029,"  101514:	e0822003 	add	r2, r2, r3",benign, 611, 189, 10237, 2, 6849, 2693, 1, 567, 756, 0, 222, 53693, 550, 3, 7, 8181, 2, 383, 3, 32228, 10702, 21220, 0, 0, 30, 5099, 5123, 9615, 81, 0, 0, 19, 22, 35, 2, 54169, 46300, 49388, 1, 0, 0, 379,-
72,r0,15, 1060014, 1034,"  102cac:	e51b3034 	ldr	r3, [fp, #-52]	; 0xffffffcc",benign, 612, 189, 10244, 2, 6854, 2694, 4, 567, 756, 0, 220, 53652, 550, 3, 7, 7888, 2, 383, 3, 32402, 10892, 21281, 0, 0, 30, 5373, 4868, 9637, 84, 0, 0, 19, 22, 35, 2, 54556, 46316, 49316, 1, 0, 0, 403,-
73,r3,8, 1058435, 1028,"  102680:	e51b3010 	ldr	r3, [fp, #-16]",benign, 615, 190, 10239, 2, 6852, 2697, 1, 567, 756, 0, 219, 53548, 550, 3, 7, 8503, 2, 382, 3, 32136, 10578, 21234, 0, 0, 30, 5336, 4897, 9606, 80, 0, 0, 19, 23, 35, 2, 53869, 45870, 48928, 1, 0, 0, 403,-
74,r1,18, 1053997, 1031,"  10152c:	e50b301c 	str	r3, [fp, #-28]	; 0xffffffe4",benign, 600, 188, 10249, 2, 6853, 2691, 1, 567, 756, 0, 224, 53410, 550, 3, 7, 7768, 2, 384, 3, 32503, 11048, 21201, 0, 0, 30, 5323, 4913, 9611, 84, 0, 0, 18, 21, 34, 2, 54027, 46301, 49382, 1, 0, 0, 379,-
75,r3,4, 1053037, 1031,"  10116c:	e51b301c 	ldr	r3, [fp, #-28]	; 0xffffffe4",benign, 608, 188, 10234, 2, 6857, 2696, 4, 567, 756, 0, 224, 53273, 550, 3, 7, 8006, 2, 383, 3, 31905, 10309, 21248, 0, 0, 30, 5517, 4718, 9630, 81, 0, 0, 22, 23, 37, 2, 54500, 46000, 49107, 1, 0, 0, 381,-
76,r3,23, 1059681, 1025,"  102b60:	e51b301c 	ldr	r3, [fp, #-28]	; 0xffffffe4",benign, 630, 188, 10237, 2, 6853, 2691, 1, 567, 756, 0, 215, 54030, 550, 3, 7, 8152, 3, 404, 3, 31873, 10418, 21242, 0, 0, 30, 5342, 4897, 9610, 81, 0, 0, 19, 22, 35, 2, 53924, 46155, 49156, 1, 0, 0, 382,-
77,r3,12, 1058791, 1034,"  1027e4:	e1a02de3 	ror	r2, r3, #27",benign, 612, 210, 10243, 2, 6855, 2691, 1, 567, 756, 0, 226, 53415, 550, 3, 7, 7748, 2, 384, 3, 32201, 10563, 21244, 0, 0, 30, 5524, 4744, 9623, 81, 0, 0, 18, 23, 34, 2, 53882, 46407, 49380, 1, 0, 0, 380,-
78,r1,30, 1057690, 1027,"  102398:	e51b3018 	ldr	r3, [fp, #-24]	; 0xffffffe8",benign, 603, 188, 10255, 2, 6853, 2693, 1, 567, 756, 0, 217, 53270, 550, 3, 7, 7983, 2, 383, 3, 31983, 10464, 21245, 0, 0, 30, 5374, 4896, 9625, 87, 0, 0, 19, 23, 35, 2, 53811, 46463, 49461, 1, 0, 0, 403,-
79,r3,7, 1056860, 1025,"  10205c:	e50b300c 	str	r3, [fp, #-12]",benign, 607, 190, 10234, 2, 6856, 2693, 1, 567, 756, 0, 219, 53490, 550, 3, 7, 7813, 2, 382, 3, 31970, 10447, 21227, 0, 0, 30, 5331, 4911, 9626, 85, 0, 0, 21, 24, 36, 2, 54491, 46386, 49552, 1, 0, 0, 381,-
80,r0,2, 1060123, 1028,"  102d18:	e51b3030 	ldr	r3, [fp, #-48]	; 0xffffffd0",benign, 602, 188, 10245, 2, 6848, 2694, 1, 567, 756, 0, 217, 54133, 550, 3, 7, 7782, 2, 384, 3, 32381, 10904, 21265, 0, 0, 30, 5511, 4700, 9599, 80, 0, 0, 19, 22, 35, 2, 54004, 46120, 49128, 1, 0, 0, 404,-
81,r0,28, 1057514, 1031,"  1022e8:	e51b0014 	ldr	r0, [fp, #-20]	; 0xffffffec",benign, 599, 188, 10237, 2, 6851, 2694, 1, 567, 756, 0, 214, 53992, 550, 3, 7, 7617, 2, 381, 3, 32140, 10685, 21241, 0, 0, 30, 5553, 4685, 9623, 80, 0, 0, 18, 23, 34, 2, 53740, 46026, 49095, 1, 0, 0, 381,-
82,r3,5, 1059353, 1030,"  102a18:	e0822003 	add	r2, r2, r3",benign, 611, 187, 10243, 2, 6850, 2693, 1, 567, 756, 0, 224, 53473, 550, 3, 7, 8295, 3, 405, 3, 31976, 10411, 21205, 0, 0, 30, 5514, 4726, 9613, 84, 0, 0, 18, 22, 34, 2, 54713, 46200, 49153, 1, 0, 0, 381,-
83,r0,3, 1060475, 1028,"  102e78:	e50b301c 	str	r3, [fp, #-28]	; 0xffffffe4",benign, 612, 190, 10256, 2, 6854, 2690, 1, 567, 756, 0, 228, 53430, 550, 3, 7, 8310, 2, 382, 3, 32493, 11053, 21260, 0, 0, 30, 5555, 4682, 9617, 80, 0, 0, 19, 23, 35, 2, 53792, 46047, 49070, 1, 0, 0, 380,-
84,r0,15, 1055941, 1033,"  101cc4:	e3483f1b 	movt	r3, #36635	; 0x8f1b",benign, 608, 190, 10240, 2, 6847, 2692, 1, 567, 756, 0, 218, 54168, 550, 3, 7, 7839, 2, 382, 3, 32036, 10557, 21230, 0, 0, 30, 5514, 4719, 9615, 82, 0, 0, 18, 23, 34, 2, 53932, 46149, 49195, 1, 0, 0, 403,-
85,r0,15, 1060197, 1029,"  102d64:	e51b1010 	ldr	r1, [fp, #-16]",benign, 610, 190, 10230, 2, 6857, 2695, 1, 567, 756, 0, 224, 53549, 550, 3, 7, 7729, 2, 382, 3, 32072, 10498, 21239, 0, 0, 30, 5340, 4897, 9608, 80, 0, 0, 22, 23, 37, 2, 54372, 46325, 49357, 1, 0, 0, 379,-
86,r3,22, 1054039, 1028,"  101554:	e51b300c 	ldr	r3, [fp, #-12]",benign, 608, 189, 10247, 2, 6860, 2693, 1, 567, 756, 0, 228, 54193, 550, 3, 7, 8585, 2, 384, 3, 32378, 10834, 21216, 0, 0, 30, 5574, 4682, 9627, 81, 0, 0, 18, 21, 34, 2, 54009, 46580, 49715, 1, 0, 0, 380,-
87,r2,3, 1055246, 1027,"  101a0c:	e51b3018 	ldr	r3, [fp, #-24]	; 0xffffffe8",benign, 615, 188, 10244, 2, 6854, 2694, 4, 567, 756, 0, 219, 53502, 550, 3, 7, 8278, 3, 404, 3, 32291, 10719, 21233, 0, 0, 30, 5359, 4874, 9624, 81, 0, 0, 22, 24, 37, 2, 53742, 46598, 49691, 1, 0, 0, 380,-
88,r1,24, 1057752, 1030,"  1023d8:	e51b3010 	ldr	r3, [fp, #-16]",benign, 612, 189, 10230, 2, 6853, 2694, 4, 567, 756, 0, 226, 53633, 550, 3, 7, 8140, 3, 405, 3, 32500, 10945, 21228, 0, 0, 30, 5520, 4727, 9618, 81, 0, 0, 19, 22, 35, 2, 53929, 45920, 48872, 1, 0, 0, 380,-
89,r0,8, 1058426, 1030,"  102678:	e51b3014 	ldr	r3, [fp, #-20]	; 0xffffffec",benign, 605, 190, 10228, 2, 6854, 2692, 1, 567, 756, 0, 216, 53341, 550, 3, 7, 8156, 2, 382, 3, 31965, 10422, 21252, 0, 0, 30, 5089, 5129, 9615, 84, 0, 0, 19, 22, 35, 2, 53870, 46345, 49544, 1, 0, 0, 380,-
90,r0,29, 1059566, 1028,"  102aec:	e0233001 	eor	r3, r3, r1",benign, 611, 190, 10247, 2, 6853, 2692, 1, 567, 756, 0, 225, 54129, 550, 3, 7, 8116, 2, 382, 3, 32685, 11042, 21248, 0, 0, 30, 5524, 4734, 9632, 83, 0, 0, 19, 22, 35, 2, 53852, 45807, 48905, 1, 0, 0, 609,-
91,r3,23, 1054713, 1036,"  1017f8:	e0822003 	add	r2, r2, r3",benign, 603, 188, 10226, 2, 6853, 2696, 1, 567, 756, 0, 223, 54037, 550, 3, 7, 7931, 2, 384, 3, 31955, 10462, 21235, 0, 0, 30, 5308, 4914, 9611, 83, 0, 0, 19, 21, 35, 2, 53827, 46370, 49407, 1, 0, 0, 380,-
92,r1,28, 1061452, 1030,"  10324c:	e2433004 	sub	r3, r3, #4",benign, 618, 190, 10241, 2, 6850, 2692, 4, 567, 756, 0, 225, 53975, 550, 3, 7, 7778, 2, 383, 3, 32710, 11205, 21211, 0, 0, 30, 5529, 4705, 9608, 81, 0, 0, 19, 22, 35, 2, 53793, 45853, 48952, 1, 0, 0, 522,-
93,r1,16, 1051776, 1031,"  100c80:	e51b300c 	ldr	r3, [fp, #-12]",benign, 610, 189, 10244, 2, 6854, 2692, 4, 567, 756, 0, 222, 53720, 550, 3, 7, 7832, 2, 383, 3, 32629, 11136, 21254, 0, 0, 30, 5102, 5129, 9613, 80, 0, 0, 21, 23, 36, 2, 53754, 46562, 49719, 1, 0, 0, 381,-
94,r2,20, 1055469, 1030,"  101aec:	e0822003 	add	r2, r2, r3",benign, 620, 189, 10232, 2, 6853, 2692, 1, 567, 756, 0, 219, 53901, 550, 3, 7, 8142, 3, 405, 3, 32752, 11144, 21205, 0, 0, 30, 5451, 4993, 9627, 82, 0, 0, 18, 22, 34, 2, 53807, 45943, 48926, 1, 0, 0, 381,-
95,r3,3, 1051676, 1029,"  100c1c:	e1a02de3 	ror	r2, r3, #27",benign, 612, 188, 10246, 2, 6854, 2690, 4, 567, 756, 0, 223, 53519, 550, 3, 7, 7863, 2, 382, 3, 32020, 10530, 21218, 0, 0, 30, 5517, 4693, 9606, 80, 0, 0, 19, 23, 35, 2, 54005, 45913, 48945, 1, 0, 0, 382,-
96,r2,25, 1053451, 1027,"  101308:	e1a03163 	ror	r3, r3, #2",benign, 607, 188, 10231, 2, 6850, 2695, 1, 567, 756, 0, 221, 53333, 550, 3, 7, 7924, 3, 404, 3, 31974, 10372, 21217, 0, 0, 30, 5321, 4924, 9613, 84, 0, 0, 19, 23, 35, 2, 53980, 46288, 49471, 1, 0, 0, 380,-
97,r0,15, 1058599, 1026,"  102724:	e0822003 	add	r2, r2, r3",benign, 600, 188, 10243, 2, 6862, 2698, 4, 567, 756, 0, 220, 53521, 550, 3, 7, 7891, 2, 384, 3, 32694, 11223, 21241, 0, 0, 30, 5328, 4904, 9609, 81, 0, 0, 19, 22, 35, 2, 53723, 46401, 49628, 1, 0, 0, 404,-
98,r2,11, 1051472, 1029,"  100b50:	e0822003 	add	r2, r2, r3",benign, 609, 188, 10232, 2, 6857, 2701, 1, 567, 756, 0, 215, 53267, 550, 3, 7, 8101, 2, 383, 3, 32300, 10867, 21264, 0, 0, 30, 5593, 4664, 9597, 80, 0, 0, 19, 22, 35, 2, 53980, 46280, 49346, 1, 0, 0, 380,-
99,r2,11, 1057602, 1028,"  102340:	e51b3020 	ldr	r3, [fp, #-32]	; 0xffffffe0",benign, 611, 211, 10240, 2, 6847, 2692, 1, 567, 756, 0, 219, 53514, 550, 3, 7, 8089, 2, 383, 3, 32631, 11013, 21227, 0, 0, 30, 5277, 4962, 9605, 81, 0, 0, 19, 21, 35, 2, 54110, 46487, 49724, 1, 0, 0, 380,-
100,r0,26, 1051674, 1031,"  100c18:	e51b300c 	ldr	r3, [fp, #-12]",benign, 615, 212, 10222, 2, 6850, 2694, 1, 567, 756, 0, 222, 53605, 550, 3, 7, 8115, 2, 384, 3, 32061, 10606, 21226, 0, 0, 30, 5529, 4719, 9618, 81, 0, 0, 19, 22, 35, 2, 54701, 46119, 49101, 1, 0, 0, 403,-
101,r1,30, 1060922, 1032,"  103038:	e51b3008 	ldr	r3, [fp, #-8]",benign, 613, 187, 10243, 2, 6855, 2694, 1, 567, 756, 0, 226, 53383, 550, 3, 7, 7855, 2, 383, 3, 32233, 10692, 21270, 0, 0, 30, 5353, 4871, 9624, 82, 0, 0, 19, 24, 35, 2, 54325, 46350, 49527, 1, 0, 0, 380,-
102,r0,18, 1056398, 1030,"  101e8c:	e51b0014 	ldr	r0, [fp, #-20]	; 0xffffffec",benign, 600, 189, 10229, 2, 6856, 2693, 4, 567, 756, 0, 231, 53412, 550, 3, 7, 7801, 2, 384, 3, 32490, 10920, 21243, 0, 0, 30, 5374, 4871, 9626, 81, 0, 0, 19, 22, 35, 2, 53833, 46556, 49825, 1, 0, 0, 381,-
103,r2,14, 1053536, 1034,"  101360:	e3453a82 	movt	r3, #23170	; 0x5a82",benign, 596, 189, 10234, 2, 6851, 2695, 1, 567, 756, 0, 222, 53301, 550, 3, 7, 7766, 3, 406, 3, 31894, 10441, 21228, 0, 0, 30, 5336, 4895, 9635, 83, 0, 0, 18, 22, 34, 2, 54450, 45901, 48871, 1, 0, 0, 407,-
104,r0,15, 1059048, 1032,"  1028e8:	e30c31d6 	movw	r3, #49622	; 0xc1d6",benign, 602, 187, 10238, 2, 6863, 2694, 1, 567, 756, 0, 222, 53903, 550, 3, 7, 7670, 2, 384, 3, 31971, 10435, 21260, 0, 0, 30, 5273, 4966, 9614, 83, 0, 0, 19, 22, 35, 2, 54614, 45869, 48930, 1, 0, 0, 381,-
105,r0,28, 1056007, 1029,"  101d04:	e51b1014 	ldr	r1, [fp, #-20]	; 0xffffffec",benign, 596, 187, 10246, 2, 6852, 2692, 1, 567, 756, 0, 222, 54153, 550, 3, 7, 8200, 2, 384, 3, 32073, 10578, 21248, 0, 0, 30, 5333, 4913, 9613, 81, 0, 0, 18, 22, 34, 2, 53967, 46448, 49534, 1, 0, 0, 382,-
106,r0,28, 1054436, 1031,"  1016e4:	e50b3018 	str	r3, [fp, #-24]	; 0xffffffe8",benign, 612, 190, 10227, 2, 6852, 2695, 1, 567, 756, 0, 228, 53816, 550, 3, 7, 8144, 2, 383, 3, 32218, 10676, 21218, 0, 0, 30, 5087, 5150, 9614, 80, 0, 0, 19, 23, 35, 2, 53740, 46229, 49172, 1, 0, 0, 381,-
107,r0,31, 1055090, 1031,"  101970:	e51b3010 	ldr	r3, [fp, #-16]",benign, 611, 187, 10254, 2, 6859, 2692, 1, 567, 756, 0, 222, 53596, 550, 3, 7, 8127, 3, 404, 3, 31969, 10533, 21233, 0, 0, 30, 5530, 4705, 9609, 83, 0, 0, 18, 22, 34, 2, 54029, 46457, 49616, 1, 0, 0, 403,-
108,r1,24, 1055684, 1034,"  101bc4:	e0822003 	add	r2, r2, r3",benign, 602, 188, 10227, 2, 6855, 2694, 1, 567, 756, 0, 224, 53561, 550, 3, 7, 8181, 3, 406, 3, 32430, 10894, 21211, 0, 0, 30, 5582, 4661, 9633, 85, 0, 0, 19, 22, 35, 2, 53832, 46446, 49678, 1, 0, 0, 381,-
109,r1,23, 1055097, 1029,"  101978:	e50b3014 	str	r3, [fp, #-20]	; 0xffffffec",benign, 604, 190, 10231, 2, 6856, 2692, 1, 567, 756, 0, 221, 54118, 550, 3, 7, 8253, 2, 384, 3, 32018, 10505, 21221, 0, 0, 30, 5354, 4864, 9629, 80, 0, 0, 18, 22, 34, 2, 54479, 46103, 49122, 1, 0, 0, 382,-
110,r1,7, 1051704, 1035,"  100c38:	e0033000 	and	r3, r3, r0",benign, 601, 188, 10240, 2, 6846, 2691, 1, 567, 756, 0, 227, 53906, 550, 3, 7, 8144, 2, 383, 3, 31916, 10383, 21267, 0, 0, 30, 5668, 4747, 9601, 78, 0, 0, 19, 22, 35, 2, 54011, 45954, 48897, 1, 0, 0, 530,-
111,r3,20, 1054327, 1032,"  101674:	e51b3014 	ldr	r3, [fp, #-20]	; 0xffffffec",benign, 611, 187, 10243, 2, 6854, 2692, 4, 567, 756, 0, 224, 53538, 550, 3, 7, 8021, 2, 382, 3, 31993, 10521, 21270, 0, 0, 30, 5377, 4888, 9638, 79, 0, 0, 18, 23, 34, 3, 53864, 45937, 48894, 1, 0, 0, 380,-
112,r0,10, 1054001, 1033,"  101530:	e51b3014 	ldr	r3, [fp, #-20]	; 0xffffffec",benign, 607, 188, 10247, 2, 6853, 2691, 1, 567, 756, 0, 226, 53714, 550, 3, 7, 7819, 2, 382, 3, 32110, 10567, 21226, 0, 0, 30, 5336, 4891, 9630, 86, 0, 0, 19, 23, 35, 2, 54579, 46313, 49303, 1, 0, 0, 381,-
113,r0,19, 1060893, 1035,"  10301c:	e5932018 	ldr	r2, [r3, #24]",benign, 598, 211, 10235, 2, 6851, 2693, 1, 567, 756, 0, 221, 53697, 550, 3, 7, 8063, 3, 405, 3, 32145, 10570, 21216, 0, 0, 30, 5569, 4705, 9636, 85, 0, 0, 19, 23, 35, 2, 53992, 45874, 48860, 1, 0, 0, 380,-
114,r2,28, 1055269, 1033,"  101a24:	e0822003 	add	r2, r2, r3",benign, 602, 188, 10230, 2, 6852, 2692, 1, 567, 756, 0, 224, 53732, 550, 3, 7, 7770, 2, 384, 3, 32111, 10585, 21240, 0, 0, 30, 5620, 4649, 9614, 83, 0, 0, 19, 22, 35, 2, 54427, 46603, 49734, 1, 0, 0, 382,-
115,r3,29, 1060625, 1029,"  102f10:	e51b3168 	ldr	r3, [fp, #-360]	; 0xfffffe98",benign, 617, 187, 10246, 2, 6855, 2693, 1, 567, 756, 0, 216, 53524, 550, 3, 7, 7688, 2, 383, 3, 32377, 10810, 21268, 0, 0, 30, 5568, 4653, 9617, 81, 0, 0, 22, 23, 37, 2, 53926, 46325, 49438, 1, 0, 0, 403,-
116,r1,28, 1060874, 1029,"  103008:	e1a03183 	lsl	r3, r3, #3",benign, 603, 210, 10250, 2, 6860, 2693, 1, 567, 756, 0, 225, 53667, 550, 3, 7, 7943, 2, 384, 3, 32343, 10767, 21223, 0, 0, 30, 5146, 5116, 9616, 81, 0, 0, 18, 22, 34, 2, 53751, 46468, 49723, 1, 0, 0, 381,-
117,r1,17, 1061322, 1038,"  1031c8:	e2433004 	sub	r3, r3, #4",benign, 603, 187, 10235, 2, 6857, 2693, 1, 567, 756, 0, 228, 54028, 550, 3, 7, 7889, 3, 404, 3, 32628, 11129, 21234, 0, 0, 30, 5517, 4716, 9619, 81, 0, 0, 19, 22, 35, 2, 54143, 46071, 49169, 1, 0, 0, 402,-
118,r0,31, 1060786, 1037,"  102fb0:	e28db004 	add	fp, sp, #4",benign, 602, 189, 10248, 2, 6853, 2692, 1, 567, 756, 0, 221, 53391, 550, 3, 7, 8550, 3, 405, 3, 32108, 10555, 21228, 0, 0, 30, 5285, 4976, 9609, 81, 0, 0, 18, 23, 34, 2, 53720, 46514, 49454, 1, 0, 0, 380,-
119,r3,8, 1057625, 1028,"  102358:	e1811003 	orr	r1, r1, r3",benign, 606, 188, 10239, 2, 6850, 2692, 1, 567, 756, 0, 216, 54098, 550, 3, 7, 7514, 2, 381, 3, 32464, 10866, 21251, 0, 0, 30, 5548, 4715, 9619, 84, 0, 0, 19, 22, 35, 2, 54092, 46268, 49293, 1, 0, 0, 380,-
120,r3,6, 1054759, 1036,"  101824:	e51b3014 	ldr	r3, [fp, #-20]	; 0xffffffec",benign, 608, 190, 10257, 2, 6856, 2692, 1, 567, 756, 0, 223, 54208, 550, 3, 7, 7927, 2, 384, 3, 32577, 11061, 21248, 0, 0, 30, 5538, 4733, 9623, 83, 0, 0, 18, 23, 34, 2, 54414, 46515, 49770, 1, 0, 0, 381,-
121,r1,10, 1055254, 1029,"  101a14:	e0822003 	add	r2, r2, r3",benign, 597, 188, 10245, 2, 6849, 2689, 1, 567, 756, 0, 219, 53619, 550, 3, 7, 7929, 3, 405, 3, 32718, 11124, 21274, 0, 0, 30, 5573, 4662, 9617, 81, 0, 0, 18, 22, 34, 2, 53802, 45963, 48986, 1, 0, 0, 494,-
122,r1,17, 1052541, 1032,"  100f7c:	e51b3018 	ldr	r3, [fp, #-24]	; 0xffffffe8",benign, 615, 211, 10239, 2, 6852, 2692, 4, 567, 756, 0, 220, 53355, 550, 3, 7, 7944, 2, 382, 3, 31965, 10465, 21184, 0, 0, 30, 5535, 4717, 9622, 81, 0, 0, 22, 24, 37, 2, 53789, 46381, 49526, 1, 0, 0, 381,-
123,r3,1, 1053487, 1033,"  10132c:	e51b3014 	ldr	r3, [fp, #-20]	; 0xffffffec",benign, 619, 188, 10250, 2, 6859, 2693, 1, 567, 756, 0, 221, 53901, 550, 3, 7, 8066, 2, 382, 3, 31977, 10476, 21238, 0, 0, 30, 5544, 4717, 9628, 80, 0, 0, 22, 22, 37, 2, 53954, 46135, 49158, 1, 0, 0, 381,-
124,r3,6, 1054652, 1030,"  1017bc:	e50b3018 	str	r3, [fp, #-24]	; 0xffffffe8",benign, 610, 189, 10249, 2, 6856, 2692, 1, 567, 756, 0, 220, 53679, 550, 3, 7, 8348, 2, 384, 3, 32470, 10872, 21211, 0, 0, 30, 5548, 4729, 9627, 81, 0, 0, 21, 23, 36, 2, 53915, 45935, 48924, 1, 0, 0, 550,-
125,r0,13, 1053442, 1030,"  101300:	e50b3018 	str	r3, [fp, #-24]	; 0xffffffe8",benign, 609, 190, 10238, 2, 6855, 2690, 1, 567, 756, 0, 224, 53800, 550, 3, 7, 7870, 2, 432, 3, 32147, 10586, 21257, 0, 0, 30, 5570, 4672, 9614, 84, 0, 0, 18, 21, 34, 2, 53801, 46000, 49023, 1, 0, 0, 381,-
126,r2,23, 1059879, 1038,"  102c24:	e51b3014 	ldr	r3, [fp, #-20]	; 0xffffffec",benign, 615, 211, 10246, 2, 6855, 2692, 1, 567, 756, 0, 221, 53361, 550, 3, 7, 7894, 2, 382, 3, 32071, 10491, 21229, 0, 0, 30, 5516, 4720, 9609, 80, 0, 0, 18, 23, 34, 2, 54416, 46482, 49612, 1, 0, 0, 403,-
127,r3,5, 1053857, 1031,"  1014a0:	e0822003 	add	r2, r2, r3",benign, 609, 190, 10235, 2, 6851, 2693, 1, 567, 756, 0, 219, 53453, 550, 3, 7, 7943, 2, 382, 3, 32524, 11012, 21201, 0, 0, 30, 5553, 4681, 9622, 80, 0, 0, 19, 21, 35, 2, 53837, 46591, 49843, 1, 0, 0, 382,-
128,r2,3, 1058734, 1035,"  1027ac:	e0823003 	add	r3, r2, r3",benign, 668, 250, 10227, 2, 6850, 2695, 4, 567, 756, 0, 224, 53658, 550, 3, 7, 8358, 2, 384, 3, 32811, 11219, 21234, 0, 0, 30, 5543, 4680, 9620, 81, 0, 0, 19, 21, 35, 2, 54413, 45885, 48864, 1, 0, 0, 403,-
129,r3,31, 1052622, 1031,"  100fcc:	e50b3010 	str	r3, [fp, #-16]",benign, 605, 190, 10247, 2, 6856, 2694, 1, 567, 756, 0, 222, 53578, 550, 3, 7, 8355, 3, 405, 3, 31989, 10500, 21227, 0, 0, 30, 5357, 4864, 9613, 80, 0, 0, 19, 21, 35, 2, 54587, 46530, 49518, 1, 0, 0, 380,-
130,r1,10, 1053357, 1033,"  1012ac:	e1a02de3 	ror	r2, r3, #27",benign, 612, 190, 10240, 2, 6847, 2691, 1, 567, 756, 0, 222, 54208, 550, 3, 7, 7785, 2, 382, 3, 31999, 10431, 21244, 0, 0, 30, 5573, 4647, 9605, 81, 0, 0, 22, 24, 37, 2, 53700, 45897, 48850, 1, 0, 0, 381,-
131,r3,14, 1051385, 1031,"  100af8:	e50b3020 	str	r3, [fp, #-32]	; 0xffffffe0",benign, 605, 189, 10252, 2, 6856, 2693, 1, 567, 756, 0, 217, 53378, 550, 3, 7, 7956, 2, 382, 3, 32468, 10981, 21207, 0, 0, 30, 5340, 4922, 9607, 79, 0, 0, 18, 23, 34, 2, 54196, 46268, 49557, 1, 0, 0, 380,-
132,r3,2, 1057723, 1034,"  1023b8:	e50b3010 	str	r3, [fp, #-16]",benign, 624, 189, 10248, 2, 6853, 2692, 4, 567, 756, 0, 218, 53381, 550, 3, 7, 7808, 2, 384, 3, 32417, 10996, 21240, 0, 0, 30, 5604, 4634, 9615, 81, 0, 0, 19, 21, 35, 2, 54233, 46144, 49237, 1, 0, 0, 381,-
133,r2,30, 1059613, 1032,"  102b1c:	e51b3014 	ldr	r3, [fp, #-20]	; 0xffffffec",benign, 610, 190, 10241, 2, 6846, 2690, 1, 567, 756, 0, 218, 53345, 550, 3, 7, 8453, 2, 384, 3, 32286, 10815, 21212, 0, 0, 30, 5513, 4726, 9607, 82, 0, 0, 19, 23, 35, 2, 53791, 45903, 48924, 1, 0, 0, 493,-
134,r3,24, 1061135, 1032,"  10310c:	e51b3010 	ldr	r3, [fp, #-16]",benign, 609, 189, 10240, 2, 6852, 2695, 1, 567, 756, 0, 227, 53695, 550, 3, 7, 8194, 2, 382, 3, 32208, 10713, 21262, 0, 0, 30, 5526, 4702, 9610, 82, 0, 0, 19, 22, 35, 2, 54252, 46227, 49261, 1, 0, 0, 380,-
135,r0,27, 1058681, 1035,"  102778:	e1a02de3 	ror	r2, r3, #27",benign, 607, 189, 10241, 2, 6859, 2692, 1, 567, 756, 0, 222, 53751, 550, 3, 7, 8241, 2, 383, 3, 31938, 10437, 21212, 0, 0, 30, 5373, 4875, 9623, 81, 0, 0, 19, 24, 35, 2, 54101, 46138, 49174, 1, 0, 0, 380,-
136,r0,22, 1052714, 1032,"  101028:	e50b301c 	str	r3, [fp, #-28]	; 0xffffffe4",benign, 607, 189, 10242, 2, 6848, 2690, 1, 567, 756, 0, 229, 54018, 550, 3, 7, 8003, 2, 382, 3, 32128, 10659, 21245, 0, 0, 30, 5586, 4651, 9618, 85, 0, 0, 22, 23, 37, 2, 53864, 46603, 49827, 1, 0, 0, 380,-
137,r2,30, 1057120, 1036,"  102160:	e51b1014 	ldr	r1, [fp, #-20]	; 0xffffffec",benign, 618, 189, 10245, 2, 6852, 2691, 1, 567, 756, 0, 217, 53769, 550, 3, 7, 7740, 2, 381, 3, 31939, 10394, 21257, 0, 0, 30, 5581, 4643, 9612, 81, 0, 0, 18, 23, 34, 2, 54364, 45936, 48889, 1, 0, 0, 380,-
138,r0,29, 1051846, 1032,"  100cc4:	e51b3150 	ldr	r3, [fp, #-336]	; 0xfffffeb0",benign, 603, 188, 10241, 2, 6851, 2690, 1, 567, 756, 0, 216, 54130, 550, 3, 7, 7627, 2, 544, 3, 32828, 11218, 21235, 0, 0, 30, 5561, 4684, 9624, 83, 0, 0, 19, 22, 35, 2, 54062, 46202, 49191, 1, 0, 0, 402,-
139,r0,12, 1052103, 1032,"  100dc4:	e0823003 	add	r3, r2, r3",benign, 726, 307, 10232, 2, 6852, 2691, 1, 567, 756, 0, 230, 54178, 550, 3, 7, 8079, 2, 383, 3, 32107, 10546, 21260, 0, 0, 30, 5354, 4896, 9625, 80, 0, 0, 18, 23, 34, 2, 53952, 46516, 49736, 1, 0, 0, 382,-
140,r2,13, 1059171, 1029,"  102960:	e50b3020 	str	r3, [fp, #-32]	; 0xffffffe0",benign, 613, 189, 10232, 2, 6851, 2696, 4, 567, 756, 0, 219, 53640, 550, 3, 7, 7742, 2, 382, 3, 32001, 10489, 21247, 0, 0, 30, 5580, 4654, 9620, 83, 0, 0, 19, 23, 35, 2, 54306, 46172, 49225, 1, 0, 0, 382,-
141,r1,19, 1057410, 1031,"  102280:	e51b301c 	ldr	r3, [fp, #-28]	; 0xffffffe4",benign, 610, 188, 10254, 2, 6852, 2693, 1, 567, 756, 0, 225, 54088, 550, 3, 7, 8298, 2, 382, 3, 32087, 10569, 21212, 0, 0, 30, 5540, 4710, 9618, 81, 0, 0, 18, 23, 34, 2, 53719, 46514, 49475, 1, 0, 0, 380,-
142,r3,16, 1053193, 1030,"  101208:	e50b301c 	str	r3, [fp, #-28]	; 0xffffffe4",benign, 608, 210, 10237, 2, 6849, 2689, 1, 567, 756, 0, 221, 53852, 550, 3, 7, 8417, 2, 384, 3, 32701, 11249, 21251, 0, 0, 30, 5367, 4881, 9632, 82, 0, 0, 19, 22, 35, 2, 54165, 46037, 49049, 1, 0, 0, 380,-
143,r1,29, 1059935, 1032,"  102c5c:	e50b301c 	str	r3, [fp, #-28]	; 0xffffffe4",benign, 605, 189, 10249, 2, 6859, 2695, 1, 567, 756, 0, 221, 54170, 550, 3, 7, 8637, 2, 383, 3, 32077, 10528, 21253, 0, 0, 30, 5629, 4829, 9610, 79, 0, 0, 19, 24, 35, 2, 53900, 46296, 49287, 1, 0, 0, 380,-
144,r0,4, 1060660, 1035,"  102f34:	e51b2008 	ldr	r2, [fp, #-8]",benign, 618, 188, 10255, 2, 6860, 2691, 1, 567, 756, 0, 221, 53982, 550, 3, 7, 8630, 2, 384, 3, 32670, 11115, 21206, 0, 0, 30, 5380, 4843, 9626, 82, 0, 0, 19, 22, 35, 2, 54085, 46439, 49662, 1, 0, 0, 379,-
145,r3,15, 1051991, 1036,"  100d54:	e51b3018 	ldr	r3, [fp, #-24]	; 0xffffffe8",benign, 606, 188, 10238, 2, 6862, 2693, 1, 567, 756, 0, 220, 53313, 550, 3, 7, 8144, 2, 382, 3, 32055, 10556, 21241, 0, 0, 30, 5599, 4661, 9617, 81, 0, 0, 19, 22, 35, 2, 54001, 46393, 49568, 1, 0, 0, 380,-
146,r1,14, 1060182, 1029,"  102d54:	e51b3020 	ldr	r3, [fp, #-32]	; 0xffffffe0",benign, 604, 188, 10237, 2, 6849, 2691, 1, 567, 756, 0, 230, 53775, 550, 3, 7, 7700, 3, 403, 3, 32509, 10960, 21237, 0, 0, 30, 5349, 4915, 9626, 83, 0, 0, 19, 22, 35, 2, 54276, 45998, 48994, 1, 0, 0, 513,-
147,r1,4, 1055418, 1036,"  101ab8:	e1a03163 	ror	r3, r3, #2",benign, 607, 190, 10232, 2, 6856, 2695, 1, 567, 756, 0, 224, 53602, 550, 3, 7, 7639, 2, 381, 3, 32738, 11249, 21240, 0, 0, 30, 5134, 5126, 9636, 85, 0, 0, 19, 22, 35, 2, 54351, 45957, 49035, 1, 0, 0, 381,-
148,r0,11, 1052364, 1034,"  100ecc:	e51b3010 	ldr	r3, [fp, #-16]",benign, 604, 187, 10248, 2, 6857, 2691, 1, 567, 756, 0, 219, 53427, 550, 3, 7, 7743, 2, 383, 3, 32588, 11139, 21199, 0, 0, 30, 5132, 5141, 9631, 80, 0, 0, 19, 23, 35, 2, 53972, 46009, 49038, 1, 0, 0, 403,-
149,r1,0, 1057902, 1032,"  10246c:	e0822003 	add	r2, r2, r3",benign, 607, 417, 10251, 2, 6857, 2690, 1, 567, 756, 0, 226, 54072, 550, 3, 7, 7759, 2, 450, 3, 32779, 11276, 21206, 0, 0, 30, 5517, 4708, 9615, 79, 0, 0, 19, 22, 35, 2, 54376, 45931, 48903, 1, 0, 0, 381,-
150,r0,2, 1055262, 1031,"  101a1c:	e0822003 	add	r2, r2, r3",benign, 620, 211, 10239, 2, 6853, 2694, 1, 567, 756, 0, 218, 53416, 550, 3, 7, 7929, 2, 381, 3, 32659, 11164, 21242, 0, 0, 30, 5330, 4896, 9608, 82, 0, 0, 18, 21, 34, 2, 54548, 45848, 48887, 1, 0, 0, 381,-
151,r3,25, 1059966, 1028,"  102c7c:	e51b3020 	ldr	r3, [fp, #-32]	; 0xffffffe0",benign, 613, 190, 10244, 2, 6856, 2691, 1, 567, 756, 0, 223, 53411, 550, 3, 7, 7969, 2, 382, 3, 32052, 10574, 21252, 0, 0, 30, 5514, 4709, 9608, 81, 0, 0, 19, 21, 35, 2, 54138, 46509, 49600, 1, 0, 0, 380,-
152,r1,1, 1058994, 1034,"  1028b0:	e51b3020 	ldr	r3, [fp, #-32]	; 0xffffffe0",benign, 604, 188, 10240, 2, 6853, 2693, 4, 567, 756, 0, 228, 53824, 550, 3, 7, 8071, 2, 383, 3, 32428, 11078, 21258, 0, 0, 30, 5515, 4716, 9615, 79, 0, 0, 18, 24, 34, 2, 53738, 45958, 48980, 1, 0, 0, 382,-
153,r3,25, 1057472, 1033,"  1022c0:	e50b3010 	str	r3, [fp, #-16]",benign, 606, 190, 10239, 2, 6861, 2698, 1, 567, 756, 0, 225, 53578, 550, 3, 7, 8590, 2, 384, 3, 31961, 10430, 21224, 0, 0, 30, 5112, 5130, 9624, 82, 0, 0, 18, 21, 34, 2, 53700, 46124, 49160, 1, 0, 0, 402,-
154,r0,19, 1058005, 1033,"  1024d4:	e0011003 	and	r1, r1, r3",benign, 605, 188, 10248, 2, 6858, 2694, 1, 567, 756, 0, 230, 53694, 550, 3, 7, 8090, 2, 383, 3, 32150, 10569, 21235, 0, 0, 30, 5536, 4710, 9617, 85, 0, 0, 18, 22, 34, 2, 53961, 46234, 49249, 1, 0, 0, 402,-
155,r1,13, 1060455, 1032,"  102e64:	e30c31d6 	movw	r3, #49622	; 0xc1d6",benign, 620, 211, 10228, 2, 6857, 2695, 1, 567, 756, 0, 223, 53475, 550, 3, 7, 7779, 2, 384, 3, 32052, 10576, 21252, 0, 0, 30, 5332, 4895, 9610, 82, 0, 0, 18, 23, 34, 2, 54145, 45944, 48988, 1, 0, 0, 382,-
156,r2,15, 1051388, 1029,"  100afc:	e51b3018 	ldr	r3, [fp, #-24]	; 0xffffffe8",benign, 609, 190, 10227, 2, 6855, 2695, 4, 567, 756, 0, 223, 53428, 550, 3, 7, 7769, 3, 406, 3, 32018, 10474, 21252, 0, 0, 30, 5356, 4860, 9625, 80, 0, 0, 19, 22, 35, 2, 54007, 46552, 49626, 1, 0, 0, 382,-
157,r0,25, 1060649, 1036,"  102f28:	e28db000 	add	fp, sp, #0",benign, 607, 189, 10240, 2, 6851, 2692, 1, 567, 756, 0, 229, 53497, 550, 3, 7, 8350, 2, 382, 3, 31933, 10441, 21251, 0, 0, 30, 5512, 4694, 9620, 83, 0, 0, 21, 23, 36, 2, 53939, 45924, 48862, 1, 0, 0, 402,-
158,r3,2, 1055928, 1029,"  101cb8:	e51b30c0 	ldr	r3, [fp, #-192]	; 0xffffff40",benign, 609, 188, 10254, 2, 6852, 2690, 1, 567, 756, 0, 219, 53348, 550, 3, 7, 7610, 2, 383, 3, 32367, 10904, 21270, 0, 0, 30, 5251, 4987, 9611, 82, 0, 0, 18, 21, 34, 2, 53957, 45838, 48851, 1, 0, 0, 379,-
159,r0,11, 1058810, 1037,"  1027f8:	e0233001 	eor	r3, r3, r1",benign, 608, 210, 10246, 2, 6847, 2690, 1, 567, 756, 0, 219, 53423, 550, 3, 7, 7848, 2, 382, 3, 32749, 11169, 21212, 0, 0, 30, 5594, 4651, 9616, 80, 0, 0, 22, 25, 37, 2, 54024, 46064, 49095, 1, 0, 0, 381,-
160,r0,25, 1054125, 1031,"  1015ac:	e50b3014 	str	r3, [fp, #-20]	; 0xffffffec",benign, 605, 211, 10245, 2, 6851, 2693, 1, 567, 756, 0, 220, 54100, 550, 3, 7, 8038, 2, 382, 3, 32421, 10803, 21223, 0, 0, 30, 5552, 4669, 9626, 83, 0, 0, 19, 21, 35, 2, 53922, 46411, 49640, 1, 0, 0, 381,-
161,r1,27, 1061477, 1032,"  103264:	e5100014 	ldr	r0, [r0, #-20]	; 0xffffffec",benign, 602, 190, 10220, 2, 6842, 2691, 1, 567, 756, 0, 226, 54191, 550, 3, 7, 8071, 2, 383, 3, 32022, 10462, 21251, 0, 0, 30, 5363, 4855, 9630, 84, 0, 0, 18, 22, 34, 2, 54565, 46071, 49063, 1, 0, 0, 381,-
162,r2,19, 1055086, 1034,"  10196c:	e50b3018 	str	r3, [fp, #-24]	; 0xffffffe8",benign, 612, 190, 10225, 2, 6853, 2694, 1, 567, 756, 0, 228, 53542, 550, 3, 7, 7893, 3, 406, 3, 32188, 10599, 21235, 0, 0, 30, 5529, 4703, 9619, 82, 0, 0, 19, 22, 35, 2, 53876, 46189, 49385, 1, 0, 0, 381,-
163,r3,14, 1056295, 1034,"  101e24:	e51b301c 	ldr	r3, [fp, #-28]	; 0xffffffe4",benign, 600, 211, 10246, 2, 6851, 2691, 1, 567, 756, 0, 220, 53301, 550, 3, 7, 7680, 2, 383, 3, 32582, 11036, 21232, 0, 0, 30, 5516, 4720, 9612, 82, 0, 0, 21, 23, 36, 2, 53766, 46000, 49017, 1, 0, 0, 380,-
164,r0,30, 1057786, 1037,"  1023f8:	e0822003 	add	r2, r2, r3",benign, 605, 189, 10238, 2, 6853, 2693, 1, 567, 756, 0, 225, 53859, 550, 3, 7, 8449, 3, 404, 3, 32034, 10546, 21268, 0, 0, 30, 5351, 4893, 9625, 86, 0, 0, 22, 24, 37, 2, 53851, 46360, 49308, 1, 0, 0, 381,-
165,r3,26, 1059888, 1033,"  102c30:	e0233001 	eor	r3, r3, r1",benign, 607, 189, 10238, 2, 6858, 2691, 1, 567, 756, 0, 228, 53575, 550, 3, 7, 8507, 3, 405, 3, 32110, 10477, 21238, 0, 0, 30, 5601, 4658, 9621, 83, 0, 0, 21, 23, 36, 2, 54382, 46099, 49102, 1, 0, 0, 382,-
166,r1,2, 1057847, 1037,"  102434:	e50b3010 	str	r3, [fp, #-16]",benign, 604, 187, 10222, 2, 6848, 2694, 1, 567, 756, 0, 219, 53489, 550, 3, 7, 8021, 2, 383, 3, 32099, 10609, 21220, 0, 0, 30, 5321, 4903, 9611, 80, 0, 0, 19, 22, 35, 2, 54370, 45868, 48912, 1, 0, 0, 381,-
167,r0,17, 1056550, 1033,"  101f24:	e51b30ac 	ldr	r3, [fp, #-172]	; 0xffffff54",benign, 618, 190, 10250, 1, 6855, 2694, 1, 567, 756, 0, 223, 53558, 550, 3, 7, 7716, 2, 381, 3, 32338, 10793, 21202, 0, 0, 30, 5324, 4905, 9603, 79, 0, 0, 19, 22, 35, 2, 53869, 46248, 49355, 1, 0, 0, 382,-
168,r0,28, 1056076, 1032,"  101d4c:	e51b3018 	ldr	r3, [fp, #-24]	; 0xffffffe8",benign, 610, 188, 10232, 2, 6852, 2689, 4, 567, 756, 0, 226, 53457, 550, 3, 7, 7999, 2, 383, 3, 32545, 11042, 21212, 0, 0, 30, 5519, 4719, 9614, 81, 0, 0, 22, 23, 37, 2, 53784, 45863, 48942, 1, 0, 0, 380,-
169,r1,23, 1060452, 1029,"  102e64:	e30c31d6 	movw	r3, #49622	; 0xc1d6",benign, 609, 189, 10245, 2, 6849, 2691, 4, 567, 756, 0, 220, 53448, 550, 3, 7, 7996, 2, 383, 3, 32468, 10986, 21261, 0, 0, 30, 5587, 4639, 9612, 80, 0, 0, 19, 23, 35, 2, 54454, 45889, 48996, 1, 0, 0, 381,-
170,r1,12, 1060229, 1028,"  102d84:	e51b302c 	ldr	r3, [fp, #-44]	; 0xffffffd4",benign, 607, 188, 10251, 2, 6857, 2692, 4, 567, 756, 0, 219, 53437, 550, 3, 7, 7998, 2, 384, 3, 32387, 10879, 21229, 0, 0, 30, 5513, 4727, 9617, 80, 0, 0, 19, 22, 35, 2, 54489, 46271, 49305, 1, 0, 0, 382,-
171,r0,23, 1056879, 1035,"  10206c:	e51b3018 	ldr	r3, [fp, #-24]	; 0xffffffe8",benign, 601, 188, 10250, 2, 6860, 2692, 4, 567, 756, 0, 221, 53460, 550, 3, 7, 7631, 2, 382, 3, 31946, 10417, 21234, 0, 0, 30, 5347, 4900, 9616, 83, 0, 0, 19, 23, 35, 2, 53903, 46305, 49405, 1, 0, 0, 380,-
172,r0,10, 1052357, 1031,"  100ec4:	e51b3014 	ldr	r3, [fp, #-20]	; 0xffffffec",benign, 609, 190, 10258, 2, 6857, 2690, 1, 567, 756, 0, 217, 53486, 550, 3, 7, 7625, 3, 406, 3, 32731, 11119, 21268, 0, 0, 30, 5593, 4672, 9630, 81, 0, 0, 19, 22, 35, 2, 53909, 46258, 49288, 1, 0, 0, 381,-
173,r1,18, 1059640, 1032,"  102b38:	e51b3020 	ldr	r3, [fp, #-32]	; 0xffffffe0",benign, 600, 189, 10222, 2, 6850, 2695, 1, 567, 756, 0, 220, 53772, 550, 3, 7, 8298, 3, 404, 3, 32802, 11306, 21228, 0, 0, 30, 5347, 4913, 9647, 87, 0, 0, 22, 24, 37, 2, 53636, 46286, 49304, 1, 0, 0, 382,-
174,r3,11, 1055119, 1037,"  10198c:	e51b300c 	ldr	r3, [fp, #-12]",benign, 601, 188, 10232, 2, 6850, 2691, 1, 567, 756, 0, 223, 53693, 550, 3, 7, 7554, 2, 408, 3, 32265, 10645, 21202, 0, 0, 30, 5332, 4909, 9610, 82, 0, 0, 19, 24, 35, 2, 53826, 46316, 49278, 1, 0, 0, 380,-
175,r2,7, 1057263, 1035,"  1021ec:	e0011003 	and	r1, r1, r3",benign, 608, 211, 10250, 2, 6853, 2691, 4, 567, 756, 0, 221, 53557, 550, 3, 7, 7870, 2, 382, 3, 32348, 10846, 21242, 0, 0, 30, 5582, 4660, 9624, 82, 0, 0, 19, 22, 35, 2, 54018, 46318, 49398, 1, 0, 0, 382,-
176,r3,1, 1060527, 1030,"  102eac:	e0822003 	add	r2, r2, r3",benign, 608, 189, 10240, 2, 6846, 2693, 4, 567, 756, 0, 226, 53568, 550, 3, 7, 8233, 2, 383, 3, 32482, 11080, 21227, 0, 0, 30, 5533, 4698, 9611, 80, 0, 0, 19, 21, 35, 2, 54318, 45879, 48913, 1, 0, 0, 403,-
177,r1,2, 1051270, 1026,"  100a84:	e5933004 	ldr	r3, [r3, #4]",benign, 614, 190, 10248, 2, 6852, 2692, 1, 567, 756, 0, 218, 53309, 550, 3, 7, 7831, 2, 384, 3, 32309, 10676, 21245, 0, 0, 30, 5511, 4744, 9629, 81, 0, 0, 21, 23, 36, 2, 54499, 46446, 49440, 1, 0, 0, 381,-
178,r2,20, 1059132, 1032,"  10293c:	e0233001 	eor	r3, r3, r1",benign, 630, 210, 10247, 2, 6858, 2694, 1, 567, 756, 0, 218, 53972, 550, 3, 7, 7737, 2, 384, 3, 32522, 11043, 21230, 0, 0, 30, 5552, 4685, 9618, 84, 0, 0, 19, 22, 35, 2, 54548, 46425, 49632, 1, 0, 0, 381,-
179,r3,10, 1053654, 1032,"  1013d4:	e3073999 	movw	r3, #31129	; 0x7999",benign, 614, 190, 10240, 2, 6843, 2692, 1, 567, 756, 0, 219, 53894, 550, 3, 7, 7565, 2, 382, 3, 32014, 10463, 21227, 0, 0, 30, 5539, 4696, 9616, 81, 0, 0, 19, 22, 35, 2, 53906, 46326, 49485, 1, 0, 0, 382,-
180,r2,7, 1058284, 1030,"  1025ec:	e51b3074 	ldr	r3, [fp, #-116]	; 0xffffff8c",benign, 604, 189, 10246, 2, 6855, 2691, 4, 567, 756, 0, 223, 53879, 550, 3, 7, 7624, 2, 381, 3, 32776, 11224, 21230, 0, 0, 30, 5518, 4727, 9617, 84, 0, 0, 18, 23, 34, 2, 53813, 46530, 49654, 1, 0, 0, 380,-
181,r1,18, 1053800, 1035,"  101468:	e50b3014 	str	r3, [fp, #-20]	; 0xffffffec",benign, 767, 335, 10224, 2, 6852, 2692, 1, 567, 756, 0, 222, 53707, 550, 3, 7, 8316, 2, 383, 3, 32124, 10642, 21271, 0, 0, 30, 5514, 4741, 9614, 83, 0, 0, 19, 23, 35, 2, 53970, 45981, 48943, 1, 0, 0, 379,-
182,r1,31, 1054412, 1033,"  1016cc:	e3463ed9 	movt	r3, #28377	; 0x6ed9",benign, 612, 190, 10223, 2, 6852, 2696, 1, 567, 756, 0, 221, 53669, 550, 3, 7, 7682, 2, 383, 3, 32045, 10517, 21216, 0, 0, 30, 5553, 4676, 9629, 81, 0, 0, 19, 22, 35, 2, 54370, 45995, 49046, 1, 0, 0, 381,-
183,r3,12, 1060272, 1032,"  102db0:	e1a03163 	ror	r3, r3, #2",benign, 605, 190, 10243, 2, 6851, 2692, 4, 567, 756, 0, 220, 53585, 550, 3, 7, 8078, 2, 382, 3, 32484, 10956, 21224, 0, 0, 30, 5522, 4706, 9602, 82, 0, 0, 19, 21, 35, 2, 54563, 45786, 48869, 1, 0, 0, 381,-
184,r3,13, 1052203, 1035,"  100e28:	e0822003 	add	r2, r2, r3",benign, 605, 189, 10230, 2, 6853, 2696, 1, 567, 756, 0, 217, 54163, 550, 3, 7, 8082, 2, 383, 3, 32428, 10895, 21236, 0, 0, 30, 5329, 4907, 9606, 80, 0, 0, 19, 22, 35, 2, 54599, 45844, 48870, 1, 0, 0, 403,-
185,r2,27, 1058671, 1027,"  10276c:	e51b3020 	ldr	r3, [fp, #-32]	; 0xffffffe0",benign, 605, 190, 10238, 2, 6848, 2694, 1, 567, 756, 0, 220, 53625, 550, 3, 7, 8277, 2, 381, 3, 32062, 10594, 21263, 0, 0, 30, 5326, 4941, 9634, 83, 0, 0, 19, 22, 35, 2, 54636, 46130, 49326, 1, 0, 0, 403,-
186,r2,0, 1061353, 1039,"  1031e8:	e3a03000 	mov	r3, #0",benign, 608, 188, 10248, 2, 6855, 2693, 1, 567, 756, 0, 215, 53880, 550, 3, 7, 8412, 2, 381, 3, 31899, 10402, 21209, 0, 0, 30, 5589, 4765, 9611, 83, 0, 0, 19, 23, 35, 2, 53880, 46017, 48935, 1, 0, 0, 477,-
187,r1,28, 1056894, 1034,"  10207c:	e51b0014 	ldr	r0, [fp, #-20]	; 0xffffffec",benign, 606, 210, 10253, 2, 6854, 2694, 1, 567, 756, 0, 228, 54034, 550, 3, 7, 8186, 2, 380, 3, 32018, 10521, 21233, 0, 0, 30, 5540, 4710, 9614, 79, 0, 0, 19, 22, 35, 2, 54023, 46494, 49765, 1, 0, 0, 382,-
188,r3,30, 1052742, 1032,"  101044:	e50b3010 	str	r3, [fp, #-16]",benign, 604, 187, 10241, 2, 6845, 2692, 1, 567, 756, 0, 218, 53861, 550, 3, 7, 7748, 2, 384, 3, 32501, 10916, 21272, 0, 0, 30, 5577, 4649, 9611, 82, 0, 0, 19, 22, 35, 2, 53738, 46418, 49428, 1, 0, 0, 382,-
189,r2,1, 1058446, 1029,"  10268c:	e51b300c 	ldr	r3, [fp, #-12]",benign, 613, 188, 10247, 2, 6855, 2691, 1, 567, 756, 0, 225, 54161, 550, 3, 7, 7607, 2, 382, 3, 32620, 11056, 21208, 0, 0, 30, 5081, 5136, 9602, 78, 0, 0, 18, 22, 34, 2, 54058, 46434, 49433, 1, 0, 0, 380,-
190,r0,22, 1055326, 1031,"  101a5c:	e51b3020 	ldr	r3, [fp, #-32]	; 0xffffffe0",benign, 611, 188, 10214, 2, 6849, 2694, 1, 567, 756, 0, 220, 53973, 550, 3, 7, 7796, 2, 383, 3, 32089, 10449, 21243, 0, 0, 30, 5299, 4935, 9620, 81, 0, 0, 19, 23, 35, 2, 54043, 46253, 49346, 1, 0, 0, 379,-
191,r3,15, 1060650, 1031,"  102f28:	e28db000 	add	fp, sp, #0",benign, 605, 209, 10240, 2, 6848, 2690, 1, 567, 756, 0, 219, 53356, 550, 3, 7, 8045, 2, 383, 3, 32674, 11152, 21225, 0, 0, 30, 5072, 5169, 9613, 83, 0, 0, 19, 21, 35, 2, 53998, 45879, 48987, 1, 0, 0, 381,-
192,r0,2, 1054235, 1032,"  101618:	e50b3014 	str	r3, [fp, #-20]	; 0xffffffec",benign, 602, 212, 10250, 2, 6858, 2692, 1, 567, 756, 0, 221, 53517, 550, 3, 7, 8214, 2, 382, 3, 32040, 10500, 21228, 0, 0, 30, 5586, 4657, 9613, 82, 0, 0, 21, 23, 36, 2, 53742, 46510, 49666, 1, 0, 0, 381,-
193,r3,27, 1056662, 1035,"  101f94:	e0822003 	add	r2, r2, r3",benign, 611, 209, 10230, 2, 6853, 2694, 1, 567, 756, 0, 218, 53293, 550, 3, 7, 8260, 3, 404, 3, 32178, 10698, 21207, 0, 0, 30, 5531, 4715, 9608, 82, 0, 0, 18, 22, 34, 2, 54247, 45966, 49006, 1, 0, 0, 382,-
194,r1,7, 1053030, 1031,"  101164:	e1813003 	orr	r3, r1, r3",benign, 609, 187, 10230, 2, 6857, 2694, 1, 567, 756, 0, 226, 54168, 550, 3, 7, 8174, 2, 382, 3, 32007, 10409, 21238, 0, 0, 30, 5380, 4857, 9625, 81, 0, 0, 22, 22, 37, 2, 53746, 46495, 49690, 1, 0, 0, 381,-
195,r3,3, 1059241, 1036,"  1029a8:	e0233001 	eor	r3, r3, r1",benign, 610, 187, 10245, 2, 6857, 2693, 1, 567, 756, 0, 220, 53713, 550, 3, 7, 8153, 2, 382, 3, 32083, 10582, 21213, 0, 0, 30, 5759, 4814, 9612, 81, 0, 0, 19, 22, 35, 2, 53761, 46325, 49317, 1, 0, 0, 380,-
196,r3,30, 1054181, 1031,"  1015e4:	e0822003 	add	r2, r2, r3",benign, 604, 190, 10242, 2, 6846, 2690, 1, 567, 756, 0, 222, 53737, 550, 3, 7, 7889, 3, 405, 3, 32006, 10517, 21262, 0, 0, 30, 5523, 4697, 9618, 81, 0, 0, 19, 22, 35, 2, 54625, 45963, 49022, 1, 0, 0, 402,-
197,r3,6, 1053761, 1035,"  101440:	e30e3ba1 	movw	r3, #60321	; 0xeba1",benign, 611, 190, 10247, 2, 6857, 2691, 1, 567, 756, 0, 218, 53555, 550, 3, 7, 8248, 2, 381, 3, 32032, 10482, 21253, 0, 0, 30, 5581, 4653, 9632, 83, 0, 0, 19, 21, 35, 2, 54608, 45905, 48923, 1, 0, 0, 494,-
198,r3,9, 1056698, 1036,"  101fb8:	e51b3018 	ldr	r3, [fp, #-24]	; 0xffffffe8",benign, 614, 188, 10241, 2, 6862, 2695, 1, 567, 756, 0, 223, 53421, 550, 3, 7, 8132, 2, 382, 3, 31883, 10373, 21221, 0, 0, 30, 5375, 4864, 9629, 81, 0, 0, 19, 22, 35, 2, 54527, 46552, 49691, 1, 0, 0, 381,-
199,r2,24, 1057122, 1033,"  102160:	e51b1014 	ldr	r1, [fp, #-20]	; 0xffffffec",benign, 615, 189, 10240, 2, 6851, 2690, 4, 567, 756, 0, 224, 53648, 550, 3, 7, 8490, 2, 383, 3, 32400, 10964, 21240, 0, 0, 30, 5570, 4660, 9612, 82, 0, 0, 21, 23, 36, 2, 54486, 46597, 49602, 1, 0, 0, 380,-
200,r1,27, 1059825, 1029,"  102bf0:	e50b301c 	str	r3, [fp, #-28]	; 0xffffffe4",benign, 618, 188, 10246, 2, 6855, 2691, 1, 567, 756, 0, 219, 54191, 550, 3, 7, 7971, 2, 382, 3, 32705, 11120, 21233, 0, 0, 30, 5372, 4860, 9625, 80, 0, 0, 19, 24, 35, 2, 53858, 45914, 48879, 1, 0, 0, 382,-
201,r1,0, 1054145, 1030,"  1015c0:	e51b300c 	ldr	r3, [fp, #-12]",benign, 614, 188, 10238, 2, 6857, 2692, 1, 567, 756, 0, 214, 54122, 550, 3, 7, 8467, 2, 382, 3, 32214, 10653, 21267, 0, 0, 30, 5573, 4673, 9624, 86, 0, 0, 19, 22, 35, 2, 54218, 46444, 49472, 1, 0, 0, 382,-
202,r1,5, 1058847, 1038,"  10281c:	e50b3020 	str	r3, [fp, #-32]	; 0xffffffe0",benign, 608, 190, 10249, 2, 6850, 2691, 4, 567, 756, 0, 221, 53234, 550, 3, 7, 7946, 3, 405, 3, 32034, 10567, 21224, 0, 0, 30, 5380, 4881, 9619, 80, 0, 0, 19, 21, 35, 2, 53929, 46417, 49488, 1, 0, 0, 381,-
203,r1,25, 1057439, 1030,"  10229c:	e50b3020 	str	r3, [fp, #-32]	; 0xffffffe0",benign, 608, 212, 10243, 2, 6852, 2692, 4, 567, 756, 0, 223, 54065, 550, 3, 7, 7806, 2, 383, 3, 32229, 10659, 21238, 0, 0, 30, 5348, 4906, 9638, 82, 0, 0, 19, 23, 35, 2, 53656, 45953, 48880, 1, 0, 0, 382,-
204,r0,17, 1055476, 1030,"  101af4:	e0822003 	add	r2, r2, r3",benign, 605, 188, 10254, 2, 6853, 2692, 1, 567, 756, 0, 223, 53663, 550, 3, 7, 7830, 2, 384, 3, 32747, 11258, 21254, 0, 0, 30, 5317, 4901, 9614, 82, 0, 0, 19, 21, 35, 2, 54065, 45874, 48785, 1, 0, 0, 403,-
205,r1,20, 1060417, 1033,"  102e40:	e51b3014 	ldr	r3, [fp, #-20]	; 0xffffffec",benign, 604, 211, 10243, 2, 6853, 2690, 1, 567, 756, 0, 221, 53412, 550, 3, 7, 7719, 2, 382, 3, 32039, 10509, 21269, 0, 0, 30, 5478, 5075, 9616, 81, 0, 0, 21, 22, 36, 2, 54009, 46463, 49632, 1, 0, 0, 380,-
206,r0,13, 1054890, 1034,"  1018a8:	e50b3010 	str	r3, [fp, #-16]",benign, 616, 188, 10255, 2, 6855, 2690, 4, 567, 756, 0, 221, 53609, 550, 3, 7, 8105, 2, 382, 3, 32393, 10944, 21233, 0, 0, 30, 5584, 4665, 9611, 82, 0, 0, 19, 22, 35, 2, 54175, 46098, 49137, 1, 0, 0, 382,-
207,r1,16, 1055761, 1033,"  101c10:	e50b300c 	str	r3, [fp, #-12]",benign, 615, 211, 10233, 2, 6852, 2692, 1, 567, 756, 0, 223, 54212, 550, 3, 7, 7749, 2, 384, 3, 32097, 10649, 21262, 0, 0, 30, 5512, 4717, 9601, 80, 0, 0, 19, 21, 35, 2, 54208, 45887, 48959, 1, 0, 0, 530,-
208,r3,5, 1059313, 1037,"  1029f0:	e50b3010 	str	r3, [fp, #-16]",benign, 609, 189, 10223, 2, 6853, 2693, 1, 567, 756, 0, 218, 53570, 550, 3, 7, 8573, 3, 404, 3, 32475, 10960, 21214, 0, 0, 30, 5586, 4693, 9644, 82, 0, 0, 19, 24, 35, 2, 54413, 46062, 49078, 1, 0, 0, 382,-
209,r3,18, 1054323, 1032,"  101670:	e50b301c 	str	r3, [fp, #-28]	; 0xffffffe4",benign, 612, 188, 10223, 2, 6855, 2692, 1, 567, 756, 0, 220, 53933, 550, 3, 7, 8212, 2, 383, 3, 32114, 10594, 21250, 0, 0, 30, 5566, 4646, 9619, 86, 0, 0, 19, 22, 35, 2, 53938, 45906, 48923, 1, 0, 0, 402,-
210,r1,21, 1061382, 1029,"  103204:	e51b3010 	ldr	r3, [fp, #-16]",benign, 609, 189, 10236, 2, 6853, 2692, 4, 567, 756, 0, 222, 53332, 550, 3, 7, 7764, 2, 384, 3, 32273, 10725, 21281, 0, 0, 30, 5533, 4720, 9614, 82, 0, 0, 19, 22, 35, 2, 54349, 46154, 49388, 1, 0, 0, 402,-
211,r0,24, 1051625, 1039,"  100be8:	e50b3020 	str	r3, [fp, #-32]	; 0xffffffe0",benign, 608, 188, 10239, 2, 6847, 2690, 1, 567, 756, 0, 220, 54045, 550, 3, 7, 7629, 2, 541, 3, 32047, 10489, 21230, 0, 0, 30, 5344, 4906, 9618, 81, 0, 0, 19, 21, 35, 2, 54598, 46014, 49032, 1, 0, 0, 402,-
212,r1,18, 1051884, 1030,"  100cec:	e51b3010 	ldr	r3, [fp, #-16]",benign, 612, 189, 10252, 2, 6856, 2692, 1, 567, 756, 0, 226, 53740, 550, 3, 7, 8196, 2, 383, 3, 32146, 10679, 21271, 0, 0, 30, 5326, 4906, 9625, 83, 0, 0, 19, 24, 35, 2, 54412, 46123, 49156, 1, 0, 0, 403,-
213,r0,6, 1054296, 1033,"  101658:	e0822003 	add	r2, r2, r3",benign, 615, 190, 10253, 2, 6858, 2692, 1, 567, 756, 0, 219, 54030, 550, 3, 7, 7726, 2, 382, 3, 32157, 10651, 21252, 0, 0, 30, 5510, 4711, 9609, 82, 0, 0, 19, 23, 35, 2, 54512, 46414, 49674, 1, 0, 0, 379,-
214,r1,19, 1055884, 1030,"  101c8c:	e51b3018 	ldr	r3, [fp, #-24]	; 0xffffffe8",benign, 621, 189, 10232, 2, 6854, 2691, 1, 567, 756, 0, 220, 54224, 550, 3, 7, 8278, 2, 384, 3, 32579, 10974, 21226, 0, 0, 30, 5334, 4890, 9613, 86, 0, 0, 19, 22, 35, 2, 54570, 45904, 48959, 1, 0, 0, 382,-
215,r2,3, 1055212, 1030,"  1019ec:	e50b3010 	str	r3, [fp, #-16]",benign, 607, 211, 10243, 2, 6852, 2694, 1, 567, 756, 0, 221, 53823, 550, 3, 7, 8349, 2, 384, 3, 32002, 10473, 21205, 0, 0, 30, 5584, 4658, 9630, 84, 0, 0, 22, 23, 37, 2, 53652, 45818, 48824, 1, 0, 0, 402,-
216,r2,16, 1055180, 1032,"  1019cc:	e51b3018 	ldr	r3, [fp, #-24]	; 0xffffffe8",benign, 620, 189, 10242, 2, 6856, 2693, 1, 567, 756, 0, 221, 53657, 550, 3, 7, 8291, 3, 405, 3, 32184, 10774, 21249, 0, 0, 30, 5578, 4655, 9602, 78, 0, 0, 18, 21, 34, 2, 53852, 46157, 49130, 1, 0, 0, 382,-
217,r2,27, 1059321, 1029,"  1029f8:	e50b300c 	str	r3, [fp, #-12]",benign, 604, 190, 10243, 2, 6858, 2693, 1, 567, 756, 0, 223, 53465, 550, 3, 7, 8103, 3, 405, 3, 32231, 10720, 21256, 0, 0, 30, 5527, 4709, 9615, 83, 0, 0, 19, 21, 35, 2, 54000, 46055, 49082, 1, 0, 0, 381,-
218,r1,7, 1058971, 1029,"  102898:	e50b3018 	str	r3, [fp, #-24]	; 0xffffffe8",benign, 616, 189, 10255, 2, 6860, 2693, 1, 567, 756, 0, 220, 54152, 550, 3, 7, 8262, 2, 383, 3, 32103, 10535, 21223, 0, 0, 30, 5279, 4991, 9628, 80, 0, 0, 19, 24, 35, 2, 54562, 46498, 49685, 1, 0, 0, 381,-
219,r2,23, 1060264, 1035,"  102da8:	e50b3018 	str	r3, [fp, #-24]	; 0xffffffe8",benign, 619, 190, 10238, 2, 6848, 2692, 1, 567, 756, 0, 227, 53656, 550, 3, 7, 7832, 2, 383, 3, 32206, 10582, 21192, 0, 0, 30, 5573, 4656, 9606, 79, 0, 0, 18, 22, 34, 2, 54107, 46087, 49129, 1, 0, 0, 382,-
220,r2,0, 1060102, 1032,"  102d04:	e51b3018 	ldr	r3, [fp, #-24]	; 0xffffffe8",benign, 612, 210, 10252, 2, 6854, 2690, 1, 567, 756, 0, 224, 54170, 550, 3, 7, 8100, 2, 383, 3, 31972, 10511, 21238, 0, 0, 30, 5577, 4654, 9619, 81, 0, 0, 19, 23, 35, 2, 53999, 46176, 49229, 1, 0, 0, 380,-
221,r2,11, 1059743, 1030,"  102b9c:	e51b300c 	ldr	r3, [fp, #-12]",benign, 605, 211, 10232, 2, 6849, 2694, 1, 567, 756, 0, 225, 53546, 550, 3, 7, 7709, 2, 382, 3, 32732, 11163, 21240, 0, 0, 30, 5368, 4864, 9627, 83, 0, 0, 18, 23, 34, 2, 54251, 46004, 49044, 1, 0, 0, 381,-
222,r2,23, 1060809, 1031,"  102fc8:	e5932014 	ldr	r2, [r3, #20]",benign, 605, 187, 10251, 2, 6861, 2692, 1, 567, 756, 0, 218, 53472, 550, 3, 7, 7743, 2, 381, 3, 32683, 11106, 21239, 0, 0, 30, 5290, 4929, 9621, 81, 0, 0, 19, 23, 35, 2, 54545, 46023, 49016, 1, 0, 0, 379,-
223,r1,25, 1053031, 1030,"  101164:	e1813003 	orr	r3, r1, r3",benign, 602, 189, 10257, 2, 6860, 2692, 1, 567, 756, 0, 231, 53883, 550, 3, 7, 7678, 2, 382, 3, 32473, 11001, 21208, 0, 0, 30, 5346, 4923, 9624, 82, 0, 0, 19, 23, 35, 2, 54648, 46344, 49408, 1, 0, 0, 380,-
224,r0,16, 1056578, 1034,"  101f40:	e50b301c 	str	r3, [fp, #-28]	; 0xffffffe4",benign, 605, 188, 10234, 2, 6849, 2690, 1, 567, 756, 0, 224, 53455, 550, 3, 7, 8278, 2, 382, 3, 32240, 10770, 21234, 0, 0, 30, 5109, 5119, 9636, 83, 0, 0, 21, 24, 36, 2, 54338, 45849, 48828, 1, 0, 0, 380,-
225,r2,19, 1051522, 1031,"  100b80:	e50b3018 	str	r3, [fp, #-24]	; 0xffffffe8",benign, 608, 187, 10234, 2, 6846, 2690, 1, 567, 756, 0, 222, 53515, 550, 3, 7, 8034, 2, 383, 3, 32392, 10888, 21250, 0, 0, 30, 5300, 4922, 9620, 80, 0, 0, 18, 21, 34, 2, 53869, 46331, 49278, 1, 0, 0, 403,-
226,r2,1, 1051236, 1033,"  100a64:	e50b3008 	str	r3, [fp, #-8]",benign, 622, 189, 10226, 2, 6854, 2690, 1, 567, 756, 0, 225, 54055, 550, 3, 7, 7947, 2, 384, 3, 31830, 10350, 21232, 0, 0, 30, 5566, 4660, 9608, 82, 0, 0, 18, 23, 34, 2, 54047, 46235, 49270, 1, 0, 0, 403,-
227,r1,6, 1055547, 1034,"  101b38:	e50b300c 	str	r3, [fp, #-12]",benign, 618, 210, 10245, 2, 6852, 2693, 1, 567, 756, 0, 224, 54045, 550, 3, 7, 7798, 2, 382, 3, 32349, 10924, 21256, 0, 0, 30, 5369, 4864, 9621, 83, 0, 0, 18, 21, 34, 2, 54363, 45990, 49007, 1, 0, 0, 382,-
228,r3,0, 1057136, 1036,"  102170:	e0011003 	and	r1, r1, r3",benign, 616, 190, 10243, 2, 6855, 2691, 1, 567, 756, 0, 224, 53532, 550, 3, 7, 7945, 3, 404, 3, 32435, 11010, 21235, 0, 0, 30, 5362, 4868, 9622, 80, 0, 0, 19, 22, 35, 2, 53841, 46520, 49652, 1, 0, 0, 381,-
229,r2,22, 1056124, 1031,"  101d7c:	e1a02de3 	ror	r2, r3, #27",benign, 614, 189, 10241, 2, 6852, 2690, 1, 567, 756, 0, 220, 53265, 550, 3, 7, 7905, 3, 405, 3, 32435, 10925, 21276, 0, 0, 30, 5364, 4876, 9617, 80, 0, 0, 19, 23, 35, 2, 54251, 45953, 49014, 1, 0, 0, 381,-
230,r3,30, 1057873, 1033,"  102450:	e1811003 	orr	r1, r1, r3",benign, 606, 190, 10236, 2, 6862, 2696, 1, 567, 756, 0, 223, 53361, 550, 3, 7, 8437, 2, 384, 3, 32260, 10726, 21195, 0, 0, 30, 5361, 4876, 9614, 80, 0, 0, 18, 23, 34, 2, 54531, 46466, 49576, 1, 0, 0, 403,-
231,r0,24, 1060247, 1029,"  102d94:	e0823003 	add	r3, r2, r3",benign, 618, 189, 10251, 2, 6853, 2693, 1, 567, 756, 0, 220, 53819, 550, 3, 7, 7584, 2, 383, 3, 32071, 10522, 21208, 0, 0, 30, 5374, 4841, 9617, 83, 0, 0, 22, 22, 37, 2, 54358, 46373, 49418, 1, 0, 0, 381,-
232,r3,4, 1055685, 1036,"  101bc4:	e0822003 	add	r2, r2, r3",benign, 610, 189, 10242, 2, 6852, 2693, 1, 567, 756, 0, 222, 53622, 550, 3, 7, 7902, 3, 404, 3, 32629, 11186, 21276, 0, 0, 30, 5393, 4873, 9633, 84, 0, 0, 22, 24, 37, 2, 54161, 45942, 48971, 1, 0, 0, 402,-
233,r2,15, 1061160, 1032,"  103128:	e51b0018 	ldr	r0, [fp, #-24]	; 0xffffffe8",benign, 610, 188, 10236, 2, 6854, 2695, 1, 567, 756, 0, 216, 53639, 550, 3, 7, 7669, 3, 406, 3, 32827, 11245, 21263, 0, 0, 30, 5523, 4703, 9624, 82, 0, 0, 19, 22, 35, 2, 54577, 46061, 49107, 1, 0, 0, 379,-
234,r0,1, 1053859, 1029,"  1014a0:	e0822003 	add	r2, r2, r3",benign, 601, 211, 10246, 2, 6853, 2691, 1, 567, 756, 0, 226, 53951, 550, 3, 7, 7986, 2, 382, 3, 32197, 10738, 21250, 0, 0, 30, 5326, 4913, 9619, 81, 0, 0, 21, 24, 36, 2, 54055, 46401, 49606, 1, 0, 0, 382,-
235,r3,18, 1058068, 1037,"  102514:	e51b3014 	ldr	r3, [fp, #-20]	; 0xffffffec",benign, 607, 189, 10232, 2, 6853, 2694, 1, 567, 756, 0, 216, 53680, 550, 3, 7, 7735, 2, 382, 3, 32093, 10565, 21245, 0, 0, 30, 5522, 4719, 9617, 81, 0, 0, 18, 22, 34, 2, 53982, 45784, 48743, 1, 0, 0, 403,-
236,r3,16, 1059818, 1030,"  102be8:	e50b3020 	str	r3, [fp, #-32]	; 0xffffffe0",benign, 607, 189, 10244, 2, 6852, 2694, 1, 567, 756, 0, 218, 53387, 550, 3, 7, 7709, 2, 382, 3, 32170, 10738, 21264, 0, 0, 30, 5361, 4879, 9614, 82, 0, 0, 19, 22, 35, 2, 53921, 46265, 49450, 1, 0, 0, 381,-
237,r3,27, 1060735, 1029,"  102f7c:	e34c33d2 	movt	r3, #50130	; 0xc3d2",benign, 601, 189, 10238, 2, 6849, 2691, 1, 567, 756, 0, 214, 53554, 550, 3, 7, 7969, 3, 405, 3, 32127, 10642, 21259, 0, 0, 30, 5544, 4713, 9610, 81, 0, 0, 19, 22, 35, 2, 54390, 46424, 49419, 1, 0, 0, 402,-
238,r3,8, 1059708, 1032,"  102b7c:	e50b3020 	str	r3, [fp, #-32]	; 0xffffffe0",benign, 609, 188, 10244, 2, 6855, 2690, 1, 567, 756, 0, 221, 53680, 550, 3, 7, 7969, 2, 384, 3, 32178, 10648, 21271, 0, 0, 30, 5363, 4872, 9623, 82, 0, 0, 18, 22, 34, 2, 53762, 46429, 49559, 1, 0, 0, 402,-
239,r2,30, 1052075, 1034,"  100da8:	e0822003 	add	r2, r2, r3",benign, 605, 189, 10247, 2, 6846, 2689, 1, 567, 756, 0, 220, 53685, 550, 3, 7, 7843, 2, 382, 3, 32568, 10988, 21244, 0, 0, 30, 5288, 4981, 9630, 82, 0, 0, 18, 22, 34, 2, 54063, 45853, 48900, 1, 0, 0, 379,-
240,r0,7, 1053086, 1039,"  10119c:	e51b3010 	ldr	r3, [fp, #-16]",benign, 608, 190, 10237, 2, 6846, 2689, 1, 567, 756, 0, 214, 53756, 550, 3, 7, 8294, 2, 383, 3, 31875, 10357, 21230, 0, 0, 30, 5524, 4698, 9601, 80, 0, 0, 19, 22, 35, 2, 54336, 46122, 49086, 1, 0, 0, 404,-
241,r1,31, 1051401, 1031,"  100b08:	e50b3018 	str	r3, [fp, #-24]	; 0xffffffe8",benign, 610, 188, 10242, 2, 6849, 2689, 1, 567, 756, 0, 215, 53810, 550, 3, 7, 8087, 2, 383, 3, 32354, 10854, 21264, 0, 0, 30, 5568, 4647, 9627, 82, 0, 0, 21, 24, 36, 2, 53769, 46223, 49239, 1, 0, 0, 382,-
242,r1,22, 1055576, 1033,"  101b58:	e0822003 	add	r2, r2, r3",benign, 628, 189, 10239, 2, 6848, 2690, 1, 567, 756, 0, 220, 53396, 550, 3, 7, 7754, 2, 383, 3, 32230, 10699, 21212, 0, 0, 30, 5325, 4898, 9612, 84, 0, 0, 18, 22, 34, 2, 53742, 46174, 49193, 1, 0, 0, 382,-
243,r3,13, 1054292, 1034,"  101654:	e51b30fc 	ldr	r3, [fp, #-252]	; 0xffffff04",benign, 611, 189, 10241, 2, 6851, 2692, 1, 567, 756, 0, 226, 54269, 550, 3, 7, 7954, 2, 383, 3, 32302, 10784, 21233, 0, 0, 30, 5593, 4651, 9622, 82, 0, 0, 19, 23, 35, 2, 53965, 46395, 49460, 1, 0, 0, 380,-
244,r1,0, 1058786, 1036,"  1027e0:	e51b300c 	ldr	r3, [fp, #-12]",benign, 602, 188, 10244, 2, 6852, 2691, 1, 567, 756, 0, 215, 53916, 550, 3, 7, 7964, 2, 381, 3, 31836, 10358, 21232, 0, 0, 30, 5530, 4723, 9624, 85, 0, 0, 19, 22, 35, 2, 54130, 45919, 48932, 1, 0, 0, 403,-
245,r0,8, 1053322, 1035,"  101288:	e50b3018 	str	r3, [fp, #-24]	; 0xffffffe8",benign, 606, 210, 10247, 2, 6852, 2693, 1, 567, 756, 0, 218, 53431, 550, 3, 7, 7784, 2, 382, 3, 32908, 11394, 21271, 0, 0, 30, 5526, 5119, 9626, 83, 0, 0, 18, 22, 34, 2, 54587, 46309, 49293, 1, 0, 0, 380,-
246,r2,23, 1055406, 1031,"  101aac:	e51b3014 	ldr	r3, [fp, #-20]	; 0xffffffec",benign, 605, 189, 10242, 2, 6853, 2691, 1, 567, 756, 0, 219, 53403, 550, 3, 7, 7956, 2, 384, 3, 32733, 11321, 21267, 0, 0, 30, 5513, 4733, 9633, 83, 0, 0, 18, 23, 34, 2, 54255, 46474, 49492, 1, 0, 0, 380,-
247,r2,17, 1060448, 1030,"  102e60:	e0822003 	add	r2, r2, r3",benign, 613, 190, 10248, 2, 6856, 2691, 1, 567, 756, 0, 217, 53904, 550, 3, 7, 8320, 3, 405, 3, 32214, 10572, 21217, 0, 0, 30, 5300, 4933, 9620, 81, 0, 0, 18, 23, 34, 2, 54002, 46154, 49169, 1, 0, 0, 379,-
248,r3,8, 1051378, 1036,"  100af0:	e3453a82 	movt	r3, #23170	; 0x5a82",benign, 600, 189, 10250, 2, 6853, 2690, 1, 567, 756, 0, 229, 53733, 550, 3, 7, 7875, 2, 382, 3, 31949, 10404, 21239, 0, 0, 30, 5341, 5048, 9605, 82, 0, 0, 21, 23, 36, 2, 53835, 46633, 49825, 1, 0, 0, 381,-
249,r0,19, 1055854, 1033,"  101c6c:	e50b3014 	str	r3, [fp, #-20]	; 0xffffffec",benign, 602, 212, 10231, 2, 6855, 2694, 1, 567, 756, 0, 220, 54029, 550, 3, 7, 7746, 3, 404, 3, 32084, 10560, 21224, 0, 0, 30, 5518, 4716, 9615, 79, 0, 0, 19, 23, 35, 2, 53685, 46073, 49134, 1, 0, 0, 402,-
250,r1,18, 1052852, 1035,"  1010b4:	e50b3014 	str	r3, [fp, #-20]	; 0xffffffec",benign, 609, 188, 10235, 2, 6857, 2694, 1, 567, 756, 0, 216, 53686, 550, 3, 7, 8096, 3, 405, 3, 32080, 10501, 21220, 0, 0, 30, 5572, 4643, 9611, 80, 0, 0, 21, 23, 36, 2, 54609, 45890, 48929, 1, 0, 0, 382,-
251,r3,20, 1056284, 1031,"  101e1c:	e1813003 	orr	r3, r1, r3",benign, 606, 190, 10241, 2, 6851, 2692, 1, 567, 756, 0, 221, 54149, 550, 3, 7, 7849, 2, 382, 3, 32063, 10514, 21243, 0, 0, 30, 5535, 4710, 9616, 81, 0, 0, 19, 22, 35, 2, 54645, 45823, 48774, 1, 0, 0, 402,-
252,r1,31, 1060891, 1029,"  103018:	e51b3008 	ldr	r3, [fp, #-8]",benign, 627, 188, 10239, 2, 6849, 2693, 1, 567, 756, 0, 225, 53314, 550, 3, 7, 7764, 2, 384, 3, 32156, 10682, 21235, 0, 0, 30, 5534, 4704, 9623, 80, 0, 0, 18, 22, 34, 2, 53843, 45993, 48948, 1, 0, 0, 381,-
253,r3,15, 1054013, 1033,"  10153c:	e1a03163 	ror	r3, r3, #2",benign, 612, 212, 10249, 2, 6856, 2692, 1, 567, 756, 0, 228, 53718, 550, 3, 7, 7830, 2, 382, 3, 32759, 11225, 21185, 0, 0, 30, 5410, 4946, 9617, 80, 0, 0, 18, 22, 34, 2, 54553, 45937, 48980, 1, 0, 0, 379,-
254,r2,21, 1057759, 1028,"  1023dc:	e0011003 	and	r1, r1, r3",benign, 620, 189, 10242, 2, 6858, 2696, 1, 567, 756, 0, 221, 53407, 550, 3, 7, 7974, 2, 382, 3, 32272, 10719, 21219, 0, 0, 30, 5129, 5119, 9626, 82, 0, 0, 22, 25, 37, 2, 54032, 45991, 49039, 1, 0, 0, 546,-
255,r3,5, 1052147, 1029,"  100df0:	e51b3020 	ldr	r3, [fp, #-32]	; 0xffffffe0",benign, 606, 188, 10239, 2, 6858, 2695, 1, 567, 756, 0, 219, 53832, 550, 3, 7, 7949, 2, 384, 3, 32638, 11115, 21240, 0, 0, 30, 5560, 4670, 9620, 82, 0, 0, 19, 21, 35, 2, 53970, 46374, 49460, 1, 0, 0, 380,-
256,r1,13, 1058383, 1024,"  10264c:	e0822003 	add	r2, r2, r3",benign, 614, 187, 10235, 2, 6852, 2691, 4, 567, 756, 0, 226, 54121, 550, 3, 7, 7678, 2, 383, 3, 32272, 10736, 21231, 0, 0, 30, 5275, 4952, 9607, 81, 0, 0, 18, 23, 34, 2, 54373, 46052, 49122, 1, 0, 0, 381,-
257,r1,13, 1061152, 1024,"  103120:	e3a01000 	mov	r1, #0",benign, 611, 189, 10237, 2, 6862, 2695, 1, 567, 756, 0, 225, 53538, 550, 3, 7, 7708, 2, 382, 3, 32713, 11236, 21220, 0, 0, 30, 5329, 4917, 9609, 84, 0, 0, 19, 22, 35, 2, 53961, 46400, 49397, 1, 0, 0, 382,-
258,r0,9, 1051416, 1026,"  100b18:	e51b300c 	ldr	r3, [fp, #-12]",benign, 612, 187, 10248, 2, 6853, 2691, 4, 567, 756, 0, 225, 53536, 550, 3, 7, 7828, 3, 405, 3, 32187, 10728, 21275, 0, 0, 30, 5374, 4896, 9639, 80, 0, 0, 19, 22, 35, 2, 54651, 46463, 49654, 1, 0, 0, 380,-
259,r1,26, 1052394, 1023,"  100ee8:	e51b300c 	ldr	r3, [fp, #-12]",benign, 615, 189, 10238, 2, 6850, 2694, 1, 567, 756, 0, 229, 54265, 550, 3, 7, 7852, 2, 383, 3, 32603, 11068, 21242, 0, 0, 30, 5552, 4683, 9617, 82, 0, 0, 19, 22, 35, 2, 54475, 46487, 49501, 1, 0, 0, 381,-
260,r3,2, 1051252, 1022,"  100a74:	e51b3168 	ldr	r3, [fp, #-360]	; 0xfffffe98",benign, 614, 190, 10233, 2, 6851, 2691, 1, 567, 756, 0, 219, 53752, 550, 3, 7, 7889, 3, 405, 3, 32083, 10507, 21273, 0, 0, 30, 5517, 4702, 9617, 83, 0, 0, 18, 21, 34, 2, 54243, 45908, 48995, 1, 0, 0, 451,-
261,r0,22, 1051797, 1024,"  100c94:	e1a02de3 	ror	r2, r3, #27",benign, 609, 188, 10244, 2, 6849, 2692, 4, 567, 756, 0, 224, 54087, 550, 3, 7, 7844, 2, 382, 3, 32644, 11095, 21235, 0, 0, 30, 5323, 4910, 9614, 84, 0, 0, 18, 21, 34, 2, 54568, 46263, 49274, 1, 0, 0, 380,-
262,r3,14, 1054318, 1026,"  10166c:	e51b3018 	ldr	r3, [fp, #-24]	; 0xffffffe8",benign, 605, 190, 10244, 2, 6853, 2690, 1, 567, 756, 0, 225, 53411, 550, 3, 7, 8437, 2, 381, 3, 31890, 10390, 21207, 0, 0, 30, 5291, 4958, 9626, 83, 0, 0, 21, 23, 36, 2, 53770, 45996, 48973, 1, 0, 0, 382,-
263,r0,7, 1060604, 1023,"  102efc:	e583200c 	str	r2, [r3, #12]",benign, 611, 188, 10221, 2, 6847, 2692, 1, 567, 756, 0, 224, 53680, 550, 3, 7, 8346, 2, 383, 3, 32262, 10828, 21217, 0, 0, 30, 5371, 4891, 9619, 81, 0, 0, 22, 22, 37, 2, 53808, 45952, 48924, 1, 0, 0, 380,-
264,r0,2, 1054616, 1027,"  101798:	e51b30f0 	ldr	r3, [fp, #-240]	; 0xffffff10",benign, 612, 187, 10254, 2, 6857, 2691, 1, 567, 756, 0, 214, 54208, 550, 3, 7, 8173, 2, 383, 3, 32111, 10638, 21239, 0, 0, 30, 5372, 4859, 9619, 82, 0, 0, 19, 22, 35, 2, 53917, 46382, 49356, 1, 0, 0, 381,-
265,r0,23, 1060060, 1028,"  102cdc:	e50b3014 	str	r3, [fp, #-20]	; 0xffffffec",benign, 608, 198, 10231, 2, 6848, 2691, 1, 567, 756, 0, 217, 53315, 550, 3, 7, 8292, 3, 405, 3, 32093, 10568, 21226, 0, 0, 30, 5530, 4688, 9601, 81, 0, 0, 19, 22, 35, 2, 53721, 46274, 49352, 1, 0, 0, 381,-
266,r1,21, 1058538, 1028,"  1026e8:	e50b3018 	str	r3, [fp, #-24]	; 0xffffffe8",benign, 606, 189, 10247, 2, 6853, 2693, 1, 567, 756, 0, 216, 54075, 550, 3, 7, 7812, 3, 404, 3, 32667, 11169, 21240, 0, 0, 30, 5523, 4718, 9617, 80, 0, 0, 19, 23, 35, 2, 53910, 45944, 48892, 1, 0, 0, 382,-
267,r1,30, 1057393, 1029,"  102270:	e51b3018 	ldr	r3, [fp, #-24]	; 0xffffffe8",benign, 599, 187, 10250, 2, 6854, 2690, 4, 567, 756, 0, 226, 53437, 550, 3, 7, 8307, 2, 382, 3, 32746, 11194, 21224, 0, 0, 30, 5579, 4655, 9608, 81, 0, 0, 22, 23, 37, 2, 54688, 46159, 49166, 1, 0, 0, 403,-
268,r1,10, 1059285, 1028,"  1029d4:	e50b301c 	str	r3, [fp, #-28]	; 0xffffffe4",benign, 603, 190, 10247, 2, 6855, 2691, 1, 567, 756, 0, 220, 53594, 550, 3, 7, 7736, 2, 382, 3, 32515, 10998, 21236, 0, 0, 30, 5525, 4706, 9622, 81, 0, 0, 18, 23, 34, 2, 53997, 46117, 49111, 1, 0, 0, 382,-
269,r1,13, 1052991, 1032,"  10113c:	e50b300c 	str	r3, [fp, #-12]",benign, 608, 189, 10254, 2, 6858, 2693, 1, 567, 756, 0, 217, 54237, 550, 3, 7, 7750, 3, 405, 3, 32185, 10645, 21258, 0, 0, 30, 5370, 4882, 9628, 82, 0, 0, 18, 23, 34, 2, 54043, 46247, 49262, 1, 0, 0, 380,-
270,r1,13, 1058707, 1034,"  102790:	e0822003 	add	r2, r2, r3",benign, 608, 187, 10252, 2, 6859, 2693, 1, 567, 756, 0, 220, 53731, 550, 3, 7, 7734, 2, 381, 3, 31996, 10486, 21221, 0, 0, 30, 5339, 4899, 9608, 80, 0, 0, 18, 22, 34, 2, 53700, 46482, 49483, 1, 0, 0, 380,-
271,r1,23, 1057838, 1028,"  10242c:	e50b3014 	str	r3, [fp, #-20]	; 0xffffffec",benign, 602, 187, 10240, 2, 6851, 2693, 4, 567, 756, 0, 224, 53699, 550, 3, 7, 8506, 2, 383, 3, 32646, 11184, 21210, 0, 0, 30, 5517, 4735, 9622, 81, 0, 0, 18, 22, 34, 2, 53845, 46263, 49333, 1, 0, 0, 382,-
272,r2,4, 1058143, 1029,"  10255c:	e0033000 	and	r3, r3, r0",benign, 610, 188, 10250, 2, 6856, 2692, 1, 567, 756, 0, 224, 54292, 550, 3, 7, 8071, 2, 383, 3, 31921, 10408, 21240, 0, 0, 30, 5415, 4976, 9614, 80, 0, 0, 18, 22, 34, 2, 53745, 45981, 49015, 1, 0, 0, 381,-
273,r2,6, 1054058, 1027,"  101568:	e51b3018 	ldr	r3, [fp, #-24]	; 0xffffffe8",benign, 615, 189, 10245, 2, 6851, 2692, 1, 567, 756, 0, 216, 53841, 550, 3, 7, 7825, 2, 382, 3, 32681, 11168, 21234, 0, 0, 30, 5526, 4696, 9618, 83, 0, 0, 19, 22, 35, 2, 54586, 46170, 49118, 1, 0, 0, 382,-
274,r0,15, 1057614, 1028,"  10234c:	e1a02de3 	ror	r2, r3, #27",benign, 618, 211, 10231, 2, 6851, 2693, 4, 567, 756, 0, 223, 53811, 550, 3, 7, 7732, 2, 473, 3, 32026, 10476, 21212, 0, 0, 30, 5575, 4661, 9612, 82, 0, 0, 19, 22, 35, 2, 53972, 46301, 49379, 1, 0, 0, 380,-
275,r2,27, 1055712, 1028,"  101be0:	e0823003 	add	r3, r2, r3",benign, 614, 189, 10250, 2, 6859, 2692, 1, 567, 756, 0, 223, 53942, 550, 3, 7, 7849, 3, 405, 3, 32480, 10906, 21239, 0, 0, 30, 5512, 4713, 9605, 78, 0, 0, 19, 22, 35, 2, 54067, 46070, 49091, 1, 0, 0, 381,-
276,r0,8, 1052605, 1029,"  100fbc:	e51b3010 	ldr	r3, [fp, #-16]",benign, 609, 187, 10230, 2, 6846, 2691, 1, 567, 756, 0, 222, 53525, 550, 3, 7, 8171, 3, 404, 3, 32044, 10557, 21205, 0, 0, 30, 5112, 5115, 9627, 83, 0, 0, 19, 22, 35, 2, 54595, 45961, 48923, 1, 0, 0, 381,-
277,r0,26, 1051746, 1026,"  100c60:	e50b3020 	str	r3, [fp, #-32]	; 0xffffffe0",benign, 600, 187, 10240, 2, 6853, 2693, 1, 567, 756, 0, 222, 53745, 550, 3, 7, 7932, 2, 384, 3, 32191, 10736, 21259, 0, 0, 30, 5578, 4645, 9603, 83, 0, 0, 22, 23, 37, 2, 54179, 46184, 49132, 1, 0, 0, 403,-
278,r3,4, 1056068, 1027,"  101d44:	e0823003 	add	r3, r2, r3",benign, 608, 210, 10248, 2, 6853, 2695, 1, 567, 756, 0, 220, 54034, 550, 3, 7, 7993, 2, 382, 3, 32389, 10883, 21248, 0, 0, 30, 5344, 4906, 9625, 82, 0, 0, 19, 22, 35, 2, 54258, 46355, 49557, 1, 0, 0, 380,-
279,r1,23, 1056540, 1028,"  101f1c:	e51b301c 	ldr	r3, [fp, #-28]	; 0xffffffe4",benign, 606, 188, 10241, 2, 6849, 2689, 1, 567, 756, 0, 215, 53645, 550, 3, 7, 7662, 2, 382, 3, 32696, 11238, 21181, 0, 0, 30, 5510, 4713, 9604, 81, 0, 0, 19, 22, 35, 2, 54432, 45934, 49007, 1, 0, 0, 381,-
280,r1,22, 1058758, 1034,"  1027c4:	e51b3010 	ldr	r3, [fp, #-16]",benign, 599, 188, 10250, 2, 6857, 2691, 1, 567, 756, 0, 225, 53629, 550, 3, 7, 7713, 3, 405, 3, 32442, 10972, 21295, 0, 0, 30, 5522, 4724, 9624, 79, 0, 0, 19, 22, 35, 2, 54118, 46344, 49358, 1, 0, 0, 381,-
281,r0,6, 1052897, 1028,"  1010e0:	e1e00003 	mvn	r0, r3",benign, 614, 188, 10248, 2, 6860, 2694, 1, 567, 756, 0, 224, 53498, 550, 3, 7, 8001, 2, 383, 3, 32333, 10864, 21243, 0, 0, 30, 5341, 4903, 9615, 81, 0, 0, 19, 21, 35, 2, 54029, 46296, 49310, 1, 0, 0, 381,-
282,r3,1, 1052847, 1035,"  1010ac:	e51b3010 	ldr	r3, [fp, #-16]",benign, 611, 189, 10247, 2, 6854, 2691, 1, 567, 756, 0, 219, 53903, 550, 3, 7, 8325, 2, 382, 3, 31946, 10483, 21206, 0, 0, 30, 5274, 4953, 9618, 84, 0, 0, 19, 24, 35, 2, 53775, 45863, 48890, 1, 0, 0, 380,-
283,r0,29, 1053132, 1027,"  1011cc:	e51b3010 	ldr	r3, [fp, #-16]",benign, 608, 189, 10252, 2, 6849, 2690, 1, 567, 756, 0, 220, 53613, 550, 3, 7, 7712, 2, 382, 3, 31900, 10373, 21256, 0, 0, 30, 5331, 4888, 9623, 85, 0, 0, 18, 22, 34, 2, 54124, 46446, 49674, 1, 0, 0, 403,-
284,r2,21, 1052513, 1031,"  100f60:	e51b300c 	ldr	r3, [fp, #-12]",benign, 610, 188, 10233, 2, 6850, 2695, 1, 567, 756, 0, 219, 53392, 550, 3, 7, 7751, 2, 383, 3, 32695, 11137, 21240, 0, 0, 30, 5333, 4899, 9616, 81, 0, 0, 18, 22, 34, 2, 54495, 46543, 49490, 1, 0, 0, 380,-
285,r1,1, 1058072, 1026,"  102518:	e50b3018 	str	r3, [fp, #-24]	; 0xffffffe8",benign, 615, 190, 10241, 2, 6846, 2690, 4, 567, 756, 0, 228, 54122, 550, 3, 7, 7724, 2, 382, 3, 32191, 10567, 21236, 0, 0, 30, 5527, 4697, 9623, 81, 0, 0, 19, 22, 35, 2, 54210, 46337, 49451, 1, 0, 0, 381,-
286,r3,5, 1052428, 1029,"  100f0c:	e1813003 	orr	r3, r1, r3",benign, 617, 190, 10245, 2, 6858, 2693, 4, 567, 756, 0, 225, 54277, 550, 3, 7, 8118, 3, 405, 3, 32483, 10916, 21208, 0, 0, 30, 5373, 4871, 9611, 81, 0, 0, 19, 24, 35, 2, 54093, 46593, 49890, 1, 0, 0, 380,-
287,r0,27, 1052848, 1028,"  1010b0:	e1a03163 	ror	r3, r3, #2",benign, 610, 210, 10251, 2, 6853, 2692, 1, 567, 756, 0, 222, 53928, 550, 3, 7, 7779, 3, 404, 3, 31965, 10389, 21203, 0, 0, 30, 5348, 4886, 9603, 81, 0, 0, 18, 22, 34, 2, 53832, 46149, 49093, 1, 0, 0, 380,-
288,r2,30, 1057451, 1027,"  1022a8:	e51b3014 	ldr	r3, [fp, #-20]	; 0xffffffec",benign, 619, 189, 10250, 2, 6855, 2691, 1, 567, 756, 0, 219, 53373, 550, 3, 7, 7794, 3, 405, 3, 32468, 10938, 21230, 0, 0, 30, 5534, 4688, 9604, 81, 0, 0, 19, 23, 34, 2, 54242, 46181, 49144, 1, 0, 0, 380,-
289,r2,5, 1060136, 1025,"  102d28:	e0823003 	add	r3, r2, r3",benign, 605, 187, 10255, 2, 6856, 2691, 1, 567, 756, 0, 228, 53366, 550, 3, 7, 8094, 2, 382, 3, 32597, 11078, 21255, 0, 0, 30, 5328, 4894, 9614, 81, 0, 0, 19, 22, 35, 2, 53899, 45999, 48982, 1, 0, 0, 380,-
290,r1,30, 1052437, 1027,"  100f14:	e51b301c 	ldr	r3, [fp, #-28]	; 0xffffffe4",benign, 611, 211, 10239, 2, 6847, 2692, 1, 567, 756, 0, 221, 53379, 550, 3, 7, 7917, 3, 404, 3, 31890, 10466, 21245, 0, 0, 30, 5384, 4883, 9625, 82, 0, 0, 19, 22, 35, 2, 53861, 45848, 48842, 1, 0, 0, 502,-
291,r0,27, 1060297, 1025,"  102dc8:	e51b300c 	ldr	r3, [fp, #-12]",benign, 605, 189, 10241, 2, 6856, 2691, 1, 567, 756, 0, 227, 53564, 550, 3, 7, 7860, 2, 383, 3, 32559, 11055, 21250, 0, 0, 30, 5341, 4885, 9619, 84, 0, 0, 19, 22, 35, 2, 53697, 45864, 48864, 1, 0, 0, 403,-
292,r0,12, 1055832, 1025,"  101c58:	e50b301c 	str	r3, [fp, #-28]	; 0xffffffe4",benign, 608, 190, 10240, 2, 6848, 2693, 1, 567, 756, 0, 222, 53717, 550, 3, 7, 7778, 2, 383, 3, 32593, 11117, 21224, 0, 0, 30, 5587, 4663, 9632, 82, 0, 0, 18, 22, 34, 2, 53955, 45969, 49043, 1, 0, 0, 380,-
293,r1,18, 1059662, 1027,"  102b4c:	e51b3014 	ldr	r3, [fp, #-20]	; 0xffffffec",benign, 612, 190, 10239, 2, 6850, 2691, 1, 567, 756, 0, 218, 53726, 550, 3, 7, 8359, 2, 383, 3, 32066, 10590, 21222, 0, 0, 30, 5548, 4732, 9626, 83, 0, 0, 22, 23, 37, 2, 53913, 46040, 49017, 1, 0, 0, 402,-
294,r3,28, 1055698, 1031,"  101bd0:	e51b30c8 	ldr	r3, [fp, #-200]	; 0xffffff38",benign, 605, 210, 10233, 2, 6850, 2693, 1, 567, 756, 0, 233, 53685, 550, 3, 7, 7821, 2, 384, 3, 32121, 10656, 21252, 0, 0, 30, 5316, 4918, 9604, 80, 0, 0, 19, 23, 35, 2, 54203, 46059, 49123, 1, 0, 0, 379,-
295,r3,26, 1052961, 1023,"  101120:	e50b3018 	str	r3, [fp, #-24]	; 0xffffffe8",benign, 606, 189, 10242, 2, 6849, 2693, 1, 567, 756, 0, 221, 53718, 550, 3, 7, 8149, 2, 382, 3, 32205, 10471, 21234, 0, 0, 30, 5583, 4656, 9612, 82, 0, 0, 18, 23, 34, 2, 53928, 46089, 49049, 1, 0, 0, 381,-
296,r0,18, 1061439, 1027,"  10323c:	e1a00003 	mov	r0, r3",benign, 607, 188, 10230, 2, 6859, 2694, 1, 567, 756, 0, 221, 53684, 550, 3, 7, 7714, 2, 383, 3, 32019, 10535, 21204, 0, 0, 30, 5322, 4910, 9610, 82, 0, 0, 22, 23, 37, 2, 53793, 46008, 49023, 1, 0, 0, 381,-
297,r1,24, 1061430, 1029,"  103234:	e2433010 	sub	r3, r3, #16",benign, 604, 188, 10240, 2, 6847, 2692, 1, 567, 756, 0, 219, 53294, 550, 3, 7, 7775, 3, 404, 3, 31971, 10491, 21248, 0, 0, 30, 5593, 4677, 9612, 82, 0, 0, 19, 22, 35, 2, 54161, 46481, 49598, 1, 0, 0, 379,-
298,r0,30, 1053034, 1028,"  101168:	e0822003 	add	r2, r2, r3",benign, 618, 189, 10246, 2, 6855, 2694, 1, 567, 756, 0, 225, 53496, 550, 3, 7, 7717, 2, 416, 3, 32293, 10791, 21274, 0, 0, 30, 5522, 4710, 9620, 82, 0, 0, 18, 22, 34, 2, 54197, 46593, 49721, 1, 0, 0, 382,-
299,r2,3, 1057247, 1031,"  1021dc:	e51b1014 	ldr	r1, [fp, #-20]	; 0xffffffec",benign, 607, 187, 10248, 2, 6854, 2692, 1, 567, 756, 0, 224, 53366, 550, 3, 7, 7667, 2, 383, 3, 32167, 10661, 21256, 0, 0, 30, 5091, 5129, 9607, 79, 0, 0, 19, 24, 35, 2, 54323, 46024, 48989, 1, 0, 0, 381,-
300,r3,14, 1053423, 1028,"  1012ec:	e0823003 	add	r3, r2, r3",benign, 608, 190, 10250, 2, 6858, 2692, 1, 567, 756, 0, 219, 53341, 550, 3, 7, 7770, 2, 383, 3, 32339, 10846, 21308, 0, 0, 30, 5340, 5025, 9618, 84, 0, 0, 19, 22, 35, 2, 53988, 46421, 49461, 1, 0, 0, 380,-
301,r1,23, 1059656, 1032,"  102b48:	e51b1010 	ldr	r1, [fp, #-16]",benign, 602, 187, 10259, 2, 6857, 2693, 1, 567, 756, 0, 219, 54179, 550, 3, 7, 8540, 3, 405, 3, 32207, 10748, 21238, 0, 0, 30, 5523, 4723, 9619, 86, 0, 0, 18, 21, 34, 2, 54803, 45968, 49031, 1, 0, 0, 382,-
302,r3,17, 1054274, 1024,"  101640:	e51b3018 	ldr	r3, [fp, #-24]	; 0xffffffe8",benign, 604, 190, 10232, 2, 6855, 2697, 4, 567, 756, 0, 217, 53297, 550, 3, 7, 7765, 2, 384, 3, 32414, 10888, 21206, 0, 0, 30, 5356, 4871, 9621, 82, 0, 0, 19, 21, 35, 2, 54363, 46207, 49309, 1, 0, 0, 381,-
303,r0,30, 1054728, 1033,"  101808:	e0822003 	add	r2, r2, r3",benign, 614, 188, 10244, 2, 6850, 2692, 1, 567, 756, 0, 222, 53371, 550, 3, 7, 8038, 2, 381, 3, 32227, 10662, 21246, 0, 0, 30, 5515, 5016, 9607, 79, 0, 0, 19, 23, 35, 2, 53748, 46015, 48956, 1, 0, 0, 403,-
304,r1,17, 1053045, 1028,"  101174:	e51b3128 	ldr	r3, [fp, #-296]	; 0xfffffed8",benign, 607, 189, 10242, 2, 6851, 2692, 1, 567, 756, 0, 223, 53825, 550, 3, 7, 7699, 3, 406, 3, 32602, 11150, 21225, 0, 0, 30, 5569, 4650, 9615, 81, 0, 0, 22, 23, 37, 2, 54219, 46430, 49503, 1, 0, 0, 381,-
305,r0,24, 1051212, 1027,"  100a4c:	e1a03103 	lsl	r3, r3, #2",benign, 608, 189, 10249, 2, 6858, 2692, 1, 567, 756, 0, 213, 53584, 550, 3, 7, 8457, 2, 381, 3, 32306, 10787, 21216, 0, 0, 30, 5397, 4898, 9608, 80, 0, 0, 19, 22, 35, 2, 54239, 45932, 48945, 1, 0, 0, 380,-
306,r1,24, 1060568, 1026,"  102ed8:	e51b3014 	ldr	r3, [fp, #-20]	; 0xffffffec",benign, 607, 211, 10236, 2, 6850, 2692, 4, 567, 756, 0, 223, 54165, 550, 3, 7, 7857, 2, 382, 3, 32724, 11220, 21226, 0, 0, 30, 5363, 4888, 9621, 82, 0, 0, 22, 25, 37, 2, 53919, 46286, 49271, 1, 0, 0, 381,-
307,r2,16, 1051970, 1028,"  100d40:	e0822003 	add	r2, r2, r3",benign, 611, 190, 10229, 2, 6853, 2695, 4, 567, 756, 0, 227, 53433, 550, 3, 7, 7637, 2, 381, 3, 32092, 10582, 21231, 0, 0, 30, 5408, 4860, 9648, 83, 0, 0, 19, 22, 35, 2, 53719, 46029, 49054, 1, 0, 0, 380,-
308,r0,10, 1060985, 1027,"  103078:	caffffee 	bgt	103038 <sha_update+0x8c>",benign, 607, 210, 10228, 2, 6856, 2696, 4, 567, 756, 0, 224, 54183, 550, 3, 7, 7992, 2, 382, 3, 32263, 10678, 21218, 0, 0, 30, 5519, 4706, 9603, 81, 0, 0, 19, 22, 35, 2, 54228, 46460, 49384, 1, 0, 0, 380,-
309,r3,15, 1053709, 1030,"  10140c:	e50b300c 	str	r3, [fp, #-12]",benign, 608, 188, 10233, 2, 6854, 2693, 1, 567, 756, 0, 221, 53871, 550, 3, 7, 8478, 3, 404, 3, 32199, 10662, 21258, 0, 0, 30, 5358, 4905, 9620, 82, 0, 0, 19, 22, 35, 2, 54008, 45959, 48968, 1, 0, 0, 404,-
310,r2,12, 1059238, 1029,"  1029a4:	e51b3018 	ldr	r3, [fp, #-24]	; 0xffffffe8",benign, 613, 190, 10236, 2, 6843, 2692, 1, 567, 756, 0, 219, 53461, 550, 3, 7, 8223, 2, 383, 3, 32025, 10464, 21237, 0, 0, 30, 5516, 4692, 9593, 78, 0, 0, 19, 22, 35, 2, 53777, 46175, 49176, 1, 0, 0, 380,-
311,r3,2, 1053169, 1025,"  1011f0:	e0822003 	add	r2, r2, r3",benign, 609, 187, 10247, 2, 6854, 2693, 1, 567, 756, 0, 217, 53742, 550, 3, 7, 8461, 2, 384, 3, 32601, 11050, 21253, 0, 0, 30, 5266, 4980, 9616, 83, 0, 0, 19, 21, 35, 2, 54134, 45923, 48963, 1, 0, 0, 381,-
312,r1,16, 1053122, 1028,"  1011c0:	e51b1010 	ldr	r1, [fp, #-16]",benign, 631, 225, 10244, 2, 6855, 2693, 4, 567, 756, 0, 223, 53779, 550, 3, 7, 8522, 3, 405, 3, 32042, 10513, 21182, 0, 0, 30, 5520, 4714, 9615, 83, 0, 0, 18, 21, 34, 2, 53859, 45901, 48906, 1, 0, 0, 381,-
313,r2,21, 1056138, 1028,"  101d88:	e1811003 	orr	r1, r1, r3",benign, 611, 190, 10238, 2, 6845, 2690, 1, 567, 756, 0, 224, 53510, 550, 3, 7, 7759, 3, 406, 3, 31920, 10392, 21204, 0, 0, 30, 5574, 4685, 9618, 81, 0, 0, 22, 23, 37, 2, 54415, 45956, 48980, 1, 0, 0, 379,-
314,r0,17, 1061060, 1028,"  1030c4:	e50b300c 	str	r3, [fp, #-12]",benign, 613, 189, 10250, 2, 6855, 2694, 4, 567, 756, 0, 226, 53528, 550, 3, 7, 7879, 2, 382, 3, 32290, 10727, 21225, 0, 0, 30, 5374, 4875, 9629, 83, 0, 0, 18, 22, 34, 2, 53805, 45996, 49075, 1, 0, 0, 382,-
315,r3,14, 1055071, 1026,"  10195c:	e50b3020 	str	r3, [fp, #-32]	; 0xffffffe0",benign, 597, 188, 10237, 2, 6848, 2689, 1, 567, 756, 0, 226, 54209, 550, 3, 7, 7935, 3, 404, 3, 32611, 11075, 21226, 0, 0, 30, 5377, 4893, 9628, 85, 0, 0, 18, 22, 34, 2, 53993, 46384, 49373, 1, 0, 0, 381,-
316,r3,14, 1059418, 1026,"  102a58:	e51b300c 	ldr	r3, [fp, #-12]",benign, 624, 190, 10231, 2, 6847, 2693, 4, 567, 756, 0, 219, 53334, 550, 3, 7, 8396, 3, 404, 3, 32302, 10763, 21224, 0, 0, 30, 5337, 4898, 9615, 80, 0, 0, 22, 23, 37, 2, 54224, 45879, 48868, 1, 0, 0, 380,-
317,r3,8, 1052357, 1029,"  100ec4:	e51b3014 	ldr	r3, [fp, #-20]	; 0xffffffec",benign, 611, 187, 10239, 2, 6848, 2690, 1, 567, 756, 0, 219, 53759, 550, 3, 7, 7999, 3, 404, 3, 32782, 11232, 21220, 0, 0, 30, 5308, 4913, 9627, 81, 0, 0, 18, 22, 34, 2, 53827, 46075, 49168, 1, 0, 0, 527,-
318,r2,17, 1061470, 1029,"  10325c:	e1a00001 	mov	r0, r1",benign, 607, 188, 10246, 2, 6851, 2692, 1, 567, 756, 0, 223, 53694, 550, 3, 7, 7934, 2, 382, 3, 32687, 11203, 21261, 0, 0, 30, 5524, 4708, 9600, 78, 0, 0, 18, 22, 34, 2, 54571, 45959, 49004, 1, 0, 0, 381,-
319,r0,11, 1058906, 1027,"  102858:	e51b3014 	ldr	r3, [fp, #-20]	; 0xffffffec",benign, 603, 188, 10247, 2, 6855, 2690, 1, 567, 756, 0, 215, 53455, 550, 3, 7, 7807, 2, 382, 3, 32187, 10720, 21246, 0, 0, 30, 5545, 4719, 9627, 82, 0, 0, 19, 22, 35, 2, 54228, 45998, 49002, 1, 0, 0, 403,-
320,r1,31, 1054998, 1024,"  101914:	e50b3010 	str	r3, [fp, #-16]",benign, 610, 190, 10246, 2, 6846, 2692, 1, 567, 756, 0, 222, 53356, 550, 3, 7, 7779, 2, 383, 3, 32335, 10825, 21202, 0, 0, 30, 5345, 4905, 9616, 83, 0, 0, 19, 23, 35, 2, 54402, 46150, 49174, 1, 0, 0, 382,-
321,r2,31, 1057773, 1033,"  1023ec:	e1813003 	orr	r3, r1, r3",benign, 613, 211, 10241, 2, 6851, 2691, 1, 567, 756, 0, 229, 53478, 550, 3, 7, 7809, 2, 382, 3, 32028, 10518, 21273, 0, 0, 30, 5375, 4882, 9632, 83, 0, 0, 21, 23, 36, 2, 54490, 46198, 49192, 1, 0, 0, 381,-
322,r1,21, 1052888, 1027,"  1010d8:	e0011003 	and	r1, r1, r3",benign, 607, 189, 10250, 2, 6854, 2690, 1, 567, 756, 0, 219, 53363, 550, 3, 7, 8001, 2, 382, 3, 32480, 10991, 21251, 0, 0, 30, 5071, 5166, 9607, 81, 0, 0, 19, 22, 35, 2, 53978, 46393, 49430, 1, 0, 0, 380,-
323,r3,16, 1055217, 1027,"  1019f0:	e51b3020 	ldr	r3, [fp, #-32]	; 0xffffffe0",benign, 601, 189, 10232, 2, 6859, 2693, 1, 567, 756, 0, 220, 53707, 550, 3, 7, 7852, 2, 382, 3, 32105, 10626, 21271, 0, 0, 30, 5519, 4712, 9619, 79, 0, 0, 19, 22, 35, 2, 54523, 46599, 49727, 1, 0, 0, 402,-
324,r1,26, 1051846, 1026,"  100cc4:	e51b3150 	ldr	r3, [fp, #-336]	; 0xfffffeb0",benign, 609, 190, 10253, 2, 6849, 2691, 4, 567, 756, 0, 217, 53256, 550, 3, 7, 8393, 2, 382, 3, 32123, 10593, 21252, 0, 0, 30, 5360, 4865, 9618, 80, 0, 0, 19, 22, 35, 2, 54633, 46005, 49027, 1, 0, 0, 486,-
325,r0,30, 1053358, 1027,"  1012ac:	e1a02de3 	ror	r2, r3, #27",benign, 608, 188, 10252, 2, 6847, 2691, 1, 567, 756, 0, 217, 54055, 550, 3, 7, 7846, 2, 383, 3, 32611, 11079, 21225, 0, 0, 30, 5370, 4878, 9618, 81, 0, 0, 19, 22, 35, 2, 54449, 45888, 48951, 1, 0, 0, 381,-
326,r3,21, 1057793, 1030,"  102400:	e0822003 	add	r2, r2, r3",benign, 608, 189, 10231, 2, 6856, 2694, 1, 567, 756, 0, 226, 54262, 550, 3, 7, 7968, 2, 383, 3, 32319, 10774, 21206, 0, 0, 30, 5534, 4719, 9617, 84, 0, 0, 21, 23, 36, 2, 53859, 46166, 49169, 1, 0, 0, 402,-
327,r3,11, 1060480, 1028,"  102e80:	e50b3018 	str	r3, [fp, #-24]	; 0xffffffe8",benign, 613, 188, 10256, 2, 6855, 2692, 1, 567, 756, 0, 224, 54141, 550, 3, 7, 8195, 2, 382, 3, 32766, 11307, 21257, 0, 0, 30, 5360, 4876, 9619, 82, 0, 0, 19, 22, 35, 2, 54401, 46183, 49116, 1, 0, 0, 382,-
328,r1,17, 1059588, 1028,"  102b04:	e30c31d6 	movw	r3, #49622	; 0xc1d6",benign, 608, 190, 10242, 2, 6854, 2696, 1, 567, 756, 0, 220, 53615, 550, 3, 7, 8069, 2, 383, 3, 32692, 11172, 21252, 0, 0, 30, 5324, 4912, 9615, 83, 0, 0, 18, 22, 34, 2, 53747, 46327, 49327, 1, 0, 0, 381,-
329,r3,23, 1058716, 1024,"  10279c:	e51b3064 	ldr	r3, [fp, #-100]	; 0xffffff9c",benign, 606, 188, 10249, 2, 6850, 2691, 4, 567, 756, 0, 232, 54072, 550, 3, 7, 8557, 3, 405, 3, 32595, 11099, 21233, 0, 0, 30, 5363, 4869, 9633, 83, 0, 0, 19, 21, 35, 2, 54465, 46360, 49371, 1, 0, 0, 382,-
330,r3,23, 1059057, 1032,"  1028f0:	e0823003 	add	r3, r2, r3",benign, 617, 188, 10227, 2, 6851, 2696, 1, 567, 756, 0, 218, 53480, 550, 3, 7, 7928, 2, 383, 3, 32146, 10609, 21228, 0, 0, 30, 5570, 4660, 9619, 82, 0, 0, 19, 21, 35, 2, 54162, 45947, 48921, 1, 0, 0, 381,-
331,r3,18, 1058076, 1024,"  10251c:	e51b3010 	ldr	r3, [fp, #-16]",benign, 603, 190, 10239, 2, 6855, 2693, 1, 567, 756, 0, 227, 53780, 550, 3, 7, 8598, 2, 384, 3, 32405, 10832, 21238, 0, 0, 30, 5328, 4886, 9602, 80, 0, 0, 21, 23, 36, 2, 53612, 45987, 49007, 1, 0, 0, 380,-
332,r2,16, 1056307, 1032,"  101e30:	e0822003 	add	r2, r2, r3",benign, 605, 189, 10247, 2, 6852, 2694, 1, 567, 756, 0, 226, 54219, 550, 3, 7, 8532, 2, 383, 3, 32115, 10481, 21238, 0, 0, 30, 5552, 4662, 9611, 79, 0, 0, 18, 22, 34, 2, 54298, 45780, 48777, 1, 0, 0, 403,-
333,r2,7, 1056225, 1030,"  101de0:	e50b3014 	str	r3, [fp, #-20]	; 0xffffffec",benign, 614, 189, 10243, 2, 6846, 2691, 1, 567, 756, 0, 222, 53407, 550, 3, 7, 7640, 2, 382, 3, 32486, 10943, 21227, 0, 0, 30, 5575, 4672, 9627, 82, 0, 0, 22, 23, 37, 2, 54628, 45911, 48879, 1, 0, 0, 380,-
334,r0,11, 1060065, 1026,"  102ce0:	e51b300c 	ldr	r3, [fp, #-12]",benign, 613, 190, 10250, 2, 6854, 2689, 1, 567, 756, 0, 218, 53321, 550, 3, 7, 7896, 2, 382, 3, 32304, 10758, 21206, 0, 0, 30, 5391, 4869, 9632, 85, 0, 0, 19, 22, 35, 2, 54161, 46404, 49506, 1, 0, 0, 380,-
335,r3,7, 1060270, 1030,"  102dac:	e51b3010 	ldr	r3, [fp, #-16]",benign, 603, 211, 10244, 2, 6852, 2691, 1, 567, 756, 0, 219, 53772, 550, 3, 7, 7774, 2, 384, 3, 31991, 10505, 21216, 0, 0, 30, 5580, 4641, 9602, 80, 0, 0, 22, 25, 37, 2, 53845, 46148, 49155, 1, 0, 0, 381,-
336,r0,20, 1059606, 1028,"  102b14:	e51b3018 	ldr	r3, [fp, #-24]	; 0xffffffe8",benign, 606, 210, 10230, 2, 6855, 2693, 1, 567, 756, 0, 219, 53403, 550, 3, 7, 8382, 2, 381, 3, 32240, 10719, 21240, 0, 0, 30, 5510, 4721, 9615, 78, 0, 0, 22, 23, 37, 2, 54260, 46420, 49529, 1, 0, 0, 381,-
337,r3,28, 1056472, 1029,"  101ed8:	e50b3014 	str	r3, [fp, #-20]	; 0xffffffec",benign, 610, 189, 10216, 2, 6853, 2692, 1, 567, 756, 0, 220, 53827, 550, 3, 7, 8069, 2, 384, 3, 31916, 10435, 21206, 0, 0, 30, 5570, 4663, 9604, 80, 0, 0, 19, 22, 35, 2, 53882, 46093, 49141, 1, 0, 0, 380,-
338,r0,3, 1057730, 1028,"  1023c0:	e50b300c 	str	r3, [fp, #-12]",benign, 604, 189, 10250, 2, 6851, 2692, 1, 567, 756, 0, 224, 53362, 550, 3, 7, 8327, 3, 405, 3, 32431, 10903, 21218, 0, 0, 30, 5526, 4711, 9613, 83, 0, 0, 19, 22, 35, 2, 54628, 45942, 48946, 1, 0, 0, 380,-
339,r2,30, 1060188, 1029,"  102d5c:	e51b300c 	ldr	r3, [fp, #-12]",benign, 607, 188, 10250, 2, 6854, 2693, 1, 567, 756, 0, 215, 53541, 550, 3, 7, 7945, 2, 382, 3, 32779, 11178, 21271, 0, 0, 30, 5536, 4696, 9614, 83, 0, 0, 19, 22, 35, 2, 53967, 46450, 49714, 1, 0, 0, 380,-
340,r2,13, 1052304, 1033,"  100e90:	e0033000 	and	r3, r3, r0",benign, 606, 188, 10253, 2, 6853, 2693, 1, 567, 756, 0, 217, 53516, 550, 3, 7, 8459, 2, 384, 3, 32003, 10536, 21252, 0, 0, 30, 5347, 4873, 9614, 81, 0, 0, 19, 21, 35, 2, 53900, 45880, 48966, 1, 0, 0, 380,-
341,r0,19, 1058524, 1031,"  1026dc:	e51b3018 	ldr	r3, [fp, #-24]	; 0xffffffe8",benign, 615, 211, 10245, 2, 6857, 2693, 1, 567, 756, 0, 223, 53881, 550, 3, 7, 8037, 2, 384, 3, 32003, 10486, 21287, 0, 0, 30, 5099, 5135, 9627, 84, 0, 0, 19, 23, 35, 2, 53848, 46176, 49165, 1, 0, 0, 380,-
342,r0,23, 1059705, 1029,"  102b78:	e0823003 	add	r3, r2, r3",benign, 599, 189, 10235, 2, 6844, 2693, 1, 567, 756, 0, 221, 53325, 550, 3, 7, 7689, 2, 382, 3, 32668, 11242, 21240, 0, 0, 30, 5275, 4974, 9616, 83, 0, 0, 21, 22, 36, 2, 53733, 46299, 49270, 1, 0, 0, 379,-
343,r1,25, 1053179, 1038,"  1011f8:	e3453a82 	movt	r3, #23170	; 0x5a82",benign, 617, 189, 10245, 2, 6851, 2692, 4, 567, 756, 0, 222, 53536, 550, 3, 7, 7883, 3, 404, 3, 32043, 10522, 21241, 0, 0, 30, 5526, 4729, 9612, 79, 0, 0, 19, 22, 35, 2, 54622, 46255, 49293, 1, 0, 0, 382,-
344,r2,24, 1058369, 1028,"  102640:	e0211003 	eor	r1, r1, r3",benign, 606, 188, 10234, 2, 6842, 2691, 1, 567, 756, 0, 222, 54159, 550, 3, 7, 8508, 2, 382, 3, 31962, 10392, 21281, 0, 0, 30, 5376, 4868, 9625, 81, 0, 0, 19, 24, 35, 2, 54042, 46487, 49613, 1, 0, 0, 381,-
345,r1,30, 1054793, 1025,"  101848:	e51b300c 	ldr	r3, [fp, #-12]",benign, 603, 211, 10229, 2, 6854, 2696, 1, 567, 756, 0, 223, 53309, 550, 3, 7, 7782, 2, 383, 3, 32253, 10815, 21222, 0, 0, 30, 5350, 4905, 9625, 80, 0, 0, 19, 23, 35, 2, 53851, 45995, 49002, 1, 0, 0, 404,-
346,r3,22, 1051280, 1025,"  100a90:	e5933008 	ldr	r3, [r3, #8]",benign, 608, 190, 10252, 2, 6855, 2692, 4, 567, 756, 0, 231, 53379, 550, 3, 7, 8021, 2, 383, 3, 32383, 10850, 21188, 0, 0, 30, 5536, 4738, 9622, 84, 0, 0, 19, 21, 35, 2, 53716, 45915, 48949, 1, 0, 0, 382,-
347,r0,29, 1059060, 1025,"  1028f4:	e50b3020 	str	r3, [fp, #-32]	; 0xffffffe0",benign, 602, 187, 10242, 2, 6852, 2692, 1, 567, 756, 0, 226, 53432, 550, 3, 7, 7856, 2, 383, 3, 31971, 10469, 21217, 0, 0, 30, 5321, 4915, 9609, 80, 0, 0, 18, 21, 34, 2, 54422, 46259, 49313, 1, 0, 0, 402,-
348,r3,15, 1053429, 1037,"  1012f4:	e51b3018 	ldr	r3, [fp, #-24]	; 0xffffffe8",benign, 609, 188, 10240, 2, 6848, 2691, 4, 567, 756, 0, 228, 53840, 550, 3, 7, 8315, 3, 405, 3, 32719, 11138, 21226, 0, 0, 30, 5530, 4702, 9610, 81, 0, 0, 19, 22, 35, 2, 53981, 45962, 48924, 1, 0, 0, 381,-
349,r3,28, 1061343, 1029,"  1031dc:	e2433004 	sub	r3, r3, #4",benign, 606, 187, 10227, 2, 6854, 2694, 1, 567, 756, 0, 228, 54245, 550, 3, 7, 7690, 3, 406, 3, 32038, 10467, 21228, 0, 0, 30, 5541, 4681, 9625, 83, 0, 0, 19, 22, 35, 2, 53887, 46147, 49108, 1, 0, 0, 381,-
350,r2,11, 1058373, 1029,"  102644:	e51b3018 	ldr	r3, [fp, #-24]	; 0xffffffe8",benign, 620, 189, 10252, 2, 6857, 2693, 4, 567, 756, 0, 223, 53416, 550, 3, 7, 7745, 2, 383, 3, 31922, 10325, 21201, 0, 0, 30, 5591, 4636, 9617, 80, 0, 0, 19, 23, 35, 2, 54136, 46390, 49409, 1, 0, 0, 403,-
351,r0,19, 1057425, 1025,"  102290:	e30b3cdc 	movw	r3, #48348	; 0xbcdc",benign, 603, 212, 10234, 2, 6851, 2693, 1, 567, 756, 0, 222, 53681, 550, 3, 7, 7595, 2, 383, 3, 32105, 10531, 21226, 0, 0, 30, 5587, 4630, 9626, 82, 0, 0, 19, 22, 35, 2, 54332, 45918, 48949, 1, 0, 0, 404,-
352,r0,31, 1058738, 1029,"  1027b0:	e50b3020 	str	r3, [fp, #-32]	; 0xffffffe0",benign, 603, 188, 10253, 2, 6854, 2691, 1, 567, 756, 0, 227, 53694, 550, 3, 7, 7850, 2, 382, 3, 32265, 10677, 21246, 0, 0, 30, 5355, 4893, 9610, 80, 0, 0, 19, 23, 35, 2, 53878, 46202, 49197, 1, 0, 0, 381,-
353,r0,0, 1059264, 1029,"  1029c0:	e30c31d6 	movw	r3, #49622	; 0xc1d6",benign, 604, 189, 10218, 2, 6844, 2694, 1, 567, 756, 0, 221, 54218, 550, 3, 7, 7631, 3, 405, 3, 32262, 10764, 21249, 0, 0, 30, 5342, 4886, 9608, 81, 0, 0, 19, 21, 35, 2, 53811, 46340, 49344, 1, 0, 0, 382,-
354,r0,27, 1051534, 1026,"  100b8c:	e50b3014 	str	r3, [fp, #-20]	; 0xffffffec",benign, 608, 188, 10252, 2, 6853, 2695, 4, 567, 756, 0, 224, 54033, 550, 3, 7, 7735, 2, 381, 3, 31887, 10357, 21220, 0, 0, 30, 5362, 4920, 9617, 82, 0, 0, 19, 22, 35, 2, 53782, 46437, 49475, 1, 0, 0, 380,-
355,r1,25, 1051770, 1031,"  100c78:	e1a03163 	ror	r3, r3, #2",benign, 605, 187, 10246, 2, 6847, 2690, 1, 567, 756, 0, 220, 54038, 550, 3, 7, 8163, 2, 383, 3, 32261, 10800, 21238, 0, 0, 30, 5515, 4714, 9609, 80, 0, 0, 19, 22, 35, 2, 54204, 45917, 48964, 1, 0, 0, 380,-
356,r3,11, 1060847, 1032,"  102fec:	e5933018 	ldr	r3, [r3, #24]",benign, 605, 190, 10240, 2, 6852, 2692, 1, 567, 756, 0, 223, 54244, 550, 3, 7, 8232, 2, 383, 3, 32536, 11105, 21210, 0, 0, 30, 5362, 4872, 9634, 83, 0, 0, 19, 23, 35, 2, 54545, 46157, 49214, 1, 0, 0, 403,-
357,r1,10, 1059438, 1030,"  102a6c:	e1a02de3 	ror	r2, r3, #27",benign, 617, 190, 10240, 2, 6850, 2690, 1, 567, 756, 0, 227, 53527, 550, 3, 7, 7754, 2, 585, 3, 31973, 10475, 21264, 0, 0, 30, 5511, 4735, 9633, 83, 0, 0, 19, 24, 35, 2, 54280, 46337, 49523, 1, 0, 0, 382,-
358,r2,22, 1052938, 1032,"  101108:	e3453a82 	movt	r3, #23170	; 0x5a82",benign, 607, 188, 10261, 2, 6864, 2692, 4, 567, 756, 0, 221, 53372, 550, 3, 7, 7872, 3, 405, 3, 32305, 10728, 21232, 0, 0, 30, 5333, 4894, 9616, 82, 0, 0, 19, 21, 35, 2, 54079, 45854, 48882, 1, 0, 0, 381,-
359,r0,24, 1052404, 1032,"  100ef4:	e51b3014 	ldr	r3, [fp, #-20]	; 0xffffffec",benign, 610, 402, 10236, 2, 6855, 2694, 1, 567, 756, 0, 219, 53565, 550, 3, 7, 7759, 3, 406, 3, 32239, 10666, 21216, 0, 0, 30, 5574, 4659, 9635, 84, 0, 0, 18, 23, 34, 2, 54222, 45964, 49031, 1, 0, 0, 382,-
360,r3,27, 1053814, 1032,"  101474:	e51b3020 	ldr	r3, [fp, #-32]	; 0xffffffe0",benign, 614, 209, 10247, 2, 6852, 2694, 1, 567, 756, 0, 224, 53968, 550, 3, 7, 8348, 2, 383, 3, 32810, 11304, 21250, 0, 0, 30, 5359, 4874, 9631, 83, 0, 0, 19, 22, 35, 2, 54101, 46358, 49296, 1, 0, 0, 382,-
361,r3,0, 1052704, 1031,"  101020:	e50b3020 	str	r3, [fp, #-32]	; 0xffffffe0",benign, 620, 187, 10236, 2, 6855, 2694, 1, 567, 756, 0, 215, 53593, 550, 3, 7, 7661, 2, 404, 3, 32037, 10551, 21261, 0, 0, 30, 5327, 4922, 9623, 81, 0, 0, 19, 22, 35, 2, 54180, 45868, 48803, 1, 0, 0, 381,-
362,r3,0, 1053195, 1030,"  101208:	e50b301c 	str	r3, [fp, #-28]	; 0xffffffe4",benign, 607, 189, 10237, 2, 6852, 2693, 1, 567, 756, 0, 222, 53677, 550, 3, 7, 7840, 2, 382, 3, 32238, 10755, 21221, 0, 0, 30, 5317, 4901, 9624, 86, 0, 0, 18, 21, 34, 2, 54016, 45917, 49023, 1, 0, 0, 381,-
363,r3,28, 1053192, 1030,"  101208:	e50b301c 	str	r3, [fp, #-28]	; 0xffffffe4",benign, 612, 188, 10215, 2, 6844, 2696, 1, 567, 756, 0, 220, 53860, 550, 3, 7, 8557, 2, 382, 3, 31957, 10476, 21233, 0, 0, 30, 5326, 4910, 9626, 83, 0, 0, 22, 23, 37, 2, 54523, 45950, 49047, 1, 0, 0, 381,-
364,r3,17, 1056406, 1036,"  101e94:	e0033000 	and	r3, r3, r0",benign, 603, 211, 10237, 2, 6845, 2692, 1, 567, 756, 0, 220, 53532, 550, 3, 7, 7713, 2, 382, 3, 32503, 10902, 21265, 0, 0, 30, 5561, 4663, 9628, 83, 0, 0, 19, 21, 35, 2, 54580, 45873, 48801, 1, 0, 0, 379,-
365,r1,22, 1055887, 1032,"  101c8c:	e51b3018 	ldr	r3, [fp, #-24]	; 0xffffffe8",benign, 605, 187, 10248, 2, 6857, 2692, 1, 567, 756, 0, 219, 53669, 550, 3, 7, 7708, 2, 416, 3, 32343, 10865, 21221, 0, 0, 30, 5362, 4877, 9629, 81, 0, 0, 21, 23, 36, 2, 54456, 45841, 48816, 1, 0, 0, 404,-
366,r0,26, 1057259, 1030,"  1021e8:	e51b3010 	ldr	r3, [fp, #-16]",benign, 606, 188, 10245, 2, 6854, 2693, 1, 567, 756, 0, 221, 53665, 550, 3, 7, 7989, 2, 384, 3, 32597, 11040, 21225, 0, 0, 30, 5579, 4661, 9638, 83, 0, 0, 19, 23, 35, 2, 53864, 46394, 49324, 1, 0, 0, 382,-
367,r1,9, 1061468, 1032,"  10325c:	e1a00001 	mov	r0, r1",benign, 613, 187, 10219, 2, 6854, 2695, 4, 567, 756, 0, 220, 53708, 550, 3, 7, 8330, 2, 383, 3, 32257, 10785, 21207, 0, 0, 30, 5090, 5128, 9623, 80, 0, 0, 19, 23, 35, 2, 54156, 45927, 48990, 1, 0, 0, 504,-
368,r1,27, 1055337, 1034,"  101a68:	e1a02de3 	ror	r2, r3, #27",benign, 610, 188, 10242, 2, 6859, 2695, 1, 567, 756, 0, 218, 53392, 550, 3, 7, 7992, 2, 383, 3, 32293, 10758, 21293, 0, 0, 30, 5068, 5155, 9619, 82, 0, 0, 22, 23, 37, 2, 53704, 46189, 49229, 1, 0, 0, 380,-
369,r3,19, 1057105, 1032,"  102150:	e51b3020 	ldr	r3, [fp, #-32]	; 0xffffffe0",benign, 607, 189, 10246, 2, 6851, 2691, 1, 567, 756, 0, 224, 53997, 550, 3, 7, 7809, 2, 382, 3, 32245, 10699, 21220, 0, 0, 30, 5525, 4699, 9610, 83, 0, 0, 19, 23, 35, 2, 53868, 46338, 49334, 1, 0, 0, 382,-
370,r2,7, 1056662, 1030,"  101f94:	e0822003 	add	r2, r2, r3",benign, 596, 187, 10243, 2, 6854, 2690, 4, 567, 756, 0, 217, 53711, 550, 3, 7, 7667, 2, 381, 3, 32425, 10955, 21227, 0, 0, 30, 5344, 4877, 9602, 79, 0, 0, 18, 22, 34, 2, 53880, 46260, 49232, 1, 0, 0, 402,-
371,r3,10, 1056347, 1031,"  101e58:	e1a03163 	ror	r3, r3, #2",benign, 609, 190, 10236, 2, 6848, 2693, 1, 567, 756, 0, 221, 53454, 550, 3, 7, 8178, 2, 383, 3, 31936, 10348, 21242, 0, 0, 30, 5518, 4725, 9619, 83, 0, 0, 18, 22, 34, 2, 54286, 45858, 48768, 1, 0, 0, 403,-
372,r3,19, 1053548, 1033,"  10136c:	e51b3018 	ldr	r3, [fp, #-24]	; 0xffffffe8",benign, 615, 212, 10239, 2, 6846, 2690, 1, 567, 756, 0, 217, 53360, 550, 3, 7, 8594, 3, 405, 3, 32157, 10674, 21204, 0, 0, 30, 5578, 4651, 9614, 81, 0, 0, 19, 22, 35, 2, 54111, 46566, 49651, 1, 0, 0, 382,-
373,r1,30, 1060122, 1030,"  102d18:	e51b3030 	ldr	r3, [fp, #-48]	; 0xffffffd0",benign, 674, 249, 10225, 2, 6856, 2695, 1, 567, 756, 0, 228, 54111, 550, 3, 7, 8297, 2, 384, 3, 32124, 10631, 21242, 0, 0, 30, 5111, 5128, 9633, 81, 0, 0, 19, 22, 35, 2, 54576, 46445, 49607, 1, 0, 0, 382,-
374,r3,21, 1060806, 1032,"  102fc4:	e51b3008 	ldr	r3, [fp, #-8]",benign, 617, 189, 10226, 2, 6850, 2694, 1, 567, 756, 0, 227, 53504, 550, 3, 7, 7663, 2, 382, 3, 32302, 10747, 21216, 0, 0, 30, 5522, 4709, 9614, 81, 0, 0, 22, 24, 37, 2, 53926, 46216, 49211, 1, 0, 0, 381,-
375,r3,17, 1058530, 1031,"  1026e0:	e50b301c 	str	r3, [fp, #-28]	; 0xffffffe4",benign, 611, 190, 10238, 2, 6855, 2692, 1, 567, 756, 0, 222, 53796, 550, 3, 7, 8023, 2, 383, 3, 32109, 10503, 21266, 0, 0, 30, 5353, 4887, 9622, 82, 0, 0, 18, 23, 34, 2, 54055, 46020, 48952, 1, 0, 0, 527,-
376,r3,14, 1051165, 1033,"  100a1c:	e2433004 	sub	r3, r3, #4",benign, 611, 187, 10257, 2, 6858, 2691, 1, 567, 756, 0, 226, 53610, 550, 3, 7, 8422, 2, 381, 3, 31918, 10396, 21230, 0, 0, 30, 5369, 4870, 9619, 80, 0, 0, 19, 22, 35, 2, 54293, 46077, 49033, 1, 0, 0, 381,-
377,r1,10, 1055724, 1032,"  101bec:	e50b301c 	str	r3, [fp, #-28]	; 0xffffffe4",benign, 606, 188, 10250, 2, 6852, 2692, 1, 567, 756, 0, 219, 54071, 550, 3, 7, 8236, 2, 383, 3, 32105, 10619, 21218, 0, 0, 30, 5363, 4890, 9628, 83, 0, 0, 22, 25, 37, 2, 53788, 46259, 49273, 1, 0, 0, 382,-
378,r3,10, 1056624, 1032,"  101f70:	e51b1014 	ldr	r1, [fp, #-20]	; 0xffffffec",benign, 612, 190, 10248, 2, 6854, 2692, 1, 567, 756, 0, 218, 53638, 550, 3, 7, 7986, 2, 382, 3, 32245, 10640, 21245, 0, 0, 30, 5576, 4645, 9599, 82, 0, 0, 19, 23, 35, 2, 53957, 46380, 49305, 1, 0, 0, 402,-
379,r0,0, 1059450, 1033,"  102a78:	e0211003 	eor	r1, r1, r3",benign, 609, 211, 10235, 2, 6854, 2691, 1, 567, 756, 0, 226, 54372, 550, 3, 7, 7838, 2, 382, 3, 32435, 10937, 21225, 0, 0, 30, 5359, 4882, 9631, 83, 0, 0, 22, 22, 37, 2, 53969, 46415, 49445, 1, 0, 0, 380,-
380,r2,4, 1055807, 1032,"  101c3c:	e51b30c4 	ldr	r3, [fp, #-196]	; 0xffffff3c",benign, 607, 189, 10246, 2, 6851, 2692, 1, 567, 756, 0, 214, 53424, 550, 3, 7, 8262, 2, 382, 3, 32670, 11216, 21223, 0, 0, 30, 5525, 4701, 9615, 82, 0, 0, 19, 23, 35, 2, 54041, 46235, 49147, 1, 0, 0, 382,-
381,r2,3, 1055795, 1035,"  101c30:	e0822003 	add	r2, r2, r3",benign, 609, 189, 10238, 2, 6850, 2691, 4, 567, 756, 0, 224, 54102, 550, 3, 7, 7788, 2, 382, 3, 32329, 10813, 21281, 0, 0, 30, 5364, 4879, 9625, 78, 0, 0, 19, 22, 35, 2, 54024, 46241, 49265, 1, 0, 0, 380,-
382,r3,4, 1055171, 1030,"  1019c0:	e3463ed9 	movt	r3, #28377	; 0x6ed9",benign, 619, 188, 10219, 2, 6848, 2694, 1, 567, 756, 0, 222, 54005, 550, 3, 7, 7851, 2, 382, 3, 32116, 10489, 21211, 0, 0, 30, 5365, 4878, 9621, 81, 0, 0, 22, 24, 37, 2, 54187, 46403, 49682, 1, 0, 0, 381,-
383,r0,22, 1052203, 1032,"  100e28:	e0822003 	add	r2, r2, r3",benign, 614, 188, 10237, 2, 6852, 2692, 1, 567, 756, 0, 221, 54038, 550, 3, 7, 7811, 2, 384, 3, 31941, 10382, 21245, 0, 0, 30, 5331, 4889, 9603, 82, 0, 0, 19, 21, 35, 2, 53927, 46401, 49419, 1, 0, 0, 380,-
384,r1,1, 1052656, 1031,"  100ff0:	e1e00003 	mvn	r0, r3",benign, 605, 190, 10243, 2, 6851, 2692, 4, 567, 756, 0, 222, 54059, 550, 3, 7, 8224, 3, 405, 3, 32151, 10619, 21205, 0, 0, 30, 5521, 4714, 9615, 83, 0, 0, 22, 22, 37, 2, 53863, 45883, 48930, 1, 0, 0, 380,-
385,r1,15, 1059495, 1039,"  102aa4:	e50b3020 	str	r3, [fp, #-32]	; 0xffffffe0",benign, 604, 190, 10235, 2, 6859, 2691, 4, 567, 756, 0, 220, 53326, 550, 3, 7, 7584, 2, 382, 3, 32677, 11115, 21198, 0, 0, 30, 5090, 5193, 9624, 81, 0, 0, 19, 21, 35, 2, 54443, 46428, 49620, 1, 0, 0, 381,-
386,r3,11, 1058176, 1029,"  102580:	e0823003 	add	r3, r2, r3",benign, 614, 189, 10244, 2, 6861, 2696, 1, 567, 756, 0, 234, 53500, 550, 3, 7, 7845, 3, 405, 3, 32278, 10835, 21259, 0, 0, 30, 5519, 4723, 9616, 81, 0, 0, 19, 23, 35, 2, 53998, 46431, 49457, 1, 0, 0, 382,-
387,r0,5, 1056427, 1030,"  101ea8:	e51b30b0 	ldr	r3, [fp, #-176]	; 0xffffff50",benign, 702, 289, 10236, 2, 6864, 2696, 1, 567, 756, 0, 221, 53615, 550, 3, 7, 7840, 3, 404, 3, 32006, 10456, 21211, 0, 0, 30, 5269, 4964, 9605, 82, 0, 0, 22, 23, 37, 2, 53892, 46046, 49087, 1, 0, 0, 381,-
388,r0,13, 1058081, 1028,"  102520:	e1a03163 	ror	r3, r3, #2",benign, 607, 189, 10234, 2, 6852, 2696, 1, 567, 756, 0, 220, 53626, 550, 3, 7, 8394, 2, 381, 3, 32604, 10979, 21218, 0, 0, 30, 5518, 4719, 9613, 81, 0, 0, 19, 23, 35, 2, 54385, 45967, 48938, 1, 0, 0, 379,-
389,r1,21, 1053716, 1033,"  101414:	e1a02de3 	ror	r2, r3, #27",benign, 599, 210, 10225, 2, 6854, 2692, 4, 567, 756, 0, 217, 53557, 550, 3, 7, 8175, 2, 381, 3, 32242, 10691, 21207, 0, 0, 30, 5594, 4677, 9626, 79, 0, 0, 22, 22, 37, 2, 53624, 46179, 49254, 1, 0, 0, 381,-
390,r1,29, 1052964, 1027,"  101124:	e51b3010 	ldr	r3, [fp, #-16]",benign, 601, 187, 10246, 2, 6851, 2694, 4, 567, 756, 0, 227, 54118, 550, 3, 7, 8252, 3, 405, 3, 32003, 10459, 21239, 0, 0, 30, 5133, 5127, 9643, 82, 0, 0, 18, 23, 34, 2, 53926, 45938, 49054, 1, 0, 0, 381,-
391,r0,18, 1056216, 1029,"  101dd8:	e51b3010 	ldr	r3, [fp, #-16]",benign, 609, 212, 10223, 2, 6851, 2694, 1, 567, 756, 0, 220, 53778, 550, 3, 7, 7866, 3, 404, 3, 32050, 10602, 21267, 0, 0, 30, 5559, 4680, 9620, 81, 0, 0, 18, 22, 34, 2, 54280, 45961, 48996, 1, 0, 0, 381,-
392,r0,25, 1051236, 1029,"  100a64:	e50b3008 	str	r3, [fp, #-8]",benign, 602, 210, 10231, 2, 6852, 2692, 1, 567, 756, 0, 225, 53719, 550, 3, 7, 8195, 2, 383, 3, 32741, 11222, 21238, 0, 0, 30, 5365, 4845, 9627, 79, 0, 0, 19, 22, 35, 2, 53957, 46235, 49278, 1, 0, 0, 403,-
393,r0,24, 1056608, 1030,"  101f60:	e51b3020 	ldr	r3, [fp, #-32]	; 0xffffffe0",benign, 607, 190, 10235, 2, 6849, 2690, 1, 567, 756, 0, 218, 53282, 550, 3, 7, 7755, 3, 403, 3, 31913, 10346, 21247, 0, 0, 30, 5331, 4903, 9622, 83, 0, 0, 19, 22, 35, 2, 54119, 45922, 48927, 1, 0, 0, 380,-
394,r2,6, 1056975, 1031,"  1020cc:	e51b300c 	ldr	r3, [fp, #-12]",benign, 600, 187, 10239, 2, 6848, 2692, 1, 567, 756, 0, 213, 53361, 550, 3, 7, 8419, 2, 381, 3, 32083, 10480, 21247, 0, 0, 30, 5271, 4968, 9616, 85, 0, 0, 19, 23, 35, 2, 53987, 46244, 49224, 1, 0, 0, 381,-
395,r0,15, 1052717, 1032,"  10102c:	e51b3014 	ldr	r3, [fp, #-20]	; 0xffffffec",benign, 605, 210, 10231, 2, 6858, 2694, 1, 567, 756, 0, 225, 53661, 550, 3, 7, 7723, 2, 383, 3, 32329, 10827, 21228, 0, 0, 30, 5328, 4895, 9637, 82, 0, 0, 19, 22, 35, 2, 53850, 45989, 48910, 1, 0, 0, 379,-
396,r1,19, 1056334, 1031,"  101e4c:	e51b3014 	ldr	r3, [fp, #-20]	; 0xffffffec",benign, 608, 189, 10236, 2, 6850, 2695, 1, 567, 756, 0, 222, 53471, 550, 3, 7, 8225, 2, 384, 3, 32424, 10831, 21262, 0, 0, 30, 5336, 4891, 9620, 84, 0, 0, 19, 21, 35, 2, 54169, 46321, 49521, 1, 0, 0, 382,-
397,r3,29, 1053809, 1034,"  101470:	e50b3010 	str	r3, [fp, #-16]",benign, 607, 188, 10249, 2, 6858, 2694, 1, 567, 756, 0, 225, 53659, 550, 3, 7, 7902, 2, 383, 3, 32532, 10984, 21232, 0, 0, 30, 5543, 4700, 9615, 82, 0, 0, 19, 21, 35, 2, 54092, 45937, 48975, 1, 0, 0, 382,-
398,r1,12, 1059157, 1029,"  102954:	e30c31d6 	movw	r3, #49622	; 0xc1d6",benign, 606, 210, 10250, 2, 6856, 2692, 1, 567, 756, 0, 224, 53319, 550, 3, 7, 8172, 3, 406, 3, 32017, 10463, 21205, 0, 0, 30, 5339, 4900, 9616, 84, 0, 0, 19, 23, 35, 2, 53756, 46506, 49761, 1, 0, 0, 380,-
399,r3,20, 1054867, 1029,"  101890:	e51b3014 	ldr	r3, [fp, #-20]	; 0xffffffec",benign, 607, 211, 10247, 2, 6854, 2693, 1, 567, 756, 0, 223, 54081, 550, 3, 7, 8029, 2, 382, 3, 32696, 11157, 21239, 0, 0, 30, 5568, 4677, 9638, 83, 0, 0, 18, 21, 34, 2, 53736, 46499, 49619, 1, 0, 0, 402,-
400,r2,30, 1058338, 1032,"  102620:	e51b300c 	ldr	r3, [fp, #-12]",benign, 596, 188, 10236, 2, 6845, 2691, 1, 567, 756, 0, 219, 54139, 550, 3, 7, 8190, 2, 382, 3, 32188, 10640, 21238, 0, 0, 30, 5514, 4725, 9611, 79, 0, 0, 19, 22, 35, 2, 53991, 46157, 49159, 1, 0, 0, 382,-
401,r0,14, 1054807, 1033,"  101854:	e51b3014 	ldr	r3, [fp, #-20]	; 0xffffffec",benign, 611, 188, 10224, 2, 6847, 2693, 1, 567, 756, 0, 225, 53464, 550, 3, 7, 7925, 2, 384, 3, 32035, 10540, 21228, 0, 0, 30, 5527, 4720, 9621, 82, 0, 0, 18, 22, 34, 2, 54553, 46305, 49393, 1, 0, 0, 382,-
402,r0,14, 1054880, 1032,"  1018a0:	e50b3014 	str	r3, [fp, #-20]	; 0xffffffec",benign, 610, 189, 10252, 2, 6856, 2693, 4, 567, 756, 0, 228, 53381, 550, 3, 7, 8176, 3, 405, 3, 31935, 10462, 21220, 0, 0, 30, 5530, 4719, 9635, 85, 0, 0, 18, 23, 34, 2, 53768, 45969, 48943, 1, 0, 0, 382,-
403,r1,6, 1054156, 1029,"  1015cc:	e51b3014 	ldr	r3, [fp, #-20]	; 0xffffffec",benign, 621, 188, 10242, 2, 6854, 2694, 1, 567, 756, 0, 225, 53713, 550, 3, 7, 8340, 2, 384, 3, 31980, 10472, 21240, 0, 0, 30, 5513, 4724, 9626, 82, 0, 0, 19, 21, 35, 2, 53880, 46170, 49174, 1, 0, 0, 490,-
404,r1,25, 1052035, 1031,"  100d80:	e51b300c 	ldr	r3, [fp, #-12]",benign, 609, 210, 10252, 2, 6864, 2694, 1, 567, 756, 0, 217, 53762, 550, 3, 7, 7718, 2, 381, 3, 32360, 10917, 21225, 0, 0, 30, 5331, 4880, 9612, 81, 0, 0, 19, 22, 35, 2, 54540, 45982, 48958, 1, 0, 0, 380,-
405,r3,1, 1059246, 1033,"  1029ac:	e0822003 	add	r2, r2, r3",benign, 604, 188, 10222, 2, 6852, 2693, 1, 567, 756, 0, 215, 53662, 550, 3, 7, 8066, 2, 383, 3, 31870, 10410, 21223, 0, 0, 30, 5431, 5006, 9612, 81, 0, 0, 18, 22, 34, 2, 53925, 46300, 49361, 1, 0, 0, 381,-
406,r0,6, 1056561, 1030,"  101f30:	e3483f1b 	movt	r3, #36635	; 0x8f1b",benign, 609, 190, 10227, 2, 6853, 2699, 1, 567, 756, 0, 221, 53724, 550, 3, 7, 7608, 3, 405, 3, 32509, 11022, 21266, 0, 0, 30, 5528, 4707, 9614, 83, 0, 0, 19, 23, 35, 2, 54615, 46448, 49411, 1, 0, 0, 382,-
407,r3,9, 1059408, 1030,"  102a50:	e1a03163 	ror	r3, r3, #2",benign, 608, 188, 10238, 2, 6846, 2690, 1, 567, 756, 0, 224, 53754, 550, 3, 7, 7707, 2, 381, 3, 32346, 10788, 21266, 0, 0, 30, 5554, 4731, 9617, 83, 0, 0, 18, 21, 34, 2, 54433, 46108, 49130, 1, 0, 0, 380,-
408,r2,25, 1057726, 1032,"  1023bc:	e51b3020 	ldr	r3, [fp, #-32]	; 0xffffffe0",benign, 606, 188, 10232, 2, 6855, 2695, 1, 567, 756, 0, 220, 53514, 550, 3, 7, 7782, 2, 433, 3, 32026, 10466, 21226, 0, 0, 30, 5267, 4962, 9605, 80, 0, 0, 19, 22, 35, 2, 53875, 46609, 49674, 1, 0, 0, 381,-
409,r2,18, 1060979, 1029,"  103070:	e51b3010 	ldr	r3, [fp, #-16]",benign, 619, 188, 10239, 2, 6844, 2691, 1, 567, 756, 0, 220, 53372, 550, 3, 7, 7943, 2, 382, 3, 32110, 10487, 21232, 0, 0, 30, 5086, 5136, 9607, 83, 0, 0, 19, 22, 35, 2, 54012, 46025, 49035, 1, 0, 0, 380,-
410,r1,3, 1054514, 1033,"  101730:	e0822003 	add	r2, r2, r3",benign, 608, 212, 10256, 1, 6858, 2693, 4, 567, 756, 0, 230, 53357, 550, 3, 7, 7726, 2, 382, 3, 32694, 11206, 21250, 0, 0, 30, 5267, 4974, 9609, 82, 0, 0, 19, 23, 35, 2, 54425, 45905, 48882, 1, 0, 0, 382,-
411,r3,1, 1060478, 1029,"  102e7c:	e51b3014 	ldr	r3, [fp, #-20]	; 0xffffffec",benign, 604, 188, 10249, 2, 6862, 2691, 1, 567, 756, 0, 219, 53737, 550, 3, 7, 7750, 2, 384, 3, 32228, 10693, 21229, 0, 0, 30, 5691, 4878, 9622, 82, 0, 0, 19, 21, 35, 2, 54523, 46374, 49569, 1, 0, 0, 382,-
412,r0,19, 1053361, 1032,"  1012b0:	e51b1010 	ldr	r1, [fp, #-16]",benign, 606, 211, 10247, 2, 6854, 2692, 1, 567, 756, 0, 225, 53856, 550, 3, 7, 8532, 2, 383, 3, 32514, 11086, 21217, 0, 0, 30, 5608, 4666, 9623, 84, 0, 0, 19, 23, 35, 2, 54357, 46391, 49548, 1, 0, 0, 381,-
413,r0,11, 1061414, 1031,"  103224:	e51b3008 	ldr	r3, [fp, #-8]",benign, 606, 211, 10240, 2, 6848, 2691, 1, 567, 756, 0, 219, 53697, 550, 3, 7, 7679, 2, 382, 3, 31994, 10398, 21207, 0, 0, 30, 5364, 4870, 9618, 80, 0, 0, 22, 23, 37, 2, 54043, 46162, 49101, 1, 0, 0, 382,-
414,r1,30, 1060397, 1033,"  102e2c:	e51b3020 	ldr	r3, [fp, #-32]	; 0xffffffe0",benign, 609, 188, 10236, 2, 6857, 2694, 1, 567, 756, 0, 224, 53716, 550, 3, 7, 8081, 3, 406, 3, 31900, 10396, 21239, 0, 0, 30, 5314, 4916, 9614, 82, 0, 0, 18, 23, 34, 2, 54395, 46068, 49085, 1, 0, 0, 380,-
415,r0,31, 1059465, 1030,"  102a88:	e51b301c 	ldr	r3, [fp, #-28]	; 0xffffffe4",benign, 606, 188, 10244, 2, 6855, 2692, 1, 567, 756, 0, 223, 54201, 550, 3, 7, 8291, 3, 405, 3, 32201, 10550, 21231, 0, 0, 30, 5617, 4640, 9614, 83, 0, 0, 18, 23, 34, 2, 53975, 46368, 49410, 1, 0, 0, 382,-
416,r0,1, 1056879, 1032,"  10206c:	e51b3018 	ldr	r3, [fp, #-24]	; 0xffffffe8",benign, 613, 188, 10243, 2, 6852, 2693, 4, 567, 756, 0, 224, 53501, 550, 3, 7, 7803, 2, 505, 3, 32175, 10660, 21237, 0, 0, 30, 5366, 4870, 9623, 81, 0, 0, 18, 21, 34, 2, 54141, 46150, 49164, 1, 0, 0, 381,-
417,r2,2, 1057883, 1031,"  102458:	e0011003 	and	r1, r1, r3",benign, 607, 189, 10229, 2, 6851, 2694, 1, 567, 756, 0, 223, 53495, 550, 3, 7, 8570, 3, 405, 3, 32462, 10993, 21275, 0, 0, 30, 5347, 4863, 9603, 80, 0, 0, 18, 22, 34, 2, 54133, 46350, 49343, 1, 0, 0, 380,-
418,r0,12, 1053082, 1028,"  101198:	e50b3018 	str	r3, [fp, #-24]	; 0xffffffe8",benign, 612, 187, 10245, 2, 6850, 2692, 1, 567, 756, 0, 221, 53807, 550, 3, 7, 7718, 3, 405, 3, 32764, 11315, 21222, 0, 0, 30, 5101, 5132, 9631, 81, 0, 0, 19, 23, 35, 2, 53855, 46162, 49212, 1, 0, 0, 381,-
419,r0,26, 1052537, 1034,"  100f78:	e1e00003 	mvn	r0, r3",benign, 595, 210, 10240, 2, 6852, 2691, 1, 567, 756, 0, 222, 53329, 550, 3, 7, 8296, 2, 384, 3, 32166, 10648, 21260, 0, 0, 30, 5573, 4636, 9601, 78, 0, 0, 18, 23, 34, 2, 53857, 46411, 49616, 1, 0, 0, 380,-
420,r0,16, 1059325, 1032,"  1029fc:	e51b300c 	ldr	r3, [fp, #-12]",benign, 604, 209, 10244, 2, 6853, 2692, 4, 567, 756, 0, 224, 53365, 550, 3, 7, 7813, 2, 383, 3, 32548, 10961, 21231, 0, 0, 30, 5391, 4887, 9636, 82, 0, 0, 19, 22, 35, 2, 53874, 46492, 49705, 1, 0, 0, 402,-
421,r3,26, 1057429, 1029,"  102294:	e3483f1b 	movt	r3, #36635	; 0x8f1b",benign, 597, 210, 10252, 2, 6856, 2691, 1, 567, 756, 0, 218, 53708, 550, 3, 7, 7699, 2, 382, 3, 32181, 10620, 21264, 0, 0, 30, 5524, 4688, 9614, 82, 0, 0, 19, 22, 35, 2, 54435, 45905, 48912, 1, 0, 0, 382,-
422,r3,8, 1054591, 1031,"  10177c:	e51b3014 	ldr	r3, [fp, #-20]	; 0xffffffec",benign, 609, 188, 10225, 2, 6847, 2695, 4, 567, 756, 0, 219, 53750, 550, 3, 7, 7657, 3, 404, 3, 32242, 10639, 21258, 0, 0, 30, 5354, 4886, 9631, 82, 0, 0, 18, 22, 34, 2, 54167, 45859, 48840, 1, 0, 0, 381,-
423,r2,22, 1057258, 1030,"  1021e8:	e51b3010 	ldr	r3, [fp, #-16]",benign, 657, 240, 10238, 2, 6849, 2692, 4, 567, 756, 0, 235, 53817, 550, 3, 7, 7841, 2, 383, 3, 31973, 10441, 21211, 0, 0, 30, 5525, 4718, 9618, 80, 0, 0, 19, 22, 35, 2, 54670, 45869, 48857, 1, 0, 0, 404,-
424,r2,9, 1059943, 1032,"  102c64:	e50b3018 	str	r3, [fp, #-24]	; 0xffffffe8",benign, 605, 189, 10240, 2, 6853, 2692, 1, 567, 756, 0, 217, 53910, 550, 3, 7, 7777, 2, 382, 3, 32342, 10804, 21242, 0, 0, 30, 5612, 4654, 9618, 80, 0, 0, 18, 22, 34, 2, 54061, 45904, 48938, 1, 0, 0, 403,-
425,r1,6, 1051784, 1031,"  100c88:	e51b3020 	ldr	r3, [fp, #-32]	; 0xffffffe0",benign, 661, 235, 10249, 2, 6860, 2692, 4, 567, 756, 0, 221, 53665, 550, 3, 7, 8478, 2, 383, 3, 32778, 11266, 21237, 0, 0, 30, 5539, 4687, 9610, 82, 0, 0, 22, 26, 38, 2, 54124, 46314, 49270, 1, 0, 0, 381,-
426,r1,28, 1060622, 1036,"  102f0c:	e0822003 	add	r2, r2, r3",benign, 607, 188, 10250, 2, 6853, 2692, 1, 567, 756, 0, 226, 54049, 550, 3, 7, 7731, 2, 384, 3, 32742, 11222, 21238, 0, 0, 30, 5384, 4885, 9642, 84, 0, 0, 18, 22, 34, 2, 53709, 46165, 49216, 1, 0, 0, 381,-
427,r2,11, 1054416, 1034,"  1016d0:	e0823003 	add	r3, r2, r3",benign, 615, 212, 10241, 2, 6849, 2691, 1, 567, 756, 0, 224, 54025, 550, 3, 7, 7761, 3, 404, 3, 32592, 11045, 21266, 0, 0, 30, 5349, 4860, 9632, 80, 0, 0, 19, 22, 35, 2, 54113, 45974, 48936, 1, 0, 0, 401,-
428,r1,27, 1054687, 1031,"  1017dc:	e51b300c 	ldr	r3, [fp, #-12]",benign, 606, 188, 10243, 2, 6845, 2690, 1, 567, 756, 0, 220, 53717, 550, 3, 7, 7761, 3, 404, 3, 32004, 10529, 21273, 0, 0, 30, 5504, 5015, 9627, 81, 0, 0, 18, 22, 34, 2, 53940, 46336, 49613, 1, 0, 0, 404,-
429,r2,2, 1058246, 1029,"  1025c4:	e1811003 	orr	r1, r1, r3",benign, 612, 188, 10246, 2, 6851, 2695, 1, 567, 756, 0, 225, 53406, 550, 3, 7, 7710, 3, 404, 3, 32684, 11161, 21211, 0, 0, 30, 5575, 4651, 9608, 80, 0, 0, 18, 21, 34, 2, 54430, 46158, 49073, 1, 0, 0, 587,-
430,r3,26, 1055602, 1035,"  101b70:	e3463ed9 	movt	r3, #28377	; 0x6ed9",benign, 608, 189, 10237, 2, 6844, 2690, 1, 567, 756, 0, 218, 53672, 550, 3, 7, 7574, 2, 383, 3, 32191, 10642, 21266, 0, 0, 30, 5330, 4910, 9602, 80, 0, 0, 19, 23, 35, 2, 54051, 46004, 48957, 1, 0, 0, 380,-
431,r1,17, 1054210, 1033,"  101600:	e51b3018 	ldr	r3, [fp, #-24]	; 0xffffffe8",benign, 604, 211, 10231, 2, 6853, 2693, 1, 567, 756, 0, 220, 53686, 550, 3, 7, 8181, 3, 406, 3, 32758, 11203, 21213, 0, 0, 30, 5327, 4923, 9631, 84, 0, 0, 18, 24, 34, 2, 54676, 46005, 49037, 1, 0, 0, 381,-
432,r1,16, 1053021, 1029,"  10115c:	e51b3018 	ldr	r3, [fp, #-24]	; 0xffffffe8",benign, 610, 211, 10249, 2, 6853, 2691, 1, 567, 756, 0, 217, 54032, 550, 3, 7, 8270, 2, 382, 3, 32011, 10560, 21238, 0, 0, 30, 5513, 4710, 9619, 82, 0, 0, 19, 22, 35, 2, 53762, 45874, 48933, 1, 0, 0, 381,-
433,r0,26, 1059426, 1031,"  102a60:	e51b3020 	ldr	r3, [fp, #-32]	; 0xffffffe0",benign, 603, 187, 10244, 2, 6854, 2694, 4, 567, 756, 0, 222, 53980, 550, 3, 7, 7737, 2, 382, 3, 32441, 11009, 21247, 0, 0, 30, 5681, 4875, 9615, 85, 0, 0, 19, 23, 35, 2, 54463, 46489, 49584, 1, 0, 0, 401,-
434,r0,19, 1060993, 1039,"  103080:	e283301c 	add	r3, r3, #28",benign, 615, 190, 10237, 2, 6851, 2692, 1, 567, 756, 0, 223, 53495, 550, 3, 7, 8063, 2, 382, 3, 32046, 10469, 21212, 0, 0, 30, 5531, 4695, 9610, 79, 0, 0, 19, 23, 35, 2, 54591, 45955, 49083, 1, 0, 0, 381,-
435,r0,10, 1056004, 1033,"  101d04:	e51b1014 	ldr	r1, [fp, #-20]	; 0xffffffec",benign, 603, 212, 10232, 2, 6846, 2691, 1, 567, 756, 0, 225, 53616, 550, 3, 7, 7697, 2, 383, 3, 32155, 10601, 21244, 0, 0, 30, 5521, 5060, 9624, 83, 0, 0, 18, 22, 34, 2, 54102, 46530, 49644, 1, 0, 0, 379,-
436,r3,0, 1052044, 1029,"  100d8c:	e51b3014 	ldr	r3, [fp, #-20]	; 0xffffffec",benign, 601, 188, 10241, 2, 6851, 2691, 1, 567, 756, 0, 230, 53469, 550, 3, 7, 7952, 2, 384, 3, 32160, 10710, 21248, 0, 0, 30, 5540, 4718, 9636, 84, 0, 0, 19, 22, 35, 2, 53834, 45940, 48944, 1, 0, 0, 380,-
437,r0,10, 1051972, 1033,"  100d44:	e3073999 	movw	r3, #31129	; 0x7999",benign, 612, 190, 10237, 2, 6852, 2692, 4, 567, 756, 0, 226, 53316, 550, 3, 7, 8048, 2, 381, 3, 32760, 11195, 21277, 0, 0, 30, 5356, 4855, 9610, 80, 0, 0, 22, 22, 37, 2, 53751, 46175, 49128, 1, 0, 0, 403,-
438,r2,21, 1052856, 1032,"  1010b8:	e51b300c 	ldr	r3, [fp, #-12]",benign, 609, 190, 10243, 2, 6848, 2689, 1, 567, 756, 0, 225, 53799, 550, 3, 7, 7764, 2, 384, 3, 32035, 10524, 21245, 0, 0, 30, 5331, 4901, 9610, 82, 0, 0, 19, 21, 35, 2, 54049, 46161, 49224, 1, 0, 0, 382,-
439,r2,5, 1055908, 1032,"  101ca4:	e0033000 	and	r3, r3, r0",benign, 610, 211, 10245, 2, 6852, 2691, 1, 567, 756, 0, 219, 54055, 550, 3, 7, 7944, 3, 405, 3, 31968, 10419, 21200, 0, 0, 30, 5547, 4734, 9605, 80, 0, 0, 19, 22, 35, 2, 54043, 45984, 48999, 1, 0, 0, 403,-
440,r3,0, 1052784, 1030,"  101070:	e0033000 	and	r3, r3, r0",benign, 599, 189, 10252, 2, 6849, 2690, 1, 567, 756, 0, 226, 53651, 550, 3, 7, 8461, 2, 382, 3, 32184, 10557, 21235, 0, 0, 30, 5332, 4888, 9600, 81, 0, 0, 18, 21, 34, 2, 54487, 46362, 49395, 1, 0, 0, 380,-
441,r1,8, 1061302, 1038,"  1031b4:	e5030014 	str	r0, [r3, #-20]	; 0xffffffec",benign, 608, 188, 10245, 2, 6852, 2691, 1, 567, 756, 0, 219, 54068, 550, 3, 7, 7883, 3, 405, 3, 32322, 10807, 21218, 0, 0, 30, 5365, 4859, 9628, 85, 0, 0, 19, 22, 35, 2, 54386, 46274, 49284, 1, 0, 0, 382,-
442,r0,26, 1054240, 1029,"  101620:	e50b3010 	str	r3, [fp, #-16]",benign, 653, 234, 10237, 2, 6852, 2692, 1, 567, 756, 0, 219, 53629, 550, 3, 7, 8148, 2, 383, 3, 32656, 11161, 21232, 0, 0, 30, 5571, 4659, 9605, 80, 0, 0, 19, 24, 35, 2, 54104, 46518, 49630, 1, 0, 0, 380,-
443,r2,3, 1061273, 1038,"  103198:	e8bd8800 	pop	{fp, pc}",benign, 618, 189, 10234, 2, 6848, 2693, 4, 567, 756, 0, 220, 53318, 550, 3, 7, 7776, 3, 406, 3, 31907, 10335, 21201, 0, 0, 30, 5517, 4714, 9605, 80, 0, 0, 19, 24, 35, 2, 53869, 46556, 49706, 1, 0, 0, 380,-
444,r0,16, 1060881, 1036,"  103010:	e51b3008 	ldr	r3, [fp, #-8]",benign, 603, 212, 10230, 2, 6850, 2691, 1, 567, 756, 0, 218, 53965, 550, 3, 7, 8493, 2, 383, 3, 32708, 11250, 21211, 0, 0, 30, 5317, 4915, 9612, 81, 0, 0, 18, 22, 34, 2, 54159, 46068, 49213, 1, 0, 0, 382,-
445,r3,14, 1055420, 1034,"  101abc:	e50b3014 	str	r3, [fp, #-20]	; 0xffffffec",benign, 622, 211, 10254, 2, 6857, 2691, 4, 567, 756, 0, 219, 53960, 550, 3, 7, 7869, 2, 382, 3, 32711, 11177, 21235, 0, 0, 30, 5068, 5166, 9610, 81, 0, 0, 19, 22, 35, 2, 54359, 46088, 49095, 1, 0, 0, 403,-
446,r0,19, 1052163, 1029,"  100e00:	e51b1010 	ldr	r1, [fp, #-16]",benign, 613, 188, 10232, 2, 6856, 2691, 4, 567, 756, 0, 228, 53795, 550, 3, 7, 7682, 3, 405, 3, 31984, 10486, 21215, 0, 0, 30, 5522, 4713, 9614, 81, 0, 0, 18, 22, 34, 2, 54010, 46586, 49679, 1, 0, 0, 380,-
447,r0,30, 1055490, 1035,"  101b00:	e30e3ba1 	movw	r3, #60321	; 0xeba1",benign, 604, 189, 10251, 2, 6851, 2692, 1, 567, 756, 0, 220, 54080, 550, 3, 7, 8575, 3, 405, 3, 31969, 10304, 21238, 0, 0, 30, 5328, 4902, 9613, 80, 0, 0, 19, 22, 35, 2, 53891, 46173, 49243, 1, 0, 0, 381,-
448,r3,3, 1059780, 1037,"  102bc4:	e0233001 	eor	r3, r3, r1",benign, 609, 210, 10249, 2, 6853, 2694, 1, 567, 756, 0, 221, 53433, 550, 3, 7, 7861, 2, 384, 3, 32626, 11106, 21221, 0, 0, 30, 5378, 4879, 9631, 84, 0, 0, 19, 22, 35, 2, 53773, 45936, 48985, 1, 0, 0, 380,-
449,r0,15, 1059207, 1027,"  102984:	e50b3010 	str	r3, [fp, #-16]",benign, 612, 190, 10242, 2, 6852, 2693, 1, 567, 756, 0, 228, 53515, 550, 3, 7, 8121, 2, 381, 3, 32088, 10515, 21237, 0, 0, 30, 5064, 5160, 9611, 82, 0, 0, 22, 23, 37, 2, 54139, 46488, 49473, 1, 0, 0, 382,-
450,r1,31, 1061248, 1032,"  103180:	e51b2008 	ldr	r2, [fp, #-8]",benign, 613, 189, 10244, 2, 6852, 2692, 1, 567, 756, 0, 230, 54044, 550, 3, 7, 8420, 2, 384, 3, 32752, 11226, 21240, 0, 0, 30, 5275, 4959, 9624, 85, 0, 0, 19, 22, 35, 2, 54538, 46524, 49776, 1, 0, 0, 382,-
451,r0,9, 1057740, 1028,"  1023cc:	e51b1014 	ldr	r1, [fp, #-20]	; 0xffffffec",benign, 617, 190, 10242, 2, 6851, 2690, 1, 567, 756, 0, 227, 53777, 550, 3, 7, 8033, 3, 405, 3, 31955, 10440, 21199, 0, 0, 30, 5522, 4728, 9614, 82, 0, 0, 19, 22, 35, 2, 53860, 46206, 49258, 1, 0, 0, 380,-
452,r2,1, 1060751, 1038,"  102f8c:	e5832014 	str	r2, [r3, #20]",benign, 608, 189, 10242, 2, 6851, 2690, 4, 567, 756, 0, 224, 53446, 550, 3, 7, 7624, 2, 407, 3, 32288, 10688, 21217, 0, 0, 30, 5522, 4725, 9613, 83, 0, 0, 22, 24, 37, 2, 54234, 46496, 49498, 1, 0, 0, 380,-
453,r1,24, 1054703, 1033,"  1017ec:	e0211003 	eor	r1, r1, r3",benign, 607, 187, 10242, 2, 6846, 2689, 1, 567, 756, 0, 223, 53550, 550, 3, 7, 8030, 2, 381, 3, 32125, 10555, 21226, 0, 0, 30, 5554, 4676, 9626, 83, 0, 0, 19, 21, 35, 2, 53900, 45942, 48941, 1, 0, 0, 381,-
454,r3,10, 1060906, 1031,"  103028:	e0822003 	add	r2, r2, r3",benign, 613, 189, 10250, 2, 6854, 2694, 1, 567, 756, 0, 217, 53842, 550, 3, 7, 7757, 3, 405, 3, 32628, 11091, 21255, 0, 0, 30, 5276, 4953, 9608, 79, 0, 0, 18, 22, 34, 2, 54009, 46450, 49437, 1, 0, 0, 380,-
455,r2,28, 1058497, 1033,"  1026c0:	e0822003 	add	r2, r2, r3",benign, 608, 190, 10236, 2, 6842, 2691, 1, 567, 756, 0, 229, 53661, 550, 3, 7, 8479, 2, 384, 3, 32382, 10779, 21229, 0, 0, 30, 5508, 4743, 9618, 81, 0, 0, 18, 23, 34, 2, 53916, 45993, 49043, 1, 0, 0, 380,-
456,r0,27, 1053805, 1035,"  10146c:	e51b300c 	ldr	r3, [fp, #-12]",benign, 610, 212, 10232, 2, 6847, 2694, 1, 567, 756, 0, 228, 53745, 550, 3, 7, 7965, 2, 383, 3, 31953, 10451, 21225, 0, 0, 30, 5548, 4702, 9616, 78, 0, 0, 19, 22, 35, 2, 54534, 46224, 49140, 1, 0, 0, 380,-
457,r3,5, 1058148, 1031,"  102564:	e0822003 	add	r2, r2, r3",benign, 617, 190, 10244, 2, 6852, 2692, 1, 567, 756, 0, 221, 53410, 550, 3, 7, 8602, 2, 384, 3, 32711, 11157, 21274, 0, 0, 30, 5546, 4714, 9618, 82, 0, 0, 19, 23, 35, 2, 53725, 46344, 49408, 1, 0, 0, 403,-
458,r3,23, 1053196, 1032,"  10120c:	e51b3014 	ldr	r3, [fp, #-20]	; 0xffffffec",benign, 604, 211, 10249, 2, 6857, 2691, 4, 567, 756, 0, 216, 53196, 550, 3, 7, 8357, 2, 383, 3, 32167, 10687, 21244, 0, 0, 30, 5556, 4695, 9643, 84, 0, 0, 19, 23, 35, 2, 53830, 46009, 49065, 1, 0, 0, 380,-
459,r3,4, 1058003, 1033,"  1024d0:	e51b3010 	ldr	r3, [fp, #-16]",benign, 608, 190, 10236, 2, 6847, 2692, 1, 567, 756, 0, 222, 53721, 550, 3, 7, 8378, 2, 384, 3, 32260, 10736, 21246, 0, 0, 30, 5332, 4893, 9623, 81, 0, 0, 18, 22, 34, 2, 54540, 46045, 49085, 1, 0, 0, 381,-
460,r2,1, 1059520, 1030,"  102ac0:	e50b3014 	str	r3, [fp, #-20]	; 0xffffffec",benign, 610, 189, 10240, 2, 6849, 2694, 1, 567, 756, 0, 221, 53590, 550, 3, 7, 8036, 2, 382, 3, 31979, 10492, 21207, 0, 0, 30, 5542, 4703, 9620, 83, 0, 0, 19, 22, 35, 2, 53941, 46511, 49686, 1, 0, 0, 380,-
461,r1,21, 1059309, 1033,"  1029ec:	e51b300c 	ldr	r3, [fp, #-12]",benign, 616, 190, 10235, 2, 6858, 2693, 1, 567, 756, 0, 223, 53626, 550, 3, 7, 7731, 2, 382, 3, 32666, 11075, 21244, 0, 0, 30, 5364, 4867, 9620, 81, 0, 0, 19, 21, 35, 2, 54012, 46105, 49084, 1, 0, 0, 381,-
462,r0,19, 1055875, 1031,"  101c80:	e51b300c 	ldr	r3, [fp, #-12]",benign, 619, 188, 10249, 2, 6852, 2691, 1, 567, 756, 0, 214, 53661, 550, 3, 7, 7975, 2, 382, 3, 32001, 10524, 21277, 0, 0, 30, 5356, 4863, 9610, 81, 0, 0, 18, 23, 34, 2, 53855, 45833, 48877, 1, 0, 0, 380,-
463,r2,9, 1053946, 1031,"  1014f8:	e0211003 	eor	r1, r1, r3",benign, 773, 347, 10240, 2, 6851, 2692, 4, 567, 756, 0, 225, 53447, 550, 3, 7, 7892, 2, 382, 3, 32061, 10509, 21230, 0, 0, 30, 5341, 4892, 9611, 81, 0, 0, 18, 24, 34, 2, 53862, 46015, 49029, 1, 0, 0, 381,-
464,r0,1, 1055258, 1032,"  101a18:	e51b301c 	ldr	r3, [fp, #-28]	; 0xffffffe4",benign, 603, 188, 10239, 2, 6856, 2691, 1, 567, 756, 0, 221, 54103, 550, 3, 7, 8212, 2, 383, 3, 31973, 10441, 21241, 0, 0, 30, 5370, 4858, 9638, 85, 0, 0, 19, 23, 35, 2, 53786, 46429, 49648, 1, 0, 0, 403,-
465,r1,9, 1051332, 1036,"  100ac4:	e51b3010 	ldr	r3, [fp, #-16]",benign, 613, 189, 10238, 2, 6847, 2690, 4, 567, 756, 0, 224, 53437, 550, 3, 7, 7693, 2, 382, 3, 32727, 11110, 21242, 0, 0, 30, 5552, 4683, 9612, 80, 0, 0, 19, 23, 35, 2, 54185, 46377, 49547, 1, 0, 0, 403,-
466,r1,19, 1053729, 1029,"  101420:	e0211003 	eor	r1, r1, r3",benign, 600, 188, 10247, 2, 6853, 2692, 4, 567, 756, 0, 223, 53351, 550, 3, 7, 8557, 2, 382, 3, 32581, 11064, 21209, 0, 0, 30, 5258, 4984, 9616, 81, 0, 0, 19, 24, 35, 2, 54081, 46170, 49205, 1, 0, 0, 379,-
467,r1,19, 1060158, 1030,"  102d3c:	e50b3018 	str	r3, [fp, #-24]	; 0xffffffe8",benign, 611, 190, 10254, 2, 6853, 2693, 1, 567, 756, 0, 212, 53353, 550, 3, 7, 8093, 2, 384, 3, 32371, 10814, 21267, 0, 0, 30, 5511, 4732, 9611, 82, 0, 0, 19, 22, 35, 2, 53762, 46330, 49611, 1, 0, 0, 402,-
468,r1,18, 1055204, 1031,"  1019e4:	e50b3014 	str	r3, [fp, #-20]	; 0xffffffec",benign, 614, 189, 10242, 2, 6850, 2689, 1, 567, 756, 0, 223, 53488, 550, 3, 7, 7697, 2, 383, 3, 32460, 10983, 21237, 0, 0, 30, 5279, 4965, 9623, 84, 0, 0, 18, 22, 34, 2, 54616, 46511, 49484, 1, 0, 0, 381,-
469,r1,19, 1053415, 1031,"  1012e4:	e3073999 	movw	r3, #31129	; 0x7999",benign, 615, 189, 10235, 2, 6850, 2693, 1, 567, 756, 0, 226, 53576, 550, 3, 7, 7879, 2, 381, 3, 32425, 10923, 21216, 0, 0, 30, 5333, 4907, 9627, 82, 0, 0, 22, 24, 37, 2, 54098, 46049, 49081, 1, 0, 0, 379,-
470,r2,10, 1057499, 1031,"  1022d8:	e51b3018 	ldr	r3, [fp, #-24]	; 0xffffffe8",benign, 609, 189, 10242, 2, 6849, 2691, 1, 567, 756, 0, 227, 53703, 550, 3, 7, 7956, 2, 383, 3, 31996, 10430, 21200, 0, 0, 30, 5568, 4658, 9621, 82, 0, 0, 18, 23, 34, 2, 54120, 45892, 48833, 1, 0, 0, 382,-
471,r2,14, 1058217, 1029,"  1025a8:	e50b3010 	str	r3, [fp, #-16]",benign, 609, 189, 10244, 2, 6847, 2690, 1, 567, 756, 0, 224, 53393, 550, 3, 7, 7578, 2, 382, 3, 32815, 11291, 21238, 0, 0, 30, 5519, 4706, 9618, 84, 0, 0, 22, 24, 37, 2, 53752, 46389, 49402, 1, 0, 0, 381,-
472,r1,17, 1058711, 1034,"  102794:	e51b301c 	ldr	r3, [fp, #-28]	; 0xffffffe4",benign, 608, 211, 10241, 2, 6852, 2691, 1, 567, 756, 0, 221, 54125, 550, 3, 7, 8418, 3, 405, 3, 32735, 11230, 21256, 0, 0, 30, 5575, 4673, 9629, 83, 0, 0, 19, 22, 35, 2, 53901, 46026, 49014, 1, 0, 0, 504,-
473,r3,21, 1059840, 1033,"  102c00:	e1a03163 	ror	r3, r3, #2",benign, 607, 188, 10249, 2, 6852, 2693, 1, 567, 756, 0, 224, 53891, 550, 3, 7, 7812, 2, 383, 3, 32683, 11142, 21222, 0, 0, 30, 5344, 4897, 9619, 83, 0, 0, 19, 22, 35, 2, 54196, 46532, 49607, 1, 0, 0, 380,-
474,r3,0, 1061376, 1031,"  103200:	e50b3010 	str	r3, [fp, #-16]",benign, 607, 190, 10244, 2, 6855, 2694, 1, 567, 756, 0, 220, 53732, 550, 3, 7, 7763, 2, 381, 3, 32138, 10594, 21238, 0, 0, 30, 5592, 4654, 9625, 82, 0, 0, 22, 23, 37, 2, 54027, 45976, 48957, 1, 0, 0, 379,-
475,r2,4, 1055185, 1037,"  1019d0:	e50b301c 	str	r3, [fp, #-28]	; 0xffffffe4",benign, 608, 188, 10247, 2, 6849, 2692, 4, 567, 756, 0, 221, 53537, 550, 3, 7, 8468, 3, 405, 3, 32166, 10676, 21208, 0, 0, 30, 5512, 5001, 9641, 83, 0, 0, 19, 24, 35, 2, 54124, 45927, 48964, 1, 0, 0, 382,-
476,r2,28, 1057535, 1028,"  1022fc:	e51b301c 	ldr	r3, [fp, #-28]	; 0xffffffe4",benign, 609, 189, 10251, 2, 6852, 2691, 1, 567, 756, 0, 216, 54014, 550, 3, 7, 7624, 2, 382, 3, 32642, 11087, 21266, 0, 0, 30, 5330, 4914, 9632, 81, 0, 0, 19, 22, 35, 2, 53849, 46053, 49053, 1, 0, 0, 382,-
477,r0,3, 1058044, 1032,"  1024fc:	e30b3cdc 	movw	r3, #48348	; 0xbcdc",benign, 615, 189, 10237, 2, 6847, 2690, 1, 567, 756, 0, 219, 53235, 550, 3, 7, 8157, 2, 382, 3, 31813, 10310, 21237, 0, 0, 30, 5550, 4686, 9614, 82, 0, 0, 19, 24, 35, 2, 54436, 46371, 49435, 1, 0, 0, 381,-
478,r3,26, 1060562, 1034,"  102ed0:	e51b3168 	ldr	r3, [fp, #-360]	; 0xfffffe98",benign, 607, 188, 10250, 2, 6857, 2693, 1, 567, 756, 0, 218, 53729, 550, 3, 7, 8080, 2, 383, 3, 32055, 10433, 21280, 0, 0, 30, 5343, 4901, 9620, 81, 0, 0, 18, 21, 34, 2, 53854, 46003, 48958, 1, 0, 0, 381,-
479,r2,1, 1056907, 1034,"  102088:	e1813003 	orr	r3, r1, r3",benign, 614, 187, 10233, 2, 6857, 2694, 1, 567, 756, 0, 223, 53575, 550, 3, 7, 7932, 2, 383, 3, 32660, 11061, 21229, 0, 0, 30, 5292, 4932, 9616, 82, 0, 0, 19, 22, 35, 2, 54323, 45969, 49018, 1, 0, 0, 382,-
480,r2,2, 1060944, 1031,"  103050:	e51b0008 	ldr	r0, [fp, #-8]",benign, 623, 190, 10252, 2, 6857, 2692, 1, 567, 756, 0, 230, 54208, 550, 3, 7, 8289, 2, 382, 3, 31988, 10446, 21242, 0, 0, 30, 5564, 4666, 9608, 83, 0, 0, 19, 21, 35, 2, 53935, 46046, 49091, 1, 0, 0, 382,-
481,r0,23, 1054642, 1032,"  1017b0:	e51b3018 	ldr	r3, [fp, #-24]	; 0xffffffe8",benign, 607, 188, 10238, 2, 6854, 2692, 4, 567, 756, 0, 221, 53593, 550, 3, 7, 8251, 2, 382, 3, 31823, 10326, 21231, 0, 0, 30, 5574, 4659, 9615, 82, 0, 0, 18, 22, 34, 2, 53850, 46177, 49200, 1, 0, 0, 381,-
482,r0,5, 1060894, 1033,"  10301c:	e5932018 	ldr	r2, [r3, #24]",benign, 616, 188, 10235, 2, 6860, 2695, 1, 567, 756, 0, 218, 53622, 550, 3, 7, 7769, 2, 546, 3, 32259, 10757, 21229, 0, 0, 30, 5517, 4716, 9599, 80, 0, 0, 19, 22, 35, 2, 54614, 46159, 49157, 1, 0, 0, 381,-
483,r2,11, 1054062, 1031,"  10156c:	e0233001 	eor	r3, r3, r1",benign, 610, 188, 10246, 2, 6852, 2693, 1, 567, 756, 0, 225, 54129, 550, 3, 7, 7999, 3, 406, 3, 31763, 10316, 21210, 0, 0, 30, 5562, 4711, 9628, 79, 0, 0, 18, 22, 34, 2, 53885, 46602, 49775, 1, 0, 0, 402,-
484,r1,26, 1055448, 1034,"  101ad8:	e51b1010 	ldr	r1, [fp, #-16]",benign, 600, 189, 10256, 2, 6856, 2692, 1, 567, 756, 0, 217, 53379, 550, 3, 7, 8142, 2, 384, 3, 32641, 11083, 21253, 0, 0, 30, 5507, 4731, 9614, 82, 0, 0, 18, 22, 34, 2, 54150, 46140, 49187, 1, 0, 0, 381,-
485,r1,23, 1057900, 1033,"  10246c:	e0822003 	add	r2, r2, r3",benign, 603, 188, 10236, 2, 6850, 2691, 1, 567, 756, 0, 224, 53285, 550, 3, 7, 8189, 3, 406, 3, 32096, 10630, 21220, 0, 0, 30, 5334, 4907, 9626, 88, 0, 0, 18, 23, 34, 2, 53819, 46508, 49475, 1, 0, 0, 379,-
486,r2,18, 1052449, 1032,"  100f20:	e0822003 	add	r2, r2, r3",benign, 611, 190, 10237, 2, 6854, 2692, 1, 567, 756, 0, 218, 54223, 550, 3, 7, 7642, 2, 382, 3, 32012, 10421, 21237, 0, 0, 30, 5515, 4710, 9593, 81, 0, 0, 19, 22, 35, 2, 54057, 45994, 49022, 1, 0, 0, 380,-
487,r3,11, 1055586, 1031,"  101b60:	e0822003 	add	r2, r2, r3",benign, 602, 188, 10233, 2, 6854, 2693, 1, 567, 756, 0, 224, 54080, 550, 3, 7, 8090, 2, 383, 3, 32021, 10524, 21225, 0, 0, 30, 5514, 4723, 9610, 83, 0, 0, 19, 22, 35, 2, 54100, 46405, 49563, 1, 0, 0, 380,-
488,r1,1, 1059336, 1033,"  102a08:	e51b3014 	ldr	r3, [fp, #-20]	; 0xffffffec",benign, 609, 190, 10235, 2, 6860, 2695, 4, 567, 756, 0, 221, 54145, 550, 3, 7, 7800, 2, 383, 3, 31971, 10483, 21222, 0, 0, 30, 5515, 4713, 9611, 80, 0, 0, 19, 22, 35, 2, 54117, 46030, 49010, 1, 0, 0, 380,-
489,r1,3, 1054771, 1034,"  101830:	e1a03163 	ror	r3, r3, #2",benign, 611, 190, 10251, 2, 6854, 2693, 4, 567, 756, 0, 219, 53392, 550, 3, 7, 7869, 2, 384, 3, 32436, 10869, 21282, 0, 0, 30, 5526, 4711, 9607, 81, 0, 0, 18, 21, 34, 2, 54053, 46249, 49263, 1, 0, 0, 381,-
490,r3,20, 1059248, 1035,"  1029b0:	e51b301c 	ldr	r3, [fp, #-28]	; 0xffffffe4",benign, 602, 188, 10248, 2, 6851, 2691, 1, 567, 756, 0, 217, 53357, 550, 3, 7, 7726, 2, 382, 3, 31976, 10445, 21248, 0, 0, 30, 5370, 4885, 9621, 82, 0, 0, 19, 23, 35, 2, 53984, 46404, 49590, 1, 0, 0, 382,-
491,r3,10, 1055171, 1032,"  1019c0:	e3463ed9 	movt	r3, #28377	; 0x6ed9",benign, 607, 189, 10237, 2, 6848, 2693, 4, 567, 756, 0, 215, 53911, 550, 3, 7, 7900, 3, 405, 3, 32025, 10563, 21263, 0, 0, 30, 5324, 4916, 9611, 82, 0, 0, 19, 22, 35, 2, 53773, 46129, 49120, 1, 0, 0, 381,-
492,r3,8, 1052072, 1034,"  100da8:	e0822003 	add	r2, r2, r3",benign, 609, 210, 10228, 2, 6856, 2694, 4, 567, 756, 0, 227, 53760, 550, 3, 7, 7950, 3, 404, 3, 32626, 11168, 21208, 0, 0, 30, 5320, 4890, 9606, 82, 0, 0, 18, 23, 34, 2, 54184, 46163, 49168, 1, 0, 0, 379,-
493,r2,15, 1053063, 1031,"  101184:	e0823003 	add	r3, r2, r3",benign, 611, 188, 10243, 2, 6851, 2692, 1, 567, 756, 0, 225, 54169, 550, 3, 7, 8117, 2, 382, 3, 31983, 10433, 21218, 0, 0, 30, 5331, 4887, 9618, 79, 0, 0, 21, 23, 36, 2, 53972, 46210, 49298, 1, 0, 0, 382,-
494,r2,26, 1055980, 1034,"  101cec:	e51b300c 	ldr	r3, [fp, #-12]",benign, 610, 189, 10242, 2, 6849, 2692, 4, 567, 756, 0, 226, 53302, 550, 3, 7, 7766, 2, 384, 3, 32434, 10888, 21229, 0, 0, 30, 5356, 4890, 9617, 81, 0, 0, 19, 22, 35, 2, 54623, 46114, 49150, 1, 0, 0, 381,-
495,r2,11, 1057397, 1029,"  102274:	e0033000 	and	r3, r3, r0",benign, 609, 187, 10248, 2, 6850, 2692, 4, 567, 756, 0, 222, 54193, 550, 3, 7, 8009, 2, 381, 3, 31895, 10406, 21217, 0, 0, 30, 5564, 4684, 9636, 80, 0, 0, 18, 23, 34, 2, 54065, 45901, 48919, 1, 0, 0, 403,-
496,r3,26, 1053508, 1028,"  101344:	e1813003 	orr	r3, r1, r3",benign, 613, 190, 10222, 2, 6848, 2696, 4, 567, 756, 0, 227, 53649, 550, 3, 7, 7980, 2, 384, 3, 32949, 11424, 21222, 0, 0, 30, 5534, 4717, 9614, 82, 0, 0, 22, 23, 37, 2, 53876, 45952, 48946, 1, 0, 0, 403,-
497,r3,15, 1051015, 1033,"  100984:	e50b3008 	str	r3, [fp, #-8]",benign, 615, 188, 10247, 2, 6852, 2693, 1, 567, 756, 0, 221, 53441, 550, 3, 7, 8318, 3, 404, 3, 32090, 10543, 21201, 0, 0, 30, 5350, 4922, 9635, 83, 0, 0, 19, 22, 35, 2, 53788, 46164, 49180, 1, 0, 0, 380,-
498,r3,11, 1060251, 1039,"  102d98:	e50b3020 	str	r3, [fp, #-32]	; 0xffffffe0",benign, 605, 187, 10229, 2, 6860, 2694, 1, 567, 756, 0, 223, 53531, 550, 3, 7, 7786, 3, 404, 3, 31973, 10344, 21266, 0, 0, 30, 5524, 4698, 9607, 82, 0, 0, 19, 23, 35, 2, 54150, 45827, 48805, 1, 0, 0, 381,-
