num,reg,pos,loc,instraction,res,0,1,2,3,4,5,6,7,8,9,10,11,12,13,14,15,16,17,18,19,20,21,22,23,24,25,26,27,28,29,30,31,32,33,34,35,36,37,38,39,40,41
0,0x10fa44,16, 1058844,"  10281c:	e51b300c 	ldr	r3, [fp, #-12]
",benign, 207, 76, 2907, 2, 1794, 1092, 1, 523, 726, 0, 251, 24404, 522, 3, 95, 2869, 1401, 413, 3, 14299, 6461, 8255, 0, 0, 33, 1876, 2056, 2945, 92, 0, 0, 17, 34, 132, 2, 25037, 16320, 19861, 1, 0, 0, 375
1,0x130004,15, 1060011,"  102ca8:	e50b301c 	str	r3, [fp, #-28]	; 0xffffffe4
",benign, 291, 196, 2848, 2, 1759, 1081, 1, 521, 727, 0, 250, 23967, 524, 3, 92, 2914, 1364, 413, 3, 14215, 6638, 8135, 0, 0, 34, 1838, 2013, 2888, 91, 0, 0, 17, 22, 129, 2, 24666, 16420, 19704, 1, 0, 0, 316
2,0x1295d4,10, 1060653,"  102f2c:	e34e3fcd 	movt	r3, #61389	; 0xefcd
",benign, 287, 199, 2893, 2, 1784, 1085, 1, 522, 728, 0, 252, 24262, 524, 3, 92, 2897, 1157, 395, 3, 13989, 6348, 8237, 0, 0, 33, 1873, 2049, 2940, 94, 0, 0, 17, 21, 128, 2, 25073, 16324, 19656, 1, 0, 0, 316
3,0x124c98,18, 1056374,"  101e74:	e0033000 	and	r3, r3, r0
",benign, 287, 198, 2732, 2, 1677, 1070, 1, 506, 709, 0, 231, 21754, 506, 3, 93, 2905, 1272, 413, 3, 12084, 6503, 7896, 0, 0, 34, 1766, 1975, 2789, 91, 0, 0, 17, 21, 114, 2, 22291, 14196, 17472, 1, 0, 0, 316
4,0x10d24c,29, 1060759,"  102f94:	e24dd010 	sub	sp, sp, #16
",benign, 284, 197, 2870, 2, 1776, 1082, 1, 522, 727, 0, 254, 24125, 523, 3, 95, 2987, 1413, 395, 3, 13915, 6434, 8185, 0, 0, 33, 1854, 2036, 2912, 95, 0, 0, 17, 71, 115, 2, 24557, 16463, 19792, 1, 0, 0, 316
5,0x12c8d4,8, 1060169,"  102d48:	e51b3014 	ldr	r3, [fp, #-20]	; 0xffffffec
",benign, 285, 197, 2878, 1, 1768, 1082, 1, 522, 727, 0, 240, 23798, 523, 3, 94, 2824, 1534, 413, 3, 13908, 6317, 8201, 0, 0, 33, 1856, 2028, 2901, 91, 0, 0, 18, 52, 134, 2, 24729, 16698, 19973, 1, 0, 0, 316
6,0x104790,13, 1054594,"  101780:	e30e3ba1 	movw	r3, #60321	; 0xeba1
",benign, 284, 199, 2899, 1, 1795, 1090, 1, 522, 728, 0, 246, 24198, 524, 3, 93, 3105, 1172, 415, 3, 14179, 6557, 8235, 0, 0, 33, 1873, 2054, 2929, 93, 0, 0, 17, 41, 132, 2, 24738, 16464, 19748, 1, 0, 0, 316
7,0x13befc,21, 1051163,"  100a18:	e2433004 	sub	r3, r3, #4
",benign, 285, 198, 2863, 1, 1772, 1084, 1, 519, 726, 0, 237, 23877, 522, 3, 95, 2860, 1294, 415, 3, 14000, 6366, 8177, 0, 0, 33, 1822, 2053, 2897, 93, 0, 0, 18, 34, 130, 2, 24699, 16238, 19509, 1, 0, 0, 316
8,0x110cb0,5, 1052607,"  100fbc:	e1a02de3 	ror	r2, r3, #27
",benign, 280, 198, 2867, 2, 1763, 1082, 1, 519, 726, 0, 233, 23888, 522, 3, 94, 2876, 1333, 415, 3, 14052, 6365, 8156, 0, 0, 33, 1828, 2053, 2895, 91, 0, 0, 17, 21, 132, 2, 24810, 16453, 19895, 1, 0, 0, 316
9,0x132ff8,14, 1056181,"  101db4:	e50b3018 	str	r3, [fp, #-24]	; 0xffffffe8
",benign, 282, 199, 2878, 1, 1774, 1088, 1, 519, 726, 0, 235, 23862, 522, 3, 96, 3097, 1371, 415, 3, 14066, 6388, 8151, 0, 0, 33, 1830, 2043, 2891, 91, 0, 0, 17, 21, 132, 2, 24456, 16417, 19702, 1, 0, 0, 316
10,0x13a660,12, 1061991,"  103464:	e3403011 	movt	r3, #17
",benign, 348, 257, 2873, 2, 1773, 1088, 1, 522, 734, 0, 234, 23948, 531, 3, 93, 2891, 1229, 412, 3, 14129, 6494, 8205, 0, 0, 34, 1836, 2060, 2900, 91, 0, 0, 17, 40, 112, 2, 24857, 16536, 19872, 1, 0, 0, 316
11,0x1335bc,16, 1057492,"  1022d4:	e1813003 	orr	r3, r1, r3
",benign, 286, 198, 2889, 2, 1776, 1085, 1, 519, 725, 0, 239, 24085, 521, 3, 94, 3144, 1186, 395, 3, 14140, 6498, 8211, 0, 0, 33, 1855, 2031, 2922, 94, 0, 0, 17, 21, 132, 2, 24611, 16410, 19692, 1, 0, 0, 316
12,0x136198,30, 1059674,"  102b58:	e0823003 	add	r3, r2, r3
",benign, 283, 199, 2823, 2, 1725, 1082, 1, 511, 711, 0, 231, 23803, 507, 3, 94, 2678, 1237, 398, 3, 14173, 6624, 8013, 0, 0, 33, 1778, 1997, 2839, 91, 0, 0, 17, 52, 132, 2, 24501, 15992, 19257, 1, 0, 0, 316
13,0x12f230,26, 1061176,"  103138:	e0820003 	add	r0, r2, r3
",benign, 284, 198, 2810, 2, 1716, 1076, 1, 511, 711, 0, 233, 23858, 507, 3, 95, 2754, 1197, 411, 3, 14248, 6432, 7987, 0, 0, 33, 1776, 1999, 2842, 93, 0, 0, 17, 34, 132, 2, 24341, 16144, 19560, 1, 0, 0, 316
14,0x122bf4,5, 1060192,"  102d60:	e0822003 	add	r2, r2, r3
",benign, 338, 254, 2878, 2, 1772, 1082, 1, 522, 727, 0, 256, 24367, 523, 3, 95, 3027, 1194, 415, 3, 14064, 6376, 8216, 0, 0, 33, 1858, 2033, 2907, 93, 0, 0, 17, 21, 112, 2, 24725, 16449, 19770, 1, 0, 0, 316
15,0x128f40,12, 1056149,"  101d94:	e0822003 	add	r2, r2, r3
",benign, 288, 197, 2873, 2, 1770, 1085, 1, 519, 725, 0, 241, 24112, 521, 3, 94, 2840, 1309, 411, 3, 14201, 6633, 8210, 0, 0, 33, 1860, 2022, 2930, 94, 0, 0, 17, 42, 115, 2, 24837, 16333, 19682, 1, 0, 0, 374
16,0x122298,18, 1052549,"  100f84:	e0823003 	add	r3, r2, r3
",benign, 291, 198, 2884, 2, 1786, 1082, 1, 528, 742, 0, 246, 24198, 539, 3, 93, 2854, 1412, 415, 3, 14141, 6511, 8285, 0, 0, 34, 1897, 2049, 2930, 94, 0, 0, 18, 21, 134, 2, 24745, 16641, 19951, 1, 0, 0, 316
17,0x136690,17, 1051045,"  1009a4:	e51b3008 	ldr	r3, [fp, #-8]
",benign, 286, 199, 2897, 1, 1784, 1086, 1, 522, 728, 0, 243, 24260, 524, 3, 93, 3021, 1203, 412, 3, 14302, 6335, 8241, 0, 0, 33, 1926, 2099, 2926, 93, 0, 0, 17, 22, 132, 2, 24916, 16947, 20239, 1, 0, 0, 316
18,0x127034,30, 1062364,"  1035dc:	e50b0018 	str	r0, [fp, #-24]	; 0xffffffe8
",benign, 289, 198, 2878, 2, 1767, 1082, 1, 522, 734, 0, 237, 23809, 531, 3, 93, 2769, 1209, 469, 3, 14260, 6545, 8220, 0, 0, 34, 1842, 2070, 2910, 91, 0, 0, 17, 22, 128, 2, 24788, 16433, 19715, 1, 0, 0, 372
19,0x1321f4,19, 1052995,"  101140:	e0033000 	and	r3, r3, r0
",benign, 284, 197, 2860, 2, 1764, 1081, 1, 521, 728, 0, 242, 23918, 524, 3, 95, 2976, 1155, 397, 3, 14277, 6652, 8188, 0, 0, 33, 1850, 2034, 2907, 91, 0, 0, 17, 33, 132, 2, 24818, 16266, 19539, 1, 0, 0, 316
20,0x103fe8,9, 1061922,"  103420:	e3a03078 	mov	r3, #120	; 0x78
",benign, 283, 198, 2879, 1, 1770, 1082, 1, 521, 728, 0, 250, 24071, 524, 3, 94, 2876, 1260, 411, 3, 14193, 6526, 8202, 0, 0, 33, 1853, 2039, 2914, 93, 0, 0, 17, 33, 132, 2, 24580, 16351, 19621, 1, 0, 0, 374
21,0x1335fc,22, 1050038,"  1005b4:	e3403012 	movt	r3, #18
",benign, 378, 198, 2879, 6, 1787, 1082, 1, 527, 741, 0, 252, 25146, 538, 3, 92, 3235, 1258, 454, 3, 15204, 7629, 8348, 0, 0, 34, 1947, 2106, 2918, 92, 0, 0, 17, 53, 112, 4, 25890, 17211, 20585, 3, 0, 0, 374
22,0x12f0c0,3, 1055744,"  101c00:	e51b3014 	ldr	r3, [fp, #-20]	; 0xffffffec
",benign, 285, 196, 2884, 2, 1787, 1083, 1, 531, 747, 0, 252, 24444, 544, 3, 92, 2945, 1155, 413, 3, 14198, 6572, 8308, 0, 0, 34, 1906, 2074, 2941, 94, 0, 0, 17, 22, 130, 2, 24772, 17013, 20519, 1, 0, 0, 316
23,0x10202c,8, 1061350,"  1031e4:	e51b3010 	ldr	r3, [fp, #-16]
",benign, 288, 197, 2891, 2, 1787, 1083, 1, 531, 747, 0, 251, 24322, 544, 3, 93, 2992, 1200, 411, 3, 14169, 6368, 8330, 0, 0, 34, 1893, 2064, 2932, 93, 0, 0, 18, 22, 134, 2, 24925, 16598, 19914, 1, 0, 0, 316
24,0x112e58,24, 1055423,"  101abc:	e51b3014 	ldr	r3, [fp, #-20]	; 0xffffffec
",benign, 290, 198, 2884, 2, 1780, 1083, 1, 528, 742, 0, 255, 24203, 539, 3, 92, 2881, 1272, 415, 3, 14206, 6630, 8263, 0, 0, 34, 1880, 2065, 2923, 91, 0, 0, 17, 42, 114, 2, 24839, 16375, 19655, 1, 0, 0, 316
25,0x134920,15, 1050549,"  1007b4:	e2433004 	sub	r3, r3, #4
",benign, 372, 197, 2861, 5, 1773, 1081, 1, 521, 728, 0, 244, 25144, 524, 3, 94, 3428, 1157, 395, 3, 15039, 7458, 8252, 0, 0, 33, 1918, 2091, 2902, 92, 0, 0, 17, 42, 124, 4, 25649, 17299, 20910, 3, 0, 0, 316
26,0x111594,8, 1052292,"  100e84:	e51b3140 	ldr	r3, [fp, #-320]	; 0xfffffec0
",benign, 292, 197, 2886, 1, 1781, 1082, 1, 527, 741, 0, 260, 24293, 538, 3, 94, 2972, 1445, 397, 3, 14125, 6306, 8295, 0, 0, 34, 1882, 2049, 2929, 93, 0, 0, 17, 22, 130, 2, 24729, 16452, 19732, 1, 0, 0, 316
27,0x1121dc,23, 1054029,"  10154c:	e0233001 	eor	r3, r3, r1
",benign, 285, 199, 2904, 2, 1788, 1089, 1, 522, 728, 0, 248, 24086, 524, 3, 92, 2918, 1213, 415, 3, 14353, 6510, 8224, 0, 0, 33, 1873, 2044, 2936, 92, 0, 0, 18, 41, 134, 2, 24811, 16514, 19815, 1, 0, 0, 316
28,0x12c054,9, 1058281,"  1025e8:	e50b301c 	str	r3, [fp, #-28]	; 0xffffffe4
",benign, 284, 198, 2875, 1, 1767, 1086, 1, 519, 725, 0, 244, 23995, 521, 3, 95, 2754, 1396, 413, 3, 14333, 6622, 8170, 0, 0, 33, 1848, 2034, 2916, 93, 0, 0, 17, 71, 132, 2, 24631, 16531, 19828, 1, 0, 0, 316
29,0x111a90,28, 1062534,"  103684:	e3c33003 	bic	r3, r3, #3
",benign, 282, 198, 2870, 1, 1776, 1085, 1, 519, 726, 0, 231, 24079, 522, 3, 94, 2802, 1180, 415, 3, 14193, 6545, 8186, 0, 0, 33, 1832, 2058, 2901, 92, 0, 0, 17, 43, 132, 2, 24412, 16409, 19673, 1, 0, 0, 316
30,0x12f9b4,24, 1049929,"  100548:	e51b3008 	ldr	r3, [fp, #-8]
",benign, 380, 196, 2863, 6, 1767, 1082, 1, 521, 728, 0, 249, 24903, 524, 3, 92, 3140, 1404, 406, 3, 15137, 7619, 8272, 0, 0, 33, 1856, 2041, 2911, 93, 0, 0, 17, 21, 123, 3, 25819, 17218, 20622, 3, 0, 0, 316
31,0x133558,11, 1061400,"  103218:	e51b2014 	ldr	r2, [fp, #-20]	; 0xffffffec
",benign, 288, 199, 2894, 2, 1783, 1088, 1, 522, 728, 0, 246, 24425, 524, 3, 93, 3081, 1210, 457, 3, 13976, 6324, 8237, 0, 0, 33, 1865, 2051, 2930, 93, 0, 0, 17, 34, 128, 2, 24720, 16517, 20033, 1, 0, 0, 316
32,0x130674,21, 1050696,"  100848:	1affffec 	bne	100800 <search_wrap+0x138>
",benign, 293, 197, 2902, 2, 1793, 1082, 1, 531, 747, 0, 247, 23991, 544, 3, 93, 3206, 1189, 411, 3, 13909, 6135, 8308, 0, 0, 34, 1897, 2075, 2939, 93, 0, 0, 17, 42, 132, 2, 24878, 16442, 19758, 1, 0, 0, 316
33,0x11e5dc,2, 1055814,"  101c44:	e51b3010 	ldr	r3, [fp, #-16]
",benign, 342, 258, 2894, 1, 1783, 1088, 1, 522, 728, 0, 241, 24251, 524, 3, 93, 2800, 1427, 411, 3, 14157, 6508, 8276, 0, 0, 33, 1876, 2058, 2941, 96, 0, 0, 17, 33, 130, 2, 25040, 16263, 19557, 1, 0, 0, 316
34,0x12acc8,25, 1059169,"  102960:	e51b300c 	ldr	r3, [fp, #-12]
",benign, 294, 199, 2901, 2, 1798, 1084, 1, 527, 741, 0, 260, 24082, 538, 3, 94, 2830, 1209, 411, 3, 14226, 6547, 8273, 0, 0, 34, 1885, 2060, 2931, 94, 0, 0, 18, 33, 117, 2, 24912, 16665, 19977, 1, 0, 0, 316
35,0x1349f0,25, 1053593,"  101398:	e0033000 	and	r3, r3, r0
",benign, 288, 197, 2872, 2, 1778, 1087, 1, 519, 725, 0, 244, 23994, 521, 3, 94, 3048, 1321, 397, 3, 14310, 6609, 8170, 0, 0, 33, 1915, 2095, 2919, 96, 0, 0, 17, 33, 130, 2, 24762, 16577, 20073, 1, 0, 0, 316
36,0x13a098,12, 1058519,"  1026d4:	e50b3014 	str	r3, [fp, #-20]	; 0xffffffec
",benign, 295, 197, 2852, 2, 1755, 1080, 1, 521, 727, 0, 253, 24230, 524, 3, 93, 3083, 1143, 395, 3, 14030, 6347, 8126, 0, 0, 34, 1844, 2021, 2889, 94, 0, 0, 17, 33, 132, 2, 24702, 16338, 19624, 1, 0, 0, 316
37,0x137ac0,9, 1055167,"  1019bc:	e51b3010 	ldr	r3, [fp, #-16]
",benign, 282, 198, 2863, 2, 1773, 1083, 1, 521, 728, 0, 244, 24262, 524, 3, 96, 2805, 1223, 398, 3, 14124, 6432, 8197, 0, 0, 33, 1859, 2036, 2917, 94, 0, 0, 17, 22, 130, 2, 24960, 16230, 19503, 1, 0, 0, 316
38,0x105fd4,22, 1062117,"  1034e4:	e0812002 	add	r2, r1, r2
",benign, 341, 257, 2869, 2, 1770, 1085, 1, 519, 725, 0, 245, 24225, 521, 3, 95, 2800, 1125, 395, 3, 13983, 6353, 8190, 0, 0, 33, 1849, 2045, 2927, 96, 0, 0, 17, 21, 132, 2, 24658, 16429, 19711, 1, 0, 0, 316
39,0x130cb0,22, 1061921,"  103420:	e3a03078 	mov	r3, #120	; 0x78
",benign, 284, 198, 2885, 2, 1778, 1085, 1, 519, 725, 0, 242, 24329, 521, 3, 94, 3090, 1197, 398, 3, 13939, 6455, 8183, 0, 0, 33, 1910, 2096, 2913, 91, 0, 0, 18, 22, 114, 2, 24892, 16352, 19607, 1, 0, 0, 316
40,0x12a5f0,25, 1053266,"  101250:	e3453a82 	movt	r3, #23170	; 0x5a82
",benign, 286, 196, 2895, 2, 1800, 1083, 1, 531, 747, 0, 270, 24251, 544, 3, 94, 2884, 1294, 412, 3, 14165, 6548, 8327, 0, 0, 34, 1895, 2052, 2939, 93, 0, 0, 17, 41, 128, 2, 24772, 16518, 20013, 1, 0, 0, 316
41,0x10121c,22, 1059142,"  102944:	e51b3018 	ldr	r3, [fp, #-24]	; 0xffffffe8
",benign, 287, 198, 2875, 2, 1783, 1082, 1, 522, 734, 0, 237, 24286, 531, 3, 92, 3015, 1246, 411, 3, 14269, 6809, 8193, 0, 0, 34, 1835, 2069, 2908, 93, 0, 0, 18, 21, 134, 2, 24729, 16298, 19539, 1, 0, 0, 316
42,0x1201ec,15, 1058323,"  102610:	e51b300c 	ldr	r3, [fp, #-12]
",benign, 294, 197, 2854, 2, 1751, 1081, 1, 521, 727, 0, 249, 24131, 524, 3, 93, 2876, 1110, 415, 3, 13949, 6522, 8154, 0, 0, 34, 1836, 2013, 2881, 91, 0, 0, 17, 22, 128, 2, 24728, 16390, 19658, 1, 0, 0, 316
43,0x133454,15, 1058643,"  102750:	e50b300c 	str	r3, [fp, #-12]
",benign, 342, 254, 2896, 1, 1787, 1083, 1, 527, 741, 0, 256, 24678, 538, 3, 92, 2846, 1204, 412, 3, 14701, 7042, 8279, 0, 0, 34, 1872, 2060, 2928, 92, 0, 0, 18, 34, 134, 2, 24982, 16610, 19944, 1, 0, 0, 375
44,0x139530,27, 1050205,"  10065c:	e3083434 	movw	r3, #33844	; 0x8434
",benign, 287, 198, 2883, 1, 1777, 1084, 1, 521, 728, 0, 245, 24230, 524, 3, 94, 2881, 1564, 398, 3, 14411, 6706, 8221, 0, 0, 33, 1853, 2025, 2898, 91, 0, 0, 17, 22, 128, 2, 24488, 16429, 19703, 1, 0, 0, 316
45,0x114b64,15, 1061346,"  1031e0:	e50b3010 	str	r3, [fp, #-16]
",benign, 282, 199, 2870, 2, 1770, 1089, 1, 519, 726, 0, 239, 24131, 522, 3, 95, 2948, 1247, 415, 3, 14202, 6532, 8190, 0, 0, 33, 1833, 2059, 2897, 92, 0, 0, 17, 34, 132, 2, 24529, 16301, 19638, 1, 0, 0, 316
46,0x126174,29, 1051595,"  100bc8:	e50b3020 	str	r3, [fp, #-32]	; 0xffffffe0
",benign, 504, 416, 2889, 2, 1772, 1086, 1, 519, 725, 0, 245, 24304, 521, 3, 93, 2971, 1184, 395, 3, 14132, 6424, 8219, 0, 0, 33, 1847, 2029, 2917, 93, 0, 0, 18, 54, 134, 2, 24543, 16422, 19868, 1, 0, 0, 316
47,0x10aad0,18, 1061068,"  1030cc:	e0823003 	add	r3, r2, r3
",benign, 344, 254, 2897, 1, 1780, 1087, 1, 519, 725, 0, 248, 24420, 521, 3, 94, 2837, 1258, 415, 3, 13967, 6335, 8170, 0, 0, 33, 1848, 2030, 2913, 91, 0, 0, 17, 166, 129, 2, 24927, 16511, 19841, 1, 0, 0, 375
48,0x123e28,16, 1054548,"  101754:	e1a02de3 	ror	r2, r3, #27
",benign, 287, 198, 2878, 2, 1773, 1081, 1, 521, 728, 0, 254, 24294, 524, 3, 94, 2762, 1455, 395, 3, 14081, 6363, 8226, 0, 0, 33, 1907, 2090, 2909, 91, 0, 0, 18, 22, 134, 2, 24692, 16399, 19681, 1, 0, 0, 316
49,0x119898,18, 1061103,"  1030ec:	e51b3010 	ldr	r3, [fp, #-16]
",benign, 291, 198, 2873, 2, 1771, 1081, 1, 522, 734, 0, 236, 24521, 531, 3, 92, 2836, 1483, 411, 3, 14607, 6745, 8203, 0, 0, 34, 1839, 2062, 2896, 91, 0, 0, 17, 71, 114, 2, 24635, 16426, 19931, 1, 0, 0, 374
50,0x107784,30, 1061022,"  10309c:	e51b3018 	ldr	r3, [fp, #-24]	; 0xffffffe8
",benign, 288, 198, 2880, 1, 1776, 1088, 1, 522, 734, 0, 233, 24198, 531, 3, 93, 2904, 1191, 395, 3, 14266, 6585, 8222, 0, 0, 34, 1843, 2066, 2898, 91, 0, 0, 18, 42, 130, 2, 24953, 16639, 19925, 1, 0, 0, 316
51,0x1120e0,3, 1054652,"  1017bc:	e51b300c 	ldr	r3, [fp, #-12]
",benign, 348, 257, 2871, 2, 1774, 1086, 1, 522, 734, 0, 253, 24269, 531, 3, 92, 2905, 1391, 412, 3, 14311, 6678, 8217, 0, 0, 34, 1834, 2057, 2899, 91, 0, 0, 17, 33, 130, 2, 24975, 16680, 20166, 1, 0, 0, 316
52,0x123ee8,9, 1062031,"  10348c:	e8ac0007 	stmia	ip!, {r0, r1, r2}
",benign, 284, 198, 2884, 2, 1773, 1082, 1, 521, 728, 0, 248, 24153, 524, 3, 94, 2857, 1270, 415, 3, 13999, 6410, 8198, 0, 0, 33, 1864, 2041, 2916, 94, 0, 0, 17, 21, 128, 2, 24455, 16346, 19650, 1, 0, 0, 316
53,0x10a0c4,28, 1053501,"  10133c:	e3073999 	movw	r3, #31129	; 0x7999
",benign, 296, 196, 2851, 2, 1751, 1081, 1, 521, 727, 0, 257, 24260, 524, 3, 91, 3011, 1084, 453, 3, 14149, 6431, 8145, 0, 0, 34, 1845, 2015, 2888, 92, 0, 0, 17, 33, 132, 2, 24726, 16555, 19867, 1, 0, 0, 316
54,0x11e6f4,19, 1059163,"  102958:	e1a03163 	ror	r3, r3, #2
",benign, 285, 198, 2880, 2, 1781, 1086, 1, 519, 725, 0, 246, 24141, 521, 3, 93, 2673, 1415, 415, 3, 14186, 6528, 8163, 0, 0, 33, 1840, 2036, 2911, 91, 0, 0, 18, 21, 114, 2, 24504, 16616, 20043, 1, 0, 0, 316
55,0x132300,21, 1057591,"  102334:	e51b3018 	ldr	r3, [fp, #-24]	; 0xffffffe8
",benign, 285, 198, 2873, 1, 1779, 1087, 1, 519, 725, 0, 241, 24161, 521, 3, 94, 3012, 1195, 398, 3, 14042, 6152, 8156, 0, 0, 33, 1861, 2029, 2918, 93, 0, 0, 17, 33, 130, 2, 24879, 16488, 19826, 1, 0, 0, 316
56,0x104d28,25, 1056608,"  101f60:	e0011003 	and	r1, r1, r3
",benign, 285, 199, 2818, 2, 1730, 1081, 1, 511, 711, 0, 230, 23810, 507, 3, 93, 2742, 1238, 413, 3, 13901, 6322, 7981, 0, 0, 33, 1777, 2005, 2840, 91, 0, 0, 17, 38, 115, 2, 24372, 16319, 19616, 1, 0, 0, 316
57,0x11f220,23, 1061871,"  1033ec:	ea000002 	b	1033fc <sha_print+0x168>
",benign, 288, 198, 2897, 2, 1787, 1084, 1, 528, 742, 0, 260, 24232, 539, 3, 92, 2822, 1358, 415, 3, 14183, 6574, 8258, 0, 0, 34, 1884, 2062, 2930, 95, 0, 0, 17, 22, 128, 2, 24839, 16478, 19827, 1, 0, 0, 316
58,0x100cb8,1, 1060393,"  102e28:	e51b3018 	ldr	r3, [fp, #-24]	; 0xffffffe8
",benign, 290, 198, 2875, 1, 1773, 1087, 1, 522, 734, 0, 241, 24218, 531, 3, 93, 2910, 1124, 395, 3, 14469, 6647, 8238, 0, 0, 34, 1840, 2055, 2904, 91, 0, 0, 17, 22, 128, 2, 24668, 16610, 19905, 1, 0, 0, 316
59,0x136f0c,21, 1054328,"  101678:	e51b300c 	ldr	r3, [fp, #-12]
",benign, 281, 197, 2864, 2, 1764, 1082, 1, 522, 727, 0, 252, 24392, 523, 3, 95, 2673, 1407, 474, 3, 14127, 6446, 8189, 0, 0, 33, 1850, 2031, 2903, 93, 0, 0, 17, 22, 112, 2, 24753, 16255, 19666, 1, 0, 0, 375
60,0x118614,17, 1051428,"  100b24:	e51b3018 	ldr	r3, [fp, #-24]	; 0xffffffe8
",benign, 288, 199, 2899, 2, 1780, 1088, 1, 522, 728, 0, 241, 23984, 524, 3, 94, 2701, 1469, 415, 3, 14020, 6416, 8257, 0, 0, 33, 1874, 2047, 2929, 91, 0, 0, 17, 33, 129, 2, 24755, 16471, 19745, 1, 0, 0, 316
61,0x12a778,26, 1062218,"  103548:	e50b300c 	str	r3, [fp, #-12]
",benign, 283, 198, 2872, 2, 1779, 1087, 1, 519, 725, 0, 243, 24202, 521, 3, 94, 3214, 1194, 411, 3, 14200, 6552, 8185, 0, 0, 33, 1851, 2033, 2907, 91, 0, 0, 18, 21, 114, 2, 24542, 16508, 19750, 1, 0, 0, 375
62,0x123c38,18, 1055027,"  101930:	e30e3ba1 	movw	r3, #60321	; 0xeba1
",benign, 285, 197, 2892, 2, 1792, 1083, 1, 531, 747, 0, 251, 24301, 544, 3, 92, 3036, 1135, 398, 3, 14189, 6619, 8324, 0, 0, 34, 1903, 2061, 2930, 91, 0, 0, 17, 21, 132, 2, 24983, 16567, 20044, 1, 0, 0, 316
63,0x105400,2, 1053813,"  101474:	e0233001 	eor	r3, r3, r1
",benign, 290, 197, 2880, 1, 1776, 1082, 1, 528, 742, 0, 253, 24524, 539, 3, 93, 3039, 1200, 415, 3, 14178, 6534, 8262, 0, 0, 34, 1886, 2054, 2925, 92, 0, 0, 18, 34, 134, 2, 25155, 16447, 19733, 1, 0, 0, 316
64,0x1001a8,4, 1053574,"  101384:	e51b3014 	ldr	r3, [fp, #-20]	; 0xffffffec
",benign, 287, 198, 2868, 2, 1765, 1083, 1, 521, 728, 0, 242, 23853, 524, 3, 95, 3015, 1271, 455, 3, 14244, 6231, 8196, 0, 0, 33, 1862, 2034, 2912, 93, 0, 0, 18, 34, 134, 2, 24791, 16181, 19515, 1, 0, 0, 316
65,0x116040,5, 1055453,"  101adc:	e0822003 	add	r2, r2, r3
",benign, 286, 198, 2957, 2, 1832, 1100, 1, 528, 735, 0, 245, 24373, 531, 3, 90, 3216, 1208, 412, 3, 13972, 6282, 8375, 0, 0, 33, 1925, 2077, 2994, 93, 0, 0, 18, 34, 131, 2, 24922, 16671, 19947, 1, 0, 0, 316
66,0x13b30c,28, 1052668,"  100ffc:	e0823003 	add	r3, r2, r3
",benign, 284, 197, 2871, 2, 1765, 1082, 1, 522, 727, 0, 241, 24245, 523, 3, 95, 2911, 1407, 411, 3, 14243, 6590, 8192, 0, 0, 33, 1853, 2022, 2892, 91, 0, 0, 17, 22, 114, 2, 24621, 16394, 19689, 1, 0, 0, 316
67,0x124a8c,31, 1059558,"  102ae4:	e30c31d6 	movw	r3, #49622	; 0xc1d6
",benign, 281, 198, 2957, 1, 1832, 1101, 1, 528, 735, 0, 248, 24312, 531, 3, 90, 2834, 1404, 415, 3, 14163, 6395, 8380, 0, 0, 33, 1911, 2086, 2984, 91, 0, 0, 17, 34, 129, 2, 24926, 16847, 20124, 1, 0, 0, 316
68,0x117bdc,28, 1053696,"  101400:	e0211003 	eor	r1, r1, r3
",benign, 290, 198, 2873, 2, 1770, 1083, 1, 522, 734, 0, 248, 24124, 531, 3, 92, 2814, 1424, 413, 3, 14174, 6510, 8184, 0, 0, 34, 1839, 2053, 2897, 91, 0, 0, 17, 35, 132, 2, 24981, 16630, 19905, 1, 0, 0, 316
69,0x105a60,5, 1057136,"  102170:	e51b3098 	ldr	r3, [fp, #-152]	; 0xffffff68
",benign, 291, 197, 2866, 1, 1767, 1085, 1, 521, 727, 0, 257, 24287, 524, 3, 92, 2850, 1030, 395, 3, 14507, 6957, 8137, 0, 0, 34, 1842, 2007, 2887, 91, 0, 0, 17, 21, 132, 2, 24710, 16647, 20151, 1, 0, 0, 316
70,0x11c948,28, 1053427,"  1012f0:	e51b300c 	ldr	r3, [fp, #-12]
",benign, 293, 197, 2844, 2, 1749, 1081, 1, 521, 727, 0, 253, 24145, 524, 3, 92, 3062, 1127, 413, 3, 14095, 6598, 8113, 0, 0, 34, 1837, 2014, 2890, 91, 0, 0, 18, 21, 134, 2, 24728, 16399, 19748, 1, 0, 0, 375
71,0x101fe4,12, 1060468,"  102e74:	e50b3010 	str	r3, [fp, #-16]
",benign, 283, 199, 2867, 1, 1774, 1082, 1, 521, 728, 0, 246, 24082, 524, 3, 94, 2886, 1272, 415, 3, 13895, 6306, 8227, 0, 0, 33, 1915, 2086, 2902, 91, 0, 0, 18, 21, 114, 2, 24566, 16171, 19433, 1, 0, 0, 316
72,0x109280,19, 1061232,"  103170:	e320f000 	nop	{0}
",benign, 288, 197, 2884, 1, 1781, 1084, 1, 528, 742, 0, 247, 23999, 539, 3, 92, 2880, 1286, 471, 3, 14330, 6459, 8267, 0, 0, 34, 1883, 2039, 2920, 91, 0, 0, 17, 53, 130, 2, 24842, 16454, 19782, 1, 0, 0, 316
73,0x138264,8, 1056011,"  101d08:	e0822003 	add	r2, r2, r3
",benign, 290, 198, 2842, 2, 1754, 1081, 1, 521, 727, 0, 255, 24118, 524, 3, 92, 2647, 1142, 472, 3, 14236, 6470, 8147, 0, 0, 34, 1841, 2020, 2886, 92, 0, 0, 17, 33, 129, 2, 24903, 16371, 19810, 1, 0, 0, 316
74,0x10b538,6, 1059059,"  1028f0:	e50b3014 	str	r3, [fp, #-20]	; 0xffffffec
",benign, 282, 198, 2888, 2, 1777, 1085, 1, 519, 725, 0, 240, 24169, 521, 3, 95, 2673, 1346, 413, 3, 14084, 6371, 8181, 0, 0, 33, 1862, 2030, 2921, 92, 0, 0, 17, 71, 115, 2, 24519, 16410, 19769, 1, 0, 0, 372
75,0x132210,13, 1052424,"  100f08:	e3453a82 	movt	r3, #23170	; 0x5a82
",benign, 344, 257, 2875, 2, 1772, 1083, 1, 521, 728, 0, 248, 24640, 524, 3, 94, 2873, 1406, 411, 3, 14071, 6505, 8218, 0, 0, 33, 1864, 2035, 2904, 91, 0, 0, 17, 41, 114, 2, 24773, 16407, 19662, 1, 0, 0, 316
76,0x11c5e8,14, 1061498,"  103278:	ebffff80 	bl	103080 <sha_final>
",benign, 285, 198, 2805, 2, 1718, 1079, 1, 511, 711, 0, 228, 23918, 507, 3, 93, 3069, 1393, 413, 3, 13778, 6294, 7995, 0, 0, 33, 1788, 1991, 2862, 93, 0, 0, 18, 22, 116, 2, 24449, 16141, 19408, 1, 0, 0, 316
77,0x100bfc,11, 1050984,"  100968:	ea00000d 	b	1009a4 <sha_transform+0x60>
",benign, 290, 197, 2903, 1, 1802, 1082, 1, 531, 747, 0, 254, 24223, 544, 3, 93, 2851, 1455, 411, 3, 14234, 6458, 8354, 0, 0, 34, 1897, 2068, 2934, 95, 0, 0, 17, 42, 132, 2, 24861, 16594, 19856, 1, 0, 0, 316
78,0x13c4e4,21, 1060802,"  102fc0:	e1520003 	cmp	r2, r3
",benign, 287, 198, 2876, 2, 1770, 1082, 1, 521, 728, 0, 249, 24158, 524, 3, 94, 2978, 1273, 411, 3, 14182, 6498, 8209, 0, 0, 33, 1858, 2030, 2908, 91, 0, 0, 17, 72, 112, 2, 24510, 16310, 19645, 1, 0, 0, 316
79,0x135104,27, 1054757,"  101824:	e50b300c 	str	r3, [fp, #-12]
",benign, 291, 197, 2890, 2, 1797, 1084, 1, 531, 747, 0, 253, 24634, 544, 3, 93, 3139, 1154, 395, 3, 14467, 6779, 8291, 0, 0, 34, 1904, 2053, 2941, 93, 0, 0, 17, 22, 128, 2, 25082, 16683, 19992, 1, 0, 0, 316
80,0x13bc90,30, 1053530,"  101358:	e50b3018 	str	r3, [fp, #-24]	; 0xffffffe8
",benign, 286, 198, 2954, 2, 1839, 1100, 1, 528, 735, 0, 251, 24361, 531, 3, 90, 2783, 1194, 411, 3, 14219, 6579, 8425, 0, 0, 33, 1901, 2083, 2994, 93, 0, 0, 17, 34, 128, 2, 25076, 16524, 19843, 1, 0, 0, 316
81,0x13df80,2, 1053596,"  10139c:	e1813003 	orr	r3, r1, r3
",benign, 285, 199, 2814, 2, 1725, 1083, 1, 511, 711, 0, 231, 23909, 507, 3, 94, 2729, 1208, 398, 3, 14039, 6459, 7991, 0, 0, 33, 1783, 2001, 2846, 92, 0, 0, 18, 21, 116, 2, 24352, 16139, 19413, 1, 0, 0, 375
82,0x1168d0,10, 1056397,"  101e8c:	e0822003 	add	r2, r2, r3
",benign, 284, 199, 2890, 2, 1785, 1089, 1, 522, 728, 0, 245, 24153, 524, 3, 92, 2866, 1228, 415, 3, 14055, 6426, 8246, 0, 0, 33, 1868, 2054, 2933, 95, 0, 0, 17, 34, 130, 2, 25271, 16386, 19690, 1, 0, 0, 316
83,0x11b0b4,3, 1055514,"  101b18:	e50b300c 	str	r3, [fp, #-12]
",benign, 294, 197, 2893, 2, 1792, 1082, 1, 531, 747, 0, 251, 24404, 544, 3, 93, 2872, 1203, 395, 3, 14152, 6327, 8342, 0, 0, 34, 1901, 2054, 2933, 93, 0, 0, 17, 22, 129, 2, 24701, 16418, 19701, 1, 0, 0, 316
84,0x10569c,7, 1057582,"  10232c:	e1a02de3 	ror	r2, r3, #27
",benign, 286, 198, 2959, 2, 1835, 1098, 1, 528, 735, 0, 241, 24164, 531, 3, 90, 2616, 1198, 415, 3, 14072, 6455, 8377, 0, 0, 33, 1910, 2091, 2996, 93, 0, 0, 17, 22, 112, 2, 25212, 16366, 19798, 1, 0, 0, 316
85,0x109d90,27, 1058376,"  102648:	e0823003 	add	r3, r2, r3
",benign, 284, 198, 2874, 2, 1779, 1086, 1, 521, 728, 0, 245, 24269, 524, 3, 94, 3128, 1284, 415, 3, 13968, 6321, 8211, 0, 0, 33, 1849, 2035, 2904, 91, 0, 0, 17, 43, 114, 2, 24801, 16572, 19848, 1, 0, 0, 316
86,0x13d114,9, 1053828,"  101484:	e51b310c 	ldr	r3, [fp, #-268]	; 0xfffffef4
",benign, 287, 199, 2880, 2, 1770, 1086, 1, 519, 725, 0, 239, 24113, 521, 3, 93, 2871, 1456, 415, 3, 14064, 6224, 8188, 0, 0, 33, 1863, 2027, 2921, 94, 0, 0, 18, 22, 134, 2, 24610, 16337, 19604, 1, 0, 0, 316
87,0x13ce4c,31, 1049974,"  100574:	e5932000 	ldr	r2, [r3]
",benign, 382, 197, 2860, 6, 1763, 1081, 1, 522, 734, 0, 241, 25247, 531, 3, 90, 3284, 1216, 408, 3, 15036, 7468, 8278, 0, 0, 34, 1843, 2053, 2898, 91, 0, 0, 17, 21, 123, 5, 25549, 17368, 20775, 3, 0, 0, 316
88,0x12e904,2, 1054530,"  101740:	e51b300c 	ldr	r3, [fp, #-12]
",benign, 286, 198, 2880, 2, 1782, 1084, 1, 527, 741, 0, 259, 24241, 538, 3, 93, 2950, 1430, 415, 3, 14353, 6762, 8274, 0, 0, 34, 1879, 2060, 2927, 93, 0, 0, 18, 34, 132, 2, 24696, 16400, 19692, 1, 0, 0, 316
89,0x106718,6, 1053184,"  101200:	e51b300c 	ldr	r3, [fp, #-12]
",benign, 291, 198, 2884, 2, 1780, 1083, 1, 528, 742, 0, 248, 24518, 539, 3, 92, 2974, 1390, 456, 3, 14372, 6770, 8270, 0, 0, 34, 1886, 2063, 2918, 92, 0, 0, 17, 21, 130, 2, 24953, 16512, 19807, 1, 0, 0, 316
90,0x12e8bc,0, 1051235,"  100a60:	e51b3168 	ldr	r3, [fp, #-360]	; 0xfffffe98
",benign, 288, 198, 2892, 2, 1782, 1083, 1, 528, 742, 0, 246, 24179, 539, 3, 91, 2807, 1203, 415, 3, 14421, 6853, 8258, 0, 0, 34, 1888, 2056, 2918, 91, 0, 0, 18, 33, 132, 2, 24922, 16623, 20126, 1, 0, 0, 316
91,0x12c084,20, 1059737,"  102b98:	e51b3014 	ldr	r3, [fp, #-20]	; 0xffffffec
",benign, 289, 197, 2879, 2, 1776, 1083, 1, 528, 742, 0, 255, 24384, 539, 3, 92, 3021, 1171, 395, 3, 14294, 6433, 8272, 0, 0, 34, 1877, 2056, 2926, 93, 0, 0, 18, 41, 130, 2, 24942, 16455, 19758, 1, 0, 0, 316
92,0x111a44,20, 1055546,"  101b38:	e0822003 	add	r2, r2, r3
",benign, 281, 199, 2811, 2, 1736, 1084, 1, 511, 711, 0, 239, 23760, 507, 3, 94, 2724, 1214, 395, 3, 14111, 6604, 7994, 0, 0, 33, 1777, 2004, 2844, 92, 0, 0, 18, 21, 117, 2, 24498, 16171, 19424, 1, 0, 0, 316
93,0x114478,8, 1058526,"  1026dc:	e50b3010 	str	r3, [fp, #-16]
",benign, 284, 198, 2883, 2, 1773, 1087, 1, 519, 725, 0, 245, 24068, 521, 3, 93, 2836, 1421, 415, 3, 14291, 6427, 8197, 0, 0, 33, 1850, 2035, 2911, 93, 0, 0, 17, 72, 132, 2, 24655, 16389, 19734, 1, 0, 0, 316
94,0x11c4f0,13, 1061916,"  10341c:	e50b00c8 	str	r0, [fp, #-200]	; 0xffffff38
",benign, 347, 255, 2902, 1, 1793, 1082, 1, 531, 747, 0, 250, 24395, 544, 3, 92, 2947, 1256, 415, 3, 14146, 6290, 8318, 0, 0, 34, 1896, 2063, 2931, 91, 0, 0, 17, 21, 132, 2, 24696, 16679, 19976, 1, 0, 0, 316
95,0x135390,30, 1052118,"  100dd4:	e50b300c 	str	r3, [fp, #-12]
",benign, 291, 197, 2896, 2, 1793, 1082, 1, 531, 747, 0, 252, 24629, 544, 3, 93, 3156, 1222, 395, 3, 14126, 6440, 8307, 0, 0, 34, 1949, 2116, 2932, 93, 0, 0, 17, 22, 129, 2, 24993, 16457, 19886, 1, 0, 0, 316
96,0x10fbe8,10, 1057138,"  102170:	e51b3098 	ldr	r3, [fp, #-152]	; 0xffffff68
",benign, 287, 197, 2878, 2, 1780, 1082, 1, 521, 728, 0, 246, 24305, 524, 3, 94, 2873, 1272, 395, 3, 14487, 6800, 8195, 0, 0, 33, 1848, 2017, 2914, 91, 0, 0, 18, 41, 116, 2, 24588, 16476, 19821, 1, 0, 0, 316
97,0x126600,4, 1059692,"  102b6c:	e50b3018 	str	r3, [fp, #-24]	; 0xffffffe8
",benign, 291, 197, 2872, 2, 1770, 1081, 1, 521, 728, 0, 243, 24083, 524, 3, 94, 3018, 1443, 412, 3, 14155, 6345, 8212, 0, 0, 33, 1856, 2032, 2906, 91, 0, 0, 17, 22, 132, 2, 24489, 16419, 19707, 1, 0, 0, 316
98,0x124838,10, 1056666,"  101f98:	e51b3018 	ldr	r3, [fp, #-24]	; 0xffffffe8
",benign, 290, 199, 2893, 2, 1788, 1087, 1, 522, 728, 0, 246, 24170, 524, 3, 92, 2898, 1227, 395, 3, 14288, 6506, 8261, 0, 0, 33, 1862, 2047, 2922, 91, 0, 0, 17, 33, 132, 2, 24774, 16433, 19761, 1, 0, 0, 316
99,0x104d8c,26, 1051205,"  100a44:	e50b3008 	str	r3, [fp, #-8]
",benign, 284, 199, 2875, 2, 1771, 1086, 1, 519, 725, 0, 247, 24225, 521, 3, 93, 3012, 1215, 411, 3, 14161, 6505, 8209, 0, 0, 33, 1851, 2032, 2911, 91, 0, 0, 17, 22, 132, 2, 24553, 16628, 20139, 1, 0, 0, 316
100,0x12be8c,10, 1062442,"  103628:	e55b301d 	ldrb	r3, [fp, #-29]	; 0xffffffe3
",benign, 287, 198, 2959, 2, 1846, 1100, 1, 528, 735, 0, 241, 24281, 531, 3, 90, 3002, 1143, 398, 3, 14068, 6517, 8448, 0, 0, 33, 1912, 2088, 2988, 91, 0, 0, 18, 21, 130, 2, 24971, 16584, 19842, 1, 0, 0, 316
101,0x125be4,10, 1055564,"  101b4c:	e30e3ba1 	movw	r3, #60321	; 0xeba1
",benign, 288, 198, 2880, 2, 1779, 1083, 1, 527, 741, 0, 248, 24376, 538, 3, 92, 2860, 1227, 412, 3, 14147, 6549, 8275, 0, 0, 34, 1943, 2121, 2929, 94, 0, 0, 18, 22, 134, 2, 24974, 16421, 19713, 1, 0, 0, 316
102,0x114fc0,0, 1051071,"  1009bc:	e51b3008 	ldr	r3, [fp, #-8]
",benign, 282, 198, 2811, 1, 1721, 1080, 1, 506, 703, 0, 231, 23631, 499, 3, 93, 2962, 1230, 411, 3, 13870, 6303, 7921, 0, 0, 33, 1772, 1986, 2831, 92, 0, 0, 18, 22, 117, 2, 24209, 16090, 19396, 1, 0, 0, 316
103,0x12cb08,6, 1057853,"  10243c:	e51b0014 	ldr	r0, [fp, #-20]	; 0xffffffec
",benign, 287, 197, 2880, 2, 1777, 1084, 1, 528, 742, 0, 250, 24042, 539, 3, 92, 2884, 1143, 395, 3, 14140, 6582, 8280, 0, 0, 34, 1885, 2049, 2910, 91, 0, 0, 18, 22, 134, 2, 24716, 16596, 19878, 1, 0, 0, 316
104,0x10de1c,8, 1055886,"  101c8c:	e0822003 	add	r2, r2, r3
",benign, 285, 198, 2869, 2, 1767, 1083, 1, 521, 728, 0, 241, 24049, 524, 3, 94, 2667, 1456, 411, 3, 14149, 6482, 8222, 0, 0, 33, 1860, 2027, 2917, 93, 0, 0, 17, 21, 130, 2, 24804, 16350, 19650, 1, 0, 0, 316
105,0x10ffdc,18, 1053899,"  1014c8:	e51b300c 	ldr	r3, [fp, #-12]
",benign, 288, 198, 3038, 2, 1882, 1109, 1, 539, 765, 0, 268, 26651, 563, 3, 94, 2849, 1193, 415, 3, 16446, 6698, 8582, 0, 0, 35, 1977, 2137, 3046, 92, 0, 0, 17, 22, 132, 2, 26997, 19108, 22432, 1, 0, 0, 316
106,0x103e38,7, 1051026,"  100990:	e083300b 	add	r3, r3, fp
",benign, 293, 199, 2881, 2, 1780, 1082, 1, 527, 741, 0, 254, 24270, 538, 3, 93, 3068, 1196, 395, 3, 14161, 6253, 8284, 0, 0, 34, 1938, 2122, 2929, 93, 0, 0, 18, 34, 133, 2, 24741, 16477, 19771, 1, 0, 0, 316
107,0x10b474,12, 1061943,"  103434:	e1a00003 	mov	r0, r3
",benign, 288, 198, 2885, 2, 1786, 1088, 1, 519, 725, 0, 244, 24011, 521, 3, 93, 2635, 1269, 413, 3, 14181, 6550, 8178, 0, 0, 33, 1847, 2031, 2916, 93, 0, 0, 17, 34, 132, 2, 25002, 16511, 19749, 1, 0, 0, 316
108,0x10abfc,13, 1058796,"  1027ec:	e0822003 	add	r2, r2, r3
",benign, 284, 199, 2924, 2, 1805, 1096, 1, 524, 728, 0, 241, 24402, 524, 3, 94, 2573, 1492, 415, 3, 14526, 6444, 8306, 0, 0, 33, 1881, 2059, 2953, 91, 0, 0, 18, 22, 114, 2, 24568, 16469, 19818, 1, 0, 0, 316
109,0x12cb44,28, 1054235,"  101618:	e51b3014 	ldr	r3, [fp, #-20]	; 0xffffffec
",benign, 288, 199, 2882, 2, 1770, 1084, 1, 520, 725, 0, 243, 24210, 521, 3, 96, 2767, 1215, 398, 3, 14150, 6541, 8218, 0, 0, 33, 1915, 2098, 2912, 93, 0, 0, 17, 21, 114, 2, 24497, 16300, 19860, 1, 0, 0, 316
110,0x10402c,11, 1053669,"  1013e4:	e50b3010 	str	r3, [fp, #-16]
",benign, 284, 197, 2868, 2, 1764, 1086, 1, 517, 721, 0, 246, 23990, 517, 3, 93, 2871, 1443, 413, 3, 13977, 6228, 8138, 0, 0, 33, 1845, 2016, 2902, 91, 0, 0, 17, 21, 112, 2, 24511, 16205, 19506, 1, 0, 0, 316
111,0x11aaf4,3, 1057519,"  1022ec:	e30b3cdc 	movw	r3, #48348	; 0xbcdc
",benign, 288, 198, 2883, 1, 1781, 1083, 1, 527, 741, 0, 252, 24593, 538, 3, 93, 2914, 1233, 398, 3, 14270, 6737, 8269, 0, 0, 34, 1933, 2110, 2923, 93, 0, 0, 17, 22, 132, 2, 24851, 16532, 19807, 1, 0, 0, 316
112,0x1288f8,26, 1054878,"  10189c:	e51b1010 	ldr	r1, [fp, #-16]
",benign, 292, 199, 2888, 2, 1789, 1081, 1, 527, 741, 0, 255, 24371, 538, 3, 93, 2906, 1367, 413, 3, 14199, 6522, 8278, 0, 0, 34, 1878, 2045, 2926, 91, 0, 0, 17, 22, 130, 2, 25188, 16461, 19792, 1, 0, 0, 316
113,0x11259c,22, 1054966,"  1018f4:	e50b3010 	str	r3, [fp, #-16]
",benign, 291, 198, 2872, 2, 1770, 1081, 1, 522, 734, 0, 239, 24285, 531, 3, 93, 2885, 1414, 556, 3, 14349, 6607, 8230, 0, 0, 34, 1841, 2054, 2899, 92, 0, 0, 17, 41, 132, 2, 24723, 16666, 19941, 1, 0, 0, 316
114,0x117f84,31, 1053339,"  101298:	e0011003 	and	r1, r1, r3
",benign, 283, 199, 2930, 2, 1810, 1095, 1, 524, 728, 0, 248, 24157, 524, 3, 93, 2866, 1418, 395, 3, 14124, 6404, 8299, 0, 0, 33, 1890, 2065, 2960, 92, 0, 0, 17, 21, 112, 2, 24898, 16504, 19807, 1, 0, 0, 316
115,0x1324c0,30, 1050102,"  1005f4:	e3083434 	movw	r3, #33844	; 0x8434
",benign, 448, 257, 2879, 6, 1774, 1087, 1, 519, 725, 0, 244, 25108, 521, 3, 93, 3091, 1388, 406, 3, 14857, 7349, 8233, 0, 0, 33, 1842, 2060, 2907, 92, 0, 0, 17, 33, 123, 2, 25408, 17268, 20844, 3, 0, 0, 316
116,0x11d238,27, 1049999,"  10058c:	e5d22000 	ldrb	r2, [r2]
",benign, 398, 197, 2853, 5, 1754, 1079, 1, 521, 727, 0, 246, 24982, 524, 3, 90, 3411, 1091, 405, 3, 14965, 7568, 8211, 0, 0, 34, 1834, 2043, 2890, 91, 0, 0, 18, 34, 125, 6, 25815, 17537, 20935, 3, 0, 0, 316
117,0x13b5fc,12, 1055550,"  101b3c:	e51b301c 	ldr	r3, [fp, #-28]	; 0xffffffe4
",benign, 291, 198, 3032, 2, 1880, 1106, 1, 539, 765, 0, 255, 26645, 563, 3, 94, 2830, 1179, 415, 3, 16555, 6662, 8617, 0, 0, 35, 1970, 2127, 3040, 92, 0, 0, 17, 33, 115, 2, 27046, 18875, 22395, 1, 0, 0, 316
118,0x1009bc,17, 1052078,"  100dac:	e51b3018 	ldr	r3, [fp, #-24]	; 0xffffffe8
",benign, 292, 197, 2887, 2, 1790, 1083, 1, 528, 742, 0, 249, 24071, 539, 3, 92, 3144, 1245, 412, 3, 14050, 6453, 8265, 0, 0, 34, 1893, 2056, 2921, 93, 0, 0, 17, 21, 132, 2, 24706, 16421, 19755, 1, 0, 0, 316
119,0x139164,23, 1059303,"  1029e4:	e51b1010 	ldr	r1, [fp, #-16]
",benign, 292, 197, 2859, 1, 1761, 1085, 1, 521, 727, 0, 260, 24155, 524, 3, 92, 3053, 1154, 471, 3, 14099, 6618, 8147, 0, 0, 34, 1825, 2016, 2889, 91, 0, 0, 17, 33, 132, 2, 24922, 16330, 19585, 1, 0, 0, 316
120,0x122510,4, 1058668,"  10276c:	e0233001 	eor	r3, r3, r1
",benign, 288, 198, 2958, 1, 1835, 1100, 1, 528, 735, 0, 249, 24272, 531, 3, 90, 2954, 1200, 471, 3, 14439, 6828, 8405, 0, 0, 33, 2110, 2285, 2985, 91, 0, 0, 17, 21, 112, 2, 24981, 16436, 19779, 1, 0, 0, 316
121,0x128bfc,24, 1056238,"  101dec:	e0011003 	and	r1, r1, r3
",benign, 286, 199, 2862, 2, 1763, 1085, 1, 520, 724, 0, 247, 24234, 520, 3, 94, 2987, 1219, 415, 3, 14335, 6474, 8193, 0, 0, 33, 1855, 2016, 2916, 93, 0, 0, 18, 33, 134, 2, 24514, 16377, 19689, 1, 0, 0, 316
122,0x10a4e4,7, 1054858,"  101888:	e50b3010 	str	r3, [fp, #-16]
",benign, 290, 197, 2892, 1, 1783, 1084, 1, 527, 741, 0, 245, 24115, 538, 3, 93, 2804, 1216, 415, 3, 14089, 6246, 8251, 0, 0, 34, 1884, 2063, 2933, 93, 0, 0, 17, 33, 112, 2, 25018, 16739, 20027, 1, 0, 0, 316
123,0x134b50,25, 1061969,"  103450:	ee193f1d 	mrc	15, 0, r3, cr9, cr13, {0}
",benign, 291, 198, 2864, 2, 1764, 1082, 1, 522, 734, 0, 252, 24239, 531, 3, 92, 2737, 1277, 616, 3, 14164, 6559, 8206, 0, 0, 34, 1836, 2056, 2901, 92, 0, 0, 18, 21, 132, 2, 24885, 16353, 19840, 1, 0, 0, 316
124,0x128ea0,1, 1050716,"  10085c:	e3a02000 	mov	r2, #0
",benign, 282, 197, 2962, 2, 1837, 1100, 1, 528, 735, 0, 243, 24208, 531, 3, 90, 3133, 1130, 415, 3, 14083, 6453, 8396, 0, 0, 33, 1906, 2090, 2992, 93, 0, 0, 17, 41, 132, 2, 25011, 16472, 19749, 1, 0, 0, 316
125,0x115300,29, 1055668,"  101bb4:	e0822003 	add	r2, r2, r3
",benign, 294, 199, 2888, 2, 1786, 1083, 1, 527, 741, 0, 249, 24269, 538, 3, 93, 2938, 1107, 395, 3, 14348, 6719, 8281, 0, 0, 34, 1888, 2051, 2927, 91, 0, 0, 17, 21, 132, 2, 24862, 16677, 19959, 1, 0, 0, 316
126,0x11535c,14, 1055678,"  101bbc:	e3463ed9 	movt	r3, #28377	; 0x6ed9
",benign, 284, 198, 2959, 1, 1832, 1100, 1, 528, 735, 0, 245, 24284, 531, 3, 90, 2941, 1199, 395, 3, 14306, 6630, 8394, 0, 0, 33, 1905, 2074, 2995, 93, 0, 0, 18, 21, 328, 2, 25361, 16494, 19779, 1, 0, 0, 316
127,0x12c5c8,10, 1053803,"  101468:	e51b3014 	ldr	r3, [fp, #-20]	; 0xffffffec
",benign, 339, 254, 2879, 2, 1779, 1081, 1, 521, 728, 0, 244, 23993, 524, 3, 94, 2901, 1251, 411, 3, 13908, 6274, 8230, 0, 0, 33, 1852, 2039, 2911, 94, 0, 0, 17, 21, 132, 2, 24512, 16553, 19797, 1, 0, 0, 316
128,0x102f78,25, 1052845,"  1010ac:	e1a02de3 	ror	r2, r3, #27
",benign, 285, 196, 2893, 2, 1789, 1082, 1, 531, 747, 0, 247, 24626, 544, 3, 93, 2682, 1201, 415, 3, 14638, 6707, 8337, 0, 0, 34, 1896, 2067, 2938, 93, 0, 0, 17, 34, 132, 2, 25095, 16606, 19868, 1, 0, 0, 316
129,0x122740,17, 1058109,"  10253c:	e0033000 	and	r3, r3, r0
",benign, 349, 255, 2887, 1, 1780, 1082, 1, 528, 742, 0, 248, 24201, 539, 3, 92, 2968, 1194, 415, 3, 14363, 6732, 8263, 0, 0, 34, 1885, 2058, 2916, 93, 0, 0, 17, 22, 112, 2, 24579, 16499, 19767, 1, 0, 0, 316
130,0x11604c,29, 1061566,"  1032bc:	e3a03c01 	mov	r3, #256	; 0x100
",benign, 282, 198, 2815, 2, 1717, 1084, 1, 506, 703, 0, 232, 23844, 499, 3, 94, 2653, 1406, 415, 3, 13901, 6393, 7932, 0, 0, 33, 1765, 1996, 2840, 92, 0, 0, 17, 22, 318, 2, 24560, 16103, 19346, 1, 0, 0, 316
131,0x12e960,26, 1051636,"  100bf4:	e50b300c 	str	r3, [fp, #-12]
",benign, 282, 198, 2875, 2, 1768, 1080, 1, 521, 728, 0, 245, 23907, 524, 3, 94, 2869, 1204, 398, 3, 14228, 6272, 8203, 0, 0, 33, 1855, 2040, 2912, 92, 0, 0, 17, 22, 128, 2, 24667, 16430, 19816, 1, 0, 0, 316
132,0x12b024,26, 1051117,"  1009ec:	e0222003 	eor	r2, r2, r3
",benign, 289, 199, 3045, 1, 1894, 1112, 1, 539, 765, 0, 262, 26766, 563, 3, 94, 2974, 1368, 413, 3, 16009, 6337, 8594, 0, 0, 35, 1979, 2134, 3044, 91, 0, 0, 17, 33, 129, 2, 27486, 18995, 22574, 1, 0, 0, 316
133,0x114ddc,30, 1054047,"  10155c:	e51b3104 	ldr	r3, [fp, #-260]	; 0xfffffefc
",benign, 288, 198, 2876, 1, 1770, 1086, 1, 519, 725, 0, 241, 23847, 521, 3, 95, 2783, 1375, 412, 3, 14176, 6685, 8240, 0, 0, 33, 1841, 2028, 2916, 93, 0, 0, 17, 36, 112, 2, 24926, 16473, 19893, 1, 0, 0, 316
134,0x114360,18, 1060755,"  102f90:	e28db004 	add	fp, sp, #4
",benign, 286, 198, 2891, 2, 1784, 1084, 1, 528, 742, 0, 248, 24259, 539, 3, 92, 2981, 1097, 398, 3, 14327, 6743, 8257, 0, 0, 34, 1885, 2048, 2924, 93, 0, 0, 17, 34, 128, 2, 24819, 16489, 19759, 1, 0, 0, 316
135,0x13571c,17, 1055111,"  101984:	e0233001 	eor	r3, r3, r1
",benign, 281, 199, 2875, 2, 1769, 1085, 1, 519, 725, 0, 241, 24152, 521, 3, 93, 2840, 1302, 412, 3, 14138, 6351, 8187, 0, 0, 33, 1912, 2090, 2912, 93, 0, 0, 18, 21, 130, 2, 24789, 16503, 19835, 1, 0, 0, 375
136,0x107d74,31, 1062120,"  1034e8:	e5d22000 	ldrb	r2, [r2]
",benign, 281, 198, 2799, 2, 1717, 1085, 1, 506, 703, 0, 224, 23728, 499, 3, 93, 2848, 1216, 395, 3, 13852, 6317, 7918, 0, 0, 33, 1815, 2044, 2824, 92, 0, 0, 18, 33, 134, 2, 24180, 16023, 19274, 1, 0, 0, 316
137,0x1347a8,14, 1057405,"  10227c:	e50b3020 	str	r3, [fp, #-32]	; 0xffffffe0
",benign, 290, 196, 2846, 1, 1746, 1082, 1, 521, 727, 0, 254, 23924, 524, 3, 92, 2606, 1138, 415, 3, 14031, 6529, 8161, 0, 0, 34, 1831, 2030, 2891, 93, 0, 0, 17, 21, 130, 2, 24691, 16389, 19644, 1, 0, 0, 316
138,0x1078c8,19, 1055512,"  101b18:	e50b300c 	str	r3, [fp, #-12]
",benign, 289, 197, 2899, 1, 1797, 1086, 1, 527, 741, 0, 250, 24388, 538, 3, 94, 2764, 1452, 415, 3, 14367, 6778, 8271, 0, 0, 34, 1880, 2052, 2924, 91, 0, 0, 17, 22, 114, 2, 24987, 16458, 19767, 1, 0, 0, 316
139,0x122278,2, 1057403,"  102278:	e0823003 	add	r3, r2, r3
",benign, 287, 199, 2934, 2, 1809, 1095, 1, 524, 728, 0, 248, 24333, 524, 3, 94, 2893, 1329, 415, 3, 14194, 6461, 8282, 0, 0, 33, 1881, 2049, 2955, 91, 0, 0, 17, 33, 130, 2, 24744, 16453, 19958, 1, 0, 0, 316
140,0x12a2ac,1, 1051358,"  100adc:	e51b3018 	ldr	r3, [fp, #-24]	; 0xffffffe8
",benign, 293, 198, 2876, 2, 1773, 1086, 1, 522, 734, 0, 245, 23929, 531, 3, 92, 3006, 1300, 415, 3, 14363, 6506, 8233, 0, 0, 34, 1844, 2052, 2897, 92, 0, 0, 17, 34, 132, 2, 24678, 16283, 19584, 1, 0, 0, 316
141,0x10e358,14, 1060779,"  102fa8:	e5932014 	ldr	r2, [r3, #20]
",benign, 288, 197, 2871, 1, 1768, 1080, 1, 521, 728, 0, 245, 24165, 524, 3, 94, 2923, 1263, 411, 3, 14323, 6445, 8199, 0, 0, 33, 1852, 2029, 2902, 91, 0, 0, 18, 22, 114, 2, 24644, 16419, 19920, 1, 0, 0, 316
142,0x135a24,4, 1061141,"  103114:	e283301c 	add	r3, r3, #28
",benign, 285, 199, 2864, 1, 1764, 1084, 1, 520, 725, 0, 248, 24131, 521, 3, 95, 2795, 1393, 411, 3, 14118, 6626, 8173, 0, 0, 33, 1847, 2038, 2909, 91, 0, 0, 17, 22, 112, 2, 25026, 16342, 19647, 1, 0, 0, 316
143,0x12ad00,6, 1062071,"  1034b4:	fa003c46 	blx	1125d4 <rand>
",benign, 286, 198, 2895, 2, 1785, 1081, 1, 527, 741, 0, 247, 24203, 538, 3, 93, 2755, 1166, 415, 3, 14241, 6407, 8271, 0, 0, 34, 1889, 2058, 2931, 93, 0, 0, 17, 22, 130, 2, 24923, 16501, 19866, 1, 0, 0, 316
144,0x13020c,16, 1055315,"  101a50:	e51b3014 	ldr	r3, [fp, #-20]	; 0xffffffec
",benign, 288, 198, 2959, 2, 1834, 1100, 1, 528, 735, 0, 243, 24631, 531, 3, 90, 2878, 1246, 415, 3, 14413, 6579, 8402, 0, 0, 33, 1910, 2084, 2992, 93, 0, 0, 17, 21, 329, 2, 25241, 16599, 20101, 1, 0, 0, 316
145,0x13580c,31, 1057619,"  102350:	e1813003 	orr	r3, r1, r3
",benign, 284, 197, 2877, 2, 1781, 1087, 1, 521, 728, 0, 249, 24054, 524, 3, 94, 2885, 1400, 413, 3, 14116, 6447, 8190, 0, 0, 33, 1843, 2038, 2916, 93, 0, 0, 18, 35, 130, 2, 24677, 16548, 19827, 1, 0, 0, 316
146,0x1136d0,22, 1058512,"  1026d0:	e1a03163 	ror	r3, r3, #2
",benign, 289, 199, 2890, 2, 1783, 1078, 1, 527, 741, 0, 256, 24490, 538, 3, 93, 3051, 1239, 415, 3, 14123, 6577, 8268, 0, 0, 34, 1875, 2059, 2920, 91, 0, 0, 17, 34, 115, 2, 24783, 16643, 19915, 1, 0, 0, 316
147,0x112020,25, 1060308,"  102dd4:	e0822003 	add	r2, r2, r3
",benign, 289, 199, 3039, 1, 1879, 1107, 1, 539, 765, 0, 259, 26622, 563, 3, 94, 3155, 1167, 415, 3, 15964, 6271, 8571, 0, 0, 35, 2031, 2189, 3047, 92, 0, 0, 17, 22, 130, 2, 27375, 18827, 22137, 1, 0, 0, 316
148,0x10d820,13, 1053887,"  1014bc:	e50b3010 	str	r3, [fp, #-16]
",benign, 294, 199, 2877, 2, 1777, 1083, 1, 527, 741, 0, 255, 24233, 538, 3, 92, 2805, 1207, 415, 3, 14287, 6624, 8284, 0, 0, 34, 1884, 2051, 2914, 91, 0, 0, 18, 22, 117, 2, 24878, 16481, 19728, 1, 0, 0, 316
149,0x11d8f0,18, 1054648,"  1017b8:	e50b300c 	str	r3, [fp, #-12]
",benign, 285, 198, 2864, 2, 1768, 1082, 1, 521, 728, 0, 244, 24316, 524, 3, 94, 2735, 1281, 411, 3, 14124, 6496, 8238, 0, 0, 33, 1855, 2034, 2909, 91, 0, 0, 17, 22, 130, 2, 24774, 16466, 19774, 1, 0, 0, 316
150,0x11d624,20, 1056388,"  101e84:	e0822003 	add	r2, r2, r3
",benign, 291, 197, 2852, 2, 1750, 1082, 1, 521, 727, 0, 249, 24077, 524, 3, 92, 3111, 1138, 413, 3, 13939, 6489, 8122, 0, 0, 34, 1834, 2011, 2882, 91, 0, 0, 18, 33, 130, 2, 24615, 16267, 19529, 1, 0, 0, 316
151,0x12e728,3, 1051988,"  100d54:	e50b3010 	str	r3, [fp, #-16]
",benign, 287, 197, 2892, 2, 1790, 1083, 1, 531, 747, 0, 259, 24152, 544, 3, 93, 2990, 1210, 415, 3, 14266, 6442, 8299, 0, 0, 34, 1879, 2064, 2935, 91, 0, 0, 17, 22, 112, 2, 24657, 16587, 19914, 1, 0, 0, 316
152,0x10ed38,15, 1052435,"  100f10:	e50b3020 	str	r3, [fp, #-32]	; 0xffffffe0
",benign, 286, 197, 2891, 2, 1786, 1083, 1, 531, 747, 0, 252, 24244, 544, 3, 93, 2960, 1177, 398, 3, 14026, 6394, 8301, 0, 0, 34, 1901, 2063, 2934, 94, 0, 0, 17, 21, 112, 2, 25070, 16408, 19716, 1, 0, 0, 316
153,0x128960,3, 1062130,"  1034f0:	e51b2014 	ldr	r2, [fp, #-20]	; 0xffffffec
",benign, 293, 197, 2898, 2, 1794, 1084, 1, 531, 747, 0, 261, 24197, 544, 3, 93, 2880, 1212, 413, 3, 14146, 6549, 8292, 0, 0, 34, 1900, 2054, 2940, 93, 0, 0, 17, 21, 130, 2, 24941, 16589, 19851, 1, 0, 0, 316
154,0x106948,28, 1056499,"  101ef0:	e0033000 	and	r3, r3, r0
",benign, 288, 198, 2956, 2, 1839, 1099, 1, 528, 735, 0, 245, 24367, 531, 3, 91, 2990, 1192, 415, 3, 14387, 6185, 8399, 0, 0, 33, 1912, 2083, 2995, 93, 0, 0, 18, 74, 134, 2, 24948, 16644, 20016, 1, 0, 0, 316
155,0x12b2e4,22, 1052758,"  101054:	e1813003 	orr	r3, r1, r3
",benign, 291, 196, 2891, 1, 1788, 1083, 1, 531, 747, 0, 251, 24266, 544, 3, 94, 2700, 1346, 412, 3, 14203, 6598, 8312, 0, 0, 34, 1935, 2112, 2928, 91, 0, 0, 17, 22, 132, 2, 24945, 16409, 19692, 1, 0, 0, 316
156,0x108c64,18, 1054079,"  10157c:	e51b3014 	ldr	r3, [fp, #-20]	; 0xffffffec
",benign, 291, 198, 3045, 2, 1884, 1106, 1, 539, 765, 0, 259, 26519, 563, 3, 94, 2911, 1218, 413, 3, 16202, 6526, 8563, 0, 0, 35, 1974, 2135, 3043, 93, 0, 0, 18, 21, 117, 2, 27345, 18991, 22304, 1, 0, 0, 316
157,0x102840,5, 1054611,"  101790:	e51b3018 	ldr	r3, [fp, #-24]	; 0xffffffe8
",benign, 292, 197, 2891, 2, 1784, 1083, 1, 527, 741, 0, 258, 24304, 538, 3, 93, 2766, 1189, 415, 3, 14539, 6675, 8294, 0, 0, 34, 1874, 2064, 2920, 91, 0, 0, 17, 22, 132, 2, 24770, 16528, 19855, 1, 0, 0, 372
158,0x121990,17, 1062050,"  1034a0:	e3a0303e 	mov	r3, #62	; 0x3e
",benign, 289, 199, 2886, 1, 1775, 1085, 1, 519, 725, 0, 237, 24093, 521, 3, 93, 3116, 1231, 395, 3, 14004, 6421, 8195, 0, 0, 33, 1855, 2034, 2916, 93, 0, 0, 18, 33, 134, 2, 24848, 16474, 19779, 1, 0, 0, 316
159,0x12439c,17, 1050103,"  1005f4:	e3083434 	movw	r3, #33844	; 0x8434
",benign, 376, 199, 2867, 6, 1765, 1084, 1, 520, 725, 0, 236, 25346, 521, 3, 94, 3309, 1125, 406, 3, 15075, 7571, 8238, 0, 0, 33, 1827, 2063, 2895, 91, 0, 0, 17, 21, 121, 2, 25621, 17256, 20633, 3, 0, 0, 316
160,0x1140a4,14, 1052836,"  1010a4:	e50b300c 	str	r3, [fp, #-12]
",benign, 291, 196, 2887, 2, 1792, 1084, 1, 528, 742, 0, 248, 24258, 539, 3, 92, 2858, 1475, 471, 3, 14194, 6358, 8283, 0, 0, 34, 1893, 2050, 2920, 91, 0, 0, 18, 72, 134, 2, 24717, 16460, 19712, 1, 0, 0, 374
161,0x125090,1, 1059450,"  102a78:	e30c31d6 	movw	r3, #49622	; 0xc1d6
",benign, 288, 197, 2904, 2, 1806, 1083, 1, 531, 747, 0, 247, 24106, 544, 3, 93, 3172, 1151, 397, 3, 14529, 6465, 8338, 0, 0, 34, 1899, 2071, 2938, 93, 0, 0, 18, 33, 134, 2, 24855, 16565, 19888, 1, 0, 0, 375
162,0x12f4d8,23, 1058967,"  102894:	e50b300c 	str	r3, [fp, #-12]
",benign, 287, 198, 2923, 2, 1812, 1093, 1, 524, 728, 0, 239, 24407, 524, 3, 94, 2704, 1376, 415, 3, 14192, 6381, 8273, 0, 0, 33, 1887, 2066, 2968, 95, 0, 0, 18, 33, 130, 2, 25026, 16567, 19883, 1, 0, 0, 316
163,0x133384,7, 1057956,"  1024a4:	e51b1014 	ldr	r1, [fp, #-20]	; 0xffffffec
",benign, 478, 391, 2879, 2, 1777, 1083, 1, 528, 742, 0, 246, 24031, 539, 3, 92, 2722, 1344, 415, 3, 14243, 6486, 8272, 0, 0, 34, 1877, 2048, 2910, 91, 0, 0, 18, 72, 134, 2, 24731, 16421, 19855, 1, 0, 0, 316
164,0x105db4,11, 1051846,"  100cc4:	e51b3014 	ldr	r3, [fp, #-20]	; 0xffffffec
",benign, 284, 198, 2876, 2, 1775, 1083, 1, 527, 741, 0, 254, 24657, 538, 3, 95, 3063, 1325, 398, 3, 14160, 6534, 8267, 0, 0, 34, 1876, 2065, 2924, 93, 0, 0, 17, 22, 115, 2, 24733, 16515, 19785, 1, 0, 0, 374
165,0x10fee0,17, 1055275,"  101a28:	e51b3010 	ldr	r3, [fp, #-16]
",benign, 346, 256, 2878, 2, 1777, 1084, 1, 528, 742, 0, 256, 24608, 539, 3, 93, 3063, 1164, 415, 3, 14415, 6636, 8269, 0, 0, 34, 1890, 2042, 2920, 92, 0, 0, 17, 71, 112, 2, 24505, 16517, 19884, 1, 0, 0, 316
166,0x126a04,27, 1053991,"  101524:	e51b300c 	ldr	r3, [fp, #-12]
",benign, 285, 198, 2885, 2, 1777, 1086, 1, 519, 725, 0, 250, 24114, 521, 3, 93, 3021, 1422, 411, 3, 14030, 6350, 8178, 0, 0, 33, 2072, 2244, 2913, 91, 0, 0, 18, 35, 131, 2, 24708, 16337, 19680, 1, 0, 0, 316
167,0x1153e0,6, 1052433,"  100f10:	e50b3020 	str	r3, [fp, #-32]	; 0xffffffe0
",benign, 294, 198, 2898, 2, 1787, 1081, 1, 527, 741, 0, 253, 24402, 538, 3, 92, 2941, 1347, 415, 3, 14398, 6582, 8278, 0, 0, 34, 1887, 2058, 2931, 93, 0, 0, 18, 72, 117, 2, 24576, 16635, 19974, 1, 0, 0, 316
168,0x11c9b0,30, 1052122,"  100dd8:	e51b300c 	ldr	r3, [fp, #-12]
",benign, 291, 198, 2882, 2, 1779, 1083, 1, 528, 742, 0, 251, 24248, 539, 3, 92, 2984, 1092, 395, 3, 14188, 6514, 8259, 0, 0, 34, 1889, 2052, 2922, 91, 0, 0, 18, 22, 116, 2, 24787, 16319, 19583, 1, 0, 0, 374
169,0x13bae4,3, 1056205,"  101dcc:	e51b3020 	ldr	r3, [fp, #-32]	; 0xffffffe0
",benign, 287, 198, 2962, 1, 1842, 1100, 1, 528, 735, 0, 246, 24373, 531, 3, 90, 2964, 1153, 398, 3, 14251, 6351, 8400, 0, 0, 33, 1909, 2083, 2995, 93, 0, 0, 18, 33, 134, 2, 24884, 16754, 20034, 1, 0, 0, 316
170,0x10e064,24, 1062558,"  10369c:	e6af3073 	sxtb	r3, r3
",benign, 290, 197, 2845, 2, 1755, 1082, 1, 521, 727, 0, 254, 24260, 524, 3, 92, 3046, 1093, 397, 3, 14086, 6686, 8134, 0, 0, 34, 1845, 2020, 2892, 94, 0, 0, 17, 52, 130, 2, 24714, 16353, 19628, 1, 0, 0, 316
171,0x137448,18, 1061637,"  103304:	e51b3018 	ldr	r3, [fp, #-24]	; 0xffffffe8
",benign, 288, 199, 3042, 2, 1879, 1108, 1, 539, 765, 0, 255, 26342, 563, 3, 94, 2995, 1201, 412, 3, 16494, 6697, 8589, 0, 0, 35, 1975, 2139, 3045, 93, 0, 0, 18, 21, 134, 2, 27120, 18803, 22098, 1, 0, 0, 316
172,0x118e94,7, 1052081,"  100db0:	e50b301c 	str	r3, [fp, #-28]	; 0xffffffe4
",benign, 343, 256, 2869, 2, 1768, 1082, 1, 521, 728, 0, 245, 23973, 524, 3, 94, 2529, 1601, 413, 3, 14077, 6182, 8226, 0, 0, 33, 1848, 2033, 2914, 94, 0, 0, 17, 22, 130, 2, 24676, 16108, 19415, 1, 0, 0, 316
173,0x12a548,10, 1052782,"  10106c:	e3073999 	movw	r3, #31129	; 0x7999
",benign, 284, 198, 2893, 2, 1778, 1085, 1, 519, 725, 0, 239, 24044, 521, 3, 93, 2966, 1116, 397, 3, 14284, 6493, 8180, 0, 0, 33, 1845, 2030, 2919, 91, 0, 0, 17, 22, 132, 2, 24657, 16524, 19800, 1, 0, 0, 316
174,0x104f6c,31, 1055509,"  101b14:	e51b3020 	ldr	r3, [fp, #-32]	; 0xffffffe0
",benign, 286, 198, 2900, 2, 1793, 1083, 1, 528, 742, 0, 248, 24092, 539, 3, 92, 2849, 1328, 415, 3, 14118, 6598, 8287, 0, 0, 34, 1938, 2116, 2917, 93, 0, 0, 17, 41, 130, 2, 24828, 16771, 20234, 1, 0, 0, 374
175,0x108dfc,28, 1054071,"  101574:	e51b3018 	ldr	r3, [fp, #-24]	; 0xffffffe8
",benign, 293, 198, 2878, 2, 1778, 1081, 1, 527, 741, 0, 254, 24460, 538, 3, 93, 3198, 1364, 415, 3, 13994, 6443, 8269, 0, 0, 34, 1886, 2061, 2926, 91, 0, 0, 17, 21, 132, 2, 24689, 16632, 19897, 1, 0, 0, 316
176,0x116b34,23, 1061055,"  1030bc:	e283201c 	add	r2, r3, #28
",benign, 288, 197, 2966, 2, 1840, 1100, 1, 528, 735, 0, 244, 24198, 531, 3, 90, 2962, 1251, 415, 3, 14185, 6198, 8378, 0, 0, 33, 1899, 2090, 2993, 93, 0, 0, 17, 42, 112, 2, 24707, 16671, 19933, 1, 0, 0, 316
177,0x12f340,10, 1057683,"  102390:	e50b3014 	str	r3, [fp, #-20]	; 0xffffffec
",benign, 284, 198, 2812, 2, 1712, 1078, 1, 506, 703, 0, 223, 23702, 499, 3, 93, 2924, 1132, 395, 3, 14001, 6431, 7946, 0, 0, 33, 1754, 1980, 2831, 92, 0, 0, 17, 38, 128, 2, 24300, 16008, 19339, 1, 0, 0, 316
178,0x1213fc,26, 1059028,"  1028d4:	e50b3020 	str	r3, [fp, #-32]	; 0xffffffe0
",benign, 343, 256, 2951, 1, 1831, 1099, 1, 528, 735, 0, 247, 24246, 531, 3, 90, 3088, 1208, 415, 3, 14323, 6435, 8406, 0, 0, 33, 1915, 2084, 2996, 93, 0, 0, 17, 41, 132, 2, 24848, 16519, 19801, 1, 0, 0, 316
179,0x106854,17, 1051457,"  100b40:	e0822003 	add	r2, r2, r3
",benign, 289, 198, 2880, 2, 1770, 1082, 1, 521, 728, 0, 245, 24071, 524, 3, 94, 2885, 1450, 557, 3, 13906, 6254, 8202, 0, 0, 33, 1859, 2028, 2906, 91, 0, 0, 18, 22, 117, 2, 24404, 16608, 19989, 1, 0, 0, 316
180,0x11c548,26, 1054128,"  1015b0:	e0211003 	eor	r1, r1, r3
",benign, 293, 198, 2890, 2, 1784, 1081, 1, 527, 741, 0, 260, 24917, 538, 3, 93, 2709, 1213, 471, 3, 14188, 6706, 8266, 0, 0, 34, 1931, 2125, 2920, 91, 0, 0, 17, 22, 132, 2, 24900, 16642, 20116, 1, 0, 0, 372
181,0x131a60,13, 1058246,"  1025c4:	e51b301c 	ldr	r3, [fp, #-28]	; 0xffffffe4
",benign, 283, 199, 2879, 2, 1772, 1086, 1, 519, 725, 0, 242, 24014, 521, 3, 93, 3188, 1109, 397, 3, 14218, 6535, 8191, 0, 0, 33, 1850, 2047, 2919, 94, 0, 0, 17, 22, 132, 2, 24713, 16423, 19669, 1, 0, 0, 316
182,0x1058f4,29, 1060378,"  102e18:	e1a02de3 	ror	r2, r3, #27
",benign, 290, 198, 2888, 2, 1781, 1083, 1, 528, 742, 0, 255, 24400, 539, 3, 91, 3167, 1351, 412, 3, 14033, 6365, 8268, 0, 0, 34, 1885, 2052, 2919, 92, 0, 0, 17, 71, 112, 2, 24867, 16663, 19931, 1, 0, 0, 316
183,0x114014,19, 1054156,"  1015cc:	e0822003 	add	r2, r2, r3
",benign, 291, 197, 2897, 2, 1785, 1083, 1, 527, 741, 0, 251, 24113, 538, 3, 93, 2978, 1104, 411, 3, 14133, 6512, 8309, 0, 0, 34, 1887, 2062, 2931, 94, 0, 0, 17, 33, 132, 2, 25029, 16538, 19878, 1, 0, 0, 316
184,0x10f05c,10, 1052074,"  100da8:	e50b3020 	str	r3, [fp, #-32]	; 0xffffffe0
",benign, 286, 198, 2964, 1, 1838, 1102, 1, 528, 735, 0, 246, 24205, 531, 3, 90, 2948, 1182, 415, 3, 14326, 6623, 8379, 0, 0, 33, 1912, 2077, 2991, 91, 0, 0, 18, 33, 134, 2, 25008, 16967, 20239, 1, 0, 0, 316
185,0x11b8c0,20, 1055275,"  101a28:	e51b3010 	ldr	r3, [fp, #-16]
",benign, 284, 198, 2879, 2, 1773, 1087, 1, 519, 725, 0, 241, 24107, 521, 3, 93, 2870, 1218, 395, 3, 14343, 6465, 8202, 0, 0, 33, 1851, 2027, 2919, 93, 0, 0, 18, 21, 130, 2, 24751, 16424, 19683, 1, 0, 0, 316
186,0x12f0d0,9, 1053003,"  101148:	e0822003 	add	r2, r2, r3
",benign, 283, 199, 2929, 1, 1817, 1097, 1, 524, 728, 0, 242, 24274, 524, 3, 94, 2854, 1469, 395, 3, 14148, 6414, 8306, 0, 0, 33, 1884, 2062, 2961, 91, 0, 0, 18, 21, 131, 2, 24701, 16667, 19965, 1, 0, 0, 316
187,0x132918,29, 1062540,"  10368c:	e15b31dd 	ldrsb	r3, [fp, #-29]	; 0xffffffe3
",benign, 286, 198, 2891, 1, 1777, 1086, 1, 519, 725, 0, 243, 24152, 521, 3, 93, 2936, 1124, 415, 3, 14068, 6340, 8196, 0, 0, 33, 1854, 2030, 2909, 91, 0, 0, 17, 74, 132, 2, 24672, 16396, 19687, 1, 0, 0, 316
188,0x121090,28, 1060236,"  102d8c:	e51b3010 	ldr	r3, [fp, #-16]
",benign, 285, 198, 2875, 1, 1772, 1087, 1, 519, 725, 0, 241, 24142, 521, 3, 93, 3069, 1171, 395, 3, 14465, 6774, 8206, 0, 0, 33, 1864, 2028, 2918, 93, 0, 0, 17, 21, 132, 2, 24770, 16500, 19760, 1, 0, 0, 374
189,0x137394,3, 1061918,"  10341c:	e50b00c8 	str	r0, [fp, #-200]	; 0xffffff38
",benign, 286, 198, 2888, 2, 1774, 1086, 1, 519, 725, 0, 241, 24058, 521, 3, 93, 2928, 1244, 415, 3, 14163, 6610, 8190, 0, 0, 33, 1852, 2030, 2914, 92, 0, 0, 17, 21, 115, 2, 24952, 16602, 19930, 1, 0, 0, 374
190,0x134cf0,11, 1056450,"  101ec0:	e50b3010 	str	r3, [fp, #-16]
",benign, 288, 198, 2862, 1, 1765, 1082, 1, 521, 726, 0, 250, 23981, 522, 3, 94, 2886, 1272, 395, 3, 14075, 6157, 8174, 0, 0, 33, 1854, 2028, 2906, 93, 0, 0, 18, 22, 134, 2, 24764, 16487, 19761, 1, 0, 0, 316
191,0x1153dc,24, 1056880,"  102070:	e51b301c 	ldr	r3, [fp, #-28]	; 0xffffffe4
",benign, 287, 199, 2878, 2, 1773, 1084, 1, 520, 725, 0, 246, 24029, 521, 3, 95, 2709, 1419, 411, 3, 14198, 6569, 8201, 0, 0, 33, 1854, 2037, 2908, 93, 0, 0, 17, 34, 130, 2, 24749, 16136, 19397, 1, 0, 0, 316
192,0x12f704,15, 1060526,"  102eac:	e5832004 	str	r2, [r3, #4]
",benign, 284, 199, 2869, 2, 1764, 1081, 1, 521, 728, 0, 243, 24109, 524, 3, 94, 2739, 1512, 415, 3, 13838, 6221, 8211, 0, 0, 33, 1862, 2044, 2911, 94, 0, 0, 17, 22, 128, 2, 24684, 16442, 19728, 1, 0, 0, 316
193,0x10d9bc,29, 1053728,"  101420:	e30e3ba1 	movw	r3, #60321	; 0xeba1
",benign, 293, 197, 2882, 2, 1779, 1082, 1, 527, 741, 0, 251, 24332, 538, 3, 93, 2796, 1366, 412, 3, 14250, 6560, 8277, 0, 0, 34, 1881, 2054, 2934, 93, 0, 0, 17, 33, 114, 2, 24776, 16514, 19863, 1, 0, 0, 316
194,0x129348,16, 1060549,"  102ec4:	e5832008 	str	r2, [r3, #8]
",benign, 284, 198, 2888, 2, 1774, 1086, 1, 519, 725, 0, 245, 24055, 521, 3, 93, 2602, 1276, 471, 3, 13994, 6333, 8179, 0, 0, 33, 1857, 2027, 2913, 91, 0, 0, 17, 22, 129, 2, 24792, 16472, 19748, 1, 0, 0, 316
195,0x135ccc,0, 1053200,"  101210:	e51b300c 	ldr	r3, [fp, #-12]
",benign, 287, 197, 2956, 1, 1831, 1100, 1, 528, 735, 0, 251, 24404, 531, 3, 90, 2818, 1219, 415, 3, 14242, 6554, 8402, 0, 0, 33, 1906, 2086, 2987, 91, 0, 0, 18, 21, 117, 2, 25055, 16625, 19925, 1, 0, 0, 316
196,0x131190,20, 1054508,"  10172c:	e51b3014 	ldr	r3, [fp, #-20]	; 0xffffffec
",benign, 289, 198, 2900, 2, 1792, 1086, 1, 528, 742, 0, 248, 24412, 539, 3, 92, 2877, 1399, 552, 3, 14189, 6410, 8298, 0, 0, 34, 1892, 2049, 2923, 93, 0, 0, 17, 41, 128, 2, 24805, 16697, 19965, 1, 0, 0, 316
197,0x11b430,26, 1050761,"  100888:	e6ef1073 	uxtb	r1, r3
",benign, 367, 199, 2895, 7, 1796, 1084, 1, 527, 741, 0, 243, 25364, 538, 3, 93, 2824, 1355, 400, 3, 15068, 7650, 8351, 0, 0, 34, 1864, 2094, 2924, 91, 0, 0, 18, 43, 134, 6, 26067, 17137, 20583, 4, 0, 0, 316
198,0x136f98,14, 1054555,"  101758:	e51b1010 	ldr	r1, [fp, #-16]
",benign, 284, 197, 2873, 1, 1765, 1085, 1, 517, 721, 0, 255, 23981, 517, 3, 93, 2880, 1213, 415, 3, 14105, 6401, 8153, 0, 0, 33, 1844, 2007, 2902, 91, 0, 0, 18, 21, 134, 2, 24744, 16201, 19539, 1, 0, 0, 316
199,0x10b374,22, 1058686,"  10277c:	e51b3064 	ldr	r3, [fp, #-100]	; 0xffffff9c
",benign, 283, 198, 2967, 2, 1836, 1101, 1, 528, 735, 0, 247, 24554, 531, 3, 91, 2693, 1204, 412, 3, 14085, 6408, 8400, 0, 0, 33, 1908, 2081, 2987, 91, 0, 0, 17, 28, 130, 2, 24998, 16445, 19731, 1, 0, 0, 316
200,0x121c2c,16, 1060190,"  102d5c:	e51b301c 	ldr	r3, [fp, #-28]	; 0xffffffe4
",benign, 285, 198, 2875, 2, 1766, 1084, 1, 520, 725, 0, 244, 24067, 521, 3, 95, 2856, 1189, 412, 3, 13982, 6395, 8188, 0, 0, 33, 1910, 2085, 2908, 93, 0, 0, 17, 33, 128, 2, 24769, 16287, 19512, 1, 0, 0, 316
201,0x1381b8,27, 1056321,"  101e40:	e51b300c 	ldr	r3, [fp, #-12]
",benign, 290, 199, 2886, 2, 1791, 1082, 1, 527, 741, 0, 256, 24230, 538, 3, 92, 3000, 1370, 413, 3, 14198, 6735, 8339, 0, 0, 34, 1897, 2055, 2932, 93, 0, 0, 18, 34, 134, 2, 24782, 16496, 19830, 1, 0, 0, 316
202,0x11d71c,21, 1050025,"  1005a8:	e2833001 	add	r3, r3, #1
",benign, 379, 198, 2877, 5, 1773, 1084, 1, 519, 725, 0, 248, 25453, 521, 3, 92, 3432, 1164, 406, 3, 15273, 7454, 8243, 0, 0, 33, 1842, 2051, 2911, 91, 0, 0, 17, 34, 121, 7, 25729, 17204, 20595, 3, 0, 0, 316
203,0x135458,11, 1057097,"  102148:	e1811003 	orr	r1, r1, r3
",benign, 292, 199, 3030, 2, 1876, 1104, 1, 539, 765, 0, 270, 26678, 563, 3, 95, 3351, 1085, 415, 3, 16116, 6405, 8561, 0, 0, 35, 1970, 2143, 3044, 91, 0, 0, 17, 21, 132, 2, 27191, 18740, 22211, 1, 0, 0, 316
204,0x1252b8,10, 1054567,"  101764:	e51b3018 	ldr	r3, [fp, #-24]	; 0xffffffe8
",benign, 287, 199, 2871, 2, 1769, 1086, 1, 519, 725, 0, 245, 24367, 521, 3, 94, 2843, 1200, 415, 3, 13922, 6297, 8175, 0, 0, 33, 1852, 2038, 2924, 95, 0, 0, 17, 34, 130, 2, 24963, 16444, 19734, 1, 0, 0, 316
205,0x110e30,2, 1056671,"  101f9c:	e50b301c 	str	r3, [fp, #-28]	; 0xffffffe4
",benign, 286, 198, 2932, 2, 1807, 1096, 1, 524, 728, 0, 245, 24587, 524, 3, 94, 2690, 1152, 398, 3, 14085, 6363, 8281, 0, 0, 33, 1939, 2131, 2959, 91, 0, 0, 18, 22, 130, 2, 24872, 16497, 19780, 1, 0, 0, 316
206,0x10340c,27, 1058647,"  102754:	e51b300c 	ldr	r3, [fp, #-12]
",benign, 344, 257, 2980, 2, 1852, 1103, 1, 528, 735, 0, 244, 24374, 531, 3, 90, 2878, 1318, 415, 3, 14230, 6339, 8363, 0, 0, 33, 1914, 2077, 2984, 91, 0, 0, 18, 22, 132, 2, 24996, 16631, 19948, 1, 0, 0, 316
207,0x13b3c8,11, 1058014,"  1024dc:	e30b3cdc 	movw	r3, #48348	; 0xbcdc
",benign, 291, 196, 2844, 2, 1747, 1081, 1, 521, 727, 0, 259, 24048, 524, 3, 92, 2822, 1371, 411, 3, 14065, 6473, 8144, 0, 0, 34, 1906, 2073, 2891, 92, 0, 0, 17, 22, 112, 2, 24509, 16309, 19618, 1, 0, 0, 316
208,0x123e98,18, 1056527,"  101f0c:	e30b3cdc 	movw	r3, #48348	; 0xbcdc
",benign, 289, 198, 2874, 1, 1769, 1083, 1, 522, 734, 0, 234, 24029, 531, 3, 92, 3125, 1269, 395, 3, 14095, 6520, 8203, 0, 0, 34, 1844, 2064, 2903, 92, 0, 0, 17, 21, 114, 2, 24737, 16540, 19847, 1, 0, 0, 316
209,0x102f98,24, 1051844,"  100cc4:	e51b3014 	ldr	r3, [fp, #-20]	; 0xffffffec
",benign, 289, 198, 2877, 2, 1772, 1082, 1, 521, 728, 0, 251, 23993, 524, 3, 94, 2725, 1671, 412, 3, 14020, 6453, 8213, 0, 0, 33, 1868, 2040, 2912, 93, 0, 0, 17, 22, 129, 2, 24719, 16344, 19646, 1, 0, 0, 316
210,0x13c0d8,4, 1053425,"  1012f0:	e51b300c 	ldr	r3, [fp, #-12]
",benign, 290, 199, 2870, 1, 1771, 1083, 1, 521, 728, 0, 251, 23978, 524, 3, 94, 3145, 1274, 415, 3, 14162, 6251, 8201, 0, 0, 33, 1851, 2030, 2903, 91, 0, 0, 17, 22, 115, 2, 24525, 16395, 19712, 1, 0, 0, 374
211,0x123a48,16, 1052570,"  100f98:	e50b3018 	str	r3, [fp, #-24]	; 0xffffffe8
",benign, 287, 198, 2882, 2, 1782, 1080, 1, 527, 741, 0, 257, 24314, 538, 3, 93, 2811, 1226, 415, 3, 13985, 6188, 8283, 0, 0, 34, 1877, 2060, 2929, 93, 0, 0, 17, 21, 128, 2, 24918, 16287, 19588, 1, 0, 0, 316
212,0x12d418,14, 1051874,"  100ce0:	e51b3020 	ldr	r3, [fp, #-32]	; 0xffffffe0
",benign, 287, 199, 2898, 2, 1796, 1088, 1, 522, 728, 0, 243, 24203, 524, 3, 92, 3064, 1484, 397, 3, 14252, 6539, 8238, 0, 0, 33, 1869, 2043, 2922, 91, 0, 0, 18, 22, 134, 2, 24900, 16713, 20013, 1, 0, 0, 375
213,0x1221f4,20, 1061110,"  1030f4:	e51b3010 	ldr	r3, [fp, #-16]
",benign, 285, 198, 2895, 1, 1785, 1089, 1, 517, 721, 0, 249, 24488, 517, 3, 94, 3119, 1201, 395, 3, 14260, 6498, 8156, 0, 0, 33, 1854, 2022, 2909, 92, 0, 0, 18, 33, 131, 2, 24517, 16445, 19692, 1, 0, 0, 316
214,0x11be88,22, 1052885,"  1010d4:	e51b301c 	ldr	r3, [fp, #-28]	; 0xffffffe4
",benign, 283, 198, 2878, 1, 1780, 1085, 1, 519, 725, 0, 245, 24367, 521, 3, 93, 2788, 1485, 415, 3, 14017, 6402, 8213, 0, 0, 33, 1854, 2032, 2921, 93, 0, 0, 17, 45, 112, 2, 24972, 16511, 19904, 1, 0, 0, 374
215,0x100ee0,26, 1056132,"  101d84:	e0822003 	add	r2, r2, r3
",benign, 288, 198, 2887, 2, 1784, 1083, 1, 527, 741, 0, 250, 24198, 538, 3, 93, 2761, 1477, 415, 3, 14384, 6519, 8255, 0, 0, 34, 1890, 2062, 2933, 93, 0, 0, 17, 42, 128, 2, 24983, 16941, 20379, 1, 0, 0, 316
216,0x134b68,16, 1051609,"  100bd8:	e50b3018 	str	r3, [fp, #-24]	; 0xffffffe8
",benign, 291, 198, 2886, 2, 1779, 1083, 1, 528, 742, 0, 250, 24508, 539, 3, 92, 2677, 1190, 415, 3, 14175, 6576, 8255, 0, 0, 34, 1876, 2045, 2916, 91, 0, 0, 18, 21, 134, 2, 24740, 16489, 19817, 1, 0, 0, 316
217,0x117864,26, 1054165,"  1015d4:	e3463ed9 	movt	r3, #28377	; 0x6ed9
",benign, 289, 197, 2893, 2, 1794, 1084, 1, 531, 747, 0, 250, 24405, 544, 3, 93, 2894, 1144, 398, 3, 14182, 6578, 8305, 0, 0, 34, 1944, 2115, 2923, 91, 0, 0, 17, 21, 129, 2, 24969, 16700, 20055, 1, 0, 0, 316
218,0x10be5c,26, 1059470,"  102a8c:	e50b301c 	str	r3, [fp, #-28]	; 0xffffffe4
",benign, 287, 196, 2889, 2, 1788, 1084, 1, 531, 747, 0, 245, 24097, 544, 3, 94, 3208, 1210, 395, 3, 14065, 6275, 8304, 0, 0, 34, 1904, 2065, 2941, 92, 0, 0, 18, 45, 114, 2, 24986, 16466, 19770, 1, 0, 0, 316
219,0x126518,2, 1057979,"  1024b8:	e51b0014 	ldr	r0, [fp, #-20]	; 0xffffffec
",benign, 284, 198, 2876, 2, 1769, 1083, 1, 521, 728, 0, 246, 23927, 524, 3, 94, 2894, 1253, 412, 3, 14253, 6431, 8237, 0, 0, 33, 1855, 2036, 2909, 92, 0, 0, 18, 21, 116, 2, 24439, 16434, 19857, 1, 0, 0, 316
220,0x124960,9, 1059592,"  102b08:	e1a03163 	ror	r3, r3, #2
",benign, 411, 329, 2861, 1, 1763, 1088, 1, 519, 726, 0, 237, 24152, 522, 3, 94, 2676, 1254, 395, 3, 14192, 6513, 8176, 0, 0, 33, 1829, 2052, 2897, 92, 0, 0, 17, 21, 130, 2, 24945, 16354, 19622, 1, 0, 0, 316
221,0x138c28,5, 1052173,"  100e0c:	e51b3144 	ldr	r3, [fp, #-324]	; 0xfffffebc
",benign, 291, 197, 2857, 2, 1750, 1082, 1, 521, 727, 0, 245, 24000, 524, 3, 92, 2808, 1126, 413, 3, 13886, 6452, 8183, 0, 0, 34, 1833, 2021, 2895, 93, 0, 0, 17, 22, 132, 2, 24633, 16425, 19713, 1, 0, 0, 316
222,0x121ec0,3, 1060794,"  102fb8:	e51b3008 	ldr	r3, [fp, #-8]
",benign, 285, 198, 2883, 2, 1772, 1087, 1, 519, 725, 0, 239, 24247, 521, 3, 94, 2667, 1438, 415, 3, 14138, 6403, 8177, 0, 0, 33, 1868, 2035, 2925, 94, 0, 0, 18, 33, 130, 2, 24745, 16191, 19478, 1, 0, 0, 316
223,0x13c088,4, 1056980,"  1020d4:	e0011003 	and	r1, r1, r3
",benign, 291, 199, 3032, 1, 1874, 1107, 1, 539, 765, 0, 258, 26620, 563, 3, 95, 2864, 1292, 471, 3, 16232, 6431, 8585, 0, 0, 35, 1973, 2132, 3039, 91, 0, 0, 18, 21, 116, 2, 27347, 18946, 22244, 1, 0, 0, 316
224,0x100c14,13, 1055619,"  101b80:	e51b3020 	ldr	r3, [fp, #-32]	; 0xffffffe0
",benign, 351, 256, 2857, 2, 1755, 1081, 1, 521, 727, 0, 248, 24170, 524, 3, 92, 2860, 1155, 467, 3, 14300, 6809, 8189, 0, 0, 34, 1829, 2028, 2893, 93, 0, 0, 18, 22, 134, 2, 24587, 16366, 19637, 1, 0, 0, 316
225,0x10d954,29, 1055846,"  101c64:	e1a02de3 	ror	r2, r3, #27
",benign, 531, 443, 2970, 1, 1837, 1101, 1, 528, 735, 0, 249, 24254, 531, 3, 90, 3036, 1263, 412, 3, 14109, 6410, 8389, 0, 0, 33, 1915, 2079, 2990, 93, 0, 0, 17, 22, 132, 2, 24884, 16616, 19934, 1, 0, 0, 316
226,0x10f850,30, 1060660,"  102f34:	e51b2008 	ldr	r2, [fp, #-8]
",benign, 284, 198, 2891, 1, 1778, 1086, 1, 519, 725, 0, 241, 24077, 521, 3, 93, 2948, 1220, 398, 3, 14290, 6382, 8186, 0, 0, 33, 1852, 2025, 2915, 91, 0, 0, 17, 22, 130, 2, 24822, 16498, 19844, 1, 0, 0, 316
227,0x11a138,8, 1057418,"  102288:	e51b3014 	ldr	r3, [fp, #-20]	; 0xffffffec
",benign, 347, 257, 2883, 2, 1773, 1079, 1, 521, 728, 0, 240, 24048, 524, 3, 95, 2801, 1275, 413, 3, 14037, 6430, 8234, 0, 0, 33, 1862, 2030, 2904, 91, 0, 0, 17, 73, 130, 2, 24536, 16368, 19665, 1, 0, 0, 316
228,0x12f878,18, 1054900,"  1018b4:	e51b301c 	ldr	r3, [fp, #-28]	; 0xffffffe4
",benign, 291, 198, 2895, 1, 1786, 1083, 1, 527, 741, 0, 247, 24317, 538, 3, 94, 2684, 1409, 415, 3, 14154, 6489, 8271, 0, 0, 34, 1878, 2061, 2927, 91, 0, 0, 17, 22, 132, 2, 24865, 16667, 19962, 1, 0, 0, 316
229,0x11b688,5, 1059884,"  102c2c:	e34c3a62 	movt	r3, #51810	; 0xca62
",benign, 290, 198, 2881, 2, 1786, 1082, 1, 527, 741, 0, 247, 24180, 538, 3, 92, 2931, 1167, 412, 3, 14347, 6539, 8300, 0, 0, 34, 1879, 2056, 2918, 91, 0, 0, 17, 41, 112, 2, 25172, 16558, 19882, 1, 0, 0, 316
230,0x11eb34,11, 1059315,"  1029f0:	e51b3018 	ldr	r3, [fp, #-24]	; 0xffffffe8
",benign, 287, 199, 2878, 2, 1776, 1084, 1, 519, 725, 0, 242, 24239, 521, 3, 94, 3107, 1196, 398, 3, 13753, 6146, 8166, 0, 0, 33, 1853, 2036, 2920, 93, 0, 0, 17, 21, 132, 2, 24674, 16595, 20085, 1, 0, 0, 316
231,0x128d10,18, 1052545,"  100f80:	e3453a82 	movt	r3, #23170	; 0x5a82
",benign, 290, 197, 2878, 2, 1781, 1088, 1, 517, 721, 0, 241, 23896, 517, 3, 93, 3056, 1203, 415, 3, 14227, 6581, 8191, 0, 0, 33, 1849, 2024, 2914, 94, 0, 0, 18, 22, 114, 2, 24627, 16627, 20015, 1, 0, 0, 316
232,0x103358,28, 1053237,"  101234:	e1813003 	orr	r3, r1, r3
",benign, 288, 199, 2871, 1, 1781, 1085, 1, 519, 725, 0, 249, 24340, 521, 3, 93, 2940, 1287, 413, 3, 14188, 6482, 8197, 0, 0, 33, 1855, 2046, 2926, 95, 0, 0, 17, 34, 132, 2, 24662, 16423, 19711, 1, 0, 0, 316
233,0x11b7dc,30, 1049854,"  1004fc:	e28db004 	add	fp, sp, #4
",benign, 376, 199, 2876, 6, 1779, 1084, 1, 520, 725, 0, 253, 24982, 521, 3, 95, 3485, 1086, 404, 3, 15022, 7455, 8253, 0, 0, 33, 1859, 2032, 2906, 93, 0, 0, 17, 21, 123, 4, 25451, 17187, 20645, 3, 0, 0, 316
234,0x10be60,6, 1054099,"  101590:	e51b300c 	ldr	r3, [fp, #-12]
",benign, 284, 198, 2888, 2, 1777, 1086, 1, 519, 725, 0, 241, 23945, 521, 3, 94, 2825, 1231, 411, 3, 14108, 6477, 8188, 0, 0, 33, 1857, 2037, 2921, 93, 0, 0, 17, 21, 132, 2, 25157, 16572, 19945, 1, 0, 0, 316
235,0x108154,1, 1060250,"  102d98:	e51b300c 	ldr	r3, [fp, #-12]
",benign, 292, 196, 2884, 2, 1789, 1083, 1, 528, 742, 0, 248, 24465, 539, 3, 92, 2812, 1365, 471, 3, 14111, 6549, 8278, 0, 0, 34, 1888, 2033, 2945, 94, 0, 0, 18, 22, 130, 2, 24883, 16539, 19839, 1, 0, 0, 316
236,0x11640c,1, 1058278,"  1025e4:	e51b3018 	ldr	r3, [fp, #-24]	; 0xffffffe8
",benign, 345, 257, 2934, 2, 1812, 1096, 1, 524, 728, 0, 243, 24265, 524, 3, 94, 2956, 1277, 467, 3, 14157, 6443, 8314, 0, 0, 33, 1888, 2062, 2959, 93, 0, 0, 17, 22, 132, 2, 24845, 16671, 19971, 1, 0, 0, 316
237,0x113f98,22, 1060218,"  102d78:	e50b3020 	str	r3, [fp, #-32]	; 0xffffffe0
",benign, 345, 257, 2922, 2, 1805, 1096, 1, 524, 728, 0, 245, 24164, 524, 3, 94, 2795, 1311, 415, 3, 14116, 6398, 8302, 0, 0, 33, 1888, 2067, 2967, 96, 0, 0, 17, 34, 128, 2, 24844, 16594, 19873, 1, 0, 0, 316
238,0x112914,11, 1053934,"  1014ec:	e0822003 	add	r2, r2, r3
",benign, 285, 198, 2872, 2, 1771, 1082, 1, 521, 728, 0, 242, 24200, 524, 3, 94, 2782, 1274, 411, 3, 14225, 6554, 8212, 0, 0, 33, 1852, 2039, 2909, 93, 0, 0, 18, 22, 134, 2, 24628, 16410, 19662, 1, 0, 0, 316
239,0x113e0c,17, 1054952,"  1018e8:	e1a03163 	ror	r3, r3, #2
",benign, 338, 254, 2950, 2, 1829, 1100, 1, 528, 735, 0, 246, 24290, 531, 3, 90, 2990, 1199, 415, 3, 14003, 6382, 8380, 0, 0, 33, 1907, 2086, 2999, 95, 0, 0, 17, 22, 128, 2, 24946, 16628, 19947, 1, 0, 0, 316
240,0x10c214,22, 1051166,"  100a1c:	e083300b 	add	r3, r3, fp
",benign, 288, 198, 2959, 2, 1844, 1102, 1, 528, 735, 0, 242, 24293, 531, 3, 89, 2936, 1077, 398, 3, 14373, 6701, 8432, 0, 0, 33, 1912, 2085, 2988, 91, 0, 0, 18, 21, 134, 2, 24866, 16796, 20174, 1, 0, 0, 372
241,0x13da6c,9, 1056456,"  101ec8:	e50b300c 	str	r3, [fp, #-12]
",benign, 287, 198, 2962, 2, 1838, 1101, 1, 528, 735, 0, 250, 24185, 531, 3, 90, 2838, 1431, 411, 3, 13876, 6257, 8382, 0, 0, 33, 1907, 2095, 2994, 93, 0, 0, 18, 21, 114, 2, 24979, 16745, 20013, 1, 0, 0, 316
242,0x10850c,9, 1061688,"  103338:	e50b300c 	str	r3, [fp, #-12]
",benign, 290, 197, 2889, 2, 1797, 1084, 1, 531, 747, 0, 249, 24375, 544, 3, 93, 3025, 1259, 415, 3, 14226, 6379, 8325, 0, 0, 34, 1887, 2054, 2928, 91, 0, 0, 17, 22, 128, 2, 24787, 16562, 19848, 1, 0, 0, 316
243,0x102634,20, 1062537,"  103688:	e6af2073 	sxtb	r2, r3
",benign, 286, 199, 2880, 1, 1789, 1083, 1, 527, 741, 0, 258, 24572, 538, 3, 93, 3102, 1164, 397, 3, 14200, 6338, 8280, 0, 0, 34, 1879, 2060, 2921, 92, 0, 0, 17, 22, 132, 2, 24836, 16473, 19794, 1, 0, 0, 582
244,0x133c98,13, 1051221,"  100a54:	e51b3168 	ldr	r3, [fp, #-360]	; 0xfffffe98
",benign, 285, 198, 2896, 1, 1787, 1086, 1, 521, 728, 0, 242, 24094, 524, 3, 94, 3009, 1320, 415, 3, 14007, 6495, 8236, 0, 0, 33, 1853, 2034, 2902, 91, 0, 0, 17, 22, 128, 2, 24832, 16385, 19755, 1, 0, 0, 316
245,0x10c6ec,18, 1054830,"  10186c:	e50b301c 	str	r3, [fp, #-28]	; 0xffffffe4
",benign, 285, 198, 2881, 1, 1774, 1086, 1, 519, 725, 0, 235, 23987, 521, 3, 94, 3182, 1356, 411, 3, 14255, 6592, 8200, 0, 0, 33, 1852, 2023, 2904, 92, 0, 0, 17, 33, 132, 2, 24815, 16288, 19544, 1, 0, 0, 316
246,0x119678,1, 1056281,"  101e18:	e3483f1b 	movt	r3, #36635	; 0x8f1b
",benign, 288, 197, 2895, 2, 1791, 1084, 1, 531, 747, 0, 252, 24262, 544, 3, 93, 3092, 1204, 411, 3, 14242, 6720, 8337, 0, 0, 34, 1897, 2070, 2939, 93, 0, 0, 18, 33, 130, 2, 24730, 16623, 19871, 1, 0, 0, 316
247,0x123f8c,12, 1049874,"  100510:	e1a02000 	mov	r2, r0
",benign, 436, 255, 2865, 5, 1778, 1083, 1, 520, 725, 0, 239, 24849, 521, 3, 95, 2874, 1144, 463, 3, 15240, 7681, 8226, 0, 0, 33, 1840, 2053, 2890, 92, 0, 0, 17, 21, 121, 4, 25674, 17302, 20612, 3, 0, 0, 316
248,0x10f608,28, 1062163,"  103510:	e51b3008 	ldr	r3, [fp, #-8]
",benign, 288, 197, 2887, 2, 1791, 1083, 1, 527, 741, 0, 254, 24410, 538, 3, 93, 2724, 1430, 411, 3, 14275, 6475, 8260, 0, 0, 34, 1879, 2052, 2933, 93, 0, 0, 17, 22, 129, 2, 25108, 16520, 19848, 1, 0, 0, 374
249,0x10938c,0, 1059608,"  102b18:	e51b3020 	ldr	r3, [fp, #-32]	; 0xffffffe0
",benign, 287, 199, 2884, 2, 1772, 1083, 1, 520, 725, 0, 245, 24191, 521, 3, 95, 3121, 1197, 415, 3, 14103, 6422, 8188, 0, 0, 33, 1855, 2039, 2908, 93, 0, 0, 18, 40, 134, 2, 24543, 16401, 19728, 1, 0, 0, 316
250,0x129e50,8, 1061962,"  103448:	e3530001 	cmp	r3, #1
",benign, 290, 197, 2881, 2, 1789, 1085, 1, 527, 741, 0, 266, 24280, 538, 3, 93, 2990, 1107, 395, 3, 14193, 6615, 8266, 0, 0, 34, 1875, 2047, 2932, 93, 0, 0, 17, 21, 132, 2, 24680, 16611, 20115, 1, 0, 0, 316
251,0x107848,9, 1061039,"  1030ac:	e1a031a3 	lsr	r3, r3, #3
",benign, 290, 197, 2885, 2, 1781, 1084, 1, 527, 741, 0, 254, 24237, 538, 3, 94, 2883, 1438, 575, 3, 14130, 6461, 8266, 0, 0, 34, 1875, 2055, 2923, 91, 0, 0, 17, 21, 132, 2, 24858, 16535, 19813, 1, 0, 0, 316
252,0x10cb3c,4, 1052884,"  1010d4:	e51b301c 	ldr	r3, [fp, #-28]	; 0xffffffe4
",benign, 344, 257, 2886, 2, 1780, 1088, 1, 522, 728, 0, 246, 24249, 524, 3, 92, 2679, 1113, 415, 3, 14152, 6406, 8262, 0, 0, 33, 1869, 2044, 2925, 93, 0, 0, 17, 21, 114, 2, 24901, 16358, 19869, 1, 0, 0, 316
253,0x12c268,2, 1052876,"  1010cc:	e1813003 	orr	r3, r1, r3
",benign, 288, 198, 2887, 1, 1777, 1086, 1, 519, 725, 0, 246, 24194, 521, 3, 93, 2827, 1226, 411, 3, 14255, 6480, 8171, 0, 0, 33, 1858, 2034, 2921, 93, 0, 0, 17, 21, 128, 2, 24768, 16685, 20010, 1, 0, 0, 316
254,0x13b50c,1, 1053096,"  1011a8:	e0011003 	and	r1, r1, r3
",benign, 347, 257, 2953, 2, 1832, 1099, 1, 528, 735, 0, 243, 24476, 531, 3, 91, 3067, 1183, 415, 3, 14246, 6509, 8376, 0, 0, 33, 1973, 2146, 2984, 92, 0, 0, 17, 22, 128, 2, 24859, 16519, 19880, 1, 0, 0, 316
255,0x124750,14, 1053836,"  10148c:	e30e3ba1 	movw	r3, #60321	; 0xeba1
",benign, 293, 197, 2851, 2, 1750, 1082, 1, 521, 727, 0, 254, 24340, 524, 3, 91, 3128, 1132, 454, 3, 14052, 6508, 8144, 0, 0, 34, 1839, 2017, 2891, 91, 0, 0, 17, 72, 114, 2, 24569, 16376, 19716, 1, 0, 0, 316
256,0x12bbd4,2, 1052514,"  100f60:	e0033000 	and	r3, r3, r0
",benign, 282, 199, 2812, 1, 1734, 1080, 1, 511, 711, 0, 230, 23794, 507, 3, 93, 2905, 1231, 415, 3, 13956, 6365, 8000, 0, 0, 33, 1771, 2008, 2837, 92, 0, 0, 17, 22, 132, 2, 24527, 16079, 19386, 1, 0, 0, 316
257,0x103fd8,8, 1051820,"  100cac:	e3073999 	movw	r3, #31129	; 0x7999
",benign, 282, 199, 2873, 2, 1768, 1083, 1, 519, 726, 0, 234, 23930, 522, 3, 95, 2717, 1484, 413, 3, 13947, 6366, 8201, 0, 0, 33, 1897, 2105, 2896, 91, 0, 0, 17, 21, 115, 2, 24415, 16268, 19740, 1, 0, 0, 316
258,0x11d890,17, 1056685,"  101fac:	e1a03163 	ror	r3, r3, #2
",benign, 341, 256, 2808, 2, 1717, 1076, 1, 511, 711, 0, 229, 23754, 507, 3, 93, 2969, 1213, 395, 3, 13980, 6415, 8008, 0, 0, 33, 1779, 1996, 2842, 92, 0, 0, 17, 21, 132, 2, 24672, 16263, 19653, 1, 0, 0, 316
259,0x13c670,10, 1061267,"  103190:	e2433004 	sub	r3, r3, #4
",benign, 349, 255, 2892, 2, 1799, 1084, 1, 531, 747, 0, 249, 24135, 544, 3, 92, 2837, 1167, 415, 3, 14111, 6577, 8313, 0, 0, 34, 1954, 2116, 2931, 91, 0, 0, 17, 34, 130, 2, 24823, 16957, 20291, 1, 0, 0, 316
260,0x10e628,20, 1055324,"  101a5c:	e0233001 	eor	r3, r3, r1
",benign, 293, 200, 2882, 2, 1785, 1088, 1, 524, 733, 0, 259, 24494, 530, 3, 93, 2910, 1463, 566, 3, 14142, 6264, 8229, 0, 0, 34, 1935, 2109, 2924, 91, 0, 0, 17, 22, 132, 2, 24834, 16564, 19852, 1, 0, 0, 316
261,0x130818,9, 1056975,"  1020cc:	e1811003 	orr	r1, r1, r3
",benign, 290, 198, 2878, 1, 1771, 1080, 1, 522, 734, 0, 235, 24132, 531, 3, 92, 2734, 1384, 413, 3, 14201, 6383, 8209, 0, 0, 34, 1844, 2056, 2899, 91, 0, 0, 18, 38, 93, 2, 24654, 16459, 19741, 1, 0, 0, 316
262,0x125c78,6, 1054648,"  1017b8:	e50b300c 	str	r3, [fp, #-12]
",benign, 345, 258, 2731, 1, 1675, 1072, 1, 506, 709, 0, 232, 22001, 506, 3, 93, 2449, 1425, 412, 3, 12291, 6848, 7919, 0, 0, 34, 1768, 1981, 2789, 94, 0, 0, 18, 71, 131, 2, 22518, 13968, 17427, 1, 0, 0, 316
263,0x100988,23, 1050949,"  100944:	e92d4800 	push	{fp, lr}
",benign, 348, 255, 2843, 2, 1744, 1080, 1, 521, 727, 0, 250, 24211, 524, 3, 92, 3015, 1030, 398, 3, 14222, 6722, 8127, 0, 0, 34, 1849, 2009, 2885, 91, 0, 0, 17, 22, 128, 2, 24581, 16455, 19935, 1, 0, 0, 316
264,0x12d480,7, 1059667,"  102b50:	e30c31d6 	movw	r3, #49622	; 0xc1d6
",benign, 289, 197, 2848, 2, 1760, 1081, 1, 521, 727, 0, 252, 24279, 524, 3, 92, 3027, 1133, 413, 3, 14441, 6957, 8141, 0, 0, 34, 1842, 2016, 2892, 93, 0, 0, 17, 33, 132, 2, 24668, 16459, 19774, 1, 0, 0, 316
265,0x1389e8,7, 1051247,"  100a6c:	e51b3168 	ldr	r3, [fp, #-360]	; 0xfffffe98
",benign, 292, 195, 2857, 2, 1751, 1081, 1, 521, 727, 0, 249, 24000, 524, 3, 92, 3028, 1156, 415, 3, 14405, 6639, 8172, 0, 0, 34, 1839, 2018, 2902, 94, 0, 0, 17, 34, 132, 2, 24517, 16680, 20163, 1, 0, 0, 316
266,0x11e7f0,14, 1055833,"  101c58:	e51b3020 	ldr	r3, [fp, #-32]	; 0xffffffe0
",benign, 285, 197, 2867, 2, 1764, 1079, 1, 521, 728, 0, 247, 24263, 524, 3, 94, 2982, 1294, 473, 3, 14175, 6594, 8222, 0, 0, 33, 1927, 2098, 2914, 94, 0, 0, 18, 21, 114, 2, 24953, 16379, 19697, 1, 0, 0, 316
267,0x12bf40,3, 1052132,"  100de4:	e51b3014 	ldr	r3, [fp, #-20]	; 0xffffffec
",benign, 285, 199, 2906, 2, 1783, 1088, 1, 522, 728, 0, 245, 24216, 524, 3, 92, 2959, 1195, 412, 3, 13959, 6393, 8250, 0, 0, 33, 1876, 2037, 2928, 93, 0, 0, 17, 22, 132, 2, 25145, 16590, 19857, 1, 0, 0, 316
268,0x1004b0,26, 1050701,"  10084c:	e51b3010 	ldr	r3, [fp, #-16]
",benign, 287, 198, 2871, 2, 1766, 1081, 1, 521, 728, 0, 242, 23897, 524, 3, 95, 3127, 1420, 413, 3, 14114, 6515, 8213, 0, 0, 33, 1842, 2033, 2911, 92, 0, 0, 18, 22, 134, 2, 24614, 16676, 20022, 1, 0, 0, 316
269,0x1315d0,6, 1052391,"  100ee4:	e51b3018 	ldr	r3, [fp, #-24]	; 0xffffffe8
",benign, 289, 197, 2846, 2, 1749, 1081, 1, 521, 727, 0, 252, 24138, 524, 3, 92, 2814, 1435, 453, 3, 14102, 6550, 8161, 0, 0, 34, 1847, 2008, 2885, 91, 0, 0, 18, 22, 114, 2, 24539, 16508, 19797, 1, 0, 0, 316
270,0x101570,6, 1057332,"  102234:	e1a02de3 	ror	r2, r3, #27
",benign, 286, 198, 2870, 1, 1773, 1088, 1, 522, 734, 0, 235, 24360, 531, 3, 92, 3010, 1272, 415, 3, 14370, 6705, 8238, 0, 0, 34, 1838, 2052, 2903, 91, 0, 0, 17, 21, 130, 2, 24957, 16611, 20121, 1, 0, 0, 316
271,0x1374f4,1, 1051141,"  100a04:	e513315c 	ldr	r3, [r3, #-348]	; 0xfffffea4
",benign, 286, 198, 2877, 2, 1767, 1082, 1, 521, 728, 0, 245, 23929, 524, 3, 94, 2877, 1252, 395, 3, 14194, 6535, 8196, 0, 0, 33, 1851, 2032, 2909, 93, 0, 0, 17, 22, 129, 2, 24636, 16381, 19760, 1, 0, 0, 374
272,0x10168c,19, 1052613,"  100fc4:	e51b3014 	ldr	r3, [fp, #-20]	; 0xffffffec
",benign, 343, 254, 2890, 2, 1782, 1084, 1, 527, 741, 0, 255, 24205, 538, 3, 93, 2806, 1457, 473, 3, 14663, 6917, 8310, 0, 0, 34, 1952, 2111, 2931, 93, 0, 0, 17, 34, 112, 2, 24906, 16644, 19914, 1, 0, 0, 316
273,0x101a4c,7, 1057221,"  1021c4:	e1811003 	orr	r1, r1, r3
",benign, 284, 197, 2876, 2, 1769, 1081, 1, 521, 728, 0, 240, 23996, 524, 3, 95, 3118, 1477, 413, 3, 14182, 6287, 8209, 0, 0, 33, 1849, 2020, 2902, 91, 0, 0, 17, 21, 112, 2, 24769, 16479, 19786, 1, 0, 0, 316
274,0x13c06c,12, 1051574,"  100bb4:	e51b3158 	ldr	r3, [fp, #-344]	; 0xfffffea8
",benign, 342, 257, 2870, 2, 1781, 1089, 1, 519, 726, 0, 235, 24239, 522, 3, 95, 2575, 1261, 415, 3, 14453, 6771, 8153, 0, 0, 33, 1839, 2049, 2894, 92, 0, 0, 18, 33, 130, 2, 24648, 16211, 19476, 1, 0, 0, 316
275,0x128e54,11, 1059355,"  102a18:	e50b3020 	str	r3, [fp, #-32]	; 0xffffffe0
",benign, 292, 198, 2880, 2, 1779, 1084, 1, 519, 725, 0, 245, 24160, 521, 3, 94, 2837, 1438, 411, 3, 14028, 6252, 8179, 0, 0, 33, 1851, 2029, 2918, 91, 0, 0, 17, 73, 112, 2, 24717, 16387, 19700, 1, 0, 0, 316
276,0x1351a0,3, 1058432,"  102680:	e1a02de3 	ror	r2, r3, #27
",benign, 287, 198, 2956, 1, 1835, 1100, 1, 528, 735, 0, 243, 24297, 531, 3, 90, 2962, 1183, 415, 3, 13839, 6226, 8379, 0, 0, 33, 1901, 2081, 2986, 91, 0, 0, 17, 21, 132, 2, 24878, 16773, 20104, 1, 0, 0, 316
277,0x10208c,10, 1053952,"  101500:	e0823003 	add	r3, r2, r3
",benign, 289, 196, 2892, 1, 1790, 1082, 1, 531, 747, 0, 248, 24241, 544, 3, 92, 3098, 1179, 415, 3, 14081, 6265, 8312, 0, 0, 34, 1916, 2069, 2947, 94, 0, 0, 18, 22, 114, 2, 24997, 16510, 19750, 1, 0, 0, 316
278,0x10f168,2, 1052314,"  100e98:	e50b3020 	str	r3, [fp, #-32]	; 0xffffffe0
",benign, 286, 197, 2852, 2, 1754, 1081, 1, 521, 727, 0, 252, 23914, 524, 3, 92, 3002, 1128, 415, 3, 13960, 6451, 8153, 0, 0, 34, 1837, 2017, 2895, 95, 0, 0, 18, 21, 130, 2, 24582, 16396, 19661, 1, 0, 0, 316
279,0x108ce8,10, 1050190,"  10064c:	1a000016 	bne	1006ac <strsearch+0xc8>
",benign, 366, 199, 2896, 5, 1784, 1089, 1, 523, 729, 0, 236, 25234, 524, 3, 91, 3439, 1167, 404, 3, 15334, 7551, 8298, 0, 0, 33, 1847, 2064, 2916, 91, 0, 0, 17, 22, 123, 5, 25768, 17274, 20714, 3, 0, 0, 316
280,0x102154,26, 1055707,"  101bd8:	e51b3010 	ldr	r3, [fp, #-16]
",benign, 293, 197, 2847, 2, 1759, 1080, 1, 521, 727, 0, 246, 24132, 524, 3, 91, 2942, 1388, 399, 3, 14180, 6651, 8143, 0, 0, 34, 1838, 2019, 2902, 93, 0, 0, 18, 21, 131, 2, 24577, 16440, 19741, 1, 0, 0, 316
281,0x111e58,18, 1052131,"  100de0:	e51b1010 	ldr	r1, [fp, #-16]
",benign, 283, 199, 2872, 2, 1765, 1084, 1, 519, 726, 0, 234, 23827, 522, 3, 95, 2943, 1275, 395, 3, 14115, 6495, 8203, 0, 0, 33, 1907, 2106, 2910, 94, 0, 0, 17, 22, 132, 2, 24921, 16428, 19753, 1, 0, 0, 316
282,0x129eac,26, 1056346,"  101e58:	e51b1014 	ldr	r1, [fp, #-20]	; 0xffffffec
",benign, 286, 198, 2867, 1, 1766, 1087, 1, 519, 726, 0, 233, 23981, 522, 3, 95, 3207, 1285, 395, 3, 14123, 6392, 8163, 0, 0, 33, 1826, 2056, 2897, 92, 0, 0, 18, 34, 130, 2, 24660, 16293, 19608, 1, 0, 0, 316
283,0x133508,27, 1061495,"  103274:	e5130014 	ldr	r0, [r3, #-20]	; 0xffffffec
",benign, 288, 197, 2877, 1, 1773, 1085, 1, 519, 725, 0, 250, 23984, 521, 3, 93, 2904, 1277, 415, 3, 14373, 6649, 8201, 0, 0, 33, 2113, 2278, 2921, 93, 0, 0, 17, 21, 130, 2, 24735, 16492, 19847, 1, 0, 0, 374
284,0x11e450,8, 1051533,"  100b8c:	e51b3014 	ldr	r3, [fp, #-20]	; 0xffffffec
",benign, 286, 198, 2868, 2, 1767, 1080, 1, 521, 728, 0, 245, 24236, 524, 3, 94, 2582, 1505, 415, 3, 13970, 6280, 8205, 0, 0, 33, 1850, 2039, 2904, 91, 0, 0, 17, 41, 128, 2, 24610, 16924, 20270, 1, 0, 0, 316
285,0x11ff70,28, 1061932,"  10342c:	e50b3014 	str	r3, [fp, #-20]	; 0xffffffec
",benign, 288, 198, 2881, 2, 1784, 1081, 1, 521, 728, 0, 244, 24035, 524, 3, 95, 3021, 1318, 411, 3, 13980, 6298, 8210, 0, 0, 33, 1862, 2038, 2911, 94, 0, 0, 17, 21, 130, 2, 24821, 16464, 19734, 1, 0, 0, 316
286,0x13ca34,27, 1057810,"  102410:	e51b300c 	ldr	r3, [fp, #-12]
",benign, 289, 196, 2845, 1, 1748, 1081, 1, 521, 727, 0, 261, 24392, 524, 3, 92, 3021, 1182, 413, 3, 14025, 6599, 8145, 0, 0, 34, 1838, 2024, 2896, 93, 0, 0, 17, 45, 112, 2, 24939, 16407, 19745, 1, 0, 0, 316
287,0x11c474,1, 1051326,"  100abc:	e51b301c 	ldr	r3, [fp, #-28]	; 0xffffffe4
",benign, 285, 197, 2880, 2, 1773, 1082, 1, 522, 727, 0, 243, 24089, 523, 3, 95, 3238, 1091, 397, 3, 14308, 6458, 8192, 0, 0, 33, 1847, 2033, 2903, 93, 0, 0, 17, 21, 114, 2, 24708, 16386, 19667, 1, 0, 0, 316
288,0x1332e0,17, 1053853,"  10149c:	e51b3018 	ldr	r3, [fp, #-24]	; 0xffffffe8
",benign, 288, 199, 2899, 2, 1787, 1086, 1, 522, 728, 0, 239, 24051, 524, 3, 92, 3074, 1276, 415, 3, 14173, 6278, 8234, 0, 0, 33, 1862, 2039, 2922, 91, 0, 0, 18, 33, 132, 2, 25019, 16321, 19599, 1, 0, 0, 316
289,0x126b8c,11, 1051620,"  100be4:	e50b3014 	str	r3, [fp, #-20]	; 0xffffffec
",benign, 288, 198, 2872, 2, 1776, 1085, 1, 519, 725, 0, 242, 24386, 521, 3, 94, 2863, 1298, 415, 3, 14033, 6425, 8203, 0, 0, 33, 1847, 2030, 2908, 91, 0, 0, 17, 21, 128, 2, 24613, 16475, 19995, 1, 0, 0, 316
290,0x1185dc,3, 1050408,"  100728:	1a000015 	bne	100784 <search_wrap+0xbc>
",benign, 314, 199, 2806, 4, 1715, 1075, 1, 511, 711, 0, 245, 24395, 507, 3, 93, 3290, 1364, 408, 3, 14304, 6798, 7975, 0, 0, 33, 1772, 1994, 2844, 91, 0, 0, 18, 21, 125, 7, 24753, 16153, 19524, 3, 0, 0, 316
291,0x101d3c,12, 1053054,"  10117c:	e51b3010 	ldr	r3, [fp, #-16]
",benign, 285, 198, 2884, 2, 1776, 1085, 1, 519, 725, 0, 242, 24152, 521, 3, 93, 2854, 1419, 411, 3, 14329, 6752, 8208, 0, 0, 33, 2108, 2291, 2915, 91, 0, 0, 17, 21, 112, 2, 24633, 16255, 19528, 1, 0, 0, 316
292,0x10817c,3, 1050473,"  100768:	e1a03123 	lsr	r3, r3, #2
",benign, 289, 198, 2844, 1, 1750, 1082, 1, 521, 727, 0, 254, 24215, 524, 3, 92, 3015, 1127, 411, 3, 14133, 6582, 8153, 0, 0, 34, 1840, 2020, 2886, 91, 0, 0, 17, 22, 132, 2, 24630, 16338, 19587, 1, 0, 0, 316
293,0x1224a4,13, 1062322,"  1035b0:	e24b3080 	sub	r3, fp, #128	; 0x80
",benign, 288, 198, 2888, 1, 1780, 1083, 1, 528, 742, 0, 252, 24280, 539, 3, 91, 3042, 1111, 397, 3, 14529, 6913, 8292, 0, 0, 34, 1877, 2045, 2914, 91, 0, 0, 18, 22, 117, 2, 25079, 16552, 19846, 1, 0, 0, 316
294,0x11a500,17, 1054561,"  101760:	e0211003 	eor	r1, r1, r3
",benign, 290, 197, 2856, 1, 1750, 1081, 1, 521, 727, 0, 251, 24326, 524, 3, 92, 2830, 1371, 415, 3, 14307, 6883, 8181, 0, 0, 34, 1844, 2013, 2894, 93, 0, 0, 17, 22, 128, 2, 24716, 16212, 19521, 1, 0, 0, 316
295,0x137604,19, 1057855,"  10243c:	e51b0014 	ldr	r0, [fp, #-20]	; 0xffffffec
",benign, 283, 199, 2866, 2, 1765, 1085, 1, 520, 725, 0, 247, 24293, 521, 3, 95, 2980, 1187, 456, 3, 14124, 6515, 8202, 0, 0, 33, 1910, 2085, 2908, 93, 0, 0, 18, 22, 117, 2, 24574, 16480, 19772, 1, 0, 0, 375
296,0x10a964,14, 1057469,"  1022bc:	e1811003 	orr	r1, r1, r3
",benign, 282, 197, 2872, 2, 1768, 1082, 1, 521, 728, 0, 248, 24108, 524, 3, 94, 2968, 1454, 415, 3, 14169, 6304, 8219, 0, 0, 33, 1849, 2032, 2901, 91, 0, 0, 17, 37, 300, 2, 24919, 16419, 19743, 1, 0, 0, 316
297,0x128eb8,7, 1055147,"  1019a8:	e50b3020 	str	r3, [fp, #-32]	; 0xffffffe0
",benign, 289, 197, 2864, 1, 1766, 1080, 1, 522, 734, 0, 244, 24104, 531, 3, 91, 2926, 1155, 397, 3, 14123, 6610, 8235, 0, 0, 34, 1901, 2115, 2904, 92, 0, 0, 17, 21, 132, 2, 24758, 16553, 19893, 1, 0, 0, 316
298,0x12ff94,12, 1053073,"  101190:	e51b3020 	ldr	r3, [fp, #-32]	; 0xffffffe0
",benign, 286, 198, 2888, 2, 1783, 1084, 1, 528, 742, 0, 244, 24047, 539, 3, 92, 2939, 1268, 474, 3, 14229, 6637, 8288, 0, 0, 34, 1897, 2045, 2920, 91, 0, 0, 17, 38, 112, 2, 24957, 16513, 19831, 1, 0, 0, 316
299,0x11a524,9, 1050001,"  100590:	e1a01002 	mov	r1, r2
",benign, 449, 255, 2881, 5, 1776, 1088, 1, 519, 725, 0, 241, 25005, 521, 3, 92, 3466, 1191, 407, 3, 15063, 7516, 8279, 0, 0, 33, 1853, 2049, 2906, 92, 0, 0, 18, 71, 123, 6, 25652, 17202, 20579, 3, 0, 0, 316
300,0x139d70,2, 1058933,"  102874:	e51b3014 	ldr	r3, [fp, #-20]	; 0xffffffec
",benign, 287, 199, 2732, 1, 1675, 1069, 1, 506, 709, 0, 232, 22092, 506, 3, 92, 2715, 1392, 474, 3, 11965, 6583, 7925, 0, 0, 34, 1799, 2048, 2786, 92, 0, 0, 17, 21, 130, 2, 22375, 14086, 17423, 1, 0, 0, 316
301,0x11c078,3, 1058819,"  102800:	e51b3018 	ldr	r3, [fp, #-24]	; 0xffffffe8
",benign, 343, 257, 2869, 2, 1770, 1082, 1, 521, 728, 0, 238, 24018, 524, 3, 94, 3171, 1253, 398, 3, 13999, 6422, 8228, 0, 0, 33, 1848, 2041, 2915, 93, 0, 0, 17, 22, 132, 2, 24642, 16247, 19496, 1, 0, 0, 316
302,0x1112d8,17, 1058159,"  10256c:	e50b301c 	str	r3, [fp, #-28]	; 0xffffffe4
",benign, 288, 197, 2900, 2, 1794, 1082, 1, 531, 747, 0, 249, 24344, 544, 3, 93, 2869, 1326, 413, 3, 14262, 6668, 8326, 0, 0, 34, 1891, 2067, 2941, 93, 0, 0, 17, 33, 128, 2, 24751, 16610, 19945, 1, 0, 0, 316
303,0x111c2c,0, 1060925,"  10303c:	e2833040 	add	r3, r3, #64	; 0x40
",benign, 288, 198, 2880, 2, 1777, 1086, 1, 519, 725, 0, 244, 24167, 521, 3, 93, 2699, 1626, 412, 3, 14144, 6453, 8186, 0, 0, 33, 1850, 2022, 2915, 91, 0, 0, 18, 72, 117, 2, 24492, 16462, 20032, 1, 0, 0, 316
304,0x11eb48,14, 1055715,"  101be0:	e50b3014 	str	r3, [fp, #-20]	; 0xffffffec
",benign, 286, 198, 2866, 1, 1764, 1082, 1, 521, 728, 0, 252, 23997, 524, 3, 95, 2812, 1312, 415, 3, 13837, 6284, 8212, 0, 0, 33, 1843, 2031, 2912, 91, 0, 0, 18, 93, 117, 2, 24642, 16376, 19641, 1, 0, 0, 316
305,0x113cf4,13, 1053566,"  10137c:	e1a02de3 	ror	r2, r3, #27
",benign, 285, 198, 2870, 2, 1766, 1082, 1, 521, 728, 0, 242, 24295, 524, 3, 94, 3005, 1299, 453, 3, 14074, 6372, 8208, 0, 0, 33, 1851, 2028, 2906, 92, 0, 0, 18, 46, 134, 2, 24740, 16361, 19695, 1, 0, 0, 316
306,0x135ce0,15, 1054697,"  1017e8:	e0822003 	add	r2, r2, r3
",benign, 287, 197, 2897, 2, 1792, 1083, 1, 531, 747, 0, 249, 24098, 544, 3, 94, 3010, 1109, 415, 3, 14195, 6509, 8330, 0, 0, 34, 1890, 2064, 2930, 91, 0, 0, 18, 41, 134, 2, 24872, 16485, 19747, 1, 0, 0, 374
307,0x11efb8,6, 1060857,"  102ff8:	e51b3008 	ldr	r3, [fp, #-8]
",benign, 286, 198, 2879, 1, 1788, 1090, 1, 522, 734, 0, 242, 24186, 531, 3, 91, 3125, 1194, 395, 3, 14312, 6634, 8230, 0, 0, 34, 1836, 2066, 2909, 93, 0, 0, 18, 22, 131, 2, 24761, 16346, 19644, 1, 0, 0, 316
308,0x118804,4, 1054395,"  1016b8:	e51b3018 	ldr	r3, [fp, #-24]	; 0xffffffe8
",benign, 292, 197, 2853, 1, 1755, 1081, 1, 521, 727, 0, 245, 24092, 524, 3, 92, 2928, 1138, 411, 3, 14189, 6481, 8166, 0, 0, 34, 1842, 2015, 2893, 93, 0, 0, 17, 70, 132, 2, 24651, 16622, 19893, 1, 0, 0, 316
309,0x100420,3, 1060552,"  102ec8:	e51b3168 	ldr	r3, [fp, #-360]	; 0xfffffe98
",benign, 282, 198, 2858, 2, 1776, 1090, 1, 519, 726, 0, 237, 24203, 522, 3, 96, 2800, 1285, 415, 3, 14076, 6126, 8194, 0, 0, 33, 1806, 2058, 2894, 91, 0, 0, 18, 72, 131, 2, 24435, 16288, 19553, 1, 0, 0, 374
310,0x100444,0, 1057851,"  102438:	e0011003 	and	r1, r1, r3
",benign, 339, 255, 2824, 1, 1734, 1079, 1, 511, 711, 0, 238, 23896, 507, 3, 93, 3008, 1194, 415, 3, 14112, 6319, 7984, 0, 0, 33, 1843, 2053, 2849, 92, 0, 0, 17, 21, 318, 2, 24633, 16304, 19671, 1, 0, 0, 374
311,0x113d6c,12, 1061298,"  1031b0:	fa003e72 	blx	112b80 <strlen>
",benign, 288, 197, 2865, 2, 1767, 1082, 1, 521, 728, 0, 248, 24170, 524, 3, 95, 2849, 1225, 395, 3, 14270, 6393, 8185, 0, 0, 33, 1857, 2038, 2910, 93, 0, 0, 18, 21, 130, 2, 24748, 16339, 19650, 1, 0, 0, 316
312,0x112688,20, 1057786,"  1023f8:	e50b301c 	str	r3, [fp, #-28]	; 0xffffffe4
",benign, 291, 198, 2865, 2, 1765, 1083, 1, 522, 734, 0, 238, 24293, 531, 3, 92, 2916, 1111, 395, 3, 14001, 6475, 8229, 0, 0, 34, 1838, 2068, 2904, 92, 0, 0, 18, 22, 116, 2, 24559, 16631, 19920, 1, 0, 0, 316
313,0x12283c,31, 1052386,"  100ee0:	e1e00003 	mvn	r0, r3
",benign, 351, 256, 2889, 2, 1791, 1084, 1, 528, 742, 0, 247, 24728, 539, 3, 92, 2892, 1430, 415, 3, 14552, 6489, 8285, 0, 0, 34, 1881, 2055, 2921, 91, 0, 0, 17, 146, 132, 2, 25038, 16781, 20100, 1, 0, 0, 316
314,0x1341a4,15, 1058895,"  10284c:	e51b301c 	ldr	r3, [fp, #-28]	; 0xffffffe4
",benign, 285, 199, 2901, 2, 1793, 1082, 1, 527, 741, 0, 253, 24331, 538, 3, 93, 2829, 1270, 412, 3, 14110, 6485, 8281, 0, 0, 34, 1882, 2057, 2935, 94, 0, 0, 17, 21, 132, 2, 24695, 16577, 19932, 1, 0, 0, 316
315,0x115688,21, 1060660,"  102f34:	e51b2008 	ldr	r2, [fp, #-8]
",benign, 344, 254, 2868, 1, 1770, 1087, 1, 522, 734, 0, 240, 24042, 531, 3, 92, 2959, 1270, 413, 3, 14185, 6430, 8213, 0, 0, 34, 1829, 2064, 2908, 92, 0, 0, 17, 52, 128, 2, 24693, 16531, 19788, 1, 0, 0, 372
316,0x11d588,9, 1058754,"  1027c0:	e51b300c 	ldr	r3, [fp, #-12]
",benign, 346, 257, 2863, 2, 1766, 1081, 1, 521, 728, 0, 255, 24254, 524, 3, 95, 2651, 1273, 471, 3, 14220, 6412, 8197, 0, 0, 33, 1856, 2042, 2924, 93, 0, 0, 17, 34, 132, 2, 24888, 16306, 19704, 1, 0, 0, 316
317,0x12f8a0,3, 1051800,"  100c98:	e0822003 	add	r2, r2, r3
",benign, 288, 197, 2892, 2, 1790, 1082, 1, 531, 747, 0, 252, 24440, 544, 3, 93, 2809, 1200, 411, 3, 14157, 6658, 8355, 0, 0, 34, 1897, 2065, 2934, 93, 0, 0, 17, 22, 132, 2, 24980, 16495, 19829, 1, 0, 0, 316
318,0x115780,21, 1054183,"  1015e4:	e50b301c 	str	r3, [fp, #-28]	; 0xffffffe4
",benign, 349, 257, 2884, 2, 1783, 1086, 1, 519, 725, 0, 241, 24190, 521, 3, 94, 2858, 1257, 411, 3, 14086, 6501, 8197, 0, 0, 33, 1854, 2038, 2911, 92, 0, 0, 17, 72, 112, 2, 24570, 16515, 19802, 1, 0, 0, 316
319,0x11f89c,24, 1053863,"  1014a4:	e51b3014 	ldr	r3, [fp, #-20]	; 0xffffffec
",benign, 285, 198, 2883, 2, 1772, 1085, 1, 519, 725, 0, 245, 24043, 521, 3, 92, 3114, 1286, 415, 3, 14168, 6490, 8196, 0, 0, 33, 1854, 2030, 2918, 94, 0, 0, 18, 22, 116, 2, 24818, 16187, 19494, 1, 0, 0, 493
320,0x131814,24, 1051193,"  100a38:	e503215c 	str	r2, [r3, #-348]	; 0xfffffea4
",benign, 288, 197, 2894, 2, 1790, 1082, 1, 531, 747, 0, 257, 24259, 544, 3, 92, 2842, 1198, 415, 3, 14038, 6376, 8296, 0, 0, 34, 1897, 2060, 2936, 91, 0, 0, 17, 74, 132, 2, 24761, 16396, 19644, 1, 0, 0, 316
321,0x1157b0,9, 1056627,"  101f70:	e1813003 	orr	r3, r1, r3
",benign, 289, 199, 2871, 1, 1774, 1091, 1, 522, 734, 0, 241, 24241, 531, 3, 92, 2792, 1218, 411, 3, 14177, 6581, 8204, 0, 0, 34, 1835, 2052, 2904, 92, 0, 0, 18, 33, 134, 2, 24848, 16639, 19955, 1, 0, 0, 316
322,0x13686c,30, 1055538,"  101b30:	e51b3018 	ldr	r3, [fp, #-24]	; 0xffffffe8
",benign, 288, 198, 2882, 1, 1778, 1088, 1, 522, 734, 0, 237, 24068, 531, 3, 91, 2963, 1269, 412, 3, 14466, 6832, 8200, 0, 0, 34, 1845, 2050, 2899, 91, 0, 0, 17, 41, 129, 2, 24772, 16830, 20244, 1, 0, 0, 316
323,0x12c7e8,11, 1059290,"  1029d8:	e50b300c 	str	r3, [fp, #-12]
",benign, 289, 196, 2887, 2, 1796, 1084, 1, 531, 747, 0, 250, 24239, 544, 3, 92, 2744, 1217, 580, 3, 14138, 6308, 8302, 0, 0, 34, 1893, 2073, 2935, 93, 0, 0, 17, 53, 130, 2, 24768, 16729, 20012, 1, 0, 0, 374
324,0x11dbb8,16, 1052226,"  100e40:	e51b300c 	ldr	r3, [fp, #-12]
",benign, 289, 196, 2853, 2, 1762, 1081, 1, 521, 727, 0, 249, 23942, 524, 3, 92, 3027, 1335, 415, 3, 14247, 6570, 8163, 0, 0, 34, 1894, 2073, 2893, 93, 0, 0, 17, 22, 132, 2, 24648, 16382, 19670, 1, 0, 0, 374
325,0x12ba68,13, 1053383,"  1012c4:	e3073999 	movw	r3, #31129	; 0x7999
",benign, 287, 195, 2890, 2, 1788, 1084, 1, 531, 747, 0, 256, 24425, 544, 3, 94, 2612, 1410, 411, 3, 14170, 6583, 8361, 0, 0, 34, 1890, 2062, 2933, 91, 0, 0, 18, 72, 114, 2, 24793, 16436, 19753, 1, 0, 0, 316
326,0x10d250,3, 1055453,"  101adc:	e0822003 	add	r2, r2, r3
",benign, 348, 255, 2857, 2, 1754, 1082, 1, 521, 727, 0, 253, 24233, 524, 3, 92, 2870, 1280, 411, 3, 14226, 6722, 8134, 0, 0, 34, 1838, 2022, 2894, 93, 0, 0, 18, 72, 114, 2, 24658, 16441, 19699, 1, 0, 0, 316
327,0x10de70,10, 1062144,"  103500:	e51b2024 	ldr	r2, [fp, #-36]	; 0xffffffdc
",benign, 286, 198, 2861, 2, 1762, 1082, 1, 519, 726, 0, 230, 24028, 522, 3, 94, 2571, 1476, 411, 3, 13963, 6355, 8168, 0, 0, 33, 1830, 2051, 2899, 91, 0, 0, 17, 41, 132, 2, 24609, 16061, 19403, 1, 0, 0, 316
328,0x10cb3c,25, 1060988,"  10307c:	e8bd8800 	pop	{fp, pc}
",benign, 288, 197, 2886, 1, 1788, 1084, 1, 528, 742, 0, 248, 24247, 539, 3, 91, 3229, 1198, 413, 3, 14281, 6458, 8261, 0, 0, 34, 1890, 2037, 2914, 91, 0, 0, 18, 34, 134, 2, 24999, 16536, 19803, 1, 0, 0, 316
329,0x1320b8,30, 1061485,"  10326c:	e24b3a02 	sub	r3, fp, #8192	; 0x2000
",benign, 286, 197, 2858, 2, 1760, 1083, 1, 522, 727, 0, 248, 24047, 523, 3, 94, 3005, 1103, 395, 3, 14184, 6500, 8202, 0, 0, 33, 1853, 2028, 2904, 91, 0, 0, 18, 22, 132, 2, 24614, 16622, 20043, 1, 0, 0, 316
330,0x126e04,6, 1052351,"  100ebc:	e50b3010 	str	r3, [fp, #-16]
",benign, 283, 198, 2862, 1, 1775, 1082, 1, 521, 728, 0, 250, 24611, 524, 3, 95, 3067, 1218, 398, 3, 14082, 6191, 8208, 0, 0, 33, 1841, 2023, 2906, 91, 0, 0, 18, 71, 117, 2, 24770, 16242, 19557, 1, 0, 0, 316
331,0x12c4bc,21, 1057303,"  102214:	e51b3010 	ldr	r3, [fp, #-16]
",benign, 281, 198, 2866, 1, 1773, 1082, 1, 521, 728, 0, 255, 24034, 524, 3, 72, 2743, 1750, 415, 3, 14272, 6370, 8207, 0, 0, 33, 1864, 2039, 2914, 91, 0, 0, 18, 21, 134, 2, 24918, 16278, 19581, 1, 0, 0, 316
332,0x12d648,28, 1053629,"  1013bc:	e0823003 	add	r3, r2, r3
",benign, 288, 198, 2866, 2, 1767, 1082, 1, 522, 734, 0, 239, 24310, 531, 3, 92, 2837, 1155, 398, 3, 14209, 6455, 8200, 0, 0, 34, 1842, 2051, 2904, 92, 0, 0, 17, 21, 132, 2, 24490, 16634, 20118, 1, 0, 0, 316
333,0x12abf8,9, 1059189,"  102974:	e1a02de3 	ror	r2, r3, #27
",benign, 343, 257, 2878, 2, 1771, 1086, 1, 519, 725, 0, 249, 24394, 521, 3, 93, 2931, 1235, 415, 3, 14308, 6437, 8174, 0, 0, 33, 1851, 2018, 2910, 91, 0, 0, 17, 35, 132, 2, 24837, 16311, 19603, 1, 0, 0, 374
334,0x12bb0c,25, 1059974,"  102c84:	e51b301c 	ldr	r3, [fp, #-28]	; 0xffffffe4
",benign, 284, 198, 2870, 1, 1770, 1083, 1, 521, 728, 0, 248, 24082, 524, 3, 94, 2764, 1262, 415, 3, 13765, 6221, 8207, 0, 0, 33, 1849, 2042, 2912, 93, 0, 0, 17, 42, 130, 2, 24813, 16301, 19543, 1, 0, 0, 316
335,0x123790,6, 1060516,"  102ea4:	e0822003 	add	r2, r2, r3
",benign, 288, 197, 2896, 2, 1794, 1084, 1, 531, 747, 0, 245, 24161, 544, 3, 92, 2968, 1161, 411, 3, 14245, 6311, 8324, 0, 0, 34, 1898, 2075, 2938, 93, 0, 0, 18, 22, 132, 2, 24822, 16475, 19754, 1, 0, 0, 372
336,0x10b298,4, 1057609,"  102348:	e51b3018 	ldr	r3, [fp, #-24]	; 0xffffffe8
",benign, 287, 197, 2867, 2, 1765, 1082, 1, 522, 727, 0, 244, 24117, 523, 3, 94, 2863, 1379, 413, 3, 14114, 6512, 8199, 0, 0, 33, 1853, 2029, 2901, 93, 0, 0, 17, 34, 130, 2, 24694, 16322, 19662, 1, 0, 0, 316
337,0x13b148,24, 1051391,"  100afc:	e50b3010 	str	r3, [fp, #-16]
",benign, 285, 198, 2891, 2, 1791, 1083, 1, 521, 728, 0, 247, 24291, 524, 3, 94, 2819, 1173, 413, 3, 14121, 6389, 8196, 0, 0, 33, 1853, 2040, 2916, 93, 0, 0, 17, 22, 129, 2, 24742, 16366, 19663, 1, 0, 0, 316
338,0x117b30,20, 1055052,"  10194c:	e50b3018 	str	r3, [fp, #-24]	; 0xffffffe8
",benign, 348, 254, 2893, 2, 1798, 1082, 1, 531, 747, 0, 251, 24131, 544, 3, 93, 3020, 1195, 411, 3, 14214, 6574, 8302, 0, 0, 34, 1901, 2060, 2934, 94, 0, 0, 18, 21, 130, 2, 24861, 16839, 20157, 1, 0, 0, 316
339,0x10b500,4, 1056865,"  102060:	e51b3018 	ldr	r3, [fp, #-24]	; 0xffffffe8
",benign, 285, 197, 2896, 1, 1806, 1085, 1, 531, 747, 0, 257, 24431, 544, 3, 93, 2617, 1295, 415, 3, 14225, 6606, 8308, 0, 0, 34, 1898, 2067, 2941, 95, 0, 0, 17, 34, 132, 2, 24785, 16436, 19737, 1, 0, 0, 316
340,0x13a730,2, 1052971,"  101128:	e51b1010 	ldr	r1, [fp, #-16]
",benign, 291, 197, 2847, 1, 1750, 1081, 1, 521, 727, 0, 250, 24338, 524, 3, 91, 2834, 1131, 398, 3, 14099, 6629, 8172, 0, 0, 34, 1843, 2015, 2882, 92, 0, 0, 18, 22, 116, 2, 24564, 16507, 20034, 1, 0, 0, 316
341,0x118bc0,0, 1060933,"  103044:	e51b3010 	ldr	r3, [fp, #-16]
",benign, 283, 198, 2877, 2, 1783, 1088, 1, 521, 728, 0, 240, 24137, 524, 3, 94, 2684, 1260, 415, 3, 13983, 6349, 8218, 0, 0, 33, 1853, 2033, 2905, 91, 0, 0, 18, 22, 117, 2, 24523, 16648, 19959, 1, 0, 0, 316
342,0x11f068,31, 1055972,"  101ce4:	e51b1014 	ldr	r1, [fp, #-20]	; 0xffffffec
",benign, 288, 198, 2896, 1, 1791, 1084, 1, 528, 742, 0, 249, 24287, 539, 3, 92, 2816, 1383, 415, 3, 14032, 6420, 8278, 0, 0, 34, 1893, 2041, 2914, 92, 0, 0, 17, 21, 112, 2, 24676, 16366, 19675, 1, 0, 0, 316
343,0x135c9c,12, 1052555,"  100f88:	e50b3020 	str	r3, [fp, #-32]	; 0xffffffe0
",benign, 292, 198, 2888, 2, 1792, 1081, 1, 528, 742, 0, 248, 24047, 539, 3, 92, 2779, 1183, 413, 3, 14098, 6441, 8259, 0, 0, 34, 1881, 2047, 2919, 91, 0, 0, 17, 22, 129, 2, 25076, 16378, 19823, 1, 0, 0, 316
344,0x120968,16, 1061852,"  1033dc:	0a000003 	beq	1033f0 <sha_print+0x15c>
",benign, 288, 198, 2888, 2, 1775, 1084, 1, 519, 725, 0, 245, 24143, 521, 3, 93, 2867, 1228, 415, 3, 14155, 6533, 8178, 0, 0, 33, 1861, 2033, 2923, 93, 0, 0, 17, 41, 128, 2, 24785, 16301, 19866, 1, 0, 0, 316
345,0x10c18c,0, 1057019,"  1020f8:	e0822003 	add	r2, r2, r3
",benign, 345, 255, 2870, 2, 1768, 1082, 1, 521, 728, 0, 245, 24084, 524, 3, 94, 2988, 1280, 395, 3, 14259, 6685, 8233, 0, 0, 33, 1859, 2024, 2901, 91, 0, 0, 18, 34, 130, 2, 24737, 16279, 19552, 1, 0, 0, 316
346,0x1184ec,1, 1054748,"  10181c:	e50b3010 	str	r3, [fp, #-16]
",benign, 287, 199, 2891, 2, 1782, 1089, 1, 522, 728, 0, 241, 24077, 524, 3, 92, 2953, 1217, 469, 3, 14220, 6643, 8265, 0, 0, 33, 1929, 2111, 2929, 91, 0, 0, 17, 42, 132, 2, 24824, 16549, 19898, 1, 0, 0, 316
347,0x1109c0,24, 1061267,"  103190:	e2433004 	sub	r3, r3, #4
",benign, 290, 198, 2872, 2, 1781, 1082, 1, 522, 734, 0, 241, 24131, 531, 3, 92, 2742, 1468, 413, 3, 14284, 6686, 8197, 0, 0, 34, 1841, 2058, 2898, 92, 0, 0, 17, 33, 112, 2, 24677, 16405, 19688, 1, 0, 0, 316
348,0x11bc18,1, 1054548,"  101754:	e1a02de3 	ror	r2, r3, #27
",benign, 283, 197, 2876, 1, 1771, 1083, 1, 521, 728, 0, 243, 24095, 524, 3, 94, 2819, 1330, 415, 3, 14109, 6467, 8224, 0, 0, 33, 1859, 2030, 2899, 91, 0, 0, 18, 21, 130, 2, 24641, 16458, 19803, 1, 0, 0, 316
349,0x13514c,16, 1051914,"  100d08:	e0033000 	and	r3, r3, r0
",benign, 286, 198, 2873, 2, 1771, 1088, 1, 519, 725, 0, 243, 24424, 521, 3, 93, 3016, 1180, 395, 3, 14188, 6580, 8202, 0, 0, 33, 1859, 2028, 2920, 91, 0, 0, 17, 22, 115, 2, 24646, 16482, 19754, 1, 0, 0, 316
350,0x12fec4,29, 1050999,"  100974:	e2833006 	add	r3, r3, #6
",benign, 287, 197, 2886, 2, 1788, 1084, 1, 531, 747, 0, 250, 24465, 544, 3, 92, 2954, 1215, 415, 3, 14073, 6209, 8292, 0, 0, 34, 1887, 2064, 2933, 91, 0, 0, 17, 21, 132, 2, 25125, 16709, 19971, 1, 0, 0, 316
351,0x10d3d0,24, 1053215,"  10121c:	e51b3014 	ldr	r3, [fp, #-20]	; 0xffffffec
",benign, 286, 198, 2880, 2, 1771, 1084, 1, 521, 726, 0, 249, 24131, 522, 3, 94, 2908, 1315, 415, 3, 13971, 6264, 8183, 0, 0, 33, 1851, 2017, 2919, 91, 0, 0, 17, 22, 130, 2, 24831, 16613, 19899, 1, 0, 0, 316
352,0x10f7f4,4, 1050706,"  100850:	e1a03103 	lsl	r3, r3, #2
",benign, 286, 197, 2869, 1, 1766, 1079, 1, 521, 728, 0, 245, 24053, 524, 3, 94, 3097, 1249, 395, 3, 13735, 6121, 8214, 0, 0, 33, 1846, 2042, 2919, 94, 0, 0, 18, 73, 114, 2, 24431, 16353, 19743, 1, 0, 0, 316
353,0x10cbe4,29, 1061393,"  103210:	e2433004 	sub	r3, r3, #4
",benign, 290, 199, 2893, 2, 1796, 1085, 1, 522, 728, 0, 249, 24213, 524, 3, 92, 2998, 1164, 415, 3, 14131, 6248, 8237, 0, 0, 33, 1876, 2039, 2935, 93, 0, 0, 17, 33, 132, 2, 24622, 16475, 19782, 1, 0, 0, 316
354,0x12f970,1, 1050406,"  100724:	e3530001 	cmp	r3, #1
",benign, 363, 197, 2862, 5, 1764, 1082, 1, 521, 728, 0, 248, 24942, 524, 3, 93, 3147, 1198, 406, 3, 15065, 7515, 8266, 0, 0, 33, 1853, 2042, 2911, 93, 0, 0, 18, 34, 119, 7, 25767, 16988, 20376, 3, 0, 0, 316
355,0x11d634,4, 1055473,"  101af0:	e51b3018 	ldr	r3, [fp, #-24]	; 0xffffffe8
",benign, 288, 198, 2963, 2, 1838, 1097, 1, 528, 735, 0, 246, 24176, 531, 3, 90, 2616, 1420, 395, 3, 14004, 6321, 8373, 0, 0, 33, 1906, 2088, 2992, 91, 0, 0, 17, 21, 132, 2, 24963, 16622, 19902, 1, 0, 0, 316
356,0x10f074,10, 1056876,"  10206c:	e0822003 	add	r2, r2, r3
",benign, 442, 354, 2877, 2, 1780, 1083, 1, 521, 728, 0, 246, 24161, 524, 3, 94, 2945, 1208, 413, 3, 13940, 6215, 8198, 0, 0, 33, 1859, 2038, 2909, 92, 0, 0, 17, 22, 115, 2, 24519, 16345, 19609, 1, 0, 0, 316
357,0x131d20,11, 1058754,"  1027c0:	e51b300c 	ldr	r3, [fp, #-12]
",benign, 285, 198, 2884, 2, 1775, 1081, 1, 521, 728, 0, 244, 24230, 524, 3, 94, 2815, 1281, 415, 3, 14123, 6545, 8225, 0, 0, 33, 1849, 2028, 2911, 91, 0, 0, 17, 33, 132, 2, 24694, 16411, 19691, 1, 0, 0, 316
358,0x11269c,25, 1050782,"  10089c:	e5c32000 	strb	r2, [r3]
",benign, 356, 196, 2901, 8, 1791, 1084, 1, 531, 747, 0, 245, 24968, 544, 3, 93, 2945, 1293, 418, 3, 15333, 7506, 8417, 0, 0, 34, 1890, 2098, 2937, 91, 0, 0, 18, 34, 122, 11, 25782, 17526, 20960, 4, 0, 0, 374
359,0x11d858,23, 1055169,"  1019c0:	e1a03163 	ror	r3, r3, #2
",benign, 288, 198, 2953, 2, 1831, 1099, 1, 528, 735, 0, 243, 24380, 531, 3, 90, 2761, 1318, 474, 3, 14222, 6506, 8373, 0, 0, 33, 1904, 2087, 2997, 93, 0, 0, 17, 34, 132, 2, 24808, 16319, 19581, 1, 0, 0, 316
360,0x11ce18,15, 1053784,"  101458:	e50b300c 	str	r3, [fp, #-12]
",benign, 293, 198, 2897, 2, 1797, 1082, 1, 531, 747, 0, 247, 24448, 544, 3, 93, 2885, 1173, 397, 3, 14430, 6810, 8333, 0, 0, 34, 1888, 2062, 2932, 91, 0, 0, 17, 21, 132, 2, 24719, 16693, 19992, 1, 0, 0, 316
361,0x116634,4, 1056093,"  101d5c:	e1a02de3 	ror	r2, r3, #27
",benign, 283, 199, 2898, 2, 1782, 1085, 1, 519, 725, 0, 260, 24300, 521, 3, 93, 2998, 1182, 415, 3, 14163, 6271, 8177, 0, 0, 33, 1851, 2021, 2916, 91, 0, 0, 17, 42, 132, 2, 24826, 16272, 19527, 1, 0, 0, 316
362,0x106ba0,1, 1051825,"  100cb0:	e3453a82 	movt	r3, #23170	; 0x5a82
",benign, 288, 198, 2884, 2, 1787, 1083, 1, 528, 742, 0, 252, 24644, 539, 3, 91, 3130, 1095, 411, 3, 14008, 6498, 8277, 0, 0, 34, 1899, 2050, 2926, 94, 0, 0, 17, 22, 130, 2, 24684, 16544, 19826, 1, 0, 0, 316
363,0x11dc74,30, 1052292,"  100e84:	e51b3140 	ldr	r3, [fp, #-320]	; 0xfffffec0
",benign, 284, 198, 2962, 1, 1847, 1099, 1, 528, 735, 0, 238, 24211, 531, 3, 90, 2830, 1400, 395, 3, 14176, 6468, 8396, 0, 0, 33, 1911, 2085, 2987, 91, 0, 0, 17, 22, 114, 2, 24552, 16499, 19961, 1, 0, 0, 374
364,0x12b9c4,30, 1061760,"  103380:	e5922000 	ldr	r2, [r2]
",benign, 287, 198, 2953, 2, 1831, 1100, 1, 528, 735, 0, 242, 24263, 531, 3, 90, 3048, 1220, 415, 3, 14250, 6339, 8365, 0, 0, 33, 1910, 2078, 2992, 93, 0, 0, 17, 73, 112, 2, 24948, 16567, 19808, 1, 0, 0, 316
365,0x117724,2, 1053415,"  1012e4:	e51b3010 	ldr	r3, [fp, #-16]
",benign, 284, 196, 2872, 2, 1766, 1087, 1, 517, 721, 0, 240, 24043, 517, 3, 93, 2734, 1356, 413, 3, 14148, 6373, 8150, 0, 0, 33, 1842, 2017, 2907, 91, 0, 0, 17, 38, 112, 2, 24815, 16173, 19487, 1, 0, 0, 316
366,0x10c6fc,10, 1059185,"  102970:	e51b300c 	ldr	r3, [fp, #-12]
",benign, 287, 198, 2960, 2, 1847, 1100, 1, 528, 735, 0, 243, 24280, 531, 3, 90, 3007, 1199, 412, 3, 14217, 6395, 8385, 0, 0, 33, 1911, 2079, 2985, 91, 0, 0, 17, 21, 129, 2, 24741, 16662, 19924, 1, 0, 0, 375
367,0x13ae04,5, 1057037,"  10210c:	e51b3018 	ldr	r3, [fp, #-24]	; 0xffffffe8
",benign, 287, 197, 2872, 2, 1773, 1086, 1, 517, 721, 0, 243, 24157, 517, 3, 93, 2900, 1203, 469, 3, 14091, 6488, 8160, 0, 0, 33, 1841, 2021, 2903, 93, 0, 0, 17, 34, 132, 2, 24402, 16213, 19545, 1, 0, 0, 316
368,0x1351d8,7, 1056586,"  101f48:	e51b300c 	ldr	r3, [fp, #-12]
",benign, 285, 196, 2898, 2, 1794, 1083, 1, 531, 747, 0, 246, 24187, 544, 3, 92, 2610, 1219, 415, 3, 14099, 6555, 8311, 0, 0, 34, 1899, 2064, 2935, 93, 0, 0, 18, 71, 117, 2, 24690, 16589, 19917, 1, 0, 0, 316
369,0x11b750,19, 1053916,"  1014dc:	e51b3018 	ldr	r3, [fp, #-24]	; 0xffffffe8
",benign, 286, 198, 2934, 1, 1821, 1096, 1, 524, 728, 0, 245, 24168, 524, 3, 94, 2845, 1134, 397, 3, 14030, 6324, 8302, 0, 0, 33, 1892, 2065, 2963, 94, 0, 0, 17, 22, 132, 2, 24884, 16438, 19918, 1, 0, 0, 316
370,0x1220e0,5, 1061729,"  103360:	e2822010 	add	r2, r2, #16
",benign, 284, 199, 2900, 2, 1792, 1087, 1, 522, 728, 0, 241, 24050, 524, 3, 92, 3105, 1193, 471, 3, 14180, 6517, 8271, 0, 0, 33, 1873, 2048, 2933, 94, 0, 0, 18, 33, 130, 2, 25033, 16365, 19721, 1, 0, 0, 316
371,0x13ac48,29, 1062116,"  1034e4:	e0812002 	add	r2, r1, r2
",benign, 291, 198, 2868, 2, 1766, 1081, 1, 522, 734, 0, 240, 24134, 531, 3, 92, 2981, 1217, 412, 3, 13935, 6391, 8202, 0, 0, 34, 1848, 2060, 2906, 92, 0, 0, 18, 22, 134, 2, 24742, 16481, 19892, 1, 0, 0, 316
372,0x13c794,0, 1058501,"  1026c4:	e51b3014 	ldr	r3, [fp, #-20]	; 0xffffffec
",benign, 347, 253, 2897, 2, 1794, 1087, 1, 528, 742, 0, 245, 24145, 539, 3, 92, 3002, 1407, 633, 3, 14243, 6652, 8270, 0, 0, 34, 1886, 2051, 2928, 94, 0, 0, 17, 21, 132, 2, 24926, 16497, 19743, 1, 0, 0, 316
373,0x11b12c,21, 1057979,"  1024b8:	e51b0014 	ldr	r0, [fp, #-20]	; 0xffffffec
",benign, 344, 256, 2878, 2, 1789, 1084, 1, 528, 742, 0, 249, 24171, 539, 3, 92, 2906, 1204, 415, 3, 14167, 6566, 8319, 0, 0, 34, 1889, 2044, 2918, 91, 0, 0, 17, 70, 114, 2, 24563, 16633, 19971, 1, 0, 0, 316
374,0x12c9ec,21, 1053538,"  101360:	e1a03163 	ror	r3, r3, #2
",benign, 288, 198, 2889, 2, 1783, 1082, 1, 527, 741, 0, 250, 24290, 538, 3, 93, 3212, 1209, 415, 3, 14242, 6577, 8262, 0, 0, 34, 1884, 2047, 2928, 94, 0, 0, 17, 33, 132, 2, 24980, 16611, 19888, 1, 0, 0, 316
375,0x10ec3c,5, 1053783,"  101454:	e51b3020 	ldr	r3, [fp, #-32]	; 0xffffffe0
",benign, 282, 198, 2872, 2, 1764, 1082, 1, 521, 728, 0, 246, 24276, 524, 3, 94, 2985, 1249, 470, 3, 14101, 6457, 8193, 0, 0, 33, 1858, 2035, 2910, 91, 0, 0, 18, 73, 130, 2, 24372, 16430, 19896, 1, 0, 0, 316
376,0x130be8,3, 1056455,"  101ec4:	e51b3020 	ldr	r3, [fp, #-32]	; 0xffffffe0
",benign, 289, 198, 2875, 1, 1770, 1086, 1, 519, 725, 0, 250, 24296, 521, 3, 93, 3054, 1264, 467, 3, 14365, 6521, 8240, 0, 0, 33, 1852, 2042, 2920, 93, 0, 0, 18, 23, 114, 2, 24575, 16296, 19635, 1, 0, 0, 316
377,0x104098,9, 1059746,"  102ba0:	e51b3018 	ldr	r3, [fp, #-24]	; 0xffffffe8
",benign, 288, 198, 2896, 1, 1785, 1083, 1, 528, 742, 0, 250, 24656, 539, 3, 92, 2873, 1403, 411, 3, 14034, 6450, 8273, 0, 0, 34, 1890, 2052, 2927, 93, 0, 0, 17, 22, 128, 2, 24979, 16660, 19942, 1, 0, 0, 316
378,0x115420,28, 1056762,"  101ff8:	e0822003 	add	r2, r2, r3
",benign, 345, 257, 2947, 2, 1816, 1095, 1, 524, 728, 0, 248, 24005, 524, 3, 94, 2993, 1273, 413, 3, 14543, 6586, 8329, 0, 0, 33, 1882, 2054, 2960, 91, 0, 0, 17, 34, 132, 2, 24852, 16470, 19990, 1, 0, 0, 316
379,0x108008,14, 1055406,"  101aac:	e50b300c 	str	r3, [fp, #-12]
",benign, 287, 198, 2958, 2, 1835, 1099, 1, 528, 735, 0, 248, 24638, 531, 3, 90, 2930, 1322, 415, 3, 13998, 6310, 8374, 0, 0, 33, 1899, 2083, 2991, 91, 0, 0, 18, 21, 134, 2, 24960, 16659, 19947, 1, 0, 0, 316
380,0x128098,12, 1062077,"  1034bc:	e51b1020 	ldr	r1, [fp, #-32]	; 0xffffffe0
",benign, 287, 199, 2872, 2, 1768, 1086, 1, 520, 725, 0, 246, 24035, 521, 3, 95, 2975, 1250, 415, 3, 14187, 6557, 8152, 0, 0, 33, 1846, 2031, 2904, 91, 0, 0, 17, 22, 130, 2, 24575, 16419, 19732, 1, 0, 0, 316
381,0x103384,5, 1052384,"  100ee0:	e1e00003 	mvn	r0, r3
",benign, 291, 197, 2894, 2, 1792, 1082, 1, 531, 747, 0, 251, 24666, 544, 3, 93, 3154, 1192, 415, 3, 14023, 6454, 8296, 0, 0, 34, 1891, 2054, 2931, 91, 0, 0, 17, 34, 128, 2, 24959, 16536, 19815, 1, 0, 0, 316
382,0x1126b4,12, 1050861,"  1008ec:	e50b0028 	str	r0, [fp, #-40]	; 0xffffffd8
",benign, 363, 199, 2863, 6, 1765, 1081, 1, 521, 728, 0, 234, 24821, 524, 3, 95, 3111, 1247, 417, 3, 14634, 7067, 8257, 0, 0, 33, 1894, 2124, 2904, 91, 0, 0, 18, 21, 119, 4, 25247, 16942, 20315, 3, 0, 0, 316
383,0x115100,16, 1053260,"  10124c:	e3073999 	movw	r3, #31129	; 0x7999
",benign, 290, 197, 2891, 2, 1782, 1082, 1, 527, 741, 0, 253, 24203, 538, 3, 93, 3002, 1167, 397, 3, 14174, 6593, 8291, 0, 0, 34, 1884, 2062, 2933, 93, 0, 0, 17, 33, 132, 2, 24886, 16586, 19847, 1, 0, 0, 316
384,0x138110,22, 1060200,"  102d68:	e0822003 	add	r2, r2, r3
",benign, 290, 197, 2865, 1, 1769, 1084, 1, 521, 727, 0, 254, 24127, 524, 3, 92, 2810, 1348, 413, 3, 14140, 6719, 8143, 0, 0, 34, 1838, 2016, 2886, 91, 0, 0, 17, 21, 132, 2, 24661, 16465, 19727, 1, 0, 0, 316
385,0x124480,20, 1057426,"  102290:	e51b3010 	ldr	r3, [fp, #-16]
",benign, 289, 198, 2892, 2, 1783, 1082, 1, 527, 741, 0, 250, 24264, 538, 3, 93, 3184, 1172, 398, 3, 14296, 6597, 8272, 0, 0, 34, 1877, 2064, 2929, 95, 0, 0, 17, 22, 115, 2, 24866, 16613, 19970, 1, 0, 0, 316
386,0x12af88,29, 1050045,"  1005bc:	e51b2008 	ldr	r2, [fp, #-8]
",benign, 395, 199, 2859, 5, 1761, 1082, 1, 519, 726, 0, 244, 24906, 522, 3, 94, 3371, 1228, 405, 3, 14936, 7394, 8242, 0, 0, 33, 1820, 2062, 2897, 91, 0, 0, 17, 22, 123, 4, 25438, 17225, 20587, 3, 0, 0, 316
387,0x1070e4,4, 1054610,"  101790:	e51b3018 	ldr	r3, [fp, #-24]	; 0xffffffe8
",benign, 286, 198, 2870, 2, 1767, 1083, 1, 521, 728, 0, 240, 24077, 524, 3, 94, 3011, 1160, 395, 3, 14386, 6471, 8225, 0, 0, 33, 1847, 2036, 2903, 91, 0, 0, 18, 22, 132, 2, 24582, 16348, 19649, 1, 0, 0, 316
388,0x116080,3, 1061577,"  1032c8:	e51b3018 	ldr	r3, [fp, #-24]	; 0xffffffe8
",benign, 288, 198, 2882, 2, 1781, 1083, 1, 527, 741, 0, 253, 24365, 538, 3, 93, 2952, 1221, 411, 3, 14109, 6560, 8301, 0, 0, 34, 1886, 2059, 2930, 93, 0, 0, 17, 34, 129, 2, 24784, 16613, 19884, 1, 0, 0, 316
389,0x11780c,6, 1060172,"  102d4c:	e0211003 	eor	r1, r1, r3
",benign, 290, 197, 2863, 2, 1755, 1081, 1, 521, 727, 0, 249, 23931, 524, 3, 92, 2736, 1300, 411, 3, 14225, 6692, 8168, 0, 0, 34, 1837, 2019, 2890, 93, 0, 0, 17, 21, 130, 2, 24728, 16443, 19790, 1, 0, 0, 316
390,0x119a1c,3, 1061574,"  1032c4:	e50b3014 	str	r3, [fp, #-20]	; 0xffffffec
",benign, 283, 197, 2874, 1, 1779, 1082, 1, 521, 728, 0, 257, 24047, 524, 3, 93, 2768, 1324, 415, 3, 14425, 6705, 8231, 0, 0, 33, 1849, 2034, 2907, 91, 0, 0, 18, 21, 131, 2, 24812, 16202, 19462, 1, 0, 0, 316
391,0x134d28,19, 1052974,"  10112c:	e51b3014 	ldr	r3, [fp, #-20]	; 0xffffffec
",benign, 287, 198, 2886, 2, 1790, 1082, 1, 528, 742, 0, 250, 24211, 539, 3, 92, 2882, 1415, 415, 3, 14148, 6240, 8275, 0, 0, 34, 1894, 2041, 2918, 93, 0, 0, 17, 22, 112, 2, 24857, 16466, 19953, 1, 0, 0, 316
392,0x110888,15, 1058476,"  1026ac:	e30c31d6 	movw	r3, #49622	; 0xc1d6
",benign, 286, 196, 2870, 2, 1767, 1087, 1, 517, 721, 0, 240, 24098, 517, 3, 93, 2881, 1248, 468, 3, 14168, 6542, 8142, 0, 0, 33, 1838, 2033, 2921, 93, 0, 0, 17, 21, 132, 2, 24467, 16471, 19978, 1, 0, 0, 374
393,0x103378,17, 1060978,"  103070:	eb003b82 	bl	111e80 <memcpy>
",benign, 343, 254, 2896, 1, 1792, 1083, 1, 528, 742, 0, 245, 24260, 539, 3, 92, 3051, 1405, 395, 3, 14121, 6494, 8256, 0, 0, 34, 1882, 2054, 2912, 91, 0, 0, 18, 34, 132, 2, 24849, 16696, 20022, 1, 0, 0, 316
394,0x113190,16, 1056310,"  101e34:	e51b3010 	ldr	r3, [fp, #-16]
",benign, 283, 199, 2798, 1, 1722, 1084, 1, 506, 703, 0, 226, 23672, 499, 3, 92, 2793, 1225, 467, 3, 13799, 6288, 7923, 0, 0, 33, 1770, 1986, 2824, 91, 0, 0, 18, 33, 134, 2, 24225, 16016, 19632, 1, 0, 0, 316
395,0x12f24c,2, 1059695,"  102b6c:	e50b3018 	str	r3, [fp, #-24]	; 0xffffffe8
",benign, 286, 198, 2875, 2, 1780, 1085, 1, 519, 725, 0, 247, 24068, 521, 3, 93, 3172, 1274, 411, 3, 13926, 6454, 8212, 0, 0, 33, 1855, 2028, 2910, 91, 0, 0, 18, 33, 134, 2, 24764, 16438, 19675, 1, 0, 0, 316
396,0x12dc2c,25, 1060368,"  102e10:	e50b300c 	str	r3, [fp, #-12]
",benign, 287, 198, 2971, 2, 1842, 1101, 1, 528, 735, 0, 242, 24241, 531, 3, 90, 2748, 1398, 415, 3, 13925, 6229, 8376, 0, 0, 33, 1914, 2087, 2993, 91, 0, 0, 18, 21, 131, 2, 24912, 16594, 19885, 1, 0, 0, 316
397,0x11ab10,3, 1053038,"  10116c:	e51b3018 	ldr	r3, [fp, #-24]	; 0xffffffe8
",benign, 287, 198, 2881, 2, 1778, 1082, 1, 528, 742, 0, 249, 24298, 539, 3, 91, 2921, 1145, 411, 3, 14286, 6362, 8259, 0, 0, 34, 1885, 2054, 2921, 93, 0, 0, 18, 71, 131, 2, 24760, 16400, 19686, 1, 0, 0, 316
398,0x116b40,10, 1056514,"  101f00:	e0822003 	add	r2, r2, r3
",benign, 283, 197, 2817, 1, 1720, 1081, 1, 506, 703, 0, 226, 23849, 499, 3, 93, 2981, 1234, 415, 3, 14262, 6691, 7937, 0, 0, 33, 1755, 1991, 2832, 91, 0, 0, 18, 21, 93, 2, 24188, 15944, 19209, 1, 0, 0, 316
399,0x11d4f8,9, 1062345,"  1035c8:	e24bd004 	sub	sp, fp, #4
",benign, 286, 199, 2879, 1, 1780, 1086, 1, 520, 725, 0, 243, 24067, 521, 3, 94, 2670, 1432, 415, 3, 14002, 6420, 8177, 0, 0, 33, 1842, 2037, 2912, 93, 0, 0, 17, 22, 130, 2, 24709, 16191, 19479, 1, 0, 0, 316
400,0x12149c,18, 1049976,"  100578:	e51b3008 	ldr	r3, [fp, #-8]
",benign, 329, 198, 2891, 6, 1781, 1081, 1, 528, 742, 0, 258, 24681, 539, 3, 91, 3321, 1368, 404, 3, 14603, 7080, 8261, 0, 0, 34, 1891, 2052, 2916, 91, 0, 0, 17, 22, 122, 7, 25258, 16818, 20210, 3, 0, 0, 316
401,0x129894,5, 1052241,"  100e50:	e51b300c 	ldr	r3, [fp, #-12]
",benign, 283, 198, 2800, 1, 1717, 1078, 1, 506, 703, 0, 227, 23916, 499, 3, 93, 2635, 1171, 415, 3, 14312, 6512, 7934, 0, 0, 33, 1765, 1977, 2840, 92, 0, 0, 17, 21, 132, 2, 24684, 16230, 19522, 1, 0, 0, 316
402,0x104314,24, 1060657,"  102f30:	e5823004 	str	r3, [r2, #4]
",benign, 283, 197, 2890, 2, 1787, 1084, 1, 521, 728, 0, 240, 23843, 524, 3, 94, 2910, 1297, 471, 3, 14252, 6412, 8222, 0, 0, 33, 1857, 2030, 2906, 93, 0, 0, 18, 21, 132, 2, 25036, 16301, 19661, 1, 0, 0, 316
403,0x135800,30, 1055537,"  101b30:	e51b3018 	ldr	r3, [fp, #-24]	; 0xffffffe8
",benign, 286, 197, 2875, 2, 1764, 1086, 1, 517, 721, 0, 243, 24067, 517, 3, 92, 3097, 1256, 412, 3, 14088, 6665, 8165, 0, 0, 33, 1838, 2022, 2908, 91, 0, 0, 17, 21, 130, 2, 24636, 16104, 19427, 1, 0, 0, 521
404,0x1314b4,14, 1059602,"  102b10:	e51b300c 	ldr	r3, [fp, #-12]
",benign, 290, 198, 2880, 2, 1778, 1082, 1, 528, 742, 0, 250, 24187, 539, 3, 92, 2720, 1316, 395, 3, 14260, 6339, 8257, 0, 0, 34, 1886, 2050, 2919, 93, 0, 0, 17, 21, 132, 2, 24735, 16583, 19988, 1, 0, 0, 316
405,0x13694c,17, 1052235,"  100e48:	e51b3020 	ldr	r3, [fp, #-32]	; 0xffffffe0
",benign, 286, 198, 2957, 1, 1835, 1100, 1, 528, 735, 0, 243, 24392, 531, 3, 90, 2802, 1189, 472, 3, 14336, 6373, 8380, 0, 0, 33, 1915, 2085, 2987, 93, 0, 0, 17, 21, 128, 2, 24998, 16811, 20085, 1, 0, 0, 316
406,0x120740,1, 1058081,"  102520:	e51b1014 	ldr	r1, [fp, #-20]	; 0xffffffec
",benign, 286, 198, 2890, 1, 1775, 1085, 1, 519, 725, 0, 252, 24356, 521, 3, 93, 2820, 1214, 395, 3, 14161, 6480, 8196, 0, 0, 33, 1863, 2034, 2919, 93, 0, 0, 18, 42, 130, 2, 24658, 16309, 19547, 1, 0, 0, 316
407,0x11dc98,19, 1062185,"  103528:	3affffe1 	bcc	1034b4 <sha+0xa4>
",benign, 286, 198, 2879, 2, 1770, 1082, 1, 521, 728, 0, 246, 24153, 524, 3, 94, 3001, 1448, 395, 3, 13874, 6265, 8202, 0, 0, 33, 1865, 2027, 2914, 91, 0, 0, 17, 21, 112, 2, 24436, 16354, 19642, 1, 0, 0, 316
408,0x11af18,10, 1051265,"  100a80:	e50b3018 	str	r3, [fp, #-24]	; 0xffffffe8
",benign, 281, 196, 2872, 2, 1767, 1085, 1, 517, 721, 0, 246, 24142, 517, 3, 93, 2885, 1261, 411, 3, 14010, 6374, 8154, 0, 0, 33, 1836, 2021, 2905, 91, 0, 0, 18, 71, 134, 2, 24436, 16223, 19620, 1, 0, 0, 316
409,0x109278,6, 1052868,"  1010c4:	e51b3018 	ldr	r3, [fp, #-24]	; 0xffffffe8
",benign, 288, 198, 2893, 2, 1785, 1084, 1, 527, 741, 0, 249, 24078, 538, 3, 93, 2783, 1430, 412, 3, 14472, 6671, 8291, 0, 0, 34, 1874, 2064, 2929, 91, 0, 0, 17, 21, 114, 2, 25031, 16483, 19817, 1, 0, 0, 316
410,0x128d98,5, 1061255,"  103184:	e24dda02 	sub	sp, sp, #8192	; 0x2000
",benign, 284, 199, 2873, 2, 1780, 1085, 1, 519, 725, 0, 241, 24074, 521, 3, 94, 3162, 1396, 413, 3, 14020, 6391, 8192, 0, 0, 33, 1863, 2031, 2921, 94, 0, 0, 17, 34, 132, 2, 24950, 16514, 20038, 1, 0, 0, 316
411,0x12d558,31, 1058247,"  1025c4:	e51b301c 	ldr	r3, [fp, #-28]	; 0xffffffe4
",benign, 291, 199, 3043, 2, 1891, 1107, 1, 539, 765, 0, 257, 26826, 563, 3, 94, 3157, 1198, 413, 3, 16062, 6235, 8610, 0, 0, 35, 1958, 2141, 3045, 91, 0, 0, 18, 21, 132, 2, 27369, 18823, 22143, 1, 0, 0, 316
412,0x11fa18,24, 1053947,"  1014f8:	e30e3ba1 	movw	r3, #60321	; 0xeba1
",benign, 286, 198, 2867, 2, 1780, 1083, 1, 521, 728, 0, 240, 24053, 524, 3, 94, 2569, 1279, 413, 3, 14286, 6426, 8198, 0, 0, 33, 1912, 2093, 2912, 93, 0, 0, 17, 72, 132, 2, 24467, 16320, 19611, 1, 0, 0, 316
413,0x116860,29, 1054392,"  1016b8:	e51b3018 	ldr	r3, [fp, #-24]	; 0xffffffe8
",benign, 292, 197, 2891, 2, 1784, 1083, 1, 527, 741, 0, 255, 24547, 538, 3, 92, 2842, 1420, 411, 3, 14184, 6495, 8284, 0, 0, 34, 1883, 2048, 2929, 91, 0, 0, 17, 21, 114, 2, 25185, 16552, 19863, 1, 0, 0, 316
414,0x1007e4,30, 1055709,"  101bdc:	e1a03163 	ror	r3, r3, #2
",benign, 288, 196, 2851, 1, 1759, 1082, 1, 521, 727, 0, 246, 24116, 524, 3, 92, 2871, 1372, 413, 3, 14136, 6416, 8128, 0, 0, 34, 1836, 2011, 2878, 91, 0, 0, 17, 22, 132, 2, 24802, 16688, 19925, 1, 0, 0, 372
415,0x102fe0,29, 1059904,"  102c40:	e51b3014 	ldr	r3, [fp, #-20]	; 0xffffffec
",benign, 290, 198, 3038, 2, 1880, 1108, 1, 539, 765, 0, 254, 26531, 563, 3, 94, 3072, 1211, 415, 3, 16466, 6674, 8596, 0, 0, 35, 1977, 2135, 3044, 91, 0, 0, 17, 21, 128, 2, 27126, 18915, 22203, 1, 0, 0, 316
416,0x1380b0,0, 1050260,"  100694:	e1a03000 	mov	r3, r0
",benign, 319, 198, 2875, 6, 1782, 1087, 1, 522, 734, 0, 241, 24148, 531, 3, 91, 3082, 1168, 406, 3, 14622, 6923, 8228, 0, 0, 34, 1851, 2061, 2911, 91, 0, 0, 17, 22, 115, 4, 25072, 17001, 20387, 3, 0, 0, 316
417,0x12bff8,10, 1055341,"  101a6c:	e51b30d4 	ldr	r3, [fp, #-212]	; 0xffffff2c
",benign, 287, 197, 2882, 1, 1779, 1082, 1, 528, 742, 0, 249, 24360, 539, 3, 93, 3058, 1196, 413, 3, 14477, 6714, 8285, 0, 0, 34, 1886, 2047, 2923, 91, 0, 0, 18, 21, 130, 2, 24703, 16591, 20076, 1, 0, 0, 316
418,0x10e51c,19, 1054859,"  101888:	e50b3010 	str	r3, [fp, #-16]
",benign, 282, 198, 2874, 2, 1768, 1083, 1, 521, 728, 0, 244, 24065, 524, 3, 94, 3094, 1319, 398, 3, 13951, 6412, 8223, 0, 0, 33, 1859, 2032, 2915, 93, 0, 0, 17, 42, 128, 2, 24695, 16394, 19687, 1, 0, 0, 316
419,0x120e24,28, 1058554,"  1026f8:	e0211003 	eor	r1, r1, r3
",benign, 281, 198, 2871, 1, 1765, 1081, 1, 521, 728, 0, 247, 23971, 524, 3, 95, 2824, 1335, 415, 3, 14274, 6392, 8173, 0, 0, 33, 1863, 2037, 2919, 91, 0, 0, 17, 21, 115, 2, 24814, 16333, 19569, 1, 0, 0, 316
420,0x134188,8, 1057567,"  10231c:	e50b3010 	str	r3, [fp, #-16]
",benign, 289, 197, 2875, 2, 1765, 1086, 1, 517, 721, 0, 246, 24092, 517, 3, 93, 3004, 1192, 411, 3, 14212, 6593, 8188, 0, 0, 33, 1836, 2023, 2903, 91, 0, 0, 17, 21, 115, 2, 24915, 16427, 19743, 1, 0, 0, 316
421,0x12a3f0,11, 1054651,"  1017b8:	e50b300c 	str	r3, [fp, #-12]
",benign, 293, 198, 2881, 2, 1775, 1086, 1, 519, 725, 0, 239, 24090, 521, 3, 93, 2979, 1271, 413, 3, 14227, 6628, 8189, 0, 0, 33, 1856, 2023, 2913, 93, 0, 0, 17, 22, 129, 2, 24718, 16569, 19882, 1, 0, 0, 375
422,0x138fe4,30, 1058579,"  102710:	e51b3068 	ldr	r3, [fp, #-104]	; 0xffffff98
",benign, 285, 197, 2880, 2, 1770, 1087, 1, 517, 721, 0, 242, 23829, 517, 3, 93, 2855, 1204, 415, 3, 14040, 6492, 8168, 0, 0, 33, 1838, 2029, 2908, 93, 0, 0, 18, 34, 131, 2, 24712, 16354, 19657, 1, 0, 0, 316
423,0x120614,23, 1052015,"  100d6c:	e51b3014 	ldr	r3, [fp, #-20]	; 0xffffffec
",benign, 287, 198, 2870, 2, 1767, 1083, 1, 521, 728, 0, 242, 24340, 524, 3, 94, 2638, 1157, 415, 3, 13865, 6281, 8213, 0, 0, 33, 1859, 2037, 2902, 91, 0, 0, 18, 52, 134, 2, 24903, 16319, 19716, 1, 0, 0, 316
424,0x10c430,21, 1054973,"  1018fc:	e50b300c 	str	r3, [fp, #-12]
",benign, 345, 258, 2880, 1, 1775, 1085, 1, 519, 725, 0, 238, 23912, 521, 3, 94, 2994, 1121, 398, 3, 14154, 6629, 8202, 0, 0, 33, 1843, 2030, 2910, 91, 0, 0, 18, 22, 134, 2, 25044, 16457, 19842, 1, 0, 0, 316
425,0x113738,31, 1062229,"  103554:	e51b2014 	ldr	r2, [fp, #-20]	; 0xffffffec
",benign, 286, 197, 2888, 2, 1791, 1081, 1, 527, 741, 0, 257, 24107, 538, 3, 93, 2759, 1199, 473, 3, 14140, 6323, 8264, 0, 0, 34, 1879, 2067, 2922, 91, 0, 0, 17, 153, 130, 2, 25276, 16564, 20123, 1, 0, 0, 316
426,0x111998,27, 1050539,"  1007a8:	ebffff52 	bl	1004f8 <init_search>
",crash/hangs,-,-,-,-,-,-,-,-,-,-,-,-,-,-,-,-,-,-,-,-,-,-,-,-,-,-,-,-,-,-,-,-,-,-,-,-,-,-,-,-,-,-
427,0x115fb0,2, 1059157,"  102954:	e51b3010 	ldr	r3, [fp, #-16]
",benign, 208, 74, 2916, 2, 1809, 1089, 1, 519, 725, 0, 241, 24203, 521, 3, 94, 2842, 1302, 413, 3, 14461, 6813, 8179, 0, 0, 33, 1856, 2038, 2918, 96, 0, 0, 17, 21, 132, 2, 24869, 16205, 19458, 1, 0, 0, 316
428,0x121668,2, 1062493,"  10365c:	e3a03000 	mov	r3, #0
",benign, 285, 197, 2957, 2, 1835, 1101, 1, 528, 735, 0, 247, 24380, 531, 3, 91, 2888, 1419, 473, 3, 14008, 6428, 8407, 0, 0, 33, 1913, 2085, 2995, 93, 0, 0, 17, 21, 128, 2, 24955, 16683, 19932, 1, 0, 0, 316
429,0x11ba64,15, 1059734,"  102b94:	e51b1010 	ldr	r1, [fp, #-16]
",benign, 294, 197, 2868, 2, 1769, 1082, 1, 522, 734, 0, 240, 24120, 531, 3, 93, 2803, 1394, 415, 3, 14182, 6507, 8200, 0, 0, 34, 1847, 2055, 2906, 93, 0, 0, 17, 33, 132, 2, 24776, 16574, 20064, 1, 0, 0, 316
430,0x1028e8,1, 1055320,"  101a58:	e51b3018 	ldr	r3, [fp, #-24]	; 0xffffffe8
",benign, 288, 198, 2880, 2, 1771, 1084, 1, 519, 725, 0, 245, 24013, 521, 3, 94, 2978, 1433, 395, 3, 14125, 6469, 8170, 0, 0, 33, 1850, 2028, 2921, 93, 0, 0, 18, 72, 114, 2, 24594, 16415, 19971, 1, 0, 0, 316
431,0x135ddc,14, 1053587,"  101390:	e1e00003 	mvn	r0, r3
",benign, 289, 198, 2959, 2, 1834, 1098, 1, 528, 735, 0, 248, 24500, 531, 3, 90, 3128, 1212, 415, 3, 14482, 6626, 8398, 0, 0, 33, 1911, 2081, 2992, 92, 0, 0, 17, 22, 128, 2, 24903, 16696, 20200, 1, 0, 0, 316
432,0x111cec,20, 1057793,"  102400:	e50b3018 	str	r3, [fp, #-24]	; 0xffffffe8
",benign, 285, 196, 2884, 1, 1781, 1082, 1, 528, 742, 0, 249, 24252, 539, 3, 92, 2821, 1178, 415, 3, 13976, 6490, 8286, 0, 0, 34, 1894, 2053, 2932, 96, 0, 0, 18, 22, 116, 2, 25022, 16463, 19745, 1, 0, 0, 316
433,0x125af4,16, 1056536,"  101f18:	e50b3020 	str	r3, [fp, #-32]	; 0xffffffe0
",benign, 291, 197, 2867, 2, 1755, 1080, 1, 521, 727, 0, 248, 24209, 524, 3, 92, 2783, 1191, 415, 3, 14114, 6681, 8177, 0, 0, 34, 1843, 2014, 2896, 93, 0, 0, 17, 34, 129, 2, 24628, 16349, 19659, 1, 0, 0, 316
434,0x12edb8,27, 1057569,"  102320:	e51b3020 	ldr	r3, [fp, #-32]	; 0xffffffe0
",benign, 289, 196, 2873, 2, 1770, 1083, 1, 521, 728, 0, 250, 23897, 524, 3, 95, 2643, 1445, 415, 3, 14094, 6439, 8220, 0, 0, 33, 1851, 2040, 2915, 91, 0, 0, 18, 21, 114, 2, 24746, 16410, 19659, 1, 0, 0, 316
435,0x103c04,20, 1062326,"  1035b4:	e51b10c8 	ldr	r1, [fp, #-200]	; 0xffffff38
",benign, 287, 197, 2876, 2, 1769, 1085, 1, 517, 721, 0, 239, 24116, 517, 3, 93, 3020, 1213, 415, 3, 14202, 6585, 8154, 0, 0, 33, 1899, 2078, 2909, 93, 0, 0, 17, 42, 128, 2, 24756, 16301, 19779, 1, 0, 0, 316
436,0x11e888,23, 1059442,"  102a70:	e51b3048 	ldr	r3, [fp, #-72]	; 0xffffffb8
",benign, 287, 199, 2924, 1, 1807, 1094, 1, 524, 728, 0, 245, 24415, 524, 3, 94, 3022, 1327, 415, 3, 14351, 6668, 8323, 0, 0, 33, 1881, 2075, 2968, 95, 0, 0, 17, 21, 114, 2, 24605, 16487, 19796, 1, 0, 0, 316
437,0x11a338,23, 1058019,"  1024e0:	e3483f1b 	movt	r3, #36635	; 0x8f1b
",benign, 286, 198, 2811, 2, 1712, 1081, 1, 506, 703, 0, 222, 23663, 499, 3, 93, 2864, 1246, 411, 3, 14093, 6278, 7928, 0, 0, 33, 1773, 1982, 2834, 92, 0, 0, 17, 21, 114, 2, 24179, 16511, 19776, 1, 0, 0, 316
438,0x12d560,11, 1057110,"  102154:	e51b0014 	ldr	r0, [fp, #-20]	; 0xffffffec
",benign, 284, 198, 2873, 2, 1769, 1081, 1, 521, 728, 0, 240, 24000, 524, 3, 93, 2825, 1219, 415, 3, 14179, 6318, 8218, 0, 0, 33, 1853, 2035, 2905, 91, 0, 0, 17, 43, 112, 2, 24618, 16334, 19684, 1, 0, 0, 316
439,0x107a34,20, 1058882,"  102840:	e51b3018 	ldr	r3, [fp, #-24]	; 0xffffffe8
",benign, 289, 197, 2857, 1, 1765, 1081, 1, 521, 727, 0, 251, 24212, 524, 3, 92, 3091, 1146, 411, 3, 14159, 6399, 8164, 0, 0, 34, 1838, 2014, 2888, 91, 0, 0, 18, 34, 116, 2, 24830, 16409, 19770, 1, 0, 0, 316
440,0x119a2c,6, 1050259,"  100690:	fa004971 	blx	112c5c <strncmp>
",benign, 381, 197, 2908, 6, 1805, 1088, 1, 531, 747, 0, 250, 25302, 544, 3, 93, 3661, 1135, 406, 3, 15008, 7450, 8391, 0, 0, 34, 1886, 2101, 2934, 92, 0, 0, 17, 21, 123, 4, 25697, 17287, 20718, 3, 0, 0, 375
441,0x10b520,11, 1058060,"  10250c:	e50b3010 	str	r3, [fp, #-16]
",benign, 291, 198, 2890, 1, 1786, 1083, 1, 527, 741, 0, 254, 24060, 538, 3, 93, 2724, 1252, 413, 3, 14309, 6676, 8281, 0, 0, 34, 1877, 2064, 2924, 91, 0, 0, 17, 21, 130, 2, 24988, 16552, 19838, 1, 0, 0, 372
442,0x108b58,24, 1056457,"  101ec8:	e50b300c 	str	r3, [fp, #-12]
",benign, 287, 198, 2886, 2, 1779, 1084, 1, 528, 742, 0, 255, 24146, 539, 3, 92, 3227, 1201, 469, 3, 14090, 6541, 8301, 0, 0, 34, 1899, 2049, 2926, 94, 0, 0, 17, 42, 128, 2, 24867, 16639, 20006, 1, 0, 0, 316
443,0x105eac,24, 1051591,"  100bc4:	e0823003 	add	r3, r2, r3
",benign, 284, 198, 2893, 2, 1794, 1083, 1, 531, 747, 0, 244, 24307, 544, 3, 93, 3012, 1328, 415, 3, 14041, 6227, 8342, 0, 0, 34, 1887, 2068, 2938, 93, 0, 0, 17, 21, 129, 2, 25071, 16575, 19860, 1, 0, 0, 316
444,0x10cf90,18, 1059531,"  102ac8:	e51b3018 	ldr	r3, [fp, #-24]	; 0xffffffe8
",benign, 291, 198, 2902, 2, 1800, 1087, 1, 527, 741, 0, 255, 24252, 538, 3, 93, 3102, 1355, 413, 3, 14247, 6403, 8293, 0, 0, 34, 1937, 2111, 2921, 91, 0, 0, 17, 22, 128, 2, 24756, 16646, 19964, 1, 0, 0, 316
445,0x122250,10, 1055204,"  1019e4:	e51b3014 	ldr	r3, [fp, #-20]	; 0xffffffec
",benign, 288, 197, 2865, 2, 1764, 1086, 1, 517, 721, 0, 240, 23911, 517, 3, 93, 2844, 1174, 398, 3, 14146, 6365, 8170, 0, 0, 33, 1845, 2032, 2911, 93, 0, 0, 17, 22, 132, 2, 24743, 16473, 19776, 1, 0, 0, 316
446,0x112c94,11, 1061467,"  103258:	e50b3008 	str	r3, [fp, #-8]
",benign, 283, 198, 2876, 2, 1784, 1090, 1, 519, 726, 0, 233, 24056, 522, 3, 95, 2753, 1524, 415, 3, 14124, 6483, 8170, 0, 0, 33, 1824, 2064, 2892, 92, 0, 0, 17, 36, 115, 2, 24802, 16425, 19755, 1, 0, 0, 316
447,0x12e04c,25, 1053729,"  101420:	e30e3ba1 	movw	r3, #60321	; 0xeba1
",benign, 285, 197, 2881, 2, 1771, 1085, 1, 517, 721, 0, 241, 23840, 517, 3, 93, 2993, 1254, 415, 3, 14002, 6394, 8165, 0, 0, 33, 1843, 2027, 2908, 93, 0, 0, 17, 22, 128, 2, 24612, 16425, 19759, 1, 0, 0, 316
448,0x137f20,7, 1055994,"  101cf8:	e51b0014 	ldr	r0, [fp, #-20]	; 0xffffffec
",benign, 283, 197, 2967, 2, 1850, 1099, 1, 528, 735, 0, 243, 24223, 531, 3, 90, 2993, 1173, 397, 3, 14081, 6490, 8388, 0, 0, 33, 1912, 2084, 2988, 92, 0, 0, 17, 21, 130, 2, 24952, 16632, 20123, 1, 0, 0, 316
449,0x13c608,17, 1060959,"  10305c:	e51b3008 	ldr	r3, [fp, #-8]
",benign, 286, 198, 2894, 1, 1791, 1087, 1, 519, 725, 0, 245, 24262, 521, 3, 94, 2824, 1406, 413, 3, 14098, 6307, 8217, 0, 0, 33, 1864, 2028, 2909, 92, 0, 0, 17, 40, 132, 2, 24702, 16444, 19838, 1, 0, 0, 316
450,0x13b250,28, 1051177,"  100a28:	e51b3008 	ldr	r3, [fp, #-8]
",benign, 285, 198, 2886, 2, 1774, 1086, 1, 519, 725, 0, 243, 23977, 521, 3, 93, 2910, 1303, 415, 3, 14436, 6767, 8208, 0, 0, 33, 1846, 2027, 2913, 91, 0, 0, 18, 21, 130, 2, 24471, 16454, 19817, 1, 0, 0, 316
451,0x10b068,22, 1055441,"  101ad0:	e51b301c 	ldr	r3, [fp, #-28]	; 0xffffffe4
",benign, 287, 198, 2962, 2, 1836, 1100, 1, 528, 735, 0, 246, 24334, 531, 3, 91, 2840, 1505, 472, 3, 14121, 6264, 8398, 0, 0, 33, 1908, 2085, 2998, 93, 0, 0, 18, 22, 130, 2, 24794, 16628, 19956, 1, 0, 0, 316
452,0x13b774,22, 1057275,"  1021f8:	e3483f1b 	movt	r3, #36635	; 0x8f1b
",benign, 285, 197, 2879, 2, 1770, 1084, 1, 517, 721, 0, 240, 24229, 517, 3, 93, 2962, 1202, 397, 3, 14149, 6258, 8163, 0, 0, 33, 1852, 2014, 2907, 93, 0, 0, 18, 39, 117, 2, 24647, 16500, 20055, 1, 0, 0, 316
453,0x123838,7, 1053387,"  1012c8:	e3453a82 	movt	r3, #23170	; 0x5a82
",benign, 349, 253, 2905, 2, 1792, 1084, 1, 528, 742, 0, 249, 24029, 539, 3, 92, 2890, 1141, 398, 3, 14035, 6319, 8290, 0, 0, 34, 1891, 2035, 2917, 91, 0, 0, 17, 21, 132, 2, 24823, 16470, 19761, 1, 0, 0, 316
454,0x112cd4,20, 1052017,"  100d70:	e0011003 	and	r1, r1, r3
",benign, 284, 198, 2882, 2, 1771, 1086, 1, 519, 725, 0, 238, 24227, 521, 3, 93, 2877, 1296, 415, 3, 14094, 6438, 8201, 0, 0, 33, 1913, 2083, 2914, 93, 0, 0, 17, 21, 132, 2, 24623, 16286, 19587, 1, 0, 0, 316
455,0x127a48,9, 1058132,"  102554:	e0822003 	add	r2, r2, r3
",benign, 286, 198, 2958, 2, 1835, 1099, 1, 528, 735, 0, 244, 24442, 531, 3, 90, 2595, 1091, 411, 3, 14555, 6667, 8403, 0, 0, 33, 1914, 2090, 2993, 95, 0, 0, 17, 22, 132, 2, 24972, 16486, 19787, 1, 0, 0, 316
456,0x139598,22, 1059253,"  1029b4:	e50b301c 	str	r3, [fp, #-28]	; 0xffffffe4
",benign, 292, 199, 2885, 1, 1776, 1087, 1, 524, 733, 0, 254, 24449, 530, 3, 71, 2933, 1390, 415, 3, 14307, 6431, 8244, 0, 0, 34, 1876, 2039, 2921, 91, 0, 0, 17, 33, 132, 2, 24987, 16621, 19898, 1, 0, 0, 316
457,0x115eb8,16, 1060532,"  102eb4:	e5932008 	ldr	r2, [r3, #8]
",benign, 341, 248, 2875, 2, 1768, 1086, 1, 517, 721, 0, 249, 24362, 517, 3, 94, 3030, 1094, 398, 3, 14138, 6566, 8161, 0, 0, 33, 1839, 2024, 2913, 91, 0, 0, 18, 21, 134, 2, 24696, 16368, 19627, 1, 0, 0, 316
458,0x134ecc,6, 1053150,"  1011dc:	e0823003 	add	r3, r2, r3
",benign, 286, 198, 2881, 2, 1771, 1086, 1, 519, 725, 0, 246, 24107, 521, 3, 94, 2986, 1264, 415, 3, 14077, 6375, 8179, 0, 0, 33, 1916, 2078, 2914, 91, 0, 0, 17, 21, 130, 2, 24685, 16515, 20089, 1, 0, 0, 316
459,0x11e740,28, 1052197,"  100e24:	e51b3018 	ldr	r3, [fp, #-24]	; 0xffffffe8
",benign, 283, 198, 2958, 2, 1834, 1101, 1, 528, 735, 0, 253, 24532, 531, 3, 90, 2824, 1174, 412, 3, 14214, 6546, 8378, 0, 0, 33, 1905, 2075, 2993, 93, 0, 0, 17, 42, 112, 2, 24932, 16432, 19726, 1, 0, 0, 316
460,0x10f668,24, 1050765,"  10088c:	e24b2fbb 	sub	r2, fp, #748	; 0x2ec
",benign, 357, 198, 2894, 7, 1787, 1083, 1, 527, 741, 0, 243, 25089, 538, 3, 93, 3054, 1356, 416, 3, 15295, 7429, 8365, 0, 0, 34, 1882, 2082, 2924, 92, 0, 0, 18, 21, 137, 7, 25508, 17210, 20574, 4, 0, 0, 316
461,0x101fec,29, 1059800,"  102bd8:	e50b3018 	str	r3, [fp, #-24]	; 0xffffffe8
",benign, 292, 198, 2877, 1, 1779, 1082, 1, 528, 742, 0, 247, 24149, 539, 3, 92, 2992, 1172, 395, 3, 14270, 6453, 8255, 0, 0, 34, 1890, 2048, 2909, 91, 0, 0, 17, 21, 132, 2, 24777, 16270, 19566, 1, 0, 0, 316
462,0x100220,4, 1059011,"  1028c0:	e51b3058 	ldr	r3, [fp, #-88]	; 0xffffffa8
",benign, 289, 197, 2869, 2, 1772, 1087, 1, 522, 734, 0, 238, 24181, 531, 3, 92, 2847, 1217, 415, 3, 14082, 6469, 8188, 0, 0, 34, 1851, 2062, 2914, 97, 0, 0, 18, 21, 130, 2, 24650, 16632, 19944, 1, 0, 0, 316
463,0x12a78c,18, 1062129,"  1034f0:	e51b2014 	ldr	r2, [fp, #-20]	; 0xffffffec
",benign, 290, 197, 2870, 1, 1767, 1086, 1, 517, 721, 0, 241, 24037, 517, 3, 93, 3053, 1196, 413, 3, 14112, 6592, 8162, 0, 0, 33, 1899, 2081, 2903, 92, 0, 0, 18, 33, 117, 2, 24579, 16238, 19581, 1, 0, 0, 316
464,0x12da40,22, 1055013,"  101924:	e0822003 	add	r2, r2, r3
",benign, 285, 198, 2876, 1, 1766, 1083, 1, 521, 728, 0, 250, 24008, 524, 3, 94, 2776, 1453, 395, 3, 14240, 6517, 8191, 0, 0, 33, 1917, 2088, 2915, 93, 0, 0, 17, 50, 132, 2, 24458, 16392, 19710, 1, 0, 0, 316
465,0x114bb8,1, 1059343,"  102a0c:	e30c31d6 	movw	r3, #49622	; 0xc1d6
",benign, 286, 197, 2868, 2, 1763, 1088, 1, 517, 721, 0, 245, 24089, 517, 3, 93, 2795, 1176, 412, 3, 14127, 6582, 8188, 0, 0, 33, 1837, 2023, 2904, 91, 0, 0, 18, 33, 131, 2, 24483, 16500, 19800, 1, 0, 0, 316
466,0x115fd0,20, 1050696,"  100848:	1affffec 	bne	100800 <search_wrap+0x138>
",benign, 287, 198, 2877, 2, 1772, 1086, 1, 519, 725, 0, 244, 24182, 521, 3, 93, 2888, 1222, 415, 3, 14037, 6439, 8183, 0, 0, 33, 1854, 2028, 2920, 93, 0, 0, 17, 42, 132, 2, 24776, 16614, 19899, 1, 0, 0, 316
467,0x108d84,17, 1056043,"  101d28:	e50b3020 	str	r3, [fp, #-32]	; 0xffffffe0
",benign, 282, 198, 2959, 2, 1832, 1101, 1, 528, 735, 0, 246, 24563, 531, 3, 90, 2991, 1217, 395, 3, 14094, 6334, 8376, 0, 0, 33, 1913, 2084, 2998, 94, 0, 0, 17, 21, 132, 2, 25014, 16490, 19778, 1, 0, 0, 316
468,0x10270c,23, 1053351,"  1012a4:	e51b3018 	ldr	r3, [fp, #-24]	; 0xffffffe8
",benign, 289, 198, 2884, 1, 1784, 1082, 1, 527, 741, 0, 250, 24186, 538, 3, 94, 2777, 1424, 411, 3, 14602, 6871, 8254, 0, 0, 34, 1882, 2060, 2940, 93, 0, 0, 18, 22, 132, 2, 24764, 16445, 19770, 1, 0, 0, 316
469,0x11a5e4,11, 1057433,"  102298:	e50b3014 	str	r3, [fp, #-20]	; 0xffffffec
",benign, 293, 197, 2889, 1, 1783, 1082, 1, 528, 742, 0, 248, 24386, 539, 3, 93, 3083, 1274, 415, 3, 14279, 6695, 8263, 0, 0, 34, 1883, 2041, 2919, 93, 0, 0, 18, 22, 134, 2, 24956, 16707, 20115, 1, 0, 0, 316
470,0x1355f0,2, 1059835,"  102bf8:	e51b300c 	ldr	r3, [fp, #-12]
",benign, 292, 199, 2869, 2, 1783, 1087, 1, 522, 734, 0, 238, 24242, 531, 3, 92, 2755, 1225, 415, 3, 14189, 6575, 8203, 0, 0, 34, 1833, 2062, 2901, 92, 0, 0, 18, 22, 114, 2, 24840, 16415, 19707, 1, 0, 0, 316
471,0x10a768,9, 1061106,"  1030f0:	e0820003 	add	r0, r2, r3
",benign, 287, 199, 2870, 2, 1768, 1084, 1, 519, 725, 0, 242, 23929, 521, 3, 93, 2818, 1109, 395, 3, 14151, 6442, 8201, 0, 0, 33, 1850, 2033, 2915, 93, 0, 0, 17, 33, 132, 2, 24721, 16431, 19665, 1, 0, 0, 316
472,0x127308,7, 1050549,"  1007b4:	e2433004 	sub	r3, r3, #4
",benign, 377, 198, 2888, 5, 1786, 1082, 1, 527, 741, 0, 256, 25263, 538, 3, 93, 3266, 1171, 407, 3, 14959, 7490, 8349, 0, 0, 34, 1884, 2050, 2920, 93, 0, 0, 17, 33, 121, 4, 25678, 17190, 20700, 3, 0, 0, 316
473,0x130d30,6, 1056374,"  101e74:	e0033000 	and	r3, r3, r0
",benign, 345, 257, 3048, 2, 1896, 1114, 1, 539, 765, 0, 264, 26348, 563, 3, 94, 3210, 1204, 395, 3, 16140, 6524, 8594, 0, 0, 35, 1976, 2136, 3043, 91, 0, 0, 17, 35, 112, 2, 27217, 18867, 22371, 1, 0, 0, 316
474,0x111468,31, 1059983,"  102c8c:	e51b3034 	ldr	r3, [fp, #-52]	; 0xffffffcc
",benign, 287, 199, 2883, 2, 1784, 1082, 1, 527, 741, 0, 259, 24368, 538, 3, 94, 2775, 1235, 395, 3, 14081, 6281, 8281, 0, 0, 34, 1882, 2056, 2933, 93, 0, 0, 17, 71, 130, 2, 24890, 16637, 19947, 1, 0, 0, 316
475,0x11094c,4, 1057732,"  1023c4:	e51b3018 	ldr	r3, [fp, #-24]	; 0xffffffe8
",benign, 286, 197, 2873, 2, 1768, 1086, 1, 517, 721, 0, 241, 24027, 517, 3, 93, 2907, 1209, 411, 3, 14379, 6792, 8159, 0, 0, 33, 1843, 2034, 2909, 93, 0, 0, 18, 33, 114, 2, 24613, 16369, 19747, 1, 0, 0, 316
476,0x12cc90,9, 1052295,"  100e84:	e51b3140 	ldr	r3, [fp, #-320]	; 0xfffffec0
",benign, 287, 198, 2877, 1, 1770, 1085, 1, 519, 725, 0, 253, 24121, 521, 3, 94, 2882, 1248, 411, 3, 14178, 6587, 8217, 0, 0, 33, 1848, 2033, 2922, 91, 0, 0, 18, 33, 134, 2, 24816, 16554, 19883, 1, 0, 0, 316
477,0x13a200,18, 1056696,"  101fb8:	e50b3010 	str	r3, [fp, #-16]
",benign, 344, 256, 2874, 2, 1775, 1087, 1, 519, 725, 0, 240, 24023, 521, 3, 94, 2906, 1126, 457, 3, 14175, 6519, 8226, 0, 0, 33, 1843, 2029, 2920, 93, 0, 0, 18, 22, 134, 2, 24425, 16393, 19625, 1, 0, 0, 316
478,0x1123f8,25, 1054620,"  10179c:	e50b3018 	str	r3, [fp, #-24]	; 0xffffffe8
",benign, 340, 255, 2868, 2, 1764, 1084, 1, 520, 725, 0, 243, 24097, 521, 3, 96, 3017, 1307, 415, 3, 14088, 6448, 8211, 0, 0, 33, 1852, 2037, 2912, 91, 0, 0, 17, 34, 129, 2, 24759, 16510, 19802, 1, 0, 0, 316
479,0x11f850,26, 1055569,"  101b50:	e3463ed9 	movt	r3, #28377	; 0x6ed9
",benign, 288, 197, 2865, 2, 1766, 1078, 1, 521, 728, 0, 247, 24038, 524, 3, 94, 2625, 1210, 415, 3, 14099, 6477, 8196, 0, 0, 33, 1855, 2037, 2905, 91, 0, 0, 17, 22, 128, 2, 24487, 16229, 19653, 1, 0, 0, 316
480,0x129714,28, 1055686,"  101bc4:	e50b3020 	str	r3, [fp, #-32]	; 0xffffffe0
",benign, 287, 197, 2881, 2, 1770, 1086, 1, 517, 721, 0, 243, 23960, 517, 3, 93, 2820, 1208, 415, 3, 13885, 6242, 8163, 0, 0, 33, 1844, 2016, 2900, 91, 0, 0, 17, 21, 132, 2, 24869, 16502, 19764, 1, 0, 0, 316
481,0x13de50,27, 1060677,"  102f44:	e51b2008 	ldr	r2, [fp, #-8]
",benign, 348, 257, 2901, 2, 1787, 1084, 1, 528, 742, 0, 249, 24401, 539, 3, 92, 2953, 1200, 415, 3, 14241, 6606, 8283, 0, 0, 34, 1899, 2051, 2923, 94, 0, 0, 18, 21, 117, 2, 24771, 16700, 19977, 1, 0, 0, 316
482,0x108838,1, 1052614,"  100fc4:	e51b3014 	ldr	r3, [fp, #-20]	; 0xffffffec
",benign, 285, 197, 2871, 2, 1765, 1085, 1, 517, 721, 0, 248, 24153, 517, 3, 92, 2669, 1193, 411, 3, 14234, 6420, 8179, 0, 0, 33, 1839, 2026, 2908, 91, 0, 0, 18, 70, 132, 2, 24613, 16410, 19883, 1, 0, 0, 316
483,0x12206c,8, 1056825,"  102038:	e51b3020 	ldr	r3, [fp, #-32]	; 0xffffffe0
",benign, 290, 198, 3037, 2, 1881, 1106, 1, 539, 765, 0, 259, 26784, 563, 3, 94, 2738, 1387, 412, 3, 16451, 6599, 8597, 0, 0, 35, 1960, 2125, 3049, 92, 0, 0, 17, 21, 128, 2, 26989, 18750, 22230, 1, 0, 0, 316
484,0x11df3c,15, 1054580,"  101774:	e0822003 	add	r2, r2, r3
",benign, 283, 198, 2887, 1, 1781, 1087, 1, 519, 725, 0, 244, 23933, 521, 3, 94, 3044, 1335, 412, 3, 14239, 6526, 8203, 0, 0, 33, 1848, 2027, 2904, 91, 0, 0, 17, 42, 132, 2, 25058, 16399, 19726, 1, 0, 0, 316
485,0x138910,13, 1055055,"  10194c:	e50b3018 	str	r3, [fp, #-24]	; 0xffffffe8
",benign, 288, 197, 2876, 2, 1768, 1087, 1, 517, 721, 0, 238, 23969, 517, 3, 93, 2983, 1133, 415, 3, 13831, 6357, 8256, 0, 0, 33, 1905, 2079, 2906, 93, 0, 0, 17, 21, 115, 2, 24645, 16348, 19617, 1, 0, 0, 316
486,0x122220,29, 1051588,"  100bc4:	e0823003 	add	r3, r2, r3
",benign, 287, 196, 2884, 2, 1782, 1085, 1, 528, 742, 0, 248, 24288, 539, 3, 92, 2624, 1198, 411, 3, 14115, 6426, 8280, 0, 0, 34, 1884, 2054, 2916, 91, 0, 0, 18, 34, 131, 2, 25085, 16496, 19812, 1, 0, 0, 316
487,0x139788,2, 1059919,"  102c4c:	e1a03163 	ror	r3, r3, #2
",benign, 286, 199, 2924, 2, 1806, 1096, 1, 524, 728, 0, 241, 24206, 524, 3, 94, 3030, 1222, 397, 3, 14012, 6356, 8324, 0, 0, 33, 1888, 2064, 2969, 93, 0, 0, 18, 34, 93, 2, 24699, 16551, 19912, 1, 0, 0, 316
488,0x103690,9, 1051462,"  100b44:	e3073999 	movw	r3, #31129	; 0x7999
",benign, 286, 198, 2886, 1, 1775, 1087, 1, 519, 725, 0, 241, 24004, 521, 3, 93, 2803, 1274, 413, 3, 13980, 6394, 8201, 0, 0, 33, 1864, 2032, 2920, 93, 0, 0, 17, 21, 115, 2, 24892, 16259, 19691, 1, 0, 0, 316
489,0x139974,28, 1055334,"  101a64:	e51b301c 	ldr	r3, [fp, #-28]	; 0xffffffe4
",benign, 286, 198, 2867, 1, 1777, 1081, 1, 521, 728, 0, 242, 24040, 524, 3, 94, 2991, 1239, 397, 3, 13855, 6231, 8197, 0, 0, 33, 1912, 2095, 2914, 93, 0, 0, 18, 22, 134, 2, 24679, 16249, 19592, 1, 0, 0, 316
490,0x133de8,1, 1058468,"  1026a4:	e51b306c 	ldr	r3, [fp, #-108]	; 0xffffff94
",benign, 351, 258, 2738, 1, 1680, 1076, 1, 506, 709, 0, 236, 21790, 506, 3, 93, 2752, 1477, 398, 3, 11945, 6220, 7875, 0, 0, 34, 1760, 1975, 2788, 92, 0, 0, 17, 34, 130, 2, 22430, 14210, 17454, 1, 0, 0, 316
491,0x100a64,18, 1057981,"  1024bc:	e51b3018 	ldr	r3, [fp, #-24]	; 0xffffffe8
",benign, 284, 198, 2802, 2, 1708, 1077, 1, 506, 703, 0, 221, 23591, 499, 3, 93, 2705, 1293, 415, 3, 13871, 6261, 7941, 0, 0, 33, 1769, 1974, 2826, 91, 0, 0, 17, 22, 130, 2, 24304, 16027, 19271, 1, 0, 0, 316
492,0x110724,17, 1060211,"  102d70:	e34c3a62 	movt	r3, #51810	; 0xca62
",benign, 293, 199, 2879, 2, 1776, 1082, 1, 527, 741, 0, 248, 24217, 538, 3, 93, 3264, 1206, 415, 3, 14227, 6677, 8331, 0, 0, 34, 1880, 2056, 2927, 91, 0, 0, 18, 21, 130, 2, 25205, 16535, 19803, 1, 0, 0, 316
493,0x119904,31, 1051191,"  100a34:	e083300b 	add	r3, r3, fp
",benign, 284, 197, 2877, 1, 1780, 1087, 1, 517, 721, 0, 254, 24136, 517, 3, 94, 2838, 1162, 398, 3, 14058, 6179, 8155, 0, 0, 33, 1836, 2018, 2907, 91, 0, 0, 18, 22, 132, 2, 24619, 16335, 19553, 1, 0, 0, 316
494,0x111cd8,6, 1055770,"  101c18:	e0822003 	add	r2, r2, r3
",benign, 342, 254, 2878, 2, 1779, 1084, 1, 528, 742, 0, 250, 24320, 539, 3, 92, 3010, 1183, 415, 3, 14209, 6447, 8286, 0, 0, 34, 1879, 2049, 2915, 91, 0, 0, 17, 21, 132, 2, 24957, 16448, 19739, 1, 0, 0, 316
495,0x129218,3, 1060031,"  102cbc:	e50b3014 	str	r3, [fp, #-20]	; 0xffffffec
",benign, 575, 485, 2968, 2, 1837, 1100, 1, 528, 735, 0, 246, 24716, 531, 3, 90, 3066, 1200, 395, 3, 14125, 6465, 8443, 0, 0, 33, 1908, 2078, 2992, 93, 0, 0, 18, 33, 134, 2, 24764, 16526, 20028, 1, 0, 0, 316
496,0x108eec,22, 1057476,"  1022c4:	e0011003 	and	r1, r1, r3
",benign, 287, 199, 2869, 2, 1764, 1082, 1, 520, 725, 0, 246, 24011, 521, 3, 95, 3216, 1144, 398, 3, 14260, 6617, 8225, 0, 0, 33, 1840, 2035, 2910, 93, 0, 0, 18, 34, 114, 2, 24538, 16437, 19773, 1, 0, 0, 316
497,0x11be30,17, 1053728,"  101420:	e30e3ba1 	movw	r3, #60321	; 0xeba1
",benign, 291, 196, 2896, 2, 1792, 1083, 1, 531, 747, 0, 248, 24318, 544, 3, 94, 3003, 1200, 415, 3, 14621, 6820, 8307, 0, 0, 34, 1889, 2064, 2927, 91, 0, 0, 17, 21, 112, 2, 25041, 16431, 19733, 1, 0, 0, 316
498,0x135d44,27, 1057135,"  10216c:	e0822003 	add	r2, r2, r3
",benign, 282, 198, 2862, 2, 1773, 1082, 1, 521, 728, 0, 239, 23852, 524, 3, 94, 2900, 1269, 415, 3, 13969, 6324, 8215, 0, 0, 33, 1845, 2034, 2910, 91, 0, 0, 18, 22, 134, 2, 24602, 16299, 19563, 1, 0, 0, 316
499,0x12ef64,20, 1053383,"  1012c4:	e3073999 	movw	r3, #31129	; 0x7999
",benign, 287, 197, 2904, 2, 1796, 1084, 1, 531, 747, 0, 251, 24332, 544, 3, 93, 2787, 1461, 395, 3, 14186, 6293, 8344, 0, 0, 34, 1960, 2124, 2933, 93, 0, 0, 18, 76, 117, 2, 24966, 16415, 19655, 1, 0, 0, 316
500,0x109d58,1, 1055469,"  101aec:	e50b3020 	str	r3, [fp, #-32]	; 0xffffffe0
",benign, 286, 199, 2935, 2, 1809, 1095, 1, 524, 728, 0, 240, 24131, 524, 3, 94, 2919, 1296, 415, 3, 14231, 6524, 8335, 0, 0, 33, 1889, 2059, 2960, 93, 0, 0, 17, 22, 128, 2, 24972, 16531, 19819, 1, 0, 0, 316
501,0x107b28,14, 1053229,"  10122c:	e51b3018 	ldr	r3, [fp, #-24]	; 0xffffffe8
",benign, 286, 197, 2955, 2, 1831, 1101, 1, 528, 735, 0, 243, 24466, 531, 3, 90, 2641, 1439, 415, 3, 14107, 6365, 8426, 0, 0, 33, 1903, 2087, 2988, 91, 0, 0, 18, 34, 134, 2, 24762, 16782, 20059, 1, 0, 0, 316
502,0x1097fc,17, 1051723,"  100c48:	e50b301c 	str	r3, [fp, #-28]	; 0xffffffe4
",benign, 288, 197, 2867, 2, 1766, 1081, 1, 521, 728, 0, 251, 24356, 524, 3, 94, 2661, 1267, 411, 3, 14180, 6250, 8185, 0, 0, 33, 1861, 2036, 2908, 91, 0, 0, 18, 33, 116, 2, 24594, 16343, 19662, 1, 0, 0, 316
503,0x11c500,17, 1053960,"  101508:	e51b3018 	ldr	r3, [fp, #-24]	; 0xffffffe8
",benign, 293, 198, 2874, 1, 1779, 1083, 1, 527, 741, 0, 251, 24368, 538, 3, 93, 2931, 1234, 411, 3, 14117, 6620, 8292, 0, 0, 34, 1888, 2052, 2932, 92, 0, 0, 17, 21, 132, 2, 24851, 16509, 20032, 1, 0, 0, 316
504,0x1013cc,21, 1052673,"  101000:	e50b3020 	str	r3, [fp, #-32]	; 0xffffffe0
",benign, 291, 197, 2856, 1, 1762, 1084, 1, 521, 727, 0, 249, 24353, 524, 3, 92, 2978, 1130, 415, 3, 14158, 6695, 8115, 0, 0, 34, 1898, 2075, 2883, 91, 0, 0, 17, 21, 128, 2, 24752, 16301, 19695, 1, 0, 0, 316
505,0x12cea8,13, 1051267,"  100a80:	e50b3018 	str	r3, [fp, #-24]	; 0xffffffe8
",benign, 290, 198, 2866, 2, 1767, 1081, 1, 521, 728, 0, 246, 24193, 524, 3, 94, 3035, 1194, 397, 3, 14054, 6342, 8219, 0, 0, 33, 1868, 2031, 2912, 95, 0, 0, 18, 33, 132, 2, 25050, 16268, 19608, 1, 0, 0, 316
506,0x113650,22, 1054854,"  101884:	e51b300c 	ldr	r3, [fp, #-12]
",benign, 289, 199, 2875, 2, 1780, 1084, 1, 519, 725, 0, 238, 24141, 521, 3, 95, 3253, 1212, 415, 3, 14080, 6518, 8212, 0, 0, 33, 1853, 2040, 2925, 93, 0, 0, 17, 21, 132, 2, 24744, 16496, 20007, 1, 0, 0, 316
507,0x13cfa8,7, 1055539,"  101b30:	e51b3018 	ldr	r3, [fp, #-24]	; 0xffffffe8
",benign, 292, 198, 2869, 1, 1775, 1087, 1, 522, 734, 0, 243, 24050, 531, 3, 92, 3062, 1110, 395, 3, 14360, 6762, 8210, 0, 0, 34, 1843, 2065, 2901, 93, 0, 0, 17, 22, 115, 2, 24719, 16496, 19817, 1, 0, 0, 316
508,0x127574,8, 1055829,"  101c54:	e50b3010 	str	r3, [fp, #-16]
",benign, 296, 198, 2881, 2, 1779, 1081, 1, 527, 741, 0, 249, 24235, 538, 3, 93, 2781, 1408, 397, 3, 14829, 7138, 8285, 0, 0, 34, 1888, 2054, 2926, 92, 0, 0, 18, 21, 130, 2, 24980, 16515, 19770, 1, 0, 0, 316
509,0x12efd0,8, 1056806,"  102024:	e51b3010 	ldr	r3, [fp, #-16]
",benign, 282, 198, 2961, 2, 1833, 1098, 1, 528, 735, 0, 247, 24400, 531, 3, 90, 2785, 1317, 415, 3, 14340, 6439, 8414, 0, 0, 33, 1906, 2083, 2989, 93, 0, 0, 17, 21, 314, 2, 25295, 16603, 19859, 1, 0, 0, 316
510,0x134bf0,30, 1056943,"  1020ac:	e51b300c 	ldr	r3, [fp, #-12]
",benign, 289, 195, 2899, 2, 1793, 1083, 1, 531, 747, 0, 245, 24122, 544, 3, 93, 2942, 1136, 398, 3, 14048, 6471, 8312, 0, 0, 34, 1906, 2056, 2941, 93, 0, 0, 17, 21, 132, 2, 24773, 16555, 19810, 1, 0, 0, 316
511,0x118bc0,14, 1050058,"  1005c8:	e3083438 	movw	r3, #33848	; 0x8438
",benign, 373, 198, 2868, 6, 1766, 1083, 1, 519, 726, 0, 230, 24685, 522, 3, 94, 3215, 1261, 398, 3, 14743, 7282, 8254, 0, 0, 33, 1831, 2064, 2899, 94, 0, 0, 18, 21, 123, 3, 25600, 17185, 20610, 3, 0, 0, 316
512,0x11dda4,12, 1056230,"  101de4:	e1811003 	orr	r1, r1, r3
",benign, 287, 198, 2896, 1, 1784, 1089, 1, 522, 728, 0, 243, 24200, 524, 3, 93, 3014, 1219, 473, 3, 14264, 6407, 8244, 0, 0, 33, 1883, 2044, 2931, 93, 0, 0, 17, 22, 132, 2, 24589, 16408, 19757, 1, 0, 0, 316
513,0x12c218,6, 1051312,"  100ab0:	e0033000 	and	r3, r3, r0
",benign, 287, 198, 2876, 1, 1775, 1085, 1, 519, 726, 0, 233, 23941, 522, 3, 94, 2873, 1162, 415, 3, 13955, 6056, 8182, 0, 0, 33, 1823, 2057, 2897, 91, 0, 0, 17, 33, 132, 2, 24825, 16369, 19679, 1, 0, 0, 316
514,0x10eb0c,5, 1052689,"  101010:	e50b3018 	str	r3, [fp, #-24]	; 0xffffffe8
",benign, 289, 195, 2902, 2, 1794, 1082, 1, 531, 747, 0, 258, 24511, 544, 3, 93, 2840, 1390, 411, 3, 14420, 6782, 8301, 0, 0, 34, 1903, 2067, 2931, 91, 0, 0, 17, 72, 114, 2, 24725, 16430, 19754, 1, 0, 0, 316
515,0x13c744,23, 1059624,"  102b28:	e51b1010 	ldr	r1, [fp, #-16]
",benign, 282, 198, 2884, 2, 1788, 1093, 1, 519, 726, 0, 232, 24054, 522, 3, 94, 2784, 1481, 415, 3, 14159, 6402, 8168, 0, 0, 33, 1828, 2051, 2898, 92, 0, 0, 17, 21, 112, 2, 24447, 16324, 19587, 1, 0, 0, 316
516,0x100f6c,3, 1052107,"  100dc8:	e51b300c 	ldr	r3, [fp, #-12]
",benign, 291, 198, 2887, 2, 1783, 1083, 1, 527, 741, 0, 257, 24415, 538, 3, 92, 2903, 1118, 411, 3, 14113, 6510, 8289, 0, 0, 34, 1895, 2055, 2932, 93, 0, 0, 17, 33, 132, 2, 24648, 16506, 19779, 1, 0, 0, 316
517,0x11cd8c,7, 1059631,"  102b2c:	e51b3014 	ldr	r3, [fp, #-20]	; 0xffffffec
",benign, 346, 257, 2869, 2, 1766, 1082, 1, 521, 728, 0, 246, 24096, 524, 3, 94, 2943, 1255, 415, 3, 13807, 6158, 8215, 0, 0, 33, 1855, 2027, 2906, 93, 0, 0, 17, 21, 112, 2, 24768, 16459, 19740, 1, 0, 0, 316
518,0x129184,6, 1054803,"  101850:	e51b30e8 	ldr	r3, [fp, #-232]	; 0xffffff18
",benign, 287, 198, 2815, 1, 1721, 1076, 1, 511, 711, 0, 231, 23784, 507, 3, 93, 2811, 1434, 415, 3, 14098, 6441, 7993, 0, 0, 33, 1782, 1984, 2849, 92, 0, 0, 18, 34, 134, 2, 24272, 15968, 19236, 1, 0, 0, 316
519,0x10d2a4,13, 1059896,"  102c38:	e51b3018 	ldr	r3, [fp, #-24]	; 0xffffffe8
",benign, 287, 198, 2742, 2, 1695, 1070, 1, 506, 709, 0, 229, 21812, 506, 3, 93, 2665, 1403, 415, 3, 12039, 6490, 7888, 0, 0, 34, 1749, 1987, 2784, 91, 0, 0, 18, 22, 114, 2, 22323, 14172, 17551, 1, 0, 0, 316
520,0x12c69c,25, 1059602,"  102b10:	e51b300c 	ldr	r3, [fp, #-12]
",benign, 287, 198, 2733, 2, 1676, 1068, 1, 506, 709, 0, 234, 21743, 506, 3, 93, 2909, 1290, 412, 3, 11996, 6285, 7899, 0, 0, 34, 1753, 1986, 2790, 92, 0, 0, 17, 34, 128, 2, 22349, 14109, 17577, 1, 0, 0, 316
521,0x11d8f4,25, 1061739,"  103368:	e1530002 	cmp	r3, r2
",benign, 283, 199, 2901, 2, 1787, 1089, 1, 522, 728, 0, 243, 24038, 524, 3, 92, 2904, 1274, 415, 3, 14188, 6588, 8244, 0, 0, 33, 1931, 2105, 2928, 91, 0, 0, 17, 22, 132, 2, 24584, 16830, 20100, 1, 0, 0, 316
522,0x1055fc,5, 1050258,"  100690:	fa004971 	blx	112c5c <strncmp>
",benign, 286, 198, 2879, 2, 1785, 1087, 1, 519, 725, 0, 246, 24321, 521, 3, 94, 2665, 1441, 415, 3, 14281, 6588, 8187, 0, 0, 33, 1844, 2035, 2920, 93, 0, 0, 18, 47, 114, 2, 25038, 16425, 19656, 1, 0, 0, 316
523,0x128fb4,31, 1060993,"  103080:	e92d4800 	push	{fp, lr}
",benign, 341, 255, 2866, 1, 1763, 1081, 1, 521, 728, 0, 243, 24219, 524, 3, 94, 2717, 1236, 398, 3, 14279, 6515, 8221, 0, 0, 33, 1856, 2037, 2907, 92, 0, 0, 17, 72, 132, 2, 24720, 16329, 19590, 1, 0, 0, 316
524,0x11c0bc,7, 1053808,"  101470:	e51b3018 	ldr	r3, [fp, #-24]	; 0xffffffe8
",benign, 288, 197, 2887, 2, 1780, 1085, 1, 528, 742, 0, 257, 24396, 539, 3, 92, 3224, 1251, 411, 3, 14243, 6664, 8286, 0, 0, 34, 1889, 2051, 2923, 93, 0, 0, 17, 21, 115, 2, 24890, 16680, 19964, 1, 0, 0, 316
525,0x109d00,31, 1061615,"  1032ec:	e5832000 	str	r2, [r3]
",benign, 285, 198, 2890, 2, 1777, 1085, 1, 519, 725, 0, 239, 24029, 521, 3, 93, 3003, 1238, 415, 3, 14416, 6497, 8199, 0, 0, 33, 1848, 2034, 2926, 93, 0, 0, 17, 22, 130, 2, 24679, 16530, 19831, 1, 0, 0, 316
526,0x126488,8, 1051462,"  100b44:	e3073999 	movw	r3, #31129	; 0x7999
",benign, 289, 197, 2860, 1, 1755, 1080, 1, 521, 727, 0, 245, 24176, 524, 3, 92, 2767, 1132, 397, 3, 13899, 6453, 8170, 0, 0, 34, 1835, 2016, 2896, 93, 0, 0, 17, 22, 129, 2, 24753, 16405, 19724, 1, 0, 0, 316
527,0x10feec,25, 1055119,"  10198c:	e51b301c 	ldr	r3, [fp, #-28]	; 0xffffffe4
",benign, 289, 196, 2904, 1, 1798, 1083, 1, 531, 747, 0, 248, 24240, 544, 3, 92, 3025, 1206, 413, 3, 13998, 6487, 8342, 0, 0, 34, 1908, 2060, 2934, 91, 0, 0, 18, 38, 114, 2, 24909, 16441, 19666, 1, 0, 0, 316
528,0x1390c8,9, 1057581,"  10232c:	e1a02de3 	ror	r2, r3, #27
",benign, 287, 196, 2899, 2, 1793, 1083, 1, 531, 747, 0, 252, 24391, 544, 3, 93, 2941, 1149, 395, 3, 14115, 6481, 8316, 0, 0, 34, 1893, 2060, 2944, 93, 0, 0, 17, 22, 112, 2, 24635, 16279, 19614, 1, 0, 0, 316
529,0x125bd0,10, 1051251,"  100a70:	e5933008 	ldr	r3, [r3, #8]
",benign, 289, 198, 2901, 2, 1795, 1083, 1, 531, 747, 0, 245, 24041, 544, 3, 92, 3006, 1196, 397, 3, 14192, 6538, 8293, 0, 0, 34, 1891, 2067, 2938, 93, 0, 0, 17, 34, 132, 2, 24671, 16530, 19845, 1, 0, 0, 316
530,0x126e5c,24, 1053947,"  1014f8:	e30e3ba1 	movw	r3, #60321	; 0xeba1
",benign, 285, 198, 2877, 2, 1769, 1085, 1, 519, 725, 0, 247, 24266, 521, 3, 93, 3020, 1311, 415, 3, 14211, 6592, 8188, 0, 0, 33, 1853, 2025, 2916, 93, 0, 0, 17, 21, 129, 2, 24914, 16471, 19759, 1, 0, 0, 316
531,0x12b854,26, 1059828,"  102bf4:	e50b300c 	str	r3, [fp, #-12]
",benign, 290, 197, 2904, 1, 1806, 1084, 1, 531, 747, 0, 250, 24362, 544, 3, 92, 3036, 1252, 415, 3, 13972, 6421, 8327, 0, 0, 34, 1909, 2070, 2943, 93, 0, 0, 18, 33, 130, 2, 24688, 16712, 20046, 1, 0, 0, 316
532,0x10e688,7, 1058226,"  1025b0:	e51b0014 	ldr	r0, [fp, #-20]	; 0xffffffec
",benign, 285, 197, 2880, 2, 1782, 1088, 1, 517, 721, 0, 240, 24245, 517, 3, 93, 2581, 1197, 411, 3, 14325, 6379, 8172, 0, 0, 33, 2076, 2253, 2899, 91, 0, 0, 17, 22, 130, 2, 24760, 16652, 20178, 1, 0, 0, 316
533,0x112c6c,2, 1062481,"  103650:	e6ef2073 	uxtb	r2, r3
",benign, 295, 196, 2849, 2, 1751, 1081, 1, 521, 727, 0, 256, 24253, 524, 3, 92, 2829, 1126, 395, 3, 13997, 6323, 8133, 0, 0, 34, 1850, 2014, 2885, 92, 0, 0, 17, 33, 128, 2, 24735, 16214, 19458, 1, 0, 0, 316
534,0x12bf88,29, 1050147,"  100620:	2a000008 	bcs	100648 <strsearch+0x64>
",benign, 363, 199, 2861, 5, 1766, 1082, 1, 519, 726, 0, 235, 24785, 522, 3, 94, 3097, 1104, 404, 3, 15279, 7535, 8232, 0, 0, 33, 1819, 2056, 2898, 91, 0, 0, 18, 33, 125, 6, 25387, 17004, 20438, 3, 0, 0, 316
535,0x13dee4,3, 1056777,"  102008:	e3483f1b 	movt	r3, #36635	; 0x8f1b
",benign, 287, 199, 2890, 2, 1790, 1088, 1, 522, 728, 0, 242, 23996, 524, 3, 93, 2783, 1201, 415, 3, 14110, 6467, 8285, 0, 0, 33, 1864, 2031, 2922, 91, 0, 0, 18, 41, 134, 2, 24673, 16573, 19951, 1, 0, 0, 316
536,0x11edf0,22, 1054522,"  101738:	e1a03163 	ror	r3, r3, #2
",benign, 288, 199, 2904, 2, 1796, 1087, 1, 522, 728, 0, 248, 24174, 524, 3, 93, 3051, 1207, 415, 3, 14167, 6254, 8232, 0, 0, 33, 1876, 2052, 2937, 93, 0, 0, 17, 22, 132, 2, 24957, 16441, 19751, 1, 0, 0, 316
537,0x120ea8,13, 1059649,"  102b40:	e51b301c 	ldr	r3, [fp, #-28]	; 0xffffffe4
",benign, 291, 198, 2884, 2, 1780, 1084, 1, 528, 742, 0, 256, 24423, 539, 3, 92, 2947, 1196, 415, 3, 14253, 6406, 8294, 0, 0, 34, 1882, 2053, 2915, 91, 0, 0, 18, 41, 134, 2, 24787, 16498, 19811, 1, 0, 0, 316
538,0x11bf38,11, 1061198,"  10314c:	fa003cc3 	blx	112460 <memset>
",benign, 290, 197, 2853, 2, 1749, 1080, 1, 521, 727, 0, 242, 23789, 524, 3, 92, 3146, 1192, 412, 3, 14367, 6943, 8137, 0, 0, 34, 1833, 2011, 2892, 91, 0, 0, 17, 22, 132, 2, 24659, 16418, 19686, 1, 0, 0, 316
539,0x1221dc,29, 1059371,"  102a28:	e50b3018 	str	r3, [fp, #-24]	; 0xffffffe8
",benign, 282, 198, 2878, 2, 1783, 1086, 1, 521, 728, 0, 243, 24026, 524, 3, 95, 2730, 1503, 415, 3, 13942, 6250, 8215, 0, 0, 33, 1858, 2033, 2911, 91, 0, 0, 17, 33, 129, 2, 24784, 16243, 19550, 1, 0, 0, 316
540,0x129cb8,19, 1058607,"  10272c:	e50b301c 	str	r3, [fp, #-28]	; 0xffffffe4
",benign, 291, 197, 2870, 2, 1768, 1082, 1, 521, 728, 0, 241, 23892, 524, 3, 94, 2773, 1294, 415, 3, 13877, 6241, 8228, 0, 0, 33, 1906, 2088, 2910, 93, 0, 0, 17, 34, 128, 2, 24932, 16340, 19650, 1, 0, 0, 316
541,0x1244f4,3, 1050374,"  100704:	e3a030e4 	mov	r3, #228	; 0xe4
",benign, 396, 196, 2891, 4, 1789, 1084, 1, 531, 747, 0, 255, 24998, 544, 3, 92, 3322, 1040, 408, 3, 15140, 7491, 8398, 0, 0, 34, 1911, 2054, 2937, 92, 0, 0, 18, 21, 127, 6, 25639, 17523, 20930, 3, 0, 0, 316
542,0x106440,31, 1051615,"  100bdc:	e51b3010 	ldr	r3, [fp, #-16]
",benign, 284, 198, 2877, 1, 1771, 1086, 1, 519, 725, 0, 249, 24418, 521, 3, 94, 2934, 1432, 397, 3, 13996, 6352, 8188, 0, 0, 33, 1844, 2032, 2914, 91, 0, 0, 17, 71, 112, 2, 24623, 16370, 19642, 1, 0, 0, 316
543,0x112acc,25, 1052887,"  1010d4:	e51b301c 	ldr	r3, [fp, #-28]	; 0xffffffe4
",benign, 293, 197, 2849, 2, 1750, 1081, 1, 521, 727, 0, 246, 24199, 524, 3, 92, 3028, 1123, 413, 3, 14151, 6438, 8129, 0, 0, 34, 1837, 2016, 2902, 94, 0, 0, 17, 34, 115, 2, 24510, 16358, 19716, 1, 0, 0, 316
544,0x13c1dc,4, 1053691,"  1013f8:	e51b1010 	ldr	r1, [fp, #-16]
",benign, 283, 198, 2873, 2, 1770, 1082, 1, 521, 728, 0, 245, 24053, 524, 3, 94, 2838, 1274, 398, 3, 13945, 6315, 8230, 0, 0, 33, 1862, 2025, 2913, 93, 0, 0, 18, 66, 130, 2, 24740, 16364, 19703, 1, 0, 0, 374
545,0x10ad08,29, 1053623,"  1013b4:	e3073999 	movw	r3, #31129	; 0x7999
",benign, 283, 199, 2879, 1, 1774, 1085, 1, 519, 725, 0, 241, 24251, 521, 3, 94, 2834, 1271, 411, 3, 14099, 6295, 8175, 0, 0, 33, 1849, 2030, 2916, 93, 0, 0, 17, 21, 132, 2, 24674, 16361, 19902, 1, 0, 0, 316
546,0x119650,24, 1061568,"  1032c0:	e3443000 	movt	r3, #16384	; 0x4000
",benign, 283, 199, 2888, 2, 1781, 1088, 1, 522, 728, 0, 244, 24163, 524, 3, 92, 2935, 1211, 415, 3, 14273, 6663, 8248, 0, 0, 33, 1861, 2047, 2937, 95, 0, 0, 17, 21, 115, 2, 24917, 16470, 19783, 1, 0, 0, 316
547,0x1203fc,7, 1061610,"  1032e8:	e2833010 	add	r3, r3, #16
",benign, 291, 198, 2869, 1, 1768, 1082, 1, 522, 734, 0, 237, 24278, 531, 3, 92, 2842, 1111, 413, 3, 14388, 6528, 8205, 0, 0, 34, 1851, 2057, 2899, 91, 0, 0, 17, 33, 132, 2, 24778, 16484, 19806, 1, 0, 0, 316
548,0x13be48,16, 1059518,"  102abc:	e51b1010 	ldr	r1, [fp, #-16]
",benign, 285, 198, 2889, 1, 1774, 1086, 1, 519, 725, 0, 246, 24172, 521, 3, 94, 2881, 1426, 413, 3, 14101, 6477, 8195, 0, 0, 33, 1853, 2037, 2920, 93, 0, 0, 18, 41, 134, 2, 24743, 16390, 19763, 1, 0, 0, 363
549,0x10ec2c,29, 1058078,"  10251c:	e1a02de3 	ror	r2, r3, #27
",benign, 284, 197, 2878, 2, 1777, 1083, 1, 528, 742, 0, 243, 24108, 539, 3, 92, 3077, 1192, 412, 3, 14232, 6388, 8292, 0, 0, 34, 1937, 2108, 2910, 91, 0, 0, 18, 22, 130, 2, 24813, 16358, 19677, 1, 0, 0, 316
550,0x11215c,29, 1062250,"  103568:	e5d22000 	ldrb	r2, [r2]
",benign, 291, 197, 2883, 2, 1781, 1081, 1, 528, 742, 0, 245, 24038, 539, 3, 91, 3107, 1248, 413, 3, 13988, 6374, 8249, 0, 0, 34, 1878, 2053, 2921, 93, 0, 0, 17, 21, 129, 2, 24977, 16527, 19826, 1, 0, 0, 316
551,0x12744c,19, 1060789,"  102fb4:	e0822003 	add	r2, r2, r3
",benign, 289, 196, 2890, 2, 1798, 1084, 1, 531, 747, 0, 250, 24285, 544, 3, 93, 3075, 1388, 613, 3, 14151, 6629, 8311, 0, 0, 34, 1895, 2069, 2937, 91, 0, 0, 17, 71, 130, 2, 24681, 16502, 19998, 1, 0, 0, 316
552,0x11087c,17, 1061960,"  103448:	e3530001 	cmp	r3, #1
",benign, 346, 256, 2880, 1, 1776, 1087, 1, 519, 725, 0, 245, 24266, 521, 3, 92, 3013, 1219, 413, 3, 14188, 6605, 8201, 0, 0, 33, 1922, 2083, 2918, 94, 0, 0, 17, 21, 128, 2, 24693, 16514, 19805, 1, 0, 0, 552
553,0x136674,1, 1061234,"  103170:	e320f000 	nop	{0}
",benign, 285, 199, 2889, 2, 1785, 1089, 1, 522, 728, 0, 251, 24201, 524, 3, 92, 2902, 1167, 415, 3, 14019, 6412, 8250, 0, 0, 33, 1858, 2039, 2918, 91, 0, 0, 17, 22, 130, 2, 24767, 16378, 19866, 1, 0, 0, 316
554,0x136150,6, 1062282,"  103588:	bafffff0 	blt	103550 <sha+0x140>
",benign, 281, 199, 2866, 2, 1768, 1088, 1, 519, 726, 0, 234, 23801, 522, 3, 94, 2760, 1454, 411, 3, 13955, 6055, 8163, 0, 0, 33, 1899, 2119, 2909, 93, 0, 0, 18, 22, 134, 2, 24510, 16349, 19631, 1, 0, 0, 316
555,0x1160a4,21, 1050209,"  100660:	e3403012 	movt	r3, #18
",benign, 285, 199, 2882, 2, 1775, 1086, 1, 519, 725, 0, 240, 24253, 521, 3, 93, 2809, 1215, 473, 3, 14057, 6121, 8172, 0, 0, 33, 1846, 2025, 2908, 91, 0, 0, 17, 34, 129, 2, 24843, 16362, 19665, 1, 0, 0, 316
556,0x117440,31, 1054339,"  101680:	e51b1010 	ldr	r1, [fp, #-16]
",benign, 289, 198, 2877, 2, 1778, 1083, 1, 528, 742, 0, 256, 24547, 539, 3, 92, 3109, 1163, 412, 3, 14068, 6211, 8270, 0, 0, 34, 1877, 2054, 2926, 93, 0, 0, 18, 22, 130, 2, 24972, 16523, 19809, 1, 0, 0, 372
557,0x136f9c,9, 1061245,"  10317c:	e92d4800 	push	{fp, lr}
",benign, 289, 197, 2867, 2, 1771, 1085, 1, 517, 721, 0, 242, 24224, 517, 3, 93, 3007, 1193, 415, 3, 14091, 6533, 8189, 0, 0, 33, 1844, 2021, 2917, 94, 0, 0, 18, 21, 114, 2, 24443, 16450, 19763, 1, 0, 0, 316
558,0x114bb4,9, 1054432,"  1016e0:	e50b300c 	str	r3, [fp, #-12]
",benign, 352, 256, 2849, 2, 1751, 1082, 1, 521, 727, 0, 251, 24176, 524, 3, 91, 2831, 1352, 413, 3, 13895, 6412, 8153, 0, 0, 34, 1845, 2017, 2884, 91, 0, 0, 17, 22, 132, 2, 24949, 16499, 19843, 1, 0, 0, 316
559,0x12de18,14, 1053546,"  101368:	e51b300c 	ldr	r3, [fp, #-12]
",benign, 285, 198, 2874, 1, 1767, 1082, 1, 521, 728, 0, 247, 24372, 524, 3, 94, 2723, 1259, 415, 3, 13884, 6189, 8190, 0, 0, 33, 1855, 2040, 2909, 93, 0, 0, 18, 22, 114, 2, 24781, 16193, 19561, 1, 0, 0, 316
560,0x1271dc,20, 1053318,"  101284:	e50b300c 	str	r3, [fp, #-12]
",benign, 285, 198, 2880, 2, 1773, 1086, 1, 519, 725, 0, 242, 24356, 521, 3, 93, 2994, 1440, 412, 3, 14204, 6442, 8204, 0, 0, 33, 1918, 2080, 2914, 93, 0, 0, 17, 21, 132, 2, 24685, 16372, 19642, 1, 0, 0, 316
561,0x1075fc,28, 1059293,"  1029dc:	e51b300c 	ldr	r3, [fp, #-12]
",benign, 283, 198, 2867, 2, 1764, 1081, 1, 521, 728, 0, 253, 24026, 524, 3, 94, 2568, 1240, 415, 3, 14060, 6113, 8230, 0, 0, 33, 1857, 2027, 2905, 91, 0, 0, 17, 42, 132, 2, 24760, 16331, 19836, 1, 0, 0, 316
562,0x123948,8, 1055854,"  101c6c:	e51b3018 	ldr	r3, [fp, #-24]	; 0xffffffe8
",benign, 288, 198, 2962, 2, 1835, 1099, 1, 528, 735, 0, 249, 24423, 531, 3, 90, 2804, 1091, 413, 3, 14048, 6383, 8436, 0, 0, 33, 1911, 2086, 2994, 92, 0, 0, 17, 22, 128, 2, 25138, 16690, 20259, 1, 0, 0, 316
563,0x106da8,17, 1060055,"  102cd4:	e1a02de3 	ror	r2, r3, #27
",benign, 286, 199, 2916, 2, 1792, 1089, 1, 522, 728, 0, 248, 24057, 524, 3, 92, 2945, 1443, 470, 3, 13981, 6352, 8237, 0, 0, 33, 1868, 2048, 2936, 93, 0, 0, 17, 22, 128, 2, 25095, 16505, 19785, 1, 0, 0, 316
564,0x11e58c,1, 1050794,"  1008a8:	e50b3014 	str	r3, [fp, #-20]	; 0xffffffec
",benign, 350, 197, 2891, 7, 1785, 1081, 1, 528, 742, 0, 240, 25109, 539, 3, 93, 3230, 1147, 419, 3, 15076, 7448, 8334, 0, 0, 34, 1870, 2074, 2920, 91, 0, 0, 18, 33, 138, 11, 25621, 17475, 20893, 4, 0, 0, 316
565,0x10f770,4, 1061471,"  10325c:	e51b2008 	ldr	r2, [fp, #-8]
",benign, 288, 198, 2864, 2, 1768, 1087, 1, 522, 734, 0, 238, 24083, 531, 3, 92, 2935, 1105, 412, 3, 14144, 6522, 8207, 0, 0, 34, 1850, 2060, 2902, 92, 0, 0, 18, 33, 134, 2, 24878, 16294, 19604, 1, 0, 0, 316
566,0x13d9cc,15, 1051848,"  100cc8:	e50b3018 	str	r3, [fp, #-24]	; 0xffffffe8
",benign, 295, 197, 2886, 1, 1788, 1083, 1, 527, 741, 0, 250, 24328, 538, 3, 92, 2680, 1602, 415, 3, 14202, 6307, 8279, 0, 0, 34, 1892, 2061, 2930, 94, 0, 0, 17, 22, 132, 2, 24722, 16524, 20022, 1, 0, 0, 316
567,0x11e648,25, 1053020,"  10115c:	e3073999 	movw	r3, #31129	; 0x7999
",benign, 290, 197, 2855, 2, 1752, 1081, 1, 521, 727, 0, 250, 24194, 524, 3, 92, 2908, 1217, 411, 3, 14531, 7029, 8147, 0, 0, 34, 1905, 2078, 2897, 94, 0, 0, 18, 33, 130, 2, 24883, 16309, 19562, 1, 0, 0, 316
568,0x124b5c,0, 1060731,"  102f78:	e5832018 	str	r2, [r3, #24]
",benign, 285, 199, 2821, 1, 1731, 1078, 1, 511, 711, 0, 229, 23850, 507, 3, 94, 2887, 1213, 411, 3, 13746, 6149, 8027, 0, 0, 33, 1775, 2008, 2843, 91, 0, 0, 17, 22, 115, 2, 24600, 16300, 19566, 1, 0, 0, 316
569,0x11ca78,26, 1058456,"  102698:	e0822003 	add	r2, r2, r3
",benign, 283, 198, 2884, 1, 1777, 1086, 1, 519, 725, 0, 244, 24094, 521, 3, 94, 2970, 1247, 415, 3, 14382, 6518, 8194, 0, 0, 33, 1846, 2033, 2905, 91, 0, 0, 17, 34, 128, 2, 24782, 16299, 19530, 1, 0, 0, 316
570,0x13409c,6, 1055497,"  101b08:	e50b3014 	str	r3, [fp, #-20]	; 0xffffffec
",benign, 291, 197, 2890, 2, 1782, 1084, 1, 528, 742, 0, 245, 24084, 539, 3, 92, 3011, 1180, 412, 3, 14315, 6871, 8299, 0, 0, 34, 1887, 2052, 2928, 93, 0, 0, 18, 22, 116, 2, 24797, 16586, 19877, 1, 0, 0, 316
571,0x10a9a0,12, 1058967,"  102894:	e50b300c 	str	r3, [fp, #-12]
",benign, 288, 198, 2884, 2, 1775, 1082, 1, 522, 734, 0, 238, 24284, 531, 3, 92, 2817, 1191, 473, 3, 14230, 6584, 8217, 0, 0, 34, 1846, 2039, 2902, 92, 0, 0, 17, 21, 128, 2, 24678, 16457, 19730, 1, 0, 0, 316
572,0x106bc0,11, 1060833,"  102fe0:	e5932014 	ldr	r2, [r3, #20]
",benign, 347, 256, 2896, 2, 1789, 1083, 1, 531, 747, 0, 247, 24305, 544, 3, 94, 3071, 1242, 413, 3, 14099, 6271, 8338, 0, 0, 34, 1890, 2055, 2924, 91, 0, 0, 18, 21, 134, 2, 24895, 16292, 19575, 1, 0, 0, 316
573,0x13d96c,18, 1058309,"  102604:	e50b3010 	str	r3, [fp, #-16]
",benign, 349, 256, 2904, 1, 1803, 1085, 1, 531, 747, 0, 255, 24393, 544, 3, 92, 3029, 1180, 415, 3, 13929, 6385, 8308, 0, 0, 34, 1905, 2072, 2943, 92, 0, 0, 18, 39, 117, 2, 24888, 16432, 19994, 1, 0, 0, 316
574,0x104220,4, 1059632,"  102b30:	e0211003 	eor	r1, r1, r3
",benign, 284, 198, 2889, 1, 1787, 1092, 1, 519, 725, 0, 244, 23978, 521, 3, 93, 2795, 1300, 415, 3, 13947, 6426, 8179, 0, 0, 33, 1851, 2030, 2920, 91, 0, 0, 17, 21, 128, 2, 24941, 16573, 19866, 1, 0, 0, 316
575,0x12fe10,15, 1057071,"  10212c:	e50b3010 	str	r3, [fp, #-16]
",benign, 288, 197, 2892, 2, 1785, 1083, 1, 522, 727, 0, 242, 24065, 523, 3, 95, 2818, 1377, 415, 3, 14143, 6335, 8170, 0, 0, 33, 1849, 2036, 2911, 92, 0, 0, 17, 22, 132, 2, 24793, 16612, 19904, 1, 0, 0, 316
576,0x126c24,12, 1052543,"  100f7c:	e3073999 	movw	r3, #31129	; 0x7999
",benign, 286, 199, 2879, 2, 1771, 1085, 1, 519, 725, 0, 245, 24151, 521, 3, 93, 2975, 1214, 398, 3, 14024, 6431, 8209, 0, 0, 33, 1848, 2025, 2918, 91, 0, 0, 17, 33, 132, 2, 24714, 16483, 19784, 1, 0, 0, 316
577,0x132ab8,13, 1060479,"  102e7c:	e50b300c 	str	r3, [fp, #-12]
",benign, 287, 198, 2883, 2, 1771, 1086, 1, 519, 725, 0, 247, 24282, 521, 3, 94, 2840, 1330, 412, 3, 14076, 6466, 8206, 0, 0, 33, 1848, 2022, 2914, 91, 0, 0, 18, 74, 114, 2, 24624, 16502, 19782, 1, 0, 0, 316
578,0x131948,14, 1062117,"  1034e4:	e0812002 	add	r2, r1, r2
",benign, 286, 197, 2897, 2, 1795, 1083, 1, 531, 747, 0, 252, 24257, 544, 3, 93, 3028, 1152, 395, 3, 14236, 6550, 8318, 0, 0, 34, 1897, 2070, 2933, 93, 0, 0, 17, 73, 115, 2, 24671, 16665, 20259, 1, 0, 0, 316
579,0x106190,4, 1054041,"  101558:	e0822003 	add	r2, r2, r3
",benign, 293, 195, 2892, 2, 1793, 1083, 1, 531, 747, 0, 251, 24284, 544, 3, 94, 2887, 1488, 395, 3, 14420, 6603, 8298, 0, 0, 34, 1898, 2061, 2938, 93, 0, 0, 18, 21, 134, 2, 25063, 16618, 19922, 1, 0, 0, 316
580,0x138d10,26, 1062435,"  103620:	e3530000 	cmp	r3, #0
",benign, 281, 199, 2893, 2, 1785, 1088, 1, 522, 728, 0, 249, 24204, 524, 3, 92, 2652, 1498, 415, 3, 14089, 6423, 8244, 0, 0, 33, 1868, 2057, 2918, 92, 0, 0, 17, 21, 115, 2, 24569, 16442, 19950, 1, 0, 0, 316
581,0x1048e8,13, 1060298,"  102dc8:	e51b301c 	ldr	r3, [fp, #-28]	; 0xffffffe4
",benign, 291, 197, 2890, 2, 1782, 1084, 1, 527, 741, 0, 254, 24536, 538, 3, 93, 2929, 1376, 412, 3, 14392, 6415, 8279, 0, 0, 34, 1884, 2057, 2927, 93, 0, 0, 17, 34, 128, 2, 24776, 16491, 19831, 1, 0, 0, 316
582,0x122df0,7, 1061216,"  103160:	e51b2008 	ldr	r2, [fp, #-8]
",benign, 287, 198, 2885, 2, 1778, 1083, 1, 528, 742, 0, 246, 24188, 539, 3, 92, 3036, 1279, 635, 3, 14546, 6842, 8291, 0, 0, 34, 1886, 2050, 2924, 93, 0, 0, 17, 71, 112, 2, 24679, 16473, 19792, 1, 0, 0, 316
583,0x125c3c,3, 1062344,"  1035c8:	e24bd004 	sub	sp, fp, #4
",benign, 292, 198, 2885, 2, 1788, 1082, 1, 527, 741, 0, 254, 24332, 538, 3, 92, 2998, 1223, 411, 3, 14164, 6354, 8283, 0, 0, 34, 1885, 2053, 2930, 91, 0, 0, 17, 33, 132, 2, 24960, 16485, 19959, 1, 0, 0, 316
584,0x100a30,11, 1054184,"  1015e8:	e51b3014 	ldr	r3, [fp, #-20]	; 0xffffffec
",benign, 282, 198, 2874, 2, 1781, 1082, 1, 521, 728, 0, 244, 24151, 524, 3, 94, 2519, 1651, 415, 3, 14072, 6158, 8215, 0, 0, 33, 1850, 2029, 2916, 93, 0, 0, 17, 38, 272, 2, 24882, 16512, 19828, 1, 0, 0, 316
585,0x1305c4,10, 1060730,"  102f78:	e5832018 	str	r2, [r3, #24]
",benign, 291, 197, 2889, 2, 1799, 1084, 1, 531, 747, 0, 247, 24291, 544, 3, 93, 3013, 1432, 395, 3, 14127, 6404, 8314, 0, 0, 34, 1902, 2061, 2933, 91, 0, 0, 18, 34, 130, 2, 24882, 16532, 19763, 1, 0, 0, 374
586,0x1245ec,1, 1058106,"  102538:	e51b3018 	ldr	r3, [fp, #-24]	; 0xffffffe8
",benign, 348, 256, 2896, 2, 1785, 1083, 1, 528, 742, 0, 251, 24356, 539, 3, 91, 2911, 1390, 411, 3, 14359, 6678, 8290, 0, 0, 34, 1873, 2046, 2921, 93, 0, 0, 18, 34, 114, 2, 24835, 16506, 19758, 1, 0, 0, 316
587,0x11e714,3, 1058075,"  102518:	e51b300c 	ldr	r3, [fp, #-12]
",benign, 285, 197, 2870, 2, 1771, 1087, 1, 519, 725, 0, 246, 24032, 521, 3, 93, 2898, 1218, 398, 3, 14327, 6657, 8206, 0, 0, 33, 1861, 2029, 2923, 94, 0, 0, 17, 46, 112, 2, 24883, 16333, 19585, 1, 0, 0, 316
588,0x130b08,30, 1056124,"  101d7c:	e0033000 	and	r3, r3, r0
",benign, 288, 197, 2886, 2, 1780, 1084, 1, 528, 742, 0, 254, 24263, 539, 3, 92, 2999, 1225, 415, 3, 13992, 6353, 8273, 0, 0, 34, 1889, 2034, 2928, 93, 0, 0, 18, 37, 117, 2, 24804, 16524, 19833, 1, 0, 0, 316
589,0x12bc7c,26, 1054848,"  101880:	e50b3014 	str	r3, [fp, #-20]	; 0xffffffec
",benign, 286, 198, 2878, 2, 1771, 1083, 1, 521, 728, 0, 248, 24250, 524, 3, 94, 2731, 1167, 398, 3, 13990, 6288, 8198, 0, 0, 33, 1850, 2030, 2914, 93, 0, 0, 17, 34, 129, 2, 24908, 16572, 19989, 1, 0, 0, 316
590,0x12ea90,27, 1061047,"  1030b4:	e50b3010 	str	r3, [fp, #-16]
",benign, 288, 197, 2874, 2, 1770, 1083, 1, 521, 728, 0, 246, 24080, 524, 3, 93, 3017, 1317, 411, 3, 14078, 6159, 8211, 0, 0, 33, 1862, 2038, 2914, 93, 0, 0, 18, 21, 134, 2, 24535, 16371, 19665, 1, 0, 0, 316
591,0x11981c,4, 1060605,"  102efc:	e24bd004 	sub	sp, fp, #4
",benign, 293, 198, 2870, 2, 1768, 1081, 1, 522, 734, 0, 238, 24082, 531, 3, 92, 2730, 1412, 411, 3, 14095, 6479, 8184, 0, 0, 34, 1895, 2120, 2904, 92, 0, 0, 18, 21, 132, 2, 24809, 16469, 19740, 1, 0, 0, 316
592,0x128e9c,0, 1061551,"  1032ac:	e50b3008 	str	r3, [fp, #-8]
",benign, 281, 198, 2809, 2, 1722, 1082, 1, 511, 711, 0, 233, 23590, 507, 3, 94, 2908, 1135, 397, 3, 14091, 6458, 8007, 0, 0, 33, 1791, 1996, 2860, 93, 0, 0, 18, 21, 134, 2, 24175, 16541, 19962, 1, 0, 0, 375
593,0x126e30,1, 1053683,"  1013f0:	e51b300c 	ldr	r3, [fp, #-12]
",benign, 346, 258, 2871, 2, 1778, 1084, 1, 521, 728, 0, 249, 24179, 524, 3, 94, 2985, 1267, 415, 3, 14227, 6462, 8202, 0, 0, 33, 1856, 2028, 2913, 91, 0, 0, 17, 71, 112, 2, 24588, 16232, 19604, 1, 0, 0, 316
594,0x108314,8, 1056993,"  1020e0:	e0033000 	and	r3, r3, r0
",benign, 292, 197, 2859, 1, 1752, 1082, 1, 521, 727, 0, 250, 24284, 524, 3, 92, 3020, 1097, 676, 3, 14250, 6489, 8146, 0, 0, 34, 1846, 2025, 2895, 94, 0, 0, 17, 21, 112, 2, 24794, 16477, 19820, 1, 0, 0, 316
595,0x13c408,27, 1052911,"  1010ec:	e0823003 	add	r3, r2, r3
",benign, 285, 198, 2864, 2, 1766, 1081, 1, 521, 728, 0, 245, 23908, 524, 3, 93, 2672, 1474, 413, 3, 14002, 6367, 8202, 0, 0, 33, 1860, 2030, 2908, 91, 0, 0, 17, 21, 130, 2, 24770, 16209, 19495, 1, 0, 0, 316
596,0x120ed4,21, 1058317,"  10260c:	e50b300c 	str	r3, [fp, #-12]
",benign, 288, 199, 2814, 2, 1720, 1077, 1, 511, 711, 0, 229, 23725, 507, 3, 93, 2968, 1238, 414, 3, 13888, 6281, 8000, 0, 0, 33, 1771, 1996, 2850, 93, 0, 0, 17, 22, 132, 2, 24482, 16054, 19319, 1, 0, 0, 316
597,0x120ea4,23, 1056643,"  101f80:	e51b30a8 	ldr	r3, [fp, #-168]	; 0xffffff58
",benign, 284, 198, 2874, 1, 1766, 1082, 1, 521, 728, 0, 246, 24376, 524, 3, 94, 2974, 1166, 395, 3, 13962, 6296, 8222, 0, 0, 33, 1851, 2025, 2909, 92, 0, 0, 17, 22, 130, 2, 24601, 16328, 19821, 1, 0, 0, 316
598,0x1024b8,0, 1050729,"  100868:	e3a03000 	mov	r3, #0
",benign, 364, 195, 2895, 7, 1790, 1083, 1, 531, 747, 0, 241, 24913, 544, 3, 93, 3303, 1190, 416, 3, 14840, 7263, 8378, 0, 0, 34, 1881, 2078, 2921, 91, 0, 0, 18, 34, 119, 8, 25249, 16983, 20410, 4, 0, 0, 316
599,0x13a2e0,10, 1050835,"  1008d0:	e0823003 	add	r3, r2, r3
",benign, 373, 197, 2862, 8, 1754, 1080, 1, 521, 727, 0, 245, 24688, 524, 3, 92, 2865, 1109, 415, 3, 14967, 7565, 8211, 0, 0, 34, 1895, 2099, 2881, 91, 0, 0, 17, 33, 135, 6, 25422, 16946, 20379, 4, 0, 0, 316
600,0x10f60c,4, 1060937,"  103048:	e2433040 	sub	r3, r3, #64	; 0x40
",benign, 341, 254, 2867, 2, 1765, 1082, 1, 521, 728, 0, 247, 24167, 524, 3, 94, 2950, 1275, 395, 3, 14118, 6329, 8207, 0, 0, 33, 1851, 2032, 2904, 91, 0, 0, 18, 22, 114, 2, 24575, 16202, 19473, 1, 0, 0, 316
601,0x1395b4,9, 1052082,"  100db0:	e50b301c 	str	r3, [fp, #-28]	; 0xffffffe4
",benign, 284, 196, 2867, 2, 1774, 1086, 1, 517, 721, 0, 238, 23858, 517, 3, 93, 2752, 1411, 559, 3, 13969, 6314, 8163, 0, 0, 33, 1850, 2017, 2912, 91, 0, 0, 17, 22, 114, 2, 24558, 16423, 19724, 1, 0, 0, 316
602,0x11fb44,27, 1053630,"  1013bc:	e0823003 	add	r3, r2, r3
",benign, 293, 197, 2854, 2, 1754, 1080, 1, 521, 727, 0, 252, 24000, 524, 3, 92, 2987, 1197, 415, 3, 14038, 6645, 8143, 0, 0, 34, 1862, 2019, 2900, 94, 0, 0, 17, 22, 130, 2, 24629, 16358, 19671, 1, 0, 0, 316
603,0x1190f4,26, 1059241,"  1029a8:	e0823003 	add	r3, r2, r3
",benign, 292, 198, 2892, 2, 1783, 1082, 1, 528, 742, 0, 246, 24229, 539, 3, 92, 2876, 1208, 411, 3, 13923, 6436, 8264, 0, 0, 34, 1885, 2035, 2917, 91, 0, 0, 17, 33, 128, 2, 24904, 16512, 20035, 1, 0, 0, 375
604,0x10a71c,4, 1060417,"  102e40:	e0822003 	add	r2, r2, r3
",benign, 285, 197, 2870, 2, 1764, 1086, 1, 517, 721, 0, 242, 24002, 517, 3, 93, 3072, 1215, 415, 3, 14154, 6585, 8153, 0, 0, 33, 1840, 2021, 2904, 91, 0, 0, 17, 21, 115, 2, 24852, 16276, 19547, 1, 0, 0, 316
605,0x12713c,25, 1054543,"  10174c:	e50b300c 	str	r3, [fp, #-12]
",benign, 288, 196, 2872, 1, 1767, 1086, 1, 517, 721, 0, 245, 24032, 517, 3, 93, 2629, 1406, 415, 3, 14208, 6551, 8179, 0, 0, 33, 1911, 2091, 2913, 92, 0, 0, 17, 41, 130, 2, 24720, 16271, 19599, 1, 0, 0, 316
606,0x12c144,30, 1050047,"  1005bc:	e51b2008 	ldr	r2, [fp, #-8]
",benign, 391, 196, 2854, 4, 1755, 1081, 1, 521, 727, 0, 247, 25051, 524, 3, 90, 3197, 1352, 407, 3, 14925, 7465, 8232, 0, 0, 34, 1828, 2041, 2881, 91, 0, 0, 17, 36, 121, 5, 25575, 17315, 20868, 3, 0, 0, 316
607,0x10fff4,29, 1053992,"  101528:	e50b3010 	str	r3, [fp, #-16]
",benign, 291, 196, 2847, 1, 1757, 1080, 1, 521, 727, 0, 263, 24032, 524, 3, 91, 2978, 1180, 397, 3, 14035, 6506, 8151, 0, 0, 34, 1833, 2012, 2899, 92, 0, 0, 18, 22, 114, 2, 24722, 16277, 19613, 1, 0, 0, 372
608,0x12d798,1, 1062315,"  1035a8:	e1a00003 	mov	r0, r3
",benign, 284, 198, 2890, 2, 1781, 1086, 1, 521, 728, 0, 252, 24195, 524, 3, 93, 2952, 1235, 395, 3, 14160, 6450, 8211, 0, 0, 33, 1856, 2027, 2910, 91, 0, 0, 17, 245, 129, 2, 25113, 16461, 19748, 1, 0, 0, 316
609,0x1130d0,20, 1057516,"  1022ec:	e30b3cdc 	movw	r3, #48348	; 0xbcdc
",benign, 288, 197, 2885, 2, 1772, 1085, 1, 519, 725, 0, 241, 23996, 521, 3, 93, 2956, 1220, 415, 3, 14204, 6534, 8216, 0, 0, 33, 1851, 2039, 2920, 93, 0, 0, 18, 22, 134, 2, 24750, 16546, 19901, 1, 0, 0, 316
610,0x1210c8,3, 1050957,"  10094c:	e24ddf5a 	sub	sp, sp, #360	; 0x168
",benign, 286, 198, 2870, 2, 1769, 1082, 1, 521, 728, 0, 247, 24185, 524, 3, 94, 2610, 1523, 415, 3, 13910, 6377, 8199, 0, 0, 33, 1853, 2035, 2917, 93, 0, 0, 17, 21, 128, 2, 24568, 16334, 19799, 1, 0, 0, 316
611,0x109e44,3, 1056673,"  101fa0:	e51b3014 	ldr	r3, [fp, #-20]	; 0xffffffec
",benign, 293, 198, 2867, 2, 1767, 1080, 1, 522, 734, 0, 245, 24110, 531, 3, 93, 2774, 1216, 415, 3, 14096, 6614, 8204, 0, 0, 34, 1837, 2057, 2895, 91, 0, 0, 17, 34, 132, 2, 24556, 16520, 19772, 1, 0, 0, 316
612,0x106288,24, 1054550,"  101754:	e1a02de3 	ror	r2, r3, #27
",benign, 285, 199, 2867, 1, 1767, 1082, 1, 520, 725, 0, 242, 24203, 521, 3, 95, 3308, 1251, 398, 3, 14090, 6465, 8208, 0, 0, 33, 1851, 2036, 2903, 91, 0, 0, 17, 22, 132, 2, 24428, 16545, 19831, 1, 0, 0, 316
613,0x12f8f8,20, 1051445,"  100b34:	e51b301c 	ldr	r3, [fp, #-28]	; 0xffffffe4
",benign, 285, 198, 2883, 1, 1782, 1088, 1, 519, 725, 0, 239, 24071, 521, 3, 94, 2787, 1348, 415, 3, 14180, 6326, 8202, 0, 0, 33, 1861, 2028, 2920, 93, 0, 0, 17, 21, 132, 2, 24753, 16443, 19952, 1, 0, 0, 316
614,0x1388fc,28, 1050713,"  100858:	e0823003 	add	r3, r2, r3
",benign, 287, 197, 2888, 2, 1781, 1083, 1, 528, 742, 0, 259, 24122, 539, 3, 91, 3217, 1200, 415, 3, 14546, 6812, 8275, 0, 0, 34, 1884, 2059, 2926, 95, 0, 0, 17, 33, 115, 2, 24908, 16402, 19739, 1, 0, 0, 316
615,0x120838,23, 1060900,"  103024:	e51b100c 	ldr	r1, [fp, #-12]
",benign, 288, 196, 2909, 2, 1808, 1089, 1, 531, 747, 0, 250, 24347, 544, 3, 93, 2940, 1249, 415, 3, 14364, 6694, 8355, 0, 0, 34, 1890, 2062, 2922, 91, 0, 0, 17, 22, 130, 2, 24834, 16625, 19932, 1, 0, 0, 372
616,0x12623c,10, 1053593,"  101398:	e0033000 	and	r3, r3, r0
",benign, 283, 199, 2873, 1, 1775, 1084, 1, 520, 725, 0, 252, 24323, 521, 3, 96, 2813, 1220, 411, 3, 14188, 6624, 8190, 0, 0, 33, 1855, 2035, 2909, 94, 0, 0, 17, 70, 112, 2, 24611, 16265, 19608, 1, 0, 0, 316
617,0x10bbac,15, 1060035,"  102cc0:	e51b300c 	ldr	r3, [fp, #-12]
",benign, 286, 198, 2872, 2, 1765, 1081, 1, 521, 728, 0, 244, 23942, 524, 3, 95, 2770, 1441, 474, 3, 13840, 6203, 8194, 0, 0, 33, 1863, 2027, 2916, 94, 0, 0, 17, 22, 112, 2, 24522, 16210, 19476, 1, 0, 0, 316
618,0x131d84,9, 1058715,"  102798:	e50b301c 	str	r3, [fp, #-28]	; 0xffffffe4
",benign, 291, 198, 2891, 2, 1784, 1083, 1, 527, 741, 0, 259, 24438, 538, 3, 94, 3030, 1233, 457, 3, 13917, 6474, 8301, 0, 0, 34, 1881, 2053, 2929, 93, 0, 0, 17, 22, 115, 2, 24944, 16518, 19815, 1, 0, 0, 316
619,0x13455c,17, 1057661,"  10237c:	e50b301c 	str	r3, [fp, #-28]	; 0xffffffe4
",benign, 289, 199, 2896, 2, 1785, 1088, 1, 522, 728, 0, 242, 23862, 524, 3, 92, 2777, 1115, 395, 3, 14059, 6203, 8249, 0, 0, 33, 1881, 2045, 2933, 94, 0, 0, 17, 22, 132, 2, 24740, 16372, 19692, 1, 0, 0, 316
620,0x10bcbc,11, 1057506,"  1022e0:	e0822003 	add	r2, r2, r3
",benign, 291, 198, 2886, 2, 1795, 1083, 1, 527, 741, 0, 252, 24306, 538, 3, 93, 2807, 1134, 415, 3, 14306, 6722, 8268, 0, 0, 34, 1876, 2056, 2930, 93, 0, 0, 17, 22, 132, 2, 24935, 16662, 19981, 1, 0, 0, 316
621,0x1298c4,5, 1062425,"  103618:	e55b301d 	ldrb	r3, [fp, #-29]	; 0xffffffe3
",benign, 289, 198, 2904, 2, 1802, 1086, 1, 527, 741, 0, 255, 24545, 538, 3, 92, 2845, 1200, 415, 3, 14150, 6491, 8248, 0, 0, 34, 1876, 2061, 2926, 93, 0, 0, 18, 22, 134, 2, 24656, 16498, 19818, 1, 0, 0, 316
622,0x11f5ac,28, 1059195,"  102978:	e51b1010 	ldr	r1, [fp, #-16]
",benign, 286, 198, 2871, 2, 1770, 1083, 1, 521, 728, 0, 247, 23885, 524, 3, 95, 3007, 1203, 415, 3, 14146, 6556, 8213, 0, 0, 33, 1908, 2085, 2900, 91, 0, 0, 17, 21, 130, 2, 24704, 16385, 19667, 1, 0, 0, 316
623,0x13becc,8, 1061461,"  103254:	e0823003 	add	r3, r2, r3
",benign, 284, 199, 2884, 2, 1773, 1085, 1, 519, 725, 0, 241, 24125, 521, 3, 94, 3015, 1365, 413, 3, 14320, 6626, 8198, 0, 0, 33, 1855, 2030, 2910, 91, 0, 0, 17, 22, 132, 2, 24699, 16414, 19898, 1, 0, 0, 316
624,0x105f4c,19, 1054289,"  101650:	e50b301c 	str	r3, [fp, #-28]	; 0xffffffe4
",benign, 346, 256, 2886, 1, 1776, 1085, 1, 519, 725, 0, 241, 24105, 521, 3, 93, 2676, 1247, 415, 3, 14154, 6294, 8184, 0, 0, 33, 1862, 2029, 2919, 91, 0, 0, 17, 22, 129, 2, 24770, 16523, 19869, 1, 0, 0, 316
625,0x10ba98,20, 1054334,"  10167c:	e1a02de3 	ror	r2, r3, #27
",benign, 294, 197, 2849, 2, 1749, 1080, 1, 521, 727, 0, 249, 24143, 524, 3, 92, 2846, 1122, 415, 3, 14140, 6585, 8132, 0, 0, 34, 1842, 2014, 2892, 93, 0, 0, 18, 34, 134, 2, 24792, 16513, 19851, 1, 0, 0, 316
626,0x13487c,15, 1062139,"  1034f8:	e0823003 	add	r3, r2, r3
",benign, 287, 198, 3041, 2, 1892, 1108, 1, 539, 765, 0, 257, 26414, 563, 3, 94, 2897, 1226, 411, 3, 16164, 6361, 8582, 0, 0, 35, 1972, 2133, 3041, 92, 0, 0, 18, 22, 131, 2, 27183, 19169, 22479, 1, 0, 0, 316
627,0x1245dc,12, 1051409,"  100b10:	e51b1010 	ldr	r1, [fp, #-16]
",benign, 289, 198, 2877, 2, 1778, 1082, 1, 527, 741, 0, 253, 24334, 538, 3, 92, 2784, 1249, 415, 3, 13960, 6424, 8252, 0, 0, 34, 1878, 2059, 2921, 93, 0, 0, 17, 21, 132, 2, 24876, 16397, 19693, 1, 0, 0, 316
628,0x11b2a8,20, 1059121,"  102930:	e0822003 	add	r2, r2, r3
",benign, 289, 199, 2869, 1, 1771, 1082, 1, 522, 734, 0, 238, 24242, 531, 3, 93, 3137, 1214, 473, 3, 14206, 6570, 8217, 0, 0, 34, 1831, 2050, 2897, 91, 0, 0, 18, 34, 131, 2, 24682, 16622, 19878, 1, 0, 0, 316
629,0x116bf0,2, 1052582,"  100fa4:	e50b3014 	str	r3, [fp, #-20]	; 0xffffffec
",benign, 287, 198, 2884, 1, 1770, 1085, 1, 519, 725, 0, 245, 24425, 521, 3, 94, 2817, 1452, 412, 3, 14325, 6672, 8179, 0, 0, 33, 1851, 2024, 2918, 93, 0, 0, 18, 54, 130, 2, 24635, 16457, 19959, 1, 0, 0, 316
630,0x10db88,17, 1054994,"  101910:	e0211003 	eor	r1, r1, r3
",benign, 291, 198, 2894, 1, 1784, 1083, 1, 528, 742, 0, 250, 24596, 539, 3, 92, 2922, 1361, 413, 3, 14169, 6358, 8280, 0, 0, 34, 1888, 2048, 2922, 93, 0, 0, 17, 70, 132, 2, 24790, 16521, 19824, 1, 0, 0, 316
631,0x11e3a0,4, 1053824,"  101480:	e0822003 	add	r2, r2, r3
",benign, 288, 199, 2885, 2, 1772, 1083, 1, 520, 725, 0, 251, 24051, 521, 3, 95, 2938, 1177, 415, 3, 14009, 6246, 8191, 0, 0, 33, 1912, 2088, 2903, 92, 0, 0, 17, 21, 112, 2, 24481, 16540, 20055, 1, 0, 0, 316
632,0x135ffc,29, 1060886,"  103014:	ea00000d 	b	103050 <sha_update+0xc4>
",benign, 289, 197, 2848, 2, 1750, 1081, 1, 521, 727, 0, 254, 24049, 524, 3, 92, 3145, 1180, 413, 3, 14227, 6527, 8162, 0, 0, 34, 1839, 2010, 2894, 91, 0, 0, 17, 34, 128, 2, 24567, 16301, 19656, 1, 0, 0, 316
633,0x11e118,27, 1050601,"  1007e8:	e51b32f0 	ldr	r3, [fp, #-752]	; 0xfffffd10
",benign, 414, 256, 2867, 7, 1762, 1086, 1, 517, 721, 0, 234, 24788, 517, 3, 93, 3084, 1305, 418, 3, 14904, 7333, 8240, 0, 0, 33, 1828, 2053, 2897, 91, 0, 0, 17, 22, 135, 7, 25533, 17023, 20434, 4, 0, 0, 316
634,0x11dc84,3, 1057906,"  102470:	e51b3018 	ldr	r3, [fp, #-24]	; 0xffffffe8
",benign, 284, 198, 2893, 2, 1779, 1085, 1, 519, 725, 0, 236, 24024, 521, 3, 93, 2849, 1450, 415, 3, 14362, 6487, 8174, 0, 0, 33, 1849, 2020, 2921, 93, 0, 0, 17, 22, 132, 2, 24717, 16352, 19779, 1, 0, 0, 316
635,0x10aba8,16, 1056065,"  101d40:	e1a03163 	ror	r3, r3, #2
",benign, 289, 198, 2897, 2, 1786, 1083, 1, 527, 741, 0, 255, 24433, 538, 3, 92, 2808, 1431, 415, 3, 14166, 6490, 8296, 0, 0, 34, 1884, 2059, 2927, 93, 0, 0, 17, 22, 112, 2, 24810, 16496, 19779, 1, 0, 0, 316
636,0x1274f4,7, 1050972,"  10095c:	eb002a74 	bl	10b334 <xil_printf>
",benign, 285, 196, 2882, 1, 1779, 1081, 1, 527, 741, 0, 250, 24064, 538, 3, 93, 3029, 1164, 470, 3, 14223, 6529, 8247, 0, 0, 34, 1885, 2064, 2927, 93, 0, 0, 17, 39, 115, 2, 24941, 16448, 19967, 1, 0, 0, 316
637,0x1373d8,29, 1052032,"  100d80:	e0033000 	and	r3, r3, r0
",benign, 288, 198, 2885, 2, 1779, 1082, 1, 528, 742, 0, 247, 24246, 539, 3, 93, 3020, 1223, 411, 3, 14161, 6581, 8294, 0, 0, 34, 1895, 2047, 2920, 93, 0, 0, 17, 22, 114, 2, 24733, 16482, 20036, 1, 0, 0, 316
638,0x1022dc,18, 1055797,"  101c34:	e51b3018 	ldr	r3, [fp, #-24]	; 0xffffffe8
",benign, 282, 198, 2955, 1, 1833, 1100, 1, 528, 735, 0, 251, 24446, 531, 3, 90, 2803, 1276, 412, 3, 14139, 6244, 8401, 0, 0, 33, 1910, 2087, 2985, 91, 0, 0, 17, 21, 132, 2, 25013, 16621, 19892, 1, 0, 0, 316
639,0x127974,16, 1052449,"  100f20:	e50b3018 	str	r3, [fp, #-24]	; 0xffffffe8
",benign, 291, 199, 2934, 2, 1809, 1094, 1, 524, 728, 0, 247, 24230, 524, 3, 94, 3186, 1269, 469, 3, 14487, 6781, 8329, 0, 0, 33, 1891, 2055, 2955, 91, 0, 0, 18, 36, 114, 2, 24833, 16605, 19861, 1, 0, 0, 316
640,0x10534c,19, 1061246,"  10317c:	e92d4800 	push	{fp, lr}
",benign, 287, 196, 2884, 1, 1780, 1089, 1, 517, 721, 0, 246, 24206, 517, 3, 93, 2921, 1386, 377, 3, 14113, 6493, 8169, 0, 0, 33, 1844, 2025, 2916, 91, 0, 0, 17, 22, 132, 2, 24651, 16212, 19525, 1, 0, 0, 316
641,0x10ccd0,2, 1057504,"  1022e0:	e0822003 	add	r2, r2, r3
",benign, 291, 197, 2892, 2, 1791, 1082, 1, 528, 742, 0, 249, 24350, 539, 3, 91, 2782, 1100, 413, 3, 14049, 6300, 8282, 0, 0, 34, 1882, 2053, 2928, 93, 0, 0, 18, 21, 117, 2, 24654, 16489, 19814, 1, 0, 0, 316
642,0x122c0c,2, 1056411,"  101e98:	e0823003 	add	r3, r2, r3
",benign, 291, 197, 2879, 2, 1772, 1081, 1, 519, 725, 0, 242, 23944, 521, 3, 94, 3049, 1232, 471, 3, 14273, 6452, 8186, 0, 0, 33, 1856, 2034, 2912, 94, 0, 0, 17, 34, 128, 2, 24743, 16514, 19802, 1, 0, 0, 316
643,0x119570,23, 1052243,"  100e50:	e51b300c 	ldr	r3, [fp, #-12]
",benign, 340, 253, 2902, 2, 1793, 1083, 1, 531, 747, 0, 255, 24538, 544, 3, 93, 2868, 1190, 415, 3, 14052, 6512, 8329, 0, 0, 34, 1904, 2060, 2940, 92, 0, 0, 17, 22, 112, 2, 24952, 16318, 19599, 1, 0, 0, 316
644,0x11b928,0, 1060484,"  102e84:	e5932000 	ldr	r2, [r3]
",benign, 288, 198, 2887, 2, 1783, 1084, 1, 528, 742, 0, 258, 24383, 539, 3, 91, 2813, 1544, 415, 3, 14255, 6538, 8275, 0, 0, 34, 1947, 2108, 2919, 92, 0, 0, 17, 22, 112, 2, 24952, 16449, 19735, 1, 0, 0, 316
645,0x11cd60,9, 1061419,"  103228:	e24b3a02 	sub	r3, fp, #8192	; 0x2000
",benign, 282, 198, 2808, 1, 1711, 1083, 1, 506, 703, 0, 232, 23818, 499, 3, 92, 2610, 1114, 415, 3, 13764, 6043, 7926, 0, 0, 33, 1761, 1990, 2826, 91, 0, 0, 17, 43, 128, 2, 24201, 16160, 19488, 1, 0, 0, 374
646,0x1253b0,7, 1054887,"  1018a4:	e0211003 	eor	r1, r1, r3
",benign, 291, 198, 2886, 2, 1792, 1084, 1, 527, 741, 0, 254, 24088, 538, 3, 93, 2720, 1163, 415, 3, 13993, 6480, 8296, 0, 0, 34, 1874, 2062, 2921, 91, 0, 0, 17, 22, 130, 2, 24875, 16705, 20127, 1, 0, 0, 316
647,0x122b44,26, 1059458,"  102a80:	e0823003 	add	r3, r2, r3
",benign, 286, 198, 2891, 2, 1793, 1085, 1, 528, 742, 0, 251, 24237, 539, 3, 92, 2585, 1230, 415, 3, 14099, 6477, 8285, 0, 0, 34, 1882, 2048, 2926, 93, 0, 0, 18, 33, 134, 2, 25247, 16491, 19728, 1, 0, 0, 316
648,0x1065cc,29, 1051917,"  100d0c:	e1813003 	orr	r3, r1, r3
",benign, 291, 199, 2890, 1, 1787, 1082, 1, 527, 741, 0, 261, 24521, 538, 3, 93, 2939, 1172, 415, 3, 14130, 6499, 8267, 0, 0, 34, 1883, 2057, 2924, 91, 0, 0, 17, 22, 132, 2, 24920, 16564, 19867, 1, 0, 0, 375
649,0x120794,28, 1062323,"  1035b0:	e24b3080 	sub	r3, fp, #128	; 0x80
",benign, 284, 199, 2871, 1, 1768, 1085, 1, 520, 725, 0, 245, 24086, 521, 3, 96, 2903, 1161, 398, 3, 14179, 6673, 8207, 0, 0, 33, 1847, 2025, 2908, 93, 0, 0, 17, 34, 129, 2, 24887, 16251, 19776, 1, 0, 0, 316
650,0x113668,17, 1057738,"  1023c8:	e0033000 	and	r3, r3, r0
",benign, 287, 197, 2881, 1, 1778, 1082, 1, 527, 741, 0, 256, 24506, 538, 3, 93, 2877, 1223, 415, 3, 14426, 6696, 8268, 0, 0, 34, 1884, 2046, 2925, 93, 0, 0, 17, 22, 132, 2, 24797, 16559, 19877, 1, 0, 0, 316
651,0x10b43c,15, 1062337,"  1035c0:	e1a03000 	mov	r3, r0
",benign, 285, 198, 2872, 2, 1779, 1083, 1, 521, 728, 0, 246, 24004, 524, 3, 94, 2869, 1510, 397, 3, 14111, 6426, 8202, 0, 0, 33, 1863, 2028, 2915, 94, 0, 0, 17, 33, 130, 2, 24669, 16224, 19506, 1, 0, 0, 316
652,0x12a440,13, 1056536,"  101f18:	e50b3020 	str	r3, [fp, #-32]	; 0xffffffe0
",benign, 293, 198, 2905, 2, 1802, 1087, 1, 527, 741, 0, 262, 24548, 538, 3, 93, 2990, 1388, 415, 3, 14138, 6479, 8286, 0, 0, 34, 1885, 2064, 2931, 93, 0, 0, 17, 22, 132, 2, 24945, 16385, 19659, 1, 0, 0, 316
653,0x115990,29, 1058705,"  102790:	e50b3020 	str	r3, [fp, #-32]	; 0xffffffe0
",benign, 287, 198, 2961, 1, 1839, 1100, 1, 528, 735, 0, 243, 24225, 531, 3, 90, 2619, 1192, 412, 3, 14203, 6367, 8389, 0, 0, 33, 1913, 2087, 2989, 92, 0, 0, 17, 34, 128, 2, 24945, 16441, 19723, 1, 0, 0, 372
654,0x118024,24, 1059735,"  102b94:	e51b1010 	ldr	r1, [fp, #-16]
",benign, 287, 199, 2934, 2, 1813, 1095, 1, 524, 728, 0, 245, 24286, 524, 3, 94, 2631, 1253, 415, 3, 14257, 6451, 8323, 0, 0, 33, 1900, 2060, 2963, 95, 0, 0, 18, 21, 134, 2, 24718, 16789, 20055, 1, 0, 0, 316
655,0x103334,25, 1058169,"  102578:	e51b3010 	ldr	r3, [fp, #-16]
",benign, 291, 197, 2916, 2, 1800, 1085, 1, 531, 747, 0, 246, 24229, 544, 3, 94, 3015, 1104, 398, 3, 14285, 6630, 8294, 0, 0, 34, 1902, 2061, 2938, 93, 0, 0, 17, 21, 130, 2, 24725, 16462, 19824, 1, 0, 0, 316
656,0x133694,6, 1057106,"  102150:	e0011003 	and	r1, r1, r3
",benign, 288, 197, 2873, 2, 1765, 1087, 1, 517, 721, 0, 239, 24025, 517, 3, 93, 2994, 1205, 473, 3, 14006, 6350, 8171, 0, 0, 33, 1842, 2033, 2908, 92, 0, 0, 17, 33, 128, 2, 24593, 16313, 19632, 1, 0, 0, 316
657,0x10eb28,21, 1057697,"  1023a0:	e50b300c 	str	r3, [fp, #-12]
",benign, 297, 198, 2880, 1, 1780, 1083, 1, 528, 742, 0, 253, 24185, 539, 3, 92, 2858, 1413, 415, 3, 14228, 6413, 8289, 0, 0, 34, 1882, 2038, 2916, 92, 0, 0, 17, 33, 130, 2, 24972, 16407, 19662, 1, 0, 0, 316
658,0x10dc28,1, 1057012,"  1020f4:	e51b309c 	ldr	r3, [fp, #-156]	; 0xffffff64
",benign, 290, 198, 2893, 2, 1794, 1082, 1, 528, 742, 0, 248, 24782, 539, 3, 92, 3143, 1202, 412, 3, 14190, 6536, 8285, 0, 0, 34, 1885, 2042, 2916, 91, 0, 0, 18, 22, 114, 2, 24759, 16715, 19985, 1, 0, 0, 316
659,0x13d5e0,18, 1050391,"  100714:	e50b3018 	str	r3, [fp, #-24]	; 0xffffffe8
",benign, 369, 198, 2883, 6, 1790, 1081, 1, 527, 741, 0, 255, 25225, 538, 3, 92, 3002, 1401, 408, 3, 15014, 7390, 8342, 0, 0, 34, 1879, 2058, 2932, 93, 0, 0, 17, 21, 125, 5, 25737, 17353, 20775, 3, 0, 0, 316
660,0x131444,28, 1054864,"  101890:	e50b300c 	str	r3, [fp, #-12]
",benign, 285, 197, 2864, 2, 1771, 1085, 1, 517, 721, 0, 260, 24266, 517, 3, 93, 3091, 1296, 415, 3, 13915, 6382, 8160, 0, 0, 33, 1854, 2027, 2917, 94, 0, 0, 17, 21, 128, 2, 24890, 16178, 19463, 1, 0, 0, 316
661,0x10c8ec,1, 1060871,"  103004:	e1a03ea3 	lsr	r3, r3, #29
",benign, 289, 198, 2880, 1, 1788, 1083, 1, 528, 742, 0, 248, 24038, 539, 3, 92, 2854, 1277, 411, 3, 14152, 6209, 8265, 0, 0, 34, 1942, 2111, 2912, 91, 0, 0, 17, 33, 128, 2, 24754, 16679, 19956, 1, 0, 0, 316
662,0x1268a4,22, 1054696,"  1017e8:	e0822003 	add	r2, r2, r3
",benign, 287, 197, 2901, 1, 1795, 1082, 1, 531, 747, 0, 257, 24272, 544, 3, 94, 3156, 1133, 395, 3, 14399, 6801, 8327, 0, 0, 34, 1897, 2058, 2932, 92, 0, 0, 17, 21, 130, 2, 24803, 16541, 19860, 1, 0, 0, 316
663,0x112148,25, 1057477,"  1022c4:	e0011003 	and	r1, r1, r3
",benign, 291, 198, 2891, 1, 1783, 1083, 1, 528, 742, 0, 249, 24250, 539, 3, 92, 3033, 1200, 411, 3, 14656, 6907, 8297, 0, 0, 34, 1880, 2052, 2913, 93, 0, 0, 17, 41, 128, 2, 24902, 16581, 20113, 1, 0, 0, 316
664,0x10042c,31, 1057751,"  1023d4:	e51b301c 	ldr	r3, [fp, #-28]	; 0xffffffe4
",benign, 285, 198, 2867, 1, 1764, 1082, 1, 521, 728, 0, 252, 23928, 524, 3, 95, 2803, 1190, 415, 3, 14396, 6407, 8215, 0, 0, 33, 1857, 2042, 2916, 95, 0, 0, 18, 34, 132, 2, 24866, 16233, 19491, 1, 0, 0, 316
665,0x12b6a0,13, 1060358,"  102e04:	e51b300c 	ldr	r3, [fp, #-12]
",benign, 288, 198, 2880, 1, 1787, 1083, 1, 527, 741, 0, 252, 24056, 538, 3, 92, 2953, 1421, 411, 3, 14247, 6653, 8261, 0, 0, 34, 1882, 2056, 2931, 92, 0, 0, 17, 22, 130, 2, 24930, 16415, 19749, 1, 0, 0, 316
666,0x136744,21, 1050841,"  1008d8:	e5c32000 	strb	r2, [r3]
",benign, 415, 258, 2886, 7, 1782, 1082, 1, 527, 741, 0, 249, 25056, 538, 3, 93, 3048, 1108, 418, 3, 15154, 7385, 8311, 0, 0, 34, 1878, 2089, 2920, 91, 0, 0, 17, 72, 131, 7, 25574, 17167, 20601, 4, 0, 0, 316
667,0x120c48,16, 1055529,"  101b28:	e51b3014 	ldr	r3, [fp, #-20]	; 0xffffffec
",benign, 290, 197, 2909, 2, 1797, 1081, 1, 531, 747, 0, 247, 24234, 544, 3, 93, 2903, 1413, 413, 3, 14129, 6311, 8337, 0, 0, 34, 1903, 2067, 2934, 93, 0, 0, 18, 73, 117, 2, 24841, 16541, 19799, 1, 0, 0, 316
668,0x10c228,18, 1051358,"  100adc:	e51b3018 	ldr	r3, [fp, #-24]	; 0xffffffe8
",benign, 288, 197, 2972, 2, 1852, 1108, 1, 528, 735, 0, 247, 24248, 531, 3, 90, 3014, 1206, 415, 3, 14283, 6447, 8379, 0, 0, 33, 1901, 2087, 2999, 93, 0, 0, 17, 33, 132, 2, 24905, 16516, 19942, 1, 0, 0, 316
669,0x1358e8,28, 1059656,"  102b48:	e51b3040 	ldr	r3, [fp, #-64]	; 0xffffffc0
",benign, 293, 197, 2890, 2, 1782, 1082, 1, 528, 742, 0, 251, 24329, 539, 3, 92, 3220, 1162, 397, 3, 14310, 6779, 8260, 0, 0, 34, 1879, 2043, 2924, 93, 0, 0, 17, 33, 128, 2, 24878, 16443, 19743, 1, 0, 0, 316
670,0x12b8a4,25, 1058925,"  10286c:	e51b3018 	ldr	r3, [fp, #-24]	; 0xffffffe8
",benign, 290, 198, 2892, 1, 1779, 1084, 1, 528, 742, 0, 252, 24423, 539, 3, 92, 3136, 1166, 415, 3, 14227, 6387, 8255, 0, 0, 34, 1883, 2048, 2923, 93, 0, 0, 18, 72, 114, 2, 24707, 16692, 20232, 1, 0, 0, 316
671,0x101afc,10, 1060091,"  102cf8:	e51b3030 	ldr	r3, [fp, #-48]	; 0xffffffd0
",benign, 285, 198, 2876, 2, 1770, 1086, 1, 519, 725, 0, 242, 24227, 521, 3, 94, 3003, 1202, 395, 3, 13921, 6315, 8165, 0, 0, 33, 1851, 2031, 2912, 93, 0, 0, 17, 33, 132, 2, 24755, 16376, 19683, 1, 0, 0, 316
672,0x1253d4,16, 1061481,"  103268:	3affffd9 	bcc	1031d4 <sha_stream+0x58>
",benign, 283, 198, 2883, 1, 1779, 1083, 1, 528, 742, 0, 250, 24398, 539, 3, 93, 2842, 1295, 415, 3, 14096, 6508, 8294, 0, 0, 34, 1891, 2036, 2931, 94, 0, 0, 17, 33, 128, 2, 24729, 16520, 19820, 1, 0, 0, 316
673,0x101848,7, 1054269,"  10163c:	e30e3ba1 	movw	r3, #60321	; 0xeba1
",benign, 285, 198, 2968, 2, 1841, 1100, 1, 528, 735, 0, 245, 24383, 531, 3, 90, 3269, 1168, 411, 3, 14072, 6255, 8388, 0, 0, 33, 1900, 2088, 2988, 91, 0, 0, 17, 37, 114, 2, 24925, 16520, 19797, 1, 0, 0, 316
674,0x11124c,31, 1050132,"  100614:	e0844005 	add	r4, r4, r5
",benign, 319, 197, 2897, 6, 1792, 1083, 1, 528, 742, 0, 250, 24407, 539, 3, 90, 3508, 1131, 404, 3, 14500, 6935, 8283, 0, 0, 34, 1879, 2088, 2923, 93, 0, 0, 17, 33, 121, 5, 24890, 16722, 20153, 3, 0, 0, 316
675,0x133188,23, 1053227,"  101228:	e1e00003 	mvn	r0, r3
",benign, 286, 197, 2967, 2, 1843, 1098, 1, 528, 735, 0, 243, 24102, 531, 3, 90, 2846, 1189, 415, 3, 14238, 6260, 8368, 0, 0, 33, 1915, 2089, 2987, 92, 0, 0, 18, 22, 114, 2, 24758, 16571, 19884, 1, 0, 0, 316
676,0x110724,2, 1057985,"  1024c0:	e0033000 	and	r3, r3, r0
",benign, 285, 197, 2869, 1, 1767, 1085, 1, 517, 721, 0, 250, 24299, 517, 3, 93, 3230, 1205, 415, 3, 14138, 6548, 8150, 0, 0, 33, 1843, 2030, 2915, 93, 0, 0, 17, 22, 115, 2, 24581, 16529, 19830, 1, 0, 0, 316
677,0x110c3c,22, 1057789,"  1023fc:	e51b3014 	ldr	r3, [fp, #-20]	; 0xffffffec
",benign, 282, 198, 2951, 2, 1832, 1100, 1, 528, 735, 0, 241, 24212, 531, 3, 90, 3085, 1184, 395, 3, 14129, 6288, 8420, 0, 0, 33, 1905, 2080, 2989, 93, 0, 0, 18, 21, 117, 2, 25014, 16606, 19903, 1, 0, 0, 316
678,0x101044,30, 1061723,"  103358:	e5933004 	ldr	r3, [r3, #4]
",benign, 287, 199, 2941, 2, 1812, 1092, 1, 524, 728, 0, 246, 24115, 524, 3, 94, 2959, 1212, 395, 3, 14274, 6315, 8308, 0, 0, 33, 1892, 2066, 2969, 95, 0, 0, 18, 33, 134, 2, 24843, 16533, 19857, 1, 0, 0, 316
679,0x11c878,18, 1058833,"  102810:	e51b3010 	ldr	r3, [fp, #-16]
",benign, 286, 198, 2876, 2, 1772, 1085, 1, 519, 725, 0, 245, 24113, 521, 3, 93, 3029, 1238, 411, 3, 14404, 6678, 8175, 0, 0, 33, 1848, 2032, 2915, 92, 0, 0, 18, 22, 130, 2, 24708, 16472, 19968, 1, 0, 0, 316
680,0x1091b0,25, 1051285,"  100a94:	e1a02de3 	ror	r2, r3, #27
",benign, 285, 197, 2877, 1, 1779, 1089, 1, 517, 721, 0, 243, 24049, 517, 3, 93, 3180, 1262, 395, 3, 14147, 6493, 8145, 0, 0, 33, 1838, 2030, 2904, 91, 0, 0, 17, 21, 128, 2, 24697, 16163, 19662, 1, 0, 0, 316
681,0x1143cc,25, 1061027,"  1030a0:	e5933018 	ldr	r3, [r3, #24]
",benign, 287, 199, 2880, 2, 1782, 1084, 1, 519, 725, 0, 247, 24114, 521, 3, 94, 2754, 1294, 413, 3, 14154, 6545, 8188, 0, 0, 33, 1846, 2021, 2923, 94, 0, 0, 18, 21, 114, 2, 24818, 16421, 19773, 1, 0, 0, 316
682,0x13b9e0,13, 1061277,"  10319c:	e2433004 	sub	r3, r3, #4
",benign, 285, 197, 2896, 1, 1785, 1083, 1, 528, 742, 0, 250, 24388, 539, 3, 92, 3095, 1110, 413, 3, 14125, 6464, 8284, 0, 0, 34, 1880, 2043, 2915, 91, 0, 0, 17, 21, 132, 2, 24868, 16544, 19881, 1, 0, 0, 316
683,0x10baa0,7, 1050514,"  100790:	e51b3008 	ldr	r3, [fp, #-8]
",benign, 371, 197, 2883, 5, 1778, 1081, 1, 528, 742, 0, 252, 25248, 539, 3, 91, 3026, 1145, 404, 3, 15350, 7939, 8345, 0, 0, 34, 1896, 2050, 2918, 91, 0, 0, 17, 22, 124, 7, 26139, 17394, 20858, 3, 0, 0, 374
684,0x139970,0, 1060912,"  103030:	e51b0008 	ldr	r0, [fp, #-8]
",benign, 285, 198, 2881, 1, 1778, 1083, 1, 528, 742, 0, 254, 24230, 539, 3, 92, 2863, 1178, 415, 3, 14039, 6434, 8271, 0, 0, 34, 1886, 2041, 2915, 91, 0, 0, 17, 22, 114, 2, 24588, 16445, 19688, 1, 0, 0, 316
685,0x1209f8,26, 1051948,"  100d2c:	e0823003 	add	r3, r2, r3
",benign, 291, 198, 2954, 2, 1831, 1100, 1, 528, 735, 0, 244, 24253, 531, 3, 90, 2824, 1210, 415, 3, 14038, 6349, 8402, 0, 0, 33, 1908, 2076, 2985, 91, 0, 0, 17, 22, 128, 2, 25107, 16447, 19747, 1, 0, 0, 316
686,0x134968,17, 1059548,"  102adc:	e51b3044 	ldr	r3, [fp, #-68]	; 0xffffffbc
",benign, 286, 197, 2957, 1, 1833, 1100, 1, 528, 735, 0, 245, 24364, 531, 3, 91, 3070, 1159, 415, 3, 14267, 6349, 8394, 0, 0, 33, 1901, 2088, 2987, 91, 0, 0, 18, 22, 116, 2, 24874, 16584, 19908, 1, 0, 0, 316
687,0x1047b4,28, 1050279,"  1006a4:	ea000004 	b	1006bc <strsearch+0xd8>
",benign, 285, 198, 2893, 2, 1774, 1087, 1, 519, 725, 0, 246, 24328, 521, 3, 93, 2871, 1478, 415, 3, 14212, 6547, 8207, 0, 0, 33, 1851, 2031, 2920, 93, 0, 0, 18, 34, 134, 2, 25229, 16674, 20061, 1, 0, 0, 316
688,0x139718,22, 1050817,"  1008c0:	e3530000 	cmp	r3, #0
",benign, 353, 198, 2878, 6, 1780, 1087, 1, 519, 725, 0, 240, 24904, 521, 3, 93, 3127, 1155, 400, 3, 14994, 7470, 8235, 0, 0, 33, 1834, 2046, 2906, 91, 0, 0, 18, 34, 139, 10, 25853, 17004, 20477, 4, 0, 0, 316
689,0x1085e4,7, 1051980,"  100d4c:	e50b3014 	str	r3, [fp, #-20]	; 0xffffffec
",benign, 284, 198, 2865, 1, 1764, 1082, 1, 521, 728, 0, 246, 23986, 524, 3, 94, 3039, 1206, 397, 3, 14102, 6140, 8214, 0, 0, 33, 1855, 2041, 2907, 91, 0, 0, 17, 22, 112, 2, 24411, 16161, 19420, 1, 0, 0, 316
690,0x130d14,20, 1054311,"  101664:	e50b3014 	str	r3, [fp, #-20]	; 0xffffffec
",benign, 284, 198, 2867, 2, 1766, 1080, 1, 521, 728, 0, 238, 23938, 524, 3, 94, 2830, 1269, 412, 3, 14222, 6619, 8211, 0, 0, 33, 1846, 2029, 2912, 93, 0, 0, 17, 33, 132, 2, 24863, 16438, 19843, 1, 0, 0, 316
691,0x1081e4,24, 1052639,"  100fdc:	e1813003 	orr	r3, r1, r3
",benign, 336, 243, 2869, 2, 1765, 1087, 1, 517, 721, 0, 251, 24131, 517, 3, 92, 2806, 1193, 415, 3, 13937, 6335, 8164, 0, 0, 33, 1846, 2022, 2915, 93, 0, 0, 18, 33, 132, 2, 24972, 16402, 19742, 1, 0, 0, 316
692,0x113d00,15, 1059500,"  102aac:	e51b3020 	ldr	r3, [fp, #-32]	; 0xffffffe0
",benign, 290, 198, 2882, 2, 1775, 1086, 1, 519, 725, 0, 243, 24269, 521, 3, 94, 2952, 1228, 411, 3, 14058, 6413, 8199, 0, 0, 33, 1852, 2036, 2917, 93, 0, 0, 17, 41, 115, 2, 24604, 16393, 19695, 1, 0, 0, 316
693,0x13132c,13, 1059082,"  102908:	e1a02de3 	ror	r2, r3, #27
",benign, 287, 198, 2879, 1, 1776, 1083, 1, 521, 728, 0, 259, 24140, 524, 3, 94, 2754, 1453, 411, 3, 14060, 6247, 8198, 0, 0, 33, 1861, 2037, 2907, 94, 0, 0, 17, 21, 115, 2, 24815, 16468, 19766, 1, 0, 0, 316
694,0x1252e8,10, 1051910,"  100d04:	e51b3018 	ldr	r3, [fp, #-24]	; 0xffffffe8
",benign, 289, 199, 2881, 1, 1773, 1083, 1, 519, 725, 0, 247, 24218, 521, 3, 93, 2868, 1284, 415, 3, 14229, 6614, 8184, 0, 0, 33, 1841, 2031, 2913, 91, 0, 0, 18, 42, 134, 2, 24750, 16574, 19879, 1, 0, 0, 316
695,0x10147c,6, 1061228,"  10316c:	ebfff5f4 	bl	100944 <sha_transform>
",benign, 287, 197, 2889, 2, 1780, 1082, 1, 528, 742, 0, 256, 24458, 539, 3, 91, 3079, 1203, 411, 3, 14151, 6361, 8306, 0, 0, 34, 1878, 2053, 2927, 93, 0, 0, 17, 22, 130, 2, 25197, 16523, 19860, 1, 0, 0, 316
696,0x11cbc4,23, 1052417,"  100f00:	e0822003 	add	r2, r2, r3
",benign, 288, 198, 2963, 1, 1837, 1099, 1, 528, 735, 0, 254, 24361, 531, 3, 90, 3053, 1171, 453, 3, 14130, 6437, 8386, 0, 0, 33, 1911, 2089, 2993, 91, 0, 0, 17, 33, 129, 2, 24710, 16599, 20100, 1, 0, 0, 316
697,0x134de8,15, 1052317,"  100e9c:	e51b3018 	ldr	r3, [fp, #-24]	; 0xffffffe8
",benign, 290, 198, 2881, 1, 1785, 1082, 1, 528, 742, 0, 250, 24568, 539, 3, 92, 3010, 1192, 395, 3, 14062, 6440, 8276, 0, 0, 34, 1887, 2041, 2921, 91, 0, 0, 17, 33, 132, 2, 24803, 16565, 19861, 1, 0, 0, 316
698,0x10f224,24, 1054936,"  1018d8:	e50b301c 	str	r3, [fp, #-28]	; 0xffffffe4
",benign, 287, 199, 2898, 2, 1786, 1085, 1, 522, 728, 0, 242, 24365, 524, 3, 92, 3004, 1233, 413, 3, 14281, 6628, 8226, 0, 0, 33, 1870, 2048, 2927, 91, 0, 0, 17, 22, 115, 2, 24956, 16620, 19975, 1, 0, 0, 316
699,0x109bdc,29, 1051215,"  100a4c:	e353004f 	cmp	r3, #79	; 0x4f
",benign, 287, 198, 2889, 2, 1778, 1086, 1, 519, 725, 0, 239, 24083, 521, 3, 94, 3010, 1218, 471, 3, 14085, 6412, 8169, 0, 0, 33, 1852, 2032, 2918, 93, 0, 0, 17, 45, 130, 2, 24660, 16619, 19911, 1, 0, 0, 316
700,0x10bfd4,26, 1056837,"  102044:	e1a02de3 	ror	r2, r3, #27
",benign, 293, 197, 2886, 1, 1791, 1081, 1, 527, 741, 0, 258, 24415, 538, 3, 93, 3188, 1214, 415, 3, 14078, 6412, 8291, 0, 0, 34, 1880, 2064, 2941, 93, 0, 0, 18, 22, 134, 2, 24647, 16582, 20088, 1, 0, 0, 316
701,0x108568,17, 1051017,"  100988:	e1a03103 	lsl	r3, r3, #2
",benign, 296, 199, 2884, 1, 1781, 1083, 1, 527, 741, 0, 258, 24176, 538, 3, 93, 2785, 1431, 415, 3, 13961, 6395, 8283, 0, 0, 34, 1879, 2055, 2929, 92, 0, 0, 17, 34, 132, 2, 24699, 16593, 19953, 1, 0, 0, 316
702,0x1179dc,1, 1057478,"  1022c4:	e0011003 	and	r1, r1, r3
",benign, 345, 254, 2904, 1, 1794, 1083, 1, 531, 747, 0, 251, 24290, 544, 3, 92, 2891, 1431, 471, 3, 14170, 6326, 8307, 0, 0, 34, 1898, 2068, 2935, 93, 0, 0, 18, 34, 131, 2, 25139, 16515, 19815, 1, 0, 0, 316
703,0x11be0c,19, 1059180,"  10296c:	e50b300c 	str	r3, [fp, #-12]
",benign, 286, 197, 2879, 2, 1768, 1087, 1, 519, 725, 0, 244, 24224, 521, 3, 92, 3031, 1222, 415, 3, 13998, 6351, 8191, 0, 0, 33, 1851, 2033, 2921, 93, 0, 0, 18, 22, 116, 2, 24684, 16466, 19824, 1, 0, 0, 316
704,0x135150,13, 1059224,"  102998:	e51b3050 	ldr	r3, [fp, #-80]	; 0xffffffb0
",benign, 283, 198, 2879, 2, 1765, 1085, 1, 517, 721, 0, 247, 24008, 517, 3, 94, 2929, 1099, 415, 3, 14142, 6582, 8171, 0, 0, 33, 1844, 2024, 2900, 91, 0, 0, 18, 22, 134, 2, 24656, 16431, 19921, 1, 0, 0, 316
705,0x1214c8,11, 1055032,"  101938:	e0823003 	add	r3, r2, r3
",benign, 288, 197, 2886, 1, 1779, 1084, 1, 528, 742, 0, 247, 24086, 539, 3, 92, 2925, 1201, 412, 3, 14266, 6641, 8287, 0, 0, 34, 1878, 2057, 2933, 95, 0, 0, 18, 21, 134, 2, 24766, 16684, 19952, 1, 0, 0, 316
706,0x129dcc,18, 1052089,"  100db8:	e50b3018 	str	r3, [fp, #-24]	; 0xffffffe8
",benign, 288, 198, 2963, 2, 1834, 1100, 1, 528, 735, 0, 248, 24302, 531, 3, 90, 2880, 1246, 415, 3, 14061, 6372, 8375, 0, 0, 33, 1915, 2087, 2997, 93, 0, 0, 17, 21, 132, 2, 24762, 16739, 20046, 1, 0, 0, 316
707,0x1126dc,24, 1060990,"  10307c:	e8bd8800 	pop	{fp, pc}
",benign, 284, 199, 2874, 2, 1777, 1085, 1, 520, 725, 0, 247, 24124, 521, 3, 95, 3030, 1143, 398, 3, 14053, 6596, 8192, 0, 0, 33, 1911, 2081, 2905, 94, 0, 0, 17, 34, 132, 2, 24592, 16470, 19745, 1, 0, 0, 316
708,0x108614,0, 1051869,"  100cdc:	e50b3010 	str	r3, [fp, #-16]
",benign, 287, 198, 2883, 2, 1779, 1083, 1, 528, 742, 0, 243, 24197, 539, 3, 92, 2934, 1171, 413, 3, 14334, 6731, 8269, 0, 0, 34, 1890, 2048, 2912, 91, 0, 0, 18, 34, 134, 2, 24683, 16409, 19702, 1, 0, 0, 316
709,0x104d74,18, 1055248,"  101a10:	e0823003 	add	r3, r2, r3
",benign, 285, 197, 2889, 2, 1792, 1083, 1, 528, 742, 0, 243, 24099, 539, 3, 92, 3132, 1182, 398, 3, 14138, 6344, 8248, 0, 0, 34, 1939, 2105, 2915, 91, 0, 0, 17, 21, 132, 2, 24675, 16662, 20097, 1, 0, 0, 316
710,0x13c140,11, 1053563,"  101378:	e51b300c 	ldr	r3, [fp, #-12]
",benign, 287, 199, 2869, 2, 1776, 1086, 1, 519, 725, 0, 244, 24225, 521, 3, 93, 2915, 1111, 411, 3, 14159, 6434, 8232, 0, 0, 33, 1845, 2023, 2913, 91, 0, 0, 17, 27, 114, 2, 24810, 16377, 19731, 1, 0, 0, 316
711,0x124d88,25, 1062457,"  103638:	e51b301c 	ldr	r3, [fp, #-28]	; 0xffffffe4
",benign, 291, 198, 2892, 2, 1782, 1083, 1, 528, 742, 0, 252, 24464, 539, 3, 92, 2616, 1385, 411, 3, 14099, 6507, 8298, 0, 0, 34, 1892, 2041, 2923, 93, 0, 0, 18, 22, 130, 2, 25058, 16509, 19823, 1, 0, 0, 316
712,0x10d898,16, 1054034,"  101550:	e0822003 	add	r2, r2, r3
",benign, 287, 198, 2807, 2, 1728, 1084, 1, 506, 703, 0, 226, 23649, 499, 3, 94, 3031, 1356, 474, 3, 13888, 6355, 7918, 0, 0, 33, 1755, 1978, 2834, 92, 0, 0, 18, 22, 132, 2, 24345, 16148, 19398, 1, 0, 0, 316
713,0x117eb0,16, 1055657,"  101ba8:	e51b301c 	ldr	r3, [fp, #-28]	; 0xffffffe4
",benign, 284, 198, 2877, 2, 1783, 1084, 1, 519, 725, 0, 242, 24072, 521, 3, 94, 2952, 1364, 415, 3, 14238, 6251, 8194, 0, 0, 33, 1848, 2018, 2908, 91, 0, 0, 17, 45, 112, 2, 24836, 16327, 19863, 1, 0, 0, 316
714,0x1335d4,5, 1060662,"  102f34:	e51b2008 	ldr	r2, [fp, #-8]
",benign, 287, 197, 2863, 1, 1776, 1083, 1, 521, 728, 0, 244, 24208, 524, 3, 95, 2970, 1271, 415, 3, 14016, 6297, 8209, 0, 0, 33, 1862, 2030, 2914, 94, 0, 0, 17, 22, 112, 2, 24827, 16315, 19595, 1, 0, 0, 316
715,0x126ca8,11, 1052641,"  100fe0:	e0822003 	add	r2, r2, r3
",benign, 289, 198, 2897, 2, 1786, 1083, 1, 528, 742, 0, 260, 24259, 539, 3, 92, 2964, 1301, 454, 3, 14125, 6640, 8266, 0, 0, 34, 1888, 2041, 2913, 91, 0, 0, 17, 21, 129, 2, 24969, 16494, 19930, 1, 0, 0, 316
716,0x1022a0,13, 1060988,"  10307c:	e8bd8800 	pop	{fp, pc}
",benign, 285, 198, 2875, 2, 1763, 1086, 1, 517, 721, 0, 246, 23994, 517, 3, 94, 2819, 1083, 398, 3, 13958, 6423, 8150, 0, 0, 33, 1852, 2014, 2906, 93, 0, 0, 18, 52, 132, 2, 24776, 16430, 19721, 1, 0, 0, 316
717,0x122bb8,18, 1059534,"  102acc:	e0233001 	eor	r3, r3, r1
",benign, 288, 198, 2960, 2, 1835, 1100, 1, 528, 735, 0, 243, 24359, 531, 3, 90, 2877, 1201, 395, 3, 14137, 6205, 8378, 0, 0, 33, 1913, 2083, 2987, 91, 0, 0, 18, 21, 117, 2, 24943, 16544, 20019, 1, 0, 0, 316
718,0x12af80,20, 1061711,"  10334c:	e1530002 	cmp	r3, r2
",benign, 284, 197, 2795, 2, 1718, 1085, 1, 506, 703, 0, 229, 23566, 499, 3, 93, 2900, 1125, 552, 3, 14224, 6476, 7937, 0, 0, 33, 1755, 1989, 2831, 92, 0, 0, 17, 53, 132, 2, 24537, 16190, 19751, 1, 0, 0, 316
719,0x12b264,0, 1050153,"  100628:	e0833004 	add	r3, r3, r4
",benign, 376, 197, 2892, 4, 1792, 1085, 1, 528, 742, 0, 251, 25118, 539, 3, 90, 3561, 1097, 406, 3, 15206, 7620, 8365, 0, 0, 34, 1883, 2079, 2920, 92, 0, 0, 18, 42, 114, 6, 25564, 17155, 20783, 3, 0, 0, 316
720,0x122c70,18, 1053062,"  101184:	e50b3014 	str	r3, [fp, #-20]	; 0xffffffec
",benign, 286, 197, 2881, 1, 1789, 1084, 1, 528, 742, 0, 248, 24102, 539, 3, 91, 2853, 1098, 415, 3, 14108, 6545, 8258, 0, 0, 34, 1884, 2037, 2911, 91, 0, 0, 17, 21, 115, 2, 24739, 16409, 19769, 1, 0, 0, 316
721,0x12472c,26, 1051019,"  100988:	e1a03103 	lsl	r3, r3, #2
",benign, 290, 197, 2844, 2, 1748, 1079, 1, 521, 727, 0, 260, 24454, 524, 3, 92, 2887, 1216, 415, 3, 14373, 6620, 8166, 0, 0, 34, 1894, 2078, 2890, 91, 0, 0, 17, 21, 115, 2, 24958, 16583, 19851, 1, 0, 0, 316
722,0x1354c4,11, 1050200,"  100658:	e5930000 	ldr	r0, [r3]
",benign, 287, 197, 2876, 2, 1771, 1083, 1, 519, 725, 0, 242, 24248, 521, 3, 93, 3081, 1115, 398, 3, 14093, 6390, 8139, 0, 0, 33, 1863, 2035, 2919, 95, 0, 0, 17, 33, 112, 2, 24818, 16470, 19710, 1, 0, 0, 316
723,0x12debc,3, 1057428,"  102294:	e1a03163 	ror	r3, r3, #2
",benign, 288, 197, 2867, 1, 1771, 1085, 1, 517, 721, 0, 242, 23920, 517, 3, 93, 2861, 1206, 415, 3, 14029, 6416, 8175, 0, 0, 33, 1844, 2025, 2915, 93, 0, 0, 17, 22, 114, 2, 24477, 16336, 19685, 1, 0, 0, 316
724,0x105ff0,27, 1058481,"  1026b0:	e34c3a62 	movt	r3, #51810	; 0xca62
",benign, 289, 198, 2887, 2, 1781, 1082, 1, 527, 741, 0, 251, 24177, 538, 3, 93, 3064, 1201, 411, 3, 14362, 6552, 8271, 0, 0, 34, 1886, 2062, 2929, 93, 0, 0, 17, 41, 307, 2, 25329, 16552, 19891, 1, 0, 0, 316
725,0x10a070,9, 1054395,"  1016b8:	e51b3018 	ldr	r3, [fp, #-24]	; 0xffffffe8
",benign, 465, 374, 2870, 2, 1764, 1087, 1, 517, 721, 0, 250, 24506, 517, 3, 93, 2873, 1355, 413, 3, 14118, 6467, 8168, 0, 0, 33, 1842, 2022, 2908, 91, 0, 0, 17, 34, 112, 2, 24584, 16224, 19734, 1, 0, 0, 316
726,0x1267d4,27, 1051919,"  100d0c:	e1813003 	orr	r3, r1, r3
",benign, 284, 197, 2958, 2, 1834, 1099, 1, 528, 735, 0, 243, 24134, 531, 3, 91, 3001, 1187, 411, 3, 14116, 6446, 8406, 0, 0, 33, 1909, 2088, 2996, 92, 0, 0, 17, 33, 132, 2, 24931, 16589, 19886, 1, 0, 0, 316
727,0x131ff0,7, 1059308,"  1029ec:	e0211003 	eor	r1, r1, r3
",benign, 291, 197, 2848, 1, 1749, 1080, 1, 521, 727, 0, 247, 23922, 524, 3, 92, 2980, 1133, 413, 3, 13986, 6639, 8140, 0, 0, 34, 1843, 2013, 2897, 93, 0, 0, 18, 33, 355, 2, 25011, 16433, 19821, 1, 0, 0, 316
728,0x137048,0, 1057934,"  10248c:	e51b300c 	ldr	r3, [fp, #-12]
",benign, 283, 197, 2880, 2, 1777, 1083, 1, 528, 742, 0, 248, 24386, 539, 3, 92, 3148, 1153, 395, 3, 14132, 6609, 8286, 0, 0, 34, 1885, 2044, 2923, 94, 0, 0, 18, 22, 134, 2, 24635, 16769, 20264, 1, 0, 0, 316
729,0x118ee4,7, 1062001,"  103470:	e8be000f 	ldm	lr!, {r0, r1, r2, r3}
",benign, 286, 198, 2875, 2, 1785, 1087, 1, 519, 725, 0, 242, 24317, 521, 3, 93, 3024, 1218, 395, 3, 14322, 6485, 8193, 0, 0, 33, 1860, 2035, 2920, 95, 0, 0, 17, 33, 112, 2, 24651, 16442, 19706, 1, 0, 0, 316
730,0x13ba90,30, 1056455,"  101ec4:	e51b3020 	ldr	r3, [fp, #-32]	; 0xffffffe0
",benign, 346, 256, 2867, 2, 1765, 1084, 1, 520, 725, 0, 246, 24300, 521, 3, 95, 3095, 1187, 415, 3, 14242, 6481, 8186, 0, 0, 33, 1851, 2027, 2913, 93, 0, 0, 17, 34, 130, 2, 24841, 16406, 19691, 1, 0, 0, 316
731,0x124078,11, 1051768,"  100c78:	e51b1010 	ldr	r1, [fp, #-16]
",benign, 288, 196, 2874, 1, 1767, 1087, 1, 517, 721, 0, 243, 23903, 517, 3, 93, 2850, 1174, 415, 3, 13934, 6334, 8207, 0, 0, 33, 1840, 2022, 2912, 93, 0, 0, 17, 22, 130, 2, 24667, 16381, 19666, 1, 0, 0, 316
732,0x1149cc,23, 1053932,"  1014ec:	e0822003 	add	r2, r2, r3
",benign, 286, 197, 2875, 2, 1766, 1087, 1, 517, 721, 0, 241, 24287, 517, 3, 93, 3182, 1165, 412, 3, 14166, 6504, 8156, 0, 0, 33, 1852, 2032, 2917, 93, 0, 0, 18, 22, 132, 2, 24519, 16380, 19923, 1, 0, 0, 316
733,0x115564,12, 1052251,"  100e58:	e51b1010 	ldr	r1, [fp, #-16]
",benign, 287, 198, 2968, 2, 1838, 1098, 1, 528, 735, 0, 250, 24314, 531, 3, 91, 3134, 1186, 397, 3, 14298, 6554, 8379, 0, 0, 33, 1918, 2080, 2999, 95, 0, 0, 18, 21, 130, 2, 24999, 16473, 19817, 1, 0, 0, 316
734,0x10ab18,18, 1058309,"  102604:	e50b3010 	str	r3, [fp, #-16]
",benign, 291, 196, 2895, 1, 1793, 1081, 1, 531, 747, 0, 248, 24395, 544, 3, 92, 2866, 1189, 413, 3, 13986, 6407, 8331, 0, 0, 34, 1892, 2062, 2928, 91, 0, 0, 18, 21, 117, 2, 24878, 16543, 19836, 1, 0, 0, 316
735,0x115568,3, 1051595,"  100bc8:	e50b3020 	str	r3, [fp, #-32]	; 0xffffffe0
",benign, 344, 256, 2877, 1, 1783, 1083, 1, 528, 742, 0, 247, 24504, 539, 3, 92, 3142, 1185, 398, 3, 14039, 6438, 8282, 0, 0, 34, 1877, 2046, 2917, 91, 0, 0, 18, 21, 114, 2, 24658, 16562, 19806, 1, 0, 0, 316
736,0x1056b0,4, 1050413,"  10072c:	ee193f1d 	mrc	15, 0, r3, cr9, cr13, {0}
",benign, 284, 198, 2872, 2, 1777, 1086, 1, 519, 725, 0, 242, 24222, 521, 3, 93, 3010, 1224, 415, 3, 14570, 6870, 8197, 0, 0, 33, 1853, 2027, 2915, 93, 0, 0, 18, 21, 134, 2, 24864, 16575, 19885, 1, 0, 0, 316
737,0x132658,16, 1053607,"  1013a4:	e51b301c 	ldr	r3, [fp, #-28]	; 0xffffffe4
",benign, 284, 198, 2879, 2, 1789, 1084, 1, 528, 742, 0, 245, 24257, 539, 3, 91, 3111, 1206, 411, 3, 14313, 6723, 8248, 0, 0, 34, 1890, 2045, 2916, 92, 0, 0, 18, 34, 117, 2, 24979, 16392, 19726, 1, 0, 0, 316
738,0x10aa10,23, 1058623,"  10273c:	e1a03163 	ror	r3, r3, #2
",benign, 292, 197, 2906, 2, 1806, 1089, 1, 527, 741, 0, 257, 24710, 538, 3, 93, 2633, 1428, 415, 3, 14579, 6750, 8286, 0, 0, 34, 1882, 2055, 2926, 91, 0, 0, 17, 21, 132, 2, 24831, 16399, 19669, 1, 0, 0, 316
739,0x131d48,31, 1051901,"  100cfc:	e51b3010 	ldr	r3, [fp, #-16]
",benign, 289, 196, 2867, 2, 1765, 1088, 1, 517, 721, 0, 246, 24052, 517, 3, 92, 2772, 1190, 415, 3, 14141, 6255, 8162, 0, 0, 33, 1834, 2018, 2913, 93, 0, 0, 17, 21, 115, 2, 24483, 16189, 19469, 1, 0, 0, 316
740,0x132e60,15, 1059084,"  10290c:	e51b1010 	ldr	r1, [fp, #-16]
",benign, 288, 197, 2903, 1, 1795, 1084, 1, 531, 747, 0, 251, 24588, 544, 3, 92, 2877, 1225, 415, 3, 14039, 6183, 8326, 0, 0, 34, 1893, 2059, 2932, 91, 0, 0, 18, 22, 117, 2, 24756, 16644, 19969, 1, 0, 0, 372
741,0x13b85c,6, 1056554,"  101f28:	e50b3018 	str	r3, [fp, #-24]	; 0xffffffe8
",benign, 284, 199, 2876, 2, 1768, 1082, 1, 520, 725, 0, 250, 24229, 521, 3, 94, 2611, 1443, 412, 3, 14043, 6237, 8181, 0, 0, 33, 1848, 2034, 2906, 91, 0, 0, 17, 22, 132, 2, 24822, 16543, 19856, 1, 0, 0, 316
742,0x11a7f8,16, 1057542,"  102304:	e51b3014 	ldr	r3, [fp, #-20]	; 0xffffffec
",benign, 291, 200, 2895, 2, 1781, 1087, 1, 524, 733, 0, 254, 24452, 530, 3, 93, 2844, 1678, 473, 3, 14453, 6543, 8239, 0, 0, 34, 1870, 2034, 2929, 91, 0, 0, 18, 33, 331, 2, 25263, 16645, 19928, 1, 0, 0, 316
743,0x12c900,22, 1053677,"  1013ec:	e50b300c 	str	r3, [fp, #-12]
",benign, 284, 198, 2880, 2, 1772, 1086, 1, 519, 725, 0, 245, 24332, 521, 3, 93, 2979, 1244, 411, 3, 13958, 6411, 8196, 0, 0, 33, 1853, 2039, 2923, 93, 0, 0, 17, 33, 129, 2, 24825, 16438, 19829, 1, 0, 0, 316
744,0x10b830,5, 1056406,"  101e94:	e3483f1b 	movt	r3, #36635	; 0x8f1b
",benign, 284, 196, 2874, 2, 1769, 1081, 1, 521, 728, 0, 246, 24080, 524, 3, 94, 2759, 1479, 413, 3, 13947, 6336, 8214, 0, 0, 33, 1851, 2040, 2902, 91, 0, 0, 17, 33, 129, 2, 24696, 16392, 19857, 1, 0, 0, 316
745,0x103678,25, 1052957,"  10111c:	e50b300c 	str	r3, [fp, #-12]
",benign, 288, 198, 2879, 2, 1773, 1081, 1, 519, 725, 0, 244, 24332, 521, 3, 93, 3038, 1257, 474, 3, 13875, 6208, 8183, 0, 0, 33, 1849, 2030, 2909, 91, 0, 0, 17, 94, 114, 2, 24648, 16541, 19842, 1, 0, 0, 316
746,0x137988,16, 1061427,"  103230:	e2433010 	sub	r3, r3, #16
",benign, 282, 199, 2882, 2, 1778, 1086, 1, 519, 725, 0, 243, 24258, 521, 3, 94, 3000, 1133, 395, 3, 14120, 6463, 8190, 0, 0, 33, 2111, 2308, 2921, 91, 0, 0, 17, 22, 130, 2, 25146, 16568, 19845, 1, 0, 0, 316
747,0x120dbc,11, 1051106,"  1009e0:	e2433004 	sub	r3, r3, #4
",benign, 292, 197, 2850, 2, 1747, 1080, 1, 521, 727, 0, 250, 24210, 524, 3, 92, 2851, 1188, 411, 3, 14075, 6404, 8169, 0, 0, 34, 1841, 2018, 2893, 93, 0, 0, 17, 34, 128, 2, 24628, 16464, 19797, 1, 0, 0, 316
748,0x104310,12, 1057353,"  102248:	e0011003 	and	r1, r1, r3
",benign, 346, 257, 2883, 1, 1766, 1086, 1, 517, 721, 0, 243, 23904, 517, 3, 93, 2865, 1206, 415, 3, 14047, 6275, 8174, 0, 0, 33, 1843, 2033, 2912, 93, 0, 0, 17, 21, 132, 2, 24556, 16329, 19642, 1, 0, 0, 316
749,0x10555c,12, 1056594,"  101f50:	e51b1014 	ldr	r1, [fp, #-20]	; 0xffffffec
",benign, 287, 198, 2866, 2, 1767, 1082, 1, 521, 726, 0, 242, 24419, 522, 3, 95, 2866, 1254, 415, 3, 13926, 6295, 8165, 0, 0, 33, 1852, 2030, 2910, 92, 0, 0, 17, 33, 112, 2, 24864, 16287, 19598, 1, 0, 0, 316
750,0x128e44,14, 1062162,"  103510:	e51b3008 	ldr	r3, [fp, #-8]
",benign, 292, 197, 2875, 2, 1768, 1087, 1, 521, 727, 0, 248, 24218, 524, 3, 92, 2899, 1368, 415, 3, 13931, 6440, 8152, 0, 0, 34, 1848, 2021, 2903, 93, 0, 0, 18, 21, 114, 2, 24677, 16366, 19674, 1, 0, 0, 316
751,0x1306e0,11, 1060771,"  102fa0:	e50b2010 	str	r2, [fp, #-16]
",benign, 288, 197, 2892, 2, 1780, 1083, 1, 527, 741, 0, 249, 24398, 538, 3, 92, 2762, 1391, 471, 3, 14216, 6501, 8278, 0, 0, 34, 1880, 2049, 2928, 92, 0, 0, 18, 21, 116, 2, 24992, 16498, 19780, 1, 0, 0, 316
752,0x1316b8,25, 1053781,"  101454:	e51b3020 	ldr	r3, [fp, #-32]	; 0xffffffe0
",benign, 289, 197, 2865, 2, 1761, 1087, 1, 517, 721, 0, 243, 24176, 517, 3, 93, 2938, 1207, 415, 3, 13920, 6411, 8160, 0, 0, 33, 1903, 2076, 2907, 93, 0, 0, 17, 21, 130, 2, 24962, 16377, 19684, 1, 0, 0, 375
753,0x139c80,1, 1056151,"  101d94:	e0822003 	add	r2, r2, r3
",benign, 285, 198, 2930, 2, 1807, 1094, 1, 524, 728, 0, 248, 24217, 524, 3, 94, 2823, 1500, 395, 3, 14330, 6427, 8296, 0, 0, 33, 1884, 2059, 2969, 94, 0, 0, 17, 34, 292, 2, 25295, 16777, 20126, 1, 0, 0, 316
754,0x10fa48,15, 1052583,"  100fa4:	e50b3014 	str	r3, [fp, #-20]	; 0xffffffec
",benign, 289, 198, 2895, 2, 1787, 1085, 1, 527, 741, 0, 251, 24430, 538, 3, 92, 2780, 1428, 415, 3, 14215, 6681, 8253, 0, 0, 34, 1945, 2116, 2929, 93, 0, 0, 17, 22, 115, 2, 24671, 16483, 19802, 1, 0, 0, 316
755,0x125c00,21, 1055187,"  1019d0:	e51b3020 	ldr	r3, [fp, #-32]	; 0xffffffe0
",benign, 285, 198, 2871, 1, 1775, 1083, 1, 521, 728, 0, 243, 24018, 524, 3, 94, 2856, 1150, 415, 3, 14224, 6327, 8179, 0, 0, 33, 1856, 2033, 2905, 94, 0, 0, 17, 43, 112, 2, 24489, 16327, 19705, 1, 0, 0, 372
756,0x11ef40,8, 1057631,"  10235c:	e0822003 	add	r2, r2, r3
",benign, 290, 198, 2897, 2, 1791, 1085, 1, 531, 747, 0, 245, 24298, 544, 3, 93, 3027, 1196, 415, 3, 14066, 6278, 8334, 0, 0, 34, 1886, 2059, 2933, 91, 0, 0, 17, 33, 128, 2, 24973, 16691, 20028, 1, 0, 0, 316
757,0x11c0a8,22, 1060140,"  102d2c:	e51b300c 	ldr	r3, [fp, #-12]
",benign, 286, 198, 2871, 2, 1771, 1081, 1, 522, 734, 0, 238, 24068, 531, 3, 92, 2872, 1207, 411, 3, 14213, 6579, 8212, 0, 0, 34, 1845, 2058, 2903, 92, 0, 0, 17, 21, 132, 2, 25137, 16405, 19721, 1, 0, 0, 316
758,0x124760,3, 1051027,"  100990:	e083300b 	add	r3, r3, fp
",benign, 290, 200, 2890, 2, 1791, 1087, 1, 524, 733, 0, 251, 24498, 530, 3, 93, 2816, 1410, 415, 3, 14179, 6563, 8232, 0, 0, 34, 1884, 2031, 2931, 92, 0, 0, 17, 21, 112, 2, 24941, 16649, 19960, 1, 0, 0, 316
759,0x11bb40,29, 1052001,"  100d60:	e51b300c 	ldr	r3, [fp, #-12]
",benign, 286, 198, 2883, 1, 1784, 1083, 1, 527, 741, 0, 246, 24404, 538, 3, 92, 2615, 1425, 415, 3, 14271, 6418, 8271, 0, 0, 34, 1879, 2055, 2932, 91, 0, 0, 17, 33, 128, 2, 25127, 16470, 19819, 1, 0, 0, 316
760,0x10c7f8,24, 1062399,"  1035fc:	1a00000d 	bne	103638 <set_key+0x68>
",benign, 290, 198, 2884, 2, 1777, 1082, 1, 528, 742, 0, 251, 24306, 539, 3, 92, 3200, 1392, 413, 3, 14199, 6569, 8267, 0, 0, 34, 1887, 2056, 2918, 91, 0, 0, 17, 21, 132, 2, 24893, 16450, 19778, 1, 0, 0, 316
761,0x11b314,21, 1051710,"  100c3c:	e0823003 	add	r3, r2, r3
",benign, 289, 197, 2891, 2, 1784, 1083, 1, 527, 741, 0, 250, 24529, 538, 3, 92, 2906, 1177, 411, 3, 14083, 6564, 8277, 0, 0, 34, 1880, 2057, 2936, 91, 0, 0, 18, 41, 134, 2, 25001, 16660, 19985, 1, 0, 0, 316
762,0x101c44,0, 1050386,"  100710:	e3a03181 	mov	r3, #1073741856	; 0x40000020
",benign, 377, 199, 2871, 6, 1767, 1081, 1, 520, 725, 0, 245, 25163, 521, 3, 94, 3251, 1134, 406, 3, 15168, 7588, 8260, 0, 0, 33, 1850, 2032, 2906, 91, 0, 0, 18, 21, 127, 7, 25795, 17309, 20930, 3, 0, 0, 316
763,0x11e08c,27, 1058257,"  1025d0:	e0822003 	add	r2, r2, r3
",benign, 283, 199, 2865, 2, 1765, 1084, 1, 520, 725, 0, 251, 23961, 521, 3, 95, 2976, 1191, 411, 3, 14300, 6658, 8186, 0, 0, 33, 1854, 2036, 2912, 93, 0, 0, 18, 33, 130, 2, 24918, 16416, 19674, 1, 0, 0, 316
764,0x1167f0,21, 1055364,"  101a84:	e51b3018 	ldr	r3, [fp, #-24]	; 0xffffffe8
",benign, 288, 198, 2876, 2, 1780, 1084, 1, 520, 725, 0, 243, 23815, 521, 3, 95, 2887, 1151, 395, 3, 14163, 6602, 8190, 0, 0, 33, 1841, 2033, 2907, 91, 0, 0, 18, 34, 132, 2, 24967, 16608, 20053, 1, 0, 0, 316
765,0x115b84,0, 1060655,"  102f2c:	e34e3fcd 	movt	r3, #61389	; 0xefcd
",benign, 289, 197, 2882, 2, 1780, 1082, 1, 527, 741, 0, 255, 24238, 538, 3, 93, 2769, 1236, 415, 3, 14139, 6474, 8285, 0, 0, 34, 1883, 2049, 2927, 93, 0, 0, 17, 21, 132, 2, 24754, 16340, 19746, 1, 0, 0, 316
766,0x1190e0,16, 1055543,"  101b34:	e0233001 	eor	r3, r3, r1
",benign, 290, 197, 2868, 2, 1773, 1086, 1, 517, 721, 0, 248, 24209, 517, 3, 93, 3021, 1184, 415, 3, 14035, 6229, 8163, 0, 0, 33, 1849, 2037, 2911, 94, 0, 0, 17, 22, 128, 2, 24795, 16208, 19592, 1, 0, 0, 316
767,0x10f670,8, 1056546,"  101f20:	e50b301c 	str	r3, [fp, #-28]	; 0xffffffe4
",benign, 284, 199, 2958, 1, 1834, 1100, 1, 528, 735, 0, 250, 24224, 531, 3, 90, 2806, 1146, 398, 3, 14035, 6343, 8405, 0, 0, 33, 1968, 2148, 2992, 93, 0, 0, 18, 22, 93, 2, 24983, 16701, 20109, 1, 0, 0, 316
768,0x11b5c4,30, 1052216,"  100e38:	e1a03163 	ror	r3, r3, #2
",benign, 293, 198, 2739, 1, 1679, 1068, 1, 506, 709, 0, 229, 21749, 506, 3, 93, 2538, 1410, 413, 3, 12218, 6443, 7875, 0, 0, 34, 1752, 1993, 2794, 92, 0, 0, 17, 73, 132, 2, 22503, 14228, 17631, 1, 0, 0, 316
769,0x13bd48,11, 1051166,"  100a1c:	e083300b 	add	r3, r3, fp
",benign, 284, 198, 2863, 2, 1775, 1084, 1, 519, 726, 0, 231, 23992, 522, 3, 95, 2880, 1270, 415, 3, 14043, 6248, 8159, 0, 0, 33, 1827, 2051, 2898, 92, 0, 0, 17, 37, 132, 2, 24623, 16289, 19790, 1, 0, 0, 372
770,0x125b28,26, 1059674,"  102b58:	e0823003 	add	r3, r2, r3
",benign, 281, 199, 2867, 2, 1768, 1084, 1, 519, 726, 0, 232, 23990, 522, 3, 94, 2869, 1267, 471, 3, 14062, 6137, 8171, 0, 0, 33, 1831, 2051, 2901, 92, 0, 0, 17, 22, 129, 2, 24787, 16158, 19401, 1, 0, 0, 316
771,0x12a2b0,28, 1058120,"  102548:	e51b301c 	ldr	r3, [fp, #-28]	; 0xffffffe4
",benign, 293, 197, 2890, 1, 1789, 1081, 1, 531, 747, 0, 245, 24128, 544, 3, 92, 2804, 1219, 415, 3, 14134, 6528, 8319, 0, 0, 34, 1897, 2067, 2937, 93, 0, 0, 17, 21, 112, 2, 24935, 16704, 20001, 1, 0, 0, 316
772,0x113134,12, 1051359,"  100adc:	e51b3018 	ldr	r3, [fp, #-24]	; 0xffffffe8
",benign, 284, 198, 2728, 2, 1692, 1076, 1, 506, 709, 0, 239, 21876, 506, 3, 93, 2688, 1226, 413, 3, 11848, 6280, 7884, 0, 0, 34, 1771, 1979, 2794, 93, 0, 0, 17, 22, 115, 2, 22428, 14081, 17363, 1, 0, 0, 316
773,0x120214,14, 1050176,"  100640:	e3550000 	cmp	r5, #0
",benign, 316, 198, 2867, 5, 1763, 1083, 1, 522, 727, 0, 237, 24550, 523, 3, 93, 3319, 1318, 398, 3, 14686, 6911, 8187, 0, 0, 33, 1889, 2135, 2892, 91, 0, 0, 17, 71, 123, 3, 25011, 16563, 20139, 3, 0, 0, 316
774,0x120354,4, 1050754,"  100880:	e0823003 	add	r3, r2, r3
",benign, 358, 198, 2875, 6, 1779, 1083, 1, 521, 728, 0, 242, 24892, 524, 3, 94, 3048, 1263, 416, 3, 15044, 7534, 8283, 0, 0, 33, 1848, 2063, 2903, 92, 0, 0, 17, 22, 137, 14, 25629, 17239, 20652, 4, 0, 0, 316
775,0x126f08,29, 1054280,"  101648:	e50b3020 	str	r3, [fp, #-32]	; 0xffffffe0
",benign, 287, 196, 2901, 1, 1795, 1084, 1, 531, 747, 0, 259, 24323, 544, 3, 94, 3078, 1250, 415, 3, 14360, 6716, 8315, 0, 0, 34, 1908, 2069, 2935, 91, 0, 0, 17, 22, 132, 2, 24808, 16472, 19785, 1, 0, 0, 316
776,0x13a4e8,12, 1061534,"  10329c:	e24dd01c 	sub	sp, sp, #28
",benign, 286, 199, 2890, 2, 1791, 1091, 1, 522, 728, 0, 243, 24034, 524, 3, 92, 2877, 1413, 411, 3, 14168, 6469, 8243, 0, 0, 33, 1871, 2047, 2931, 93, 0, 0, 18, 42, 116, 2, 24549, 16531, 19862, 1, 0, 0, 316
777,0x10d6a0,13, 1051388,"  100afc:	e50b3010 	str	r3, [fp, #-16]
",benign, 290, 199, 2892, 2, 1787, 1081, 1, 527, 741, 0, 255, 24294, 538, 3, 93, 2914, 1223, 411, 3, 14269, 6622, 8270, 0, 0, 34, 1887, 2070, 2935, 95, 0, 0, 17, 21, 132, 2, 24917, 16620, 20088, 1, 0, 0, 316
778,0x1362d8,2, 1056911,"  10208c:	e50b3020 	str	r3, [fp, #-32]	; 0xffffffe0
",benign, 290, 199, 2912, 2, 1803, 1093, 1, 522, 728, 0, 243, 24162, 524, 3, 92, 3220, 1212, 415, 3, 14182, 6540, 8241, 0, 0, 33, 1863, 2056, 2928, 93, 0, 0, 17, 21, 132, 2, 24930, 16513, 19794, 1, 0, 0, 316
779,0x12f158,17, 1059274,"  1029c8:	e50b3014 	str	r3, [fp, #-20]	; 0xffffffec
",benign, 288, 198, 2879, 2, 1777, 1083, 1, 528, 742, 0, 249, 24405, 539, 3, 91, 2885, 1386, 415, 3, 14439, 6859, 8285, 0, 0, 34, 1879, 2059, 2913, 91, 0, 0, 18, 21, 116, 2, 24823, 16566, 19871, 1, 0, 0, 316
780,0x13690c,16, 1051130,"  1009f8:	e1a03103 	lsl	r3, r3, #2
",benign, 290, 198, 2879, 2, 1784, 1083, 1, 522, 734, 0, 239, 24358, 531, 3, 92, 2806, 1294, 415, 3, 14180, 6533, 8200, 0, 0, 34, 1829, 2053, 2900, 91, 0, 0, 17, 21, 132, 2, 24805, 16490, 20028, 1, 0, 0, 316
781,0x114318,11, 1059074,"  102900:	e50b300c 	str	r3, [fp, #-12]
",benign, 289, 197, 2883, 2, 1780, 1083, 1, 527, 741, 0, 251, 24110, 538, 3, 93, 2673, 1396, 412, 3, 14208, 6556, 8293, 0, 0, 34, 1888, 2065, 2938, 95, 0, 0, 18, 21, 134, 2, 24834, 16374, 19648, 1, 0, 0, 316
782,0x115668,16, 1054624,"  1017a0:	e51b3010 	ldr	r3, [fp, #-16]
",benign, 288, 198, 2731, 1, 1688, 1074, 1, 506, 709, 0, 242, 22131, 506, 3, 93, 3091, 1194, 395, 3, 12175, 6717, 7881, 0, 0, 34, 1768, 1982, 2786, 91, 0, 0, 17, 21, 132, 2, 22521, 14266, 17762, 1, 0, 0, 316
783,0x11d688,27, 1062289,"  103590:	e51b2018 	ldr	r2, [fp, #-24]	; 0xffffffe8
",benign, 286, 198, 2883, 2, 1776, 1085, 1, 519, 725, 0, 248, 24407, 521, 3, 93, 3008, 1229, 474, 3, 14159, 6489, 8186, 0, 0, 33, 1915, 2081, 2909, 92, 0, 0, 18, 21, 116, 2, 24761, 16601, 19872, 1, 0, 0, 316
784,0x130b34,26, 1060676,"  102f44:	e51b2008 	ldr	r2, [fp, #-8]
",benign, 287, 198, 2888, 1, 1782, 1083, 1, 528, 742, 0, 245, 24220, 539, 3, 92, 2838, 1384, 415, 3, 14018, 6465, 8275, 0, 0, 34, 1888, 2038, 2924, 92, 0, 0, 17, 21, 130, 2, 24857, 16553, 19899, 1, 0, 0, 316
785,0x114e7c,8, 1049926,"  100544:	e7831102 	str	r1, [r3, r2, lsl #2]
",benign, 449, 254, 2848, 6, 1749, 1082, 1, 521, 727, 0, 245, 25109, 524, 3, 90, 3593, 1031, 407, 3, 15049, 7483, 8213, 0, 0, 34, 1905, 2112, 2896, 92, 0, 0, 17, 21, 121, 6, 25671, 17298, 20815, 3, 0, 0, 372
786,0x110d3c,15, 1056681,"  101fa8:	e51b3010 	ldr	r3, [fp, #-16]
",benign, 288, 197, 2893, 1, 1790, 1083, 1, 531, 747, 0, 256, 24568, 544, 3, 93, 2956, 1410, 397, 3, 14380, 6519, 8311, 0, 0, 34, 1893, 2064, 2939, 93, 0, 0, 17, 22, 132, 2, 24826, 16353, 19620, 1, 0, 0, 316
787,0x10a388,11, 1060953,"  103058:	caffffee 	bgt	103018 <sha_update+0x8c>
",benign, 348, 253, 2862, 1, 1766, 1081, 1, 521, 727, 0, 262, 24163, 524, 3, 92, 3012, 1097, 395, 3, 14236, 6481, 8134, 0, 0, 34, 1840, 2012, 2881, 91, 0, 0, 17, 34, 132, 2, 24724, 16404, 19680, 1, 0, 0, 316
788,0x11aa1c,5, 1056317,"  101e3c:	e50b3014 	str	r3, [fp, #-20]	; 0xffffffec
",benign, 285, 196, 2900, 2, 1791, 1082, 1, 531, 747, 0, 247, 24262, 544, 3, 92, 2918, 1185, 415, 3, 14102, 6478, 8316, 0, 0, 34, 1897, 2067, 2934, 92, 0, 0, 18, 53, 132, 2, 24697, 16439, 19971, 1, 0, 0, 316
789,0x121d98,16, 1061455,"  10324c:	e51b2008 	ldr	r2, [fp, #-8]
",benign, 287, 198, 2968, 1, 1837, 1100, 1, 528, 735, 0, 262, 24285, 531, 3, 90, 2645, 1418, 411, 3, 14239, 6489, 8400, 0, 0, 33, 1909, 2090, 2997, 93, 0, 0, 17, 34, 128, 2, 24927, 16667, 19950, 1, 0, 0, 316
790,0x11c17c,23, 1054723,"  101800:	e50b301c 	str	r3, [fp, #-28]	; 0xffffffe4
",benign, 344, 256, 2873, 2, 1768, 1087, 1, 517, 721, 0, 245, 24090, 517, 3, 93, 3081, 1219, 398, 3, 14073, 6445, 8176, 0, 0, 33, 1844, 2037, 2912, 95, 0, 0, 17, 33, 132, 2, 24608, 16309, 19616, 1, 0, 0, 316
791,0x1054e0,24, 1060073,"  102ce8:	e0233001 	eor	r3, r3, r1
",benign, 290, 199, 2896, 2, 1785, 1086, 1, 522, 728, 0, 241, 24059, 524, 3, 93, 2735, 1263, 411, 3, 14194, 6664, 8242, 0, 0, 33, 1860, 2055, 2927, 93, 0, 0, 17, 33, 128, 2, 25007, 16458, 19711, 1, 0, 0, 316
792,0x1211c8,5, 1057394,"  102270:	e30b3cdc 	movw	r3, #48348	; 0xbcdc
",benign, 346, 255, 2851, 1, 1751, 1081, 1, 521, 727, 0, 255, 24223, 524, 3, 92, 2968, 1402, 398, 3, 14216, 6476, 8152, 0, 0, 34, 1826, 2015, 2893, 91, 0, 0, 18, 34, 114, 2, 24616, 16460, 19750, 1, 0, 0, 375
793,0x119cb0,30, 1055803,"  101c38:	e50b301c 	str	r3, [fp, #-28]	; 0xffffffe4
",benign, 291, 196, 2893, 2, 1792, 1084, 1, 531, 747, 0, 248, 24131, 544, 3, 94, 2861, 1238, 411, 3, 14117, 6477, 8325, 0, 0, 34, 1895, 2050, 2937, 93, 0, 0, 17, 41, 132, 2, 24743, 16596, 19879, 1, 0, 0, 316
794,0x101428,18, 1056999,"  1020e4:	e1813003 	orr	r3, r1, r3
",benign, 291, 198, 2870, 2, 1773, 1088, 1, 522, 734, 0, 238, 24145, 531, 3, 92, 2615, 1385, 413, 3, 14475, 6842, 8226, 0, 0, 34, 1850, 2052, 2904, 92, 0, 0, 17, 33, 128, 2, 25060, 16930, 20190, 1, 0, 0, 316
795,0x109bf8,11, 1055156,"  1019b4:	e51b3014 	ldr	r3, [fp, #-20]	; 0xffffffec
",benign, 291, 198, 2867, 2, 1776, 1082, 1, 522, 727, 0, 253, 24049, 523, 3, 95, 3105, 1082, 415, 3, 14230, 6460, 8197, 0, 0, 33, 1844, 2024, 2899, 91, 0, 0, 18, 42, 134, 2, 24672, 16279, 19743, 1, 0, 0, 316
796,0x12c510,17, 1055713,"  101be0:	e50b3014 	str	r3, [fp, #-20]	; 0xffffffec
",benign, 292, 198, 2866, 2, 1766, 1083, 1, 522, 734, 0, 235, 24056, 531, 3, 92, 2707, 1304, 472, 3, 14148, 6406, 8201, 0, 0, 34, 1849, 2064, 2905, 92, 0, 0, 17, 21, 128, 2, 25180, 16511, 19983, 1, 0, 0, 316
797,0x10d564,22, 1061332,"  1031d4:	e51b200c 	ldr	r2, [fp, #-12]
",benign, 344, 256, 2887, 2, 1783, 1089, 1, 519, 725, 0, 243, 24129, 521, 3, 93, 3129, 1235, 395, 3, 14250, 6171, 8206, 0, 0, 33, 1863, 2030, 2922, 93, 0, 0, 17, 22, 128, 2, 24773, 16419, 19659, 1, 0, 0, 316
798,0x13dbf8,23, 1057330,"  102230:	e51b300c 	ldr	r3, [fp, #-12]
",benign, 286, 197, 2881, 2, 1774, 1083, 1, 519, 725, 0, 246, 24137, 521, 3, 94, 2896, 1235, 411, 3, 14356, 6395, 8179, 0, 0, 33, 1857, 2029, 2916, 91, 0, 0, 17, 22, 129, 2, 24914, 16433, 19689, 1, 0, 0, 316
799,0x104d28,13, 1061265,"  103190:	e2433004 	sub	r3, r3, #4
",benign, 285, 199, 2900, 2, 1785, 1087, 1, 522, 728, 0, 251, 24324, 524, 3, 92, 2725, 1460, 411, 3, 14037, 6499, 8257, 0, 0, 33, 1880, 2038, 2934, 93, 0, 0, 18, 34, 134, 2, 24887, 16376, 19681, 1, 0, 0, 316
800,0x12ad54,29, 1050862,"  1008ec:	e50b0028 	str	r0, [fp, #-40]	; 0xffffffd8
",benign, 357, 198, 2868, 7, 1779, 1082, 1, 522, 734, 0, 236, 25033, 531, 3, 92, 3211, 1153, 417, 3, 15009, 7439, 8273, 0, 0, 34, 1857, 2049, 2905, 92, 0, 0, 18, 21, 136, 4, 25737, 17212, 20610, 3, 0, 0, 316
801,0x10f448,13, 1053830,"  101484:	e51b310c 	ldr	r3, [fp, #-268]	; 0xfffffef4
",benign, 286, 199, 2883, 2, 1775, 1087, 1, 519, 725, 0, 243, 23984, 521, 3, 93, 2885, 1275, 411, 3, 14120, 6506, 8184, 0, 0, 33, 1865, 2030, 2920, 91, 0, 0, 17, 42, 112, 2, 25047, 16453, 20003, 1, 0, 0, 316
802,0x1330a0,24, 1054254,"  10162c:	e51b301c 	ldr	r3, [fp, #-28]	; 0xffffffe4
",benign, 287, 199, 2889, 2, 1784, 1091, 1, 522, 728, 0, 239, 24100, 524, 3, 92, 3010, 1215, 415, 3, 14181, 6606, 8261, 0, 0, 33, 1873, 2051, 2930, 93, 0, 0, 17, 22, 128, 2, 24956, 16535, 19884, 1, 0, 0, 316
803,0x112354,17, 1062362,"  1035d8:	e24dd024 	sub	sp, sp, #36	; 0x24
",benign, 287, 199, 2896, 2, 1785, 1088, 1, 522, 728, 0, 251, 24035, 524, 3, 92, 3150, 1117, 398, 3, 14098, 6378, 8253, 0, 0, 33, 1871, 2059, 2932, 93, 0, 0, 17, 34, 132, 2, 24809, 16519, 19843, 1, 0, 0, 316
804,0x11fe58,27, 1052804,"  101084:	e51b3014 	ldr	r3, [fp, #-20]	; 0xffffffec
",benign, 282, 198, 2873, 1, 1787, 1088, 1, 521, 728, 0, 245, 24070, 524, 3, 94, 2946, 1227, 395, 3, 14024, 6359, 8204, 0, 0, 33, 1854, 2026, 2916, 96, 0, 0, 17, 34, 132, 2, 24589, 16541, 20025, 1, 0, 0, 316
805,0x108638,22, 1053320,"  101288:	e51b300c 	ldr	r3, [fp, #-12]
",benign, 291, 197, 2904, 2, 1799, 1083, 1, 531, 747, 0, 256, 24289, 544, 3, 93, 2966, 1093, 415, 3, 14153, 6519, 8319, 0, 0, 34, 1961, 2116, 2930, 92, 0, 0, 17, 22, 130, 2, 24736, 16652, 19974, 1, 0, 0, 316
806,0x10c2b4,18, 1050611,"  1007f0:	1a00001c 	bne	100868 <search_wrap+0x1a0>
",benign, 349, 198, 2865, 7, 1763, 1080, 1, 522, 734, 0, 243, 25071, 531, 3, 94, 3258, 1149, 418, 3, 14938, 7382, 8262, 0, 0, 34, 1850, 2055, 2908, 91, 0, 0, 18, 22, 120, 6, 25225, 17072, 20536, 4, 0, 0, 316
807,0x117380,29, 1060840,"  102fe8:	e1a03183 	lsl	r3, r3, #3
",benign, 290, 198, 2872, 1, 1775, 1082, 1, 528, 742, 0, 251, 24250, 539, 3, 91, 3096, 1154, 676, 3, 14193, 6559, 8289, 0, 0, 34, 1876, 2051, 2920, 91, 0, 0, 17, 22, 132, 2, 24633, 16284, 19605, 1, 0, 0, 316
808,0x13de24,15, 1054706,"  1017f0:	e3463ed9 	movt	r3, #28377	; 0x6ed9
",benign, 284, 198, 2893, 2, 1778, 1085, 1, 519, 725, 0, 251, 24374, 521, 3, 94, 2804, 1422, 395, 3, 14191, 6452, 8221, 0, 0, 33, 1847, 2028, 2906, 91, 0, 0, 17, 21, 132, 2, 24692, 16532, 19857, 1, 0, 0, 316
809,0x13087c,10, 1055342,"  101a6c:	e51b30d4 	ldr	r3, [fp, #-212]	; 0xffffff2c
",benign, 287, 198, 2867, 2, 1778, 1082, 1, 521, 728, 0, 253, 24354, 524, 3, 94, 2726, 1263, 395, 3, 14083, 6387, 8186, 0, 0, 33, 1855, 2027, 2915, 93, 0, 0, 17, 22, 132, 2, 24645, 16353, 19827, 1, 0, 0, 316
810,0x11b534,30, 1057827,"  102420:	e51b300c 	ldr	r3, [fp, #-12]
",benign, 343, 258, 2886, 1, 1788, 1088, 1, 522, 728, 0, 247, 24184, 524, 3, 92, 3026, 1461, 395, 3, 14226, 6341, 8211, 0, 0, 33, 1865, 2045, 2931, 93, 0, 0, 17, 39, 130, 2, 25061, 16175, 19442, 1, 0, 0, 316
811,0x11c6dc,29, 1060973,"  10306c:	e1a00003 	mov	r0, r3
",benign, 287, 198, 2881, 2, 1771, 1081, 1, 521, 728, 0, 245, 24082, 524, 3, 95, 2783, 1247, 395, 3, 13951, 6366, 8226, 0, 0, 33, 1853, 2033, 2908, 92, 0, 0, 17, 21, 112, 2, 24399, 16445, 19727, 1, 0, 0, 316
812,0x12f3a0,19, 1051402,"  100b08:	e51b300c 	ldr	r3, [fp, #-12]
",benign, 294, 196, 2889, 2, 1799, 1083, 1, 531, 747, 0, 247, 24326, 544, 3, 93, 2959, 1204, 395, 3, 14345, 6742, 8313, 0, 0, 34, 1890, 2052, 2938, 91, 0, 0, 18, 71, 116, 2, 24881, 16570, 19834, 1, 0, 0, 316
813,0x10bfe4,12, 1054189,"  1015ec:	e50b3018 	str	r3, [fp, #-24]	; 0xffffffe8
",benign, 289, 199, 2867, 2, 1764, 1084, 1, 520, 725, 0, 249, 24237, 521, 3, 95, 3051, 1184, 415, 3, 14378, 6691, 8200, 0, 0, 33, 1914, 2092, 2907, 92, 0, 0, 18, 22, 130, 2, 24808, 16585, 19892, 1, 0, 0, 316
814,0x112b80,3, 1057105,"  102150:	e0011003 	and	r1, r1, r3
",benign, 345, 257, 2903, 2, 1801, 1085, 1, 531, 747, 0, 252, 24465, 544, 3, 93, 2705, 1311, 415, 3, 14221, 6666, 8305, 0, 0, 34, 1963, 2118, 2934, 93, 0, 0, 17, 33, 350, 2, 25127, 16732, 19942, 1, 0, 0, 316
815,0x138db0,20, 1061722,"  103358:	e5933004 	ldr	r3, [r3, #4]
",benign, 288, 198, 2890, 2, 1795, 1089, 1, 519, 726, 0, 232, 23795, 522, 3, 94, 3197, 1231, 415, 3, 14269, 6457, 8192, 0, 0, 33, 1844, 2043, 2900, 92, 0, 0, 17, 33, 129, 2, 24990, 16263, 19710, 1, 0, 0, 316
816,0x105e6c,19, 1051444,"  100b34:	e51b301c 	ldr	r3, [fp, #-28]	; 0xffffffe4
",benign, 283, 198, 2880, 2, 1781, 1086, 1, 519, 725, 0, 239, 24122, 521, 3, 93, 2778, 1444, 411, 3, 14266, 6669, 8175, 0, 0, 33, 1852, 2026, 2929, 94, 0, 0, 18, 34, 134, 2, 24678, 16320, 19569, 1, 0, 0, 316
817,0x126cac,4, 1054715,"  1017f8:	e50b3020 	str	r3, [fp, #-32]	; 0xffffffe0
",benign, 288, 198, 2873, 2, 1781, 1086, 1, 519, 725, 0, 240, 24080, 521, 3, 94, 2602, 1414, 415, 3, 13848, 6324, 8174, 0, 0, 33, 1920, 2089, 2912, 91, 0, 0, 18, 34, 134, 2, 24566, 16621, 19886, 1, 0, 0, 316
818,0x12cd10,12, 1060775,"  102fa4:	e51b3008 	ldr	r3, [fp, #-8]
",benign, 288, 196, 2897, 1, 1791, 1083, 1, 531, 747, 0, 249, 24272, 544, 3, 94, 2688, 1105, 415, 3, 14048, 6445, 8359, 0, 0, 34, 1893, 2069, 2950, 95, 0, 0, 17, 33, 128, 2, 24859, 16669, 19959, 1, 0, 0, 316
819,0x102358,16, 1058677,"  102774:	e51b301c 	ldr	r3, [fp, #-28]	; 0xffffffe4
",benign, 285, 198, 2880, 2, 1774, 1087, 1, 519, 725, 0, 240, 24285, 521, 3, 95, 3084, 1213, 415, 3, 14304, 6658, 8200, 0, 0, 33, 1903, 2093, 2912, 92, 0, 0, 18, 22, 116, 2, 24753, 16455, 19770, 1, 0, 0, 316
820,0x107b64,30, 1052724,"  101034:	e1a02de3 	ror	r2, r3, #27
",benign, 286, 199, 2872, 2, 1781, 1086, 1, 519, 725, 0, 241, 23972, 521, 3, 93, 2814, 1429, 415, 3, 14104, 6444, 8182, 0, 0, 33, 2081, 2276, 2915, 93, 0, 0, 18, 21, 134, 2, 24692, 16478, 19830, 1, 0, 0, 316
821,0x121730,26, 1061622,"  1032f4:	e5932008 	ldr	r2, [r3, #8]
",benign, 343, 254, 2872, 2, 1763, 1081, 1, 522, 727, 0, 246, 24126, 523, 3, 96, 2895, 1100, 413, 3, 13882, 6258, 8183, 0, 0, 33, 1859, 2033, 2908, 93, 0, 0, 18, 21, 114, 2, 24835, 16377, 19647, 1, 0, 0, 316
822,0x123278,29, 1061868,"  1033ec:	ea000002 	b	1033fc <sha_print+0x168>
",benign, 288, 197, 2843, 1, 1745, 1082, 1, 521, 727, 0, 246, 24048, 524, 3, 92, 2955, 1153, 411, 3, 14153, 6815, 8208, 0, 0, 34, 1838, 2009, 2888, 91, 0, 0, 17, 52, 129, 2, 24834, 16242, 19497, 1, 0, 0, 316
823,0x124ffc,6, 1056033,"  101d20:	e3483f1b 	movt	r3, #36635	; 0x8f1b
",benign, 289, 197, 2903, 2, 1792, 1084, 1, 531, 747, 0, 252, 24288, 544, 3, 92, 3172, 1197, 415, 3, 14268, 6707, 8287, 0, 0, 34, 1885, 2059, 2934, 91, 0, 0, 18, 21, 114, 2, 24762, 16442, 19752, 1, 0, 0, 316
824,0x1051fc,24, 1055725,"  101bec:	e51b3020 	ldr	r3, [fp, #-32]	; 0xffffffe0
",benign, 290, 196, 2905, 2, 1796, 1082, 1, 531, 747, 0, 246, 24064, 544, 3, 93, 2818, 1395, 415, 3, 14219, 6417, 8342, 0, 0, 34, 1891, 2061, 2932, 91, 0, 0, 17, 21, 130, 2, 25127, 16688, 20139, 1, 0, 0, 316
825,0x12d1e4,15, 1059221,"  102994:	e0822003 	add	r2, r2, r3
",benign, 347, 256, 2875, 2, 1770, 1086, 1, 519, 725, 0, 250, 24170, 521, 3, 94, 2939, 1435, 582, 3, 14272, 6358, 8179, 0, 0, 33, 1847, 2037, 2920, 94, 0, 0, 18, 21, 134, 2, 24852, 16472, 19746, 1, 0, 0, 316
826,0x100238,31, 1050601,"  1007e8:	e51b32f0 	ldr	r3, [fp, #-752]	; 0xfffffd10
",benign, 350, 198, 2888, 7, 1780, 1081, 1, 528, 742, 0, 243, 25196, 539, 3, 92, 3215, 1351, 401, 3, 15137, 7571, 8314, 0, 0, 34, 2052, 2247, 2910, 91, 0, 0, 17, 22, 135, 8, 25821, 16950, 20423, 4, 0, 0, 316
827,0x1370e0,11, 1052466,"  100f30:	e51b300c 	ldr	r3, [fp, #-12]
",benign, 287, 197, 2844, 2, 1748, 1082, 1, 521, 727, 0, 251, 24313, 524, 3, 92, 2858, 1414, 415, 3, 14399, 6526, 8162, 0, 0, 34, 1837, 2013, 2894, 91, 0, 0, 18, 41, 132, 2, 24712, 16524, 19857, 1, 0, 0, 316
828,0x10008c,26, 1061819,"  1033b8:	e5922000 	ldr	r2, [r2]
",benign, 289, 196, 2856, 2, 1753, 1082, 1, 521, 727, 0, 249, 23994, 524, 3, 92, 2967, 1142, 415, 3, 14115, 6585, 8150, 0, 0, 34, 1831, 2009, 2881, 91, 0, 0, 17, 34, 128, 2, 24574, 16380, 19680, 1, 0, 0, 316
829,0x120974,18, 1051656,"  100c08:	e0011003 	and	r1, r1, r3
",benign, 290, 196, 2888, 2, 1789, 1083, 1, 531, 747, 0, 253, 24317, 544, 3, 93, 2859, 1480, 412, 3, 14374, 6489, 8332, 0, 0, 34, 1886, 2057, 2931, 91, 0, 0, 17, 34, 132, 2, 25177, 16580, 19904, 1, 0, 0, 316
830,0x11875c,3, 1055282,"  101a30:	e50b3014 	str	r3, [fp, #-20]	; 0xffffffec
",benign, 294, 198, 2895, 1, 1786, 1081, 1, 527, 741, 0, 249, 24176, 538, 3, 93, 2823, 1202, 456, 3, 14046, 6511, 8290, 0, 0, 34, 1937, 2116, 2928, 93, 0, 0, 18, 72, 114, 2, 24590, 16491, 19842, 1, 0, 0, 316
831,0x13b44c,23, 1061037,"  1030ac:	e1a031a3 	lsr	r3, r3, #3
",benign, 297, 197, 2858, 2, 1752, 1082, 1, 521, 727, 0, 246, 23864, 524, 3, 92, 2789, 1374, 398, 3, 14129, 6796, 8128, 0, 0, 34, 1832, 2016, 2890, 93, 0, 0, 17, 21, 132, 2, 24707, 16297, 19591, 1, 0, 0, 316
832,0x139f5c,5, 1050418,"  100730:	e50b301c 	str	r3, [fp, #-28]	; 0xffffffe4
",benign, 286, 198, 2873, 2, 1778, 1086, 1, 519, 725, 0, 245, 24114, 521, 3, 93, 2843, 1212, 470, 3, 14173, 6538, 8194, 0, 0, 33, 1851, 2031, 2904, 91, 0, 0, 17, 21, 132, 2, 24770, 16466, 19804, 1, 0, 0, 316
833,0x115ea4,19, 1061908,"  103414:	e28db004 	add	fp, sp, #4
",benign, 285, 198, 2879, 2, 1780, 1082, 1, 521, 728, 0, 250, 24039, 524, 3, 94, 2913, 1161, 395, 3, 14135, 6614, 8217, 0, 0, 33, 1859, 2036, 2918, 92, 0, 0, 17, 22, 128, 2, 24625, 16339, 19618, 1, 0, 0, 316
834,0x12a64c,28, 1056779,"  102008:	e3483f1b 	movt	r3, #36635	; 0x8f1b
",benign, 289, 198, 2881, 1, 1778, 1084, 1, 527, 741, 0, 252, 24206, 538, 3, 94, 2792, 1304, 415, 3, 14048, 6402, 8291, 0, 0, 34, 1881, 2057, 2930, 92, 0, 0, 17, 34, 112, 2, 25054, 16620, 19863, 1, 0, 0, 316
835,0x13db14,11, 1049914,"  100538:	e3083034 	movw	r3, #32820	; 0x8034
",benign, 390, 197, 2887, 5, 1782, 1083, 1, 528, 742, 0, 256, 25146, 539, 3, 90, 3597, 1124, 404, 3, 15073, 7626, 8318, 0, 0, 34, 1895, 2044, 2922, 94, 0, 0, 17, 21, 121, 6, 25919, 17405, 20809, 3, 0, 0, 316
836,0x124424,4, 1054740,"  101814:	e50b3014 	str	r3, [fp, #-20]	; 0xffffffec
",benign, 284, 198, 2892, 2, 1777, 1083, 1, 521, 728, 0, 245, 23868, 524, 3, 94, 2978, 1409, 599, 3, 14140, 6319, 8221, 0, 0, 33, 1853, 2027, 2912, 93, 0, 0, 18, 72, 116, 2, 24590, 16387, 19704, 1, 0, 0, 316
837,0x10f1d4,5, 1061432,"  103238:	e2411004 	sub	r1, r1, #4
",benign, 292, 197, 2850, 2, 1750, 1081, 1, 521, 727, 0, 251, 23940, 524, 3, 92, 2930, 1128, 415, 3, 14701, 7195, 8147, 0, 0, 34, 1907, 2072, 2898, 93, 0, 0, 18, 21, 134, 2, 24778, 16449, 19731, 1, 0, 0, 316
838,0x10363c,18, 1052151,"  100df4:	e51b3018 	ldr	r3, [fp, #-24]	; 0xffffffe8
",benign, 293, 197, 2845, 2, 1747, 1079, 1, 521, 727, 0, 255, 24004, 524, 3, 91, 3047, 1097, 398, 3, 14113, 6613, 8123, 0, 0, 34, 1841, 2024, 2893, 93, 0, 0, 17, 22, 132, 2, 24679, 16465, 19785, 1, 0, 0, 316
839,0x102a34,15, 1056618,"  101f68:	e51b3018 	ldr	r3, [fp, #-24]	; 0xffffffe8
",benign, 286, 198, 2878, 2, 1776, 1087, 1, 522, 734, 0, 238, 24383, 531, 3, 91, 2766, 1195, 398, 3, 14205, 6724, 8201, 0, 0, 34, 1830, 2050, 2896, 91, 0, 0, 17, 33, 128, 2, 24978, 16315, 19632, 1, 0, 0, 316
840,0x1202f8,18, 1053741,"  10142c:	e50b3020 	str	r3, [fp, #-32]	; 0xffffffe0
",benign, 284, 198, 2895, 2, 1791, 1089, 1, 522, 728, 0, 261, 24467, 524, 3, 92, 3023, 1272, 415, 3, 14164, 6576, 8273, 0, 0, 33, 1862, 2053, 2939, 91, 0, 0, 17, 33, 128, 2, 24689, 16409, 19899, 1, 0, 0, 316
841,0x11fe34,6, 1053632,"  1013c0:	e50b3020 	str	r3, [fp, #-32]	; 0xffffffe0
",benign, 293, 196, 2897, 2, 1793, 1083, 1, 531, 747, 0, 250, 24128, 544, 3, 93, 2782, 1224, 415, 3, 14167, 6609, 8316, 0, 0, 34, 1895, 2074, 2933, 91, 0, 0, 17, 21, 132, 2, 24767, 16522, 19817, 1, 0, 0, 372
842,0x11728c,20, 1056542,"  101f1c:	e51b3018 	ldr	r3, [fp, #-24]	; 0xffffffe8
",benign, 285, 198, 2884, 2, 1773, 1086, 1, 519, 725, 0, 239, 24036, 521, 3, 94, 2998, 1453, 395, 3, 14168, 6279, 8184, 0, 0, 33, 1849, 2033, 2915, 91, 0, 0, 18, 22, 134, 2, 24530, 16458, 19686, 1, 0, 0, 316
843,0x110c3c,9, 1059219,"  102990:	e51b301c 	ldr	r3, [fp, #-28]	; 0xffffffe4
",benign, 285, 198, 2875, 2, 1768, 1080, 1, 521, 728, 0, 250, 24015, 524, 3, 95, 2625, 1452, 411, 3, 14236, 6409, 8224, 0, 0, 33, 1846, 2035, 2897, 91, 0, 0, 17, 21, 115, 2, 24642, 16332, 19595, 1, 0, 0, 316
844,0x11d78c,1, 1058672,"  102770:	e0822003 	add	r2, r2, r3
",benign, 296, 198, 2870, 2, 1768, 1080, 1, 522, 734, 0, 235, 24253, 531, 3, 91, 3225, 1159, 395, 3, 14216, 6548, 8235, 0, 0, 34, 1834, 2058, 2902, 91, 0, 0, 17, 45, 115, 2, 24914, 16481, 19794, 1, 0, 0, 316
845,0x10967c,24, 1052481,"  100f40:	e51b300c 	ldr	r3, [fp, #-12]
",benign, 286, 197, 2864, 2, 1767, 1081, 1, 521, 728, 0, 243, 23954, 524, 3, 94, 2858, 1231, 395, 3, 13987, 6402, 8230, 0, 0, 33, 1856, 2036, 2911, 91, 0, 0, 17, 21, 132, 2, 24507, 16517, 20034, 1, 0, 0, 316
846,0x103aa8,17, 1052889,"  1010d8:	e0822003 	add	r2, r2, r3
",benign, 283, 199, 2885, 2, 1783, 1084, 1, 519, 725, 0, 240, 23990, 521, 3, 94, 2801, 1382, 411, 3, 14058, 6505, 8209, 0, 0, 33, 1848, 2033, 2913, 94, 0, 0, 17, 23, 132, 2, 24715, 16419, 19716, 1, 0, 0, 316
847,0x120aa0,26, 1060259,"  102da0:	e51b3020 	ldr	r3, [fp, #-32]	; 0xffffffe0
",benign, 288, 196, 2891, 2, 1790, 1082, 1, 531, 747, 0, 247, 24634, 544, 3, 92, 2763, 1257, 415, 3, 14137, 6509, 8313, 0, 0, 34, 1898, 2062, 2933, 93, 0, 0, 18, 34, 116, 2, 24958, 16461, 19798, 1, 0, 0, 372
848,0x12f054,19, 1059280,"  1029d0:	e50b3010 	str	r3, [fp, #-16]
",benign, 347, 254, 2884, 2, 1776, 1084, 1, 522, 734, 0, 238, 24223, 531, 3, 93, 2917, 1244, 411, 3, 13955, 6416, 8199, 0, 0, 34, 1903, 2117, 2901, 91, 0, 0, 17, 33, 132, 2, 24944, 16511, 19740, 1, 0, 0, 316
849,0x122fe4,21, 1056388,"  101e84:	e0822003 	add	r2, r2, r3
",benign, 288, 198, 2864, 2, 1761, 1081, 1, 522, 727, 0, 250, 24097, 523, 3, 94, 2859, 1258, 470, 3, 14551, 6898, 8206, 0, 0, 33, 1861, 2032, 2900, 92, 0, 0, 18, 21, 134, 2, 24511, 16652, 19977, 1, 0, 0, 316
850,0x1380d8,7, 1058017,"  1024e0:	e3483f1b 	movt	r3, #36635	; 0x8f1b
",benign, 288, 198, 2876, 2, 1780, 1088, 1, 519, 725, 0, 242, 24118, 521, 3, 94, 2610, 1229, 415, 3, 14149, 6577, 8198, 0, 0, 33, 1850, 2032, 2916, 91, 0, 0, 17, 21, 132, 2, 24772, 16430, 19775, 1, 0, 0, 316
851,0x111314,8, 1062065,"  1034b0:	ea000019 	b	10351c <sha+0x10c>
",benign, 284, 199, 2895, 1, 1783, 1087, 1, 522, 728, 0, 250, 24476, 524, 3, 92, 2952, 1188, 415, 3, 14076, 6254, 8248, 0, 0, 33, 1866, 2041, 2935, 93, 0, 0, 18, 45, 114, 2, 24915, 16454, 19746, 1, 0, 0, 316
852,0x10ec3c,2, 1058064,"  102510:	e51b3020 	ldr	r3, [fp, #-32]	; 0xffffffe0
",benign, 288, 197, 2859, 2, 1749, 1081, 1, 521, 727, 0, 245, 24077, 524, 3, 92, 3027, 1120, 415, 3, 14124, 6489, 8161, 0, 0, 34, 1836, 2017, 2897, 93, 0, 0, 17, 21, 129, 2, 24678, 16613, 20093, 1, 0, 0, 374
853,0x13825c,12, 1057179,"  102198:	e51b3010 	ldr	r3, [fp, #-16]
",benign, 288, 197, 2892, 2, 1800, 1082, 1, 531, 747, 0, 252, 24370, 544, 3, 93, 2883, 1399, 415, 3, 14322, 6639, 8348, 0, 0, 34, 1897, 2060, 2936, 93, 0, 0, 17, 22, 128, 2, 24913, 16635, 19917, 1, 0, 0, 316
854,0x12e384,30, 1054175,"  1015dc:	e50b3020 	str	r3, [fp, #-32]	; 0xffffffe0
",benign, 289, 197, 2867, 2, 1772, 1086, 1, 517, 721, 0, 243, 23965, 517, 3, 93, 3150, 1304, 413, 3, 14252, 6358, 8155, 0, 0, 33, 1843, 2013, 2904, 91, 0, 0, 17, 22, 132, 2, 24643, 16386, 19677, 1, 0, 0, 316
855,0x11cba0,8, 1053820,"  10147c:	e51b301c 	ldr	r3, [fp, #-28]	; 0xffffffe4
",benign, 286, 199, 2880, 2, 1784, 1086, 1, 519, 725, 0, 254, 24364, 521, 3, 93, 2989, 1223, 471, 3, 13923, 6383, 8194, 0, 0, 33, 1857, 2034, 2921, 91, 0, 0, 18, 41, 130, 2, 24829, 16522, 19859, 1, 0, 0, 316
856,0x11cec4,30, 1050293,"  1006b4:	3affffd7 	bcc	100618 <strsearch+0x34>
",benign, 374, 196, 2891, 5, 1789, 1083, 1, 531, 747, 0, 250, 25229, 544, 3, 91, 3380, 1118, 404, 3, 15161, 7441, 8379, 0, 0, 34, 1885, 2092, 2922, 92, 0, 0, 17, 21, 123, 2, 25650, 17328, 20714, 3, 0, 0, 316
857,0x114538,10, 1061988,"  103464:	e3403011 	movt	r3, #17
",benign, 289, 197, 2855, 1, 1765, 1084, 1, 521, 727, 0, 250, 23999, 524, 3, 92, 2770, 1331, 415, 3, 14267, 6487, 8167, 0, 0, 34, 1847, 2021, 2899, 94, 0, 0, 17, 34, 129, 2, 24548, 16566, 20118, 1, 0, 0, 316
858,0x100b30,9, 1050764,"  10088c:	e24b2fbb 	sub	r2, fp, #748	; 0x2ec
",benign, 361, 254, 2887, 7, 1784, 1082, 1, 527, 741, 0, 242, 24432, 538, 3, 93, 3207, 1171, 418, 3, 14463, 7076, 8328, 0, 0, 34, 1871, 2087, 2925, 92, 0, 0, 17, 22, 135, 6, 25171, 16645, 20052, 4, 0, 0, 316
859,0x134ee0,17, 1059882,"  102c28:	e30c31d6 	movw	r3, #49622	; 0xc1d6
",benign, 289, 199, 2903, 2, 1792, 1087, 1, 522, 728, 0, 244, 24440, 524, 3, 92, 2871, 1412, 415, 3, 13948, 6283, 8220, 0, 0, 33, 1873, 2054, 2939, 93, 0, 0, 17, 34, 132, 2, 24875, 16653, 19914, 1, 0, 0, 316
860,0x12479c,4, 1060393,"  102e28:	e51b3018 	ldr	r3, [fp, #-24]	; 0xffffffe8
",benign, 341, 255, 2894, 1, 1793, 1089, 1, 522, 728, 0, 241, 24246, 524, 3, 92, 2860, 1197, 395, 3, 14173, 6532, 8248, 0, 0, 33, 1866, 2048, 2919, 91, 0, 0, 17, 22, 132, 2, 24911, 16373, 19673, 1, 0, 0, 316
861,0x110c10,26, 1050027,"  1005a8:	e2833001 	add	r3, r3, #1
",benign, 378, 197, 2896, 5, 1794, 1081, 1, 531, 747, 0, 258, 25343, 544, 3, 92, 3563, 1035, 406, 3, 15107, 7589, 8391, 0, 0, 34, 1900, 2057, 2941, 91, 0, 0, 17, 21, 116, 7, 25838, 17640, 21024, 3, 0, 0, 316
862,0x130b14,12, 1060835,"  102fe0:	e5932014 	ldr	r2, [r3, #20]
",benign, 287, 197, 2896, 2, 1790, 1083, 1, 531, 747, 0, 253, 24328, 544, 3, 93, 2920, 1210, 398, 3, 14387, 6564, 8342, 0, 0, 34, 1909, 2070, 2948, 93, 0, 0, 17, 22, 115, 2, 24858, 16569, 19848, 1, 0, 0, 316
863,0x12dff8,25, 1051412,"  100b14:	e51b3014 	ldr	r3, [fp, #-20]	; 0xffffffec
",benign, 285, 198, 2889, 2, 1791, 1083, 1, 528, 742, 0, 248, 24316, 539, 3, 93, 2875, 1419, 415, 3, 14159, 6408, 8284, 0, 0, 34, 1875, 2047, 2915, 91, 0, 0, 17, 42, 132, 2, 24779, 16511, 19785, 1, 0, 0, 316
864,0x10b870,7, 1052307,"  100e90:	e3453a82 	movt	r3, #23170	; 0x5a82
",benign, 288, 197, 2887, 2, 1784, 1083, 1, 527, 741, 0, 248, 24283, 538, 3, 92, 2955, 1200, 415, 3, 14291, 6663, 8287, 0, 0, 34, 1888, 2055, 2934, 94, 0, 0, 17, 21, 115, 2, 24978, 16552, 20049, 1, 0, 0, 316
865,0x10484c,20, 1051293,"  100a9c:	e51b3014 	ldr	r3, [fp, #-20]	; 0xffffffec
",benign, 286, 198, 2881, 2, 1771, 1086, 1, 519, 725, 0, 237, 24419, 521, 3, 93, 3078, 1193, 398, 3, 14201, 6575, 8191, 0, 0, 33, 1847, 2034, 2908, 92, 0, 0, 17, 63, 128, 2, 24776, 16350, 19671, 1, 0, 0, 316
866,0x101ad4,22, 1050144,"  100620:	2a000008 	bcs	100648 <strsearch+0x64>
",benign, 321, 197, 2871, 5, 1771, 1082, 1, 522, 734, 0, 256, 25037, 531, 3, 91, 3103, 1160, 406, 3, 14520, 6812, 8226, 0, 0, 34, 1836, 2062, 2893, 91, 0, 0, 17, 34, 112, 6, 25076, 16654, 20046, 3, 0, 0, 316
867,0x1088e0,7, 1058134,"  102554:	e0822003 	add	r2, r2, r3
",benign, 291, 198, 2894, 1, 1784, 1084, 1, 527, 741, 0, 252, 24336, 538, 3, 94, 2948, 1232, 415, 3, 14011, 6485, 8285, 0, 0, 34, 1889, 2060, 2936, 93, 0, 0, 18, 34, 134, 2, 25020, 16766, 20085, 1, 0, 0, 316
868,0x134438,19, 1053914,"  1014d8:	e0211003 	eor	r1, r1, r3
",benign, 290, 198, 2887, 2, 1781, 1082, 1, 528, 742, 0, 244, 24131, 539, 3, 92, 2778, 1323, 415, 3, 14125, 6573, 8271, 0, 0, 34, 1879, 2046, 2920, 93, 0, 0, 17, 34, 112, 2, 24855, 16590, 19872, 1, 0, 0, 374
869,0x139be0,4, 1061489,"  103270:	e2433004 	sub	r3, r3, #4
",benign, 290, 197, 2898, 2, 1791, 1082, 1, 531, 747, 0, 251, 24241, 544, 3, 93, 2837, 1203, 415, 3, 14238, 6414, 8342, 0, 0, 34, 1895, 2062, 2931, 93, 0, 0, 18, 34, 134, 2, 24809, 16395, 19764, 1, 0, 0, 316
870,0x130534,8, 1056313,"  101e38:	e1a03163 	ror	r3, r3, #2
",benign, 287, 198, 2876, 2, 1773, 1083, 1, 521, 726, 0, 244, 24223, 522, 3, 95, 2894, 1252, 411, 3, 14070, 6390, 8162, 0, 0, 33, 1848, 2028, 2911, 93, 0, 0, 17, 52, 130, 2, 24789, 16387, 19679, 1, 0, 0, 316
871,0x10cca0,26, 1058768,"  1027d0:	e0211003 	eor	r1, r1, r3
",benign, 287, 197, 2892, 2, 1787, 1083, 1, 531, 747, 0, 249, 24146, 544, 3, 92, 2864, 1389, 467, 3, 14159, 6604, 8328, 0, 0, 34, 1888, 2058, 2934, 91, 0, 0, 18, 45, 114, 2, 24957, 16709, 19937, 1, 0, 0, 372
872,0x1018bc,3, 1052450,"  100f20:	e50b3018 	str	r3, [fp, #-24]	; 0xffffffe8
",benign, 285, 197, 2872, 2, 1766, 1085, 1, 520, 725, 0, 243, 24260, 521, 3, 95, 3048, 1248, 415, 3, 14011, 6494, 8206, 0, 0, 33, 1850, 2036, 2909, 92, 0, 0, 17, 43, 132, 2, 24788, 16443, 19702, 1, 0, 0, 375
873,0x112268,16, 1056659,"  101f90:	e0823003 	add	r3, r2, r3
",benign, 292, 196, 2852, 2, 1752, 1082, 1, 521, 727, 0, 244, 24104, 524, 3, 91, 3198, 1081, 395, 3, 13990, 6485, 8158, 0, 0, 34, 1849, 2013, 2886, 92, 0, 0, 18, 22, 131, 2, 24609, 16432, 19674, 1, 0, 0, 316
874,0x129078,18, 1061567,"  1032bc:	e3a03c01 	mov	r3, #256	; 0x100
",benign, 288, 197, 2892, 2, 1789, 1084, 1, 531, 747, 0, 251, 24283, 544, 3, 93, 2938, 1178, 415, 3, 14178, 6482, 8324, 0, 0, 34, 1889, 2073, 2939, 93, 0, 0, 18, 42, 134, 2, 24818, 16583, 20100, 1, 0, 0, 316
875,0x11a540,16, 1058663,"  102764:	e0211003 	eor	r1, r1, r3
",benign, 292, 197, 2892, 2, 1792, 1083, 1, 528, 742, 0, 250, 24282, 539, 3, 92, 2805, 1237, 415, 3, 14315, 6766, 8271, 0, 0, 34, 1888, 2057, 2922, 91, 0, 0, 17, 36, 112, 2, 24629, 16602, 20091, 1, 0, 0, 374
876,0x13a7ec,31, 1057355,"  102248:	e0011003 	and	r1, r1, r3
",benign, 345, 256, 2888, 1, 1783, 1089, 1, 522, 728, 0, 244, 24174, 524, 3, 92, 2957, 1220, 415, 3, 14258, 6431, 8242, 0, 0, 33, 1872, 2044, 2930, 93, 0, 0, 17, 72, 114, 2, 24524, 16416, 19721, 1, 0, 0, 316
877,0x12b71c,30, 1050045,"  1005bc:	e51b2008 	ldr	r2, [fp, #-8]
",benign, 380, 198, 2890, 5, 1784, 1083, 1, 527, 741, 0, 256, 25294, 538, 3, 93, 2970, 1087, 542, 3, 15332, 7696, 8353, 0, 0, 34, 1876, 2053, 2920, 91, 0, 0, 18, 36, 125, 5, 26031, 17764, 21150, 3, 0, 0, 316
878,0x12f260,17, 1051469,"  100b4c:	e0823003 	add	r3, r2, r3
",benign, 283, 197, 2870, 2, 1777, 1082, 1, 521, 728, 0, 242, 23885, 524, 3, 94, 2666, 1467, 472, 3, 13855, 6260, 8226, 0, 0, 33, 1851, 2027, 2911, 93, 0, 0, 17, 34, 132, 2, 24725, 16572, 19840, 1, 0, 0, 316
879,0x13ac50,10, 1061435,"  103238:	e2411004 	sub	r1, r1, #4
",benign, 350, 257, 2882, 2, 1779, 1083, 1, 527, 741, 0, 252, 24662, 538, 3, 94, 2860, 1223, 451, 3, 14001, 6505, 8288, 0, 0, 34, 1881, 2048, 2928, 91, 0, 0, 18, 22, 130, 2, 25209, 16550, 19855, 1, 0, 0, 316
880,0x13c6f0,8, 1053946,"  1014f8:	e30e3ba1 	movw	r3, #60321	; 0xeba1
",benign, 289, 198, 2959, 1, 1833, 1099, 1, 528, 735, 0, 245, 24439, 531, 3, 90, 2977, 1196, 415, 3, 14434, 6768, 8380, 0, 0, 33, 1908, 2100, 3006, 97, 0, 0, 17, 34, 128, 2, 24811, 16500, 19835, 1, 0, 0, 316
881,0x128220,0, 1051553,"  100ba0:	e0033000 	and	r3, r3, r0
",benign, 290, 198, 2875, 2, 1773, 1087, 1, 522, 734, 0, 250, 24050, 531, 3, 92, 2849, 1416, 415, 3, 14127, 6251, 8206, 0, 0, 34, 1841, 2044, 2903, 93, 0, 0, 18, 21, 114, 2, 24841, 16523, 19786, 1, 0, 0, 316
882,0x12ba68,25, 1052655,"  100fec:	e51b3134 	ldr	r3, [fp, #-308]	; 0xfffffecc
",benign, 285, 198, 2876, 1, 1770, 1080, 1, 521, 728, 0, 254, 24254, 524, 3, 94, 2840, 1268, 411, 3, 14108, 6217, 8207, 0, 0, 33, 1851, 2034, 2903, 91, 0, 0, 18, 33, 134, 2, 24747, 16462, 19709, 1, 0, 0, 316
883,0x10673c,10, 1049927,"  100544:	e7831102 	str	r1, [r3, r2, lsl #2]
",benign, 396, 197, 2866, 5, 1777, 1086, 1, 520, 725, 0, 241, 25303, 521, 3, 92, 3403, 1144, 404, 3, 15134, 7630, 8244, 0, 0, 33, 1842, 2061, 2901, 92, 0, 0, 18, 33, 123, 5, 25797, 17311, 20841, 3, 0, 0, 316
884,0x104850,23, 1057355,"  102248:	e0011003 	and	r1, r1, r3
",benign, 284, 199, 2933, 2, 1810, 1095, 1, 524, 728, 0, 246, 24205, 524, 3, 94, 2980, 1326, 411, 3, 14398, 6420, 8307, 0, 0, 33, 1948, 2115, 2958, 91, 0, 0, 17, 22, 132, 2, 24717, 16559, 19845, 1, 0, 0, 316
885,0x118418,27, 1050042,"  1005b8:	e5933000 	ldr	r3, [r3]
",benign, 455, 256, 2881, 6, 1773, 1089, 1, 519, 725, 0, 249, 25176, 521, 3, 93, 3136, 1150, 406, 3, 15291, 7605, 8266, 0, 0, 33, 1857, 2048, 2905, 91, 0, 0, 18, 21, 114, 5, 25565, 17268, 20630, 3, 0, 0, 316
886,0x1301b0,28, 1050931,"  100930:	e5c32000 	strb	r2, [r3]
",benign, 348, 257, 2878, 2, 1782, 1086, 1, 519, 725, 0, 237, 24202, 521, 3, 94, 3185, 1235, 413, 3, 13919, 6354, 8183, 0, 0, 33, 1851, 2034, 2922, 93, 0, 0, 17, 22, 132, 2, 24921, 16446, 19792, 1, 0, 0, 372
887,0x10a494,27, 1056037,"  101d24:	e0823003 	add	r3, r2, r3
",benign, 285, 198, 2873, 2, 1770, 1087, 1, 519, 725, 0, 246, 24295, 521, 3, 93, 2914, 1107, 415, 3, 14356, 6600, 8202, 0, 0, 33, 1856, 2026, 2911, 91, 0, 0, 17, 22, 130, 2, 24742, 16347, 19674, 1, 0, 0, 316
888,0x10c708,28, 1055086,"  10196c:	e51b300c 	ldr	r3, [fp, #-12]
",benign, 289, 197, 2880, 2, 1779, 1083, 1, 527, 741, 0, 253, 24048, 538, 3, 94, 2892, 1405, 415, 3, 14378, 6618, 8275, 0, 0, 34, 1935, 2114, 2922, 91, 0, 0, 17, 22, 112, 2, 24978, 16514, 19788, 1, 0, 0, 316
889,0x11eeac,31, 1050906,"  100918:	e51b302c 	ldr	r3, [fp, #-44]	; 0xffffffd4
",benign, 349, 197, 2885, 6, 1780, 1083, 1, 528, 742, 0, 245, 25275, 539, 3, 92, 3148, 1113, 397, 3, 14901, 7299, 8345, 0, 0, 34, 1880, 2084, 2916, 94, 0, 0, 17, 42, 134, 4, 25623, 17222, 20851, 3, 0, 0, 316
890,0x128760,7, 1051472,"  100b50:	e50b3020 	str	r3, [fp, #-32]	; 0xffffffe0
",benign, 347, 255, 2848, 2, 1751, 1080, 1, 521, 727, 0, 245, 24578, 524, 3, 92, 2918, 1136, 415, 3, 13921, 6475, 8154, 0, 0, 34, 1837, 2017, 2892, 93, 0, 0, 17, 41, 128, 2, 24666, 16458, 19712, 1, 0, 0, 316
891,0x127ef8,7, 1060721,"  102f70:	e51b3008 	ldr	r3, [fp, #-8]
",benign, 286, 198, 2955, 2, 1831, 1100, 1, 528, 735, 0, 246, 24584, 531, 3, 91, 2763, 1421, 472, 3, 14078, 6395, 8388, 0, 0, 33, 1908, 2082, 2986, 91, 0, 0, 18, 34, 134, 2, 24845, 16467, 20026, 1, 0, 0, 316
892,0x113378,24, 1056679,"  101fa4:	e50b3018 	str	r3, [fp, #-24]	; 0xffffffe8
",benign, 284, 196, 2871, 2, 1767, 1087, 1, 517, 721, 0, 241, 24245, 517, 3, 93, 3234, 1200, 415, 3, 14076, 6602, 8165, 0, 0, 33, 1842, 2017, 2914, 93, 0, 0, 18, 218, 134, 2, 24936, 16685, 20058, 1, 0, 0, 316
893,0x118e1c,7, 1052201,"  100e28:	e50b301c 	str	r3, [fp, #-28]	; 0xffffffe4
",benign, 282, 199, 2872, 2, 1769, 1087, 1, 519, 726, 0, 231, 23926, 522, 3, 94, 3032, 1452, 411, 3, 13856, 6309, 8178, 0, 0, 33, 1846, 2042, 2900, 93, 0, 0, 17, 52, 128, 2, 24807, 16386, 19855, 1, 0, 0, 375
894,0x13c94c,31, 1062249,"  103568:	e5d22000 	ldrb	r2, [r2]
",benign, 286, 198, 2973, 2, 1848, 1104, 1, 528, 735, 0, 252, 24496, 531, 3, 90, 2792, 1368, 415, 3, 14227, 6580, 8392, 0, 0, 33, 1917, 2093, 2994, 91, 0, 0, 18, 21, 114, 2, 25049, 16630, 19968, 1, 0, 0, 316
895,0x12de64,14, 1051580,"  100bbc:	e3073999 	movw	r3, #31129	; 0x7999
",benign, 345, 257, 2873, 2, 1767, 1081, 1, 520, 725, 0, 240, 24039, 521, 3, 94, 2941, 1096, 415, 3, 14144, 6560, 8198, 0, 0, 33, 1850, 2036, 2910, 93, 0, 0, 18, 36, 130, 2, 24824, 16791, 20098, 1, 0, 0, 316
896,0x101938,8, 1059416,"  102a58:	e0211003 	eor	r1, r1, r3
",benign, 288, 197, 2898, 2, 1789, 1083, 1, 527, 741, 0, 250, 24195, 538, 3, 92, 3169, 1233, 473, 3, 14115, 6451, 8267, 0, 0, 34, 1939, 2119, 2934, 93, 0, 0, 17, 21, 132, 2, 24783, 16582, 19881, 1, 0, 0, 316
897,0x120948,9, 1058703,"  10278c:	e0823003 	add	r3, r2, r3
",benign, 287, 198, 2884, 2, 1789, 1082, 1, 528, 742, 0, 244, 24045, 539, 3, 92, 2950, 1476, 413, 3, 14104, 6544, 8287, 0, 0, 34, 1884, 2047, 2924, 93, 0, 0, 17, 21, 115, 2, 24705, 16535, 19836, 1, 0, 0, 316
898,0x1083e4,11, 1057413,"  102284:	e50b301c 	str	r3, [fp, #-28]	; 0xffffffe4
",benign, 288, 198, 2884, 2, 1787, 1084, 1, 527, 741, 0, 255, 24304, 538, 3, 94, 2927, 1240, 415, 3, 14284, 6493, 8313, 0, 0, 34, 1888, 2065, 2935, 94, 0, 0, 17, 46, 112, 2, 25025, 16432, 19866, 1, 0, 0, 316
899,0x100c58,21, 1050562,"  1007c0:	e1a00003 	mov	r0, r3
",benign, 378, 197, 2860, 6, 1763, 1089, 1, 517, 721, 0, 240, 25116, 517, 3, 92, 3335, 1423, 406, 3, 15012, 7467, 8221, 0, 0, 33, 1838, 2050, 2891, 91, 0, 0, 18, 21, 123, 3, 25842, 17300, 20635, 3, 0, 0, 316
900,0x10b7a4,14, 1054510,"  10172c:	e51b3014 	ldr	r3, [fp, #-20]	; 0xffffffec
",benign, 291, 199, 3036, 1, 1881, 1105, 1, 539, 765, 0, 262, 26873, 563, 3, 94, 2905, 1409, 473, 3, 16220, 6613, 8601, 0, 0, 35, 1977, 2135, 3055, 92, 0, 0, 17, 35, 272, 2, 27171, 18794, 22077, 1, 0, 0, 316
901,0x1043e0,14, 1052787,"  101070:	e3453a82 	movt	r3, #23170	; 0x5a82
",benign, 290, 199, 3043, 2, 1881, 1107, 1, 539, 765, 0, 252, 26201, 563, 3, 94, 2875, 1401, 413, 3, 15997, 6264, 8574, 0, 0, 35, 1966, 2142, 3044, 93, 0, 0, 18, 22, 116, 2, 27110, 18773, 22285, 1, 0, 0, 316
902,0x1093c8,13, 1052830,"  10109c:	e50b3010 	str	r3, [fp, #-16]
",benign, 287, 198, 2872, 2, 1762, 1085, 1, 517, 721, 0, 240, 23962, 517, 3, 93, 2844, 1306, 413, 3, 14006, 6586, 8176, 0, 0, 33, 1902, 2084, 2910, 93, 0, 0, 17, 21, 130, 2, 24811, 16466, 19751, 1, 0, 0, 316
903,0x13c79c,3, 1049950,"  10055c:	9afffff2 	bls	10052c <init_search+0x34>
",benign, 380, 198, 2928, 4, 1817, 1093, 1, 524, 728, 0, 247, 25251, 524, 3, 92, 3163, 1174, 404, 3, 14963, 7324, 8351, 0, 0, 33, 1901, 2069, 2974, 98, 0, 0, 17, 22, 123, 6, 25681, 17320, 20727, 3, 0, 0, 316
904,0x1367c8,31, 1060100,"  102d04:	e34c3a62 	movt	r3, #51810	; 0xca62
",benign, 345, 256, 2898, 1, 1779, 1087, 1, 519, 725, 0, 241, 23963, 521, 3, 94, 2904, 1246, 411, 3, 14122, 6514, 8215, 0, 0, 33, 1858, 2046, 2920, 94, 0, 0, 17, 66, 115, 2, 24984, 16639, 20000, 1, 0, 0, 372
905,0x106ef0,24, 1059744,"  102ba0:	e51b3018 	ldr	r3, [fp, #-24]	; 0xffffffe8
",benign, 285, 198, 2816, 1, 1715, 1079, 1, 506, 703, 0, 228, 23738, 499, 3, 94, 2839, 1238, 471, 3, 14080, 6380, 7926, 0, 0, 33, 1761, 1973, 2832, 92, 0, 0, 17, 42, 132, 2, 24269, 16031, 19504, 1, 0, 0, 316
906,0x101eb0,10, 1062459,"  103638:	e51b301c 	ldr	r3, [fp, #-28]	; 0xffffffe4
",benign, 285, 199, 2952, 2, 1834, 1101, 1, 528, 735, 0, 243, 24401, 531, 3, 90, 2922, 1221, 472, 3, 14289, 6454, 8412, 0, 0, 33, 1903, 2083, 2999, 91, 0, 0, 17, 34, 132, 2, 24924, 16706, 20177, 1, 0, 0, 316
907,0x136e78,4, 1060171,"  102d48:	e51b3014 	ldr	r3, [fp, #-20]	; 0xffffffec
",benign, 340, 255, 2873, 2, 1766, 1083, 1, 520, 725, 0, 250, 24186, 521, 3, 95, 3225, 1177, 413, 3, 14176, 6323, 8176, 0, 0, 33, 1844, 2031, 2912, 93, 0, 0, 18, 21, 116, 2, 24643, 16348, 19591, 1, 0, 0, 316
908,0x11b5e0,26, 1053869,"  1014ac:	e51b3010 	ldr	r3, [fp, #-16]
",benign, 290, 198, 2888, 1, 1780, 1083, 1, 528, 742, 0, 258, 24430, 539, 3, 91, 3003, 1183, 411, 3, 14367, 6526, 8322, 0, 0, 34, 1882, 2047, 2918, 91, 0, 0, 17, 71, 130, 2, 24600, 16446, 19942, 1, 0, 0, 372
909,0x1137f8,2, 1050969,"  100958:	e3400011 	movt	r0, #17
",benign, 292, 196, 2900, 2, 1791, 1083, 1, 531, 747, 0, 244, 24188, 544, 3, 93, 2814, 1202, 415, 3, 14078, 6329, 8293, 0, 0, 34, 1892, 2052, 2932, 91, 0, 0, 18, 21, 116, 2, 24915, 16560, 19905, 1, 0, 0, 316
910,0x107254,20, 1053964,"  10150c:	e50b301c 	str	r3, [fp, #-28]	; 0xffffffe4
",benign, 289, 198, 2883, 2, 1779, 1082, 1, 527, 741, 0, 251, 24221, 538, 3, 93, 2937, 1286, 411, 3, 14254, 6702, 8298, 0, 0, 34, 1869, 2067, 2922, 91, 0, 0, 17, 22, 115, 2, 24608, 16466, 19782, 1, 0, 0, 316
911,0x13ce6c,29, 1061232,"  103170:	e320f000 	nop	{0}
",benign, 288, 198, 2890, 1, 1782, 1084, 1, 528, 742, 0, 257, 24385, 539, 3, 91, 2848, 1100, 411, 3, 14171, 6593, 8278, 0, 0, 34, 1957, 2106, 2917, 91, 0, 0, 17, 22, 132, 2, 24792, 16540, 19932, 1, 0, 0, 316
912,0x1182ac,19, 1058423,"  102674:	e51b3020 	ldr	r3, [fp, #-32]	; 0xffffffe0
",benign, 284, 198, 2925, 2, 1807, 1095, 1, 524, 728, 0, 243, 24392, 524, 3, 94, 2605, 1409, 415, 3, 14121, 6160, 8309, 0, 0, 33, 1891, 2056, 2955, 92, 0, 0, 18, 22, 131, 2, 24845, 16489, 19747, 1, 0, 0, 316
913,0x1392b8,28, 1061125,"  103104:	fa003cd5 	blx	112460 <memset>
",benign, 285, 198, 2883, 2, 1768, 1083, 1, 521, 728, 0, 243, 24238, 524, 3, 94, 2718, 1282, 415, 3, 13917, 6317, 8204, 0, 0, 33, 1859, 2027, 2909, 91, 0, 0, 17, 22, 129, 2, 24459, 16479, 19992, 1, 0, 0, 316
914,0x1081d0,3, 1060346,"  102df8:	e51b3010 	ldr	r3, [fp, #-16]
",benign, 291, 198, 3037, 2, 1880, 1109, 1, 539, 765, 0, 262, 26752, 563, 3, 94, 2922, 1323, 633, 3, 16107, 6357, 8541, 0, 0, 35, 1972, 2132, 3050, 92, 0, 0, 18, 42, 132, 2, 27481, 18567, 21824, 1, 0, 0, 316
915,0x119f8c,23, 1054934,"  1018d4:	e51b3018 	ldr	r3, [fp, #-24]	; 0xffffffe8
",benign, 285, 197, 2879, 2, 1782, 1083, 1, 521, 728, 0, 244, 24023, 524, 3, 93, 2885, 1267, 412, 3, 13959, 6278, 8198, 0, 0, 33, 1853, 2034, 2901, 91, 0, 0, 18, 22, 132, 2, 25019, 16171, 19444, 1, 0, 0, 316
916,0x1232f0,1, 1052267,"  100e68:	e1e00003 	mvn	r0, r3
",benign, 293, 198, 2870, 2, 1785, 1087, 1, 522, 734, 0, 239, 24238, 531, 3, 92, 2584, 1251, 411, 3, 14101, 6469, 8200, 0, 0, 34, 1847, 2058, 2901, 93, 0, 0, 17, 208, 128, 2, 25113, 16917, 20237, 1, 0, 0, 316
917,0x112be8,1, 1053455,"  10130c:	e51b3014 	ldr	r3, [fp, #-20]	; 0xffffffec
",benign, 284, 198, 2959, 1, 1833, 1099, 1, 528, 735, 0, 249, 24409, 531, 3, 90, 2983, 1100, 395, 3, 14465, 6354, 8381, 0, 0, 33, 1902, 2086, 2990, 91, 0, 0, 17, 41, 128, 2, 24978, 16554, 19881, 1, 0, 0, 316
918,0x129828,6, 1051901,"  100cfc:	e51b3010 	ldr	r3, [fp, #-16]
",benign, 289, 198, 2874, 1, 1771, 1086, 1, 519, 725, 0, 240, 24117, 521, 3, 94, 2873, 1413, 411, 3, 14181, 6334, 8193, 0, 0, 33, 1862, 2033, 2918, 93, 0, 0, 18, 34, 130, 2, 24545, 16323, 19603, 1, 0, 0, 316
919,0x120b70,27, 1053158,"  1011e4:	e51b3018 	ldr	r3, [fp, #-24]	; 0xffffffe8
",benign, 290, 196, 2891, 1, 1790, 1082, 1, 531, 747, 0, 246, 24083, 544, 3, 93, 2878, 1353, 471, 3, 14169, 6528, 8299, 0, 0, 34, 1910, 2072, 2940, 93, 0, 0, 17, 22, 112, 2, 24604, 16632, 19927, 1, 0, 0, 316
920,0x12f24c,15, 1055837,"  101c5c:	e50b300c 	str	r3, [fp, #-12]
",benign, 283, 198, 2877, 1, 1783, 1083, 1, 528, 742, 0, 253, 24197, 539, 3, 92, 2897, 1250, 412, 3, 14080, 6548, 8286, 0, 0, 34, 1897, 2060, 2928, 95, 0, 0, 18, 21, 117, 2, 24747, 16549, 19916, 1, 0, 0, 316
921,0x117a68,1, 1053244,"  10123c:	e51b301c 	ldr	r3, [fp, #-28]	; 0xffffffe4
",benign, 290, 197, 2888, 2, 1789, 1082, 1, 531, 747, 0, 251, 24329, 544, 3, 93, 2822, 1192, 415, 3, 14026, 6468, 8312, 0, 0, 34, 1897, 2069, 2939, 91, 0, 0, 17, 22, 130, 2, 25075, 16403, 19689, 1, 0, 0, 316
922,0x12a674,10, 1057665,"  102380:	e51b3014 	ldr	r3, [fp, #-20]	; 0xffffffec
",benign, 284, 198, 2873, 2, 1766, 1082, 1, 521, 728, 0, 248, 24215, 524, 3, 94, 2984, 1283, 411, 3, 14029, 6422, 8242, 0, 0, 33, 1855, 2052, 2924, 97, 0, 0, 17, 41, 132, 2, 24650, 16455, 19929, 1, 0, 0, 316
923,0x11fdc8,14, 1053054,"  10117c:	e51b3010 	ldr	r3, [fp, #-16]
",benign, 289, 196, 2855, 2, 1753, 1082, 1, 521, 727, 0, 249, 24164, 524, 3, 92, 2927, 1185, 469, 3, 13896, 6545, 8165, 0, 0, 34, 1849, 1999, 2885, 91, 0, 0, 17, 22, 129, 2, 24510, 16312, 19583, 1, 0, 0, 316
924,0x125668,13, 1062367,"  1035dc:	e50b0018 	str	r0, [fp, #-24]	; 0xffffffe8
",benign, 294, 198, 2879, 2, 1783, 1081, 1, 528, 742, 0, 255, 24207, 539, 3, 92, 2619, 1374, 413, 3, 14296, 6676, 8277, 0, 0, 34, 1881, 2049, 2926, 93, 0, 0, 17, 33, 130, 2, 25264, 16584, 19934, 1, 0, 0, 316
925,0x113a58,11, 1053217,"  101220:	e0011003 	and	r1, r1, r3
",benign, 284, 198, 2957, 1, 1831, 1101, 1, 528, 735, 0, 247, 24398, 531, 3, 90, 2978, 1213, 415, 3, 13931, 6329, 8386, 0, 0, 33, 1906, 2086, 2992, 93, 0, 0, 17, 21, 132, 2, 24716, 16545, 19978, 1, 0, 0, 316
926,0x120684,16, 1051901,"  100cfc:	e51b3010 	ldr	r3, [fp, #-16]
",benign, 290, 198, 2894, 2, 1787, 1081, 1, 528, 742, 0, 252, 24161, 539, 3, 92, 2966, 1259, 415, 3, 14259, 6345, 8290, 0, 0, 34, 1883, 2045, 2917, 92, 0, 0, 17, 21, 128, 2, 24803, 16710, 19983, 1, 0, 0, 316
927,0x12e8bc,4, 1055191,"  1019d4:	e50b300c 	str	r3, [fp, #-12]
",benign, 285, 199, 2867, 2, 1765, 1083, 1, 520, 725, 0, 245, 24263, 521, 3, 96, 2914, 1236, 415, 3, 14121, 6337, 8168, 0, 0, 33, 1851, 2030, 2908, 92, 0, 0, 17, 21, 129, 2, 24823, 16296, 19605, 1, 0, 0, 316
928,0x110ed4,22, 1062132,"  1034f4:	e51b3008 	ldr	r3, [fp, #-8]
",benign, 284, 198, 2891, 2, 1779, 1091, 1, 517, 721, 0, 241, 24089, 517, 3, 93, 3020, 1211, 411, 3, 14071, 6248, 8139, 0, 0, 33, 1856, 2025, 2908, 92, 0, 0, 17, 22, 132, 2, 24592, 16335, 19597, 1, 0, 0, 375
929,0x1017a4,25, 1055052,"  10194c:	e50b3018 	str	r3, [fp, #-24]	; 0xffffffe8
",benign, 287, 198, 2730, 2, 1687, 1071, 1, 506, 709, 0, 236, 21679, 506, 3, 93, 2557, 1449, 398, 3, 12138, 6707, 7902, 0, 0, 34, 1822, 2044, 2794, 92, 0, 0, 18, 21, 114, 2, 22287, 14203, 17510, 1, 0, 0, 316
930,0x12f884,21, 1054024,"  101548:	e51b3018 	ldr	r3, [fp, #-24]	; 0xffffffe8
",benign, 343, 256, 2872, 1, 1766, 1089, 1, 517, 721, 0, 244, 24181, 517, 3, 93, 2879, 1400, 415, 3, 14208, 6353, 8142, 0, 0, 33, 1832, 2025, 2906, 91, 0, 0, 17, 22, 132, 2, 24888, 16345, 19848, 1, 0, 0, 316
931,0x13ac2c,19, 1061845,"  1033d4:	e51b3008 	ldr	r3, [fp, #-8]
",benign, 285, 198, 2891, 1, 1793, 1082, 1, 528, 742, 0, 253, 24073, 539, 3, 92, 2916, 1196, 413, 3, 14329, 6538, 8277, 0, 0, 34, 1884, 2048, 2921, 91, 0, 0, 18, 21, 134, 2, 24762, 16386, 19623, 1, 0, 0, 316
932,0x10169c,7, 1050883,"  100900:	e50b300c 	str	r3, [fp, #-12]
",benign, 288, 198, 2885, 2, 1786, 1083, 1, 528, 742, 0, 250, 24111, 539, 3, 91, 2888, 1174, 415, 3, 14007, 6419, 8284, 0, 0, 34, 1882, 2040, 2940, 93, 0, 0, 18, 33, 131, 2, 24919, 16629, 20078, 1, 0, 0, 316
933,0x1343d4,1, 1053165,"  1011ec:	e51b3014 	ldr	r3, [fp, #-20]	; 0xffffffec
",benign, 286, 198, 2887, 1, 1774, 1087, 1, 519, 725, 0, 241, 24077, 521, 3, 93, 2651, 1418, 415, 3, 14276, 6589, 8189, 0, 0, 33, 1848, 2027, 2912, 91, 0, 0, 17, 22, 128, 2, 24785, 16380, 19839, 1, 0, 0, 316
934,0x118024,5, 1053316,"  101284:	e50b300c 	str	r3, [fp, #-12]
",benign, 284, 198, 2960, 2, 1833, 1101, 1, 528, 735, 0, 249, 24296, 531, 3, 90, 2809, 1622, 411, 3, 14129, 6443, 8383, 0, 0, 33, 1911, 2084, 2984, 91, 0, 0, 17, 34, 132, 2, 25244, 16640, 20223, 1, 0, 0, 316
935,0x12c87c,23, 1053901,"  1014cc:	e1a02de3 	ror	r2, r3, #27
",benign, 284, 198, 2958, 2, 1841, 1100, 1, 528, 735, 0, 247, 24461, 531, 3, 91, 2856, 1411, 415, 3, 14040, 6446, 8376, 0, 0, 33, 1916, 2084, 2988, 93, 0, 0, 17, 42, 132, 2, 24870, 16704, 20026, 1, 0, 0, 316
936,0x10ec68,6, 1055169,"  1019c0:	e1a03163 	ror	r3, r3, #2
",benign, 294, 197, 2883, 2, 1780, 1084, 1, 527, 741, 0, 255, 24456, 538, 3, 93, 2752, 1206, 415, 3, 14095, 6535, 8285, 0, 0, 34, 1883, 2051, 2918, 91, 0, 0, 18, 21, 130, 2, 24995, 16372, 19649, 1, 0, 0, 316
937,0x1315f0,31, 1052448,"  100f20:	e50b3018 	str	r3, [fp, #-24]	; 0xffffffe8
",benign, 341, 257, 2874, 2, 1780, 1083, 1, 521, 728, 0, 240, 24086, 524, 3, 94, 2777, 1232, 395, 3, 13934, 6232, 8191, 0, 0, 33, 1851, 2036, 2921, 93, 0, 0, 17, 39, 112, 2, 24794, 16479, 19819, 1, 0, 0, 316
938,0x10579c,5, 1056251,"  101df8:	e0033000 	and	r3, r3, r0
",benign, 289, 198, 2874, 1, 1772, 1080, 1, 521, 728, 0, 248, 24062, 524, 3, 95, 2945, 1325, 415, 3, 14052, 6246, 8214, 0, 0, 33, 1855, 2036, 2915, 91, 0, 0, 17, 40, 310, 2, 24938, 16390, 19694, 1, 0, 0, 316
939,0x13a8e0,8, 1052446,"  100f1c:	e51b3014 	ldr	r3, [fp, #-20]	; 0xffffffec
",benign, 290, 198, 2880, 2, 1776, 1083, 1, 528, 742, 0, 245, 24355, 539, 3, 92, 2893, 1286, 415, 3, 14094, 6445, 8250, 0, 0, 34, 1873, 2069, 2925, 95, 0, 0, 17, 33, 132, 2, 24910, 16388, 19697, 1, 0, 0, 316
940,0x10aa1c,5, 1057540,"  102304:	e51b3014 	ldr	r3, [fp, #-20]	; 0xffffffec
",benign, 285, 197, 2868, 2, 1770, 1088, 1, 517, 721, 0, 245, 24213, 517, 3, 94, 2908, 1098, 395, 3, 14296, 6638, 8181, 0, 0, 33, 1915, 2073, 2911, 93, 0, 0, 17, 33, 132, 2, 24804, 16271, 19727, 1, 0, 0, 316
941,0x1260d8,28, 1051291,"  100a98:	e51b1010 	ldr	r1, [fp, #-16]
",benign, 288, 198, 2894, 1, 1779, 1083, 1, 528, 742, 0, 251, 24231, 539, 3, 91, 2866, 1374, 411, 3, 14208, 6694, 8255, 0, 0, 34, 1952, 2123, 2921, 92, 0, 0, 17, 21, 115, 2, 24654, 16535, 19854, 1, 0, 0, 316
942,0x10801c,3, 1055527,"  101b24:	e51b1010 	ldr	r1, [fp, #-16]
",benign, 293, 198, 2863, 2, 1775, 1083, 1, 522, 734, 0, 235, 24278, 531, 3, 92, 2793, 1399, 374, 3, 14333, 6552, 8207, 0, 0, 34, 1839, 2050, 2907, 91, 0, 0, 17, 34, 128, 2, 24545, 16393, 19638, 1, 0, 0, 316
943,0x12649c,31, 1060709,"  102f64:	e51b3008 	ldr	r3, [fp, #-8]
",benign, 288, 198, 2958, 2, 1836, 1099, 1, 528, 735, 0, 243, 24292, 531, 3, 90, 2898, 1195, 413, 3, 14225, 6520, 8416, 0, 0, 33, 1908, 2092, 2992, 93, 0, 0, 17, 33, 128, 2, 24933, 16401, 19632, 1, 0, 0, 316
944,0x102d28,29, 1054127,"  1015ac:	e51b3014 	ldr	r3, [fp, #-20]	; 0xffffffec
",benign, 285, 198, 2874, 2, 1781, 1087, 1, 519, 725, 0, 239, 24098, 521, 3, 93, 2999, 1216, 411, 3, 14327, 6644, 8187, 0, 0, 33, 1851, 2029, 2912, 91, 0, 0, 17, 33, 130, 2, 24738, 16442, 19719, 1, 0, 0, 316
945,0x11db80,2, 1055222,"  1019f4:	e0822003 	add	r2, r2, r3
",benign, 345, 255, 2870, 1, 1769, 1082, 1, 521, 728, 0, 239, 24034, 524, 3, 96, 2911, 1263, 411, 3, 14134, 6562, 8227, 0, 0, 33, 1844, 2037, 2909, 91, 0, 0, 17, 22, 132, 2, 24617, 16401, 19698, 1, 0, 0, 316
946,0x117ad0,17, 1061285,"  1031a4:	e24b3a02 	sub	r3, fp, #8192	; 0x2000
",benign, 287, 198, 2874, 2, 1776, 1083, 1, 528, 742, 0, 257, 24027, 539, 3, 92, 3063, 1191, 415, 3, 14479, 6633, 8274, 0, 0, 34, 1888, 2047, 2927, 91, 0, 0, 17, 21, 132, 2, 25282, 16486, 19787, 1, 0, 0, 316
947,0x13c8c0,7, 1054042,"  101558:	e0822003 	add	r2, r2, r3
",benign, 346, 256, 2874, 2, 1785, 1083, 1, 527, 741, 0, 255, 24224, 538, 3, 93, 2783, 1409, 415, 3, 14682, 6782, 8302, 0, 0, 34, 1889, 2054, 2921, 92, 0, 0, 18, 42, 132, 2, 24912, 16443, 19734, 1, 0, 0, 316
948,0x11a13c,18, 1060648,"  102f28:	e30a3b89 	movw	r3, #43913	; 0xab89
",benign, 285, 198, 2964, 2, 1835, 1099, 1, 528, 735, 0, 249, 24416, 531, 3, 90, 2781, 1289, 411, 3, 14040, 6188, 8372, 0, 0, 33, 1900, 2075, 2987, 91, 0, 0, 17, 60, 132, 2, 24989, 16699, 20033, 1, 0, 0, 316
949,0x11b624,12, 1053829,"  101484:	e51b310c 	ldr	r3, [fp, #-268]	; 0xfffffef4
",benign, 286, 197, 2873, 2, 1776, 1089, 1, 517, 721, 0, 247, 24213, 517, 3, 93, 3209, 1210, 395, 3, 14003, 6419, 8165, 0, 0, 33, 1848, 2028, 2910, 91, 0, 0, 17, 22, 132, 2, 24656, 16455, 19899, 1, 0, 0, 316
950,0x12161c,7, 1052892,"  1010dc:	e51b312c 	ldr	r3, [fp, #-300]	; 0xfffffed4
",benign, 285, 198, 2872, 1, 1774, 1083, 1, 521, 728, 0, 251, 23985, 524, 3, 94, 2746, 1435, 413, 3, 13837, 6197, 8208, 0, 0, 33, 1848, 2033, 2918, 91, 0, 0, 17, 33, 115, 2, 24603, 16210, 19472, 1, 0, 0, 316
951,0x12e4d4,7, 1060688,"  102f50:	e582300c 	str	r3, [r2, #12]
",benign, 531, 448, 2879, 2, 1769, 1083, 1, 520, 725, 0, 244, 24380, 521, 3, 95, 2999, 1202, 395, 3, 14135, 6517, 8199, 0, 0, 33, 1851, 2037, 2910, 93, 0, 0, 18, 34, 134, 2, 24752, 16399, 19823, 1, 0, 0, 316
952,0x131d5c,11, 1058481,"  1026b0:	e34c3a62 	movt	r3, #51810	; 0xca62
",benign, 287, 197, 2868, 1, 1766, 1085, 1, 517, 721, 0, 237, 24322, 517, 3, 93, 3087, 1187, 413, 3, 14066, 6213, 8160, 0, 0, 33, 1843, 2025, 2905, 91, 0, 0, 17, 33, 132, 2, 24609, 16126, 19405, 1, 0, 0, 316
953,0x134970,4, 1050348,"  1006ec:	e1a02003 	mov	r2, r3
",benign, 335, 198, 3036, 5, 1888, 1108, 1, 539, 765, 0, 263, 27008, 563, 3, 92, 3416, 1033, 400, 3, 16540, 6981, 8622, 0, 0, 35, 1982, 2134, 3039, 92, 0, 0, 17, 21, 116, 5, 27385, 19445, 22828, 3, 0, 0, 316
954,0x1223bc,8, 1055905,"  101ca0:	e30b3cdc 	movw	r3, #48348	; 0xbcdc
",benign, 288, 198, 2873, 2, 1778, 1085, 1, 519, 725, 0, 247, 24390, 521, 3, 93, 2974, 1223, 395, 3, 14103, 6454, 8200, 0, 0, 33, 1853, 2031, 2919, 94, 0, 0, 17, 71, 132, 2, 24664, 16376, 19707, 1, 0, 0, 316
955,0x131bd8,24, 1054596,"  101784:	e3463ed9 	movt	r3, #28377	; 0x6ed9
",benign, 290, 196, 2852, 1, 1750, 1082, 1, 521, 727, 0, 248, 24263, 524, 3, 92, 3000, 1132, 415, 3, 14106, 6604, 8140, 0, 0, 34, 1847, 2011, 2907, 95, 0, 0, 18, 34, 134, 2, 24505, 16184, 19535, 1, 0, 0, 316
956,0x11d31c,24, 1059386,"  102a38:	e51b300c 	ldr	r3, [fp, #-12]
",benign, 295, 199, 2895, 1, 1785, 1081, 1, 527, 741, 0, 251, 24632, 538, 3, 93, 2868, 1302, 473, 3, 14381, 6544, 8298, 0, 0, 34, 1947, 2116, 2929, 93, 0, 0, 17, 34, 128, 2, 25115, 16489, 19766, 1, 0, 0, 316
957,0x13a484,29, 1061456,"  103250:	e51b3014 	ldr	r3, [fp, #-20]	; 0xffffffec
",benign, 288, 200, 2940, 2, 1816, 1095, 1, 524, 728, 0, 247, 24259, 524, 3, 94, 2869, 1545, 468, 3, 14301, 6407, 8341, 0, 0, 33, 1878, 2056, 2959, 91, 0, 0, 17, 53, 132, 2, 24807, 16555, 19824, 1, 0, 0, 316
958,0x1222ec,12, 1054513,"  101730:	e50b3018 	str	r3, [fp, #-24]	; 0xffffffe8
",benign, 293, 197, 2885, 2, 1780, 1083, 1, 527, 741, 0, 252, 24161, 538, 3, 94, 2770, 1433, 415, 3, 14365, 6632, 8298, 0, 0, 34, 1893, 2055, 2939, 93, 0, 0, 17, 73, 130, 2, 24627, 16506, 19845, 1, 0, 0, 316
959,0x125d28,20, 1062047,"  10349c:	e5cc3000 	strb	r3, [ip]
",benign, 287, 198, 2892, 2, 1781, 1082, 1, 527, 741, 0, 250, 24107, 538, 3, 95, 2838, 1307, 398, 3, 14192, 6569, 8276, 0, 0, 34, 1882, 2058, 2933, 94, 0, 0, 17, 21, 128, 2, 25050, 16559, 19845, 1, 0, 0, 316
960,0x132614,13, 1056817,"  102030:	e51b300c 	ldr	r3, [fp, #-12]
",benign, 286, 198, 2888, 2, 1777, 1087, 1, 519, 725, 0, 243, 24024, 521, 3, 93, 2814, 1416, 411, 3, 13995, 6350, 8194, 0, 0, 33, 1842, 2033, 2922, 93, 0, 0, 17, 22, 130, 2, 24976, 16410, 19728, 1, 0, 0, 316
961,0x11cef0,16, 1060702,"  102f5c:	e34c33d2 	movt	r3, #50130	; 0xc3d2
",benign, 297, 199, 3038, 2, 1878, 1106, 1, 539, 765, 0, 259, 26678, 563, 3, 94, 2884, 1162, 453, 3, 15987, 6418, 8576, 0, 0, 35, 2014, 2192, 3033, 92, 0, 0, 18, 74, 114, 2, 27097, 18936, 22203, 1, 0, 0, 316
962,0x10631c,10, 1056131,"  101d80:	e1813003 	orr	r3, r1, r3
",benign, 286, 197, 2870, 1, 1767, 1087, 1, 517, 721, 0, 248, 24337, 517, 3, 93, 2728, 1204, 415, 3, 13918, 6305, 8178, 0, 0, 33, 1841, 2031, 2901, 92, 0, 0, 18, 22, 132, 2, 24655, 16359, 19699, 1, 0, 0, 316
963,0x11da34,4, 1057867,"  102448:	e1813003 	orr	r3, r1, r3
",benign, 289, 198, 2885, 2, 1777, 1083, 1, 528, 742, 0, 257, 24497, 539, 3, 91, 3021, 1206, 415, 3, 14275, 6489, 8263, 0, 0, 34, 1891, 2050, 2917, 93, 0, 0, 17, 34, 130, 2, 24817, 16412, 19667, 1, 0, 0, 316
964,0x1398e0,6, 1061669,"  103324:	e2833040 	add	r3, r3, #64	; 0x40
",benign, 291, 199, 2882, 1, 1783, 1082, 1, 527, 741, 0, 255, 24102, 538, 3, 93, 2865, 1216, 395, 3, 14604, 6783, 8263, 0, 0, 34, 1876, 2056, 2932, 93, 0, 0, 17, 34, 130, 2, 25235, 16641, 19938, 1, 0, 0, 316
965,0x11c508,19, 1050365,"  1006fc:	e24b0f7b 	sub	r0, fp, #492	; 0x1ec
",benign, 393, 198, 2870, 5, 1767, 1084, 1, 520, 725, 0, 250, 25050, 521, 3, 95, 3374, 1339, 406, 3, 15101, 7617, 8285, 0, 0, 33, 1913, 2096, 2900, 92, 0, 0, 17, 21, 125, 5, 25752, 17222, 20554, 3, 0, 0, 316
966,0x10c9a4,8, 1051858,"  100cd0:	e1a03163 	ror	r3, r3, #2
",benign, 345, 257, 2868, 2, 1767, 1086, 1, 520, 725, 0, 243, 24182, 521, 3, 95, 3039, 1199, 398, 3, 14009, 6393, 8164, 0, 0, 33, 1845, 2024, 2908, 91, 0, 0, 18, 21, 130, 2, 25005, 16306, 19667, 1, 0, 0, 316
967,0x100840,9, 1056609,"  101f60:	e0011003 	and	r1, r1, r3
",benign, 289, 196, 2910, 2, 1808, 1085, 1, 531, 747, 0, 250, 24662, 544, 3, 93, 3308, 1220, 415, 3, 14100, 6214, 8317, 0, 0, 34, 1902, 2054, 2927, 91, 0, 0, 17, 21, 114, 2, 24968, 16658, 19971, 1, 0, 0, 316
968,0x1068b0,18, 1062088,"  1034c8:	e1a03001 	mov	r3, r1
",benign, 286, 198, 2866, 1, 1775, 1082, 1, 521, 728, 0, 247, 23896, 524, 3, 94, 2614, 1459, 414, 3, 14169, 6484, 8166, 0, 0, 33, 1912, 2092, 2908, 93, 0, 0, 17, 41, 128, 2, 24703, 16213, 19457, 1, 0, 0, 316
969,0x10cf00,29, 1051779,"  100c80:	e0011003 	and	r1, r1, r3
",benign, 283, 198, 2954, 2, 1835, 1100, 1, 528, 735, 0, 248, 24326, 531, 3, 90, 2602, 1587, 415, 3, 14247, 6460, 8404, 0, 0, 33, 1902, 2086, 2991, 91, 0, 0, 17, 21, 130, 2, 24823, 16690, 20138, 1, 0, 0, 316
970,0x107718,3, 1060630,"  102f14:	e51b2008 	ldr	r2, [fp, #-8]
",benign, 283, 198, 2886, 2, 1775, 1087, 1, 519, 725, 0, 240, 23963, 521, 3, 93, 2591, 1276, 412, 3, 14089, 6237, 8203, 0, 0, 33, 1848, 2037, 2920, 93, 0, 0, 18, 34, 134, 2, 24707, 16568, 19844, 1, 0, 0, 316
971,0x10c648,4, 1059632,"  102b30:	e0211003 	eor	r1, r1, r3
",benign, 289, 197, 2853, 2, 1752, 1082, 1, 521, 727, 0, 255, 24048, 524, 3, 92, 2968, 1106, 415, 3, 14415, 6734, 8165, 0, 0, 34, 1829, 2021, 2884, 91, 0, 0, 17, 42, 132, 2, 24704, 16403, 19883, 1, 0, 0, 374
972,0x10065c,29, 1057932,"  10248c:	e51b300c 	ldr	r3, [fp, #-12]
",benign, 294, 198, 2868, 1, 1783, 1085, 1, 522, 734, 0, 238, 24070, 531, 3, 91, 2881, 1161, 398, 3, 14337, 6675, 8213, 0, 0, 34, 1838, 2062, 2905, 92, 0, 0, 18, 72, 134, 2, 24760, 16368, 19723, 1, 0, 0, 316
973,0x132e84,25, 1050875,"  1008f8:	0a000001 	beq	100904 <search_wrap+0x23c>
",benign, 360, 198, 2888, 7, 1782, 1082, 1, 527, 741, 0, 246, 24975, 538, 3, 92, 3177, 1105, 413, 3, 14819, 7354, 8338, 0, 0, 34, 1868, 2070, 2915, 91, 0, 0, 17, 21, 114, 4, 25406, 17226, 20792, 3, 0, 0, 316
974,0x107a54,27, 1054286,"  10164c:	e51b3018 	ldr	r3, [fp, #-24]	; 0xffffffe8
",benign, 287, 197, 2859, 2, 1762, 1082, 1, 521, 727, 0, 253, 24125, 524, 3, 92, 2683, 1369, 415, 3, 14107, 6415, 8193, 0, 0, 34, 1839, 2025, 2893, 93, 0, 0, 17, 34, 128, 2, 24677, 16460, 19737, 1, 0, 0, 316
975,0x117244,9, 1051787,"  100c88:	e1e00003 	mvn	r0, r3
",benign, 288, 197, 2881, 2, 1781, 1090, 1, 517, 721, 0, 246, 24266, 517, 3, 93, 2918, 1198, 473, 3, 14122, 6263, 8155, 0, 0, 33, 1838, 2014, 2905, 91, 0, 0, 17, 22, 132, 2, 24786, 16318, 19629, 1, 0, 0, 316
976,0x11cd14,9, 1055561,"  101b48:	e0822003 	add	r2, r2, r3
",benign, 287, 197, 2869, 2, 1768, 1082, 1, 521, 728, 0, 245, 24011, 524, 3, 94, 2529, 1627, 471, 3, 14135, 6310, 8195, 0, 0, 33, 1860, 2036, 2904, 92, 0, 0, 18, 33, 134, 2, 24780, 16176, 19411, 1, 0, 0, 316
977,0x12b138,29, 1062186,"  103528:	3affffe1 	bcc	1034b4 <sha+0xa4>
",benign, 290, 198, 2884, 2, 1781, 1082, 1, 527, 741, 0, 254, 24353, 538, 3, 92, 2988, 1257, 415, 3, 14155, 6531, 8287, 0, 0, 34, 1886, 2061, 2928, 96, 0, 0, 17, 21, 130, 2, 24864, 16545, 19874, 1, 0, 0, 316
978,0x10ebe4,17, 1053192,"  101208:	e51b3020 	ldr	r3, [fp, #-32]	; 0xffffffe0
",benign, 286, 198, 2966, 1, 1848, 1101, 1, 528, 735, 0, 248, 24614, 531, 3, 91, 3017, 1209, 398, 3, 14503, 6773, 8409, 0, 0, 33, 1918, 2085, 2992, 94, 0, 0, 17, 53, 132, 2, 24815, 16571, 19820, 1, 0, 0, 316
979,0x138efc,11, 1054092,"  10158c:	e50b3014 	str	r3, [fp, #-20]	; 0xffffffec
",benign, 346, 257, 2887, 2, 1780, 1083, 1, 528, 742, 0, 249, 24175, 539, 3, 92, 2954, 1257, 412, 3, 14395, 6805, 8268, 0, 0, 34, 1880, 2043, 2916, 91, 0, 0, 17, 21, 132, 2, 24750, 16710, 20074, 1, 0, 0, 316
980,0x10968c,2, 1059331,"  102a00:	e0822003 	add	r2, r2, r3
",benign, 292, 198, 2899, 2, 1787, 1083, 1, 527, 741, 0, 251, 24665, 538, 3, 93, 2752, 1210, 415, 3, 14316, 6507, 8309, 0, 0, 34, 1883, 2054, 2930, 93, 0, 0, 17, 22, 132, 2, 24865, 16445, 19779, 1, 0, 0, 316
981,0x13b5c8,13, 1056277,"  101e14:	e30b3cdc 	movw	r3, #48348	; 0xbcdc
",benign, 284, 197, 2869, 2, 1764, 1086, 1, 517, 721, 0, 241, 24470, 517, 3, 93, 2936, 1181, 415, 3, 13911, 6327, 8173, 0, 0, 33, 1843, 2029, 2909, 93, 0, 0, 17, 73, 130, 2, 24756, 16422, 19740, 1, 0, 0, 316
982,0x12e678,13, 1050137,"  100618:	e51b3010 	ldr	r3, [fp, #-16]
",benign, 369, 199, 2881, 6, 1773, 1086, 1, 519, 725, 0, 240, 24995, 521, 3, 94, 3095, 1247, 406, 3, 15127, 7404, 8254, 0, 0, 33, 1902, 2117, 2903, 91, 0, 0, 18, 22, 114, 5, 25442, 17314, 20728, 3, 0, 0, 375
983,0x1103e8,23, 1057097,"  102148:	e1811003 	orr	r1, r1, r3
",benign, 290, 197, 2882, 2, 1790, 1083, 1, 528, 742, 0, 253, 24541, 539, 3, 91, 2839, 1187, 411, 3, 14118, 6540, 8279, 0, 0, 34, 1880, 2050, 2914, 91, 0, 0, 17, 41, 132, 2, 24852, 16292, 19567, 1, 0, 0, 316
984,0x10dccc,19, 1050556,"  1007bc:	e51331e8 	ldr	r3, [r3, #-488]	; 0xfffffe18
",benign, 331, 197, 2864, 4, 1761, 1085, 1, 517, 721, 0, 256, 24345, 517, 3, 92, 3213, 1142, 404, 3, 14306, 6740, 8151, 0, 0, 33, 1825, 2048, 2894, 91, 0, 0, 17, 22, 121, 3, 25064, 16776, 20161, 3, 0, 0, 316
985,0x11fc1c,27, 1058541,"  1026ec:	e1a02de3 	ror	r2, r3, #27
",benign, 293, 199, 3039, 2, 1884, 1104, 1, 539, 765, 0, 256, 26477, 563, 3, 94, 2903, 1299, 415, 3, 16459, 6584, 8577, 0, 0, 35, 1968, 2134, 3043, 91, 0, 0, 17, 22, 132, 2, 26996, 18705, 21960, 1, 0, 0, 316
986,0x11e30c,30, 1052095,"  100dbc:	e51b3010 	ldr	r3, [fp, #-16]
",benign, 291, 199, 3030, 2, 1876, 1108, 1, 539, 765, 0, 253, 26573, 563, 3, 94, 3287, 1227, 415, 3, 16463, 6635, 8577, 0, 0, 35, 1984, 2122, 3037, 91, 0, 0, 18, 21, 134, 2, 27296, 18709, 22150, 1, 0, 0, 316
987,0x1362c8,6, 1058119,"  102544:	e0822003 	add	r2, r2, r3
",benign, 284, 198, 2872, 1, 1767, 1081, 1, 521, 728, 0, 241, 23877, 524, 3, 94, 2520, 1211, 398, 3, 14214, 6162, 8217, 0, 0, 33, 1856, 2036, 2918, 94, 0, 0, 18, 22, 131, 2, 25057, 16198, 19531, 1, 0, 0, 316
988,0x103e9c,14, 1051963,"  100d38:	e50b301c 	str	r3, [fp, #-28]	; 0xffffffe4
",benign, 293, 199, 3040, 2, 1887, 1108, 1, 539, 765, 0, 258, 26419, 563, 3, 94, 3028, 1200, 411, 3, 16202, 6519, 8581, 0, 0, 35, 1961, 2130, 3041, 91, 0, 0, 17, 21, 132, 2, 27368, 18794, 22075, 1, 0, 0, 374
989,0x1338c4,16, 1058289,"  1025f0:	e50b3018 	str	r3, [fp, #-24]	; 0xffffffe8
",benign, 284, 199, 2871, 2, 1769, 1086, 1, 519, 725, 0, 247, 24374, 521, 3, 94, 2976, 1216, 395, 3, 14210, 6507, 8175, 0, 0, 33, 1847, 2035, 2911, 91, 0, 0, 18, 73, 132, 2, 24866, 16327, 19597, 1, 0, 0, 372
990,0x131ad4,16, 1052689,"  101010:	e50b3018 	str	r3, [fp, #-24]	; 0xffffffe8
",benign, 289, 199, 2869, 2, 1776, 1084, 1, 520, 725, 0, 250, 24287, 521, 3, 96, 2886, 1182, 413, 3, 14042, 6464, 8189, 0, 0, 33, 1857, 2023, 2900, 93, 0, 0, 17, 21, 128, 2, 24865, 16390, 19667, 1, 0, 0, 316
991,0x12c1f8,17, 1057921,"  102480:	e51b3010 	ldr	r3, [fp, #-16]
",benign, 290, 198, 2882, 2, 1789, 1082, 1, 527, 741, 0, 250, 24222, 538, 3, 93, 2740, 1427, 554, 3, 14204, 6613, 8297, 0, 0, 34, 1876, 2067, 2928, 93, 0, 0, 18, 21, 131, 2, 24710, 16682, 20040, 1, 0, 0, 316
992,0x1000fc,6, 1058081,"  102520:	e51b1014 	ldr	r1, [fp, #-20]	; 0xffffffec
",benign, 292, 198, 2889, 2, 1781, 1085, 1, 527, 741, 0, 249, 24085, 538, 3, 93, 3051, 1209, 398, 3, 14022, 6477, 8276, 0, 0, 34, 1941, 2117, 2933, 93, 0, 0, 17, 22, 128, 2, 24818, 16592, 20119, 1, 0, 0, 316
993,0x124104,21, 1050232,"  100678:	e50b3014 	str	r3, [fp, #-20]	; 0xffffffec
",benign, 282, 198, 2796, 1, 1706, 1078, 1, 506, 703, 0, 223, 23721, 499, 3, 93, 2784, 1230, 411, 3, 14165, 6478, 7934, 0, 0, 33, 1768, 1987, 2828, 93, 0, 0, 17, 43, 132, 2, 24543, 16021, 19370, 1, 0, 0, 316
994,0x109e38,25, 1061436,"  10323c:	e1a00001 	mov	r0, r1
",benign, 345, 254, 2895, 2, 1789, 1091, 1, 519, 725, 0, 246, 24177, 521, 3, 93, 2987, 1199, 413, 3, 14017, 6385, 8196, 0, 0, 33, 1850, 2028, 2922, 94, 0, 0, 17, 22, 130, 2, 25012, 16476, 19834, 1, 0, 0, 316
995,0x13a034,13, 1050772,"  100894:	e0823003 	add	r3, r2, r3
",benign, 306, 198, 2894, 7, 1787, 1084, 1, 528, 742, 0, 252, 24564, 539, 3, 92, 3069, 1391, 416, 3, 14590, 7222, 8278, 0, 0, 34, 1871, 2091, 2919, 91, 0, 0, 18, 21, 136, 11, 24989, 16586, 20020, 4, 0, 0, 316
996,0x116588,20, 1059951,"  102c6c:	e51b1010 	ldr	r1, [fp, #-16]
",benign, 342, 254, 2896, 1, 1786, 1083, 1, 527, 741, 0, 250, 24288, 538, 3, 93, 3125, 1175, 398, 3, 14139, 6610, 8297, 0, 0, 34, 1889, 2060, 2924, 91, 0, 0, 17, 41, 112, 2, 24838, 16503, 19970, 1, 0, 0, 316
997,0x1086bc,19, 1054261,"  101634:	e51b30fc 	ldr	r3, [fp, #-252]	; 0xffffff04
",benign, 285, 198, 2869, 2, 1769, 1082, 1, 521, 728, 0, 246, 23995, 524, 3, 94, 2791, 1580, 411, 3, 14074, 6318, 8190, 0, 0, 33, 1870, 2030, 2913, 94, 0, 0, 17, 23, 128, 2, 24716, 16463, 19791, 1, 0, 0, 316
998,0x11e630,15, 1059693,"  102b6c:	e50b3018 	str	r3, [fp, #-24]	; 0xffffffe8
",benign, 293, 198, 2893, 2, 1782, 1082, 1, 527, 741, 0, 250, 24241, 538, 3, 92, 2677, 1427, 415, 3, 13954, 6325, 8291, 0, 0, 34, 1883, 2054, 2919, 91, 0, 0, 17, 34, 128, 2, 24791, 16634, 19974, 1, 0, 0, 316
999,0x11b290,2, 1053723,"  101418:	e51b3110 	ldr	r3, [fp, #-272]	; 0xfffffef0
",benign, 286, 197, 2869, 2, 1771, 1085, 1, 517, 721, 0, 242, 24188, 517, 3, 93, 2829, 1358, 468, 3, 13861, 6276, 8157, 0, 0, 33, 1839, 2026, 2904, 91, 0, 0, 17, 33, 128, 2, 24570, 16311, 19557, 1, 0, 0, 316
1000,0x13cee8,8, 1050977,"  100960:	e3a03000 	mov	r3, #0
",benign, 284, 198, 2947, 1, 1829, 1099, 1, 528, 735, 0, 247, 24364, 531, 3, 90, 2722, 1315, 411, 3, 14136, 6506, 8428, 0, 0, 33, 1916, 2083, 2993, 91, 0, 0, 17, 33, 128, 2, 25010, 16517, 19949, 1, 0, 0, 316
1001,0x1087fc,23, 1053082,"  101198:	e51b300c 	ldr	r3, [fp, #-12]
",benign, 289, 197, 2869, 1, 1767, 1082, 1, 522, 734, 0, 234, 23882, 531, 3, 92, 3004, 1301, 411, 3, 14268, 6647, 8224, 0, 0, 34, 1899, 2120, 2907, 94, 0, 0, 17, 33, 112, 2, 24721, 16506, 19778, 1, 0, 0, 316
1002,0x12e130,1, 1051144,"  100a08:	e0222003 	eor	r2, r2, r3
",benign, 343, 254, 2883, 2, 1773, 1082, 1, 521, 728, 0, 244, 23908, 524, 3, 93, 2784, 1253, 415, 3, 14279, 6300, 8236, 0, 0, 33, 1850, 2031, 2918, 93, 0, 0, 17, 53, 132, 2, 24777, 16373, 19649, 1, 0, 0, 316
1003,0x1132cc,8, 1057529,"  1022f8:	e50b3020 	str	r3, [fp, #-32]	; 0xffffffe0
",benign, 346, 255, 2901, 2, 1786, 1084, 1, 528, 742, 0, 247, 24306, 539, 3, 92, 2774, 1191, 415, 3, 14257, 6336, 8272, 0, 0, 34, 1887, 2050, 2923, 91, 0, 0, 18, 33, 131, 2, 24836, 16555, 19886, 1, 0, 0, 375
1004,0x10ab0c,28, 1059952,"  102c70:	e51b3014 	ldr	r3, [fp, #-20]	; 0xffffffec
",benign, 286, 199, 2884, 2, 1771, 1083, 1, 520, 725, 0, 256, 24048, 521, 3, 95, 2841, 1231, 412, 3, 14096, 6528, 8195, 0, 0, 33, 1840, 2029, 2903, 91, 0, 0, 18, 34, 134, 2, 24850, 16268, 19559, 1, 0, 0, 316
1005,0x135d48,13, 1061096,"  1030e8:	e283201c 	add	r2, r3, #28
",benign, 287, 197, 2882, 2, 1775, 1082, 1, 521, 728, 0, 247, 24067, 524, 3, 94, 2894, 1265, 415, 3, 14261, 6385, 8210, 0, 0, 33, 1853, 2036, 2913, 93, 0, 0, 17, 41, 132, 2, 24717, 16393, 19785, 1, 0, 0, 316
1006,0x139dd8,22, 1052184,"  100e18:	e3453a82 	movt	r3, #23170	; 0x5a82
",benign, 286, 198, 2873, 2, 1779, 1083, 1, 521, 728, 0, 249, 23933, 524, 3, 94, 2928, 1250, 415, 3, 13933, 6436, 8232, 0, 0, 33, 1855, 2034, 2905, 91, 0, 0, 17, 33, 128, 2, 24425, 16394, 19791, 1, 0, 0, 316
1007,0x1297a8,31, 1061432,"  103238:	e2411004 	sub	r1, r1, #4
",benign, 287, 198, 2877, 2, 1780, 1085, 1, 519, 725, 0, 239, 24410, 521, 3, 93, 3012, 1273, 415, 3, 14300, 6470, 8204, 0, 0, 33, 1847, 2028, 2924, 93, 0, 0, 18, 34, 134, 2, 24847, 16483, 19899, 1, 0, 0, 374
1008,0x120e54,5, 1057880,"  102458:	e51b3080 	ldr	r3, [fp, #-128]	; 0xffffff80
",benign, 286, 198, 2958, 1, 1830, 1101, 1, 528, 735, 0, 244, 24377, 531, 3, 90, 2910, 1087, 398, 3, 14228, 6447, 8394, 0, 0, 33, 1912, 2089, 2995, 98, 0, 0, 18, 34, 130, 2, 24957, 16620, 19893, 1, 0, 0, 316
1009,0x11a098,2, 1054004,"  101534:	e51b300c 	ldr	r3, [fp, #-12]
",benign, 287, 197, 2876, 2, 1777, 1086, 1, 517, 721, 0, 242, 24015, 517, 3, 93, 3008, 1152, 415, 3, 14323, 6724, 8166, 0, 0, 33, 1843, 2021, 2906, 92, 0, 0, 17, 34, 112, 2, 24788, 16553, 19992, 1, 0, 0, 316
1010,0x1127c8,3, 1057140,"  102174:	e0822003 	add	r2, r2, r3
",benign, 432, 333, 2903, 1, 1811, 1086, 1, 531, 747, 0, 247, 24313, 544, 3, 93, 2840, 1419, 415, 3, 14212, 6608, 8332, 0, 0, 34, 1882, 2071, 2931, 93, 0, 0, 17, 21, 130, 2, 24999, 16750, 20077, 1, 0, 0, 316
1011,0x1256b4,13, 1051096,"  1009d8:	e2433008 	sub	r3, r3, #8
",benign, 287, 199, 2871, 2, 1768, 1085, 1, 520, 725, 0, 248, 24137, 521, 3, 94, 2773, 1401, 415, 3, 14026, 6431, 8204, 0, 0, 33, 1856, 2032, 2907, 91, 0, 0, 18, 33, 132, 2, 25089, 16350, 19618, 1, 0, 0, 316
1012,0x1038e0,7, 1057953,"  1024a0:	e1a02de3 	ror	r2, r3, #27
",benign, 284, 198, 2872, 2, 1774, 1081, 1, 521, 728, 0, 241, 24172, 524, 3, 94, 2764, 1384, 413, 3, 14150, 6463, 8205, 0, 0, 33, 1842, 2033, 2906, 91, 0, 0, 18, 34, 117, 2, 24492, 16123, 19469, 1, 0, 0, 372
1013,0x110d64,19, 1057926,"  102484:	e1a03163 	ror	r3, r3, #2
",benign, 289, 199, 3040, 2, 1880, 1106, 1, 539, 765, 0, 266, 26715, 563, 3, 94, 3056, 1410, 415, 3, 16504, 6796, 8599, 0, 0, 35, 2037, 2187, 3038, 92, 0, 0, 17, 21, 130, 2, 26899, 18894, 22149, 1, 0, 0, 316
1014,0x10591c,26, 1055101,"  10197c:	e0211003 	eor	r1, r1, r3
",benign, 291, 197, 2864, 1, 1767, 1080, 1, 522, 734, 0, 245, 24217, 531, 3, 93, 2787, 1236, 415, 3, 14426, 6767, 8226, 0, 0, 34, 1904, 2112, 2899, 92, 0, 0, 17, 21, 132, 2, 24781, 16446, 19692, 1, 0, 0, 316
1015,0x119fc4,9, 1051565,"  100bac:	e51b301c 	ldr	r3, [fp, #-28]	; 0xffffffe4
",benign, 283, 199, 2888, 2, 1789, 1088, 1, 522, 728, 0, 245, 24356, 524, 3, 92, 3050, 1230, 413, 3, 14193, 6547, 8284, 0, 0, 33, 1862, 2049, 2934, 93, 0, 0, 17, 22, 132, 2, 24511, 16472, 20019, 1, 0, 0, 316
1016,0x10a014,13, 1058614,"  102734:	e50b3018 	str	r3, [fp, #-24]	; 0xffffffe8
",benign, 289, 198, 2874, 2, 1769, 1082, 1, 521, 728, 0, 245, 23864, 524, 3, 94, 2795, 1218, 398, 3, 14275, 6683, 8194, 0, 0, 33, 1855, 2028, 2911, 91, 0, 0, 17, 33, 132, 2, 24578, 16376, 19737, 1, 0, 0, 316
1017,0x108f38,31, 1061606,"  1032e4:	e51b3014 	ldr	r3, [fp, #-20]	; 0xffffffec
",benign, 285, 198, 2960, 1, 1842, 1100, 1, 528, 735, 0, 248, 24314, 531, 3, 90, 3052, 1140, 411, 3, 14161, 6167, 8388, 0, 0, 33, 1907, 2091, 2995, 93, 0, 0, 18, 33, 132, 2, 24875, 16533, 20028, 1, 0, 0, 316
1018,0x12a768,6, 1051448,"  100b38:	e0822003 	add	r2, r2, r3
",benign, 284, 199, 2931, 1, 1806, 1096, 1, 524, 728, 0, 240, 24364, 524, 3, 94, 2727, 1252, 413, 3, 14257, 6528, 8362, 0, 0, 33, 1877, 2061, 2958, 91, 0, 0, 17, 22, 114, 2, 24855, 16505, 19767, 1, 0, 0, 372
1019,0x11a1b4,17, 1056189,"  101dbc:	e1a03163 	ror	r3, r3, #2
",benign, 287, 199, 2869, 2, 1762, 1084, 1, 520, 724, 0, 238, 24000, 520, 3, 94, 2922, 1171, 395, 3, 13929, 6383, 8155, 0, 0, 33, 1846, 2022, 2902, 92, 0, 0, 17, 22, 112, 2, 24748, 16306, 19646, 1, 0, 0, 316
1020,0x113a28,1, 1051994,"  100d58:	e51b3020 	ldr	r3, [fp, #-32]	; 0xffffffe0
",benign, 288, 198, 2889, 2, 1780, 1083, 1, 528, 742, 0, 248, 24293, 539, 3, 92, 2673, 1096, 415, 3, 13965, 6434, 8284, 0, 0, 34, 1889, 2047, 2912, 91, 0, 0, 17, 22, 128, 2, 25049, 16406, 19776, 1, 0, 0, 316
1021,0x11e664,29, 1062297,"  103598:	e3a02000 	mov	r2, #0
",benign, 288, 198, 2876, 2, 1781, 1082, 1, 521, 728, 0, 245, 24086, 524, 3, 94, 3019, 1240, 398, 3, 14329, 6467, 8191, 0, 0, 33, 1870, 2045, 2923, 95, 0, 0, 18, 72, 114, 2, 24566, 16314, 19573, 1, 0, 0, 316
1022,0x122888,19, 1058165,"  102574:	e50b3018 	str	r3, [fp, #-24]	; 0xffffffe8
",benign, 284, 198, 2869, 2, 1776, 1083, 1, 521, 726, 0, 242, 24495, 522, 3, 95, 2766, 1253, 415, 3, 14146, 6553, 8199, 0, 0, 33, 1915, 2085, 2913, 93, 0, 0, 18, 42, 131, 2, 24912, 16367, 19648, 1, 0, 0, 375
1023,0x11e9e4,10, 1058255,"  1025cc:	e51b3074 	ldr	r3, [fp, #-116]	; 0xffffff8c
",benign, 288, 198, 2864, 2, 1769, 1088, 1, 522, 734, 0, 239, 24230, 531, 3, 92, 2743, 1428, 413, 3, 14152, 6623, 8225, 0, 0, 34, 1854, 2044, 2907, 93, 0, 0, 18, 22, 134, 2, 24751, 16402, 19677, 1, 0, 0, 316
1024,0x117394,12, 1058406,"  102664:	e1a03163 	ror	r3, r3, #2
",benign, 289, 198, 2877, 2, 1781, 1083, 1, 522, 734, 0, 233, 23960, 531, 3, 92, 2551, 1239, 415, 3, 14044, 6527, 8206, 0, 0, 34, 1853, 2054, 2906, 93, 0, 0, 18, 40, 274, 2, 24900, 16644, 19933, 1, 0, 0, 316
1025,0x106610,17, 1059710,"  102b7c:	e51b300c 	ldr	r3, [fp, #-12]
",benign, 296, 197, 2851, 2, 1753, 1081, 1, 521, 727, 0, 249, 24353, 524, 3, 92, 2879, 1162, 415, 3, 13927, 6467, 8157, 0, 0, 34, 1844, 2017, 2894, 93, 0, 0, 18, 22, 133, 2, 25061, 16262, 19602, 1, 0, 0, 316
1026,0x1112f4,13, 1051306,"  100aa8:	e1e00003 	mvn	r0, r3
",benign, 286, 198, 2877, 2, 1775, 1083, 1, 522, 734, 0, 239, 24210, 531, 3, 92, 2992, 1111, 395, 3, 14670, 6638, 8218, 0, 0, 34, 1829, 2059, 2902, 92, 0, 0, 18, 71, 114, 2, 24621, 16583, 19851, 1, 0, 0, 316
1027,0x1314bc,19, 1055906,"  101ca0:	e30b3cdc 	movw	r3, #48348	; 0xbcdc
",benign, 286, 198, 2874, 2, 1767, 1082, 1, 521, 728, 0, 241, 23991, 524, 3, 94, 2734, 1483, 415, 3, 14014, 6424, 8220, 0, 0, 33, 1915, 2093, 2907, 91, 0, 0, 18, 21, 134, 2, 24683, 16418, 19761, 1, 0, 0, 316
1028,0x10d63c,28, 1053014,"  101154:	e51b3128 	ldr	r3, [fp, #-296]	; 0xfffffed8
",benign, 286, 199, 2896, 2, 1792, 1088, 1, 522, 728, 0, 242, 24086, 524, 3, 92, 2705, 1274, 415, 3, 13990, 6445, 8240, 0, 0, 33, 1874, 2046, 2938, 93, 0, 0, 18, 22, 114, 2, 25034, 16503, 19740, 1, 0, 0, 316
1029,0x1331f0,11, 1057919,"  10247c:	e50b3018 	str	r3, [fp, #-24]	; 0xffffffe8
",benign, 285, 197, 2877, 2, 1774, 1084, 1, 522, 727, 0, 246, 24335, 523, 3, 94, 2759, 1214, 411, 3, 14166, 6583, 8191, 0, 0, 33, 1922, 2092, 2901, 91, 0, 0, 17, 34, 128, 2, 24891, 16408, 19724, 1, 0, 0, 316
1030,0x12b674,12, 1058640,"  102750:	e50b300c 	str	r3, [fp, #-12]
",benign, 345, 255, 2894, 2, 1785, 1084, 1, 522, 728, 0, 244, 24350, 524, 3, 92, 2827, 1242, 413, 3, 14031, 6196, 8229, 0, 0, 33, 1876, 2056, 2927, 91, 0, 0, 17, 34, 132, 2, 24858, 16589, 19889, 1, 0, 0, 316
1031,0x13baac,7, 1055361,"  101a80:	e50b3020 	str	r3, [fp, #-32]	; 0xffffffe0
",benign, 286, 197, 2864, 2, 1759, 1082, 1, 522, 727, 0, 245, 24050, 523, 3, 95, 2968, 1195, 473, 3, 13989, 6189, 8197, 0, 0, 33, 1861, 2025, 2898, 91, 0, 0, 18, 42, 134, 2, 24758, 16340, 19662, 1, 0, 0, 316
1032,0x131b70,10, 1057797,"  102404:	e51b3010 	ldr	r3, [fp, #-16]
",benign, 289, 198, 2870, 2, 1774, 1087, 1, 522, 734, 0, 238, 24164, 531, 3, 92, 3149, 1218, 398, 3, 14154, 6495, 8177, 0, 0, 34, 1854, 2053, 2906, 93, 0, 0, 17, 21, 128, 2, 24695, 16466, 19775, 1, 0, 0, 316
1033,0x1360e0,21, 1060860,"  102ffc:	e5932018 	ldr	r2, [r3, #24]
",benign, 284, 197, 2895, 2, 1800, 1082, 1, 531, 747, 0, 251, 24228, 544, 3, 93, 3188, 1158, 395, 3, 14242, 6341, 8337, 0, 0, 34, 1897, 2062, 2931, 91, 0, 0, 17, 21, 115, 2, 24633, 16562, 19885, 1, 0, 0, 316
1034,0x13a7e4,14, 1057020,"  1020fc:	e30b3cdc 	movw	r3, #48348	; 0xbcdc
",benign, 292, 198, 2874, 2, 1771, 1083, 1, 522, 734, 0, 244, 24254, 531, 3, 92, 2890, 1187, 397, 3, 14326, 6507, 8217, 0, 0, 34, 1852, 2042, 2905, 91, 0, 0, 17, 37, 115, 2, 24753, 16440, 19758, 1, 0, 0, 316
1035,0x137cc0,17, 1050362,"  1006f8:	e3403011 	movt	r3, #17
",benign, 449, 257, 2885, 4, 1781, 1089, 1, 522, 728, 0, 255, 25145, 524, 3, 92, 3042, 1271, 406, 3, 15126, 7650, 8328, 0, 0, 33, 1869, 2047, 2934, 92, 0, 0, 17, 21, 125, 5, 25837, 17345, 20944, 3, 0, 0, 316
1036,0x119700,17, 1050045,"  1005bc:	e51b2008 	ldr	r2, [fp, #-8]
",benign, 375, 198, 2863, 5, 1765, 1082, 1, 521, 728, 0, 248, 25291, 524, 3, 93, 3219, 1272, 404, 3, 14971, 7350, 8268, 0, 0, 33, 1910, 2100, 2910, 93, 0, 0, 18, 34, 123, 4, 25405, 17247, 20708, 3, 0, 0, 316
1037,0x115b74,22, 1055271,"  101a24:	e50b3018 	str	r3, [fp, #-24]	; 0xffffffe8
",benign, 287, 197, 2892, 2, 1788, 1082, 1, 531, 747, 0, 245, 24251, 544, 3, 93, 3261, 1185, 395, 3, 14065, 6497, 8318, 0, 0, 34, 1894, 2063, 2937, 93, 0, 0, 18, 21, 134, 2, 24789, 16461, 19731, 1, 0, 0, 316
1038,0x13059c,31, 1060502,"  102e94:	e5832000 	str	r2, [r3]
",benign, 282, 198, 2865, 2, 1764, 1083, 1, 521, 728, 0, 248, 24035, 524, 3, 94, 2771, 1460, 411, 3, 14043, 6446, 8210, 0, 0, 33, 1858, 2030, 2906, 91, 0, 0, 17, 21, 114, 2, 24751, 16471, 19753, 1, 0, 0, 316
1039,0x137c1c,15, 1060098,"  102d00:	e30c31d6 	movw	r3, #49622	; 0xc1d6
",benign, 283, 198, 2879, 2, 1773, 1083, 1, 521, 728, 0, 245, 24125, 524, 3, 94, 2705, 1255, 411, 3, 14247, 6550, 8245, 0, 0, 33, 1855, 2027, 2901, 91, 0, 0, 18, 22, 134, 2, 24737, 16412, 19692, 1, 0, 0, 316
1040,0x128acc,6, 1053087,"  10119c:	e1a02de3 	ror	r2, r3, #27
",benign, 288, 199, 2881, 2, 1774, 1085, 1, 519, 725, 0, 250, 24246, 521, 3, 94, 2649, 1383, 415, 3, 14134, 6446, 8199, 0, 0, 33, 1853, 2033, 2914, 92, 0, 0, 18, 33, 134, 2, 24696, 16345, 19649, 1, 0, 0, 316
1041,0x1033d4,30, 1055159,"  1019b4:	e51b3014 	ldr	r3, [fp, #-20]	; 0xffffffec
",benign, 283, 198, 2860, 2, 1763, 1088, 1, 519, 726, 0, 234, 23963, 522, 3, 96, 3102, 1240, 398, 3, 14179, 6433, 8185, 0, 0, 33, 1836, 2044, 2893, 92, 0, 0, 18, 71, 114, 2, 24584, 16301, 19734, 1, 0, 0, 316
1042,0x119b14,28, 1052303,"  100e8c:	e3073999 	movw	r3, #31129	; 0x7999
",benign, 292, 198, 2882, 1, 1776, 1082, 1, 522, 734, 0, 239, 24488, 531, 3, 92, 2778, 1512, 411, 3, 14297, 6701, 8188, 0, 0, 34, 1825, 2056, 2901, 92, 0, 0, 17, 34, 132, 2, 24674, 16467, 19689, 1, 0, 0, 316
1043,0x127128,13, 1058214,"  1025a4:	e1811003 	orr	r1, r1, r3
",benign, 349, 255, 2854, 2, 1748, 1081, 1, 521, 727, 0, 251, 24190, 524, 3, 91, 2979, 1133, 398, 3, 14152, 6600, 8159, 0, 0, 34, 1843, 2014, 2890, 91, 0, 0, 17, 42, 132, 2, 24662, 16390, 19676, 1, 0, 0, 316
1044,0x10b67c,18, 1061133,"  10310c:	ebfff60c 	bl	100944 <sha_transform>
",benign, 287, 198, 2875, 1, 1769, 1082, 1, 521, 728, 0, 245, 23852, 524, 3, 94, 3068, 1230, 397, 3, 14134, 6386, 8217, 0, 0, 33, 1855, 2027, 2911, 92, 0, 0, 17, 21, 132, 2, 24578, 16444, 19789, 1, 0, 0, 316
1045,0x124b50,30, 1050154,"  100628:	e0833004 	add	r3, r3, r4
",benign, 386, 199, 2880, 5, 1772, 1086, 1, 519, 725, 0, 238, 24682, 521, 3, 93, 3391, 1053, 406, 3, 15021, 7559, 8266, 0, 0, 33, 1841, 2056, 2914, 92, 0, 0, 17, 21, 328, 6, 25910, 17373, 20816, 3, 0, 0, 316
1046,0x10b354,1, 1055717,"  101be4:	e51b300c 	ldr	r3, [fp, #-12]
",benign, 290, 197, 2890, 2, 1797, 1084, 1, 531, 747, 0, 255, 24508, 544, 3, 93, 2676, 1268, 412, 3, 14399, 6607, 8327, 0, 0, 34, 1890, 2064, 2934, 91, 0, 0, 17, 22, 128, 2, 24805, 16689, 20234, 1, 0, 0, 316
1047,0x1234c0,8, 1059914,"  102c48:	e51b3010 	ldr	r3, [fp, #-16]
",benign, 288, 197, 2909, 2, 1795, 1084, 1, 531, 747, 0, 254, 24307, 544, 3, 92, 2819, 1193, 415, 3, 14135, 6399, 8366, 0, 0, 34, 1898, 2065, 2942, 93, 0, 0, 18, 21, 130, 2, 24682, 16439, 19793, 1, 0, 0, 316
1048,0x1363c0,23, 1057018,"  1020f8:	e0822003 	add	r2, r2, r3
",benign, 284, 196, 2856, 2, 1754, 1082, 1, 521, 727, 0, 247, 24166, 524, 3, 92, 2810, 1364, 415, 3, 14054, 6560, 8148, 0, 0, 34, 1837, 2015, 2893, 93, 0, 0, 17, 21, 132, 2, 24901, 16485, 19909, 1, 0, 0, 316
1049,0x132744,22, 1061389,"  10320c:	e24b3a02 	sub	r3, fp, #8192	; 0x2000
",benign, 284, 198, 2864, 2, 1765, 1082, 1, 521, 728, 0, 248, 24070, 524, 3, 94, 2887, 1264, 412, 3, 13904, 6217, 8191, 0, 0, 33, 1851, 2023, 2914, 93, 0, 0, 18, 22, 131, 2, 24523, 16462, 19914, 1, 0, 0, 316
1050,0x126a14,6, 1055156,"  1019b4:	e51b3014 	ldr	r3, [fp, #-20]	; 0xffffffec
",benign, 293, 197, 2850, 2, 1749, 1082, 1, 521, 727, 0, 255, 24099, 524, 3, 92, 3253, 1102, 412, 3, 13983, 6508, 8138, 0, 0, 34, 1836, 2012, 2886, 92, 0, 0, 18, 21, 130, 2, 24734, 16336, 19654, 1, 0, 0, 316
1051,0x106940,29, 1057415,"  102284:	e50b301c 	str	r3, [fp, #-28]	; 0xffffffe4
",benign, 293, 197, 2847, 2, 1749, 1082, 1, 521, 727, 0, 249, 24329, 524, 3, 91, 3088, 1036, 395, 3, 14034, 6495, 8148, 0, 0, 34, 1838, 2024, 2894, 93, 0, 0, 17, 42, 132, 2, 24766, 16350, 19641, 1, 0, 0, 316
1052,0x13147c,8, 1052084,"  100db4:	e51b3014 	ldr	r3, [fp, #-20]	; 0xffffffec
",benign, 285, 198, 2883, 2, 1775, 1081, 1, 521, 728, 0, 245, 24110, 524, 3, 94, 3104, 1284, 415, 3, 14309, 6448, 8215, 0, 0, 33, 1851, 2025, 2904, 91, 0, 0, 17, 42, 132, 2, 24711, 16502, 19863, 1, 0, 0, 316
1053,0x10ad9c,2, 1058374,"  102644:	e34c3a62 	movt	r3, #51810	; 0xca62
",benign, 286, 196, 2896, 2, 1790, 1083, 1, 531, 747, 0, 248, 24420, 544, 3, 94, 2996, 1110, 398, 3, 14066, 6434, 8328, 0, 0, 34, 1899, 2056, 2930, 91, 0, 0, 18, 21, 116, 2, 24971, 16436, 19946, 1, 0, 0, 316
1054,0x10bd94,23, 1052622,"  100fcc:	e51b3010 	ldr	r3, [fp, #-16]
",benign, 294, 197, 2866, 1, 1762, 1081, 1, 521, 727, 0, 249, 23944, 524, 3, 91, 2876, 1282, 398, 3, 14177, 6397, 8145, 0, 0, 34, 1834, 2016, 2894, 91, 0, 0, 18, 22, 134, 2, 24627, 16315, 19622, 1, 0, 0, 316
1055,0x136230,2, 1059973,"  102c84:	e51b301c 	ldr	r3, [fp, #-28]	; 0xffffffe4
",benign, 293, 197, 2886, 1, 1783, 1082, 1, 528, 742, 0, 248, 24160, 539, 3, 92, 2946, 1198, 415, 3, 14031, 6425, 8275, 0, 0, 34, 1890, 2050, 2912, 91, 0, 0, 17, 21, 129, 2, 25064, 16748, 20038, 1, 0, 0, 316
1056,0x11c91c,5, 1059443,"  102a70:	e51b3048 	ldr	r3, [fp, #-72]	; 0xffffffb8
",benign, 290, 198, 2881, 1, 1770, 1081, 1, 521, 728, 0, 246, 24473, 524, 3, 94, 2772, 1274, 415, 3, 14024, 6158, 8222, 0, 0, 33, 1852, 2027, 2908, 93, 0, 0, 17, 21, 128, 2, 24743, 16224, 19504, 1, 0, 0, 316
1057,0x10b8a8,23, 1057548,"  10230c:	e51b3010 	ldr	r3, [fp, #-16]
",benign, 291, 197, 2851, 2, 1759, 1083, 1, 521, 727, 0, 251, 23998, 524, 3, 91, 3057, 1141, 397, 3, 14299, 6803, 8127, 0, 0, 34, 1898, 2070, 2888, 93, 0, 0, 17, 37, 115, 2, 24691, 16428, 19678, 1, 0, 0, 316
1058,0x126c54,13, 1062227,"  103550:	e51b300c 	ldr	r3, [fp, #-12]
",benign, 288, 197, 2864, 2, 1766, 1082, 1, 521, 728, 0, 248, 24227, 524, 3, 94, 2572, 1272, 413, 3, 13848, 6122, 8180, 0, 0, 33, 1853, 2039, 2913, 93, 0, 0, 17, 22, 132, 2, 24579, 16298, 19607, 1, 0, 0, 316
1059,0x1034f4,29, 1059112,"  102928:	e0822003 	add	r2, r2, r3
",benign, 290, 197, 2897, 2, 1798, 1083, 1, 531, 747, 0, 261, 24661, 544, 3, 94, 2717, 1362, 412, 3, 14524, 6589, 8323, 0, 0, 34, 1904, 2050, 2939, 91, 0, 0, 18, 72, 134, 2, 24845, 16572, 20073, 1, 0, 0, 316
1060,0x11e968,25, 1053870,"  1014ac:	e51b3010 	ldr	r3, [fp, #-16]
",benign, 290, 198, 2880, 1, 1777, 1084, 1, 528, 742, 0, 252, 24214, 539, 3, 91, 3120, 1193, 411, 3, 14031, 6409, 8267, 0, 0, 34, 1882, 2049, 2927, 97, 0, 0, 18, 42, 132, 2, 24881, 16655, 20136, 1, 0, 0, 316
1061,0x10e90c,31, 1049891,"  100520:	e3a03000 	mov	r3, #0
",benign, 380, 196, 2884, 5, 1779, 1082, 1, 528, 742, 0, 262, 25268, 539, 3, 89, 3447, 1117, 406, 3, 15218, 7651, 8333, 0, 0, 34, 1885, 2049, 2910, 91, 0, 0, 18, 46, 125, 4, 26000, 17327, 20767, 3, 0, 0, 316
1062,0x10124c,6, 1051988,"  100d54:	e50b3010 	str	r3, [fp, #-16]
",benign, 286, 198, 2949, 2, 1829, 1100, 1, 528, 735, 0, 248, 24173, 531, 3, 91, 2988, 1194, 413, 3, 14350, 6675, 8423, 0, 0, 33, 1909, 2085, 2995, 93, 0, 0, 17, 21, 132, 2, 25054, 16940, 20265, 1, 0, 0, 316
1063,0x1372c4,14, 1060769,"  102fa0:	e50b2010 	str	r2, [fp, #-16]
",benign, 293, 198, 2872, 2, 1772, 1086, 1, 522, 734, 0, 247, 24419, 531, 3, 92, 2843, 1249, 413, 3, 14163, 6338, 8211, 0, 0, 34, 1843, 2057, 2897, 92, 0, 0, 18, 22, 134, 2, 24676, 16503, 19773, 1, 0, 0, 316
1064,0x10e72c,17, 1054869,"  101894:	e51b300c 	ldr	r3, [fp, #-12]
",benign, 286, 198, 2881, 2, 1770, 1082, 1, 521, 728, 0, 250, 24077, 524, 3, 94, 2884, 1252, 398, 3, 14194, 6448, 8223, 0, 0, 33, 1858, 2030, 2907, 93, 0, 0, 17, 21, 128, 2, 24593, 16494, 19798, 1, 0, 0, 316
1065,0x139ec8,10, 1060311,"  102dd4:	e0822003 	add	r2, r2, r3
",benign, 288, 197, 2892, 2, 1802, 1083, 1, 531, 747, 0, 248, 24237, 544, 3, 93, 2788, 1430, 413, 3, 14148, 6454, 8304, 0, 0, 34, 1901, 2053, 2938, 91, 0, 0, 17, 21, 115, 2, 24768, 16486, 19770, 1, 0, 0, 316
1066,0x12581c,17, 1057565,"  10231c:	e50b3010 	str	r3, [fp, #-16]
",benign, 286, 197, 2897, 2, 1785, 1082, 1, 528, 742, 0, 248, 24180, 539, 3, 91, 2924, 1390, 395, 3, 14247, 6305, 8278, 0, 0, 34, 1873, 2051, 2918, 91, 0, 0, 18, 33, 130, 2, 24652, 16515, 19830, 1, 0, 0, 316
1067,0x1143ac,17, 1055727,"  101bec:	e51b3020 	ldr	r3, [fp, #-32]	; 0xffffffe0
",benign, 345, 255, 2901, 2, 1790, 1083, 1, 531, 747, 0, 253, 24131, 544, 3, 93, 3029, 1207, 630, 3, 14057, 6426, 8326, 0, 0, 34, 1898, 2052, 2937, 91, 0, 0, 18, 21, 114, 2, 24756, 16466, 19735, 1, 0, 0, 316
1068,0x12ba84,26, 1054160,"  1015d0:	e30e3ba1 	movw	r3, #60321	; 0xeba1
",benign, 283, 198, 2870, 2, 1766, 1082, 1, 521, 728, 0, 245, 23922, 524, 3, 95, 2891, 1266, 415, 3, 14372, 6703, 8217, 0, 0, 33, 1861, 2030, 2910, 93, 0, 0, 18, 22, 134, 2, 24666, 16299, 19575, 1, 0, 0, 316
1069,0x113730,6, 1055357,"  101a7c:	e0823003 	add	r3, r2, r3
",benign, 288, 198, 2889, 1, 1784, 1084, 1, 528, 742, 0, 256, 24383, 539, 3, 92, 2978, 1233, 395, 3, 14222, 6636, 8255, 0, 0, 34, 1880, 2053, 2925, 93, 0, 0, 17, 22, 132, 2, 25002, 16433, 19752, 1, 0, 0, 372
1070,0x109c08,10, 1060053,"  102cd4:	e1a02de3 	ror	r2, r3, #27
",benign, 289, 198, 2884, 1, 1787, 1082, 1, 527, 741, 0, 249, 24736, 538, 3, 92, 2750, 1195, 413, 3, 14353, 6750, 8280, 0, 0, 34, 1878, 2059, 2913, 91, 0, 0, 17, 76, 132, 2, 24640, 16279, 19522, 1, 0, 0, 316
1071,0x12b8d8,11, 1056114,"  101d70:	e0011003 	and	r1, r1, r3
",benign, 291, 198, 2884, 2, 1779, 1082, 1, 528, 742, 0, 253, 24247, 539, 3, 93, 2867, 1426, 413, 3, 14187, 6563, 8267, 0, 0, 34, 1889, 2057, 2921, 91, 0, 0, 18, 34, 114, 2, 24752, 16466, 19983, 1, 0, 0, 316
1072,0x100ff8,14, 1057946,"  102498:	e50b300c 	str	r3, [fp, #-12]
",benign, 289, 198, 2890, 1, 1784, 1082, 1, 527, 741, 0, 260, 24491, 538, 3, 93, 2832, 1439, 415, 3, 14326, 6481, 8299, 0, 0, 34, 1892, 2046, 2931, 93, 0, 0, 17, 34, 128, 2, 24757, 16666, 20123, 1, 0, 0, 316
1073,0x123de8,18, 1060960,"  103060:	e283301c 	add	r3, r3, #28
",benign, 351, 255, 2853, 1, 1749, 1080, 1, 521, 727, 0, 248, 24001, 524, 3, 92, 2845, 1177, 415, 3, 14178, 6656, 8118, 0, 0, 34, 1832, 2014, 2880, 91, 0, 0, 17, 21, 130, 2, 24693, 16483, 19805, 1, 0, 0, 316
1074,0x133600,22, 1058816,"  102800:	e51b3018 	ldr	r3, [fp, #-24]	; 0xffffffe8
",benign, 287, 198, 2882, 1, 1785, 1083, 1, 528, 742, 0, 250, 24371, 539, 3, 91, 2888, 1198, 412, 3, 14026, 6562, 8297, 0, 0, 34, 1885, 2048, 2920, 93, 0, 0, 17, 21, 130, 2, 24921, 16473, 19710, 1, 0, 0, 316
1075,0x126cf4,13, 1060321,"  102de0:	e0823003 	add	r3, r2, r3
",benign, 290, 197, 2895, 2, 1798, 1083, 1, 531, 747, 0, 247, 24272, 544, 3, 93, 2887, 1144, 413, 3, 14209, 6612, 8302, 0, 0, 34, 1951, 2121, 2936, 95, 0, 0, 17, 22, 112, 2, 24755, 16643, 19905, 1, 0, 0, 316
1076,0x135720,1, 1058870,"  102834:	e51b1010 	ldr	r1, [fp, #-16]
",benign, 288, 198, 2879, 1, 1769, 1083, 1, 521, 728, 0, 241, 24145, 524, 3, 95, 2885, 1245, 415, 3, 13824, 6222, 8201, 0, 0, 33, 1856, 2035, 2902, 91, 0, 0, 17, 72, 115, 2, 24757, 16358, 19601, 1, 0, 0, 374
1077,0x12e7f4,27, 1059113,"  102928:	e0822003 	add	r2, r2, r3
",benign, 286, 199, 2890, 1, 1785, 1088, 1, 522, 728, 0, 245, 24180, 524, 3, 92, 2988, 1161, 395, 3, 14104, 6534, 8222, 0, 0, 33, 1867, 2047, 2925, 91, 0, 0, 17, 21, 130, 2, 24815, 16742, 19967, 1, 0, 0, 316
1078,0x1037d8,21, 1051353,"  100ad8:	e50b3020 	str	r3, [fp, #-32]	; 0xffffffe0
",benign, 289, 198, 2886, 2, 1778, 1086, 1, 522, 734, 0, 238, 24249, 531, 3, 92, 2742, 1225, 414, 3, 14056, 6476, 8236, 0, 0, 34, 2062, 2253, 2909, 92, 0, 0, 17, 33, 132, 2, 24797, 16619, 19878, 1, 0, 0, 316
1079,0x1124f8,1, 1058545,"  1026f0:	e51b1010 	ldr	r1, [fp, #-16]
",benign, 287, 198, 2869, 2, 1764, 1080, 1, 522, 734, 0, 237, 24081, 531, 3, 92, 2637, 1250, 413, 3, 14254, 6559, 8208, 0, 0, 34, 1838, 2067, 2901, 92, 0, 0, 18, 21, 134, 2, 24745, 16537, 19751, 1, 0, 0, 316
1080,0x1048ac,10, 1057060,"  102124:	e50b3014 	str	r3, [fp, #-20]	; 0xffffffec
",benign, 281, 198, 2898, 2, 1784, 1087, 1, 522, 728, 0, 241, 24199, 524, 3, 92, 2782, 1225, 415, 3, 14196, 6494, 8222, 0, 0, 33, 1861, 2046, 2930, 91, 0, 0, 18, 21, 134, 2, 24738, 16642, 19953, 1, 0, 0, 316
1081,0x108f5c,5, 1053177,"  1011f8:	e1a03163 	ror	r3, r3, #2
",benign, 285, 198, 2864, 2, 1763, 1087, 1, 519, 726, 0, 238, 23884, 522, 3, 94, 2733, 1560, 411, 3, 14008, 6132, 8171, 0, 0, 33, 1823, 2064, 2897, 92, 0, 0, 18, 72, 130, 2, 24373, 16277, 19554, 1, 0, 0, 316
1082,0x108e78,11, 1050558,"  1007bc:	e51331e8 	ldr	r3, [r3, #-488]	; 0xfffffe18
",benign, 379, 198, 2863, 4, 1764, 1082, 1, 522, 734, 0, 237, 25039, 531, 3, 91, 3175, 1116, 406, 3, 15115, 7514, 8267, 0, 0, 34, 1899, 2117, 2893, 91, 0, 0, 18, 33, 125, 3, 25949, 17274, 20651, 3, 0, 0, 316
1083,0x114d40,24, 1058630,"  102744:	e51b300c 	ldr	r3, [fp, #-12]
",benign, 289, 198, 2898, 1, 1799, 1084, 1, 531, 747, 0, 249, 24365, 544, 3, 92, 2846, 1389, 661, 3, 14370, 6591, 8285, 0, 0, 34, 1959, 2116, 2927, 91, 0, 0, 17, 21, 128, 2, 24742, 16421, 19683, 1, 0, 0, 316
1084,0x11e96c,6, 1058727,"  1027a4:	e51b3010 	ldr	r3, [fp, #-16]
",benign, 285, 198, 2879, 2, 1771, 1081, 1, 522, 734, 0, 241, 24137, 531, 3, 92, 2923, 1275, 415, 3, 14194, 6661, 8197, 0, 0, 34, 1847, 2066, 2902, 93, 0, 0, 17, 42, 130, 2, 24587, 16562, 19805, 1, 0, 0, 316
1085,0x1313a0,18, 1057743,"  1023cc:	e1813003 	orr	r3, r1, r3
",benign, 291, 197, 2898, 2, 1792, 1083, 1, 531, 747, 0, 255, 24330, 544, 3, 93, 3131, 1191, 411, 3, 14200, 6585, 8337, 0, 0, 34, 1896, 2069, 2928, 92, 0, 0, 18, 22, 131, 2, 24692, 16531, 19874, 1, 0, 0, 316
1086,0x119e50,2, 1051056,"  1009b0:	e3a03010 	mov	r3, #16
",benign, 289, 197, 2901, 2, 1793, 1081, 1, 531, 747, 0, 247, 24164, 544, 3, 94, 3210, 1105, 398, 3, 14203, 6564, 8299, 0, 0, 34, 1891, 2062, 2930, 91, 0, 0, 17, 21, 132, 2, 24821, 16493, 19754, 1, 0, 0, 316
1087,0x10e9b0,17, 1058688,"  102780:	e0822003 	add	r2, r2, r3
",benign, 290, 197, 2897, 2, 1787, 1082, 1, 527, 741, 0, 253, 24356, 538, 3, 93, 3133, 1159, 397, 3, 14372, 6851, 8289, 0, 0, 34, 1883, 2058, 2939, 93, 0, 0, 17, 33, 132, 2, 24743, 16418, 19698, 1, 0, 0, 316
1088,0x1058b0,28, 1056390,"  101e84:	e0822003 	add	r2, r2, r3
",benign, 290, 198, 2873, 2, 1773, 1087, 1, 522, 734, 0, 234, 24205, 531, 3, 92, 2765, 1422, 411, 3, 13987, 6393, 8183, 0, 0, 34, 1841, 2053, 2902, 93, 0, 0, 17, 245, 130, 2, 25123, 16299, 19543, 1, 0, 0, 576
1089,0x133b38,16, 1050179,"  100640:	e3550000 	cmp	r5, #0
",benign, 386, 198, 2875, 5, 1776, 1088, 1, 517, 721, 0, 237, 24972, 517, 3, 93, 3357, 1145, 408, 3, 15249, 7530, 8243, 0, 0, 33, 1843, 2055, 2910, 92, 0, 0, 17, 21, 123, 3, 25336, 17227, 20823, 3, 0, 0, 316
1090,0x11bdcc,12, 1055509,"  101b14:	e51b3020 	ldr	r3, [fp, #-32]	; 0xffffffe0
",benign, 290, 198, 2884, 1, 1777, 1086, 1, 522, 734, 0, 234, 24560, 531, 3, 92, 2911, 1266, 415, 3, 14282, 6636, 8214, 0, 0, 34, 1842, 2043, 2892, 91, 0, 0, 17, 21, 112, 2, 24774, 16531, 19798, 1, 0, 0, 316
1091,0x10e6a8,12, 1053872,"  1014b0:	e1a03163 	ror	r3, r3, #2
",benign, 282, 197, 2865, 2, 1778, 1083, 1, 521, 728, 0, 247, 24084, 524, 3, 94, 3040, 1255, 467, 3, 13833, 6196, 8220, 0, 0, 33, 1855, 2028, 2917, 93, 0, 0, 17, 45, 112, 2, 24892, 16377, 19620, 1, 0, 0, 316
1092,0x135eb0,28, 1062117,"  1034e4:	e0812002 	add	r2, r1, r2
",benign, 285, 198, 2861, 2, 1774, 1082, 1, 521, 728, 0, 245, 24142, 524, 3, 94, 2825, 1254, 415, 3, 14071, 6363, 8215, 0, 0, 33, 1844, 2045, 2913, 93, 0, 0, 18, 21, 117, 2, 24541, 16664, 20076, 1, 0, 0, 316
1093,0x13959c,8, 1055203,"  1019e0:	e51b1010 	ldr	r1, [fp, #-16]
",benign, 288, 198, 2884, 1, 1778, 1083, 1, 527, 741, 0, 249, 24714, 538, 3, 93, 2748, 1391, 415, 3, 14544, 6918, 8295, 0, 0, 34, 1881, 2055, 2924, 93, 0, 0, 17, 22, 128, 2, 24888, 17030, 20316, 1, 0, 0, 316
1094,0x1108d4,22, 1059365,"  102a24:	e51b3014 	ldr	r3, [fp, #-20]	; 0xffffffec
",benign, 287, 198, 2889, 2, 1777, 1087, 1, 519, 725, 0, 245, 24191, 521, 3, 94, 2703, 1365, 413, 3, 13935, 6250, 8154, 0, 0, 33, 1848, 2037, 2909, 92, 0, 0, 18, 22, 131, 2, 24582, 16460, 19712, 1, 0, 0, 316
1095,0x10f4b0,22, 1057132,"  10216c:	e0822003 	add	r2, r2, r3
",benign, 289, 198, 2873, 2, 1766, 1080, 1, 521, 728, 0, 242, 24142, 524, 3, 95, 2906, 1262, 415, 3, 14284, 6495, 8183, 0, 0, 33, 1857, 2030, 2918, 93, 0, 0, 18, 34, 131, 2, 24573, 16521, 19844, 1, 0, 0, 316
1096,0x125d68,13, 1060897,"  103020:	e3a02040 	mov	r2, #64	; 0x40
",benign, 285, 198, 2966, 2, 1838, 1100, 1, 528, 735, 0, 246, 24541, 531, 3, 90, 2837, 1373, 471, 3, 14291, 6397, 8394, 0, 0, 33, 1907, 2083, 2997, 93, 0, 0, 18, 21, 134, 2, 24931, 16645, 19949, 1, 0, 0, 316
1097,0x138b40,23, 1051726,"  100c4c:	e51b3014 	ldr	r3, [fp, #-20]	; 0xffffffec
",benign, 287, 198, 2889, 1, 1796, 1083, 1, 528, 742, 0, 246, 24284, 539, 3, 91, 2921, 1432, 413, 3, 14224, 6411, 8272, 0, 0, 34, 1892, 2051, 2914, 92, 0, 0, 17, 22, 115, 2, 24909, 16678, 20024, 1, 0, 0, 316
1098,0x13dbe0,23, 1052311,"  100e94:	e0823003 	add	r3, r2, r3
",benign, 285, 199, 2899, 2, 1796, 1088, 1, 522, 728, 0, 248, 24365, 524, 3, 92, 3082, 1217, 415, 3, 14066, 6411, 8254, 0, 0, 33, 1868, 2045, 2921, 91, 0, 0, 18, 53, 134, 2, 24971, 16584, 19879, 1, 0, 0, 316
1099,0x12e2c0,30, 1056807,"  102024:	e51b3010 	ldr	r3, [fp, #-16]
",benign, 290, 197, 2885, 2, 1787, 1083, 1, 527, 741, 0, 257, 24408, 538, 3, 92, 2593, 1187, 415, 3, 14163, 6546, 8271, 0, 0, 34, 1864, 2051, 2924, 91, 0, 0, 17, 41, 130, 2, 25059, 16398, 19699, 1, 0, 0, 316
1100,0x10ac84,7, 1054983,"  101904:	e1a02de3 	ror	r2, r3, #27
",benign, 285, 198, 2871, 1, 1774, 1082, 1, 521, 728, 0, 244, 24041, 524, 3, 95, 2972, 1240, 397, 3, 13902, 6386, 8243, 0, 0, 33, 1851, 2034, 2911, 91, 0, 0, 17, 38, 276, 2, 24921, 16302, 19593, 1, 0, 0, 316
1101,0x136938,1, 1060539,"  102eb8:	e51b3014 	ldr	r3, [fp, #-20]	; 0xffffffec
",benign, 288, 198, 2872, 1, 1781, 1087, 1, 522, 734, 0, 239, 24155, 531, 3, 92, 3063, 1274, 415, 3, 14064, 6576, 8201, 0, 0, 34, 1832, 2057, 2895, 92, 0, 0, 18, 34, 134, 2, 24895, 16492, 19811, 1, 0, 0, 316
1102,0x13b130,15, 1057345,"  102240:	e1811003 	orr	r1, r1, r3
",benign, 291, 197, 2903, 2, 1796, 1084, 1, 531, 747, 0, 257, 24398, 544, 3, 92, 3058, 1105, 415, 3, 14214, 6615, 8344, 0, 0, 34, 1893, 2062, 2928, 91, 0, 0, 17, 22, 114, 2, 25145, 16831, 20145, 1, 0, 0, 316
1103,0x111620,0, 1060100,"  102d04:	e34c3a62 	movt	r3, #51810	; 0xca62
",benign, 286, 197, 2888, 2, 1783, 1082, 1, 528, 742, 0, 244, 24353, 539, 3, 92, 2868, 1360, 413, 3, 14175, 6606, 8281, 0, 0, 34, 1879, 2061, 2924, 93, 0, 0, 17, 53, 130, 2, 24772, 16627, 19897, 1, 0, 0, 582
1104,0x102204,31, 1057484,"  1022cc:	e51b3018 	ldr	r3, [fp, #-24]	; 0xffffffe8
",benign, 288, 198, 2893, 1, 1786, 1082, 1, 528, 742, 0, 255, 24253, 539, 3, 92, 2879, 1192, 415, 3, 14133, 6321, 8273, 0, 0, 34, 1886, 2044, 2913, 91, 0, 0, 17, 39, 115, 2, 25062, 16440, 19752, 1, 0, 0, 316
1105,0x10e75c,24, 1061876,"  1033f4:	e3a02000 	mov	r2, #0
",benign, 293, 196, 2903, 2, 1801, 1082, 1, 531, 747, 0, 246, 24056, 544, 3, 93, 2980, 1404, 413, 3, 14379, 6602, 8306, 0, 0, 34, 1901, 2067, 2941, 97, 0, 0, 17, 21, 130, 2, 24560, 16605, 19885, 1, 0, 0, 316
1106,0x110f6c,15, 1059542,"  102ad4:	e51b301c 	ldr	r3, [fp, #-28]	; 0xffffffe4
",benign, 294, 198, 2898, 2, 1785, 1083, 1, 528, 742, 0, 259, 24119, 539, 3, 92, 2947, 1175, 415, 3, 14198, 6591, 8253, 0, 0, 34, 1879, 2061, 2929, 93, 0, 0, 18, 46, 134, 2, 24779, 16536, 20047, 1, 0, 0, 316
1107,0x11efe8,0, 1058870,"  102834:	e51b1010 	ldr	r1, [fp, #-16]
",benign, 283, 198, 2867, 1, 1765, 1080, 1, 521, 728, 0, 246, 23972, 524, 3, 94, 2684, 1321, 397, 3, 14195, 6488, 8219, 0, 0, 33, 1859, 2034, 2914, 93, 0, 0, 17, 71, 132, 2, 24701, 16451, 19839, 1, 0, 0, 316
1108,0x13380c,30, 1051156,"  100a14:	e1a03103 	lsl	r3, r3, #2
",benign, 427, 340, 2896, 1, 1783, 1089, 1, 522, 728, 0, 243, 24265, 524, 3, 92, 3097, 1237, 412, 3, 14120, 6240, 8254, 0, 0, 33, 1874, 2040, 2927, 91, 0, 0, 17, 21, 132, 2, 25018, 16361, 19854, 1, 0, 0, 316
1109,0x12a164,5, 1052504,"  100f58:	e1e00003 	mvn	r0, r3
",benign, 285, 199, 2885, 2, 1781, 1085, 1, 519, 725, 0, 240, 23877, 521, 3, 93, 2937, 1095, 411, 3, 13908, 6214, 8193, 0, 0, 33, 1853, 2022, 2908, 91, 0, 0, 18, 22, 131, 2, 24818, 16388, 19719, 1, 0, 0, 372
1110,0x11ce2c,21, 1056665,"  101f98:	e51b3018 	ldr	r3, [fp, #-24]	; 0xffffffe8
",benign, 285, 198, 2883, 2, 1781, 1086, 1, 521, 728, 0, 246, 24464, 524, 3, 94, 2715, 1617, 415, 3, 14171, 6546, 8205, 0, 0, 33, 1856, 2038, 2924, 95, 0, 0, 18, 22, 134, 2, 24738, 16311, 19557, 1, 0, 0, 316
1111,0x116268,30, 1050290,"  1006b0:	e1540003 	cmp	r4, r3
",benign, 382, 198, 2873, 5, 1781, 1083, 1, 522, 734, 0, 238, 25333, 531, 3, 90, 3082, 1221, 406, 3, 15286, 7717, 8285, 0, 0, 34, 1856, 2059, 2906, 91, 0, 0, 18, 21, 125, 2, 25585, 17415, 20834, 3, 0, 0, 316
1112,0x10040c,22, 1054387,"  1016b0:	e0823003 	add	r3, r2, r3
",benign, 278, 199, 2811, 2, 1719, 1075, 1, 511, 711, 0, 226, 24121, 507, 3, 94, 2875, 1441, 415, 3, 14026, 6434, 7987, 0, 0, 33, 1787, 1980, 2844, 91, 0, 0, 17, 37, 130, 2, 24199, 16072, 19374, 1, 0, 0, 316
1113,0x11dcb4,22, 1060730,"  102f78:	e5832018 	str	r2, [r3, #24]
",benign, 347, 255, 2905, 1, 1801, 1084, 1, 528, 742, 0, 261, 24461, 539, 3, 91, 3018, 1197, 411, 3, 14387, 6492, 8298, 0, 0, 34, 1881, 2045, 2918, 91, 0, 0, 17, 22, 112, 2, 24795, 16577, 19850, 1, 0, 0, 316
1114,0x11098c,26, 1053734,"  101424:	e3463ed9 	movt	r3, #28377	; 0x6ed9
",benign, 340, 254, 2876, 2, 1770, 1087, 1, 519, 725, 0, 245, 24143, 521, 3, 94, 2931, 1229, 395, 3, 14148, 6536, 8207, 0, 0, 33, 1857, 2036, 2917, 91, 0, 0, 17, 33, 132, 2, 25062, 16219, 19511, 1, 0, 0, 316
1115,0x10318c,9, 1057071,"  10212c:	e50b3010 	str	r3, [fp, #-16]
",benign, 346, 256, 2882, 2, 1774, 1085, 1, 519, 725, 0, 249, 23996, 521, 3, 93, 2805, 1109, 415, 3, 14224, 6437, 8208, 0, 0, 33, 1850, 2033, 2905, 91, 0, 0, 17, 41, 112, 2, 24842, 16384, 19677, 1, 0, 0, 316
1116,0x13306c,0, 1059822,"  102bec:	e50b3010 	str	r3, [fp, #-16]
",benign, 286, 199, 2895, 1, 1791, 1089, 1, 522, 728, 0, 243, 24411, 524, 3, 92, 3058, 1188, 395, 3, 14097, 6466, 8263, 0, 0, 33, 1860, 2045, 2923, 91, 0, 0, 17, 33, 132, 2, 24771, 16617, 19896, 1, 0, 0, 316
1117,0x12f470,10, 1056269,"  101e0c:	e51b30b4 	ldr	r3, [fp, #-180]	; 0xffffff4c
",benign, 284, 198, 2876, 2, 1769, 1083, 1, 521, 728, 0, 242, 23964, 524, 3, 94, 2964, 1154, 395, 3, 13954, 6305, 8210, 0, 0, 33, 1855, 2032, 2917, 94, 0, 0, 17, 34, 128, 2, 24965, 16284, 19629, 1, 0, 0, 316
1118,0x103a1c,12, 1058602,"  102728:	e51b3018 	ldr	r3, [fp, #-24]	; 0xffffffe8
",benign, 342, 256, 2869, 2, 1764, 1084, 1, 519, 726, 0, 235, 23831, 522, 3, 94, 3019, 1167, 415, 3, 14130, 6401, 8148, 0, 0, 33, 1829, 2049, 2894, 91, 0, 0, 17, 33, 112, 2, 24558, 16288, 19591, 1, 0, 0, 373
1119,0x101368,1, 1056276,"  101e14:	e30b3cdc 	movw	r3, #48348	; 0xbcdc
",benign, 293, 197, 2849, 2, 1757, 1080, 1, 521, 727, 0, 252, 24194, 524, 3, 91, 3064, 1135, 397, 3, 14165, 6580, 8168, 0, 0, 34, 1839, 2022, 2903, 93, 0, 0, 18, 33, 132, 2, 24662, 16548, 19843, 1, 0, 0, 316
1120,0x1139a4,28, 1053927,"  1014e4:	e0822003 	add	r2, r2, r3
",benign, 285, 198, 2873, 2, 1771, 1087, 1, 519, 726, 0, 234, 23830, 522, 3, 94, 2940, 1224, 398, 3, 13944, 6296, 8157, 0, 0, 33, 1819, 2050, 2898, 91, 0, 0, 18, 53, 130, 2, 24705, 16348, 19610, 1, 0, 0, 316
1121,0x1193c8,26, 1062554,"  103698:	e1823003 	orr	r3, r2, r3
",benign, 285, 197, 2877, 2, 1765, 1086, 1, 517, 721, 0, 252, 24005, 517, 3, 93, 2851, 1398, 415, 3, 13995, 6421, 8215, 0, 0, 33, 1840, 2027, 2905, 91, 0, 0, 18, 21, 134, 2, 24689, 16401, 19791, 1, 0, 0, 316
1122,0x12ad5c,0, 1052938,"  101108:	e1a03163 	ror	r3, r3, #2
",benign, 290, 197, 2897, 2, 1802, 1083, 1, 531, 747, 0, 251, 24184, 544, 3, 93, 2920, 1253, 412, 3, 13939, 6356, 8300, 0, 0, 34, 1895, 2066, 2934, 91, 0, 0, 17, 22, 132, 2, 24899, 16419, 19740, 1, 0, 0, 316
1123,0x101748,16, 1056611,"  101f60:	e0011003 	and	r1, r1, r3
",benign, 284, 199, 2869, 2, 1774, 1082, 1, 521, 728, 0, 253, 24171, 524, 3, 94, 2734, 1259, 411, 3, 14114, 6211, 8237, 0, 0, 33, 1860, 2034, 2910, 93, 0, 0, 18, 34, 116, 2, 24512, 16423, 19899, 1, 0, 0, 316
1124,0x13dbc0,22, 1052138,"  100de8:	e0011003 	and	r1, r1, r3
",benign, 286, 198, 2873, 1, 1769, 1082, 1, 521, 728, 0, 242, 24334, 524, 3, 94, 3038, 1293, 398, 3, 14144, 6292, 8209, 0, 0, 33, 1929, 2080, 2918, 94, 0, 0, 17, 56, 292, 2, 24887, 16326, 19606, 1, 0, 0, 316
1125,0x135a2c,15, 1050893,"  10090c:	e51b300c 	ldr	r3, [fp, #-12]
",benign, 369, 198, 2904, 6, 1791, 1086, 1, 519, 725, 0, 232, 24769, 521, 3, 93, 3175, 1120, 397, 3, 14930, 7173, 8251, 0, 0, 33, 1899, 2118, 2910, 92, 0, 0, 17, 21, 134, 4, 25391, 17290, 20688, 3, 0, 0, 316
1126,0x1287cc,30, 1050439,"  100744:	e1a02003 	mov	r2, r3
",benign, 286, 198, 2883, 2, 1774, 1086, 1, 519, 725, 0, 250, 24208, 521, 3, 94, 2848, 1261, 413, 3, 14238, 6440, 8197, 0, 0, 33, 1850, 2036, 2915, 93, 0, 0, 18, 22, 132, 2, 24900, 16553, 19818, 1, 0, 0, 316
1127,0x113480,25, 1050754,"  100880:	e0823003 	add	r3, r2, r3
",benign, 353, 197, 2897, 6, 1797, 1085, 1, 528, 742, 0, 245, 24968, 539, 3, 91, 3398, 1135, 420, 3, 15185, 7383, 8352, 0, 0, 34, 1930, 2130, 2914, 91, 0, 0, 17, 35, 96, 14, 25679, 17195, 20659, 4, 0, 0, 316
1128,0x107be0,6, 1055650,"  101ba0:	e0233001 	eor	r3, r3, r1
",benign, 287, 197, 2862, 2, 1769, 1083, 1, 517, 721, 0, 241, 24044, 517, 3, 94, 2820, 1372, 413, 3, 14296, 6647, 8184, 0, 0, 33, 1904, 2084, 2903, 91, 0, 0, 18, 21, 116, 2, 24552, 16146, 19399, 1, 0, 0, 316
1129,0x109768,0, 1055626,"  101b88:	e51b300c 	ldr	r3, [fp, #-12]
",benign, 290, 198, 2888, 2, 1780, 1087, 1, 522, 734, 0, 235, 24216, 531, 3, 91, 3125, 1142, 397, 3, 14307, 6716, 8195, 0, 0, 34, 1848, 2051, 2896, 91, 0, 0, 17, 22, 128, 2, 24689, 16577, 19844, 1, 0, 0, 316
1130,0x11b178,23, 1053804,"  10146c:	e0211003 	eor	r1, r1, r3
",benign, 288, 198, 2885, 1, 1782, 1085, 1, 519, 725, 0, 246, 24107, 521, 3, 93, 2985, 1270, 411, 3, 14374, 6752, 8176, 0, 0, 33, 1854, 2036, 2918, 95, 0, 0, 17, 41, 130, 2, 24813, 16279, 19617, 1, 0, 0, 316
1131,0x12dafc,24, 1053450,"  101308:	e51b1010 	ldr	r1, [fp, #-16]
",benign, 288, 198, 2898, 2, 1793, 1083, 1, 528, 742, 0, 254, 24189, 539, 3, 92, 2976, 1156, 395, 3, 14315, 6759, 8257, 0, 0, 34, 1881, 2052, 2925, 91, 0, 0, 17, 33, 132, 2, 25055, 16543, 19841, 1, 0, 0, 316
1132,0x1179f0,17, 1058257,"  1025d0:	e0822003 	add	r2, r2, r3
",benign, 287, 198, 2966, 2, 1834, 1099, 1, 528, 735, 0, 248, 24317, 531, 3, 90, 2748, 1178, 412, 3, 14186, 6534, 8390, 0, 0, 33, 1909, 2077, 2990, 91, 0, 0, 17, 22, 112, 2, 24817, 16520, 19807, 1, 0, 0, 375
1133,0x134120,2, 1055090,"  101970:	e1a02de3 	ror	r2, r3, #27
",benign, 287, 197, 2891, 2, 1785, 1081, 1, 527, 741, 0, 258, 24270, 538, 3, 93, 2612, 1239, 415, 3, 14363, 6500, 8270, 0, 0, 34, 1894, 2061, 2928, 91, 0, 0, 17, 33, 132, 2, 25032, 16404, 19689, 1, 0, 0, 316
1134,0x12680c,30, 1061083,"  1030d8:	e51b3010 	ldr	r3, [fp, #-16]
",benign, 282, 198, 2874, 2, 1770, 1083, 1, 521, 728, 0, 249, 24100, 524, 3, 94, 2767, 1411, 413, 3, 14155, 6230, 8216, 0, 0, 33, 1856, 2032, 2910, 91, 0, 0, 18, 72, 131, 2, 24659, 16371, 19657, 1, 0, 0, 374
1135,0x11ad2c,3, 1059155,"  102950:	e50b3018 	str	r3, [fp, #-24]	; 0xffffffe8
",benign, 286, 197, 2868, 2, 1766, 1081, 1, 521, 728, 0, 249, 24064, 524, 3, 94, 2858, 1443, 641, 3, 13858, 6273, 8228, 0, 0, 33, 1863, 2038, 2910, 94, 0, 0, 18, 21, 114, 2, 24780, 16586, 19917, 1, 0, 0, 316
1136,0x124de8,20, 1062460,"  10363c:	e3530000 	cmp	r3, #0
",benign, 293, 199, 2885, 2, 1782, 1081, 1, 527, 741, 0, 255, 24539, 538, 3, 93, 2639, 1127, 413, 3, 14464, 6711, 8284, 0, 0, 34, 1885, 2044, 2931, 94, 0, 0, 17, 22, 112, 2, 24740, 16542, 19825, 1, 0, 0, 316
1137,0x136678,18, 1052115,"  100dd0:	e51b3020 	ldr	r3, [fp, #-32]	; 0xffffffe0
",benign, 293, 196, 2861, 2, 1767, 1082, 1, 521, 727, 0, 251, 24043, 524, 3, 92, 2899, 1102, 395, 3, 14142, 6669, 8152, 0, 0, 34, 1836, 2025, 2889, 92, 0, 0, 17, 33, 129, 2, 24772, 16430, 19749, 1, 0, 0, 316
1138,0x10b7d8,13, 1050471,"  100764:	e0423003 	sub	r3, r2, r3
",benign, 291, 197, 2885, 2, 1780, 1084, 1, 527, 741, 0, 249, 24503, 538, 3, 92, 2802, 1178, 415, 3, 14158, 6523, 8282, 0, 0, 34, 1878, 2054, 2914, 91, 0, 0, 17, 22, 128, 2, 24849, 16613, 19935, 1, 0, 0, 316
1139,0x126480,8, 1052262,"  100e64:	e51b3010 	ldr	r3, [fp, #-16]
",benign, 348, 258, 2903, 2, 1792, 1081, 1, 527, 741, 0, 251, 24296, 538, 3, 92, 2829, 1229, 411, 3, 14106, 6522, 8274, 0, 0, 34, 1869, 2068, 2920, 91, 0, 0, 18, 22, 132, 2, 24993, 16625, 19879, 1, 0, 0, 316
1140,0x12d314,25, 1059969,"  102c80:	e0822003 	add	r2, r2, r3
",benign, 292, 198, 2892, 2, 1782, 1083, 1, 527, 741, 0, 254, 24266, 538, 3, 93, 2774, 1254, 472, 3, 14117, 6389, 8288, 0, 0, 34, 1932, 2102, 2915, 91, 0, 0, 18, 22, 134, 2, 24802, 16394, 19737, 1, 0, 0, 316
1141,0x108b5c,16, 1054262,"  101634:	e51b30fc 	ldr	r3, [fp, #-252]	; 0xffffff04
",benign, 291, 198, 2921, 2, 1807, 1085, 1, 528, 742, 0, 246, 24464, 539, 3, 91, 2678, 1221, 411, 3, 14225, 6585, 8273, 0, 0, 34, 1893, 2043, 2920, 91, 0, 0, 17, 21, 132, 2, 24981, 16461, 19806, 1, 0, 0, 372
1142,0x122944,23, 1054703,"  1017ec:	e30e3ba1 	movw	r3, #60321	; 0xeba1
",benign, 286, 198, 2972, 2, 1840, 1100, 1, 528, 735, 0, 247, 24351, 531, 3, 90, 3137, 1224, 415, 3, 14035, 6150, 8390, 0, 0, 33, 1913, 2087, 2989, 91, 0, 0, 17, 22, 130, 2, 25085, 16623, 19898, 1, 0, 0, 316
1143,0x10e040,5, 1055920,"  101cb0:	e51b3018 	ldr	r3, [fp, #-24]	; 0xffffffe8
",benign, 288, 197, 2854, 2, 1752, 1081, 1, 521, 727, 0, 248, 24072, 524, 3, 92, 2873, 1314, 413, 3, 13947, 6411, 8137, 0, 0, 34, 1846, 2023, 2892, 93, 0, 0, 18, 33, 114, 2, 24665, 16597, 19852, 1, 0, 0, 372
1144,0x114ec0,2, 1053469,"  10131c:	e51b3018 	ldr	r3, [fp, #-24]	; 0xffffffe8
",benign, 286, 198, 2975, 1, 1852, 1102, 1, 528, 735, 0, 250, 24293, 531, 3, 90, 3046, 1362, 415, 3, 14099, 6519, 8377, 0, 0, 33, 1907, 2080, 2986, 91, 0, 0, 17, 34, 115, 2, 24959, 16601, 20018, 1, 0, 0, 316
1145,0x1138c8,8, 1060341,"  102df4:	e50b3018 	str	r3, [fp, #-24]	; 0xffffffe8
",benign, 280, 199, 2878, 1, 1770, 1084, 1, 520, 725, 0, 245, 24235, 521, 3, 95, 3091, 1241, 415, 3, 13971, 6436, 8170, 0, 0, 33, 1843, 2030, 2911, 93, 0, 0, 18, 34, 130, 2, 24773, 16431, 19740, 1, 0, 0, 316
1146,0x12b340,29, 1053288,"  101268:	e50b3018 	str	r3, [fp, #-24]	; 0xffffffe8
",benign, 294, 198, 2872, 2, 1770, 1081, 1, 521, 728, 0, 242, 23922, 524, 3, 94, 2651, 1454, 415, 3, 14122, 6498, 8243, 0, 0, 33, 1854, 2029, 2909, 93, 0, 0, 17, 21, 114, 2, 24618, 16353, 19679, 1, 0, 0, 316
1147,0x125d0c,24, 1052455,"  100f24:	e51b3010 	ldr	r3, [fp, #-16]
",benign, 287, 198, 2883, 2, 1779, 1082, 1, 527, 741, 0, 255, 24602, 538, 3, 94, 2779, 1270, 411, 3, 14691, 6838, 8294, 0, 0, 34, 1882, 2054, 2919, 91, 0, 0, 17, 41, 132, 2, 24940, 16301, 19611, 1, 0, 0, 316
1148,0x11b5d0,7, 1057613,"  10234c:	e0033000 	and	r3, r3, r0
",benign, 285, 198, 2868, 2, 1760, 1086, 1, 517, 721, 0, 242, 24146, 517, 3, 93, 3052, 1084, 398, 3, 14099, 6551, 8178, 0, 0, 33, 1834, 2022, 2911, 93, 0, 0, 18, 42, 134, 2, 24624, 16340, 19592, 1, 0, 0, 316
1149,0x10d138,17, 1059919,"  102c4c:	e1a03163 	ror	r3, r3, #2
",benign, 288, 197, 2851, 2, 1751, 1081, 1, 521, 727, 0, 256, 24089, 524, 3, 92, 3071, 1050, 415, 3, 14378, 6625, 8166, 0, 0, 34, 1839, 2019, 2883, 91, 0, 0, 17, 21, 132, 2, 24705, 16428, 19722, 1, 0, 0, 571
1150,0x139e50,25, 1052692,"  101014:	e51b3010 	ldr	r3, [fp, #-16]
",benign, 345, 253, 2888, 1, 1791, 1085, 1, 528, 742, 0, 250, 24209, 539, 3, 92, 2703, 1398, 395, 3, 14072, 6462, 8279, 0, 0, 34, 1888, 2054, 2928, 93, 0, 0, 18, 22, 134, 2, 24866, 16709, 19989, 1, 0, 0, 316
1151,0x105af8,31, 1050470,"  100764:	e0423003 	sub	r3, r2, r3
",benign, 283, 198, 2952, 2, 1830, 1100, 1, 528, 735, 0, 242, 24240, 531, 3, 90, 2785, 1423, 395, 3, 13925, 6340, 8379, 0, 0, 33, 1903, 2089, 2983, 91, 0, 0, 17, 74, 132, 2, 24904, 16712, 20043, 1, 0, 0, 316
1152,0x108c30,28, 1053170,"  1011f0:	e50b3018 	str	r3, [fp, #-24]	; 0xffffffe8
",benign, 283, 199, 2874, 2, 1769, 1082, 1, 521, 728, 0, 247, 24215, 524, 3, 94, 3015, 1496, 395, 3, 14081, 6272, 8218, 0, 0, 33, 1853, 2035, 2915, 93, 0, 0, 17, 22, 115, 2, 24448, 16446, 19767, 1, 0, 0, 316
1153,0x1221e4,14, 1050330,"  1006d8:	e30b3114 	movw	r3, #45332	; 0xb114
",benign, 382, 198, 2873, 5, 1771, 1085, 1, 520, 725, 0, 258, 25017, 521, 3, 93, 3229, 982, 409, 3, 15297, 7629, 8262, 0, 0, 33, 1856, 2034, 2907, 92, 0, 0, 18, 21, 127, 5, 25709, 17122, 20508, 3, 0, 0, 316
1154,0x1112d0,31, 1061018,"  103098:	e50b3008 	str	r3, [fp, #-8]
",benign, 285, 198, 2952, 2, 1838, 1101, 1, 528, 735, 0, 248, 24339, 531, 3, 90, 2621, 1444, 397, 3, 14188, 6393, 8395, 0, 0, 33, 1907, 2084, 2986, 91, 0, 0, 18, 71, 114, 2, 24704, 16736, 20045, 1, 0, 0, 316
1155,0x131610,25, 1049868,"  10050c:	fa00499b 	blx	112b80 <strlen>
",benign, 320, 198, 2865, 5, 1766, 1079, 1, 521, 728, 0, 243, 24428, 524, 3, 92, 3224, 1216, 407, 3, 14391, 6761, 8210, 0, 0, 33, 1864, 2020, 2903, 91, 0, 0, 17, 54, 112, 4, 25105, 16626, 20036, 3, 0, 0, 316
1156,0x117cfc,23, 1053253,"  101244:	e51b3120 	ldr	r3, [fp, #-288]	; 0xfffffee0
",benign, 289, 198, 2890, 2, 1785, 1083, 1, 527, 741, 0, 252, 24220, 538, 3, 92, 2965, 1111, 415, 3, 14179, 6485, 8276, 0, 0, 34, 1885, 2059, 2919, 91, 0, 0, 17, 21, 128, 2, 24813, 16549, 19851, 1, 0, 0, 316
1157,0x1010f8,22, 1056824,"  102038:	e51b3020 	ldr	r3, [fp, #-32]	; 0xffffffe0
",benign, 286, 199, 2875, 2, 1780, 1085, 1, 520, 725, 0, 246, 23960, 521, 3, 95, 2739, 1366, 415, 3, 14257, 6433, 8169, 0, 0, 33, 1851, 2037, 2907, 91, 0, 0, 18, 71, 114, 2, 24670, 16268, 19620, 1, 0, 0, 316
1158,0x106294,7, 1059461,"  102a84:	e50b3020 	str	r3, [fp, #-32]	; 0xffffffe0
",benign, 288, 198, 2876, 2, 1771, 1083, 1, 521, 726, 0, 243, 24095, 522, 3, 94, 2975, 1251, 397, 3, 13884, 6255, 8181, 0, 0, 33, 1849, 2024, 2911, 93, 0, 0, 17, 22, 130, 2, 24601, 16527, 19859, 1, 0, 0, 316
1159,0x127d34,24, 1052055,"  100d94:	e51b3148 	ldr	r3, [fp, #-328]	; 0xfffffeb8
",benign, 290, 198, 2892, 2, 1797, 1084, 1, 527, 741, 0, 252, 24398, 538, 3, 93, 2958, 1214, 411, 3, 14508, 6712, 8287, 0, 0, 34, 1874, 2062, 2923, 91, 0, 0, 18, 71, 132, 2, 24795, 16725, 20148, 1, 0, 0, 375
1160,0x10fc84,1, 1051178,"  100a28:	e51b3008 	ldr	r3, [fp, #-8]
",benign, 284, 196, 2891, 1, 1788, 1083, 1, 531, 747, 0, 249, 24269, 544, 3, 93, 3039, 1195, 415, 3, 14015, 6367, 8324, 0, 0, 34, 1891, 2061, 2930, 91, 0, 0, 17, 33, 129, 2, 24891, 16572, 19897, 1, 0, 0, 316
1161,0x135478,8, 1055231,"  1019fc:	e0822003 	add	r2, r2, r3
",benign, 288, 197, 2888, 2, 1790, 1083, 1, 531, 747, 0, 253, 24397, 544, 3, 93, 2803, 1203, 415, 3, 14174, 6630, 8320, 0, 0, 34, 1893, 2073, 2929, 91, 0, 0, 17, 34, 130, 2, 25099, 16413, 19740, 1, 0, 0, 316
1162,0x105b28,30, 1057370,"  102258:	e1813003 	orr	r3, r1, r3
",benign, 283, 196, 2910, 1, 1805, 1084, 1, 531, 747, 0, 251, 24382, 544, 3, 93, 2783, 1422, 415, 3, 14161, 6535, 8302, 0, 0, 34, 1894, 2072, 2930, 91, 0, 0, 18, 21, 131, 2, 24803, 16519, 19835, 1, 0, 0, 374
1163,0x11a810,28, 1058919,"  102864:	e0823003 	add	r3, r2, r3
",benign, 288, 197, 2875, 1, 1767, 1087, 1, 517, 721, 0, 246, 24172, 517, 3, 93, 3039, 1246, 413, 3, 13969, 6393, 8176, 0, 0, 33, 1915, 2069, 2907, 91, 0, 0, 17, 42, 132, 2, 24699, 16443, 19716, 1, 0, 0, 375
1164,0x12d914,10, 1053435,"  1012f8:	e51b3020 	ldr	r3, [fp, #-32]	; 0xffffffe0
",benign, 284, 199, 2890, 1, 1773, 1087, 1, 519, 725, 0, 242, 24082, 521, 3, 93, 3232, 1229, 411, 3, 13986, 6413, 8186, 0, 0, 33, 1858, 2032, 2916, 93, 0, 0, 17, 22, 132, 2, 24755, 16728, 20068, 1, 0, 0, 316
1165,0x13d42c,23, 1054801,"  101850:	e51b30e8 	ldr	r3, [fp, #-232]	; 0xffffff18
",benign, 284, 199, 2926, 2, 1808, 1096, 1, 524, 728, 0, 246, 24416, 524, 3, 94, 2542, 1474, 415, 3, 14464, 6379, 8293, 0, 0, 33, 1886, 2064, 2959, 91, 0, 0, 17, 22, 132, 2, 25049, 16536, 19834, 1, 0, 0, 316
1166,0x1161b0,27, 1054202,"  1015f8:	e50b3014 	str	r3, [fp, #-20]	; 0xffffffec
",benign, 291, 198, 3053, 2, 1889, 1107, 1, 539, 765, 0, 259, 26541, 563, 3, 94, 2957, 1167, 474, 3, 16195, 6550, 8573, 0, 0, 35, 1979, 2132, 3050, 93, 0, 0, 18, 22, 134, 2, 27186, 18659, 21966, 1, 0, 0, 316
1167,0x112798,25, 1055652,"  101ba4:	e0822003 	add	r2, r2, r3
",benign, 285, 197, 2869, 2, 1764, 1087, 1, 517, 721, 0, 247, 23942, 517, 3, 93, 2970, 1213, 395, 3, 14242, 6593, 8205, 0, 0, 33, 1839, 2025, 2912, 93, 0, 0, 18, 33, 134, 2, 24835, 16308, 19722, 1, 0, 0, 316
1168,0x13146c,15, 1054058,"  101568:	e3463ed9 	movt	r3, #28377	; 0x6ed9
",benign, 287, 199, 2874, 2, 1771, 1085, 1, 519, 725, 0, 252, 24434, 521, 3, 93, 2963, 1214, 411, 3, 14277, 6508, 8207, 0, 0, 33, 1851, 2022, 2913, 91, 0, 0, 17, 53, 130, 2, 24795, 16508, 19781, 1, 0, 0, 316
1169,0x13c2b0,25, 1050890,"  100908:	e50b302c 	str	r3, [fp, #-44]	; 0xffffffd4
",benign, 364, 198, 2887, 7, 1779, 1083, 1, 528, 742, 0, 242, 24904, 539, 3, 91, 3511, 1113, 413, 3, 14824, 7353, 8340, 0, 0, 34, 1873, 2084, 2919, 93, 0, 0, 17, 33, 134, 4, 25328, 17129, 20551, 3, 0, 0, 316
1170,0x1233b0,5, 1051930,"  100d18:	e0822003 	add	r2, r2, r3
",benign, 341, 257, 2884, 2, 1785, 1086, 1, 519, 725, 0, 250, 24206, 521, 3, 94, 3118, 1151, 398, 3, 13988, 6355, 8178, 0, 0, 33, 1848, 2038, 2921, 94, 0, 0, 17, 34, 130, 2, 24902, 16295, 19731, 1, 0, 0, 316
1171,0x108910,31, 1055546,"  101b38:	e0822003 	add	r2, r2, r3
",benign, 343, 254, 2877, 1, 1776, 1086, 1, 517, 721, 0, 241, 24215, 517, 3, 93, 2848, 1174, 471, 3, 14177, 6612, 8178, 0, 0, 33, 1845, 2024, 2910, 93, 0, 0, 17, 41, 129, 2, 24656, 16489, 19771, 1, 0, 0, 316
1172,0x137794,20, 1053923,"  1014e0:	e0233001 	eor	r3, r3, r1
",benign, 283, 199, 2879, 1, 1773, 1085, 1, 519, 725, 0, 246, 24141, 521, 3, 93, 2869, 1367, 470, 3, 14501, 6792, 8188, 0, 0, 33, 1907, 2088, 2911, 91, 0, 0, 17, 21, 115, 2, 24764, 16448, 19770, 1, 0, 0, 316
1173,0x138e7c,19, 1061593,"  1032d8:	e5832000 	str	r2, [r3]
",benign, 290, 198, 2863, 2, 1766, 1081, 1, 521, 728, 0, 250, 23979, 524, 3, 94, 2647, 1470, 411, 3, 14324, 6426, 8188, 0, 0, 33, 1871, 2031, 2908, 91, 0, 0, 17, 21, 115, 2, 24879, 16333, 19673, 1, 0, 0, 316
1174,0x12a518,27, 1058411,"  102668:	e50b3014 	str	r3, [fp, #-20]	; 0xffffffec
",benign, 344, 254, 2865, 1, 1763, 1087, 1, 517, 721, 0, 250, 24108, 517, 3, 93, 3033, 1310, 398, 3, 14043, 6219, 8150, 0, 0, 33, 1844, 2015, 2905, 91, 0, 0, 17, 22, 132, 2, 24686, 16185, 19455, 1, 0, 0, 316
1175,0x10ca2c,26, 1061793,"  1033a0:	e1530002 	cmp	r3, r2
",benign, 285, 198, 2866, 2, 1773, 1082, 1, 521, 728, 0, 249, 24066, 524, 3, 95, 2870, 1200, 411, 3, 14130, 6398, 8192, 0, 0, 33, 1846, 2027, 2904, 91, 0, 0, 17, 38, 314, 2, 24928, 16419, 19899, 1, 0, 0, 316
1176,0x129400,29, 1055237,"  101a04:	e0822003 	add	r2, r2, r3
",benign, 292, 198, 2900, 2, 1796, 1084, 1, 527, 741, 0, 265, 24292, 538, 3, 93, 2767, 1238, 411, 3, 14267, 6623, 8280, 0, 0, 34, 1877, 2068, 2918, 91, 0, 0, 17, 22, 132, 2, 24865, 16770, 20124, 1, 0, 0, 316
1177,0x13a7ac,24, 1052710,"  101024:	e50b3010 	str	r3, [fp, #-16]
",benign, 290, 198, 2878, 1, 1765, 1083, 1, 520, 725, 0, 251, 24216, 521, 3, 94, 2669, 1429, 415, 3, 14189, 6589, 8189, 0, 0, 33, 1848, 2026, 2905, 93, 0, 0, 17, 21, 112, 2, 24719, 16371, 19602, 1, 0, 0, 316
1178,0x118c3c,22, 1057158,"  102184:	e50b3020 	str	r3, [fp, #-32]	; 0xffffffe0
",benign, 283, 196, 2896, 2, 1801, 1084, 1, 531, 747, 0, 249, 24134, 544, 3, 92, 2763, 1381, 415, 3, 14269, 6461, 8294, 0, 0, 34, 1891, 2065, 2926, 91, 0, 0, 18, 21, 131, 2, 24696, 16696, 19923, 1, 0, 0, 316
1179,0x133ba0,3, 1052161,"  100e00:	e0822003 	add	r2, r2, r3
",benign, 286, 198, 2953, 2, 1830, 1100, 1, 528, 735, 0, 249, 24448, 531, 3, 90, 2718, 1196, 412, 3, 14443, 6481, 8377, 0, 0, 33, 1976, 2154, 2993, 94, 0, 0, 17, 34, 130, 2, 25119, 16767, 20097, 1, 0, 0, 316
1180,0x12c248,11, 1052431,"  100f0c:	e0823003 	add	r3, r2, r3
",benign, 342, 256, 2872, 2, 1776, 1080, 1, 521, 728, 0, 248, 24131, 524, 3, 94, 3035, 1272, 411, 3, 14108, 6421, 8210, 0, 0, 33, 1852, 2025, 2904, 91, 0, 0, 17, 54, 129, 2, 24751, 16315, 19722, 1, 0, 0, 316
1181,0x118b94,27, 1062426,"  103618:	e55b301d 	ldrb	r3, [fp, #-29]	; 0xffffffe3
",benign, 286, 198, 2877, 2, 1783, 1085, 1, 519, 725, 0, 242, 24059, 521, 3, 93, 3058, 1207, 415, 3, 14130, 6281, 8162, 0, 0, 33, 1849, 2039, 2907, 91, 0, 0, 17, 36, 112, 2, 24581, 16460, 19827, 1, 0, 0, 316
1182,0x10140c,19, 1060035,"  102cc0:	e51b300c 	ldr	r3, [fp, #-12]
",benign, 284, 197, 2865, 2, 1774, 1085, 1, 517, 721, 0, 249, 24059, 517, 3, 92, 3052, 1395, 411, 3, 14005, 6216, 8178, 0, 0, 33, 1819, 2031, 2904, 91, 0, 0, 18, 22, 132, 2, 24458, 16329, 19588, 1, 0, 0, 374
1183,0x108cfc,29, 1056058,"  101d38:	e50b3018 	str	r3, [fp, #-24]	; 0xffffffe8
",benign, 288, 198, 2969, 1, 1834, 1100, 1, 528, 735, 0, 243, 24324, 531, 3, 90, 3093, 1201, 397, 3, 14202, 6404, 8382, 0, 0, 33, 1898, 2081, 2989, 91, 0, 0, 17, 21, 132, 2, 24991, 16627, 19884, 1, 0, 0, 316
1184,0x135ac4,30, 1051719,"  100c44:	e51b3018 	ldr	r3, [fp, #-24]	; 0xffffffe8
",benign, 288, 197, 2872, 1, 1764, 1086, 1, 517, 721, 0, 252, 24167, 517, 3, 93, 2994, 1293, 415, 3, 14129, 6607, 8190, 0, 0, 33, 1839, 2032, 2914, 94, 0, 0, 17, 21, 128, 2, 24776, 16208, 19515, 1, 0, 0, 316
1185,0x1114c8,22, 1054818,"  101860:	e0823003 	add	r3, r2, r3
",benign, 285, 199, 2873, 1, 1779, 1085, 1, 519, 725, 0, 244, 24187, 521, 3, 93, 2793, 1473, 467, 3, 14408, 6551, 8203, 0, 0, 33, 1851, 2021, 2913, 91, 0, 0, 18, 73, 114, 2, 24546, 16644, 19912, 1, 0, 0, 372
1186,0x13ac50,17, 1053085,"  10119c:	e1a02de3 	ror	r2, r3, #27
",benign, 293, 197, 2891, 2, 1785, 1083, 1, 528, 742, 0, 251, 24050, 539, 3, 93, 3301, 1391, 413, 3, 14210, 6294, 8264, 0, 0, 34, 1881, 2052, 2926, 93, 0, 0, 17, 34, 130, 2, 25045, 16549, 19825, 1, 0, 0, 316
1187,0x117e54,15, 1058105,"  102538:	e51b3018 	ldr	r3, [fp, #-24]	; 0xffffffe8
",benign, 288, 196, 2858, 2, 1752, 1082, 1, 521, 727, 0, 251, 24269, 524, 3, 93, 3265, 1120, 413, 3, 14093, 6640, 8157, 0, 0, 34, 1902, 2077, 2892, 92, 0, 0, 18, 42, 134, 2, 24964, 16216, 19522, 1, 0, 0, 372
1188,0x108374,9, 1053601,"  1013a0:	e0822003 	add	r2, r2, r3
",benign, 288, 198, 2885, 2, 1783, 1080, 1, 527, 741, 0, 252, 24225, 538, 3, 93, 3209, 1229, 411, 3, 14386, 6731, 8267, 0, 0, 34, 1882, 2059, 2923, 91, 0, 0, 17, 34, 132, 2, 24727, 16444, 19790, 1, 0, 0, 374
1189,0x1105ac,13, 1058646,"  102754:	e51b300c 	ldr	r3, [fp, #-12]
",benign, 294, 199, 3037, 2, 1883, 1108, 1, 539, 765, 0, 255, 26450, 563, 3, 94, 3165, 1255, 413, 3, 16582, 6805, 8571, 0, 0, 35, 1969, 2130, 3041, 91, 0, 0, 17, 21, 112, 2, 26775, 18835, 22179, 1, 0, 0, 316
1190,0x130968,1, 1050239,"  10067c:	e3083434 	movw	r3, #33844	; 0x8434
",benign, 398, 197, 2861, 5, 1752, 1081, 1, 521, 727, 0, 243, 24963, 524, 3, 91, 3291, 1054, 465, 3, 15392, 7711, 8232, 0, 0, 34, 1838, 2044, 2885, 91, 0, 0, 17, 52, 123, 3, 25749, 17526, 21134, 3, 0, 0, 316
1191,0x139a74,14, 1052550,"  100f84:	e0823003 	add	r3, r2, r3
",benign, 287, 199, 2892, 2, 1783, 1083, 1, 527, 741, 0, 259, 24188, 538, 3, 92, 2795, 1439, 413, 3, 14208, 6221, 8285, 0, 0, 34, 1881, 2055, 2925, 93, 0, 0, 17, 21, 130, 2, 25059, 16680, 19999, 1, 0, 0, 316
1192,0x13ccf8,22, 1058651,"  102758:	e1a02de3 	ror	r2, r3, #27
",benign, 290, 198, 2896, 1, 1784, 1084, 1, 528, 742, 0, 253, 24157, 539, 3, 91, 2895, 1174, 415, 3, 14111, 6548, 8279, 0, 0, 34, 1886, 2047, 2922, 91, 0, 0, 17, 33, 132, 2, 24998, 16439, 19923, 1, 0, 0, 316
1193,0x12c444,28, 1056465,"  101ed0:	e1a02de3 	ror	r2, r3, #27
",benign, 292, 198, 2877, 2, 1779, 1083, 1, 522, 734, 0, 245, 24222, 531, 3, 92, 3016, 1235, 411, 3, 14179, 6618, 8196, 0, 0, 34, 1840, 2048, 2896, 92, 0, 0, 18, 21, 130, 2, 24609, 16681, 19957, 1, 0, 0, 374
1194,0x12d070,26, 1056211,"  101dd0:	e50b300c 	str	r3, [fp, #-12]
",benign, 287, 197, 2876, 2, 1767, 1084, 1, 520, 725, 0, 244, 24429, 521, 3, 95, 2690, 1192, 415, 3, 14417, 6611, 8188, 0, 0, 33, 1854, 2031, 2911, 91, 0, 0, 18, 34, 131, 2, 24708, 16378, 19681, 1, 0, 0, 316
1195,0x1040e0,19, 1051348,"  100ad4:	e0823003 	add	r3, r2, r3
",benign, 284, 197, 2874, 1, 1768, 1086, 1, 517, 721, 0, 243, 24299, 517, 3, 93, 3042, 1077, 398, 3, 13943, 6339, 8196, 0, 0, 33, 1854, 2021, 2913, 93, 0, 0, 17, 21, 129, 2, 25062, 16573, 19929, 1, 0, 0, 316
1196,0x1063f8,7, 1057654,"  102374:	e50b3020 	str	r3, [fp, #-32]	; 0xffffffe0
",benign, 294, 196, 2887, 2, 1787, 1082, 1, 531, 747, 0, 253, 24230, 544, 3, 93, 3042, 1178, 398, 3, 14162, 6582, 8322, 0, 0, 34, 1901, 2058, 2927, 91, 0, 0, 18, 34, 134, 2, 25046, 16558, 19838, 1, 0, 0, 372
1197,0x128458,20, 1053621,"  1013b4:	e3073999 	movw	r3, #31129	; 0x7999
",benign, 282, 198, 2817, 2, 1716, 1083, 1, 506, 703, 0, 225, 23517, 499, 3, 94, 2561, 1353, 413, 3, 14003, 6502, 7924, 0, 0, 33, 1752, 1984, 2822, 91, 0, 0, 18, 22, 114, 2, 24445, 16073, 19350, 1, 0, 0, 316
1198,0x13d620,26, 1057123,"  102160:	e1813003 	orr	r3, r1, r3
",benign, 286, 199, 2867, 2, 1775, 1083, 1, 520, 724, 0, 240, 24019, 520, 3, 94, 2940, 1168, 395, 3, 13949, 6348, 8153, 0, 0, 33, 1849, 2027, 2908, 93, 0, 0, 18, 21, 134, 2, 24554, 16419, 19695, 1, 0, 0, 316
1199,0x10c7c4,17, 1056645,"  101f84:	e0822003 	add	r2, r2, r3
",benign, 283, 198, 2893, 2, 1779, 1086, 1, 519, 725, 0, 243, 24130, 521, 3, 94, 2941, 1415, 415, 3, 14142, 6456, 8176, 0, 0, 33, 1849, 2032, 2913, 93, 0, 0, 18, 21, 134, 2, 24755, 16251, 19455, 1, 0, 0, 316
1200,0x112cdc,16, 1058802,"  1027f0:	e30c31d6 	movw	r3, #49622	; 0xc1d6
",benign, 287, 198, 2902, 2, 1792, 1082, 1, 528, 742, 0, 249, 24285, 539, 3, 91, 3035, 1224, 469, 3, 14148, 6517, 8259, 0, 0, 34, 1874, 2055, 2921, 93, 0, 0, 17, 72, 112, 2, 24623, 16574, 19964, 1, 0, 0, 316
1201,0x131de4,29, 1054073,"  101578:	e50b301c 	str	r3, [fp, #-28]	; 0xffffffe4
",benign, 286, 197, 2870, 1, 1765, 1087, 1, 517, 721, 0, 252, 24100, 517, 3, 93, 2893, 1389, 413, 3, 14195, 6635, 8164, 0, 0, 33, 1837, 2025, 2897, 91, 0, 0, 17, 34, 132, 2, 24755, 16205, 19695, 1, 0, 0, 316
1202,0x1321ac,26, 1052847,"  1010ac:	e1a02de3 	ror	r2, r3, #27
",benign, 291, 198, 2889, 1, 1783, 1083, 1, 528, 742, 0, 248, 24218, 539, 3, 92, 2992, 1084, 415, 3, 14166, 6473, 8252, 0, 0, 34, 1891, 2060, 2926, 94, 0, 0, 17, 71, 130, 2, 24877, 16376, 19670, 1, 0, 0, 316
1203,0x12bf8c,6, 1050472,"  100768:	e1a03123 	lsr	r3, r3, #2
",benign, 342, 253, 2898, 2, 1791, 1082, 1, 531, 747, 0, 251, 24179, 544, 3, 92, 2640, 1474, 415, 3, 14089, 6282, 8310, 0, 0, 34, 1905, 2065, 2935, 93, 0, 0, 17, 33, 129, 2, 24797, 16719, 20250, 1, 0, 0, 316
1204,0x119e10,10, 1052421,"  100f04:	e3073999 	movw	r3, #31129	; 0x7999
",benign, 284, 198, 2804, 1, 1714, 1082, 1, 506, 703, 0, 226, 23985, 499, 3, 92, 2985, 1202, 415, 3, 13818, 6235, 7932, 0, 0, 33, 1761, 1983, 2836, 91, 0, 0, 18, 21, 130, 2, 24471, 15981, 19351, 1, 0, 0, 316
1205,0x10e4b8,9, 1056456,"  101ec8:	e50b300c 	str	r3, [fp, #-12]
",benign, 287, 198, 2889, 2, 1780, 1081, 1, 528, 742, 0, 247, 24232, 539, 3, 92, 2970, 1143, 415, 3, 14549, 6759, 8300, 0, 0, 34, 1891, 2045, 2920, 91, 0, 0, 17, 41, 132, 2, 25070, 16432, 19759, 1, 0, 0, 372
1206,0x11b280,15, 1061154,"  103120:	e1a00003 	mov	r0, r3
",benign, 292, 197, 2895, 2, 1799, 1083, 1, 531, 747, 0, 246, 24080, 544, 3, 93, 3160, 1196, 397, 3, 14365, 6518, 8279, 0, 0, 34, 1900, 2060, 2928, 91, 0, 0, 17, 34, 129, 2, 25020, 16596, 19867, 1, 0, 0, 316
1207,0x1233f0,15, 1053559,"  101374:	e50b300c 	str	r3, [fp, #-12]
",benign, 286, 199, 2880, 2, 1774, 1082, 1, 520, 725, 0, 241, 24250, 521, 3, 95, 2935, 1185, 397, 3, 14195, 6561, 8202, 0, 0, 33, 1848, 2035, 2908, 91, 0, 0, 17, 22, 112, 2, 24902, 16861, 20135, 1, 0, 0, 316
1208,0x114c90,19, 1058861,"  10282c:	e51b300c 	ldr	r3, [fp, #-12]
",benign, 288, 198, 2872, 2, 1771, 1082, 1, 522, 734, 0, 240, 24414, 531, 3, 92, 2969, 1167, 411, 3, 14306, 6700, 8199, 0, 0, 34, 1836, 2049, 2904, 93, 0, 0, 17, 72, 114, 2, 24576, 16553, 19788, 1, 0, 0, 316
1209,0x120cd4,0, 1052743,"  101044:	e51b3010 	ldr	r3, [fp, #-16]
",benign, 286, 199, 2879, 1, 1771, 1086, 1, 519, 725, 0, 251, 24218, 521, 3, 93, 2954, 1524, 471, 3, 14043, 6495, 8224, 0, 0, 33, 1907, 2091, 2919, 92, 0, 0, 18, 22, 132, 2, 24812, 16528, 19777, 1, 0, 0, 316
1210,0x124fdc,28, 1057464,"  1022b8:	e51b3018 	ldr	r3, [fp, #-24]	; 0xffffffe8
",benign, 290, 198, 2880, 2, 1779, 1084, 1, 528, 742, 0, 255, 24025, 539, 3, 92, 3099, 1170, 398, 3, 14259, 6595, 8291, 0, 0, 34, 1897, 2053, 2915, 91, 0, 0, 18, 21, 132, 2, 24671, 16514, 19821, 1, 0, 0, 316
1211,0x118460,13, 1056626,"  101f70:	e1813003 	orr	r3, r1, r3
",benign, 287, 198, 2886, 2, 1782, 1082, 1, 527, 741, 0, 258, 24404, 538, 3, 94, 2992, 1234, 395, 3, 14320, 6696, 8289, 0, 0, 34, 1889, 2057, 2933, 93, 0, 0, 17, 43, 130, 2, 24986, 16701, 20005, 1, 0, 0, 316
1212,0x1239a0,31, 1054567,"  101764:	e51b3018 	ldr	r3, [fp, #-24]	; 0xffffffe8
",benign, 282, 199, 2941, 2, 1814, 1095, 1, 524, 728, 0, 238, 24333, 524, 3, 94, 2913, 1260, 415, 3, 14106, 6458, 8312, 0, 0, 33, 1879, 2067, 2956, 91, 0, 0, 18, 22, 114, 2, 24877, 16444, 19721, 1, 0, 0, 316
1213,0x11f9f8,22, 1055882,"  101c88:	e1813003 	orr	r3, r1, r3
",benign, 286, 198, 2881, 2, 1779, 1085, 1, 528, 742, 0, 247, 24433, 539, 3, 92, 2850, 1150, 395, 3, 14346, 6461, 8286, 0, 0, 34, 1888, 2051, 2922, 93, 0, 0, 18, 21, 134, 2, 25305, 16503, 19778, 1, 0, 0, 316
1214,0x12b4ac,27, 1053202,"  101210:	e51b300c 	ldr	r3, [fp, #-12]
",benign, 289, 197, 2881, 1, 1777, 1083, 1, 522, 734, 0, 242, 24140, 531, 3, 92, 2885, 1217, 566, 3, 14264, 6645, 8215, 0, 0, 34, 1835, 2044, 2895, 92, 0, 0, 17, 34, 132, 2, 25063, 16660, 19913, 1, 0, 0, 316
1215,0x127a18,14, 1061081,"  1030d8:	e51b3010 	ldr	r3, [fp, #-16]
",benign, 292, 198, 2892, 1, 1784, 1082, 1, 527, 741, 0, 253, 24084, 538, 3, 93, 2956, 1208, 471, 3, 14345, 6365, 8275, 0, 0, 34, 1879, 2067, 2931, 93, 0, 0, 17, 21, 114, 2, 24816, 16640, 20097, 1, 0, 0, 316
1216,0x120ad8,8, 1052693,"  101014:	e51b3010 	ldr	r3, [fp, #-16]
",benign, 288, 198, 2884, 2, 1782, 1084, 1, 527, 741, 0, 248, 24218, 538, 3, 93, 2837, 1106, 398, 3, 14193, 6633, 8279, 0, 0, 34, 1891, 2053, 2929, 91, 0, 0, 17, 34, 132, 2, 24856, 16676, 19974, 1, 0, 0, 316
1217,0x1284ec,18, 1050376,"  100708:	e1a02003 	mov	r2, r3
",benign, 334, 197, 2896, 5, 1779, 1086, 1, 519, 725, 0, 250, 24643, 521, 3, 91, 3389, 1085, 406, 3, 14430, 6932, 8193, 0, 0, 33, 1853, 2032, 2920, 94, 0, 0, 18, 21, 119, 5, 25005, 16673, 20062, 3, 0, 0, 316
1218,0x118bf8,26, 1060731,"  102f78:	e5832018 	str	r2, [r3, #24]
",benign, 285, 199, 2871, 2, 1766, 1084, 1, 520, 725, 0, 242, 24019, 521, 3, 94, 2847, 1410, 473, 3, 14045, 6462, 8198, 0, 0, 33, 1854, 2028, 2903, 91, 0, 0, 18, 21, 134, 2, 24669, 16411, 19706, 1, 0, 0, 316
1219,0x10bb10,0, 1056640,"  101f80:	e51b30a8 	ldr	r3, [fp, #-168]	; 0xffffff58
",benign, 285, 199, 2880, 2, 1783, 1083, 1, 520, 725, 0, 241, 24066, 521, 3, 95, 2869, 1440, 415, 3, 14171, 6598, 8233, 0, 0, 33, 1845, 2032, 2912, 91, 0, 0, 17, 22, 114, 2, 24468, 16622, 19860, 1, 0, 0, 316
1220,0x139370,6, 1059608,"  102b18:	e51b3020 	ldr	r3, [fp, #-32]	; 0xffffffe0
",benign, 288, 197, 2874, 2, 1772, 1081, 1, 521, 728, 0, 243, 23992, 524, 3, 94, 2963, 1266, 415, 3, 13911, 6313, 8233, 0, 0, 33, 1863, 2031, 2913, 93, 0, 0, 17, 36, 130, 2, 24723, 16463, 19725, 1, 0, 0, 316
1221,0x1077e8,18, 1051174,"  100a24:	e0222003 	eor	r2, r2, r3
",benign, 292, 198, 2886, 2, 1781, 1081, 1, 527, 741, 0, 249, 24052, 538, 3, 94, 2784, 1225, 397, 3, 14201, 6603, 8290, 0, 0, 34, 1869, 2053, 2921, 91, 0, 0, 17, 162, 129, 2, 25194, 16458, 19947, 1, 0, 0, 316
1222,0x13d7f4,14, 1061061,"  1030c4:	e2831001 	add	r1, r3, #1
",benign, 291, 196, 2900, 2, 1790, 1083, 1, 531, 747, 0, 243, 24105, 544, 3, 93, 2875, 1179, 398, 3, 14281, 6713, 8289, 0, 0, 34, 1889, 2075, 2932, 92, 0, 0, 17, 22, 132, 2, 25250, 16460, 19805, 1, 0, 0, 316
1223,0x128934,4, 1055488,"  101b00:	e51b3010 	ldr	r3, [fp, #-16]
",benign, 283, 196, 2866, 2, 1760, 1086, 1, 517, 721, 0, 246, 24353, 517, 3, 93, 3027, 1373, 591, 3, 13977, 6493, 8139, 0, 0, 33, 1859, 2018, 2907, 92, 0, 0, 18, 22, 130, 2, 24528, 16435, 19684, 1, 0, 0, 316
1224,0x13af7c,19, 1061482,"  103268:	3affffd9 	bcc	1031d4 <sha_stream+0x58>
",benign, 286, 197, 2870, 2, 1765, 1088, 1, 517, 721, 0, 259, 24230, 517, 3, 93, 2777, 1417, 398, 3, 14204, 6465, 8168, 0, 0, 33, 1847, 2025, 2916, 94, 0, 0, 17, 34, 310, 2, 24966, 16290, 19575, 1, 0, 0, 316
1225,0x1154a0,5, 1054736,"  101810:	e1a03163 	ror	r3, r3, #2
",benign, 287, 198, 2883, 2, 1781, 1086, 1, 519, 725, 0, 242, 24096, 521, 3, 93, 3020, 1222, 415, 3, 14287, 6540, 8205, 0, 0, 33, 1853, 2036, 2913, 91, 0, 0, 17, 21, 130, 2, 24810, 16304, 19620, 1, 0, 0, 316
1226,0x113c20,27, 1061888,"  103400:	e1a00003 	mov	r0, r3
",benign, 284, 198, 2975, 2, 1839, 1100, 1, 528, 735, 0, 243, 24294, 531, 3, 90, 2857, 1193, 412, 3, 14319, 6655, 8376, 0, 0, 33, 1911, 2080, 2983, 91, 0, 0, 18, 34, 132, 2, 24920, 16660, 20123, 1, 0, 0, 316
1227,0x1329f4,25, 1059391,"  102a3c:	e50b3010 	str	r3, [fp, #-16]
",benign, 292, 199, 3039, 1, 1881, 1104, 1, 539, 765, 0, 253, 26717, 563, 3, 94, 2879, 1285, 415, 3, 16551, 6859, 8601, 0, 0, 35, 1970, 2143, 3048, 92, 0, 0, 17, 21, 132, 2, 27055, 18794, 22058, 1, 0, 0, 316
1228,0x13a3e4,14, 1052599,"  100fb4:	e50b300c 	str	r3, [fp, #-12]
",benign, 286, 198, 2965, 2, 1847, 1105, 1, 528, 735, 0, 247, 24547, 531, 3, 90, 3002, 1174, 398, 3, 14285, 6611, 8403, 0, 0, 33, 1910, 2093, 2996, 93, 0, 0, 17, 22, 132, 2, 24985, 16553, 19874, 1, 0, 0, 316
1229,0x135b7c,16, 1054926,"  1018cc:	e0823003 	add	r3, r2, r3
",benign, 293, 198, 2897, 1, 1796, 1083, 1, 528, 742, 0, 244, 24272, 539, 3, 91, 3224, 1215, 415, 3, 14177, 6611, 8271, 0, 0, 34, 1883, 2040, 2926, 93, 0, 0, 18, 33, 134, 2, 24840, 16406, 19755, 1, 0, 0, 316
1230,0x109520,21, 1050239,"  10067c:	e3083434 	movw	r3, #33844	; 0x8434
",benign, 395, 199, 3036, 6, 1879, 1107, 1, 539, 765, 0, 255, 27467, 563, 3, 93, 3226, 1112, 406, 3, 17032, 7385, 8688, 0, 0, 35, 1976, 2161, 3047, 92, 0, 0, 17, 21, 115, 3, 27715, 19619, 23025, 3, 0, 0, 316
1231,0x135a28,14, 1052764,"  10105c:	e51b301c 	ldr	r3, [fp, #-28]	; 0xffffffe4
",benign, 293, 197, 2856, 2, 1755, 1081, 1, 521, 727, 0, 256, 24128, 524, 3, 92, 2870, 1121, 415, 3, 14152, 6381, 8134, 0, 0, 34, 1843, 2002, 2890, 92, 0, 0, 17, 22, 130, 2, 24630, 16299, 19646, 1, 0, 0, 374
1232,0x112ad8,17, 1052358,"  100ec4:	e50b300c 	str	r3, [fp, #-12]
",benign, 346, 256, 2867, 2, 1767, 1087, 1, 517, 721, 0, 252, 23874, 517, 3, 93, 2957, 1164, 397, 3, 14355, 6542, 8196, 0, 0, 33, 1847, 2023, 2910, 93, 0, 0, 18, 21, 130, 2, 24600, 16312, 19648, 1, 0, 0, 316
1233,0x1092e0,15, 1055537,"  101b30:	e51b3018 	ldr	r3, [fp, #-24]	; 0xffffffe8
",benign, 290, 196, 2886, 1, 1779, 1083, 1, 528, 742, 0, 247, 24100, 539, 3, 91, 2729, 1427, 415, 3, 14126, 6547, 8286, 0, 0, 34, 1892, 2040, 2919, 91, 0, 0, 18, 22, 134, 2, 24813, 16341, 19704, 1, 0, 0, 316
1234,0x1256a4,7, 1054077,"  10157c:	e51b3014 	ldr	r3, [fp, #-20]	; 0xffffffec
",benign, 346, 257, 2885, 1, 1778, 1083, 1, 528, 742, 0, 249, 24577, 539, 3, 92, 3000, 1176, 397, 3, 14297, 6672, 8267, 0, 0, 34, 1891, 2056, 2924, 94, 0, 0, 17, 22, 128, 2, 24767, 16499, 19812, 1, 0, 0, 316
1235,0x10def4,10, 1056077,"  101d4c:	e50b3010 	str	r3, [fp, #-16]
",benign, 286, 197, 2881, 2, 1779, 1084, 1, 520, 725, 0, 242, 24345, 521, 3, 95, 3040, 1189, 473, 3, 14019, 6421, 8192, 0, 0, 33, 1844, 2027, 2901, 91, 0, 0, 17, 22, 130, 2, 24657, 16230, 19491, 1, 0, 0, 316
1236,0x12eb2c,28, 1053496,"  101338:	e0822003 	add	r2, r2, r3
",benign, 288, 197, 2897, 2, 1791, 1081, 1, 531, 747, 0, 247, 24127, 544, 3, 92, 2830, 1386, 415, 3, 14216, 6462, 8319, 0, 0, 34, 1890, 2061, 2932, 91, 0, 0, 18, 21, 116, 2, 24920, 16622, 19896, 1, 0, 0, 316
1237,0x12a1dc,17, 1060861,"  102ffc:	e5932018 	ldr	r2, [r3, #24]
",benign, 285, 197, 2866, 2, 1769, 1086, 1, 517, 721, 0, 243, 24212, 517, 3, 93, 2695, 1473, 454, 3, 14173, 6598, 8172, 0, 0, 33, 1842, 2014, 2912, 93, 0, 0, 17, 43, 112, 2, 24464, 16406, 19749, 1, 0, 0, 316
1238,0x11378c,31, 1054188,"  1015ec:	e50b3018 	str	r3, [fp, #-24]	; 0xffffffe8
",benign, 488, 398, 2895, 2, 1784, 1083, 1, 527, 741, 0, 255, 24389, 538, 3, 93, 2890, 1273, 411, 3, 14102, 6254, 8286, 0, 0, 34, 1871, 2058, 2913, 91, 0, 0, 17, 33, 132, 2, 24944, 16532, 19791, 1, 0, 0, 316
1239,0x12d304,21, 1055589,"  101b64:	e51b3014 	ldr	r3, [fp, #-20]	; 0xffffffec
",benign, 290, 197, 2879, 1, 1767, 1086, 1, 517, 721, 0, 242, 24232, 517, 3, 92, 2978, 1439, 415, 3, 14238, 6630, 8168, 0, 0, 33, 1855, 2024, 2914, 93, 0, 0, 17, 42, 132, 2, 24654, 16367, 19651, 1, 0, 0, 316
1240,0x139bbc,0, 1055198,"  1019dc:	e1a02de3 	ror	r2, r3, #27
",benign, 351, 256, 2855, 2, 1760, 1086, 1, 521, 727, 0, 255, 24166, 524, 3, 91, 3062, 1113, 398, 3, 14037, 6611, 8155, 0, 0, 34, 1839, 2023, 2902, 94, 0, 0, 18, 33, 134, 2, 24884, 16390, 19700, 1, 0, 0, 316
1241,0x135e1c,21, 1052010,"  100d68:	e51b1010 	ldr	r1, [fp, #-16]
",benign, 289, 198, 2958, 2, 1836, 1101, 1, 528, 735, 0, 247, 24475, 531, 3, 90, 2973, 1193, 415, 3, 14446, 6562, 8408, 0, 0, 33, 1917, 2080, 2996, 92, 0, 0, 17, 34, 132, 2, 24820, 16594, 19861, 1, 0, 0, 316
1242,0x11be74,29, 1052728,"  101038:	e51b1010 	ldr	r1, [fp, #-16]
",benign, 287, 199, 2879, 2, 1788, 1083, 1, 527, 741, 0, 252, 24399, 538, 3, 92, 3350, 1363, 415, 3, 14229, 6578, 8263, 0, 0, 34, 1880, 2060, 2924, 93, 0, 0, 17, 21, 128, 2, 24809, 16646, 19949, 1, 0, 0, 316
1243,0x12b8e4,11, 1054351,"  10168c:	e51b3018 	ldr	r3, [fp, #-24]	; 0xffffffe8
",benign, 284, 199, 2868, 2, 1775, 1085, 1, 520, 725, 0, 243, 24416, 521, 3, 95, 2892, 1191, 415, 3, 14037, 6419, 8180, 0, 0, 33, 1844, 2039, 2918, 93, 0, 0, 17, 22, 112, 2, 24729, 16353, 19698, 1, 0, 0, 316
1244,0x11a0d8,0, 1054578,"  101770:	e51b301c 	ldr	r3, [fp, #-28]	; 0xffffffe4
",benign, 286, 199, 2876, 2, 1772, 1088, 1, 519, 725, 0, 252, 24379, 521, 3, 93, 2742, 1420, 412, 3, 14316, 6503, 8219, 0, 0, 33, 1854, 2049, 2924, 96, 0, 0, 17, 42, 132, 2, 24800, 16454, 19770, 1, 0, 0, 316
1245,0x11256c,19, 1054278,"  101644:	e0823003 	add	r3, r2, r3
",benign, 344, 254, 2900, 1, 1786, 1083, 1, 527, 741, 0, 258, 24114, 538, 3, 93, 2705, 1253, 415, 3, 14384, 6757, 8276, 0, 0, 34, 1891, 2055, 2937, 93, 0, 0, 18, 52, 132, 2, 24743, 16578, 20025, 1, 0, 0, 316
1246,0x11a9a8,31, 1056679,"  101fa4:	e50b3018 	str	r3, [fp, #-24]	; 0xffffffe8
",benign, 287, 198, 2884, 2, 1779, 1084, 1, 528, 742, 0, 249, 24200, 539, 3, 92, 3060, 1176, 413, 3, 14103, 6568, 8286, 0, 0, 34, 1888, 2043, 2924, 91, 0, 0, 18, 21, 116, 2, 24993, 16476, 19809, 1, 0, 0, 316
1247,0x111920,29, 1058023,"  1024e4:	e0823003 	add	r3, r2, r3
",benign, 284, 198, 2880, 2, 1780, 1083, 1, 527, 741, 0, 256, 24274, 538, 3, 93, 2773, 1231, 415, 3, 14095, 6461, 8290, 0, 0, 34, 1879, 2048, 2928, 93, 0, 0, 17, 72, 115, 2, 24894, 16641, 19895, 1, 0, 0, 316
1248,0x10bc6c,29, 1057377,"  102260:	e51b301c 	ldr	r3, [fp, #-28]	; 0xffffffe4
",benign, 292, 198, 2880, 2, 1780, 1082, 1, 527, 741, 0, 252, 24353, 538, 3, 93, 2751, 1259, 413, 3, 14230, 6569, 8291, 0, 0, 34, 1870, 2059, 2929, 91, 0, 0, 18, 71, 114, 2, 24618, 16430, 19773, 1, 0, 0, 316
1249,0x10b99c,12, 1056330,"  101e48:	e51b3020 	ldr	r3, [fp, #-32]	; 0xffffffe0
",benign, 286, 197, 2876, 1, 1778, 1085, 1, 519, 725, 0, 246, 24245, 521, 3, 93, 2861, 1213, 467, 3, 14231, 6405, 8186, 0, 0, 33, 1848, 2032, 2911, 91, 0, 0, 17, 21, 112, 2, 24521, 16455, 19740, 1, 0, 0, 316
1250,0x108f2c,28, 1054757,"  101824:	e50b300c 	str	r3, [fp, #-12]
",benign, 285, 197, 2845, 2, 1748, 1082, 1, 521, 727, 0, 247, 24371, 524, 3, 91, 2817, 1149, 398, 3, 14082, 6374, 8137, 0, 0, 34, 1843, 2024, 2890, 93, 0, 0, 18, 34, 134, 2, 24746, 16516, 19860, 1, 0, 0, 316
1251,0x132d6c,25, 1058402,"  102660:	e51b3010 	ldr	r3, [fp, #-16]
",benign, 286, 198, 2887, 2, 1771, 1086, 1, 519, 725, 0, 238, 24139, 521, 3, 93, 2800, 1187, 413, 3, 14115, 6446, 8174, 0, 0, 33, 1849, 2024, 2908, 91, 0, 0, 17, 22, 128, 2, 24424, 16386, 19632, 1, 0, 0, 316
1252,0x13c680,10, 1060040,"  102cc8:	e51b3020 	ldr	r3, [fp, #-32]	; 0xffffffe0
",benign, 284, 197, 2953, 2, 1833, 1101, 1, 528, 735, 0, 245, 24416, 531, 3, 91, 3029, 1087, 415, 3, 14237, 6491, 8371, 0, 0, 33, 1908, 2087, 3000, 93, 0, 0, 17, 21, 128, 2, 25180, 16722, 20238, 1, 0, 0, 316
1253,0x110114,5, 1050287,"  1006ac:	e51b3010 	ldr	r3, [fp, #-16]
",benign, 393, 198, 2880, 5, 1778, 1082, 1, 527, 741, 0, 248, 25309, 538, 3, 92, 3074, 1171, 404, 3, 15076, 7616, 8390, 0, 0, 34, 1861, 2088, 2920, 91, 0, 0, 17, 21, 121, 5, 25588, 17263, 20688, 3, 0, 0, 316
1254,0x13d638,31, 1050089,"  1005e8:	e28db00c 	add	fp, sp, #12
",benign, 375, 197, 2957, 5, 1835, 1101, 1, 528, 735, 0, 249, 25291, 531, 3, 89, 3595, 1139, 406, 3, 15084, 7518, 8492, 0, 0, 33, 1897, 2106, 2985, 92, 0, 0, 18, 22, 125, 2, 25898, 17655, 21035, 3, 0, 0, 375
1255,0x13b940,22, 1060456,"  102e68:	e1a03163 	ror	r3, r3, #2
",benign, 284, 198, 2884, 2, 1779, 1080, 1, 521, 728, 0, 254, 24191, 524, 3, 95, 2863, 1473, 415, 3, 14075, 6147, 8219, 0, 0, 33, 1855, 2031, 2907, 92, 0, 0, 17, 41, 132, 2, 24729, 16480, 19819, 1, 0, 0, 316
1256,0x1333bc,12, 1050968,"  100958:	e3400011 	movt	r0, #17
",benign, 286, 198, 2885, 2, 1774, 1085, 1, 519, 725, 0, 244, 24354, 521, 3, 93, 2861, 1408, 413, 3, 14154, 6333, 8187, 0, 0, 33, 1844, 2028, 2919, 94, 0, 0, 18, 73, 117, 2, 24711, 16344, 19618, 1, 0, 0, 372
1257,0x1106bc,19, 1052099,"  100dc0:	e1a03163 	ror	r3, r3, #2
",benign, 285, 197, 2889, 1, 1782, 1084, 1, 528, 742, 0, 252, 24278, 539, 3, 92, 2835, 1392, 397, 3, 14051, 6202, 8270, 0, 0, 34, 1883, 2048, 2920, 91, 0, 0, 18, 72, 134, 2, 24805, 16634, 20211, 1, 0, 0, 316
1258,0x10ebf8,17, 1053349,"  1012a4:	e51b3018 	ldr	r3, [fp, #-24]	; 0xffffffe8
",benign, 285, 198, 2877, 2, 1771, 1082, 1, 521, 728, 0, 243, 24245, 524, 3, 95, 2948, 1260, 397, 3, 13922, 6279, 8200, 0, 0, 33, 1849, 2038, 2912, 93, 0, 0, 18, 22, 134, 2, 24760, 16640, 20114, 1, 0, 0, 374
1259,0x10b9d0,14, 1062333,"  1035bc:	ebffff34 	bl	103294 <sha_print>
",benign, 289, 198, 2880, 2, 1788, 1083, 1, 528, 742, 0, 250, 24100, 539, 3, 92, 2700, 1188, 415, 3, 14337, 6682, 8293, 0, 0, 34, 1895, 2043, 2916, 91, 0, 0, 17, 22, 132, 2, 24776, 16669, 20247, 1, 0, 0, 316
1260,0x1178d4,15, 1059891,"  102c30:	e0823003 	add	r3, r2, r3
",benign, 288, 197, 2887, 1, 1780, 1083, 1, 528, 742, 0, 251, 24416, 539, 3, 91, 2702, 1341, 411, 3, 14103, 6506, 8316, 0, 0, 34, 1888, 2052, 2922, 93, 0, 0, 18, 21, 117, 2, 24811, 16428, 19719, 1, 0, 0, 316
1261,0x102ca0,23, 1050472,"  100768:	e1a03123 	lsr	r3, r3, #2
",benign, 293, 197, 2891, 2, 1782, 1083, 1, 528, 742, 0, 256, 24343, 539, 3, 92, 3094, 1177, 415, 3, 14175, 6572, 8266, 0, 0, 34, 1890, 2050, 2919, 93, 0, 0, 17, 21, 132, 2, 25027, 16492, 19821, 1, 0, 0, 316
1263,0x13637c,12, 1061585,"  1032d0:	e1a02003 	mov	r2, r3
",benign, 338, 254, 2879, 2, 1770, 1084, 1, 521, 726, 0, 248, 24212, 522, 3, 94, 2955, 1203, 415, 3, 14079, 6473, 8205, 0, 0, 33, 1854, 2023, 2914, 93, 0, 0, 17, 21, 132, 2, 24813, 16234, 19571, 1, 0, 0, 316
1264,0x1024e4,30, 1059435,"  102a68:	e51b301c 	ldr	r3, [fp, #-28]	; 0xffffffe4
",benign, 289, 198, 2895, 2, 1785, 1082, 1, 527, 741, 0, 247, 24158, 538, 3, 92, 3063, 1162, 415, 3, 14170, 6613, 8291, 0, 0, 34, 1883, 2057, 2925, 92, 0, 0, 18, 73, 116, 2, 24590, 16797, 20093, 1, 0, 0, 316
1265,0x110de0,8, 1050377,"  100708:	e1a02003 	mov	r2, r3
",benign, 392, 197, 2887, 4, 1781, 1082, 1, 527, 741, 0, 258, 25137, 538, 3, 93, 3004, 1528, 406, 3, 15014, 7533, 8376, 0, 0, 34, 1877, 2056, 2924, 92, 0, 0, 18, 22, 128, 6, 25628, 17392, 20781, 3, 0, 0, 316
1266,0x107d64,26, 1051101,"  1009dc:	e1a03103 	lsl	r3, r3, #2
",benign, 286, 198, 2892, 2, 1786, 1082, 1, 527, 741, 0, 252, 24134, 538, 3, 94, 2621, 1461, 395, 3, 14048, 6510, 8293, 0, 0, 34, 1886, 2059, 2931, 94, 0, 0, 17, 21, 128, 2, 25150, 16737, 19990, 1, 0, 0, 372
1267,0x1161e4,4, 1054101,"  101594:	e50b3010 	str	r3, [fp, #-16]
",benign, 291, 197, 2847, 2, 1759, 1082, 1, 521, 727, 0, 248, 24088, 524, 3, 92, 2875, 1129, 415, 3, 14209, 6796, 8138, 0, 0, 34, 1847, 2025, 2891, 91, 0, 0, 18, 22, 130, 2, 24797, 16414, 19943, 1, 0, 0, 374
1268,0x10c528,28, 1049855,"  1004fc:	e28db004 	add	fp, sp, #4
",benign, 431, 257, 2880, 6, 1778, 1083, 1, 527, 741, 0, 270, 25124, 538, 3, 93, 3138, 1165, 398, 3, 15079, 7370, 8310, 0, 0, 34, 1889, 2067, 2933, 95, 0, 0, 17, 22, 123, 3, 25644, 17408, 20818, 3, 0, 0, 316
1269,0x10a010,19, 1051969,"  100d40:	e50b3018 	str	r3, [fp, #-24]	; 0xffffffe8
",benign, 341, 255, 2871, 2, 1766, 1086, 1, 517, 721, 0, 243, 24158, 517, 3, 93, 3110, 1168, 415, 3, 14034, 6489, 8183, 0, 0, 33, 1836, 2023, 2904, 93, 0, 0, 17, 21, 132, 2, 24689, 16328, 19824, 1, 0, 0, 316
1270,0x12f520,25, 1055073,"  101960:	e50b3010 	str	r3, [fp, #-16]
",benign, 291, 198, 3024, 2, 1884, 1107, 1, 539, 765, 0, 258, 26507, 563, 3, 94, 2695, 1454, 415, 3, 16510, 6800, 8589, 0, 0, 35, 2025, 2202, 3044, 92, 0, 0, 17, 41, 132, 2, 27225, 18772, 22010, 1, 0, 0, 316
1271,0x100674,28, 1057421,"  10228c:	e50b3018 	str	r3, [fp, #-24]	; 0xffffffe8
",benign, 287, 198, 2954, 1, 1833, 1099, 1, 528, 735, 0, 245, 24422, 531, 3, 90, 3043, 1202, 415, 3, 14343, 6243, 8401, 0, 0, 33, 1906, 2076, 2995, 93, 0, 0, 18, 21, 132, 2, 24758, 16788, 20051, 1, 0, 0, 316
1272,0x13878c,0, 1055637,"  101b94:	e51b3014 	ldr	r3, [fp, #-20]	; 0xffffffec
",benign, 284, 197, 2866, 1, 1764, 1087, 1, 517, 721, 0, 242, 24091, 517, 3, 93, 2945, 1154, 415, 3, 14190, 6612, 8177, 0, 0, 33, 1840, 2027, 2905, 91, 0, 0, 18, 34, 132, 2, 24844, 16177, 19514, 1, 0, 0, 316
1273,0x1289a4,18, 1052772,"  101064:	e51b3130 	ldr	r3, [fp, #-304]	; 0xfffffed0
",benign, 285, 198, 2871, 1, 1770, 1087, 1, 519, 725, 0, 245, 24181, 521, 3, 92, 3126, 1211, 471, 3, 14104, 6404, 8185, 0, 0, 33, 1849, 2029, 2912, 91, 0, 0, 17, 22, 132, 2, 24640, 16454, 19991, 1, 0, 0, 316
1274,0x10a7e0,14, 1057424,"  102290:	e51b3010 	ldr	r3, [fp, #-16]
",benign, 289, 198, 2885, 2, 1788, 1083, 1, 528, 742, 0, 250, 24896, 539, 3, 92, 3206, 1177, 397, 3, 14202, 6280, 8261, 0, 0, 34, 1888, 2052, 2924, 94, 0, 0, 18, 41, 134, 2, 24620, 16372, 19628, 1, 0, 0, 316
1275,0x106c18,16, 1061823,"  1033bc:	e1530002 	cmp	r3, r2
",benign, 285, 197, 2955, 2, 1834, 1100, 1, 528, 735, 0, 247, 24388, 531, 3, 90, 2848, 1289, 415, 3, 14260, 6631, 8405, 0, 0, 33, 1913, 2093, 2989, 91, 0, 0, 17, 46, 112, 2, 24944, 16638, 19969, 1, 0, 0, 375
1276,0x1225d4,27, 1054524,"  10173c:	e50b3014 	str	r3, [fp, #-20]	; 0xffffffec
",benign, 283, 198, 2800, 2, 1716, 1079, 1, 506, 703, 0, 228, 23599, 499, 3, 93, 2707, 1105, 456, 3, 13932, 6481, 7990, 0, 0, 33, 1815, 2041, 2821, 91, 0, 0, 17, 21, 130, 2, 24675, 16095, 19329, 1, 0, 0, 316
1277,0x12bf6c,5, 1054312,"  101668:	e51b300c 	ldr	r3, [fp, #-12]
",benign, 286, 198, 2957, 2, 1833, 1098, 1, 528, 735, 0, 243, 24311, 531, 3, 90, 3139, 1090, 395, 3, 14546, 6892, 8401, 0, 0, 33, 1916, 2086, 2996, 95, 0, 0, 18, 22, 132, 2, 24783, 16576, 19851, 1, 0, 0, 316
1278,0x104d78,13, 1060220,"  102d7c:	e51b3018 	ldr	r3, [fp, #-24]	; 0xffffffe8
",benign, 281, 197, 2961, 1, 1836, 1101, 1, 528, 735, 0, 249, 24650, 531, 3, 90, 2995, 1182, 411, 3, 14067, 6312, 8393, 0, 0, 33, 1904, 2089, 2995, 91, 0, 0, 18, 41, 134, 2, 24921, 16570, 19819, 1, 0, 0, 316
1279,0x13c068,4, 1051520,"  100b80:	e51b300c 	ldr	r3, [fp, #-12]
",benign, 285, 198, 2879, 2, 1773, 1085, 1, 519, 725, 0, 240, 24193, 521, 3, 94, 3091, 1201, 411, 3, 13974, 6299, 8174, 0, 0, 33, 1864, 2028, 2922, 93, 0, 0, 18, 22, 116, 2, 24700, 16467, 19756, 1, 0, 0, 316
1280,0x11fb38,27, 1054289,"  101650:	e50b301c 	str	r3, [fp, #-28]	; 0xffffffe4
",benign, 290, 199, 2731, 2, 1686, 1068, 1, 506, 709, 0, 234, 21711, 506, 3, 93, 2869, 1248, 395, 3, 12446, 7003, 7894, 0, 0, 34, 1759, 1977, 2797, 92, 0, 0, 17, 33, 132, 2, 22398, 14230, 17482, 1, 0, 0, 316
1281,0x103e04,18, 1056952,"  1020b8:	e50b300c 	str	r3, [fp, #-12]
",benign, 289, 198, 2867, 1, 1765, 1080, 1, 522, 734, 0, 240, 24272, 531, 3, 92, 2947, 1195, 415, 3, 14389, 6597, 8191, 0, 0, 34, 1838, 2047, 2901, 91, 0, 0, 17, 22, 128, 2, 24749, 16442, 19737, 1, 0, 0, 316
1282,0x102bc0,24, 1056589,"  101f4c:	e1a02de3 	ror	r2, r3, #27
",benign, 285, 198, 2874, 2, 1778, 1083, 1, 521, 728, 0, 247, 24025, 524, 3, 94, 2725, 1459, 414, 3, 14072, 6137, 8191, 0, 0, 33, 1856, 2036, 2920, 91, 0, 0, 18, 34, 131, 2, 24874, 16137, 19483, 1, 0, 0, 316
1283,0x13bdbc,21, 1053358,"  1012ac:	e1813003 	orr	r3, r1, r3
",benign, 284, 198, 2873, 2, 1770, 1087, 1, 519, 726, 0, 239, 23926, 522, 3, 95, 2785, 1490, 415, 3, 13886, 6195, 8169, 0, 0, 33, 1835, 2047, 2905, 92, 0, 0, 18, 22, 130, 2, 24744, 16289, 19578, 1, 0, 0, 316
1284,0x104af0,12, 1060567,"  102ed4:	e0822003 	add	r2, r2, r3
",benign, 286, 198, 2867, 2, 1769, 1089, 1, 519, 726, 0, 232, 23818, 522, 3, 94, 2998, 1329, 398, 3, 14429, 6537, 8165, 0, 0, 33, 1991, 2197, 2904, 92, 0, 0, 17, 27, 128, 2, 24641, 16364, 19618, 1, 0, 0, 316
1285,0x133f78,27, 1060521,"  102ea8:	e51b3168 	ldr	r3, [fp, #-360]	; 0xfffffe98
",benign, 289, 199, 2893, 2, 1783, 1088, 1, 522, 728, 0, 246, 24308, 524, 3, 92, 2809, 1429, 411, 3, 14481, 6600, 8260, 0, 0, 33, 1873, 2051, 2934, 94, 0, 0, 18, 74, 134, 2, 24807, 16418, 19665, 1, 0, 0, 316
1286,0x136954,20, 1056041,"  101d28:	e50b3020 	str	r3, [fp, #-32]	; 0xffffffe0
",benign, 284, 198, 2863, 1, 1774, 1088, 1, 519, 726, 0, 235, 23880, 522, 3, 95, 2760, 1258, 411, 3, 13917, 6354, 8244, 0, 0, 33, 1839, 2044, 2914, 93, 0, 0, 17, 34, 132, 2, 24423, 16257, 19552, 1, 0, 0, 316
1287,0x1310ec,13, 1054404,"  1016c4:	e50b3018 	str	r3, [fp, #-24]	; 0xffffffe8
",benign, 283, 199, 2875, 2, 1780, 1083, 1, 519, 726, 0, 232, 23980, 522, 3, 94, 2987, 1272, 472, 3, 14098, 6252, 8179, 0, 0, 33, 1834, 2049, 2896, 92, 0, 0, 17, 22, 132, 2, 24381, 16231, 19556, 1, 0, 0, 316
1288,0x126aec,8, 1050861,"  1008ec:	e50b0028 	str	r0, [fp, #-40]	; 0xffffffd8
",benign, 353, 197, 2871, 6, 1768, 1081, 1, 522, 727, 0, 235, 24921, 523, 3, 94, 2993, 1177, 458, 3, 14921, 7225, 8250, 0, 0, 33, 1834, 2057, 2895, 91, 0, 0, 17, 41, 130, 4, 25675, 17178, 20582, 3, 0, 0, 316
1289,0x1167a0,13, 1056884,"  102074:	e0822003 	add	r2, r2, r3
",benign, 292, 197, 2847, 1, 1747, 1080, 1, 521, 727, 0, 251, 24056, 524, 3, 92, 2927, 1084, 454, 3, 14054, 6480, 8133, 0, 0, 34, 1830, 2016, 2893, 93, 0, 0, 17, 22, 114, 2, 24522, 16464, 19746, 1, 0, 0, 316
1290,0x100f70,4, 1053796,"  101464:	e51b1010 	ldr	r1, [fp, #-16]
",benign, 284, 198, 2879, 2, 1769, 1086, 1, 519, 725, 0, 242, 24197, 521, 3, 93, 3060, 1220, 411, 3, 14149, 6507, 8211, 0, 0, 33, 1847, 2032, 2911, 91, 0, 0, 17, 33, 128, 2, 24713, 16417, 19730, 1, 0, 0, 316
1291,0x128cf0,1, 1055916,"  101cac:	e50b3020 	str	r3, [fp, #-32]	; 0xffffffe0
",benign, 286, 197, 2966, 2, 1836, 1097, 1, 528, 735, 0, 245, 24276, 531, 3, 90, 2804, 1453, 415, 3, 14383, 6528, 8380, 0, 0, 33, 1903, 2081, 2989, 91, 0, 0, 17, 22, 128, 2, 24837, 16493, 19849, 1, 0, 0, 316
1292,0x10bf28,3, 1053843,"  101490:	e3463ed9 	movt	r3, #28377	; 0x6ed9
",benign, 292, 197, 2858, 2, 1754, 1079, 1, 521, 727, 0, 250, 24211, 524, 3, 92, 2869, 1311, 413, 3, 13879, 6207, 8173, 0, 0, 34, 1842, 2020, 2888, 92, 0, 0, 18, 21, 117, 2, 24726, 16226, 19503, 1, 0, 0, 316
1293,0x124130,14, 1050641,"  100810:	e51b3010 	ldr	r3, [fp, #-16]
",benign, 292, 198, 2809, 1, 1736, 1081, 1, 511, 711, 0, 235, 23674, 507, 3, 94, 2918, 1253, 415, 3, 14062, 6517, 7989, 0, 0, 33, 1770, 2002, 2841, 92, 0, 0, 17, 22, 130, 2, 24216, 15929, 19209, 1, 0, 0, 316
1294,0x128de0,1, 1057513,"  1022e8:	e0822003 	add	r2, r2, r3
",benign, 286, 196, 2894, 2, 1791, 1082, 1, 531, 747, 0, 250, 24232, 544, 3, 93, 2891, 1408, 415, 3, 14156, 6516, 8333, 0, 0, 34, 1890, 2068, 2936, 93, 0, 0, 17, 21, 115, 2, 24722, 16555, 20075, 1, 0, 0, 316
1295,0x112114,17, 1054415,"  1016cc:	e1a03163 	ror	r3, r3, #2
",benign, 285, 200, 2887, 1, 1783, 1085, 1, 520, 725, 0, 251, 24395, 521, 3, 95, 2947, 1215, 397, 3, 14108, 6536, 8188, 0, 0, 33, 1858, 2031, 2906, 93, 0, 0, 17, 21, 129, 2, 24873, 16596, 19986, 1, 0, 0, 316
1296,0x1153f8,27, 1059030,"  1028d4:	e50b3020 	str	r3, [fp, #-32]	; 0xffffffe0
",benign, 286, 198, 2891, 1, 1777, 1085, 1, 519, 725, 0, 237, 24218, 521, 3, 94, 3072, 1324, 413, 3, 14163, 6410, 8170, 0, 0, 33, 1852, 2027, 2911, 91, 0, 0, 17, 22, 128, 2, 24861, 16691, 20046, 1, 0, 0, 316
1297,0x112354,20, 1053563,"  101378:	e51b300c 	ldr	r3, [fp, #-12]
",benign, 293, 198, 2877, 2, 1773, 1082, 1, 522, 734, 0, 236, 23899, 531, 3, 92, 2760, 1268, 474, 3, 14203, 6328, 8212, 0, 0, 34, 1835, 2054, 2898, 91, 0, 0, 18, 72, 132, 2, 24573, 16673, 20139, 1, 0, 0, 316
1298,0x131d94,26, 1053640,"  1013c8:	e50b301c 	str	r3, [fp, #-28]	; 0xffffffe4
",benign, 287, 198, 2883, 2, 1781, 1085, 1, 519, 725, 0, 240, 24096, 521, 3, 93, 2953, 1122, 413, 3, 14215, 6510, 8201, 0, 0, 33, 1846, 2039, 2910, 91, 0, 0, 17, 22, 132, 2, 24747, 16292, 19719, 1, 0, 0, 316
1299,0x11bc90,4, 1056218,"  101dd8:	e1a02de3 	ror	r2, r3, #27
",benign, 289, 198, 2884, 2, 1778, 1084, 1, 528, 742, 0, 255, 24214, 539, 3, 91, 2889, 1407, 415, 3, 14103, 6552, 8279, 0, 0, 34, 1890, 2044, 2917, 91, 0, 0, 17, 71, 128, 2, 24729, 16696, 20005, 1, 0, 0, 316
1300,0x1374a8,23, 1052032,"  100d80:	e0033000 	and	r3, r3, r0
",benign, 283, 198, 2872, 2, 1770, 1087, 1, 519, 726, 0, 235, 23903, 522, 3, 94, 2844, 1261, 415, 3, 14023, 6110, 8220, 0, 0, 33, 1825, 2063, 2902, 92, 0, 0, 18, 22, 130, 2, 24717, 16313, 19572, 1, 0, 0, 316
1301,0x130200,17, 1057214,"  1021bc:	e51b1014 	ldr	r1, [fp, #-20]	; 0xffffffec
",benign, 289, 198, 2885, 2, 1782, 1084, 1, 528, 742, 0, 250, 24080, 539, 3, 91, 2951, 1569, 412, 3, 14208, 6610, 8288, 0, 0, 34, 1883, 2057, 2921, 91, 0, 0, 18, 22, 132, 2, 24782, 16550, 19902, 1, 0, 0, 316
1302,0x135d28,23, 1061740,"  10336c:	1a000014 	bne	1033c4 <sha_print+0x130>
",benign, 289, 196, 2917, 2, 1810, 1085, 1, 531, 747, 0, 249, 24075, 544, 3, 92, 2729, 1391, 411, 3, 14086, 6484, 8294, 0, 0, 34, 1911, 2062, 2939, 93, 0, 0, 17, 22, 130, 2, 24852, 16422, 19711, 1, 0, 0, 316
1303,0x118150,3, 1054661,"  1017c4:	e51b1010 	ldr	r1, [fp, #-16]
",benign, 285, 198, 2901, 2, 1797, 1085, 1, 528, 742, 0, 255, 24167, 539, 3, 93, 3010, 1084, 415, 3, 14245, 6465, 8288, 0, 0, 34, 1877, 2053, 2919, 91, 0, 0, 17, 22, 130, 2, 24765, 16803, 20082, 1, 0, 0, 316
1304,0x114c9c,14, 1050608,"  1007f0:	1a00001c 	bne	100868 <search_wrap+0x1a0>
",benign, 300, 197, 2851, 7, 1749, 1080, 1, 521, 727, 0, 254, 24240, 524, 3, 92, 3124, 1075, 398, 3, 14287, 6676, 8156, 0, 0, 34, 1836, 2031, 2886, 92, 0, 0, 18, 22, 133, 6, 24596, 16680, 20141, 4, 0, 0, 316
1305,0x11d568,1, 1051670,"  100c14:	e51b3018 	ldr	r3, [fp, #-24]	; 0xffffffe8
",benign, 285, 198, 2873, 1, 1770, 1087, 1, 519, 725, 0, 247, 24202, 521, 3, 94, 2819, 1455, 415, 3, 14162, 6588, 8207, 0, 0, 33, 1905, 2088, 2913, 93, 0, 0, 17, 53, 129, 2, 24782, 16642, 19987, 1, 0, 0, 374
1306,0x11352c,29, 1060603,"  102ef8:	e320f000 	nop	{0}
",benign, 292, 197, 2867, 1, 1776, 1089, 1, 521, 727, 0, 250, 24093, 524, 3, 91, 3062, 1108, 454, 3, 14351, 6576, 8150, 0, 0, 34, 1836, 2010, 2886, 91, 0, 0, 17, 41, 132, 2, 24756, 16358, 19715, 1, 0, 0, 374
1307,0x11dcb4,10, 1058316,"  10260c:	e50b300c 	str	r3, [fp, #-12]
",benign, 290, 198, 2890, 1, 1786, 1082, 1, 527, 741, 0, 251, 24178, 538, 3, 92, 2771, 1170, 397, 3, 14519, 6539, 8312, 0, 0, 34, 1883, 2054, 2929, 91, 0, 0, 17, 21, 132, 2, 24995, 16613, 19923, 1, 0, 0, 316
1308,0x1045fc,13, 1058294,"  1025f4:	e51b3010 	ldr	r3, [fp, #-16]
",benign, 284, 198, 2865, 1, 1763, 1083, 1, 522, 727, 0, 246, 24357, 523, 3, 93, 2922, 1263, 411, 3, 14251, 6651, 8201, 0, 0, 33, 1860, 2027, 2900, 93, 0, 0, 17, 33, 132, 2, 24735, 16377, 19750, 1, 0, 0, 316
1309,0x11186c,30, 1056020,"  101d14:	e51b30bc 	ldr	r3, [fp, #-188]	; 0xffffff44
",benign, 289, 197, 2893, 2, 1783, 1082, 1, 527, 741, 0, 251, 24464, 538, 3, 92, 2777, 1444, 471, 3, 14329, 6531, 8326, 0, 0, 34, 1939, 2120, 2929, 93, 0, 0, 17, 22, 130, 2, 24712, 16427, 19688, 1, 0, 0, 316
1310,0x104424,4, 1050838,"  1008d4:	e3a02000 	mov	r2, #0
",benign, 351, 198, 2880, 7, 1772, 1080, 1, 521, 728, 0, 233, 24789, 524, 3, 93, 2998, 1216, 418, 3, 14994, 7442, 8241, 0, 0, 33, 1835, 2060, 2897, 91, 0, 0, 17, 42, 118, 6, 25506, 17011, 20478, 4, 0, 0, 374
1311,0x1102d0,30, 1051771,"  100c78:	e51b1010 	ldr	r1, [fp, #-16]
",benign, 288, 197, 2891, 2, 1787, 1083, 1, 531, 747, 0, 249, 24182, 544, 3, 93, 2654, 1175, 415, 3, 14222, 6503, 8319, 0, 0, 34, 1890, 2069, 2928, 91, 0, 0, 17, 33, 352, 2, 25144, 16583, 19922, 1, 0, 0, 316
1312,0x12cebc,13, 1056205,"  101dcc:	e51b3020 	ldr	r3, [fp, #-32]	; 0xffffffe0
",benign, 287, 197, 2890, 2, 1786, 1084, 1, 531, 747, 0, 254, 24431, 544, 3, 93, 2792, 1430, 376, 3, 14320, 6802, 8328, 0, 0, 34, 1886, 2054, 2931, 91, 0, 0, 17, 21, 129, 2, 24812, 16730, 20004, 1, 0, 0, 316
1313,0x119748,11, 1052942,"  10110c:	e50b3014 	str	r3, [fp, #-20]	; 0xffffffec
",benign, 283, 198, 2881, 1, 1775, 1086, 1, 519, 725, 0, 242, 24085, 521, 3, 94, 3001, 1167, 413, 3, 13978, 6319, 8160, 0, 0, 33, 1922, 2089, 2918, 93, 0, 0, 18, 21, 130, 2, 24887, 16294, 19759, 1, 0, 0, 316
1314,0x117f80,18, 1053598,"  10139c:	e1813003 	orr	r3, r1, r3
",benign, 283, 198, 2962, 1, 1836, 1100, 1, 528, 735, 0, 248, 24286, 531, 3, 90, 2983, 1173, 473, 3, 14199, 6468, 8412, 0, 0, 33, 1906, 2088, 2989, 91, 0, 0, 17, 34, 132, 2, 25088, 16493, 19815, 1, 0, 0, 316
1315,0x11dee4,28, 1050055,"  1005c4:	3affffe8 	bcc	10056c <init_search+0x74>
",benign, 399, 198, 2873, 6, 1769, 1080, 1, 521, 728, 0, 248, 25085, 524, 3, 93, 3175, 1404, 406, 3, 15102, 7519, 8228, 0, 0, 33, 1853, 2027, 2908, 93, 0, 0, 17, 22, 121, 6, 25598, 17131, 20538, 3, 0, 0, 316
1316,0x10a41c,16, 1062208,"  103540:	ea000016 	b	1035a0 <sha+0x190>
",benign, 290, 197, 2881, 2, 1779, 1083, 1, 528, 742, 0, 250, 24324, 539, 3, 92, 2984, 1221, 474, 3, 14203, 6508, 8271, 0, 0, 34, 1897, 2062, 2933, 95, 0, 0, 17, 42, 132, 2, 24844, 16359, 19633, 1, 0, 0, 316
1317,0x12ef7c,22, 1049852,"  1004fc:	e28db004 	add	fp, sp, #4
",benign, 315, 200, 2874, 6, 1773, 1084, 1, 519, 725, 0, 240, 24440, 521, 3, 92, 3001, 1257, 404, 3, 14641, 7093, 8202, 0, 0, 33, 1868, 2022, 2911, 91, 0, 0, 17, 42, 123, 4, 25097, 16538, 19945, 3, 0, 0, 316
1318,0x127268,3, 1061199,"  10314c:	fa003cc3 	blx	112460 <memset>
",benign, 290, 199, 2900, 2, 1790, 1088, 1, 522, 728, 0, 247, 24046, 524, 3, 93, 3004, 1272, 413, 3, 14350, 6560, 8233, 0, 0, 33, 1860, 2054, 2927, 91, 0, 0, 17, 21, 132, 2, 24790, 16479, 19794, 1, 0, 0, 316
1319,0x10a78c,31, 1056056,"  101d38:	e50b3018 	str	r3, [fp, #-24]	; 0xffffffe8
",benign, 285, 197, 2955, 2, 1833, 1100, 1, 528, 735, 0, 247, 24461, 531, 3, 90, 3048, 1186, 415, 3, 14053, 6302, 8405, 0, 0, 33, 1907, 2084, 2992, 93, 0, 0, 17, 21, 132, 2, 24700, 16700, 20204, 1, 0, 0, 316
1320,0x127f18,9, 1051817,"  100ca8:	e0822003 	add	r2, r2, r3
",benign, 291, 198, 2867, 2, 1768, 1082, 1, 522, 734, 0, 239, 24292, 531, 3, 92, 3025, 1432, 413, 3, 14220, 6341, 8219, 0, 0, 34, 1831, 2068, 2910, 92, 0, 0, 17, 43, 350, 2, 25122, 16434, 19869, 1, 0, 0, 316
1321,0x10baec,26, 1057513,"  1022e8:	e0822003 	add	r2, r2, r3
",benign, 290, 196, 2897, 2, 1795, 1082, 1, 531, 747, 0, 248, 24560, 544, 3, 93, 3010, 1180, 411, 3, 14315, 6488, 8298, 0, 0, 34, 1902, 2067, 2939, 93, 0, 0, 17, 41, 128, 2, 24788, 16510, 19787, 1, 0, 0, 316
1322,0x10fbc8,16, 1059152,"  102950:	e50b3018 	str	r3, [fp, #-24]	; 0xffffffe8
",benign, 287, 198, 2869, 2, 1769, 1083, 1, 521, 728, 0, 245, 24146, 524, 3, 94, 2736, 1433, 415, 3, 14296, 6491, 8279, 0, 0, 33, 1849, 2032, 2917, 93, 0, 0, 18, 21, 116, 2, 24637, 16430, 19905, 1, 0, 0, 316
1323,0x10cf9c,30, 1061983,"  10345c:	fa003c57 	blx	1125c0 <srand>
",benign, 291, 197, 2843, 2, 1757, 1081, 1, 521, 727, 0, 255, 24551, 524, 3, 91, 2843, 1371, 397, 3, 14181, 6772, 8167, 0, 0, 34, 1833, 2015, 2893, 93, 0, 0, 17, 33, 132, 2, 25131, 16462, 19793, 1, 0, 0, 316
1324,0x11c0e8,1, 1054381,"  1016ac:	e3463ed9 	movt	r3, #28377	; 0x6ed9
",benign, 296, 195, 2852, 2, 1750, 1079, 1, 521, 727, 0, 255, 24260, 524, 3, 92, 3052, 1136, 398, 3, 14096, 6592, 8182, 0, 0, 34, 1845, 2012, 2886, 91, 0, 0, 17, 22, 115, 2, 24756, 16267, 19613, 1, 0, 0, 372
1325,0x137f68,2, 1062515,"  103670:	e6bf3073 	sxth	r3, r3
",benign, 290, 196, 2862, 2, 1757, 1080, 1, 521, 727, 0, 251, 23943, 524, 3, 92, 2922, 1165, 415, 3, 14158, 6488, 8150, 0, 0, 34, 1846, 2013, 2881, 91, 0, 0, 17, 22, 132, 2, 24838, 16226, 19530, 1, 0, 0, 316
1326,0x1220a0,26, 1061085,"  1030dc:	e3530038 	cmp	r3, #56	; 0x38
",benign, 294, 197, 2860, 1, 1756, 1081, 1, 521, 727, 0, 251, 24088, 524, 3, 92, 2924, 1141, 415, 3, 14247, 6736, 8136, 0, 0, 34, 1892, 2078, 2882, 91, 0, 0, 18, 22, 132, 2, 24594, 16617, 19915, 1, 0, 0, 374
1327,0x10010c,28, 1059390,"  102a3c:	e50b3010 	str	r3, [fp, #-16]
",benign, 287, 197, 2870, 1, 1767, 1082, 1, 522, 727, 0, 243, 24154, 523, 3, 93, 2862, 1179, 395, 3, 14156, 6331, 8205, 0, 0, 33, 1851, 2038, 2905, 91, 0, 0, 17, 22, 132, 2, 24692, 16331, 19602, 1, 0, 0, 316
1328,0x119a48,23, 1057480,"  1022c8:	e51b0014 	ldr	r0, [fp, #-20]	; 0xffffffec
",benign, 280, 198, 2804, 2, 1729, 1082, 1, 511, 711, 0, 225, 23690, 507, 3, 94, 2779, 1113, 397, 3, 13971, 6159, 8010, 0, 0, 33, 1786, 1978, 2858, 92, 0, 0, 18, 21, 134, 2, 24492, 16213, 19610, 1, 0, 0, 316
1329,0x103588,25, 1056789,"  102014:	e51b3018 	ldr	r3, [fp, #-24]	; 0xffffffe8
",benign, 284, 198, 2895, 2, 1783, 1088, 1, 522, 728, 0, 247, 24392, 524, 3, 92, 2791, 1220, 397, 3, 14123, 6563, 8242, 0, 0, 33, 1868, 2051, 2926, 91, 0, 0, 17, 33, 128, 2, 24713, 16425, 19708, 1, 0, 0, 372
1330,0x1053e8,25, 1051403,"  100b08:	e51b300c 	ldr	r3, [fp, #-12]
",benign, 349, 256, 2873, 2, 1768, 1080, 1, 522, 734, 0, 235, 24110, 531, 3, 92, 2828, 1212, 415, 3, 14161, 6550, 8202, 0, 0, 34, 1846, 2047, 2899, 91, 0, 0, 17, 21, 132, 2, 24676, 16512, 19986, 1, 0, 0, 316
1331,0x121f60,23, 1054419,"  1016d0:	e50b3014 	str	r3, [fp, #-20]	; 0xffffffec
",benign, 287, 198, 2879, 2, 1776, 1085, 1, 519, 725, 0, 244, 24114, 521, 3, 94, 2689, 1218, 617, 3, 14260, 6539, 8176, 0, 0, 33, 1908, 2089, 2913, 91, 0, 0, 18, 21, 131, 2, 24781, 16419, 19949, 1, 0, 0, 316
1332,0x13a118,6, 1056247,"  101df4:	e51b3018 	ldr	r3, [fp, #-24]	; 0xffffffe8
",benign, 287, 196, 2893, 2, 1791, 1084, 1, 531, 747, 0, 247, 24260, 544, 3, 93, 2951, 1165, 415, 3, 14411, 6656, 8329, 0, 0, 34, 1894, 2063, 2937, 91, 0, 0, 17, 21, 132, 2, 25010, 16640, 19989, 1, 0, 0, 316
1333,0x112b70,8, 1053222,"  101224:	e51b3010 	ldr	r3, [fp, #-16]
",benign, 286, 198, 2887, 2, 1773, 1086, 1, 519, 725, 0, 249, 24190, 521, 3, 93, 3152, 1223, 470, 3, 14020, 6438, 8198, 0, 0, 33, 1851, 2028, 2920, 91, 0, 0, 17, 158, 130, 2, 24939, 16548, 19973, 1, 0, 0, 316
1334,0x12ff58,28, 1056193,"  101dc0:	e50b3014 	str	r3, [fp, #-20]	; 0xffffffec
",benign, 292, 198, 2873, 2, 1780, 1083, 1, 522, 734, 0, 235, 24320, 531, 3, 92, 2872, 1201, 398, 3, 14151, 6559, 8273, 0, 0, 34, 1830, 2046, 2892, 92, 0, 0, 17, 42, 132, 2, 24842, 16826, 20246, 1, 0, 0, 316
1335,0x127828,9, 1056110,"  101d6c:	e51b3010 	ldr	r3, [fp, #-16]
",benign, 290, 196, 2904, 2, 1797, 1081, 1, 531, 747, 0, 251, 24240, 544, 3, 92, 3025, 1175, 415, 3, 14364, 6608, 8309, 0, 0, 34, 1896, 2064, 2933, 91, 0, 0, 18, 21, 134, 2, 24806, 16403, 19719, 1, 0, 0, 316
1336,0x10048c,26, 1059241,"  1029a8:	e0823003 	add	r3, r2, r3
",benign, 288, 198, 2874, 2, 1787, 1088, 1, 522, 734, 0, 239, 24046, 531, 3, 92, 2722, 1145, 582, 3, 14038, 6303, 8182, 0, 0, 34, 1846, 2057, 2901, 91, 0, 0, 18, 22, 134, 2, 24643, 16619, 19896, 1, 0, 0, 316
1337,0x11ef58,31, 1058240,"  1025c0:	e0822003 	add	r2, r2, r3
",benign, 289, 198, 2881, 2, 1785, 1083, 1, 522, 734, 0, 242, 24211, 531, 3, 92, 3041, 1213, 413, 3, 14064, 6502, 8226, 0, 0, 34, 1842, 2044, 2901, 91, 0, 0, 18, 21, 117, 2, 24607, 16509, 19995, 1, 0, 0, 316
1338,0x11d384,16, 1057344,"  102240:	e1811003 	orr	r1, r1, r3
",benign, 288, 198, 2887, 2, 1786, 1083, 1, 528, 742, 0, 245, 24052, 539, 3, 92, 2742, 1443, 474, 3, 14404, 6815, 8284, 0, 0, 34, 1902, 2060, 2928, 93, 0, 0, 18, 33, 130, 2, 25209, 16338, 19602, 1, 0, 0, 316
1339,0x12a548,21, 1058475,"  1026a8:	e0822003 	add	r2, r2, r3
",benign, 292, 198, 2885, 2, 1775, 1085, 1, 519, 725, 0, 243, 23921, 521, 3, 93, 2897, 1273, 415, 3, 14370, 6579, 8207, 0, 0, 33, 1867, 2026, 2925, 94, 0, 0, 17, 21, 112, 2, 24606, 16232, 19491, 1, 0, 0, 316
1340,0x1306a4,9, 1060879,"  10300c:	e51b3008 	ldr	r3, [fp, #-8]
",benign, 284, 198, 2863, 2, 1766, 1088, 1, 519, 726, 0, 232, 23946, 522, 3, 95, 2657, 1449, 587, 3, 14053, 6127, 8166, 0, 0, 33, 1834, 2056, 2901, 92, 0, 0, 17, 22, 112, 2, 24471, 16156, 19399, 1, 0, 0, 316
1341,0x100818,30, 1053873,"  1014b0:	e1a03163 	ror	r3, r3, #2
",benign, 289, 197, 2843, 1, 1759, 1081, 1, 521, 727, 0, 250, 23933, 524, 3, 92, 3050, 1150, 411, 3, 13951, 6506, 8144, 0, 0, 34, 1839, 2006, 2888, 93, 0, 0, 18, 45, 114, 2, 24874, 16338, 19596, 1, 0, 0, 316
1342,0x109140,0, 1051906,"  100d00:	e1e00003 	mvn	r0, r3
",benign, 292, 198, 2889, 2, 1784, 1082, 1, 528, 742, 0, 256, 24688, 539, 3, 92, 2996, 1435, 398, 3, 14580, 6934, 8249, 0, 0, 34, 1894, 2060, 2931, 92, 0, 0, 18, 76, 117, 2, 24845, 16485, 19830, 1, 0, 0, 316
1343,0x11bccc,23, 1058984,"  1028a8:	e0211003 	eor	r1, r1, r3
",benign, 294, 197, 2856, 2, 1753, 1079, 1, 521, 727, 0, 248, 24113, 524, 3, 92, 2969, 1026, 395, 3, 14219, 6466, 8172, 0, 0, 34, 1835, 2024, 2894, 93, 0, 0, 17, 21, 130, 2, 24749, 16407, 19733, 1, 0, 0, 316
1344,0x1010d4,23, 1054551,"  101754:	e1a02de3 	ror	r2, r3, #27
",benign, 290, 197, 2858, 2, 1752, 1081, 1, 521, 727, 0, 256, 24102, 524, 3, 92, 3026, 1121, 415, 3, 14649, 7155, 8166, 0, 0, 34, 1833, 2011, 2879, 91, 0, 0, 18, 22, 116, 2, 24709, 16319, 19632, 1, 0, 0, 316
1345,0x1099f4,29, 1051134,"  1009fc:	e2433004 	sub	r3, r3, #4
",benign, 294, 198, 2874, 2, 1774, 1087, 1, 522, 734, 0, 247, 24335, 531, 3, 92, 2815, 1271, 471, 3, 14627, 6745, 8211, 0, 0, 34, 1840, 2040, 2899, 92, 0, 0, 17, 22, 112, 2, 24673, 16342, 19638, 1, 0, 0, 316
1346,0x1162b4,10, 1061086,"  1030dc:	e3530038 	cmp	r3, #56	; 0x38
",benign, 287, 196, 2854, 2, 1763, 1084, 1, 521, 727, 0, 256, 24247, 524, 3, 92, 2876, 1021, 415, 3, 14076, 6306, 8139, 0, 0, 34, 1849, 2013, 2893, 93, 0, 0, 18, 33, 134, 2, 24768, 16314, 19593, 1, 0, 0, 316
1347,0x1065e8,20, 1054662,"  1017c4:	e51b1010 	ldr	r1, [fp, #-16]
",benign, 287, 198, 2878, 2, 1771, 1083, 1, 521, 728, 0, 249, 24371, 524, 3, 95, 3050, 1415, 415, 3, 14035, 6382, 8190, 0, 0, 33, 1858, 2031, 2910, 91, 0, 0, 17, 24, 132, 2, 24827, 16338, 19866, 1, 0, 0, 316
1348,0x102e9c,26, 1056300,"  101e2c:	e51b3014 	ldr	r3, [fp, #-20]	; 0xffffffec
",benign, 291, 198, 2869, 1, 1771, 1083, 1, 522, 734, 0, 240, 23878, 531, 3, 92, 2910, 1229, 415, 3, 14189, 6546, 8210, 0, 0, 34, 1833, 2059, 2899, 92, 0, 0, 17, 21, 132, 2, 24630, 16442, 19740, 1, 0, 0, 316
1349,0x1252fc,25, 1059182,"  10296c:	e50b300c 	str	r3, [fp, #-12]
",benign, 292, 198, 2880, 1, 1795, 1090, 1, 522, 734, 0, 236, 24053, 531, 3, 92, 2989, 1237, 453, 3, 14146, 6635, 8199, 0, 0, 34, 1838, 2061, 2902, 92, 0, 0, 18, 72, 134, 2, 24715, 16361, 19835, 1, 0, 0, 316
1350,0x11ad3c,18, 1052531,"  100f70:	e0822003 	add	r2, r2, r3
",benign, 292, 198, 2891, 2, 1784, 1083, 1, 528, 742, 0, 255, 24120, 539, 3, 92, 3095, 1259, 395, 3, 14085, 6490, 8276, 0, 0, 34, 1895, 2049, 2924, 94, 0, 0, 17, 21, 115, 2, 24833, 16531, 19788, 1, 0, 0, 316
1351,0x11ef84,16, 1053783,"  101454:	e51b3020 	ldr	r3, [fp, #-32]	; 0xffffffe0
",benign, 290, 196, 2889, 2, 1791, 1083, 1, 531, 747, 0, 246, 23958, 544, 3, 93, 3025, 1188, 413, 3, 13948, 6372, 8326, 0, 0, 34, 1897, 2060, 2931, 93, 0, 0, 17, 21, 132, 2, 24843, 16549, 19793, 1, 0, 0, 316
1352,0x1357d0,31, 1062202,"  103538:	e3a02000 	mov	r2, #0
",benign, 284, 199, 2870, 2, 1770, 1082, 1, 521, 728, 0, 246, 24074, 524, 3, 94, 2904, 1488, 415, 3, 14006, 6186, 8188, 0, 0, 33, 1850, 2031, 2908, 92, 0, 0, 18, 71, 134, 2, 24624, 16342, 19677, 1, 0, 0, 316
1353,0x138a9c,3, 1057097,"  102148:	e1811003 	orr	r1, r1, r3
",benign, 293, 199, 2892, 2, 1786, 1081, 1, 527, 741, 0, 259, 24203, 538, 3, 93, 3130, 1213, 453, 3, 13938, 6479, 8324, 0, 0, 34, 1880, 2060, 2928, 94, 0, 0, 17, 22, 132, 2, 24516, 16523, 19803, 1, 0, 0, 316
1354,0x1306b8,23, 1060929,"  103040:	e50b300c 	str	r3, [fp, #-12]
",benign, 288, 196, 2847, 2, 1750, 1082, 1, 521, 727, 0, 249, 24171, 524, 3, 92, 2896, 1133, 415, 3, 14008, 6349, 8153, 0, 0, 34, 1846, 2018, 2891, 91, 0, 0, 18, 21, 132, 2, 24906, 16444, 19752, 1, 0, 0, 372
1355,0x11ced0,27, 1057513,"  1022e8:	e0822003 	add	r2, r2, r3
",benign, 289, 197, 2858, 2, 1754, 1082, 1, 521, 727, 0, 250, 24132, 524, 3, 91, 3022, 1201, 395, 3, 14222, 6651, 8143, 0, 0, 34, 1838, 2014, 2893, 93, 0, 0, 18, 22, 130, 2, 24612, 16531, 19813, 1, 0, 0, 375
1356,0x10996c,19, 1058486,"  1026b4:	e0823003 	add	r3, r2, r3
",benign, 285, 197, 2901, 1, 1791, 1083, 1, 531, 747, 0, 250, 24086, 544, 3, 93, 2665, 1424, 398, 3, 14616, 6574, 8319, 0, 0, 34, 1897, 2062, 2930, 91, 0, 0, 17, 22, 132, 2, 24879, 16587, 19941, 1, 0, 0, 316
1357,0x10d81c,10, 1061755,"  103378:	e51b200c 	ldr	r2, [fp, #-12]
",benign, 292, 197, 2899, 2, 1793, 1084, 1, 531, 747, 0, 252, 24216, 544, 3, 93, 2973, 1429, 413, 3, 14069, 6486, 8327, 0, 0, 34, 1901, 2051, 2940, 93, 0, 0, 17, 21, 129, 2, 25042, 16622, 19989, 1, 0, 0, 316
1358,0x1249e4,7, 1059920,"  102c50:	e50b3014 	str	r3, [fp, #-20]	; 0xffffffec
",benign, 288, 198, 2888, 2, 1790, 1085, 1, 528, 742, 0, 249, 24006, 539, 3, 93, 2828, 1116, 454, 3, 14576, 6767, 8295, 0, 0, 34, 1942, 2108, 2922, 94, 0, 0, 18, 35, 132, 2, 24687, 16449, 19734, 1, 0, 0, 316
1359,0x11cbd8,15, 1061221,"  103164:	e5832058 	str	r2, [r3, #88]	; 0x58
",benign, 287, 198, 2879, 2, 1771, 1081, 1, 521, 728, 0, 243, 23969, 524, 3, 94, 2700, 1431, 415, 3, 14286, 6694, 8230, 0, 0, 33, 1851, 2036, 2910, 91, 0, 0, 17, 21, 132, 2, 24503, 16158, 19474, 1, 0, 0, 316
1360,0x102d30,24, 1049885,"  10051c:	e5832000 	str	r2, [r3]
",benign, 400, 199, 2890, 5, 1783, 1088, 1, 522, 728, 0, 241, 25587, 524, 3, 91, 3219, 1200, 407, 3, 15119, 7553, 8317, 0, 0, 33, 1853, 2073, 2915, 91, 0, 0, 17, 21, 123, 4, 25720, 17320, 20726, 3, 0, 0, 372
1361,0x10e2c8,28, 1059519,"  102abc:	e51b1010 	ldr	r1, [fp, #-16]
",benign, 285, 197, 2864, 2, 1764, 1086, 1, 517, 721, 0, 242, 24294, 517, 3, 93, 2973, 1246, 415, 3, 14133, 6297, 8173, 0, 0, 33, 1852, 2029, 2909, 91, 0, 0, 17, 21, 114, 2, 24589, 16311, 19578, 1, 0, 0, 316
1362,0x1105e0,15, 1053739,"  101428:	e0823003 	add	r3, r2, r3
",benign, 451, 355, 2859, 2, 1759, 1080, 1, 521, 727, 0, 248, 24128, 524, 3, 92, 2715, 1284, 415, 3, 14187, 6448, 8159, 0, 0, 34, 1835, 2017, 2895, 93, 0, 0, 18, 22, 131, 2, 24735, 16414, 19682, 1, 0, 0, 316
1363,0x1070fc,14, 1050361,"  1006f8:	e3403011 	movt	r3, #17
",benign, 402, 199, 2885, 5, 1781, 1088, 1, 522, 728, 0, 253, 25231, 524, 3, 91, 3327, 1106, 406, 3, 15201, 7693, 8382, 0, 0, 33, 1875, 2045, 2927, 94, 0, 0, 17, 21, 116, 4, 25636, 17621, 21196, 3, 0, 0, 316
1364,0x1321b4,10, 1056195,"  101dc0:	e50b3014 	str	r3, [fp, #-20]	; 0xffffffec
",benign, 346, 254, 2892, 2, 1799, 1082, 1, 531, 747, 0, 259, 24526, 544, 3, 92, 3038, 1188, 471, 3, 14127, 6502, 8328, 0, 0, 34, 1892, 2070, 2932, 91, 0, 0, 17, 22, 132, 2, 24735, 16492, 19790, 1, 0, 0, 316
1365,0x11c858,22, 1058540,"  1026ec:	e1a02de3 	ror	r2, r3, #27
",benign, 291, 196, 2853, 2, 1751, 1082, 1, 521, 727, 0, 247, 24505, 524, 3, 91, 2907, 1135, 395, 3, 14284, 6513, 8126, 0, 0, 34, 1838, 2013, 2900, 93, 0, 0, 18, 35, 130, 2, 24658, 16227, 19477, 1, 0, 0, 316
1366,0x1307bc,20, 1061354,"  1031e8:	e3530a02 	cmp	r3, #8192	; 0x2000
",benign, 292, 197, 2859, 2, 1764, 1085, 1, 521, 727, 0, 251, 24048, 524, 3, 92, 2965, 1082, 395, 3, 14107, 6589, 8171, 0, 0, 34, 1835, 2015, 2886, 91, 0, 0, 17, 21, 132, 2, 24930, 16483, 19787, 1, 0, 0, 316
1367,0x131aa0,18, 1053044,"  101174:	e51b3014 	ldr	r3, [fp, #-20]	; 0xffffffec
",benign, 290, 196, 2892, 2, 1788, 1083, 1, 531, 747, 0, 250, 24530, 544, 3, 93, 2994, 1192, 411, 3, 14102, 6490, 8307, 0, 0, 34, 1907, 2056, 2932, 92, 0, 0, 17, 22, 130, 2, 24813, 16612, 19932, 1, 0, 0, 316
1368,0x12ee14,4, 1051269,"  100a84:	e51b3168 	ldr	r3, [fp, #-360]	; 0xfffffe98
",benign, 290, 198, 2884, 1, 1778, 1084, 1, 528, 742, 0, 247, 24470, 539, 3, 91, 2924, 1414, 411, 3, 14191, 6398, 8280, 0, 0, 34, 1885, 2047, 2923, 93, 0, 0, 17, 21, 132, 2, 24902, 16611, 20079, 1, 0, 0, 316
1369,0x13a294,23, 1052228,"  100e44:	e50b3010 	str	r3, [fp, #-16]
",benign, 284, 198, 2874, 2, 1776, 1082, 1, 521, 728, 0, 246, 24230, 524, 3, 94, 2948, 1259, 415, 3, 13982, 6283, 8215, 0, 0, 33, 1857, 2032, 2919, 93, 0, 0, 18, 21, 117, 2, 24899, 16627, 19949, 1, 0, 0, 316
1370,0x10b548,5, 1051460,"  100b44:	e3073999 	movw	r3, #31129	; 0x7999
",benign, 288, 197, 2849, 2, 1754, 1080, 1, 521, 727, 0, 251, 24283, 524, 3, 92, 2878, 1326, 415, 3, 14464, 6952, 8133, 0, 0, 34, 1900, 2083, 2894, 96, 0, 0, 17, 22, 115, 2, 24367, 16312, 19621, 1, 0, 0, 316
1371,0x136350,9, 1052163,"  100e00:	e0822003 	add	r2, r2, r3
",benign, 283, 198, 2870, 2, 1769, 1082, 1, 521, 728, 0, 245, 24008, 524, 3, 94, 2758, 1235, 395, 3, 14083, 6290, 8231, 0, 0, 33, 1847, 2028, 2907, 91, 0, 0, 17, 33, 132, 2, 24681, 16158, 19520, 1, 0, 0, 374
1372,0x100b24,17, 1062214,"  103544:	e3a03000 	mov	r3, #0
",benign, 285, 199, 2910, 2, 1790, 1087, 1, 522, 728, 0, 250, 24286, 524, 3, 92, 2840, 1442, 415, 3, 14112, 6493, 8238, 0, 0, 33, 1919, 2112, 2929, 93, 0, 0, 18, 21, 134, 2, 24709, 16445, 19710, 1, 0, 0, 316
1373,0x129f7c,10, 1060440,"  102e58:	e50b301c 	str	r3, [fp, #-28]	; 0xffffffe4
",benign, 294, 197, 2848, 2, 1749, 1080, 1, 521, 727, 0, 248, 24122, 524, 3, 92, 3075, 1082, 395, 3, 14149, 6600, 8144, 0, 0, 34, 1842, 2016, 2892, 91, 0, 0, 17, 46, 128, 2, 24785, 16469, 20016, 1, 0, 0, 316
1374,0x13c14c,29, 1053875,"  1014b0:	e1a03163 	ror	r3, r3, #2
",benign, 291, 197, 2879, 2, 1773, 1083, 1, 521, 728, 0, 249, 24068, 524, 3, 95, 2691, 1250, 415, 3, 13978, 6355, 8193, 0, 0, 33, 1854, 2037, 2916, 93, 0, 0, 18, 21, 116, 2, 24700, 16306, 19557, 1, 0, 0, 316
1375,0x11c380,0, 1050192,"  100650:	e3083438 	movw	r3, #33848	; 0x8438
",benign, 287, 198, 2870, 2, 1770, 1082, 1, 521, 728, 0, 246, 24052, 524, 3, 95, 3019, 1265, 412, 3, 14221, 6522, 8193, 0, 0, 33, 1850, 2025, 2897, 91, 0, 0, 17, 21, 130, 2, 24950, 16447, 19709, 1, 0, 0, 316
1376,0x122fec,25, 1055827,"  101c50:	e51b300c 	ldr	r3, [fp, #-12]
",benign, 284, 199, 2871, 2, 1771, 1086, 1, 519, 725, 0, 247, 24284, 521, 3, 92, 2838, 1277, 415, 3, 14106, 6587, 8198, 0, 0, 33, 1918, 2087, 2920, 91, 0, 0, 17, 22, 132, 2, 24802, 16418, 19950, 1, 0, 0, 316
1377,0x1150b8,31, 1055767,"  101c14:	e51b301c 	ldr	r3, [fp, #-28]	; 0xffffffe4
",benign, 292, 198, 2872, 2, 1770, 1082, 1, 522, 734, 0, 235, 23965, 531, 3, 92, 2767, 1377, 415, 3, 14362, 6565, 8188, 0, 0, 34, 1833, 2047, 2906, 92, 0, 0, 17, 34, 115, 2, 24719, 16426, 19718, 1, 0, 0, 316
1378,0x1057d8,11, 1052343,"  100eb4:	e50b3014 	str	r3, [fp, #-20]	; 0xffffffec
",benign, 290, 197, 2853, 2, 1762, 1081, 1, 521, 727, 0, 250, 24091, 524, 3, 92, 3044, 1147, 411, 3, 14441, 6694, 8146, 0, 0, 34, 1850, 2018, 2894, 91, 0, 0, 17, 21, 112, 2, 24561, 16259, 19547, 1, 0, 0, 316
1379,0x107bc0,13, 1050895,"  10090c:	e51b300c 	ldr	r3, [fp, #-12]
",benign, 375, 199, 3042, 6, 1890, 1106, 1, 539, 765, 0, 258, 27425, 563, 3, 94, 3206, 1192, 455, 3, 17142, 7601, 8663, 0, 0, 35, 1956, 2167, 3033, 91, 0, 0, 18, 21, 118, 4, 27703, 19371, 22802, 3, 0, 0, 316
1380,0x11c2f0,2, 1059785,"  102bc8:	e50b3020 	str	r3, [fp, #-32]	; 0xffffffe0
",benign, 290, 198, 2883, 2, 1786, 1081, 1, 528, 742, 0, 256, 24403, 539, 3, 92, 2857, 1253, 415, 3, 14321, 6754, 8278, 0, 0, 34, 1885, 2045, 2921, 91, 0, 0, 18, 41, 130, 2, 24886, 16522, 19856, 1, 0, 0, 316
1381,0x11a24c,0, 1059229,"  10299c:	e0822003 	add	r2, r2, r3
",benign, 286, 199, 2875, 2, 1771, 1082, 1, 520, 725, 0, 245, 24066, 521, 3, 94, 2650, 1428, 415, 3, 14310, 6763, 8192, 0, 0, 33, 1852, 2037, 2914, 94, 0, 0, 17, 21, 112, 2, 24521, 16543, 19871, 1, 0, 0, 316
1382,0x1097e8,28, 1059025,"  1028d0:	e0823003 	add	r3, r2, r3
",benign, 290, 196, 2895, 2, 1790, 1083, 1, 531, 747, 0, 248, 24326, 544, 3, 92, 2989, 1180, 415, 3, 14386, 6751, 8323, 0, 0, 34, 1893, 2062, 2933, 91, 0, 0, 17, 22, 129, 2, 24750, 16430, 19704, 1, 0, 0, 316
1383,0x1380f8,1, 1050243,"  100680:	e3403012 	movt	r3, #18
",benign, 393, 198, 2887, 5, 1776, 1084, 1, 528, 742, 0, 248, 25140, 539, 3, 91, 3335, 1104, 397, 3, 14918, 7253, 8385, 0, 0, 34, 1887, 2092, 2924, 94, 0, 0, 17, 21, 123, 3, 25607, 17309, 20706, 3, 0, 0, 316
1384,0x128ccc,25, 1059340,"  102a0c:	e30c31d6 	movw	r3, #49622	; 0xc1d6
",benign, 345, 255, 2874, 2, 1766, 1086, 1, 517, 721, 0, 243, 23801, 517, 3, 93, 2836, 1295, 411, 3, 14164, 6493, 8163, 0, 0, 33, 1845, 2022, 2900, 91, 0, 0, 18, 22, 134, 2, 24815, 16631, 19944, 1, 0, 0, 316
1385,0x133e30,2, 1062510,"  10366c:	e1a03103 	lsl	r3, r3, #2
",benign, 346, 257, 2961, 1, 1835, 1101, 1, 528, 735, 0, 246, 24556, 531, 3, 90, 2863, 1352, 413, 3, 14138, 6488, 8407, 0, 0, 33, 1974, 2132, 2982, 91, 0, 0, 18, 33, 130, 2, 24786, 16543, 19788, 1, 0, 0, 316
1386,0x133764,22, 1052607,"  100fbc:	e1a02de3 	ror	r2, r3, #27
",benign, 287, 198, 2880, 1, 1768, 1081, 1, 521, 728, 0, 246, 24242, 524, 3, 94, 2779, 1153, 411, 3, 13999, 6140, 8209, 0, 0, 33, 1856, 2034, 2913, 95, 0, 0, 18, 33, 134, 2, 24645, 16445, 19723, 1, 0, 0, 316
1387,0x1089c8,7, 1053347,"  1012a0:	e1e00003 	mvn	r0, r3
",benign, 290, 197, 2869, 2, 1764, 1086, 1, 517, 721, 0, 253, 24251, 517, 3, 93, 3122, 1232, 473, 3, 13955, 6421, 8158, 0, 0, 33, 1890, 2073, 2896, 91, 0, 0, 17, 71, 112, 2, 24390, 16534, 19988, 1, 0, 0, 372
1388,0x10d1a8,16, 1054040,"  101558:	e0822003 	add	r2, r2, r3
",benign, 288, 199, 2932, 2, 1824, 1101, 1, 524, 728, 0, 244, 24484, 524, 3, 94, 2904, 1270, 415, 3, 14074, 6407, 8332, 0, 0, 33, 1886, 2072, 2963, 94, 0, 0, 18, 33, 134, 2, 24759, 16522, 19867, 1, 0, 0, 316
1389,0x13b298,4, 1050836,"  1008d4:	e3a02000 	mov	r2, #0
",benign, 301, 198, 2893, 8, 1787, 1082, 1, 527, 741, 0, 248, 24338, 538, 3, 93, 3289, 1150, 400, 3, 14189, 6871, 8297, 0, 0, 34, 1867, 2082, 2913, 91, 0, 0, 18, 34, 133, 7, 25109, 16746, 20192, 4, 0, 0, 375
1390,0x1291ec,13, 1051867,"  100cd8:	e51b300c 	ldr	r3, [fp, #-12]
",benign, 287, 197, 2867, 2, 1762, 1085, 1, 517, 721, 0, 240, 24151, 517, 3, 92, 2845, 1207, 413, 3, 14147, 6353, 8125, 0, 0, 33, 1851, 2021, 2916, 94, 0, 0, 18, 21, 114, 2, 24681, 16576, 20106, 1, 0, 0, 316
1391,0x135584,18, 1058081,"  102520:	e51b1014 	ldr	r1, [fp, #-20]	; 0xffffffec
",benign, 287, 200, 2927, 2, 1807, 1098, 1, 524, 728, 0, 244, 24473, 524, 3, 94, 2555, 1274, 415, 3, 14269, 6324, 8310, 0, 0, 33, 1881, 2071, 2959, 91, 0, 0, 17, 72, 112, 2, 24805, 16628, 20145, 1, 0, 0, 316
1392,0x1243b4,0, 1058256,"  1025d0:	e0822003 	add	r2, r2, r3
",benign, 348, 257, 2884, 2, 1780, 1083, 1, 528, 742, 0, 250, 24043, 539, 3, 92, 2829, 1276, 473, 3, 14207, 6413, 8283, 0, 0, 34, 1892, 2049, 2923, 93, 0, 0, 17, 42, 132, 2, 24877, 16688, 20009, 1, 0, 0, 374
1393,0x110f5c,16, 1055753,"  101c08:	e51b3018 	ldr	r3, [fp, #-24]	; 0xffffffe8
",benign, 288, 197, 2853, 2, 1751, 1082, 1, 521, 727, 0, 249, 23906, 524, 3, 91, 3106, 1306, 395, 3, 14412, 6852, 8145, 0, 0, 34, 1837, 2020, 2899, 94, 0, 0, 17, 21, 130, 2, 25227, 16358, 19655, 1, 0, 0, 316
1394,0x134240,1, 1052401,"  100ef0:	e0822003 	add	r2, r2, r3
",benign, 286, 198, 2965, 2, 1838, 1100, 1, 528, 735, 0, 245, 24278, 531, 3, 90, 2949, 1454, 398, 3, 14310, 6581, 8373, 0, 0, 33, 1912, 2082, 2990, 93, 0, 0, 17, 52, 130, 2, 25058, 16341, 19614, 1, 0, 0, 316
1395,0x12a658,2, 1057007,"  1020ec:	e51b301c 	ldr	r3, [fp, #-28]	; 0xffffffe4
",benign, 283, 198, 2971, 1, 1835, 1101, 1, 528, 735, 0, 246, 24389, 531, 3, 91, 2648, 1193, 415, 3, 14039, 6368, 8393, 0, 0, 33, 1969, 2138, 2985, 92, 0, 0, 17, 40, 132, 2, 25023, 16505, 19772, 1, 0, 0, 316
1396,0x120ce4,23, 1050535,"  1007a4:	e1a00003 	mov	r0, r3
",benign, 427, 254, 2873, 5, 1774, 1081, 1, 527, 741, 0, 254, 25120, 538, 3, 91, 3225, 1152, 454, 3, 14901, 7427, 8328, 0, 0, 34, 1892, 2062, 2925, 93, 0, 0, 18, 22, 125, 4, 25604, 17270, 20689, 3, 0, 0, 316
1397,0x10080c,27, 1053314,"  101280:	e51b3020 	ldr	r3, [fp, #-32]	; 0xffffffe0
",benign, 289, 198, 2880, 2, 1773, 1086, 1, 519, 725, 0, 246, 24239, 521, 3, 94, 2841, 1246, 413, 3, 14088, 6311, 8192, 0, 0, 33, 1849, 2042, 2912, 93, 0, 0, 17, 33, 132, 2, 24795, 16442, 19980, 1, 0, 0, 316
1398,0x1090c4,31, 1056404,"  101e94:	e3483f1b 	movt	r3, #36635	; 0x8f1b
",benign, 287, 198, 2969, 2, 1838, 1100, 1, 528, 735, 0, 240, 24175, 531, 3, 90, 2882, 1214, 412, 3, 14063, 6421, 8390, 0, 0, 33, 1910, 2087, 2991, 91, 0, 0, 17, 22, 132, 2, 25126, 16639, 19939, 1, 0, 0, 316
1399,0x117ebc,7, 1059066,"  1028f8:	e50b3010 	str	r3, [fp, #-16]
",benign, 285, 198, 2881, 2, 1772, 1085, 1, 519, 725, 0, 245, 24173, 521, 3, 93, 2870, 1392, 415, 3, 14155, 6685, 8199, 0, 0, 33, 1852, 2030, 2910, 91, 0, 0, 18, 21, 134, 2, 24423, 16754, 20183, 1, 0, 0, 372
1400,0x10a22c,25, 1054353,"  101690:	e0233001 	eor	r3, r3, r1
",benign, 288, 196, 2896, 1, 1804, 1082, 1, 531, 747, 0, 247, 24442, 544, 3, 93, 2812, 1309, 413, 3, 14562, 6494, 8316, 0, 0, 34, 1891, 2057, 2928, 91, 0, 0, 17, 22, 129, 2, 24666, 16320, 19593, 1, 0, 0, 316
1401,0x106980,19, 1059664,"  102b50:	e30c31d6 	movw	r3, #49622	; 0xc1d6
",benign, 287, 197, 2886, 2, 1778, 1084, 1, 528, 742, 0, 252, 24230, 539, 3, 92, 2666, 1457, 415, 3, 14336, 6504, 8265, 0, 0, 34, 1883, 2067, 2927, 95, 0, 0, 18, 22, 131, 2, 24861, 16456, 19721, 1, 0, 0, 316
1402,0x135824,6, 1052949,"  101114:	e50b3010 	str	r3, [fp, #-16]
",benign, 285, 198, 2879, 2, 1768, 1086, 1, 519, 725, 0, 253, 24230, 521, 3, 93, 2867, 1223, 398, 3, 14099, 6462, 8191, 0, 0, 33, 1856, 2031, 2920, 92, 0, 0, 18, 34, 132, 2, 24774, 16242, 19527, 1, 0, 0, 316
1403,0x112238,8, 1053768,"  101448:	e50b3014 	str	r3, [fp, #-20]	; 0xffffffec
",benign, 284, 198, 2958, 2, 1834, 1100, 1, 528, 735, 0, 244, 24437, 531, 3, 91, 2649, 1214, 474, 3, 14154, 6401, 8405, 0, 0, 33, 1901, 2084, 2989, 91, 0, 0, 17, 22, 129, 2, 25068, 16792, 20073, 1, 0, 0, 316
1404,0x12e7bc,29, 1055237,"  101a04:	e0822003 	add	r2, r2, r3
",benign, 287, 198, 2880, 1, 1779, 1087, 1, 519, 725, 0, 246, 24070, 521, 3, 94, 2940, 1219, 413, 3, 14154, 6593, 8198, 0, 0, 33, 1856, 2042, 2921, 93, 0, 0, 17, 22, 132, 2, 24801, 16496, 19995, 1, 0, 0, 316
1405,0x10c0c8,28, 1059073,"  102900:	e50b300c 	str	r3, [fp, #-12]
",benign, 290, 197, 2888, 1, 1790, 1084, 1, 527, 741, 0, 254, 24239, 538, 3, 94, 2935, 1447, 397, 3, 14601, 6887, 8319, 0, 0, 34, 1898, 2072, 2933, 96, 0, 0, 17, 22, 130, 2, 24955, 16776, 20064, 1, 0, 0, 316
1406,0x121eec,30, 1050458,"  100758:	e1a030a3 	lsr	r3, r3, #1
",benign, 286, 198, 3045, 2, 1884, 1107, 1, 539, 765, 0, 265, 26576, 563, 3, 94, 3105, 1411, 411, 3, 16437, 6796, 8581, 0, 0, 35, 1967, 2139, 3031, 91, 0, 0, 18, 21, 130, 2, 27026, 18767, 22280, 1, 0, 0, 316
1407,0x12090c,7, 1051465,"  100b48:	e3453a82 	movt	r3, #23170	; 0x5a82
",benign, 291, 199, 3037, 1, 1880, 1109, 1, 539, 765, 0, 257, 26333, 563, 3, 94, 3066, 1444, 397, 3, 16353, 6429, 8554, 0, 0, 35, 1975, 2124, 3036, 91, 0, 0, 17, 22, 114, 2, 27132, 18862, 22148, 1, 0, 0, 316
1408,0x102500,5, 1051740,"  100c5c:	e50b3014 	str	r3, [fp, #-20]	; 0xffffffec
",benign, 289, 198, 2875, 2, 1768, 1083, 1, 522, 734, 0, 236, 24042, 531, 3, 93, 2908, 1220, 415, 3, 14401, 6603, 8210, 0, 0, 34, 1826, 2054, 2902, 92, 0, 0, 18, 73, 116, 2, 24875, 16438, 19766, 1, 0, 0, 316
1409,0x12ddc8,7, 1056722,"  101fd0:	e51b3018 	ldr	r3, [fp, #-24]	; 0xffffffe8
",benign, 289, 198, 2885, 2, 1784, 1082, 1, 527, 741, 0, 248, 24454, 538, 3, 93, 2779, 1210, 411, 3, 14271, 6715, 8301, 0, 0, 34, 1883, 2059, 2939, 94, 0, 0, 17, 21, 115, 2, 24805, 16574, 20022, 1, 0, 0, 316
1410,0x115034,1, 1056713,"  101fc8:	e1a02de3 	ror	r2, r3, #27
",benign, 291, 198, 2900, 2, 1785, 1082, 1, 528, 742, 0, 248, 24481, 539, 3, 91, 3178, 1199, 413, 3, 14357, 6697, 8271, 0, 0, 34, 1898, 2058, 2938, 96, 0, 0, 17, 33, 112, 2, 24607, 16659, 19911, 1, 0, 0, 316
1411,0x117ea8,31, 1054297,"  101658:	e50b3018 	str	r3, [fp, #-24]	; 0xffffffe8
",benign, 287, 197, 2865, 2, 1771, 1086, 1, 517, 721, 0, 237, 24207, 517, 3, 93, 2684, 1366, 413, 3, 13897, 6424, 8157, 0, 0, 33, 1836, 2015, 2905, 91, 0, 0, 17, 41, 128, 2, 24568, 16378, 19724, 1, 0, 0, 316
1412,0x12b7f8,26, 1059224,"  102998:	e51b3050 	ldr	r3, [fp, #-80]	; 0xffffffb0
",benign, 284, 198, 2961, 2, 1835, 1100, 1, 528, 735, 0, 245, 24140, 531, 3, 90, 2996, 1210, 413, 3, 14254, 6619, 8388, 0, 0, 33, 1906, 2079, 2992, 92, 0, 0, 18, 71, 114, 2, 24879, 16644, 19947, 1, 0, 0, 316
1413,0x13a72c,25, 1055610,"  101b78:	e51b300c 	ldr	r3, [fp, #-12]
",benign, 286, 198, 2868, 2, 1764, 1080, 1, 521, 728, 0, 245, 23912, 524, 3, 93, 2988, 1307, 413, 3, 14338, 6582, 8184, 0, 0, 33, 1856, 2038, 2908, 91, 0, 0, 17, 21, 129, 2, 24851, 16380, 19659, 1, 0, 0, 316
1414,0x10de2c,20, 1060964,"  103064:	e51b2010 	ldr	r2, [fp, #-16]
",benign, 344, 253, 2878, 2, 1787, 1084, 1, 528, 742, 0, 253, 24375, 539, 3, 92, 2805, 1554, 411, 3, 14353, 6739, 8275, 0, 0, 34, 1881, 2043, 2916, 91, 0, 0, 17, 22, 112, 2, 24737, 16485, 19779, 1, 0, 0, 316
1415,0x10edc4,18, 1062244,"  103564:	e0813003 	add	r3, r1, r3
",benign, 289, 198, 2965, 2, 1834, 1099, 1, 528, 735, 0, 251, 24220, 531, 3, 90, 3004, 1196, 415, 3, 14247, 6557, 8387, 0, 0, 33, 1903, 2093, 2994, 93, 0, 0, 17, 22, 132, 2, 24914, 16632, 20043, 1, 0, 0, 316
1416,0x13918c,3, 1051906,"  100d00:	e1e00003 	mvn	r0, r3
",benign, 289, 197, 2880, 2, 1789, 1084, 1, 528, 742, 0, 244, 24131, 539, 3, 92, 3131, 1239, 398, 3, 14549, 6776, 8274, 0, 0, 34, 1941, 2115, 2924, 93, 0, 0, 17, 21, 132, 2, 24654, 16528, 19844, 1, 0, 0, 316
1417,0x117b40,9, 1057536,"  102300:	e50b301c 	str	r3, [fp, #-28]	; 0xffffffe4
",benign, 290, 199, 3039, 2, 1880, 1107, 1, 539, 765, 0, 260, 26651, 563, 3, 94, 3020, 1258, 454, 3, 16289, 6657, 8593, 0, 0, 35, 1967, 2133, 3034, 91, 0, 0, 17, 22, 112, 2, 27216, 18634, 21899, 1, 0, 0, 316
1418,0x13c870,13, 1061889,"  103400:	e1a00003 	mov	r0, r3
",benign, 285, 198, 2879, 1, 1772, 1080, 1, 521, 728, 0, 241, 23951, 524, 3, 94, 2870, 1364, 413, 3, 13997, 6383, 8161, 0, 0, 33, 1854, 2035, 2915, 93, 0, 0, 17, 21, 115, 2, 24728, 16466, 19798, 1, 0, 0, 316
1419,0x121bd4,23, 1054861,"  10188c:	e51b3020 	ldr	r3, [fp, #-32]	; 0xffffffe0
",benign, 287, 199, 2878, 2, 1777, 1081, 1, 520, 725, 0, 242, 24251, 521, 3, 95, 3056, 1184, 415, 3, 14116, 6286, 8213, 0, 0, 33, 1851, 2036, 2907, 93, 0, 0, 17, 22, 112, 2, 24647, 16440, 19743, 1, 0, 0, 372
1420,0x115884,29, 1062054,"  1034a4:	e50b3020 	str	r3, [fp, #-32]	; 0xffffffe0
",benign, 284, 197, 2882, 2, 1779, 1083, 1, 528, 742, 0, 249, 24218, 539, 3, 92, 3055, 1144, 395, 3, 14242, 6524, 8277, 0, 0, 34, 1889, 2043, 2928, 93, 0, 0, 18, 72, 132, 2, 24737, 16485, 19777, 1, 0, 0, 316
1421,0x12f838,14, 1052246,"  100e54:	e1a02de3 	ror	r2, r3, #27
",benign, 289, 196, 2894, 2, 1790, 1083, 1, 531, 747, 0, 250, 24086, 544, 3, 93, 3195, 1172, 397, 3, 14054, 6364, 8309, 0, 0, 34, 1906, 2064, 2949, 93, 0, 0, 18, 33, 134, 2, 24806, 16648, 19929, 1, 0, 0, 316
1422,0x128174,25, 1055806,"  101c3c:	e51b3014 	ldr	r3, [fp, #-20]	; 0xffffffec
",benign, 290, 198, 2887, 2, 1781, 1084, 1, 527, 741, 0, 249, 24279, 538, 3, 93, 2684, 1410, 415, 3, 14318, 6621, 8269, 0, 0, 34, 1875, 2064, 2921, 91, 0, 0, 17, 22, 130, 2, 24804, 16699, 20218, 1, 0, 0, 372
1423,0x12e318,22, 1061136,"  103110:	e51b3018 	ldr	r3, [fp, #-24]	; 0xffffffe8
",benign, 288, 197, 2883, 2, 1771, 1087, 1, 517, 721, 0, 242, 24233, 517, 3, 93, 2750, 1194, 413, 3, 14303, 6355, 8176, 0, 0, 33, 1838, 2020, 2916, 93, 0, 0, 18, 21, 134, 2, 24544, 16279, 19626, 1, 0, 0, 316
1424,0x112e1c,23, 1060227,"  102d80:	e50b301c 	str	r3, [fp, #-28]	; 0xffffffe4
",benign, 287, 198, 2880, 1, 1778, 1083, 1, 527, 741, 0, 250, 24262, 538, 3, 93, 2920, 1265, 474, 3, 14167, 6688, 8266, 0, 0, 34, 1880, 2048, 2932, 93, 0, 0, 17, 22, 132, 2, 24898, 16472, 19790, 1, 0, 0, 316
1425,0x12fe80,23, 1059285,"  1029d4:	e51b3020 	ldr	r3, [fp, #-32]	; 0xffffffe0
",benign, 293, 198, 2893, 2, 1784, 1083, 1, 528, 742, 0, 251, 24148, 539, 3, 92, 3092, 1203, 395, 3, 14477, 6691, 8270, 0, 0, 34, 1878, 2053, 2921, 91, 0, 0, 18, 21, 114, 2, 24897, 16480, 19836, 1, 0, 0, 316
1426,0x10cf30,15, 1059324,"  1029fc:	e51b301c 	ldr	r3, [fp, #-28]	; 0xffffffe4
",benign, 288, 198, 2806, 1, 1713, 1082, 1, 506, 703, 0, 224, 23674, 499, 3, 93, 3153, 1328, 415, 3, 13808, 6346, 7962, 0, 0, 33, 1760, 1977, 2835, 91, 0, 0, 17, 53, 130, 2, 24338, 16100, 19367, 1, 0, 0, 316
1427,0x110fa0,9, 1055653,"  101ba4:	e0822003 	add	r2, r2, r3
",benign, 286, 198, 2801, 2, 1726, 1085, 1, 506, 703, 0, 225, 23770, 499, 3, 94, 3080, 1394, 413, 3, 13829, 6034, 7945, 0, 0, 33, 1753, 1990, 2831, 92, 0, 0, 17, 33, 128, 2, 24287, 16076, 19335, 1, 0, 0, 316
1428,0x10a858,28, 1059593,"  102b08:	e1a03163 	ror	r3, r3, #2
",benign, 342, 255, 2806, 1, 1710, 1078, 1, 506, 703, 0, 224, 23669, 499, 3, 93, 2897, 1225, 413, 3, 13771, 6311, 7922, 0, 0, 33, 1758, 1982, 2827, 92, 0, 0, 17, 22, 115, 2, 24248, 16305, 19603, 1, 0, 0, 316
1429,0x136b2c,26, 1049972,"  100574:	e5932000 	ldr	r2, [r3]
",benign, 327, 198, 2868, 6, 1768, 1082, 1, 522, 734, 0, 244, 24567, 531, 3, 91, 2925, 1406, 405, 3, 14454, 6857, 8207, 0, 0, 34, 1840, 2060, 2900, 91, 0, 0, 17, 22, 121, 5, 24971, 16858, 20244, 3, 0, 0, 316
1430,0x132140,17, 1060699,"  102f58:	e30e31f0 	movw	r3, #57840	; 0xe1f0
",benign, 400, 313, 2957, 2, 1830, 1101, 1, 528, 735, 0, 243, 24500, 531, 3, 90, 2679, 1105, 413, 3, 14310, 6568, 8371, 0, 0, 33, 1904, 2080, 2993, 93, 0, 0, 17, 21, 128, 2, 24993, 16575, 19861, 1, 0, 0, 316
1431,0x117834,15, 1056791,"  102014:	e51b3018 	ldr	r3, [fp, #-24]	; 0xffffffe8
",benign, 344, 256, 2889, 2, 1775, 1085, 1, 519, 725, 0, 246, 24201, 521, 3, 92, 3273, 1294, 469, 3, 14174, 6327, 8173, 0, 0, 33, 1854, 2032, 2911, 91, 0, 0, 18, 24, 116, 2, 24603, 16906, 20192, 1, 0, 0, 316
1432,0x106908,6, 1056568,"  101f38:	e51b300c 	ldr	r3, [fp, #-12]
",benign, 288, 197, 2888, 2, 1783, 1082, 1, 527, 741, 0, 250, 24098, 538, 3, 93, 3089, 1194, 398, 3, 14255, 6703, 8262, 0, 0, 34, 1884, 2058, 2937, 93, 0, 0, 17, 22, 132, 2, 24789, 16867, 20261, 1, 0, 0, 316
1433,0x12156c,4, 1049858,"  100500:	e24dd010 	sub	sp, sp, #16
",benign, 380, 198, 2880, 6, 1786, 1082, 1, 528, 742, 0, 258, 24796, 539, 3, 93, 3049, 1186, 406, 3, 15079, 7490, 8325, 0, 0, 34, 1885, 2059, 2911, 91, 0, 0, 17, 41, 124, 4, 25894, 17260, 20640, 3, 0, 0, 316
1434,0x100204,25, 1053296,"  101270:	e1a03163 	ror	r3, r3, #2
",benign, 290, 197, 2846, 2, 1748, 1079, 1, 521, 727, 0, 245, 24128, 524, 3, 92, 2739, 1069, 411, 3, 14104, 6652, 8133, 0, 0, 34, 1844, 2016, 2892, 93, 0, 0, 17, 21, 132, 2, 24674, 16502, 19785, 1, 0, 0, 316
1435,0x12376c,20, 1057783,"  1023f4:	e51b3018 	ldr	r3, [fp, #-24]	; 0xffffffe8
",benign, 289, 197, 2881, 2, 1789, 1084, 1, 527, 741, 0, 258, 24299, 538, 3, 93, 2995, 1215, 415, 3, 13959, 6397, 8257, 0, 0, 34, 1937, 2107, 2925, 93, 0, 0, 17, 34, 129, 2, 25128, 16394, 19741, 1, 0, 0, 316
1436,0x12ed90,6, 1051282,"  100a90:	e51b300c 	ldr	r3, [fp, #-12]
",benign, 290, 199, 2891, 2, 1776, 1084, 1, 520, 725, 0, 242, 24326, 521, 3, 95, 2912, 1204, 397, 3, 13969, 6423, 8203, 0, 0, 33, 1903, 2094, 2911, 93, 0, 0, 17, 34, 132, 2, 24724, 16485, 19860, 1, 0, 0, 316
1437,0x103a9c,19, 1055166,"  1019bc:	e51b3010 	ldr	r3, [fp, #-16]
",benign, 286, 197, 2882, 2, 1779, 1084, 1, 520, 725, 0, 246, 24120, 521, 3, 95, 2867, 1380, 415, 3, 14020, 6398, 8168, 0, 0, 33, 1845, 2037, 2903, 92, 0, 0, 17, 46, 114, 2, 25059, 16562, 19845, 1, 0, 0, 316
1438,0x11e708,11, 1059383,"  102a34:	e50b3014 	str	r3, [fp, #-20]	; 0xffffffec
",benign, 287, 198, 2954, 2, 1839, 1100, 1, 528, 735, 0, 245, 24557, 531, 3, 90, 3202, 1203, 415, 3, 14357, 6707, 8394, 0, 0, 33, 1915, 2079, 2993, 95, 0, 0, 17, 33, 128, 2, 25022, 16576, 19903, 1, 0, 0, 316
1439,0x109c98,26, 1056492,"  101eec:	e51b3018 	ldr	r3, [fp, #-24]	; 0xffffffe8
",benign, 283, 198, 2874, 2, 1768, 1082, 1, 521, 728, 0, 247, 23958, 524, 3, 94, 3005, 1220, 398, 3, 14088, 6329, 8198, 0, 0, 33, 1857, 2036, 2912, 93, 0, 0, 18, 22, 134, 2, 24777, 16365, 19644, 1, 0, 0, 316
1440,0x119f5c,7, 1053183,"  1011fc:	e50b3014 	str	r3, [fp, #-20]	; 0xffffffec
",benign, 285, 199, 2879, 2, 1783, 1089, 1, 520, 725, 0, 245, 24275, 521, 3, 95, 2735, 1203, 413, 3, 14508, 6897, 8210, 0, 0, 33, 1851, 2037, 2903, 91, 0, 0, 18, 34, 131, 2, 24732, 16439, 19764, 1, 0, 0, 316
1441,0x110d90,8, 1054103,"  101594:	e50b3010 	str	r3, [fp, #-16]
",benign, 285, 198, 2961, 2, 1836, 1100, 1, 528, 735, 0, 250, 24280, 531, 3, 90, 2894, 1427, 411, 3, 14408, 6681, 8403, 0, 0, 33, 1908, 2092, 2998, 93, 0, 0, 17, 33, 132, 2, 24804, 16807, 20104, 1, 0, 0, 316
1442,0x117910,9, 1059250,"  1029b0:	e51b3018 	ldr	r3, [fp, #-24]	; 0xffffffe8
",benign, 284, 198, 2875, 2, 1769, 1086, 1, 519, 725, 0, 240, 24594, 521, 3, 94, 3072, 1251, 411, 3, 14081, 6411, 8187, 0, 0, 33, 1856, 2035, 2922, 93, 0, 0, 18, 34, 130, 2, 24907, 16404, 19711, 1, 0, 0, 316
1443,0x1255b4,5, 1051685,"  100c24:	e51b301c 	ldr	r3, [fp, #-28]	; 0xffffffe4
",benign, 288, 199, 2901, 2, 1787, 1089, 1, 522, 728, 0, 246, 24254, 524, 3, 92, 3074, 1231, 398, 3, 14131, 6499, 8267, 0, 0, 33, 1863, 2050, 2925, 91, 0, 0, 17, 34, 114, 2, 24625, 16650, 19923, 1, 0, 0, 316
1444,0x103bec,24, 1050594,"  1007e0:	e3443000 	movt	r3, #16384	; 0x4000
",benign, 364, 198, 2900, 8, 1795, 1087, 1, 528, 742, 0, 245, 24979, 539, 3, 91, 3282, 1113, 414, 3, 14903, 7116, 8338, 0, 0, 34, 1872, 2071, 2912, 91, 0, 0, 18, 72, 137, 7, 25373, 17037, 20429, 4, 0, 0, 316
1445,0x137304,21, 1053159,"  1011e4:	e51b3018 	ldr	r3, [fp, #-24]	; 0xffffffe8
",benign, 285, 197, 2868, 2, 1761, 1086, 1, 517, 721, 0, 243, 24245, 517, 3, 94, 3020, 1099, 395, 3, 14287, 6549, 8143, 0, 0, 33, 1844, 2030, 2913, 91, 0, 0, 17, 22, 115, 2, 24643, 16399, 19697, 1, 0, 0, 316
1446,0x1371ac,3, 1054706,"  1017f0:	e3463ed9 	movt	r3, #28377	; 0x6ed9
",benign, 291, 199, 3040, 1, 1890, 1107, 1, 539, 765, 0, 264, 26567, 563, 3, 94, 3023, 1372, 395, 3, 16257, 6618, 8584, 0, 0, 35, 1974, 2121, 3037, 91, 0, 0, 18, 33, 114, 2, 27300, 18588, 21867, 1, 0, 0, 316
1447,0x11dac8,16, 1054194,"  1015f0:	e51b3010 	ldr	r3, [fp, #-16]
",benign, 474, 387, 2880, 2, 1765, 1084, 1, 520, 725, 0, 248, 24150, 521, 3, 95, 2614, 1387, 411, 3, 14121, 6266, 8163, 0, 0, 33, 1852, 2023, 2916, 92, 0, 0, 17, 30, 129, 2, 24741, 16574, 19845, 1, 0, 0, 316
1448,0x134938,4, 1050325,"  1006d4:	e50b02f0 	str	r0, [fp, #-752]	; 0xfffffd10
",benign, 401, 199, 2866, 4, 1765, 1088, 1, 519, 725, 0, 248, 25151, 521, 3, 93, 3130, 1349, 400, 3, 15235, 7629, 8279, 0, 0, 33, 1858, 2048, 2918, 94, 0, 0, 17, 22, 125, 6, 25597, 17236, 20649, 3, 0, 0, 316
1449,0x11bddc,31, 1062320,"  1035b0:	e24b3080 	sub	r3, fp, #128	; 0x80
",benign, 296, 197, 2892, 2, 1781, 1083, 1, 528, 742, 0, 250, 24275, 539, 3, 93, 3099, 1194, 415, 3, 14125, 6591, 8283, 0, 0, 34, 1885, 2054, 2916, 93, 0, 0, 17, 34, 130, 2, 25129, 16794, 20201, 1, 0, 0, 316
1450,0x12feb4,25, 1055832,"  101c58:	e51b3020 	ldr	r3, [fp, #-32]	; 0xffffffe0
",benign, 346, 257, 2870, 1, 1765, 1084, 1, 520, 725, 0, 248, 24098, 521, 3, 95, 2947, 1190, 415, 3, 14167, 6529, 8190, 0, 0, 33, 1857, 2033, 2914, 94, 0, 0, 17, 73, 114, 2, 24522, 16386, 19676, 1, 0, 0, 316
1451,0x124a34,3, 1057980,"  1024bc:	e51b3018 	ldr	r3, [fp, #-24]	; 0xffffffe8
",benign, 288, 197, 2902, 2, 1786, 1082, 1, 528, 742, 0, 249, 24335, 539, 3, 91, 3069, 1456, 413, 3, 14159, 6301, 8273, 0, 0, 34, 1877, 2047, 2923, 93, 0, 0, 17, 21, 128, 2, 24899, 16653, 19990, 1, 0, 0, 316
1452,0x113b68,10, 1062222,"  10354c:	ea00000a 	b	10357c <sha+0x16c>
",benign, 290, 198, 2881, 2, 1781, 1082, 1, 527, 741, 0, 247, 24321, 538, 3, 93, 2928, 1203, 411, 3, 14005, 6463, 8260, 0, 0, 34, 1879, 2058, 2936, 94, 0, 0, 18, 41, 131, 2, 24805, 16498, 19819, 1, 0, 0, 316
1453,0x11d124,19, 1058257,"  1025d0:	e0822003 	add	r2, r2, r3
",benign, 287, 197, 2889, 1, 1794, 1085, 1, 528, 742, 0, 248, 24115, 539, 3, 92, 3052, 1397, 395, 3, 14036, 6453, 8289, 0, 0, 34, 1883, 2048, 2910, 91, 0, 0, 18, 33, 114, 2, 24677, 16552, 19819, 1, 0, 0, 316
1454,0x127eec,5, 1059183,"  10296c:	e50b300c 	str	r3, [fp, #-12]
",benign, 292, 197, 2884, 2, 1783, 1081, 1, 527, 741, 0, 257, 24296, 538, 3, 93, 3145, 1110, 397, 3, 14192, 6555, 8274, 0, 0, 34, 1875, 2047, 2928, 91, 0, 0, 17, 71, 132, 2, 24597, 16471, 19821, 1, 0, 0, 316
1455,0x1126ec,13, 1050622,"  1007fc:	ea00000c 	b	100834 <search_wrap+0x16c>
",benign, 288, 198, 2799, 2, 1707, 1084, 1, 506, 703, 0, 227, 23585, 499, 3, 92, 2873, 1215, 415, 3, 13871, 6353, 7914, 0, 0, 33, 1757, 1987, 2819, 91, 0, 0, 18, 34, 134, 2, 24349, 15972, 19341, 1, 0, 0, 316
1456,0x10d12c,26, 1049859,"  100500:	e24dd010 	sub	sp, sp, #16
",benign, 394, 199, 3043, 6, 1884, 1108, 1, 539, 765, 0, 255, 27452, 563, 3, 92, 3092, 1230, 462, 3, 17532, 7620, 8661, 0, 0, 35, 1984, 2119, 3047, 91, 0, 0, 17, 41, 123, 3, 27662, 19527, 22936, 3, 0, 0, 374
1457,0x132294,31, 1050319,"  1006cc:	e28db004 	add	fp, sp, #4
",benign, 385, 197, 2895, 4, 1791, 1084, 1, 531, 747, 0, 261, 25401, 544, 3, 93, 3254, 1042, 399, 3, 15216, 7741, 8389, 0, 0, 34, 1901, 2075, 2939, 96, 0, 0, 17, 22, 125, 6, 25761, 17560, 20997, 3, 0, 0, 316
1458,0x123db4,7, 1053991,"  101524:	e51b300c 	ldr	r3, [fp, #-12]
",benign, 287, 197, 2894, 1, 1789, 1084, 1, 528, 742, 0, 248, 24238, 539, 3, 91, 2847, 1201, 415, 3, 14073, 6443, 8263, 0, 0, 34, 1890, 2040, 2911, 91, 0, 0, 17, 33, 132, 2, 24770, 16532, 19818, 1, 0, 0, 316
1459,0x134494,9, 1051401,"  100b08:	e51b300c 	ldr	r3, [fp, #-12]
",benign, 288, 198, 2887, 2, 1781, 1082, 1, 527, 741, 0, 255, 24515, 538, 3, 93, 2711, 1403, 469, 3, 14378, 6646, 8289, 0, 0, 34, 1876, 2054, 2929, 93, 0, 0, 18, 22, 114, 2, 25039, 16533, 19801, 1, 0, 0, 316
1460,0x13da30,28, 1053943,"  1014f4:	e0822003 	add	r2, r2, r3
",benign, 285, 198, 2886, 2, 1782, 1086, 1, 519, 725, 0, 244, 24014, 521, 3, 93, 3041, 1107, 471, 3, 14274, 6754, 8222, 0, 0, 33, 1842, 2029, 2911, 91, 0, 0, 18, 34, 131, 2, 24708, 16419, 19707, 1, 0, 0, 316
1461,0x13d510,1, 1060337,"  102df0:	e51b3014 	ldr	r3, [fp, #-20]	; 0xffffffec
",benign, 290, 198, 2891, 2, 1796, 1081, 1, 527, 741, 0, 253, 24497, 538, 3, 92, 2654, 1229, 415, 3, 14266, 6586, 8297, 0, 0, 34, 1881, 2058, 2926, 93, 0, 0, 18, 22, 131, 2, 24972, 16624, 19918, 1, 0, 0, 316
1462,0x132a44,30, 1054698,"  1017e8:	e0822003 	add	r2, r2, r3
",benign, 285, 198, 2950, 2, 1840, 1101, 1, 528, 735, 0, 242, 24279, 531, 3, 90, 2675, 1325, 415, 3, 14240, 6541, 8403, 0, 0, 33, 1902, 2088, 2991, 93, 0, 0, 17, 34, 128, 2, 24827, 16732, 20028, 1, 0, 0, 316
1463,0x1309e4,22, 1051855,"  100ccc:	e51b3010 	ldr	r3, [fp, #-16]
",benign, 291, 197, 2892, 2, 1795, 1082, 1, 527, 741, 0, 264, 24407, 538, 3, 92, 2809, 1192, 415, 3, 14223, 6568, 8300, 0, 0, 34, 1880, 2058, 2930, 91, 0, 0, 17, 22, 129, 2, 24713, 16242, 19489, 1, 0, 0, 316
1464,0x106858,11, 1061952,"  103440:	e50b3018 	str	r3, [fp, #-24]	; 0xffffffe8
",benign, 290, 197, 2889, 1, 1795, 1083, 1, 527, 741, 0, 258, 24531, 538, 3, 93, 2752, 1425, 415, 3, 14200, 6632, 8285, 0, 0, 34, 1873, 2056, 2930, 91, 0, 0, 17, 33, 128, 2, 24847, 16568, 19839, 1, 0, 0, 316
1465,0x113c54,21, 1053152,"  1011e0:	e50b3020 	str	r3, [fp, #-32]	; 0xffffffe0
",benign, 285, 197, 2872, 1, 1766, 1086, 1, 517, 721, 0, 250, 24125, 517, 3, 93, 2831, 1201, 398, 3, 14182, 6577, 8173, 0, 0, 33, 1844, 2015, 2902, 91, 0, 0, 18, 22, 134, 2, 24698, 16265, 19548, 1, 0, 0, 316
1466,0x12e5d0,30, 1056522,"  101f08:	e0822003 	add	r2, r2, r3
",benign, 284, 197, 2799, 1, 1704, 1079, 1, 506, 703, 0, 223, 23584, 499, 3, 93, 2731, 1256, 411, 3, 14052, 6477, 7932, 0, 0, 33, 1758, 1981, 2824, 91, 0, 0, 17, 39, 130, 2, 24341, 16182, 19625, 1, 0, 0, 316
1467,0x134960,8, 1062580,"  1036b4:	e51b3024 	ldr	r3, [fp, #-36]	; 0xffffffdc
",benign, 287, 199, 3046, 2, 1896, 1115, 1, 539, 765, 0, 254, 26605, 563, 3, 94, 2804, 1259, 456, 3, 16381, 6583, 8606, 0, 0, 35, 1967, 2140, 3044, 92, 0, 0, 17, 21, 128, 2, 27041, 18800, 22329, 1, 0, 0, 316
1468,0x10e3cc,22, 1054123,"  1015a8:	e51b1010 	ldr	r1, [fp, #-16]
",benign, 285, 197, 2883, 2, 1773, 1087, 1, 517, 721, 0, 245, 23999, 517, 3, 93, 2806, 1190, 415, 3, 13833, 6270, 8169, 0, 0, 33, 1843, 2020, 2910, 93, 0, 0, 18, 22, 132, 2, 24560, 16121, 19458, 1, 0, 0, 372
1469,0x137498,9, 1056432,"  101eb0:	e51b3010 	ldr	r3, [fp, #-16]
",benign, 344, 257, 2868, 2, 1771, 1087, 1, 520, 725, 0, 247, 24263, 521, 3, 95, 2835, 1143, 415, 3, 14091, 6555, 8196, 0, 0, 33, 1849, 2028, 2908, 92, 0, 0, 17, 22, 132, 2, 24732, 16626, 19935, 1, 0, 0, 316
1470,0x1193f4,17, 1057421,"  10228c:	e50b3018 	str	r3, [fp, #-24]	; 0xffffffe8
",benign, 290, 197, 2894, 2, 1786, 1083, 1, 527, 741, 0, 251, 24274, 538, 3, 94, 2881, 1221, 413, 3, 14555, 6477, 8266, 0, 0, 34, 1888, 2061, 2931, 93, 0, 0, 18, 70, 134, 2, 24932, 16498, 19846, 1, 0, 0, 316
1471,0x10b7f8,3, 1057965,"  1024ac:	e1811003 	orr	r1, r1, r3
",benign, 291, 198, 2871, 2, 1777, 1088, 1, 519, 725, 0, 244, 24068, 521, 3, 93, 3048, 1218, 411, 3, 14286, 6565, 8195, 0, 0, 33, 1854, 2017, 2907, 91, 0, 0, 18, 42, 132, 2, 24881, 16489, 19757, 1, 0, 0, 316
1472,0x11ff6c,17, 1052859,"  1010b8:	e0011003 	and	r1, r1, r3
",benign, 348, 255, 2886, 2, 1789, 1082, 1, 527, 741, 0, 251, 24428, 538, 3, 93, 3101, 1208, 415, 3, 14246, 6609, 8301, 0, 0, 34, 1883, 2059, 2921, 91, 0, 0, 17, 22, 115, 2, 24921, 16732, 20161, 1, 0, 0, 316
1473,0x1002f8,3, 1059670,"  102b54:	e34c3a62 	movt	r3, #51810	; 0xca62
",benign, 291, 198, 2895, 2, 1785, 1081, 1, 528, 742, 0, 252, 24227, 539, 3, 92, 3170, 1206, 397, 3, 14078, 6461, 8285, 0, 0, 34, 1880, 2054, 2913, 91, 0, 0, 17, 34, 114, 2, 24961, 16666, 19910, 1, 0, 0, 316
1474,0x10691c,27, 1058461,"  10269c:	e51b301c 	ldr	r3, [fp, #-28]	; 0xffffffe4
",benign, 285, 199, 2873, 1, 1777, 1085, 1, 520, 725, 0, 246, 24132, 521, 3, 95, 2900, 1184, 415, 3, 14439, 6616, 8219, 0, 0, 33, 1850, 2030, 2909, 92, 0, 0, 17, 21, 130, 2, 24809, 16484, 19750, 1, 0, 0, 316
1475,0x1373a8,9, 1055179,"  1019c8:	e51b300c 	ldr	r3, [fp, #-12]
",benign, 284, 198, 2966, 2, 1835, 1101, 1, 528, 735, 0, 244, 24305, 531, 3, 90, 2796, 1196, 415, 3, 14145, 6328, 8405, 0, 0, 33, 1910, 2084, 2999, 93, 0, 0, 17, 34, 132, 2, 24857, 16456, 19720, 1, 0, 0, 316
1476,0x1022fc,30, 1054730,"  101808:	e50b3018 	str	r3, [fp, #-24]	; 0xffffffe8
",benign, 287, 198, 2869, 1, 1773, 1080, 1, 521, 728, 0, 252, 24557, 524, 3, 95, 2867, 1195, 471, 3, 13997, 6333, 8211, 0, 0, 33, 1856, 2029, 2905, 91, 0, 0, 18, 33, 134, 2, 24769, 16205, 19535, 1, 0, 0, 316
1477,0x11cbcc,25, 1062454,"  103634:	1a00000f 	bne	103678 <set_key+0xa8>
",benign, 291, 197, 2887, 2, 1783, 1084, 1, 527, 741, 0, 249, 24592, 538, 3, 93, 2798, 1373, 413, 3, 14138, 6291, 8282, 0, 0, 34, 1943, 2109, 2923, 91, 0, 0, 17, 34, 132, 2, 25337, 16663, 19988, 1, 0, 0, 316
1478,0x11e6b8,15, 1060600,"  102ef8:	e320f000 	nop	{0}
",benign, 286, 197, 2867, 2, 1765, 1085, 1, 517, 721, 0, 240, 24110, 517, 3, 93, 2758, 1317, 413, 3, 13970, 6314, 8163, 0, 0, 33, 1841, 2019, 2905, 91, 0, 0, 18, 22, 134, 2, 24685, 16190, 19468, 1, 0, 0, 316
1479,0x139628,27, 1050472,"  100768:	e1a03123 	lsr	r3, r3, #2
",benign, 294, 199, 3045, 2, 1882, 1104, 1, 539, 765, 0, 252, 26396, 563, 3, 94, 2661, 1232, 560, 3, 16342, 6462, 8573, 0, 0, 35, 1968, 2147, 3041, 91, 0, 0, 18, 22, 132, 2, 27183, 18637, 22146, 1, 0, 0, 316
1480,0x101128,25, 1062132,"  1034f4:	e51b3008 	ldr	r3, [fp, #-8]
",benign, 293, 198, 2868, 2, 1767, 1080, 1, 522, 734, 0, 234, 24070, 531, 3, 92, 2923, 1243, 411, 3, 14262, 6593, 8204, 0, 0, 34, 1897, 2125, 2906, 92, 0, 0, 17, 35, 115, 2, 24811, 16427, 19695, 1, 0, 0, 316
1481,0x11db9c,14, 1052001,"  100d60:	e51b300c 	ldr	r3, [fp, #-12]
",benign, 289, 198, 2887, 2, 1780, 1082, 1, 528, 742, 0, 248, 24153, 539, 3, 91, 2809, 1401, 411, 3, 14128, 6489, 8277, 0, 0, 34, 1887, 2058, 2925, 92, 0, 0, 17, 216, 132, 2, 25262, 16354, 19600, 1, 0, 0, 316
1482,0x1003e0,20, 1059539,"  102ad0:	e0822003 	add	r2, r2, r3
",benign, 293, 198, 2894, 2, 1784, 1080, 1, 527, 741, 0, 250, 24457, 538, 3, 94, 2574, 1381, 413, 3, 14232, 6647, 8283, 0, 0, 34, 1881, 2057, 2932, 94, 0, 0, 17, 21, 132, 2, 24851, 16631, 19920, 1, 0, 0, 316
1483,0x11462c,14, 1062502,"  103664:	e51b3024 	ldr	r3, [fp, #-36]	; 0xffffffdc
",benign, 284, 198, 2965, 2, 1837, 1099, 1, 528, 735, 0, 248, 24161, 531, 3, 91, 3158, 1231, 397, 3, 14418, 6799, 8398, 0, 0, 33, 1906, 2080, 2994, 93, 0, 0, 18, 54, 352, 2, 25314, 16677, 20218, 1, 0, 0, 316
1484,0x12f004,6, 1052534,"  100f74:	e51b3138 	ldr	r3, [fp, #-312]	; 0xfffffec8
",benign, 283, 176, 2705, 2, 1774, 1083, 1, 521, 728, 0, 248, 23990, 524, 3, 94, 2511, 1225, 415, 3, 14079, 6488, 8225, 0, 0, 33, 1854, 2039, 2908, 91, 0, 0, 17, 21, 132, 2, 24681, 16394, 19913, 1, 0, 0, 316
1485,0x10072c,17, 1062308,"  1035a4:	e51b1018 	ldr	r1, [fp, #-24]	; 0xffffffe8
",benign, 287, 198, 2884, 2, 1774, 1087, 1, 519, 725, 0, 240, 24196, 521, 3, 93, 3127, 1165, 395, 3, 13980, 6425, 8193, 0, 0, 33, 1855, 2038, 2918, 93, 0, 0, 17, 73, 115, 2, 24611, 16524, 19848, 1, 0, 0, 316
1486,0x12f208,23, 1060410,"  102e38:	e0822003 	add	r2, r2, r3
",benign, 285, 197, 2873, 2, 1764, 1086, 1, 517, 721, 0, 244, 24439, 517, 3, 93, 2745, 1090, 398, 3, 14179, 6602, 8173, 0, 0, 33, 1847, 2022, 2909, 93, 0, 0, 17, 21, 130, 2, 24719, 16375, 19655, 1, 0, 0, 316
1487,0x122adc,3, 1060238,"  102d8c:	e51b3010 	ldr	r3, [fp, #-16]
",benign, 288, 198, 2884, 2, 1782, 1081, 1, 527, 741, 0, 253, 24260, 538, 3, 93, 2651, 1421, 413, 3, 14499, 6877, 8297, 0, 0, 34, 1928, 2124, 2924, 93, 0, 0, 17, 42, 132, 2, 24839, 16672, 19948, 1, 0, 0, 316
1488,0x110ac0,6, 1050550,"  1007b4:	e2433004 	sub	r3, r3, #4
",benign, 398, 198, 2885, 5, 1782, 1082, 1, 527, 741, 0, 253, 25070, 538, 3, 92, 2974, 1201, 462, 3, 15059, 7546, 8337, 0, 0, 34, 1881, 2049, 2924, 91, 0, 0, 17, 34, 123, 3, 25989, 17423, 20800, 3, 0, 0, 316
1489,0x124afc,25, 1055877,"  101c84:	e0033000 	and	r3, r3, r0
",benign, 350, 255, 2870, 2, 1769, 1081, 1, 522, 734, 0, 237, 24409, 531, 3, 92, 2966, 1267, 415, 3, 14022, 6456, 8218, 0, 0, 34, 1854, 2049, 2895, 92, 0, 0, 17, 72, 114, 2, 24691, 16478, 19767, 1, 0, 0, 316
1490,0x104f40,17, 1060356,"  102e04:	e51b300c 	ldr	r3, [fp, #-12]
",benign, 290, 196, 2872, 2, 1773, 1087, 1, 517, 721, 0, 240, 24245, 517, 3, 93, 2633, 1433, 415, 3, 13991, 6434, 8173, 0, 0, 33, 1838, 2035, 2912, 93, 0, 0, 17, 35, 130, 2, 24947, 16277, 19584, 1, 0, 0, 316
1491,0x110e10,1, 1052428,"  100f0c:	e0823003 	add	r3, r2, r3
",benign, 283, 198, 2885, 2, 1774, 1086, 1, 519, 725, 0, 239, 24347, 521, 3, 93, 2618, 1286, 415, 3, 14158, 6519, 8187, 0, 0, 33, 1848, 2039, 2910, 94, 0, 0, 18, 90, 114, 2, 24552, 16383, 19637, 1, 0, 0, 316
1492,0x124c50,16, 1061744,"  103370:	e51b3018 	ldr	r3, [fp, #-24]	; 0xffffffe8
",benign, 284, 198, 2876, 2, 1770, 1087, 1, 519, 725, 0, 247, 24066, 521, 3, 93, 2918, 1108, 395, 3, 14239, 6378, 8210, 0, 0, 33, 1855, 2034, 2910, 91, 0, 0, 18, 34, 116, 2, 24455, 16562, 19872, 1, 0, 0, 316
1493,0x1303e8,19, 1051650,"  100c00:	e51b1010 	ldr	r1, [fp, #-16]
",benign, 289, 196, 2896, 2, 1800, 1084, 1, 531, 747, 0, 252, 24179, 544, 3, 92, 3063, 1417, 411, 3, 14161, 6553, 8335, 0, 0, 34, 1895, 2068, 2941, 93, 0, 0, 17, 22, 132, 2, 25247, 16601, 19911, 1, 0, 0, 316
1494,0x104b74,21, 1051120,"  1009f0:	e51b3008 	ldr	r3, [fp, #-8]
",benign, 293, 197, 2849, 2, 1753, 1080, 1, 521, 727, 0, 245, 24059, 524, 3, 92, 2947, 1153, 411, 3, 14204, 6460, 8155, 0, 0, 34, 1903, 2069, 2886, 93, 0, 0, 17, 22, 132, 2, 24975, 16484, 19806, 1, 0, 0, 316
1495,0x1304cc,10, 1061795,"  1033a0:	e1530002 	cmp	r3, r2
",benign, 284, 198, 2884, 1, 1772, 1087, 1, 519, 725, 0, 250, 24258, 521, 3, 93, 3074, 1217, 411, 3, 14085, 6245, 8198, 0, 0, 33, 1861, 2039, 2918, 94, 0, 0, 17, 22, 129, 2, 24986, 16337, 19586, 1, 0, 0, 316
1496,0x1179c4,14, 1058323,"  102610:	e51b300c 	ldr	r3, [fp, #-12]
",benign, 290, 197, 2846, 2, 1748, 1082, 1, 521, 727, 0, 249, 24205, 524, 3, 92, 2931, 1351, 415, 3, 14081, 6651, 8172, 0, 0, 34, 1842, 2014, 2887, 91, 0, 0, 18, 33, 130, 2, 24788, 16377, 19644, 1, 0, 0, 316
1497,0x1321c4,20, 1056379,"  101e78:	e1813003 	orr	r3, r1, r3
",benign, 285, 199, 2884, 2, 1783, 1086, 1, 519, 725, 0, 251, 24263, 521, 3, 93, 2956, 1442, 395, 3, 14124, 6515, 8193, 0, 0, 33, 1923, 2091, 2919, 92, 0, 0, 17, 21, 132, 2, 24675, 16492, 19783, 1, 0, 0, 316
1498,0x137a8c,9, 1053024,"  101160:	e3453a82 	movt	r3, #23170	; 0x5a82
",benign, 289, 199, 2873, 2, 1766, 1084, 1, 520, 725, 0, 249, 24167, 521, 3, 96, 3018, 1145, 397, 3, 14088, 6505, 8190, 0, 0, 33, 1850, 2024, 2899, 91, 0, 0, 17, 22, 132, 2, 24707, 16248, 19575, 1, 0, 0, 316
1499,0x112890,18, 1059508,"  102ab4:	e51b300c 	ldr	r3, [fp, #-12]
",benign, 287, 198, 2960, 1, 1847, 1100, 1, 528, 735, 0, 250, 24694, 531, 3, 90, 2770, 1192, 415, 3, 14489, 6824, 8385, 0, 0, 33, 1915, 2081, 2985, 91, 0, 0, 17, 33, 132, 2, 24925, 16581, 19933, 1, 0, 0, 525
1500,0x11ad48,29, 1061073,"  1030d0:	e3e0207f 	mvn	r2, #127	; 0x7f
",benign, 291, 199, 3041, 2, 1890, 1106, 1, 539, 765, 0, 254, 26601, 563, 3, 94, 2936, 1190, 412, 3, 16299, 6594, 8596, 0, 0, 35, 1969, 2134, 3037, 91, 0, 0, 17, 72, 132, 2, 27308, 18826, 22337, 1, 0, 0, 316
1501,0x11a8cc,22, 1055879,"  101c84:	e0033000 	and	r3, r3, r0
",benign, 293, 199, 2890, 2, 1776, 1088, 1, 524, 733, 0, 257, 24380, 530, 3, 92, 3002, 1194, 415, 3, 14414, 6784, 8259, 0, 0, 34, 1873, 2042, 2922, 93, 0, 0, 17, 34, 132, 2, 25133, 16619, 20067, 1, 0, 0, 316
1502,0x120ec0,17, 1056577,"  101f40:	e51b3020 	ldr	r3, [fp, #-32]	; 0xffffffe0
",benign, 286, 197, 2876, 2, 1769, 1086, 1, 517, 721, 0, 242, 24008, 517, 3, 94, 2998, 1385, 413, 3, 14077, 6471, 8164, 0, 0, 33, 1844, 2022, 2908, 91, 0, 0, 17, 22, 112, 2, 24570, 16326, 19658, 1, 0, 0, 316
1503,0x13d1a0,2, 1056773,"  102004:	e30b3cdc 	movw	r3, #48348	; 0xbcdc
",benign, 292, 198, 2882, 2, 1773, 1081, 1, 522, 734, 0, 237, 24263, 531, 3, 93, 2783, 1418, 413, 3, 14090, 6326, 8196, 0, 0, 34, 1850, 2052, 2903, 92, 0, 0, 18, 72, 114, 2, 24657, 16518, 19986, 1, 0, 0, 316
1504,0x123c2c,24, 1051561,"  100ba8:	e0822003 	add	r2, r2, r3
",benign, 285, 198, 2972, 2, 1840, 1100, 1, 528, 735, 0, 247, 24615, 531, 3, 91, 2645, 1173, 415, 3, 13954, 6271, 8377, 0, 0, 33, 1921, 2074, 3003, 93, 0, 0, 18, 35, 326, 2, 25223, 16531, 19883, 1, 0, 0, 316
1505,0x12da6c,5, 1058849,"  102820:	e50b3010 	str	r3, [fp, #-16]
",benign, 282, 198, 2970, 2, 1839, 1100, 1, 528, 735, 0, 253, 24524, 531, 3, 90, 2913, 1205, 415, 3, 14206, 6332, 8396, 0, 0, 33, 1899, 2083, 2995, 93, 0, 0, 18, 21, 134, 2, 24946, 16630, 19880, 1, 0, 0, 316
1506,0x1338b4,12, 1058253,"  1025cc:	e51b3074 	ldr	r3, [fp, #-116]	; 0xffffff8c
",benign, 294, 199, 3042, 2, 1883, 1105, 1, 539, 765, 0, 255, 26472, 563, 3, 94, 2830, 1188, 411, 3, 16134, 6437, 8574, 0, 0, 35, 1956, 2142, 3037, 91, 0, 0, 17, 22, 132, 2, 27046, 18707, 21990, 1, 0, 0, 316
1507,0x12b7d4,17, 1052792,"  101078:	e50b3020 	str	r3, [fp, #-32]	; 0xffffffe0
",benign, 288, 198, 2888, 1, 1787, 1086, 1, 519, 725, 0, 243, 24005, 521, 3, 93, 3042, 1226, 453, 3, 14137, 6496, 8193, 0, 0, 33, 1847, 2036, 2911, 91, 0, 0, 17, 55, 128, 2, 24684, 16376, 19695, 1, 0, 0, 316
1508,0x10b6bc,21, 1057836,"  10242c:	e51b3018 	ldr	r3, [fp, #-24]	; 0xffffffe8
",benign, 287, 199, 2923, 2, 1815, 1093, 1, 524, 728, 0, 241, 24457, 524, 3, 94, 2687, 1282, 413, 3, 13996, 6296, 8330, 0, 0, 33, 1874, 2049, 2958, 91, 0, 0, 17, 71, 115, 2, 24752, 16499, 19812, 1, 0, 0, 316
1509,0x11dc1c,19, 1055434,"  101ac8:	e0233001 	eor	r3, r3, r1
",benign, 287, 199, 2926, 2, 1811, 1096, 1, 524, 728, 0, 244, 24438, 524, 3, 94, 3087, 1336, 415, 3, 14112, 6447, 8308, 0, 0, 33, 1901, 2065, 2969, 93, 0, 0, 17, 22, 129, 2, 25161, 16709, 20001, 1, 0, 0, 316
1510,0x12d078,5, 1058330,"  102618:	e51b1010 	ldr	r1, [fp, #-16]
",benign, 290, 197, 2852, 1, 1759, 1082, 1, 521, 727, 0, 249, 23943, 524, 3, 93, 2843, 1134, 415, 3, 14037, 6491, 8129, 0, 0, 34, 1896, 2075, 2885, 93, 0, 0, 18, 34, 132, 2, 24422, 16331, 19629, 1, 0, 0, 316
1511,0x13c0ec,25, 1053071,"  10118c:	e50b3010 	str	r3, [fp, #-16]
",benign, 285, 199, 2889, 2, 1774, 1084, 1, 520, 725, 0, 244, 24302, 521, 3, 95, 2918, 1315, 413, 3, 14268, 6473, 8188, 0, 0, 33, 1853, 2030, 2904, 92, 0, 0, 18, 21, 131, 2, 24681, 16483, 19784, 1, 0, 0, 316
1512,0x10b368,12, 1052105,"  100dc8:	e51b300c 	ldr	r3, [fp, #-12]
",benign, 285, 198, 2879, 2, 1771, 1081, 1, 521, 728, 0, 252, 24293, 524, 3, 94, 3135, 1217, 456, 3, 14154, 6528, 8221, 0, 0, 33, 1855, 2031, 2907, 93, 0, 0, 17, 22, 132, 2, 24587, 16289, 19597, 1, 0, 0, 316
1513,0x118ae8,9, 1052164,"  100e04:	e51b301c 	ldr	r3, [fp, #-28]	; 0xffffffe4
",benign, 292, 197, 2884, 1, 1792, 1083, 1, 527, 741, 0, 260, 24419, 538, 3, 92, 3068, 1229, 474, 3, 14478, 6734, 8267, 0, 0, 34, 1872, 2054, 2924, 91, 0, 0, 18, 21, 132, 2, 24664, 16577, 20067, 1, 0, 0, 316
1514,0x112214,16, 1059996,"  102c9c:	e0823003 	add	r3, r2, r3
",benign, 291, 198, 2969, 2, 1850, 1100, 1, 528, 735, 0, 246, 24456, 531, 3, 90, 2870, 1278, 411, 3, 14289, 6670, 8403, 0, 0, 33, 1918, 2081, 3003, 93, 0, 0, 17, 21, 115, 2, 24861, 16734, 20175, 1, 0, 0, 316
1515,0x119bf4,17, 1052568,"  100f98:	e50b3018 	str	r3, [fp, #-24]	; 0xffffffe8
",benign, 287, 197, 2880, 2, 1773, 1082, 1, 521, 728, 0, 249, 24128, 524, 3, 94, 2949, 1255, 415, 3, 14075, 6268, 8194, 0, 0, 33, 1852, 2030, 2905, 91, 0, 0, 17, 41, 129, 2, 24506, 16592, 19872, 1, 0, 0, 316
1516,0x108ab0,26, 1057028,"  102104:	e0823003 	add	r3, r2, r3
",benign, 287, 199, 2897, 2, 1795, 1087, 1, 522, 728, 0, 242, 24106, 524, 3, 92, 2934, 1201, 413, 3, 14088, 6446, 8273, 0, 0, 33, 1869, 2044, 2934, 91, 0, 0, 18, 34, 134, 2, 24936, 16441, 19707, 1, 0, 0, 316
1517,0x135378,30, 1051952,"  100d30:	e50b3020 	str	r3, [fp, #-32]	; 0xffffffe0
",benign, 285, 198, 2934, 2, 1814, 1096, 1, 524, 728, 0, 246, 24398, 524, 3, 94, 3022, 1271, 473, 3, 14229, 6520, 8321, 0, 0, 33, 1879, 2052, 2962, 91, 0, 0, 18, 52, 131, 2, 24796, 16597, 19899, 1, 0, 0, 316
1518,0x107cc4,23, 1060770,"  102fa0:	e50b2010 	str	r2, [fp, #-16]
",benign, 285, 198, 2959, 1, 1835, 1100, 1, 528, 735, 0, 252, 24325, 531, 3, 90, 2851, 1460, 395, 3, 14426, 6682, 8384, 0, 0, 33, 1914, 2086, 2994, 93, 0, 0, 17, 43, 115, 2, 24781, 16744, 20098, 1, 0, 0, 316
1519,0x12a968,27, 1060883,"  103010:	e5832018 	str	r2, [r3, #24]
",benign, 287, 196, 2879, 2, 1767, 1086, 1, 517, 721, 0, 241, 24037, 517, 3, 93, 3240, 1158, 456, 3, 14015, 6540, 8177, 0, 0, 33, 1854, 2023, 2911, 92, 0, 0, 17, 34, 132, 2, 24727, 16509, 19882, 1, 0, 0, 316
1520,0x106250,5, 1051793,"  100c90:	e0033000 	and	r3, r3, r0
",benign, 294, 198, 2886, 2, 1791, 1083, 1, 528, 742, 0, 245, 24143, 539, 3, 92, 2996, 1213, 415, 3, 13980, 6517, 8291, 0, 0, 34, 1882, 2052, 2913, 91, 0, 0, 17, 41, 132, 2, 24853, 16520, 19857, 1, 0, 0, 316
1521,0x113950,29, 1056954,"  1020b8:	e50b300c 	str	r3, [fp, #-12]
",benign, 291, 197, 2893, 2, 1787, 1082, 1, 527, 741, 0, 259, 24607, 538, 3, 93, 2702, 1251, 415, 3, 14089, 6294, 8278, 0, 0, 34, 1881, 2063, 2931, 91, 0, 0, 18, 22, 134, 2, 24593, 16552, 19822, 1, 0, 0, 316
1522,0x104138,19, 1062576,"  1036b0:	e1a02123 	lsr	r2, r3, #2
",benign, 292, 198, 2868, 2, 1768, 1086, 1, 522, 734, 0, 234, 24167, 531, 3, 92, 2882, 1205, 413, 3, 14732, 6594, 8178, 0, 0, 34, 1847, 2043, 2897, 92, 0, 0, 18, 22, 117, 2, 24735, 16436, 19673, 1, 0, 0, 374
1523,0x12101c,11, 1059357,"  102a1c:	e51b3018 	ldr	r3, [fp, #-24]	; 0xffffffe8
",benign, 287, 199, 2941, 1, 1813, 1095, 1, 524, 728, 0, 242, 24556, 524, 3, 94, 2784, 1577, 411, 3, 14029, 6172, 8300, 0, 0, 33, 1878, 2062, 2967, 93, 0, 0, 17, 21, 132, 2, 24723, 16526, 19838, 1, 0, 0, 316
1524,0x10eca4,0, 1053366,"  1012b4:	e51b301c 	ldr	r3, [fp, #-28]	; 0xffffffe4
",benign, 284, 199, 2871, 2, 1767, 1083, 1, 520, 725, 0, 243, 24230, 521, 3, 95, 2895, 1191, 467, 3, 14143, 6499, 8200, 0, 0, 33, 1854, 2032, 2904, 91, 0, 0, 18, 22, 131, 2, 24925, 16433, 19743, 1, 0, 0, 316
1525,0x13c418,12, 1061377,"  103200:	e5132018 	ldr	r2, [r3, #-24]	; 0xffffffe8
",benign, 283, 198, 2877, 2, 1772, 1087, 1, 519, 725, 0, 246, 24356, 521, 3, 93, 2956, 1192, 397, 3, 14141, 6301, 8139, 0, 0, 33, 1909, 2089, 2921, 93, 0, 0, 17, 37, 112, 2, 24784, 16375, 19697, 1, 0, 0, 316
1526,0x11d7b4,19, 1051087,"  1009cc:	e083300b 	add	r3, r3, fp
",benign, 286, 197, 2880, 2, 1787, 1084, 1, 528, 742, 0, 250, 24213, 539, 3, 92, 2901, 1195, 415, 3, 14139, 6556, 8288, 0, 0, 34, 1885, 2047, 2924, 93, 0, 0, 18, 21, 130, 2, 24771, 16420, 19664, 1, 0, 0, 316
1527,0x12fffc,12, 1057575,"  102324:	e50b300c 	str	r3, [fp, #-12]
",benign, 287, 198, 2889, 2, 1795, 1083, 1, 527, 741, 0, 262, 24196, 538, 3, 93, 2568, 1383, 411, 3, 14067, 6425, 8271, 0, 0, 34, 1888, 2054, 2928, 93, 0, 0, 17, 22, 130, 2, 25127, 16367, 19680, 1, 0, 0, 316
1528,0x10813c,10, 1052308,"  100e94:	e0823003 	add	r3, r2, r3
",benign, 285, 198, 2954, 2, 1833, 1100, 1, 528, 735, 0, 255, 24548, 531, 3, 90, 2785, 1150, 411, 3, 14196, 6285, 8394, 0, 0, 33, 1906, 2097, 2996, 94, 0, 0, 17, 22, 132, 2, 24995, 16589, 20078, 1, 0, 0, 374
1529,0x115114,30, 1053627,"  1013b8:	e3453a82 	movt	r3, #23170	; 0x5a82
",benign, 287, 197, 2892, 2, 1782, 1081, 1, 527, 741, 0, 255, 24263, 538, 3, 93, 3116, 1183, 398, 3, 14205, 6569, 8273, 0, 0, 34, 1879, 2053, 2930, 91, 0, 0, 17, 34, 132, 2, 24910, 16834, 20228, 1, 0, 0, 316
1530,0x131be0,26, 1056506,"  101ef8:	e0822003 	add	r2, r2, r3
",benign, 287, 197, 2956, 1, 1835, 1099, 1, 528, 735, 0, 246, 24217, 531, 3, 90, 2803, 1366, 411, 3, 14136, 6495, 8395, 0, 0, 33, 1908, 2087, 2992, 92, 0, 0, 18, 33, 116, 2, 24839, 16749, 20049, 1, 0, 0, 316
1531,0x134b98,23, 1059239,"  1029a4:	e34c3a62 	movt	r3, #51810	; 0xca62
",benign, 284, 199, 2865, 2, 1772, 1085, 1, 520, 725, 0, 247, 24206, 521, 3, 94, 3043, 1086, 397, 3, 14185, 6444, 8197, 0, 0, 33, 1915, 2100, 2912, 94, 0, 0, 17, 21, 132, 2, 24620, 16658, 19992, 1, 0, 0, 316
1532,0x103534,10, 1062483,"  103650:	e6ef2073 	uxtb	r2, r3
",benign, 287, 198, 2873, 2, 1768, 1086, 1, 519, 725, 0, 240, 24312, 521, 3, 94, 2785, 1246, 415, 3, 14026, 6336, 8183, 0, 0, 33, 1851, 2039, 2915, 93, 0, 0, 18, 21, 134, 2, 24821, 16545, 19870, 1, 0, 0, 316
1533,0x11f5f4,24, 1059631,"  102b2c:	e51b3014 	ldr	r3, [fp, #-20]	; 0xffffffec
",benign, 288, 198, 2889, 1, 1783, 1082, 1, 528, 742, 0, 250, 24317, 539, 3, 92, 2829, 1398, 413, 3, 14241, 6329, 8265, 0, 0, 34, 1891, 2056, 2912, 91, 0, 0, 18, 33, 131, 2, 25207, 16551, 19852, 1, 0, 0, 316
1534,0x11cc2c,16, 1061632,"  103300:	e5832000 	str	r2, [r3]
",benign, 286, 198, 2901, 2, 1780, 1084, 1, 519, 725, 0, 242, 24399, 521, 3, 93, 2853, 1279, 415, 3, 14328, 6442, 8218, 0, 0, 33, 1847, 2020, 2903, 91, 0, 0, 18, 22, 130, 2, 24654, 16172, 19439, 1, 0, 0, 316
1535,0x132780,1, 1061367,"  1031f4:	e50b3014 	str	r3, [fp, #-20]	; 0xffffffec
",benign, 286, 199, 2895, 2, 1782, 1089, 1, 522, 728, 0, 251, 24273, 524, 3, 92, 3077, 1410, 395, 3, 14193, 6295, 8236, 0, 0, 33, 1879, 2051, 2933, 93, 0, 0, 18, 21, 134, 2, 24749, 16472, 19737, 1, 0, 0, 316
1536,0x1232d0,17, 1051058,"  1009b0:	e3a03010 	mov	r3, #16
",benign, 285, 198, 2744, 2, 1681, 1070, 1, 506, 709, 0, 239, 21808, 506, 3, 92, 2689, 1268, 395, 3, 11935, 6382, 7879, 0, 0, 34, 1822, 2026, 2790, 92, 0, 0, 17, 21, 130, 2, 22155, 14150, 17369, 1, 0, 0, 316
1537,0x111478,18, 1055859,"  101c70:	e1811003 	orr	r1, r1, r3
",benign, 282, 198, 2820, 2, 1732, 1080, 1, 511, 711, 0, 226, 23878, 507, 3, 93, 2867, 1447, 414, 3, 14240, 6540, 8004, 0, 0, 33, 1777, 1994, 2843, 91, 0, 0, 17, 41, 129, 2, 24447, 16046, 19309, 1, 0, 0, 374
1538,0x11d194,26, 1054743,"  101814:	e50b3014 	str	r3, [fp, #-20]	; 0xffffffec
",benign, 287, 197, 2848, 2, 1748, 1081, 1, 521, 727, 0, 250, 24155, 524, 3, 92, 3064, 1113, 397, 3, 13985, 6515, 8159, 0, 0, 34, 1841, 2021, 2891, 91, 0, 0, 17, 22, 129, 2, 24553, 16465, 19735, 1, 0, 0, 316
1539,0x12e544,4, 1052574,"  100f9c:	e51b3010 	ldr	r3, [fp, #-16]
",benign, 346, 257, 2896, 2, 1786, 1088, 1, 522, 728, 0, 260, 24349, 524, 3, 92, 2710, 1372, 415, 3, 14309, 6607, 8242, 0, 0, 33, 1878, 2056, 2929, 93, 0, 0, 17, 22, 130, 2, 24804, 16426, 19868, 1, 0, 0, 316
1540,0x125790,12, 1055057,"  101950:	e51b3010 	ldr	r3, [fp, #-16]
",benign, 292, 198, 2867, 2, 1776, 1084, 1, 522, 734, 0, 239, 24210, 531, 3, 92, 2826, 1221, 415, 3, 14343, 6488, 8204, 0, 0, 34, 1854, 2049, 2897, 91, 0, 0, 17, 34, 132, 2, 24764, 16472, 19728, 1, 0, 0, 316
1541,0x11bfe8,16, 1061633,"  103300:	e5832000 	str	r2, [r3]
",benign, 296, 198, 2900, 2, 1789, 1086, 1, 524, 733, 0, 246, 24705, 530, 3, 91, 2853, 1228, 413, 3, 14357, 6522, 8231, 0, 0, 34, 1884, 2033, 2926, 93, 0, 0, 17, 41, 128, 2, 24907, 16414, 19683, 1, 0, 0, 316
1542,0x109cb0,11, 1057902,"  10246c:	e50b3020 	str	r3, [fp, #-32]	; 0xffffffe0
",benign, 287, 195, 2844, 2, 1748, 1082, 1, 521, 727, 0, 247, 24158, 524, 3, 92, 3019, 1183, 411, 3, 14331, 6741, 8157, 0, 0, 34, 1836, 2010, 2886, 91, 0, 0, 17, 42, 132, 2, 24725, 16278, 19556, 1, 0, 0, 316
1543,0x1208d4,5, 1057550,"  10230c:	e51b3010 	ldr	r3, [fp, #-16]
",benign, 284, 199, 2811, 1, 1721, 1080, 1, 511, 711, 0, 232, 23634, 507, 3, 94, 2972, 1232, 398, 3, 14153, 6481, 7965, 0, 0, 33, 1794, 1999, 2851, 92, 0, 0, 18, 22, 134, 2, 24627, 16198, 19677, 1, 0, 0, 316
1544,0x115cf0,17, 1062505,"  103668:	e5933000 	ldr	r3, [r3]
",benign, 344, 255, 2864, 2, 1779, 1088, 1, 522, 734, 0, 237, 24134, 531, 3, 92, 2998, 1169, 397, 3, 14171, 6511, 8190, 0, 0, 34, 1838, 2062, 2905, 91, 0, 0, 17, 206, 132, 2, 24831, 16308, 19666, 1, 0, 0, 316
1545,0x10b4a0,31, 1051031,"  100994:	e503215c 	str	r2, [r3, #-348]	; 0xfffffea4
",benign, 347, 251, 2903, 2, 1798, 1084, 1, 531, 747, 0, 248, 24193, 544, 3, 93, 2961, 1252, 412, 3, 13991, 6428, 8338, 0, 0, 34, 1895, 2062, 2938, 93, 0, 0, 17, 22, 130, 2, 24764, 16466, 19743, 1, 0, 0, 316
1546,0x135d74,27, 1062549,"  103694:	e6af3073 	sxtb	r3, r3
",benign, 282, 197, 2873, 2, 1779, 1082, 1, 521, 728, 0, 240, 24329, 524, 3, 94, 2768, 1263, 415, 3, 14199, 6318, 8207, 0, 0, 33, 1852, 2037, 2910, 91, 0, 0, 17, 21, 129, 2, 24715, 16444, 19880, 1, 0, 0, 374
1547,0x12c038,1, 1053132,"  1011cc:	e51b3124 	ldr	r3, [fp, #-292]	; 0xfffffedc
",benign, 347, 253, 2847, 2, 1750, 1082, 1, 521, 727, 0, 249, 24190, 524, 3, 91, 3229, 1126, 395, 3, 14509, 6707, 8168, 0, 0, 34, 1850, 2015, 2892, 92, 0, 0, 17, 21, 132, 2, 24681, 16513, 19805, 1, 0, 0, 316
1548,0x109280,16, 1056565,"  101f34:	e50b3014 	str	r3, [fp, #-20]	; 0xffffffec
",benign, 287, 197, 2867, 2, 1767, 1083, 1, 521, 728, 0, 245, 24119, 524, 3, 95, 2851, 1467, 395, 3, 13948, 6098, 8193, 0, 0, 33, 1851, 2029, 2914, 94, 0, 0, 17, 21, 114, 2, 24554, 16665, 20010, 1, 0, 0, 316
1549,0x12ad08,14, 1054770,"  101830:	e51b1010 	ldr	r1, [fp, #-16]
",benign, 287, 198, 2879, 2, 1778, 1084, 1, 527, 741, 0, 254, 24623, 538, 3, 93, 2921, 1173, 395, 3, 14069, 6439, 8273, 0, 0, 34, 1880, 2058, 2924, 93, 0, 0, 18, 33, 130, 2, 24772, 16753, 20185, 1, 0, 0, 374
1550,0x111468,0, 1057504,"  1022e0:	e0822003 	add	r2, r2, r3
",benign, 284, 197, 2868, 2, 1766, 1081, 1, 519, 726, 0, 232, 23882, 522, 3, 95, 2906, 1329, 411, 3, 14100, 6372, 8176, 0, 0, 33, 1833, 2054, 2902, 92, 0, 0, 17, 21, 112, 2, 24579, 16341, 19767, 1, 0, 0, 316
1551,0x11b74c,14, 1060744,"  102f88:	e12fff1e 	bx	lr
",benign, 284, 198, 2881, 2, 1775, 1086, 1, 519, 725, 0, 239, 24162, 521, 3, 93, 2726, 1429, 415, 3, 14289, 6408, 8207, 0, 0, 33, 1845, 2027, 2920, 93, 0, 0, 17, 21, 132, 2, 24729, 16432, 19687, 1, 0, 0, 316
1552,0x135a84,21, 1054441,"  1016e8:	e1a02de3 	ror	r2, r3, #27
",benign, 288, 198, 2870, 2, 1774, 1082, 1, 521, 728, 0, 250, 24328, 524, 3, 94, 2936, 1233, 415, 3, 14174, 6477, 8185, 0, 0, 33, 1859, 2031, 2905, 94, 0, 0, 18, 22, 117, 2, 24416, 16283, 19638, 1, 0, 0, 316
1553,0x129618,16, 1061224,"  103168:	e51b0018 	ldr	r0, [fp, #-24]	; 0xffffffe8
",benign, 291, 199, 2904, 2, 1787, 1089, 1, 522, 728, 0, 248, 24190, 524, 3, 92, 3000, 1225, 415, 3, 14180, 6533, 8243, 0, 0, 33, 1860, 2047, 2929, 91, 0, 0, 18, 34, 114, 2, 24633, 16446, 19975, 1, 0, 0, 316
1554,0x129284,15, 1055592,"  101b68:	e50b3018 	str	r3, [fp, #-24]	; 0xffffffe8
",benign, 284, 199, 2901, 2, 1787, 1087, 1, 522, 728, 0, 253, 24196, 524, 3, 92, 3142, 1213, 412, 3, 14393, 6518, 8258, 0, 0, 33, 1865, 2050, 2930, 93, 0, 0, 17, 33, 128, 2, 24782, 16490, 19756, 1, 0, 0, 316
1555,0x13cc30,13, 1059504,"  102ab0:	e50b300c 	str	r3, [fp, #-12]
",benign, 286, 198, 2868, 1, 1767, 1080, 1, 521, 728, 0, 238, 24137, 524, 3, 95, 2942, 1155, 397, 3, 14055, 6315, 8171, 0, 0, 33, 1855, 2036, 2904, 91, 0, 0, 17, 92, 128, 2, 24499, 16196, 19512, 1, 0, 0, 316
1556,0x10c30c,23, 1060344,"  102df8:	e51b3010 	ldr	r3, [fp, #-16]
",benign, 286, 197, 2893, 1, 1793, 1082, 1, 531, 747, 0, 245, 24042, 544, 3, 92, 3085, 1187, 415, 3, 14031, 6191, 8325, 0, 0, 34, 1949, 2130, 2940, 93, 0, 0, 17, 21, 132, 2, 24985, 16578, 19890, 1, 0, 0, 316
1557,0x1073a0,16, 1060480,"  102e80:	e51b3168 	ldr	r3, [fp, #-360]	; 0xfffffe98
",benign, 289, 197, 2866, 2, 1764, 1085, 1, 521, 727, 0, 255, 24057, 524, 3, 92, 2815, 1100, 411, 3, 14293, 6654, 8178, 0, 0, 34, 1839, 2020, 2901, 93, 0, 0, 17, 33, 132, 2, 24723, 16445, 19917, 1, 0, 0, 316
1558,0x119908,3, 1058684,"  10277c:	e51b3064 	ldr	r3, [fp, #-100]	; 0xffffff9c
",benign, 283, 198, 2879, 2, 1772, 1083, 1, 521, 728, 0, 242, 23846, 524, 3, 94, 2845, 1277, 411, 3, 14106, 6455, 8216, 0, 0, 33, 1842, 2041, 2911, 91, 0, 0, 17, 38, 114, 2, 24787, 16137, 19391, 1, 0, 0, 375
1559,0x123a90,19, 1060744,"  102f88:	e12fff1e 	bx	lr
",benign, 285, 176, 2701, 2, 1762, 1082, 1, 520, 725, 0, 250, 24071, 521, 3, 95, 2915, 1153, 415, 3, 14073, 6250, 8181, 0, 0, 33, 1849, 2037, 2907, 93, 0, 0, 18, 35, 132, 2, 24961, 16300, 19616, 1, 0, 0, 316
1560,0x11e7f4,26, 1057160,"  102188:	e51b3018 	ldr	r3, [fp, #-24]	; 0xffffffe8
",benign, 288, 197, 2896, 2, 1795, 1082, 1, 531, 747, 0, 253, 24299, 544, 3, 92, 2881, 1193, 413, 3, 14133, 6505, 8331, 0, 0, 34, 1892, 2065, 2930, 91, 0, 0, 18, 22, 132, 2, 24950, 16341, 19831, 1, 0, 0, 316
1561,0x13a020,11, 1057333,"  102234:	e1a02de3 	ror	r2, r3, #27
",benign, 286, 198, 2875, 1, 1780, 1082, 1, 521, 728, 0, 249, 24401, 524, 3, 94, 2890, 1245, 397, 3, 13887, 6243, 8221, 0, 0, 33, 1855, 2029, 2912, 93, 0, 0, 17, 22, 128, 2, 24571, 16216, 19517, 1, 0, 0, 316
1562,0x100de0,30, 1051890,"  100cf0:	e51b1010 	ldr	r1, [fp, #-16]
",benign, 290, 198, 2869, 2, 1771, 1083, 1, 522, 734, 0, 230, 23923, 531, 3, 92, 3042, 1252, 415, 3, 14142, 6427, 8171, 0, 0, 34, 1835, 2057, 2898, 92, 0, 0, 18, 33, 117, 2, 24738, 16565, 19830, 1, 0, 0, 316
1563,0x103e44,16, 1059969,"  102c80:	e0822003 	add	r2, r2, r3
",benign, 292, 198, 2870, 2, 1767, 1082, 1, 522, 734, 0, 244, 24190, 531, 3, 92, 2886, 1304, 415, 3, 14257, 6620, 8218, 0, 0, 34, 1843, 2055, 2903, 92, 0, 0, 18, 22, 130, 2, 24692, 16373, 19634, 1, 0, 0, 316
1564,0x13d0ac,5, 1060667,"  102f38:	e30d3cfe 	movw	r3, #56574	; 0xdcfe
",benign, 351, 253, 2856, 2, 1754, 1081, 1, 521, 727, 0, 258, 24164, 524, 3, 92, 2823, 1123, 415, 3, 14145, 6771, 8150, 0, 0, 34, 1838, 2016, 2886, 91, 0, 0, 18, 72, 116, 2, 24557, 16149, 19419, 1, 0, 0, 316
1565,0x11b9c8,4, 1049949,"  10055c:	9afffff2 	bls	10052c <init_search+0x34>
",benign, 454, 253, 2879, 5, 1774, 1087, 1, 519, 725, 0, 231, 24856, 521, 3, 92, 3284, 1021, 406, 3, 14943, 7359, 8269, 0, 0, 33, 1841, 2058, 2905, 91, 0, 0, 17, 46, 123, 5, 25795, 17251, 20599, 3, 0, 0, 316
1566,0x117394,15, 1056573,"  101f3c:	e50b3010 	str	r3, [fp, #-16]
",benign, 283, 198, 2874, 2, 1769, 1082, 1, 521, 728, 0, 245, 23925, 524, 3, 94, 2792, 1272, 415, 3, 13818, 6164, 8211, 0, 0, 33, 1850, 2019, 2913, 93, 0, 0, 18, 22, 130, 2, 24693, 16375, 19676, 1, 0, 0, 316
1567,0x10c9f0,23, 1054967,"  1018f4:	e50b3010 	str	r3, [fp, #-16]
",benign, 290, 199, 2886, 2, 1780, 1083, 1, 527, 741, 0, 251, 24302, 538, 3, 93, 3228, 1165, 398, 3, 14403, 6679, 8297, 0, 0, 34, 1879, 2059, 2921, 91, 0, 0, 18, 22, 134, 2, 24895, 16492, 19779, 1, 0, 0, 316
1568,0x12bf08,2, 1051273,"  100a88:	e5933010 	ldr	r3, [r3, #16]
",benign, 286, 199, 2733, 2, 1677, 1070, 1, 506, 709, 0, 233, 21737, 506, 3, 93, 2884, 1277, 412, 3, 12280, 6801, 7898, 0, 0, 34, 1749, 1988, 2797, 92, 0, 0, 17, 46, 130, 2, 22443, 14115, 17406, 1, 0, 0, 316
1569,0x1237dc,25, 1053026,"  101160:	e3453a82 	movt	r3, #23170	; 0x5a82
",benign, 548, 462, 2874, 2, 1767, 1082, 1, 521, 728, 0, 242, 23978, 524, 3, 95, 3151, 1262, 398, 3, 13894, 6240, 8208, 0, 0, 33, 1857, 2034, 2912, 93, 0, 0, 17, 33, 132, 2, 24839, 16347, 19722, 1, 0, 0, 316
1570,0x104b00,9, 1061727,"  10335c:	e51b200c 	ldr	r2, [fp, #-12]
",benign, 289, 197, 2902, 2, 1794, 1083, 1, 531, 747, 0, 249, 24412, 544, 3, 94, 2966, 1383, 415, 3, 14197, 6624, 8338, 0, 0, 34, 1893, 2065, 2930, 91, 0, 0, 18, 53, 134, 2, 24771, 16454, 19761, 1, 0, 0, 316
1571,0x10593c,14, 1056883,"  102070:	e51b301c 	ldr	r3, [fp, #-28]	; 0xffffffe4
",benign, 287, 198, 2847, 2, 1759, 1081, 1, 521, 727, 0, 245, 24062, 524, 3, 92, 2796, 1096, 415, 3, 14264, 6749, 8172, 0, 0, 34, 1835, 2027, 2898, 93, 0, 0, 18, 21, 114, 2, 24749, 16300, 19586, 1, 0, 0, 316
1572,0x125188,9, 1060413,"  102e3c:	e51b3024 	ldr	r3, [fp, #-36]	; 0xffffffdc
",benign, 348, 254, 2891, 2, 1787, 1083, 1, 531, 747, 0, 246, 24107, 544, 3, 92, 3263, 1210, 411, 3, 14449, 6516, 8319, 0, 0, 34, 1893, 2057, 2925, 91, 0, 0, 17, 21, 132, 2, 24812, 16707, 20060, 1, 0, 0, 316
1573,0x130cf4,12, 1062151,"  103504:	e0812002 	add	r2, r1, r2
",benign, 285, 198, 2884, 2, 1787, 1082, 1, 521, 728, 0, 249, 24236, 524, 3, 94, 2914, 1254, 395, 3, 13900, 6049, 8195, 0, 0, 33, 1852, 2034, 2912, 93, 0, 0, 17, 21, 132, 2, 24714, 16631, 20196, 1, 0, 0, 316
1574,0x11cda8,5, 1055997,"  101cfc:	e51b3018 	ldr	r3, [fp, #-24]	; 0xffffffe8
",benign, 292, 197, 2894, 2, 1790, 1084, 1, 531, 747, 0, 244, 24129, 544, 3, 93, 3009, 1102, 469, 3, 14622, 6778, 8312, 0, 0, 34, 1951, 2125, 2925, 91, 0, 0, 17, 21, 114, 2, 24825, 16666, 19934, 1, 0, 0, 316
1575,0x12d534,2, 1049873,"  100510:	e1a02000 	mov	r2, r0
",benign, 381, 198, 2876, 6, 1774, 1084, 1, 519, 725, 0, 241, 25158, 521, 3, 93, 3224, 1182, 398, 3, 15155, 7347, 8265, 0, 0, 33, 1894, 2116, 2898, 91, 0, 0, 17, 71, 121, 3, 25531, 17276, 20656, 3, 0, 0, 316
1576,0x13c388,19, 1053418,"  1012e8:	e1a03163 	ror	r3, r3, #2
",benign, 290, 198, 2867, 2, 1769, 1087, 1, 522, 734, 0, 234, 24074, 531, 3, 92, 2875, 1490, 411, 3, 14291, 6423, 8211, 0, 0, 34, 1848, 2062, 2908, 92, 0, 0, 18, 53, 132, 2, 24723, 16594, 19847, 1, 0, 0, 316
1577,0x108c00,17, 1054546,"  101750:	e51b300c 	ldr	r3, [fp, #-12]
",benign, 285, 198, 2878, 2, 1773, 1081, 1, 521, 728, 0, 251, 24092, 524, 3, 94, 2846, 1347, 413, 3, 14077, 6394, 8207, 0, 0, 33, 1859, 2043, 2923, 95, 0, 0, 18, 34, 131, 2, 24692, 16264, 19601, 1, 0, 0, 316
1578,0x12c73c,0, 1056052,"  101d34:	e51b3014 	ldr	r3, [fp, #-20]	; 0xffffffec
",benign, 292, 197, 2853, 2, 1750, 1083, 1, 521, 727, 0, 253, 24248, 524, 3, 91, 3217, 1116, 397, 3, 14708, 7204, 8155, 0, 0, 34, 1835, 2015, 2891, 91, 0, 0, 17, 22, 132, 2, 24671, 16480, 19768, 1, 0, 0, 316
1579,0x1359e8,5, 1058930,"  102870:	e50b301c 	str	r3, [fp, #-28]	; 0xffffffe4
",benign, 285, 199, 2877, 2, 1771, 1086, 1, 519, 725, 0, 238, 24253, 521, 3, 94, 2935, 1204, 415, 3, 14051, 6445, 8206, 0, 0, 33, 1846, 2032, 2912, 91, 0, 0, 17, 34, 132, 2, 24952, 16648, 20081, 1, 0, 0, 316
1580,0x10c5b8,28, 1050166,"  100634:	e3083034 	movw	r3, #32820	; 0x8034
",benign, 386, 198, 2888, 5, 1782, 1089, 1, 522, 728, 0, 246, 25165, 524, 3, 91, 3348, 1185, 406, 3, 14975, 7501, 8314, 0, 0, 33, 1845, 2085, 2927, 91, 0, 0, 17, 21, 124, 5, 25804, 17330, 20731, 3, 0, 0, 316
1581,0x1055ec,10, 1051993,"  100d58:	e51b3020 	ldr	r3, [fp, #-32]	; 0xffffffe0
",benign, 291, 197, 2850, 2, 1750, 1081, 1, 521, 727, 0, 253, 24205, 524, 3, 92, 2792, 1137, 411, 3, 14300, 6652, 8140, 0, 0, 34, 1840, 2017, 2888, 91, 0, 0, 17, 21, 132, 2, 24667, 16361, 19620, 1, 0, 0, 316
1582,0x12eefc,24, 1057709,"  1023ac:	e51b1014 	ldr	r1, [fp, #-20]	; 0xffffffec
",benign, 286, 198, 2868, 2, 1777, 1081, 1, 521, 728, 0, 244, 24368, 524, 3, 94, 3177, 1319, 415, 3, 14153, 6373, 8216, 0, 0, 33, 1861, 2036, 2909, 93, 0, 0, 18, 33, 134, 2, 24439, 16406, 19719, 1, 0, 0, 316
1583,0x121a3c,27, 1058838,"  102814:	e1a03163 	ror	r3, r3, #2
",benign, 289, 196, 2872, 2, 1766, 1087, 1, 517, 721, 0, 238, 24011, 517, 3, 94, 3025, 1209, 415, 3, 14086, 6452, 8146, 0, 0, 33, 1850, 2028, 2915, 93, 0, 0, 17, 21, 132, 2, 24618, 16334, 19699, 1, 0, 0, 316
1584,0x11c6f4,10, 1050054,"  1005c4:	3affffe8 	bcc	10056c <init_search+0x74>
",benign, 382, 197, 2861, 6, 1773, 1082, 1, 522, 734, 0, 249, 25357, 531, 3, 90, 3075, 1276, 404, 3, 15449, 8012, 8253, 0, 0, 34, 1841, 2048, 2897, 91, 0, 0, 18, 33, 123, 6, 25589, 17397, 20762, 3, 0, 0, 316
1585,0x110c60,28, 1051261,"  100a7c:	e593300c 	ldr	r3, [r3, #12]
",benign, 285, 198, 2863, 1, 1774, 1081, 1, 521, 728, 0, 246, 23980, 524, 3, 94, 2778, 1156, 397, 3, 14444, 6537, 8184, 0, 0, 33, 1866, 2036, 2912, 93, 0, 0, 17, 42, 128, 2, 24596, 16301, 19551, 1, 0, 0, 316
1586,0x10d99c,17, 1051131,"  1009f8:	e1a03103 	lsl	r3, r3, #2
",benign, 286, 197, 2878, 2, 1776, 1083, 1, 528, 742, 0, 249, 24296, 539, 3, 92, 3174, 1165, 395, 3, 14259, 6665, 8284, 0, 0, 34, 1880, 2045, 2928, 93, 0, 0, 18, 73, 134, 2, 24621, 16443, 19746, 1, 0, 0, 316
1587,0x11ba38,17, 1054727,"  101804:	e51b3014 	ldr	r3, [fp, #-20]	; 0xffffffec
",benign, 340, 254, 2879, 2, 1768, 1081, 1, 521, 728, 0, 244, 23977, 524, 3, 94, 2787, 1273, 413, 3, 14247, 6565, 8223, 0, 0, 33, 1914, 2101, 2915, 93, 0, 0, 17, 71, 112, 2, 24792, 16317, 19576, 1, 0, 0, 316
1588,0x101f60,2, 1062287,"  10358c:	e51b3010 	ldr	r3, [fp, #-16]
",benign, 348, 255, 2851, 2, 1751, 1081, 1, 521, 727, 0, 251, 23957, 524, 3, 92, 3054, 1191, 633, 3, 13974, 6441, 8140, 0, 0, 34, 1842, 2017, 2890, 93, 0, 0, 17, 72, 112, 2, 24551, 16422, 19717, 1, 0, 0, 316
1589,0x133dbc,5, 1058342,"  102624:	e51b3018 	ldr	r3, [fp, #-24]	; 0xffffffe8
",benign, 456, 375, 2806, 1, 1715, 1077, 1, 511, 711, 0, 232, 24384, 507, 3, 94, 2727, 1234, 411, 3, 13941, 6340, 7987, 0, 0, 33, 1774, 2001, 2840, 91, 0, 0, 18, 21, 117, 2, 24515, 16176, 19477, 1, 0, 0, 316
1590,0x109ba0,13, 1060729,"  102f78:	e5832018 	str	r2, [r3, #24]
",benign, 286, 198, 2878, 2, 1771, 1080, 1, 522, 734, 0, 242, 24110, 531, 3, 92, 2983, 1300, 415, 3, 14174, 6543, 8216, 0, 0, 34, 1849, 2063, 2910, 93, 0, 0, 17, 21, 112, 2, 24536, 16506, 19815, 1, 0, 0, 316
1591,0x117038,24, 1057299,"  102210:	e50b3018 	str	r3, [fp, #-24]	; 0xffffffe8
",benign, 285, 198, 2878, 2, 1782, 1086, 1, 521, 728, 0, 247, 24602, 524, 3, 94, 3005, 1275, 397, 3, 13975, 6335, 8218, 0, 0, 33, 1862, 2033, 2917, 94, 0, 0, 17, 21, 132, 2, 24987, 16379, 19730, 1, 0, 0, 316
1592,0x106b50,13, 1061595,"  1032d8:	e5832000 	str	r2, [r3]
",benign, 284, 198, 2820, 2, 1726, 1081, 1, 511, 711, 0, 236, 24074, 507, 3, 93, 2869, 1238, 415, 3, 14225, 6674, 7973, 0, 0, 33, 1779, 2006, 2837, 92, 0, 0, 17, 41, 128, 2, 24437, 16208, 19626, 1, 0, 0, 316
1593,0x115f58,25, 1054975,"  1018fc:	e50b300c 	str	r3, [fp, #-12]
",benign, 282, 199, 2894, 1, 1782, 1088, 1, 522, 728, 0, 247, 24159, 524, 3, 92, 3019, 1217, 413, 3, 14366, 6693, 8244, 0, 0, 33, 1872, 2049, 2930, 92, 0, 0, 18, 52, 134, 2, 24700, 16373, 19652, 1, 0, 0, 316
1594,0x12c43c,0, 1059343,"  102a0c:	e30c31d6 	movw	r3, #49622	; 0xc1d6
",benign, 289, 196, 2902, 1, 1802, 1086, 1, 527, 741, 0, 253, 24308, 538, 3, 93, 2805, 1397, 413, 3, 14406, 6539, 8289, 0, 0, 34, 1887, 2058, 2930, 91, 0, 0, 18, 116, 134, 2, 24888, 16529, 19800, 1, 0, 0, 316
1595,0x12498c,21, 1061963,"  103448:	e3530001 	cmp	r3, #1
",benign, 289, 196, 2892, 2, 1789, 1082, 1, 531, 747, 0, 256, 24418, 544, 3, 93, 2874, 1410, 415, 3, 14193, 6522, 8323, 0, 0, 34, 1900, 2061, 2932, 93, 0, 0, 17, 41, 128, 2, 24810, 16611, 19881, 1, 0, 0, 316
1596,0x105224,25, 1061354,"  1031e8:	e3530a02 	cmp	r3, #8192	; 0x2000
",benign, 289, 198, 2884, 2, 1792, 1084, 1, 527, 741, 0, 255, 24209, 538, 3, 92, 3024, 1203, 474, 3, 14142, 6309, 8270, 0, 0, 34, 1933, 2118, 2929, 93, 0, 0, 18, 21, 130, 2, 24794, 16512, 19816, 1, 0, 0, 316
1597,0x120b84,9, 1052869,"  1010c4:	e51b3018 	ldr	r3, [fp, #-24]	; 0xffffffe8
",benign, 282, 199, 2865, 2, 1764, 1084, 1, 519, 726, 0, 229, 23898, 522, 3, 94, 2644, 1281, 411, 3, 14240, 6602, 8216, 0, 0, 33, 1844, 2055, 2903, 93, 0, 0, 18, 34, 134, 2, 25034, 16185, 19455, 1, 0, 0, 316
1598,0x13c564,27, 1049942,"  100554:	e51b3008 	ldr	r3, [fp, #-8]
",benign, 397, 197, 2864, 5, 1774, 1082, 1, 521, 728, 0, 248, 25016, 524, 3, 92, 3399, 1215, 399, 3, 15042, 7483, 8269, 0, 0, 33, 1858, 2040, 2912, 93, 0, 0, 17, 34, 113, 5, 25491, 16974, 20476, 3, 0, 0, 316
1599,0x112d44,27, 1054761,"  101828:	e51b300c 	ldr	r3, [fp, #-12]
",benign, 348, 256, 2873, 2, 1771, 1083, 1, 522, 734, 0, 242, 24092, 531, 3, 92, 2828, 1232, 415, 3, 14218, 6389, 8184, 0, 0, 34, 1831, 2064, 2902, 92, 0, 0, 18, 34, 132, 2, 25088, 16523, 19781, 1, 0, 0, 316
1600,0x117c4c,2, 1054712,"  1017f8:	e50b3020 	str	r3, [fp, #-32]	; 0xffffffe0
",benign, 288, 198, 2876, 2, 1775, 1081, 1, 521, 728, 0, 241, 23868, 524, 3, 95, 2991, 1232, 395, 3, 13911, 6416, 8243, 0, 0, 33, 1854, 2030, 2906, 92, 0, 0, 18, 34, 114, 2, 24516, 16375, 19648, 1, 0, 0, 316
1601,0x136d98,29, 1057202,"  1021b0:	e50b300c 	str	r3, [fp, #-12]
",benign, 285, 198, 2883, 2, 1775, 1086, 1, 519, 725, 0, 244, 24242, 521, 3, 93, 2840, 1167, 398, 3, 13906, 6459, 8211, 0, 0, 33, 1868, 2043, 2930, 93, 0, 0, 18, 72, 134, 2, 24690, 16485, 19758, 1, 0, 0, 316
1602,0x116254,7, 1056804,"  102024:	e51b3010 	ldr	r3, [fp, #-16]
",benign, 289, 196, 2898, 2, 1792, 1083, 1, 531, 747, 0, 245, 24010, 544, 3, 93, 3176, 1119, 398, 3, 14021, 6354, 8313, 0, 0, 34, 1892, 2048, 2931, 91, 0, 0, 17, 72, 132, 2, 24765, 16646, 19957, 1, 0, 0, 316
1603,0x1275a8,9, 1053010,"  101150:	e0822003 	add	r2, r2, r3
",benign, 288, 198, 2871, 2, 1779, 1086, 1, 519, 725, 0, 241, 24164, 521, 3, 93, 2831, 1159, 395, 3, 13953, 6339, 8158, 0, 0, 33, 1911, 2085, 2910, 91, 0, 0, 18, 34, 134, 2, 24759, 16313, 19704, 1, 0, 0, 316
1604,0x123708,2, 1055075,"  101960:	e50b3010 	str	r3, [fp, #-16]
",benign, 287, 198, 2879, 2, 1771, 1081, 1, 521, 728, 0, 256, 24157, 524, 3, 94, 2667, 1277, 473, 3, 14216, 6526, 8254, 0, 0, 33, 1851, 2030, 2914, 93, 0, 0, 17, 21, 115, 2, 24525, 16323, 19628, 1, 0, 0, 316
1605,0x139114,6, 1051091,"  1009d0:	e513215c 	ldr	r2, [r3, #-348]	; 0xfffffea4
",benign, 288, 198, 2878, 2, 1777, 1085, 1, 519, 725, 0, 244, 24077, 521, 3, 94, 2886, 1428, 397, 3, 14071, 6276, 8215, 0, 0, 33, 1854, 2035, 2920, 94, 0, 0, 18, 21, 131, 2, 25001, 16399, 19693, 1, 0, 0, 374
1606,0x13cc3c,3, 1053645,"  1013cc:	e51b3014 	ldr	r3, [fp, #-20]	; 0xffffffec
",benign, 290, 197, 2844, 1, 1747, 1081, 1, 521, 727, 0, 250, 24260, 524, 3, 92, 2998, 1284, 415, 3, 14240, 6705, 8146, 0, 0, 34, 1837, 2020, 2891, 91, 0, 0, 17, 21, 112, 2, 24918, 16309, 19556, 1, 0, 0, 316
1607,0x107b24,3, 1056256,"  101e00:	e0822003 	add	r2, r2, r3
",benign, 287, 196, 2904, 2, 1795, 1083, 1, 531, 747, 0, 250, 24419, 544, 3, 92, 3068, 1091, 397, 3, 14196, 6671, 8301, 0, 0, 34, 1899, 2062, 2939, 93, 0, 0, 17, 21, 132, 2, 24932, 16494, 19821, 1, 0, 0, 316
1608,0x1378b0,5, 1056136,"  101d88:	e51b301c 	ldr	r3, [fp, #-28]	; 0xffffffe4
",benign, 285, 196, 2871, 2, 1764, 1085, 1, 517, 721, 0, 244, 24048, 517, 3, 93, 2900, 1168, 395, 3, 14194, 6365, 8190, 0, 0, 33, 1843, 2030, 2919, 94, 0, 0, 17, 21, 132, 2, 24407, 16365, 19713, 1, 0, 0, 316
1609,0x11cc84,2, 1052578,"  100fa0:	e1a03163 	ror	r3, r3, #2
",benign, 285, 198, 2862, 1, 1765, 1083, 1, 521, 728, 0, 251, 23981, 524, 3, 95, 2723, 1480, 411, 3, 14017, 6283, 8185, 0, 0, 33, 1852, 2038, 2913, 93, 0, 0, 17, 22, 130, 2, 24987, 16385, 19701, 1, 0, 0, 316
1610,0x12a4a0,13, 1056567,"  101f34:	e50b3014 	str	r3, [fp, #-20]	; 0xffffffec
",benign, 289, 197, 2894, 2, 1800, 1086, 1, 531, 747, 0, 248, 24419, 544, 3, 92, 2895, 1410, 398, 3, 14097, 6403, 8296, 0, 0, 34, 1900, 2063, 2927, 91, 0, 0, 18, 21, 116, 2, 25001, 16483, 19775, 1, 0, 0, 316
1611,0x119e1c,11, 1059139,"  102940:	e50b3020 	str	r3, [fp, #-32]	; 0xffffffe0
",benign, 344, 256, 2866, 1, 1778, 1083, 1, 521, 728, 0, 243, 23923, 524, 3, 94, 2825, 1459, 413, 3, 13940, 6323, 8215, 0, 0, 33, 1860, 2039, 2912, 94, 0, 0, 17, 41, 128, 2, 24777, 16365, 19635, 1, 0, 0, 316
1612,0x114c9c,6, 1050907,"  100918:	e51b302c 	ldr	r3, [fp, #-44]	; 0xffffffd4
",benign, 405, 257, 2880, 5, 1774, 1087, 1, 519, 725, 0, 233, 24888, 521, 3, 93, 3259, 1150, 476, 3, 15211, 7417, 8303, 0, 0, 33, 1842, 2065, 2907, 91, 0, 0, 17, 22, 116, 4, 25439, 17345, 20935, 3, 0, 0, 316
1613,0x122eb0,15, 1057025,"  102100:	e3483f1b 	movt	r3, #36635	; 0x8f1b
",benign, 292, 197, 2854, 2, 1752, 1081, 1, 521, 727, 0, 247, 23799, 524, 3, 92, 2851, 1141, 415, 3, 13914, 6551, 8157, 0, 0, 34, 1834, 2012, 2882, 91, 0, 0, 18, 21, 134, 2, 25022, 16539, 19833, 1, 0, 0, 316
1614,0x1142e0,8, 1051557,"  100ba4:	e1813003 	orr	r3, r1, r3
",benign, 347, 258, 2886, 2, 1781, 1087, 1, 522, 728, 0, 248, 24272, 524, 3, 92, 2995, 1193, 413, 3, 14198, 6640, 8256, 0, 0, 33, 1867, 2045, 2925, 93, 0, 0, 17, 21, 132, 2, 24956, 16359, 19830, 1, 0, 0, 316
1615,0x136478,5, 1058411,"  102668:	e50b3014 	str	r3, [fp, #-20]	; 0xffffffec
",benign, 285, 199, 2878, 2, 1774, 1085, 1, 519, 725, 0, 244, 24223, 521, 3, 94, 3107, 1190, 398, 3, 14385, 6545, 8192, 0, 0, 33, 1853, 2038, 2912, 91, 0, 0, 17, 21, 128, 2, 24821, 16550, 20033, 1, 0, 0, 316
1616,0x119198,21, 1058499,"  1026c0:	e50b301c 	str	r3, [fp, #-28]	; 0xffffffe4
",benign, 288, 199, 2893, 1, 1783, 1089, 1, 522, 728, 0, 243, 24123, 524, 3, 92, 3201, 1189, 398, 3, 14330, 6718, 8252, 0, 0, 33, 1866, 2037, 2925, 91, 0, 0, 17, 41, 128, 2, 24671, 16571, 19865, 1, 0, 0, 316
1617,0x126a4c,24, 1051059,"  1009b0:	e3a03010 	mov	r3, #16
",benign, 289, 197, 2913, 1, 1802, 1083, 1, 531, 747, 0, 248, 24236, 544, 3, 93, 3107, 1200, 397, 3, 14159, 6331, 8316, 0, 0, 34, 1887, 2071, 2942, 93, 0, 0, 18, 72, 130, 2, 24773, 16702, 19963, 1, 0, 0, 316
1618,0x108ed8,19, 1055693,"  101bcc:	e50b301c 	str	r3, [fp, #-28]	; 0xffffffe4
",benign, 284, 199, 2907, 2, 1795, 1094, 1, 522, 728, 0, 252, 24140, 524, 3, 93, 3180, 1156, 397, 3, 14185, 6319, 8271, 0, 0, 33, 1864, 2042, 2926, 91, 0, 0, 17, 34, 132, 2, 24719, 16731, 20039, 1, 0, 0, 316
1619,0x113034,15, 1058003,"  1024d0:	e0822003 	add	r2, r2, r3
",benign, 290, 196, 2895, 2, 1790, 1084, 1, 531, 747, 0, 247, 23890, 544, 3, 93, 3174, 1257, 395, 3, 14250, 6655, 8322, 0, 0, 34, 1962, 2118, 2939, 93, 0, 0, 17, 42, 128, 2, 25055, 16386, 19677, 1, 0, 0, 316
1620,0x115bb4,12, 1053427,"  1012f0:	e51b300c 	ldr	r3, [fp, #-12]
",benign, 291, 197, 2844, 1, 1746, 1082, 1, 521, 727, 0, 255, 24272, 524, 3, 92, 2890, 1173, 411, 3, 14092, 6596, 8142, 0, 0, 34, 1835, 2009, 2905, 91, 0, 0, 17, 21, 130, 2, 25258, 16377, 19696, 1, 0, 0, 316
1621,0x11be6c,12, 1062132,"  1034f4:	e51b3008 	ldr	r3, [fp, #-8]
",benign, 283, 199, 2813, 2, 1721, 1078, 1, 511, 711, 0, 233, 23992, 507, 3, 93, 3054, 1172, 398, 3, 14289, 6531, 7998, 0, 0, 33, 1825, 2054, 2844, 93, 0, 0, 17, 22, 130, 2, 24660, 16089, 19359, 1, 0, 0, 316
1622,0x12bc54,0, 1050196,"  100654:	e3403012 	movt	r3, #18
",benign, 319, 198, 2890, 5, 1784, 1083, 1, 528, 742, 0, 257, 24821, 539, 3, 91, 3410, 1275, 395, 3, 14327, 6641, 8286, 0, 0, 34, 1886, 2087, 2920, 91, 0, 0, 17, 21, 123, 5, 24962, 16633, 20025, 3, 0, 0, 316
1623,0x13df6c,18, 1052771,"  101060:	e0822003 	add	r2, r2, r3
",benign, 287, 199, 2890, 2, 1782, 1087, 1, 522, 728, 0, 243, 24308, 524, 3, 92, 2855, 1479, 415, 3, 14147, 6244, 8229, 0, 0, 33, 1865, 2056, 2927, 93, 0, 0, 17, 72, 130, 2, 24840, 16569, 19860, 1, 0, 0, 316
1624,0x129868,12, 1057282,"  102200:	e50b3020 	str	r3, [fp, #-32]	; 0xffffffe0
",benign, 284, 198, 2881, 2, 1780, 1083, 1, 519, 726, 0, 228, 24135, 522, 3, 94, 2947, 1327, 415, 3, 14019, 6240, 8187, 0, 0, 33, 1879, 2109, 2892, 92, 0, 0, 17, 21, 112, 2, 24635, 16358, 19637, 1, 0, 0, 372
1625,0x100274,10, 1052933,"  101104:	e51b3010 	ldr	r3, [fp, #-16]
",benign, 289, 198, 2880, 2, 1783, 1086, 1, 519, 725, 0, 238, 24090, 521, 3, 94, 2824, 1405, 413, 3, 13968, 6300, 8203, 0, 0, 33, 1856, 2016, 2922, 93, 0, 0, 18, 34, 134, 2, 24794, 16665, 19937, 1, 0, 0, 316
1626,0x112d54,24, 1061119,"  1030fc:	e1a02003 	mov	r2, r3
",benign, 288, 196, 2890, 2, 1787, 1083, 1, 531, 747, 0, 247, 24215, 544, 3, 93, 2848, 1541, 415, 3, 14193, 6422, 8343, 0, 0, 34, 1891, 2071, 2940, 93, 0, 0, 17, 33, 128, 2, 24892, 16361, 19662, 1, 0, 0, 316
1627,0x12f7c4,30, 1050765,"  10088c:	e24b2fbb 	sub	r2, fp, #748	; 0x2ec
",benign, 376, 196, 2856, 7, 1755, 1081, 1, 521, 727, 0, 243, 24848, 524, 3, 92, 3252, 1077, 418, 3, 15046, 7734, 8231, 0, 0, 34, 1809, 2051, 2889, 91, 0, 0, 18, 75, 117, 6, 25540, 17144, 20703, 4, 0, 0, 316
1628,0x116998,10, 1050544,"  1007b0:	e1a03103 	lsl	r3, r3, #2
",benign, 329, 197, 2858, 5, 1759, 1080, 1, 521, 727, 0, 251, 24409, 524, 3, 91, 3328, 1072, 404, 3, 14597, 7181, 8138, 0, 0, 34, 1832, 2043, 2890, 93, 0, 0, 17, 22, 123, 4, 24964, 16477, 19815, 3, 0, 0, 316
1629,0x120b84,6, 1054386,"  1016b0:	e0823003 	add	r3, r2, r3
",benign, 289, 199, 2888, 2, 1782, 1080, 1, 527, 741, 0, 250, 24310, 538, 3, 93, 2881, 1245, 415, 3, 14163, 6603, 8251, 0, 0, 34, 1880, 2058, 2917, 91, 0, 0, 17, 33, 130, 2, 25067, 16428, 19765, 1, 0, 0, 316
1630,0x11ee6c,27, 1060504,"  102e98:	e51b3168 	ldr	r3, [fp, #-360]	; 0xfffffe98
",benign, 463, 373, 2863, 2, 1762, 1085, 1, 517, 721, 0, 249, 24051, 517, 3, 93, 2986, 1188, 473, 3, 14619, 6975, 8175, 0, 0, 33, 1846, 2034, 2912, 92, 0, 0, 17, 22, 129, 2, 24509, 16234, 19543, 1, 0, 0, 316
1631,0x11eda8,12, 1050189,"  10064c:	1a000016 	bne	1006ac <strsearch+0xc8>
",benign, 396, 196, 2851, 5, 1750, 1081, 1, 521, 727, 0, 247, 24912, 524, 3, 91, 3403, 1013, 406, 3, 15283, 7887, 8247, 0, 0, 34, 1898, 2100, 2880, 91, 0, 0, 17, 33, 121, 2, 25619, 17426, 21103, 3, 0, 0, 316
1632,0x10911c,2, 1058826,"  102808:	e51b3014 	ldr	r3, [fp, #-20]	; 0xffffffec
",benign, 285, 198, 2883, 2, 1774, 1086, 1, 519, 725, 0, 245, 24071, 521, 3, 94, 3034, 1217, 415, 3, 14068, 6441, 8186, 0, 0, 33, 1847, 2033, 2910, 91, 0, 0, 17, 21, 115, 2, 24637, 16355, 19806, 1, 0, 0, 316
1633,0x131cc4,22, 1058983,"  1028a4:	e51b3014 	ldr	r3, [fp, #-20]	; 0xffffffec
",benign, 288, 197, 2890, 2, 1798, 1084, 1, 531, 747, 0, 246, 24186, 544, 3, 93, 3082, 1137, 415, 3, 14190, 6551, 8339, 0, 0, 34, 1886, 2064, 2928, 91, 0, 0, 17, 41, 132, 2, 24849, 16497, 20001, 1, 0, 0, 316
1634,0x11f014,27, 1057477,"  1022c4:	e0011003 	and	r1, r1, r3
",benign, 343, 256, 2877, 2, 1770, 1082, 1, 521, 728, 0, 246, 23890, 524, 3, 94, 2861, 1164, 413, 3, 14349, 6475, 8181, 0, 0, 33, 1864, 2046, 2918, 95, 0, 0, 18, 22, 132, 2, 24680, 16318, 19658, 1, 0, 0, 316
1635,0x108f14,22, 1059568,"  102af0:	e50b3020 	str	r3, [fp, #-32]	; 0xffffffe0
",benign, 286, 199, 2877, 2, 1770, 1084, 1, 519, 725, 0, 242, 24288, 521, 3, 93, 2981, 1220, 415, 3, 14265, 6572, 8191, 0, 0, 33, 1852, 2022, 2920, 93, 0, 0, 17, 21, 129, 2, 24618, 16406, 19697, 1, 0, 0, 316
1636,0x12bfac,28, 1053159,"  1011e4:	e51b3018 	ldr	r3, [fp, #-24]	; 0xffffffe8
",benign, 288, 198, 2871, 2, 1767, 1082, 1, 521, 728, 0, 252, 24377, 524, 3, 94, 2879, 1247, 395, 3, 14217, 6537, 8211, 0, 0, 33, 1850, 2021, 2909, 91, 0, 0, 17, 41, 130, 2, 24741, 16400, 19875, 1, 0, 0, 316
1637,0x129274,19, 1056979,"  1020d0:	e51b3010 	ldr	r3, [fp, #-16]
",benign, 292, 197, 2887, 2, 1781, 1083, 1, 528, 742, 0, 248, 24224, 539, 3, 92, 2892, 1253, 413, 3, 14110, 6511, 8288, 0, 0, 34, 1886, 2048, 2914, 91, 0, 0, 17, 34, 129, 2, 24737, 16274, 19603, 1, 0, 0, 316
1638,0x1392f0,25, 1051239,"  100a64:	e5933004 	ldr	r3, [r3, #4]
",benign, 284, 198, 2959, 2, 1836, 1099, 1, 528, 735, 0, 243, 24217, 531, 3, 90, 3068, 1185, 412, 3, 14295, 6609, 8418, 0, 0, 33, 1908, 2092, 2985, 91, 0, 0, 17, 22, 132, 2, 24885, 16555, 19819, 1, 0, 0, 316
1639,0x108288,20, 1056282,"  101e18:	e3483f1b 	movt	r3, #36635	; 0x8f1b
",benign, 288, 196, 2875, 2, 1777, 1086, 1, 517, 721, 0, 241, 24058, 517, 3, 93, 2967, 1114, 398, 3, 14238, 6511, 8171, 0, 0, 33, 1844, 2032, 2903, 92, 0, 0, 17, 22, 115, 2, 24618, 16321, 19618, 1, 0, 0, 374
1640,0x1214dc,3, 1052318,"  100e9c:	e51b3018 	ldr	r3, [fp, #-24]	; 0xffffffe8
",benign, 285, 198, 2876, 2, 1779, 1086, 1, 519, 725, 0, 245, 24389, 521, 3, 94, 2672, 1412, 415, 3, 14217, 6414, 8170, 0, 0, 33, 1855, 2038, 2911, 92, 0, 0, 17, 21, 115, 2, 24808, 16488, 19835, 1, 0, 0, 316
1641,0x11a09c,19, 1051167,"  100a1c:	e083300b 	add	r3, r3, fp
",benign, 285, 197, 2874, 2, 1767, 1087, 1, 517, 721, 0, 248, 24134, 517, 3, 93, 2938, 1385, 415, 3, 14079, 6298, 8159, 0, 0, 33, 1851, 2025, 2902, 91, 0, 0, 17, 21, 115, 2, 24455, 16412, 19706, 1, 0, 0, 316
1642,0x101020,12, 1052278,"  100e74:	e1813003 	orr	r3, r1, r3
",benign, 288, 198, 2894, 2, 1794, 1083, 1, 528, 742, 0, 252, 24266, 539, 3, 92, 2979, 1229, 413, 3, 14585, 6859, 8262, 0, 0, 34, 1882, 2054, 2926, 93, 0, 0, 17, 21, 128, 2, 24996, 16358, 19643, 1, 0, 0, 316
1643,0x11365c,24, 1052352,"  100ec0:	e51b3020 	ldr	r3, [fp, #-32]	; 0xffffffe0
",benign, 344, 257, 2941, 1, 1820, 1093, 1, 524, 728, 0, 249, 24436, 524, 3, 94, 2594, 1482, 467, 3, 14284, 6362, 8311, 0, 0, 33, 1885, 2056, 2963, 91, 0, 0, 17, 42, 132, 2, 24807, 16472, 19809, 1, 0, 0, 316
1644,0x12d6e4,11, 1060203,"  102d68:	e0822003 	add	r2, r2, r3
",benign, 287, 198, 2884, 2, 1787, 1086, 1, 519, 725, 0, 240, 24362, 521, 3, 93, 2916, 1206, 411, 3, 14225, 6349, 8154, 0, 0, 33, 1851, 2037, 2913, 91, 0, 0, 18, 34, 114, 2, 24612, 16520, 20046, 1, 0, 0, 316
1645,0x128228,1, 1051542,"  100b94:	e51b3010 	ldr	r3, [fp, #-16]
",benign, 347, 257, 2884, 2, 1780, 1082, 1, 527, 741, 0, 251, 24131, 538, 3, 93, 3099, 1323, 415, 3, 14130, 6492, 8247, 0, 0, 34, 1873, 2052, 2918, 91, 0, 0, 17, 34, 112, 2, 24763, 16632, 19983, 1, 0, 0, 316
1646,0x127774,14, 1055582,"  101b5c:	e51b3018 	ldr	r3, [fp, #-24]	; 0xffffffe8
",benign, 345, 257, 2962, 2, 1834, 1101, 1, 528, 735, 0, 242, 24500, 531, 3, 90, 3034, 1146, 398, 3, 14246, 6607, 8385, 0, 0, 33, 1916, 2083, 2992, 93, 0, 0, 17, 22, 132, 2, 24930, 16672, 20098, 1, 0, 0, 316
1647,0x120124,9, 1054135,"  1015b4:	e51b3018 	ldr	r3, [fp, #-24]	; 0xffffffe8
",benign, 287, 199, 2869, 1, 1765, 1084, 1, 520, 725, 0, 243, 23999, 521, 3, 96, 3033, 1183, 415, 3, 14078, 6473, 8195, 0, 0, 33, 1854, 2030, 2911, 93, 0, 0, 17, 21, 115, 2, 24846, 16185, 19481, 1, 0, 0, 316
1648,0x11c07c,30, 1051752,"  100c68:	e51b3020 	ldr	r3, [fp, #-32]	; 0xffffffe0
",benign, 285, 198, 2885, 1, 1775, 1086, 1, 519, 725, 0, 240, 24164, 521, 3, 93, 2906, 1323, 412, 3, 14111, 6480, 8207, 0, 0, 33, 1846, 2038, 2911, 91, 0, 0, 18, 21, 117, 2, 24977, 16422, 19723, 1, 0, 0, 316
1649,0x12701c,13, 1057851,"  102438:	e0011003 	and	r1, r1, r3
",benign, 289, 197, 2887, 1, 1790, 1087, 1, 528, 742, 0, 259, 24198, 539, 3, 92, 2852, 1190, 415, 3, 14185, 6519, 8278, 0, 0, 34, 1881, 2045, 2912, 91, 0, 0, 18, 22, 134, 2, 24737, 16639, 19926, 1, 0, 0, 316
1650,0x10c738,30, 1055155,"  1019b0:	e50b301c 	str	r3, [fp, #-28]	; 0xffffffe4
",benign, 293, 197, 2847, 2, 1759, 1082, 1, 521, 727, 0, 247, 24232, 524, 3, 92, 2648, 1366, 415, 3, 14065, 6643, 8138, 0, 0, 34, 1838, 2023, 2894, 91, 0, 0, 18, 34, 117, 2, 24801, 16342, 19629, 1, 0, 0, 316
1651,0x137a00,20, 1058440,"  102688:	e51b3014 	ldr	r3, [fp, #-20]	; 0xffffffec
",benign, 286, 198, 2930, 2, 1811, 1095, 1, 524, 728, 0, 243, 24282, 524, 3, 94, 3106, 1204, 395, 3, 14252, 6570, 8326, 0, 0, 33, 1878, 2070, 2963, 91, 0, 0, 18, 36, 134, 2, 24812, 16605, 19946, 1, 0, 0, 316
1652,0x128a0c,24, 1060546,"  102ec0:	e51b3168 	ldr	r3, [fp, #-360]	; 0xfffffe98
",benign, 283, 198, 2960, 2, 1843, 1101, 1, 528, 735, 0, 246, 24180, 531, 3, 90, 2842, 1415, 411, 3, 14321, 6607, 8361, 0, 0, 33, 1902, 2093, 2989, 91, 0, 0, 18, 22, 134, 2, 24969, 17032, 20352, 1, 0, 0, 316
1653,0x1171fc,6, 1059330,"  102a00:	e0822003 	add	r2, r2, r3
",benign, 287, 198, 2877, 1, 1774, 1082, 1, 528, 742, 0, 249, 24415, 539, 3, 92, 3167, 1184, 415, 3, 14337, 6727, 8285, 0, 0, 34, 1896, 2061, 2925, 92, 0, 0, 17, 22, 130, 2, 25041, 16494, 20021, 1, 0, 0, 374
1654,0x12c508,4, 1057834,"  102428:	e51b1014 	ldr	r1, [fp, #-20]	; 0xffffffec
",benign, 289, 198, 2891, 2, 1785, 1084, 1, 528, 742, 0, 247, 24305, 539, 3, 92, 3170, 1132, 397, 3, 14365, 6394, 8266, 0, 0, 34, 1881, 2051, 2918, 91, 0, 0, 18, 33, 130, 2, 24907, 16490, 19769, 1, 0, 0, 316
1655,0x1134e4,0, 1056637,"  101f7c:	e0822003 	add	r2, r2, r3
",benign, 287, 198, 2909, 2, 1808, 1086, 1, 527, 741, 0, 258, 24131, 538, 3, 92, 2849, 1181, 397, 3, 14188, 6504, 8295, 0, 0, 34, 1881, 2063, 2927, 93, 0, 0, 17, 22, 132, 2, 24864, 16583, 19923, 1, 0, 0, 316
1656,0x10d2a0,0, 1057401,"  102278:	e0823003 	add	r3, r2, r3
",benign, 347, 256, 2878, 2, 1772, 1087, 1, 519, 725, 0, 244, 23952, 521, 3, 94, 2867, 1417, 415, 3, 14097, 6244, 8183, 0, 0, 33, 1856, 2035, 2923, 93, 0, 0, 17, 22, 128, 2, 24633, 16435, 19747, 1, 0, 0, 316
1657,0x11d60c,29, 1059817,"  102be8:	e51b300c 	ldr	r3, [fp, #-12]
",benign, 288, 197, 2871, 1, 1772, 1087, 1, 522, 734, 0, 234, 24033, 531, 3, 93, 2669, 1452, 453, 3, 14259, 6663, 8204, 0, 0, 34, 1839, 2049, 2898, 91, 0, 0, 18, 21, 130, 2, 24591, 16351, 19789, 1, 0, 0, 316
1658,0x13bc1c,6, 1058643,"  102750:	e50b300c 	str	r3, [fp, #-12]
",benign, 287, 197, 2878, 2, 1776, 1084, 1, 528, 742, 0, 245, 24332, 539, 3, 92, 2935, 1137, 395, 3, 13850, 6238, 8263, 0, 0, 34, 1881, 2059, 2927, 94, 0, 0, 18, 21, 134, 2, 24853, 16532, 19857, 1, 0, 0, 316
1659,0x12e8e8,12, 1054582,"  101774:	e0822003 	add	r2, r2, r3
",benign, 285, 198, 2874, 1, 1769, 1086, 1, 519, 725, 0, 243, 24181, 521, 3, 94, 2774, 1301, 415, 3, 14037, 6482, 8202, 0, 0, 33, 1852, 2027, 2909, 91, 0, 0, 17, 21, 132, 2, 24701, 16475, 19742, 1, 0, 0, 316
1660,0x10e8a4,7, 1060670,"  102f3c:	e34938ba 	movt	r3, #39098	; 0x98ba
",benign, 342, 256, 2871, 2, 1764, 1086, 1, 517, 721, 0, 260, 24204, 517, 3, 92, 3001, 1190, 411, 3, 13981, 6340, 8156, 0, 0, 33, 1844, 2033, 2914, 93, 0, 0, 17, 21, 130, 2, 24500, 16557, 19965, 1, 0, 0, 316
1661,0x129188,0, 1057792,"  102400:	e50b3018 	str	r3, [fp, #-24]	; 0xffffffe8
",benign, 288, 199, 2929, 1, 1816, 1095, 1, 524, 728, 0, 243, 24522, 524, 3, 94, 2849, 1164, 415, 3, 14243, 6480, 8316, 0, 0, 33, 1946, 2119, 2956, 91, 0, 0, 17, 22, 130, 2, 24735, 16518, 19818, 1, 0, 0, 316
1662,0x11fca0,26, 1058277,"  1025e4:	e51b3018 	ldr	r3, [fp, #-24]	; 0xffffffe8
",benign, 285, 198, 2953, 2, 1842, 1101, 1, 528, 735, 0, 245, 24313, 531, 3, 90, 2675, 1399, 411, 3, 14160, 6335, 8384, 0, 0, 33, 1902, 2084, 2983, 91, 0, 0, 17, 22, 132, 2, 25038, 16623, 19917, 1, 0, 0, 316
1663,0x127374,18, 1056883,"  102070:	e51b301c 	ldr	r3, [fp, #-28]	; 0xffffffe4
",benign, 286, 197, 2869, 2, 1767, 1081, 1, 521, 728, 0, 248, 23904, 524, 3, 95, 2788, 1311, 411, 3, 14019, 6304, 8206, 0, 0, 33, 1848, 2034, 2914, 93, 0, 0, 17, 21, 112, 2, 24613, 16249, 19524, 1, 0, 0, 316
1664,0x11c0c0,7, 1055669,"  101bb4:	e0822003 	add	r2, r2, r3
",benign, 283, 199, 2871, 2, 1767, 1082, 1, 520, 725, 0, 240, 24350, 521, 3, 96, 3161, 1216, 395, 3, 14125, 6472, 8188, 0, 0, 33, 1856, 2030, 2911, 93, 0, 0, 18, 22, 134, 2, 24683, 16291, 19579, 1, 0, 0, 316
1665,0x10c1e0,17, 1052747,"  101048:	e1e00003 	mvn	r0, r3
",benign, 289, 197, 2873, 2, 1766, 1086, 1, 517, 721, 0, 242, 24385, 517, 3, 93, 2981, 1170, 415, 3, 13903, 6398, 8169, 0, 0, 33, 1844, 2026, 2920, 93, 0, 0, 18, 42, 131, 2, 24848, 16525, 19993, 1, 0, 0, 316
1666,0x11aecc,9, 1050873,"  1008f8:	0a000001 	beq	100904 <search_wrap+0x23c>
",benign, 369, 198, 2972, 6, 1841, 1096, 1, 528, 735, 0, 239, 24987, 531, 3, 90, 3457, 1185, 417, 3, 15087, 7094, 8457, 0, 0, 33, 1898, 2096, 2986, 91, 0, 0, 17, 21, 134, 4, 25389, 17144, 20574, 3, 0, 0, 316
1667,0x11ded4,20, 1052057,"  100d98:	e0822003 	add	r2, r2, r3
",benign, 285, 198, 2888, 2, 1780, 1084, 1, 528, 742, 0, 245, 24207, 539, 3, 91, 3134, 1179, 415, 3, 14285, 6653, 8286, 0, 0, 34, 1888, 2062, 2928, 95, 0, 0, 18, 22, 114, 2, 24798, 16596, 19890, 1, 0, 0, 316
1668,0x120c54,26, 1061385,"  103208:	e0821003 	add	r1, r2, r3
",benign, 290, 196, 2889, 2, 1788, 1083, 1, 531, 747, 0, 252, 24249, 544, 3, 92, 2910, 1523, 415, 3, 14445, 6727, 8316, 0, 0, 34, 1888, 2055, 2931, 91, 0, 0, 18, 21, 114, 2, 24651, 16439, 19791, 1, 0, 0, 316
1669,0x1100d8,21, 1051100,"  1009dc:	e1a03103 	lsl	r3, r3, #2
",benign, 287, 196, 2867, 2, 1772, 1085, 1, 517, 721, 0, 247, 24048, 517, 3, 94, 2967, 1082, 395, 3, 13953, 6447, 8186, 0, 0, 33, 1848, 2030, 2906, 93, 0, 0, 17, 243, 132, 2, 25113, 16473, 19785, 1, 0, 0, 316
1670,0x11d154,31, 1061729,"  103360:	e2822010 	add	r2, r2, #16
",benign, 287, 197, 2882, 1, 1769, 1087, 1, 517, 721, 0, 240, 24036, 517, 3, 93, 2871, 1191, 415, 3, 14038, 6526, 8156, 0, 0, 33, 1842, 2031, 2911, 93, 0, 0, 17, 45, 132, 2, 24791, 16297, 19601, 1, 0, 0, 374
1671,0x10610c,15, 1059650,"  102b40:	e51b301c 	ldr	r3, [fp, #-28]	; 0xffffffe4
",benign, 287, 199, 2863, 2, 1761, 1084, 1, 520, 724, 0, 251, 24186, 520, 3, 94, 2812, 1422, 472, 3, 14125, 6313, 8166, 0, 0, 33, 1848, 2026, 2901, 93, 0, 0, 17, 52, 129, 2, 24800, 16258, 19586, 1, 0, 0, 316
1672,0x11a1d0,6, 1059047,"  1028e4:	e50b3018 	str	r3, [fp, #-24]	; 0xffffffe8
",benign, 281, 198, 2957, 2, 1833, 1100, 1, 528, 735, 0, 247, 24241, 531, 3, 90, 2861, 1395, 412, 3, 14191, 6559, 8371, 0, 0, 33, 1918, 2093, 2997, 93, 0, 0, 18, 34, 134, 2, 25079, 16826, 20085, 1, 0, 0, 316
1673,0x1108a4,23, 1056224,"  101de0:	e51b3018 	ldr	r3, [fp, #-24]	; 0xffffffe8
",benign, 288, 198, 2877, 2, 1774, 1084, 1, 520, 725, 0, 242, 24341, 521, 3, 95, 2947, 1192, 413, 3, 14070, 6274, 8161, 0, 0, 33, 1846, 2019, 2905, 91, 0, 0, 17, 22, 132, 2, 24726, 16458, 19743, 1, 0, 0, 316
1674,0x108278,11, 1061752,"  103378:	e51b200c 	ldr	r2, [fp, #-12]
",benign, 287, 198, 2869, 1, 1765, 1081, 1, 521, 728, 0, 247, 23984, 524, 3, 94, 2729, 1279, 415, 3, 14165, 6563, 8206, 0, 0, 33, 1868, 2022, 2924, 93, 0, 0, 17, 21, 132, 2, 24720, 16236, 19491, 1, 0, 0, 316
1675,0x10964c,29, 1050275,"  1006a0:	e51b3014 	ldr	r3, [fp, #-20]	; 0xffffffec
",benign, 284, 198, 2878, 2, 1779, 1083, 1, 520, 725, 0, 248, 24301, 521, 3, 95, 2984, 1142, 415, 3, 13949, 6406, 8197, 0, 0, 33, 1863, 2023, 2915, 93, 0, 0, 17, 21, 132, 2, 24718, 16380, 19633, 1, 0, 0, 316
1676,0x12f968,24, 1053769,"  101448:	e50b3014 	str	r3, [fp, #-20]	; 0xffffffec
",benign, 285, 198, 2881, 2, 1772, 1086, 1, 519, 725, 0, 245, 24143, 521, 3, 94, 3116, 1232, 397, 3, 13899, 6349, 8207, 0, 0, 33, 1853, 2025, 2923, 93, 0, 0, 18, 34, 134, 2, 24722, 16290, 19564, 1, 0, 0, 316
1677,0x13bf94,15, 1058430,"  10267c:	e51b300c 	ldr	r3, [fp, #-12]
",benign, 283, 198, 2871, 2, 1780, 1085, 1, 519, 725, 0, 244, 24353, 521, 3, 93, 3056, 1174, 397, 3, 14137, 6588, 8190, 0, 0, 33, 1846, 2032, 2916, 93, 0, 0, 17, 42, 132, 2, 25035, 16377, 19673, 1, 0, 0, 316
1678,0x13b3f0,10, 1057022,"  1020fc:	e30b3cdc 	movw	r3, #48348	; 0xbcdc
",benign, 279, 197, 2799, 2, 1710, 1085, 1, 506, 703, 0, 228, 23809, 499, 3, 94, 2965, 1245, 415, 3, 13864, 6315, 7937, 0, 0, 33, 1778, 1977, 2827, 92, 0, 0, 17, 42, 132, 2, 24271, 16115, 19421, 1, 0, 0, 372
1679,0x139590,17, 1060387,"  102e20:	e51b3014 	ldr	r3, [fp, #-20]	; 0xffffffec
",benign, 285, 197, 2879, 1, 1780, 1085, 1, 517, 721, 0, 250, 23999, 517, 3, 94, 2905, 1381, 413, 3, 14053, 6534, 8160, 0, 0, 33, 1908, 2082, 2912, 94, 0, 0, 17, 71, 112, 2, 24623, 16324, 19639, 1, 0, 0, 316
1680,0x114b6c,14, 1060006,"  102ca4:	e51b3018 	ldr	r3, [fp, #-24]	; 0xffffffe8
",benign, 287, 199, 2945, 1, 1812, 1096, 1, 524, 728, 0, 241, 24070, 524, 3, 94, 2878, 1210, 398, 3, 14658, 6579, 8342, 0, 0, 33, 1890, 2056, 2952, 92, 0, 0, 17, 22, 129, 2, 24792, 16433, 19742, 1, 0, 0, 316
1681,0x129354,9, 1059866,"  102c18:	e51b301c 	ldr	r3, [fp, #-28]	; 0xffffffe4
",benign, 287, 197, 2954, 1, 1831, 1099, 1, 528, 735, 0, 253, 24473, 531, 3, 90, 2799, 1300, 415, 3, 14406, 6253, 8395, 0, 0, 33, 1911, 2079, 2996, 93, 0, 0, 18, 71, 134, 2, 24976, 16620, 19978, 1, 0, 0, 375
1682,0x132038,18, 1061619,"  1032f0:	e51b3018 	ldr	r3, [fp, #-24]	; 0xffffffe8
",benign, 288, 199, 2872, 2, 1767, 1084, 1, 520, 725, 0, 242, 24163, 521, 3, 95, 2915, 1202, 395, 3, 14063, 6462, 8193, 0, 0, 33, 1850, 2034, 2908, 93, 0, 0, 17, 21, 132, 2, 24690, 16390, 19658, 1, 0, 0, 316
1683,0x1104e8,21, 1049938,"  100550:	e50b3008 	str	r3, [fp, #-8]
",benign, 393, 197, 2877, 6, 1777, 1084, 1, 527, 741, 0, 252, 24950, 538, 3, 93, 3358, 1141, 406, 3, 15283, 7664, 8354, 0, 0, 34, 1887, 2061, 2930, 94, 0, 0, 18, 34, 117, 5, 25676, 17403, 20762, 3, 0, 0, 316
1684,0x1137e8,29, 1051072,"  1009c0:	e2433003 	sub	r3, r3, #3
",benign, 294, 198, 2873, 2, 1784, 1088, 1, 522, 734, 0, 235, 24341, 531, 3, 92, 2757, 1251, 415, 3, 14229, 6613, 8202, 0, 0, 34, 1845, 2051, 2899, 92, 0, 0, 17, 33, 128, 2, 24745, 16472, 19776, 1, 0, 0, 316
1685,0x11c0b4,8, 1050476,"  10076c:	e50b3008 	str	r3, [fp, #-8]
",benign, 343, 256, 2882, 2, 1779, 1081, 1, 527, 741, 0, 256, 24171, 538, 3, 93, 3054, 1150, 398, 3, 14148, 6537, 8273, 0, 0, 34, 1882, 2052, 2928, 93, 0, 0, 17, 33, 132, 2, 25052, 16620, 19941, 1, 0, 0, 316
1686,0x110c58,17, 1061836,"  1033cc:	e3a03121 	mov	r3, #1073741832	; 0x40000008
",benign, 288, 198, 2953, 1, 1831, 1100, 1, 528, 735, 0, 247, 24401, 531, 3, 90, 3027, 1077, 398, 3, 14062, 6378, 8403, 0, 0, 33, 1902, 2086, 2999, 93, 0, 0, 18, 37, 134, 2, 24972, 16715, 20004, 1, 0, 0, 316
1687,0x109f04,10, 1056304,"  101e30:	e50b3018 	str	r3, [fp, #-24]	; 0xffffffe8
",benign, 342, 258, 2862, 2, 1764, 1085, 1, 520, 725, 0, 247, 24157, 521, 3, 94, 2763, 1092, 398, 3, 14177, 6282, 8199, 0, 0, 33, 1852, 2040, 2901, 91, 0, 0, 18, 52, 132, 2, 24813, 16444, 19685, 1, 0, 0, 316
1688,0x10a124,7, 1060800,"  102fc0:	e1520003 	cmp	r2, r3
",benign, 291, 198, 2884, 2, 1786, 1084, 1, 528, 742, 0, 251, 24356, 539, 3, 92, 2919, 1442, 395, 3, 14300, 6774, 8264, 0, 0, 34, 1889, 2050, 2927, 95, 0, 0, 17, 34, 115, 2, 24956, 16512, 19794, 1, 0, 0, 316
1689,0x1068b8,10, 1056816,"  102030:	e51b300c 	ldr	r3, [fp, #-12]
",benign, 291, 197, 2884, 1, 1779, 1081, 1, 528, 742, 0, 254, 24616, 539, 3, 92, 2783, 1249, 415, 3, 14134, 6264, 8289, 0, 0, 34, 1889, 2056, 2923, 93, 0, 0, 18, 22, 134, 2, 24747, 16538, 19815, 1, 0, 0, 316
1690,0x11d40c,0, 1061601,"  1032e0:	e5932004 	ldr	r2, [r3, #4]
",benign, 289, 198, 2876, 2, 1769, 1079, 1, 521, 728, 0, 244, 24087, 524, 3, 94, 2860, 1504, 415, 3, 13940, 6391, 8185, 0, 0, 33, 1861, 2031, 2918, 94, 0, 0, 17, 34, 132, 2, 24415, 16388, 19898, 1, 0, 0, 316
1691,0x1013d4,17, 1057364,"  102254:	e0033000 	and	r3, r3, r0
",benign, 287, 197, 2870, 1, 1764, 1086, 1, 517, 721, 0, 248, 24154, 517, 3, 92, 2860, 1246, 415, 3, 14077, 6188, 8152, 0, 0, 33, 1834, 2024, 2904, 91, 0, 0, 17, 22, 132, 2, 24676, 16189, 19490, 1, 0, 0, 316
1692,0x12aa58,25, 1060839,"  102fe4:	e51b3010 	ldr	r3, [fp, #-16]
",benign, 289, 197, 2890, 2, 1786, 1083, 1, 531, 747, 0, 248, 24309, 544, 3, 94, 3062, 1191, 411, 3, 14149, 6536, 8334, 0, 0, 34, 1891, 2059, 2926, 91, 0, 0, 17, 41, 128, 2, 24969, 16499, 19770, 1, 0, 0, 316
1693,0x11dd74,20, 1055513,"  101b18:	e50b300c 	str	r3, [fp, #-12]
",benign, 286, 198, 2877, 1, 1771, 1081, 1, 522, 734, 0, 245, 24049, 531, 3, 92, 2673, 1429, 415, 3, 14301, 6292, 8174, 0, 0, 34, 1841, 2056, 2906, 92, 0, 0, 17, 41, 128, 2, 24799, 16471, 19790, 1, 0, 0, 316
1694,0x1130d0,21, 1059527,"  102ac4:	e0211003 	eor	r1, r1, r3
",benign, 351, 257, 2956, 2, 1832, 1099, 1, 528, 735, 0, 242, 24150, 531, 3, 91, 3189, 1197, 411, 3, 14145, 6540, 8401, 0, 0, 33, 1901, 2096, 2991, 93, 0, 0, 17, 41, 132, 2, 24983, 16533, 20008, 1, 0, 0, 375
1695,0x13251c,10, 1053396,"  1012d4:	e51b3018 	ldr	r3, [fp, #-24]	; 0xffffffe8
",benign, 291, 198, 2887, 1, 1781, 1082, 1, 528, 742, 0, 247, 24334, 539, 3, 93, 3195, 1366, 469, 3, 14547, 6552, 8271, 0, 0, 34, 1885, 2046, 2918, 91, 0, 0, 18, 22, 130, 2, 24834, 16384, 19649, 1, 0, 0, 374
1696,0x10ec1c,15, 1056676,"  101fa4:	e50b3018 	str	r3, [fp, #-24]	; 0xffffffe8
",benign, 287, 197, 2883, 1, 1792, 1083, 1, 528, 742, 0, 248, 24377, 539, 3, 92, 3218, 1154, 397, 3, 14314, 6700, 8280, 0, 0, 34, 1891, 2049, 2919, 91, 0, 0, 17, 34, 132, 2, 24829, 16327, 19617, 1, 0, 0, 316
1697,0x10c734,3, 1052399,"  100eec:	e1813003 	orr	r3, r1, r3
",benign, 287, 199, 2938, 2, 1811, 1095, 1, 524, 728, 0, 245, 24302, 524, 3, 95, 2824, 1386, 398, 3, 14430, 6691, 8317, 0, 0, 33, 1890, 2064, 2960, 91, 0, 0, 18, 71, 134, 2, 24905, 16226, 19521, 1, 0, 0, 375
1698,0x13c250,15, 1058133,"  102554:	e0822003 	add	r2, r2, r3
",benign, 285, 199, 2884, 2, 1780, 1086, 1, 519, 725, 0, 245, 24187, 521, 3, 93, 2945, 1280, 415, 3, 14105, 6452, 8188, 0, 0, 33, 1852, 2033, 2924, 93, 0, 0, 18, 22, 132, 2, 24577, 16467, 19727, 1, 0, 0, 316
1699,0x100f00,20, 1054326,"  101674:	e50b300c 	str	r3, [fp, #-12]
",benign, 283, 198, 2925, 2, 1815, 1095, 1, 524, 728, 0, 243, 24159, 524, 3, 94, 2858, 1323, 397, 3, 14079, 6416, 8306, 0, 0, 33, 1885, 2067, 2967, 93, 0, 0, 18, 21, 132, 2, 24803, 16521, 19776, 1, 0, 0, 316
1700,0x107c14,21, 1053326,"  10128c:	e1a02de3 	ror	r2, r3, #27
",benign, 284, 199, 2866, 2, 1766, 1084, 1, 520, 725, 0, 241, 24325, 521, 3, 95, 2965, 1150, 411, 3, 14102, 6518, 8173, 0, 0, 33, 1847, 2041, 2910, 93, 0, 0, 17, 22, 132, 2, 24628, 16398, 19705, 1, 0, 0, 316
1701,0x11d844,6, 1058514,"  1026d0:	e1a03163 	ror	r3, r3, #2
",benign, 292, 198, 2879, 2, 1775, 1082, 1, 527, 741, 0, 255, 24203, 538, 3, 92, 2928, 1233, 411, 3, 14302, 6655, 8269, 0, 0, 34, 1883, 2071, 2931, 91, 0, 0, 18, 22, 134, 2, 24822, 16452, 19802, 1, 0, 0, 316
1702,0x12b78c,28, 1059530,"  102ac8:	e51b3018 	ldr	r3, [fp, #-24]	; 0xffffffe8
",benign, 344, 257, 2874, 2, 1783, 1087, 1, 519, 725, 0, 249, 24156, 521, 3, 94, 2809, 1459, 413, 3, 14154, 6548, 8170, 0, 0, 33, 1851, 2032, 2910, 91, 0, 0, 17, 42, 130, 2, 24730, 16222, 19500, 1, 0, 0, 316
1703,0x11b468,24, 1056364,"  101e6c:	e51b0014 	ldr	r0, [fp, #-20]	; 0xffffffec
",benign, 292, 197, 2863, 2, 1769, 1084, 1, 521, 727, 0, 248, 24159, 524, 3, 92, 3279, 1146, 411, 3, 14206, 6519, 8151, 0, 0, 34, 1843, 2008, 2892, 93, 0, 0, 17, 21, 132, 2, 24725, 16543, 19907, 1, 0, 0, 316
1704,0x107a94,16, 1049867,"  100508:	e51b0010 	ldr	r0, [fp, #-16]
",benign, 389, 198, 2801, 5, 1716, 1078, 1, 506, 703, 0, 228, 24793, 499, 3, 92, 3028, 1346, 404, 3, 15083, 7655, 7991, 0, 0, 33, 1781, 1967, 2828, 91, 0, 0, 18, 22, 125, 3, 25399, 16753, 20166, 3, 0, 0, 316
1705,0x11b72c,29, 1050060,"  1005cc:	e3403012 	movt	r3, #18
",benign, 319, 198, 2861, 6, 1770, 1082, 1, 520, 724, 0, 244, 24399, 520, 3, 93, 3261, 1186, 408, 3, 14455, 6926, 8176, 0, 0, 33, 1854, 2024, 2906, 94, 0, 0, 18, 34, 123, 3, 24672, 16594, 20159, 3, 0, 0, 316
1706,0x1237d0,21, 1055882,"  101c88:	e1813003 	orr	r3, r1, r3
",benign, 285, 197, 2865, 2, 1761, 1086, 1, 517, 721, 0, 242, 24407, 517, 3, 93, 2692, 1340, 472, 3, 13924, 6324, 8160, 0, 0, 33, 1848, 2015, 2909, 93, 0, 0, 17, 22, 132, 2, 25001, 16449, 19801, 1, 0, 0, 316
1707,0x127e30,29, 1052991,"  10113c:	e51b3018 	ldr	r3, [fp, #-24]	; 0xffffffe8
",benign, 284, 199, 2877, 2, 1784, 1086, 1, 519, 725, 0, 243, 24068, 521, 3, 93, 3013, 1174, 398, 3, 14230, 6538, 8170, 0, 0, 33, 1851, 2028, 2920, 93, 0, 0, 18, 22, 114, 2, 24713, 16451, 19721, 1, 0, 0, 316
1708,0x1211e0,1, 1058112,"  102540:	e1813003 	orr	r3, r1, r3
",benign, 289, 199, 2888, 2, 1792, 1082, 1, 527, 741, 0, 254, 24261, 538, 3, 93, 2962, 1387, 411, 3, 14232, 6710, 8269, 0, 0, 34, 1875, 2064, 2919, 91, 0, 0, 17, 22, 130, 2, 24867, 16533, 19775, 1, 0, 0, 316
1709,0x1141fc,21, 1061767,"  103384:	e1530002 	cmp	r3, r2
",benign, 285, 197, 2877, 2, 1782, 1083, 1, 521, 728, 0, 250, 24194, 524, 3, 94, 2969, 1259, 472, 3, 14410, 6447, 8205, 0, 0, 33, 1857, 2030, 2906, 91, 0, 0, 17, 21, 112, 2, 24535, 16412, 19695, 1, 0, 0, 316
1710,0x1153c4,21, 1062302,"  10359c:	e5c32000 	strb	r2, [r3]
",benign, 337, 249, 2867, 1, 1774, 1082, 1, 520, 725, 0, 251, 24350, 521, 3, 95, 2922, 1240, 411, 3, 14032, 6268, 8186, 0, 0, 33, 1851, 2028, 2897, 91, 0, 0, 18, 42, 117, 2, 24757, 16504, 19847, 1, 0, 0, 316
1711,0x135490,23, 1061412,"  103224:	e51b2014 	ldr	r2, [fp, #-20]	; 0xffffffec
",benign, 288, 197, 2884, 2, 1778, 1086, 1, 519, 725, 0, 244, 24046, 521, 3, 93, 3045, 1278, 397, 3, 14231, 6589, 8177, 0, 0, 33, 1844, 2031, 2918, 93, 0, 0, 17, 21, 132, 2, 24674, 16546, 19845, 1, 0, 0, 316
1712,0x1171d4,5, 1053003,"  101148:	e0822003 	add	r2, r2, r3
",benign, 289, 197, 2900, 2, 1792, 1081, 1, 531, 747, 0, 249, 24156, 544, 3, 93, 2857, 1488, 412, 3, 14434, 6808, 8337, 0, 0, 34, 1952, 2103, 2926, 91, 0, 0, 18, 33, 114, 2, 25008, 16492, 19737, 1, 0, 0, 316
1713,0x1171a8,3, 1053598,"  10139c:	e1813003 	orr	r3, r1, r3
",benign, 289, 196, 2885, 2, 1789, 1084, 1, 531, 747, 0, 253, 24428, 544, 3, 93, 3047, 1141, 395, 3, 14312, 6639, 8323, 0, 0, 34, 1900, 2070, 2936, 92, 0, 0, 17, 22, 112, 2, 24779, 16346, 19623, 1, 0, 0, 316
1714,0x109ba8,9, 1054511,"  10172c:	e51b3014 	ldr	r3, [fp, #-20]	; 0xffffffec
",benign, 286, 197, 2891, 2, 1792, 1083, 1, 531, 747, 0, 250, 24130, 544, 3, 92, 3060, 1248, 411, 3, 14069, 6318, 8320, 0, 0, 34, 1895, 2072, 2937, 93, 0, 0, 18, 21, 134, 2, 24941, 16574, 20055, 1, 0, 0, 316
1715,0x1259ec,23, 1056782,"  10200c:	e0823003 	add	r3, r2, r3
",benign, 287, 197, 2869, 2, 1767, 1088, 1, 517, 721, 0, 244, 23922, 517, 3, 93, 2988, 1179, 415, 3, 14034, 6585, 8171, 0, 0, 33, 1841, 2030, 2917, 93, 0, 0, 17, 71, 132, 2, 24761, 16436, 19872, 1, 0, 0, 316
1716,0x13a59c,28, 1057119,"  10215c:	e0033000 	and	r3, r3, r0
",benign, 344, 255, 2883, 2, 1781, 1083, 1, 528, 742, 0, 253, 24866, 539, 3, 92, 2987, 1415, 398, 3, 14034, 6289, 8270, 0, 0, 34, 1880, 2051, 2921, 93, 0, 0, 18, 33, 134, 2, 25022, 16854, 20166, 1, 0, 0, 316
1717,0x114204,25, 1055612,"  101b7c:	e50b3010 	str	r3, [fp, #-16]
",benign, 283, 196, 2871, 2, 1767, 1085, 1, 517, 721, 0, 246, 24137, 517, 3, 93, 3143, 1185, 411, 3, 14153, 6531, 8153, 0, 0, 33, 1843, 2026, 2907, 94, 0, 0, 17, 34, 129, 2, 24749, 16257, 19788, 1, 0, 0, 316
1718,0x1034d8,6, 1050208,"  100660:	e3403012 	movt	r3, #18
",benign, 325, 198, 2892, 5, 1784, 1082, 1, 528, 742, 0, 244, 24628, 539, 3, 90, 3125, 1084, 406, 3, 14382, 6884, 8295, 0, 0, 34, 1883, 2099, 2922, 91, 0, 0, 18, 33, 123, 5, 25358, 16945, 20367, 3, 0, 0, 316
1719,0x1052ec,15, 1055464,"  101ae8:	e0823003 	add	r3, r2, r3
",benign, 284, 198, 2965, 2, 1834, 1100, 1, 528, 735, 0, 241, 24158, 531, 3, 90, 2786, 1187, 411, 3, 14045, 6365, 8396, 0, 0, 33, 1897, 2093, 2997, 91, 0, 0, 18, 34, 134, 2, 24940, 16486, 19855, 1, 0, 0, 316
1720,0x117e94,19, 1057956,"  1024a4:	e51b1014 	ldr	r1, [fp, #-20]	; 0xffffffec
",benign, 289, 198, 2896, 2, 1787, 1083, 1, 527, 741, 0, 246, 24194, 538, 3, 93, 3110, 1193, 415, 3, 14104, 6485, 8304, 0, 0, 34, 1880, 2060, 2938, 93, 0, 0, 18, 33, 130, 2, 24923, 16453, 19734, 1, 0, 0, 476
1721,0x122644,6, 1058121,"  102548:	e51b301c 	ldr	r3, [fp, #-28]	; 0xffffffe4
",benign, 287, 197, 2898, 1, 1795, 1084, 1, 531, 747, 0, 252, 24437, 544, 3, 93, 2884, 1195, 415, 3, 14131, 6285, 8317, 0, 0, 34, 1895, 2072, 2940, 93, 0, 0, 17, 35, 114, 2, 24855, 16531, 19792, 1, 0, 0, 316
1722,0x10baac,13, 1058903,"  102854:	e51b305c 	ldr	r3, [fp, #-92]	; 0xffffffa4
",benign, 281, 197, 2956, 2, 1833, 1101, 1, 528, 735, 0, 242, 24140, 531, 3, 89, 2730, 1175, 411, 3, 14262, 6373, 8396, 0, 0, 33, 1921, 2093, 2994, 93, 0, 0, 18, 34, 114, 2, 25101, 16537, 19834, 1, 0, 0, 316
1723,0x10b0e4,26, 1051328,"  100ac0:	e0822003 	add	r2, r2, r3
",benign, 286, 198, 2879, 2, 1783, 1088, 1, 519, 725, 0, 237, 24107, 521, 3, 93, 2871, 1378, 415, 3, 13992, 6425, 8216, 0, 0, 33, 1849, 2036, 2912, 91, 0, 0, 18, 22, 116, 2, 24567, 16444, 19742, 1, 0, 0, 316
1724,0x124e34,10, 1051513,"  100b78:	e51b3020 	ldr	r3, [fp, #-32]	; 0xffffffe0
",benign, 283, 198, 2868, 2, 1767, 1081, 1, 521, 728, 0, 241, 24152, 524, 3, 95, 2995, 1333, 411, 3, 14154, 6487, 8215, 0, 0, 33, 1851, 2038, 2916, 93, 0, 0, 17, 33, 112, 2, 24569, 16377, 19653, 1, 0, 0, 316
1725,0x1380f0,18, 1054990,"  10190c:	e51b3014 	ldr	r3, [fp, #-20]	; 0xffffffec
",benign, 287, 196, 2890, 1, 1790, 1083, 1, 531, 747, 0, 246, 24264, 544, 3, 93, 2643, 1459, 415, 3, 14177, 6351, 8321, 0, 0, 34, 1903, 2071, 2944, 94, 0, 0, 17, 41, 128, 2, 24926, 16498, 19731, 1, 0, 0, 316
1726,0x10d7c0,10, 1052488,"  100f48:	e51b1010 	ldr	r1, [fp, #-16]
",benign, 347, 255, 2884, 1, 1781, 1082, 1, 527, 741, 0, 255, 24329, 538, 3, 92, 2912, 1220, 411, 3, 14194, 6315, 8274, 0, 0, 34, 1882, 2054, 2929, 93, 0, 0, 17, 21, 114, 2, 24933, 16527, 20030, 1, 0, 0, 316
1727,0x137380,20, 1055738,"  101bf8:	e1a02de3 	ror	r2, r3, #27
",benign, 285, 198, 2888, 2, 1784, 1083, 1, 527, 741, 0, 254, 24099, 538, 3, 92, 3073, 1210, 411, 3, 14221, 6379, 8257, 0, 0, 34, 1889, 2052, 2932, 94, 0, 0, 18, 52, 131, 2, 24837, 16860, 20253, 1, 0, 0, 316
1728,0x1278c4,11, 1050486,"  100774:	e6ef2073 	uxtb	r2, r3
",benign, 283, 199, 2867, 2, 1762, 1083, 1, 520, 724, 0, 241, 23952, 520, 3, 94, 2952, 1191, 397, 3, 13968, 6355, 8167, 0, 0, 33, 1846, 2026, 2902, 91, 0, 0, 18, 22, 134, 2, 24576, 16428, 19747, 1, 0, 0, 316
1729,0x118ec0,29, 1060714,"  102f68:	e3a02000 	mov	r2, #0
",benign, 289, 198, 2900, 2, 1800, 1083, 1, 531, 747, 0, 248, 24177, 544, 3, 92, 3029, 1193, 415, 3, 13977, 6364, 8310, 0, 0, 34, 1915, 2064, 2945, 93, 0, 0, 17, 21, 132, 2, 24770, 16488, 19776, 1, 0, 0, 316
1730,0x13a448,27, 1057346,"  102240:	e1811003 	orr	r1, r1, r3
",benign, 284, 199, 2879, 2, 1773, 1086, 1, 519, 725, 0, 244, 24183, 521, 3, 93, 3155, 1231, 395, 3, 14257, 6608, 8194, 0, 0, 33, 1911, 2086, 2912, 92, 0, 0, 17, 33, 130, 2, 24938, 16474, 19808, 1, 0, 0, 316
1731,0x118b2c,6, 1061482,"  103268:	3affffd9 	bcc	1031d4 <sha_stream+0x58>
",benign, 290, 197, 2884, 2, 1774, 1086, 1, 519, 725, 0, 243, 24197, 521, 3, 94, 3044, 1230, 395, 3, 13977, 6280, 8187, 0, 0, 33, 1854, 2017, 2916, 91, 0, 0, 18, 72, 116, 2, 24663, 16281, 19731, 1, 0, 0, 316
1732,0x13d590,17, 1054782,"  10183c:	e51b3018 	ldr	r3, [fp, #-24]	; 0xffffffe8
",benign, 350, 257, 2878, 1, 1787, 1083, 1, 527, 741, 0, 249, 24413, 538, 3, 94, 2806, 1179, 411, 3, 14498, 6702, 8253, 0, 0, 34, 1885, 2060, 2929, 93, 0, 0, 17, 21, 132, 2, 24915, 16465, 19921, 1, 0, 0, 375
1733,0x118e90,7, 1057024,"  102100:	e3483f1b 	movt	r3, #36635	; 0x8f1b
",benign, 286, 196, 2867, 2, 1764, 1086, 1, 517, 721, 0, 248, 24011, 517, 3, 93, 2608, 1201, 415, 3, 14168, 6415, 8195, 0, 0, 33, 1852, 2022, 2911, 92, 0, 0, 17, 72, 128, 2, 24761, 16355, 19680, 1, 0, 0, 316
1734,0x121538,12, 1053716,"  101414:	e0822003 	add	r2, r2, r3
",benign, 284, 198, 2878, 2, 1771, 1087, 1, 519, 725, 0, 244, 24190, 521, 3, 93, 3027, 1272, 653, 3, 13951, 6383, 8209, 0, 0, 33, 1840, 2033, 2920, 93, 0, 0, 17, 42, 115, 2, 24701, 16512, 19809, 1, 0, 0, 316
1735,0x11643c,15, 1053109,"  1011b4:	e51b3018 	ldr	r3, [fp, #-24]	; 0xffffffe8
",benign, 285, 199, 2886, 2, 1784, 1086, 1, 519, 725, 0, 246, 24214, 521, 3, 94, 3016, 1252, 411, 3, 14230, 6585, 8201, 0, 0, 33, 1862, 2033, 2913, 91, 0, 0, 17, 42, 115, 2, 24666, 16336, 19618, 1, 0, 0, 375
1736,0x10d9a0,11, 1061602,"  1032e0:	e5932004 	ldr	r2, [r3, #4]
",benign, 292, 199, 2902, 2, 1786, 1087, 1, 522, 728, 0, 246, 24240, 524, 3, 92, 2725, 1220, 415, 3, 14010, 6421, 8234, 0, 0, 33, 1866, 2047, 2924, 92, 0, 0, 18, 22, 131, 2, 25174, 16406, 19938, 1, 0, 0, 316
1737,0x12aff4,13, 1058083,"  102520:	e51b1014 	ldr	r1, [fp, #-20]	; 0xffffffec
",benign, 286, 199, 2884, 2, 1773, 1085, 1, 519, 725, 0, 256, 24388, 521, 3, 93, 2987, 1198, 395, 3, 14177, 6324, 8209, 0, 0, 33, 1848, 2029, 2912, 91, 0, 0, 17, 22, 112, 2, 24749, 16442, 19794, 1, 0, 0, 316
1738,0x13bcf8,14, 1052673,"  101000:	e50b3020 	str	r3, [fp, #-32]	; 0xffffffe0
",benign, 344, 256, 2873, 2, 1782, 1086, 1, 519, 725, 0, 241, 23959, 521, 3, 93, 3076, 1163, 395, 3, 14245, 6622, 8177, 0, 0, 33, 1864, 2033, 2918, 92, 0, 0, 18, 21, 130, 2, 24841, 16376, 19635, 1, 0, 0, 316
1739,0x131550,26, 1059012,"  1028c4:	e0822003 	add	r2, r2, r3
",benign, 292, 198, 2892, 2, 1787, 1080, 1, 527, 741, 0, 258, 24396, 538, 3, 93, 3037, 1183, 398, 3, 14210, 6382, 8257, 0, 0, 34, 1893, 2047, 2921, 91, 0, 0, 17, 34, 128, 2, 24959, 16515, 19781, 1, 0, 0, 316
1740,0x13b9f4,28, 1050184,"  100648:	e3550000 	cmp	r5, #0
",benign, 316, 196, 2864, 5, 1762, 1086, 1, 517, 721, 0, 240, 24236, 517, 3, 92, 3156, 1106, 408, 3, 14576, 7064, 8157, 0, 0, 33, 1894, 2094, 2899, 91, 0, 0, 17, 72, 121, 5, 24928, 16601, 20026, 3, 0, 0, 316
1741,0x1206b8,14, 1056109,"  101d6c:	e51b3010 	ldr	r3, [fp, #-16]
",benign, 342, 254, 2958, 2, 1831, 1100, 1, 528, 735, 0, 249, 24713, 531, 3, 91, 2639, 1412, 474, 3, 14016, 6430, 8400, 0, 0, 33, 1919, 2078, 2985, 91, 0, 0, 17, 22, 114, 2, 24704, 16715, 19965, 1, 0, 0, 316
1742,0x125264,9, 1060119,"  102d14:	e50b301c 	str	r3, [fp, #-28]	; 0xffffffe4
",benign, 287, 198, 2887, 2, 1783, 1083, 1, 527, 741, 0, 255, 24098, 538, 3, 92, 2758, 1257, 415, 3, 14454, 6469, 8315, 0, 0, 34, 1885, 2052, 2920, 93, 0, 0, 17, 33, 130, 2, 25349, 16498, 19758, 1, 0, 0, 316
1743,0x10ac44,27, 1057315,"  102220:	e51b300c 	ldr	r3, [fp, #-12]
",benign, 286, 198, 2888, 2, 1782, 1084, 1, 528, 742, 0, 252, 24076, 539, 3, 93, 3113, 1187, 398, 3, 14240, 6650, 8256, 0, 0, 34, 1940, 2114, 2919, 91, 0, 0, 17, 33, 132, 2, 24888, 16600, 19885, 1, 0, 0, 316
1744,0x11e168,7, 1062165,"  103514:	e2833001 	add	r3, r3, #1
",benign, 285, 198, 2902, 2, 1793, 1084, 1, 531, 747, 0, 254, 24438, 544, 3, 93, 3057, 1197, 412, 3, 14245, 6408, 8337, 0, 0, 34, 1899, 2065, 2940, 93, 0, 0, 18, 22, 134, 2, 24942, 16435, 19806, 1, 0, 0, 316
1745,0x139f88,24, 1058243,"  1025c0:	e0822003 	add	r2, r2, r3
",benign, 344, 255, 2888, 2, 1780, 1083, 1, 528, 742, 0, 264, 24262, 539, 3, 93, 3154, 1264, 415, 3, 14135, 6508, 8285, 0, 0, 34, 1886, 2044, 2917, 92, 0, 0, 17, 33, 128, 2, 24800, 16496, 19830, 1, 0, 0, 316
1746,0x110694,16, 1051266,"  100a80:	e50b3018 	str	r3, [fp, #-24]	; 0xffffffe8
",benign, 291, 198, 2959, 2, 1831, 1100, 1, 528, 735, 0, 245, 24321, 531, 3, 91, 2797, 1447, 411, 3, 14229, 6565, 8372, 0, 0, 33, 1917, 2069, 2984, 91, 0, 0, 17, 33, 112, 2, 24995, 16663, 20165, 1, 0, 0, 374
1747,0x10a4a0,7, 1061518,"  10328c:	e24bd004 	sub	sp, fp, #4
",benign, 289, 198, 2895, 2, 1786, 1081, 1, 528, 742, 0, 247, 24386, 539, 3, 91, 3128, 1366, 413, 3, 14401, 6566, 8287, 0, 0, 34, 1888, 2048, 2914, 91, 0, 0, 18, 42, 132, 2, 24992, 16426, 19760, 1, 0, 0, 316
1748,0x100e78,3, 1058612,"  102734:	e50b3018 	str	r3, [fp, #-24]	; 0xffffffe8
",benign, 287, 198, 2872, 2, 1777, 1083, 1, 521, 728, 0, 250, 24118, 524, 3, 94, 2868, 1260, 655, 3, 14129, 6523, 8222, 0, 0, 33, 1857, 2026, 2906, 91, 0, 0, 18, 21, 134, 2, 24630, 16438, 19748, 1, 0, 0, 374
1749,0x1199a0,11, 1059625,"  102b28:	e51b1010 	ldr	r1, [fp, #-16]
",benign, 285, 198, 2965, 1, 1836, 1100, 1, 528, 735, 0, 246, 24520, 531, 3, 90, 2814, 1272, 470, 3, 14379, 6757, 8373, 0, 0, 33, 1915, 2082, 2995, 94, 0, 0, 17, 72, 114, 2, 25165, 16683, 20075, 1, 0, 0, 316
1750,0x13093c,23, 1058768,"  1027d0:	e0211003 	eor	r1, r1, r3
",benign, 289, 196, 2897, 2, 1793, 1083, 1, 531, 747, 0, 255, 24224, 544, 3, 92, 2838, 1443, 413, 3, 14174, 6602, 8319, 0, 0, 34, 1895, 2063, 2928, 91, 0, 0, 17, 33, 132, 2, 25054, 16591, 19933, 1, 0, 0, 316
1751,0x120c18,29, 1053688,"  1013f8:	e51b1010 	ldr	r1, [fp, #-16]
",benign, 286, 198, 2893, 2, 1779, 1085, 1, 519, 725, 0, 255, 24116, 521, 3, 94, 3051, 1204, 415, 3, 14111, 6322, 8186, 0, 0, 33, 1863, 2027, 2922, 93, 0, 0, 17, 33, 115, 2, 24778, 16706, 20141, 1, 0, 0, 316
1752,0x13323c,6, 1060780,"  102fac:	e51b3010 	ldr	r3, [fp, #-16]
",benign, 291, 197, 2859, 2, 1756, 1082, 1, 521, 727, 0, 246, 24107, 524, 3, 92, 2806, 1328, 413, 3, 14502, 6982, 8163, 0, 0, 34, 1836, 2004, 2885, 91, 0, 0, 17, 72, 130, 2, 24736, 16527, 19793, 1, 0, 0, 316
1753,0x110ecc,8, 1051284,"  100a94:	e1a02de3 	ror	r2, r3, #27
",benign, 287, 199, 2881, 1, 1774, 1084, 1, 519, 725, 0, 252, 24118, 521, 3, 94, 2988, 1237, 415, 3, 14077, 6418, 8212, 0, 0, 33, 1851, 2031, 2909, 91, 0, 0, 18, 22, 130, 2, 24459, 16448, 19701, 1, 0, 0, 316
1754,0x109e90,9, 1051931,"  100d18:	e0822003 	add	r2, r2, r3
",benign, 286, 198, 2957, 1, 1832, 1097, 1, 528, 735, 0, 244, 24644, 531, 3, 90, 2899, 1440, 415, 3, 14050, 6360, 8358, 0, 0, 33, 1917, 2084, 2999, 92, 0, 0, 17, 42, 128, 2, 24986, 16562, 19941, 1, 0, 0, 316
1755,0x119e4c,13, 1051719,"  100c44:	e51b3018 	ldr	r3, [fp, #-24]	; 0xffffffe8
",benign, 285, 197, 2957, 2, 1840, 1100, 1, 528, 735, 0, 240, 24381, 531, 3, 90, 3013, 1267, 415, 3, 14116, 6212, 8384, 0, 0, 33, 1957, 2131, 2984, 91, 0, 0, 17, 21, 128, 2, 24941, 16435, 19923, 1, 0, 0, 316
1756,0x131c9c,16, 1058538,"  1026e8:	e51b300c 	ldr	r3, [fp, #-12]
",benign, 284, 197, 2956, 2, 1833, 1101, 1, 528, 735, 0, 243, 24463, 531, 3, 90, 3198, 1097, 398, 3, 14349, 6636, 8390, 0, 0, 33, 1906, 2087, 2991, 91, 0, 0, 17, 34, 132, 2, 24727, 16689, 20149, 1, 0, 0, 316
1757,0x114c6c,30, 1057789,"  1023fc:	e51b3014 	ldr	r3, [fp, #-20]	; 0xffffffec
",benign, 289, 198, 2884, 2, 1784, 1083, 1, 527, 741, 0, 250, 24076, 538, 3, 93, 2973, 1218, 415, 3, 14114, 6501, 8296, 0, 0, 34, 1885, 2062, 2935, 94, 0, 0, 17, 72, 112, 2, 24667, 16603, 19949, 1, 0, 0, 316
1758,0x12b5bc,7, 1055493,"  101b04:	e1a03163 	ror	r3, r3, #2
",benign, 286, 199, 2864, 1, 1764, 1084, 1, 520, 725, 0, 243, 24102, 521, 3, 95, 2756, 1402, 411, 3, 14024, 6547, 8203, 0, 0, 33, 1854, 2029, 2902, 93, 0, 0, 17, 33, 115, 2, 24441, 16445, 19733, 1, 0, 0, 316
1759,0x133d14,11, 1052631,"  100fd4:	e51b3018 	ldr	r3, [fp, #-24]	; 0xffffffe8
",benign, 290, 197, 2893, 2, 1791, 1081, 1, 531, 747, 0, 249, 24305, 544, 3, 92, 3074, 1134, 415, 3, 14105, 6367, 8329, 0, 0, 34, 1896, 2063, 2934, 91, 0, 0, 17, 22, 132, 2, 24862, 16402, 19680, 1, 0, 0, 316
1760,0x1082cc,20, 1050068,"  1005d4:	e5832000 	str	r2, [r3]
",benign, 326, 199, 2874, 5, 1786, 1085, 1, 527, 741, 0, 248, 24415, 538, 3, 93, 3089, 1588, 404, 3, 14645, 7030, 8308, 0, 0, 34, 1878, 2047, 2919, 92, 0, 0, 17, 21, 112, 5, 25000, 16988, 20367, 3, 0, 0, 316
1761,0x126260,27, 1060810,"  102fc8:	e51b3008 	ldr	r3, [fp, #-8]
",benign, 291, 197, 2856, 2, 1760, 1081, 1, 521, 727, 0, 248, 24126, 524, 3, 92, 3079, 1198, 411, 3, 14075, 6635, 8163, 0, 0, 34, 1845, 2018, 2906, 93, 0, 0, 17, 34, 128, 2, 24529, 16430, 19734, 1, 0, 0, 316
1762,0x1271c0,4, 1061289,"  1031a8:	e2433004 	sub	r3, r3, #4
",benign, 289, 199, 2941, 2, 1815, 1092, 1, 524, 728, 0, 244, 24417, 524, 3, 94, 2812, 1265, 411, 3, 14040, 6358, 8313, 0, 0, 33, 1892, 2062, 2977, 93, 0, 0, 17, 34, 130, 2, 25031, 16561, 20054, 1, 0, 0, 316
1763,0x1396a8,9, 1061913,"  103418:	e24dd0c8 	sub	sp, sp, #200	; 0xc8
",benign, 293, 199, 3038, 2, 1887, 1107, 1, 539, 765, 0, 255, 26770, 563, 3, 94, 2874, 1206, 411, 3, 16119, 6439, 8576, 0, 0, 35, 1968, 2131, 3042, 91, 0, 0, 17, 22, 130, 2, 26893, 18587, 21920, 1, 0, 0, 316
1764,0x10c5c8,4, 1055693,"  101bcc:	e50b301c 	str	r3, [fp, #-28]	; 0xffffffe4
",benign, 343, 253, 2873, 2, 1772, 1082, 1, 521, 728, 0, 241, 23915, 524, 3, 94, 2983, 1252, 398, 3, 13983, 6279, 8210, 0, 0, 33, 1857, 2018, 2906, 91, 0, 0, 17, 53, 132, 2, 24744, 16329, 19558, 1, 0, 0, 374
1765,0x13c178,26, 1049897,"  100528:	ea000009 	b	100554 <init_search+0x5c>
",benign, 399, 198, 2932, 5, 1812, 1094, 1, 524, 728, 0, 248, 25430, 524, 3, 93, 2889, 1424, 406, 3, 14975, 7337, 8364, 0, 0, 33, 1949, 2129, 2955, 91, 0, 0, 17, 22, 121, 3, 25812, 17412, 20825, 3, 0, 0, 316
1766,0x13db88,27, 1059779,"  102bc0:	e34c3a62 	movt	r3, #51810	; 0xca62
",benign, 289, 199, 2877, 2, 1778, 1084, 1, 520, 725, 0, 248, 24284, 521, 3, 95, 3018, 1378, 415, 3, 14133, 6571, 8202, 0, 0, 33, 1838, 2034, 2915, 91, 0, 0, 17, 21, 129, 2, 24668, 16374, 19747, 1, 0, 0, 316
1767,0x123c88,18, 1056939,"  1020a8:	e50b3014 	str	r3, [fp, #-20]	; 0xffffffec
",benign, 292, 198, 2891, 2, 1786, 1082, 1, 527, 741, 0, 249, 24428, 538, 3, 93, 2882, 1358, 415, 3, 14427, 6811, 8326, 0, 0, 34, 1888, 2048, 2922, 93, 0, 0, 18, 41, 131, 2, 24911, 16491, 19794, 1, 0, 0, 316
1768,0x139d3c,21, 1057206,"  1021b4:	e51b300c 	ldr	r3, [fp, #-12]
",benign, 287, 197, 2898, 1, 1792, 1082, 1, 531, 747, 0, 253, 24226, 544, 3, 93, 2816, 1251, 415, 3, 14273, 6484, 8317, 0, 0, 34, 1899, 2062, 2937, 93, 0, 0, 17, 22, 114, 2, 24947, 16500, 19794, 1, 0, 0, 316
1769,0x128e44,30, 1053520,"  101350:	e50b301c 	str	r3, [fp, #-28]	; 0xffffffe4
",benign, 289, 197, 2867, 2, 1765, 1085, 1, 517, 721, 0, 242, 24201, 517, 3, 93, 2837, 1225, 415, 3, 13987, 6345, 8166, 0, 0, 33, 1844, 2022, 2907, 91, 0, 0, 17, 22, 129, 2, 24648, 16361, 19682, 1, 0, 0, 316
1770,0x112664,14, 1058044,"  1024fc:	e51b3010 	ldr	r3, [fp, #-16]
",benign, 286, 198, 2927, 2, 1817, 1095, 1, 524, 728, 0, 240, 24226, 524, 3, 94, 3142, 1377, 411, 3, 14171, 6522, 8336, 0, 0, 33, 1887, 2055, 2953, 91, 0, 0, 17, 72, 132, 2, 24883, 16962, 20295, 1, 0, 0, 316
1771,0x1398a0,31, 1055276,"  101a2c:	e1a03163 	ror	r3, r3, #2
",benign, 288, 199, 2863, 2, 1761, 1083, 1, 520, 725, 0, 253, 24260, 521, 3, 95, 3038, 1209, 398, 3, 13974, 6360, 8184, 0, 0, 33, 1854, 2036, 2909, 93, 0, 0, 18, 21, 130, 2, 24829, 16316, 19649, 1, 0, 0, 376
1772,0x126198,21, 1058985,"  1028a8:	e0211003 	eor	r1, r1, r3
",benign, 286, 198, 2962, 1, 1836, 1101, 1, 528, 735, 0, 243, 24284, 531, 3, 90, 3029, 1475, 398, 3, 14124, 6443, 8414, 0, 0, 33, 1908, 2090, 2991, 93, 0, 0, 17, 22, 130, 2, 25169, 16539, 19854, 1, 0, 0, 372
1773,0x13512c,5, 1062364,"  1035dc:	e50b0018 	str	r0, [fp, #-24]	; 0xffffffe8
",benign, 286, 199, 2884, 2, 1780, 1083, 1, 528, 742, 0, 252, 24360, 539, 3, 93, 2768, 1087, 395, 3, 14384, 6680, 8275, 0, 0, 34, 1891, 2044, 2922, 93, 0, 0, 17, 22, 132, 2, 24777, 16399, 19723, 1, 0, 0, 316
1774,0x11f27c,22, 1056558,"  101f2c:	e51b3010 	ldr	r3, [fp, #-16]
",benign, 285, 197, 2874, 2, 1766, 1084, 1, 517, 721, 0, 242, 24033, 517, 3, 94, 2884, 1441, 398, 3, 14154, 6473, 8196, 0, 0, 33, 1837, 2035, 2935, 93, 0, 0, 17, 22, 132, 2, 24815, 16377, 19614, 1, 0, 0, 316
1775,0x12dfc0,18, 1050320,"  1006d0:	e24dde2f 	sub	sp, sp, #752	; 0x2f0
",benign, 328, 198, 2968, 4, 1836, 1100, 1, 528, 735, 0, 254, 24689, 531, 3, 89, 3186, 1155, 406, 3, 14793, 7302, 8421, 0, 0, 33, 1908, 2089, 2993, 92, 0, 0, 17, 21, 125, 5, 25532, 16939, 20307, 3, 0, 0, 316
1776,0x13ced0,27, 1060758,"  102f94:	e24dd010 	sub	sp, sp, #16
",benign, 284, 198, 2874, 1, 1766, 1081, 1, 521, 728, 0, 243, 23968, 524, 3, 94, 2775, 1512, 395, 3, 14051, 6152, 8208, 0, 0, 33, 1858, 2035, 2911, 91, 0, 0, 17, 21, 132, 2, 24897, 16292, 19587, 1, 0, 0, 372
1777,0x1219e4,22, 1054438,"  1016e4:	e51b300c 	ldr	r3, [fp, #-12]
",benign, 351, 258, 2894, 2, 1787, 1082, 1, 527, 741, 0, 251, 24147, 538, 3, 93, 2916, 1212, 415, 3, 14211, 6418, 8287, 0, 0, 34, 1882, 2062, 2933, 93, 0, 0, 17, 21, 129, 2, 24933, 16491, 19789, 1, 0, 0, 316
1778,0x11f5e4,10, 1060386,"  102e20:	e51b3014 	ldr	r3, [fp, #-20]	; 0xffffffec
",benign, 283, 197, 2867, 2, 1765, 1086, 1, 517, 721, 0, 248, 24026, 517, 3, 94, 3170, 1207, 397, 3, 14234, 6399, 8138, 0, 0, 33, 1842, 2023, 2905, 91, 0, 0, 17, 33, 128, 2, 24623, 16374, 19685, 1, 0, 0, 316
1779,0x1288c0,23, 1056171,"  101da8:	e51b3018 	ldr	r3, [fp, #-24]	; 0xffffffe8
",benign, 289, 196, 2896, 1, 1791, 1084, 1, 531, 747, 0, 247, 24165, 544, 3, 94, 3038, 1339, 412, 3, 14604, 6766, 8330, 0, 0, 34, 1893, 2068, 2939, 93, 0, 0, 17, 41, 115, 2, 24792, 16599, 19857, 1, 0, 0, 316
1780,0x137de4,10, 1052552,"  100f88:	e50b3020 	str	r3, [fp, #-32]	; 0xffffffe0
",benign, 285, 198, 2959, 2, 1834, 1101, 1, 528, 735, 0, 249, 24563, 531, 3, 92, 3011, 1236, 411, 3, 14039, 6418, 8366, 0, 0, 33, 1965, 2144, 2988, 93, 0, 0, 18, 21, 132, 2, 24693, 16533, 19863, 1, 0, 0, 316
1781,0x11c8d8,9, 1050510,"  10078c:	e50b3008 	str	r3, [fp, #-8]
",benign, 653, 464, 2870, 6, 1766, 1081, 1, 521, 726, 0, 246, 25429, 522, 3, 93, 3225, 1199, 406, 3, 14979, 7332, 8253, 0, 0, 33, 1860, 2023, 2913, 94, 0, 0, 18, 22, 123, 6, 25388, 17284, 20681, 3, 0, 0, 316
1782,0x1120fc,3, 1050967,"  100954:	e30b0948 	movw	r0, #47432	; 0xb948
",benign, 285, 197, 2865, 2, 1773, 1082, 1, 521, 728, 0, 245, 24133, 524, 3, 94, 3146, 1264, 397, 3, 14038, 6451, 8206, 0, 0, 33, 1859, 2029, 2914, 91, 0, 0, 17, 21, 115, 2, 24482, 16184, 19449, 1, 0, 0, 316
1783,0x10b708,21, 1050994,"  100970:	e51b3008 	ldr	r3, [fp, #-8]
",benign, 285, 198, 2873, 2, 1768, 1086, 1, 519, 725, 0, 246, 24127, 521, 3, 93, 2930, 1231, 411, 3, 14098, 6378, 8174, 0, 0, 33, 1867, 2028, 2918, 93, 0, 0, 18, 34, 130, 2, 24605, 16401, 19773, 1, 0, 0, 316
1784,0x1339c0,19, 1054733,"  10180c:	e51b3010 	ldr	r3, [fp, #-16]
",benign, 344, 258, 2887, 2, 1772, 1086, 1, 519, 725, 0, 242, 24167, 521, 3, 94, 2880, 1413, 413, 3, 14024, 6412, 8170, 0, 0, 33, 1864, 2028, 2909, 92, 0, 0, 18, 43, 132, 2, 24753, 16392, 19878, 1, 0, 0, 316
1785,0x13aa5c,24, 1061521,"  103290:	e8bd8800 	pop	{fp, pc}
",benign, 289, 199, 2887, 2, 1790, 1081, 1, 527, 741, 0, 251, 24265, 538, 3, 92, 3175, 1275, 411, 3, 14167, 6340, 8267, 0, 0, 34, 1872, 2055, 2930, 93, 0, 0, 17, 22, 132, 2, 24526, 16514, 19818, 1, 0, 0, 316
1786,0x10763c,22, 1055744,"  101c00:	e51b3014 	ldr	r3, [fp, #-20]	; 0xffffffec
",benign, 283, 197, 2883, 2, 1779, 1083, 1, 528, 742, 0, 243, 24215, 539, 3, 92, 2990, 1195, 397, 3, 14230, 6386, 8274, 0, 0, 34, 1886, 2046, 2918, 91, 0, 0, 18, 22, 132, 2, 24668, 16464, 19728, 1, 0, 0, 316
1787,0x114f38,2, 1050223,"  10066c:	e2833001 	add	r3, r3, #1
",benign, 451, 256, 2891, 6, 1795, 1085, 1, 528, 742, 0, 250, 25141, 539, 3, 91, 3219, 1382, 407, 3, 15171, 7566, 8349, 0, 0, 34, 1877, 2079, 2922, 91, 0, 0, 18, 34, 125, 2, 25557, 17347, 20787, 3, 0, 0, 316
1788,0x100e34,26, 1051491,"  100b60:	e50b3018 	str	r3, [fp, #-24]	; 0xffffffe8
",benign, 286, 199, 2941, 2, 1819, 1096, 1, 524, 728, 0, 246, 24224, 524, 3, 94, 2748, 1161, 398, 3, 14323, 6568, 8312, 0, 0, 33, 1896, 2060, 2966, 94, 0, 0, 18, 21, 130, 2, 24963, 16575, 19891, 1, 0, 0, 316
1789,0x11a8f8,6, 1061814,"  1033b4:	e2822040 	add	r2, r2, #64	; 0x40
",benign, 292, 197, 2879, 2, 1777, 1083, 1, 528, 742, 0, 249, 24200, 539, 3, 91, 3062, 1168, 411, 3, 13987, 6480, 8310, 0, 0, 34, 1884, 2047, 2924, 93, 0, 0, 17, 22, 112, 2, 24965, 16580, 19835, 1, 0, 0, 316
1790,0x132448,19, 1059060,"  1028f4:	e51b300c 	ldr	r3, [fp, #-12]
",benign, 284, 198, 2872, 2, 1764, 1084, 1, 520, 725, 0, 241, 24185, 521, 3, 95, 2907, 1179, 415, 3, 14162, 6572, 8222, 0, 0, 33, 1850, 2035, 2913, 94, 0, 0, 18, 21, 134, 2, 24873, 16585, 20092, 1, 0, 0, 316
1791,0x136790,6, 1060435,"  102e50:	e50b3020 	str	r3, [fp, #-32]	; 0xffffffe0
",benign, 286, 199, 2890, 1, 1792, 1085, 1, 522, 728, 0, 244, 24095, 524, 3, 92, 2767, 1191, 398, 3, 14038, 6368, 8222, 0, 0, 33, 1872, 2049, 2927, 91, 0, 0, 17, 22, 112, 2, 24737, 16484, 19813, 1, 0, 0, 372
1792,0x12319c,27, 1058138,"  102558:	e30b3cdc 	movw	r3, #48348	; 0xbcdc
",benign, 291, 198, 2874, 1, 1774, 1087, 1, 522, 734, 0, 233, 23993, 531, 3, 92, 3033, 1231, 413, 3, 14169, 6618, 8200, 0, 0, 34, 1908, 2116, 2911, 93, 0, 0, 18, 71, 117, 2, 24560, 16349, 19686, 1, 0, 0, 316
1793,0x129b3c,24, 1056000,"  101d00:	e0033000 	and	r3, r3, r0
",benign, 284, 198, 2893, 2, 1794, 1090, 1, 522, 728, 0, 242, 24151, 524, 3, 92, 3030, 1443, 395, 3, 14324, 6704, 8241, 0, 0, 33, 1868, 2051, 2932, 93, 0, 0, 17, 22, 112, 2, 24785, 16520, 20028, 1, 0, 0, 316
1794,0x12e338,21, 1051953,"  100d30:	e50b3020 	str	r3, [fp, #-32]	; 0xffffffe0
",benign, 290, 197, 2858, 1, 1751, 1081, 1, 521, 727, 0, 249, 24225, 524, 3, 92, 2953, 1027, 395, 3, 14164, 6632, 8129, 0, 0, 34, 1843, 2013, 2891, 91, 0, 0, 17, 22, 132, 2, 24794, 16500, 19747, 1, 0, 0, 316
1795,0x1194d4,25, 1061720,"  103358:	e5933004 	ldr	r3, [r3, #4]
",benign, 287, 199, 2893, 1, 1783, 1088, 1, 522, 728, 0, 244, 24323, 524, 3, 93, 3229, 1212, 411, 3, 13974, 6443, 8226, 0, 0, 33, 1865, 2044, 2936, 93, 0, 0, 18, 22, 130, 2, 25130, 16444, 19793, 1, 0, 0, 316
1796,0x13af0c,15, 1056659,"  101f90:	e0823003 	add	r3, r2, r3
",benign, 351, 256, 2900, 2, 1795, 1083, 1, 531, 747, 0, 245, 24165, 544, 3, 95, 2822, 1117, 413, 3, 14197, 6596, 8312, 0, 0, 34, 1895, 2068, 2934, 93, 0, 0, 17, 41, 115, 2, 24812, 16670, 19929, 1, 0, 0, 316
1797,0x11659c,29, 1059711,"  102b7c:	e51b300c 	ldr	r3, [fp, #-12]
",benign, 286, 197, 2880, 2, 1788, 1089, 1, 521, 728, 0, 248, 24139, 524, 3, 94, 2935, 1231, 395, 3, 14155, 6451, 8190, 0, 0, 33, 1859, 2041, 2913, 93, 0, 0, 18, 34, 114, 2, 24694, 16349, 19613, 1, 0, 0, 316
1798,0x128fd8,8, 1050383,"  10070c:	eb0045db 	bl	111e80 <memcpy>
",benign, 407, 198, 2894, 5, 1782, 1081, 1, 527, 741, 0, 258, 25482, 538, 3, 93, 3052, 1168, 400, 3, 14850, 7309, 8359, 0, 0, 34, 1882, 2057, 2928, 92, 0, 0, 18, 22, 118, 6, 25569, 17353, 20958, 3, 0, 0, 316
1799,0x11bb64,27, 1051044,"  1009a4:	e51b3008 	ldr	r3, [fp, #-8]
",benign, 288, 197, 2854, 2, 1751, 1082, 1, 521, 727, 0, 246, 24395, 524, 3, 92, 2984, 1146, 411, 3, 14280, 6947, 8151, 0, 0, 34, 1829, 2015, 2885, 91, 0, 0, 18, 22, 114, 2, 24553, 16578, 19831, 1, 0, 0, 316
1800,0x10bbc0,5, 1059628,"  102b2c:	e51b3014 	ldr	r3, [fp, #-20]	; 0xffffffec
",benign, 289, 197, 2891, 2, 1791, 1083, 1, 531, 747, 0, 252, 24464, 544, 3, 92, 3141, 1367, 413, 3, 14499, 6679, 8340, 0, 0, 34, 1889, 2065, 2937, 91, 0, 0, 18, 33, 132, 2, 25008, 16661, 19989, 1, 0, 0, 316
1801,0x12db74,24, 1054127,"  1015ac:	e51b3014 	ldr	r3, [fp, #-20]	; 0xffffffec
",benign, 288, 197, 2848, 2, 1749, 1080, 1, 521, 727, 0, 254, 24642, 524, 3, 92, 2834, 1146, 415, 3, 14022, 6542, 8143, 0, 0, 34, 1840, 2021, 2892, 93, 0, 0, 18, 22, 134, 2, 24656, 16482, 19755, 1, 0, 0, 316
1802,0x117ae4,10, 1051694,"  100c2c:	e51b3154 	ldr	r3, [fp, #-340]	; 0xfffffeac
",benign, 286, 199, 2886, 2, 1778, 1084, 1, 519, 725, 0, 241, 24126, 521, 3, 93, 2803, 1173, 411, 3, 13961, 6440, 8197, 0, 0, 33, 1851, 2035, 2920, 94, 0, 0, 17, 73, 115, 2, 24866, 16268, 19551, 1, 0, 0, 316
1803,0x117fa8,5, 1059026,"  1028d0:	e0823003 	add	r3, r2, r3
",benign, 289, 198, 2869, 1, 1777, 1083, 1, 522, 734, 0, 241, 24311, 531, 3, 93, 2915, 1252, 415, 3, 14057, 6512, 8230, 0, 0, 34, 1846, 2041, 2909, 91, 0, 0, 17, 22, 129, 2, 24591, 16399, 19943, 1, 0, 0, 374
1804,0x13ce30,23, 1052317,"  100e9c:	e51b3018 	ldr	r3, [fp, #-24]	; 0xffffffe8
",benign, 526, 432, 2898, 2, 1805, 1085, 1, 531, 747, 0, 262, 24754, 544, 3, 92, 2691, 1437, 415, 3, 14385, 6516, 8327, 0, 0, 34, 1902, 2076, 2940, 93, 0, 0, 17, 33, 128, 2, 24940, 16584, 19938, 1, 0, 0, 316
1805,0x13a7e4,19, 1055644,"  101b9c:	e51b3018 	ldr	r3, [fp, #-24]	; 0xffffffe8
",benign, 286, 198, 2966, 2, 1839, 1101, 1, 528, 735, 0, 245, 24170, 531, 3, 90, 2944, 1433, 415, 3, 14139, 6495, 8387, 0, 0, 33, 1918, 2073, 2994, 91, 0, 0, 18, 42, 130, 2, 25085, 16823, 20141, 1, 0, 0, 316
1806,0x11f5fc,29, 1050757,"  100884:	e5933000 	ldr	r3, [r3]
",benign, 375, 198, 2887, 6, 1775, 1086, 1, 519, 725, 0, 235, 24943, 521, 3, 93, 3315, 1109, 420, 3, 14948, 7335, 8249, 0, 0, 33, 1839, 2057, 2909, 91, 0, 0, 17, 21, 137, 14, 25679, 17207, 20626, 4, 0, 0, 316
1807,0x103fe8,17, 1053445,"  101304:	e1a02de3 	ror	r2, r3, #27
",benign, 287, 197, 2895, 2, 1793, 1084, 1, 531, 747, 0, 253, 24138, 544, 3, 92, 3260, 1381, 413, 3, 14540, 6620, 8321, 0, 0, 34, 1899, 2057, 2933, 91, 0, 0, 17, 22, 115, 2, 24520, 16664, 19925, 1, 0, 0, 316
1808,0x1068d8,14, 1058857,"  102828:	e50b300c 	str	r3, [fp, #-12]
",benign, 289, 197, 2886, 1, 1776, 1085, 1, 519, 725, 0, 247, 23959, 521, 3, 93, 2812, 1434, 415, 3, 14414, 6468, 8209, 0, 0, 33, 1847, 2032, 2917, 91, 0, 0, 17, 22, 130, 2, 24548, 16446, 19795, 1, 0, 0, 316
1809,0x137760,6, 1051581,"  100bbc:	e3073999 	movw	r3, #31129	; 0x7999
",benign, 288, 197, 2902, 2, 1796, 1083, 1, 531, 747, 0, 257, 24396, 544, 3, 93, 2956, 1101, 395, 3, 14585, 6784, 8297, 0, 0, 34, 1906, 2068, 2936, 92, 0, 0, 18, 21, 117, 2, 24762, 16618, 19879, 1, 0, 0, 372
1810,0x135140,7, 1056226,"  101de0:	e51b3018 	ldr	r3, [fp, #-24]	; 0xffffffe8
",benign, 283, 198, 2871, 2, 1770, 1082, 1, 521, 728, 0, 252, 23957, 524, 3, 94, 2721, 1623, 415, 3, 13914, 6264, 8203, 0, 0, 33, 1849, 2034, 2916, 93, 0, 0, 18, 33, 130, 2, 24724, 16433, 19736, 1, 0, 0, 316
1811,0x11ae10,9, 1058583,"  102714:	e0822003 	add	r2, r2, r3
",benign, 285, 198, 2874, 2, 1767, 1081, 1, 521, 728, 0, 244, 24158, 524, 3, 94, 2924, 1498, 415, 3, 13864, 6246, 8223, 0, 0, 33, 1848, 2038, 2901, 91, 0, 0, 18, 21, 131, 2, 24824, 16353, 19579, 1, 0, 0, 316
1812,0x133284,2, 1054427,"  1016d8:	e50b3010 	str	r3, [fp, #-16]
",benign, 286, 196, 2893, 2, 1790, 1082, 1, 531, 747, 0, 246, 24224, 544, 3, 93, 3034, 1249, 415, 3, 14366, 6750, 8311, 0, 0, 34, 1892, 2058, 2925, 91, 0, 0, 17, 71, 128, 2, 24696, 16457, 19769, 1, 0, 0, 316
1813,0x11d5b4,12, 1054227,"  101610:	e1a02de3 	ror	r2, r3, #27
",benign, 287, 197, 2869, 2, 1772, 1086, 1, 522, 734, 0, 231, 24036, 531, 3, 92, 2983, 1216, 453, 3, 14190, 6492, 8205, 0, 0, 34, 1844, 2060, 2901, 91, 0, 0, 17, 71, 132, 2, 24588, 16391, 19623, 1, 0, 0, 316
1814,0x123e08,3, 1052603,"  100fb8:	e51b300c 	ldr	r3, [fp, #-12]
",benign, 291, 199, 2884, 2, 1783, 1083, 1, 527, 741, 0, 257, 24181, 538, 3, 92, 2784, 1378, 415, 3, 14257, 6437, 8287, 0, 0, 34, 1876, 2052, 2925, 91, 0, 0, 17, 22, 132, 2, 24686, 16670, 20007, 1, 0, 0, 316
1815,0x106774,21, 1053911,"  1014d4:	e51b3014 	ldr	r3, [fp, #-20]	; 0xffffffec
",benign, 289, 197, 2883, 1, 1790, 1081, 1, 528, 742, 0, 245, 24082, 539, 3, 92, 2680, 1393, 411, 3, 14182, 6533, 8272, 0, 0, 34, 1948, 2103, 2916, 93, 0, 0, 18, 21, 134, 2, 25078, 16528, 19881, 1, 0, 0, 316
1816,0x135acc,26, 1060392,"  102e28:	e51b3018 	ldr	r3, [fp, #-24]	; 0xffffffe8
",benign, 289, 197, 2879, 2, 1773, 1081, 1, 521, 728, 0, 246, 24111, 524, 3, 95, 2737, 1319, 412, 3, 13991, 6316, 8208, 0, 0, 33, 1853, 2028, 2909, 91, 0, 0, 18, 21, 130, 2, 24594, 16344, 19648, 1, 0, 0, 316
1817,0x12573c,13, 1061420,"  10322c:	e2433004 	sub	r3, r3, #4
",benign, 289, 196, 2875, 1, 1776, 1088, 1, 517, 721, 0, 246, 24166, 517, 3, 93, 2954, 1262, 415, 3, 14228, 6347, 8156, 0, 0, 33, 1852, 2022, 2907, 93, 0, 0, 17, 21, 132, 2, 24714, 16406, 19748, 1, 0, 0, 316
1818,0x13aad8,23, 1059679,"  102b5c:	e50b3020 	str	r3, [fp, #-32]	; 0xffffffe0
",benign, 347, 256, 2867, 1, 1767, 1084, 1, 522, 734, 0, 240, 23947, 531, 3, 92, 2943, 1215, 415, 3, 14214, 6329, 8202, 0, 0, 34, 1839, 2053, 2911, 92, 0, 0, 18, 22, 130, 2, 24674, 16560, 19903, 1, 0, 0, 316
1820,0x139a3c,2, 1049871,"  10050c:	fa00499b 	blx	112b80 <strlen>
",benign, 393, 197, 2855, 4, 1752, 1080, 1, 521, 727, 0, 252, 25170, 524, 3, 91, 3410, 1042, 406, 3, 15158, 7806, 8208, 0, 0, 34, 1850, 2011, 2886, 91, 0, 0, 17, 52, 115, 5, 25691, 17177, 20557, 3, 0, 0, 316
1821,0x123a4c,1, 1054422,"  1016d4:	e51b300c 	ldr	r3, [fp, #-12]
",benign, 288, 197, 2888, 2, 1776, 1083, 1, 528, 742, 0, 251, 24440, 539, 3, 92, 2853, 1441, 415, 3, 13959, 6346, 8270, 0, 0, 34, 1876, 2055, 2924, 93, 0, 0, 17, 41, 112, 2, 24951, 16524, 20055, 1, 0, 0, 316
1822,0x12bc68,15, 1056353,"  101e60:	e1811003 	orr	r1, r1, r3
",benign, 285, 198, 2878, 2, 1780, 1084, 1, 521, 728, 0, 248, 24004, 524, 3, 94, 2915, 1174, 397, 3, 13879, 6178, 8212, 0, 0, 33, 1850, 2031, 2907, 91, 0, 0, 17, 33, 132, 2, 24800, 16381, 19620, 1, 0, 0, 372
1823,0x1252bc,24, 1062194,"  103530:	e51b2018 	ldr	r2, [fp, #-24]	; 0xffffffe8
",benign, 289, 197, 2893, 1, 1796, 1085, 1, 527, 741, 0, 254, 24199, 538, 3, 92, 2952, 1160, 467, 3, 14532, 6628, 8257, 0, 0, 34, 1877, 2071, 2937, 96, 0, 0, 17, 22, 132, 2, 24701, 16623, 19916, 1, 0, 0, 316
1824,0x1286f4,13, 1055781,"  101c24:	e30e3ba1 	movw	r3, #60321	; 0xeba1
",benign, 288, 198, 2870, 2, 1767, 1081, 1, 521, 728, 0, 248, 23960, 524, 3, 94, 2863, 1348, 415, 3, 13994, 6366, 8227, 0, 0, 33, 1863, 2030, 2908, 91, 0, 0, 18, 33, 134, 2, 24822, 16398, 19690, 1, 0, 0, 316
1825,0x12c580,20, 1052743,"  101044:	e51b3010 	ldr	r3, [fp, #-16]
",benign, 284, 196, 2891, 2, 1789, 1083, 1, 531, 747, 0, 250, 24059, 544, 3, 92, 2888, 1189, 411, 3, 14169, 6371, 8324, 0, 0, 34, 1891, 2063, 2925, 91, 0, 0, 18, 33, 132, 2, 25100, 16307, 19605, 1, 0, 0, 316
1826,0x127098,3, 1061517,"  10328c:	e24bd004 	sub	sp, fp, #4
",benign, 344, 257, 2875, 2, 1768, 1081, 1, 521, 728, 0, 245, 24138, 524, 3, 94, 2962, 1273, 397, 3, 14099, 6339, 8210, 0, 0, 33, 1862, 2031, 2912, 93, 0, 0, 18, 34, 132, 2, 24584, 16595, 20034, 1, 0, 0, 316
1827,0x133984,16, 1050914,"  100920:	e5c32000 	strb	r2, [r3]
",benign, 374, 197, 2846, 5, 1747, 1081, 1, 521, 727, 0, 255, 24894, 524, 3, 92, 3317, 1163, 399, 3, 14901, 7455, 8199, 0, 0, 34, 1836, 2051, 2891, 91, 0, 0, 18, 38, 286, 7, 25701, 17288, 20717, 3, 0, 0, 316
1828,0x1387b4,8, 1058187,"  102588:	e50b3010 	str	r3, [fp, #-16]
",benign, 282, 199, 2877, 2, 1780, 1087, 1, 519, 725, 0, 241, 24140, 521, 3, 94, 2778, 1196, 395, 3, 14056, 6431, 8206, 0, 0, 33, 1856, 2023, 2918, 93, 0, 0, 17, 21, 132, 2, 24646, 16345, 19618, 1, 0, 0, 316
1829,0x1080f4,10, 1055814,"  101c44:	e51b3010 	ldr	r3, [fp, #-16]
",benign, 285, 198, 2875, 2, 1769, 1081, 1, 521, 728, 0, 245, 24090, 524, 3, 95, 2608, 1467, 412, 3, 14071, 6262, 8163, 0, 0, 33, 1853, 2040, 2916, 93, 0, 0, 17, 33, 132, 2, 24568, 16327, 19826, 1, 0, 0, 374
1830,0x127ef8,25, 1057726,"  1023bc:	e0011003 	and	r1, r1, r3
",benign, 280, 198, 2865, 2, 1766, 1087, 1, 519, 726, 0, 233, 23755, 522, 3, 94, 2650, 1492, 413, 3, 14498, 6741, 8188, 0, 0, 33, 1827, 2058, 2907, 92, 0, 0, 17, 22, 112, 2, 24676, 16309, 19733, 1, 0, 0, 316
1831,0x10d4f8,28, 1060323,"  102de0:	e0823003 	add	r3, r2, r3
",benign, 287, 199, 2893, 2, 1784, 1083, 1, 522, 728, 0, 251, 24344, 524, 3, 92, 2939, 1275, 415, 3, 14185, 6565, 8222, 0, 0, 33, 1869, 2040, 2915, 91, 0, 0, 18, 34, 134, 2, 25049, 16554, 19785, 1, 0, 0, 316
1832,0x10bf84,18, 1061351,"  1031e4:	e51b3010 	ldr	r3, [fp, #-16]
",benign, 291, 198, 2861, 2, 1776, 1088, 1, 522, 734, 0, 241, 23999, 531, 3, 92, 2722, 1186, 395, 3, 14176, 6700, 8193, 0, 0, 34, 1832, 2057, 2904, 92, 0, 0, 17, 22, 114, 2, 24759, 16438, 19714, 1, 0, 0, 316
1833,0x132030,28, 1058666,"  102768:	e51b3018 	ldr	r3, [fp, #-24]	; 0xffffffe8
",benign, 285, 198, 2866, 2, 1777, 1083, 1, 521, 728, 0, 253, 24061, 524, 3, 94, 2862, 1264, 398, 3, 14127, 6466, 8246, 0, 0, 33, 1860, 2029, 2905, 91, 0, 0, 17, 21, 132, 2, 24762, 16519, 19961, 1, 0, 0, 316
1834,0x11bcd4,30, 1053623,"  1013b4:	e3073999 	movw	r3, #31129	; 0x7999
",benign, 288, 196, 2848, 2, 1751, 1082, 1, 521, 727, 0, 263, 24174, 524, 3, 91, 3000, 1154, 398, 3, 14312, 6404, 8138, 0, 0, 34, 1843, 2016, 2889, 93, 0, 0, 18, 22, 130, 2, 24675, 16538, 19857, 1, 0, 0, 316
1835,0x10a9fc,25, 1054917,"  1018c4:	e30e3ba1 	movw	r3, #60321	; 0xeba1
",benign, 287, 198, 2887, 1, 1789, 1085, 1, 528, 742, 0, 256, 24077, 539, 3, 92, 3044, 1256, 415, 3, 14168, 6602, 8278, 0, 0, 34, 1890, 2055, 2925, 94, 0, 0, 17, 34, 112, 2, 25002, 16374, 19623, 1, 0, 0, 316
1836,0x11ae48,6, 1051744,"  100c60:	e51b300c 	ldr	r3, [fp, #-12]
",benign, 284, 198, 2867, 2, 1777, 1084, 1, 519, 726, 0, 232, 23942, 522, 3, 94, 3061, 1269, 415, 3, 13943, 6235, 8183, 0, 0, 33, 1833, 2047, 2905, 92, 0, 0, 18, 41, 130, 2, 24600, 16245, 19492, 1, 0, 0, 375
1837,0x1383c0,22, 1058923,"  102868:	e50b3020 	str	r3, [fp, #-32]	; 0xffffffe0
",benign, 286, 198, 2885, 1, 1775, 1087, 1, 519, 725, 0, 248, 24078, 521, 3, 94, 2983, 1460, 398, 3, 14129, 6485, 8184, 0, 0, 33, 1858, 2033, 2908, 92, 0, 0, 17, 21, 132, 2, 24666, 16411, 19718, 1, 0, 0, 316
1838,0x136440,19, 1059725,"  102b8c:	e51b300c 	ldr	r3, [fp, #-12]
",benign, 289, 198, 2879, 2, 1774, 1086, 1, 519, 725, 0, 241, 24277, 521, 3, 94, 2797, 1411, 415, 3, 14230, 6407, 8170, 0, 0, 33, 1853, 2032, 2910, 92, 0, 0, 17, 22, 132, 2, 24655, 16331, 19659, 1, 0, 0, 316
1839,0x115c74,31, 1061560,"  1032b8:	1a00001c 	bne	103330 <sha_print+0x9c>
",benign, 286, 197, 2898, 2, 1794, 1082, 1, 531, 747, 0, 248, 24212, 544, 3, 92, 2978, 1252, 415, 3, 14194, 6322, 8306, 0, 0, 34, 1898, 2064, 2938, 94, 0, 0, 17, 42, 132, 2, 24795, 16547, 19817, 1, 0, 0, 316
1840,0x11da74,6, 1052719,"  10102c:	e50b300c 	str	r3, [fp, #-12]
",benign, 289, 196, 2846, 1, 1749, 1081, 1, 521, 727, 0, 251, 24134, 524, 3, 92, 2898, 1315, 415, 3, 14184, 6700, 8162, 0, 0, 34, 1901, 2081, 2887, 91, 0, 0, 17, 46, 112, 2, 24872, 16236, 19555, 1, 0, 0, 316
1841,0x12b9d4,4, 1053131,"  1011c8:	e0822003 	add	r2, r2, r3
",benign, 344, 256, 2870, 1, 1766, 1083, 1, 522, 727, 0, 239, 24212, 523, 3, 94, 3030, 1201, 413, 3, 14193, 6361, 8177, 0, 0, 33, 1855, 2031, 2897, 91, 0, 0, 17, 21, 130, 2, 25079, 16386, 19655, 1, 0, 0, 316
1842,0x118958,25, 1062405,"  103604:	e353000f 	cmp	r3, #15
",benign, 295, 198, 2863, 1, 1773, 1082, 1, 522, 734, 0, 236, 23974, 531, 3, 92, 2784, 1163, 398, 3, 14356, 6647, 8179, 0, 0, 34, 1845, 2056, 2901, 92, 0, 0, 17, 22, 112, 2, 25011, 16368, 19876, 1, 0, 0, 375
1843,0x11bca0,22, 1056750,"  101fec:	e1813003 	orr	r3, r1, r3
",benign, 288, 198, 2883, 1, 1775, 1087, 1, 519, 725, 0, 245, 24153, 521, 3, 94, 2831, 1350, 413, 3, 14361, 6690, 8199, 0, 0, 33, 1850, 2033, 2916, 92, 0, 0, 17, 58, 112, 2, 24881, 16273, 19567, 1, 0, 0, 316
1844,0x134e1c,16, 1050733,"  10086c:	e50b3014 	str	r3, [fp, #-20]	; 0xffffffec
",benign, 353, 198, 2892, 7, 1790, 1085, 1, 527, 741, 0, 241, 25209, 538, 3, 92, 3145, 1240, 420, 3, 15181, 7610, 8334, 0, 0, 34, 1861, 2085, 2913, 91, 0, 0, 17, 22, 135, 9, 25431, 17355, 20771, 4, 0, 0, 316
1845,0x12bee4,14, 1051211,"  100a48:	e51b3008 	ldr	r3, [fp, #-8]
",benign, 283, 198, 2877, 2, 1770, 1085, 1, 519, 725, 0, 239, 24196, 521, 3, 93, 3106, 1412, 412, 3, 14349, 6672, 8189, 0, 0, 33, 1847, 2030, 2905, 91, 0, 0, 17, 22, 132, 2, 24863, 16353, 19731, 1, 0, 0, 316
1846,0x113204,11, 1057071,"  10212c:	e50b3010 	str	r3, [fp, #-16]
",benign, 285, 197, 2882, 2, 1774, 1082, 1, 521, 728, 0, 252, 24163, 524, 3, 94, 2740, 1266, 412, 3, 14254, 6550, 8228, 0, 0, 33, 1854, 2038, 2923, 93, 0, 0, 17, 21, 132, 2, 24811, 16502, 19757, 1, 0, 0, 316
1847,0x124d18,24, 1055784,"  101c28:	e3463ed9 	movt	r3, #28377	; 0x6ed9
",benign, 288, 197, 2884, 2, 1778, 1082, 1, 527, 741, 0, 254, 24335, 538, 3, 93, 2610, 1261, 415, 3, 14034, 6447, 8274, 0, 0, 34, 1890, 2061, 2941, 94, 0, 0, 18, 72, 134, 2, 24787, 16390, 19720, 1, 0, 0, 316
1848,0x1162bc,18, 1057326,"  10222c:	e50b300c 	str	r3, [fp, #-12]
",benign, 350, 257, 2876, 2, 1771, 1082, 1, 521, 728, 0, 249, 24223, 524, 3, 94, 2623, 1471, 413, 3, 13995, 6408, 8215, 0, 0, 33, 1853, 2033, 2901, 91, 0, 0, 17, 21, 112, 2, 24397, 16409, 19673, 1, 0, 0, 316
1849,0x103d74,19, 1053711,"  10140c:	e0822003 	add	r2, r2, r3
",benign, 288, 197, 2850, 2, 1748, 1081, 1, 521, 727, 0, 249, 23896, 524, 3, 92, 2875, 1124, 411, 3, 14210, 6666, 8149, 0, 0, 34, 1844, 2014, 2886, 92, 0, 0, 17, 22, 132, 2, 24649, 16249, 19712, 1, 0, 0, 372
1850,0x11dc30,25, 1055341,"  101a6c:	e51b30d4 	ldr	r3, [fp, #-212]	; 0xffffff2c
",benign, 338, 255, 2826, 2, 1723, 1076, 1, 511, 711, 0, 230, 23727, 507, 3, 94, 3130, 1425, 413, 3, 13738, 6247, 7976, 0, 0, 33, 1764, 2006, 2844, 91, 0, 0, 17, 49, 132, 2, 24345, 16212, 19644, 1, 0, 0, 316
1851,0x12ccf0,28, 1061025,"  1030a0:	e5933018 	ldr	r3, [r3, #24]
",benign, 296, 197, 2847, 2, 1750, 1082, 1, 521, 727, 0, 261, 24163, 524, 3, 91, 2986, 1074, 398, 3, 14573, 7208, 8136, 0, 0, 34, 1843, 2019, 2897, 93, 0, 0, 18, 21, 116, 2, 24656, 16477, 19804, 1, 0, 0, 316
1852,0x11e958,17, 1050790,"  1008a4:	e2833001 	add	r3, r3, #1
",benign, 371, 198, 2870, 8, 1779, 1083, 1, 521, 728, 0, 242, 25100, 524, 3, 94, 3246, 1271, 420, 3, 14964, 7369, 8267, 0, 0, 33, 1848, 2056, 2915, 92, 0, 0, 17, 21, 117, 11, 25705, 17123, 20536, 4, 0, 0, 316
1853,0x132f5c,6, 1054492,"  10171c:	e0823003 	add	r3, r2, r3
",benign, 287, 198, 2866, 2, 1765, 1082, 1, 521, 728, 0, 249, 24050, 524, 3, 94, 2980, 1258, 415, 3, 13906, 6267, 8200, 0, 0, 33, 1847, 2034, 2901, 91, 0, 0, 18, 21, 134, 2, 24635, 16250, 19560, 1, 0, 0, 316
1854,0x131fec,2, 1058767,"  1027cc:	e51b3014 	ldr	r3, [fp, #-20]	; 0xffffffec
",benign, 289, 198, 2869, 2, 1774, 1082, 1, 522, 734, 0, 244, 24261, 531, 3, 92, 2936, 1211, 411, 3, 14190, 6389, 8213, 0, 0, 34, 1851, 2050, 2900, 92, 0, 0, 17, 22, 112, 2, 24581, 16379, 19671, 1, 0, 0, 316
1855,0x10afe4,14, 1052280,"  100e78:	e0822003 	add	r2, r2, r3
",benign, 290, 198, 2867, 2, 1778, 1086, 1, 522, 734, 0, 237, 24134, 531, 3, 92, 3252, 1213, 413, 3, 14121, 6502, 8180, 0, 0, 34, 1846, 2060, 2909, 92, 0, 0, 17, 22, 112, 2, 24629, 16374, 19711, 1, 0, 0, 316
1856,0x138418,18, 1062063,"  1034ac:	e50b3008 	str	r3, [fp, #-8]
",benign, 287, 198, 2877, 2, 1785, 1091, 1, 522, 734, 0, 232, 23868, 531, 3, 92, 2671, 1425, 415, 3, 14344, 6470, 8222, 0, 0, 34, 1835, 2068, 2909, 95, 0, 0, 17, 21, 115, 2, 24666, 16569, 19834, 1, 0, 0, 316
1857,0x1371ec,13, 1062401,"  103600:	e51b301c 	ldr	r3, [fp, #-28]	; 0xffffffe4
",benign, 289, 197, 2888, 2, 1782, 1082, 1, 527, 741, 0, 251, 24310, 538, 3, 95, 2554, 1462, 413, 3, 14068, 6536, 8262, 0, 0, 34, 1876, 2060, 2920, 91, 0, 0, 18, 33, 134, 2, 24789, 16521, 19790, 1, 0, 0, 316
1858,0x1341ec,28, 1056065,"  101d40:	e1a03163 	ror	r3, r3, #2
",benign, 288, 196, 2842, 2, 1746, 1081, 1, 521, 727, 0, 253, 23923, 524, 3, 92, 3331, 1127, 413, 3, 14025, 6480, 8147, 0, 0, 34, 1848, 2016, 2894, 92, 0, 0, 17, 22, 130, 2, 24799, 16480, 19690, 1, 0, 0, 316
1859,0x137f50,9, 1054235,"  101618:	e51b3014 	ldr	r3, [fp, #-20]	; 0xffffffec
",benign, 290, 197, 2898, 2, 1793, 1081, 1, 531, 747, 0, 249, 24408, 544, 3, 92, 3173, 1239, 411, 3, 14117, 6614, 8332, 0, 0, 34, 1906, 2050, 2926, 91, 0, 0, 18, 41, 134, 2, 24828, 16534, 19848, 1, 0, 0, 316
1860,0x13a940,12, 1062062,"  1034ac:	e50b3008 	str	r3, [fp, #-8]
",benign, 284, 199, 2882, 1, 1772, 1085, 1, 519, 725, 0, 238, 24007, 521, 3, 95, 2885, 1214, 415, 3, 14251, 6435, 8196, 0, 0, 33, 1852, 2029, 2905, 91, 0, 0, 17, 235, 128, 2, 25092, 16562, 19863, 1, 0, 0, 316
1861,0x133394,25, 1051400,"  100b08:	e51b300c 	ldr	r3, [fp, #-12]
",benign, 285, 197, 2859, 2, 1770, 1085, 1, 522, 727, 0, 242, 24098, 523, 3, 94, 3095, 1254, 412, 3, 14282, 6630, 8214, 0, 0, 33, 1913, 2088, 2902, 93, 0, 0, 18, 35, 114, 2, 24891, 16377, 19699, 1, 0, 0, 316
1862,0x1285a4,19, 1052650,"  100fe8:	e0822003 	add	r2, r2, r3
",benign, 284, 199, 2892, 2, 1781, 1088, 1, 522, 728, 0, 251, 24177, 524, 3, 92, 2920, 1373, 415, 3, 14168, 6329, 8234, 0, 0, 33, 1871, 2052, 2935, 94, 0, 0, 17, 22, 115, 2, 24890, 16369, 19652, 1, 0, 0, 316
1863,0x13ae5c,12, 1056305,"  101e30:	e50b3018 	str	r3, [fp, #-24]	; 0xffffffe8
",benign, 344, 253, 2868, 2, 1777, 1082, 1, 521, 728, 0, 248, 24162, 524, 3, 94, 2791, 1263, 415, 3, 14246, 6230, 8243, 0, 0, 33, 1857, 2036, 2911, 93, 0, 0, 17, 42, 130, 2, 24724, 16240, 19533, 1, 0, 0, 316
1864,0x111be4,8, 1062366,"  1035dc:	e50b0018 	str	r0, [fp, #-24]	; 0xffffffe8
",benign, 286, 199, 2908, 2, 1798, 1092, 1, 522, 728, 0, 240, 24244, 524, 3, 92, 2960, 1217, 397, 3, 14344, 6535, 8242, 0, 0, 33, 1867, 2041, 2928, 92, 0, 0, 17, 21, 130, 2, 24821, 16280, 19731, 1, 0, 0, 316
1865,0x12aa88,24, 1054171,"  1015d8:	e0823003 	add	r3, r2, r3
",benign, 291, 197, 2906, 2, 1803, 1087, 1, 531, 747, 0, 254, 24380, 544, 3, 93, 3026, 1414, 415, 3, 14177, 6296, 8307, 0, 0, 34, 1909, 2060, 2942, 93, 0, 0, 18, 35, 134, 2, 24824, 16372, 19672, 1, 0, 0, 316
1866,0x117a80,4, 1058667,"  102768:	e51b3018 	ldr	r3, [fp, #-24]	; 0xffffffe8
",benign, 287, 198, 2872, 2, 1773, 1087, 1, 522, 734, 0, 243, 24171, 531, 3, 92, 3061, 1261, 415, 3, 14231, 6564, 8187, 0, 0, 34, 1842, 2034, 2901, 92, 0, 0, 17, 21, 130, 2, 24479, 16563, 19887, 1, 0, 0, 316
1867,0x132260,9, 1056473,"  101ed8:	e51b3018 	ldr	r3, [fp, #-24]	; 0xffffffe8
",benign, 290, 197, 2851, 2, 1748, 1080, 1, 521, 727, 0, 250, 24086, 524, 3, 92, 3268, 1142, 471, 3, 13960, 6545, 8163, 0, 0, 34, 1906, 2083, 2896, 96, 0, 0, 17, 21, 114, 2, 24495, 16223, 19719, 1, 0, 0, 316
1868,0x134048,26, 1051949,"  100d2c:	e0823003 	add	r3, r2, r3
",benign, 344, 257, 2957, 2, 1831, 1100, 1, 528, 735, 0, 251, 24465, 531, 3, 90, 3151, 1139, 415, 3, 14262, 6583, 8359, 0, 0, 33, 1920, 2093, 2992, 91, 0, 0, 17, 22, 132, 2, 25225, 16614, 20105, 1, 0, 0, 316
1869,0x120b54,2, 1051790,"  100c8c:	e51b3018 	ldr	r3, [fp, #-24]	; 0xffffffe8
",benign, 287, 197, 2885, 2, 1788, 1084, 1, 528, 742, 0, 266, 24512, 539, 3, 91, 2883, 1161, 456, 3, 14054, 6426, 8288, 0, 0, 34, 1884, 2052, 2926, 93, 0, 0, 17, 41, 128, 2, 24710, 16434, 19701, 1, 0, 0, 316
1870,0x123ea8,13, 1055404,"  101aac:	e50b300c 	str	r3, [fp, #-12]
",benign, 341, 254, 2873, 2, 1766, 1082, 1, 521, 728, 0, 239, 23857, 524, 3, 94, 2964, 1271, 413, 3, 14201, 6315, 8189, 0, 0, 33, 1848, 2037, 2910, 93, 0, 0, 17, 21, 132, 2, 24582, 16564, 19919, 1, 0, 0, 316
1871,0x12f0c0,11, 1056191,"  101dbc:	e1a03163 	ror	r3, r3, #2
",benign, 282, 199, 2894, 2, 1785, 1088, 1, 522, 728, 0, 242, 24107, 524, 3, 92, 2857, 1234, 415, 3, 13994, 6406, 8232, 0, 0, 33, 1874, 2054, 2933, 94, 0, 0, 18, 21, 134, 2, 24623, 16419, 19839, 1, 0, 0, 316
1872,0x13cc44,1, 1054613,"  101794:	e50b301c 	str	r3, [fp, #-28]	; 0xffffffe4
",benign, 290, 196, 2909, 1, 1798, 1082, 1, 531, 747, 0, 250, 24292, 544, 3, 94, 2820, 1187, 415, 3, 14201, 6608, 8329, 0, 0, 34, 1952, 2124, 2932, 93, 0, 0, 17, 71, 112, 2, 24818, 16540, 19813, 1, 0, 0, 316
1873,0x13a69c,22, 1058663,"  102764:	e0211003 	eor	r1, r1, r3
",benign, 348, 256, 2870, 2, 1769, 1083, 1, 522, 734, 0, 237, 24145, 531, 3, 92, 2800, 1483, 398, 3, 14154, 6553, 8189, 0, 0, 34, 1906, 2121, 2908, 94, 0, 0, 17, 22, 128, 2, 24904, 16385, 19797, 1, 0, 0, 316
1874,0x10a69c,0, 1059265,"  1029c0:	e51b3010 	ldr	r3, [fp, #-16]
",benign, 286, 197, 2871, 1, 1770, 1082, 1, 521, 728, 0, 242, 23995, 524, 3, 94, 3059, 1267, 415, 3, 14127, 6490, 8234, 0, 0, 33, 1864, 2042, 2905, 91, 0, 0, 17, 33, 132, 2, 24864, 16344, 19696, 1, 0, 0, 316
1875,0x101874,31, 1053857,"  1014a0:	e50b301c 	str	r3, [fp, #-28]	; 0xffffffe4
",benign, 349, 256, 2890, 2, 1790, 1082, 1, 531, 747, 0, 247, 24232, 544, 3, 93, 2904, 1403, 415, 3, 14244, 6394, 8302, 0, 0, 34, 1897, 2059, 2933, 93, 0, 0, 17, 22, 132, 2, 24669, 16746, 20016, 1, 0, 0, 316
1876,0x13dbc4,27, 1056687,"  101fac:	e1a03163 	ror	r3, r3, #2
",benign, 283, 199, 2892, 2, 1777, 1085, 1, 519, 725, 0, 237, 24122, 521, 3, 93, 2907, 1211, 415, 3, 14015, 6483, 8198, 0, 0, 33, 1851, 2041, 2931, 95, 0, 0, 17, 34, 129, 2, 24698, 16464, 19818, 1, 0, 0, 316
1877,0x127564,4, 1057451,"  1022a8:	e50b300c 	str	r3, [fp, #-12]
",benign, 284, 198, 2873, 2, 1771, 1084, 1, 519, 725, 0, 243, 24095, 521, 3, 93, 2962, 1190, 398, 3, 14061, 6445, 8190, 0, 0, 33, 1849, 2027, 2916, 92, 0, 0, 17, 21, 132, 2, 24744, 16411, 19664, 1, 0, 0, 316
1878,0x13c5d8,28, 1051564,"  100bac:	e51b301c 	ldr	r3, [fp, #-28]	; 0xffffffe4
",benign, 289, 197, 2903, 2, 1804, 1083, 1, 531, 747, 0, 246, 24261, 544, 3, 94, 2821, 1190, 415, 3, 14273, 6521, 8324, 0, 0, 34, 1949, 2128, 2942, 93, 0, 0, 18, 38, 117, 2, 24904, 16374, 19889, 1, 0, 0, 374
1879,0x10fc0c,15, 1061408,"  103220:	eb003b16 	bl	111e80 <memcpy>
",benign, 287, 197, 2954, 2, 1833, 1100, 1, 528, 735, 0, 256, 24541, 531, 3, 90, 2866, 1443, 398, 3, 14202, 6483, 8410, 0, 0, 33, 1905, 2090, 2987, 92, 0, 0, 17, 21, 128, 2, 24878, 16634, 19920, 1, 0, 0, 316
1880,0x1393d0,24, 1051530,"  100b88:	e51b1010 	ldr	r1, [fp, #-16]
",benign, 339, 254, 2878, 1, 1784, 1090, 1, 519, 725, 0, 243, 24071, 521, 3, 93, 3038, 1217, 397, 3, 14409, 6655, 8219, 0, 0, 33, 1845, 2038, 2915, 91, 0, 0, 17, 33, 128, 2, 24632, 16526, 19857, 1, 0, 0, 316
1881,0x107b0c,14, 1062115,"  1034e0:	e51b2024 	ldr	r2, [fp, #-36]	; 0xffffffdc
",benign, 466, 377, 2895, 2, 1794, 1083, 1, 527, 741, 0, 254, 24712, 538, 3, 94, 2871, 1434, 412, 3, 14132, 6577, 8263, 0, 0, 34, 1891, 2055, 2941, 93, 0, 0, 18, 72, 130, 2, 24953, 16531, 19815, 1, 0, 0, 316
1882,0x11a290,4, 1056485,"  101ee4:	e0011003 	and	r1, r1, r3
",benign, 289, 197, 2898, 2, 1792, 1082, 1, 531, 747, 0, 251, 24346, 544, 3, 93, 2737, 1320, 415, 3, 14332, 6708, 8307, 0, 0, 34, 1897, 2061, 2927, 91, 0, 0, 18, 34, 134, 2, 24678, 16573, 19833, 1, 0, 0, 316
1883,0x12af9c,27, 1058066,"  102510:	e51b3020 	ldr	r3, [fp, #-32]	; 0xffffffe0
",benign, 293, 196, 2904, 2, 1792, 1082, 1, 531, 747, 0, 248, 24353, 544, 3, 95, 3014, 1110, 397, 3, 14171, 6326, 8323, 0, 0, 34, 1897, 2059, 2935, 93, 0, 0, 17, 21, 132, 2, 24714, 16762, 20021, 1, 0, 0, 316
1884,0x10c734,17, 1052607,"  100fbc:	e1a02de3 	ror	r2, r3, #27
",benign, 292, 198, 2881, 2, 1778, 1084, 1, 527, 741, 0, 254, 24371, 538, 3, 92, 2869, 1234, 415, 3, 14353, 6656, 8300, 0, 0, 34, 1883, 2049, 2928, 93, 0, 0, 18, 34, 134, 2, 24943, 16492, 19829, 1, 0, 0, 374
1885,0x1101bc,26, 1050741,"  100874:	e51b3014 	ldr	r3, [fp, #-20]	; 0xffffffec
",benign, 374, 197, 2866, 8, 1758, 1083, 1, 521, 727, 0, 246, 24999, 524, 3, 92, 3062, 1068, 420, 3, 14999, 7476, 8239, 0, 0, 34, 1828, 2042, 2894, 91, 0, 0, 18, 34, 137, 12, 25468, 17008, 20643, 4, 0, 0, 316
1886,0x12206c,8, 1054000,"  101530:	e50b300c 	str	r3, [fp, #-12]
",benign, 295, 198, 2888, 2, 1783, 1087, 1, 522, 734, 0, 238, 24000, 531, 3, 92, 2899, 1192, 411, 3, 14192, 6373, 8205, 0, 0, 34, 1839, 2055, 2906, 91, 0, 0, 17, 21, 132, 2, 24610, 16401, 19770, 1, 0, 0, 316
1887,0x13c878,21, 1056780,"  10200c:	e0823003 	add	r3, r2, r3
",benign, 282, 199, 2870, 2, 1766, 1084, 1, 519, 726, 0, 240, 23999, 522, 3, 94, 2772, 1240, 415, 3, 13957, 6265, 8173, 0, 0, 33, 1828, 2059, 2905, 92, 0, 0, 17, 33, 130, 2, 24483, 16291, 19565, 1, 0, 0, 316
1888,0x126928,10, 1055166,"  1019bc:	e51b3010 	ldr	r3, [fp, #-16]
",benign, 290, 197, 2900, 2, 1793, 1082, 1, 531, 747, 0, 252, 24296, 544, 3, 93, 2610, 1413, 411, 3, 14346, 6439, 8310, 0, 0, 34, 1905, 2056, 2936, 92, 0, 0, 18, 22, 132, 2, 25277, 16483, 19784, 1, 0, 0, 316
1889,0x135d34,17, 1060780,"  102fac:	e51b3010 	ldr	r3, [fp, #-16]
",benign, 288, 197, 2844, 1, 1750, 1080, 1, 521, 727, 0, 249, 24082, 524, 3, 92, 3208, 1127, 415, 3, 14257, 6820, 8153, 0, 0, 34, 1838, 2014, 2882, 91, 0, 0, 17, 34, 132, 2, 25181, 16297, 19596, 1, 0, 0, 316
1890,0x11c008,28, 1055393,"  101aa0:	e51b300c 	ldr	r3, [fp, #-12]
",benign, 287, 198, 2893, 2, 1783, 1083, 1, 527, 741, 0, 252, 24276, 538, 3, 92, 3002, 1495, 411, 3, 14146, 6535, 8245, 0, 0, 34, 1878, 2049, 2937, 91, 0, 0, 18, 21, 114, 2, 24608, 16623, 19927, 1, 0, 0, 316
1891,0x104e9c,5, 1050109,"  1005fc:	e5933000 	ldr	r3, [r3]
",benign, 398, 198, 2893, 6, 1784, 1081, 1, 528, 742, 0, 256, 25297, 539, 3, 91, 3175, 1099, 404, 3, 15065, 7573, 8312, 0, 0, 34, 1878, 2059, 2918, 93, 0, 0, 17, 33, 121, 2, 25924, 17281, 20813, 3, 0, 0, 316
1892,0x10f9b0,5, 1060196,"  102d64:	e51b302c 	ldr	r3, [fp, #-44]	; 0xffffffd4
",benign, 290, 198, 2890, 2, 1782, 1083, 1, 527, 741, 0, 246, 24171, 538, 3, 93, 3042, 1194, 395, 3, 14295, 6689, 8275, 0, 0, 34, 1874, 2048, 2920, 91, 0, 0, 18, 21, 117, 2, 24848, 16489, 19826, 1, 0, 0, 374
1893,0x105acc,26, 1062531,"  103680:	e6af3073 	sxtb	r3, r3
",benign, 287, 198, 2896, 1, 1796, 1093, 1, 519, 725, 0, 248, 24286, 521, 3, 93, 3046, 1252, 415, 3, 14252, 6656, 8194, 0, 0, 33, 1851, 2018, 2924, 93, 0, 0, 18, 34, 132, 2, 24629, 16314, 19587, 1, 0, 0, 316
1894,0x138c6c,23, 1061424,"  103230:	e2433010 	sub	r3, r3, #16
",benign, 284, 199, 2878, 2, 1782, 1086, 1, 519, 725, 0, 239, 24152, 521, 3, 94, 3347, 1322, 411, 3, 14166, 6434, 8194, 0, 0, 33, 1852, 2048, 2915, 94, 0, 0, 18, 21, 117, 2, 24574, 16337, 19653, 1, 0, 0, 316
1895,0x10fbd8,23, 1061197,"  10314c:	fa003cc3 	blx	112460 <memset>
",benign, 289, 198, 2960, 1, 1836, 1097, 1, 528, 735, 0, 240, 24387, 531, 3, 90, 2694, 1386, 472, 3, 14248, 6452, 8387, 0, 0, 33, 1904, 2091, 3000, 93, 0, 0, 18, 74, 132, 2, 24724, 16933, 20261, 1, 0, 0, 316
1896,0x116d8c,4, 1060041,"  102cc8:	e51b3020 	ldr	r3, [fp, #-32]	; 0xffffffe0
",benign, 294, 195, 2896, 2, 1793, 1081, 1, 531, 747, 0, 249, 24367, 544, 3, 93, 2841, 1431, 467, 3, 14148, 6471, 8348, 0, 0, 34, 1950, 2117, 2933, 93, 0, 0, 18, 21, 130, 2, 24904, 16463, 19998, 1, 0, 0, 316
1897,0x124e80,14, 1055894,"  101c94:	e0822003 	add	r2, r2, r3
",benign, 292, 198, 2880, 1, 1787, 1084, 1, 527, 741, 0, 247, 24062, 538, 3, 93, 2630, 1451, 411, 3, 14543, 6866, 8283, 0, 0, 34, 1879, 2052, 2925, 91, 0, 0, 17, 21, 132, 2, 24753, 16622, 19928, 1, 0, 0, 316
1898,0x12eb18,27, 1054664,"  1017c8:	e51b3014 	ldr	r3, [fp, #-20]	; 0xffffffec
",benign, 293, 198, 2877, 1, 1771, 1085, 1, 519, 725, 0, 246, 24040, 521, 3, 93, 3162, 1397, 413, 3, 14152, 6555, 8218, 0, 0, 33, 1855, 2034, 2919, 94, 0, 0, 18, 34, 130, 2, 24646, 16572, 20094, 1, 0, 0, 316
1899,0x111ed0,4, 1051568,"  100bb0:	e0822003 	add	r2, r2, r3
",benign, 293, 197, 2895, 2, 1786, 1081, 1, 527, 741, 0, 252, 24385, 538, 3, 93, 2844, 1206, 415, 3, 14261, 6342, 8288, 0, 0, 34, 1886, 2060, 2934, 93, 0, 0, 17, 42, 132, 2, 24855, 16497, 19944, 1, 0, 0, 316
