num,reg,pos,loc,res,0,1,2,3,4,5,6,7,8,9,10,11,12,13,14,15,16,17,18,19,20,21,22,23,24,25,26,27,28,29,30,31,32,33,34,35,36,37,38,39,40,41
0,8,3, 1053871,benign, 581, 23, 8555, 0, 5828, 2691, 1, 464, 700, 0, 207, 33487, 397, 3, 43, 7422, 295, 442, 5, 13694, 9717, 19498, 0, 0, 25, 4774, 4827, 8482, 42, 0, 0, 18, 20, 158, 4, 34306, 25479, 28962, 2, 0, 0, 322
1,3,21, 1050643,SDC, 545, 147, 8550, 0, 5825, 2692, 2, 464, 694, 0, 197, 33525, 392, 3, 42, 6735, 311, 447, 5, 13006, 9144, 19500, 0, 0, 25, 4838, 4914, 8486, 41, 0, 0, 18, 20, 158, 3, 33879, 25409, 28710, 2, 0, 0, 317
2,1,15, 1056684,benign, 712, 147, 8574, 4, 5827, 2694, 1, 464, 699, 0, 197, 33686, 397, 3, 43, 7402, 300, 443, 5, 13379, 9453, 19488, 0, 0, 25, 4782, 4817, 8482, 40, 0, 0, 18, 20, 158, 4, 34000, 25666, 28957, 2, 0, 0, 317
3,5,14, 1051735,benign, 584, 148, 8565, 0, 5828, 2693, 2, 464, 700, 0, 198, 33471, 397, 3, 42, 6733, 505, 443, 5, 13454, 9470, 19507, 0, 0, 25, 4716, 4886, 8478, 42, 0, 0, 18, 20, 234, 3, 34106, 25343, 28683, 2, 0, 0, 320
4,2,3, 1051065,SDC, 561, 148, 8556, 1, 5821, 2691, 2, 464, 694, 0, 197, 33439, 392, 3, 41, 6710, 326, 445, 5, 13530, 9565, 19494, 0, 0, 25, 4711, 4893, 8485, 42, 0, 0, 18, 20, 166, 4, 33940, 25199, 28499, 2, 0, 0, 384
5,1,27, 1054112,SDC, 637, 146, 8562, 4, 5819, 2689, 3, 464, 694, 0, 197, 33210, 392, 3, 42, 7235, 253, 447, 5, 13083, 9200, 19458, 0, 0, 25, 4768, 4832, 8484, 42, 0, 0, 18, 20, 169, 3, 34395, 25335, 28652, 2, 0, 0, 326
6,2,16, 1059244,benign, 791, 148, 8574, 4, 5821, 2683, 2, 464, 699, 0, 195, 33750, 397, 3, 40, 7440, 314, 430, 5, 13682, 9673, 19483, 0, 0, 25, 4798, 4846, 8483, 42, 0, 0, 18, 20, 158, 3, 34422, 25870, 29231, 2, 0, 0, 376
7,10,19, 1057412,benign, 734, 146, 8567, 4, 5826, 2687, 1, 464, 699, 0, 196, 33649, 397, 3, 42, 7342, 314, 443, 5, 13518, 9575, 19475, 0, 0, 25, 4709, 4893, 8490, 42, 0, 0, 18, 20, 173, 2, 34517, 25539, 28849, 2, 0, 0, 321
8,2,26, 1050081,SDC, 530, 148, 8553, 0, 5820, 2690, 1, 464, 694, 0, 203, 33635, 392, 3, 43, 6561, 276, 451, 5, 13284, 9180, 19493, 0, 0, 25, 4758, 4965, 8476, 42, 0, 0, 18, 20, 166, 3, 34151, 25337, 28631, 2, 0, 0, 319
9,9,25, 1054356,benign, 637, 146, 8564, 4, 5826, 2695, 2, 464, 699, 0, 199, 33075, 397, 3, 41, 7163, 300, 504, 5, 13539, 9564, 19465, 0, 0, 25, 4723, 4879, 8485, 42, 0, 0, 18, 20, 167, 3, 34119, 25470, 28728, 2, 0, 0, 319
10,0,19, 1059824,benign, 797, 148, 8582, 4, 5827, 2694, 1, 464, 699, 0, 202, 33502, 397, 3, 41, 7899, 311, 442, 5, 13761, 9799, 19477, 0, 0, 25, 5036, 5192, 8482, 42, 0, 0, 18, 20, 158, 3, 34620, 25502, 29001, 2, 0, 0, 379
11,0,0, 1058601,benign, 799, 147, 8576, 0, 5831, 2694, 2, 464, 699, 0, 199, 33944, 397, 3, 41, 7354, 511, 518, 5, 13760, 9781, 19501, 0, 0, 25, 4786, 4953, 8487, 42, 0, 0, 18, 20, 160, 3, 34511, 26239, 29583, 2, 0, 0, 316
12,5,13, 1054254,benign, 661, 147, 8576, 0, 5834, 2688, 2, 464, 699, 0, 199, 33625, 397, 3, 43, 7307, 319, 444, 5, 13601, 9631, 19518, 0, 0, 25, 4744, 4904, 8491, 42, 0, 0, 18, 20, 158, 4, 34501, 25672, 29006, 2, 0, 0, 376
13,1,11, 1059599,benign, 530, 146, 8564, 0, 5829, 2693, 2, 464, 699, 0, 190, 33158, 397, 3, 41, 6494, 300, 453, 5, 13330, 9254, 19508, 0, 0, 25, 4648, 4974, 8482, 34, 0, 0, 18, 20, 158, 3, 33679, 25084, 28602, 2, 0, 0, 321
14,10,14, 1059325,benign, 811, 147, 8581, 0, 5824, 2691, 1, 464, 699, 0, 193, 33889, 397, 3, 41, 7516, 327, 444, 5, 14343, 10329, 19557, 0, 0, 25, 4754, 4887, 8485, 42, 0, 0, 18, 20, 158, 4, 34552, 25747, 29092, 2, 0, 0, 319
15,9,10, 1050978,benign, 553, 146, 8556, 0, 5822, 2685, 1, 464, 699, 0, 201, 33418, 397, 3, 41, 6604, 306, 503, 5, 13255, 9281, 19482, 0, 0, 25, 4700, 4896, 8489, 42, 0, 0, 18, 20, 160, 3, 33989, 25672, 28919, 2, 0, 0, 323
16,8,26, 1054226,benign, 659, 148, 8560, 0, 5828, 2694, 1, 464, 699, 0, 195, 33540, 397, 3, 41, 7462, 327, 444, 5, 13493, 9506, 19500, 0, 0, 25, 4768, 4949, 8482, 42, 0, 0, 18, 20, 158, 3, 34065, 25697, 28959, 2, 0, 0, 317
17,0,10, 1053489,benign, 635, 148, 8569, 0, 5824, 2689, 2, 464, 699, 0, 197, 33519, 397, 3, 41, 7258, 334, 443, 5, 13435, 9416, 19510, 0, 0, 25, 4769, 4835, 8481, 42, 0, 0, 18, 20, 188, 3, 33937, 25738, 29024, 2, 0, 0, 411
18,0,28, 1053177,benign, 628, 148, 8565, 0, 5826, 2689, 3, 464, 699, 0, 195, 33483, 397, 3, 41, 7296, 312, 514, 5, 13630, 9513, 19488, 0, 0, 25, 4716, 4885, 8485, 42, 0, 0, 18, 20, 160, 3, 33876, 25680, 29168, 2, 0, 0, 323
19,10,22, 1057639,benign, 765, 149, 8572, 0, 5824, 2686, 1, 464, 699, 0, 197, 33908, 397, 3, 43, 7931, 305, 441, 5, 13743, 9796, 19498, 0, 0, 25, 4776, 4829, 8483, 42, 0, 0, 18, 20, 160, 3, 34853, 26068, 29361, 2, 0, 0, 319
20,3,29, 1058996,SDC, 784, 148, 8583, 4, 5827, 2691, 2, 464, 694, 0, 200, 34045, 392, 3, 41, 7458, 303, 519, 5, 13749, 9552, 19460, 0, 0, 25, 4730, 4910, 8491, 41, 0, 0, 18, 20, 159, 3, 34378, 25625, 28926, 2, 0, 0, 386
21,0,23, 1056536,benign, 706, 148, 8572, 4, 5826, 2684, 1, 464, 699, 0, 196, 33808, 397, 3, 41, 7292, 301, 444, 5, 13547, 9531, 19478, 0, 0, 25, 4815, 4833, 8483, 40, 0, 0, 18, 20, 158, 3, 34073, 25430, 28694, 2, 0, 0, 319
22,8,18, 1057835,benign, 770, 148, 8573, 0, 5827, 2690, 1, 464, 699, 0, 196, 33888, 397, 3, 44, 7608, 302, 443, 5, 13690, 9662, 19485, 0, 0, 25, 4916, 4686, 8482, 42, 0, 0, 18, 20, 159, 3, 34440, 25901, 29171, 1, 0, 0, 317
23,1,30, 1059606,benign, 516, 148, 8555, 0, 5825, 2687, 2, 464, 699, 0, 194, 33454, 397, 3, 40, 6656, 265, 444, 5, 13259, 9280, 19524, 0, 0, 25, 4446, 5160, 8488, 34, 0, 0, 18, 20, 158, 3, 33717, 25584, 28887, 1, 0, 0, 317
24,6,14, 1051129,benign, 562, 149, 8564, 0, 5827, 2694, 2, 464, 699, 0, 195, 33300, 397, 3, 41, 6728, 310, 446, 5, 13829, 9813, 19491, 0, 0, 25, 4727, 4914, 8486, 42, 0, 0, 18, 20, 180, 3, 33618, 25653, 28939, 2, 0, 0, 319
25,4,1, 1058756,benign, 778, 149, 8579, 4, 5826, 2693, 1, 464, 699, 0, 195, 34195, 397, 3, 43, 7444, 309, 441, 5, 13631, 9659, 19502, 0, 0, 25, 4735, 4904, 8478, 42, 0, 0, 18, 20, 153, 2, 34391, 25823, 29258, 2, 0, 0, 319
26,10,8, 1051802,benign, 580, 146, 8560, 0, 5828, 2693, 1, 464, 699, 0, 202, 33577, 397, 3, 41, 6818, 334, 479, 5, 13670, 9486, 19503, 0, 0, 25, 4951, 4647, 8486, 42, 0, 0, 18, 20, 157, 2, 34231, 25370, 28814, 2, 0, 0, 331
27,9,7, 1055389,benign, 691, 148, 8570, 0, 5824, 2692, 1, 464, 699, 0, 200, 34197, 397, 3, 41, 7281, 322, 451, 5, 13673, 9652, 19500, 0, 0, 25, 4731, 4875, 8497, 42, 0, 0, 18, 20, 158, 2, 34861, 25743, 29013, 2, 0, 0, 384
28,3,8, 1053124,benign, 599, 146, 8564, 4, 5827, 2694, 2, 464, 699, 0, 196, 33219, 397, 3, 42, 6942, 425, 445, 5, 12893, 8816, 19476, 0, 0, 25, 4738, 4911, 8491, 42, 0, 0, 18, 20, 159, 3, 33815, 25633, 29096, 2, 0, 0, 316
29,8,19, 1060017,benign, 805, 146, 8580, 0, 5832, 2699, 1, 464, 699, 0, 201, 34264, 397, 3, 41, 7842, 287, 447, 5, 13960, 10029, 19569, 0, 0, 25, 4741, 4907, 8498, 42, 0, 0, 18, 20, 170, 3, 34798, 26143, 29441, 2, 0, 0, 317
30,4,18, 1055610,benign, 701, 149, 8558, 0, 5823, 2691, 1, 464, 699, 0, 204, 34305, 397, 3, 41, 7165, 301, 439, 5, 13536, 9560, 19511, 0, 0, 25, 4726, 4886, 8503, 42, 0, 0, 18, 20, 161, 2, 34615, 25821, 29097, 1, 0, 0, 333
31,6,26, 1053286,benign, 630, 148, 8567, 0, 5829, 2693, 1, 464, 699, 0, 193, 33262, 397, 3, 41, 6767, 329, 444, 5, 13882, 9681, 19494, 0, 0, 25, 4990, 4649, 8480, 42, 0, 0, 18, 20, 161, 3, 34045, 25480, 28749, 2, 0, 0, 320
32,5,3, 1056616,benign, 709, 148, 8580, 4, 5829, 2696, 1, 464, 699, 0, 195, 33730, 397, 3, 42, 7579, 324, 446, 5, 13423, 9305, 19493, 0, 0, 25, 4798, 4971, 8485, 42, 0, 0, 18, 20, 157, 3, 34553, 25753, 29193, 2, 0, 0, 319
33,4,0, 1052913,benign, 620, 147, 8570, 1, 5828, 2694, 5, 464, 699, 0, 196, 33468, 397, 3, 40, 6800, 313, 505, 5, 13519, 9504, 19485, 0, 0, 25, 4723, 4890, 8476, 42, 0, 0, 18, 20, 162, 4, 34303, 25807, 29078, 2, 0, 0, 319
34,9,3, 1059226,benign, 808, 149, 8581, 0, 5827, 2689, 1, 464, 700, 0, 197, 34212, 397, 3, 41, 7293, 303, 511, 5, 13981, 9961, 19508, 0, 0, 25, 4713, 4901, 8490, 42, 0, 0, 18, 20, 157, 3, 34567, 26594, 29862, 2, 0, 0, 319
35,5,8, 1057507,benign, 765, 149, 8581, 0, 5830, 2693, 2, 464, 699, 0, 194, 33655, 397, 3, 43, 7925, 288, 441, 5, 13690, 9748, 19498, 0, 0, 25, 4721, 4889, 8497, 42, 0, 0, 18, 20, 196, 3, 34653, 25960, 29241, 2, 0, 0, 317
36,2,12, 1058544,SDC, 771, 146, 8573, 4, 5822, 2696, 5, 464, 694, 0, 199, 33493, 392, 3, 41, 7606, 318, 572, 5, 13671, 9486, 19463, 0, 0, 25, 4954, 4642, 8472, 42, 0, 0, 18, 20, 158, 4, 34826, 25592, 28860, 2, 0, 0, 379
37,10,9, 1056831,benign, 730, 147, 8570, 0, 5829, 2691, 1, 464, 699, 0, 199, 33566, 397, 3, 43, 7202, 296, 507, 5, 13970, 9784, 19494, 0, 0, 25, 4730, 4870, 8485, 42, 0, 0, 19, 23, 160, 4, 34736, 25927, 29212, 2, 0, 0, 319
38,0,10, 1055882,benign, 707, 147, 8573, 0, 5827, 2692, 1, 464, 699, 0, 196, 33884, 397, 3, 41, 7175, 294, 506, 5, 13788, 9834, 19510, 0, 0, 25, 4717, 4900, 8486, 42, 0, 0, 18, 20, 158, 4, 34482, 25875, 29218, 2, 0, 0, 324
39,6,2, 1059487,benign, 817, 149, 8576, 0, 5826, 2691, 2, 464, 699, 0, 196, 34424, 397, 3, 42, 7419, 321, 445, 5, 13694, 9675, 19507, 0, 0, 25, 4723, 4877, 8484, 42, 0, 0, 19, 23, 161, 3, 34673, 26349, 29621, 2, 0, 0, 319
40,7,19, 1059353,benign, 817, 147, 8572, 0, 5826, 2695, 1, 464, 699, 0, 196, 33859, 397, 3, 42, 7792, 341, 444, 5, 13576, 9649, 19507, 0, 0, 25, 4717, 4883, 8482, 42, 0, 0, 18, 20, 160, 3, 34549, 26432, 29727, 2, 0, 0, 319
41,1,22, 1057193,benign, 745, 148, 8585, 0, 5828, 2687, 1, 464, 699, 0, 197, 33918, 397, 3, 41, 7159, 293, 513, 5, 13873, 9906, 19511, 0, 0, 25, 4787, 4938, 8474, 42, 0, 0, 18, 20, 232, 4, 34674, 26041, 29606, 2, 0, 0, 319
42,2,26, 1055128,SDC, 663, 147, 8563, 4, 5825, 2698, 1, 464, 694, 0, 200, 33483, 392, 3, 43, 7254, 532, 443, 6, 13550, 9579, 19479, 0, 0, 25, 4762, 4837, 8479, 42, 0, 0, 18, 20, 158, 4, 34463, 25414, 28693, 2, 0, 0, 316
43,9,7, 1054812,benign, 650, 146, 8564, 4, 5824, 2693, 5, 464, 699, 0, 200, 33551, 397, 3, 42, 7217, 300, 442, 5, 13384, 9404, 19492, 0, 0, 25, 4700, 4897, 8488, 42, 0, 0, 18, 20, 160, 3, 34063, 25391, 28658, 2, 0, 0, 317
44,3,28, 1052187,SDC, 586, 147, 8552, 0, 5822, 2695, 1, 464, 694, 0, 197, 33890, 392, 3, 42, 7087, 269, 447, 5, 13143, 9163, 19498, 0, 0, 25, 4728, 4869, 8497, 42, 0, 0, 18, 20, 158, 3, 34175, 25369, 28639, 2, 0, 0, 376
45,7,7, 1058283,benign, 785, 148, 8578, 0, 5827, 2686, 1, 464, 699, 0, 196, 34442, 397, 3, 43, 7602, 303, 444, 5, 13893, 9889, 19514, 0, 0, 25, 4783, 4945, 8485, 42, 0, 0, 18, 20, 159, 3, 34254, 26240, 29672, 2, 0, 0, 380
46,1,7, 1052278,benign, 595, 149, 8556, 0, 5823, 2686, 2, 464, 699, 0, 197, 34120, 397, 3, 41, 7143, 308, 453, 5, 13366, 9376, 19503, 0, 0, 25, 4725, 4883, 8488, 42, 0, 0, 18, 20, 158, 3, 34012, 25383, 28857, 2, 0, 0, 384
47,1,25, 1053574,SDC, 640, 148, 8565, 0, 5823, 2693, 1, 464, 694, 0, 198, 33910, 392, 3, 41, 7332, 299, 448, 5, 13293, 9299, 19493, 0, 0, 25, 4789, 4928, 8494, 42, 0, 0, 19, 23, 162, 3, 34209, 25670, 28958, 2, 0, 0, 320
48,5,6, 1059031,benign, 799, 148, 8572, 0, 5824, 2693, 1, 464, 699, 0, 198, 33962, 397, 3, 42, 7697, 332, 447, 5, 13847, 9909, 19494, 0, 0, 25, 4787, 4968, 8480, 42, 0, 0, 18, 20, 160, 3, 34512, 26203, 29568, 2, 0, 0, 319
49,1,31, 1056538,benign, 738, 147, 8565, 0, 5825, 2692, 2, 464, 699, 0, 197, 34078, 397, 3, 41, 7138, 327, 445, 5, 13788, 9779, 19499, 0, 0, 25, 4745, 4892, 8482, 42, 0, 0, 18, 20, 157, 4, 34469, 25620, 28903, 2, 0, 0, 319
50,2,29, 1053970,benign, 655, 147, 8576, 0, 5827, 2691, 2, 464, 699, 0, 194, 33499, 397, 3, 41, 6951, 325, 445, 5, 13391, 9362, 19503, 0, 0, 25, 4718, 4883, 8481, 42, 0, 0, 18, 20, 158, 3, 34280, 25428, 28763, 2, 0, 0, 378
51,8,5, 1051424,benign, 545, 146, 8564, 4, 5826, 2689, 2, 464, 700, 0, 197, 33325, 397, 3, 41, 7382, 303, 451, 5, 13149, 9153, 19481, 0, 0, 25, 4846, 5010, 8479, 40, 0, 0, 18, 20, 157, 3, 34001, 25619, 28910, 2, 0, 0, 317
52,10,13, 1059311,benign, 816, 148, 8581, 0, 5827, 2690, 3, 464, 699, 0, 201, 34064, 397, 3, 42, 7889, 298, 443, 5, 13823, 9827, 19503, 0, 0, 25, 4704, 4889, 8492, 42, 0, 0, 18, 20, 244, 3, 34802, 25930, 29246, 2, 0, 0, 317
53,5,22, 1055581,benign, 696, 148, 8579, 0, 5828, 2692, 1, 464, 699, 0, 199, 33654, 397, 3, 41, 7057, 335, 447, 5, 13907, 9881, 19494, 0, 0, 25, 4732, 4881, 8482, 42, 0, 0, 18, 20, 158, 3, 34513, 25816, 29085, 2, 0, 0, 319
54,6,31, 1050277,benign, 540, 149, 8561, 0, 5829, 2689, 1, 464, 699, 0, 201, 33529, 397, 3, 44, 6704, 373, 444, 5, 13095, 9085, 19496, 0, 0, 25, 4760, 4830, 8478, 41, 0, 0, 18, 20, 158, 3, 34330, 25454, 28887, 2, 0, 0, 386
55,3,12, 1057256,benign, 729, 147, 8568, 4, 5827, 2693, 1, 464, 699, 0, 195, 33659, 397, 3, 42, 7354, 299, 451, 5, 13563, 9563, 19474, 0, 0, 25, 4806, 4962, 8488, 42, 0, 0, 18, 20, 159, 3, 34518, 25646, 29056, 2, 0, 0, 317
56,3,14, 1056760,benign, 712, 147, 8570, 4, 5828, 2692, 1, 464, 699, 0, 195, 33459, 397, 3, 41, 7535, 305, 510, 5, 13375, 9393, 19487, 0, 0, 25, 4715, 4880, 8473, 42, 0, 0, 18, 20, 157, 4, 34522, 25843, 29113, 2, 0, 0, 319
57,7,2, 1050454,benign, 541, 147, 8564, 0, 5827, 2692, 1, 464, 699, 0, 202, 33674, 397, 3, 43, 6653, 328, 771, 5, 13017, 8989, 19501, 0, 0, 25, 4780, 4862, 8481, 42, 0, 0, 18, 20, 158, 3, 33802, 25341, 28692, 2, 0, 0, 376
58,2,21, 1058101,SDC, 781, 149, 8580, 0, 5819, 2692, 3, 464, 694, 0, 195, 33965, 392, 3, 40, 7230, 319, 504, 5, 14082, 10078, 19549, 0, 0, 25, 4720, 4879, 8481, 42, 0, 0, 18, 20, 159, 3, 34436, 26252, 29527, 2, 0, 0, 376
59,8,12, 1056900,benign, 719, 148, 8565, 4, 5824, 2692, 2, 464, 699, 0, 198, 33557, 397, 3, 41, 7436, 293, 446, 5, 13447, 9525, 19474, 0, 0, 25, 4729, 4876, 8487, 42, 0, 0, 18, 20, 159, 3, 34258, 25799, 29067, 2, 0, 0, 316
60,9,29, 1053066,benign, 624, 148, 8559, 0, 5825, 2694, 5, 464, 699, 0, 197, 33629, 397, 3, 44, 6891, 342, 543, 5, 13487, 9487, 19514, 0, 0, 25, 4803, 4960, 8486, 41, 0, 0, 18, 20, 167, 4, 34346, 25450, 28727, 2, 0, 0, 317
61,5,9, 1056759,benign, 740, 149, 8577, 0, 5827, 2692, 1, 464, 699, 0, 197, 33549, 397, 3, 45, 7275, 326, 442, 5, 13562, 9531, 19510, 0, 0, 25, 4743, 4902, 8497, 42, 0, 0, 19, 23, 159, 2, 34704, 26011, 29269, 2, 0, 0, 447
62,1,22, 1056223,benign, 718, 148, 8571, 0, 5829, 2693, 2, 464, 699, 0, 194, 34107, 397, 3, 43, 7383, 309, 449, 5, 13981, 9736, 19500, 0, 0, 25, 4719, 4886, 8487, 41, 0, 0, 18, 20, 168, 3, 34580, 26041, 29312, 2, 0, 0, 317
63,2,25, 1060336,SDC, 495, 147, 11208, 3, 7624, 3370, 1, 272, 498, 0, 168, 21808, 187, 3, 37, 6751, 340, 440, 5, 10353, 8534, 8961, 0, 0, 17, 2223, 2094, 3497, 41, 0, 0, 18, 20, 157, 3, 22218, 13406, 16726, 2, 0, 0, 319
64,7,27, 1055491,benign, 696, 148, 8577, 0, 5828, 2694, 1, 464, 699, 0, 194, 33920, 397, 3, 42, 6917, 369, 557, 5, 14022, 9796, 19495, 0, 0, 25, 4839, 4990, 8490, 42, 0, 0, 18, 20, 158, 3, 34492, 25573, 28841, 2, 0, 0, 384
65,3,20, 1050562,SDC, 545, 149, 8549, 0, 5820, 2692, 2, 464, 694, 0, 200, 33414, 392, 3, 42, 7273, 251, 446, 5, 13255, 9275, 19592, 0, 0, 25, 4883, 4711, 8486, 42, 0, 0, 18, 20, 157, 3, 34270, 25814, 29287, 2, 0, 0, 321
66,8,4, 1055652,benign, 679, 147, 8569, 4, 5826, 2694, 1, 464, 699, 0, 199, 33817, 397, 3, 44, 7518, 314, 441, 5, 13648, 9617, 19476, 0, 0, 25, 4728, 4861, 8478, 42, 0, 0, 18, 20, 166, 3, 34442, 25331, 28593, 2, 0, 0, 317
67,3,31, 1058718,SDC, 799, 148, 8569, 0, 5822, 2695, 1, 464, 694, 0, 197, 33832, 392, 3, 41, 7457, 303, 447, 5, 14249, 10283, 19563, 0, 0, 25, 4705, 4893, 8483, 42, 0, 0, 18, 20, 161, 3, 34626, 26125, 29427, 2, 0, 0, 319
68,0,9, 1053855,benign, 646, 146, 8572, 0, 5827, 2690, 1, 464, 699, 0, 196, 33417, 397, 3, 41, 6990, 319, 442, 5, 13845, 9920, 19522, 0, 0, 25, 4787, 4944, 8484, 42, 0, 0, 18, 20, 158, 3, 34225, 25089, 28369, 2, 0, 0, 317
69,7,6, 1057245,benign, 755, 147, 8575, 0, 5825, 2692, 1, 464, 699, 0, 195, 34039, 397, 3, 41, 7290, 292, 445, 5, 14038, 10063, 19544, 0, 0, 25, 4743, 4861, 8488, 42, 0, 0, 18, 20, 157, 3, 34754, 26123, 29390, 2, 0, 0, 375
70,5,14, 1054398,benign, 658, 148, 8567, 0, 5826, 2687, 1, 464, 699, 0, 205, 33942, 397, 3, 43, 7530, 336, 581, 5, 13364, 9397, 19501, 0, 0, 25, 4794, 4970, 8488, 42, 0, 0, 18, 20, 158, 4, 34296, 25744, 29021, 2, 0, 0, 319
71,8,0, 1055196,benign, 665, 148, 8566, 4, 5824, 2689, 2, 464, 699, 0, 197, 33657, 397, 3, 41, 7456, 371, 507, 5, 13325, 9345, 19482, 0, 0, 25, 4706, 4901, 8486, 42, 0, 0, 18, 20, 158, 3, 34101, 25506, 28777, 2, 0, 0, 317
72,9,19, 1058326,benign, 780, 148, 8580, 0, 5827, 2694, 2, 464, 699, 0, 197, 33983, 397, 3, 41, 7554, 581, 443, 5, 13916, 10023, 19547, 0, 0, 25, 4721, 4881, 8485, 42, 0, 0, 18, 20, 158, 3, 34738, 25977, 29333, 2, 0, 0, 379
73,5,11, 1050234,benign, 533, 147, 8558, 0, 5825, 2691, 1, 464, 699, 0, 196, 33496, 397, 3, 41, 6774, 295, 445, 5, 13851, 9866, 19523, 0, 0, 25, 4714, 4892, 8481, 42, 0, 0, 18, 20, 162, 2, 34184, 25452, 28733, 2, 0, 0, 317
74,7,19, 1051608,benign, 553, 148, 8567, 4, 5829, 2694, 1, 464, 699, 0, 194, 33111, 397, 3, 43, 6737, 312, 444, 5, 13374, 9344, 19479, 0, 0, 25, 4764, 4953, 8484, 42, 0, 0, 18, 20, 157, 4, 33958, 25320, 28583, 2, 0, 0, 317
75,7,25, 1057252,benign, 728, 148, 8570, 4, 5824, 2689, 2, 464, 699, 0, 197, 33863, 397, 3, 41, 7524, 490, 445, 5, 13729, 9755, 19498, 0, 0, 25, 4856, 4864, 8476, 41, 0, 0, 18, 20, 160, 3, 34678, 25639, 28897, 2, 0, 0, 317
76,9,15, 1055936,benign, 688, 146, 8569, 4, 5826, 2693, 2, 464, 699, 0, 199, 33599, 397, 3, 41, 7496, 305, 445, 5, 13727, 9795, 19484, 0, 0, 25, 4845, 4999, 8489, 42, 0, 0, 18, 20, 160, 3, 34038, 25197, 28452, 2, 0, 0, 317
77,4,1, 1051124,benign, 536, 148, 8566, 4, 5827, 2685, 1, 464, 699, 0, 196, 33098, 397, 3, 41, 6734, 244, 435, 5, 13196, 9161, 19481, 0, 0, 25, 4703, 4900, 8478, 42, 0, 0, 18, 20, 158, 4, 33665, 25302, 28531, 2, 0, 0, 317
78,2,11, 1051865,benign, 581, 146, 8556, 0, 5827, 2694, 1, 464, 700, 0, 196, 33436, 397, 3, 41, 6635, 300, 645, 5, 13057, 9095, 19491, 0, 0, 25, 4709, 4888, 8487, 42, 0, 0, 18, 20, 169, 4, 34419, 25116, 28408, 2, 0, 0, 386
79,6,11, 1056446,benign, 723, 147, 8566, 0, 5829, 2696, 1, 464, 700, 0, 203, 34176, 397, 3, 43, 7211, 322, 447, 5, 13871, 9716, 19481, 0, 0, 25, 4844, 4884, 8483, 42, 0, 0, 18, 20, 157, 4, 34558, 25980, 29457, 2, 0, 0, 323
80,0,7, 1050411,benign, 534, 149, 8550, 0, 5822, 2684, 1, 464, 699, 0, 197, 33331, 397, 3, 43, 6571, 301, 442, 5, 13360, 9392, 19513, 0, 0, 25, 4689, 4911, 8485, 42, 0, 0, 18, 20, 158, 4, 34149, 25733, 29014, 2, 0, 0, 319
81,0,5, 1049991,benign, 535, 149, 8551, 0, 5828, 2695, 2, 464, 699, 0, 196, 33364, 397, 3, 43, 7099, 344, 453, 5, 13137, 9151, 19502, 0, 0, 25, 4478, 5132, 8482, 42, 0, 0, 18, 20, 166, 2, 33800, 25317, 28778, 2, 0, 0, 319
82,2,6, 1058291,benign, 779, 147, 8579, 0, 5826, 2692, 1, 464, 699, 0, 194, 34044, 397, 3, 43, 7365, 286, 450, 5, 13838, 9835, 19491, 0, 0, 25, 4708, 4899, 8471, 42, 0, 0, 18, 20, 158, 3, 34468, 25743, 29008, 2, 0, 0, 319
83,4,24, 1052870,benign, 617, 146, 8561, 0, 5825, 2691, 3, 464, 699, 0, 195, 33880, 397, 3, 43, 6631, 284, 437, 5, 13314, 9314, 19499, 0, 0, 25, 4711, 4891, 8490, 41, 0, 0, 18, 20, 153, 2, 34574, 25505, 28850, 1, 0, 0, 385
84,9,23, 1053895,benign, 647, 148, 8575, 0, 5829, 2695, 3, 464, 700, 0, 204, 33538, 397, 3, 41, 7036, 297, 457, 5, 13162, 9151, 19498, 0, 0, 25, 4778, 4831, 8491, 42, 0, 0, 18, 20, 158, 3, 34462, 25612, 29086, 2, 0, 0, 319
85,1,19, 1050237,benign, 543, 149, 8557, 0, 5823, 2686, 2, 464, 699, 0, 195, 33260, 397, 3, 44, 6819, 302, 453, 5, 13264, 9278, 19493, 0, 0, 25, 4700, 4900, 8485, 42, 0, 0, 18, 20, 158, 3, 34015, 25321, 28592, 2, 0, 0, 379
86,0,10, 1056442,benign, 724, 149, 8568, 0, 5821, 2688, 5, 464, 699, 0, 204, 33598, 397, 3, 41, 7312, 327, 445, 5, 13891, 9870, 19515, 0, 0, 25, 4742, 4897, 8485, 42, 0, 0, 18, 20, 159, 3, 34349, 25840, 29118, 2, 0, 0, 318
87,9,16, 1052945,benign, 616, 147, 8565, 0, 5825, 2692, 1, 464, 699, 0, 205, 33961, 397, 3, 43, 7080, 383, 447, 5, 13095, 9089, 19490, 0, 0, 25, 4720, 4878, 8478, 42, 0, 0, 18, 20, 159, 3, 33700, 25494, 28834, 2, 0, 0, 317
88,2,31, 1057694,SDC, 776, 147, 8582, 0, 5824, 2693, 1, 464, 694, 0, 197, 33912, 392, 3, 41, 7440, 291, 558, 5, 13977, 10006, 19533, 0, 0, 25, 4803, 4805, 8488, 42, 0, 0, 18, 20, 168, 3, 34425, 26035, 29528, 2, 0, 0, 317
89,5,1, 1056221,benign, 729, 147, 8566, 0, 5826, 2689, 1, 464, 699, 0, 205, 33974, 397, 3, 43, 7521, 306, 443, 5, 13636, 9620, 19484, 0, 0, 25, 4715, 4908, 8492, 42, 0, 0, 18, 20, 158, 4, 34431, 25734, 29066, 2, 0, 0, 317
90,6,18, 1057207,benign, 749, 148, 8576, 0, 5831, 2695, 2, 464, 699, 0, 199, 34063, 397, 3, 43, 7471, 304, 442, 5, 13727, 9702, 19487, 0, 0, 25, 4804, 4970, 8489, 42, 0, 0, 18, 20, 158, 4, 34148, 25920, 29325, 2, 0, 0, 378
91,8,28, 1059402,benign, 821, 148, 8591, 0, 5833, 2695, 2, 464, 699, 0, 198, 33903, 397, 3, 41, 7862, 322, 446, 5, 13770, 9802, 19505, 0, 0, 25, 4715, 4888, 8483, 42, 0, 0, 18, 20, 158, 3, 34745, 26065, 29436, 2, 0, 0, 318
92,9,25, 1053255,benign, 622, 149, 8569, 0, 5826, 2695, 2, 464, 699, 0, 207, 33520, 397, 3, 41, 7182, 323, 445, 5, 13354, 9352, 19491, 0, 0, 25, 4801, 4835, 8483, 42, 0, 0, 18, 20, 159, 3, 34612, 25585, 28843, 2, 0, 0, 379
93,8,10, 1058764,benign, 776, 148, 8575, 4, 5826, 2689, 2, 464, 699, 0, 200, 33845, 397, 3, 41, 7664, 511, 446, 5, 14174, 10167, 19527, 0, 0, 25, 4708, 4889, 8478, 42, 0, 0, 18, 20, 158, 4, 34699, 25600, 28882, 2, 0, 0, 377
94,3,10, 1055798,SDC, 705, 149, 8563, 0, 5821, 2696, 3, 464, 694, 0, 198, 34035, 392, 3, 42, 6928, 290, 512, 5, 13388, 9458, 19477, 0, 0, 25, 4786, 4813, 8487, 42, 0, 0, 19, 23, 167, 4, 34297, 25596, 28879, 2, 0, 0, 384
95,4,27, 1050672,benign, 524, 148, 8557, 3, 5827, 2690, 1, 464, 699, 0, 202, 33419, 397, 3, 40, 6686, 288, 438, 5, 12756, 8748, 19466, 0, 0, 25, 4707, 4914, 8491, 42, 0, 0, 18, 20, 152, 2, 33890, 24873, 28162, 1, 0, 0, 384
96,0,27, 1053772,benign, 618, 146, 8567, 4, 5824, 2685, 1, 464, 699, 0, 199, 33543, 397, 3, 41, 7031, 325, 511, 5, 13251, 9040, 19473, 0, 0, 25, 4840, 4881, 8480, 42, 0, 0, 18, 20, 166, 4, 34226, 25274, 28574, 2, 0, 0, 317
97,0,13, 1058093,benign, 777, 147, 8572, 0, 5830, 2693, 2, 464, 699, 0, 200, 34052, 397, 3, 43, 7392, 280, 698, 5, 14294, 10305, 19539, 0, 0, 25, 4745, 4912, 8492, 40, 0, 0, 18, 20, 160, 3, 34408, 25825, 29105, 2, 0, 0, 319
98,5,23, 1055973,benign, 710, 149, 8577, 0, 5828, 2695, 1, 464, 699, 0, 203, 33721, 397, 3, 43, 7444, 303, 451, 5, 13299, 9314, 19500, 0, 0, 25, 4719, 4881, 8480, 42, 0, 0, 19, 23, 170, 3, 34748, 25980, 29271, 2, 0, 0, 319
99,0,18, 1050718,benign, 549, 149, 8554, 0, 5825, 2689, 1, 464, 699, 0, 196, 33062, 397, 3, 42, 6839, 325, 444, 5, 13186, 9239, 19515, 0, 0, 25, 4766, 4965, 8483, 42, 0, 0, 18, 20, 160, 3, 33752, 25523, 29039, 2, 0, 0, 319
100,6,25, 1051540,benign, 549, 146, 8564, 4, 5831, 2692, 1, 464, 699, 0, 199, 33350, 397, 3, 43, 6957, 285, 451, 5, 13226, 9241, 19468, 0, 0, 25, 4780, 4828, 8480, 42, 0, 0, 18, 20, 158, 4, 33602, 25464, 28972, 2, 0, 0, 319
101,1,8, 1050077,benign, 526, 147, 8559, 0, 5826, 2690, 3, 464, 699, 0, 194, 33446, 397, 3, 42, 6531, 286, 451, 5, 13431, 9417, 19488, 0, 0, 25, 4705, 4911, 8487, 42, 0, 0, 18, 20, 178, 2, 34156, 25470, 28779, 2, 0, 0, 323
102,0,16, 1054142,benign, 653, 147, 8566, 0, 5825, 2689, 2, 464, 699, 0, 196, 33627, 397, 3, 43, 7578, 296, 457, 5, 13448, 9416, 19499, 0, 0, 25, 4774, 4960, 8492, 42, 0, 0, 18, 20, 211, 3, 34153, 25814, 29087, 2, 0, 0, 385
103,1,28, 1050195,benign, 531, 149, 8553, 0, 5823, 2688, 3, 464, 699, 0, 196, 33595, 397, 3, 41, 6558, 308, 448, 5, 13440, 9463, 19505, 0, 0, 25, 4704, 4901, 8489, 42, 0, 0, 18, 20, 191, 2, 33884, 25509, 28774, 2, 0, 0, 326
104,4,14, 1051224,benign, 539, 147, 8561, 3, 5829, 2690, 3, 464, 699, 0, 201, 33519, 397, 3, 41, 6824, 254, 440, 5, 13337, 9341, 19478, 0, 0, 25, 4723, 4900, 8484, 40, 0, 0, 18, 20, 153, 2, 34366, 25116, 28431, 1, 0, 0, 320
105,3,20, 1051095,SDC, 560, 147, 8547, 0, 5820, 2691, 2, 464, 694, 0, 199, 33284, 392, 3, 41, 6748, 303, 445, 5, 13360, 9379, 19506, 0, 0, 25, 4902, 4690, 8475, 42, 0, 0, 18, 20, 158, 4, 33754, 25592, 28912, 2, 0, 0, 384
106,0,18, 1050707,benign, 540, 149, 8553, 0, 5822, 2686, 2, 464, 699, 0, 199, 33742, 397, 3, 42, 6651, 318, 510, 5, 13071, 9090, 19508, 0, 0, 25, 4774, 4837, 8484, 42, 0, 0, 18, 20, 158, 4, 33859, 25493, 28731, 2, 0, 0, 331
107,4,28, 1057159,benign, 748, 148, 8572, 0, 5820, 2684, 1, 464, 699, 0, 202, 34002, 397, 3, 41, 7316, 493, 447, 5, 13949, 9958, 19507, 0, 0, 25, 4725, 4885, 8487, 42, 0, 0, 18, 20, 152, 2, 34722, 26125, 29397, 1, 0, 0, 316
108,3,20, 1053527,SDC, 646, 148, 8564, 0, 5820, 2696, 1, 464, 694, 0, 195, 33177, 392, 3, 41, 6897, 307, 443, 5, 13502, 9516, 19482, 0, 0, 25, 4787, 4806, 8476, 42, 0, 0, 18, 20, 157, 3, 34142, 25582, 28863, 2, 0, 0, 319
109,9,7, 1059511,benign, 821, 148, 8570, 0, 5829, 2692, 1, 464, 699, 0, 195, 33797, 397, 3, 41, 7540, 304, 442, 5, 13937, 9946, 19508, 0, 0, 25, 4726, 4874, 8477, 42, 0, 0, 19, 23, 168, 4, 35313, 26330, 29826, 2, 0, 0, 316
110,3,25, 1057297,benign, 749, 148, 8572, 0, 5828, 2695, 1, 464, 699, 0, 193, 34092, 397, 3, 43, 7560, 331, 669, 5, 13642, 9686, 19509, 0, 0, 25, 4719, 4885, 8483, 42, 0, 0, 18, 20, 158, 4, 34475, 25777, 29023, 2, 0, 0, 317
111,2,28, 1051737,benign, 576, 149, 8565, 1, 5823, 2688, 2, 464, 699, 0, 198, 33761, 397, 3, 45, 7186, 335, 623, 5, 13112, 9133, 19474, 0, 0, 25, 4722, 4892, 8485, 42, 0, 0, 18, 20, 158, 3, 34390, 25268, 28774, 2, 0, 0, 319
112,10,2, 1057554,benign, 753, 146, 8580, 0, 5827, 2694, 2, 464, 699, 0, 200, 33790, 397, 3, 41, 7379, 325, 511, 5, 13642, 9708, 19511, 0, 0, 25, 4714, 4888, 8480, 42, 0, 0, 18, 20, 160, 3, 34471, 25916, 29158, 2, 0, 0, 386
113,4,2, 1052907,benign, 617, 149, 8559, 1, 5823, 2687, 1, 464, 699, 0, 199, 33667, 397, 3, 40, 7256, 412, 447, 5, 13266, 9303, 19503, 0, 0, 25, 4777, 4948, 8491, 42, 0, 0, 18, 20, 168, 3, 34322, 25437, 28683, 1, 0, 0, 319
114,1,30, 1056603,benign, 733, 147, 8555, 0, 5823, 2686, 2, 464, 699, 0, 199, 34231, 397, 3, 44, 7446, 294, 444, 5, 13832, 9696, 19496, 0, 0, 25, 4743, 4899, 8481, 42, 0, 0, 18, 20, 158, 3, 34486, 25731, 29015, 2, 0, 0, 317
115,3,16, 1057247,benign, 757, 147, 8571, 0, 5824, 2693, 2, 464, 699, 0, 197, 34048, 397, 3, 43, 7645, 296, 450, 5, 13666, 9731, 19500, 0, 0, 25, 4734, 4867, 8486, 42, 0, 0, 18, 20, 158, 3, 34367, 25770, 29248, 2, 0, 0, 317
116,5,7, 1058824,benign, 777, 147, 8567, 4, 5825, 2694, 2, 464, 699, 0, 195, 33733, 397, 3, 43, 7558, 342, 443, 5, 13565, 9538, 19487, 0, 0, 25, 4842, 4990, 8488, 42, 0, 0, 19, 23, 162, 3, 34189, 25661, 28993, 2, 0, 0, 538
117,3,22, 1057825,SDC, 769, 148, 8573, 0, 5822, 2692, 1, 464, 694, 0, 203, 34005, 392, 3, 41, 7432, 326, 506, 5, 14030, 9998, 19493, 0, 0, 25, 4791, 4853, 8483, 42, 0, 0, 18, 20, 158, 3, 34598, 26356, 29801, 2, 0, 0, 319
118,3,8, 1050295,SDC, 528, 147, 8562, 0, 5824, 2692, 1, 464, 694, 0, 203, 33365, 392, 3, 42, 6716, 542, 442, 5, 13119, 9180, 19506, 0, 0, 25, 4719, 4930, 8486, 42, 0, 0, 18, 20, 158, 4, 33968, 25458, 28875, 2, 0, 0, 333
119,8,15, 1050140,benign, 506, 146, 8562, 4, 5828, 2694, 1, 464, 699, 0, 194, 33010, 397, 3, 42, 6657, 296, 442, 5, 13037, 8899, 19492, 0, 0, 25, 4769, 4955, 8483, 42, 0, 0, 18, 20, 336, 4, 34000, 24987, 28460, 2, 0, 0, 319
120,9,29, 1052337,benign, 594, 147, 8562, 0, 5826, 2690, 2, 464, 699, 0, 199, 33700, 397, 3, 41, 7156, 312, 447, 5, 13451, 9301, 19500, 0, 0, 25, 4779, 4948, 8482, 42, 0, 0, 18, 20, 158, 3, 34146, 25277, 28580, 2, 0, 0, 541
121,2,6, 1056612,SDC, 709, 146, 8565, 4, 5819, 2691, 1, 464, 694, 0, 207, 34322, 392, 3, 42, 7360, 304, 443, 5, 13688, 9531, 19462, 0, 0, 25, 4774, 4944, 8482, 42, 0, 0, 18, 20, 160, 3, 34050, 25516, 28785, 2, 0, 0, 319
122,1,19, 1053095,benign, 623, 148, 8564, 0, 5830, 2687, 2, 464, 699, 0, 195, 33486, 397, 3, 42, 6758, 301, 452, 5, 13346, 9376, 19505, 0, 0, 25, 4734, 4899, 8488, 42, 0, 0, 18, 20, 158, 4, 34369, 25488, 28849, 2, 0, 0, 317
123,7,17, 1050796,benign, 527, 146, 8563, 4, 5827, 2692, 2, 464, 699, 0, 202, 33539, 397, 3, 43, 6406, 321, 503, 5, 13081, 9138, 19475, 0, 0, 25, 4711, 4899, 8481, 42, 0, 0, 18, 20, 166, 4, 33997, 25005, 28347, 2, 0, 0, 319
124,2,1, 1054021,SDC, 649, 146, 8563, 0, 5817, 2687, 1, 464, 694, 0, 193, 33353, 392, 3, 42, 7173, 289, 441, 5, 13274, 9288, 19472, 0, 0, 25, 4714, 4890, 8484, 42, 0, 0, 18, 20, 160, 3, 34412, 25771, 29033, 2, 0, 0, 319
125,9,0, 1051884,benign, 561, 149, 8547, 4, 5825, 2690, 1, 464, 699, 0, 196, 33472, 397, 3, 44, 7231, 334, 443, 5, 13240, 9323, 19477, 0, 0, 25, 4907, 4694, 8481, 40, 0, 0, 18, 20, 194, 4, 33642, 25038, 28535, 2, 0, 0, 317
126,0,10, 1057017,benign, 738, 147, 8575, 0, 5824, 2688, 1, 464, 699, 0, 198, 33932, 397, 3, 43, 7425, 295, 453, 5, 13931, 9934, 19512, 0, 0, 25, 4741, 4877, 8480, 42, 0, 0, 18, 20, 160, 3, 34317, 25782, 29096, 2, 0, 0, 331
127,6,24, 1053729,benign, 643, 149, 8567, 0, 5828, 2693, 2, 464, 699, 0, 197, 33655, 397, 3, 41, 6920, 550, 444, 5, 13509, 9619, 19501, 0, 0, 25, 4717, 4886, 8484, 42, 0, 0, 18, 20, 166, 4, 34422, 25838, 29107, 2, 0, 0, 319
128,3,2, 1058028,benign, 752, 148, 8575, 4, 5828, 2695, 1, 464, 699, 0, 199, 34009, 397, 3, 43, 7731, 293, 444, 5, 13730, 9756, 19462, 0, 0, 25, 5030, 4704, 8486, 42, 0, 0, 18, 20, 158, 3, 34394, 25544, 28803, 2, 0, 0, 319
129,2,16, 1053362,SDC, 631, 150, 8558, 0, 5821, 2691, 1, 464, 694, 0, 199, 33602, 392, 3, 41, 6553, 316, 511, 5, 13555, 9572, 19488, 0, 0, 25, 4770, 4825, 8479, 42, 0, 0, 18, 20, 160, 3, 34257, 25480, 28805, 2, 0, 0, 447
130,5,21, 1050556,benign, 521, 148, 8555, 4, 5826, 2694, 1, 464, 699, 0, 195, 33548, 397, 3, 43, 6656, 288, 519, 5, 13065, 9055, 19469, 0, 0, 25, 4729, 4921, 8494, 42, 0, 0, 18, 20, 160, 3, 33736, 25217, 28469, 2, 0, 0, 317
131,5,16, 1056940,benign, 718, 146, 8573, 4, 5826, 2693, 2, 464, 699, 0, 205, 34094, 397, 3, 41, 7286, 302, 446, 5, 13435, 9458, 19476, 0, 0, 25, 4856, 4880, 8483, 42, 0, 0, 18, 20, 157, 4, 34383, 25503, 28763, 2, 0, 0, 321
132,5,22, 1056674,benign, 734, 147, 8579, 0, 5824, 2687, 1, 464, 699, 0, 199, 33758, 397, 3, 41, 7385, 301, 443, 5, 13678, 9702, 19492, 0, 0, 25, 4734, 4882, 8484, 42, 0, 0, 18, 20, 158, 4, 34299, 25756, 29011, 2, 0, 0, 317
133,9,17, 1059577,benign, 517, 147, 8559, 0, 5830, 2692, 2, 464, 699, 0, 194, 33348, 397, 3, 40, 6803, 299, 505, 5, 13382, 9337, 19505, 0, 0, 25, 4589, 5185, 8487, 36, 0, 0, 18, 20, 158, 4, 34061, 25032, 28366, 2, 0, 0, 319
134,6,28, 1057246,benign, 748, 148, 8572, 0, 5828, 2693, 1, 464, 699, 0, 196, 33919, 397, 3, 42, 7492, 529, 448, 5, 14162, 10183, 19556, 0, 0, 25, 5044, 4717, 8491, 42, 0, 0, 18, 20, 158, 4, 34666, 25558, 28990, 2, 0, 0, 317
135,5,12, 1049941,benign, 525, 148, 8551, 0, 5824, 2689, 4, 464, 699, 0, 194, 33384, 397, 3, 40, 6494, 351, 521, 4, 12972, 8970, 19501, 0, 0, 25, 4697, 4908, 8473, 42, 0, 0, 18, 20, 168, 3, 34290, 25296, 28595, 2, 0, 0, 319
136,1,13, 1052160,benign, 567, 146, 8566, 4, 5823, 2689, 2, 464, 699, 0, 195, 33769, 397, 3, 41, 6789, 437, 442, 5, 12930, 8928, 19490, 0, 0, 25, 4720, 4882, 8479, 42, 0, 0, 19, 23, 160, 3, 34290, 25282, 28540, 2, 0, 0, 317
137,7,18, 1052018,benign, 582, 146, 8563, 0, 5827, 2694, 5, 464, 699, 0, 195, 33283, 397, 3, 43, 6703, 309, 445, 5, 13495, 9552, 19524, 0, 0, 25, 4734, 4915, 8489, 42, 0, 0, 18, 20, 159, 3, 34536, 25643, 28902, 2, 0, 0, 317
138,5,28, 1058925,benign, 803, 149, 8571, 0, 5825, 2689, 2, 464, 699, 0, 199, 34110, 397, 3, 41, 7898, 317, 502, 5, 13867, 9912, 19514, 0, 0, 25, 4713, 4890, 8485, 42, 0, 0, 18, 20, 160, 3, 34307, 26380, 29664, 2, 0, 0, 376
139,2,3, 1050254,SDC, 534, 149, 8558, 0, 5822, 2692, 1, 464, 694, 0, 192, 33286, 392, 3, 43, 6510, 314, 444, 5, 13518, 9499, 19472, 0, 0, 25, 4891, 4704, 8485, 42, 0, 0, 18, 20, 160, 3, 33888, 25456, 28733, 2, 0, 0, 317
140,9,5, 1056629,benign, 724, 146, 8565, 0, 5826, 2692, 1, 464, 699, 0, 193, 33695, 397, 3, 42, 7407, 283, 456, 5, 13529, 9554, 19497, 0, 0, 25, 4723, 4876, 8477, 42, 0, 0, 18, 20, 160, 3, 34234, 25901, 29250, 2, 0, 0, 320
141,6,16, 1053013,benign, 619, 147, 8556, 0, 5827, 2695, 1, 464, 699, 0, 194, 33617, 397, 3, 43, 6692, 300, 445, 5, 13507, 9552, 19490, 0, 0, 25, 4872, 4904, 8503, 42, 0, 0, 18, 20, 158, 3, 34119, 25838, 29274, 2, 0, 0, 317
142,6,18, 1054356,benign, 640, 148, 8561, 4, 5823, 2685, 2, 464, 699, 0, 199, 33674, 397, 3, 44, 6941, 315, 445, 5, 13275, 9317, 19482, 0, 0, 25, 4721, 4883, 8500, 42, 0, 0, 18, 20, 158, 3, 33793, 25171, 28467, 2, 0, 0, 447
143,2,21, 1056761,SDC, 738, 149, 8563, 0, 5819, 2693, 2, 464, 694, 0, 200, 34090, 392, 3, 42, 7169, 309, 545, 5, 13732, 9802, 19503, 0, 0, 25, 4740, 4856, 8476, 42, 0, 0, 18, 20, 159, 3, 34707, 25587, 28850, 2, 0, 0, 317
144,1,1, 1055012,SDC, 662, 149, 8561, 4, 5821, 2691, 2, 464, 694, 0, 195, 33645, 392, 3, 41, 7438, 305, 446, 5, 13510, 9492, 19454, 0, 0, 25, 4795, 4850, 8489, 42, 0, 0, 18, 20, 166, 4, 34383, 25467, 28907, 2, 0, 0, 317
145,0,4, 1055398,SDC, 689, 146, 8562, 0, 5819, 2690, 1, 464, 694, 0, 197, 33535, 392, 3, 42, 6900, 314, 466, 5, 13511, 9543, 19492, 0, 0, 25, 4707, 4890, 8488, 42, 0, 0, 18, 20, 158, 4, 33971, 25643, 28930, 2, 0, 0, 317
146,6,12, 1050239,benign, 527, 149, 8554, 0, 5825, 2690, 2, 464, 699, 0, 194, 33747, 397, 3, 41, 7085, 339, 445, 5, 13602, 9341, 19492, 0, 0, 25, 4770, 4959, 8485, 41, 0, 0, 18, 20, 159, 3, 34204, 25176, 28440, 2, 0, 0, 317
147,3,14, 1059884,benign, 790, 147, 8589, 4, 5830, 2694, 2, 464, 699, 0, 200, 34053, 397, 3, 43, 7744, 322, 502, 5, 13712, 9527, 19492, 0, 0, 25, 4732, 4878, 8489, 42, 0, 0, 18, 20, 160, 3, 34613, 25958, 29431, 2, 0, 0, 319
148,5,14, 1053853,benign, 645, 147, 8552, 0, 5825, 2694, 1, 464, 700, 0, 201, 33579, 397, 3, 42, 6832, 326, 657, 5, 13435, 9440, 19491, 0, 0, 25, 4722, 4881, 8495, 42, 0, 0, 18, 20, 160, 3, 34247, 25318, 28641, 2, 0, 0, 316
149,4,14, 1055534,benign, 698, 146, 8567, 0, 5828, 2694, 1, 464, 699, 0, 196, 33902, 397, 3, 41, 7337, 332, 511, 5, 13829, 9847, 19495, 0, 0, 25, 4714, 4887, 8483, 42, 0, 0, 18, 20, 153, 2, 34246, 25938, 29386, 1, 0, 0, 316
150,7,7, 1055087,benign, 689, 150, 8560, 0, 5823, 2693, 1, 464, 699, 0, 202, 33725, 397, 3, 41, 7286, 345, 572, 5, 13392, 9399, 19499, 0, 0, 25, 4734, 4871, 8489, 42, 0, 0, 18, 20, 158, 3, 34203, 25827, 29109, 2, 0, 0, 319
151,1,20, 1054200,benign, 634, 148, 8571, 4, 5826, 2690, 1, 464, 699, 0, 201, 33792, 397, 3, 43, 6503, 332, 510, 5, 13180, 9195, 19482, 0, 0, 25, 4779, 4954, 8488, 42, 0, 0, 18, 20, 158, 3, 34517, 25693, 28958, 2, 0, 0, 319
152,10,28, 1054777,benign, 673, 148, 8563, 0, 5828, 2693, 2, 464, 699, 0, 199, 33907, 397, 3, 41, 7006, 326, 446, 5, 13656, 9707, 19500, 0, 0, 25, 4736, 4911, 8480, 42, 0, 0, 18, 20, 158, 3, 34245, 25716, 29033, 2, 0, 0, 319
153,1,31, 1053899,SDC, 650, 147, 8559, 0, 5823, 2694, 2, 464, 694, 0, 197, 33890, 392, 3, 41, 7093, 274, 444, 5, 13643, 9636, 19483, 0, 0, 25, 4725, 4873, 8485, 42, 0, 0, 18, 20, 157, 3, 34367, 25799, 29067, 2, 0, 0, 319
154,3,17, 1055140,SDC, 664, 147, 8560, 4, 5820, 2692, 1, 464, 694, 0, 196, 33361, 392, 3, 42, 7093, 297, 446, 5, 13672, 9556, 19472, 0, 0, 25, 4723, 4878, 8480, 42, 0, 0, 18, 20, 311, 3, 34555, 25463, 28793, 2, 0, 0, 317
155,6,28, 1053606,benign, 638, 148, 8557, 0, 5820, 2686, 1, 464, 699, 0, 199, 33433, 397, 3, 42, 6912, 319, 448, 5, 13954, 9983, 19507, 0, 0, 25, 4722, 4879, 8475, 42, 0, 0, 18, 20, 160, 3, 34088, 25613, 28851, 2, 0, 0, 376
156,6,16, 1056936,benign, 719, 146, 8587, 4, 5828, 2694, 2, 464, 699, 0, 199, 33761, 397, 3, 42, 7345, 329, 446, 5, 13376, 9408, 19473, 0, 0, 25, 4724, 4886, 8487, 42, 0, 0, 18, 20, 157, 3, 34637, 25779, 29122, 2, 0, 0, 319
157,3,6, 1059602,benign, 519, 147, 8553, 0, 5828, 2694, 1, 464, 699, 0, 193, 33121, 397, 3, 40, 6609, 330, 449, 5, 13137, 9135, 19529, 0, 0, 25, 4698, 5040, 8495, 34, 0, 0, 18, 20, 158, 3, 34194, 25064, 28346, 1, 0, 0, 376
158,8,12, 1055869,benign, 709, 147, 8577, 0, 5831, 2693, 1, 464, 699, 0, 201, 33862, 397, 3, 41, 7134, 301, 571, 5, 13887, 9876, 19504, 0, 0, 25, 4823, 4897, 8486, 42, 0, 0, 18, 20, 159, 3, 34503, 25691, 28947, 2, 0, 0, 317
159,9,23, 1058558,benign, 790, 148, 8575, 0, 5830, 2690, 1, 464, 699, 0, 196, 34001, 397, 3, 41, 7364, 489, 444, 5, 14281, 10339, 19543, 0, 0, 25, 4710, 4881, 8483, 42, 0, 0, 18, 20, 158, 3, 34574, 25646, 28929, 2, 0, 0, 317
160,6,21, 1058237,benign, 783, 149, 8571, 0, 5825, 2689, 1, 464, 699, 0, 196, 33610, 397, 3, 41, 7782, 332, 444, 5, 13822, 9817, 19479, 0, 0, 25, 4726, 4893, 8487, 42, 0, 0, 18, 20, 161, 3, 34597, 26296, 29623, 2, 0, 0, 319
161,3,5, 1052456,benign, 577, 148, 8558, 4, 5823, 2687, 1, 464, 699, 0, 204, 33754, 397, 3, 43, 6865, 294, 444, 5, 13030, 9059, 19490, 0, 0, 25, 4745, 4896, 8481, 34, 0, 0, 19, 23, 159, 3, 33880, 25660, 28948, 2, 0, 0, 323
162,6,28, 1051290,benign, 561, 147, 8560, 0, 5826, 2693, 1, 464, 699, 0, 197, 33470, 397, 3, 42, 6834, 315, 506, 5, 13317, 9109, 19499, 0, 0, 25, 4769, 4834, 8481, 42, 0, 0, 18, 20, 160, 4, 33911, 25336, 28678, 2, 0, 0, 320
163,8,23, 1052602,benign, 605, 148, 8566, 0, 5828, 2691, 1, 464, 699, 0, 199, 34198, 397, 3, 42, 6984, 284, 444, 5, 13611, 9698, 19524, 0, 0, 25, 4791, 4926, 8485, 42, 0, 0, 18, 20, 160, 3, 34260, 25484, 28760, 2, 0, 0, 317
164,1,17, 1060085,benign, 432, 147, 8549, 0, 5817, 2683, 1, 464, 699, 0, 193, 33045, 397, 3, 40, 6229, 303, 498, 5, 12427, 8410, 19483, 0, 0, 25, 4447, 5151, 8485, 40, 0, 0, 18, 20, 157, 3, 33296, 24639, 27801, 2, 0, 0, 377
165,3,21, 1059400,benign, 793, 146, 8572, 4, 5829, 2690, 1, 464, 699, 0, 196, 33855, 397, 3, 42, 7904, 254, 445, 5, 14190, 10030, 19524, 0, 0, 25, 4716, 4878, 8494, 42, 0, 0, 18, 20, 382, 3, 34357, 25975, 29263, 2, 0, 0, 375
166,2,9, 1057370,SDC, 751, 147, 8577, 0, 5824, 2696, 1, 464, 694, 0, 200, 33738, 392, 3, 41, 7324, 335, 448, 5, 13875, 9905, 19498, 0, 0, 25, 4981, 4623, 8482, 42, 0, 0, 18, 20, 202, 3, 34202, 26081, 29503, 2, 0, 0, 318
167,2,2, 1058504,benign, 769, 148, 8583, 4, 5824, 2690, 1, 464, 699, 0, 196, 33718, 397, 3, 41, 7848, 302, 445, 5, 13503, 9509, 19480, 0, 0, 25, 4842, 4876, 8485, 42, 0, 0, 18, 20, 337, 3, 34471, 26221, 29505, 2, 0, 0, 320
168,0,7, 1059948,benign, 789, 147, 8567, 4, 5829, 2695, 1, 464, 699, 0, 204, 33925, 397, 3, 43, 7358, 291, 444, 5, 13619, 9663, 19492, 0, 0, 25, 4898, 5093, 8495, 42, 0, 0, 18, 20, 160, 3, 34296, 25667, 29187, 2, 0, 0, 317
169,0,31, 1050999,benign, 556, 148, 8554, 0, 5826, 2691, 6, 464, 699, 0, 200, 33154, 397, 3, 41, 6850, 310, 449, 5, 13795, 9817, 19501, 0, 0, 25, 5023, 4711, 8488, 42, 0, 0, 18, 20, 167, 4, 34059, 25307, 28584, 2, 0, 0, 458
170,1,30, 1054659,SDC, 668, 147, 8559, 0, 5823, 2696, 5, 464, 694, 0, 194, 33678, 392, 3, 41, 7077, 335, 460, 5, 13548, 9353, 19487, 0, 0, 25, 4764, 4949, 8481, 42, 0, 0, 18, 20, 159, 3, 34355, 25620, 28919, 2, 0, 0, 535
171,1,10, 1050755,benign, 547, 147, 8560, 0, 5826, 2692, 1, 464, 699, 0, 198, 33306, 397, 3, 43, 6619, 335, 443, 5, 13317, 9397, 19499, 0, 0, 25, 4702, 4904, 8485, 42, 0, 0, 18, 20, 158, 3, 34135, 25007, 28376, 2, 0, 0, 431
172,7,20, 1051485,benign, 570, 148, 8558, 0, 5827, 2694, 2, 464, 700, 0, 198, 33699, 397, 3, 42, 6899, 292, 504, 5, 13772, 9748, 19496, 0, 0, 25, 4905, 4700, 8490, 42, 0, 0, 18, 20, 158, 4, 33971, 25134, 28427, 2, 0, 0, 596
173,6,9, 1052069,benign, 582, 149, 8559, 0, 5825, 2687, 1, 464, 699, 0, 193, 33421, 397, 3, 41, 7224, 293, 444, 5, 13115, 9087, 19507, 0, 0, 25, 4983, 5123, 8480, 42, 0, 0, 18, 20, 168, 3, 34114, 25354, 28562, 2, 0, 0, 319
174,6,26, 1055181,benign, 689, 147, 8564, 0, 5826, 2694, 5, 464, 699, 0, 203, 33533, 397, 3, 44, 7312, 348, 444, 5, 13498, 9517, 19492, 0, 0, 25, 4730, 4883, 8485, 42, 0, 0, 18, 20, 158, 3, 34373, 25285, 28596, 2, 0, 0, 376
175,4,28, 1055598,benign, 698, 147, 8574, 0, 5829, 2698, 2, 464, 699, 0, 193, 33669, 397, 3, 40, 7191, 311, 498, 5, 13513, 9504, 19499, 0, 0, 25, 5031, 4697, 8486, 42, 0, 0, 18, 20, 161, 2, 34457, 25781, 29066, 1, 0, 0, 493
176,5,3, 1050382,benign, 544, 147, 8553, 0, 5833, 2686, 1, 464, 699, 0, 206, 33563, 397, 3, 41, 6694, 296, 447, 5, 13395, 9419, 19498, 0, 0, 25, 4761, 4961, 8491, 42, 0, 0, 18, 20, 157, 3, 34559, 25544, 28789, 2, 0, 0, 378
177,4,21, 1050194,benign, 532, 146, 8559, 0, 5825, 2691, 1, 464, 699, 0, 200, 33384, 397, 3, 40, 6565, 281, 439, 5, 13530, 9397, 19517, 0, 0, 25, 4696, 4910, 8488, 42, 0, 0, 18, 20, 153, 2, 33821, 25480, 28809, 1, 0, 0, 317
178,1,23, 1052264,benign, 573, 147, 8566, 4, 5825, 2692, 2, 464, 699, 0, 207, 33258, 397, 3, 42, 6849, 534, 451, 5, 13395, 9418, 19467, 0, 0, 25, 4715, 4887, 8488, 42, 0, 0, 18, 20, 158, 3, 33688, 24991, 28247, 2, 0, 0, 317
179,6,9, 1054557,benign, 667, 149, 8572, 0, 5825, 2689, 2, 464, 699, 0, 197, 33791, 397, 3, 44, 7439, 326, 443, 5, 13314, 9326, 19498, 0, 0, 25, 4723, 4887, 8482, 42, 0, 0, 18, 20, 159, 3, 34667, 25736, 29005, 2, 0, 0, 378
180,5,3, 1055954,benign, 717, 149, 8574, 0, 5826, 2689, 1, 464, 699, 0, 197, 34062, 397, 3, 41, 7492, 285, 453, 5, 13749, 9776, 19513, 0, 0, 25, 4853, 4873, 8483, 42, 0, 0, 18, 20, 158, 4, 34699, 25564, 28850, 2, 0, 0, 319
181,3,19, 1051632,benign, 554, 148, 8561, 4, 5826, 2690, 1, 464, 699, 0, 195, 32940, 397, 3, 41, 6961, 333, 447, 5, 13031, 8992, 19476, 0, 0, 25, 4776, 4831, 8485, 42, 0, 0, 18, 20, 158, 3, 34336, 25079, 28339, 2, 0, 0, 319
182,9,21, 1051686,benign, 573, 148, 8556, 0, 5822, 2689, 1, 464, 699, 0, 198, 33896, 397, 3, 43, 6774, 291, 450, 5, 13256, 9239, 19511, 0, 0, 25, 4721, 4884, 8495, 41, 0, 0, 18, 20, 157, 4, 34008, 25739, 29128, 2, 0, 0, 319
183,5,2, 1055770,benign, 704, 147, 8571, 0, 5829, 2691, 2, 464, 699, 0, 201, 33974, 397, 3, 41, 7580, 319, 444, 5, 13698, 9657, 19493, 0, 0, 25, 4897, 4967, 8485, 42, 0, 0, 18, 20, 160, 3, 34264, 25588, 28883, 2, 0, 0, 384
184,6,8, 1058513,benign, 787, 148, 8577, 0, 5826, 2691, 1, 464, 699, 0, 200, 34163, 397, 3, 41, 7626, 290, 443, 5, 13748, 9740, 19497, 0, 0, 25, 4717, 4878, 8484, 40, 0, 0, 18, 20, 158, 4, 34415, 25777, 29077, 2, 0, 0, 378
185,8,11, 1052288,benign, 574, 148, 8558, 4, 5829, 2694, 1, 464, 699, 0, 195, 33416, 397, 3, 42, 7049, 321, 445, 5, 13087, 9147, 19497, 0, 0, 25, 4914, 5076, 8489, 42, 0, 0, 18, 20, 157, 3, 33942, 25292, 28556, 2, 0, 0, 385
186,0,9, 1059483,benign, 812, 147, 8578, 0, 5827, 2695, 1, 464, 699, 0, 196, 34002, 397, 3, 42, 8023, 326, 532, 5, 13945, 9888, 19491, 0, 0, 25, 4766, 4838, 8479, 42, 0, 0, 18, 20, 160, 3, 34588, 26305, 29652, 2, 0, 0, 380
187,1,18, 1055319,benign, 687, 147, 8559, 0, 5825, 2688, 2, 464, 699, 0, 201, 33794, 397, 3, 42, 7292, 308, 446, 5, 13596, 9627, 19488, 0, 0, 25, 4716, 4887, 8477, 42, 0, 0, 18, 20, 167, 4, 34712, 25830, 29120, 2, 0, 0, 316
188,6,16, 1052923,benign, 619, 148, 8573, 0, 5827, 2686, 1, 464, 699, 0, 197, 33455, 397, 3, 42, 7192, 321, 444, 5, 13334, 9348, 19506, 0, 0, 25, 5034, 4686, 8497, 42, 0, 0, 18, 20, 159, 3, 34439, 25479, 28753, 2, 0, 0, 317
189,3,29, 1050372,SDC, 515, 147, 8545, 4, 5820, 2691, 2, 464, 694, 0, 198, 33203, 392, 3, 43, 6617, 310, 504, 5, 12835, 8855, 19467, 0, 0, 25, 4729, 4881, 8481, 42, 0, 0, 18, 20, 160, 3, 33794, 25237, 28687, 2, 0, 0, 317
190,9,15, 1056059,benign, 706, 149, 8558, 0, 5824, 2692, 2, 464, 699, 0, 196, 33761, 397, 3, 43, 7507, 319, 446, 5, 13639, 9646, 19494, 0, 0, 25, 4710, 4886, 8479, 42, 0, 0, 18, 20, 158, 4, 34131, 25695, 28958, 2, 0, 0, 319
191,9,20, 1053347,benign, 625, 147, 8566, 0, 5828, 2695, 3, 464, 699, 0, 199, 33426, 397, 3, 40, 7162, 284, 509, 5, 13301, 9300, 19495, 0, 0, 25, 4706, 4892, 8487, 40, 0, 0, 18, 20, 158, 4, 34562, 25653, 28995, 2, 0, 0, 375
192,9,18, 1053116,benign, 599, 148, 8565, 4, 5828, 2695, 2, 464, 699, 0, 198, 33537, 397, 3, 41, 6862, 294, 647, 5, 13251, 9232, 19473, 0, 0, 25, 4731, 4875, 8481, 42, 0, 0, 18, 20, 158, 4, 34126, 25226, 28525, 2, 0, 0, 322
193,8,8, 1052288,benign, 573, 149, 8553, 4, 5824, 2692, 2, 464, 699, 0, 197, 33562, 397, 3, 42, 6853, 306, 444, 5, 12882, 8990, 19478, 0, 0, 25, 5049, 4687, 8485, 42, 0, 0, 18, 20, 158, 3, 34230, 25423, 28677, 2, 0, 0, 317
194,8,31, 1051078,benign, 564, 148, 8563, 0, 5830, 2685, 1, 464, 699, 0, 196, 33365, 397, 3, 41, 6878, 328, 455, 5, 13284, 9103, 19515, 0, 0, 25, 4709, 4892, 8480, 42, 0, 0, 18, 20, 168, 3, 34005, 25747, 29025, 2, 0, 0, 447
195,5,6, 1050568,benign, 519, 146, 8549, 4, 5824, 2686, 2, 464, 699, 0, 195, 33327, 397, 3, 41, 7141, 318, 446, 5, 13166, 9228, 19476, 0, 0, 25, 4706, 4904, 8489, 42, 0, 0, 18, 20, 157, 4, 33709, 25113, 28458, 2, 0, 0, 379
196,7,30, 1055901,benign, 718, 148, 8578, 0, 5829, 2695, 1, 464, 699, 0, 196, 33538, 397, 3, 41, 7228, 458, 445, 5, 13825, 9870, 19510, 0, 0, 25, 4769, 4958, 8487, 42, 0, 0, 18, 20, 157, 3, 34505, 25940, 29441, 2, 0, 0, 316
197,9,20, 1053228,benign, 604, 148, 8569, 4, 5833, 2692, 2, 464, 699, 0, 199, 34070, 397, 3, 42, 6767, 412, 444, 5, 13283, 9397, 19483, 0, 0, 25, 4776, 4833, 8485, 42, 0, 0, 18, 20, 160, 4, 33881, 25639, 28960, 2, 0, 0, 319
198,5,20, 1055027,benign, 682, 147, 8568, 0, 5825, 2689, 2, 464, 699, 0, 196, 33756, 397, 3, 43, 6983, 322, 514, 5, 13307, 9431, 19499, 0, 0, 25, 4695, 4905, 8482, 42, 0, 0, 18, 20, 167, 3, 34380, 25316, 28593, 2, 0, 0, 319
199,9,16, 1052253,benign, 595, 148, 8560, 0, 5824, 2686, 2, 464, 699, 0, 204, 34072, 397, 3, 42, 6804, 317, 661, 5, 13447, 9520, 19498, 0, 0, 25, 4806, 4973, 8488, 42, 0, 0, 18, 20, 158, 4, 33976, 25403, 28679, 2, 0, 0, 320
200,2,7, 1060216,benign, 487, 149, 8560, 4, 5822, 2683, 1, 464, 699, 0, 199, 33125, 397, 3, 41, 6413, 556, 510, 5, 12674, 8667, 19479, 0, 0, 25, 4430, 5173, 8479, 36, 0, 0, 18, 20, 153, 2, 33931, 24964, 28378, 2, 0, 0, 319
201,2,4, 1058157,benign, 776, 148, 8578, 0, 5825, 2691, 1, 464, 699, 0, 198, 33770, 397, 3, 42, 7863, 313, 450, 5, 13507, 9589, 19490, 0, 0, 25, 4711, 4892, 8502, 42, 0, 0, 18, 20, 160, 4, 34653, 25814, 29075, 2, 0, 0, 317
202,2,25, 1055207,benign, 688, 147, 8574, 0, 5825, 2689, 2, 464, 699, 0, 198, 33954, 397, 3, 41, 7287, 284, 452, 5, 13308, 9349, 19492, 0, 0, 25, 4784, 4938, 8492, 42, 0, 0, 18, 20, 167, 3, 34649, 25762, 29044, 2, 0, 0, 319
203,0,17, 1056956,benign, 718, 146, 8580, 4, 5826, 2688, 1, 464, 699, 0, 204, 33688, 397, 3, 41, 7413, 306, 443, 5, 13653, 9657, 19470, 0, 0, 25, 4791, 4946, 8479, 42, 0, 0, 18, 20, 158, 4, 34281, 25721, 29094, 2, 0, 0, 378
204,9,14, 1057564,benign, 739, 148, 8580, 4, 5829, 2692, 1, 464, 699, 0, 197, 34127, 397, 3, 41, 7449, 322, 668, 5, 13623, 9612, 19475, 0, 0, 25, 4991, 4648, 8490, 42, 0, 0, 18, 20, 200, 3, 34327, 26003, 29298, 2, 0, 0, 325
205,6,13, 1058870,benign, 799, 146, 8574, 0, 5823, 2688, 1, 464, 699, 0, 205, 33925, 397, 3, 41, 7404, 469, 502, 5, 13871, 10001, 19542, 0, 0, 25, 4731, 4872, 8483, 42, 0, 0, 18, 20, 160, 3, 35046, 25769, 29066, 2, 0, 0, 384
206,2,20, 1057759,benign, 774, 149, 8560, 0, 5826, 2688, 1, 464, 699, 0, 207, 34215, 397, 3, 41, 7460, 358, 505, 5, 14270, 10257, 19542, 0, 0, 25, 5061, 4707, 8483, 41, 0, 0, 18, 20, 158, 2, 35078, 26071, 29588, 2, 0, 0, 447
207,2,10, 1053924,SDC, 629, 149, 8559, 5, 5818, 2689, 1, 464, 694, 0, 199, 33338, 392, 3, 43, 7107, 330, 512, 5, 13391, 9290, 19468, 0, 0, 25, 4711, 4885, 8478, 42, 0, 0, 18, 20, 158, 4, 34325, 25225, 28603, 2, 0, 0, 386
208,7,30, 1056765,benign, 738, 146, 8577, 0, 5826, 2695, 3, 464, 700, 0, 198, 33793, 397, 3, 43, 7380, 286, 451, 5, 13660, 9674, 19501, 0, 0, 25, 4780, 4817, 8489, 42, 0, 0, 18, 20, 363, 3, 34859, 25925, 29208, 2, 0, 0, 319
209,7,21, 1052074,benign, 592, 148, 8554, 0, 5830, 2695, 1, 464, 699, 0, 194, 33594, 397, 3, 41, 7188, 283, 502, 5, 13482, 9491, 19499, 0, 0, 25, 4732, 4872, 8485, 42, 0, 0, 18, 20, 159, 3, 34206, 25367, 28669, 2, 0, 0, 376
210,5,14, 1050153,benign, 537, 147, 8555, 0, 5826, 2694, 1, 464, 699, 0, 196, 33357, 397, 3, 41, 6715, 306, 512, 5, 13383, 9396, 19479, 0, 0, 25, 4952, 4644, 8486, 42, 0, 0, 18, 20, 158, 3, 34016, 25513, 29004, 2, 0, 0, 316
211,9,23, 1058396,benign, 766, 148, 8572, 4, 5826, 2695, 1, 464, 699, 0, 196, 33682, 397, 3, 41, 7736, 330, 444, 5, 13380, 9472, 19470, 0, 0, 25, 4711, 4887, 8482, 42, 0, 0, 18, 20, 199, 3, 34717, 25586, 28844, 2, 0, 0, 319
212,8,30, 1050291,benign, 531, 150, 8564, 0, 5829, 2687, 1, 464, 699, 0, 203, 33689, 397, 3, 42, 6610, 312, 443, 5, 13820, 9572, 19499, 0, 0, 25, 5070, 4783, 8484, 42, 0, 0, 18, 20, 159, 3, 33985, 25147, 28497, 2, 0, 0, 317
213,5,20, 1053627,benign, 635, 147, 8567, 0, 5824, 2689, 1, 464, 699, 0, 197, 33623, 397, 3, 43, 7041, 293, 444, 5, 13827, 9655, 19504, 0, 0, 25, 4917, 4939, 8492, 42, 0, 0, 18, 20, 169, 3, 34186, 25912, 29262, 2, 0, 0, 316
214,9,1, 1057312,benign, 732, 150, 8572, 4, 5823, 2690, 3, 464, 699, 0, 193, 33597, 397, 3, 41, 7283, 291, 447, 5, 13241, 9253, 19467, 0, 0, 25, 4958, 4635, 8482, 42, 0, 0, 18, 20, 160, 3, 34523, 25399, 28677, 2, 0, 0, 317
215,4,13, 1053688,benign, 616, 146, 8569, 4, 5827, 2694, 1, 464, 699, 0, 197, 33002, 397, 3, 41, 7384, 332, 515, 5, 13230, 9231, 19469, 0, 0, 25, 4711, 4894, 8482, 42, 0, 0, 18, 20, 158, 4, 34164, 25326, 28603, 2, 0, 0, 317
216,0,9, 1060158,SDC, 517, 150, 8527, 1, 5817, 2695, 2, 464, 694, 0, 188, 33484, 392, 3, 42, 6672, 262, 506, 6, 13110, 9135, 19494, 0, 0, 25, 4500, 5102, 8472, 34, 0, 0, 18, 20, 156, 4, 34059, 25193, 28425, 2, 0, 0, 317
217,7,17, 1058484,benign, 767, 147, 8564, 4, 5825, 2692, 2, 464, 699, 0, 195, 33539, 397, 3, 41, 7358, 298, 636, 6, 13892, 9903, 19476, 0, 0, 25, 4704, 4893, 8474, 41, 0, 0, 18, 20, 159, 3, 34494, 25910, 29184, 2, 0, 0, 317
218,4,20, 1056810,benign, 731, 146, 8575, 0, 5826, 2691, 1, 464, 699, 0, 195, 33547, 397, 3, 39, 7587, 296, 438, 5, 14021, 10082, 19546, 0, 0, 25, 5038, 4694, 8487, 42, 0, 0, 18, 20, 152, 2, 34670, 25775, 29078, 1, 0, 0, 319
219,3,25, 1052839,SDC, 612, 147, 8567, 0, 5821, 2693, 2, 464, 695, 0, 204, 34022, 392, 3, 41, 7450, 306, 503, 5, 13469, 9543, 19480, 0, 0, 25, 4730, 4862, 8479, 42, 0, 0, 18, 20, 158, 2, 34085, 25485, 28947, 2, 0, 0, 320
220,8,23, 1055747,benign, 710, 148, 8571, 0, 5829, 2691, 1, 464, 699, 0, 201, 33892, 397, 3, 42, 7326, 253, 441, 5, 13501, 9527, 19498, 0, 0, 25, 4711, 4892, 8473, 42, 0, 0, 18, 20, 159, 3, 34382, 25545, 28821, 2, 0, 0, 317
221,10,5, 1054890,benign, 673, 147, 8581, 0, 5828, 2689, 1, 464, 699, 0, 194, 33645, 397, 3, 42, 6673, 313, 557, 5, 13830, 9818, 19531, 0, 0, 25, 4719, 4892, 8487, 42, 0, 0, 18, 20, 159, 3, 34413, 25516, 28863, 2, 0, 0, 317
222,10,17, 1050967,benign, 553, 146, 8563, 0, 5830, 2694, 1, 464, 699, 0, 207, 33288, 397, 3, 43, 6695, 314, 442, 5, 13339, 9182, 19509, 0, 0, 25, 4983, 4662, 8481, 42, 0, 0, 18, 20, 160, 3, 34057, 25299, 28599, 2, 0, 0, 326
223,6,27, 1050896,benign, 526, 147, 8550, 4, 5822, 2690, 1, 464, 699, 0, 193, 33438, 397, 3, 43, 7110, 282, 442, 5, 12963, 9008, 19468, 0, 0, 25, 4776, 4955, 8481, 42, 0, 0, 18, 20, 160, 3, 33738, 25234, 28513, 2, 0, 0, 316
224,5,11, 1058051,benign, 778, 147, 8581, 0, 5829, 2695, 1, 464, 699, 0, 201, 33896, 397, 3, 41, 7253, 312, 446, 5, 13584, 9418, 19505, 0, 0, 25, 4810, 4835, 8488, 42, 0, 0, 18, 20, 159, 3, 34493, 25785, 29063, 2, 0, 0, 445
225,8,24, 1057898,benign, 777, 148, 8573, 0, 5822, 2685, 1, 464, 699, 0, 199, 33647, 397, 3, 43, 7606, 344, 446, 5, 13879, 9944, 19505, 0, 0, 25, 4785, 4811, 8486, 42, 0, 0, 18, 20, 160, 3, 34926, 25816, 29086, 2, 0, 0, 319
226,7,12, 1051648,benign, 554, 148, 8556, 4, 5824, 2689, 1, 464, 699, 0, 199, 33585, 397, 3, 41, 6773, 350, 447, 5, 13283, 9152, 19478, 0, 0, 25, 4837, 4888, 8484, 42, 0, 0, 18, 20, 223, 3, 33795, 25084, 28524, 2, 0, 0, 376
227,0,9, 1058789,benign, 793, 146, 8579, 0, 5828, 2691, 1, 464, 699, 0, 194, 34274, 397, 3, 42, 7444, 353, 446, 5, 14222, 10044, 19563, 0, 0, 25, 4977, 4625, 8487, 42, 0, 0, 18, 20, 157, 4, 34693, 25875, 29354, 2, 0, 0, 319
228,3,15, 1050255,SDC, 536, 148, 8561, 0, 5823, 2691, 5, 464, 694, 0, 198, 33757, 392, 3, 43, 6820, 305, 444, 5, 13394, 9431, 19501, 0, 0, 25, 4695, 4915, 8483, 42, 0, 0, 18, 20, 158, 4, 34115, 25363, 28652, 2, 0, 0, 317
229,6,13, 1056939,benign, 740, 147, 8569, 0, 5827, 2690, 1, 464, 699, 0, 196, 33903, 397, 3, 40, 7684, 304, 454, 5, 13988, 9990, 19506, 0, 0, 25, 4739, 4864, 8479, 42, 0, 0, 18, 20, 157, 4, 34857, 25856, 29210, 2, 0, 0, 317
230,1,25, 1056037,benign, 712, 148, 8578, 0, 5827, 2689, 3, 464, 700, 0, 200, 33494, 397, 3, 43, 7348, 300, 445, 5, 13758, 9760, 19506, 0, 0, 25, 4730, 4882, 8481, 42, 0, 0, 18, 20, 157, 4, 34427, 25972, 29451, 2, 0, 0, 317
231,3,2, 1052027,SDC, 591, 149, 8567, 0, 5825, 2693, 1, 464, 694, 0, 197, 33568, 392, 3, 42, 6638, 329, 441, 5, 13486, 9500, 19505, 0, 0, 25, 4707, 4884, 8484, 42, 0, 0, 18, 20, 159, 3, 34162, 25717, 28998, 2, 0, 0, 447
232,9,20, 1052242,benign, 600, 148, 8561, 0, 5826, 2690, 2, 464, 699, 0, 195, 33358, 397, 3, 41, 6956, 304, 516, 5, 13124, 9099, 19500, 0, 0, 25, 4795, 4854, 8487, 42, 0, 0, 18, 20, 290, 3, 34015, 25479, 28760, 2, 0, 0, 319
233,6,0, 1056191,benign, 714, 149, 8578, 0, 5829, 2690, 3, 464, 699, 0, 197, 33933, 397, 3, 41, 7499, 304, 447, 5, 13610, 9619, 19503, 0, 0, 25, 4711, 4884, 8485, 42, 0, 0, 19, 23, 160, 3, 34465, 26071, 29556, 2, 0, 0, 319
234,6,26, 1050141,benign, 529, 149, 8561, 0, 5827, 2686, 2, 464, 699, 0, 196, 33703, 397, 3, 41, 6711, 299, 459, 5, 13179, 9175, 19497, 0, 0, 25, 4714, 4892, 8485, 42, 0, 0, 18, 20, 159, 4, 34138, 25114, 28525, 2, 0, 0, 379
235,9,16, 1054510,benign, 669, 148, 8559, 0, 5829, 2693, 2, 464, 699, 0, 198, 33774, 397, 3, 41, 7472, 440, 445, 5, 13407, 9418, 19505, 0, 0, 25, 4726, 4870, 8486, 42, 0, 0, 18, 20, 160, 3, 34197, 25549, 28812, 2, 0, 0, 319
236,4,11, 1057131,benign, 747, 148, 8576, 0, 5824, 2691, 1, 464, 699, 0, 196, 34004, 397, 3, 41, 7272, 302, 441, 5, 13347, 9439, 19485, 0, 0, 25, 4754, 4885, 8482, 42, 0, 0, 18, 20, 153, 2, 34496, 26010, 29529, 1, 0, 0, 317
237,8,4, 1050273,benign, 525, 146, 8556, 0, 5825, 2690, 2, 464, 699, 0, 197, 33387, 397, 3, 40, 6600, 506, 453, 5, 13454, 9456, 19505, 0, 0, 25, 4712, 4889, 8489, 42, 0, 0, 18, 20, 160, 3, 33896, 25559, 28832, 2, 0, 0, 323
238,3,24, 1057977,SDC, 773, 151, 8564, 0, 5819, 2694, 1, 464, 694, 0, 200, 34209, 392, 3, 41, 7812, 327, 554, 5, 14301, 10257, 19523, 0, 0, 25, 5020, 5080, 8483, 42, 0, 0, 18, 20, 158, 4, 34586, 26311, 29791, 2, 0, 0, 319
239,2,26, 1050807,SDC, 555, 148, 8560, 0, 5821, 2688, 2, 464, 694, 0, 196, 33743, 392, 3, 41, 7143, 308, 449, 5, 13313, 9358, 19502, 0, 0, 25, 4950, 4770, 8487, 42, 0, 0, 18, 20, 158, 4, 33724, 25642, 29000, 2, 0, 0, 319
240,1,1, 1053493,benign, 629, 146, 8573, 0, 5832, 2694, 1, 464, 699, 0, 195, 33590, 397, 3, 41, 7117, 501, 445, 5, 13063, 9126, 19514, 0, 0, 25, 4725, 4896, 8488, 42, 0, 0, 18, 20, 233, 3, 34505, 25709, 29055, 2, 0, 0, 319
241,10,0, 1051510,crash/hangs,-,-,-,-,-,-,-,-,-,-,-,-,-,-,-,-,-,-,-,-,-,-,-,-,-,-,-,-,-,-,-,-,-,-,-,-,-,-,-,-,-,-
242,5,26, 1053670,benign, 635, 147, 8562, 0, 5819, 2686, 1, 464, 699, 0, 201, 33592, 397, 3, 44, 6757, 487, 723, 5, 14004, 9992, 19500, 0, 0, 25, 4953, 4771, 8489, 42, 0, 0, 18, 20, 158, 3, 34412, 25500, 28996, 2, 0, 0, 320
243,2,22, 1057284,benign, 729, 146, 8577, 4, 5825, 2689, 4, 464, 699, 0, 204, 33859, 397, 3, 41, 7536, 282, 445, 5, 13364, 9393, 19482, 0, 0, 25, 4735, 4875, 8484, 42, 0, 0, 18, 20, 159, 3, 34418, 25511, 28776, 2, 0, 0, 319
244,0,0, 1050955,benign, 556, 148, 8555, 0, 5826, 2695, 2, 464, 699, 0, 195, 33586, 397, 3, 41, 7100, 330, 453, 5, 13219, 9201, 19513, 0, 0, 25, 4783, 4832, 8485, 42, 0, 0, 18, 20, 157, 3, 34455, 25362, 28625, 2, 0, 0, 376
245,8,24, 1058879,benign, 804, 150, 8584, 0, 5822, 2689, 3, 464, 699, 0, 194, 33833, 397, 3, 41, 7879, 303, 442, 5, 13987, 10017, 19543, 0, 0, 25, 4724, 4874, 8482, 42, 0, 0, 18, 20, 166, 4, 35052, 25902, 29442, 2, 0, 0, 317
246,9,27, 1052475,benign, 604, 148, 8557, 0, 5826, 2693, 5, 464, 699, 0, 202, 33450, 397, 3, 41, 7185, 319, 502, 5, 13679, 9537, 19508, 0, 0, 25, 4723, 4885, 8487, 42, 0, 0, 18, 20, 160, 3, 34237, 25362, 28665, 2, 0, 0, 316
247,6,10, 1055884,benign, 686, 147, 8566, 4, 5830, 2689, 1, 464, 699, 0, 202, 33617, 397, 3, 42, 7195, 297, 505, 5, 13475, 9454, 19484, 0, 0, 25, 4728, 4886, 8485, 42, 0, 0, 18, 20, 160, 3, 34368, 25668, 28959, 2, 0, 0, 323
248,5,27, 1054058,benign, 648, 150, 8560, 0, 5824, 2693, 1, 464, 699, 0, 197, 33361, 397, 3, 41, 7024, 447, 509, 5, 13551, 9559, 19523, 0, 0, 25, 4726, 4884, 8496, 42, 0, 0, 18, 20, 157, 4, 33924, 25545, 29026, 2, 0, 0, 317
249,3,12, 1060326,crash/hangs,-,-,-,-,-,-,-,-,-,-,-,-,-,-,-,-,-,-,-,-,-,-,-,-,-,-,-,-,-,-,-,-,-,-,-,-,-,-,-,-,-,-
250,1,17, 1050373,benign, 458, 23, 8581, 0, 5866, 2701, 1, 464, 699, 0, 194, 33157, 397, 3, 43, 6717, 298, 503, 5, 13194, 9232, 19511, 0, 0, 25, 4698, 4901, 8483, 42, 0, 0, 18, 20, 166, 3, 34446, 25693, 29074, 2, 0, 0, 316
251,2,5, 1051789,SDC, 587, 146, 8562, 0, 5820, 2693, 1, 464, 694, 0, 198, 33458, 392, 3, 45, 6894, 333, 443, 5, 13153, 9148, 19489, 0, 0, 25, 4772, 4957, 8485, 42, 0, 0, 18, 20, 160, 3, 34166, 25280, 28574, 2, 0, 0, 393
252,4,10, 1049915,benign, 518, 146, 8561, 1, 5825, 2686, 3, 464, 699, 0, 194, 33375, 397, 3, 40, 6610, 339, 563, 5, 13238, 9186, 19493, 0, 0, 25, 4715, 4927, 8480, 42, 0, 0, 19, 23, 155, 2, 34416, 25291, 28575, 2, 0, 0, 385
253,3,19, 1056734,SDC, 738, 148, 8571, 0, 5820, 2693, 3, 464, 694, 0, 196, 33801, 392, 3, 41, 7753, 309, 447, 5, 13668, 9766, 19494, 0, 0, 25, 4844, 5009, 8500, 42, 0, 0, 18, 20, 160, 3, 34519, 25846, 29135, 2, 0, 0, 316
254,1,5, 1050942,SDC, 551, 146, 8552, 0, 5819, 2694, 1, 464, 694, 0, 195, 33343, 392, 3, 43, 6551, 293, 442, 5, 13158, 9178, 19485, 0, 0, 25, 4770, 4957, 8481, 42, 0, 0, 18, 20, 158, 4, 33906, 25323, 28575, 2, 0, 0, 320
255,10,29, 1051329,crash/hangs,-,-,-,-,-,-,-,-,-,-,-,-,-,-,-,-,-,-,-,-,-,-,-,-,-,-,-,-,-,-,-,-,-,-,-,-,-,-,-,-,-,-
256,2,14, 1052595,SDC, 528, 23, 8575, 0, 5858, 2706, 1, 464, 694, 0, 196, 34064, 392, 3, 41, 6781, 451, 510, 5, 13327, 9331, 19501, 0, 0, 25, 5036, 4693, 8482, 42, 0, 0, 18, 20, 168, 3, 34200, 25661, 28950, 2, 0, 0, 323
257,9,1, 1053532,benign, 613, 150, 8568, 4, 5825, 2691, 2, 464, 699, 0, 193, 33210, 397, 3, 42, 7309, 302, 445, 5, 13368, 9383, 19466, 0, 0, 25, 4773, 4954, 8484, 41, 0, 0, 18, 20, 158, 4, 33972, 25084, 28386, 2, 0, 0, 317
258,5,1, 1053819,benign, 644, 147, 8570, 0, 5828, 2694, 1, 464, 699, 0, 196, 33448, 397, 3, 41, 6726, 298, 445, 5, 13510, 9520, 19509, 0, 0, 25, 4716, 4889, 8480, 42, 0, 0, 18, 20, 167, 3, 34458, 25695, 28974, 2, 0, 0, 319
259,6,0, 1050479,benign, 544, 147, 8559, 0, 5828, 2693, 4, 464, 699, 0, 199, 33586, 397, 3, 43, 6493, 305, 441, 5, 13078, 9079, 19502, 0, 0, 25, 4770, 4956, 8489, 42, 0, 0, 18, 20, 207, 3, 34154, 25408, 28727, 2, 0, 0, 317
260,6,6, 1052239,benign, 600, 146, 8572, 0, 5830, 2695, 1, 464, 699, 0, 198, 33760, 397, 3, 42, 6604, 306, 503, 5, 13355, 9415, 19506, 0, 0, 25, 4723, 4891, 8488, 42, 0, 0, 19, 22, 162, 3, 34257, 25485, 28758, 2, 0, 0, 316
261,3,0, 1051700,benign, 557, 147, 8562, 4, 5827, 2690, 2, 464, 699, 0, 195, 33508, 397, 3, 42, 7173, 344, 444, 5, 13207, 9200, 19469, 0, 0, 25, 4785, 4861, 8483, 42, 0, 0, 18, 20, 158, 3, 33986, 25362, 28711, 2, 0, 0, 317
262,10,30, 1056256,benign, 699, 147, 8577, 4, 5826, 2689, 2, 464, 699, 0, 197, 34155, 397, 3, 42, 7046, 283, 443, 6, 13218, 9203, 19478, 0, 0, 25, 4713, 4891, 8484, 42, 0, 0, 18, 20, 160, 4, 34303, 25406, 28689, 2, 0, 0, 320
263,10,4, 1058282,benign, 795, 147, 8593, 0, 5829, 2693, 1, 464, 699, 0, 196, 33903, 397, 3, 41, 7479, 325, 445, 5, 14207, 10210, 19527, 0, 0, 25, 5078, 4760, 8493, 42, 0, 0, 18, 20, 158, 3, 34734, 26284, 29641, 2, 0, 0, 319
264,7,10, 1052756,benign, 588, 147, 8564, 4, 5824, 2688, 1, 464, 699, 0, 198, 33124, 397, 3, 41, 7271, 317, 506, 5, 13272, 9284, 19482, 0, 0, 25, 4729, 4872, 8488, 42, 0, 0, 18, 20, 158, 2, 34048, 25079, 28422, 2, 0, 0, 317
265,0,11, 1054899,benign, 688, 146, 8563, 0, 5829, 2693, 1, 464, 699, 0, 194, 34100, 397, 3, 41, 6997, 311, 505, 5, 13371, 9382, 19489, 0, 0, 25, 4773, 4966, 8478, 42, 0, 0, 18, 20, 160, 4, 34193, 25575, 28844, 2, 0, 0, 384
266,5,31, 1058968,benign, 783, 146, 8571, 4, 5825, 2691, 1, 464, 699, 0, 197, 33844, 397, 3, 44, 7915, 287, 443, 5, 13548, 9580, 19481, 0, 0, 25, 4780, 4827, 8489, 42, 0, 0, 18, 20, 160, 3, 34806, 25787, 29099, 2, 0, 0, 379
267,2,31, 1059687,benign, 527, 144, 8548, 0, 5821, 2689, 5, 464, 699, 0, 188, 33063, 397, 3, 40, 6483, 305, 444, 5, 13408, 9189, 19478, 0, 0, 25, 4630, 4970, 8471, 42, 0, 0, 19, 23, 155, 2, 33677, 25080, 28404, 2, 0, 0, 319
268,10,31, 1059296,benign, 792, 146, 8581, 4, 5828, 2695, 2, 464, 699, 0, 201, 33854, 397, 3, 41, 7340, 286, 445, 5, 13820, 9803, 19484, 0, 0, 25, 4732, 4908, 8486, 42, 0, 0, 18, 20, 158, 3, 34535, 26007, 29289, 2, 0, 0, 319
269,5,26, 1057223,benign, 764, 149, 8575, 0, 5827, 2691, 1, 464, 699, 0, 193, 33691, 397, 3, 43, 7378, 345, 443, 5, 13797, 9824, 19488, 0, 0, 25, 4710, 4882, 8482, 42, 0, 0, 18, 20, 158, 3, 34480, 26268, 29534, 2, 0, 0, 319
270,10,7, 1052556,benign, 581, 147, 8566, 4, 5828, 2693, 1, 464, 699, 0, 198, 33475, 397, 3, 43, 6993, 342, 447, 5, 13209, 9236, 19474, 0, 0, 25, 4722, 4885, 8487, 42, 0, 0, 18, 20, 158, 2, 34246, 25604, 29037, 2, 0, 0, 319
271,5,31, 1051257,benign, 557, 148, 8553, 0, 5826, 2694, 2, 464, 699, 0, 206, 33444, 397, 3, 43, 6867, 304, 443, 5, 13163, 9174, 19500, 0, 0, 25, 4842, 5025, 8481, 41, 0, 0, 18, 20, 158, 4, 34260, 25328, 28609, 2, 0, 0, 527
272,9,10, 1052404,benign, 576, 148, 8565, 4, 5823, 2688, 1, 464, 699, 0, 199, 33386, 397, 3, 43, 6745, 300, 442, 5, 13248, 9048, 19462, 0, 0, 25, 4784, 4938, 8491, 42, 0, 0, 18, 20, 160, 3, 34177, 24926, 28248, 2, 0, 0, 317
273,2,22, 1060036,benign, 785, 148, 8574, 3, 5818, 2688, 1, 464, 699, 0, 202, 33624, 397, 3, 41, 7358, 309, 442, 5, 13664, 9712, 19502, 0, 0, 25, 4944, 4665, 8482, 42, 0, 0, 18, 20, 281, 3, 34953, 25931, 29213, 2, 0, 0, 316
274,1,6, 1060266,benign, 529, 147, 8556, 0, 5824, 2691, 2, 464, 699, 0, 194, 33546, 397, 3, 41, 6368, 509, 439, 5, 13109, 9059, 19508, 0, 0, 25, 4527, 5119, 8474, 34, 0, 0, 19, 23, 170, 3, 34040, 25306, 28685, 2, 0, 0, 436
275,8,19, 1059098,benign, 815, 147, 8578, 1, 5829, 2687, 1, 464, 699, 0, 195, 33756, 397, 3, 42, 8031, 333, 445, 5, 14071, 10057, 19551, 0, 0, 25, 4725, 4882, 8483, 42, 0, 0, 18, 20, 160, 4, 34758, 26002, 29310, 2, 0, 0, 317
276,2,10, 1058200,benign, 755, 148, 8577, 4, 5825, 2689, 2, 464, 699, 0, 197, 33955, 397, 3, 42, 7394, 304, 442, 5, 13761, 9852, 19480, 0, 0, 25, 4768, 4943, 8489, 42, 0, 0, 18, 20, 158, 3, 34684, 25438, 28736, 2, 0, 0, 317
277,1,5, 1052443,benign, 608, 149, 8565, 0, 5829, 2694, 5, 464, 699, 0, 199, 33686, 397, 3, 42, 7281, 305, 444, 5, 13141, 9162, 19499, 0, 0, 25, 4730, 4872, 8487, 42, 0, 0, 19, 23, 162, 3, 34078, 25260, 28629, 2, 0, 0, 384
278,0,18, 1059186,benign, 811, 149, 8565, 0, 5824, 2690, 2, 464, 699, 0, 204, 34338, 397, 3, 41, 7507, 522, 442, 5, 13813, 9921, 19520, 0, 0, 25, 4715, 4893, 8475, 42, 0, 0, 18, 20, 158, 3, 34819, 26180, 29458, 2, 0, 0, 317
279,9,18, 1051292,benign, 543, 148, 8565, 4, 5825, 2690, 1, 464, 699, 0, 194, 33166, 397, 3, 43, 6600, 289, 442, 5, 13050, 9037, 19487, 0, 0, 25, 4723, 4894, 8483, 42, 0, 0, 18, 20, 158, 3, 34019, 25452, 28823, 2, 0, 0, 317
280,7,0, 1057387,benign, 762, 149, 8582, 0, 5829, 2695, 2, 464, 699, 0, 198, 34038, 397, 3, 42, 7330, 285, 445, 5, 14157, 10093, 19544, 0, 0, 25, 4734, 4873, 8486, 42, 0, 0, 18, 20, 167, 3, 34886, 25815, 29168, 2, 0, 0, 317
281,7,8, 1050416,benign, 516, 148, 8558, 4, 5828, 2694, 1, 464, 699, 0, 208, 33160, 397, 3, 41, 7019, 332, 443, 5, 12801, 8867, 19483, 0, 0, 25, 4768, 4961, 8477, 42, 0, 0, 19, 23, 171, 3, 33815, 25257, 28524, 2, 0, 0, 319
282,2,25, 1058249,SDC, 782, 147, 8566, 0, 5820, 2691, 1, 464, 694, 0, 196, 34033, 392, 3, 43, 7706, 275, 444, 5, 13746, 9845, 19485, 0, 0, 25, 4765, 4830, 8487, 42, 0, 0, 18, 20, 160, 3, 34740, 25967, 29266, 2, 0, 0, 316
283,0,2, 1052782,benign, 621, 148, 8565, 0, 5825, 2692, 1, 464, 699, 0, 199, 33724, 397, 3, 42, 6761, 458, 444, 5, 13851, 9664, 19520, 0, 0, 25, 4719, 4884, 8488, 42, 0, 0, 18, 20, 160, 3, 34407, 25356, 28827, 2, 0, 0, 447
284,1,25, 1054967,benign, 688, 148, 8570, 0, 5824, 2690, 3, 464, 700, 0, 200, 34031, 397, 3, 43, 6983, 331, 517, 5, 13686, 9679, 19504, 0, 0, 25, 4843, 4931, 8483, 42, 0, 0, 18, 20, 159, 3, 34193, 25821, 29186, 2, 0, 0, 384
285,6,11, 1051147,benign, 562, 148, 8557, 0, 5823, 2684, 2, 464, 699, 0, 198, 33647, 397, 3, 42, 6631, 427, 444, 5, 13692, 9687, 19499, 0, 0, 25, 4711, 4889, 8478, 38, 0, 0, 19, 23, 168, 3, 34066, 25832, 29094, 2, 0, 0, 316
286,9,1, 1057576,benign, 738, 146, 8581, 4, 5827, 2685, 2, 464, 699, 0, 202, 33614, 397, 3, 41, 7900, 287, 454, 5, 13614, 9575, 19472, 0, 0, 25, 4790, 4817, 8486, 42, 0, 0, 18, 20, 159, 3, 34175, 25729, 29019, 2, 0, 0, 321
287,9,6, 1056506,benign, 740, 148, 8578, 0, 5823, 2691, 1, 464, 699, 0, 206, 33692, 397, 3, 42, 7694, 313, 444, 5, 13780, 9774, 19493, 0, 0, 25, 4713, 4889, 8484, 42, 0, 0, 18, 20, 160, 3, 34583, 25712, 29029, 2, 0, 0, 319
288,1,10, 1058587,benign, 805, 147, 8572, 0, 5827, 2691, 1, 464, 700, 0, 197, 34286, 397, 3, 43, 7351, 284, 443, 5, 13798, 9838, 19509, 0, 0, 25, 4787, 4839, 8493, 42, 0, 0, 18, 20, 160, 3, 35089, 26161, 29503, 2, 0, 0, 517
289,4,15, 1060037,benign, 820, 148, 8577, 0, 5828, 2697, 1, 464, 699, 0, 202, 33668, 397, 3, 42, 7329, 296, 438, 5, 13819, 9866, 19512, 0, 0, 25, 5044, 5090, 8496, 42, 0, 0, 18, 20, 161, 2, 34773, 26123, 29396, 1, 0, 0, 317
290,0,22, 1057727,benign, 766, 149, 8569, 0, 5828, 2695, 2, 464, 699, 0, 204, 34359, 397, 3, 43, 7279, 330, 533, 5, 13666, 9578, 19493, 0, 0, 25, 4732, 4866, 8487, 42, 0, 0, 18, 20, 158, 3, 35054, 25759, 29050, 2, 0, 0, 376
291,0,31, 1056012,benign, 690, 146, 8581, 4, 5828, 2686, 1, 464, 699, 0, 199, 33224, 397, 3, 41, 7339, 281, 453, 5, 13599, 9686, 19473, 0, 0, 25, 4936, 4711, 8474, 42, 0, 0, 18, 20, 160, 3, 34325, 25807, 29284, 2, 0, 0, 316
292,4,6, 1056954,benign, 739, 149, 8587, 1, 5829, 2690, 1, 464, 700, 0, 198, 33964, 397, 3, 41, 7853, 543, 454, 5, 13640, 9665, 19490, 0, 0, 25, 4733, 4871, 8472, 42, 0, 0, 18, 20, 158, 3, 34289, 25796, 29063, 2, 0, 0, 385
293,3,23, 1058342,SDC, 780, 148, 8571, 0, 5821, 2692, 1, 464, 694, 0, 196, 33808, 392, 3, 41, 7926, 304, 447, 5, 13681, 9697, 19486, 0, 0, 25, 4777, 4811, 8476, 42, 0, 0, 18, 20, 168, 3, 34384, 25896, 29287, 2, 0, 0, 319
294,0,2, 1059178,benign, 812, 149, 8569, 0, 5829, 2694, 1, 464, 699, 0, 199, 34079, 397, 3, 43, 7709, 320, 503, 5, 13877, 9930, 19493, 0, 0, 25, 5034, 4687, 8483, 42, 0, 0, 18, 20, 159, 3, 34846, 25967, 29240, 2, 0, 0, 319
295,4,14, 1051455,benign, 575, 148, 8570, 0, 5828, 2692, 2, 464, 699, 0, 194, 33457, 397, 3, 41, 7017, 309, 505, 5, 13198, 9252, 19488, 0, 0, 25, 4754, 4847, 8481, 42, 0, 0, 18, 20, 161, 2, 34155, 25749, 29237, 1, 0, 0, 376
296,4,30, 1058395,benign, 792, 148, 8569, 0, 5825, 2688, 1, 464, 699, 0, 201, 33813, 397, 3, 41, 7819, 289, 579, 5, 13990, 9910, 19491, 0, 0, 25, 4791, 4969, 8489, 42, 0, 0, 18, 20, 161, 2, 34598, 26334, 29785, 2, 0, 0, 384
297,2,10, 1051809,SDC, 582, 147, 8559, 0, 5824, 2696, 1, 464, 694, 0, 203, 33673, 392, 3, 41, 6589, 305, 511, 5, 13093, 9184, 19497, 0, 0, 25, 4711, 4878, 8477, 42, 0, 0, 18, 20, 221, 2, 34173, 25307, 28568, 2, 0, 0, 316
298,1,25, 1059615,benign, 512, 149, 8560, 0, 5826, 2693, 1, 464, 699, 0, 193, 33692, 397, 3, 41, 6880, 311, 443, 5, 13033, 8941, 19524, 0, 0, 25, 4565, 5156, 8472, 34, 0, 0, 18, 20, 161, 2, 34083, 25387, 28893, 2, 0, 0, 320
299,6,11, 1054805,benign, 678, 147, 8568, 0, 5828, 2691, 2, 464, 699, 0, 202, 34152, 397, 3, 43, 7411, 280, 448, 5, 13423, 9450, 19498, 0, 0, 25, 5031, 4732, 8486, 42, 0, 0, 18, 20, 159, 3, 34206, 25624, 29120, 2, 0, 0, 317
300,3,11, 1058001,benign, 773, 148, 8572, 0, 5828, 2693, 1, 464, 699, 0, 196, 33918, 397, 3, 42, 7684, 319, 444, 5, 13925, 9924, 19499, 0, 0, 25, 4927, 4939, 8478, 42, 0, 0, 18, 20, 158, 4, 34933, 25813, 29077, 2, 0, 0, 320
301,8,17, 1057222,benign, 757, 146, 8572, 0, 5825, 2694, 1, 464, 699, 0, 195, 34275, 397, 3, 43, 8045, 328, 444, 5, 13712, 9766, 19495, 0, 0, 25, 4809, 4839, 8490, 42, 0, 0, 18, 20, 175, 2, 34400, 25897, 29174, 2, 0, 0, 323
302,10,10, 1053087,benign, 626, 149, 8561, 0, 5825, 2691, 2, 464, 699, 0, 196, 33519, 397, 3, 43, 7016, 321, 453, 5, 13355, 9371, 19519, 0, 0, 25, 4727, 4878, 8476, 42, 0, 0, 18, 20, 158, 3, 34350, 25418, 28750, 2, 0, 0, 384
303,1,11, 1055335,benign, 689, 148, 8576, 0, 5830, 2694, 1, 464, 699, 0, 202, 33904, 397, 3, 42, 7320, 305, 629, 5, 13633, 9471, 19498, 0, 0, 25, 5016, 4715, 8487, 42, 0, 0, 19, 23, 159, 3, 34457, 25737, 29226, 2, 0, 0, 319
304,2,23, 1053354,SDC, 629, 149, 8556, 0, 5821, 2695, 2, 464, 694, 0, 195, 33544, 392, 3, 41, 6855, 312, 447, 5, 13970, 10007, 19534, 0, 0, 25, 4787, 4813, 8477, 42, 0, 0, 18, 20, 157, 2, 34460, 25611, 28879, 2, 0, 0, 317
305,9,28, 1059627,benign, 517, 148, 8555, 0, 5820, 2688, 2, 464, 699, 0, 189, 33594, 397, 3, 42, 6395, 315, 437, 5, 13070, 9169, 19527, 0, 0, 25, 4567, 5170, 8482, 34, 0, 0, 18, 20, 159, 3, 34063, 25080, 28533, 2, 0, 0, 392
306,2,17, 1057646,benign, 766, 150, 8576, 0, 5823, 2684, 2, 464, 699, 0, 195, 34018, 397, 3, 44, 7547, 293, 448, 5, 14014, 10066, 19548, 0, 0, 25, 4738, 4866, 8482, 42, 0, 0, 18, 20, 158, 3, 34850, 26030, 29406, 2, 0, 0, 319
307,2,11, 1054888,SDC, 656, 148, 8576, 4, 5824, 2695, 1, 464, 694, 0, 195, 33860, 392, 3, 42, 7013, 289, 446, 5, 12918, 8918, 19459, 0, 0, 25, 4693, 4895, 8478, 42, 0, 0, 18, 20, 160, 4, 33834, 25179, 28465, 2, 0, 0, 317
308,1,17, 1057843,benign, 763, 149, 8564, 0, 5825, 2690, 2, 464, 700, 0, 199, 33967, 397, 3, 42, 7438, 290, 680, 5, 14410, 10275, 19544, 0, 0, 25, 4720, 4881, 8480, 42, 0, 0, 18, 20, 254, 3, 34871, 26392, 29670, 2, 0, 0, 447
309,1,11, 1053550,benign, 647, 149, 8567, 0, 5827, 2694, 1, 464, 699, 0, 196, 34079, 397, 3, 41, 7167, 310, 628, 5, 13984, 9991, 19502, 0, 0, 25, 4716, 4883, 8482, 42, 0, 0, 18, 20, 157, 3, 34462, 25800, 29093, 2, 0, 0, 317
310,7,17, 1052935,benign, 623, 149, 8556, 0, 5825, 2688, 1, 464, 699, 0, 198, 33339, 397, 3, 41, 6762, 288, 444, 5, 13606, 9606, 19494, 0, 0, 25, 4720, 4886, 8470, 42, 0, 0, 18, 20, 160, 3, 34591, 25614, 28903, 2, 0, 0, 319
311,9,3, 1059171,benign, 818, 149, 8571, 0, 5822, 2690, 1, 464, 699, 0, 194, 33806, 397, 3, 41, 7757, 336, 442, 5, 14351, 10386, 19543, 0, 0, 25, 4785, 4945, 8492, 42, 0, 0, 18, 20, 158, 4, 34858, 26226, 29512, 2, 0, 0, 318
312,6,17, 1053232,benign, 602, 146, 8565, 4, 5830, 2685, 2, 464, 699, 0, 199, 33246, 397, 3, 43, 6568, 290, 442, 5, 13143, 9110, 19484, 0, 0, 25, 4964, 4773, 8480, 42, 0, 0, 18, 20, 166, 3, 34118, 25194, 28677, 2, 0, 0, 319
313,8,10, 1054697,benign, 673, 149, 8562, 0, 5821, 2686, 1, 464, 699, 0, 198, 33628, 397, 3, 41, 7004, 321, 502, 5, 13718, 9747, 19504, 0, 0, 25, 4778, 4859, 8485, 42, 0, 0, 19, 23, 160, 3, 34491, 25524, 28794, 2, 0, 0, 317
314,8,31, 1053548,benign, 614, 149, 8556, 4, 5827, 2690, 1, 464, 699, 0, 196, 33132, 397, 3, 41, 7207, 336, 502, 5, 13104, 9157, 19487, 0, 0, 25, 4789, 4860, 8483, 42, 0, 0, 18, 20, 158, 3, 34308, 25201, 28454, 2, 0, 0, 378
315,0,0, 1059219,benign, 811, 147, 8578, 0, 5825, 2690, 1, 464, 699, 0, 200, 34429, 397, 3, 42, 7892, 290, 505, 5, 13888, 9903, 19496, 0, 0, 25, 4716, 4886, 8481, 42, 0, 0, 18, 20, 159, 3, 34525, 26472, 29804, 2, 0, 0, 319
316,7,27, 1055372,benign, 670, 146, 8577, 4, 5827, 2686, 1, 464, 699, 0, 201, 33795, 397, 3, 41, 7350, 316, 512, 5, 13734, 9759, 19477, 0, 0, 25, 5002, 5175, 8485, 42, 0, 0, 18, 20, 158, 3, 33761, 25598, 28922, 2, 0, 0, 317
317,3,9, 1050374,SDC, 549, 149, 8556, 0, 5821, 2688, 1, 464, 694, 0, 200, 33759, 392, 3, 44, 6657, 332, 443, 5, 13695, 9748, 19500, 0, 0, 25, 4706, 4893, 8488, 41, 0, 0, 18, 20, 160, 3, 34119, 25455, 28725, 2, 0, 0, 320
318,0,26, 1049951,benign, 524, 146, 8562, 0, 5821, 2683, 6, 464, 700, 0, 198, 33455, 397, 3, 42, 6543, 307, 455, 5, 13365, 9307, 19496, 0, 0, 25, 4710, 4896, 8471, 42, 0, 0, 18, 20, 167, 3, 34131, 25387, 28679, 2, 0, 0, 317
319,9,20, 1053958,benign, 658, 147, 8561, 0, 5829, 2694, 1, 464, 699, 0, 195, 33399, 397, 3, 41, 6786, 327, 512, 5, 13634, 9634, 19492, 0, 0, 25, 4801, 4838, 8481, 42, 0, 0, 18, 20, 158, 3, 34399, 25517, 29005, 2, 0, 0, 384
320,8,4, 1050756,benign, 525, 148, 8556, 4, 5821, 2687, 1, 464, 699, 0, 200, 33365, 397, 3, 41, 6728, 306, 443, 5, 13127, 9157, 19487, 0, 0, 25, 4713, 4902, 8480, 42, 0, 0, 18, 20, 222, 3, 33469, 25160, 28452, 2, 0, 0, 320
321,4,2, 1059810,benign, 517, 147, 8556, 0, 5823, 2693, 1, 464, 699, 0, 192, 33253, 397, 3, 41, 6633, 430, 510, 5, 13116, 9091, 19485, 0, 0, 25, 4459, 5187, 8475, 42, 0, 0, 18, 20, 153, 2, 33656, 25049, 28583, 1, 0, 0, 317
322,4,15, 1054423,benign, 663, 148, 8561, 0, 5827, 2695, 2, 464, 699, 0, 196, 33485, 397, 3, 41, 6955, 321, 593, 5, 13534, 9571, 19524, 0, 0, 25, 4716, 4890, 8474, 40, 0, 0, 18, 20, 153, 2, 34871, 25566, 28926, 1, 0, 0, 317
323,1,23, 1055928,benign, 687, 147, 8578, 4, 5826, 2685, 1, 464, 699, 0, 198, 33332, 397, 3, 42, 7260, 325, 568, 5, 13405, 9439, 19468, 0, 0, 25, 4714, 4888, 8474, 40, 0, 0, 18, 20, 357, 4, 34615, 25599, 28855, 2, 0, 0, 316
324,2,10, 1053766,benign, 641, 146, 8568, 0, 5824, 2688, 1, 464, 699, 0, 195, 33377, 397, 3, 41, 7179, 339, 443, 5, 13321, 9309, 19517, 0, 0, 25, 4729, 4886, 8481, 42, 0, 0, 18, 20, 158, 3, 34401, 25338, 28751, 2, 0, 0, 317
325,8,13, 1055337,benign, 700, 148, 8563, 0, 5827, 2694, 2, 464, 700, 0, 195, 34173, 397, 3, 41, 7472, 315, 443, 5, 13729, 9660, 19504, 0, 0, 25, 4981, 4620, 8486, 42, 0, 0, 18, 20, 167, 4, 34920, 25732, 29004, 2, 0, 0, 319
326,1,30, 1057769,benign, 768, 149, 8581, 0, 5825, 2690, 2, 464, 699, 0, 199, 34252, 397, 3, 42, 7508, 301, 443, 5, 13753, 9837, 19503, 0, 0, 25, 4734, 4875, 8487, 42, 0, 0, 18, 20, 160, 3, 34496, 25757, 29087, 2, 0, 0, 319
327,2,19, 1050507,benign, 539, 148, 8563, 0, 5828, 2686, 1, 464, 699, 0, 200, 33562, 397, 3, 41, 6908, 287, 445, 5, 13587, 9562, 19494, 0, 0, 25, 4703, 4910, 8480, 42, 0, 0, 18, 20, 158, 4, 33993, 25573, 28821, 2, 0, 0, 319
328,0,21, 1056241,benign, 724, 148, 8577, 0, 5825, 2691, 1, 464, 699, 0, 196, 34130, 397, 3, 43, 7256, 540, 502, 5, 14071, 10043, 19546, 0, 0, 25, 4726, 4888, 8490, 42, 0, 0, 18, 20, 158, 3, 34281, 25736, 29027, 2, 0, 0, 377
329,1,4, 1050261,benign, 545, 149, 8568, 0, 5829, 2687, 1, 464, 699, 0, 194, 33379, 397, 3, 41, 6787, 337, 445, 5, 13375, 9382, 19498, 0, 0, 25, 4731, 4921, 8481, 42, 0, 0, 18, 20, 160, 4, 34287, 25639, 28965, 2, 0, 0, 317
330,7,0, 1059409,benign, 812, 147, 8582, 0, 5826, 2691, 2, 464, 699, 0, 198, 34092, 397, 3, 43, 7834, 311, 451, 5, 14348, 10427, 19550, 0, 0, 25, 4718, 4885, 8499, 42, 0, 0, 18, 20, 158, 3, 35046, 26017, 29307, 2, 0, 0, 319
331,4,21, 1058523,benign, 789, 148, 8568, 0, 5826, 2690, 1, 464, 699, 0, 199, 33744, 397, 3, 41, 7364, 309, 583, 5, 13746, 9664, 19521, 0, 0, 25, 4774, 4944, 8491, 42, 0, 0, 19, 23, 155, 2, 34505, 25904, 29183, 1, 0, 0, 322
332,0,26, 1056960,benign, 720, 147, 8573, 4, 5828, 2694, 1, 464, 699, 0, 200, 33699, 397, 3, 42, 7470, 341, 505, 5, 13597, 9606, 19483, 0, 0, 25, 4820, 4829, 8482, 42, 0, 0, 18, 20, 157, 3, 34690, 25765, 29118, 2, 0, 0, 316
333,1,2, 1056141,SDC, 730, 149, 8568, 0, 5824, 2690, 1, 464, 694, 0, 197, 33893, 392, 3, 44, 7169, 437, 442, 5, 13828, 9850, 19486, 0, 0, 25, 4705, 4887, 8486, 42, 0, 0, 18, 20, 157, 2, 34027, 25968, 29284, 2, 0, 0, 317
334,9,28, 1055052,benign, 661, 147, 8570, 4, 5825, 2688, 2, 464, 699, 0, 201, 33491, 397, 3, 41, 7326, 334, 572, 5, 13250, 9271, 19487, 0, 0, 25, 4759, 4833, 8491, 42, 0, 0, 18, 20, 160, 4, 34325, 25545, 28850, 2, 0, 0, 376
335,10,22, 1054372,benign, 640, 147, 8573, 4, 5827, 2691, 1, 464, 699, 0, 203, 33121, 397, 3, 42, 7218, 287, 447, 5, 12906, 8910, 19475, 0, 0, 25, 4715, 4893, 8489, 41, 0, 0, 18, 20, 158, 3, 33990, 25462, 28843, 2, 0, 0, 319
336,4,9, 1056835,benign, 751, 149, 8572, 1, 5828, 2686, 2, 464, 699, 0, 195, 33820, 397, 3, 43, 7359, 304, 442, 5, 13847, 9905, 19512, 0, 0, 25, 5042, 4691, 8485, 42, 0, 0, 18, 20, 153, 2, 34661, 26180, 29678, 2, 0, 0, 375
337,8,25, 1057198,benign, 747, 148, 8576, 0, 5823, 2688, 1, 464, 699, 0, 199, 34032, 397, 3, 41, 7254, 463, 446, 5, 13661, 9688, 19515, 0, 0, 25, 4794, 4940, 8491, 42, 0, 0, 18, 20, 159, 3, 34518, 26071, 29333, 2, 0, 0, 328
338,8,21, 1051736,benign, 555, 147, 8563, 4, 5829, 2695, 4, 464, 699, 0, 199, 33304, 397, 3, 41, 7058, 323, 573, 5, 13210, 8994, 19470, 0, 0, 25, 4770, 4956, 8484, 42, 0, 0, 18, 20, 157, 4, 33846, 25681, 28950, 2, 0, 0, 319
339,9,28, 1058265,benign, 793, 147, 8578, 0, 5823, 2687, 5, 464, 699, 0, 199, 33928, 397, 3, 42, 7204, 291, 443, 5, 14239, 10283, 19547, 0, 0, 25, 4896, 4709, 8487, 41, 0, 0, 18, 20, 166, 3, 34620, 26176, 29464, 2, 0, 0, 317
340,6,4, 1052738,benign, 611, 149, 8569, 0, 5825, 2691, 3, 464, 699, 0, 208, 33990, 397, 3, 41, 6796, 294, 445, 5, 13995, 9840, 19522, 0, 0, 25, 4720, 4882, 8480, 42, 0, 0, 18, 20, 158, 4, 34271, 25378, 28639, 2, 0, 0, 319
341,5,7, 1058809,benign, 808, 149, 8572, 0, 5827, 2694, 1, 464, 699, 0, 197, 34367, 397, 3, 42, 7876, 308, 447, 5, 13867, 9919, 19486, 0, 0, 25, 4724, 4883, 8484, 42, 0, 0, 18, 20, 160, 3, 34969, 25798, 29097, 2, 0, 0, 443
342,10,5, 1058837,benign, 797, 149, 8566, 0, 5828, 2694, 2, 464, 699, 0, 197, 33872, 397, 3, 41, 7505, 312, 448, 5, 14469, 10289, 19548, 0, 0, 25, 4796, 4945, 8483, 42, 0, 0, 18, 20, 158, 3, 34598, 26165, 29436, 2, 0, 0, 319
343,8,22, 1055880,benign, 687, 149, 8569, 4, 5820, 2684, 5, 464, 699, 0, 203, 33558, 397, 3, 42, 6952, 292, 444, 5, 13173, 9219, 19489, 0, 0, 25, 4772, 4952, 8479, 42, 0, 0, 18, 20, 159, 4, 34090, 25352, 28611, 2, 0, 0, 317
344,1,6, 1052778,benign, 622, 147, 8555, 0, 5823, 2691, 1, 464, 699, 0, 193, 33551, 397, 3, 43, 6809, 305, 442, 5, 13336, 9104, 19496, 0, 0, 25, 4734, 4864, 8489, 42, 0, 0, 18, 20, 158, 4, 34157, 25299, 28562, 2, 0, 0, 317
345,5,4, 1050948,benign, 533, 150, 8562, 4, 5829, 2695, 1, 464, 699, 0, 199, 33507, 397, 3, 41, 6693, 306, 494, 5, 12874, 8935, 19477, 0, 0, 25, 4789, 4855, 8501, 42, 0, 0, 18, 20, 158, 2, 33821, 25026, 28319, 2, 0, 0, 317
346,7,2, 1057191,benign, 753, 147, 8583, 0, 5830, 2689, 3, 464, 699, 0, 199, 34150, 397, 3, 41, 7377, 310, 509, 5, 13749, 9811, 19499, 0, 0, 25, 4735, 4870, 8480, 42, 0, 0, 18, 20, 158, 4, 34570, 25830, 29171, 2, 0, 0, 319
347,2,8, 1053617,benign, 648, 146, 8571, 0, 5826, 2688, 2, 464, 699, 0, 210, 33876, 397, 3, 41, 6894, 309, 453, 5, 13814, 9837, 19506, 0, 0, 25, 4716, 4889, 8478, 42, 0, 0, 18, 20, 157, 2, 34193, 25912, 29256, 2, 0, 0, 319
348,8,0, 1057795,benign, 765, 148, 8575, 0, 5825, 2691, 3, 464, 699, 0, 194, 33865, 397, 3, 41, 7267, 312, 443, 5, 13884, 9940, 19513, 0, 0, 25, 4744, 4894, 8480, 42, 0, 0, 18, 20, 158, 3, 34588, 25769, 29042, 2, 0, 0, 319
349,2,27, 1056818,benign, 766, 164, 8564, 0, 5826, 2692, 1, 464, 700, 0, 199, 33947, 397, 3, 43, 7454, 302, 443, 5, 14091, 10099, 19555, 0, 0, 25, 4728, 4876, 8485, 42, 0, 0, 18, 20, 159, 3, 34542, 26105, 29671, 2, 0, 0, 447
350,5,2, 1054995,benign, 684, 146, 8560, 0, 5821, 2688, 1, 464, 699, 0, 202, 33653, 397, 3, 41, 7014, 328, 446, 5, 13406, 9480, 19491, 0, 0, 25, 4709, 4895, 8486, 42, 0, 0, 18, 20, 159, 3, 34245, 25796, 29066, 2, 0, 0, 317
351,10,24, 1059006,benign, 799, 147, 8563, 0, 5824, 2684, 1, 464, 699, 0, 200, 34363, 397, 3, 41, 7359, 319, 531, 5, 14081, 10123, 19559, 0, 0, 25, 4730, 4874, 8488, 42, 0, 0, 18, 20, 158, 4, 34993, 26080, 29360, 2, 0, 0, 317
352,3,7, 1056974,SDC, 754, 148, 8581, 0, 5822, 2694, 2, 464, 694, 0, 196, 34168, 392, 3, 41, 7193, 333, 445, 5, 13914, 9907, 19484, 0, 0, 25, 4722, 4875, 8484, 42, 0, 0, 18, 20, 159, 3, 34651, 25662, 28992, 2, 0, 0, 391
353,3,2, 1052787,benign, 611, 146, 8563, 0, 5824, 2693, 2, 464, 700, 0, 197, 33456, 397, 3, 42, 7024, 335, 453, 5, 13581, 9570, 19512, 0, 0, 25, 4732, 4879, 8487, 42, 0, 0, 18, 20, 157, 2, 34070, 25345, 28630, 2, 0, 0, 384
354,4,3, 1053403,benign, 637, 151, 8564, 1, 5827, 2690, 2, 464, 699, 0, 198, 33922, 397, 3, 42, 6820, 294, 571, 7, 13712, 9502, 19519, 0, 0, 25, 4908, 4696, 8484, 42, 0, 0, 18, 20, 153, 2, 33983, 25429, 28678, 2, 0, 0, 321
355,8,19, 1050502,benign, 543, 147, 8564, 0, 5830, 2691, 1, 464, 700, 0, 199, 33486, 397, 3, 41, 6687, 289, 447, 5, 13352, 9273, 19481, 0, 0, 25, 4689, 4916, 8490, 42, 0, 0, 18, 20, 168, 3, 34204, 25270, 28592, 2, 0, 0, 317
356,0,2, 1060003,benign, 809, 148, 8576, 0, 5830, 2696, 3, 464, 699, 0, 201, 34007, 397, 3, 41, 7405, 317, 608, 5, 13796, 9812, 19537, 0, 0, 25, 4721, 4897, 8505, 42, 0, 0, 18, 20, 158, 3, 34538, 25833, 29127, 2, 0, 0, 316
357,8,0, 1052125,benign, 587, 148, 8558, 1, 5825, 2695, 1, 464, 699, 0, 195, 33388, 397, 3, 42, 6713, 308, 512, 5, 13707, 9780, 19500, 0, 0, 25, 4782, 4954, 8484, 42, 0, 0, 18, 20, 159, 3, 33900, 25546, 28817, 2, 0, 0, 316
358,7,14, 1053363,benign, 634, 147, 8572, 0, 5827, 2689, 1, 464, 699, 0, 193, 33296, 397, 3, 41, 6836, 312, 572, 5, 13725, 9692, 19507, 0, 0, 25, 4746, 4892, 8484, 42, 0, 0, 18, 20, 167, 4, 34526, 25502, 29043, 2, 0, 0, 319
359,9,7, 1057557,benign, 758, 148, 8568, 0, 5825, 2694, 2, 464, 699, 0, 196, 34005, 397, 3, 41, 7433, 285, 445, 5, 14030, 10018, 19545, 0, 0, 25, 4784, 4930, 8484, 42, 0, 0, 18, 20, 160, 4, 34361, 26096, 29364, 2, 0, 0, 317
360,8,24, 1055193,benign, 687, 146, 8577, 0, 5831, 2694, 1, 464, 699, 0, 199, 33509, 397, 3, 41, 7095, 301, 447, 5, 13343, 9338, 19481, 0, 0, 25, 4721, 4880, 8465, 34, 0, 0, 18, 20, 166, 4, 34316, 25649, 28946, 2, 0, 0, 385
361,10,4, 1050701,benign, 549, 149, 8551, 0, 5826, 2693, 2, 464, 699, 0, 194, 33396, 397, 3, 44, 6781, 337, 445, 5, 13198, 9272, 19482, 0, 0, 25, 4763, 4964, 8480, 42, 0, 0, 18, 20, 158, 3, 33998, 25216, 28566, 2, 0, 0, 317
362,3,24, 1052929,benign, 613, 146, 8564, 0, 5826, 2691, 2, 464, 699, 0, 199, 33753, 397, 3, 43, 7361, 308, 445, 5, 13895, 9877, 19513, 0, 0, 25, 4719, 4881, 8486, 42, 0, 0, 18, 20, 158, 4, 34535, 25684, 29030, 2, 0, 0, 378
363,2,22, 1055586,benign, 695, 148, 8560, 0, 5822, 2688, 1, 464, 699, 0, 194, 33927, 397, 3, 42, 7543, 341, 447, 5, 13605, 9620, 19486, 0, 0, 25, 4719, 4880, 8486, 42, 0, 0, 18, 20, 160, 3, 34525, 25929, 29181, 2, 0, 0, 319
364,0,1, 1057116,benign, 723, 146, 8577, 4, 5825, 2688, 1, 464, 699, 0, 199, 33805, 397, 3, 44, 7273, 309, 511, 5, 13846, 9859, 19501, 0, 0, 25, 4775, 4828, 8490, 42, 0, 0, 18, 20, 260, 3, 34466, 25791, 29063, 2, 0, 0, 323
365,5,30, 1057368,benign, 730, 146, 8584, 4, 5829, 2693, 1, 464, 699, 0, 197, 34217, 397, 3, 42, 7534, 283, 446, 5, 13679, 9714, 19474, 0, 0, 25, 4747, 4892, 8496, 42, 0, 0, 18, 20, 167, 3, 34693, 25798, 29057, 2, 0, 0, 379
366,8,23, 1059794,benign, 512, 148, 8560, 0, 5819, 2685, 1, 464, 699, 0, 188, 33438, 397, 3, 41, 6341, 551, 512, 5, 12914, 8857, 19488, 0, 0, 25, 4687, 5032, 8476, 42, 0, 0, 18, 20, 153, 2, 33797, 25058, 28492, 1, 0, 0, 317
367,2,5, 1057309,benign, 754, 149, 8564, 0, 5824, 2689, 1, 464, 699, 0, 195, 33880, 397, 3, 41, 7479, 318, 444, 5, 13918, 9910, 19508, 0, 0, 25, 4855, 4880, 8486, 42, 0, 0, 18, 20, 157, 3, 34486, 26049, 29377, 2, 0, 0, 317
368,8,12, 1057470,benign, 755, 149, 8577, 0, 5829, 2684, 1, 464, 699, 0, 197, 33858, 397, 3, 41, 7333, 524, 442, 5, 13765, 9776, 19494, 0, 0, 25, 4999, 4653, 8487, 42, 0, 0, 18, 20, 158, 3, 34688, 25858, 29144, 2, 0, 0, 377
369,5,24, 1052224,benign, 572, 147, 8575, 4, 5829, 2690, 1, 464, 699, 0, 193, 33246, 397, 3, 41, 6846, 283, 446, 5, 13180, 9207, 19476, 0, 0, 25, 4723, 4891, 8487, 41, 0, 0, 18, 20, 158, 4, 34066, 25145, 28443, 2, 0, 0, 323
370,4,25, 1059625,benign, 530, 148, 8555, 0, 5825, 2691, 2, 464, 699, 0, 196, 33563, 397, 3, 39, 6324, 278, 437, 5, 12991, 8957, 19511, 0, 0, 25, 4504, 5229, 8482, 36, 0, 0, 18, 20, 153, 2, 34017, 25622, 28910, 1, 0, 0, 319
371,8,13, 1057913,benign, 772, 149, 8568, 0, 5824, 2689, 1, 464, 699, 0, 195, 33929, 397, 3, 41, 7345, 287, 444, 5, 13589, 9618, 19490, 0, 0, 25, 4707, 4893, 8486, 42, 0, 0, 18, 20, 160, 3, 34443, 26336, 29620, 2, 0, 0, 376
372,9,2, 1049991,benign, 537, 148, 8551, 0, 5829, 2695, 1, 464, 699, 0, 202, 33965, 397, 3, 41, 6741, 306, 452, 5, 13478, 9471, 19503, 0, 0, 25, 4827, 5013, 8493, 42, 0, 0, 18, 20, 166, 2, 34058, 25520, 28805, 2, 0, 0, 319
373,3,15, 1056720,benign, 712, 146, 8573, 4, 5830, 2694, 2, 464, 699, 0, 198, 33491, 397, 3, 41, 7335, 304, 443, 5, 13416, 9410, 19470, 0, 0, 25, 4845, 4878, 8487, 42, 0, 0, 18, 20, 158, 4, 33928, 25462, 28729, 2, 0, 0, 379
374,7,7, 1051556,benign, 552, 148, 8566, 4, 5830, 2685, 1, 464, 699, 0, 196, 33213, 397, 3, 44, 6841, 311, 442, 5, 12910, 8925, 19475, 0, 0, 25, 4731, 4880, 8481, 42, 0, 0, 18, 20, 158, 4, 34178, 25119, 28536, 2, 0, 0, 404
375,1,13, 1050243,benign, 543, 147, 8558, 1, 5827, 2694, 2, 464, 699, 0, 195, 33400, 397, 3, 42, 6658, 290, 446, 5, 13181, 9257, 19499, 0, 0, 25, 4787, 4861, 8487, 42, 0, 0, 18, 20, 160, 3, 34128, 25554, 28840, 2, 0, 0, 377
376,5,8, 1058188,benign, 758, 148, 8568, 4, 5822, 2689, 3, 464, 699, 0, 195, 33993, 397, 3, 42, 7518, 424, 446, 5, 13517, 9550, 19486, 0, 0, 25, 4778, 4814, 8487, 42, 0, 0, 18, 20, 160, 3, 34583, 25988, 29268, 2, 0, 0, 319
377,6,17, 1051207,benign, 573, 149, 8555, 0, 5827, 2696, 3, 464, 699, 0, 198, 33790, 397, 3, 41, 6569, 283, 502, 5, 13701, 9657, 19494, 0, 0, 25, 4723, 4914, 8481, 42, 0, 0, 18, 20, 256, 4, 34220, 25373, 28709, 2, 0, 0, 319
378,0,14, 1052262,benign, 594, 149, 8565, 0, 5824, 2691, 2, 464, 699, 0, 196, 33929, 397, 3, 41, 7086, 328, 446, 5, 13411, 9408, 19485, 0, 0, 25, 4739, 4906, 8480, 42, 0, 0, 18, 20, 158, 3, 33985, 25568, 28831, 2, 0, 0, 317
379,1,14, 1058104,SDC, 758, 148, 8569, 4, 5819, 2693, 1, 464, 694, 0, 198, 33696, 392, 3, 42, 7371, 337, 445, 5, 13293, 9410, 19467, 0, 0, 25, 4773, 4834, 8484, 42, 0, 0, 18, 20, 159, 3, 34445, 25906, 29297, 2, 0, 0, 317
380,10,13, 1057500,benign, 735, 147, 8579, 4, 5825, 2688, 1, 464, 699, 0, 200, 33626, 397, 3, 42, 7162, 283, 444, 5, 13828, 9617, 19478, 0, 0, 25, 4807, 4947, 8485, 42, 0, 0, 18, 20, 166, 4, 34671, 25551, 28814, 2, 0, 0, 317
381,2,22, 1051600,benign, 550, 148, 8556, 4, 5830, 2695, 2, 464, 699, 0, 195, 33123, 397, 3, 42, 6600, 308, 444, 5, 12965, 8999, 19479, 0, 0, 25, 4717, 4887, 8482, 42, 0, 0, 18, 20, 160, 3, 33784, 25510, 28817, 2, 0, 0, 316
382,2,16, 1052501,SDC, 616, 148, 8559, 0, 5822, 2692, 1, 464, 694, 0, 198, 33878, 392, 3, 41, 6902, 305, 453, 5, 13677, 9733, 19499, 0, 0, 25, 4808, 4832, 8483, 42, 0, 0, 18, 20, 157, 4, 33904, 25509, 28908, 2, 0, 0, 317
383,6,12, 1050984,benign, 533, 149, 8558, 4, 5828, 2691, 5, 464, 699, 0, 194, 33390, 397, 3, 43, 6596, 286, 456, 5, 13126, 9093, 19468, 0, 0, 25, 4694, 4899, 8488, 42, 0, 0, 18, 20, 157, 4, 33710, 25222, 28486, 2, 0, 0, 384
384,3,20, 1049885,SDC, 524, 148, 8405, 1, 5718, 2657, 2, 448, 678, 0, 190, 33591, 376, 3, 41, 6694, 516, 444, 5, 13201, 9148, 19202, 0, 0, 25, 4377, 5096, 8338, 42, 0, 0, 18, 20, 167, 3, 33966, 25541, 28845, 2, 0, 0, 319
385,2,31, 1059222,SDC, 807, 147, 8558, 0, 5820, 2692, 2, 464, 694, 0, 195, 33993, 392, 3, 44, 7318, 350, 442, 5, 13937, 9974, 19473, 0, 0, 25, 4761, 4841, 8485, 42, 0, 0, 18, 20, 168, 3, 34638, 26264, 29535, 2, 0, 0, 319
386,0,9, 1057955,benign, 770, 148, 8574, 0, 5825, 2688, 1, 464, 699, 0, 199, 33959, 397, 3, 43, 7643, 315, 654, 5, 14101, 10025, 19557, 0, 0, 25, 4771, 4941, 8479, 42, 0, 0, 18, 20, 158, 4, 34841, 26372, 29665, 2, 0, 0, 316
387,8,3, 1060329,benign, 513, 144, 8550, 0, 5824, 2694, 1, 464, 699, 0, 193, 33571, 397, 3, 40, 6583, 290, 670, 5, 13504, 9290, 19514, 0, 0, 25, 4443, 5165, 8479, 42, 0, 0, 18, 20, 166, 3, 33787, 25286, 28564, 1, 0, 0, 323
388,5,5, 1057017,benign, 753, 148, 8574, 0, 5828, 2693, 1, 464, 699, 0, 196, 33910, 397, 3, 42, 7502, 333, 443, 5, 13920, 9938, 19499, 0, 0, 25, 4788, 4946, 8481, 42, 0, 0, 18, 20, 166, 3, 34647, 25703, 29166, 2, 0, 0, 317
389,7,5, 1052212,benign, 571, 147, 8571, 4, 5826, 2692, 1, 464, 700, 0, 197, 33416, 397, 3, 42, 6741, 512, 447, 5, 12976, 9000, 19474, 0, 0, 25, 4908, 4692, 8480, 42, 0, 0, 18, 20, 167, 4, 34091, 25257, 28725, 2, 0, 0, 317
390,9,26, 1059338,benign, 825, 149, 8564, 0, 5829, 2694, 2, 464, 699, 0, 196, 34238, 397, 3, 41, 7598, 297, 445, 5, 13867, 9854, 19510, 0, 0, 25, 4785, 4808, 8487, 42, 0, 0, 18, 20, 158, 3, 34986, 26006, 29262, 2, 0, 0, 317
391,5,20, 1059685,benign, 517, 146, 8546, 0, 5819, 2688, 1, 464, 699, 0, 189, 33053, 397, 3, 41, 6430, 318, 446, 5, 13216, 9126, 19506, 0, 0, 25, 4562, 5284, 8474, 42, 0, 0, 18, 20, 159, 3, 33608, 25171, 28541, 2, 0, 0, 319
392,8,0, 1058481,benign, 787, 146, 8576, 0, 5824, 2689, 2, 464, 699, 0, 198, 34046, 397, 3, 43, 7487, 325, 447, 5, 13768, 9841, 19502, 0, 0, 25, 4715, 4885, 8489, 42, 0, 0, 18, 20, 169, 3, 34531, 25806, 29134, 2, 0, 0, 319
393,10,31, 1055644,benign, 674, 146, 8570, 4, 5829, 2688, 1, 464, 699, 0, 202, 33910, 397, 3, 42, 7155, 319, 452, 5, 13489, 9469, 19453, 0, 0, 25, 4734, 4882, 8488, 42, 0, 0, 18, 20, 160, 3, 33863, 25376, 28650, 2, 0, 0, 318
394,0,1, 1055051,benign, 695, 147, 8567, 0, 5824, 2686, 5, 464, 699, 0, 193, 33876, 397, 3, 42, 6857, 309, 444, 5, 13455, 9531, 19507, 0, 0, 25, 4833, 4903, 8483, 42, 0, 0, 19, 23, 162, 3, 34766, 25800, 29096, 2, 0, 0, 316
395,2,6, 1056884,SDC, 717, 146, 8576, 4, 5821, 2696, 1, 464, 694, 0, 200, 33525, 392, 3, 41, 7273, 298, 445, 5, 13465, 9413, 19459, 0, 0, 25, 4796, 4815, 8482, 42, 0, 0, 18, 20, 159, 3, 34381, 25278, 28566, 2, 0, 0, 385
396,9,27, 1059845,benign, 817, 149, 8574, 0, 5825, 2693, 2, 464, 699, 0, 199, 34037, 397, 3, 43, 7600, 346, 441, 5, 14081, 10153, 19549, 0, 0, 25, 4706, 4903, 8477, 34, 0, 0, 18, 20, 372, 3, 34795, 25977, 29264, 2, 0, 0, 319
397,0,7, 1054457,benign, 676, 147, 8572, 0, 5826, 2690, 3, 464, 699, 0, 194, 33984, 397, 3, 42, 7166, 329, 445, 5, 13681, 9703, 19499, 0, 0, 25, 4779, 4827, 8486, 42, 0, 0, 18, 20, 157, 3, 34656, 25954, 29492, 2, 0, 0, 376
398,8,15, 1053079,benign, 614, 148, 8557, 0, 5825, 2691, 1, 464, 699, 0, 214, 33373, 397, 3, 42, 7157, 313, 504, 5, 13496, 9457, 19516, 0, 0, 25, 4810, 4956, 8482, 42, 0, 0, 18, 20, 160, 3, 34024, 25818, 29117, 2, 0, 0, 378
399,9,15, 1055601,benign, 695, 147, 8561, 0, 5825, 2692, 1, 464, 699, 0, 199, 33662, 397, 3, 43, 7136, 324, 442, 5, 13917, 9866, 19500, 0, 0, 25, 4710, 4885, 8478, 42, 0, 0, 18, 20, 169, 3, 34435, 25420, 28930, 2, 0, 0, 376
400,9,9, 1051289,benign, 568, 149, 8566, 0, 5826, 2691, 2, 464, 699, 0, 205, 33517, 397, 3, 41, 6593, 318, 503, 5, 13431, 9493, 19508, 0, 0, 25, 4705, 4899, 8480, 42, 0, 0, 18, 20, 160, 3, 34130, 25500, 28843, 2, 0, 0, 319
401,0,26, 1059198,benign, 816, 146, 8579, 0, 5826, 2691, 1, 464, 699, 0, 195, 34075, 397, 3, 42, 7830, 317, 521, 5, 13862, 9898, 19528, 0, 0, 25, 4720, 4878, 8481, 42, 0, 0, 18, 20, 169, 3, 34741, 26022, 29339, 2, 0, 0, 317
402,3,2, 1054255,benign, 663, 149, 8572, 0, 5829, 2694, 1, 464, 699, 0, 198, 33674, 397, 3, 43, 7321, 318, 513, 5, 13734, 9775, 19521, 0, 0, 25, 4785, 4952, 8488, 42, 0, 0, 18, 20, 169, 3, 34518, 25635, 28929, 2, 0, 0, 319
403,5,24, 1060319,benign, 521, 145, 8544, 0, 5821, 2693, 1, 464, 699, 0, 192, 33524, 397, 3, 41, 6507, 302, 572, 5, 13079, 9073, 19518, 0, 0, 25, 4572, 5172, 8476, 42, 0, 0, 18, 20, 158, 3, 33980, 25239, 28526, 2, 0, 0, 319
404,5,16, 1052204,benign, 574, 148, 8563, 4, 5828, 2695, 1, 464, 700, 0, 198, 33529, 397, 3, 42, 6620, 323, 511, 5, 12919, 8906, 19479, 0, 0, 25, 4717, 4880, 8482, 42, 0, 0, 18, 20, 159, 3, 34074, 25176, 28454, 2, 0, 0, 319
405,7,7, 1054647,benign, 666, 146, 8572, 0, 5830, 2689, 1, 464, 699, 0, 196, 33534, 397, 3, 43, 7048, 321, 442, 5, 13498, 9360, 19492, 0, 0, 25, 4736, 4872, 8477, 34, 0, 0, 18, 20, 160, 4, 34360, 25574, 28852, 2, 0, 0, 317
406,6,3, 1057483,benign, 764, 147, 8567, 0, 5825, 2687, 2, 464, 699, 0, 194, 34246, 397, 3, 43, 7530, 337, 605, 5, 13955, 9979, 19513, 0, 0, 25, 4812, 4800, 8479, 41, 0, 0, 18, 20, 158, 4, 34444, 26048, 29317, 2, 0, 0, 376
407,4,27, 1052670,benign, 610, 148, 8573, 0, 5828, 2694, 1, 464, 699, 0, 202, 34035, 397, 3, 40, 6816, 340, 454, 5, 13551, 9522, 19486, 0, 0, 25, 4783, 4810, 8485, 42, 0, 0, 18, 20, 161, 2, 34042, 25542, 28806, 1, 0, 0, 319
408,5,9, 1055230,benign, 685, 148, 8569, 0, 5830, 2693, 2, 464, 699, 0, 196, 33795, 397, 3, 43, 7016, 316, 568, 5, 13475, 9489, 19506, 0, 0, 25, 4749, 4895, 8484, 42, 0, 0, 18, 20, 159, 3, 34325, 25842, 29144, 2, 0, 0, 320
409,4,28, 1055802,benign, 711, 148, 8569, 0, 5826, 2689, 1, 464, 699, 0, 197, 33840, 397, 3, 40, 7395, 285, 440, 5, 13819, 9658, 19502, 0, 0, 25, 4790, 4928, 8480, 42, 0, 0, 18, 20, 152, 2, 34465, 25560, 28900, 1, 0, 0, 431
410,7,23, 1057523,benign, 756, 148, 8579, 0, 5826, 2688, 2, 464, 699, 0, 201, 34113, 397, 3, 41, 7266, 321, 445, 5, 13674, 9705, 19502, 0, 0, 25, 4725, 4888, 8484, 42, 0, 0, 18, 20, 318, 3, 34712, 26104, 29392, 2, 0, 0, 316
411,1,31, 1057939,benign, 767, 146, 8574, 0, 5824, 2693, 1, 464, 699, 0, 197, 34144, 397, 3, 41, 7933, 319, 446, 5, 13736, 9714, 19500, 0, 0, 25, 4729, 4875, 8480, 42, 0, 0, 18, 20, 158, 4, 34331, 25909, 29207, 2, 0, 0, 317
412,10,0, 1060383,benign, 521, 148, 8557, 0, 5826, 2690, 1, 464, 699, 0, 193, 33293, 397, 3, 41, 6432, 304, 445, 5, 12990, 8833, 19495, 0, 0, 25, 4696, 4906, 8476, 34, 0, 0, 18, 20, 161, 2, 34033, 25459, 28751, 1, 0, 0, 319
413,3,31, 1052025,SDC, 599, 148, 8558, 0, 5824, 2696, 2, 464, 695, 0, 202, 33509, 392, 3, 42, 6692, 522, 453, 5, 13288, 9354, 19490, 0, 0, 25, 4787, 4939, 8481, 42, 0, 0, 18, 20, 159, 3, 34057, 25462, 29012, 2, 0, 0, 316
414,10,16, 1058903,benign, 802, 147, 8574, 0, 5829, 2694, 1, 464, 699, 0, 201, 33964, 397, 3, 42, 7454, 339, 572, 5, 14227, 10051, 19542, 0, 0, 25, 4781, 4962, 8484, 42, 0, 0, 18, 20, 158, 2, 34384, 26323, 29619, 2, 0, 0, 320
415,7,27, 1052088,benign, 568, 147, 8552, 4, 5825, 2688, 1, 464, 699, 0, 195, 33522, 397, 3, 42, 6753, 320, 447, 6, 12988, 9009, 19476, 0, 0, 25, 4742, 4904, 8489, 42, 0, 0, 18, 20, 158, 3, 33617, 25079, 28426, 2, 0, 0, 378
416,4,1, 1054913,benign, 689, 148, 8567, 1, 5827, 2694, 1, 464, 699, 0, 198, 33648, 397, 3, 41, 7379, 299, 445, 5, 13637, 9629, 19503, 0, 0, 25, 4780, 4952, 8485, 42, 0, 0, 18, 20, 158, 3, 34518, 26003, 29286, 2, 0, 0, 319
417,9,14, 1059314,benign, 818, 149, 8577, 0, 5830, 2692, 1, 464, 699, 0, 199, 34342, 397, 3, 41, 7306, 332, 649, 5, 13844, 9871, 19509, 0, 0, 25, 4768, 4833, 8481, 42, 0, 0, 18, 20, 158, 4, 34347, 26388, 29894, 2, 0, 0, 321
418,4,10, 1055410,benign, 687, 148, 8568, 1, 5826, 2691, 1, 464, 699, 0, 199, 33919, 397, 3, 42, 7036, 336, 438, 5, 13637, 9668, 19497, 0, 0, 25, 4708, 4893, 8482, 42, 0, 0, 18, 20, 153, 2, 34290, 25310, 28560, 2, 0, 0, 319
419,4,10, 1054321,benign, 653, 148, 8570, 1, 5824, 2689, 1, 464, 699, 0, 201, 33201, 397, 3, 40, 6970, 303, 439, 5, 13374, 9418, 19494, 0, 0, 25, 4729, 4874, 8484, 42, 0, 0, 18, 20, 153, 2, 34297, 25460, 28758, 2, 0, 0, 319
420,7,7, 1052458,benign, 602, 146, 8563, 0, 5822, 2686, 1, 464, 699, 0, 199, 33390, 397, 3, 41, 7273, 335, 444, 5, 13390, 9445, 19502, 0, 0, 25, 4718, 4885, 8481, 41, 0, 0, 18, 20, 158, 4, 34331, 25243, 28526, 2, 0, 0, 317
421,2,0, 1051866,benign, 583, 148, 8565, 0, 5827, 2690, 2, 464, 699, 0, 204, 33302, 397, 3, 41, 7034, 516, 451, 5, 13605, 9642, 19517, 0, 0, 25, 4791, 4944, 8483, 42, 0, 0, 18, 20, 160, 4, 33793, 25416, 28689, 2, 0, 0, 319
422,9,7, 1058760,benign, 774, 146, 8591, 4, 5827, 2694, 1, 464, 699, 0, 194, 33513, 397, 3, 42, 7751, 280, 500, 5, 13435, 9492, 19497, 0, 0, 25, 4806, 4975, 8496, 42, 0, 0, 18, 20, 158, 4, 34286, 25507, 28773, 2, 0, 0, 317
423,6,1, 1059508,benign, 791, 146, 8584, 4, 5831, 2694, 2, 464, 699, 0, 201, 33826, 397, 3, 41, 7742, 267, 442, 5, 14108, 10010, 19520, 0, 0, 25, 4708, 4895, 8492, 42, 0, 0, 18, 20, 159, 3, 34752, 25602, 28918, 2, 0, 0, 317
424,7,3, 1058860,benign, 779, 148, 8570, 4, 5829, 2693, 1, 464, 699, 0, 195, 33473, 397, 3, 42, 7458, 306, 659, 5, 14077, 9927, 19475, 0, 0, 25, 4954, 4643, 8492, 42, 0, 0, 18, 20, 158, 3, 34843, 25489, 28786, 2, 0, 0, 317
425,2,8, 1058378,benign, 799, 147, 8574, 0, 5826, 2689, 2, 464, 699, 0, 196, 33762, 397, 3, 43, 7715, 325, 442, 6, 13697, 9738, 19501, 0, 0, 25, 4731, 4876, 8483, 42, 0, 0, 18, 20, 158, 4, 34319, 25905, 29183, 2, 0, 0, 319
426,10,27, 1056072,benign, 691, 146, 8575, 4, 5826, 2688, 2, 464, 699, 0, 198, 33740, 397, 3, 41, 7159, 282, 504, 5, 13376, 9389, 19468, 0, 0, 25, 4795, 4970, 8481, 42, 0, 0, 18, 20, 158, 3, 33964, 25599, 28907, 2, 0, 0, 379
427,2,4, 1051167,SDC, 561, 149, 8558, 0, 5819, 2691, 1, 464, 694, 0, 200, 33664, 392, 3, 41, 6774, 309, 446, 5, 13396, 9462, 19498, 0, 0, 25, 4713, 4887, 8473, 42, 0, 0, 18, 20, 160, 3, 33846, 25506, 28990, 2, 0, 0, 317
428,1,26, 1057817,benign, 780, 146, 8576, 0, 5829, 2694, 1, 464, 699, 0, 197, 33839, 397, 3, 42, 7698, 325, 460, 6, 13636, 9628, 19498, 0, 0, 25, 4785, 4929, 8488, 42, 0, 0, 19, 23, 160, 4, 34473, 25758, 29328, 2, 0, 0, 377
429,1,15, 1058152,benign, 756, 148, 8575, 4, 5823, 2690, 1, 464, 699, 0, 196, 34157, 397, 3, 42, 7304, 272, 568, 5, 13557, 9596, 19473, 0, 0, 25, 4774, 4828, 8483, 42, 0, 0, 18, 20, 157, 3, 34613, 25561, 28831, 2, 0, 0, 378
430,0,30, 1052129,benign, 605, 148, 8560, 0, 5826, 2690, 2, 464, 699, 0, 202, 33639, 397, 3, 41, 7174, 304, 454, 5, 13664, 9695, 19507, 0, 0, 25, 4791, 4850, 8469, 42, 0, 0, 18, 20, 167, 3, 34470, 25666, 28917, 2, 0, 0, 376
431,9,30, 1051980,benign, 566, 148, 8562, 4, 5828, 2693, 1, 464, 699, 0, 196, 33131, 397, 3, 41, 6872, 315, 447, 5, 13498, 9477, 19476, 0, 0, 25, 4785, 4842, 8493, 42, 0, 0, 18, 20, 160, 3, 33906, 25554, 28816, 2, 0, 0, 317
432,3,28, 1052147,SDC, 591, 148, 8559, 0, 5822, 2693, 1, 464, 694, 0, 200, 33495, 392, 3, 40, 6982, 295, 446, 5, 13727, 9513, 19499, 0, 0, 25, 4803, 4956, 8483, 42, 0, 0, 18, 20, 157, 2, 34174, 25719, 29052, 2, 0, 0, 376
433,10,5, 1055596,benign, 679, 148, 8568, 4, 5826, 2695, 1, 464, 699, 0, 198, 33837, 397, 3, 44, 7385, 300, 454, 5, 13474, 9469, 19483, 0, 0, 25, 5030, 4684, 8478, 42, 0, 0, 18, 20, 160, 3, 34177, 25570, 28940, 2, 0, 0, 319
434,8,10, 1059433,benign, 830, 150, 8575, 0, 5821, 2686, 1, 464, 699, 0, 197, 34133, 397, 3, 43, 7893, 301, 502, 5, 14050, 9860, 19484, 0, 0, 25, 4772, 4833, 8479, 42, 0, 0, 18, 20, 157, 3, 34572, 25790, 29081, 2, 0, 0, 317
435,0,31, 1054972,benign, 657, 146, 8555, 4, 5828, 2695, 3, 464, 699, 0, 195, 33426, 397, 3, 43, 7257, 313, 457, 5, 13216, 9274, 19484, 0, 0, 25, 4732, 4914, 8495, 42, 0, 0, 18, 20, 158, 4, 34086, 25483, 28770, 2, 0, 0, 319
436,8,8, 1054502,benign, 676, 149, 8567, 0, 5827, 2695, 1, 464, 700, 0, 201, 34007, 397, 3, 41, 7238, 490, 572, 5, 13885, 9931, 19500, 0, 0, 25, 4720, 4887, 8486, 42, 0, 0, 18, 20, 158, 4, 34049, 25644, 29028, 2, 0, 0, 321
437,6,5, 1050552,benign, 520, 147, 8557, 4, 5827, 2689, 2, 464, 699, 0, 197, 33066, 397, 3, 41, 6699, 304, 443, 5, 13185, 8917, 19473, 0, 0, 25, 4805, 4916, 8485, 42, 0, 0, 18, 20, 158, 3, 33901, 25134, 28422, 2, 0, 0, 376
438,7,13, 1058168,benign, 753, 146, 8581, 4, 5828, 2693, 1, 464, 699, 0, 196, 33810, 397, 3, 42, 7626, 324, 452, 5, 13685, 9694, 19480, 0, 0, 25, 4726, 4881, 8495, 42, 0, 0, 18, 20, 158, 3, 34131, 25938, 29202, 2, 0, 0, 319
439,3,9, 1057117,SDC, 758, 148, 8570, 0, 5824, 2693, 1, 464, 694, 0, 201, 33905, 392, 3, 43, 7171, 300, 443, 5, 14088, 9826, 19486, 0, 0, 25, 4722, 4878, 8485, 42, 0, 0, 18, 20, 166, 4, 34690, 26157, 29447, 2, 0, 0, 319
440,9,27, 1054106,benign, 648, 146, 8568, 0, 5828, 2694, 1, 464, 699, 0, 197, 33183, 397, 3, 43, 6781, 368, 505, 5, 13498, 9486, 19516, 0, 0, 25, 4789, 4944, 8490, 42, 0, 0, 18, 20, 159, 3, 34526, 25590, 29032, 2, 0, 0, 377
441,4,21, 1054415,benign, 660, 146, 8563, 0, 5829, 2697, 5, 464, 699, 0, 200, 33443, 397, 3, 39, 7464, 288, 439, 5, 13956, 9959, 19508, 0, 0, 25, 4773, 4953, 8487, 42, 0, 0, 18, 20, 153, 2, 34402, 25705, 29216, 1, 0, 0, 320
442,8,19, 1058593,benign, 800, 148, 8573, 0, 5820, 2686, 2, 464, 699, 0, 197, 34088, 397, 3, 42, 7461, 287, 445, 5, 14023, 9868, 19493, 0, 0, 25, 4797, 4845, 8492, 42, 0, 0, 18, 20, 297, 4, 34713, 26369, 29857, 2, 0, 0, 317
443,4,3, 1051384,benign, 545, 151, 8554, 4, 5829, 2695, 1, 464, 699, 0, 196, 33373, 397, 3, 41, 6626, 302, 445, 5, 13027, 9045, 19482, 0, 0, 25, 4772, 4834, 8490, 42, 0, 0, 18, 20, 158, 4, 33838, 25270, 28521, 2, 0, 0, 319
444,5,19, 1057654,benign, 774, 146, 8578, 0, 5829, 2694, 2, 464, 699, 0, 196, 34161, 397, 3, 43, 7182, 381, 444, 5, 14011, 9821, 19484, 0, 0, 25, 4723, 4864, 8490, 42, 0, 0, 18, 20, 158, 3, 34680, 26186, 29527, 2, 0, 0, 378
445,10,25, 1058380,benign, 764, 148, 8579, 4, 5824, 2688, 1, 464, 699, 0, 195, 33896, 397, 3, 43, 7694, 289, 443, 5, 13369, 9407, 19467, 0, 0, 25, 4719, 4872, 8484, 42, 0, 0, 18, 20, 168, 3, 34509, 25655, 28939, 2, 0, 0, 319
446,3,6, 1052124,benign, 569, 147, 8559, 4, 5826, 2692, 1, 464, 699, 0, 198, 33264, 397, 3, 41, 6816, 270, 445, 5, 13351, 9385, 19490, 0, 0, 25, 4722, 4879, 8486, 42, 0, 0, 18, 20, 160, 3, 34222, 25144, 28431, 2, 0, 0, 385
447,8,28, 1059940,benign, 781, 147, 8570, 4, 5824, 2690, 1, 464, 699, 0, 199, 33558, 397, 3, 42, 7568, 277, 449, 5, 14128, 10155, 19532, 0, 0, 25, 4964, 4643, 8494, 40, 0, 0, 18, 20, 159, 3, 34058, 25634, 28907, 2, 0, 0, 320
448,1,22, 1058527,benign, 797, 149, 8581, 0, 5823, 2689, 1, 464, 699, 0, 200, 34223, 397, 3, 41, 7814, 290, 517, 5, 14052, 9736, 19493, 0, 0, 25, 4751, 4890, 8479, 42, 0, 0, 18, 20, 167, 3, 34600, 26364, 29647, 2, 0, 0, 321
449,9,4, 1051926,benign, 586, 148, 8555, 0, 5826, 2691, 2, 464, 699, 0, 195, 33313, 397, 3, 43, 6819, 277, 444, 5, 13256, 9268, 19489, 0, 0, 25, 4725, 4883, 8485, 42, 0, 0, 18, 20, 166, 3, 34628, 25332, 28612, 2, 0, 0, 317
450,1,21, 1060193,benign, 527, 146, 8551, 0, 5821, 2691, 4, 464, 699, 0, 188, 33341, 397, 3, 40, 6380, 301, 444, 5, 13014, 8937, 19506, 0, 0, 25, 4447, 5165, 8482, 36, 0, 0, 18, 20, 153, 2, 34116, 25520, 28808, 1, 0, 0, 320
451,8,0, 1057850,benign, 763, 146, 8577, 0, 5825, 2692, 1, 464, 699, 0, 201, 34026, 397, 3, 43, 7531, 323, 455, 5, 13798, 9840, 19492, 0, 0, 25, 4730, 4876, 8486, 38, 0, 0, 18, 20, 158, 3, 34667, 25794, 29249, 2, 0, 0, 317
452,1,27, 1058944,benign, 781, 146, 8576, 4, 5828, 2694, 1, 464, 699, 0, 199, 34104, 397, 3, 41, 7634, 297, 444, 5, 13784, 9851, 19475, 0, 0, 25, 4777, 4829, 8486, 42, 0, 0, 19, 23, 160, 4, 34315, 25611, 28874, 2, 0, 0, 319
453,6,23, 1053806,benign, 655, 148, 8567, 0, 5828, 2694, 2, 464, 699, 0, 200, 33799, 397, 3, 41, 6855, 312, 436, 5, 13571, 9596, 19490, 0, 0, 25, 4720, 4874, 8477, 42, 0, 0, 19, 23, 160, 4, 34457, 25849, 29369, 2, 0, 0, 447
454,6,13, 1051659,benign, 585, 149, 8558, 0, 5828, 2695, 1, 464, 699, 0, 207, 34150, 397, 3, 41, 7479, 288, 447, 5, 13491, 9554, 19495, 0, 0, 25, 4720, 4884, 8489, 41, 0, 0, 18, 20, 159, 4, 34336, 25588, 28883, 2, 0, 0, 317
455,7,24, 1056408,benign, 703, 149, 8576, 4, 5828, 2691, 2, 464, 699, 0, 196, 34061, 397, 3, 41, 7450, 325, 565, 5, 13257, 9243, 19484, 0, 0, 25, 4714, 4878, 8481, 42, 0, 0, 18, 20, 168, 3, 34535, 25893, 29282, 2, 0, 0, 317
456,1,14, 1059614,benign, 523, 148, 8564, 0, 5825, 2686, 2, 464, 699, 0, 189, 33134, 397, 3, 40, 6228, 436, 438, 5, 13511, 9503, 19528, 0, 0, 25, 4516, 5096, 8489, 36, 0, 0, 18, 20, 153, 2, 33975, 24968, 28265, 1, 0, 0, 317
457,9,8, 1056928,benign, 720, 148, 8581, 4, 5828, 2694, 5, 464, 699, 0, 202, 33783, 397, 3, 43, 7166, 309, 457, 5, 13978, 9730, 19473, 0, 0, 25, 5012, 5159, 8480, 41, 0, 0, 18, 20, 195, 3, 34060, 25697, 28971, 2, 0, 0, 386
458,1,9, 1056040,benign, 691, 148, 8563, 4, 5823, 2691, 2, 464, 699, 0, 195, 33301, 397, 3, 41, 7250, 304, 447, 5, 13233, 9276, 19489, 0, 0, 25, 4802, 4930, 8487, 42, 0, 0, 18, 20, 158, 3, 34574, 25316, 28579, 2, 0, 0, 317
459,1,15, 1057988,benign, 752, 149, 8583, 4, 5833, 2692, 1, 464, 700, 0, 206, 34012, 397, 3, 41, 7492, 288, 442, 5, 13568, 9578, 19480, 0, 0, 25, 4723, 4887, 8486, 42, 0, 0, 18, 20, 176, 4, 34529, 25967, 29281, 2, 0, 0, 317
460,8,24, 1052715,benign, 620, 147, 8570, 0, 5828, 2695, 5, 464, 699, 0, 196, 33304, 397, 3, 43, 7124, 522, 502, 5, 13148, 9155, 19497, 0, 0, 25, 4776, 4953, 8486, 42, 0, 0, 18, 20, 157, 3, 34260, 25777, 29240, 2, 0, 0, 323
461,4,30, 1052052,benign, 564, 146, 8567, 3, 5826, 2693, 3, 464, 699, 0, 198, 33302, 397, 3, 43, 6523, 285, 452, 5, 12992, 8981, 19475, 0, 0, 25, 4729, 4869, 8481, 42, 0, 0, 18, 20, 166, 4, 34053, 25568, 29108, 2, 0, 0, 317
462,7,22, 1051848,benign, 561, 146, 8564, 4, 5831, 2695, 2, 464, 699, 0, 203, 33149, 397, 3, 41, 7206, 305, 445, 5, 13055, 9058, 19479, 0, 0, 25, 4780, 4942, 8485, 42, 0, 0, 18, 20, 220, 3, 34175, 25544, 28778, 2, 0, 0, 331
463,9,17, 1050065,benign, 539, 147, 8557, 0, 5829, 2690, 1, 464, 699, 0, 203, 33694, 397, 3, 43, 6720, 298, 469, 5, 13195, 9193, 19496, 0, 0, 25, 4725, 4926, 8487, 42, 0, 0, 18, 20, 166, 2, 34085, 25298, 28671, 2, 0, 0, 317
464,8,31, 1057622,benign, 765, 147, 8572, 0, 5827, 2685, 1, 464, 699, 0, 214, 33711, 397, 3, 41, 7559, 418, 505, 5, 13662, 9659, 19500, 0, 0, 25, 4726, 4883, 8470, 40, 0, 0, 18, 20, 160, 3, 34537, 26075, 29647, 2, 0, 0, 316
465,7,16, 1053404,benign, 606, 146, 8565, 4, 5824, 2690, 1, 464, 699, 0, 199, 33246, 397, 3, 45, 6542, 291, 444, 5, 13343, 9382, 19473, 0, 0, 25, 4788, 4820, 8481, 42, 0, 0, 18, 20, 168, 3, 34058, 25329, 28748, 2, 0, 0, 317
466,7,29, 1056195,benign, 731, 149, 8565, 0, 5822, 2686, 2, 464, 699, 0, 195, 33953, 397, 3, 43, 7312, 305, 444, 5, 13771, 9829, 19516, 0, 0, 25, 4784, 4943, 8481, 42, 0, 0, 18, 20, 159, 3, 34479, 26142, 29418, 2, 0, 0, 319
467,8,4, 1051413,benign, 568, 146, 8569, 0, 5828, 2692, 2, 464, 699, 0, 202, 33936, 397, 3, 42, 6647, 318, 504, 5, 13312, 9294, 19505, 0, 0, 25, 4853, 5033, 8481, 42, 0, 0, 18, 20, 158, 3, 34405, 25480, 28964, 2, 0, 0, 316
468,5,25, 1054900,benign, 654, 148, 8567, 4, 5825, 2691, 2, 464, 699, 0, 193, 33338, 397, 3, 42, 7281, 298, 453, 5, 13616, 9632, 19480, 0, 0, 25, 4730, 4870, 8483, 42, 0, 0, 18, 20, 159, 3, 34137, 25378, 28745, 2, 0, 0, 317
469,2,27, 1050888,benign, 529, 148, 8562, 4, 5828, 2687, 1, 464, 699, 0, 204, 33343, 397, 3, 41, 6805, 302, 575, 5, 13165, 9208, 19486, 0, 0, 25, 4919, 4725, 8482, 41, 0, 0, 19, 23, 160, 4, 33985, 25178, 28498, 2, 0, 0, 317
470,9,5, 1056651,benign, 744, 149, 8571, 0, 5830, 2687, 5, 464, 700, 0, 195, 33587, 397, 3, 41, 7407, 291, 509, 5, 14067, 9932, 19501, 0, 0, 25, 4718, 4883, 8481, 42, 0, 0, 18, 20, 158, 3, 34368, 26160, 29461, 2, 0, 0, 317
471,5,26, 1053133,benign, 629, 148, 8566, 0, 5830, 2687, 2, 464, 699, 0, 196, 33917, 397, 3, 43, 6810, 300, 447, 5, 13580, 9451, 19498, 0, 0, 25, 4725, 4887, 8483, 42, 0, 0, 18, 20, 160, 3, 34061, 25401, 28665, 2, 0, 0, 376
472,2,1, 1057029,SDC, 744, 148, 8578, 0, 5825, 2696, 1, 464, 694, 0, 198, 33949, 392, 3, 42, 7672, 300, 511, 5, 14346, 10300, 19538, 0, 0, 25, 4970, 4628, 8483, 42, 0, 0, 18, 20, 168, 3, 34735, 25979, 29415, 2, 0, 0, 319
473,8,23, 1060082,benign, 431, 146, 8559, 0, 5822, 2690, 2, 464, 699, 0, 195, 33165, 397, 3, 43, 6617, 334, 452, 5, 12667, 8632, 19487, 0, 0, 25, 4561, 5291, 8482, 42, 0, 0, 18, 20, 158, 3, 33242, 24580, 27708, 2, 0, 0, 386
474,5,28, 1052753,benign, 609, 148, 8553, 0, 5826, 2696, 1, 464, 699, 0, 197, 33934, 397, 3, 41, 7005, 521, 615, 5, 13673, 9647, 19509, 0, 0, 25, 4718, 4885, 8489, 42, 0, 0, 18, 20, 159, 3, 33912, 25680, 28990, 2, 0, 0, 319
475,9,2, 1053541,benign, 637, 146, 8570, 0, 5825, 2689, 2, 464, 699, 0, 199, 33482, 397, 3, 42, 7004, 321, 458, 5, 13233, 9177, 19490, 0, 0, 25, 4784, 4948, 8487, 42, 0, 0, 18, 20, 158, 4, 34101, 25604, 28906, 2, 0, 0, 319
476,3,18, 1057145,SDC, 743, 148, 8560, 0, 5821, 2693, 1, 464, 694, 0, 197, 34063, 392, 3, 41, 7481, 305, 445, 5, 13872, 9884, 19497, 0, 0, 25, 4970, 4622, 8481, 42, 0, 0, 18, 20, 158, 3, 34987, 26014, 29274, 2, 0, 0, 375
477,8,16, 1053064,benign, 600, 147, 8567, 4, 5827, 2686, 2, 464, 699, 0, 196, 33483, 397, 3, 43, 7019, 313, 442, 5, 13122, 9148, 19496, 0, 0, 25, 4716, 4893, 8498, 42, 0, 0, 18, 20, 167, 4, 34139, 25258, 28515, 2, 0, 0, 320
478,10,22, 1051722,benign, 576, 146, 8557, 0, 5828, 2690, 1, 464, 699, 0, 201, 33440, 397, 3, 41, 6501, 286, 444, 5, 13658, 9630, 19503, 0, 0, 25, 4784, 4818, 8482, 42, 0, 0, 18, 20, 194, 3, 33909, 25569, 28867, 2, 0, 0, 377
479,9,29, 1059253,benign, 810, 149, 8582, 0, 5824, 2689, 2, 464, 699, 0, 202, 34402, 397, 3, 43, 7633, 317, 444, 5, 13765, 9798, 19500, 0, 0, 25, 4818, 4990, 8485, 42, 0, 0, 18, 20, 158, 3, 34897, 25991, 29289, 2, 0, 0, 319
480,6,20, 1060052,benign, 783, 147, 8562, 4, 5820, 2692, 1, 464, 699, 0, 201, 33827, 397, 3, 41, 7802, 286, 467, 5, 13873, 9755, 19485, 0, 0, 25, 4519, 5215, 8485, 42, 0, 0, 18, 20, 174, 2, 34421, 26074, 29364, 2, 0, 0, 320
481,3,30, 1059826,benign, 830, 149, 8586, 0, 5826, 2688, 2, 464, 699, 0, 195, 34100, 397, 3, 42, 7829, 314, 510, 5, 14119, 10176, 19555, 0, 0, 25, 4717, 4889, 8485, 42, 0, 0, 18, 20, 168, 2, 34516, 25855, 29140, 2, 0, 0, 319
482,8,11, 1056326,benign, 717, 150, 8575, 0, 5828, 2694, 2, 464, 699, 0, 196, 34063, 397, 3, 42, 7536, 345, 445, 5, 14187, 10216, 19528, 0, 0, 25, 4780, 4946, 8495, 42, 0, 0, 18, 20, 168, 3, 34546, 25978, 29311, 2, 0, 0, 317
483,3,5, 1056484,SDC, 708, 148, 8568, 4, 5825, 2690, 1, 464, 694, 0, 194, 33289, 392, 3, 43, 7119, 330, 444, 5, 13354, 9430, 19459, 0, 0, 25, 4722, 4875, 8482, 42, 0, 0, 18, 20, 160, 3, 34081, 25359, 28634, 2, 0, 0, 384
484,8,17, 1050188,benign, 510, 148, 8562, 4, 5828, 2689, 2, 464, 699, 0, 196, 33282, 397, 3, 42, 6782, 311, 688, 5, 13024, 9030, 19489, 0, 0, 25, 4689, 4922, 8481, 42, 0, 0, 18, 20, 157, 4, 34129, 25188, 28527, 2, 0, 0, 319
485,4,6, 1059892,benign, 788, 147, 8571, 4, 5827, 2692, 2, 464, 699, 0, 197, 33717, 397, 3, 44, 7536, 285, 443, 5, 13887, 10064, 19549, 0, 0, 25, 4709, 4903, 8492, 42, 0, 0, 18, 20, 168, 4, 34444, 25858, 29159, 2, 0, 0, 317
486,9,15, 1054760,benign, 649, 147, 8566, 4, 5825, 2694, 1, 464, 699, 0, 198, 33417, 397, 3, 41, 6867, 281, 444, 5, 13748, 9755, 19471, 0, 0, 25, 4730, 4903, 8489, 42, 0, 0, 18, 20, 158, 4, 34354, 25748, 29075, 2, 0, 0, 317
487,10,30, 1056006,benign, 711, 147, 8572, 0, 5827, 2696, 5, 464, 699, 0, 196, 33708, 397, 3, 42, 7299, 323, 502, 5, 13792, 9518, 19487, 0, 0, 25, 4718, 4883, 8480, 42, 0, 0, 18, 20, 160, 3, 34371, 25638, 28945, 2, 0, 0, 384
488,5,28, 1052789,benign, 615, 149, 8570, 0, 5828, 2692, 1, 464, 699, 0, 198, 33520, 397, 3, 42, 6977, 306, 502, 5, 13378, 9369, 19523, 0, 0, 25, 4781, 4941, 8485, 42, 0, 0, 18, 20, 169, 3, 34354, 25498, 28822, 2, 0, 0, 317
489,0,17, 1059954,benign, 821, 150, 8578, 0, 5830, 2688, 2, 464, 699, 0, 198, 34589, 397, 3, 43, 7328, 320, 502, 5, 13958, 10129, 19564, 0, 0, 25, 4784, 4944, 8489, 42, 0, 0, 18, 20, 160, 3, 34808, 26322, 29602, 2, 0, 0, 319
490,3,20, 1052062,benign, 589, 147, 8562, 0, 5826, 2690, 1, 464, 699, 0, 198, 33557, 397, 3, 41, 6723, 503, 510, 5, 13339, 9258, 19499, 0, 0, 25, 4822, 4980, 8491, 42, 0, 0, 18, 20, 158, 4, 34485, 25440, 28744, 2, 0, 0, 316
491,6,23, 1057567,benign, 768, 147, 8582, 0, 5829, 2690, 1, 464, 700, 0, 198, 33997, 397, 3, 42, 7486, 455, 505, 5, 13715, 9732, 19488, 0, 0, 25, 4724, 4873, 8479, 42, 0, 0, 18, 20, 158, 3, 34363, 25969, 29274, 2, 0, 0, 319
492,10,26, 1056769,benign, 737, 149, 8564, 0, 5821, 2686, 1, 464, 699, 0, 200, 33708, 397, 3, 42, 7527, 332, 447, 5, 13542, 9525, 19489, 0, 0, 25, 4739, 4871, 8481, 42, 0, 0, 18, 20, 158, 4, 34248, 25613, 28892, 2, 0, 0, 318
493,6,19, 1059630,benign, 526, 146, 8558, 0, 5825, 2689, 2, 464, 699, 0, 193, 33225, 397, 3, 42, 6815, 321, 506, 5, 13376, 9326, 19493, 0, 0, 25, 4709, 5059, 8475, 34, 0, 0, 18, 20, 152, 2, 33796, 25188, 28451, 1, 0, 0, 319
494,3,0, 1057451,benign, 760, 146, 8583, 0, 5831, 2694, 1, 464, 699, 0, 197, 33932, 397, 3, 41, 7340, 287, 568, 5, 13518, 9549, 19491, 0, 0, 25, 4733, 4867, 8489, 42, 0, 0, 18, 20, 158, 4, 35013, 25536, 28811, 2, 0, 0, 376
495,9,9, 1051413,benign, 579, 148, 8568, 0, 5830, 2686, 4, 464, 699, 0, 195, 33714, 397, 3, 42, 7091, 300, 447, 5, 13277, 9358, 19511, 0, 0, 25, 5034, 4700, 8477, 42, 0, 0, 18, 20, 158, 3, 34431, 25245, 28637, 2, 0, 0, 316
496,4,30, 1052869,benign, 621, 149, 8567, 0, 5825, 2694, 1, 464, 700, 0, 196, 33619, 397, 3, 40, 6879, 326, 439, 5, 13280, 9316, 19490, 0, 0, 25, 4730, 4870, 8486, 42, 0, 0, 19, 23, 155, 2, 33927, 25537, 28813, 1, 0, 0, 317
497,4,31, 1057226,benign, 751, 149, 8575, 0, 5823, 2693, 5, 464, 699, 0, 197, 34047, 397, 3, 39, 7354, 321, 439, 5, 13889, 9907, 19488, 0, 0, 25, 4825, 4819, 8484, 42, 0, 0, 18, 20, 161, 2, 34540, 25684, 29201, 1, 0, 0, 316
498,6,17, 1054081,benign, 658, 148, 8566, 0, 5825, 2691, 2, 464, 699, 0, 206, 33582, 397, 3, 43, 6660, 278, 509, 5, 13367, 9375, 19484, 0, 0, 25, 4736, 4914, 8481, 41, 0, 0, 18, 20, 160, 4, 34235, 25227, 28477, 2, 0, 0, 415
499,0,8, 1052034,benign, 582, 147, 8564, 0, 5825, 2690, 1, 464, 699, 0, 196, 33863, 397, 3, 42, 6930, 295, 445, 5, 13555, 9613, 19503, 0, 0, 25, 4973, 4761, 8488, 42, 0, 0, 18, 20, 361, 3, 34321, 25307, 28693, 2, 0, 0, 320
500,6,11, 1054513,benign, 668, 148, 8569, 0, 5830, 2691, 3, 464, 699, 0, 201, 34178, 397, 3, 43, 7193, 291, 451, 5, 13655, 9753, 19502, 0, 0, 25, 4734, 4875, 8485, 42, 0, 0, 18, 20, 158, 4, 34413, 25519, 28813, 2, 0, 0, 319
501,5,2, 1052840,benign, 590, 149, 8554, 4, 5824, 2690, 2, 464, 699, 0, 199, 33492, 397, 3, 41, 7117, 294, 514, 5, 13151, 9174, 19496, 0, 0, 25, 4731, 4871, 8480, 41, 0, 0, 18, 20, 158, 3, 34047, 25184, 28459, 2, 0, 0, 320
502,7,15, 1057358,benign, 767, 147, 8579, 0, 5831, 2694, 1, 464, 699, 0, 193, 34086, 397, 3, 41, 7419, 309, 442, 5, 13739, 9733, 19500, 0, 0, 25, 4745, 4901, 8491, 42, 0, 0, 18, 20, 157, 4, 34293, 26261, 29720, 2, 0, 0, 381
503,8,28, 1052602,benign, 604, 149, 8557, 0, 5823, 2689, 1, 464, 699, 0, 200, 33548, 397, 3, 40, 7012, 338, 442, 5, 13426, 9443, 19509, 0, 0, 25, 4727, 4874, 8490, 42, 0, 0, 18, 20, 158, 3, 34427, 25749, 29030, 2, 0, 0, 333
504,3,3, 1055968,benign, 689, 147, 8575, 4, 5829, 2695, 2, 464, 699, 0, 200, 33544, 397, 3, 42, 7398, 323, 574, 5, 13509, 9353, 19478, 0, 0, 25, 4958, 4639, 8483, 42, 0, 0, 18, 20, 158, 3, 34329, 25356, 28691, 2, 0, 0, 320
505,4,31, 1056934,benign, 738, 148, 8566, 0, 5828, 2693, 2, 464, 699, 0, 196, 33932, 397, 3, 40, 7302, 327, 440, 5, 13454, 9510, 19491, 0, 0, 25, 4729, 4862, 8485, 42, 0, 0, 18, 20, 153, 2, 34497, 26038, 29321, 1, 0, 0, 316
506,6,3, 1059714,benign, 433, 148, 8532, 0, 5809, 2689, 1, 464, 699, 0, 189, 32854, 397, 3, 40, 6629, 296, 495, 5, 12570, 8584, 19462, 0, 0, 25, 4443, 5152, 8484, 42, 0, 0, 18, 20, 153, 2, 33361, 25040, 28214, 2, 0, 0, 378
507,0,30, 1055526,SDC, 699, 147, 8556, 0, 5820, 2692, 2, 464, 694, 0, 198, 34325, 392, 3, 41, 7499, 338, 454, 5, 13583, 9605, 19469, 0, 0, 25, 4728, 4882, 8477, 42, 0, 0, 18, 20, 159, 3, 34548, 26066, 29404, 2, 0, 0, 319
508,8,4, 1054309,benign, 659, 147, 8555, 0, 5826, 2690, 1, 464, 699, 0, 196, 34031, 397, 3, 43, 7534, 317, 451, 5, 13443, 9455, 19503, 0, 0, 25, 5004, 5183, 8483, 42, 0, 0, 18, 20, 157, 4, 34243, 25838, 29153, 2, 0, 0, 385
509,9,22, 1055584,benign, 677, 146, 8575, 4, 5828, 2691, 1, 464, 699, 0, 196, 33389, 397, 3, 45, 7457, 396, 443, 5, 13650, 9683, 19480, 0, 0, 25, 4814, 4956, 8490, 42, 0, 0, 18, 20, 157, 3, 33910, 25470, 28968, 2, 0, 0, 443
510,9,27, 1055611,benign, 709, 148, 8560, 0, 5823, 2692, 2, 464, 699, 0, 200, 33762, 397, 3, 41, 7203, 332, 447, 5, 13737, 9688, 19522, 0, 0, 25, 4794, 4852, 8482, 42, 0, 0, 18, 20, 160, 3, 34278, 25815, 29095, 2, 0, 0, 319
511,4,24, 1057089,benign, 753, 148, 8575, 0, 5820, 2684, 1, 464, 699, 0, 196, 33817, 397, 3, 41, 7412, 303, 577, 5, 13784, 9636, 19512, 0, 0, 25, 4781, 4822, 8495, 42, 0, 0, 18, 20, 152, 2, 34713, 25844, 29115, 1, 0, 0, 378
512,8,26, 1057560,benign, 738, 146, 8580, 4, 5833, 2691, 1, 464, 700, 0, 200, 33631, 397, 3, 41, 7531, 338, 454, 5, 13987, 9960, 19467, 0, 0, 25, 4853, 4878, 8492, 42, 0, 0, 18, 20, 158, 4, 34229, 25695, 29235, 2, 0, 0, 319
513,1,0, 1057956,benign, 752, 146, 8575, 4, 5829, 2695, 2, 464, 699, 0, 197, 33695, 397, 3, 40, 7247, 313, 444, 5, 14075, 10118, 19525, 0, 0, 25, 4733, 4883, 8486, 42, 0, 0, 18, 20, 158, 3, 34121, 25689, 28972, 2, 0, 0, 376
514,1,23, 1058169,benign, 792, 146, 8578, 0, 5825, 2690, 1, 464, 699, 0, 197, 33917, 397, 3, 40, 7585, 291, 447, 5, 13887, 9877, 19500, 0, 0, 25, 4714, 4893, 8489, 42, 0, 0, 18, 20, 157, 4, 34972, 26098, 29385, 2, 0, 0, 319
515,0,12, 1055654,benign, 702, 147, 8565, 0, 5830, 2682, 1, 464, 699, 0, 192, 33682, 397, 3, 41, 7275, 293, 444, 5, 13751, 9777, 19521, 0, 0, 25, 4800, 4981, 8485, 42, 0, 0, 18, 20, 160, 3, 34281, 25571, 28839, 2, 0, 0, 326
516,10,8, 1056578,benign, 738, 147, 8567, 0, 5827, 2692, 2, 464, 699, 0, 198, 34196, 397, 3, 42, 7449, 348, 625, 5, 13693, 9679, 19595, 0, 0, 25, 4985, 4660, 8485, 42, 0, 0, 18, 20, 157, 4, 34308, 25827, 29106, 2, 0, 0, 377
517,10,18, 1052373,benign, 602, 147, 8567, 0, 5829, 2694, 1, 464, 699, 0, 203, 33681, 397, 3, 41, 7154, 287, 447, 5, 13352, 9359, 19487, 0, 0, 25, 4811, 4949, 8482, 42, 0, 0, 18, 20, 308, 3, 34605, 25631, 28907, 2, 0, 0, 319
518,1,24, 1053478,benign, 633, 147, 8567, 0, 5826, 2690, 1, 464, 700, 0, 199, 34019, 397, 3, 41, 7087, 317, 446, 5, 13520, 9500, 19487, 0, 0, 25, 4734, 4870, 8477, 42, 0, 0, 18, 20, 160, 3, 34268, 25616, 28904, 2, 0, 0, 319
519,5,23, 1053194,benign, 624, 148, 8569, 0, 5829, 2695, 1, 464, 699, 0, 198, 33695, 397, 3, 41, 6893, 308, 445, 5, 13663, 9699, 19478, 0, 0, 25, 4720, 4898, 8493, 42, 0, 0, 18, 20, 158, 3, 34653, 25413, 28658, 2, 0, 0, 316
520,4,2, 1052287,benign, 603, 147, 8562, 1, 5827, 2694, 2, 464, 699, 0, 195, 33951, 397, 3, 43, 7192, 300, 441, 5, 13636, 9707, 19497, 0, 0, 25, 4922, 5092, 8483, 42, 0, 0, 18, 20, 158, 3, 33935, 25283, 28566, 1, 0, 0, 384
521,0,7, 1051656,SDC, 556, 148, 8556, 4, 5823, 2698, 2, 464, 694, 0, 197, 33346, 392, 3, 43, 6644, 293, 502, 5, 13304, 9341, 19451, 0, 0, 25, 4767, 4821, 8492, 42, 0, 0, 18, 20, 160, 3, 33917, 25592, 29002, 2, 0, 0, 317
522,4,29, 1057120,benign, 724, 146, 8581, 4, 5826, 2688, 2, 464, 699, 0, 199, 33634, 397, 3, 42, 7673, 300, 526, 5, 13553, 9390, 19478, 0, 0, 25, 4722, 4885, 8479, 42, 0, 0, 18, 20, 166, 2, 34313, 25962, 29524, 2, 0, 0, 317
523,8,4, 1057865,benign, 783, 146, 8575, 0, 5827, 2694, 1, 464, 699, 0, 198, 34365, 397, 3, 41, 7351, 289, 446, 5, 14280, 10276, 19553, 0, 0, 25, 4724, 4885, 8489, 42, 0, 0, 18, 20, 255, 4, 34759, 26144, 29465, 2, 0, 0, 317
524,3,15, 1058469,SDC, 792, 147, 8578, 0, 5823, 2695, 1, 464, 694, 0, 197, 33828, 392, 3, 42, 7365, 278, 722, 5, 13655, 9695, 19497, 0, 0, 25, 4778, 4950, 8482, 42, 0, 0, 18, 20, 160, 4, 35003, 26033, 29389, 2, 0, 0, 317
525,4,26, 1054548,benign, 647, 149, 8571, 4, 5827, 2689, 1, 464, 699, 0, 199, 33644, 397, 3, 43, 7170, 333, 503, 5, 13673, 9671, 19468, 0, 0, 25, 4720, 4882, 8474, 42, 0, 0, 18, 20, 191, 3, 33704, 25056, 28328, 2, 0, 0, 320
526,5,2, 1056388,benign, 701, 148, 8573, 4, 5829, 2692, 1, 464, 699, 0, 197, 33802, 397, 3, 42, 7461, 302, 445, 5, 13652, 9734, 19469, 0, 0, 25, 4795, 4853, 8479, 42, 0, 0, 18, 20, 166, 4, 34333, 25609, 28943, 2, 0, 0, 316
527,7,1, 1055785,benign, 712, 148, 8576, 0, 5826, 2688, 1, 464, 699, 0, 199, 33853, 397, 3, 43, 7226, 425, 442, 5, 13694, 9737, 19487, 0, 0, 25, 4971, 4629, 8479, 41, 0, 0, 18, 20, 158, 3, 34361, 25805, 29106, 2, 0, 0, 319
528,3,22, 1057326,benign, 753, 149, 8583, 0, 5828, 2692, 1, 464, 699, 0, 196, 33708, 397, 3, 44, 7694, 293, 453, 5, 14350, 10257, 19549, 0, 0, 25, 4749, 4870, 8479, 42, 0, 0, 18, 20, 317, 3, 34671, 25975, 29252, 2, 0, 0, 316
529,2,12, 1057597,SDC, 759, 149, 8567, 0, 5821, 2686, 2, 464, 694, 0, 201, 33888, 392, 3, 43, 7370, 307, 448, 5, 13626, 9694, 19503, 0, 0, 25, 4786, 4848, 8482, 40, 0, 0, 18, 20, 244, 4, 34728, 25654, 28957, 2, 0, 0, 614
530,3,23, 1054181,SDC, 651, 148, 8564, 0, 5820, 2693, 2, 464, 695, 0, 194, 33499, 392, 3, 42, 7166, 245, 450, 5, 13820, 9782, 19484, 0, 0, 25, 4716, 4878, 8485, 42, 0, 0, 18, 20, 166, 3, 34398, 25566, 29019, 2, 0, 0, 317
531,5,8, 1052396,benign, 576, 146, 8573, 4, 5829, 2690, 2, 464, 699, 0, 198, 33145, 397, 3, 43, 7323, 317, 452, 5, 13126, 9096, 19461, 0, 0, 25, 4793, 4923, 8465, 42, 0, 0, 18, 20, 160, 3, 33837, 25338, 28643, 2, 0, 0, 321
532,8,15, 1050694,benign, 557, 146, 8561, 0, 5830, 2687, 2, 464, 699, 0, 198, 33634, 397, 3, 41, 6602, 315, 540, 5, 13181, 9212, 19485, 0, 0, 25, 4900, 4710, 8483, 42, 0, 0, 18, 20, 161, 2, 34074, 25487, 28758, 2, 0, 0, 323
533,6,8, 1057363,benign, 756, 147, 8578, 0, 5824, 2690, 1, 464, 699, 0, 198, 33625, 397, 3, 41, 7803, 326, 596, 5, 13781, 9809, 19502, 0, 0, 25, 4790, 4817, 8480, 42, 0, 0, 18, 20, 158, 3, 34238, 25942, 29303, 2, 0, 0, 319
534,3,10, 1055111,benign, 679, 148, 8570, 0, 5826, 2694, 1, 464, 699, 0, 194, 33662, 397, 3, 43, 7487, 322, 444, 5, 13785, 9778, 19507, 0, 0, 25, 4727, 4884, 8483, 42, 0, 0, 18, 20, 158, 3, 34113, 25682, 28948, 2, 0, 0, 322
535,6,26, 1054646,benign, 672, 149, 8565, 0, 5826, 2690, 3, 464, 699, 0, 196, 33905, 397, 3, 40, 6960, 328, 444, 5, 13712, 9702, 19514, 0, 0, 25, 4785, 4957, 8485, 42, 0, 0, 18, 20, 160, 4, 34562, 25791, 29065, 2, 0, 0, 378
536,9,1, 1050595,benign, 547, 149, 8550, 0, 5819, 2687, 2, 464, 699, 0, 198, 33482, 397, 3, 41, 6643, 350, 510, 5, 13484, 9321, 19487, 0, 0, 25, 4730, 4909, 8479, 42, 0, 0, 18, 20, 343, 3, 34237, 25651, 28954, 2, 0, 0, 541
537,1,6, 1058483,benign, 784, 150, 8573, 0, 5825, 2690, 1, 464, 699, 0, 201, 34261, 397, 3, 44, 7465, 301, 446, 5, 13963, 9970, 19515, 0, 0, 25, 4775, 4827, 8480, 42, 0, 0, 18, 20, 157, 3, 34743, 25902, 29197, 2, 0, 0, 320
538,4,7, 1059472,benign, 790, 148, 8575, 4, 5823, 2692, 2, 464, 700, 0, 197, 34204, 397, 3, 42, 7713, 286, 444, 5, 13621, 9721, 19471, 0, 0, 25, 4720, 4888, 8478, 42, 0, 0, 19, 23, 155, 2, 34382, 26061, 29543, 2, 0, 0, 319
539,9,26, 1052579,benign, 603, 148, 8564, 0, 5824, 2689, 5, 464, 699, 0, 195, 33793, 397, 3, 41, 6669, 327, 512, 5, 13327, 9318, 19498, 0, 0, 25, 4777, 4816, 8470, 42, 0, 0, 18, 20, 158, 4, 34428, 25316, 28661, 2, 0, 0, 322
540,3,15, 1056327,SDC, 724, 147, 8574, 0, 5825, 2688, 1, 464, 695, 0, 200, 33776, 392, 3, 41, 6953, 301, 445, 5, 13633, 9650, 19487, 0, 0, 25, 4715, 4884, 8481, 41, 0, 0, 18, 20, 158, 3, 34367, 25926, 29233, 2, 0, 0, 316
541,1,18, 1052069,benign, 589, 148, 8567, 0, 5826, 2689, 3, 464, 699, 0, 193, 33478, 397, 3, 41, 6949, 337, 455, 5, 13101, 9128, 19505, 0, 0, 25, 4781, 4947, 8476, 41, 0, 0, 18, 20, 158, 3, 34502, 25364, 28690, 2, 0, 0, 537
542,10,26, 1059613,benign, 523, 148, 8559, 0, 5827, 2694, 1, 464, 699, 0, 192, 33064, 397, 3, 42, 6518, 325, 497, 5, 13023, 9060, 19493, 0, 0, 25, 4500, 5097, 8485, 34, 0, 0, 18, 20, 158, 3, 34043, 25178, 28475, 2, 0, 0, 317
543,7,1, 1051331,benign, 564, 149, 8556, 0, 5826, 2690, 1, 464, 699, 0, 195, 33150, 397, 3, 42, 7096, 291, 445, 6, 13405, 9426, 19497, 0, 0, 25, 4788, 4951, 8478, 34, 0, 0, 18, 20, 159, 3, 34041, 25660, 29006, 2, 0, 0, 317
544,5,11, 1055447,benign, 691, 149, 8567, 0, 5828, 2693, 1, 464, 699, 0, 198, 33306, 397, 3, 40, 7508, 321, 444, 5, 13826, 9848, 19495, 0, 0, 25, 4857, 5007, 8485, 42, 0, 0, 18, 20, 158, 3, 34386, 25753, 29052, 2, 0, 0, 316
545,4,29, 1060066,benign, 796, 148, 8569, 0, 5818, 2688, 1, 464, 699, 0, 197, 34135, 397, 3, 39, 7807, 280, 441, 5, 13887, 9970, 19479, 0, 0, 25, 4525, 5074, 8482, 42, 0, 0, 19, 23, 168, 3, 34706, 26188, 29597, 1, 0, 0, 317
546,10,10, 1053879,benign, 648, 147, 8571, 0, 5828, 2691, 1, 464, 699, 0, 205, 33992, 397, 3, 43, 7204, 287, 504, 5, 13589, 9555, 19495, 0, 0, 25, 4768, 4971, 8490, 42, 0, 0, 18, 20, 160, 3, 34353, 25769, 29128, 2, 0, 0, 319
547,9,16, 1059653,benign, 513, 144, 8558, 0, 5822, 2690, 1, 464, 699, 0, 191, 33042, 397, 3, 42, 6417, 314, 437, 5, 12744, 8771, 19489, 0, 0, 25, 4701, 5032, 8472, 42, 0, 0, 18, 20, 158, 3, 33694, 25142, 28462, 2, 0, 0, 376
548,10,9, 1052260,benign, 572, 147, 8559, 4, 5826, 2693, 2, 464, 699, 0, 196, 33689, 397, 3, 43, 6749, 315, 444, 5, 12981, 8949, 19468, 0, 0, 25, 4780, 4820, 8476, 42, 0, 0, 18, 20, 159, 3, 33919, 25161, 28475, 2, 0, 0, 379
549,4,28, 1050693,benign, 546, 148, 8553, 0, 5827, 2692, 1, 464, 699, 0, 193, 33447, 397, 3, 42, 6956, 301, 437, 5, 13430, 9429, 19508, 0, 0, 25, 4708, 4901, 8489, 42, 0, 0, 19, 23, 155, 2, 34199, 25238, 28512, 1, 0, 0, 377
550,2,30, 1057296,benign, 731, 148, 8578, 4, 5825, 2693, 1, 464, 699, 0, 205, 33464, 397, 3, 42, 7315, 547, 452, 5, 13443, 9471, 19457, 0, 0, 25, 4720, 4886, 8482, 42, 0, 0, 18, 20, 153, 2, 34368, 25613, 28895, 2, 0, 0, 317
551,8,9, 1055972,benign, 686, 146, 8564, 4, 5824, 2692, 1, 464, 699, 0, 200, 33318, 397, 3, 42, 7160, 298, 445, 5, 13221, 9291, 19475, 0, 0, 25, 4725, 4872, 8478, 42, 0, 0, 18, 20, 220, 4, 34011, 25833, 29265, 2, 0, 0, 379
552,2,7, 1050725,SDC, 559, 148, 8551, 0, 5825, 2689, 1, 464, 694, 0, 197, 33530, 392, 3, 42, 6930, 285, 500, 5, 13268, 9364, 19515, 0, 0, 25, 4691, 4907, 8476, 42, 0, 0, 18, 20, 204, 3, 34220, 25204, 28681, 2, 0, 0, 317
553,5,18, 1056408,benign, 702, 148, 8574, 4, 5831, 2693, 1, 464, 699, 0, 197, 33533, 397, 3, 42, 7155, 638, 442, 5, 13175, 9226, 19474, 0, 0, 25, 4736, 4872, 8481, 40, 0, 0, 18, 20, 158, 4, 34054, 25474, 28744, 2, 0, 0, 447
554,10,29, 1059398,benign, 819, 149, 8566, 0, 5828, 2694, 2, 464, 699, 0, 195, 33934, 397, 3, 42, 7713, 321, 446, 5, 13660, 9721, 19497, 0, 0, 25, 5016, 4709, 8481, 42, 0, 0, 18, 20, 158, 3, 35036, 26063, 29350, 2, 0, 0, 385
555,2,27, 1053714,SDC, 635, 147, 8563, 0, 5821, 2691, 1, 464, 694, 0, 196, 33727, 392, 3, 41, 6919, 290, 660, 5, 13264, 9260, 19494, 0, 0, 25, 4719, 4871, 8477, 42, 0, 0, 18, 20, 158, 3, 34013, 25421, 28762, 2, 0, 0, 386
556,1,11, 1059603,benign, 512, 148, 8539, 0, 5822, 2686, 2, 464, 699, 0, 192, 33298, 397, 3, 40, 6409, 254, 439, 5, 13181, 9160, 19518, 0, 0, 25, 4648, 4964, 8485, 34, 0, 0, 18, 20, 158, 4, 33799, 25388, 28643, 2, 0, 0, 320
557,10,0, 1055391,benign, 697, 149, 8560, 0, 5822, 2691, 1, 464, 699, 0, 199, 33855, 397, 3, 43, 7522, 520, 461, 5, 13973, 9773, 19495, 0, 0, 25, 5092, 5151, 8482, 42, 0, 0, 18, 20, 158, 4, 34331, 25776, 29053, 2, 0, 0, 317
558,2,17, 1054215,SDC, 647, 148, 8562, 0, 5819, 2690, 5, 464, 694, 0, 193, 34087, 392, 3, 41, 6946, 304, 520, 5, 13530, 9570, 19498, 0, 0, 25, 4779, 4852, 8486, 41, 0, 0, 18, 20, 158, 3, 34355, 26012, 29285, 2, 0, 0, 323
559,1,19, 1057067,benign, 741, 147, 8568, 0, 5828, 2694, 1, 464, 699, 0, 198, 33877, 397, 3, 43, 7875, 336, 442, 5, 14062, 10140, 19561, 0, 0, 25, 4738, 4861, 8484, 42, 0, 0, 18, 20, 169, 3, 34528, 25818, 29082, 2, 0, 0, 317
560,3,3, 1056790,SDC, 733, 151, 8576, 0, 5825, 2692, 1, 464, 694, 0, 199, 33698, 392, 3, 44, 7210, 290, 442, 5, 13684, 9682, 19483, 0, 0, 25, 4784, 4930, 8487, 42, 0, 0, 18, 20, 158, 3, 34164, 25862, 29133, 2, 0, 0, 319
561,9,28, 1051568,benign, 550, 147, 8571, 4, 5825, 2690, 1, 464, 699, 0, 199, 33594, 397, 3, 41, 6521, 295, 512, 5, 12966, 8975, 19475, 0, 0, 25, 4854, 4883, 8481, 42, 0, 0, 18, 20, 159, 3, 33974, 24955, 28422, 2, 0, 0, 378
562,9,30, 1058102,benign, 788, 148, 8578, 0, 5829, 2694, 1, 464, 699, 0, 205, 33985, 397, 3, 43, 7662, 299, 442, 5, 13636, 9695, 19489, 0, 0, 25, 4710, 4887, 8477, 42, 0, 0, 18, 20, 157, 2, 34793, 25759, 29048, 2, 0, 0, 319
563,3,12, 1053294,SDC, 623, 149, 8563, 0, 5827, 2690, 1, 464, 694, 0, 200, 33952, 392, 3, 41, 7091, 340, 444, 5, 13762, 9756, 19489, 0, 0, 25, 4743, 4894, 8478, 40, 0, 0, 18, 20, 160, 3, 34315, 25402, 28824, 2, 0, 0, 316
564,10,11, 1058169,benign, 779, 148, 8592, 0, 5828, 2695, 3, 464, 699, 0, 197, 34587, 397, 3, 43, 7323, 322, 442, 5, 13508, 9478, 19477, 0, 0, 25, 4737, 4903, 8487, 42, 0, 0, 18, 20, 158, 3, 34385, 26014, 29535, 2, 0, 0, 384
565,7,28, 1055233,benign, 695, 148, 8569, 0, 5818, 2687, 2, 464, 699, 0, 200, 33862, 397, 3, 41, 7253, 295, 447, 5, 13530, 9318, 19502, 0, 0, 25, 4777, 4935, 8484, 42, 0, 0, 19, 23, 161, 3, 34441, 25843, 29313, 2, 0, 0, 319
566,9,13, 1052399,benign, 595, 148, 8559, 0, 5826, 2690, 1, 464, 699, 0, 195, 33613, 397, 3, 41, 6605, 316, 733, 5, 13753, 9747, 19505, 0, 0, 25, 4799, 4932, 8476, 42, 0, 0, 18, 20, 167, 3, 34736, 25433, 28722, 2, 0, 0, 319
567,9,17, 1058436,benign, 769, 150, 8579, 4, 5826, 2694, 1, 464, 699, 0, 199, 34123, 397, 3, 41, 7486, 290, 575, 5, 13793, 9816, 19499, 0, 0, 25, 4732, 4876, 8484, 42, 0, 0, 18, 20, 159, 3, 34247, 26008, 29313, 2, 0, 0, 319
568,10,10, 1055229,benign, 697, 148, 8565, 0, 5822, 2687, 1, 464, 699, 0, 200, 34117, 397, 3, 43, 7130, 336, 443, 5, 13614, 9613, 19492, 0, 0, 25, 4835, 4988, 8491, 42, 0, 0, 18, 20, 158, 4, 34726, 25809, 29110, 2, 0, 0, 385
569,2,6, 1052618,SDC, 602, 150, 8555, 0, 5823, 2693, 1, 464, 694, 0, 196, 33876, 392, 3, 41, 6720, 311, 445, 5, 13512, 9392, 19481, 0, 0, 25, 4731, 4867, 8479, 42, 0, 0, 18, 20, 158, 4, 34633, 25194, 28464, 2, 0, 0, 379
570,8,28, 1055028,benign, 675, 165, 8563, 4, 5824, 2690, 2, 464, 699, 0, 195, 33534, 397, 3, 41, 7326, 321, 445, 5, 13753, 9703, 19480, 0, 0, 25, 4799, 4958, 8480, 42, 0, 0, 18, 20, 160, 3, 33934, 25596, 28876, 2, 0, 0, 317
571,9,11, 1058543,benign, 803, 148, 8569, 0, 5826, 2689, 1, 464, 699, 0, 202, 33896, 397, 3, 44, 7820, 309, 452, 5, 13879, 9945, 19481, 0, 0, 25, 4772, 4826, 8493, 42, 0, 0, 18, 20, 158, 4, 34443, 25983, 29208, 2, 0, 0, 317
572,4,12, 1055947,benign, 720, 148, 8568, 0, 5827, 2691, 2, 464, 700, 0, 198, 33792, 397, 3, 41, 7125, 337, 438, 5, 13860, 9832, 19486, 0, 0, 25, 4707, 4894, 8480, 41, 0, 0, 19, 23, 154, 2, 34427, 25645, 28988, 1, 0, 0, 526
573,8,31, 1052425,benign, 594, 148, 8569, 0, 5824, 2693, 1, 464, 699, 0, 194, 33906, 397, 3, 41, 6818, 324, 443, 5, 13819, 9777, 19520, 0, 0, 25, 4759, 4889, 8486, 42, 0, 0, 18, 20, 158, 4, 34508, 25441, 28863, 2, 0, 0, 316
574,0,1, 1053318,benign, 629, 150, 8558, 0, 5820, 2685, 2, 464, 699, 0, 201, 33836, 397, 3, 43, 6910, 316, 443, 5, 13733, 9547, 19500, 0, 0, 25, 4751, 4893, 8485, 42, 0, 0, 18, 20, 160, 3, 33992, 25361, 28633, 2, 0, 0, 317
575,6,23, 1052799,benign, 618, 148, 8565, 0, 5826, 2693, 2, 464, 699, 0, 197, 33734, 397, 3, 42, 6882, 325, 582, 5, 13532, 9547, 19499, 0, 0, 25, 4732, 4864, 8479, 42, 0, 0, 19, 23, 163, 3, 34665, 25444, 28702, 2, 0, 0, 378
576,2,30, 1057506,benign, 756, 146, 8576, 0, 5827, 2696, 1, 464, 699, 0, 198, 33831, 397, 3, 41, 7391, 297, 445, 5, 13762, 9793, 19501, 0, 0, 25, 4788, 4805, 8479, 42, 0, 0, 18, 20, 157, 4, 34651, 25818, 29321, 2, 0, 0, 316
577,9,31, 1059958,benign, 807, 146, 8578, 0, 5827, 2693, 2, 464, 699, 0, 200, 34129, 397, 3, 42, 7462, 293, 445, 5, 13915, 9943, 19528, 0, 0, 25, 4721, 4887, 8495, 42, 0, 0, 18, 20, 159, 2, 34618, 26095, 29389, 2, 0, 0, 323
578,9,29, 1056080,benign, 693, 148, 8568, 4, 5825, 2690, 1, 464, 699, 0, 193, 33325, 397, 3, 41, 7351, 291, 444, 5, 13490, 9513, 19464, 0, 0, 25, 4781, 4937, 8488, 42, 0, 0, 18, 20, 168, 3, 34274, 25647, 29131, 2, 0, 0, 317
579,8,31, 1055204,benign, 668, 148, 8571, 4, 5827, 2690, 2, 464, 699, 0, 195, 33320, 397, 3, 42, 7342, 508, 442, 5, 13349, 9301, 19468, 0, 0, 25, 4800, 4848, 8484, 40, 0, 0, 18, 20, 160, 3, 34228, 25574, 28881, 2, 0, 0, 384
580,7,1, 1058164,benign, 757, 147, 8579, 4, 5828, 2694, 2, 464, 699, 0, 202, 33610, 397, 3, 45, 7430, 333, 446, 5, 13431, 9460, 19491, 0, 0, 25, 4842, 4878, 8488, 42, 0, 0, 18, 20, 158, 3, 34425, 25709, 29203, 2, 0, 0, 317
581,1,15, 1059893,benign, 824, 148, 8579, 0, 5832, 2697, 1, 464, 700, 0, 199, 33788, 397, 3, 42, 7842, 284, 531, 5, 13679, 9730, 19543, 0, 0, 25, 4769, 4956, 8489, 42, 0, 0, 18, 20, 386, 3, 34884, 26311, 29755, 2, 0, 0, 319
582,4,3, 1052979,benign, 614, 147, 8571, 1, 5825, 2691, 2, 464, 699, 0, 195, 33502, 397, 3, 41, 6951, 450, 458, 6, 13280, 9291, 19521, 0, 0, 25, 4779, 4816, 8480, 42, 0, 0, 18, 20, 159, 3, 34347, 25835, 29133, 2, 0, 0, 319
583,10,18, 1059431,benign, 828, 164, 8567, 0, 5825, 2694, 2, 464, 699, 0, 199, 34204, 397, 3, 41, 7532, 294, 445, 5, 14332, 10352, 19553, 0, 0, 25, 4718, 4926, 8488, 42, 0, 0, 18, 20, 158, 3, 34653, 25871, 29202, 2, 0, 0, 322
584,2,11, 1056866,SDC, 737, 149, 8570, 0, 5819, 2691, 1, 464, 694, 0, 200, 33765, 392, 3, 43, 7290, 510, 443, 5, 13693, 9693, 19503, 0, 0, 25, 4723, 4884, 8485, 42, 0, 0, 18, 20, 286, 4, 34622, 25924, 29214, 2, 0, 0, 376
585,10,15, 1051470,benign, 578, 147, 8558, 0, 5826, 2693, 2, 464, 699, 0, 194, 33673, 397, 3, 41, 6698, 295, 446, 5, 13460, 9450, 19504, 0, 0, 25, 4705, 4894, 8486, 42, 0, 0, 18, 20, 159, 4, 34704, 25427, 28721, 2, 0, 0, 320
586,6,9, 1053570,benign, 657, 165, 8576, 0, 5830, 2695, 1, 464, 699, 0, 201, 33736, 397, 3, 41, 6823, 312, 446, 5, 13015, 9062, 19479, 0, 0, 25, 4719, 4880, 8486, 42, 0, 0, 18, 20, 160, 3, 34001, 25314, 28608, 2, 0, 0, 316
587,3,0, 1055266,SDC, 686, 146, 8563, 0, 5822, 2696, 1, 464, 694, 0, 194, 33385, 392, 3, 42, 7279, 335, 502, 5, 13565, 9663, 19491, 0, 0, 25, 4805, 4979, 8488, 42, 0, 0, 19, 23, 160, 3, 34649, 25707, 28975, 2, 0, 0, 319
588,8,17, 1053732,benign, 617, 146, 8562, 4, 5826, 2694, 2, 464, 699, 0, 195, 33863, 397, 3, 41, 6974, 284, 455, 5, 13175, 9185, 19469, 0, 0, 25, 4777, 4835, 8493, 42, 0, 0, 18, 20, 169, 3, 34070, 25399, 28806, 2, 0, 0, 317
589,5,25, 1054924,benign, 654, 147, 8566, 4, 5819, 2688, 3, 464, 699, 0, 200, 33276, 397, 3, 41, 7107, 282, 448, 5, 13418, 9511, 19479, 0, 0, 25, 4789, 4861, 8486, 42, 0, 0, 18, 20, 158, 3, 34227, 25443, 28917, 2, 0, 0, 376
590,8,29, 1058391,benign, 798, 147, 8575, 0, 5820, 2685, 1, 464, 699, 0, 197, 33707, 397, 3, 41, 7390, 545, 504, 5, 13898, 9865, 19499, 0, 0, 25, 4717, 4886, 8483, 42, 0, 0, 18, 20, 159, 3, 34700, 25712, 29007, 2, 0, 0, 378
591,2,1, 1051132,benign, 536, 148, 8556, 4, 5822, 2688, 1, 464, 699, 0, 197, 33499, 397, 3, 45, 6875, 329, 443, 5, 13332, 9410, 19478, 0, 0, 25, 4703, 4914, 8485, 42, 0, 0, 18, 20, 160, 3, 33696, 24989, 28306, 2, 0, 0, 316
592,2,10, 1056670,SDC, 742, 146, 8567, 0, 5819, 2696, 1, 464, 694, 0, 203, 34181, 392, 3, 42, 7669, 304, 446, 5, 13620, 9719, 19514, 0, 0, 25, 4753, 4894, 8479, 41, 0, 0, 18, 20, 215, 3, 34395, 25959, 29470, 2, 0, 0, 319
593,4,25, 1053290,benign, 630, 148, 8562, 0, 5828, 2690, 2, 464, 699, 0, 196, 33817, 397, 3, 40, 6831, 289, 440, 5, 13143, 9168, 19516, 0, 0, 25, 4804, 4928, 8476, 42, 0, 0, 18, 20, 153, 2, 34066, 25800, 29076, 1, 0, 0, 378
594,3,20, 1050803,SDC, 550, 148, 8547, 0, 5821, 2694, 2, 464, 694, 0, 198, 33308, 392, 3, 41, 6570, 555, 455, 5, 13221, 9201, 19487, 0, 0, 25, 4708, 4931, 8488, 42, 0, 0, 19, 23, 160, 3, 34180, 25101, 28412, 2, 0, 0, 320
595,4,14, 1054530,benign, 662, 147, 8564, 0, 5826, 2693, 1, 464, 699, 0, 197, 33618, 397, 3, 41, 6711, 326, 563, 6, 13601, 9604, 19509, 0, 0, 25, 4720, 4881, 8487, 42, 0, 0, 18, 20, 153, 2, 34363, 25770, 29075, 1, 0, 0, 317
596,9,10, 1057906,benign, 770, 149, 8565, 0, 5824, 2687, 1, 464, 699, 0, 196, 33972, 397, 3, 43, 7317, 336, 443, 5, 13720, 9761, 19512, 0, 0, 25, 4718, 4893, 8486, 42, 0, 0, 18, 20, 158, 4, 34352, 26240, 29609, 2, 0, 0, 320
597,6,10, 1055901,benign, 706, 148, 8572, 0, 5825, 2689, 2, 464, 699, 0, 194, 33739, 397, 3, 41, 7119, 291, 512, 5, 13795, 9788, 19493, 0, 0, 25, 4784, 4949, 8480, 42, 0, 0, 18, 20, 160, 3, 34580, 25870, 29384, 2, 0, 0, 319
598,8,13, 1054998,benign, 680, 148, 8566, 0, 5829, 2691, 3, 464, 699, 0, 199, 33918, 397, 3, 42, 7462, 333, 533, 5, 13576, 9568, 19491, 0, 0, 25, 4733, 4912, 8483, 42, 0, 0, 18, 20, 289, 3, 34327, 25547, 28825, 2, 0, 0, 319
599,3,22, 1060286,benign, 533, 148, 8562, 0, 5831, 2689, 1, 464, 699, 0, 193, 33397, 397, 3, 42, 6842, 326, 502, 5, 13176, 9199, 19499, 0, 0, 25, 4512, 5104, 8482, 36, 0, 0, 18, 20, 159, 3, 34229, 25559, 28841, 1, 0, 0, 317
600,10,28, 1052978,benign, 623, 146, 8580, 0, 5829, 2692, 1, 464, 699, 0, 197, 33560, 397, 3, 41, 6989, 327, 574, 5, 13688, 9676, 19513, 0, 0, 25, 4787, 4818, 8472, 42, 0, 0, 18, 20, 158, 3, 34199, 25477, 28755, 2, 0, 0, 377
601,7,31, 1058560,benign, 768, 146, 8569, 4, 5822, 2687, 2, 464, 699, 0, 196, 33587, 397, 3, 41, 7451, 286, 445, 5, 13546, 9394, 19586, 0, 0, 25, 4721, 4888, 8489, 42, 0, 0, 18, 20, 158, 3, 34469, 25393, 28685, 2, 0, 0, 385
602,5,5, 1060347,benign, 527, 146, 8548, 0, 5820, 2689, 1, 464, 700, 0, 190, 33332, 397, 3, 41, 6875, 301, 445, 5, 13135, 9182, 19500, 0, 0, 25, 4633, 4964, 8481, 42, 0, 0, 19, 23, 270, 3, 34212, 25456, 28790, 2, 0, 0, 316
603,0,8, 1053857,benign, 652, 146, 8574, 0, 5830, 2691, 1, 464, 699, 0, 202, 33564, 397, 3, 41, 6804, 300, 511, 5, 13277, 9397, 19507, 0, 0, 25, 4731, 4882, 8482, 42, 0, 0, 18, 20, 160, 3, 34269, 25607, 28900, 2, 0, 0, 319
604,10,6, 1056327,benign, 715, 147, 8567, 0, 5823, 2694, 1, 464, 699, 0, 201, 34292, 397, 3, 41, 7373, 437, 445, 5, 13664, 9697, 19494, 0, 0, 25, 4776, 4944, 8486, 42, 0, 0, 18, 20, 160, 3, 34836, 26123, 29399, 2, 0, 0, 447
605,9,2, 1052562,benign, 612, 148, 8563, 0, 5826, 2689, 1, 464, 699, 0, 199, 33703, 397, 3, 41, 6848, 455, 445, 5, 13725, 9699, 19499, 0, 0, 25, 4741, 4902, 8487, 42, 0, 0, 18, 20, 158, 4, 34459, 25340, 28631, 2, 0, 0, 386
606,10,15, 1052172,benign, 569, 148, 8565, 4, 5825, 2690, 2, 464, 699, 0, 194, 33334, 397, 3, 42, 6916, 284, 509, 5, 13394, 9545, 19492, 0, 0, 25, 4729, 4900, 8488, 42, 0, 0, 19, 23, 170, 3, 34258, 25254, 28544, 2, 0, 0, 317
607,6,14, 1050958,benign, 565, 147, 8564, 0, 5830, 2687, 2, 464, 699, 0, 203, 33431, 397, 3, 41, 6830, 305, 443, 6, 13350, 9453, 19500, 0, 0, 25, 4774, 4958, 8479, 42, 0, 0, 18, 20, 158, 3, 34483, 25547, 28868, 2, 0, 0, 317
608,9,15, 1055561,benign, 697, 148, 8571, 0, 5831, 2693, 1, 464, 699, 0, 198, 33883, 397, 3, 41, 7127, 315, 595, 5, 13757, 9768, 19497, 0, 0, 25, 4776, 4828, 8483, 42, 0, 0, 18, 20, 168, 3, 34489, 25799, 29086, 2, 0, 0, 637
609,6,21, 1056330,benign, 720, 147, 8565, 0, 5821, 2687, 2, 464, 699, 0, 197, 33801, 397, 3, 42, 7343, 304, 653, 5, 13891, 9830, 19510, 0, 0, 25, 4723, 4873, 8473, 42, 0, 0, 19, 23, 160, 3, 34268, 26081, 29364, 2, 0, 0, 319
610,8,22, 1057898,benign, 771, 147, 8586, 0, 5829, 2694, 2, 464, 699, 0, 200, 34179, 397, 3, 41, 7358, 311, 444, 5, 14029, 10032, 19554, 0, 0, 25, 4720, 4885, 8477, 42, 0, 0, 18, 20, 158, 4, 34568, 25862, 29275, 2, 0, 0, 317
611,2,17, 1055053,SDC, 679, 150, 8552, 1, 5813, 2688, 2, 464, 694, 0, 195, 33778, 392, 3, 42, 7006, 295, 444, 5, 13577, 9603, 19490, 0, 0, 25, 4770, 4830, 8486, 42, 0, 0, 18, 20, 158, 2, 34499, 25692, 28974, 2, 0, 0, 323
612,0,12, 1054193,benign, 659, 148, 8571, 0, 5830, 2690, 1, 464, 699, 0, 195, 33580, 397, 3, 44, 7253, 328, 501, 5, 13455, 9430, 19606, 0, 0, 25, 4738, 4910, 8481, 42, 0, 0, 18, 20, 160, 3, 34336, 25312, 28585, 2, 0, 0, 416
613,1,24, 1055236,benign, 665, 146, 8565, 4, 5828, 2694, 1, 464, 699, 0, 200, 33687, 397, 3, 43, 7288, 353, 537, 5, 13419, 9392, 19476, 0, 0, 25, 4746, 4868, 8479, 42, 0, 0, 18, 20, 158, 3, 34251, 25192, 28468, 2, 0, 0, 377
614,8,19, 1059375,benign, 831, 149, 8581, 0, 5824, 2691, 1, 464, 699, 0, 195, 33754, 397, 3, 42, 7678, 287, 444, 5, 13912, 9895, 19497, 0, 0, 25, 4838, 4999, 8493, 42, 0, 0, 18, 20, 160, 3, 34586, 26027, 29512, 2, 0, 0, 319
615,9,13, 1051210,benign, 564, 148, 8563, 0, 5829, 2692, 2, 464, 699, 0, 195, 33876, 397, 3, 41, 6687, 311, 678, 5, 13131, 9132, 19504, 0, 0, 25, 4716, 4894, 8482, 42, 0, 0, 18, 20, 158, 3, 34136, 25103, 28395, 2, 0, 0, 317
616,5,30, 1056697,benign, 742, 149, 8569, 0, 5826, 2696, 2, 464, 699, 0, 198, 33875, 397, 3, 41, 7662, 559, 454, 5, 13916, 9780, 19503, 0, 0, 25, 4984, 4741, 8487, 42, 0, 0, 18, 20, 355, 3, 34933, 26213, 29490, 2, 0, 0, 319
617,2,31, 1052611,SDC, 604, 149, 8554, 0, 5819, 2694, 1, 464, 694, 0, 200, 33590, 392, 3, 41, 6756, 299, 446, 5, 13810, 9841, 19483, 0, 0, 25, 4969, 4626, 8488, 42, 0, 0, 18, 20, 158, 4, 34600, 25256, 28600, 2, 0, 0, 384
618,3,5, 1057588,benign, 737, 146, 8571, 4, 5827, 2694, 1, 464, 699, 0, 196, 33685, 397, 3, 42, 7498, 294, 452, 5, 13418, 9498, 19500, 0, 0, 25, 4729, 4889, 8480, 42, 0, 0, 18, 20, 157, 4, 34477, 25629, 28945, 2, 0, 0, 319
619,2,17, 1052050,SDC, 601, 149, 8559, 0, 5820, 2691, 1, 464, 694, 0, 202, 33756, 392, 3, 43, 7301, 324, 441, 5, 13639, 9676, 19483, 0, 0, 25, 4804, 4957, 8482, 42, 0, 0, 18, 20, 166, 4, 34276, 25714, 29001, 2, 0, 0, 317
620,1,5, 1059712,benign, 440, 148, 8553, 0, 5821, 2695, 1, 464, 699, 0, 186, 32635, 397, 3, 40, 6326, 297, 441, 5, 12597, 8563, 19476, 0, 0, 25, 4449, 5154, 8477, 42, 0, 0, 18, 20, 166, 3, 34006, 25060, 28182, 1, 0, 0, 319
621,2,14, 1058735,benign, 800, 147, 8577, 0, 5824, 2691, 1, 464, 699, 0, 202, 34211, 397, 3, 41, 7798, 312, 511, 5, 14090, 10104, 19530, 0, 0, 25, 4788, 4938, 8489, 42, 0, 0, 18, 20, 157, 4, 35100, 26163, 29479, 2, 0, 0, 319
622,8,3, 1055011,benign, 689, 147, 8569, 0, 5827, 2694, 1, 464, 699, 0, 197, 34039, 397, 3, 41, 7327, 364, 444, 5, 13538, 9582, 19497, 0, 0, 25, 4833, 4925, 8488, 42, 0, 0, 18, 20, 160, 3, 34473, 25400, 28672, 2, 0, 0, 384
623,2,19, 1056394,SDC, 726, 148, 8581, 0, 5825, 2695, 2, 464, 694, 0, 197, 34014, 392, 3, 43, 7237, 291, 443, 5, 13584, 9653, 19490, 0, 0, 25, 4726, 4874, 8472, 42, 0, 0, 18, 20, 158, 3, 34367, 25743, 29199, 2, 0, 0, 321
624,3,4, 1050900,SDC, 530, 146, 8544, 4, 5822, 2693, 1, 464, 694, 0, 198, 33127, 392, 3, 43, 6744, 322, 443, 5, 13125, 9139, 19470, 0, 0, 25, 4733, 4907, 8486, 42, 0, 0, 18, 20, 169, 3, 33870, 24962, 28251, 2, 0, 0, 317
625,10,4, 1050287,benign, 550, 148, 8556, 0, 5827, 2696, 2, 464, 699, 0, 195, 33413, 397, 3, 41, 6521, 455, 504, 5, 13860, 9893, 19487, 0, 0, 25, 4703, 4908, 8491, 42, 0, 0, 18, 20, 160, 3, 33998, 25234, 28710, 2, 0, 0, 385
626,6,28, 1059667,benign, 520, 145, 8552, 0, 5819, 2687, 5, 464, 699, 0, 187, 33301, 397, 3, 41, 6678, 327, 631, 5, 13244, 9204, 19526, 0, 0, 25, 4700, 4912, 8472, 42, 0, 0, 18, 20, 153, 2, 34284, 25223, 28525, 2, 0, 0, 318
627,2,14, 1055821,benign, 702, 148, 8565, 0, 5827, 2690, 2, 464, 699, 0, 199, 33767, 397, 3, 40, 7039, 336, 445, 5, 13464, 9490, 19508, 0, 0, 25, 4719, 4878, 8473, 42, 0, 0, 18, 20, 158, 4, 33991, 25815, 29123, 2, 0, 0, 378
628,9,31, 1052665,benign, 606, 148, 8564, 0, 5826, 2693, 4, 464, 699, 0, 194, 33421, 397, 3, 43, 6951, 320, 445, 5, 13437, 9285, 19502, 0, 0, 25, 4850, 4875, 8484, 42, 0, 0, 18, 20, 158, 4, 34615, 25369, 28654, 2, 0, 0, 317
629,2,25, 1053739,benign, 643, 149, 8561, 0, 5829, 2688, 1, 464, 699, 0, 199, 33933, 397, 3, 43, 6941, 310, 442, 5, 13581, 9419, 19510, 0, 0, 25, 4720, 4882, 8480, 42, 0, 0, 18, 20, 167, 3, 34107, 25917, 29197, 2, 0, 0, 319
630,5,16, 1050010,benign, 523, 150, 8548, 0, 5828, 2692, 1, 464, 699, 0, 198, 33665, 397, 3, 44, 6638, 252, 459, 5, 12991, 9027, 19496, 0, 0, 25, 4701, 4903, 8488, 42, 0, 0, 18, 20, 166, 3, 34068, 25264, 28544, 2, 0, 0, 319
631,7,2, 1056388,benign, 702, 147, 8567, 4, 5830, 2686, 1, 464, 699, 0, 195, 33381, 397, 3, 41, 7196, 300, 512, 5, 13403, 9542, 19489, 0, 0, 25, 4785, 4941, 8484, 40, 0, 0, 18, 20, 160, 3, 34321, 25799, 29090, 2, 0, 0, 321
632,6,1, 1060018,benign, 818, 146, 8577, 0, 5826, 2690, 2, 464, 699, 0, 203, 34105, 397, 3, 42, 7504, 322, 444, 5, 14317, 10338, 19573, 0, 0, 25, 4720, 4888, 8492, 42, 0, 0, 18, 20, 159, 2, 34853, 25835, 29147, 2, 0, 0, 386
633,5,27, 1057058,benign, 739, 146, 8579, 0, 5829, 2693, 6, 464, 700, 0, 200, 33854, 397, 3, 41, 7279, 275, 444, 5, 13725, 9528, 19494, 0, 0, 25, 4722, 4878, 8487, 42, 0, 0, 18, 20, 158, 4, 34695, 26082, 29408, 2, 0, 0, 317
634,8,6, 1053481,benign, 641, 149, 8569, 0, 5824, 2688, 1, 464, 699, 0, 203, 33624, 397, 3, 44, 6882, 308, 443, 5, 13349, 9437, 19506, 0, 0, 25, 4791, 4933, 8493, 42, 0, 0, 18, 20, 160, 3, 34498, 25299, 28571, 2, 0, 0, 316
635,1,5, 1054246,benign, 663, 147, 8563, 0, 5827, 2694, 2, 464, 699, 0, 198, 33842, 397, 3, 41, 6946, 320, 593, 5, 13507, 9555, 19501, 0, 0, 25, 4719, 4882, 8485, 42, 0, 0, 19, 22, 162, 3, 34399, 25409, 28717, 2, 0, 0, 319
636,2,22, 1057049,SDC, 743, 148, 8562, 0, 5817, 2685, 1, 464, 694, 0, 199, 33933, 392, 3, 41, 7103, 317, 502, 5, 13756, 9750, 19500, 0, 0, 25, 4854, 4969, 8481, 38, 0, 0, 18, 20, 158, 3, 34481, 25961, 29290, 2, 0, 0, 319
637,7,25, 1054549,benign, 664, 147, 8560, 0, 5825, 2692, 1, 464, 699, 0, 196, 33634, 397, 3, 41, 7024, 330, 505, 5, 13361, 9328, 19506, 0, 0, 25, 4714, 4883, 8476, 42, 0, 0, 18, 20, 160, 3, 34395, 25492, 28815, 2, 0, 0, 320
638,3,5, 1052839,SDC, 619, 147, 8559, 0, 5823, 2688, 1, 464, 694, 0, 200, 33490, 392, 3, 43, 7079, 318, 451, 5, 13329, 9434, 19483, 0, 0, 25, 4728, 4871, 8486, 42, 0, 0, 18, 20, 159, 3, 34196, 25840, 29302, 2, 0, 0, 317
639,4,23, 1055792,benign, 682, 148, 8569, 3, 5826, 2690, 1, 464, 699, 0, 194, 33502, 397, 3, 41, 7319, 312, 445, 6, 13364, 9317, 19472, 0, 0, 25, 4763, 4958, 8481, 42, 0, 0, 18, 20, 157, 3, 34279, 25467, 28950, 2, 0, 0, 384
640,5,14, 1053983,benign, 659, 148, 8570, 0, 5828, 2685, 3, 464, 699, 0, 207, 33319, 397, 3, 43, 7038, 276, 507, 5, 13501, 9513, 19501, 0, 0, 25, 4760, 4975, 8489, 41, 0, 0, 18, 20, 158, 3, 34570, 25406, 28698, 2, 0, 0, 386
641,0,1, 1059560,benign, 498, 148, 8561, 0, 5827, 2684, 3, 464, 699, 0, 193, 32968, 397, 3, 40, 6739, 302, 439, 5, 12924, 8873, 19477, 0, 0, 25, 4539, 5254, 8487, 36, 0, 0, 18, 20, 158, 4, 33429, 25129, 28410, 1, 0, 0, 378
642,0,10, 1050805,benign, 562, 148, 8554, 0, 5829, 2695, 1, 464, 699, 0, 203, 33563, 397, 3, 43, 6556, 293, 731, 5, 13312, 9313, 19488, 0, 0, 25, 4688, 4908, 8486, 42, 0, 0, 19, 23, 161, 3, 33921, 25355, 28837, 2, 0, 0, 317
643,1,11, 1051496,benign, 548, 147, 8560, 4, 5826, 2694, 1, 464, 699, 0, 201, 33303, 397, 3, 42, 6622, 331, 510, 5, 13169, 9177, 19482, 0, 0, 25, 4973, 4633, 8483, 42, 0, 0, 18, 20, 159, 3, 33763, 24859, 28129, 2, 0, 0, 317
644,7,20, 1059091,benign, 808, 148, 8576, 0, 5828, 2691, 1, 464, 699, 0, 199, 34318, 397, 3, 41, 7548, 295, 530, 5, 14075, 9899, 19507, 0, 0, 25, 4782, 4819, 8476, 42, 0, 0, 18, 20, 169, 3, 34702, 26073, 29402, 2, 0, 0, 375
645,1,14, 1055580,benign, 674, 146, 8570, 4, 5833, 2688, 1, 464, 699, 0, 198, 33969, 397, 3, 41, 7357, 320, 443, 5, 13264, 9323, 19498, 0, 0, 25, 4719, 4880, 8485, 42, 0, 0, 18, 20, 158, 3, 34272, 25593, 28891, 2, 0, 0, 379
646,2,12, 1056438,benign, 736, 147, 8575, 0, 5827, 2695, 1, 464, 699, 0, 200, 33833, 397, 3, 43, 7270, 780, 443, 5, 13715, 9732, 19522, 0, 0, 25, 4781, 4824, 8484, 42, 0, 0, 18, 20, 158, 4, 34243, 25825, 29139, 2, 0, 0, 316
647,8,26, 1055252,benign, 667, 149, 8559, 4, 5826, 2688, 2, 464, 699, 0, 195, 33600, 397, 3, 42, 7292, 300, 444, 5, 13652, 9678, 19470, 0, 0, 25, 4734, 4876, 8484, 42, 0, 0, 18, 20, 157, 4, 34288, 25521, 28834, 2, 0, 0, 316
648,6,18, 1055556,benign, 676, 147, 8568, 4, 5825, 2686, 1, 464, 699, 0, 202, 33503, 397, 3, 42, 7196, 322, 519, 5, 13888, 9902, 19472, 0, 0, 25, 4717, 4883, 8484, 42, 0, 0, 18, 20, 158, 4, 34069, 25651, 29067, 2, 0, 0, 317
649,9,9, 1057051,benign, 773, 159, 8570, 0, 5825, 2695, 2, 464, 699, 0, 200, 34078, 397, 3, 41, 7476, 295, 445, 5, 13672, 9650, 19505, 0, 0, 25, 4714, 4886, 8479, 40, 0, 0, 18, 20, 160, 3, 34571, 25844, 29303, 2, 0, 0, 379
650,3,14, 1058852,benign, 779, 148, 8575, 4, 5827, 2689, 1, 464, 699, 0, 200, 33719, 397, 3, 42, 7415, 290, 458, 5, 13919, 9954, 19496, 0, 0, 25, 4717, 4884, 8486, 42, 0, 0, 18, 20, 158, 3, 34707, 26042, 29369, 2, 0, 0, 317
651,4,30, 1058771,benign, 810, 148, 8570, 0, 5823, 2688, 1, 464, 699, 0, 199, 33785, 397, 3, 39, 7472, 525, 439, 5, 13831, 9821, 19495, 0, 0, 25, 4796, 4797, 8480, 42, 0, 0, 18, 20, 153, 2, 34845, 25679, 28943, 1, 0, 0, 379
652,8,18, 1060294,benign, 522, 146, 8563, 0, 5829, 2686, 1, 464, 699, 0, 193, 33448, 397, 3, 40, 6498, 310, 499, 5, 13346, 9330, 19508, 0, 0, 25, 4636, 5000, 8480, 36, 0, 0, 18, 20, 166, 3, 34056, 25120, 28429, 1, 0, 0, 319
653,2,6, 1052408,SDC, 577, 147, 8559, 4, 5820, 2690, 2, 464, 694, 0, 197, 33249, 392, 3, 42, 6755, 301, 507, 5, 12974, 8996, 19462, 0, 0, 25, 4717, 4881, 8472, 42, 0, 0, 18, 20, 158, 3, 34054, 25221, 28650, 2, 0, 0, 316
654,6,17, 1054122,benign, 671, 146, 8570, 0, 5825, 2683, 1, 464, 699, 0, 204, 33912, 397, 3, 44, 6959, 318, 447, 6, 13442, 9446, 19509, 0, 0, 25, 4717, 4884, 8486, 42, 0, 0, 18, 20, 166, 4, 34298, 25516, 28784, 2, 0, 0, 531
655,8,10, 1050313,benign, 533, 147, 8561, 0, 5825, 2688, 1, 464, 699, 0, 200, 33639, 397, 3, 43, 6593, 307, 463, 5, 13462, 9479, 19505, 0, 0, 25, 4775, 4837, 8485, 41, 0, 0, 18, 20, 160, 3, 33655, 25415, 28849, 2, 0, 0, 447
656,10,23, 1050675,benign, 541, 147, 8564, 0, 5829, 2686, 2, 464, 699, 0, 197, 33304, 397, 3, 41, 6629, 303, 513, 5, 13336, 9352, 19507, 0, 0, 25, 4706, 4901, 8484, 42, 0, 0, 18, 20, 157, 4, 34233, 25508, 28792, 2, 0, 0, 317
657,3,31, 1051650,SDC, 583, 147, 8556, 0, 5821, 2697, 2, 464, 694, 0, 203, 33619, 392, 3, 43, 6756, 346, 442, 5, 13670, 9692, 19495, 0, 0, 25, 4971, 4762, 8486, 42, 0, 0, 18, 20, 158, 3, 34173, 25756, 29037, 2, 0, 0, 384
658,9,12, 1049938,benign, 528, 146, 8561, 0, 5825, 2692, 2, 464, 699, 0, 197, 33651, 397, 3, 41, 6880, 368, 515, 4, 13239, 9247, 19506, 0, 0, 25, 4692, 4906, 8489, 42, 0, 0, 18, 20, 168, 3, 34130, 25183, 28706, 2, 0, 0, 384
659,0,19, 1059295,benign, 813, 148, 8565, 0, 5823, 2689, 2, 464, 699, 0, 207, 34388, 397, 3, 43, 7554, 308, 716, 5, 13977, 9990, 19511, 0, 0, 25, 4721, 4883, 8487, 42, 0, 0, 18, 20, 158, 3, 34946, 25933, 29196, 2, 0, 0, 319
660,9,14, 1052111,benign, 591, 147, 8563, 0, 5826, 2689, 1, 464, 699, 0, 199, 33225, 397, 3, 43, 6771, 360, 443, 5, 13636, 9669, 19494, 0, 0, 25, 4720, 4880, 8488, 42, 0, 0, 18, 20, 158, 3, 34371, 25762, 29038, 2, 0, 0, 319
661,6,14, 1055370,benign, 690, 149, 8563, 0, 5826, 2694, 3, 464, 699, 0, 194, 33437, 397, 3, 41, 7278, 555, 454, 5, 13825, 9783, 19501, 0, 0, 25, 4801, 4837, 8487, 41, 0, 0, 18, 20, 160, 3, 34393, 25567, 28865, 2, 0, 0, 317
662,5,26, 1056220,benign, 696, 147, 8572, 4, 5826, 2689, 1, 464, 699, 0, 196, 33695, 397, 3, 41, 7611, 311, 453, 5, 13053, 9073, 19455, 0, 0, 25, 4727, 4910, 8489, 42, 0, 0, 18, 20, 167, 3, 34357, 25611, 28883, 2, 0, 0, 317
663,10,25, 1052879,benign, 624, 146, 8574, 0, 5829, 2693, 1, 464, 699, 0, 196, 33563, 397, 3, 41, 7087, 291, 446, 5, 13803, 9462, 19504, 0, 0, 25, 4779, 4942, 8485, 42, 0, 0, 18, 20, 167, 4, 34545, 25449, 28746, 2, 0, 0, 319
664,5,7, 1050793,benign, 544, 147, 8563, 0, 5827, 2686, 1, 464, 699, 0, 197, 33765, 397, 3, 41, 6670, 311, 504, 5, 13437, 9253, 19486, 0, 0, 25, 4763, 4965, 8487, 42, 0, 0, 18, 20, 166, 3, 34061, 25446, 28786, 2, 0, 0, 319
665,6,13, 1055914,benign, 705, 148, 8562, 0, 5823, 2692, 5, 464, 699, 0, 197, 33827, 397, 3, 42, 7125, 277, 505, 5, 13565, 9651, 19495, 0, 0, 25, 4711, 4888, 8491, 42, 0, 0, 18, 20, 166, 3, 34318, 26083, 29626, 2, 0, 0, 387
666,6,22, 1056053,benign, 714, 147, 8579, 0, 5828, 2695, 2, 464, 699, 0, 203, 33950, 397, 3, 42, 7357, 325, 570, 5, 14170, 10081, 19542, 0, 0, 25, 4731, 4874, 8484, 40, 0, 0, 18, 20, 168, 3, 34817, 25566, 28863, 2, 0, 0, 318
667,3,11, 1056031,SDC, 711, 147, 8571, 0, 5821, 2692, 2, 464, 694, 0, 195, 33573, 392, 3, 41, 7279, 303, 444, 5, 13933, 9622, 19491, 0, 0, 25, 4749, 4888, 8490, 42, 0, 0, 18, 20, 387, 2, 34862, 25474, 28769, 2, 0, 0, 321
668,5,9, 1054592,benign, 647, 149, 8570, 4, 5827, 2695, 4, 464, 699, 0, 198, 33356, 397, 3, 41, 6842, 296, 448, 5, 13230, 9235, 19479, 0, 0, 25, 4726, 4873, 8481, 42, 0, 0, 18, 20, 166, 3, 33839, 25621, 29007, 2, 0, 0, 319
669,6,9, 1054812,benign, 649, 147, 8571, 4, 5826, 2695, 1, 464, 699, 0, 197, 32965, 397, 3, 41, 6952, 329, 510, 5, 12990, 8997, 19481, 0, 0, 25, 4772, 4830, 8481, 41, 0, 0, 18, 20, 167, 3, 34274, 25520, 29004, 2, 0, 0, 319
670,6,15, 1056393,benign, 737, 148, 8576, 0, 5823, 2687, 0, 464, 699, 0, 197, 33863, 397, 3, 40, 7235, 302, 430, 5, 13582, 9583, 19499, 0, 0, 25, 4703, 4888, 8482, 42, 0, 0, 18, 20, 158, 4, 34546, 25844, 29135, 2, 0, 0, 513
671,5,5, 1053986,benign, 649, 149, 8576, 0, 5826, 2688, 1, 464, 699, 0, 198, 33693, 397, 3, 42, 6970, 306, 513, 5, 13564, 9598, 19495, 0, 0, 25, 4728, 4893, 8482, 42, 0, 0, 18, 20, 166, 4, 34425, 25612, 28969, 2, 0, 0, 323
672,9,13, 1051346,benign, 561, 147, 8557, 0, 5826, 2690, 3, 464, 699, 0, 195, 33485, 397, 3, 41, 6812, 303, 504, 5, 13171, 9170, 19496, 0, 0, 25, 4957, 4639, 8482, 41, 0, 0, 18, 20, 158, 3, 34290, 25339, 28597, 2, 0, 0, 319
673,7,16, 1051112,benign, 537, 148, 8560, 4, 5827, 2690, 2, 464, 699, 0, 196, 33479, 397, 3, 42, 6653, 300, 635, 5, 13315, 9344, 19485, 0, 0, 25, 4738, 4904, 8483, 42, 0, 0, 18, 20, 158, 3, 34000, 25294, 28561, 2, 0, 0, 317
674,2,29, 1050963,SDC, 567, 146, 8553, 0, 5822, 2696, 1, 464, 694, 0, 194, 33424, 392, 3, 44, 6550, 308, 528, 5, 13705, 9493, 19494, 0, 0, 25, 4763, 4843, 8489, 42, 0, 0, 18, 20, 158, 4, 34308, 25173, 28598, 2, 0, 0, 317
675,4,11, 1054664,benign, 645, 146, 8566, 3, 5823, 2689, 5, 464, 699, 0, 198, 33397, 397, 3, 43, 7068, 328, 442, 5, 13278, 9243, 19482, 0, 0, 25, 4793, 4856, 8486, 42, 0, 0, 18, 20, 158, 4, 33988, 24941, 28224, 2, 0, 0, 431
676,5,13, 1050480,benign, 516, 148, 8555, 4, 5826, 2693, 1, 464, 700, 0, 195, 33584, 397, 3, 43, 6708, 501, 446, 5, 12953, 8861, 19483, 0, 0, 25, 4689, 4922, 8484, 42, 0, 0, 18, 20, 168, 2, 34163, 25143, 28586, 2, 0, 0, 319
677,2,21, 1059118,SDC, 824, 148, 8562, 0, 5820, 2691, 2, 464, 694, 0, 198, 34232, 392, 3, 42, 8011, 302, 443, 5, 14023, 10100, 19527, 0, 0, 25, 4714, 4889, 8489, 42, 0, 0, 18, 20, 160, 3, 34885, 26037, 29315, 2, 0, 0, 384
678,6,30, 1054259,benign, 657, 148, 8567, 0, 5827, 2694, 1, 464, 700, 0, 198, 33442, 397, 3, 44, 7189, 364, 446, 5, 13827, 9813, 19511, 0, 0, 25, 4921, 4722, 8503, 42, 0, 0, 18, 20, 157, 3, 33900, 25705, 28961, 2, 0, 0, 317
679,9,1, 1059183,benign, 809, 148, 8576, 0, 5825, 2689, 1, 464, 699, 0, 199, 34043, 397, 3, 41, 7905, 308, 446, 5, 13989, 9990, 19499, 0, 0, 25, 4776, 4832, 8489, 42, 0, 0, 18, 20, 166, 3, 34850, 26405, 29688, 2, 0, 0, 317
680,9,16, 1055504,benign, 669, 146, 8568, 4, 5820, 2687, 1, 464, 699, 0, 198, 33414, 397, 3, 43, 6995, 297, 445, 5, 13787, 9589, 19480, 0, 0, 25, 4730, 4888, 8489, 42, 0, 0, 18, 20, 159, 3, 34078, 25419, 28729, 2, 0, 0, 321
681,0,25, 1059381,benign, 828, 149, 8585, 0, 5826, 2692, 2, 464, 699, 0, 197, 34505, 397, 3, 43, 7397, 568, 512, 5, 14449, 10480, 19550, 0, 0, 25, 4697, 4915, 8488, 42, 0, 0, 18, 20, 158, 3, 34746, 26125, 29416, 2, 0, 0, 379
682,7,12, 1057268,benign, 729, 149, 8564, 4, 5828, 2694, 1, 464, 699, 0, 198, 34144, 397, 3, 42, 7966, 300, 445, 5, 13303, 9423, 19467, 0, 0, 25, 4738, 4874, 8489, 42, 0, 0, 18, 20, 158, 3, 34672, 25934, 29212, 2, 0, 0, 317
683,3,26, 1051916,benign, 561, 146, 8560, 4, 5824, 2692, 1, 464, 699, 0, 206, 33367, 397, 3, 44, 7120, 356, 443, 5, 13662, 9461, 19470, 0, 0, 25, 4724, 4880, 8481, 42, 0, 0, 18, 20, 159, 3, 33862, 25178, 28469, 2, 0, 0, 323
684,10,22, 1051972,benign, 563, 147, 8561, 4, 5829, 2694, 1, 464, 699, 0, 196, 33395, 397, 3, 41, 7083, 325, 505, 5, 13142, 9161, 19460, 0, 0, 25, 4844, 5013, 8487, 42, 0, 0, 18, 20, 158, 4, 34354, 25244, 28509, 2, 0, 0, 319
685,8,16, 1056498,benign, 737, 148, 8569, 0, 5824, 2692, 5, 464, 699, 0, 195, 33999, 397, 3, 43, 7359, 293, 452, 5, 13751, 9761, 19500, 0, 0, 25, 4868, 4992, 8484, 42, 0, 0, 18, 20, 168, 3, 34559, 25862, 29312, 2, 0, 0, 447
686,4,27, 1054090,benign, 655, 148, 8563, 0, 5826, 2694, 2, 464, 699, 0, 197, 34043, 397, 3, 40, 7351, 303, 451, 5, 14072, 9848, 19496, 0, 0, 25, 5032, 4696, 8482, 42, 0, 0, 18, 20, 153, 2, 33957, 25510, 28782, 1, 0, 0, 316
687,6,4, 1059660,benign, 493, 146, 8553, 3, 5818, 2685, 1, 464, 699, 0, 188, 33048, 397, 3, 40, 6899, 282, 559, 5, 12683, 8706, 19472, 0, 0, 25, 4699, 4926, 8481, 42, 0, 0, 18, 20, 153, 2, 33715, 25435, 28735, 2, 0, 0, 318
688,1,17, 1059901,benign, 810, 148, 8589, 0, 5831, 2699, 1, 464, 699, 0, 204, 34136, 397, 3, 43, 7887, 292, 451, 5, 14074, 10014, 19577, 0, 0, 25, 4731, 4877, 8490, 42, 0, 0, 18, 20, 160, 2, 34585, 25860, 29160, 2, 0, 0, 319
689,9,25, 1053680,benign, 618, 147, 8569, 4, 5827, 2695, 1, 464, 699, 0, 194, 33927, 397, 3, 43, 6697, 348, 523, 5, 13010, 9011, 19476, 0, 0, 25, 4725, 4879, 8487, 42, 0, 0, 18, 20, 167, 3, 34208, 25390, 28704, 2, 0, 0, 319
690,0,14, 1049904,benign, 498, 147, 8562, 4, 5824, 2692, 1, 464, 699, 0, 194, 33344, 397, 3, 41, 6644, 287, 457, 5, 13367, 9313, 19475, 0, 0, 25, 4680, 5264, 8479, 42, 0, 0, 18, 20, 176, 3, 33878, 25058, 28318, 2, 0, 0, 320
691,6,1, 1052043,benign, 603, 148, 8560, 0, 5825, 2687, 2, 464, 699, 0, 202, 33616, 397, 3, 42, 6662, 282, 444, 5, 13319, 9272, 19499, 0, 0, 25, 4729, 4879, 8490, 42, 0, 0, 18, 20, 159, 3, 34241, 25786, 29107, 2, 0, 0, 321
692,4,2, 1052470,benign, 604, 147, 8567, 2, 5826, 2689, 1, 464, 699, 0, 202, 33996, 397, 3, 42, 7151, 328, 443, 5, 13814, 9828, 19499, 0, 0, 25, 4938, 4715, 8486, 42, 0, 0, 18, 20, 157, 4, 34010, 25962, 29241, 1, 0, 0, 319
693,6,5, 1053397,benign, 627, 148, 8562, 0, 5829, 2694, 1, 464, 699, 0, 197, 33574, 397, 3, 42, 7099, 303, 441, 5, 13165, 9126, 19495, 0, 0, 25, 4708, 4892, 8483, 42, 0, 0, 18, 20, 160, 3, 34162, 25559, 28842, 2, 0, 0, 319
694,5,3, 1058672,benign, 773, 146, 8579, 4, 5825, 2691, 1, 464, 699, 0, 197, 33500, 397, 3, 41, 7246, 338, 443, 5, 13567, 9597, 19453, 0, 0, 25, 4741, 4904, 8486, 42, 0, 0, 18, 20, 211, 3, 34376, 25838, 29271, 2, 0, 0, 317
695,5,14, 1058206,benign, 792, 150, 8568, 0, 5828, 2695, 1, 464, 699, 0, 196, 33705, 397, 3, 41, 7346, 421, 442, 5, 13955, 9957, 19502, 0, 0, 25, 4746, 4909, 8479, 42, 0, 0, 18, 20, 158, 4, 34892, 25813, 29101, 2, 0, 0, 320
696,4,22, 1051739,benign, 585, 147, 8568, 0, 5823, 2689, 1, 464, 699, 0, 203, 33691, 397, 3, 39, 6697, 337, 497, 5, 13313, 9348, 19501, 0, 0, 25, 4704, 4892, 8489, 42, 0, 0, 18, 20, 152, 2, 33920, 25729, 29011, 1, 0, 0, 319
697,2,30, 1049923,SDC, 519, 149, 8549, 0, 5822, 2698, 1, 464, 694, 0, 195, 33469, 392, 3, 41, 6568, 525, 525, 5, 13321, 9321, 19476, 0, 0, 25, 4465, 5171, 8472, 42, 0, 0, 18, 20, 199, 3, 34215, 25256, 28760, 2, 0, 0, 317
698,9,21, 1053768,benign, 618, 146, 8566, 4, 5826, 2691, 1, 464, 699, 0, 200, 33587, 397, 3, 42, 7048, 283, 450, 5, 12751, 8767, 19464, 0, 0, 25, 4737, 4904, 8489, 42, 0, 0, 19, 23, 169, 3, 34053, 25186, 28469, 2, 0, 0, 317
699,6,7, 1051572,benign, 551, 148, 8567, 4, 5832, 2689, 2, 464, 699, 0, 207, 33416, 397, 3, 42, 6645, 299, 449, 5, 12953, 8901, 19474, 0, 0, 25, 4985, 5043, 8488, 42, 0, 0, 18, 20, 158, 4, 33724, 24757, 28041, 2, 0, 0, 317
700,8,5, 1054795,benign, 683, 147, 8560, 0, 5825, 2689, 2, 464, 699, 0, 197, 33992, 397, 3, 41, 7244, 297, 445, 5, 13698, 9720, 19494, 0, 0, 25, 4704, 4902, 8482, 42, 0, 0, 18, 20, 158, 4, 34449, 25604, 28890, 2, 0, 0, 316
701,6,31, 1052627,benign, 607, 148, 8562, 0, 5829, 2693, 2, 464, 699, 0, 197, 33844, 397, 3, 43, 6800, 303, 674, 5, 13180, 9188, 19517, 0, 0, 25, 4711, 4892, 8491, 42, 0, 0, 18, 20, 158, 4, 34191, 25441, 28729, 2, 0, 0, 379
702,2,6, 1052019,SDC, 583, 149, 8556, 0, 5821, 2692, 1, 464, 694, 0, 194, 33982, 392, 3, 42, 6759, 329, 442, 5, 13497, 9528, 19487, 0, 0, 25, 4717, 4876, 8479, 42, 0, 0, 18, 20, 386, 4, 34444, 25252, 28643, 2, 0, 0, 317
703,7,24, 1052391,benign, 599, 149, 8568, 0, 5828, 2694, 2, 464, 699, 0, 200, 34015, 397, 3, 41, 6969, 328, 457, 5, 13859, 9833, 19519, 0, 0, 25, 4788, 4927, 8484, 42, 0, 0, 19, 23, 168, 4, 34205, 25483, 28755, 2, 0, 0, 319
704,7,18, 1054271,benign, 663, 149, 8558, 0, 5821, 2683, 2, 464, 699, 0, 197, 33879, 397, 3, 43, 6802, 314, 443, 5, 13544, 9531, 19500, 0, 0, 25, 4710, 4886, 8486, 42, 0, 0, 18, 20, 158, 3, 34617, 25763, 29134, 2, 0, 0, 319
705,10,16, 1052883,benign, 621, 149, 8560, 0, 5825, 2690, 1, 464, 699, 0, 195, 33642, 397, 3, 42, 6918, 303, 446, 5, 13538, 9649, 19501, 0, 0, 25, 4839, 5015, 8483, 41, 0, 0, 18, 20, 158, 3, 34459, 25668, 28948, 2, 0, 0, 323
706,8,13, 1058427,benign, 783, 147, 8566, 0, 5825, 2694, 1, 464, 699, 0, 204, 34113, 397, 3, 41, 7488, 300, 541, 5, 13867, 9904, 19500, 0, 0, 25, 4774, 4832, 8482, 41, 0, 0, 18, 20, 382, 2, 34776, 26326, 29626, 2, 0, 0, 319
707,0,25, 1052984,benign, 594, 146, 8565, 4, 5826, 2688, 2, 464, 699, 0, 201, 33331, 397, 3, 43, 7284, 319, 443, 5, 12999, 9001, 19478, 0, 0, 25, 4737, 4860, 8478, 42, 0, 0, 18, 20, 158, 4, 33691, 25598, 28885, 2, 0, 0, 319
708,7,20, 1050365,benign, 546, 149, 8550, 0, 5825, 2694, 3, 464, 700, 0, 194, 33205, 397, 3, 41, 6761, 309, 446, 5, 12896, 8975, 19511, 0, 0, 25, 4709, 4898, 8488, 42, 0, 0, 18, 20, 159, 3, 33913, 25728, 29026, 2, 0, 0, 318
709,1,19, 1056303,benign, 720, 150, 8575, 0, 5833, 2691, 2, 464, 699, 0, 200, 33869, 397, 3, 41, 7487, 301, 581, 5, 13699, 9687, 19490, 0, 0, 25, 4753, 4894, 8482, 42, 0, 0, 18, 20, 158, 3, 34367, 25709, 29185, 2, 0, 0, 317
710,3,25, 1051996,benign, 564, 148, 8560, 4, 5828, 2694, 4, 464, 699, 0, 196, 33223, 397, 3, 41, 7298, 279, 502, 5, 13049, 8870, 19484, 0, 0, 25, 4727, 4869, 8483, 42, 0, 0, 18, 20, 158, 3, 33813, 25288, 28565, 2, 0, 0, 319
711,4,3, 1051834,benign, 599, 148, 8557, 1, 5829, 2687, 1, 464, 699, 0, 200, 33322, 397, 3, 41, 7038, 322, 445, 6, 13363, 9216, 19501, 0, 0, 25, 4782, 4940, 8482, 42, 0, 0, 18, 20, 159, 4, 34164, 25634, 28924, 2, 0, 0, 320
712,7,11, 1053542,benign, 643, 146, 8564, 0, 5824, 2689, 1, 464, 699, 0, 195, 33398, 397, 3, 41, 6813, 309, 442, 5, 13819, 9840, 19501, 0, 0, 25, 4721, 4891, 8472, 42, 0, 0, 18, 20, 160, 3, 34364, 25429, 28726, 2, 0, 0, 319
713,3,2, 1052765,benign, 619, 148, 8568, 0, 5829, 2691, 1, 464, 699, 0, 203, 33393, 397, 3, 42, 6842, 319, 505, 5, 13752, 9776, 19604, 0, 0, 25, 4728, 4870, 8482, 42, 0, 0, 18, 20, 385, 3, 34336, 25797, 29313, 2, 0, 0, 316
714,6,23, 1055895,benign, 710, 147, 8576, 0, 5829, 2695, 1, 464, 699, 0, 193, 33729, 397, 3, 41, 7420, 391, 444, 5, 13507, 9602, 19498, 0, 0, 25, 4729, 4878, 8488, 42, 0, 0, 18, 20, 160, 3, 34260, 25968, 29265, 2, 0, 0, 319
715,7,12, 1057578,benign, 770, 149, 8573, 0, 5829, 2694, 2, 464, 699, 0, 192, 34366, 397, 3, 41, 7183, 306, 709, 5, 14017, 10029, 19539, 0, 0, 25, 4965, 4636, 8486, 42, 0, 0, 18, 20, 159, 3, 34333, 26263, 29537, 2, 0, 0, 316
716,3,22, 1054615,SDC, 667, 148, 8558, 0, 5820, 2697, 2, 464, 694, 0, 196, 33716, 392, 3, 41, 7292, 333, 445, 5, 13411, 9465, 19499, 0, 0, 25, 4759, 4949, 8486, 42, 0, 0, 18, 20, 167, 4, 34203, 25617, 29103, 2, 0, 0, 328
717,1,21, 1051958,benign, 584, 148, 8556, 0, 5829, 2694, 2, 464, 699, 0, 196, 33893, 397, 3, 41, 7203, 320, 446, 5, 13870, 9929, 19484, 0, 0, 25, 4699, 4903, 8482, 42, 0, 0, 18, 20, 158, 3, 34578, 25542, 28873, 2, 0, 0, 401
718,3,1, 1054091,benign, 647, 148, 8563, 0, 5824, 2692, 1, 464, 699, 0, 195, 33509, 397, 3, 41, 7153, 313, 505, 5, 13472, 9520, 19497, 0, 0, 25, 4832, 4900, 8499, 42, 0, 0, 18, 20, 158, 3, 34187, 25582, 28853, 2, 0, 0, 319
719,9,11, 1058000,benign, 752, 146, 8575, 4, 5825, 2690, 1, 464, 699, 0, 197, 33727, 397, 3, 41, 7380, 302, 456, 5, 13452, 9445, 19475, 0, 0, 25, 4735, 4869, 8488, 42, 0, 0, 18, 20, 159, 3, 34340, 25577, 28862, 2, 0, 0, 317
720,0,19, 1060383,benign, 534, 147, 8565, 0, 5829, 2693, 2, 464, 699, 0, 190, 33381, 397, 3, 40, 6317, 290, 581, 5, 12896, 8904, 19522, 0, 0, 25, 4529, 5120, 8468, 36, 0, 0, 18, 20, 152, 2, 33800, 25455, 28786, 2, 0, 0, 317
721,2,13, 1052714,SDC, 622, 147, 8562, 0, 5819, 2689, 1, 464, 694, 0, 194, 33780, 392, 3, 41, 6855, 280, 672, 5, 13453, 9486, 19506, 0, 0, 25, 4774, 4816, 8486, 42, 0, 0, 18, 20, 158, 3, 34219, 25462, 28907, 2, 0, 0, 317
722,8,21, 1050761,benign, 544, 146, 8558, 0, 5829, 2694, 1, 464, 699, 0, 199, 33600, 397, 3, 42, 6528, 312, 503, 5, 13421, 9240, 19507, 0, 0, 25, 4707, 4894, 8479, 42, 0, 0, 18, 20, 160, 3, 34170, 25318, 28682, 2, 0, 0, 320
723,3,30, 1055418,SDC, 699, 148, 8571, 0, 5825, 2691, 5, 464, 694, 0, 201, 33883, 392, 3, 41, 7249, 314, 445, 5, 13602, 9621, 19487, 0, 0, 25, 4941, 4647, 8481, 42, 0, 0, 18, 20, 159, 3, 34293, 25845, 29128, 2, 0, 0, 317
724,2,5, 1056993,SDC, 740, 147, 8575, 0, 5822, 2693, 4, 464, 694, 0, 196, 34072, 392, 3, 43, 7289, 318, 505, 5, 13954, 9925, 19493, 0, 0, 25, 4739, 4859, 8477, 42, 0, 0, 18, 20, 157, 3, 34088, 26010, 29303, 2, 0, 0, 319
725,10,19, 1058764,benign, 778, 147, 8571, 4, 5827, 2688, 2, 464, 699, 0, 199, 33675, 397, 3, 41, 7674, 327, 459, 5, 13647, 9657, 19473, 0, 0, 25, 4732, 4913, 8484, 42, 0, 0, 18, 20, 158, 3, 34307, 26039, 29454, 2, 0, 0, 319
726,7,17, 1053990,benign, 665, 148, 8569, 0, 5827, 2683, 2, 464, 699, 0, 192, 33978, 397, 3, 41, 7221, 287, 446, 5, 13643, 9729, 19506, 0, 0, 25, 4770, 4970, 8483, 42, 0, 0, 18, 20, 158, 4, 34200, 25945, 29222, 2, 0, 0, 319
727,3,12, 1051455,SDC, 572, 147, 8554, 1, 5823, 2691, 1, 464, 694, 0, 195, 33530, 392, 3, 43, 6879, 323, 455, 5, 13700, 9731, 19478, 0, 0, 25, 4839, 5025, 8500, 42, 0, 0, 18, 20, 159, 3, 34361, 25646, 28972, 2, 0, 0, 319
728,9,19, 1056289,benign, 720, 148, 8577, 0, 5827, 2691, 2, 464, 699, 0, 197, 34101, 397, 3, 41, 7143, 300, 503, 5, 13697, 9764, 19497, 0, 0, 25, 5029, 4701, 8493, 42, 0, 0, 18, 20, 160, 3, 34612, 25966, 29411, 2, 0, 0, 316
729,2,3, 1057379,SDC, 762, 149, 8569, 0, 5820, 2698, 1, 464, 694, 0, 194, 33840, 392, 3, 44, 7817, 339, 536, 5, 13762, 9887, 19486, 0, 0, 25, 4769, 4952, 8486, 42, 0, 0, 18, 20, 166, 3, 34728, 25668, 28943, 2, 0, 0, 319
730,10,20, 1056542,benign, 730, 148, 8552, 0, 5828, 2693, 2, 464, 699, 0, 204, 34042, 397, 3, 43, 7419, 294, 442, 5, 13695, 9721, 19506, 0, 0, 25, 4726, 4883, 8486, 42, 0, 0, 18, 20, 158, 4, 34568, 25694, 28959, 2, 0, 0, 319
731,7,17, 1053276,benign, 602, 148, 8569, 4, 5830, 2694, 3, 464, 699, 0, 194, 33763, 397, 3, 43, 6920, 293, 447, 5, 13339, 9357, 19479, 0, 0, 25, 4776, 4829, 8486, 42, 0, 0, 18, 20, 158, 4, 34141, 25042, 28418, 2, 0, 0, 317
732,4,23, 1054837,benign, 672, 147, 8563, 0, 5826, 2693, 1, 464, 700, 0, 198, 33335, 397, 3, 42, 6851, 308, 437, 5, 13453, 9458, 19511, 0, 0, 25, 4720, 4883, 8484, 42, 0, 0, 18, 20, 153, 2, 33994, 25719, 28997, 1, 0, 0, 317
733,1,5, 1051414,SDC, 568, 146, 8561, 0, 5825, 2697, 2, 464, 694, 0, 196, 33385, 392, 3, 41, 6605, 339, 453, 5, 13425, 9518, 19489, 0, 0, 25, 4815, 4980, 8488, 42, 0, 0, 18, 20, 159, 3, 33964, 25283, 28787, 2, 0, 0, 443
734,8,25, 1054026,benign, 658, 148, 8570, 0, 5826, 2689, 1, 464, 699, 0, 196, 33962, 397, 3, 41, 6749, 299, 444, 5, 13861, 9857, 19502, 0, 0, 25, 4726, 4915, 8489, 42, 0, 0, 18, 20, 169, 3, 34598, 25811, 29149, 2, 0, 0, 319
735,6,8, 1054490,benign, 670, 148, 8572, 0, 5830, 2688, 2, 464, 699, 0, 196, 33520, 397, 3, 42, 7256, 345, 503, 5, 13742, 9718, 19515, 0, 0, 25, 4733, 4916, 8495, 41, 0, 0, 18, 20, 158, 4, 34356, 25932, 29208, 2, 0, 0, 321
736,5,4, 1054971,benign, 685, 148, 8564, 0, 5823, 2688, 2, 464, 699, 0, 201, 33678, 397, 3, 43, 7484, 311, 448, 5, 13697, 9684, 19494, 0, 0, 25, 4724, 4881, 8478, 42, 0, 0, 18, 20, 159, 3, 34403, 25626, 28907, 2, 0, 0, 384
737,4,16, 1051921,benign, 585, 146, 8558, 0, 5827, 2695, 1, 464, 699, 0, 197, 33769, 397, 3, 41, 6888, 323, 504, 5, 13375, 9399, 19508, 0, 0, 25, 4725, 4873, 8470, 42, 0, 0, 18, 20, 152, 2, 33703, 25544, 29089, 1, 0, 0, 319
738,8,3, 1050183,benign, 532, 150, 8547, 0, 5824, 2691, 1, 464, 699, 0, 200, 33166, 397, 3, 41, 7145, 311, 573, 5, 13268, 9275, 19489, 0, 0, 25, 4924, 5149, 8482, 42, 0, 0, 18, 20, 199, 3, 33898, 25371, 28703, 2, 0, 0, 316
739,1,4, 1056559,benign, 732, 150, 8564, 0, 5826, 2692, 1, 464, 700, 0, 195, 34171, 397, 3, 41, 7282, 304, 445, 5, 13940, 9903, 19495, 0, 0, 25, 4978, 4660, 8484, 41, 0, 0, 18, 20, 158, 3, 34787, 25750, 29004, 2, 0, 0, 316
740,5,6, 1051648,benign, 552, 146, 8568, 4, 5831, 2691, 2, 464, 699, 0, 195, 33250, 397, 3, 41, 6527, 304, 444, 5, 13359, 9330, 19473, 0, 0, 25, 4769, 4836, 8479, 42, 0, 0, 18, 20, 158, 3, 34076, 25317, 28593, 2, 0, 0, 411
741,0,3, 1058394,benign, 800, 150, 8559, 0, 5817, 2690, 2, 464, 699, 0, 195, 34325, 397, 3, 42, 7562, 514, 444, 5, 14105, 10117, 19550, 0, 0, 25, 4803, 4839, 8479, 42, 0, 0, 18, 20, 158, 4, 34435, 26202, 29708, 2, 0, 0, 319
742,10,24, 1055444,benign, 673, 147, 8575, 4, 5828, 2696, 2, 464, 699, 0, 198, 33481, 397, 3, 41, 7368, 337, 445, 5, 13436, 9495, 19471, 0, 0, 25, 4717, 4892, 8482, 42, 0, 0, 18, 20, 166, 3, 34318, 25780, 29262, 2, 0, 0, 319
743,4,8, 1055087,benign, 700, 147, 8582, 1, 5830, 2692, 2, 464, 699, 0, 204, 33815, 397, 3, 41, 6835, 294, 437, 5, 13729, 9708, 19500, 0, 0, 25, 4735, 4914, 8490, 42, 0, 0, 18, 20, 152, 2, 34266, 25814, 29083, 2, 0, 0, 316
744,0,23, 1056913,benign, 746, 146, 8577, 0, 5828, 2694, 1, 464, 699, 0, 198, 33967, 397, 3, 41, 7334, 528, 453, 5, 13752, 9734, 19501, 0, 0, 25, 4802, 4923, 8481, 41, 0, 0, 18, 20, 158, 2, 34332, 25435, 28720, 2, 0, 0, 384
745,1,15, 1059869,benign, 812, 146, 8568, 0, 5831, 2696, 1, 464, 699, 0, 198, 33953, 397, 3, 42, 7527, 253, 452, 5, 13766, 9828, 19537, 0, 0, 25, 4731, 4873, 8488, 42, 0, 0, 18, 20, 158, 4, 35076, 26254, 29537, 1, 0, 0, 317
746,6,16, 1055251,benign, 686, 148, 8570, 0, 5827, 2690, 1, 464, 699, 0, 195, 33832, 397, 3, 41, 7312, 298, 445, 5, 13492, 9531, 19494, 0, 0, 25, 4774, 4831, 8488, 42, 0, 0, 18, 20, 160, 3, 34239, 25792, 29278, 2, 0, 0, 316
747,10,12, 1052592,benign, 583, 147, 8572, 4, 5835, 2692, 2, 464, 699, 0, 198, 33137, 397, 3, 41, 6912, 314, 442, 5, 13055, 8979, 19470, 0, 0, 25, 4729, 4872, 8488, 42, 0, 0, 18, 20, 157, 3, 33853, 25503, 28918, 2, 0, 0, 319
748,5,16, 1059348,benign, 788, 149, 8574, 4, 5824, 2694, 1, 464, 699, 0, 196, 33556, 397, 3, 41, 7893, 399, 444, 5, 13939, 9888, 19485, 0, 0, 25, 4715, 4885, 8482, 42, 0, 0, 18, 20, 158, 3, 34394, 25582, 28861, 2, 0, 0, 443
749,8,19, 1053643,benign, 651, 147, 8563, 0, 5827, 2695, 1, 464, 699, 0, 197, 33792, 397, 3, 41, 6946, 322, 442, 5, 13377, 9397, 19534, 0, 0, 25, 4733, 4878, 8484, 42, 0, 0, 18, 20, 160, 3, 34190, 25959, 29249, 2, 0, 0, 319
750,0,22, 1057728,benign, 742, 146, 8566, 4, 5827, 2689, 1, 464, 699, 0, 197, 33774, 397, 3, 41, 7319, 281, 455, 5, 13485, 9487, 19490, 0, 0, 25, 4731, 4881, 8485, 42, 0, 0, 18, 20, 160, 3, 34640, 25597, 29081, 2, 0, 0, 317
751,4,11, 1057898,benign, 785, 146, 8569, 1, 5829, 2697, 2, 464, 699, 0, 203, 34048, 397, 3, 42, 7632, 328, 438, 6, 13919, 9963, 19500, 0, 0, 25, 4728, 4884, 8484, 42, 0, 0, 18, 20, 153, 2, 34608, 25932, 29246, 1, 0, 0, 320
752,10,4, 1053360,benign, 602, 146, 8565, 4, 5827, 2685, 1, 464, 699, 0, 200, 33305, 397, 3, 41, 6892, 306, 446, 5, 13162, 9152, 19467, 0, 0, 25, 4743, 4863, 8487, 42, 0, 0, 18, 20, 160, 3, 34213, 25598, 28878, 2, 0, 0, 317
753,2,4, 1054114,SDC, 667, 149, 8558, 0, 5822, 2691, 3, 464, 694, 0, 196, 34047, 392, 3, 43, 7031, 308, 443, 5, 13480, 9429, 19488, 0, 0, 25, 4708, 4896, 8483, 42, 0, 0, 18, 20, 160, 3, 34289, 25859, 29121, 2, 0, 0, 316
754,2,29, 1058920,benign, 781, 149, 8578, 4, 5827, 2693, 1, 464, 699, 0, 199, 33603, 397, 3, 41, 7629, 337, 504, 5, 14037, 9852, 19467, 0, 0, 25, 4717, 4878, 8479, 42, 0, 0, 18, 20, 159, 3, 34410, 26031, 29300, 2, 0, 0, 320
755,1,29, 1058286,benign, 798, 148, 8583, 0, 5825, 2688, 1, 464, 699, 0, 205, 34224, 397, 3, 41, 8034, 293, 443, 5, 13837, 9881, 19482, 0, 0, 25, 4771, 4951, 8489, 42, 0, 0, 18, 20, 158, 3, 34866, 26149, 29435, 2, 0, 0, 386
756,10,17, 1055912,benign, 688, 147, 8570, 4, 5827, 2694, 1, 464, 699, 0, 195, 33354, 397, 3, 41, 7313, 337, 446, 5, 13694, 9693, 19472, 0, 0, 25, 4715, 4880, 8479, 42, 0, 0, 18, 20, 158, 2, 34279, 25404, 28671, 2, 0, 0, 320
757,4,5, 1059532,benign, 489, 146, 8554, 0, 5824, 2692, 1, 464, 699, 0, 199, 32908, 397, 3, 40, 6401, 316, 440, 5, 12852, 8864, 19484, 0, 0, 25, 4471, 5181, 8492, 36, 0, 0, 18, 20, 153, 2, 33491, 25079, 28331, 1, 0, 0, 320
758,2,16, 1050729,SDC, 566, 147, 8558, 0, 5827, 2688, 2, 464, 694, 0, 200, 33763, 392, 3, 44, 6823, 316, 444, 5, 13290, 9362, 19468, 0, 0, 25, 4850, 4921, 8485, 42, 0, 0, 18, 20, 159, 3, 34434, 25478, 28773, 2, 0, 0, 317
759,3,10, 1056175,benign, 712, 148, 8568, 0, 5819, 2686, 4, 464, 699, 0, 196, 33766, 397, 3, 42, 7310, 328, 442, 5, 14049, 9880, 19494, 0, 0, 25, 4815, 4823, 8491, 42, 0, 0, 18, 20, 160, 3, 34328, 26036, 29369, 2, 0, 0, 320
760,0,11, 1054054,benign, 650, 148, 8572, 0, 5828, 2694, 1, 464, 699, 0, 200, 33304, 397, 3, 42, 7341, 327, 465, 5, 13343, 9344, 19487, 0, 0, 25, 4714, 4895, 8482, 42, 0, 0, 18, 20, 153, 2, 33918, 25512, 28810, 2, 0, 0, 333
761,10,19, 1052186,benign, 590, 148, 8566, 0, 5827, 2685, 2, 464, 699, 0, 199, 33689, 397, 3, 41, 7242, 334, 505, 5, 13537, 9577, 19509, 0, 0, 25, 4726, 4874, 8484, 42, 0, 0, 18, 20, 336, 3, 34652, 25529, 28931, 2, 0, 0, 317
762,5,1, 1054193,benign, 655, 147, 8571, 0, 5827, 2695, 2, 464, 699, 0, 196, 33972, 397, 3, 43, 7430, 329, 450, 5, 13538, 9547, 19510, 0, 0, 25, 4778, 4825, 8479, 41, 0, 0, 18, 20, 158, 3, 34125, 25914, 29198, 2, 0, 0, 319
763,10,31, 1058996,benign, 783, 148, 8578, 4, 5826, 2694, 2, 464, 699, 0, 199, 34255, 397, 3, 42, 7576, 302, 556, 5, 13627, 9673, 19478, 0, 0, 25, 5016, 4708, 8484, 42, 0, 0, 18, 20, 158, 4, 34683, 25618, 29039, 2, 0, 0, 319
764,5,6, 1056294,benign, 733, 147, 8578, 0, 5825, 2692, 1, 464, 699, 0, 196, 33745, 397, 3, 41, 7606, 555, 453, 5, 13880, 9699, 19504, 0, 0, 25, 4779, 4822, 8489, 42, 0, 0, 18, 20, 158, 3, 34179, 25727, 29102, 2, 0, 0, 384
765,10,28, 1056342,benign, 721, 147, 8576, 0, 5825, 2686, 2, 464, 699, 0, 195, 33933, 397, 3, 43, 7739, 330, 455, 5, 13948, 9850, 19499, 0, 0, 25, 5059, 4686, 8486, 42, 0, 0, 18, 20, 196, 2, 34180, 25838, 29112, 2, 0, 0, 326
766,2,31, 1058675,SDC, 787, 149, 8577, 0, 5821, 2693, 1, 464, 694, 0, 196, 34200, 392, 3, 42, 7414, 299, 455, 5, 14229, 10121, 19523, 0, 0, 25, 4729, 4870, 8484, 40, 0, 0, 18, 20, 158, 4, 34913, 26284, 29600, 2, 0, 0, 375
767,8,18, 1050915,benign, 556, 149, 8556, 0, 5826, 2688, 0, 464, 699, 0, 199, 33224, 397, 3, 43, 6860, 319, 448, 5, 13189, 9190, 19488, 0, 0, 25, 4794, 4930, 8480, 42, 0, 0, 18, 20, 158, 4, 34334, 25395, 28700, 2, 0, 0, 317
768,1,19, 1056861,benign, 741, 149, 8562, 0, 5826, 2688, 1, 464, 699, 0, 195, 34274, 397, 3, 41, 7573, 310, 445, 5, 13669, 9743, 19505, 0, 0, 25, 4726, 4880, 8472, 41, 0, 0, 18, 20, 168, 3, 34735, 25832, 29121, 2, 0, 0, 319
769,6,26, 1050691,benign, 548, 147, 8561, 0, 5829, 2693, 5, 464, 699, 0, 201, 33449, 397, 3, 41, 7114, 409, 573, 5, 13292, 9367, 19485, 0, 0, 25, 5039, 5223, 8480, 41, 0, 0, 18, 20, 160, 4, 34238, 25880, 29231, 2, 0, 0, 319
770,0,10, 1056110,benign, 722, 147, 8567, 0, 5829, 2689, 2, 464, 699, 0, 201, 33649, 397, 3, 41, 7323, 317, 448, 5, 13525, 9545, 19501, 0, 0, 25, 4787, 4822, 8476, 42, 0, 0, 18, 20, 158, 4, 34665, 26054, 29489, 2, 0, 0, 321
771,7,24, 1060232,benign, 498, 147, 8557, 3, 5828, 2695, 2, 464, 699, 0, 191, 33296, 397, 3, 40, 6391, 293, 441, 5, 12852, 8900, 19471, 0, 0, 25, 4568, 5156, 8478, 34, 0, 0, 18, 20, 153, 2, 33526, 24921, 28270, 2, 0, 0, 317
772,7,6, 1050543,benign, 554, 147, 8554, 0, 5827, 2691, 1, 464, 699, 0, 196, 33677, 397, 3, 44, 6655, 313, 443, 5, 13692, 9520, 19525, 0, 0, 25, 4708, 4894, 8478, 42, 0, 0, 18, 20, 158, 4, 34200, 25358, 28681, 2, 0, 0, 386
773,0,10, 1058440,benign, 767, 147, 8571, 4, 5824, 2684, 2, 464, 699, 0, 196, 33749, 397, 3, 42, 7351, 283, 448, 5, 14197, 10232, 19529, 0, 0, 25, 4730, 4872, 8488, 42, 0, 0, 18, 20, 158, 3, 34427, 25628, 28898, 2, 0, 0, 378
774,8,17, 1050090,benign, 541, 148, 8550, 0, 5828, 2696, 1, 464, 699, 0, 195, 33647, 397, 3, 42, 6683, 335, 451, 5, 13550, 9560, 19497, 0, 0, 25, 4832, 5029, 8482, 42, 0, 0, 18, 20, 166, 2, 34359, 25553, 28838, 2, 0, 0, 320
775,6,17, 1054146,benign, 654, 148, 8574, 0, 5830, 2694, 2, 464, 699, 0, 202, 33769, 397, 3, 41, 7456, 317, 444, 5, 13644, 9715, 19505, 0, 0, 25, 4727, 4876, 8482, 42, 0, 0, 18, 20, 205, 3, 33971, 25449, 28637, 2, 0, 0, 317
776,10,14, 1058211,benign, 783, 149, 8568, 0, 5829, 2690, 1, 464, 699, 0, 194, 34246, 397, 3, 44, 7801, 277, 504, 5, 14031, 10026, 19551, 0, 0, 25, 4723, 4892, 8480, 42, 0, 0, 18, 20, 160, 3, 34464, 26401, 29743, 2, 0, 0, 377
777,10,9, 1055642,benign, 703, 147, 8571, 0, 5826, 2688, 1, 464, 699, 0, 194, 33724, 397, 3, 42, 6815, 310, 735, 5, 13381, 9409, 19494, 0, 0, 25, 4784, 4822, 8478, 41, 0, 0, 18, 20, 158, 4, 34565, 25532, 28839, 2, 0, 0, 320
778,1,0, 1053354,SDC, 637, 148, 8556, 0, 5820, 2686, 1, 464, 694, 0, 206, 33255, 392, 3, 43, 7197, 323, 510, 6, 13402, 9380, 19482, 0, 0, 25, 4766, 4829, 8488, 42, 0, 0, 18, 20, 160, 3, 34052, 25671, 29028, 2, 0, 0, 317
779,3,28, 1054451,SDC, 659, 147, 8559, 0, 5820, 2690, 2, 464, 694, 0, 203, 33801, 392, 3, 41, 6908, 291, 447, 5, 13500, 9491, 19491, 0, 0, 25, 4757, 4844, 8480, 42, 0, 0, 18, 20, 157, 2, 34455, 25999, 29274, 2, 0, 0, 319
780,9,8, 1055454,benign, 697, 150, 8559, 0, 5823, 2690, 1, 464, 699, 0, 204, 33622, 397, 3, 42, 7077, 289, 450, 5, 13501, 9521, 19495, 0, 0, 25, 4780, 4937, 8485, 42, 0, 0, 18, 20, 160, 3, 35067, 25875, 29161, 2, 0, 0, 317
781,4,5, 1055073,benign, 689, 148, 8581, 1, 5830, 2689, 1, 464, 699, 0, 196, 33937, 397, 3, 41, 6863, 302, 446, 5, 13505, 9567, 19508, 0, 0, 25, 4726, 4889, 8488, 42, 0, 0, 18, 20, 158, 4, 34293, 25944, 29228, 2, 0, 0, 319
782,1,14, 1050360,benign, 512, 147, 8556, 4, 5824, 2688, 2, 464, 699, 0, 203, 33514, 397, 3, 42, 6604, 278, 442, 5, 13007, 8988, 19476, 0, 0, 25, 4769, 4966, 8486, 42, 0, 0, 18, 20, 158, 3, 33494, 25286, 28685, 2, 0, 0, 316
783,1,8, 1053097,benign, 636, 149, 8565, 0, 5831, 2687, 1, 464, 699, 0, 200, 33427, 397, 3, 41, 6837, 306, 446, 5, 13596, 9591, 19485, 0, 0, 25, 4725, 4878, 8488, 42, 0, 0, 18, 20, 159, 3, 34355, 25231, 28513, 2, 0, 0, 317
784,9,2, 1059044,benign, 786, 147, 8586, 4, 5825, 2689, 1, 464, 699, 0, 195, 33611, 397, 3, 43, 7701, 314, 512, 5, 13643, 9710, 19486, 0, 0, 25, 4725, 4877, 8476, 42, 0, 0, 18, 20, 158, 4, 34766, 25943, 29251, 2, 0, 0, 316
785,9,10, 1050748,benign, 523, 146, 8555, 4, 5829, 2694, 2, 464, 699, 0, 194, 33394, 397, 3, 41, 6509, 320, 534, 5, 13106, 9124, 19478, 0, 0, 25, 4891, 4708, 8492, 42, 0, 0, 18, 20, 158, 3, 33760, 24946, 28220, 2, 0, 0, 384
786,0,27, 1052408,benign, 575, 146, 8568, 4, 5826, 2689, 2, 464, 699, 0, 204, 33858, 397, 3, 41, 6905, 312, 443, 5, 13492, 9486, 19473, 0, 0, 25, 4942, 4713, 8481, 42, 0, 0, 18, 20, 157, 3, 34046, 25367, 28664, 2, 0, 0, 386
787,8,20, 1054779,benign, 684, 146, 8564, 0, 5824, 2689, 2, 464, 699, 0, 198, 34071, 397, 3, 42, 7162, 286, 456, 5, 14032, 10046, 19529, 0, 0, 25, 4703, 4912, 8492, 42, 0, 0, 18, 20, 159, 4, 34756, 25577, 28848, 2, 0, 0, 317
788,5,9, 1051401,benign, 570, 149, 8565, 0, 5827, 2695, 2, 464, 699, 0, 201, 33848, 397, 3, 41, 7020, 326, 446, 5, 13114, 9214, 19490, 0, 0, 25, 4710, 4896, 8490, 42, 0, 0, 18, 20, 160, 3, 33789, 25354, 28663, 2, 0, 0, 317
789,5,29, 1057917,benign, 776, 149, 8568, 0, 5822, 2685, 1, 464, 699, 0, 195, 33919, 397, 3, 43, 7369, 324, 445, 5, 13616, 9666, 19490, 0, 0, 25, 4713, 4887, 8490, 42, 0, 0, 18, 20, 184, 3, 34407, 25791, 29068, 2, 0, 0, 319
790,0,17, 1053045,benign, 621, 149, 8557, 0, 5827, 2692, 1, 464, 699, 0, 198, 33506, 397, 3, 41, 7277, 530, 445, 5, 13489, 9592, 19506, 0, 0, 25, 4729, 4915, 8489, 42, 0, 0, 19, 23, 162, 3, 34436, 25939, 29320, 2, 0, 0, 319
791,8,30, 1051378,benign, 571, 149, 8560, 0, 5824, 2693, 2, 464, 699, 0, 201, 33318, 397, 3, 42, 7024, 485, 502, 5, 13172, 9166, 19498, 0, 0, 25, 4733, 4908, 8487, 42, 0, 0, 18, 20, 158, 3, 33865, 25602, 29064, 2, 0, 0, 447
792,8,8, 1058740,benign, 774, 147, 8584, 4, 5830, 2693, 2, 464, 699, 0, 207, 33927, 397, 3, 43, 7489, 268, 447, 5, 13907, 9884, 19476, 0, 0, 25, 4717, 4886, 8479, 42, 0, 0, 18, 20, 167, 3, 34664, 25803, 29069, 2, 0, 0, 377
793,3,0, 1056313,benign, 736, 148, 8571, 0, 5827, 2695, 1, 464, 699, 0, 194, 33851, 397, 3, 41, 7446, 296, 445, 5, 14081, 10088, 19552, 0, 0, 25, 5027, 4704, 8486, 42, 0, 0, 18, 20, 158, 4, 34664, 25709, 29073, 2, 0, 0, 320
794,1,9, 1051072,benign, 537, 148, 8562, 4, 5826, 2690, 1, 464, 699, 0, 198, 32856, 397, 3, 42, 6767, 287, 453, 5, 13295, 9346, 19483, 0, 0, 25, 4784, 4822, 8483, 42, 0, 0, 18, 20, 160, 3, 33840, 24920, 28202, 2, 0, 0, 393
795,4,5, 1051682,benign, 588, 150, 8556, 0, 5819, 2687, 1, 464, 699, 0, 202, 33452, 397, 3, 41, 6984, 282, 453, 5, 13482, 9487, 19495, 0, 0, 25, 4784, 4952, 8482, 42, 0, 0, 18, 20, 160, 3, 34108, 25512, 28807, 1, 0, 0, 384
796,1,28, 1059208,benign, 792, 149, 8576, 4, 5826, 2693, 1, 464, 699, 0, 205, 34092, 397, 3, 43, 7596, 275, 451, 5, 13686, 9815, 19470, 0, 0, 25, 4726, 4887, 8483, 42, 0, 0, 18, 20, 158, 4, 34155, 25708, 29014, 2, 0, 0, 318
797,5,8, 1051205,benign, 573, 148, 8560, 0, 5827, 2689, 2, 464, 699, 0, 196, 33590, 397, 3, 41, 6835, 293, 442, 5, 13171, 9212, 19500, 0, 0, 25, 4701, 4892, 8482, 42, 0, 0, 18, 20, 158, 4, 34188, 25649, 28985, 2, 0, 0, 376
798,0,10, 1056116,benign, 693, 148, 8576, 4, 5833, 2700, 1, 464, 699, 0, 197, 33560, 397, 3, 41, 7371, 288, 443, 5, 13468, 9385, 19486, 0, 0, 25, 4781, 4949, 8485, 42, 0, 0, 18, 20, 158, 3, 34138, 25556, 28819, 2, 0, 0, 319
799,10,4, 1054840,benign, 654, 147, 8565, 4, 5825, 2688, 1, 464, 699, 0, 205, 33678, 397, 3, 41, 7350, 294, 444, 5, 13220, 9290, 19474, 0, 0, 25, 4730, 4882, 8478, 42, 0, 0, 18, 20, 166, 3, 34156, 25461, 28804, 2, 0, 0, 316
800,4,11, 1058170,benign, 790, 146, 8579, 1, 5827, 2690, 1, 464, 699, 0, 200, 34343, 397, 3, 41, 7196, 310, 675, 5, 14037, 10022, 19546, 0, 0, 25, 4717, 4875, 8479, 42, 0, 0, 18, 20, 153, 2, 34591, 25825, 29125, 1, 0, 0, 317
801,0,29, 1058540,benign, 766, 147, 8568, 4, 5818, 2684, 2, 464, 699, 0, 194, 33869, 397, 3, 42, 7813, 304, 511, 5, 13877, 9863, 19467, 0, 0, 25, 4856, 4996, 8496, 42, 0, 0, 18, 20, 159, 3, 34308, 26026, 29314, 2, 0, 0, 316
802,9,27, 1057986,benign, 786, 148, 8574, 0, 5829, 2690, 2, 464, 699, 0, 196, 34480, 397, 3, 43, 7434, 287, 447, 5, 14338, 10358, 19598, 0, 0, 25, 4920, 4689, 8482, 42, 0, 0, 18, 20, 192, 2, 34567, 25757, 29049, 2, 0, 0, 319
803,4,14, 1051042,benign, 568, 148, 8561, 0, 5829, 2695, 2, 464, 699, 0, 197, 33500, 397, 3, 40, 6782, 295, 438, 5, 13143, 9178, 19481, 0, 0, 25, 5023, 4734, 8487, 42, 0, 0, 18, 20, 152, 2, 34244, 25564, 28827, 1, 0, 0, 317
804,10,6, 1059814,benign, 511, 148, 8551, 0, 5817, 2690, 2, 464, 699, 0, 189, 32858, 397, 3, 40, 6602, 372, 438, 5, 12912, 8955, 19485, 0, 0, 25, 4456, 5180, 8475, 42, 0, 0, 18, 20, 158, 3, 33720, 25220, 28518, 1, 0, 0, 317
805,3,12, 1056005,benign, 709, 148, 8556, 0, 5825, 2692, 2, 464, 699, 0, 200, 33741, 397, 3, 41, 7207, 308, 443, 5, 13904, 9677, 19494, 0, 0, 25, 4786, 4936, 8483, 42, 0, 0, 18, 20, 159, 3, 34622, 25736, 29009, 2, 0, 0, 385
806,8,8, 1057955,benign, 774, 148, 8575, 0, 5828, 2694, 3, 464, 699, 0, 197, 33890, 397, 3, 43, 7568, 310, 572, 5, 14054, 10073, 19536, 0, 0, 25, 4723, 4884, 8481, 42, 0, 0, 18, 20, 299, 3, 34874, 26136, 29510, 2, 0, 0, 316
807,4,4, 1054154,benign, 656, 149, 8564, 1, 5827, 2693, 2, 464, 699, 0, 195, 33971, 397, 3, 41, 7013, 288, 445, 5, 13425, 9447, 19510, 0, 0, 25, 4716, 4897, 8484, 42, 0, 0, 18, 20, 166, 4, 34677, 25771, 29151, 2, 0, 0, 378
808,6,14, 1060055,benign, 807, 148, 8570, 0, 5825, 2696, 1, 464, 699, 0, 202, 34078, 397, 3, 41, 7713, 291, 509, 5, 13918, 9891, 19515, 0, 0, 25, 4469, 5157, 8497, 42, 0, 0, 18, 20, 166, 2, 34565, 25885, 29160, 2, 0, 0, 322
809,7,27, 1055465,benign, 698, 150, 8569, 0, 5828, 2690, 2, 464, 699, 0, 194, 33950, 397, 3, 41, 7353, 303, 507, 5, 13063, 9180, 19508, 0, 0, 25, 4789, 4852, 8479, 42, 0, 0, 18, 20, 158, 3, 34432, 25743, 29137, 2, 0, 0, 378
810,5,27, 1050376,benign, 514, 148, 8564, 4, 5828, 2691, 1, 464, 699, 0, 199, 33079, 397, 3, 41, 6719, 343, 568, 5, 13069, 9136, 19487, 0, 0, 25, 4821, 4912, 8481, 42, 0, 0, 18, 20, 168, 3, 33794, 25285, 28663, 2, 0, 0, 316
811,9,24, 1054417,benign, 674, 148, 8560, 0, 5822, 2685, 3, 464, 699, 0, 195, 33820, 397, 3, 43, 6969, 267, 445, 5, 13593, 9562, 19487, 0, 0, 25, 5054, 4715, 8489, 42, 0, 0, 18, 20, 265, 3, 34653, 25807, 29211, 2, 0, 0, 317
812,3,18, 1052395,SDC, 606, 149, 8561, 0, 5824, 2695, 1, 464, 695, 0, 210, 33807, 392, 3, 44, 7144, 324, 444, 5, 13599, 9614, 19501, 0, 0, 25, 4729, 4865, 8483, 42, 0, 0, 18, 20, 173, 2, 34440, 25634, 28917, 2, 0, 0, 319
813,8,23, 1052198,benign, 588, 148, 8563, 0, 5828, 2686, 1, 464, 699, 0, 198, 33805, 397, 3, 41, 7233, 269, 442, 5, 13313, 9315, 19512, 0, 0, 25, 4720, 4890, 8489, 42, 0, 0, 18, 20, 159, 3, 34625, 25469, 28734, 2, 0, 0, 317
814,10,6, 1059893,benign, 808, 148, 8574, 0, 5828, 2698, 2, 464, 700, 0, 202, 34349, 397, 3, 43, 7481, 378, 444, 5, 13732, 9759, 19522, 0, 0, 25, 4945, 4658, 8494, 42, 0, 0, 18, 20, 159, 3, 34256, 25718, 29005, 2, 0, 0, 323
815,10,21, 1050853,benign, 552, 147, 8560, 0, 5827, 2690, 1, 464, 699, 0, 196, 33291, 397, 3, 42, 6907, 296, 442, 5, 13393, 9358, 19495, 0, 0, 25, 4769, 4835, 8485, 42, 0, 0, 18, 20, 158, 4, 34331, 25489, 28836, 2, 0, 0, 376
816,1,4, 1050532,benign, 519, 147, 8570, 4, 5827, 2693, 1, 464, 699, 0, 199, 33444, 397, 3, 43, 6789, 289, 513, 5, 13069, 9023, 19465, 0, 0, 25, 4761, 4976, 8481, 41, 0, 0, 18, 20, 160, 3, 34313, 24924, 28263, 2, 0, 0, 317
817,7,1, 1054412,benign, 641, 148, 8570, 4, 5826, 2694, 1, 464, 699, 0, 204, 33584, 397, 3, 42, 7217, 324, 503, 5, 13234, 9327, 19490, 0, 0, 25, 4775, 4824, 8486, 42, 0, 0, 18, 20, 158, 3, 33753, 25255, 28653, 2, 0, 0, 594
818,4,16, 1060280,benign, 506, 148, 8562, 4, 5824, 2691, 1, 464, 699, 0, 188, 33146, 397, 3, 40, 6423, 251, 448, 5, 12906, 8932, 19480, 0, 0, 25, 4631, 4975, 8468, 34, 0, 0, 18, 20, 158, 3, 33835, 25360, 28647, 1, 0, 0, 316
819,8,1, 1051604,benign, 552, 147, 8556, 4, 5831, 2696, 1, 464, 699, 0, 196, 33257, 397, 3, 41, 6514, 289, 505, 6, 13120, 9153, 19484, 0, 0, 25, 4758, 4838, 8487, 42, 0, 0, 18, 20, 160, 3, 33914, 25471, 29025, 2, 0, 0, 375
820,2,4, 1059178,SDC, 827, 147, 8581, 0, 5824, 2696, 1, 464, 694, 0, 200, 33909, 392, 3, 41, 7453, 346, 448, 5, 13872, 9901, 19472, 0, 0, 25, 4717, 4904, 8490, 42, 0, 0, 18, 20, 168, 4, 34627, 25880, 29176, 2, 0, 0, 316
821,0,10, 1060242,benign, 528, 148, 8546, 0, 5823, 2686, 1, 464, 699, 0, 192, 33636, 397, 3, 40, 6414, 321, 572, 5, 13140, 9026, 19480, 0, 0, 25, 4439, 5173, 8473, 34, 0, 0, 18, 20, 158, 2, 33791, 25461, 28996, 2, 0, 0, 319
822,4,17, 1059442,benign, 816, 147, 8575, 0, 5821, 2687, 2, 464, 699, 0, 197, 34083, 397, 3, 41, 7990, 288, 439, 5, 14278, 10260, 19558, 0, 0, 25, 4751, 4898, 8490, 42, 0, 0, 19, 23, 321, 2, 34654, 25769, 29251, 1, 0, 0, 317
823,8,19, 1056093,benign, 718, 148, 8563, 0, 5825, 2688, 1, 464, 699, 0, 200, 33817, 397, 3, 43, 7544, 328, 459, 5, 13514, 9595, 19525, 0, 0, 25, 4745, 4879, 8489, 42, 0, 0, 18, 20, 158, 3, 34866, 25870, 29153, 2, 0, 0, 319
824,7,11, 1055107,benign, 692, 148, 8566, 0, 5827, 2694, 1, 464, 699, 0, 201, 33825, 397, 3, 42, 6997, 319, 451, 5, 13486, 9530, 19488, 0, 0, 25, 4786, 4977, 8486, 42, 0, 0, 18, 20, 160, 3, 34563, 25586, 28867, 2, 0, 0, 376
825,2,15, 1053500,SDC, 613, 148, 8561, 4, 5824, 2697, 2, 464, 694, 0, 198, 33635, 392, 3, 41, 7030, 311, 509, 5, 13376, 9361, 19459, 0, 0, 25, 4840, 5002, 8478, 42, 0, 0, 18, 20, 168, 3, 34335, 25484, 28988, 2, 0, 0, 439
826,10,7, 1056518,benign, 738, 148, 8574, 0, 5829, 2694, 1, 464, 699, 0, 194, 34115, 397, 3, 41, 7198, 320, 444, 5, 13454, 9511, 19503, 0, 0, 25, 4764, 4886, 8485, 40, 0, 0, 18, 20, 160, 4, 34809, 25780, 29084, 2, 0, 0, 375
827,0,4, 1057003,benign, 746, 148, 8574, 0, 5825, 2690, 5, 464, 699, 0, 195, 33922, 397, 3, 42, 7664, 297, 523, 5, 13773, 9809, 19516, 0, 0, 25, 4736, 4871, 8502, 42, 0, 0, 18, 20, 159, 3, 35010, 25851, 29430, 2, 0, 0, 317
828,8,3, 1058843,benign, 793, 147, 8570, 0, 5828, 2690, 1, 464, 699, 0, 195, 33710, 397, 3, 41, 7435, 318, 442, 5, 13872, 9825, 19494, 0, 0, 25, 4811, 4787, 8479, 42, 0, 0, 18, 20, 160, 3, 34358, 25933, 29197, 2, 0, 0, 319
829,2,15, 1050627,benign, 541, 148, 8549, 0, 5823, 2688, 1, 464, 699, 0, 203, 33548, 397, 3, 41, 6449, 298, 519, 5, 13059, 9090, 19507, 0, 0, 25, 4706, 4889, 8484, 42, 0, 0, 18, 20, 159, 3, 34002, 25331, 28587, 2, 0, 0, 317
830,5,11, 1056004,benign, 688, 148, 8570, 4, 5820, 2689, 2, 464, 699, 0, 198, 33900, 397, 3, 42, 7375, 512, 654, 5, 13505, 9535, 19477, 0, 0, 25, 4835, 4883, 8476, 42, 0, 0, 18, 20, 160, 3, 34097, 25789, 29078, 2, 0, 0, 317
831,3,3, 1059679,benign, 526, 146, 8544, 0, 5817, 2687, 3, 464, 700, 0, 191, 33503, 397, 3, 41, 6437, 461, 442, 5, 13088, 8961, 19521, 0, 0, 25, 4528, 5249, 8478, 42, 0, 0, 18, 20, 153, 2, 33791, 25384, 28682, 1, 0, 0, 379
832,1,23, 1059715,benign, 434, 150, 8550, 0, 5817, 2694, 2, 464, 699, 0, 192, 32866, 397, 3, 41, 6480, 290, 452, 5, 13006, 8964, 19467, 0, 0, 25, 4632, 5226, 8473, 42, 0, 0, 18, 20, 158, 3, 33489, 24867, 28020, 1, 0, 0, 385
833,0,4, 1056220,benign, 694, 147, 8566, 4, 5821, 2687, 1, 464, 699, 0, 195, 33809, 397, 3, 41, 7534, 323, 446, 5, 13376, 9380, 19488, 0, 0, 25, 4766, 4952, 8488, 42, 0, 0, 18, 20, 158, 3, 34441, 25661, 28949, 2, 0, 0, 316
834,1,13, 1056353,benign, 734, 147, 8573, 0, 5825, 2693, 2, 464, 699, 0, 199, 33878, 397, 3, 43, 7373, 320, 649, 5, 13862, 9748, 19495, 0, 0, 25, 4713, 4887, 8485, 42, 0, 0, 18, 20, 157, 2, 34752, 26015, 29282, 2, 0, 0, 319
835,7,14, 1058351,benign, 787, 148, 8570, 0, 5826, 2692, 3, 464, 699, 0, 203, 34393, 397, 3, 41, 7163, 495, 442, 5, 14220, 10318, 19555, 0, 0, 25, 4854, 4870, 8483, 41, 0, 0, 18, 20, 166, 3, 34929, 25827, 29113, 2, 0, 0, 391
836,3,4, 1052510,benign, 595, 148, 8561, 0, 5828, 2689, 1, 464, 699, 0, 198, 33498, 397, 3, 42, 6774, 328, 446, 5, 13221, 9244, 19500, 0, 0, 25, 4759, 4891, 8486, 42, 0, 0, 18, 20, 158, 4, 34287, 25869, 29148, 2, 0, 0, 319
837,1,20, 1058391,benign, 782, 148, 8582, 0, 5833, 2690, 2, 464, 699, 0, 194, 33819, 397, 3, 42, 7550, 528, 444, 5, 13986, 9830, 19489, 0, 0, 25, 4776, 4951, 8481, 42, 0, 0, 18, 20, 157, 4, 34990, 25890, 29356, 2, 0, 0, 316
838,4,3, 1051289,benign, 559, 151, 8546, 1, 5824, 2693, 2, 464, 699, 0, 204, 33751, 397, 3, 41, 6907, 272, 447, 6, 13194, 9252, 19490, 0, 0, 25, 4778, 4860, 8487, 42, 0, 0, 18, 20, 157, 4, 34324, 25345, 28584, 2, 0, 0, 317
839,6,28, 1057284,benign, 729, 148, 8575, 4, 5823, 2691, 1, 464, 699, 0, 198, 33924, 397, 3, 41, 7524, 319, 504, 5, 13428, 9459, 19501, 0, 0, 25, 4839, 5000, 8491, 42, 0, 0, 18, 20, 160, 3, 34358, 25504, 28991, 2, 0, 0, 317
840,7,31, 1056829,benign, 753, 147, 8576, 0, 5829, 2694, 1, 464, 699, 0, 199, 33659, 397, 3, 42, 7748, 302, 444, 5, 13352, 9445, 19496, 0, 0, 25, 4790, 4937, 8481, 42, 0, 0, 18, 20, 160, 4, 34369, 25892, 29223, 2, 0, 0, 316
841,7,31, 1055225,benign, 685, 148, 8565, 0, 5827, 2691, 3, 464, 699, 0, 200, 33808, 397, 3, 41, 7387, 309, 446, 5, 13412, 9424, 19494, 0, 0, 25, 4717, 4884, 8486, 42, 0, 0, 18, 20, 158, 3, 34636, 25790, 29180, 2, 0, 0, 317
842,6,12, 1058978,benign, 805, 149, 8582, 0, 5830, 2686, 1, 464, 699, 0, 197, 33888, 397, 3, 41, 7637, 261, 445, 5, 13600, 9655, 19495, 0, 0, 25, 4784, 4937, 8484, 42, 0, 0, 18, 20, 160, 3, 34412, 25804, 29096, 2, 0, 0, 317
843,2,25, 1051621,benign, 572, 146, 8562, 0, 5827, 2694, 2, 464, 699, 0, 198, 33657, 397, 3, 43, 6689, 304, 444, 5, 13788, 9791, 19497, 0, 0, 25, 4726, 4917, 8486, 42, 0, 0, 18, 20, 159, 4, 34391, 25282, 28539, 2, 0, 0, 318
844,0,30, 1054221,benign, 656, 146, 8572, 0, 5826, 2690, 5, 464, 699, 0, 200, 33822, 397, 3, 44, 7438, 575, 442, 5, 13755, 9737, 19504, 0, 0, 25, 4713, 4892, 8486, 42, 0, 0, 18, 20, 157, 3, 34453, 25687, 28985, 2, 0, 0, 317
845,4,22, 1058222,benign, 783, 148, 8587, 0, 5830, 2694, 4, 464, 699, 0, 196, 34419, 397, 3, 40, 7475, 373, 436, 5, 13771, 9791, 19511, 0, 0, 25, 4801, 4841, 8479, 42, 0, 0, 18, 20, 153, 2, 34513, 26253, 29531, 1, 0, 0, 317
846,5,12, 1051184,benign, 540, 149, 8559, 4, 5827, 2689, 1, 464, 699, 0, 197, 33500, 397, 3, 41, 6831, 314, 505, 5, 12807, 8854, 19463, 0, 0, 25, 4712, 4890, 8486, 42, 0, 0, 18, 20, 198, 3, 33715, 25039, 28346, 2, 0, 0, 540
847,4,23, 1056857,benign, 766, 163, 8574, 0, 5827, 2692, 2, 464, 699, 0, 201, 33924, 397, 3, 42, 7466, 332, 438, 5, 14000, 10024, 19555, 0, 0, 25, 4792, 4814, 8475, 42, 0, 0, 18, 20, 153, 2, 34982, 26109, 29384, 1, 0, 0, 316
848,0,27, 1055749,benign, 702, 148, 8572, 0, 5830, 2691, 2, 464, 699, 0, 196, 33710, 397, 3, 41, 7317, 306, 531, 5, 14157, 10121, 19534, 0, 0, 25, 4722, 4877, 8488, 42, 0, 0, 18, 20, 169, 4, 34563, 25640, 28940, 2, 0, 0, 317
849,10,21, 1060392,benign, 787, 149, 8573, 4, 5831, 2691, 2, 464, 699, 0, 201, 34358, 397, 3, 44, 7195, 290, 444, 5, 14019, 10036, 19543, 0, 0, 25, 4791, 4945, 8493, 42, 0, 0, 18, 20, 164, 2, 34680, 25601, 28921, 2, 0, 0, 380
850,4,14, 1054698,benign, 683, 148, 8567, 0, 5825, 2689, 5, 464, 699, 0, 201, 33583, 397, 3, 41, 7318, 303, 437, 5, 13654, 9710, 19503, 0, 0, 25, 4776, 4830, 8480, 42, 0, 0, 18, 20, 153, 2, 34198, 25486, 28759, 1, 0, 0, 317
851,2,28, 1050087,SDC, 523, 147, 8546, 0, 5817, 2694, 1, 464, 694, 0, 197, 33707, 392, 3, 41, 7002, 327, 581, 5, 13046, 9077, 19464, 0, 0, 25, 4693, 4898, 8478, 42, 0, 0, 18, 20, 166, 2, 34335, 25329, 28588, 2, 0, 0, 319
852,2,23, 1055244,benign, 664, 149, 8561, 4, 5819, 2687, 2, 464, 699, 0, 201, 33994, 397, 3, 43, 7054, 284, 445, 5, 13111, 9162, 19472, 0, 0, 25, 4795, 4926, 8487, 42, 0, 0, 18, 20, 158, 3, 33988, 25379, 28712, 2, 0, 0, 389
853,3,5, 1057390,SDC, 770, 148, 8572, 0, 5823, 2697, 3, 464, 694, 0, 196, 34011, 392, 3, 43, 7251, 313, 442, 5, 13582, 9604, 19480, 0, 0, 25, 4717, 4873, 8494, 42, 0, 0, 18, 20, 159, 3, 34420, 25612, 29074, 2, 0, 0, 392
854,2,16, 1054516,benign, 642, 147, 8568, 4, 5822, 2686, 2, 464, 700, 0, 198, 33710, 397, 3, 44, 6977, 306, 442, 5, 13414, 9462, 19470, 0, 0, 25, 4716, 4887, 8484, 42, 0, 0, 18, 20, 160, 3, 33918, 25618, 28979, 2, 0, 0, 316
855,7,15, 1055021,benign, 695, 148, 8577, 0, 5829, 2695, 1, 464, 699, 0, 195, 33667, 397, 3, 45, 6907, 309, 443, 5, 13866, 9859, 19514, 0, 0, 25, 4712, 4889, 8482, 42, 0, 0, 18, 20, 158, 3, 34582, 25829, 29248, 2, 0, 0, 375
856,9,19, 1050330,benign, 529, 147, 8556, 0, 5825, 2688, 1, 464, 699, 0, 198, 33170, 397, 3, 43, 6809, 531, 445, 5, 13277, 9294, 19499, 0, 0, 25, 4751, 4846, 8482, 42, 0, 0, 18, 20, 158, 4, 34228, 25605, 28884, 2, 0, 0, 321
857,0,19, 1050698,SDC, 542, 148, 8552, 0, 5818, 2691, 2, 464, 694, 0, 194, 33426, 392, 3, 43, 6872, 310, 453, 5, 13348, 9397, 19509, 0, 0, 25, 4763, 4962, 8487, 42, 0, 0, 18, 20, 216, 3, 34042, 25352, 28639, 2, 0, 0, 318
858,5,5, 1055798,benign, 699, 148, 8576, 0, 5826, 2694, 2, 464, 699, 0, 202, 33729, 397, 3, 41, 6837, 309, 512, 5, 13430, 9439, 19508, 0, 0, 25, 4711, 4896, 8475, 42, 0, 0, 18, 20, 158, 4, 34685, 25780, 29124, 2, 0, 0, 379
859,1,26, 1057895,SDC, 781, 148, 8565, 0, 5819, 2695, 1, 464, 694, 0, 193, 33938, 392, 3, 41, 7437, 307, 613, 5, 13919, 9948, 19492, 0, 0, 25, 4801, 4945, 8489, 42, 0, 0, 18, 20, 159, 3, 34669, 25779, 29080, 2, 0, 0, 317
860,10,30, 1056685,benign, 725, 147, 8580, 0, 5830, 2695, 2, 464, 699, 0, 197, 34187, 397, 3, 42, 7401, 302, 612, 5, 13803, 9896, 19497, 0, 0, 25, 4728, 4877, 8489, 42, 0, 0, 18, 20, 157, 2, 34750, 25597, 29042, 2, 0, 0, 403
861,7,7, 1050222,benign, 533, 148, 8559, 0, 5827, 2694, 1, 464, 699, 0, 195, 33503, 397, 3, 41, 6905, 283, 454, 5, 13549, 9584, 19507, 0, 0, 25, 4758, 4963, 8485, 42, 0, 0, 19, 23, 160, 4, 33925, 25229, 28520, 2, 0, 0, 456
862,5,21, 1058039,benign, 779, 149, 8576, 0, 5826, 2693, 1, 464, 699, 0, 194, 34027, 397, 3, 41, 7574, 309, 448, 5, 14156, 9895, 19502, 0, 0, 25, 4792, 4928, 8484, 41, 0, 0, 18, 20, 158, 2, 34569, 26283, 29595, 2, 0, 0, 319
863,3,9, 1059636,benign, 499, 148, 8549, 0, 5825, 2687, 2, 464, 699, 0, 192, 33170, 397, 3, 40, 6253, 320, 563, 5, 12984, 8759, 19477, 0, 0, 25, 4581, 5282, 8479, 36, 0, 0, 18, 20, 158, 3, 33958, 25311, 28597, 1, 0, 0, 318
864,3,25, 1051287,benign, 577, 149, 8560, 0, 5825, 2686, 1, 464, 699, 0, 197, 33415, 397, 3, 42, 7348, 338, 447, 5, 13407, 9406, 19491, 0, 0, 25, 4961, 4638, 8481, 42, 0, 0, 18, 20, 160, 3, 33990, 25304, 28647, 2, 0, 0, 317
865,0,13, 1050642,benign, 540, 148, 8557, 0, 5827, 2683, 1, 464, 699, 0, 195, 33268, 397, 3, 44, 6554, 477, 442, 5, 13061, 9050, 19501, 0, 0, 25, 4715, 4911, 8487, 42, 0, 0, 18, 20, 157, 4, 34296, 25355, 28635, 2, 0, 0, 386
866,8,11, 1051728,benign, 555, 148, 8563, 4, 5821, 2688, 1, 464, 699, 0, 200, 33163, 397, 3, 42, 6704, 314, 668, 5, 13361, 9371, 19479, 0, 0, 25, 4757, 4890, 8485, 42, 0, 0, 18, 20, 264, 3, 34103, 25414, 28721, 2, 0, 0, 319
867,5,29, 1051857,benign, 596, 149, 8564, 0, 5829, 2693, 1, 464, 699, 0, 196, 33696, 397, 3, 43, 6540, 446, 443, 5, 13362, 9172, 19516, 0, 0, 25, 4746, 4899, 8483, 42, 0, 0, 19, 23, 160, 3, 33977, 25469, 28956, 2, 0, 0, 376
868,1,20, 1059980,benign, 788, 146, 8582, 4, 5834, 2700, 1, 464, 699, 0, 200, 34032, 397, 3, 44, 7837, 284, 445, 5, 13649, 9764, 19490, 0, 0, 25, 4733, 4878, 8485, 41, 0, 0, 18, 20, 158, 3, 34604, 25985, 29335, 2, 0, 0, 319
869,9,18, 1052169,benign, 610, 148, 8563, 0, 5824, 2689, 1, 464, 699, 0, 192, 33884, 397, 3, 43, 6772, 295, 443, 5, 13856, 9706, 19506, 0, 0, 25, 4718, 4888, 8484, 42, 0, 0, 18, 20, 364, 4, 34313, 25363, 28771, 2, 0, 0, 319
870,1,10, 1049981,benign, 522, 148, 8555, 0, 5826, 2693, 1, 464, 699, 0, 197, 33550, 397, 3, 42, 7014, 319, 452, 5, 13450, 9257, 19504, 0, 0, 25, 4460, 5141, 8484, 42, 0, 0, 18, 20, 166, 2, 34321, 25360, 28769, 2, 0, 0, 317
871,4,27, 1053769,benign, 645, 147, 8561, 0, 5829, 2689, 2, 464, 699, 0, 197, 33723, 397, 3, 39, 7076, 322, 452, 5, 13169, 9261, 19503, 0, 0, 25, 4773, 4951, 8485, 41, 0, 0, 18, 20, 153, 2, 33923, 25816, 29150, 1, 0, 0, 385
872,10,18, 1051494,benign, 569, 148, 8563, 0, 5823, 2690, 2, 464, 699, 0, 198, 34003, 397, 3, 41, 6719, 301, 446, 5, 13587, 9604, 19501, 0, 0, 25, 4976, 4665, 8482, 42, 0, 0, 18, 20, 170, 3, 33824, 25374, 28845, 2, 0, 0, 317
873,0,4, 1056848,benign, 715, 147, 8577, 4, 5825, 2689, 2, 464, 699, 0, 197, 33934, 397, 3, 44, 7292, 267, 523, 5, 13685, 9772, 19482, 0, 0, 25, 4798, 4943, 8492, 42, 0, 0, 18, 20, 389, 3, 34444, 25606, 28859, 2, 0, 0, 319
874,7,30, 1050900,benign, 543, 161, 8560, 4, 5825, 2694, 2, 464, 699, 0, 193, 33248, 397, 3, 41, 6833, 292, 442, 5, 13057, 8909, 19464, 0, 0, 25, 4798, 4969, 8479, 42, 0, 0, 18, 20, 160, 4, 33736, 25269, 28678, 2, 0, 0, 319
875,2,3, 1059593,SDC, 530, 147, 8551, 1, 5818, 2688, 1, 464, 694, 1, 191, 33683, 392, 3, 44, 6414, 340, 536, 7, 13102, 8969, 19492, 0, 0, 25, 4505, 5082, 8470, 36, 0, 0, 18, 20, 244, 7, 33853, 24961, 28285, 2, 0, 0, 375
876,4,9, 1056161,benign, 724, 148, 8569, 1, 5829, 2693, 2, 464, 699, 0, 197, 34226, 397, 3, 40, 7190, 327, 438, 5, 13693, 9748, 19505, 0, 0, 25, 4715, 4884, 8477, 42, 0, 0, 18, 20, 154, 2, 34282, 25376, 28616, 2, 0, 0, 405
877,6,15, 1055700,benign, 679, 148, 8576, 4, 5827, 2689, 1, 464, 699, 0, 197, 33784, 397, 3, 41, 7305, 442, 446, 5, 13629, 9499, 19483, 0, 0, 25, 4791, 4850, 8485, 42, 0, 0, 18, 20, 162, 2, 34065, 25583, 28823, 2, 0, 0, 317
878,1,16, 1054494,benign, 678, 148, 8558, 0, 5825, 2695, 2, 464, 699, 0, 198, 33513, 397, 3, 42, 7351, 324, 504, 5, 13673, 9753, 19502, 0, 0, 25, 4773, 4828, 8485, 42, 0, 0, 18, 20, 158, 4, 34271, 25906, 29425, 2, 0, 0, 378
879,3,24, 1060214,crash/hangs,-,-,-,-,-,-,-,-,-,-,-,-,-,-,-,-,-,-,-,-,-,-,-,-,-,-,-,-,-,-,-,-,-,-,-,-,-,-,-,-,-,-
880,6,31, 1052255,benign, 517, 22, 8595, 0, 5864, 2702, 5, 464, 699, 0, 196, 33488, 397, 3, 42, 6792, 442, 570, 5, 13402, 9434, 19503, 0, 0, 25, 4772, 4826, 8486, 42, 0, 0, 18, 20, 160, 3, 34119, 25615, 28872, 2, 0, 0, 317
881,2,0, 1056327,benign, 724, 148, 8573, 0, 5825, 2692, 2, 464, 700, 0, 196, 33832, 397, 3, 41, 7231, 310, 444, 5, 13781, 9820, 19509, 0, 0, 25, 4944, 5078, 8484, 42, 0, 0, 18, 20, 157, 3, 34553, 25950, 29417, 2, 0, 0, 379
882,1,20, 1057675,SDC, 765, 146, 8578, 0, 5822, 2692, 1, 464, 694, 0, 208, 34015, 392, 3, 41, 7357, 301, 444, 5, 13994, 10070, 19535, 0, 0, 25, 4737, 4892, 8485, 42, 0, 0, 18, 20, 166, 3, 35125, 26206, 29567, 2, 0, 0, 317
883,7,26, 1054631,benign, 673, 147, 8562, 0, 5826, 2689, 1, 464, 699, 0, 194, 33825, 397, 3, 41, 6987, 500, 446, 5, 13684, 9585, 19509, 0, 0, 25, 4971, 5142, 8487, 42, 0, 0, 18, 20, 160, 3, 34216, 25728, 29072, 2, 0, 0, 319
884,8,11, 1051202,benign, 568, 148, 8563, 0, 5828, 2692, 1, 464, 699, 0, 196, 33460, 397, 3, 41, 6908, 308, 443, 5, 13592, 9593, 19504, 0, 0, 25, 4899, 4701, 8483, 42, 0, 0, 18, 20, 160, 3, 34204, 25261, 28703, 2, 0, 0, 322
885,1,2, 1060243,benign, 519, 146, 8552, 0, 5827, 2680, 1, 464, 699, 0, 189, 33352, 397, 3, 43, 6291, 289, 452, 5, 13419, 9338, 19517, 0, 0, 25, 4506, 5107, 8479, 36, 0, 0, 18, 20, 158, 4, 34110, 25043, 28356, 2, 0, 0, 319
886,8,28, 1053059,benign, 625, 148, 8564, 0, 5821, 2689, 1, 464, 699, 0, 206, 34081, 397, 3, 42, 7167, 291, 443, 5, 13371, 9391, 19516, 0, 0, 25, 4799, 4984, 8477, 41, 0, 0, 18, 20, 167, 3, 34440, 25394, 28664, 2, 0, 0, 317
887,6,25, 1055361,benign, 687, 147, 8567, 0, 5827, 2689, 2, 464, 699, 0, 198, 33504, 397, 3, 42, 7187, 335, 446, 6, 13954, 9931, 19496, 0, 0, 25, 4812, 4833, 8486, 42, 0, 0, 18, 20, 206, 4, 34038, 25704, 28999, 2, 0, 0, 319
888,5,13, 1052225,benign, 588, 147, 8569, 0, 5829, 2695, 2, 464, 699, 0, 195, 33538, 397, 3, 42, 6656, 300, 442, 5, 13402, 9281, 19503, 0, 0, 25, 4741, 4903, 8484, 42, 0, 0, 18, 20, 158, 3, 34221, 25273, 28745, 2, 0, 0, 317
889,1,14, 1051934,benign, 584, 149, 8567, 0, 5828, 2686, 2, 464, 699, 0, 198, 33415, 397, 3, 43, 7163, 348, 444, 5, 13378, 9424, 19491, 0, 0, 25, 4979, 4662, 8482, 42, 0, 0, 18, 20, 157, 4, 34465, 25539, 28870, 2, 0, 0, 317
890,3,14, 1054753,benign, 667, 148, 8563, 0, 5825, 2690, 2, 464, 699, 0, 198, 33966, 397, 3, 41, 7033, 510, 442, 5, 13509, 9488, 19494, 0, 0, 25, 4718, 4897, 8493, 42, 0, 0, 18, 20, 160, 3, 34458, 25741, 29092, 2, 0, 0, 317
891,8,25, 1052230,benign, 589, 149, 8562, 0, 5824, 2693, 1, 464, 699, 0, 198, 33374, 397, 3, 41, 6979, 291, 669, 5, 13359, 9337, 19496, 0, 0, 25, 4852, 4886, 8482, 42, 0, 0, 18, 20, 168, 3, 34547, 25470, 28746, 2, 0, 0, 377
892,5,28, 1056134,benign, 719, 147, 8567, 0, 5829, 2693, 1, 464, 699, 0, 196, 33589, 397, 3, 42, 7504, 321, 446, 5, 13452, 9470, 19489, 0, 0, 25, 5034, 4695, 8479, 42, 0, 0, 18, 20, 158, 3, 34264, 25905, 29372, 2, 0, 0, 317
893,3,1, 1058000,benign, 751, 147, 8581, 4, 5827, 2693, 2, 464, 699, 0, 197, 33589, 397, 3, 41, 7645, 297, 446, 5, 13437, 9431, 19472, 0, 0, 25, 4723, 4873, 8482, 42, 0, 0, 19, 23, 170, 3, 34212, 25685, 28966, 2, 0, 0, 376
894,4,0, 1050288,benign, 509, 150, 8555, 4, 5827, 2694, 1, 464, 699, 0, 193, 32956, 397, 3, 41, 6719, 370, 455, 5, 13168, 9222, 19467, 0, 0, 25, 4817, 5043, 8491, 42, 0, 0, 18, 20, 172, 4, 34151, 25222, 28554, 2, 0, 0, 385
895,7,25, 1053282,benign, 641, 147, 8568, 0, 5827, 2692, 2, 464, 699, 0, 201, 34100, 397, 3, 43, 7420, 295, 443, 5, 13684, 9724, 19503, 0, 0, 25, 4787, 4817, 8482, 42, 0, 0, 18, 20, 160, 3, 34328, 25262, 28587, 2, 0, 0, 323
896,1,19, 1058650,SDC, 797, 147, 8566, 0, 5818, 2693, 1, 464, 694, 0, 196, 33883, 392, 3, 42, 7270, 294, 719, 5, 13820, 9821, 19507, 0, 0, 25, 4719, 4883, 8483, 42, 0, 0, 18, 20, 158, 4, 34832, 25735, 29032, 2, 0, 0, 385
897,4,5, 1054116,benign, 632, 148, 8561, 4, 5827, 2692, 2, 464, 699, 0, 199, 33589, 397, 3, 41, 7286, 316, 497, 5, 13212, 9239, 19484, 0, 0, 25, 4776, 4818, 8480, 42, 0, 0, 18, 20, 153, 2, 34338, 25373, 28644, 1, 0, 0, 317
898,2,8, 1052488,SDC, 582, 149, 8553, 4, 5820, 2695, 2, 464, 694, 0, 198, 33441, 392, 3, 41, 7178, 335, 442, 5, 13274, 9305, 19457, 0, 0, 25, 4709, 4881, 8484, 42, 0, 0, 18, 20, 167, 3, 33990, 25414, 28701, 2, 0, 0, 317
899,2,8, 1059843,benign, 826, 146, 8572, 0, 5822, 2689, 1, 464, 700, 0, 198, 34219, 397, 3, 42, 7503, 318, 450, 5, 14219, 10232, 19551, 0, 0, 25, 4778, 4822, 8481, 42, 0, 0, 18, 20, 160, 3, 34646, 26209, 29488, 2, 0, 0, 379
900,1,27, 1052387,benign, 600, 147, 8568, 0, 5828, 2688, 1, 464, 699, 0, 210, 33113, 397, 3, 41, 6757, 326, 445, 5, 13593, 9334, 19515, 0, 0, 25, 4808, 4954, 8480, 42, 0, 0, 18, 20, 185, 4, 34545, 25217, 28619, 2, 0, 0, 317
901,0,8, 1054162,benign, 649, 148, 8557, 0, 5825, 2693, 2, 464, 699, 0, 199, 33591, 397, 3, 42, 7094, 278, 446, 5, 13533, 9573, 19508, 0, 0, 25, 4835, 4895, 8484, 42, 0, 0, 18, 20, 158, 4, 34060, 25807, 29243, 2, 0, 0, 319
902,9,1, 1056726,benign, 735, 146, 8574, 0, 5830, 2695, 2, 464, 700, 0, 200, 34387, 397, 3, 42, 7356, 308, 445, 5, 13652, 9653, 19514, 0, 0, 25, 4726, 4874, 8479, 42, 0, 0, 18, 20, 158, 3, 34716, 26142, 29433, 2, 0, 0, 319
903,8,19, 1057225,benign, 758, 148, 8572, 0, 5828, 2695, 2, 464, 699, 0, 201, 33974, 397, 3, 43, 7440, 307, 449, 5, 13975, 9998, 19500, 0, 0, 25, 4734, 4867, 8489, 42, 0, 0, 18, 20, 167, 3, 34865, 25905, 29332, 2, 0, 0, 319
904,0,22, 1057488,benign, 736, 146, 8565, 4, 5827, 2693, 1, 464, 699, 0, 194, 33569, 397, 3, 43, 7590, 343, 442, 5, 13692, 9735, 19475, 0, 0, 25, 5020, 4718, 8483, 42, 0, 0, 18, 20, 158, 3, 34432, 25872, 29361, 2, 0, 0, 326
905,7,5, 1058291,benign, 797, 147, 8592, 0, 5831, 2691, 1, 464, 699, 0, 196, 34462, 397, 3, 43, 7548, 313, 504, 5, 14016, 10002, 19561, 0, 0, 25, 4719, 4898, 8482, 42, 0, 0, 18, 20, 158, 3, 34581, 26244, 29547, 2, 0, 0, 377
906,1,4, 1057620,benign, 740, 147, 8574, 4, 5825, 2694, 3, 464, 699, 0, 203, 33832, 397, 3, 41, 7586, 320, 513, 5, 13385, 9417, 19468, 0, 0, 25, 4774, 4938, 8480, 42, 0, 0, 18, 20, 158, 4, 34384, 26209, 29620, 2, 0, 0, 404
907,6,11, 1054235,benign, 664, 146, 8566, 0, 5825, 2693, 2, 464, 699, 0, 194, 33938, 397, 3, 41, 6821, 301, 568, 5, 13509, 9547, 19517, 0, 0, 25, 4783, 4822, 8487, 42, 0, 0, 18, 20, 167, 3, 34665, 25509, 28770, 2, 0, 0, 377
908,2,4, 1053691,SDC, 631, 146, 8567, 0, 5822, 2692, 1, 464, 694, 0, 195, 33654, 392, 3, 41, 6766, 292, 492, 5, 13220, 9263, 19506, 0, 0, 25, 4965, 4627, 8494, 42, 0, 0, 18, 20, 159, 3, 34467, 25352, 28880, 2, 0, 0, 319
909,5,24, 1054171,benign, 659, 147, 8565, 0, 5824, 2690, 1, 464, 699, 0, 194, 33592, 397, 3, 42, 6814, 319, 590, 5, 13463, 9504, 19510, 0, 0, 25, 4997, 5198, 8479, 42, 0, 0, 18, 20, 158, 3, 34580, 25748, 29040, 2, 0, 0, 319
910,6,0, 1054236,benign, 633, 146, 8571, 4, 5826, 2695, 1, 464, 699, 0, 199, 33547, 397, 3, 42, 7105, 307, 448, 5, 12980, 8993, 19482, 0, 0, 25, 4780, 4816, 8489, 42, 0, 0, 18, 20, 158, 4, 34237, 25628, 28894, 2, 0, 0, 319
911,10,18, 1054622,benign, 692, 150, 8564, 0, 5827, 2690, 2, 464, 699, 0, 199, 33824, 397, 3, 43, 7046, 307, 445, 5, 13479, 9454, 19500, 0, 0, 25, 5013, 4721, 8485, 42, 0, 0, 18, 20, 157, 4, 34116, 25924, 29221, 2, 0, 0, 317
912,3,14, 1055926,benign, 716, 148, 8568, 0, 5825, 2693, 1, 464, 699, 0, 202, 33571, 397, 3, 41, 7074, 308, 442, 5, 13729, 9754, 19501, 0, 0, 25, 4741, 4920, 8485, 42, 0, 0, 18, 20, 158, 3, 34565, 25778, 29064, 2, 0, 0, 317
913,3,8, 1050356,benign, 512, 148, 8553, 4, 5825, 2693, 2, 464, 699, 0, 198, 33155, 397, 3, 41, 7045, 302, 441, 6, 12971, 9084, 19488, 0, 0, 25, 5018, 4708, 8485, 42, 0, 0, 18, 20, 158, 3, 33853, 25065, 28485, 2, 0, 0, 316
914,7,3, 1053714,benign, 651, 147, 8565, 0, 5824, 2690, 1, 464, 699, 0, 195, 33941, 397, 3, 42, 6853, 276, 449, 5, 13275, 9296, 19489, 0, 0, 25, 4720, 4882, 8485, 42, 0, 0, 19, 23, 161, 3, 34106, 25710, 29089, 2, 0, 0, 384
915,6,18, 1059427,benign, 817, 147, 8579, 0, 5824, 2688, 1, 464, 699, 0, 198, 33792, 397, 3, 41, 7679, 303, 446, 5, 14379, 10425, 19558, 0, 0, 25, 4787, 4974, 8482, 42, 0, 0, 18, 20, 158, 3, 35225, 25715, 28983, 2, 0, 0, 385
916,8,8, 1050583,benign, 543, 147, 8561, 0, 5826, 2693, 2, 464, 699, 0, 197, 33405, 397, 3, 41, 6825, 326, 532, 5, 13352, 9388, 19511, 0, 0, 25, 4713, 4891, 8488, 42, 0, 0, 18, 20, 168, 3, 34025, 25194, 28667, 2, 0, 0, 319
917,7,25, 1051943,benign, 581, 147, 8557, 0, 5824, 2688, 1, 464, 699, 0, 196, 33769, 397, 3, 43, 6870, 325, 445, 5, 13775, 9794, 19509, 0, 0, 25, 4715, 4886, 8481, 42, 0, 0, 18, 20, 160, 3, 34381, 25480, 28833, 2, 0, 0, 317
918,6,5, 1055588,benign, 674, 146, 8571, 4, 5828, 2686, 2, 464, 699, 0, 198, 33799, 397, 3, 42, 7355, 327, 511, 5, 13155, 9256, 19479, 0, 0, 25, 4710, 4887, 8492, 42, 0, 0, 18, 20, 157, 3, 34375, 25476, 28775, 2, 0, 0, 319
919,0,3, 1059644,benign, 496, 148, 8556, 0, 5821, 2687, 2, 464, 699, 0, 191, 33171, 397, 3, 42, 6381, 330, 437, 5, 12644, 8668, 19471, 0, 0, 25, 4433, 5171, 8480, 36, 0, 0, 18, 20, 161, 2, 33476, 25177, 28496, 2, 0, 0, 379
920,1,30, 1053099,benign, 633, 148, 8560, 0, 5826, 2695, 1, 464, 699, 0, 195, 33437, 397, 3, 41, 6969, 459, 573, 5, 13247, 9252, 19498, 0, 0, 25, 4799, 4925, 8487, 42, 0, 0, 18, 20, 160, 3, 34230, 25319, 28610, 2, 0, 0, 525
921,7,25, 1056159,benign, 709, 148, 8574, 0, 5829, 2695, 1, 464, 699, 0, 201, 34110, 397, 3, 42, 7073, 290, 528, 5, 13306, 9353, 19497, 0, 0, 25, 5000, 5134, 8479, 42, 0, 0, 18, 20, 158, 3, 34429, 25629, 28892, 2, 0, 0, 376
922,9,26, 1059285,benign, 808, 147, 8569, 0, 5825, 2688, 2, 464, 699, 0, 193, 34261, 397, 3, 41, 7633, 293, 451, 5, 14081, 10134, 19527, 0, 0, 25, 4719, 4881, 8482, 42, 0, 0, 18, 20, 158, 3, 34760, 25908, 29253, 2, 0, 0, 516
923,10,8, 1058261,benign, 783, 146, 8577, 0, 5826, 2693, 1, 464, 699, 0, 194, 34392, 397, 3, 41, 7572, 321, 447, 5, 14019, 10032, 19524, 0, 0, 25, 4728, 4881, 8477, 42, 0, 0, 18, 20, 166, 3, 34634, 26285, 29565, 2, 0, 0, 319
924,10,5, 1055459,benign, 695, 147, 8565, 0, 5825, 2687, 5, 464, 699, 0, 195, 33513, 397, 3, 41, 6960, 329, 442, 5, 13613, 9648, 19508, 0, 0, 25, 4704, 4899, 8485, 42, 0, 0, 18, 20, 158, 3, 34101, 26007, 29278, 2, 0, 0, 317
925,7,24, 1053256,benign, 603, 147, 8575, 4, 5829, 2694, 2, 464, 699, 0, 202, 33155, 397, 3, 41, 6941, 336, 447, 5, 13346, 9367, 19477, 0, 0, 25, 4735, 4875, 8483, 42, 0, 0, 18, 20, 160, 3, 34395, 25666, 28956, 2, 0, 0, 317
926,0,30, 1058073,benign, 788, 148, 8567, 0, 5820, 2686, 1, 464, 699, 0, 196, 33583, 397, 3, 40, 7438, 303, 443, 5, 14036, 10034, 19538, 0, 0, 25, 4970, 4642, 8481, 42, 0, 0, 18, 20, 158, 3, 34702, 25911, 29221, 2, 0, 0, 317
927,9,28, 1057347,benign, 759, 149, 8575, 0, 5826, 2692, 0, 464, 699, 0, 195, 34250, 397, 3, 41, 7318, 328, 444, 5, 14063, 10142, 19551, 0, 0, 25, 4719, 4898, 8476, 42, 0, 0, 18, 20, 160, 3, 34340, 25784, 29053, 2, 0, 0, 317
928,6,14, 1057769,benign, 776, 149, 8580, 0, 5826, 2689, 5, 464, 699, 0, 211, 34109, 397, 3, 43, 7237, 471, 452, 5, 13602, 9595, 19496, 0, 0, 25, 4722, 4878, 8477, 42, 0, 0, 18, 20, 158, 4, 34601, 25725, 29197, 2, 0, 0, 316
929,3,12, 1058601,benign, 800, 149, 8570, 0, 5826, 2690, 1, 464, 699, 0, 195, 33952, 397, 3, 41, 7450, 302, 446, 5, 14109, 10164, 19547, 0, 0, 25, 4806, 4961, 8484, 42, 0, 0, 18, 20, 168, 3, 34868, 25814, 29217, 2, 0, 0, 321
930,9,10, 1052219,benign, 589, 149, 8568, 0, 5823, 2691, 1, 464, 699, 0, 198, 33134, 397, 3, 41, 6617, 312, 623, 5, 13326, 9371, 19491, 0, 0, 25, 4776, 4832, 8486, 42, 0, 0, 18, 20, 158, 3, 33886, 25389, 28823, 2, 0, 0, 376
931,8,13, 1059987,benign, 815, 148, 8560, 0, 5826, 2693, 2, 464, 699, 0, 198, 34219, 397, 3, 42, 7822, 525, 448, 5, 13752, 9886, 19535, 0, 0, 25, 4749, 4981, 8491, 42, 0, 0, 18, 20, 159, 3, 34578, 25900, 29146, 2, 0, 0, 377
932,3,20, 1057922,benign, 769, 147, 8585, 0, 5830, 2692, 1, 464, 699, 0, 196, 33801, 397, 3, 41, 7890, 309, 605, 5, 13660, 9669, 19492, 0, 0, 25, 4751, 4897, 8491, 42, 0, 0, 18, 20, 158, 4, 34970, 25530, 28802, 2, 0, 0, 385
933,3,10, 1057802,SDC, 781, 147, 8572, 0, 5816, 2691, 2, 464, 695, 0, 199, 33713, 392, 3, 42, 7257, 323, 515, 5, 14217, 10215, 19547, 0, 0, 25, 4719, 4878, 8490, 42, 0, 0, 18, 20, 158, 4, 34687, 26164, 29449, 2, 0, 0, 376
934,4,17, 1050975,benign, 560, 146, 8571, 0, 5829, 2693, 4, 464, 699, 0, 195, 33447, 397, 3, 42, 6633, 272, 444, 5, 13045, 9075, 19509, 0, 0, 25, 4826, 5029, 8480, 42, 0, 0, 18, 20, 152, 2, 34145, 25100, 28396, 1, 0, 0, 319
935,8,10, 1057287,benign, 746, 148, 8568, 0, 5824, 2689, 1, 464, 699, 0, 198, 34225, 397, 3, 44, 7096, 285, 443, 5, 14080, 10122, 19533, 0, 0, 25, 4750, 4895, 8488, 42, 0, 0, 18, 20, 159, 3, 34355, 25793, 29281, 2, 0, 0, 319
936,7,10, 1050531,benign, 552, 148, 8553, 0, 5822, 2685, 2, 464, 699, 0, 198, 33662, 397, 3, 41, 6715, 318, 782, 5, 13198, 9191, 19508, 0, 0, 25, 4699, 4902, 8489, 42, 0, 0, 18, 20, 158, 3, 34133, 25201, 28566, 2, 0, 0, 317
937,1,21, 1057209,benign, 744, 147, 8582, 0, 5830, 2695, 1, 464, 700, 0, 201, 33891, 397, 3, 41, 7087, 339, 442, 5, 13793, 9820, 19480, 0, 0, 25, 4789, 4949, 8484, 42, 0, 0, 18, 20, 386, 3, 34888, 26061, 29385, 2, 0, 0, 319
938,0,2, 1055205,benign, 691, 147, 8572, 0, 5828, 2695, 1, 464, 699, 0, 198, 34032, 397, 3, 44, 7552, 311, 510, 5, 13629, 9641, 19491, 0, 0, 25, 4709, 4890, 8480, 42, 0, 0, 18, 20, 157, 3, 34031, 26170, 29458, 2, 0, 0, 317
939,5,23, 1051239,benign, 562, 148, 8559, 0, 5825, 2690, 1, 464, 699, 0, 194, 33216, 397, 3, 41, 6632, 357, 443, 5, 13612, 9589, 19486, 0, 0, 25, 4796, 4968, 8494, 42, 0, 0, 18, 20, 160, 3, 34404, 25298, 28830, 2, 0, 0, 319
940,1,23, 1051309,benign, 565, 146, 8564, 0, 5829, 2695, 2, 464, 699, 0, 199, 33724, 397, 3, 41, 6891, 521, 445, 5, 13171, 9161, 19505, 0, 0, 25, 4701, 4898, 8488, 42, 0, 0, 18, 20, 168, 3, 34631, 25526, 28818, 2, 0, 0, 320
941,4,18, 1057226,benign, 747, 147, 8569, 0, 5825, 2694, 1, 464, 699, 0, 196, 33824, 397, 3, 41, 7578, 326, 448, 5, 14033, 10007, 19526, 0, 0, 25, 4734, 4872, 8479, 42, 0, 0, 18, 20, 152, 2, 34335, 25903, 29185, 1, 0, 0, 319
942,10,26, 1052531,benign, 604, 147, 8573, 0, 5831, 2690, 1, 464, 699, 0, 194, 33371, 397, 3, 42, 6627, 310, 558, 5, 13475, 9477, 19504, 0, 0, 25, 4705, 4901, 8476, 42, 0, 0, 18, 20, 158, 4, 34317, 25487, 28774, 2, 0, 0, 319
943,1,10, 1058254,benign, 780, 146, 8578, 0, 5826, 2692, 2, 464, 699, 0, 197, 34109, 397, 3, 41, 7678, 254, 575, 5, 14133, 10211, 19550, 0, 0, 25, 4900, 4708, 8485, 42, 0, 0, 18, 20, 158, 4, 34383, 25902, 29159, 2, 0, 0, 376
944,7,9, 1054388,benign, 639, 149, 8565, 4, 5820, 2685, 2, 464, 699, 0, 199, 33640, 397, 3, 43, 6717, 328, 506, 5, 13583, 9597, 19475, 0, 0, 25, 4723, 4878, 8484, 42, 0, 0, 18, 20, 158, 3, 34128, 25457, 28734, 2, 0, 0, 317
945,10,31, 1056904,benign, 717, 146, 8572, 4, 5827, 2694, 1, 464, 699, 0, 196, 33812, 397, 3, 42, 7185, 286, 448, 5, 13493, 9546, 19485, 0, 0, 25, 4749, 4902, 8485, 40, 0, 0, 18, 20, 157, 4, 34520, 25682, 29122, 2, 0, 0, 384
946,2,18, 1060400,benign, 785, 148, 8582, 4, 5828, 2689, 1, 464, 699, 0, 201, 34037, 397, 3, 41, 7487, 321, 444, 5, 13772, 9626, 19499, 0, 0, 25, 4847, 4890, 8491, 42, 0, 0, 18, 20, 158, 3, 34566, 25908, 29369, 2, 0, 0, 319
947,2,27, 1054465,SDC, 679, 150, 8561, 0, 5820, 2691, 5, 464, 694, 0, 194, 33767, 392, 3, 41, 7193, 325, 572, 5, 13384, 9373, 19486, 0, 0, 25, 4771, 4849, 8488, 42, 0, 0, 18, 20, 159, 3, 34194, 25728, 28981, 2, 0, 0, 319
948,5,14, 1057247,benign, 758, 149, 8572, 0, 5822, 2687, 1, 464, 699, 0, 194, 34462, 397, 3, 44, 7244, 324, 552, 5, 13836, 9941, 19496, 0, 0, 25, 4729, 4879, 8483, 42, 0, 0, 18, 20, 158, 3, 34262, 26156, 29412, 2, 0, 0, 319
949,5,5, 1055869,benign, 716, 147, 8572, 0, 5823, 2689, 1, 464, 699, 0, 196, 33705, 397, 3, 44, 7073, 313, 442, 5, 13871, 9915, 19492, 0, 0, 25, 5045, 4697, 8485, 42, 0, 0, 18, 20, 158, 4, 34281, 25708, 28982, 2, 0, 0, 317
950,3,27, 1051503,SDC, 574, 148, 8546, 0, 5820, 2696, 2, 464, 694, 0, 199, 33583, 392, 3, 40, 6603, 527, 504, 5, 13162, 9252, 19483, 0, 0, 25, 4711, 4892, 8482, 42, 0, 0, 18, 20, 159, 3, 34291, 25368, 28669, 2, 0, 0, 317
951,4,23, 1056243,benign, 720, 148, 8569, 0, 5827, 2685, 1, 464, 699, 0, 201, 33973, 397, 3, 40, 7409, 295, 440, 5, 14128, 10100, 19546, 0, 0, 25, 4729, 4881, 8485, 42, 0, 0, 18, 20, 152, 2, 34498, 25541, 28801, 1, 0, 0, 317
952,0,31, 1052480,benign, 579, 147, 8564, 4, 5826, 2689, 6, 464, 699, 0, 193, 33078, 397, 3, 42, 6788, 271, 444, 5, 13442, 9447, 19479, 0, 0, 25, 4980, 4618, 8489, 42, 0, 0, 18, 20, 158, 3, 33937, 25131, 28405, 2, 0, 0, 320
953,7,31, 1060052,benign, 779, 147, 8581, 4, 5823, 2692, 2, 464, 699, 0, 202, 34156, 397, 3, 41, 7306, 324, 509, 5, 14174, 10250, 19550, 0, 0, 25, 4743, 4913, 8473, 42, 0, 0, 18, 20, 166, 2, 34411, 25960, 29271, 2, 0, 0, 320
954,8,12, 1056091,benign, 728, 146, 8567, 0, 5830, 2690, 1, 464, 699, 0, 199, 33854, 397, 3, 41, 7310, 333, 445, 5, 13836, 9859, 19498, 0, 0, 25, 4773, 4821, 8485, 42, 0, 0, 18, 20, 159, 3, 34517, 25846, 29136, 2, 0, 0, 319
955,3,27, 1055583,SDC, 700, 148, 8560, 0, 5818, 2691, 2, 464, 694, 0, 201, 33719, 392, 3, 42, 7140, 329, 444, 5, 13644, 9703, 19489, 0, 0, 25, 4816, 4981, 8485, 42, 0, 0, 18, 20, 309, 4, 34531, 25755, 29192, 2, 0, 0, 319
956,10,0, 1057186,benign, 752, 147, 8573, 0, 5825, 2689, 2, 464, 699, 0, 199, 34098, 397, 3, 43, 7646, 344, 469, 5, 14144, 10108, 19543, 0, 0, 25, 4966, 4638, 8488, 42, 0, 0, 18, 20, 160, 3, 34408, 25784, 29052, 2, 0, 0, 316
957,1,14, 1051516,SDC, 550, 147, 8557, 4, 5823, 2688, 1, 464, 694, 0, 193, 33201, 392, 3, 44, 6953, 317, 444, 5, 13036, 9025, 19475, 0, 0, 25, 4791, 4964, 8483, 42, 0, 0, 19, 21, 162, 3, 33867, 25400, 28679, 2, 0, 0, 319
958,0,2, 1054950,benign, 691, 150, 8557, 0, 5821, 2688, 1, 464, 699, 0, 206, 33652, 397, 3, 42, 7384, 337, 445, 5, 13235, 9306, 19514, 0, 0, 25, 4770, 4951, 8490, 42, 0, 0, 18, 20, 158, 4, 34672, 25665, 29044, 2, 0, 0, 319
959,8,10, 1058292,benign, 762, 148, 8578, 4, 5829, 2694, 2, 464, 699, 0, 196, 33698, 397, 3, 41, 7272, 460, 502, 5, 13760, 9718, 19485, 0, 0, 25, 4705, 4897, 8480, 42, 0, 0, 18, 20, 158, 4, 34462, 25729, 29012, 2, 0, 0, 378
960,5,2, 1055050,benign, 695, 147, 8579, 0, 5828, 2696, 1, 464, 699, 0, 201, 33881, 397, 3, 43, 6974, 303, 510, 5, 14299, 10080, 19562, 0, 0, 25, 4726, 4882, 8485, 42, 0, 0, 18, 20, 191, 3, 34083, 25349, 28712, 2, 0, 0, 317
961,8,3, 1052834,benign, 620, 147, 8561, 0, 5823, 2690, 2, 464, 699, 0, 205, 33745, 397, 3, 41, 6775, 350, 445, 5, 13398, 9329, 19503, 0, 0, 25, 4728, 4872, 8477, 42, 0, 0, 18, 20, 158, 3, 34403, 25657, 28934, 2, 0, 0, 378
962,2,4, 1052436,benign, 577, 148, 8564, 4, 5830, 2696, 1, 464, 699, 0, 195, 32990, 397, 3, 42, 6821, 280, 445, 5, 13731, 9737, 19484, 0, 0, 25, 4811, 4839, 8484, 42, 0, 0, 18, 20, 160, 3, 34088, 25113, 28418, 2, 0, 0, 446
963,7,15, 1053896,benign, 625, 147, 8577, 4, 5829, 2696, 1, 464, 699, 0, 194, 33222, 397, 3, 44, 6884, 318, 483, 5, 13043, 9038, 19475, 0, 0, 25, 4705, 4888, 8482, 42, 0, 0, 18, 20, 159, 3, 33726, 25686, 29155, 2, 0, 0, 316
964,1,23, 1057181,benign, 763, 149, 8577, 0, 5824, 2690, 1, 464, 699, 0, 202, 33774, 397, 3, 43, 7673, 326, 501, 5, 14124, 10177, 19543, 0, 0, 25, 4725, 4879, 8483, 42, 0, 0, 18, 20, 160, 3, 34648, 26033, 29397, 2, 0, 0, 658
965,4,16, 1050826,benign, 551, 148, 8552, 0, 5825, 2693, 3, 464, 699, 0, 196, 33395, 397, 3, 41, 7055, 281, 438, 5, 13208, 9247, 19506, 0, 0, 25, 4696, 4911, 8471, 42, 0, 0, 18, 20, 153, 2, 33968, 25454, 28744, 1, 0, 0, 376
966,2,8, 1059756,SDC, 496, 145, 5923, 4, 4029, 2018, 1, 464, 695, 0, 193, 33059, 392, 3, 40, 6507, 305, 447, 5, 12805, 8766, 19471, 0, 0, 25, 4682, 4904, 8476, 42, 0, 0, 18, 20, 159, 3, 33573, 25074, 28339, 2, 0, 0, 317
967,2,4, 1057237,SDC, 763, 148, 8570, 0, 5820, 2690, 1, 464, 694, 0, 196, 33944, 392, 3, 43, 7651, 526, 443, 5, 13729, 9801, 19480, 0, 0, 25, 4808, 4831, 8485, 41, 0, 0, 18, 20, 159, 3, 34973, 26160, 29463, 2, 0, 0, 319
968,6,19, 1052078,benign, 585, 147, 8560, 0, 5825, 2690, 1, 464, 700, 0, 197, 33428, 397, 3, 42, 7018, 292, 444, 5, 13673, 9706, 19521, 0, 0, 25, 4718, 4886, 8482, 42, 0, 0, 18, 20, 159, 3, 34342, 25372, 28664, 2, 0, 0, 323
969,6,5, 1059164,benign, 788, 148, 8574, 4, 5826, 2691, 1, 464, 699, 0, 196, 33450, 397, 3, 41, 7338, 283, 443, 5, 13898, 9897, 19475, 0, 0, 25, 4709, 4900, 8487, 42, 0, 0, 18, 20, 158, 4, 34187, 25611, 28980, 2, 0, 0, 320
970,7,9, 1060365,benign, 832, 148, 8581, 0, 5828, 2697, 2, 464, 699, 0, 196, 33822, 397, 3, 41, 7901, 301, 495, 5, 14216, 10111, 19549, 0, 0, 25, 4780, 4967, 8495, 42, 0, 0, 18, 20, 384, 3, 34774, 26208, 29734, 2, 0, 0, 442
971,4,18, 1053570,benign, 641, 147, 8572, 0, 5828, 2694, 1, 464, 699, 0, 201, 33791, 397, 3, 42, 7295, 306, 446, 5, 13638, 9728, 19509, 0, 0, 25, 4784, 4821, 8485, 42, 0, 0, 18, 20, 162, 2, 34339, 25336, 28592, 1, 0, 0, 375
972,8,9, 1050126,benign, 519, 149, 8545, 0, 5829, 2696, 2, 464, 699, 0, 194, 33529, 397, 3, 42, 7093, 321, 445, 5, 13588, 9378, 19515, 0, 0, 25, 4758, 4844, 8484, 42, 0, 0, 18, 20, 158, 4, 34080, 25184, 28635, 2, 0, 0, 317
973,9,2, 1056422,benign, 736, 148, 8576, 0, 5830, 2690, 1, 464, 699, 0, 197, 34275, 397, 3, 41, 7233, 310, 555, 5, 13504, 9511, 19491, 0, 0, 25, 4719, 4866, 8475, 41, 0, 0, 18, 20, 158, 3, 34307, 25906, 29202, 2, 0, 0, 320
974,10,22, 1052832,benign, 591, 147, 8574, 4, 5823, 2688, 2, 464, 699, 0, 194, 33333, 397, 3, 44, 6960, 292, 444, 5, 13182, 9184, 19473, 0, 0, 25, 4795, 4810, 8478, 42, 0, 0, 18, 20, 252, 2, 34314, 25466, 28744, 2, 0, 0, 316
975,0,28, 1054571,benign, 683, 147, 8571, 0, 5827, 2695, 4, 464, 699, 0, 195, 34042, 397, 3, 41, 6873, 307, 512, 5, 13521, 9517, 19504, 0, 0, 25, 4711, 4888, 8488, 42, 0, 0, 18, 20, 160, 4, 34498, 25872, 29150, 2, 0, 0, 319
976,8,5, 1050062,benign, 523, 148, 8558, 0, 5826, 2694, 1, 464, 699, 0, 204, 33953, 397, 3, 43, 6721, 307, 541, 5, 13576, 9570, 19489, 0, 0, 25, 4711, 4908, 8472, 42, 0, 0, 18, 20, 242, 2, 34230, 25460, 28729, 2, 0, 0, 639
977,3,25, 1059116,SDC, 788, 148, 8580, 4, 5827, 2694, 3, 464, 695, 0, 197, 34047, 392, 3, 45, 7627, 395, 443, 5, 13880, 9930, 19461, 0, 0, 25, 4705, 4880, 8480, 42, 0, 0, 18, 20, 160, 3, 34479, 25657, 28958, 2, 0, 0, 326
978,9,27, 1059728,crash/hangs,-,-,-,-,-,-,-,-,-,-,-,-,-,-,-,-,-,-,-,-,-,-,-,-,-,-,-,-,-,-,-,-,-,-,-,-,-,-,-,-,-,-
979,1,19, 1051669,benign, 497, 22, 8592, 0, 5865, 2702, 2, 464, 699, 0, 195, 33358, 397, 3, 42, 6572, 286, 511, 5, 13690, 9540, 19506, 0, 0, 25, 4747, 4902, 8488, 42, 0, 0, 18, 20, 157, 3, 33946, 25984, 29277, 2, 0, 0, 319
980,3,1, 1060093,benign, 432, 146, 8548, 0, 5816, 2698, 1, 464, 699, 0, 185, 32727, 397, 3, 40, 6302, 295, 452, 5, 12652, 8616, 19478, 0, 0, 25, 4446, 5151, 8484, 42, 0, 0, 18, 20, 152, 2, 33388, 25197, 28563, 1, 0, 0, 447
981,5,10, 1059413,benign, 815, 146, 8588, 0, 5829, 2696, 1, 464, 699, 0, 203, 33929, 397, 3, 43, 7558, 269, 441, 5, 13921, 9945, 19505, 0, 0, 25, 4725, 4879, 8483, 41, 0, 0, 18, 20, 159, 3, 34605, 26282, 29569, 2, 0, 0, 316
982,7,20, 1056261,benign, 722, 147, 8574, 0, 5829, 2693, 1, 464, 699, 0, 193, 33929, 397, 3, 42, 7202, 336, 442, 5, 13923, 9867, 19500, 0, 0, 25, 4726, 4883, 8479, 42, 0, 0, 18, 20, 160, 3, 34448, 25924, 29196, 2, 0, 0, 316
983,9,23, 1057322,benign, 756, 148, 8582, 0, 5825, 2690, 2, 464, 699, 0, 196, 34077, 397, 3, 44, 7871, 312, 443, 5, 13715, 9713, 19501, 0, 0, 25, 4795, 4808, 8486, 42, 0, 0, 19, 23, 162, 3, 34576, 26172, 29456, 2, 0, 0, 320
984,3,11, 1055244,SDC, 667, 148, 8568, 4, 5827, 2688, 1, 464, 694, 0, 197, 33703, 392, 3, 41, 7101, 290, 505, 5, 13718, 9530, 19490, 0, 0, 25, 4777, 4928, 8480, 41, 0, 0, 18, 20, 158, 3, 34063, 25298, 28761, 2, 0, 0, 393
985,8,21, 1051975,benign, 612, 146, 8568, 0, 5827, 2694, 1, 464, 699, 0, 204, 33655, 397, 3, 41, 6764, 471, 511, 5, 13503, 9449, 19507, 0, 0, 25, 4732, 4875, 8482, 42, 0, 0, 18, 20, 233, 3, 34098, 25788, 29055, 2, 0, 0, 319
986,9,27, 1051886,benign, 587, 148, 8559, 0, 5826, 2694, 2, 464, 699, 0, 196, 33458, 397, 3, 42, 6612, 380, 447, 5, 13341, 9438, 19475, 0, 0, 25, 4784, 4822, 8481, 42, 0, 0, 18, 20, 160, 3, 34553, 25124, 28379, 2, 0, 0, 385
987,0,25, 1052457,benign, 599, 146, 8557, 0, 5825, 2695, 1, 464, 699, 0, 197, 33843, 397, 3, 41, 7169, 281, 505, 5, 13929, 9917, 19491, 0, 0, 25, 4743, 4888, 8483, 42, 0, 0, 19, 23, 160, 3, 34631, 25606, 28880, 2, 0, 0, 317
988,7,28, 1060080,benign, 432, 146, 8551, 0, 5821, 2690, 2, 464, 699, 0, 188, 32764, 397, 3, 41, 6287, 487, 441, 5, 12386, 8362, 19484, 0, 0, 25, 4523, 5236, 8487, 42, 0, 0, 18, 20, 333, 2, 33569, 24515, 27660, 2, 0, 0, 384
989,2,12, 1053089,benign, 622, 146, 8566, 0, 5829, 2694, 1, 464, 699, 0, 199, 33331, 397, 3, 41, 6792, 302, 522, 5, 13988, 9933, 19529, 0, 0, 25, 4727, 4886, 8499, 42, 0, 0, 18, 20, 167, 2, 34755, 25381, 28699, 2, 0, 0, 319
990,3,22, 1056062,SDC, 716, 148, 8556, 0, 5816, 2687, 1, 464, 694, 0, 198, 33735, 392, 3, 41, 7077, 310, 505, 5, 13709, 9728, 19498, 0, 0, 25, 4725, 4870, 8475, 42, 0, 0, 18, 20, 158, 3, 34200, 25752, 29061, 2, 0, 0, 317
991,3,10, 1055612,benign, 677, 146, 8571, 4, 5829, 2691, 1, 464, 699, 0, 201, 33631, 397, 3, 41, 7027, 321, 558, 5, 13737, 9730, 19481, 0, 0, 25, 4761, 4958, 8495, 42, 0, 0, 18, 20, 158, 3, 33753, 25598, 28882, 2, 0, 0, 317
992,9,23, 1054824,benign, 653, 147, 8576, 4, 5829, 2694, 5, 464, 699, 0, 194, 33152, 397, 3, 41, 7003, 301, 578, 5, 13305, 9327, 19508, 0, 0, 25, 4717, 4882, 8487, 42, 0, 0, 18, 20, 158, 4, 34191, 25210, 28483, 2, 0, 0, 319
993,3,20, 1059925,benign, 822, 148, 8587, 0, 5828, 2690, 2, 464, 699, 0, 198, 34072, 397, 3, 42, 7780, 303, 443, 5, 13973, 10008, 19577, 0, 0, 25, 4800, 4820, 8503, 42, 0, 0, 18, 20, 158, 3, 35073, 25953, 29280, 2, 0, 0, 317
994,6,11, 1059332,benign, 793, 148, 8574, 4, 5826, 2691, 2, 464, 699, 0, 199, 34281, 397, 3, 41, 7589, 300, 446, 5, 13501, 9516, 19482, 0, 0, 25, 4725, 4899, 8489, 42, 0, 0, 18, 20, 160, 3, 34458, 25682, 28959, 2, 0, 0, 323
995,2,19, 1059935,benign, 822, 147, 8579, 0, 5831, 2701, 2, 464, 699, 0, 201, 33767, 397, 3, 41, 7478, 328, 575, 5, 13836, 9692, 19512, 0, 0, 25, 4742, 4916, 8499, 42, 0, 0, 18, 20, 363, 2, 34900, 26154, 29450, 2, 0, 0, 319
996,9,23, 1057537,benign, 757, 146, 8576, 0, 5827, 2690, 1, 464, 699, 0, 196, 33740, 397, 3, 42, 7442, 280, 443, 5, 14010, 10050, 19538, 0, 0, 25, 4997, 4646, 8489, 42, 0, 0, 18, 20, 160, 3, 34591, 26022, 29318, 2, 0, 0, 317
997,5,9, 1050424,benign, 514, 147, 8551, 4, 5826, 2688, 1, 464, 699, 0, 195, 33063, 397, 3, 43, 6557, 436, 442, 6, 12805, 8813, 19460, 0, 0, 25, 4963, 4643, 8479, 42, 0, 0, 18, 20, 159, 3, 33868, 24968, 28312, 2, 0, 0, 317
998,6,31, 1051820,benign, 560, 148, 8559, 4, 5827, 2695, 1, 464, 699, 0, 196, 32873, 397, 3, 41, 7232, 329, 491, 5, 13407, 9401, 19481, 0, 0, 25, 4778, 4945, 8496, 42, 0, 0, 19, 23, 171, 3, 33889, 25012, 28541, 2, 0, 0, 594
999,1,31, 1058698,benign, 809, 149, 8567, 0, 5825, 2692, 2, 464, 699, 0, 197, 34455, 397, 3, 42, 7390, 322, 443, 5, 13832, 9830, 19483, 0, 0, 25, 4766, 4953, 8488, 42, 0, 0, 18, 20, 158, 3, 34546, 25792, 29353, 2, 0, 0, 319
1000,10,25, 1055811,benign, 700, 148, 8566, 0, 5825, 2692, 3, 464, 699, 0, 198, 33810, 397, 3, 42, 7294, 323, 445, 5, 13998, 9983, 19504, 0, 0, 25, 4707, 4891, 8485, 42, 0, 0, 18, 20, 166, 3, 34508, 25585, 28897, 2, 0, 0, 317
1001,3,3, 1050400,SDC, 516, 148, 8549, 4, 5819, 2697, 3, 464, 694, 0, 200, 33247, 392, 3, 41, 6696, 291, 542, 5, 13126, 9132, 19479, 0, 0, 25, 4719, 4920, 8490, 42, 0, 0, 18, 20, 158, 4, 33904, 25127, 28417, 2, 0, 0, 317
1002,4,0, 1050227,benign, 545, 147, 8551, 1, 5824, 2689, 1, 464, 699, 0, 199, 33554, 397, 3, 40, 6632, 323, 511, 6, 13170, 9179, 19495, 0, 0, 25, 4985, 4661, 8485, 42, 0, 0, 18, 20, 170, 4, 34087, 25381, 28675, 2, 0, 0, 377
1003,5,18, 1051044,benign, 535, 147, 8563, 4, 5829, 2694, 2, 464, 699, 0, 204, 33277, 397, 3, 42, 7010, 312, 443, 5, 13017, 9040, 19489, 0, 0, 25, 4707, 4896, 8478, 42, 0, 0, 18, 20, 160, 3, 33911, 25357, 28863, 2, 0, 0, 378
1004,2,26, 1050678,SDC, 557, 148, 8551, 0, 5819, 2694, 2, 464, 694, 0, 204, 33449, 392, 3, 42, 6567, 330, 552, 5, 13289, 9321, 19476, 0, 0, 25, 4709, 4892, 8481, 42, 0, 0, 18, 20, 158, 3, 33792, 25479, 28931, 2, 0, 0, 323
1005,2,13, 1052113,SDC, 593, 147, 8553, 0, 5829, 2690, 1, 464, 694, 0, 199, 33480, 392, 3, 41, 6992, 299, 446, 6, 13660, 9672, 19480, 0, 0, 25, 4703, 4891, 8485, 42, 0, 0, 18, 20, 167, 3, 34180, 25416, 28908, 2, 0, 0, 319
1006,2,23, 1051944,benign, 562, 147, 8556, 4, 5825, 2691, 2, 464, 699, 0, 199, 33609, 397, 3, 43, 6878, 318, 444, 5, 13453, 9471, 19477, 0, 0, 25, 4715, 4889, 8496, 42, 0, 0, 18, 20, 158, 3, 34128, 25335, 28611, 2, 0, 0, 321
1007,10,8, 1056630,benign, 743, 148, 8566, 0, 5823, 2687, 2, 464, 699, 0, 203, 34083, 397, 3, 41, 7572, 316, 686, 5, 13634, 9607, 19489, 0, 0, 25, 4741, 4868, 8473, 42, 0, 0, 18, 20, 159, 3, 34743, 25678, 29175, 2, 0, 0, 317
1008,4,29, 1050082,benign, 525, 146, 8557, 0, 5827, 2691, 1, 464, 699, 0, 195, 33594, 397, 3, 41, 6810, 502, 450, 5, 13194, 9190, 19493, 0, 0, 25, 4707, 4904, 8473, 42, 0, 0, 19, 23, 157, 2, 34016, 25344, 28609, 1, 0, 0, 443
1009,5,14, 1059019,benign, 817, 150, 8567, 0, 5825, 2687, 1, 464, 699, 0, 196, 33709, 397, 3, 43, 7900, 392, 443, 5, 13751, 9754, 19514, 0, 0, 25, 4728, 4878, 8473, 40, 0, 0, 18, 20, 158, 4, 34862, 26125, 29406, 2, 0, 0, 317
1010,10,9, 1060196,benign, 500, 148, 8543, 4, 5821, 2695, 1, 464, 699, 0, 188, 33222, 397, 3, 39, 6306, 299, 439, 5, 13183, 9168, 19490, 0, 0, 25, 4442, 5169, 8478, 34, 0, 0, 18, 20, 271, 3, 33977, 24939, 28185, 1, 0, 0, 397
1011,6,24, 1052724,benign, 590, 149, 8566, 4, 5824, 2690, 1, 464, 699, 0, 196, 33192, 397, 3, 42, 6992, 282, 447, 5, 13670, 9471, 19477, 0, 0, 25, 4712, 4891, 8491, 42, 0, 0, 18, 20, 158, 3, 33703, 25234, 28723, 2, 0, 0, 317
1012,1,16, 1059202,benign, 834, 148, 8578, 0, 5830, 2686, 1, 464, 699, 0, 197, 33899, 397, 3, 42, 7538, 264, 442, 5, 13751, 9801, 19512, 0, 0, 25, 4735, 4873, 8480, 42, 0, 0, 18, 20, 158, 4, 34663, 26115, 29610, 2, 0, 0, 323
1013,4,2, 1053516,benign, 612, 148, 8570, 6, 5828, 2685, 2, 464, 699, 0, 200, 33464, 397, 3, 41, 7077, 284, 443, 5, 13425, 9466, 19483, 0, 0, 25, 4780, 4943, 8490, 42, 0, 0, 18, 20, 158, 3, 33853, 25242, 28632, 1, 0, 0, 405
1014,5,4, 1054928,benign, 655, 149, 8570, 4, 5825, 2690, 1, 464, 699, 0, 194, 33416, 397, 3, 42, 7225, 312, 442, 5, 13366, 9388, 19465, 0, 0, 25, 4697, 4902, 8484, 41, 0, 0, 19, 22, 160, 3, 34151, 25497, 28827, 2, 0, 0, 317
1015,8,29, 1051093,benign, 580, 148, 8562, 0, 5825, 2690, 1, 464, 700, 0, 199, 33271, 397, 3, 42, 6461, 316, 625, 5, 13160, 9189, 19520, 0, 0, 25, 4712, 4887, 8480, 42, 0, 0, 18, 20, 158, 3, 33949, 25539, 28849, 2, 0, 0, 317
1016,8,7, 1057595,benign, 761, 149, 8572, 0, 5823, 2679, 1, 464, 699, 0, 194, 33561, 397, 3, 41, 7289, 325, 513, 5, 13608, 9589, 19494, 0, 0, 25, 4732, 4886, 8487, 42, 0, 0, 18, 20, 158, 4, 34503, 25945, 29201, 2, 0, 0, 317
1017,9,3, 1056878,benign, 741, 147, 8584, 0, 5829, 2694, 1, 464, 699, 0, 196, 34487, 397, 3, 41, 7355, 332, 576, 5, 13668, 9701, 19497, 0, 0, 25, 4736, 4909, 8490, 42, 0, 0, 18, 20, 159, 3, 34496, 25616, 28900, 2, 0, 0, 384
1018,3,24, 1057024,benign, 722, 146, 8574, 4, 5829, 2695, 1, 464, 699, 0, 193, 33453, 397, 3, 41, 7321, 283, 567, 5, 13563, 9554, 19479, 0, 0, 25, 4734, 4871, 8480, 42, 0, 0, 18, 20, 159, 3, 34843, 25413, 28694, 2, 0, 0, 317
1019,3,31, 1049966,SDC, 535, 146, 8528, 0, 5806, 2689, 4, 480, 710, 0, 195, 34340, 408, 3, 41, 6813, 317, 510, 5, 13650, 9475, 20093, 0, 0, 25, 4608, 5373, 8680, 42, 0, 0, 18, 20, 165, 2, 34864, 26167, 29697, 2, 0, 0, 319
1020,0,30, 1058734,benign, 802, 146, 8582, 0, 5825, 2693, 1, 464, 699, 0, 198, 33816, 397, 3, 42, 7394, 475, 573, 5, 13728, 9793, 19512, 0, 0, 25, 4986, 5157, 8484, 42, 0, 0, 18, 20, 233, 3, 34411, 25828, 29119, 2, 0, 0, 415
1021,0,13, 1051795,benign, 581, 149, 8557, 0, 5827, 2690, 1, 464, 699, 0, 198, 33514, 397, 3, 42, 7146, 312, 442, 5, 13625, 9622, 19490, 0, 0, 25, 4729, 4877, 8483, 42, 0, 0, 18, 20, 158, 4, 33947, 25639, 28942, 2, 0, 0, 319
1022,4,2, 1058838,benign, 801, 149, 8577, 1, 5824, 2688, 1, 464, 699, 0, 192, 33797, 397, 3, 41, 7848, 302, 461, 5, 13722, 9706, 19482, 0, 0, 25, 4776, 4835, 8485, 42, 0, 0, 18, 20, 160, 3, 34587, 26027, 29367, 1, 0, 0, 317
1023,7,21, 1054888,benign, 654, 148, 8562, 4, 5829, 2694, 1, 464, 699, 0, 197, 33695, 397, 3, 42, 7276, 291, 454, 5, 13049, 9059, 19469, 0, 0, 25, 4712, 4889, 8482, 41, 0, 0, 18, 20, 160, 3, 34313, 25453, 28929, 2, 0, 0, 317
1024,7,3, 1055913,benign, 723, 147, 8572, 0, 5829, 2689, 1, 464, 699, 0, 198, 33509, 397, 3, 43, 7147, 310, 442, 5, 13683, 9708, 19506, 0, 0, 25, 4781, 4951, 8485, 42, 0, 0, 18, 20, 168, 3, 34722, 25599, 28855, 2, 0, 0, 384
1025,5,15, 1055503,benign, 700, 146, 8568, 0, 5824, 2688, 5, 464, 699, 0, 193, 33827, 397, 3, 41, 7202, 294, 447, 5, 13937, 9915, 19487, 0, 0, 25, 4969, 4764, 8483, 40, 0, 0, 18, 20, 158, 3, 34187, 25831, 29160, 2, 0, 0, 379
1026,10,6, 1055261,benign, 709, 164, 8570, 0, 5830, 2692, 2, 464, 699, 0, 196, 33663, 397, 3, 43, 7482, 308, 442, 5, 13625, 9430, 19501, 0, 0, 25, 4732, 4915, 8477, 42, 0, 0, 18, 20, 158, 3, 34662, 25459, 28732, 2, 0, 0, 386
1027,5,5, 1055378,benign, 696, 149, 8572, 0, 5827, 2694, 1, 464, 699, 0, 196, 33488, 397, 3, 43, 7316, 328, 600, 5, 13774, 9613, 19507, 0, 0, 25, 4734, 4879, 8481, 42, 0, 0, 18, 20, 159, 3, 34566, 25723, 28989, 2, 0, 0, 384
1028,8,18, 1050263,benign, 537, 148, 8546, 0, 5824, 2689, 1, 464, 699, 0, 199, 33404, 397, 3, 41, 6964, 318, 446, 5, 13438, 9445, 19626, 0, 0, 25, 4829, 4897, 8488, 42, 0, 0, 18, 20, 157, 4, 34179, 25588, 28917, 2, 0, 0, 319
1029,3,7, 1050454,benign, 543, 147, 8549, 0, 5831, 2695, 1, 464, 700, 0, 207, 33584, 397, 3, 41, 6872, 277, 444, 5, 13294, 9317, 19483, 0, 0, 25, 4708, 4894, 8480, 42, 0, 0, 18, 20, 158, 3, 33824, 25583, 28839, 2, 0, 0, 321
1030,9,0, 1056828,benign, 714, 147, 8568, 4, 5824, 2690, 1, 464, 699, 0, 198, 33260, 397, 3, 41, 7648, 313, 444, 5, 13323, 9302, 19469, 0, 0, 25, 4809, 4827, 8482, 42, 0, 0, 18, 20, 326, 4, 34777, 25575, 29116, 2, 0, 0, 447
1031,1,10, 1057837,benign, 787, 148, 8579, 0, 5829, 2689, 3, 464, 699, 0, 200, 33846, 397, 3, 41, 7315, 303, 445, 5, 13965, 10005, 19531, 0, 0, 25, 4715, 4885, 8492, 42, 0, 0, 18, 20, 158, 3, 34465, 25804, 29073, 2, 0, 0, 317
1032,1,31, 1057659,benign, 762, 147, 8579, 0, 5825, 2687, 3, 464, 699, 0, 205, 34077, 397, 3, 41, 7362, 322, 510, 5, 14035, 9853, 19507, 0, 0, 25, 4743, 4904, 8491, 42, 0, 0, 18, 20, 169, 3, 34755, 26288, 29577, 2, 0, 0, 317
1033,8,8, 1052560,benign, 581, 147, 8564, 4, 5825, 2688, 1, 464, 699, 0, 194, 33739, 397, 3, 41, 6821, 440, 445, 5, 13616, 9489, 19484, 0, 0, 25, 4786, 4833, 8487, 42, 0, 0, 18, 20, 232, 3, 34383, 25337, 28786, 2, 0, 0, 317
1034,10,13, 1050831,benign, 563, 146, 8569, 0, 5828, 2688, 2, 464, 699, 0, 194, 33326, 397, 3, 41, 6659, 294, 447, 5, 13147, 9242, 19511, 0, 0, 25, 4700, 4908, 8482, 42, 0, 0, 18, 20, 158, 2, 34170, 25462, 28757, 2, 0, 0, 319
1035,7,21, 1052758,benign, 610, 148, 8555, 1, 5825, 2690, 2, 464, 699, 0, 210, 33977, 397, 3, 42, 7133, 329, 457, 5, 13183, 9168, 19490, 0, 0, 25, 4794, 4830, 8490, 42, 0, 0, 18, 20, 160, 4, 34323, 25270, 28537, 2, 0, 0, 376
1036,6,26, 1052366,benign, 597, 147, 8558, 0, 5823, 2685, 1, 464, 699, 0, 195, 33699, 397, 3, 42, 6968, 286, 449, 5, 13456, 9473, 19502, 0, 0, 25, 4724, 4874, 8480, 42, 0, 0, 18, 20, 159, 3, 33943, 25506, 28766, 2, 0, 0, 384
1037,3,5, 1053378,SDC, 634, 149, 8557, 0, 5819, 2687, 1, 464, 694, 0, 196, 33419, 392, 3, 41, 6682, 307, 448, 5, 13587, 9634, 19495, 0, 0, 25, 4766, 4826, 8480, 42, 0, 0, 18, 20, 167, 3, 34162, 25900, 29217, 2, 0, 0, 377
1038,2,8, 1055713,benign, 702, 149, 8574, 0, 5832, 2691, 4, 464, 699, 0, 195, 34003, 397, 3, 42, 7194, 281, 446, 5, 13378, 9378, 19492, 0, 0, 25, 4721, 4880, 8481, 42, 0, 0, 18, 20, 158, 3, 34722, 25765, 29061, 2, 0, 0, 317
1039,8,27, 1058631,benign, 791, 146, 8570, 0, 5827, 2693, 4, 464, 699, 0, 199, 33999, 397, 3, 43, 7572, 342, 460, 5, 13882, 9993, 19501, 0, 0, 25, 4779, 4827, 8483, 42, 0, 0, 18, 20, 166, 3, 34493, 26500, 29980, 2, 0, 0, 319
1040,2,14, 1051143,benign, 564, 147, 8567, 0, 5825, 2689, 1, 464, 699, 0, 202, 33678, 397, 3, 45, 6381, 306, 443, 5, 13215, 9208, 19512, 0, 0, 25, 4706, 4897, 8480, 42, 0, 0, 18, 20, 160, 3, 34077, 25638, 28942, 2, 0, 0, 381
1041,4,11, 1058479,benign, 790, 148, 8579, 0, 5826, 2688, 1, 464, 699, 0, 193, 34193, 397, 3, 40, 7338, 306, 507, 5, 13825, 9883, 19508, 0, 0, 25, 4775, 4830, 8482, 42, 0, 0, 18, 20, 153, 2, 35025, 25577, 28907, 1, 0, 0, 376
1042,10,25, 1054518,benign, 658, 148, 8575, 0, 5830, 2695, 1, 464, 699, 0, 197, 33925, 397, 3, 41, 7387, 282, 504, 5, 13588, 9562, 19485, 0, 0, 25, 4720, 4888, 8487, 42, 0, 0, 18, 20, 159, 3, 34388, 25330, 28598, 2, 0, 0, 317
1043,5,23, 1059247,benign, 815, 148, 8585, 0, 5826, 2685, 1, 464, 699, 0, 194, 34321, 397, 3, 41, 7474, 329, 442, 5, 13757, 9723, 19518, 0, 0, 25, 4865, 4899, 8487, 42, 0, 0, 18, 20, 160, 3, 34812, 26209, 29474, 2, 0, 0, 320
1044,1,4, 1052369,SDC, 602, 148, 8564, 0, 5823, 2694, 1, 464, 694, 0, 198, 33214, 392, 3, 41, 6912, 285, 451, 5, 13097, 9142, 19495, 0, 0, 25, 4733, 4864, 8484, 42, 0, 0, 18, 20, 158, 4, 34082, 25100, 28406, 2, 0, 0, 319
1045,4,8, 1052815,benign, 608, 149, 8571, 1, 5829, 2688, 1, 464, 699, 0, 201, 33520, 397, 3, 41, 6860, 319, 438, 5, 13908, 9903, 19520, 0, 0, 25, 4728, 4871, 8484, 42, 0, 0, 18, 20, 153, 2, 34177, 25825, 29105, 2, 0, 0, 319
1046,9,4, 1049930,benign, 526, 148, 8563, 0, 5828, 2687, 2, 464, 699, 0, 194, 33360, 397, 3, 42, 6736, 277, 455, 5, 13358, 9286, 19515, 0, 0, 25, 4467, 5175, 8478, 42, 0, 0, 18, 20, 170, 3, 34144, 25588, 29010, 2, 0, 0, 319
1047,2,18, 1060396,benign, 790, 148, 8566, 4, 5829, 2691, 1, 464, 700, 0, 203, 34013, 397, 3, 42, 7447, 320, 446, 5, 13600, 9643, 19502, 0, 0, 25, 4959, 4644, 8486, 40, 0, 0, 18, 20, 158, 3, 34458, 25897, 29178, 2, 0, 0, 317
1048,0,4, 1056358,benign, 725, 147, 8576, 0, 5827, 2693, 2, 464, 699, 0, 197, 34018, 397, 3, 41, 7015, 342, 443, 5, 13671, 9677, 19516, 0, 0, 25, 4735, 4863, 8484, 42, 0, 0, 18, 20, 159, 3, 34557, 25616, 28905, 2, 0, 0, 319
1049,5,11, 1050116,benign, 503, 146, 8551, 4, 5827, 2696, 5, 464, 699, 0, 198, 33376, 397, 3, 41, 6749, 311, 451, 5, 12894, 8830, 19459, 0, 0, 25, 4433, 5164, 8473, 41, 0, 0, 19, 23, 168, 2, 34266, 25169, 28451, 2, 0, 0, 384
1050,7,29, 1055227,benign, 685, 148, 8562, 0, 5825, 2690, 1, 464, 699, 0, 202, 33820, 397, 3, 41, 7150, 337, 666, 5, 13310, 9336, 19521, 0, 0, 25, 4784, 4958, 8488, 42, 0, 0, 18, 20, 159, 3, 34189, 25947, 29231, 2, 0, 0, 383
1051,7,29, 1050594,benign, 543, 147, 8552, 0, 5823, 2689, 1, 464, 699, 0, 205, 33549, 397, 3, 41, 6656, 294, 446, 5, 13107, 9113, 19516, 0, 0, 25, 4705, 4902, 8484, 42, 0, 0, 18, 20, 158, 3, 34236, 25264, 28536, 2, 0, 0, 320
1052,5,27, 1052349,benign, 594, 147, 8560, 0, 5822, 2688, 2, 464, 699, 0, 197, 33845, 397, 3, 42, 6690, 474, 446, 5, 13822, 9857, 19497, 0, 0, 25, 4808, 4842, 8480, 42, 0, 0, 18, 20, 158, 3, 33777, 25349, 28638, 2, 0, 0, 319
1053,7,6, 1052947,benign, 625, 147, 8577, 0, 5827, 2689, 1, 464, 699, 0, 201, 33452, 397, 3, 41, 7231, 288, 456, 5, 13601, 9620, 19489, 0, 0, 25, 4815, 4829, 8480, 42, 0, 0, 18, 20, 158, 3, 34178, 25766, 29039, 2, 0, 0, 319
1054,8,9, 1054700,benign, 647, 146, 8573, 4, 5824, 2691, 1, 464, 700, 0, 196, 33767, 397, 3, 41, 7117, 343, 510, 5, 13265, 9267, 19471, 0, 0, 25, 4768, 4973, 8484, 42, 0, 0, 18, 20, 158, 4, 34101, 25516, 28887, 2, 0, 0, 442
1055,3,25, 1055974,SDC, 708, 150, 8569, 0, 5824, 2697, 1, 464, 694, 0, 195, 33669, 392, 3, 43, 7232, 301, 450, 5, 14035, 10050, 19522, 0, 0, 25, 4925, 4956, 8487, 42, 0, 0, 18, 20, 384, 3, 34799, 25677, 28967, 2, 0, 0, 317
1056,10,18, 1058639,benign, 794, 150, 8578, 0, 5825, 2686, 2, 464, 699, 0, 199, 34125, 397, 3, 45, 8161, 345, 444, 5, 14347, 10190, 19543, 0, 0, 25, 4949, 4656, 8485, 42, 0, 0, 18, 20, 160, 3, 34699, 26152, 29443, 2, 0, 0, 384
1057,9,5, 1052594,benign, 614, 149, 8571, 0, 5830, 2691, 2, 464, 699, 0, 198, 33557, 397, 3, 41, 6655, 315, 529, 5, 13811, 9818, 19618, 0, 0, 25, 4792, 4808, 8477, 42, 0, 0, 18, 20, 158, 3, 33923, 25475, 28822, 2, 0, 0, 317
1058,1,13, 1051807,benign, 576, 148, 8562, 0, 5829, 2695, 2, 464, 699, 0, 200, 33971, 397, 3, 42, 6987, 309, 442, 5, 13307, 9295, 19503, 0, 0, 25, 4780, 4828, 8485, 42, 0, 0, 19, 23, 162, 3, 34265, 25395, 28646, 2, 0, 0, 378
1059,1,12, 1058807,benign, 805, 148, 8579, 0, 5825, 2689, 1, 464, 699, 0, 199, 34090, 397, 3, 42, 7478, 304, 445, 5, 13938, 9994, 19496, 0, 0, 25, 4725, 4881, 8489, 42, 0, 0, 18, 20, 158, 3, 34871, 26290, 29558, 2, 0, 0, 319
1060,4,31, 1058123,benign, 786, 147, 8577, 0, 5826, 2691, 1, 464, 699, 0, 195, 34253, 397, 3, 40, 7838, 524, 449, 5, 14193, 10202, 19523, 0, 0, 25, 4792, 4943, 8485, 42, 0, 0, 18, 20, 152, 2, 34763, 26059, 29379, 1, 0, 0, 376
1061,4,21, 1056393,benign, 726, 148, 8577, 0, 5827, 2694, 2, 464, 699, 0, 193, 33903, 397, 3, 41, 7429, 319, 446, 5, 13718, 9727, 19505, 0, 0, 25, 4715, 4878, 8478, 42, 0, 0, 18, 20, 152, 2, 34592, 25859, 29199, 1, 0, 0, 447
1062,4,4, 1057977,benign, 776, 148, 8575, 1, 5833, 2688, 1, 464, 699, 0, 200, 33839, 397, 3, 41, 7293, 495, 521, 5, 13963, 9820, 19503, 0, 0, 25, 4716, 4885, 8482, 42, 0, 0, 19, 23, 161, 3, 34756, 26373, 29664, 2, 0, 0, 317
1063,2,30, 1051395,SDC, 565, 147, 8558, 0, 5825, 2695, 1, 464, 694, 0, 198, 33221, 392, 3, 41, 6859, 317, 445, 5, 13070, 9067, 19484, 0, 0, 25, 4706, 4892, 8478, 42, 0, 0, 18, 20, 158, 4, 33934, 25675, 29137, 2, 0, 0, 385
1064,0,6, 1052521,benign, 605, 148, 8561, 0, 5825, 2689, 1, 464, 699, 0, 198, 33479, 397, 3, 43, 6868, 308, 459, 5, 13479, 9483, 19498, 0, 0, 25, 4735, 4875, 8488, 42, 0, 0, 18, 20, 160, 3, 34231, 25716, 29068, 2, 0, 0, 384
1065,5,26, 1054473,benign, 664, 149, 8571, 0, 5828, 2694, 1, 464, 699, 0, 200, 33874, 397, 3, 41, 7038, 277, 444, 5, 13567, 9578, 19500, 0, 0, 25, 4764, 4949, 8478, 42, 0, 0, 18, 20, 159, 3, 34348, 25311, 28580, 2, 0, 0, 317
1066,3,16, 1050288,benign, 511, 148, 8564, 4, 5826, 2687, 1, 464, 699, 0, 194, 33270, 397, 3, 41, 6542, 350, 442, 5, 13038, 9075, 19471, 0, 0, 25, 4690, 4910, 8474, 42, 0, 0, 18, 20, 157, 4, 33735, 25268, 28539, 2, 0, 0, 378
1067,6,31, 1049893,benign, 537, 148, 8562, 0, 5819, 2688, 1, 464, 699, 0, 194, 33628, 397, 3, 42, 6838, 307, 522, 5, 13276, 9273, 19498, 0, 0, 25, 4689, 4912, 8477, 41, 0, 0, 19, 23, 169, 3, 34322, 25181, 28503, 2, 0, 0, 316
1068,0,31, 1052608,benign, 585, 148, 8564, 4, 5825, 2690, 2, 464, 699, 0, 196, 33523, 397, 3, 43, 7257, 282, 444, 5, 13405, 9428, 19489, 0, 0, 25, 4722, 4891, 8490, 42, 0, 0, 18, 20, 160, 3, 34036, 25294, 28583, 2, 0, 0, 375
1069,5,16, 1053148,benign, 596, 147, 8563, 4, 5823, 2691, 1, 464, 699, 0, 197, 33284, 397, 3, 41, 7114, 301, 447, 5, 13063, 9114, 19481, 0, 0, 25, 4798, 4815, 8477, 42, 0, 0, 18, 20, 159, 3, 33812, 25241, 28502, 2, 0, 0, 324
1070,6,19, 1054228,benign, 633, 146, 8563, 4, 5826, 2694, 2, 464, 699, 0, 198, 33658, 397, 3, 41, 7323, 335, 447, 5, 13569, 9554, 19471, 0, 0, 25, 4719, 4889, 8490, 42, 0, 0, 18, 20, 166, 3, 34278, 25248, 28517, 2, 0, 0, 316
1071,2,10, 1057307,benign, 764, 147, 8574, 0, 5828, 2695, 1, 464, 699, 0, 195, 34007, 397, 3, 41, 7190, 310, 504, 5, 14044, 10048, 19533, 0, 0, 25, 4719, 4883, 8482, 42, 0, 0, 18, 20, 157, 4, 34663, 25932, 29213, 2, 0, 0, 319
1072,7,6, 1053181,benign, 624, 147, 8562, 0, 5824, 2691, 1, 464, 699, 0, 198, 33438, 397, 3, 42, 6967, 337, 444, 5, 13257, 9253, 19504, 0, 0, 25, 4736, 4913, 8487, 42, 0, 0, 18, 20, 158, 3, 34501, 25732, 29111, 2, 0, 0, 319
1073,9,31, 1059407,benign, 820, 147, 8575, 0, 5829, 2694, 2, 464, 699, 0, 203, 34101, 397, 3, 43, 7526, 320, 444, 5, 14060, 10075, 19537, 0, 0, 25, 4752, 4899, 8485, 42, 0, 0, 18, 20, 167, 3, 34606, 26001, 29273, 2, 0, 0, 318
1074,0,12, 1056981,benign, 742, 149, 8568, 0, 5829, 2697, 1, 464, 699, 0, 201, 33835, 397, 3, 41, 7198, 305, 509, 5, 13443, 9495, 19505, 0, 0, 25, 4781, 4825, 8480, 42, 0, 0, 18, 20, 160, 3, 34797, 25954, 29231, 2, 0, 0, 317
1075,5,21, 1059414,benign, 809, 147, 8570, 0, 5826, 2693, 2, 464, 699, 0, 193, 33933, 397, 3, 43, 7754, 339, 683, 6, 14160, 10184, 19522, 0, 0, 25, 4719, 4893, 8484, 42, 0, 0, 18, 20, 167, 3, 34722, 26110, 29418, 2, 0, 0, 319
1076,10,29, 1053648,benign, 633, 163, 8574, 4, 5831, 2695, 2, 464, 699, 0, 199, 33966, 397, 3, 43, 7288, 327, 451, 5, 13190, 9162, 19484, 0, 0, 25, 4725, 4885, 8480, 41, 0, 0, 18, 20, 209, 4, 33620, 25129, 28437, 2, 0, 0, 384
1077,3,3, 1056999,benign, 738, 147, 8575, 0, 5828, 2694, 1, 464, 700, 0, 198, 33711, 397, 3, 41, 7586, 308, 443, 5, 13564, 9600, 19491, 0, 0, 25, 4793, 4941, 8480, 41, 0, 0, 18, 20, 166, 4, 34767, 25790, 29074, 2, 0, 0, 317
1078,2,28, 1058979,SDC, 807, 148, 8578, 0, 5824, 2698, 2, 464, 694, 0, 199, 33969, 392, 3, 43, 7891, 306, 502, 5, 13860, 9925, 19503, 0, 0, 25, 4705, 4889, 8473, 42, 0, 0, 18, 20, 167, 3, 34866, 25871, 29218, 2, 0, 0, 316
1079,3,8, 1053668,SDC, 620, 148, 8561, 4, 5818, 2692, 1, 464, 694, 0, 198, 33552, 392, 3, 41, 7389, 287, 445, 5, 13405, 9418, 19474, 0, 0, 25, 4766, 4944, 8486, 42, 0, 0, 18, 20, 159, 3, 34085, 25201, 28511, 2, 0, 0, 317
1080,7,14, 1054886,benign, 690, 148, 8573, 0, 5827, 2694, 1, 464, 699, 0, 196, 33545, 397, 3, 42, 7269, 511, 446, 5, 13605, 9486, 19520, 0, 0, 25, 4720, 4886, 8484, 41, 0, 0, 18, 20, 160, 4, 34434, 25505, 28864, 2, 0, 0, 384
1081,10,10, 1056048,benign, 692, 148, 8572, 4, 5830, 2691, 2, 464, 699, 0, 199, 33518, 397, 3, 41, 7489, 298, 544, 5, 13165, 9175, 19475, 0, 0, 25, 4719, 4884, 8484, 42, 0, 0, 19, 23, 160, 3, 34012, 25208, 28519, 2, 0, 0, 440
1082,1,0, 1051243,benign, 578, 148, 8562, 0, 5827, 2688, 1, 464, 699, 0, 201, 33337, 397, 3, 43, 6500, 300, 442, 5, 13213, 9241, 19497, 0, 0, 25, 5006, 4711, 8484, 41, 0, 0, 18, 20, 159, 3, 33942, 25587, 28855, 2, 0, 0, 319
1083,0,1, 1052643,benign, 605, 147, 8559, 1, 5825, 2692, 1, 464, 699, 0, 201, 33914, 397, 3, 43, 6987, 313, 452, 5, 13645, 9661, 19510, 0, 0, 25, 4781, 4823, 8495, 42, 0, 0, 18, 20, 168, 3, 34162, 25468, 28717, 2, 0, 0, 384
1084,2,14, 1055287,SDC, 693, 148, 8560, 0, 5823, 2698, 3, 464, 694, 0, 198, 33559, 392, 3, 43, 6867, 331, 443, 5, 13537, 9592, 19480, 0, 0, 25, 4715, 4882, 8486, 42, 0, 0, 18, 20, 158, 4, 34300, 25557, 28860, 2, 0, 0, 321
1085,0,4, 1058392,benign, 763, 148, 8576, 4, 5826, 2693, 1, 464, 699, 0, 199, 33708, 397, 3, 44, 7775, 305, 441, 5, 13422, 9429, 19493, 0, 0, 25, 4773, 4863, 8485, 42, 0, 0, 18, 20, 160, 3, 34780, 25540, 28927, 2, 0, 0, 319
1086,10,13, 1057810,benign, 769, 148, 8581, 0, 5831, 2692, 1, 464, 699, 0, 194, 34147, 397, 3, 42, 7506, 361, 453, 5, 14245, 10295, 19559, 0, 0, 25, 4789, 4944, 8492, 42, 0, 0, 18, 20, 169, 4, 34658, 25871, 29152, 2, 0, 0, 379
1087,5,11, 1059460,benign, 793, 148, 8583, 4, 5825, 2690, 1, 464, 699, 0, 195, 33696, 397, 3, 41, 7464, 394, 444, 5, 13735, 9880, 19488, 0, 0, 25, 4746, 4913, 8490, 41, 0, 0, 18, 20, 286, 3, 34435, 26045, 29505, 2, 0, 0, 317
1088,1,5, 1056604,benign, 709, 148, 8576, 4, 5828, 2696, 1, 464, 699, 0, 199, 34013, 397, 3, 42, 7533, 324, 518, 5, 13456, 9381, 19472, 0, 0, 25, 4784, 4937, 8479, 42, 0, 0, 18, 20, 167, 3, 34339, 25463, 28729, 2, 0, 0, 319
1089,9,22, 1058727,benign, 796, 147, 8575, 0, 5828, 2690, 1, 464, 699, 0, 194, 34119, 397, 3, 41, 7386, 456, 446, 5, 13759, 9810, 19505, 0, 0, 25, 4977, 4672, 8481, 42, 0, 0, 18, 20, 158, 4, 35045, 26247, 29518, 2, 0, 0, 321
1090,4,26, 1054496,benign, 644, 148, 8565, 3, 5823, 2687, 2, 464, 699, 0, 200, 33810, 397, 3, 40, 7178, 333, 438, 5, 13173, 9195, 19474, 0, 0, 25, 4835, 5013, 8489, 41, 0, 0, 18, 20, 169, 3, 33911, 25467, 28789, 2, 0, 0, 319
1091,10,13, 1051192,benign, 538, 148, 8556, 4, 5825, 2689, 1, 464, 699, 0, 199, 33109, 397, 3, 41, 6630, 314, 696, 5, 13031, 9043, 19484, 0, 0, 25, 4729, 4917, 8483, 42, 0, 0, 18, 20, 158, 3, 33791, 25314, 28583, 2, 0, 0, 317
1092,10,15, 1055251,benign, 697, 161, 8571, 0, 5828, 2689, 2, 464, 699, 0, 200, 33843, 397, 3, 41, 7442, 312, 445, 5, 14056, 9854, 19490, 0, 0, 25, 4808, 4841, 8490, 42, 0, 0, 18, 20, 158, 4, 34030, 25744, 29004, 2, 0, 0, 419
1093,4,18, 1051278,benign, 564, 148, 8566, 0, 5827, 2686, 3, 464, 699, 0, 198, 33496, 397, 3, 41, 6796, 315, 437, 5, 13421, 9458, 19483, 0, 0, 25, 4705, 4901, 8490, 42, 0, 0, 18, 20, 161, 2, 34087, 25772, 29138, 1, 0, 0, 331
1094,0,8, 1050194,benign, 524, 147, 8559, 0, 5829, 2693, 1, 464, 699, 0, 197, 33489, 397, 3, 41, 6988, 296, 573, 5, 13360, 9351, 19499, 0, 0, 25, 4944, 4662, 8488, 42, 0, 0, 18, 20, 160, 4, 33955, 25156, 28465, 2, 0, 0, 317
1095,1,14, 1057401,benign, 755, 149, 8574, 0, 5827, 2696, 1, 464, 699, 0, 196, 34002, 397, 3, 42, 7301, 302, 457, 5, 13732, 9792, 19503, 0, 0, 25, 4790, 4941, 8493, 42, 0, 0, 18, 20, 160, 3, 34367, 25682, 28980, 2, 0, 0, 319
1096,4,14, 1051182,benign, 559, 148, 8558, 0, 5827, 2689, 1, 464, 699, 0, 193, 33543, 397, 3, 40, 6764, 299, 444, 5, 13407, 9448, 19506, 0, 0, 25, 4716, 4894, 8495, 42, 0, 0, 18, 20, 153, 2, 33951, 25343, 28599, 1, 0, 0, 317
1097,7,6, 1056180,benign, 693, 147, 8580, 4, 5827, 2696, 2, 464, 699, 0, 203, 33528, 397, 3, 43, 7227, 324, 496, 5, 13633, 9672, 19469, 0, 0, 25, 4742, 4902, 8490, 42, 0, 0, 18, 20, 159, 3, 33973, 25760, 29021, 2, 0, 0, 319
1098,5,22, 1057744,benign, 744, 147, 8575, 4, 5825, 2690, 2, 464, 699, 0, 194, 33525, 397, 3, 43, 7383, 314, 443, 5, 13662, 9688, 19478, 0, 0, 25, 4743, 4901, 8473, 41, 0, 0, 18, 20, 159, 3, 34150, 25481, 28783, 2, 0, 0, 317
1099,2,9, 1052977,benign, 611, 146, 8566, 0, 5827, 2695, 5, 464, 699, 0, 196, 33573, 397, 3, 43, 7027, 416, 443, 5, 13266, 9328, 19505, 0, 0, 25, 4793, 4939, 8478, 42, 0, 0, 18, 20, 174, 3, 33979, 25256, 28533, 2, 0, 0, 384
1100,0,29, 1055218,benign, 687, 147, 8571, 0, 5824, 2689, 2, 464, 699, 0, 198, 33629, 397, 3, 41, 7271, 291, 445, 5, 13948, 9751, 19505, 0, 0, 25, 4706, 4889, 8493, 42, 0, 0, 18, 20, 159, 3, 34432, 25573, 28830, 2, 0, 0, 319
1101,4,22, 1056241,benign, 731, 148, 8577, 0, 5828, 2690, 1, 464, 699, 0, 196, 33846, 397, 3, 40, 7252, 310, 513, 5, 13695, 9745, 19501, 0, 0, 25, 4713, 4890, 8491, 42, 0, 0, 18, 20, 153, 2, 34243, 26034, 29431, 1, 0, 0, 319
1102,2,16, 1052550,benign, 600, 147, 8572, 0, 5829, 2696, 5, 464, 699, 0, 198, 33493, 397, 3, 41, 6690, 321, 509, 5, 13539, 9549, 19489, 0, 0, 25, 4725, 4883, 8476, 41, 0, 0, 18, 20, 159, 3, 34184, 25479, 28862, 2, 0, 0, 529
1103,3,20, 1056649,SDC, 736, 147, 8567, 0, 5818, 2690, 1, 464, 694, 0, 204, 34016, 392, 3, 42, 7262, 293, 444, 5, 13758, 9760, 19495, 0, 0, 25, 4723, 4883, 8484, 42, 0, 0, 19, 23, 160, 4, 34645, 25956, 29436, 2, 0, 0, 317
1104,4,25, 1053316,benign, 607, 148, 8570, 3, 5824, 2687, 1, 464, 699, 0, 195, 33327, 397, 3, 44, 6789, 370, 442, 5, 13382, 9420, 19490, 0, 0, 25, 4736, 4871, 8483, 42, 0, 0, 18, 20, 160, 3, 33674, 25206, 28500, 2, 0, 0, 377
1105,0,31, 1059460,benign, 790, 148, 8573, 4, 5824, 2688, 6, 464, 700, 0, 197, 33913, 397, 3, 41, 7634, 339, 444, 5, 13762, 9846, 19482, 0, 0, 25, 4739, 4899, 8487, 42, 0, 0, 18, 20, 157, 4, 34575, 26061, 29331, 2, 0, 0, 319
1106,1,4, 1058578,benign, 792, 149, 8574, 0, 5827, 2686, 2, 464, 699, 0, 201, 34580, 397, 3, 41, 7340, 314, 442, 5, 13980, 10055, 19559, 0, 0, 25, 4781, 4818, 8481, 42, 0, 0, 18, 20, 158, 4, 34682, 26118, 29387, 2, 0, 0, 317
1107,9,0, 1050687,benign, 549, 148, 8556, 0, 5826, 2690, 5, 464, 699, 0, 196, 33489, 397, 3, 41, 7000, 435, 573, 5, 13270, 9283, 19484, 0, 0, 25, 4765, 4840, 8489, 42, 0, 0, 18, 20, 160, 3, 33928, 25426, 28687, 2, 0, 0, 378
1108,1,13, 1060384,benign, 502, 146, 8552, 4, 5828, 2694, 1, 464, 699, 0, 194, 32921, 397, 3, 40, 6828, 292, 440, 5, 12993, 9002, 19466, 0, 0, 25, 4446, 5160, 8478, 34, 0, 0, 18, 20, 153, 2, 33690, 24897, 28272, 1, 0, 0, 316
1109,7,26, 1055124,benign, 662, 149, 8561, 4, 5824, 2688, 1, 464, 699, 0, 194, 33363, 397, 3, 41, 7514, 313, 516, 5, 12965, 9016, 19482, 0, 0, 25, 4717, 4887, 8495, 42, 0, 0, 18, 20, 159, 3, 34314, 25446, 28744, 2, 0, 0, 317
1110,7,16, 1050847,benign, 563, 148, 8561, 0, 5828, 2696, 1, 464, 699, 0, 196, 33547, 397, 3, 41, 6680, 312, 503, 5, 13143, 9207, 19495, 0, 0, 25, 4789, 4852, 8486, 42, 0, 0, 18, 20, 160, 3, 33962, 25378, 28625, 2, 0, 0, 444
1111,2,30, 1052344,benign, 575, 148, 8560, 4, 5829, 2686, 1, 464, 699, 0, 197, 33274, 397, 3, 41, 6574, 307, 559, 5, 13337, 9323, 19474, 0, 0, 25, 4805, 4835, 8486, 41, 0, 0, 18, 20, 159, 3, 33757, 25549, 28830, 2, 0, 0, 319
1112,8,25, 1056359,benign, 737, 148, 8571, 0, 5828, 2696, 1, 464, 699, 0, 203, 33582, 397, 3, 43, 7244, 334, 442, 5, 13796, 9805, 19514, 0, 0, 25, 4804, 4936, 8489, 42, 0, 0, 18, 20, 160, 3, 34575, 25747, 29019, 2, 0, 0, 321
1113,10,3, 1051605,benign, 580, 148, 8565, 0, 5828, 2693, 1, 464, 699, 0, 194, 33344, 397, 3, 43, 6701, 317, 443, 5, 13216, 9258, 19515, 0, 0, 25, 5028, 4714, 8488, 42, 0, 0, 18, 20, 186, 3, 34399, 25370, 28728, 2, 0, 0, 320
1114,10,15, 1058160,benign, 755, 147, 8582, 4, 5829, 2687, 2, 464, 700, 0, 196, 33939, 397, 3, 41, 7258, 329, 442, 5, 13795, 9795, 19481, 0, 0, 25, 4782, 4821, 8474, 41, 0, 0, 18, 20, 158, 4, 34092, 25250, 28516, 2, 0, 0, 317
1115,6,21, 1056021,benign, 721, 146, 8583, 0, 5829, 2687, 2, 464, 699, 0, 205, 33958, 397, 3, 41, 7207, 326, 443, 5, 13765, 9801, 19500, 0, 0, 25, 4876, 5042, 8487, 42, 0, 0, 18, 20, 160, 3, 34451, 25722, 29015, 2, 0, 0, 385
1116,9,20, 1057057,benign, 753, 147, 8566, 0, 5827, 2694, 1, 464, 699, 0, 207, 34252, 397, 3, 41, 7391, 304, 442, 5, 13468, 9488, 19511, 0, 0, 25, 4801, 4965, 8500, 42, 0, 0, 18, 20, 166, 4, 34629, 25883, 29265, 2, 0, 0, 431
1117,0,28, 1056574,benign, 729, 148, 8568, 0, 5825, 2692, 2, 464, 700, 0, 198, 34375, 397, 3, 41, 7469, 321, 502, 5, 14173, 9957, 19530, 0, 0, 25, 4790, 4848, 8476, 40, 0, 0, 18, 20, 233, 3, 34870, 25754, 29028, 2, 0, 0, 319
1118,3,1, 1050170,SDC, 541, 148, 8551, 0, 5823, 2698, 1, 464, 694, 0, 198, 33334, 392, 3, 41, 6740, 270, 504, 5, 13160, 9255, 19493, 0, 0, 25, 4691, 4898, 8479, 42, 0, 0, 18, 20, 167, 3, 34216, 25301, 28588, 2, 0, 0, 531
1119,10,13, 1051967,benign, 580, 148, 8557, 0, 5823, 2685, 1, 464, 699, 0, 196, 33652, 397, 3, 41, 6885, 304, 445, 5, 13420, 9424, 19496, 0, 0, 25, 4905, 4698, 8492, 42, 0, 0, 18, 20, 160, 3, 34309, 25247, 28592, 2, 0, 0, 317
1120,3,7, 1057761,SDC, 766, 148, 8574, 0, 5824, 2692, 2, 464, 694, 0, 194, 34171, 392, 3, 42, 7397, 298, 607, 5, 13986, 10015, 19548, 0, 0, 25, 4717, 4877, 8481, 42, 0, 0, 18, 20, 158, 4, 34716, 25880, 29323, 2, 0, 0, 317
1121,10,25, 1057119,benign, 755, 149, 8580, 0, 5826, 2689, 2, 464, 699, 0, 197, 33992, 397, 3, 43, 7144, 317, 445, 5, 13638, 9641, 19495, 0, 0, 25, 4724, 4877, 8493, 42, 0, 0, 18, 20, 167, 4, 34597, 26015, 29593, 2, 0, 0, 317
1122,2,30, 1050630,benign, 548, 147, 8556, 0, 5828, 2689, 5, 464, 699, 0, 202, 33360, 397, 3, 41, 6526, 281, 569, 5, 13131, 9120, 19507, 0, 0, 25, 4705, 4900, 8480, 42, 0, 0, 18, 20, 158, 3, 34067, 25291, 28636, 2, 0, 0, 384
1123,8,24, 1051492,benign, 551, 149, 8566, 4, 5826, 2693, 1, 464, 699, 0, 196, 32996, 397, 3, 42, 6923, 471, 445, 6, 13406, 9385, 19480, 0, 0, 25, 4736, 4914, 8492, 42, 0, 0, 18, 20, 159, 3, 33855, 25151, 28514, 2, 0, 0, 318
1124,5,12, 1058128,benign, 755, 146, 8579, 4, 5825, 2687, 1, 464, 699, 0, 194, 33730, 397, 3, 42, 7372, 278, 444, 5, 13641, 9539, 19485, 0, 0, 25, 4745, 4898, 8479, 42, 0, 0, 18, 20, 157, 4, 34245, 25617, 28893, 2, 0, 0, 317
1125,1,21, 1050907,benign, 555, 147, 8557, 0, 5827, 2695, 1, 464, 699, 0, 197, 33248, 397, 3, 43, 6650, 503, 501, 5, 13289, 9337, 19512, 0, 0, 25, 4702, 4897, 8478, 42, 0, 0, 18, 20, 158, 3, 34270, 25288, 28619, 2, 0, 0, 319
1126,1,0, 1060358,benign, 815, 147, 8589, 1, 5832, 2696, 1, 464, 699, 0, 202, 34147, 397, 3, 41, 7262, 313, 511, 5, 13970, 10007, 19580, 0, 0, 25, 4740, 4913, 8495, 42, 0, 0, 18, 20, 157, 2, 35183, 25875, 29198, 2, 0, 0, 319
1127,8,17, 1053028,benign, 598, 148, 8558, 4, 5828, 2694, 1, 464, 699, 0, 196, 33163, 397, 3, 43, 6759, 508, 446, 5, 13265, 9288, 19471, 0, 0, 25, 4713, 4887, 8481, 42, 0, 0, 18, 20, 158, 2, 33884, 25019, 28481, 2, 0, 0, 317
1128,0,29, 1057407,benign, 759, 148, 8576, 0, 5828, 2689, 1, 464, 699, 0, 196, 33961, 397, 3, 45, 7094, 287, 444, 5, 14129, 10169, 19545, 0, 0, 25, 4745, 4860, 8484, 42, 0, 0, 18, 20, 158, 3, 34634, 25766, 29046, 2, 0, 0, 384
1129,1,13, 1053702,benign, 639, 147, 8569, 0, 5827, 2690, 1, 464, 699, 0, 204, 33918, 397, 3, 42, 7201, 296, 442, 5, 13189, 9230, 19510, 0, 0, 25, 4728, 4878, 8483, 42, 0, 0, 18, 20, 158, 4, 34187, 25508, 28772, 2, 0, 0, 316
1130,7,15, 1055814,benign, 712, 149, 8572, 0, 5823, 2687, 1, 464, 699, 0, 195, 34169, 397, 3, 42, 7257, 310, 511, 5, 14131, 10134, 19558, 0, 0, 25, 4778, 4821, 8487, 41, 0, 0, 19, 23, 385, 4, 34922, 25776, 29064, 2, 0, 0, 378
1131,0,18, 1056408,benign, 701, 148, 8563, 4, 5822, 2687, 2, 464, 699, 0, 199, 33618, 397, 3, 41, 7259, 323, 523, 5, 13820, 9739, 19496, 0, 0, 25, 4736, 4860, 8486, 42, 0, 0, 18, 20, 158, 4, 34436, 25477, 28767, 2, 0, 0, 317
1132,10,29, 1056814,benign, 740, 148, 8575, 0, 5827, 2694, 2, 464, 699, 0, 195, 33823, 397, 3, 41, 7367, 356, 444, 5, 13873, 9829, 19499, 0, 0, 25, 4760, 4885, 8479, 42, 0, 0, 18, 20, 158, 4, 34357, 25886, 29308, 2, 0, 0, 319
1133,2,12, 1050744,benign, 523, 149, 8557, 4, 5821, 2684, 1, 464, 699, 0, 202, 33248, 397, 3, 42, 7132, 298, 511, 5, 12982, 8974, 19470, 0, 0, 25, 4709, 4895, 8485, 42, 0, 0, 18, 20, 158, 3, 33797, 24857, 28161, 2, 0, 0, 376
1134,7,29, 1051009,benign, 568, 147, 8555, 0, 5826, 2689, 1, 464, 700, 0, 203, 33311, 397, 3, 41, 6502, 292, 444, 5, 13038, 9112, 19496, 0, 0, 25, 4774, 4851, 8481, 42, 0, 0, 18, 20, 166, 4, 34098, 25330, 28795, 2, 0, 0, 319
1135,0,7, 1050021,benign, 531, 148, 8563, 0, 5829, 2695, 2, 464, 699, 0, 199, 33718, 397, 3, 43, 6756, 302, 466, 5, 13321, 9283, 19515, 0, 0, 25, 4434, 5172, 8482, 42, 0, 0, 18, 20, 175, 2, 34480, 25446, 28906, 2, 0, 0, 376
1136,6,11, 1055067,benign, 691, 148, 8568, 0, 5826, 2695, 1, 464, 699, 0, 195, 33676, 397, 3, 42, 6987, 301, 441, 5, 13622, 9615, 19496, 0, 0, 25, 5031, 4704, 8485, 42, 0, 0, 18, 20, 158, 4, 34479, 25723, 28986, 2, 0, 0, 317
1137,8,6, 1059319,benign, 818, 149, 8582, 1, 5822, 2687, 2, 464, 699, 0, 198, 34588, 397, 3, 43, 7945, 325, 451, 5, 13618, 9645, 19485, 0, 0, 25, 4745, 4903, 8474, 42, 0, 0, 18, 20, 158, 3, 34569, 26102, 29375, 2, 0, 0, 317
1138,0,11, 1053524,benign, 611, 146, 8561, 4, 5832, 2691, 2, 464, 699, 0, 197, 33169, 397, 3, 42, 7044, 275, 450, 5, 12806, 8805, 19470, 0, 0, 25, 4714, 4891, 8481, 42, 0, 0, 18, 20, 160, 3, 34080, 25232, 28525, 2, 0, 0, 378
1139,9,27, 1056460,benign, 702, 146, 8562, 4, 5830, 2691, 2, 464, 699, 0, 198, 33652, 397, 3, 45, 7418, 312, 734, 5, 13489, 9507, 19486, 0, 0, 25, 4737, 4866, 8483, 42, 0, 0, 18, 20, 158, 4, 34358, 25425, 28678, 2, 0, 0, 384
1140,6,15, 1060117,benign, 801, 148, 8585, 0, 5820, 2694, 5, 464, 699, 0, 198, 34033, 397, 3, 42, 7819, 290, 436, 5, 13493, 9590, 19507, 0, 0, 25, 5016, 4715, 8485, 41, 0, 0, 18, 20, 157, 3, 34580, 26149, 29570, 1, 0, 0, 319
1141,1,23, 1051155,benign, 567, 150, 8550, 0, 5823, 2690, 1, 464, 699, 0, 194, 33192, 397, 3, 43, 7193, 334, 444, 5, 13289, 9106, 19486, 0, 0, 25, 4704, 4892, 8471, 42, 0, 0, 18, 20, 161, 3, 34256, 25786, 29050, 2, 0, 0, 317
1142,8,22, 1051353,benign, 560, 147, 8555, 0, 5826, 2695, 0, 464, 699, 0, 200, 33379, 397, 3, 42, 6871, 312, 454, 6, 13249, 9095, 19502, 0, 0, 25, 4829, 4887, 8483, 42, 0, 0, 18, 20, 157, 4, 33895, 25301, 28744, 2, 0, 0, 319
1143,10,0, 1050138,benign, 529, 147, 8560, 0, 5825, 2691, 2, 464, 699, 0, 203, 33641, 397, 3, 43, 6969, 308, 505, 5, 13208, 9199, 19506, 0, 0, 25, 4680, 4914, 8475, 42, 0, 0, 18, 20, 158, 3, 34014, 25130, 28467, 2, 0, 0, 385
1144,4,31, 1050021,benign, 527, 147, 8561, 0, 5829, 2690, 2, 464, 699, 0, 196, 33455, 397, 3, 40, 6926, 312, 450, 5, 13498, 9515, 19515, 0, 0, 25, 4455, 5152, 8491, 42, 0, 0, 18, 20, 152, 2, 34027, 25267, 28552, 1, 0, 0, 317
1145,8,7, 1051117,benign, 559, 149, 8562, 0, 5825, 2693, 1, 464, 699, 0, 202, 33677, 397, 3, 43, 6836, 471, 443, 5, 13495, 9497, 19516, 0, 0, 25, 4770, 4839, 8474, 42, 0, 0, 18, 20, 160, 3, 34176, 25341, 28792, 2, 0, 0, 316
1146,8,11, 1056533,benign, 729, 148, 8577, 0, 5830, 2694, 3, 464, 699, 0, 192, 33902, 397, 3, 41, 7426, 295, 442, 5, 13654, 9671, 19518, 0, 0, 25, 4784, 4820, 8482, 42, 0, 0, 18, 20, 167, 4, 34839, 26271, 29572, 2, 0, 0, 319
1147,6,4, 1060215,benign, 526, 152, 8553, 0, 5820, 2687, 2, 464, 699, 0, 190, 33688, 397, 3, 40, 6421, 349, 504, 5, 12895, 8751, 19496, 0, 0, 25, 4520, 5123, 8476, 36, 0, 0, 18, 20, 153, 2, 33991, 24964, 28348, 1, 0, 0, 317
1148,8,18, 1059834,benign, 817, 147, 8581, 0, 5825, 2690, 2, 464, 699, 0, 199, 34368, 397, 3, 41, 7526, 326, 574, 5, 13935, 9965, 19481, 0, 0, 25, 4850, 5002, 8484, 42, 0, 0, 18, 20, 167, 3, 34657, 25922, 29199, 2, 0, 0, 319
1149,1,13, 1053114,benign, 624, 148, 8569, 0, 5824, 2691, 1, 464, 699, 0, 196, 33711, 397, 3, 42, 6618, 280, 447, 5, 13810, 9808, 19507, 0, 0, 25, 4733, 4877, 8482, 41, 0, 0, 18, 20, 160, 3, 34447, 25312, 28595, 2, 0, 0, 378
1150,5,27, 1053162,benign, 620, 146, 8573, 0, 5828, 2690, 1, 464, 699, 0, 196, 33475, 397, 3, 41, 7132, 325, 479, 5, 13459, 9525, 19517, 0, 0, 25, 4770, 4826, 8484, 40, 0, 0, 18, 20, 158, 3, 34378, 25945, 29445, 2, 0, 0, 316
1151,4,3, 1050094,benign, 539, 149, 8552, 1, 5825, 2689, 1, 464, 699, 0, 202, 33463, 397, 3, 41, 6775, 276, 475, 5, 13368, 9406, 19496, 0, 0, 25, 4757, 4970, 8486, 42, 0, 0, 18, 20, 166, 3, 34295, 25529, 28807, 2, 0, 0, 317
1152,8,27, 1050003,benign, 528, 148, 8553, 0, 5828, 2697, 2, 464, 699, 0, 194, 33591, 397, 3, 41, 6605, 299, 453, 5, 13036, 9033, 19507, 0, 0, 25, 4706, 4901, 8481, 42, 0, 0, 18, 20, 166, 3, 34181, 25183, 28622, 2, 0, 0, 431
1153,3,25, 1052888,SDC, 593, 148, 8567, 4, 5820, 2692, 1, 464, 694, 0, 200, 33128, 392, 3, 41, 7187, 311, 445, 5, 13457, 9435, 19453, 0, 0, 25, 4715, 4880, 8478, 42, 0, 0, 18, 20, 158, 3, 34169, 25416, 28683, 2, 0, 0, 317
1154,10,14, 1054500,benign, 643, 147, 8566, 4, 5830, 2691, 1, 464, 699, 0, 197, 33425, 397, 3, 45, 7446, 276, 502, 5, 13124, 9151, 19477, 0, 0, 25, 4721, 4881, 8480, 42, 0, 0, 18, 20, 158, 4, 34413, 25489, 28770, 2, 0, 0, 319
1155,2,24, 1054097,benign, 648, 147, 8566, 0, 5827, 2690, 1, 464, 699, 0, 196, 33644, 397, 3, 42, 6782, 300, 446, 5, 13294, 9296, 19497, 0, 0, 25, 4703, 4900, 8489, 42, 0, 0, 19, 23, 384, 4, 34703, 25851, 29118, 2, 0, 0, 319
1156,9,12, 1058008,benign, 752, 147, 8566, 4, 5824, 2692, 1, 464, 699, 0, 196, 33610, 397, 3, 41, 7734, 337, 454, 6, 13396, 9445, 19507, 0, 0, 25, 4967, 4631, 8486, 40, 0, 0, 18, 20, 291, 2, 34470, 25622, 28902, 2, 0, 0, 317
1157,8,0, 1051886,benign, 599, 148, 8562, 0, 5827, 2694, 2, 464, 699, 0, 197, 33929, 397, 3, 44, 7097, 300, 443, 5, 13680, 9710, 19490, 0, 0, 25, 4719, 4880, 8485, 42, 0, 0, 18, 20, 159, 3, 34159, 25342, 28701, 2, 0, 0, 320
1158,1,22, 1051523,SDC, 581, 147, 8560, 0, 5825, 2693, 2, 464, 695, 0, 200, 33547, 392, 3, 41, 6900, 307, 454, 5, 13866, 9756, 19482, 0, 0, 25, 4836, 4897, 8482, 42, 0, 0, 18, 20, 158, 3, 34450, 25617, 28914, 2, 0, 0, 319
1159,9,16, 1056297,benign, 721, 147, 8579, 0, 5826, 2691, 6, 464, 699, 0, 200, 33460, 397, 3, 42, 7351, 288, 443, 5, 14071, 10061, 19549, 0, 0, 25, 4726, 4873, 8482, 42, 0, 0, 18, 20, 160, 3, 34458, 25494, 28759, 2, 0, 0, 378
1160,9,19, 1059647,benign, 522, 148, 8556, 0, 5821, 2690, 2, 464, 699, 0, 190, 33488, 397, 3, 41, 6819, 283, 501, 5, 12948, 8949, 19512, 0, 0, 25, 4699, 4911, 8494, 36, 0, 0, 18, 20, 152, 2, 33883, 25382, 28659, 2, 0, 0, 384
1161,9,25, 1056996,benign, 721, 147, 8579, 4, 5825, 2689, 4, 464, 699, 0, 200, 33564, 397, 3, 41, 7401, 337, 674, 5, 13600, 9527, 19477, 0, 0, 25, 4728, 4867, 8477, 42, 0, 0, 18, 20, 158, 4, 34154, 25418, 28681, 2, 0, 0, 319
1162,3,4, 1053501,SDC, 648, 147, 8564, 0, 5830, 2692, 2, 464, 694, 0, 199, 33862, 392, 3, 42, 7397, 338, 444, 5, 13690, 9615, 19504, 0, 0, 25, 4717, 4882, 8483, 42, 0, 0, 18, 20, 158, 3, 33953, 25603, 28873, 2, 0, 0, 320
1163,5,9, 1051078,benign, 559, 146, 8562, 0, 5828, 2695, 1, 464, 699, 0, 196, 33391, 397, 3, 42, 6868, 328, 698, 5, 13474, 9435, 19500, 0, 0, 25, 4774, 4964, 8489, 42, 0, 0, 18, 20, 158, 3, 34168, 25467, 28815, 2, 0, 0, 379
1164,0,5, 1056963,benign, 744, 146, 8576, 0, 5827, 2689, 2, 464, 699, 0, 200, 34039, 397, 3, 41, 7387, 326, 445, 5, 14326, 10295, 19546, 0, 0, 25, 5039, 4696, 8475, 42, 0, 0, 18, 20, 158, 4, 34509, 25764, 29095, 2, 0, 0, 323
1165,7,19, 1053477,benign, 635, 149, 8566, 0, 5831, 2689, 2, 464, 699, 0, 200, 33679, 397, 3, 43, 7250, 313, 451, 5, 13317, 9322, 19502, 0, 0, 25, 4784, 4821, 8482, 42, 0, 0, 18, 20, 158, 3, 34323, 25601, 28898, 2, 0, 0, 331
1166,8,15, 1051427,benign, 573, 147, 8566, 0, 5828, 2689, 2, 464, 699, 0, 196, 33512, 397, 3, 41, 6989, 331, 574, 5, 13484, 9465, 19499, 0, 0, 25, 4721, 4882, 8484, 41, 0, 0, 19, 23, 159, 3, 34402, 25720, 29005, 2, 0, 0, 319
1167,2,2, 1053043,SDC, 627, 146, 8565, 0, 5819, 2693, 2, 464, 694, 0, 197, 34044, 392, 3, 45, 7002, 303, 453, 5, 13732, 9740, 19491, 0, 0, 25, 4913, 5083, 8490, 42, 0, 0, 18, 20, 158, 4, 33873, 25583, 28910, 2, 0, 0, 384
1168,10,27, 1051266,benign, 559, 148, 8559, 0, 5827, 2693, 1, 464, 699, 0, 196, 33264, 397, 3, 41, 6764, 299, 510, 5, 13467, 9233, 19502, 0, 0, 25, 4774, 4831, 8483, 42, 0, 0, 18, 20, 160, 3, 33912, 25284, 28610, 2, 0, 0, 317
1169,2,13, 1053149,SDC, 624, 148, 8565, 0, 5824, 2696, 1, 464, 694, 0, 195, 33933, 392, 3, 41, 6691, 302, 446, 5, 13395, 9405, 19490, 0, 0, 25, 4713, 4880, 8475, 42, 0, 0, 18, 20, 166, 3, 34219, 25294, 28788, 2, 0, 0, 317
1170,5,24, 1056958,benign, 735, 147, 8580, 0, 5830, 2695, 2, 464, 699, 0, 198, 34398, 397, 3, 41, 7396, 302, 443, 5, 13590, 9615, 19498, 0, 0, 25, 4783, 4819, 8484, 42, 0, 0, 19, 23, 161, 3, 34921, 26327, 29887, 2, 0, 0, 317
1171,8,5, 1057452,benign, 736, 146, 8579, 4, 5827, 2690, 2, 464, 699, 0, 199, 33967, 397, 3, 42, 7411, 409, 444, 5, 13431, 9436, 19465, 0, 0, 25, 4736, 4866, 8487, 42, 0, 0, 18, 20, 190, 2, 34301, 25306, 28559, 2, 0, 0, 317
1172,9,6, 1050770,benign, 542, 147, 8554, 0, 5828, 2693, 1, 464, 699, 0, 198, 33424, 397, 3, 42, 6748, 274, 722, 5, 13299, 9315, 19513, 0, 0, 25, 4784, 4962, 8481, 42, 0, 0, 18, 20, 158, 2, 33857, 25272, 28622, 2, 0, 0, 376
1173,10,23, 1053644,benign, 616, 147, 8565, 4, 5828, 2693, 2, 464, 699, 0, 197, 33243, 397, 3, 40, 6957, 342, 443, 5, 13393, 9406, 19471, 0, 0, 25, 4727, 4882, 8481, 42, 0, 0, 18, 20, 158, 3, 34126, 25694, 29003, 2, 0, 0, 320
1174,10,19, 1052057,benign, 599, 147, 8570, 0, 5827, 2693, 2, 464, 699, 0, 196, 33515, 397, 3, 42, 6714, 307, 581, 5, 13767, 9804, 19502, 0, 0, 25, 4738, 4895, 8478, 38, 0, 0, 18, 20, 187, 3, 33797, 25562, 28857, 2, 0, 0, 385
1175,2,23, 1057635,benign, 759, 148, 8580, 0, 5825, 2689, 1, 464, 699, 0, 196, 33925, 397, 3, 41, 7546, 431, 445, 5, 13755, 9774, 19504, 0, 0, 25, 4735, 4870, 8490, 42, 0, 0, 18, 20, 157, 3, 34438, 25717, 29006, 2, 0, 0, 317
1176,1,10, 1053565,benign, 637, 147, 8572, 0, 5825, 2684, 1, 464, 699, 0, 193, 33499, 397, 3, 43, 7015, 292, 447, 5, 13455, 9524, 19495, 0, 0, 25, 4731, 4907, 8484, 42, 0, 0, 18, 20, 158, 3, 33845, 25906, 29262, 2, 0, 0, 316
1177,0,27, 1054514,benign, 667, 149, 8573, 0, 5830, 2690, 5, 464, 699, 0, 192, 33233, 397, 3, 40, 6907, 338, 451, 5, 13839, 9847, 19498, 0, 0, 25, 4745, 4907, 8492, 42, 0, 0, 18, 20, 158, 4, 34795, 25736, 29008, 2, 0, 0, 317
1178,0,31, 1059779,benign, 517, 148, 8561, 0, 5822, 2688, 5, 464, 699, 0, 192, 33197, 397, 3, 41, 6615, 301, 451, 5, 13033, 8935, 19505, 0, 0, 25, 4631, 4963, 8481, 42, 0, 0, 18, 20, 153, 2, 33940, 25047, 28334, 2, 0, 0, 376
1179,0,17, 1055841,benign, 706, 147, 8574, 0, 5831, 2695, 1, 464, 699, 0, 197, 33955, 397, 3, 42, 7050, 330, 495, 5, 13638, 9671, 19509, 0, 0, 25, 4740, 4877, 8477, 42, 0, 0, 18, 20, 166, 4, 34784, 25680, 28963, 2, 0, 0, 319
1180,5,11, 1055017,benign, 680, 149, 8571, 0, 5827, 2691, 3, 464, 699, 0, 194, 33755, 397, 3, 42, 7011, 277, 481, 5, 13648, 9639, 19500, 0, 0, 25, 4966, 4640, 8489, 42, 0, 0, 18, 20, 157, 4, 34414, 25775, 29101, 2, 0, 0, 319
1181,9,10, 1058070,benign, 779, 149, 8569, 0, 5822, 2690, 2, 464, 699, 0, 196, 34078, 397, 3, 41, 7628, 284, 446, 5, 14124, 10125, 19540, 0, 0, 25, 5020, 4711, 8485, 42, 0, 0, 18, 20, 388, 3, 34935, 25895, 29168, 2, 0, 0, 317
1182,6,20, 1057501,benign, 761, 148, 8567, 0, 5825, 2692, 1, 464, 699, 0, 197, 34157, 397, 3, 41, 7633, 303, 606, 5, 13803, 9852, 19478, 0, 0, 25, 4727, 4873, 8483, 41, 0, 0, 18, 20, 158, 3, 34540, 25748, 29040, 2, 0, 0, 402
1183,2,28, 1055730,benign, 704, 148, 8570, 0, 5827, 2696, 1, 464, 699, 0, 195, 33610, 397, 3, 41, 7359, 287, 453, 5, 13561, 9569, 19504, 0, 0, 25, 4742, 4909, 8480, 38, 0, 0, 18, 20, 158, 4, 34630, 25713, 28999, 2, 0, 0, 319
1184,0,23, 1057857,benign, 776, 150, 8567, 0, 5823, 2692, 1, 464, 699, 0, 197, 33812, 397, 3, 42, 7380, 347, 442, 5, 13666, 9664, 19503, 0, 0, 25, 4717, 4891, 8489, 42, 0, 0, 18, 20, 158, 4, 34861, 25764, 29230, 2, 0, 0, 323
1185,9,21, 1049903,benign, 527, 148, 8561, 0, 5825, 2694, 1, 464, 699, 0, 195, 33473, 397, 3, 41, 6799, 421, 452, 5, 13174, 9114, 19487, 0, 0, 25, 4440, 5153, 8479, 42, 0, 0, 18, 20, 168, 3, 34011, 25479, 28785, 2, 0, 0, 320
1186,1,25, 1055899,SDC, 705, 147, 8572, 0, 5825, 2695, 5, 464, 694, 0, 206, 33944, 392, 3, 43, 7540, 283, 445, 5, 13483, 9498, 19491, 0, 0, 25, 4731, 4902, 8482, 42, 0, 0, 18, 20, 158, 3, 34329, 25711, 29228, 2, 0, 0, 317
1187,9,30, 1053685,benign, 648, 147, 8566, 0, 5822, 2688, 4, 464, 699, 0, 196, 33735, 397, 3, 42, 7243, 288, 467, 5, 13608, 9604, 19504, 0, 0, 25, 4907, 4697, 8482, 42, 0, 0, 18, 20, 159, 3, 34505, 25134, 28397, 2, 0, 0, 317
1188,8,17, 1059397,benign, 822, 148, 8578, 0, 5827, 2689, 2, 464, 699, 0, 198, 33906, 397, 3, 43, 7413, 556, 441, 5, 14197, 10282, 19554, 0, 0, 25, 4997, 5025, 8483, 42, 0, 0, 18, 20, 160, 3, 34891, 25994, 29302, 2, 0, 0, 319
1189,8,29, 1053639,benign, 640, 149, 8571, 0, 5826, 2690, 1, 464, 699, 0, 198, 33739, 397, 3, 43, 7338, 298, 715, 5, 13299, 9364, 19540, 0, 0, 25, 4930, 4968, 8478, 42, 0, 0, 18, 20, 168, 3, 34715, 25419, 28713, 2, 0, 0, 317
1190,2,0, 1051465,benign, 572, 147, 8566, 0, 5825, 2688, 1, 464, 699, 0, 196, 33283, 397, 3, 41, 6732, 339, 447, 5, 13212, 9217, 19488, 0, 0, 25, 4705, 4891, 8487, 42, 0, 0, 19, 22, 160, 4, 33980, 25410, 28709, 2, 0, 0, 319
1191,4,7, 1051968,benign, 564, 149, 8563, 4, 5824, 2690, 2, 464, 700, 0, 197, 33464, 397, 3, 42, 6982, 310, 447, 5, 13461, 9461, 19481, 0, 0, 25, 4720, 4886, 8486, 42, 0, 0, 18, 20, 158, 2, 33717, 25119, 28585, 2, 0, 0, 319
1192,10,14, 1050755,benign, 559, 148, 8551, 0, 5820, 2690, 1, 464, 699, 0, 199, 33210, 397, 3, 41, 6706, 333, 645, 5, 13381, 9411, 19525, 0, 0, 25, 4965, 4672, 8486, 42, 0, 0, 18, 20, 173, 4, 34044, 25859, 29127, 2, 0, 0, 319
1193,9,30, 1053534,benign, 636, 148, 8564, 0, 5825, 2694, 1, 464, 699, 0, 194, 33583, 397, 3, 41, 6883, 301, 653, 5, 13539, 9598, 19511, 0, 0, 25, 4909, 4697, 8489, 42, 0, 0, 18, 20, 160, 3, 34305, 25535, 28964, 2, 0, 0, 316
1194,2,15, 1055868,SDC, 685, 148, 8569, 4, 5820, 2692, 1, 464, 694, 0, 197, 33339, 392, 3, 43, 7113, 298, 442, 5, 13763, 9675, 19484, 0, 0, 25, 4729, 4870, 8470, 42, 0, 0, 18, 20, 158, 4, 34316, 25543, 28963, 2, 0, 0, 386
1195,8,22, 1057058,benign, 756, 147, 8581, 0, 5827, 2694, 1, 464, 699, 0, 196, 33655, 397, 3, 41, 7395, 283, 453, 5, 13431, 9430, 19501, 0, 0, 25, 4733, 4861, 8483, 42, 0, 0, 18, 20, 216, 3, 34276, 25860, 29140, 2, 0, 0, 316
1196,7,22, 1051998,benign, 597, 149, 8556, 0, 5827, 2695, 1, 464, 699, 0, 203, 33494, 397, 3, 41, 7132, 305, 641, 5, 13608, 9589, 19500, 0, 0, 25, 4715, 4891, 8488, 42, 0, 0, 18, 20, 157, 4, 34164, 25498, 28847, 2, 0, 0, 379
1197,2,5, 1058318,SDC, 787, 149, 8563, 0, 5819, 2693, 2, 464, 694, 0, 198, 34110, 392, 3, 41, 7551, 317, 454, 5, 13840, 9707, 19474, 0, 0, 25, 4737, 4869, 8489, 42, 0, 0, 18, 20, 168, 3, 35070, 25712, 29175, 2, 0, 0, 379
1198,3,16, 1053788,SDC, 622, 148, 8546, 4, 5818, 2688, 2, 464, 694, 0, 195, 33291, 392, 3, 41, 7122, 306, 443, 5, 13297, 9341, 19466, 0, 0, 25, 4726, 4877, 8476, 42, 0, 0, 18, 20, 168, 3, 34388, 25296, 28880, 2, 0, 0, 317
1199,7,4, 1059435,benign, 822, 148, 8575, 0, 5828, 2696, 1, 464, 699, 0, 199, 33971, 397, 3, 41, 7395, 488, 444, 5, 13790, 9845, 19496, 0, 0, 25, 4771, 4949, 8496, 42, 0, 0, 18, 20, 168, 3, 34809, 25839, 29125, 2, 0, 0, 385
1200,1,3, 1053655,benign, 630, 148, 8559, 0, 5828, 2694, 1, 464, 699, 0, 201, 33245, 397, 3, 42, 7179, 303, 445, 5, 13619, 9604, 19507, 0, 0, 25, 4735, 4904, 8466, 42, 0, 0, 18, 20, 160, 3, 34620, 25639, 28984, 2, 0, 0, 316
1201,6,5, 1058189,benign, 783, 147, 8580, 0, 5826, 2692, 2, 464, 699, 0, 199, 34271, 397, 3, 41, 7623, 310, 509, 5, 13964, 9922, 19498, 0, 0, 25, 4836, 5032, 8478, 42, 0, 0, 18, 20, 158, 4, 35025, 25806, 29244, 2, 0, 0, 323
1202,2,26, 1057154,SDC, 755, 146, 8571, 0, 5821, 2691, 1, 464, 694, 0, 200, 34007, 392, 3, 43, 7538, 315, 503, 5, 13621, 9651, 19497, 0, 0, 25, 4802, 4833, 8464, 42, 0, 0, 18, 20, 160, 3, 34330, 26024, 29460, 2, 0, 0, 319
1203,6,20, 1053874,benign, 640, 149, 8555, 0, 5820, 2688, 1, 464, 699, 0, 195, 33812, 397, 3, 41, 6768, 291, 442, 5, 13917, 9835, 19518, 0, 0, 25, 4778, 4825, 8488, 42, 0, 0, 18, 20, 157, 4, 34312, 25465, 28762, 2, 0, 0, 319
1204,3,18, 1055080,benign, 660, 147, 8572, 4, 5830, 2683, 1, 464, 699, 0, 200, 33446, 397, 3, 42, 7073, 306, 441, 5, 13464, 9477, 19479, 0, 0, 25, 4740, 4899, 8491, 42, 0, 0, 18, 20, 166, 4, 34146, 25520, 28801, 2, 0, 0, 320
1205,6,28, 1056293,benign, 717, 146, 8579, 0, 5823, 2690, 2, 464, 699, 0, 199, 34045, 397, 3, 45, 7375, 338, 444, 5, 13759, 9773, 19510, 0, 0, 25, 4777, 4825, 8490, 42, 0, 0, 18, 20, 159, 3, 34380, 25759, 29060, 2, 0, 0, 384
1206,0,16, 1060330,benign, 522, 144, 8560, 0, 5824, 2693, 2, 464, 699, 0, 189, 33380, 397, 3, 43, 6708, 292, 443, 5, 13194, 9156, 19504, 0, 0, 25, 4471, 5188, 8471, 42, 0, 0, 18, 20, 158, 3, 33921, 25383, 28660, 2, 0, 0, 573
1207,1,9, 1055210,benign, 681, 146, 8553, 0, 5828, 2695, 2, 464, 699, 0, 203, 33867, 397, 3, 42, 7046, 320, 442, 5, 13536, 9526, 19492, 0, 0, 25, 4774, 4830, 8481, 42, 0, 0, 18, 20, 157, 3, 34516, 25678, 28951, 2, 0, 0, 326
1208,7,7, 1053654,benign, 639, 146, 8570, 0, 5828, 2688, 1, 464, 699, 0, 196, 33535, 397, 3, 41, 7100, 304, 478, 5, 13689, 9684, 19505, 0, 0, 25, 4726, 4879, 8481, 40, 0, 0, 18, 20, 218, 4, 34513, 25427, 28707, 2, 0, 0, 316
1209,6,30, 1052138,benign, 600, 147, 8561, 0, 5827, 2692, 1, 464, 699, 0, 193, 33401, 397, 3, 41, 7024, 306, 442, 5, 13734, 9769, 19510, 0, 0, 25, 4773, 4946, 8490, 42, 0, 0, 18, 20, 160, 3, 34459, 25311, 28565, 2, 0, 0, 317
1210,2,31, 1052830,SDC, 606, 149, 8562, 0, 5822, 2697, 1, 464, 694, 0, 195, 33592, 392, 3, 44, 6728, 286, 443, 5, 13099, 9100, 19479, 0, 0, 25, 4808, 4949, 8488, 42, 0, 0, 18, 20, 158, 3, 33980, 25551, 28875, 2, 0, 0, 391
1211,7,6, 1059067,benign, 807, 148, 8585, 0, 5826, 2696, 1, 464, 699, 0, 196, 34099, 397, 3, 44, 7808, 284, 442, 5, 13766, 9773, 19498, 0, 0, 25, 4720, 4882, 8497, 42, 0, 0, 18, 20, 158, 3, 34768, 25885, 29224, 2, 0, 0, 318
1212,1,16, 1050260,benign, 510, 148, 8564, 4, 5826, 2687, 2, 464, 699, 0, 201, 33069, 397, 3, 42, 6578, 307, 446, 5, 13211, 9045, 19483, 0, 0, 25, 4716, 4927, 8475, 42, 0, 0, 18, 20, 159, 3, 33708, 25076, 28510, 2, 0, 0, 319
1213,1,3, 1052125,SDC, 605, 151, 8557, 0, 5826, 2692, 1, 464, 694, 0, 196, 33271, 392, 3, 41, 6674, 318, 515, 5, 13329, 9309, 19489, 0, 0, 25, 4710, 4887, 8475, 42, 0, 0, 18, 20, 166, 3, 34217, 25478, 28811, 2, 0, 0, 316
1214,3,12, 1053606,benign, 638, 148, 8573, 0, 5827, 2691, 1, 464, 699, 0, 194, 33824, 397, 3, 44, 7102, 300, 444, 5, 14025, 9792, 19504, 0, 0, 25, 4728, 4877, 8488, 42, 0, 0, 18, 20, 157, 4, 34234, 25930, 29280, 2, 0, 0, 317
1215,0,5, 1056994,benign, 744, 149, 8564, 0, 5822, 2690, 1, 464, 699, 0, 196, 34126, 397, 3, 43, 7312, 297, 503, 5, 14125, 10157, 19561, 0, 0, 25, 4743, 4858, 8490, 42, 0, 0, 18, 20, 158, 3, 34732, 25862, 29142, 2, 0, 0, 319
1216,10,13, 1052301,benign, 596, 149, 8558, 0, 5829, 2694, 1, 464, 699, 0, 197, 34113, 397, 3, 41, 6894, 284, 445, 5, 13751, 9786, 19494, 0, 0, 25, 4786, 4949, 8489, 42, 0, 0, 18, 20, 158, 3, 34725, 25589, 28870, 2, 0, 0, 378
1217,0,21, 1059481,benign, 815, 148, 8581, 0, 5824, 2688, 1, 464, 699, 0, 201, 34176, 397, 3, 41, 7336, 289, 454, 5, 14029, 9837, 19502, 0, 0, 25, 4970, 4671, 8500, 42, 0, 0, 18, 20, 168, 3, 34704, 26270, 29523, 2, 0, 0, 317
1218,0,23, 1057231,benign, 754, 149, 8570, 0, 5824, 2687, 6, 464, 700, 0, 194, 33785, 397, 3, 41, 7650, 320, 446, 5, 13723, 9725, 19502, 0, 0, 25, 4782, 4819, 8480, 42, 0, 0, 18, 20, 167, 3, 34433, 25816, 29081, 2, 0, 0, 320
1219,3,6, 1052266,SDC, 600, 149, 8563, 0, 5820, 2691, 2, 464, 694, 0, 195, 33964, 392, 3, 42, 6778, 334, 445, 5, 13470, 9508, 19509, 0, 0, 25, 4790, 4808, 8483, 42, 0, 0, 18, 20, 157, 4, 34352, 25408, 28652, 2, 0, 0, 446
1220,3,0, 1058546,SDC, 783, 148, 8563, 0, 5820, 2682, 2, 464, 694, 0, 197, 33889, 392, 3, 41, 7392, 316, 444, 5, 13719, 9726, 19495, 0, 0, 25, 4728, 4866, 8471, 42, 0, 0, 18, 20, 168, 3, 34461, 26300, 29584, 2, 0, 0, 320
1221,8,22, 1055466,benign, 700, 148, 8570, 0, 5825, 2694, 1, 464, 699, 0, 197, 33662, 397, 3, 44, 7228, 315, 511, 5, 13906, 9885, 19485, 0, 0, 25, 4838, 5022, 8489, 42, 0, 0, 18, 20, 161, 3, 34363, 25922, 29351, 2, 0, 0, 319
1222,9,31, 1054451,benign, 662, 148, 8571, 0, 5829, 2691, 3, 464, 699, 0, 194, 33482, 397, 3, 42, 7253, 316, 510, 5, 13373, 9443, 19513, 0, 0, 25, 4765, 4832, 8478, 42, 0, 0, 18, 20, 158, 3, 34385, 25902, 29351, 2, 0, 0, 376
1223,0,5, 1053112,benign, 601, 149, 8565, 4, 5821, 2688, 2, 464, 699, 0, 196, 33488, 397, 3, 41, 6856, 305, 453, 5, 13542, 9556, 19470, 0, 0, 25, 4803, 4962, 8486, 42, 0, 0, 18, 20, 159, 4, 34218, 25381, 28686, 2, 0, 0, 317
1224,7,24, 1053271,benign, 638, 147, 8568, 0, 5825, 2689, 2, 464, 699, 0, 198, 33706, 397, 3, 41, 6875, 309, 514, 5, 13329, 9244, 19527, 0, 0, 25, 4981, 4625, 8481, 42, 0, 0, 18, 20, 363, 3, 34517, 25494, 28771, 2, 0, 0, 323
1225,8,14, 1054471,benign, 665, 148, 8567, 0, 5827, 2689, 1, 464, 699, 0, 195, 33803, 397, 3, 42, 7044, 262, 445, 5, 13682, 9701, 19501, 0, 0, 25, 4964, 4772, 8491, 42, 0, 0, 18, 20, 220, 4, 34374, 25572, 28921, 2, 0, 0, 317
1226,8,9, 1051941,benign, 589, 148, 8564, 0, 5831, 2691, 5, 464, 700, 0, 198, 33301, 397, 3, 41, 6626, 300, 506, 5, 13763, 9815, 19492, 0, 0, 25, 4855, 4878, 8484, 42, 0, 0, 18, 20, 159, 3, 34513, 25159, 28454, 2, 0, 0, 432
1227,6,0, 1051438,benign, 573, 148, 8555, 0, 5820, 2686, 5, 464, 699, 0, 199, 33292, 397, 3, 41, 6764, 313, 446, 5, 13672, 9652, 19494, 0, 0, 25, 4787, 4952, 8489, 42, 0, 0, 18, 20, 166, 4, 34067, 25175, 28591, 2, 0, 0, 317
1228,3,6, 1056593,SDC, 730, 147, 8564, 0, 5820, 2690, 2, 464, 694, 0, 195, 34233, 392, 3, 42, 7123, 448, 445, 5, 13414, 9427, 19473, 0, 0, 25, 4840, 4871, 8486, 42, 0, 0, 18, 20, 157, 3, 34615, 25843, 29178, 2, 0, 0, 385
1229,9,21, 1058494,benign, 784, 149, 8574, 0, 5827, 2696, 1, 464, 699, 0, 196, 33896, 397, 3, 41, 7639, 295, 444, 5, 13919, 9914, 19501, 0, 0, 25, 4766, 4951, 8479, 40, 0, 0, 18, 20, 160, 3, 34607, 26068, 29359, 2, 0, 0, 319
1230,4,30, 1057018,benign, 741, 147, 8588, 0, 5827, 2695, 2, 464, 699, 0, 199, 33953, 397, 3, 39, 7701, 325, 518, 5, 13952, 9880, 19514, 0, 0, 25, 4730, 4874, 8482, 42, 0, 0, 18, 20, 161, 2, 34460, 25824, 29359, 1, 0, 0, 317
1231,8,20, 1054504,benign, 641, 148, 8559, 4, 5820, 2687, 1, 464, 699, 0, 197, 33064, 397, 3, 43, 6994, 302, 445, 5, 13539, 9514, 19475, 0, 0, 25, 4780, 4941, 8488, 42, 0, 0, 18, 20, 160, 3, 34109, 25349, 28801, 2, 0, 0, 319
1232,0,26, 1051069,benign, 562, 152, 8554, 0, 5825, 2690, 1, 464, 699, 0, 197, 33462, 397, 3, 41, 6853, 513, 443, 5, 13391, 9359, 19489, 0, 0, 25, 4774, 4837, 8478, 42, 0, 0, 18, 20, 158, 4, 34122, 25452, 28725, 2, 0, 0, 316
1233,0,12, 1055777,benign, 711, 149, 8573, 0, 5824, 2690, 4, 464, 699, 0, 200, 33779, 397, 3, 42, 7170, 291, 513, 5, 13807, 9750, 19510, 0, 0, 25, 4716, 4882, 8483, 42, 0, 0, 18, 20, 158, 3, 34287, 25663, 28956, 2, 0, 0, 322
1234,4,1, 1054284,benign, 635, 147, 8564, 4, 5825, 2687, 2, 464, 699, 0, 199, 33615, 397, 3, 41, 7307, 331, 503, 5, 13498, 9481, 19472, 0, 0, 25, 4729, 4886, 8486, 42, 0, 0, 18, 20, 158, 4, 34071, 25320, 28626, 2, 0, 0, 386
1235,7,25, 1050328,benign, 513, 147, 8559, 4, 5822, 2686, 1, 464, 699, 0, 197, 33227, 397, 3, 41, 6446, 305, 510, 5, 13185, 9141, 19478, 0, 0, 25, 4767, 4832, 8468, 42, 0, 0, 18, 20, 161, 3, 33829, 25385, 28763, 2, 0, 0, 319
1236,10,28, 1052819,benign, 624, 146, 8568, 0, 5826, 2690, 1, 464, 699, 0, 195, 33809, 397, 3, 41, 6709, 344, 443, 5, 13718, 9713, 19504, 0, 0, 25, 4761, 4880, 8489, 41, 0, 0, 18, 20, 174, 2, 34164, 25356, 28776, 2, 0, 0, 317
1237,9,21, 1059006,benign, 808, 149, 8576, 0, 5825, 2689, 1, 464, 699, 0, 202, 34076, 397, 3, 41, 7374, 306, 443, 5, 13831, 9852, 19512, 0, 0, 25, 4772, 4950, 8485, 42, 0, 0, 18, 20, 161, 2, 34910, 26321, 29609, 2, 0, 0, 319
1238,6,6, 1055478,benign, 691, 147, 8579, 0, 5831, 2690, 2, 464, 699, 0, 200, 34055, 397, 3, 41, 7049, 311, 446, 5, 13359, 9401, 19508, 0, 0, 25, 4772, 4949, 8482, 42, 0, 0, 18, 20, 158, 4, 34420, 25705, 29007, 1, 0, 0, 319
1239,2,3, 1052722,SDC, 603, 146, 8556, 0, 5822, 2697, 1, 464, 694, 0, 193, 33328, 392, 3, 45, 6786, 289, 451, 5, 13333, 9352, 19491, 0, 0, 25, 4709, 4881, 8478, 42, 0, 0, 18, 20, 158, 4, 34164, 25480, 28831, 2, 0, 0, 384
1240,10,26, 1055428,benign, 672, 148, 8569, 4, 5823, 2689, 1, 464, 699, 0, 202, 33701, 397, 3, 42, 7004, 256, 451, 5, 13198, 9275, 19472, 0, 0, 25, 4785, 4955, 8490, 42, 0, 0, 18, 20, 158, 4, 34249, 25659, 28930, 2, 0, 0, 376
1241,3,10, 1055302,SDC, 705, 148, 8569, 0, 5822, 2691, 1, 464, 694, 0, 198, 34291, 392, 3, 42, 7130, 280, 521, 5, 13401, 9420, 19487, 0, 0, 25, 4776, 4825, 8484, 42, 0, 0, 18, 20, 160, 3, 34170, 25624, 28932, 2, 0, 0, 319
1242,0,15, 1060008,benign, 785, 146, 8576, 4, 5829, 2692, 1, 464, 699, 0, 200, 33427, 397, 3, 42, 7661, 285, 509, 5, 13522, 9587, 19491, 0, 0, 25, 4716, 4893, 8496, 42, 0, 0, 18, 20, 157, 3, 34623, 25752, 29030, 2, 0, 0, 384
1243,7,29, 1051225,benign, 580, 147, 8561, 0, 5830, 2692, 2, 464, 699, 0, 196, 33743, 397, 3, 41, 6609, 276, 442, 5, 13716, 9699, 19490, 0, 0, 25, 4709, 4896, 8485, 42, 0, 0, 18, 20, 160, 3, 33915, 25503, 28809, 2, 0, 0, 378
1244,1,17, 1055955,benign, 707, 147, 8567, 0, 5824, 2692, 1, 464, 699, 0, 206, 33663, 397, 3, 42, 7165, 287, 450, 5, 13878, 9877, 19502, 0, 0, 25, 4737, 4898, 8482, 42, 0, 0, 18, 20, 160, 3, 34546, 25947, 29239, 2, 0, 0, 316
1245,7,11, 1052489,benign, 611, 146, 8568, 0, 5828, 2694, 2, 464, 699, 0, 198, 33903, 397, 3, 41, 6752, 449, 506, 5, 13794, 9871, 19517, 0, 0, 25, 4789, 4931, 8486, 42, 0, 0, 18, 20, 159, 3, 34119, 25546, 29030, 2, 0, 0, 316
1246,7,18, 1053758,benign, 643, 147, 8576, 0, 5831, 2693, 1, 464, 699, 0, 196, 33317, 397, 3, 42, 6990, 397, 503, 5, 13487, 9592, 19527, 0, 0, 25, 4806, 4840, 8482, 42, 0, 0, 18, 20, 157, 4, 34085, 25396, 28913, 2, 0, 0, 317
1247,6,21, 1059235,benign, 816, 147, 8581, 0, 5826, 2690, 5, 464, 699, 0, 194, 34286, 397, 3, 42, 7522, 289, 447, 6, 13916, 9968, 19506, 0, 0, 25, 4706, 4892, 8486, 42, 0, 0, 18, 20, 160, 3, 34498, 25681, 29011, 2, 0, 0, 384
1248,2,2, 1056987,SDC, 752, 149, 8556, 0, 5821, 2695, 1, 464, 694, 0, 193, 33554, 392, 3, 41, 7511, 326, 443, 5, 13752, 9789, 19480, 0, 0, 25, 4744, 4868, 8485, 42, 0, 0, 18, 20, 168, 3, 34743, 25855, 29142, 2, 0, 0, 317
1249,2,12, 1050115,benign, 528, 148, 8557, 0, 5824, 2691, 2, 464, 699, 0, 196, 33541, 397, 3, 41, 7037, 304, 449, 5, 12986, 8992, 19509, 0, 0, 25, 4446, 5153, 8466, 41, 0, 0, 18, 20, 166, 2, 34351, 25045, 28300, 2, 0, 0, 378
1250,4,28, 1052139,benign, 599, 148, 8559, 0, 5830, 2695, 1, 464, 699, 0, 194, 33504, 397, 3, 39, 6778, 343, 441, 5, 13801, 9789, 19516, 0, 0, 25, 4714, 4902, 8483, 42, 0, 0, 18, 20, 162, 2, 34088, 25920, 29394, 1, 0, 0, 404
1251,3,2, 1059332,SDC, 796, 146, 8567, 4, 5819, 2689, 2, 464, 694, 0, 196, 33846, 392, 3, 41, 7671, 305, 481, 5, 13618, 9650, 19454, 0, 0, 25, 4698, 4893, 8490, 42, 0, 0, 18, 20, 158, 2, 34050, 25504, 28918, 2, 0, 0, 384
1252,7,31, 1052532,benign, 580, 147, 8563, 4, 5828, 2697, 1, 464, 699, 0, 199, 33365, 397, 3, 42, 7101, 305, 511, 5, 13086, 9070, 19467, 0, 0, 25, 5116, 5162, 8486, 42, 0, 0, 18, 20, 166, 3, 33887, 25600, 28873, 2, 0, 0, 316
1253,7,18, 1052018,benign, 600, 146, 8573, 0, 5827, 2690, 1, 464, 699, 0, 194, 33316, 397, 3, 41, 6773, 337, 446, 5, 13489, 9283, 19527, 0, 0, 25, 4774, 4831, 8486, 42, 0, 0, 18, 20, 158, 4, 34285, 25366, 28681, 2, 0, 0, 317
1254,6,15, 1056676,benign, 710, 148, 8584, 4, 5828, 2683, 2, 464, 700, 0, 198, 33519, 397, 3, 43, 7395, 281, 442, 5, 13375, 9440, 19487, 0, 0, 25, 4775, 4830, 8486, 42, 0, 0, 18, 20, 159, 3, 34567, 25944, 29194, 2, 0, 0, 379
1255,9,5, 1055865,benign, 701, 147, 8572, 0, 5826, 2689, 2, 464, 699, 0, 196, 33657, 397, 3, 42, 7329, 287, 447, 5, 13308, 9440, 19498, 0, 0, 25, 4773, 4938, 8489, 42, 0, 0, 18, 20, 159, 3, 34455, 25791, 29055, 2, 0, 0, 316
1256,9,25, 1053630,benign, 638, 146, 8564, 0, 5824, 2692, 1, 464, 699, 0, 199, 33628, 397, 3, 41, 6943, 309, 568, 5, 13552, 9515, 19500, 0, 0, 25, 4780, 4948, 8478, 42, 0, 0, 18, 20, 160, 3, 34283, 25516, 28825, 2, 0, 0, 509
1257,5,7, 1056714,benign, 731, 146, 8568, 0, 5824, 2689, 5, 464, 699, 0, 196, 33917, 397, 3, 41, 7560, 303, 452, 5, 13835, 9750, 19514, 0, 0, 25, 4807, 4945, 8481, 42, 0, 0, 18, 20, 161, 3, 34764, 25688, 28966, 2, 0, 0, 319
1258,6,18, 1051146,benign, 562, 148, 8555, 0, 5822, 2692, 2, 464, 699, 0, 196, 33218, 397, 3, 43, 6619, 496, 533, 5, 13090, 9100, 19498, 0, 0, 25, 4706, 4907, 8484, 42, 0, 0, 19, 23, 160, 4, 34053, 25499, 28782, 2, 0, 0, 317
1259,4,20, 1050874,benign, 550, 148, 8548, 0, 5823, 2692, 1, 464, 699, 0, 194, 33809, 397, 3, 40, 6886, 326, 497, 5, 13609, 9633, 19497, 0, 0, 25, 4773, 4960, 8480, 42, 0, 0, 18, 20, 295, 2, 33991, 25417, 28778, 1, 0, 0, 316
1260,4,14, 1056681,benign, 731, 148, 8575, 0, 5824, 2690, 2, 464, 699, 0, 196, 33867, 397, 3, 42, 7288, 304, 436, 5, 13919, 9912, 19506, 0, 0, 25, 4750, 4890, 8487, 42, 0, 0, 18, 20, 153, 2, 34454, 26032, 29525, 1, 0, 0, 316
1261,3,28, 1055558,SDC, 699, 148, 8567, 0, 5821, 2695, 2, 464, 694, 0, 201, 33820, 392, 3, 41, 7008, 327, 442, 5, 13692, 9744, 19506, 0, 0, 25, 4770, 4833, 8488, 42, 0, 0, 18, 20, 158, 4, 34239, 25830, 29096, 2, 0, 0, 384
1262,7,10, 1055768,benign, 681, 146, 8560, 4, 5831, 2695, 2, 464, 699, 0, 197, 33693, 397, 3, 42, 7111, 302, 449, 5, 13557, 9446, 19478, 0, 0, 25, 4724, 4910, 8484, 42, 0, 0, 19, 23, 160, 3, 34424, 25541, 29033, 2, 0, 0, 316
1263,0,5, 1052787,benign, 622, 146, 8573, 0, 5825, 2695, 1, 464, 699, 0, 200, 33414, 397, 3, 42, 6660, 328, 449, 5, 13402, 9380, 19510, 0, 0, 25, 4733, 4872, 8484, 42, 0, 0, 18, 20, 358, 4, 34712, 25399, 28783, 2, 0, 0, 446
1264,7,7, 1053760,benign, 618, 147, 8579, 4, 5825, 2693, 2, 464, 699, 0, 196, 33488, 397, 3, 41, 7122, 331, 443, 5, 13279, 9319, 19483, 0, 0, 25, 4745, 4877, 8492, 42, 0, 0, 18, 20, 160, 3, 33985, 25620, 28918, 2, 0, 0, 317
1265,6,1, 1053057,benign, 634, 148, 8569, 0, 5828, 2693, 1, 464, 699, 0, 197, 33757, 397, 3, 41, 6599, 306, 443, 5, 13253, 9266, 19486, 0, 0, 25, 4833, 4907, 8487, 42, 0, 0, 18, 20, 160, 3, 34130, 25336, 28678, 2, 0, 0, 319
1266,5,6, 1054061,benign, 648, 147, 8563, 0, 5826, 2693, 1, 464, 699, 0, 195, 33669, 397, 3, 42, 7457, 438, 453, 5, 13333, 9280, 19504, 0, 0, 25, 4840, 4897, 8482, 42, 0, 0, 18, 20, 167, 3, 34303, 25517, 28779, 2, 0, 0, 317
1267,10,10, 1055610,benign, 693, 148, 8580, 0, 5824, 2690, 2, 464, 699, 0, 201, 33754, 397, 3, 43, 7084, 306, 443, 5, 13478, 9553, 19496, 0, 0, 25, 4743, 4900, 8483, 42, 0, 0, 18, 20, 160, 3, 34190, 25725, 29034, 2, 0, 0, 317
1268,10,29, 1058623,benign, 796, 147, 8580, 0, 5831, 2694, 1, 464, 699, 0, 201, 34421, 397, 3, 41, 7660, 309, 443, 5, 13578, 9567, 19512, 0, 0, 25, 4713, 4888, 8483, 42, 0, 0, 18, 20, 355, 3, 34627, 26156, 29636, 2, 0, 0, 319
1269,1,20, 1058452,benign, 767, 146, 8576, 4, 5825, 2690, 1, 464, 699, 0, 198, 33709, 397, 3, 42, 7917, 318, 445, 5, 13689, 9779, 19469, 0, 0, 25, 4730, 4915, 8484, 42, 0, 0, 18, 20, 158, 4, 34093, 25624, 28934, 2, 0, 0, 316
1270,1,13, 1060393,benign, 817, 146, 8584, 0, 5828, 2695, 1, 464, 700, 0, 202, 34423, 397, 3, 42, 7378, 294, 447, 5, 14135, 10099, 19544, 0, 0, 25, 4727, 4896, 8487, 42, 0, 0, 18, 20, 158, 3, 34958, 25845, 29199, 2, 0, 0, 319
1271,6,19, 1051696,benign, 554, 147, 8563, 4, 5824, 2689, 1, 464, 699, 0, 195, 33213, 397, 3, 42, 6587, 337, 890, 5, 13002, 9033, 19478, 0, 0, 25, 5021, 4708, 8488, 42, 0, 0, 18, 20, 158, 3, 33676, 25478, 28736, 2, 0, 0, 319
1272,6,27, 1057918,benign, 766, 147, 8572, 0, 5825, 2694, 1, 464, 699, 0, 197, 33944, 397, 3, 41, 7234, 414, 443, 5, 13987, 10018, 19543, 0, 0, 25, 4786, 4949, 8490, 42, 0, 0, 18, 20, 167, 3, 34752, 26134, 29410, 2, 0, 0, 319
1273,5,2, 1060069,benign, 439, 148, 8550, 0, 5816, 2698, 1, 464, 699, 0, 192, 32653, 397, 3, 41, 6523, 291, 451, 5, 12647, 8588, 19484, 0, 0, 25, 4633, 5221, 8477, 36, 0, 0, 18, 20, 161, 2, 33595, 24750, 28117, 2, 0, 0, 494
1274,4,6, 1055281,benign, 690, 149, 8559, 1, 5819, 2686, 1, 464, 699, 0, 197, 33713, 397, 3, 43, 7009, 311, 445, 5, 13864, 9839, 19517, 0, 0, 25, 4894, 4959, 8486, 42, 0, 0, 18, 20, 158, 3, 34478, 25413, 28729, 2, 0, 0, 376
1275,3,2, 1049930,crash/hangs,-,-,-,-,-,-,-,-,-,-,-,-,-,-,-,-,-,-,-,-,-,-,-,-,-,-,-,-,-,-,-,-,-,-,-,-,-,-,-,-,-,-
1276,7,2, 1054731,benign, 595, 23, 8598, 0, 5864, 2699, 1, 464, 699, 0, 198, 33600, 397, 3, 41, 7574, 311, 512, 5, 13462, 9375, 19496, 0, 0, 25, 4727, 4921, 8485, 42, 0, 0, 18, 20, 158, 3, 34620, 25693, 29181, 2, 0, 0, 317
1277,2,12, 1058963,SDC, 811, 147, 8569, 0, 5820, 2694, 1, 464, 694, 0, 195, 33973, 392, 3, 41, 7768, 282, 443, 5, 13962, 10035, 19528, 0, 0, 25, 4719, 4879, 8480, 41, 0, 0, 18, 20, 157, 3, 34717, 26071, 29343, 2, 0, 0, 317
1278,1,17, 1050712,benign, 524, 148, 8558, 4, 5825, 2689, 3, 464, 699, 0, 200, 33427, 397, 3, 41, 6709, 321, 446, 5, 12964, 8951, 19459, 0, 0, 25, 4978, 4668, 8489, 42, 0, 0, 18, 20, 160, 3, 34333, 25331, 28604, 2, 0, 0, 317
1279,10,20, 1050360,benign, 514, 148, 8554, 4, 5826, 2688, 1, 464, 699, 0, 193, 33287, 397, 3, 41, 6642, 332, 444, 5, 13295, 9323, 19468, 0, 0, 25, 4691, 4904, 8490, 42, 0, 0, 18, 20, 168, 3, 34107, 25071, 28335, 2, 0, 0, 386
1280,10,3, 1059151,benign, 812, 148, 8585, 0, 5832, 2686, 1, 464, 699, 0, 199, 33922, 397, 3, 42, 7831, 344, 441, 5, 14245, 10230, 19530, 0, 0, 25, 4719, 4899, 8481, 42, 0, 0, 18, 20, 157, 2, 34620, 25828, 29121, 2, 0, 0, 319
1281,6,5, 1057521,benign, 755, 146, 8580, 0, 5825, 2690, 1, 464, 699, 0, 196, 33757, 397, 3, 41, 7654, 306, 455, 5, 13618, 9655, 19511, 0, 0, 25, 4801, 4927, 8483, 42, 0, 0, 18, 20, 160, 3, 34544, 26043, 29336, 2, 0, 0, 319
1282,6,13, 1059266,benign, 818, 147, 8579, 0, 5826, 2691, 1, 464, 699, 0, 197, 34006, 397, 3, 43, 7739, 299, 444, 5, 13766, 9828, 19516, 0, 0, 25, 4809, 4834, 8489, 42, 0, 0, 19, 23, 162, 3, 34880, 25748, 29037, 2, 0, 0, 439
1283,1,22, 1054162,benign, 656, 146, 8561, 0, 5825, 2690, 2, 464, 699, 0, 201, 33685, 397, 3, 41, 7105, 310, 445, 5, 13392, 9389, 19492, 0, 0, 25, 4720, 4882, 8484, 42, 0, 0, 19, 22, 159, 4, 34228, 25690, 28972, 2, 0, 0, 319
1284,0,17, 1054567,benign, 680, 148, 8562, 0, 5828, 2693, 3, 464, 699, 0, 198, 33421, 397, 3, 41, 6776, 324, 502, 5, 13723, 9714, 19498, 0, 0, 25, 4831, 4892, 8487, 42, 0, 0, 18, 20, 217, 3, 34055, 25916, 29233, 2, 0, 0, 319
1285,2,9, 1053361,SDC, 632, 149, 8567, 0, 5821, 2691, 1, 464, 694, 0, 195, 33938, 392, 3, 41, 6800, 322, 573, 5, 13306, 9327, 19491, 0, 0, 25, 4728, 4865, 8483, 42, 0, 0, 18, 20, 158, 3, 34068, 25910, 29269, 2, 0, 0, 319
1286,0,2, 1052925,benign, 610, 146, 8568, 0, 5827, 2689, 5, 464, 699, 0, 195, 33498, 397, 3, 42, 7059, 275, 454, 5, 13494, 9463, 19508, 0, 0, 25, 4734, 4876, 8492, 42, 0, 0, 18, 20, 161, 3, 34069, 25739, 29062, 2, 0, 0, 317
1287,8,22, 1059715,benign, 436, 148, 8549, 0, 5820, 2690, 2, 464, 699, 0, 186, 33026, 397, 3, 40, 6589, 284, 648, 5, 12696, 8514, 19497, 0, 0, 25, 4752, 4973, 8475, 42, 0, 0, 18, 20, 152, 2, 33326, 24860, 28034, 1, 0, 0, 376
1288,9,0, 1049929,benign, 520, 147, 8558, 0, 5826, 2693, 2, 464, 699, 0, 192, 33657, 397, 3, 42, 6789, 306, 467, 5, 13367, 9253, 19498, 0, 0, 25, 4455, 5151, 8477, 42, 0, 0, 18, 20, 168, 3, 34176, 25538, 28779, 2, 0, 0, 319
1289,0,14, 1056726,benign, 743, 147, 8577, 0, 5827, 2693, 2, 464, 699, 0, 197, 33973, 397, 3, 42, 7604, 283, 447, 5, 13673, 9702, 19495, 0, 0, 25, 4879, 4894, 8502, 42, 0, 0, 18, 20, 158, 3, 34259, 25626, 28953, 2, 0, 0, 317
1290,10,24, 1055755,benign, 706, 148, 8565, 0, 5827, 2696, 1, 464, 699, 0, 201, 34115, 397, 3, 42, 7329, 494, 445, 5, 13383, 9462, 19485, 0, 0, 25, 4711, 4893, 8479, 42, 0, 0, 18, 20, 233, 3, 34145, 25946, 29210, 2, 0, 0, 379
1291,8,13, 1053671,benign, 639, 147, 8571, 0, 5830, 2688, 2, 464, 699, 0, 197, 33801, 397, 3, 41, 7234, 336, 445, 5, 13502, 9506, 19518, 0, 0, 25, 4715, 4886, 8489, 42, 0, 0, 18, 20, 158, 4, 34286, 25774, 29216, 2, 0, 0, 317
1292,10,21, 1058870,benign, 794, 148, 8577, 0, 5827, 2694, 2, 464, 699, 0, 198, 33812, 397, 3, 42, 7546, 347, 454, 5, 13937, 9917, 19497, 0, 0, 25, 4824, 4895, 8483, 42, 0, 0, 18, 20, 158, 4, 34716, 25876, 29169, 2, 0, 0, 317
1293,3,23, 1056630,SDC, 735, 147, 8579, 0, 5823, 2695, 2, 464, 694, 0, 199, 33843, 392, 3, 42, 7237, 283, 448, 5, 13766, 9788, 19473, 0, 0, 25, 4809, 4831, 8475, 42, 0, 0, 18, 20, 158, 3, 34041, 26052, 29471, 2, 0, 0, 319
1294,3,16, 1058690,SDC, 794, 147, 8575, 0, 5827, 2698, 1, 464, 694, 0, 201, 33878, 392, 3, 41, 7484, 312, 445, 5, 14108, 10170, 19550, 0, 0, 25, 4848, 5007, 8501, 42, 0, 0, 18, 20, 160, 3, 34681, 25853, 29300, 2, 0, 0, 316
1295,9,23, 1051282,benign, 567, 147, 8567, 0, 5826, 2695, 1, 464, 699, 0, 194, 33558, 397, 3, 41, 6820, 342, 519, 5, 13387, 9211, 19490, 0, 0, 25, 4703, 4897, 8486, 42, 0, 0, 18, 20, 158, 3, 34597, 25200, 28796, 2, 0, 0, 376
1296,4,22, 1057472,benign, 736, 148, 8582, 3, 5827, 2692, 1, 464, 699, 0, 203, 33734, 397, 3, 41, 7697, 360, 452, 5, 13420, 9450, 19476, 0, 0, 25, 4729, 4872, 8485, 42, 0, 0, 18, 20, 160, 3, 34109, 25694, 28971, 2, 0, 0, 414
1297,0,22, 1054433,benign, 676, 149, 8573, 0, 5825, 2689, 1, 464, 699, 0, 199, 33324, 397, 3, 42, 7389, 336, 445, 5, 13495, 9490, 19504, 0, 0, 25, 5062, 5231, 8493, 42, 0, 0, 18, 20, 158, 4, 34511, 25677, 28981, 2, 0, 0, 317
1298,5,13, 1054988,benign, 657, 146, 8569, 4, 5825, 2687, 2, 464, 699, 0, 195, 33760, 397, 3, 41, 6999, 316, 444, 5, 13667, 9504, 19482, 0, 0, 25, 4791, 4851, 8478, 42, 0, 0, 19, 23, 160, 3, 34363, 25236, 28524, 2, 0, 0, 318
1299,0,2, 1056538,benign, 732, 147, 8580, 0, 5827, 2692, 1, 464, 699, 0, 198, 33749, 397, 3, 43, 7517, 296, 444, 5, 14253, 10290, 19543, 0, 0, 25, 4776, 4817, 8485, 42, 0, 0, 18, 20, 157, 3, 34585, 25856, 29183, 2, 0, 0, 316
1300,0,30, 1056767,SDC, 737, 148, 8583, 0, 5821, 2689, 1, 464, 694, 0, 205, 33682, 392, 3, 42, 7071, 292, 504, 5, 13521, 9533, 19494, 0, 0, 25, 4750, 4885, 8493, 42, 0, 0, 18, 20, 168, 3, 34539, 25461, 28764, 2, 0, 0, 385
1301,0,19, 1058846,benign, 798, 149, 8569, 0, 5827, 2688, 3, 464, 699, 0, 195, 33799, 397, 3, 43, 7407, 305, 514, 5, 14141, 10116, 19550, 0, 0, 25, 4742, 4898, 8488, 42, 0, 0, 18, 20, 159, 3, 34773, 26131, 29465, 2, 0, 0, 385
1302,6,12, 1053696,benign, 618, 149, 8556, 4, 5825, 2694, 3, 464, 699, 0, 197, 33225, 397, 3, 41, 7132, 303, 442, 5, 13131, 9153, 19477, 0, 0, 25, 4725, 4887, 8481, 42, 0, 0, 18, 20, 275, 3, 34194, 25554, 28902, 2, 0, 0, 319
1303,0,21, 1052417,benign, 615, 149, 8564, 0, 5827, 2694, 2, 464, 699, 0, 197, 33460, 397, 3, 41, 7027, 326, 524, 5, 13337, 9147, 19516, 0, 0, 25, 4781, 4832, 8486, 42, 0, 0, 18, 20, 157, 3, 34223, 25204, 28500, 2, 0, 0, 317
1304,2,22, 1051186,SDC, 560, 148, 8554, 0, 5821, 2692, 2, 464, 694, 0, 201, 33635, 392, 3, 41, 6844, 314, 444, 5, 13462, 9453, 19495, 0, 0, 25, 4765, 4957, 8483, 42, 0, 0, 18, 20, 160, 3, 34004, 25385, 28876, 2, 0, 0, 316
1305,1,20, 1050555,benign, 531, 147, 8554, 0, 5817, 2681, 1, 464, 699, 0, 198, 33349, 397, 3, 43, 6740, 336, 445, 5, 13464, 9553, 19482, 0, 0, 25, 4717, 4890, 8482, 42, 0, 0, 18, 20, 160, 3, 34311, 25527, 28980, 2, 0, 0, 316
1306,7,3, 1058634,benign, 791, 147, 8573, 0, 5829, 2690, 1, 464, 699, 0, 195, 33807, 397, 3, 43, 7209, 337, 511, 5, 14416, 10202, 19548, 0, 0, 25, 4765, 4956, 8482, 42, 0, 0, 18, 20, 284, 3, 34584, 25768, 29046, 2, 0, 0, 317
1307,3,30, 1051581,benign, 569, 147, 8560, 0, 5828, 2694, 1, 464, 699, 0, 194, 33198, 397, 3, 41, 6670, 322, 504, 5, 13015, 9032, 19496, 0, 0, 25, 4966, 5028, 8483, 42, 0, 0, 18, 20, 158, 3, 33820, 25327, 28654, 2, 0, 0, 445
1308,5,1, 1055766,benign, 706, 146, 8571, 0, 5826, 2689, 1, 464, 699, 0, 202, 33866, 397, 3, 41, 7246, 315, 447, 5, 13764, 9801, 19493, 0, 0, 25, 4723, 4874, 8477, 41, 0, 0, 18, 20, 161, 3, 34317, 25545, 28795, 2, 0, 0, 378
1309,0,29, 1052409,benign, 596, 148, 8565, 0, 5826, 2689, 2, 464, 699, 0, 201, 33525, 397, 3, 42, 6640, 327, 444, 5, 13650, 9614, 19505, 0, 0, 25, 4788, 4837, 8486, 42, 0, 0, 18, 20, 158, 3, 34122, 25720, 29023, 2, 0, 0, 319
1310,4,17, 1055846,benign, 701, 149, 8563, 0, 5827, 2694, 1, 464, 699, 0, 200, 33853, 397, 3, 41, 7118, 325, 441, 5, 13934, 9953, 19503, 0, 0, 25, 4730, 4901, 8482, 42, 0, 0, 18, 20, 152, 2, 34537, 25673, 29122, 1, 0, 0, 333
1311,2,23, 1049911,SDC, 524, 151, 8538, 0, 5816, 2692, 1, 464, 694, 1, 194, 33614, 392, 3, 43, 6528, 323, 648, 5, 13360, 9338, 19466, 0, 0, 25, 4446, 5153, 8472, 42, 0, 0, 18, 20, 168, 3, 33825, 25148, 28439, 2, 0, 0, 317
1312,2,3, 1057607,SDC, 773, 148, 8558, 0, 5822, 2690, 1, 464, 695, 0, 199, 34208, 392, 3, 43, 7440, 306, 443, 5, 13712, 9774, 19485, 0, 0, 25, 4714, 4896, 8488, 42, 0, 0, 18, 20, 157, 4, 34449, 25812, 29250, 2, 0, 0, 319
1313,7,10, 1052295,benign, 601, 148, 8556, 0, 5824, 2688, 2, 464, 699, 0, 198, 33984, 397, 3, 41, 7291, 291, 446, 5, 13572, 9615, 19489, 0, 0, 25, 4719, 4875, 8484, 42, 0, 0, 18, 20, 168, 3, 34643, 25746, 29025, 2, 0, 0, 317
1314,1,8, 1060068,benign, 439, 148, 8546, 0, 5816, 2696, 5, 464, 699, 0, 191, 32948, 397, 3, 40, 6287, 286, 439, 5, 12854, 8853, 19514, 0, 0, 25, 4494, 5220, 8470, 42, 0, 0, 18, 20, 153, 2, 33407, 24770, 28048, 2, 0, 0, 316
1315,0,18, 1060274,benign, 519, 147, 8545, 0, 5819, 2690, 1, 464, 699, 0, 196, 33005, 397, 3, 40, 6456, 303, 439, 5, 13466, 9427, 19505, 0, 0, 25, 4698, 5041, 8477, 34, 0, 0, 18, 20, 167, 3, 34014, 25049, 28428, 1, 0, 0, 319
1316,8,25, 1053275,benign, 632, 147, 8563, 0, 5826, 2689, 2, 464, 699, 0, 200, 33980, 397, 3, 41, 6871, 314, 454, 5, 13397, 9348, 19514, 0, 0, 25, 4785, 4819, 8481, 42, 0, 0, 18, 20, 166, 4, 33922, 25799, 29080, 2, 0, 0, 319
1317,3,11, 1052692,benign, 585, 146, 8570, 4, 5830, 2690, 1, 464, 699, 0, 198, 33093, 397, 3, 41, 7252, 324, 445, 5, 12963, 8981, 19481, 0, 0, 25, 4801, 4849, 8484, 42, 0, 0, 18, 20, 158, 3, 33747, 25185, 28612, 2, 0, 0, 320
1318,7,12, 1051299,benign, 575, 146, 8561, 0, 5822, 2689, 2, 464, 700, 0, 202, 33374, 397, 3, 42, 6947, 279, 444, 5, 13602, 9683, 19599, 0, 0, 25, 4716, 4892, 8486, 42, 0, 0, 18, 20, 340, 3, 34665, 25760, 29040, 2, 0, 0, 316
1319,10,20, 1057830,benign, 768, 148, 8581, 0, 5834, 2686, 1, 464, 699, 0, 194, 33764, 397, 3, 41, 7271, 359, 445, 5, 14217, 10251, 19545, 0, 0, 25, 4976, 4770, 8488, 42, 0, 0, 18, 20, 160, 3, 34548, 26147, 29427, 2, 0, 0, 317
1320,1,12, 1050775,benign, 548, 148, 8564, 0, 5831, 2694, 1, 464, 699, 0, 207, 33290, 397, 3, 41, 6511, 557, 442, 5, 13254, 9334, 19512, 0, 0, 25, 4705, 4905, 8485, 42, 0, 0, 18, 20, 168, 3, 33819, 25005, 28277, 2, 0, 0, 447
1321,2,9, 1049898,SDC, 526, 149, 8557, 1, 5820, 2695, 1, 464, 694, 1, 192, 33325, 392, 3, 45, 6857, 326, 465, 5, 13290, 9270, 19499, 0, 0, 25, 4655, 5360, 8478, 42, 0, 0, 18, 20, 176, 3, 34179, 25395, 28665, 3, 0, 0, 317
1322,2,9, 1057797,SDC, 771, 148, 8569, 0, 5823, 2695, 2, 464, 694, 0, 195, 33763, 392, 3, 43, 7696, 245, 448, 5, 13883, 9965, 19484, 0, 0, 25, 4730, 4883, 8484, 42, 0, 0, 18, 20, 157, 4, 34513, 26166, 29501, 2, 0, 0, 319
1323,7,29, 1058678,benign, 789, 146, 8581, 0, 5827, 2692, 2, 464, 699, 0, 201, 34146, 397, 3, 41, 7632, 294, 444, 5, 13714, 9740, 19504, 0, 0, 25, 4779, 4946, 8482, 42, 0, 0, 18, 20, 168, 3, 34760, 26149, 29606, 2, 0, 0, 321
1324,8,3, 1059117,benign, 808, 147, 8578, 0, 5821, 2688, 1, 464, 699, 0, 194, 34054, 397, 3, 41, 8066, 337, 442, 5, 14050, 9933, 19510, 0, 0, 25, 4722, 4883, 8480, 42, 0, 0, 18, 20, 160, 3, 35104, 25893, 29186, 2, 0, 0, 447
1325,9,6, 1059429,benign, 808, 147, 8577, 0, 5820, 2685, 2, 464, 699, 0, 195, 34097, 397, 3, 41, 7413, 307, 512, 5, 14054, 10067, 19545, 0, 0, 25, 4777, 4829, 8477, 42, 0, 0, 18, 20, 160, 3, 34716, 26305, 29738, 2, 0, 0, 377
1326,8,26, 1051055,benign, 557, 147, 8560, 0, 5831, 2696, 2, 464, 699, 0, 203, 33726, 397, 3, 42, 6757, 350, 495, 5, 13522, 9560, 19499, 0, 0, 25, 4757, 4964, 8488, 42, 0, 0, 18, 20, 160, 4, 34352, 25087, 28565, 2, 0, 0, 317
1327,0,24, 1057101,benign, 754, 149, 8565, 0, 5826, 2692, 2, 464, 699, 0, 195, 33854, 397, 3, 41, 7454, 300, 508, 5, 13929, 9931, 19495, 0, 0, 25, 4731, 4871, 8483, 42, 0, 0, 18, 20, 159, 3, 34834, 25796, 29096, 2, 0, 0, 379
1328,9,26, 1050421,benign, 532, 147, 8554, 0, 5827, 2689, 1, 464, 699, 0, 195, 33548, 397, 3, 41, 6655, 301, 515, 6, 13239, 9221, 19508, 0, 0, 25, 4708, 4898, 8483, 42, 0, 0, 18, 20, 167, 3, 34121, 25595, 28876, 2, 0, 0, 526
1329,2,28, 1053956,benign, 627, 148, 8566, 4, 5827, 2693, 6, 464, 699, 0, 195, 33265, 397, 3, 41, 7190, 301, 445, 5, 13350, 9372, 19480, 0, 0, 25, 4726, 4869, 8485, 41, 0, 0, 18, 20, 159, 3, 34294, 25231, 28505, 2, 0, 0, 319
1330,1,0, 1054531,benign, 683, 148, 8566, 0, 5829, 2693, 2, 464, 699, 0, 198, 33990, 397, 3, 41, 6890, 327, 507, 5, 13498, 9505, 19511, 0, 0, 25, 4968, 4766, 8485, 42, 0, 0, 18, 20, 158, 3, 34577, 25352, 28631, 2, 0, 0, 317
1331,5,7, 1052435,benign, 601, 148, 8564, 0, 5825, 2693, 2, 464, 699, 0, 198, 33937, 397, 3, 42, 7246, 301, 460, 5, 13288, 9273, 19514, 0, 0, 25, 4728, 4912, 8483, 42, 0, 0, 18, 20, 223, 4, 33810, 25412, 28685, 2, 0, 0, 320
1332,1,10, 1050490,benign, 543, 148, 8549, 0, 5827, 2694, 3, 464, 699, 0, 207, 33512, 397, 3, 41, 6765, 292, 671, 5, 13140, 9187, 19521, 0, 0, 25, 4718, 4890, 8486, 42, 0, 0, 18, 20, 159, 3, 34241, 25594, 28865, 2, 0, 0, 316
1333,6,11, 1054913,benign, 683, 149, 8565, 0, 5827, 2693, 1, 464, 699, 0, 198, 33590, 397, 3, 43, 7385, 297, 513, 5, 13351, 9399, 19483, 0, 0, 25, 4780, 4952, 8489, 42, 0, 0, 18, 20, 159, 3, 34126, 25808, 29178, 2, 0, 0, 321
1334,8,16, 1051607,benign, 576, 148, 8562, 0, 5825, 2690, 2, 464, 699, 0, 202, 33468, 397, 3, 40, 6732, 308, 445, 5, 13588, 9597, 19499, 0, 0, 25, 4818, 4905, 8483, 42, 0, 0, 18, 20, 158, 3, 33869, 25144, 28515, 2, 0, 0, 385
1335,2,29, 1050666,benign, 546, 148, 8557, 0, 5826, 2688, 1, 464, 699, 0, 204, 33454, 397, 3, 41, 6924, 321, 445, 5, 13318, 9389, 19517, 0, 0, 25, 4813, 4909, 8487, 42, 0, 0, 18, 20, 168, 3, 34275, 25243, 28500, 2, 0, 0, 320
1336,7,20, 1050231,benign, 526, 148, 8555, 0, 5825, 2695, 1, 464, 700, 0, 200, 33523, 397, 3, 41, 6832, 361, 448, 5, 13454, 9451, 19505, 0, 0, 25, 4975, 4669, 8483, 40, 0, 0, 18, 20, 158, 4, 33898, 25607, 29090, 2, 0, 0, 379
1337,4,21, 1057984,benign, 750, 146, 8570, 3, 5825, 2690, 1, 464, 699, 0, 195, 33629, 397, 3, 41, 7509, 306, 446, 5, 13578, 9663, 19495, 0, 0, 25, 4814, 4945, 8482, 42, 0, 0, 18, 20, 166, 4, 34599, 25773, 29024, 2, 0, 0, 319
1338,9,7, 1055936,benign, 688, 148, 8570, 4, 5825, 2689, 1, 464, 699, 0, 198, 33545, 397, 3, 43, 7385, 331, 491, 5, 13495, 9561, 19475, 0, 0, 25, 4776, 4819, 8479, 42, 0, 0, 18, 20, 157, 3, 34648, 25638, 29024, 2, 0, 0, 319
1339,5,6, 1059652,benign, 492, 144, 8552, 0, 5820, 2689, 1, 464, 699, 0, 192, 33407, 397, 3, 40, 6601, 355, 438, 6, 12777, 8812, 19466, 0, 0, 25, 4622, 4970, 8471, 42, 0, 0, 18, 20, 153, 2, 33766, 24874, 28267, 2, 0, 0, 317
1340,5,6, 1054908,benign, 655, 148, 8557, 4, 5827, 2693, 3, 464, 699, 0, 197, 33634, 397, 3, 45, 7288, 517, 446, 5, 13063, 9123, 19470, 0, 0, 25, 4737, 4901, 8480, 41, 0, 0, 19, 23, 160, 4, 34017, 25493, 28999, 2, 0, 0, 321
1341,10,13, 1053142,benign, 634, 147, 8568, 0, 5825, 2692, 1, 464, 699, 0, 196, 33261, 397, 3, 41, 6781, 320, 520, 5, 13336, 9315, 19510, 0, 0, 25, 4730, 4871, 8480, 42, 0, 0, 18, 20, 161, 3, 34138, 25453, 28709, 2, 0, 0, 317
1342,0,15, 1050250,benign, 534, 147, 8553, 0, 5823, 2689, 1, 464, 699, 0, 203, 33546, 397, 3, 44, 6676, 315, 443, 5, 13503, 9535, 19506, 0, 0, 25, 4762, 4841, 8489, 42, 0, 0, 18, 20, 168, 3, 34258, 25166, 28436, 2, 0, 0, 391
1343,9,16, 1050360,benign, 512, 148, 8552, 4, 5828, 2694, 2, 464, 699, 0, 198, 33255, 397, 3, 41, 7086, 319, 448, 5, 13191, 9184, 19476, 0, 0, 25, 4714, 4923, 8486, 42, 0, 0, 18, 20, 158, 4, 33644, 25411, 28688, 2, 0, 0, 319
1344,10,21, 1058482,benign, 801, 148, 8563, 0, 5821, 2686, 2, 464, 699, 0, 206, 34577, 397, 3, 41, 7721, 329, 445, 5, 13698, 9886, 19501, 0, 0, 25, 4701, 4896, 8485, 42, 0, 0, 18, 20, 160, 3, 34895, 25828, 29098, 2, 0, 0, 384
1345,8,4, 1057244,benign, 729, 147, 8576, 4, 5827, 2695, 1, 464, 699, 0, 200, 33694, 397, 3, 41, 7200, 295, 512, 5, 13783, 9761, 19474, 0, 0, 25, 4730, 4866, 8486, 42, 0, 0, 18, 20, 160, 3, 34250, 25494, 28762, 2, 0, 0, 319
1346,9,13, 1054948,benign, 658, 148, 8564, 4, 5823, 2686, 2, 464, 700, 0, 199, 33564, 397, 3, 43, 6871, 345, 445, 5, 13567, 9633, 19481, 0, 0, 25, 4700, 4903, 8482, 42, 0, 0, 18, 20, 160, 3, 34057, 25643, 28920, 2, 0, 0, 316
1347,1,10, 1052347,benign, 599, 146, 8558, 0, 5826, 2689, 2, 464, 699, 0, 208, 33958, 397, 3, 41, 7179, 327, 509, 6, 13469, 9482, 19498, 0, 0, 25, 4790, 4944, 8482, 42, 0, 0, 18, 20, 159, 3, 34241, 25745, 29066, 2, 0, 0, 378
1348,10,5, 1056989,benign, 747, 149, 8585, 0, 5826, 2691, 2, 464, 699, 0, 200, 33957, 397, 3, 41, 7173, 447, 510, 5, 13675, 9679, 19510, 0, 0, 25, 4740, 4880, 8489, 42, 0, 0, 18, 20, 167, 2, 34909, 25952, 29236, 2, 0, 0, 318
1349,1,7, 1051544,benign, 550, 148, 8555, 4, 5827, 2695, 1, 464, 699, 0, 199, 33124, 397, 3, 42, 6911, 282, 448, 5, 13367, 9321, 19472, 0, 0, 25, 4841, 4895, 8487, 42, 0, 0, 19, 23, 161, 3, 33999, 25077, 28376, 2, 0, 0, 317
1350,7,28, 1058779,benign, 794, 147, 8580, 0, 5828, 2687, 4, 464, 699, 0, 204, 34100, 397, 3, 41, 7343, 308, 443, 5, 14097, 10079, 19565, 0, 0, 25, 4972, 4768, 8486, 41, 0, 0, 18, 20, 159, 3, 35067, 26289, 29710, 2, 0, 0, 316
1351,0,31, 1054059,benign, 653, 150, 8562, 0, 5826, 2688, 2, 464, 699, 0, 195, 33768, 397, 3, 41, 6942, 308, 445, 5, 13340, 9311, 19496, 0, 0, 25, 4716, 4884, 8489, 42, 0, 0, 18, 20, 158, 3, 34301, 25562, 28878, 2, 0, 0, 321
1352,10,19, 1052408,benign, 577, 148, 8558, 4, 5829, 2694, 2, 464, 699, 0, 198, 33733, 397, 3, 43, 7081, 283, 444, 5, 13014, 9039, 19463, 0, 0, 25, 4836, 4901, 8489, 42, 0, 0, 18, 20, 159, 3, 33929, 25207, 28484, 2, 0, 0, 316
1353,1,3, 1058642,SDC, 809, 149, 8570, 1, 5826, 2699, 2, 464, 694, 0, 196, 33995, 392, 3, 42, 7789, 311, 445, 5, 13701, 9766, 19480, 0, 0, 25, 4744, 4898, 8481, 41, 0, 0, 18, 20, 157, 4, 35036, 26133, 29438, 2, 0, 0, 317
1354,5,12, 1053382,benign, 641, 148, 8571, 0, 5829, 2694, 2, 464, 699, 0, 197, 34035, 397, 3, 41, 6824, 308, 448, 5, 13238, 9258, 19512, 0, 0, 25, 4847, 5013, 8485, 42, 0, 0, 18, 20, 158, 3, 33959, 25531, 28849, 2, 0, 0, 379
1355,7,18, 1054288,benign, 635, 147, 8568, 4, 5827, 2691, 1, 464, 699, 0, 198, 33554, 397, 3, 44, 6995, 313, 528, 5, 13543, 9514, 19483, 0, 0, 25, 4703, 4897, 8499, 42, 0, 0, 18, 20, 158, 3, 33952, 25531, 28817, 2, 0, 0, 320
1356,0,26, 1058772,benign, 776, 148, 8579, 4, 5833, 2685, 2, 464, 699, 0, 195, 34082, 397, 3, 43, 7245, 310, 444, 5, 13675, 9730, 19498, 0, 0, 25, 4709, 4892, 8488, 42, 0, 0, 19, 22, 170, 3, 34260, 26073, 29376, 2, 0, 0, 317
1357,9,9, 1054439,benign, 677, 148, 8568, 0, 5824, 2692, 2, 464, 699, 0, 193, 33748, 397, 3, 42, 7303, 300, 444, 5, 13852, 9789, 19492, 0, 0, 25, 4739, 4874, 8487, 42, 0, 0, 18, 20, 167, 4, 34315, 25362, 28659, 2, 0, 0, 385
1358,8,29, 1052018,benign, 581, 149, 8573, 0, 5825, 2687, 1, 464, 699, 0, 198, 33361, 397, 3, 41, 6953, 333, 443, 5, 13420, 9442, 19502, 0, 0, 25, 4717, 4886, 8487, 42, 0, 0, 18, 20, 160, 3, 34106, 25379, 28672, 2, 0, 0, 532
1359,6,6, 1058779,benign, 804, 148, 8583, 0, 5830, 2685, 1, 464, 699, 0, 197, 34169, 397, 3, 41, 7393, 311, 445, 5, 14014, 10011, 19542, 0, 0, 25, 4698, 4911, 8485, 42, 0, 0, 18, 20, 157, 4, 34869, 25776, 29177, 2, 0, 0, 321
1360,9,24, 1059281,benign, 824, 149, 8572, 0, 5824, 2689, 2, 464, 699, 0, 198, 33834, 397, 3, 40, 7433, 281, 778, 5, 14017, 10036, 19546, 0, 0, 25, 4727, 4883, 8480, 42, 0, 0, 18, 20, 159, 3, 34645, 25777, 29062, 2, 0, 0, 316
1361,3,6, 1051363,SDC, 573, 148, 8552, 0, 5823, 2694, 1, 464, 694, 0, 196, 33837, 392, 3, 42, 6713, 337, 442, 5, 13181, 9176, 19484, 0, 0, 25, 4729, 4883, 8478, 42, 0, 0, 18, 20, 158, 3, 33899, 25320, 28678, 2, 0, 0, 319
1362,7,12, 1051182,benign, 558, 146, 8562, 0, 5826, 2690, 2, 464, 699, 0, 198, 33777, 397, 3, 42, 6488, 299, 443, 5, 13364, 9365, 19506, 0, 0, 25, 4947, 4652, 8485, 42, 0, 0, 18, 20, 160, 3, 34301, 25555, 28849, 1, 0, 0, 385
1363,1,1, 1058904,benign, 780, 146, 8579, 4, 5827, 2693, 1, 464, 699, 0, 195, 33553, 397, 3, 44, 7732, 324, 443, 5, 14003, 10009, 19525, 0, 0, 25, 4707, 4900, 8487, 42, 0, 0, 18, 20, 160, 3, 34799, 25502, 28928, 2, 0, 0, 443
1364,8,12, 1051994,benign, 600, 149, 8560, 0, 5829, 2693, 1, 464, 699, 0, 200, 33821, 397, 3, 41, 6752, 279, 447, 5, 13198, 9207, 19514, 0, 0, 25, 4916, 4726, 8471, 42, 0, 0, 18, 20, 158, 3, 34123, 25293, 28576, 2, 0, 0, 317
1365,5,31, 1050650,benign, 551, 147, 8551, 0, 5828, 2695, 2, 464, 699, 0, 194, 33239, 397, 3, 42, 6675, 311, 446, 5, 13205, 9228, 19496, 0, 0, 25, 4762, 4878, 8489, 41, 0, 0, 18, 20, 160, 3, 34160, 25413, 28707, 2, 0, 0, 319
1366,4,12, 1057345,benign, 761, 148, 8581, 0, 5829, 2694, 1, 464, 699, 0, 196, 33630, 397, 3, 41, 7263, 316, 504, 5, 13688, 9749, 19502, 0, 0, 25, 4719, 4891, 8494, 42, 0, 0, 18, 20, 161, 2, 34509, 25668, 29180, 1, 0, 0, 317
1367,9,8, 1056426,benign, 727, 149, 8576, 0, 5820, 2687, 1, 464, 700, 0, 201, 33807, 397, 3, 41, 7378, 308, 446, 5, 13703, 9712, 19513, 0, 0, 25, 4711, 4885, 8478, 42, 0, 0, 18, 20, 168, 3, 34775, 25701, 29013, 2, 0, 0, 316
1368,6,29, 1056343,benign, 723, 149, 8580, 0, 5830, 2687, 3, 464, 699, 0, 201, 33984, 397, 3, 42, 7342, 278, 456, 5, 13724, 9716, 19507, 0, 0, 25, 4764, 4885, 8480, 42, 0, 0, 18, 20, 158, 3, 34319, 25618, 29068, 2, 0, 0, 322
1369,3,30, 1054125,SDC, 655, 147, 8558, 0, 5824, 2688, 1, 464, 694, 0, 202, 33671, 392, 3, 41, 6866, 301, 638, 5, 13583, 9597, 19514, 0, 0, 25, 4777, 4941, 8486, 42, 0, 0, 18, 20, 160, 3, 34214, 25320, 28609, 2, 0, 0, 317
1370,3,6, 1054565,SDC, 675, 147, 8556, 0, 5822, 2692, 2, 464, 694, 0, 199, 33717, 392, 3, 42, 7018, 347, 504, 5, 13804, 9820, 19474, 0, 0, 25, 4838, 5012, 8486, 42, 0, 0, 18, 20, 168, 3, 34576, 25446, 28948, 2, 0, 0, 321
1371,6,7, 1051501,benign, 581, 148, 8557, 0, 5825, 2689, 1, 464, 699, 0, 196, 33569, 397, 3, 41, 6800, 296, 447, 5, 13120, 9092, 19497, 0, 0, 25, 4832, 4902, 8483, 42, 0, 0, 18, 20, 383, 3, 34260, 25651, 28958, 2, 0, 0, 331
1372,10,24, 1052854,benign, 613, 149, 8567, 0, 5823, 2692, 1, 464, 699, 0, 205, 33854, 397, 3, 43, 6901, 312, 503, 5, 13227, 9283, 19487, 0, 0, 25, 4989, 5157, 8485, 42, 0, 0, 18, 20, 158, 3, 34655, 25617, 29123, 2, 0, 0, 385
1373,1,17, 1058337,benign, 784, 149, 8581, 0, 5825, 2690, 5, 464, 699, 0, 197, 33887, 397, 3, 44, 7898, 338, 503, 5, 14078, 10055, 19546, 0, 0, 25, 4719, 4894, 8480, 42, 0, 0, 18, 20, 160, 3, 34515, 26450, 29702, 2, 0, 0, 404
1374,5,28, 1053140,benign, 600, 148, 8574, 4, 5834, 2696, 1, 464, 699, 0, 202, 33167, 397, 3, 40, 7299, 301, 440, 5, 12742, 8808, 19474, 0, 0, 25, 4769, 4833, 8489, 42, 0, 0, 18, 20, 168, 3, 33924, 25458, 28847, 2, 0, 0, 377
1375,0,31, 1051618,benign, 588, 149, 8565, 0, 5827, 2694, 2, 464, 699, 0, 198, 33366, 397, 3, 41, 6677, 326, 497, 5, 13211, 9216, 19508, 0, 0, 25, 4788, 4855, 8498, 41, 0, 0, 18, 20, 160, 3, 34416, 25671, 28956, 2, 0, 0, 319
1376,1,9, 1053153,benign, 627, 149, 8570, 0, 5828, 2687, 2, 464, 699, 0, 193, 33620, 397, 3, 41, 7179, 295, 442, 5, 13347, 9387, 19516, 0, 0, 25, 4732, 4877, 8486, 42, 0, 0, 18, 20, 160, 4, 34117, 25923, 29436, 2, 0, 0, 316
1377,5,14, 1059631,benign, 519, 147, 8560, 0, 5830, 2693, 1, 464, 699, 0, 194, 33308, 397, 3, 40, 6365, 283, 505, 5, 13010, 9033, 19520, 0, 0, 25, 4435, 5165, 8480, 34, 0, 0, 18, 20, 153, 2, 34191, 25576, 28877, 2, 0, 0, 321
1378,9,2, 1053733,benign, 643, 147, 8561, 0, 5830, 2695, 2, 464, 699, 0, 202, 34162, 397, 3, 42, 6874, 566, 448, 5, 13572, 9567, 19489, 0, 0, 25, 4720, 4897, 8485, 42, 0, 0, 18, 20, 158, 4, 34224, 25697, 28987, 2, 0, 0, 318
1379,6,6, 1054943,benign, 685, 148, 8561, 0, 5823, 2689, 2, 464, 699, 0, 198, 33713, 397, 3, 41, 6889, 343, 512, 5, 13532, 9642, 19501, 0, 0, 25, 4797, 4970, 8491, 42, 0, 0, 18, 20, 158, 4, 34241, 25651, 28944, 2, 0, 0, 319
1380,3,3, 1050941,SDC, 560, 148, 8559, 0, 5820, 2692, 2, 464, 694, 0, 195, 33320, 392, 3, 42, 6764, 296, 445, 5, 13366, 9228, 19494, 0, 0, 25, 4760, 4953, 8484, 42, 0, 0, 18, 20, 158, 3, 33969, 25509, 28916, 2, 0, 0, 317
1381,4,4, 1057595,benign, 762, 147, 8582, 1, 5829, 2693, 1, 464, 699, 0, 199, 34039, 397, 3, 43, 7319, 285, 443, 5, 13937, 9927, 19516, 0, 0, 25, 4795, 4941, 8497, 42, 0, 0, 18, 20, 158, 4, 34504, 25832, 29116, 2, 0, 0, 379
1382,7,24, 1050710,benign, 545, 148, 8556, 0, 5827, 2694, 1, 464, 699, 0, 201, 33366, 397, 3, 42, 6721, 298, 510, 5, 13669, 9736, 19484, 0, 0, 25, 4832, 5027, 8481, 42, 0, 0, 18, 20, 158, 3, 34100, 25316, 28574, 2, 0, 0, 317
1383,0,31, 1057455,benign, 753, 148, 8575, 0, 5824, 2688, 1, 464, 699, 0, 196, 33912, 397, 3, 44, 7513, 316, 443, 5, 13755, 9780, 19499, 0, 0, 25, 4758, 4885, 8490, 42, 0, 0, 18, 20, 160, 3, 34509, 25979, 29526, 2, 0, 0, 318
1384,1,27, 1055393,SDC, 691, 148, 8569, 0, 5820, 2688, 2, 464, 694, 0, 197, 33693, 392, 3, 41, 7077, 284, 443, 5, 13644, 9643, 19504, 0, 0, 25, 4787, 4929, 8481, 42, 0, 0, 18, 20, 158, 2, 34370, 25404, 28693, 2, 0, 0, 385
1385,8,5, 1058482,benign, 790, 151, 8576, 0, 5825, 2689, 1, 464, 699, 0, 197, 33858, 397, 3, 41, 7858, 321, 441, 5, 13712, 9737, 19488, 0, 0, 25, 4783, 4961, 8481, 42, 0, 0, 18, 20, 158, 3, 34808, 25841, 29344, 2, 0, 0, 320
1386,1,14, 1051852,benign, 560, 147, 8553, 4, 5828, 2690, 2, 464, 699, 0, 196, 33166, 397, 3, 41, 6750, 291, 444, 5, 13121, 9166, 19479, 0, 0, 25, 5030, 4706, 8486, 42, 0, 0, 18, 20, 158, 4, 34226, 25622, 28953, 2, 0, 0, 379
1387,1,29, 1060156,SDC, 489, 148, 8623, 3, 5863, 2705, 2, 371, 591, 0, 191, 27681, 284, 3, 41, 7028, 270, 445, 5, 12258, 9346, 14263, 0, 0, 25, 4714, 4896, 8538, 1, 0, 0, 18, 20, 154, 3, 28137, 25495, 28693, 2, 0, 0, 318
1388,0,27, 1052539,benign, 617, 148, 8568, 0, 5829, 2695, 1, 464, 699, 0, 198, 33701, 397, 3, 42, 7020, 319, 446, 5, 13099, 9126, 19483, 0, 0, 25, 5039, 4699, 8490, 41, 0, 0, 18, 20, 159, 3, 34187, 25361, 28636, 2, 0, 0, 317
1389,4,26, 1053324,benign, 605, 148, 8560, 3, 5827, 2694, 2, 464, 699, 0, 199, 33441, 397, 3, 41, 6911, 304, 444, 5, 13557, 9458, 19465, 0, 0, 25, 4856, 4987, 8481, 42, 0, 0, 18, 20, 160, 3, 34119, 25418, 28694, 2, 0, 0, 317
1390,3,31, 1057546,SDC, 776, 150, 8565, 0, 5821, 2693, 2, 464, 694, 0, 202, 33836, 392, 3, 41, 7375, 312, 575, 5, 13704, 9698, 19491, 0, 0, 25, 4806, 4948, 8480, 42, 0, 0, 18, 20, 157, 4, 34853, 25771, 29025, 2, 0, 0, 319
1391,7,19, 1052646,benign, 603, 147, 8572, 0, 5829, 2694, 4, 464, 699, 0, 194, 33448, 397, 3, 41, 6762, 308, 503, 5, 13542, 9493, 19492, 0, 0, 25, 5038, 4697, 8486, 42, 0, 0, 18, 20, 160, 3, 34271, 25732, 29017, 2, 0, 0, 378
1392,6,3, 1057181,benign, 747, 147, 8575, 0, 5830, 2690, 2, 464, 699, 0, 197, 34181, 397, 3, 41, 7285, 295, 445, 5, 13691, 9693, 19501, 0, 0, 25, 4734, 4877, 8483, 42, 0, 0, 18, 20, 168, 3, 34585, 25681, 28914, 2, 0, 0, 386
1393,3,8, 1051964,SDC, 566, 149, 8552, 4, 5821, 2696, 5, 464, 694, 0, 198, 33603, 392, 3, 41, 6635, 329, 470, 5, 13109, 9113, 19482, 0, 0, 25, 4715, 4892, 8481, 42, 0, 0, 18, 20, 160, 3, 33738, 25334, 28610, 2, 0, 0, 317
1394,9,3, 1053202,benign, 623, 146, 8570, 0, 5828, 2688, 1, 464, 699, 0, 194, 33863, 397, 3, 43, 6691, 330, 510, 5, 13791, 9777, 19489, 0, 0, 25, 4792, 4939, 8490, 42, 0, 0, 18, 20, 159, 3, 34353, 25867, 29201, 2, 0, 0, 316
1395,10,27, 1058680,benign, 774, 148, 8575, 4, 5823, 2686, 1, 464, 699, 0, 202, 33618, 397, 3, 41, 7973, 287, 445, 5, 13317, 9392, 19478, 0, 0, 25, 4786, 4936, 8490, 42, 0, 0, 18, 20, 158, 4, 34348, 25638, 29178, 2, 0, 0, 320
1396,2,23, 1060260,benign, 502, 148, 8550, 4, 5824, 2688, 1, 464, 699, 0, 191, 33009, 397, 3, 41, 6634, 300, 509, 5, 13244, 9257, 19486, 0, 0, 25, 4600, 5171, 8466, 34, 0, 0, 18, 20, 158, 3, 33981, 25214, 28545, 2, 0, 0, 320
1397,0,16, 1050758,benign, 559, 147, 8539, 0, 5822, 2687, 1, 464, 699, 0, 194, 33109, 397, 3, 42, 6587, 265, 442, 5, 13302, 9362, 19511, 0, 0, 25, 4703, 4897, 8481, 41, 0, 0, 18, 20, 172, 3, 33898, 25241, 28527, 2, 0, 0, 317
1398,6,20, 1054805,benign, 674, 147, 8561, 0, 5826, 2686, 3, 464, 700, 0, 197, 33652, 397, 3, 41, 6694, 296, 446, 5, 13958, 9762, 19488, 0, 0, 25, 4793, 4943, 8492, 42, 0, 0, 18, 20, 158, 4, 34299, 25791, 29063, 2, 0, 0, 316
1399,4,25, 1055460,benign, 673, 148, 8562, 3, 5826, 2691, 1, 464, 699, 0, 198, 33392, 397, 3, 40, 7025, 324, 503, 5, 13081, 9127, 19507, 0, 0, 25, 4834, 5015, 8484, 42, 0, 0, 18, 20, 157, 4, 34321, 25691, 29123, 2, 0, 0, 323
1400,5,28, 1057376,benign, 733, 147, 8586, 4, 5829, 2694, 1, 464, 699, 0, 198, 33881, 397, 3, 44, 7489, 264, 450, 5, 13750, 9753, 19485, 0, 0, 25, 4740, 4868, 8487, 42, 0, 0, 18, 20, 160, 3, 34594, 25720, 28997, 2, 0, 0, 331
1401,8,30, 1058126,benign, 792, 146, 8576, 0, 5824, 2692, 5, 464, 699, 0, 195, 33785, 397, 3, 44, 7794, 308, 444, 5, 14152, 10168, 19555, 0, 0, 25, 4716, 4889, 8486, 42, 0, 0, 18, 20, 158, 3, 35122, 25877, 29180, 2, 0, 0, 316
1402,6,15, 1052244,benign, 571, 148, 8560, 4, 5824, 2689, 1, 464, 699, 0, 194, 33536, 397, 3, 45, 6708, 318, 505, 5, 13040, 8939, 19482, 0, 0, 25, 4740, 4903, 8486, 42, 0, 0, 19, 23, 160, 3, 34353, 25133, 28455, 2, 0, 0, 392
1403,2,25, 1058158,benign, 791, 146, 8583, 0, 5827, 2690, 1, 464, 699, 0, 200, 33969, 397, 3, 44, 7379, 325, 442, 5, 14445, 10397, 19559, 0, 0, 25, 4804, 4831, 8488, 42, 0, 0, 18, 20, 159, 3, 34512, 25925, 29217, 2, 0, 0, 317
1404,5,18, 1052131,benign, 589, 147, 8563, 0, 5823, 2687, 1, 464, 699, 0, 194, 33659, 397, 3, 41, 7112, 503, 444, 5, 13209, 9196, 19509, 0, 0, 25, 4978, 4625, 8487, 42, 0, 0, 18, 20, 157, 4, 34348, 25840, 29112, 2, 0, 0, 319
1405,1,21, 1053877,benign, 639, 146, 8569, 0, 5826, 2689, 1, 464, 699, 0, 197, 33786, 397, 3, 41, 7003, 297, 443, 5, 13463, 9438, 19493, 0, 0, 25, 4770, 4954, 8488, 42, 0, 0, 18, 20, 159, 3, 34306, 25718, 29035, 2, 0, 0, 384
1406,0,0, 1059720,benign, 439, 147, 8556, 0, 5821, 2693, 2, 464, 699, 0, 195, 33055, 397, 3, 43, 6181, 277, 452, 5, 12509, 8443, 19479, 0, 0, 25, 4574, 5285, 8481, 42, 0, 0, 18, 20, 161, 2, 33651, 24760, 27972, 2, 0, 0, 317
1407,4,25, 1055054,benign, 685, 146, 8570, 0, 5825, 2688, 1, 464, 699, 0, 204, 33766, 397, 3, 39, 6939, 315, 498, 5, 13409, 9411, 19497, 0, 0, 25, 4714, 4893, 8469, 42, 0, 0, 18, 20, 153, 2, 34556, 25749, 29013, 1, 0, 0, 319
1408,8,23, 1055018,benign, 685, 147, 8567, 0, 5826, 2696, 3, 464, 699, 0, 198, 33485, 397, 3, 41, 7444, 331, 446, 5, 14157, 9891, 19514, 0, 0, 25, 4709, 4895, 8477, 42, 0, 0, 18, 20, 159, 3, 34675, 25655, 28951, 2, 0, 0, 319
1409,10,18, 1052062,benign, 593, 148, 8569, 0, 5830, 2686, 2, 464, 699, 0, 195, 33681, 397, 3, 42, 6906, 337, 446, 5, 13413, 9486, 19497, 0, 0, 25, 4782, 4940, 8491, 41, 0, 0, 18, 20, 166, 3, 34155, 25232, 28480, 2, 0, 0, 385
1410,4,31, 1051552,benign, 551, 148, 8557, 3, 5828, 2692, 2, 464, 699, 0, 199, 33632, 397, 3, 41, 7317, 305, 445, 5, 13034, 9131, 19496, 0, 0, 25, 4719, 4887, 8483, 42, 0, 0, 18, 20, 160, 3, 33774, 25571, 28833, 1, 0, 0, 316
1411,4,0, 1051245,benign, 579, 149, 8548, 1, 5826, 2693, 2, 464, 699, 0, 196, 33641, 397, 3, 41, 6694, 328, 445, 5, 13766, 9779, 19506, 0, 0, 25, 4725, 4876, 8484, 42, 0, 0, 18, 20, 173, 3, 34048, 25391, 28669, 2, 0, 0, 333
1412,0,31, 1058182,benign, 788, 147, 8567, 0, 5832, 2696, 1, 464, 699, 0, 196, 33941, 397, 3, 41, 7367, 515, 503, 5, 14146, 10201, 19544, 0, 0, 25, 4963, 5023, 8488, 42, 0, 0, 18, 20, 157, 3, 34515, 25907, 29212, 2, 0, 0, 316
1413,7,2, 1056184,benign, 695, 148, 8576, 4, 5824, 2691, 1, 464, 699, 0, 197, 33505, 397, 3, 41, 7383, 293, 446, 5, 13472, 9321, 19485, 0, 0, 25, 4791, 4951, 8483, 42, 0, 0, 18, 20, 158, 4, 33993, 25433, 28709, 2, 0, 0, 376
1414,5,31, 1059010,benign, 817, 151, 8570, 0, 5823, 2690, 1, 464, 699, 0, 193, 34148, 397, 3, 41, 7546, 300, 510, 5, 13715, 9751, 19488, 0, 0, 25, 4854, 4911, 8488, 41, 0, 0, 18, 20, 158, 4, 34928, 25919, 29273, 2, 0, 0, 318
1415,3,14, 1058757,benign, 797, 147, 8566, 0, 5826, 2692, 5, 464, 699, 0, 196, 33976, 397, 3, 41, 7286, 310, 558, 5, 13731, 9734, 19495, 0, 0, 25, 4713, 4884, 8479, 41, 0, 0, 18, 20, 158, 2, 34950, 25789, 29291, 2, 0, 0, 378
1416,10,2, 1059090,benign, 810, 147, 8581, 0, 5827, 2692, 1, 464, 699, 0, 199, 34236, 397, 3, 41, 7500, 283, 518, 5, 13970, 9967, 19500, 0, 0, 25, 4721, 4871, 8483, 42, 0, 0, 18, 20, 158, 3, 34235, 26022, 29285, 2, 0, 0, 376
1417,10,1, 1058782,benign, 807, 148, 8589, 0, 5833, 2694, 1, 464, 699, 0, 196, 34045, 397, 3, 43, 7863, 327, 442, 5, 14131, 10176, 19524, 0, 0, 25, 4700, 4899, 8489, 42, 0, 0, 18, 20, 167, 4, 34549, 25937, 29392, 2, 0, 0, 326
1418,8,20, 1057941,benign, 778, 149, 8579, 0, 5826, 2694, 1, 464, 699, 0, 197, 34107, 397, 3, 43, 7655, 322, 623, 5, 14232, 10148, 19568, 0, 0, 25, 4733, 4871, 8481, 42, 0, 0, 18, 20, 166, 3, 34463, 26020, 29303, 2, 0, 0, 319
1419,6,14, 1060316,benign, 491, 144, 8558, 3, 5820, 2683, 2, 464, 699, 0, 189, 32822, 397, 3, 41, 6684, 282, 442, 5, 12803, 8668, 19486, 0, 0, 25, 4466, 5188, 8481, 42, 0, 0, 19, 23, 155, 2, 33600, 24782, 28257, 1, 0, 0, 317
1420,0,28, 1056419,benign, 728, 148, 8575, 0, 5827, 2694, 1, 464, 699, 0, 196, 33935, 397, 3, 41, 7598, 305, 444, 5, 14062, 10062, 19538, 0, 0, 25, 4894, 4700, 8483, 42, 0, 0, 18, 20, 160, 3, 34629, 26140, 29410, 2, 0, 0, 319
1421,0,18, 1060325,benign, 523, 146, 8559, 0, 5822, 2689, 1, 464, 699, 0, 190, 33304, 397, 3, 40, 6574, 334, 437, 5, 13048, 9019, 19519, 0, 0, 25, 4453, 5162, 8476, 42, 0, 0, 18, 20, 153, 2, 34176, 25251, 28524, 2, 0, 0, 316
1422,5,4, 1051888,benign, 562, 148, 8553, 4, 5821, 2685, 1, 464, 699, 0, 197, 33130, 397, 3, 43, 6737, 296, 444, 5, 12953, 8977, 19478, 0, 0, 25, 4967, 4631, 8482, 42, 0, 0, 18, 20, 166, 3, 33900, 25170, 28504, 2, 0, 0, 319
1423,6,3, 1055563,benign, 692, 148, 8564, 1, 5823, 2693, 1, 464, 699, 0, 196, 33673, 397, 3, 44, 7407, 306, 502, 5, 13453, 9463, 19497, 0, 0, 25, 4743, 4904, 8490, 42, 0, 0, 18, 20, 158, 4, 34583, 25529, 28862, 2, 0, 0, 319
1424,0,13, 1057867,benign, 778, 147, 8579, 0, 5821, 2689, 4, 464, 699, 0, 196, 34013, 397, 3, 41, 7439, 286, 445, 5, 13815, 9812, 19498, 0, 0, 25, 4731, 4879, 8484, 42, 0, 0, 18, 20, 157, 4, 34294, 25986, 29264, 2, 0, 0, 316
1425,2,12, 1049872,benign, 496, 191, 8546, 3, 5820, 2694, 1, 464, 699, 0, 188, 33059, 397, 3, 41, 6346, 442, 447, 5, 12667, 8659, 19453, 0, 0, 25, 4437, 5156, 8472, 42, 0, 0, 18, 20, 153, 2, 33539, 24732, 28028, 1, 0, 0, 317
1426,1,29, 1058630,benign, 807, 147, 8577, 0, 5831, 2694, 1, 464, 699, 0, 196, 33952, 397, 3, 42, 7476, 289, 445, 5, 13778, 9792, 19504, 0, 0, 25, 4735, 4878, 8498, 42, 0, 0, 18, 20, 159, 3, 35085, 25866, 29194, 2, 0, 0, 317
1427,1,28, 1057122,SDC, 746, 147, 8580, 0, 5824, 2692, 1, 464, 694, 0, 201, 34309, 392, 3, 42, 7466, 307, 504, 5, 13695, 9706, 19489, 0, 0, 25, 4780, 4818, 8482, 42, 0, 0, 18, 20, 160, 4, 34977, 25936, 29253, 2, 0, 0, 447
1428,4,26, 1055610,benign, 693, 146, 8572, 0, 5826, 2689, 2, 464, 699, 0, 199, 33762, 397, 3, 41, 7254, 325, 437, 5, 13381, 9421, 19511, 0, 0, 25, 4719, 4887, 8482, 42, 0, 0, 18, 20, 153, 2, 34397, 25669, 28958, 1, 0, 0, 319
1429,10,25, 1053047,benign, 614, 148, 8566, 0, 5827, 2690, 1, 464, 699, 0, 199, 33505, 397, 3, 41, 6751, 298, 511, 5, 13323, 9239, 19505, 0, 0, 25, 4721, 4880, 8484, 42, 0, 0, 18, 20, 158, 3, 34237, 25755, 29029, 2, 0, 0, 376
1430,10,11, 1053196,benign, 601, 146, 8566, 4, 5826, 2688, 1, 464, 699, 0, 195, 33060, 397, 3, 41, 6921, 283, 445, 5, 13503, 9498, 19478, 0, 0, 25, 4734, 4905, 8488, 42, 0, 0, 19, 23, 160, 3, 33928, 25200, 28485, 2, 0, 0, 439
1431,7,11, 1051649,benign, 589, 148, 8570, 0, 5829, 2688, 2, 464, 699, 0, 195, 33828, 397, 3, 42, 6684, 282, 503, 5, 13211, 9198, 19517, 0, 0, 25, 4778, 4946, 8493, 42, 0, 0, 18, 20, 160, 3, 33963, 25465, 28778, 2, 0, 0, 319
1432,9,21, 1055643,benign, 703, 146, 8571, 0, 5824, 2694, 1, 464, 699, 0, 200, 34031, 397, 3, 42, 7128, 329, 672, 5, 13797, 9707, 19502, 0, 0, 25, 4799, 4966, 8482, 42, 0, 0, 18, 20, 160, 3, 34549, 25699, 29043, 2, 0, 0, 384
1433,10,6, 1054656,benign, 648, 148, 8576, 4, 5832, 2694, 5, 464, 699, 0, 199, 33351, 397, 3, 43, 7320, 318, 443, 5, 13398, 9309, 19472, 0, 0, 25, 4734, 4914, 8483, 42, 0, 0, 18, 20, 160, 3, 34255, 25459, 28748, 2, 0, 0, 319
1434,9,14, 1057234,benign, 762, 147, 8565, 0, 5826, 2692, 1, 464, 699, 0, 195, 33654, 397, 3, 41, 7657, 329, 447, 5, 14021, 9984, 19510, 0, 0, 25, 4791, 4933, 8492, 42, 0, 0, 18, 20, 160, 3, 34288, 26016, 29461, 2, 0, 0, 378
1435,10,13, 1051815,benign, 582, 148, 8554, 0, 5831, 2695, 1, 464, 699, 0, 198, 33266, 397, 3, 42, 6579, 279, 444, 5, 13705, 9709, 19493, 0, 0, 25, 4729, 4876, 8487, 42, 0, 0, 18, 20, 159, 3, 34074, 25469, 28757, 2, 0, 0, 319
1436,9,24, 1051217,benign, 563, 148, 8556, 0, 5826, 2695, 2, 464, 699, 0, 199, 33728, 397, 3, 43, 6673, 302, 442, 5, 13405, 9437, 19497, 0, 0, 25, 4844, 4921, 8477, 42, 0, 0, 19, 23, 170, 3, 34538, 25636, 29035, 2, 0, 0, 319
1437,7,18, 1057424,benign, 734, 148, 8582, 4, 5825, 2692, 2, 464, 699, 0, 194, 33508, 397, 3, 43, 7301, 242, 445, 5, 13810, 9823, 19474, 0, 0, 25, 4844, 4876, 8473, 41, 0, 0, 18, 20, 158, 4, 34491, 25774, 29133, 2, 0, 0, 447
1438,0,13, 1060164,crash/hangs,-,-,-,-,-,-,-,-,-,-,-,-,-,-,-,-,-,-,-,-,-,-,-,-,-,-,-,-,-,-,-,-,-,-,-,-,-,-,-,-,-,-
1439,5,20, 1058737,benign, 723, 22, 8567, 0, 5826, 2692, 1, 464, 699, 0, 205, 34240, 397, 3, 41, 7802, 278, 446, 5, 13829, 9864, 19515, 0, 0, 25, 4721, 4882, 8484, 42, 0, 0, 18, 20, 166, 4, 34310, 25813, 29289, 2, 0, 0, 432
1440,5,15, 1051289,benign, 571, 148, 8561, 0, 5829, 2695, 2, 464, 699, 0, 199, 33565, 397, 3, 41, 6968, 325, 511, 5, 13416, 9408, 19500, 0, 0, 25, 4761, 4954, 8483, 42, 0, 0, 18, 20, 160, 3, 33990, 25321, 28598, 2, 0, 0, 319
1441,9,24, 1055729,benign, 697, 148, 8561, 0, 5825, 2688, 1, 464, 699, 0, 202, 34160, 397, 3, 43, 7220, 318, 442, 5, 13452, 9499, 19518, 0, 0, 25, 4704, 4894, 8483, 42, 0, 0, 18, 20, 158, 3, 34278, 25678, 28944, 2, 0, 0, 319
1442,4,31, 1057713,benign, 768, 149, 8579, 0, 5824, 2688, 1, 464, 699, 0, 196, 33964, 397, 3, 41, 7324, 304, 508, 5, 13868, 9897, 19495, 0, 0, 25, 4750, 4857, 8484, 42, 0, 0, 18, 20, 153, 2, 34448, 25965, 29251, 1, 0, 0, 320
1443,8,11, 1057797,benign, 773, 147, 8567, 0, 5828, 2692, 1, 464, 699, 0, 207, 33725, 397, 3, 41, 7272, 324, 445, 5, 14061, 10031, 19546, 0, 0, 25, 4787, 4818, 8484, 42, 0, 0, 18, 20, 160, 3, 34556, 25672, 28919, 2, 0, 0, 317
1444,8,13, 1058751,benign, 796, 147, 8580, 0, 5825, 2690, 2, 464, 699, 0, 197, 34180, 397, 3, 40, 7767, 289, 445, 5, 13890, 9875, 19514, 0, 0, 25, 4716, 4890, 8476, 42, 0, 0, 18, 20, 159, 3, 35252, 26183, 29490, 2, 0, 0, 378
1445,6,13, 1057079,benign, 749, 147, 8580, 0, 5826, 2691, 2, 464, 699, 0, 197, 33703, 397, 3, 41, 7164, 328, 502, 5, 14273, 10237, 19532, 0, 0, 25, 4790, 4814, 8482, 42, 0, 0, 18, 20, 349, 4, 34823, 25710, 28970, 2, 0, 0, 386
1446,6,17, 1052987,benign, 612, 149, 8563, 0, 5825, 2692, 2, 464, 699, 0, 195, 33608, 397, 3, 41, 7232, 327, 446, 5, 13129, 9109, 19497, 0, 0, 25, 4790, 4939, 8485, 42, 0, 0, 18, 20, 160, 3, 34224, 25431, 28870, 2, 0, 0, 605
1447,4,30, 1060308,benign, 503, 146, 8545, 3, 5819, 2693, 1, 464, 699, 0, 187, 33304, 397, 3, 40, 6684, 301, 449, 6, 12674, 8741, 19470, 0, 0, 25, 4506, 5230, 8475, 34, 0, 0, 18, 20, 166, 4, 33892, 25387, 28660, 2, 0, 0, 319
1448,3,7, 1054563,benign, 681, 149, 8561, 0, 5829, 2693, 2, 464, 699, 0, 197, 33931, 397, 3, 42, 7090, 316, 451, 5, 13812, 9817, 19522, 0, 0, 25, 4725, 4881, 8470, 42, 0, 0, 18, 20, 160, 3, 34623, 25721, 29025, 2, 0, 0, 317
1449,3,25, 1053740,SDC, 620, 147, 8566, 4, 5822, 2692, 1, 464, 694, 0, 195, 33679, 392, 3, 41, 6533, 302, 443, 5, 13388, 9404, 19452, 0, 0, 25, 4714, 4879, 8486, 42, 0, 0, 18, 20, 157, 3, 34060, 25331, 28665, 2, 0, 0, 384
1450,6,23, 1056314,benign, 734, 149, 8576, 0, 5824, 2689, 2, 464, 699, 0, 197, 33834, 397, 3, 41, 7270, 330, 443, 5, 13702, 9675, 19508, 0, 0, 25, 4824, 4903, 8487, 42, 0, 0, 18, 20, 158, 3, 34061, 26161, 29432, 2, 0, 0, 320
1451,2,19, 1057855,benign, 765, 146, 8575, 0, 5824, 2686, 2, 464, 699, 0, 194, 34247, 397, 3, 45, 7243, 333, 443, 5, 13902, 9950, 19498, 0, 0, 25, 4714, 4888, 8485, 42, 0, 0, 18, 20, 157, 3, 34681, 25777, 29063, 2, 0, 0, 439
1452,6,30, 1054642,benign, 672, 148, 8566, 0, 5829, 2693, 2, 464, 699, 0, 196, 33781, 397, 3, 41, 7116, 319, 444, 5, 13669, 9726, 19494, 0, 0, 25, 4850, 4987, 8480, 42, 0, 0, 18, 20, 160, 3, 34780, 25472, 28757, 2, 0, 0, 384
1453,4,26, 1054860,benign, 654, 148, 8562, 3, 5824, 2690, 1, 464, 700, 0, 201, 33570, 397, 3, 44, 7468, 334, 441, 5, 13132, 9111, 19469, 0, 0, 25, 4805, 4973, 8487, 42, 0, 0, 18, 20, 159, 3, 34076, 25464, 28927, 2, 0, 0, 319
1454,2,31, 1056351,benign, 737, 147, 8578, 0, 5832, 2692, 2, 464, 699, 0, 195, 33956, 397, 3, 41, 7209, 299, 446, 5, 13861, 9926, 19510, 0, 0, 25, 4726, 4870, 8484, 42, 0, 0, 18, 20, 158, 3, 34290, 25392, 28669, 2, 0, 0, 386
1455,8,5, 1055385,benign, 694, 148, 8580, 0, 5828, 2694, 1, 464, 699, 0, 206, 33874, 397, 3, 41, 7127, 322, 441, 5, 13399, 9454, 19492, 0, 0, 25, 4782, 4814, 8485, 42, 0, 0, 18, 20, 159, 3, 34353, 25831, 29296, 2, 0, 0, 319
1456,9,14, 1054122,benign, 645, 147, 8566, 0, 5824, 2692, 4, 464, 699, 0, 198, 33644, 397, 3, 42, 6979, 325, 445, 5, 13536, 9542, 19495, 0, 0, 25, 4793, 4940, 8479, 41, 0, 0, 18, 20, 158, 3, 34207, 25586, 28870, 2, 0, 0, 320
1457,3,21, 1060205,benign, 512, 147, 8557, 0, 5823, 2687, 2, 464, 699, 0, 191, 33384, 397, 3, 40, 6343, 327, 508, 5, 13028, 8740, 19513, 0, 0, 25, 4632, 4973, 8478, 36, 0, 0, 18, 20, 158, 3, 33982, 25140, 28425, 1, 0, 0, 384
1458,8,31, 1059975,benign, 813, 147, 8583, 0, 5829, 2692, 2, 464, 699, 0, 202, 34031, 397, 3, 43, 7297, 288, 447, 6, 14079, 10121, 19557, 0, 0, 25, 4702, 4900, 8502, 42, 0, 0, 18, 20, 167, 3, 34659, 26017, 29305, 2, 0, 0, 320
1459,5,13, 1053894,benign, 650, 146, 8569, 0, 5825, 2693, 1, 464, 699, 0, 198, 33406, 397, 3, 41, 6972, 296, 510, 5, 13637, 9671, 19502, 0, 0, 25, 5014, 4702, 8482, 42, 0, 0, 18, 20, 162, 2, 34209, 25644, 28927, 2, 0, 0, 376
1460,6,5, 1053323,benign, 628, 149, 8558, 0, 5827, 2689, 2, 464, 700, 0, 197, 33369, 397, 3, 42, 6961, 304, 446, 5, 13410, 9419, 19489, 0, 0, 25, 4735, 4867, 8485, 42, 0, 0, 18, 20, 157, 3, 34323, 25845, 29140, 2, 0, 0, 322
1461,2,14, 1053345,benign, 633, 148, 8561, 0, 5826, 2695, 2, 464, 699, 0, 200, 34071, 397, 3, 43, 7237, 333, 444, 5, 13481, 9539, 19499, 0, 0, 25, 4725, 4920, 8485, 42, 0, 0, 18, 20, 157, 4, 34308, 25405, 28674, 2, 0, 0, 319
1462,3,23, 1056593,SDC, 728, 147, 8572, 0, 5825, 2688, 2, 464, 694, 0, 200, 34369, 392, 3, 41, 7370, 326, 458, 5, 13926, 9946, 19499, 0, 0, 25, 4715, 4872, 8475, 42, 0, 0, 18, 20, 207, 2, 34403, 25991, 29284, 2, 0, 0, 386
1463,9,5, 1056890,benign, 743, 148, 8581, 0, 5828, 2694, 2, 464, 699, 0, 198, 34146, 397, 3, 41, 7073, 322, 503, 5, 13554, 9585, 19503, 0, 0, 25, 4846, 4878, 8487, 41, 0, 0, 18, 20, 158, 3, 34455, 25990, 29278, 2, 0, 0, 316
1464,10,12, 1057832,benign, 747, 148, 8574, 4, 5826, 2690, 1, 464, 699, 0, 201, 34066, 397, 3, 43, 7915, 313, 508, 5, 13650, 9694, 19477, 0, 0, 25, 4801, 4841, 8479, 34, 0, 0, 18, 20, 158, 4, 34244, 25578, 28875, 2, 0, 0, 323
1465,1,21, 1055818,benign, 719, 147, 8565, 0, 5828, 2694, 3, 464, 699, 0, 196, 33951, 397, 3, 42, 7143, 283, 443, 5, 13629, 9519, 19520, 0, 0, 25, 4725, 4883, 8492, 42, 0, 0, 18, 20, 159, 4, 34241, 25857, 29137, 2, 0, 0, 317
1466,5,2, 1054458,benign, 654, 146, 8566, 0, 5823, 2690, 1, 464, 699, 0, 197, 33509, 397, 3, 42, 7169, 288, 444, 5, 13816, 9772, 19504, 0, 0, 25, 4716, 4888, 8489, 42, 0, 0, 18, 20, 169, 3, 34669, 25860, 29184, 2, 0, 0, 319
1467,10,6, 1055975,benign, 715, 148, 8565, 0, 5827, 2694, 1, 464, 699, 0, 198, 34135, 397, 3, 44, 7280, 312, 456, 5, 13532, 9567, 19501, 0, 0, 25, 4737, 4909, 8487, 42, 0, 0, 18, 20, 158, 4, 34687, 26104, 29632, 2, 0, 0, 319
1468,3,29, 1050203,SDC, 539, 148, 8555, 0, 5822, 2692, 3, 464, 694, 0, 198, 33338, 392, 3, 42, 6782, 268, 451, 5, 13151, 9188, 19474, 0, 0, 25, 4690, 4907, 8488, 42, 0, 0, 18, 20, 158, 4, 34071, 25664, 28958, 2, 0, 0, 319
1469,5,24, 1059727,benign, 432, 147, 8534, 0, 5814, 2688, 1, 464, 699, 0, 188, 32537, 397, 3, 40, 6752, 278, 438, 5, 12981, 8962, 19468, 0, 0, 25, 4445, 5153, 8465, 42, 0, 0, 18, 20, 157, 3, 33476, 25096, 28426, 2, 0, 0, 317
1470,8,20, 1057601,benign, 771, 147, 8574, 0, 5826, 2688, 2, 464, 699, 0, 196, 34213, 397, 3, 42, 7328, 351, 511, 5, 13712, 9737, 19513, 0, 0, 25, 4980, 4755, 8496, 42, 0, 0, 18, 20, 158, 3, 34530, 25874, 29438, 2, 0, 0, 319
1471,1,30, 1054737,benign, 674, 148, 8572, 0, 5832, 2695, 2, 464, 699, 0, 207, 33643, 397, 3, 42, 7165, 295, 454, 5, 13626, 9743, 19495, 0, 0, 25, 4769, 4839, 8485, 42, 0, 0, 18, 20, 159, 3, 34801, 25709, 28958, 2, 0, 0, 392
1472,0,14, 1051477,benign, 575, 149, 8552, 0, 5824, 2693, 1, 464, 699, 0, 195, 33458, 397, 3, 41, 7288, 296, 456, 5, 13490, 9471, 19488, 0, 0, 25, 4722, 4915, 8478, 42, 0, 0, 18, 20, 158, 2, 34391, 25755, 29032, 2, 0, 0, 439
1473,7,2, 1059211,benign, 820, 148, 8575, 0, 5828, 2695, 3, 464, 699, 0, 194, 34767, 397, 3, 41, 7286, 329, 445, 5, 13748, 9723, 19498, 0, 0, 25, 4782, 4827, 8484, 42, 0, 0, 18, 20, 159, 3, 34593, 25722, 29139, 2, 0, 0, 377
1474,1,9, 1055893,SDC, 711, 148, 8566, 0, 5820, 2687, 3, 464, 695, 0, 199, 34177, 392, 3, 41, 7174, 341, 446, 5, 13789, 9746, 19495, 0, 0, 25, 4971, 4634, 8473, 42, 0, 0, 18, 20, 158, 4, 34367, 25566, 28823, 2, 0, 0, 377
1475,9,6, 1052601,benign, 602, 147, 8571, 0, 5826, 2692, 2, 464, 699, 0, 195, 33492, 397, 3, 41, 6909, 306, 455, 5, 13698, 9748, 19512, 0, 0, 25, 4792, 4814, 8484, 42, 0, 0, 18, 20, 158, 3, 34063, 25471, 28760, 2, 0, 0, 442
1476,5,13, 1050481,benign, 541, 147, 8561, 0, 5825, 2690, 1, 464, 699, 0, 194, 33460, 397, 3, 43, 6296, 303, 526, 5, 13192, 9192, 19484, 0, 0, 25, 4697, 4897, 8479, 42, 0, 0, 18, 20, 160, 3, 33879, 25333, 28610, 2, 0, 0, 316
1477,0,1, 1051885,benign, 587, 148, 8558, 0, 5826, 2688, 1, 464, 699, 0, 200, 33627, 397, 3, 45, 7174, 316, 501, 5, 13265, 9384, 19520, 0, 0, 25, 4731, 4910, 8479, 40, 0, 0, 18, 20, 159, 3, 34383, 25833, 29213, 2, 0, 0, 319
1478,7,12, 1057083,benign, 751, 148, 8567, 0, 5825, 2691, 2, 464, 699, 0, 198, 34343, 397, 3, 44, 7257, 299, 500, 5, 13979, 10039, 19550, 0, 0, 25, 4738, 4867, 8492, 42, 0, 0, 18, 20, 159, 3, 34356, 25922, 29192, 2, 0, 0, 378
1479,2,0, 1054154,SDC, 664, 147, 8574, 0, 5824, 2689, 2, 464, 694, 0, 201, 34294, 392, 3, 41, 7016, 546, 518, 5, 13561, 9548, 19472, 0, 0, 25, 4796, 4978, 8489, 42, 0, 0, 18, 20, 212, 2, 34264, 25660, 28938, 2, 0, 0, 319
1480,4,8, 1050170,benign, 536, 149, 8565, 1, 5828, 2690, 1, 464, 699, 0, 200, 33577, 397, 3, 41, 6575, 295, 440, 5, 13742, 9791, 19529, 0, 0, 25, 4776, 4993, 8482, 41, 0, 0, 18, 20, 153, 2, 33787, 25168, 28494, 2, 0, 0, 316
1481,3,21, 1051556,benign, 552, 148, 8564, 4, 5829, 2695, 1, 464, 699, 0, 203, 33317, 397, 3, 41, 6715, 348, 506, 5, 12944, 8978, 19480, 0, 0, 25, 4725, 4882, 8480, 42, 0, 0, 18, 20, 158, 3, 34157, 25105, 28641, 2, 0, 0, 317
1482,0,21, 1059974,benign, 823, 148, 8576, 0, 5829, 2691, 2, 464, 699, 0, 207, 34506, 397, 3, 41, 7317, 283, 498, 5, 13868, 9933, 19522, 0, 0, 25, 4841, 4992, 8501, 42, 0, 0, 18, 20, 161, 2, 34463, 26406, 29715, 2, 0, 0, 319
1483,5,4, 1054733,benign, 666, 147, 8564, 0, 5831, 2696, 1, 464, 699, 0, 201, 33903, 397, 3, 42, 7267, 313, 444, 5, 13681, 9682, 19494, 0, 0, 25, 4908, 4923, 8489, 42, 0, 0, 18, 20, 157, 3, 34571, 25880, 29148, 2, 0, 0, 320
1484,9,2, 1050076,benign, 504, 147, 8563, 4, 5831, 2693, 2, 464, 699, 0, 193, 33035, 397, 3, 41, 6737, 331, 607, 5, 13014, 9050, 19474, 0, 0, 25, 4704, 4898, 8481, 41, 0, 0, 18, 20, 166, 3, 33456, 25391, 28589, 2, 0, 0, 319
1485,7,30, 1055276,benign, 668, 147, 8559, 4, 5821, 2690, 1, 464, 699, 0, 202, 33639, 397, 3, 42, 6842, 291, 725, 5, 13645, 9555, 19475, 0, 0, 25, 4702, 4906, 8488, 41, 0, 0, 18, 20, 158, 3, 34204, 25475, 28767, 2, 0, 0, 317
1486,7,30, 1058790,benign, 819, 146, 8573, 0, 5830, 2694, 1, 464, 699, 0, 199, 33731, 397, 3, 41, 7933, 332, 447, 5, 14148, 10194, 19556, 0, 0, 25, 4792, 4863, 8488, 41, 0, 0, 19, 23, 160, 3, 35044, 25814, 29097, 2, 0, 0, 319
1487,3,15, 1054292,SDC, 638, 147, 8561, 4, 5820, 2691, 1, 464, 694, 0, 204, 33538, 392, 3, 42, 6728, 306, 451, 5, 13185, 9253, 19461, 0, 0, 25, 4730, 4906, 8466, 42, 0, 0, 18, 20, 158, 3, 34162, 25048, 28348, 2, 0, 0, 317
1488,4,3, 1054458,benign, 675, 148, 8565, 1, 5826, 2694, 2, 464, 699, 0, 197, 33691, 397, 3, 42, 7165, 344, 504, 5, 13181, 9215, 19476, 0, 0, 25, 4772, 4838, 8484, 42, 0, 0, 18, 20, 158, 3, 34122, 25953, 29347, 2, 0, 0, 378
1489,7,17, 1051810,benign, 577, 149, 8561, 0, 5823, 2688, 2, 464, 699, 0, 201, 33599, 397, 3, 42, 6546, 278, 567, 5, 13871, 9664, 19492, 0, 0, 25, 4742, 4903, 8479, 40, 0, 0, 18, 20, 160, 4, 34118, 25335, 28582, 2, 0, 0, 323
1490,7,31, 1053496,benign, 614, 148, 8563, 4, 5827, 2695, 1, 464, 699, 0, 197, 33135, 397, 3, 43, 7074, 350, 445, 5, 13249, 9344, 19489, 0, 0, 25, 4717, 4899, 8478, 42, 0, 0, 18, 20, 159, 3, 33608, 25623, 28883, 2, 0, 0, 316
1491,4,6, 1059840,benign, 794, 151, 8573, 4, 5820, 2686, 1, 464, 699, 0, 197, 33639, 397, 3, 41, 7521, 313, 445, 5, 14119, 10164, 19516, 0, 0, 25, 5033, 4701, 8483, 42, 0, 0, 18, 20, 161, 3, 34343, 25898, 29204, 2, 0, 0, 316
1492,7,21, 1049980,benign, 504, 147, 8561, 4, 5829, 2685, 1, 464, 699, 0, 199, 33200, 397, 3, 41, 6567, 336, 459, 5, 13042, 9063, 19494, 0, 0, 25, 4700, 4912, 8502, 42, 0, 0, 18, 20, 166, 2, 33863, 25231, 28681, 2, 0, 0, 316
1493,2,8, 1052995,benign, 632, 147, 8557, 0, 5822, 2686, 2, 464, 700, 0, 199, 33599, 397, 3, 41, 6795, 329, 442, 5, 13562, 9572, 19506, 0, 0, 25, 4734, 4870, 8472, 42, 0, 0, 18, 20, 158, 4, 34661, 25425, 28967, 2, 0, 0, 317
1494,7,1, 1054492,benign, 643, 148, 8563, 4, 5826, 2690, 1, 464, 699, 0, 197, 33244, 397, 3, 41, 7166, 293, 444, 5, 13357, 9165, 19456, 0, 0, 25, 4780, 4950, 8484, 41, 0, 0, 18, 20, 158, 3, 34405, 25504, 28968, 2, 0, 0, 317
1495,7,1, 1052307,benign, 608, 147, 8558, 0, 5823, 2688, 2, 464, 699, 0, 195, 33668, 397, 3, 41, 6856, 309, 554, 5, 13567, 9603, 19517, 0, 0, 25, 4989, 4654, 8499, 42, 0, 0, 18, 20, 158, 3, 34152, 25848, 29145, 2, 0, 0, 319
1496,8,9, 1052683,benign, 607, 146, 8572, 0, 5824, 2689, 1, 464, 699, 0, 196, 33569, 397, 3, 43, 7179, 295, 446, 5, 13427, 9410, 19506, 0, 0, 25, 4751, 4886, 8481, 42, 0, 0, 18, 20, 157, 3, 34212, 25382, 28633, 1, 0, 0, 321
1497,5,1, 1055300,benign, 666, 146, 8566, 4, 5826, 2690, 1, 464, 699, 0, 195, 33678, 397, 3, 41, 7223, 337, 642, 5, 13547, 9572, 19470, 0, 0, 25, 4717, 4889, 8484, 42, 0, 0, 18, 20, 158, 3, 34052, 25556, 28808, 2, 0, 0, 319
1498,1,22, 1059346,benign, 829, 146, 8579, 0, 5827, 2690, 2, 464, 699, 0, 198, 33794, 397, 3, 43, 7937, 286, 583, 5, 14183, 9984, 19508, 0, 0, 25, 4716, 4893, 8479, 42, 0, 0, 18, 20, 158, 3, 34721, 25818, 29073, 2, 0, 0, 377
1499,2,22, 1054766,SDC, 672, 148, 8568, 0, 5823, 2693, 2, 464, 694, 0, 196, 33872, 392, 3, 43, 7136, 313, 450, 5, 13890, 9665, 19479, 0, 0, 25, 4844, 4892, 8488, 42, 0, 0, 18, 20, 166, 4, 34260, 25858, 29154, 2, 0, 0, 317
1500,8,31, 1051580,benign, 550, 147, 8570, 4, 5828, 2686, 1, 464, 699, 0, 195, 33315, 397, 3, 41, 6598, 327, 443, 5, 13219, 9037, 19480, 0, 0, 25, 4783, 4823, 8475, 42, 0, 0, 18, 20, 158, 4, 34323, 25103, 28350, 2, 0, 0, 446
1501,10,4, 1056119,benign, 727, 146, 8564, 0, 5825, 2693, 1, 464, 700, 0, 196, 33812, 397, 3, 43, 7376, 296, 445, 5, 13552, 9578, 19497, 0, 0, 25, 4772, 4947, 8482, 42, 0, 0, 18, 20, 173, 4, 34383, 26180, 29593, 2, 0, 0, 317
1502,9,2, 1057554,benign, 766, 147, 8574, 0, 5827, 2694, 1, 464, 699, 0, 205, 34033, 397, 3, 42, 7329, 322, 446, 5, 13480, 9517, 19497, 0, 0, 25, 4751, 4888, 8485, 42, 0, 0, 18, 20, 160, 3, 34774, 25950, 29214, 2, 0, 0, 321
1503,2,19, 1055151,SDC, 695, 147, 8567, 0, 5820, 2686, 2, 464, 694, 0, 195, 33896, 392, 3, 43, 6934, 279, 442, 5, 13820, 9840, 19487, 0, 0, 25, 4958, 5136, 8484, 42, 0, 0, 18, 20, 158, 3, 34097, 26044, 29600, 2, 0, 0, 317
1504,8,25, 1054113,benign, 655, 149, 8564, 0, 5826, 2692, 1, 464, 699, 0, 194, 33795, 397, 3, 43, 6950, 273, 498, 5, 13534, 9583, 19483, 0, 0, 25, 4772, 4837, 8494, 42, 0, 0, 18, 20, 160, 3, 34117, 25594, 28868, 2, 0, 0, 321
1505,7,10, 1050985,benign, 560, 148, 8565, 0, 5826, 2691, 2, 464, 699, 0, 201, 33829, 397, 3, 42, 6525, 307, 451, 5, 13331, 9314, 19504, 0, 0, 25, 4711, 4898, 8483, 42, 0, 0, 18, 20, 168, 3, 34312, 25255, 28527, 2, 0, 0, 323
1506,10,4, 1056715,benign, 743, 149, 8568, 0, 5824, 2691, 4, 464, 699, 0, 201, 34000, 397, 3, 41, 7352, 294, 542, 5, 13795, 9782, 19499, 0, 0, 25, 4719, 4885, 8487, 42, 0, 0, 18, 20, 160, 3, 34961, 25842, 29095, 2, 0, 0, 316
1507,7,0, 1054972,benign, 657, 147, 8571, 4, 5829, 2691, 2, 464, 699, 0, 197, 33410, 397, 3, 42, 7093, 313, 512, 5, 12851, 8851, 19474, 0, 0, 25, 4778, 4825, 8499, 42, 0, 0, 18, 20, 166, 3, 34426, 25311, 28625, 2, 0, 0, 385
1508,4,19, 1053399,benign, 643, 148, 8565, 0, 5824, 2690, 1, 464, 699, 0, 196, 33921, 397, 3, 39, 6729, 442, 497, 5, 13453, 9279, 19484, 0, 0, 25, 4781, 4955, 8486, 42, 0, 0, 18, 20, 153, 2, 34385, 25718, 29005, 1, 0, 0, 317
1509,3,10, 1054697,SDC, 663, 146, 8559, 0, 5817, 2692, 2, 464, 694, 0, 198, 33828, 392, 3, 41, 7215, 309, 443, 5, 13545, 9554, 19494, 0, 0, 25, 4710, 4883, 8469, 42, 0, 0, 18, 20, 158, 4, 34204, 25503, 28785, 2, 0, 0, 322
1510,10,20, 1050059,benign, 531, 148, 8560, 0, 5828, 2694, 2, 464, 699, 0, 199, 33372, 397, 3, 44, 6653, 320, 513, 5, 13386, 9283, 19484, 0, 0, 25, 4763, 4976, 8486, 42, 0, 0, 18, 20, 165, 3, 34373, 25507, 28781, 2, 0, 0, 319
1511,10,28, 1054654,benign, 667, 148, 8564, 0, 5826, 2694, 1, 464, 699, 0, 195, 33773, 397, 3, 41, 7159, 298, 444, 5, 13601, 9634, 19498, 0, 0, 25, 4749, 4895, 8484, 41, 0, 0, 18, 20, 162, 2, 34259, 25425, 28865, 2, 0, 0, 317
1512,9,27, 1051709,benign, 579, 149, 8553, 0, 5827, 2695, 1, 464, 699, 0, 199, 33422, 397, 3, 41, 7043, 289, 444, 5, 13355, 9330, 19493, 0, 0, 25, 4964, 4632, 8485, 42, 0, 0, 18, 20, 158, 4, 33983, 25536, 28798, 2, 0, 0, 333
1513,6,14, 1054686,benign, 664, 149, 8570, 0, 5828, 2696, 2, 464, 699, 0, 194, 33525, 397, 3, 42, 6906, 314, 504, 5, 13533, 9560, 19508, 0, 0, 25, 4777, 4863, 8478, 38, 0, 0, 18, 20, 158, 4, 34489, 25348, 28624, 2, 0, 0, 319
1514,4,9, 1054244,benign, 637, 150, 8578, 4, 5828, 2687, 1, 464, 699, 0, 196, 33494, 397, 3, 42, 7006, 326, 507, 5, 13546, 9568, 19467, 0, 0, 25, 4780, 4938, 8489, 41, 0, 0, 18, 20, 160, 3, 33953, 25526, 28878, 2, 0, 0, 320
1515,6,25, 1060034,benign, 818, 148, 8569, 0, 5821, 2692, 2, 464, 699, 0, 199, 34003, 397, 3, 41, 7633, 264, 447, 5, 13914, 9979, 19545, 0, 0, 25, 4853, 4903, 8488, 42, 0, 0, 18, 20, 158, 4, 34984, 26100, 29367, 1, 0, 0, 317
1516,8,27, 1054252,benign, 634, 147, 8562, 4, 5832, 2694, 5, 464, 699, 0, 198, 33278, 397, 3, 41, 7165, 286, 446, 5, 13227, 9236, 19475, 0, 0, 25, 4747, 4899, 8491, 42, 0, 0, 18, 20, 158, 4, 33919, 25621, 28887, 2, 0, 0, 384
1517,4,12, 1053743,benign, 671, 151, 8563, 1, 5825, 2691, 1, 464, 699, 0, 193, 33372, 397, 3, 42, 7292, 272, 440, 5, 13808, 9835, 19503, 0, 0, 25, 4802, 4849, 8487, 42, 0, 0, 18, 20, 153, 2, 34146, 25397, 28674, 1, 0, 0, 317
1518,8,10, 1053816,benign, 621, 148, 8569, 4, 5829, 2695, 3, 464, 699, 0, 198, 33751, 397, 3, 41, 7171, 328, 450, 5, 13340, 9370, 19485, 0, 0, 25, 4712, 4894, 8481, 42, 0, 0, 18, 20, 168, 3, 34262, 25355, 28659, 2, 0, 0, 317
1519,0,18, 1053551,benign, 649, 146, 8567, 0, 5826, 2694, 1, 464, 699, 0, 196, 33646, 397, 3, 41, 6830, 339, 505, 5, 13485, 9551, 19498, 0, 0, 25, 4716, 4891, 8487, 42, 0, 0, 18, 20, 166, 3, 34284, 25297, 28550, 2, 0, 0, 317
1520,3,11, 1058252,SDC, 761, 148, 8576, 4, 5821, 2692, 2, 464, 694, 0, 197, 33751, 392, 3, 42, 7347, 304, 452, 5, 13267, 9383, 19471, 0, 0, 25, 4718, 4874, 8482, 42, 0, 0, 18, 20, 159, 2, 34421, 25567, 29063, 2, 0, 0, 319
1521,3,31, 1056156,benign, 693, 146, 8570, 4, 5825, 2690, 1, 464, 699, 0, 198, 33709, 397, 3, 41, 7357, 296, 455, 5, 13292, 9341, 19475, 0, 0, 25, 4853, 5005, 8476, 42, 0, 0, 18, 20, 159, 3, 34088, 25915, 29193, 2, 0, 0, 319
1522,4,18, 1058025,benign, 787, 147, 8570, 0, 5825, 2689, 1, 464, 699, 0, 193, 33890, 397, 3, 42, 7480, 289, 442, 5, 13762, 9757, 19492, 0, 0, 25, 5086, 5205, 8484, 42, 0, 0, 18, 20, 153, 2, 34442, 25941, 29284, 1, 0, 0, 317
1523,8,20, 1052105,benign, 597, 148, 8568, 0, 5828, 2691, 4, 464, 699, 0, 196, 33409, 397, 3, 44, 7066, 325, 444, 5, 13543, 9501, 19513, 0, 0, 25, 4723, 4877, 8480, 42, 0, 0, 18, 20, 157, 4, 34343, 25789, 29089, 2, 0, 0, 317
1524,3,28, 1056745,SDC, 735, 149, 8561, 0, 5817, 2689, 1, 464, 694, 0, 201, 34049, 392, 3, 42, 7264, 326, 557, 5, 13957, 9982, 19488, 0, 0, 25, 4723, 4868, 8481, 41, 0, 0, 18, 20, 158, 3, 34765, 25904, 29375, 2, 0, 0, 319
1525,2,29, 1057749,benign, 769, 148, 8578, 0, 5826, 2692, 1, 464, 699, 0, 194, 34021, 397, 3, 45, 7351, 278, 445, 5, 13835, 9881, 19506, 0, 0, 25, 4780, 4828, 8482, 42, 0, 0, 18, 20, 159, 3, 34318, 25840, 29138, 2, 0, 0, 385
1526,9,17, 1056271,benign, 721, 148, 8577, 0, 5830, 2694, 1, 464, 699, 0, 193, 33881, 397, 3, 41, 7134, 291, 445, 5, 13779, 9820, 19499, 0, 0, 25, 4728, 4886, 8485, 42, 0, 0, 18, 20, 158, 4, 34447, 26000, 29469, 2, 0, 0, 378
1527,5,4, 1051683,benign, 579, 149, 8566, 0, 5831, 2696, 2, 464, 700, 0, 198, 33353, 397, 3, 41, 7219, 358, 445, 5, 13501, 9496, 19505, 0, 0, 25, 4773, 4827, 8485, 42, 0, 0, 18, 20, 158, 4, 34116, 25341, 28627, 2, 0, 0, 317
1528,3,9, 1059356,benign, 794, 148, 8577, 4, 5827, 2691, 1, 464, 699, 0, 197, 33624, 397, 3, 41, 7428, 302, 536, 5, 13982, 10015, 19512, 0, 0, 25, 4729, 4876, 8478, 42, 0, 0, 18, 20, 208, 3, 34543, 25960, 29223, 2, 0, 0, 379
1529,6,17, 1055212,benign, 664, 146, 8563, 4, 5828, 2690, 2, 464, 699, 0, 195, 33605, 397, 3, 45, 7046, 311, 517, 5, 13127, 9157, 19465, 0, 0, 25, 4782, 4939, 8483, 41, 0, 0, 18, 20, 171, 4, 34093, 25097, 28374, 2, 0, 0, 317
1530,2,12, 1052303,benign, 609, 151, 8561, 0, 5826, 2692, 3, 464, 699, 0, 197, 33492, 397, 3, 42, 6882, 306, 507, 5, 13711, 9773, 19490, 0, 0, 25, 4731, 4868, 8480, 42, 0, 0, 19, 23, 162, 3, 34747, 25551, 28819, 2, 0, 0, 385
1531,4,14, 1053773,benign, 642, 148, 8564, 0, 5826, 2687, 1, 464, 699, 0, 194, 33222, 397, 3, 41, 7307, 318, 437, 5, 13592, 9388, 19502, 0, 0, 25, 4724, 4881, 8482, 42, 0, 0, 18, 20, 154, 2, 34107, 25502, 28748, 1, 0, 0, 320
1532,6,12, 1057362,benign, 757, 147, 8583, 0, 5829, 2692, 2, 464, 699, 0, 199, 34125, 397, 3, 41, 7255, 310, 503, 5, 13718, 9750, 19492, 0, 0, 25, 4794, 4930, 8480, 42, 0, 0, 18, 20, 160, 3, 34751, 25817, 29102, 2, 0, 0, 317
1533,7,29, 1059160,benign, 788, 146, 8576, 4, 5827, 2689, 1, 464, 699, 0, 193, 33757, 397, 3, 41, 7321, 296, 443, 5, 13535, 9518, 19471, 0, 0, 25, 4761, 4958, 8485, 42, 0, 0, 18, 20, 158, 3, 34047, 26013, 29269, 2, 0, 0, 319
1534,8,16, 1055944,benign, 687, 148, 8566, 4, 5825, 2690, 2, 464, 699, 0, 200, 33602, 397, 3, 42, 7124, 309, 447, 5, 13376, 9410, 19486, 0, 0, 25, 4908, 4698, 8482, 42, 0, 0, 18, 20, 157, 4, 34026, 25465, 28713, 2, 0, 0, 317
1535,3,18, 1054981,SDC, 694, 147, 8549, 0, 5820, 2694, 1, 464, 694, 0, 196, 33551, 392, 3, 41, 6926, 321, 506, 5, 13695, 9724, 19478, 0, 0, 25, 4774, 4819, 8485, 42, 0, 0, 18, 20, 158, 3, 34634, 25179, 28475, 2, 0, 0, 383
1536,8,23, 1057206,benign, 750, 147, 8578, 0, 5826, 2691, 1, 464, 699, 0, 198, 33977, 397, 3, 41, 7363, 309, 505, 5, 13832, 9906, 19490, 0, 0, 25, 4737, 4882, 8482, 42, 0, 0, 18, 20, 160, 3, 34526, 26009, 29282, 2, 0, 0, 378
1537,4,25, 1054637,benign, 674, 148, 8567, 0, 5824, 2687, 2, 464, 699, 0, 199, 33848, 397, 3, 41, 6884, 299, 512, 5, 13515, 9500, 19510, 0, 0, 25, 4962, 4641, 8480, 41, 0, 0, 18, 20, 153, 2, 34233, 25381, 28612, 1, 0, 0, 431
1538,2,16, 1051175,SDC, 559, 147, 8555, 0, 5820, 2693, 2, 464, 694, 0, 201, 33572, 392, 3, 42, 6585, 298, 569, 5, 13840, 9882, 19505, 0, 0, 25, 4789, 4853, 8483, 42, 0, 0, 18, 20, 169, 3, 34275, 25180, 28428, 2, 0, 0, 385
1539,2,16, 1060031,crash/hangs,-,-,-,-,-,-,-,-,-,-,-,-,-,-,-,-,-,-,-,-,-,-,-,-,-,-,-,-,-,-,-,-,-,-,-,-,-,-,-,-,-,-
1540,9,16, 1058776,benign, 699, 22, 8608, 4, 5866, 2699, 5, 464, 699, 0, 197, 33850, 397, 3, 43, 7768, 296, 443, 5, 13760, 9793, 19482, 0, 0, 25, 4971, 4639, 8487, 42, 0, 0, 18, 20, 175, 2, 34569, 26171, 29522, 2, 0, 0, 316
1541,3,5, 1055611,SDC, 711, 146, 8555, 0, 5824, 2698, 2, 464, 694, 0, 204, 33507, 392, 3, 44, 7070, 354, 444, 5, 13716, 9749, 19469, 0, 0, 25, 4716, 4878, 8477, 42, 0, 0, 18, 20, 157, 3, 34236, 25641, 28999, 2, 0, 0, 316
1542,1,23, 1056889,benign, 741, 148, 8572, 0, 5823, 2694, 1, 464, 694, 0, 198, 34158, 392, 3, 41, 7302, 293, 445, 5, 13546, 9657, 19499, 0, 0, 25, 4789, 4843, 8473, 42, 0, 0, 18, 20, 160, 3, 34648, 26173, 29440, 2, 0, 0, 317
1543,9,26, 1054470,benign, 666, 146, 8563, 0, 5830, 2695, 1, 464, 699, 0, 197, 33852, 397, 3, 41, 6984, 309, 501, 5, 13689, 9749, 19612, 0, 0, 25, 4722, 4924, 8498, 42, 0, 0, 18, 20, 158, 3, 34386, 25841, 29221, 2, 0, 0, 319
1544,3,23, 1050399,benign, 546, 148, 8551, 0, 5828, 2694, 1, 464, 699, 0, 199, 33722, 397, 3, 43, 6567, 320, 530, 5, 13583, 9553, 19502, 0, 0, 25, 4706, 4900, 8493, 42, 0, 0, 18, 20, 166, 3, 34213, 25610, 28896, 2, 0, 0, 379
1545,8,12, 1053977,benign, 651, 146, 8569, 0, 5830, 2695, 2, 464, 699, 0, 203, 33861, 397, 3, 43, 6820, 280, 444, 5, 13477, 9509, 19495, 0, 0, 25, 4902, 4694, 8482, 42, 0, 0, 18, 20, 158, 4, 34620, 25516, 29037, 2, 0, 0, 317
1546,10,26, 1057863,benign, 770, 146, 8574, 0, 5825, 2691, 4, 464, 699, 0, 203, 34286, 397, 3, 41, 7468, 329, 597, 5, 13976, 9978, 19489, 0, 0, 25, 4732, 4880, 8490, 42, 0, 0, 18, 20, 158, 3, 34675, 25664, 28928, 2, 0, 0, 317
1547,2,16, 1056313,benign, 714, 148, 8566, 0, 5823, 2690, 1, 464, 700, 0, 198, 34037, 397, 3, 42, 7250, 333, 498, 5, 13920, 9928, 19501, 0, 0, 25, 4718, 4880, 8485, 42, 0, 0, 18, 20, 158, 4, 34275, 25886, 29222, 2, 0, 0, 323
1548,6,19, 1055185,benign, 693, 146, 8572, 0, 5831, 2687, 1, 464, 699, 0, 194, 33076, 397, 3, 41, 7439, 290, 444, 6, 13969, 9991, 19514, 0, 0, 25, 4711, 4896, 8484, 42, 0, 0, 18, 20, 160, 3, 34563, 25699, 28988, 2, 0, 0, 386
1549,4,5, 1050694,benign, 553, 148, 8556, 1, 5825, 2689, 5, 464, 700, 0, 197, 33716, 397, 3, 42, 6916, 320, 447, 5, 13351, 9371, 19492, 0, 0, 25, 4783, 4822, 8485, 42, 0, 0, 18, 20, 166, 3, 34216, 25208, 28467, 2, 0, 0, 320
1550,7,20, 1056379,benign, 727, 146, 8568, 0, 5826, 2691, 1, 464, 699, 0, 204, 33767, 397, 3, 42, 7219, 282, 447, 5, 13837, 9851, 19502, 0, 0, 25, 4710, 4894, 8483, 42, 0, 0, 18, 20, 160, 3, 34375, 25640, 28911, 2, 0, 0, 317
1551,0,6, 1050218,SDC, 538, 147, 8561, 0, 5823, 2692, 1, 464, 694, 0, 198, 33633, 392, 3, 41, 6694, 381, 445, 5, 13211, 9257, 19482, 0, 0, 25, 4710, 4923, 8487, 42, 0, 0, 18, 20, 298, 4, 34423, 25482, 28743, 2, 0, 0, 316
1552,4,21, 1052161,benign, 594, 148, 8563, 0, 5825, 2687, 1, 464, 699, 0, 198, 33865, 397, 3, 41, 6811, 314, 443, 5, 13689, 9695, 19493, 0, 0, 25, 4783, 4932, 8486, 42, 0, 0, 18, 20, 153, 2, 34557, 25705, 28980, 1, 0, 0, 319
1553,10,6, 1058418,benign, 786, 148, 8572, 0, 5823, 2692, 2, 464, 699, 0, 200, 34056, 397, 3, 42, 7591, 309, 446, 6, 13618, 9660, 19498, 0, 0, 25, 4724, 4887, 8492, 42, 0, 0, 18, 20, 157, 4, 34700, 25947, 29233, 2, 0, 0, 408
1554,9,18, 1057008,benign, 722, 148, 8573, 4, 5833, 2696, 2, 464, 699, 0, 203, 33649, 397, 3, 44, 7235, 295, 442, 5, 13274, 9236, 19474, 0, 0, 25, 4786, 4820, 8493, 42, 0, 0, 18, 20, 170, 3, 34557, 25550, 28837, 2, 0, 0, 317
1555,7,1, 1059014,benign, 826, 149, 8589, 0, 5830, 2689, 2, 464, 699, 0, 194, 34303, 397, 3, 42, 7604, 288, 444, 5, 13887, 9894, 19502, 0, 0, 25, 4711, 4895, 8480, 42, 0, 0, 18, 20, 159, 3, 34588, 26097, 29430, 2, 0, 0, 384
1556,10,8, 1051854,benign, 583, 147, 8552, 0, 5828, 2696, 1, 464, 699, 0, 196, 33505, 397, 3, 42, 6813, 286, 444, 5, 13415, 9445, 19487, 0, 0, 25, 5028, 4697, 8486, 42, 0, 0, 18, 20, 158, 4, 34210, 25442, 28695, 2, 0, 0, 317
1557,1,22, 1057221,benign, 757, 148, 8572, 0, 5822, 2685, 1, 464, 699, 0, 195, 33983, 397, 3, 42, 7111, 326, 514, 5, 13941, 9753, 19525, 0, 0, 25, 4791, 4940, 8492, 41, 0, 0, 18, 20, 158, 3, 34484, 26121, 29428, 2, 0, 0, 442
1558,6,10, 1059436,benign, 793, 146, 8587, 4, 5831, 2693, 2, 464, 699, 0, 193, 33862, 397, 3, 41, 7553, 281, 454, 5, 13843, 9881, 19488, 0, 0, 25, 4705, 4898, 8483, 42, 0, 0, 18, 20, 160, 3, 34408, 25704, 29007, 2, 0, 0, 323
1559,10,25, 1056716,benign, 714, 148, 8582, 4, 5828, 2694, 1, 464, 699, 0, 204, 33682, 397, 3, 43, 7488, 253, 443, 5, 13247, 9252, 19471, 0, 0, 25, 4724, 4877, 8482, 42, 0, 0, 18, 20, 158, 3, 34571, 25399, 28664, 2, 0, 0, 322
1560,0,26, 1058033,benign, 785, 146, 8574, 0, 5826, 2693, 1, 464, 699, 0, 203, 33909, 397, 3, 42, 7257, 285, 443, 5, 13589, 9587, 19485, 0, 0, 25, 4717, 4879, 8489, 42, 0, 0, 19, 23, 159, 4, 34822, 26243, 29651, 2, 0, 0, 317
1561,7,2, 1052238,benign, 601, 147, 8565, 0, 5824, 2690, 2, 464, 699, 0, 194, 33249, 397, 3, 41, 7029, 284, 446, 5, 13343, 9337, 19510, 0, 0, 25, 4713, 4880, 8484, 42, 0, 0, 18, 20, 158, 4, 34040, 25168, 28415, 2, 0, 0, 376
1562,9,25, 1051076,benign, 535, 147, 8554, 4, 5821, 2688, 2, 464, 699, 0, 203, 33503, 397, 3, 41, 6933, 291, 444, 5, 13513, 9465, 19467, 0, 0, 25, 4698, 4900, 8477, 42, 0, 0, 18, 20, 168, 3, 33759, 25333, 28764, 2, 0, 0, 322
1563,8,19, 1052139,benign, 605, 149, 8572, 0, 5827, 2685, 2, 464, 700, 0, 198, 33628, 397, 3, 41, 6776, 523, 711, 5, 13432, 9435, 19501, 0, 0, 25, 4723, 4879, 8465, 41, 0, 0, 18, 20, 158, 4, 34542, 25887, 29168, 2, 0, 0, 319
1564,1,12, 1053578,SDC, 641, 150, 8558, 0, 5822, 2695, 5, 464, 694, 0, 207, 33502, 392, 3, 41, 6959, 300, 504, 5, 13496, 9280, 19487, 0, 0, 25, 4796, 4960, 8480, 42, 0, 0, 18, 20, 158, 4, 34102, 25911, 29267, 2, 0, 0, 326
1565,3,18, 1057434,benign, 752, 148, 8575, 0, 5824, 2691, 2, 464, 699, 0, 195, 34074, 397, 3, 41, 7288, 350, 503, 5, 14085, 9904, 19510, 0, 0, 25, 4725, 4894, 8484, 42, 0, 0, 19, 23, 160, 4, 34447, 25728, 29010, 2, 0, 0, 319
1566,6,29, 1055267,benign, 697, 148, 8557, 0, 5827, 2693, 1, 464, 699, 0, 203, 34238, 397, 3, 43, 7274, 293, 515, 5, 13093, 9106, 19498, 0, 0, 25, 4795, 4852, 8483, 42, 0, 0, 18, 20, 169, 2, 34236, 25556, 28991, 2, 0, 0, 317
1567,10,16, 1055590,benign, 709, 148, 8575, 0, 5832, 2693, 2, 464, 699, 0, 196, 33691, 397, 3, 41, 7183, 297, 445, 5, 13488, 9458, 19498, 0, 0, 25, 4734, 4883, 8486, 42, 0, 0, 18, 20, 158, 4, 34146, 25634, 28948, 2, 0, 0, 376
1568,0,14, 1058852,benign, 778, 146, 8581, 4, 5828, 2690, 2, 464, 699, 0, 195, 34123, 397, 3, 41, 7851, 334, 443, 5, 13722, 9825, 19490, 0, 0, 25, 4832, 5013, 8480, 42, 0, 0, 18, 20, 158, 3, 34216, 25615, 29042, 2, 0, 0, 320
1569,2,1, 1050898,benign, 565, 149, 8551, 0, 5824, 2690, 2, 464, 699, 0, 195, 33462, 397, 3, 41, 6637, 288, 511, 5, 13440, 9460, 19509, 0, 0, 25, 4713, 4885, 8484, 42, 0, 0, 18, 20, 158, 3, 33840, 25204, 28713, 2, 0, 0, 384
1570,4,5, 1051300,benign, 544, 148, 8559, 4, 5825, 2691, 3, 464, 699, 0, 201, 33309, 397, 3, 41, 6821, 277, 438, 5, 13100, 9176, 19476, 0, 0, 25, 4704, 4893, 8485, 42, 0, 0, 18, 20, 153, 2, 33995, 25311, 28746, 1, 0, 0, 377
1571,1,31, 1058500,benign, 766, 146, 8584, 4, 5826, 2690, 5, 464, 700, 0, 198, 33506, 397, 3, 41, 7773, 283, 443, 5, 13978, 9945, 19469, 0, 0, 25, 4729, 4878, 8482, 42, 0, 0, 18, 20, 160, 3, 34340, 25650, 28942, 2, 0, 0, 317
1572,10,20, 1054977,benign, 695, 147, 8560, 0, 5827, 2690, 1, 464, 700, 0, 198, 34032, 397, 3, 41, 7322, 310, 444, 5, 13241, 9313, 19489, 0, 0, 25, 4713, 4889, 8492, 42, 0, 0, 18, 20, 157, 3, 34347, 25465, 28901, 2, 0, 0, 319
1573,8,24, 1054873,benign, 684, 148, 8568, 0, 5830, 2691, 1, 464, 699, 0, 201, 33477, 397, 3, 42, 7102, 295, 445, 5, 13753, 9740, 19491, 0, 0, 25, 4716, 4894, 8481, 42, 0, 0, 18, 20, 199, 3, 33836, 25805, 29102, 2, 0, 0, 317
1574,9,22, 1059077,benign, 804, 146, 8595, 0, 5829, 2688, 1, 464, 699, 0, 197, 33905, 397, 3, 40, 7454, 365, 445, 5, 14190, 10233, 19531, 0, 0, 25, 4768, 4838, 8485, 42, 0, 0, 18, 20, 158, 2, 34807, 25900, 29172, 2, 0, 0, 319
1575,2,1, 1058504,benign, 766, 148, 8569, 4, 5830, 2695, 3, 464, 699, 0, 203, 33768, 397, 3, 42, 7215, 311, 442, 5, 13977, 9976, 19492, 0, 0, 25, 4808, 4835, 8486, 42, 0, 0, 18, 20, 159, 3, 34499, 25510, 28807, 2, 0, 0, 317
1576,9,11, 1059393,benign, 833, 147, 8585, 0, 5829, 2695, 2, 464, 699, 0, 195, 34304, 397, 3, 41, 7416, 281, 552, 5, 13912, 9921, 19502, 0, 0, 25, 4714, 4882, 8487, 42, 0, 0, 18, 20, 160, 3, 34540, 26088, 29587, 2, 0, 0, 319
1577,2,3, 1053544,benign, 615, 148, 8571, 4, 5825, 2689, 4, 464, 699, 0, 197, 33061, 397, 3, 40, 6703, 295, 760, 5, 13644, 9633, 19477, 0, 0, 25, 4800, 4833, 8487, 42, 0, 0, 18, 20, 168, 4, 33549, 25426, 28824, 2, 0, 0, 319
1578,2,8, 1057760,benign, 746, 149, 8579, 4, 5827, 2693, 2, 464, 699, 0, 201, 33947, 397, 3, 42, 7668, 310, 442, 5, 14208, 10207, 19526, 0, 0, 25, 4717, 4885, 8474, 42, 0, 0, 18, 20, 159, 3, 34792, 25810, 29129, 2, 0, 0, 317
1579,7,1, 1054886,benign, 701, 148, 8566, 0, 5824, 2687, 1, 464, 699, 0, 199, 33719, 397, 3, 43, 6938, 332, 501, 5, 13742, 9493, 19499, 0, 0, 25, 4968, 4631, 8477, 41, 0, 0, 18, 20, 158, 3, 34230, 25770, 29067, 2, 0, 0, 319
1580,4,13, 1059690,benign, 525, 146, 8555, 0, 5820, 2687, 1, 464, 699, 0, 188, 32975, 397, 3, 40, 6372, 296, 439, 5, 12743, 8762, 19495, 0, 0, 25, 4685, 4913, 8465, 42, 0, 0, 18, 20, 153, 2, 33599, 24924, 28220, 1, 0, 0, 317
1581,6,26, 1051313,benign, 565, 148, 8559, 0, 5826, 2690, 1, 464, 699, 0, 202, 33339, 397, 3, 42, 7065, 340, 445, 5, 13595, 9593, 19513, 0, 0, 25, 4779, 4942, 8483, 42, 0, 0, 18, 20, 167, 4, 34563, 25539, 28914, 2, 0, 0, 384
1582,3,27, 1058351,SDC, 793, 148, 8571, 0, 5825, 2695, 1, 464, 694, 0, 194, 34035, 392, 3, 41, 7576, 331, 445, 5, 14306, 10450, 19555, 0, 0, 25, 4714, 4887, 8485, 42, 0, 0, 18, 20, 158, 3, 35020, 25750, 29098, 2, 0, 0, 316
1583,0,30, 1055317,benign, 689, 148, 8576, 0, 5825, 2689, 1, 464, 699, 0, 199, 33948, 397, 3, 42, 7496, 312, 460, 5, 13835, 9853, 19519, 0, 0, 25, 4723, 4893, 8480, 42, 0, 0, 18, 20, 158, 3, 34365, 25226, 28504, 2, 0, 0, 394
1584,4,2, 1050539,benign, 539, 147, 8559, 3, 5830, 2687, 2, 464, 699, 0, 198, 33752, 397, 3, 42, 6605, 307, 442, 5, 13209, 9234, 19497, 0, 0, 25, 4959, 4644, 8486, 42, 0, 0, 18, 20, 166, 4, 33964, 25236, 28527, 1, 0, 0, 386
1585,2,6, 1053155,SDC, 631, 151, 8571, 0, 5822, 2687, 2, 464, 694, 0, 198, 33539, 392, 3, 43, 7309, 522, 445, 5, 13561, 9575, 19481, 0, 0, 25, 4730, 4867, 8478, 42, 0, 0, 18, 20, 158, 4, 34134, 25844, 29098, 2, 0, 0, 377
1586,10,6, 1060152,benign, 493, 148, 8555, 4, 5824, 2693, 2, 464, 699, 0, 196, 33295, 397, 3, 40, 6410, 244, 445, 5, 13011, 8979, 19489, 0, 0, 25, 4715, 4935, 8478, 34, 0, 0, 18, 20, 152, 2, 33593, 24848, 28080, 1, 0, 0, 319
1587,5,10, 1053552,benign, 614, 149, 8572, 4, 5827, 2695, 1, 464, 699, 0, 197, 33420, 397, 3, 42, 6991, 339, 626, 5, 13139, 9141, 19469, 0, 0, 25, 4730, 4888, 8486, 42, 0, 0, 18, 20, 158, 3, 34072, 25286, 28567, 2, 0, 0, 317
1588,0,28, 1059243,benign, 832, 146, 8579, 0, 5826, 2694, 1, 464, 699, 0, 194, 34241, 397, 3, 41, 8029, 304, 523, 5, 14074, 9907, 19518, 0, 0, 25, 4717, 4898, 8483, 42, 0, 0, 18, 20, 159, 3, 34722, 26006, 29265, 2, 0, 0, 319
1589,6,3, 1055314,benign, 691, 146, 8569, 0, 5827, 2691, 5, 464, 699, 0, 198, 33435, 397, 3, 42, 6998, 294, 466, 5, 13481, 9518, 19504, 0, 0, 25, 4703, 4905, 8488, 42, 0, 0, 18, 20, 158, 3, 34322, 25658, 28948, 2, 0, 0, 447
1590,0,11, 1051941,benign, 587, 148, 8559, 0, 5833, 2696, 2, 464, 700, 0, 198, 33435, 397, 3, 41, 6656, 270, 445, 5, 13331, 9369, 19499, 0, 0, 25, 4779, 4837, 8484, 42, 0, 0, 18, 20, 158, 3, 34557, 25227, 28565, 2, 0, 0, 383
1591,1,18, 1052492,SDC, 584, 148, 8570, 4, 5829, 2689, 1, 464, 694, 0, 201, 33635, 392, 3, 42, 7002, 309, 498, 5, 12900, 8884, 19458, 0, 0, 25, 4729, 4870, 8473, 42, 0, 0, 18, 20, 158, 4, 34079, 25479, 28760, 2, 0, 0, 320
1592,4,18, 1052366,benign, 613, 149, 8566, 0, 5831, 2689, 1, 464, 699, 0, 197, 33601, 397, 3, 41, 6850, 282, 439, 5, 13891, 9930, 19507, 0, 0, 25, 4710, 4890, 8485, 42, 0, 0, 18, 20, 153, 2, 34512, 25787, 29083, 1, 0, 0, 323
1593,3,24, 1059031,SDC, 817, 149, 8565, 0, 5820, 2691, 1, 464, 694, 0, 197, 34090, 392, 3, 43, 7441, 319, 501, 5, 14156, 10202, 19529, 0, 0, 25, 4724, 4893, 8487, 42, 0, 0, 18, 20, 158, 2, 34538, 25845, 29115, 2, 0, 0, 316
1594,4,11, 1051872,benign, 563, 147, 8563, 3, 5826, 2692, 1, 464, 699, 0, 198, 33543, 397, 3, 42, 6691, 453, 450, 5, 13346, 9327, 19487, 0, 0, 25, 4960, 4633, 8484, 42, 0, 0, 18, 20, 158, 3, 33966, 25499, 28768, 2, 0, 0, 319
1595,5,2, 1055505,benign, 706, 146, 8567, 0, 5826, 2690, 2, 464, 699, 0, 197, 33970, 397, 3, 41, 6843, 322, 445, 5, 13484, 9548, 19473, 0, 0, 25, 4729, 4878, 8490, 42, 0, 0, 18, 20, 159, 3, 34819, 25594, 29053, 2, 0, 0, 384
1596,8,31, 1052916,benign, 594, 147, 8568, 4, 5828, 2694, 2, 464, 699, 0, 200, 33450, 397, 3, 42, 6923, 294, 445, 5, 13051, 9133, 19465, 0, 0, 25, 4913, 4685, 8483, 40, 0, 0, 18, 20, 158, 3, 33936, 25419, 28773, 2, 0, 0, 319
1597,6,23, 1058249,benign, 798, 148, 8564, 0, 5825, 2693, 2, 464, 699, 0, 194, 34161, 397, 3, 41, 7326, 317, 457, 5, 14057, 10061, 19553, 0, 0, 25, 4740, 4878, 8479, 42, 0, 0, 18, 20, 158, 3, 34511, 25672, 28991, 2, 0, 0, 384
1598,1,4, 1051159,SDC, 554, 149, 8556, 0, 5816, 2691, 1, 464, 694, 0, 197, 33452, 392, 3, 41, 6745, 284, 443, 5, 13123, 9181, 19468, 0, 0, 25, 4718, 4887, 8476, 42, 0, 0, 18, 20, 158, 3, 34337, 25344, 28649, 2, 0, 0, 321
1599,0,25, 1058002,benign, 769, 149, 8568, 0, 5829, 2694, 1, 464, 699, 0, 216, 34001, 397, 3, 41, 7570, 301, 444, 5, 13727, 9675, 19506, 0, 0, 25, 4711, 4888, 8488, 42, 0, 0, 18, 20, 157, 4, 34763, 26139, 29455, 2, 0, 0, 376
1600,0,13, 1052719,benign, 608, 148, 8567, 0, 5826, 2686, 2, 464, 699, 0, 195, 34000, 397, 3, 43, 6635, 320, 503, 5, 13264, 9303, 19491, 0, 0, 25, 4749, 4893, 8486, 42, 0, 0, 18, 20, 266, 3, 34457, 25590, 29019, 2, 0, 0, 317
1601,10,15, 1060066,benign, 802, 148, 8571, 0, 5819, 2690, 2, 464, 699, 0, 194, 34021, 397, 3, 41, 7384, 261, 453, 5, 13832, 9741, 19487, 0, 0, 25, 4769, 4835, 8482, 42, 0, 0, 18, 20, 174, 2, 34858, 26291, 29601, 2, 0, 0, 317
1602,6,8, 1054262,benign, 659, 148, 8568, 0, 5823, 2689, 1, 464, 699, 0, 197, 33439, 397, 3, 42, 7070, 345, 443, 5, 13855, 9899, 19520, 0, 0, 25, 5012, 4698, 8489, 42, 0, 0, 18, 20, 157, 4, 34326, 25912, 29181, 2, 0, 0, 319
1603,3,28, 1056905,SDC, 746, 148, 8565, 0, 5827, 2692, 2, 464, 694, 0, 195, 33866, 392, 3, 43, 7564, 306, 526, 5, 13927, 9793, 19491, 0, 0, 25, 4727, 4865, 8476, 42, 0, 0, 18, 20, 160, 4, 34269, 25704, 28983, 2, 0, 0, 384
1604,9,26, 1052659,benign, 611, 149, 8578, 0, 5832, 2695, 2, 464, 699, 0, 195, 33556, 397, 3, 42, 6841, 294, 441, 5, 13313, 9296, 19493, 0, 0, 25, 4801, 4806, 8486, 42, 0, 0, 18, 20, 158, 4, 34522, 25314, 28584, 2, 0, 0, 378
1605,5,3, 1059184,benign, 788, 148, 8583, 4, 5826, 2691, 2, 464, 699, 0, 198, 33741, 397, 3, 41, 7771, 288, 512, 5, 13781, 9775, 19485, 0, 0, 25, 4743, 4895, 8488, 42, 0, 0, 18, 20, 166, 4, 34501, 25791, 29055, 2, 0, 0, 318
1606,1,3, 1055388,SDC, 671, 148, 8574, 4, 5826, 2697, 2, 464, 694, 0, 193, 33323, 392, 3, 42, 7167, 307, 443, 5, 13425, 9436, 19485, 0, 0, 25, 4744, 4901, 8486, 42, 0, 0, 18, 20, 166, 3, 34196, 25507, 28771, 2, 0, 0, 319
1607,10,19, 1057007,benign, 760, 148, 8570, 0, 5825, 2687, 2, 464, 699, 0, 199, 33994, 397, 3, 41, 7591, 296, 444, 5, 13643, 9663, 19483, 0, 0, 25, 4802, 4937, 8490, 42, 0, 0, 18, 20, 160, 3, 34471, 25906, 29416, 2, 0, 0, 375
1608,8,5, 1058539,benign, 803, 147, 8573, 0, 5827, 2693, 1, 464, 699, 0, 193, 33719, 397, 3, 45, 7315, 315, 441, 5, 14071, 10063, 19551, 0, 0, 25, 4984, 4767, 8484, 42, 0, 0, 18, 20, 158, 3, 34393, 26061, 29356, 1, 0, 0, 317
1609,4,14, 1052089,benign, 585, 148, 8565, 0, 5827, 2695, 2, 464, 699, 0, 200, 33536, 397, 3, 40, 7174, 310, 503, 5, 13547, 9296, 19500, 0, 0, 25, 4719, 4884, 8489, 42, 0, 0, 18, 20, 153, 2, 33903, 25780, 29091, 1, 0, 0, 319
1610,10,18, 1054105,benign, 663, 149, 8565, 0, 5828, 2689, 1, 464, 699, 0, 206, 33551, 397, 3, 41, 7001, 291, 447, 5, 13193, 9258, 19514, 0, 0, 25, 4795, 4971, 8488, 42, 0, 0, 18, 20, 160, 3, 34089, 25283, 28547, 2, 0, 0, 319
1611,5,4, 1050264,benign, 510, 148, 8569, 4, 5832, 2696, 2, 464, 699, 0, 200, 33432, 397, 3, 41, 6601, 329, 496, 5, 13030, 9045, 19475, 0, 0, 25, 4767, 4970, 8482, 42, 0, 0, 18, 20, 173, 2, 33936, 25092, 28358, 2, 0, 0, 384
1612,5,22, 1055048,benign, 663, 149, 8569, 4, 5824, 2690, 1, 464, 699, 0, 194, 33772, 397, 3, 41, 7179, 326, 508, 5, 13431, 9463, 19485, 0, 0, 25, 4974, 4632, 8487, 42, 0, 0, 18, 20, 158, 3, 34127, 25629, 28889, 2, 0, 0, 317
1613,9,24, 1055979,benign, 731, 148, 8577, 0, 5826, 2689, 2, 464, 699, 0, 201, 33710, 397, 3, 43, 7664, 258, 624, 5, 13767, 9809, 19493, 0, 0, 25, 4748, 4899, 8489, 42, 0, 0, 18, 20, 159, 3, 34614, 25637, 28932, 2, 0, 0, 319
1614,2,7, 1059446,SDC, 806, 149, 8571, 0, 5818, 2686, 2, 464, 694, 0, 200, 34280, 392, 3, 41, 7505, 280, 444, 5, 14610, 10614, 19528, 0, 0, 25, 4717, 4897, 8480, 41, 0, 0, 18, 20, 185, 3, 34947, 26390, 29664, 2, 0, 0, 316
1615,6,14, 1052518,benign, 614, 149, 8555, 0, 5826, 2691, 2, 464, 699, 0, 195, 33402, 397, 3, 41, 6746, 278, 446, 5, 13419, 9417, 19483, 0, 0, 25, 4794, 4812, 8482, 42, 0, 0, 18, 20, 161, 3, 34219, 25494, 28759, 2, 0, 0, 319
1616,2,16, 1058664,SDC, 774, 150, 8575, 4, 5815, 2689, 1, 464, 695, 0, 196, 33805, 392, 3, 43, 7520, 322, 441, 5, 13508, 9506, 19475, 0, 0, 25, 4766, 4948, 8483, 42, 0, 0, 18, 20, 160, 3, 34226, 25449, 28711, 2, 0, 0, 384
1617,0,3, 1052817,benign, 626, 148, 8565, 0, 5825, 2694, 1, 464, 699, 0, 195, 33361, 397, 3, 41, 6717, 297, 442, 5, 13660, 9630, 19506, 0, 0, 25, 4803, 4839, 8490, 42, 0, 0, 18, 20, 158, 4, 34211, 25484, 28749, 2, 0, 0, 319
1618,7,19, 1056775,benign, 735, 148, 8579, 0, 5827, 2689, 1, 464, 699, 0, 198, 33916, 397, 3, 41, 7295, 299, 448, 5, 13930, 10034, 19544, 0, 0, 25, 4972, 4629, 8487, 42, 0, 0, 19, 23, 160, 3, 34399, 25826, 29389, 2, 0, 0, 317
1619,4,23, 1059389,benign, 817, 147, 8571, 0, 5827, 2691, 1, 464, 699, 0, 195, 34134, 397, 3, 40, 7430, 306, 505, 5, 13617, 9637, 19484, 0, 0, 25, 4774, 4833, 8495, 42, 0, 0, 18, 20, 153, 2, 34502, 26211, 29518, 1, 0, 0, 319
1620,4,11, 1050567,benign, 550, 149, 8555, 0, 5824, 2692, 1, 464, 699, 0, 196, 33714, 397, 3, 41, 6838, 293, 440, 5, 13193, 9178, 19497, 0, 0, 25, 4699, 4902, 8481, 42, 0, 0, 18, 20, 153, 2, 34012, 25349, 28593, 1, 0, 0, 379
1621,0,6, 1059183,benign, 817, 149, 8580, 0, 5830, 2693, 5, 464, 699, 0, 203, 34425, 397, 3, 42, 7369, 320, 503, 5, 14199, 10236, 19562, 0, 0, 25, 4720, 4880, 8476, 42, 0, 0, 18, 20, 160, 3, 34625, 26261, 29682, 2, 0, 0, 316
1622,3,14, 1054051,SDC, 659, 147, 8561, 0, 5822, 2695, 2, 464, 694, 0, 204, 33702, 392, 3, 43, 6740, 291, 536, 5, 13523, 9359, 19482, 0, 0, 25, 4770, 4829, 8478, 40, 0, 0, 18, 20, 160, 3, 34308, 25484, 28781, 2, 0, 0, 318
1623,10,9, 1060192,benign, 497, 148, 8553, 4, 5824, 2690, 1, 464, 699, 0, 199, 33421, 397, 3, 39, 6358, 326, 500, 5, 12696, 8618, 19474, 0, 0, 25, 4545, 5280, 8486, 34, 0, 0, 18, 20, 153, 2, 33368, 24824, 28059, 1, 0, 0, 319
1624,10,13, 1057569,benign, 773, 148, 8579, 0, 5827, 2693, 2, 464, 699, 0, 194, 33858, 397, 3, 43, 7532, 315, 451, 5, 13681, 9645, 19502, 0, 0, 25, 4823, 4823, 8483, 42, 0, 0, 18, 20, 166, 3, 34754, 26129, 29463, 2, 0, 0, 319
1625,5,16, 1055160,benign, 663, 148, 8569, 4, 5831, 2693, 3, 464, 699, 0, 200, 33285, 397, 3, 41, 7196, 277, 445, 5, 13644, 9657, 19486, 0, 0, 25, 4789, 4814, 8487, 42, 0, 0, 18, 20, 157, 4, 34274, 25732, 29042, 2, 0, 0, 317
1626,3,30, 1052505,SDC, 619, 148, 8556, 0, 5824, 2697, 5, 464, 694, 0, 192, 33646, 392, 3, 42, 6747, 292, 447, 5, 13510, 9534, 19466, 0, 0, 25, 4863, 4872, 8483, 42, 0, 0, 18, 20, 157, 4, 34065, 25444, 28903, 2, 0, 0, 319
1627,4,19, 1057545,benign, 760, 148, 8571, 0, 5821, 2691, 1, 464, 699, 0, 198, 34163, 397, 3, 41, 7570, 332, 438, 5, 14022, 10085, 19544, 0, 0, 25, 4714, 4886, 8481, 34, 0, 0, 18, 20, 328, 2, 34761, 25888, 29251, 1, 0, 0, 319
1628,7,30, 1055278,benign, 688, 147, 8563, 0, 5826, 2688, 2, 464, 699, 0, 202, 33892, 397, 3, 42, 7316, 282, 451, 5, 13622, 9644, 19491, 0, 0, 25, 4774, 4963, 8490, 42, 0, 0, 18, 20, 158, 4, 34544, 25634, 28892, 2, 0, 0, 318
1629,8,30, 1054095,benign, 655, 147, 8565, 0, 5830, 2696, 1, 464, 699, 0, 195, 33874, 397, 3, 41, 7434, 275, 446, 5, 13215, 9223, 19500, 0, 0, 25, 4779, 4830, 8486, 41, 0, 0, 18, 20, 157, 4, 34611, 25309, 28573, 2, 0, 0, 317
1630,7,10, 1053228,benign, 602, 147, 8574, 4, 5831, 2695, 1, 464, 699, 0, 195, 33647, 397, 3, 41, 7302, 282, 444, 5, 13499, 9331, 19474, 0, 0, 25, 4718, 4885, 8486, 42, 0, 0, 18, 20, 157, 3, 34185, 25470, 28934, 2, 0, 0, 384
1631,7,1, 1050443,benign, 551, 148, 8555, 0, 5825, 2689, 1, 464, 699, 0, 195, 33223, 397, 3, 42, 6587, 342, 445, 5, 13301, 9341, 19503, 0, 0, 25, 4719, 4891, 8482, 42, 0, 0, 18, 20, 158, 3, 34125, 25355, 28826, 2, 0, 0, 317
1632,1,23, 1055728,benign, 680, 147, 8574, 4, 5830, 2688, 5, 464, 699, 0, 197, 33726, 397, 3, 43, 7072, 292, 444, 5, 12999, 9134, 19487, 0, 0, 25, 4709, 4889, 8488, 42, 0, 0, 18, 20, 160, 3, 34449, 25778, 29289, 2, 0, 0, 405
1633,1,5, 1058087,benign, 789, 147, 8568, 0, 5822, 2685, 4, 464, 699, 0, 199, 33924, 397, 3, 42, 7407, 302, 455, 5, 13792, 9799, 19497, 0, 0, 25, 4714, 4894, 8487, 42, 0, 0, 18, 20, 160, 3, 34716, 25980, 29466, 2, 0, 0, 378
1634,5,20, 1056693,benign, 734, 148, 8567, 0, 5823, 2689, 1, 464, 699, 0, 198, 33900, 397, 3, 42, 7259, 329, 442, 5, 13904, 9883, 19494, 0, 0, 25, 4788, 4942, 8478, 42, 0, 0, 18, 20, 157, 4, 34659, 25716, 29208, 2, 0, 0, 320
1635,0,13, 1056067,benign, 716, 146, 8576, 0, 5831, 2689, 2, 464, 699, 0, 194, 33684, 397, 3, 42, 7473, 324, 614, 5, 13650, 9642, 19496, 0, 0, 25, 4748, 4895, 8484, 42, 0, 0, 18, 20, 157, 3, 34716, 25784, 29081, 2, 0, 0, 317
1636,0,31, 1057351,benign, 747, 148, 8580, 0, 5831, 2688, 1, 464, 699, 0, 196, 33614, 397, 3, 45, 7320, 311, 441, 5, 13658, 9704, 19509, 0, 0, 25, 4721, 4879, 8483, 42, 0, 0, 18, 20, 158, 3, 34323, 26041, 29301, 2, 0, 0, 386
1637,3,9, 1059683,benign, 519, 145, 8562, 1, 5825, 2691, 3, 464, 700, 1, 191, 33264, 397, 3, 41, 6500, 368, 499, 5, 13187, 9054, 19501, 0, 0, 25, 4933, 5259, 8482, 42, 0, 0, 18, 20, 168, 9, 34149, 25427, 28697, 2, 0, 0, 317
1638,5,19, 1054550,benign, 664, 147, 8568, 0, 5826, 2694, 1, 464, 699, 0, 200, 33751, 397, 3, 41, 7185, 307, 442, 5, 13624, 9423, 19501, 0, 0, 25, 4720, 4883, 8486, 41, 0, 0, 18, 20, 159, 3, 34133, 25645, 28913, 2, 0, 0, 320
1639,5,26, 1054162,benign, 654, 146, 8566, 0, 5825, 2694, 2, 464, 699, 0, 199, 33998, 397, 3, 41, 6919, 316, 443, 6, 14112, 10106, 19544, 0, 0, 25, 4762, 4834, 8485, 42, 0, 0, 18, 20, 158, 3, 34279, 25813, 29104, 2, 0, 0, 317
1640,10,20, 1050796,benign, 526, 146, 8565, 4, 5826, 2692, 2, 464, 699, 0, 196, 33002, 397, 3, 42, 6748, 363, 442, 5, 12985, 8973, 19489, 0, 0, 25, 4762, 4840, 8491, 42, 0, 0, 18, 20, 158, 4, 33967, 25344, 28619, 2, 0, 0, 321
1641,8,20, 1049922,benign, 539, 148, 8553, 0, 5821, 2688, 2, 464, 699, 0, 192, 33663, 397, 3, 43, 6652, 308, 453, 5, 13341, 9282, 19498, 0, 0, 25, 4499, 5217, 8480, 42, 0, 0, 18, 20, 153, 2, 34372, 25457, 28710, 2, 0, 0, 317
1642,1,25, 1059969,crash/hangs,-,-,-,-,-,-,-,-,-,-,-,-,-,-,-,-,-,-,-,-,-,-,-,-,-,-,-,-,-,-,-,-,-,-,-,-,-,-,-,-,-,-
1643,3,25, 1050509,benign, 462, 23, 8581, 0, 5864, 2704, 1, 464, 699, 0, 197, 33280, 397, 3, 41, 6707, 298, 446, 5, 13577, 9627, 19511, 0, 0, 25, 4713, 4895, 8481, 41, 0, 0, 18, 20, 160, 3, 33962, 25403, 28694, 2, 0, 0, 318
1644,0,19, 1058785,benign, 796, 148, 8575, 0, 5825, 2689, 1, 464, 699, 0, 195, 33982, 397, 3, 41, 7382, 304, 443, 5, 14080, 10082, 19567, 0, 0, 25, 4707, 4899, 8490, 42, 0, 0, 18, 20, 204, 2, 34884, 25668, 29152, 2, 0, 0, 317
1645,1,26, 1054063,benign, 647, 147, 8569, 0, 5827, 2692, 1, 464, 699, 0, 194, 33675, 397, 3, 41, 7192, 303, 444, 5, 13148, 9147, 19497, 0, 0, 25, 4965, 4648, 8492, 42, 0, 0, 18, 20, 157, 3, 34648, 25519, 28788, 2, 0, 0, 574
1646,8,10, 1054335,benign, 668, 147, 8578, 0, 5829, 2694, 2, 464, 699, 0, 196, 33751, 397, 3, 40, 6877, 331, 442, 5, 13508, 9271, 19501, 0, 0, 25, 4830, 5028, 8488, 42, 0, 0, 18, 20, 160, 3, 34578, 25986, 29337, 2, 0, 0, 319
1647,9,11, 1055131,benign, 681, 149, 8571, 0, 5827, 2687, 1, 464, 699, 0, 197, 33588, 397, 3, 41, 7159, 289, 443, 5, 13509, 9537, 19489, 0, 0, 25, 4789, 4983, 8478, 42, 0, 0, 18, 20, 161, 3, 34664, 25798, 29068, 2, 0, 0, 376
1648,10,11, 1051689,benign, 580, 149, 8556, 0, 5824, 2688, 1, 464, 699, 0, 195, 33450, 397, 3, 43, 7097, 328, 503, 5, 13783, 9771, 19523, 0, 0, 25, 4725, 4880, 8483, 42, 0, 0, 18, 20, 157, 4, 34049, 25571, 28908, 2, 0, 0, 317
1649,0,28, 1052400,benign, 575, 150, 8553, 4, 5823, 2688, 2, 464, 699, 0, 198, 33108, 397, 3, 42, 6688, 307, 501, 5, 13237, 9258, 19471, 0, 0, 25, 4716, 4888, 8478, 42, 0, 0, 18, 20, 158, 3, 34006, 25362, 28636, 2, 0, 0, 376
1650,0,1, 1051014,benign, 572, 150, 8559, 0, 5824, 2689, 1, 464, 699, 0, 196, 33853, 397, 3, 42, 6767, 306, 448, 5, 13275, 9251, 19491, 0, 0, 25, 4950, 4760, 8478, 42, 0, 0, 18, 20, 159, 3, 33999, 25502, 28783, 2, 0, 0, 317
1651,5,10, 1059043,benign, 817, 149, 8574, 0, 5826, 2693, 2, 464, 699, 0, 196, 33925, 397, 3, 42, 7420, 256, 450, 5, 13669, 9732, 19481, 0, 0, 25, 4913, 4726, 8487, 42, 0, 0, 18, 20, 158, 3, 34586, 25767, 29096, 2, 0, 0, 324
1652,0,2, 1053380,benign, 607, 148, 8569, 4, 5832, 2686, 2, 464, 699, 0, 197, 33481, 397, 3, 43, 6636, 311, 541, 5, 13036, 9142, 19484, 0, 0, 25, 4718, 4878, 8484, 42, 0, 0, 18, 20, 157, 3, 33510, 25247, 28543, 2, 0, 0, 317
1653,0,24, 1056994,benign, 754, 150, 8564, 0, 5826, 2693, 1, 464, 699, 0, 198, 34221, 397, 3, 42, 7296, 356, 441, 5, 13859, 9916, 19506, 0, 0, 25, 4845, 5018, 8482, 42, 0, 0, 18, 20, 158, 3, 34501, 25957, 29237, 2, 0, 0, 326
1654,3,25, 1053391,benign, 635, 147, 8562, 0, 5829, 2689, 2, 464, 699, 0, 199, 33557, 397, 3, 41, 6874, 269, 447, 5, 13309, 9310, 19495, 0, 0, 25, 4714, 4885, 8483, 42, 0, 0, 18, 20, 158, 3, 34861, 25440, 28928, 2, 0, 0, 319
1655,9,6, 1057500,benign, 735, 146, 8561, 4, 5828, 2694, 1, 464, 699, 0, 198, 33500, 397, 3, 43, 7244, 531, 569, 5, 13339, 9370, 19499, 0, 0, 25, 4719, 4896, 8487, 42, 0, 0, 18, 20, 169, 3, 34457, 25879, 29206, 2, 0, 0, 316
1656,7,8, 1051124,benign, 536, 149, 8560, 4, 5822, 2686, 2, 464, 699, 0, 196, 33805, 397, 3, 41, 6866, 324, 507, 5, 13269, 9244, 19469, 0, 0, 25, 4703, 4894, 8483, 42, 0, 0, 18, 20, 161, 3, 34062, 25040, 28326, 2, 0, 0, 376
1657,8,25, 1057667,benign, 778, 147, 8578, 0, 5831, 2694, 2, 464, 699, 0, 198, 34580, 397, 3, 44, 7495, 329, 714, 5, 13597, 9538, 19508, 0, 0, 25, 4750, 4892, 8486, 42, 0, 0, 18, 20, 167, 3, 34273, 25978, 29262, 2, 0, 0, 319
1658,4,24, 1059199,benign, 819, 147, 8579, 0, 5829, 2691, 1, 464, 699, 0, 198, 33754, 397, 3, 42, 7333, 285, 437, 5, 13730, 9749, 19514, 0, 0, 25, 4707, 4892, 8488, 42, 0, 0, 18, 20, 153, 2, 35119, 25985, 29292, 1, 0, 0, 317
1659,4,19, 1056538,benign, 738, 150, 8569, 0, 5826, 2686, 1, 464, 700, 0, 198, 33808, 397, 3, 40, 7599, 366, 448, 5, 13731, 9537, 19498, 0, 0, 25, 4725, 4882, 8482, 42, 0, 0, 18, 20, 152, 2, 34354, 25877, 29309, 1, 0, 0, 319
1660,8,14, 1049871,benign, 527, 145, 8552, 0, 5820, 2691, 1, 464, 699, 0, 188, 33120, 397, 3, 40, 6376, 311, 496, 5, 13039, 8986, 19469, 0, 0, 25, 4442, 5153, 8472, 42, 0, 0, 18, 20, 158, 3, 33818, 25331, 28835, 2, 0, 0, 319
1661,8,26, 1053494,benign, 640, 148, 8566, 0, 5825, 2694, 4, 464, 699, 0, 197, 33813, 397, 3, 41, 6936, 283, 447, 5, 13215, 9277, 19504, 0, 0, 25, 4707, 4890, 8487, 42, 0, 0, 18, 20, 158, 3, 34016, 25678, 29014, 2, 0, 0, 319
1662,9,21, 1059784,benign, 494, 148, 8552, 4, 5827, 2694, 2, 464, 699, 0, 193, 32958, 397, 3, 42, 6335, 485, 445, 5, 12874, 8923, 19498, 0, 0, 25, 4699, 4908, 8482, 42, 0, 0, 18, 20, 159, 4, 33651, 24864, 28391, 2, 0, 0, 319
1663,7,16, 1057875,benign, 787, 147, 8574, 0, 5824, 2688, 2, 464, 699, 0, 192, 34022, 397, 3, 41, 7353, 339, 448, 5, 13878, 9851, 19511, 0, 0, 25, 4808, 4955, 8486, 42, 0, 0, 18, 20, 158, 4, 34777, 25896, 29150, 2, 0, 0, 319
1664,9,25, 1054235,benign, 652, 147, 8566, 0, 5825, 2694, 1, 464, 699, 0, 195, 33847, 397, 3, 41, 6891, 293, 444, 5, 13690, 9696, 19498, 0, 0, 25, 4968, 4631, 8490, 42, 0, 0, 18, 20, 166, 4, 34226, 25668, 28969, 2, 0, 0, 320
1665,3,16, 1052679,benign, 614, 148, 8560, 0, 5828, 2695, 3, 464, 699, 0, 199, 33618, 397, 3, 41, 6848, 325, 447, 5, 13250, 9282, 19488, 0, 0, 25, 4748, 4895, 8479, 42, 0, 0, 18, 20, 158, 4, 34254, 25396, 28688, 2, 0, 0, 319
1666,0,30, 1059280,benign, 793, 149, 8575, 4, 5825, 2692, 2, 464, 699, 0, 198, 33864, 397, 3, 41, 7435, 327, 575, 5, 13628, 9667, 19478, 0, 0, 25, 4716, 4892, 8490, 42, 0, 0, 18, 20, 158, 3, 34486, 25683, 29193, 2, 0, 0, 317
1667,5,9, 1057095,benign, 759, 148, 8575, 0, 5824, 2683, 1, 464, 699, 0, 200, 34146, 397, 3, 41, 7525, 323, 446, 5, 13631, 9703, 19509, 0, 0, 25, 4753, 4895, 8477, 42, 0, 0, 18, 20, 158, 3, 34517, 26215, 29466, 2, 0, 0, 447
1668,4,24, 1050804,benign, 525, 146, 8551, 3, 5825, 2693, 1, 464, 699, 0, 195, 33584, 397, 3, 41, 6649, 305, 503, 5, 12878, 8903, 19490, 0, 0, 25, 4698, 4909, 8479, 42, 0, 0, 18, 20, 157, 3, 33684, 25245, 28675, 2, 0, 0, 319
1669,8,24, 1053826,benign, 667, 147, 8562, 0, 5831, 2689, 2, 464, 699, 0, 201, 33906, 397, 3, 41, 7444, 298, 504, 5, 13405, 9340, 19512, 0, 0, 25, 4722, 4913, 8482, 42, 0, 0, 18, 20, 159, 3, 34205, 25646, 28942, 2, 0, 0, 378
1670,5,30, 1059521,benign, 516, 148, 8549, 0, 5820, 2688, 2, 464, 699, 0, 193, 33436, 397, 3, 39, 6482, 290, 439, 5, 12918, 8916, 19510, 0, 0, 25, 4497, 5238, 8481, 36, 0, 0, 18, 20, 166, 3, 33965, 25130, 28451, 1, 0, 0, 319
1671,9,22, 1052316,benign, 574, 146, 8558, 4, 5826, 2688, 1, 464, 699, 0, 198, 33351, 397, 3, 43, 7028, 311, 461, 5, 13577, 9575, 19467, 0, 0, 25, 4901, 4952, 8485, 42, 0, 0, 18, 20, 157, 3, 34027, 25500, 28805, 2, 0, 0, 384
1672,10,12, 1054102,benign, 665, 147, 8568, 0, 5825, 2690, 2, 464, 699, 0, 195, 33451, 397, 3, 43, 6942, 303, 445, 5, 13688, 9553, 19525, 0, 0, 25, 4710, 4893, 8478, 42, 0, 0, 18, 20, 157, 3, 34606, 25924, 29448, 2, 0, 0, 377
1673,7,8, 1050181,benign, 542, 164, 8553, 0, 5827, 2698, 1, 464, 699, 0, 197, 33485, 397, 3, 41, 6439, 506, 570, 5, 13473, 9526, 19507, 0, 0, 25, 4723, 4925, 8485, 42, 0, 0, 18, 20, 160, 3, 34082, 25738, 29012, 2, 0, 0, 319
1674,10,13, 1055986,benign, 705, 147, 8572, 0, 5830, 2690, 1, 464, 699, 0, 196, 33485, 397, 3, 42, 6990, 319, 513, 5, 14009, 10029, 19543, 0, 0, 25, 4751, 4895, 8492, 42, 0, 0, 18, 20, 160, 4, 34269, 25746, 29247, 2, 0, 0, 384
1675,4,26, 1052178,benign, 600, 147, 8566, 0, 5824, 2689, 1, 464, 699, 0, 210, 33533, 397, 3, 40, 7204, 295, 436, 5, 13112, 9100, 19499, 0, 0, 25, 4735, 4867, 8486, 42, 0, 0, 18, 20, 252, 2, 34039, 25287, 28595, 1, 0, 0, 317
1676,5,14, 1053243,benign, 632, 146, 8563, 0, 5823, 2685, 1, 464, 699, 0, 194, 33704, 397, 3, 43, 6903, 307, 518, 5, 13290, 9335, 19504, 0, 0, 25, 4799, 4838, 8488, 42, 0, 0, 18, 20, 166, 4, 34803, 25627, 28942, 2, 0, 0, 377
1677,1,3, 1059411,benign, 812, 149, 8572, 0, 5825, 2691, 3, 464, 699, 0, 199, 33840, 397, 3, 42, 7686, 303, 452, 5, 14006, 10135, 19536, 0, 0, 25, 4891, 4708, 8490, 42, 0, 0, 18, 20, 249, 4, 34429, 26008, 29289, 2, 0, 0, 386
1678,0,9, 1057051,benign, 752, 148, 8574, 0, 5828, 2699, 2, 464, 699, 0, 194, 34402, 397, 3, 42, 7233, 311, 571, 5, 13518, 9544, 19503, 0, 0, 25, 4801, 4845, 8487, 41, 0, 0, 18, 20, 159, 3, 34558, 26180, 29613, 2, 0, 0, 319
1679,8,8, 1051147,benign, 570, 148, 8558, 0, 5828, 2691, 1, 464, 699, 0, 195, 33439, 397, 3, 41, 6690, 304, 518, 5, 13796, 9790, 19498, 0, 0, 25, 4725, 4888, 8481, 42, 0, 0, 18, 20, 159, 3, 34581, 25533, 28804, 2, 0, 0, 319
1680,4,14, 1052790,benign, 606, 147, 8573, 0, 5829, 2692, 2, 464, 699, 0, 195, 33652, 397, 3, 41, 6635, 305, 616, 5, 13481, 9435, 19505, 0, 0, 25, 4776, 4951, 8493, 42, 0, 0, 18, 20, 152, 2, 34378, 25362, 28822, 1, 0, 0, 378
1681,8,12, 1057098,benign, 748, 147, 8567, 0, 5823, 2692, 1, 464, 699, 0, 196, 34394, 397, 3, 41, 7358, 514, 453, 5, 14054, 9924, 19500, 0, 0, 25, 4814, 4958, 8495, 42, 0, 0, 18, 20, 158, 4, 34504, 25727, 29031, 2, 0, 0, 316
1682,7,3, 1056268,benign, 699, 148, 8568, 4, 5831, 2690, 1, 464, 699, 0, 199, 33611, 397, 3, 45, 7386, 330, 442, 5, 13315, 9342, 19469, 0, 0, 25, 4806, 4832, 8486, 42, 0, 0, 18, 20, 158, 4, 34695, 25855, 29172, 2, 0, 0, 320
1683,4,18, 1051019,benign, 579, 148, 8554, 0, 5823, 2690, 2, 464, 699, 0, 199, 33543, 397, 3, 42, 6720, 323, 452, 5, 13508, 9538, 19499, 0, 0, 25, 4713, 4886, 8483, 42, 0, 0, 18, 20, 153, 2, 34177, 25363, 28639, 1, 0, 0, 384
1684,8,0, 1059944,benign, 784, 147, 8584, 4, 5832, 2697, 1, 464, 699, 0, 201, 33755, 397, 3, 40, 7578, 329, 431, 5, 13349, 9444, 19510, 0, 0, 25, 4727, 4888, 8497, 42, 0, 0, 18, 20, 161, 3, 34335, 25424, 28734, 2, 0, 0, 376
1685,6,3, 1052550,benign, 633, 163, 8567, 0, 5829, 2695, 1, 464, 699, 0, 195, 33812, 397, 3, 43, 6877, 316, 446, 5, 13518, 9373, 19513, 0, 0, 25, 4737, 4894, 8490, 42, 0, 0, 18, 20, 161, 3, 34354, 25415, 28738, 2, 0, 0, 317
1686,8,16, 1059066,benign, 818, 148, 8575, 0, 5826, 2690, 1, 464, 699, 0, 196, 34143, 397, 3, 41, 7843, 307, 720, 5, 13718, 9851, 19502, 0, 0, 25, 4767, 4952, 8488, 42, 0, 0, 18, 20, 158, 2, 34750, 26247, 29538, 2, 0, 0, 447
1687,0,26, 1053023,benign, 620, 147, 8562, 0, 5827, 2691, 2, 464, 699, 0, 194, 33699, 397, 3, 41, 7129, 317, 502, 5, 13798, 9762, 19506, 0, 0, 25, 4792, 4812, 8488, 42, 0, 0, 18, 20, 157, 2, 34841, 25995, 29287, 2, 0, 0, 324
1688,3,21, 1054910,SDC, 673, 146, 8561, 0, 5820, 2690, 1, 464, 694, 0, 197, 33628, 392, 3, 41, 6876, 304, 678, 5, 13398, 9403, 19498, 0, 0, 25, 4792, 4855, 8475, 42, 0, 0, 18, 20, 161, 3, 34512, 25573, 28874, 2, 0, 0, 317
1689,3,21, 1051566,benign, 576, 146, 8565, 0, 5824, 2690, 2, 464, 699, 0, 193, 33153, 397, 3, 43, 6721, 311, 457, 5, 13895, 9887, 19510, 0, 0, 25, 4775, 4832, 8488, 42, 0, 0, 18, 20, 167, 3, 34137, 25554, 28972, 2, 0, 0, 317
1690,3,28, 1052009,SDC, 584, 149, 8555, 0, 5815, 2689, 2, 464, 694, 0, 197, 33996, 392, 3, 43, 7351, 343, 444, 5, 13660, 9699, 19499, 0, 0, 25, 4847, 4998, 8486, 42, 0, 0, 18, 20, 159, 3, 34788, 25443, 28716, 2, 0, 0, 511
1691,7,20, 1051555,benign, 580, 146, 8568, 0, 5828, 2693, 3, 464, 699, 0, 198, 33448, 397, 3, 42, 7129, 283, 446, 5, 13536, 9514, 19508, 0, 0, 25, 4717, 4888, 8484, 42, 0, 0, 18, 20, 160, 3, 34021, 25701, 28957, 2, 0, 0, 381
1692,1,31, 1056179,benign, 716, 148, 8572, 0, 5826, 2688, 2, 464, 699, 0, 197, 33996, 397, 3, 41, 6987, 333, 503, 5, 13614, 9657, 19502, 0, 0, 25, 4723, 4881, 8486, 42, 0, 0, 18, 20, 158, 4, 34319, 25657, 28985, 2, 0, 0, 379
1693,7,3, 1051981,benign, 584, 149, 8549, 0, 5826, 2689, 2, 464, 699, 0, 202, 33922, 397, 3, 43, 6806, 328, 443, 5, 13261, 9256, 19508, 0, 0, 25, 4730, 4878, 8482, 41, 0, 0, 18, 20, 158, 3, 34062, 25485, 28761, 2, 0, 0, 377
1694,5,25, 1053463,benign, 636, 146, 8563, 0, 5826, 2693, 1, 464, 699, 0, 193, 33517, 397, 3, 43, 7258, 309, 442, 5, 13341, 9389, 19503, 0, 0, 25, 4786, 4860, 8504, 41, 0, 0, 18, 20, 158, 3, 34385, 25591, 28870, 2, 0, 0, 319
1695,10,0, 1053394,benign, 635, 148, 8562, 0, 5829, 2695, 1, 464, 699, 0, 198, 33431, 397, 3, 45, 7066, 318, 443, 5, 13571, 9448, 19527, 0, 0, 25, 4781, 4956, 8484, 42, 0, 0, 18, 20, 160, 3, 34521, 25949, 29229, 2, 0, 0, 318
1696,9,0, 1056260,benign, 698, 146, 8580, 4, 5832, 2687, 2, 464, 699, 0, 195, 33878, 397, 3, 44, 7423, 336, 634, 5, 13541, 9592, 19473, 0, 0, 25, 4760, 4835, 8478, 42, 0, 0, 18, 20, 159, 3, 34213, 25744, 29139, 2, 0, 0, 317
1697,10,12, 1055215,benign, 703, 147, 8571, 0, 5828, 2695, 2, 464, 699, 0, 199, 34188, 397, 3, 42, 7270, 320, 498, 5, 13274, 9291, 19479, 0, 0, 25, 4713, 4891, 8482, 42, 0, 0, 18, 20, 160, 3, 34090, 25855, 29268, 2, 0, 0, 316
1698,4,7, 1057813,benign, 770, 149, 8582, 1, 5828, 2689, 2, 464, 699, 0, 195, 33875, 397, 3, 43, 7715, 306, 441, 5, 13704, 9713, 19494, 0, 0, 25, 4720, 4882, 8480, 42, 0, 0, 18, 20, 158, 4, 34628, 25730, 29019, 2, 0, 0, 447
1699,8,8, 1051688,benign, 553, 147, 8562, 4, 5824, 2688, 2, 464, 699, 0, 201, 33668, 397, 3, 41, 6944, 304, 512, 5, 13452, 9432, 19458, 0, 0, 25, 4723, 4881, 8483, 42, 0, 0, 18, 20, 160, 3, 34391, 25147, 28424, 2, 0, 0, 320
1700,3,3, 1057268,SDC, 731, 147, 8580, 4, 5819, 2691, 1, 464, 694, 0, 195, 33488, 392, 3, 43, 7086, 304, 445, 5, 13659, 9677, 19453, 0, 0, 25, 4723, 4881, 8478, 42, 0, 0, 18, 20, 168, 3, 34377, 25791, 29083, 2, 0, 0, 319
1701,6,10, 1055197,benign, 699, 146, 8568, 0, 5825, 2690, 2, 464, 699, 0, 198, 33482, 397, 3, 41, 7022, 354, 447, 5, 13309, 9391, 19493, 0, 0, 25, 4722, 4890, 8475, 42, 0, 0, 18, 20, 158, 4, 34524, 25604, 28910, 2, 0, 0, 324
1702,8,18, 1056823,benign, 732, 146, 8572, 0, 5825, 2690, 5, 464, 699, 0, 197, 34000, 397, 3, 41, 7286, 353, 447, 5, 13807, 9806, 19522, 0, 0, 25, 4744, 4914, 8484, 42, 0, 0, 18, 20, 159, 3, 34730, 26143, 29437, 2, 0, 0, 317
1703,2,17, 1054112,SDC, 632, 148, 8570, 4, 5822, 2688, 1, 464, 694, 0, 200, 33336, 392, 3, 43, 7136, 309, 443, 5, 13184, 9168, 19482, 0, 0, 25, 4836, 4886, 8487, 42, 0, 0, 18, 20, 158, 3, 33794, 25466, 28759, 2, 0, 0, 317
1704,5,27, 1057756,benign, 743, 148, 8571, 4, 5821, 2687, 1, 464, 699, 0, 197, 33635, 397, 3, 43, 7208, 293, 441, 5, 13479, 9466, 19491, 0, 0, 25, 5013, 5181, 8484, 42, 0, 0, 18, 20, 160, 3, 34564, 25719, 28989, 2, 0, 0, 316
1705,0,29, 1052285,benign, 606, 147, 8557, 1, 5824, 2693, 1, 464, 699, 0, 193, 33758, 397, 3, 41, 6631, 286, 448, 5, 13819, 9811, 19496, 0, 0, 25, 4722, 4883, 8485, 42, 0, 0, 18, 20, 158, 4, 34437, 25235, 28567, 2, 0, 0, 384
1706,1,18, 1052671,benign, 610, 146, 8567, 0, 5831, 2693, 1, 464, 699, 0, 195, 33560, 397, 3, 44, 6871, 307, 445, 5, 13646, 9621, 19491, 0, 0, 25, 4734, 4868, 8490, 42, 0, 0, 18, 20, 158, 2, 34056, 25280, 28558, 2, 0, 0, 384
1707,4,24, 1054879,benign, 671, 148, 8564, 0, 5827, 2694, 1, 464, 699, 0, 201, 33226, 397, 3, 40, 7060, 334, 437, 5, 13499, 9471, 19510, 0, 0, 25, 4730, 4912, 8480, 42, 0, 0, 18, 20, 247, 2, 34521, 25755, 29237, 1, 0, 0, 319
1708,4,27, 1050967,benign, 557, 146, 8568, 0, 5829, 2694, 2, 464, 699, 0, 199, 33467, 397, 3, 40, 6949, 311, 439, 5, 13344, 9355, 19516, 0, 0, 25, 4705, 4891, 8479, 42, 0, 0, 18, 20, 161, 2, 34221, 25300, 28651, 1, 0, 0, 317
1709,5,10, 1054940,benign, 655, 147, 8575, 4, 5831, 2688, 2, 464, 699, 0, 194, 33443, 397, 3, 42, 7360, 285, 457, 5, 12721, 8840, 19471, 0, 0, 25, 4727, 4916, 8487, 42, 0, 0, 18, 20, 158, 3, 34034, 25828, 29118, 2, 0, 0, 317
1710,6,18, 1057862,benign, 789, 147, 8563, 0, 5825, 2693, 3, 464, 699, 0, 198, 34211, 397, 3, 41, 7666, 317, 629, 5, 13757, 9639, 19494, 0, 0, 25, 4781, 4940, 8486, 42, 0, 0, 18, 20, 159, 3, 34317, 25855, 29106, 2, 0, 0, 318
1711,6,16, 1055292,benign, 668, 148, 8580, 4, 5830, 2692, 1, 464, 699, 0, 200, 33476, 397, 3, 45, 7372, 346, 453, 5, 13551, 9570, 19463, 0, 0, 25, 4716, 4881, 8478, 42, 0, 0, 18, 20, 158, 3, 33854, 25304, 28623, 2, 0, 0, 317
1712,8,18, 1053786,benign, 655, 150, 8566, 0, 5823, 2692, 2, 464, 699, 0, 199, 33770, 397, 3, 42, 7179, 337, 447, 5, 13660, 9707, 19487, 0, 0, 25, 4793, 4940, 8482, 42, 0, 0, 18, 20, 160, 3, 34264, 25755, 29149, 2, 0, 0, 319
1713,1,5, 1058670,benign, 805, 150, 8583, 0, 5825, 2689, 2, 464, 699, 0, 198, 33946, 397, 3, 41, 7365, 300, 561, 5, 13923, 9900, 19526, 0, 0, 25, 4720, 4886, 8483, 42, 0, 0, 18, 20, 159, 3, 35083, 26254, 29666, 2, 0, 0, 319
1714,3,5, 1059888,benign, 787, 148, 8581, 4, 5830, 2692, 2, 464, 700, 0, 198, 33591, 397, 3, 42, 7552, 297, 512, 5, 13803, 9861, 19496, 0, 0, 25, 4789, 4961, 8497, 41, 0, 0, 18, 20, 185, 3, 34715, 25607, 28920, 2, 0, 0, 323
1715,5,2, 1056126,benign, 728, 147, 8572, 0, 5826, 2690, 1, 464, 699, 0, 198, 33730, 397, 3, 41, 7091, 315, 506, 5, 13806, 9818, 19491, 0, 0, 25, 4828, 5010, 8501, 42, 0, 0, 18, 20, 158, 3, 34237, 26237, 29575, 2, 0, 0, 378
1716,8,25, 1051239,benign, 567, 148, 8568, 0, 5829, 2694, 1, 464, 699, 0, 199, 33781, 397, 3, 42, 6690, 278, 442, 5, 13202, 9195, 19499, 0, 0, 25, 4778, 4948, 8477, 42, 0, 0, 18, 20, 159, 3, 34083, 25403, 28643, 2, 0, 0, 317
1717,0,18, 1055933,benign, 708, 148, 8571, 0, 5829, 2695, 2, 464, 699, 0, 199, 33884, 397, 3, 43, 7297, 310, 442, 5, 13397, 9387, 19500, 0, 0, 25, 4791, 4970, 8490, 42, 0, 0, 18, 20, 157, 4, 34174, 25630, 28993, 2, 0, 0, 385
1718,10,19, 1055914,benign, 705, 146, 8567, 0, 5827, 2694, 2, 464, 700, 0, 197, 34008, 397, 3, 42, 7517, 320, 446, 5, 13884, 9720, 19482, 0, 0, 25, 4978, 4662, 8482, 42, 0, 0, 18, 20, 157, 3, 34453, 25788, 29074, 2, 0, 0, 320
1719,5,10, 1055075,benign, 690, 148, 8557, 0, 5827, 2693, 1, 464, 699, 0, 201, 34193, 397, 3, 41, 7006, 308, 441, 5, 13532, 9607, 19490, 0, 0, 25, 4707, 4892, 8480, 42, 0, 0, 18, 20, 157, 4, 33973, 25208, 28461, 1, 0, 0, 393
1720,6,24, 1056227,benign, 713, 147, 8575, 0, 5828, 2696, 1, 464, 699, 0, 195, 33784, 397, 3, 41, 7425, 344, 443, 5, 13681, 9701, 19495, 0, 0, 25, 4727, 4882, 8479, 42, 0, 0, 18, 20, 160, 3, 34722, 25675, 28947, 2, 0, 0, 319
1721,4,16, 1055799,benign, 715, 147, 8572, 0, 5826, 2692, 2, 464, 699, 0, 195, 34315, 397, 3, 41, 7122, 301, 499, 5, 14140, 10054, 19537, 0, 0, 25, 4779, 4947, 8484, 42, 0, 0, 18, 20, 161, 2, 34612, 25728, 29007, 1, 0, 0, 319
1722,1,16, 1054942,benign, 681, 146, 8567, 0, 5827, 2694, 1, 464, 699, 0, 198, 33822, 397, 3, 41, 6924, 288, 639, 5, 13251, 9326, 19521, 0, 0, 25, 4704, 4901, 8480, 42, 0, 0, 18, 20, 160, 3, 34477, 25711, 29252, 2, 0, 0, 319
1723,3,5, 1054087,SDC, 654, 147, 8566, 0, 5824, 2697, 2, 464, 694, 0, 196, 34106, 392, 3, 43, 7224, 310, 509, 5, 13529, 9561, 19497, 0, 0, 25, 4781, 4812, 8477, 40, 0, 0, 18, 20, 157, 4, 34648, 25636, 29050, 2, 0, 0, 377
1724,4,0, 1057066,benign, 749, 149, 8576, 1, 5823, 2689, 1, 464, 699, 0, 194, 33978, 397, 3, 41, 7605, 338, 445, 6, 13552, 9607, 19506, 0, 0, 25, 4734, 4867, 8479, 42, 0, 0, 18, 20, 160, 2, 34864, 25875, 29180, 2, 0, 0, 317
1725,7,12, 1057786,benign, 771, 149, 8574, 0, 5823, 2689, 2, 464, 699, 0, 204, 34112, 397, 3, 42, 7897, 312, 445, 5, 14176, 10004, 19547, 0, 0, 25, 4723, 4887, 8487, 42, 0, 0, 18, 20, 158, 2, 34801, 26244, 29545, 2, 0, 0, 317
1726,3,19, 1056735,SDC, 734, 149, 8566, 0, 5827, 2693, 2, 464, 694, 0, 199, 33657, 392, 3, 45, 7526, 314, 452, 5, 13902, 9923, 19478, 0, 0, 25, 4730, 4869, 8478, 42, 0, 0, 18, 20, 160, 3, 34305, 25570, 28831, 2, 0, 0, 317
1727,3,19, 1051743,SDC, 574, 148, 8553, 0, 5819, 2690, 2, 464, 694, 0, 195, 33761, 392, 3, 42, 6922, 300, 444, 5, 13346, 9341, 19505, 0, 0, 25, 4710, 4893, 8484, 42, 0, 0, 18, 20, 160, 2, 34077, 25492, 29017, 2, 0, 0, 376
1728,10,13, 1053531,benign, 629, 147, 8559, 0, 5829, 2696, 2, 464, 699, 0, 197, 33309, 397, 3, 41, 7193, 310, 712, 5, 13398, 9396, 19495, 0, 0, 25, 4723, 4881, 8477, 42, 0, 0, 18, 20, 158, 3, 34683, 25806, 29078, 2, 0, 0, 319
1729,9,24, 1057335,benign, 757, 149, 8581, 0, 5828, 2690, 1, 464, 699, 0, 196, 34223, 397, 3, 41, 7173, 330, 448, 5, 13819, 9819, 19498, 0, 0, 25, 4733, 4877, 8490, 42, 0, 0, 18, 20, 168, 3, 34403, 25906, 29180, 2, 0, 0, 375
1730,2,30, 1052986,benign, 620, 149, 8562, 0, 5826, 2693, 1, 464, 699, 0, 194, 33798, 397, 3, 41, 6831, 531, 452, 5, 13284, 9311, 19499, 0, 0, 25, 4781, 4830, 8489, 42, 0, 0, 18, 20, 160, 3, 34501, 25719, 29014, 2, 0, 0, 379
1731,3,21, 1054702,benign, 665, 147, 8564, 0, 5825, 2688, 1, 464, 699, 0, 198, 33757, 397, 3, 44, 7186, 316, 444, 5, 13565, 9623, 19501, 0, 0, 25, 4722, 4904, 8492, 41, 0, 0, 18, 20, 158, 3, 34054, 25635, 28911, 2, 0, 0, 380
1732,2,16, 1060375,benign, 516, 148, 8561, 0, 5827, 2693, 1, 464, 699, 0, 197, 33553, 397, 3, 42, 6451, 317, 449, 5, 13539, 9482, 19522, 0, 0, 25, 4690, 4929, 8483, 36, 0, 0, 18, 20, 158, 3, 33731, 25470, 28780, 2, 0, 0, 319
