num,reg,pos,loc,res,0,1,2,3,4,5,6,7,8,9,10,11,12,13,14,15,16,17,18,19,20,21,22,23,24,25,26,27,28,29,30,31,32,33,34,35,36,37,38,39,40,41
0,5,24, 1054725,benign, 609, 22, 8568, 0, 5830, 2697, 1, 464, 699, 0, 197, 33718, 397, 3, 43, 7447, 320, 444, 5, 13439, 9453, 19502, 0, 0, 25, 4771, 4962, 8485, 42, 0, 0, 18, 20, 158, 4, 34531, 25347, 28840, 2, 0, 0, 317
1,6,10, 1055248,benign, 667, 148, 8572, 4, 5827, 2689, 1, 464, 699, 0, 194, 33249, 397, 3, 42, 7369, 289, 442, 5, 13124, 9186, 19494, 0, 0, 25, 4768, 4942, 8479, 41, 0, 0, 18, 20, 159, 4, 33993, 25791, 29084, 2, 0, 0, 317
2,5,31, 1054426,benign, 658, 146, 8573, 0, 5830, 2699, 1, 464, 699, 0, 199, 33155, 397, 3, 41, 7161, 295, 452, 5, 13166, 9253, 19485, 0, 0, 25, 4794, 4853, 8501, 42, 0, 0, 18, 20, 348, 3, 34276, 25655, 28985, 2, 0, 0, 317
3,0,5, 1060216,benign, 486, 147, 8555, 4, 5825, 2691, 2, 464, 699, 0, 191, 32994, 397, 3, 42, 6366, 302, 437, 5, 12735, 8712, 19477, 0, 0, 25, 4578, 5166, 8476, 36, 0, 0, 18, 20, 161, 2, 33613, 25278, 28601, 2, 0, 0, 446
4,2,28, 1055829,benign, 707, 147, 8570, 0, 5824, 2687, 2, 464, 700, 0, 207, 33997, 397, 3, 41, 7130, 289, 444, 5, 13552, 9531, 19501, 0, 0, 25, 4794, 4990, 8491, 42, 0, 0, 18, 20, 160, 3, 34244, 25717, 28983, 2, 0, 0, 319
5,9,13, 1050765,benign, 546, 147, 8563, 0, 5830, 2694, 3, 464, 699, 0, 196, 33228, 397, 3, 41, 6737, 322, 502, 5, 13526, 9489, 19516, 0, 0, 25, 4958, 4649, 8475, 42, 0, 0, 18, 20, 160, 3, 34143, 25325, 28658, 2, 0, 0, 317
6,3,14, 1054374,SDC, 660, 147, 8561, 0, 5821, 2690, 1, 464, 694, 0, 202, 33779, 392, 3, 42, 7231, 309, 445, 5, 13727, 9759, 19492, 0, 0, 25, 4780, 4818, 8486, 42, 0, 0, 18, 20, 158, 4, 34436, 25925, 29202, 2, 0, 0, 317
7,5,16, 1060171,benign, 515, 149, 8554, 0, 5820, 2692, 2, 464, 699, 0, 190, 33258, 397, 3, 39, 6514, 289, 581, 5, 13014, 9046, 19511, 0, 0, 25, 4571, 5166, 8464, 34, 0, 0, 18, 20, 152, 2, 33985, 25240, 28587, 1, 0, 0, 384
8,10,26, 1057369,benign, 750, 149, 8568, 0, 5824, 2687, 2, 464, 699, 0, 200, 34026, 397, 3, 43, 7933, 334, 444, 5, 14052, 9882, 19526, 0, 0, 25, 4909, 4698, 8487, 42, 0, 0, 18, 20, 157, 3, 34439, 25774, 29116, 2, 0, 0, 319
9,9,25, 1055270,benign, 694, 149, 8568, 0, 5830, 2694, 1, 464, 699, 0, 199, 33832, 397, 3, 40, 7058, 331, 506, 5, 13172, 9165, 19525, 0, 0, 25, 4720, 4886, 8484, 42, 0, 0, 18, 20, 160, 4, 34341, 25835, 29178, 2, 0, 0, 317
10,5,4, 1050240,benign, 510, 147, 8550, 4, 5826, 2692, 3, 464, 699, 0, 203, 33242, 397, 3, 42, 6447, 413, 444, 5, 13044, 9041, 19479, 0, 0, 25, 4897, 4970, 8485, 42, 0, 0, 18, 20, 158, 4, 34042, 25115, 28416, 2, 0, 0, 317
11,0,15, 1049976,benign, 503, 146, 8558, 4, 5828, 2689, 2, 464, 699, 0, 202, 33340, 397, 3, 43, 6640, 338, 451, 5, 12897, 8892, 19474, 0, 0, 25, 4451, 5144, 8486, 42, 0, 0, 18, 20, 166, 3, 33848, 25108, 28618, 2, 0, 0, 317
12,1,0, 1060330,benign, 517, 145, 8556, 0, 5829, 2684, 3, 464, 699, 0, 192, 33075, 397, 3, 41, 6586, 332, 511, 5, 12977, 8914, 19525, 0, 0, 25, 4441, 5165, 8478, 42, 0, 0, 18, 20, 153, 2, 33663, 25023, 28497, 1, 0, 0, 317
13,0,11, 1055053,benign, 676, 147, 8575, 0, 5826, 2695, 1, 464, 699, 0, 195, 34119, 397, 3, 41, 7158, 316, 456, 5, 13990, 9976, 19513, 0, 0, 25, 4728, 4877, 8484, 40, 0, 0, 18, 20, 158, 3, 34368, 25525, 28780, 2, 0, 0, 389
14,0,21, 1058594,benign, 790, 149, 8574, 0, 5823, 2687, 2, 464, 699, 0, 200, 34368, 397, 3, 43, 7703, 302, 602, 5, 13884, 9912, 19524, 0, 0, 25, 4782, 4937, 8487, 42, 0, 0, 18, 20, 159, 3, 34878, 26286, 29591, 2, 0, 0, 447
15,10,23, 1059943,benign, 818, 148, 8579, 0, 5831, 2697, 2, 464, 699, 0, 205, 34337, 397, 3, 41, 7523, 315, 445, 5, 13862, 9953, 19543, 0, 0, 25, 4709, 4897, 8493, 42, 0, 0, 18, 20, 159, 3, 34737, 25848, 29321, 2, 0, 0, 317
16,10,9, 1051635,benign, 571, 147, 8564, 0, 5826, 2691, 2, 464, 699, 0, 201, 33449, 397, 3, 43, 7315, 319, 450, 5, 13474, 9496, 19485, 0, 0, 25, 4724, 4880, 8486, 42, 0, 0, 18, 20, 304, 4, 34561, 25167, 28406, 2, 0, 0, 377
17,7,28, 1059344,benign, 790, 148, 8578, 4, 5824, 2690, 2, 464, 700, 0, 200, 33955, 397, 3, 42, 7544, 328, 443, 5, 13760, 9788, 19473, 0, 0, 25, 4940, 5122, 8479, 42, 0, 0, 18, 20, 160, 3, 34463, 25485, 28678, 2, 0, 0, 376
18,9,11, 1057653,benign, 761, 148, 8574, 0, 5826, 2685, 1, 464, 699, 0, 195, 34265, 397, 3, 40, 7313, 282, 436, 5, 14327, 10340, 19543, 0, 0, 25, 4741, 4892, 8490, 42, 0, 0, 18, 20, 158, 3, 34522, 25669, 28942, 2, 0, 0, 384
19,1,6, 1053411,benign, 630, 146, 8562, 0, 5827, 2694, 1, 464, 699, 0, 197, 33509, 397, 3, 42, 7107, 318, 513, 5, 13598, 9633, 19493, 0, 0, 25, 4906, 4690, 8481, 42, 0, 0, 18, 20, 268, 3, 34284, 25140, 28462, 2, 0, 0, 412
20,9,4, 1050853,benign, 554, 149, 8552, 0, 5827, 2690, 2, 464, 699, 0, 197, 33738, 397, 3, 44, 6872, 326, 443, 5, 13453, 9426, 19522, 0, 0, 25, 4714, 4885, 8484, 42, 0, 0, 18, 20, 160, 3, 33852, 25518, 28788, 2, 0, 0, 375
21,1,11, 1057824,benign, 748, 148, 8579, 4, 5829, 2690, 1, 464, 699, 0, 198, 34145, 397, 3, 42, 7743, 322, 503, 5, 13485, 9447, 19478, 0, 0, 25, 4784, 4946, 8490, 41, 0, 0, 18, 20, 233, 3, 34454, 25622, 29132, 2, 0, 0, 319
22,4,15, 1053502,benign, 636, 149, 8559, 0, 5823, 2691, 1, 464, 699, 0, 200, 33974, 397, 3, 40, 6900, 319, 437, 5, 13685, 9663, 19504, 0, 0, 25, 4773, 4825, 8483, 42, 0, 0, 18, 20, 153, 2, 34042, 25398, 28656, 1, 0, 0, 324
23,6,17, 1051872,benign, 561, 147, 8557, 4, 5828, 2693, 1, 464, 699, 0, 199, 33617, 397, 3, 42, 7005, 327, 512, 5, 13229, 9287, 19466, 0, 0, 25, 4717, 4873, 8489, 42, 0, 0, 18, 20, 158, 3, 33744, 25049, 28322, 2, 0, 0, 317
24,5,2, 1057352,benign, 735, 148, 8576, 4, 5832, 2688, 1, 464, 699, 0, 200, 33841, 397, 3, 41, 7328, 451, 445, 5, 13437, 9465, 19489, 0, 0, 25, 4778, 4943, 8482, 42, 0, 0, 18, 20, 159, 3, 34404, 25882, 29324, 2, 0, 0, 319
25,4,7, 1058978,benign, 804, 149, 8577, 1, 5825, 2692, 1, 464, 699, 0, 197, 33811, 397, 3, 41, 7468, 284, 443, 5, 13809, 9780, 19495, 0, 0, 25, 4734, 4873, 8482, 42, 0, 0, 18, 20, 160, 3, 34439, 25783, 29165, 2, 0, 0, 386
26,7,13, 1050860,benign, 528, 150, 8547, 4, 5821, 2688, 2, 464, 699, 0, 201, 33522, 397, 3, 42, 6685, 301, 444, 5, 12857, 8827, 19470, 0, 0, 25, 4703, 4894, 8483, 42, 0, 0, 18, 20, 384, 4, 33967, 25152, 28633, 2, 0, 0, 316
27,7,25, 1055978,benign, 708, 148, 8577, 0, 5830, 2694, 1, 464, 699, 0, 196, 33747, 397, 3, 43, 7031, 342, 442, 5, 13908, 9905, 19518, 0, 0, 25, 4784, 4952, 8487, 42, 0, 0, 18, 20, 159, 3, 34663, 25668, 29060, 2, 0, 0, 317
28,3,12, 1058088,benign, 755, 147, 8572, 4, 5822, 2689, 3, 464, 699, 0, 195, 34175, 397, 3, 43, 7426, 515, 451, 5, 13466, 9458, 19475, 0, 0, 25, 5041, 4689, 8482, 41, 0, 0, 18, 20, 160, 3, 34099, 25920, 29210, 2, 0, 0, 317
29,0,8, 1051923,benign, 584, 150, 8558, 0, 5828, 2695, 1, 464, 699, 0, 199, 33600, 397, 3, 42, 7078, 318, 504, 5, 13200, 9270, 19504, 0, 0, 25, 4717, 4879, 8482, 41, 0, 0, 18, 20, 159, 3, 33824, 25196, 28483, 2, 0, 0, 386
30,6,29, 1053189,benign, 625, 146, 8569, 0, 5829, 2694, 1, 464, 699, 0, 197, 33521, 397, 3, 41, 7281, 312, 444, 5, 13445, 9434, 19506, 0, 0, 25, 4777, 4828, 8479, 42, 0, 0, 18, 20, 158, 4, 34341, 25692, 28965, 2, 0, 0, 319
31,8,9, 1050305,benign, 539, 147, 8559, 0, 5831, 2696, 1, 464, 699, 0, 194, 33225, 397, 3, 41, 6667, 358, 503, 5, 13299, 9395, 19488, 0, 0, 25, 4703, 4895, 8483, 42, 0, 0, 18, 20, 160, 3, 34195, 25550, 28833, 2, 0, 0, 320
32,7,23, 1058522,benign, 788, 147, 8562, 0, 5824, 2689, 1, 464, 699, 0, 195, 33978, 397, 3, 41, 7933, 313, 504, 5, 14055, 9989, 19492, 0, 0, 25, 4708, 4887, 8489, 42, 0, 0, 18, 20, 158, 3, 34658, 26242, 29556, 2, 0, 0, 319
33,0,2, 1052513,benign, 599, 148, 8560, 0, 5827, 2695, 1, 464, 699, 0, 204, 33952, 397, 3, 41, 6950, 332, 455, 5, 14015, 10012, 19551, 0, 0, 25, 4731, 4878, 8484, 42, 0, 0, 18, 20, 159, 4, 34195, 25348, 28613, 2, 0, 0, 596
34,7,21, 1060260,benign, 502, 148, 8558, 4, 5828, 2684, 5, 464, 699, 0, 190, 32924, 397, 3, 40, 6506, 319, 513, 5, 13010, 8911, 19461, 0, 0, 25, 4441, 5159, 8470, 34, 0, 0, 18, 20, 157, 3, 33595, 24812, 28330, 1, 0, 0, 319
35,10,17, 1054960,benign, 658, 148, 8567, 4, 5829, 2695, 1, 464, 699, 0, 198, 33489, 397, 3, 43, 6893, 558, 442, 5, 13503, 9457, 19485, 0, 0, 25, 4709, 4895, 8489, 42, 0, 0, 19, 23, 160, 4, 34260, 25665, 29071, 2, 0, 0, 377
36,1,3, 1057988,benign, 752, 148, 8574, 4, 5827, 2694, 2, 464, 699, 0, 198, 34069, 397, 3, 42, 7864, 524, 455, 5, 13823, 9840, 19485, 0, 0, 25, 4720, 4885, 8483, 42, 0, 0, 18, 20, 160, 3, 34268, 26005, 29268, 2, 0, 0, 384
37,10,27, 1057362,benign, 755, 151, 8569, 0, 5820, 2685, 2, 464, 699, 0, 200, 34212, 397, 3, 41, 7422, 301, 512, 5, 13795, 9604, 19495, 0, 0, 25, 4795, 4816, 8478, 42, 0, 0, 18, 20, 160, 3, 34450, 25487, 28816, 2, 0, 0, 376
38,4,30, 1058614,benign, 793, 149, 8580, 0, 5827, 2684, 2, 464, 699, 0, 198, 33821, 397, 3, 40, 7598, 328, 440, 5, 13753, 9773, 19500, 0, 0, 25, 4721, 4886, 8491, 42, 0, 0, 18, 20, 153, 2, 34419, 25897, 29185, 1, 0, 0, 319
39,3,14, 1059327,benign, 814, 148, 8587, 0, 5828, 2694, 1, 464, 699, 0, 194, 33623, 397, 3, 42, 7352, 306, 455, 5, 14033, 9989, 19507, 0, 0, 25, 4960, 4780, 8485, 42, 0, 0, 18, 20, 160, 3, 34534, 25675, 28957, 2, 0, 0, 317
40,3,13, 1056282,benign, 715, 147, 8573, 0, 5826, 2692, 2, 464, 699, 0, 195, 33624, 397, 3, 43, 7114, 522, 444, 5, 13718, 9728, 19489, 0, 0, 25, 4719, 4877, 8483, 42, 0, 0, 18, 20, 160, 3, 34513, 25827, 29305, 2, 0, 0, 319
41,10,12, 1054663,benign, 671, 149, 8564, 0, 5822, 2687, 1, 464, 699, 0, 197, 33410, 397, 3, 41, 6872, 309, 519, 5, 13587, 9616, 19505, 0, 0, 25, 4708, 4894, 8478, 42, 0, 0, 18, 20, 158, 3, 34432, 25616, 28887, 2, 0, 0, 317
42,0,20, 1055755,benign, 705, 149, 8564, 0, 5827, 2695, 3, 464, 699, 0, 194, 33939, 397, 3, 44, 7622, 325, 546, 5, 13595, 9601, 19504, 0, 0, 25, 4780, 4824, 8487, 42, 0, 0, 18, 20, 158, 3, 34208, 25610, 28892, 2, 0, 0, 317
43,6,15, 1058926,benign, 816, 149, 8576, 0, 5826, 2689, 3, 464, 699, 0, 195, 33979, 397, 3, 41, 7784, 313, 509, 5, 13738, 9822, 19512, 0, 0, 25, 4726, 4885, 8483, 42, 0, 0, 18, 20, 160, 3, 34660, 26030, 29499, 2, 0, 0, 384
44,1,12, 1055762,SDC, 707, 146, 8568, 0, 5823, 2696, 1, 464, 694, 0, 204, 33820, 392, 3, 43, 7230, 329, 444, 5, 13514, 9508, 19494, 0, 0, 25, 4730, 4883, 8480, 42, 0, 0, 18, 20, 157, 3, 34855, 25506, 28774, 2, 0, 0, 317
45,1,12, 1056979,benign, 745, 147, 8578, 0, 5828, 2690, 1, 464, 699, 0, 204, 34254, 397, 3, 42, 7439, 282, 447, 5, 13836, 9830, 19505, 0, 0, 25, 4978, 4622, 8478, 42, 0, 0, 18, 20, 161, 3, 34581, 25986, 29251, 2, 0, 0, 316
46,5,16, 1052232,benign, 574, 148, 8561, 4, 5827, 2693, 2, 464, 699, 0, 202, 33368, 397, 3, 41, 7138, 554, 449, 5, 13302, 9338, 19468, 0, 0, 25, 4773, 4835, 8487, 42, 0, 0, 18, 20, 158, 4, 34198, 25696, 29157, 2, 0, 0, 319
47,8,28, 1053378,benign, 630, 148, 8567, 0, 5827, 2690, 2, 464, 699, 0, 199, 33765, 397, 3, 41, 7409, 298, 444, 5, 13141, 9109, 19502, 0, 0, 25, 5023, 4693, 8486, 42, 0, 0, 18, 20, 166, 3, 34454, 25610, 28895, 2, 0, 0, 319
48,2,10, 1051544,SDC, 553, 148, 8556, 4, 5819, 2694, 1, 464, 694, 0, 209, 33345, 392, 3, 41, 6898, 459, 445, 5, 13473, 9386, 19471, 0, 0, 25, 4829, 4891, 8476, 42, 0, 0, 18, 20, 158, 4, 34066, 24882, 28202, 2, 0, 0, 379
49,5,27, 1053957,benign, 650, 149, 8565, 0, 5826, 2690, 1, 464, 699, 0, 195, 33627, 397, 3, 41, 7025, 314, 446, 5, 13528, 9519, 19499, 0, 0, 25, 4771, 4947, 8483, 42, 0, 0, 18, 20, 167, 3, 34168, 25334, 28635, 2, 0, 0, 442
50,9,5, 1050374,benign, 536, 149, 8547, 0, 5819, 2684, 1, 464, 699, 0, 202, 33240, 397, 3, 41, 6678, 336, 445, 5, 13132, 9170, 19510, 0, 0, 25, 4702, 4897, 8484, 42, 0, 0, 18, 20, 158, 3, 34106, 25431, 28703, 2, 0, 0, 532
51,7,27, 1052499,benign, 605, 149, 8564, 0, 5830, 2690, 2, 464, 699, 0, 196, 33409, 397, 3, 43, 6729, 274, 448, 5, 13443, 9420, 19492, 0, 0, 25, 4786, 4814, 8481, 40, 0, 0, 18, 20, 158, 2, 34253, 25650, 28956, 2, 0, 0, 319
52,1,25, 1053811,benign, 638, 147, 8571, 0, 5826, 2694, 1, 464, 699, 0, 196, 33617, 397, 3, 41, 6958, 328, 506, 5, 13563, 9623, 19509, 0, 0, 25, 4805, 4963, 8487, 42, 0, 0, 18, 20, 160, 3, 34243, 25083, 28345, 2, 0, 0, 317
53,3,0, 1051817,SDC, 588, 148, 8547, 0, 5820, 2687, 1, 464, 694, 0, 194, 33241, 392, 3, 41, 6698, 301, 445, 5, 13290, 9276, 19490, 0, 0, 25, 4901, 4692, 8480, 42, 0, 0, 18, 20, 159, 3, 34388, 25313, 28669, 2, 0, 0, 378
54,8,3, 1050182,benign, 529, 146, 8559, 0, 5828, 2689, 1, 464, 699, 0, 196, 33446, 397, 3, 41, 6885, 283, 453, 5, 13196, 9192, 19496, 0, 0, 25, 4758, 4989, 8484, 42, 0, 0, 18, 20, 159, 4, 33968, 25139, 28411, 2, 0, 0, 317
55,5,17, 1054780,benign, 650, 149, 8564, 4, 5825, 2695, 1, 464, 699, 0, 196, 33608, 397, 3, 43, 7146, 283, 458, 5, 13457, 9440, 19474, 0, 0, 25, 4721, 4875, 8482, 42, 0, 0, 18, 20, 160, 3, 34075, 25340, 28618, 2, 0, 0, 316
56,7,18, 1060324,benign, 492, 147, 8543, 3, 5821, 2692, 5, 464, 699, 0, 188, 33048, 397, 3, 40, 6423, 298, 440, 5, 12953, 8881, 19484, 0, 0, 25, 4503, 5224, 8477, 42, 0, 0, 18, 20, 153, 2, 33782, 24936, 28214, 2, 0, 0, 319
57,0,0, 1058455,benign, 791, 147, 8587, 0, 5831, 2692, 1, 464, 699, 0, 196, 34051, 397, 3, 41, 7325, 442, 504, 5, 14007, 10026, 19556, 0, 0, 25, 4786, 4943, 8485, 41, 0, 0, 18, 20, 157, 3, 34455, 26075, 29340, 2, 0, 0, 319
58,1,19, 1054236,benign, 635, 148, 8568, 4, 5826, 2691, 2, 464, 699, 0, 199, 33499, 397, 3, 41, 7141, 340, 447, 5, 13439, 9379, 19466, 0, 0, 25, 4718, 4881, 8476, 41, 0, 0, 18, 20, 159, 3, 34005, 25432, 28773, 2, 0, 0, 319
59,10,12, 1057865,benign, 770, 146, 8588, 0, 5829, 2687, 2, 464, 699, 0, 197, 33969, 397, 3, 41, 7502, 283, 448, 5, 13834, 9916, 19494, 0, 0, 25, 4781, 4955, 8472, 42, 0, 0, 18, 20, 158, 3, 34761, 25937, 29236, 2, 0, 0, 319
60,6,29, 1053700,benign, 617, 147, 8572, 4, 5826, 2690, 2, 464, 699, 0, 203, 33350, 397, 3, 41, 6991, 535, 445, 5, 13300, 9320, 19472, 0, 0, 25, 4778, 4829, 8486, 42, 0, 0, 18, 20, 159, 3, 34200, 25357, 28633, 2, 0, 0, 447
61,3,10, 1055838,SDC, 706, 148, 8562, 0, 5823, 2696, 1, 464, 694, 0, 195, 33234, 392, 3, 42, 7276, 333, 447, 5, 13619, 9720, 19479, 0, 0, 25, 4763, 4956, 8481, 42, 0, 0, 18, 20, 158, 3, 34269, 25675, 28959, 2, 0, 0, 384
62,8,4, 1059277,benign, 815, 149, 8575, 0, 5830, 2693, 2, 464, 699, 0, 197, 34293, 397, 3, 41, 8080, 330, 445, 5, 13822, 9852, 19507, 0, 0, 25, 4786, 4850, 8484, 42, 0, 0, 18, 20, 158, 3, 34920, 25720, 28995, 2, 0, 0, 386
63,2,9, 1060215,benign, 511, 149, 8564, 0, 5830, 2694, 4, 464, 699, 0, 189, 33452, 397, 3, 40, 7047, 325, 441, 5, 13238, 9158, 19530, 0, 0, 25, 4453, 5160, 8474, 34, 0, 0, 18, 20, 166, 4, 33832, 25287, 28619, 2, 0, 0, 319
64,0,21, 1052269,benign, 597, 149, 8566, 0, 5824, 2689, 5, 464, 699, 0, 198, 33601, 397, 3, 42, 6803, 290, 442, 5, 13163, 9173, 19517, 0, 0, 25, 4717, 4891, 8488, 42, 0, 0, 18, 20, 160, 3, 33943, 25643, 29136, 2, 0, 0, 319
65,10,22, 1052994,benign, 624, 147, 8572, 0, 5824, 2691, 2, 464, 699, 0, 195, 33499, 397, 3, 41, 6729, 289, 502, 5, 13450, 9441, 19493, 0, 0, 25, 5028, 4693, 8491, 42, 0, 0, 18, 20, 160, 3, 34066, 25355, 28653, 2, 0, 0, 378
66,1,15, 1050444,SDC, 515, 146, 8553, 5, 5820, 2687, 1, 464, 694, 0, 196, 32987, 392, 3, 42, 6725, 325, 446, 5, 13299, 9319, 19470, 0, 0, 25, 4757, 4962, 8487, 42, 0, 0, 18, 20, 158, 3, 33815, 24958, 28259, 2, 0, 0, 318
67,3,3, 1053338,SDC, 630, 147, 8552, 0, 5823, 2695, 2, 464, 694, 0, 199, 33818, 392, 3, 41, 6816, 317, 453, 5, 13173, 9256, 19498, 0, 0, 25, 4708, 4878, 8482, 42, 0, 0, 18, 20, 158, 3, 33911, 25604, 29099, 2, 0, 0, 321
68,9,27, 1050621,benign, 543, 149, 8549, 0, 5824, 2691, 3, 464, 699, 0, 195, 33131, 397, 3, 44, 7011, 322, 442, 5, 13497, 9431, 19499, 0, 0, 25, 4714, 4884, 8483, 42, 0, 0, 18, 20, 347, 3, 33907, 25097, 28377, 2, 0, 0, 439
69,10,29, 1059738,benign, 513, 146, 8560, 0, 5824, 2689, 1, 464, 699, 0, 189, 33077, 397, 3, 40, 6877, 322, 444, 5, 13045, 9024, 19516, 0, 0, 25, 4523, 5242, 8482, 42, 0, 0, 18, 20, 167, 3, 33947, 25378, 28718, 2, 0, 0, 317
70,0,31, 1059262,benign, 815, 148, 8574, 0, 5828, 2691, 2, 464, 699, 0, 202, 33846, 397, 3, 42, 7304, 339, 569, 5, 14134, 10194, 19566, 0, 0, 25, 4713, 4892, 8482, 41, 0, 0, 18, 20, 157, 4, 34881, 25671, 28949, 2, 0, 0, 320
71,8,16, 1056774,benign, 730, 149, 8569, 0, 5824, 2690, 2, 464, 699, 0, 198, 34506, 397, 3, 42, 7306, 330, 503, 5, 13670, 9694, 19510, 0, 0, 25, 4716, 4885, 8473, 42, 0, 0, 18, 20, 166, 3, 34528, 25767, 29042, 2, 0, 0, 319
72,5,7, 1054329,benign, 662, 149, 8561, 0, 5824, 2688, 1, 464, 699, 0, 193, 33382, 397, 3, 43, 7238, 300, 444, 5, 13863, 9866, 19496, 0, 0, 25, 4712, 4893, 8481, 42, 0, 0, 18, 20, 158, 4, 34411, 25380, 28643, 2, 0, 0, 317
73,8,6, 1054818,benign, 674, 146, 8569, 0, 5825, 2692, 2, 464, 699, 0, 203, 33952, 397, 3, 43, 7095, 290, 442, 5, 13276, 9282, 19500, 0, 0, 25, 4716, 4881, 8481, 42, 0, 0, 18, 20, 157, 2, 34740, 25759, 29053, 2, 0, 0, 317
74,9,16, 1057342,benign, 748, 150, 8585, 0, 5824, 2687, 1, 464, 699, 0, 200, 34190, 397, 3, 41, 7418, 356, 504, 5, 13817, 9850, 19507, 0, 0, 25, 4735, 4874, 8489, 42, 0, 0, 18, 20, 158, 4, 34917, 25827, 29158, 2, 0, 0, 319
75,6,11, 1050357,benign, 544, 148, 8555, 0, 5830, 2688, 1, 464, 699, 0, 202, 33420, 397, 3, 41, 7041, 316, 445, 5, 13516, 9571, 19501, 0, 0, 25, 4945, 4662, 8487, 42, 0, 0, 18, 20, 159, 3, 33971, 25389, 28695, 2, 0, 0, 317
76,1,5, 1053590,benign, 640, 148, 8562, 0, 5826, 2693, 2, 464, 699, 0, 199, 33704, 397, 3, 41, 7233, 350, 443, 5, 13319, 9218, 19494, 0, 0, 25, 4715, 4889, 8485, 42, 0, 0, 18, 20, 168, 3, 34462, 25326, 28734, 2, 0, 0, 442
77,0,21, 1058864,benign, 778, 148, 8576, 4, 5824, 2690, 2, 464, 700, 0, 196, 34179, 397, 3, 42, 7975, 296, 449, 5, 13872, 9896, 19478, 0, 0, 25, 4747, 4895, 8483, 42, 0, 0, 18, 20, 157, 3, 34361, 26022, 29444, 2, 0, 0, 317
78,10,6, 1057502,benign, 759, 149, 8574, 0, 5826, 2689, 3, 464, 699, 0, 197, 34044, 397, 3, 42, 7361, 570, 456, 5, 13988, 9783, 19502, 0, 0, 25, 4715, 4884, 8486, 42, 0, 0, 18, 20, 158, 3, 34418, 25842, 29130, 2, 0, 0, 319
79,8,4, 1052034,benign, 588, 146, 8558, 0, 5824, 2688, 2, 464, 699, 0, 201, 33399, 397, 3, 41, 6652, 291, 519, 5, 13496, 9558, 19503, 0, 0, 25, 4854, 4879, 8480, 42, 0, 0, 18, 20, 158, 3, 34081, 25777, 29069, 2, 0, 0, 319
80,5,14, 1055845,benign, 710, 146, 8578, 0, 5832, 2686, 2, 464, 699, 0, 198, 33853, 397, 3, 42, 7445, 334, 443, 5, 13941, 9945, 19499, 0, 0, 25, 4716, 4880, 8486, 42, 0, 0, 18, 20, 160, 3, 33975, 26092, 29369, 2, 0, 0, 323
81,4,0, 1052481,benign, 599, 148, 8568, 1, 5829, 2694, 2, 464, 699, 0, 201, 34056, 397, 3, 40, 7189, 339, 515, 5, 14016, 10020, 19546, 0, 0, 25, 4732, 4870, 8487, 42, 0, 0, 18, 20, 173, 3, 34623, 25691, 28984, 2, 0, 0, 446
82,9,13, 1056966,benign, 742, 148, 8574, 0, 5826, 2692, 1, 464, 699, 0, 198, 34225, 397, 3, 43, 7618, 312, 545, 5, 14130, 10122, 19543, 0, 0, 25, 4796, 4932, 8484, 42, 0, 0, 18, 20, 160, 3, 34514, 25615, 28911, 2, 0, 0, 378
83,4,5, 1052206,benign, 583, 148, 8550, 1, 5824, 2689, 2, 464, 699, 0, 195, 33580, 397, 3, 43, 6758, 486, 442, 5, 13595, 9579, 19492, 0, 0, 25, 4748, 4861, 8480, 42, 0, 0, 18, 20, 158, 3, 34211, 25416, 28874, 2, 0, 0, 379
84,3,8, 1053427,SDC, 635, 149, 8560, 0, 5827, 2691, 5, 464, 694, 0, 195, 34108, 392, 3, 41, 6784, 514, 451, 5, 14004, 9984, 19470, 0, 0, 25, 4839, 4873, 8475, 42, 0, 0, 18, 20, 159, 3, 34110, 25369, 28646, 2, 0, 0, 320
85,0,19, 1058402,benign, 793, 147, 8577, 0, 5827, 2690, 2, 464, 700, 0, 196, 33902, 397, 3, 43, 7460, 285, 616, 5, 13750, 9708, 19501, 0, 0, 25, 4723, 4917, 8487, 42, 0, 0, 18, 20, 159, 4, 34816, 26080, 29348, 2, 0, 0, 321
86,8,6, 1056347,benign, 715, 149, 8571, 0, 5825, 2689, 1, 464, 699, 0, 194, 33939, 397, 3, 42, 7391, 290, 640, 5, 13438, 9477, 19497, 0, 0, 25, 4794, 4821, 8489, 42, 0, 0, 18, 20, 158, 2, 34278, 25918, 29183, 2, 0, 0, 323
87,10,6, 1056002,benign, 713, 149, 8572, 0, 5824, 2688, 1, 464, 699, 0, 194, 33767, 397, 3, 41, 7409, 282, 656, 5, 14008, 10054, 19556, 0, 0, 25, 4909, 4697, 8487, 42, 0, 0, 18, 20, 166, 3, 34589, 25635, 29055, 2, 0, 0, 604
88,9,3, 1054900,benign, 653, 146, 8566, 4, 5827, 2694, 1, 464, 699, 0, 201, 33644, 397, 3, 41, 7254, 304, 509, 5, 13361, 9329, 19489, 0, 0, 25, 4717, 4884, 8480, 42, 0, 0, 18, 20, 157, 4, 33857, 25455, 28738, 2, 0, 0, 378
89,4,1, 1057450,benign, 764, 148, 8580, 1, 5828, 2694, 2, 464, 699, 0, 197, 34100, 397, 3, 40, 7974, 308, 444, 5, 13618, 9689, 19509, 0, 0, 25, 4790, 4926, 8484, 42, 0, 0, 18, 20, 159, 3, 34571, 25619, 28925, 2, 0, 0, 317
90,2,17, 1058689,benign, 799, 149, 8569, 0, 5830, 2693, 2, 464, 699, 0, 198, 33918, 397, 3, 42, 7853, 285, 511, 5, 14250, 10210, 19546, 0, 0, 25, 4729, 4875, 8481, 42, 0, 0, 18, 20, 159, 3, 34564, 25726, 29006, 2, 0, 0, 317
91,3,13, 1056454,benign, 724, 147, 8580, 0, 5828, 2695, 2, 464, 699, 0, 197, 34289, 397, 3, 41, 7078, 306, 515, 5, 13779, 9767, 19499, 0, 0, 25, 5032, 4700, 8484, 41, 0, 0, 18, 20, 158, 4, 34668, 26089, 29352, 2, 0, 0, 321
92,1,31, 1056981,benign, 745, 147, 8573, 0, 5824, 2687, 1, 464, 699, 0, 200, 34233, 397, 3, 41, 7975, 319, 456, 5, 13503, 9498, 19499, 0, 0, 25, 4810, 4952, 8481, 42, 0, 0, 18, 20, 160, 3, 34650, 26091, 29361, 2, 0, 0, 317
93,0,18, 1053110,benign, 622, 150, 8562, 0, 5823, 2690, 1, 464, 699, 0, 202, 33720, 397, 3, 43, 6780, 289, 511, 5, 13648, 9598, 19479, 0, 0, 25, 4784, 4938, 8481, 42, 0, 0, 18, 20, 158, 4, 34112, 25414, 28707, 2, 0, 0, 317
94,2,1, 1054125,SDC, 654, 149, 8560, 0, 5822, 2692, 1, 464, 694, 0, 194, 33835, 392, 3, 44, 6959, 340, 443, 5, 13381, 9401, 19487, 0, 0, 25, 5095, 4764, 8487, 42, 0, 0, 18, 20, 159, 3, 34315, 25931, 29201, 2, 0, 0, 319
95,6,2, 1053920,benign, 622, 147, 8565, 4, 5823, 2691, 1, 464, 699, 0, 201, 33074, 397, 3, 41, 6758, 299, 442, 5, 13351, 9331, 19473, 0, 0, 25, 4709, 4897, 8490, 42, 0, 0, 18, 20, 158, 3, 33792, 25085, 28376, 2, 0, 0, 319
96,10,2, 1051220,benign, 540, 148, 8557, 4, 5829, 2690, 1, 464, 699, 0, 200, 33224, 397, 3, 44, 7150, 318, 444, 5, 13170, 9181, 19454, 0, 0, 25, 4766, 4839, 8491, 42, 0, 0, 18, 20, 158, 3, 34012, 25134, 28428, 2, 0, 0, 319
97,3,22, 1052685,benign, 609, 148, 8580, 0, 5829, 2692, 2, 464, 699, 0, 197, 33547, 397, 3, 42, 6836, 294, 449, 5, 13267, 9337, 19501, 0, 0, 25, 4733, 4876, 8485, 42, 0, 0, 19, 23, 160, 4, 33923, 25813, 29309, 2, 0, 0, 319
98,6,25, 1051984,benign, 565, 148, 8559, 4, 5827, 2691, 1, 464, 699, 0, 198, 33418, 397, 3, 43, 7294, 316, 446, 5, 13539, 9531, 19481, 0, 0, 25, 4793, 4846, 8489, 42, 0, 0, 18, 20, 159, 3, 33832, 24935, 28491, 2, 0, 0, 320
99,5,18, 1050769,benign, 555, 148, 8554, 0, 5821, 2685, 1, 464, 699, 0, 199, 33307, 397, 3, 43, 6621, 275, 499, 5, 13165, 9219, 19513, 0, 0, 25, 4772, 4953, 8482, 42, 0, 0, 18, 20, 168, 3, 34250, 25671, 28978, 2, 0, 0, 379
100,3,18, 1057007,benign, 740, 147, 8581, 0, 5826, 2692, 2, 464, 699, 0, 199, 34041, 397, 3, 43, 7305, 338, 501, 5, 13867, 9844, 19485, 0, 0, 25, 5003, 4648, 8488, 42, 0, 0, 18, 20, 157, 3, 34523, 25930, 29204, 2, 0, 0, 375
101,8,11, 1052347,benign, 603, 147, 8559, 0, 5827, 2695, 1, 464, 699, 0, 200, 33590, 397, 3, 41, 7033, 428, 447, 5, 13136, 9158, 19503, 0, 0, 25, 4750, 4900, 8481, 42, 0, 0, 18, 20, 331, 3, 34158, 25778, 29105, 2, 0, 0, 319
102,6,9, 1053086,benign, 621, 147, 8565, 0, 5826, 2690, 1, 464, 699, 0, 196, 33977, 397, 3, 42, 6945, 336, 503, 5, 13792, 9820, 19520, 0, 0, 25, 4731, 4885, 8485, 42, 0, 0, 18, 20, 158, 2, 33894, 25465, 28734, 2, 0, 0, 376
103,3,12, 1051099,SDC, 557, 148, 8558, 0, 5821, 2695, 1, 464, 695, 0, 201, 33230, 392, 3, 42, 6614, 306, 443, 5, 13394, 9372, 19498, 0, 0, 25, 4712, 4889, 8479, 42, 0, 0, 18, 20, 159, 3, 34070, 25447, 28724, 2, 0, 0, 326
104,1,7, 1054069,benign, 648, 147, 8560, 0, 5827, 2694, 2, 464, 699, 0, 195, 33490, 397, 3, 41, 7001, 283, 514, 5, 13638, 9653, 19511, 0, 0, 25, 4857, 4911, 8484, 42, 0, 0, 18, 20, 160, 4, 34206, 25522, 28796, 2, 0, 0, 384
105,5,16, 1057592,benign, 738, 146, 8583, 4, 5830, 2694, 1, 464, 699, 0, 198, 33653, 397, 3, 41, 7373, 300, 442, 5, 13595, 9640, 19488, 0, 0, 25, 4709, 4893, 8486, 42, 0, 0, 18, 20, 158, 3, 34255, 25899, 29358, 2, 0, 0, 317
106,5,13, 1051235,benign, 561, 151, 8560, 0, 5825, 2683, 1, 464, 699, 0, 195, 33459, 397, 3, 42, 6573, 288, 443, 5, 13146, 9174, 19508, 0, 0, 25, 4718, 4890, 8487, 42, 0, 0, 18, 20, 160, 3, 34044, 26025, 29306, 2, 0, 0, 319
107,0,24, 1060285,benign, 532, 146, 8547, 0, 5826, 2690, 2, 464, 699, 0, 201, 33450, 397, 3, 41, 6357, 256, 443, 5, 13191, 9168, 19513, 0, 0, 25, 4509, 5226, 8479, 34, 0, 0, 18, 20, 158, 3, 33997, 25391, 28677, 2, 0, 0, 322
108,9,2, 1059512,benign, 792, 148, 8576, 4, 5824, 2687, 2, 464, 699, 0, 197, 33727, 397, 3, 41, 7595, 323, 441, 5, 14063, 9819, 19474, 0, 0, 25, 4777, 4823, 8480, 42, 0, 0, 18, 20, 158, 4, 34161, 25738, 29076, 2, 0, 0, 319
109,2,11, 1058686,SDC, 789, 146, 8572, 0, 5822, 2698, 2, 464, 694, 0, 197, 34082, 392, 3, 42, 7354, 296, 511, 5, 13715, 9767, 19490, 0, 0, 25, 4833, 4887, 8470, 40, 0, 0, 18, 20, 158, 3, 34427, 25967, 29272, 2, 0, 0, 319
110,4,6, 1050869,benign, 555, 149, 8550, 1, 5827, 2695, 1, 464, 699, 0, 197, 33321, 397, 3, 41, 6887, 327, 442, 5, 13338, 9344, 19502, 0, 0, 25, 4704, 4891, 8497, 42, 0, 0, 18, 20, 158, 3, 34236, 25633, 28938, 2, 0, 0, 378
111,0,4, 1050239,benign, 533, 147, 8564, 0, 5826, 2688, 4, 464, 699, 0, 196, 33455, 397, 3, 41, 7133, 329, 453, 5, 13649, 9650, 19492, 0, 0, 25, 4818, 5000, 8488, 42, 0, 0, 18, 20, 166, 3, 33735, 25403, 28685, 2, 0, 0, 384
112,10,13, 1054709,benign, 674, 147, 8562, 0, 5825, 2688, 1, 464, 699, 0, 195, 33697, 397, 3, 41, 6947, 337, 503, 5, 13522, 9536, 19501, 0, 0, 25, 4768, 4835, 8488, 42, 0, 0, 18, 20, 316, 4, 34283, 25574, 28869, 2, 0, 0, 319
113,7,16, 1059729,benign, 432, 147, 8553, 0, 5820, 2695, 2, 464, 699, 0, 193, 32841, 397, 3, 41, 6663, 280, 446, 5, 12928, 8878, 19471, 0, 0, 25, 4562, 5171, 8492, 41, 0, 0, 18, 20, 166, 3, 33547, 25057, 28428, 1, 0, 0, 406
114,4,1, 1060193,benign, 518, 146, 8550, 1, 5817, 2687, 2, 464, 699, 0, 189, 33354, 397, 3, 39, 6488, 306, 444, 5, 13007, 9020, 19501, 0, 0, 25, 4506, 5095, 8483, 34, 0, 0, 18, 20, 153, 2, 33913, 25095, 28348, 2, 0, 0, 378
115,1,0, 1053848,benign, 620, 149, 8553, 4, 5822, 2686, 2, 464, 699, 0, 197, 33582, 397, 3, 44, 7000, 437, 444, 5, 13145, 9125, 19470, 0, 0, 25, 4783, 4822, 8490, 42, 0, 0, 18, 20, 233, 3, 33813, 25318, 28645, 2, 0, 0, 321
116,5,6, 1052675,benign, 618, 148, 8570, 0, 5828, 2695, 1, 464, 700, 0, 203, 34019, 397, 3, 42, 7287, 510, 444, 5, 13238, 9209, 19515, 0, 0, 25, 4734, 4863, 8484, 42, 0, 0, 18, 20, 158, 3, 33946, 25325, 28682, 2, 0, 0, 319
117,10,26, 1059377,benign, 823, 148, 8577, 0, 5825, 2690, 1, 464, 699, 0, 197, 34408, 397, 3, 41, 7784, 345, 453, 5, 13880, 9952, 19493, 0, 0, 25, 4705, 4889, 8484, 42, 0, 0, 18, 20, 159, 3, 34550, 25781, 29079, 2, 0, 0, 324
118,10,12, 1057354,benign, 753, 148, 8583, 1, 5827, 2693, 2, 464, 699, 0, 207, 34020, 397, 3, 41, 7623, 305, 511, 5, 14467, 10520, 19565, 0, 0, 25, 4713, 4887, 8490, 42, 0, 0, 18, 20, 158, 3, 34373, 26224, 29576, 2, 0, 0, 317
119,1,20, 1053360,SDC, 608, 148, 8561, 4, 5823, 2692, 1, 464, 694, 0, 200, 33651, 392, 3, 43, 7155, 293, 503, 5, 13040, 9037, 19470, 0, 0, 25, 4755, 4836, 8481, 42, 0, 0, 18, 20, 157, 4, 33819, 25309, 28609, 2, 0, 0, 317
120,8,26, 1052867,benign, 616, 148, 8557, 0, 5827, 2693, 1, 464, 699, 0, 200, 33613, 397, 3, 44, 7269, 341, 442, 5, 13468, 9426, 19500, 0, 0, 25, 4770, 4958, 8486, 40, 0, 0, 18, 20, 169, 3, 34663, 25801, 29174, 2, 0, 0, 319
121,4,7, 1058847,benign, 798, 149, 8577, 1, 5828, 2694, 1, 464, 699, 0, 198, 33961, 397, 3, 43, 7423, 330, 442, 5, 13645, 9654, 19515, 0, 0, 25, 5022, 4695, 8483, 41, 0, 0, 18, 20, 159, 3, 34898, 26037, 29516, 2, 0, 0, 317
122,5,26, 1054053,benign, 653, 149, 8568, 0, 5833, 2685, 2, 464, 699, 0, 197, 34145, 397, 3, 41, 6732, 289, 446, 5, 13554, 9562, 19511, 0, 0, 25, 4739, 4900, 8481, 42, 0, 0, 18, 20, 360, 3, 34828, 25844, 29119, 2, 0, 0, 319
123,0,1, 1056290,benign, 726, 146, 8572, 0, 5824, 2689, 3, 464, 699, 0, 194, 34219, 397, 3, 41, 6985, 327, 575, 5, 13599, 9614, 19496, 0, 0, 25, 4716, 4888, 8494, 42, 0, 0, 18, 20, 157, 4, 34795, 26170, 29576, 2, 0, 0, 319
124,9,25, 1054809,benign, 675, 148, 8555, 0, 5824, 2688, 1, 464, 699, 0, 200, 33848, 397, 3, 43, 7287, 330, 443, 5, 13428, 9485, 19499, 0, 0, 25, 4718, 4919, 8487, 42, 0, 0, 18, 20, 159, 3, 34133, 25354, 28659, 2, 0, 0, 317
125,6,24, 1053299,benign, 627, 147, 8556, 0, 5826, 2693, 2, 464, 699, 0, 201, 33898, 397, 3, 41, 6849, 306, 509, 5, 13843, 9627, 19497, 0, 0, 25, 4853, 4916, 8486, 41, 0, 0, 18, 20, 160, 3, 33969, 25377, 28663, 2, 0, 0, 637
126,5,17, 1057110,benign, 741, 147, 8572, 0, 5833, 2686, 1, 464, 699, 0, 199, 34205, 397, 3, 44, 7465, 290, 453, 5, 13611, 9622, 19510, 0, 0, 25, 4730, 4871, 8476, 42, 0, 0, 18, 20, 160, 3, 34862, 26035, 29319, 2, 0, 0, 319
127,5,30, 1058512,benign, 766, 147, 8573, 4, 5827, 2695, 4, 464, 699, 0, 200, 33689, 397, 3, 42, 7607, 369, 444, 5, 13693, 9529, 19482, 0, 0, 25, 4712, 4884, 8485, 42, 0, 0, 18, 20, 215, 3, 34505, 25869, 29231, 2, 0, 0, 319
128,1,17, 1059462,benign, 814, 148, 8579, 0, 5824, 2695, 1, 464, 699, 0, 193, 33777, 397, 3, 41, 7705, 272, 446, 5, 13918, 9959, 19505, 0, 0, 25, 4821, 4998, 8477, 42, 0, 0, 18, 20, 158, 4, 34413, 26438, 29697, 2, 0, 0, 320
129,7,29, 1053161,benign, 624, 148, 8552, 0, 5820, 2686, 2, 464, 699, 0, 197, 33842, 397, 3, 44, 7105, 347, 441, 5, 13691, 9688, 19513, 0, 0, 25, 4725, 4879, 8481, 42, 0, 0, 18, 20, 158, 4, 34263, 25387, 28657, 2, 0, 0, 319
130,8,24, 1051235,benign, 575, 160, 8556, 0, 5825, 2690, 1, 464, 699, 0, 197, 33659, 397, 3, 45, 6814, 329, 452, 5, 13213, 9179, 19500, 0, 0, 25, 4776, 4937, 8480, 42, 0, 0, 18, 20, 158, 3, 34094, 25295, 28559, 2, 0, 0, 317
131,0,16, 1050342,benign, 534, 147, 8560, 0, 5822, 2684, 2, 464, 699, 0, 197, 33606, 397, 3, 42, 6854, 334, 561, 5, 13280, 9225, 19505, 0, 0, 25, 4800, 5040, 8491, 42, 0, 0, 18, 20, 158, 4, 34237, 25538, 28826, 2, 0, 0, 317
132,3,30, 1053577,benign, 638, 147, 8570, 0, 5827, 2691, 2, 464, 699, 0, 208, 33616, 397, 3, 42, 7068, 272, 451, 5, 13670, 9632, 19486, 0, 0, 25, 4720, 4883, 8482, 42, 0, 0, 18, 20, 158, 3, 34031, 25247, 28535, 2, 0, 0, 317
133,4,23, 1054795,benign, 667, 147, 8560, 0, 5823, 2692, 2, 464, 699, 0, 197, 33928, 397, 3, 41, 6847, 291, 440, 5, 13709, 9719, 19498, 0, 0, 25, 4729, 4906, 8483, 42, 0, 0, 18, 20, 152, 2, 34556, 25978, 29325, 1, 0, 0, 319
134,10,20, 1055550,benign, 692, 149, 8563, 0, 5824, 2688, 1, 464, 699, 0, 195, 34059, 397, 3, 41, 7052, 296, 444, 5, 13503, 9585, 19501, 0, 0, 25, 4784, 4827, 8486, 42, 0, 0, 18, 20, 160, 3, 34459, 25645, 28953, 2, 0, 0, 379
135,7,3, 1054419,benign, 655, 146, 8567, 0, 5828, 2694, 2, 464, 699, 0, 194, 33402, 397, 3, 41, 7089, 301, 510, 5, 13477, 9470, 19513, 0, 0, 25, 4802, 4942, 8487, 42, 0, 0, 18, 20, 332, 3, 34692, 25356, 28620, 2, 0, 0, 316
136,9,20, 1052585,benign, 601, 148, 8564, 0, 5823, 2688, 2, 464, 699, 0, 196, 33430, 397, 3, 41, 7219, 307, 511, 5, 13639, 9610, 19500, 0, 0, 25, 4832, 4968, 8486, 42, 0, 0, 18, 20, 160, 3, 34139, 25429, 28712, 2, 0, 0, 319
137,7,3, 1053210,benign, 626, 147, 8563, 0, 5823, 2685, 1, 464, 699, 0, 196, 33889, 397, 3, 41, 6838, 337, 511, 5, 13626, 9639, 19489, 0, 0, 25, 4791, 4818, 8491, 41, 0, 0, 18, 20, 159, 3, 34264, 25672, 28947, 2, 0, 0, 316
138,7,23, 1059655,benign, 518, 145, 8553, 0, 5820, 2684, 1, 464, 699, 0, 188, 33044, 397, 3, 41, 6414, 305, 436, 5, 12863, 8841, 19484, 0, 0, 25, 4493, 5100, 8472, 42, 0, 0, 19, 23, 160, 3, 34053, 25335, 28619, 2, 0, 0, 384
139,3,26, 1053355,benign, 640, 163, 8561, 0, 5825, 2691, 1, 464, 699, 0, 198, 33868, 397, 3, 42, 7031, 327, 512, 5, 13404, 9433, 19507, 0, 0, 25, 4714, 4883, 8473, 42, 0, 0, 18, 20, 166, 4, 34355, 25535, 28941, 2, 0, 0, 571
140,4,3, 1052850,benign, 611, 150, 8558, 1, 5827, 2696, 2, 464, 699, 0, 194, 33589, 397, 3, 42, 6823, 331, 442, 5, 13653, 9644, 19499, 0, 0, 25, 4776, 4951, 8483, 42, 0, 0, 19, 23, 160, 3, 34487, 25205, 28582, 2, 0, 0, 379
141,0,8, 1054334,benign, 662, 148, 8571, 0, 5823, 2687, 1, 464, 699, 0, 202, 33807, 397, 3, 42, 7466, 338, 511, 5, 13313, 9327, 19511, 0, 0, 25, 4700, 4899, 8488, 42, 0, 0, 18, 20, 157, 3, 34477, 25590, 28896, 2, 0, 0, 384
142,8,31, 1053510,benign, 635, 146, 8570, 0, 5824, 2690, 1, 464, 699, 0, 198, 33644, 397, 3, 41, 6740, 301, 509, 5, 13443, 9377, 19497, 0, 0, 25, 4794, 4809, 8482, 42, 0, 0, 18, 20, 160, 3, 34413, 25698, 28987, 2, 0, 0, 321
143,0,6, 1056500,benign, 704, 146, 8573, 4, 5827, 2693, 1, 464, 699, 0, 193, 33309, 397, 3, 41, 7143, 291, 448, 5, 13696, 9591, 19474, 0, 0, 25, 4721, 4879, 8482, 42, 0, 0, 18, 20, 159, 3, 34141, 25437, 28726, 2, 0, 0, 320
144,5,26, 1053661,benign, 635, 147, 8562, 0, 5823, 2687, 1, 464, 699, 0, 202, 33877, 397, 3, 42, 7111, 317, 442, 5, 13448, 9473, 19535, 0, 0, 25, 4714, 4885, 8479, 42, 0, 0, 18, 20, 158, 3, 34375, 25338, 28726, 2, 0, 0, 384
145,1,7, 1051521,crash/hangs,-,-,-,-,-,-,-,-,-,-,-,-,-,-,-,-,-,-,-,-,-,-,-,-,-,-,-,-,-,-,-,-,-,-,-,-,-,-,-,-,-,-
146,10,15, 1056566,benign, 603, 147, 8564, 0, 5830, 2694, 3, 464, 699, 0, 196, 33387, 397, 3, 43, 6808, 319, 443, 5, 13719, 9483, 19511, 0, 0, 25, 4912, 4949, 8473, 41, 0, 0, 18, 20, 160, 3, 34602, 25421, 28706, 2, 0, 0, 316
147,8,12, 1052542,benign, 688, 146, 8575, 0, 5832, 2692, 1, 464, 699, 0, 198, 33551, 397, 3, 43, 7182, 320, 502, 5, 13294, 9333, 19507, 0, 0, 25, 4737, 4909, 8488, 42, 0, 0, 18, 20, 158, 3, 33913, 25885, 29189, 2, 0, 0, 316
148,3,2, 1055430,benign, 617, 147, 8562, 0, 5824, 2692, 2, 464, 700, 0, 199, 33508, 397, 3, 41, 6607, 306, 443, 5, 12990, 9044, 19504, 0, 0, 25, 4726, 4868, 8482, 42, 0, 0, 18, 20, 160, 3, 34072, 25192, 28464, 2, 0, 0, 384
149,1,22, 1052973,benign, 492, 146, 8548, 4, 5816, 2686, 1, 464, 699, 0, 189, 33265, 397, 3, 42, 6773, 283, 438, 5, 13177, 9089, 19461, 0, 0, 25, 4525, 5113, 8472, 42, 0, 0, 18, 20, 159, 2, 33376, 24778, 28054, 1, 0, 0, 376
150,7,6, 1059808,benign, 550, 146, 8563, 4, 5825, 2690, 2, 464, 699, 0, 198, 33321, 397, 3, 41, 6611, 535, 444, 5, 13064, 9126, 19468, 0, 0, 25, 4729, 4909, 8486, 42, 0, 0, 18, 20, 158, 3, 33693, 25310, 28828, 2, 0, 0, 319
151,5,30, 1051568,benign, 672, 146, 8573, 0, 5828, 2696, 1, 464, 699, 0, 204, 33222, 397, 3, 42, 6973, 287, 444, 5, 13766, 9770, 19492, 0, 0, 25, 4777, 4820, 8485, 42, 0, 0, 18, 20, 160, 3, 34099, 25374, 28668, 2, 0, 0, 319
152,8,24, 1054731,benign, 504, 146, 8553, 4, 5824, 2694, 3, 464, 699, 0, 196, 33250, 397, 3, 41, 7334, 297, 458, 5, 13464, 9400, 19464, 0, 0, 25, 4566, 5162, 8479, 42, 0, 0, 18, 20, 167, 3, 34001, 25136, 28397, 2, 0, 0, 317
153,10,9, 1050120,benign, 794, 148, 8561, 0, 5822, 2697, 2, 464, 694, 0, 203, 34218, 392, 3, 41, 7476, 299, 446, 5, 13634, 9729, 19493, 0, 0, 25, 4727, 4867, 8481, 42, 0, 0, 18, 20, 191, 2, 34905, 26326, 29594, 2, 0, 0, 319
154,2,9, 1058555,SDC, 737, 146, 8580, 4, 5823, 2688, 1, 464, 699, 0, 199, 33767, 397, 3, 41, 7401, 454, 446, 5, 13444, 9455, 19474, 0, 0, 25, 4746, 4856, 8482, 42, 0, 0, 18, 20, 166, 4, 34530, 25417, 28681, 2, 0, 0, 317
155,9,26, 1057564,benign, 628, 147, 8559, 4, 5826, 2696, 1, 464, 699, 0, 196, 33973, 397, 3, 41, 6613, 311, 572, 5, 13206, 9188, 19473, 0, 0, 25, 4735, 4905, 8490, 42, 0, 0, 18, 20, 158, 4, 34212, 25075, 28412, 2, 0, 0, 379
156,3,4, 1053996,benign, 792, 148, 8564, 0, 5823, 2696, 1, 464, 694, 0, 200, 34222, 392, 3, 43, 7266, 294, 443, 5, 13676, 9701, 19507, 0, 0, 25, 4889, 4706, 8473, 42, 0, 0, 18, 20, 166, 3, 34585, 26028, 29334, 2, 0, 0, 317
157,3,24, 1058467,SDC, 650, 148, 8557, 0, 5829, 2695, 3, 464, 699, 0, 203, 33748, 397, 3, 44, 7190, 331, 443, 5, 13365, 9392, 19489, 0, 0, 25, 4766, 4847, 8482, 42, 0, 0, 18, 20, 157, 4, 34521, 25319, 28592, 2, 0, 0, 317
158,6,3, 1053810,benign, 520, 146, 8558, 0, 5828, 2693, 6, 464, 700, 0, 203, 33264, 397, 3, 42, 6670, 296, 510, 5, 13147, 9086, 19533, 0, 0, 25, 4513, 5229, 8485, 36, 0, 0, 18, 20, 157, 4, 34057, 25126, 28435, 1, 0, 0, 319
159,5,16, 1059571,benign, 507, 145, 3201, 0, 2177, 1331, 5, 266, 478, 1, 163, 21718, 167, 3, 37, 6275, 278, 412, 5, 10628, 8785, 8813, 0, 0, 17, 2025, 2288, 3431, 0, 0, 0, 18, 20, 127, 2, 22515, 14138, 17380, 1, 0, 0, 318
160,3,14, 1060194,SDC, 812, 147, 8573, 0, 5826, 2690, 1, 464, 699, 0, 195, 34207, 397, 3, 42, 7573, 285, 446, 5, 13804, 9860, 19499, 0, 0, 25, 4721, 4896, 8479, 42, 0, 0, 18, 20, 159, 3, 34839, 25650, 28941, 2, 0, 0, 574
161,7,7, 1059439,benign, 616, 149, 8561, 0, 5828, 2690, 2, 464, 699, 0, 202, 34053, 397, 3, 42, 6552, 322, 448, 5, 13936, 9713, 19507, 0, 0, 25, 4789, 4949, 8487, 42, 0, 0, 18, 20, 157, 4, 34105, 25393, 28695, 2, 0, 0, 319
162,6,9, 1052909,benign, 698, 148, 8568, 0, 5828, 2690, 2, 464, 699, 0, 198, 33912, 397, 3, 42, 6912, 365, 446, 5, 13467, 9461, 19503, 0, 0, 25, 4738, 4904, 8475, 42, 0, 0, 18, 20, 159, 3, 34189, 26039, 29378, 2, 0, 0, 319
163,9,29, 1055639,benign, 706, 146, 8568, 0, 5830, 2693, 1, 464, 699, 0, 193, 33858, 397, 3, 42, 7367, 332, 503, 6, 14016, 10049, 19566, 0, 0, 25, 4786, 4949, 8490, 42, 0, 0, 19, 23, 160, 4, 34473, 25617, 28891, 2, 0, 0, 319
164,1,0, 1055958,benign, 603, 148, 8557, 0, 5819, 2692, 1, 464, 694, 0, 194, 33821, 392, 3, 41, 7070, 517, 443, 5, 13497, 9488, 19491, 0, 0, 25, 4731, 4869, 8482, 42, 0, 0, 18, 20, 161, 3, 34107, 25360, 28620, 2, 0, 0, 379
165,3,25, 1052663,SDC, 601, 146, 8564, 4, 5825, 2689, 2, 464, 700, 0, 196, 33166, 397, 3, 41, 6925, 302, 442, 5, 13458, 9423, 19476, 0, 0, 25, 4713, 4885, 8477, 42, 0, 0, 18, 20, 166, 3, 34293, 25032, 28314, 2, 0, 0, 379
166,2,15, 1053228,benign, 559, 147, 8569, 0, 5830, 2694, 2, 464, 699, 0, 196, 33656, 397, 3, 41, 6890, 330, 530, 6, 13470, 9522, 19514, 0, 0, 25, 4715, 4891, 8483, 41, 0, 0, 18, 20, 158, 4, 33865, 25625, 28893, 2, 0, 0, 380
167,6,10, 1051179,benign, 675, 147, 8563, 0, 5823, 2689, 1, 464, 699, 0, 205, 33853, 397, 3, 41, 7084, 302, 573, 5, 13885, 9923, 19483, 0, 0, 25, 4735, 4904, 8480, 42, 0, 0, 19, 23, 163, 3, 34350, 25564, 28887, 2, 0, 0, 317
168,8,21, 1054926,benign, 813, 147, 8584, 0, 5826, 2693, 1, 464, 699, 0, 197, 33868, 397, 3, 43, 7787, 335, 442, 5, 13652, 9687, 19526, 0, 0, 25, 4716, 4890, 8485, 40, 0, 0, 18, 20, 160, 3, 34323, 26068, 29504, 2, 0, 0, 317
169,5,8, 1059894,benign, 627, 146, 8577, 4, 5830, 2694, 2, 464, 699, 0, 194, 33570, 397, 3, 42, 7014, 305, 512, 5, 13562, 9573, 19477, 0, 0, 25, 4815, 4973, 8477, 41, 0, 0, 18, 20, 158, 4, 33943, 25493, 28910, 2, 0, 0, 378
170,10,31, 1054008,benign, 513, 148, 8551, 4, 5821, 2697, 2, 464, 694, 0, 198, 33214, 392, 3, 41, 6632, 302, 563, 5, 13450, 9245, 19481, 0, 0, 25, 4680, 4917, 8470, 42, 0, 0, 18, 20, 160, 3, 33775, 25063, 28374, 2, 0, 0, 443
171,3,19, 1050320,SDC, 620, 146, 8561, 4, 5822, 2691, 1, 464, 699, 0, 198, 33361, 397, 3, 43, 7308, 312, 572, 5, 13668, 9521, 19473, 0, 0, 25, 4718, 4897, 8490, 42, 0, 0, 18, 20, 159, 3, 34344, 25161, 28435, 2, 0, 0, 317
172,0,21, 1053844,benign, 807, 148, 8576, 0, 5827, 2696, 1, 464, 699, 0, 198, 33846, 397, 3, 41, 7372, 293, 448, 5, 13896, 9956, 19538, 0, 0, 25, 4849, 4898, 8496, 42, 0, 0, 18, 20, 166, 3, 34779, 25840, 29140, 2, 0, 0, 320
173,10,7, 1059927,benign, 504, 147, 8556, 4, 5823, 2692, 1, 464, 699, 0, 205, 33249, 397, 3, 41, 6744, 351, 438, 5, 12910, 8998, 19478, 0, 0, 25, 4698, 4907, 8489, 42, 0, 0, 18, 20, 158, 3, 34079, 24813, 28110, 2, 0, 0, 384
174,3,26, 1050212,benign, 739, 147, 8558, 0, 5820, 2695, 2, 464, 694, 0, 195, 33724, 392, 3, 41, 7399, 274, 444, 5, 13787, 9852, 19496, 0, 0, 25, 4723, 4874, 8489, 42, 0, 0, 18, 20, 158, 4, 34510, 25720, 28986, 2, 0, 0, 378
175,3,7, 1056691,SDC, 596, 148, 8560, 0, 5822, 2697, 3, 464, 694, 0, 201, 33936, 392, 3, 43, 6627, 326, 444, 5, 13047, 9134, 19488, 0, 0, 25, 4769, 4939, 8484, 42, 0, 0, 18, 20, 158, 3, 34174, 25779, 29100, 2, 0, 0, 384
176,3,22, 1052147,SDC, 601, 146, 8564, 4, 5823, 2687, 2, 464, 699, 0, 201, 33677, 397, 3, 41, 6894, 294, 441, 5, 13531, 9542, 19469, 0, 0, 25, 4735, 4874, 8486, 42, 0, 0, 18, 20, 158, 4, 34334, 25612, 28872, 2, 0, 0, 319
177,2,13, 1053196,benign, 762, 147, 8576, 0, 5824, 2689, 2, 464, 699, 0, 200, 33871, 397, 3, 41, 7494, 337, 445, 5, 13668, 9690, 19513, 0, 0, 25, 4716, 4891, 8490, 42, 0, 0, 18, 20, 160, 3, 34433, 26016, 29287, 2, 0, 0, 317
178,5,9, 1057661,benign, 749, 149, 8578, 0, 5825, 2690, 2, 464, 699, 0, 196, 34307, 397, 3, 41, 7648, 284, 446, 5, 13843, 9824, 19496, 0, 0, 25, 4787, 4932, 8487, 42, 0, 0, 18, 20, 172, 2, 34775, 25748, 29015, 2, 0, 0, 317
179,0,17, 1057163,benign, 695, 148, 8566, 4, 5828, 2695, 1, 464, 699, 0, 195, 33444, 397, 3, 42, 7575, 328, 457, 5, 13682, 9491, 19469, 0, 0, 25, 4947, 5123, 8476, 42, 0, 0, 18, 20, 166, 3, 33884, 25638, 28930, 2, 0, 0, 319
180,0,10, 1056172,benign, 710, 147, 8571, 0, 5820, 2686, 1, 464, 699, 0, 201, 33879, 397, 3, 41, 7049, 335, 445, 5, 13754, 9663, 19504, 0, 0, 25, 4723, 4885, 8486, 42, 0, 0, 18, 20, 168, 3, 34725, 25798, 29261, 2, 0, 0, 411
181,10,14, 1056137,benign, 713, 147, 8575, 0, 5830, 2692, 2, 464, 699, 0, 199, 33954, 397, 3, 43, 7128, 298, 446, 5, 13739, 9742, 19496, 0, 0, 25, 4786, 4818, 8481, 42, 0, 0, 18, 20, 167, 3, 34838, 26137, 29406, 2, 0, 0, 319
182,6,3, 1056049,benign, 620, 148, 8565, 0, 5823, 2690, 1, 464, 699, 0, 195, 33429, 397, 3, 40, 6776, 313, 445, 5, 13363, 9380, 19516, 0, 0, 25, 4782, 4810, 8479, 42, 0, 0, 18, 20, 160, 3, 34285, 25841, 29354, 2, 0, 0, 377
183,7,6, 1052917,benign, 658, 148, 8566, 4, 5828, 2686, 1, 464, 699, 0, 195, 33137, 397, 3, 43, 6902, 282, 445, 5, 13302, 9311, 19475, 0, 0, 25, 4728, 4877, 8486, 42, 0, 0, 18, 20, 157, 4, 34076, 25497, 29039, 2, 0, 0, 317
184,0,4, 1055012,benign, 693, 149, 8563, 0, 5823, 2692, 1, 464, 699, 0, 200, 33648, 397, 3, 42, 7417, 313, 453, 5, 13578, 9596, 19498, 0, 0, 25, 4709, 4895, 8484, 42, 0, 0, 18, 20, 159, 3, 34664, 25962, 29408, 2, 0, 0, 447
185,0,31, 1055446,benign, 624, 147, 8566, 0, 5827, 2694, 1, 464, 699, 0, 192, 33710, 397, 3, 41, 6953, 327, 501, 5, 13324, 9325, 19506, 0, 0, 25, 4962, 4635, 8482, 42, 0, 0, 19, 23, 357, 2, 34165, 25779, 29063, 2, 0, 0, 317
186,1,14, 1053233,benign, 619, 149, 8555, 0, 5825, 2689, 2, 464, 699, 0, 203, 33926, 397, 3, 42, 6974, 283, 621, 5, 13197, 9231, 19506, 0, 0, 25, 4861, 4997, 8485, 42, 0, 0, 18, 20, 362, 3, 34278, 25540, 29060, 2, 0, 0, 318
187,6,18, 1053095,benign, 667, 148, 8565, 0, 5824, 2690, 2, 464, 699, 0, 201, 33904, 397, 3, 42, 7116, 300, 513, 5, 13576, 9580, 19506, 0, 0, 25, 4761, 4849, 8489, 42, 0, 0, 18, 20, 222, 3, 34407, 25742, 29005, 2, 0, 0, 319
188,0,23, 1054465,benign, 710, 148, 8574, 3, 5828, 2692, 4, 464, 699, 0, 194, 33815, 397, 3, 41, 7083, 299, 505, 5, 13354, 9383, 19481, 0, 0, 25, 4785, 4821, 8491, 42, 0, 0, 18, 20, 153, 2, 34145, 25607, 29006, 1, 0, 0, 319
189,4,24, 1056640,benign, 489, 149, 8560, 0, 5822, 2684, 1, 464, 699, 0, 192, 33528, 397, 3, 41, 6427, 292, 445, 5, 13243, 9207, 19520, 0, 0, 25, 4510, 5222, 8485, 42, 0, 0, 18, 20, 160, 3, 33914, 25070, 28361, 2, 0, 0, 393
190,7,29, 1060143,benign, 778, 150, 8575, 0, 5829, 2695, 2, 464, 699, 0, 194, 34262, 397, 3, 42, 7176, 297, 443, 5, 13664, 9626, 19505, 0, 0, 25, 4718, 4883, 8487, 42, 0, 0, 18, 20, 158, 3, 34671, 25944, 29218, 2, 0, 0, 319
191,7,18, 1057871,benign, 584, 148, 8560, 0, 5828, 2696, 1, 464, 699, 0, 196, 33444, 397, 3, 41, 6933, 317, 503, 5, 13346, 9267, 19502, 0, 0, 25, 4711, 4887, 8489, 42, 0, 0, 18, 20, 158, 4, 34284, 25617, 28925, 2, 0, 0, 316
192,3,20, 1051867,benign, 699, 148, 8566, 0, 5826, 2694, 1, 464, 699, 0, 204, 33600, 397, 3, 43, 7612, 417, 444, 5, 13612, 9623, 19518, 0, 0, 25, 4711, 4888, 8487, 42, 0, 0, 18, 20, 158, 3, 34515, 25599, 28875, 2, 0, 0, 319
193,10,23, 1055709,benign, 757, 149, 8576, 0, 5829, 2695, 2, 464, 699, 0, 196, 34021, 397, 3, 41, 7467, 322, 607, 5, 13954, 9984, 19499, 0, 0, 25, 4754, 4881, 8493, 40, 0, 0, 18, 20, 205, 3, 34675, 25808, 29118, 2, 0, 0, 317
194,6,18, 1057250,benign, 616, 146, 8567, 0, 5827, 2690, 1, 464, 699, 0, 195, 33688, 397, 3, 41, 6861, 352, 444, 5, 13299, 9330, 19495, 0, 0, 25, 4780, 4948, 8482, 42, 0, 0, 18, 20, 160, 3, 34353, 25397, 28705, 2, 0, 0, 317
195,9,10, 1053058,benign, 522, 148, 8549, 0, 5820, 2687, 1, 464, 699, 0, 196, 33391, 397, 3, 41, 6531, 305, 510, 5, 13305, 9302, 19501, 0, 0, 25, 4761, 4965, 8480, 42, 0, 0, 18, 20, 166, 2, 34090, 25325, 28686, 2, 0, 0, 319
196,1,24, 1050066,benign, 730, 146, 8567, 0, 5827, 2692, 1, 464, 699, 0, 204, 33916, 397, 3, 43, 7659, 304, 444, 5, 13505, 9526, 19494, 0, 0, 25, 4805, 4836, 8475, 42, 0, 0, 18, 20, 158, 4, 34299, 25916, 29310, 2, 0, 0, 316
197,2,20, 1056733,benign, 814, 149, 8577, 0, 5828, 2695, 2, 464, 699, 0, 197, 34035, 397, 3, 41, 7835, 312, 527, 5, 13795, 9870, 19497, 0, 0, 25, 4775, 4945, 8488, 42, 0, 0, 18, 20, 160, 4, 35133, 25774, 29269, 2, 0, 0, 319
198,10,29, 1059386,benign, 492, 144, 8558, 4, 5826, 2693, 1, 464, 699, 0, 195, 33294, 397, 3, 42, 6623, 313, 441, 5, 12901, 8839, 19500, 0, 0, 25, 4717, 4930, 8484, 42, 0, 0, 18, 20, 277, 2, 33942, 24906, 28229, 2, 0, 0, 317
199,10,1, 1060344,benign, 727, 148, 8573, 0, 5828, 2694, 1, 464, 699, 0, 196, 33800, 397, 3, 41, 7442, 302, 442, 5, 13901, 9901, 19493, 0, 0, 25, 4835, 4880, 8485, 42, 0, 0, 18, 20, 158, 3, 34343, 26196, 29489, 2, 0, 0, 317
200,5,28, 1056391,benign, 729, 148, 8575, 4, 5827, 2692, 1, 464, 700, 0, 200, 33736, 397, 3, 42, 7409, 332, 502, 5, 13660, 9707, 19485, 0, 0, 25, 4728, 4881, 8486, 42, 0, 0, 18, 20, 169, 3, 34376, 25352, 28614, 2, 0, 0, 317
201,7,23, 1057392,benign, 665, 148, 8563, 0, 5826, 2692, 2, 464, 699, 0, 203, 34150, 397, 3, 42, 7204, 282, 520, 5, 13082, 9085, 19511, 0, 0, 25, 4767, 4829, 8481, 42, 0, 0, 19, 23, 160, 4, 33849, 25448, 28715, 2, 0, 0, 319
202,9,7, 1054199,benign, 745, 148, 8572, 4, 5827, 2694, 1, 464, 699, 0, 196, 33976, 397, 3, 44, 7382, 423, 443, 5, 13244, 9270, 19472, 0, 0, 25, 4740, 4898, 8496, 42, 0, 0, 18, 20, 158, 4, 34383, 25735, 29025, 2, 0, 0, 317
203,10,1, 1057788,benign, 557, 147, 8563, 0, 5827, 2694, 2, 464, 699, 0, 201, 33880, 397, 3, 44, 6947, 298, 444, 5, 13563, 9606, 19488, 0, 0, 25, 4722, 4882, 8482, 42, 0, 0, 18, 20, 158, 3, 34200, 25145, 28414, 2, 0, 0, 317
204,8,16, 1051205,benign, 552, 146, 8561, 4, 5826, 2689, 2, 464, 699, 0, 201, 33133, 397, 3, 41, 6739, 435, 448, 5, 13085, 9230, 19480, 0, 0, 25, 4727, 4881, 8484, 42, 0, 0, 18, 20, 253, 3, 33618, 25489, 28951, 2, 0, 0, 398
205,8,28, 1051632,benign, 770, 147, 8571, 0, 5826, 2686, 1, 464, 699, 0, 201, 34132, 397, 3, 44, 7292, 310, 451, 5, 14078, 9907, 19513, 0, 0, 25, 4726, 4879, 8480, 42, 0, 0, 18, 20, 160, 3, 34777, 25574, 28876, 2, 0, 0, 317
206,10,3, 1057877,benign, 596, 146, 8566, 4, 5826, 2690, 1, 464, 699, 0, 198, 33221, 397, 3, 42, 7183, 344, 452, 5, 13528, 9610, 19492, 0, 0, 25, 4721, 4882, 8494, 42, 0, 0, 18, 20, 158, 4, 33734, 25186, 28633, 2, 0, 0, 319
207,10,22, 1053036,benign, 728, 148, 8572, 0, 5824, 2687, 1, 464, 699, 0, 200, 33676, 397, 3, 42, 7238, 299, 448, 5, 13499, 9621, 19518, 0, 0, 25, 4730, 4914, 8489, 42, 0, 0, 18, 20, 167, 3, 34570, 25792, 29061, 2, 0, 0, 384
208,8,2, 1056533,benign, 688, 146, 8573, 0, 5824, 2688, 1, 464, 699, 0, 198, 33826, 397, 3, 40, 7416, 447, 438, 5, 13661, 9725, 19510, 0, 0, 25, 4755, 4888, 8482, 42, 0, 0, 18, 20, 153, 2, 34332, 26085, 29486, 1, 0, 0, 321
209,4,30, 1055406,benign, 774, 147, 8560, 0, 5823, 2692, 1, 464, 699, 0, 201, 33853, 397, 3, 41, 7339, 322, 513, 5, 14415, 10297, 19553, 0, 0, 25, 5086, 4745, 8479, 42, 0, 0, 18, 20, 158, 4, 34496, 25682, 29070, 2, 0, 0, 540
210,2,4, 1057738,benign, 805, 149, 8569, 0, 5818, 2692, 2, 464, 694, 0, 196, 34273, 392, 3, 43, 7767, 278, 446, 5, 13735, 9798, 19488, 0, 0, 25, 4936, 4653, 8482, 42, 0, 0, 18, 20, 158, 4, 34923, 26094, 29600, 2, 0, 0, 384
211,2,17, 1059466,SDC, 523, 147, 8551, 4, 5826, 2689, 2, 464, 699, 0, 198, 33091, 397, 3, 43, 6698, 397, 442, 5, 12945, 9005, 19471, 0, 0, 25, 4952, 4771, 8485, 42, 0, 0, 18, 20, 158, 3, 34047, 25166, 28474, 2, 0, 0, 317
212,7,28, 1050596,benign, 514, 145, 8552, 0, 5825, 2692, 1, 464, 699, 0, 189, 32943, 397, 3, 40, 6354, 307, 437, 5, 12852, 8893, 19530, 0, 0, 25, 4509, 5222, 8481, 41, 0, 0, 18, 20, 153, 2, 33603, 25163, 28472, 1, 0, 0, 317
213,4,20, 1059761,benign, 676, 149, 8564, 0, 5821, 2692, 3, 464, 699, 0, 199, 33545, 397, 3, 43, 6893, 330, 441, 5, 13653, 9454, 19506, 0, 0, 25, 4773, 4944, 8479, 42, 0, 0, 18, 20, 167, 3, 34825, 25933, 29307, 2, 0, 0, 333
214,6,29, 1054922,benign, 787, 147, 8582, 0, 5826, 2689, 1, 464, 699, 0, 201, 34272, 397, 3, 41, 7542, 305, 503, 5, 13742, 9718, 19498, 0, 0, 25, 4786, 4819, 8487, 41, 0, 0, 18, 20, 158, 4, 34935, 25842, 29141, 2, 0, 0, 316
215,5,3, 1058531,benign, 676, 149, 8574, 0, 5825, 2691, 1, 464, 699, 0, 196, 33677, 397, 3, 44, 7162, 325, 445, 5, 13654, 9751, 19512, 0, 0, 25, 4732, 4915, 8481, 42, 0, 0, 18, 20, 158, 4, 34253, 25639, 29061, 2, 0, 0, 317
216,9,1, 1054806,benign, 525, 148, 8549, 0, 5825, 2689, 2, 464, 699, 0, 199, 33769, 397, 3, 42, 6465, 287, 451, 5, 13367, 9335, 19537, 0, 0, 25, 4527, 5118, 8478, 34, 0, 0, 18, 20, 339, 2, 34220, 25198, 28560, 2, 0, 0, 319
217,8,31, 1059630,benign, 733, 146, 8585, 4, 5830, 2694, 1, 464, 699, 0, 203, 33951, 397, 3, 41, 7152, 306, 511, 5, 13341, 9465, 19462, 0, 0, 25, 4811, 4836, 8490, 42, 0, 0, 19, 23, 162, 3, 34207, 25695, 28957, 2, 0, 0, 316
218,0,11, 1057416,benign, 707, 148, 8578, 0, 5828, 2691, 1, 464, 699, 0, 192, 33606, 397, 3, 42, 7151, 365, 445, 5, 13758, 9757, 19507, 0, 0, 25, 4800, 4972, 8491, 42, 0, 0, 18, 20, 158, 3, 34401, 25485, 28766, 2, 0, 0, 378
219,10,0, 1055731,benign, 428, 146, 8556, 0, 5826, 2700, 5, 464, 699, 0, 188, 32680, 397, 3, 40, 6215, 468, 441, 5, 12422, 8413, 19465, 0, 0, 25, 4441, 5161, 8490, 42, 0, 0, 18, 20, 153, 2, 33721, 24718, 27941, 2, 0, 0, 319
220,8,6, 1060096,benign, 764, 146, 8572, 0, 5829, 2695, 1, 464, 699, 0, 202, 34205, 397, 3, 40, 7372, 290, 443, 5, 14337, 10290, 19525, 0, 0, 25, 4774, 4941, 8483, 42, 0, 0, 18, 20, 160, 3, 34581, 26182, 29522, 2, 0, 0, 319
221,2,19, 1057621,benign, 657, 148, 8570, 4, 5827, 2694, 1, 464, 699, 0, 203, 33580, 397, 3, 41, 7018, 300, 444, 5, 13706, 9724, 19484, 0, 0, 25, 4781, 4940, 8478, 42, 0, 0, 18, 20, 160, 3, 34261, 25551, 28824, 2, 0, 0, 316
222,1,2, 1054916,benign, 769, 147, 8577, 0, 5829, 2688, 2, 464, 699, 0, 198, 33782, 397, 3, 41, 7148, 304, 443, 5, 13855, 9876, 19503, 0, 0, 25, 4720, 4889, 8487, 42, 0, 0, 18, 20, 238, 3, 34564, 25615, 28897, 2, 0, 0, 415
223,1,3, 1057914,benign, 510, 162, 8551, 4, 5821, 2684, 1, 464, 699, 0, 197, 32930, 397, 3, 41, 6690, 326, 444, 5, 13079, 9116, 19467, 0, 0, 25, 4709, 4920, 8478, 42, 0, 0, 18, 20, 304, 2, 33849, 25299, 28579, 2, 0, 0, 317
224,8,13, 1059660,benign, 496, 146, 8563, 0, 5824, 2688, 1, 464, 699, 0, 191, 32912, 397, 3, 40, 6316, 333, 438, 5, 12819, 8835, 19459, 0, 0, 25, 4641, 4967, 8477, 36, 0, 0, 18, 20, 153, 2, 33776, 25146, 28629, 1, 0, 0, 319
225,8,5, 1059588,benign, 777, 148, 8575, 4, 5827, 2694, 3, 464, 699, 0, 195, 33931, 397, 3, 41, 7293, 289, 510, 5, 13533, 9476, 19460, 0, 0, 25, 4494, 5220, 8480, 42, 0, 0, 18, 20, 166, 2, 34288, 25703, 28999, 2, 0, 0, 322
226,9,6, 1060064,benign, 714, 146, 8555, 0, 5820, 2692, 2, 464, 695, 0, 198, 33738, 392, 3, 42, 7301, 342, 443, 5, 13617, 9672, 19501, 0, 0, 25, 4695, 4894, 8478, 42, 0, 0, 18, 20, 158, 3, 34935, 26000, 29490, 2, 0, 0, 318
227,3,5, 1056063,SDC, 567, 147, 8554, 0, 5827, 2694, 3, 464, 699, 0, 201, 33500, 397, 3, 41, 7473, 321, 445, 5, 13870, 9734, 19491, 0, 0, 25, 4709, 4886, 8486, 42, 0, 0, 18, 20, 197, 3, 33935, 25378, 28662, 2, 0, 0, 319
228,3,12, 1051370,benign, 675, 146, 8563, 0, 5828, 2695, 1, 464, 699, 0, 195, 33849, 397, 3, 43, 7401, 326, 448, 5, 13392, 9420, 19507, 0, 0, 25, 4726, 4922, 8483, 42, 0, 0, 18, 20, 159, 3, 34224, 25460, 28729, 2, 0, 0, 317
229,6,5, 1054827,benign, 741, 148, 8572, 4, 5823, 2697, 1, 464, 694, 0, 196, 33583, 392, 3, 41, 7557, 309, 443, 5, 13885, 9714, 19472, 0, 0, 25, 4843, 5007, 8482, 42, 0, 0, 19, 23, 162, 3, 34362, 25539, 28795, 2, 0, 0, 319
230,2,25, 1057580,SDC, 635, 148, 8575, 0, 5822, 2687, 1, 464, 699, 0, 198, 33338, 397, 3, 43, 6815, 317, 438, 5, 13386, 9345, 19490, 0, 0, 25, 4780, 4820, 8480, 42, 0, 0, 18, 20, 153, 2, 34273, 25758, 29102, 1, 0, 0, 375
231,4,15, 1053417,benign, 652, 148, 8563, 0, 5825, 2690, 1, 464, 699, 0, 199, 33358, 397, 3, 41, 6777, 280, 501, 5, 13617, 9629, 19490, 0, 0, 25, 4921, 4718, 8479, 42, 0, 0, 18, 20, 157, 3, 34294, 25715, 28997, 2, 0, 0, 316
232,5,0, 1054023,benign, 539, 146, 8561, 4, 5828, 2695, 2, 464, 699, 0, 196, 33436, 397, 3, 43, 6899, 252, 445, 5, 12975, 9008, 19475, 0, 0, 25, 4961, 4759, 8489, 42, 0, 0, 18, 20, 382, 2, 34159, 25597, 28875, 2, 0, 0, 316
233,6,19, 1051212,benign, 562, 147, 8558, 0, 5821, 2697, 2, 464, 694, 0, 196, 33861, 392, 3, 41, 6742, 310, 451, 5, 13096, 9110, 19490, 0, 0, 25, 4729, 4905, 8479, 42, 0, 0, 18, 20, 153, 2, 34137, 25179, 28468, 2, 0, 0, 385
234,2,14, 1051214,SDC, 551, 149, 8557, 0, 5823, 2688, 1, 464, 699, 0, 202, 33456, 397, 3, 41, 6679, 346, 476, 5, 13316, 9332, 19504, 0, 0, 25, 4947, 4649, 8486, 41, 0, 0, 18, 20, 158, 3, 34099, 25431, 28757, 2, 0, 0, 317
235,9,20, 1050945,benign, 715, 146, 8557, 0, 5825, 2690, 3, 464, 699, 0, 197, 33644, 397, 3, 42, 7256, 339, 445, 5, 13612, 9544, 19500, 0, 0, 25, 5022, 5200, 8487, 42, 0, 0, 18, 20, 158, 4, 34345, 25841, 29180, 2, 0, 0, 317
236,9,0, 1056110,benign, 762, 148, 8567, 0, 5827, 2693, 1, 464, 699, 0, 201, 34160, 397, 3, 41, 7344, 338, 448, 5, 14064, 10089, 19551, 0, 0, 25, 4805, 4966, 8493, 42, 0, 0, 18, 20, 158, 3, 34445, 25704, 29059, 2, 0, 0, 378
237,1,14, 1057555,benign, 792, 146, 8571, 0, 5827, 2695, 6, 464, 700, 0, 198, 33621, 397, 3, 43, 7518, 287, 446, 5, 14366, 10379, 19547, 0, 0, 25, 4734, 4876, 8479, 42, 0, 0, 18, 20, 158, 4, 34633, 26145, 29476, 2, 0, 0, 447
238,3,28, 1058426,benign, 514, 145, 8551, 0, 5819, 2691, 1, 464, 699, 0, 192, 33053, 397, 3, 42, 6254, 307, 503, 5, 13536, 9473, 19488, 0, 0, 25, 4783, 5388, 8473, 42, 0, 0, 18, 20, 153, 2, 33715, 25487, 28766, 1, 0, 0, 317
239,3,10, 1059685,benign, 622, 147, 8569, 0, 5829, 2695, 5, 464, 699, 0, 198, 33897, 397, 3, 43, 6709, 308, 601, 5, 13364, 9350, 19499, 0, 0, 25, 4715, 4893, 8479, 42, 0, 0, 18, 20, 157, 3, 33917, 25558, 28835, 2, 0, 0, 319
240,7,28, 1053197,benign, 700, 146, 8580, 0, 5827, 2690, 2, 464, 699, 0, 198, 34345, 397, 3, 44, 7294, 334, 525, 5, 13698, 9685, 19503, 0, 0, 25, 4739, 4912, 8487, 42, 0, 0, 18, 20, 158, 3, 35030, 25779, 29042, 2, 0, 0, 377
241,10,3, 1055435,benign, 567, 149, 8557, 0, 5828, 2692, 2, 464, 699, 0, 195, 33510, 397, 3, 41, 6859, 314, 511, 5, 13510, 9496, 19489, 0, 0, 25, 4708, 4890, 8483, 42, 0, 0, 18, 20, 158, 4, 34150, 25400, 28698, 2, 0, 0, 319
242,0,15, 1051531,benign, 569, 149, 8557, 0, 5820, 2690, 3, 464, 699, 0, 204, 33637, 397, 3, 41, 7050, 433, 445, 5, 13244, 9250, 19520, 0, 0, 25, 4733, 4914, 8483, 42, 0, 0, 18, 20, 158, 3, 34505, 25364, 28723, 2, 0, 0, 319
243,0,22, 1051453,benign, 580, 146, 8566, 0, 5829, 2692, 1, 464, 699, 0, 204, 34041, 397, 3, 42, 6512, 284, 442, 5, 13131, 9141, 19508, 0, 0, 25, 4722, 4883, 8486, 42, 0, 0, 18, 20, 158, 4, 34084, 25597, 28887, 2, 0, 0, 317
244,7,17, 1051603,benign, 625, 160, 8571, 0, 5825, 2684, 1, 464, 699, 0, 195, 33695, 397, 3, 41, 6984, 287, 445, 5, 13381, 9368, 19494, 0, 0, 25, 4730, 4880, 8484, 42, 0, 0, 18, 20, 158, 4, 34001, 25551, 28807, 2, 0, 0, 316
245,6,19, 1052659,benign, 661, 146, 8563, 0, 5826, 2687, 1, 464, 699, 0, 202, 34186, 397, 3, 42, 7195, 336, 510, 5, 13497, 9517, 19515, 0, 0, 25, 4794, 4932, 8474, 42, 0, 0, 18, 20, 160, 3, 34345, 25868, 29156, 2, 0, 0, 319
246,8,7, 1054273,benign, 555, 149, 8553, 0, 5821, 2692, 1, 464, 700, 0, 199, 33496, 397, 3, 42, 6927, 333, 459, 5, 13102, 9116, 19507, 0, 0, 25, 4766, 4838, 8476, 42, 0, 0, 18, 20, 158, 2, 34018, 25400, 28735, 2, 0, 0, 321
247,5,7, 1050758,benign, 812, 149, 8575, 0, 5824, 2689, 2, 464, 699, 0, 196, 34351, 397, 3, 41, 7348, 288, 568, 5, 13747, 9762, 19496, 0, 0, 25, 4719, 4893, 8490, 42, 0, 0, 19, 23, 161, 3, 34893, 26381, 29665, 2, 0, 0, 319
248,1,12, 1059434,benign, 528, 146, 8561, 4, 5819, 2692, 1, 464, 694, 0, 198, 33680, 392, 3, 44, 6810, 297, 447, 5, 13074, 9082, 19474, 0, 0, 25, 4820, 4909, 8480, 41, 0, 0, 18, 20, 159, 3, 33656, 25433, 28845, 2, 0, 0, 319
249,2,30, 1050840,SDC, 762, 148, 8586, 0, 5827, 2693, 1, 464, 699, 0, 199, 34221, 397, 3, 41, 7251, 338, 512, 5, 13908, 9974, 19517, 0, 0, 25, 4791, 4809, 8480, 42, 0, 0, 18, 20, 157, 3, 34813, 25742, 29013, 2, 0, 0, 379
250,7,22, 1057709,benign, 555, 148, 8554, 0, 5825, 2696, 2, 464, 694, 0, 196, 33516, 392, 3, 41, 6797, 303, 505, 5, 13122, 9168, 19483, 0, 0, 25, 4957, 4770, 8479, 42, 0, 0, 18, 20, 158, 3, 34085, 25405, 28704, 2, 0, 0, 317
251,2,0, 1051069,SDC, 693, 149, 8564, 0, 5822, 2690, 2, 464, 699, 0, 199, 33658, 397, 3, 41, 7051, 310, 505, 5, 13842, 9842, 19499, 0, 0, 25, 4794, 4979, 8485, 40, 0, 0, 19, 23, 160, 4, 34342, 25715, 29047, 2, 0, 0, 316
252,9,27, 1055569,benign, 641, 148, 8568, 4, 5826, 2693, 2, 464, 699, 0, 199, 33796, 397, 3, 44, 6805, 301, 445, 5, 13536, 9509, 19481, 0, 0, 25, 4814, 4975, 8473, 42, 0, 0, 18, 20, 158, 4, 33784, 25299, 28748, 2, 0, 0, 317
253,10,4, 1054436,benign, 533, 148, 8562, 4, 5830, 2695, 2, 464, 699, 0, 195, 33236, 397, 3, 41, 7133, 327, 502, 5, 13415, 9430, 19478, 0, 0, 25, 4708, 4899, 8494, 42, 0, 0, 19, 23, 162, 3, 34350, 25373, 28665, 2, 0, 0, 320
254,4,15, 1051008,benign, 543, 148, 8562, 4, 5824, 2689, 1, 464, 699, 0, 197, 33502, 397, 3, 43, 6563, 305, 444, 5, 13072, 9092, 19474, 0, 0, 25, 4712, 4889, 8484, 41, 0, 0, 18, 20, 158, 3, 33913, 25132, 28467, 2, 0, 0, 319
255,7,13, 1051248,benign, 725, 147, 8575, 0, 5827, 2693, 1, 464, 699, 0, 195, 33836, 397, 3, 43, 7079, 300, 443, 5, 13314, 9420, 19504, 0, 0, 25, 4745, 4902, 8476, 41, 0, 0, 18, 20, 158, 4, 34360, 26006, 29293, 2, 0, 0, 317
256,9,7, 1056299,benign, 736, 148, 8578, 0, 5829, 2693, 2, 464, 699, 0, 204, 34181, 397, 3, 42, 7052, 300, 504, 5, 13911, 9871, 19496, 0, 0, 25, 4837, 4901, 8482, 41, 0, 0, 18, 20, 158, 3, 34382, 25679, 28961, 2, 0, 0, 317
257,6,22, 1056713,benign, 436, 146, 8554, 0, 5820, 2697, 1, 464, 699, 0, 188, 33161, 397, 3, 43, 6533, 299, 505, 5, 12614, 8405, 19479, 0, 0, 25, 4502, 5219, 8493, 42, 0, 0, 18, 20, 153, 2, 33829, 25040, 28206, 1, 0, 0, 379
258,2,20, 1060078,benign, 535, 149, 8550, 0, 5827, 2694, 2, 464, 699, 0, 206, 33626, 397, 3, 41, 6808, 442, 445, 5, 13312, 9376, 19503, 0, 0, 25, 4960, 4647, 8483, 42, 0, 0, 18, 20, 307, 3, 34027, 25304, 28556, 2, 0, 0, 317
259,7,31, 1050638,benign, 707, 146, 8573, 0, 5826, 2689, 1, 464, 699, 0, 199, 33677, 397, 3, 42, 7522, 299, 679, 5, 13729, 9740, 19498, 0, 0, 25, 4950, 4653, 8487, 42, 0, 0, 18, 20, 348, 3, 34713, 25746, 29013, 2, 0, 0, 317
260,10,12, 1055913,benign, 715, 146, 8569, 0, 5827, 2694, 2, 464, 699, 0, 204, 34069, 397, 3, 41, 7089, 317, 505, 5, 13399, 9403, 19493, 0, 0, 25, 4710, 4888, 8487, 42, 0, 0, 18, 20, 157, 4, 34594, 25789, 29080, 2, 0, 0, 318
261,0,31, 1056105,benign, 795, 148, 8563, 0, 5820, 2689, 1, 464, 694, 1, 202, 33934, 392, 3, 42, 7309, 321, 587, 5, 13792, 9743, 19476, 0, 0, 25, 4763, 4957, 8496, 42, 0, 0, 18, 20, 242, 7, 34635, 25764, 29042, 2, 0, 0, 319
262,3,5, 1060110,SDC, 667, 146, 8564, 4, 5826, 2693, 1, 464, 699, 0, 193, 33773, 397, 3, 41, 7250, 315, 444, 5, 13586, 9631, 19480, 0, 0, 25, 4765, 4955, 8484, 41, 0, 0, 18, 20, 157, 3, 34397, 25774, 29218, 2, 0, 0, 378
263,3,28, 1055252,benign, 732, 146, 8575, 0, 5824, 2686, 1, 464, 699, 0, 201, 34111, 397, 3, 44, 7168, 335, 447, 5, 13776, 9687, 19512, 0, 0, 25, 4741, 4883, 8488, 42, 0, 0, 18, 20, 157, 3, 34569, 26082, 29363, 2, 0, 0, 318
264,3,27, 1056654,benign, 512, 146, 8558, 4, 5829, 2690, 2, 464, 699, 0, 195, 33499, 397, 3, 41, 6634, 301, 453, 5, 12781, 8793, 19464, 0, 0, 25, 4809, 5017, 8490, 42, 0, 0, 18, 20, 341, 4, 34476, 25147, 28428, 2, 0, 0, 319
265,3,25, 1050356,benign, 629, 146, 8571, 0, 5824, 2697, 1, 464, 694, 0, 196, 33751, 392, 3, 42, 7346, 322, 447, 5, 13152, 9195, 19503, 0, 0, 25, 4842, 4887, 8471, 42, 0, 0, 18, 20, 159, 3, 33957, 25717, 28999, 2, 0, 0, 321
266,2,12, 1053386,SDC, 733, 149, 8562, 0, 5823, 2693, 2, 464, 700, 0, 195, 34217, 397, 3, 41, 7294, 322, 498, 5, 13646, 9685, 19513, 0, 0, 25, 4743, 4903, 8483, 42, 0, 0, 18, 20, 153, 2, 34937, 25921, 29207, 1, 0, 0, 319
267,4,26, 1056811,benign, 645, 148, 8564, 0, 5825, 2697, 3, 464, 694, 0, 197, 33767, 392, 3, 42, 6818, 279, 447, 6, 13364, 9418, 19495, 0, 0, 25, 4777, 4945, 8487, 42, 0, 0, 18, 20, 158, 3, 34610, 25625, 28997, 2, 0, 0, 384
268,3,21, 1053617,SDC, 573, 148, 8562, 0, 5825, 2690, 5, 464, 699, 0, 202, 33617, 397, 3, 41, 6796, 314, 442, 5, 13225, 9316, 19504, 0, 0, 25, 4782, 4935, 8485, 42, 0, 0, 18, 20, 158, 3, 34439, 25225, 28530, 2, 0, 0, 316
269,9,25, 1051591,benign, 721, 146, 8576, 0, 5830, 2690, 1, 464, 699, 0, 197, 34019, 397, 3, 42, 7576, 355, 538, 5, 13566, 9533, 19502, 0, 0, 25, 5024, 4707, 8479, 42, 0, 0, 18, 20, 160, 3, 34527, 25807, 29084, 2, 0, 0, 317
270,5,14, 1056439,benign, 509, 146, 8555, 4, 5826, 2693, 6, 464, 699, 0, 199, 32900, 397, 3, 45, 6913, 312, 443, 5, 12986, 8940, 19469, 0, 0, 25, 4778, 4866, 8482, 42, 0, 0, 18, 20, 158, 4, 33927, 25289, 28588, 2, 0, 0, 403
271,1,23, 1050252,benign, 526, 148, 8558, 0, 5823, 2687, 1, 464, 700, 0, 202, 33249, 397, 3, 41, 6970, 310, 449, 5, 13286, 9078, 19498, 0, 0, 25, 4447, 5162, 8479, 36, 0, 0, 18, 20, 158, 4, 34018, 25488, 28845, 1, 0, 0, 326
272,0,26, 1060301,benign, 609, 149, 8556, 0, 5822, 2692, 1, 464, 699, 0, 197, 33573, 397, 3, 41, 7128, 305, 521, 5, 13415, 9250, 19498, 0, 0, 25, 4838, 4889, 8484, 42, 0, 0, 18, 20, 157, 3, 33943, 25449, 28723, 2, 0, 0, 317
273,5,13, 1052734,benign, 638, 147, 8562, 4, 5827, 2694, 1, 464, 699, 0, 199, 33702, 397, 3, 41, 6947, 343, 530, 5, 13394, 9399, 19479, 0, 0, 25, 4721, 4889, 8489, 42, 0, 0, 18, 20, 159, 3, 34137, 25141, 28397, 2, 0, 0, 317
274,7,16, 1054372,benign, 762, 148, 8570, 0, 5829, 2692, 1, 464, 699, 0, 201, 33953, 397, 3, 42, 7486, 309, 445, 5, 13615, 9672, 19493, 0, 0, 25, 4728, 4872, 8482, 41, 0, 0, 18, 20, 158, 3, 34262, 25900, 29192, 2, 0, 0, 317
275,1,19, 1057610,benign, 780, 147, 8576, 0, 5831, 2695, 1, 464, 699, 0, 199, 33709, 397, 3, 43, 7918, 312, 464, 5, 13639, 9561, 19503, 0, 0, 25, 4795, 4849, 8483, 42, 0, 0, 18, 20, 158, 4, 34380, 26093, 29379, 2, 0, 0, 377
276,6,22, 1058133,benign, 620, 148, 8561, 4, 5821, 2687, 2, 464, 699, 0, 207, 33573, 397, 3, 41, 7059, 517, 442, 5, 13351, 9403, 19481, 0, 0, 25, 4738, 4873, 8482, 42, 0, 0, 18, 20, 166, 3, 34168, 25731, 29028, 2, 0, 0, 319
277,10,6, 1053792,benign, 704, 148, 8571, 0, 5825, 2693, 2, 464, 699, 0, 198, 34123, 397, 3, 42, 7256, 298, 446, 5, 14069, 10059, 19543, 0, 0, 25, 4746, 4897, 8480, 41, 0, 0, 18, 20, 157, 3, 34198, 25880, 29166, 2, 0, 0, 320
278,5,4, 1055954,benign, 700, 148, 8575, 4, 5822, 2694, 1, 464, 694, 0, 196, 33535, 392, 3, 41, 7641, 445, 448, 5, 13339, 9330, 19463, 0, 0, 25, 4729, 4891, 8486, 42, 0, 0, 18, 20, 158, 3, 34149, 25600, 29111, 2, 0, 0, 379
279,2,13, 1056280,SDC, 807, 147, 8582, 0, 5830, 2695, 1, 464, 699, 0, 197, 34176, 397, 3, 42, 7517, 309, 513, 5, 13764, 9798, 19512, 0, 0, 25, 5023, 4700, 8478, 42, 0, 0, 18, 20, 158, 3, 34835, 25998, 29266, 2, 0, 0, 317
280,7,7, 1058647,benign, 548, 149, 8555, 0, 5823, 2691, 1, 464, 699, 0, 193, 33197, 397, 3, 42, 6606, 299, 444, 5, 13193, 9206, 19502, 0, 0, 25, 4714, 4888, 8478, 42, 0, 0, 18, 20, 158, 4, 33810, 25241, 28691, 2, 0, 0, 321
281,6,6, 1050958,benign, 535, 148, 8566, 4, 5831, 2686, 1, 464, 699, 0, 195, 33131, 397, 3, 42, 6676, 246, 446, 5, 13398, 9463, 19484, 0, 0, 25, 4730, 4914, 8487, 42, 0, 0, 18, 20, 160, 3, 34008, 25310, 28581, 2, 0, 0, 321
282,7,1, 1051020,benign, 801, 148, 8586, 0, 5826, 2691, 4, 464, 699, 0, 207, 33860, 397, 3, 41, 7115, 319, 559, 5, 13939, 9915, 19504, 0, 0, 25, 4730, 4886, 8482, 42, 0, 0, 18, 20, 159, 3, 34959, 26197, 29481, 2, 0, 0, 379
283,5,0, 1058686,benign, 695, 149, 8564, 0, 5827, 2695, 1, 464, 699, 0, 197, 34400, 397, 3, 41, 7536, 325, 452, 5, 13713, 9749, 19514, 0, 0, 25, 4807, 4839, 8485, 42, 0, 0, 18, 20, 158, 4, 34142, 25453, 28732, 2, 0, 0, 320
284,6,15, 1055361,benign, 666, 149, 8564, 0, 5823, 2690, 2, 464, 699, 0, 201, 34125, 397, 3, 41, 7174, 406, 441, 5, 13601, 9480, 19520, 0, 0, 25, 4709, 4902, 8480, 42, 0, 0, 18, 20, 189, 3, 33972, 25509, 28800, 2, 0, 0, 384
285,1,23, 1054615,benign, 673, 148, 8577, 4, 5820, 2691, 1, 464, 694, 0, 198, 33576, 392, 3, 41, 7155, 588, 443, 5, 13339, 9361, 19471, 0, 0, 25, 4777, 4952, 8477, 42, 0, 0, 18, 20, 160, 3, 33952, 25240, 28663, 2, 0, 0, 320
286,2,20, 1055396,SDC, 528, 146, 8550, 0, 5820, 2686, 2, 464, 699, 0, 187, 33209, 397, 3, 40, 6879, 289, 438, 5, 13197, 9008, 19518, 0, 0, 25, 4753, 4970, 8473, 42, 0, 0, 18, 20, 158, 3, 34118, 25150, 28423, 2, 0, 0, 317
287,0,20, 1059675,benign, 809, 147, 8577, 0, 5825, 2692, 1, 464, 699, 0, 197, 33809, 397, 3, 41, 7576, 315, 445, 5, 14121, 10189, 19554, 0, 0, 25, 4723, 4886, 8478, 42, 0, 0, 19, 23, 354, 3, 34739, 26417, 29722, 2, 0, 0, 317
288,5,13, 1058934,benign, 559, 148, 8564, 1, 5827, 2691, 1, 464, 699, 0, 202, 33572, 397, 3, 40, 6612, 325, 446, 5, 13317, 9347, 19508, 0, 0, 25, 4779, 4820, 8470, 42, 0, 0, 18, 20, 159, 3, 34327, 25346, 28597, 2, 0, 0, 321
289,4,1, 1051106,benign, 640, 148, 8559, 4, 5822, 2692, 3, 464, 694, 0, 194, 33037, 392, 3, 41, 6956, 429, 445, 5, 13078, 9101, 19462, 0, 0, 25, 4702, 4888, 8478, 42, 0, 0, 18, 20, 158, 4, 34103, 25599, 28892, 2, 0, 0, 319
290,2,1, 1054344,SDC, 713, 146, 8584, 4, 5830, 2687, 1, 464, 699, 0, 194, 33684, 397, 3, 41, 7260, 321, 504, 5, 13714, 9702, 19479, 0, 0, 25, 4786, 4823, 8479, 41, 0, 0, 18, 20, 160, 3, 34278, 25807, 29092, 2, 0, 0, 317
291,5,30, 1056784,benign, 622, 146, 8562, 0, 5833, 2689, 2, 464, 699, 0, 199, 33494, 397, 3, 41, 7061, 304, 455, 5, 13119, 9166, 19507, 0, 0, 25, 4973, 4628, 8484, 42, 0, 0, 18, 20, 158, 3, 34534, 25428, 28678, 2, 0, 0, 317
292,5,29, 1053243,benign, 655, 147, 8570, 0, 5826, 2690, 2, 464, 699, 0, 200, 33966, 397, 3, 43, 6938, 311, 514, 5, 13639, 9381, 19501, 0, 0, 25, 5029, 4710, 8482, 42, 0, 0, 18, 20, 168, 3, 34593, 25534, 28836, 2, 0, 0, 319
293,5,4, 1054062,benign, 746, 147, 8571, 0, 5827, 2692, 2, 464, 700, 0, 195, 34174, 397, 3, 42, 7463, 297, 501, 6, 13706, 9725, 19507, 0, 0, 25, 4794, 4954, 8484, 41, 0, 0, 18, 20, 159, 3, 34651, 25643, 28928, 2, 0, 0, 386
294,0,17, 1057307,benign, 612, 149, 8563, 0, 5828, 2693, 2, 464, 699, 0, 200, 33969, 397, 3, 43, 6843, 496, 504, 5, 13651, 9721, 19510, 0, 0, 25, 4737, 4898, 8479, 42, 0, 0, 19, 23, 162, 4, 34463, 25605, 28912, 2, 0, 0, 319
295,3,22, 1052765,benign, 644, 146, 8571, 4, 5829, 2695, 2, 464, 699, 0, 197, 33621, 397, 3, 43, 7094, 324, 503, 5, 12923, 9014, 19473, 0, 0, 25, 4720, 4887, 8486, 42, 0, 0, 18, 20, 158, 4, 34281, 25027, 28319, 2, 0, 0, 392
296,1,9, 1054576,benign, 586, 147, 8566, 0, 5826, 2690, 2, 464, 699, 0, 197, 33712, 397, 3, 44, 6680, 298, 452, 5, 13272, 9314, 19516, 0, 0, 25, 4784, 4953, 8485, 41, 0, 0, 18, 20, 158, 3, 33843, 25695, 28978, 2, 0, 0, 317
297,0,6, 1052030,benign, 557, 148, 8551, 4, 5825, 2686, 1, 464, 699, 0, 195, 33714, 397, 3, 40, 6776, 319, 438, 5, 13044, 9125, 19478, 0, 0, 25, 4887, 4930, 8491, 42, 0, 0, 18, 20, 158, 3, 33813, 25199, 28487, 2, 0, 0, 317
298,10,15, 1051812,benign, 689, 148, 8569, 0, 5824, 2687, 2, 464, 699, 0, 194, 33772, 397, 3, 41, 7425, 326, 445, 5, 13419, 9486, 19531, 0, 0, 25, 4721, 4878, 8483, 42, 0, 0, 18, 20, 160, 3, 34629, 25764, 29200, 2, 0, 0, 320
299,10,19, 1054766,benign, 724, 150, 8559, 0, 5819, 2686, 5, 464, 699, 0, 198, 34337, 397, 3, 41, 7328, 324, 446, 5, 13598, 9647, 19499, 0, 0, 25, 4983, 4627, 8484, 42, 0, 0, 18, 20, 158, 3, 35076, 25748, 29101, 2, 0, 0, 317
300,7,15, 1056205,benign, 537, 149, 8561, 1, 5827, 2690, 1, 464, 700, 0, 202, 33465, 397, 3, 42, 6871, 246, 761, 5, 13305, 9331, 19514, 0, 0, 25, 4702, 4896, 8485, 42, 0, 0, 18, 20, 160, 3, 34245, 25599, 28866, 2, 0, 0, 316
301,4,4, 1050439,benign, 619, 147, 8561, 0, 5830, 2694, 2, 464, 699, 0, 198, 33571, 397, 3, 42, 6832, 289, 445, 5, 13631, 9555, 19503, 0, 0, 25, 4731, 4905, 8485, 42, 0, 0, 18, 20, 158, 3, 34470, 25350, 28650, 2, 0, 0, 431
302,9,30, 1052769,benign, 493, 149, 8556, 0, 5825, 2690, 1, 464, 699, 0, 193, 33120, 397, 3, 41, 6569, 296, 448, 5, 13044, 9004, 19502, 0, 0, 25, 4510, 5219, 8483, 42, 0, 0, 18, 20, 155, 2, 33999, 25245, 28717, 1, 0, 0, 316
303,5,17, 1060141,benign, 525, 148, 8546, 0, 5825, 2692, 2, 464, 699, 0, 192, 33356, 397, 3, 40, 6490, 356, 711, 5, 13235, 9317, 19496, 0, 0, 25, 4702, 4918, 8482, 34, 0, 0, 18, 20, 153, 2, 34393, 25140, 28456, 1, 0, 0, 386
304,8,16, 1060238,benign, 599, 147, 8560, 0, 5826, 2690, 1, 464, 699, 0, 195, 33382, 397, 3, 41, 6898, 331, 502, 5, 13593, 9634, 19532, 0, 0, 25, 4864, 4897, 8482, 42, 0, 0, 18, 20, 158, 3, 34224, 25734, 29021, 2, 0, 0, 378
305,7,5, 1052301,benign, 557, 147, 8557, 0, 5832, 2694, 1, 464, 699, 0, 198, 33290, 397, 3, 41, 6727, 304, 446, 5, 13223, 9260, 19509, 0, 0, 25, 4896, 4707, 8485, 42, 0, 0, 18, 20, 221, 3, 33766, 25744, 29030, 2, 0, 0, 319
306,2,7, 1050790,benign, 495, 149, 8548, 0, 5826, 2689, 2, 464, 699, 0, 190, 32716, 397, 3, 40, 6371, 282, 449, 5, 12881, 8638, 19468, 0, 0, 25, 4455, 5161, 8482, 36, 0, 0, 18, 20, 158, 3, 33476, 25320, 28613, 2, 0, 0, 319
307,8,6, 1059584,benign, 812, 147, 8570, 0, 5824, 2688, 2, 464, 699, 0, 199, 33882, 397, 3, 43, 7516, 280, 442, 5, 13455, 9491, 19504, 0, 0, 25, 4715, 4892, 8487, 42, 0, 0, 18, 20, 158, 4, 35115, 25731, 29031, 2, 0, 0, 384
308,5,14, 1058765,benign, 792, 147, 8578, 0, 5825, 2690, 1, 464, 699, 0, 199, 33769, 397, 3, 42, 7941, 299, 447, 5, 13918, 9932, 19487, 0, 0, 25, 4899, 4965, 8482, 42, 0, 0, 18, 20, 158, 4, 35039, 26221, 29521, 2, 0, 0, 317
309,6,21, 1058443,benign, 794, 148, 8576, 0, 5825, 2693, 2, 464, 699, 0, 195, 34009, 397, 3, 42, 7783, 284, 446, 5, 13845, 9910, 19507, 0, 0, 25, 4722, 4888, 8485, 41, 0, 0, 18, 20, 158, 4, 34714, 25978, 29254, 2, 0, 0, 317
310,8,15, 1058437,benign, 619, 146, 8572, 4, 5832, 2697, 1, 464, 700, 0, 198, 33129, 397, 3, 42, 7329, 247, 456, 5, 13716, 9612, 19488, 0, 0, 25, 4864, 4896, 8493, 42, 0, 0, 18, 20, 159, 3, 34106, 25078, 28358, 2, 0, 0, 389
311,7,2, 1053820,benign, 548, 147, 8553, 0, 5824, 2692, 2, 464, 699, 0, 196, 33520, 397, 3, 42, 6799, 313, 512, 5, 13156, 9151, 19506, 0, 0, 25, 4699, 4914, 8481, 42, 0, 0, 19, 23, 161, 3, 34050, 25423, 28700, 2, 0, 0, 317
312,2,19, 1050395,benign, 812, 148, 8585, 0, 5828, 2690, 2, 464, 699, 0, 196, 33958, 397, 3, 42, 7740, 292, 563, 5, 14233, 10235, 19548, 0, 0, 25, 4723, 4881, 8484, 42, 0, 0, 18, 20, 158, 3, 34699, 26423, 29698, 2, 0, 0, 321
313,0,5, 1059237,benign, 809, 148, 8559, 0, 5815, 2689, 1, 464, 694, 0, 203, 34426, 392, 3, 43, 7611, 534, 444, 5, 14140, 9944, 19473, 0, 0, 25, 4716, 4879, 8477, 42, 0, 0, 19, 23, 162, 4, 34877, 25946, 29215, 2, 0, 0, 317
314,3,13, 1059185,SDC, 629, 149, 8564, 4, 5824, 2687, 1, 464, 699, 0, 196, 33756, 397, 3, 41, 7291, 562, 453, 5, 13500, 9442, 19466, 0, 0, 25, 4725, 4883, 8490, 42, 0, 0, 18, 20, 159, 3, 33876, 25040, 28329, 2, 0, 0, 384
315,0,1, 1053996,benign, 779, 148, 8570, 4, 5822, 2693, 1, 464, 695, 0, 196, 33840, 392, 3, 42, 7467, 335, 502, 5, 13960, 9979, 19475, 0, 0, 25, 4702, 4891, 8487, 42, 0, 0, 19, 23, 161, 3, 34380, 25954, 29276, 2, 0, 0, 379
316,3,19, 1058772,SDC, 618, 146, 8566, 0, 5822, 2687, 2, 464, 699, 0, 212, 33987, 397, 3, 41, 7187, 310, 455, 5, 13562, 9540, 19499, 0, 0, 25, 4789, 4819, 8486, 42, 0, 0, 18, 20, 157, 4, 34200, 25228, 28466, 2, 0, 0, 317
317,0,24, 1053113,benign, 525, 146, 8553, 0, 5824, 2690, 2, 464, 699, 0, 190, 33607, 397, 3, 40, 6378, 289, 443, 5, 13003, 9014, 19509, 0, 0, 25, 4506, 5103, 8484, 34, 0, 0, 18, 20, 153, 2, 34023, 25362, 28651, 1, 0, 0, 319
318,7,24, 1059627,benign, 666, 149, 8561, 0, 5826, 2686, 2, 464, 699, 0, 205, 33878, 397, 3, 41, 7088, 354, 442, 5, 13584, 9617, 19506, 0, 0, 25, 4715, 4888, 8487, 42, 0, 0, 18, 20, 158, 3, 34473, 25947, 29220, 2, 0, 0, 379
319,3,31, 1054415,benign, 500, 146, 8552, 3, 5823, 2689, 1, 464, 699, 0, 190, 33446, 397, 3, 40, 6850, 307, 440, 5, 12986, 8961, 19491, 0, 0, 25, 4701, 5029, 8476, 34, 0, 0, 18, 20, 262, 2, 33870, 25484, 28762, 2, 0, 0, 317
320,1,27, 1060280,benign, 789, 148, 8575, 0, 5822, 2697, 2, 464, 694, 0, 201, 33905, 392, 3, 41, 7672, 303, 506, 5, 14196, 10218, 19531, 0, 0, 25, 4770, 4829, 8498, 40, 0, 0, 18, 20, 158, 3, 34667, 25794, 29207, 2, 0, 0, 318
321,1,15, 1058433,SDC, 591, 149, 8549, 0, 5819, 2690, 1, 464, 694, 0, 197, 33902, 392, 3, 41, 6690, 280, 442, 5, 13766, 9560, 19481, 0, 0, 25, 4724, 4877, 8476, 40, 0, 0, 18, 20, 166, 4, 33929, 25589, 28961, 2, 0, 0, 319
322,3,24, 1052023,SDC, 689, 148, 8576, 4, 5825, 2691, 1, 464, 699, 0, 195, 33138, 397, 3, 42, 6994, 304, 506, 5, 13795, 9740, 19471, 0, 0, 25, 4797, 4961, 8477, 42, 0, 0, 18, 20, 167, 4, 34561, 25291, 28557, 2, 0, 0, 317
323,10,29, 1055840,benign, 518, 146, 8555, 0, 5824, 2691, 2, 464, 699, 0, 194, 33557, 397, 3, 41, 6680, 317, 586, 5, 13257, 9232, 19485, 0, 0, 25, 4583, 5181, 8476, 42, 0, 0, 18, 20, 171, 3, 34055, 25305, 28598, 2, 0, 0, 386
324,0,8, 1049891,benign, 772, 148, 8582, 3, 5826, 2690, 2, 464, 699, 0, 196, 33566, 397, 3, 42, 7838, 267, 442, 5, 13988, 9975, 19467, 0, 0, 25, 4835, 4987, 8478, 42, 0, 0, 18, 20, 153, 2, 34392, 25485, 28825, 1, 0, 0, 376
325,4,18, 1058652,benign, 499, 146, 8549, 4, 5825, 2693, 1, 464, 699, 0, 197, 32873, 397, 3, 40, 6320, 302, 439, 5, 12899, 8840, 19487, 0, 0, 25, 4647, 4994, 8476, 36, 0, 0, 18, 20, 157, 3, 33876, 24948, 28241, 1, 0, 0, 376
326,6,28, 1060200,benign, 717, 147, 8570, 0, 5826, 2693, 2, 464, 699, 0, 196, 33710, 397, 3, 41, 7443, 329, 504, 5, 13816, 9810, 19504, 0, 0, 25, 4848, 4917, 8493, 42, 0, 0, 18, 20, 158, 3, 34349, 25513, 28799, 2, 0, 0, 317
327,5,11, 1056235,benign, 526, 146, 8558, 0, 5828, 2691, 1, 464, 699, 0, 196, 33591, 397, 3, 41, 7016, 303, 453, 5, 13150, 9192, 19500, 0, 0, 25, 4514, 5210, 8490, 42, 0, 0, 18, 20, 166, 2, 34135, 25411, 28776, 2, 0, 0, 323
328,8,30, 1050005,benign, 809, 147, 8577, 0, 5832, 2694, 1, 464, 699, 0, 201, 33915, 397, 3, 40, 7572, 350, 438, 5, 14157, 10160, 19553, 0, 0, 25, 4718, 4891, 8480, 42, 0, 0, 18, 20, 153, 2, 34557, 26289, 29792, 1, 0, 0, 320
329,4,29, 1058954,benign, 670, 147, 8574, 0, 5825, 2698, 2, 464, 694, 0, 202, 33763, 392, 3, 42, 6967, 314, 444, 5, 13457, 9501, 19501, 0, 0, 25, 4714, 4889, 8480, 42, 0, 0, 18, 20, 159, 3, 34247, 25574, 28884, 2, 0, 0, 316
330,3,18, 1054419,SDC, 717, 149, 8583, 0, 5825, 2692, 5, 464, 699, 0, 197, 33895, 397, 3, 43, 7171, 352, 443, 5, 13741, 9723, 19500, 0, 0, 25, 4712, 4889, 8482, 41, 0, 0, 18, 20, 158, 4, 34309, 25657, 28968, 2, 0, 0, 317
331,3,26, 1056173,benign, 550, 148, 8570, 4, 5825, 2691, 1, 464, 699, 0, 201, 33165, 397, 3, 41, 6662, 328, 507, 5, 13013, 9019, 19469, 0, 0, 25, 4832, 5026, 8485, 42, 0, 0, 18, 20, 160, 4, 34143, 25569, 28839, 2, 0, 0, 384
332,8,0, 1051572,benign, 727, 149, 8561, 0, 5824, 2699, 1, 464, 694, 0, 196, 33570, 392, 3, 43, 7159, 319, 443, 5, 14039, 10090, 19533, 0, 0, 25, 4725, 4877, 8481, 42, 0, 0, 18, 20, 158, 3, 34481, 25904, 29185, 2, 0, 0, 317
333,2,18, 1056659,SDC, 582, 148, 8568, 4, 5828, 2695, 2, 464, 699, 0, 196, 33291, 397, 3, 44, 6868, 344, 510, 5, 13303, 9339, 19474, 0, 0, 25, 4786, 4945, 8481, 42, 0, 0, 18, 20, 160, 3, 33958, 25159, 28430, 2, 0, 0, 317
334,2,21, 1052544,benign, 691, 148, 8573, 4, 5829, 2691, 2, 464, 699, 0, 195, 33538, 397, 3, 41, 7076, 301, 442, 5, 13861, 9702, 19475, 0, 0, 25, 4839, 5020, 8474, 42, 0, 0, 18, 20, 160, 3, 34128, 25552, 28867, 2, 0, 0, 316
335,3,3, 1056012,benign, 794, 148, 8574, 0, 5827, 2692, 2, 464, 699, 0, 201, 33626, 397, 3, 42, 7386, 307, 453, 5, 14201, 10301, 19556, 0, 0, 25, 4716, 4887, 8477, 41, 0, 0, 18, 20, 367, 2, 34568, 26010, 29484, 2, 0, 0, 319
336,3,0, 1060117,benign, 553, 149, 8558, 0, 5824, 2689, 1, 464, 699, 0, 194, 33305, 397, 3, 39, 6667, 318, 454, 5, 13499, 9474, 19504, 0, 0, 25, 4774, 4943, 8483, 42, 0, 0, 18, 20, 158, 3, 34149, 25477, 28758, 2, 0, 0, 317
337,6,30, 1050958,benign, 644, 148, 8556, 0, 5823, 2694, 2, 464, 699, 0, 197, 33617, 397, 3, 41, 7124, 326, 446, 5, 13861, 9824, 19503, 0, 0, 25, 4719, 4922, 8484, 42, 0, 0, 18, 20, 166, 3, 34282, 25632, 28897, 2, 0, 0, 319
338,10,31, 1053826,benign, 785, 148, 8572, 0, 5828, 2692, 2, 464, 700, 0, 197, 33817, 397, 3, 41, 7730, 315, 677, 5, 13984, 10011, 19544, 0, 0, 25, 4787, 4935, 8487, 42, 0, 0, 18, 20, 160, 3, 35013, 25991, 29277, 2, 0, 0, 317
339,2,28, 1058495,benign, 605, 148, 8569, 0, 5829, 2694, 1, 464, 699, 0, 199, 33627, 397, 3, 43, 7123, 343, 442, 6, 13390, 9444, 19511, 0, 0, 25, 4772, 4952, 8487, 42, 0, 0, 18, 20, 160, 3, 34368, 25238, 28518, 2, 0, 0, 384
340,2,20, 1052559,benign, 665, 149, 8564, 0, 5826, 2690, 2, 464, 699, 0, 198, 33684, 397, 3, 41, 6838, 305, 570, 5, 13655, 9685, 19491, 0, 0, 25, 4715, 4878, 8482, 42, 0, 0, 18, 20, 158, 3, 34520, 25851, 29118, 2, 0, 0, 317
341,6,29, 1054499,benign, 700, 150, 8566, 0, 5822, 2688, 2, 464, 699, 0, 200, 33893, 397, 3, 41, 7513, 282, 445, 5, 13544, 9564, 19496, 0, 0, 25, 4702, 4900, 8479, 42, 0, 0, 18, 20, 159, 3, 34534, 25734, 29018, 2, 0, 0, 317
342,10,31, 1055463,benign, 520, 147, 8557, 0, 5822, 2688, 2, 464, 700, 0, 190, 33362, 397, 3, 40, 6948, 323, 498, 5, 13049, 8935, 19512, 0, 0, 25, 4563, 5279, 8490, 42, 0, 0, 19, 23, 155, 2, 33792, 24867, 28150, 1, 0, 0, 384
343,6,20, 1059741,benign, 628, 148, 8560, 0, 5824, 2690, 2, 464, 699, 0, 197, 33814, 397, 3, 41, 6603, 291, 444, 5, 13258, 9210, 19500, 0, 0, 25, 4743, 4900, 8481, 42, 0, 0, 18, 20, 164, 2, 34596, 25519, 28859, 2, 0, 0, 320
344,9,14, 1053359,benign, 708, 146, 8562, 4, 5827, 2689, 5, 464, 699, 0, 200, 33358, 397, 3, 41, 7223, 286, 446, 5, 13508, 9548, 19490, 0, 0, 25, 4744, 4866, 8479, 41, 0, 0, 18, 20, 158, 3, 34487, 25485, 28760, 2, 0, 0, 317
345,0,22, 1056620,benign, 633, 146, 8569, 0, 5827, 2691, 2, 464, 699, 0, 212, 33785, 397, 3, 41, 7227, 306, 445, 5, 13302, 9320, 19498, 0, 0, 25, 4749, 4898, 8492, 42, 0, 0, 18, 20, 160, 3, 34120, 25887, 29171, 2, 0, 0, 323
346,2,15, 1053454,benign, 641, 148, 8570, 4, 5826, 2688, 1, 464, 699, 0, 201, 33496, 397, 3, 41, 6951, 326, 443, 5, 13265, 9222, 19473, 0, 0, 25, 4781, 4959, 8492, 42, 0, 0, 18, 20, 158, 3, 34105, 25334, 28623, 2, 0, 0, 323
347,2,24, 1054408,benign, 733, 149, 8564, 0, 5826, 2688, 1, 464, 699, 0, 206, 33934, 397, 3, 39, 7271, 294, 437, 5, 13772, 9771, 19512, 0, 0, 25, 4734, 4858, 8479, 42, 0, 0, 18, 20, 153, 2, 34367, 26051, 29313, 1, 0, 0, 317
348,4,28, 1056198,benign, 589, 149, 8570, 4, 5825, 2691, 1, 464, 699, 0, 202, 33185, 397, 3, 43, 6737, 297, 442, 5, 13291, 9342, 19491, 0, 0, 25, 4718, 4874, 8492, 42, 0, 0, 18, 20, 158, 4, 34140, 25276, 28616, 2, 0, 0, 319
349,9,8, 1052772,benign, 678, 148, 8568, 0, 5824, 2694, 1, 464, 699, 0, 196, 33557, 397, 3, 41, 7299, 322, 443, 5, 13966, 9976, 19518, 0, 0, 25, 4791, 4939, 8492, 42, 0, 0, 18, 20, 160, 3, 34425, 25607, 29068, 2, 0, 0, 379
350,6,5, 1054547,benign, 813, 148, 8578, 0, 5828, 2691, 1, 464, 700, 0, 200, 34270, 397, 3, 44, 7723, 328, 442, 5, 14158, 10204, 19541, 0, 0, 25, 4700, 4906, 8480, 42, 0, 0, 18, 20, 158, 3, 34444, 26100, 29355, 2, 0, 0, 320
351,5,10, 1059086,benign, 656, 148, 8566, 4, 5823, 2689, 1, 464, 700, 0, 200, 33748, 397, 3, 44, 7377, 311, 514, 5, 13126, 9157, 19473, 0, 0, 25, 4806, 4839, 8483, 42, 0, 0, 18, 20, 159, 3, 34175, 25494, 28768, 2, 0, 0, 320
352,7,21, 1054904,benign, 761, 148, 8572, 0, 5825, 2689, 2, 464, 699, 0, 198, 34044, 397, 3, 42, 7337, 329, 573, 5, 13883, 9940, 19500, 0, 0, 25, 4845, 4889, 8489, 42, 0, 0, 18, 20, 158, 3, 34598, 26135, 29547, 2, 0, 0, 317
353,3,21, 1057671,benign, 747, 148, 8576, 0, 5829, 2687, 1, 464, 699, 0, 196, 33619, 397, 3, 41, 7567, 330, 438, 5, 14201, 10004, 19543, 0, 0, 25, 4720, 4889, 8487, 42, 0, 0, 18, 20, 153, 2, 34560, 26050, 29330, 1, 0, 0, 319
354,4,23, 1057186,benign, 635, 149, 8553, 4, 5826, 2694, 2, 464, 699, 0, 193, 33560, 397, 3, 41, 6981, 300, 446, 5, 13392, 9368, 19477, 0, 0, 25, 4706, 4890, 8484, 42, 0, 0, 18, 20, 158, 4, 34328, 25489, 28785, 2, 0, 0, 317
355,10,3, 1054292,benign, 647, 149, 8557, 0, 5821, 2693, 1, 464, 694, 0, 199, 33348, 392, 3, 43, 7219, 343, 446, 5, 13638, 9462, 19477, 0, 0, 25, 4727, 4880, 8489, 42, 0, 0, 18, 20, 160, 3, 34126, 25826, 29092, 2, 0, 0, 316
356,3,27, 1053594,SDC, 519, 147, 8555, 0, 5823, 2693, 1, 464, 699, 0, 188, 33129, 397, 3, 41, 6403, 281, 511, 5, 13598, 9596, 19516, 0, 0, 25, 4683, 4908, 8476, 42, 0, 0, 18, 20, 158, 3, 33748, 25097, 28376, 2, 0, 0, 316
357,6,21, 1059765,benign, 621, 148, 8563, 0, 5826, 2693, 2, 464, 699, 0, 198, 33535, 397, 3, 42, 6862, 293, 450, 5, 13790, 9824, 19517, 0, 0, 25, 4734, 4910, 8491, 42, 0, 0, 18, 20, 158, 3, 33974, 25451, 28797, 2, 0, 0, 318
358,8,25, 1053127,benign, 784, 149, 8573, 4, 5829, 2698, 2, 464, 699, 0, 198, 33831, 397, 3, 41, 7519, 322, 442, 5, 13696, 9759, 19506, 0, 0, 25, 4714, 4903, 8483, 42, 0, 0, 18, 20, 158, 3, 34360, 26034, 29526, 2, 0, 0, 316
359,7,22, 1060004,benign, 620, 149, 8567, 0, 5825, 2691, 2, 464, 700, 0, 196, 33925, 397, 3, 42, 7127, 490, 448, 5, 13494, 9498, 19503, 0, 0, 25, 4737, 4870, 8484, 42, 0, 0, 18, 20, 159, 3, 34365, 25774, 29082, 2, 0, 0, 317
360,9,2, 1052705,benign, 728, 146, 8573, 0, 5821, 2685, 2, 464, 699, 0, 194, 34220, 397, 3, 42, 7440, 326, 513, 5, 13975, 9764, 19507, 0, 0, 25, 4772, 4838, 8487, 42, 0, 0, 18, 20, 160, 3, 34260, 25868, 29175, 2, 0, 0, 319
361,0,19, 1056451,benign, 762, 147, 8564, 4, 5823, 2689, 1, 464, 699, 0, 195, 33682, 397, 3, 42, 7680, 306, 444, 5, 13855, 9871, 19484, 0, 0, 25, 4779, 4831, 8483, 42, 0, 0, 18, 20, 157, 3, 34224, 25694, 28985, 2, 0, 0, 317
362,5,17, 1058360,benign, 767, 146, 8577, 0, 5827, 2689, 1, 464, 699, 0, 200, 34178, 397, 3, 43, 7244, 307, 486, 5, 13624, 9677, 19531, 0, 0, 25, 4819, 4818, 8478, 41, 0, 0, 18, 20, 160, 3, 34365, 25704, 28957, 2, 0, 0, 317
363,10,5, 1057399,benign, 685, 146, 8573, 0, 5827, 2690, 1, 464, 699, 0, 203, 34073, 397, 3, 41, 7265, 327, 454, 5, 13815, 9800, 19506, 0, 0, 25, 4708, 4894, 8477, 42, 0, 0, 18, 20, 160, 4, 34207, 25520, 28815, 2, 0, 0, 317
364,10,21, 1054802,benign, 536, 149, 8563, 4, 5822, 2693, 1, 464, 694, 0, 195, 33092, 392, 3, 41, 6898, 276, 445, 5, 13175, 8978, 19464, 0, 0, 25, 4834, 5003, 8496, 42, 0, 0, 18, 20, 160, 3, 34242, 25123, 28365, 2, 0, 0, 319
365,3,13, 1051028,SDC, 639, 146, 8561, 4, 5826, 2696, 1, 464, 699, 0, 203, 33193, 397, 3, 43, 7328, 316, 574, 5, 13367, 9375, 19473, 0, 0, 25, 4700, 4898, 8489, 42, 0, 0, 18, 20, 167, 3, 33948, 25221, 28502, 2, 0, 0, 317
366,3,26, 1054460,benign, 518, 148, 8558, 4, 5826, 2686, 2, 464, 699, 0, 198, 33291, 397, 3, 43, 6940, 303, 640, 5, 13265, 9232, 19477, 0, 0, 25, 4835, 4895, 8487, 42, 0, 0, 18, 20, 284, 3, 33910, 25798, 29043, 2, 0, 0, 317
367,7,27, 1050464,benign, 557, 148, 8558, 0, 5823, 2696, 4, 464, 694, 0, 194, 33739, 392, 3, 43, 6773, 433, 444, 5, 13354, 9434, 19495, 0, 0, 25, 4757, 4972, 8484, 42, 0, 0, 18, 20, 161, 3, 34215, 25480, 28772, 2, 0, 0, 384
368,3,19, 1050647,SDC, 663, 150, 8563, 0, 5823, 2689, 2, 464, 699, 0, 202, 33923, 397, 3, 44, 7363, 320, 444, 5, 13711, 9753, 19513, 0, 0, 25, 4709, 4886, 8479, 41, 0, 0, 18, 20, 160, 3, 34299, 25486, 28879, 2, 0, 0, 317
369,0,2, 1054295,benign, 676, 147, 8564, 0, 5823, 2688, 1, 464, 699, 0, 194, 33715, 397, 3, 42, 7156, 345, 447, 5, 13389, 9442, 19483, 0, 0, 25, 4789, 4983, 8475, 42, 0, 0, 18, 20, 159, 3, 34432, 25592, 28933, 2, 0, 0, 317
370,0,22, 1054722,benign, 556, 147, 8563, 0, 5826, 2692, 1, 464, 699, 0, 199, 33277, 397, 3, 41, 7145, 310, 438, 5, 13197, 9263, 19506, 0, 0, 25, 4785, 4935, 8486, 42, 0, 0, 18, 20, 152, 2, 34046, 25632, 28963, 1, 0, 0, 379
371,4,11, 1051114,benign, 818, 148, 8581, 0, 5829, 2695, 1, 464, 699, 0, 204, 34292, 397, 3, 41, 7473, 279, 444, 5, 13915, 9783, 19513, 0, 0, 25, 4735, 4914, 8493, 42, 0, 0, 18, 20, 166, 4, 34517, 25852, 29134, 2, 0, 0, 320
372,7,1, 1059902,benign, 607, 146, 8571, 0, 5828, 2693, 1, 464, 699, 0, 197, 33425, 397, 3, 41, 6963, 300, 506, 5, 13365, 9402, 19506, 0, 0, 25, 5059, 4703, 8488, 42, 0, 0, 18, 20, 158, 4, 34033, 25909, 29405, 2, 0, 0, 411
373,0,9, 1052846,benign, 665, 147, 8569, 0, 5828, 2695, 2, 464, 699, 0, 194, 33508, 397, 3, 41, 7386, 337, 582, 5, 13599, 9636, 19536, 0, 0, 25, 4711, 4883, 8488, 41, 0, 0, 18, 20, 159, 3, 34603, 25343, 28643, 2, 0, 0, 407
374,1,0, 1054485,benign, 729, 146, 8563, 4, 5818, 2696, 2, 464, 694, 0, 198, 33585, 392, 3, 43, 7456, 309, 451, 5, 13593, 9599, 19471, 0, 0, 25, 4754, 4885, 8474, 42, 0, 0, 18, 20, 158, 4, 34326, 25514, 28987, 2, 0, 0, 319
375,2,28, 1057236,SDC, 765, 146, 8573, 4, 5828, 2694, 1, 464, 699, 0, 206, 34075, 397, 3, 42, 7352, 307, 504, 5, 13845, 9867, 19483, 0, 0, 25, 4736, 4864, 8484, 42, 0, 0, 18, 20, 161, 3, 34414, 25880, 29163, 2, 0, 0, 321
376,8,9, 1058436,benign, 642, 147, 8563, 0, 5822, 2686, 2, 464, 699, 0, 196, 34063, 397, 3, 42, 7302, 309, 503, 5, 13626, 9637, 19488, 0, 0, 25, 4785, 4827, 8490, 42, 0, 0, 18, 20, 161, 3, 34445, 25248, 28537, 2, 0, 0, 317
377,3,30, 1053441,benign, 719, 147, 8573, 4, 5822, 2692, 1, 464, 694, 0, 199, 33427, 392, 3, 42, 7444, 276, 527, 5, 13359, 9479, 19456, 0, 0, 25, 4787, 4943, 8488, 42, 0, 0, 18, 20, 158, 4, 34223, 25674, 29154, 2, 0, 0, 320
378,1,31, 1056888,SDC, 813, 146, 8567, 0, 5828, 2693, 2, 464, 699, 0, 200, 34107, 397, 3, 41, 7557, 297, 501, 5, 14067, 10088, 19537, 0, 0, 25, 4803, 4843, 8481, 40, 0, 0, 18, 20, 158, 4, 34583, 25786, 29067, 2, 0, 0, 379
379,3,11, 1059133,benign, 788, 148, 8570, 4, 5830, 2696, 1, 464, 699, 0, 197, 33928, 397, 3, 42, 7540, 278, 442, 5, 13945, 9974, 19482, 0, 0, 25, 4802, 4850, 8496, 42, 0, 0, 18, 20, 160, 3, 34426, 25706, 28994, 2, 0, 0, 379
380,8,25, 1059116,benign, 775, 146, 8574, 0, 5828, 2694, 2, 464, 699, 0, 193, 34031, 397, 3, 43, 7714, 319, 652, 5, 14244, 10266, 19548, 0, 0, 25, 4970, 4768, 8484, 42, 0, 0, 18, 20, 161, 2, 34856, 26049, 29349, 1, 0, 0, 319
381,4,14, 1057689,benign, 525, 147, 8564, 0, 5824, 2697, 2, 464, 694, 0, 199, 33779, 392, 3, 42, 6772, 305, 461, 5, 13608, 9452, 19502, 0, 0, 25, 4691, 4902, 8461, 42, 0, 0, 18, 20, 179, 3, 33890, 25462, 28803, 2, 0, 0, 376
382,3,8, 1050079,SDC, 528, 149, 8549, 0, 5820, 2697, 2, 464, 694, 0, 196, 33631, 392, 3, 41, 6964, 307, 520, 5, 13197, 9153, 19481, 0, 0, 25, 4756, 4968, 8476, 42, 0, 0, 18, 20, 168, 3, 34276, 25302, 28625, 2, 0, 0, 317
383,2,12, 1049921,SDC, 609, 147, 8574, 0, 5828, 2691, 1, 464, 699, 0, 205, 33799, 397, 3, 42, 7070, 331, 502, 5, 13721, 9810, 19514, 0, 0, 25, 4739, 4863, 8485, 42, 0, 0, 18, 20, 166, 3, 34164, 25401, 28719, 2, 0, 0, 320
384,0,1, 1052815,benign, 716, 146, 8572, 0, 5824, 2691, 1, 464, 699, 0, 197, 33612, 397, 3, 43, 7164, 329, 445, 5, 13771, 9838, 19495, 0, 0, 25, 4806, 4960, 8487, 42, 0, 0, 18, 20, 159, 3, 34553, 25773, 29052, 2, 0, 0, 384
385,5,2, 1056170,benign, 654, 148, 8560, 0, 5824, 2693, 1, 464, 699, 0, 201, 33921, 397, 3, 41, 6724, 328, 513, 5, 13600, 9644, 19512, 0, 0, 25, 4720, 4878, 8480, 42, 0, 0, 18, 20, 160, 4, 34015, 25828, 29099, 2, 0, 0, 319
386,0,10, 1054074,benign, 672, 147, 8563, 0, 5828, 2690, 1, 464, 699, 0, 194, 33860, 397, 3, 40, 7416, 302, 444, 5, 13482, 9516, 19513, 0, 0, 25, 4697, 4890, 8484, 42, 0, 0, 18, 20, 252, 3, 34630, 25727, 29105, 2, 0, 0, 319
387,7,25, 1054994,benign, 579, 149, 8565, 1, 5826, 2690, 3, 464, 699, 0, 201, 33452, 397, 3, 41, 6623, 318, 444, 5, 13558, 9599, 19531, 0, 0, 25, 4773, 4955, 8488, 42, 0, 0, 18, 20, 202, 3, 34062, 25660, 29139, 1, 0, 0, 447
388,4,2, 1051739,benign, 594, 146, 8568, 4, 5829, 2693, 1, 464, 699, 0, 199, 33401, 397, 3, 41, 7083, 274, 445, 5, 13238, 9217, 19466, 0, 0, 25, 4801, 4833, 8480, 42, 0, 0, 18, 20, 158, 3, 33913, 25542, 28916, 2, 0, 0, 377
389,9,25, 1053016,benign, 659, 147, 8568, 0, 5823, 2689, 6, 464, 699, 0, 201, 33387, 397, 3, 41, 7002, 251, 443, 5, 13263, 9328, 19501, 0, 0, 25, 4716, 4893, 8476, 42, 0, 0, 18, 20, 160, 4, 34611, 26048, 29331, 2, 0, 0, 321
390,6,8, 1054127,benign, 754, 149, 8576, 0, 5824, 2686, 1, 464, 700, 0, 196, 33862, 397, 3, 41, 7326, 313, 442, 5, 14085, 10054, 19539, 0, 0, 25, 4800, 4965, 8472, 42, 0, 0, 18, 20, 158, 4, 34972, 25767, 29064, 2, 0, 0, 317
391,8,6, 1056961,benign, 516, 146, 8553, 0, 5818, 2689, 1, 464, 699, 0, 188, 33299, 397, 3, 43, 6590, 298, 442, 5, 13322, 9291, 19457, 0, 0, 25, 4440, 5159, 8462, 42, 0, 0, 18, 20, 158, 4, 33784, 25348, 28675, 1, 0, 0, 316
392,9,22, 1059822,benign, 717, 148, 8570, 0, 5827, 2690, 1, 464, 699, 0, 196, 33662, 397, 3, 41, 7179, 331, 445, 5, 13728, 9709, 19514, 0, 0, 25, 4776, 4948, 8486, 41, 0, 0, 18, 20, 158, 4, 34468, 25825, 29099, 2, 0, 0, 319
393,8,5, 1055889,benign, 509, 148, 8553, 0, 5825, 2693, 2, 464, 699, 0, 191, 33371, 397, 3, 42, 6571, 288, 495, 5, 12937, 8832, 19495, 0, 0, 25, 4515, 5085, 8484, 36, 0, 0, 18, 20, 158, 3, 33756, 25137, 28416, 1, 0, 0, 320
394,10,16, 1059527,benign, 663, 148, 8575, 0, 5831, 2697, 1, 464, 699, 0, 195, 33443, 397, 3, 42, 7250, 323, 655, 5, 13816, 9818, 19521, 0, 0, 25, 4727, 4918, 8489, 42, 0, 0, 19, 23, 160, 3, 34723, 25416, 28695, 2, 0, 0, 634
395,9,9, 1054319,benign, 766, 147, 8562, 0, 5820, 2697, 1, 464, 694, 0, 204, 33644, 392, 3, 42, 7504, 324, 504, 5, 13720, 9767, 19485, 0, 0, 25, 4719, 4890, 8491, 42, 0, 0, 18, 20, 158, 3, 34416, 25933, 29206, 2, 0, 0, 326
396,3,29, 1057539,SDC, 638, 146, 8563, 0, 5825, 2689, 2, 464, 699, 0, 194, 33351, 397, 3, 41, 6920, 288, 636, 5, 13134, 9246, 19506, 0, 0, 25, 4717, 4889, 8492, 42, 0, 0, 18, 20, 160, 3, 34591, 25238, 28502, 2, 0, 0, 384
397,8,15, 1053595,benign, 792, 147, 8583, 0, 5825, 2694, 1, 464, 699, 0, 196, 33869, 397, 3, 41, 7350, 322, 451, 5, 13779, 9861, 19516, 0, 0, 25, 4714, 4892, 8482, 42, 0, 0, 18, 20, 157, 4, 34417, 25929, 29203, 2, 0, 0, 555
398,10,6, 1058623,benign, 802, 147, 8576, 0, 5826, 2687, 1, 464, 699, 0, 205, 34233, 397, 3, 43, 8001, 286, 446, 5, 13879, 9877, 19498, 0, 0, 25, 4823, 5026, 8487, 42, 0, 0, 18, 20, 160, 3, 34609, 25896, 29190, 2, 0, 0, 319
399,6,30, 1058625,benign, 640, 148, 8561, 4, 5826, 2693, 1, 464, 699, 0, 199, 33560, 397, 3, 43, 6721, 304, 445, 5, 13636, 9449, 19471, 0, 0, 25, 4771, 4828, 8479, 42, 0, 0, 18, 20, 158, 3, 33982, 25467, 28745, 2, 0, 0, 317
400,7,2, 1054428,benign, 553, 147, 8560, 0, 5825, 2692, 3, 464, 699, 0, 202, 33580, 397, 3, 42, 6479, 286, 444, 5, 13523, 9415, 19504, 0, 0, 25, 4696, 4911, 8483, 42, 0, 0, 18, 20, 158, 4, 33974, 25236, 28607, 2, 0, 0, 316
401,9,13, 1050502,benign, 505, 149, 8548, 5, 5820, 2692, 1, 464, 694, 1, 197, 33318, 392, 3, 47, 6558, 384, 539, 7, 13277, 9032, 19460, 0, 0, 25, 4684, 4920, 8494, 42, 0, 0, 18, 20, 263, 8, 34242, 25389, 28654, 4, 0, 0, 316
402,3,7, 1050040,SDC, 704, 147, 8571, 0, 5827, 2693, 2, 464, 700, 0, 196, 33913, 397, 3, 42, 7123, 326, 444, 5, 13501, 9538, 19501, 0, 0, 25, 4714, 4881, 8484, 42, 0, 0, 18, 20, 157, 4, 34661, 25770, 29043, 2, 0, 0, 319
403,7,21, 1055369,benign, 809, 146, 8582, 0, 5831, 2696, 2, 464, 699, 0, 209, 33971, 397, 3, 41, 7817, 289, 444, 5, 13672, 9735, 19513, 0, 0, 25, 4771, 4836, 8494, 42, 0, 0, 18, 20, 159, 2, 35020, 25891, 29173, 2, 0, 0, 318
404,0,27, 1059939,benign, 580, 148, 8556, 4, 5817, 2691, 4, 464, 694, 0, 195, 33672, 392, 3, 41, 6810, 325, 445, 5, 13335, 9302, 19459, 0, 0, 25, 4910, 4682, 8477, 42, 0, 0, 18, 20, 167, 3, 33932, 25155, 28690, 2, 0, 0, 317
405,2,5, 1052480,SDC, 688, 147, 8559, 0, 5823, 2689, 1, 464, 699, 0, 195, 33635, 397, 3, 41, 7421, 294, 444, 5, 13601, 9579, 19514, 0, 0, 25, 4957, 4774, 8482, 42, 0, 0, 18, 20, 158, 3, 34441, 26050, 29321, 2, 0, 0, 320
406,10,17, 1054877,benign, 565, 147, 8550, 0, 5831, 2695, 1, 464, 699, 0, 194, 33591, 397, 3, 41, 6946, 331, 446, 5, 13562, 9537, 19497, 0, 0, 25, 4712, 4891, 8486, 42, 0, 0, 18, 20, 157, 3, 34273, 25661, 28930, 2, 0, 0, 321
407,1,8, 1051366,benign, 625, 146, 8566, 0, 5830, 2694, 1, 464, 699, 0, 194, 33363, 397, 3, 41, 6848, 317, 511, 5, 13688, 9723, 19500, 0, 0, 25, 4738, 4859, 8487, 42, 0, 0, 19, 23, 162, 4, 34064, 25793, 29161, 2, 0, 0, 319
408,5,24, 1052973,benign, 563, 146, 8553, 0, 5829, 2695, 1, 464, 699, 0, 200, 33591, 397, 3, 41, 6894, 334, 445, 5, 13010, 9096, 19520, 0, 0, 25, 4713, 4885, 8487, 42, 0, 0, 18, 20, 168, 3, 34049, 25702, 28971, 2, 0, 0, 384
409,9,9, 1051209,benign, 548, 150, 8545, 1, 5822, 2691, 1, 464, 699, 0, 197, 33357, 397, 3, 43, 6597, 328, 506, 5, 13220, 9223, 19499, 0, 0, 25, 5017, 4708, 8482, 42, 0, 0, 18, 20, 157, 3, 33966, 25219, 28541, 2, 0, 0, 317
410,4,4, 1050906,benign, 549, 147, 8555, 0, 5824, 2689, 2, 464, 699, 0, 201, 33352, 397, 3, 39, 6580, 287, 505, 5, 13304, 9313, 19510, 0, 0, 25, 4696, 4909, 8494, 42, 0, 0, 18, 20, 153, 2, 33982, 25418, 28688, 1, 0, 0, 319
411,4,26, 1050658,benign, 544, 147, 8559, 4, 5824, 2697, 1, 464, 694, 0, 197, 33070, 392, 3, 43, 6534, 315, 443, 5, 12922, 8961, 19452, 0, 0, 25, 4703, 4897, 8479, 42, 0, 0, 18, 20, 158, 4, 33591, 25090, 28382, 2, 0, 0, 317
412,2,23, 1051288,SDC, 616, 146, 8567, 0, 5828, 2695, 3, 464, 699, 0, 195, 33787, 397, 3, 41, 6799, 302, 445, 5, 13746, 9756, 19497, 0, 0, 25, 4741, 4875, 8479, 42, 0, 0, 18, 20, 160, 3, 33923, 25392, 28657, 2, 0, 0, 321
413,9,22, 1052527,benign, 675, 149, 8571, 0, 5825, 2689, 2, 464, 699, 0, 196, 33650, 397, 3, 41, 7215, 344, 444, 5, 13396, 9410, 19504, 0, 0, 25, 4717, 4891, 8485, 42, 0, 0, 18, 20, 157, 4, 34419, 25639, 28929, 2, 0, 0, 375
414,0,13, 1054702,benign, 569, 148, 8569, 0, 5831, 2696, 1, 464, 699, 0, 196, 33334, 397, 3, 43, 7067, 321, 443, 5, 13226, 9240, 19506, 0, 0, 25, 4906, 4956, 8487, 42, 0, 0, 18, 20, 160, 3, 33884, 25777, 29069, 2, 0, 0, 321
415,10,30, 1051558,benign, 650, 149, 8566, 0, 5823, 2690, 1, 464, 699, 0, 197, 33909, 397, 3, 41, 7343, 299, 574, 5, 13955, 9972, 19508, 0, 0, 25, 4726, 4878, 8482, 42, 0, 0, 19, 23, 160, 4, 34376, 25563, 28835, 2, 0, 0, 317
416,0,2, 1054050,benign, 817, 147, 8569, 0, 5825, 2689, 1, 464, 699, 0, 200, 33829, 397, 3, 41, 7664, 330, 452, 5, 14238, 10234, 19548, 0, 0, 25, 4779, 4828, 8478, 42, 0, 0, 18, 20, 160, 3, 35166, 25772, 29060, 2, 0, 0, 319
417,0,27, 1059325,benign, 747, 148, 8570, 0, 5828, 2695, 5, 464, 699, 0, 198, 33995, 397, 3, 42, 7521, 300, 443, 5, 13755, 9766, 19499, 0, 0, 25, 4739, 4870, 8482, 42, 0, 0, 18, 20, 158, 3, 34402, 25963, 29393, 2, 0, 0, 379
418,8,30, 1057081,benign, 767, 163, 8577, 0, 5826, 2688, 1, 464, 699, 0, 192, 33906, 397, 3, 41, 7471, 323, 453, 5, 13988, 10034, 19531, 0, 0, 25, 4788, 4948, 8469, 42, 0, 0, 18, 20, 160, 3, 34397, 25757, 29018, 2, 0, 0, 317
419,10,8, 1057323,benign, 752, 147, 8576, 3, 5826, 2691, 5, 464, 699, 0, 201, 34105, 397, 3, 42, 7416, 284, 450, 5, 13695, 9749, 19479, 0, 0, 25, 4853, 5011, 8476, 42, 0, 0, 18, 20, 159, 3, 34400, 25462, 28897, 2, 0, 0, 317
420,4,28, 1058044,benign, 601, 147, 8563, 0, 5822, 2691, 2, 464, 699, 0, 195, 33930, 397, 3, 45, 6740, 332, 444, 6, 13590, 9548, 19492, 0, 0, 25, 4747, 4890, 8486, 42, 0, 0, 19, 23, 216, 2, 34058, 25597, 28866, 2, 0, 0, 384
421,7,0, 1052582,benign, 755, 147, 8579, 0, 5827, 2693, 2, 464, 699, 0, 204, 34433, 397, 3, 41, 7680, 301, 453, 5, 13982, 9994, 19509, 0, 0, 25, 4731, 4876, 8484, 42, 0, 0, 18, 20, 190, 3, 34415, 25670, 29009, 2, 0, 0, 319
422,5,18, 1057266,benign, 610, 147, 8563, 0, 5829, 2687, 1, 464, 699, 0, 207, 33516, 397, 3, 41, 6885, 287, 446, 5, 13328, 9288, 19511, 0, 0, 25, 4782, 4943, 8488, 42, 0, 0, 18, 20, 158, 2, 33852, 25698, 28989, 2, 0, 0, 385
423,0,18, 1052721,benign, 721, 147, 8579, 0, 5825, 2693, 1, 464, 699, 0, 205, 33803, 397, 3, 41, 7326, 311, 656, 5, 13327, 9367, 19497, 0, 0, 25, 4714, 4875, 8487, 42, 0, 0, 18, 20, 158, 3, 34385, 25601, 28902, 2, 0, 0, 319
424,8,19, 1056030,benign, 765, 147, 8571, 0, 5824, 2693, 1, 464, 699, 0, 193, 34018, 397, 3, 42, 7573, 272, 445, 5, 13717, 9733, 19509, 0, 0, 25, 4841, 4884, 8486, 42, 0, 0, 18, 20, 158, 3, 34742, 25804, 29120, 2, 0, 0, 317
425,8,19, 1057790,benign, 655, 147, 8568, 4, 5825, 2689, 2, 464, 699, 0, 193, 33565, 397, 3, 41, 7082, 309, 445, 5, 13479, 9483, 19479, 0, 0, 25, 4714, 4890, 8482, 42, 0, 0, 18, 20, 158, 4, 34009, 25147, 28431, 2, 0, 0, 321
426,1,29, 1054856,benign, 628, 146, 8565, 0, 5823, 2687, 1, 464, 699, 0, 196, 33413, 397, 3, 42, 6869, 291, 445, 5, 13450, 9459, 19501, 0, 0, 25, 4712, 4893, 8490, 42, 0, 0, 18, 20, 299, 4, 34639, 25618, 28912, 2, 0, 0, 378
427,7,13, 1052978,benign, 720, 147, 8566, 1, 5827, 2686, 1, 464, 699, 0, 198, 34119, 397, 3, 42, 7603, 294, 457, 5, 13865, 9922, 19504, 0, 0, 25, 4809, 4956, 8480, 41, 0, 0, 18, 20, 166, 3, 34480, 25865, 29163, 2, 0, 0, 379
428,7,15, 1056193,benign, 589, 149, 8557, 0, 5825, 2688, 1, 464, 700, 0, 197, 33776, 397, 3, 42, 6805, 414, 446, 5, 13532, 9397, 19501, 0, 0, 25, 5033, 4693, 8483, 42, 0, 0, 18, 20, 160, 3, 34660, 25637, 29176, 2, 0, 0, 318
429,9,2, 1052014,benign, 507, 148, 8554, 4, 5830, 2696, 1, 464, 699, 0, 195, 33388, 397, 3, 41, 6545, 306, 519, 5, 13049, 9028, 19479, 0, 0, 25, 4453, 5156, 8484, 42, 0, 0, 18, 20, 166, 2, 33790, 25121, 28411, 2, 0, 0, 319
430,1,20, 1050100,benign, 525, 147, 8561, 0, 5828, 2694, 2, 464, 699, 0, 190, 33407, 397, 3, 40, 6533, 309, 451, 5, 13201, 9192, 19505, 0, 0, 25, 4511, 5099, 8476, 36, 0, 0, 18, 20, 158, 4, 34147, 25194, 28487, 2, 0, 0, 319
431,8,19, 1059519,benign, 808, 150, 8576, 0, 5829, 2695, 6, 464, 700, 0, 200, 33864, 397, 3, 44, 7674, 313, 503, 5, 14115, 10094, 19530, 0, 0, 25, 4718, 4927, 8479, 42, 0, 0, 18, 20, 158, 4, 34976, 25853, 29133, 2, 0, 0, 316
432,2,24, 1059155,benign, 753, 146, 8569, 0, 5829, 2694, 3, 464, 699, 0, 199, 34285, 397, 3, 42, 7162, 297, 509, 5, 13760, 9722, 19500, 0, 0, 25, 4728, 4872, 8489, 41, 0, 0, 18, 20, 160, 4, 34795, 26239, 29691, 2, 0, 0, 316
433,7,14, 1057239,benign, 531, 148, 8555, 0, 5824, 2688, 1, 464, 699, 0, 194, 33412, 397, 3, 41, 6600, 332, 445, 5, 13369, 9380, 19497, 0, 0, 25, 4760, 4842, 8482, 42, 0, 0, 18, 20, 160, 4, 33885, 25469, 28774, 2, 0, 0, 379
434,6,18, 1050187,benign, 603, 146, 8557, 0, 5826, 2691, 1, 464, 699, 0, 203, 33532, 397, 3, 40, 6848, 304, 437, 5, 13684, 9703, 19500, 0, 0, 25, 4805, 4838, 8484, 42, 0, 0, 18, 20, 161, 2, 34215, 25616, 28914, 1, 0, 0, 378
435,4,28, 1052326,benign, 641, 149, 8568, 4, 5826, 2695, 1, 464, 699, 0, 194, 33435, 397, 3, 43, 7037, 286, 445, 5, 13365, 9480, 19459, 0, 0, 25, 4713, 4894, 8485, 42, 0, 0, 18, 20, 158, 3, 33972, 25292, 28678, 2, 0, 0, 317
436,6,26, 1054428,benign, 784, 147, 8575, 0, 5827, 2687, 1, 464, 699, 0, 201, 33987, 397, 3, 41, 7318, 325, 444, 5, 13612, 9735, 19489, 0, 0, 25, 4721, 4888, 8488, 41, 0, 0, 18, 20, 181, 2, 34939, 25841, 29275, 2, 0, 0, 317
437,6,8, 1057946,benign, 785, 148, 8572, 0, 5825, 2685, 1, 464, 699, 0, 196, 33835, 397, 3, 41, 7658, 294, 445, 5, 13852, 9737, 19500, 0, 0, 25, 4713, 4888, 8482, 42, 0, 0, 18, 20, 157, 4, 34494, 26026, 29343, 2, 0, 0, 317
438,0,26, 1058402,benign, 715, 148, 8567, 0, 5827, 2693, 2, 464, 699, 0, 195, 33724, 397, 3, 40, 7104, 327, 499, 5, 13353, 9344, 19495, 0, 0, 25, 4740, 4906, 8482, 42, 0, 0, 18, 20, 153, 2, 34749, 26109, 29383, 1, 0, 0, 319
439,4,28, 1055837,benign, 766, 148, 8576, 0, 5820, 2693, 1, 464, 694, 0, 194, 33764, 392, 3, 41, 7276, 292, 452, 5, 13629, 9631, 19473, 0, 0, 25, 4740, 4903, 8490, 42, 0, 0, 18, 20, 159, 3, 34579, 26041, 29480, 2, 0, 0, 316
440,3,17, 1057719,SDC, 553, 146, 8557, 0, 5823, 2690, 2, 464, 699, 0, 198, 33776, 397, 3, 40, 6869, 287, 440, 5, 13694, 9677, 19504, 0, 0, 25, 4710, 4931, 8492, 42, 0, 0, 18, 20, 153, 2, 33956, 25011, 28400, 1, 0, 0, 439
441,4,25, 1050973,benign, 664, 146, 8564, 0, 5823, 2687, 1, 464, 699, 0, 196, 33727, 397, 3, 45, 7065, 331, 450, 5, 13468, 9622, 19498, 0, 0, 25, 4799, 4843, 8480, 42, 0, 0, 18, 20, 168, 3, 34796, 25345, 28617, 2, 0, 0, 316
442,6,2, 1054545,benign, 576, 149, 8557, 1, 5821, 2687, 1, 464, 699, 0, 199, 33668, 397, 3, 39, 6596, 290, 448, 5, 13322, 9350, 19492, 0, 0, 25, 4718, 4891, 8489, 42, 0, 0, 18, 20, 153, 2, 33959, 25908, 29195, 2, 0, 0, 319
443,4,10, 1051567,benign, 667, 147, 8571, 0, 5832, 2687, 2, 464, 700, 0, 198, 33729, 397, 3, 44, 6838, 292, 511, 5, 13530, 9490, 19502, 0, 0, 25, 4922, 4728, 8502, 42, 0, 0, 18, 20, 168, 3, 34430, 25344, 28638, 2, 0, 0, 324
444,0,7, 1054483,benign, 760, 147, 8575, 3, 5827, 2688, 1, 464, 699, 0, 200, 33915, 397, 3, 40, 7333, 325, 438, 5, 13481, 9420, 19482, 0, 0, 25, 4729, 4886, 8485, 42, 0, 0, 18, 20, 153, 2, 34234, 26210, 29498, 1, 0, 0, 316
445,4,19, 1058244,benign, 614, 147, 8564, 0, 5826, 2692, 1, 464, 694, 0, 201, 33413, 392, 3, 41, 6926, 327, 505, 5, 13234, 9206, 19469, 0, 0, 25, 4734, 4902, 8483, 42, 0, 0, 18, 20, 161, 3, 34139, 25513, 28800, 2, 0, 0, 317
446,1,13, 1052477,SDC, 722, 150, 8565, 0, 5824, 2691, 2, 464, 699, 0, 200, 34021, 397, 3, 41, 7601, 484, 449, 5, 13910, 9897, 19488, 0, 0, 25, 4724, 4883, 8487, 42, 0, 0, 18, 20, 157, 4, 34705, 25902, 29180, 2, 0, 0, 447
447,7,15, 1056205,benign, 793, 147, 8572, 0, 5825, 2689, 1, 464, 699, 0, 199, 33861, 397, 3, 41, 7757, 332, 504, 5, 13872, 9890, 19518, 0, 0, 25, 4838, 4894, 8473, 42, 0, 0, 18, 20, 158, 3, 34802, 25762, 29013, 2, 0, 0, 317
448,9,19, 1058539,benign, 498, 146, 8553, 3, 5824, 2691, 1, 464, 699, 0, 191, 33306, 397, 3, 43, 6556, 356, 503, 5, 13329, 9281, 19473, 0, 0, 25, 4721, 4928, 8486, 36, 0, 0, 18, 20, 158, 3, 33694, 25089, 28383, 1, 0, 0, 320
449,7,5, 1060376,benign, 620, 146, 8564, 4, 5820, 2694, 1, 464, 694, 0, 203, 33604, 392, 3, 41, 6695, 265, 444, 5, 13132, 9169, 19465, 0, 0, 25, 4738, 4898, 8480, 42, 0, 0, 18, 20, 166, 4, 34416, 25315, 28799, 2, 0, 0, 323
450,2,21, 1053716,SDC, 634, 146, 8567, 4, 5824, 2697, 2, 464, 694, 0, 195, 33803, 392, 3, 41, 7382, 325, 455, 5, 13566, 9570, 19472, 0, 0, 25, 4744, 4900, 8475, 42, 0, 0, 18, 20, 160, 3, 34414, 25278, 28575, 2, 0, 0, 319
451,2,8, 1054236,SDC, 651, 147, 8566, 0, 5828, 2694, 2, 464, 699, 0, 201, 33789, 397, 3, 42, 6835, 314, 442, 5, 13538, 9609, 19501, 0, 0, 25, 4711, 4900, 8484, 42, 0, 0, 18, 20, 160, 3, 34548, 25148, 28435, 2, 0, 0, 317
452,8,10, 1053642,benign, 547, 146, 8565, 4, 5829, 2694, 1, 464, 699, 0, 195, 33210, 397, 3, 41, 6752, 333, 518, 5, 13067, 9137, 19472, 0, 0, 25, 4732, 4915, 8489, 42, 0, 0, 18, 20, 157, 3, 33765, 25513, 28774, 2, 0, 0, 379
453,9,19, 1051464,benign, 702, 149, 8570, 0, 5828, 2691, 2, 464, 699, 0, 195, 34025, 397, 3, 43, 7033, 317, 442, 5, 13696, 9755, 19510, 0, 0, 25, 4726, 4893, 8486, 42, 0, 0, 18, 20, 161, 3, 34004, 25760, 29033, 2, 0, 0, 319
454,3,4, 1055225,benign, 753, 147, 8574, 0, 5825, 2689, 1, 464, 699, 0, 206, 33972, 397, 3, 44, 7307, 305, 453, 5, 13969, 9965, 19509, 0, 0, 25, 4728, 4869, 8487, 42, 0, 0, 18, 20, 158, 2, 34564, 25881, 29146, 2, 0, 0, 319
455,10,16, 1057391,benign, 705, 149, 8563, 0, 5819, 2692, 2, 464, 694, 0, 196, 33617, 392, 3, 41, 7255, 327, 504, 5, 14008, 9856, 19512, 0, 0, 25, 4727, 4876, 8478, 41, 0, 0, 18, 20, 160, 3, 34592, 25643, 28957, 2, 0, 0, 318
456,1,0, 1055655,SDC, 685, 147, 8570, 0, 5827, 2691, 1, 464, 699, 0, 196, 33515, 397, 3, 41, 7163, 384, 604, 5, 13940, 9954, 19525, 0, 0, 25, 4700, 4894, 8480, 41, 0, 0, 18, 20, 159, 3, 34848, 26008, 29459, 2, 0, 0, 323
457,7,4, 1055267,benign, 566, 147, 8569, 0, 5825, 2687, 2, 464, 699, 0, 200, 33546, 397, 3, 42, 6948, 286, 454, 5, 13658, 9675, 19498, 0, 0, 25, 4724, 4893, 8488, 42, 0, 0, 18, 20, 158, 4, 33947, 25887, 29167, 2, 0, 0, 319
458,2,28, 1051473,benign, 728, 147, 8567, 0, 5824, 2688, 5, 464, 699, 0, 197, 33803, 397, 3, 41, 7147, 328, 511, 5, 13932, 9786, 19493, 0, 0, 25, 4918, 4691, 8476, 42, 0, 0, 18, 20, 158, 3, 34330, 25702, 29129, 2, 0, 0, 317
459,3,26, 1056263,benign, 788, 146, 8579, 0, 5827, 2693, 1, 464, 699, 0, 196, 34101, 397, 3, 41, 7820, 296, 513, 5, 13838, 9845, 19504, 0, 0, 25, 4780, 4950, 8490, 42, 0, 0, 19, 23, 160, 3, 34702, 26299, 29545, 2, 0, 0, 316
460,6,23, 1058382,benign, 593, 147, 8560, 4, 5826, 2690, 1, 464, 699, 0, 198, 33126, 397, 3, 43, 6868, 455, 448, 5, 13426, 9457, 19481, 0, 0, 25, 4782, 4942, 8484, 42, 0, 0, 18, 20, 159, 3, 34309, 25425, 28699, 2, 0, 0, 379
461,8,28, 1052924,benign, 617, 147, 8565, 0, 5828, 2689, 1, 464, 699, 0, 199, 33421, 397, 3, 41, 6645, 286, 442, 5, 14019, 9813, 19503, 0, 0, 25, 4881, 4918, 8474, 42, 0, 0, 18, 20, 160, 3, 34451, 25548, 28816, 2, 0, 0, 402
462,2,7, 1052566,benign, 778, 147, 8563, 0, 5819, 2689, 1, 464, 694, 0, 197, 34090, 392, 3, 42, 7445, 287, 448, 5, 13852, 9925, 19489, 0, 0, 25, 4774, 4945, 8478, 42, 0, 0, 18, 20, 158, 3, 34718, 25989, 29268, 2, 0, 0, 442
463,3,24, 1058227,SDC, 617, 147, 8562, 0, 5824, 2689, 1, 464, 699, 0, 202, 33895, 397, 3, 41, 6842, 279, 444, 5, 13683, 9655, 19493, 0, 0, 25, 4717, 4892, 8474, 42, 0, 0, 18, 20, 159, 3, 34300, 25434, 28841, 2, 0, 0, 384
464,5,28, 1052854,benign, 787, 146, 8578, 4, 5829, 2689, 2, 464, 699, 0, 196, 33778, 397, 3, 44, 7259, 445, 442, 5, 13648, 9634, 19496, 0, 0, 25, 4787, 4930, 8493, 42, 0, 0, 18, 20, 160, 3, 34458, 25669, 28997, 2, 0, 0, 319
465,10,26, 1059132,benign, 733, 149, 8585, 0, 5827, 2693, 1, 464, 699, 0, 202, 33639, 397, 3, 45, 7090, 293, 444, 5, 13798, 9796, 19503, 0, 0, 25, 4742, 4907, 8482, 41, 0, 0, 18, 20, 160, 3, 34932, 25776, 29052, 2, 0, 0, 319
466,8,12, 1056245,benign, 723, 149, 8574, 0, 5825, 2689, 1, 464, 699, 0, 200, 33924, 397, 3, 41, 7259, 284, 571, 5, 13743, 9741, 19518, 0, 0, 25, 4851, 4880, 8483, 42, 0, 0, 18, 20, 159, 3, 34450, 25977, 29409, 2, 0, 0, 316
467,6,23, 1056310,benign, 491, 148, 8547, 0, 5823, 2688, 1, 464, 699, 0, 190, 33140, 397, 3, 40, 6968, 357, 441, 5, 12772, 8783, 19473, 0, 0, 25, 4454, 5168, 8477, 36, 0, 0, 19, 23, 163, 2, 33823, 24755, 28045, 2, 0, 0, 317
468,3,30, 1059524,benign, 627, 149, 8562, 0, 5829, 2694, 1, 464, 699, 0, 196, 33366, 397, 3, 41, 7287, 290, 446, 5, 13306, 9313, 19488, 0, 0, 25, 4740, 4872, 8479, 42, 0, 0, 18, 20, 160, 3, 34643, 25740, 29030, 2, 0, 0, 317
469,9,31, 1052863,benign, 760, 147, 8575, 4, 5825, 2693, 1, 464, 699, 0, 195, 33575, 397, 3, 41, 7410, 284, 446, 5, 13547, 9551, 19462, 0, 0, 25, 4728, 4900, 8498, 42, 0, 0, 18, 20, 234, 3, 34615, 26161, 29425, 2, 0, 0, 316
470,5,3, 1058276,benign, 541, 147, 8549, 0, 5824, 2688, 1, 464, 699, 0, 196, 33440, 397, 3, 43, 6903, 297, 446, 5, 13304, 9396, 19515, 0, 0, 25, 4756, 4839, 8484, 42, 0, 0, 18, 20, 158, 3, 34137, 25614, 29096, 2, 0, 0, 316
471,5,31, 1050259,benign, 663, 148, 8566, 0, 5823, 2687, 1, 464, 699, 0, 195, 33988, 397, 3, 41, 7242, 295, 440, 5, 13904, 9726, 19484, 0, 0, 25, 4766, 4840, 8486, 42, 0, 0, 18, 20, 153, 2, 34355, 25745, 29137, 1, 0, 0, 320
472,4,17, 1054470,benign, 507, 148, 8560, 4, 5828, 2696, 3, 464, 699, 0, 196, 33339, 397, 3, 41, 6538, 318, 451, 5, 12882, 8931, 19482, 0, 0, 25, 4724, 4923, 8486, 42, 0, 0, 18, 20, 166, 3, 33714, 25311, 28603, 2, 0, 0, 323
473,0,17, 1050008,benign, 751, 147, 8568, 0, 5827, 2695, 3, 464, 699, 0, 199, 34083, 397, 3, 41, 7422, 306, 444, 5, 13778, 9630, 19489, 0, 0, 25, 4864, 5001, 8487, 42, 0, 0, 18, 20, 158, 3, 34812, 25813, 29100, 2, 0, 0, 319
474,9,17, 1056922,benign, 782, 147, 8574, 4, 5827, 2692, 1, 464, 699, 0, 197, 33734, 397, 3, 42, 7397, 290, 455, 5, 13433, 9440, 19460, 0, 0, 25, 4750, 4899, 8485, 42, 0, 0, 18, 20, 158, 4, 34282, 25796, 29202, 1, 0, 0, 319
475,0,10, 1060116,benign, 761, 149, 8570, 0, 5824, 2689, 2, 464, 699, 0, 195, 33794, 397, 3, 41, 7288, 321, 520, 5, 13381, 9484, 19519, 0, 0, 25, 4727, 4873, 8491, 42, 0, 0, 18, 20, 158, 3, 34333, 25768, 29064, 2, 0, 0, 319
476,7,3, 1057245,benign, 714, 148, 8568, 4, 5827, 2690, 3, 464, 699, 0, 194, 33839, 397, 3, 42, 7254, 308, 446, 5, 13472, 9475, 19476, 0, 0, 25, 4785, 4936, 8482, 42, 0, 0, 18, 20, 158, 3, 34194, 25475, 28906, 2, 0, 0, 319
477,5,0, 1056788,benign, 756, 146, 8573, 0, 5822, 2695, 1, 464, 694, 0, 195, 34090, 392, 3, 44, 7522, 288, 450, 5, 13894, 9940, 19499, 0, 0, 25, 4745, 4901, 8486, 42, 0, 0, 18, 20, 158, 4, 34685, 25810, 29143, 2, 0, 0, 319
478,2,23, 1057583,SDC, 699, 148, 8570, 0, 5826, 2691, 2, 464, 699, 0, 197, 33913, 397, 3, 42, 7482, 346, 672, 5, 13783, 9788, 19500, 0, 0, 25, 4971, 4628, 8483, 42, 0, 0, 18, 20, 161, 3, 34497, 25957, 29232, 2, 0, 0, 331
479,8,5, 1055482,benign, 729, 147, 8575, 4, 5826, 2689, 1, 464, 699, 0, 195, 33766, 397, 3, 41, 7283, 493, 444, 5, 13217, 9297, 19470, 0, 0, 25, 4721, 4874, 8481, 42, 0, 0, 18, 20, 160, 3, 34244, 25533, 28958, 2, 0, 0, 317
480,7,7, 1057268,benign, 803, 147, 8568, 0, 5823, 2686, 1, 464, 699, 0, 200, 34300, 397, 3, 41, 7606, 282, 672, 5, 13904, 9954, 19510, 0, 0, 25, 4814, 4967, 8490, 42, 0, 0, 18, 20, 159, 3, 34264, 25959, 29236, 2, 0, 0, 385
481,9,12, 1058498,benign, 514, 148, 8555, 0, 5826, 2690, 1, 464, 699, 0, 188, 33434, 397, 3, 41, 6789, 280, 512, 5, 13130, 8944, 19488, 0, 0, 25, 4458, 5186, 8477, 40, 0, 0, 18, 20, 157, 3, 33855, 25172, 28441, 2, 0, 0, 319
482,9,26, 1059743,benign, 588, 148, 8558, 0, 5829, 2695, 2, 464, 699, 0, 199, 33724, 397, 3, 40, 6614, 329, 438, 5, 13654, 9660, 19509, 0, 0, 25, 4791, 4960, 8483, 41, 0, 0, 18, 20, 153, 2, 33834, 25424, 28909, 1, 0, 0, 419
483,4,22, 1051986,benign, 689, 148, 8555, 0, 5827, 2695, 3, 464, 699, 0, 202, 33730, 397, 3, 42, 7276, 301, 444, 5, 13599, 9615, 19495, 0, 0, 25, 4855, 4904, 8488, 42, 0, 0, 18, 20, 160, 3, 34556, 25319, 28601, 2, 0, 0, 316
484,0,29, 1054953,benign, 717, 146, 8569, 4, 5823, 2686, 1, 464, 699, 0, 195, 33647, 397, 3, 41, 7533, 318, 444, 5, 13543, 9583, 19469, 0, 0, 25, 4785, 4814, 8483, 42, 0, 0, 18, 20, 157, 4, 34360, 25797, 29111, 2, 0, 0, 323
485,9,21, 1056900,benign, 692, 148, 8561, 0, 5823, 2695, 1, 464, 694, 0, 195, 33678, 392, 3, 43, 6883, 307, 446, 5, 13879, 9900, 19481, 0, 0, 25, 4743, 4900, 8481, 42, 0, 0, 18, 20, 159, 3, 34236, 25203, 28528, 1, 0, 0, 317
486,3,24, 1054974,SDC, 652, 148, 8562, 4, 5825, 2694, 1, 464, 699, 0, 204, 33401, 397, 3, 41, 6832, 287, 442, 5, 13419, 9407, 19471, 0, 0, 25, 4729, 4911, 8489, 42, 0, 0, 18, 20, 158, 3, 34361, 25370, 28673, 2, 0, 0, 317
487,9,12, 1054816,benign, 556, 148, 8561, 4, 5827, 2687, 0, 464, 699, 0, 205, 33366, 397, 3, 41, 6649, 301, 444, 5, 13274, 9297, 19484, 0, 0, 25, 4767, 4825, 8486, 41, 0, 0, 18, 20, 167, 4, 33913, 25234, 28506, 2, 0, 0, 317
488,9,26, 1051736,benign, 709, 148, 8564, 1, 5828, 2696, 1, 464, 699, 0, 196, 33437, 397, 3, 40, 7104, 350, 440, 5, 13614, 9663, 19501, 0, 0, 25, 4996, 4650, 8487, 42, 0, 0, 18, 20, 153, 2, 34125, 25648, 28932, 2, 0, 0, 317
489,4,9, 1055502,benign, 694, 147, 8567, 0, 5824, 2687, 1, 464, 699, 0, 197, 33659, 397, 3, 41, 7222, 341, 442, 5, 13758, 9572, 19504, 0, 0, 25, 4711, 4890, 8486, 42, 0, 0, 18, 20, 158, 3, 34164, 25905, 29189, 2, 0, 0, 380
490,9,26, 1055119,benign, 653, 147, 8561, 0, 5825, 2696, 1, 464, 694, 0, 197, 33189, 392, 3, 42, 6953, 535, 443, 5, 13329, 9351, 19491, 0, 0, 25, 4773, 4941, 8482, 42, 0, 0, 18, 20, 158, 4, 34055, 25799, 29034, 2, 0, 0, 316
491,2,13, 1054133,SDC, 809, 146, 8581, 0, 5830, 2696, 1, 464, 699, 0, 201, 33829, 397, 3, 44, 7873, 325, 511, 5, 14175, 10229, 19585, 0, 0, 25, 4702, 4904, 8497, 42, 0, 0, 18, 20, 171, 2, 35195, 26257, 29542, 2, 0, 0, 323
492,5,31, 1059887,benign, 495, 146, 8563, 3, 5828, 2687, 2, 464, 699, 0, 189, 33091, 397, 3, 39, 6299, 306, 574, 5, 12755, 8762, 19490, 0, 0, 25, 4516, 5118, 8473, 34, 0, 0, 19, 23, 354, 3, 34094, 25035, 28372, 1, 0, 0, 316
493,4,22, 1060188,benign, 612, 148, 8568, 0, 5827, 2695, 1, 464, 699, 0, 203, 33436, 397, 3, 42, 7164, 300, 506, 5, 13893, 9942, 19499, 0, 0, 25, 4968, 4633, 8484, 42, 0, 0, 18, 20, 168, 3, 34273, 25584, 28863, 2, 0, 0, 319
494,5,15, 1052429,benign, 751, 148, 8569, 3, 5821, 2688, 1, 464, 699, 0, 198, 33435, 397, 3, 41, 7445, 328, 442, 5, 13447, 9472, 19482, 0, 0, 25, 4797, 4805, 8473, 34, 0, 0, 18, 20, 158, 4, 34286, 26004, 29275, 2, 0, 0, 319
495,0,8, 1058028,benign, 828, 150, 8579, 0, 5826, 2689, 1, 464, 699, 0, 197, 34405, 397, 3, 41, 7945, 330, 457, 5, 13789, 9795, 19496, 0, 0, 25, 4726, 4912, 8481, 42, 0, 0, 18, 20, 158, 3, 34706, 25882, 29145, 2, 0, 0, 319
496,8,12, 1059267,benign, 517, 147, 8565, 0, 5829, 2692, 0, 464, 699, 0, 190, 33217, 397, 3, 40, 6411, 552, 437, 5, 13486, 9477, 19509, 0, 0, 25, 4444, 5160, 8479, 36, 0, 0, 18, 20, 153, 2, 34050, 25072, 28340, 1, 0, 0, 404
497,4,12, 1060223,benign, 493, 147, 8560, 4, 5821, 2689, 2, 464, 699, 0, 194, 32839, 397, 3, 40, 6468, 531, 445, 5, 12750, 8789, 19483, 0, 0, 25, 4518, 5229, 8480, 42, 0, 0, 18, 20, 162, 2, 33478, 24808, 28308, 2, 0, 0, 319
498,10,25, 1060320,benign, 808, 146, 8577, 0, 5827, 2689, 1, 464, 699, 0, 212, 33987, 397, 3, 43, 7815, 320, 505, 5, 13467, 9645, 19517, 0, 0, 25, 4717, 4894, 8495, 42, 0, 0, 18, 20, 162, 3, 34649, 26149, 29439, 2, 0, 0, 319
499,2,25, 1059950,benign, 550, 147, 8565, 4, 5822, 2688, 2, 464, 699, 0, 199, 33372, 397, 3, 41, 6856, 289, 444, 5, 12820, 8909, 19493, 0, 0, 25, 4720, 4883, 8481, 42, 0, 0, 18, 20, 158, 3, 34266, 25698, 28971, 2, 0, 0, 316
500,9,13, 1051484,benign, 560, 146, 8558, 0, 5827, 2695, 2, 464, 699, 0, 193, 33443, 397, 3, 41, 6557, 363, 442, 5, 13437, 9457, 19504, 0, 0, 25, 4878, 4982, 8488, 42, 0, 0, 18, 20, 160, 3, 34052, 25441, 28805, 2, 0, 0, 318
501,5,22, 1050819,benign, 526, 146, 8556, 0, 5823, 2684, 2, 464, 700, 0, 187, 33413, 397, 3, 41, 6782, 254, 639, 5, 12948, 8914, 19499, 0, 0, 25, 4448, 5158, 8479, 42, 0, 0, 18, 20, 153, 2, 33557, 25103, 28381, 1, 0, 0, 320
502,1,4, 1059705,benign, 594, 149, 8565, 0, 5826, 2691, 3, 464, 699, 0, 195, 33513, 397, 3, 41, 6688, 303, 504, 5, 13544, 9573, 19514, 0, 0, 25, 4785, 4944, 8482, 42, 0, 0, 18, 20, 211, 3, 34426, 25420, 28717, 2, 0, 0, 320
503,0,18, 1052266,benign, 725, 149, 8580, 0, 5829, 2693, 1, 464, 699, 0, 195, 33829, 397, 3, 42, 7099, 303, 442, 5, 13498, 9513, 19492, 0, 0, 25, 4786, 4946, 8473, 42, 0, 0, 18, 20, 158, 3, 34376, 25681, 29107, 2, 0, 0, 320
504,7,26, 1056279,benign, 613, 147, 8562, 0, 5825, 2691, 1, 464, 699, 0, 199, 33695, 397, 3, 41, 7439, 335, 510, 5, 13670, 9694, 19502, 0, 0, 25, 4799, 4842, 8494, 42, 0, 0, 18, 20, 160, 3, 34115, 25921, 29449, 2, 0, 0, 316
505,10,19, 1053086,benign, 613, 147, 8561, 0, 5826, 2697, 1, 464, 694, 0, 197, 33415, 392, 3, 41, 7019, 326, 457, 5, 13552, 9578, 19484, 0, 0, 25, 4781, 4944, 8483, 42, 0, 0, 18, 20, 166, 3, 34599, 25281, 28757, 2, 0, 0, 378
506,2,1, 1052923,SDC, 576, 149, 8558, 0, 5825, 2686, 1, 464, 699, 0, 198, 33449, 397, 3, 42, 7091, 307, 443, 5, 13394, 9465, 19521, 0, 0, 25, 4901, 4700, 8470, 42, 0, 0, 18, 20, 158, 3, 34353, 25795, 29108, 2, 0, 0, 319
507,5,23, 1051674,benign, 770, 146, 8577, 0, 5828, 2691, 1, 464, 699, 0, 194, 33883, 397, 3, 41, 7534, 322, 447, 5, 13803, 9773, 19494, 0, 0, 25, 4981, 4752, 8476, 42, 0, 0, 18, 20, 158, 4, 34695, 25845, 29177, 2, 0, 0, 430
508,1,31, 1057661,benign, 743, 146, 8580, 4, 5828, 2695, 1, 464, 699, 0, 198, 33858, 397, 3, 42, 7880, 336, 446, 5, 13281, 9326, 19472, 0, 0, 25, 4898, 4960, 8488, 42, 0, 0, 18, 20, 159, 3, 34388, 25644, 28933, 2, 0, 0, 376
509,1,16, 1057700,benign, 828, 146, 8576, 0, 5826, 2694, 5, 464, 699, 0, 197, 33992, 397, 3, 43, 7681, 273, 501, 5, 13670, 9668, 19504, 0, 0, 25, 4698, 4905, 8484, 42, 0, 0, 18, 20, 160, 3, 34917, 26074, 29359, 2, 0, 0, 317
510,5,31, 1059375,benign, 665, 149, 8568, 0, 5823, 2692, 2, 464, 699, 0, 197, 33709, 397, 3, 43, 6686, 283, 559, 5, 13634, 9602, 19510, 0, 0, 25, 4768, 4951, 8484, 42, 0, 0, 19, 23, 317, 4, 34661, 25680, 28961, 2, 0, 0, 317
511,7,0, 1054275,benign, 761, 148, 8582, 4, 5828, 2690, 1, 464, 699, 0, 200, 33724, 397, 3, 43, 7610, 305, 443, 5, 13580, 9610, 19476, 0, 0, 25, 4803, 4838, 8487, 42, 0, 0, 18, 20, 158, 4, 34695, 25592, 28860, 2, 0, 0, 316
512,5,18, 1058208,benign, 749, 147, 8579, 4, 5831, 2695, 1, 464, 700, 0, 200, 33749, 397, 3, 44, 7474, 343, 443, 5, 13619, 9650, 19484, 0, 0, 25, 4769, 4952, 8478, 42, 0, 0, 18, 20, 159, 3, 34327, 25717, 29034, 2, 0, 0, 316
513,8,31, 1057844,benign, 813, 147, 8573, 0, 5826, 2690, 1, 464, 700, 0, 201, 34363, 397, 3, 42, 7737, 287, 446, 6, 14003, 10042, 19554, 0, 0, 25, 4793, 4819, 8500, 42, 0, 0, 18, 20, 159, 3, 34732, 25757, 29061, 2, 0, 0, 376
514,5,1, 1059967,benign, 761, 146, 8560, 0, 5821, 2694, 2, 464, 694, 0, 199, 34259, 392, 3, 42, 7656, 289, 445, 6, 13820, 9859, 19508, 0, 0, 25, 4729, 4871, 8483, 42, 0, 0, 18, 20, 160, 3, 34909, 25867, 29170, 2, 0, 0, 319
515,1,29, 1057565,SDC, 792, 146, 8571, 4, 5829, 2686, 6, 464, 699, 0, 196, 33584, 397, 3, 41, 7736, 352, 509, 5, 13845, 9884, 19480, 0, 0, 25, 4717, 4897, 8490, 42, 0, 0, 18, 20, 160, 3, 34319, 25864, 29145, 2, 0, 0, 317
516,5,6, 1059252,benign, 597, 148, 8558, 4, 5823, 2689, 3, 464, 699, 0, 199, 33316, 397, 3, 40, 6793, 314, 443, 5, 13569, 9616, 19480, 0, 0, 25, 4730, 4905, 8488, 42, 0, 0, 18, 20, 160, 3, 34459, 25633, 28913, 2, 0, 0, 317
517,0,29, 1053052,benign, 773, 147, 8572, 1, 5827, 2694, 1, 464, 699, 0, 194, 34360, 397, 3, 41, 7582, 321, 440, 5, 13733, 9788, 19510, 0, 0, 25, 4793, 4824, 8487, 42, 0, 0, 19, 23, 155, 2, 34529, 25652, 28928, 2, 0, 0, 384
518,4,8, 1057523,benign, 585, 146, 8562, 0, 5827, 2695, 1, 464, 699, 0, 200, 33642, 397, 3, 41, 6561, 329, 733, 5, 13551, 9623, 19490, 0, 0, 25, 4785, 4936, 8484, 42, 0, 0, 18, 20, 167, 3, 34241, 25210, 28533, 2, 0, 0, 380
519,10,27, 1051986,benign, 713, 148, 8572, 3, 5825, 2689, 1, 464, 699, 0, 194, 33772, 397, 3, 43, 7506, 347, 444, 5, 13428, 9341, 19478, 0, 0, 25, 4802, 4839, 8483, 42, 0, 0, 18, 20, 158, 3, 34117, 25509, 28813, 2, 0, 0, 323
