num,reg,pos,loc,res,0,1,2,3,4,5,6,7,8,9,10,11,12,13,14,15,16,17,18,19,20,21,22,23,24,25,26,27,28,29,30,31,32,33,34,35,36,37,38,39,40,41
0,5,21, 1053890,benign, 585, 22, 8568, 0, 5829, 2691, 2, 464, 699, 0, 195, 33571, 397, 3, 41, 7099, 288, 446, 5, 13884, 9946, 19500, 0, 0, 25, 4975, 4628, 8482, 42, 0, 0, 18, 20, 157, 4, 34492, 25392, 28664, 2, 0, 0, 317
1,7,25, 1051353,benign, 577, 148, 8556, 0, 5827, 2689, 2, 464, 699, 0, 200, 33563, 397, 3, 41, 6848, 291, 501, 5, 13184, 9228, 19493, 0, 0, 25, 4747, 4895, 8488, 42, 0, 0, 18, 20, 158, 3, 34242, 25325, 28660, 2, 0, 0, 319
2,8,27, 1056142,benign, 731, 147, 8583, 0, 5829, 2695, 2, 464, 699, 0, 200, 34160, 397, 3, 41, 7455, 300, 575, 5, 13983, 9792, 19506, 0, 0, 25, 4853, 5016, 8484, 42, 0, 0, 18, 20, 157, 4, 34672, 25892, 29333, 2, 0, 0, 320
3,8,26, 1055819,benign, 704, 147, 8564, 0, 5828, 2693, 1, 464, 699, 0, 199, 34084, 397, 3, 41, 7160, 320, 446, 5, 13506, 9499, 19499, 0, 0, 25, 4789, 4952, 8494, 42, 0, 0, 18, 20, 159, 3, 34388, 26025, 29297, 2, 0, 0, 317
4,8,28, 1053089,benign, 624, 147, 8566, 0, 5828, 2693, 5, 464, 699, 0, 196, 33458, 397, 3, 41, 7200, 328, 445, 5, 13521, 9564, 19529, 0, 0, 25, 4782, 4944, 8483, 42, 0, 0, 18, 20, 158, 3, 34114, 25408, 28673, 2, 0, 0, 317
5,7,3, 1053830,benign, 649, 149, 8563, 0, 5824, 2689, 1, 464, 699, 0, 198, 34044, 397, 3, 41, 7275, 537, 521, 5, 13817, 9708, 19515, 0, 0, 25, 4789, 4849, 8482, 42, 0, 0, 18, 20, 160, 3, 34660, 25831, 29159, 2, 0, 0, 317
6,3,20, 1053513,benign, 643, 146, 8562, 0, 5827, 2689, 5, 464, 699, 0, 194, 33983, 397, 3, 42, 6725, 294, 448, 5, 13743, 9772, 19503, 0, 0, 25, 5100, 4757, 8475, 42, 0, 0, 18, 20, 158, 3, 34393, 25736, 29028, 2, 0, 0, 319
7,4,0, 1055004,benign, 657, 146, 8570, 4, 5826, 2687, 2, 464, 699, 0, 196, 33339, 397, 3, 42, 7131, 310, 508, 5, 13208, 9279, 19462, 0, 0, 25, 4781, 4826, 8485, 42, 0, 0, 18, 20, 153, 2, 34053, 25620, 28971, 2, 0, 0, 316
8,0,26, 1055724,benign, 679, 147, 8571, 4, 5825, 2687, 2, 464, 699, 0, 198, 33917, 397, 3, 41, 7057, 292, 442, 5, 13765, 9513, 19474, 0, 0, 25, 4707, 4895, 8481, 42, 0, 0, 18, 20, 158, 4, 33690, 25177, 28477, 2, 0, 0, 317
9,6,17, 1055766,benign, 701, 148, 8576, 0, 5827, 2686, 2, 464, 699, 0, 198, 33740, 397, 3, 41, 7144, 296, 510, 5, 13998, 10002, 19547, 0, 0, 25, 4892, 4933, 8481, 42, 0, 0, 18, 20, 160, 3, 34340, 25922, 29465, 2, 0, 0, 317
10,8,28, 1058622,benign, 801, 149, 8590, 0, 5830, 2695, 5, 464, 699, 0, 197, 34150, 397, 3, 41, 7236, 505, 453, 5, 14127, 10173, 19542, 0, 0, 25, 4859, 5014, 8483, 42, 0, 0, 18, 20, 158, 3, 34897, 25911, 29390, 2, 0, 0, 319
11,2,7, 1058137,SDC, 786, 148, 8573, 0, 5825, 2695, 5, 464, 695, 0, 199, 33825, 392, 3, 42, 7638, 337, 444, 5, 13708, 9712, 19508, 0, 0, 25, 4780, 4935, 8478, 42, 0, 0, 18, 20, 166, 3, 34721, 25836, 29355, 2, 0, 0, 317
12,7,1, 1055203,benign, 686, 146, 8571, 0, 5826, 2687, 1, 464, 699, 0, 197, 33820, 397, 3, 41, 6987, 311, 444, 5, 13593, 9580, 19508, 0, 0, 25, 4726, 4885, 8483, 42, 0, 0, 18, 20, 166, 3, 34607, 25923, 29322, 2, 0, 0, 442
13,6,18, 1058858,benign, 805, 147, 8580, 0, 5829, 2695, 2, 464, 699, 0, 203, 34087, 397, 3, 43, 7286, 409, 443, 5, 13987, 10032, 19548, 0, 0, 25, 4973, 4621, 8481, 42, 0, 0, 18, 20, 166, 4, 34515, 25884, 29355, 2, 0, 0, 319
14,5,20, 1059006,benign, 810, 146, 8576, 0, 5828, 2691, 5, 464, 699, 0, 197, 34407, 397, 3, 41, 7956, 315, 446, 5, 14097, 10056, 19544, 0, 0, 25, 4786, 4940, 8492, 42, 0, 0, 18, 20, 159, 3, 34681, 25861, 29135, 2, 0, 0, 317
15,4,6, 1053469,benign, 641, 149, 8568, 1, 5832, 2693, 1, 464, 699, 0, 200, 33603, 397, 3, 41, 7310, 297, 573, 5, 13775, 9785, 19509, 0, 0, 25, 4740, 4909, 8493, 42, 0, 0, 18, 20, 244, 3, 34259, 25836, 29302, 2, 0, 0, 318
16,5,30, 1060114,benign, 810, 148, 8575, 0, 5827, 2695, 6, 464, 699, 0, 197, 33845, 397, 3, 42, 7465, 308, 460, 5, 14280, 10274, 19539, 0, 0, 25, 4711, 4896, 8474, 42, 0, 0, 18, 20, 158, 3, 34962, 25998, 29267, 1, 0, 0, 317
17,6,17, 1056432,benign, 702, 148, 8573, 4, 5828, 2690, 1, 464, 699, 0, 198, 33480, 397, 3, 41, 7160, 302, 503, 5, 13324, 9317, 19481, 0, 0, 25, 4838, 4884, 8483, 42, 0, 0, 18, 20, 167, 3, 34500, 25711, 29209, 2, 0, 0, 317
18,9,22, 1053864,benign, 623, 149, 8551, 4, 5823, 2687, 2, 464, 699, 0, 198, 33486, 397, 3, 41, 6846, 316, 513, 5, 13403, 9409, 19467, 0, 0, 25, 4706, 4889, 8488, 42, 0, 0, 18, 20, 168, 3, 34525, 25120, 28402, 2, 0, 0, 319
19,5,31, 1052987,benign, 619, 148, 8565, 0, 5826, 2692, 2, 464, 699, 0, 200, 33630, 397, 3, 43, 6801, 332, 512, 5, 13111, 9206, 19494, 0, 0, 25, 4734, 4872, 8484, 42, 0, 0, 18, 20, 160, 3, 34128, 25642, 28926, 2, 0, 0, 319
20,10,12, 1053628,benign, 612, 147, 8556, 4, 5823, 2690, 1, 464, 699, 0, 198, 33631, 397, 3, 41, 6998, 310, 444, 5, 13464, 9505, 19486, 0, 0, 25, 4742, 4866, 8484, 42, 0, 0, 18, 20, 161, 3, 34091, 25231, 28555, 2, 0, 0, 317
21,9,8, 1054443,benign, 658, 148, 8564, 0, 5825, 2693, 2, 464, 700, 0, 199, 33495, 397, 3, 41, 7049, 279, 451, 5, 13877, 9950, 19513, 0, 0, 25, 4718, 4887, 8480, 42, 0, 0, 18, 20, 158, 3, 34353, 25715, 28985, 2, 0, 0, 317
22,4,6, 1055295,benign, 689, 150, 8562, 1, 5825, 2686, 1, 464, 699, 0, 196, 33406, 397, 3, 41, 7636, 328, 445, 5, 13358, 9363, 19493, 0, 0, 25, 4831, 5015, 8479, 42, 0, 0, 18, 20, 336, 3, 34657, 26034, 29322, 2, 0, 0, 319
23,6,9, 1052034,benign, 594, 150, 8550, 1, 5820, 2686, 5, 464, 699, 0, 205, 33631, 397, 3, 41, 6793, 328, 450, 5, 13546, 9549, 19507, 0, 0, 25, 4803, 4959, 8487, 42, 0, 0, 18, 20, 160, 3, 34054, 25536, 28819, 2, 0, 0, 316
24,1,22, 1055486,benign, 699, 146, 8565, 0, 5826, 2694, 2, 464, 699, 0, 201, 33848, 397, 3, 43, 7304, 287, 445, 5, 13758, 9759, 19526, 0, 0, 25, 4795, 4851, 8487, 42, 0, 0, 18, 20, 166, 3, 34598, 25335, 28580, 2, 0, 0, 317
25,5,17, 1054370,benign, 670, 148, 8570, 0, 5827, 2688, 1, 464, 699, 0, 197, 33820, 397, 3, 42, 7094, 311, 446, 5, 13650, 9629, 19495, 0, 0, 25, 4720, 4884, 8484, 42, 0, 0, 18, 20, 159, 3, 34574, 25642, 28917, 2, 0, 0, 385
26,0,31, 1052219,benign, 600, 148, 8564, 0, 5825, 2692, 1, 464, 699, 0, 199, 33398, 397, 3, 41, 7294, 335, 447, 5, 13231, 9276, 19510, 0, 0, 25, 4746, 4871, 8485, 42, 0, 0, 18, 20, 166, 3, 34166, 25371, 28722, 2, 0, 0, 319
27,9,28, 1058497,benign, 787, 147, 8578, 0, 5827, 2689, 1, 464, 699, 0, 196, 33816, 397, 3, 42, 7413, 286, 675, 5, 13791, 9795, 19483, 0, 0, 25, 4740, 4865, 8480, 42, 0, 0, 18, 20, 157, 4, 34510, 25978, 29471, 2, 0, 0, 322
28,7,7, 1053404,benign, 606, 146, 8565, 4, 5827, 2684, 1, 464, 699, 0, 194, 33684, 397, 3, 41, 6845, 297, 444, 5, 13472, 9434, 19476, 0, 0, 25, 5024, 4701, 8482, 42, 0, 0, 18, 20, 158, 4, 34506, 25458, 28719, 1, 0, 0, 319
29,7,7, 1056784,benign, 714, 147, 8571, 4, 5825, 2689, 2, 464, 699, 0, 195, 33837, 397, 3, 42, 7491, 307, 444, 5, 13446, 9514, 19500, 0, 0, 25, 4736, 4864, 8485, 42, 0, 0, 18, 20, 160, 3, 34152, 25555, 28824, 2, 0, 0, 322
30,5,2, 1058657,benign, 797, 148, 8576, 0, 5823, 2685, 3, 464, 699, 0, 197, 34123, 397, 3, 41, 7613, 312, 501, 5, 13926, 9966, 19508, 0, 0, 25, 4720, 4891, 8480, 42, 0, 0, 18, 20, 166, 3, 34644, 25825, 29156, 2, 0, 0, 317
31,3,24, 1055624,benign, 677, 147, 8570, 4, 5830, 2696, 3, 464, 699, 0, 196, 33542, 397, 3, 42, 7213, 289, 563, 5, 13295, 9301, 19471, 0, 0, 25, 4796, 4853, 8483, 42, 0, 0, 18, 20, 161, 2, 34149, 25669, 29086, 2, 0, 0, 316
32,2,1, 1055285,SDC, 685, 149, 8565, 0, 5821, 2690, 5, 464, 694, 0, 194, 33705, 392, 3, 40, 7357, 290, 442, 5, 13815, 9804, 19486, 0, 0, 25, 4695, 4898, 8480, 42, 0, 0, 18, 20, 159, 3, 34304, 25753, 29030, 2, 0, 0, 317
33,9,31, 1058238,benign, 782, 148, 8573, 0, 5828, 2693, 2, 464, 699, 0, 195, 34315, 397, 3, 42, 7629, 327, 442, 5, 14329, 10346, 19556, 0, 0, 25, 4719, 4881, 8479, 42, 0, 0, 18, 20, 158, 3, 34755, 25955, 29500, 2, 0, 0, 317
34,2,25, 1054772,SDC, 652, 149, 8563, 4, 5822, 2688, 2, 464, 694, 0, 198, 33447, 392, 3, 42, 7073, 276, 503, 5, 13701, 9726, 19479, 0, 0, 25, 4702, 4900, 8494, 42, 0, 0, 18, 20, 160, 3, 34397, 25496, 28967, 2, 0, 0, 385
35,8,1, 1056280,benign, 698, 150, 8565, 4, 5826, 2693, 1, 464, 699, 0, 195, 33883, 397, 3, 41, 7241, 312, 445, 5, 13575, 9569, 19478, 0, 0, 25, 4718, 4881, 8478, 34, 0, 0, 18, 20, 159, 3, 34433, 25608, 28897, 2, 0, 0, 319
36,10,26, 1057299,benign, 753, 148, 8578, 0, 5828, 2689, 1, 464, 699, 0, 202, 34010, 397, 3, 41, 7289, 565, 448, 5, 13472, 9396, 19498, 0, 0, 25, 4789, 4936, 8491, 42, 0, 0, 18, 20, 160, 3, 34542, 25879, 29131, 2, 0, 0, 377
37,6,7, 1059900,benign, 789, 148, 8567, 4, 5827, 2698, 2, 464, 699, 0, 201, 33999, 397, 3, 41, 7365, 285, 445, 6, 13645, 9733, 19509, 0, 0, 25, 4715, 4898, 8496, 42, 0, 0, 18, 20, 158, 3, 34556, 26075, 29555, 2, 0, 0, 375
38,0,27, 1054981,benign, 686, 148, 8577, 0, 5828, 2690, 2, 464, 699, 0, 204, 34158, 397, 3, 41, 7339, 319, 443, 5, 13548, 9613, 19485, 0, 0, 25, 4699, 4896, 8481, 42, 0, 0, 18, 20, 213, 3, 34107, 25533, 28817, 2, 0, 0, 317
39,5,30, 1055512,benign, 675, 148, 8571, 4, 5828, 2692, 2, 464, 699, 0, 195, 33819, 397, 3, 41, 7229, 509, 442, 5, 12863, 8869, 19477, 0, 0, 25, 4796, 4849, 8488, 42, 0, 0, 18, 20, 158, 4, 34378, 25500, 28992, 2, 0, 0, 378
40,4,21, 1050702,benign, 550, 148, 8561, 0, 5829, 2695, 1, 464, 699, 0, 195, 33111, 397, 3, 41, 6841, 297, 446, 5, 13119, 9204, 19531, 0, 0, 25, 4717, 4920, 8480, 42, 0, 0, 18, 20, 153, 2, 34395, 25864, 29131, 1, 0, 0, 436
41,5,6, 1054312,benign, 637, 149, 8574, 4, 5831, 2695, 2, 464, 699, 0, 199, 33394, 397, 3, 41, 7145, 304, 445, 5, 13646, 9521, 19480, 0, 0, 25, 4779, 4960, 8487, 42, 0, 0, 18, 20, 159, 3, 34104, 25393, 28708, 2, 0, 0, 319
42,0,18, 1050860,benign, 529, 148, 8558, 4, 5824, 2687, 2, 464, 699, 0, 198, 33662, 397, 3, 41, 6741, 519, 782, 5, 13026, 9032, 19481, 0, 0, 25, 4700, 4903, 8486, 34, 0, 0, 18, 20, 158, 2, 33998, 25059, 28358, 2, 0, 0, 317
43,9,0, 1054930,benign, 676, 148, 8569, 0, 5826, 2686, 2, 464, 699, 0, 200, 33928, 397, 3, 41, 7216, 341, 444, 5, 13942, 9974, 19512, 0, 0, 25, 4769, 4826, 8492, 42, 0, 0, 19, 23, 168, 4, 34666, 25580, 28901, 2, 0, 0, 317
44,3,6, 1052587,benign, 609, 149, 8560, 0, 5824, 2695, 2, 464, 699, 0, 200, 33763, 397, 3, 41, 6904, 317, 443, 5, 13800, 9726, 19508, 0, 0, 25, 4790, 4818, 8483, 42, 0, 0, 18, 20, 160, 3, 34486, 25446, 28702, 2, 0, 0, 446
45,2,2, 1050415,benign, 545, 148, 8562, 0, 5826, 2689, 1, 464, 699, 0, 198, 33197, 397, 3, 41, 7044, 303, 504, 5, 13064, 9096, 19495, 0, 0, 25, 4725, 4917, 8484, 42, 0, 0, 18, 20, 158, 4, 34271, 25328, 28632, 2, 0, 0, 319
46,3,20, 1057945,benign, 771, 149, 8576, 0, 5828, 2694, 2, 464, 699, 0, 195, 33994, 397, 3, 41, 7313, 303, 717, 5, 13789, 9826, 19519, 0, 0, 25, 4793, 4828, 8490, 42, 0, 0, 18, 20, 159, 3, 34457, 25853, 29112, 2, 0, 0, 317
47,7,1, 1052798,benign, 626, 147, 8570, 1, 5828, 2691, 2, 464, 699, 0, 195, 33788, 397, 3, 41, 6841, 567, 459, 5, 13216, 9266, 19505, 0, 0, 25, 4979, 4742, 8487, 42, 0, 0, 18, 20, 158, 3, 33991, 25460, 28817, 2, 0, 0, 317
48,2,2, 1050682,SDC, 541, 147, 8561, 0, 5824, 2691, 1, 464, 694, 0, 199, 33257, 392, 3, 43, 6653, 323, 442, 5, 13497, 9536, 19470, 0, 0, 25, 4685, 4905, 8479, 42, 0, 0, 18, 20, 158, 3, 33898, 25606, 28884, 2, 0, 0, 323
49,7,12, 1057171,benign, 751, 146, 8590, 0, 5827, 2689, 2, 464, 699, 0, 197, 34190, 397, 3, 41, 7348, 322, 443, 5, 13809, 9822, 19510, 0, 0, 25, 4734, 4870, 8478, 42, 0, 0, 18, 20, 192, 3, 34303, 25906, 29198, 2, 0, 0, 317
50,3,25, 1055033,SDC, 685, 149, 8564, 0, 5822, 2690, 5, 464, 694, 0, 205, 34053, 392, 3, 41, 7128, 296, 445, 5, 13403, 9462, 19501, 0, 0, 25, 4845, 4895, 8483, 42, 0, 0, 18, 20, 160, 3, 34084, 25829, 29298, 2, 0, 0, 379
51,6,29, 1051879,benign, 587, 147, 8571, 0, 5828, 2690, 2, 464, 699, 0, 204, 33890, 397, 3, 41, 6680, 308, 447, 5, 13681, 9636, 19498, 0, 0, 25, 4737, 4912, 8498, 42, 0, 0, 18, 20, 158, 3, 34344, 25791, 29077, 2, 0, 0, 316
52,0,16, 1056275,benign, 720, 147, 8572, 0, 5825, 2690, 1, 464, 699, 0, 197, 33848, 397, 3, 43, 7544, 319, 443, 5, 13947, 9911, 19519, 0, 0, 25, 4785, 4935, 8482, 42, 0, 0, 18, 20, 158, 3, 34645, 25618, 29104, 2, 0, 0, 317
53,9,23, 1053020,benign, 597, 148, 8556, 4, 5830, 2695, 2, 464, 699, 0, 201, 33376, 397, 3, 42, 7058, 251, 450, 5, 13577, 9535, 19481, 0, 0, 25, 5025, 4695, 8486, 42, 0, 0, 18, 20, 159, 3, 34172, 25165, 28628, 2, 0, 0, 322
54,1,5, 1054237,benign, 654, 150, 8569, 0, 5826, 2691, 1, 464, 699, 0, 196, 33434, 397, 3, 44, 6954, 289, 444, 5, 13744, 9793, 19504, 0, 0, 25, 4722, 4883, 8483, 42, 0, 0, 18, 20, 158, 3, 34576, 25972, 29237, 2, 0, 0, 319
55,8,8, 1054353,benign, 672, 147, 8578, 0, 5832, 2695, 2, 464, 699, 0, 203, 33081, 397, 3, 43, 7126, 304, 443, 5, 13116, 9220, 19501, 0, 0, 25, 4713, 4882, 8484, 42, 0, 0, 18, 20, 167, 3, 34590, 25546, 28910, 2, 0, 0, 317
56,4,5, 1049926,benign, 525, 146, 8562, 1, 5824, 2694, 2, 464, 699, 0, 201, 33557, 397, 3, 41, 6733, 350, 453, 5, 13288, 9239, 19500, 0, 0, 25, 4447, 5160, 8484, 42, 0, 0, 18, 20, 168, 3, 33986, 25486, 28798, 2, 0, 0, 326
57,2,6, 1050277,benign, 535, 147, 8559, 0, 5826, 2689, 2, 464, 699, 0, 195, 33691, 397, 3, 41, 6623, 306, 520, 5, 13277, 9334, 19492, 0, 0, 25, 4707, 4899, 8491, 42, 0, 0, 18, 20, 158, 3, 34136, 25785, 29056, 2, 0, 0, 320
58,1,24, 1052031,benign, 595, 147, 8565, 0, 5829, 2695, 2, 464, 699, 0, 198, 33433, 397, 3, 42, 7107, 325, 499, 5, 13298, 9319, 19513, 0, 0, 25, 4719, 4878, 8487, 42, 0, 0, 18, 20, 158, 3, 34438, 25166, 28430, 2, 0, 0, 317
59,8,30, 1057111,benign, 744, 150, 8584, 0, 5824, 2688, 2, 464, 699, 0, 198, 34189, 397, 3, 41, 7545, 338, 777, 5, 14062, 10063, 19548, 0, 0, 25, 4756, 4858, 8485, 42, 0, 0, 18, 20, 160, 3, 34514, 25643, 28915, 2, 0, 0, 378
60,0,13, 1058900,benign, 780, 148, 8589, 4, 5830, 2696, 2, 464, 699, 0, 197, 34089, 397, 3, 42, 7552, 308, 512, 5, 13597, 9570, 19466, 0, 0, 25, 5000, 4651, 8474, 42, 0, 0, 18, 20, 159, 3, 34599, 25645, 28925, 2, 0, 0, 319
61,0,30, 1059126,benign, 811, 149, 8570, 0, 5826, 2693, 6, 464, 699, 0, 200, 33909, 397, 3, 41, 7483, 310, 444, 5, 14032, 10031, 19548, 0, 0, 25, 4778, 4827, 8489, 42, 0, 0, 18, 20, 158, 3, 34485, 25930, 29200, 2, 0, 0, 317
62,4,12, 1057876,benign, 747, 147, 8568, 3, 5823, 2689, 1, 464, 699, 0, 194, 33446, 397, 3, 40, 7411, 336, 498, 5, 13263, 9300, 19496, 0, 0, 25, 4771, 4947, 8478, 42, 0, 0, 18, 20, 153, 2, 34838, 25556, 28879, 1, 0, 0, 319
63,5,0, 1059677,benign, 509, 144, 8545, 0, 5821, 2692, 1, 464, 699, 0, 190, 33285, 397, 3, 40, 6822, 318, 440, 5, 13104, 9085, 19510, 0, 0, 25, 4499, 5099, 8471, 42, 0, 0, 18, 20, 153, 2, 34124, 25511, 28816, 1, 0, 0, 329
64,8,24, 1050432,benign, 518, 148, 8562, 4, 5828, 2696, 2, 464, 699, 0, 208, 33281, 397, 3, 41, 6631, 522, 580, 5, 13196, 9007, 19475, 0, 0, 25, 4697, 4904, 8477, 42, 0, 0, 18, 20, 158, 4, 34101, 25243, 28738, 2, 0, 0, 317
65,2,18, 1055214,benign, 690, 149, 8579, 0, 5827, 2691, 1, 464, 699, 0, 199, 33642, 397, 3, 41, 7056, 305, 574, 5, 13259, 9316, 19506, 0, 0, 25, 4806, 4845, 8489, 42, 0, 0, 18, 20, 160, 3, 34050, 25699, 29029, 2, 0, 0, 316
66,3,2, 1054424,SDC, 653, 161, 8569, 4, 5823, 2696, 2, 464, 694, 0, 202, 33244, 392, 3, 43, 7279, 296, 511, 5, 12954, 9066, 19464, 0, 0, 25, 4707, 4890, 8480, 42, 0, 0, 18, 20, 158, 4, 33895, 25579, 28863, 2, 0, 0, 319
67,4,24, 1059980,benign, 787, 148, 8577, 4, 5831, 2695, 3, 464, 699, 0, 206, 33962, 397, 3, 41, 7838, 299, 447, 5, 13599, 9617, 19493, 0, 0, 25, 4915, 4729, 8496, 42, 0, 0, 18, 20, 158, 4, 34280, 26048, 29341, 2, 0, 0, 376
68,6,3, 1057288,benign, 730, 146, 8578, 4, 5823, 2688, 1, 464, 700, 0, 196, 33837, 397, 3, 40, 7280, 288, 437, 5, 13561, 9574, 19489, 0, 0, 25, 4738, 4869, 8475, 42, 0, 0, 18, 20, 160, 3, 34336, 25686, 28945, 2, 0, 0, 319
69,8,12, 1050892,benign, 528, 146, 8554, 4, 5828, 2693, 1, 464, 699, 0, 193, 33314, 397, 3, 41, 6915, 332, 512, 5, 13190, 9264, 19482, 0, 0, 25, 4689, 4914, 8481, 42, 0, 0, 18, 20, 166, 3, 33739, 25016, 28282, 2, 0, 0, 319
70,1,11, 1057798,benign, 764, 149, 8577, 0, 5829, 2688, 1, 464, 699, 0, 201, 34001, 397, 3, 43, 7262, 320, 504, 5, 14332, 10324, 19536, 0, 0, 25, 4789, 4950, 8492, 42, 0, 0, 18, 20, 158, 3, 34542, 26114, 29447, 2, 0, 0, 323
71,7,8, 1056006,benign, 713, 147, 8562, 0, 5826, 2689, 2, 464, 699, 0, 199, 33951, 397, 3, 43, 7182, 303, 503, 5, 13488, 9560, 19519, 0, 0, 25, 4829, 4998, 8480, 42, 0, 0, 19, 23, 159, 3, 34146, 25941, 29196, 2, 0, 0, 319
72,9,4, 1056493,benign, 739, 147, 8570, 0, 5824, 2690, 2, 464, 699, 0, 200, 33916, 397, 3, 44, 7228, 266, 444, 5, 13690, 9643, 19521, 0, 0, 25, 4785, 4951, 8485, 42, 0, 0, 18, 20, 160, 3, 34222, 25612, 28906, 2, 0, 0, 375
73,3,27, 1057547,SDC, 755, 148, 8568, 0, 5821, 2697, 1, 464, 694, 0, 202, 33829, 392, 3, 41, 7467, 421, 510, 5, 13637, 9642, 19495, 0, 0, 25, 4735, 4868, 8485, 42, 0, 0, 18, 20, 160, 3, 34849, 25830, 29185, 2, 0, 0, 317
74,8,14, 1058856,benign, 780, 148, 8565, 4, 5822, 2688, 1, 464, 699, 0, 199, 34003, 397, 3, 43, 7495, 304, 444, 5, 13888, 9874, 19459, 0, 0, 25, 4722, 4877, 8487, 42, 0, 0, 18, 20, 168, 3, 34491, 25649, 28983, 2, 0, 0, 320
75,2,29, 1053178,SDC, 619, 148, 8548, 0, 5823, 2696, 3, 464, 694, 0, 195, 33408, 392, 3, 41, 6924, 308, 465, 5, 13664, 9693, 19501, 0, 0, 25, 4722, 4878, 8479, 42, 0, 0, 18, 20, 166, 4, 34227, 25882, 29162, 2, 0, 0, 317
76,4,11, 1054298,benign, 664, 147, 8566, 0, 5827, 2692, 1, 464, 699, 0, 200, 33564, 397, 3, 41, 7553, 342, 620, 5, 13770, 9768, 19516, 0, 0, 25, 4717, 4889, 8485, 42, 0, 0, 18, 20, 152, 2, 34199, 25456, 28735, 1, 0, 0, 317
77,10,5, 1053150,benign, 617, 147, 8564, 0, 5821, 2687, 1, 464, 699, 0, 196, 33220, 397, 3, 43, 6849, 306, 441, 5, 13726, 9737, 19497, 0, 0, 25, 4798, 4841, 8485, 41, 0, 0, 18, 20, 158, 3, 34354, 25465, 28783, 2, 0, 0, 319
78,8,5, 1059878,benign, 818, 147, 8575, 0, 5830, 2695, 3, 464, 699, 0, 205, 34216, 397, 3, 41, 7261, 494, 510, 5, 13841, 9932, 19507, 0, 0, 25, 4718, 4885, 8483, 42, 0, 0, 18, 20, 158, 3, 34637, 26036, 29474, 2, 0, 0, 386
79,1,3, 1058249,benign, 781, 148, 8583, 0, 5827, 2693, 2, 464, 699, 0, 196, 34276, 397, 3, 41, 7802, 320, 445, 5, 14251, 10095, 19541, 0, 0, 25, 4967, 4634, 8488, 42, 0, 0, 18, 20, 153, 2, 34510, 25837, 29176, 2, 0, 0, 317
80,9,2, 1053482,benign, 642, 148, 8561, 0, 5825, 2689, 2, 464, 699, 0, 202, 34122, 397, 3, 41, 6964, 320, 445, 5, 13534, 9519, 19503, 0, 0, 25, 5041, 4696, 8485, 42, 0, 0, 18, 20, 160, 3, 34325, 25255, 28554, 2, 0, 0, 432
81,7,15, 1056923,benign, 740, 148, 8572, 0, 5831, 2689, 1, 464, 699, 0, 194, 33870, 397, 3, 41, 7076, 326, 447, 5, 13520, 9540, 19490, 0, 0, 25, 4970, 4751, 8482, 42, 0, 0, 18, 20, 160, 3, 34567, 25590, 28930, 2, 0, 0, 608
82,10,4, 1051417,benign, 572, 150, 8562, 0, 5829, 2694, 2, 464, 699, 0, 195, 33806, 397, 3, 43, 6737, 302, 442, 5, 13361, 9407, 19515, 0, 0, 25, 4720, 4878, 8486, 42, 0, 0, 18, 20, 167, 3, 33956, 25574, 28848, 2, 0, 0, 402
83,0,2, 1056679,benign, 736, 149, 8575, 0, 5825, 2694, 1, 464, 699, 0, 199, 34167, 397, 3, 41, 7397, 328, 443, 5, 13753, 9781, 19516, 0, 0, 25, 4726, 4876, 8496, 42, 0, 0, 18, 20, 159, 3, 34513, 25797, 29174, 2, 0, 0, 319
84,9,25, 1053692,benign, 617, 148, 8570, 4, 5826, 2694, 1, 464, 699, 0, 195, 33155, 397, 3, 41, 7225, 324, 510, 5, 13215, 9220, 19476, 0, 0, 25, 4824, 4910, 8483, 42, 0, 0, 18, 20, 157, 3, 33989, 25367, 28709, 2, 0, 0, 319
85,0,26, 1050100,benign, 503, 149, 8552, 4, 5822, 2687, 2, 464, 699, 0, 195, 33265, 397, 3, 42, 6939, 317, 482, 5, 13437, 9383, 19466, 0, 0, 25, 4470, 5170, 8482, 40, 0, 0, 18, 20, 166, 3, 33548, 25060, 28463, 2, 0, 0, 386
86,2,3, 1052467,benign, 605, 149, 8555, 0, 5828, 2695, 1, 464, 699, 0, 203, 33432, 397, 3, 41, 7153, 297, 569, 5, 13692, 9675, 19509, 0, 0, 25, 4724, 4890, 8486, 42, 0, 0, 18, 20, 196, 4, 34362, 25728, 29116, 2, 0, 0, 384
87,6,28, 1054322,benign, 662, 148, 8560, 0, 5821, 2686, 1, 464, 699, 0, 196, 33540, 397, 3, 43, 7236, 311, 443, 5, 13590, 9575, 19510, 0, 0, 25, 4952, 4644, 8486, 42, 0, 0, 18, 20, 159, 3, 34271, 25462, 28732, 2, 0, 0, 317
88,7,10, 1055439,benign, 694, 147, 8561, 0, 5826, 2693, 1, 464, 699, 0, 199, 33504, 397, 3, 41, 7301, 291, 446, 5, 13822, 9840, 19504, 0, 0, 25, 4779, 4963, 8480, 42, 0, 0, 18, 20, 159, 3, 34454, 25757, 29083, 2, 0, 0, 326
89,9,31, 1055088,benign, 659, 148, 8560, 4, 5826, 2694, 3, 464, 699, 0, 195, 33715, 397, 3, 45, 7351, 309, 446, 5, 13141, 9175, 19486, 0, 0, 25, 4772, 4835, 8485, 42, 0, 0, 18, 20, 157, 4, 34244, 25597, 28885, 2, 0, 0, 319
90,4,4, 1054314,benign, 664, 149, 8562, 1, 5827, 2691, 2, 464, 699, 0, 198, 33554, 397, 3, 43, 6947, 375, 442, 5, 13213, 9265, 19508, 0, 0, 25, 4709, 4895, 8478, 42, 0, 0, 18, 20, 160, 4, 34663, 25531, 28855, 2, 0, 0, 379
91,10,17, 1058907,benign, 810, 149, 8575, 0, 5824, 2687, 1, 464, 699, 0, 198, 34017, 397, 3, 41, 7448, 328, 505, 5, 13845, 9818, 19506, 0, 0, 25, 4810, 4838, 8481, 42, 0, 0, 18, 20, 157, 3, 34826, 26279, 29547, 2, 0, 0, 317
92,5,3, 1051445,benign, 574, 147, 8568, 0, 5828, 2693, 4, 464, 699, 0, 194, 33804, 397, 3, 41, 6537, 305, 444, 5, 13574, 9576, 19484, 0, 0, 25, 4696, 4902, 8484, 42, 0, 0, 18, 20, 167, 3, 33980, 25357, 28676, 2, 0, 0, 319
93,4,13, 1055867,benign, 705, 148, 8572, 0, 5828, 2693, 1, 464, 699, 0, 194, 33918, 397, 3, 41, 7275, 352, 437, 5, 13420, 9485, 19516, 0, 0, 25, 4725, 4878, 8479, 41, 0, 0, 18, 20, 153, 2, 34246, 25817, 29244, 1, 0, 0, 319
94,10,16, 1057420,benign, 733, 147, 8582, 4, 5829, 2693, 3, 464, 699, 0, 199, 33980, 397, 3, 42, 7329, 523, 448, 6, 13210, 9301, 19468, 0, 0, 25, 4993, 4643, 8487, 42, 0, 0, 18, 20, 157, 4, 34257, 25686, 28963, 2, 0, 0, 321
95,3,4, 1050045,SDC, 527, 149, 8556, 1, 5820, 2690, 2, 464, 694, 1, 198, 33551, 392, 3, 44, 6733, 405, 552, 5, 13645, 9499, 19499, 0, 0, 25, 4720, 4924, 8484, 42, 0, 0, 18, 20, 257, 5, 34491, 25657, 28939, 3, 0, 0, 326
96,5,26, 1057840,benign, 762, 162, 8568, 4, 5825, 2687, 2, 464, 699, 0, 193, 33633, 397, 3, 41, 7303, 327, 549, 5, 13764, 9782, 19483, 0, 0, 25, 4912, 4687, 8485, 42, 0, 0, 18, 20, 160, 3, 34173, 25451, 28710, 2, 0, 0, 317
97,10,5, 1054685,benign, 667, 149, 8560, 0, 5828, 2695, 1, 464, 699, 0, 198, 33795, 397, 3, 41, 6978, 311, 503, 5, 13223, 9190, 19493, 0, 0, 25, 4713, 4894, 8481, 42, 0, 0, 18, 20, 158, 3, 34499, 25706, 29011, 2, 0, 0, 380
98,7,11, 1055542,benign, 698, 148, 8575, 0, 5825, 2690, 1, 464, 699, 0, 196, 33684, 397, 3, 43, 7122, 288, 503, 5, 13592, 9626, 19510, 0, 0, 25, 4780, 4825, 8478, 41, 0, 0, 18, 20, 307, 3, 34847, 25701, 29216, 2, 0, 0, 319
99,8,5, 1053950,benign, 662, 149, 8560, 0, 5824, 2691, 1, 464, 699, 0, 198, 33491, 397, 3, 42, 6826, 319, 443, 5, 13758, 9805, 19503, 0, 0, 25, 4772, 4834, 8479, 41, 0, 0, 18, 20, 232, 4, 34790, 25588, 29096, 2, 0, 0, 319
100,10,9, 1056448,benign, 706, 149, 8572, 4, 5829, 2693, 2, 464, 699, 0, 194, 33679, 397, 3, 42, 7039, 330, 511, 5, 13575, 9682, 19472, 0, 0, 25, 4773, 4819, 8480, 42, 0, 0, 18, 20, 159, 3, 34225, 25492, 28895, 2, 0, 0, 326
101,8,9, 1055311,benign, 689, 148, 8574, 0, 5828, 2689, 1, 464, 699, 0, 196, 33605, 397, 3, 42, 7501, 321, 443, 5, 14163, 10119, 19565, 0, 0, 25, 4772, 4829, 8484, 42, 0, 0, 18, 20, 158, 3, 34534, 25634, 28879, 2, 0, 0, 384
102,10,28, 1052735,benign, 619, 149, 8571, 0, 5828, 2690, 3, 464, 699, 0, 196, 33323, 397, 3, 41, 6878, 313, 445, 5, 13237, 9345, 19500, 0, 0, 25, 4897, 4696, 8486, 42, 0, 0, 18, 20, 158, 4, 34159, 25416, 28763, 2, 0, 0, 317
103,0,2, 1059371,benign, 821, 148, 8570, 0, 5824, 2688, 1, 464, 699, 0, 197, 34252, 397, 3, 41, 7539, 293, 445, 5, 14253, 10329, 19568, 0, 0, 25, 4784, 4954, 8486, 42, 0, 0, 18, 20, 166, 3, 34984, 26199, 29463, 2, 0, 0, 326
104,10,31, 1057286,benign, 756, 147, 8570, 0, 5826, 2688, 2, 464, 699, 0, 198, 34251, 397, 3, 42, 7798, 322, 453, 5, 13734, 9709, 19506, 0, 0, 25, 4866, 5001, 8484, 42, 0, 0, 18, 20, 158, 3, 34687, 26205, 29493, 2, 0, 0, 317
105,3,9, 1058548,SDC, 773, 150, 8571, 4, 5818, 2688, 2, 464, 694, 0, 199, 33825, 392, 3, 41, 7692, 382, 504, 5, 13910, 9949, 19472, 0, 0, 25, 5046, 4726, 8480, 42, 0, 0, 18, 20, 158, 4, 34494, 25582, 28852, 2, 0, 0, 319
106,5,2, 1053569,benign, 639, 148, 8561, 0, 5824, 2689, 2, 464, 699, 0, 200, 33760, 397, 3, 42, 7040, 305, 464, 5, 13592, 9598, 19505, 0, 0, 25, 4733, 4887, 8486, 42, 0, 0, 18, 20, 166, 3, 34235, 25946, 29246, 2, 0, 0, 319
107,9,18, 1053449,benign, 641, 148, 8566, 0, 5828, 2690, 1, 464, 699, 0, 197, 33286, 397, 3, 43, 7063, 304, 507, 5, 13573, 9564, 19507, 0, 0, 25, 4791, 4966, 8484, 42, 0, 0, 18, 20, 157, 4, 34445, 25095, 28438, 2, 0, 0, 317
108,2,12, 1052202,benign, 594, 146, 8565, 0, 5826, 2694, 2, 464, 699, 0, 203, 33470, 397, 3, 41, 7193, 311, 441, 5, 13506, 9484, 19517, 0, 0, 25, 4852, 5007, 8482, 42, 0, 0, 18, 20, 158, 4, 33993, 25313, 28766, 2, 0, 0, 319
109,3,17, 1053930,benign, 649, 148, 8565, 0, 5828, 2694, 1, 464, 699, 0, 201, 33774, 397, 3, 41, 7242, 333, 445, 5, 13865, 9898, 19499, 0, 0, 25, 4717, 4880, 8488, 42, 0, 0, 19, 23, 161, 3, 33853, 25643, 28933, 2, 0, 0, 571
110,9,10, 1051298,benign, 561, 148, 8559, 0, 5825, 2689, 2, 464, 699, 0, 197, 33582, 397, 3, 41, 6800, 308, 444, 5, 13312, 9377, 19497, 0, 0, 25, 4706, 4890, 8486, 42, 0, 0, 18, 20, 159, 3, 34176, 25265, 28544, 2, 0, 0, 379
111,1,27, 1051739,benign, 585, 149, 8564, 0, 5825, 2689, 1, 464, 699, 0, 194, 33583, 397, 3, 41, 6692, 298, 444, 5, 13415, 9398, 19511, 0, 0, 25, 4852, 5017, 8487, 42, 0, 0, 18, 20, 158, 3, 33940, 25368, 28614, 2, 0, 0, 320
112,3,9, 1059969,SDC, 813, 149, 8577, 1, 5826, 2699, 1, 464, 694, 0, 200, 34083, 392, 3, 42, 7603, 670, 447, 5, 14029, 10034, 19576, 0, 0, 25, 4738, 4904, 8492, 42, 0, 0, 18, 20, 161, 4, 34485, 25906, 29182, 3, 0, 0, 331
113,3,25, 1057562,benign, 766, 146, 8570, 0, 5826, 2690, 3, 464, 699, 0, 198, 34070, 397, 3, 42, 7198, 297, 450, 5, 13811, 9789, 19505, 0, 0, 25, 4729, 4878, 8488, 42, 0, 0, 18, 20, 158, 4, 34633, 26368, 29653, 2, 0, 0, 321
114,5,22, 1059517,benign, 513, 146, 8549, 0, 5827, 2692, 1, 464, 699, 0, 192, 33325, 397, 3, 41, 6349, 288, 510, 5, 13120, 9057, 19501, 0, 0, 25, 4452, 5149, 8477, 36, 0, 0, 18, 20, 153, 2, 34080, 25350, 28634, 1, 0, 0, 316
115,5,13, 1055809,benign, 706, 147, 8553, 0, 5824, 2694, 2, 464, 699, 0, 198, 33877, 397, 3, 42, 7225, 353, 442, 5, 13675, 9721, 19493, 0, 0, 25, 4717, 4878, 8486, 42, 0, 0, 18, 20, 158, 4, 34510, 25509, 28783, 2, 0, 0, 317
116,2,19, 1059410,benign, 819, 147, 8578, 0, 5828, 2694, 1, 464, 699, 0, 197, 34311, 397, 3, 41, 7257, 324, 511, 5, 13633, 9657, 19495, 0, 0, 25, 4805, 4908, 8486, 42, 0, 0, 19, 23, 162, 3, 34777, 25854, 29137, 2, 0, 0, 319
117,3,20, 1054869,benign, 672, 147, 8571, 0, 5829, 2690, 1, 464, 699, 0, 196, 33902, 397, 3, 40, 7031, 310, 527, 5, 13686, 9510, 19487, 0, 0, 25, 4723, 4878, 8481, 42, 0, 0, 18, 20, 157, 3, 34618, 25468, 28768, 2, 0, 0, 319
118,4,6, 1059658,benign, 520, 144, 8552, 0, 5819, 2686, 2, 464, 699, 0, 188, 33111, 397, 3, 40, 6423, 302, 440, 5, 13332, 9288, 19516, 0, 0, 25, 4446, 5156, 8474, 42, 0, 0, 18, 20, 159, 3, 33742, 25517, 28909, 1, 0, 0, 319
119,0,13, 1050396,benign, 516, 148, 8545, 4, 5829, 2694, 1, 464, 699, 0, 196, 33066, 397, 3, 41, 6779, 321, 454, 5, 13560, 9291, 19476, 0, 0, 25, 4713, 4894, 8483, 42, 0, 0, 18, 20, 158, 4, 33600, 25077, 28363, 2, 0, 0, 317
120,4,2, 1056431,benign, 724, 148, 8578, 2, 5827, 2689, 2, 464, 699, 0, 198, 34026, 397, 3, 41, 7434, 318, 444, 5, 13677, 9673, 19507, 0, 0, 25, 4707, 4889, 8485, 42, 0, 0, 18, 20, 158, 4, 34733, 25562, 28844, 1, 0, 0, 384
121,10,18, 1058688,benign, 773, 147, 8577, 4, 5824, 2690, 1, 464, 699, 0, 198, 34161, 397, 3, 41, 7326, 313, 445, 6, 13759, 9711, 19470, 0, 0, 25, 4707, 4901, 8491, 42, 0, 0, 18, 20, 160, 3, 34484, 26195, 29532, 2, 0, 0, 319
122,10,27, 1051085,benign, 558, 149, 8554, 0, 5824, 2694, 1, 464, 699, 0, 196, 33504, 397, 3, 43, 7025, 292, 447, 5, 13541, 9542, 19506, 0, 0, 25, 4812, 4832, 8493, 42, 0, 0, 18, 20, 159, 3, 33910, 25353, 28626, 2, 0, 0, 319
123,6,0, 1050816,benign, 530, 148, 8552, 4, 5824, 2693, 1, 464, 699, 0, 200, 32930, 397, 3, 44, 6628, 336, 445, 5, 12851, 8887, 19474, 0, 0, 25, 5001, 4722, 8485, 42, 0, 0, 18, 20, 160, 3, 34179, 25501, 28779, 2, 0, 0, 384
124,1,3, 1052723,benign, 612, 148, 8563, 0, 5826, 2691, 2, 464, 699, 0, 199, 33878, 397, 3, 42, 6870, 313, 504, 5, 13389, 9362, 19495, 0, 0, 25, 4712, 4890, 8480, 42, 0, 0, 18, 20, 158, 4, 34396, 25351, 28633, 2, 0, 0, 317
125,7,13, 1054239,benign, 659, 147, 8575, 0, 5828, 2688, 1, 464, 699, 0, 199, 33835, 397, 3, 41, 7107, 282, 447, 5, 13515, 9543, 19506, 0, 0, 25, 4720, 4885, 8486, 42, 0, 0, 18, 20, 219, 2, 34158, 25690, 29006, 2, 0, 0, 379
126,2,12, 1056596,benign, 708, 148, 8576, 4, 5826, 2693, 1, 464, 699, 0, 199, 33619, 397, 3, 41, 7421, 305, 446, 5, 13810, 9581, 19477, 0, 0, 25, 4973, 4618, 8478, 42, 0, 0, 18, 20, 159, 3, 34478, 25504, 28842, 2, 0, 0, 317
127,0,27, 1057785,benign, 770, 148, 8573, 0, 5832, 2686, 1, 464, 699, 0, 198, 33946, 397, 3, 44, 7755, 354, 470, 5, 13979, 10022, 19544, 0, 0, 25, 4727, 4876, 8487, 41, 0, 0, 18, 20, 158, 3, 34811, 26017, 29289, 2, 0, 0, 324
128,8,16, 1056818,benign, 743, 147, 8569, 0, 5827, 2684, 1, 464, 699, 0, 194, 33754, 397, 3, 41, 7182, 292, 514, 5, 13866, 9837, 19516, 0, 0, 25, 4731, 4876, 8480, 42, 0, 0, 18, 20, 160, 3, 34725, 25780, 29056, 2, 0, 0, 319
129,5,23, 1052754,benign, 618, 148, 8564, 0, 5823, 2687, 3, 464, 699, 0, 199, 33446, 397, 3, 41, 6914, 303, 480, 5, 13645, 9625, 19489, 0, 0, 25, 4715, 4885, 8477, 42, 0, 0, 18, 20, 157, 4, 34455, 25023, 28316, 2, 0, 0, 376
130,5,30, 1053767,benign, 639, 148, 8562, 0, 5825, 2688, 2, 464, 699, 0, 193, 34016, 397, 3, 41, 7313, 327, 445, 5, 13704, 9732, 19490, 0, 0, 25, 4729, 4875, 8488, 42, 0, 0, 18, 20, 158, 3, 34375, 25707, 28981, 2, 0, 0, 319
131,1,29, 1055419,benign, 700, 148, 8572, 0, 5827, 2693, 1, 464, 699, 0, 199, 34095, 397, 3, 43, 7283, 538, 551, 5, 13504, 9495, 19493, 0, 0, 25, 4967, 4641, 8481, 42, 0, 0, 18, 20, 157, 4, 34324, 25839, 29133, 2, 0, 0, 378
132,2,18, 1054150,SDC, 657, 148, 8552, 0, 5819, 2688, 1, 464, 694, 0, 201, 33923, 392, 3, 41, 7084, 309, 444, 5, 13551, 9530, 19491, 0, 0, 25, 4757, 4841, 8487, 42, 0, 0, 18, 20, 158, 4, 34398, 25434, 28704, 2, 0, 0, 320
133,6,19, 1058191,benign, 783, 149, 8579, 1, 5830, 2688, 1, 464, 699, 0, 197, 33913, 397, 3, 43, 7775, 310, 447, 5, 13654, 9645, 19494, 0, 0, 25, 4723, 4892, 8481, 42, 0, 0, 18, 20, 158, 4, 34789, 26089, 29383, 2, 0, 0, 317
134,0,16, 1054613,benign, 672, 149, 8560, 0, 5824, 2688, 1, 464, 699, 0, 204, 33804, 397, 3, 41, 7461, 507, 446, 5, 13479, 9470, 19495, 0, 0, 25, 4701, 4894, 8488, 42, 0, 0, 18, 20, 158, 3, 34040, 25576, 29094, 2, 0, 0, 317
135,10,29, 1057766,benign, 763, 146, 8579, 0, 5832, 2690, 2, 464, 699, 0, 197, 34121, 397, 3, 42, 7294, 295, 456, 5, 14194, 10232, 19540, 0, 0, 25, 4747, 4884, 8488, 42, 0, 0, 18, 20, 160, 3, 34464, 25867, 29196, 2, 0, 0, 319
136,2,1, 1060223,benign, 513, 149, 8555, 0, 5825, 2691, 2, 464, 699, 0, 192, 33407, 397, 3, 41, 6588, 300, 454, 5, 13756, 9682, 19500, 0, 0, 25, 4696, 4918, 8480, 34, 0, 0, 18, 20, 167, 3, 33876, 25358, 28644, 2, 0, 0, 317
137,9,31, 1057068,benign, 725, 148, 8579, 4, 5827, 2687, 2, 464, 699, 0, 201, 33590, 397, 3, 41, 7290, 280, 444, 5, 14039, 9874, 19507, 0, 0, 25, 4859, 4998, 8486, 42, 0, 0, 18, 20, 167, 3, 34540, 25774, 29119, 2, 0, 0, 323
138,9,10, 1053829,benign, 643, 148, 8563, 0, 5825, 2692, 1, 464, 699, 0, 197, 33324, 397, 3, 40, 6627, 306, 512, 5, 13510, 9525, 19520, 0, 0, 25, 4774, 4953, 8489, 42, 0, 0, 18, 20, 160, 3, 34333, 25582, 29090, 2, 0, 0, 317
139,4,24, 1054285,benign, 664, 149, 8570, 0, 5828, 2686, 2, 464, 699, 0, 196, 33761, 397, 3, 41, 6909, 393, 437, 5, 13411, 9409, 19508, 0, 0, 25, 4721, 4875, 8480, 42, 0, 0, 18, 20, 152, 2, 34424, 25384, 28662, 1, 0, 0, 321
140,2,11, 1055009,SDC, 682, 148, 8563, 0, 5822, 2689, 1, 464, 694, 0, 200, 33784, 392, 3, 43, 7394, 309, 580, 5, 13381, 9410, 19490, 0, 0, 25, 4718, 4919, 8484, 42, 0, 0, 18, 20, 160, 3, 34498, 25669, 29083, 2, 0, 0, 320
141,1,27, 1052648,benign, 585, 148, 8560, 4, 5826, 2694, 1, 464, 699, 0, 198, 33213, 397, 3, 41, 7280, 344, 445, 6, 13219, 9226, 19491, 0, 0, 25, 4791, 4934, 8486, 42, 0, 0, 18, 20, 158, 2, 34183, 25474, 28734, 2, 0, 0, 317
142,5,20, 1052419,benign, 597, 147, 8565, 0, 5827, 2693, 1, 464, 699, 0, 196, 33607, 397, 3, 42, 6847, 334, 446, 5, 13384, 9450, 19491, 0, 0, 25, 4859, 4901, 8483, 42, 0, 0, 18, 20, 160, 3, 34735, 25602, 28894, 2, 0, 0, 316
143,4,3, 1058990,benign, 805, 150, 8579, 1, 5824, 2689, 2, 464, 699, 0, 199, 34358, 397, 3, 44, 7270, 320, 443, 5, 13833, 9802, 19503, 0, 0, 25, 4787, 4942, 8484, 41, 0, 0, 18, 20, 158, 4, 34665, 26031, 29310, 2, 0, 0, 324
144,9,17, 1057897,benign, 767, 147, 8571, 0, 5828, 2689, 2, 464, 699, 0, 194, 33896, 397, 3, 42, 7620, 311, 446, 5, 13986, 9914, 19487, 0, 0, 25, 4917, 4945, 8490, 42, 0, 0, 18, 20, 167, 3, 34340, 26282, 29616, 2, 0, 0, 319
145,9,14, 1053471,benign, 627, 146, 8569, 0, 5829, 2695, 2, 464, 699, 0, 198, 33579, 397, 3, 41, 6966, 333, 447, 5, 13407, 9422, 19496, 0, 0, 25, 4805, 4926, 8482, 42, 0, 0, 18, 20, 167, 3, 34551, 25462, 28751, 2, 0, 0, 319
146,6,23, 1052074,benign, 590, 149, 8561, 0, 5824, 2686, 2, 464, 699, 0, 199, 33803, 397, 3, 41, 6715, 333, 442, 5, 13725, 9584, 19491, 0, 0, 25, 4722, 4884, 8489, 42, 0, 0, 18, 20, 158, 4, 33917, 25390, 28635, 2, 0, 0, 317
147,7,6, 1056449,benign, 728, 149, 8574, 0, 5829, 2689, 1, 464, 699, 0, 195, 33554, 397, 3, 43, 7107, 314, 443, 5, 13591, 9640, 19506, 0, 0, 25, 4788, 4943, 8486, 42, 0, 0, 19, 23, 179, 3, 34371, 26106, 29363, 2, 0, 0, 317
148,3,22, 1054941,SDC, 674, 148, 8565, 0, 5820, 2692, 1, 464, 694, 0, 196, 33627, 392, 3, 41, 7497, 286, 444, 5, 13126, 9190, 19594, 0, 0, 25, 4713, 4886, 8469, 42, 0, 0, 18, 20, 157, 3, 34884, 25706, 28977, 2, 0, 0, 379
149,9,3, 1053325,benign, 631, 148, 8557, 0, 5820, 2686, 1, 464, 699, 0, 200, 33410, 397, 3, 41, 6802, 269, 504, 5, 13668, 9660, 19496, 0, 0, 25, 4795, 4819, 8498, 42, 0, 0, 18, 20, 158, 4, 34530, 25413, 28732, 2, 0, 0, 383
150,5,11, 1053329,benign, 630, 148, 8560, 0, 5829, 2690, 5, 464, 699, 0, 195, 33431, 397, 3, 41, 6830, 340, 445, 5, 13433, 9404, 19507, 0, 0, 25, 4714, 4883, 8480, 42, 0, 0, 18, 20, 157, 3, 34520, 25613, 29041, 2, 0, 0, 317
151,6,30, 1058129,benign, 783, 149, 8578, 0, 5824, 2691, 1, 464, 699, 0, 199, 34018, 397, 3, 42, 7686, 311, 447, 5, 13585, 9728, 19487, 0, 0, 25, 4728, 4911, 8485, 42, 0, 0, 18, 20, 169, 3, 34562, 26358, 29638, 2, 0, 0, 319
152,1,21, 1059261,benign, 804, 146, 8577, 0, 5826, 2693, 5, 464, 699, 0, 198, 34065, 397, 3, 41, 7827, 327, 466, 5, 13932, 9789, 19507, 0, 0, 25, 4846, 4886, 8478, 42, 0, 0, 18, 20, 160, 3, 35259, 25975, 29311, 2, 0, 0, 377
153,5,6, 1056062,benign, 715, 147, 8573, 0, 5828, 2695, 2, 464, 699, 0, 196, 33722, 397, 3, 41, 7209, 309, 446, 5, 13950, 9959, 19503, 0, 0, 25, 4716, 4886, 8485, 42, 0, 0, 18, 20, 159, 3, 34554, 25722, 29013, 2, 0, 0, 316
154,6,4, 1059007,benign, 802, 149, 8560, 0, 5825, 2689, 1, 464, 699, 0, 196, 34274, 397, 3, 40, 8029, 340, 443, 5, 13879, 9878, 19502, 0, 0, 25, 4738, 4909, 8489, 42, 0, 0, 18, 20, 158, 3, 34730, 25902, 29228, 2, 0, 0, 536
155,10,30, 1053699,benign, 640, 148, 8567, 0, 5824, 2692, 2, 464, 699, 0, 193, 33873, 397, 3, 41, 7159, 306, 446, 5, 13616, 9585, 19502, 0, 0, 25, 4715, 4891, 8481, 42, 0, 0, 18, 20, 166, 3, 34470, 25391, 28657, 2, 0, 0, 384
156,5,29, 1058360,benign, 759, 146, 8569, 4, 5820, 2688, 2, 464, 699, 0, 202, 33927, 397, 3, 42, 7408, 385, 450, 5, 13487, 9510, 19464, 0, 0, 25, 4784, 4951, 8487, 42, 0, 0, 18, 20, 158, 4, 34299, 25462, 28902, 2, 0, 0, 384
157,2,29, 1054096,benign, 630, 147, 8566, 4, 5832, 2687, 2, 464, 700, 0, 200, 33631, 397, 3, 43, 7137, 330, 443, 5, 13425, 9433, 19484, 0, 0, 25, 4774, 4826, 8484, 42, 0, 0, 18, 20, 159, 3, 34222, 25211, 28480, 2, 0, 0, 317
158,3,31, 1058049,SDC, 772, 147, 8566, 0, 5822, 2692, 2, 464, 694, 0, 197, 33835, 392, 3, 41, 7282, 282, 513, 5, 13695, 9710, 19501, 0, 0, 25, 4964, 4766, 8482, 42, 0, 0, 18, 20, 160, 3, 34303, 26094, 29374, 2, 0, 0, 317
159,2,21, 1050450,SDC, 542, 146, 8560, 0, 5823, 2694, 1, 464, 694, 0, 205, 33646, 392, 3, 41, 6861, 334, 625, 5, 13121, 9155, 19476, 0, 0, 25, 4775, 4851, 8480, 42, 0, 0, 18, 20, 157, 3, 34282, 25317, 28598, 2, 0, 0, 526
160,9,30, 1055786,benign, 709, 146, 8577, 0, 5827, 2689, 5, 464, 699, 0, 196, 33688, 397, 3, 44, 7414, 288, 443, 5, 13718, 9693, 19510, 0, 0, 25, 4705, 4898, 8475, 42, 0, 0, 18, 20, 167, 3, 34578, 25906, 29185, 2, 0, 0, 377
161,1,30, 1050996,benign, 532, 148, 8551, 4, 5826, 2693, 1, 464, 699, 0, 197, 33085, 397, 3, 44, 6621, 322, 501, 5, 13217, 9209, 19494, 0, 0, 25, 4779, 4957, 8493, 42, 0, 0, 18, 20, 159, 3, 33661, 24961, 28251, 2, 0, 0, 319
162,3,12, 1053069,SDC, 617, 147, 8556, 0, 5822, 2692, 2, 464, 694, 0, 194, 33779, 392, 3, 41, 6944, 358, 443, 5, 13297, 9386, 19504, 0, 0, 25, 4785, 4845, 8493, 42, 0, 0, 18, 20, 158, 4, 34256, 25360, 28869, 2, 0, 0, 317
163,0,4, 1059205,benign, 814, 147, 8576, 0, 5824, 2689, 5, 464, 699, 0, 200, 33918, 397, 3, 41, 7669, 308, 456, 5, 13817, 9845, 19510, 0, 0, 25, 4714, 4896, 8498, 42, 0, 0, 18, 20, 166, 3, 34802, 26055, 29374, 2, 0, 0, 316
164,9,25, 1055240,benign, 665, 146, 8562, 4, 5827, 2684, 1, 464, 699, 0, 197, 34115, 397, 3, 44, 7265, 313, 442, 5, 13105, 9154, 19469, 0, 0, 25, 4735, 4871, 8482, 41, 0, 0, 18, 20, 164, 4, 33860, 25532, 28985, 2, 0, 0, 320
165,4,0, 1056141,benign, 727, 149, 8566, 1, 5829, 2695, 1, 464, 699, 0, 197, 33933, 397, 3, 41, 7432, 329, 575, 5, 13603, 9610, 19507, 0, 0, 25, 4711, 4886, 8481, 42, 0, 0, 18, 20, 160, 4, 34657, 25812, 29094, 2, 0, 0, 378
166,4,23, 1060005,benign, 810, 147, 8566, 0, 5828, 2694, 1, 464, 699, 0, 202, 33885, 397, 3, 41, 7459, 286, 449, 5, 14177, 10198, 19570, 0, 0, 25, 4738, 4876, 8501, 42, 0, 0, 18, 20, 155, 2, 34317, 26185, 29462, 1, 0, 0, 317
167,4,4, 1052199,benign, 593, 148, 8559, 1, 5823, 2685, 2, 464, 699, 0, 198, 33591, 397, 3, 41, 6764, 326, 443, 5, 13750, 9801, 19504, 0, 0, 25, 5031, 4702, 8471, 42, 0, 0, 19, 23, 160, 4, 33949, 25348, 28845, 2, 0, 0, 402
168,7,16, 1053313,benign, 634, 147, 8572, 0, 5828, 2689, 1, 464, 699, 0, 197, 34082, 397, 3, 45, 6877, 301, 510, 5, 13379, 9346, 19483, 0, 0, 25, 4796, 4943, 8481, 42, 0, 0, 18, 20, 157, 3, 33975, 25795, 29273, 2, 0, 0, 317
169,2,18, 1056189,benign, 716, 149, 8579, 0, 5828, 2687, 1, 464, 699, 0, 197, 33679, 397, 3, 41, 7736, 332, 453, 5, 13706, 9770, 19498, 0, 0, 25, 4725, 4884, 8485, 42, 0, 0, 18, 20, 167, 3, 34515, 25555, 28903, 2, 0, 0, 384
170,7,21, 1055788,benign, 681, 149, 8567, 4, 5820, 2686, 2, 464, 699, 0, 195, 33562, 397, 3, 42, 7010, 314, 444, 5, 13577, 9550, 19471, 0, 0, 25, 4843, 4876, 8489, 42, 0, 0, 18, 20, 159, 3, 34053, 25543, 28816, 2, 0, 0, 320
171,3,27, 1056589,benign, 731, 150, 8578, 0, 5827, 2694, 1, 464, 699, 0, 206, 34122, 397, 3, 42, 7535, 326, 452, 5, 13931, 9948, 19496, 0, 0, 25, 4721, 4872, 8480, 42, 0, 0, 18, 20, 160, 3, 34484, 26026, 29385, 2, 0, 0, 447
172,5,8, 1054411,benign, 665, 148, 8565, 0, 5832, 2696, 1, 464, 699, 0, 195, 33817, 397, 3, 41, 6860, 301, 446, 5, 13545, 9360, 19491, 0, 0, 25, 4786, 4959, 8487, 42, 0, 0, 18, 20, 167, 4, 34599, 25459, 28849, 2, 0, 0, 317
173,5,7, 1053919,benign, 644, 148, 8571, 0, 5827, 2694, 2, 464, 700, 0, 197, 33760, 397, 3, 45, 6940, 283, 444, 5, 13357, 9365, 19496, 0, 0, 25, 4780, 4954, 8478, 42, 0, 0, 18, 20, 168, 3, 34683, 25489, 28756, 2, 0, 0, 384
174,7,25, 1050024,benign, 508, 147, 8559, 4, 5824, 2690, 2, 464, 699, 0, 196, 33159, 397, 3, 41, 6754, 315, 450, 5, 12862, 8803, 19483, 0, 0, 25, 4712, 4895, 8490, 42, 0, 0, 18, 20, 167, 3, 33931, 25253, 28536, 2, 0, 0, 319
175,0,11, 1053069,benign, 621, 148, 8564, 0, 5826, 2693, 1, 464, 699, 0, 196, 33615, 397, 3, 44, 7325, 301, 511, 5, 13789, 9820, 19505, 0, 0, 25, 4832, 4888, 8483, 42, 0, 0, 18, 20, 160, 3, 34514, 25927, 29202, 2, 0, 0, 377
176,9,19, 1060387,benign, 529, 146, 8556, 0, 5823, 2683, 4, 464, 699, 0, 191, 33280, 397, 3, 40, 6513, 299, 437, 5, 13588, 9606, 19510, 0, 0, 25, 4448, 5158, 8482, 36, 0, 0, 18, 20, 157, 3, 33734, 25084, 28421, 1, 0, 0, 386
177,10,14, 1053509,benign, 636, 147, 8573, 0, 5828, 2687, 6, 464, 699, 0, 194, 33355, 397, 3, 41, 6915, 299, 443, 5, 13554, 9575, 19513, 0, 0, 25, 4715, 4888, 8487, 42, 0, 0, 18, 20, 159, 3, 34461, 25383, 28626, 2, 0, 0, 379
178,3,1, 1053682,SDC, 642, 148, 8567, 0, 5823, 2696, 2, 464, 694, 0, 201, 33854, 392, 3, 41, 6767, 436, 443, 5, 13205, 9304, 19482, 0, 0, 25, 4713, 4884, 8481, 42, 0, 0, 18, 20, 360, 3, 34634, 25809, 29113, 2, 0, 0, 317
179,6,29, 1052732,benign, 587, 148, 8569, 4, 5827, 2689, 2, 464, 699, 0, 194, 33581, 397, 3, 41, 6844, 311, 504, 5, 13434, 9456, 19478, 0, 0, 25, 4721, 4871, 8489, 42, 0, 0, 18, 20, 160, 3, 33814, 25558, 28901, 2, 0, 0, 316
180,3,12, 1052499,SDC, 598, 148, 8563, 0, 5819, 2691, 1, 464, 694, 0, 198, 33369, 392, 3, 41, 7030, 309, 503, 5, 13602, 9577, 19473, 0, 0, 25, 4865, 4997, 8480, 42, 0, 0, 18, 20, 159, 3, 34072, 25775, 29105, 2, 0, 0, 317
181,3,28, 1054266,SDC, 658, 147, 8555, 0, 5820, 2691, 2, 464, 694, 0, 194, 33497, 392, 3, 41, 7077, 324, 446, 5, 13630, 9634, 19494, 0, 0, 25, 4728, 4869, 8475, 42, 0, 0, 18, 20, 160, 3, 34211, 25675, 28966, 2, 0, 0, 319
182,4,23, 1056159,benign, 724, 149, 8570, 0, 5826, 2693, 1, 464, 699, 0, 198, 33601, 397, 3, 43, 7177, 337, 437, 5, 13677, 9642, 19527, 0, 0, 25, 4728, 4888, 8486, 42, 0, 0, 18, 20, 153, 2, 34862, 25406, 28673, 1, 0, 0, 384
183,0,4, 1060396,benign, 789, 147, 8573, 4, 5826, 2692, 2, 464, 700, 0, 209, 34170, 397, 3, 43, 7404, 287, 441, 5, 13527, 9549, 19501, 0, 0, 25, 4725, 4895, 8491, 41, 0, 0, 18, 20, 160, 3, 34461, 25788, 29106, 2, 0, 0, 317
184,6,30, 1060302,benign, 519, 146, 8562, 0, 5825, 2690, 2, 464, 699, 0, 190, 33247, 397, 3, 40, 6761, 298, 440, 5, 13047, 9020, 19506, 0, 0, 25, 4448, 5156, 8475, 36, 0, 0, 18, 20, 153, 2, 33771, 25356, 28644, 1, 0, 0, 316
185,8,17, 1051209,benign, 565, 147, 8557, 0, 5826, 2689, 2, 464, 699, 0, 195, 33641, 397, 3, 41, 6688, 286, 445, 5, 13209, 9261, 19502, 0, 0, 25, 4938, 5093, 8484, 42, 0, 0, 18, 20, 158, 3, 34049, 25686, 28960, 2, 0, 0, 320
186,6,0, 1059913,benign, 811, 147, 8582, 0, 5831, 2689, 2, 464, 699, 0, 201, 33889, 397, 3, 41, 7411, 413, 444, 5, 13828, 9878, 19528, 0, 0, 25, 4704, 4909, 8501, 42, 0, 0, 18, 20, 161, 3, 34752, 25933, 29215, 2, 0, 0, 318
187,8,27, 1054738,benign, 679, 147, 8572, 0, 5828, 2690, 1, 464, 699, 0, 198, 33802, 397, 3, 42, 7439, 318, 518, 5, 13645, 9674, 19502, 0, 0, 25, 4724, 4888, 8483, 42, 0, 0, 18, 20, 169, 3, 34210, 25473, 28874, 2, 0, 0, 316
188,6,22, 1051846,benign, 577, 147, 8564, 0, 5830, 2686, 1, 464, 699, 0, 196, 33633, 397, 3, 43, 6748, 302, 444, 5, 13457, 9422, 19505, 0, 0, 25, 4719, 4880, 8487, 42, 0, 0, 18, 20, 158, 4, 34293, 25752, 29059, 2, 0, 0, 320
189,6,19, 1057083,benign, 745, 148, 8562, 0, 5826, 2693, 1, 464, 699, 0, 195, 34045, 397, 3, 41, 7377, 337, 447, 5, 13602, 9623, 19500, 0, 0, 25, 4737, 4860, 8475, 42, 0, 0, 18, 20, 158, 3, 34339, 25779, 29123, 2, 0, 0, 379
190,10,28, 1054321,benign, 667, 148, 8569, 0, 5829, 2691, 1, 464, 699, 0, 195, 33587, 397, 3, 43, 7133, 683, 444, 5, 13438, 9495, 19500, 0, 0, 25, 4772, 4968, 8484, 42, 0, 0, 18, 20, 158, 3, 34277, 25872, 29172, 2, 0, 0, 450
191,3,0, 1058072,benign, 753, 147, 8572, 4, 5827, 2694, 1, 464, 699, 0, 195, 34018, 397, 3, 43, 7709, 285, 443, 5, 13871, 9900, 19487, 0, 0, 25, 4733, 4874, 8480, 42, 0, 0, 18, 20, 158, 4, 34447, 25876, 29143, 2, 0, 0, 318
192,1,31, 1058025,benign, 770, 147, 8581, 0, 5830, 2685, 1, 464, 699, 0, 195, 33770, 397, 3, 41, 8063, 301, 441, 5, 13951, 9968, 19514, 0, 0, 25, 4732, 4875, 8483, 42, 0, 0, 18, 20, 167, 4, 34527, 25747, 29286, 2, 0, 0, 316
193,9,0, 1054372,benign, 639, 146, 8572, 4, 5827, 2691, 5, 464, 699, 0, 197, 33189, 397, 3, 41, 7230, 310, 445, 5, 13680, 9458, 19477, 0, 0, 25, 4777, 4947, 8487, 42, 0, 0, 18, 20, 166, 4, 34051, 25669, 28953, 2, 0, 0, 326
194,9,30, 1058767,benign, 804, 147, 8577, 0, 5822, 2686, 2, 464, 699, 0, 196, 34037, 397, 3, 42, 7863, 326, 520, 5, 14207, 10190, 19541, 0, 0, 25, 4755, 4893, 8479, 42, 0, 0, 19, 23, 160, 3, 34757, 25906, 29174, 2, 0, 0, 323
195,0,13, 1052302,benign, 600, 148, 8564, 0, 5824, 2691, 4, 464, 699, 0, 196, 33713, 397, 3, 43, 7010, 326, 520, 5, 13630, 9665, 19489, 0, 0, 25, 4718, 4888, 8478, 42, 0, 0, 18, 20, 159, 3, 34566, 25565, 28833, 2, 0, 0, 316
196,9,4, 1058582,benign, 797, 148, 8567, 0, 5825, 2693, 1, 464, 699, 0, 197, 34238, 397, 3, 43, 7709, 288, 578, 5, 13732, 9750, 19509, 0, 0, 25, 4725, 4874, 8485, 42, 0, 0, 18, 20, 160, 3, 34796, 25766, 29064, 2, 0, 0, 319
197,2,14, 1057192,benign, 728, 148, 8569, 4, 5829, 2695, 1, 464, 699, 0, 202, 33785, 397, 3, 41, 7722, 533, 510, 5, 13665, 9483, 19478, 0, 0, 25, 4737, 4872, 8488, 42, 0, 0, 18, 20, 166, 4, 34670, 25632, 29031, 2, 0, 0, 320
198,4,10, 1055723,benign, 702, 147, 8576, 1, 5825, 2688, 2, 464, 699, 0, 198, 33910, 397, 3, 40, 7268, 307, 504, 5, 13913, 9898, 19528, 0, 0, 25, 4852, 5008, 8492, 42, 0, 0, 18, 20, 162, 2, 34445, 25811, 29077, 2, 0, 0, 323
199,7,2, 1059329,benign, 821, 146, 8577, 0, 5828, 2694, 1, 464, 699, 0, 198, 33670, 397, 3, 41, 7680, 318, 456, 5, 14262, 10298, 19548, 0, 0, 25, 4730, 4870, 8483, 42, 0, 0, 18, 20, 157, 3, 34572, 25904, 29179, 2, 0, 0, 378
200,2,11, 1055488,benign, 675, 148, 8575, 4, 5827, 2694, 2, 464, 699, 0, 202, 33393, 397, 3, 42, 7182, 313, 443, 5, 13719, 9748, 19469, 0, 0, 25, 4714, 4883, 8485, 42, 0, 0, 18, 20, 168, 3, 34490, 25633, 28903, 2, 0, 0, 319
201,0,13, 1054904,SDC, 656, 148, 8561, 4, 5814, 2687, 1, 464, 694, 0, 194, 33037, 392, 3, 42, 7460, 333, 450, 5, 13259, 9302, 19469, 0, 0, 25, 4716, 4884, 8485, 42, 0, 0, 18, 20, 157, 3, 34129, 25370, 28675, 2, 0, 0, 319
202,3,22, 1056914,SDC, 735, 148, 8569, 0, 5817, 2690, 1, 464, 694, 0, 201, 33961, 392, 3, 41, 7401, 335, 446, 5, 13653, 9718, 19495, 0, 0, 25, 4724, 4868, 8481, 42, 0, 0, 18, 20, 171, 3, 34445, 26164, 29431, 2, 0, 0, 316
203,0,17, 1050900,benign, 530, 148, 8554, 4, 5828, 2694, 2, 464, 699, 0, 195, 33229, 397, 3, 41, 6681, 293, 446, 5, 13043, 8898, 19479, 0, 0, 25, 4774, 4946, 8494, 42, 0, 0, 18, 20, 167, 4, 33746, 25233, 28566, 2, 0, 0, 379
204,4,9, 1054095,benign, 652, 148, 8565, 1, 5826, 2694, 2, 464, 699, 0, 196, 33820, 397, 3, 40, 7006, 303, 439, 5, 13580, 9560, 19508, 0, 0, 25, 4780, 4824, 8480, 42, 0, 0, 18, 20, 153, 2, 34211, 25781, 29225, 2, 0, 0, 319
205,1,10, 1058590,benign, 797, 150, 8554, 0, 5824, 2689, 2, 464, 699, 0, 193, 34422, 397, 3, 43, 7611, 295, 442, 5, 14257, 10258, 19549, 0, 0, 25, 4811, 4839, 8478, 40, 0, 0, 19, 23, 169, 3, 34647, 25860, 29126, 2, 0, 0, 384
206,7,31, 1057912,benign, 749, 147, 8577, 4, 5825, 2690, 1, 464, 699, 0, 201, 34079, 397, 3, 42, 7473, 320, 739, 5, 13852, 9634, 19486, 0, 0, 25, 4795, 4938, 8487, 42, 0, 0, 18, 20, 158, 4, 34307, 25448, 28867, 2, 0, 0, 386
207,7,6, 1051442,benign, 566, 147, 8559, 0, 5827, 2690, 2, 464, 699, 0, 196, 33726, 397, 3, 41, 6835, 338, 505, 5, 13272, 9230, 19510, 0, 0, 25, 4721, 4882, 8482, 42, 0, 0, 18, 20, 159, 3, 34069, 25224, 28498, 2, 0, 0, 317
208,3,20, 1058827,SDC, 798, 147, 8566, 0, 5820, 2697, 1, 464, 695, 0, 200, 34188, 392, 3, 42, 7501, 296, 442, 5, 13730, 9721, 19494, 0, 0, 25, 4778, 4952, 8486, 42, 0, 0, 18, 20, 158, 3, 34972, 25861, 29150, 2, 0, 0, 379
209,0,12, 1059945,benign, 812, 146, 8580, 0, 5824, 2690, 2, 464, 699, 0, 203, 34456, 397, 3, 41, 7415, 286, 448, 5, 13657, 9772, 19529, 0, 0, 25, 4781, 4969, 8497, 42, 0, 0, 18, 20, 157, 4, 34261, 25730, 28983, 2, 0, 0, 379
210,1,4, 1054040,benign, 630, 148, 8566, 4, 5831, 2693, 2, 464, 699, 0, 200, 33601, 397, 3, 42, 7045, 265, 442, 5, 13242, 9300, 19482, 0, 0, 25, 4735, 4887, 8488, 42, 0, 0, 18, 20, 253, 3, 34187, 25023, 28357, 2, 0, 0, 316
211,2,3, 1051204,SDC, 543, 148, 8549, 4, 5821, 2692, 3, 464, 694, 0, 195, 33216, 392, 3, 43, 6441, 288, 443, 5, 12937, 8996, 19472, 0, 0, 25, 4765, 4957, 8489, 42, 0, 0, 18, 20, 158, 3, 33851, 25539, 28802, 2, 0, 0, 317
212,2,13, 1055778,SDC, 700, 146, 8571, 0, 5819, 2690, 2, 464, 694, 0, 202, 34011, 392, 3, 42, 7340, 279, 445, 5, 13519, 9562, 19491, 0, 0, 25, 4714, 4881, 8481, 42, 0, 0, 18, 20, 158, 4, 34308, 25844, 29221, 2, 0, 0, 319
213,9,14, 1057025,benign, 747, 147, 8575, 0, 5825, 2692, 1, 464, 699, 0, 196, 34376, 397, 3, 41, 7493, 305, 729, 5, 13720, 9719, 19510, 0, 0, 25, 4761, 4889, 8482, 42, 0, 0, 18, 20, 157, 4, 34297, 26114, 29361, 2, 0, 0, 320
214,2,16, 1050025,crash/hangs,-,-,-,-,-,-,-,-,-,-,-,-,-,-,-,-,-,-,-,-,-,-,-,-,-,-,-,-,-,-,-,-,-,-,-,-,-,-,-,-,-,-
215,10,14, 1056939,benign, 663, 22, 8572, 0, 5827, 3007, 2, 464, 699, 0, 195, 34176, 397, 3, 43, 7484, 309, 453, 5, 13755, 9755, 19510, 0, 0, 25, 4718, 4879, 8478, 42, 0, 0, 18, 20, 160, 3, 34685, 25622, 29122, 2, 0, 0, 317
216,8,27, 1057472,benign, 736, 147, 8561, 4, 5824, 2687, 1, 464, 699, 0, 207, 34134, 397, 3, 41, 7389, 338, 444, 5, 13498, 9508, 19477, 0, 0, 25, 4794, 4813, 8486, 42, 0, 0, 18, 20, 167, 3, 34315, 25860, 29189, 2, 0, 0, 319
217,10,5, 1051090,benign, 558, 150, 8549, 0, 5822, 2688, 1, 464, 699, 0, 201, 33260, 397, 3, 42, 7159, 314, 519, 5, 13350, 9050, 19501, 0, 0, 25, 4712, 4886, 8482, 42, 0, 0, 18, 20, 168, 3, 34217, 25389, 28631, 2, 0, 0, 317
218,10,23, 1057959,benign, 778, 148, 8578, 0, 5830, 2686, 3, 464, 699, 0, 203, 34267, 397, 3, 42, 7415, 283, 576, 5, 13738, 9789, 19518, 0, 0, 25, 4778, 4945, 8486, 42, 0, 0, 18, 20, 343, 3, 35244, 26050, 29317, 2, 0, 0, 316
219,1,10, 1052550,benign, 607, 147, 8557, 0, 5828, 2692, 2, 464, 699, 0, 199, 33713, 397, 3, 41, 7156, 313, 506, 5, 13656, 9632, 19509, 0, 0, 25, 4737, 4908, 8486, 41, 0, 0, 18, 20, 273, 3, 34628, 25712, 29053, 2, 0, 0, 331
220,3,3, 1058199,benign, 783, 149, 8578, 0, 5828, 2691, 1, 464, 699, 0, 198, 33981, 397, 3, 44, 7568, 284, 442, 5, 14002, 10027, 19535, 0, 0, 25, 4840, 4999, 8488, 42, 0, 0, 18, 20, 160, 3, 34438, 26009, 29301, 2, 0, 0, 377
221,10,28, 1060298,benign, 533, 148, 8563, 0, 5827, 2689, 1, 464, 699, 0, 188, 33522, 397, 3, 41, 6846, 285, 443, 5, 13146, 8916, 19498, 0, 0, 25, 4451, 5169, 8480, 36, 0, 0, 18, 20, 158, 4, 34203, 25424, 28921, 1, 0, 0, 317
222,6,6, 1057440,benign, 736, 148, 8578, 4, 5826, 2689, 1, 464, 699, 0, 195, 34041, 397, 3, 41, 7345, 278, 541, 5, 13370, 9351, 19478, 0, 0, 25, 4987, 4749, 8491, 42, 0, 0, 18, 20, 167, 4, 34962, 25860, 29219, 2, 0, 0, 321
223,1,15, 1053025,benign, 614, 146, 8562, 0, 5829, 2690, 2, 464, 699, 0, 193, 33775, 397, 3, 42, 6909, 330, 448, 5, 13426, 9454, 19510, 0, 0, 25, 4788, 4962, 8489, 42, 0, 0, 18, 20, 158, 3, 34429, 25519, 28795, 2, 0, 0, 317
224,9,14, 1053695,benign, 644, 150, 8570, 0, 5828, 2688, 1, 464, 699, 0, 199, 33506, 397, 3, 43, 6733, 321, 455, 5, 13702, 9713, 19498, 0, 0, 25, 4737, 4915, 8480, 42, 0, 0, 18, 20, 158, 3, 34405, 25584, 29018, 2, 0, 0, 319
225,3,6, 1050076,SDC, 507, 147, 8559, 4, 5823, 2689, 1, 464, 694, 0, 193, 33007, 392, 3, 42, 6823, 308, 453, 5, 12848, 8907, 19473, 0, 0, 25, 4712, 4895, 8479, 42, 0, 0, 18, 20, 166, 3, 33762, 24933, 28233, 2, 0, 0, 378
226,1,13, 1057360,benign, 732, 148, 8565, 4, 5823, 2688, 1, 464, 700, 0, 201, 33784, 397, 3, 41, 7495, 314, 442, 5, 13777, 9799, 19475, 0, 0, 25, 4743, 4899, 8474, 42, 0, 0, 18, 20, 158, 3, 34415, 25702, 29047, 2, 0, 0, 316
227,7,24, 1051548,benign, 550, 146, 8566, 4, 5827, 2694, 1, 464, 699, 0, 201, 33045, 397, 3, 41, 6666, 317, 511, 5, 12983, 8992, 19472, 0, 0, 25, 4776, 4946, 8482, 42, 0, 0, 18, 20, 158, 3, 33964, 24792, 28257, 2, 0, 0, 317
228,7,16, 1059791,benign, 517, 146, 8555, 0, 5824, 2686, 2, 464, 699, 0, 190, 33034, 397, 3, 41, 6592, 300, 443, 5, 13351, 9111, 19501, 0, 0, 25, 4447, 5150, 8482, 42, 0, 0, 18, 20, 157, 4, 33666, 25381, 28671, 2, 0, 0, 319
229,10,14, 1055714,benign, 710, 148, 8569, 0, 5829, 2692, 2, 464, 699, 0, 198, 33920, 397, 3, 43, 7164, 276, 463, 5, 13813, 9844, 19513, 0, 0, 25, 4720, 4890, 8491, 42, 0, 0, 18, 20, 159, 3, 34062, 25988, 29295, 2, 0, 0, 319
230,3,24, 1052482,SDC, 599, 147, 8562, 0, 5822, 2696, 1, 464, 694, 0, 197, 33246, 392, 3, 41, 6905, 330, 443, 5, 13394, 9385, 19499, 0, 0, 25, 4714, 4880, 8484, 41, 0, 0, 18, 20, 159, 3, 34476, 26074, 29356, 2, 0, 0, 378
231,0,4, 1052774,benign, 621, 147, 8557, 0, 5830, 2688, 1, 464, 699, 0, 196, 33469, 397, 3, 43, 6829, 283, 444, 5, 13482, 9416, 19507, 0, 0, 25, 4735, 4869, 8487, 42, 0, 0, 18, 20, 167, 3, 34310, 25619, 28907, 2, 0, 0, 321
232,8,0, 1059842,benign, 817, 146, 8581, 0, 5829, 2696, 1, 464, 699, 0, 196, 34066, 397, 3, 41, 7625, 310, 503, 5, 14451, 10504, 19546, 0, 0, 25, 4704, 4903, 8483, 42, 0, 0, 18, 20, 158, 3, 34684, 25986, 29263, 2, 0, 0, 320
233,7,25, 1057790,benign, 766, 146, 8566, 0, 5824, 2689, 2, 464, 699, 0, 198, 34011, 397, 3, 42, 8095, 262, 450, 5, 13845, 9862, 19506, 0, 0, 25, 4717, 4889, 8478, 42, 0, 0, 18, 20, 166, 4, 34789, 25850, 29328, 2, 0, 0, 321
234,4,0, 1054987,benign, 688, 147, 8567, 1, 5829, 2695, 2, 464, 699, 0, 193, 34114, 397, 3, 41, 7256, 288, 452, 5, 13552, 9560, 19519, 0, 0, 25, 4719, 4877, 8489, 42, 0, 0, 18, 20, 165, 3, 34626, 25541, 28823, 2, 0, 0, 442
235,8,1, 1050931,benign, 554, 146, 8567, 0, 5829, 2696, 1, 464, 699, 0, 196, 33623, 397, 3, 41, 6775, 316, 503, 5, 12974, 9038, 19508, 0, 0, 25, 5021, 4711, 8488, 42, 0, 0, 18, 20, 158, 4, 33821, 25492, 28775, 2, 0, 0, 322
236,9,9, 1058286,benign, 787, 147, 8578, 0, 5822, 2686, 1, 464, 700, 0, 197, 34032, 397, 3, 41, 7603, 298, 445, 5, 13861, 9908, 19496, 0, 0, 25, 4788, 4947, 8483, 42, 0, 0, 18, 20, 158, 3, 34607, 25948, 29212, 2, 0, 0, 323
237,8,1, 1054026,benign, 656, 150, 8562, 0, 5826, 2684, 1, 464, 699, 0, 197, 33890, 397, 3, 41, 6696, 322, 443, 5, 13302, 9361, 19495, 0, 0, 25, 4721, 4885, 8480, 41, 0, 0, 18, 20, 158, 3, 34019, 25717, 28989, 2, 0, 0, 317
238,3,27, 1053579,benign, 627, 146, 8579, 0, 5828, 2686, 1, 464, 699, 0, 199, 33974, 397, 3, 41, 7267, 342, 445, 5, 13926, 9920, 19502, 0, 0, 25, 4796, 4973, 8483, 41, 0, 0, 18, 20, 157, 3, 34080, 25422, 28715, 2, 0, 0, 317
239,1,30, 1049904,benign, 498, 146, 8554, 4, 5825, 2694, 2, 464, 699, 0, 196, 33438, 397, 3, 42, 6593, 274, 458, 5, 13180, 9171, 19462, 0, 0, 25, 4446, 5152, 8470, 42, 0, 0, 18, 20, 168, 3, 33634, 25255, 28538, 2, 0, 0, 317
240,2,10, 1050416,benign, 514, 147, 8555, 4, 5825, 2688, 2, 464, 699, 0, 195, 33220, 397, 3, 41, 6856, 319, 516, 5, 12883, 8684, 19467, 0, 0, 25, 4693, 4913, 8477, 42, 0, 0, 18, 20, 158, 4, 34057, 25302, 28555, 2, 0, 0, 317
241,1,5, 1055868,benign, 684, 148, 8568, 4, 5821, 2687, 4, 464, 699, 0, 198, 33583, 397, 3, 41, 7279, 309, 529, 5, 13503, 9552, 19478, 0, 0, 25, 4968, 4767, 8487, 42, 0, 0, 19, 23, 161, 3, 33852, 25581, 28865, 2, 0, 0, 319
242,5,13, 1051389,benign, 568, 146, 8564, 0, 5830, 2694, 1, 464, 699, 0, 195, 33145, 397, 3, 42, 6545, 311, 476, 5, 13825, 9724, 19502, 0, 0, 25, 4708, 4896, 8489, 42, 0, 0, 18, 20, 158, 4, 34274, 25117, 28637, 2, 0, 0, 317
243,4,22, 1055795,benign, 713, 146, 8576, 0, 5828, 2692, 1, 464, 699, 0, 197, 33675, 397, 3, 40, 7251, 306, 440, 5, 13772, 9808, 19504, 0, 0, 25, 4717, 4888, 8486, 42, 0, 0, 18, 20, 153, 2, 34241, 25721, 29142, 1, 0, 0, 317
244,10,0, 1053737,benign, 647, 147, 8560, 0, 5827, 2695, 1, 464, 699, 0, 203, 33802, 397, 3, 41, 6897, 309, 529, 5, 13199, 9248, 19497, 0, 0, 25, 4732, 4907, 8494, 42, 0, 0, 18, 20, 158, 3, 34603, 25580, 28877, 2, 0, 0, 384
245,1,30, 1057491,benign, 759, 149, 8577, 0, 5831, 2690, 1, 464, 699, 0, 194, 33853, 397, 3, 42, 7109, 302, 520, 5, 13923, 9878, 19510, 0, 0, 25, 4725, 4884, 8490, 42, 0, 0, 18, 20, 161, 3, 34610, 25752, 29036, 2, 0, 0, 317
246,6,6, 1054495,benign, 666, 147, 8560, 0, 5829, 2694, 2, 464, 699, 0, 205, 33954, 397, 3, 41, 7032, 301, 634, 5, 13288, 9278, 19510, 0, 0, 25, 4720, 4892, 8486, 42, 0, 0, 18, 20, 159, 3, 34183, 25679, 29004, 2, 0, 0, 379
247,2,27, 1057780,SDC, 747, 148, 8570, 4, 5819, 2687, 1, 464, 694, 0, 202, 34344, 392, 3, 43, 7405, 329, 442, 5, 13981, 9900, 19467, 0, 0, 25, 4723, 4879, 8483, 42, 0, 0, 18, 20, 146, 2, 34567, 25969, 29249, 2, 0, 0, 317
248,10,31, 1055737,benign, 698, 149, 8559, 0, 5829, 2689, 2, 464, 699, 0, 193, 33656, 397, 3, 41, 7198, 302, 445, 5, 13192, 9202, 19490, 0, 0, 25, 4720, 4886, 8479, 41, 0, 0, 18, 20, 158, 4, 34606, 25892, 29181, 2, 0, 0, 334
249,4,27, 1055901,benign, 708, 148, 8569, 0, 5823, 2689, 1, 464, 699, 0, 199, 33887, 397, 3, 41, 7367, 305, 530, 5, 14281, 10295, 19564, 0, 0, 25, 4778, 4852, 8476, 41, 0, 0, 18, 20, 153, 2, 34687, 26123, 29449, 1, 0, 0, 326
250,8,7, 1052984,benign, 596, 148, 8568, 4, 5829, 2693, 2, 464, 699, 0, 196, 33084, 397, 3, 42, 6849, 517, 445, 5, 13189, 9197, 19472, 0, 0, 25, 4811, 4828, 8475, 34, 0, 0, 18, 20, 167, 3, 33703, 25201, 28489, 2, 0, 0, 316
251,9,16, 1050413,benign, 538, 148, 8565, 0, 5828, 2690, 1, 464, 699, 0, 194, 33133, 397, 3, 43, 6704, 320, 443, 5, 13288, 9299, 19494, 0, 0, 25, 4990, 4661, 8495, 42, 0, 0, 18, 20, 160, 3, 34149, 25120, 28375, 2, 0, 0, 317
252,1,11, 1051923,benign, 585, 148, 8572, 0, 5826, 2690, 1, 464, 699, 0, 197, 33258, 397, 3, 43, 6670, 468, 449, 5, 13235, 9269, 19499, 0, 0, 25, 4790, 4859, 8487, 42, 0, 0, 18, 20, 159, 3, 33852, 25356, 28630, 2, 0, 0, 319
253,8,15, 1057665,benign, 759, 148, 8570, 0, 5827, 2695, 5, 464, 699, 0, 196, 33734, 397, 3, 41, 7506, 316, 447, 5, 13662, 9712, 19496, 0, 0, 25, 4723, 4878, 8482, 42, 0, 0, 18, 20, 157, 3, 34599, 26457, 29787, 2, 0, 0, 319
254,8,27, 1057499,benign, 760, 148, 8570, 0, 5832, 2697, 2, 464, 699, 0, 206, 34018, 397, 3, 41, 7508, 283, 444, 5, 13817, 9792, 19488, 0, 0, 25, 4790, 4815, 8483, 42, 0, 0, 18, 20, 157, 4, 34672, 25932, 29197, 2, 0, 0, 317
255,2,7, 1054456,SDC, 643, 147, 8560, 4, 5821, 2697, 1, 464, 694, 0, 195, 33470, 392, 3, 44, 7063, 343, 442, 5, 13533, 9549, 19459, 0, 0, 25, 4779, 4861, 8482, 42, 0, 0, 18, 20, 160, 3, 34131, 25386, 28829, 2, 0, 0, 317
256,6,14, 1053940,benign, 624, 146, 8572, 4, 5832, 2688, 3, 464, 699, 0, 202, 33224, 397, 3, 41, 6828, 305, 533, 5, 13262, 9299, 19488, 0, 0, 25, 4704, 4895, 8485, 41, 0, 0, 18, 20, 159, 3, 33973, 25477, 28756, 2, 0, 0, 384
257,5,12, 1052820,benign, 593, 148, 8563, 4, 5826, 2689, 3, 464, 699, 0, 195, 33188, 397, 3, 41, 6703, 311, 507, 5, 13581, 9628, 19487, 0, 0, 25, 4723, 4877, 8478, 42, 0, 0, 18, 20, 159, 3, 34167, 25215, 28717, 2, 0, 0, 319
258,1,20, 1054825,benign, 675, 146, 8569, 0, 5825, 2689, 1, 464, 699, 0, 203, 33707, 397, 3, 43, 7329, 326, 451, 5, 13252, 9280, 19498, 0, 0, 25, 4746, 4908, 8487, 42, 0, 0, 18, 20, 160, 3, 34102, 25898, 29177, 2, 0, 0, 323
259,0,30, 1050566,benign, 544, 150, 8549, 0, 5825, 2688, 2, 464, 699, 0, 194, 33317, 397, 3, 42, 6463, 283, 511, 5, 13035, 9049, 19488, 0, 0, 25, 4722, 4911, 8494, 42, 0, 0, 18, 20, 158, 3, 34233, 25762, 29041, 2, 0, 0, 390
260,10,13, 1050091,benign, 527, 146, 8562, 0, 5829, 2691, 2, 464, 699, 0, 198, 33710, 397, 3, 41, 6590, 309, 522, 5, 13182, 9235, 19499, 0, 0, 25, 4775, 4998, 8479, 42, 0, 0, 19, 23, 176, 2, 34001, 25471, 28851, 2, 0, 0, 319
261,3,1, 1051559,benign, 580, 147, 8561, 0, 5826, 2693, 1, 464, 699, 0, 193, 33459, 397, 3, 43, 7096, 318, 444, 5, 13216, 9189, 19508, 0, 0, 25, 4722, 4883, 8482, 42, 0, 0, 18, 20, 157, 2, 34242, 25641, 28892, 2, 0, 0, 378
262,8,24, 1060007,benign, 807, 146, 8590, 0, 5833, 2692, 1, 464, 699, 0, 198, 34282, 397, 3, 43, 7458, 284, 647, 5, 13882, 9973, 19545, 0, 0, 25, 4736, 4869, 8494, 42, 0, 0, 18, 20, 158, 4, 34539, 25965, 29253, 2, 0, 0, 319
263,7,7, 1059702,benign, 518, 144, 8553, 0, 5823, 2690, 1, 464, 699, 0, 189, 33090, 397, 3, 43, 6625, 324, 441, 5, 13106, 9163, 19495, 0, 0, 25, 4501, 5242, 8482, 42, 0, 0, 18, 20, 162, 2, 33901, 25099, 28388, 2, 0, 0, 319
264,8,31, 1056862,benign, 742, 148, 8572, 0, 5826, 2687, 1, 464, 700, 0, 207, 34344, 397, 3, 44, 7698, 325, 452, 5, 13739, 9761, 19500, 0, 0, 25, 4743, 4903, 8495, 42, 0, 0, 18, 20, 160, 3, 34332, 25969, 29270, 2, 0, 0, 326
265,4,10, 1050303,benign, 531, 146, 8552, 1, 5827, 2691, 1, 464, 699, 0, 203, 33670, 397, 3, 40, 6859, 327, 440, 5, 13317, 9289, 19497, 0, 0, 25, 4771, 4836, 8486, 42, 0, 0, 18, 20, 161, 2, 33687, 25180, 28569, 2, 0, 0, 317
266,8,13, 1057969,benign, 777, 147, 8570, 0, 5829, 2695, 2, 464, 699, 0, 196, 34269, 397, 3, 41, 7174, 291, 520, 6, 14023, 10022, 19564, 0, 0, 25, 4753, 4891, 8483, 42, 0, 0, 18, 20, 158, 3, 34896, 26222, 29750, 2, 0, 0, 317
267,7,20, 1055933,benign, 714, 147, 8575, 0, 5827, 2690, 2, 464, 699, 0, 197, 33997, 397, 3, 42, 7077, 335, 451, 5, 13930, 10012, 19548, 0, 0, 25, 4720, 4886, 8485, 42, 0, 0, 18, 20, 168, 3, 34549, 25432, 28688, 2, 0, 0, 317
268,5,2, 1059993,benign, 815, 146, 8586, 0, 5829, 2690, 2, 464, 699, 0, 199, 34395, 397, 3, 44, 7814, 283, 448, 5, 13597, 9621, 19524, 0, 0, 25, 4860, 4913, 8497, 42, 0, 0, 18, 20, 160, 2, 34740, 25837, 29136, 2, 0, 0, 319
269,9,15, 1050182,benign, 530, 147, 8562, 0, 5829, 2689, 1, 464, 699, 0, 195, 33496, 397, 3, 42, 6752, 315, 446, 5, 13070, 8988, 19503, 0, 0, 25, 4706, 4900, 8471, 42, 0, 0, 18, 20, 160, 3, 34197, 25458, 28701, 2, 0, 0, 447
270,4,10, 1054521,benign, 670, 147, 8556, 1, 5829, 2691, 2, 464, 699, 0, 197, 33969, 397, 3, 42, 6817, 303, 436, 5, 13447, 9449, 19513, 0, 0, 25, 4890, 5067, 8481, 42, 0, 0, 18, 20, 153, 2, 34484, 25734, 29007, 2, 0, 0, 323
271,9,27, 1057283,benign, 749, 148, 8571, 0, 5826, 2689, 1, 464, 699, 0, 196, 34026, 397, 3, 42, 7342, 309, 442, 5, 13997, 10021, 19543, 0, 0, 25, 4716, 4886, 8485, 42, 0, 0, 18, 20, 158, 3, 34621, 25836, 29232, 2, 0, 0, 393
272,4,15, 1057240,benign, 729, 148, 8579, 3, 5830, 2695, 2, 464, 699, 0, 203, 33614, 397, 3, 41, 7431, 339, 440, 5, 13595, 9555, 19489, 0, 0, 25, 4730, 4864, 8486, 42, 0, 0, 18, 20, 153, 2, 34227, 25470, 28759, 1, 0, 0, 317
273,7,13, 1050532,benign, 519, 146, 8560, 4, 5825, 2688, 2, 464, 699, 0, 196, 33561, 397, 3, 41, 6694, 329, 456, 5, 13061, 9118, 19469, 0, 0, 25, 4699, 4909, 8487, 42, 0, 0, 18, 20, 159, 3, 33846, 25073, 28353, 2, 0, 0, 454
274,5,6, 1054779,benign, 675, 147, 8563, 0, 5825, 2690, 1, 464, 699, 0, 195, 33820, 397, 3, 41, 6826, 301, 446, 5, 13414, 9434, 19495, 0, 0, 25, 4761, 4959, 8484, 42, 0, 0, 18, 20, 167, 3, 34472, 26045, 29335, 2, 0, 0, 318
275,7,19, 1052803,benign, 622, 147, 8572, 0, 5825, 2689, 1, 464, 699, 0, 198, 33660, 397, 3, 43, 7079, 308, 502, 5, 13325, 9290, 19487, 0, 0, 25, 4936, 5087, 8482, 42, 0, 0, 18, 20, 160, 3, 34373, 25779, 29107, 2, 0, 0, 316
276,2,0, 1053734,benign, 645, 147, 8565, 0, 5825, 2691, 2, 464, 699, 0, 204, 33383, 397, 3, 42, 6806, 288, 451, 5, 13610, 9617, 19514, 0, 0, 25, 4721, 4879, 8478, 42, 0, 0, 18, 20, 160, 3, 34036, 25825, 29184, 2, 0, 0, 316
277,3,21, 1058993,benign, 810, 150, 8578, 0, 5830, 2692, 2, 464, 699, 0, 197, 33856, 397, 3, 41, 8060, 329, 444, 5, 13682, 9720, 19494, 0, 0, 25, 4790, 4976, 8481, 42, 0, 0, 18, 20, 158, 3, 34455, 25872, 29159, 2, 0, 0, 319
278,3,30, 1057539,SDC, 757, 148, 8569, 0, 5818, 2694, 2, 464, 694, 0, 197, 34280, 392, 3, 42, 7510, 294, 513, 5, 13725, 9771, 19482, 0, 0, 25, 4743, 4899, 8483, 42, 0, 0, 18, 20, 168, 3, 34427, 25961, 29273, 2, 0, 0, 319
279,1,2, 1056926,benign, 743, 148, 8571, 0, 5826, 2689, 1, 464, 699, 0, 200, 33630, 397, 3, 42, 7472, 317, 667, 5, 13895, 9926, 19500, 0, 0, 25, 4790, 4944, 8480, 42, 0, 0, 18, 20, 174, 3, 34857, 25710, 29069, 2, 0, 0, 319
280,1,3, 1053158,benign, 628, 148, 8570, 0, 5825, 2689, 1, 464, 699, 0, 198, 33381, 397, 3, 41, 7285, 304, 643, 5, 13346, 9370, 19507, 0, 0, 25, 4789, 4932, 8481, 42, 0, 0, 18, 20, 158, 4, 34463, 25348, 28693, 2, 0, 0, 384
281,9,8, 1051620,benign, 555, 148, 8557, 4, 5829, 2696, 1, 464, 699, 0, 204, 33290, 397, 3, 42, 7117, 322, 442, 5, 12922, 8909, 19482, 0, 0, 25, 4716, 4889, 8480, 42, 0, 0, 18, 20, 158, 4, 34200, 25085, 28448, 2, 0, 0, 376
282,1,27, 1051674,benign, 570, 148, 8562, 0, 5824, 2686, 1, 464, 699, 0, 197, 33092, 397, 3, 43, 6884, 331, 505, 5, 13513, 9527, 19486, 0, 0, 25, 4723, 4884, 8490, 42, 0, 0, 18, 20, 157, 4, 34220, 25412, 28689, 2, 0, 0, 320
283,6,18, 1055751,benign, 703, 148, 8564, 0, 5824, 2688, 1, 464, 699, 0, 197, 33415, 397, 3, 43, 7306, 324, 442, 5, 13815, 9841, 19509, 0, 0, 25, 4780, 4947, 8505, 41, 0, 0, 18, 20, 158, 3, 34207, 25999, 29279, 2, 0, 0, 319
284,2,11, 1052188,benign, 569, 148, 8557, 4, 5826, 2689, 2, 464, 699, 0, 196, 33273, 397, 3, 41, 6952, 331, 510, 5, 13057, 9141, 19589, 0, 0, 25, 4973, 4749, 8483, 42, 0, 0, 18, 20, 158, 4, 33770, 25213, 28493, 2, 0, 0, 319
285,3,20, 1051925,benign, 587, 149, 8556, 0, 5823, 2693, 2, 464, 700, 0, 195, 33367, 397, 3, 43, 6540, 311, 509, 5, 13579, 9594, 19496, 0, 0, 25, 4716, 4885, 8490, 42, 0, 0, 18, 20, 158, 4, 34533, 25568, 28861, 2, 0, 0, 316
286,3,5, 1055398,benign, 700, 148, 8575, 0, 5828, 2690, 2, 464, 699, 0, 194, 33943, 397, 3, 42, 7410, 282, 448, 5, 13789, 9766, 19494, 0, 0, 25, 4840, 5017, 8485, 42, 0, 0, 18, 20, 352, 4, 34598, 25487, 28905, 2, 0, 0, 317
287,4,20, 1060369,benign, 818, 146, 8586, 0, 5832, 2694, 6, 464, 699, 0, 196, 34163, 397, 3, 40, 7418, 445, 440, 6, 14019, 10058, 19565, 0, 0, 25, 4721, 4892, 8491, 42, 0, 0, 18, 20, 153, 2, 34712, 26340, 29636, 1, 0, 0, 317
288,5,16, 1058602,benign, 793, 147, 8568, 0, 5826, 2691, 2, 464, 699, 0, 200, 34202, 397, 3, 41, 7697, 336, 506, 5, 14286, 10151, 19558, 0, 0, 25, 4722, 4879, 8489, 42, 0, 0, 18, 20, 159, 3, 35058, 26080, 29506, 2, 0, 0, 376
289,1,6, 1050171,benign, 540, 147, 8556, 0, 5828, 2695, 2, 464, 699, 0, 201, 33427, 397, 3, 41, 6640, 423, 445, 5, 13675, 9475, 19508, 0, 0, 25, 4764, 4965, 8488, 42, 0, 0, 18, 20, 376, 3, 34638, 25204, 28762, 2, 0, 0, 319
290,3,9, 1058937,benign, 799, 147, 8576, 0, 5828, 2690, 2, 464, 699, 0, 198, 34365, 397, 3, 41, 7839, 303, 445, 5, 13844, 9870, 19509, 0, 0, 25, 4773, 4950, 8482, 41, 0, 0, 18, 20, 181, 3, 34954, 25752, 29022, 2, 0, 0, 386
291,2,30, 1056982,benign, 740, 148, 8573, 0, 5822, 2686, 2, 464, 699, 0, 196, 34100, 397, 3, 42, 7157, 336, 444, 5, 13867, 9920, 19522, 0, 0, 25, 5047, 4691, 8482, 42, 0, 0, 18, 20, 158, 2, 34433, 25910, 29176, 2, 0, 0, 319
292,4,0, 1052164,benign, 568, 150, 8556, 4, 5822, 2693, 2, 464, 699, 0, 195, 33621, 397, 3, 41, 6686, 311, 569, 5, 13423, 9514, 19493, 0, 0, 25, 4782, 4820, 8483, 41, 0, 0, 18, 20, 153, 2, 34207, 25359, 28626, 2, 0, 0, 384
293,0,9, 1056843,benign, 744, 147, 8574, 0, 5829, 2694, 0, 464, 699, 0, 198, 33795, 397, 3, 41, 7287, 287, 616, 5, 14001, 10008, 19546, 0, 0, 25, 4724, 4879, 8476, 42, 0, 0, 18, 20, 160, 3, 34356, 25796, 29074, 2, 0, 0, 319
294,8,25, 1049888,benign, 499, 145, 8556, 4, 5822, 2688, 2, 464, 699, 0, 198, 33097, 397, 3, 41, 6734, 366, 464, 5, 12933, 9023, 19465, 0, 0, 25, 4695, 5034, 8477, 42, 0, 0, 18, 20, 172, 3, 33680, 25164, 28596, 2, 0, 0, 317
295,3,20, 1054890,benign, 674, 149, 8563, 0, 5824, 2694, 1, 464, 699, 0, 199, 33735, 397, 3, 45, 7530, 344, 442, 5, 13970, 9889, 19510, 0, 0, 25, 4888, 4710, 8482, 42, 0, 0, 18, 20, 158, 3, 33932, 25589, 28896, 2, 0, 0, 316
296,2,28, 1056891,SDC, 743, 147, 8566, 0, 5819, 2690, 3, 464, 694, 0, 195, 33976, 392, 3, 41, 7391, 305, 520, 5, 14029, 10095, 19541, 0, 0, 25, 4787, 4816, 8479, 42, 0, 0, 18, 20, 158, 3, 34408, 26141, 29574, 2, 0, 0, 319
297,0,28, 1055359,benign, 692, 148, 8563, 0, 5829, 2694, 5, 464, 699, 0, 201, 34362, 397, 3, 43, 7257, 308, 442, 6, 13995, 9849, 19513, 0, 0, 25, 4726, 4878, 8483, 42, 0, 0, 18, 20, 158, 4, 34185, 25521, 28810, 2, 0, 0, 384
298,8,21, 1051666,benign, 582, 149, 8556, 0, 5826, 2693, 1, 464, 699, 0, 195, 33731, 397, 3, 41, 6695, 467, 446, 5, 13668, 9663, 19507, 0, 0, 25, 4783, 4953, 8498, 42, 0, 0, 18, 20, 158, 4, 34214, 25567, 28887, 2, 0, 0, 319
299,5,18, 1053168,benign, 600, 149, 8564, 4, 5820, 2688, 1, 464, 699, 0, 202, 33470, 397, 3, 42, 6758, 276, 502, 5, 13061, 9048, 19492, 0, 0, 25, 4860, 4884, 8494, 42, 0, 0, 18, 20, 158, 3, 34243, 25092, 28524, 2, 0, 0, 317
300,2,30, 1058812,benign, 776, 148, 8567, 4, 5826, 2694, 1, 464, 699, 0, 197, 33732, 397, 3, 43, 7361, 315, 443, 5, 13785, 9768, 19470, 0, 0, 25, 4724, 4911, 8488, 42, 0, 0, 18, 20, 158, 3, 34722, 25872, 29131, 2, 0, 0, 317
301,10,8, 1057255,benign, 756, 148, 8577, 0, 5825, 2689, 1, 464, 699, 0, 203, 34205, 397, 3, 41, 7278, 282, 666, 5, 13732, 9729, 19513, 0, 0, 25, 4739, 4868, 8486, 42, 0, 0, 18, 20, 166, 4, 34690, 26024, 29301, 2, 0, 0, 319
302,5,23, 1056759,benign, 737, 146, 8580, 0, 5828, 2688, 1, 464, 699, 0, 196, 34198, 397, 3, 45, 7361, 370, 445, 5, 13729, 9760, 19496, 0, 0, 25, 4810, 4934, 8491, 42, 0, 0, 18, 20, 316, 4, 34708, 25900, 29329, 2, 0, 0, 384
303,0,8, 1054924,benign, 658, 148, 8570, 4, 5826, 2693, 2, 464, 700, 0, 197, 33095, 397, 3, 41, 7012, 292, 443, 5, 13331, 9374, 19475, 0, 0, 25, 4712, 4892, 8490, 42, 0, 0, 18, 20, 200, 3, 33944, 25203, 28446, 2, 0, 0, 384
304,8,13, 1055086,benign, 679, 151, 8561, 0, 5823, 2691, 3, 464, 699, 0, 198, 33676, 397, 3, 41, 7190, 308, 510, 5, 13753, 9718, 19492, 0, 0, 25, 4734, 4909, 8488, 42, 0, 0, 18, 20, 158, 3, 34519, 26028, 29340, 2, 0, 0, 319
305,2,6, 1057965,benign, 775, 148, 8589, 0, 5825, 2689, 1, 464, 699, 0, 198, 34261, 397, 3, 42, 7629, 328, 443, 5, 13771, 9762, 19490, 0, 0, 25, 4735, 4876, 8484, 42, 0, 0, 18, 20, 198, 3, 34911, 25993, 29278, 2, 0, 0, 328
306,10,3, 1051154,benign, 569, 150, 8551, 0, 5823, 2690, 2, 464, 699, 0, 200, 33792, 397, 3, 42, 6833, 317, 447, 5, 13651, 9426, 19500, 0, 0, 25, 4700, 4899, 8483, 42, 0, 0, 19, 23, 160, 4, 34481, 25781, 29101, 2, 0, 0, 320
307,5,4, 1056679,benign, 740, 148, 8566, 0, 5825, 2687, 2, 464, 699, 0, 194, 33938, 397, 3, 43, 7189, 339, 475, 5, 13773, 9804, 19513, 0, 0, 25, 4739, 4901, 8476, 42, 0, 0, 18, 20, 158, 3, 34736, 25713, 29027, 2, 0, 0, 320
308,1,30, 1060259,benign, 525, 147, 8559, 0, 5825, 2691, 2, 464, 699, 0, 196, 33632, 397, 3, 41, 6526, 443, 500, 5, 13210, 9126, 19481, 0, 0, 25, 4509, 5227, 8479, 36, 0, 0, 18, 20, 157, 3, 33714, 25111, 28425, 2, 0, 0, 317
309,9,1, 1059908,benign, 787, 147, 8586, 4, 5834, 2696, 2, 464, 699, 0, 207, 33950, 397, 3, 43, 7535, 306, 445, 5, 13544, 9594, 19494, 0, 0, 25, 4953, 4652, 8492, 42, 0, 0, 18, 20, 162, 2, 34203, 25752, 29030, 2, 0, 0, 316
310,3,30, 1057605,SDC, 785, 164, 8561, 0, 5818, 2688, 1, 464, 694, 0, 197, 34392, 392, 3, 41, 7648, 311, 451, 5, 13893, 9936, 19491, 0, 0, 25, 4713, 4885, 8483, 42, 0, 0, 18, 20, 158, 4, 34398, 25861, 29139, 2, 0, 0, 386
311,2,11, 1054688,SDC, 650, 148, 8554, 4, 5818, 2694, 2, 464, 694, 0, 199, 33377, 392, 3, 44, 7399, 382, 442, 5, 13448, 9448, 19460, 0, 0, 25, 4713, 4884, 8480, 42, 0, 0, 18, 20, 161, 3, 34011, 25331, 28624, 2, 0, 0, 323
312,3,0, 1051629,SDC, 573, 148, 8556, 0, 5821, 2695, 2, 464, 694, 0, 206, 33651, 392, 3, 42, 6858, 271, 456, 5, 13143, 9208, 19501, 0, 0, 25, 4725, 4915, 8483, 42, 0, 0, 18, 20, 158, 4, 34196, 25804, 29315, 2, 0, 0, 319
313,10,16, 1056027,benign, 727, 149, 8580, 0, 5834, 2693, 1, 464, 699, 0, 195, 33678, 397, 3, 41, 7431, 322, 509, 5, 13993, 10014, 19535, 0, 0, 25, 4814, 4953, 8502, 42, 0, 0, 18, 20, 158, 3, 34519, 26122, 29536, 2, 0, 0, 319
314,0,24, 1058698,benign, 805, 146, 8574, 0, 5824, 2689, 2, 464, 699, 0, 196, 33833, 397, 3, 41, 7702, 301, 445, 5, 13780, 9846, 19502, 0, 0, 25, 4709, 4889, 8491, 42, 0, 0, 18, 20, 168, 3, 34690, 26331, 29652, 2, 0, 0, 317
315,2,30, 1054942,SDC, 692, 148, 8560, 0, 5823, 2692, 1, 464, 694, 0, 206, 33846, 392, 3, 43, 7010, 277, 442, 5, 13758, 9761, 19494, 0, 0, 25, 4723, 4886, 8478, 42, 0, 0, 18, 20, 169, 4, 34570, 25820, 29010, 2, 0, 0, 319
316,1,20, 1050454,SDC, 548, 147, 8554, 0, 5823, 2691, 2, 464, 694, 0, 201, 33575, 392, 3, 41, 6522, 341, 458, 5, 13356, 9424, 19492, 0, 0, 25, 4703, 4901, 8485, 42, 0, 0, 18, 20, 159, 3, 33903, 25235, 28574, 2, 0, 0, 317
317,6,10, 1051881,benign, 586, 149, 8557, 0, 5827, 2690, 4, 464, 699, 0, 194, 33623, 397, 3, 42, 7371, 271, 448, 5, 13228, 9190, 19500, 0, 0, 25, 4720, 4884, 8488, 42, 0, 0, 18, 20, 158, 3, 33893, 25343, 28639, 2, 0, 0, 323
318,5,3, 1050390,benign, 542, 148, 8563, 0, 5829, 2693, 2, 464, 699, 0, 196, 33695, 397, 3, 41, 7134, 311, 444, 5, 13221, 9228, 19500, 0, 0, 25, 4874, 4723, 8481, 42, 0, 0, 18, 20, 168, 3, 34580, 25403, 28880, 2, 0, 0, 320
319,10,30, 1057660,benign, 741, 148, 8584, 4, 5829, 2691, 1, 464, 699, 0, 196, 34174, 397, 3, 41, 7263, 315, 445, 5, 13634, 9590, 19489, 0, 0, 25, 4773, 4825, 8488, 42, 0, 0, 18, 20, 158, 3, 34298, 25776, 29050, 2, 0, 0, 378
320,4,14, 1050601,benign, 544, 148, 8546, 0, 5828, 2694, 2, 464, 699, 0, 200, 33454, 397, 3, 41, 6435, 304, 508, 5, 13267, 9305, 19517, 0, 0, 25, 4707, 4898, 8483, 42, 0, 0, 18, 20, 153, 2, 34309, 25386, 28684, 1, 0, 0, 378
321,6,27, 1058244,benign, 760, 148, 8569, 4, 5827, 2694, 2, 464, 700, 0, 195, 33642, 397, 3, 41, 7873, 295, 445, 5, 14003, 9957, 19467, 0, 0, 25, 4711, 4887, 8483, 42, 0, 0, 18, 20, 159, 3, 34081, 25504, 28835, 2, 0, 0, 317
322,3,29, 1052773,benign, 628, 148, 8562, 0, 5826, 2691, 2, 464, 699, 0, 196, 33933, 397, 3, 41, 6797, 357, 444, 5, 13796, 9774, 19512, 0, 0, 25, 4726, 4870, 8484, 42, 0, 0, 18, 20, 158, 3, 34315, 25267, 28762, 2, 0, 0, 443
323,5,8, 1055487,benign, 694, 148, 8572, 0, 5826, 2691, 2, 464, 699, 0, 198, 33742, 397, 3, 41, 7371, 296, 519, 5, 13707, 9755, 19521, 0, 0, 25, 4766, 4832, 8485, 42, 0, 0, 18, 20, 158, 4, 34509, 25334, 28620, 2, 0, 0, 379
324,5,0, 1051387,benign, 574, 147, 8554, 0, 5833, 2692, 2, 464, 699, 0, 204, 33528, 397, 3, 42, 6662, 278, 512, 5, 13463, 9426, 19512, 0, 0, 25, 5082, 5158, 8486, 42, 0, 0, 18, 20, 157, 2, 33818, 25313, 28734, 2, 0, 0, 384
325,4,28, 1050370,benign, 543, 148, 8557, 0, 5827, 2692, 1, 464, 699, 0, 194, 33594, 397, 3, 40, 6696, 304, 437, 5, 13236, 9197, 19507, 0, 0, 25, 4769, 4843, 8487, 42, 0, 0, 18, 20, 161, 2, 34258, 25855, 29164, 2, 0, 0, 321
326,10,15, 1050228,benign, 508, 146, 8564, 4, 5825, 2688, 1, 464, 699, 0, 196, 33163, 397, 3, 41, 6605, 269, 446, 5, 13529, 9336, 19468, 0, 0, 25, 4725, 4913, 8487, 42, 0, 0, 18, 20, 166, 3, 33939, 25070, 28335, 2, 0, 0, 317
327,1,28, 1051960,benign, 562, 147, 8572, 4, 5831, 2695, 1, 464, 699, 0, 193, 33062, 397, 3, 43, 7303, 256, 458, 5, 13201, 9045, 19478, 0, 0, 25, 4843, 5012, 8483, 42, 0, 0, 18, 20, 157, 3, 34135, 25286, 28530, 2, 0, 0, 317
328,5,6, 1053290,benign, 632, 149, 8568, 0, 5828, 2693, 5, 464, 699, 0, 198, 33450, 397, 3, 41, 7077, 313, 444, 5, 13787, 9641, 19504, 0, 0, 25, 4795, 4961, 8484, 42, 0, 0, 18, 20, 159, 3, 34204, 25462, 28726, 2, 0, 0, 447
329,10,9, 1057115,benign, 747, 149, 8573, 1, 5821, 2688, 1, 464, 699, 0, 197, 33944, 397, 3, 43, 7245, 303, 441, 5, 14127, 10093, 19560, 0, 0, 25, 4874, 4916, 8479, 42, 0, 0, 18, 20, 158, 4, 34729, 25634, 28922, 2, 0, 0, 317
330,8,31, 1056306,benign, 728, 148, 8580, 0, 5831, 2686, 1, 464, 699, 0, 200, 34003, 397, 3, 42, 7280, 445, 449, 6, 13911, 9815, 19513, 0, 0, 25, 4779, 4831, 8488, 42, 0, 0, 18, 20, 159, 3, 34661, 25507, 28796, 2, 0, 0, 317
331,0,3, 1050320,benign, 513, 148, 8559, 4, 5827, 2694, 1, 464, 699, 0, 195, 33198, 397, 3, 41, 6490, 309, 442, 5, 13157, 9156, 19468, 0, 0, 25, 4719, 4923, 8484, 42, 0, 0, 18, 20, 158, 4, 33828, 25031, 28326, 2, 0, 0, 319
332,2,27, 1054658,SDC, 670, 147, 8557, 0, 5817, 2689, 2, 464, 694, 0, 198, 34135, 392, 3, 42, 6854, 295, 715, 5, 13820, 9760, 19493, 0, 0, 25, 4706, 4888, 8481, 42, 0, 0, 18, 20, 158, 3, 34173, 25321, 28619, 2, 0, 0, 317
333,2,0, 1052782,benign, 629, 147, 8558, 0, 5829, 2688, 1, 464, 699, 0, 196, 33485, 397, 3, 41, 6876, 322, 453, 5, 13772, 9807, 19501, 0, 0, 25, 4735, 4906, 8480, 42, 0, 0, 18, 20, 158, 3, 34330, 25453, 28733, 2, 0, 0, 319
334,9,2, 1054602,benign, 671, 148, 8571, 0, 5829, 2690, 2, 464, 699, 0, 195, 34048, 397, 3, 41, 7179, 328, 443, 5, 13376, 9387, 19525, 0, 0, 25, 4704, 4892, 8489, 42, 0, 0, 18, 20, 168, 3, 34433, 25305, 28607, 2, 0, 0, 317
335,5,30, 1050941,benign, 553, 148, 8559, 0, 5825, 2692, 2, 464, 699, 0, 194, 33592, 397, 3, 43, 6591, 320, 505, 5, 13432, 9433, 19488, 0, 0, 25, 4769, 4829, 8487, 41, 0, 0, 18, 20, 158, 4, 34125, 25351, 28638, 2, 0, 0, 320
336,4,2, 1050951,benign, 550, 148, 8558, 2, 5824, 2688, 1, 464, 699, 0, 198, 33650, 397, 3, 42, 6734, 338, 448, 5, 13267, 9282, 19494, 0, 0, 25, 4731, 4912, 8489, 42, 0, 0, 18, 20, 166, 3, 34292, 25271, 28534, 1, 0, 0, 573
337,4,13, 1050312,benign, 510, 148, 8552, 3, 5824, 2685, 1, 464, 699, 0, 204, 33379, 397, 3, 41, 6675, 330, 515, 5, 12845, 8868, 19473, 0, 0, 25, 4708, 4908, 8481, 42, 0, 0, 18, 20, 153, 2, 34113, 25188, 28698, 1, 0, 0, 316
338,9,25, 1051016,benign, 535, 148, 8553, 4, 5827, 2689, 1, 464, 699, 0, 202, 33153, 397, 3, 42, 6695, 314, 510, 5, 13086, 9073, 19472, 0, 0, 25, 4717, 4884, 8480, 42, 0, 0, 18, 20, 158, 3, 33951, 25050, 28496, 2, 0, 0, 316
339,9,2, 1058726,benign, 814, 148, 8585, 0, 5830, 2694, 1, 464, 699, 0, 195, 34109, 397, 3, 41, 7843, 536, 443, 5, 13623, 9639, 19486, 0, 0, 25, 4798, 4844, 8482, 42, 0, 0, 18, 20, 159, 3, 34895, 26483, 29803, 2, 0, 0, 319
340,1,25, 1059780,benign, 498, 148, 8557, 4, 5827, 2693, 1, 464, 699, 0, 191, 32739, 397, 3, 41, 6707, 312, 445, 5, 13078, 9006, 19478, 0, 0, 25, 4703, 4937, 8484, 42, 0, 0, 18, 20, 152, 2, 33786, 25004, 28450, 2, 0, 0, 317
341,7,11, 1058843,benign, 811, 148, 8581, 0, 5826, 2693, 1, 464, 699, 0, 201, 34109, 397, 3, 41, 7757, 398, 445, 5, 14291, 10313, 19571, 0, 0, 25, 4755, 4967, 8480, 42, 0, 0, 18, 20, 193, 4, 34337, 26266, 29530, 2, 0, 0, 316
342,6,4, 1054643,benign, 677, 150, 8565, 0, 5831, 2684, 1, 464, 699, 0, 194, 33907, 397, 3, 41, 7271, 309, 459, 5, 13435, 9488, 19507, 0, 0, 25, 5014, 4709, 8497, 42, 0, 0, 18, 20, 159, 3, 34330, 25296, 28543, 2, 0, 0, 317
343,9,24, 1050029,benign, 530, 148, 8556, 0, 5827, 2695, 1, 464, 699, 0, 200, 33502, 397, 3, 42, 6604, 308, 527, 5, 13196, 9131, 19501, 0, 0, 25, 4440, 5157, 8487, 42, 0, 0, 18, 20, 209, 3, 33995, 25658, 28925, 2, 0, 0, 321
344,2,3, 1051755,SDC, 585, 146, 8552, 0, 5820, 2691, 1, 464, 694, 0, 198, 33546, 392, 3, 41, 6472, 304, 511, 5, 13392, 9411, 19500, 0, 0, 25, 4774, 4819, 8481, 42, 0, 0, 18, 20, 160, 3, 33853, 25356, 28643, 2, 0, 0, 319
345,3,6, 1059609,SDC, 526, 147, 8565, 0, 5822, 2692, 1, 464, 694, 0, 195, 33471, 392, 3, 41, 6362, 302, 505, 5, 13103, 9078, 19509, 0, 0, 25, 4689, 5029, 8477, 36, 0, 0, 18, 20, 158, 4, 34097, 25133, 28395, 1, 0, 0, 319
346,1,25, 1058748,SDC, 776, 146, 8585, 4, 5822, 2692, 2, 464, 694, 0, 203, 33640, 392, 3, 43, 7413, 346, 443, 5, 13609, 9592, 19457, 0, 0, 25, 4722, 4876, 8478, 42, 0, 0, 18, 20, 167, 3, 34723, 25402, 28802, 2, 0, 0, 386
347,4,22, 1056859,benign, 743, 148, 8580, 0, 5828, 2695, 1, 464, 699, 0, 195, 33670, 397, 3, 40, 7415, 312, 518, 5, 14054, 9896, 19509, 0, 0, 25, 4794, 4931, 8486, 42, 0, 0, 18, 20, 153, 2, 34332, 25721, 29071, 1, 0, 0, 319
348,8,26, 1053022,benign, 622, 148, 8568, 0, 5829, 2695, 1, 464, 699, 0, 198, 33566, 397, 3, 41, 6767, 483, 446, 5, 13675, 9738, 19486, 0, 0, 25, 4794, 4847, 8487, 42, 0, 0, 18, 20, 158, 4, 34115, 25605, 28894, 2, 0, 0, 316
349,2,1, 1050927,SDC, 558, 148, 8556, 0, 5820, 2691, 2, 464, 694, 0, 205, 33794, 392, 3, 44, 6773, 311, 451, 5, 13302, 9164, 19477, 0, 0, 25, 4983, 4660, 8485, 42, 0, 0, 18, 20, 157, 3, 34119, 25244, 28607, 2, 0, 0, 319
350,9,3, 1052704,benign, 587, 148, 8561, 4, 5827, 2694, 1, 464, 699, 0, 196, 33444, 397, 3, 41, 7033, 307, 609, 5, 13263, 9286, 19496, 0, 0, 25, 4725, 4877, 8488, 42, 0, 0, 18, 20, 160, 3, 33922, 25659, 28999, 2, 0, 0, 317
351,0,6, 1059170,benign, 825, 149, 8581, 0, 5825, 2694, 1, 464, 699, 0, 195, 34143, 397, 3, 43, 7927, 311, 442, 5, 13689, 9768, 19515, 0, 0, 25, 4804, 4837, 8488, 42, 0, 0, 18, 20, 158, 3, 34797, 26068, 29339, 2, 0, 0, 322
352,9,28, 1055240,benign, 666, 148, 8569, 4, 5826, 2690, 2, 464, 699, 0, 198, 33614, 397, 3, 43, 7190, 299, 453, 5, 13250, 9300, 19469, 0, 0, 25, 4781, 4827, 8487, 42, 0, 0, 18, 20, 159, 3, 34333, 25414, 28662, 2, 0, 0, 432
353,0,0, 1050609,benign, 558, 149, 8558, 0, 5829, 2695, 2, 464, 699, 0, 196, 33511, 397, 3, 44, 6475, 304, 509, 5, 13213, 9251, 19495, 0, 0, 25, 4732, 4914, 8491, 42, 0, 0, 18, 20, 158, 3, 34237, 25353, 28631, 2, 0, 0, 377
354,3,13, 1052222,SDC, 599, 148, 8563, 0, 5822, 2697, 1, 464, 694, 0, 200, 33233, 392, 3, 43, 6920, 287, 444, 5, 13325, 9311, 19479, 0, 0, 25, 4716, 4883, 8480, 42, 0, 0, 18, 20, 158, 4, 34233, 25917, 29229, 2, 0, 0, 320
355,0,23, 1057861,benign, 775, 147, 8569, 0, 5824, 2691, 1, 464, 699, 0, 197, 34082, 397, 3, 43, 7253, 336, 451, 5, 13564, 9619, 19494, 0, 0, 25, 4739, 4901, 8482, 42, 0, 0, 19, 23, 161, 3, 34642, 25898, 29246, 2, 0, 0, 384
356,1,16, 1053548,benign, 613, 148, 8572, 4, 5825, 2690, 1, 464, 699, 0, 197, 33782, 397, 3, 42, 7130, 482, 507, 5, 13469, 9500, 19474, 0, 0, 25, 4726, 4881, 8493, 42, 0, 0, 18, 20, 159, 3, 33861, 25158, 28637, 2, 0, 0, 319
357,8,9, 1050743,benign, 561, 147, 8556, 0, 5825, 2692, 1, 464, 699, 0, 201, 33510, 397, 3, 41, 6801, 328, 443, 5, 13020, 9100, 19498, 0, 0, 25, 4708, 4904, 8495, 42, 0, 0, 18, 20, 160, 3, 33860, 25168, 28437, 2, 0, 0, 379
358,1,29, 1052323,benign, 609, 148, 8550, 0, 5823, 2688, 5, 464, 699, 0, 199, 33332, 397, 3, 41, 7005, 308, 445, 5, 13813, 9793, 19511, 0, 0, 25, 4971, 4627, 8482, 42, 0, 0, 18, 20, 159, 3, 34376, 25670, 28929, 2, 0, 0, 414
359,9,11, 1053675,benign, 647, 147, 8569, 0, 5824, 2697, 2, 464, 699, 0, 195, 33412, 397, 3, 42, 6807, 301, 522, 5, 13458, 9437, 19499, 0, 0, 25, 4746, 4888, 8483, 42, 0, 0, 18, 20, 158, 3, 34514, 25739, 29041, 2, 0, 0, 326
360,10,29, 1054299,benign, 657, 146, 8565, 0, 5830, 2688, 1, 464, 699, 0, 198, 33640, 397, 3, 43, 7324, 308, 525, 5, 13695, 9696, 19502, 0, 0, 25, 4957, 4639, 8489, 42, 0, 0, 18, 20, 359, 3, 34681, 25517, 28799, 2, 0, 0, 317
361,2,1, 1055989,benign, 705, 147, 8558, 0, 5828, 2693, 1, 464, 699, 0, 197, 33668, 397, 3, 41, 7169, 330, 443, 5, 14219, 10087, 19532, 0, 0, 25, 4985, 4748, 8488, 42, 0, 0, 18, 20, 158, 3, 34586, 25993, 29295, 2, 0, 0, 319
362,8,0, 1060359,benign, 815, 148, 8578, 0, 5827, 2696, 1, 464, 699, 0, 201, 33852, 397, 3, 42, 7407, 286, 449, 5, 13552, 9636, 19532, 0, 0, 25, 4827, 4902, 8495, 42, 0, 0, 18, 20, 157, 4, 34477, 26227, 29537, 2, 0, 0, 319
363,4,11, 1053795,benign, 644, 148, 8569, 0, 5828, 2694, 1, 464, 699, 0, 198, 33730, 397, 3, 40, 7402, 301, 437, 5, 13326, 9342, 19508, 0, 0, 25, 4818, 4958, 8476, 42, 0, 0, 18, 20, 153, 2, 34592, 25834, 29120, 1, 0, 0, 317
364,5,2, 1054372,benign, 639, 148, 8577, 4, 5833, 2693, 2, 464, 699, 0, 198, 33735, 397, 3, 41, 7392, 308, 445, 5, 13417, 9476, 19489, 0, 0, 25, 4717, 4883, 8491, 42, 0, 0, 18, 20, 190, 4, 33715, 25604, 29066, 2, 0, 0, 377
365,3,0, 1059641,benign, 532, 148, 8554, 0, 5826, 2693, 2, 464, 699, 0, 190, 33286, 397, 3, 41, 6441, 332, 502, 5, 13193, 9048, 19500, 0, 0, 25, 4700, 4911, 8472, 36, 0, 0, 18, 20, 157, 4, 33973, 25271, 28719, 1, 0, 0, 535
366,6,11, 1053062,benign, 623, 148, 8560, 0, 5827, 2694, 2, 464, 699, 0, 192, 33787, 397, 3, 44, 6724, 289, 508, 5, 13503, 9487, 19503, 0, 0, 25, 4710, 4884, 8486, 42, 0, 0, 18, 20, 158, 3, 34115, 25895, 29172, 2, 0, 0, 316
367,8,8, 1057913,benign, 772, 149, 8572, 0, 5824, 2692, 2, 464, 699, 0, 197, 33930, 397, 3, 41, 7720, 288, 444, 5, 13922, 9909, 19505, 0, 0, 25, 4731, 4913, 8481, 42, 0, 0, 18, 20, 158, 4, 34726, 25873, 29163, 2, 0, 0, 317
368,1,10, 1054362,benign, 660, 149, 8560, 0, 5820, 2687, 1, 464, 699, 0, 196, 33638, 397, 3, 41, 6848, 332, 442, 5, 13354, 9389, 19499, 0, 0, 25, 4718, 4887, 8499, 42, 0, 0, 18, 20, 157, 3, 34199, 25831, 29108, 2, 0, 0, 319
369,6,30, 1051085,benign, 572, 149, 8558, 0, 5831, 2691, 1, 464, 699, 0, 194, 33634, 397, 3, 43, 6659, 309, 537, 5, 13234, 9235, 19513, 0, 0, 25, 4981, 4663, 8489, 42, 0, 0, 18, 20, 157, 3, 34277, 25490, 28976, 2, 0, 0, 319
370,8,26, 1049913,benign, 527, 149, 8556, 0, 5821, 2687, 1, 464, 699, 0, 195, 33201, 397, 3, 42, 6892, 322, 455, 5, 13208, 9253, 19491, 0, 0, 25, 4451, 5150, 8473, 40, 0, 0, 18, 20, 168, 2, 34033, 25227, 28699, 2, 0, 0, 317
371,9,31, 1055091,benign, 692, 147, 8568, 0, 5826, 2694, 1, 464, 699, 0, 196, 33750, 397, 3, 42, 6852, 321, 442, 5, 13574, 9487, 19508, 0, 0, 25, 4913, 5104, 8473, 42, 0, 0, 18, 20, 158, 3, 34316, 25839, 29140, 2, 0, 0, 400
372,3,22, 1051469,benign, 575, 148, 8568, 0, 5828, 2686, 2, 464, 699, 0, 197, 33962, 397, 3, 41, 6675, 360, 564, 5, 13081, 9068, 19492, 0, 0, 25, 5023, 4712, 8485, 42, 0, 0, 18, 20, 257, 3, 34075, 25460, 28723, 2, 0, 0, 317
373,9,20, 1050407,benign, 542, 147, 8560, 0, 5829, 2695, 1, 464, 700, 0, 196, 33305, 397, 3, 41, 6663, 303, 544, 5, 13388, 9346, 19505, 0, 0, 25, 4687, 4909, 8485, 42, 0, 0, 18, 20, 159, 3, 34012, 25420, 28690, 2, 0, 0, 316
374,10,6, 1059867,benign, 826, 149, 8578, 0, 5824, 2689, 2, 464, 699, 0, 204, 34101, 397, 3, 42, 7616, 287, 446, 5, 14246, 10280, 19560, 0, 0, 25, 4899, 4967, 8481, 40, 0, 0, 18, 20, 158, 2, 34718, 26383, 29659, 2, 0, 0, 331
375,7,5, 1059429,benign, 820, 149, 8576, 0, 5822, 2688, 1, 464, 699, 0, 196, 33811, 397, 3, 42, 7620, 332, 444, 5, 14128, 10173, 19536, 0, 0, 25, 4981, 4624, 8485, 42, 0, 0, 19, 23, 162, 3, 34514, 25832, 29151, 2, 0, 0, 322
376,5,6, 1055624,benign, 680, 148, 8558, 4, 5829, 2691, 1, 464, 699, 0, 205, 33909, 397, 3, 43, 7432, 292, 445, 5, 13694, 9743, 19469, 0, 0, 25, 4698, 4912, 8487, 42, 0, 0, 18, 20, 157, 2, 34084, 25643, 28911, 2, 0, 0, 319
377,8,2, 1054905,benign, 681, 148, 8574, 0, 5830, 2691, 2, 464, 699, 0, 194, 33463, 397, 3, 41, 7230, 321, 447, 5, 13549, 9545, 19513, 0, 0, 25, 4785, 4939, 8480, 42, 0, 0, 18, 20, 158, 3, 34309, 25509, 28770, 2, 0, 0, 385
378,10,6, 1054807,benign, 682, 147, 8568, 0, 5824, 2690, 1, 464, 699, 0, 194, 33793, 397, 3, 41, 6962, 333, 444, 5, 13840, 9657, 19495, 0, 0, 25, 4739, 4901, 8486, 42, 0, 0, 18, 20, 158, 3, 34117, 25652, 28951, 2, 0, 0, 384
379,9,6, 1056115,benign, 720, 147, 8566, 0, 5827, 2687, 2, 464, 699, 0, 198, 33876, 397, 3, 41, 7101, 292, 443, 5, 13531, 9545, 19501, 0, 0, 25, 4719, 4883, 8488, 42, 0, 0, 18, 20, 166, 3, 34514, 25669, 28941, 2, 0, 0, 520
380,3,13, 1055145,benign, 695, 147, 8562, 0, 5829, 2694, 1, 464, 699, 0, 196, 33653, 397, 3, 42, 6970, 347, 448, 5, 13232, 9363, 19494, 0, 0, 25, 4714, 4878, 8486, 42, 0, 0, 18, 20, 160, 3, 34552, 25774, 29240, 2, 0, 0, 319
381,3,15, 1057205,SDC, 758, 147, 8578, 0, 5822, 2697, 3, 464, 694, 0, 197, 33913, 392, 3, 41, 7409, 329, 511, 5, 14007, 10098, 19555, 0, 0, 25, 4723, 4881, 8477, 42, 0, 0, 18, 20, 159, 3, 34536, 25920, 29168, 2, 0, 0, 319
382,6,4, 1056227,benign, 719, 149, 8570, 0, 5826, 2687, 1, 464, 699, 0, 195, 33622, 397, 3, 41, 7481, 313, 445, 6, 13913, 9870, 19507, 0, 0, 25, 4852, 4889, 8486, 42, 0, 0, 19, 23, 163, 3, 35017, 25921, 29210, 2, 0, 0, 377
383,5,7, 1054034,benign, 664, 147, 8571, 0, 5826, 2688, 1, 464, 699, 0, 198, 33620, 397, 3, 41, 6721, 293, 441, 5, 13714, 9826, 19514, 0, 0, 25, 4728, 4876, 8480, 42, 0, 0, 18, 20, 166, 3, 34465, 25427, 28708, 2, 0, 0, 317
384,10,25, 1054961,benign, 681, 147, 8569, 0, 5825, 2685, 1, 464, 699, 0, 196, 34202, 397, 3, 41, 6908, 328, 501, 5, 13210, 9168, 19506, 0, 0, 25, 4714, 4893, 8481, 42, 0, 0, 18, 20, 160, 4, 34139, 25743, 29020, 2, 0, 0, 379
385,9,10, 1060026,benign, 813, 149, 8579, 0, 5829, 2697, 3, 464, 699, 0, 197, 34531, 397, 3, 42, 7381, 292, 444, 5, 13734, 9757, 19535, 0, 0, 25, 4760, 4844, 8495, 42, 0, 0, 18, 20, 159, 3, 34951, 25917, 29418, 2, 0, 0, 316
386,2,1, 1057001,SDC, 739, 149, 8572, 0, 5820, 2688, 1, 464, 694, 0, 200, 34058, 392, 3, 43, 7245, 273, 488, 5, 14128, 9889, 19485, 0, 0, 25, 4782, 4812, 8483, 42, 0, 0, 18, 20, 161, 3, 34389, 25779, 29063, 2, 0, 0, 319
387,10,23, 1060297,benign, 523, 149, 8553, 0, 5818, 2688, 1, 464, 699, 0, 191, 33590, 397, 3, 43, 6524, 301, 452, 5, 12951, 8919, 19512, 0, 0, 25, 4529, 5247, 8465, 34, 0, 0, 18, 20, 152, 2, 34137, 25464, 28722, 1, 0, 0, 316
388,1,3, 1054319,benign, 661, 148, 8557, 0, 5827, 2695, 2, 464, 699, 0, 194, 33952, 397, 3, 43, 6843, 335, 453, 5, 13477, 9567, 19517, 0, 0, 25, 4712, 4886, 8481, 42, 0, 0, 18, 20, 159, 3, 34418, 25822, 29078, 2, 0, 0, 320
389,4,4, 1052037,benign, 593, 149, 8569, 1, 5826, 2689, 1, 464, 699, 0, 195, 33793, 397, 3, 43, 6782, 282, 443, 5, 13184, 9144, 19497, 0, 0, 25, 4711, 4885, 8477, 42, 0, 0, 18, 20, 169, 3, 34341, 25799, 29064, 2, 0, 0, 316
390,9,11, 1050232,benign, 509, 148, 8553, 4, 5828, 2693, 1, 464, 699, 0, 196, 33383, 397, 3, 41, 6587, 310, 688, 5, 13102, 9077, 19476, 0, 0, 25, 4894, 4699, 8480, 42, 0, 0, 18, 20, 159, 3, 33822, 25517, 28800, 2, 0, 0, 321
391,2,11, 1059688,benign, 492, 144, 8554, 4, 5823, 2690, 1, 464, 699, 0, 197, 32932, 397, 3, 40, 6460, 294, 439, 5, 12648, 8653, 19456, 0, 0, 25, 4809, 5032, 8469, 42, 0, 0, 18, 20, 158, 3, 33339, 24856, 28273, 1, 0, 0, 317
392,9,12, 1052058,benign, 599, 147, 8567, 0, 5832, 2688, 5, 464, 699, 0, 197, 33238, 397, 3, 42, 6753, 286, 443, 5, 13216, 9260, 19504, 0, 0, 25, 4974, 4624, 8478, 42, 0, 0, 18, 20, 158, 3, 34372, 25404, 28701, 2, 0, 0, 639
393,9,6, 1052754,benign, 616, 148, 8568, 0, 5824, 2692, 1, 464, 700, 0, 197, 34085, 397, 3, 43, 7066, 331, 442, 5, 13698, 9716, 19505, 0, 0, 25, 4722, 4885, 8487, 42, 0, 0, 18, 20, 169, 3, 33835, 25446, 28895, 2, 0, 0, 319
394,0,2, 1054907,SDC, 683, 146, 8561, 0, 5818, 2692, 2, 464, 694, 0, 195, 33557, 392, 3, 43, 7230, 520, 442, 5, 13536, 9574, 19480, 0, 0, 25, 4761, 4832, 8479, 42, 0, 0, 18, 20, 216, 2, 34221, 25504, 28767, 2, 0, 0, 386
395,8,3, 1055607,benign, 695, 150, 8564, 0, 5823, 2689, 1, 464, 699, 0, 194, 33509, 397, 3, 41, 7246, 291, 505, 5, 13581, 9593, 19494, 0, 0, 25, 4838, 4886, 8483, 42, 0, 0, 18, 20, 160, 3, 34538, 25539, 28806, 2, 0, 0, 376
396,7,4, 1056443,benign, 735, 151, 8579, 0, 5831, 2689, 2, 464, 699, 0, 196, 33739, 397, 3, 42, 7130, 345, 511, 5, 13526, 9424, 19500, 0, 0, 25, 4952, 5099, 8479, 42, 0, 0, 18, 20, 157, 4, 34501, 25633, 28935, 2, 0, 0, 378
397,9,20, 1053275,benign, 628, 148, 8567, 0, 5828, 2693, 1, 464, 699, 0, 210, 34265, 397, 3, 41, 6989, 350, 443, 5, 13663, 9690, 19514, 0, 0, 25, 4808, 4838, 8482, 42, 0, 0, 18, 20, 158, 3, 33841, 25119, 28413, 2, 0, 0, 385
398,2,16, 1051642,SDC, 578, 149, 8556, 0, 5819, 2691, 2, 464, 694, 0, 196, 33616, 392, 3, 41, 7074, 355, 497, 5, 13184, 9252, 19471, 0, 0, 25, 4797, 4843, 8477, 42, 0, 0, 18, 20, 234, 3, 33769, 25283, 28611, 2, 0, 0, 385
399,4,0, 1060136,benign, 476, 146, 8567, 4, 5831, 2686, 4, 464, 699, 0, 189, 32896, 397, 3, 40, 6692, 296, 446, 5, 12766, 8718, 19481, 0, 0, 25, 4449, 5148, 8482, 42, 0, 0, 18, 20, 154, 2, 33544, 24965, 28297, 2, 0, 0, 317
400,7,28, 1051029,benign, 571, 148, 8565, 0, 5825, 2694, 1, 464, 699, 0, 195, 33108, 397, 3, 43, 6906, 312, 444, 5, 13385, 9401, 19502, 0, 0, 25, 4719, 4882, 8481, 42, 0, 0, 18, 20, 161, 3, 34443, 25396, 28676, 2, 0, 0, 385
401,10,9, 1057063,benign, 746, 149, 8572, 0, 5823, 2687, 1, 464, 699, 0, 196, 34171, 397, 3, 41, 7510, 311, 445, 5, 13970, 9844, 19513, 0, 0, 25, 4734, 4871, 8481, 42, 0, 0, 18, 20, 166, 3, 34709, 25695, 28992, 2, 0, 0, 386
402,1,11, 1054865,benign, 685, 147, 8568, 0, 5828, 2690, 1, 464, 700, 0, 198, 33400, 397, 3, 41, 7051, 300, 443, 5, 13817, 9802, 19501, 0, 0, 25, 4777, 4955, 8486, 42, 0, 0, 18, 20, 158, 4, 33957, 25399, 28671, 2, 0, 0, 317
403,5,30, 1055984,benign, 688, 146, 8573, 4, 5829, 2695, 1, 464, 699, 0, 197, 33330, 397, 3, 41, 7115, 316, 663, 5, 13443, 9454, 19456, 0, 0, 25, 4738, 4908, 8481, 42, 0, 0, 18, 20, 158, 3, 34456, 25762, 29177, 2, 0, 0, 317
404,4,18, 1050816,benign, 529, 147, 8554, 4, 5826, 2689, 1, 464, 699, 0, 197, 33545, 397, 3, 41, 6783, 291, 445, 5, 12879, 8955, 19516, 0, 0, 25, 4758, 4848, 8488, 42, 0, 0, 18, 20, 159, 3, 34091, 25227, 28680, 2, 0, 0, 316
405,7,6, 1055873,benign, 718, 147, 8567, 0, 5825, 2690, 1, 464, 699, 0, 196, 33690, 397, 3, 42, 7097, 366, 444, 5, 13526, 9551, 19512, 0, 0, 25, 4744, 4892, 8485, 42, 0, 0, 18, 20, 160, 3, 34542, 25741, 29016, 2, 0, 0, 317
406,0,27, 1055690,benign, 706, 149, 8575, 0, 5827, 2689, 1, 464, 699, 0, 195, 33557, 397, 3, 42, 7311, 320, 444, 5, 13838, 9850, 19493, 0, 0, 25, 4727, 4882, 8490, 42, 0, 0, 18, 20, 333, 3, 34605, 25373, 28635, 2, 0, 0, 317
407,7,29, 1050175,benign, 526, 148, 8557, 0, 5831, 2689, 2, 464, 699, 0, 203, 33468, 397, 3, 41, 6512, 309, 444, 5, 13318, 9328, 19506, 0, 0, 25, 4881, 4981, 8482, 41, 0, 0, 18, 20, 158, 4, 33914, 25246, 28510, 2, 0, 0, 446
408,1,19, 1054548,SDC, 644, 149, 8557, 4, 5816, 2689, 1, 464, 694, 0, 199, 33563, 392, 3, 40, 6621, 325, 519, 5, 13141, 9223, 19454, 0, 0, 25, 4713, 4866, 8475, 42, 0, 0, 18, 20, 159, 3, 34173, 25479, 28741, 2, 0, 0, 333
409,5,17, 1052700,benign, 586, 149, 8573, 4, 5826, 2691, 2, 464, 699, 0, 202, 33267, 397, 3, 41, 6842, 300, 642, 5, 13082, 9068, 19473, 0, 0, 25, 4722, 4884, 8487, 42, 0, 0, 18, 20, 250, 3, 34320, 25025, 28318, 2, 0, 0, 376
410,0,17, 1058688,benign, 774, 148, 8565, 4, 5828, 2694, 2, 464, 699, 0, 198, 33735, 397, 3, 42, 7483, 309, 535, 5, 13758, 9816, 19468, 0, 0, 25, 4736, 4866, 8488, 42, 0, 0, 18, 20, 158, 4, 34704, 25759, 29031, 2, 0, 0, 379
411,7,30, 1057263,benign, 747, 148, 8576, 0, 5826, 2690, 3, 464, 700, 0, 197, 33999, 397, 3, 41, 7486, 314, 454, 5, 13802, 9873, 19498, 0, 0, 25, 4785, 4935, 8487, 42, 0, 0, 18, 20, 158, 3, 34335, 25987, 29275, 2, 0, 0, 317
412,6,30, 1052615,benign, 606, 149, 8563, 0, 5824, 2685, 4, 464, 699, 0, 194, 33973, 397, 3, 41, 6864, 364, 479, 5, 13267, 9338, 19534, 0, 0, 25, 4830, 4996, 8480, 42, 0, 0, 18, 20, 161, 3, 34439, 25559, 28872, 2, 0, 0, 317
413,2,7, 1055880,SDC, 687, 146, 8560, 4, 5819, 2692, 2, 464, 694, 0, 202, 33519, 392, 3, 41, 7514, 303, 504, 5, 13806, 9865, 19484, 0, 0, 25, 4717, 4873, 8488, 42, 0, 0, 18, 20, 167, 4, 34379, 25749, 29219, 2, 0, 0, 316
414,8,30, 1053922,benign, 663, 150, 8560, 0, 5822, 2690, 2, 464, 699, 0, 192, 33605, 397, 3, 41, 7184, 297, 536, 5, 13536, 9553, 19510, 0, 0, 25, 4795, 4848, 8483, 42, 0, 0, 18, 20, 158, 3, 34461, 25223, 28702, 2, 0, 0, 410
415,0,31, 1052094,benign, 591, 147, 8557, 0, 5824, 2689, 1, 464, 699, 0, 199, 33629, 397, 3, 41, 7178, 333, 453, 5, 13550, 9623, 19512, 0, 0, 25, 4722, 4884, 8484, 42, 0, 0, 18, 20, 160, 3, 34066, 25718, 29182, 2, 0, 0, 319
416,3,9, 1050328,SDC, 512, 148, 8553, 4, 5824, 2687, 2, 464, 694, 0, 197, 33285, 392, 3, 41, 6943, 328, 444, 5, 12948, 8983, 19476, 0, 0, 25, 4696, 4901, 8488, 42, 0, 0, 18, 20, 157, 4, 33968, 24967, 28526, 2, 0, 0, 410
417,2,9, 1053985,benign, 665, 149, 8563, 0, 5828, 2690, 4, 464, 699, 0, 195, 33704, 397, 3, 42, 6942, 315, 451, 5, 13171, 9196, 19491, 0, 0, 25, 4729, 4920, 8479, 34, 0, 0, 18, 20, 255, 4, 34560, 25251, 28576, 2, 0, 0, 317
418,3,21, 1055020,benign, 661, 148, 8575, 4, 5826, 2692, 2, 464, 699, 0, 197, 33260, 397, 3, 43, 7252, 293, 445, 5, 13777, 9649, 19485, 0, 0, 25, 4726, 4874, 8479, 41, 0, 0, 18, 20, 159, 3, 34200, 25508, 29000, 2, 0, 0, 319
419,1,30, 1056033,benign, 724, 148, 8567, 0, 5822, 2690, 2, 464, 699, 0, 208, 34024, 397, 3, 41, 7156, 291, 443, 5, 14056, 10059, 19537, 0, 0, 25, 4772, 4952, 8483, 42, 0, 0, 18, 20, 157, 4, 34467, 25208, 28493, 2, 0, 0, 317
420,7,17, 1052148,benign, 569, 147, 8560, 4, 5827, 2691, 4, 464, 699, 0, 197, 33806, 397, 3, 41, 7013, 310, 446, 5, 13057, 8896, 19469, 0, 0, 25, 4787, 4951, 8481, 41, 0, 0, 18, 20, 159, 3, 34398, 25053, 28328, 2, 0, 0, 317
421,5,3, 1058463,benign, 801, 148, 8578, 0, 5823, 2687, 1, 464, 699, 0, 198, 34165, 397, 3, 41, 7942, 296, 446, 5, 13983, 9946, 19513, 0, 0, 25, 4765, 4836, 8490, 42, 0, 0, 18, 20, 169, 3, 34629, 25641, 28909, 2, 0, 0, 317
422,6,8, 1051554,benign, 579, 148, 8555, 0, 5820, 2687, 2, 464, 699, 0, 199, 33735, 397, 3, 43, 6691, 329, 477, 5, 13314, 9320, 19499, 0, 0, 25, 4701, 4894, 8479, 42, 0, 0, 18, 20, 157, 4, 34437, 25377, 28654, 2, 0, 0, 317
423,7,8, 1059204,benign, 794, 149, 8590, 4, 5829, 2694, 2, 464, 699, 0, 199, 34018, 397, 3, 43, 7448, 325, 443, 5, 13884, 9851, 19485, 0, 0, 25, 4777, 4946, 8487, 42, 0, 0, 18, 20, 158, 4, 34158, 25390, 28685, 2, 0, 0, 377
424,3,1, 1060027,benign, 823, 148, 8569, 0, 5825, 2694, 2, 464, 699, 0, 201, 33796, 397, 3, 41, 7771, 335, 447, 5, 13953, 10008, 19588, 0, 0, 25, 4724, 4884, 8493, 42, 0, 0, 18, 20, 158, 3, 34657, 25706, 28964, 2, 0, 0, 447
425,10,26, 1053506,benign, 631, 148, 8570, 0, 5831, 2691, 1, 464, 699, 0, 196, 33818, 397, 3, 41, 7167, 508, 513, 5, 13372, 9338, 19499, 0, 0, 25, 4711, 4888, 8485, 41, 0, 0, 18, 20, 167, 4, 34509, 25546, 28802, 2, 0, 0, 318
426,3,21, 1051511,SDC, 580, 148, 8557, 0, 5823, 2694, 1, 464, 694, 0, 195, 33677, 392, 3, 42, 6741, 275, 442, 5, 13866, 9934, 19491, 0, 0, 25, 4716, 4877, 8488, 42, 0, 0, 18, 20, 166, 4, 34349, 25532, 28798, 2, 0, 0, 317
427,8,11, 1058735,benign, 801, 149, 8573, 0, 5827, 2693, 2, 464, 699, 0, 195, 33952, 397, 3, 42, 7247, 483, 453, 5, 13778, 9624, 19507, 0, 0, 25, 4715, 4893, 8483, 42, 0, 0, 18, 20, 168, 3, 34989, 25742, 29268, 2, 0, 0, 316
428,0,17, 1051635,benign, 575, 147, 8554, 0, 5828, 2694, 2, 464, 699, 0, 198, 33228, 397, 3, 41, 7028, 281, 445, 5, 13210, 9248, 19500, 0, 0, 25, 5009, 5173, 8479, 41, 0, 0, 18, 20, 158, 3, 33754, 25773, 29186, 2, 0, 0, 318
429,7,0, 1050503,benign, 543, 148, 8566, 0, 5827, 2690, 2, 464, 699, 0, 194, 33489, 397, 3, 41, 6945, 310, 503, 5, 13269, 9266, 19509, 0, 0, 25, 4728, 4916, 8483, 42, 0, 0, 18, 20, 159, 4, 33905, 25568, 28832, 2, 0, 0, 319
430,9,29, 1051366,benign, 572, 148, 8547, 0, 5822, 2688, 1, 464, 699, 0, 197, 33384, 397, 3, 42, 7230, 303, 597, 5, 13347, 9323, 19504, 0, 0, 25, 4716, 4894, 8484, 42, 0, 0, 18, 20, 159, 3, 34188, 25427, 28814, 2, 0, 0, 317
431,4,18, 1054941,benign, 687, 146, 8571, 0, 5825, 2688, 1, 464, 699, 0, 198, 33550, 397, 3, 43, 7224, 320, 437, 5, 13962, 9768, 19505, 0, 0, 25, 4727, 4876, 8480, 42, 0, 0, 18, 20, 153, 2, 33964, 25339, 28600, 1, 0, 0, 317
432,0,15, 1058722,benign, 799, 149, 8579, 0, 5822, 2687, 3, 464, 699, 0, 198, 34074, 397, 3, 41, 7477, 334, 458, 5, 13848, 9864, 19503, 0, 0, 25, 4856, 4865, 8484, 42, 0, 0, 18, 20, 158, 3, 34848, 26424, 29746, 2, 0, 0, 316
433,8,19, 1052361,benign, 599, 146, 8560, 0, 5825, 2689, 1, 464, 699, 0, 194, 33637, 397, 3, 42, 7241, 286, 447, 5, 13473, 9333, 19531, 0, 0, 25, 4983, 4664, 8482, 41, 0, 0, 18, 20, 158, 4, 34046, 25444, 28722, 2, 0, 0, 317
434,4,16, 1051852,benign, 558, 147, 8560, 3, 5826, 2694, 1, 464, 699, 0, 198, 33375, 397, 3, 43, 7233, 316, 508, 5, 13118, 9106, 19467, 0, 0, 25, 4779, 4941, 8487, 42, 0, 0, 19, 23, 160, 4, 33804, 25413, 28703, 2, 0, 0, 317
435,1,25, 1057781,SDC, 782, 148, 8568, 0, 5821, 2690, 1, 464, 694, 0, 199, 34482, 392, 3, 42, 7268, 293, 444, 5, 13772, 9812, 19471, 0, 0, 25, 4918, 4715, 8485, 42, 0, 0, 18, 20, 159, 3, 34951, 25985, 29250, 2, 0, 0, 316
436,8,12, 1058020,benign, 754, 147, 8582, 4, 5826, 2693, 2, 464, 699, 0, 202, 33882, 397, 3, 42, 7358, 407, 445, 5, 13733, 9717, 19473, 0, 0, 25, 4717, 4880, 8479, 42, 0, 0, 18, 20, 300, 3, 34434, 25652, 28892, 2, 0, 0, 317
437,0,9, 1050152,benign, 507, 146, 8562, 4, 5829, 2687, 2, 464, 699, 0, 202, 33435, 397, 3, 41, 6990, 303, 452, 6, 13179, 9232, 19488, 0, 0, 25, 4732, 4912, 8482, 42, 0, 0, 18, 20, 159, 3, 33967, 25219, 28475, 2, 0, 0, 317
438,10,16, 1057770,benign, 782, 147, 8576, 0, 5829, 2691, 1, 464, 699, 0, 199, 34210, 397, 3, 43, 7707, 378, 445, 5, 13761, 9795, 19511, 0, 0, 25, 4817, 4951, 8484, 42, 0, 0, 19, 23, 162, 3, 34848, 26211, 29489, 2, 0, 0, 331
439,3,18, 1053767,benign, 644, 147, 8566, 0, 5829, 2695, 2, 464, 699, 0, 195, 33574, 397, 3, 44, 7222, 331, 441, 5, 13226, 9234, 19517, 0, 0, 25, 4791, 4846, 8493, 42, 0, 0, 18, 20, 157, 4, 34496, 25877, 29163, 2, 0, 0, 317
440,5,22, 1050643,benign, 549, 149, 8562, 0, 5832, 2688, 1, 464, 699, 0, 197, 33516, 397, 3, 42, 7013, 456, 441, 5, 13371, 9253, 19503, 0, 0, 25, 4690, 4921, 8483, 42, 0, 0, 18, 20, 158, 4, 33731, 25535, 28834, 2, 0, 0, 319
441,6,16, 1058918,benign, 809, 147, 8584, 0, 5830, 2686, 1, 464, 699, 0, 193, 34076, 397, 3, 43, 7645, 349, 442, 5, 13768, 9782, 19487, 0, 0, 25, 4713, 4895, 8478, 42, 0, 0, 18, 20, 158, 3, 34435, 25699, 29164, 2, 0, 0, 317
442,10,28, 1054510,benign, 672, 148, 8550, 0, 5825, 2689, 1, 464, 699, 0, 199, 34016, 397, 3, 43, 7425, 348, 505, 5, 13471, 9487, 19489, 0, 0, 25, 4725, 4881, 8482, 42, 0, 0, 18, 20, 157, 3, 34151, 25456, 28714, 2, 0, 0, 317
443,8,20, 1051958,benign, 582, 149, 8562, 0, 5827, 2695, 2, 464, 699, 0, 200, 33926, 397, 3, 41, 6769, 284, 443, 5, 13288, 9278, 19508, 0, 0, 25, 4779, 4957, 8482, 42, 0, 0, 18, 20, 387, 3, 34782, 25356, 28630, 2, 0, 0, 319
444,0,15, 1052094,benign, 595, 147, 8564, 0, 5827, 2692, 1, 464, 699, 0, 198, 33582, 397, 3, 41, 6797, 329, 445, 5, 13741, 9669, 19503, 0, 0, 25, 4731, 4882, 8482, 41, 0, 0, 18, 20, 158, 4, 34147, 25126, 28398, 2, 0, 0, 386
445,5,6, 1054722,benign, 670, 146, 8565, 0, 5826, 2693, 1, 464, 699, 0, 196, 34151, 397, 3, 41, 6906, 305, 444, 5, 13284, 9310, 19493, 0, 0, 25, 4746, 4916, 8491, 42, 0, 0, 19, 23, 159, 4, 34416, 25440, 28763, 2, 0, 0, 317
446,4,25, 1058615,benign, 789, 146, 8570, 0, 5828, 2692, 1, 464, 699, 0, 195, 34266, 397, 3, 40, 7572, 323, 513, 5, 14146, 10202, 19539, 0, 0, 25, 4778, 4947, 8489, 42, 0, 0, 18, 20, 161, 2, 35245, 25938, 29248, 1, 0, 0, 317
447,10,17, 1059404,benign, 796, 148, 8578, 4, 5826, 2689, 1, 464, 699, 0, 193, 33543, 397, 3, 41, 7823, 310, 504, 5, 13581, 9617, 19471, 0, 0, 25, 4711, 4886, 8472, 41, 0, 0, 18, 20, 158, 3, 34670, 25911, 29197, 2, 0, 0, 384
448,10,8, 1051665,benign, 589, 146, 8570, 0, 5828, 2688, 1, 464, 699, 0, 194, 33752, 397, 3, 41, 6780, 294, 659, 5, 13363, 9341, 19506, 0, 0, 25, 4794, 4950, 8485, 42, 0, 0, 18, 20, 158, 3, 34499, 25178, 28449, 2, 0, 0, 385
449,7,1, 1050528,benign, 519, 147, 8559, 4, 5827, 2691, 1, 464, 699, 0, 194, 32890, 397, 3, 41, 6968, 323, 502, 5, 13162, 9173, 19464, 0, 0, 25, 4773, 4960, 8486, 42, 0, 0, 19, 22, 162, 3, 33886, 24983, 28493, 2, 0, 0, 317
450,2,26, 1056806,benign, 748, 148, 8566, 0, 5823, 2689, 1, 464, 699, 0, 208, 33982, 397, 3, 43, 7628, 312, 520, 5, 14243, 10008, 19562, 0, 0, 25, 4734, 4871, 8484, 42, 0, 0, 18, 20, 161, 3, 34490, 25554, 28814, 2, 0, 0, 317
451,0,2, 1055269,benign, 686, 149, 8568, 0, 5827, 2693, 2, 464, 699, 0, 197, 33889, 397, 3, 42, 7296, 324, 510, 5, 13595, 9585, 19498, 0, 0, 25, 4828, 4897, 8486, 42, 0, 0, 18, 20, 158, 3, 34299, 25729, 28969, 2, 0, 0, 384
452,3,7, 1057931,SDC, 774, 148, 8572, 0, 5822, 2695, 1, 464, 694, 0, 199, 33930, 392, 3, 41, 7335, 372, 445, 5, 13701, 9698, 19482, 0, 0, 25, 4719, 4882, 8473, 42, 0, 0, 18, 20, 165, 3, 34951, 25755, 29054, 2, 0, 0, 323
453,4,14, 1054807,benign, 675, 148, 8566, 0, 5828, 2694, 2, 464, 700, 0, 195, 33919, 397, 3, 43, 7339, 282, 437, 5, 13893, 9897, 19516, 0, 0, 25, 4764, 4958, 8487, 42, 0, 0, 18, 20, 153, 2, 34242, 26017, 29423, 1, 0, 0, 318
454,6,27, 1057549,benign, 767, 147, 8568, 0, 5823, 2689, 1, 464, 699, 0, 196, 34150, 397, 3, 41, 7812, 314, 444, 5, 14055, 9801, 19495, 0, 0, 25, 5015, 5032, 8486, 42, 0, 0, 19, 23, 162, 2, 34537, 26204, 29611, 2, 0, 0, 405
455,2,18, 1053105,benign, 621, 148, 8571, 0, 5830, 2695, 2, 464, 699, 0, 196, 33877, 397, 3, 42, 6510, 328, 573, 5, 13741, 9723, 19498, 0, 0, 25, 4719, 4895, 8475, 42, 0, 0, 18, 20, 157, 4, 34290, 25397, 28700, 2, 0, 0, 446
456,8,5, 1058129,benign, 787, 148, 8578, 0, 5830, 2695, 2, 464, 699, 0, 198, 33864, 397, 3, 41, 7260, 302, 674, 5, 14025, 10018, 19552, 0, 0, 25, 4766, 4836, 8484, 42, 0, 0, 19, 23, 159, 3, 34417, 26002, 29296, 2, 0, 0, 319
457,4,24, 1055615,benign, 690, 146, 8571, 0, 5828, 2693, 5, 464, 699, 0, 195, 33936, 397, 3, 40, 7126, 309, 505, 5, 13426, 9453, 19498, 0, 0, 25, 4992, 5144, 8487, 42, 0, 0, 18, 20, 153, 2, 34546, 25543, 28824, 1, 0, 0, 319
458,0,0, 1054992,benign, 659, 148, 8573, 4, 5830, 2694, 1, 464, 699, 0, 199, 33364, 397, 3, 41, 6995, 291, 443, 5, 12984, 9026, 19495, 0, 0, 25, 4714, 4886, 8487, 42, 0, 0, 18, 20, 157, 4, 34417, 25594, 28878, 2, 0, 0, 316
459,8,20, 1059618,benign, 517, 146, 8560, 0, 5833, 2691, 1, 464, 699, 0, 196, 33647, 397, 3, 40, 6716, 300, 684, 5, 13414, 9355, 19503, 0, 0, 25, 4495, 5105, 8487, 36, 0, 0, 18, 20, 153, 2, 33931, 25592, 28862, 1, 0, 0, 316
460,5,11, 1056510,benign, 731, 147, 8576, 0, 5827, 2689, 2, 464, 699, 0, 202, 33809, 397, 3, 41, 7175, 336, 506, 5, 13844, 9843, 19503, 0, 0, 25, 4813, 4827, 8486, 42, 0, 0, 18, 20, 172, 3, 34407, 25840, 29332, 2, 0, 0, 317
461,7,5, 1056660,benign, 709, 147, 8571, 4, 5827, 2690, 1, 464, 699, 0, 196, 33814, 397, 3, 41, 7230, 289, 444, 5, 13427, 9359, 19468, 0, 0, 25, 4748, 4895, 8490, 42, 0, 0, 18, 20, 157, 3, 34266, 25230, 28476, 2, 0, 0, 317
462,1,0, 1053713,benign, 654, 148, 8569, 0, 5830, 2687, 2, 464, 699, 0, 196, 33866, 397, 3, 41, 7053, 507, 511, 5, 13377, 9383, 19505, 0, 0, 25, 4845, 5015, 8491, 42, 0, 0, 18, 20, 160, 3, 34310, 25695, 29120, 2, 0, 0, 319
463,9,18, 1052944,benign, 593, 146, 8560, 4, 5824, 2689, 1, 464, 699, 0, 195, 33556, 397, 3, 42, 6862, 300, 454, 5, 13136, 9080, 19495, 0, 0, 25, 4796, 4941, 8482, 42, 0, 0, 18, 20, 158, 4, 34073, 25312, 28580, 2, 0, 0, 317
464,0,18, 1059589,benign, 536, 148, 8547, 0, 5820, 2687, 2, 464, 699, 0, 195, 33370, 397, 3, 40, 6518, 345, 448, 5, 13168, 9094, 19483, 0, 0, 25, 4706, 4908, 8479, 34, 0, 0, 18, 20, 158, 3, 34072, 25258, 28546, 1, 0, 0, 319
465,1,17, 1056650,benign, 741, 148, 8567, 0, 5824, 2689, 2, 464, 699, 0, 197, 34020, 397, 3, 41, 7207, 296, 444, 5, 13966, 9988, 19502, 0, 0, 25, 4877, 4883, 8480, 42, 0, 0, 18, 20, 158, 4, 34598, 26172, 29421, 2, 0, 0, 323
466,5,21, 1055645,benign, 697, 147, 8574, 0, 5825, 2693, 2, 464, 699, 0, 199, 34248, 397, 3, 42, 7333, 315, 441, 6, 13898, 9973, 19503, 0, 0, 25, 4781, 4822, 8486, 42, 0, 0, 18, 20, 158, 4, 34379, 25559, 29079, 2, 0, 0, 384
467,7,16, 1052801,benign, 616, 149, 8560, 0, 5824, 2689, 2, 464, 699, 0, 194, 34044, 397, 3, 41, 6927, 314, 447, 5, 13248, 9285, 19506, 0, 0, 25, 5031, 4693, 8485, 42, 0, 0, 18, 20, 160, 3, 33912, 25407, 28707, 2, 0, 0, 320
468,2,14, 1054216,SDC, 635, 147, 8561, 4, 5817, 2689, 2, 464, 694, 0, 203, 33895, 392, 3, 41, 6903, 305, 443, 5, 13084, 9113, 19480, 0, 0, 25, 4722, 4908, 8476, 42, 0, 0, 18, 20, 162, 2, 33540, 25375, 28636, 2, 0, 0, 320
469,1,21, 1050282,benign, 530, 150, 8546, 0, 5825, 2685, 1, 464, 699, 0, 200, 33332, 397, 3, 41, 6591, 575, 444, 5, 13519, 9498, 19499, 0, 0, 25, 4700, 4897, 8483, 42, 0, 0, 18, 20, 158, 4, 33980, 25431, 28696, 2, 0, 0, 317
470,5,24, 1056280,benign, 697, 148, 8577, 4, 5823, 2686, 1, 464, 699, 0, 198, 33496, 397, 3, 42, 7112, 303, 445, 5, 13549, 9583, 19488, 0, 0, 25, 4720, 4887, 8487, 42, 0, 0, 19, 23, 160, 3, 34514, 25622, 29104, 2, 0, 0, 427
471,9,25, 1057118,benign, 762, 148, 8583, 0, 5824, 2689, 1, 464, 699, 0, 198, 33922, 397, 3, 41, 7445, 519, 444, 5, 13895, 9921, 19494, 0, 0, 25, 4730, 4876, 8486, 42, 0, 0, 18, 20, 166, 3, 34764, 25938, 29219, 2, 0, 0, 319
472,9,6, 1053244,benign, 603, 148, 8567, 4, 5825, 2687, 2, 464, 699, 0, 197, 33729, 397, 3, 42, 6905, 311, 512, 5, 13083, 9089, 19477, 0, 0, 25, 4785, 4839, 8483, 42, 0, 0, 18, 20, 157, 3, 33850, 25274, 28529, 2, 0, 0, 316
473,2,23, 1052396,SDC, 581, 148, 8562, 4, 5820, 2696, 5, 464, 695, 0, 197, 33271, 392, 3, 42, 6806, 347, 480, 5, 13334, 9146, 19471, 0, 0, 25, 4791, 4808, 8488, 42, 0, 0, 18, 20, 187, 3, 34205, 25565, 29053, 2, 0, 0, 319
474,8,18, 1054598,benign, 683, 148, 8563, 0, 5827, 2694, 2, 464, 699, 0, 197, 34072, 397, 3, 41, 7181, 314, 511, 5, 13485, 9465, 19517, 0, 0, 25, 4712, 4897, 8492, 42, 0, 0, 18, 20, 311, 3, 34383, 25850, 29122, 2, 0, 0, 317
475,10,4, 1056945,benign, 742, 147, 8574, 1, 5824, 2684, 2, 464, 699, 0, 197, 34255, 397, 3, 41, 7341, 307, 659, 5, 13815, 9606, 19516, 0, 0, 25, 4806, 4959, 8481, 42, 0, 0, 18, 20, 235, 4, 34483, 25641, 29146, 2, 0, 0, 383
476,4,10, 1051274,benign, 561, 148, 8560, 1, 5827, 2694, 2, 464, 699, 0, 195, 33445, 397, 3, 40, 6662, 305, 439, 5, 13371, 9445, 19506, 0, 0, 25, 4781, 4835, 8481, 42, 0, 0, 18, 20, 152, 2, 34136, 25302, 28564, 2, 0, 0, 320
477,6,22, 1053035,benign, 625, 147, 8569, 0, 5826, 2694, 2, 464, 699, 0, 202, 33465, 397, 3, 41, 6972, 295, 447, 5, 13611, 9364, 19513, 0, 0, 25, 4719, 4878, 8488, 42, 0, 0, 18, 20, 159, 3, 34013, 25574, 28888, 2, 0, 0, 385
478,8,16, 1059946,benign, 814, 147, 8582, 0, 5831, 2698, 1, 464, 699, 0, 200, 33781, 397, 3, 41, 7889, 400, 449, 5, 13635, 9746, 19538, 0, 0, 25, 4700, 4901, 8493, 42, 0, 0, 18, 20, 159, 3, 34838, 25914, 29127, 2, 0, 0, 386
479,1,11, 1055683,benign, 711, 148, 8574, 0, 5829, 2694, 2, 464, 699, 0, 198, 33869, 397, 3, 41, 7177, 326, 544, 5, 13979, 9773, 19512, 0, 0, 25, 4712, 4896, 8475, 42, 0, 0, 18, 20, 157, 3, 34672, 26005, 29309, 2, 0, 0, 316
480,6,9, 1053553,benign, 635, 148, 8559, 0, 5824, 2691, 1, 464, 699, 0, 195, 33631, 397, 3, 42, 6956, 316, 537, 5, 13831, 9744, 19477, 0, 0, 25, 4772, 4838, 8492, 42, 0, 0, 18, 20, 158, 4, 34033, 25671, 28944, 2, 0, 0, 317
481,2,23, 1050153,benign, 535, 146, 8550, 0, 5825, 2689, 1, 464, 699, 0, 196, 33348, 397, 3, 42, 6642, 289, 640, 5, 13364, 9407, 19499, 0, 0, 25, 4709, 4890, 8483, 41, 0, 0, 18, 20, 158, 4, 34059, 25353, 28639, 2, 0, 0, 319
482,6,2, 1058392,benign, 764, 147, 8577, 4, 5829, 2691, 1, 464, 699, 0, 194, 33382, 397, 3, 42, 7753, 314, 443, 5, 13454, 9378, 19464, 0, 0, 25, 4781, 4829, 8473, 42, 0, 0, 18, 20, 166, 3, 34541, 25818, 29087, 2, 0, 0, 317
483,1,12, 1054292,benign, 635, 149, 8562, 4, 5822, 2691, 2, 464, 699, 0, 196, 33208, 397, 3, 41, 7253, 326, 453, 5, 13612, 9635, 19506, 0, 0, 25, 4725, 4887, 8483, 42, 0, 0, 18, 20, 159, 3, 33965, 25497, 28837, 2, 0, 0, 319
484,9,7, 1051849,benign, 596, 148, 8557, 0, 5827, 2694, 1, 464, 699, 0, 198, 33233, 397, 3, 42, 6762, 297, 446, 5, 13506, 9463, 19501, 0, 0, 25, 4825, 4993, 8489, 42, 0, 0, 18, 20, 157, 4, 34203, 25696, 29053, 2, 0, 0, 317
485,5,15, 1057113,benign, 743, 148, 8571, 0, 5828, 2694, 2, 464, 699, 0, 203, 33893, 397, 3, 41, 7380, 285, 444, 5, 13757, 9810, 19498, 0, 0, 25, 4745, 4901, 8482, 42, 0, 0, 18, 20, 158, 3, 34656, 25969, 29464, 2, 0, 0, 316
486,1,13, 1053427,benign, 634, 147, 8558, 0, 5826, 2694, 1, 464, 699, 0, 199, 33742, 397, 3, 42, 7334, 282, 621, 5, 13653, 9652, 19484, 0, 0, 25, 4782, 4944, 8478, 42, 0, 0, 19, 23, 161, 3, 34200, 25372, 28675, 2, 0, 0, 317
487,10,17, 1056685,benign, 725, 147, 8568, 0, 5825, 2689, 2, 464, 699, 0, 197, 33822, 397, 3, 41, 7311, 267, 444, 5, 13751, 9741, 19503, 0, 0, 25, 5036, 4688, 8487, 42, 0, 0, 18, 20, 388, 3, 34824, 25722, 29258, 2, 0, 0, 379
488,0,19, 1055269,benign, 695, 150, 8570, 0, 5824, 2689, 2, 464, 699, 0, 196, 33523, 397, 3, 41, 7325, 302, 575, 5, 13791, 9869, 19498, 0, 0, 25, 4715, 4890, 8481, 42, 0, 0, 18, 20, 158, 3, 34343, 25312, 28611, 2, 0, 0, 443
489,9,14, 1054100,benign, 631, 149, 8565, 4, 5829, 2696, 1, 464, 699, 0, 198, 33426, 397, 3, 41, 7124, 342, 515, 5, 13080, 9119, 19479, 0, 0, 25, 5003, 5158, 8491, 42, 0, 0, 18, 20, 158, 4, 34400, 25267, 28540, 2, 0, 0, 320
490,2,14, 1055820,benign, 685, 148, 8581, 4, 5830, 2688, 2, 464, 699, 0, 198, 33899, 397, 3, 42, 7700, 301, 454, 5, 13644, 9582, 19481, 0, 0, 25, 4778, 4941, 8479, 42, 0, 0, 18, 20, 161, 3, 34229, 25450, 28801, 2, 0, 0, 378
491,3,21, 1058240,SDC, 761, 147, 8571, 4, 5821, 2690, 1, 464, 695, 0, 196, 33843, 392, 3, 41, 7296, 312, 504, 5, 13511, 9536, 19476, 0, 0, 25, 4798, 4958, 8477, 42, 0, 0, 18, 20, 159, 3, 34611, 25434, 28752, 2, 0, 0, 376
492,8,7, 1056837,benign, 750, 147, 8573, 0, 5827, 2694, 2, 464, 699, 0, 201, 34272, 397, 3, 41, 7231, 325, 500, 5, 14326, 10295, 19545, 0, 0, 25, 4802, 4842, 8482, 42, 0, 0, 18, 20, 169, 3, 34598, 25863, 29179, 2, 0, 0, 317
493,2,22, 1053965,benign, 645, 149, 8563, 0, 5819, 2685, 1, 464, 700, 0, 198, 33489, 397, 3, 41, 6816, 321, 563, 5, 13575, 9670, 19503, 0, 0, 25, 4752, 4898, 8489, 42, 0, 0, 18, 20, 160, 3, 33799, 25746, 29029, 2, 0, 0, 317
494,9,28, 1050170,benign, 536, 147, 8553, 0, 5823, 2693, 1, 464, 699, 0, 198, 33331, 397, 3, 41, 6937, 314, 447, 5, 13415, 9422, 19499, 0, 0, 25, 4703, 4895, 8481, 42, 0, 0, 18, 20, 158, 3, 34153, 25588, 28907, 2, 0, 0, 317
495,9,4, 1051998,benign, 598, 146, 8564, 0, 5827, 2694, 2, 464, 699, 0, 197, 33780, 397, 3, 43, 7017, 312, 442, 5, 13228, 9236, 19503, 0, 0, 25, 4890, 4705, 8483, 42, 0, 0, 18, 20, 157, 4, 34264, 25771, 29046, 2, 0, 0, 320
496,6,16, 1051171,benign, 566, 148, 8559, 0, 5821, 2685, 1, 464, 699, 0, 204, 33643, 397, 3, 43, 7288, 320, 501, 5, 13289, 9300, 19504, 0, 0, 25, 4953, 4643, 8479, 42, 0, 0, 18, 20, 158, 3, 34596, 25795, 29041, 2, 0, 0, 378
497,7,10, 1055595,benign, 701, 150, 8573, 1, 5827, 2695, 1, 464, 699, 0, 198, 33672, 397, 3, 41, 7290, 289, 453, 5, 13460, 9450, 19488, 0, 0, 25, 4722, 4875, 8485, 42, 0, 0, 18, 20, 160, 3, 34229, 25730, 29032, 2, 0, 0, 316
498,5,7, 1056092,benign, 692, 147, 8571, 4, 5827, 2693, 3, 464, 699, 0, 195, 33311, 397, 3, 42, 7435, 288, 454, 5, 13373, 9402, 19471, 0, 0, 25, 4784, 4818, 8484, 42, 0, 0, 18, 20, 160, 3, 34413, 25703, 28998, 2, 0, 0, 319
499,4,29, 1050079,benign, 540, 149, 8554, 0, 5828, 2694, 1, 464, 699, 0, 203, 33582, 397, 3, 40, 7022, 309, 440, 5, 13111, 9173, 19506, 0, 0, 25, 4702, 4898, 8479, 42, 0, 0, 18, 20, 152, 2, 34135, 25395, 28828, 1, 0, 0, 379
500,7,26, 1058160,benign, 757, 148, 8572, 4, 5828, 2684, 2, 464, 699, 0, 193, 33603, 397, 3, 41, 7583, 320, 446, 5, 13556, 9539, 19485, 0, 0, 25, 5032, 4687, 8475, 42, 0, 0, 18, 20, 159, 3, 34633, 25673, 28975, 2, 0, 0, 317
501,2,8, 1057616,benign, 736, 148, 8564, 4, 5822, 2688, 1, 464, 699, 0, 197, 33339, 397, 3, 42, 7396, 294, 447, 5, 13765, 9737, 19472, 0, 0, 25, 4790, 4933, 8479, 42, 0, 0, 18, 20, 243, 3, 34472, 25487, 28799, 2, 0, 0, 533
502,2,3, 1053966,benign, 661, 147, 8566, 0, 5828, 2695, 2, 464, 699, 0, 194, 33845, 397, 3, 41, 6936, 280, 510, 5, 13793, 9857, 19497, 0, 0, 25, 4728, 4873, 8478, 41, 0, 0, 18, 20, 167, 4, 34325, 25753, 29134, 2, 0, 0, 318
503,7,24, 1055610,benign, 703, 149, 8561, 0, 5823, 2690, 1, 464, 699, 0, 194, 33676, 397, 3, 41, 7387, 287, 446, 5, 13607, 9674, 19537, 0, 0, 25, 4969, 4770, 8483, 42, 0, 0, 18, 20, 160, 3, 34133, 25781, 29134, 2, 0, 0, 317
504,0,12, 1057176,benign, 727, 147, 8571, 4, 5823, 2689, 1, 464, 699, 0, 197, 33654, 397, 3, 41, 7469, 498, 443, 5, 13601, 9633, 19493, 0, 0, 25, 4729, 4867, 8485, 42, 0, 0, 18, 20, 158, 4, 34033, 25902, 29318, 2, 0, 0, 319
505,5,19, 1055373,benign, 709, 147, 8561, 0, 5826, 2693, 1, 464, 699, 0, 199, 33658, 397, 3, 43, 7483, 388, 446, 5, 13576, 9599, 19486, 0, 0, 25, 4725, 4884, 8487, 42, 0, 0, 18, 20, 158, 4, 34290, 25880, 29186, 2, 0, 0, 319
506,2,2, 1058465,SDC, 785, 147, 8565, 0, 5821, 2692, 1, 464, 694, 0, 201, 34199, 392, 3, 42, 7697, 303, 444, 5, 13959, 9925, 19486, 0, 0, 25, 4722, 4877, 8490, 42, 0, 0, 18, 20, 292, 4, 34670, 26089, 29399, 2, 0, 0, 321
507,7,14, 1059007,benign, 816, 146, 8584, 0, 5828, 2694, 1, 464, 700, 0, 198, 34343, 397, 3, 41, 7378, 541, 447, 5, 13737, 9669, 19479, 0, 0, 25, 5105, 5129, 8483, 42, 0, 0, 18, 20, 167, 4, 34560, 25835, 29118, 2, 0, 0, 319
508,0,1, 1059210,benign, 811, 149, 8588, 0, 5828, 2692, 1, 464, 699, 0, 198, 33617, 397, 3, 41, 7686, 298, 507, 5, 14329, 10328, 19546, 0, 0, 25, 4715, 4927, 8485, 42, 0, 0, 18, 20, 160, 3, 34496, 26095, 29382, 2, 0, 0, 319
509,3,16, 1053840,SDC, 624, 147, 8561, 4, 5820, 2691, 1, 464, 694, 0, 198, 33098, 392, 3, 42, 6685, 277, 520, 5, 13350, 9175, 19462, 0, 0, 25, 4989, 5145, 8487, 42, 0, 0, 18, 20, 159, 3, 34125, 25372, 28708, 2, 0, 0, 375
510,5,14, 1059159,benign, 805, 147, 8568, 0, 5827, 2685, 2, 464, 699, 0, 198, 34434, 397, 3, 43, 7708, 326, 445, 5, 14251, 10248, 19533, 0, 0, 25, 4796, 4847, 8477, 42, 0, 0, 18, 20, 160, 3, 34699, 26011, 29320, 2, 0, 0, 320
511,8,18, 1056987,benign, 751, 147, 8572, 0, 5826, 2693, 2, 464, 699, 0, 193, 33721, 397, 3, 44, 7270, 316, 445, 6, 13729, 9743, 19500, 0, 0, 25, 4953, 5075, 8481, 42, 0, 0, 18, 20, 166, 3, 34594, 26255, 29816, 2, 0, 0, 316
512,4,20, 1051108,benign, 537, 146, 8566, 3, 5828, 2687, 1, 464, 699, 0, 196, 33395, 397, 3, 40, 6880, 302, 440, 5, 13378, 9423, 19475, 0, 0, 25, 4783, 4832, 8489, 42, 0, 0, 18, 20, 158, 3, 34022, 25311, 28741, 2, 0, 0, 317
513,4,24, 1058138,benign, 792, 146, 8585, 0, 5829, 2686, 1, 464, 699, 0, 195, 34188, 397, 3, 41, 7824, 311, 438, 5, 14232, 10229, 19557, 0, 0, 25, 4748, 4904, 8486, 42, 0, 0, 18, 20, 153, 2, 34380, 25873, 29150, 1, 0, 0, 316
514,0,22, 1054632,benign, 650, 149, 8574, 4, 5830, 2690, 2, 464, 699, 0, 202, 33518, 397, 3, 41, 7132, 352, 447, 5, 13680, 9737, 19469, 0, 0, 25, 4706, 4898, 8488, 42, 0, 0, 18, 20, 167, 4, 34368, 25275, 28531, 2, 0, 0, 317
515,2,23, 1057313,benign, 768, 148, 8575, 0, 5826, 2690, 1, 464, 699, 0, 199, 34113, 397, 3, 42, 7210, 310, 446, 5, 14113, 10120, 19542, 0, 0, 25, 4796, 4921, 8487, 42, 0, 0, 18, 20, 159, 3, 34692, 26268, 29547, 2, 0, 0, 317
516,0,15, 1054494,benign, 670, 149, 8556, 0, 5824, 2685, 2, 464, 699, 0, 194, 33764, 397, 3, 42, 6973, 279, 449, 5, 13587, 9566, 19495, 0, 0, 25, 4704, 4897, 8484, 42, 0, 0, 18, 20, 158, 3, 34857, 25963, 29433, 2, 0, 0, 317
517,0,30, 1058824,benign, 780, 147, 8579, 4, 5830, 2692, 1, 464, 699, 0, 200, 33465, 397, 3, 42, 8042, 299, 445, 5, 13951, 9915, 19473, 0, 0, 25, 4720, 4881, 8479, 41, 0, 0, 18, 20, 158, 4, 34724, 26025, 29342, 2, 0, 0, 375
518,6,5, 1052280,benign, 573, 146, 8556, 4, 5827, 2693, 1, 464, 699, 0, 197, 33395, 397, 3, 41, 6846, 321, 445, 5, 13533, 9553, 19477, 0, 0, 25, 4732, 4889, 8498, 42, 0, 0, 18, 20, 387, 3, 34082, 25523, 28857, 2, 0, 0, 319
519,4,30, 1052322,benign, 611, 149, 8557, 0, 5823, 2683, 2, 464, 699, 0, 196, 33792, 397, 3, 41, 7126, 310, 444, 5, 13959, 9955, 19506, 0, 0, 25, 4730, 4884, 8491, 42, 0, 0, 18, 20, 153, 2, 34310, 25949, 29243, 1, 0, 0, 317
520,1,30, 1055645,SDC, 707, 148, 8569, 0, 5820, 2694, 2, 464, 695, 0, 199, 34161, 392, 3, 43, 7377, 288, 503, 5, 13990, 10034, 19539, 0, 0, 25, 4776, 4945, 8476, 42, 0, 0, 18, 20, 158, 4, 34354, 25596, 28861, 2, 0, 0, 317
521,5,26, 1051569,benign, 576, 149, 8565, 0, 5827, 2691, 1, 464, 699, 0, 194, 33494, 397, 3, 41, 6841, 356, 447, 5, 13326, 9314, 19519, 0, 0, 25, 4837, 4886, 8480, 42, 0, 0, 18, 20, 158, 4, 34738, 25258, 28518, 2, 0, 0, 393
522,5,6, 1057470,benign, 752, 148, 8579, 0, 5826, 2685, 2, 464, 699, 0, 196, 33904, 397, 3, 42, 7235, 339, 445, 5, 13856, 9855, 19497, 0, 0, 25, 4913, 4953, 8493, 42, 0, 0, 18, 20, 158, 2, 34557, 25938, 29388, 2, 0, 0, 375
523,4,4, 1051280,benign, 539, 148, 8561, 4, 5830, 2690, 1, 464, 699, 0, 193, 33123, 397, 3, 41, 6604, 309, 452, 5, 13499, 9501, 19477, 0, 0, 25, 4767, 4958, 8483, 42, 0, 0, 18, 20, 173, 3, 34090, 25024, 28302, 2, 0, 0, 317
524,9,19, 1057448,benign, 736, 147, 8562, 4, 5828, 2695, 1, 464, 700, 0, 199, 34117, 397, 3, 41, 7505, 330, 447, 5, 13707, 9735, 19470, 0, 0, 25, 4812, 4836, 8487, 42, 0, 0, 18, 20, 167, 4, 34597, 25549, 28805, 2, 0, 0, 384
525,9,20, 1054056,benign, 633, 151, 8561, 4, 5826, 2691, 1, 464, 699, 0, 201, 33416, 397, 3, 43, 7159, 305, 444, 5, 13254, 9237, 19482, 0, 0, 25, 4729, 4883, 8484, 42, 0, 0, 18, 20, 157, 3, 34537, 25210, 28503, 2, 0, 0, 380
526,6,19, 1056438,benign, 738, 148, 8579, 0, 5826, 2689, 2, 464, 699, 0, 203, 33902, 397, 3, 43, 7430, 364, 504, 5, 14005, 9821, 19497, 0, 0, 25, 4748, 4893, 8481, 42, 0, 0, 18, 20, 320, 3, 34667, 25676, 29162, 2, 0, 0, 320
527,0,20, 1049875,benign, 522, 148, 8585, 0, 5848, 2703, 2, 510, 759, 0, 188, 35065, 469, 3, 43, 6251, 333, 427, 5, 14699, 9146, 19728, 0, 0, 37, 4579, 5279, 8522, 42, 0, 0, 18, 20, 152, 3, 35524, 26861, 29901, 2, 0, 0, 317
528,10,24, 1055546,benign, 702, 148, 8565, 0, 5829, 2695, 1, 464, 699, 0, 198, 33556, 397, 3, 41, 6671, 296, 510, 5, 14078, 10114, 19546, 0, 0, 25, 4744, 4894, 8490, 42, 0, 0, 18, 20, 158, 3, 34152, 25538, 28831, 2, 0, 0, 323
529,2,18, 1058902,SDC, 810, 150, 8570, 0, 5820, 2691, 1, 464, 694, 0, 195, 33931, 392, 3, 41, 7415, 404, 503, 5, 14200, 10219, 19537, 0, 0, 25, 4702, 4891, 8490, 42, 0, 0, 18, 20, 160, 3, 34737, 25906, 29192, 2, 0, 0, 319
530,3,27, 1051422,SDC, 563, 147, 8561, 0, 5823, 2696, 2, 464, 694, 0, 200, 33526, 392, 3, 43, 6593, 293, 454, 5, 13386, 9454, 19508, 0, 0, 25, 4718, 4881, 8482, 41, 0, 0, 18, 20, 160, 3, 34063, 25751, 29033, 2, 0, 0, 379
531,0,30, 1050450,benign, 544, 148, 8566, 0, 5830, 2693, 1, 464, 699, 0, 201, 33633, 397, 3, 41, 6553, 498, 456, 5, 13077, 9098, 19502, 0, 0, 25, 4708, 4897, 8482, 42, 0, 0, 18, 20, 158, 3, 33897, 25226, 28479, 2, 0, 0, 384
532,3,12, 1058932,SDC, 782, 149, 8559, 4, 5816, 2694, 1, 464, 694, 0, 194, 33456, 392, 3, 41, 7362, 491, 511, 5, 13586, 9541, 19470, 0, 0, 25, 4731, 4876, 8476, 42, 0, 0, 18, 20, 158, 3, 34231, 25503, 28784, 2, 0, 0, 582
533,8,8, 1059796,benign, 492, 146, 8551, 4, 5828, 2694, 1, 464, 699, 0, 189, 32986, 397, 3, 40, 6354, 343, 496, 5, 12989, 8955, 19448, 0, 0, 25, 4439, 5162, 8475, 42, 0, 0, 18, 20, 167, 3, 33586, 24840, 28142, 1, 0, 0, 319
534,6,23, 1050528,benign, 519, 147, 8557, 4, 5825, 2689, 1, 464, 699, 0, 196, 33433, 397, 3, 43, 6872, 571, 444, 5, 13012, 9027, 19487, 0, 0, 25, 4788, 4857, 8476, 42, 0, 0, 18, 20, 158, 4, 33922, 25100, 28630, 2, 0, 0, 319
535,4,1, 1050863,benign, 568, 149, 8562, 1, 5825, 2689, 2, 464, 699, 0, 198, 33735, 397, 3, 42, 6579, 314, 505, 5, 13398, 9424, 19496, 0, 0, 25, 4841, 5018, 8490, 42, 0, 0, 18, 20, 162, 4, 34162, 25355, 28616, 2, 0, 0, 317
536,5,31, 1059948,benign, 783, 147, 8574, 4, 5828, 2697, 2, 464, 700, 0, 201, 33894, 397, 3, 44, 7187, 304, 446, 5, 13434, 9508, 19510, 0, 0, 25, 4762, 4841, 8495, 42, 0, 0, 18, 20, 160, 3, 34540, 25874, 29303, 2, 0, 0, 317
537,10,11, 1053536,benign, 611, 149, 8557, 4, 5821, 2690, 2, 464, 699, 0, 198, 33460, 397, 3, 43, 6943, 312, 451, 5, 13486, 9499, 19472, 0, 0, 25, 4854, 5013, 8483, 42, 0, 0, 18, 20, 159, 3, 33930, 25734, 29006, 2, 0, 0, 319
538,4,2, 1052662,benign, 621, 147, 8564, 1, 5832, 2695, 4, 464, 699, 0, 194, 33786, 397, 3, 41, 6953, 317, 444, 5, 13581, 9592, 19621, 0, 0, 25, 4788, 4816, 8483, 42, 0, 0, 19, 22, 160, 3, 34499, 25552, 28806, 1, 0, 0, 319
539,8,4, 1052947,benign, 616, 148, 8571, 0, 5827, 2694, 2, 464, 699, 0, 204, 34069, 397, 3, 40, 7018, 312, 574, 5, 13415, 9444, 19497, 0, 0, 25, 4721, 4882, 8488, 41, 0, 0, 18, 20, 157, 4, 34281, 25918, 29229, 2, 0, 0, 317
540,6,26, 1053471,benign, 634, 147, 8564, 0, 5828, 2695, 1, 464, 699, 0, 196, 33970, 397, 3, 44, 6769, 345, 442, 5, 13677, 9473, 19495, 0, 0, 25, 4724, 4875, 8489, 42, 0, 0, 18, 20, 182, 2, 34548, 25501, 28980, 2, 0, 0, 320
541,6,4, 1050397,benign, 546, 146, 8555, 0, 5829, 2692, 3, 464, 699, 0, 199, 33787, 397, 3, 41, 7042, 313, 547, 5, 13079, 9101, 19498, 0, 0, 25, 4832, 4904, 8485, 42, 0, 0, 18, 20, 163, 2, 34120, 25517, 28962, 2, 0, 0, 384
542,2,2, 1050431,benign, 544, 149, 8546, 0, 5823, 2687, 2, 464, 699, 0, 197, 33543, 397, 3, 40, 6582, 309, 440, 5, 13272, 9331, 19506, 0, 0, 25, 5009, 4713, 8487, 42, 0, 0, 18, 20, 166, 4, 34556, 25665, 28946, 2, 0, 0, 319
543,2,28, 1057477,SDC, 766, 148, 8572, 0, 5821, 2692, 1, 464, 694, 0, 195, 33648, 392, 3, 42, 7331, 289, 447, 5, 13823, 9844, 19495, 0, 0, 25, 4729, 4869, 8487, 42, 0, 0, 18, 20, 158, 4, 34339, 25901, 29381, 2, 0, 0, 326
544,7,2, 1052356,benign, 577, 149, 8557, 4, 5831, 2691, 2, 464, 699, 0, 199, 33315, 397, 3, 41, 6987, 328, 446, 5, 13188, 9256, 19484, 0, 0, 25, 4861, 5002, 8481, 42, 0, 0, 18, 20, 162, 2, 33727, 25166, 28531, 2, 0, 0, 319
545,2,15, 1057752,benign, 742, 149, 8558, 4, 5821, 2687, 1, 464, 699, 0, 202, 33595, 397, 3, 42, 7310, 501, 505, 5, 13417, 9456, 19464, 0, 0, 25, 4715, 4884, 8481, 42, 0, 0, 18, 20, 228, 3, 34626, 25729, 29018, 2, 0, 0, 377
546,1,14, 1059577,benign, 521, 146, 8549, 0, 5820, 2687, 1, 464, 699, 0, 195, 33258, 397, 3, 40, 6419, 358, 439, 5, 13183, 9139, 19492, 0, 0, 25, 4707, 4909, 8478, 34, 0, 0, 18, 20, 161, 2, 33800, 25309, 28588, 1, 0, 0, 316
547,10,6, 1051800,benign, 557, 148, 8564, 4, 5826, 2691, 1, 464, 699, 0, 196, 33262, 397, 3, 43, 7066, 442, 442, 6, 13214, 9301, 19482, 0, 0, 25, 4708, 4891, 8491, 42, 0, 0, 18, 20, 158, 4, 33574, 25295, 28590, 2, 0, 0, 447
548,4,13, 1056891,benign, 753, 148, 8573, 0, 5830, 2693, 1, 464, 699, 0, 197, 34112, 397, 3, 42, 7540, 319, 438, 5, 13725, 9757, 19498, 0, 0, 25, 4754, 4889, 8483, 42, 0, 0, 18, 20, 153, 2, 34698, 25745, 29020, 1, 0, 0, 316
549,0,2, 1059052,benign, 784, 148, 8574, 4, 5826, 2694, 5, 464, 699, 0, 201, 34112, 397, 3, 43, 8252, 297, 445, 5, 13917, 9989, 19481, 0, 0, 25, 4731, 4909, 8484, 42, 0, 0, 18, 20, 157, 3, 34418, 25677, 28940, 2, 0, 0, 320
550,1,2, 1057772,benign, 746, 148, 8577, 4, 5826, 2690, 1, 464, 699, 0, 198, 33575, 397, 3, 41, 7346, 328, 504, 5, 13712, 9761, 19492, 0, 0, 25, 4810, 4986, 8485, 42, 0, 0, 19, 23, 162, 3, 34353, 25663, 28944, 2, 0, 0, 378
551,0,12, 1053762,benign, 656, 150, 8567, 0, 5829, 2692, 2, 464, 699, 0, 199, 33733, 397, 3, 44, 7131, 301, 475, 5, 13453, 9464, 19488, 0, 0, 25, 4983, 4611, 8489, 42, 0, 0, 18, 20, 220, 3, 34352, 25771, 29108, 2, 0, 0, 316
552,0,17, 1059341,benign, 815, 147, 8577, 0, 5824, 2688, 1, 464, 699, 0, 195, 34086, 397, 3, 41, 7493, 310, 444, 5, 14107, 10128, 19543, 0, 0, 25, 4566, 5150, 8489, 42, 0, 0, 18, 20, 158, 3, 34707, 25980, 29265, 2, 0, 0, 320
553,10,16, 1059512,benign, 792, 148, 8585, 4, 5823, 2688, 1, 464, 700, 0, 203, 33862, 397, 3, 42, 7628, 317, 451, 5, 13593, 9628, 19474, 0, 0, 25, 4713, 4883, 8479, 42, 0, 0, 18, 20, 160, 4, 34706, 25740, 29040, 2, 0, 0, 416
554,6,7, 1054638,benign, 685, 148, 8561, 0, 5825, 2687, 1, 464, 699, 0, 196, 33933, 397, 3, 43, 7354, 297, 442, 5, 13695, 9722, 19493, 0, 0, 25, 4842, 4923, 8486, 42, 0, 0, 18, 20, 158, 3, 34470, 25781, 29252, 2, 0, 0, 384
555,0,18, 1049916,benign, 499, 147, 8558, 4, 5824, 2685, 2, 464, 699, 0, 197, 33086, 397, 3, 41, 6537, 288, 455, 5, 13344, 9262, 19467, 0, 0, 25, 4447, 5149, 8472, 42, 0, 0, 19, 23, 346, 3, 34266, 25035, 28514, 2, 0, 0, 375
556,6,7, 1060268,benign, 499, 147, 8554, 3, 5819, 2687, 1, 464, 699, 0, 192, 32902, 397, 3, 41, 6723, 328, 453, 5, 12757, 8723, 19465, 0, 0, 25, 4700, 4912, 8475, 34, 0, 0, 18, 20, 153, 2, 34001, 24754, 28029, 2, 0, 0, 317
557,7,21, 1054712,benign, 648, 148, 8569, 4, 5826, 2689, 1, 464, 699, 0, 197, 33277, 397, 3, 42, 7252, 295, 690, 5, 13333, 9285, 19485, 0, 0, 25, 4716, 4892, 8482, 42, 0, 0, 18, 20, 276, 4, 34039, 25527, 29054, 2, 0, 0, 320
558,7,18, 1058485,benign, 806, 149, 8567, 0, 5826, 2692, 1, 464, 699, 0, 199, 33958, 397, 3, 43, 7866, 318, 442, 5, 13707, 9758, 19508, 0, 0, 25, 4777, 4951, 8482, 42, 0, 0, 18, 20, 168, 3, 34580, 25856, 29252, 2, 0, 0, 319
559,1,6, 1050088,benign, 506, 146, 8549, 4, 5823, 2687, 2, 464, 699, 0, 197, 33466, 397, 3, 43, 6720, 325, 593, 5, 13249, 9285, 19484, 0, 0, 25, 4707, 4903, 8485, 42, 0, 0, 19, 23, 176, 3, 34058, 25103, 28388, 2, 0, 0, 385
560,6,10, 1051233,benign, 576, 146, 8569, 0, 5830, 2686, 2, 464, 699, 0, 195, 33695, 397, 3, 42, 6842, 315, 446, 5, 13615, 9413, 19504, 0, 0, 25, 4830, 4894, 8489, 42, 0, 0, 18, 20, 160, 3, 34010, 25412, 28686, 2, 0, 0, 384
561,5,30, 1056291,benign, 717, 149, 8567, 0, 5826, 2695, 2, 464, 699, 0, 195, 33730, 397, 3, 41, 7335, 333, 447, 5, 13804, 9792, 19502, 0, 0, 25, 4725, 4877, 8482, 42, 0, 0, 18, 20, 158, 3, 34303, 26012, 29445, 2, 0, 0, 316
562,0,3, 1054540,benign, 645, 147, 8566, 4, 5828, 2693, 3, 464, 699, 0, 204, 33524, 397, 3, 41, 7012, 306, 445, 5, 13090, 9087, 19474, 0, 0, 25, 4721, 4880, 8489, 42, 0, 0, 19, 23, 160, 4, 34063, 25461, 28857, 2, 0, 0, 317
563,2,22, 1050905,benign, 565, 148, 8555, 0, 5828, 2692, 2, 464, 699, 0, 196, 33599, 397, 3, 42, 6632, 321, 655, 5, 12968, 8959, 19500, 0, 0, 25, 4716, 4896, 8482, 42, 0, 0, 18, 20, 158, 3, 33946, 25498, 28787, 2, 0, 0, 316
564,0,30, 1059593,benign, 515, 147, 8556, 0, 5824, 2692, 1, 464, 699, 0, 199, 33802, 397, 3, 40, 6504, 320, 445, 5, 13388, 9383, 19484, 0, 0, 25, 4495, 5105, 8482, 34, 0, 0, 18, 20, 153, 2, 34065, 25028, 28437, 1, 0, 0, 384
565,9,22, 1054164,benign, 633, 149, 8562, 4, 5827, 2694, 2, 464, 700, 0, 204, 33357, 397, 3, 43, 7100, 312, 443, 5, 13632, 9626, 19463, 0, 0, 25, 4729, 4917, 8485, 41, 0, 0, 18, 20, 168, 4, 34276, 25302, 28582, 2, 0, 0, 402
566,10,21, 1052426,benign, 615, 148, 8565, 0, 5823, 2689, 2, 464, 699, 0, 199, 33713, 397, 3, 42, 6623, 284, 442, 5, 13782, 9771, 19510, 0, 0, 25, 4786, 4812, 8481, 42, 0, 0, 18, 20, 159, 3, 34480, 25777, 29107, 2, 0, 0, 317
567,2,2, 1052995,benign, 629, 146, 8574, 0, 5829, 2694, 2, 464, 699, 0, 199, 33861, 397, 3, 41, 7131, 302, 447, 5, 13332, 9315, 19504, 0, 0, 25, 4710, 4887, 8480, 42, 0, 0, 18, 20, 157, 3, 34696, 25644, 28928, 2, 0, 0, 319
568,10,15, 1052034,benign, 586, 148, 8566, 0, 5825, 2686, 1, 464, 699, 0, 194, 33269, 397, 3, 41, 6773, 292, 445, 5, 13678, 9665, 19516, 0, 0, 25, 4720, 4890, 8482, 42, 0, 0, 18, 20, 247, 3, 34165, 25397, 28727, 2, 0, 0, 317
569,4,28, 1050198,benign, 535, 148, 8552, 0, 5824, 2691, 2, 464, 699, 0, 197, 33676, 397, 3, 39, 6944, 284, 439, 5, 13451, 9446, 19515, 0, 0, 25, 4691, 4909, 8491, 42, 0, 0, 18, 20, 162, 2, 33954, 25424, 28721, 1, 0, 0, 320
570,9,9, 1050877,benign, 561, 147, 8553, 0, 5831, 2691, 3, 464, 699, 0, 195, 33753, 397, 3, 41, 6771, 311, 447, 5, 13416, 9427, 19496, 0, 0, 25, 4726, 4911, 8486, 42, 0, 0, 18, 20, 158, 3, 34072, 25432, 28700, 2, 0, 0, 319
571,7,8, 1057673,benign, 766, 148, 8570, 0, 5828, 2692, 1, 464, 699, 0, 194, 33998, 397, 3, 42, 7382, 309, 458, 5, 14001, 9998, 19517, 0, 0, 25, 4971, 4628, 8486, 42, 0, 0, 18, 20, 157, 4, 34803, 25825, 29126, 2, 0, 0, 317
572,4,30, 1058506,benign, 791, 147, 8578, 0, 5832, 2694, 2, 464, 699, 0, 201, 34361, 397, 3, 39, 7355, 304, 441, 5, 13994, 9967, 19499, 0, 0, 25, 4811, 4834, 8475, 42, 0, 0, 18, 20, 153, 2, 35060, 25839, 29179, 1, 0, 0, 319
573,2,9, 1053696,SDC, 621, 148, 8562, 4, 5825, 2698, 2, 464, 694, 0, 196, 33359, 392, 3, 41, 6975, 329, 445, 5, 13143, 9161, 19474, 0, 0, 25, 4731, 4868, 8483, 42, 0, 0, 18, 20, 160, 3, 34084, 25245, 28538, 2, 0, 0, 320
574,0,18, 1050146,benign, 547, 147, 8563, 0, 5827, 2695, 1, 464, 699, 0, 198, 33290, 397, 3, 45, 6826, 308, 445, 5, 13545, 9573, 19518, 0, 0, 25, 4839, 4910, 8486, 42, 0, 0, 18, 20, 158, 3, 34317, 25487, 28770, 2, 0, 0, 385
575,4,24, 1054489,benign, 665, 148, 8558, 0, 5826, 2694, 1, 464, 699, 0, 197, 33656, 397, 3, 40, 7051, 408, 439, 5, 13360, 9372, 19491, 0, 0, 25, 4843, 5006, 8486, 42, 0, 0, 18, 20, 262, 2, 34319, 25521, 28782, 1, 0, 0, 447
576,9,19, 1051453,benign, 570, 149, 8559, 0, 5830, 2692, 1, 464, 700, 0, 193, 33588, 397, 3, 42, 6669, 323, 444, 5, 13603, 9628, 19508, 0, 0, 25, 4794, 4971, 8491, 42, 0, 0, 18, 20, 169, 3, 34145, 25305, 28783, 2, 0, 0, 377
577,5,20, 1059682,benign, 519, 146, 8552, 0, 5821, 2692, 1, 464, 699, 0, 187, 33274, 397, 3, 40, 6470, 427, 440, 5, 13572, 9582, 19481, 0, 0, 25, 4448, 5155, 8478, 42, 0, 0, 18, 20, 158, 3, 33755, 25093, 28434, 2, 0, 0, 319
578,0,6, 1059277,benign, 817, 146, 8564, 0, 5825, 2692, 1, 464, 699, 0, 197, 34362, 397, 3, 41, 7737, 326, 442, 5, 13999, 10009, 19539, 0, 0, 25, 4716, 4888, 8483, 42, 0, 0, 18, 20, 157, 2, 35122, 26248, 29521, 2, 0, 0, 317
579,1,30, 1056062,benign, 719, 150, 8577, 0, 5825, 2690, 2, 464, 699, 0, 199, 33713, 397, 3, 42, 7248, 305, 443, 5, 13573, 9561, 19483, 0, 0, 25, 4718, 4885, 8489, 42, 0, 0, 18, 20, 157, 3, 34523, 25573, 28845, 2, 0, 0, 317
580,3,5, 1058063,benign, 786, 148, 8582, 0, 5828, 2694, 1, 464, 699, 0, 198, 34472, 397, 3, 41, 7668, 277, 443, 5, 14077, 10054, 19581, 0, 0, 25, 4718, 4879, 8485, 42, 0, 0, 18, 20, 159, 3, 34560, 26088, 29370, 2, 0, 0, 317
581,1,28, 1049949,benign, 530, 145, 8550, 0, 5822, 2688, 2, 464, 699, 0, 197, 33710, 397, 3, 43, 6962, 337, 514, 5, 13522, 9487, 19501, 0, 0, 25, 4577, 5151, 8474, 41, 0, 0, 18, 20, 167, 3, 34265, 25149, 28441, 2, 0, 0, 316
582,2,17, 1051486,benign, 580, 149, 8557, 0, 5826, 2692, 1, 464, 699, 0, 204, 33304, 397, 3, 41, 6950, 318, 506, 5, 13664, 9671, 19490, 0, 0, 25, 4779, 4941, 8484, 42, 0, 0, 18, 20, 159, 3, 34010, 25479, 28761, 2, 0, 0, 378
583,3,30, 1058322,SDC, 782, 147, 8572, 0, 5820, 2690, 1, 464, 694, 0, 199, 34028, 392, 3, 41, 7381, 299, 445, 5, 13696, 9710, 19504, 0, 0, 25, 4716, 4886, 8488, 42, 0, 0, 18, 20, 159, 3, 34403, 26148, 29722, 2, 0, 0, 447
584,8,5, 1056359,benign, 726, 150, 8571, 0, 5825, 2688, 1, 464, 699, 0, 194, 33980, 397, 3, 42, 7262, 309, 443, 5, 13565, 9601, 19493, 0, 0, 25, 4908, 4950, 8485, 42, 0, 0, 18, 20, 158, 3, 34342, 25679, 28952, 2, 0, 0, 319
585,5,6, 1059027,benign, 799, 149, 8568, 0, 5822, 2687, 2, 464, 699, 0, 198, 34368, 397, 3, 41, 7625, 292, 456, 5, 14218, 10062, 19544, 0, 0, 25, 4966, 4627, 8480, 42, 0, 0, 18, 20, 158, 3, 34332, 25861, 29146, 2, 0, 0, 574
586,4,14, 1051998,benign, 589, 148, 8558, 0, 5826, 2691, 1, 464, 699, 0, 197, 33449, 397, 3, 41, 6712, 294, 437, 5, 13710, 9695, 19506, 0, 0, 25, 4746, 4902, 8483, 42, 0, 0, 18, 20, 152, 2, 34145, 25770, 29043, 1, 0, 0, 316
587,1,1, 1057557,benign, 769, 148, 8579, 0, 5821, 2687, 2, 464, 699, 0, 202, 33943, 397, 3, 43, 7611, 285, 446, 5, 14277, 10105, 19539, 0, 0, 25, 5040, 4696, 8485, 42, 0, 0, 18, 20, 159, 3, 34410, 26134, 29671, 2, 0, 0, 316
588,10,6, 1059339,benign, 826, 148, 8571, 0, 5826, 2689, 1, 464, 699, 0, 197, 34289, 397, 3, 41, 7374, 302, 446, 5, 13967, 9966, 19512, 0, 0, 25, 4797, 4946, 8488, 42, 0, 0, 18, 20, 158, 3, 34704, 25952, 29234, 2, 0, 0, 317
589,5,19, 1054812,benign, 653, 149, 8566, 4, 5825, 2694, 2, 464, 699, 0, 200, 33685, 397, 3, 42, 6993, 307, 446, 5, 13471, 9483, 19475, 0, 0, 25, 4709, 4888, 8480, 42, 0, 0, 18, 20, 158, 3, 34233, 25639, 28910, 2, 0, 0, 320
590,0,19, 1056467,benign, 739, 147, 8581, 0, 5831, 2696, 1, 464, 699, 0, 199, 33878, 397, 3, 42, 7433, 511, 445, 5, 13712, 9726, 19487, 0, 0, 25, 5034, 4696, 8486, 42, 0, 0, 18, 20, 158, 4, 34861, 25708, 29207, 2, 0, 0, 318
591,4,14, 1053686,benign, 637, 148, 8557, 0, 5824, 2690, 1, 464, 699, 0, 203, 33974, 397, 3, 42, 7101, 291, 507, 5, 13443, 9406, 19500, 0, 0, 25, 4771, 4823, 8483, 42, 0, 0, 18, 20, 152, 2, 33962, 25536, 28859, 1, 0, 0, 319
592,9,23, 1055285,benign, 693, 148, 8573, 0, 5829, 2695, 1, 464, 699, 0, 199, 33835, 397, 3, 41, 7275, 286, 455, 5, 13959, 10029, 19554, 0, 0, 25, 4706, 4892, 8485, 42, 0, 0, 18, 20, 166, 4, 34889, 25746, 29082, 2, 0, 0, 316
593,8,7, 1057075,benign, 747, 149, 8571, 0, 5828, 2693, 2, 464, 699, 0, 195, 33929, 397, 3, 41, 7620, 288, 445, 5, 13884, 9683, 19498, 0, 0, 25, 4774, 4822, 8482, 42, 0, 0, 18, 20, 159, 3, 34757, 25774, 29043, 2, 0, 0, 317
594,3,19, 1058759,benign, 800, 149, 8575, 0, 5829, 2686, 5, 464, 699, 0, 200, 34364, 397, 3, 42, 7537, 304, 443, 5, 13979, 10077, 19556, 0, 0, 25, 4714, 4881, 8485, 42, 0, 0, 18, 20, 167, 4, 35126, 26338, 29617, 2, 0, 0, 319
595,6,27, 1059765,benign, 521, 146, 8555, 0, 5824, 2686, 1, 464, 699, 0, 194, 33511, 397, 3, 41, 6522, 322, 443, 5, 13154, 9098, 19497, 0, 0, 25, 4729, 5052, 8483, 42, 0, 0, 18, 20, 162, 2, 34037, 25043, 28508, 1, 0, 0, 320
596,10,8, 1053566,benign, 631, 148, 8560, 0, 5820, 2688, 2, 464, 699, 0, 196, 33825, 397, 3, 41, 6912, 298, 607, 5, 13407, 9442, 19521, 0, 0, 25, 4708, 4895, 8483, 42, 0, 0, 18, 20, 187, 2, 34352, 25370, 28828, 2, 0, 0, 379
597,2,17, 1050995,benign, 566, 147, 8567, 0, 5830, 2691, 1, 464, 699, 0, 195, 33680, 397, 3, 43, 6760, 311, 445, 5, 13679, 9707, 19506, 0, 0, 25, 4718, 4884, 8475, 42, 0, 0, 18, 20, 160, 3, 34027, 25765, 29012, 2, 0, 0, 316
598,8,29, 1053037,benign, 618, 148, 8571, 0, 5827, 2694, 2, 464, 699, 0, 196, 33312, 397, 3, 41, 7151, 286, 452, 5, 13983, 9822, 19518, 0, 0, 25, 4723, 4873, 8491, 42, 0, 0, 18, 20, 160, 4, 34300, 25622, 28913, 2, 0, 0, 317
599,2,12, 1057857,benign, 773, 148, 8573, 0, 5830, 2692, 2, 464, 699, 0, 194, 33853, 397, 3, 41, 7875, 287, 444, 5, 13957, 9993, 19493, 0, 0, 25, 4724, 4879, 8489, 42, 0, 0, 18, 20, 158, 3, 34435, 25881, 29327, 2, 0, 0, 317
600,8,0, 1057456,benign, 734, 149, 8572, 4, 5821, 2688, 2, 464, 699, 0, 197, 33564, 397, 3, 41, 7365, 300, 447, 5, 13879, 9660, 19481, 0, 0, 25, 4995, 4652, 8486, 42, 0, 0, 18, 20, 158, 4, 34535, 25822, 29261, 2, 0, 0, 379
601,0,18, 1053708,benign, 619, 147, 8569, 4, 5829, 2694, 1, 464, 699, 0, 198, 33353, 397, 3, 42, 7259, 538, 451, 5, 13252, 9269, 19479, 0, 0, 25, 4721, 4886, 8485, 42, 0, 0, 18, 20, 158, 3, 34244, 25116, 28575, 2, 0, 0, 384
602,4,27, 1060248,benign, 501, 146, 8557, 3, 5821, 2686, 1, 464, 699, 0, 191, 33170, 397, 3, 40, 6510, 309, 439, 5, 12813, 8884, 19485, 0, 0, 25, 4595, 5190, 8475, 36, 0, 0, 18, 20, 153, 2, 33703, 25489, 28804, 1, 0, 0, 320
603,6,7, 1058442,benign, 803, 146, 8570, 0, 5827, 2690, 2, 464, 699, 0, 211, 34076, 397, 3, 41, 7602, 306, 509, 5, 14185, 10248, 19540, 0, 0, 25, 4713, 4887, 8487, 40, 0, 0, 18, 20, 158, 3, 34835, 25769, 29066, 2, 0, 0, 321
604,0,2, 1054406,benign, 664, 147, 8567, 0, 5824, 2686, 2, 464, 699, 0, 196, 33965, 397, 3, 43, 7158, 336, 450, 5, 13793, 9802, 19506, 0, 0, 25, 4712, 4889, 8488, 41, 0, 0, 18, 20, 160, 3, 34026, 25755, 29025, 2, 0, 0, 319
605,0,10, 1051444,benign, 547, 148, 8561, 4, 5821, 2683, 6, 464, 699, 0, 197, 33122, 397, 3, 42, 6611, 307, 447, 5, 13025, 9078, 19501, 0, 0, 25, 4710, 4892, 8483, 42, 0, 0, 18, 20, 159, 3, 34312, 25365, 28828, 2, 0, 0, 317
606,3,6, 1056259,SDC, 735, 148, 8569, 1, 5820, 2690, 2, 464, 694, 0, 196, 33758, 392, 3, 41, 7108, 314, 510, 6, 13731, 9777, 19468, 0, 0, 25, 4788, 4811, 8478, 42, 0, 0, 18, 20, 158, 4, 34838, 25876, 29150, 2, 0, 0, 316
607,5,10, 1052985,benign, 626, 148, 8567, 0, 5825, 2688, 2, 464, 699, 0, 199, 33916, 397, 3, 43, 6672, 311, 775, 5, 13569, 9426, 19507, 0, 0, 25, 4839, 4988, 8484, 42, 0, 0, 18, 20, 255, 3, 34138, 25536, 28790, 2, 0, 0, 319
608,7,29, 1051661,benign, 573, 147, 8562, 1, 5827, 2694, 1, 464, 699, 0, 196, 33357, 397, 3, 43, 6709, 288, 443, 5, 13396, 9368, 19514, 0, 0, 25, 4792, 4945, 8481, 42, 0, 0, 18, 20, 160, 3, 33839, 25576, 28863, 2, 0, 0, 378
609,4,1, 1056292,benign, 700, 149, 8566, 4, 5827, 2689, 2, 464, 699, 0, 197, 33613, 397, 3, 42, 7231, 343, 478, 5, 13658, 9716, 19460, 0, 0, 25, 4713, 4879, 8485, 42, 0, 0, 18, 20, 158, 3, 34159, 25605, 28920, 2, 0, 0, 321
610,6,2, 1051180,benign, 540, 148, 8564, 4, 5828, 2689, 5, 464, 699, 0, 197, 33245, 397, 3, 45, 7089, 303, 442, 5, 13320, 9372, 19489, 0, 0, 25, 4713, 4891, 8495, 42, 0, 0, 18, 20, 173, 3, 33725, 25114, 28403, 2, 0, 0, 376
611,4,13, 1052178,benign, 606, 148, 8561, 0, 5826, 2694, 1, 464, 699, 0, 199, 33835, 397, 3, 41, 6730, 338, 441, 5, 13534, 9571, 19498, 0, 0, 25, 4801, 4963, 8496, 42, 0, 0, 18, 20, 161, 2, 34061, 25574, 28920, 1, 0, 0, 384
612,6,15, 1057894,benign, 776, 147, 8576, 0, 5829, 2693, 2, 464, 699, 0, 194, 33978, 397, 3, 43, 7179, 322, 443, 5, 14221, 10117, 19545, 0, 0, 25, 4724, 4882, 8482, 42, 0, 0, 18, 20, 160, 4, 35038, 26310, 29583, 2, 0, 0, 317
613,0,5, 1057677,benign, 769, 148, 8577, 0, 5828, 2690, 1, 464, 699, 0, 197, 34106, 397, 3, 42, 7279, 287, 682, 5, 14063, 10095, 19541, 0, 0, 25, 4801, 4940, 8490, 42, 0, 0, 18, 20, 169, 3, 34437, 25932, 29329, 2, 0, 0, 317
614,1,2, 1056019,SDC, 709, 147, 8566, 0, 5817, 2688, 1, 464, 694, 0, 196, 33855, 392, 3, 41, 7304, 292, 491, 5, 13735, 9819, 19511, 0, 0, 25, 4724, 4868, 8480, 42, 0, 0, 18, 20, 158, 3, 33930, 25572, 29026, 2, 0, 0, 377
615,2,18, 1053745,benign, 647, 149, 8570, 0, 5830, 2688, 1, 464, 699, 0, 194, 34033, 397, 3, 41, 7294, 294, 523, 5, 13663, 9681, 19494, 0, 0, 25, 5043, 4689, 8483, 42, 0, 0, 18, 20, 160, 4, 34225, 25563, 28836, 2, 0, 0, 316
616,1,1, 1055802,benign, 705, 147, 8565, 0, 5829, 2695, 1, 464, 699, 0, 197, 34339, 397, 3, 41, 7338, 326, 444, 5, 13604, 9677, 19515, 0, 0, 25, 4719, 4881, 8485, 42, 0, 0, 18, 20, 158, 3, 34313, 25805, 29074, 2, 0, 0, 317
617,6,17, 1056557,benign, 725, 146, 8567, 0, 5824, 2689, 1, 464, 699, 0, 197, 33817, 397, 3, 41, 7377, 295, 447, 5, 13633, 9722, 19504, 0, 0, 25, 4978, 4623, 8486, 42, 0, 0, 18, 20, 159, 3, 35031, 25892, 29179, 2, 0, 0, 375
618,4,8, 1050484,benign, 517, 149, 8554, 4, 5827, 2690, 2, 464, 699, 0, 202, 33291, 397, 3, 41, 6481, 316, 504, 5, 13344, 9394, 19472, 0, 0, 25, 4757, 4870, 8489, 41, 0, 0, 18, 20, 158, 4, 33760, 25341, 28624, 2, 0, 0, 323
619,8,15, 1053566,benign, 639, 147, 8575, 0, 5829, 2692, 2, 464, 699, 0, 199, 33952, 397, 3, 42, 7049, 331, 661, 5, 13216, 9287, 19499, 0, 0, 25, 4779, 4945, 8484, 42, 0, 0, 18, 20, 200, 4, 34192, 25752, 29257, 2, 0, 0, 319
620,7,1, 1058557,benign, 804, 147, 8573, 0, 5823, 2687, 2, 464, 699, 0, 195, 33913, 397, 3, 42, 7487, 307, 444, 5, 13492, 9565, 19609, 0, 0, 25, 4778, 4954, 8482, 42, 0, 0, 18, 20, 172, 3, 34295, 25947, 29237, 2, 0, 0, 384
621,3,30, 1051089,SDC, 565, 148, 8542, 0, 5821, 2693, 3, 464, 694, 0, 201, 33691, 392, 3, 43, 6797, 305, 450, 5, 12945, 8992, 19476, 0, 0, 25, 4707, 4883, 8476, 42, 0, 0, 18, 20, 168, 3, 33986, 25094, 28465, 2, 0, 0, 317
622,2,12, 1051481,benign, 567, 147, 8558, 0, 5824, 2689, 2, 464, 699, 0, 197, 33295, 397, 3, 42, 6659, 343, 448, 5, 13336, 9289, 19528, 0, 0, 25, 4724, 4897, 8489, 42, 0, 0, 18, 20, 168, 3, 34417, 25992, 29313, 2, 0, 0, 317
623,3,18, 1060173,crash/hangs,-,-,-,-,-,-,-,-,-,-,-,-,-,-,-,-,-,-,-,-,-,-,-,-,-,-,-,-,-,-,-,-,-,-,-,-,-,-,-,-,-,-
624,8,7, 1050010,benign, 446, 23, 8581, 0, 5865, 2704, 2, 464, 699, 0, 194, 33347, 397, 3, 43, 6697, 326, 451, 5, 13302, 9274, 19482, 0, 0, 25, 4758, 4965, 8488, 42, 0, 0, 18, 20, 166, 3, 33934, 25596, 29013, 2, 0, 0, 317
625,6,9, 1052120,benign, 569, 147, 8561, 4, 5825, 2688, 1, 464, 699, 0, 195, 33151, 397, 3, 41, 7321, 304, 444, 5, 13449, 9451, 19471, 0, 0, 25, 4722, 4873, 8483, 42, 0, 0, 18, 20, 167, 4, 34033, 25585, 28852, 2, 0, 0, 319
626,5,19, 1051159,benign, 575, 147, 8569, 0, 5830, 2691, 1, 464, 699, 0, 198, 33541, 397, 3, 42, 6702, 299, 446, 5, 13591, 9613, 19500, 0, 0, 25, 4778, 4826, 8475, 42, 0, 0, 18, 20, 157, 3, 33875, 25399, 28685, 2, 0, 0, 444
627,6,29, 1056485,benign, 729, 146, 8577, 0, 5829, 2693, 1, 464, 699, 0, 196, 33691, 397, 3, 43, 7323, 326, 442, 5, 13544, 9540, 19498, 0, 0, 25, 4724, 4875, 8482, 42, 0, 0, 18, 20, 160, 4, 34875, 25613, 28900, 2, 0, 0, 384
628,6,4, 1054846,benign, 674, 148, 8570, 0, 5833, 2687, 1, 464, 699, 0, 195, 33601, 397, 3, 44, 7261, 382, 442, 5, 13556, 9591, 19505, 0, 0, 25, 4726, 4887, 8482, 42, 0, 0, 18, 20, 158, 4, 34347, 25807, 29083, 2, 0, 0, 323
629,0,15, 1056238,benign, 713, 147, 8571, 0, 5826, 2694, 3, 464, 699, 0, 197, 33823, 397, 3, 41, 7141, 298, 630, 5, 13821, 9874, 19512, 0, 0, 25, 4724, 4886, 8488, 42, 0, 0, 18, 20, 167, 3, 34885, 26207, 29576, 2, 0, 0, 319
630,3,14, 1051739,benign, 582, 148, 8564, 0, 5828, 2695, 2, 464, 699, 0, 199, 33884, 397, 3, 41, 6938, 300, 445, 5, 13390, 9384, 19493, 0, 0, 25, 4716, 4881, 8480, 42, 0, 0, 18, 20, 169, 3, 34309, 25951, 29237, 2, 0, 0, 379
631,2,20, 1052019,SDC, 587, 148, 8554, 0, 5821, 2691, 3, 464, 694, 0, 198, 33462, 392, 3, 41, 6746, 329, 699, 5, 13964, 9779, 19495, 0, 0, 25, 4744, 4898, 8477, 42, 0, 0, 18, 20, 160, 3, 34320, 25652, 28945, 2, 0, 0, 317
632,0,24, 1055847,benign, 708, 148, 8569, 0, 5824, 2693, 3, 464, 699, 0, 201, 33639, 397, 3, 42, 7087, 303, 443, 5, 13528, 9519, 19496, 0, 0, 25, 4777, 4827, 8486, 42, 0, 0, 19, 23, 160, 4, 34307, 25989, 29243, 2, 0, 0, 379
633,9,26, 1051147,benign, 562, 148, 8557, 0, 5829, 2694, 1, 464, 699, 0, 194, 33710, 397, 3, 42, 7089, 257, 450, 5, 13298, 9284, 19489, 0, 0, 25, 4704, 4893, 8490, 42, 0, 0, 18, 20, 158, 3, 33693, 25363, 28639, 2, 0, 0, 319
634,3,0, 1058456,SDC, 765, 148, 8566, 5, 5822, 2690, 2, 464, 694, 0, 196, 33962, 392, 3, 42, 7591, 313, 451, 5, 13927, 9949, 19471, 0, 0, 25, 4710, 4889, 8481, 42, 0, 0, 18, 20, 158, 3, 34762, 25607, 28909, 2, 0, 0, 317
635,2,18, 1056920,SDC, 720, 148, 8563, 4, 5820, 2695, 1, 464, 694, 0, 198, 33646, 392, 3, 41, 7217, 321, 445, 5, 13336, 9377, 19462, 0, 0, 25, 4791, 4800, 8483, 42, 0, 0, 18, 20, 159, 3, 34468, 25610, 28886, 2, 0, 0, 319
636,0,19, 1054966,benign, 701, 149, 8570, 0, 5829, 2692, 1, 464, 699, 0, 197, 33370, 397, 3, 41, 7023, 312, 445, 5, 13619, 9647, 19498, 0, 0, 25, 4764, 4833, 8488, 42, 0, 0, 18, 20, 158, 4, 34087, 25597, 29163, 2, 0, 0, 619
637,3,24, 1053212,SDC, 602, 146, 8561, 4, 5822, 2697, 1, 464, 694, 0, 200, 33554, 392, 3, 45, 6645, 308, 516, 5, 13146, 9192, 19483, 0, 0, 25, 4711, 4883, 8485, 42, 0, 0, 18, 20, 166, 4, 34273, 25787, 29046, 2, 0, 0, 316
638,10,26, 1054368,benign, 638, 148, 8568, 4, 5827, 2695, 5, 464, 699, 0, 199, 33358, 397, 3, 41, 7191, 312, 505, 5, 13755, 9783, 19483, 0, 0, 25, 4769, 4957, 8485, 42, 0, 0, 18, 20, 158, 4, 33822, 25031, 28311, 2, 0, 0, 385
639,4,17, 1053654,benign, 651, 147, 8561, 0, 5826, 2694, 1, 464, 699, 0, 201, 33793, 397, 3, 40, 6896, 322, 440, 5, 13420, 9389, 19512, 0, 0, 25, 4763, 4960, 8481, 42, 0, 0, 18, 20, 152, 2, 33929, 25874, 29146, 1, 0, 0, 443
640,6,8, 1055176,benign, 664, 149, 8560, 4, 5826, 2693, 1, 464, 699, 0, 195, 33681, 397, 3, 41, 7244, 307, 443, 5, 13537, 9559, 19576, 0, 0, 25, 4783, 4975, 8487, 42, 0, 0, 18, 20, 158, 2, 33928, 25338, 28617, 2, 0, 0, 378
641,2,27, 1051943,benign, 600, 146, 8564, 0, 5827, 2684, 1, 464, 700, 0, 196, 33637, 397, 3, 41, 6764, 289, 501, 5, 13292, 9289, 19492, 0, 0, 25, 4778, 4825, 8485, 42, 0, 0, 18, 20, 202, 2, 34161, 25567, 28847, 2, 0, 0, 316
642,8,8, 1059598,benign, 527, 147, 8553, 0, 5827, 2691, 1, 464, 699, 0, 192, 33637, 397, 3, 41, 6379, 536, 451, 5, 13359, 9328, 19513, 0, 0, 25, 4439, 5160, 8477, 36, 0, 0, 18, 20, 153, 2, 33812, 25351, 28668, 2, 0, 0, 319
643,10,22, 1054530,benign, 667, 147, 8570, 0, 5824, 2688, 1, 464, 699, 0, 204, 33584, 397, 3, 41, 6944, 295, 445, 5, 13492, 9559, 19536, 0, 0, 25, 4783, 4954, 8478, 42, 0, 0, 18, 20, 158, 3, 34224, 25354, 28618, 1, 0, 0, 333
644,7,20, 1059261,benign, 818, 149, 8567, 0, 5826, 2695, 1, 464, 699, 0, 199, 33938, 397, 3, 42, 7406, 330, 451, 5, 13916, 10030, 19554, 0, 0, 25, 4711, 4895, 8479, 42, 0, 0, 18, 20, 159, 3, 34555, 26292, 29638, 2, 0, 0, 323
645,3,3, 1055511,benign, 691, 150, 8571, 0, 5825, 2694, 1, 464, 699, 0, 198, 34198, 397, 3, 43, 7235, 307, 502, 5, 13352, 9472, 19517, 0, 0, 25, 4779, 4957, 8478, 40, 0, 0, 18, 20, 158, 4, 34229, 25507, 28791, 2, 0, 0, 316
646,3,29, 1051788,benign, 556, 148, 8565, 4, 5820, 2684, 1, 464, 699, 0, 195, 32972, 397, 3, 42, 7326, 325, 505, 5, 12967, 8964, 19465, 0, 0, 25, 4778, 4817, 8482, 42, 0, 0, 18, 20, 158, 3, 34168, 25340, 28634, 2, 0, 0, 317
647,8,4, 1050148,benign, 508, 147, 8546, 4, 5824, 2690, 1, 464, 699, 0, 195, 33494, 397, 3, 43, 6647, 300, 443, 5, 13296, 9113, 19489, 0, 0, 25, 4715, 4909, 8489, 42, 0, 0, 18, 20, 171, 2, 33860, 25193, 28489, 2, 0, 0, 377
648,7,20, 1055097,benign, 696, 148, 8572, 0, 5826, 2688, 1, 464, 700, 0, 199, 33786, 397, 3, 41, 7160, 304, 447, 5, 13309, 9327, 19502, 0, 0, 25, 4708, 4895, 8483, 42, 0, 0, 18, 20, 158, 3, 34212, 26138, 29572, 2, 0, 0, 319
649,6,4, 1059468,benign, 790, 147, 8581, 4, 5826, 2691, 1, 464, 699, 0, 196, 33857, 397, 3, 41, 7714, 311, 445, 5, 13799, 9894, 19479, 0, 0, 25, 5047, 4716, 8481, 40, 0, 0, 18, 20, 160, 3, 34615, 25616, 28943, 2, 0, 0, 320
650,9,24, 1051068,benign, 535, 146, 8566, 4, 5832, 2687, 1, 464, 699, 0, 199, 33742, 397, 3, 41, 6902, 319, 628, 5, 13141, 9157, 19459, 0, 0, 25, 4731, 4876, 8477, 42, 0, 0, 18, 20, 159, 3, 33828, 25114, 28563, 2, 0, 0, 316
651,2,7, 1052695,benign, 624, 146, 8568, 0, 5828, 2694, 1, 464, 699, 0, 194, 33529, 397, 3, 44, 7163, 292, 545, 5, 13263, 9233, 19494, 0, 0, 25, 4801, 4961, 8491, 42, 0, 0, 18, 20, 157, 3, 34342, 25445, 28703, 2, 0, 0, 377
652,9,19, 1058710,benign, 796, 149, 8578, 0, 5822, 2691, 1, 464, 699, 0, 197, 33990, 397, 3, 41, 7290, 318, 442, 5, 13619, 9697, 19491, 0, 0, 25, 4713, 4890, 8479, 42, 0, 0, 19, 23, 374, 3, 34773, 25772, 29069, 2, 0, 0, 384
653,6,18, 1057679,benign, 770, 149, 8570, 0, 5818, 2681, 1, 464, 699, 0, 195, 34029, 397, 3, 41, 7214, 329, 443, 5, 13636, 9658, 19514, 0, 0, 25, 4746, 4898, 8488, 42, 0, 0, 19, 23, 162, 3, 34539, 25882, 29165, 2, 0, 0, 317
654,5,5, 1053361,benign, 629, 146, 8568, 0, 5832, 2696, 2, 464, 699, 0, 196, 33916, 397, 3, 41, 7046, 397, 509, 5, 13413, 9449, 19514, 0, 0, 25, 4847, 5002, 8481, 42, 0, 0, 18, 20, 158, 2, 34539, 25691, 28964, 2, 0, 0, 319
655,3,4, 1053389,benign, 628, 149, 8566, 0, 5825, 2688, 2, 464, 699, 0, 196, 33988, 397, 3, 43, 7044, 287, 501, 5, 13861, 9904, 19507, 0, 0, 25, 4738, 4873, 8487, 42, 0, 0, 18, 20, 158, 4, 34443, 25506, 28934, 2, 0, 0, 430
656,9,1, 1057770,benign, 765, 148, 8572, 0, 5831, 2686, 1, 464, 699, 0, 196, 34268, 397, 3, 43, 7821, 314, 451, 5, 13583, 9618, 19487, 0, 0, 25, 4726, 4882, 8491, 42, 0, 0, 18, 20, 265, 3, 34806, 25492, 28775, 2, 0, 0, 317
657,7,23, 1052478,benign, 609, 147, 8569, 0, 5826, 2693, 1, 464, 699, 0, 198, 33589, 397, 3, 41, 6770, 288, 445, 5, 13516, 9529, 19515, 0, 0, 25, 4797, 4933, 8486, 42, 0, 0, 18, 20, 157, 4, 34223, 25506, 28869, 2, 0, 0, 317
658,4,2, 1058430,benign, 786, 149, 8570, 2, 5826, 2692, 1, 464, 699, 0, 194, 33724, 397, 3, 41, 7529, 300, 645, 5, 14087, 10154, 19564, 0, 0, 25, 4941, 4707, 8481, 42, 0, 0, 18, 20, 247, 4, 35026, 25777, 29289, 1, 0, 0, 319
659,7,24, 1051108,benign, 538, 148, 8561, 4, 5828, 2694, 3, 464, 699, 0, 196, 33386, 397, 3, 41, 6773, 299, 504, 5, 13216, 9253, 19482, 0, 0, 25, 4929, 5089, 8486, 42, 0, 0, 18, 20, 158, 4, 33766, 24993, 28432, 2, 0, 0, 317
660,2,1, 1056234,benign, 735, 149, 8568, 0, 5825, 2690, 1, 464, 700, 0, 204, 34190, 397, 3, 43, 7540, 313, 578, 5, 13407, 9519, 19494, 0, 0, 25, 4770, 4833, 8471, 42, 0, 0, 18, 20, 166, 3, 34648, 25863, 29156, 2, 0, 0, 319
661,4,3, 1054703,benign, 667, 149, 8561, 1, 5826, 2690, 2, 464, 699, 0, 196, 33694, 397, 3, 43, 6845, 326, 531, 6, 13772, 9762, 19513, 0, 0, 25, 4718, 4883, 8483, 40, 0, 0, 18, 20, 159, 4, 34558, 25543, 28793, 2, 0, 0, 323
662,0,5, 1054030,benign, 655, 147, 8572, 0, 5829, 2692, 1, 464, 699, 0, 198, 33615, 397, 3, 42, 7261, 285, 441, 5, 13922, 9790, 19501, 0, 0, 25, 4724, 4920, 8487, 41, 0, 0, 18, 20, 158, 4, 34291, 25428, 28718, 2, 0, 0, 317
663,5,14, 1057055,benign, 755, 148, 8569, 0, 5819, 2682, 2, 464, 699, 0, 193, 34138, 397, 3, 42, 7277, 337, 445, 5, 13783, 9556, 19505, 0, 0, 25, 4730, 4881, 8481, 42, 0, 0, 20, 18, 158, 4, 34752, 25726, 28983, 2, 0, 0, 376
664,3,31, 1056006,benign, 712, 147, 8569, 0, 5821, 2686, 0, 464, 699, 0, 199, 33351, 397, 3, 42, 7525, 303, 631, 5, 13838, 9827, 19494, 0, 0, 25, 4726, 4873, 8477, 42, 0, 0, 18, 20, 159, 3, 34051, 25696, 28948, 2, 0, 0, 317
665,10,29, 1052018,benign, 588, 147, 8570, 0, 5827, 2691, 1, 464, 699, 0, 196, 33266, 397, 3, 41, 6866, 324, 443, 6, 13454, 9461, 19545, 0, 0, 25, 4723, 4884, 8492, 42, 0, 0, 18, 20, 160, 3, 34565, 25727, 28951, 2, 0, 0, 377
666,0,15, 1057920,benign, 750, 148, 8585, 4, 5828, 2694, 2, 464, 699, 0, 198, 33619, 397, 3, 41, 7437, 280, 507, 5, 13538, 9549, 19481, 0, 0, 25, 4777, 4822, 8488, 42, 0, 0, 18, 20, 158, 2, 33992, 25604, 29002, 2, 0, 0, 319
667,6,21, 1055538,benign, 713, 147, 8572, 0, 5825, 2688, 1, 464, 699, 0, 196, 33811, 397, 3, 43, 6841, 305, 504, 5, 13352, 9335, 19499, 0, 0, 25, 5028, 4707, 8486, 42, 0, 0, 18, 20, 160, 3, 34559, 26025, 29364, 2, 0, 0, 384
668,9,5, 1056275,benign, 724, 147, 8576, 0, 5827, 2693, 1, 464, 699, 0, 203, 33691, 397, 3, 45, 7106, 306, 504, 5, 13992, 9827, 19508, 0, 0, 25, 4738, 4865, 8483, 42, 0, 0, 18, 20, 160, 3, 34482, 25489, 28771, 2, 0, 0, 317
669,1,12, 1057626,benign, 764, 148, 8582, 0, 5826, 2690, 2, 464, 699, 0, 198, 34006, 397, 3, 41, 7399, 314, 445, 5, 13819, 9843, 19509, 0, 0, 25, 4834, 5019, 8485, 42, 0, 0, 18, 20, 158, 4, 34851, 26212, 29708, 2, 0, 0, 447
670,6,1, 1058341,benign, 787, 146, 8577, 0, 5825, 2688, 2, 464, 699, 0, 194, 34232, 397, 3, 41, 7225, 288, 571, 5, 14205, 10056, 19542, 0, 0, 25, 4729, 4877, 8477, 42, 0, 0, 18, 20, 166, 4, 34987, 25822, 29146, 2, 0, 0, 319
671,2,22, 1050854,SDC, 549, 146, 8561, 0, 5821, 2691, 2, 464, 694, 0, 194, 33541, 392, 3, 41, 6599, 391, 775, 5, 13167, 9177, 19487, 0, 0, 25, 4715, 4885, 8484, 42, 0, 0, 18, 20, 166, 3, 34382, 25454, 28733, 2, 0, 0, 320
672,7,15, 1058362,benign, 796, 147, 8577, 0, 5825, 2691, 1, 464, 699, 0, 199, 34106, 397, 3, 42, 7753, 351, 504, 5, 13980, 9967, 19495, 0, 0, 25, 4722, 4921, 8482, 42, 0, 0, 18, 20, 158, 4, 34714, 26002, 29298, 2, 0, 0, 319
673,5,14, 1058418,benign, 785, 149, 8578, 0, 5832, 2689, 4, 464, 699, 0, 199, 34143, 397, 3, 41, 7372, 333, 444, 5, 13720, 9816, 19502, 0, 0, 25, 5031, 4705, 8483, 42, 0, 0, 18, 20, 160, 3, 34616, 26032, 29311, 2, 0, 0, 317
674,4,27, 1056112,benign, 692, 146, 8575, 3, 5824, 2688, 1, 464, 699, 0, 198, 33523, 397, 3, 41, 7216, 328, 445, 5, 13561, 9586, 19492, 0, 0, 25, 4903, 4928, 8480, 42, 0, 0, 18, 20, 157, 2, 34305, 25526, 28838, 2, 0, 0, 322
675,4,24, 1059864,benign, 794, 148, 8574, 4, 5829, 2695, 2, 464, 699, 0, 201, 34162, 397, 3, 42, 7502, 247, 446, 5, 13726, 9630, 19487, 0, 0, 25, 4725, 4879, 8491, 42, 0, 0, 18, 20, 158, 4, 34540, 25649, 29079, 2, 0, 0, 319
676,10,24, 1050224,benign, 508, 146, 8560, 4, 5826, 2691, 2, 464, 699, 0, 203, 33234, 397, 3, 41, 6653, 322, 453, 5, 13432, 9446, 19488, 0, 0, 25, 4762, 4960, 8480, 42, 0, 0, 18, 20, 158, 3, 33663, 25059, 28489, 2, 0, 0, 331
677,6,15, 1058531,benign, 813, 148, 8568, 0, 5823, 2693, 2, 464, 699, 0, 208, 34361, 397, 3, 41, 7212, 500, 510, 5, 14311, 10328, 19551, 0, 0, 25, 4730, 4875, 8481, 42, 0, 0, 18, 20, 194, 2, 34701, 26410, 29696, 2, 0, 0, 379
678,5,30, 1051924,benign, 560, 148, 8563, 4, 5827, 2689, 1, 464, 700, 0, 201, 33344, 397, 3, 41, 7130, 300, 445, 5, 13344, 9415, 19467, 0, 0, 25, 4826, 4889, 8488, 42, 0, 0, 18, 20, 160, 3, 34188, 25152, 28423, 2, 0, 0, 447
679,6,18, 1060046,benign, 822, 147, 8582, 0, 5822, 2696, 2, 464, 699, 0, 196, 34605, 397, 3, 44, 7576, 335, 450, 5, 13813, 9746, 19497, 0, 0, 25, 4530, 5081, 8484, 42, 0, 0, 18, 20, 164, 3, 35064, 26461, 29757, 2, 0, 0, 385
680,3,28, 1057850,SDC, 773, 147, 8571, 0, 5823, 2697, 5, 464, 694, 0, 198, 33902, 392, 3, 41, 7668, 281, 447, 5, 14556, 10376, 19542, 0, 0, 25, 4777, 4942, 8478, 42, 0, 0, 18, 20, 282, 3, 34809, 25755, 29223, 2, 0, 0, 444
681,6,25, 1059827,benign, 824, 146, 8571, 0, 5822, 2685, 1, 464, 699, 0, 197, 33788, 397, 3, 42, 7548, 303, 444, 5, 14008, 10073, 19545, 0, 0, 25, 4780, 4942, 8481, 42, 0, 0, 18, 20, 160, 3, 34521, 26128, 29422, 2, 0, 0, 376
682,9,18, 1057844,benign, 747, 146, 8580, 4, 5828, 2690, 2, 464, 699, 0, 198, 33572, 397, 3, 43, 7356, 304, 443, 5, 14020, 10020, 19527, 0, 0, 25, 4777, 4942, 8480, 42, 0, 0, 18, 20, 158, 4, 34377, 25654, 28914, 2, 0, 0, 316
683,8,0, 1056423,benign, 741, 149, 8567, 0, 5826, 2691, 1, 464, 699, 0, 198, 34097, 397, 3, 41, 7306, 301, 445, 5, 13804, 9831, 19499, 0, 0, 25, 4819, 4943, 8480, 42, 0, 0, 19, 23, 161, 3, 34524, 25797, 29261, 2, 0, 0, 393
684,4,12, 1050707,benign, 544, 148, 8556, 0, 5822, 2689, 1, 464, 699, 0, 193, 33359, 397, 3, 41, 6667, 283, 438, 5, 13028, 9044, 19508, 0, 0, 25, 4764, 4969, 8486, 42, 0, 0, 18, 20, 155, 2, 33895, 25442, 28732, 1, 0, 0, 317
685,0,2, 1058625,benign, 802, 151, 8585, 1, 5830, 2696, 1, 464, 699, 0, 198, 34044, 397, 3, 43, 7265, 303, 443, 5, 14001, 10079, 19558, 0, 0, 25, 4976, 4767, 8486, 42, 0, 0, 18, 20, 160, 3, 34827, 25950, 29329, 2, 0, 0, 317
686,3,16, 1050968,SDC, 531, 147, 8559, 4, 5821, 2697, 2, 464, 694, 0, 196, 33079, 392, 3, 41, 6764, 346, 442, 5, 12904, 8959, 19490, 0, 0, 25, 4758, 4952, 8485, 42, 0, 0, 18, 20, 158, 3, 33641, 25223, 28492, 2, 0, 0, 319
687,3,12, 1058070,SDC, 786, 148, 8572, 0, 5824, 2688, 0, 464, 694, 0, 198, 33948, 392, 3, 42, 7476, 277, 454, 6, 13960, 9935, 19503, 0, 0, 25, 4767, 4828, 8488, 42, 0, 0, 18, 20, 159, 3, 34571, 25811, 29098, 2, 0, 0, 377
688,1,30, 1057331,benign, 757, 149, 8577, 0, 5828, 2695, 2, 464, 699, 0, 195, 33990, 397, 3, 41, 7316, 333, 505, 5, 13623, 9613, 19509, 0, 0, 25, 4739, 4881, 8486, 42, 0, 0, 18, 20, 158, 4, 34724, 25676, 29029, 2, 0, 0, 317
689,1,9, 1056706,benign, 740, 146, 8572, 0, 5833, 2688, 2, 464, 699, 0, 195, 34208, 397, 3, 42, 7578, 294, 448, 5, 13609, 9633, 19507, 0, 0, 25, 4734, 4877, 8483, 42, 0, 0, 18, 20, 158, 3, 34353, 26124, 29437, 2, 0, 0, 317
690,0,24, 1052376,benign, 578, 148, 8562, 4, 5819, 2690, 2, 464, 699, 0, 199, 33452, 397, 3, 44, 6719, 516, 441, 5, 13233, 9045, 19464, 0, 0, 25, 4791, 4942, 8480, 41, 0, 0, 18, 20, 157, 4, 34180, 25266, 28535, 2, 0, 0, 446
691,9,30, 1054257,benign, 670, 146, 8569, 0, 5825, 2690, 1, 464, 699, 0, 197, 33497, 397, 3, 45, 7001, 295, 490, 5, 13387, 9422, 19496, 0, 0, 25, 4789, 4853, 8484, 42, 0, 0, 18, 20, 159, 3, 34133, 25863, 29204, 2, 0, 0, 378
692,10,24, 1051413,benign, 578, 149, 8563, 0, 5826, 2689, 1, 464, 700, 0, 198, 33521, 397, 3, 41, 7319, 335, 573, 5, 13317, 9121, 19510, 0, 0, 25, 4982, 4662, 8484, 42, 0, 0, 18, 20, 157, 3, 34043, 25326, 28607, 2, 0, 0, 316
693,8,25, 1050965,benign, 550, 146, 8560, 0, 5828, 2691, 2, 464, 699, 0, 199, 33970, 397, 3, 41, 6564, 299, 650, 5, 13223, 9272, 19523, 0, 0, 25, 4772, 4960, 8489, 42, 0, 0, 19, 23, 384, 4, 34409, 25741, 29017, 2, 0, 0, 316
694,6,24, 1054705,benign, 669, 146, 8559, 0, 5826, 2694, 1, 464, 699, 0, 195, 34050, 397, 3, 42, 6800, 370, 590, 5, 13535, 9534, 19507, 0, 0, 25, 4773, 4952, 8481, 42, 0, 0, 18, 20, 158, 4, 34352, 25655, 29077, 2, 0, 0, 384
695,1,0, 1053050,benign, 615, 150, 8568, 0, 5825, 2690, 1, 464, 699, 0, 195, 33821, 397, 3, 41, 6690, 356, 937, 5, 13352, 9362, 19492, 0, 0, 25, 4713, 4887, 8472, 42, 0, 0, 18, 20, 158, 3, 34122, 25160, 28442, 2, 0, 0, 320
696,0,17, 1056817,benign, 736, 148, 8568, 0, 5830, 2697, 2, 464, 699, 0, 193, 34044, 397, 3, 41, 7432, 295, 444, 5, 13906, 9850, 19502, 0, 0, 25, 4805, 4834, 8479, 42, 0, 0, 19, 22, 159, 3, 34843, 25983, 29273, 2, 0, 0, 447
697,1,23, 1053008,benign, 593, 148, 8570, 4, 5825, 2682, 1, 464, 699, 0, 196, 33211, 397, 3, 43, 6904, 309, 441, 5, 13586, 9546, 19465, 0, 0, 25, 4710, 4892, 8480, 42, 0, 0, 18, 20, 167, 3, 33909, 25622, 28949, 2, 0, 0, 317
698,6,28, 1052704,benign, 586, 146, 8560, 4, 5826, 2689, 2, 464, 699, 0, 194, 33733, 397, 3, 41, 7257, 292, 443, 5, 13652, 9668, 19472, 0, 0, 25, 4774, 4967, 8489, 42, 0, 0, 18, 20, 276, 3, 34134, 25479, 28818, 2, 0, 0, 376
699,6,7, 1058730,benign, 809, 148, 8576, 0, 5826, 2691, 2, 464, 699, 0, 198, 34274, 397, 3, 44, 7656, 302, 444, 5, 14070, 10102, 19557, 0, 0, 25, 4776, 4941, 8480, 42, 0, 0, 18, 20, 158, 4, 34688, 26063, 29353, 2, 0, 0, 379
700,2,19, 1055659,SDC, 696, 149, 8563, 0, 5821, 2691, 2, 464, 694, 0, 201, 34164, 392, 3, 41, 7249, 298, 525, 5, 13665, 9708, 19481, 0, 0, 25, 4727, 4867, 8480, 42, 0, 0, 19, 23, 160, 4, 34685, 25795, 29222, 2, 0, 0, 319
701,10,17, 1052915,benign, 610, 146, 8576, 0, 5831, 2695, 2, 464, 699, 0, 194, 33889, 397, 3, 45, 6738, 332, 505, 5, 13730, 9749, 19501, 0, 0, 25, 4742, 4896, 8485, 42, 0, 0, 18, 20, 158, 4, 34302, 25897, 29270, 2, 0, 0, 328
702,10,17, 1056874,benign, 740, 146, 8576, 0, 5826, 2694, 5, 464, 699, 0, 198, 33832, 397, 3, 41, 7248, 329, 726, 6, 14107, 10088, 19537, 0, 0, 25, 4800, 4844, 8486, 42, 0, 0, 18, 20, 158, 3, 34537, 25578, 28850, 2, 0, 0, 317
703,7,25, 1060323,benign, 512, 146, 8546, 0, 5817, 2689, 1, 464, 699, 0, 187, 33167, 397, 3, 42, 6715, 282, 443, 5, 13099, 9067, 19524, 0, 0, 25, 4495, 5232, 8482, 42, 0, 0, 18, 20, 166, 3, 34119, 25208, 28520, 2, 0, 0, 376
704,9,28, 1055336,benign, 668, 147, 8570, 4, 5829, 2695, 1, 464, 699, 0, 194, 33316, 397, 3, 44, 7391, 288, 500, 5, 13387, 9426, 19486, 0, 0, 25, 4714, 4893, 8476, 42, 0, 0, 18, 20, 158, 3, 34037, 25330, 28593, 2, 0, 0, 321
705,2,29, 1058756,SDC, 776, 146, 8566, 4, 5817, 2688, 2, 464, 694, 0, 195, 33907, 392, 3, 43, 7722, 341, 675, 5, 14135, 10140, 19479, 0, 0, 25, 4791, 4936, 8486, 42, 0, 0, 18, 20, 157, 3, 34291, 26113, 29471, 2, 0, 0, 316
706,6,0, 1056646,benign, 747, 147, 8585, 0, 5831, 2694, 3, 464, 700, 0, 199, 34035, 397, 3, 41, 7291, 323, 443, 5, 13399, 9430, 19501, 0, 0, 25, 4859, 4999, 8483, 42, 0, 0, 18, 20, 168, 3, 34464, 25692, 28957, 2, 0, 0, 317
707,5,10, 1055308,benign, 669, 147, 8567, 4, 5827, 2690, 1, 464, 699, 0, 202, 33570, 397, 3, 42, 7110, 325, 719, 5, 13430, 9470, 19470, 0, 0, 25, 4712, 4898, 8485, 42, 0, 0, 18, 20, 159, 3, 33805, 25542, 28987, 2, 0, 0, 320
708,7,25, 1052294,benign, 608, 148, 8557, 0, 5825, 2687, 1, 464, 699, 0, 199, 34087, 397, 3, 41, 6928, 528, 466, 5, 13352, 9321, 19494, 0, 0, 25, 4721, 4885, 8489, 42, 0, 0, 18, 20, 157, 3, 33807, 25813, 29106, 2, 0, 0, 319
709,10,24, 1056429,benign, 728, 147, 8562, 0, 5824, 2688, 2, 464, 699, 0, 200, 34169, 397, 3, 42, 7300, 318, 502, 5, 13604, 9615, 19514, 0, 0, 25, 4789, 4822, 8487, 42, 0, 0, 18, 20, 158, 2, 34570, 25837, 29160, 2, 0, 0, 379
710,6,26, 1053931,benign, 654, 147, 8568, 0, 5827, 2691, 1, 464, 699, 0, 197, 33561, 397, 3, 44, 7095, 303, 443, 5, 13739, 9805, 19493, 0, 0, 25, 4780, 4962, 8485, 42, 0, 0, 18, 20, 158, 4, 34072, 25525, 28854, 2, 0, 0, 379
711,10,5, 1057929,benign, 778, 146, 8582, 0, 5828, 2694, 1, 464, 699, 0, 195, 34087, 397, 3, 42, 7388, 312, 504, 5, 14440, 10324, 19547, 0, 0, 25, 4731, 4873, 8481, 42, 0, 0, 18, 20, 158, 4, 34208, 26014, 29297, 2, 0, 0, 319
712,5,30, 1054069,benign, 643, 147, 8562, 0, 5826, 2689, 2, 464, 699, 0, 196, 33833, 397, 3, 42, 7264, 460, 444, 5, 13423, 9408, 19521, 0, 0, 25, 4729, 4880, 8491, 42, 0, 0, 18, 20, 160, 3, 34426, 25722, 29233, 2, 0, 0, 319
713,4,26, 1054910,benign, 677, 146, 8573, 0, 5824, 2688, 1, 464, 699, 0, 194, 33821, 397, 3, 41, 7184, 274, 438, 5, 13711, 9799, 19515, 0, 0, 25, 4716, 4887, 8487, 42, 0, 0, 18, 20, 153, 2, 34584, 25591, 28885, 1, 0, 0, 316
714,8,15, 1054222,benign, 661, 147, 8583, 0, 5830, 2688, 2, 464, 699, 0, 202, 33812, 397, 3, 41, 7283, 312, 446, 5, 13541, 9552, 19515, 0, 0, 25, 4764, 4957, 8480, 42, 0, 0, 18, 20, 158, 3, 34502, 25256, 28499, 2, 0, 0, 384
715,7,18, 1053162,benign, 619, 149, 8568, 0, 5825, 2688, 1, 464, 699, 0, 198, 33710, 397, 3, 43, 6901, 276, 527, 5, 13179, 9212, 19503, 0, 0, 25, 4900, 4701, 8472, 41, 0, 0, 18, 20, 166, 4, 34470, 25381, 28653, 2, 0, 0, 384
716,0,0, 1059158,benign, 813, 148, 8577, 0, 5826, 2694, 2, 464, 699, 0, 195, 34013, 397, 3, 43, 7836, 285, 443, 5, 13659, 9709, 19491, 0, 0, 25, 4768, 4839, 8474, 42, 0, 0, 18, 20, 158, 3, 34541, 26086, 29603, 2, 0, 0, 319
717,3,5, 1051855,SDC, 589, 148, 8550, 0, 5821, 2692, 2, 464, 694, 0, 196, 33441, 392, 3, 43, 7305, 293, 442, 5, 13740, 9736, 19522, 0, 0, 25, 4780, 4932, 8481, 42, 0, 0, 18, 20, 159, 3, 34557, 25529, 28997, 2, 0, 0, 377
718,10,6, 1057397,benign, 763, 148, 8579, 0, 5827, 2691, 1, 464, 699, 0, 195, 33713, 397, 3, 43, 7448, 278, 504, 5, 14061, 10081, 19548, 0, 0, 25, 4796, 4813, 8484, 42, 0, 0, 18, 20, 354, 3, 34701, 25691, 28994, 2, 0, 0, 659
719,10,8, 1060193,benign, 524, 147, 8547, 0, 5821, 2694, 2, 464, 699, 0, 196, 33582, 397, 3, 42, 6457, 320, 444, 5, 13052, 8994, 19514, 0, 0, 25, 4573, 5157, 8475, 36, 0, 0, 18, 20, 166, 4, 33861, 25170, 28598, 1, 0, 0, 317
720,10,20, 1052714,benign, 623, 148, 8569, 0, 5827, 2693, 2, 464, 699, 0, 195, 33780, 397, 3, 42, 6663, 303, 569, 5, 13991, 9843, 19524, 0, 0, 25, 4847, 4872, 8478, 42, 0, 0, 18, 20, 166, 4, 34186, 25262, 28663, 2, 0, 0, 377
721,10,0, 1053048,benign, 597, 147, 8573, 4, 5829, 2694, 2, 464, 699, 0, 196, 33252, 397, 3, 41, 6777, 274, 443, 5, 13601, 9645, 19470, 0, 0, 25, 4720, 4877, 8479, 42, 0, 0, 18, 20, 168, 3, 34027, 25690, 28968, 2, 0, 0, 319
722,5,27, 1057006,benign, 757, 149, 8578, 0, 5825, 2689, 1, 464, 699, 0, 196, 34103, 397, 3, 41, 7784, 286, 444, 5, 13655, 9698, 19490, 0, 0, 25, 4800, 4943, 8480, 41, 0, 0, 18, 20, 157, 3, 34700, 25670, 29060, 2, 0, 0, 320
723,4,6, 1058927,benign, 806, 147, 8573, 1, 5825, 2693, 1, 464, 699, 0, 210, 34076, 397, 3, 41, 7951, 304, 445, 5, 14164, 10106, 19563, 0, 0, 25, 4803, 4962, 8488, 42, 0, 0, 18, 20, 159, 3, 35031, 25682, 28943, 2, 0, 0, 385
724,1,22, 1059531,benign, 521, 146, 8560, 0, 5826, 2692, 1, 464, 699, 0, 194, 33199, 397, 3, 41, 6500, 325, 512, 5, 13324, 9295, 19509, 0, 0, 25, 4451, 5174, 8487, 36, 0, 0, 18, 20, 158, 3, 34114, 25138, 28496, 2, 0, 0, 378
725,4,14, 1050345,benign, 539, 147, 8561, 0, 5829, 2695, 1, 464, 699, 0, 196, 33308, 397, 3, 42, 6654, 315, 438, 5, 12909, 8925, 19494, 0, 0, 25, 4711, 4931, 8490, 42, 0, 0, 18, 20, 153, 2, 34101, 25238, 28536, 1, 0, 0, 377
726,8,4, 1053986,benign, 658, 149, 8562, 0, 5821, 2686, 2, 464, 699, 0, 203, 34108, 397, 3, 41, 7280, 292, 457, 5, 13978, 9753, 19495, 0, 0, 25, 4724, 4916, 8494, 42, 0, 0, 19, 23, 160, 3, 34492, 25100, 28355, 2, 0, 0, 317
727,10,27, 1053119,benign, 624, 148, 8564, 0, 5828, 2690, 2, 464, 699, 0, 202, 33845, 397, 3, 41, 7345, 517, 441, 5, 13202, 9173, 19508, 0, 0, 25, 4728, 4878, 8490, 42, 0, 0, 18, 20, 159, 3, 34405, 25172, 28431, 2, 0, 0, 317
728,1,1, 1054863,benign, 676, 149, 8556, 0, 5827, 2687, 2, 464, 699, 0, 193, 33806, 397, 3, 41, 7232, 321, 504, 5, 13635, 9604, 19515, 0, 0, 25, 4771, 4943, 8473, 42, 0, 0, 18, 20, 157, 3, 34508, 25680, 28969, 2, 0, 0, 319
729,4,19, 1059461,benign, 826, 148, 8589, 0, 5829, 2686, 2, 464, 699, 0, 199, 34496, 397, 3, 40, 7745, 295, 438, 5, 13927, 9986, 19491, 0, 0, 25, 4746, 4899, 8477, 42, 0, 0, 18, 20, 153, 2, 34671, 25957, 29246, 1, 0, 0, 317
730,5,6, 1052885,benign, 618, 146, 8571, 0, 5827, 2695, 1, 464, 699, 0, 199, 33703, 397, 3, 41, 6855, 427, 507, 5, 13259, 9271, 19496, 0, 0, 25, 4842, 5019, 8490, 42, 0, 0, 18, 20, 158, 3, 34019, 25552, 28823, 2, 0, 0, 317
731,7,22, 1050917,benign, 552, 147, 8560, 0, 5823, 2690, 2, 464, 699, 0, 194, 34052, 397, 3, 41, 6851, 294, 445, 5, 13198, 9242, 19501, 0, 0, 25, 4963, 4771, 8487, 42, 0, 0, 19, 23, 160, 4, 34386, 25251, 28543, 2, 0, 0, 516
732,4,14, 1053837,benign, 654, 146, 8563, 0, 5830, 2696, 1, 464, 699, 0, 197, 33696, 397, 3, 41, 6762, 350, 500, 5, 13240, 9264, 19497, 0, 0, 25, 4711, 4889, 8473, 42, 0, 0, 18, 20, 153, 2, 34133, 25652, 29028, 1, 0, 0, 317
733,2,29, 1054209,benign, 662, 149, 8569, 0, 5830, 2688, 2, 464, 699, 0, 196, 33975, 397, 3, 41, 7057, 340, 511, 5, 13302, 9284, 19519, 0, 0, 25, 4854, 4903, 8490, 42, 0, 0, 18, 20, 166, 3, 34549, 25807, 29234, 2, 0, 0, 320
734,4,27, 1056946,benign, 744, 148, 8571, 0, 5824, 2690, 3, 464, 699, 0, 195, 34401, 397, 3, 42, 7755, 310, 437, 5, 13614, 9701, 19599, 0, 0, 25, 4738, 4874, 8480, 42, 0, 0, 18, 20, 162, 2, 34627, 26025, 29309, 1, 0, 0, 319
735,4,24, 1054125,benign, 664, 148, 8569, 0, 5829, 2686, 1, 464, 699, 0, 195, 33921, 397, 3, 40, 7368, 292, 441, 5, 13635, 9662, 19502, 0, 0, 25, 4733, 4868, 8481, 42, 0, 0, 19, 23, 155, 2, 34491, 25306, 28659, 1, 0, 0, 317
736,8,9, 1055016,benign, 658, 150, 8565, 4, 5826, 2686, 2, 464, 699, 0, 195, 33898, 397, 3, 41, 7014, 308, 509, 5, 13345, 9405, 19503, 0, 0, 25, 4774, 4835, 8483, 42, 0, 0, 18, 20, 159, 3, 33781, 25556, 28844, 2, 0, 0, 319
737,5,21, 1056325,benign, 735, 147, 8571, 0, 5827, 2694, 2, 464, 699, 0, 194, 33924, 397, 3, 42, 7056, 297, 442, 5, 13500, 9501, 19511, 0, 0, 25, 4731, 4909, 8482, 42, 0, 0, 18, 20, 157, 4, 34736, 25638, 28937, 2, 0, 0, 323
738,9,16, 1051937,benign, 585, 149, 8551, 0, 5830, 2696, 1, 464, 699, 0, 196, 33452, 397, 3, 41, 6897, 303, 576, 5, 13369, 9393, 19493, 0, 0, 25, 4737, 4908, 8490, 42, 0, 0, 18, 20, 158, 4, 34050, 25689, 28958, 2, 0, 0, 317
739,5,11, 1055330,benign, 687, 149, 8563, 0, 5826, 2690, 2, 464, 699, 0, 199, 33691, 397, 3, 41, 6941, 314, 442, 5, 13611, 9603, 19508, 0, 0, 25, 4773, 4944, 8483, 42, 0, 0, 18, 20, 159, 3, 34676, 25761, 29053, 2, 0, 0, 317
740,8,24, 1059152,benign, 787, 148, 8576, 4, 5824, 2692, 1, 464, 699, 0, 202, 33683, 397, 3, 43, 7746, 305, 443, 5, 14256, 10074, 19531, 0, 0, 25, 4830, 5002, 8488, 42, 0, 0, 18, 20, 159, 3, 34366, 25692, 29190, 2, 0, 0, 316
741,4,11, 1054064,benign, 629, 147, 8561, 4, 5825, 2689, 1, 464, 699, 0, 201, 33306, 397, 3, 42, 7163, 269, 445, 5, 13512, 9605, 19480, 0, 0, 25, 4768, 4959, 8486, 40, 0, 0, 18, 20, 161, 3, 33951, 25631, 28912, 2, 0, 0, 320
742,7,24, 1052303,benign, 610, 148, 8561, 0, 5829, 2694, 2, 464, 699, 0, 198, 33700, 397, 3, 41, 6774, 511, 513, 5, 13377, 9359, 19510, 0, 0, 25, 4801, 4841, 8483, 42, 0, 0, 18, 20, 158, 4, 34274, 25670, 28965, 2, 0, 0, 317
743,7,1, 1052625,benign, 604, 147, 8562, 0, 5826, 2689, 1, 464, 699, 0, 201, 33721, 397, 3, 41, 6847, 321, 443, 5, 13300, 9276, 19486, 0, 0, 25, 4868, 4891, 8479, 42, 0, 0, 18, 20, 158, 3, 34124, 25350, 28679, 2, 0, 0, 322
744,9,3, 1056132,benign, 692, 146, 8579, 4, 5829, 2691, 3, 464, 700, 0, 200, 33865, 397, 3, 41, 7495, 314, 450, 5, 13631, 9494, 19492, 0, 0, 25, 4720, 4896, 8487, 42, 0, 0, 18, 20, 158, 4, 34165, 25350, 28633, 2, 0, 0, 378
745,0,23, 1057045,benign, 759, 147, 8575, 0, 5828, 2694, 1, 464, 699, 0, 198, 33861, 397, 3, 42, 7748, 313, 613, 5, 13767, 9807, 19507, 0, 0, 25, 5041, 4677, 8481, 42, 0, 0, 18, 20, 160, 3, 34809, 25923, 29412, 2, 0, 0, 376
746,3,26, 1057867,benign, 767, 146, 8571, 0, 5826, 2694, 1, 464, 699, 0, 195, 34236, 397, 3, 41, 7809, 561, 454, 5, 13880, 9848, 19505, 0, 0, 25, 4727, 4916, 8490, 42, 0, 0, 18, 20, 160, 3, 34477, 25776, 29051, 2, 0, 0, 376
747,10,1, 1051307,benign, 571, 147, 8562, 0, 5825, 2691, 1, 464, 699, 0, 199, 33262, 397, 3, 41, 6864, 339, 521, 5, 13331, 9357, 19486, 0, 0, 25, 4761, 4837, 8486, 42, 0, 0, 18, 20, 160, 3, 34086, 25276, 28576, 2, 0, 0, 379
748,8,7, 1060167,benign, 514, 149, 8549, 0, 5819, 2693, 1, 464, 699, 0, 194, 33116, 397, 3, 39, 6579, 279, 446, 5, 13096, 8944, 19503, 0, 0, 25, 4504, 5222, 8478, 36, 0, 0, 18, 20, 153, 2, 34197, 25371, 28651, 1, 0, 0, 319
749,6,17, 1050704,benign, 522, 146, 8563, 4, 5828, 2687, 2, 464, 699, 0, 198, 33519, 397, 3, 42, 6682, 489, 503, 5, 13052, 9086, 19475, 0, 0, 25, 4769, 4958, 8482, 42, 0, 0, 18, 20, 158, 4, 33678, 25103, 28374, 2, 0, 0, 605
750,9,26, 1050408,benign, 512, 147, 8558, 4, 5827, 2695, 1, 464, 699, 0, 194, 33074, 397, 3, 42, 6775, 306, 445, 5, 13145, 9192, 19478, 0, 0, 25, 4698, 4904, 8480, 42, 0, 0, 18, 20, 158, 2, 33798, 25412, 28720, 2, 0, 0, 317
751,2,27, 1059412,benign, 792, 146, 8580, 4, 5826, 2691, 1, 464, 700, 0, 197, 33692, 397, 3, 42, 7835, 302, 517, 5, 13831, 9843, 19494, 0, 0, 25, 4718, 4880, 8478, 42, 0, 0, 18, 20, 158, 2, 34553, 25546, 29067, 2, 0, 0, 385
752,4,29, 1060166,benign, 534, 149, 8550, 0, 5821, 2687, 1, 464, 699, 0, 191, 33395, 397, 3, 41, 6337, 251, 444, 5, 13032, 9060, 19496, 0, 0, 25, 4543, 5232, 8484, 36, 0, 0, 18, 20, 153, 2, 33692, 24988, 28273, 1, 0, 0, 384
753,1,2, 1050746,benign, 558, 147, 8554, 0, 5825, 2692, 1, 464, 699, 0, 199, 33232, 397, 3, 43, 7032, 292, 451, 5, 13153, 9233, 19520, 0, 0, 25, 4765, 4843, 8487, 42, 0, 0, 18, 20, 157, 3, 34107, 25382, 28713, 2, 0, 0, 317
754,7,12, 1058892,benign, 781, 149, 8570, 4, 5822, 2686, 1, 464, 699, 0, 196, 33549, 397, 3, 43, 7781, 336, 507, 5, 13794, 9738, 19484, 0, 0, 25, 4734, 4913, 8485, 42, 0, 0, 18, 20, 160, 3, 34442, 25837, 29293, 2, 0, 0, 317
755,2,13, 1056543,SDC, 742, 150, 8560, 0, 5818, 2693, 2, 464, 694, 0, 196, 33873, 392, 3, 41, 7141, 279, 441, 5, 13810, 9804, 19495, 0, 0, 25, 4748, 4893, 8486, 42, 0, 0, 18, 20, 160, 3, 34344, 25771, 29069, 2, 0, 0, 316
756,8,19, 1054920,benign, 656, 147, 8565, 4, 5825, 2691, 2, 464, 699, 0, 196, 33349, 397, 3, 43, 7437, 309, 443, 5, 13428, 9478, 19464, 0, 0, 25, 4716, 4884, 8474, 34, 0, 0, 18, 20, 159, 3, 34015, 25502, 28777, 2, 0, 0, 377
757,1,30, 1050604,benign, 524, 148, 8563, 4, 5831, 2694, 2, 464, 699, 0, 196, 33352, 397, 3, 41, 6920, 310, 441, 5, 13283, 9370, 19480, 0, 0, 25, 4706, 4903, 8485, 42, 0, 0, 18, 20, 161, 3, 34075, 25232, 28543, 2, 0, 0, 317
758,10,24, 1051750,benign, 594, 147, 8563, 0, 5831, 2688, 2, 464, 699, 0, 195, 33457, 397, 3, 41, 6703, 318, 576, 5, 13369, 9364, 19510, 0, 0, 25, 4722, 4875, 8477, 42, 0, 0, 18, 20, 160, 4, 34126, 25306, 28557, 2, 0, 0, 320
759,4,25, 1059820,benign, 496, 146, 8558, 3, 5823, 2690, 1, 464, 699, 0, 191, 33005, 397, 3, 40, 6799, 306, 446, 5, 12721, 8748, 19450, 0, 0, 25, 4446, 5147, 8473, 42, 0, 0, 18, 20, 153, 2, 33488, 25147, 28450, 2, 0, 0, 319
760,1,19, 1050164,benign, 506, 147, 8568, 4, 5830, 2694, 2, 464, 699, 0, 195, 33235, 397, 3, 42, 6588, 317, 444, 5, 13139, 9180, 19465, 0, 0, 25, 4692, 4896, 8492, 42, 0, 0, 18, 20, 158, 3, 33765, 25181, 28491, 2, 0, 0, 378
761,3,22, 1050464,SDC, 517, 147, 8555, 4, 5822, 2697, 1, 464, 694, 0, 199, 33227, 392, 3, 42, 6611, 319, 511, 5, 12865, 8893, 19452, 0, 0, 25, 4767, 4953, 8486, 42, 0, 0, 18, 20, 158, 3, 34098, 25463, 28889, 2, 0, 0, 384
762,8,2, 1056524,benign, 707, 148, 8570, 4, 5825, 2689, 1, 464, 699, 0, 204, 33527, 397, 3, 42, 7543, 283, 447, 5, 13460, 9523, 19475, 0, 0, 25, 4789, 4815, 8483, 42, 0, 0, 18, 20, 387, 4, 34754, 25503, 28781, 2, 0, 0, 320
763,7,15, 1055234,benign, 704, 148, 8570, 0, 5824, 2688, 5, 464, 699, 0, 197, 33662, 397, 3, 43, 7061, 288, 444, 5, 13798, 9803, 19501, 0, 0, 25, 4787, 4951, 8481, 42, 0, 0, 18, 20, 159, 3, 34276, 25969, 29322, 2, 0, 0, 319
764,4,2, 1057428,benign, 731, 150, 8572, 4, 5821, 2691, 1, 464, 699, 0, 196, 33667, 397, 3, 41, 7783, 543, 446, 5, 13985, 10000, 19505, 0, 0, 25, 4770, 4971, 8486, 42, 0, 0, 18, 20, 186, 3, 34390, 25695, 28959, 1, 0, 0, 317
765,6,15, 1057540,benign, 738, 149, 8572, 4, 5825, 2693, 2, 464, 699, 0, 205, 34173, 397, 3, 41, 7112, 488, 442, 5, 13440, 9450, 19478, 0, 0, 25, 4751, 4892, 8489, 42, 0, 0, 18, 20, 159, 3, 34137, 25425, 28708, 2, 0, 0, 384
766,0,27, 1050150,benign, 543, 148, 8561, 0, 5826, 2687, 2, 464, 699, 0, 195, 33760, 397, 3, 44, 6401, 288, 452, 5, 13387, 9429, 19496, 0, 0, 25, 4833, 4906, 8486, 42, 0, 0, 18, 20, 387, 4, 34554, 25410, 28678, 2, 0, 0, 378
767,6,28, 1058538,benign, 798, 148, 8570, 0, 5828, 2695, 2, 464, 699, 0, 199, 33956, 397, 3, 42, 7634, 345, 444, 5, 13778, 9821, 19507, 0, 0, 25, 4980, 5135, 8481, 42, 0, 0, 18, 20, 166, 4, 34516, 26243, 29528, 2, 0, 0, 317
768,3,3, 1053557,benign, 640, 148, 8564, 0, 5827, 2693, 1, 464, 699, 0, 200, 33602, 397, 3, 41, 7265, 322, 447, 5, 13684, 9674, 19498, 0, 0, 25, 4797, 4852, 8488, 42, 0, 0, 18, 20, 158, 3, 34224, 25302, 28591, 2, 0, 0, 383
769,5,6, 1058451,benign, 800, 149, 8574, 0, 5831, 2688, 1, 464, 699, 0, 196, 34583, 397, 3, 41, 7313, 434, 443, 5, 13886, 9942, 19508, 0, 0, 25, 4777, 4959, 8489, 42, 0, 0, 18, 20, 158, 3, 34826, 25956, 29287, 2, 0, 0, 317
770,6,9, 1056338,benign, 731, 148, 8571, 0, 5827, 2693, 2, 464, 699, 0, 201, 33967, 397, 3, 41, 6855, 304, 443, 5, 13794, 9787, 19504, 0, 0, 25, 5034, 4684, 8486, 42, 0, 0, 18, 20, 157, 4, 34211, 26165, 29653, 2, 0, 0, 320
771,8,21, 1054349,benign, 659, 148, 8558, 0, 5824, 2683, 2, 464, 699, 0, 202, 33524, 397, 3, 42, 7527, 507, 446, 5, 13924, 9845, 19522, 0, 0, 25, 4727, 4869, 8490, 42, 0, 0, 18, 20, 158, 3, 34511, 25769, 29104, 2, 0, 0, 319
772,7,14, 1052890,benign, 615, 147, 8575, 0, 5829, 2694, 2, 464, 699, 0, 194, 33405, 397, 3, 43, 7217, 319, 503, 5, 13633, 9692, 19498, 0, 0, 25, 4839, 5019, 8492, 42, 0, 0, 18, 20, 167, 3, 34571, 25702, 29215, 2, 0, 0, 319
773,9,18, 1051930,benign, 586, 149, 8551, 0, 5830, 2694, 1, 464, 699, 0, 201, 33509, 397, 3, 42, 6719, 310, 446, 5, 13800, 9628, 19511, 0, 0, 25, 4717, 4886, 8487, 42, 0, 0, 18, 20, 160, 4, 34386, 25293, 28564, 2, 0, 0, 319
774,0,10, 1059427,benign, 820, 149, 8580, 0, 5827, 2695, 1, 464, 699, 0, 202, 34171, 397, 3, 44, 7743, 344, 452, 5, 13983, 10022, 19550, 0, 0, 25, 4732, 4914, 8486, 42, 0, 0, 18, 20, 158, 4, 35076, 26311, 29625, 2, 0, 0, 326
775,1,9, 1059532,benign, 492, 149, 8558, 0, 5824, 2685, 1, 464, 699, 0, 196, 33335, 397, 3, 40, 6698, 308, 440, 5, 13356, 9327, 19459, 0, 0, 25, 4505, 5101, 8479, 36, 0, 0, 18, 20, 158, 3, 33690, 25012, 28330, 2, 0, 0, 319
776,2,5, 1054651,SDC, 686, 149, 8560, 0, 5822, 2696, 1, 464, 695, 0, 197, 34153, 392, 3, 42, 7255, 322, 445, 5, 13816, 9904, 19497, 0, 0, 25, 4775, 4939, 8482, 42, 0, 0, 18, 20, 159, 3, 33882, 25835, 29330, 2, 0, 0, 317
777,6,4, 1049878,benign, 514, 146, 8548, 0, 5820, 2691, 1, 464, 699, 0, 187, 33486, 397, 3, 40, 6496, 286, 511, 5, 13330, 9231, 19477, 0, 0, 25, 4439, 5155, 8473, 42, 0, 0, 18, 20, 161, 2, 33794, 25422, 28728, 1, 0, 0, 376
778,0,0, 1055345,benign, 695, 147, 8575, 0, 5825, 2690, 2, 464, 699, 0, 204, 33907, 397, 3, 42, 7553, 348, 519, 5, 13922, 9937, 19498, 0, 0, 25, 4732, 4880, 8489, 42, 0, 0, 18, 20, 160, 3, 34202, 25872, 29438, 2, 0, 0, 319
779,6,22, 1050147,benign, 541, 146, 8567, 0, 5830, 2696, 1, 464, 699, 0, 197, 33329, 397, 3, 41, 6453, 308, 509, 5, 13520, 9471, 19511, 0, 0, 25, 4696, 4908, 8488, 41, 0, 0, 18, 20, 168, 2, 34306, 25468, 28878, 2, 0, 0, 316
780,8,19, 1057897,benign, 775, 146, 8579, 0, 5827, 2693, 1, 464, 699, 0, 201, 34060, 397, 3, 41, 7304, 290, 444, 5, 13774, 9764, 19500, 0, 0, 25, 4785, 4819, 8478, 42, 0, 0, 19, 23, 162, 3, 34701, 25940, 29408, 2, 0, 0, 376
781,2,3, 1052861,benign, 615, 148, 8561, 0, 5827, 2689, 1, 464, 699, 0, 194, 34015, 397, 3, 41, 7058, 247, 446, 5, 13631, 9700, 19494, 0, 0, 25, 4711, 4904, 8484, 42, 0, 0, 18, 20, 160, 3, 34453, 25669, 28985, 2, 0, 0, 318
782,8,4, 1053375,benign, 627, 148, 8567, 0, 5829, 2690, 2, 464, 699, 0, 192, 33566, 397, 3, 42, 6945, 311, 446, 5, 13741, 9712, 19500, 0, 0, 25, 4726, 4882, 8482, 42, 0, 0, 18, 20, 159, 3, 34442, 25432, 28720, 2, 0, 0, 317
783,9,26, 1051657,benign, 580, 150, 8557, 0, 5824, 2691, 1, 464, 699, 0, 195, 34082, 397, 3, 41, 7153, 323, 504, 5, 13489, 9516, 19506, 0, 0, 25, 4858, 5009, 8481, 42, 0, 0, 18, 20, 159, 3, 34713, 25733, 29034, 2, 0, 0, 447
784,9,17, 1058682,benign, 791, 148, 8586, 0, 5828, 2693, 2, 464, 699, 0, 197, 33958, 397, 3, 42, 7299, 255, 602, 5, 14135, 10130, 19549, 0, 0, 25, 4707, 4890, 8488, 42, 0, 0, 18, 20, 158, 2, 34478, 25724, 29232, 2, 0, 0, 317
785,5,8, 1055466,benign, 695, 147, 8576, 0, 5829, 2692, 3, 464, 699, 0, 197, 33909, 397, 3, 43, 7384, 310, 441, 5, 13620, 9678, 19488, 0, 0, 25, 4714, 4893, 8488, 42, 0, 0, 18, 20, 158, 3, 34619, 25581, 29079, 2, 0, 0, 322
786,0,23, 1053806,benign, 652, 148, 8561, 0, 5828, 2686, 1, 464, 700, 0, 196, 33578, 397, 3, 41, 7234, 315, 512, 5, 13596, 9516, 19502, 0, 0, 25, 4751, 4894, 8481, 42, 0, 0, 18, 20, 158, 3, 33950, 25682, 28963, 2, 0, 0, 319
787,10,18, 1058255,benign, 777, 149, 8577, 0, 5820, 2687, 2, 464, 699, 0, 193, 34200, 397, 3, 41, 7548, 272, 444, 5, 13891, 9987, 19520, 0, 0, 25, 4782, 4956, 8480, 42, 0, 0, 18, 20, 158, 3, 34722, 26193, 29467, 2, 0, 0, 319
788,2,22, 1050835,SDC, 553, 149, 8551, 0, 5821, 2693, 1, 464, 694, 0, 196, 33546, 392, 3, 41, 6921, 313, 443, 5, 13355, 9351, 19482, 0, 0, 25, 4694, 4898, 8477, 42, 0, 0, 18, 20, 160, 3, 34360, 25234, 28573, 2, 0, 0, 319
789,7,29, 1054153,benign, 659, 148, 8559, 0, 5828, 2695, 2, 464, 699, 0, 194, 33876, 397, 3, 43, 6973, 326, 512, 5, 13751, 9736, 19506, 0, 0, 25, 4829, 4889, 8480, 42, 0, 0, 18, 20, 154, 2, 34360, 25665, 28999, 2, 0, 0, 319
790,7,27, 1056866,benign, 742, 149, 8572, 0, 5827, 2696, 2, 464, 699, 0, 196, 34251, 397, 3, 42, 7648, 318, 510, 5, 13558, 9603, 19500, 0, 0, 25, 4743, 4873, 8488, 42, 0, 0, 18, 20, 178, 4, 34571, 26107, 29396, 2, 0, 0, 377
791,6,13, 1053566,benign, 649, 149, 8566, 0, 5829, 2689, 2, 464, 699, 0, 202, 33830, 397, 3, 41, 6795, 286, 488, 5, 13761, 9541, 19493, 0, 0, 25, 4732, 4906, 8480, 42, 0, 0, 18, 20, 169, 3, 34418, 25729, 29013, 2, 0, 0, 316
792,8,26, 1053296,benign, 604, 147, 8563, 4, 5827, 2694, 2, 464, 699, 0, 196, 33535, 397, 3, 41, 7330, 493, 444, 5, 13080, 9049, 19467, 0, 0, 25, 4722, 4882, 8479, 42, 0, 0, 18, 20, 159, 3, 34027, 25197, 28445, 2, 0, 0, 317
793,6,29, 1055067,benign, 697, 147, 8575, 0, 5830, 2686, 1, 464, 699, 0, 203, 33800, 397, 3, 41, 7354, 317, 506, 5, 13825, 9835, 19506, 0, 0, 25, 4722, 4886, 8470, 42, 0, 0, 18, 20, 158, 3, 34538, 25945, 29236, 2, 0, 0, 319
794,3,26, 1053916,SDC, 626, 148, 8555, 4, 5818, 2691, 1, 464, 694, 0, 198, 33767, 392, 3, 43, 7062, 325, 451, 5, 13196, 9159, 19472, 0, 0, 25, 4724, 4893, 8482, 42, 0, 0, 18, 20, 166, 4, 33782, 25168, 28594, 2, 0, 0, 320
795,0,16, 1053290,benign, 642, 150, 8559, 0, 5827, 2689, 1, 464, 699, 0, 200, 34122, 397, 3, 43, 7173, 325, 443, 5, 13946, 9762, 19509, 0, 0, 25, 4770, 4951, 8486, 42, 0, 0, 19, 23, 159, 3, 34303, 25263, 28533, 2, 0, 0, 317
796,5,27, 1051701,benign, 588, 148, 8563, 0, 5828, 2688, 1, 464, 699, 0, 197, 33388, 397, 3, 41, 6760, 302, 444, 5, 13648, 9614, 19486, 0, 0, 25, 4721, 4888, 8480, 42, 0, 0, 18, 20, 159, 3, 34269, 25266, 28550, 2, 0, 0, 316
797,0,23, 1055384,benign, 669, 146, 8573, 4, 5830, 2689, 2, 464, 699, 0, 202, 33776, 397, 3, 41, 7358, 325, 444, 5, 13932, 9938, 19488, 0, 0, 25, 4774, 4820, 8478, 41, 0, 0, 18, 20, 158, 3, 34254, 25416, 28669, 2, 0, 0, 377
798,6,29, 1059119,benign, 804, 146, 8575, 0, 5826, 2689, 1, 464, 699, 0, 201, 34057, 397, 3, 41, 7702, 306, 444, 5, 13993, 9940, 19514, 0, 0, 25, 4802, 4852, 8490, 42, 0, 0, 18, 20, 158, 4, 34854, 25971, 29256, 2, 0, 0, 320
799,4,28, 1055186,benign, 690, 147, 8572, 0, 5827, 2694, 2, 464, 699, 0, 195, 33519, 397, 3, 41, 7378, 311, 440, 5, 13595, 9683, 19526, 0, 0, 25, 4726, 4877, 8485, 42, 0, 0, 18, 20, 153, 2, 34612, 25822, 29121, 1, 0, 0, 317
800,9,23, 1058717,benign, 792, 148, 8573, 0, 5822, 2686, 1, 464, 699, 0, 195, 33966, 397, 3, 44, 7520, 311, 445, 6, 13492, 9580, 19498, 0, 0, 25, 4717, 4881, 8482, 42, 0, 0, 18, 20, 158, 3, 34355, 26128, 29406, 2, 0, 0, 320
801,0,28, 1051118,benign, 560, 147, 8559, 0, 5827, 2694, 1, 464, 699, 0, 196, 33392, 397, 3, 41, 6934, 314, 516, 5, 13314, 9416, 19510, 0, 0, 25, 4772, 4843, 8484, 42, 0, 0, 18, 20, 159, 3, 34270, 25762, 29039, 2, 0, 0, 317
802,0,3, 1056447,benign, 738, 148, 8570, 0, 5826, 2694, 1, 464, 699, 0, 199, 33851, 397, 3, 42, 7425, 314, 444, 5, 13519, 9528, 19499, 0, 0, 25, 4725, 4874, 8478, 42, 0, 0, 18, 20, 159, 3, 34625, 26001, 29266, 2, 0, 0, 319
803,3,29, 1050629,benign, 548, 148, 8563, 0, 5825, 2688, 1, 464, 699, 0, 199, 33328, 397, 3, 42, 6871, 307, 443, 5, 13054, 9115, 19503, 0, 0, 25, 4784, 4960, 8486, 42, 0, 0, 18, 20, 167, 4, 34454, 25465, 28745, 2, 0, 0, 377
804,2,6, 1052668,benign, 584, 149, 8569, 4, 5824, 2688, 4, 464, 699, 0, 200, 33610, 397, 3, 42, 6844, 318, 502, 5, 13046, 9082, 19483, 0, 0, 25, 4716, 4887, 8481, 42, 0, 0, 18, 20, 167, 4, 33951, 25180, 28462, 2, 0, 0, 320
805,3,17, 1058642,benign, 807, 146, 8574, 0, 5825, 2692, 2, 464, 700, 0, 201, 34008, 397, 3, 43, 7738, 310, 505, 5, 13812, 9868, 19505, 0, 0, 25, 4741, 4904, 8482, 42, 0, 0, 18, 20, 169, 4, 34761, 26084, 29383, 2, 0, 0, 376
806,0,3, 1050413,benign, 548, 148, 8555, 0, 5827, 2693, 2, 464, 699, 0, 201, 33502, 397, 3, 41, 6600, 529, 445, 5, 13513, 9504, 19500, 0, 0, 25, 4767, 4969, 8479, 42, 0, 0, 18, 20, 167, 3, 34363, 25402, 28658, 2, 0, 0, 319
807,10,24, 1058896,benign, 781, 147, 8586, 4, 5827, 2688, 1, 464, 699, 0, 194, 33803, 397, 3, 41, 8150, 301, 453, 5, 13648, 9690, 19483, 0, 0, 25, 4897, 4712, 8484, 42, 0, 0, 18, 20, 157, 3, 34311, 25654, 29204, 2, 0, 0, 317
808,4,22, 1052162,benign, 605, 148, 8560, 0, 5829, 2695, 1, 464, 699, 0, 198, 33508, 397, 3, 42, 7157, 285, 500, 5, 13334, 9347, 19496, 0, 0, 25, 4947, 5010, 8489, 42, 0, 0, 18, 20, 153, 2, 34292, 25419, 28743, 1, 0, 0, 319
809,0,26, 1054745,benign, 674, 146, 8562, 0, 5823, 2689, 3, 464, 699, 0, 195, 34089, 397, 3, 41, 7000, 529, 454, 5, 13692, 9724, 19513, 0, 0, 25, 4713, 4888, 8486, 41, 0, 0, 18, 20, 220, 3, 34150, 25753, 29230, 2, 0, 0, 317
810,4,26, 1060010,benign, 803, 146, 8580, 0, 5831, 2694, 1, 464, 699, 0, 199, 34237, 397, 3, 40, 7381, 342, 567, 5, 13734, 9794, 19531, 0, 0, 25, 4777, 4960, 8500, 42, 0, 0, 18, 20, 161, 2, 34922, 26279, 29549, 1, 0, 0, 379
811,0,10, 1050162,benign, 527, 149, 8561, 1, 5826, 2697, 1, 464, 699, 0, 196, 33476, 397, 3, 41, 6751, 289, 446, 5, 13161, 8977, 19502, 0, 0, 25, 4721, 4926, 8484, 42, 0, 0, 18, 20, 159, 3, 34087, 25268, 28518, 2, 0, 0, 320
812,5,22, 1053903,benign, 644, 148, 8564, 0, 5829, 2694, 2, 464, 699, 0, 206, 33738, 397, 3, 42, 7266, 323, 506, 5, 14051, 9879, 19491, 0, 0, 25, 4717, 4886, 8485, 42, 0, 0, 18, 20, 160, 4, 34308, 25603, 28945, 2, 0, 0, 384
813,10,17, 1057518,benign, 769, 147, 8578, 0, 5824, 2689, 2, 464, 699, 0, 197, 34371, 397, 3, 41, 7607, 442, 574, 5, 13748, 9788, 19500, 0, 0, 25, 4726, 4872, 8478, 42, 0, 0, 18, 20, 270, 4, 34774, 26298, 29718, 2, 0, 0, 319
814,1,18, 1054814,benign, 671, 148, 8565, 0, 5823, 2687, 1, 464, 699, 0, 195, 33797, 397, 3, 41, 6660, 315, 443, 5, 13556, 9599, 19509, 0, 0, 25, 4701, 4894, 8477, 42, 0, 0, 18, 20, 157, 3, 34764, 25730, 29016, 2, 0, 0, 318
815,3,23, 1055103,benign, 695, 148, 8567, 0, 5828, 2695, 1, 464, 699, 0, 199, 33753, 397, 3, 41, 7084, 314, 446, 5, 13709, 9662, 19513, 0, 0, 25, 4709, 4891, 8484, 42, 0, 0, 18, 20, 167, 3, 34566, 25905, 29184, 2, 0, 0, 323
816,0,20, 1053169,benign, 615, 147, 8563, 0, 5824, 2689, 5, 464, 699, 0, 199, 33565, 397, 3, 42, 7094, 300, 514, 5, 13501, 9503, 19509, 0, 0, 25, 4709, 4889, 8479, 42, 0, 0, 18, 20, 159, 3, 34491, 25805, 29255, 2, 0, 0, 447
817,6,14, 1060137,benign, 486, 146, 8562, 0, 5827, 2686, 1, 464, 699, 0, 196, 33378, 397, 3, 41, 6414, 319, 506, 5, 13013, 8961, 19512, 0, 0, 25, 4436, 5163, 8481, 42, 0, 0, 18, 20, 169, 3, 34349, 25803, 29122, 1, 0, 0, 319
818,1,4, 1059175,benign, 812, 150, 8585, 0, 5826, 2686, 2, 464, 699, 0, 199, 34083, 397, 3, 44, 7866, 395, 443, 5, 14060, 10058, 19548, 0, 0, 25, 4704, 4902, 8483, 42, 0, 0, 18, 20, 214, 2, 34720, 25794, 29038, 2, 0, 0, 317
819,5,6, 1052446,benign, 603, 148, 8563, 0, 5827, 2694, 2, 464, 699, 0, 198, 33775, 397, 3, 42, 6782, 297, 477, 5, 13310, 9337, 19509, 0, 0, 25, 4721, 4880, 8482, 42, 0, 0, 18, 20, 160, 4, 34106, 25768, 29109, 2, 0, 0, 317
820,4,4, 1050349,benign, 534, 150, 8561, 1, 5825, 2685, 1, 464, 699, 0, 195, 33525, 397, 3, 41, 7137, 322, 446, 5, 13381, 9381, 19501, 0, 0, 25, 4747, 4850, 8480, 42, 0, 0, 18, 20, 158, 3, 34089, 25287, 28620, 2, 0, 0, 321
821,5,4, 1052691,benign, 603, 147, 8560, 0, 5825, 2690, 4, 464, 699, 0, 196, 33573, 397, 3, 41, 7210, 303, 450, 5, 13622, 9591, 19498, 0, 0, 25, 4722, 4881, 8484, 42, 0, 0, 19, 23, 159, 3, 34168, 25381, 28624, 2, 0, 0, 376
822,6,8, 1050802,benign, 550, 147, 8562, 0, 5830, 2694, 1, 464, 700, 0, 196, 33652, 397, 3, 42, 6632, 297, 445, 5, 13146, 9199, 19493, 0, 0, 25, 4779, 4959, 8493, 42, 0, 0, 18, 20, 158, 4, 34310, 25347, 28648, 2, 0, 0, 316
823,10,7, 1058935,benign, 805, 149, 8589, 0, 5830, 2695, 2, 464, 699, 0, 196, 33992, 397, 3, 42, 7290, 285, 512, 5, 14122, 10148, 19532, 0, 0, 25, 4721, 4880, 8487, 41, 0, 0, 18, 20, 166, 3, 34625, 25714, 29001, 2, 0, 0, 429
824,8,11, 1052077,benign, 593, 147, 8569, 0, 5830, 2690, 1, 464, 699, 0, 194, 33141, 397, 3, 43, 7110, 347, 444, 5, 13258, 9279, 19494, 0, 0, 25, 4782, 4817, 8479, 42, 0, 0, 18, 20, 157, 4, 34425, 25751, 29057, 2, 0, 0, 384
825,0,31, 1054700,benign, 648, 146, 8575, 4, 5829, 2694, 5, 464, 699, 0, 197, 33124, 397, 3, 41, 7255, 311, 445, 5, 13210, 9269, 19472, 0, 0, 25, 4955, 4638, 8486, 42, 0, 0, 18, 20, 158, 4, 34352, 25583, 28836, 2, 0, 0, 317
826,6,8, 1055231,benign, 699, 148, 8566, 0, 5824, 2694, 1, 464, 699, 0, 196, 33803, 397, 3, 41, 7559, 287, 446, 5, 13927, 9906, 19513, 0, 0, 25, 4852, 5004, 8485, 42, 0, 0, 18, 20, 159, 3, 34647, 25437, 28689, 2, 0, 0, 317
827,1,9, 1050577,SDC, 545, 148, 8553, 0, 5823, 2697, 1, 464, 694, 0, 199, 33664, 392, 3, 43, 6717, 292, 485, 5, 13469, 9612, 19507, 0, 0, 25, 4714, 4886, 8481, 42, 0, 0, 18, 20, 167, 3, 33948, 25257, 28550, 2, 0, 0, 317
828,2,25, 1050981,benign, 556, 149, 8564, 0, 5829, 2692, 1, 464, 699, 0, 194, 33382, 397, 3, 43, 6609, 310, 444, 5, 13463, 9526, 19514, 0, 0, 25, 4971, 4645, 8488, 42, 0, 0, 18, 20, 158, 4, 34084, 25256, 28609, 2, 0, 0, 415
829,8,21, 1054985,benign, 685, 148, 8566, 0, 5825, 2692, 2, 464, 699, 0, 199, 33735, 397, 3, 43, 7056, 287, 442, 5, 13695, 9653, 19503, 0, 0, 25, 4773, 4964, 8495, 42, 0, 0, 18, 20, 158, 3, 34747, 25799, 29097, 2, 0, 0, 442
830,9,8, 1052969,benign, 623, 149, 8563, 0, 5825, 2689, 1, 464, 699, 0, 196, 33528, 397, 3, 41, 6706, 288, 510, 5, 13614, 9497, 19504, 0, 0, 25, 4716, 4874, 8484, 42, 0, 0, 18, 20, 160, 3, 34381, 25648, 28998, 2, 0, 0, 317
831,9,2, 1056887,benign, 739, 147, 8578, 0, 5829, 2687, 2, 464, 699, 0, 195, 33899, 397, 3, 41, 7439, 332, 448, 5, 13635, 9647, 19503, 0, 0, 25, 4731, 4882, 8476, 42, 0, 0, 18, 20, 158, 4, 34737, 26113, 29428, 2, 0, 0, 378
832,0,30, 1055232,benign, 664, 146, 8563, 4, 5821, 2687, 1, 464, 699, 0, 198, 33384, 397, 3, 42, 6909, 278, 445, 5, 13156, 9231, 19478, 0, 0, 25, 4733, 4876, 8482, 42, 0, 0, 18, 20, 157, 4, 34611, 25709, 29006, 2, 0, 0, 316
833,5,8, 1059053,benign, 820, 149, 8563, 0, 5822, 2684, 1, 464, 699, 0, 200, 34032, 397, 3, 41, 7752, 331, 456, 5, 14154, 10175, 19549, 0, 0, 25, 4896, 4702, 8483, 42, 0, 0, 18, 20, 167, 3, 34606, 26157, 29415, 2, 0, 0, 318
834,8,29, 1053200,benign, 603, 148, 8560, 4, 5825, 2691, 1, 464, 700, 0, 198, 33529, 397, 3, 43, 6857, 305, 460, 5, 13334, 9401, 19486, 0, 0, 25, 4776, 4828, 8484, 40, 0, 0, 18, 20, 166, 4, 33984, 25567, 28896, 2, 0, 0, 317
835,3,15, 1053302,SDC, 643, 149, 8555, 0, 5817, 2690, 2, 464, 694, 0, 197, 33598, 392, 3, 43, 6954, 340, 443, 5, 13693, 9714, 19487, 0, 0, 25, 4713, 4885, 8482, 42, 0, 0, 18, 20, 160, 3, 34190, 25377, 28742, 2, 0, 0, 376
836,10,17, 1054770,benign, 676, 147, 8575, 0, 5826, 2690, 3, 464, 699, 0, 199, 33852, 397, 3, 41, 7306, 308, 512, 5, 13538, 9539, 19503, 0, 0, 25, 4717, 4886, 8481, 42, 0, 0, 18, 20, 160, 3, 34190, 25539, 28863, 2, 0, 0, 316
837,9,17, 1052145,benign, 588, 148, 8565, 0, 5830, 2687, 1, 464, 699, 0, 200, 33602, 397, 3, 42, 6854, 292, 444, 5, 13192, 9218, 19493, 0, 0, 25, 4723, 4884, 8482, 41, 0, 0, 18, 20, 160, 3, 34535, 25469, 28730, 2, 0, 0, 376
838,10,0, 1052796,benign, 589, 148, 8568, 4, 5826, 2695, 1, 464, 699, 0, 200, 33200, 397, 3, 43, 6793, 310, 446, 6, 13093, 9125, 19475, 0, 0, 25, 4790, 4934, 8484, 42, 0, 0, 18, 20, 158, 4, 34123, 25142, 28544, 2, 0, 0, 378
839,4,23, 1051327,benign, 576, 147, 8556, 0, 5823, 2693, 1, 464, 699, 0, 194, 33374, 397, 3, 41, 6646, 521, 522, 5, 13722, 9771, 19511, 0, 0, 25, 4833, 4902, 8485, 42, 0, 0, 18, 20, 162, 2, 34430, 25555, 28933, 1, 0, 0, 317
840,8,27, 1055388,benign, 671, 149, 8566, 4, 5828, 2689, 1, 464, 699, 0, 203, 33352, 397, 3, 41, 7132, 381, 502, 5, 13326, 9331, 19473, 0, 0, 25, 4904, 4700, 8489, 42, 0, 0, 18, 20, 158, 3, 34097, 25598, 28855, 2, 0, 0, 316
841,8,1, 1051562,benign, 585, 147, 8567, 0, 5826, 2692, 1, 464, 699, 0, 203, 33886, 397, 3, 41, 6604, 298, 445, 5, 13200, 9225, 19522, 0, 0, 25, 4718, 4883, 8480, 42, 0, 0, 18, 20, 158, 3, 34008, 25347, 28793, 2, 0, 0, 319
842,9,3, 1056642,benign, 738, 149, 8559, 0, 5819, 2688, 3, 464, 699, 0, 206, 34424, 397, 3, 41, 7478, 517, 445, 5, 13678, 9703, 19512, 0, 0, 25, 4811, 4836, 8491, 42, 0, 0, 18, 20, 158, 4, 34634, 25810, 29111, 2, 0, 0, 319
843,8,25, 1055717,benign, 705, 149, 8570, 0, 5825, 2689, 2, 464, 699, 0, 197, 33781, 397, 3, 44, 7518, 520, 450, 5, 13573, 9614, 19502, 0, 0, 25, 4773, 4829, 8489, 42, 0, 0, 18, 20, 158, 4, 34164, 25530, 28825, 2, 0, 0, 317
844,2,1, 1051121,benign, 568, 147, 8564, 0, 5825, 2690, 1, 464, 700, 0, 204, 33381, 397, 3, 43, 6428, 440, 443, 5, 13018, 8982, 19492, 0, 0, 25, 5014, 4702, 8488, 42, 0, 0, 18, 20, 159, 3, 34057, 25464, 28738, 2, 0, 0, 318
845,2,16, 1052365,SDC, 603, 147, 8560, 0, 5819, 2689, 2, 464, 694, 0, 195, 33494, 392, 3, 40, 6766, 309, 447, 5, 13609, 9688, 19511, 0, 0, 25, 4741, 4897, 8477, 42, 0, 0, 18, 20, 160, 3, 34325, 25543, 28889, 2, 0, 0, 318
846,1,0, 1052554,benign, 606, 148, 8575, 0, 5825, 2690, 2, 464, 699, 0, 194, 33815, 397, 3, 41, 6856, 291, 454, 5, 13828, 9857, 19489, 0, 0, 25, 4719, 4889, 8481, 42, 0, 0, 18, 20, 159, 3, 34210, 25293, 28572, 2, 0, 0, 317
847,10,30, 1054214,benign, 652, 148, 8577, 0, 5826, 2691, 1, 464, 699, 0, 196, 33738, 397, 3, 42, 6974, 302, 457, 5, 13565, 9582, 19502, 0, 0, 25, 4959, 4640, 8479, 42, 0, 0, 18, 20, 169, 3, 34474, 25439, 28712, 2, 0, 0, 414
848,10,15, 1053247,benign, 626, 149, 8563, 0, 5822, 2689, 2, 464, 699, 0, 198, 33181, 397, 3, 42, 6954, 337, 451, 5, 13651, 9619, 19498, 0, 0, 25, 4779, 4951, 8486, 42, 0, 0, 18, 20, 159, 3, 34209, 25263, 28543, 2, 0, 0, 597
849,3,17, 1059828,SDC, 794, 147, 8572, 4, 5818, 2691, 1, 464, 694, 0, 203, 34085, 392, 3, 42, 7530, 352, 445, 5, 13701, 9745, 19472, 0, 0, 25, 4728, 4886, 8473, 42, 0, 0, 18, 20, 158, 3, 34688, 25717, 29017, 2, 0, 0, 319
850,6,31, 1058882,benign, 818, 148, 8578, 0, 5823, 2692, 1, 464, 699, 0, 198, 34302, 397, 3, 41, 7492, 335, 445, 5, 14290, 10312, 19559, 0, 0, 25, 4784, 4941, 8491, 42, 0, 0, 18, 20, 160, 3, 34415, 25766, 29035, 2, 0, 0, 328
851,10,7, 1049933,benign, 532, 148, 8555, 0, 5822, 2689, 2, 464, 699, 0, 197, 33748, 397, 3, 44, 6548, 328, 452, 5, 13217, 9253, 19495, 0, 0, 25, 4455, 5155, 8475, 42, 0, 0, 18, 20, 167, 3, 34292, 25300, 28575, 2, 0, 0, 378
852,1,15, 1050559,SDC, 548, 149, 8545, 0, 5822, 2696, 1, 464, 695, 0, 199, 33580, 392, 3, 41, 6492, 510, 452, 5, 13417, 9408, 19487, 0, 0, 25, 4725, 4913, 8484, 42, 0, 0, 18, 20, 161, 4, 34120, 25310, 28633, 2, 0, 0, 317
853,2,23, 1055636,SDC, 681, 148, 8568, 4, 5825, 2697, 2, 464, 694, 0, 193, 33369, 392, 3, 42, 7276, 301, 452, 5, 13758, 9773, 19464, 0, 0, 25, 4725, 4876, 8486, 42, 0, 0, 18, 20, 160, 3, 34101, 25614, 28998, 2, 0, 0, 319
854,3,19, 1053259,SDC, 641, 150, 8575, 0, 5825, 2692, 2, 464, 694, 0, 201, 33674, 392, 3, 44, 6721, 289, 444, 5, 13705, 9721, 19480, 0, 0, 25, 4722, 4885, 8485, 42, 0, 0, 18, 20, 158, 3, 34359, 25575, 28842, 2, 0, 0, 317
855,2,9, 1051097,benign, 558, 148, 8561, 0, 5826, 2689, 1, 464, 699, 0, 201, 33387, 397, 3, 42, 6861, 312, 442, 5, 13526, 9507, 19498, 0, 0, 25, 4718, 4886, 8484, 42, 0, 0, 18, 20, 160, 3, 34019, 25297, 28686, 2, 0, 0, 317
856,1,14, 1054825,benign, 673, 147, 8563, 0, 5824, 2688, 1, 464, 699, 0, 202, 34200, 397, 3, 43, 7428, 316, 444, 5, 13932, 9903, 19504, 0, 0, 25, 5032, 4697, 8473, 42, 0, 0, 18, 20, 168, 3, 34878, 26009, 29422, 2, 0, 0, 319
857,5,15, 1057319,benign, 751, 149, 8577, 0, 5830, 2691, 1, 464, 699, 0, 200, 33965, 397, 3, 43, 7476, 309, 448, 5, 13811, 9881, 19494, 0, 0, 25, 5049, 4688, 8483, 42, 0, 0, 18, 20, 158, 4, 34412, 25872, 29149, 2, 0, 0, 319
858,6,19, 1056294,benign, 723, 149, 8570, 0, 5829, 2690, 5, 464, 699, 0, 198, 33801, 397, 3, 43, 7343, 426, 441, 5, 13555, 9488, 19500, 0, 0, 25, 4803, 4844, 8484, 42, 0, 0, 18, 20, 160, 4, 34445, 25588, 29081, 2, 0, 0, 317
859,4,28, 1051528,benign, 549, 149, 8553, 3, 5824, 2692, 1, 464, 699, 0, 202, 33688, 397, 3, 41, 7202, 317, 445, 5, 13212, 9175, 19468, 0, 0, 25, 4714, 4888, 8482, 42, 0, 0, 18, 20, 159, 3, 33932, 25527, 29005, 2, 0, 0, 320
860,10,29, 1057563,benign, 779, 148, 8577, 0, 5830, 2695, 2, 464, 699, 0, 198, 33767, 397, 3, 44, 7280, 316, 442, 5, 13699, 9775, 19513, 0, 0, 25, 4738, 4868, 8482, 42, 0, 0, 18, 20, 158, 3, 34603, 25666, 28967, 2, 0, 0, 317
861,3,1, 1052498,SDC, 614, 147, 8561, 0, 5823, 2693, 5, 464, 694, 0, 200, 33562, 392, 3, 42, 6867, 281, 455, 5, 13762, 9785, 19474, 0, 0, 25, 4738, 4866, 8484, 42, 0, 0, 18, 20, 159, 3, 34013, 25368, 28705, 2, 0, 0, 316
862,9,10, 1056634,benign, 726, 147, 8568, 0, 5828, 2694, 3, 464, 699, 0, 195, 34291, 397, 3, 42, 7568, 327, 544, 6, 14024, 9816, 19493, 0, 0, 25, 4792, 4927, 8484, 42, 0, 0, 18, 20, 159, 3, 34816, 25827, 29174, 2, 0, 0, 317
863,5,8, 1053143,benign, 623, 148, 8566, 0, 5822, 2687, 1, 464, 699, 0, 200, 33581, 397, 3, 41, 7078, 352, 503, 5, 13511, 9493, 19504, 0, 0, 25, 4731, 4908, 8496, 42, 0, 0, 18, 20, 160, 3, 34347, 25906, 29227, 2, 0, 0, 406
864,2,22, 1056724,benign, 711, 148, 8581, 4, 5829, 2690, 2, 464, 699, 0, 199, 33904, 397, 3, 43, 7174, 425, 442, 5, 13630, 9645, 19468, 0, 0, 25, 4715, 4893, 8483, 42, 0, 0, 18, 20, 159, 3, 34013, 25603, 28873, 2, 0, 0, 323
865,5,7, 1055846,benign, 720, 149, 8568, 0, 5828, 2694, 1, 464, 699, 0, 195, 33431, 397, 3, 41, 7218, 284, 443, 5, 13490, 9514, 19509, 0, 0, 25, 4722, 4886, 8484, 42, 0, 0, 18, 20, 158, 3, 34427, 25660, 28947, 2, 0, 0, 316
866,6,13, 1058683,benign, 803, 147, 8580, 0, 5826, 2691, 2, 464, 699, 0, 195, 33929, 397, 3, 41, 7362, 314, 447, 5, 14057, 10095, 19544, 0, 0, 25, 4761, 4835, 8489, 42, 0, 0, 18, 20, 160, 3, 34819, 25928, 29409, 2, 0, 0, 317
867,5,21, 1059476,benign, 791, 147, 8583, 4, 5827, 2691, 1, 464, 699, 0, 200, 34042, 397, 3, 41, 7639, 307, 443, 5, 13997, 10034, 19521, 0, 0, 25, 4716, 4882, 8484, 42, 0, 0, 18, 20, 383, 3, 34797, 25646, 28905, 2, 0, 0, 317
868,5,31, 1055118,benign, 711, 160, 8569, 0, 5827, 2687, 2, 464, 699, 0, 200, 33953, 397, 3, 41, 7285, 538, 445, 5, 13478, 9572, 19487, 0, 0, 25, 4713, 4884, 8491, 42, 0, 0, 18, 20, 158, 3, 34139, 25840, 29226, 2, 0, 0, 447
869,7,4, 1059747,benign, 515, 146, 8555, 0, 5823, 2688, 2, 464, 699, 0, 189, 33489, 397, 3, 40, 6585, 511, 497, 5, 13209, 9260, 19507, 0, 0, 25, 4627, 4976, 8483, 42, 0, 0, 18, 20, 158, 4, 33807, 25537, 28795, 1, 0, 0, 319
870,10,6, 1050750,benign, 557, 149, 8556, 1, 5825, 2691, 1, 464, 699, 0, 202, 33654, 397, 3, 41, 6693, 322, 515, 5, 13164, 9225, 19500, 0, 0, 25, 4696, 4905, 8483, 42, 0, 0, 18, 20, 160, 3, 34320, 25241, 28554, 2, 0, 0, 318
871,9,12, 1051803,benign, 579, 146, 8569, 0, 5831, 2694, 2, 464, 699, 0, 196, 34130, 397, 3, 40, 6822, 310, 444, 5, 13355, 9378, 19497, 0, 0, 25, 5028, 4689, 8485, 42, 0, 0, 18, 20, 158, 3, 34200, 25127, 28410, 2, 0, 0, 431
872,0,6, 1057515,benign, 758, 147, 8568, 0, 5827, 2690, 1, 464, 699, 0, 199, 34468, 397, 3, 41, 7605, 305, 504, 5, 13975, 10000, 19545, 0, 0, 25, 4776, 4950, 8486, 41, 0, 0, 18, 20, 158, 3, 34605, 26223, 29554, 2, 0, 0, 319
873,0,22, 1056345,benign, 725, 148, 8569, 0, 5824, 2687, 1, 464, 699, 0, 198, 33981, 397, 3, 41, 7283, 282, 445, 5, 13732, 9797, 19495, 0, 0, 25, 4748, 4900, 8478, 42, 0, 0, 18, 20, 158, 2, 34719, 25833, 29269, 2, 0, 0, 384
874,7,29, 1053656,benign, 615, 148, 8572, 4, 5825, 2689, 1, 464, 699, 0, 195, 33155, 397, 3, 41, 6889, 335, 508, 5, 13015, 9005, 19484, 0, 0, 25, 4700, 4905, 8489, 42, 0, 0, 18, 20, 161, 2, 34153, 25266, 28545, 2, 0, 0, 320
875,4,29, 1057754,benign, 779, 148, 8579, 0, 5826, 2689, 1, 464, 699, 0, 196, 33941, 397, 3, 40, 7477, 550, 439, 5, 13775, 9732, 19499, 0, 0, 25, 4956, 4647, 8485, 42, 0, 0, 18, 20, 152, 2, 34947, 25672, 29012, 1, 0, 0, 384
876,3,24, 1052942,benign, 623, 147, 8559, 0, 5829, 2695, 1, 464, 699, 0, 203, 33803, 397, 3, 41, 6848, 325, 446, 5, 13655, 9682, 19505, 0, 0, 25, 4783, 4939, 8486, 41, 0, 0, 18, 20, 166, 3, 34227, 25960, 29310, 2, 0, 0, 317
877,3,11, 1052857,SDC, 610, 147, 8564, 0, 5827, 2693, 2, 464, 694, 0, 198, 33646, 392, 3, 41, 6622, 340, 512, 5, 13413, 9453, 19490, 0, 0, 25, 4771, 4827, 8483, 42, 0, 0, 18, 20, 157, 3, 34321, 25406, 28947, 2, 0, 0, 317
878,4,12, 1054094,benign, 650, 147, 8566, 0, 5829, 2695, 2, 464, 699, 0, 198, 33688, 397, 3, 41, 6800, 325, 440, 5, 13955, 9970, 19506, 0, 0, 25, 4730, 4883, 8482, 42, 0, 0, 18, 20, 162, 2, 34431, 25797, 29114, 1, 0, 0, 319
879,0,0, 1059875,benign, 817, 149, 8576, 0, 5825, 2690, 2, 464, 699, 0, 208, 34490, 397, 3, 41, 7443, 280, 447, 5, 14609, 10460, 19567, 0, 0, 25, 4726, 4908, 8476, 38, 0, 0, 18, 20, 158, 4, 34876, 26095, 29582, 2, 0, 0, 379
880,1,6, 1054588,benign, 645, 146, 8564, 4, 5822, 2683, 1, 464, 699, 0, 195, 33403, 397, 3, 42, 6891, 347, 501, 5, 13308, 9288, 19472, 0, 0, 25, 4770, 4832, 8494, 42, 0, 0, 18, 20, 158, 4, 33910, 25253, 28514, 2, 0, 0, 317
881,2,7, 1059647,benign, 533, 146, 8559, 0, 5827, 2691, 1, 464, 699, 0, 191, 33433, 397, 3, 43, 6439, 296, 446, 5, 13018, 9030, 19500, 0, 0, 25, 4770, 4981, 8488, 34, 0, 0, 18, 20, 153, 2, 34044, 24940, 28412, 1, 0, 0, 320
882,6,7, 1053693,benign, 636, 147, 8568, 0, 5824, 2689, 2, 464, 699, 0, 196, 33879, 397, 3, 42, 6903, 350, 445, 5, 13162, 9158, 19504, 0, 0, 25, 4707, 4892, 8486, 42, 0, 0, 18, 20, 159, 3, 34243, 25809, 29101, 2, 0, 0, 321
883,4,23, 1052500,benign, 581, 147, 8571, 3, 5827, 2694, 1, 464, 699, 0, 198, 33021, 397, 3, 42, 7257, 328, 504, 5, 13142, 9138, 19474, 0, 0, 25, 4731, 4875, 8484, 42, 0, 0, 18, 20, 158, 4, 33825, 25213, 28500, 2, 0, 0, 447
884,7,10, 1060010,benign, 820, 148, 8576, 0, 5830, 2693, 2, 464, 699, 0, 204, 33949, 397, 3, 41, 7468, 311, 445, 5, 14340, 10419, 19589, 0, 0, 25, 4724, 4885, 8493, 42, 0, 0, 18, 20, 158, 4, 34733, 25830, 29242, 2, 0, 0, 320
885,4,18, 1057719,benign, 773, 146, 8565, 0, 5825, 2689, 1, 464, 699, 0, 195, 33853, 397, 3, 41, 7816, 321, 438, 5, 14212, 10219, 19548, 0, 0, 25, 4727, 4875, 8485, 41, 0, 0, 18, 20, 153, 2, 34579, 25870, 29146, 1, 0, 0, 568
886,0,30, 1052336,benign, 574, 148, 8565, 4, 5827, 2694, 1, 464, 699, 0, 198, 33599, 397, 3, 43, 6904, 323, 510, 5, 13518, 9550, 19471, 0, 0, 25, 4749, 4899, 8487, 42, 0, 0, 19, 22, 162, 3, 33956, 25260, 28538, 2, 0, 0, 318
887,4,18, 1056938,benign, 757, 148, 8581, 0, 5830, 2690, 2, 464, 699, 0, 201, 34224, 397, 3, 41, 7469, 303, 439, 5, 13653, 9720, 19506, 0, 0, 25, 4750, 4857, 8485, 42, 0, 0, 18, 20, 162, 2, 34710, 25735, 29204, 1, 0, 0, 442
888,2,12, 1057240,SDC, 729, 146, 8580, 4, 5821, 2691, 1, 464, 694, 0, 197, 33664, 392, 3, 41, 7393, 287, 652, 5, 13885, 9839, 19459, 0, 0, 25, 4719, 4882, 8482, 42, 0, 0, 18, 20, 266, 3, 34383, 25705, 29021, 2, 0, 0, 316
889,3,8, 1057177,SDC, 770, 147, 8571, 0, 5822, 2690, 2, 464, 694, 0, 199, 33797, 392, 3, 43, 7461, 293, 446, 5, 13632, 9527, 19479, 0, 0, 25, 4735, 4868, 8500, 42, 0, 0, 18, 20, 160, 3, 34496, 25600, 28907, 2, 0, 0, 377
890,8,6, 1057770,benign, 777, 146, 8567, 0, 5821, 2686, 1, 464, 699, 0, 201, 34080, 397, 3, 43, 7805, 292, 528, 5, 13533, 9542, 19486, 0, 0, 25, 4723, 4886, 8504, 42, 0, 0, 18, 20, 160, 3, 34758, 25923, 29195, 2, 0, 0, 317
891,10,5, 1059277,benign, 824, 146, 8573, 0, 5825, 2694, 2, 464, 699, 0, 196, 34025, 397, 3, 42, 7744, 298, 444, 5, 14090, 10097, 19518, 0, 0, 25, 4735, 4895, 8484, 42, 0, 0, 18, 20, 168, 3, 35126, 25997, 29280, 2, 0, 0, 319
892,5,23, 1050154,benign, 535, 146, 8564, 0, 5828, 2694, 2, 464, 699, 0, 196, 33695, 397, 3, 41, 6814, 331, 443, 5, 13435, 9468, 19496, 0, 0, 25, 4846, 4916, 8482, 42, 0, 0, 18, 20, 166, 3, 33811, 25375, 28932, 2, 0, 0, 319
893,1,13, 1053189,benign, 624, 147, 8565, 0, 5827, 2695, 1, 464, 699, 0, 193, 34082, 397, 3, 41, 7112, 292, 445, 5, 13561, 9548, 19520, 0, 0, 25, 4769, 4832, 8487, 42, 0, 0, 18, 20, 160, 3, 34296, 25401, 28671, 2, 0, 0, 333
894,8,16, 1054970,benign, 677, 148, 8556, 0, 5826, 2689, 2, 464, 699, 0, 196, 33944, 397, 3, 41, 7521, 336, 445, 5, 13377, 9427, 19508, 0, 0, 25, 4774, 4836, 8484, 42, 0, 0, 19, 23, 160, 3, 34459, 25826, 29099, 2, 0, 0, 317
895,10,19, 1054532,benign, 643, 147, 8564, 4, 5825, 2689, 1, 464, 699, 0, 201, 33767, 397, 3, 43, 6863, 294, 442, 5, 13769, 9734, 19484, 0, 0, 25, 4822, 4995, 8487, 42, 0, 0, 19, 23, 160, 4, 33944, 25392, 28668, 2, 0, 0, 317
896,1,24, 1060106,benign, 811, 148, 8578, 0, 5827, 2694, 1, 464, 699, 0, 194, 33812, 397, 3, 41, 7543, 313, 451, 5, 14196, 10077, 19557, 0, 0, 25, 4775, 4955, 8478, 42, 0, 0, 18, 20, 166, 2, 34923, 25705, 29203, 2, 0, 0, 597
897,0,10, 1050408,benign, 513, 147, 8544, 4, 5823, 2685, 2, 464, 699, 0, 195, 33508, 397, 3, 41, 6862, 344, 446, 5, 13188, 9146, 19483, 0, 0, 25, 4762, 4846, 8493, 42, 0, 0, 18, 20, 167, 3, 33924, 25014, 28343, 2, 0, 0, 319
898,1,21, 1051371,benign, 583, 148, 8560, 0, 5829, 2694, 2, 464, 699, 0, 198, 33804, 397, 3, 43, 6837, 308, 506, 5, 13542, 9539, 19509, 0, 0, 25, 4791, 4821, 8477, 42, 0, 0, 18, 20, 159, 3, 34446, 25544, 28838, 2, 0, 0, 323
899,7,19, 1057777,benign, 777, 148, 8578, 0, 5822, 2691, 1, 464, 699, 0, 198, 34557, 397, 3, 42, 7312, 272, 449, 5, 14073, 9890, 19490, 0, 0, 25, 4722, 4885, 8478, 42, 0, 0, 18, 20, 169, 3, 34731, 25773, 29056, 2, 0, 0, 319
900,8,15, 1053436,benign, 609, 148, 8571, 4, 5828, 2683, 1, 464, 699, 0, 199, 33717, 397, 3, 41, 6893, 309, 448, 5, 13136, 9131, 19472, 0, 0, 25, 4722, 4882, 8487, 42, 0, 0, 18, 20, 159, 3, 34348, 25200, 28487, 2, 0, 0, 320
901,0,26, 1054223,benign, 671, 148, 8566, 0, 5824, 2690, 1, 464, 699, 0, 196, 33901, 397, 3, 43, 6781, 489, 445, 5, 13662, 9648, 19502, 0, 0, 25, 4724, 4880, 8477, 42, 0, 0, 18, 20, 158, 4, 33922, 25480, 28755, 2, 0, 0, 317
902,2,2, 1052368,SDC, 576, 146, 8567, 4, 5823, 2693, 1, 464, 694, 0, 198, 33514, 392, 3, 42, 7103, 314, 447, 5, 12942, 8971, 19463, 0, 0, 25, 4732, 4862, 8483, 42, 0, 0, 18, 20, 160, 3, 33870, 25256, 28575, 2, 0, 0, 320
903,1,27, 1050955,benign, 569, 148, 8562, 0, 5824, 2688, 1, 464, 699, 0, 202, 33467, 397, 3, 43, 6549, 305, 455, 5, 13051, 9087, 19512, 0, 0, 25, 4772, 4827, 8483, 42, 0, 0, 18, 20, 158, 3, 34008, 25280, 28582, 2, 0, 0, 384
904,2,13, 1059430,SDC, 814, 148, 8572, 0, 5820, 2692, 2, 464, 694, 0, 203, 34327, 392, 3, 42, 7171, 312, 509, 5, 13870, 10054, 19536, 0, 0, 25, 4775, 4945, 8483, 42, 0, 0, 18, 20, 159, 3, 34844, 25863, 29381, 2, 0, 0, 317
905,6,2, 1054678,benign, 676, 147, 8565, 0, 5829, 2694, 1, 464, 699, 0, 197, 33854, 397, 3, 43, 6971, 317, 445, 5, 13457, 9465, 19508, 0, 0, 25, 5022, 4704, 8483, 42, 0, 0, 18, 20, 159, 3, 34644, 25613, 28885, 2, 0, 0, 319
906,0,26, 1060197,benign, 524, 148, 8546, 0, 5820, 2689, 2, 464, 699, 0, 190, 33133, 397, 3, 39, 6472, 340, 439, 5, 13379, 9332, 19508, 0, 0, 25, 4509, 5100, 8482, 36, 0, 0, 18, 20, 158, 3, 33991, 24807, 28088, 1, 0, 0, 376
907,5,29, 1055219,benign, 677, 148, 8568, 0, 5826, 2691, 2, 464, 699, 0, 193, 34065, 397, 3, 41, 7341, 329, 446, 5, 13994, 9958, 19501, 0, 0, 25, 4800, 4974, 8502, 42, 0, 0, 18, 20, 159, 3, 34635, 25673, 28950, 2, 0, 0, 378
908,7,7, 1057227,benign, 752, 148, 8580, 0, 5825, 2689, 1, 464, 699, 0, 195, 33724, 397, 3, 43, 7391, 280, 733, 5, 13688, 9727, 19486, 0, 0, 25, 4734, 4869, 8483, 42, 0, 0, 18, 20, 158, 4, 34760, 25733, 29110, 2, 0, 0, 317
909,1,19, 1058813,benign, 814, 149, 8570, 0, 5824, 2687, 1, 464, 699, 0, 196, 33932, 397, 3, 42, 7612, 330, 447, 5, 13875, 9890, 19517, 0, 0, 25, 4726, 4877, 8484, 42, 0, 0, 18, 20, 159, 3, 35038, 26445, 29717, 2, 0, 0, 375
910,4,4, 1051402,benign, 580, 147, 8558, 1, 5828, 2693, 2, 464, 699, 0, 199, 33586, 397, 3, 41, 6623, 337, 444, 5, 13169, 9203, 19486, 0, 0, 25, 5034, 4702, 8478, 42, 0, 0, 18, 20, 160, 3, 33926, 25305, 28729, 2, 0, 0, 319
911,0,2, 1057589,benign, 756, 149, 8563, 0, 5821, 2685, 1, 464, 699, 0, 199, 33746, 397, 3, 43, 7345, 277, 442, 5, 13621, 9671, 19497, 0, 0, 25, 4812, 4790, 8484, 42, 0, 0, 18, 20, 160, 3, 34537, 26145, 29421, 2, 0, 0, 317
912,10,7, 1055615,benign, 694, 149, 8560, 0, 5829, 2695, 1, 464, 699, 0, 194, 33793, 397, 3, 42, 6920, 327, 645, 5, 13604, 9581, 19510, 0, 0, 25, 4779, 4946, 8482, 42, 0, 0, 18, 20, 160, 3, 34291, 25686, 28954, 2, 0, 0, 319
913,5,26, 1054617,benign, 673, 147, 8558, 0, 5826, 2689, 2, 464, 700, 0, 198, 33846, 397, 3, 41, 7019, 324, 504, 5, 13405, 9423, 19484, 0, 0, 25, 4768, 4957, 8479, 42, 0, 0, 18, 20, 160, 4, 34103, 25802, 29220, 2, 0, 0, 318
914,0,15, 1050058,benign, 533, 149, 8563, 0, 5829, 2695, 2, 464, 699, 0, 194, 33702, 397, 3, 41, 6808, 278, 513, 5, 13488, 9456, 19523, 0, 0, 25, 4700, 4915, 8483, 42, 0, 0, 18, 20, 165, 2, 34015, 25370, 28676, 2, 0, 0, 317
915,1,11, 1054084,benign, 628, 147, 8566, 4, 5819, 2685, 1, 464, 699, 0, 202, 33106, 397, 3, 43, 6912, 307, 442, 5, 13331, 9325, 19482, 0, 0, 25, 4718, 4898, 8485, 42, 0, 0, 19, 23, 161, 3, 33966, 25197, 28496, 2, 0, 0, 382
916,7,31, 1052476,benign, 579, 146, 8564, 4, 5830, 2691, 2, 464, 699, 0, 196, 33693, 397, 3, 42, 6974, 346, 442, 5, 13589, 9417, 19495, 0, 0, 25, 4728, 4876, 8474, 42, 0, 0, 18, 20, 157, 3, 34360, 25109, 28428, 2, 0, 0, 319
917,2,25, 1058731,benign, 812, 147, 8570, 0, 5828, 2695, 1, 464, 699, 0, 200, 33911, 397, 3, 41, 7885, 281, 444, 5, 14121, 10109, 19532, 0, 0, 25, 4708, 4898, 8492, 42, 0, 0, 18, 20, 160, 3, 35242, 26177, 29466, 2, 0, 0, 385
918,0,6, 1051261,benign, 559, 147, 8564, 0, 5826, 2693, 1, 464, 699, 0, 195, 33488, 397, 3, 41, 6650, 340, 504, 5, 13343, 9403, 19513, 0, 0, 25, 4768, 4951, 8484, 42, 0, 0, 18, 20, 160, 3, 33639, 25050, 28311, 2, 0, 0, 378
919,8,2, 1053073,benign, 625, 148, 8563, 0, 5828, 2691, 1, 464, 699, 0, 202, 33702, 397, 3, 42, 6804, 506, 445, 5, 13266, 9253, 19509, 0, 0, 25, 5000, 4638, 8483, 42, 0, 0, 18, 20, 160, 3, 34192, 25709, 28975, 2, 0, 0, 317
920,2,15, 1053916,SDC, 625, 146, 8565, 4, 5823, 2697, 1, 464, 694, 0, 202, 33866, 392, 3, 41, 6963, 331, 443, 5, 13530, 9491, 19467, 0, 0, 25, 4770, 4824, 8485, 42, 0, 0, 18, 20, 158, 3, 34380, 25651, 28917, 2, 0, 0, 319
921,2,31, 1054307,benign, 683, 148, 8567, 0, 5828, 2695, 1, 464, 699, 0, 197, 33664, 397, 3, 44, 7037, 308, 443, 5, 13418, 9462, 19505, 0, 0, 25, 4870, 4913, 8488, 42, 0, 0, 19, 23, 160, 4, 34447, 25507, 28760, 2, 0, 0, 378
922,5,28, 1050044,benign, 504, 148, 8552, 4, 5828, 2693, 5, 464, 700, 0, 197, 32988, 397, 3, 42, 6979, 327, 453, 5, 13235, 9227, 19464, 0, 0, 25, 4700, 4919, 8488, 42, 0, 0, 18, 20, 175, 2, 33905, 25052, 28324, 2, 0, 0, 378
923,10,4, 1058561,benign, 807, 148, 8575, 0, 5826, 2690, 4, 464, 700, 0, 195, 33781, 397, 3, 43, 7342, 340, 504, 5, 13979, 9984, 19483, 0, 0, 25, 4803, 4949, 8486, 42, 0, 0, 18, 20, 158, 3, 34606, 26191, 29472, 2, 0, 0, 319
924,5,16, 1055341,benign, 692, 148, 8566, 0, 5826, 2695, 2, 464, 699, 0, 195, 33648, 397, 3, 43, 7130, 293, 515, 5, 13636, 9692, 19505, 0, 0, 25, 4770, 4836, 8486, 40, 0, 0, 18, 20, 178, 4, 34260, 26093, 29583, 2, 0, 0, 320
925,10,8, 1051797,benign, 583, 146, 8574, 0, 5830, 2693, 1, 464, 699, 0, 198, 33254, 397, 3, 41, 6947, 253, 445, 5, 13349, 9337, 19501, 0, 0, 25, 4718, 4885, 8488, 42, 0, 0, 18, 20, 158, 4, 34191, 25833, 29104, 2, 0, 0, 317
926,6,25, 1050272,benign, 509, 148, 8556, 4, 5822, 2693, 2, 464, 699, 0, 198, 33515, 397, 3, 42, 6613, 313, 636, 5, 13187, 9214, 19484, 0, 0, 25, 4738, 4908, 8489, 42, 0, 0, 18, 20, 158, 4, 34005, 25424, 28691, 2, 0, 0, 319
927,2,8, 1050411,benign, 552, 149, 8556, 0, 5823, 2691, 2, 464, 699, 0, 202, 33512, 397, 3, 44, 6713, 295, 780, 5, 13265, 9327, 19498, 0, 0, 25, 4684, 4920, 8476, 42, 0, 0, 18, 20, 160, 3, 33942, 25576, 28877, 2, 0, 0, 319
928,1,1, 1053141,SDC, 624, 147, 8555, 0, 5821, 2695, 1, 464, 694, 0, 201, 33806, 392, 3, 41, 7243, 365, 504, 5, 13398, 9459, 19498, 0, 0, 25, 4724, 4877, 8485, 42, 0, 0, 18, 20, 158, 4, 34181, 25688, 28960, 2, 0, 0, 317
929,8,21, 1052019,benign, 582, 146, 8559, 0, 5824, 2689, 2, 464, 699, 0, 202, 33780, 397, 3, 42, 6711, 309, 445, 5, 13656, 9680, 19505, 0, 0, 25, 4835, 4992, 8482, 42, 0, 0, 19, 23, 159, 3, 34170, 25246, 28588, 2, 0, 0, 317
930,4,9, 1059804,benign, 493, 146, 8547, 3, 5816, 2687, 2, 464, 699, 0, 189, 32847, 397, 3, 40, 6480, 294, 439, 5, 12770, 8726, 19450, 0, 0, 25, 4443, 5153, 8466, 42, 0, 0, 18, 20, 153, 2, 33667, 25024, 28322, 2, 0, 0, 320
931,2,4, 1055327,benign, 706, 149, 8562, 0, 5827, 2692, 2, 464, 699, 0, 194, 33555, 397, 3, 41, 7257, 330, 445, 5, 13657, 9697, 19498, 0, 0, 25, 4747, 4891, 8480, 42, 0, 0, 18, 20, 157, 4, 34432, 25973, 29377, 2, 0, 0, 379
932,9,18, 1053727,benign, 638, 148, 8557, 0, 5825, 2694, 1, 464, 699, 0, 195, 33532, 397, 3, 42, 6716, 308, 518, 5, 14135, 9909, 19515, 0, 0, 25, 4713, 4884, 8481, 42, 0, 0, 18, 20, 304, 3, 34109, 25485, 28759, 2, 0, 0, 316
933,8,8, 1053091,benign, 618, 147, 8562, 0, 5825, 2687, 2, 464, 699, 0, 200, 34026, 397, 3, 42, 7266, 288, 445, 5, 13163, 9180, 19509, 0, 0, 25, 4744, 4895, 8488, 42, 0, 0, 18, 20, 314, 3, 34202, 25378, 28646, 2, 0, 0, 386
934,1,28, 1050728,benign, 525, 148, 8555, 4, 5825, 2687, 3, 464, 700, 0, 195, 33431, 397, 3, 42, 6619, 296, 445, 5, 13129, 8938, 19475, 0, 0, 25, 4757, 4837, 8486, 42, 0, 0, 18, 20, 158, 3, 33824, 25566, 28816, 2, 0, 0, 320
935,10,12, 1051293,benign, 581, 147, 8557, 0, 5827, 2692, 1, 464, 699, 0, 196, 33513, 397, 3, 40, 6779, 309, 443, 5, 13375, 9354, 19520, 0, 0, 25, 4778, 4950, 8484, 42, 0, 0, 18, 20, 159, 3, 34112, 25699, 29158, 2, 0, 0, 317
936,1,26, 1056526,benign, 739, 148, 8583, 0, 5829, 2687, 2, 464, 699, 0, 194, 34200, 397, 3, 43, 7320, 334, 443, 5, 13787, 9771, 19498, 0, 0, 25, 4722, 4885, 8486, 42, 0, 0, 18, 20, 323, 3, 34717, 25596, 28845, 2, 0, 0, 375
937,0,23, 1053582,benign, 645, 147, 8568, 0, 5826, 2695, 3, 464, 699, 0, 201, 33556, 397, 3, 43, 6865, 513, 493, 5, 13491, 9503, 19488, 0, 0, 25, 4725, 4888, 8485, 42, 0, 0, 19, 23, 160, 3, 34139, 25725, 29019, 2, 0, 0, 447
938,8,2, 1049906,benign, 515, 146, 8555, 0, 5821, 2687, 1, 464, 699, 0, 193, 33589, 397, 3, 41, 6659, 500, 455, 5, 13184, 9164, 19481, 0, 0, 25, 4564, 5166, 8480, 42, 0, 0, 18, 20, 168, 3, 33936, 25198, 28557, 2, 0, 0, 316
939,2,7, 1058352,SDC, 763, 146, 8573, 4, 5822, 2698, 1, 464, 694, 0, 197, 34079, 392, 3, 41, 7736, 309, 504, 5, 13628, 9673, 19466, 0, 0, 25, 4714, 4873, 8479, 42, 0, 0, 18, 20, 158, 4, 34395, 26162, 29423, 2, 0, 0, 319
940,6,28, 1059305,benign, 831, 149, 8567, 0, 5822, 2691, 1, 464, 699, 0, 198, 33971, 397, 3, 41, 7479, 313, 455, 5, 14179, 10186, 19543, 0, 0, 25, 4853, 4915, 8492, 42, 0, 0, 18, 20, 260, 3, 34912, 25919, 29206, 2, 0, 0, 320
941,0,31, 1052826,benign, 611, 147, 8566, 0, 5831, 2693, 1, 464, 699, 0, 205, 33459, 397, 3, 41, 7009, 302, 445, 5, 13219, 9221, 19499, 0, 0, 25, 4983, 4629, 8482, 42, 0, 0, 18, 20, 158, 3, 34432, 25596, 28862, 2, 0, 0, 329
942,9,31, 1050740,benign, 526, 146, 8557, 4, 5826, 2689, 1, 464, 699, 0, 193, 33474, 397, 3, 41, 6857, 277, 447, 5, 12900, 8938, 19461, 0, 0, 25, 4737, 4911, 8485, 42, 0, 0, 18, 20, 158, 4, 33617, 25094, 28345, 2, 0, 0, 317
943,10,3, 1056900,benign, 717, 146, 8577, 4, 5830, 2695, 2, 464, 699, 0, 201, 33567, 397, 3, 42, 7526, 305, 445, 5, 13603, 9468, 19475, 0, 0, 25, 4733, 4879, 8478, 42, 0, 0, 18, 20, 196, 2, 33920, 25756, 29139, 2, 0, 0, 317
944,2,16, 1055776,SDC, 686, 148, 8568, 4, 5820, 2694, 4, 464, 694, 0, 200, 33590, 392, 3, 41, 7105, 307, 456, 5, 13285, 9332, 19445, 0, 0, 25, 4727, 4910, 8479, 42, 0, 0, 18, 20, 160, 3, 34029, 25485, 28771, 2, 0, 0, 317
945,0,20, 1054785,benign, 689, 148, 8561, 0, 5828, 2687, 1, 464, 699, 0, 192, 33344, 397, 3, 41, 7315, 301, 445, 5, 13625, 9589, 19496, 0, 0, 25, 4775, 4832, 8483, 42, 0, 0, 18, 20, 160, 4, 34097, 25509, 28789, 2, 0, 0, 320
946,1,6, 1053772,benign, 621, 149, 8567, 4, 5825, 2691, 1, 464, 699, 0, 194, 33848, 397, 3, 43, 7087, 319, 504, 5, 13525, 9547, 19483, 0, 0, 25, 4852, 4869, 8489, 42, 0, 0, 18, 20, 220, 2, 34066, 25431, 28700, 2, 0, 0, 319
947,9,22, 1057593,benign, 779, 148, 8575, 0, 5826, 2689, 1, 464, 699, 0, 200, 33648, 397, 3, 42, 7198, 435, 511, 5, 13879, 9865, 19500, 0, 0, 25, 4966, 4765, 8486, 42, 0, 0, 18, 20, 158, 2, 34619, 25886, 29201, 2, 0, 0, 319
948,9,19, 1056286,benign, 723, 148, 8574, 0, 5824, 2687, 1, 464, 699, 0, 198, 33847, 397, 3, 41, 7200, 327, 573, 5, 13286, 9343, 19507, 0, 0, 25, 4968, 4635, 8483, 41, 0, 0, 18, 20, 160, 3, 34637, 26102, 29406, 2, 0, 0, 380
949,5,18, 1052859,benign, 615, 146, 8567, 0, 5826, 2690, 1, 464, 699, 0, 196, 33732, 397, 3, 43, 7121, 320, 504, 5, 13407, 9354, 19500, 0, 0, 25, 4722, 4871, 8478, 42, 0, 0, 18, 20, 159, 3, 34014, 25906, 29208, 2, 0, 0, 316
950,1,7, 1051739,benign, 583, 146, 8560, 0, 5824, 2692, 1, 464, 699, 0, 197, 33971, 397, 3, 41, 6868, 348, 446, 5, 13579, 9582, 19500, 0, 0, 25, 4725, 4876, 8482, 42, 0, 0, 18, 20, 159, 3, 34064, 25280, 28610, 2, 0, 0, 405
951,7,8, 1052025,benign, 589, 148, 8569, 0, 5824, 2685, 1, 464, 699, 0, 195, 33484, 397, 3, 41, 6723, 328, 669, 5, 13229, 9157, 19506, 0, 0, 25, 4759, 4891, 8485, 42, 0, 0, 18, 20, 160, 3, 34237, 25595, 29009, 2, 0, 0, 320
952,0,21, 1052217,benign, 589, 148, 8565, 0, 5826, 2689, 1, 464, 699, 0, 197, 33284, 397, 3, 41, 6720, 330, 447, 5, 13596, 9649, 19507, 0, 0, 25, 4870, 4895, 8491, 42, 0, 0, 18, 20, 160, 3, 33981, 25599, 29078, 2, 0, 0, 384
953,8,17, 1053250,benign, 622, 146, 8564, 0, 5828, 2693, 2, 464, 699, 0, 194, 33727, 397, 3, 41, 6694, 329, 442, 5, 13615, 9609, 19518, 0, 0, 25, 4717, 4882, 8486, 42, 0, 0, 18, 20, 166, 3, 34042, 25447, 28911, 2, 0, 0, 320
954,10,24, 1055369,benign, 701, 149, 8566, 0, 5827, 2688, 2, 464, 699, 0, 196, 33632, 397, 3, 43, 7051, 324, 443, 5, 13548, 9591, 19501, 0, 0, 25, 4713, 4896, 8480, 42, 0, 0, 19, 23, 160, 4, 34118, 25678, 28985, 2, 0, 0, 319
955,7,23, 1058584,benign, 770, 148, 8582, 4, 5830, 2694, 2, 464, 699, 0, 194, 33474, 397, 3, 43, 7694, 317, 541, 5, 13534, 9583, 19461, 0, 0, 25, 4781, 4829, 8484, 42, 0, 0, 18, 20, 159, 3, 34825, 25624, 28908, 2, 0, 0, 320
956,10,9, 1059035,benign, 821, 149, 8567, 0, 5822, 2692, 1, 464, 699, 0, 197, 33852, 397, 3, 41, 7678, 302, 502, 5, 13933, 9975, 19495, 0, 0, 25, 4786, 4932, 8479, 42, 0, 0, 18, 20, 166, 3, 34576, 26216, 29545, 2, 0, 0, 317
957,2,25, 1058804,benign, 777, 147, 8587, 4, 5830, 2695, 1, 464, 699, 0, 194, 33539, 397, 3, 41, 7410, 283, 449, 5, 13396, 9407, 19466, 0, 0, 25, 4767, 4827, 8493, 42, 0, 0, 18, 20, 168, 3, 34435, 25752, 29041, 2, 0, 0, 393
958,3,29, 1056535,SDC, 744, 148, 8568, 0, 5819, 2690, 1, 464, 694, 0, 197, 34057, 392, 3, 41, 7059, 313, 509, 5, 13613, 9625, 19509, 0, 0, 25, 4991, 4655, 8487, 42, 0, 0, 18, 20, 158, 4, 34510, 25576, 28869, 2, 0, 0, 377
959,5,11, 1051415,benign, 571, 148, 8571, 0, 5829, 2687, 3, 464, 699, 0, 202, 33523, 397, 3, 43, 6783, 288, 443, 5, 13441, 9439, 19502, 0, 0, 25, 4860, 5000, 8479, 42, 0, 0, 18, 20, 166, 3, 34289, 25397, 28663, 2, 0, 0, 317
960,1,31, 1059128,benign, 787, 148, 8567, 4, 5828, 2692, 2, 464, 700, 0, 203, 34303, 397, 3, 41, 7855, 289, 445, 5, 13458, 9491, 19481, 0, 0, 25, 4720, 4886, 8488, 42, 0, 0, 18, 20, 159, 3, 34617, 25863, 29445, 2, 0, 0, 379
961,2,24, 1051328,SDC, 545, 146, 8548, 4, 5822, 2691, 2, 464, 694, 0, 198, 33357, 392, 3, 41, 6667, 297, 573, 5, 12917, 8970, 19459, 0, 0, 25, 4698, 4884, 8485, 42, 0, 0, 18, 20, 159, 3, 33963, 25056, 28461, 2, 0, 0, 322
962,8,19, 1060256,benign, 503, 148, 8559, 4, 5826, 2694, 4, 464, 699, 0, 192, 33146, 397, 3, 41, 6416, 311, 442, 5, 13342, 9272, 19491, 0, 0, 25, 4435, 5172, 8475, 34, 0, 0, 18, 20, 161, 2, 33452, 24797, 28241, 2, 0, 0, 375
963,9,10, 1058161,benign, 774, 146, 8571, 0, 5824, 2691, 2, 464, 699, 0, 196, 34047, 397, 3, 42, 7510, 298, 556, 6, 13621, 9605, 19496, 0, 0, 25, 4780, 4955, 8493, 42, 0, 0, 18, 20, 160, 3, 34835, 26119, 29391, 2, 0, 0, 379
964,10,10, 1056155,benign, 720, 149, 8573, 0, 5826, 2694, 2, 464, 699, 0, 195, 34006, 397, 3, 42, 7185, 286, 452, 5, 13543, 9570, 19523, 0, 0, 25, 4724, 4872, 8480, 42, 0, 0, 19, 23, 162, 4, 34637, 25925, 29207, 2, 0, 0, 321
965,2,20, 1050573,SDC, 542, 149, 8559, 0, 5826, 2691, 1, 464, 694, 0, 200, 33631, 392, 3, 45, 6649, 317, 443, 5, 13409, 9420, 19487, 0, 0, 25, 4708, 4921, 8480, 42, 0, 0, 18, 20, 160, 3, 34384, 25793, 29195, 2, 0, 0, 320
966,10,18, 1056274,benign, 721, 147, 8576, 0, 5831, 2695, 2, 464, 699, 0, 194, 33785, 397, 3, 42, 7037, 337, 565, 5, 14009, 10075, 19557, 0, 0, 25, 4799, 4807, 8490, 42, 0, 0, 18, 20, 159, 3, 34325, 25560, 28836, 2, 0, 0, 320
967,9,14, 1056224,benign, 696, 146, 8576, 4, 5830, 2693, 2, 464, 699, 0, 201, 33673, 397, 3, 41, 7303, 537, 504, 5, 13613, 9586, 19472, 0, 0, 25, 4804, 4848, 8486, 41, 0, 0, 18, 20, 159, 4, 34084, 25550, 28813, 2, 0, 0, 319
968,8,7, 1057610,benign, 778, 149, 8576, 0, 5826, 2689, 1, 464, 699, 0, 200, 33884, 397, 3, 41, 7702, 308, 515, 5, 13995, 10032, 19533, 0, 0, 25, 4728, 4906, 8494, 42, 0, 0, 18, 20, 166, 3, 34649, 25807, 29129, 2, 0, 0, 385
969,10,5, 1056036,benign, 691, 148, 8578, 4, 5826, 2693, 1, 464, 699, 0, 197, 33555, 397, 3, 42, 7208, 309, 442, 5, 13253, 9278, 19463, 0, 0, 25, 4780, 4818, 8479, 42, 0, 0, 18, 20, 158, 3, 34100, 25429, 28706, 2, 0, 0, 447
970,4,8, 1058904,benign, 780, 149, 8579, 4, 5834, 2692, 3, 464, 699, 0, 205, 33903, 397, 3, 41, 7829, 310, 455, 5, 14136, 10170, 19513, 0, 0, 25, 4770, 4834, 8483, 42, 0, 0, 18, 20, 158, 3, 34298, 26070, 29503, 2, 0, 0, 320
971,8,28, 1052460,benign, 579, 147, 8556, 4, 5826, 2695, 2, 464, 699, 0, 196, 33255, 397, 3, 43, 6808, 340, 669, 5, 13485, 9511, 19472, 0, 0, 25, 4728, 4872, 8480, 42, 0, 0, 19, 23, 160, 3, 33718, 25563, 28824, 2, 0, 0, 319
972,10,10, 1052212,benign, 571, 149, 8555, 4, 5825, 2688, 3, 464, 699, 0, 193, 33434, 397, 3, 43, 7183, 328, 444, 5, 13251, 9285, 19490, 0, 0, 25, 4734, 4877, 8496, 42, 0, 0, 18, 20, 159, 4, 33769, 25037, 28307, 2, 0, 0, 384
973,3,26, 1053683,SDC, 658, 148, 8567, 0, 5820, 2691, 1, 464, 694, 0, 196, 33701, 392, 3, 42, 7299, 310, 504, 5, 13450, 9450, 19492, 0, 0, 25, 4776, 4819, 8482, 40, 0, 0, 18, 20, 158, 3, 34311, 25545, 28834, 2, 0, 0, 317
974,0,30, 1057718,benign, 771, 147, 8580, 0, 5828, 2689, 1, 464, 699, 0, 198, 33715, 397, 3, 43, 7280, 275, 443, 5, 13656, 9756, 19488, 0, 0, 25, 4962, 4633, 8480, 42, 0, 0, 18, 20, 160, 4, 34684, 25831, 29138, 2, 0, 0, 378
975,2,7, 1050864,benign, 529, 146, 8553, 4, 5826, 2689, 1, 464, 699, 0, 199, 33325, 397, 3, 43, 6614, 305, 624, 5, 12950, 8944, 19480, 0, 0, 25, 4698, 4895, 8486, 42, 0, 0, 18, 20, 160, 3, 33485, 25363, 28675, 2, 0, 0, 319
976,10,7, 1058784,benign, 778, 148, 8567, 4, 5830, 2694, 1, 464, 699, 0, 200, 33541, 397, 3, 42, 7964, 278, 445, 5, 13714, 9736, 19482, 0, 0, 25, 4722, 4889, 8473, 42, 0, 0, 18, 20, 168, 3, 34122, 26006, 29306, 2, 0, 0, 316
977,2,21, 1054694,SDC, 698, 148, 8556, 0, 5823, 2697, 2, 464, 694, 0, 198, 33684, 392, 3, 42, 6968, 304, 567, 5, 13300, 9295, 19503, 0, 0, 25, 4700, 4893, 8482, 41, 0, 0, 18, 20, 158, 3, 34035, 25851, 29111, 2, 0, 0, 321
978,8,12, 1054005,benign, 643, 146, 8567, 0, 5829, 2695, 1, 464, 699, 0, 195, 33811, 397, 3, 42, 7326, 335, 442, 5, 13104, 9088, 19509, 0, 0, 25, 4993, 4644, 8487, 42, 0, 0, 18, 20, 158, 3, 34310, 25699, 29196, 2, 0, 0, 317
979,3,0, 1055865,SDC, 706, 148, 8566, 0, 5821, 2689, 3, 464, 694, 0, 199, 33875, 392, 3, 42, 7192, 328, 445, 5, 13639, 9625, 19490, 0, 0, 25, 4735, 4903, 8482, 42, 0, 0, 18, 20, 158, 3, 34216, 25772, 29052, 2, 0, 0, 319
980,4,21, 1050272,benign, 511, 146, 8561, 3, 5828, 2694, 2, 464, 699, 0, 197, 33192, 397, 3, 41, 6458, 343, 446, 5, 13052, 9160, 19498, 0, 0, 25, 4839, 5028, 8486, 42, 0, 0, 18, 20, 158, 4, 33829, 25355, 28648, 2, 0, 0, 378
981,2,0, 1050376,benign, 512, 146, 8556, 4, 5826, 2694, 1, 464, 699, 0, 195, 33102, 397, 3, 41, 7049, 286, 444, 5, 12965, 8991, 19458, 0, 0, 25, 4769, 4969, 8484, 40, 0, 0, 18, 20, 165, 3, 33676, 25098, 28361, 2, 0, 0, 333
982,5,25, 1056761,benign, 757, 146, 8576, 0, 5824, 2691, 2, 464, 699, 0, 194, 34155, 397, 3, 42, 7190, 332, 504, 5, 13936, 9895, 19501, 0, 0, 25, 4741, 4907, 8488, 42, 0, 0, 18, 20, 158, 3, 34335, 26190, 29463, 2, 0, 0, 376
983,0,22, 1058039,benign, 769, 146, 8560, 0, 5828, 2696, 1, 464, 699, 0, 197, 34091, 397, 3, 41, 7342, 327, 729, 5, 14060, 10092, 19546, 0, 0, 25, 4767, 4836, 8485, 42, 0, 0, 19, 23, 160, 3, 34465, 25711, 29238, 2, 0, 0, 321
984,0,3, 1050949,benign, 555, 146, 8561, 0, 5826, 2691, 1, 464, 699, 0, 198, 33598, 397, 3, 43, 7081, 341, 442, 5, 13268, 9247, 19480, 0, 0, 25, 4777, 4954, 8490, 42, 0, 0, 18, 20, 160, 3, 34116, 25511, 28804, 2, 0, 0, 317
985,4,26, 1058436,benign, 766, 148, 8573, 3, 5822, 2688, 1, 464, 699, 0, 197, 34200, 397, 3, 43, 7459, 320, 451, 5, 13513, 9512, 19473, 0, 0, 25, 4816, 4837, 8491, 42, 0, 0, 18, 20, 158, 3, 34502, 25639, 28909, 2, 0, 0, 317
986,4,20, 1058458,benign, 800, 147, 8575, 0, 5824, 2689, 2, 464, 699, 0, 201, 33969, 397, 3, 41, 7650, 300, 439, 5, 14073, 10051, 19555, 0, 0, 25, 4805, 4964, 8488, 42, 0, 0, 18, 20, 152, 2, 34819, 26193, 29489, 1, 0, 0, 377
987,2,2, 1058286,benign, 783, 147, 8583, 0, 5829, 2690, 2, 464, 699, 0, 200, 33912, 397, 3, 42, 7768, 260, 448, 5, 13663, 9768, 19512, 0, 0, 25, 4764, 4954, 8480, 42, 0, 0, 18, 20, 158, 4, 34410, 26298, 29562, 2, 0, 0, 320
988,0,1, 1052246,benign, 602, 148, 8561, 0, 5825, 2685, 2, 464, 699, 0, 198, 33538, 397, 3, 41, 6748, 304, 445, 5, 13354, 9327, 19499, 0, 0, 25, 4859, 4900, 8482, 42, 0, 0, 18, 20, 158, 4, 34201, 25496, 28838, 2, 0, 0, 316
989,2,29, 1053146,SDC, 619, 147, 8558, 0, 5824, 2695, 1, 464, 694, 0, 194, 33376, 392, 3, 41, 7027, 529, 445, 5, 13479, 9262, 19488, 0, 0, 25, 4713, 4877, 8475, 41, 0, 0, 18, 20, 157, 4, 34652, 25499, 28774, 2, 0, 0, 384
990,5,12, 1057716,benign, 742, 147, 8577, 4, 5822, 2693, 1, 464, 699, 0, 197, 34015, 397, 3, 43, 7447, 302, 441, 5, 13830, 9635, 19470, 0, 0, 25, 4728, 4863, 8481, 42, 0, 0, 18, 20, 160, 3, 34591, 25652, 29159, 2, 0, 0, 318
991,7,21, 1050109,benign, 541, 147, 8555, 0, 5824, 2688, 1, 464, 699, 0, 199, 33516, 397, 3, 41, 6740, 316, 518, 5, 13384, 9363, 19506, 0, 0, 25, 4468, 5178, 8489, 42, 0, 0, 18, 20, 166, 2, 34009, 25520, 28788, 2, 0, 0, 316
992,5,25, 1056605,benign, 728, 149, 8556, 0, 5823, 2689, 1, 464, 699, 0, 195, 33753, 397, 3, 41, 7404, 290, 503, 5, 13588, 9575, 19501, 0, 0, 25, 4724, 4884, 8494, 42, 0, 0, 18, 20, 159, 3, 34560, 25618, 28881, 2, 0, 0, 384
993,7,29, 1055657,benign, 704, 148, 8573, 0, 5823, 2687, 3, 464, 699, 0, 196, 33730, 397, 3, 41, 7113, 319, 453, 5, 13757, 9814, 19506, 0, 0, 25, 4721, 4921, 8492, 42, 0, 0, 18, 20, 157, 3, 34400, 25739, 29019, 2, 0, 0, 440
994,5,4, 1056424,benign, 703, 147, 8574, 4, 5825, 2689, 2, 464, 699, 0, 198, 33673, 397, 3, 42, 7230, 285, 448, 5, 13344, 9395, 19477, 0, 0, 25, 4705, 4887, 8482, 42, 0, 0, 18, 20, 158, 3, 34403, 25645, 28946, 2, 0, 0, 321
995,8,30, 1056925,benign, 761, 146, 8576, 0, 5826, 2695, 1, 464, 699, 0, 204, 33760, 397, 3, 44, 7364, 308, 445, 5, 13778, 9821, 19498, 0, 0, 25, 4739, 4908, 8493, 42, 0, 0, 18, 20, 159, 3, 34627, 25837, 29315, 2, 0, 0, 317
996,10,28, 1051366,benign, 563, 149, 8544, 0, 5831, 2696, 1, 464, 699, 0, 195, 33305, 397, 3, 43, 6564, 284, 452, 5, 13649, 9657, 19501, 0, 0, 25, 4768, 4962, 8488, 42, 0, 0, 18, 20, 158, 3, 34016, 25344, 28725, 2, 0, 0, 317
997,10,6, 1057993,benign, 769, 146, 8573, 0, 5822, 2689, 1, 464, 699, 0, 199, 33765, 397, 3, 41, 7874, 337, 510, 5, 13897, 9922, 19498, 0, 0, 25, 4794, 4975, 8485, 42, 0, 0, 18, 20, 157, 4, 35080, 26199, 29492, 2, 0, 0, 319
998,7,31, 1050636,benign, 522, 146, 8551, 4, 5832, 2693, 1, 464, 699, 0, 199, 33196, 397, 3, 43, 6865, 250, 445, 5, 13218, 9233, 19491, 0, 0, 25, 4706, 4893, 8482, 42, 0, 0, 18, 20, 160, 3, 33734, 24964, 28271, 2, 0, 0, 320
999,6,15, 1057259,benign, 760, 149, 8575, 0, 5823, 2688, 1, 464, 699, 0, 195, 33733, 397, 3, 41, 7530, 309, 460, 5, 13847, 9826, 19498, 0, 0, 25, 4758, 4884, 8478, 42, 0, 0, 18, 20, 158, 4, 34447, 26118, 29395, 2, 0, 0, 378
