num,reg,pos,loc,res,0,1,2,3,4,5,6,7,8,9,10,11,12,13,14,15,16,17,18,19,20,21,22,23,24,25,26,27,28,29,30,31,32,33,34,35,36,37,38,39,40,41
0,5,5,1060935,benign,126,27,11139,0,8030,3089,1,2616,2929,0,695,39518,3245,3,52,1316,705,323,3,13615,7812,30385,0,0,654,8829,7679,11548,0,0,0,18,22,141,2,39907,31356,34626,2,0,0,317
1,9,15,1060823,benign,190,151,11137,0,8015,3077,1,2616,2929,0,676,39282,3245,3,52,1259,743,317,4,13768,8083,30430,0,0,654,8866,7681,11571,0,0,0,18,23,32,0,39320,30854,34343,2,0,0,317
2,10,23,1060858,benign,197,153,11098,0,7986,3075,1,2616,2929,0,682,39320,3245,3,51,1260,766,318,3,13506,7681,30319,0,0,654,8847,7702,11572,0,0,0,18,25,33,0,39301,30819,34027,1,0,0,317
3,9,16,1061073,benign,209,153,11120,0,8000,3066,1,2616,2929,0,685,39852,3245,3,53,1397,792,324,3,13815,8048,30340,0,0,654,8846,7667,11585,0,0,0,18,23,39,0,39623,31067,34450,2,0,0,317
4,5,30,1061025,benign,201,153,11099,0,7992,3068,1,2616,2929,0,690,39292,3245,3,52,1594,776,424,3,13902,7946,30304,0,0,654,8840,7651,11494,0,0,0,18,24,38,0,39386,31304,34533,2,0,0,317
5,4,14,1061023,benign,209,153,11124,0,8009,3076,1,2616,2929,0,688,39720,3245,3,52,1433,728,318,3,13920,8106,30411,0,0,654,8851,7668,11521,0,0,0,18,23,39,0,39494,30819,34108,2,0,0,317
6,5,14,1060948,benign,166,153,11123,4,8006,3078,1,2616,2929,0,683,39139,3245,3,51,1289,794,324,4,13234,7449,30293,0,0,654,8860,7689,11568,0,0,0,18,24,39,0,39778,30872,34174,2,0,0,317
7,3,29,1060831,benign,177,153,11129,0,8003,3081,1,2616,2929,0,693,39410,3245,3,51,1378,796,320,4,13420,7637,30325,0,0,654,8870,7659,11545,0,0,0,18,23,137,2,39591,30854,34169,2,0,0,317
8,1,9,1060987,benign,178,153,11126,0,8019,3088,1,2616,2929,0,700,39670,3245,3,52,1281,729,318,3,13639,7690,30282,0,0,654,8845,7656,11526,0,0,0,18,23,33,0,39256,30904,34159,1,0,0,317
9,1,8,1060912,benign,166,154,11110,4,7999,3088,1,2616,2929,0,695,39569,3245,3,51,1577,744,323,3,13336,7552,30349,0,0,654,8860,7646,11564,0,0,0,18,24,141,2,39617,30728,34174,2,0,0,317
10,7,23,1060991,benign,179,153,11126,0,8019,3080,1,2616,2929,0,686,39281,3245,3,52,1290,722,420,3,13338,7669,30338,0,0,654,8839,7648,11501,0,0,0,19,27,35,0,39577,30908,34350,1,0,0,317
11,5,1,1060825,benign,187,153,11121,0,8005,3089,1,2616,2929,0,684,39434,3245,3,51,1242,748,419,3,13602,7877,30370,0,0,654,8827,7625,11548,0,0,0,18,25,33,1,39554,31085,34401,2,0,0,317
12,5,14,1061034,benign,201,151,11129,0,8016,3084,1,2616,2929,0,700,39804,3245,3,53,1419,743,427,3,13457,7767,30291,0,0,654,8872,7652,11496,0,0,0,18,24,39,0,39334,31008,34415,2,0,0,317
13,5,17,1060796,benign,157,153,11117,4,8004,3076,1,2616,2929,0,675,39280,3245,3,51,1162,696,318,4,13161,7422,30370,0,0,654,8861,7672,11542,0,0,0,19,27,35,0,39004,30702,34002,2,0,0,317
14,8,18,1060894,benign,177,153,11152,0,8041,3082,1,2616,2929,0,700,39601,3245,3,53,1226,968,321,4,13622,7684,30465,0,0,654,8859,7683,11558,0,0,0,18,24,37,0,39546,31012,34233,1,0,0,317
15,4,11,1060821,benign,185,153,11107,0,7996,3086,1,2616,2929,0,682,39300,3245,3,52,1235,757,317,3,13521,7423,30262,0,0,654,8850,7613,11523,0,0,0,18,23,32,0,39334,30834,34113,1,0,0,317
16,7,0,1060861,benign,182,153,11112,0,8011,3088,1,2616,2929,0,676,39251,3245,3,52,1296,773,318,3,13851,7948,30397,0,0,654,8865,7672,11554,0,0,0,18,24,33,0,39762,30973,34241,1,0,0,317
17,4,9,1061033,benign,197,151,11097,1,7984,3073,1,2616,2930,0,688,39391,3245,3,51,1342,731,324,4,13392,7644,30209,0,0,654,8808,7639,11509,0,0,0,18,25,132,2,39788,31017,34495,3,0,0,317
18,6,3,1060918,benign,186,153,11147,0,8040,3094,1,2616,2929,0,702,39603,3245,3,52,1355,765,426,3,13566,7628,30330,0,0,654,8858,7676,11552,0,0,0,18,23,39,0,39671,30947,34216,2,0,0,317
19,2,6,1060928,SDC,167,20802,176075,6,172718,3035,1,2555,2854,0,694,40427,3156,3,53,1370,730,412,3,15143,7800,29661,0,0,640,8633,7458,11307,0,0,0,18,23,232,7,40543,31890,35157,3,0,0,317
20,5,2,1061031,benign,202,153,11159,0,8035,3072,1,2616,2929,0,697,39819,3245,3,52,1339,770,324,3,13736,7879,30276,0,0,654,8848,7676,11536,0,0,0,18,24,39,0,39862,31010,34278,2,0,0,317
21,0,28,1061055,benign,211,153,11124,0,8007,3069,1,2616,2929,0,694,39754,3245,3,53,1387,764,324,3,13691,7950,30282,0,0,654,8851,7681,11560,0,0,0,18,25,141,2,39889,31020,34260,2,0,0,317
22,10,16,1060893,benign,189,153,11132,0,8019,3078,1,2616,2929,0,707,39753,3245,3,52,1291,756,322,3,13555,7766,30304,0,0,654,8871,7702,11581,0,0,0,18,22,37,0,39462,31177,34398,1,0,0,317
23,2,23,1060921,benign,192,153,11120,0,8006,3083,1,2616,2929,0,683,39376,3245,3,52,1323,945,324,4,13611,7766,30365,0,0,654,8857,7662,11513,0,0,0,18,24,38,0,39379,31226,34552,2,0,0,317
24,7,6,1060961,benign,189,153,11110,0,8001,3082,1,2616,2929,0,691,39487,3245,3,52,1311,769,324,4,13518,7748,30285,0,0,654,8867,7682,11535,0,0,0,18,22,39,0,39499,31066,34482,2,0,0,317
25,2,7,1061015,benign,206,153,11118,0,8006,3083,1,2616,2929,0,681,39325,3245,3,53,1340,741,324,3,13708,7955,30211,0,0,654,8831,7649,11500,0,0,0,18,25,39,0,39390,31248,34493,2,0,0,317
26,6,19,1061094,benign,196,153,11101,0,7983,3066,1,2616,2929,0,695,39788,3245,3,52,1347,786,324,3,13511,7692,30304,0,0,654,8839,7632,11565,0,0,0,18,23,39,0,39932,31209,34460,2,0,0,317
27,10,26,1060921,benign,192,153,11134,0,8028,3087,1,2616,2929,0,691,39686,3245,3,52,1541,761,323,3,13698,7819,30422,0,0,654,8854,7698,11576,0,0,0,18,25,39,0,39433,31005,34308,2,0,0,317
28,7,10,1060847,benign,186,152,11134,0,8017,3079,1,2616,2929,0,681,39441,3245,3,52,1328,719,318,3,13601,7750,30321,0,0,654,8875,7665,11549,0,0,0,18,24,33,0,39367,30811,34116,1,0,0,317
29,6,14,1060894,benign,185,153,11111,0,8008,3086,1,2616,2929,0,690,39369,3245,3,52,1308,750,426,4,13464,7715,30436,0,0,654,8816,7631,11531,0,0,0,18,24,37,0,39464,30899,34170,1,0,0,317
30,0,13,1060807,benign,183,153,11143,0,8022,3073,1,2616,2929,0,685,39227,3245,3,52,1342,683,412,4,13438,7679,30359,0,0,654,8841,7678,11556,0,0,0,18,25,34,1,39197,30671,33941,2,0,0,316
31,0,16,1060873,benign,186,153,11122,0,8020,3076,1,2616,2929,0,680,39604,3245,3,53,1375,728,318,4,13831,8004,30429,0,0,654,8839,7640,11531,0,0,0,18,22,32,0,39438,31073,34345,1,0,0,317
32,0,0,1060915,benign,192,153,11125,0,8011,3080,1,2616,2929,0,684,39432,3245,3,52,1609,761,426,3,13485,7588,30313,0,0,654,8840,7665,11530,0,0,0,18,24,39,0,39767,30934,34366,2,0,0,317
33,3,5,1061060,benign,180,153,11117,4,8004,3073,1,2616,2929,0,709,39658,3245,3,51,1547,793,324,4,13413,7548,30376,0,0,654,8829,7633,11538,0,0,0,18,23,39,0,39490,30950,34221,2,0,0,317
34,9,30,1060987,benign,184,153,11122,0,8012,3080,1,2616,2929,0,689,39438,3245,3,53,1287,749,318,3,13415,7673,30301,0,0,654,8854,7646,11530,0,0,0,18,24,33,0,39590,31364,34883,1,0,0,317
35,1,25,1061010,benign,199,153,11117,0,8000,3078,1,2616,2929,0,696,39599,3245,3,52,1484,769,324,3,13457,7653,30287,0,0,654,8853,7657,11527,0,0,0,18,23,38,0,39377,31104,34356,2,0,0,317
36,9,14,1061038,benign,210,153,11120,0,8010,3069,1,2616,2929,0,715,39702,3245,3,52,1366,806,323,3,13743,8008,30331,0,0,654,8830,7638,11496,0,0,0,19,26,41,0,39452,31099,34333,2,0,0,317
37,3,28,1061018,SDC,208,153,10924,0,7900,3025,1,2554,2815,0,626,37866,3115,3,52,1349,747,323,3,13828,7989,30000,0,0,638,8194,7185,10998,0,0,0,18,20,39,0,37400,29177,32569,2,0,0,317
38,1,30,1060840,benign,158,153,11164,4,8050,3098,1,2616,2929,0,697,39265,3245,3,51,1260,801,419,3,13350,7506,30271,0,0,654,8850,7670,11551,0,0,0,18,25,33,0,39272,30776,34017,1,0,0,317
39,4,21,1060890,benign,182,153,11119,0,8016,3081,1,2616,2929,0,683,39462,3245,3,53,1492,737,319,3,13496,7802,30366,0,0,654,8846,7692,11575,0,0,0,18,23,34,0,39537,31019,34287,1,0,0,317
40,0,0,1060811,benign,189,153,11116,0,8001,3080,1,2616,2929,0,685,39207,3245,3,52,1165,690,320,3,13475,7854,30348,0,0,654,8852,7629,11538,0,0,0,18,23,34,1,39314,31087,34395,2,0,0,317
41,1,23,1060819,benign,180,153,11121,0,8000,3077,1,2616,2929,0,692,39531,3245,3,51,1162,775,372,3,13539,7705,30351,0,0,654,8852,7685,11571,0,0,0,18,23,39,0,39048,30757,34239,2,0,0,317
42,0,16,1061041,benign,206,153,11117,0,8010,3079,1,2616,2929,0,702,39742,3245,3,52,1362,821,324,3,13877,8184,30368,0,0,654,8849,7645,11501,0,0,0,18,23,39,0,39560,31355,34665,2,0,0,317
43,7,13,1060987,benign,184,153,11123,0,8019,3081,2,2616,2929,0,699,39517,3245,3,53,1344,759,318,4,13353,7624,30231,0,0,654,8865,7648,11536,0,0,0,18,23,33,0,39426,31302,34765,1,0,0,317
44,3,1,1060971,SDC,187,155,10294,0,7429,2880,1,2450,2714,0,637,37235,2989,3,54,1313,773,324,4,12632,7104,27920,0,0,613,8034,6985,10691,0,0,0,18,23,39,0,37149,28766,32002,2,0,0,317
45,0,26,1061055,benign,193,153,11146,0,8030,3081,1,2616,2929,0,688,39614,3245,3,53,1380,751,324,3,13839,8095,30414,0,0,654,8851,7659,11558,0,0,0,18,24,39,0,39656,30932,34178,2,0,0,317
46,6,23,1060816,benign,160,153,11090,4,7983,3078,1,2616,2929,0,682,39396,3245,3,51,1343,726,318,3,13634,7999,30374,0,0,654,8844,7671,11521,0,0,0,18,22,39,0,39121,30671,33971,2,0,0,317
47,5,0,1061076,benign,179,153,11095,4,7982,3068,1,2616,2929,0,691,39329,3245,3,51,1338,791,426,3,13579,7697,30292,0,0,654,8856,7667,11540,0,0,0,18,23,39,0,39201,30850,34115,2,0,0,317
48,10,28,1061037,benign,202,153,11122,0,8018,3078,1,2616,2929,0,692,39586,3245,3,52,1584,727,428,3,13599,7768,30336,0,0,654,8878,7662,11512,0,0,0,18,25,132,2,40042,31234,34475,2,0,0,317
49,2,4,1061076,benign,178,153,11152,4,8026,3081,1,2616,2929,0,691,39303,3245,3,52,1321,776,324,3,13434,7618,30272,0,0,654,8857,7661,11565,0,0,0,19,25,41,0,39295,30838,34165,2,0,0,317
50,6,26,1060859,benign,185,153,11123,0,8005,3075,1,2616,2929,0,700,39716,3245,3,52,1284,809,318,3,13484,7620,30311,0,0,654,8843,7693,11576,0,0,0,18,23,133,2,39984,31031,34280,1,0,0,317
51,6,8,1061038,benign,207,153,11146,0,8040,3075,1,2616,2929,0,700,39602,3245,3,52,1367,792,324,3,13877,7970,30213,0,0,654,8828,7642,11506,0,0,0,18,24,39,0,39570,31111,34407,2,0,0,317
52,0,18,1061089,benign,206,155,11101,0,7983,3064,1,2613,2930,0,702,39700,3245,3,55,1365,758,324,4,13733,7929,30259,0,0,653,8840,7631,11527,0,0,0,18,22,141,2,39630,31167,34602,2,0,0,317
53,4,26,1061022,benign,196,153,11140,0,8023,3076,1,2616,2929,0,701,39431,3245,3,51,1357,751,324,3,13926,7955,30460,0,0,654,8844,7650,11513,0,0,0,18,24,39,0,39775,31071,34337,2,0,0,317
0,6,27,1060857,benign,123,27,11133,0,8027,3085,1,2616,2929,0,702,39506,3245,3,52,1313,694,318,4,13863,7872,30344,0,0,654,8864,7650,11559,0,0,0,18,23,33,0,39620,31063,34525,1,0,0,317
1,10,24,1060922,benign,192,153,11128,0,8014,3080,1,2616,2929,0,694,39735,3245,3,52,1336,766,324,3,13605,7796,30416,0,0,654,8863,7672,11550,0,0,0,18,24,39,0,39405,31193,34495,2,0,0,317
2,4,21,1060877,benign,186,153,11142,0,8027,3079,1,2616,2929,0,708,39610,3245,3,52,1260,757,319,3,13740,7635,30372,0,0,654,8838,7668,11564,0,0,0,18,23,34,0,39331,31041,34305,1,0,0,317
3,8,10,1061052,benign,178,153,11085,4,7979,3069,1,2616,2929,0,689,39364,3245,3,51,1534,763,427,3,13632,7526,30269,0,0,654,8810,7619,11477,0,0,0,18,24,39,0,39355,30645,33920,2,0,0,317
4,4,5,1060970,benign,186,153,11146,0,8026,3082,1,2616,2929,0,701,39552,3245,3,51,1343,701,324,3,13729,7677,30289,0,0,654,8865,7666,11532,0,0,0,18,23,39,0,39518,31182,34639,3,0,0,317
5,10,15,1061008,benign,177,153,11133,4,8022,3084,1,2616,2929,0,694,39471,3245,3,52,1375,749,425,3,13526,7596,30309,0,0,654,8835,7648,11463,0,0,0,18,24,132,2,39823,30917,34219,2,0,0,317
6,4,27,1061075,benign,203,153,11141,0,8023,3066,1,2616,2929,0,692,39486,3245,3,51,1431,913,324,3,13908,8018,30286,0,0,654,8835,7673,11574,0,0,0,18,22,38,0,39665,31050,34283,2,0,0,317
7,3,0,1060836,benign,161,153,11124,4,8007,3075,1,2616,2930,0,678,39226,3245,3,51,1302,726,421,4,13237,7377,30376,0,0,654,8833,7651,11495,0,0,0,18,24,33,0,39254,30706,33982,2,0,0,317
8,8,17,1061060,benign,181,153,11125,4,8005,3071,1,2616,2929,0,691,39745,3245,3,51,1451,969,318,3,13503,7741,30353,0,0,654,8846,7622,11531,0,0,0,18,23,39,0,39190,30784,34067,2,0,0,317
9,4,18,1060831,benign,183,153,11101,0,7985,3076,1,2616,2929,0,684,39480,3245,3,52,1198,930,419,3,13396,7513,30354,0,0,654,8848,7679,11548,0,0,0,18,24,133,2,39608,30998,34316,1,0,0,317
10,5,11,1061086,benign,207,153,11116,0,8000,3069,1,2616,2929,0,715,39732,3245,3,52,1377,770,606,3,13587,7715,30306,0,0,654,8838,7648,11547,0,0,0,18,20,39,0,39713,30959,34415,2,0,0,317
11,3,4,1060942,crash/hangs,-,-,-,-,-,-,-,-,-,-,-,-,-,-,-,-,-,-,-,-,-,-,-,-,-,-,-,-,-,-,-,-,-,-,-,-,-,-,-,-,-,-
12,7,19,1061011,benign,139,27,11164,0,8064,3075,1,2616,2929,0,694,39786,3245,3,53,1625,744,428,3,13705,7904,30279,0,0,654,8843,7637,11521,0,0,0,18,25,39,0,39352,30822,34055,2,0,0,317
13,1,7,1060862,benign,189,151,11111,0,8004,3078,1,2616,2929,0,685,39372,3245,3,52,1301,931,318,4,13722,7820,30372,0,0,654,8869,7717,11609,0,0,0,18,23,32,0,39654,31229,34652,1,0,0,317
14,6,19,1060900,benign,162,153,11112,4,8006,3078,1,2616,2929,0,691,39414,3245,3,50,1281,742,320,3,13420,7660,30326,0,0,654,8867,7657,11531,0,0,0,18,23,34,0,39187,30854,34095,1,0,0,317
15,1,0,1060913,benign,185,153,11143,0,8030,3078,1,2616,2929,0,699,39777,3245,3,52,1330,765,324,4,13475,7666,30337,0,0,654,8816,7638,11524,0,0,0,18,24,141,2,39695,31041,34583,2,0,0,317
16,10,25,1061013,benign,204,153,11109,0,7995,3068,0,2616,2929,0,683,39636,3245,3,51,1619,752,426,3,13671,7842,30444,0,0,654,8856,7659,11508,0,0,0,18,23,39,0,39470,30993,34219,2,0,0,317
17,6,0,1060838,benign,189,153,11115,0,7997,3067,1,2616,2929,0,692,39496,3245,3,51,1272,738,319,3,13440,7673,30340,0,0,654,8834,7616,11514,0,0,0,18,25,34,2,39508,30967,34268,2,0,0,317
18,4,9,1060872,benign,162,153,11103,4,7988,3077,1,2616,2929,0,694,39365,3245,3,51,1455,775,318,3,13592,7936,30351,0,0,654,8856,7666,11531,0,0,0,19,27,35,0,39243,30796,34172,2,0,0,317
19,0,0,1060808,benign,160,153,11121,4,8011,3084,1,2616,2929,0,678,39443,3245,3,51,1246,935,318,3,13560,7671,30294,0,0,654,8843,7655,11554,0,0,0,18,24,33,0,39102,30609,33853,2,0,0,317
20,6,0,1060865,benign,179,153,11135,0,8023,3086,1,2616,2929,0,697,39446,3245,3,53,1446,760,318,3,13470,7671,30394,0,0,654,8835,7669,11574,0,0,0,18,24,135,2,39450,31208,34601,1,0,0,317
21,5,4,1060940,benign,166,153,11138,4,8029,3084,1,2616,2929,0,697,39592,3245,3,51,1357,738,324,3,13538,7651,30420,0,0,654,8842,7665,11552,0,0,0,18,24,39,0,39201,30879,34098,2,0,0,317
22,9,29,1060989,benign,184,151,11117,0,8012,3087,1,2616,2929,0,691,39515,3245,3,52,1238,801,318,3,13355,7652,30276,0,0,654,8858,7651,11538,0,0,0,18,24,33,0,39560,31033,34299,1,0,0,317
23,4,3,1060904,benign,166,152,11127,4,8019,3084,1,2616,2929,0,695,39626,3245,3,53,1341,893,474,3,13238,7485,30330,0,0,654,8863,7673,11535,0,0,0,18,21,39,0,39573,30676,33950,3,0,0,317
24,10,10,1060850,benign,173,153,11120,0,8005,3073,1,2616,2929,0,683,39459,3245,3,52,1395,766,420,3,13412,7529,30346,0,0,654,8852,7671,11539,0,0,0,18,23,33,0,39576,30988,34229,1,0,0,317
25,1,18,1061014,benign,206,153,11103,0,7991,3079,1,2616,2929,0,699,39977,3245,3,52,1351,707,319,4,13559,7622,30162,0,0,654,8881,7672,11526,0,0,0,18,23,39,0,39536,31187,34467,2,0,0,317
26,8,6,1060948,benign,165,151,11134,4,8023,3096,1,2616,2930,0,706,39440,3245,3,51,1460,765,416,3,13617,7696,30299,0,0,654,8843,7647,11543,0,0,0,18,23,39,0,39129,30960,34281,2,0,0,317
27,1,11,1061074,benign,206,153,11096,0,7983,3067,1,2616,2929,0,699,39546,3245,3,52,1378,747,426,3,13613,7827,30289,0,0,654,8849,7633,11543,0,0,0,18,23,39,0,39656,31069,34322,2,0,0,317
28,2,8,1061033,benign,194,153,11135,0,8025,3077,1,2616,2929,0,692,39633,3245,3,52,1541,776,426,3,13774,7970,30328,0,0,654,8847,7664,11523,0,0,0,18,23,39,0,39381,31121,34556,2,0,0,317
29,8,1,1060820,benign,160,154,11137,4,8011,3084,1,2616,2929,0,684,39299,3245,3,51,1178,750,319,3,13370,7594,30343,0,0,654,8831,7672,11534,0,0,0,18,23,34,1,39182,30580,33843,2,0,0,317
30,4,3,1061017,benign,205,154,11111,1,8010,3077,1,2616,2929,0,698,39711,3245,3,52,1309,736,334,3,13658,7733,30289,0,0,654,8856,7649,11506,0,0,0,18,23,49,0,39505,31228,34513,3,0,0,317
31,2,30,1060842,benign,187,153,11158,0,8039,3102,1,2616,2929,0,688,39469,3245,3,52,1314,909,318,3,13721,7723,30250,0,0,654,8841,7640,11520,0,0,0,18,25,33,0,39779,30858,34367,1,0,0,317
32,2,13,1061062,benign,209,153,11096,0,7982,3065,1,2616,2929,0,686,39671,3245,3,52,1850,726,324,3,13873,8111,30395,0,0,654,8829,7620,11525,0,0,0,18,22,143,2,39861,31067,34466,2,0,0,317
33,5,8,1060838,benign,192,153,11105,0,7996,3081,1,2616,2929,0,692,39402,3245,3,51,1301,712,421,3,13754,7815,30383,0,0,654,8818,7638,11507,0,0,0,18,24,33,0,39252,31191,34473,2,0,0,317
34,3,6,1060862,SDC,183,157,10404,1,7609,2769,1,2619,2881,0,656,37876,3166,3,57,1255,834,404,3,13204,7457,28864,0,0,623,8372,7371,10845,0,0,0,18,20,120,3,38201,29367,32613,2,0,0,317
35,4,18,1061014,benign,205,153,11095,0,8001,3083,1,2616,2929,0,685,39587,3245,3,52,1544,817,324,4,13705,7839,30307,0,0,654,8853,7664,11500,0,0,0,18,23,39,0,39243,30977,34343,2,0,0,317
36,8,12,1060835,benign,195,153,11110,0,7993,3077,1,2616,2929,0,697,39548,3245,3,51,1439,735,319,4,13585,7640,30323,0,0,654,8849,7652,11563,0,0,0,18,25,34,1,39272,30994,34504,2,0,0,317
37,1,13,1060871,benign,182,153,11151,0,8035,3087,1,2616,2929,0,683,39510,3245,3,53,1252,726,318,3,13871,8058,30370,0,0,654,8802,7662,11527,0,0,0,18,24,32,0,39510,31111,34374,1,0,0,317
38,5,19,1061028,benign,177,153,11110,4,8005,3076,1,2616,2929,0,702,39321,3245,3,51,1315,771,324,3,13363,7577,30306,0,0,654,8857,7661,11535,0,0,0,18,25,39,0,39299,31067,34539,2,0,0,317
39,1,29,1060862,benign,178,153,11130,0,8018,3078,1,2616,2929,0,683,39575,3245,3,52,1286,758,318,4,13498,7563,30340,0,0,654,8838,7642,11539,0,0,0,18,23,33,0,39552,30969,34236,1,0,0,317
40,5,5,1061010,benign,206,153,11123,0,8014,3081,1,2616,2929,0,692,39511,3245,3,52,1467,773,415,4,13478,7742,30290,0,0,654,8830,7669,11517,0,0,0,18,23,39,0,39315,31078,34545,2,0,0,317
41,4,14,1060832,benign,161,151,11126,3,8016,3080,1,2616,2929,0,691,39421,3245,3,52,1446,750,612,3,13355,7561,30338,0,0,654,8829,7676,11548,0,0,0,18,25,32,0,39468,30561,33858,1,0,0,317
42,4,9,1060817,benign,178,153,11135,1,8033,3081,1,2616,2929,0,685,39355,3245,3,51,1650,657,317,3,13631,7677,30410,0,0,654,8838,7629,11519,0,0,0,18,24,32,0,39232,30727,34023,2,0,0,317
43,8,0,1060815,crash/hangs,-,-,-,-,-,-,-,-,-,-,-,-,-,-,-,-,-,-,-,-,-,-,-,-,-,-,-,-,-,-,-,-,-,-,-,-,-,-,-,-,-,-
44,0,14,1060997,benign,120,30,11140,0,8039,3402,1,2616,2929,0,697,39526,3245,3,52,1391,749,324,4,13688,7904,30204,0,0,654,8847,7628,11526,0,0,0,18,25,39,0,39651,31325,34592,2,0,0,317
45,8,31,1060956,benign,167,153,11160,4,8051,3082,1,2616,2929,0,704,39511,3245,3,51,1310,780,324,3,13614,7819,30337,0,0,654,8864,7665,11523,0,0,0,18,24,39,0,39280,30655,33933,2,0,0,317
46,1,13,1060823,benign,183,153,11095,0,7979,3081,1,2616,2930,0,694,39589,3245,3,51,1383,791,319,3,13724,7844,30296,0,0,654,8817,7614,11517,0,0,0,18,24,34,1,39454,31110,34403,2,0,0,317
47,4,4,1061034,benign,196,154,11105,1,7999,3082,1,2616,2929,0,689,39337,3245,3,52,1381,786,333,3,13905,7794,30264,0,0,654,8857,7641,11487,0,0,0,18,24,48,0,39467,31150,34374,3,0,0,317
48,5,16,1060799,benign,179,153,11104,0,7993,3075,1,2616,2929,0,684,39616,3245,3,51,1168,703,318,3,14099,7994,30373,0,0,654,8835,7663,11530,0,0,0,18,24,33,2,39131,30699,34020,2,0,0,317
49,6,25,1061005,benign,210,153,11097,0,7987,3080,1,2616,2929,0,695,39718,3245,3,52,1355,959,428,3,13805,7945,30279,0,0,654,8835,7672,11524,0,0,0,18,24,141,2,39784,31067,34348,2,0,0,317
50,6,13,1060811,benign,178,154,11123,0,8006,3071,1,2616,2929,0,696,39464,3245,3,51,1281,707,422,3,13444,7644,30355,0,0,654,8847,7650,11556,0,0,0,18,24,33,0,39417,30827,34076,2,0,0,317
51,9,16,1061065,benign,208,153,11117,0,8010,3073,1,2616,2929,0,703,39922,3245,3,53,1528,794,428,4,13669,7816,30272,0,0,654,8874,7660,11549,0,0,0,18,23,39,0,39449,31227,34485,2,0,0,317
52,6,7,1061084,benign,180,153,11130,4,8018,3075,1,2616,2929,0,701,39644,3245,3,51,1534,778,425,3,13752,7938,30323,0,0,654,8857,7645,11556,0,0,0,18,23,39,0,39327,30707,34106,2,0,0,317
53,9,18,1061064,benign,179,153,11118,4,7996,3073,1,2616,2929,0,688,39287,3245,3,52,1391,813,324,3,13366,7512,30270,0,0,654,8838,7630,11526,0,0,0,18,22,39,0,39292,30767,34033,2,0,0,317
54,9,26,1060975,benign,188,153,11127,0,8014,3068,1,2616,2929,0,691,39685,3245,3,53,1351,718,324,3,13618,7902,30381,0,0,654,8850,7663,11537,0,0,0,18,23,39,0,39975,31209,34576,2,0,0,317
55,2,30,1061056,benign,181,153,11123,4,8018,3079,1,2616,2929,0,704,39600,3245,3,52,1381,753,324,3,13463,7693,30282,0,0,654,8859,7665,11535,0,0,0,18,23,39,0,39758,30849,34117,2,0,0,317
56,6,12,1060982,benign,189,153,11150,0,8039,3086,1,2616,2929,0,687,39679,3245,3,52,1511,697,318,3,13696,7629,30293,0,0,654,8861,7652,11584,0,0,0,18,24,33,0,39385,31113,34538,1,0,0,317
57,6,21,1060821,benign,187,153,11125,0,7999,3082,1,2616,2929,0,694,39603,3245,3,51,1462,727,317,3,13543,7640,30290,0,0,654,8855,7655,11514,0,0,0,18,24,34,1,39297,31005,34309,2,0,0,317
58,8,23,1061062,benign,200,153,11125,0,8000,3060,1,2616,2929,0,687,39699,3245,3,53,1361,746,324,4,13596,7762,30277,0,0,654,8848,7652,11574,0,0,0,18,22,143,2,40049,31183,34462,2,0,0,317
59,5,18,1061074,benign,208,153,11110,0,8003,3074,1,2616,2929,0,693,39600,3245,3,52,1408,720,324,3,13658,7831,30247,0,0,654,8866,7656,11556,0,0,0,18,22,140,2,39774,31383,34645,2,0,0,317
60,1,11,1061008,benign,181,154,11134,4,8033,3069,1,2616,2929,0,682,39187,3245,3,52,1439,864,428,4,13365,7570,30195,0,0,654,8854,7683,11558,0,0,0,18,22,39,0,39138,30728,34005,2,0,0,317
61,7,18,1060916,benign,167,154,11104,4,7999,3077,1,2616,2929,0,682,39155,3245,3,52,1372,733,324,3,13298,7635,30263,0,0,654,8850,7666,11566,0,0,0,18,23,143,2,39486,30933,34393,2,0,0,317
62,6,20,1060841,benign,175,153,11146,0,8028,3072,1,2616,2929,0,688,39631,3245,3,52,1528,785,318,3,13456,7743,30276,0,0,654,8838,7634,11527,0,0,0,18,25,33,0,39370,31029,34274,1,0,0,317
63,0,28,1061004,benign,179,154,11127,4,8029,3083,1,2616,2929,0,689,39194,3245,3,51,1399,766,324,4,13563,7847,30329,0,0,654,8861,7670,11540,0,0,0,18,25,39,0,39204,30915,34325,2,0,0,317
1,8,20,1060890,benign,162,153,11146,4,8029,3084,1,2616,2929,0,699,39590,3245,3,52,1254,757,319,3,13315,7338,30198,0,0,654,8839,7633,11526,0,0,0,18,24,34,0,39299,30676,33900,1,0,0,317
2,7,9,1060876,benign,202,154,11145,1,8023,3076,1,2616,2929,0,700,39885,3245,3,51,1344,723,334,4,13762,7893,30318,0,0,654,8845,7634,11515,0,0,0,18,23,151,2,39683,31278,34538,3,0,0,317
3,4,7,1061010,benign,180,154,11133,4,8007,3063,1,2616,2929,0,685,39273,3245,3,52,1672,805,333,3,13860,7714,30233,0,0,654,8856,7652,11546,0,0,0,18,22,39,0,39735,30968,34291,3,0,0,317
4,4,6,1061080,benign,195,153,11142,0,8025,3072,1,2616,2929,0,687,39724,3245,3,53,1623,788,418,4,13616,7746,30266,0,0,654,8860,7652,11537,0,0,0,18,22,143,2,39982,31240,34519,2,0,0,317
5,6,13,1061038,benign,193,153,11075,0,7974,3082,1,2616,2929,0,685,39485,3245,3,52,1310,746,318,4,13475,7619,30368,0,0,654,8844,7642,11541,0,0,0,18,24,33,0,39280,31079,34467,1,0,0,317
6,10,25,1060886,benign,186,153,11127,0,8002,3077,1,2616,2929,0,686,39596,3245,3,52,1321,772,318,3,13419,7553,30204,0,0,654,8827,7671,11549,0,0,0,18,23,33,0,39269,31282,34567,1,0,0,317
7,10,9,1060849,benign,201,153,11117,0,8008,3079,1,2616,2929,0,689,39721,3245,3,52,1539,757,426,4,13801,7676,30353,0,0,654,8860,7682,11526,0,0,0,18,23,39,0,39702,31067,34487,2,0,0,317
8,6,28,1061009,benign,202,153,11116,0,7995,3080,1,2616,2929,0,684,39524,3245,3,53,1342,936,324,3,13552,7805,30319,0,0,654,8828,7680,11560,0,0,0,18,24,39,0,39706,30956,34243,2,0,0,317
9,3,29,1060935,benign,166,153,11145,4,8030,3090,1,2616,2929,0,691,39383,3245,3,51,1336,701,324,3,13307,7550,30378,0,0,654,8833,7691,11580,0,0,0,18,22,282,2,39767,30799,34075,2,0,0,317
10,7,30,1060916,benign,187,153,11119,0,8006,3093,1,2616,2929,0,700,39748,3245,3,52,1387,724,324,3,13657,7766,30368,0,0,654,8870,7635,11509,0,0,0,18,24,139,2,39794,31278,34532,2,0,0,316
11,10,11,1060933,benign,167,152,11151,4,8031,3091,1,2616,2929,0,689,39353,3245,3,51,1537,867,324,3,13323,7492,30276,0,0,654,8851,7666,11544,0,0,0,18,24,39,0,39260,30755,33988,2,0,0,317
12,8,6,1060948,benign,183,153,11145,0,8042,3085,1,2616,2929,0,693,39675,3245,3,52,1310,775,319,4,13797,8113,30424,0,0,654,8878,7673,11540,0,0,0,18,23,137,2,39916,31060,34326,1,0,0,317
13,6,7,1060902,benign,181,151,11149,0,8026,3086,1,2616,2930,0,691,39534,3245,3,52,1234,758,318,4,13536,7548,30280,0,0,654,8868,7681,11542,0,0,0,18,24,135,2,39746,31444,34718,1,0,0,317
14,6,17,1060881,benign,200,153,11101,0,7987,3064,1,2616,2929,0,702,39562,3245,3,52,1419,743,324,3,13710,7725,30252,0,0,654,8856,7657,11535,0,0,0,18,23,39,0,39595,31300,34721,2,0,0,317
15,10,15,1061065,benign,185,153,11136,0,8025,3080,1,2616,2929,0,686,39645,3245,3,52,1302,720,318,3,13594,7800,30286,0,0,654,8849,7656,11523,0,0,0,18,24,32,0,39209,30963,34237,1,0,0,317
16,7,11,1060851,benign,198,153,11114,0,7997,3070,1,2616,2929,0,679,39458,3245,3,51,1428,677,421,3,13494,7780,30384,0,0,654,8885,7642,11525,0,0,0,18,23,33,2,39189,30704,34005,2,0,0,317
17,9,24,1060806,benign,198,153,11107,0,7984,3061,1,2616,2929,0,700,39660,3245,3,52,1372,745,323,3,13830,7880,30395,0,0,654,8840,7638,11505,0,0,0,18,23,39,0,39545,31021,34312,2,0,0,317
18,4,16,1061091,benign,204,151,11139,0,8017,3070,1,2616,2929,0,690,39431,3245,3,52,1367,801,323,4,13810,8048,30305,0,0,654,8842,7652,11505,0,0,0,18,22,39,0,39671,31239,34504,2,0,0,317
19,7,31,1061093,benign,198,153,11126,0,8007,3066,1,2616,2929,0,696,39708,3245,3,52,1390,776,428,4,13547,7742,30298,0,0,654,8862,7663,11564,0,0,0,18,23,39,0,39427,31179,34429,2,0,0,317
20,9,20,1061062,benign,203,153,11094,0,7982,3074,1,2616,2929,0,694,39833,3245,3,52,1371,720,324,3,13566,7692,30319,0,0,654,8853,7659,11510,0,0,0,18,23,39,0,39756,31120,34410,2,0,0,317
21,0,0,1061037,benign,185,153,11124,0,8019,3086,1,2616,2930,0,698,39541,3245,3,52,1493,997,322,3,13490,7818,30432,0,0,654,8853,7670,11539,0,0,0,18,25,37,0,39387,31040,34283,1,0,0,317
22,8,7,1060895,benign,203,153,11101,0,7987,3084,1,2616,2929,0,696,39534,3245,3,52,1618,693,324,3,13792,8054,30274,0,0,654,8851,7657,11497,0,0,0,18,24,39,0,39789,31228,34496,2,0,0,317
23,2,18,1060994,benign,161,153,11110,4,7998,3082,1,2616,2929,0,690,39128,3245,3,51,1215,920,324,4,13169,7494,30342,0,0,654,8842,7685,11562,0,0,0,18,22,127,3,39502,30455,33881,2,0,0,317
24,1,12,1060812,benign,181,153,11121,0,8014,3081,1,2616,2929,0,710,39830,3245,3,52,1275,792,322,4,13574,7751,30394,0,0,654,8834,7677,11527,0,0,0,18,24,37,0,39509,30847,34112,1,0,0,317
25,8,7,1060895,benign,201,153,11114,0,8002,3069,1,2616,2929,0,700,40021,3245,3,52,1364,943,323,4,13956,8117,30359,0,0,654,8860,7634,11511,0,0,0,18,23,143,2,39879,31245,34706,2,0,0,317
26,7,17,1061061,benign,197,153,11113,0,7996,3068,1,2616,2929,0,693,39731,3245,3,52,1404,766,324,3,13729,7928,30353,0,0,654,8843,7657,11523,0,0,0,18,23,39,0,39602,31072,34470,2,0,0,317
27,7,13,1061070,benign,194,153,11104,0,7993,3066,1,2616,2929,0,690,39663,3245,3,52,1321,953,322,3,13521,7735,30283,0,0,654,8831,7638,11540,0,0,0,18,24,138,2,39435,30883,34349,1,0,0,317
28,7,20,1060893,benign,161,153,11122,4,8008,3073,1,2616,2929,0,684,39219,3245,3,51,1414,947,319,3,13420,7629,30312,0,0,654,8854,7664,11538,0,0,0,18,24,36,0,39223,30598,33857,2,0,0,317
29,8,4,1060820,benign,194,151,11121,0,8014,3081,1,2616,2929,0,688,39726,3245,3,52,1337,753,426,4,13725,7953,30328,0,0,654,8852,7691,11555,0,0,0,18,23,39,0,39238,31116,34579,2,0,0,317
30,8,11,1061045,benign,192,153,11136,0,8014,3083,1,2616,2929,0,697,39818,3245,3,52,1342,953,324,3,13614,7717,30368,0,0,654,8820,7665,11556,0,0,0,18,23,39,0,39634,31014,34263,2,0,0,317
31,3,10,1060907,benign,191,151,11165,0,8049,3089,1,2616,2929,0,702,39530,3245,3,52,1334,759,324,3,13540,7754,30342,0,0,654,8854,7682,11532,0,0,0,18,22,39,0,39683,31024,34274,2,0,0,317
32,7,12,1060941,benign,182,151,11117,0,8000,3080,1,2616,2929,0,692,39523,3245,3,53,1530,715,318,3,13524,7822,30273,0,0,654,8872,7652,11535,0,0,0,18,23,33,0,39388,30953,34192,1,0,0,317
33,10,2,1060977,benign,160,153,11137,4,8023,3087,1,2616,2929,0,690,39308,3245,3,51,1294,790,421,3,13235,7334,30310,0,0,654,8855,7658,11531,0,0,0,18,24,32,0,39295,30728,34151,1,0,0,317
34,1,8,1060976,benign,178,153,11136,4,8023,3069,1,2616,2929,0,695,39552,3245,3,52,1358,819,324,3,13508,7672,30267,0,0,654,8859,7660,11502,0,0,0,18,24,39,0,39557,30899,34154,2,0,0,317
35,0,4,1061040,benign,180,154,11091,4,7976,3071,1,2616,2929,0,697,39706,3245,3,51,1589,703,323,4,13401,7591,30247,0,0,654,8836,7664,11503,0,0,0,18,25,39,0,39309,30747,34030,2,0,0,317
36,1,14,1061024,benign,178,151,11133,0,8016,3085,1,2616,2929,0,692,39514,3245,3,52,1321,763,420,3,13581,7832,30313,0,0,654,8824,7637,11539,0,0,0,18,25,33,0,39595,31185,34470,1,0,0,317
37,9,24,1060846,benign,166,154,11127,4,8012,3084,1,2616,2929,0,692,39368,3245,3,52,1324,723,324,3,13400,7351,30338,0,0,654,8851,7682,11575,0,0,0,18,23,39,0,39156,30674,34174,2,0,0,317
0,4,14,1061010,benign,138,27,11104,0,8005,3070,1,2616,2929,0,692,39605,3245,3,52,1415,758,426,4,13472,7585,30255,0,0,654,8857,7673,11553,0,0,0,18,24,141,2,39899,31166,34438,2,0,0,317
1,10,29,1060928,benign,166,153,11124,4,8010,3079,1,2616,2929,0,687,39364,3245,3,51,1488,765,323,3,13370,7487,30361,0,0,654,8841,7683,11545,0,0,0,18,22,39,0,39166,30740,34227,2,0,0,317
2,0,17,1061029,SDC,192,155,11921,0,8594,3287,1,2781,3024,0,703,41097,3398,3,54,1345,764,324,3,13876,7619,31664,0,0,712,9116,7837,12354,0,0,0,18,23,141,2,39474,30831,34155,2,0,0,317
3,9,4,1061019,benign,201,151,11090,0,7977,3063,1,2616,2929,0,692,39784,3245,3,52,1429,833,324,3,13831,8016,30243,0,0,654,8856,7656,11514,0,0,0,18,25,39,0,39782,30977,34244,2,0,0,317
4,5,22,1061055,benign,204,151,11118,0,8013,3084,1,2616,2929,0,692,39478,3245,3,52,1361,727,324,4,13786,7945,30354,0,0,654,8840,7644,11495,0,0,0,18,21,39,0,39602,31136,34384,2,0,0,317
5,0,19,1061012,SDC,177,155,11906,4,8588,3280,1,2781,3024,0,706,41060,3398,3,53,1333,755,324,3,13945,7712,31687,0,0,712,9106,7846,12333,0,0,0,18,23,131,5,41255,32288,35604,2,0,0,317
6,4,0,1060932,benign,165,154,11123,4,8005,3085,1,2616,2929,0,691,39302,3245,3,54,1344,733,332,3,13297,7429,30297,0,0,654,8841,7672,11571,0,0,0,18,23,39,0,39563,31071,34313,3,0,0,316
7,7,19,1060868,benign,160,154,11106,4,7995,3080,1,2616,2929,0,685,39397,3245,3,51,1265,758,318,4,13569,7605,30367,0,0,654,8827,7648,11573,0,0,0,18,23,33,0,39172,30780,34034,1,0,0,317
8,5,7,1060875,benign,187,153,11121,0,8010,3083,1,2616,2929,0,688,39441,3245,3,52,1482,745,422,3,13525,7686,30378,0,0,654,8862,7663,11540,0,0,0,18,24,33,0,39644,31196,34424,1,0,0,317
9,4,23,1061037,benign,211,153,11144,0,8033,3084,1,2616,2929,0,699,39619,3245,3,51,1657,769,428,3,14138,8326,30315,0,0,654,8846,7657,11538,0,0,0,18,24,39,0,39349,31275,34545,2,0,0,317
10,10,21,1060883,benign,183,153,11106,0,7993,3076,1,2616,2929,0,688,39468,3245,3,52,1251,750,317,3,13730,7856,30372,0,0,654,8870,7668,11538,0,0,0,18,24,33,0,39416,30873,34155,1,0,0,317
11,0,24,1060828,benign,161,153,11114,4,7999,3074,1,2616,2929,0,663,39233,3245,3,51,1219,852,420,4,13389,7667,30338,0,0,654,8877,7668,11532,0,0,0,18,24,34,1,38985,30662,33928,2,0,0,317
12,9,20,1060838,benign,183,153,11140,0,8024,3071,0,2616,2929,0,692,39582,3245,3,51,1250,1019,319,3,13429,7519,30268,0,0,654,8838,7671,11520,0,0,0,18,22,34,2,39507,31063,34342,2,0,0,317
13,2,7,1061095,benign,197,153,11117,0,8005,3081,1,2616,2929,0,692,39594,3245,3,52,1386,756,324,4,13832,8176,30292,0,0,654,8853,7643,11572,0,0,0,18,23,39,0,39724,31049,34615,2,0,0,317
14,8,13,1061096,benign,179,153,11104,4,7998,3072,1,2616,2929,0,683,39213,3245,3,51,1377,945,323,4,13694,7500,30260,0,0,654,8825,7635,11519,0,0,0,18,24,39,0,39376,30778,33988,2,0,0,317
15,6,25,1061079,benign,206,153,11109,0,7990,3065,1,2616,2929,0,696,39800,3245,3,52,1432,714,426,3,14046,8277,30317,0,0,654,8856,7652,11586,0,0,0,18,22,39,0,39837,31233,34521,2,0,0,317
16,4,28,1060818,benign,190,153,11127,0,8010,3077,1,2616,2929,0,677,39237,3245,3,50,1343,651,419,3,13473,7675,30398,0,0,654,8818,7659,11540,0,0,0,18,25,32,0,39490,31041,34574,1,0,0,317
17,2,4,1060826,benign,180,153,11140,0,8024,3083,1,2616,2929,0,704,39549,3245,3,51,1233,803,318,3,13597,7784,30415,0,0,654,8829,7662,11533,0,0,0,18,23,33,2,39296,31114,34419,2,0,0,317
18,8,6,1060941,benign,195,153,11146,0,8026,3089,1,2616,2929,0,701,39593,3245,3,52,1310,707,323,3,13540,7709,30452,0,0,654,8860,7675,11552,0,0,0,18,24,33,0,40104,31048,34367,2,0,0,317
19,7,19,1060804,benign,161,153,11131,4,8008,3073,1,2616,2929,0,669,38853,3245,3,52,1494,747,322,3,13287,7458,30417,0,0,654,8832,7683,11554,0,0,0,18,25,39,0,39021,30752,34007,2,0,0,317
20,6,2,1060844,benign,158,153,11140,4,8021,3085,1,2616,2929,0,699,39290,3245,3,52,1445,824,318,3,13245,7420,30284,0,0,654,8841,7645,11494,0,0,0,18,24,33,0,39141,30781,34103,1,0,0,317
21,5,28,1060985,benign,179,153,11142,0,8032,3084,1,2616,2929,0,687,39488,3245,3,52,1307,697,420,3,13661,7824,30325,0,0,654,8851,7652,11550,0,0,0,18,25,33,0,39447,31031,34243,1,0,0,317
22,7,13,1061067,benign,199,153,11142,0,8024,3064,1,2616,2929,0,695,39677,3245,3,51,1604,721,324,4,13742,7655,30275,0,0,654,8843,7647,11568,0,0,0,18,22,39,0,39503,31058,34265,2,0,0,317
23,4,16,1060883,benign,190,153,11125,0,8010,3076,1,2616,2929,0,688,39313,3245,3,52,1300,968,318,3,13653,7722,30323,0,0,654,8861,7659,11498,0,0,0,18,24,33,0,39277,31135,34413,1,0,0,317
24,6,12,1060987,benign,182,153,11116,0,8000,3088,1,2616,2929,0,695,39402,3245,3,52,1257,730,318,3,13651,7585,30437,0,0,654,8831,7629,11512,0,0,0,18,25,33,0,39372,31119,34557,1,0,0,317
25,8,28,1060955,benign,194,153,11134,0,8019,3078,1,2616,2929,0,683,39348,3245,3,52,1282,805,324,3,13574,7668,30350,0,0,654,8897,7760,11547,0,0,0,18,24,143,2,39643,30907,34180,2,0,0,317
26,1,4,1060987,benign,178,153,11156,0,8042,3090,1,2616,2929,0,696,39423,3245,3,52,1383,726,318,4,13361,7529,30313,0,0,654,8852,7682,11555,0,0,0,18,23,33,0,39548,31048,34248,1,0,0,317
27,3,28,1060849,benign,182,153,11105,0,7995,3080,1,2616,2929,0,695,39592,3245,3,51,1399,724,318,3,13871,7917,30417,0,0,654,8805,7637,11498,0,0,0,18,24,33,0,39620,31042,34322,1,0,0,317
28,10,2,1060843,benign,187,153,11154,0,8042,3087,1,2616,2929,0,687,39464,3245,3,52,1402,743,318,3,13876,8139,30328,0,0,654,8855,7670,11562,0,0,0,18,23,33,0,39190,31103,34417,1,0,0,317
29,0,22,1061027,SDC,202,155,11915,0,8589,3282,1,2781,3024,0,695,41057,3398,3,53,1289,926,426,3,14403,8081,31737,0,0,712,9144,7833,12395,0,0,0,18,24,39,0,41073,32636,35938,2,0,0,317
30,8,8,1060988,benign,162,153,11116,4,8007,3078,1,2616,2929,0,679,39168,3245,3,51,1255,939,420,3,13255,7469,30302,0,0,654,8826,7632,11564,0,0,0,18,23,33,0,39076,30727,33961,1,0,0,317
31,3,15,1060866,benign,184,156,11133,1,8017,3081,1,2616,2929,0,691,39414,3245,3,54,1315,763,505,4,13436,7633,30365,0,0,654,8842,7682,11567,0,0,0,18,23,119,3,39582,31186,34416,2,0,0,316
32,10,0,1060825,benign,197,151,11147,0,8034,3078,1,2616,2929,0,700,39932,3245,3,51,1256,783,321,4,13905,8092,30207,0,0,654,8841,7680,11565,0,0,0,18,23,36,0,39564,31129,34582,2,0,0,317
33,10,10,1060944,benign,165,151,11132,4,8019,3086,1,2616,2929,0,691,39333,3245,3,51,1271,773,324,3,13232,7367,30278,0,0,654,8843,7655,11524,0,0,0,18,22,141,2,39492,30977,34259,2,0,0,317
34,6,28,1060992,benign,178,153,11136,4,8026,3075,1,2616,2929,0,697,39295,3245,3,52,1495,760,324,3,13523,7554,30276,0,0,654,8856,7672,11534,0,0,0,18,23,39,0,39346,31008,34295,2,0,0,317
35,4,27,1060826,benign,180,153,11103,0,7988,3077,1,2616,2929,0,685,39631,3245,3,50,1258,973,419,3,13938,8005,30398,0,0,654,8858,7652,11511,0,0,0,18,22,32,0,39556,30809,34099,1,0,0,317
36,10,21,1060832,benign,163,154,11096,4,7990,3077,1,2616,2930,0,682,39250,3245,3,52,1309,750,319,3,13236,7303,30265,0,0,654,8868,7664,11547,0,0,0,18,24,34,2,39072,30616,33911,2,0,0,317
37,6,1,1060823,benign,185,153,11128,0,8010,3086,1,2616,2929,0,693,39451,3245,3,51,1280,793,318,3,13978,8347,30417,0,0,654,8854,7648,11510,0,0,0,19,27,34,0,39355,31037,34501,2,0,0,317
38,8,9,1061062,benign,194,153,11141,0,8022,3072,1,2616,2929,0,694,39737,3245,3,53,1393,756,324,3,13955,8067,30354,0,0,654,8837,7633,11560,0,0,0,18,23,39,0,39548,31075,34521,2,0,0,317
39,5,2,1061025,benign,198,153,11092,0,7985,3065,1,2616,2929,0,692,39684,3245,3,52,1338,775,324,3,13610,7737,30353,0,0,654,8854,7650,11491,0,0,0,18,24,39,0,39606,31201,34460,2,0,0,317
40,5,16,1060835,benign,181,151,11097,0,7994,3076,1,2616,2929,0,686,39483,3245,3,51,1471,769,319,3,13500,7817,30331,0,0,654,8826,7658,11534,0,0,0,18,24,33,0,39566,30881,34378,2,0,0,317
41,2,29,1060834,benign,179,153,11135,0,8009,3088,1,2616,2929,0,668,39335,3245,3,52,1231,765,420,3,13544,7706,30232,0,0,654,8846,7659,11532,0,0,0,18,24,33,0,39474,30903,34194,2,0,0,317
42,6,16,1060981,benign,190,153,11141,0,8026,3078,1,2616,2929,0,701,39780,3245,3,52,1487,776,318,3,13678,7926,30361,0,0,654,8854,7654,11517,0,0,0,18,25,33,0,39449,31254,34529,1,0,0,317
43,3,21,1060957,SDC,192,154,10872,0,7847,3027,1,2555,2854,0,695,38907,3156,3,54,1546,756,417,3,13316,7487,29591,0,0,640,8636,7454,11296,0,0,0,18,22,39,0,39181,30710,34021,2,0,0,317
44,9,2,1061028,benign,179,153,11107,4,7998,3080,1,2616,2929,0,672,39186,3245,3,50,1377,791,324,4,13500,7547,30240,0,0,654,8863,7663,11536,0,0,0,18,23,39,0,39177,30810,34088,2,0,0,317
45,1,23,1060853,benign,179,153,11132,0,8020,3080,1,2616,2929,0,685,39396,3245,3,52,1289,803,318,3,13371,7505,30250,0,0,654,8864,7662,11523,0,0,0,18,22,33,0,39671,30898,34133,1,0,0,317
46,5,13,1060973,benign,192,153,11123,0,8014,3086,1,2616,2929,0,694,39476,3245,3,52,1346,979,324,3,13595,7856,30429,0,0,654,8848,7648,11517,0,0,0,18,24,39,0,39729,31079,34357,2,0,0,316
47,2,4,1060983,SDC,189,157,10538,0,7736,2710,1,2767,2953,0,634,37829,3264,3,56,1284,854,318,3,13016,7542,29030,0,0,649,8324,7384,10866,0,0,0,18,22,33,0,37983,29161,32427,1,0,0,317
48,7,4,1060894,benign,184,153,11105,0,7998,3065,1,2616,2929,0,684,39563,3245,3,53,1277,745,426,3,13726,7714,30278,0,0,654,8851,7647,11535,0,0,0,18,24,37,0,39598,31239,34499,1,0,0,317
49,4,17,1060839,benign,188,151,11113,0,7994,3079,1,2616,2929,0,679,39427,3245,3,51,1287,706,419,3,13356,7462,30228,0,0,654,8824,7641,11526,0,0,0,18,21,32,0,39185,30759,34025,1,0,0,317
50,2,5,1060857,benign,179,153,11137,0,8019,3079,1,2616,2929,0,687,39491,3245,3,54,1483,776,421,3,13782,7988,30403,0,0,654,8855,7688,11580,0,0,0,18,24,33,0,39499,31013,34287,1,0,0,317
51,10,10,1061013,benign,198,153,11109,0,7999,3072,1,2616,2929,0,694,39803,3245,3,52,1374,730,324,3,13553,7701,30239,0,0,654,8852,7647,11495,0,0,0,18,22,39,0,39320,31026,34357,2,0,0,317
52,6,27,1061020,benign,181,153,11155,4,8048,3076,1,2616,2929,0,693,39249,3245,3,51,1400,749,324,4,13288,7428,30149,0,0,654,8836,7643,11525,0,0,0,18,24,39,0,39238,30909,34192,2,0,0,317
53,10,7,1060891,benign,178,153,11101,0,7991,3073,1,2616,2929,0,702,39687,3245,3,53,1489,736,319,4,13333,7463,30387,0,0,654,8828,7635,11527,0,0,0,18,24,137,2,39609,31032,34436,1,0,0,317
54,10,7,1061081,benign,202,153,11099,0,7987,3064,1,2616,2930,0,695,39553,3245,3,52,1413,804,324,3,14063,8119,30372,0,0,654,8831,7638,11540,0,0,0,18,23,39,0,39626,30836,34037,2,0,0,317
55,3,13,1061080,benign,178,153,11108,4,8000,3082,1,2616,2930,0,696,39275,3245,3,52,1395,710,421,3,13537,7787,30208,0,0,654,8853,7628,11538,0,0,0,18,22,141,2,39669,30739,34044,2,0,0,317
56,1,14,1060969,benign,202,153,11135,0,8028,3093,1,2616,2929,0,698,39493,3245,3,52,1355,779,324,4,13514,7834,30272,0,0,654,8832,7685,11556,0,0,0,18,23,39,0,39482,31151,34388,2,0,0,317
57,0,9,1061013,SDC,195,156,10920,2,7893,3005,1,2621,2882,0,677,38942,3198,3,54,1507,848,518,4,13695,7733,29598,0,0,654,8489,7404,11318,0,0,0,18,24,129,6,39230,30552,33880,4,0,0,317
58,6,3,1060881,benign,187,153,11137,0,8031,3084,1,2616,2929,0,690,39484,3245,3,52,1335,767,318,3,13848,8085,30308,0,0,654,8822,7658,11558,0,0,0,18,24,33,0,39442,30965,34227,1,0,0,317
59,5,10,1061029,benign,200,153,11106,0,7993,3076,1,2616,2929,0,684,39674,3245,3,52,1581,719,324,3,13609,7873,30388,0,0,654,8827,7609,11491,0,0,0,18,23,39,0,39585,31216,34484,2,0,0,317
60,3,9,1060975,SDC,187,155,10296,0,7431,2884,1,2450,2714,0,620,37345,2989,3,55,1297,813,324,3,12808,7394,28056,0,0,613,8078,7062,10761,0,0,0,18,23,39,0,37557,28549,31847,2,0,0,317
61,1,18,1060858,benign,184,154,11144,0,8026,3084,1,2616,2929,0,690,39366,3245,3,52,1270,802,318,3,13553,7697,30433,0,0,654,8825,7679,11568,0,0,0,18,24,32,0,39591,31099,34349,1,0,0,317
62,7,27,1060868,benign,159,151,11147,4,8032,3079,1,2616,2929,0,688,39161,3245,3,51,1325,971,318,3,13454,7702,30367,0,0,654,8867,7657,11545,0,0,0,18,23,134,2,39300,30779,34013,1,0,0,317
63,8,17,1060992,benign,178,153,11090,4,7982,3077,1,2616,2929,0,681,39229,3245,3,52,1367,756,324,3,13433,7622,30350,0,0,654,8844,7654,11490,0,0,0,18,24,39,0,39308,30788,34042,2,0,0,317
64,10,19,1060976,benign,161,154,11126,4,8006,3080,1,2616,2929,0,682,39057,3245,3,52,1402,756,318,3,13483,7610,30366,0,0,654,8855,7678,11541,0,0,0,18,24,33,0,39377,31083,34541,1,0,0,317
65,1,30,1060926,benign,182,153,11145,0,8029,3081,1,2616,2929,0,691,39650,3245,3,53,1329,778,426,3,13595,7837,30433,0,0,654,8843,7670,11541,0,0,0,18,24,39,0,39695,30910,34163,2,0,0,317
66,0,11,1061047,benign,203,153,11139,0,8026,3068,1,2616,2929,0,698,39765,3245,3,52,1338,791,426,3,13656,7852,30235,0,0,654,8842,7679,11541,0,0,0,18,22,38,0,39477,31192,34436,2,0,0,317
67,3,4,1060980,benign,160,153,11155,4,8042,3085,1,2616,2929,0,691,39318,3245,3,52,1253,756,318,3,13410,7536,30349,0,0,654,8855,7681,11571,0,0,0,18,23,33,0,39329,30727,33991,1,0,0,317
68,8,11,1060889,benign,180,153,11151,0,8041,3089,1,2616,2929,0,692,39512,3245,3,51,1306,727,319,4,13563,7677,30270,0,0,654,8849,7662,11534,0,0,0,18,23,34,0,39359,31092,34382,1,0,0,317
69,8,24,1061070,benign,199,151,11141,0,8022,3075,1,2616,2929,0,696,39605,3245,3,52,1352,1004,324,3,13612,7794,30266,0,0,654,8843,7657,11559,0,0,0,18,23,39,0,39745,31003,34401,2,0,0,317
70,1,12,1060851,benign,180,153,11126,0,8021,3077,1,2616,2929,0,678,39292,3245,3,52,1503,751,318,3,13628,7791,30316,0,0,654,8863,7697,11577,0,0,0,18,23,33,0,39396,30881,34086,1,0,0,316
71,9,14,1060944,benign,166,153,11112,4,7997,3078,1,2616,2929,0,687,39029,3245,3,51,1247,793,324,3,13509,7600,30335,0,0,654,8856,7650,11539,0,0,0,18,23,38,0,39343,31139,34360,2,0,0,317
72,5,23,1060832,benign,161,153,11074,4,7973,3069,1,2616,2929,0,688,39375,3245,3,52,1473,745,319,3,13167,7434,30340,0,0,654,8895,7731,11543,0,0,0,18,23,34,2,39105,30809,34088,2,0,0,317
73,8,8,1060922,benign,181,153,11164,0,8047,3081,1,2616,2929,0,699,39505,3245,3,53,1341,721,324,3,13475,7767,30349,0,0,654,8835,7678,11547,0,0,0,18,24,39,0,39357,30995,34291,2,0,0,317
74,8,0,1060846,benign,185,153,11124,0,8008,3075,1,2616,2929,0,692,39611,3245,3,52,1318,911,318,3,13523,7817,30294,0,0,654,8820,7633,11530,0,0,0,18,22,32,0,39716,31144,34394,1,0,0,317
0,5,2,1061081,benign,117,27,11146,0,8032,3071,1,2616,2929,0,692,39565,3245,3,52,1439,768,324,3,13531,7627,30241,0,0,654,8835,7666,11559,0,0,0,18,24,139,2,39738,31122,34404,2,0,0,317
1,10,16,1060849,benign,194,151,11143,0,8028,3081,1,2616,2930,0,702,39896,3245,3,52,1316,717,318,3,13689,7816,30316,0,0,654,8872,7641,11520,0,0,0,18,23,33,0,39426,31119,34529,1,0,0,317
2,3,30,1060876,SDC,162,153,11131,4,8018,3081,1,2619,2881,0,654,37525,3166,3,53,1595,860,423,3,12812,7544,29021,0,0,623,8371,7349,10822,0,0,0,18,22,34,0,37400,29108,32435,1,0,0,317
3,9,7,1060953,benign,188,153,11124,0,8018,3088,1,2616,2929,0,698,39955,3245,3,52,1273,801,324,4,13434,7619,30306,0,0,654,8858,7649,11510,0,0,0,18,24,39,0,39275,30947,34213,2,0,0,317
4,6,24,1060992,benign,177,151,11106,4,8002,3081,1,2616,2929,0,695,39474,3245,3,51,1547,792,324,3,13335,7556,30267,0,0,654,8825,7636,11512,0,0,0,18,24,39,0,39225,30978,34352,2,0,0,317
5,9,12,1060992,benign,178,153,11106,4,8002,3076,1,2616,2929,0,693,39464,3245,3,51,1321,786,324,3,13830,7785,30233,0,0,654,8869,7675,11538,0,0,0,19,28,41,0,39445,30956,34254,2,0,0,317
6,10,27,1060967,benign,190,153,11146,0,8026,3085,1,2616,2929,0,689,39695,3245,3,52,1362,938,324,4,13893,7963,30368,0,0,654,8840,7676,11549,0,0,0,18,24,38,0,39360,31198,34420,2,0,0,317
7,0,4,1060801,crash/hangs,-,-,-,-,-,-,-,-,-,-,-,-,-,-,-,-,-,-,-,-,-,-,-,-,-,-,-,-,-,-,-,-,-,-,-,-,-,-,-,-,-,-
8,5,3,1060867,benign,108,27,11154,0,8054,3083,1,2616,2929,0,691,39615,3245,3,53,1262,1025,318,3,13589,7755,30346,0,0,654,8828,7637,11500,0,0,0,19,26,35,0,39683,30995,34400,1,0,0,317
9,8,4,1060825,benign,192,153,11147,0,8036,3083,1,2616,2929,0,685,39379,3245,3,51,1256,768,319,3,13541,7856,30392,0,0,654,8849,7634,11511,0,0,0,18,23,135,3,39899,30749,34048,2,0,0,317
10,10,9,1061007,benign,204,151,11122,0,8010,3077,1,2616,2929,0,685,39550,3245,3,52,1374,809,324,3,13543,7767,30334,0,0,654,8875,7695,11561,0,0,0,18,25,39,0,39711,30997,34230,2,0,0,317
11,9,29,1060860,benign,161,154,11108,4,8007,3088,1,2616,2929,0,698,39426,3245,3,51,1258,769,318,4,13229,7516,30335,0,0,654,8868,7658,11529,0,0,0,18,23,33,0,39098,30821,34074,1,0,0,317
12,4,14,1061076,benign,181,153,11085,4,7973,3064,1,2616,2929,0,697,39332,3245,3,52,1418,727,324,3,13335,7579,30271,0,0,654,8827,7631,11538,0,0,0,18,22,39,0,39392,30859,34278,2,0,0,317
13,5,13,1060860,benign,161,151,11136,4,8030,3089,1,2616,2929,0,700,39665,3245,3,51,1468,693,318,3,13220,7390,30382,0,0,654,8847,7685,11572,0,0,0,18,25,33,0,39048,30856,34078,1,0,0,317
14,5,23,1060942,benign,190,153,11128,0,8015,3074,1,2616,2929,0,682,39536,3245,3,52,1361,712,323,3,13881,7979,30339,0,0,654,8856,7677,11555,0,0,0,18,23,39,0,39383,31033,34304,2,0,0,317
15,8,3,1060894,benign,177,153,11118,0,8006,3080,1,2616,2929,0,691,39762,3245,3,53,1294,739,321,4,13963,8222,30413,0,0,654,8867,7682,11545,0,0,0,18,25,37,0,39194,31009,34293,1,0,0,317
16,8,22,1060961,benign,183,153,11133,0,8011,3078,1,2616,2929,0,686,39545,3245,3,52,1462,767,324,4,13562,7718,30259,0,0,654,8855,7692,11566,0,0,0,18,23,39,0,39605,31220,34459,2,0,0,317
17,6,21,1061006,benign,199,153,11124,0,8016,3074,1,2616,2929,0,688,39600,3245,3,52,1513,765,324,4,13524,7721,30263,0,0,654,8849,7661,11486,0,0,0,18,24,142,2,40115,30839,34252,2,0,0,317
18,8,9,1061016,benign,180,154,11116,4,8003,3077,1,2616,2929,0,685,39168,3245,3,51,1534,808,323,3,13414,7594,30317,0,0,654,8840,7659,11520,0,0,0,18,21,33,0,39514,30812,34054,2,0,0,317
19,4,25,1060963,benign,183,153,11156,0,8039,3075,1,2616,2929,0,704,39489,3245,3,52,1438,759,324,3,13722,7700,30364,0,0,654,8841,7673,11558,0,0,0,18,25,39,0,39643,31141,34389,2,0,0,317
20,2,13,1060902,benign,184,153,11113,0,8007,3080,1,2616,2929,0,694,39692,3245,3,52,1312,795,424,3,13510,7824,30404,0,0,654,8838,7638,11518,0,0,0,18,23,35,0,39760,30678,33941,1,0,0,317
21,0,13,1060901,crash/hangs,-,-,-,-,-,-,-,-,-,-,-,-,-,-,-,-,-,-,-,-,-,-,-,-,-,-,-,-,-,-,-,-,-,-,-,-,-,-,-,-,-,-
22,3,5,1060917,benign,115,27,11157,0,8055,3092,1,2616,2929,0,702,39507,3245,3,52,1414,767,425,3,13580,7682,30252,0,0,654,8840,7668,11560,0,0,0,18,24,39,0,39278,31227,34507,2,0,0,317
23,6,23,1060935,benign,190,153,11123,0,8018,3080,1,2616,2929,0,689,39369,3245,3,53,1497,960,324,3,13642,7829,30408,0,0,654,8855,7688,11563,0,0,0,18,25,39,0,39657,31142,34408,2,0,0,317
24,6,16,1060997,benign,202,151,11068,0,7969,3069,1,2616,2929,0,668,39163,3245,3,52,1311,803,324,3,13760,8006,30267,0,0,654,8854,7661,11528,0,0,0,18,24,39,0,39603,31120,34379,2,0,0,316
25,1,28,1060844,benign,161,153,11116,4,7997,3073,1,2616,2929,0,688,39362,3245,3,51,1510,727,317,4,13237,7529,30359,0,0,654,8871,7683,11545,0,0,0,19,26,35,0,39277,31010,34513,1,0,0,317
26,9,10,1060998,benign,199,153,11087,0,7976,3078,1,2616,2929,0,686,39632,3245,3,53,1388,750,324,4,13571,7715,30308,0,0,654,8860,7648,11484,0,0,0,18,23,33,0,39633,31007,34286,2,0,0,317
27,1,8,1060929,benign,189,151,11109,0,7996,3066,1,2616,2929,0,699,39521,3245,3,52,1475,907,426,3,13473,7776,30353,0,0,654,8834,7650,11552,0,0,0,18,24,39,0,39613,30941,34363,2,0,0,317
28,10,2,1061067,benign,200,153,11132,0,8012,3064,1,2616,2929,0,684,39758,3245,3,52,1494,996,428,3,13651,7780,30316,0,0,654,8844,7655,11522,0,0,0,18,22,140,2,39765,31213,34447,2,0,0,317
29,0,19,1060863,benign,190,153,11155,0,8038,3081,1,2616,2929,0,688,39645,3245,3,52,1482,935,318,3,13426,7692,30402,0,0,654,8854,7651,11489,0,0,0,18,22,33,0,39428,30949,34389,1,0,0,317
30,7,23,1061031,benign,196,151,11081,0,7971,3071,1,2616,2929,0,691,39410,3245,3,52,1322,735,426,3,13585,7839,30332,0,0,654,8863,7651,11516,0,0,0,18,24,39,0,39513,31128,34386,2,0,0,317
31,5,22,1061056,benign,180,153,11121,4,8013,3082,1,2616,2929,0,703,39597,3245,3,51,1332,743,324,4,13428,7533,30357,0,0,654,8846,7679,11542,0,0,0,18,23,39,0,39274,31008,34322,2,0,0,317
32,9,13,1060990,benign,180,151,11118,0,8007,3077,1,2616,2929,0,682,39685,3245,3,52,1241,903,317,3,13688,7885,30320,0,0,654,8848,7679,11547,0,0,0,18,23,33,0,39501,30922,34310,1,0,0,317
33,1,15,1060942,benign,192,153,11095,0,7986,3082,1,2616,2929,0,688,39632,3245,3,52,1551,760,426,3,13505,7767,30324,0,0,654,8837,7701,11578,0,0,0,18,23,39,0,39654,31029,34273,2,0,0,317
34,9,16,1060900,benign,163,153,11160,4,8045,3091,1,2616,2929,0,689,39326,3245,3,51,1457,773,422,3,13460,7794,30458,0,0,654,8889,7665,11553,0,0,0,18,24,35,0,39018,30741,34003,1,0,0,317
35,5,17,1060958,benign,183,151,11141,0,8016,3080,1,2616,2930,0,681,39423,3245,3,52,1302,766,426,3,13638,7909,30363,0,0,654,8838,7653,11521,0,0,0,18,25,132,2,39580,30978,34429,2,0,0,317
36,2,2,1060862,benign,187,151,11105,0,7994,3067,1,2616,2929,0,684,39494,3245,3,52,1305,703,318,3,13397,7622,30370,0,0,654,8812,7676,11560,0,0,0,18,22,33,0,39452,31087,34411,1,0,0,316
37,8,28,1061067,benign,204,153,11120,0,7999,3081,1,2616,2929,0,689,39559,3245,3,52,1403,711,324,3,13983,8067,30284,0,0,654,8852,7644,11553,0,0,0,18,23,39,0,39818,31123,34574,2,0,0,317
38,6,26,1061072,benign,178,153,11093,4,7981,3073,1,2616,2929,0,688,39388,3245,3,52,1350,762,324,4,13315,7473,30256,0,0,654,8840,7631,11553,0,0,0,18,22,141,2,39565,30772,34094,2,0,0,317
39,10,18,1060981,benign,184,153,11152,0,8032,3084,1,2616,2929,0,684,39328,3245,3,53,1415,762,416,3,13460,7583,30310,0,0,654,8863,7684,11570,0,0,0,18,24,33,0,39536,30982,34453,1,0,0,317
40,5,30,1060899,benign,195,151,11119,0,8014,3088,1,2616,2929,0,693,39485,3245,3,52,1314,782,321,3,13905,7830,30404,0,0,654,8860,7659,11522,0,0,0,18,23,36,0,39347,31156,34427,1,0,0,317
0,6,2,1061057,benign,120,27,11123,0,8018,3075,1,2616,2929,0,704,39751,3245,3,52,1399,974,323,3,13958,7768,30358,0,0,654,8869,7675,11536,0,0,0,18,24,257,2,40001,31237,34476,2,0,0,317
1,8,14,1060978,benign,186,151,11143,0,8031,3081,1,2616,2929,0,707,39826,3245,3,52,1391,775,318,3,13692,7727,30357,0,0,654,8854,7644,11532,0,0,0,18,24,32,0,39751,30889,34168,1,0,0,317
2,3,22,1060747,benign,192,153,11123,0,8011,3083,1,2616,2930,0,701,39624,3245,3,51,1357,712,324,3,13457,7626,30310,0,0,654,8828,7677,11552,0,0,0,18,24,39,0,39687,31074,34287,2,0,0,317
3,9,8,1060879,benign,179,153,11155,0,8033,3087,1,2616,2929,0,694,39383,3245,3,52,1484,719,319,3,13449,7657,30268,0,0,654,8862,7658,11546,0,0,0,18,24,34,0,39363,31258,34708,1,0,0,317
4,6,13,1060830,benign,185,153,11137,0,8020,3079,1,2616,2929,0,683,39669,3245,3,51,1239,743,418,4,13450,7757,30392,0,0,654,8820,7675,11581,0,0,0,18,23,33,0,39534,30953,34235,2,0,0,317
5,4,26,1061026,benign,200,153,11104,0,7999,3073,1,2616,2929,0,687,39398,3245,3,51,1513,793,324,4,13706,7962,30341,0,0,654,8840,7658,11510,0,0,0,18,26,39,0,39609,31110,34353,2,0,0,317
6,9,11,1060876,benign,162,151,11161,4,8038,3079,1,2616,2929,0,685,39323,3245,3,52,1255,847,423,3,13362,7583,30274,0,0,654,8861,7667,11555,0,0,0,18,24,34,0,39407,30991,34464,1,0,0,317
7,8,5,1061026,benign,203,153,11113,0,8012,3078,1,2616,2929,0,701,39745,3245,3,52,1349,743,324,4,13674,7801,30390,0,0,654,8837,7660,11554,0,0,0,18,23,39,0,39115,30922,34187,2,0,0,317
8,10,3,1061060,benign,181,153,11134,4,8005,3071,1,2616,2929,0,687,39277,3245,3,52,1385,756,427,3,13585,7768,30320,0,0,654,8847,7639,11508,0,0,0,19,25,145,2,39592,30877,34287,2,0,0,316
9,8,7,1060950,benign,190,153,11124,0,8022,3080,1,2616,2929,0,698,39536,3245,3,53,1280,749,324,3,13709,7917,30350,0,0,654,8845,7675,11550,0,0,0,18,23,39,0,39545,30979,34245,2,0,0,317
10,8,18,1061001,benign,200,153,11086,0,7980,3070,1,2616,2929,0,701,40029,3245,3,51,1423,784,424,3,13789,7902,30394,0,0,654,8857,7671,11536,0,0,0,18,24,39,0,39675,30863,34113,2,0,0,317
11,1,9,1060763,benign,198,153,11147,0,8039,3079,1,2616,2929,0,708,39919,3245,3,52,1334,955,324,3,13908,7960,30376,0,0,654,8845,7665,11519,0,0,0,18,25,39,0,39779,31372,34632,2,0,0,317
12,5,31,1060851,benign,186,151,11124,0,8019,3084,1,2616,2929,0,705,39878,3245,3,52,1407,780,317,3,13647,7882,30265,0,0,654,8865,7646,11516,0,0,0,18,24,33,0,39529,30974,34247,1,0,0,317
13,9,20,1060825,benign,180,154,11129,0,8009,3084,1,2616,2929,0,674,39295,3245,3,51,1258,776,320,3,13540,7798,30233,0,0,654,8846,7670,11563,0,0,0,18,24,34,1,39702,30758,34210,2,0,0,317
14,1,12,1060835,benign,181,153,11142,0,8023,3075,1,2616,2929,0,688,39617,3245,3,51,1265,735,318,3,13409,7657,30238,0,0,654,8825,7653,11511,0,0,0,18,24,34,1,39822,30980,34287,2,0,0,317
15,10,9,1060929,benign,195,153,11124,0,8010,3078,1,2616,2929,0,687,39411,3245,3,52,1327,721,324,3,13461,7600,30410,0,0,654,8847,7661,11539,0,0,0,18,24,39,0,39724,31183,34447,2,0,0,317
16,7,2,1060782,benign,195,153,11125,0,8013,3092,1,2616,2929,0,698,39793,3245,3,52,1464,950,324,4,13689,7588,30324,0,0,654,8845,7673,11533,0,0,0,18,23,329,2,39773,31105,34462,2,0,0,317
17,10,11,1061061,benign,205,153,11118,0,8004,3072,1,2616,2930,0,689,39549,3245,3,53,1582,745,324,3,13627,7815,30316,0,0,654,8851,7663,11542,0,0,0,18,23,39,0,39816,30947,34419,2,0,0,317
18,5,20,1060789,benign,175,153,11121,0,8001,3078,1,2616,2929,0,683,39469,3245,3,52,1245,740,319,4,13305,7470,30280,0,0,654,8874,7651,11524,0,0,0,18,21,39,0,39074,30911,34429,2,0,0,317
19,0,9,1060917,benign,198,153,11113,0,8001,3082,1,2616,2930,0,688,39423,3245,3,52,1546,819,324,3,13692,7828,30283,0,0,654,8838,7700,11558,0,0,0,18,23,39,0,39589,31262,34679,2,0,0,317
20,8,28,1060790,benign,190,153,11110,0,7990,3082,1,2616,2929,0,686,39472,3245,3,51,1385,946,319,3,13560,7812,30404,0,0,654,8854,7640,11505,0,0,0,18,22,34,1,39323,30925,34403,2,0,0,317
21,9,13,1060727,benign,190,153,11131,0,8025,3089,1,2616,2929,0,699,39650,3245,3,52,1620,703,426,3,13938,8005,30327,0,0,654,8862,7664,11546,0,0,0,18,23,39,0,39730,31155,34398,2,0,0,317
22,1,2,1060946,benign,186,153,11135,0,8018,3078,1,2616,2929,0,694,39662,3245,3,52,1302,762,426,4,13944,7887,30364,0,0,654,8854,7688,11560,0,0,0,18,23,39,0,39751,31089,34391,2,0,0,317
23,9,4,1060876,benign,164,154,11102,4,7991,3061,1,2616,2929,0,684,39166,3245,3,51,1405,793,319,3,13275,7536,30307,0,0,654,8835,7656,11519,0,0,0,18,24,34,0,39104,30896,34170,1,0,0,317
24,7,14,1060974,benign,193,153,11141,0,8026,3079,1,2616,2929,0,696,39703,3245,3,52,1357,756,324,4,13464,7602,30337,0,0,654,8856,7685,11585,0,0,0,18,24,39,0,39678,30785,34198,2,0,0,317
25,6,29,1060918,benign,185,153,11128,0,8013,3085,1,2616,2929,0,698,39612,3245,3,52,1327,699,324,3,13509,7574,30364,0,0,654,8824,7690,11571,0,0,0,18,25,140,2,39829,30938,34366,2,0,0,317
26,0,0,1060762,benign,188,153,11122,0,8014,3089,1,2616,2929,0,684,39723,3245,3,52,1342,766,324,4,13709,8070,30440,0,0,654,8853,7659,11541,0,0,0,19,26,41,0,39763,31000,34262,2,0,0,317
27,4,10,1060873,benign,192,153,11156,1,8043,3088,1,2616,2929,0,681,39343,3245,3,51,1521,756,318,4,13839,7836,30388,0,0,654,8855,7677,11553,0,0,0,18,24,33,0,39630,31331,34610,2,0,0,317
28,8,29,1060918,benign,192,153,11118,0,8000,3079,1,2616,2929,0,699,39744,3245,3,52,1352,697,425,3,13899,7898,30401,0,0,654,8834,7665,11533,0,0,0,18,24,141,2,39680,31076,34364,2,0,0,317
29,2,26,1061092,benign,179,151,11125,4,8009,3072,1,2616,2929,0,693,39655,3245,3,52,1379,740,324,3,13669,7810,30258,0,0,654,8833,7643,11542,0,0,0,18,23,39,0,39320,30942,34328,2,0,0,317
30,6,2,1060886,benign,183,153,11088,0,7979,3074,1,2616,2929,0,703,39556,3245,3,53,1308,757,372,3,13829,8097,30335,0,0,654,8865,7667,11569,0,0,0,18,23,33,0,39568,30942,34184,1,0,0,317
31,7,12,1061018,benign,206,153,11139,0,8033,3073,1,2616,2929,0,695,39593,3245,3,53,1348,1188,324,3,13890,7875,30300,0,0,654,8846,7665,11538,0,0,0,18,24,39,0,39669,31031,34426,2,0,0,317
32,8,14,1060823,benign,185,153,11148,0,8033,3086,1,2616,2929,0,687,39460,3245,3,52,1206,772,421,3,13447,7713,30379,0,0,654,8862,7670,11534,0,0,0,18,25,33,0,39449,30806,34104,2,0,0,317
33,3,8,1060886,SDC,183,159,10389,2,7602,2774,1,2619,2881,0,648,37784,3166,3,57,1395,765,513,3,13515,7717,28976,0,0,623,8428,7394,10861,0,0,0,18,21,350,5,38151,29193,32463,3,0,0,317
34,6,24,1060773,benign,185,153,11165,0,8053,3090,1,2616,2929,0,694,39623,3245,3,52,1351,702,324,3,13700,7796,30305,0,0,654,8867,7678,11548,0,0,0,18,23,39,0,39427,31252,34535,2,0,0,317
35,8,23,1060904,benign,168,153,11115,4,8002,3086,1,2616,2929,0,690,39412,3245,3,52,1274,769,612,3,13444,7536,30365,0,0,654,8852,7685,11553,0,0,0,18,24,39,0,39443,30736,34154,2,0,0,317
36,7,28,1061088,benign,180,153,11128,4,8013,3068,1,2616,2929,0,693,39689,3245,3,51,1397,728,324,3,13512,7495,30233,0,0,654,8855,7628,11544,0,0,0,19,25,41,0,39251,30740,34028,2,0,0,316
37,2,19,1060937,benign,191,154,11114,0,8005,3086,1,2616,2929,0,706,39809,3245,3,53,1359,713,324,3,13775,7883,30384,0,0,654,8856,7682,11541,0,0,0,18,21,143,2,39727,31083,34341,2,0,0,317
38,8,18,1060948,benign,166,153,11113,4,7995,3079,1,2616,2929,0,694,39312,3245,3,51,1287,752,318,3,13618,7528,30360,0,0,654,8836,7675,11534,0,0,0,18,25,39,0,39344,30751,34209,2,0,0,317
39,1,9,1060979,benign,186,153,11104,0,7991,3088,1,2616,2929,0,694,39895,3245,3,52,1304,715,317,4,13489,7721,30362,0,0,654,8836,7663,11564,0,0,0,18,24,33,0,39391,30815,34054,1,0,0,317
40,0,29,1060881,benign,188,153,11108,0,7997,3081,1,2616,2929,0,694,39746,3245,3,52,1241,987,318,4,13398,7645,30299,0,0,654,8851,7666,11543,0,0,0,18,24,33,0,39775,31098,34371,1,0,0,317
41,7,18,1060870,benign,186,151,11149,0,8039,3093,1,2616,2929,0,690,39496,3245,3,52,1429,961,318,4,13392,7540,30320,0,0,654,8856,7673,11548,0,0,0,18,23,33,0,39447,30746,34151,1,0,0,317
42,6,10,1060874,benign,182,151,11143,0,8030,3081,1,2616,2929,0,694,39382,3245,3,52,1429,770,556,4,13613,7882,30357,0,0,654,8856,7670,11536,0,0,0,18,22,33,0,39680,31069,34335,1,0,0,317
43,6,23,1060983,benign,189,153,11156,0,8039,3090,1,2616,2929,0,691,39438,3245,3,52,1300,786,318,4,13592,7679,30422,0,0,654,8830,7661,11554,0,0,0,18,22,137,2,39551,31021,34475,1,0,0,317
0,8,23,1060741,benign,120,27,11118,0,8016,3079,1,2616,2929,0,699,39425,3245,3,52,1462,874,324,3,13712,7910,30366,0,0,654,8841,7646,11537,0,0,0,18,23,140,4,39679,31069,34294,2,0,0,317
1,4,20,1060837,benign,182,153,11128,0,8013,3087,1,2616,2929,0,687,39582,3245,3,51,1391,929,317,3,13283,7560,30249,0,0,654,8852,7645,11502,0,0,0,18,25,32,0,39202,30907,34238,1,0,0,317
2,8,25,1061006,benign,204,153,11129,0,8014,3074,1,2616,2929,0,716,39992,3245,3,52,1413,790,324,4,13707,7935,30237,0,0,654,8838,7667,11528,0,0,0,18,26,39,0,39770,31118,34568,2,0,0,316
3,1,14,1060779,benign,192,153,11127,0,8015,3085,1,2616,2929,0,696,39600,3245,3,52,1490,780,428,4,13477,7681,30330,0,0,654,8851,7653,11528,0,0,0,18,24,140,2,39766,31014,34204,2,0,0,317
4,2,20,1060913,benign,187,153,11118,0,8006,3089,1,2616,2929,0,691,39574,3245,3,52,1359,738,324,3,13556,7740,30400,0,0,654,8854,7655,11540,0,0,0,18,24,39,0,39701,30989,34235,2,0,0,370
5,10,31,1060746,benign,186,153,11132,0,8028,3080,1,2616,2929,0,694,39546,3245,3,53,1378,946,324,3,13547,7590,30306,0,0,654,8838,7654,11516,0,0,0,18,24,36,2,39721,30870,34140,2,0,0,317
6,3,30,1060761,benign,192,153,11152,0,8024,3097,1,2616,2929,0,702,39782,3245,3,52,1367,998,324,3,13922,8154,30394,0,0,654,8889,7673,11572,0,0,0,18,23,39,0,39739,31194,34468,2,0,0,317
7,6,11,1060936,benign,167,154,11153,4,8038,3085,1,2616,2930,0,687,39447,3245,3,51,1289,800,426,3,13571,7794,30388,0,0,654,8813,7681,11558,0,0,0,18,23,39,0,39589,30769,34227,2,0,0,317
8,9,9,1060984,benign,160,154,11149,4,8042,3097,1,2616,2929,0,675,39242,3245,3,51,1235,795,317,3,13342,7467,30260,0,0,654,8832,7642,11523,0,0,0,18,25,32,0,39238,30688,33943,1,0,0,317
9,5,3,1060942,benign,194,153,11134,0,8009,3080,1,2616,2929,0,691,39618,3245,3,52,1326,704,426,3,13531,7759,30389,0,0,654,8847,7675,11557,0,0,0,18,24,39,0,39545,31144,34555,2,0,0,317
10,5,4,1061080,benign,179,153,11086,4,7967,3058,1,2616,2930,0,696,39537,3245,3,51,1513,828,477,4,13439,7577,30229,0,0,654,8823,7660,11524,0,0,0,18,23,39,0,39099,31035,34358,2,0,0,317
11,6,18,1061057,benign,212,153,11139,0,8025,3078,1,2616,2929,0,703,39571,3245,3,52,1442,769,324,3,13681,7894,30316,0,0,654,8828,7629,11471,0,0,0,18,23,39,0,39649,31054,34356,2,0,0,317
12,0,27,1060783,benign,194,153,11137,0,8019,3084,1,2616,2929,0,694,39679,3245,3,52,1374,925,324,3,13665,7940,30373,0,0,654,8853,7684,11567,0,0,0,18,23,39,0,39348,31227,34490,2,0,0,317
13,6,1,1060928,benign,167,154,11137,4,8020,3073,1,2616,2929,0,698,39264,3245,3,52,1532,738,324,4,13568,7859,30264,0,0,654,8860,7689,11544,0,0,0,18,24,39,0,39262,31021,34285,2,0,0,317
14,2,12,1060976,benign,158,154,11124,4,8008,3079,1,2616,2929,0,694,39384,3245,3,52,1447,737,318,3,13192,7306,30303,0,0,654,8829,7609,11528,0,0,0,18,24,33,0,39595,30648,34123,1,0,0,317
15,4,25,1061090,benign,205,153,11121,0,8009,3068,1,2616,2929,0,685,39574,3245,3,52,1513,732,417,3,13719,7832,30284,0,0,654,8858,7634,11520,0,0,0,18,23,39,0,39719,31135,34449,2,0,0,317
16,5,3,1060770,benign,202,151,11139,0,8027,3086,1,2616,2930,0,697,39944,3245,3,52,1345,714,324,3,13856,7999,30341,0,0,654,8866,7687,11578,0,0,0,18,24,39,0,39622,30939,34350,2,0,0,317
17,3,10,1060968,SDC,172,156,10306,5,7434,2882,1,2450,2714,0,637,37149,2989,3,52,1546,964,426,3,12597,7088,28022,0,0,613,8045,6983,10708,0,0,0,18,24,39,0,36899,28352,31670,2,0,0,317
18,7,29,1060758,benign,195,153,11095,0,7993,3085,1,2616,2929,0,691,39746,3245,3,52,1357,783,324,3,13757,7969,30336,0,0,654,8857,7628,11526,0,0,0,18,23,38,0,39629,31076,34331,2,0,0,317
19,9,10,1060965,benign,194,151,11127,0,8008,3079,1,2616,2929,0,677,39428,3245,3,52,1357,1007,324,3,13770,7956,30316,0,0,654,8809,7657,11549,0,0,0,18,23,39,0,39521,31053,34534,2,0,0,317
20,3,3,1061011,benign,214,151,11125,0,8023,3076,1,2616,2929,0,692,39851,3245,3,53,1350,744,426,3,13794,7927,30308,0,0,654,8835,7630,11492,0,0,0,18,25,39,0,39506,30996,34294,2,0,0,317
21,8,21,1061039,benign,194,151,11135,0,8022,3077,1,2616,2929,0,690,39365,3245,3,51,1347,797,323,3,13692,7945,30269,0,0,654,8845,7654,11480,0,0,0,18,23,39,0,39641,31278,34751,2,0,0,317
22,3,24,1060830,benign,184,153,11162,0,8047,3089,1,2616,2929,0,687,39318,3245,3,51,1261,724,318,3,13592,7690,30287,0,0,654,8830,7648,11543,0,0,0,18,23,129,2,39285,30909,34189,2,0,0,317
23,3,30,1060886,crash/hangs,-,-,-,-,-,-,-,-,-,-,-,-,-,-,-,-,-,-,-,-,-,-,-,-,-,-,-,-,-,-,-,-,-,-,-,-,-,-,-,-,-,-
24,9,13,1060728,benign,90,27,11155,0,8062,3085,1,2616,2929,0,687,39266,3245,3,52,1552,718,428,3,13492,7440,30396,0,0,654,8853,7688,11550,0,0,0,18,23,39,0,39449,30931,34326,2,0,0,317
25,3,6,1060972,SDC,171,155,10338,5,7465,2885,1,2450,2714,0,629,36900,2989,3,52,1402,1040,324,4,12432,7010,27867,0,0,613,8074,7023,10743,0,0,0,18,23,39,0,36913,28643,31925,2,0,0,317
26,9,17,1061089,benign,215,153,11150,0,8034,3069,1,2616,2929,0,708,40070,3245,3,53,1368,726,425,3,13729,7767,30324,0,0,654,8826,7640,11539,0,0,0,18,21,39,0,39452,31312,34607,2,0,0,317
27,4,25,1060738,benign,194,153,11139,0,8026,3081,1,2616,2929,0,684,39579,3245,3,52,1359,728,324,3,13826,7793,30409,0,0,654,8823,7643,11529,0,0,0,18,25,39,0,39607,31208,34481,2,0,0,317
0,2,0,1060726,benign,15152,27,11156,0,8039,3092,1,2616,2929,0,688,39866,3245,3,52,1336,720,324,3,13793,8079,30367,0,0,654,8876,7652,11527,0,0,0,18,23,39,0,39247,31177,34469,2,0,0,317
1,5,12,1060764,benign,166,153,11131,0,8015,3086,1,2616,2929,0,689,39246,3245,3,53,1367,725,426,3,13406,7686,30290,0,0,654,8840,7661,11562,0,0,0,18,23,141,2,39598,30782,34018,2,0,0,317
2,2,9,1060736,benign,167,153,11144,0,8033,3078,1,2616,2929,0,694,39532,3245,3,53,1340,767,426,3,13564,7688,30339,0,0,654,8847,7654,11552,0,0,0,18,25,39,0,39319,30878,34160,2,0,0,317
3,2,9,1060733,benign,188,153,11115,0,8009,3077,1,2616,2929,0,691,39698,3245,3,52,1512,769,324,3,13695,7778,30386,0,0,654,8819,7665,11551,0,0,0,18,23,39,0,39331,31042,34305,2,0,0,317
4,8,27,1060740,benign,167,153,11142,0,8037,3090,1,2616,2929,0,692,39193,3245,3,53,1549,765,324,4,13214,7365,30235,0,0,654,8851,7667,11528,0,0,0,18,24,39,0,39401,30806,34066,2,0,0,317
5,2,28,1060730,benign,189,153,11139,0,8033,3082,1,2616,2929,0,699,39882,3245,3,53,1331,974,324,3,13483,7635,30299,0,0,654,8878,7676,11555,0,0,0,18,23,142,2,39758,31143,34430,2,0,0,317
6,2,4,1060749,benign,193,153,11145,0,8033,3083,1,2616,2930,0,690,39486,3245,3,52,1379,721,324,4,13865,8130,30454,0,0,654,8827,7659,11535,0,0,0,18,25,141,2,39740,31085,34359,2,0,0,317
7,8,19,1060730,benign,191,153,11142,0,8033,3079,1,2616,2929,0,695,39674,3245,3,55,1605,733,324,4,13795,8024,30333,0,0,654,8886,7744,11562,0,0,0,18,23,39,0,39715,31132,34395,2,0,0,317
8,10,25,1060753,benign,183,153,11136,0,8020,3082,1,2616,2929,0,706,39644,3245,3,52,1298,727,324,3,13509,7742,30382,0,0,654,8841,7671,11544,0,0,0,18,24,39,0,39777,31051,34318,2,0,0,317
9,6,6,1060756,benign,168,153,11131,0,8013,3079,1,2616,2929,0,694,39448,3245,3,54,1369,723,426,3,13546,7567,30308,0,0,654,8849,7671,11535,0,0,0,18,23,141,2,39508,30718,34162,2,0,0,317
10,3,3,1060746,benign,185,153,11103,0,7990,3079,1,2616,2929,0,698,39496,3245,3,52,1786,716,324,3,13513,7666,30314,0,0,654,8853,7688,11544,0,0,0,18,25,39,0,39440,30915,34167,2,0,0,317
11,3,13,1060726,benign,187,154,11148,0,8047,3093,1,2616,2929,0,698,39558,3245,3,52,1298,781,324,3,13601,7737,30393,0,0,654,8830,7656,11516,0,0,0,18,24,39,0,39694,31284,34553,2,0,0,317
12,1,17,1060755,benign,201,153,11118,0,8005,3091,1,2616,2929,0,695,39655,3245,3,52,1323,758,324,3,13456,7570,30306,0,0,654,8827,7681,11550,0,0,0,18,24,143,2,40144,31193,34441,2,0,0,316
13,7,22,1060734,benign,191,153,11120,0,8006,3086,1,2616,2929,0,704,39924,3245,3,52,1293,786,324,3,13957,8094,30382,0,0,654,8838,7640,11526,0,0,0,18,23,39,0,39551,31112,34374,2,0,0,317
14,7,15,1060749,benign,186,153,11133,0,8020,3080,1,2616,2929,0,696,39612,3245,3,53,1375,722,426,3,13580,7858,30400,0,0,654,8829,7651,11552,0,0,0,18,23,39,0,39703,31145,34519,2,0,0,316
15,5,1,1060743,benign,184,153,11143,0,8032,3091,1,2616,2929,0,710,39727,3245,3,52,1533,762,426,4,13636,7872,30281,0,0,654,8850,7643,11523,0,0,0,18,24,39,0,39490,31270,34519,2,0,0,317
16,3,26,1060749,benign,200,154,11138,0,8025,3086,1,2616,2929,0,683,39387,3245,3,53,1368,720,324,4,13736,7979,30357,0,0,654,8862,7661,11523,0,0,0,18,24,39,0,39541,31089,34362,2,0,0,317
17,5,4,1060740,benign,172,153,11158,0,8051,3083,1,2616,2929,0,701,39260,3245,3,52,1345,822,426,4,13347,7617,30399,0,0,654,8827,7667,11528,0,0,0,18,24,39,0,39213,30866,34122,2,0,0,317
18,6,16,1060729,benign,195,153,11120,0,8009,3078,1,2616,2929,0,692,39591,3245,3,53,1528,747,324,3,13785,7887,30383,0,0,654,8844,7680,11558,0,0,0,18,25,38,0,39452,31049,34315,2,0,0,317
19,3,16,1060734,benign,185,153,11140,0,8037,3095,1,2616,2929,0,688,39562,3245,3,52,1342,773,426,3,13761,7847,30350,0,0,654,8859,7672,11550,0,0,0,18,24,38,0,39659,31173,34654,2,0,0,317
20,6,3,1060746,benign,190,153,11146,0,8034,3079,1,2616,2929,0,695,39456,3245,3,52,1460,805,417,3,13713,8002,30327,0,0,654,8838,7683,11561,0,0,0,18,23,39,0,39660,31170,34629,2,0,0,317
0,5,12,1060749,benign,125,27,11130,0,8036,3086,1,2616,2929,0,698,39714,3245,3,52,1339,725,324,3,13711,7964,30251,0,0,654,8824,7650,11537,0,0,0,18,22,39,0,39389,31261,34486,2,0,0,317
1,9,6,1060720,benign,167,153,11140,0,8035,3086,1,2616,2929,0,683,39398,3245,3,53,1530,724,552,3,13801,7830,30331,0,0,654,8833,7670,11530,0,0,0,18,23,39,0,39159,30878,34126,2,0,0,317
2,2,5,1060731,benign,182,153,11130,0,8022,3081,1,2616,2929,0,700,39583,3245,3,53,1346,746,324,3,13703,7933,30385,0,0,654,8857,7680,11542,0,0,0,19,26,41,0,39803,31208,34504,2,0,0,317
3,2,25,1060736,benign,168,153,11132,0,8015,3085,1,2616,2929,0,690,39191,3245,3,52,1518,843,324,3,13307,7450,30338,0,0,654,8846,7685,11545,0,0,0,18,24,39,0,39317,30801,34069,2,0,0,316
4,8,11,1060728,benign,168,153,11141,0,8028,3084,1,2616,2929,0,701,39442,3245,3,52,1546,919,324,3,13278,7376,30292,0,0,654,8867,7683,11576,0,0,0,18,22,38,0,39099,30817,34068,2,0,0,317
5,9,9,1060759,benign,192,153,11139,0,8016,3085,1,2616,2929,0,697,39781,3245,3,52,1381,750,324,4,13526,7811,30304,0,0,654,8835,7673,11564,0,0,0,18,25,39,0,39495,31061,34336,2,0,0,317
6,2,7,1060720,benign,166,153,11122,0,8013,3088,1,2616,2929,0,679,39214,3245,3,53,1318,771,324,3,13256,7526,30341,0,0,654,8872,7670,11546,0,0,0,18,23,38,0,39343,30815,34089,2,0,0,317
7,10,20,1060721,benign,191,153,11166,0,8050,3094,1,2616,2929,0,703,39636,3245,3,53,1341,749,324,4,13585,7803,30303,0,0,654,8847,7697,11573,0,0,0,18,22,39,0,39485,31230,34493,2,0,0,316
8,1,30,1060725,SDC,198,158,10888,0,7857,3019,1,2564,2883,2,712,39276,3185,3,57,1351,1060,323,4,13937,7983,29883,0,0,640,8747,7539,11358,0,0,0,18,23,39,0,39547,31442,34745,2,0,0,317
9,3,10,1060753,benign,188,153,11123,0,8003,3080,1,2616,2929,0,697,39618,3245,3,53,1290,766,324,4,13499,7766,30347,0,0,654,8860,7651,11522,0,0,0,18,24,39,0,39636,31196,34473,2,0,0,317
10,9,13,1060761,benign,188,153,11139,0,8028,3082,1,2616,2929,0,709,39557,3245,3,52,1376,696,324,3,13694,8083,30365,0,0,654,8853,7686,11542,0,0,0,18,23,39,0,39545,31012,34218,2,0,0,317
11,4,23,1060732,benign,166,151,11125,0,8029,3093,1,2616,2929,0,698,39240,3245,3,51,1356,708,426,3,13245,7457,30259,0,0,654,8854,7698,11580,0,0,0,18,23,39,0,39055,30716,34148,2,0,0,317
12,6,29,1060748,benign,167,153,11131,0,8010,3079,1,2616,2929,0,686,39237,3245,3,52,1324,834,324,3,13471,7671,30404,0,0,654,8849,7665,11550,0,0,0,18,25,39,0,39434,30783,34074,2,0,0,317
13,7,25,1060742,benign,182,153,11129,0,8012,3080,1,2616,2929,0,692,39691,3245,3,52,1472,744,324,3,13683,7808,30430,0,0,654,8835,7667,11568,0,0,0,18,22,39,0,39347,31006,34271,2,0,0,317
14,7,5,1060722,benign,188,153,11143,0,8028,3084,1,2616,2929,0,692,39748,3245,3,52,1515,928,426,3,13733,7973,30381,0,0,654,8867,7655,11539,0,0,0,18,23,39,0,39489,31201,34453,2,0,0,317
15,4,1,1060768,benign,169,154,11100,1,7998,3076,1,2616,2929,0,702,39363,3245,3,53,1530,847,435,3,13284,7536,30353,0,0,654,8852,7694,11562,0,0,0,19,27,41,0,38977,30825,34092,3,0,0,317
16,10,26,1060745,benign,186,151,11118,0,8005,3079,1,2616,2929,0,702,39850,3245,3,53,1352,733,324,3,13586,7776,30404,0,0,654,8822,7680,11571,0,0,0,19,27,41,0,39553,30984,34253,2,0,0,317
17,9,20,1060731,benign,184,153,11115,0,8006,3082,1,2616,2929,0,699,39613,3245,3,52,1323,717,426,3,13919,8120,30308,0,0,654,8864,7692,11568,0,0,0,18,23,39,0,39393,30998,34216,2,0,0,317
18,8,9,1060725,benign,181,151,11127,0,8015,3085,1,2616,2929,0,700,39901,3245,3,52,1411,764,324,3,13536,7743,30389,0,0,654,8853,7693,11553,0,0,0,18,23,39,0,39633,30972,34414,2,0,0,317
19,3,11,1060764,benign,167,154,11132,0,8015,3077,1,2616,2929,1,688,39375,3245,3,54,1373,747,324,3,13260,7421,30388,0,0,654,8833,7667,11545,0,0,0,18,23,39,0,39552,30766,34211,2,0,0,317
20,8,3,1060743,benign,195,153,11100,0,7992,3082,1,2616,2929,0,694,39391,3245,3,52,1356,822,324,3,13651,7757,30273,0,0,654,8861,7650,11515,0,0,0,18,22,39,0,39405,31023,34266,2,0,0,317
21,8,20,1060764,benign,168,153,11146,0,8040,3087,1,2616,2929,0,697,39638,3245,3,52,1344,728,324,4,13588,7593,30362,0,0,654,8850,7645,11546,0,0,0,18,23,131,2,39443,30951,34435,2,0,0,317
22,2,20,1060753,benign,186,153,11133,0,8017,3085,1,2616,2929,0,701,39890,3245,3,53,1549,724,324,3,13705,7906,30341,0,0,654,8842,7657,11513,0,0,0,18,23,141,2,39703,30999,34243,2,0,0,317
23,9,20,1060741,benign,191,151,11148,0,8037,3086,1,2616,2929,0,699,39608,3245,3,52,1359,896,324,4,13512,7860,30347,0,0,654,8825,7652,11533,0,0,0,18,24,39,0,39480,31062,34298,2,0,0,317
24,10,22,1060767,benign,191,153,11154,0,8044,3095,1,2616,2929,0,679,39452,3245,3,53,1353,721,324,3,13582,7697,30274,0,0,654,8832,7643,11522,0,0,0,18,24,39,0,39424,31048,34316,2,0,0,317
25,1,26,1060761,benign,185,153,11158,0,8041,3095,1,2616,2929,0,697,39727,3245,3,52,1531,748,324,4,13574,7826,30440,0,0,654,8846,7666,11530,0,0,0,18,24,39,0,39522,30966,34218,2,0,0,317
26,10,26,1060754,benign,183,153,11116,0,8005,3086,1,2616,2929,0,679,39667,3245,3,52,1336,911,324,3,13978,8047,30351,0,0,654,8858,7679,11554,0,0,0,18,24,38,0,39445,31085,34337,2,0,0,317
27,7,26,1060763,benign,198,153,11115,0,7998,3074,1,2616,2929,0,681,39319,3245,3,53,1365,929,426,3,13695,7812,30386,0,0,654,8816,7655,11548,0,0,0,18,23,39,0,39397,30963,34221,2,0,0,317
28,2,15,1060758,benign,193,154,11151,0,8031,3086,1,2616,2929,0,690,39470,3245,3,52,1320,793,324,3,13805,8113,30369,0,0,654,8850,7679,11550,0,0,0,18,24,39,0,39473,31147,34409,2,0,0,317
29,7,16,1060732,benign,166,153,11117,0,8009,3078,1,2616,2930,0,699,39299,3245,3,52,1295,739,324,3,13381,7341,30245,0,0,654,8850,7660,11528,0,0,0,18,24,39,0,39273,30715,33952,2,0,0,317
30,5,17,1060723,benign,182,153,11143,0,8024,3081,1,2616,2929,0,711,39627,3245,3,52,1459,920,428,3,13580,7740,30344,0,0,654,8850,7669,11507,0,0,0,18,24,141,2,39375,30923,34175,2,0,0,317
31,1,10,1060755,benign,188,151,11148,0,8028,3080,1,2616,2929,0,707,39620,3245,3,52,1343,712,420,3,13522,7655,30305,0,0,654,8857,7684,11544,0,0,0,18,23,39,0,39718,31047,34323,2,0,0,317
32,7,14,1060749,benign,200,153,11114,0,8012,3073,1,2616,2929,0,694,39549,3245,3,51,1359,762,324,3,13928,7899,30169,0,0,654,8841,7690,11550,0,0,0,18,23,39,0,39828,31135,34410,2,0,0,317
33,10,30,1060735,benign,192,153,11154,0,8050,3101,1,2616,2929,0,695,39474,3245,3,52,1554,647,324,4,13500,7662,30450,0,0,654,8844,7652,11518,0,0,0,18,23,141,2,39630,30947,34240,2,0,0,317
34,4,14,1060733,benign,189,151,11150,0,8039,3080,1,2616,2929,0,695,39553,3245,3,52,1344,698,324,4,13640,7574,30321,0,0,654,8853,7673,11546,0,0,0,18,21,39,0,39708,30991,34298,2,0,0,317
35,8,31,1060744,benign,165,153,11127,0,8018,3088,1,2616,2929,0,691,39396,3245,3,52,1540,949,426,3,13655,7928,30299,0,0,654,8858,7688,11546,0,0,0,18,23,39,0,39291,30708,34000,2,0,0,317
36,9,3,1060751,benign,185,153,11120,0,8012,3081,1,2616,2929,0,695,39478,3245,3,52,1309,1015,324,3,13738,7902,30349,0,0,654,8874,7673,11552,0,0,0,18,23,39,0,39386,31171,34431,2,0,0,317
37,3,27,1060740,SDC,166,158,10897,0,7875,3013,1,2564,2884,0,724,39689,3186,3,57,1347,898,323,3,13688,7791,29943,0,0,640,8770,7547,11366,0,0,0,18,24,39,0,39266,30980,34298,2,0,0,317
38,4,9,1060766,benign,189,153,11136,1,8026,3087,1,2616,2929,0,701,39607,3245,3,52,1369,698,324,3,13689,7933,30377,0,0,654,8848,7645,11495,0,0,0,18,25,39,0,39739,30768,34063,3,0,0,317
39,4,30,1060752,benign,165,153,11118,0,8008,3079,1,2616,2929,0,696,39228,3245,3,52,1356,912,324,3,13465,7715,30387,0,0,654,8859,7653,11547,0,0,0,18,23,38,0,39081,30794,34045,2,0,0,317
40,2,9,1060763,benign,188,153,11130,0,8014,3083,1,2616,2929,0,698,39811,3245,3,52,1293,787,324,3,13826,8047,30425,0,0,654,8843,7683,11559,0,0,0,18,24,39,0,39974,31278,34492,2,0,0,317
41,7,0,1060755,benign,187,153,11121,0,8005,3072,1,2616,2929,0,699,39882,3245,3,51,1514,777,324,4,13545,7735,30426,0,0,654,8803,7655,11564,0,0,0,18,23,39,0,39582,30869,34141,2,0,0,317
42,10,3,1060735,benign,192,153,11123,0,8012,3089,1,2616,2929,0,699,39692,3245,3,52,1442,723,425,4,13890,7970,30366,0,0,654,8852,7702,11573,0,0,0,18,22,39,0,39965,31116,34390,2,0,0,317
43,9,7,1060735,benign,183,153,11121,0,8011,3088,1,2616,2929,0,698,39412,3245,3,52,1347,772,324,3,13706,7918,30359,0,0,654,8852,7694,11574,0,0,0,18,24,39,0,39436,31017,34252,2,0,0,317
44,2,18,1060744,benign,166,153,11116,0,8003,3074,1,2616,2929,0,697,39189,3245,3,52,1324,737,324,3,13460,7726,30334,0,0,654,8858,7674,11547,0,0,0,18,25,39,0,39360,30999,34268,2,0,0,317
45,8,15,1060757,benign,185,153,11120,0,8012,3082,1,2616,2929,0,688,39451,3245,3,52,1515,725,324,3,13412,7580,30279,0,0,654,8848,7687,11559,0,0,0,18,23,39,0,39580,31172,34431,2,0,0,317
46,1,11,1060751,benign,189,153,11110,0,7993,3077,1,2616,2929,0,696,39533,3245,3,53,1652,747,417,4,13616,7729,30445,0,0,654,8862,7663,11551,0,0,0,18,24,39,0,39289,31150,34411,2,0,0,317
47,1,15,1060731,SDC,192,153,10808,1,7803,3006,1,2548,2847,0,677,38907,3147,3,55,1314,890,417,4,13419,7538,29506,0,0,638,8602,7448,11289,0,0,0,18,23,312,3,39256,30415,33663,3,0,0,317
48,5,29,1060732,benign,170,153,11129,0,8015,3080,1,2616,2929,0,697,39502,3245,3,52,1352,909,324,3,13290,7517,30336,0,0,654,8861,7649,11522,0,0,0,18,23,38,0,39025,30628,34107,2,0,0,317
49,10,31,1060752,benign,166,153,11098,0,7991,3075,1,2616,2929,0,692,39492,3245,3,52,1340,938,324,3,13333,7546,30347,0,0,654,8827,7658,11501,0,0,0,18,24,134,2,39327,31002,34276,2,0,0,317
50,7,9,1060736,benign,170,153,11125,0,8012,3075,1,2616,2929,0,693,39176,3245,3,53,1316,722,324,3,13511,7528,30278,0,0,654,8844,7626,11533,0,0,0,18,24,141,2,39784,30770,34250,2,0,0,317
51,6,14,1060729,benign,184,153,11138,0,8018,3081,1,2616,2929,0,690,39648,3245,3,53,1690,753,417,3,13516,7628,30393,0,0,654,8847,7670,11577,0,0,0,18,22,39,0,39427,30914,34142,2,0,0,317
52,9,24,1060733,benign,188,153,11104,0,7998,3080,1,2616,2929,0,696,39621,3245,3,52,1391,1031,426,3,13404,7548,30261,0,0,654,8851,7697,11583,0,0,0,18,24,39,0,39349,31068,34360,2,0,0,317
53,6,0,1060756,benign,164,153,11127,0,8020,3083,1,2616,2929,0,710,39383,3245,3,52,1333,794,324,3,13294,7387,30359,0,0,654,8852,7664,11560,0,0,0,18,24,140,2,39419,30783,34057,2,0,0,316
54,5,30,1060730,benign,181,153,11124,0,8016,3092,1,2616,2929,0,677,39368,3245,3,53,1488,743,323,3,13394,7533,30361,0,0,654,8802,7680,11543,0,0,0,18,25,39,0,39521,31011,34261,2,0,0,317
55,2,9,1060734,benign,188,153,11153,0,8035,3080,1,2616,2929,0,692,39434,3245,3,51,1345,808,426,3,13620,7892,30412,0,0,654,8842,7680,11564,0,0,0,18,24,141,2,39799,30971,34315,2,0,0,317
56,9,21,1060754,benign,194,151,11126,0,8015,3077,1,2616,2929,0,693,39641,3245,3,53,1356,908,324,3,13640,7799,30328,0,0,654,8849,7699,11568,0,0,0,18,25,141,2,39562,31226,34482,2,0,0,317
57,9,2,1060741,benign,193,153,11162,0,8044,3082,1,2616,2929,0,705,39547,3245,3,53,1328,769,321,3,13866,8147,30406,0,0,654,8854,7708,11605,0,0,0,18,25,38,0,39427,31177,34444,2,0,0,317
58,2,4,1060758,benign,183,153,11129,0,8019,3093,1,2616,2929,0,698,39502,3245,3,52,1784,756,324,3,13875,8224,30434,0,0,654,8841,7694,11562,0,0,0,18,24,39,0,39494,31083,34547,2,0,0,317
59,1,29,1060743,benign,193,153,11123,0,8017,3079,1,2616,2929,0,700,39826,3245,3,52,1366,979,424,3,13585,7776,30420,0,0,654,8857,7684,11569,0,0,0,18,22,39,0,39494,30957,34230,2,0,0,317
60,6,24,1060738,benign,183,153,11147,0,8035,3085,1,2616,2929,0,696,39649,3245,3,52,1374,823,426,3,13609,7826,30408,0,0,654,8857,7686,11539,0,0,0,18,24,39,0,39558,31306,34556,2,0,0,317
61,5,28,1060732,benign,167,153,11163,0,8042,3094,1,2616,2929,0,691,39273,3245,3,52,1346,758,383,4,13284,7528,30356,0,0,654,8828,7670,11543,0,0,0,18,24,39,0,39174,30769,34001,2,0,0,317
62,1,10,1060739,benign,187,153,11162,0,8049,3088,1,2616,2929,0,698,39672,3245,3,52,1605,746,318,3,13583,7802,30351,0,0,654,8816,7667,11552,0,0,0,18,22,141,2,39847,31059,34332,2,0,0,317
63,6,11,1060746,benign,191,153,11142,0,8034,3085,1,2616,2929,0,690,39408,3245,3,53,1391,766,324,4,13687,7748,30383,0,0,654,8832,7653,11562,0,0,0,18,23,38,0,39774,31479,34713,2,0,0,317
64,9,0,1060765,benign,190,153,11120,0,8006,3076,1,2616,2929,0,679,39371,3245,3,52,1350,715,324,3,13720,8011,30389,0,0,654,8842,7658,11537,0,0,0,18,24,39,0,39253,31009,34404,2,0,0,317
65,1,24,1060735,benign,185,153,11112,0,8003,3078,1,2616,2929,0,696,39857,3245,3,52,1347,899,324,4,13613,7805,30371,0,0,654,8841,7655,11533,0,0,0,18,23,39,0,39328,31051,34293,2,0,0,317
66,4,0,1060740,benign,167,154,11120,1,8013,3085,1,2616,2929,0,682,39053,3245,3,53,1465,944,435,4,13495,7600,30319,0,0,654,8849,7661,11506,0,0,0,18,24,38,0,39153,31095,34374,3,0,0,316
67,5,21,1060730,benign,187,153,11120,0,8011,3081,1,2616,2929,0,688,39352,3245,3,52,1363,1178,426,3,13810,7928,30487,0,0,654,8839,7622,11538,0,0,0,18,22,39,0,39502,31071,34365,2,0,0,316
68,3,17,1060765,benign,186,154,11117,0,8000,3081,1,2616,2929,0,694,39618,3245,3,53,1449,753,324,3,13447,7558,30359,0,0,654,8864,7680,11556,0,0,0,18,24,39,0,39777,31402,34633,2,0,0,317
69,8,19,1060737,benign,196,153,11148,0,8029,3085,1,2616,2929,0,695,39829,3245,3,52,1422,751,426,4,13591,7850,30369,0,0,654,8843,7651,11554,0,0,0,18,24,39,0,39613,31083,34650,2,0,0,317
70,6,9,1060738,benign,193,153,11117,0,7997,3077,1,2616,2929,0,686,39343,3245,3,52,1593,680,426,3,14060,7930,30385,0,0,654,8835,7641,11531,0,0,0,18,23,39,0,39491,31025,34282,2,0,0,317
71,1,28,1060738,benign,188,153,11148,0,8037,3077,1,2616,2929,0,706,39447,3245,3,53,1363,723,426,4,13571,7829,30401,0,0,654,8828,7663,11541,0,0,0,18,23,39,0,39435,31216,34441,2,0,0,317
72,2,9,1060736,benign,166,153,11127,0,8017,3089,1,2616,2929,0,692,39414,3245,3,53,1564,722,426,3,13496,7602,30345,0,0,654,8830,7695,11543,0,0,0,18,23,39,0,39129,30902,34171,2,0,0,317
73,4,9,1060740,benign,167,151,11148,1,8033,3086,1,2616,2929,0,692,39266,3245,3,52,1362,782,324,3,13479,7758,30392,0,0,654,8833,7663,11534,0,0,0,18,22,39,0,39189,30861,34136,3,0,0,317
74,10,21,1060739,benign,185,153,11126,0,8028,3088,1,2616,2929,0,689,39529,3245,3,52,1442,815,426,3,13668,7854,30436,0,0,654,8858,7673,11535,0,0,0,18,24,39,0,39180,31137,34390,2,0,0,317
75,8,27,1060752,benign,166,153,11150,0,8040,3092,1,2616,2929,0,687,39243,3245,3,53,1566,913,324,3,13333,7315,30228,0,0,654,8799,7650,11507,0,0,0,18,24,39,0,39323,30702,33943,2,0,0,317
76,5,28,1060745,benign,183,153,11141,0,8026,3088,1,2616,2930,0,694,39451,3245,3,52,1413,767,428,3,13753,7754,30379,0,0,654,8842,7667,11565,0,0,0,18,25,38,0,39759,30866,34117,2,0,0,317
77,10,18,1060756,benign,167,153,11103,0,7999,3086,1,2616,2929,0,696,39151,3245,3,53,1396,755,319,3,13353,7498,30341,0,0,654,8855,7670,11543,0,0,0,18,23,39,0,39257,30982,34278,2,0,0,317
78,5,26,1060746,benign,191,153,11127,0,8026,3086,1,2616,2929,0,692,39463,3245,3,52,1355,723,324,3,13787,7997,30400,0,0,654,8868,7662,11544,0,0,0,18,24,39,0,39721,31125,34362,2,0,0,317
79,6,7,1060768,benign,167,153,11133,0,8021,3081,1,2616,2930,0,697,39514,3245,3,52,1337,763,324,3,13510,7552,30378,0,0,654,8861,7676,11544,0,0,0,18,23,39,0,39148,30825,34104,2,0,0,317
80,1,24,1060732,benign,166,153,11134,0,8025,3083,1,2616,2929,0,701,39395,3245,3,52,1312,803,426,3,13214,7346,30267,0,0,654,8812,7679,11555,0,0,0,18,25,39,0,39378,31027,34296,2,0,0,317
81,9,24,1060756,benign,164,151,11121,0,8009,3086,1,2616,2929,0,695,39386,3245,3,53,1358,733,324,3,13492,7788,30218,0,0,654,8841,7651,11522,0,0,0,18,24,39,0,39306,30847,34130,2,0,0,317
82,2,10,1060755,benign,193,153,11107,0,8001,3084,1,2616,2929,0,698,39506,3245,3,53,1361,715,324,3,13885,8181,30395,0,0,654,8833,7680,11542,0,0,0,18,24,39,0,39672,30771,34129,2,0,0,317
83,6,19,1060733,benign,190,153,11133,0,8016,3094,1,2616,2929,0,681,39503,3245,3,52,1561,728,318,3,13768,7931,30403,0,0,654,8844,7647,11494,0,0,0,18,24,39,0,39587,30987,34278,2,0,0,317
84,6,18,1060724,benign,165,153,11117,0,8000,3080,1,2616,2929,0,699,39298,3245,3,53,1344,736,426,3,13407,7374,30307,0,0,654,8853,7691,11566,0,0,0,18,24,39,0,39210,30932,34211,2,0,0,317
85,2,11,1060763,benign,197,153,11133,0,8027,3082,1,2616,2929,0,689,39722,3245,3,52,1349,706,324,3,13983,8007,30275,0,0,654,8841,7657,11531,0,0,0,18,24,39,0,39312,31192,34621,2,0,0,317
86,1,16,1060752,benign,165,153,11138,0,8021,3090,1,2616,2929,0,697,39412,3245,3,53,1509,942,323,3,13426,7365,30307,0,0,654,8902,7720,11550,0,0,0,18,23,33,0,39323,30820,34087,2,0,0,317
87,9,25,1060725,benign,184,153,11126,0,8015,3087,1,2616,2930,0,691,39600,3245,3,53,1561,797,324,3,13401,7554,30303,0,0,654,8856,7677,11539,0,0,0,18,23,144,2,39759,31245,34720,2,0,0,317
88,5,23,1060730,benign,187,153,11119,0,8009,3085,1,2616,2929,0,688,39585,3245,3,52,1365,711,320,4,13727,8001,30340,0,0,654,8855,7678,11568,0,0,0,18,23,39,0,39438,31154,34432,2,0,0,317
89,2,1,1060750,benign,187,153,11134,0,8018,3083,1,2616,2929,0,702,39744,3245,3,52,1401,712,417,4,13437,7629,30346,0,0,654,8856,7674,11547,0,0,0,18,24,39,0,39568,31078,34319,2,0,0,316
90,3,11,1060752,benign,166,153,11131,0,8020,3084,1,2616,2929,0,691,39629,3245,3,53,1507,746,324,3,13513,7807,30338,0,0,654,8836,7637,11529,0,0,0,18,24,39,0,39266,30819,34097,2,0,0,317
91,1,17,1060727,crash/hangs,-,-,-,-,-,-,-,-,-,-,-,-,-,-,-,-,-,-,-,-,-,-,-,-,-,-,-,-,-,-,-,-,-,-,-,-,-,-,-,-,-,-
92,3,31,1060726,benign,108,30,11152,0,8049,3408,1,2616,2929,0,697,39661,3245,3,52,1362,730,377,3,13654,7804,30372,0,0,654,8853,7686,11536,0,0,0,18,23,39,0,39484,30837,34265,2,0,0,317
93,6,23,1060750,benign,186,153,11098,0,7981,3073,1,2616,2929,0,694,39580,3245,3,52,1394,925,324,3,13714,7699,30404,0,0,654,8836,7667,11531,0,0,0,19,27,41,0,39565,30713,33991,2,0,0,317
94,8,15,1060728,benign,166,153,11125,0,8010,3081,1,2616,2929,0,697,39319,3245,3,53,1318,760,324,3,13391,7429,30347,0,0,654,8857,7678,11538,0,0,0,19,27,41,0,39161,30718,34117,2,0,0,316
95,6,23,1060728,benign,167,153,11124,0,8017,3075,1,2616,2930,0,696,39396,3245,3,53,1280,758,426,3,13712,7976,30365,0,0,654,8826,7660,11565,0,0,0,18,23,39,0,39417,30894,34143,2,0,0,316
96,1,19,1060752,benign,165,153,11113,0,8002,3081,1,2616,2929,0,703,39486,3245,3,53,1366,764,324,3,13421,7396,30249,0,0,654,8845,7682,11536,0,0,0,18,24,39,0,39209,31057,34296,2,0,0,317
97,5,24,1060755,benign,185,153,11129,0,8021,3084,1,2616,2929,0,697,39537,3245,3,52,1334,766,324,4,13879,7923,30409,0,0,654,8846,7644,11525,0,0,0,18,24,39,0,39513,31174,34638,2,0,0,317
98,5,9,1060763,benign,192,153,11114,0,8008,3096,1,2616,2929,0,693,39528,3245,3,52,1341,735,426,3,13611,7700,30308,0,0,654,8835,7635,11535,0,0,0,18,24,39,0,39550,30991,34217,2,0,0,317
99,4,18,1060731,benign,187,153,11124,0,8013,3082,1,2616,2929,0,707,39662,3245,3,52,1462,721,410,3,13490,7572,30274,0,0,654,8848,7651,11531,0,0,0,18,23,34,1,39628,30981,34252,2,0,0,317
100,2,0,1060751,benign,193,153,11153,0,8036,3087,1,2616,2929,0,692,39397,3245,3,52,1341,791,320,3,13935,8129,30381,0,0,654,8863,7668,11547,0,0,0,18,25,143,2,39964,31243,34526,2,0,0,316
101,2,31,1060758,benign,185,153,11124,0,8011,3089,1,2616,2929,0,698,39651,3245,3,52,1357,772,324,4,13515,7829,30272,0,0,654,8846,7689,11562,0,0,0,18,22,143,2,39924,31103,34381,2,0,0,317
102,6,10,1060741,benign,198,153,11121,0,8008,3078,1,2616,2929,0,695,39499,3245,3,52,1348,709,426,4,13835,7994,30418,0,0,654,8847,7687,11554,0,0,0,18,22,39,0,39759,30920,34354,2,0,0,317
103,10,30,1060731,benign,183,151,11148,0,8031,3078,1,2616,2929,0,690,39553,3245,3,52,1519,787,323,4,13503,7777,30315,0,0,654,8848,7676,11578,0,0,0,18,24,39,0,39730,30979,34284,2,0,0,317
104,9,23,1060734,benign,190,153,11134,0,8020,3083,1,2616,2929,0,688,39404,3245,3,52,1354,766,323,3,13739,7781,30327,0,0,654,8858,7682,11545,0,0,0,18,24,39,0,39449,31161,34435,2,0,0,317
105,6,11,1060734,benign,190,153,11136,0,8021,3087,1,2616,2929,0,698,39961,3245,3,52,1333,770,425,3,13872,8078,30290,0,0,654,8853,7684,11565,0,0,0,18,24,39,0,39505,31115,34362,2,0,0,317
106,3,27,1060755,benign,191,153,11157,0,8045,3094,1,2616,2929,0,676,39369,3245,3,52,1332,767,324,3,13600,7834,30378,0,0,654,8844,7653,11513,0,0,0,19,26,40,0,39523,30822,34336,2,0,0,317
107,8,27,1060740,benign,167,153,11111,0,7998,3078,1,2616,2929,0,696,39314,3245,3,52,1412,679,317,3,13445,7725,30274,0,0,654,8857,7680,11523,0,0,0,18,25,39,0,39604,30824,34223,2,0,0,317
108,1,18,1060761,benign,189,153,11127,0,8011,3087,1,2616,2929,0,706,39546,3245,3,53,1339,866,318,3,13597,7721,30283,0,0,654,8853,7678,11531,0,0,0,18,24,33,0,39768,31148,34406,2,0,0,317
109,4,22,1060767,benign,189,153,11113,0,7997,3087,1,2616,2929,0,698,39591,3245,3,51,1313,968,427,3,13619,7825,30249,0,0,654,8832,7655,11527,0,0,0,18,21,39,0,39738,30996,34437,2,0,0,317
110,7,29,1060730,benign,190,153,11122,0,8004,3079,1,2616,2929,0,704,39707,3245,3,54,1483,766,324,3,13714,7970,30396,0,0,654,8851,7678,11550,0,0,0,18,21,39,0,39480,30821,34059,2,0,0,317
111,2,16,1060742,benign,201,153,11139,0,8021,3091,1,2616,2929,0,691,39688,3245,3,52,1524,752,428,3,13391,7503,30273,0,0,654,8839,7662,11547,0,0,0,19,27,142,2,39689,31129,34385,2,0,0,317
112,7,23,1060763,benign,185,153,11123,0,8004,3083,1,2616,2929,0,697,39727,3245,3,52,1368,919,324,4,13703,7873,30348,0,0,654,8853,7658,11525,0,0,0,18,25,39,0,39470,31096,34332,2,0,0,317
113,2,26,1060725,benign,187,153,11164,0,8045,3088,1,2616,2929,0,693,39863,3245,3,53,1466,722,324,3,13673,7993,30333,0,0,654,8840,7687,11570,0,0,0,18,24,39,0,39550,31062,34293,2,0,0,317
114,7,15,1060722,benign,193,153,11151,0,8045,3080,1,2616,2929,0,705,39756,3245,3,52,1358,731,324,4,13524,7721,30333,0,0,654,8896,7711,11519,0,0,0,18,23,38,0,39382,31139,34404,2,0,0,317
115,1,27,1060749,benign,193,153,11143,0,8026,3086,1,2616,2929,0,687,39503,3245,3,53,1342,735,324,4,13677,7904,30336,0,0,654,8842,7662,11517,0,0,0,18,24,141,2,39803,31035,34234,2,0,0,317
116,10,15,1060755,benign,188,153,11146,0,8027,3083,1,2616,2929,0,705,39891,3245,3,52,1365,948,428,3,13467,7591,30319,0,0,654,8831,7671,11521,0,0,0,18,23,33,0,39558,31248,34584,2,0,0,317
117,8,17,1060746,benign,192,153,11114,0,8001,3088,1,2616,2929,0,694,39495,3245,3,52,1366,768,426,3,13601,7816,30412,0,0,654,8824,7670,11537,0,0,0,18,24,39,0,39555,31025,34260,2,0,0,317
118,10,7,1060760,benign,170,153,11136,0,8021,3089,1,2616,2929,0,697,39257,3245,3,52,1559,818,323,4,13380,7681,30377,0,0,654,8836,7686,11565,0,0,0,18,23,39,0,39397,30994,34430,2,0,0,317
119,8,31,1060759,benign,187,153,11104,0,7995,3077,1,2616,2929,0,710,39881,3245,3,52,1349,971,324,4,13603,7668,30300,0,0,654,8854,7670,11524,0,0,0,18,24,39,0,39534,30981,34258,2,0,0,317
120,6,15,1060738,benign,187,151,11152,0,8045,3090,1,2616,2929,0,706,39679,3245,3,52,1354,767,428,3,13732,7844,30369,0,0,654,8869,7651,11543,0,0,0,18,24,39,0,39724,31197,34490,2,0,0,317
121,2,19,1060724,benign,166,153,11102,0,7990,3082,1,2616,2929,0,692,39158,3245,3,51,1337,756,324,4,13315,7476,30339,0,0,654,8857,7661,11507,0,0,0,18,24,39,0,39200,30831,34056,2,0,0,317
122,4,31,1060765,benign,188,153,11139,0,8031,3084,1,2616,2929,0,689,39659,3245,3,51,1321,724,478,3,13555,7817,30294,0,0,654,8822,7635,11516,0,0,0,19,27,143,2,39843,31160,34607,2,0,0,317
123,6,13,1060748,benign,166,153,11153,0,8038,3092,1,2616,2929,0,691,39307,3245,3,53,1534,734,324,3,13281,7391,30232,0,0,654,8911,7719,11537,0,0,0,18,23,39,0,39171,30642,33958,2,0,0,317
124,8,0,1060749,benign,185,153,11135,0,8028,3092,1,2616,2929,0,691,39449,3245,3,52,1365,733,324,3,13569,7703,30293,0,0,654,8844,7679,11552,0,0,0,18,24,39,0,39438,31012,34277,2,0,0,317
125,8,1,1060740,benign,167,153,11122,0,8007,3077,1,2616,2929,0,703,39785,3245,3,53,1498,717,324,3,13317,7499,30337,0,0,654,8861,7648,11521,0,0,0,18,24,39,0,39351,30895,34174,2,0,0,317
126,5,25,1060758,benign,193,153,11153,0,8041,3089,1,2616,2929,0,697,39760,3245,3,52,1322,741,324,4,13819,8035,30382,0,0,654,8857,7660,11527,0,0,0,18,22,39,0,39697,31248,34544,2,0,0,317
127,4,16,1060767,benign,194,151,11149,0,8036,3088,1,2616,2929,0,690,39419,3245,3,52,1343,746,426,3,13838,8206,30453,0,0,654,8859,7692,11571,0,0,0,18,23,140,2,39794,30852,34068,2,0,0,317
128,5,9,1060740,benign,171,153,11096,0,7981,3076,1,2616,2929,0,700,39431,3245,3,52,1355,774,323,4,13445,7585,30358,0,0,654,8847,7697,11542,0,0,0,18,24,38,0,39224,30871,34124,2,0,0,317
129,7,15,1060733,benign,183,151,11104,0,7990,3079,1,2616,2929,0,686,39580,3245,3,52,1324,793,324,4,13678,7806,30361,0,0,654,8843,7686,11548,0,0,0,18,25,39,0,39932,31088,34347,2,0,0,317
130,3,16,1060732,benign,169,153,11138,0,8021,3081,1,2616,2929,0,687,39409,3245,3,52,1575,745,324,3,13382,7502,30315,0,0,654,8864,7696,11588,0,0,0,18,24,39,0,39281,31107,34528,2,0,0,317
131,9,22,1060722,benign,186,153,11156,0,8024,3083,1,2616,2929,0,692,39604,3245,3,52,1361,764,324,4,13800,7891,30353,0,0,654,8867,7671,11539,0,0,0,18,22,254,2,39925,30926,34148,2,0,0,317
132,8,5,1060758,benign,189,153,11151,0,8038,3081,1,2616,2929,0,695,39637,3245,3,52,1338,819,324,3,13389,7684,30355,0,0,654,8856,7681,11561,0,0,0,18,24,39,0,39810,31056,34308,2,0,0,317
133,5,6,1060766,benign,190,153,11132,0,8023,3084,1,2616,2929,0,699,39822,3245,3,52,1324,789,324,4,13417,7734,30334,0,0,654,8857,7682,11553,0,0,0,18,23,39,0,39485,31047,34489,2,0,0,317
134,4,8,1060756,benign,165,154,11125,1,8020,3079,1,2616,2929,0,690,39245,3245,3,52,1349,767,427,3,13406,7542,30300,0,0,654,8823,7655,11541,0,0,0,19,27,41,0,39257,30869,34074,3,0,0,317
135,4,6,1060736,benign,166,154,11127,1,8009,3085,1,2616,2929,0,690,39144,3245,3,52,1335,816,333,3,13368,7437,30319,0,0,654,8833,7678,11545,0,0,0,18,23,39,0,39176,30794,34150,3,0,0,317
136,9,19,1060733,benign,186,153,11137,0,8021,3081,1,2616,2929,0,684,39652,3245,3,52,1528,759,377,3,13541,7759,30333,0,0,654,8835,7646,11569,0,0,0,18,23,39,0,39299,30798,34125,2,0,0,317
137,7,24,1060747,benign,191,153,11117,0,8005,3081,1,2616,2929,0,697,39554,3245,3,52,1504,722,324,4,13555,7696,30285,0,0,654,8860,7672,11556,0,0,0,18,22,39,0,39509,31036,34323,2,0,0,317
138,2,17,1060744,benign,165,151,11163,0,8049,3096,1,2616,2929,0,695,39388,3245,3,52,1380,725,324,3,13556,7853,30366,0,0,654,8828,7669,11577,0,0,0,18,25,39,0,39451,30852,34133,2,0,0,317
139,6,15,1060734,benign,192,153,11108,0,7997,3081,1,2616,2929,0,692,39400,3245,3,52,1334,779,425,3,13817,7646,30408,0,0,654,8831,7676,11576,0,0,0,18,23,39,0,39705,31284,34562,2,0,0,317
140,10,21,1060741,benign,183,153,11136,0,8032,3089,1,2616,2929,0,689,39485,3245,3,52,1603,711,427,4,13725,7902,30334,0,0,654,8860,7656,11514,0,0,0,18,24,39,0,39365,31014,34308,2,0,0,317
141,7,15,1060736,benign,168,153,11118,0,8003,3081,1,2616,2929,0,691,39180,3245,3,52,1570,768,324,3,13347,7633,30407,0,0,654,8850,7638,11512,0,0,0,18,23,39,0,39238,30833,34072,2,0,0,317
142,10,24,1060736,benign,167,153,11162,0,8049,3088,1,2616,2929,0,696,39427,3245,3,52,1585,775,323,3,13323,7533,30370,0,0,654,8857,7667,11559,0,0,0,18,23,39,0,39243,30581,33983,2,0,0,317
143,2,28,1060734,benign,191,153,11111,0,7990,3086,1,2616,2929,0,698,39435,3245,3,52,1366,752,426,3,13609,7751,30340,0,0,654,8828,7651,11540,0,0,0,18,25,39,0,39506,31226,34532,2,0,0,317
144,9,3,1060724,benign,164,151,11128,0,8011,3088,1,2616,2929,0,695,39221,3245,3,53,1338,733,324,3,13413,7524,30285,0,0,654,8846,7681,11548,0,0,0,18,25,39,0,39271,30814,34090,2,0,0,317
145,1,5,1060726,crash/hangs,-,-,-,-,-,-,-,-,-,-,-,-,-,-,-,-,-,-,-,-,-,-,-,-,-,-,-,-,-,-,-,-,-,-,-,-,-,-,-,-,-,-
146,8,6,1060759,benign,110,27,11153,0,8058,3083,1,2616,2929,0,694,39492,3245,3,52,1510,763,319,3,13480,7700,30391,0,0,654,8868,7675,11542,0,0,0,18,24,39,0,39351,31138,34415,2,0,0,317
147,6,30,1060767,benign,185,153,11123,0,8013,3081,1,2616,2929,0,682,39225,3245,3,53,1366,714,324,3,13621,7630,30463,0,0,654,8863,7643,11510,0,0,0,18,22,39,0,39609,30934,34185,2,0,0,317
148,5,27,1060749,benign,187,153,11120,0,8003,3092,1,2616,2929,0,696,39983,3245,3,52,1535,701,425,3,13658,7858,30371,0,0,654,8821,7690,11550,0,0,0,18,22,39,0,39520,31212,34449,2,0,0,317
149,4,22,1060753,benign,189,153,11112,0,8007,3080,1,2616,2929,0,704,39788,3245,3,52,1344,746,324,3,13908,7868,30448,0,0,654,8883,7663,11557,0,0,0,19,26,41,0,39659,31045,34410,2,0,0,317
150,1,30,1060725,SDC,194,158,10928,0,7903,3006,1,2564,2883,2,747,39977,3185,3,58,1533,878,324,3,14137,8288,30060,0,0,640,8737,7536,11368,0,0,0,18,24,39,0,40157,30909,34163,2,0,0,317
151,5,5,1060743,benign,192,151,11112,0,7999,3081,1,2616,2929,0,688,39618,3245,3,52,1411,783,428,3,13762,8021,30388,0,0,654,8866,7670,11540,0,0,0,18,24,39,0,39345,31272,34531,2,0,0,317
152,7,15,1060725,benign,196,153,11139,0,8027,3083,1,2616,2929,0,691,39359,3245,3,52,1358,761,427,4,13791,7654,30307,0,0,654,8851,7660,11532,0,0,0,18,25,39,0,39382,31048,34331,2,0,0,317
153,7,21,1060731,benign,192,153,11125,0,8011,3087,1,2616,2929,0,702,39566,3245,3,52,1499,712,323,4,13822,8040,30349,0,0,654,8838,7670,11563,0,0,0,18,25,39,0,39529,31024,34305,2,0,0,317
154,10,26,1060751,benign,188,153,11145,0,8024,3086,1,2616,2929,0,691,39630,3245,3,55,1346,799,418,3,13694,7980,30351,0,0,654,8856,7657,11515,0,0,0,18,23,39,0,39608,31135,34411,2,0,0,317
155,7,8,1060757,benign,194,153,11147,0,8039,3082,1,2616,2930,0,716,39954,3245,3,52,1339,770,324,4,13727,7715,30394,0,0,654,8820,7674,11563,0,0,0,18,23,39,0,39608,31224,34490,2,0,0,317
156,3,6,1060753,benign,192,153,11115,0,8006,3080,1,2616,2929,0,695,39721,3245,3,52,1538,706,324,3,13722,7993,30344,0,0,654,8814,7690,11538,0,0,0,19,27,41,0,39513,31397,34660,2,0,0,317
157,8,21,1060743,benign,186,153,11137,0,8012,3082,1,2616,2929,0,699,39446,3245,3,52,1362,770,324,3,13683,7948,30394,0,0,654,8864,7660,11521,0,0,0,18,24,39,0,39856,31210,34615,2,0,0,317
158,5,7,1060747,benign,199,153,11133,0,8019,3084,1,2616,2929,0,699,39660,3245,3,53,1386,919,324,3,13424,7607,30359,0,0,654,8857,7656,11538,0,0,0,18,22,140,2,39876,30985,34250,2,0,0,317
159,10,29,1060750,benign,191,151,11159,0,8043,3087,1,2616,2929,0,689,39575,3245,3,52,1371,748,324,3,13631,7925,30338,0,0,654,8853,7665,11530,0,0,0,18,22,131,2,39697,31230,34626,2,0,0,317
160,10,3,1060748,benign,168,153,11136,0,8023,3085,1,2616,2929,0,690,39375,3245,3,52,1524,702,324,3,13512,7622,30383,0,0,654,8822,7674,11547,0,0,0,18,23,39,0,39402,30792,34140,2,0,0,317
161,3,10,1060732,benign,165,153,11118,0,8014,3083,1,2616,2929,0,690,39113,3245,3,52,1579,701,324,3,13265,7587,30324,0,0,654,8831,7683,11546,0,0,0,18,22,39,0,38984,30959,34263,2,0,0,317
162,7,19,1060733,benign,190,153,11135,0,8022,3088,1,2616,2929,0,693,39429,3245,3,52,1544,766,324,3,13413,7540,30323,0,0,654,8836,7684,11556,0,0,0,18,23,39,0,39622,31138,34391,2,0,0,317
163,10,16,1060725,benign,195,153,11118,0,8016,3088,1,2616,2929,0,698,39665,3245,3,52,1467,759,324,3,13913,8081,30319,0,0,654,8845,7655,11475,0,0,0,18,23,39,0,39647,31006,34264,2,0,0,317
164,3,10,1060766,benign,196,154,11126,1,8026,3090,1,2616,2929,0,687,39419,3245,3,53,1396,733,324,3,13832,7777,30340,0,0,654,8864,7663,11530,0,0,0,18,23,39,0,39443,30987,34458,3,0,0,317
165,1,6,1060732,benign,165,151,11118,0,8015,3084,1,2616,2929,0,699,39229,3245,3,53,1339,737,324,3,13314,7450,30287,0,0,654,8845,7650,11523,0,0,0,18,23,39,0,39297,30825,34283,2,0,0,317
166,2,22,1060729,benign,190,153,11131,0,8013,3079,1,2616,2929,0,700,39742,3245,3,52,1354,990,428,3,13548,7731,30369,0,0,654,8843,7656,11527,0,0,0,18,21,39,0,39565,31001,34286,2,0,0,317
167,6,7,1060736,benign,166,153,11164,0,8045,3097,1,2616,2929,0,692,39414,3245,3,52,1525,732,324,4,13435,7505,30329,0,0,654,8859,7642,11514,0,0,0,18,23,39,0,39433,31066,34336,2,0,0,317
168,3,27,1060767,benign,189,153,11139,0,8033,3085,1,2616,2930,0,695,39535,3245,3,52,1482,830,324,3,13512,7596,30272,0,0,654,8846,7676,11553,0,0,0,18,24,39,0,39395,30868,34213,2,0,0,317
169,3,17,1060767,benign,191,154,11121,0,8009,3089,1,2616,2929,0,689,39437,3245,3,54,1381,985,324,3,13613,7818,30452,0,0,654,8852,7691,11558,0,0,0,19,27,41,0,39624,30968,34218,2,0,0,317
170,2,19,1060724,benign,166,153,11100,0,7996,3086,1,2616,2929,0,696,39511,3245,3,53,1338,750,324,3,13207,7350,30308,0,0,654,8847,7687,11549,0,0,0,18,24,39,0,39351,30937,34222,2,0,0,317
171,5,24,1060767,benign,189,153,11159,0,8042,3087,1,2616,2929,0,688,39536,3245,3,52,1487,794,323,4,13551,7552,30254,0,0,654,8868,7701,11586,0,0,0,18,22,39,0,39428,31355,34633,2,0,0,317
172,8,11,1060745,benign,194,151,11146,0,8035,3089,1,2616,2929,0,689,39835,3245,3,52,1384,785,426,3,13583,7811,30427,0,0,654,8836,7675,11567,0,0,0,18,21,141,2,39682,31149,34406,2,0,0,317
173,3,12,1060731,benign,182,151,11123,0,8008,3079,1,2616,2929,0,697,39418,3245,3,52,1408,774,323,4,13551,7601,30386,0,0,654,8840,7673,11541,0,0,0,18,24,39,0,39426,31172,34435,2,0,0,317
174,5,12,1060750,benign,189,153,11106,0,7993,3078,1,2616,2929,0,701,39858,3245,3,52,1504,729,324,3,13733,8010,30361,0,0,654,8861,7680,11561,0,0,0,18,23,39,0,39529,30926,34145,2,0,0,317
175,8,2,1060742,benign,191,154,11146,0,8036,3092,1,2616,2929,0,694,39415,3245,3,52,1320,716,324,3,13664,7744,30365,0,0,654,8847,7696,11569,0,0,0,18,23,39,0,39561,31061,34322,2,0,0,317
176,5,14,1060764,benign,167,153,11115,0,8006,3090,1,2616,2929,0,703,39537,3245,3,52,1384,953,324,3,13485,7777,30314,0,0,654,8867,7678,11560,0,0,0,18,22,39,0,39279,30946,34174,2,0,0,317
177,2,2,1060727,benign,181,153,11161,0,8042,3091,1,2616,2929,0,690,39518,3245,3,52,1357,745,324,3,13387,7539,30274,0,0,654,8818,7646,11526,0,0,0,18,25,39,0,39428,31232,34538,2,0,0,317
178,3,15,1060735,benign,190,153,11157,0,8039,3087,1,2616,2929,0,686,39629,3245,3,52,1356,707,324,3,13548,7927,30375,0,0,654,8831,7651,11545,0,0,0,18,25,39,0,39918,31135,34413,2,0,0,317
179,3,16,1060757,benign,190,152,11132,0,8014,3074,1,2616,2929,0,693,39547,3245,3,54,1480,746,424,3,13605,7762,30368,0,0,654,8862,7675,11530,0,0,0,19,28,41,0,39722,31273,34520,2,0,0,317
180,5,30,1060728,benign,166,151,11145,0,8034,3093,1,2616,2929,0,692,39232,3245,3,52,1487,754,324,3,13240,7450,30348,0,0,654,8843,7651,11551,0,0,0,18,24,39,0,39402,30999,34266,2,0,0,316
181,2,26,1060729,benign,192,153,11100,0,8001,3086,1,2616,2929,0,700,39775,3245,3,53,1553,705,324,3,13601,7734,30407,0,0,654,8836,7609,11516,0,0,0,18,24,39,0,39631,30831,34270,2,0,0,317
182,6,4,1060763,benign,198,153,11127,0,8035,3096,1,2616,2929,0,692,39589,3245,3,53,1496,737,324,3,13827,7807,30279,0,0,654,8868,7674,11570,0,0,0,18,23,39,0,39535,31131,34352,2,0,0,316
183,3,0,1060745,benign,190,151,11120,0,8011,3091,1,2616,2929,0,696,39641,3245,3,52,1561,705,323,3,13674,7817,30318,0,0,654,8876,7673,11532,0,0,0,18,24,38,0,39310,31336,34574,2,0,0,317
184,10,9,1060764,benign,167,153,11124,0,8017,3088,1,2616,2929,0,717,39491,3245,3,52,1518,759,324,3,13445,7602,30325,0,0,654,8842,7687,11540,0,0,0,18,22,39,0,39262,31061,34324,2,0,0,317
185,5,1,1060725,benign,187,153,11102,0,8000,3079,1,2616,2930,0,689,39526,3245,3,52,1344,795,324,4,13661,7813,30242,0,0,654,8832,7679,11555,0,0,0,18,24,38,0,39909,31180,34440,2,0,0,317
186,8,8,1060736,benign,167,153,11126,0,8020,3088,1,2616,2930,0,695,39477,3245,3,52,1592,743,324,3,13241,7312,30271,0,0,654,8835,7624,11515,0,0,0,18,22,39,0,39195,30739,34003,2,0,0,317
187,7,9,1060752,benign,166,153,11144,0,8040,3093,1,2616,2929,0,706,39299,3245,3,52,1313,962,324,4,13488,7732,30343,0,0,654,8826,7672,11529,0,0,0,18,24,39,0,39282,30984,34320,2,0,0,317
188,8,26,1060767,benign,190,153,11120,0,8010,3088,1,2616,2929,0,695,39463,3245,3,52,1575,803,426,3,13665,7825,30397,0,0,654,8868,7644,11522,0,0,0,18,23,39,0,39623,31025,34377,2,0,0,317
189,1,20,1060765,benign,194,153,11092,0,7982,3073,1,2616,2929,0,700,39514,3245,3,52,1330,769,324,4,13890,7856,30338,0,0,654,8848,7665,11552,0,0,0,18,24,39,0,39804,30995,34264,2,0,0,317
190,1,10,1060768,benign,167,153,11122,0,8012,3083,1,2616,2929,0,704,39302,3245,3,52,1289,780,324,3,13464,7669,30321,0,0,654,8845,7687,11547,0,0,0,18,24,143,2,39549,30909,34402,2,0,0,317
191,8,2,1060740,benign,170,153,11119,0,8004,3083,1,2616,2929,0,688,39275,3245,3,52,1437,949,427,4,13499,7615,30306,0,0,654,8851,7691,11584,0,0,0,18,23,39,0,39167,30842,34067,2,0,0,317
192,1,18,1060733,benign,190,153,11144,0,8027,3087,1,2616,2929,0,684,39380,3245,3,52,1309,871,324,3,13552,7747,30288,0,0,654,8852,7679,11535,0,0,0,19,26,41,0,39582,31128,34368,2,0,0,317
193,8,17,1060745,benign,203,153,11123,0,8009,3081,1,2616,2929,0,700,39385,3245,3,52,1587,697,324,4,13707,7869,30344,0,0,654,8849,7665,11497,0,0,0,18,23,34,0,39723,30967,34189,2,0,0,317
194,1,6,1060757,benign,194,153,11123,0,8010,3084,1,2616,2929,0,698,39641,3245,3,53,1437,771,324,4,13670,7864,30325,0,0,654,8837,7695,11567,0,0,0,18,22,39,0,39513,30989,34241,2,0,0,317
195,8,22,1060731,benign,185,153,11102,0,7993,3077,1,2616,2929,0,704,39574,3245,3,53,1482,731,323,3,13812,7909,30463,0,0,654,8843,7642,11579,0,0,0,18,24,39,0,39427,31359,34641,2,0,0,317
196,3,11,1060768,benign,168,152,11131,0,8025,3087,1,2616,2929,1,703,39616,3245,3,54,1550,732,324,4,13493,7583,30335,0,0,654,8855,7656,11539,0,0,0,18,24,39,0,39189,30985,34253,2,0,0,317
197,3,8,1060741,SDC,188,297,12045,1,9010,3014,1,2548,2847,0,680,39127,4023,3,199,1487,5720,450,4,13548,7779,29715,0,0,640,11529,9539,12482,0,0,0,18,23,62,3,38526,30362,33636,3,0,0,317
198,8,25,1060741,benign,193,153,11130,0,8019,3087,1,2616,2929,0,702,39769,3245,3,52,1389,768,425,4,13766,8045,30423,0,0,654,8849,7675,11560,0,0,0,18,23,39,0,39353,31143,34551,2,0,0,317
199,4,21,1060757,benign,184,153,11140,0,8029,3072,1,2616,2929,0,705,39564,3245,3,52,1363,871,426,3,13418,7625,30350,0,0,654,8826,7635,11524,0,0,0,18,24,39,0,39474,31237,34505,2,0,0,317
200,4,5,1060758,benign,193,153,11110,1,7998,3089,1,2616,2929,0,693,39538,3245,3,51,1329,724,324,3,13953,8209,30294,0,0,654,8847,7677,11561,0,0,0,18,24,39,0,39463,30952,34433,3,0,0,317
201,2,22,1060720,benign,164,151,11145,0,8029,3088,1,2616,2929,0,698,39385,3245,3,52,1325,706,324,3,13477,7571,30432,0,0,654,8860,7664,11558,0,0,0,18,24,38,0,39312,30972,34255,2,0,0,317
202,7,26,1060744,benign,167,153,11105,0,8005,3086,1,2616,2929,0,697,39323,3245,3,53,1362,721,426,3,13343,7572,30441,0,0,654,8847,7659,11525,0,0,0,18,22,39,0,39464,30761,33993,2,0,0,317
203,1,24,1060768,benign,167,153,11129,0,8008,3076,1,2616,2929,0,698,39398,3245,3,52,1354,775,324,4,13442,7603,30381,0,0,654,8871,7703,11607,0,0,0,18,23,39,0,39160,30850,34275,2,0,0,317
204,9,1,1060734,benign,183,153,11123,0,8014,3083,1,2616,2929,0,699,39635,3245,3,53,1389,937,324,4,13634,7767,30373,0,0,654,8840,7665,11533,0,0,0,18,24,38,0,39686,31033,34295,2,0,0,317
205,9,10,1060760,benign,165,153,11158,0,8038,3094,1,2616,2929,0,685,39329,3245,3,52,1578,753,324,3,13535,7634,30415,0,0,654,8843,7678,11521,0,0,0,18,25,39,0,39248,30777,34203,2,0,0,317
2,5,18,1060725,benign,192,154,11125,1,8006,3086,1,2616,2929,0,684,39306,3245,3,52,1433,914,435,4,13570,7955,30403,0,0,654,8863,7662,11536,0,0,0,19,27,49,2,39563,31076,34316,2,0,0,317
3,4,2,1060755,benign,166,154,11135,0,8017,3081,1,2616,2929,1,703,39665,3245,3,53,1596,1013,426,3,13269,7521,30317,0,0,654,8876,7666,11534,0,0,0,18,25,39,0,39366,30793,34046,2,0,0,317
4,3,5,1060756,benign,190,153,11157,0,8049,3089,1,2616,2929,0,691,39817,3245,3,52,1375,779,377,4,13872,8045,30413,0,0,654,8855,7668,11542,0,0,0,18,22,39,0,39543,31116,34530,2,0,0,317
5,8,21,1060766,benign,165,153,11141,0,8027,3088,1,2616,2929,0,698,39732,3245,3,52,1383,1164,324,3,13390,7525,30279,0,0,654,8856,7652,11523,0,0,0,18,25,39,0,39147,30769,33982,2,0,0,316
6,9,29,1060732,benign,194,153,11113,0,8002,3088,1,2616,2929,0,684,39466,3245,3,52,1347,759,426,3,13596,7825,30357,0,0,654,8878,7669,11545,0,0,0,18,22,141,2,39332,30917,34171,2,0,0,371
7,2,10,1060754,benign,189,153,11111,0,8000,3094,1,2616,2929,0,713,39824,3245,3,52,1415,896,426,3,13707,7711,30315,0,0,654,8836,7709,11580,0,0,0,18,24,39,0,39492,31294,34753,2,0,0,317
8,5,26,1060737,benign,167,153,11143,0,8025,3079,1,2616,2929,0,693,39247,3245,3,52,1366,767,426,4,13498,7750,30331,0,0,654,8857,7693,11606,0,0,0,18,24,39,0,39149,30776,34183,2,0,0,317
9,6,28,1060740,benign,165,153,11129,0,8021,3081,1,2616,2929,0,699,39460,3245,3,51,1445,726,324,3,13489,7656,30427,0,0,654,8860,7644,11498,0,0,0,18,23,39,0,39354,30749,34263,2,0,0,317
10,2,17,1060728,benign,169,153,11152,0,8034,3085,1,2616,2929,0,703,39623,3245,3,52,1310,957,426,3,13509,7622,30375,0,0,654,8853,7681,11563,0,0,0,18,24,39,0,39145,31064,34498,2,0,0,317
11,7,0,1060732,benign,166,153,11127,0,8015,3087,1,2616,2929,0,699,39291,3245,3,52,1381,762,425,3,13508,7816,30390,0,0,654,8843,7673,11568,0,0,0,18,24,39,0,39190,30644,33909,2,0,0,317
12,8,16,1060764,benign,188,153,11120,0,8005,3082,1,2616,2929,0,695,39878,3245,3,52,1367,905,428,3,13495,7632,30337,0,0,654,8839,7672,11599,0,0,0,18,22,39,0,39675,31129,34392,2,0,0,317
13,10,8,1060745,benign,186,153,11141,0,8026,3092,1,2616,2929,0,715,39643,3245,3,52,1354,730,324,3,13793,7759,30415,0,0,654,8839,7662,11579,0,0,0,19,27,145,2,39803,31178,34658,2,0,0,317
14,5,20,1060747,benign,186,153,11109,0,8002,3094,1,2616,2929,0,685,39548,3245,3,52,1315,933,324,3,13497,7659,30417,0,0,654,8859,7690,11552,0,0,0,18,25,34,2,39701,31110,34380,2,0,0,317
15,5,18,1060765,benign,199,153,11107,0,7995,3083,1,2616,2929,0,697,39796,3245,3,52,1339,756,324,4,13724,7815,30370,0,0,654,8849,7676,11553,0,0,0,18,24,39,0,39366,31222,34534,2,0,0,317
16,7,14,1060761,benign,184,153,11128,0,8021,3083,1,2616,2929,0,698,39706,3245,3,52,1390,913,426,3,13439,7682,30323,0,0,654,8850,7695,11568,0,0,0,18,24,38,0,39384,31133,34405,2,0,0,317
17,6,6,1060767,benign,166,153,11144,0,8016,3087,1,2616,2929,0,703,39415,3245,3,53,1348,765,324,3,13518,7732,30336,0,0,654,8855,7682,11553,0,0,0,18,22,38,0,39288,30747,34143,2,0,0,317
18,10,24,1060752,benign,185,153,11119,0,8003,3078,1,2616,2929,0,689,39938,3245,3,52,1361,837,426,4,13649,7708,30364,0,0,654,8840,7690,11559,0,0,0,18,25,39,0,39641,30936,34433,2,0,0,317
19,2,22,1060763,benign,164,153,11135,0,8026,3078,1,2616,2929,0,697,39248,3245,3,53,1348,751,427,3,13412,7411,30249,0,0,654,8840,7690,11563,0,0,0,18,22,39,0,39345,31010,34306,2,0,0,317
20,9,2,1060728,benign,185,153,11125,0,8024,3088,1,2616,2929,0,699,39692,3245,3,52,1315,770,324,3,13575,7773,30319,0,0,654,8848,7671,11557,0,0,0,18,25,39,0,39823,31218,34453,2,0,0,317
21,5,7,1060741,benign,187,153,11145,0,8027,3083,1,2616,2929,0,695,39686,3245,3,52,1354,781,324,4,13838,7801,30245,0,0,654,8863,7657,11548,0,0,0,18,24,39,0,39573,31060,34368,2,0,0,317
22,8,21,1060721,benign,169,153,11121,0,8009,3083,1,2616,2929,0,697,39493,3245,3,52,1345,763,324,3,13485,7674,30415,0,0,654,8863,7696,11558,0,0,0,18,24,132,2,39524,30929,34234,2,0,0,317
23,2,22,1060736,benign,189,153,11138,0,8023,3090,1,2616,2929,0,695,39391,3245,3,53,1390,757,428,3,13516,7861,30472,0,0,654,8841,7656,11543,0,0,0,18,25,132,2,39425,31004,34275,2,0,0,317
24,4,15,1060730,benign,188,151,11152,0,8030,3076,1,2616,2929,0,700,39673,3245,3,52,1334,821,426,3,13894,7971,30332,0,0,654,8819,7678,11538,0,0,0,18,24,39,0,39518,30955,34271,2,0,0,317
25,7,29,1060758,benign,184,153,11116,0,8007,3093,1,2616,2929,0,684,39418,3245,3,52,1558,800,426,3,13601,7661,30211,0,0,654,8821,7649,11539,0,0,0,18,24,141,2,39601,31119,34360,2,0,0,317
26,1,18,1060742,benign,184,153,11139,0,8026,3082,1,2616,2929,0,698,39496,3245,3,52,1351,980,324,3,13544,7796,30343,0,0,654,8831,7686,11552,0,0,0,18,22,39,0,39583,30979,34258,2,0,0,317
27,6,15,1060721,benign,168,153,11113,0,8003,3084,1,2616,2929,0,696,39204,3245,3,52,1321,756,324,3,13355,7441,30326,0,0,654,8860,7704,11569,0,0,0,18,24,39,0,39167,30877,34157,2,0,0,317
28,8,18,1060744,benign,190,153,11150,0,8047,3078,1,2616,2929,0,698,39776,3245,3,53,1355,911,324,4,13667,7900,30343,0,0,654,8856,7683,11555,0,0,0,18,25,39,0,39360,30944,34170,2,0,0,317
29,6,8,1060722,benign,186,151,11151,0,8034,3087,1,2616,2929,0,672,39549,3245,3,51,1349,715,324,3,13498,7701,30361,0,0,654,8859,7642,11519,0,0,0,18,23,141,2,39613,31153,34493,2,0,0,316
30,8,1,1060743,benign,188,153,11149,0,8028,3082,1,2616,2929,0,692,39678,3245,3,52,1351,774,324,4,13492,7672,30320,0,0,654,8896,7721,11563,0,0,0,18,23,39,0,39542,31012,34260,2,0,0,317
31,5,9,1060751,benign,166,153,11158,0,8045,3089,1,2616,2929,0,688,39123,3245,3,52,1523,726,324,3,13392,7482,30308,0,0,654,8853,7644,11513,0,0,0,19,27,143,2,39635,30957,34217,2,0,0,317
32,6,27,1060724,benign,185,153,11144,0,8036,3088,1,2616,2929,0,693,39430,3245,3,51,1492,700,324,4,13467,7742,30279,0,0,654,8856,7671,11521,0,0,0,18,22,39,0,39452,31148,34417,2,0,0,317
33,4,30,1060741,benign,170,153,11116,0,8017,3083,1,2616,2929,0,695,39672,3245,3,52,1339,729,324,4,13321,7412,30340,0,0,654,8841,7661,11556,0,0,0,18,24,38,0,39177,30962,34243,2,0,0,317
34,9,27,1060724,benign,166,153,11138,0,8030,3086,1,2616,2929,0,695,39537,3245,3,52,1573,738,426,3,13242,7384,30294,0,0,654,8848,7683,11559,0,0,0,18,23,39,0,39497,30958,34198,2,0,0,317
35,8,19,1060768,benign,188,153,11138,0,8034,3089,1,2616,2929,0,699,39605,3245,3,52,1551,715,324,3,13523,7626,30355,0,0,654,8848,7651,11505,0,0,0,18,22,136,2,40040,30989,34245,2,0,0,317
36,7,10,1060751,benign,188,153,11157,0,8048,3088,1,2616,2929,0,705,39527,3245,3,53,1340,798,324,3,13896,7798,30313,0,0,654,8853,7668,11546,0,0,0,18,24,39,0,39652,30990,34248,2,0,0,317
37,1,2,1060734,benign,189,151,11122,0,8018,3092,1,2616,2929,0,689,39800,3245,3,52,1322,790,324,4,13888,7999,30329,0,0,654,8832,7659,11525,0,0,0,18,23,39,0,39358,30988,34399,2,0,0,317
38,3,15,1060726,benign,186,153,11134,0,8022,3085,1,2616,2929,0,702,39955,3245,3,52,1359,795,426,3,13698,7951,30333,0,0,654,8867,7690,11564,0,0,0,18,24,39,0,39356,30768,34095,2,0,0,317
39,8,21,1060742,benign,183,154,11136,1,8031,3094,1,2616,2929,0,696,39456,3245,3,52,1582,923,427,4,13563,7851,30391,0,0,654,8832,7675,11580,0,0,0,18,25,38,0,39788,31145,34395,3,0,0,317
40,4,8,1060767,benign,190,153,11128,0,8007,3079,1,2616,2929,0,692,39467,3245,3,53,1305,802,426,3,13913,8058,30392,0,0,654,8846,7682,11554,0,0,0,18,24,39,0,39515,31090,34431,2,0,0,317
41,10,25,1060767,benign,196,153,11148,0,8025,3082,1,2616,2929,0,692,39572,3245,3,52,1303,827,324,4,13542,7739,30341,0,0,654,8839,7705,11586,0,0,0,18,24,39,0,39660,31101,34355,2,0,0,317
42,5,7,1060765,benign,191,153,11119,0,8007,3076,1,2616,2929,0,705,39614,3245,3,52,1368,910,426,3,13749,7933,30339,0,0,654,8856,7680,11550,0,0,0,18,23,39,0,39465,31097,34325,2,0,0,317
43,8,24,1060757,benign,166,153,11152,0,8028,3084,1,2616,2929,0,686,39165,3245,3,52,1348,975,324,4,13594,7876,30299,0,0,654,8843,7668,11534,0,0,0,18,24,39,0,39162,30892,34154,2,0,0,317
44,4,16,1060768,benign,167,153,11148,0,8038,3080,1,2616,2929,0,687,39362,3245,3,52,1560,711,324,4,13399,7548,30268,0,0,654,8828,7673,11583,0,0,0,18,24,141,2,39391,30920,34246,2,0,0,317
45,9,22,1060744,benign,195,153,11143,0,8025,3086,1,2616,2929,0,705,39770,3245,3,52,1577,883,324,3,13439,7689,30387,0,0,654,8857,7683,11568,0,0,0,18,24,39,0,39581,30958,34451,2,0,0,317
46,6,17,1060730,benign,184,153,11153,0,8038,3092,1,2616,2929,0,686,39394,3245,3,52,1368,939,324,3,13764,7730,30402,0,0,654,8834,7700,11558,0,0,0,18,24,39,0,39450,30942,34257,2,0,0,317
47,10,0,1060759,benign,186,153,11121,0,8004,3081,1,2616,2929,0,699,39627,3245,3,52,1560,756,324,3,13837,8061,30381,0,0,654,8823,7641,11531,0,0,0,18,25,39,0,39520,31024,34296,2,0,0,317
48,5,15,1060754,benign,191,153,11148,0,8040,3080,1,2616,2929,0,702,39423,3245,3,52,1456,794,324,3,13613,7853,30306,0,0,654,8827,7691,11565,0,0,0,18,24,39,0,39668,31008,34290,2,0,0,317
49,8,29,1060733,benign,191,151,11120,1,8015,3083,1,2616,2929,0,686,39718,3245,3,51,1310,775,324,4,13426,7601,30306,0,0,654,8842,7653,11531,0,0,0,18,23,39,0,39369,31005,34272,3,0,0,317
50,4,9,1060730,benign,197,153,11141,0,8028,3079,1,2616,2929,0,694,39713,3245,3,53,1364,744,425,3,13632,7752,30263,0,0,654,8870,7659,11548,0,0,0,18,23,39,0,39515,30953,34198,2,0,0,317
51,6,30,1060765,benign,183,153,11116,0,8004,3090,1,2616,2929,0,693,39347,3245,3,52,1309,786,324,3,13795,7856,30433,0,0,654,8886,7739,11545,0,0,0,18,23,39,0,39541,31010,34278,2,0,0,317
52,2,11,1060742,benign,165,153,11132,0,8021,3084,1,2616,2929,0,685,39317,3245,3,53,1347,749,426,3,13224,7402,30285,0,0,654,8841,7667,11540,0,0,0,18,22,141,2,39595,30989,34259,2,0,0,317
53,8,22,1060760,benign,166,153,11118,0,7999,3075,1,2616,2929,0,693,39197,3245,3,53,1557,912,426,3,13423,7437,30368,0,0,654,8867,7660,11547,0,0,0,18,23,141,2,39314,30945,34161,2,0,0,317
54,3,16,1060744,benign,165,154,11089,1,7987,3080,1,2616,2929,0,694,39186,3245,3,53,1523,759,435,3,13308,7565,30414,0,0,654,8845,7667,11540,0,0,0,18,24,38,0,39354,30693,34116,2,0,0,317
55,4,2,1060732,benign,191,153,11086,0,7975,3069,1,2616,2929,0,698,39512,3245,3,53,1502,713,324,4,13756,7857,30364,0,0,654,8820,7648,11536,0,0,0,18,24,38,0,39430,30936,34191,2,0,0,317
56,3,28,1060729,benign,181,153,11079,0,7977,3076,1,2616,2929,0,688,39324,3245,3,52,1386,773,324,3,13470,7616,30391,0,0,654,8828,7676,11559,0,0,0,18,22,39,0,39372,31075,34519,2,0,0,316
57,2,28,1060735,benign,181,154,11149,0,8033,3095,1,2616,2929,0,701,39727,3245,3,53,1311,984,324,4,13801,7821,30347,0,0,654,8828,7649,11530,0,0,0,18,23,39,0,39715,31101,34383,2,0,0,317
58,3,22,1060759,benign,189,152,11104,1,7994,3075,1,2616,2929,0,696,39623,3245,3,53,1340,749,334,4,13425,7583,30377,0,0,654,8843,7666,11536,0,0,0,18,24,44,1,39703,31059,34330,3,0,0,317
59,4,7,1060734,benign,191,153,11118,0,8006,3076,1,2616,2929,0,680,39506,3245,3,53,1352,929,324,3,13707,7792,30351,0,0,654,8837,7677,11546,0,0,0,18,22,39,0,39644,30992,34396,2,0,0,317
60,3,29,1060762,benign,166,153,11144,0,8033,3084,1,2616,2929,0,694,39245,3245,3,53,1421,765,324,3,13393,7547,30349,0,0,654,8832,7661,11512,0,0,0,18,24,140,2,39605,30754,33984,2,0,0,317
61,8,11,1060732,benign,191,151,11129,0,8017,3084,1,2616,2929,0,683,39425,3245,3,52,1340,810,324,3,13842,7994,30368,0,0,654,8844,7649,11553,0,0,0,18,23,39,0,39683,30941,34229,2,0,0,317
62,10,19,1060747,benign,193,153,11111,0,8002,3089,1,2616,2929,0,700,39743,3245,3,52,1356,775,324,3,13709,7634,30275,0,0,654,8825,7648,11535,0,0,0,18,24,132,2,39689,31264,34534,2,0,0,317
63,9,28,1060765,benign,167,153,11124,0,8011,3088,1,2616,2929,0,677,39288,3245,3,52,1338,931,324,3,13433,7539,30322,0,0,654,8840,7703,11574,0,0,0,18,24,38,0,39632,31045,34283,2,0,0,317
64,10,7,1060744,benign,169,153,11125,0,8014,3077,1,2616,2929,0,698,39269,3245,3,52,1343,765,324,4,13401,7525,30364,0,0,654,8844,7666,11527,0,0,0,18,23,38,0,39458,30737,34112,2,0,0,317
65,10,20,1060744,benign,185,153,11170,0,8047,3079,1,2616,2929,0,695,39409,3245,3,52,1351,747,324,3,13530,7584,30310,0,0,654,8863,7666,11551,0,0,0,18,24,141,2,39440,30963,34371,2,0,0,317
66,9,7,1060723,benign,166,153,11117,0,8002,3080,1,2616,2929,0,697,39368,3245,3,52,1568,762,324,3,13456,7597,30323,0,0,654,8849,7656,11523,0,0,0,18,24,34,0,39491,30775,34007,2,0,0,370
67,4,20,1060720,benign,183,153,11128,0,8017,3085,1,2616,2929,0,695,39421,3245,3,52,1323,815,324,3,13508,7645,30332,0,0,654,8855,7675,11569,0,0,0,18,21,141,2,39601,31106,34413,2,0,0,317
68,5,11,1060730,benign,187,153,11123,0,8010,3086,1,2616,2929,0,703,39527,3245,3,52,1360,719,324,4,13687,7931,30402,0,0,654,8851,7669,11551,0,0,0,18,25,39,0,39442,31309,34563,2,0,0,317
69,3,23,1060761,benign,169,153,11164,0,8040,3084,1,2616,2929,0,676,39099,3245,3,52,1562,762,426,4,13240,7560,30260,0,0,654,8816,7658,11565,0,0,0,18,24,39,0,39373,31079,34343,2,0,0,317
70,8,26,1060748,benign,190,153,11098,1,7985,3086,1,2616,2929,0,697,39458,3245,3,51,1549,825,324,3,13729,8000,30387,0,0,654,8826,7682,11585,0,0,0,18,24,141,2,39665,31076,34351,3,0,0,317
71,4,9,1060747,benign,165,151,11120,0,8007,3082,1,2616,2929,0,684,39342,3245,3,52,1419,910,425,3,13363,7698,30372,0,0,654,8853,7681,11554,0,0,0,18,24,39,0,39259,30720,34019,2,0,0,317
72,2,13,1060756,benign,167,153,11119,0,8010,3089,1,2616,2929,0,697,39267,3245,3,52,1332,772,324,4,13512,7559,30332,0,0,654,8854,7661,11535,0,0,0,18,23,39,0,39244,30696,33976,2,0,0,317
73,8,22,1060724,benign,187,151,11165,0,8056,3102,1,2616,2929,0,690,39617,3245,3,52,1360,724,324,3,14096,8319,30357,0,0,654,8845,7691,11555,0,0,0,18,25,39,0,39654,30924,34149,2,0,0,317
74,8,12,1060755,benign,194,153,11142,0,8033,3090,1,2616,2929,0,707,39650,3245,3,52,1484,734,324,3,13758,8005,30271,0,0,654,8854,7664,11528,0,0,0,18,24,39,0,39646,31258,34523,2,0,0,317
75,9,10,1060722,benign,167,153,11165,0,8052,3088,1,2616,2929,0,698,39349,3245,3,52,1542,977,324,3,13278,7410,30349,0,0,654,8864,7693,11577,0,0,0,18,23,39,0,38979,31073,34329,2,0,0,317
0,4,12,1060752,benign,89,28,11132,1,8031,3079,1,2616,2929,0,687,39332,3245,3,52,1507,774,337,3,13564,7611,30370,0,0,654,8833,7658,11564,0,0,0,18,23,52,1,39340,30660,33908,3,0,0,317
1,7,19,1061078,benign,206,151,11090,0,7977,3063,1,2616,2929,0,688,39492,3245,3,52,1484,730,324,4,13939,7787,30301,0,0,654,8834,7659,11529,0,0,0,18,22,39,0,39420,30946,34207,2,0,0,317
2,6,10,1060991,benign,181,153,11122,0,8013,3083,1,2616,2929,0,689,39561,3245,3,52,1279,765,477,3,13527,7643,30378,0,0,654,8865,7668,11523,0,0,0,18,24,135,2,39507,30928,34416,1,0,0,317
3,8,12,1061003,benign,199,153,11122,0,8010,3075,1,2616,2929,0,694,39562,3245,3,53,1353,992,324,4,13665,7958,30363,0,0,654,8871,7676,11524,0,0,0,18,24,39,0,39469,31012,34288,2,0,0,317
4,1,7,1060945,benign,183,153,11145,0,8034,3089,1,2616,2929,0,695,39445,3245,3,52,1297,770,324,3,13508,7670,30204,0,0,654,8829,7651,11534,0,0,0,18,25,39,0,39644,31025,34256,2,0,0,317
5,9,10,1060884,benign,161,153,11117,4,8000,3085,1,2616,2929,0,685,39178,3245,3,51,1335,745,318,3,13371,7618,30346,0,0,654,8871,7662,11554,0,0,0,18,24,33,0,39127,30615,33836,1,0,0,317
6,2,12,1060728,benign,167,153,11097,0,7987,3092,1,2616,2929,0,698,39266,3245,3,53,1299,913,426,3,13169,7485,30328,0,0,654,8860,7647,11538,0,0,0,18,25,39,0,39173,30861,34054,2,0,0,317
7,2,12,1060895,benign,190,153,11124,0,8008,3087,1,2616,2929,0,695,39570,3245,3,52,1311,820,322,3,13544,7835,30351,0,0,654,8845,7643,11501,0,0,0,18,24,37,0,39238,30964,34226,1,0,0,317
8,5,15,1060920,benign,167,154,11131,4,8008,3082,1,2616,2929,0,690,39193,3245,3,52,1416,768,324,3,13444,7548,30289,0,0,654,8817,7661,11546,0,0,0,18,24,39,0,39130,30850,34066,2,0,0,317
9,5,12,1060956,benign,168,153,11151,4,8031,3084,1,2616,2929,0,696,39393,3245,3,52,1279,755,324,3,13481,7705,30417,0,0,654,8832,7641,11540,0,0,0,18,24,39,0,39277,30807,34071,2,0,0,317
10,9,4,1060928,benign,168,153,11134,4,8027,3088,1,2616,2929,0,701,39394,3245,3,51,1498,726,324,3,13269,7466,30350,0,0,654,8844,7662,11532,0,0,0,19,25,41,0,39192,30972,34226,2,0,0,317
11,6,21,1060798,benign,177,153,11120,0,8001,3073,1,2616,2929,0,701,39833,3245,3,51,1299,684,420,3,13471,7641,30237,0,0,654,8845,7642,11516,0,0,0,18,25,33,0,39527,30700,34107,2,0,0,317
12,9,18,1060877,benign,187,153,11136,0,8027,3083,1,2616,2930,0,695,39507,3245,3,52,1252,759,318,3,13736,7836,30342,0,0,654,8884,7669,11569,0,0,0,18,21,34,0,39489,31154,34402,1,0,0,317
13,5,18,1060744,benign,167,151,11127,0,8028,3089,1,2616,2929,0,703,39425,3245,3,52,1391,967,324,3,13340,7553,30372,0,0,654,8819,7674,11543,0,0,0,18,24,39,0,39203,30697,33985,2,0,0,317
14,9,4,1060861,benign,178,153,11119,0,8005,3084,1,2616,2929,0,686,39392,3245,3,53,1377,750,422,3,13377,7618,30263,0,0,654,8855,7667,11552,0,0,0,18,24,33,0,39258,30847,34097,1,0,0,317
15,10,2,1060798,benign,172,153,11097,0,7990,3083,1,2616,2929,0,691,39203,3245,3,51,1240,971,319,4,13368,7377,30307,0,0,654,8856,7646,11516,0,0,0,19,27,36,1,39504,30794,34080,2,0,0,317
16,2,22,1060832,benign,159,154,11108,4,7992,3072,1,2616,2930,0,668,39008,3245,3,51,1531,771,321,3,13751,7753,30292,0,0,654,8851,7656,11509,0,0,0,18,24,33,0,39344,30775,34086,2,0,0,317
17,4,23,1060828,benign,160,153,11108,4,7994,3082,1,2616,2930,0,682,39207,3245,3,51,1175,842,319,3,13272,7420,30338,0,0,654,8829,7635,11531,0,0,0,18,25,33,0,39020,30813,34078,2,0,0,317
18,9,18,1060926,benign,180,153,11141,0,8026,3083,1,2616,2929,0,696,39675,3245,3,52,1556,772,324,3,13443,7613,30385,0,0,654,8856,7661,11529,0,0,0,18,23,143,2,39890,30959,34251,2,0,0,317
19,7,12,1060926,benign,186,151,11141,0,8020,3078,1,2616,2929,0,689,39493,3245,3,52,1338,767,324,3,13920,7963,30432,0,0,654,8870,7676,11551,0,0,0,18,22,39,0,39444,31389,34650,2,0,0,317
20,4,9,1060760,benign,166,153,11115,1,8008,3072,1,2616,2929,0,699,39424,3245,3,52,1340,936,324,3,13225,7492,30229,0,0,654,8848,7697,11556,0,0,0,18,24,139,2,39833,30806,34042,3,0,0,317
21,3,12,1060940,SDC,167,156,10864,7,7847,3014,1,2548,2847,0,675,38584,3147,3,53,1350,800,421,3,13334,7449,29547,0,0,638,8614,7424,11288,0,0,0,18,21,136,6,38661,30136,33409,4,0,0,317
22,4,28,1061031,benign,196,153,11131,0,8015,3081,1,2616,2930,0,687,39465,3245,3,51,1539,747,424,3,13511,7733,30344,0,0,654,8847,7665,11500,0,0,0,18,23,39,0,39642,31041,34297,2,0,0,317
23,9,7,1060885,benign,181,151,11113,0,7992,3071,1,2616,2929,0,689,39601,3245,3,52,1264,701,317,3,13796,7826,30399,0,0,654,8850,7678,11541,0,0,0,18,24,33,0,39317,31065,34363,1,0,0,317
24,9,20,1060837,benign,180,153,11098,0,7991,3085,1,2616,2929,0,678,39410,3245,3,51,1201,803,318,3,13698,7819,30303,0,0,654,8838,7668,11529,0,0,0,18,23,34,2,39593,30811,34102,2,0,0,317
25,7,29,1060815,benign,178,153,11087,0,7986,3080,1,2616,2929,0,675,39158,3245,3,51,1348,778,318,3,13420,7680,30315,0,0,654,8871,7639,11531,0,0,0,18,25,33,2,39439,30862,34192,2,0,0,317
26,3,27,1061052,benign,180,153,11137,4,8028,3086,1,2616,2929,0,709,39584,3245,3,51,1386,752,324,3,13462,7695,30274,0,0,654,8843,7664,11559,0,0,0,18,25,39,0,39469,30841,34144,2,0,0,317
27,2,28,1060873,benign,182,153,11147,0,8026,3081,1,2616,2929,0,692,39714,3245,3,52,1450,721,614,4,13543,7819,30343,0,0,654,8825,7673,11551,0,0,0,18,23,33,0,39478,30694,34106,1,0,0,317
28,6,26,1060790,benign,181,153,11123,0,8005,3081,1,2616,2929,0,691,39439,3245,3,51,1279,885,421,4,13252,7456,30324,0,0,654,8835,7673,11549,0,0,0,18,24,34,1,39317,30910,34203,2,0,0,317
29,10,6,1061089,benign,208,151,11103,0,7981,3068,1,2616,2929,0,692,39514,3245,3,52,1375,739,426,3,13803,8041,30272,0,0,654,8822,7636,11534,0,0,0,18,22,39,0,39511,31094,34408,2,0,0,317
30,6,26,1060784,benign,167,153,11126,4,8015,3090,1,2616,2929,0,697,39251,3245,3,51,1351,765,324,3,13683,7461,30367,0,0,654,8840,7655,11499,0,0,0,18,24,39,0,39280,30811,34081,2,0,0,317
31,6,6,1060928,benign,168,154,11151,4,8029,3078,1,2616,2929,0,704,39576,3245,3,51,1283,788,324,4,13190,7336,30295,0,0,654,8859,7688,11591,0,0,0,18,24,39,0,39000,30984,34184,2,0,0,317
32,10,0,1060949,benign,195,153,11159,0,8036,3086,1,2616,2929,0,686,39384,3245,3,53,1290,733,324,3,13774,7804,30336,0,0,654,8874,7664,11546,0,0,0,18,24,39,0,39297,30986,34248,2,0,0,317
33,10,21,1061008,benign,175,151,11124,4,8018,3080,1,2616,2929,0,694,39238,3245,3,52,1331,988,324,3,13558,7757,30231,0,0,654,8812,7633,11508,0,0,0,18,23,39,0,39519,30979,34232,2,0,0,317
34,8,16,1061002,benign,203,153,11128,0,8022,3075,1,2616,2929,0,694,39803,3245,3,52,1346,762,324,3,13698,7639,30281,0,0,654,8847,7635,11487,0,0,0,18,23,39,0,39448,31111,34498,2,0,0,317
35,3,29,1060998,SDC,197,153,10938,0,7911,3016,1,2618,2870,0,674,38904,3186,3,52,1532,985,425,4,13240,7407,29493,0,0,654,8484,7405,11390,0,0,0,18,22,141,2,38775,30298,33639,2,0,0,317
36,6,5,1060771,benign,183,153,11134,0,8019,3089,1,2616,2929,0,684,39314,3245,3,52,1492,768,416,4,13781,7790,30378,0,0,654,8860,7657,11529,0,0,0,18,23,39,0,39600,31185,34444,2,0,0,317
37,5,5,1061035,benign,194,151,11084,0,7979,3072,1,2616,2929,0,690,39632,3245,3,52,1582,711,324,3,13756,7897,30365,0,0,654,8861,7669,11544,0,0,0,18,24,39,0,39277,31141,34398,2,0,0,317
38,5,2,1060790,benign,181,153,11111,0,8004,3076,1,2616,2929,0,689,39527,3245,3,51,1378,715,318,3,13402,7699,30305,0,0,654,8836,7656,11551,0,0,0,18,23,34,1,39326,30779,34069,2,0,0,317
39,8,19,1060976,benign,160,153,11155,4,8034,3088,1,2616,2929,0,689,39269,3245,3,51,1249,758,318,3,13373,7469,30351,0,0,654,8838,7678,11584,0,0,0,18,25,33,0,39250,30794,34037,1,0,0,316
40,4,30,1060865,benign,184,153,11120,0,8013,3081,1,2616,2929,0,683,39401,3245,3,51,1277,756,318,3,13715,7979,30328,0,0,654,8877,7674,11552,0,0,0,18,22,33,0,39473,30822,34026,1,0,0,317
41,2,19,1060934,benign,184,153,11117,0,8007,3081,1,2616,2929,0,687,39297,3245,3,51,1328,728,324,3,13947,8284,30432,0,0,654,8846,7666,11545,0,0,0,18,24,39,0,39500,31016,34245,2,0,0,317
42,2,24,1060825,benign,178,153,11110,0,7993,3086,1,2616,2930,0,691,39664,3245,3,51,1355,749,321,3,13503,7729,30323,0,0,654,8848,7667,11536,0,0,0,18,24,33,1,39560,30830,34124,2,0,0,317
43,9,28,1060788,benign,156,153,11137,0,8028,3083,1,2616,2929,0,692,39178,3245,3,51,1273,698,318,3,13236,7468,30335,0,0,654,8857,7666,11510,0,0,0,19,27,36,1,39300,30597,33916,2,0,0,317
44,10,14,1060955,benign,188,153,11146,0,8031,3083,1,2616,2929,0,696,39642,3245,3,52,1514,718,424,3,13493,7572,30293,0,0,654,8851,7683,11550,0,0,0,18,25,39,0,39351,30728,34183,2,0,0,317
45,7,4,1060889,benign,179,153,11151,0,8040,3083,1,2616,2929,0,680,39472,3245,3,53,1331,746,319,4,13384,7618,30357,0,0,654,8862,7677,11558,0,0,0,18,23,34,0,39505,30811,34104,1,0,0,317
46,10,7,1060898,benign,181,151,11136,0,8021,3080,1,2616,2929,0,698,39553,3245,3,52,1468,761,422,3,13654,7884,30389,0,0,654,8855,7653,11522,0,0,0,18,23,137,2,39665,30843,34209,1,0,0,317
47,1,28,1060922,benign,194,153,11126,0,8018,3078,1,2616,2929,0,703,39693,3245,3,53,1283,976,426,3,13765,7990,30464,0,0,654,8842,7651,11545,0,0,0,18,24,39,0,39614,31059,34314,2,0,0,317
48,9,6,1060824,benign,160,154,11092,4,7984,3076,1,2616,2929,0,688,39564,3245,3,51,1472,957,319,4,13278,7298,30362,0,0,654,8825,7654,11549,0,0,0,19,27,36,2,39051,30600,33906,2,0,0,317
49,9,1,1060857,benign,177,153,11142,0,8025,3078,1,2616,2929,0,709,39850,3245,3,52,1294,794,317,3,13404,7548,30442,0,0,654,8855,7702,11570,0,0,0,18,24,33,0,39418,30901,34395,1,0,0,317
50,5,10,1060822,benign,181,151,11119,0,7998,3078,1,2616,2929,0,690,39561,3245,3,51,1207,954,319,3,13343,7526,30400,0,0,654,8870,7679,11568,0,0,0,18,24,34,2,39243,30890,34207,2,0,0,316
51,5,13,1061083,benign,198,153,11112,0,7996,3073,1,2616,2929,0,693,39554,3245,3,52,1550,784,324,3,13773,8086,30336,0,0,654,8847,7645,11521,0,0,0,18,24,39,0,39631,31197,34490,2,0,0,317
52,3,15,1060782,benign,189,153,11123,0,8010,3085,1,2616,2929,0,692,39571,3245,3,53,1370,732,426,3,13732,7901,30374,0,0,654,8829,7655,11521,0,0,0,18,24,39,0,39599,30938,34224,2,0,0,317
53,10,4,1060871,benign,191,153,11105,0,7999,3082,1,2616,2929,0,676,39488,3245,3,53,1320,879,318,3,13585,7696,30442,0,0,654,8855,7670,11574,0,0,0,18,24,33,0,39640,31125,34546,1,0,0,317
54,7,12,1060858,benign,177,153,11132,0,8025,3085,1,2616,2929,0,689,39246,3245,3,52,1306,780,369,3,13305,7448,30350,0,0,654,8840,7648,11521,0,0,0,18,25,308,2,39751,30813,34084,1,0,0,317
55,8,16,1061044,benign,178,153,11150,4,8045,3082,1,2616,2929,0,688,39338,3245,3,51,1440,723,324,3,13440,7701,30258,0,0,654,8842,7644,11524,0,0,0,18,23,39,0,39392,30928,34172,2,0,0,375
56,3,29,1060921,benign,192,153,11118,0,8016,3077,1,2616,2929,0,681,39242,3245,3,52,1300,766,324,3,13602,7700,30255,0,0,654,8863,7675,11548,0,0,0,18,23,39,0,39463,30832,34153,2,0,0,317
57,3,15,1060842,benign,193,151,11115,0,8003,3080,1,2616,2929,0,689,39732,3245,3,52,1488,787,420,3,13797,8063,30353,0,0,654,8863,7686,11550,0,0,0,19,26,35,0,39615,30942,34204,1,0,0,317
58,4,31,1060749,benign,190,153,11108,0,7996,3073,1,2616,2929,0,692,39488,3245,3,51,1455,836,324,3,13722,7638,30282,0,0,654,8847,7674,11547,0,0,0,18,24,39,0,39540,31096,34385,2,0,0,317
59,8,24,1060962,benign,185,153,11122,0,8008,3084,1,2616,2929,0,696,39458,3245,3,52,1331,762,324,3,13761,7938,30311,0,0,654,8876,7658,11540,0,0,0,18,24,39,0,39253,30901,34096,2,0,0,317
60,9,0,1060882,benign,188,151,11153,0,8035,3082,1,2616,2929,0,701,39663,3245,3,54,1324,770,318,3,13378,7534,30308,0,0,654,8852,7704,11588,0,0,0,18,24,33,0,39614,30953,34220,1,0,0,317
61,5,0,1060832,benign,161,153,11132,4,7999,3079,1,2616,2929,0,691,39341,3245,3,52,1492,725,319,3,13228,7520,30386,0,0,654,8829,7654,11553,0,0,0,18,25,34,1,39175,30726,34255,2,0,0,317
62,6,15,1060793,benign,173,153,11125,0,8011,3087,1,2616,2929,0,684,39471,3245,3,51,1267,719,319,3,13341,7624,30375,0,0,654,8853,7657,11535,0,0,0,18,24,34,1,39432,30818,34147,2,0,0,317
63,4,16,1060822,benign,179,151,11156,0,8044,3093,1,2616,2929,0,687,39560,3245,3,52,1249,742,317,4,13534,7819,30351,0,0,654,8842,7673,11563,0,0,0,18,25,32,0,39259,30758,34075,1,0,0,317
64,3,13,1060755,benign,183,153,11171,0,8055,3093,1,2616,2929,0,684,39498,3245,3,52,1294,796,324,4,13693,7929,30335,0,0,654,8862,7688,11566,0,0,0,18,23,39,0,39548,31006,34428,2,0,0,317
0,7,14,1060937,benign,122,27,11143,0,8048,3087,1,2616,2929,0,704,39690,3245,3,52,1297,722,377,3,13706,7988,30441,0,0,654,8842,7666,11557,0,0,0,18,25,38,0,39508,30979,34318,2,0,0,317
1,7,21,1060722,benign,185,151,11167,0,8051,3094,1,2616,2929,0,690,39666,3245,3,53,1331,738,324,4,13548,7777,30388,0,0,654,8842,7670,11545,0,0,0,18,23,39,0,39724,31011,34226,2,0,0,317
2,9,12,1060902,benign,185,153,11165,0,8055,3087,1,2616,2929,0,715,39519,3245,3,52,1367,781,320,4,13433,7697,30356,0,0,654,8850,7656,11541,0,0,0,18,25,35,0,39822,30935,34229,1,0,0,317
3,4,25,1060797,benign,174,153,11134,0,8014,3072,1,2616,2929,0,675,39298,3245,3,51,1473,653,419,3,13576,7816,30332,0,0,654,8855,7667,11541,0,0,0,18,23,32,0,39358,30687,34191,1,0,0,317
4,3,18,1060797,benign,172,153,11145,0,8023,3080,1,2616,2929,0,679,39470,3245,3,51,1406,639,319,3,13238,7634,30246,0,0,654,8838,7678,11564,0,0,0,18,24,32,1,39381,30468,33969,2,0,0,317
5,6,22,1060744,benign,170,151,11126,0,8008,3091,1,2616,2929,0,692,39357,3245,3,53,1462,763,324,3,13697,7903,30286,0,0,654,8862,7701,11567,0,0,0,18,23,39,0,39158,30901,34160,2,0,0,317
6,2,26,1060935,benign,183,153,11116,0,8001,3083,1,2616,2930,0,700,39553,3245,3,52,1329,706,426,4,13544,7781,30371,0,0,654,8867,7715,11613,0,0,0,18,24,141,2,39456,30863,34121,2,0,0,317
7,2,1,1061026,crash/hangs,-,-,-,-,-,-,-,-,-,-,-,-,-,-,-,-,-,-,-,-,-,-,-,-,-,-,-,-,-,-,-,-,-,-,-,-,-,-,-,-,-,-
8,5,9,1060926,benign,112,27,11148,0,8051,3093,1,2616,2929,0,679,39460,3245,3,52,1302,718,324,3,13625,7925,30393,0,0,654,8851,7699,11571,0,0,0,19,25,41,0,39476,31092,34357,2,0,0,317
9,4,0,1061026,benign,206,152,11131,1,8009,3077,1,2616,2929,0,690,39443,3245,3,52,1588,780,333,4,13562,7840,30291,0,0,654,8859,7677,11540,0,0,0,18,24,153,2,39634,31010,34238,3,0,0,317
10,1,22,1061082,benign,205,153,11135,0,8018,3065,1,2616,2929,0,688,39615,3245,3,53,1397,824,426,4,13527,7623,30295,0,0,654,8838,7645,11527,0,0,0,18,22,39,0,39577,31037,34508,2,0,0,317
11,2,9,1060842,benign,175,153,11154,0,8044,3091,1,2616,2929,0,689,39390,3245,3,52,1639,709,317,3,13793,8035,30305,0,0,654,8857,7670,11557,0,0,0,18,23,33,0,39333,31119,34388,1,0,0,317
12,4,8,1060918,benign,190,154,11134,1,8018,3083,1,2616,2929,0,696,39625,3245,3,52,1526,770,324,3,13973,7734,30356,0,0,654,8830,7691,11560,0,0,0,18,23,40,0,39777,30999,34266,3,0,0,317
13,10,31,1061027,benign,202,153,11109,0,8008,3082,1,2616,2929,0,685,39548,3245,3,52,1376,750,324,4,13587,7705,30187,0,0,654,8854,7678,11538,0,0,0,18,23,39,0,39547,30997,34270,2,0,0,317
14,3,17,1061010,benign,197,153,11130,0,8014,3077,1,2616,2930,0,700,39811,3245,3,53,1341,756,324,3,13618,7753,30262,0,0,654,8867,7693,11563,0,0,0,18,24,39,0,39485,30901,34184,2,0,0,317
15,10,7,1060983,benign,176,153,11144,0,8029,3085,1,2616,2929,0,690,39439,3245,3,52,1274,740,318,3,13524,7742,30368,0,0,654,8846,7668,11547,0,0,0,18,24,33,0,39417,30715,33980,1,0,0,317
16,7,14,1061025,benign,197,153,11105,0,7992,3071,1,2616,2929,0,690,39549,3245,3,52,1418,768,324,3,13629,7897,30332,0,0,654,8856,7648,11504,0,0,0,18,24,39,0,39318,31203,34459,2,0,0,317
17,7,28,1060769,benign,192,153,11089,0,7980,3076,1,2616,2929,0,697,39689,3245,3,52,1350,968,324,3,13719,8010,30364,0,0,654,8839,7631,11534,0,0,0,18,23,39,0,39551,30985,34200,2,0,0,317
18,4,18,1061091,benign,198,153,11127,0,8011,3070,1,2616,2930,0,697,39677,3245,3,52,1313,786,324,4,13885,7873,30311,0,0,654,8831,7657,11524,0,0,0,19,25,41,0,39659,31034,34289,2,0,0,317
19,3,26,1060858,SDC,180,154,10384,0,7595,2762,1,2620,2887,0,662,38005,3166,3,55,1470,886,423,3,13211,7717,28885,0,0,623,8389,7332,10823,0,0,0,18,22,33,0,37765,29232,32525,1,0,0,317
20,2,0,1060799,benign,184,151,11127,0,8004,3078,1,2616,2929,0,684,39795,3245,3,52,1396,807,319,3,13306,7543,30319,0,0,654,8850,7655,11519,0,0,0,18,23,34,1,39365,30943,34237,2,0,0,317
21,7,31,1060779,benign,188,153,11140,0,8028,3082,1,2616,2929,0,684,39502,3245,3,53,1382,951,324,3,13480,7657,30196,0,0,654,8849,7658,11536,0,0,0,18,23,39,0,39197,30928,34204,2,0,0,317
22,4,24,1060961,benign,187,153,11139,0,8026,3081,1,2616,2929,0,677,39642,3245,3,52,1329,711,426,3,13749,7876,30352,0,0,654,8830,7652,11535,0,0,0,18,24,39,0,39853,31125,34537,2,0,0,317
23,1,9,1060820,benign,164,153,11117,4,8011,3086,1,2616,2929,0,685,39095,3245,3,52,1477,731,318,3,13285,7466,30369,0,0,654,8823,7630,11507,0,0,0,18,24,34,2,39098,30975,34285,2,0,0,316
24,8,31,1060951,benign,190,151,11158,0,8043,3080,1,2616,2929,0,697,39464,3245,3,52,1303,705,426,3,13510,7737,30291,0,0,654,8841,7674,11537,0,0,0,18,22,39,0,39413,30940,34176,2,0,0,317
25,2,15,1060785,benign,184,151,11120,0,8027,3088,1,2616,2929,0,706,39862,3245,3,52,1299,747,324,3,13436,7589,30349,0,0,654,8851,7678,11546,0,0,0,18,24,39,0,39397,30749,34018,2,0,0,317
26,7,16,1061088,benign,181,153,11117,4,8008,3074,1,2616,2929,0,692,39267,3245,3,52,1588,704,426,3,13542,7766,30294,0,0,654,8827,7665,11552,0,0,0,18,24,39,0,39261,30760,34078,2,0,0,317
27,8,23,1061078,benign,194,153,11102,0,7999,3064,1,2616,2929,0,685,39663,3245,3,52,1415,720,324,3,13613,7874,30296,0,0,654,8850,7620,11539,0,0,0,18,22,39,0,39371,31104,34421,2,0,0,317
28,10,2,1060918,benign,182,153,11137,0,8014,3100,1,2616,2929,0,694,39456,3245,3,52,1563,835,487,3,13626,7625,30346,0,0,654,8843,7642,11535,0,0,0,18,23,142,2,39687,30835,34126,2,0,0,317
29,5,4,1060917,benign,191,153,11136,0,8017,3083,1,2616,2929,0,681,39326,3245,3,52,1315,918,324,3,13517,7806,30320,0,0,654,8844,7603,11513,0,0,0,18,24,39,0,39712,31459,34695,2,0,0,316
30,2,22,1060803,benign,186,153,11117,0,8011,3080,1,2616,2929,0,692,39324,3245,3,51,1178,722,420,3,13761,7997,30361,0,0,654,8872,7671,11552,0,0,0,18,23,34,1,39240,30785,34068,2,0,0,317
31,7,23,1060747,benign,187,153,11119,0,7997,3078,1,2616,2929,0,701,39531,3245,3,52,1442,773,427,3,13927,7840,30282,0,0,654,8842,7665,11539,0,0,0,19,26,143,2,39626,31029,34299,2,0,0,317
32,7,4,1060849,benign,181,153,11141,0,8029,3076,1,2616,2929,0,697,39446,3245,3,52,1308,758,318,4,13492,7721,30318,0,0,654,8881,7655,11531,0,0,0,18,23,33,0,39620,31156,34408,1,0,0,317
33,10,13,1060852,benign,162,153,11115,4,8006,3081,1,2616,2929,0,696,39456,3245,3,51,1341,763,420,4,13351,7589,30341,0,0,654,8856,7649,11534,0,0,0,18,23,33,0,39231,31027,34297,2,0,0,317
34,2,1,1060786,benign,191,153,11133,0,8019,3086,1,2616,2929,0,690,39591,3245,3,52,1374,960,427,4,13738,7834,30313,0,0,654,8853,7664,11548,0,0,0,18,24,39,0,39405,31102,34323,2,0,0,317
35,3,12,1060725,benign,181,153,11141,0,8025,3076,1,2616,2929,0,685,39479,3245,3,52,1409,766,324,3,13580,7880,30339,0,0,654,8875,7665,11548,0,0,0,18,22,39,0,39724,31159,34559,2,0,0,317
36,6,29,1060987,benign,181,153,11133,0,8020,3075,1,2616,2929,0,715,39560,3245,3,52,1607,702,317,4,13522,7592,30361,0,0,654,8818,7625,11498,0,0,0,18,23,32,0,39505,30959,34209,1,0,0,317
37,5,17,1060852,benign,162,152,11153,4,8042,3091,1,2616,2929,0,702,39324,3245,3,52,1261,750,420,3,13254,7411,30270,0,0,654,8862,7659,11549,0,0,0,18,23,33,0,39439,30821,34214,1,0,0,368
38,1,18,1060936,benign,166,153,11130,4,8018,3082,1,2616,2929,0,691,39633,3245,3,50,1566,734,323,4,13673,7617,30343,0,0,654,8862,7684,11571,0,0,0,18,23,39,0,39331,30701,33965,2,0,0,317
0,10,7,1061074,benign,131,27,11107,0,8007,3069,1,2616,2929,0,692,39496,3245,3,52,1607,760,426,3,13764,7919,30379,0,0,654,8831,7638,11525,0,0,0,18,23,39,0,39593,30944,34229,2,0,0,317
1,1,8,1060763,benign,199,153,11132,0,8017,3087,1,2616,2929,0,694,39801,3245,3,53,1382,738,324,3,13414,7587,30276,0,0,654,8838,7672,11550,0,0,0,18,23,39,0,39389,31237,34499,2,0,0,317
2,10,2,1060736,benign,167,153,11143,0,8032,3090,1,2616,2929,0,695,39304,3245,3,52,1323,734,427,3,13269,7552,30331,0,0,654,8864,7682,11545,0,0,0,18,23,39,0,39127,30902,34170,2,0,0,317
3,2,9,1060725,benign,183,153,11142,0,8026,3094,1,2616,2929,0,685,39562,3245,3,52,1351,728,324,3,13735,7570,30399,0,0,654,8846,7674,11554,0,0,0,19,26,40,0,39322,30882,34139,2,0,0,317
4,7,16,1061083,benign,200,153,11107,0,8000,3066,1,2616,2929,0,688,39795,3245,3,53,1361,744,324,3,13887,8012,30384,0,0,654,8840,7634,11543,0,0,0,18,22,39,0,39483,31257,34533,2,0,0,317
5,6,12,1061058,benign,203,153,11152,0,8040,3077,1,2616,2929,0,680,39456,3245,3,52,1345,756,426,3,13667,7704,30358,0,0,654,8845,7661,11504,0,0,0,18,23,39,0,39837,31289,34578,2,0,0,317
6,7,0,1061057,benign,199,153,11141,0,8023,3084,1,2616,2929,0,690,39457,3245,3,52,1370,941,324,3,13939,7998,30395,0,0,654,8842,7651,11497,0,0,0,18,24,39,0,39547,31311,34587,2,0,0,317
7,5,29,1060916,benign,169,154,11137,4,8021,3081,1,2616,2929,0,696,39461,3245,3,51,1324,803,324,3,13603,7305,30260,0,0,654,8849,7674,11555,0,0,0,18,24,39,0,39179,30920,34178,2,0,0,317
8,9,14,1060916,benign,166,153,11117,4,8004,3095,1,2616,2929,0,696,39454,3245,3,51,1371,721,324,3,13242,7379,30285,0,0,654,8859,7709,11605,0,0,0,18,23,39,0,39239,30696,34136,2,0,0,317
9,3,11,1060979,benign,180,153,11126,0,8014,3078,1,2616,2929,0,695,39544,3245,3,52,1397,716,420,3,13574,7648,30367,0,0,654,8872,7653,11521,0,0,0,18,23,321,2,40149,31027,34441,1,0,0,317
10,5,4,1061079,benign,206,153,11102,0,7987,3069,1,2616,2929,0,695,40022,3245,3,52,1569,696,479,3,13857,7968,30195,0,0,654,8853,7665,11520,0,0,0,18,23,39,0,39454,31008,34474,2,0,0,317
11,10,0,1060828,benign,161,153,11154,4,8028,3084,1,2616,2929,0,688,39149,3245,3,51,1185,794,319,4,13205,7475,30290,0,0,654,8852,7644,11501,0,0,0,18,23,36,0,39653,31033,34523,2,0,0,317
12,3,16,1060785,benign,187,153,11124,0,8011,3090,1,2616,2929,0,694,39753,3245,3,53,1351,749,324,3,13613,7816,30310,0,0,654,8830,7636,11534,0,0,0,18,25,141,2,40048,31203,34479,2,0,0,317
13,7,5,1061060,benign,183,153,11136,4,8013,3070,1,2616,2929,0,693,39432,3245,3,52,1422,731,323,3,13431,7677,30381,0,0,654,8854,7665,11569,0,0,0,18,23,143,2,39385,30945,34213,2,0,0,317
14,2,3,1060731,benign,181,153,11117,0,8007,3088,1,2616,2929,0,692,39948,3245,3,53,1704,732,418,4,13368,7595,30295,0,0,654,8846,7646,11541,0,0,0,18,24,39,0,39428,31097,34524,2,0,0,317
15,6,11,1060926,benign,188,153,11137,0,8022,3081,1,2616,2929,0,694,39705,3245,3,53,1341,724,324,3,13603,7743,30420,0,0,654,8854,7671,11547,0,0,0,18,24,32,0,39565,31336,34575,2,0,0,317
16,3,3,1060759,benign,191,153,11161,1,8042,3093,1,2616,2929,1,698,39681,3245,3,55,1393,757,511,3,13522,7546,30303,0,0,654,8838,7672,11599,0,0,0,18,25,125,2,39928,31159,34448,3,0,0,317
17,9,5,1060797,benign,180,151,11118,0,8002,3079,1,2616,2929,0,694,39391,3245,3,52,1201,661,627,3,13418,7728,30400,0,0,654,8851,7667,11551,0,0,0,18,24,33,1,39142,30774,34112,2,0,0,317
18,4,31,1060808,benign,161,153,11105,3,7998,3081,1,2616,2929,0,674,38916,3245,3,50,1388,665,409,3,13553,7568,30469,0,0,654,8830,7656,11520,0,0,0,18,24,133,2,39279,30538,33787,1,0,0,317
19,9,21,1060773,benign,194,153,11134,0,8011,3082,1,2616,2929,0,687,39377,3245,3,52,1407,784,323,4,14000,7977,30354,0,0,654,8843,7659,11568,0,0,0,18,23,39,0,39603,30955,34205,2,0,0,317
20,9,11,1060731,benign,183,153,11100,0,7987,3082,1,2616,2929,0,689,39481,3245,3,52,1434,704,324,3,13758,7772,30331,0,0,654,8861,7690,11570,0,0,0,18,24,39,0,39339,31145,34391,2,0,0,317
21,8,16,1061026,benign,198,151,11121,0,8017,3079,1,2616,2929,0,697,39490,3245,3,52,1310,739,324,4,13571,7810,30332,0,0,654,8841,7651,11530,0,0,0,18,21,39,0,39530,31084,34578,2,0,0,317
0,3,23,1060827,benign,112,27,11114,0,8004,3080,1,2616,2930,0,683,39400,3245,3,51,1365,773,422,4,13406,7579,30329,0,0,654,8829,7644,11501,0,0,0,18,21,36,0,39182,31178,34647,2,0,0,317
1,5,8,1061047,benign,207,153,11089,0,7981,3076,1,2616,2930,0,686,39555,3245,3,52,1368,739,425,4,13578,7687,30266,0,0,654,8845,7669,11525,0,0,0,18,23,39,0,39776,31337,34654,2,0,0,317
2,1,24,1061051,benign,211,153,11124,0,8015,3079,1,2616,2930,0,690,39690,3245,3,52,1453,770,324,3,13704,7657,30346,0,0,654,8832,7643,11531,0,0,0,18,23,39,0,39470,31201,34451,2,0,0,317
3,5,12,1060856,benign,161,153,11100,4,7988,3077,1,2616,2929,0,689,39126,3245,3,52,1264,1163,318,3,13405,7456,30307,0,0,654,8859,7664,11527,0,0,0,18,23,33,0,39117,30955,34216,1,0,0,317
4,8,31,1060798,benign,175,153,11120,0,7998,3072,1,2616,2929,0,689,39638,3245,3,52,1450,732,421,4,13682,7647,30276,0,0,654,8872,7641,11528,0,0,0,18,23,33,2,39209,30777,34067,2,0,0,317
5,5,28,1060903,benign,187,153,11112,0,8000,3085,1,2616,2929,0,700,39711,3245,3,52,1382,779,422,4,13691,7746,30301,0,0,654,8825,7647,11532,0,0,0,18,24,35,0,39398,31333,34552,1,0,0,317
6,1,22,1060976,benign,163,153,11144,4,8038,3087,1,2616,2929,0,683,39041,3245,3,52,1508,735,318,4,13433,7696,30325,0,0,654,8823,7641,11519,0,0,0,18,25,33,0,39199,30733,34172,1,0,0,316
7,7,11,1060960,benign,166,153,11118,4,8005,3083,1,2616,2929,0,692,39207,3245,3,51,1473,758,324,3,13369,7592,30303,0,0,654,8857,7644,11489,0,0,0,18,24,39,0,39373,30767,34013,2,0,0,317
8,1,26,1061003,benign,201,151,11117,0,8004,3081,1,2616,2929,0,687,39651,3245,3,52,1363,984,428,3,13814,7989,30238,0,0,654,8827,7623,11500,0,0,0,18,22,39,0,39711,31207,34441,2,0,0,317
9,6,20,1060730,benign,190,153,11144,0,8033,3079,1,2616,2929,0,691,39354,3245,3,54,1501,760,425,4,13733,7932,30353,0,0,654,8827,7683,11562,0,0,0,18,22,39,0,39758,31044,34557,2,0,0,317
10,4,5,1061087,benign,201,153,11107,1,7996,3070,1,2616,2929,0,687,39513,3245,3,51,1352,966,324,3,13648,7741,30342,0,0,654,8839,7645,11559,0,0,0,19,26,41,0,39663,31112,34446,3,0,0,317
11,4,29,1061052,benign,183,154,11127,3,8018,3073,1,2616,2929,0,688,39432,3245,3,51,1371,767,324,3,13472,7619,30190,0,0,654,8861,7664,11528,0,0,0,18,23,39,0,39177,31073,34378,2,0,0,317
12,5,25,1060989,benign,187,153,11134,0,8015,3080,1,2616,2929,0,700,39553,3245,3,53,1518,727,421,3,13674,7630,30393,0,0,654,8858,7686,11540,0,0,0,18,25,33,0,39568,31257,34515,1,0,0,317
13,9,10,1060844,benign,158,153,11099,4,7988,3075,1,2616,2929,0,705,39635,3245,3,51,1333,771,318,3,13470,7753,30342,0,0,654,8852,7668,11521,0,0,0,18,24,33,0,38967,30800,34098,1,0,0,317
14,5,18,1060962,benign,183,153,11135,0,8019,3081,1,2616,2929,0,695,39720,3245,3,52,1285,779,324,3,13445,7577,30376,0,0,654,8853,7709,11587,0,0,0,18,23,39,0,39498,31028,34407,2,0,0,317
15,5,14,1061073,benign,195,153,11119,0,8003,3069,1,2616,2929,0,690,39626,3245,3,52,1526,785,425,3,13532,7779,30302,0,0,654,8846,7648,11519,0,0,0,18,23,39,0,39589,30923,34203,2,0,0,317
16,7,2,1061093,benign,205,151,11141,0,8031,3068,1,2616,2929,0,706,39697,3245,3,52,1543,735,425,4,13564,7943,30290,0,0,654,8830,7653,11535,0,0,0,18,22,39,0,39483,31285,34752,2,0,0,317
17,3,6,1061010,benign,201,153,11100,0,7996,3075,1,2616,2929,0,694,39509,3245,3,52,1702,730,426,4,13757,8037,30317,0,0,654,8837,7630,11511,0,0,0,18,25,39,0,39767,30936,34153,2,0,0,317
18,1,26,1060926,benign,191,151,11118,0,8004,3074,1,2616,2929,0,688,39376,3245,3,52,1549,967,427,4,13781,7874,30321,0,0,654,8832,7668,11583,0,0,0,18,24,39,0,39603,31039,34308,2,0,0,317
19,5,31,1060885,benign,190,153,11165,0,8041,3085,1,2616,2929,0,673,39396,3245,3,53,1383,700,318,4,13393,7563,30337,0,0,654,8827,7660,11526,0,0,0,18,23,33,0,39637,31158,34395,1,0,0,317
20,8,8,1060899,benign,179,153,11114,0,8006,3080,1,2616,2929,0,689,39539,3245,3,53,1337,835,321,3,13424,7729,30328,0,0,654,8850,7680,11539,0,0,0,18,25,35,0,39217,30948,34193,1,0,0,317
21,10,26,1060990,benign,177,153,11118,0,8002,3082,1,2616,2929,0,698,39673,3245,3,52,1404,769,318,4,13665,7656,30346,0,0,654,8859,7677,11547,0,0,0,18,22,33,0,39574,31180,34455,1,0,0,317
22,6,7,1060920,benign,168,153,11147,4,8036,3088,1,2616,2929,0,683,39156,3245,3,52,1338,723,427,4,13573,7520,30363,0,0,654,8855,7687,11569,0,0,0,19,26,41,0,39409,30913,34157,2,0,0,317
23,2,20,1061038,benign,202,153,11115,0,8008,3070,1,2616,2930,0,693,39629,3245,3,52,1400,793,324,4,13755,7845,30270,0,0,654,8831,7652,11535,0,0,0,18,25,132,2,40097,30979,34213,2,0,0,317
24,2,13,1061056,benign,182,151,11126,4,8020,3079,1,2616,2929,0,691,39246,3245,3,52,1438,740,324,3,13539,7639,30405,0,0,654,8858,7672,11525,0,0,0,18,23,39,0,39507,31067,34322,2,0,0,317
25,6,1,1060829,benign,180,153,11131,0,8010,3079,1,2616,2929,0,677,39373,3245,3,52,1202,787,420,3,13505,7699,30317,0,0,654,8840,7623,11522,0,0,0,18,22,34,2,39358,30714,34247,2,0,0,317
26,5,11,1060988,benign,161,153,11140,4,8019,3090,1,2616,2929,0,685,39114,3245,3,51,1272,717,420,3,13194,7329,30316,0,0,654,8839,7648,11526,0,0,0,18,25,33,0,39120,30604,33861,1,0,0,317
27,7,11,1061024,benign,178,153,11083,4,7975,3075,1,2616,2929,0,702,39728,3245,3,51,1300,741,426,3,13379,7506,30319,0,0,654,8851,7673,11509,0,0,0,18,23,140,2,39563,30816,34066,2,0,0,317
28,6,25,1060827,benign,177,153,11131,0,8009,3072,1,2616,2929,0,678,39498,3245,3,51,1437,756,421,3,13616,7813,30345,0,0,654,8855,7666,11544,0,0,0,19,27,35,1,39449,30915,34243,2,0,0,317
29,6,25,1060854,benign,178,153,11120,0,8013,3081,1,2616,2929,0,685,39554,3245,3,52,1533,901,318,3,13468,7708,30437,0,0,654,8843,7634,11522,0,0,0,18,23,33,0,39617,30830,34102,1,0,0,317
30,5,5,1060882,benign,181,153,11116,0,8004,3078,1,2616,2929,0,689,39250,3245,3,52,1356,723,318,4,13662,7939,30286,0,0,654,8813,7668,11551,0,0,0,18,25,33,0,39415,31139,34401,1,0,0,317
31,5,25,1060967,benign,188,151,11136,0,8022,3089,1,2616,2929,0,707,39801,3245,3,52,1379,919,428,4,13608,7787,30329,0,0,654,8819,7655,11542,0,0,0,18,24,39,0,39456,31125,34367,2,0,0,317
32,5,3,1060729,benign,188,151,11156,0,8040,3087,1,2616,2929,0,688,39391,3245,3,53,1331,717,324,3,13656,7676,30384,0,0,654,8841,7689,11556,0,0,0,18,24,39,0,39110,30823,34092,2,0,0,317
33,1,1,1060890,benign,176,153,11148,0,8035,3074,1,2616,2929,0,691,39476,3245,3,52,1298,713,319,3,13629,7428,30300,0,0,654,8817,7656,11546,0,0,0,18,25,34,0,39398,30956,34223,1,0,0,317
34,9,23,1060820,benign,160,153,11147,4,8034,3073,1,2616,2929,0,687,39499,3245,3,51,1334,769,319,3,13221,7465,30230,0,0,654,8835,7661,11549,0,0,0,18,23,34,1,39066,30716,34227,2,0,0,317
35,8,31,1060914,benign,187,153,11145,0,8036,3081,1,2616,2929,0,692,39540,3245,3,52,1310,740,324,3,13506,7741,30338,0,0,654,8844,7685,11574,0,0,0,18,21,141,2,39738,30928,34327,2,0,0,317
36,9,5,1060754,benign,195,153,11122,0,8018,3083,1,2616,2929,0,689,39391,3245,3,52,1330,802,323,3,13769,7937,30424,0,0,654,8862,7683,11542,0,0,0,18,23,39,0,39374,30989,34360,2,0,0,317
37,8,31,1060916,benign,166,153,11115,4,8012,3086,1,2616,2929,0,687,39243,3245,3,51,1372,774,324,4,13492,7550,30256,0,0,654,8843,7625,11547,0,0,0,18,21,39,0,39342,31005,34270,2,0,0,317
38,5,1,1060772,benign,168,153,11127,0,8018,3088,1,2616,2929,0,683,39367,3245,3,53,1399,739,426,3,13279,7449,30281,0,0,654,8828,7681,11537,0,0,0,18,25,39,0,39412,30817,34072,2,0,0,317
39,1,28,1060926,benign,189,153,11098,0,7986,3077,1,2616,2929,0,685,39382,3245,3,52,1312,776,324,3,13762,8049,30394,0,0,654,8853,7655,11516,0,0,0,18,25,34,2,39616,30995,34392,2,0,0,317
40,9,27,1061059,benign,196,153,11103,0,7993,3074,1,2616,2929,0,688,39450,3245,3,52,1413,781,426,3,13689,7801,30316,0,0,654,8847,7658,11576,0,0,0,18,23,39,0,39514,31268,34491,2,0,0,317
41,8,4,1060938,benign,184,153,11136,0,8031,3074,1,2616,2929,0,690,39646,3245,3,52,1321,999,324,4,13706,7938,30420,0,0,654,8840,7657,11548,0,0,0,18,22,39,0,39505,31138,34603,2,0,0,317
42,5,1,1060845,benign,179,153,11138,0,8034,3084,1,2616,2929,0,701,39657,3245,3,53,1319,952,318,4,13470,7610,30385,0,0,654,8841,7681,11558,0,0,0,19,27,35,0,39327,30934,34229,1,0,0,317
43,4,8,1060768,benign,168,152,11112,1,8003,3083,1,2616,2929,0,699,39664,3245,3,52,1342,724,324,3,13387,7608,30205,0,0,654,8823,7627,11519,0,0,0,18,25,39,0,39425,30715,33996,3,0,0,317
44,2,27,1060780,benign,166,151,11142,0,8029,3084,1,2616,2929,0,704,39413,3245,3,53,1588,715,426,3,13584,7674,30375,0,0,654,8822,7647,11522,0,0,0,18,22,39,0,39269,30998,34234,2,0,0,317
45,4,14,1061075,benign,209,153,11166,0,8039,3071,1,2616,2929,0,697,39592,3245,3,52,1337,974,324,3,13736,7892,30315,0,0,654,8849,7606,11518,0,0,0,18,22,39,0,39368,31026,34332,2,0,0,317
46,2,15,1060902,benign,186,153,11135,0,8023,3078,1,2616,2929,0,682,39330,3245,3,52,1247,922,320,4,13679,7844,30460,0,0,654,8846,7678,11586,0,0,0,18,22,35,0,39512,31054,34325,1,0,0,317
47,10,31,1061095,benign,199,153,11085,0,7970,3061,1,2616,2929,0,690,39647,3245,3,52,1429,782,417,3,13594,7858,30258,0,0,654,8825,7675,11532,0,0,0,18,23,39,0,39539,31113,34407,2,0,0,317
48,4,5,1061042,benign,196,151,11126,1,8015,3080,1,2616,2929,0,700,39786,3245,3,51,1365,777,324,3,13654,7799,30217,0,0,654,8867,7643,11508,0,0,0,18,21,141,2,39615,31136,34395,3,0,0,317
49,2,6,1060996,benign,178,153,11108,4,7996,3074,1,2616,2929,0,691,39436,3245,3,52,1434,759,421,3,13398,7484,30370,0,0,654,8849,7653,11526,0,0,0,18,24,39,0,39278,30982,34250,2,0,0,317
50,10,12,1060919,benign,186,153,11104,0,7994,3079,1,2616,2929,0,696,39483,3245,3,52,1332,791,426,3,13608,7828,30301,0,0,654,8861,7681,11542,0,0,0,18,24,39,0,39370,30973,34241,2,0,0,317
51,3,8,1061032,benign,183,153,11139,4,8016,3074,1,2616,2930,0,690,39382,3245,3,52,1327,744,324,3,13428,7540,30198,0,0,654,8856,7650,11542,0,0,0,18,24,39,0,39219,30831,34135,2,0,0,317
52,5,8,1060931,benign,189,153,11116,0,8003,3088,1,2616,2929,0,701,39701,3245,3,52,1346,759,324,3,13842,7942,30319,0,0,654,8818,7682,11558,0,0,0,18,23,141,2,39608,31147,34429,2,0,0,317
53,1,6,1060862,benign,184,153,11154,0,8037,3083,1,2616,2929,0,693,39597,3245,3,52,1273,734,318,3,13833,8041,30357,0,0,654,8874,7661,11540,0,0,0,18,25,33,0,39569,30836,34294,1,0,0,317
54,10,2,1061074,benign,208,153,11125,0,8009,3070,1,2616,2929,0,695,39572,3245,3,52,1597,689,324,3,13789,7979,30374,0,0,654,8834,7652,11559,0,0,0,18,23,39,0,39641,31165,34458,2,0,0,317
0,3,8,1060722,benign,120,27,11168,0,8048,3088,1,2616,2929,0,700,39772,3245,3,53,1278,710,638,3,13625,7742,30330,0,0,654,8843,7685,11553,0,0,0,18,25,39,0,39536,31157,34564,2,0,0,317
1,1,12,1060755,benign,193,151,11152,0,8038,3088,1,2616,2929,0,693,39560,3245,3,52,1348,905,324,3,13614,7822,30410,0,0,654,8846,7658,11503,0,0,0,18,23,39,0,39566,31081,34465,2,0,0,317
2,6,7,1060721,benign,197,153,11124,0,8019,3080,1,2616,2929,0,702,39590,3245,3,52,1332,766,324,3,13450,7595,30430,0,0,654,8861,7654,11534,0,0,0,18,24,39,0,39283,31242,34492,2,0,0,317
3,9,8,1060765,benign,185,153,11134,0,8020,3083,1,2616,2929,0,691,39465,3245,3,52,1351,714,324,3,13530,7712,30373,0,0,654,8826,7634,11533,0,0,0,18,23,143,2,39673,31149,34444,2,0,0,317
4,10,16,1060745,benign,192,153,11137,0,8036,3084,1,2616,2929,0,692,39763,3245,3,51,1557,905,324,3,13781,7683,30390,0,0,654,8841,7680,11550,0,0,0,18,24,39,0,39425,31100,34352,2,0,0,317
5,5,24,1060726,benign,190,153,11094,0,7989,3091,1,2616,2929,0,682,39390,3245,3,52,1329,910,324,4,13544,7680,30357,0,0,654,8852,7657,11501,0,0,0,18,23,39,0,39695,30960,34221,2,0,0,317
6,8,7,1060750,benign,192,153,11145,0,8026,3085,1,2616,2929,0,703,39617,3245,3,52,1341,756,324,3,13741,7952,30411,0,0,654,8837,7647,11524,0,0,0,18,23,39,0,39515,30979,34258,2,0,0,317
7,7,21,1060764,benign,164,153,11119,0,8010,3080,1,2616,2929,0,701,39496,3245,3,52,1310,731,324,4,13526,7776,30311,0,0,654,8851,7664,11539,0,0,0,18,24,39,0,39327,31014,34455,2,0,0,317
8,5,11,1060722,benign,191,153,11137,0,8040,3093,1,2616,2929,0,693,39838,3245,3,52,1515,808,324,3,13486,7706,30443,0,0,654,8856,7678,11534,0,0,0,19,26,41,0,39867,30931,34379,2,0,0,317
9,6,17,1060763,benign,190,151,11126,0,8017,3080,1,2616,2929,0,706,39629,3245,3,52,1545,704,323,4,13933,8273,30362,0,0,654,8856,7662,11571,0,0,0,18,24,139,2,39868,30939,34151,2,0,0,317
10,7,24,1060748,benign,166,152,11115,0,8003,3085,1,2616,2929,0,691,39372,3245,3,52,1363,785,324,4,13551,7633,30365,0,0,654,8822,7663,11527,0,0,0,18,25,141,2,39365,30855,34352,2,0,0,317
11,3,24,1060725,benign,194,153,11135,0,8034,3084,1,2616,2929,0,695,39525,3245,3,52,1303,804,324,3,13815,7617,30406,0,0,654,8842,7654,11529,0,0,0,18,24,39,0,39445,30894,34141,2,0,0,317
12,2,31,1060742,benign,190,153,11132,0,8022,3084,1,2616,2929,0,703,39590,3245,3,53,1326,971,425,4,13842,8076,30330,0,0,654,8857,7644,11523,0,0,0,18,22,39,0,39718,31037,34263,2,0,0,317
13,5,23,1060729,benign,194,153,11128,0,8016,3082,1,2616,2929,0,690,39382,3245,3,53,1333,789,324,4,13492,7715,30335,0,0,654,8865,7670,11548,0,0,0,18,22,39,0,39587,31134,34362,2,0,0,317
14,6,4,1060745,benign,190,153,11113,0,8000,3088,1,2616,2930,0,689,39628,3245,3,52,1368,703,427,4,13667,7959,30308,0,0,654,8829,7659,11564,0,0,0,18,23,39,0,39707,30920,34174,2,0,0,317
15,8,19,1060732,benign,164,151,11105,0,7997,3085,1,2616,2930,0,680,39205,3245,3,53,1340,748,324,3,13473,7365,30316,0,0,654,8837,7691,11548,0,0,0,18,23,39,0,39462,30727,33965,2,0,0,317
16,2,10,1060722,benign,198,153,11150,0,8027,3088,1,2616,2929,0,700,39683,3245,3,52,1541,731,324,3,13450,7629,30341,0,0,654,8846,7668,11532,0,0,0,18,24,39,0,39500,31130,34360,2,0,0,317
17,6,11,1060756,benign,166,153,11126,0,8024,3087,1,2616,2929,0,697,39291,3245,3,53,1345,749,324,4,13430,7680,30351,0,0,654,8823,7641,11501,0,0,0,18,23,136,4,39780,30675,33915,2,0,0,317
18,1,6,1060767,benign,198,153,11154,0,8045,3083,1,2616,2929,0,685,39430,3245,3,54,1336,874,324,3,13791,7815,30408,0,0,654,8857,7670,11561,0,0,0,18,25,39,0,39572,31192,34435,2,0,0,317
19,7,6,1060736,benign,169,153,11112,0,7996,3077,1,2616,2929,0,705,39443,3245,3,52,1367,988,324,3,13469,7585,30333,0,0,654,8849,7656,11530,0,0,0,18,25,38,0,39217,31136,34399,2,0,0,317
20,10,0,1060745,benign,189,153,11127,0,8023,3083,1,2616,2929,0,692,39750,3245,3,52,1419,812,324,4,13458,7582,30259,0,0,654,8861,7680,11555,0,0,0,18,24,39,0,39607,31031,34291,2,0,0,317
21,8,12,1060746,benign,192,153,11132,0,8014,3089,1,2616,2929,0,708,39907,3245,3,53,1363,721,324,4,13549,7623,30270,0,0,654,8858,7698,11566,0,0,0,18,23,39,0,39819,31190,34473,2,0,0,317
22,10,27,1060740,benign,165,153,11148,0,8038,3082,1,2616,2929,0,687,39399,3245,3,52,1425,935,425,4,13334,7661,30438,0,0,654,8869,7670,11536,0,0,0,18,22,33,0,39446,30769,34043,2,0,0,317
23,9,0,1060733,benign,187,153,11121,0,8012,3084,1,2616,2929,0,700,39570,3245,3,53,1497,759,324,3,13511,7651,30358,0,0,654,8823,7690,11586,0,0,0,18,23,39,0,39750,31123,34411,2,0,0,317
24,1,10,1060729,SDC,187,155,10862,2,7850,3023,1,2548,2847,0,688,39159,3147,3,54,1380,841,421,3,13380,7522,29643,0,0,638,8630,7435,11310,0,0,0,18,23,137,6,39111,30035,33255,4,0,0,317
25,8,25,1060744,benign,167,153,11136,0,8022,3078,1,2616,2929,0,691,39170,3245,3,52,1360,700,324,3,13574,7834,30395,0,0,654,8836,7700,11567,0,0,0,18,25,140,2,39637,30971,34407,2,0,0,317
26,10,18,1060739,benign,186,151,11149,0,8023,3089,1,2616,2929,0,706,39716,3245,3,52,1478,790,324,4,13388,7615,30373,0,0,654,8851,7659,11527,0,0,0,18,23,39,0,39720,30960,34214,2,0,0,317
27,10,9,1060721,benign,184,153,11162,0,8061,3097,1,2616,2929,0,699,39573,3245,3,52,1383,738,324,3,13362,7639,30297,0,0,654,8854,7688,11564,0,0,0,18,24,39,0,39523,31221,34455,2,0,0,317
28,8,11,1060723,benign,185,153,11112,0,8010,3087,1,2616,2929,0,682,39319,3245,3,52,1539,714,324,3,13485,7628,30313,0,0,654,8826,7653,11533,0,0,0,18,25,39,0,39434,31317,34758,2,0,0,317
29,6,12,1060736,benign,169,153,11162,0,8045,3081,1,2616,2929,0,712,39535,3245,3,52,1350,799,324,3,13697,7651,30293,0,0,654,8854,7684,11545,0,0,0,18,23,39,0,39304,30905,34355,2,0,0,317
30,4,14,1060732,benign,167,153,11153,0,8040,3085,1,2616,2929,0,691,39286,3245,3,52,1555,775,425,3,13391,7580,30371,0,0,654,8867,7681,11574,0,0,0,18,24,143,2,39121,30666,33888,2,0,0,317
31,3,12,1060744,benign,170,153,11131,0,8019,3082,1,2616,2929,0,686,39102,3245,3,52,1546,766,318,3,13266,7406,30358,0,0,654,8840,7694,11562,0,0,0,18,23,132,2,39710,30981,34230,2,0,0,317
32,8,2,1060751,benign,194,153,11131,0,8026,3086,1,2616,2929,0,702,39599,3245,3,52,1351,711,324,3,13529,7757,30297,0,0,654,8856,7686,11580,0,0,0,18,23,140,2,39920,31064,34337,2,0,0,316
33,6,1,1060733,benign,188,153,11114,0,8003,3088,1,2616,2929,0,694,39621,3245,3,52,1355,708,323,3,13655,7643,30221,0,0,654,8834,7649,11518,0,0,0,18,24,39,0,39492,30977,34274,2,0,0,376
34,2,1,1060741,benign,187,153,11150,0,8025,3084,1,2616,2929,0,699,39784,3245,3,52,1567,761,324,3,13726,7881,30207,0,0,654,8823,7700,11570,0,0,0,18,24,39,0,39707,31104,34420,2,0,0,317
35,7,11,1060751,benign,198,153,11135,0,8023,3084,1,2616,2929,0,692,39821,3245,3,52,1334,966,324,3,13756,7908,30440,0,0,654,8841,7687,11538,0,0,0,18,23,39,0,39448,30886,34151,2,0,0,317
36,4,11,1060730,benign,195,151,11124,0,8011,3081,1,2616,2929,0,690,39451,3245,3,52,1569,700,324,3,13455,7590,30318,0,0,654,8866,7671,11559,0,0,0,18,24,39,0,39650,30849,34135,2,0,0,317
37,6,5,1060764,benign,168,153,11151,0,8028,3082,1,2616,2929,0,690,39189,3245,3,53,1356,949,324,3,13517,7703,30347,0,0,654,8848,7647,11506,0,0,0,18,24,39,0,39357,30959,34461,2,0,0,317
38,6,20,1060729,benign,188,151,11160,0,8049,3086,1,2616,2929,0,697,39565,3245,3,52,1499,784,324,3,13598,7834,30437,0,0,654,8845,7643,11578,0,0,0,18,23,39,0,39755,31135,34545,2,0,0,317
39,7,12,1060722,benign,185,153,11146,0,8039,3096,1,2616,2929,0,693,39701,3245,3,53,1386,918,427,3,13680,7924,30375,0,0,654,8828,7683,11562,0,0,0,18,24,141,2,39567,31137,34413,2,0,0,317
40,7,25,1060749,benign,188,153,11134,0,8017,3098,1,2616,2929,0,704,39752,3245,3,52,1655,799,426,3,13530,7840,30404,0,0,654,8868,7686,11580,0,0,0,18,24,39,0,39424,31170,34424,2,0,0,317
41,4,21,1060746,benign,194,153,11135,0,8016,3077,1,2616,2929,0,700,39689,3245,3,52,1405,764,324,3,13650,7682,30267,0,0,654,8799,7679,11545,0,0,0,18,23,38,0,39683,31363,34628,2,0,0,317
42,10,25,1060737,benign,194,153,11133,0,8031,3086,1,2616,2929,0,702,39536,3245,3,52,1572,755,324,3,13822,8037,30382,0,0,654,8835,7676,11536,0,0,0,18,22,38,0,39783,30950,34246,2,0,0,317
43,7,3,1060754,benign,197,151,11130,0,8018,3087,1,2616,2929,0,682,39500,3245,3,53,1346,730,324,3,13594,7940,30305,0,0,654,8847,7691,11552,0,0,0,18,25,39,0,39524,31097,34346,2,0,0,317
44,6,28,1060744,benign,165,151,11082,0,7985,3098,1,2616,2929,0,682,39177,3245,3,52,1347,728,324,4,13392,7613,30368,0,0,654,8836,7682,11591,0,0,0,18,24,39,0,39044,30660,34080,2,0,0,317
45,2,21,1060720,benign,166,153,11141,0,8033,3087,1,2616,2929,0,683,39026,3245,3,53,1407,756,428,3,13593,7597,30288,0,0,654,8851,7681,11525,0,0,0,18,24,39,0,39350,30984,34238,2,0,0,317
46,10,7,1060722,benign,184,153,11124,0,8024,3090,1,2616,2929,0,696,39480,3245,3,53,1570,762,324,4,13727,7838,30350,0,0,654,8825,7688,11564,0,0,0,18,23,39,0,39731,30934,34265,2,0,0,317
47,9,1,1060763,benign,191,153,11129,0,8014,3073,1,2616,2929,0,694,39752,3245,3,52,1312,786,324,3,13783,7907,30360,0,0,654,8849,7640,11540,0,0,0,18,24,39,0,39410,31279,34554,2,0,0,371
48,2,13,1060733,benign,193,151,11115,0,8002,3081,1,2616,2929,0,697,39552,3245,3,53,1534,727,324,3,13731,7748,30297,0,0,654,8842,7660,11513,0,0,0,18,24,39,0,39703,31065,34360,2,0,0,317
49,8,3,1060749,benign,189,153,11135,0,8020,3086,1,2616,2929,0,695,39523,3245,3,52,1607,718,324,4,13525,7762,30330,0,0,654,8844,7663,11525,0,0,0,18,24,39,0,39844,30941,34426,2,0,0,317
50,8,29,1060733,benign,182,153,11166,0,8050,3094,1,2616,2929,0,701,39523,3245,3,52,1369,902,324,3,13573,7759,30391,0,0,654,8848,7697,11556,0,0,0,18,24,39,0,39330,30896,34160,2,0,0,317
51,5,5,1060737,benign,181,153,11118,0,8005,3082,1,2616,2929,0,690,39793,3245,3,52,1329,717,324,3,13624,7909,30355,0,0,654,8824,7683,11542,0,0,0,18,24,39,0,39464,31256,34491,2,0,0,317
52,8,24,1060754,benign,184,153,11123,0,8011,3086,1,2616,2929,0,701,39496,3245,3,53,1323,767,324,4,13793,7797,30348,0,0,654,8873,7666,11539,0,0,0,18,22,141,2,39909,30915,34174,2,0,0,317
53,9,22,1060745,benign,193,153,11135,0,8023,3078,1,2616,2929,0,688,39599,3245,3,52,1353,759,375,3,13646,7787,30311,0,0,654,8847,7696,11583,0,0,0,18,24,39,0,39473,31259,34501,2,0,0,316
54,5,24,1060721,benign,190,153,11138,0,8029,3083,1,2616,2929,0,701,39814,3245,3,53,1343,741,426,3,13469,7730,30372,0,0,654,8861,7647,11516,0,0,0,18,23,39,0,39562,31037,34293,2,0,0,317
55,4,22,1060743,benign,196,153,11106,0,7998,3088,1,2616,2929,0,706,39590,3245,3,51,1366,722,323,3,13821,7738,30423,0,0,654,8840,7674,11585,0,0,0,18,23,141,2,39515,31205,34454,2,0,0,317
56,2,28,1060737,benign,183,153,11115,0,8004,3079,1,2616,2929,0,692,39579,3245,3,52,1479,703,417,4,13532,7757,30341,0,0,654,8833,7655,11552,0,0,0,18,25,39,0,39187,31001,34241,2,0,0,317
57,3,9,1060748,benign,168,154,11123,1,8018,3083,1,2616,2930,1,694,39406,3245,3,53,1346,861,429,4,13381,7661,30276,0,0,654,8903,7736,11539,0,0,0,18,24,41,5,39363,30984,34213,3,0,0,317
58,4,6,1060743,benign,190,154,11146,1,8034,3088,1,2616,2929,0,696,39667,3245,3,52,1326,773,331,3,13563,7669,30280,0,0,654,8831,7647,11535,0,0,0,18,24,49,2,39438,30997,34255,3,0,0,316
59,9,8,1060746,benign,190,153,11149,0,8036,3081,1,2616,2929,0,708,39595,3245,3,52,1360,1000,324,3,13482,7634,30251,0,0,654,8838,7684,11579,0,0,0,18,25,39,0,39683,31141,34417,2,0,0,317
60,6,1,1060746,benign,193,153,11130,0,8016,3084,1,2616,2929,0,704,39572,3245,3,52,1361,753,426,3,13635,7697,30357,0,0,654,8847,7674,11552,0,0,0,18,25,141,2,39711,31285,34578,2,0,0,317
61,7,13,1060767,benign,196,153,11107,0,7995,3082,1,2616,2929,0,692,39704,3245,3,52,1346,745,318,3,13713,7912,30361,0,0,654,8872,7672,11559,0,0,0,18,24,39,0,39410,31142,34398,2,0,0,317
62,9,10,1060722,benign,183,153,11128,0,8017,3087,1,2616,2929,0,689,39354,3245,3,52,1328,798,324,3,13551,7849,30373,0,0,654,8839,7683,11550,0,0,0,18,23,39,0,39764,30919,34349,2,0,0,317
63,6,11,1060721,benign,187,153,11113,0,8001,3077,1,2616,2929,0,695,39414,3245,3,52,1630,766,324,3,13511,7764,30375,0,0,654,8827,7646,11524,0,0,0,18,23,39,0,39321,31059,34332,2,0,0,317
0,9,4,1060725,benign,108,27,11131,0,8022,3080,1,2616,2929,0,692,39412,3245,3,52,1357,762,426,3,13539,7722,30396,0,0,654,8833,7658,11512,0,0,0,18,23,39,0,39619,31025,34467,2,0,0,317
1,3,15,1060725,benign,191,153,11149,0,8029,3078,1,2616,2929,0,699,39598,3245,3,52,1337,762,324,3,13772,7677,30369,0,0,654,8831,7632,11529,0,0,0,18,23,39,0,39587,31188,34465,2,0,0,317
2,7,25,1060746,benign,194,153,11138,0,8034,3080,1,2616,2930,0,690,39467,3245,3,51,1548,760,415,3,13771,8055,30380,0,0,654,8863,7717,11598,0,0,0,18,25,39,0,39405,30941,34162,2,0,0,317
3,9,21,1060759,benign,189,153,11109,0,7994,3081,1,2616,2930,0,705,39813,3245,3,52,1399,727,324,3,13528,7822,30411,0,0,654,8824,7681,11567,0,0,0,18,23,39,0,39664,31382,34647,2,0,0,317
4,8,10,1060748,benign,166,153,11111,0,7998,3088,1,2616,2929,0,696,39210,3245,3,52,1564,734,324,3,13492,7727,30388,0,0,654,8860,7653,11480,0,0,0,18,23,39,0,39187,30759,33966,2,0,0,317
5,1,30,1060763,benign,196,151,11149,0,8033,3091,1,2616,2929,0,701,39895,3245,3,52,1578,683,324,3,13644,7869,30307,0,0,654,8858,7671,11551,0,0,0,18,24,39,0,39387,31013,34307,2,0,0,317
6,10,23,1060746,benign,188,153,11119,0,8014,3086,1,2616,2929,0,691,39805,3245,3,52,1370,771,324,3,13523,7569,30296,0,0,654,8856,7667,11515,0,0,0,18,24,39,0,39904,30967,34257,2,0,0,317
7,1,8,1060759,benign,191,153,11105,0,7996,3094,1,2616,2929,0,705,39596,3245,3,52,1468,734,324,4,13469,7609,30273,0,0,654,8850,7671,11538,0,0,0,18,23,39,0,39526,31203,34452,2,0,0,317
8,4,1,1060755,benign,198,154,11128,1,8012,3088,1,2616,2929,0,691,39582,3245,3,52,1344,751,557,3,13903,8003,30411,0,0,654,8857,7698,11568,0,0,0,18,24,150,4,39395,31248,34492,3,0,0,317
9,10,6,1060760,benign,166,153,11137,0,8023,3083,1,2616,2929,0,699,39552,3245,3,52,1567,697,324,3,13301,7580,30376,0,0,654,8866,7667,11541,0,0,0,18,24,39,0,39343,30842,34193,2,0,0,317
10,5,4,1060754,benign,191,151,11118,0,8008,3088,1,2616,2929,0,697,39792,3245,3,54,1542,764,324,3,13746,7953,30338,0,0,654,8848,7656,11582,0,0,0,18,23,38,0,39530,31173,34611,2,0,0,317
11,2,25,1060731,benign,192,153,11130,0,8017,3089,1,2616,2929,0,703,39584,3245,3,52,1342,774,324,3,13588,7735,30446,0,0,654,8864,7660,11533,0,0,0,18,24,131,2,39830,31078,34363,2,0,0,317
12,1,22,1060724,SDC,164,152,10867,0,7843,3034,1,2555,2854,2,689,38835,3156,3,53,1381,774,417,3,13488,7822,29664,0,0,640,8655,7462,11326,0,0,0,18,24,39,0,38739,30115,33355,2,0,0,317
13,1,4,1060735,benign,195,153,11157,0,8040,3095,1,2616,2929,0,699,40012,3245,3,52,1334,800,324,3,13654,7791,30372,0,0,654,8882,7683,11565,0,0,0,18,24,39,0,39420,30945,34365,2,0,0,317
14,6,23,1060728,benign,166,151,11104,0,7994,3085,1,2616,2929,0,698,39145,3245,3,53,1339,939,324,4,13472,7605,30324,0,0,654,8845,7671,11537,0,0,0,18,23,127,2,39574,30840,34078,2,0,0,317
15,7,28,1060757,benign,193,153,11137,0,8018,3080,1,2616,2929,0,684,39428,3245,3,53,1400,983,420,3,13481,7792,30368,0,0,654,8830,7673,11562,0,0,0,18,24,39,0,39567,30864,34143,2,0,0,317
16,9,17,1060755,benign,187,153,11146,0,8026,3078,1,2616,2929,0,696,39721,3245,3,52,1333,975,427,3,13460,7593,30364,0,0,654,8848,7689,11552,0,0,0,18,23,39,0,39394,31139,34412,2,0,0,317
17,7,3,1060749,benign,190,151,11126,0,8017,3089,1,2616,2930,0,711,39808,3245,3,53,1545,679,324,4,13643,7943,30406,0,0,654,8861,7702,11560,0,0,0,18,22,39,0,39529,31190,34472,2,0,0,317
18,3,4,1060724,benign,164,151,11131,0,8026,3086,1,2616,2929,0,695,39341,3245,3,52,1351,1057,428,3,13256,7480,30309,0,0,654,8842,7658,11558,0,0,0,18,22,140,2,39567,30798,34036,2,0,0,317
19,10,13,1060762,benign,187,153,11136,0,8024,3083,1,2616,2929,0,695,39648,3245,3,52,1349,796,426,3,13542,7755,30304,0,0,654,8882,7661,11540,0,0,0,18,24,39,0,39604,31440,34650,2,0,0,317
20,3,11,1060743,SDC,190,155,10857,0,7839,3016,1,2548,2847,0,685,39175,3147,3,52,1378,920,323,3,13304,7462,29530,0,0,638,8592,7447,11295,0,0,0,18,23,39,0,38907,30397,33727,2,0,0,317
21,7,20,1060722,benign,185,153,11142,0,8029,3090,1,2616,2929,0,704,39721,3245,3,52,1384,714,324,3,13443,7681,30362,0,0,654,8841,7679,11530,0,0,0,18,25,39,0,39827,31097,34337,2,0,0,317
22,9,23,1060755,benign,190,153,11114,0,8005,3088,1,2616,2929,0,695,39658,3245,3,52,1524,932,426,3,13537,7736,30291,0,0,654,8839,7650,11569,0,0,0,18,24,39,0,39343,31033,34296,2,0,0,317
23,5,8,1060759,benign,187,153,11154,0,8034,3073,1,2616,2929,0,692,39661,3245,3,52,1368,740,324,3,13700,7662,30299,0,0,654,8863,7680,11547,0,0,0,18,23,39,0,39724,31117,34386,2,0,0,317
24,7,18,1060749,benign,198,153,11130,0,8018,3080,1,2616,2929,0,700,39538,3245,3,52,1360,772,324,4,13750,7788,30253,0,0,654,8853,7658,11532,0,0,0,18,25,39,0,39685,31103,34299,2,0,0,317
25,2,7,1060729,benign,191,151,11129,0,8020,3084,1,2616,2929,0,696,39848,3245,3,52,1356,824,324,4,13600,7825,30341,0,0,654,8835,7659,11516,0,0,0,18,23,39,0,39532,31031,34465,2,0,0,316
26,9,16,1060756,benign,165,151,11122,0,8019,3090,1,2616,2929,0,700,39513,3245,3,53,1467,766,324,3,13522,7805,30320,0,0,654,8860,7679,11545,0,0,0,18,23,268,2,39505,30863,34105,2,0,0,317
27,6,29,1060738,benign,191,153,11128,0,8010,3077,1,2616,2929,0,705,39595,3245,3,52,1363,762,426,3,13793,8013,30317,0,0,654,8812,7671,11550,0,0,0,18,21,141,2,39525,30934,34182,2,0,0,317
28,6,5,1060726,benign,182,153,11135,0,8031,3092,1,2616,2929,0,684,39382,3245,3,53,1361,952,324,3,13727,7618,30395,0,0,654,8871,7661,11549,0,0,0,18,23,39,0,39487,31024,34300,2,0,0,317
29,9,4,1060722,benign,191,153,11130,0,8011,3078,1,2616,2929,0,692,39606,3245,3,53,1347,937,428,3,13743,7613,30348,0,0,654,8865,7652,11506,0,0,0,18,24,39,0,39480,31132,34590,2,0,0,317
30,6,16,1060762,benign,189,153,11102,0,7998,3076,1,2616,2929,0,709,39799,3245,3,53,1547,748,324,3,13860,7901,30316,0,0,654,8851,7633,11508,0,0,0,18,23,39,0,39746,31223,34495,2,0,0,317
31,8,10,1060731,benign,190,153,11128,0,8017,3085,1,2616,2929,0,698,39712,3245,3,53,1382,684,318,3,13576,7875,30309,0,0,654,8841,7641,11585,0,0,0,18,25,39,0,39645,31175,34429,2,0,0,317
32,5,1,1060726,benign,199,153,11145,0,8038,3089,1,2616,2929,0,702,39819,3245,3,52,1308,760,558,3,13888,8018,30395,0,0,654,8838,7651,11511,0,0,0,18,22,39,0,39619,31215,34470,2,0,0,317
33,4,29,1060723,benign,182,153,11130,0,8010,3087,1,2616,2929,0,704,39517,3245,3,51,1350,870,324,3,13690,7661,30383,0,0,654,8856,7649,11485,0,0,0,18,24,39,0,39678,30935,34207,2,0,0,317
34,6,2,1060742,benign,185,153,11130,0,8017,3087,1,2616,2929,0,701,39760,3245,3,53,1523,756,427,4,13631,7893,30280,0,0,654,8867,7652,11535,0,0,0,18,23,39,0,39418,31082,34342,2,0,0,317
35,6,23,1060736,benign,168,153,11162,0,8043,3087,1,2616,2929,0,694,39247,3245,3,53,1409,759,323,3,13331,7586,30378,0,0,654,8810,7662,11543,0,0,0,18,22,141,2,39364,30814,34076,2,0,0,317
36,9,0,1060764,benign,165,153,11131,0,8019,3086,1,2616,2929,0,695,39563,3245,3,52,1347,760,324,3,13415,7636,30407,0,0,654,8865,7652,11505,0,0,0,18,24,39,0,39140,30921,34320,2,0,0,317
37,1,14,1060720,benign,167,154,10893,0,7870,3021,1,2555,2854,2,705,38837,3156,3,54,1291,805,324,4,13185,7507,29584,0,0,654,8846,7664,11531,0,0,0,18,22,39,0,39430,30968,34356,2,0,0,317
38,8,17,1060764,benign,165,153,11126,0,8020,3086,1,2616,2929,0,695,39334,3245,3,51,1656,725,323,3,13303,7387,30242,0,0,654,8850,7623,11525,0,0,0,18,24,33,0,39417,30792,34063,2,0,0,317
39,1,9,1060727,SDC,189,155,10860,2,7853,3025,1,2548,2847,0,661,38931,3147,3,54,1483,938,422,4,13517,7703,29650,0,0,638,8595,7418,11255,0,0,0,18,23,164,6,39195,30408,33798,4,0,0,317
40,1,10,1060749,benign,186,153,11138,0,8032,3084,1,2616,2929,0,703,39591,3245,3,52,1572,725,426,3,13539,7798,30399,0,0,654,8837,7641,11524,0,0,0,18,22,39,0,39616,31052,34336,2,0,0,317
41,8,13,1060738,benign,184,153,11125,0,8006,3093,1,2616,2929,0,696,39901,3245,3,51,1563,728,324,3,13585,7626,30420,0,0,654,8854,7644,11480,0,0,0,18,24,39,0,39534,31171,34429,2,0,0,317
42,10,16,1060747,benign,189,153,11103,0,7994,3089,1,2616,2929,0,698,39628,3245,3,51,1360,714,324,3,13607,7800,30373,0,0,654,8855,7636,11529,0,0,0,18,25,39,0,39615,31440,34690,2,0,0,317
43,3,0,1060737,crash/hangs,-,-,-,-,-,-,-,-,-,-,-,-,-,-,-,-,-,-,-,-,-,-,-,-,-,-,-,-,-,-,-,-,-,-,-,-,-,-,-,-,-,-
44,5,8,1060740,benign,91,27,11151,0,8042,3081,1,2616,2929,0,698,39456,3245,3,53,1403,982,428,3,13437,7524,30309,0,0,654,8872,7677,11569,0,0,0,18,23,39,0,39327,30764,34010,2,0,0,317
45,9,3,1060745,benign,186,153,11143,0,8025,3089,1,2616,2929,0,693,39448,3245,3,52,1352,759,324,3,13658,7918,30373,0,0,654,8864,7647,11539,0,0,0,18,24,39,0,39480,30952,34247,2,0,0,317
46,2,20,1060729,benign,188,151,11143,0,8031,3078,1,2616,2929,0,692,39663,3245,3,52,1549,760,324,4,13942,8223,30378,0,0,654,8853,7683,11552,0,0,0,18,22,140,2,39595,30962,34181,2,0,0,317
47,7,1,1060747,benign,192,153,11131,0,8020,3088,1,2616,2930,0,692,39505,3245,3,52,1379,931,324,4,13729,7812,30453,0,0,654,8860,7693,11545,0,0,0,18,24,39,0,39615,31069,34282,2,0,0,317
48,3,5,1060723,benign,193,153,11135,0,8019,3078,1,2616,2929,0,699,39591,3245,3,52,1335,698,324,4,13460,7720,30286,0,0,654,8827,7680,11548,0,0,0,18,23,143,2,39843,31072,34275,2,0,0,317
49,2,10,1060751,benign,196,153,11119,0,8009,3081,1,2616,2929,0,700,39778,3245,3,53,1360,928,428,3,13539,7833,30387,0,0,654,8845,7657,11540,0,0,0,18,23,140,2,39709,31062,34357,2,0,0,317
50,8,28,1060738,benign,188,153,11140,0,8026,3088,1,2616,2929,0,703,39737,3245,3,52,1367,728,324,3,13416,7692,30350,0,0,654,8865,7667,11532,0,0,0,18,24,39,0,39823,30885,34141,2,0,0,317
51,6,14,1060737,benign,192,153,11145,0,8029,3087,1,2616,2929,0,702,39765,3245,3,52,1397,723,324,3,13765,7961,30377,0,0,654,8841,7686,11537,0,0,0,18,23,39,0,39660,31141,34602,2,0,0,316
52,2,27,1060724,benign,170,153,11101,0,7994,3079,1,2616,2929,0,693,39206,3245,3,52,1441,767,617,3,13419,7600,30354,0,0,654,8849,7651,11487,0,0,0,18,24,38,0,39393,30776,34034,2,0,0,317
53,1,1,1060757,benign,188,153,11108,0,7998,3086,1,2616,2929,0,693,39780,3245,3,52,1592,655,324,4,14012,8205,30362,0,0,654,8803,7634,11511,0,0,0,18,23,38,0,39601,30884,34154,2,0,0,317
54,9,21,1060726,benign,187,153,11114,0,8011,3087,1,2616,2929,0,676,39313,3245,3,52,1355,973,425,3,13668,7906,30308,0,0,654,8872,7655,11541,0,0,0,18,23,39,0,39556,31197,34477,2,0,0,317
55,1,7,1060749,benign,191,151,11086,0,7991,3078,1,2616,2929,0,709,39642,3245,3,52,1567,753,324,4,13812,8057,30353,0,0,654,8844,7698,11572,0,0,0,18,23,39,0,39327,31200,34615,2,0,0,317
56,3,27,1060738,crash/hangs,-,-,-,-,-,-,-,-,-,-,-,-,-,-,-,-,-,-,-,-,-,-,-,-,-,-,-,-,-,-,-,-,-,-,-,-,-,-,-,-,-,-
57,5,4,1060766,benign,112,27,11127,0,8029,3091,1,2616,2929,0,692,39455,3245,3,52,1352,763,426,3,13663,7831,30390,0,0,654,8863,7677,11577,0,0,0,18,24,39,0,39599,31042,34283,2,0,0,317
58,1,28,1060733,benign,196,151,11148,0,8032,3081,1,2616,2929,0,677,39369,3245,3,53,1501,805,426,3,13530,7650,30376,0,0,654,8838,7655,11550,0,0,0,18,22,39,0,39402,31038,34328,2,0,0,317
59,1,9,1060762,benign,191,153,11120,0,8014,3080,0,2616,2929,0,699,39509,3245,3,52,1302,769,324,3,13615,7869,30387,0,0,654,8850,7678,11564,0,0,0,18,21,39,0,39772,31366,34604,2,0,0,317
60,8,13,1060766,benign,183,151,11115,0,8003,3085,1,2616,2929,0,697,39646,3245,3,53,1566,768,324,4,13600,7798,30308,0,0,654,8853,7682,11576,0,0,0,18,22,39,0,39512,31042,34382,2,0,0,317
61,5,13,1060721,benign,190,153,11134,0,8029,3085,1,2616,2929,0,698,39498,3245,3,52,1468,743,323,3,13617,7760,30390,0,0,654,8839,7661,11532,0,0,0,18,24,39,0,39544,31232,34668,2,0,0,317
62,1,22,1060741,benign,194,153,11177,0,8056,3092,1,2616,2929,0,696,39878,3245,3,53,1365,719,324,3,13436,7671,30221,0,0,654,8840,7675,11541,0,0,0,18,24,39,0,39591,31320,34587,2,0,0,317
63,10,21,1060754,benign,200,153,11116,0,8005,3083,1,2616,2929,0,701,39611,3245,3,52,1527,785,324,3,13832,7970,30389,0,0,654,8844,7646,11523,0,0,0,18,24,39,0,39372,31227,34426,2,0,0,317
64,6,12,1060720,benign,165,153,11151,0,8040,3081,1,2616,2930,0,694,39546,3245,3,52,1358,778,324,4,13188,7427,30264,0,0,654,8835,7664,11518,0,0,0,18,24,38,0,39278,30730,33978,2,0,0,317
65,9,4,1060730,benign,190,153,11124,0,8008,3080,1,2616,2930,0,702,39922,3245,3,52,1327,795,426,3,13611,7867,30250,0,0,654,8837,7677,11577,0,0,0,18,21,39,0,39601,31308,34582,2,0,0,317
66,4,14,1060729,benign,196,153,11142,0,8030,3087,1,2616,2929,0,701,39506,3245,3,52,1570,752,429,3,13500,7619,30357,0,0,654,8856,7645,11534,0,0,0,18,23,39,0,39454,30999,34508,2,0,0,317
67,4,16,1060763,benign,194,151,11103,0,7999,3082,1,2616,2929,0,707,39675,3245,3,52,1321,734,324,4,13753,7827,30354,0,0,654,8826,7660,11553,0,0,0,18,24,39,0,39728,30855,34084,2,0,0,317
68,6,3,1060752,benign,166,153,11140,0,8031,3097,1,2616,2929,0,701,39617,3245,3,52,1293,792,324,3,13320,7436,30321,0,0,654,8860,7676,11548,0,0,0,18,24,39,0,39081,30928,34190,2,0,0,317
69,9,8,1060720,benign,165,153,11122,0,8012,3080,1,2616,2929,0,680,38986,3245,3,53,1345,752,324,4,13319,7511,30407,0,0,654,8836,7655,11547,0,0,0,18,24,132,2,39530,30743,34010,2,0,0,317
70,7,1,1060728,benign,169,154,11116,0,8019,3087,1,2616,2929,0,687,39671,3245,3,52,1448,721,324,4,13298,7639,30381,0,0,654,8845,7655,11509,0,0,0,18,23,39,0,39210,30861,34124,2,0,0,317
71,6,20,1060750,benign,198,153,11136,0,8023,3088,1,2616,2929,0,686,39330,3245,3,52,1364,767,324,3,13405,7569,30251,0,0,654,8824,7680,11562,0,0,0,18,21,39,0,39594,30884,34137,2,0,0,317
72,4,26,1060757,benign,191,153,11131,0,8021,3089,1,2616,2929,0,689,39696,3245,3,51,1363,768,426,3,13484,7641,30340,0,0,654,8842,7687,11562,0,0,0,18,24,39,0,39847,31195,34465,2,0,0,317
73,4,25,1060756,benign,165,153,11137,0,8025,3074,1,2616,2929,0,692,39369,3245,3,52,1363,714,428,4,13492,7797,30264,0,0,654,8831,7664,11543,0,0,0,18,24,39,0,39327,30914,34188,2,0,0,317
74,5,17,1060752,benign,165,151,11121,0,8002,3083,1,2616,2929,0,696,39417,3245,3,52,1359,735,324,3,13451,7615,30361,0,0,654,8866,7675,11545,0,0,0,18,22,141,2,39360,30975,34243,2,0,0,317
75,7,1,1060762,benign,195,153,11150,0,8039,3090,1,2616,2929,0,697,39568,3245,3,53,1309,1059,324,3,13710,7958,30297,0,0,654,8847,7623,11522,0,0,0,18,22,39,0,39423,30753,34016,2,0,0,317
76,6,15,1060738,benign,186,153,11180,0,8063,3100,1,2616,2929,0,688,39474,3245,3,52,1541,736,324,4,13486,7826,30436,0,0,654,8841,7676,11548,0,0,0,18,22,39,0,39436,30973,34235,2,0,0,317
77,10,6,1060732,benign,167,153,11135,0,8024,3078,1,2616,2930,0,689,39683,3245,3,52,1625,782,323,3,13504,7614,30361,0,0,654,8831,7655,11542,0,0,0,18,22,39,0,39141,31026,34294,2,0,0,317
78,5,11,1060760,benign,166,153,11115,0,8008,3089,1,2616,2929,0,690,39212,3245,3,52,1348,715,324,4,13332,7590,30294,0,0,654,8846,7677,11530,0,0,0,18,23,294,2,39620,30766,34033,2,0,0,317
79,9,29,1060721,benign,187,153,11136,0,8021,3083,1,2616,2929,0,692,39569,3245,3,52,1358,748,324,3,13485,7772,30394,0,0,654,8837,7641,11542,0,0,0,18,24,38,0,39375,30940,34191,2,0,0,317
0,3,29,1060743,SDC,124,27,10857,1,7852,3019,1,2555,2857,0,707,39557,3137,3,53,1465,751,324,4,13333,7686,29458,0,0,640,8638,7485,11317,0,0,0,18,23,39,0,38998,30365,33596,2,0,0,317
1,2,29,1060748,benign,168,153,11144,0,8040,3090,1,2616,2929,0,698,39523,3245,3,53,1360,738,321,3,13376,7629,30400,0,0,654,8837,7634,11535,0,0,0,18,24,39,0,39251,30914,34193,2,0,0,317
2,9,7,1060756,benign,166,153,11132,0,8017,3084,1,2616,2929,0,685,39218,3245,3,53,1544,920,324,3,13248,7419,30342,0,0,654,8855,7659,11518,0,0,0,18,24,39,0,39286,31034,34511,2,0,0,317
3,4,12,1060741,benign,188,153,11140,0,8026,3084,1,2616,2929,0,690,39656,3245,3,52,1619,670,324,4,13639,7718,30338,0,0,654,8827,7675,11553,0,0,0,19,27,40,0,39532,31173,34420,2,0,0,317
4,2,24,1060750,benign,194,153,11122,0,8005,3081,1,2616,2929,0,704,39814,3245,3,52,1326,1005,426,3,13644,7760,30353,0,0,654,8832,7696,11579,0,0,0,18,23,39,0,39397,31253,34703,2,0,0,317
5,8,20,1060765,benign,193,153,11118,0,8006,3086,1,2616,2929,0,691,39368,3245,3,52,1361,722,428,3,13792,7781,30329,0,0,654,8865,7664,11558,0,0,0,18,24,39,0,39779,31141,34393,2,0,0,317
6,7,3,1060745,benign,189,153,11105,0,7999,3086,1,2616,2929,0,682,39294,3245,3,51,1362,822,324,4,13621,7753,30376,0,0,654,8865,7672,11539,0,0,0,18,24,39,0,39705,30918,34115,2,0,0,317
7,3,5,1060739,SDC,186,155,10868,1,7854,3014,1,2548,2847,0,680,39009,3147,3,54,1351,746,419,3,13403,7650,29548,0,0,638,8601,7430,11288,0,0,0,18,23,134,3,39105,30404,33665,3,0,0,317
8,1,20,1060732,benign,167,153,11141,0,8024,3087,1,2616,2929,0,704,39396,3245,3,52,1546,973,324,3,13295,7494,30323,0,0,654,8857,7652,11542,0,0,0,19,26,41,0,39418,30685,33934,2,0,0,317
9,2,8,1060761,benign,192,153,11131,0,8023,3081,1,2616,2929,0,677,39332,3245,3,53,1347,848,378,3,13624,7888,30312,0,0,654,8811,7653,11538,0,0,0,18,23,39,0,39425,31051,34394,2,0,0,317
10,10,2,1060735,benign,198,153,11133,0,8032,3085,1,2616,2929,0,700,39687,3245,3,52,1317,708,616,4,13811,7690,30374,0,0,654,8848,7677,11532,0,0,0,18,23,39,0,39498,31025,34265,2,0,0,317
11,2,17,1060745,benign,187,151,11154,0,8037,3086,1,2616,2929,0,695,39870,3245,3,52,1429,741,425,4,13511,7569,30262,0,0,654,8827,7631,11517,0,0,0,18,22,39,0,39690,31119,34400,2,0,0,317
12,4,17,1060743,benign,193,153,11128,0,8021,3083,1,2616,2929,0,694,39671,3245,3,53,1422,770,324,3,13625,7827,30414,0,0,654,8862,7669,11556,0,0,0,18,23,39,0,39392,30943,34212,2,0,0,317
13,7,26,1060761,benign,194,153,11146,0,8037,3086,1,2616,2929,0,703,39599,3245,3,53,1323,722,324,4,13776,7915,30310,0,0,654,8832,7666,11536,0,0,0,18,23,35,1,39558,31186,34386,2,0,0,317
14,5,0,1060760,benign,166,153,11125,0,8018,3078,1,2616,2929,0,697,39547,3245,3,52,1341,770,324,3,13377,7534,30308,0,0,654,8864,7678,11543,0,0,0,18,23,39,0,39479,30982,34242,2,0,0,317
15,3,13,1060765,crash/hangs,-,-,-,-,-,-,-,-,-,-,-,-,-,-,-,-,-,-,-,-,-,-,-,-,-,-,-,-,-,-,-,-,-,-,-,-,-,-,-,-,-,-
16,5,11,1060765,benign,112,27,11174,0,8067,3086,1,2616,2929,0,702,39774,3245,3,52,1350,955,324,4,13817,7849,30320,0,0,654,8869,7671,11548,0,0,0,18,24,36,2,39646,31133,34352,2,0,0,317
17,3,18,1060728,benign,167,153,11103,0,8001,3082,1,2616,2929,0,694,39315,3245,3,52,1376,696,428,4,13658,7547,30395,0,0,654,8853,7678,11589,0,0,0,18,24,39,0,39166,30760,34012,2,0,0,317
18,7,15,1060723,benign,193,151,11109,0,8001,3085,1,2616,2929,0,705,39650,3245,3,52,1307,704,324,4,13740,7702,30369,0,0,654,8840,7651,11528,0,0,0,18,24,39,0,39880,31172,34594,2,0,0,316
19,7,29,1060722,benign,190,153,11116,0,7999,3077,1,2616,2929,0,697,39506,3245,3,52,1348,933,324,4,13784,7753,30371,0,0,654,8823,7655,11552,0,0,0,19,26,41,0,39574,31100,34593,2,0,0,317
20,9,15,1060757,benign,200,153,11129,0,8020,3083,1,2616,2929,0,698,39686,3245,3,52,1399,757,324,4,13555,7870,30406,0,0,654,8853,7676,11542,0,0,0,18,23,141,2,39568,31369,34635,2,0,0,317
21,9,31,1060741,benign,191,151,11138,0,8022,3081,1,2616,2929,0,690,39673,3245,3,52,1309,790,324,3,13663,7878,30400,0,0,654,8834,7668,11528,0,0,0,18,23,39,0,39587,31058,34509,2,0,0,317
22,1,3,1060765,benign,187,151,11132,0,8022,3096,1,2616,2929,0,694,39679,3245,3,52,1378,715,324,3,13706,7918,30291,0,0,654,8846,7649,11516,0,0,0,18,24,39,0,39520,31065,34368,2,0,0,317
23,8,31,1060742,benign,190,153,11121,0,8010,3084,1,2616,2929,0,696,39611,3245,3,52,1365,1124,324,3,13873,7948,30405,0,0,654,8844,7688,11586,0,0,0,18,24,39,0,39471,31322,34618,2,0,0,317
24,7,10,1060726,benign,187,153,11119,0,8012,3089,1,2616,2929,0,703,39719,3245,3,52,1337,739,323,3,13488,7638,30333,0,0,654,8814,7694,11553,0,0,0,18,24,38,0,39530,31149,34506,2,0,0,317
25,6,12,1060757,benign,193,153,11100,0,7989,3092,1,2616,2929,0,700,39760,3245,3,53,1382,743,324,4,13549,7845,30270,0,0,654,8857,7656,11515,0,0,0,18,23,39,0,39585,31114,34352,2,0,0,317
0,5,4,1060728,benign,89,27,11147,0,8047,3083,1,2616,2929,0,707,39397,3245,3,52,1370,731,324,3,13516,7723,30315,0,0,654,8864,7668,11551,0,0,0,18,25,39,0,39185,30650,33974,2,0,0,317
1,10,14,1060726,benign,191,153,11131,0,8009,3086,1,2616,2929,0,705,39519,3245,3,51,1331,717,426,3,13530,7646,30365,0,0,654,8852,7654,11490,0,0,0,18,23,39,0,39592,31355,34646,2,0,0,317
2,3,4,1060746,benign,198,151,11137,0,8031,3085,1,2616,2929,0,697,39618,3245,3,52,1321,799,426,4,13781,7730,30358,0,0,654,8833,7633,11528,0,0,0,18,24,39,0,39338,31124,34427,2,0,0,317
3,3,9,1060749,benign,185,154,11121,1,8016,3084,1,2616,2929,0,721,39749,3245,3,53,1328,881,326,4,13803,7666,30378,0,0,654,8852,7705,11580,0,0,0,18,24,41,3,39776,31046,34499,3,0,0,317
4,1,16,1060736,benign,168,153,11137,0,8024,3077,1,2616,2929,0,692,39475,3245,3,52,1387,713,426,3,13516,7781,30391,0,0,654,8850,7680,11558,0,0,0,18,24,141,2,39382,30978,34436,2,0,0,317
5,1,9,1060737,benign,191,151,11133,0,8020,3085,1,2616,2929,0,687,39303,3245,3,52,1372,703,324,3,13393,7600,30391,0,0,654,8853,7662,11532,0,0,0,18,25,39,0,39329,31322,34606,2,0,0,317
6,5,19,1060764,benign,168,153,11119,0,8013,3080,1,2616,2929,0,695,39479,3245,3,52,1498,777,323,3,13508,7529,30338,0,0,654,8824,7628,11512,0,0,0,18,24,33,0,39297,30723,34004,2,0,0,317
7,4,28,1060758,benign,194,153,11126,0,8008,3078,1,2616,2929,0,677,39517,3245,3,51,1355,768,324,4,13662,8093,30368,0,0,654,8828,7657,11532,0,0,0,18,24,39,0,39773,31204,34458,2,0,0,317
8,10,8,1060728,benign,165,153,11120,0,8007,3082,1,2616,2929,0,697,39490,3245,3,53,1306,937,324,4,13210,7365,30343,0,0,654,8844,7646,11526,0,0,0,18,24,39,0,39332,30831,34296,2,0,0,317
9,9,23,1060724,benign,165,153,11139,0,8027,3076,1,2616,2929,0,697,39261,3245,3,52,1493,761,416,3,13308,7597,30439,0,0,654,8820,7667,11538,0,0,0,18,25,39,0,39251,30714,34179,2,0,0,317
10,10,29,1060751,benign,196,153,11125,0,8017,3083,1,2616,2929,0,707,40103,3245,3,52,1351,830,324,3,13607,7867,30329,0,0,654,8848,7668,11537,0,0,0,18,23,39,0,39500,31001,34446,2,0,0,317
11,1,3,1060726,SDC,185,156,10855,2,7834,3005,1,2548,2847,0,649,38761,3147,3,55,1279,753,504,3,13610,7425,29637,0,0,638,8613,7432,11285,0,0,0,18,23,218,6,39194,30605,33857,4,0,0,317
12,9,25,1060750,benign,189,153,11134,0,8026,3085,1,2616,2929,0,702,39763,3245,3,52,1382,929,324,3,13582,7800,30404,0,0,654,8830,7691,11552,0,0,0,18,24,141,2,40044,30935,34195,2,0,0,317
13,3,31,1060750,benign,191,151,11139,0,8023,3091,1,2616,2929,1,697,39490,3245,3,52,1348,710,324,3,13606,7800,30390,0,0,654,8850,7669,11551,0,0,0,18,23,39,0,39903,31204,34450,2,0,0,317
14,8,17,1060744,benign,169,151,11119,0,7999,3080,1,2616,2929,0,705,39311,3245,3,52,1368,788,426,3,13242,7411,30286,0,0,654,8842,7669,11537,0,0,0,18,23,39,0,39210,30860,34089,2,0,0,317
15,8,19,1060756,benign,167,153,11117,0,8007,3081,1,2616,2929,0,695,39425,3245,3,53,1390,726,480,3,13369,7559,30355,0,0,654,8833,7692,11539,0,0,0,18,22,39,0,39149,30579,33823,2,0,0,317
16,10,5,1060724,benign,166,153,11091,0,7987,3083,1,2616,2929,0,693,39262,3245,3,52,1291,794,323,3,13414,7598,30336,0,0,654,8860,7683,11561,0,0,0,18,24,38,0,39239,30749,33992,2,0,0,317
17,9,28,1060723,benign,191,153,11160,0,8044,3093,1,2616,2929,0,704,39673,3245,3,52,1554,748,324,3,13784,8005,30388,0,0,654,8852,7685,11566,0,0,0,18,24,39,0,39496,31364,34613,2,0,0,317
18,5,11,1060767,benign,198,153,11124,0,8010,3089,1,2616,2929,0,705,39574,3245,3,53,1311,980,324,3,13568,7586,30312,0,0,654,8854,7651,11529,0,0,0,18,24,135,2,39709,31315,34714,2,0,0,317
19,9,10,1060723,benign,183,153,11135,0,8022,3079,1,2616,2929,0,694,39565,3245,3,52,1289,729,324,3,13597,7743,30395,0,0,654,8823,7688,11582,0,0,0,18,25,39,0,39338,31047,34527,2,0,0,317
20,10,28,1060750,benign,189,151,11137,0,8022,3084,1,2616,2929,0,697,39624,3245,3,52,1344,977,324,4,14054,8130,30375,0,0,654,8828,7691,11553,0,0,0,18,25,39,0,39832,31078,34436,2,0,0,317
21,5,31,1060733,benign,192,151,11140,0,8033,3088,1,2616,2929,0,704,39466,3245,3,52,1543,753,324,3,13615,7822,30409,0,0,654,8850,7695,11576,0,0,0,18,24,141,2,39881,30757,34028,2,0,0,317
22,2,20,1060757,benign,191,153,11104,0,7996,3079,1,2616,2929,0,693,39436,3245,3,53,1358,722,324,3,13655,7767,30402,0,0,654,8824,7653,11556,0,0,0,18,23,39,0,39756,31010,34326,2,0,0,317
23,5,29,1060735,benign,184,153,11094,0,7987,3074,1,2616,2930,0,693,39629,3245,3,52,1306,799,324,3,13519,7837,30375,0,0,654,8836,7621,11516,0,0,0,18,24,39,0,39653,31136,34375,2,0,0,317
24,2,20,1060764,benign,167,153,11105,0,7993,3081,1,2616,2929,0,678,39517,3245,3,52,1361,758,324,3,13515,7481,30318,0,0,654,8848,7643,11523,0,0,0,18,23,39,0,39330,30870,34101,2,0,0,317
25,7,10,1060756,benign,167,153,11140,0,8031,3092,1,2616,2929,0,698,39198,3245,3,52,1509,767,428,3,13336,7570,30298,0,0,654,8837,7679,11555,0,0,0,18,23,141,2,39377,30832,34098,2,0,0,317
26,6,23,1060745,benign,187,153,11139,0,8025,3087,1,2616,2929,0,690,39433,3245,3,52,1489,710,426,3,13569,7648,30321,0,0,654,8851,7663,11535,0,0,0,18,24,39,0,39447,30985,34230,2,0,0,317
27,7,17,1060744,benign,167,153,11165,0,8056,3092,1,2616,2929,0,697,39339,3245,3,52,1360,805,426,3,13270,7543,30297,0,0,654,8825,7669,11527,0,0,0,18,23,33,0,39314,31073,34321,2,0,0,317
28,7,23,1060763,benign,184,153,11124,0,8007,3077,1,2616,2929,0,697,39797,3245,3,53,1356,749,324,4,13814,7813,30318,0,0,654,8845,7674,11540,0,0,0,18,23,39,0,39415,31091,34356,2,0,0,317
29,5,3,1060720,benign,166,153,11152,0,8036,3089,1,2616,2929,0,687,39241,3245,3,52,1323,760,324,4,13217,7373,30399,0,0,654,8838,7644,11506,0,0,0,18,24,39,0,39223,30982,34241,2,0,0,317
30,10,7,1060753,benign,192,153,11127,0,8016,3078,1,2616,2929,0,689,39575,3245,3,53,1342,835,324,3,13484,7722,30319,0,0,654,8850,7623,11535,0,0,0,18,25,39,0,39693,31032,34248,2,0,0,317
31,8,9,1060730,benign,188,153,11139,0,8024,3078,1,2616,2929,0,695,39370,3245,3,52,1331,930,324,3,13684,7813,30354,0,0,654,8808,7678,11569,0,0,0,18,25,39,0,39669,31038,34261,2,0,0,317
32,3,4,1060739,SDC,190,156,10879,2,7873,3024,1,2548,2847,0,681,39158,3147,3,55,1285,822,509,4,13607,7758,29644,0,0,638,8590,7433,11282,0,0,0,18,21,329,8,39252,30762,34121,4,0,0,317
33,2,25,1060731,benign,193,153,11118,0,8011,3078,1,2616,2929,0,687,39663,3245,3,53,1521,730,426,3,13711,8017,30377,0,0,654,8842,7655,11514,0,0,0,18,23,39,0,39779,31122,34411,2,0,0,317
34,9,20,1060763,benign,190,151,11112,0,8003,3088,1,2616,2929,0,696,39635,3245,3,52,1556,754,324,3,13780,8019,30348,0,0,654,8843,7647,11539,0,0,0,18,23,39,0,39944,31021,34281,2,0,0,317
35,2,9,1060762,benign,183,153,11144,0,8030,3088,1,2616,2929,0,695,39660,3245,3,52,1497,746,324,3,13773,8036,30391,0,0,654,8857,7649,11530,0,0,0,18,22,39,0,39683,31139,34426,2,0,0,317
36,4,10,1060733,benign,188,151,11117,1,8006,3093,1,2616,2929,0,693,39353,3245,3,51,1309,760,323,3,13447,7527,30285,0,0,654,8826,7657,11566,0,0,0,18,22,141,2,39488,31382,34662,3,0,0,317
37,2,9,1060749,benign,193,153,11135,0,8026,3081,1,2616,2929,0,702,39599,3245,3,52,1375,740,324,3,13635,7685,30410,0,0,654,8834,7656,11531,0,0,0,18,24,39,0,39555,31080,34390,2,0,0,317
38,8,19,1060734,benign,191,153,11120,0,8004,3077,1,2616,2929,0,708,39521,3245,3,53,1324,739,426,4,13501,7794,30312,0,0,654,8850,7654,11502,0,0,0,18,23,39,0,39358,30886,34170,2,0,0,317
0,5,11,1060747,benign,122,27,11114,0,8007,3083,1,2616,2929,0,694,39525,3245,3,53,1341,741,323,3,13865,8053,30354,0,0,654,8870,7659,11551,0,0,0,18,24,39,0,39301,30986,34204,2,0,0,317
1,9,28,1060724,benign,166,153,11135,0,8019,3078,1,2616,2929,0,694,39448,3245,3,52,1320,788,324,3,13309,7534,30309,0,0,654,8893,7735,11558,0,0,0,18,22,39,0,39140,30957,34424,2,0,0,317
2,1,13,1060721,crash/hangs,-,-,-,-,-,-,-,-,-,-,-,-,-,-,-,-,-,-,-,-,-,-,-,-,-,-,-,-,-,-,-,-,-,-,-,-,-,-,-,-,-,-
3,9,20,1060750,benign,109,27,11128,0,8027,3084,1,2616,2929,0,688,39498,3245,3,52,1330,1016,323,4,13741,7772,30345,0,0,654,8835,7664,11531,0,0,0,18,22,39,0,39653,31374,34639,2,0,0,317
4,10,13,1060763,benign,195,153,11119,0,8006,3084,1,2616,2929,0,690,39613,3245,3,52,1785,711,324,3,13698,7632,30257,0,0,654,8839,7677,11546,0,0,0,18,24,39,0,39791,31216,34488,2,0,0,317
5,2,6,1060723,benign,183,153,11135,0,8015,3088,1,2616,2929,0,695,39371,3245,3,53,1293,767,426,3,13727,8013,30349,0,0,654,8849,7660,11535,0,0,0,18,23,39,0,39383,31046,34334,2,0,0,317
6,8,15,1060759,benign,196,153,11120,0,8008,3085,1,2616,2929,0,701,39500,3245,3,52,1397,832,324,3,13500,7778,30309,0,0,654,8855,7674,11540,0,0,0,18,24,141,2,39580,31027,34319,2,0,0,317
7,10,14,1060746,benign,191,153,11081,0,7982,3084,1,2616,2929,0,691,39606,3245,3,51,1360,816,324,4,14009,8268,30432,0,0,654,8825,7635,11518,0,0,0,18,23,140,2,39755,31069,34338,2,0,0,317
8,10,26,1060761,benign,190,153,11160,0,8039,3085,1,2616,2929,0,705,39740,3245,3,52,1362,783,324,3,13766,7779,30327,0,0,654,8852,7666,11546,0,0,0,18,22,39,0,39308,31221,34506,2,0,0,317
9,8,17,1060721,benign,184,151,11157,0,8045,3099,1,2616,2929,0,691,39584,3245,3,52,1295,763,425,3,13479,7742,30345,0,0,654,8848,7699,11560,0,0,0,18,22,38,0,39627,31181,34413,2,0,0,317
10,9,28,1060725,benign,185,153,11141,0,8027,3085,1,2616,2929,0,705,39486,3245,3,52,1366,786,426,3,13908,7974,30337,0,0,654,8826,7655,11529,0,0,0,18,23,38,0,39915,30911,34221,2,0,0,317
11,10,27,1060732,benign,165,153,11162,0,8046,3089,1,2616,2929,0,693,39178,3245,3,52,1287,773,428,3,13511,7740,30288,0,0,654,8847,7678,11546,0,0,0,18,23,39,0,39196,31075,34328,2,0,0,317
12,9,23,1060728,benign,166,153,11135,0,8019,3084,1,2616,2929,0,697,39363,3245,3,52,1368,698,324,3,13253,7545,30348,0,0,654,8858,7676,11563,0,0,0,18,23,38,0,39694,30944,34227,2,0,0,317
13,5,16,1060728,benign,168,153,11143,0,8020,3083,1,2616,2929,0,714,39452,3245,3,52,1376,760,425,3,13211,7395,30433,0,0,654,8843,7646,11532,0,0,0,18,24,39,0,39069,30833,34073,2,0,0,317
14,5,10,1060754,benign,186,153,11124,0,8009,3083,1,2616,2929,0,702,39672,3245,3,52,1515,741,426,3,13723,7663,30362,0,0,654,8853,7659,11532,0,0,0,18,23,39,0,39761,31058,34310,2,0,0,317
15,2,4,1060723,benign,193,153,11123,0,8013,3077,1,2616,2929,0,699,39551,3245,3,52,1356,931,324,3,13450,7622,30343,0,0,654,8850,7672,11560,0,0,0,18,24,141,2,39676,31423,34662,2,0,0,317
16,1,26,1060760,benign,167,153,11120,0,8014,3079,1,2616,2929,0,704,39250,3245,3,52,1350,982,324,3,13288,7416,30262,0,0,654,8842,7671,11577,0,0,0,18,24,131,2,39528,30971,34213,2,0,0,317
17,2,11,1060755,benign,183,153,11130,0,8009,3084,1,2616,2929,0,700,39689,3245,3,52,1528,749,324,3,13423,7622,30323,0,0,654,8860,7698,11574,0,0,0,18,23,39,0,39548,31206,34469,2,0,0,317
18,7,20,1060746,benign,199,153,11146,0,8034,3087,1,2616,2929,0,697,39811,3245,3,52,1493,757,426,4,13493,7571,30340,0,0,654,8848,7677,11559,0,0,0,18,23,39,0,39308,31137,34396,2,0,0,317
19,8,0,1060761,benign,191,153,11137,0,8018,3082,1,2616,2930,0,700,39856,3245,3,52,1348,728,324,4,13484,7687,30351,0,0,654,8810,7627,11516,0,0,0,18,24,141,2,39665,31244,34671,2,0,0,317
20,4,16,1060729,benign,200,153,11096,0,7997,3077,1,2616,2929,0,703,39964,3245,3,52,1292,739,424,3,13392,7576,30344,0,0,654,8853,7696,11548,0,0,0,18,24,140,2,39487,31277,34563,2,0,0,317
21,7,24,1060753,benign,194,151,11114,0,7995,3082,1,2616,2929,0,696,39728,3245,3,52,1493,764,324,3,13772,7629,30286,0,0,654,8856,7650,11514,0,0,0,18,24,39,0,39234,30935,34163,2,0,0,317
22,1,24,1060740,benign,167,152,11128,0,8024,3091,1,2616,2929,0,696,39443,3245,3,52,1360,729,428,3,13215,7501,30274,0,0,654,8849,7672,11544,0,0,0,18,22,39,0,39147,30931,34416,2,0,0,317
23,8,25,1060723,benign,183,153,11126,0,8012,3081,1,2616,2929,0,694,39630,3245,3,52,1534,709,426,3,13664,7843,30406,0,0,654,8844,7660,11536,0,0,0,18,24,39,0,39540,31061,34310,2,0,0,317
24,3,20,1060733,benign,187,151,11097,0,7985,3067,1,2616,2929,0,690,39358,3245,3,52,1365,896,426,4,13700,7852,30414,0,0,654,8864,7668,11539,0,0,0,18,22,141,2,39489,31029,34245,2,0,0,317
25,3,14,1060755,benign,190,153,11122,0,8014,3088,1,2616,2929,0,692,39694,3245,3,52,1348,717,426,3,13533,7706,30338,0,0,654,8866,7678,11541,0,0,0,18,24,39,0,39634,31102,34333,2,0,0,317
26,10,5,1060768,benign,167,153,11126,0,8017,3083,1,2616,2929,0,692,39282,3245,3,52,1344,722,428,3,13258,7500,30346,0,0,654,8851,7646,11532,0,0,0,18,23,143,2,39376,30806,34041,2,0,0,317
27,7,10,1060730,benign,183,153,11116,0,8000,3085,1,2616,2929,0,695,39473,3245,3,52,1579,781,324,3,13682,7912,30349,0,0,654,8827,7673,11536,0,0,0,18,23,39,0,39534,30962,34410,2,0,0,317
28,7,23,1060723,benign,192,153,11134,0,8024,3080,1,2616,2929,0,696,39620,3245,3,53,1497,750,428,3,13649,7629,30345,0,0,654,8841,7676,11561,0,0,0,18,24,131,2,39981,30982,34405,2,0,0,317
29,5,15,1060765,benign,190,153,11117,0,8009,3082,1,2616,2929,0,700,39687,3245,3,52,1382,878,324,4,13867,8164,30378,0,0,654,8863,7676,11567,0,0,0,18,24,39,0,39629,31241,34512,2,0,0,317
30,3,7,1060764,benign,166,155,11092,1,7990,3085,1,2616,2929,1,701,39342,3245,3,54,1348,756,324,4,13645,7714,30420,0,0,654,8847,7696,11586,0,0,0,18,24,39,0,39322,30773,34024,3,0,0,317
31,2,7,1060754,benign,185,153,11079,0,7971,3077,1,2616,2929,0,682,39278,3245,3,52,1556,767,324,3,13691,7847,30339,0,0,654,8862,7683,11538,0,0,0,18,24,39,0,39521,31191,34442,2,0,0,317
32,7,1,1060751,benign,196,153,11140,0,8027,3090,1,2616,2929,0,697,39732,3245,3,53,1332,848,426,3,13606,7742,30358,0,0,654,8855,7651,11513,0,0,0,18,25,38,0,39595,31148,34337,2,0,0,317
0,5,15,1060914,benign,124,27,11131,0,8022,3080,1,2616,2929,0,697,39778,3245,3,52,1651,777,323,3,13725,7789,30385,0,0,654,8848,7681,11546,0,0,0,18,25,39,0,39459,31170,34464,2,0,0,317
1,7,5,1060892,benign,161,153,11131,4,8023,3088,1,2616,2929,0,687,39119,3245,3,51,1519,721,322,3,13194,7329,30359,0,0,654,8856,7656,11523,0,0,0,18,23,37,0,39155,30741,33979,1,0,0,317
2,10,29,1060943,benign,190,153,11107,0,7994,3082,1,2616,2929,0,701,39674,3245,3,52,1676,777,323,3,13771,8014,30335,0,0,654,8851,7655,11535,0,0,0,18,24,39,0,39397,31122,34422,2,0,0,317
3,7,14,1061046,benign,195,153,11100,0,7992,3082,1,2616,2929,0,704,39593,3245,3,52,1539,807,324,4,13694,7748,30258,0,0,654,8861,7665,11515,0,0,0,18,24,141,2,39466,31248,34553,2,0,0,317
4,6,26,1060804,benign,160,153,11128,4,8019,3077,1,2616,2929,0,682,39122,3245,3,51,1358,708,419,4,13301,7570,30269,0,0,654,8815,7669,11575,0,0,0,18,24,34,1,38983,30602,33880,2,0,0,317
5,2,11,1060738,benign,185,153,11131,0,8021,3080,1,2616,2929,0,688,39507,3245,3,52,1387,804,318,4,13632,7814,30284,0,0,654,8871,7651,11540,0,0,0,18,23,39,0,39609,30927,34201,2,0,0,317
6,6,20,1060843,benign,175,153,11134,0,8020,3087,1,2616,2929,0,677,39214,3245,3,52,1313,730,318,4,13582,7902,30318,0,0,654,8824,7664,11563,0,0,0,18,24,135,2,39364,31097,34390,1,0,0,317
7,8,20,1060921,benign,188,151,11150,0,8033,3082,1,2616,2929,0,676,39491,3245,3,53,1368,746,324,4,13613,7879,30376,0,0,654,8839,7673,11537,0,0,0,18,25,39,0,39449,31054,34320,2,0,0,317
8,7,20,1060838,benign,188,153,11140,0,8027,3090,1,2616,2929,0,680,39292,3245,3,52,1595,735,420,3,13599,7870,30336,0,0,654,8831,7682,11551,0,0,0,18,22,33,0,39551,31072,34569,2,0,0,317
9,6,5,1060795,benign,183,153,11108,0,7997,3088,1,2616,2929,0,691,39420,3245,3,51,1585,622,319,3,13747,7848,30333,0,0,654,8856,7658,11526,0,0,0,18,24,34,1,39012,30717,34014,2,0,0,316
10,4,5,1061053,benign,197,153,11125,1,8016,3071,1,2616,2929,0,693,39762,3245,3,50,1794,758,324,3,13462,7720,30281,0,0,654,8868,7640,11504,0,0,0,18,22,39,0,39788,30905,34215,3,0,0,317
11,1,11,1061087,benign,194,151,11099,0,7981,3063,1,2616,2929,0,696,39747,3245,3,52,1396,805,324,3,13653,7859,30368,0,0,654,8838,7676,11543,0,0,0,18,22,39,0,39664,30888,34136,2,0,0,317
12,5,30,1061035,benign,195,153,11143,0,8036,3074,1,2616,2929,0,691,39707,3245,3,52,1316,800,324,3,13588,7920,30311,0,0,654,8870,7669,11534,0,0,0,18,23,39,0,39378,31021,34288,2,0,0,317
13,8,26,1060778,benign,195,153,11130,0,8007,3085,1,2616,2929,0,694,39563,3245,3,52,1374,787,426,3,13468,7697,30385,0,0,654,8871,7684,11566,0,0,0,18,25,39,0,39594,30985,34235,2,0,0,317
14,1,21,1060992,benign,177,151,11133,4,8016,3070,1,2616,2929,0,690,39403,3245,3,52,1432,749,418,4,13447,7385,30226,0,0,654,8840,7632,11505,0,0,0,18,24,143,2,39667,30743,34010,2,0,0,317
15,9,14,1061072,benign,178,153,11101,4,7987,3056,1,2616,2929,0,685,39422,3245,3,52,1401,754,324,3,13356,7556,30382,0,0,654,8846,7649,11505,0,0,0,18,22,39,0,39361,30795,34063,2,0,0,316
16,3,14,1060874,benign,181,153,11119,0,8006,3066,1,2616,2929,0,700,39559,3245,3,52,1514,1016,422,3,13426,7592,30280,0,0,654,8846,7698,11565,0,0,0,18,23,33,0,39416,30775,34034,1,0,0,317
17,6,14,1060859,benign,182,153,11138,0,8026,3082,1,2616,2929,0,693,39656,3245,3,52,1382,765,318,3,13701,7723,30371,0,0,654,8845,7672,11529,0,0,0,18,24,33,0,39467,31148,34355,1,0,0,317
18,5,12,1060758,benign,193,153,11133,0,8018,3085,1,2616,2929,0,696,39741,3245,3,52,1314,977,324,3,13524,7623,30189,0,0,654,8836,7660,11542,0,0,0,18,24,39,0,39828,30959,34451,2,0,0,317
19,10,16,1060747,benign,190,153,11116,0,8015,3084,1,2616,2929,0,699,39834,3245,3,52,1318,801,426,3,13775,7961,30368,0,0,654,8861,7669,11532,0,0,0,18,25,39,0,39507,30976,34251,2,0,0,316
20,8,19,1061001,benign,195,153,11097,0,7993,3075,1,2616,2929,0,689,39635,3245,3,52,1537,747,324,4,13653,7924,30277,0,0,654,8917,7693,11501,0,0,0,18,23,141,2,39584,30999,34409,2,0,0,317
21,8,2,1061084,benign,179,154,11119,4,8002,3067,1,2616,2929,0,685,39210,3245,3,52,1364,741,324,3,13448,7639,30358,0,0,654,8826,7610,11500,0,0,0,18,22,39,0,39266,30691,34138,2,0,0,317
22,9,9,1061043,benign,193,153,11121,0,8016,3074,1,2616,2929,0,695,39732,3245,3,53,1368,833,426,4,13556,7818,30347,0,0,654,8868,7663,11530,0,0,0,18,22,39,0,39398,31289,34549,2,0,0,317
23,8,17,1060954,benign,187,153,11145,0,8030,3085,1,2616,2929,0,694,39507,3245,3,52,1481,948,324,3,13542,7657,30456,0,0,654,8820,7672,11539,0,0,0,18,23,142,2,39677,30866,34134,2,0,0,317
24,5,3,1061061,benign,199,153,11113,0,7993,3075,1,2616,2929,0,698,39721,3245,3,53,1539,735,323,4,13759,7825,30335,0,0,654,8842,7650,11545,0,0,0,18,23,39,0,39516,31077,34352,2,0,0,317
25,4,26,1060961,benign,189,153,11120,0,8010,3086,1,2616,2930,0,689,39657,3245,3,52,1317,744,426,3,13788,7769,30299,0,0,654,8838,7702,11562,0,0,0,18,23,141,2,39438,30980,34220,2,0,0,317
26,10,6,1060994,benign,196,153,11128,0,8016,3080,1,2616,2929,0,696,39678,3245,3,52,1383,731,324,3,13757,7895,30425,0,0,654,8837,7677,11538,0,0,0,18,24,141,2,39504,30956,34180,2,0,0,317
27,9,1,1061001,benign,195,153,11105,0,8006,3079,1,2616,2929,0,695,39958,3245,3,52,1390,737,319,3,13400,7597,30297,0,0,654,8836,7652,11528,0,0,0,18,24,39,0,39501,30868,34339,2,0,0,317
28,1,5,1060974,benign,193,153,11142,0,8031,3084,1,2616,2929,0,681,39402,3245,3,52,1346,707,427,3,13727,7927,30422,0,0,654,8839,7700,11570,0,0,0,18,23,39,0,39557,31349,34571,2,0,0,317
29,3,12,1060792,benign,157,153,11140,4,8029,3076,1,2616,2929,0,673,39265,3245,3,52,1202,748,319,4,13144,7284,30292,0,0,654,8821,7602,11500,0,0,0,18,24,33,0,39108,30836,34290,2,0,0,317
30,1,1,1060940,benign,166,153,11160,4,8047,3082,1,2616,2929,0,692,39274,3245,3,52,1535,882,324,4,13446,7608,30371,0,0,654,8841,7669,11536,0,0,0,18,24,39,0,39121,31004,34260,2,0,0,316
31,1,28,1060784,benign,167,153,11140,4,8022,3087,1,2616,2929,0,692,39392,3245,3,52,1348,738,324,3,13417,7691,30387,0,0,654,8856,7676,11529,0,0,0,18,23,39,0,39570,30701,33942,2,0,0,317
32,9,7,1060953,benign,186,153,11139,0,8026,3080,1,2616,2929,0,701,39689,3245,3,53,1456,736,324,3,13577,7667,30350,0,0,654,8874,7657,11552,0,0,0,18,24,39,0,39420,31060,34332,2,0,0,316
33,4,13,1060889,benign,181,153,11155,0,8046,3080,1,2616,2929,0,692,39475,3245,3,52,1433,787,319,4,13789,8045,30321,0,0,654,8848,7698,11570,0,0,0,18,24,34,0,39271,31094,34294,1,0,0,317
34,10,25,1060939,benign,186,153,11140,0,8026,3089,1,2616,2929,0,696,39521,3245,3,52,1523,761,324,3,13697,7897,30344,0,0,654,8869,7666,11562,0,0,0,18,24,39,0,39452,31063,34348,2,0,0,374
35,9,22,1060964,benign,170,154,11120,4,8014,3073,1,2616,2929,0,700,39306,3245,3,51,1312,730,324,3,13425,7424,30280,0,0,654,8839,7683,11547,0,0,0,18,23,39,0,39332,30765,34024,2,0,0,317
36,7,8,1061064,benign,179,153,11125,4,8006,3072,1,2616,2929,0,707,39376,3245,3,52,1356,751,324,3,13488,7414,30259,0,0,654,8843,7656,11519,0,0,0,18,23,39,0,39294,30865,34133,2,0,0,317
37,8,25,1060856,benign,160,151,11142,4,8035,3078,1,2616,2930,0,682,39131,3245,3,51,1272,973,420,4,13606,7791,30304,0,0,654,8843,7669,11522,0,0,0,18,23,33,0,39318,30740,34159,1,0,0,317
38,9,17,1060759,benign,189,153,11120,0,8007,3082,1,2616,2929,0,703,40005,3245,3,52,1362,826,324,3,13751,8031,30336,0,0,654,8849,7659,11531,0,0,0,18,25,39,0,39458,30960,34417,2,0,0,317
39,5,8,1060787,benign,185,153,11141,0,8032,3085,1,2616,2929,0,698,39884,3245,3,52,1504,933,324,4,13568,7664,30344,0,0,654,8839,7666,11538,0,0,0,18,24,39,0,39778,31140,34397,2,0,0,317
40,7,5,1060838,benign,183,153,11127,0,8019,3077,1,2616,2929,0,688,39662,3245,3,51,1294,730,318,3,13483,7771,30366,0,0,654,8886,7638,11544,0,0,0,18,22,34,2,39295,30920,34423,2,0,0,317
41,7,6,1060971,benign,199,153,11140,0,8023,3077,1,2616,2929,0,696,39770,3245,3,52,1570,761,427,3,13662,7919,30332,0,0,654,8835,7667,11535,0,0,0,18,24,35,2,39635,31086,34334,2,0,0,317
42,4,11,1060768,benign,169,153,11141,0,8024,3085,1,2616,2929,0,700,39319,3245,3,52,1350,938,324,3,13469,7659,30358,0,0,654,8841,7686,11570,0,0,0,18,25,39,0,39412,30745,34019,2,0,0,316
43,2,21,1060887,benign,187,154,11102,0,7990,3078,1,2616,2929,0,694,39787,3245,3,52,1341,891,318,3,13555,7692,30357,0,0,654,8857,7660,11533,0,0,0,18,22,135,2,39679,30991,34255,1,0,0,317
44,1,13,1060731,SDC,186,155,10869,1,7855,3019,1,2548,2847,0,654,38416,3147,3,54,1298,764,422,3,13381,7536,29468,0,0,638,8548,7384,11262,0,0,0,18,20,134,3,39463,30463,33728,3,0,0,317
45,5,2,1060845,benign,178,153,11114,0,8002,3083,1,2616,2929,0,711,39759,3245,3,51,1399,789,318,3,13747,7590,30399,0,0,654,8844,7676,11534,0,0,0,18,25,33,0,39585,31205,34451,1,0,0,317
46,2,11,1061030,benign,196,151,11119,0,8012,3080,1,2616,2929,0,683,39668,3245,3,52,1574,788,324,3,13835,7984,30357,0,0,654,8823,7641,11516,0,0,0,18,25,39,0,39683,30976,34205,2,0,0,317
47,10,26,1060995,benign,209,153,11132,0,8021,3074,1,2616,2929,0,695,39736,3245,3,52,1422,792,420,3,13626,7601,30247,0,0,654,8816,7627,11532,0,0,0,18,22,39,0,39594,31224,34605,2,0,0,316
48,8,12,1060784,benign,166,151,11127,4,8015,3075,1,2616,2929,0,666,39099,3245,3,52,1525,831,428,3,13316,7559,30237,0,0,654,8867,7661,11531,0,0,0,18,22,39,0,39271,30995,34239,2,0,0,317
49,4,0,1061080,benign,179,154,11090,4,7978,3061,1,2616,2929,0,691,39526,3245,3,52,1396,770,622,3,13666,7760,30334,0,0,654,8855,7631,11524,0,0,0,18,22,39,0,39369,30848,34120,4,0,0,317
50,6,17,1060909,benign,184,153,11096,0,7996,3081,1,2616,2929,0,684,39251,3245,3,52,1344,993,324,3,13664,7740,30259,0,0,654,8837,7664,11565,0,0,0,19,28,41,0,39546,31017,34405,2,0,0,317
51,6,30,1061011,benign,201,153,11147,0,8038,3084,1,2616,2929,0,702,39565,3245,3,52,1360,754,324,3,13709,8008,30399,0,0,654,8813,7631,11508,0,0,0,18,24,143,2,39572,31208,34480,2,0,0,317
52,1,25,1060832,benign,162,153,11128,4,8011,3090,1,2616,2929,0,679,39040,3245,3,52,1503,758,319,3,13230,7522,30350,0,0,654,8861,7651,11557,0,0,0,19,28,35,0,39440,30702,34005,2,0,0,316
53,3,10,1060882,crash/hangs,-,-,-,-,-,-,-,-,-,-,-,-,-,-,-,-,-,-,-,-,-,-,-,-,-,-,-,-,-,-,-,-,-,-,-,-,-,-,-,-,-,-
54,8,2,1061052,benign,100,113,11245,100,8027,3089,1,2616,2929,0,705,39423,3245,3,51,1348,870,324,3,13668,7757,30322,0,0,654,8852,7621,11501,0,0,0,18,24,39,0,39459,30811,34080,2,0,0,317
55,2,23,1060869,benign,182,153,11097,0,7986,3075,1,2616,2929,0,699,39624,3245,3,52,1467,699,318,4,13540,7685,30363,0,0,654,8853,7677,11567,0,0,0,18,23,33,0,39401,31093,34560,1,0,0,317
56,3,18,1060833,benign,178,153,11134,0,8024,3080,1,2616,2929,0,671,39578,3245,3,51,1301,957,318,3,13550,7458,30295,0,0,654,8830,7653,11565,0,0,0,18,24,33,0,39315,30796,34109,2,0,0,317
57,9,23,1060868,benign,162,154,11122,4,8012,3083,1,2616,2929,0,682,39140,3245,3,52,1313,947,318,3,13288,7466,30386,0,0,654,8836,7680,11558,0,0,0,18,23,33,0,39183,30710,33977,1,0,0,317
0,5,24,1060763,benign,118,27,11112,0,8011,3089,1,2616,2929,0,698,39717,3245,3,51,1365,988,324,3,13812,8022,30341,0,0,654,8840,7693,11571,0,0,0,19,27,41,0,39426,31316,34534,2,0,0,317
1,3,22,1060730,benign,186,151,11154,0,8040,3083,1,2616,2929,0,695,39642,3245,3,52,1282,923,375,3,13767,8009,30436,0,0,654,8850,7678,11549,0,0,0,18,25,39,0,39720,31122,34325,2,0,0,317
2,5,0,1060754,benign,192,151,11142,0,8033,3091,1,2616,2930,0,695,39494,3245,3,52,1356,784,324,3,13775,7997,30384,0,0,654,8839,7654,11514,0,0,0,19,24,41,0,39348,30891,34111,2,0,0,317
3,1,25,1060761,benign,193,153,11124,0,8017,3082,1,2616,2929,0,688,39437,3245,3,52,1344,752,324,3,13797,8010,30367,0,0,654,8872,7667,11536,0,0,0,18,24,39,0,39577,31307,34582,2,0,0,317
4,10,6,1060726,benign,196,153,11141,0,8024,3083,1,2616,2929,0,698,39561,3245,3,52,1353,753,324,3,13635,7887,30360,0,0,654,8855,7665,11559,0,0,0,18,23,39,0,39523,30907,34346,2,0,0,317
5,7,24,1060728,benign,167,151,11144,0,8023,3087,1,2616,2929,0,704,39307,3245,3,53,1354,756,426,3,13687,7917,30288,0,0,654,8866,7684,11559,0,0,0,18,25,141,2,39422,30788,34018,2,0,0,369
6,6,26,1060754,benign,186,153,11151,0,8036,3085,1,2616,2929,0,698,39516,3245,3,52,1341,945,324,3,13514,7644,30346,0,0,654,8849,7657,11500,0,0,0,18,25,39,0,39572,30871,34149,2,0,0,317
7,5,19,1060740,benign,167,153,11139,0,8029,3076,1,2616,2929,0,693,39571,3245,3,52,1336,890,426,4,13611,7786,30324,0,0,654,8841,7687,11527,0,0,0,18,24,39,0,39540,31002,34293,2,0,0,317
8,10,16,1060763,benign,185,153,11145,0,8045,3084,1,2616,2929,0,693,39471,3245,3,53,1335,804,426,3,13653,7880,30361,0,0,654,8862,7682,11560,0,0,0,18,24,39,0,39523,31077,34313,2,0,0,317
10,6,26,1060764,benign,168,153,11122,0,8006,3083,1,2616,2929,0,696,39457,3245,3,52,1352,769,324,3,13462,7687,30212,0,0,654,8848,7656,11524,0,0,0,18,22,39,0,39420,30676,33921,2,0,0,317
11,2,9,1060740,benign,167,153,11148,0,8027,3087,1,2616,2929,0,683,39208,3245,3,52,1350,724,564,3,13263,7355,30288,0,0,654,8859,7688,11556,0,0,0,18,23,39,0,39253,30894,34151,2,0,0,317
12,10,1,1060740,benign,193,153,11118,0,8009,3080,1,2616,2929,0,688,39740,3245,3,52,1612,716,318,3,13533,7763,30410,0,0,654,8826,7683,11583,0,0,0,18,23,39,0,39469,31141,34371,2,0,0,317
14,3,13,1060740,crash/hangs,-,-,-,-,-,-,-,-,-,-,-,-,-,-,-,-,-,-,-,-,-,-,-,-,-,-,-,-,-,-,-,-,-,-,-,-,-,-,-,-,-,-
15,4,26,1060726,benign,196,153,11151,0,8030,3079,1,2616,2929,0,695,39657,3245,3,53,1698,742,324,3,13791,8046,30333,0,0,654,8853,7678,11550,0,0,0,18,23,39,0,39376,31068,34323,2,0,0,317
16,9,26,1060741,benign,199,153,11113,0,8004,3088,1,2616,2929,0,703,39677,3245,3,53,1336,758,425,3,13604,7613,30328,0,0,654,8869,7653,11533,0,0,0,18,24,141,2,39489,31156,34407,2,0,0,317
17,2,17,1060751,benign,166,153,11109,0,7999,3081,1,2616,2929,0,682,39239,3245,3,50,1342,757,324,3,13311,7520,30346,0,0,654,8840,7650,11516,0,0,0,18,25,39,0,39533,30994,34227,2,0,0,317
19,4,30,1060724,benign,191,152,11140,0,8035,3100,1,2616,2929,0,686,39552,3245,3,52,1361,750,324,3,13532,7730,30333,0,0,654,8844,7708,11573,0,0,0,18,23,39,0,39439,31157,34410,2,0,0,317
20,3,13,1060743,crash/hangs,-,-,-,-,-,-,-,-,-,-,-,-,-,-,-,-,-,-,-,-,-,-,-,-,-,-,-,-,-,-,-,-,-,-,-,-,-,-,-,-,-,-
21,10,12,1060758,benign,165,153,11102,0,7989,3098,1,2616,2929,0,697,39281,3245,3,52,1357,812,428,4,13464,7800,30278,0,0,654,8849,7626,11535,0,0,0,18,24,39,0,39122,30776,34060,2,0,0,317
23,8,20,1060743,benign,194,153,11125,0,8011,3079,1,2616,2929,0,692,39740,3245,3,52,1326,774,324,3,13957,7945,30382,0,0,654,8867,7657,11556,0,0,0,18,24,39,0,39528,31351,34750,2,0,0,317
24,5,12,1060756,benign,195,153,11146,0,8038,3084,1,2616,2929,0,685,39467,3245,3,52,1542,780,324,4,13738,7952,30276,0,0,654,8841,7665,11523,0,0,0,18,23,38,0,39572,31032,34298,2,0,0,317
25,1,2,1060731,crash/hangs,-,-,-,-,-,-,-,-,-,-,-,-,-,-,-,-,-,-,-,-,-,-,-,-,-,-,-,-,-,-,-,-,-,-,-,-,-,-,-,-,-,-
26,2,28,1060762,benign,195,154,11130,0,8032,3089,1,2616,2929,1,688,39405,3245,3,53,1379,739,324,3,13731,8026,30347,0,0,654,8873,7661,11530,0,0,0,18,22,141,2,39754,31128,34391,2,0,0,317
27,9,2,1060761,benign,193,153,11115,0,8000,3075,1,2616,2929,0,696,39502,3245,3,52,1343,956,324,3,13519,7842,30435,0,0,654,8832,7663,11544,0,0,0,18,25,39,0,39597,31164,34446,2,0,0,316
28,8,13,1060765,benign,192,153,11108,0,7993,3091,1,2616,2929,0,704,39621,3245,3,52,1283,828,323,3,13581,7789,30426,0,0,654,8865,7652,11515,0,0,0,18,24,39,0,39729,31166,34417,2,0,0,317
29,9,5,1060745,benign,167,153,11144,0,8026,3081,1,2616,2929,0,697,39331,3245,3,52,1349,768,426,3,13264,7418,30287,0,0,654,8876,7683,11574,0,0,0,18,24,39,0,39102,30943,34414,2,0,0,317
30,3,27,1060750,benign,185,153,11100,0,7993,3085,1,2616,2929,0,693,39660,3245,3,52,1491,785,417,4,13666,7793,30300,0,0,654,8834,7685,11519,0,0,0,18,25,39,0,39441,31150,34391,2,0,0,317
31,9,1,1060766,benign,168,153,11143,0,8022,3092,1,2616,2929,0,713,39400,3245,3,53,1564,733,324,3,13201,7424,30321,0,0,654,8853,7676,11539,0,0,0,18,24,39,0,39333,30794,34218,2,0,0,316
32,10,31,1060746,benign,166,153,11131,0,8023,3089,1,2616,2929,0,694,39451,3245,3,52,1496,744,324,3,13535,7650,30285,0,0,654,8828,7650,11520,0,0,0,18,23,141,2,39530,30766,34053,2,0,0,317
33,10,28,1060748,benign,197,153,11142,0,8024,3084,0,2616,2929,0,710,39726,3245,3,52,1335,767,323,3,13528,7693,30323,0,0,654,8844,7649,11575,0,0,0,18,24,39,0,39391,31279,34551,2,0,0,317
34,5,29,1060738,benign,168,154,11137,0,8027,3099,1,2616,2929,1,706,39282,3245,3,54,1312,747,323,3,13294,7678,30403,0,0,654,8847,7656,11526,0,0,0,19,26,40,0,39163,30744,34155,2,0,0,317
35,10,18,1060748,benign,188,153,11079,0,7975,3067,1,2616,2929,0,688,39649,3245,3,52,1493,796,324,3,13714,7989,30326,0,0,654,8863,7664,11538,0,0,0,18,24,38,0,39409,31123,34518,2,0,0,317
36,6,10,1060752,benign,189,153,11104,0,7992,3069,1,2616,2929,0,696,39613,3245,3,53,1494,760,324,4,13541,7786,30430,0,0,654,8835,7655,11541,0,0,0,18,24,39,0,39521,30984,34291,2,0,0,317
37,9,28,1060755,benign,191,153,11165,0,8054,3098,1,2616,2929,0,690,39420,3245,3,52,1377,771,426,3,13527,7632,30346,0,0,654,8849,7643,11535,0,0,0,18,23,141,2,39654,30963,34228,2,0,0,317
38,3,21,1060756,benign,193,153,11093,0,7975,3074,1,2616,2929,0,715,39812,3245,3,52,1356,775,324,3,13732,7963,30327,0,0,654,8866,7662,11532,0,0,0,18,24,39,0,39594,31206,34489,2,0,0,317
39,5,2,1060746,benign,187,153,11100,0,7988,3089,1,2616,2929,0,697,39663,3245,3,53,1364,761,428,3,13643,7759,30359,0,0,654,8853,7687,11549,0,0,0,18,24,39,0,39234,31018,34452,2,0,0,317
40,3,28,1060731,benign,166,154,11148,1,8039,3094,1,2616,2929,0,689,39174,3245,3,52,1570,711,332,4,13420,7574,30304,0,0,654,8822,7684,11576,0,0,0,18,23,39,0,39373,30829,34110,2,0,0,316
41,10,11,1060766,benign,165,153,11161,0,8048,3097,1,2616,2929,0,675,39096,3245,3,53,1342,723,324,3,13260,7371,30270,0,0,654,8853,7681,11555,0,0,0,18,24,141,2,39359,30817,34060,2,0,0,317
42,7,1,1060738,benign,200,153,11130,0,8015,3082,1,2616,2929,0,702,39728,3245,3,53,1325,761,324,3,13509,7726,30365,0,0,654,8857,7667,11548,0,0,0,18,21,39,0,39582,31006,34465,2,0,0,317
43,4,26,1060721,benign,167,153,11089,0,7987,3084,1,2616,2929,0,697,39459,3245,3,53,1366,714,324,3,13438,7577,30268,0,0,654,8863,7703,11582,0,0,0,18,25,39,0,39274,30776,34201,2,0,0,317
44,4,2,1060740,benign,189,153,11100,0,7985,3081,1,2616,2930,0,700,39470,3245,3,52,1587,771,324,3,13576,7701,30370,0,0,654,8860,7663,11540,0,0,0,18,24,39,0,39529,30835,34193,2,0,0,317
45,8,7,1060760,benign,167,154,11120,1,8009,3081,1,2616,2929,0,708,39535,3245,3,53,1341,733,333,4,13414,7472,30296,0,0,654,8828,7642,11517,0,0,0,18,24,39,0,39224,30994,34248,2,0,0,317
46,3,14,1060721,benign,196,155,10870,2,7854,3013,1,2548,2847,1,664,38830,3147,3,54,1320,797,422,3,13688,7720,29576,0,0,638,8616,7430,11292,0,0,0,18,23,136,7,39261,30232,33492,4,0,0,317
47,10,24,1060724,benign,190,153,11142,0,8032,3080,1,2616,2929,0,700,39646,3245,3,52,1352,768,428,3,13814,8030,30366,0,0,654,8851,7642,11489,0,0,0,18,24,39,0,39449,31163,34424,2,0,0,317
48,3,13,1060747,benign,192,153,11104,0,7994,3082,1,2616,2929,0,686,39355,3245,3,52,1332,836,324,3,13606,7859,30413,0,0,654,8838,7661,11510,0,0,0,18,25,39,0,39441,31136,34414,2,0,0,317
49,4,2,1060740,benign,190,153,11108,0,7994,3094,1,2616,2929,0,698,39734,3245,3,51,1343,812,324,3,13762,7906,30402,0,0,654,8865,7692,11572,0,0,0,18,24,39,0,39713,31147,34387,2,0,0,317
50,3,10,1060739,SDC,165,153,11140,0,8034,3094,1,2616,2930,0,695,39281,3245,3,52,1341,946,324,3,13477,7727,30279,0,0,654,8840,7664,11531,0,0,0,19,27,41,0,39111,30702,33927,2,0,0,317
51,3,13,1060731,benign,190,153,11120,0,8013,3086,1,2616,2929,0,700,39668,3245,3,53,1365,740,324,3,13779,7894,30262,0,0,654,8835,7669,11527,0,0,0,18,23,39,0,39431,30832,34218,2,0,0,317
52,4,31,1060755,benign,186,153,11103,0,7994,3081,1,2616,2929,0,687,39388,3245,3,51,1313,784,324,4,13812,8065,30444,0,0,654,8852,7684,11534,0,0,0,18,24,39,0,39338,30995,34249,2,0,0,317
53,4,26,1060759,benign,191,153,11139,1,8025,3077,1,2616,2929,0,694,39497,3245,3,51,1275,756,324,3,13617,7790,30368,0,0,654,8815,7675,11538,0,0,0,18,23,39,0,39328,31060,34338,3,0,0,317
54,9,1,1060732,benign,188,153,10884,0,7857,3035,1,2555,2854,0,686,39017,3156,3,53,1278,754,323,3,13431,7795,29708,0,0,640,8614,7453,11319,0,0,0,18,23,39,0,38984,30514,33818,2,0,0,317
55,5,13,1060765,benign,168,153,11082,0,7971,3075,1,2616,2929,0,699,39210,3245,3,52,1587,763,625,3,13588,7676,30311,0,0,654,8821,7698,11574,0,0,0,18,24,39,0,39456,30682,33907,2,0,0,317
56,7,22,1060758,benign,195,153,11136,0,8025,3081,1,2616,2929,0,677,39587,3245,3,52,1341,825,324,4,13446,7592,30285,0,0,654,8861,7681,11517,0,0,0,18,23,39,0,39858,31250,34505,2,0,0,317
57,4,5,1060729,benign,169,153,11122,0,8004,3079,1,2616,2929,0,696,39231,3245,3,52,1550,767,324,4,13285,7555,30339,0,0,654,8851,7671,11522,0,0,0,18,21,141,2,39607,30836,34186,2,0,0,317
58,1,25,1060726,SDC,192,153,11119,0,8022,3083,1,2616,2929,0,701,39636,3245,3,52,1348,762,566,3,13732,8017,30366,0,0,654,8830,7637,11547,0,0,0,18,22,39,0,39652,31135,34605,2,0,0,317
59,3,21,1060728,benign,192,153,11136,0,8033,3084,1,2616,2929,0,699,39599,3245,3,53,1339,732,324,3,13848,8124,30384,0,0,654,8845,7664,11514,0,0,0,18,22,39,0,39970,31031,34287,2,0,0,317
60,1,24,1060763,benign,205,153,11099,0,7990,3079,1,2616,2929,0,688,39543,3245,3,52,1381,749,426,3,13709,7963,30280,0,0,654,8848,7679,11531,0,0,0,18,23,141,2,39435,31174,34454,2,0,0,317
61,6,1,1060732,benign,186,153,11099,0,7988,3074,1,2616,2929,0,687,39403,3245,3,52,1322,773,323,4,13533,7467,30318,0,0,654,8835,7668,11557,0,0,0,18,23,39,0,39334,30971,34219,2,0,0,317
62,6,24,1060721,benign,184,153,11120,0,8006,3078,1,2616,2929,0,696,39588,3245,3,53,1314,750,324,3,13555,7790,30420,0,0,654,8863,7677,11542,0,0,0,18,24,39,0,39784,31033,34287,2,0,0,317
63,8,29,1060729,benign,194,153,11131,0,8017,3087,1,2616,2929,0,703,39763,3245,3,52,1367,740,324,3,13614,7753,30402,0,0,654,8864,7658,11535,0,0,0,18,23,38,0,39802,31255,34522,2,0,0,317
64,7,18,1060745,benign,190,153,11120,0,8011,3084,1,2616,2929,0,689,39777,3245,3,53,1553,1118,426,3,13697,7885,30403,0,0,654,8847,7667,11531,0,0,0,18,23,39,0,39456,31174,34625,2,0,0,317
65,3,16,1060722,benign,168,153,11137,0,8019,3085,1,2616,2929,0,695,39253,3245,3,52,1440,749,324,4,13277,7602,30420,0,0,654,8917,7724,11550,0,0,0,18,23,141,2,39410,30791,34058,2,0,0,317
66,7,3,1060757,benign,192,153,11137,0,8026,3092,1,2616,2929,0,701,39839,3245,3,53,1595,759,426,4,13855,8029,30367,0,0,654,8843,7685,11553,0,0,0,18,22,38,0,39298,31018,34251,2,0,0,317
67,5,31,1060738,benign,184,153,11127,0,8019,3090,1,2616,2929,0,695,39675,3245,3,52,1335,800,324,4,13445,7727,30350,0,0,654,8829,7643,11525,0,0,0,18,24,39,0,39443,30916,34207,2,0,0,317
68,4,13,1060731,benign,194,153,11145,0,8028,3077,1,2616,2929,0,719,39860,3245,3,52,1339,768,323,3,13796,8056,30371,0,0,654,8825,7638,11536,0,0,0,18,24,39,0,39383,31242,34701,2,0,0,317
69,4,27,1060740,benign,199,153,11099,0,7991,3078,1,2616,2929,0,701,39473,3245,3,53,1337,732,324,3,13515,7715,30413,0,0,654,8846,7657,11514,0,0,0,18,23,141,2,39926,31052,34313,2,0,0,317
70,5,2,1060758,benign,165,153,11127,0,8021,3093,1,2616,2929,0,698,39704,3245,3,52,1513,784,324,3,13612,7516,30392,0,0,654,8855,7684,11560,0,0,0,18,23,39,0,39253,30857,34103,2,0,0,317
71,8,11,1060731,benign,195,153,11126,0,8027,3087,1,2616,2929,0,694,39595,3245,3,52,1375,784,324,3,13588,7656,30373,0,0,654,8822,7666,11561,0,0,0,19,27,41,0,39418,31221,34494,2,0,0,317
72,6,0,1060734,benign,198,153,11139,0,8016,3080,1,2616,2929,0,688,39390,3245,3,53,1381,878,324,4,13521,7606,30223,0,0,654,8837,7659,11509,0,0,0,18,23,39,0,39629,31133,34392,2,0,0,317
73,7,24,1060723,benign,168,153,11134,0,8024,3087,1,2616,2929,0,694,39466,3245,3,52,1274,782,324,3,13224,7463,30317,0,0,654,8836,7671,11542,0,0,0,18,23,39,0,39059,30664,34146,2,0,0,317
74,10,31,1060764,benign,186,153,11121,0,8004,3082,1,2616,2929,0,705,39649,3245,3,53,1453,769,324,4,13549,7698,30336,0,0,654,8816,7672,11561,0,0,0,18,23,141,2,39408,31012,34454,2,0,0,317
75,8,3,1060721,benign,167,153,11151,0,8036,3083,1,2616,2929,0,686,39264,3245,3,53,1364,977,324,4,13562,7756,30439,0,0,654,8847,7631,11528,0,0,0,18,23,39,0,39154,30798,34054,2,0,0,317
76,1,5,1060738,benign,167,154,11146,0,8039,3093,1,2616,2929,0,692,39227,3245,3,51,1578,753,426,3,13412,7691,30326,0,0,654,8845,7683,11553,0,0,0,18,23,39,0,39076,31023,34440,2,0,0,317
77,4,25,1060720,benign,194,153,11143,0,8037,3080,1,2616,2929,0,693,39572,3245,3,52,1308,821,324,3,13659,7820,30331,0,0,654,8852,7687,11564,0,0,0,18,23,39,0,39622,31257,34486,2,0,0,317
78,6,3,1060763,benign,186,153,11104,0,7998,3075,1,2616,2929,0,690,39429,3245,3,52,1339,787,324,3,13731,7977,30328,0,0,654,8812,7635,11524,0,0,0,18,22,39,0,39490,31261,34489,2,0,0,317
79,1,16,1060732,benign,186,153,11120,0,8014,3082,1,2616,2929,0,702,39645,3245,3,52,1421,767,324,4,13655,7959,30315,0,0,654,8863,7651,11561,0,0,0,18,24,39,0,39432,31271,34516,2,0,0,317
80,4,22,1060744,benign,203,155,10855,1,7841,3018,1,2548,2847,1,686,39112,3147,3,56,1423,738,521,4,13810,7834,29627,0,0,638,8598,7412,11262,0,0,0,18,22,228,5,39019,30448,33696,3,0,0,317
81,9,31,1060723,benign,185,155,10871,2,7876,3017,1,2548,2847,0,688,39118,3147,3,55,1306,782,423,3,13714,7859,29640,0,0,638,8594,7449,11288,0,0,0,18,22,225,6,39014,30626,33918,4,0,0,317
82,7,12,1060754,benign,167,153,11138,0,8024,3087,1,2616,2929,0,689,39301,3245,3,51,1358,734,324,4,13442,7564,30244,0,0,654,8828,7640,11527,0,0,0,18,24,38,0,39219,30983,34263,2,0,0,317
83,3,27,1060762,benign,192,153,11126,0,8011,3086,1,2616,2929,0,698,39591,3245,3,52,1351,770,323,3,13590,7735,30251,0,0,654,8847,7650,11540,0,0,0,18,24,140,2,39686,31103,34520,2,0,0,317
84,3,5,1060737,SDC,194,153,11109,0,8007,3074,1,2616,2929,0,677,39488,3245,3,53,1568,718,324,4,13433,7581,30318,0,0,654,8850,7667,11523,0,0,0,18,24,39,0,39614,31071,34328,2,0,0,317
85,1,5,1060729,SDC,192,153,11083,0,7980,3085,1,2616,2929,0,697,39555,3245,3,52,1349,709,323,3,13522,7664,30350,0,0,654,8815,7646,11523,0,0,0,18,22,39,0,39411,30810,34257,2,0,0,317
86,4,28,1060764,benign,190,153,11154,0,8045,3088,1,2616,2929,0,687,39359,3245,3,52,1598,784,324,3,13788,8118,30430,0,0,654,8854,7679,11545,0,0,0,18,23,141,2,39640,31151,34412,2,0,0,317
87,10,12,1060737,benign,195,153,11148,0,8044,3090,1,2616,2929,0,678,39521,3245,3,52,1365,747,425,3,13611,7842,30329,0,0,654,8844,7651,11502,0,0,0,18,24,142,2,39617,31286,34560,2,0,0,317
88,1,25,1060767,benign,191,155,10836,1,7815,3029,1,2555,2854,0,681,39004,3156,3,56,1494,780,408,3,13524,7854,29752,0,0,640,8635,7465,11320,0,0,0,18,22,124,3,39341,30531,33810,3,0,0,317
89,1,20,1060743,benign,194,153,11137,0,8025,3090,1,2616,2929,0,701,39656,3245,3,52,1402,724,324,3,13622,7842,30283,0,0,654,8829,7671,11545,0,0,0,19,26,143,2,39770,31100,34330,2,0,0,317
90,7,13,1060742,benign,191,153,11156,0,8035,3086,1,2616,2929,0,691,39446,3245,3,52,1339,713,324,3,13491,7773,30435,0,0,654,8869,7680,11552,0,0,0,18,24,39,0,39540,31068,34492,2,0,0,317
91,10,17,1060731,benign,199,153,11117,0,8005,3079,1,2616,2929,0,705,39871,3245,3,53,1356,733,324,3,13479,7713,30331,0,0,654,8844,7671,11546,0,0,0,18,24,39,0,39582,31295,34638,2,0,0,316
92,1,6,1060727,SDC,167,153,11138,0,8038,3085,1,2616,2929,0,688,39496,3245,3,52,1548,779,324,4,13281,7414,30343,0,0,654,8845,7668,11541,0,0,0,18,23,39,0,39482,30905,34167,2,0,0,317
93,5,12,1060738,benign,197,154,11139,1,8025,3089,1,2616,2929,0,693,39706,3245,3,52,1391,934,435,3,13430,7591,30321,0,0,654,8854,7655,11500,0,0,0,18,24,48,2,39552,31117,34451,3,0,0,317
94,2,20,1060742,benign,185,153,11130,0,8015,3082,1,2616,2929,0,693,39364,3245,3,52,1361,745,324,3,13674,7868,30300,0,0,654,8882,7662,11565,0,0,0,18,24,39,0,39695,30982,34250,2,0,0,317
95,2,12,1060743,benign,191,153,11115,0,8010,3088,1,2616,2929,0,690,39506,3245,3,51,1521,765,324,3,13685,7910,30299,0,0,654,8846,7661,11591,0,0,0,18,24,38,0,39314,31132,34401,2,0,0,317
96,8,21,1060764,benign,189,153,11139,0,8026,3095,1,2616,2929,0,688,39526,3245,3,52,1364,823,324,3,13518,7607,30287,0,0,654,8866,7666,11527,0,0,0,18,23,39,0,39869,31016,34476,2,0,0,317
97,4,6,1060733,benign,202,153,11112,0,7999,3083,1,2616,2929,0,694,39472,3245,3,52,1356,795,324,4,13882,8046,30373,0,0,654,8833,7661,11549,0,0,0,19,26,41,0,39261,30993,34248,2,0,0,317
98,2,12,1060733,benign,166,153,11142,0,8031,3079,1,2616,2929,0,689,39274,3245,3,53,1341,735,324,3,13377,7534,30279,0,0,654,8869,7668,11545,0,0,0,18,24,39,0,39221,30979,34251,2,0,0,317
99,7,4,1060730,benign,165,153,11125,0,8018,3090,1,2616,2929,0,691,39456,3245,3,52,1482,803,426,3,13299,7604,30355,0,0,654,8846,7688,11569,0,0,0,18,23,39,0,39244,30973,34254,2,0,0,317
100,8,15,1060746,benign,200,153,11131,0,8019,3080,1,2616,2930,0,691,39523,3245,3,52,1530,781,324,3,13610,7796,30421,0,0,654,8870,7654,11521,0,0,0,18,25,39,0,39606,31102,34515,2,0,0,317
101,7,17,1060767,benign,166,153,11143,0,8035,3088,1,2616,2929,0,689,39189,3245,3,53,1361,735,426,3,13555,7852,30244,0,0,654,8859,7687,11558,0,0,0,18,22,39,0,39189,30845,34119,2,0,0,317
102,1,8,1060744,benign,193,153,11128,0,8027,3086,1,2616,2929,0,694,39580,3245,3,52,1361,934,324,3,13676,7853,30379,0,0,654,8860,7664,11531,0,0,0,18,24,39,0,39534,31156,34443,2,0,0,317
103,7,22,1060752,benign,190,154,11151,0,8037,3085,1,2616,2929,0,689,39310,3245,3,53,1473,750,426,4,13405,7620,30351,0,0,654,8845,7672,11527,0,0,0,18,22,38,0,39327,31314,34567,2,0,0,317
104,5,25,1060751,benign,189,153,11136,0,8028,3085,1,2616,2929,0,706,39615,3245,3,52,1336,768,425,3,13865,7882,30387,0,0,654,8859,7671,11541,0,0,0,18,24,39,0,39330,31024,34415,2,0,0,317
105,10,14,1060768,benign,203,154,11150,1,8045,3092,1,2616,2929,0,700,39548,3245,3,54,1411,709,325,3,13558,7724,30301,0,0,654,8850,7680,11539,0,0,0,18,25,40,0,39443,31088,34508,3,0,0,317
106,6,1,1060759,benign,194,153,11124,0,8020,3081,1,2616,2929,0,706,39673,3245,3,53,1572,752,426,3,13616,7838,30300,0,0,654,8841,7695,11570,0,0,0,19,25,41,0,39443,31033,34472,2,0,0,317
107,1,16,1060733,benign,188,153,11119,0,8014,3076,1,2616,2929,0,692,39559,3245,3,53,1282,769,324,4,13909,8117,30363,0,0,654,8818,7659,11524,0,0,0,18,25,39,0,39523,30939,34211,2,0,0,317
108,8,12,1060721,benign,194,153,11127,0,8009,3087,1,2616,2929,0,692,39384,3245,3,53,1392,699,429,4,13773,8034,30409,0,0,654,8837,7682,11542,0,0,0,19,26,41,0,39287,30898,34166,2,0,0,317
109,4,8,1060754,benign,189,153,11133,0,8025,3093,1,2616,2929,0,689,39873,3245,3,53,1432,742,426,3,13590,7723,30400,0,0,654,8840,7699,11551,0,0,0,19,24,41,0,39413,31233,34453,2,0,0,317
110,7,19,1060759,benign,166,153,11118,0,8011,3085,1,2616,2929,0,688,39377,3245,3,53,1582,708,324,4,13401,7526,30398,0,0,654,8851,7686,11587,0,0,0,18,24,39,0,39222,30784,34133,2,0,0,317
111,7,12,1060723,benign,185,153,11120,0,8012,3079,1,2616,2929,0,696,39496,3245,3,52,1360,776,323,3,13497,7600,30358,0,0,654,8847,7677,11542,0,0,0,18,25,39,0,39424,30990,34293,2,0,0,317
112,10,5,1060739,benign,190,153,11134,0,8017,3085,1,2616,2929,0,706,39917,3245,3,52,1595,766,426,3,13685,7918,30422,0,0,654,8861,7650,11566,0,0,0,18,24,39,0,39664,31093,34378,2,0,0,317
113,6,14,1060726,benign,202,153,11133,0,8022,3087,1,2616,2929,0,699,39621,3245,3,52,1539,942,324,3,13720,7982,30289,0,0,654,8850,7655,11559,0,0,0,18,23,39,0,39430,31015,34380,2,0,0,317
114,5,9,1060756,benign,183,153,11136,0,8027,3089,1,2616,2929,0,691,39585,3245,3,52,1340,798,324,3,13552,7842,30323,0,0,654,8827,7638,11532,0,0,0,18,24,38,0,39565,31022,34296,2,0,0,317
115,5,14,1060721,benign,191,153,11096,0,7994,3080,1,2616,2929,0,695,39525,3245,3,52,1379,963,324,3,13895,7990,30370,0,0,654,8866,7656,11544,0,0,0,18,23,39,0,39419,31115,34523,2,0,0,317
116,1,26,1060763,benign,195,153,11126,0,8009,3077,1,2616,2929,0,696,39826,3245,3,52,1362,742,323,3,13597,7752,30375,0,0,654,8856,7684,11570,0,0,0,18,23,143,2,39771,31082,34376,2,0,0,317
117,1,12,1060745,benign,204,153,11125,0,8022,3081,1,2616,2930,0,692,39541,3245,3,52,1545,770,324,4,13649,7836,30332,0,0,654,8857,7642,11523,0,0,0,18,25,39,0,39702,30967,34245,2,0,0,316
118,6,15,1060753,benign,196,153,11139,0,8020,3076,1,2616,2929,0,700,39562,3245,3,53,1356,719,324,4,13453,7800,30377,0,0,654,8849,7709,11605,0,0,0,18,23,39,0,39370,30926,34196,2,0,0,317
119,2,5,1060762,benign,186,153,11144,0,8040,3085,1,2616,2929,0,705,39621,3245,3,53,1367,742,426,3,13646,7758,30365,0,0,654,8850,7676,11543,0,0,0,18,23,39,0,39696,30934,34200,2,0,0,317
120,9,9,1060743,benign,185,152,11131,0,8020,3081,1,2616,2929,0,710,39705,3245,3,52,1435,769,428,3,13487,7631,30339,0,0,654,8852,7662,11534,0,0,0,18,24,39,0,39685,30893,34334,2,0,0,316
121,9,28,1060734,benign,167,153,11127,0,8012,3081,1,2616,2929,0,693,39214,3245,3,54,1561,713,426,3,13252,7432,30322,0,0,654,8855,7695,11561,0,0,0,18,24,39,0,39205,30733,34075,2,0,0,317
122,2,24,1060723,benign,197,153,11126,0,8019,3084,1,2616,2929,0,689,39516,3245,3,54,1592,756,324,3,13423,7576,30278,0,0,654,8857,7655,11538,0,0,0,18,24,39,0,39622,30994,34254,2,0,0,317
123,8,15,1060757,benign,193,153,11106,0,8003,3089,1,2616,2929,0,688,39781,3245,3,52,1350,698,324,3,13622,7737,30307,0,0,654,8864,7668,11522,0,0,0,18,24,141,2,39530,30950,34208,2,0,0,317
124,2,19,1060743,benign,191,153,11134,0,8016,3082,1,2616,2929,0,691,39617,3245,3,53,1306,926,324,3,13891,8133,30478,0,0,654,8857,7670,11530,0,0,0,18,24,39,0,39512,31059,34313,2,0,0,317
125,5,20,1060756,benign,193,153,11114,0,8015,3088,1,2616,2929,0,709,39661,3245,3,52,1354,750,324,3,13558,7850,30254,0,0,654,8870,7663,11550,0,0,0,18,25,38,0,39483,31086,34313,2,0,0,317
126,5,3,1060761,benign,198,153,11138,0,8018,3078,1,2616,2929,0,689,39672,3245,3,53,1409,754,425,4,13519,7769,30408,0,0,654,8846,7659,11553,0,0,0,18,23,39,0,39270,31103,34532,2,0,0,317
127,8,12,1060747,benign,188,153,11083,0,7981,3073,1,2616,2929,0,681,39456,3245,3,53,1340,783,324,3,13668,7821,30328,0,0,654,8841,7636,11539,0,0,0,18,24,39,0,39412,31109,34288,2,0,0,317
128,7,17,1060733,benign,204,153,11123,0,8008,3090,1,2616,2929,0,683,39424,3245,3,52,1349,741,324,3,13704,7880,30275,0,0,654,8857,7667,11546,0,0,0,18,24,39,0,39455,31130,34406,2,0,0,317
129,9,29,1060755,benign,191,153,11111,0,7999,3086,1,2616,2929,0,701,39670,3245,3,52,1414,772,426,3,13708,7971,30350,0,0,654,8829,7664,11557,0,0,0,18,23,39,0,39499,30996,34256,2,0,0,317
130,9,8,1060742,benign,198,153,11130,0,8022,3088,1,2616,2929,0,699,39681,3245,3,52,1350,771,324,3,13739,7889,30386,0,0,654,8876,7662,11514,0,0,0,18,22,39,0,39288,31232,34714,2,0,0,317
131,10,27,1060729,benign,167,153,11128,0,8014,3090,1,2616,2929,0,694,39479,3245,3,51,1342,778,323,3,13240,7515,30469,0,0,654,8846,7678,11543,0,0,0,18,22,39,0,39440,30775,34025,2,0,0,317
132,4,31,1060767,benign,186,153,11109,0,8000,3088,1,2616,2929,1,696,39727,3245,3,53,1294,742,324,3,13822,7751,30301,0,0,654,8872,7679,11552,0,0,0,18,24,141,2,39834,31428,34688,2,0,0,317
133,10,13,1060722,benign,202,153,11102,0,7996,3076,1,2616,2929,0,693,39710,3245,3,53,1335,925,324,4,13463,7639,30334,0,0,654,8836,7666,11545,0,0,0,18,21,39,0,39495,31094,34338,2,0,0,317
134,7,18,1060765,benign,195,153,11131,0,8028,3086,1,2616,2929,0,700,39909,3245,3,53,1523,768,324,3,13481,7585,30299,0,0,654,8854,7704,11569,0,0,0,18,24,143,2,39737,30972,34237,2,0,0,317
135,10,0,1060724,benign,189,153,11146,0,8039,3094,1,2616,2929,0,698,39612,3245,3,52,1367,780,324,3,13607,7780,30385,0,0,654,8860,7664,11531,0,0,0,18,25,39,0,39527,30951,34239,2,0,0,317
136,3,15,1060765,benign,198,153,11153,0,8044,3090,1,2616,2929,0,701,39555,3245,3,53,1376,757,324,3,13746,7996,30355,0,0,654,8842,7692,11585,0,0,0,18,23,39,0,39349,30949,34189,2,0,0,317
137,5,27,1060733,benign,184,153,11140,0,8031,3084,1,2616,2929,0,700,39714,3245,3,52,1613,827,426,3,13605,7587,30388,0,0,654,8835,7642,11538,0,0,0,18,24,39,0,39542,31106,34409,2,0,0,317
138,8,1,1060766,benign,166,153,11120,0,8013,3081,1,2616,2929,0,702,39336,3245,3,53,1358,750,324,3,13381,7397,30296,0,0,654,8816,7628,11512,0,0,0,18,22,39,0,39244,30745,34011,2,0,0,317
139,1,17,1060757,benign,193,153,11110,0,8002,3068,1,2616,2929,0,675,39332,3245,3,52,1351,929,324,4,13922,8082,30391,0,0,654,8860,7666,11528,0,0,0,18,22,39,0,39632,31111,34363,2,0,0,317
141,9,12,1060766,benign,167,153,11124,0,8012,3085,1,2616,2929,0,685,39316,3245,3,53,1298,800,426,3,13478,7626,30321,0,0,654,8848,7692,11590,0,0,0,18,25,39,0,39173,31041,34291,2,0,0,317
142,9,31,1060760,benign,166,153,11088,0,7980,3079,1,2616,2929,0,712,39545,3245,3,52,1323,749,426,3,13462,7714,30313,0,0,654,8838,7655,11510,0,0,0,18,23,39,0,39471,30803,34176,2,0,0,317
143,4,17,1060753,benign,193,153,11099,0,7987,3081,1,2616,2929,0,691,39454,3245,3,52,1353,885,324,3,14057,8113,30418,0,0,654,8855,7650,11521,0,0,0,18,24,39,0,39443,30953,34205,2,0,0,317
144,1,12,1060724,SDC,190,154,11108,1,7988,3074,1,2616,2929,0,702,39515,3245,3,51,1336,759,325,3,13453,7531,30277,0,0,654,8851,7676,11538,0,0,0,18,22,40,0,39918,31044,34497,3,0,0,317
145,1,18,1060765,benign,193,153,11147,0,8028,3086,1,2616,2929,0,698,39498,3245,3,51,1358,762,428,3,13519,7795,30374,0,0,654,8841,7693,11570,0,0,0,18,23,141,2,39517,30911,34179,2,0,0,317
146,9,17,1060732,benign,190,153,11130,0,8013,3082,1,2616,2929,0,700,39570,3245,3,53,1324,762,324,3,13674,7933,30286,0,0,654,8858,7656,11539,0,0,0,18,23,140,2,39711,31272,34492,2,0,0,317
147,7,27,1060732,benign,184,153,11118,0,8012,3076,1,2616,2929,0,697,39600,3245,3,52,1477,770,426,3,13543,7782,30388,0,0,654,8891,7662,11548,0,0,0,18,22,142,2,39659,30956,34304,2,0,0,317
148,9,10,1060723,benign,169,153,11118,0,8000,3077,1,2616,2929,0,703,39333,3245,3,52,1412,767,425,3,13406,7528,30424,0,0,654,8833,7661,11529,0,0,0,18,24,131,2,39614,30994,34267,2,0,0,317
0,6,17,1060750,benign,131,27,11117,0,8003,3083,1,2616,2929,0,689,39446,3245,3,53,1436,941,568,3,13626,7877,30408,0,0,654,8858,7670,11547,0,0,0,18,24,39,0,39709,30962,34239,2,0,0,317
1,3,0,1060725,benign,195,153,11125,0,8010,3083,1,2616,2929,0,688,39761,3245,3,52,1333,757,324,4,13530,7650,30389,0,0,654,8849,7667,11560,0,0,0,18,23,39,0,39643,31037,34291,2,0,0,317
2,6,6,1060763,benign,204,153,11153,0,8031,3079,1,2616,2929,0,692,39569,3245,3,52,1538,733,324,3,13867,8029,30397,0,0,654,8844,7659,11515,0,0,0,18,23,39,0,39579,31211,34579,2,0,0,317
3,9,3,1060721,benign,188,151,11103,0,7995,3080,1,2616,2929,0,692,39592,3245,3,51,1312,733,324,3,13331,7463,30369,0,0,654,8848,7672,11557,0,0,0,18,25,39,0,39811,30954,34266,2,0,0,317
4,2,14,1060731,benign,194,153,11126,0,8022,3079,1,2616,2929,0,680,39513,3245,3,52,1441,770,425,3,13647,7939,30337,0,0,654,8841,7676,11564,0,0,0,18,24,39,0,39608,30983,34240,2,0,0,317
5,10,15,1060757,benign,194,153,11124,0,8004,3080,1,2616,2929,0,706,40075,3245,3,52,1377,782,324,3,13548,7800,30286,0,0,654,8846,7670,11526,0,0,0,18,24,143,2,39648,31061,34319,2,0,0,317
6,4,18,1060740,benign,167,153,11146,0,8023,3082,1,2616,2929,0,708,39298,3245,3,53,1709,749,426,3,13567,7861,30301,0,0,654,8859,7678,11544,0,0,0,18,22,39,0,39079,30821,34075,2,0,0,317
7,7,16,1060761,benign,199,153,11098,0,7990,3083,1,2616,2929,0,704,39488,3245,3,52,1341,712,428,3,13752,7993,30361,0,0,654,8871,7658,11548,0,0,0,18,24,141,2,39436,31058,34269,2,0,0,317
8,8,8,1060725,benign,188,151,11123,0,8014,3078,1,2616,2929,0,693,39570,3245,3,53,1531,759,426,3,13776,8022,30342,0,0,654,8840,7663,11538,0,0,0,18,24,38,0,39675,31244,34702,2,0,0,317
9,2,25,1060731,benign,200,153,11137,0,8018,3077,1,2616,2929,0,702,39556,3245,3,52,1305,765,324,3,13599,7670,30280,0,0,654,8850,7677,11555,0,0,0,18,23,39,0,39662,31087,34302,2,0,0,317
10,3,25,1060731,benign,199,151,11113,0,7999,3079,1,2616,2930,0,705,39758,3245,3,52,1535,755,428,3,13576,7724,30374,0,0,654,8835,7673,11554,0,0,0,18,24,39,0,39554,31385,34773,2,0,0,317
11,9,1,1060752,benign,166,153,11138,0,8027,3081,1,2616,2929,0,690,39451,3245,3,53,1301,974,324,4,13490,7621,30338,0,0,654,8844,7651,11521,0,0,0,18,23,39,0,39238,30706,33921,2,0,0,317
12,1,7,1060753,benign,194,153,11116,0,8004,3078,1,2616,2929,0,687,39404,3245,3,53,1359,904,426,3,13633,7929,30339,0,0,654,8863,7647,11553,0,0,0,18,23,140,2,39880,30959,34210,2,0,0,317
13,1,3,1060753,benign,194,153,11136,0,8019,3085,1,2616,2929,0,699,39563,3245,3,53,1533,740,324,3,13742,8056,30355,0,0,654,8813,7676,11547,0,0,0,18,24,39,0,39626,31121,34381,2,0,0,316
14,7,21,1060759,benign,202,153,11134,0,8025,3092,1,2616,2929,0,695,39626,3245,3,52,1526,829,324,3,13632,7812,30321,0,0,654,8831,7648,11516,0,0,0,19,27,41,0,39660,31076,34323,2,0,0,317
15,2,14,1060742,benign,197,153,11130,0,8015,3088,1,2616,2929,0,696,39675,3245,3,53,1379,731,580,4,13755,7915,30435,0,0,654,8836,7693,11556,0,0,0,18,24,39,0,39768,30841,34111,2,0,0,317
16,8,30,1060753,benign,197,151,11145,0,8035,3093,1,2616,2929,0,694,39942,3245,3,52,1311,775,323,4,13848,8143,30478,0,0,654,8845,7719,11574,0,0,0,18,25,39,0,39651,31193,34511,2,0,0,317
17,7,12,1060762,benign,190,153,11136,0,8025,3086,1,2616,2929,0,689,39696,3245,3,52,1429,765,323,4,13834,7784,30403,0,0,654,8857,7669,11517,0,0,0,18,24,38,0,39399,30909,34340,2,0,0,317
18,4,2,1060745,benign,191,154,11113,1,8005,3077,1,2616,2929,0,694,39659,3245,3,53,1332,756,334,3,13654,7898,30401,0,0,654,8841,7678,11547,0,0,0,18,23,48,2,39460,31080,34560,2,0,0,317
19,2,23,1060742,benign,193,153,11139,0,8025,3093,1,2616,2930,0,683,39496,3245,3,52,1344,804,323,4,13651,7955,30355,0,0,654,8852,7668,11531,0,0,0,18,22,39,0,39728,31061,34331,2,0,0,317
20,5,20,1060745,benign,199,153,11147,0,8034,3079,1,2616,2929,0,693,39471,3245,3,52,1348,772,324,3,13796,7800,30392,0,0,654,8837,7637,11529,0,0,0,18,23,39,0,39685,31092,34358,2,0,0,317
21,10,19,1060762,benign,193,153,11140,0,8033,3088,1,2616,2929,0,701,40119,3245,3,53,1321,763,324,3,13587,7820,30366,0,0,654,8863,7675,11545,0,0,0,18,24,39,0,39570,31065,34454,2,0,0,317
22,4,9,1060733,benign,188,153,11124,1,8010,3083,1,2616,2929,0,698,39835,3245,3,51,1572,759,417,3,13766,7980,30357,0,0,654,8862,7633,11553,0,0,0,18,24,39,0,39648,30863,34136,3,0,0,317
23,2,7,1060746,benign,191,151,11170,0,8050,3087,1,2616,2929,0,699,39488,3245,3,52,1388,988,429,4,13855,7886,30421,0,0,654,8827,7654,11533,0,0,0,18,24,39,0,39686,31173,34479,2,0,0,317
24,9,5,1060766,benign,195,153,11148,0,8033,3091,1,2616,2929,0,686,39663,3245,3,52,1326,790,324,4,13746,8004,30321,0,0,654,8851,7691,11565,0,0,0,18,25,39,0,39658,31236,34496,2,0,0,317
25,9,24,1060767,benign,195,153,11128,0,8024,3089,1,2616,2929,0,701,39498,3245,3,52,1301,787,426,3,13566,7683,30399,0,0,654,8862,7664,11527,0,0,0,18,23,144,2,40074,31188,34469,2,0,0,317
26,7,14,1060732,benign,166,153,11151,0,8035,3088,1,2616,2929,0,689,39448,3245,3,52,1320,742,324,3,13385,7592,30418,0,0,654,8853,7660,11511,0,0,0,18,23,38,0,39369,30840,34218,2,0,0,317
27,5,1,1060746,benign,195,151,11127,0,8009,3084,1,2616,2929,0,694,39828,3245,3,52,1319,946,324,4,13880,7843,30497,0,0,654,8849,7653,11495,0,0,0,18,24,33,0,39613,31268,34738,2,0,0,317
28,2,5,1060746,benign,201,153,11138,0,8038,3091,1,2616,2929,0,688,39526,3245,3,52,1311,725,324,3,13632,7817,30336,0,0,654,8858,7654,11522,0,0,0,18,24,39,0,39674,31132,34385,2,0,0,317
29,10,6,1060739,benign,196,153,11151,0,8034,3087,1,2616,2929,0,699,39574,3245,3,53,1486,922,324,4,13597,7740,30373,0,0,654,8823,7631,11518,0,0,0,18,24,39,0,39522,31070,34331,2,0,0,317
30,2,29,1060760,benign,167,153,11172,0,8055,3093,1,2616,2929,0,695,39293,3245,3,53,1547,953,324,3,13301,7480,30389,0,0,654,8829,7665,11529,0,0,0,18,25,39,0,39531,30709,34108,2,0,0,317
31,1,14,1060738,benign,193,153,11134,0,8031,3085,1,2616,2929,0,706,39813,3245,3,52,1482,701,324,3,13633,7903,30385,0,0,654,8840,7719,11567,0,0,0,18,24,39,0,39157,30799,34090,2,0,0,317
32,10,28,1060733,benign,185,153,11127,0,8016,3088,1,2616,2929,0,708,39957,3245,3,53,1333,926,324,3,13648,7938,30341,0,0,654,8832,7681,11566,0,0,0,18,24,141,2,39672,31116,34353,2,0,0,317
33,5,4,1060730,benign,191,153,11111,0,8011,3086,1,2616,2929,0,692,39574,3245,3,52,1288,905,324,3,13539,7741,30334,0,0,654,8835,7654,11537,0,0,0,18,23,38,0,39747,30956,34204,2,0,0,317
34,3,15,1060748,benign,166,153,11122,0,7999,3076,1,2616,2929,1,694,39265,3245,3,52,1471,783,323,4,13390,7473,30394,0,0,654,8861,7663,11538,0,0,0,18,24,39,0,39598,30756,34163,2,0,0,317
35,5,20,1060755,benign,190,153,11119,0,8010,3081,1,2616,2930,0,688,39511,3245,3,52,1329,709,323,3,13708,7986,30399,0,0,654,8839,7654,11557,0,0,0,18,24,39,0,39512,31001,34347,2,0,0,370
36,9,26,1060738,benign,187,151,11149,0,8041,3082,1,2616,2929,0,689,39686,3245,3,52,1515,780,324,4,13446,7620,30367,0,0,654,8871,7684,11574,0,0,0,18,24,39,0,39418,31219,34438,2,0,0,317
37,3,21,1060727,benign,197,153,11106,0,8007,3080,1,2616,2929,0,701,39639,3245,3,52,1341,840,425,4,13765,8015,30356,0,0,654,8827,7692,11561,0,0,0,18,24,39,0,39715,30856,34121,2,0,0,317
38,6,18,1060724,benign,168,153,11148,0,8035,3078,1,2616,2929,0,688,39082,3245,3,53,1491,746,324,3,13280,7635,30401,0,0,654,8874,7665,11557,0,0,0,18,25,38,0,39240,30981,34268,2,0,0,317
39,4,22,1060721,benign,184,151,11138,0,8032,3095,1,2616,2929,0,686,39700,3245,3,52,1421,970,426,3,13715,7951,30344,0,0,654,8876,7689,11557,0,0,0,18,24,39,0,39572,31047,34324,2,0,0,317
40,10,12,1060730,benign,188,153,11130,0,8014,3082,1,2616,2929,0,693,39478,3245,3,53,1592,725,426,3,13851,7831,30445,0,0,654,8849,7666,11532,0,0,0,18,23,39,0,39539,31178,34454,2,0,0,317
41,9,29,1060757,benign,194,153,11106,0,7996,3078,1,2616,2929,0,695,39807,3245,3,52,1317,717,324,4,13749,7948,30309,0,0,654,8861,7673,11557,0,0,0,18,23,39,0,39894,31162,34571,2,0,0,317
42,2,20,1060721,benign,193,151,11108,0,7999,3082,1,2616,2929,0,701,39467,3245,3,52,1362,721,426,4,13529,7708,30294,0,0,654,8862,7664,11549,0,0,0,18,24,39,0,39439,31176,34435,2,0,0,317
43,4,0,1060755,benign,204,154,11139,1,8023,3085,1,2616,2929,0,697,39760,3245,3,52,1541,791,328,4,13650,7721,30291,0,0,654,8856,7662,11520,0,0,0,18,25,92,0,39472,31067,34414,3,0,0,317
44,3,6,1060754,benign,198,153,11111,0,7995,3087,1,2616,2929,0,691,39876,3245,3,52,1392,771,422,4,13465,7715,30315,0,0,654,8850,7670,11532,0,0,0,18,24,39,0,39304,30878,34269,2,0,0,317
45,6,14,1060760,benign,168,151,11120,0,8009,3089,1,2616,2929,0,696,39181,3245,3,53,1309,956,426,4,13577,7874,30415,0,0,654,8839,7654,11565,0,0,0,18,24,140,2,39577,31003,34234,2,0,0,317
46,2,29,1060724,benign,165,153,11107,0,7997,3078,1,2616,2929,0,710,39445,3245,3,53,1353,747,568,3,13670,7713,30406,0,0,654,8858,7702,11566,0,0,0,18,23,39,0,39324,30729,33985,2,0,0,317
47,9,22,1060722,benign,190,151,11108,0,8004,3090,1,2616,2929,0,692,39591,3245,3,52,1350,801,426,3,13450,7689,30286,0,0,654,8848,7658,11520,0,0,0,18,24,39,0,39676,31213,34468,2,0,0,317
48,6,26,1060739,benign,197,153,11133,0,8021,3082,0,2616,2929,0,697,39555,3245,3,52,1368,750,324,3,13484,7818,30400,0,0,654,8852,7680,11541,0,0,0,18,23,39,0,39564,31247,34478,2,0,0,317
49,10,30,1060730,benign,194,153,11149,0,8032,3083,1,2616,2929,0,683,39439,3245,3,52,1331,912,324,3,13813,7679,30248,0,0,654,8835,7675,11583,0,0,0,18,24,39,0,39522,30906,34182,2,0,0,317
50,8,14,1060747,benign,188,153,11118,0,8011,3090,1,2616,2929,0,694,40017,3245,3,52,1582,718,426,3,13556,7779,30399,0,0,654,8856,7646,11526,0,0,0,18,24,38,0,39365,31215,34507,2,0,0,317
51,8,0,1060741,benign,192,153,11148,0,8033,3082,1,2616,2929,0,715,39699,3245,3,52,1537,754,425,3,13714,7788,30318,0,0,654,8840,7699,11586,0,0,0,18,25,39,0,39587,31082,34338,2,0,0,317
52,4,18,1060728,benign,166,153,11131,0,8025,3091,1,2616,2929,0,696,39522,3245,3,53,1351,740,426,4,13245,7408,30271,0,0,654,8856,7691,11551,0,0,0,18,24,33,0,39280,30667,33946,2,0,0,317
53,4,23,1060727,benign,192,153,11149,0,8042,3084,1,2616,2929,0,704,39634,3245,3,52,1570,809,324,3,13810,8110,30345,0,0,654,8830,7659,11572,0,0,0,18,24,39,0,39342,31201,34593,2,0,0,317
54,3,7,1060730,benign,190,153,11127,0,8007,3087,1,2616,2929,0,689,39548,3245,3,52,1391,773,323,3,13516,7698,30372,0,0,654,8847,7651,11540,0,0,0,18,23,39,0,39698,31008,34278,2,0,0,317
55,1,31,1060746,benign,191,153,11131,0,8025,3087,1,2616,2929,0,691,39682,3245,3,53,1385,742,426,3,13657,7805,30391,0,0,654,8854,7677,11511,0,0,0,18,23,140,2,39741,31082,34359,2,0,0,317
56,9,25,1060722,benign,200,153,11155,0,8045,3093,1,2616,2929,0,695,39691,3245,3,52,1381,862,425,3,13875,7904,30390,0,0,654,8844,7636,11550,0,0,0,18,22,39,0,39810,31018,34362,2,0,0,317
57,6,16,1060726,benign,183,151,11160,0,8046,3086,1,2616,2929,0,681,39279,3245,3,52,1389,699,324,3,13573,7686,30266,0,0,654,8818,7674,11560,0,0,0,18,23,39,0,39887,31049,34297,2,0,0,317
58,7,28,1060725,benign,186,153,11097,0,7986,3075,1,2616,2929,0,698,39700,3245,3,52,1443,763,428,3,13613,7772,30407,0,0,654,8848,7691,11557,0,0,0,18,24,39,0,39521,31237,34521,2,0,0,317
59,5,2,1060738,benign,197,153,11124,0,8023,3086,1,2616,2929,0,691,39644,3245,3,52,1383,701,324,3,13515,7703,30432,0,0,654,8820,7669,11555,0,0,0,18,24,39,0,39458,31031,34307,2,0,0,317
60,4,8,1060720,benign,166,152,11126,1,8012,3083,1,2616,2929,0,704,39675,3245,3,53,1369,672,325,3,13489,7672,30310,0,0,654,8855,7647,11520,0,0,0,18,23,38,0,39480,30990,34299,3,0,0,317
61,2,0,1060731,benign,188,153,11143,0,8037,3092,1,2616,2929,0,695,39489,3245,3,52,1330,775,324,3,13732,7874,30389,0,0,654,8843,7653,11501,0,0,0,18,24,39,0,39505,31330,34573,2,0,0,317
62,6,26,1060765,benign,196,153,11104,0,8007,3090,1,2616,2929,0,700,39604,3245,3,52,1423,775,324,3,13626,7786,30423,0,0,654,8837,7675,11572,0,0,0,18,25,131,2,39836,31181,34452,2,0,0,317
63,2,5,1060751,benign,193,153,11142,0,8028,3082,1,2616,2929,0,698,39823,3245,3,52,1305,742,324,4,13845,7757,30342,0,0,654,8852,7664,11546,0,0,0,18,23,39,0,39492,31127,34397,2,0,0,317
64,6,8,1060755,benign,186,153,11119,0,8002,3082,1,2616,2929,0,688,39633,3245,3,52,1361,753,324,3,13648,7825,30320,0,0,654,8864,7654,11525,0,0,0,18,23,143,2,39706,30971,34202,2,0,0,317
65,9,23,1060756,benign,165,151,11143,0,8025,3090,1,2616,2929,0,686,39390,3245,3,53,1363,738,324,4,13371,7629,30368,0,0,654,8830,7683,11570,0,0,0,18,23,39,0,39279,30644,33889,2,0,0,317
66,9,13,1060733,benign,184,153,11142,0,8034,3090,1,2616,2929,0,682,39424,3245,3,52,1566,716,426,3,13602,7780,30300,0,0,654,8848,7655,11525,0,0,0,18,23,143,2,39664,31100,34550,2,0,0,317
67,3,11,1060748,benign,167,154,11121,0,8008,3077,1,2616,2929,1,692,39235,3245,3,54,1299,778,324,4,13369,7354,30287,0,0,654,8838,7696,11559,0,0,0,19,26,41,0,39561,31015,34287,2,0,0,317
68,6,2,1060739,benign,200,153,11125,0,8024,3090,1,2616,2929,0,701,39563,3245,3,53,1367,745,324,3,13798,7777,30444,0,0,654,8816,7638,11542,0,0,0,18,22,39,0,39459,30970,34429,2,0,0,317
69,6,24,1060762,benign,184,153,11119,0,8006,3085,1,2616,2929,0,695,39668,3245,3,52,1549,687,324,3,13691,7966,30349,0,0,654,8863,7693,11576,0,0,0,18,24,348,2,39973,30992,34263,2,0,0,317
70,9,23,1060731,benign,203,153,11125,0,8018,3081,1,2616,2929,0,697,39720,3245,3,52,1314,760,324,3,13837,8182,30322,0,0,654,8859,7663,11544,0,0,0,18,23,39,0,39506,31043,34454,2,0,0,317
71,10,19,1060722,benign,201,153,11168,0,8056,3089,1,2616,2929,0,679,39516,3245,3,53,1354,884,324,3,13575,7851,30370,0,0,654,8817,7637,11538,0,0,0,18,25,39,0,39506,31267,34528,2,0,0,317
72,1,23,1060737,benign,195,153,11126,0,8016,3084,1,2616,2929,0,698,39621,3245,3,52,1395,775,324,3,13627,7825,30391,0,0,654,8839,7692,11568,0,0,0,18,22,39,0,39689,31079,34363,2,0,0,317
73,5,29,1060720,benign,165,153,11130,0,8021,3086,1,2616,2929,0,701,39407,3245,3,53,1448,740,323,4,13282,7525,30280,0,0,654,8847,7705,11574,0,0,0,18,24,39,0,39326,30827,34088,2,0,0,317
74,10,5,1060753,benign,193,153,11135,0,8019,3079,1,2616,2929,0,698,39541,3245,3,52,1541,756,428,3,13817,7825,30463,0,0,654,8855,7642,11539,0,0,0,18,25,39,0,39582,31127,34464,2,0,0,317
75,6,29,1060758,benign,194,151,11107,0,7999,3083,1,2616,2930,0,704,39560,3245,3,52,1409,764,324,4,13703,7887,30431,0,0,654,8840,7694,11596,0,0,0,19,25,145,2,39646,31062,34287,2,0,0,317
76,7,24,1060735,benign,188,153,11122,0,8010,3080,1,2616,2929,0,698,39683,3245,3,52,1349,763,426,4,13599,7916,30335,0,0,654,8832,7664,11518,0,0,0,18,24,39,0,39362,31206,34468,2,0,0,317
77,5,27,1060757,benign,197,153,11090,0,7981,3091,1,2616,2929,0,688,39640,3245,3,52,1506,738,324,4,13828,8121,30339,0,0,654,8834,7668,11531,0,0,0,18,25,39,0,39725,31113,34351,2,0,0,317
78,10,14,1060767,benign,197,151,11127,0,8018,3080,1,2616,2929,0,700,40031,3245,3,52,1456,751,426,4,13657,7827,30381,0,0,654,8853,7665,11542,0,0,0,18,24,143,2,39730,30979,34316,2,0,0,317
79,6,24,1060759,benign,190,153,11142,0,8038,3094,1,2616,2929,0,686,39411,3245,3,52,1378,706,426,3,13787,7593,30291,0,0,654,8824,7689,11554,0,0,0,18,25,141,2,39721,31290,34559,2,0,0,317
80,9,7,1060762,benign,200,153,11140,0,8025,3093,1,2616,2929,0,693,39731,3245,3,52,1470,918,324,3,14058,7768,30327,0,0,654,8822,7670,11568,0,0,0,18,24,39,0,39570,31076,34337,2,0,0,317
81,1,3,1060752,benign,167,153,11092,0,7988,3081,1,2616,2929,0,694,39164,3245,3,52,1341,794,324,3,13364,7670,30332,0,0,654,8852,7646,11508,0,0,0,18,23,39,0,39383,30802,34072,2,0,0,317
82,3,26,1060742,SDC,194,158,10936,0,7907,3018,1,2563,2878,0,702,39263,3182,3,57,1362,893,324,3,13883,8056,29903,0,0,640,8695,7508,11329,0,0,0,18,22,38,0,38755,30874,34159,2,0,0,317
83,9,9,1060767,benign,195,153,11085,0,7982,3079,1,2616,2929,0,686,39301,3245,3,52,1345,723,617,3,13757,7894,30376,0,0,654,8843,7683,11569,0,0,0,18,22,39,0,39360,31121,34605,2,0,0,317
84,6,22,1060759,benign,193,153,11106,0,7994,3080,1,2616,2929,0,691,39573,3245,3,52,1510,715,417,3,13676,7967,30313,0,0,654,8844,7637,11538,0,0,0,18,23,39,0,39586,31266,34512,2,0,0,317
85,7,19,1060759,benign,203,153,11107,0,7997,3077,1,2616,2929,0,697,39720,3245,3,52,1382,725,324,4,13927,8104,30408,0,0,654,8915,7756,11592,0,0,0,18,23,39,0,39746,31265,34543,2,0,0,317
86,8,25,1060734,benign,193,153,11116,0,8004,3087,1,2616,2929,0,686,39463,3245,3,52,1560,716,324,3,13719,7916,30381,0,0,654,8854,7667,11541,0,0,0,18,23,39,0,39307,31155,34605,2,0,0,317
87,10,22,1060761,benign,187,153,11112,0,8002,3081,1,2616,2929,0,684,39589,3245,3,52,1324,786,324,3,13689,7856,30306,0,0,654,8860,7687,11566,0,0,0,18,25,38,0,39449,31025,34316,2,0,0,317
88,6,19,1060746,benign,202,151,11097,0,7984,3074,1,2616,2929,0,696,39537,3245,3,52,1352,729,324,3,13554,7868,30354,0,0,654,8832,7677,11538,0,0,0,18,24,39,0,39529,31026,34282,2,0,0,317
89,6,10,1060730,benign,193,153,11142,0,8032,3089,1,2616,2929,0,693,39670,3245,3,52,1453,729,324,3,13533,7791,30387,0,0,654,8861,7656,11552,0,0,0,18,24,131,2,39541,31416,34665,2,0,0,317
90,3,4,1060754,benign,199,153,11124,0,8013,3075,1,2616,2929,0,703,39758,3245,3,52,1366,771,324,3,13539,7800,30333,0,0,654,8848,7646,11522,0,0,0,18,21,39,0,39707,31348,34604,2,0,0,317
91,3,27,1060744,benign,168,151,11111,0,8009,3080,1,2616,2929,0,702,39322,3245,3,52,1382,998,324,3,13570,7681,30344,0,0,654,8832,7658,11542,0,0,0,18,23,39,0,39489,30936,34218,2,0,0,317
92,9,7,1060725,benign,189,153,11114,0,8007,3079,1,2616,2929,0,694,39919,3245,3,52,1363,869,324,3,13848,7850,30318,0,0,654,8826,7639,11526,0,0,0,18,25,39,0,39676,31007,34394,2,0,0,317
93,1,7,1060750,benign,198,153,11105,0,7997,3086,1,2616,2929,0,700,40056,3245,3,51,1532,742,324,3,13469,7636,30243,0,0,654,8847,7691,11563,0,0,0,18,23,142,2,40127,31278,34505,2,0,0,317
94,6,8,1060720,benign,167,153,11130,0,8020,3077,1,2616,2929,0,700,39331,3245,3,52,1447,760,426,3,13088,7212,30255,0,0,654,8846,7684,11565,0,0,0,18,24,39,0,39209,31024,34264,2,0,0,317
95,7,11,1060764,benign,164,153,11127,0,8010,3079,1,2616,2929,0,684,39156,3245,3,52,1358,752,324,3,13294,7528,30328,0,0,654,8841,7673,11553,0,0,0,18,23,39,0,39373,30847,34124,2,0,0,317
96,3,24,1060740,SDC,167,155,10892,0,7853,3035,1,2557,2863,0,711,38933,3165,3,54,1362,731,324,3,13534,7886,29770,0,0,640,8689,7489,11329,0,0,0,18,24,39,0,39079,30394,33647,2,0,0,317
97,10,2,1060728,benign,167,153,11143,0,8036,3084,1,2616,2929,0,691,39358,3245,3,52,1337,724,324,3,13621,7838,30403,0,0,654,8856,7674,11564,0,0,0,18,24,141,2,39461,30741,34019,2,0,0,317
98,10,23,1060722,benign,193,153,11129,0,8025,3087,1,2616,2929,0,689,39757,3245,3,52,1345,702,324,3,13560,7833,30383,0,0,654,8835,7680,11547,0,0,0,18,23,39,0,39438,31089,34386,2,0,0,317
99,1,6,1060754,benign,189,153,11124,0,8006,3077,1,2616,2929,0,680,39485,3245,3,52,1347,716,320,3,13492,7632,30246,0,0,654,8854,7678,11544,0,0,0,18,22,39,0,39383,31212,34491,2,0,0,317
100,10,8,1060764,benign,166,151,11114,0,8002,3090,1,2616,2929,0,711,39553,3245,3,53,1533,805,426,3,13211,7461,30253,0,0,654,8826,7657,11575,0,0,0,18,24,39,0,39135,30732,33984,2,0,0,317
101,6,17,1060760,benign,166,153,11127,0,8017,3078,1,2616,2929,0,696,39237,3245,3,53,1550,757,324,3,13323,7461,30361,0,0,654,8827,7676,11567,0,0,0,19,26,41,0,39279,30953,34236,2,0,0,317
102,2,14,1060746,benign,185,153,11128,0,8013,3080,1,2616,2929,0,695,39469,3245,3,52,1345,708,324,3,13722,8052,30366,0,0,654,8831,7708,11585,0,0,0,18,24,141,2,39618,31047,34320,2,0,0,317
103,9,4,1060724,benign,168,153,11135,0,8026,3081,1,2616,2930,0,680,39145,3245,3,53,1312,758,423,3,13153,7337,30215,0,0,654,8841,7694,11544,0,0,0,18,24,39,0,39083,30875,34128,2,0,0,317
104,4,26,1060747,benign,193,153,11169,0,8060,3094,1,2616,2929,0,702,39656,3245,3,51,1376,715,324,4,13807,7941,30296,0,0,654,8858,7698,11559,0,0,0,18,23,39,0,39543,31248,34524,2,0,0,317
105,6,3,1060760,benign,166,153,11131,0,8016,3082,1,2616,2929,0,708,39482,3245,3,53,1379,733,420,4,13317,7432,30322,0,0,654,8830,7621,11499,0,0,0,18,22,39,0,39206,30992,34219,2,0,0,317
106,6,10,1060754,benign,180,153,11155,0,8038,3078,1,2616,2929,0,694,39571,3245,3,52,1491,743,324,3,13547,7840,30335,0,0,654,8873,7661,11528,0,0,0,18,25,39,0,39453,31118,34381,2,0,0,317
107,10,28,1060751,benign,190,153,11121,0,8006,3089,1,2616,2929,0,706,39643,3245,3,52,1360,784,319,4,13582,7751,30436,0,0,654,8871,7657,11531,0,0,0,18,23,141,2,39717,31444,34716,2,0,0,317
108,2,8,1060760,benign,165,153,11110,0,8002,3082,1,2616,2929,0,686,39125,3245,3,53,1355,847,324,4,13450,7441,30358,0,0,654,8850,7651,11507,0,0,0,18,23,39,0,39168,30774,34037,2,0,0,317
109,3,13,1060721,benign,192,153,11154,0,8033,3078,1,2616,2929,0,690,39386,3245,3,52,1539,729,426,4,13589,7651,30372,0,0,654,8855,7683,11532,0,0,0,18,24,141,2,39667,31237,34513,2,0,0,317
110,10,3,1060756,benign,167,153,11129,0,8013,3081,1,2616,2929,0,689,39457,3245,3,53,1331,941,324,3,13757,7784,30323,0,0,654,8860,7665,11530,0,0,0,18,24,38,0,39173,30862,34051,2,0,0,317
111,3,0,1060737,crash/hangs,-,-,-,-,-,-,-,-,-,-,-,-,-,-,-,-,-,-,-,-,-,-,-,-,-,-,-,-,-,-,-,-,-,-,-,-,-,-,-,-,-,-
112,9,1,1060723,benign,114,27,11172,0,8076,3081,1,2616,2929,0,699,39601,3245,3,52,1357,991,324,3,13666,7758,30296,0,0,654,8869,7671,11561,0,0,0,18,24,143,2,39690,31016,34304,2,0,0,317
113,2,16,1060728,benign,167,153,11148,0,8032,3086,1,2616,2929,0,696,39475,3245,3,53,1444,785,324,4,13234,7341,30331,0,0,654,8867,7669,11533,0,0,0,18,23,39,0,39208,30786,34035,2,0,0,317
114,4,11,1060757,benign,191,153,11115,1,8003,3083,1,2616,2929,0,699,39668,3245,3,52,1366,918,323,3,13679,7929,30325,0,0,654,8846,7672,11544,0,0,0,18,21,142,2,40070,31282,34541,2,0,0,317
115,3,29,1060735,benign,186,153,11116,0,8000,3087,1,2616,2929,0,709,39594,3245,3,51,1314,922,324,3,13573,7643,30370,0,0,654,8867,7662,11545,0,0,0,18,23,39,0,39326,31067,34322,2,0,0,317
116,1,31,1060757,benign,197,153,11127,0,8008,3083,1,2616,2929,0,706,39771,3245,3,52,1389,721,324,4,13720,8033,30315,0,0,654,8854,7692,11561,0,0,0,18,22,141,2,39733,31295,34540,2,0,0,317
117,3,19,1060723,crash/hangs,-,-,-,-,-,-,-,-,-,-,-,-,-,-,-,-,-,-,-,-,-,-,-,-,-,-,-,-,-,-,-,-,-,-,-,-,-,-,-,-,-,-
118,10,14,1060748,benign,184,153,11130,0,8026,3086,1,2616,2929,0,699,39513,3245,3,52,1709,819,324,3,13879,7888,30388,0,0,654,8834,7665,11519,0,0,0,18,24,39,0,39726,31032,34303,2,0,0,317
0,2,30,1060731,benign,125,27,11096,0,7995,3079,1,2616,2929,0,693,39709,3245,3,53,1562,711,425,3,13484,7785,30339,0,0,654,8873,7675,11563,0,0,0,18,23,35,1,39697,31095,34403,2,0,0,317
1,3,5,1060750,benign,194,154,11128,0,8026,3086,1,2616,2929,1,695,39710,3245,3,53,1373,804,324,4,13798,7768,30341,0,0,654,8844,7672,11557,0,0,0,18,23,39,0,39377,31373,34626,2,0,0,317
2,2,27,1060768,SDC,168,158,10914,0,7890,3020,1,2548,2847,0,677,39092,3147,3,53,1445,713,416,4,13571,7385,29536,0,0,638,8555,7347,11213,0,0,0,18,22,132,3,38958,30517,33677,2,0,0,317
3,7,30,1060723,benign,189,153,11139,0,8021,3080,1,2616,2929,0,689,39478,3245,3,53,1349,715,324,3,13716,7995,30348,0,0,654,8845,7678,11539,0,0,0,18,25,143,2,39818,31033,34267,2,0,0,317
4,6,22,1060729,benign,200,153,11138,0,8033,3086,1,2616,2929,0,693,39432,3245,3,53,1331,951,324,3,13811,8114,30381,0,0,654,8867,7654,11532,0,0,0,18,22,39,0,39523,31103,34375,2,0,0,317
5,6,17,1060720,benign,168,153,11117,0,8003,3077,1,2616,2929,0,693,39205,3245,3,53,1451,796,425,4,13529,7703,30335,0,0,654,8860,7663,11524,0,0,0,18,23,39,0,39262,30777,34014,2,0,0,317
6,1,19,1060724,SDC,165,154,10896,0,7863,3022,1,2555,2854,2,702,38996,3156,3,53,1360,874,324,4,13194,7400,29617,0,0,640,8651,7464,11318,0,0,0,18,22,39,0,38751,30436,33749,2,0,0,317
7,8,0,1060752,benign,168,151,11128,0,8014,3084,1,2616,2929,0,705,39496,3245,3,52,1372,975,425,3,13614,7647,30363,0,0,654,8835,7640,11529,0,0,0,18,25,39,0,39553,30983,34255,2,0,0,317
8,10,19,1060751,benign,196,154,11098,0,7994,3087,1,2616,2929,0,698,39484,3245,3,52,1626,953,323,3,13778,7949,30463,0,0,654,8863,7668,11546,0,0,0,18,24,38,0,39872,31172,34442,2,0,0,317
9,8,4,1060750,benign,191,153,11141,0,8028,3079,1,2616,2930,0,716,39828,3245,3,52,1366,725,426,4,13759,8037,30355,0,0,654,8867,7667,11540,0,0,0,18,24,39,0,39518,30909,34163,2,0,0,317
10,3,23,1060725,benign,204,153,11136,0,8025,3083,1,2616,2929,0,693,39625,3245,3,54,1315,765,324,3,13498,7737,30288,0,0,654,8840,7694,11589,0,0,0,19,27,41,0,39592,31174,34459,2,0,0,317
11,4,1,1060737,benign,204,154,11111,1,8000,3093,1,2616,2930,0,705,39921,3245,3,53,1353,961,333,3,13739,7859,30344,0,0,654,8840,7672,11533,0,0,0,19,28,50,2,39756,31174,34432,3,0,0,317
12,10,31,1060745,benign,189,153,11128,0,8010,3085,1,2616,2929,0,707,39600,3245,3,52,1588,733,324,3,13751,7952,30300,0,0,654,8843,7681,11549,0,0,0,18,24,39,0,39917,31272,34508,2,0,0,317
13,9,6,1060723,benign,195,153,11114,0,8004,3077,1,2616,2929,0,676,39277,3245,3,52,1286,771,324,3,14033,8281,30395,0,0,654,8847,7679,11548,0,0,0,18,24,39,0,39794,30936,34198,2,0,0,317
14,3,22,1060764,benign,165,152,11117,0,8020,3081,1,2616,2929,1,688,39284,3245,3,53,1328,739,428,3,13241,7330,30232,0,0,654,8858,7684,11542,0,0,0,18,24,39,0,39095,30955,34226,2,0,0,316
15,7,26,1060757,benign,195,153,11127,0,8011,3081,1,2616,2929,0,686,39584,3245,3,53,1370,709,323,3,13743,7800,30292,0,0,654,8860,7669,11552,0,0,0,18,24,39,0,39637,31060,34326,2,0,0,317
16,3,16,1060759,benign,189,154,11113,0,7995,3079,1,2616,2929,1,677,39513,3245,3,54,1394,875,324,4,13631,7877,30325,0,0,654,8806,7654,11542,0,0,0,18,24,39,0,39507,31035,34311,2,0,0,317
17,7,27,1060747,benign,191,153,11150,0,8037,3089,1,2616,2929,0,694,39874,3245,3,52,1349,758,324,3,13675,7888,30360,0,0,654,8801,7659,11531,0,0,0,18,23,39,0,39308,31231,34494,2,0,0,316
18,7,21,1060722,benign,189,153,11137,0,8029,3082,1,2616,2929,0,703,39527,3245,3,52,1464,752,417,3,13891,7852,30312,0,0,654,8850,7674,11539,0,0,0,18,25,39,0,39498,31050,34314,2,0,0,317
19,1,30,1060753,benign,200,153,11127,0,8016,3081,1,2616,2929,0,681,39447,3245,3,53,1268,745,324,3,13587,7786,30329,0,0,654,8848,7698,11579,0,0,0,18,22,39,0,39779,31067,34332,2,0,0,317
20,3,8,1060723,benign,195,153,11162,0,8047,3094,1,2616,2929,0,688,39753,3245,3,51,1387,767,417,3,13881,8011,30346,0,0,654,8839,7687,11556,0,0,0,18,24,39,0,39351,31026,34286,2,0,0,317
21,1,27,1060733,benign,190,153,11116,0,8003,3083,1,2616,2929,0,696,39865,3245,3,52,1570,741,323,3,13722,7739,30365,0,0,654,8845,7704,11568,0,0,0,18,23,39,0,39439,31055,34501,2,0,0,317
22,9,19,1060748,benign,168,153,11118,0,8006,3085,1,2616,2929,0,690,39120,3245,3,53,1702,745,324,3,13365,7519,30447,0,0,654,8839,7639,11534,0,0,0,18,24,39,0,39318,30796,34074,2,0,0,317
23,6,20,1060724,benign,167,153,11149,0,8032,3087,1,2616,2929,0,695,39671,3245,3,52,1304,714,324,4,13358,7612,30364,0,0,654,8843,7662,11523,0,0,0,18,24,39,0,39363,30780,34054,2,0,0,317
24,7,9,1060763,benign,195,153,11151,0,8044,3085,1,2616,2929,0,686,39677,3245,3,52,1348,873,324,3,13661,7846,30305,0,0,654,8848,7685,11581,0,0,0,18,23,39,0,39727,31108,34552,2,0,0,317
25,1,5,1060741,benign,201,153,11131,0,8012,3092,1,2616,2929,0,697,39737,3245,3,52,1356,979,323,3,13734,8102,30289,0,0,654,8841,7649,11538,0,0,0,18,24,39,0,39664,31160,34432,2,0,0,316
26,10,30,1060721,benign,194,153,11128,0,8015,3089,1,2616,2929,0,698,39766,3245,3,54,1543,774,324,4,13570,7698,30345,0,0,654,8845,7677,11529,0,0,0,18,24,39,0,39705,31043,34487,2,0,0,317
27,1,23,1060753,benign,187,153,11123,0,8011,3081,1,2616,2929,0,707,39764,3245,3,52,1293,796,324,3,13796,8137,30366,0,0,654,8848,7670,11561,0,0,0,18,23,39,0,39500,30908,34303,2,0,0,317
28,5,14,1060758,benign,193,153,11130,0,8020,3084,1,2616,2929,0,694,39621,3245,3,52,1319,740,324,3,13702,7867,30408,0,0,654,8864,7674,11544,0,0,0,18,23,39,0,39713,31106,34555,2,0,0,317
29,7,31,1060740,benign,166,153,11103,0,7985,3080,1,2616,2929,0,691,39328,3245,3,52,1351,813,323,3,13476,7645,30371,0,0,654,8900,7717,11519,0,0,0,18,23,39,0,39348,30913,34195,2,0,0,317
30,2,13,1060723,benign,188,153,11139,0,8023,3083,1,2616,2929,0,703,39599,3245,3,52,1373,777,324,4,13833,7912,30423,0,0,654,8854,7675,11561,0,0,0,18,25,39,0,39424,31076,34317,2,0,0,317
31,6,31,1060720,benign,168,153,11146,0,8037,3077,1,2616,2929,0,693,39420,3245,3,52,1377,771,426,3,13274,7412,30374,0,0,654,8837,7692,11565,0,0,0,18,22,39,0,39188,31001,34246,2,0,0,317
32,5,22,1060740,benign,167,153,11152,0,8033,3083,1,2616,2929,0,699,39216,3245,3,52,1382,761,324,4,13277,7513,30309,0,0,654,8857,7696,11588,0,0,0,18,23,39,0,39298,30777,34121,2,0,0,317
33,6,24,1060744,benign,166,153,11119,0,8015,3085,1,2616,2929,0,685,39072,3245,3,52,1474,805,324,3,13365,7673,30372,0,0,654,8834,7682,11569,0,0,0,19,28,41,0,39287,30753,34022,2,0,0,317
34,10,26,1060729,benign,184,151,11116,0,8010,3087,1,2616,2929,0,697,39564,3245,3,52,1464,741,324,3,13807,8016,30377,0,0,654,8837,7686,11582,0,0,0,18,24,39,0,39567,31087,34465,2,0,0,317
35,4,5,1060743,benign,194,153,11128,1,8009,3078,1,2616,2929,0,707,39701,3245,3,51,1355,769,324,3,13836,7844,30320,0,0,654,8860,7705,11593,0,0,0,18,23,39,0,39683,31418,34673,2,0,0,317
36,10,10,1060764,benign,166,153,11124,0,8015,3093,1,2616,2929,0,706,39324,3245,3,53,1555,741,425,4,13535,7766,30393,0,0,654,8849,7705,11566,0,0,0,19,26,41,0,39160,30771,33975,2,0,0,317
37,4,4,1060768,benign,167,152,11125,1,8012,3083,1,2616,2929,0,689,39308,3245,3,53,1321,813,333,3,13255,7388,30331,0,0,654,8846,7679,11602,0,0,0,18,25,39,0,39474,31126,34588,3,0,0,317
38,8,5,1060731,benign,196,153,11136,0,8028,3085,1,2616,2929,0,708,39719,3245,3,52,1561,744,425,3,13683,7974,30425,0,0,654,8843,7714,11586,0,0,0,18,23,39,0,39613,31150,34598,2,0,0,317
39,10,1,1060724,benign,166,153,11127,0,8014,3082,1,2616,2929,0,702,39472,3245,3,53,1573,763,324,3,13232,7357,30379,0,0,654,8824,7675,11557,0,0,0,18,22,38,0,39360,30701,33968,2,0,0,317
40,10,10,1060728,benign,166,153,11130,0,8016,3084,1,2616,2929,0,698,39273,3245,3,53,1418,818,425,3,13305,7576,30392,0,0,654,8862,7654,11529,0,0,0,18,23,39,0,39109,30653,33921,2,0,0,317
41,3,21,1060743,SDC,196,154,10815,0,7801,3014,1,2548,2847,0,677,38869,3147,3,53,1536,795,324,4,13715,7858,29539,0,0,638,8569,7392,11280,0,0,0,18,23,39,0,38919,30222,33669,2,0,0,317
42,3,14,1060764,benign,167,154,11156,0,8044,3087,1,2616,2929,1,687,39397,3245,3,53,1519,716,324,4,13339,7479,30294,0,0,654,8825,7674,11542,0,0,0,18,22,39,0,39226,30718,33960,2,0,0,317
43,9,11,1060728,benign,168,153,11127,0,8009,3072,1,2616,2929,0,689,39198,3245,3,52,1309,776,426,4,13363,7493,30340,0,0,654,8843,7686,11548,0,0,0,18,23,143,2,39354,30751,34007,2,0,0,317
44,7,20,1060728,benign,165,153,11127,0,8013,3092,1,2616,2929,0,702,39692,3245,3,52,1336,774,324,4,13557,7564,30321,0,0,654,8829,7640,11521,0,0,0,18,23,35,1,39354,30740,34161,2,0,0,317
45,4,4,1060742,benign,186,154,11085,1,7981,3078,1,2616,2929,0,695,39658,3245,3,52,1573,791,433,3,13520,7778,30341,0,0,654,8859,7638,11561,0,0,0,18,25,48,2,39549,31139,34585,3,0,0,317
46,1,28,1060754,benign,194,153,11130,0,8025,3082,1,2616,2929,0,701,39680,3245,3,52,1340,715,324,4,13683,7918,30333,0,0,654,8855,7682,11551,0,0,0,18,25,39,0,39616,31147,34396,2,0,0,317
47,6,15,1060767,benign,195,153,11112,0,8006,3091,1,2616,2929,0,705,39909,3245,3,53,1363,908,324,3,13515,7662,30414,0,0,654,8840,7685,11553,0,0,0,18,23,39,0,39420,31187,34596,2,0,0,317
48,10,25,1060731,benign,194,153,11129,0,8018,3090,1,2616,2929,0,690,39626,3245,3,52,1602,760,425,4,13882,7924,30389,0,0,654,8869,7705,11569,0,0,0,18,24,39,0,39367,31006,34281,2,0,0,317
49,7,1,1060760,benign,164,151,11141,0,8027,3089,1,2616,2929,0,714,39463,3245,3,53,1495,765,324,4,13694,7574,30311,0,0,654,8858,7683,11592,0,0,0,18,24,140,2,39482,30942,34181,2,0,0,317
50,7,9,1060737,benign,196,153,11129,0,8028,3091,1,2616,2929,0,677,39743,3245,3,52,1308,779,324,3,13733,8053,30337,0,0,654,8856,7679,11543,0,0,0,18,24,39,0,39663,31402,34653,2,0,0,317
51,7,31,1060753,benign,196,153,11146,0,8023,3086,1,2616,2929,0,679,39529,3245,3,53,1372,713,426,3,13607,7824,30342,0,0,654,8867,7696,11555,0,0,0,18,24,39,0,39582,31180,34454,2,0,0,317
52,10,9,1060742,benign,187,153,11123,0,8014,3083,1,2616,2929,0,694,39552,3245,3,53,1348,826,324,3,13693,7787,30338,0,0,654,8844,7668,11533,0,0,0,18,25,38,0,39765,30887,34088,2,0,0,317
53,6,8,1060734,benign,190,153,11108,0,8002,3084,1,2616,2930,0,706,39776,3245,3,53,1605,764,420,3,13585,7791,30392,0,0,654,8829,7693,11588,0,0,0,18,24,39,0,39266,31182,34432,2,0,0,317
54,9,2,1060767,benign,193,153,11129,0,8015,3085,1,2616,2929,0,705,39620,3245,3,52,1668,705,417,3,13623,7893,30410,0,0,654,8852,7663,11522,0,0,0,18,22,39,0,39558,31222,34479,2,0,0,317
55,5,25,1060744,benign,165,153,11155,0,8041,3085,1,2616,2929,0,685,39321,3245,3,53,1433,924,424,4,13409,7601,30282,0,0,654,8844,7681,11570,0,0,0,18,24,39,0,39326,30891,34174,2,0,0,317
56,1,12,1060727,crash/hangs,-,-,-,-,-,-,-,-,-,-,-,-,-,-,-,-,-,-,-,-,-,-,-,-,-,-,-,-,-,-,-,-,-,-,-,-,-,-,-,-,-,-
57,3,6,1060740,SDC,90,28,10866,1,7869,3022,1,2548,2847,0,688,38988,3147,3,54,1302,828,417,3,13407,7490,29590,0,0,638,8591,7418,11248,0,0,0,18,23,232,5,38826,30007,33261,3,0,0,317
58,2,13,1060738,benign,194,153,11119,0,7999,3079,1,2616,2929,0,686,39490,3245,3,52,1570,802,324,3,13571,7761,30384,0,0,654,8862,7655,11544,0,0,0,18,23,39,0,39902,31221,34484,2,0,0,317
59,5,16,1060731,benign,196,153,11118,0,7995,3082,1,2616,2929,0,699,39725,3245,3,52,1344,789,324,3,13556,7921,30427,0,0,654,8842,7701,11569,0,0,0,18,23,39,0,39335,31025,34280,2,0,0,317
60,2,26,1060744,benign,167,153,11110,0,7995,3080,1,2616,2929,0,694,39368,3245,3,52,1308,1029,324,4,13350,7535,30305,0,0,654,8851,7676,11538,0,0,0,18,23,39,0,39323,30850,34099,2,0,0,317
61,3,7,1060755,benign,193,153,11082,0,7978,3086,1,2616,2929,0,690,39598,3245,3,53,1526,739,324,3,13610,7908,30336,0,0,654,8849,7619,11539,0,0,0,18,23,39,0,39436,31272,34534,2,0,0,317
62,2,15,1060726,benign,185,153,11153,0,8043,3089,1,2616,2929,0,683,39458,3245,3,52,1340,766,324,3,13575,7797,30310,0,0,654,8856,7672,11536,0,0,0,19,25,41,0,39416,31008,34279,2,0,0,317
63,9,24,1060722,benign,193,153,11116,0,8009,3080,1,2616,2929,0,697,39451,3245,3,52,1315,741,617,4,13572,7804,30385,0,0,654,8828,7655,11584,0,0,0,18,25,39,0,39486,30996,34270,2,0,0,316
64,2,13,1060726,benign,194,153,11131,0,8035,3091,1,2616,2929,0,693,39712,3245,3,52,1554,738,426,3,13775,7984,30289,0,0,654,8834,7675,11553,0,0,0,18,24,39,0,39452,31091,34341,2,0,0,317
65,4,18,1060747,benign,195,153,11128,0,8014,3088,1,2616,2929,0,701,39639,3245,3,53,1361,735,426,3,13729,7971,30422,0,0,654,8867,7667,11531,0,0,0,18,25,39,0,39442,31008,34400,2,0,0,317
66,6,30,1060750,benign,193,153,11105,0,7995,3072,1,2616,2929,0,692,39664,3245,3,52,1332,818,324,3,13788,7933,30304,0,0,654,8861,7674,11535,0,0,0,18,22,143,2,39769,31232,34494,2,0,0,317
67,10,5,1060762,benign,198,153,11142,0,8024,3079,1,2616,2929,0,686,39530,3245,3,52,1347,771,324,3,13696,7976,30393,0,0,654,8879,7692,11557,0,0,0,18,24,39,0,39620,31200,34478,2,0,0,317
68,2,31,1060745,benign,196,153,11112,0,8004,3085,1,2616,2929,0,714,39846,3245,3,53,1613,778,420,4,13534,7649,30339,0,0,654,8839,7657,11529,0,0,0,18,24,39,0,39706,31399,34792,2,0,0,317
69,1,5,1060746,benign,186,153,11153,0,8049,3092,1,2616,2929,0,692,39676,3245,3,52,1315,1032,324,4,13460,7580,30246,0,0,654,8839,7681,11574,0,0,0,18,24,141,2,39553,30979,34206,2,0,0,317
70,3,8,1060745,benign,195,153,11131,0,8020,3087,1,2616,2930,0,698,39659,3245,3,52,1681,768,416,3,13626,7750,30429,0,0,654,8820,7680,11531,0,0,0,18,22,39,0,39663,31085,34339,2,0,0,317
71,9,16,1060745,benign,190,153,11134,0,8020,3088,1,2616,2929,0,692,39772,3245,3,52,1534,767,324,3,13876,8072,30391,0,0,654,8836,7650,11558,0,0,0,18,23,35,1,39806,31128,34548,2,0,0,317
72,2,18,1060747,benign,198,153,11136,0,8024,3091,1,2616,2929,0,692,39730,3245,3,52,1475,742,417,3,13824,7918,30313,0,0,654,8852,7661,11545,0,0,0,18,25,39,0,39262,31119,34414,2,0,0,317
73,2,27,1060736,benign,165,151,11124,0,8018,3081,1,2616,2929,0,690,39186,3245,3,52,1323,913,324,3,13870,7788,30271,0,0,654,8815,7652,11562,0,0,0,18,24,39,0,39225,30790,34031,2,0,0,317
74,1,0,1060741,benign,193,151,11149,0,8041,3081,1,2616,2929,0,687,39559,3245,3,52,1644,758,324,3,13829,8079,30321,0,0,654,8844,7694,11550,0,0,0,18,21,39,0,39538,30961,34394,2,0,0,317
75,3,8,1060763,benign,200,151,11154,0,8042,3084,1,2616,2929,0,700,39568,3245,3,52,1290,996,324,4,13495,7737,30292,0,0,654,8818,7651,11517,0,0,0,18,24,143,2,39753,31204,34477,2,0,0,317
76,4,11,1060741,benign,187,153,11110,0,8000,3081,1,2616,2929,0,698,39650,3245,3,51,1588,712,324,4,14020,8233,30363,0,0,654,8849,7652,11517,0,0,0,18,24,39,0,39337,31299,34545,2,0,0,317
77,4,3,1060752,benign,166,152,11136,1,8030,3090,1,2616,2929,0,693,39253,3245,3,52,1335,767,334,3,13314,7663,30397,0,0,654,8828,7682,11552,0,0,0,18,22,39,0,39381,30794,34026,3,0,0,317
78,1,0,1060758,benign,190,151,11134,0,8017,3088,1,2616,2929,0,706,39740,3245,3,52,1479,754,324,4,13848,8102,30290,0,0,654,8827,7656,11535,0,0,0,18,25,140,2,39819,31002,34252,2,0,0,317
79,5,12,1060720,benign,165,153,11140,0,8034,3088,1,2616,2929,0,688,39182,3245,3,52,1399,729,428,3,13231,7401,30269,0,0,654,8856,7661,11520,0,0,0,18,23,39,0,39172,30936,34168,2,0,0,317
80,2,4,1060766,benign,185,153,11124,0,8018,3083,1,2616,2929,0,686,39499,3245,3,53,1576,1016,324,3,13622,7788,30356,0,0,654,8819,7656,11540,0,0,0,18,24,39,0,39529,30934,34349,2,0,0,317
81,2,27,1060731,benign,202,153,11139,0,8032,3082,1,2616,2929,0,693,39666,3245,3,52,1319,1000,324,3,13592,7822,30373,0,0,654,8861,7659,11521,0,0,0,18,24,39,0,39682,31067,34490,2,0,0,317
82,5,30,1060723,benign,194,153,11147,0,8028,3081,1,2616,2929,0,690,39631,3245,3,52,1303,775,324,3,13722,7932,30504,0,0,654,8855,7674,11548,0,0,0,18,23,39,0,39556,31129,34389,2,0,0,317
83,3,7,1060757,benign,189,153,11128,1,8015,3087,1,2616,2929,0,687,39801,3245,3,54,1367,693,410,4,14118,8080,30370,0,0,654,8846,7639,11535,0,0,0,18,23,125,2,39942,31378,34651,3,0,0,317
0,2,10,1060753,benign,117,27,11107,0,8001,3081,1,2616,2929,0,700,39846,3245,3,53,1439,732,324,3,13641,7840,30310,0,0,654,8818,7643,11514,0,0,0,18,23,39,0,39452,31395,34659,2,0,0,317
1,1,17,1060726,crash/hangs,-,-,-,-,-,-,-,-,-,-,-,-,-,-,-,-,-,-,-,-,-,-,-,-,-,-,-,-,-,-,-,-,-,-,-,-,-,-,-,-,-,-
2,1,13,1060736,benign,90,30,11138,0,8020,3396,1,2616,2929,0,693,39361,3245,3,54,1328,930,324,3,13579,7796,30210,0,0,654,8853,7663,11526,0,0,0,18,24,39,0,39509,30749,33999,2,0,0,317
3,9,15,1060725,benign,186,153,11126,0,8015,3083,1,2616,2929,0,711,39709,3245,3,53,1508,849,324,3,13698,7873,30423,0,0,654,8854,7723,11594,0,0,0,18,23,39,0,39536,30870,34071,2,0,0,317
4,1,12,1060762,benign,196,153,11139,0,8030,3081,1,2616,2929,0,693,39741,3245,3,52,1311,844,323,3,13654,7952,30399,0,0,654,8863,7674,11544,0,0,0,18,24,39,0,39447,31387,34621,2,0,0,317
5,4,23,1060728,benign,166,153,11148,0,8030,3082,1,2616,2929,0,698,39250,3245,3,51,1529,732,324,3,13490,7706,30358,0,0,654,8852,7632,11546,0,0,0,18,23,33,0,39333,30585,33846,2,0,0,317
6,6,11,1060752,benign,165,153,11128,0,8020,3081,1,2616,2929,0,693,39284,3245,3,53,1341,735,426,3,13349,7615,30352,0,0,654,8853,7666,11513,0,0,0,18,24,39,0,39302,30870,34127,2,0,0,317
7,3,5,1060759,benign,193,154,11130,0,8016,3079,1,2616,2929,0,708,39798,3245,3,55,1587,715,426,5,13838,7848,30389,0,0,654,8863,7682,11555,0,0,0,18,25,39,0,39615,31001,34420,2,0,0,317
8,10,24,1060727,benign,192,151,11142,0,8029,3082,1,2616,2929,0,673,39308,3245,3,52,1348,711,324,4,13743,8005,30378,0,0,654,8856,7688,11549,0,0,0,18,24,39,0,39397,31221,34455,2,0,0,317
9,9,5,1060753,benign,202,153,11118,0,8004,3087,1,2616,2929,0,696,39576,3245,3,53,1346,741,324,3,13745,7865,30309,0,0,654,8819,7685,11562,0,0,0,18,25,39,0,39720,30950,34412,2,0,0,317
10,2,12,1060735,benign,202,153,11098,0,7995,3080,1,2616,2929,0,706,39824,3245,3,52,1304,809,426,3,13481,7773,30243,0,0,654,8873,7680,11543,0,0,0,18,25,39,0,39312,31271,34530,2,0,0,317
11,5,21,1060747,benign,185,153,11105,0,7993,3080,1,2616,2929,0,706,39848,3245,3,52,1354,696,324,3,13522,7805,30320,0,0,654,8820,7627,11508,0,0,0,18,24,141,2,39701,31255,34680,2,0,0,316
12,3,21,1060746,benign,193,153,11121,0,8014,3069,1,2616,2929,0,694,39831,3245,3,52,1631,761,426,3,13504,7702,30334,0,0,654,8851,7699,11556,0,0,0,18,23,39,0,39612,31038,34279,2,0,0,317
13,2,15,1060764,benign,167,153,11119,0,8014,3089,1,2616,2929,0,686,39215,3245,3,52,1352,797,324,3,13421,7578,30266,0,0,654,8832,7668,11545,0,0,0,18,23,39,0,39583,30955,34199,2,0,0,317
14,1,15,1060760,benign,165,154,11128,0,8027,3089,1,2616,2929,0,686,39250,3245,3,52,1341,758,324,3,13293,7541,30313,0,0,654,8841,7664,11545,0,0,0,18,23,39,0,39205,30928,34195,2,0,0,317
15,10,17,1060764,benign,167,153,11111,0,8001,3083,1,2616,2929,0,684,39156,3245,3,52,1347,756,323,3,13304,7442,30412,0,0,654,8863,7642,11528,0,0,0,18,24,39,0,39315,30793,34229,2,0,0,317
16,1,8,1060763,benign,191,153,11089,0,7997,3083,1,2616,2929,0,694,39655,3245,3,52,1523,781,324,4,13835,8081,30308,0,0,654,8835,7677,11555,0,0,0,18,24,39,0,39512,31330,34786,2,0,0,317
17,1,5,1060755,benign,195,153,11142,0,8035,3082,1,2616,2929,0,694,39676,3245,3,52,1400,962,426,3,13789,7806,30341,0,0,654,8855,7651,11520,0,0,0,18,23,39,0,39248,31101,34374,2,0,0,317
18,1,5,1060734,benign,191,151,11122,0,8010,3074,1,2616,2929,0,716,39891,3245,3,52,1499,718,426,3,13604,7910,30384,0,0,654,8845,7650,11565,0,0,0,18,23,39,0,39495,31015,34455,2,0,0,317
19,6,16,1060746,benign,202,151,11150,0,8043,3089,1,2616,2929,0,684,39572,3245,3,52,1313,788,425,3,13487,7708,30316,0,0,654,8860,7680,11560,0,0,0,18,24,38,0,39658,31066,34489,2,0,0,317
20,10,25,1060767,benign,198,153,11114,0,8002,3081,1,2616,2929,0,686,39667,3245,3,52,1345,733,324,4,13691,7898,30369,0,0,654,8844,7685,11568,0,0,0,19,25,41,0,39345,30907,34384,2,0,0,317
21,2,9,1060731,benign,190,153,11154,0,8045,3083,1,2616,2929,0,690,39550,3245,3,52,1361,978,324,3,13611,7794,30378,0,0,654,8863,7660,11538,0,0,0,18,24,39,0,39768,31137,34393,2,0,0,317
22,6,27,1060727,benign,193,153,11144,0,8039,3088,1,2616,2929,0,693,39662,3245,3,52,1540,728,427,3,13459,7730,30304,0,0,654,8831,7646,11543,0,0,0,18,24,39,0,39723,31384,34632,2,0,0,317
23,4,6,1060765,benign,192,154,11177,1,8057,3094,1,2616,2929,0,707,39691,3245,3,52,1448,768,435,3,13763,8043,30450,0,0,654,8897,7748,11564,0,0,0,18,23,48,2,39714,30982,34273,3,0,0,317
24,9,5,1060742,benign,203,153,11109,0,8000,3083,1,2616,2929,0,699,39804,3245,3,52,1350,766,426,3,13647,7910,30316,0,0,654,8818,7608,11495,0,0,0,18,22,39,0,39401,31256,34654,2,0,0,317
25,4,13,1060725,benign,184,153,11121,0,8012,3086,1,2616,2929,0,699,39527,3245,3,52,1702,697,416,3,13592,7892,30269,0,0,654,8853,7665,11546,0,0,0,18,25,34,0,39672,30981,34263,2,0,0,317
26,3,15,1060758,benign,192,153,11156,0,8042,3099,1,2616,2929,0,699,39575,3245,3,52,1513,780,324,3,13808,7735,30370,0,0,654,8837,7629,11528,0,0,0,18,25,39,0,39435,30987,34400,2,0,0,317
27,5,24,1060737,benign,200,153,11146,0,8028,3087,1,2616,2929,0,700,39605,3245,3,52,1364,748,324,4,13760,8013,30485,0,0,654,8845,7677,11577,0,0,0,18,23,132,2,40031,31044,34503,2,0,0,317
28,1,15,1060721,SDC,198,155,10844,1,7839,3025,1,2548,2848,0,660,39103,3147,3,56,1582,847,520,4,13434,7343,29486,0,0,638,8598,7434,11270,0,0,0,18,22,132,3,39326,30222,33549,3,0,0,317
29,1,20,1060751,benign,186,151,11131,0,8019,3083,1,2616,2929,0,683,39489,3245,3,52,1393,767,324,3,13665,8036,30466,0,0,654,8842,7686,11573,0,0,0,18,23,39,0,39357,31007,34300,2,0,0,317
30,8,7,1060741,benign,203,151,11127,0,8024,3075,1,2616,2930,0,689,39874,3245,3,52,1349,786,324,3,13421,7620,30355,0,0,654,8856,7675,11554,0,0,0,18,23,39,0,39522,31274,34563,2,0,0,317
31,10,8,1060739,benign,196,153,11130,0,8025,3083,1,2616,2929,0,695,39963,3245,3,52,1570,728,429,3,13880,7943,30337,0,0,654,8853,7664,11556,0,0,0,18,22,39,0,39643,30940,34177,2,0,0,317
32,8,31,1060747,benign,197,153,11153,0,8035,3090,1,2616,2929,0,696,39717,3245,3,53,1381,703,324,3,13469,7651,30344,0,0,654,8861,7658,11550,0,0,0,18,22,140,2,39918,30910,34204,2,0,0,317
33,4,21,1060736,benign,167,153,11149,0,8027,3084,1,2616,2929,0,698,39489,3245,3,52,1607,804,546,3,13517,7743,30355,0,0,654,8864,7707,11589,0,0,0,18,22,39,0,39489,30836,34081,2,0,0,317
34,9,14,1060762,benign,192,153,11144,0,8031,3090,1,2616,2929,0,694,39640,3245,3,53,1349,742,324,3,13662,7781,30382,0,0,654,8854,7655,11520,0,0,0,18,24,39,0,39430,31076,34497,2,0,0,317
35,7,22,1060754,benign,194,153,11130,0,8020,3093,1,2616,2929,0,683,39326,3245,3,52,1596,767,416,3,13873,7634,30341,0,0,654,8842,7639,11514,0,0,0,18,23,39,0,39457,31237,34527,2,0,0,317
36,7,10,1060720,benign,166,153,11112,0,8013,3082,1,2616,2929,0,712,39620,3245,3,52,1558,734,428,3,13527,7707,30331,0,0,654,8843,7687,11567,0,0,0,18,23,39,0,39364,31027,34309,2,0,0,317
37,5,20,1060721,benign,190,153,11133,0,8026,3073,1,2616,2929,0,689,39611,3245,3,54,1532,765,427,3,13657,7886,30385,0,0,654,8867,7678,11552,0,0,0,18,24,39,0,39511,31292,34627,2,0,0,317
38,3,7,1060720,benign,166,153,11110,0,8006,3083,1,2616,2929,0,701,39187,3245,3,53,1362,739,324,3,13558,7586,30260,0,0,654,8839,7658,11538,0,0,0,18,24,39,0,39250,30924,34148,2,0,0,317
39,8,8,1060745,benign,194,153,11142,0,8038,3083,1,2616,2929,0,701,39587,3245,3,52,1597,915,324,3,13916,8071,30312,0,0,654,8848,7680,11569,0,0,0,18,23,39,0,39355,31036,34256,2,0,0,317
40,8,2,1060751,benign,189,153,11119,0,8010,3093,1,2616,2929,0,689,39358,3245,3,52,1377,706,428,3,13540,7849,30399,0,0,654,8871,7669,11538,0,0,0,18,23,39,0,39397,30972,34235,2,0,0,317
41,2,12,1060738,benign,191,153,11152,0,8026,3092,1,2616,2929,0,703,39554,3245,3,52,1396,776,426,3,13664,7824,30382,0,0,654,8851,7674,11555,0,0,0,18,24,39,0,39522,31065,34345,2,0,0,317
42,10,4,1060726,benign,189,153,11129,0,8016,3086,1,2616,2929,0,694,39400,3245,3,53,1349,748,324,3,13740,8045,30362,0,0,654,8834,7676,11557,0,0,0,18,22,253,2,39643,31186,34516,2,0,0,317
43,5,16,1060724,benign,168,153,11111,0,8002,3080,1,2616,2929,0,693,39227,3245,3,52,1328,755,324,3,13443,7489,30294,0,0,654,8809,7684,11561,0,0,0,18,24,39,0,39136,30716,33951,2,0,0,317
0,3,19,1060766,benign,124,28,11129,0,8020,3101,1,2616,2929,0,694,39535,3245,3,54,1346,715,324,3,13598,7859,30300,0,0,654,8861,7680,11554,0,0,0,19,27,41,0,39694,30870,34084,2,0,0,317
1,5,21,1060723,benign,185,153,11107,0,7999,3084,1,2616,2929,0,696,39581,3245,3,52,1343,800,426,4,13560,7557,30186,0,0,654,8831,7671,11558,0,0,0,18,23,39,0,39573,31192,34444,2,0,0,317
2,6,10,1060721,benign,191,153,11131,0,8018,3081,1,2616,2929,0,695,39381,3245,3,52,1308,731,324,3,13624,7770,30339,0,0,654,8826,7644,11528,0,0,0,18,25,39,0,39724,31030,34281,2,0,0,316
3,1,22,1060726,SDC,188,155,10889,0,7851,3017,1,2555,2854,0,703,38907,3156,3,55,1463,946,427,3,13642,8033,29692,0,0,640,8651,7457,11334,0,0,0,18,24,39,0,39195,30626,33887,2,0,0,317
4,1,2,1060741,benign,201,151,11119,0,8009,3092,1,2616,2929,0,698,39531,3245,3,52,1473,922,425,4,13524,7749,30314,0,0,654,8829,7672,11574,0,0,0,18,22,39,0,39315,31033,34281,2,0,0,317
5,5,4,1060742,benign,183,153,11154,0,8031,3083,1,2616,2929,0,692,39385,3245,3,54,1654,784,417,3,13600,7937,30291,0,0,654,8847,7633,11526,0,0,0,18,24,39,0,39519,30918,34160,2,0,0,317
6,2,28,1060744,benign,168,153,11133,0,8023,3090,1,2616,2929,0,713,39592,3245,3,53,1391,757,323,3,13316,7551,30344,0,0,654,8855,7673,11568,0,0,0,18,23,143,2,39629,30793,34056,2,0,0,317
7,4,25,1060751,benign,191,151,11127,0,8023,3082,1,2616,2929,0,694,39485,3245,3,53,1367,718,324,3,13617,7739,30305,0,0,654,8858,7683,11582,0,0,0,18,25,39,0,39829,31033,34365,2,0,0,317
8,4,27,1060760,benign,164,151,11158,0,8045,3092,1,2616,2929,0,691,39317,3245,3,51,1333,814,324,3,13386,7665,30357,0,0,654,8836,7691,11564,0,0,0,18,25,39,0,39413,30936,34188,2,0,0,317
9,10,17,1060768,benign,167,153,11141,0,8031,3080,1,2616,2929,0,703,39624,3245,3,53,1373,1017,324,4,13255,7335,30302,0,0,654,8842,7648,11552,0,0,0,18,24,142,2,39437,31037,34267,2,0,0,317
10,8,22,1060745,benign,184,153,11117,0,7999,3079,1,2616,2929,0,701,39611,3245,3,52,1328,960,324,4,13583,7792,30377,0,0,654,8840,7683,11541,0,0,0,18,25,39,0,39345,31334,34618,2,0,0,317
11,1,24,1060746,benign,182,151,11132,0,8018,3089,1,2616,2929,0,692,39555,3245,3,52,1364,884,323,4,13574,7684,30342,0,0,654,8851,7655,11523,0,0,0,18,23,39,0,39441,30983,34391,2,0,0,317
12,10,27,1060741,benign,186,153,11150,0,8036,3096,1,2616,2929,0,685,39414,3245,3,52,1510,781,324,3,13506,7731,30371,0,0,654,8842,7686,11553,0,0,0,18,22,39,0,39567,31179,34460,2,0,0,317
13,7,22,1060737,benign,187,151,11136,0,8023,3087,1,2616,2930,0,704,39656,3245,3,52,1349,775,324,3,13518,7642,30325,0,0,654,8826,7668,11512,0,0,0,18,25,39,0,39381,31117,34399,2,0,0,317
14,7,6,1060749,benign,186,153,11135,0,8027,3082,1,2616,2929,0,703,39688,3245,3,54,1320,787,324,3,13492,7587,30390,0,0,654,8844,7662,11541,0,0,0,18,23,39,0,39389,30907,34164,2,0,0,317
15,7,7,1060757,benign,184,153,11145,0,8025,3084,1,2616,2929,0,707,39904,3245,3,52,1338,746,324,3,13682,7549,30207,0,0,654,8868,7662,11546,0,0,0,18,24,39,0,39815,30946,34173,2,0,0,317
16,5,0,1060756,benign,166,153,11149,0,8037,3086,1,2616,2929,0,722,39468,3245,3,52,1358,750,421,3,13601,7751,30278,0,0,654,8830,7672,11534,0,0,0,18,22,39,0,39140,30653,34123,2,0,0,317
17,8,12,1060766,benign,180,153,11146,0,8027,3082,1,2616,2929,0,706,39774,3245,3,52,1340,765,324,3,13677,7971,30406,0,0,654,8849,7661,11530,0,0,0,18,25,39,0,39310,31143,34410,2,0,0,317
18,8,21,1060733,benign,184,153,11123,0,8013,3085,1,2616,2929,0,696,39497,3245,3,52,1332,767,324,3,13615,7923,30339,0,0,654,8865,7679,11570,0,0,0,19,26,41,0,39395,31196,34649,2,0,0,317
19,10,23,1060754,benign,184,151,11141,0,8034,3088,1,2616,2929,0,688,39585,3245,3,52,1290,787,324,3,13920,7996,30386,0,0,654,8859,7674,11555,0,0,0,18,23,39,0,39513,30957,34256,2,0,0,317
20,9,26,1060721,benign,185,153,11129,0,8025,3083,1,2616,2929,0,700,39620,3245,3,53,1562,912,324,3,13590,7872,30348,0,0,654,8832,7636,11506,0,0,0,18,23,39,0,39717,31247,34498,2,0,0,317
21,10,2,1060721,benign,183,153,11152,0,8037,3090,1,2616,2929,0,702,39690,3245,3,52,1488,730,323,4,13336,7492,30261,0,0,654,8844,7653,11513,0,0,0,18,24,39,0,39324,31034,34547,2,0,0,317
22,10,25,1060752,benign,166,153,11115,0,8002,3084,1,2616,2929,0,702,39586,3245,3,52,1460,698,324,3,13241,7421,30311,0,0,654,8876,7681,11566,0,0,0,18,23,38,0,38973,30832,34088,2,0,0,316
23,1,15,1060730,SDC,184,153,10876,0,7845,3025,1,2548,2847,0,656,38742,3147,3,55,1285,894,417,3,13519,7533,29561,0,0,638,8568,7378,11268,0,0,0,18,23,234,5,39195,30638,34052,3,0,0,317
24,5,22,1060760,benign,166,153,11108,0,7996,3069,1,2616,2929,0,690,39120,3245,3,52,1358,777,425,3,13280,7445,30309,0,0,654,8830,7669,11569,0,0,0,18,23,39,0,39286,30783,34248,2,0,0,317
25,8,15,1060750,benign,185,153,11095,0,7984,3075,1,2616,2929,0,687,39426,3245,3,52,1348,779,428,3,13723,8077,30381,0,0,654,8851,7698,11566,0,0,0,18,24,39,0,39222,30930,34338,2,0,0,316
26,3,2,1060723,benign,200,153,11136,0,8021,3082,1,2616,2929,0,700,39605,3245,3,52,1366,804,324,3,13682,7594,30398,0,0,654,8842,7651,11543,0,0,0,18,24,143,2,39682,30735,34238,2,0,0,317
27,6,28,1060751,benign,188,153,11155,0,8044,3083,1,2616,2929,0,686,39375,3245,3,52,1336,732,324,3,13633,7837,30401,0,0,654,8857,7695,11567,0,0,0,18,23,39,0,39476,31207,34459,2,0,0,316
28,6,26,1060730,benign,190,153,11118,0,8011,3086,1,2616,2929,0,704,39726,3245,3,52,1317,737,426,3,13777,7912,30320,0,0,654,8844,7674,11534,0,0,0,18,23,39,0,39235,30955,34216,2,0,0,317
0,10,14,1060749,benign,119,27,11107,0,7996,3083,1,2616,2929,0,696,39724,3245,3,52,1533,747,324,3,13947,7963,30301,0,0,654,8873,7714,11614,0,0,0,18,24,39,0,39558,30972,34233,2,0,0,317
1,5,9,1060731,benign,183,153,11127,0,8009,3084,1,2616,2929,0,703,39644,3245,3,52,1288,780,323,4,13671,7859,30353,0,0,654,8836,7669,11549,0,0,0,18,24,39,0,39472,31032,34296,2,0,0,317
2,9,30,1060727,benign,197,153,11122,0,8011,3081,1,2616,2929,0,689,39496,3245,3,52,1324,742,324,3,13688,7974,30395,0,0,654,8831,7644,11530,0,0,0,18,22,39,0,39596,31007,34242,2,0,0,317
3,7,20,1060756,benign,166,151,11119,0,8016,3079,1,2616,2929,0,684,39294,3245,3,53,1419,745,324,3,13349,7467,30282,0,0,654,8827,7691,11577,0,0,0,18,23,143,2,39578,30757,34030,2,0,0,317
4,6,3,1060728,benign,167,153,11141,0,8028,3080,1,2616,2929,0,691,39443,3245,3,52,1551,717,425,3,13317,7558,30336,0,0,654,8869,7667,11540,0,0,0,18,23,38,0,39205,30860,34129,2,0,0,317
5,10,3,1060767,benign,195,153,11114,0,8007,3084,1,2616,2929,0,683,39511,3245,3,52,1341,779,324,3,13644,7861,30289,0,0,654,8830,7682,11566,0,0,0,18,22,39,0,39492,30914,34116,2,0,0,317
6,7,23,1060722,benign,181,151,11111,0,8004,3083,1,2616,2929,0,691,39428,3245,3,52,1294,781,426,4,13703,7848,30404,0,0,654,8841,7687,11570,0,0,0,18,23,39,0,39357,31277,34750,2,0,0,317
7,9,17,1060742,benign,191,153,11171,0,8061,3088,1,2616,2929,0,707,39695,3245,3,52,1465,777,426,3,13686,7898,30338,0,0,654,8864,7693,11595,0,0,0,19,26,41,0,39759,30965,34390,2,0,0,317
8,10,9,1060726,benign,194,153,11125,0,8023,3086,1,2616,2929,0,691,39663,3245,3,52,1337,790,324,3,13739,8131,30499,0,0,654,8831,7633,11528,0,0,0,19,26,41,0,39426,31206,34465,2,0,0,317
9,4,0,1060752,benign,168,154,11116,1,8006,3081,1,2616,2929,0,691,39221,3245,3,52,1353,780,333,3,13401,7554,30324,0,0,654,8845,7685,11532,0,0,0,18,24,39,0,39300,30816,34055,3,0,0,317
10,10,6,1060751,benign,190,153,11121,0,8014,3086,1,2616,2929,0,686,39579,3245,3,53,1393,740,426,3,13801,7981,30334,0,0,654,8845,7686,11561,0,0,0,19,27,41,0,39686,30835,34071,2,0,0,317
11,4,25,1060725,benign,192,153,11134,0,8030,3081,1,2616,2929,0,703,39883,3245,3,53,1342,763,427,4,13563,7712,30351,0,0,654,8841,7638,11523,0,0,0,18,24,370,2,39867,30930,34404,2,0,0,316
12,4,21,1060741,benign,187,153,11131,0,8010,3080,1,2616,2929,0,701,39526,3245,3,52,1344,967,324,4,13489,7786,30374,0,0,654,8825,7689,11542,0,0,0,18,23,39,0,39547,30912,34165,2,0,0,370
13,3,1,1060745,benign,198,151,11128,0,8022,3084,1,2616,2929,0,696,39715,3245,3,52,1539,748,421,4,13499,7732,30354,0,0,654,8848,7671,11572,0,0,0,18,23,39,0,39520,31073,34515,2,0,0,317
14,3,25,1060734,benign,190,153,11175,0,8054,3094,1,2616,2929,0,688,39510,3245,3,52,1504,791,324,3,13616,7766,30405,0,0,654,8842,7664,11527,0,0,0,18,23,39,0,39566,31169,34432,2,0,0,317
15,1,18,1060746,benign,193,151,11114,0,8002,3085,1,2616,2929,0,685,39449,3245,3,52,1311,734,378,4,13678,7981,30359,0,0,654,8847,7690,11577,0,0,0,18,22,39,0,40066,30942,34235,2,0,0,317
16,4,15,1060760,benign,165,153,11125,0,8020,3087,1,2616,2930,0,693,39521,3245,3,52,1348,916,324,3,13393,7426,30327,0,0,654,8820,7653,11581,0,0,0,18,24,39,0,39325,31039,34275,2,0,0,317
17,4,19,1060746,benign,189,153,11129,0,8020,3081,1,2616,2929,0,709,39785,3245,3,52,1462,922,427,3,13752,7987,30415,0,0,654,8842,7688,11583,0,0,0,18,24,39,0,39581,31182,34418,2,0,0,317
18,4,9,1060732,benign,166,153,11151,1,8031,3082,1,2616,2929,0,709,39253,3245,3,50,1353,1150,324,3,13304,7462,30355,0,0,654,8843,7651,11523,0,0,0,18,24,39,0,39191,30790,34017,3,0,0,317
19,9,22,1060735,benign,188,153,11189,0,8066,3095,1,2616,2929,0,696,39318,3245,3,52,1575,766,324,3,13626,7978,30392,0,0,654,8824,7655,11532,0,0,0,18,24,39,0,39738,31173,34666,2,0,0,317
20,5,10,1060745,benign,184,153,11124,0,8012,3092,1,2616,2929,0,693,39788,3245,3,52,1354,698,324,4,13916,8093,30321,0,0,654,8867,7678,11550,0,0,0,18,24,38,0,39721,31043,34289,2,0,0,317
21,9,22,1060757,benign,191,153,11127,0,8013,3088,1,2616,2929,0,690,39556,3245,3,52,1313,740,324,4,13630,7747,30299,0,0,654,8831,7675,11538,0,0,0,18,24,39,0,39652,30824,34296,2,0,0,317
22,3,10,1060726,benign,192,153,11133,0,8023,3083,1,2616,2929,0,698,39941,3245,3,52,1360,727,324,3,13505,7776,30370,0,0,654,8842,7695,11554,0,0,0,18,24,39,0,39568,31078,34337,2,0,0,317
23,6,17,1060735,benign,192,153,11144,0,8030,3092,1,2616,2929,0,690,39740,3245,3,52,1330,768,324,3,13669,7893,30419,0,0,654,8847,7656,11536,0,0,0,18,21,39,0,39363,31215,34462,2,0,0,317
24,4,15,1060737,benign,185,153,11160,0,8053,3079,1,2616,2929,0,679,39598,3245,3,52,1522,756,426,3,13581,7813,30325,0,0,654,8846,7681,11575,0,0,0,18,22,39,0,39429,31086,34331,2,0,0,317
25,9,16,1060732,benign,165,151,11128,0,8019,3091,1,2616,2929,0,699,39207,3245,3,53,1350,913,324,4,13176,7367,30339,0,0,654,8808,7662,11541,0,0,0,18,23,39,0,39548,30950,34231,2,0,0,317
26,4,19,1060742,benign,193,153,11120,0,8015,3092,1,2616,2929,0,690,39668,3245,3,52,1585,783,324,3,13609,7651,30337,0,0,654,8871,7657,11538,0,0,0,19,26,144,2,39689,30751,34007,2,0,0,317
27,2,30,1060725,benign,183,151,11146,0,8038,3089,1,2616,2929,0,689,39427,3245,3,52,1516,742,426,3,13386,7588,30317,0,0,654,8863,7711,11586,0,0,0,18,25,38,0,39809,31221,34528,2,0,0,317
28,2,25,1060723,benign,188,153,11107,0,8004,3086,1,2616,2929,0,690,39554,3245,3,52,1497,795,324,3,13555,7863,30402,0,0,654,8854,7683,11535,0,0,0,18,23,141,2,39570,30858,34124,2,0,0,317
29,8,6,1060733,benign,184,151,11146,0,8020,3076,1,2616,2929,0,676,39462,3245,3,53,1413,718,324,3,13470,7759,30324,0,0,654,8857,7655,11543,0,0,0,18,24,33,0,39739,31216,34490,2,0,0,317
30,1,5,1060741,benign,195,153,11122,0,8012,3089,1,2616,2929,0,707,39771,3245,3,52,1590,705,324,3,13524,7672,30348,0,0,654,8864,7660,11534,0,0,0,18,25,39,0,39414,31144,34598,2,0,0,317
31,9,12,1060737,benign,191,153,11138,0,8030,3082,1,2616,2929,0,703,39514,3245,3,53,1368,739,324,3,13857,8068,30363,0,0,654,8860,7676,11508,0,0,0,18,23,134,2,39787,30957,34384,2,0,0,317
32,8,29,1060727,benign,184,153,11131,0,8018,3091,1,2616,2929,0,679,39385,3245,3,52,1462,746,324,3,13391,7584,30346,0,0,654,8823,7668,11549,0,0,0,18,25,39,0,39685,31193,34504,2,0,0,317
33,6,10,1060746,benign,198,153,11107,0,7997,3083,1,2616,2929,0,696,39408,3245,3,52,1302,741,324,4,13762,8034,30387,0,0,654,8851,7646,11533,0,0,0,18,23,39,0,39383,31200,34498,2,0,0,317
34,10,25,1060748,benign,169,153,11096,0,7990,3086,1,2616,2929,0,692,39190,3245,3,52,1367,771,426,3,13462,7583,30311,0,0,654,8861,7695,11568,0,0,0,18,24,141,2,39296,30639,34025,2,0,0,317
35,7,16,1060730,benign,195,153,11132,0,8020,3078,1,2616,2929,0,696,39727,3245,3,51,1564,761,324,3,13460,7762,30353,0,0,654,8863,7667,11531,0,0,0,19,27,145,2,39501,31180,34441,2,0,0,317
36,7,30,1060768,benign,167,153,11102,0,7985,3070,1,2616,2929,0,692,39336,3245,3,52,1321,751,324,3,13381,7292,30205,0,0,654,8843,7660,11554,0,0,0,18,22,39,0,39452,30911,34208,2,0,0,317
37,8,6,1060727,benign,189,153,11117,0,8017,3081,1,2616,2929,0,691,39358,3245,3,53,1359,917,424,3,13388,7536,30323,0,0,654,8858,7685,11556,0,0,0,18,25,33,0,39619,30984,34207,2,0,0,317
38,2,1,1060749,benign,190,153,11123,0,8007,3088,1,2616,2929,0,689,39387,3245,3,52,1298,797,324,3,13451,7635,30372,0,0,654,8850,7706,11582,0,0,0,18,23,140,2,39638,30881,34107,2,0,0,317
39,9,31,1060762,benign,193,153,11130,0,8014,3075,1,2616,2929,0,695,39494,3245,3,52,1380,765,324,4,13858,8115,30371,0,0,654,8852,7670,11528,0,0,0,18,23,39,0,39665,30937,34181,2,0,0,317
40,6,17,1060758,benign,192,153,11153,0,8045,3091,1,2616,2929,0,687,39378,3245,3,52,1364,910,323,3,13571,7787,30320,0,0,654,8827,7626,11519,0,0,0,18,24,39,0,39489,31020,34254,2,0,0,317
41,1,6,1060762,benign,184,151,11121,0,8006,3081,1,2616,2929,0,693,39512,3245,3,52,1327,770,324,3,13412,7604,30322,0,0,654,8856,7675,11564,0,0,0,18,24,39,0,39511,31159,34455,2,0,0,317
42,3,16,1060762,benign,184,153,11108,0,8011,3076,1,2616,2929,0,692,39679,3245,3,52,1352,761,324,3,13486,7591,30347,0,0,654,8808,7659,11553,0,0,0,18,23,39,0,39637,31093,34350,2,0,0,317
43,3,0,1060758,crash/hangs,-,-,-,-,-,-,-,-,-,-,-,-,-,-,-,-,-,-,-,-,-,-,-,-,-,-,-,-,-,-,-,-,-,-,-,-,-,-,-,-,-,-
44,2,6,1060734,benign,110,27,11167,0,8065,3087,1,2616,2929,0,702,39714,3245,3,53,1300,739,324,3,13593,7839,30426,0,0,654,8858,7695,11569,0,0,0,18,23,143,2,39615,30992,34227,2,0,0,377
45,1,30,1060743,benign,188,153,11078,0,7979,3079,1,2616,2929,0,687,39600,3245,3,52,1331,794,426,3,13749,7813,30366,0,0,654,8838,7636,11535,0,0,0,18,24,39,0,39459,31200,34475,2,0,0,317
46,2,12,1060767,benign,194,153,11137,0,8024,3088,1,2616,2929,0,697,39553,3245,3,52,1669,835,425,3,13758,8025,30317,0,0,654,8843,7646,11534,0,0,0,18,24,39,0,39758,31255,34723,2,0,0,317
47,2,28,1060745,benign,192,153,11141,0,8035,3085,1,2616,2929,0,695,39755,3245,3,52,1505,748,323,4,13500,7705,30237,0,0,654,8850,7677,11526,0,0,0,18,23,141,2,39427,30856,34123,2,0,0,317
48,7,15,1060745,benign,193,153,11133,0,8018,3078,1,2616,2929,0,701,39533,3245,3,53,1535,735,324,3,13812,7953,30318,0,0,654,8839,7679,11583,0,0,0,18,25,39,0,39562,31238,34502,2,0,0,317
49,6,16,1060761,benign,190,153,11092,0,7984,3076,1,2616,2929,0,696,39732,3245,3,52,1320,716,324,3,13666,7945,30430,0,0,654,8867,7681,11539,0,0,0,18,23,39,0,39934,30992,34254,2,0,0,317
50,2,17,1060756,benign,167,153,11116,0,7996,3079,1,2616,2929,0,690,39347,3245,3,52,1384,973,324,3,13308,7623,30366,0,0,654,8830,7657,11534,0,0,0,18,24,39,0,39061,30757,34025,2,0,0,317
51,9,10,1060742,benign,191,153,11146,0,8035,3085,1,2616,2929,0,697,39635,3245,3,53,1368,690,324,3,13732,8053,30420,0,0,654,8823,7638,11546,0,0,0,19,26,41,0,39490,30973,34180,2,0,0,317
52,10,23,1060755,benign,193,151,11142,0,8030,3077,1,2616,2929,0,681,39334,3245,3,51,1363,929,324,3,13570,7680,30294,0,0,654,8851,7694,11571,0,0,0,18,24,39,0,39548,30914,34221,2,0,0,317
53,9,22,1060758,benign,186,153,11127,0,8014,3079,1,2616,2929,0,680,39455,3245,3,52,1345,730,426,3,13555,7748,30248,0,0,654,8831,7636,11514,0,0,0,18,25,39,0,39630,31079,34541,2,0,0,317
54,6,10,1060720,benign,164,151,11132,0,8015,3082,1,2616,2929,0,678,39073,3245,3,52,1539,782,324,3,13417,7723,30305,0,0,654,8834,7676,11567,0,0,0,19,25,41,0,39468,30796,34060,2,0,0,317
55,6,16,1060729,benign,190,153,11106,0,7996,3077,1,2616,2929,0,694,39519,3245,3,52,1554,713,324,3,13997,8037,30431,0,0,654,8840,7651,11519,0,0,0,18,23,39,0,39452,31258,34755,2,0,0,317
56,2,29,1060734,benign,195,153,11123,0,8010,3085,1,2616,2929,0,696,39507,3245,3,52,1349,996,324,3,13765,7686,30362,0,0,654,8839,7687,11562,0,0,0,18,23,39,0,39863,30948,34192,2,0,0,317
57,9,3,1060756,benign,166,151,11162,0,8047,3091,1,2616,2929,0,696,39244,3245,3,52,1479,758,426,3,13335,7662,30223,0,0,654,8828,7682,11547,0,0,0,18,22,38,0,39425,30767,34045,2,0,0,317
58,1,9,1060768,benign,166,153,11141,0,8025,3084,1,2616,2929,0,694,39558,3245,3,53,1344,731,324,4,13511,7473,30312,0,0,654,8851,7662,11544,0,0,0,18,25,38,0,39247,30861,34164,2,0,0,317
59,7,0,1060744,benign,168,153,11146,0,8029,3091,1,2616,2929,0,693,39472,3245,3,52,1305,735,324,4,13672,7670,30363,0,0,654,8857,7684,11572,0,0,0,18,24,39,0,39448,30981,34318,2,0,0,317
60,7,7,1060732,benign,167,153,11106,0,8000,3091,1,2616,2929,0,705,39539,3245,3,52,1370,718,324,3,13320,7575,30220,0,0,654,8847,7695,11586,0,0,0,18,23,141,2,39713,30677,33963,2,0,0,317
61,2,21,1060727,benign,190,153,11133,0,8027,3091,1,2616,2929,0,677,39374,3245,3,52,1537,774,426,3,13470,7606,30327,0,0,654,8853,7669,11555,0,0,0,18,23,39,0,39577,31227,34473,2,0,0,317
62,5,14,1060764,benign,165,153,11140,0,8026,3086,1,2616,2929,0,690,39296,3245,3,52,1372,742,428,3,13360,7596,30302,0,0,654,8848,7678,11533,0,0,0,18,25,39,0,39456,30930,34145,2,0,0,317
63,4,21,1060733,benign,181,151,11138,0,8025,3078,1,2616,2929,0,692,39418,3245,3,52,1313,723,324,3,13729,7966,30307,0,0,654,8840,7658,11572,0,0,0,18,23,39,0,39585,31203,34504,2,0,0,317
64,7,19,1060739,benign,187,153,11125,0,8014,3088,1,2616,2929,0,689,39402,3245,3,53,1529,838,324,3,13722,8001,30354,0,0,654,8859,7684,11560,0,0,0,18,22,39,0,39275,31199,34446,2,0,0,317
65,4,8,1060766,benign,196,152,11099,1,7985,3078,1,2616,2929,0,684,39837,3245,3,52,1543,826,325,3,13660,7728,30289,0,0,654,8829,7649,11543,0,0,0,18,23,40,0,39812,30983,34246,3,0,0,317
0,7,13,1060755,benign,125,27,11142,0,8039,3085,1,2616,2929,0,704,39598,3245,3,53,1356,903,324,4,13727,8024,30285,0,0,654,8854,7661,11543,0,0,0,18,25,39,0,39617,31138,34590,2,0,0,317
1,4,31,1060764,benign,165,153,11124,0,8017,3084,1,2616,2929,0,699,39241,3245,3,51,1368,925,324,3,13222,7376,30339,0,0,654,8859,7646,11504,0,0,0,18,23,39,0,39683,30844,34131,2,0,0,317
2,4,28,1060721,benign,189,153,11113,0,8013,3086,1,2616,2929,0,703,39521,3245,3,51,1333,1018,324,3,13532,7806,30302,0,0,654,8852,7712,11578,0,0,0,18,23,39,0,39524,30856,34118,2,0,0,317
3,7,3,1060726,benign,191,153,11136,0,8021,3084,1,2616,2929,0,686,39500,3245,3,52,1506,808,324,3,13761,7927,30369,0,0,654,8863,7671,11559,0,0,0,18,23,39,0,39787,31033,34303,2,0,0,317
4,1,27,1060735,benign,189,151,11115,0,8004,3083,1,2616,2929,0,689,39370,3245,3,52,1408,902,425,4,13485,7614,30411,0,0,654,8854,7678,11538,0,0,0,18,24,39,0,39584,31308,34560,2,0,0,317
5,7,30,1060762,benign,195,153,11134,0,8027,3086,1,2616,2929,0,702,39817,3245,3,52,1341,736,426,4,13525,7683,30404,0,0,654,8860,7653,11523,0,0,0,18,23,39,0,39319,31130,34622,2,0,0,317
6,8,28,1060764,benign,166,151,11150,0,8039,3097,1,2616,2929,0,675,39339,3245,3,52,1400,775,428,4,13479,7506,30301,0,0,654,8837,7677,11532,0,0,0,18,24,39,0,39340,30947,34252,2,0,0,317
7,9,5,1060733,benign,188,153,11137,0,8021,3085,1,2616,2929,0,690,39583,3245,3,52,1356,748,426,3,13573,7520,30316,0,0,654,8839,7657,11544,0,0,0,18,24,281,2,39780,30921,34183,2,0,0,317
8,1,9,1060741,crash/hangs,-,-,-,-,-,-,-,-,-,-,-,-,-,-,-,-,-,-,-,-,-,-,-,-,-,-,-,-,-,-,-,-,-,-,-,-,-,-,-,-,-,-
9,10,5,1060720,benign,190,153,11097,0,7989,3080,1,2616,2930,0,689,39616,3245,3,52,1340,761,425,3,13724,7979,30381,0,0,654,8849,7670,11561,0,0,0,19,26,41,0,39511,31166,34435,2,0,0,317
10,10,28,1060733,benign,169,153,11137,0,8019,3077,1,2616,2929,0,696,39365,3245,3,52,1403,1233,324,3,13091,7251,30269,0,0,654,8831,7602,11517,0,0,0,18,24,266,2,39675,30695,33982,2,0,0,317
11,2,14,1060736,benign,165,153,11157,0,8051,3087,1,2616,2929,0,705,39751,3245,3,52,1372,936,424,3,13435,7703,30420,0,0,654,8836,7672,11536,0,0,0,18,23,39,0,39292,30867,34134,2,0,0,317
12,6,2,1060764,benign,192,153,11127,0,8017,3085,1,2616,2929,0,686,39381,3245,3,53,1293,772,324,3,13579,7717,30236,0,0,654,8861,7670,11550,0,0,0,18,23,39,0,39783,31173,34598,2,0,0,317
13,2,27,1060754,benign,198,153,11110,0,8006,3084,1,2616,2929,0,704,39664,3245,3,53,1433,767,416,3,13639,7697,30278,0,0,654,8848,7661,11515,0,0,0,18,23,39,0,39695,31138,34385,2,0,0,317
14,6,7,1060726,benign,189,153,11101,0,7990,3074,1,2616,2929,0,698,39766,3245,3,52,1386,708,426,3,13517,7712,30376,0,0,654,8825,7638,11544,0,0,0,18,24,39,0,39710,31102,34392,2,0,0,317
15,5,4,1060742,benign,169,153,11128,0,8019,3088,1,2616,2929,0,686,39178,3245,3,52,1570,796,324,3,13459,7605,30337,0,0,654,8848,7688,11555,0,0,0,18,24,39,0,39338,30954,34225,2,0,0,317
16,9,30,1060728,benign,189,153,11153,0,8036,3091,1,2616,2930,0,698,39570,3245,3,52,1549,765,389,3,13485,7616,30412,0,0,654,8856,7691,11564,0,0,0,18,24,131,2,39820,31058,34285,2,0,0,317
17,1,29,1060743,benign,190,153,11164,0,8049,3098,1,2616,2929,0,694,39806,3245,3,53,1347,779,425,3,13401,7600,30314,0,0,654,8851,7653,11528,0,0,0,18,25,39,0,39524,31159,34407,2,0,0,317
18,7,8,1060721,benign,188,153,11114,0,8003,3085,1,2616,2929,0,703,39563,3245,3,52,1354,774,324,3,13564,7785,30289,0,0,654,8848,7642,11544,0,0,0,18,23,38,0,39683,31214,34465,2,0,0,317
19,8,24,1060746,benign,188,155,11140,1,8030,3085,1,2616,2930,1,713,39789,3245,3,55,1400,927,357,4,13520,7623,30403,0,0,654,8854,7696,11584,0,0,0,18,25,72,2,39333,30996,34259,3,0,0,317
20,3,8,1060757,benign,189,153,11135,0,8024,3073,1,2616,2929,0,701,39869,3245,3,52,1359,768,324,3,13468,7700,30415,0,0,654,8854,7662,11540,0,0,0,18,22,39,0,39581,31245,34662,2,0,0,316
21,6,5,1060758,benign,186,153,11132,0,8028,3085,1,2616,2929,0,688,39286,3245,3,52,1309,791,324,3,13678,7907,30336,0,0,654,8872,7669,11538,0,0,0,18,24,39,0,39816,30969,34223,2,0,0,317
22,3,29,1060746,benign,165,153,11145,0,8032,3088,1,2616,2929,0,689,39419,3245,3,53,1296,757,324,4,13528,7616,30330,0,0,654,8820,7658,11549,0,0,0,18,23,39,0,39414,30780,34173,2,0,0,317
23,1,14,1060752,benign,192,153,11125,0,8017,3082,1,2616,2929,0,707,39503,3245,3,52,1416,790,426,4,13412,7727,30382,0,0,654,8850,7689,11576,0,0,0,18,25,39,0,39321,31280,34629,2,0,0,317
24,5,22,1060747,benign,191,153,11128,0,8019,3083,1,2616,2929,0,712,39543,3245,3,53,1315,728,324,3,13452,7561,30328,0,0,654,8864,7676,11566,0,0,0,18,24,39,0,39305,31224,34701,2,0,0,317
25,3,26,1060730,benign,167,152,11122,1,8010,3087,1,2616,2929,0,702,39306,3245,3,52,1382,768,436,3,13475,7749,30348,0,0,654,8844,7645,11516,0,0,0,18,23,39,0,39241,30922,34178,3,0,0,317
26,4,0,1060736,benign,166,153,11140,0,8021,3091,1,2616,2929,0,703,39359,3245,3,51,1321,755,324,3,13400,7579,30317,0,0,654,8867,7662,11534,0,0,0,18,23,141,2,39364,30833,34124,2,0,0,376
27,9,12,1060732,benign,188,153,11106,0,7989,3078,1,2616,2929,0,693,39574,3245,3,52,1350,755,324,3,13951,8164,30318,0,0,654,8852,7695,11600,0,0,0,18,23,39,0,39415,30962,34209,2,0,0,317
28,2,18,1060755,benign,169,153,11131,0,8021,3083,1,2616,2930,1,707,39512,3245,3,53,1518,739,324,3,13549,7703,30323,0,0,654,8836,7715,11564,0,0,0,18,23,39,0,39255,30810,34078,2,0,0,317
29,3,27,1060768,benign,185,153,11112,0,8008,3083,1,2616,2929,0,693,39615,3245,3,53,1492,735,324,3,13452,7625,30378,0,0,654,8857,7654,11529,0,0,0,18,21,39,0,39579,31177,34422,2,0,0,317
30,4,16,1060765,benign,168,153,11138,0,8034,3082,1,2616,2929,0,696,39728,3245,3,52,1370,751,324,4,13530,7358,30229,0,0,654,8844,7663,11549,0,0,0,18,22,39,0,39257,30881,34149,2,0,0,316
31,10,17,1060720,benign,190,153,11117,0,8001,3080,1,2616,2929,0,695,39411,3245,3,52,1370,970,324,4,13684,7802,30248,0,0,654,8835,7683,11553,0,0,0,18,24,39,0,39505,31149,34407,2,0,0,317
32,1,1,1060758,benign,183,153,11102,0,7994,3087,1,2616,2929,0,709,39972,3245,3,52,1361,919,323,3,13700,8004,30313,0,0,654,8851,7678,11547,0,0,0,18,24,141,2,39520,30983,34226,2,0,0,317
33,1,10,1060749,benign,195,151,11136,0,8027,3089,1,2616,2929,0,688,39647,3245,3,52,1356,951,324,3,13605,7796,30345,0,0,654,8820,7642,11535,0,0,0,18,24,39,0,39504,30773,34223,2,0,0,317
34,2,27,1060739,benign,191,153,11142,0,8037,3086,1,2616,2929,0,689,39616,3245,3,52,1354,717,324,3,13504,7745,30413,0,0,654,8851,7670,11543,0,0,0,18,24,39,0,39662,31290,34526,2,0,0,317
35,4,22,1060722,benign,192,153,11130,0,8023,3089,1,2616,2930,0,693,39576,3245,3,52,1437,752,324,4,13516,7691,30398,0,0,654,8851,7651,11540,0,0,0,18,24,39,0,39417,31059,34282,2,0,0,317
36,7,27,1060727,benign,188,153,11152,0,8033,3093,1,2616,2929,0,701,39592,3245,3,53,1326,733,324,3,13564,7776,30295,0,0,654,8831,7636,11506,0,0,0,18,23,39,0,39251,31032,34285,2,0,0,317
37,3,21,1060734,benign,183,153,11112,0,7999,3079,1,2616,2929,0,712,39871,3245,3,53,1368,896,324,3,13618,8006,30346,0,0,654,8842,7667,11537,0,0,0,18,24,39,0,39389,31046,34488,2,0,0,317
38,5,8,1060755,benign,185,153,11145,0,8022,3088,1,2616,2929,0,684,39575,3245,3,53,1356,767,423,3,13503,7734,30222,0,0,654,8864,7652,11523,0,0,0,18,23,39,0,39525,31367,34637,2,0,0,317
39,2,30,1060761,benign,165,153,11139,0,8026,3088,1,2616,2929,0,704,39353,3245,3,53,1360,758,324,3,13477,7608,30354,0,0,654,8841,7678,11557,0,0,0,18,25,39,0,39274,30812,34236,2,0,0,316
40,6,5,1060720,benign,191,153,11113,0,8000,3079,1,2616,2929,0,728,39872,3245,3,53,1541,852,324,3,13707,7832,30390,0,0,654,8856,7659,11536,0,0,0,18,25,39,0,39571,31261,34495,2,0,0,317
41,10,26,1060758,benign,168,153,11157,0,8038,3088,1,2616,2929,0,680,39055,3245,3,52,1334,815,324,3,13377,7627,30319,0,0,654,8844,7673,11520,0,0,0,18,23,39,0,39474,30844,34110,2,0,0,317
42,10,27,1060768,benign,185,153,11140,0,8025,3080,1,2616,2930,0,683,39549,3245,3,52,1351,720,536,4,13685,7749,30338,0,0,654,8846,7659,11551,0,0,0,18,24,39,0,39771,30778,34018,2,0,0,371
43,5,3,1060741,benign,196,153,11116,0,8004,3080,1,2616,2929,0,693,39601,3245,3,53,1398,732,324,4,13897,7792,30351,0,0,654,8846,7643,11507,0,0,0,18,23,39,0,39517,31146,34410,2,0,0,317
44,10,9,1060765,benign,166,153,11100,0,7992,3085,1,2616,2929,0,698,39533,3245,3,52,1694,758,425,4,13436,7526,30343,0,0,654,8845,7667,11544,0,0,0,18,24,39,0,39176,30922,34196,2,0,0,317
45,10,11,1060732,benign,165,154,11140,0,8032,3091,1,2616,2929,1,694,39208,3245,3,53,1350,716,324,4,13227,7488,30359,0,0,654,8842,7662,11504,0,0,0,19,25,41,0,39280,31041,34320,2,0,0,317
46,3,14,1060756,benign,182,151,11128,0,8020,3084,1,2616,2929,0,712,39670,3245,3,53,1364,749,324,3,13480,7536,30298,0,0,654,8831,7633,11509,0,0,0,19,24,41,0,39449,31098,34360,2,0,0,317
47,2,19,1060727,benign,183,153,11117,0,8004,3084,1,2616,2929,0,718,39466,3245,3,53,1330,739,426,4,13637,7917,30304,0,0,654,8837,7688,11562,0,0,0,18,23,252,2,39979,31036,34306,2,0,0,317
48,4,19,1060749,benign,188,153,11125,0,8011,3076,1,2616,2929,0,701,39464,3245,3,52,1348,795,324,3,13669,7768,30306,0,0,654,8855,7645,11534,0,0,0,18,24,39,0,39439,30913,34154,2,0,0,317
49,9,25,1060747,benign,194,153,11123,0,8019,3086,1,2616,2929,0,701,39948,3245,3,52,1480,763,382,4,13593,7695,30317,0,0,654,8854,7658,11560,0,0,0,18,24,39,0,39393,31103,34339,2,0,0,317
50,5,24,1060743,benign,166,151,11121,0,8005,3081,1,2616,2929,0,706,39832,3245,3,52,1306,826,324,3,13209,7283,30184,0,0,654,8850,7655,11544,0,0,0,18,24,39,0,39509,30734,34007,2,0,0,317
51,1,18,1060740,benign,187,153,11148,0,8050,3079,1,2616,2929,0,687,39495,3245,3,52,1480,746,427,4,13647,7713,30431,0,0,654,8852,7656,11547,0,0,0,18,23,38,0,39323,30992,34259,2,0,0,317
52,5,9,1060743,benign,192,151,11094,0,7991,3084,1,2616,2929,0,705,39533,3245,3,52,1383,735,324,3,13626,7751,30339,0,0,654,8838,7692,11574,0,0,0,18,22,39,0,39655,31138,34384,2,0,0,317
53,1,27,1060763,benign,191,153,11104,0,7997,3081,1,2616,2929,0,707,39485,3245,3,53,1500,738,324,3,13679,7965,30434,0,0,654,8857,7690,11547,0,0,0,18,23,141,2,39797,31127,34393,2,0,0,317
54,9,12,1060751,benign,184,153,10842,0,7834,3006,1,2548,2847,0,685,38737,3147,3,52,1425,736,424,3,13374,7749,29600,0,0,638,8588,7437,11289,0,0,0,18,22,137,2,39006,30462,33980,2,0,0,317
55,1,29,1060726,SDC,197,153,11121,0,8008,3079,1,2616,2929,0,689,39380,3245,3,53,1331,976,324,3,13588,7737,30361,0,0,654,8841,7665,11516,0,0,0,18,24,39,0,39500,30890,34158,2,0,0,317
56,7,21,1060754,benign,193,153,11147,0,8037,3087,1,2616,2929,0,685,39406,3245,3,53,1761,750,324,4,13619,7842,30253,0,0,654,8898,7752,11571,0,0,0,18,24,39,0,39453,31108,34350,2,0,0,317
57,9,1,1060767,benign,187,153,11142,0,8028,3090,1,2616,2930,0,699,39468,3245,3,53,1342,751,618,3,13502,7674,30324,0,0,654,8847,7693,11563,0,0,0,18,23,39,0,39500,31062,34318,2,0,0,317
58,1,30,1060739,benign,192,153,11158,0,8042,3079,1,2616,2929,0,688,39637,3245,3,52,1341,806,324,3,13859,8002,30359,0,0,654,8855,7680,11554,0,0,0,18,24,39,0,39538,31172,34398,2,0,0,317
59,2,12,1060751,benign,184,153,11145,0,8030,3081,1,2616,2929,0,707,39686,3245,3,52,1365,760,324,4,13525,7736,30249,0,0,654,8850,7650,11502,0,0,0,18,24,39,0,39532,31090,34353,2,0,0,317
60,2,31,1060735,benign,188,151,10910,0,7869,3026,1,2579,2881,2,721,39359,3188,3,54,1578,747,324,4,13968,8228,29927,0,0,645,8684,7532,11401,0,0,0,18,23,39,0,39162,30894,34118,2,0,0,317
61,1,30,1060721,SDC,190,153,11083,0,7975,3072,1,2616,2929,0,694,39504,3245,3,52,1666,727,324,3,13617,7697,30393,0,0,654,8862,7685,11571,0,0,0,18,21,39,0,39596,31308,34576,2,0,0,317
62,9,1,1060766,benign,191,153,11121,1,8020,3081,1,2616,2929,0,691,39636,3245,3,51,1376,766,319,3,13977,7877,30375,0,0,654,8834,7632,11512,0,0,0,18,24,39,0,39435,30895,34260,3,0,0,317
63,4,9,1060745,benign,197,153,11124,0,8012,3078,1,2616,2929,0,695,39614,3245,3,52,1578,710,425,3,13504,7646,30308,0,0,654,8840,7679,11546,0,0,0,18,23,39,0,39877,31048,34325,2,0,0,316
64,10,15,1060734,benign,187,153,11124,0,8004,3076,1,2616,2929,0,696,39765,3245,3,53,1349,724,426,3,13501,7659,30334,0,0,654,8847,7646,11510,0,0,0,18,23,39,0,39561,30917,34304,2,0,0,317
65,9,21,1060746,benign,193,153,11147,0,8033,3082,1,2616,2929,0,690,39609,3245,3,52,1337,765,324,3,13793,7904,30365,0,0,654,8834,7676,11534,0,0,0,18,22,39,0,39689,30980,34462,2,0,0,317
66,1,4,1060738,benign,195,153,11120,0,8006,3074,1,2616,2929,0,694,39596,3245,3,52,1343,792,323,3,14012,7976,30366,0,0,654,8851,7652,11521,0,0,0,18,23,39,0,39529,31057,34293,2,0,0,317
67,6,24,1060753,benign,191,153,11142,0,8035,3088,1,2616,2929,0,689,39390,3245,3,53,1563,727,324,4,13806,7932,30325,0,0,654,8835,7687,11544,0,0,0,18,24,39,0,39509,31118,34394,2,0,0,316
68,7,22,1060755,benign,182,151,11135,0,8020,3083,1,2616,2929,0,700,39623,3245,3,52,1369,800,426,3,13712,7636,30302,0,0,654,8852,7683,11561,0,0,0,18,24,39,0,39500,31106,34359,2,0,0,317
69,8,9,1060761,benign,184,153,11099,0,8000,3082,1,2616,2930,0,707,39744,3245,3,52,1370,942,324,4,13476,7659,30455,0,0,654,8837,7680,11541,0,0,0,18,22,132,2,39769,30996,34239,2,0,0,317
70,5,13,1060749,benign,187,153,11127,0,8023,3085,1,2616,2929,0,679,39287,3245,3,53,1489,737,324,4,13483,7784,30366,0,0,654,8817,7652,11528,0,0,0,18,24,39,0,39810,31016,34212,2,0,0,317
71,7,14,1060755,benign,167,153,11127,0,8009,3082,1,2616,2929,0,697,39616,3245,3,53,1355,927,428,3,13694,7647,30293,0,0,654,8844,7699,11560,0,0,0,18,24,39,0,39431,30862,34098,2,0,0,317
72,10,22,1060728,benign,166,153,11123,0,8013,3079,1,2616,2929,0,695,39293,3245,3,52,1345,714,426,3,13320,7504,30359,0,0,654,8858,7660,11547,0,0,0,18,25,39,0,39570,30823,34049,2,0,0,317
73,3,5,1060720,benign,165,153,11142,0,8035,3089,1,2616,2930,0,703,39317,3245,3,52,1343,740,324,3,13304,7433,30294,0,0,654,8819,7668,11528,0,0,0,18,25,38,0,39225,30929,34219,2,0,0,317
74,5,1,1060732,benign,192,153,11131,0,8021,3087,1,2616,2929,0,694,39659,3245,3,52,1514,822,324,3,13669,7735,30452,0,0,654,8827,7636,11527,0,0,0,18,23,39,0,39255,31072,34319,2,0,0,317
75,6,3,1060754,benign,184,153,11124,0,8011,3079,1,2616,2929,0,697,39828,3245,3,52,1315,739,323,3,13648,7841,30316,0,0,654,8851,7678,11541,0,0,0,18,23,39,0,39712,31057,34297,2,0,0,317
76,5,13,1060747,benign,167,153,11125,0,8013,3076,1,2616,2929,0,690,39402,3245,3,52,1599,854,324,4,13399,7640,30328,0,0,654,8860,7710,11591,0,0,0,18,23,250,2,39590,30816,34084,2,0,0,317
77,1,1,1060748,benign,169,153,11138,0,8025,3086,1,2616,2929,0,692,39170,3245,3,52,1388,727,324,3,13549,7662,30314,0,0,654,8845,7660,11513,0,0,0,18,23,39,0,39380,30968,34242,2,0,0,317
78,9,6,1060748,benign,167,153,11137,0,8026,3087,1,2616,2929,0,703,39572,3245,3,52,1519,739,417,3,13396,7527,30298,0,0,654,8840,7701,11580,0,0,0,18,23,39,0,39091,30799,34046,2,0,0,317
79,5,24,1060764,benign,195,153,11140,0,8038,3086,1,2616,2929,0,689,39409,3245,3,52,1338,732,324,3,13691,7913,30303,0,0,654,8798,7600,11479,0,0,0,18,25,39,0,39547,30965,34212,2,0,0,317
80,6,24,1060730,benign,192,153,11147,0,8031,3090,1,2616,2929,0,682,39657,3245,3,53,1348,963,324,3,13470,7642,30302,0,0,654,8849,7683,11554,0,0,0,18,25,39,0,39608,31021,34272,2,0,0,317
81,10,4,1060751,benign,191,153,11121,0,8013,3085,1,2616,2929,0,701,39554,3245,3,52,1378,766,426,3,13547,7927,30377,0,0,654,8858,7672,11544,0,0,0,18,23,39,0,39318,31073,34320,2,0,0,317
82,4,20,1060765,benign,166,153,11130,0,8009,3073,1,2616,2929,0,694,39183,3245,3,52,1360,824,324,3,13237,7335,30288,0,0,654,8833,7656,11527,0,0,0,18,22,39,0,39440,30871,34138,2,0,0,317
83,9,30,1060732,benign,190,153,11109,0,7996,3084,1,2616,2929,0,694,39441,3245,3,52,1578,675,324,3,13450,7619,30414,0,0,654,8856,7654,11540,0,0,0,18,25,39,0,39618,31083,34384,2,0,0,317
84,1,16,1060743,benign,187,153,11137,0,8027,3083,1,2616,2929,0,688,39490,3245,3,52,1530,780,426,3,13672,7865,30394,0,0,654,8845,7671,11547,0,0,0,18,23,39,0,39377,31218,34487,2,0,0,317
85,10,22,1060746,benign,188,153,11160,0,8054,3100,1,2616,2929,0,690,39725,3245,3,52,1457,727,424,4,13501,7716,30392,0,0,654,8833,7662,11534,0,0,0,18,24,39,0,39787,31090,34554,2,0,0,317
86,8,18,1060763,benign,195,153,11149,0,8039,3093,1,2616,2929,0,687,39534,3245,3,52,1521,779,324,3,13760,7914,30266,0,0,654,8859,7674,11547,0,0,0,18,23,140,2,39819,31102,34362,2,0,0,317
87,7,2,1060734,benign,192,153,11111,0,8008,3075,1,2616,2929,0,697,39815,3245,3,51,1365,747,324,3,13788,8062,30373,0,0,654,8841,7681,11536,0,0,0,18,24,39,0,39363,30853,34129,2,0,0,317
88,10,23,1060730,benign,187,153,11122,0,8013,3090,1,2616,2929,0,685,39477,3245,3,53,1306,763,323,3,14019,7860,30329,0,0,654,8838,7666,11518,0,0,0,18,25,39,0,39879,30955,34207,2,0,0,317
89,8,19,1060763,benign,164,153,11097,0,7988,3074,1,2616,2930,0,701,39453,3245,3,52,1462,812,324,3,13664,7582,30289,0,0,654,8834,7676,11520,0,0,0,18,24,141,2,39451,30831,34106,2,0,0,317
90,7,11,1060756,benign,184,153,11119,1,8016,3086,1,2616,2929,0,684,39491,3245,3,52,1326,773,324,3,13509,7721,30349,0,0,654,8822,7650,11530,0,0,0,18,23,39,0,39807,31048,34302,3,0,0,317
91,4,9,1060747,benign,191,153,11119,0,8007,3077,1,2616,2929,0,691,39655,3245,3,52,1358,781,426,3,13743,7814,30398,0,0,654,8855,7679,11582,0,0,0,18,23,139,2,39667,31060,34317,2,0,0,317
92,10,20,1060747,benign,185,153,11103,0,8004,3083,1,2616,2929,0,701,39881,3245,3,52,1386,728,324,3,13465,7746,30311,0,0,654,8869,7681,11563,0,0,0,18,23,39,0,39390,31206,34475,2,0,0,316
93,5,11,1060726,benign,190,153,11116,0,8011,3082,1,2616,2929,0,697,39519,3245,3,51,1349,789,324,3,13790,7788,30357,0,0,654,8874,7649,11528,0,0,0,18,23,39,0,39475,31244,34505,2,0,0,317
94,4,28,1060761,benign,167,153,11116,0,7998,3082,1,2616,2929,0,673,39078,3245,3,52,1517,659,324,4,13690,7784,30358,0,0,654,8846,7661,11536,0,0,0,18,24,39,0,39344,30939,34299,2,0,0,317
95,5,4,1060720,benign,197,153,11150,0,8033,3090,1,2616,2929,0,697,39704,3245,3,52,1341,702,428,3,13661,7800,30330,0,0,654,8862,7700,11563,0,0,0,18,24,266,2,39830,30861,34137,2,0,0,317
96,6,3,1060734,benign,193,151,11143,0,8032,3092,1,2616,2929,0,694,39608,3245,3,53,1503,743,324,3,13687,7715,30275,0,0,654,8840,7662,11591,0,0,0,18,24,141,2,39950,30909,34179,2,0,0,317
97,2,6,1060738,benign,191,153,11102,0,7993,3086,1,2616,2929,0,690,39329,3245,3,52,1718,746,323,4,13675,7752,30342,0,0,654,8851,7657,11548,0,0,0,18,22,39,0,39497,31027,34482,2,0,0,317
98,2,25,1060722,benign,184,153,11095,0,7986,3071,1,2616,2929,0,693,39539,3245,3,52,1280,798,425,3,13803,8059,30327,0,0,654,8849,7674,11562,0,0,0,18,23,141,2,39890,30802,34176,2,0,0,317
99,3,28,1060726,benign,186,153,11132,0,8004,3074,1,2616,2929,0,685,39388,3245,3,52,1406,739,426,3,13431,7579,30288,0,0,654,8873,7678,11566,0,0,0,18,23,33,0,39681,31170,34433,2,0,0,317
100,9,21,1060758,benign,182,153,11107,0,8004,3085,1,2616,2929,0,692,39690,3245,3,53,1380,710,324,3,13878,7870,30336,0,0,654,8878,7655,11536,0,0,0,18,23,39,0,39817,31024,34413,2,0,0,317
101,2,23,1060738,benign,167,153,11149,0,8036,3079,1,2616,2929,0,693,39415,3245,3,52,1596,743,426,3,13227,7436,30332,0,0,654,8839,7678,11569,0,0,0,18,23,39,0,39281,30681,34152,2,0,0,317
102,1,12,1060732,benign,168,153,11097,0,7987,3080,1,2616,2929,0,697,39252,3245,3,52,1551,781,324,3,13326,7617,30377,0,0,654,8872,7674,11549,0,0,0,18,22,38,0,39089,30815,34089,2,0,0,317
103,3,15,1060752,benign,183,153,11138,0,8021,3090,1,2616,2929,0,708,39953,3245,3,54,1373,738,324,3,13508,7742,30351,0,0,654,8866,7704,11601,0,0,0,18,23,39,0,39467,31171,34411,2,0,0,317
104,7,21,1060737,benign,167,153,11155,0,8038,3086,1,2616,2929,0,708,39675,3245,3,52,1352,798,324,4,13640,7789,30316,0,0,654,8861,7644,11533,0,0,0,18,24,39,0,39370,30946,34276,2,0,0,317
105,5,26,1060736,benign,167,153,11146,0,8034,3079,1,2616,2929,0,692,39226,3245,3,52,1686,780,324,4,13236,7461,30365,0,0,654,8828,7668,11562,0,0,0,18,25,141,2,39559,30710,33959,2,0,0,317
106,4,29,1060736,benign,186,153,11104,0,8001,3085,1,2616,2929,0,690,39526,3245,3,52,1559,691,324,4,13511,7755,30431,0,0,654,8823,7665,11570,0,0,0,18,22,39,0,39651,31209,34626,2,0,0,317
107,2,14,1060723,benign,185,153,11151,0,8038,3087,1,2616,2929,0,678,39296,3245,3,52,1422,760,425,3,13615,7835,30305,0,0,654,8907,7708,11570,0,0,0,18,24,39,0,39495,30935,34333,2,0,0,317
108,2,19,1060739,benign,189,153,11084,0,7973,3072,1,2616,2929,0,702,39535,3245,3,52,1344,749,324,4,13822,8099,30407,0,0,654,8865,7675,11530,0,0,0,18,24,39,0,39520,31077,34303,2,0,0,317
109,1,7,1060739,benign,165,153,11136,0,8025,3086,1,2616,2929,0,697,39344,3245,3,53,1362,1227,324,3,13381,7640,30286,0,0,654,8830,7673,11573,0,0,0,18,23,39,0,39185,30795,34249,2,0,0,317
110,8,17,1060764,benign,189,153,11127,0,8017,3086,1,2616,2929,0,711,39712,3245,3,53,1507,925,426,3,13788,8069,30414,0,0,654,8854,7691,11590,0,0,0,18,22,141,2,39530,30903,34174,2,0,0,317
111,10,3,1060741,benign,186,154,11111,0,8018,3088,1,2616,2929,1,687,39343,3245,3,54,1313,761,324,4,13815,8068,30398,0,0,654,8843,7699,11575,0,0,0,18,24,39,0,39560,30988,34260,2,0,0,317
112,3,18,1060758,benign,191,153,11126,0,8016,3083,1,2616,2929,0,689,39439,3245,3,52,1520,869,324,3,13655,7811,30225,0,0,654,8855,7657,11566,0,0,0,18,25,39,0,39539,31059,34527,2,0,0,317
113,2,13,1060754,benign,167,153,11139,0,8032,3091,1,2616,2929,0,704,39341,3245,3,52,1338,760,324,4,13544,7442,30279,0,0,654,8853,7670,11529,0,0,0,18,24,39,0,39401,30740,33981,2,0,0,317
114,2,26,1060764,benign,194,153,11125,0,8012,3084,1,2616,2929,0,692,39814,3245,3,52,1548,729,324,3,13683,7663,30401,0,0,654,8850,7648,11534,0,0,0,18,23,39,0,39513,31032,34266,2,0,0,317
115,10,6,1060766,benign,194,153,11148,0,8037,3089,1,2616,2929,0,693,39745,3245,3,52,1318,778,324,4,13421,7666,30334,0,0,654,8867,7666,11533,0,0,0,18,23,33,0,39554,31314,34571,2,0,0,317
116,10,8,1060739,benign,189,153,11142,0,8026,3076,1,2616,2929,0,685,39598,3245,3,53,1320,777,323,3,13539,7794,30246,0,0,654,8856,7668,11513,0,0,0,18,25,39,0,39507,30988,34273,2,0,0,317
117,5,20,1060765,benign,190,153,11145,0,8033,3084,1,2616,2929,0,695,39684,3245,3,52,1367,803,324,3,13475,7638,30314,0,0,654,8863,7659,11544,0,0,0,18,24,39,0,39624,30966,34204,2,0,0,317
118,4,15,1060765,benign,187,153,11138,0,8027,3083,1,2616,2929,0,695,39390,3245,3,53,1344,747,324,3,13632,7674,30340,0,0,654,8860,7682,11537,0,0,0,18,24,39,0,39443,31136,34416,2,0,0,317
119,8,18,1060726,benign,183,153,11119,0,8008,3081,1,2616,2929,0,693,39574,3245,3,53,1545,938,429,4,13683,7645,30386,0,0,654,8853,7681,11589,0,0,0,18,23,38,0,39568,31003,34428,2,0,0,317
120,3,23,1060753,benign,166,153,11117,0,8014,3086,1,2616,2929,0,699,39378,3245,3,52,1661,724,429,4,13661,7781,30287,0,0,654,8872,7718,11599,0,0,0,18,23,39,0,39296,30990,34254,2,0,0,316
121,5,2,1060728,benign,192,153,11133,0,8024,3087,1,2616,2929,0,692,39541,3245,3,53,1342,809,324,4,13643,7845,30284,0,0,654,8846,7639,11551,0,0,0,18,24,39,0,39428,30856,34231,2,0,0,317
122,10,13,1060727,benign,190,153,11133,0,8021,3085,1,2616,2929,0,694,39638,3245,3,53,1375,877,426,3,13562,7789,30336,0,0,654,8837,7652,11523,0,0,0,18,22,39,0,39544,30883,34152,2,0,0,317
123,5,6,1060765,benign,186,153,11130,0,8017,3082,1,2616,2929,0,691,39455,3245,3,52,1333,931,324,3,13739,7833,30345,0,0,654,8844,7672,11533,0,0,0,18,24,39,0,39357,31282,34541,2,0,0,317
124,10,25,1060765,benign,195,153,11120,0,8003,3086,1,2616,2929,0,713,39829,3245,3,52,1438,801,631,3,13615,7864,30352,0,0,654,8821,7653,11541,0,0,0,18,23,39,0,39526,30903,34176,2,0,0,317
125,9,27,1060761,benign,182,151,11130,0,8019,3090,1,2616,2929,0,708,39572,3245,3,52,1333,761,324,3,13587,7730,30377,0,0,654,8840,7636,11531,0,0,0,18,23,141,2,39850,31064,34310,2,0,0,317
126,5,2,1060730,benign,185,153,11118,0,8002,3078,1,2616,2929,0,696,39618,3245,3,52,1387,773,323,3,13549,7884,30332,0,0,654,8868,7657,11519,0,0,0,18,24,39,0,39643,31263,34524,2,0,0,317
127,4,15,1060742,benign,189,153,11155,0,8035,3092,1,2616,2929,0,690,39574,3245,3,52,1339,1226,426,3,13796,7981,30426,0,0,654,8858,7704,11587,0,0,0,18,23,39,0,39756,31087,34340,2,0,0,317
128,2,6,1060767,benign,192,153,11144,0,8034,3086,1,2616,2929,0,694,39452,3245,3,52,1409,769,426,3,13747,7556,30282,0,0,654,8853,7671,11537,0,0,0,18,23,39,0,39480,31180,34437,2,0,0,317
129,1,4,1060733,benign,186,153,11133,0,8026,3090,1,2616,2929,0,704,39513,3245,3,52,1373,753,424,4,13956,7971,30410,0,0,654,8853,7664,11528,0,0,0,18,23,39,0,39593,31203,34451,2,0,0,317
130,3,11,1060725,benign,195,153,11114,0,8004,3090,1,2616,2929,0,688,39337,3245,3,53,1538,955,324,3,13583,7712,30318,0,0,654,8822,7633,11513,0,0,0,18,23,38,0,39612,31022,34279,2,0,0,317
132,3,23,1060736,SDC,199,153,11110,0,8006,3088,1,2616,2929,0,683,39237,3245,3,52,1382,767,324,3,13587,7778,30385,0,0,654,8838,7668,11559,0,0,0,18,22,141,2,39764,31306,34607,2,0,0,317
133,2,14,1060761,benign,167,153,11145,0,8029,3075,1,2616,2929,0,704,39504,3245,3,52,1458,792,425,3,13610,7931,30402,0,0,654,8854,7677,11559,0,0,0,18,25,39,0,39342,30823,34076,2,0,0,317
134,8,21,1060738,benign,185,153,11130,0,8026,3082,1,2616,2929,0,691,39516,3245,3,52,1366,751,324,3,13477,7637,30356,0,0,654,8854,7666,11533,0,0,0,18,22,39,0,39532,31267,34524,2,0,0,317
135,2,0,1060764,benign,166,153,11139,0,8024,3082,1,2616,2929,0,668,39079,3245,3,52,1309,1004,323,3,13334,7429,30335,0,0,654,8849,7655,11537,0,0,0,18,24,139,2,39431,30712,33970,2,0,0,317
136,4,18,1060751,benign,185,151,11139,0,8027,3084,1,2616,2929,0,681,39609,3245,3,52,1343,725,324,4,13684,7912,30334,0,0,654,8875,7671,11566,0,0,0,18,23,38,0,39277,31250,34540,2,0,0,317
137,1,22,1060748,benign,194,153,11121,0,8016,3083,1,2616,2929,0,688,39460,3245,3,52,1325,792,324,3,13435,7594,30356,0,0,654,8829,7680,11553,0,0,0,18,23,39,0,39435,31088,34333,2,0,0,317
138,7,9,1060758,benign,191,153,11088,0,7990,3078,1,2616,2929,0,697,39700,3245,3,52,1359,736,324,3,13653,7801,30323,0,0,654,8847,7696,11538,0,0,0,18,24,39,0,39619,31038,34314,2,0,0,317
139,5,23,1060727,benign,194,153,11157,0,8039,3093,1,2616,2929,0,692,39680,3245,3,51,1346,749,323,3,13901,8133,30358,0,0,654,8839,7673,11534,0,0,0,19,27,41,0,39481,31259,34477,2,0,0,317
140,5,13,1060755,benign,185,153,11157,0,8044,3081,1,2616,2929,0,696,39616,3245,3,52,1298,794,324,3,13712,7697,30380,0,0,654,8870,7682,11577,0,0,0,18,24,38,0,39351,30885,34154,2,0,0,316
141,4,28,1060751,benign,199,153,11120,0,8007,3080,1,2616,2929,0,697,39781,3245,3,52,1289,790,324,3,13614,7866,30359,0,0,654,8857,7679,11567,0,0,0,19,26,41,0,39489,31209,34486,2,0,0,317
142,5,0,1060767,benign,168,153,11140,0,8026,3084,1,2616,2929,0,689,39147,3245,3,51,1362,767,428,3,13533,7722,30460,0,0,654,8852,7643,11537,0,0,0,18,25,39,0,39499,30806,34059,2,0,0,317
143,10,14,1060761,benign,184,153,11125,0,8012,3076,1,2616,2929,0,693,39586,3245,3,52,1305,746,324,3,13787,7805,30406,0,0,654,8835,7672,11558,0,0,0,18,24,143,2,39803,31288,34532,2,0,0,317
0,7,13,1060755,benign,125,27,11142,0,8039,3085,1,2616,2929,0,704,39598,3245,3,53,1356,903,324,4,13727,8024,30285,0,0,654,8854,7661,11543,0,0,0,18,25,39,0,39617,31138,34590,2,0,0,317
1,4,31,1060764,benign,165,153,11124,0,8017,3084,1,2616,2929,0,699,39241,3245,3,51,1368,925,324,3,13222,7376,30339,0,0,654,8859,7646,11504,0,0,0,18,23,39,0,39683,30844,34131,2,0,0,317
2,4,28,1060721,benign,189,153,11113,0,8013,3086,1,2616,2929,0,703,39521,3245,3,51,1333,1018,324,3,13532,7806,30302,0,0,654,8852,7712,11578,0,0,0,18,23,39,0,39524,30856,34118,2,0,0,317
3,7,3,1060726,benign,191,153,11136,0,8021,3084,1,2616,2929,0,686,39500,3245,3,52,1506,808,324,3,13761,7927,30369,0,0,654,8863,7671,11559,0,0,0,18,23,39,0,39787,31033,34303,2,0,0,317
4,1,27,1060735,benign,189,151,11115,0,8004,3083,1,2616,2929,0,689,39370,3245,3,52,1408,902,425,4,13485,7614,30411,0,0,654,8854,7678,11538,0,0,0,18,24,39,0,39584,31308,34560,2,0,0,317
5,7,30,1060762,benign,195,153,11134,0,8027,3086,1,2616,2929,0,702,39817,3245,3,52,1341,736,426,4,13525,7683,30404,0,0,654,8860,7653,11523,0,0,0,18,23,39,0,39319,31130,34622,2,0,0,317
6,8,28,1060764,benign,166,151,11150,0,8039,3097,1,2616,2929,0,675,39339,3245,3,52,1400,775,428,4,13479,7506,30301,0,0,654,8837,7677,11532,0,0,0,18,24,39,0,39340,30947,34252,2,0,0,317
7,9,5,1060733,benign,188,153,11137,0,8021,3085,1,2616,2929,0,690,39583,3245,3,52,1356,748,426,3,13573,7520,30316,0,0,654,8839,7657,11544,0,0,0,18,24,281,2,39780,30921,34183,2,0,0,317
8,1,9,1060741,crash/hangs,-,-,-,-,-,-,-,-,-,-,-,-,-,-,-,-,-,-,-,-,-,-,-,-,-,-,-,-,-,-,-,-,-,-,-,-,-,-,-,-,-,-
9,10,5,1060720,benign,190,153,11097,0,7989,3080,1,2616,2930,0,689,39616,3245,3,52,1340,761,425,3,13724,7979,30381,0,0,654,8849,7670,11561,0,0,0,19,26,41,0,39511,31166,34435,2,0,0,317
10,10,28,1060733,benign,169,153,11137,0,8019,3077,1,2616,2929,0,696,39365,3245,3,52,1403,1233,324,3,13091,7251,30269,0,0,654,8831,7602,11517,0,0,0,18,24,266,2,39675,30695,33982,2,0,0,317
11,2,14,1060736,benign,165,153,11157,0,8051,3087,1,2616,2929,0,705,39751,3245,3,52,1372,936,424,3,13435,7703,30420,0,0,654,8836,7672,11536,0,0,0,18,23,39,0,39292,30867,34134,2,0,0,317
12,6,2,1060764,benign,192,153,11127,0,8017,3085,1,2616,2929,0,686,39381,3245,3,53,1293,772,324,3,13579,7717,30236,0,0,654,8861,7670,11550,0,0,0,18,23,39,0,39783,31173,34598,2,0,0,317
13,2,27,1060754,benign,198,153,11110,0,8006,3084,1,2616,2929,0,704,39664,3245,3,53,1433,767,416,3,13639,7697,30278,0,0,654,8848,7661,11515,0,0,0,18,23,39,0,39695,31138,34385,2,0,0,317
14,6,7,1060726,benign,189,153,11101,0,7990,3074,1,2616,2929,0,698,39766,3245,3,52,1386,708,426,3,13517,7712,30376,0,0,654,8825,7638,11544,0,0,0,18,24,39,0,39710,31102,34392,2,0,0,317
15,5,4,1060742,benign,169,153,11128,0,8019,3088,1,2616,2929,0,686,39178,3245,3,52,1570,796,324,3,13459,7605,30337,0,0,654,8848,7688,11555,0,0,0,18,24,39,0,39338,30954,34225,2,0,0,317
16,9,30,1060728,benign,189,153,11153,0,8036,3091,1,2616,2930,0,698,39570,3245,3,52,1549,765,389,3,13485,7616,30412,0,0,654,8856,7691,11564,0,0,0,18,24,131,2,39820,31058,34285,2,0,0,317
17,1,29,1060743,benign,190,153,11164,0,8049,3098,1,2616,2929,0,694,39806,3245,3,53,1347,779,425,3,13401,7600,30314,0,0,654,8851,7653,11528,0,0,0,18,25,39,0,39524,31159,34407,2,0,0,317
18,7,8,1060721,benign,188,153,11114,0,8003,3085,1,2616,2929,0,703,39563,3245,3,52,1354,774,324,3,13564,7785,30289,0,0,654,8848,7642,11544,0,0,0,18,23,38,0,39683,31214,34465,2,0,0,317
19,8,24,1060746,benign,188,155,11140,1,8030,3085,1,2616,2930,1,713,39789,3245,3,55,1400,927,357,4,13520,7623,30403,0,0,654,8854,7696,11584,0,0,0,18,25,72,2,39333,30996,34259,3,0,0,317
20,3,8,1060757,benign,189,153,11135,0,8024,3073,1,2616,2929,0,701,39869,3245,3,52,1359,768,324,3,13468,7700,30415,0,0,654,8854,7662,11540,0,0,0,18,22,39,0,39581,31245,34662,2,0,0,316
21,6,5,1060758,benign,186,153,11132,0,8028,3085,1,2616,2929,0,688,39286,3245,3,52,1309,791,324,3,13678,7907,30336,0,0,654,8872,7669,11538,0,0,0,18,24,39,0,39816,30969,34223,2,0,0,317
22,3,29,1060746,benign,165,153,11145,0,8032,3088,1,2616,2929,0,689,39419,3245,3,53,1296,757,324,4,13528,7616,30330,0,0,654,8820,7658,11549,0,0,0,18,23,39,0,39414,30780,34173,2,0,0,317
23,1,14,1060752,benign,192,153,11125,0,8017,3082,1,2616,2929,0,707,39503,3245,3,52,1416,790,426,4,13412,7727,30382,0,0,654,8850,7689,11576,0,0,0,18,25,39,0,39321,31280,34629,2,0,0,317
24,5,22,1060747,benign,191,153,11128,0,8019,3083,1,2616,2929,0,712,39543,3245,3,53,1315,728,324,3,13452,7561,30328,0,0,654,8864,7676,11566,0,0,0,18,24,39,0,39305,31224,34701,2,0,0,317
25,3,26,1060730,benign,167,152,11122,1,8010,3087,1,2616,2929,0,702,39306,3245,3,52,1382,768,436,3,13475,7749,30348,0,0,654,8844,7645,11516,0,0,0,18,23,39,0,39241,30922,34178,3,0,0,317
26,4,0,1060736,benign,166,153,11140,0,8021,3091,1,2616,2929,0,703,39359,3245,3,51,1321,755,324,3,13400,7579,30317,0,0,654,8867,7662,11534,0,0,0,18,23,141,2,39364,30833,34124,2,0,0,376
27,9,12,1060732,benign,188,153,11106,0,7989,3078,1,2616,2929,0,693,39574,3245,3,52,1350,755,324,3,13951,8164,30318,0,0,654,8852,7695,11600,0,0,0,18,23,39,0,39415,30962,34209,2,0,0,317
28,2,18,1060755,benign,169,153,11131,0,8021,3083,1,2616,2930,1,707,39512,3245,3,53,1518,739,324,3,13549,7703,30323,0,0,654,8836,7715,11564,0,0,0,18,23,39,0,39255,30810,34078,2,0,0,317
29,3,27,1060768,benign,185,153,11112,0,8008,3083,1,2616,2929,0,693,39615,3245,3,53,1492,735,324,3,13452,7625,30378,0,0,654,8857,7654,11529,0,0,0,18,21,39,0,39579,31177,34422,2,0,0,317
30,4,16,1060765,benign,168,153,11138,0,8034,3082,1,2616,2929,0,696,39728,3245,3,52,1370,751,324,4,13530,7358,30229,0,0,654,8844,7663,11549,0,0,0,18,22,39,0,39257,30881,34149,2,0,0,316
31,10,17,1060720,benign,190,153,11117,0,8001,3080,1,2616,2929,0,695,39411,3245,3,52,1370,970,324,4,13684,7802,30248,0,0,654,8835,7683,11553,0,0,0,18,24,39,0,39505,31149,34407,2,0,0,317
32,1,1,1060758,benign,183,153,11102,0,7994,3087,1,2616,2929,0,709,39972,3245,3,52,1361,919,323,3,13700,8004,30313,0,0,654,8851,7678,11547,0,0,0,18,24,141,2,39520,30983,34226,2,0,0,317
33,1,10,1060749,benign,195,151,11136,0,8027,3089,1,2616,2929,0,688,39647,3245,3,52,1356,951,324,3,13605,7796,30345,0,0,654,8820,7642,11535,0,0,0,18,24,39,0,39504,30773,34223,2,0,0,317
34,2,27,1060739,benign,191,153,11142,0,8037,3086,1,2616,2929,0,689,39616,3245,3,52,1354,717,324,3,13504,7745,30413,0,0,654,8851,7670,11543,0,0,0,18,24,39,0,39662,31290,34526,2,0,0,317
35,4,22,1060722,benign,192,153,11130,0,8023,3089,1,2616,2930,0,693,39576,3245,3,52,1437,752,324,4,13516,7691,30398,0,0,654,8851,7651,11540,0,0,0,18,24,39,0,39417,31059,34282,2,0,0,317
36,7,27,1060727,benign,188,153,11152,0,8033,3093,1,2616,2929,0,701,39592,3245,3,53,1326,733,324,3,13564,7776,30295,0,0,654,8831,7636,11506,0,0,0,18,23,39,0,39251,31032,34285,2,0,0,317
37,3,21,1060734,benign,183,153,11112,0,7999,3079,1,2616,2929,0,712,39871,3245,3,53,1368,896,324,3,13618,8006,30346,0,0,654,8842,7667,11537,0,0,0,18,24,39,0,39389,31046,34488,2,0,0,317
38,5,8,1060755,benign,185,153,11145,0,8022,3088,1,2616,2929,0,684,39575,3245,3,53,1356,767,423,3,13503,7734,30222,0,0,654,8864,7652,11523,0,0,0,18,23,39,0,39525,31367,34637,2,0,0,317
39,2,30,1060761,benign,165,153,11139,0,8026,3088,1,2616,2929,0,704,39353,3245,3,53,1360,758,324,3,13477,7608,30354,0,0,654,8841,7678,11557,0,0,0,18,25,39,0,39274,30812,34236,2,0,0,316
40,6,5,1060720,benign,191,153,11113,0,8000,3079,1,2616,2929,0,728,39872,3245,3,53,1541,852,324,3,13707,7832,30390,0,0,654,8856,7659,11536,0,0,0,18,25,39,0,39571,31261,34495,2,0,0,317
41,10,26,1060758,benign,168,153,11157,0,8038,3088,1,2616,2929,0,680,39055,3245,3,52,1334,815,324,3,13377,7627,30319,0,0,654,8844,7673,11520,0,0,0,18,23,39,0,39474,30844,34110,2,0,0,317
42,10,27,1060768,benign,185,153,11140,0,8025,3080,1,2616,2930,0,683,39549,3245,3,52,1351,720,536,4,13685,7749,30338,0,0,654,8846,7659,11551,0,0,0,18,24,39,0,39771,30778,34018,2,0,0,371
43,5,3,1060741,benign,196,153,11116,0,8004,3080,1,2616,2929,0,693,39601,3245,3,53,1398,732,324,4,13897,7792,30351,0,0,654,8846,7643,11507,0,0,0,18,23,39,0,39517,31146,34410,2,0,0,317
44,10,9,1060765,benign,166,153,11100,0,7992,3085,1,2616,2929,0,698,39533,3245,3,52,1694,758,425,4,13436,7526,30343,0,0,654,8845,7667,11544,0,0,0,18,24,39,0,39176,30922,34196,2,0,0,317
45,10,11,1060732,benign,165,154,11140,0,8032,3091,1,2616,2929,1,694,39208,3245,3,53,1350,716,324,4,13227,7488,30359,0,0,654,8842,7662,11504,0,0,0,19,25,41,0,39280,31041,34320,2,0,0,317
46,3,14,1060756,benign,182,151,11128,0,8020,3084,1,2616,2929,0,712,39670,3245,3,53,1364,749,324,3,13480,7536,30298,0,0,654,8831,7633,11509,0,0,0,19,24,41,0,39449,31098,34360,2,0,0,317
47,2,19,1060727,benign,183,153,11117,0,8004,3084,1,2616,2929,0,718,39466,3245,3,53,1330,739,426,4,13637,7917,30304,0,0,654,8837,7688,11562,0,0,0,18,23,252,2,39979,31036,34306,2,0,0,317
48,4,19,1060749,benign,188,153,11125,0,8011,3076,1,2616,2929,0,701,39464,3245,3,52,1348,795,324,3,13669,7768,30306,0,0,654,8855,7645,11534,0,0,0,18,24,39,0,39439,30913,34154,2,0,0,317
49,9,25,1060747,benign,194,153,11123,0,8019,3086,1,2616,2929,0,701,39948,3245,3,52,1480,763,382,4,13593,7695,30317,0,0,654,8854,7658,11560,0,0,0,18,24,39,0,39393,31103,34339,2,0,0,317
50,5,24,1060743,benign,166,151,11121,0,8005,3081,1,2616,2929,0,706,39832,3245,3,52,1306,826,324,3,13209,7283,30184,0,0,654,8850,7655,11544,0,0,0,18,24,39,0,39509,30734,34007,2,0,0,317
51,1,18,1060740,benign,187,153,11148,0,8050,3079,1,2616,2929,0,687,39495,3245,3,52,1480,746,427,4,13647,7713,30431,0,0,654,8852,7656,11547,0,0,0,18,23,38,0,39323,30992,34259,2,0,0,317
52,5,9,1060743,benign,192,151,11094,0,7991,3084,1,2616,2929,0,705,39533,3245,3,52,1383,735,324,3,13626,7751,30339,0,0,654,8838,7692,11574,0,0,0,18,22,39,0,39655,31138,34384,2,0,0,317
53,1,27,1060763,benign,191,153,11104,0,7997,3081,1,2616,2929,0,707,39485,3245,3,53,1500,738,324,3,13679,7965,30434,0,0,654,8857,7690,11547,0,0,0,18,23,141,2,39797,31127,34393,2,0,0,317
54,9,12,1060751,benign,184,153,10842,0,7834,3006,1,2548,2847,0,685,38737,3147,3,52,1425,736,424,3,13374,7749,29600,0,0,638,8588,7437,11289,0,0,0,18,22,137,2,39006,30462,33980,2,0,0,317
55,1,29,1060726,SDC,197,153,11121,0,8008,3079,1,2616,2929,0,689,39380,3245,3,53,1331,976,324,3,13588,7737,30361,0,0,654,8841,7665,11516,0,0,0,18,24,39,0,39500,30890,34158,2,0,0,317
56,7,21,1060754,benign,193,153,11147,0,8037,3087,1,2616,2929,0,685,39406,3245,3,53,1761,750,324,4,13619,7842,30253,0,0,654,8898,7752,11571,0,0,0,18,24,39,0,39453,31108,34350,2,0,0,317
57,9,1,1060767,benign,187,153,11142,0,8028,3090,1,2616,2930,0,699,39468,3245,3,53,1342,751,618,3,13502,7674,30324,0,0,654,8847,7693,11563,0,0,0,18,23,39,0,39500,31062,34318,2,0,0,317
58,1,30,1060739,benign,192,153,11158,0,8042,3079,1,2616,2929,0,688,39637,3245,3,52,1341,806,324,3,13859,8002,30359,0,0,654,8855,7680,11554,0,0,0,18,24,39,0,39538,31172,34398,2,0,0,317
59,2,12,1060751,benign,184,153,11145,0,8030,3081,1,2616,2929,0,707,39686,3245,3,52,1365,760,324,4,13525,7736,30249,0,0,654,8850,7650,11502,0,0,0,18,24,39,0,39532,31090,34353,2,0,0,317
60,2,31,1060735,benign,188,151,10910,0,7869,3026,1,2579,2881,2,721,39359,3188,3,54,1578,747,324,4,13968,8228,29927,0,0,645,8684,7532,11401,0,0,0,18,23,39,0,39162,30894,34118,2,0,0,317
61,1,30,1060721,SDC,190,153,11083,0,7975,3072,1,2616,2929,0,694,39504,3245,3,52,1666,727,324,3,13617,7697,30393,0,0,654,8862,7685,11571,0,0,0,18,21,39,0,39596,31308,34576,2,0,0,317
62,9,1,1060766,benign,191,153,11121,1,8020,3081,1,2616,2929,0,691,39636,3245,3,51,1376,766,319,3,13977,7877,30375,0,0,654,8834,7632,11512,0,0,0,18,24,39,0,39435,30895,34260,3,0,0,317
63,4,9,1060745,benign,197,153,11124,0,8012,3078,1,2616,2929,0,695,39614,3245,3,52,1578,710,425,3,13504,7646,30308,0,0,654,8840,7679,11546,0,0,0,18,23,39,0,39877,31048,34325,2,0,0,316
64,10,15,1060734,benign,187,153,11124,0,8004,3076,1,2616,2929,0,696,39765,3245,3,53,1349,724,426,3,13501,7659,30334,0,0,654,8847,7646,11510,0,0,0,18,23,39,0,39561,30917,34304,2,0,0,317
65,9,21,1060746,benign,193,153,11147,0,8033,3082,1,2616,2929,0,690,39609,3245,3,52,1337,765,324,3,13793,7904,30365,0,0,654,8834,7676,11534,0,0,0,18,22,39,0,39689,30980,34462,2,0,0,317
66,1,4,1060738,benign,195,153,11120,0,8006,3074,1,2616,2929,0,694,39596,3245,3,52,1343,792,323,3,14012,7976,30366,0,0,654,8851,7652,11521,0,0,0,18,23,39,0,39529,31057,34293,2,0,0,317
67,6,24,1060753,benign,191,153,11142,0,8035,3088,1,2616,2929,0,689,39390,3245,3,53,1563,727,324,4,13806,7932,30325,0,0,654,8835,7687,11544,0,0,0,18,24,39,0,39509,31118,34394,2,0,0,316
68,7,22,1060755,benign,182,151,11135,0,8020,3083,1,2616,2929,0,700,39623,3245,3,52,1369,800,426,3,13712,7636,30302,0,0,654,8852,7683,11561,0,0,0,18,24,39,0,39500,31106,34359,2,0,0,317
69,8,9,1060761,benign,184,153,11099,0,8000,3082,1,2616,2930,0,707,39744,3245,3,52,1370,942,324,4,13476,7659,30455,0,0,654,8837,7680,11541,0,0,0,18,22,132,2,39769,30996,34239,2,0,0,317
70,5,13,1060749,benign,187,153,11127,0,8023,3085,1,2616,2929,0,679,39287,3245,3,53,1489,737,324,4,13483,7784,30366,0,0,654,8817,7652,11528,0,0,0,18,24,39,0,39810,31016,34212,2,0,0,317
71,7,14,1060755,benign,167,153,11127,0,8009,3082,1,2616,2929,0,697,39616,3245,3,53,1355,927,428,3,13694,7647,30293,0,0,654,8844,7699,11560,0,0,0,18,24,39,0,39431,30862,34098,2,0,0,317
72,10,22,1060728,benign,166,153,11123,0,8013,3079,1,2616,2929,0,695,39293,3245,3,52,1345,714,426,3,13320,7504,30359,0,0,654,8858,7660,11547,0,0,0,18,25,39,0,39570,30823,34049,2,0,0,317
73,3,5,1060720,benign,165,153,11142,0,8035,3089,1,2616,2930,0,703,39317,3245,3,52,1343,740,324,3,13304,7433,30294,0,0,654,8819,7668,11528,0,0,0,18,25,38,0,39225,30929,34219,2,0,0,317
74,5,1,1060732,benign,192,153,11131,0,8021,3087,1,2616,2929,0,694,39659,3245,3,52,1514,822,324,3,13669,7735,30452,0,0,654,8827,7636,11527,0,0,0,18,23,39,0,39255,31072,34319,2,0,0,317
75,6,3,1060754,benign,184,153,11124,0,8011,3079,1,2616,2929,0,697,39828,3245,3,52,1315,739,323,3,13648,7841,30316,0,0,654,8851,7678,11541,0,0,0,18,23,39,0,39712,31057,34297,2,0,0,317
76,5,13,1060747,benign,167,153,11125,0,8013,3076,1,2616,2929,0,690,39402,3245,3,52,1599,854,324,4,13399,7640,30328,0,0,654,8860,7710,11591,0,0,0,18,23,250,2,39590,30816,34084,2,0,0,317
77,1,1,1060748,benign,169,153,11138,0,8025,3086,1,2616,2929,0,692,39170,3245,3,52,1388,727,324,3,13549,7662,30314,0,0,654,8845,7660,11513,0,0,0,18,23,39,0,39380,30968,34242,2,0,0,317
78,9,6,1060748,benign,167,153,11137,0,8026,3087,1,2616,2929,0,703,39572,3245,3,52,1519,739,417,3,13396,7527,30298,0,0,654,8840,7701,11580,0,0,0,18,23,39,0,39091,30799,34046,2,0,0,317
79,5,24,1060764,benign,195,153,11140,0,8038,3086,1,2616,2929,0,689,39409,3245,3,52,1338,732,324,3,13691,7913,30303,0,0,654,8798,7600,11479,0,0,0,18,25,39,0,39547,30965,34212,2,0,0,317
80,6,24,1060730,benign,192,153,11147,0,8031,3090,1,2616,2929,0,682,39657,3245,3,53,1348,963,324,3,13470,7642,30302,0,0,654,8849,7683,11554,0,0,0,18,25,39,0,39608,31021,34272,2,0,0,317
81,10,4,1060751,benign,191,153,11121,0,8013,3085,1,2616,2929,0,701,39554,3245,3,52,1378,766,426,3,13547,7927,30377,0,0,654,8858,7672,11544,0,0,0,18,23,39,0,39318,31073,34320,2,0,0,317
82,4,20,1060765,benign,166,153,11130,0,8009,3073,1,2616,2929,0,694,39183,3245,3,52,1360,824,324,3,13237,7335,30288,0,0,654,8833,7656,11527,0,0,0,18,22,39,0,39440,30871,34138,2,0,0,317
83,9,30,1060732,benign,190,153,11109,0,7996,3084,1,2616,2929,0,694,39441,3245,3,52,1578,675,324,3,13450,7619,30414,0,0,654,8856,7654,11540,0,0,0,18,25,39,0,39618,31083,34384,2,0,0,317
84,1,16,1060743,benign,187,153,11137,0,8027,3083,1,2616,2929,0,688,39490,3245,3,52,1530,780,426,3,13672,7865,30394,0,0,654,8845,7671,11547,0,0,0,18,23,39,0,39377,31218,34487,2,0,0,317
85,10,22,1060746,benign,188,153,11160,0,8054,3100,1,2616,2929,0,690,39725,3245,3,52,1457,727,424,4,13501,7716,30392,0,0,654,8833,7662,11534,0,0,0,18,24,39,0,39787,31090,34554,2,0,0,317
86,8,18,1060763,benign,195,153,11149,0,8039,3093,1,2616,2929,0,687,39534,3245,3,52,1521,779,324,3,13760,7914,30266,0,0,654,8859,7674,11547,0,0,0,18,23,140,2,39819,31102,34362,2,0,0,317
87,7,2,1060734,benign,192,153,11111,0,8008,3075,1,2616,2929,0,697,39815,3245,3,51,1365,747,324,3,13788,8062,30373,0,0,654,8841,7681,11536,0,0,0,18,24,39,0,39363,30853,34129,2,0,0,317
88,10,23,1060730,benign,187,153,11122,0,8013,3090,1,2616,2929,0,685,39477,3245,3,53,1306,763,323,3,14019,7860,30329,0,0,654,8838,7666,11518,0,0,0,18,25,39,0,39879,30955,34207,2,0,0,317
89,8,19,1060763,benign,164,153,11097,0,7988,3074,1,2616,2930,0,701,39453,3245,3,52,1462,812,324,3,13664,7582,30289,0,0,654,8834,7676,11520,0,0,0,18,24,141,2,39451,30831,34106,2,0,0,317
90,7,11,1060756,benign,184,153,11119,1,8016,3086,1,2616,2929,0,684,39491,3245,3,52,1326,773,324,3,13509,7721,30349,0,0,654,8822,7650,11530,0,0,0,18,23,39,0,39807,31048,34302,3,0,0,317
91,4,9,1060747,benign,191,153,11119,0,8007,3077,1,2616,2929,0,691,39655,3245,3,52,1358,781,426,3,13743,7814,30398,0,0,654,8855,7679,11582,0,0,0,18,23,139,2,39667,31060,34317,2,0,0,317
92,10,20,1060747,benign,185,153,11103,0,8004,3083,1,2616,2929,0,701,39881,3245,3,52,1386,728,324,3,13465,7746,30311,0,0,654,8869,7681,11563,0,0,0,18,23,39,0,39390,31206,34475,2,0,0,316
93,5,11,1060726,benign,190,153,11116,0,8011,3082,1,2616,2929,0,697,39519,3245,3,51,1349,789,324,3,13790,7788,30357,0,0,654,8874,7649,11528,0,0,0,18,23,39,0,39475,31244,34505,2,0,0,317
94,4,28,1060761,benign,167,153,11116,0,7998,3082,1,2616,2929,0,673,39078,3245,3,52,1517,659,324,4,13690,7784,30358,0,0,654,8846,7661,11536,0,0,0,18,24,39,0,39344,30939,34299,2,0,0,317
95,5,4,1060720,benign,197,153,11150,0,8033,3090,1,2616,2929,0,697,39704,3245,3,52,1341,702,428,3,13661,7800,30330,0,0,654,8862,7700,11563,0,0,0,18,24,266,2,39830,30861,34137,2,0,0,317
96,6,3,1060734,benign,193,151,11143,0,8032,3092,1,2616,2929,0,694,39608,3245,3,53,1503,743,324,3,13687,7715,30275,0,0,654,8840,7662,11591,0,0,0,18,24,141,2,39950,30909,34179,2,0,0,317
97,2,6,1060738,benign,191,153,11102,0,7993,3086,1,2616,2929,0,690,39329,3245,3,52,1718,746,323,4,13675,7752,30342,0,0,654,8851,7657,11548,0,0,0,18,22,39,0,39497,31027,34482,2,0,0,317
98,2,25,1060722,benign,184,153,11095,0,7986,3071,1,2616,2929,0,693,39539,3245,3,52,1280,798,425,3,13803,8059,30327,0,0,654,8849,7674,11562,0,0,0,18,23,141,2,39890,30802,34176,2,0,0,317
99,3,28,1060726,benign,186,153,11132,0,8004,3074,1,2616,2929,0,685,39388,3245,3,52,1406,739,426,3,13431,7579,30288,0,0,654,8873,7678,11566,0,0,0,18,23,33,0,39681,31170,34433,2,0,0,317
100,9,21,1060758,benign,182,153,11107,0,8004,3085,1,2616,2929,0,692,39690,3245,3,53,1380,710,324,3,13878,7870,30336,0,0,654,8878,7655,11536,0,0,0,18,23,39,0,39817,31024,34413,2,0,0,317
101,2,23,1060738,benign,167,153,11149,0,8036,3079,1,2616,2929,0,693,39415,3245,3,52,1596,743,426,3,13227,7436,30332,0,0,654,8839,7678,11569,0,0,0,18,23,39,0,39281,30681,34152,2,0,0,317
102,1,12,1060732,benign,168,153,11097,0,7987,3080,1,2616,2929,0,697,39252,3245,3,52,1551,781,324,3,13326,7617,30377,0,0,654,8872,7674,11549,0,0,0,18,22,38,0,39089,30815,34089,2,0,0,317
103,3,15,1060752,benign,183,153,11138,0,8021,3090,1,2616,2929,0,708,39953,3245,3,54,1373,738,324,3,13508,7742,30351,0,0,654,8866,7704,11601,0,0,0,18,23,39,0,39467,31171,34411,2,0,0,317
104,7,21,1060737,benign,167,153,11155,0,8038,3086,1,2616,2929,0,708,39675,3245,3,52,1352,798,324,4,13640,7789,30316,0,0,654,8861,7644,11533,0,0,0,18,24,39,0,39370,30946,34276,2,0,0,317
105,5,26,1060736,benign,167,153,11146,0,8034,3079,1,2616,2929,0,692,39226,3245,3,52,1686,780,324,4,13236,7461,30365,0,0,654,8828,7668,11562,0,0,0,18,25,141,2,39559,30710,33959,2,0,0,317
106,4,29,1060736,benign,186,153,11104,0,8001,3085,1,2616,2929,0,690,39526,3245,3,52,1559,691,324,4,13511,7755,30431,0,0,654,8823,7665,11570,0,0,0,18,22,39,0,39651,31209,34626,2,0,0,317
107,2,14,1060723,benign,185,153,11151,0,8038,3087,1,2616,2929,0,678,39296,3245,3,52,1422,760,425,3,13615,7835,30305,0,0,654,8907,7708,11570,0,0,0,18,24,39,0,39495,30935,34333,2,0,0,317
108,2,19,1060739,benign,189,153,11084,0,7973,3072,1,2616,2929,0,702,39535,3245,3,52,1344,749,324,4,13822,8099,30407,0,0,654,8865,7675,11530,0,0,0,18,24,39,0,39520,31077,34303,2,0,0,317
109,1,7,1060739,benign,165,153,11136,0,8025,3086,1,2616,2929,0,697,39344,3245,3,53,1362,1227,324,3,13381,7640,30286,0,0,654,8830,7673,11573,0,0,0,18,23,39,0,39185,30795,34249,2,0,0,317
110,8,17,1060764,benign,189,153,11127,0,8017,3086,1,2616,2929,0,711,39712,3245,3,53,1507,925,426,3,13788,8069,30414,0,0,654,8854,7691,11590,0,0,0,18,22,141,2,39530,30903,34174,2,0,0,317
111,10,3,1060741,benign,186,154,11111,0,8018,3088,1,2616,2929,1,687,39343,3245,3,54,1313,761,324,4,13815,8068,30398,0,0,654,8843,7699,11575,0,0,0,18,24,39,0,39560,30988,34260,2,0,0,317
112,3,18,1060758,benign,191,153,11126,0,8016,3083,1,2616,2929,0,689,39439,3245,3,52,1520,869,324,3,13655,7811,30225,0,0,654,8855,7657,11566,0,0,0,18,25,39,0,39539,31059,34527,2,0,0,317
113,2,13,1060754,benign,167,153,11139,0,8032,3091,1,2616,2929,0,704,39341,3245,3,52,1338,760,324,4,13544,7442,30279,0,0,654,8853,7670,11529,0,0,0,18,24,39,0,39401,30740,33981,2,0,0,317
114,2,26,1060764,benign,194,153,11125,0,8012,3084,1,2616,2929,0,692,39814,3245,3,52,1548,729,324,3,13683,7663,30401,0,0,654,8850,7648,11534,0,0,0,18,23,39,0,39513,31032,34266,2,0,0,317
115,10,6,1060766,benign,194,153,11148,0,8037,3089,1,2616,2929,0,693,39745,3245,3,52,1318,778,324,4,13421,7666,30334,0,0,654,8867,7666,11533,0,0,0,18,23,33,0,39554,31314,34571,2,0,0,317
116,10,8,1060739,benign,189,153,11142,0,8026,3076,1,2616,2929,0,685,39598,3245,3,53,1320,777,323,3,13539,7794,30246,0,0,654,8856,7668,11513,0,0,0,18,25,39,0,39507,30988,34273,2,0,0,317
117,5,20,1060765,benign,190,153,11145,0,8033,3084,1,2616,2929,0,695,39684,3245,3,52,1367,803,324,3,13475,7638,30314,0,0,654,8863,7659,11544,0,0,0,18,24,39,0,39624,30966,34204,2,0,0,317
118,4,15,1060765,benign,187,153,11138,0,8027,3083,1,2616,2929,0,695,39390,3245,3,53,1344,747,324,3,13632,7674,30340,0,0,654,8860,7682,11537,0,0,0,18,24,39,0,39443,31136,34416,2,0,0,317
119,8,18,1060726,benign,183,153,11119,0,8008,3081,1,2616,2929,0,693,39574,3245,3,53,1545,938,429,4,13683,7645,30386,0,0,654,8853,7681,11589,0,0,0,18,23,38,0,39568,31003,34428,2,0,0,317
120,3,23,1060753,benign,166,153,11117,0,8014,3086,1,2616,2929,0,699,39378,3245,3,52,1661,724,429,4,13661,7781,30287,0,0,654,8872,7718,11599,0,0,0,18,23,39,0,39296,30990,34254,2,0,0,316
121,5,2,1060728,benign,192,153,11133,0,8024,3087,1,2616,2929,0,692,39541,3245,3,53,1342,809,324,4,13643,7845,30284,0,0,654,8846,7639,11551,0,0,0,18,24,39,0,39428,30856,34231,2,0,0,317
122,10,13,1060727,benign,190,153,11133,0,8021,3085,1,2616,2929,0,694,39638,3245,3,53,1375,877,426,3,13562,7789,30336,0,0,654,8837,7652,11523,0,0,0,18,22,39,0,39544,30883,34152,2,0,0,317
123,5,6,1060765,benign,186,153,11130,0,8017,3082,1,2616,2929,0,691,39455,3245,3,52,1333,931,324,3,13739,7833,30345,0,0,654,8844,7672,11533,0,0,0,18,24,39,0,39357,31282,34541,2,0,0,317
124,10,25,1060765,benign,195,153,11120,0,8003,3086,1,2616,2929,0,713,39829,3245,3,52,1438,801,631,3,13615,7864,30352,0,0,654,8821,7653,11541,0,0,0,18,23,39,0,39526,30903,34176,2,0,0,317
125,9,27,1060761,benign,182,151,11130,0,8019,3090,1,2616,2929,0,708,39572,3245,3,52,1333,761,324,3,13587,7730,30377,0,0,654,8840,7636,11531,0,0,0,18,23,141,2,39850,31064,34310,2,0,0,317
126,5,2,1060730,benign,185,153,11118,0,8002,3078,1,2616,2929,0,696,39618,3245,3,52,1387,773,323,3,13549,7884,30332,0,0,654,8868,7657,11519,0,0,0,18,24,39,0,39643,31263,34524,2,0,0,317
127,4,15,1060742,benign,189,153,11155,0,8035,3092,1,2616,2929,0,690,39574,3245,3,52,1339,1226,426,3,13796,7981,30426,0,0,654,8858,7704,11587,0,0,0,18,23,39,0,39756,31087,34340,2,0,0,317
128,2,6,1060767,benign,192,153,11144,0,8034,3086,1,2616,2929,0,694,39452,3245,3,52,1409,769,426,3,13747,7556,30282,0,0,654,8853,7671,11537,0,0,0,18,23,39,0,39480,31180,34437,2,0,0,317
129,1,4,1060733,benign,186,153,11133,0,8026,3090,1,2616,2929,0,704,39513,3245,3,52,1373,753,424,4,13956,7971,30410,0,0,654,8853,7664,11528,0,0,0,18,23,39,0,39593,31203,34451,2,0,0,317
130,3,11,1060725,benign,195,153,11114,0,8004,3090,1,2616,2929,0,688,39337,3245,3,53,1538,955,324,3,13583,7712,30318,0,0,654,8822,7633,11513,0,0,0,18,23,38,0,39612,31022,34279,2,0,0,317
132,3,23,1060736,SDC,199,153,11110,0,8006,3088,1,2616,2929,0,683,39237,3245,3,52,1382,767,324,3,13587,7778,30385,0,0,654,8838,7668,11559,0,0,0,18,22,141,2,39764,31306,34607,2,0,0,317
133,2,14,1060761,benign,167,153,11145,0,8029,3075,1,2616,2929,0,704,39504,3245,3,52,1458,792,425,3,13610,7931,30402,0,0,654,8854,7677,11559,0,0,0,18,25,39,0,39342,30823,34076,2,0,0,317
134,8,21,1060738,benign,185,153,11130,0,8026,3082,1,2616,2929,0,691,39516,3245,3,52,1366,751,324,3,13477,7637,30356,0,0,654,8854,7666,11533,0,0,0,18,22,39,0,39532,31267,34524,2,0,0,317
135,2,0,1060764,benign,166,153,11139,0,8024,3082,1,2616,2929,0,668,39079,3245,3,52,1309,1004,323,3,13334,7429,30335,0,0,654,8849,7655,11537,0,0,0,18,24,139,2,39431,30712,33970,2,0,0,317
136,4,18,1060751,benign,185,151,11139,0,8027,3084,1,2616,2929,0,681,39609,3245,3,52,1343,725,324,4,13684,7912,30334,0,0,654,8875,7671,11566,0,0,0,18,23,38,0,39277,31250,34540,2,0,0,317
137,1,22,1060748,benign,194,153,11121,0,8016,3083,1,2616,2929,0,688,39460,3245,3,52,1325,792,324,3,13435,7594,30356,0,0,654,8829,7680,11553,0,0,0,18,23,39,0,39435,31088,34333,2,0,0,317
138,7,9,1060758,benign,191,153,11088,0,7990,3078,1,2616,2929,0,697,39700,3245,3,52,1359,736,324,3,13653,7801,30323,0,0,654,8847,7696,11538,0,0,0,18,24,39,0,39619,31038,34314,2,0,0,317
139,5,23,1060727,benign,194,153,11157,0,8039,3093,1,2616,2929,0,692,39680,3245,3,51,1346,749,323,3,13901,8133,30358,0,0,654,8839,7673,11534,0,0,0,19,27,41,0,39481,31259,34477,2,0,0,317
140,5,13,1060755,benign,185,153,11157,0,8044,3081,1,2616,2929,0,696,39616,3245,3,52,1298,794,324,3,13712,7697,30380,0,0,654,8870,7682,11577,0,0,0,18,24,38,0,39351,30885,34154,2,0,0,316
141,4,28,1060751,benign,199,153,11120,0,8007,3080,1,2616,2929,0,697,39781,3245,3,52,1289,790,324,3,13614,7866,30359,0,0,654,8857,7679,11567,0,0,0,19,26,41,0,39489,31209,34486,2,0,0,317
142,5,0,1060767,benign,168,153,11140,0,8026,3084,1,2616,2929,0,689,39147,3245,3,51,1362,767,428,3,13533,7722,30460,0,0,654,8852,7643,11537,0,0,0,18,25,39,0,39499,30806,34059,2,0,0,317
143,10,14,1060761,benign,184,153,11125,0,8012,3076,1,2616,2929,0,693,39586,3245,3,52,1305,746,324,3,13787,7805,30406,0,0,654,8835,7672,11558,0,0,0,18,24,143,2,39803,31288,34532,2,0,0,317
144,9,8,1060744,benign,199,153,11136,0,8023,3081,1,2616,2929,0,679,39481,3245,3,52,1349,780,324,3,13778,7974,30424,0,0,654,8852,7710,11582,0,0,0,18,23,39,0,39289,30924,34345,2,0,0,317
145,2,23,1060762,benign,194,153,11144,0,8034,3089,1,2616,2929,0,704,39791,3245,3,53,1491,729,324,4,13546,7692,30286,0,0,654,8870,7684,11556,0,0,0,18,24,39,0,39697,31004,34232,2,0,0,317
146,6,22,1060766,benign,197,151,11125,0,8015,3075,1,2616,2929,0,704,39510,3245,3,52,1280,794,324,3,13921,8224,30368,0,0,654,8870,7644,11509,0,0,0,18,25,39,0,39620,30994,34307,2,0,0,317
147,8,19,1060738,benign,188,153,11112,0,8001,3084,1,2616,2929,0,690,39626,3245,3,53,1348,719,324,3,13385,7518,30225,0,0,654,8851,7686,11557,0,0,0,18,25,39,0,39652,30999,34252,2,0,0,317
148,2,1,1060754,benign,193,154,11113,0,7997,3077,1,2616,2929,0,697,39428,3245,3,53,1511,746,324,3,13812,8030,30390,0,0,654,8853,7657,11541,0,0,0,18,24,39,0,39840,31015,34262,2,0,0,317
149,4,16,1060731,benign,194,151,11134,0,8018,3081,1,2616,2929,0,694,39668,3245,3,52,1536,925,323,3,13789,7941,30403,0,0,654,8852,7659,11516,0,0,0,18,23,39,0,39293,30994,34254,2,0,0,317
150,7,15,1060742,benign,181,153,11146,0,8035,3090,1,2616,2929,0,688,39508,3245,3,52,1329,767,324,3,13437,7751,30311,0,0,654,8865,7667,11548,0,0,0,18,23,39,0,39637,31157,34600,2,0,0,317
151,8,29,1060746,benign,188,154,10902,0,7855,3024,1,2579,2881,2,703,39204,3188,3,52,1322,728,324,4,13836,8211,29974,0,0,645,8678,7500,11381,0,0,0,19,26,41,0,39333,30711,33976,2,0,0,317
152,2,23,1060734,benign,196,153,11099,0,7993,3085,1,2616,2929,0,699,39626,3245,3,52,1518,775,324,3,13312,7443,30206,0,0,654,8848,7677,11541,0,0,0,18,23,39,0,39644,31432,34681,2,0,0,317
153,1,30,1060727,SDC,168,153,11147,0,8031,3082,1,2616,2929,0,691,39222,3245,3,52,1366,721,426,3,13452,7682,30293,0,0,654,8846,7672,11527,0,0,0,18,24,39,0,39263,30816,34223,2,0,0,317
155,10,4,1060736,benign,196,153,11127,0,8016,3079,1,2616,2929,0,685,39353,3245,3,52,1379,958,324,3,13814,7815,30359,0,0,654,8858,7673,11532,0,0,0,18,23,39,0,39631,30883,34154,2,0,0,317
156,1,27,1060731,crash/hangs,-,-,-,-,-,-,-,-,-,-,-,-,-,-,-,-,-,-,-,-,-,-,-,-,-,-,-,-,-,-,-,-,-,-,-,-,-,-,-,-,-,-
157,2,24,1060730,benign,189,153,11124,0,8010,3079,1,2616,2929,0,698,39519,3245,3,53,1454,932,426,3,13465,7749,30360,0,0,654,8851,7690,11555,0,0,0,18,24,140,2,39689,31261,34491,2,0,0,317
158,2,17,1060721,benign,189,153,11134,0,8019,3084,1,2616,2929,0,702,39623,3245,3,52,1388,937,324,3,13368,7570,30320,0,0,654,8837,7687,11564,0,0,0,18,22,39,0,39631,30857,34107,2,0,0,317
159,5,31,1060744,benign,167,153,11113,0,8004,3083,1,2616,2930,0,676,39143,3245,3,53,1396,739,429,3,13444,7645,30336,0,0,654,8829,7687,11536,0,0,0,18,24,39,0,39142,31033,34307,2,0,0,317
160,6,28,1060762,benign,182,153,11143,0,8032,3076,1,2616,2929,0,697,39495,3245,3,52,1351,756,427,3,13754,7728,30270,0,0,654,8852,7703,11574,0,0,0,18,23,39,0,39600,31043,34298,2,0,0,317
161,5,2,1060745,benign,189,153,11069,0,7964,3078,1,2616,2929,0,684,39522,3245,3,52,1460,714,323,3,13437,7697,30234,0,0,654,8878,7682,11556,0,0,0,18,23,39,0,39648,31131,34414,2,0,0,317
162,3,20,1060744,benign,187,151,11103,0,8001,3081,1,2616,2929,0,681,39242,3245,3,53,1547,723,324,3,13689,8013,30344,0,0,654,8822,7677,11549,0,0,0,18,24,141,2,39616,31059,34326,2,0,0,317
163,9,29,1060725,benign,165,151,11151,0,8028,3090,1,2616,2929,0,686,39104,3245,3,53,1308,944,425,3,13358,7410,30339,0,0,654,8858,7685,11538,0,0,0,18,23,142,2,39694,30940,34191,2,0,0,317
0,8,26,1060725,benign,127,27,11133,0,8031,3083,1,2616,2929,0,692,39585,3245,3,52,1353,746,324,3,14038,8139,30342,0,0,654,8853,7681,11548,0,0,0,18,23,39,0,39645,30834,34087,2,0,0,317
1,6,15,1060732,benign,166,153,11141,0,8028,3081,1,2616,2929,0,701,39305,3245,3,53,1343,961,324,4,13480,7477,30241,0,0,654,8863,7654,11529,0,0,0,19,28,41,0,39215,30779,34043,2,0,0,317
2,3,24,1060729,benign,191,153,11097,0,7983,3081,1,2616,2929,0,692,39748,3245,3,53,1339,999,425,3,13641,7752,30323,0,0,654,8844,7668,11545,0,0,0,18,25,33,0,39444,31056,34383,2,0,0,368
3,8,14,1060736,benign,168,153,11131,0,8025,3083,1,2616,2929,0,700,39466,3245,3,52,1360,989,324,3,13431,7618,30381,0,0,654,8862,7702,11586,0,0,0,18,22,143,2,39614,30787,34091,2,0,0,317
4,3,12,1060731,benign,189,153,11130,0,8020,3097,1,2616,2929,0,707,39512,3245,3,53,1346,719,324,3,13650,7767,30344,0,0,654,8869,7656,11540,0,0,0,18,25,39,0,39692,31121,34409,2,0,0,317
5,6,12,1060735,benign,183,153,11149,0,8044,3085,1,2616,2929,0,687,39481,3245,3,52,1358,805,426,3,13667,7885,30399,0,0,654,8863,7662,11522,0,0,0,18,22,39,0,39721,30932,34327,2,0,0,317
6,7,7,1060761,benign,184,153,11147,0,8038,3089,1,2616,2929,0,685,39531,3245,3,52,1351,722,323,3,13652,7771,30308,0,0,654,8854,7656,11535,0,0,0,18,24,39,0,39755,31107,34347,2,0,0,317
7,3,4,1060741,SDC,194,4284,43647,1,40556,3035,1,10764,27457,0,728,310309,27753,3,4185,1378,139991,419,117,170289,12554,194128,0,0,644,90656,64967,44214,0,0,0,18,22,132,3,310239,301582,305194,3,0,0,317
8,1,7,1060762,benign,192,153,11106,0,7997,3080,1,2616,2929,0,683,39449,3245,3,52,1430,711,324,4,13742,7854,30412,0,0,654,8842,7659,11541,0,0,0,18,25,38,0,39658,30919,34367,2,0,0,317
9,7,27,1060751,benign,186,151,11131,0,8022,3087,1,2616,2929,0,699,39722,3245,3,51,1360,756,324,3,13521,7681,30238,0,0,654,8843,7681,11575,0,0,0,18,23,39,0,39321,30970,34224,2,0,0,317
10,7,21,1060748,benign,168,153,11120,0,8015,3090,1,2616,2929,0,698,39453,3245,3,52,1374,762,324,3,13561,7670,30334,0,0,654,8857,7706,11589,0,0,0,18,23,39,0,39307,30864,34139,2,0,0,317
11,4,16,1060750,benign,184,153,11161,0,8043,3089,1,2616,2929,0,691,39488,3245,3,52,1381,783,324,3,13541,7757,30407,0,0,654,8803,7690,11547,0,0,0,18,22,140,2,39757,30988,34320,2,0,0,371
12,8,18,1060759,benign,197,153,11122,0,8010,3082,1,2616,2929,0,696,39604,3245,3,52,1527,762,426,3,13742,7793,30318,0,0,654,8833,7668,11523,0,0,0,18,23,39,0,39465,31040,34264,2,0,0,317
13,2,8,1060743,benign,192,153,11120,0,8008,3083,1,2616,2929,0,695,39430,3245,3,52,1379,920,324,4,13606,7563,30374,0,0,654,8835,7658,11553,0,0,0,18,24,39,0,39423,31152,34437,2,0,0,317
14,5,7,1060760,benign,167,153,11113,0,8012,3084,1,2616,2929,0,704,39260,3245,3,52,1358,1000,425,3,13114,7274,30201,0,0,654,8857,7684,11568,0,0,0,18,24,39,0,39328,31022,34257,2,0,0,317
15,2,13,1060752,benign,165,153,11125,0,8013,3092,1,2616,2929,0,691,39181,3245,3,53,1468,766,324,3,13508,7583,30311,0,0,654,8835,7675,11531,0,0,0,18,24,39,0,39201,30838,34075,2,0,0,317
16,6,29,1060755,benign,183,153,11083,0,7980,3079,1,2616,2929,0,695,39452,3245,3,52,1337,973,417,3,13726,8081,30452,0,0,654,8840,7692,11553,0,0,0,18,23,39,0,39664,30820,34109,2,0,0,317
17,8,25,1060724,benign,166,153,11101,0,7994,3083,1,2616,2929,0,689,39598,3245,3,53,1383,722,426,3,13282,7534,30317,0,0,654,8818,7679,11561,0,0,0,18,23,39,0,39479,30649,33913,2,0,0,317
18,5,21,1060739,benign,190,153,11150,0,8041,3097,1,2616,2929,0,700,39702,3245,3,51,1423,780,324,4,13542,7776,30331,0,0,654,8855,7688,11563,0,0,0,18,24,39,0,39538,31069,34322,2,0,0,317
19,10,2,1060764,benign,167,153,11123,0,8025,3094,1,2616,2929,0,709,39684,3245,3,52,1347,805,427,3,13428,7685,30306,0,0,654,8832,7684,11537,0,0,0,18,22,39,0,39479,30857,34099,2,0,0,317
20,6,8,1060727,benign,184,153,11100,0,7994,3070,1,2616,2929,0,700,39768,3245,3,52,1336,734,324,3,13649,7907,30271,0,0,654,8837,7684,11564,0,0,0,18,23,39,0,39531,31054,34322,2,0,0,317
21,10,30,1060729,benign,191,153,11132,0,8026,3079,1,2616,2929,0,687,39417,3245,3,52,1361,827,426,3,13637,7888,30370,0,0,654,8854,7650,11518,0,0,0,18,23,39,0,39437,31173,34444,2,0,0,317
0,3,15,1060734,benign,119,27,11150,0,8047,3089,1,2616,2929,0,700,39872,3245,3,51,1279,722,324,4,13784,7722,30294,0,0,654,8861,7675,11543,0,0,0,18,23,39,0,39956,31170,34476,2,0,0,317
1,7,0,1060758,benign,183,153,11139,0,8032,3086,1,2616,2929,0,689,39426,3245,3,53,1308,988,428,3,13562,7822,30392,0,0,654,8835,7643,11565,0,0,0,18,22,39,0,39539,31258,34653,2,0,0,317
2,5,22,1060752,benign,166,153,11103,0,7997,3091,1,2616,2929,0,704,39677,3245,3,52,1481,750,426,3,13588,7784,30360,0,0,654,8846,7634,11532,0,0,0,18,24,141,2,39442,30800,34029,2,0,0,317
3,4,7,1060751,benign,198,154,11132,1,8027,3086,1,2616,2929,0,695,39803,3245,3,52,1382,797,328,4,13609,7784,30357,0,0,654,8831,7643,11496,0,0,0,18,25,47,2,39387,30927,34322,3,0,0,317
4,5,2,1060751,benign,197,151,11150,0,8032,3081,1,2616,2929,0,691,39512,3245,3,53,1347,776,324,4,13880,7695,30326,0,0,654,8817,7652,11509,0,0,0,19,26,40,0,39568,31026,34331,2,0,0,317
5,2,10,1060766,benign,186,153,11133,0,8018,3092,1,2616,2929,0,692,39443,3245,3,52,1358,946,426,4,13628,7882,30370,0,0,654,8855,7707,11584,0,0,0,18,23,39,0,39728,31066,34315,2,0,0,317
6,6,16,1060751,benign,193,153,11113,0,8000,3088,1,2616,2929,0,690,39879,3245,3,52,1313,851,324,3,13819,7905,30324,0,0,654,8852,7670,11504,0,0,0,18,24,39,0,39501,31109,34425,2,0,0,317
7,1,13,1060758,benign,184,153,11146,0,8034,3082,1,2616,2929,0,705,39683,3245,3,52,1507,769,324,3,13468,7709,30299,0,0,654,8836,7656,11533,0,0,0,18,22,39,0,39578,30885,34113,2,0,0,317
8,10,24,1060754,benign,200,153,11154,0,8043,3089,0,2616,2929,0,698,39560,3245,3,51,1510,730,324,3,13581,7793,30349,0,0,654,8827,7684,11543,0,0,0,18,24,39,0,39702,31120,34366,2,0,0,317
9,9,17,1060745,benign,188,153,11140,0,8031,3086,1,2616,2930,0,707,39592,3245,3,52,1297,780,318,3,13508,7658,30400,0,0,654,8850,7672,11560,0,0,0,18,25,38,0,39570,30991,34244,2,0,0,317
10,7,24,1060723,benign,192,153,11137,0,8029,3088,1,2616,2929,0,681,39495,3245,3,53,1373,716,324,3,13523,7740,30318,0,0,654,8853,7651,11535,0,0,0,18,21,39,0,39496,31180,34654,2,0,0,317
11,5,17,1060761,benign,192,153,11116,0,8005,3082,1,2616,2929,0,688,39426,3245,3,52,1353,933,487,3,13850,8082,30424,0,0,654,8834,7644,11529,0,0,0,18,24,39,0,39686,30878,34315,2,0,0,317
12,3,10,1060740,SDC,245,282861,2276428,9,2268948,3070,3,567848,1698654,0,750,18659295,1698938,3,282762,2750,9593954,586,129,10751094,292526,11335997,0,0,644,5661231,3964471,2272465,0,0,0,18,23,303,18,18659395,18676114,18680461,11,14,14,317
13,2,28,1060746,benign,199,153,11138,0,8030,3083,1,2616,2929,0,701,39505,3245,3,52,1395,765,323,4,13533,7758,30325,0,0,654,8846,7647,11573,0,0,0,18,23,141,2,39938,31163,34433,2,0,0,317
14,6,23,1060749,benign,187,153,11103,0,7995,3071,1,2616,2929,0,700,39698,3245,3,53,1573,737,324,3,13480,7660,30336,0,0,654,8856,7672,11551,0,0,0,18,25,39,0,39669,30826,34064,2,0,0,317
15,10,16,1060759,benign,189,153,11101,0,7991,3071,1,2616,2929,0,704,39543,3245,3,53,1378,731,324,3,13580,7826,30308,0,0,654,8818,7662,11542,0,0,0,19,27,41,0,39711,31089,34372,2,0,0,317
16,1,22,1060730,SDC,193,155,10878,0,7853,3024,1,2555,2854,0,703,39186,3156,3,53,1419,973,324,3,13746,8046,29667,0,0,640,8634,7443,11288,0,0,0,18,22,143,2,39066,30523,33807,2,0,0,317
17,2,30,1060756,benign,165,153,11107,0,8002,3094,1,2616,2929,0,692,39462,3245,3,53,1298,767,323,4,13330,7644,30332,0,0,654,8834,7694,11557,0,0,0,19,27,41,0,39242,30897,34130,2,0,0,317
18,10,28,1060731,benign,184,153,11122,0,8008,3083,1,2616,2929,0,674,39453,3245,3,53,1349,1078,425,3,13527,7757,30359,0,0,654,8844,7627,11528,0,0,0,18,23,39,0,39627,30934,34230,2,0,0,317
19,10,5,1060746,benign,192,153,11124,0,8012,3078,1,2616,2930,0,711,39667,3245,3,52,1360,762,323,3,13482,7630,30366,0,0,654,8858,7654,11531,0,0,0,18,23,39,0,39822,31061,34322,2,0,0,317
20,2,18,1060726,benign,190,153,11137,0,8031,3086,1,2616,2929,0,696,39603,3245,3,53,1344,745,324,3,13680,7636,30378,0,0,654,8862,7684,11568,0,0,0,18,24,39,0,39590,30988,34244,2,0,0,316
21,9,14,1060746,benign,192,153,11081,0,7987,3091,1,2616,2929,0,692,39628,3245,3,53,1491,746,324,4,13798,7812,30441,0,0,654,8848,7684,11568,0,0,0,18,25,39,0,39363,31033,34288,2,0,0,317
22,8,7,1060739,benign,198,153,11122,0,8003,3080,1,2616,2929,0,697,39901,3245,3,52,1430,729,426,3,13490,7725,30374,0,0,654,8856,7701,11581,0,0,0,18,24,39,0,39520,31281,34548,2,0,0,317
23,9,10,1060755,benign,198,153,11130,0,8014,3085,1,2616,2929,0,687,39477,3245,3,52,1443,822,426,3,13817,7929,30442,0,0,654,8841,7675,11560,0,0,0,18,24,141,2,39569,31038,34303,2,0,0,316
24,7,6,1060767,benign,184,153,11142,0,8043,3085,1,2616,2929,0,693,39493,3245,3,53,1341,745,324,4,13865,7865,30397,0,0,654,8841,7659,11536,0,0,0,18,23,39,0,39457,30986,34248,2,0,0,317
25,3,14,1060751,benign,201,154,11118,0,8013,3088,1,2616,2929,0,688,39678,3245,3,53,1540,801,426,4,13757,8032,30371,0,0,654,8860,7674,11544,0,0,0,18,23,39,0,39350,31030,34291,2,0,0,317
26,1,23,1060756,benign,167,153,11153,0,8042,3082,1,2616,2929,0,689,39340,3245,3,52,1470,790,324,3,13281,7621,30423,0,0,654,8834,7638,11530,0,0,0,18,24,39,0,39275,30884,34184,2,0,0,317
27,10,17,1060755,benign,186,153,11095,0,7986,3079,1,2616,2930,0,713,39755,3245,3,52,1358,746,428,3,13671,7806,30347,0,0,654,8835,7667,11539,0,0,0,18,24,39,0,39446,31180,34423,2,0,0,317
28,2,23,1060760,benign,168,153,11130,0,8018,3072,1,2616,2929,0,697,39391,3245,3,53,1386,733,428,3,13257,7509,30337,0,0,654,8842,7654,11526,0,0,0,18,24,33,0,39219,30837,34088,2,0,0,317
29,3,24,1060760,benign,165,153,11105,0,7997,3080,1,2616,2929,0,701,39774,3245,3,52,1374,821,324,3,13223,7383,30332,0,0,654,8846,7656,11549,0,0,0,18,25,39,0,39063,31002,34266,2,0,0,317
30,1,14,1060767,benign,185,153,11131,0,8013,3094,1,2616,2929,0,695,39681,3245,3,53,1331,774,324,3,13649,7589,30267,0,0,654,8853,7662,11523,0,0,0,18,25,39,0,39229,30976,34452,2,0,0,317
31,10,25,1060746,benign,196,153,11141,0,8031,3079,1,2616,2929,0,702,39947,3245,3,53,1371,810,324,4,13663,7955,30427,0,0,654,8847,7663,11546,0,0,0,18,23,39,0,39765,30887,34154,2,0,0,317
32,5,11,1060760,benign,167,153,11152,0,8037,3080,1,2616,2929,0,694,39237,3245,3,52,1548,706,324,3,13389,7533,30222,0,0,654,8822,7680,11551,0,0,0,18,23,39,0,39289,30993,34341,2,0,0,317
33,8,14,1060724,benign,164,152,11128,0,8017,3077,1,2616,2929,0,696,39445,3245,3,53,1523,741,324,3,13600,7651,30243,0,0,654,8836,7665,11510,0,0,0,18,23,39,0,39381,30714,34117,2,0,0,317
34,5,16,1060745,benign,191,153,11135,0,8020,3082,1,2616,2929,0,704,39871,3245,3,52,1291,797,324,3,13585,7785,30283,0,0,654,8869,7657,11532,0,0,0,18,24,39,0,39513,31127,34416,2,0,0,317
35,6,13,1060766,benign,196,153,11104,0,8000,3079,1,2616,2929,0,695,39543,3245,3,52,1343,735,324,3,13830,7773,30356,0,0,654,8857,7670,11572,0,0,0,18,22,39,0,39487,30932,34216,2,0,0,317
36,2,21,1060729,benign,183,153,11121,0,8006,3080,1,2616,2929,0,698,39466,3245,3,52,1460,739,417,3,13660,7816,30312,0,0,654,8840,7667,11555,0,0,0,18,23,39,0,39509,30915,34197,2,0,0,317
37,3,25,1060732,benign,167,153,11146,0,8029,3089,1,2616,2929,0,701,39239,3245,3,53,1354,729,323,3,13439,7546,30298,0,0,654,8866,7682,11554,0,0,0,18,23,39,0,39224,30648,33896,2,0,0,317
38,5,10,1060750,benign,196,153,11140,0,8031,3087,1,2616,2930,0,700,39591,3245,3,52,1477,732,428,3,13576,7766,30240,0,0,654,8845,7680,11549,0,0,0,18,22,39,0,39405,31008,34287,2,0,0,317
39,9,28,1060734,benign,183,153,11172,0,8056,3093,1,2616,2929,0,680,39211,3245,3,53,1361,927,324,4,13756,7931,30394,0,0,654,8835,7692,11561,0,0,0,18,24,143,2,39476,31188,34463,2,0,0,317
40,10,6,1060720,benign,167,153,11101,0,7991,3090,1,2616,2929,0,700,39579,3245,3,53,1291,758,428,3,13277,7392,30294,0,0,654,8857,7685,11574,0,0,0,18,22,141,2,39731,30829,34246,2,0,0,317
41,2,9,1060730,benign,194,153,11131,0,8020,3086,1,2616,2929,0,693,39529,3245,3,52,1328,774,323,3,13444,7690,30337,0,0,654,8856,7686,11529,0,0,0,18,22,33,0,39367,31130,34387,2,0,0,317
42,5,14,1060725,benign,201,153,11128,0,8015,3077,1,2616,2929,0,701,39717,3245,3,52,1530,717,324,3,13510,7676,30384,0,0,654,8869,7663,11543,0,0,0,18,24,141,2,39627,30899,34175,2,0,0,317
43,5,8,1060746,benign,187,152,11137,0,8030,3079,1,2616,2929,0,693,39725,3245,3,52,1593,761,324,3,13591,7841,30240,0,0,654,8865,7681,11544,0,0,0,18,24,39,0,39559,31006,34268,2,0,0,317
44,1,31,1060765,benign,188,153,11122,0,8014,3087,1,2616,2929,0,686,39455,3245,3,52,1594,704,424,3,13869,8190,30458,0,0,654,8846,7670,11579,0,0,0,18,22,141,2,39562,30977,34245,2,0,0,317
45,6,28,1060756,benign,168,153,11114,0,7999,3077,1,2616,2929,0,704,39512,3245,3,52,1363,772,324,4,13260,7406,30384,0,0,654,8844,7690,11550,0,0,0,18,23,39,0,39316,30790,34050,2,0,0,317
46,5,1,1060739,benign,190,153,11144,0,8033,3091,1,2616,2929,0,700,39773,3245,3,52,1592,749,324,3,13541,7678,30355,0,0,654,8847,7643,11537,0,0,0,18,22,39,0,39515,31081,34337,2,0,0,317
47,4,16,1060725,benign,186,153,11126,0,8022,3081,1,2616,2929,0,694,39608,3245,3,52,1555,792,426,4,13597,7820,30345,0,0,654,8872,7663,11561,0,0,0,18,22,39,0,39736,31035,34307,2,0,0,317
48,1,9,1060750,benign,188,153,11128,0,8015,3086,1,2616,2929,0,693,39625,3245,3,52,1324,784,324,4,13825,8014,30401,0,0,654,8837,7676,11563,0,0,0,18,25,39,0,39333,31136,34401,2,0,0,317
49,7,28,1060752,benign,167,153,11142,0,8030,3091,1,2616,2929,0,695,39281,3245,3,52,1280,712,426,3,13539,7791,30337,0,0,654,8860,7640,11530,0,0,0,18,23,39,0,39126,30745,34196,2,0,0,317
50,2,8,1060727,benign,194,153,11137,0,8024,3084,1,2616,2929,0,695,39754,3245,3,54,1520,808,324,3,13263,7391,30212,0,0,654,8855,7693,11569,0,0,0,18,23,39,0,39459,31193,34483,2,0,0,317
51,9,6,1060765,benign,194,153,11123,0,8022,3082,1,2616,2929,0,698,39742,3245,3,53,1727,932,324,3,13773,7876,30475,0,0,654,8860,7661,11535,0,0,0,18,25,39,0,39609,30940,34364,2,0,0,317
52,9,28,1060759,benign,189,153,11149,0,8038,3079,1,2616,2929,0,685,39406,3245,3,52,1347,706,324,3,13650,7837,30303,0,0,654,8847,7655,11535,0,0,0,18,23,39,0,39734,31043,34296,2,0,0,317
53,3,19,1060730,benign,189,153,11150,0,8033,3088,1,2616,2929,0,695,39728,3245,3,53,1347,743,324,3,13638,7849,30329,0,0,654,8850,7693,11568,0,0,0,18,22,39,0,39727,31186,34467,2,0,0,317
54,2,19,1060760,benign,165,153,11138,0,8031,3090,1,2616,2929,0,700,39280,3245,3,52,1359,743,324,4,13513,7715,30341,0,0,654,8833,7638,11524,0,0,0,18,22,39,0,39331,30933,34190,2,0,0,317
55,9,0,1060765,benign,184,153,11124,0,8007,3079,1,2616,2929,0,702,39695,3245,3,53,1559,761,417,4,13724,7900,30380,0,0,654,8827,7638,11533,0,0,0,18,24,39,0,39484,31265,34505,2,0,0,317
56,6,29,1060750,benign,192,152,11149,0,8034,3096,1,2616,2929,0,708,39804,3245,3,53,1425,763,425,3,13766,7941,30421,0,0,654,8856,7664,11538,0,0,0,18,24,39,0,39555,31077,34349,2,0,0,317
57,7,3,1060755,benign,189,153,11131,0,8017,3080,1,2616,2929,0,691,39508,3245,3,53,1383,689,318,3,13622,7699,30364,0,0,654,8827,7641,11545,0,0,0,18,24,143,2,39561,30911,34165,2,0,0,317
58,10,18,1060741,benign,190,153,11148,0,8038,3083,1,2616,2929,0,696,39496,3245,3,53,1538,827,324,3,13563,7771,30350,0,0,654,8857,7655,11528,0,0,0,18,25,39,0,39465,31090,34501,2,0,0,317
59,7,3,1060757,benign,195,153,11105,0,7995,3083,1,2616,2929,0,690,39587,3245,3,53,1569,750,324,4,13762,7907,30316,0,0,654,8841,7695,11576,0,0,0,18,22,141,2,39623,31073,34356,2,0,0,317
60,3,12,1060720,benign,168,153,11119,0,8007,3084,1,2616,2929,0,707,39492,3245,3,52,1418,822,428,3,13243,7553,30340,0,0,654,8861,7675,11570,0,0,0,18,25,39,0,39400,30903,34153,2,0,0,317
61,3,25,1060754,benign,188,153,11129,0,8013,3081,1,2616,2929,0,702,39726,3245,3,53,1350,727,324,4,13607,7748,30388,0,0,654,8853,7668,11525,0,0,0,18,22,39,0,39284,31133,34385,2,0,0,317
62,9,8,1060737,benign,193,153,11125,0,8010,3089,1,2616,2929,0,680,39517,3245,3,53,1546,931,428,3,13706,8036,30448,0,0,654,8848,7645,11474,0,0,0,18,21,141,2,39475,31049,34307,2,0,0,317
63,9,13,1060742,benign,193,153,11139,0,8030,3089,1,2616,2929,0,696,39749,3245,3,53,1352,709,323,3,13828,7893,30412,0,0,654,8850,7700,11601,0,0,0,18,24,39,0,39485,31029,34298,2,0,0,317
64,3,30,1060754,benign,183,153,11127,0,8016,3082,1,2616,2929,0,694,39541,3245,3,52,1562,705,324,4,13396,7548,30303,0,0,654,8838,7657,11532,0,0,0,18,24,39,0,39742,30872,34328,2,0,0,316
65,4,4,1060743,benign,184,153,11139,1,8032,3084,1,2616,2929,0,691,39579,3245,3,52,1359,769,435,3,13401,7698,30365,0,0,654,8902,7712,11545,0,0,0,18,23,43,1,39546,30841,34101,3,0,0,317
66,8,16,1060763,benign,188,153,11102,0,7985,3080,1,2616,2929,0,693,39472,3245,3,52,1358,698,324,3,13580,7759,30447,0,0,654,8848,7682,11541,0,0,0,18,24,39,0,39294,31061,34530,2,0,0,317
67,3,16,1060740,SDC,168,154,10859,0,7835,3015,1,2548,2847,0,683,38568,3147,3,55,1313,811,324,3,12997,7200,29536,0,0,638,8587,7424,11289,0,0,0,18,22,39,0,38777,29996,33225,2,0,0,317
68,9,8,1060758,benign,186,153,11142,0,8024,3077,1,2616,2929,0,683,39540,3245,3,52,1452,967,428,4,13533,7812,30385,0,0,654,8835,7696,11560,0,0,0,18,25,39,0,39405,31150,34364,2,0,0,317
69,7,0,1060729,benign,187,154,11126,0,8015,3083,1,2616,2929,0,689,39422,3245,3,52,1293,982,324,3,13647,7944,30384,0,0,654,8829,7634,11531,0,0,0,18,24,39,0,39446,31013,34275,2,0,0,317
70,7,10,1060740,benign,167,153,11126,0,8011,3081,1,2616,2929,0,701,39481,3245,3,52,1357,760,324,3,13224,7450,30305,0,0,654,8857,7655,11540,0,0,0,18,24,39,0,39290,30681,33879,2,0,0,317
71,2,31,1060749,benign,191,153,11148,0,8025,3083,1,2616,2929,0,706,39772,3245,3,52,1354,829,324,4,13743,7687,30329,0,0,654,8840,7677,11558,0,0,0,18,24,140,2,39827,31041,34315,2,0,0,317
72,1,13,1060727,SDC,183,155,10855,1,7839,3005,1,2548,2847,0,679,39005,3147,3,55,1306,797,484,3,13182,7416,29444,0,0,638,8609,7431,11298,0,0,0,18,22,227,5,38655,30589,34060,3,0,0,317
73,7,3,1060764,benign,167,153,11155,0,8044,3096,1,2616,2929,0,699,39402,3245,3,52,1343,768,324,3,13407,7660,30345,0,0,654,8837,7649,11506,0,0,0,18,23,39,0,39084,30853,34111,2,0,0,316
74,10,27,1060727,benign,190,153,11129,0,8013,3082,1,2616,2929,0,692,39666,3245,3,53,1342,746,323,4,13597,7769,30379,0,0,654,8852,7722,11581,0,0,0,18,22,39,0,39620,30954,34201,2,0,0,317
75,9,20,1060767,benign,195,153,11120,0,8010,3086,1,2616,2929,0,704,39504,3245,3,52,1544,783,324,3,13848,7945,30369,0,0,654,8844,7681,11544,0,0,0,18,24,39,0,39465,31231,34483,2,0,0,317
76,6,29,1060731,benign,182,153,11141,0,8031,3097,1,2616,2929,0,689,39435,3245,3,52,1632,709,425,3,13547,7629,30376,0,0,654,8825,7648,11505,0,0,0,18,21,141,2,39826,30944,34230,2,0,0,317
77,9,12,1060742,benign,195,153,11123,0,8017,3079,1,2616,2929,0,692,39467,3245,3,53,1323,769,427,3,13383,7496,30254,0,0,654,8845,7658,11518,0,0,0,18,23,39,0,39755,31222,34481,2,0,0,317
78,10,29,1060736,benign,168,153,11133,0,8019,3088,1,2616,2929,0,701,39572,3245,3,53,1378,759,324,3,13517,7622,30375,0,0,654,8847,7671,11534,0,0,0,18,25,39,0,39230,30809,34222,2,0,0,317
79,4,5,1060746,benign,187,153,11137,0,8017,3079,1,2616,2929,0,689,39603,3245,3,52,1352,749,323,3,13742,7929,30482,0,0,654,8875,7681,11533,0,0,0,18,24,39,0,39525,31211,34492,3,0,0,317
80,9,3,1060727,benign,185,153,11105,0,7998,3085,1,2616,2929,0,699,39541,3245,3,53,1505,722,323,3,13780,7924,30458,0,0,654,8842,7682,11536,0,0,0,19,26,40,0,39523,30795,34084,2,0,0,317
81,8,19,1060725,benign,189,153,11129,0,8023,3088,1,2616,2929,0,706,39769,3245,3,52,1449,749,324,3,13451,7663,30350,0,0,654,8833,7669,11567,0,0,0,18,23,39,0,39359,31218,34466,2,0,0,317
82,10,0,1060734,benign,189,153,11134,0,8029,3085,1,2616,2929,0,687,39369,3245,3,53,1462,742,425,3,13490,7572,30245,0,0,654,8845,7673,11535,0,0,0,18,22,39,0,39512,31029,34321,2,0,0,317
83,6,7,1060758,benign,197,153,11143,0,8041,3091,1,2616,2929,0,692,39426,3245,3,53,1580,721,324,4,13493,7636,30370,0,0,654,8856,7677,11569,0,0,0,18,24,39,0,39719,31123,34352,2,0,0,317
84,10,18,1060761,benign,184,153,11069,0,7968,3081,1,2616,2929,0,688,39386,3245,3,53,1301,770,324,3,13540,7644,30323,0,0,654,8824,7631,11504,0,0,0,18,23,39,0,39745,30938,34166,2,0,0,317
85,2,0,1060752,benign,166,153,11151,0,8039,3089,1,2616,2929,0,696,39299,3245,3,53,1280,742,324,3,13349,7532,30294,0,0,654,8839,7665,11534,0,0,0,18,22,39,0,39294,30692,33905,2,0,0,317
86,4,4,1060758,benign,189,154,11142,1,8024,3085,1,2616,2929,0,699,39577,3245,3,52,1348,781,333,3,13675,7813,30357,0,0,654,8822,7632,11530,0,0,0,18,22,48,2,39641,31171,34432,3,0,0,317
87,8,3,1060751,benign,188,153,11142,0,8033,3082,1,2616,2929,0,704,39563,3245,3,53,1390,800,468,4,13601,7658,30283,0,0,654,8858,7707,11579,0,0,0,18,23,39,0,39559,30900,34253,2,0,0,317
88,9,13,1060753,benign,188,153,11108,0,7996,3080,1,2616,2929,0,694,39618,3245,3,53,1521,757,324,3,13518,7657,30335,0,0,654,8835,7682,11557,0,0,0,18,23,39,0,39540,31227,34481,2,0,0,317
89,6,2,1060752,benign,166,153,11128,0,8014,3090,1,2616,2929,0,686,39297,3245,3,52,1543,751,324,3,13663,8034,30335,0,0,654,8848,7654,11523,0,0,0,18,24,39,0,39130,30724,34018,2,0,0,317
90,8,27,1060755,benign,190,153,11116,0,8004,3082,1,2616,2929,0,683,39338,3245,3,52,1418,779,426,3,13731,7860,30290,0,0,654,8839,7690,11552,0,0,0,18,23,38,0,39428,30982,34254,2,0,0,317
91,4,18,1060727,benign,191,153,11141,0,8028,3083,1,2616,2929,0,698,39606,3245,3,52,1358,787,323,3,13574,7803,30363,0,0,654,8833,7699,11576,0,0,0,18,23,39,0,39466,30971,34192,2,0,0,317
92,3,3,1060739,SDC,186,156,10870,2,7844,3013,1,2548,2847,1,665,38804,3147,3,56,1274,790,611,4,13594,7637,29714,0,0,638,8580,7392,11262,0,0,0,18,24,213,7,39319,30555,33823,4,0,0,317
93,10,5,1060751,benign,198,153,11175,0,8059,3086,1,2616,2929,0,689,39491,3245,3,53,1363,835,324,3,13844,8106,30391,0,0,654,8854,7674,11518,0,0,0,18,25,38,0,39363,31073,34327,2,0,0,317
94,9,25,1060744,benign,168,153,11150,0,8041,3087,1,2616,2929,0,695,39304,3245,3,52,1393,1041,324,4,13565,7804,30410,0,0,654,8847,7658,11524,0,0,0,18,23,39,0,39305,30898,34318,2,0,0,317
95,9,18,1060728,benign,169,153,11115,0,8015,3084,1,2616,2929,0,695,39205,3245,3,52,1487,805,324,3,13422,7572,30297,0,0,654,8832,7672,11519,0,0,0,18,24,39,0,39235,30791,34258,2,0,0,317
96,5,29,1060742,benign,183,153,11105,0,7993,3092,1,2616,2929,0,691,39525,3245,3,53,1471,763,324,3,13491,7774,30368,0,0,654,8868,7696,11610,0,0,0,18,23,39,0,39607,30941,34322,2,0,0,317
97,5,2,1060758,benign,187,153,11153,0,8049,3086,1,2616,2929,0,695,39490,3245,3,53,1409,736,426,3,13840,7945,30362,0,0,654,8842,7678,11537,0,0,0,18,23,140,2,39528,31010,34271,2,0,0,317
98,6,25,1060741,benign,192,153,11117,0,8008,3084,1,2616,2929,0,695,39647,3245,3,52,1350,956,323,3,13778,7690,30410,0,0,654,8840,7642,11554,0,0,0,18,24,39,0,39492,31284,34541,2,0,0,317
99,4,2,1060751,benign,193,154,11110,1,7995,3078,1,2616,2929,0,694,39487,3245,3,53,1366,734,333,3,13535,7665,30332,0,0,654,8841,7728,11571,0,0,0,18,22,48,2,39478,30902,34167,2,0,0,317
100,1,9,1060763,benign,196,153,11111,0,8000,3071,1,2616,2929,0,698,39501,3245,3,53,1566,878,324,4,13603,7554,30260,0,0,654,8859,7672,11550,0,0,0,18,24,143,2,39703,30898,34126,2,0,0,317
101,4,27,1060726,benign,188,152,11135,0,8026,3085,1,2616,2929,0,699,39536,3245,3,52,1340,733,324,3,13990,8102,30316,0,0,654,8828,7672,11543,0,0,0,18,23,39,0,39374,30950,34198,2,0,0,317
102,8,21,1060731,benign,193,153,11106,0,7994,3079,1,2616,2929,0,716,39841,3245,3,52,1339,932,324,3,13608,7862,30401,0,0,654,8849,7668,11551,0,0,0,18,21,143,2,39703,31065,34486,2,0,0,317
103,8,5,1060742,benign,189,153,11136,0,8028,3091,1,2616,2929,0,707,39515,3245,3,52,1382,784,427,4,13454,7760,30367,0,0,654,8834,7672,11561,0,0,0,19,26,41,0,39711,30943,34357,2,0,0,317
104,10,6,1060732,benign,166,153,11153,0,8035,3087,1,2616,2929,0,696,39588,3245,3,52,1542,754,324,3,13268,7542,30341,0,0,654,8808,7670,11549,0,0,0,18,24,39,0,39204,30921,34199,2,0,0,317
105,8,15,1060747,benign,186,153,11123,0,8008,3082,1,2616,2929,0,683,39256,3245,3,53,1546,770,324,3,13594,7794,30443,0,0,654,8822,7635,11535,0,0,0,18,24,39,0,39370,30970,34234,2,0,0,317
106,6,12,1060756,benign,166,153,11130,0,8008,3080,1,2616,2929,0,702,39285,3245,3,52,1365,758,426,3,13686,7879,30343,0,0,654,8832,7668,11524,0,0,0,18,24,39,0,39111,30755,34018,2,0,0,317
107,9,14,1060753,benign,190,153,11145,0,8032,3094,1,2616,2929,0,688,39702,3245,3,52,1358,749,324,4,13580,7852,30380,0,0,654,8827,7662,11530,0,0,0,18,22,140,2,39706,31177,34425,2,0,0,316
108,8,20,1060744,benign,166,153,11104,0,7996,3102,1,2616,2929,0,693,39405,3245,3,55,1362,799,324,3,13635,7869,30346,0,0,654,8863,7665,11538,0,0,0,18,24,39,0,39362,30775,34040,2,0,0,317
109,4,6,1060764,benign,167,154,11137,1,8029,3086,1,2616,2929,0,697,39450,3245,3,51,1342,724,332,3,13333,7604,30338,0,0,654,8855,7665,11542,0,0,0,18,24,141,2,39713,30791,34057,3,0,0,317
110,6,14,1060740,benign,165,152,11154,0,8033,3091,1,2616,2929,0,689,39158,3245,3,52,1586,825,324,3,13340,7506,30273,0,0,654,8827,7645,11512,0,0,0,18,23,39,0,39469,30823,34068,2,0,0,317
111,9,18,1060757,benign,184,153,11120,0,8009,3079,1,2616,2929,0,699,39752,3245,3,53,1327,985,324,3,13555,7835,30344,0,0,654,8848,7676,11541,0,0,0,18,24,141,2,39631,30922,34173,2,0,0,317
112,6,1,1060764,benign,168,153,11147,0,8029,3089,1,2616,2929,0,678,39178,3245,3,53,1342,718,324,4,13499,7668,30350,0,0,654,8854,7650,11514,0,0,0,18,24,39,0,39206,30670,33929,2,0,0,317
113,1,28,1060747,benign,190,154,11114,0,8008,3075,1,2616,2929,0,679,39629,3245,3,52,1335,970,324,3,13528,7684,30344,0,0,654,8856,7680,11548,0,0,0,18,22,39,0,39325,31133,34420,2,0,0,317
114,2,5,1060744,benign,168,153,11125,0,8014,3086,1,2616,2929,0,685,39337,3245,3,53,1376,692,324,3,13308,7402,30363,0,0,654,8796,7686,11547,0,0,0,18,24,39,0,39157,30792,34023,2,0,0,317
115,4,27,1060761,benign,184,153,11123,0,8011,3090,1,2616,2929,0,705,39507,3245,3,51,1515,695,324,3,13733,7953,30255,0,0,654,8855,7676,11548,0,0,0,18,24,143,2,39683,30884,34288,2,0,0,317
116,1,2,1060765,benign,194,153,11128,0,8019,3084,1,2616,2929,0,688,39415,3245,3,53,1345,736,324,3,13820,8098,30368,0,0,654,8848,7650,11556,0,0,0,18,23,39,0,39265,31193,34460,2,0,0,317
117,8,30,1060722,benign,190,153,11127,0,8028,3090,1,2616,2929,0,688,39631,3245,3,53,1537,951,324,3,13741,7796,30357,0,0,654,8849,7642,11566,0,0,0,18,24,39,0,39881,31390,34636,2,0,0,316
118,10,13,1060726,benign,192,153,11140,0,8029,3090,1,2616,2929,0,706,39694,3245,3,53,1341,750,324,3,13579,7781,30376,0,0,654,8859,7716,11590,0,0,0,18,22,142,2,39980,30908,34138,2,0,0,317
119,6,19,1060741,benign,184,153,11117,0,8015,3077,1,2616,2929,0,707,39809,3245,3,52,1393,690,426,3,13533,7779,30372,0,0,654,8848,7691,11569,0,0,0,18,24,39,0,39508,31070,34330,2,0,0,317
120,2,14,1060763,benign,191,153,11166,0,8054,3091,1,2616,2929,0,695,39562,3245,3,53,1682,733,426,4,13808,8101,30403,0,0,654,8846,7654,11500,0,0,0,18,22,38,0,39418,31190,34485,2,0,0,317
121,1,1,1060746,benign,189,153,11136,0,8032,3084,1,2616,2929,0,695,39705,3245,3,53,1335,735,324,3,13720,7774,30264,0,0,654,8857,7687,11575,0,0,0,18,23,39,0,39772,31041,34509,2,0,0,317
122,10,10,1060745,benign,196,153,11141,0,8030,3085,1,2616,2929,0,699,39513,3245,3,52,1525,691,324,3,13671,7784,30305,0,0,654,8860,7675,11537,0,0,0,18,23,38,0,39601,31206,34587,2,0,0,317
123,7,31,1060763,benign,192,153,11135,0,8021,3080,1,2616,2929,0,704,39745,3245,3,52,1343,759,324,3,13613,7859,30381,0,0,654,8860,7647,11527,0,0,0,18,25,39,0,39567,30988,34441,2,0,0,317
124,2,8,1060722,benign,186,153,11122,0,8009,3084,1,2616,2929,0,687,39432,3245,3,52,1546,771,428,3,13670,7920,30323,0,0,654,8859,7675,11544,0,0,0,18,23,39,0,39718,31186,34654,2,0,0,317
125,3,5,1060762,benign,191,153,11134,0,8018,3078,1,2616,2929,0,677,39274,3245,3,53,1467,748,426,4,13438,7588,30353,0,0,654,8829,7651,11551,0,0,0,18,23,39,0,39746,31059,34313,2,0,0,317
126,8,31,1060725,benign,184,152,11119,0,8007,3084,1,2616,2929,0,694,39711,3245,3,53,1357,738,425,3,13620,7743,30308,0,0,654,8841,7667,11538,0,0,0,18,24,320,2,39798,31024,34252,2,0,0,317
127,8,17,1060747,benign,202,153,11134,0,8021,3082,1,2616,2929,0,698,39732,3245,3,53,1358,703,324,3,13606,7875,30335,0,0,654,8850,7667,11524,0,0,0,18,25,39,0,39468,31080,34505,2,0,0,317
128,8,11,1060742,benign,182,153,11148,0,8036,3090,1,2616,2929,0,693,39435,3245,3,52,1368,750,324,3,13439,7621,30466,0,0,654,8863,7679,11563,0,0,0,18,25,33,0,39425,31147,34448,2,0,0,317
129,10,30,1060744,benign,166,153,11160,0,8042,3089,1,2616,2929,0,697,39480,3245,3,52,1441,782,324,3,13388,7511,30335,0,0,654,8819,7607,11484,0,0,0,18,23,39,0,39308,31014,34309,2,0,0,317
130,5,11,1060762,benign,184,153,11162,0,8037,3087,1,2616,2929,0,702,39656,3245,3,52,1353,806,428,4,13652,7902,30313,0,0,654,8846,7679,11541,0,0,0,18,23,276,2,39666,31097,34363,2,0,0,317
131,5,28,1060759,benign,197,153,11151,0,8032,3085,1,2616,2929,0,686,39388,3245,3,53,1337,732,324,3,13625,7737,30367,0,0,654,8829,7630,11524,0,0,0,18,24,39,0,39466,31313,34595,2,0,0,317
132,9,26,1060757,benign,193,153,11130,0,8009,3085,1,2616,2929,0,686,39609,3245,3,52,1373,964,566,3,13614,7766,30428,0,0,654,8848,7638,11532,0,0,0,18,23,39,0,39725,30838,34106,2,0,0,317
133,9,30,1060762,benign,187,153,11140,0,8032,3080,1,2616,2929,0,707,39620,3245,3,52,1335,731,324,3,13654,7992,30434,0,0,654,8831,7683,11551,0,0,0,18,23,38,0,39762,30956,34234,2,0,0,317
134,5,7,1060751,benign,190,153,11134,0,8026,3089,1,2616,2929,0,696,39396,3245,3,53,1500,908,324,3,13625,7779,30294,0,0,654,8849,7680,11536,0,0,0,18,23,39,0,39587,31130,34345,2,0,0,317
135,4,16,1060728,benign,167,153,11133,0,8027,3089,1,2616,2929,0,694,39297,3245,3,53,1432,761,324,3,13237,7441,30369,0,0,654,8866,7696,11583,0,0,0,18,24,39,0,39280,30820,34093,2,0,0,317
136,7,16,1060764,benign,165,153,11126,0,8017,3087,1,2616,2929,0,703,39281,3245,3,53,1372,760,324,3,13340,7526,30397,0,0,654,8855,7687,11570,0,0,0,18,24,39,0,39065,30838,34129,2,0,0,316
137,1,14,1060736,benign,166,153,11161,0,8043,3088,1,2616,2929,0,687,39157,3245,3,52,1342,804,324,4,13142,7337,30287,0,0,654,8844,7654,11535,0,0,0,18,23,140,2,39388,30895,34152,2,0,0,317
138,6,4,1060741,benign,190,153,11124,0,8022,3078,1,2616,2929,0,699,39550,3245,3,53,1604,731,324,3,13514,7730,30358,0,0,654,8843,7685,11560,0,0,0,18,24,39,0,39572,31095,34399,2,0,0,317
139,7,19,1060751,benign,192,153,11161,0,8053,3085,1,2616,2929,0,702,39535,3245,3,53,1379,718,426,3,13962,8040,30363,0,0,654,8854,7677,11521,0,0,0,18,24,39,0,39314,31084,34348,2,0,0,317
140,7,31,1060745,benign,185,153,11145,0,8037,3084,1,2616,2929,0,681,39395,3245,3,53,1534,706,324,3,13791,7950,30380,0,0,654,8837,7679,11545,0,0,0,18,24,39,0,39423,31101,34595,2,0,0,317
141,1,16,1060764,benign,168,153,11136,0,8035,3087,1,2616,2929,0,683,39366,3245,3,52,1295,787,324,3,13532,7465,30382,0,0,654,8840,7672,11526,0,0,0,18,24,39,0,39384,30783,34040,2,0,0,317
142,3,4,1060758,benign,189,155,11126,1,8011,3090,1,2616,2929,0,689,39373,3245,3,55,1380,712,511,4,13935,8029,30357,0,0,654,8836,7663,11522,0,0,0,18,25,125,2,39698,30948,34346,3,0,0,317
143,9,15,1060763,benign,194,153,11147,0,8037,3091,1,2616,2929,0,674,39438,3245,3,52,1419,792,323,3,13789,8069,30418,0,0,654,8849,7701,11560,0,0,0,18,24,39,0,39597,31147,34426,2,0,0,317
144,1,22,1060754,benign,189,153,11117,0,8011,3089,1,2616,2929,0,694,39461,3245,3,52,1530,795,324,3,13555,7797,30327,0,0,654,8850,7660,11530,0,0,0,18,23,39,0,39348,31165,34451,2,0,0,317
145,7,18,1060738,benign,186,153,11113,0,7996,3083,1,2616,2929,0,702,39521,3245,3,52,1562,766,324,4,13582,7792,30384,0,0,654,8855,7651,11540,0,0,0,18,23,38,0,39520,30990,34237,2,0,0,317
146,5,8,1060728,benign,167,153,11107,0,7994,3077,1,2616,2929,0,686,39350,3245,3,52,1292,760,323,3,13444,7433,30373,0,0,654,8855,7656,11547,0,0,0,18,23,39,0,39113,30788,34034,2,0,0,316
147,1,28,1060733,benign,187,153,11148,0,8037,3085,1,2616,2929,0,692,39543,3245,3,53,1544,762,324,3,13398,7755,30402,0,0,654,8852,7653,11529,0,0,0,18,24,39,0,39500,30976,34255,2,0,0,317
148,1,29,1060754,benign,201,153,11137,0,8016,3082,1,2616,2929,0,703,39824,3245,3,52,1283,790,324,3,13729,7791,30246,0,0,654,8846,7664,11529,0,0,0,18,24,39,0,39533,31139,34415,2,0,0,317
149,9,21,1060740,benign,170,153,11113,0,7998,3086,1,2616,2929,0,688,39180,3245,3,52,1392,748,426,3,13590,7707,30347,0,0,654,8833,7673,11590,0,0,0,18,21,141,2,39466,30884,34105,2,0,0,317
150,1,16,1060728,benign,166,155,10855,0,7831,3018,2,2616,2930,2,701,39491,3245,3,54,1352,741,324,3,13361,7429,30399,0,0,654,8834,7686,11565,0,0,0,18,25,140,2,39503,30758,34063,2,0,0,317
151,3,19,1060722,benign,191,153,11155,0,8045,3090,1,2616,2929,0,702,39524,3245,3,52,1542,760,324,3,13741,7882,30368,0,0,654,8842,7686,11567,0,0,0,18,24,39,0,39459,30924,34194,2,0,0,317
152,7,17,1060761,benign,189,153,11131,0,8026,3082,1,2616,2930,0,705,39582,3245,3,52,1318,741,426,3,13559,7670,30327,0,0,654,8842,7648,11541,0,0,0,18,24,39,0,39411,31338,34618,2,0,0,317
153,9,2,1060755,benign,197,153,11108,0,7996,3076,1,2616,2929,0,697,39768,3245,3,52,1418,825,324,3,13796,7833,30469,0,0,654,8837,7671,11550,0,0,0,18,24,39,0,39581,31045,34300,2,0,0,317
154,5,27,1060739,benign,188,153,11130,0,8013,3085,1,2616,2929,0,681,39437,3245,3,53,1510,728,324,3,13706,7983,30394,0,0,654,8839,7698,11541,0,0,0,18,24,39,0,39608,30994,34421,2,0,0,317
155,6,25,1060767,benign,189,153,11129,0,8022,3081,1,2616,2929,0,682,39626,3245,3,52,1496,753,324,3,13951,8033,30355,0,0,654,8850,7657,11507,0,0,0,18,24,39,0,39400,31091,34396,2,0,0,317
156,5,29,1060733,benign,188,153,11140,0,8026,3080,1,2616,2930,0,697,39656,3245,3,52,1319,805,324,3,13944,8204,30360,0,0,654,8839,7689,11543,0,0,0,18,23,141,2,39541,30922,34203,2,0,0,316
157,5,24,1060727,benign,194,153,11142,0,8026,3082,1,2616,2929,0,686,39326,3245,3,53,1324,892,324,4,13597,7846,30341,0,0,654,8843,7692,11543,0,0,0,18,25,39,0,39557,31016,34295,2,0,0,317
158,6,28,1060760,benign,166,152,11124,0,8017,3084,1,2616,2929,0,697,39209,3245,3,52,1481,773,419,3,13470,7657,30275,0,0,654,8848,7660,11532,0,0,0,18,24,39,0,39475,30710,34168,2,0,0,317
159,2,13,1060757,benign,189,153,11100,0,7993,3082,1,2616,2929,0,702,39624,3245,3,52,1603,719,427,3,13826,7997,30375,0,0,654,8863,7656,11528,0,0,0,18,24,39,0,39534,31290,34556,2,0,0,317
160,1,31,1060743,benign,187,153,11134,0,8023,3081,1,2616,2929,0,683,39678,3245,3,53,1350,732,318,4,13534,7615,30307,0,0,654,8836,7678,11564,0,0,0,18,23,39,0,39461,30891,34303,2,0,0,317
161,4,7,1060766,benign,184,154,11143,1,8029,3087,1,2616,2929,0,695,39573,3245,3,52,1311,817,333,3,13757,8045,30346,0,0,654,8848,7633,11530,0,0,0,18,23,48,2,39638,30937,34194,3,0,0,317
0,6,2,1060764,benign,91,27,11114,0,8011,3071,1,2616,2929,0,697,39327,3245,3,53,1357,954,324,3,13268,7387,30294,0,0,654,8854,7704,11571,0,0,0,18,24,39,0,39248,30836,34119,2,0,0,317
1,6,4,1060741,benign,198,151,11144,0,8031,3082,1,2616,2929,0,692,39492,3245,3,52,1418,949,429,3,13524,7824,30413,0,0,654,8854,7668,11555,0,0,0,18,22,33,0,39747,31399,34630,2,0,0,317
2,2,11,1060727,benign,190,151,11115,0,8001,3081,1,2616,2929,0,690,39704,3245,3,52,1657,750,324,3,13584,7847,30441,0,0,654,8840,7686,11562,0,0,0,18,22,39,0,39692,31080,34338,2,0,0,317
3,9,29,1060722,benign,184,151,11137,0,8028,3093,1,2616,2929,0,696,39580,3245,3,52,1292,797,324,3,13699,7801,30391,0,0,654,8861,7672,11549,0,0,0,18,24,39,0,39563,30961,34427,2,0,0,317
4,10,28,1060766,benign,192,153,11130,0,8020,3086,1,2616,2929,0,685,39685,3245,3,52,1322,763,427,3,13738,7910,30349,0,0,654,8863,7665,11534,0,0,0,18,24,141,2,39934,30843,34232,2,0,0,317
5,4,11,1060731,crash/hangs,-,-,-,-,-,-,-,-,-,-,-,-,-,-,-,-,-,-,-,-,-,-,-,-,-,-,-,-,-,-,-,-,-,-,-,-,-,-,-,-,-,-
6,1,7,1060754,benign,191,153,11129,0,8023,3080,1,2616,2929,0,693,39688,3245,3,52,1565,778,323,3,13648,7810,30394,0,0,654,8862,7699,11562,0,0,0,18,24,39,0,39730,31313,34583,2,0,0,317
7,1,13,1060754,benign,192,151,11140,0,8028,3087,1,2616,2929,0,714,39742,3245,3,52,1599,717,425,3,13676,7821,30392,0,0,654,8868,7677,11534,0,0,0,19,27,41,0,39517,31039,34319,2,0,0,317
8,8,8,1060746,benign,165,151,11118,0,8009,3077,1,2616,2929,0,690,39301,3245,3,52,1357,751,323,3,13393,7646,30369,0,0,654,8840,7654,11512,0,0,0,18,23,39,0,39198,30852,34125,2,0,0,316
9,5,12,1060744,benign,165,151,11146,0,8036,3091,1,2616,2929,0,685,39129,3245,3,53,1574,941,426,3,13372,7624,30363,0,0,654,8823,7672,11584,0,0,0,18,25,39,0,39129,30901,34154,2,0,0,317
10,2,24,1060748,benign,188,151,11118,0,8009,3085,1,2616,2929,0,691,39867,3245,3,52,1520,725,324,3,13801,7910,30399,0,0,654,8838,7666,11540,0,0,0,18,24,39,0,39328,31340,34617,2,0,0,317
11,10,8,1060739,benign,186,154,10867,0,7835,3024,1,2555,2854,1,712,39155,3156,3,54,1328,803,323,4,13731,8113,29705,0,0,640,8626,7452,11315,0,0,0,18,21,241,2,39439,30667,33968,2,0,0,317
12,3,18,1060738,SDC,186,153,11138,0,8031,3093,1,2616,2929,0,701,39631,3245,3,52,1498,755,426,3,13577,7874,30333,0,0,654,8820,7655,11498,0,0,0,19,26,41,0,39463,31104,34366,2,0,0,317
13,10,25,1060757,benign,184,153,11122,1,8012,3085,1,2616,2929,0,693,39746,3245,3,51,1385,910,426,3,13669,7758,30371,0,0,654,8851,7697,11580,0,0,0,18,24,39,0,39574,31069,34353,3,0,0,317
14,4,10,1060737,benign,187,153,11128,0,8024,3092,1,2616,2929,0,703,39656,3245,3,52,1355,776,426,3,13736,7863,30382,0,0,654,8857,7668,11546,0,0,0,18,23,39,0,39360,31050,34356,2,0,0,317
15,9,4,1060765,benign,171,153,11126,0,8008,3079,1,2616,2929,0,699,39245,3245,3,53,1380,772,323,4,13378,7515,30369,0,0,654,8843,7683,11540,0,0,0,18,24,39,0,39340,30855,34075,2,0,0,317
16,1,1,1060740,benign,167,153,11141,0,8029,3084,1,2616,2929,0,694,39205,3245,3,51,1459,724,324,4,13562,7808,30400,0,0,654,8841,7674,11552,0,0,0,18,24,39,0,39144,31035,34315,2,0,0,317
17,1,14,1060756,benign,166,153,11101,0,7994,3088,1,2616,2929,0,707,39679,3245,3,53,1355,888,324,3,13402,7604,30253,0,0,654,8856,7678,11542,0,0,0,18,23,39,0,39196,30887,34187,2,0,0,317
18,10,0,1060760,benign,191,153,11125,0,8000,3082,1,2616,2929,0,692,39659,3245,3,53,1574,1086,426,3,13794,7759,30435,0,0,654,8840,7670,11536,0,0,0,18,23,141,2,39708,31215,34496,2,0,0,317
19,2,28,1060750,benign,190,153,11109,0,7995,3080,1,2616,2929,0,695,39657,3245,3,53,1565,862,428,4,13687,7796,30329,0,0,654,8841,7700,11550,0,0,0,18,23,39,0,39351,31140,34374,2,0,0,317
20,2,9,1060759,benign,188,154,11121,0,8006,3078,1,2616,2929,1,698,39958,3245,3,53,1300,778,324,3,13596,7642,30299,0,0,654,8854,7654,11549,0,0,0,18,23,39,0,39688,31185,34450,2,0,0,317
21,3,14,1060758,benign,196,153,11118,0,8007,3091,1,2616,2929,0,691,39680,3245,3,52,1531,928,426,3,13756,7813,30354,0,0,654,8823,7660,11583,0,0,0,18,23,143,2,39472,31235,34478,2,0,0,317
22,8,19,1060767,benign,184,153,11144,0,8025,3092,1,2616,2929,0,694,39376,3245,3,52,1487,728,324,3,13526,7658,30383,0,0,654,8865,7685,11556,0,0,0,18,25,39,0,39515,30866,34100,2,0,0,317
23,10,29,1060733,benign,191,153,11135,0,8008,3078,1,2616,2929,0,692,39433,3245,3,53,1551,747,324,3,13619,7799,30371,0,0,654,8861,7656,11540,0,0,0,18,23,38,0,39552,31256,34661,2,0,0,317
24,7,21,1060743,benign,192,153,11169,0,8047,3086,1,2616,2929,0,700,39730,3245,3,52,1356,712,426,3,13708,7809,30355,0,0,654,8853,7658,11557,0,0,0,18,25,39,0,39545,31197,34684,2,0,0,317
25,8,29,1060738,benign,189,153,11123,0,8004,3078,1,2616,2930,0,698,39610,3245,3,53,1739,735,324,3,13565,7748,30393,0,0,654,8866,7672,11543,0,0,0,18,23,39,0,39412,30945,34199,2,0,0,317
26,9,11,1060739,benign,194,153,11130,0,8019,3088,1,2616,2930,0,688,39478,3245,3,52,1437,786,428,3,13547,7668,30345,0,0,654,8842,7679,11564,0,0,0,18,23,39,0,39422,31106,34348,2,0,0,317
27,6,3,1060721,benign,194,153,11130,0,8022,3081,1,2616,2929,0,703,39784,3245,3,52,1576,774,324,3,13662,7955,30345,0,0,654,8848,7657,11543,0,0,0,18,24,39,0,39663,31004,34469,2,0,0,317
28,6,27,1060763,benign,184,151,11126,0,8011,3082,1,2616,2929,0,699,39425,3245,3,52,1322,722,426,3,13669,7827,30326,0,0,654,8843,7675,11521,0,0,0,18,25,39,0,39503,31290,34508,2,0,0,317
29,3,23,1060754,benign,193,153,11140,0,8028,3090,1,2616,2929,0,686,39345,3245,3,53,1369,1077,426,3,13464,7698,30237,0,0,654,8847,7666,11570,0,0,0,18,25,39,0,39267,31064,34321,2,0,0,317
30,2,30,1060755,benign,189,153,11099,0,7991,3083,1,2616,2929,0,699,39491,3245,3,53,1334,735,425,3,13724,8059,30397,0,0,654,8840,7654,11554,0,0,0,18,23,39,0,39652,31233,34519,2,0,0,317
31,9,3,1060726,benign,202,153,11093,0,7979,3076,1,2616,2929,0,694,39785,3245,3,52,1617,763,323,3,13858,8157,30435,0,0,654,8831,7680,11527,0,0,0,18,24,39,0,39688,31090,34369,2,0,0,317
32,6,27,1060745,benign,190,155,10830,1,7819,3004,1,2548,2847,0,660,38560,3147,3,54,1321,1095,420,4,13392,7497,29585,0,0,638,8620,7417,11283,0,0,0,18,24,126,3,38889,30458,33727,3,0,0,317
33,1,14,1060727,SDC,166,153,11117,0,8005,3086,1,2616,2929,0,690,39350,3245,3,52,1375,779,324,3,13460,7614,30325,0,0,654,8848,7685,11583,0,0,0,19,27,141,2,39629,30921,34187,2,0,0,317
34,8,25,1060756,benign,188,151,11118,0,8014,3085,1,2616,2929,0,709,39868,3245,3,52,1493,959,324,3,13596,7715,30327,0,0,654,8903,7717,11499,0,0,0,18,25,276,2,40033,31017,34288,2,0,0,317
35,8,22,1060738,benign,169,151,11146,0,8043,3090,1,2616,2929,0,686,39189,3245,3,52,1348,878,324,3,13553,7822,30361,0,0,654,8854,7670,11518,0,0,0,18,24,39,0,39426,30863,34110,2,0,0,317
36,6,7,1060760,benign,190,153,11170,0,8054,3099,1,2616,2929,0,691,39732,3245,3,53,1528,769,426,4,13500,7681,30342,0,0,654,8843,7683,11559,0,0,0,18,25,39,0,39259,31239,34528,2,0,0,317
37,3,6,1060747,benign,199,153,10875,0,7862,3014,1,2548,2847,0,683,39081,3147,3,52,1330,717,324,4,13691,7666,29633,0,0,638,8588,7418,11236,0,0,0,18,24,39,0,38743,30352,33811,2,0,0,317
38,3,16,1060743,SDC,190,153,11150,0,8044,3089,1,2616,2929,0,707,39685,3245,3,52,1330,723,428,3,13662,7882,30382,0,0,654,8859,7658,11545,0,0,0,18,24,39,0,39500,30996,34440,2,0,0,317
39,4,18,1060734,benign,192,153,11151,0,8031,3080,1,2616,2929,0,695,39627,3245,3,52,1335,786,426,3,13810,8091,30267,0,0,654,8827,7632,11509,0,0,0,18,24,39,0,39595,31262,34708,2,0,0,317
40,5,13,1060749,benign,190,153,11138,0,8027,3080,1,2616,2929,0,691,39475,3245,3,52,1350,753,324,3,13647,7789,30326,0,0,654,8845,7643,11495,0,0,0,18,25,39,0,39620,31202,34659,2,0,0,317
41,4,21,1060765,benign,166,153,11144,0,8029,3080,1,2616,2929,0,702,39260,3245,3,52,1503,705,324,3,13662,7558,30359,0,0,654,8850,7679,11560,0,0,0,18,22,39,0,39395,30728,34076,2,0,0,317
42,6,16,1060760,benign,188,153,11137,0,8028,3090,1,2616,2930,0,698,39790,3245,3,52,1357,766,324,3,13983,8108,30341,0,0,654,8836,7711,11567,0,0,0,18,23,39,0,39616,30989,34256,2,0,0,317
43,5,15,1060743,benign,166,153,11112,1,8008,3082,1,2616,2929,0,700,39306,3245,3,52,1548,730,378,3,13298,7550,30364,0,0,654,8856,7662,11537,0,0,0,18,24,39,0,39157,30790,34175,3,0,0,317
44,4,5,1060720,benign,185,153,11158,0,8039,3086,1,2616,2929,0,690,39780,3245,3,52,1351,767,324,3,13516,7651,30304,0,0,654,8827,7674,11547,0,0,0,18,23,39,0,39576,30862,34105,2,0,0,317
45,5,5,1060741,benign,197,153,11151,0,8025,3077,1,2616,2929,0,689,39637,3245,3,52,1493,838,323,4,13847,7885,30305,0,0,654,8828,7685,11545,0,0,0,18,25,39,0,39710,31193,34501,2,0,0,317
46,10,11,1060745,benign,191,153,11141,0,8035,3094,1,2616,2929,0,706,39773,3245,3,52,1300,730,324,3,13639,7769,30361,0,0,654,8867,7685,11561,0,0,0,18,24,39,0,39425,30946,34377,2,0,0,317
47,2,4,1060734,benign,182,153,11164,0,8042,3089,1,2616,2929,0,698,39838,3245,3,52,1335,766,426,3,13656,7761,30310,0,0,654,8833,7632,11538,0,0,0,18,23,39,0,39668,31034,34319,2,0,0,317
48,7,31,1060735,benign,166,154,11135,1,8021,3088,1,2616,2929,0,699,39327,3245,3,52,1578,824,464,3,13387,7637,30406,0,0,654,8848,7679,11569,0,0,0,18,23,39,0,39233,31027,34310,3,0,0,317
49,4,0,1060748,benign,193,153,11122,0,8012,3085,1,2616,2929,0,696,39616,3245,3,52,1439,913,324,3,13524,7776,30334,0,0,654,8841,7674,11540,0,0,0,18,24,39,0,39386,31028,34373,2,0,0,317
50,2,0,1060733,benign,186,153,11124,0,8014,3082,1,2616,2929,0,693,39496,3245,3,52,1364,771,324,3,13522,7692,30342,0,0,654,8839,7647,11540,0,0,0,18,24,39,0,39557,30989,34248,2,0,0,317
51,5,20,1060749,benign,194,153,11122,0,8008,3093,1,2616,2929,0,693,39447,3245,3,53,1378,733,425,3,13690,7846,30421,0,0,654,8848,7667,11530,0,0,0,18,23,39,0,39613,31060,34421,2,0,0,317
52,7,7,1060757,benign,193,153,11093,0,7981,3076,1,2616,2930,0,697,39596,3245,3,52,1560,769,324,3,13624,7848,30451,0,0,654,8869,7648,11500,0,0,0,18,24,140,2,39561,30961,34234,2,0,0,317
53,9,28,1060738,benign,190,153,11152,0,8042,3082,1,2616,2929,0,694,39556,3245,3,52,1280,735,324,3,13839,7899,30365,0,0,654,8836,7693,11566,0,0,0,18,24,39,0,39463,31268,34699,2,0,0,317
54,8,19,1060727,benign,190,153,11125,0,8005,3075,1,2616,2929,0,677,39567,3245,3,52,1351,759,324,3,13698,7978,30321,0,0,654,8875,7639,11542,0,0,0,18,24,39,0,39648,31330,34577,2,0,0,317
55,5,0,1060763,benign,166,153,11130,0,8014,3083,1,2616,2929,0,697,39609,3245,3,52,1354,720,324,3,13330,7466,30329,0,0,654,8849,7669,11551,0,0,0,18,24,39,0,39142,30878,34131,2,0,0,317
56,9,20,1060756,benign,191,153,11102,0,7993,3078,1,2616,2929,0,694,39453,3245,3,53,1320,747,324,3,13515,7614,30372,0,0,654,8852,7654,11565,0,0,0,18,24,132,2,39526,31427,34858,2,0,0,317
0,9,31,1060722,benign,124,27,11137,0,8018,3082,1,2616,2929,0,700,39647,3245,3,53,1523,928,426,4,13871,7897,30332,0,0,654,8862,7673,11558,0,0,0,18,23,142,2,39616,31095,34494,2,0,0,317
1,4,16,1060725,benign,191,153,11118,0,8017,3082,1,2616,2929,0,695,39532,3245,3,52,1311,1138,324,3,13797,7860,30385,0,0,654,8867,7692,11568,0,0,0,18,24,39,0,39764,31275,34534,2,0,0,317
2,1,28,1060743,benign,195,151,11131,0,8020,3079,1,2616,2929,0,705,39660,3245,3,52,1345,794,324,3,13759,8030,30347,0,0,654,8837,7650,11549,0,0,0,18,23,34,2,39795,31327,34745,2,0,0,316
3,3,11,1060744,benign,168,153,11111,0,8003,3088,1,2616,2929,0,694,39214,3245,3,52,1337,787,425,3,13301,7593,30352,0,0,654,8868,7680,11546,0,0,0,18,24,38,0,39202,30774,34047,2,0,0,317
4,2,25,1060749,benign,192,153,11113,0,8006,3084,1,2616,2930,0,705,39561,3245,3,53,1571,731,324,3,13610,7747,30238,0,0,654,8848,7668,11535,0,0,0,18,25,39,0,39276,31234,34480,2,0,0,317
5,3,20,1060759,benign,191,154,11102,0,7991,3086,1,2616,2929,0,692,39634,3245,3,53,1542,725,324,3,13440,7579,30267,0,0,654,8838,7681,11589,0,0,0,18,25,39,0,39411,31209,34447,2,0,0,317
6,6,19,1060766,benign,184,153,11143,0,8021,3086,1,2616,2929,0,693,39349,3245,3,52,1304,789,324,3,13800,7778,30265,0,0,654,8855,7703,11573,0,0,0,18,23,131,2,39778,31211,34447,2,0,0,317
7,7,17,1060755,benign,194,153,11145,0,8030,3086,1,2616,2929,0,705,39499,3245,3,52,1517,733,324,3,13716,8002,30363,0,0,654,8858,7666,11516,0,0,0,18,24,141,2,39703,30947,34177,2,0,0,317
8,10,1,1060752,benign,167,153,11141,0,8024,3085,1,2616,2929,0,701,39566,3245,3,53,1571,750,324,4,13495,7617,30428,0,0,654,8869,7655,11528,0,0,0,18,24,141,2,39487,30795,34216,2,0,0,317
9,2,25,1060759,benign,182,153,11171,0,8055,3082,1,2616,2929,0,694,39407,3245,3,52,1508,716,324,3,13667,7690,30406,0,0,654,8849,7657,11548,0,0,0,18,23,39,0,39590,30851,34193,2,0,0,317
10,2,2,1060745,benign,189,153,11114,0,8011,3086,1,2616,2929,0,697,39672,3245,3,52,1366,749,426,3,13669,7919,30321,0,0,654,8865,7711,11581,0,0,0,18,24,39,0,39803,31098,34335,2,0,0,317
11,8,6,1060765,benign,187,151,11130,0,8026,3086,1,2616,2929,0,694,39504,3245,3,52,1321,784,324,4,13788,8007,30351,0,0,654,8854,7683,11553,0,0,0,18,25,39,0,39347,31183,34670,2,0,0,317
12,4,6,1060740,benign,166,154,11105,1,8001,3074,1,2616,2929,0,706,39418,3245,3,51,1323,995,333,3,13484,7845,30380,0,0,654,8845,7687,11565,0,0,0,18,23,39,0,39142,30702,33898,3,0,0,317
13,4,12,1060722,benign,182,152,11152,1,8045,3095,1,2616,2929,0,685,39491,3245,3,52,1476,749,324,3,13488,7673,30353,0,0,654,8847,7658,11525,0,0,0,18,23,39,0,39531,30931,34412,2,0,0,317
14,4,10,1060758,benign,186,153,11119,1,8016,3083,1,2616,2929,0,700,39550,3245,3,51,1355,711,324,3,13616,7821,30353,0,0,654,8836,7697,11583,0,0,0,18,22,39,0,39641,30884,34160,3,0,0,317
15,6,3,1060746,benign,188,153,11130,0,8024,3085,1,2616,2929,0,700,39644,3245,3,52,1460,916,426,3,13482,7751,30309,0,0,654,8852,7682,11542,0,0,0,18,24,39,0,39576,31205,34487,2,0,0,317
16,10,5,1060743,benign,187,153,11134,0,8025,3081,1,2616,2929,0,698,39715,3245,3,52,1317,854,324,3,13575,7691,30371,0,0,654,8863,7660,11535,0,0,0,18,24,39,0,39473,31004,34287,2,0,0,317
17,2,10,1060722,benign,184,153,11138,0,8024,3077,1,2616,2929,0,689,39307,3245,3,52,1343,945,324,3,13592,7575,30248,0,0,654,8845,7661,11528,0,0,0,18,24,39,0,39431,31040,34326,2,0,0,317
18,1,16,1060748,benign,168,153,11143,0,8035,3089,1,2616,2929,0,684,39048,3245,3,52,1751,727,417,3,13498,7786,30285,0,0,654,8815,7683,11535,0,0,0,18,23,39,0,39308,30741,34006,2,0,0,317
19,3,24,1060764,benign,167,154,11115,0,8005,3084,1,2616,2929,1,694,39192,3245,3,53,1352,721,324,4,13431,7724,30357,0,0,654,8849,7692,11557,0,0,0,18,25,39,0,39061,30993,34281,2,0,0,317
20,6,15,1060750,benign,201,153,11149,0,8033,3080,1,2616,2929,0,691,39573,3245,3,52,1572,754,426,3,13631,7754,30291,0,0,654,8841,7685,11537,0,0,0,18,25,39,0,39486,31039,34326,2,0,0,317
21,3,2,1060758,crash/hangs,-,-,-,-,-,-,-,-,-,-,-,-,-,-,-,-,-,-,-,-,-,-,-,-,-,-,-,-,-,-,-,-,-,-,-,-,-,-,-,-,-,-
22,3,1,1060730,benign,110,27,11141,0,8046,3088,1,2616,2929,0,691,39510,3245,3,52,1326,745,324,3,13636,7747,30319,0,0,654,8840,7697,11569,0,0,0,18,24,143,2,39711,30975,34213,2,0,0,317
23,1,18,1060749,benign,194,153,11122,0,8000,3084,1,2616,2929,0,709,39751,3245,3,52,1558,677,323,4,13471,7661,30256,0,0,654,8832,7649,11519,0,0,0,18,23,39,0,39524,30955,34140,2,0,0,317
24,7,1,1060731,benign,183,153,11141,0,8028,3086,1,2616,2929,0,686,39292,3245,3,52,1696,778,324,3,13694,7887,30393,0,0,654,8852,7676,11549,0,0,0,18,24,132,2,39560,31118,34581,2,0,0,317
25,6,7,1060746,benign,190,153,11073,0,7970,3083,1,2616,2929,0,691,39581,3245,3,52,1538,718,426,3,13581,7799,30333,0,0,654,8835,7637,11526,0,0,0,18,24,39,0,39358,30945,34220,2,0,0,317
26,9,18,1060736,benign,168,153,11135,0,8031,3095,1,2616,2929,0,692,39412,3245,3,53,1328,741,324,4,13342,7429,30329,0,0,654,8859,7682,11568,0,0,0,18,24,39,0,39228,30834,34164,2,0,0,317
27,9,17,1060736,benign,168,153,11103,0,8000,3088,1,2616,2929,0,697,39187,3245,3,52,1351,773,324,3,13508,7739,30405,0,0,654,8831,7628,11527,0,0,0,18,23,39,0,39137,31002,34430,2,0,0,317
28,7,2,1060729,benign,190,153,11140,0,8023,3080,1,2616,2929,0,681,39525,3245,3,52,1403,774,324,4,13669,7585,30311,0,0,654,8837,7692,11557,0,0,0,18,23,141,2,39681,31316,34628,2,0,0,317
29,5,2,1060759,benign,185,151,11147,0,8031,3091,1,2616,2929,0,687,39437,3245,3,52,1343,726,324,4,13763,7891,30372,0,0,654,8919,7727,11559,0,0,0,18,24,38,0,39446,31076,34357,2,0,0,317
30,7,4,1060730,benign,188,153,11110,0,8000,3071,1,2616,2929,0,702,39455,3245,3,52,1540,768,324,3,13544,7760,30396,0,0,654,8846,7693,11547,0,0,0,18,23,266,2,39759,31210,34432,2,0,0,317
31,3,18,1060766,benign,194,152,11097,0,7989,3085,1,2616,2929,0,705,39821,3245,3,53,1359,923,425,4,13585,7708,30339,0,0,654,8864,7689,11595,0,0,0,18,23,39,0,39489,30879,34329,2,0,0,317
32,7,2,1060761,benign,182,153,11109,0,8003,3083,1,2616,2929,0,695,39372,3245,3,52,1308,973,324,3,13483,7681,30313,0,0,654,8850,7664,11538,0,0,0,18,24,141,2,39902,31000,34288,2,0,0,317
33,7,6,1060728,benign,166,153,11139,0,8029,3095,1,2616,2929,0,687,39240,3245,3,53,1539,915,424,3,13294,7456,30280,0,0,654,8859,7654,11525,0,0,0,18,23,39,0,39332,30674,33932,2,0,0,317
34,1,14,1060736,benign,167,151,11144,0,8026,3075,1,2616,2929,0,693,39470,3245,3,53,1402,727,424,3,13316,7555,30302,0,0,654,8833,7664,11555,0,0,0,19,27,137,2,39481,30915,34140,2,0,0,317
35,2,24,1060751,benign,189,153,11106,0,7998,3072,1,2616,2929,0,696,39721,3245,3,52,1547,750,323,3,13509,7619,30343,0,0,654,8840,7670,11539,0,0,0,18,23,39,0,39481,31033,34257,2,0,0,317
36,9,6,1060728,benign,166,153,11128,0,8023,3090,1,2616,2929,0,689,39405,3245,3,52,1558,740,324,3,13361,7513,30317,0,0,654,8858,7693,11559,0,0,0,18,24,39,0,39071,30556,33835,2,0,0,317
37,2,0,1060748,benign,167,153,11155,0,8048,3091,1,2616,2929,0,704,39316,3245,3,52,1507,758,426,3,13559,7637,30230,0,0,654,8827,7674,11557,0,0,0,18,24,39,0,39357,30979,34269,2,0,0,317
38,9,19,1060755,benign,186,153,11130,0,8019,3087,1,2616,2929,0,714,39762,3245,3,52,1358,934,425,4,13413,7575,30221,0,0,654,8853,7662,11553,0,0,0,18,24,39,0,39472,31082,34594,2,0,0,317
39,4,2,1060747,benign,191,154,11116,1,8007,3082,1,2616,2929,0,693,39443,3245,3,52,1559,701,328,3,13546,7847,30366,0,0,654,8829,7652,11504,0,0,0,18,23,150,4,39836,31125,34543,2,0,0,317
40,7,20,1060745,benign,188,151,11120,0,8011,3081,1,2616,2929,0,691,39442,3245,3,52,1573,937,324,4,13411,7594,30245,0,0,654,8859,7667,11544,0,0,0,18,24,141,2,39625,30919,34184,2,0,0,317
41,10,4,1060757,benign,189,153,11158,0,8043,3101,1,2616,2929,0,685,39543,3245,3,52,1510,754,324,3,13776,7700,30359,0,0,654,8867,7663,11540,0,0,0,18,24,39,0,39368,30976,34221,2,0,0,317
0,8,7,1060756,benign,89,27,11116,0,8013,3079,1,2616,2929,0,698,39356,3245,3,52,1365,748,324,3,13458,7802,30388,0,0,654,8832,7650,11538,0,0,0,18,21,39,0,39216,30657,33877,2,0,0,317
1,6,18,1060747,benign,190,153,11130,0,8015,3080,1,2616,2929,0,695,39671,3245,3,52,1646,818,417,4,13780,7841,30373,0,0,654,8831,7686,11547,0,0,0,18,22,39,0,39576,31197,34494,2,0,0,317
2,3,4,1060754,benign,187,153,11109,0,8003,3074,1,2616,2929,0,693,39638,3245,3,52,1351,771,382,3,13956,8191,30367,0,0,654,8837,7648,11527,0,0,0,18,23,141,2,39536,31254,34530,2,0,0,317
3,9,5,1060759,benign,191,153,11116,0,8012,3078,1,2616,2929,0,690,39460,3245,3,52,1567,891,324,3,13446,7689,30262,0,0,654,8832,7668,11564,0,0,0,18,23,39,0,39406,30980,34214,2,0,0,317
4,3,30,1060751,benign,187,153,11134,0,8026,3088,1,2616,2929,1,691,39600,3245,3,53,1631,747,425,3,13650,7819,30338,0,0,654,8826,7626,11506,0,0,0,18,24,39,0,39678,31122,34373,2,0,0,317
5,3,4,1060750,benign,197,153,11129,1,8022,3082,1,2616,2929,0,700,39695,3245,3,54,1508,869,411,4,14106,8002,30293,0,0,654,8839,7655,11541,0,0,0,18,25,127,3,39728,31215,34481,3,0,0,317
6,9,6,1060760,benign,166,151,11143,0,8033,3082,1,2616,2929,0,694,39539,3245,3,52,1472,748,425,4,13274,7531,30330,0,0,654,8832,7644,11542,0,0,0,19,26,41,0,39244,30711,34032,2,0,0,317
7,10,12,1060759,benign,184,153,11130,0,8027,3079,1,2616,2929,0,696,39612,3245,3,53,1358,721,324,3,13671,7553,30315,0,0,654,8855,7688,11558,0,0,0,18,24,39,0,39303,31304,34567,2,0,0,317
8,6,25,1060726,benign,189,153,11135,0,8028,3086,1,2616,2929,0,697,39521,3245,3,52,1339,932,324,3,13803,7821,30396,0,0,654,8862,7655,11539,0,0,0,18,24,34,2,39428,31102,34383,2,0,0,317
9,5,14,1060724,benign,166,153,11136,0,8029,3077,1,2616,2929,0,696,39387,3245,3,52,1603,697,426,3,13434,7502,30344,0,0,654,8841,7672,11538,0,0,0,18,23,39,0,39469,30788,34066,2,0,0,317
10,5,23,1060756,benign,168,153,11072,0,7967,3073,1,2616,2929,0,698,39569,3245,3,53,1468,748,324,3,13659,7907,30312,0,0,654,8931,7729,11546,0,0,0,18,25,39,0,39319,30830,34080,2,0,0,316
11,9,15,1060761,benign,196,153,11099,0,7991,3081,1,2616,2929,0,697,39693,3245,3,52,1315,934,324,3,13818,8039,30329,0,0,654,8846,7679,11561,0,0,0,18,25,39,0,39375,31036,34296,2,0,0,317
12,7,26,1060752,benign,164,151,11139,0,8023,3081,1,2616,2929,0,711,39751,3245,3,52,1323,808,324,3,13410,7702,30256,0,0,654,8857,7649,11501,0,0,0,18,23,39,0,39460,30877,34157,2,0,0,317
13,10,7,1060744,benign,172,153,11121,0,8009,3084,1,2616,2929,0,693,39428,3245,3,52,1532,729,324,3,13573,7650,30347,0,0,654,8839,7676,11552,0,0,0,19,26,143,2,39449,31058,34338,2,0,0,317
14,7,8,1060741,benign,182,153,11158,0,8052,3089,1,2616,2929,0,697,39575,3245,3,52,1361,721,428,3,13873,7904,30418,0,0,654,8852,7698,11598,0,0,0,18,24,39,0,39585,31078,34284,2,0,0,317
15,6,27,1060739,benign,192,153,11125,0,8008,3087,1,2616,2929,0,696,39742,3245,3,51,1336,739,324,3,13701,8026,30329,0,0,654,8846,7696,11583,0,0,0,18,25,39,0,39490,30805,34042,2,0,0,317
16,10,24,1060728,benign,167,153,11143,0,8026,3093,1,2616,2929,0,698,39747,3245,3,52,1343,743,427,3,13261,7423,30352,0,0,654,8849,7667,11574,0,0,0,19,26,41,0,39425,30604,33857,2,0,0,317
17,1,25,1060723,crash/hangs,-,-,-,-,-,-,-,-,-,-,-,-,-,-,-,-,-,-,-,-,-,-,-,-,-,-,-,-,-,-,-,-,-,-,-,-,-,-,-,-,-,-
18,2,9,1060728,benign,90,27,11152,0,8057,3084,1,2616,2930,0,698,39423,3245,3,52,1302,765,324,3,13270,7456,30355,0,0,654,8855,7660,11516,0,0,0,18,24,39,0,39146,30764,34041,2,0,0,316
19,2,31,1060737,benign,185,153,11113,0,8003,3085,1,2616,2929,0,691,39572,3245,3,52,1353,798,426,3,13472,7697,30373,0,0,654,8841,7667,11531,0,0,0,18,24,39,0,39630,30945,34199,2,0,0,317
20,6,29,1060751,benign,190,153,11125,0,8017,3083,1,2616,2929,0,690,39417,3245,3,52,1511,732,324,3,13816,7950,30376,0,0,654,8833,7668,11541,0,0,0,18,23,141,2,39601,31271,34502,2,0,0,316
21,2,3,1060754,benign,191,153,11107,0,8001,3080,1,2616,2929,0,697,39792,3245,3,52,1295,924,324,3,13569,7716,30410,0,0,654,8866,7647,11515,0,0,0,18,23,38,0,39559,31009,34244,2,0,0,317
22,9,18,1060754,benign,186,153,11088,0,7977,3082,1,2616,2929,0,700,39389,3245,3,52,1355,748,382,3,13574,7847,30447,0,0,654,8822,7674,11574,0,0,0,18,23,39,0,39456,31123,34389,2,0,0,317
23,3,2,1060724,benign,166,151,11134,0,8027,3086,1,2616,2929,0,686,39379,3245,3,53,1531,775,324,3,13348,7494,30340,0,0,654,8862,7678,11558,0,0,0,19,26,143,2,39394,31003,34429,2,0,0,317
24,9,15,1060741,benign,182,153,11081,0,7972,3073,1,2616,2929,0,704,39624,3245,3,52,1307,785,324,4,13474,7638,30388,0,0,654,8846,7650,11502,0,0,0,18,23,39,0,39658,31123,34378,2,0,0,317
25,6,22,1060722,benign,188,151,11142,0,8036,3082,1,2616,2929,0,691,39568,3245,3,52,1345,775,324,3,13482,7583,30395,0,0,654,8833,7619,11528,0,0,0,18,23,39,0,39768,31015,34240,2,0,0,317
26,1,8,1060758,benign,190,153,11132,0,8022,3082,1,2616,2929,0,685,39157,3245,3,52,1350,714,426,4,13459,7750,30220,0,0,654,8839,7680,11538,0,0,0,18,23,39,0,39628,30918,34373,2,0,0,317
27,5,22,1060724,benign,167,151,11108,0,8002,3085,1,2616,2930,0,695,39496,3245,3,52,1377,702,426,3,13266,7534,30384,0,0,654,8903,7751,11564,0,0,0,18,24,39,0,39291,30649,34088,2,0,0,317
28,6,13,1060734,benign,189,153,11145,0,8027,3084,1,2616,2929,0,693,39512,3245,3,52,1286,772,428,3,13545,7792,30313,0,0,654,8826,7685,11541,0,0,0,18,24,39,0,39716,31091,34346,2,0,0,317
29,10,31,1060721,benign,190,153,11132,0,8018,3088,1,2616,2929,0,708,39528,3245,3,52,1545,779,594,4,13581,7710,30368,0,0,654,8845,7674,11581,0,0,0,18,24,39,0,39697,31203,34458,2,0,0,317
30,2,19,1060761,benign,193,153,11113,0,7999,3080,1,2616,2929,0,703,39694,3245,3,52,1355,743,324,4,13684,7990,30322,0,0,654,8862,7665,11537,0,0,0,18,23,39,0,39634,30918,34235,2,0,0,317
31,7,0,1060741,benign,184,151,11153,0,8035,3086,1,2616,2929,0,700,39786,3245,3,53,1316,763,324,3,13660,7938,30390,0,0,654,8881,7659,11544,0,0,0,18,24,38,0,39827,31121,34403,2,0,0,317
32,1,5,1060739,benign,191,151,11083,0,7979,3075,1,2616,2929,0,697,39877,3245,3,52,1335,699,324,4,13719,7789,30367,0,0,654,8833,7679,11567,0,0,0,18,22,39,0,39819,31117,34372,2,0,0,317
33,3,28,1060733,benign,189,153,11105,0,8004,3074,1,2616,2929,0,694,39648,3245,3,52,1539,755,324,4,13785,8031,30404,0,0,654,8846,7656,11531,0,0,0,18,24,38,0,39540,31287,34564,2,0,0,317
34,7,5,1060730,benign,195,153,11121,0,8009,3080,1,2616,2929,0,692,39415,3245,3,52,1510,759,324,3,13532,7669,30377,0,0,654,8838,7648,11555,0,0,0,18,24,39,0,39478,31054,34300,2,0,0,317
35,4,9,1060720,benign,167,153,11116,1,8001,3078,1,2616,2929,0,681,39279,3245,3,51,1285,922,323,3,13361,7614,30280,0,0,654,8852,7699,11569,0,0,0,18,22,34,0,39637,30761,34019,3,0,0,317
36,8,18,1060751,benign,190,153,11121,0,8016,3085,1,2616,2929,0,692,39582,3245,3,52,1376,791,425,3,13654,7783,30365,0,0,654,8854,7669,11540,0,0,0,18,25,39,0,39759,30912,34191,2,0,0,317
37,2,14,1060745,benign,186,153,11148,0,8038,3088,1,2616,2929,0,711,39798,3245,3,52,1752,794,324,3,13554,7823,30274,0,0,654,8841,7668,11544,0,0,0,18,24,39,0,39686,31303,34578,2,0,0,317
38,4,31,1060740,benign,166,153,11133,0,8025,3082,1,2616,2929,0,702,39581,3245,3,51,1424,775,426,3,13625,7884,30334,0,0,654,8824,7639,11499,0,0,0,18,25,278,2,39680,30791,34076,2,0,0,317
39,9,19,1060758,benign,191,153,11122,0,8017,3088,1,2616,2929,0,712,39694,3245,3,53,1366,736,426,3,13974,8204,30378,0,0,654,8846,7619,11531,0,0,0,18,22,39,0,39367,30905,34118,2,0,0,317
40,5,24,1060760,benign,165,153,11122,0,8011,3084,1,2616,2929,0,698,39318,3245,3,52,1305,758,324,4,13253,7455,30375,0,0,654,8893,7729,11546,0,0,0,18,24,39,0,39530,30758,34186,2,0,0,317
41,6,0,1060729,benign,187,153,11096,0,7993,3088,1,2616,2929,0,683,39586,3245,3,52,1340,834,324,3,13573,7801,30309,0,0,654,8849,7674,11551,0,0,0,18,22,39,0,39490,30728,33992,2,0,0,317
42,5,12,1060745,benign,185,153,11116,0,8009,3095,1,2616,2929,0,701,39511,3245,3,52,1467,727,324,3,13687,7833,30354,0,0,654,8857,7672,11547,0,0,0,18,23,39,0,39974,31143,34557,2,0,0,317
43,5,24,1060751,benign,190,153,11156,0,8045,3084,1,2616,2929,0,685,39275,3245,3,52,1558,717,417,3,13659,7748,30280,0,0,654,8861,7694,11568,0,0,0,18,22,39,0,39858,31222,34473,2,0,0,317
44,3,19,1060749,benign,192,152,11147,0,8029,3086,1,2616,2929,1,691,39613,3245,3,53,1528,729,324,3,13548,7781,30261,0,0,654,8851,7683,11570,0,0,0,19,27,41,0,39605,30954,34201,2,0,0,317
45,10,27,1060744,benign,168,153,11145,0,8034,3092,1,2616,2929,0,694,39335,3245,3,52,1374,769,426,3,13359,7507,30293,0,0,654,8848,7687,11569,0,0,0,18,22,38,0,39268,30635,33914,2,0,0,317
46,10,16,1060732,benign,166,153,11145,0,8023,3080,1,2616,2929,0,688,39373,3245,3,52,1338,768,324,3,13469,7743,30384,0,0,654,8830,7667,11550,0,0,0,18,23,132,2,39838,30890,34159,2,0,0,317
47,10,11,1060768,benign,170,153,11117,0,7996,3075,1,2616,2929,0,696,39287,3245,3,53,1580,734,428,3,13488,7769,30436,0,0,654,8836,7656,11514,0,0,0,18,24,39,0,39159,30798,34041,2,0,0,317
48,10,31,1060739,benign,194,151,11119,0,8004,3084,1,2616,2929,0,691,39723,3245,3,54,1544,768,428,4,13818,8050,30346,0,0,654,8853,7667,11524,0,0,0,18,25,39,0,39614,31095,34551,2,0,0,317
49,8,31,1060727,benign,192,153,11125,0,8017,3083,1,2616,2929,0,694,39600,3245,3,52,1326,796,324,3,13901,8108,30383,0,0,654,8830,7680,11543,0,0,0,18,24,39,0,39705,31225,34503,2,0,0,317
50,2,20,1060749,benign,191,153,11143,0,8035,3096,1,2616,2929,0,697,39503,3245,3,52,1360,771,428,3,13716,7778,30424,0,0,654,8846,7670,11545,0,0,0,18,25,39,0,39474,30918,34380,2,0,0,317
51,4,4,1060741,benign,187,154,11122,1,8011,3088,1,2616,2929,0,691,39385,3245,3,52,1369,758,483,3,13610,7911,30259,0,0,654,8837,7681,11522,0,0,0,18,24,48,2,39483,30964,34240,3,0,0,317
52,4,14,1060755,benign,182,153,11136,0,8028,3082,1,2616,2929,0,698,39747,3245,3,52,1306,952,324,4,13463,7692,30370,0,0,654,8855,7652,11531,0,0,0,18,24,39,0,39465,30930,34219,2,0,0,317
53,3,8,1060763,benign,190,153,11160,0,8033,3089,1,2616,2929,0,679,39568,3245,3,52,1351,920,324,3,13717,7988,30332,0,0,654,8855,7652,11539,0,0,0,18,24,140,2,39870,31293,34565,2,0,0,317
54,5,29,1060765,benign,191,153,11150,0,8047,3094,1,2616,2930,0,704,39956,3245,3,52,1462,752,427,3,13653,7957,30342,0,0,654,8868,7709,11589,0,0,0,18,24,35,1,39886,31050,34502,2,0,0,317
55,5,18,1060722,benign,189,153,11112,0,7999,3088,1,2616,2929,0,682,39305,3245,3,52,1326,758,324,3,13570,7693,30352,0,0,654,8844,7665,11533,0,0,0,19,26,41,0,39669,31123,34623,2,0,0,316
56,6,30,1060747,benign,195,153,11120,0,7999,3076,1,2616,2929,0,690,39636,3245,3,52,1340,959,425,3,13562,7827,30410,0,0,654,8843,7693,11601,0,0,0,18,24,39,0,39680,31135,34392,2,0,0,317
57,4,28,1060724,benign,164,151,11124,0,8006,3083,1,2616,2929,0,700,39259,3245,3,51,1511,942,323,3,13187,7481,30351,0,0,654,8832,7671,11555,0,0,0,18,24,39,0,39163,30660,34012,2,0,0,317
58,10,26,1060729,benign,185,153,11142,0,8026,3083,1,2616,2929,0,695,39546,3245,3,52,1336,726,324,3,13409,7521,30339,0,0,654,8868,7666,11559,0,0,0,18,23,39,0,39704,31273,34479,2,0,0,317
59,7,14,1060753,benign,189,153,11100,0,7980,3079,1,2616,2929,0,701,39850,3245,3,52,1527,709,323,3,13481,7540,30292,0,0,654,8872,7648,11526,0,0,0,18,25,141,2,39846,31113,34558,2,0,0,316
60,7,28,1060727,benign,190,153,11132,0,8020,3092,1,2616,2929,0,684,39423,3245,3,52,1298,721,324,3,13693,7912,30332,0,0,654,8868,7698,11561,0,0,0,18,24,141,2,39615,30933,34185,2,0,0,317
61,2,26,1060741,benign,194,153,11099,0,7992,3083,1,2616,2929,0,706,39889,3245,3,52,1385,935,324,3,13653,7811,30353,0,0,654,8845,7693,11561,0,0,0,18,21,39,0,39557,31005,34251,2,0,0,317
62,4,6,1060720,benign,165,154,11118,1,8012,3082,1,2616,2929,0,695,39232,3245,3,53,1366,744,327,3,13215,7308,30255,0,0,654,8866,7667,11544,0,0,0,18,24,39,0,39289,30905,34141,3,0,0,317
63,1,29,1060748,benign,166,153,11136,0,8027,3083,1,2616,2929,0,694,39259,3245,3,52,1356,766,378,4,13260,7436,30371,0,0,654,8855,7665,11526,0,0,0,18,24,39,0,39237,30923,34182,2,0,0,317
64,1,6,1060755,benign,186,153,11127,0,8010,3089,1,2616,2929,0,697,39460,3245,3,53,1525,761,324,3,13589,7560,30330,0,0,654,8865,7668,11552,0,0,0,18,24,39,0,39799,30976,34228,2,0,0,317
65,2,29,1060721,benign,187,153,11151,0,8033,3091,1,2616,2930,0,698,39537,3245,3,52,1551,759,427,3,13516,7669,30410,0,0,654,8835,7688,11548,0,0,0,18,25,39,0,39459,31195,34438,2,0,0,317
66,1,3,1060740,benign,165,153,11134,0,8016,3080,1,2616,2929,0,699,39480,3245,3,52,1363,971,323,4,13306,7518,30451,0,0,654,8821,7691,11544,0,0,0,18,24,39,0,39208,30930,34193,2,0,0,317
67,5,15,1060764,benign,167,153,11152,0,8036,3087,1,2616,2929,0,688,39450,3245,3,53,1593,745,426,4,13325,7590,30273,0,0,654,8836,7671,11552,0,0,0,18,24,39,0,39258,30674,34078,2,0,0,317
68,9,6,1060757,benign,183,153,11111,0,8005,3085,1,2616,2929,0,693,39902,3245,3,52,1513,788,324,4,13595,7906,30289,0,0,654,8819,7669,11569,0,0,0,18,24,38,0,39367,31235,34660,2,0,0,317
69,6,5,1060724,benign,166,153,11134,0,8025,3087,1,2616,2930,0,698,39243,3245,3,52,1344,772,384,4,13408,7661,30360,0,0,654,8845,7677,11529,0,0,0,18,25,39,0,39315,30799,34032,2,0,0,317
70,1,28,1060758,benign,188,153,11119,0,8016,3085,1,2616,2929,0,701,39785,3245,3,52,1479,726,324,3,13825,8032,30376,0,0,654,8862,7660,11502,0,0,0,19,27,40,0,39408,31161,34389,2,0,0,317
71,9,21,1060727,benign,191,151,11125,0,8006,3086,1,2616,2929,0,702,39518,3245,3,52,1319,721,324,3,13614,7900,30364,0,0,654,8859,7672,11530,0,0,0,18,23,39,0,39637,30847,34089,2,0,0,317
72,2,21,1060742,benign,190,151,11145,0,8033,3077,1,2616,2929,0,696,39745,3245,3,52,1330,757,324,4,13479,7618,30312,0,0,654,8837,7686,11556,0,0,0,18,25,39,0,39565,31075,34313,2,0,0,317
73,9,26,1060732,benign,165,151,11144,0,8031,3086,1,2616,2929,0,707,39552,3245,3,53,1315,752,426,4,13179,7351,30276,0,0,654,8842,7663,11520,0,0,0,19,26,41,0,39408,30935,34384,2,0,0,317
74,5,11,1060740,benign,169,153,11113,0,8003,3076,1,2616,2929,0,712,39587,3245,3,52,1305,783,426,3,13054,7230,30189,0,0,654,8842,7649,11530,0,0,0,18,25,39,0,39154,30814,34073,2,0,0,317
75,8,22,1060735,benign,190,153,11150,0,8036,3085,0,2616,2929,0,703,39832,3245,3,52,1323,793,324,4,13538,7803,30342,0,0,654,8850,7617,11533,0,0,0,18,23,39,0,39357,31032,34277,2,0,0,317
76,5,28,1060747,benign,191,153,11154,0,8053,3087,1,2616,2929,0,691,39613,3245,3,52,1350,740,427,3,13917,7861,30464,0,0,654,8851,7713,11579,0,0,0,18,24,141,2,39696,31136,34546,2,0,0,316
77,4,10,1060763,benign,184,153,11103,1,7991,3086,1,2616,2929,0,694,39615,3245,3,51,1375,955,425,3,13563,7846,30394,0,0,654,8845,7623,11531,0,0,0,18,22,39,0,39522,31187,34439,3,0,0,317
78,10,0,1060763,benign,197,153,11141,0,8022,3088,1,2616,2929,0,710,40063,3245,3,52,1434,698,425,3,13632,7879,30411,0,0,654,8867,7648,11549,0,0,0,18,25,39,0,39394,31189,34650,2,0,0,317
79,3,1,1060762,benign,185,153,11136,0,8027,3081,1,2616,2929,0,698,39448,3245,3,52,1477,759,324,3,13637,7844,30385,0,0,654,8824,7648,11534,0,0,0,18,23,39,0,39352,31142,34456,2,0,0,317
80,4,27,1060744,benign,169,153,11132,0,8010,3081,1,2616,2929,0,690,39406,3245,3,51,1327,767,324,4,13214,7463,30340,0,0,654,8856,7678,11563,0,0,0,18,25,39,0,39262,31058,34518,2,0,0,317
81,9,15,1060762,benign,188,153,11127,0,8018,3087,1,2616,2929,0,692,39652,3245,3,52,1470,722,324,3,13623,7707,30351,0,0,654,8842,7645,11501,0,0,0,18,25,39,0,39631,31123,34382,2,0,0,317
82,2,20,1060720,benign,165,151,11150,0,8034,3084,1,2616,2929,0,692,39186,3245,3,53,1307,963,323,3,13311,7458,30334,0,0,654,8836,7668,11552,0,0,0,18,22,39,0,39166,30926,34175,2,0,0,317
83,5,7,1060723,benign,184,153,11112,0,8012,3087,1,2616,2930,0,697,39694,3245,3,52,1341,775,324,3,13464,7665,30320,0,0,654,8810,7657,11534,0,0,0,18,25,39,0,39672,30933,34175,2,0,0,317
84,6,17,1060746,benign,191,153,11130,0,8013,3080,1,2616,2929,0,708,39698,3245,3,52,1555,773,324,4,13601,7837,30371,0,0,654,8835,7685,11545,0,0,0,18,23,39,0,39331,31329,34705,2,0,0,317
85,9,12,1060748,benign,165,153,11175,0,8063,3103,1,2616,2929,0,690,39342,3245,3,53,1574,775,424,3,13182,7316,30256,0,0,654,8844,7698,11566,0,0,0,18,21,39,0,39256,30774,34058,2,0,0,317
86,8,28,1060767,benign,189,153,11141,0,8023,3086,1,2616,2929,0,687,39433,3245,3,52,1350,806,324,4,13511,7764,30321,0,0,654,8847,7684,11552,0,0,0,18,25,39,0,39537,30978,34428,2,0,0,317
87,1,3,1060761,benign,190,153,11145,0,8033,3082,1,2616,2929,0,695,39680,3245,3,53,1422,748,324,3,13640,7895,30317,0,0,654,8836,7687,11560,0,0,0,19,27,41,0,39553,31107,34357,2,0,0,316
88,10,10,1060731,benign,191,153,11111,0,7999,3073,1,2616,2929,0,686,39334,3245,3,52,1300,799,324,3,13647,7888,30429,0,0,654,8858,7711,11612,0,0,0,18,24,39,0,39499,30956,34332,2,0,0,317
89,5,10,1060730,benign,186,153,11144,0,8023,3083,1,2616,2929,0,709,39863,3245,3,52,1338,721,324,3,13771,7973,30339,0,0,654,8825,7687,11556,0,0,0,18,24,39,0,39324,30834,34123,2,0,0,317
90,10,27,1060768,benign,166,153,11101,0,7990,3084,1,2616,2929,0,696,39318,3245,3,52,1503,733,426,3,13324,7488,30409,0,0,654,8854,7678,11539,0,0,0,18,23,39,0,39084,30861,34092,2,0,0,317
91,5,2,1060756,benign,166,153,11156,0,8034,3091,1,2616,2929,0,696,39269,3245,3,52,1529,676,324,3,13569,7470,30365,0,0,654,8846,7698,11575,0,0,0,18,24,39,0,39368,30749,34022,2,0,0,317
92,8,18,1060744,benign,168,153,11106,0,8000,3086,1,2616,2929,0,706,39420,3245,3,52,1565,788,324,3,13251,7445,30388,0,0,654,8869,7674,11548,0,0,0,19,27,143,2,39221,30775,34039,2,0,0,317
93,6,0,1060759,benign,183,153,11116,0,8007,3085,1,2616,2929,0,698,39487,3245,3,52,1362,725,324,4,13821,7964,30374,0,0,654,8844,7661,11518,0,0,0,18,24,141,2,39813,31081,34517,2,0,0,317
94,4,26,1060763,benign,191,153,11142,0,8030,3091,1,2616,2929,0,696,39743,3245,3,51,1340,768,324,4,13709,7995,30388,0,0,654,8836,7681,11568,0,0,0,18,24,141,2,39786,31135,34379,2,0,0,317
95,5,20,1060739,benign,191,153,11120,0,8007,3080,1,2616,2929,0,698,39642,3245,3,52,1416,716,324,4,13925,7949,30354,0,0,654,8856,7679,11549,0,0,0,18,25,39,0,39730,31276,34531,2,0,0,317
96,10,29,1060728,benign,168,153,11118,0,8003,3084,1,2616,2929,0,697,39212,3245,3,52,1461,688,324,3,13460,7670,30287,0,0,654,8868,7674,11540,0,0,0,18,24,39,0,39110,30644,34060,2,0,0,317
97,6,9,1060722,benign,190,153,11109,0,8005,3088,1,2616,2929,0,687,39615,3245,3,52,1501,790,417,4,13501,7683,30310,0,0,654,8850,7656,11508,0,0,0,18,23,131,2,39597,31068,34348,2,0,0,317
98,2,22,1060742,benign,193,151,11120,0,8008,3082,1,2616,2929,0,678,39341,3245,3,52,1386,748,324,4,14068,8078,30364,0,0,654,8856,7655,11565,0,0,0,18,24,39,0,39588,31292,34768,2,0,0,316
99,8,11,1060764,benign,166,153,11149,0,8036,3091,1,2616,2929,0,684,39338,3245,3,52,1299,911,324,3,13497,7751,30296,0,0,654,8845,7679,11543,0,0,0,18,24,39,0,39082,30913,34186,2,0,0,317
100,6,21,1060722,benign,186,153,11119,0,8009,3084,1,2616,2929,0,704,39699,3245,3,52,1310,779,378,3,13484,7556,30382,0,0,654,8852,7666,11511,0,0,0,18,23,38,0,39533,31203,34476,2,0,0,317
101,1,11,1060765,benign,193,153,11140,0,8029,3084,1,2616,2929,0,699,39547,3245,3,52,1346,1091,323,3,13583,7868,30400,0,0,654,8843,7678,11566,0,0,0,18,24,39,0,39543,31239,34499,2,0,0,317
0,10,21,1060737,benign,116,27,11143,0,8032,3082,1,2616,2929,0,686,39345,3245,3,52,1557,959,324,4,13495,7651,30332,0,0,654,8860,7656,11503,0,0,0,18,22,39,0,39424,30983,34254,2,0,0,317
1,6,30,1060735,benign,182,153,11135,0,8029,3083,1,2616,2929,0,700,39807,3245,3,53,1317,748,324,4,13412,7713,30428,0,0,654,8831,7651,11557,0,0,0,18,23,39,0,39659,31092,34361,2,0,0,317
2,4,7,1060754,benign,192,154,11114,1,8008,3088,1,2616,2929,0,699,39880,3245,3,52,1296,724,333,4,13511,7610,30237,0,0,654,8829,7671,11557,0,0,0,18,25,48,2,39445,31097,34518,3,0,0,317
3,2,7,1060722,benign,194,151,11141,0,8030,3090,1,2616,2929,0,699,39365,3245,3,52,1321,762,324,3,13902,8159,30445,0,0,654,8819,7650,11542,0,0,0,18,23,39,0,39429,31274,34513,2,0,0,317
4,5,21,1060753,benign,190,153,11103,0,7987,3085,1,2616,2929,0,691,39609,3245,3,52,1357,966,324,3,13717,7863,30354,0,0,654,8825,7671,11557,0,0,0,18,22,39,0,39373,31109,34324,2,0,0,317
5,1,15,1060751,benign,189,151,11134,0,8020,3080,1,2616,2929,0,692,39530,3245,3,52,1378,740,382,3,13663,7789,30417,0,0,654,8850,7658,11536,0,0,0,18,24,39,0,39409,30978,34226,2,0,0,317
6,1,24,1060762,benign,186,153,11099,0,8001,3084,1,2616,2929,0,702,39764,3245,3,52,1665,705,425,4,13692,7993,30382,0,0,654,8842,7695,11577,0,0,0,18,24,39,0,39394,30906,34137,2,0,0,317
7,4,16,1060767,benign,199,153,11140,0,8021,3094,1,2616,2929,0,679,39377,3245,3,53,1350,752,608,3,13624,7627,30396,0,0,654,8845,7641,11556,0,0,0,18,24,141,2,39949,31282,34654,2,0,0,317
8,10,15,1060739,benign,188,153,11132,0,8024,3085,1,2616,2929,0,704,39934,3245,3,52,1626,722,427,3,13690,7738,30399,0,0,654,8841,7667,11530,0,0,0,18,25,39,0,39435,30885,34148,2,0,0,317
9,4,12,1060727,benign,201,153,11125,0,8008,3078,1,2616,2929,0,696,39956,3245,3,52,1368,929,324,4,13515,7613,30339,0,0,654,8847,7677,11553,0,0,0,18,24,39,0,39467,31254,34691,2,0,0,371
10,4,10,1060739,benign,188,153,11117,1,8002,3096,1,2616,2929,0,695,39715,3245,3,52,1452,758,324,4,13670,7720,30203,0,0,654,8864,7688,11567,0,0,0,18,23,39,0,39736,31091,34310,3,0,0,317
11,9,5,1060754,benign,185,153,11128,0,8022,3078,1,2616,2929,0,701,39847,3245,3,53,1345,738,426,3,13592,7707,30194,0,0,654,8856,7683,11573,0,0,0,18,24,39,0,39311,31170,34442,2,0,0,317
12,4,2,1060748,benign,169,154,11135,1,8027,3076,1,2616,2929,0,695,39430,3245,3,52,1378,710,332,4,13323,7339,30287,0,0,654,8861,7702,11585,0,0,0,18,25,39,0,39505,30861,34080,2,0,0,368
13,6,4,1060748,benign,170,153,11140,0,8036,3080,1,2616,2929,0,699,39459,3245,3,52,1558,769,324,4,13323,7521,30337,0,0,654,8872,7670,11545,0,0,0,18,23,39,0,39203,30636,34063,2,0,0,317
14,5,12,1060763,benign,188,153,11157,0,8044,3088,1,2616,2929,0,709,39791,3245,3,53,1472,735,318,3,13749,8026,30345,0,0,654,8866,7690,11566,0,0,0,18,25,39,0,39749,31280,34563,2,0,0,317
15,10,3,1060725,benign,190,153,11112,0,7997,3088,1,2616,2929,0,695,39714,3245,3,52,1389,755,324,3,14020,7717,30373,0,0,654,8828,7668,11566,0,0,0,18,24,39,0,39564,30999,34294,2,0,0,317
16,8,4,1060755,benign,191,153,11148,0,8030,3082,1,2616,2929,0,681,39681,3245,3,53,1333,985,324,3,13720,7883,30379,0,0,654,8854,7675,11557,0,0,0,18,24,39,0,39575,31015,34288,2,0,0,317
17,7,1,1060742,benign,187,154,11136,0,8022,3079,1,2616,2929,0,684,39423,3245,3,52,1375,779,323,3,13751,7766,30322,0,0,654,8844,7661,11517,0,0,0,18,25,39,0,39666,31039,34316,2,0,0,317
18,1,18,1060746,benign,188,153,11141,0,8033,3083,1,2616,2929,0,698,39741,3245,3,53,1599,753,324,3,13463,7806,30322,0,0,654,8842,7671,11559,0,0,0,18,24,39,0,39712,30932,34279,2,0,0,317
19,7,29,1060738,benign,190,153,11163,0,8051,3094,1,2616,2929,0,697,39462,3245,3,52,1573,740,417,3,13543,7667,30428,0,0,654,8828,7676,11538,0,0,0,18,22,39,0,39375,31183,34426,2,0,0,317
20,9,28,1060736,benign,166,151,11114,0,7998,3092,1,2616,2930,0,685,39158,3245,3,52,1391,747,323,3,13335,7506,30336,0,0,654,8860,7652,11527,0,0,0,19,27,41,0,39202,30804,34301,2,0,0,316
21,2,2,1060752,benign,165,151,11130,0,8022,3085,0,2616,2929,0,683,39436,3245,3,53,1352,748,324,3,13326,7582,30303,0,0,654,8863,7677,11559,0,0,0,18,24,39,0,39325,30657,33921,2,0,0,317
22,4,20,1060762,benign,200,153,11152,0,8042,3082,1,2616,2929,0,700,39601,3245,3,52,1396,750,417,3,13677,7833,30405,0,0,654,8855,7673,11546,0,0,0,18,23,39,0,39266,31313,34577,2,0,0,317
23,9,31,1060746,benign,185,153,11133,0,8023,3085,1,2616,2929,0,693,39504,3245,3,52,1380,934,323,3,13627,7692,30292,0,0,654,8830,7669,11572,0,0,0,18,23,39,0,39360,31315,34542,2,0,0,317
24,6,21,1060729,benign,182,151,11121,0,8011,3097,1,2616,2930,0,687,39417,3245,3,52,1305,769,324,3,13619,7877,30310,0,0,654,8835,7689,11563,0,0,0,18,22,39,0,39299,30899,34175,2,0,0,317
25,3,20,1060725,benign,185,153,11114,0,8005,3089,1,2616,2929,0,690,39723,3245,3,52,1366,809,628,3,13660,7688,30367,0,0,654,8863,7671,11529,0,0,0,18,24,141,2,39732,31191,34466,2,0,0,317
26,1,0,1060761,benign,192,153,11150,0,8043,3084,1,2616,2929,0,685,39559,3245,3,52,1402,742,324,3,13563,7785,30325,0,0,654,8836,7672,11577,0,0,0,18,24,39,0,39465,31251,34524,2,0,0,317
27,7,23,1060720,benign,166,153,11150,0,8036,3088,1,2616,2929,0,696,39598,3245,3,53,1341,939,324,3,13294,7628,30407,0,0,654,8846,7650,11512,0,0,0,18,23,39,0,39108,30853,34115,2,0,0,317
28,5,0,1060763,benign,191,151,11140,0,8032,3084,1,2616,2929,0,694,39612,3245,3,52,1343,770,426,3,13499,7665,30306,0,0,654,8863,7700,11582,0,0,0,18,23,39,0,39520,31235,34502,2,0,0,317
29,9,31,1060754,benign,183,153,11122,0,8010,3089,1,2616,2929,0,679,39287,3245,3,52,1514,719,324,3,13586,7765,30300,0,0,654,8855,7672,11540,0,0,0,18,23,39,0,39573,31265,34518,2,0,0,317
30,6,7,1060727,benign,189,153,11142,0,8037,3094,1,2616,2929,0,681,39474,3245,3,53,1526,752,324,3,13610,7742,30409,0,0,654,8839,7665,11562,0,0,0,18,23,131,2,39949,31218,34473,2,0,0,317
31,6,31,1060728,benign,166,153,11144,0,8029,3080,1,2616,2929,0,687,39343,3245,3,52,1520,793,324,3,13422,7497,30345,0,0,654,8827,7697,11557,0,0,0,18,24,39,0,39376,30767,34044,2,0,0,317
32,10,2,1060749,benign,191,153,11148,0,8039,3079,1,2616,2929,0,688,39574,3245,3,53,1711,732,415,3,13711,7798,30328,0,0,654,8851,7658,11514,0,0,0,18,25,39,0,39457,31174,34475,2,0,0,317
33,9,22,1060763,benign,189,151,11128,0,8015,3090,1,2616,2929,0,685,39350,3245,3,53,1364,946,324,3,13828,8022,30376,0,0,654,8837,7686,11530,0,0,0,18,24,39,0,39441,31292,34550,2,0,0,317
34,10,6,1060742,benign,193,153,11145,0,8026,3079,1,2616,2929,0,696,39551,3245,3,52,1593,706,324,3,13662,7754,30309,0,0,654,8855,7638,11542,0,0,0,18,23,141,2,39901,30856,34097,2,0,0,317
35,3,17,1060747,benign,183,153,11158,0,8044,3101,1,2616,2929,0,695,39533,3245,3,53,1386,814,324,4,13426,7582,30281,0,0,654,8868,7665,11543,0,0,0,18,23,140,2,39913,31105,34345,2,0,0,317
36,6,7,1060755,benign,186,153,11138,0,8022,3076,1,2616,2929,0,684,39373,3245,3,52,1340,725,428,4,13568,7731,30368,0,0,654,8834,7684,11575,0,0,0,18,22,132,2,39785,30979,34211,2,0,0,317
37,8,0,1060741,benign,188,153,11156,0,8041,3089,1,2616,2929,0,685,39392,3245,3,52,1540,818,324,3,13587,7674,30319,0,0,654,8822,7660,11561,0,0,0,18,22,39,0,39743,30946,34190,2,0,0,317
38,1,3,1060753,benign,185,153,11145,0,8028,3093,1,2616,2930,0,677,39405,3245,3,52,1323,726,324,3,13537,7816,30316,0,0,654,8861,7634,11526,0,0,0,18,25,39,0,39498,31084,34482,2,0,0,317
39,10,6,1060768,benign,170,153,11116,0,8007,3082,1,2616,2929,0,699,39528,3245,3,52,1297,779,324,3,13503,7630,30267,0,0,654,8874,7674,11555,0,0,0,18,22,39,0,39143,30686,33919,2,0,0,316
40,4,20,1060764,benign,166,153,11132,0,8027,3093,1,2616,2929,0,686,39438,3245,3,53,1366,911,428,3,13529,7494,30346,0,0,654,8822,7661,11553,0,0,0,18,24,39,0,39137,30766,34012,2,0,0,317
41,2,18,1060766,benign,191,153,11110,0,8001,3085,1,2616,2929,0,693,39596,3245,3,53,1340,741,323,3,13937,8234,30330,0,0,654,8853,7657,11539,0,0,0,18,25,39,0,39477,31307,34619,2,0,0,317
42,2,17,1060734,benign,184,153,11117,0,7996,3072,1,2616,2929,0,704,39676,3245,3,52,1426,737,324,4,13622,7675,30304,0,0,654,8830,7652,11575,0,0,0,18,24,34,2,39567,31183,34614,2,0,0,317
43,7,1,1060756,benign,168,151,11133,0,8022,3083,1,2616,2929,0,693,39445,3245,3,52,1379,938,324,3,13262,7472,30411,0,0,654,8844,7694,11553,0,0,0,18,23,39,0,39154,30833,34112,2,0,0,317
44,9,29,1060720,benign,168,153,11167,0,8054,3099,1,2616,2929,0,689,39326,3245,3,52,1457,766,324,4,13335,7647,30340,0,0,654,8860,7692,11542,0,0,0,18,24,39,0,39205,30879,34114,2,0,0,317
45,8,5,1060762,benign,190,151,11093,0,7994,3084,1,2616,2929,0,709,39553,3245,3,53,1327,755,324,3,13555,7765,30441,0,0,654,8852,7664,11546,0,0,0,18,24,39,0,39828,31074,34332,2,0,0,317
46,7,24,1060740,benign,166,153,11164,0,8053,3091,1,2616,2929,0,699,39225,3245,3,53,1312,770,324,4,13359,7397,30281,0,0,654,8841,7673,11539,0,0,0,18,24,39,0,39186,30693,33941,2,0,0,317
47,1,9,1060746,benign,199,153,11135,0,8028,3090,1,2616,2929,0,684,39679,3245,3,52,1363,751,324,3,13611,7732,30319,0,0,654,8864,7688,11566,0,0,0,18,24,141,2,39515,31021,34259,2,0,0,317
48,1,18,1060750,benign,189,153,11094,0,7983,3073,1,2616,2929,0,708,39732,3245,3,52,1587,679,324,3,13725,7663,30344,0,0,654,8868,7677,11571,0,0,0,18,24,38,0,39437,31011,34314,2,0,0,317
49,7,30,1060725,benign,199,151,11126,0,8009,3079,1,2616,2929,0,699,39720,3245,3,52,1420,699,417,3,13717,7968,30361,0,0,654,8830,7660,11518,0,0,0,18,24,141,2,39629,31041,34301,2,0,0,317
50,5,7,1060727,benign,203,153,11147,0,8047,3085,1,2616,2929,0,709,39574,3245,3,52,1525,963,324,3,13773,7807,30425,0,0,654,8844,7697,11569,0,0,0,19,28,41,0,39576,31088,34342,2,0,0,317
51,7,12,1060745,benign,184,153,11135,0,8022,3079,1,2616,2929,0,689,39697,3245,3,52,1529,751,324,3,13449,7615,30326,0,0,654,8859,7699,11580,0,0,0,18,23,39,0,39467,30964,34206,2,0,0,370
52,8,24,1060747,benign,184,153,11143,0,8035,3090,1,2616,2929,0,698,39659,3245,3,52,1303,730,324,3,13499,7464,30289,0,0,654,8827,7666,11546,0,0,0,18,23,39,0,39750,31061,34308,2,0,0,317
53,3,21,1060725,benign,187,151,11114,0,8006,3081,1,2616,2929,0,690,39728,3245,3,52,1350,915,425,3,13567,7740,30322,0,0,654,8839,7676,11578,0,0,0,18,24,39,0,39471,31059,34302,2,0,0,317
54,7,13,1060747,benign,186,153,11108,0,7997,3088,1,2616,2929,0,684,39355,3245,3,52,1337,950,324,3,13525,7890,30482,0,0,654,8827,7655,11532,0,0,0,18,23,141,2,39735,31008,34397,2,0,0,317
55,7,12,1060727,benign,191,151,11127,0,8007,3080,1,2616,2929,0,682,39414,3245,3,53,1543,739,324,3,13705,7706,30370,0,0,654,8872,7679,11554,0,0,0,18,24,39,0,39349,30981,34246,2,0,0,317
56,9,18,1060766,benign,182,153,11126,0,8007,3078,1,2616,2929,0,694,39411,3245,3,52,1571,922,324,3,13548,7783,30352,0,0,654,8857,7645,11508,0,0,0,18,24,39,0,39581,31089,34364,2,0,0,317
57,5,7,1060725,benign,191,151,11129,0,8021,3076,1,2616,2929,0,714,39834,3245,3,52,1348,775,323,3,13670,7923,30322,0,0,654,8844,7658,11528,0,0,0,18,23,39,0,39230,30994,34264,2,0,0,317
58,5,13,1060720,benign,167,153,11149,0,8036,3083,1,2616,2929,0,695,39387,3245,3,52,1337,774,324,3,13175,7350,30323,0,0,654,8846,7640,11508,0,0,0,18,24,39,0,39438,30673,33958,2,0,0,317
59,1,1,1060746,benign,193,153,11102,0,7992,3080,1,2616,2929,0,695,39757,3245,3,52,1436,888,324,4,13560,7530,30310,0,0,654,8852,7697,11559,0,0,0,18,23,39,0,39460,30780,34006,2,0,0,317
60,5,6,1060750,benign,188,153,11119,0,8016,3081,1,2616,2929,0,694,39643,3245,3,52,1550,729,324,4,13710,7737,30230,0,0,654,8880,7656,11515,0,0,0,18,23,39,0,39377,30906,34144,2,0,0,317
61,6,2,1060720,benign,163,151,11160,0,8039,3085,1,2616,2929,0,694,39224,3245,3,52,1316,984,324,3,13684,7676,30402,0,0,654,8871,7684,11561,0,0,0,18,23,39,0,39241,30711,33971,2,0,0,317
62,3,27,1060740,SDC,169,158,10920,0,7892,3016,1,2564,2884,0,722,39466,3186,3,58,1299,860,324,3,13913,8179,29948,0,0,640,8754,7546,11378,0,0,0,18,23,38,0,39314,30935,34437,2,0,0,317
63,4,13,1060737,benign,187,151,11143,0,8029,3082,1,2616,2929,0,696,39674,3245,3,52,1381,933,324,4,13637,7655,30332,0,0,654,8840,7672,11561,0,0,0,18,24,39,0,39642,31148,34381,2,0,0,317
64,3,17,1060720,benign,165,153,11130,0,8016,3085,1,2616,2929,0,694,39208,3245,3,52,1343,856,426,3,13481,7677,30367,0,0,654,8842,7650,11523,0,0,0,18,22,39,0,39569,30620,33868,2,0,0,317
65,5,21,1060736,benign,169,153,11154,0,8034,3081,1,2616,2929,0,695,39402,3245,3,53,1318,758,324,3,13295,7436,30336,0,0,654,8856,7681,11552,0,0,0,18,25,39,0,39204,31023,34447,2,0,0,317
66,1,9,1060723,SDC,189,155,10808,2,7800,3007,1,2548,2847,0,682,39053,3147,3,54,1400,797,421,3,13396,7632,29616,0,0,638,8607,7430,11277,0,0,0,18,22,136,6,39276,30670,34011,4,0,0,317
67,2,4,1060744,benign,167,153,11114,0,8005,3078,1,2616,2929,0,712,39755,3245,3,53,1496,761,324,3,13652,7824,30261,0,0,654,8841,7672,11552,0,0,0,18,23,39,0,39456,30687,33943,2,0,0,317
68,6,12,1060733,benign,182,151,11156,0,8046,3090,1,2616,2929,0,705,39482,3245,3,52,1335,801,324,3,13783,8011,30331,0,0,654,8851,7670,11535,0,0,0,18,25,39,0,39627,31240,34445,2,0,0,317
69,8,18,1060723,benign,189,153,11111,0,8007,3088,1,2616,2929,0,691,39467,3245,3,52,1392,812,324,3,13659,7995,30379,0,0,654,8857,7659,11544,0,0,0,18,22,39,0,39378,31083,34332,2,0,0,317
70,2,15,1060756,benign,165,153,11137,0,8021,3085,1,2616,2929,0,698,39350,3245,3,52,1535,776,419,3,13357,7590,30318,0,0,654,8831,7650,11560,0,0,0,18,23,39,0,39195,30855,34115,2,0,0,316
71,8,23,1060731,benign,198,153,11102,0,7990,3074,1,2616,2929,0,692,39381,3245,3,52,1349,747,324,3,13823,7817,30452,0,0,654,8827,7648,11551,0,0,0,18,24,39,0,39503,31068,34465,2,0,0,317
72,9,5,1060738,benign,195,151,11096,0,7993,3080,1,2616,2929,0,699,39574,3245,3,52,1349,744,427,4,13656,7885,30420,0,0,654,8834,7650,11549,0,0,0,18,24,39,0,39695,31171,34431,2,0,0,317
73,3,23,1060732,benign,166,153,11154,0,8039,3082,1,2616,2929,0,687,39413,3245,3,53,1305,782,324,3,13356,7612,30354,0,0,654,8835,7626,11513,0,0,0,18,25,39,0,39306,30948,34207,2,0,0,317
74,6,0,1060726,benign,188,153,11136,0,8024,3088,1,2616,2930,0,690,39528,3245,3,52,1329,729,324,3,13426,7802,30353,0,0,654,8833,7674,11549,0,0,0,18,23,39,0,39567,31134,34405,2,0,0,317
75,1,29,1060754,benign,190,153,11112,0,8000,3083,1,2616,2929,0,696,39467,3245,3,52,1350,903,324,3,13788,7834,30470,0,0,654,8847,7671,11538,0,0,0,18,25,39,0,39735,31174,34388,2,0,0,317
76,7,6,1060748,benign,167,153,11142,0,8029,3085,1,2616,2929,0,687,39152,3245,3,53,1378,717,319,4,13334,7362,30318,0,0,654,8862,7687,11553,0,0,0,18,24,39,0,39398,30685,33929,2,0,0,317
77,4,4,1060755,benign,184,154,11141,1,8025,3079,1,2616,2929,0,697,39483,3245,3,52,1317,792,561,3,13743,7816,30384,0,0,654,8844,7680,11541,0,0,0,18,24,47,2,39547,31256,34539,3,0,0,317
78,1,19,1060751,benign,190,153,11132,0,8013,3086,1,2616,2929,0,687,39781,3245,3,53,1381,738,323,4,13627,7654,30361,0,0,654,8794,7676,11540,0,0,0,18,24,140,2,39777,31059,34322,2,0,0,317
79,7,28,1060761,benign,192,153,11150,0,8035,3085,1,2616,2929,0,693,39723,3245,3,53,1367,726,324,4,13564,7762,30409,0,0,654,8839,7676,11552,0,0,0,18,25,33,0,39642,31306,34698,2,0,0,317
80,3,24,1060767,benign,188,154,11142,0,8041,3094,1,2616,2929,0,691,39454,3245,3,54,1490,748,323,3,13597,7807,30429,0,0,654,8837,7688,11554,0,0,0,18,23,39,0,39660,30965,34428,2,0,0,317
81,5,14,1060765,benign,183,153,11115,0,8004,3087,1,2616,2929,0,687,39461,3245,3,52,1350,757,324,3,13602,7583,30430,0,0,654,8834,7688,11562,0,0,0,18,24,39,0,39788,30929,34182,2,0,0,317
82,2,19,1060725,benign,188,153,11124,0,8014,3088,1,2616,2929,0,688,39575,3245,3,52,1503,801,324,3,13438,7643,30342,0,0,654,8855,7657,11519,0,0,0,18,24,39,0,39376,31255,34477,2,0,0,317
83,7,14,1060749,benign,191,153,11138,0,8023,3087,1,2616,2929,0,693,39601,3245,3,52,1305,1026,324,3,13562,7793,30318,0,0,654,8816,7644,11535,0,0,0,18,22,143,2,39877,31401,34626,2,0,0,317
84,10,22,1060740,benign,165,151,11156,0,8039,3090,1,2616,2929,0,694,39434,3245,3,52,1329,973,324,3,13430,7449,30357,0,0,654,8842,7658,11558,0,0,0,18,25,39,0,39142,30890,34117,2,0,0,317
85,2,5,1060750,benign,191,153,11137,0,8028,3089,1,2616,2929,0,703,39616,3245,3,52,1386,715,425,3,13549,7731,30379,0,0,654,8844,7664,11527,0,0,0,18,23,39,0,39324,31310,34750,2,0,0,317
86,1,17,1060737,benign,192,153,11145,0,8029,3081,1,2616,2929,0,681,39234,3245,3,52,1479,789,324,3,13651,7904,30371,0,0,654,8832,7663,11570,0,0,0,18,24,39,0,39718,31002,34247,2,0,0,316
87,7,6,1060731,benign,187,153,11152,0,8048,3087,1,2616,2930,0,692,39539,3245,3,51,1519,790,323,3,13528,7636,30251,0,0,654,8852,7698,11559,0,0,0,18,23,39,0,39621,31076,34521,2,0,0,317
88,4,14,1060756,benign,167,153,11136,0,8024,3077,1,2616,2930,0,703,39409,3245,3,53,1408,749,378,3,13466,7637,30427,0,0,654,8825,7650,11503,0,0,0,18,23,39,0,39411,30878,34143,2,0,0,317
89,8,25,1060757,benign,186,153,11109,0,7992,3077,1,2616,2929,0,689,39595,3245,3,52,1547,782,421,3,13724,8003,30345,0,0,654,8827,7687,11534,0,0,0,18,22,39,0,39452,30942,34210,2,0,0,317
90,10,11,1060754,benign,183,153,11123,0,8015,3089,1,2616,2929,0,707,39816,3245,3,53,1379,718,319,4,13543,7783,30280,0,0,654,8844,7686,11591,0,0,0,19,25,41,0,39679,30986,34464,2,0,0,317
91,8,31,1060722,benign,185,153,11130,0,8022,3079,1,2616,2929,0,697,39804,3245,3,53,1293,947,324,3,13698,7874,30331,0,0,654,8872,7647,11515,0,0,0,18,21,39,0,39567,31118,34513,2,0,0,316
0,5,4,1060756,benign,88,27,11088,0,7984,3072,1,2616,2929,0,698,39619,3245,3,52,1350,768,324,3,13319,7619,30283,0,0,654,8840,7660,11547,0,0,0,18,23,39,0,39175,30914,34182,2,0,0,317
1,10,31,1060727,benign,188,153,11154,0,8041,3079,1,2616,2930,0,692,39329,3245,3,52,1318,753,324,4,13994,7985,30341,0,0,654,8850,7662,11522,0,0,0,18,24,39,0,39602,30959,34382,2,0,0,316
2,4,8,1060733,benign,181,152,11146,1,8033,3077,1,2616,2929,0,692,39433,3245,3,52,1479,711,427,3,13497,7519,30370,0,0,654,8848,7704,11572,0,0,0,18,25,40,0,39699,31200,34457,3,0,0,317
3,1,13,1060725,SDC,188,155,10835,1,7820,3015,1,2548,2847,0,687,38901,3147,3,54,1330,725,521,3,13532,7801,29636,0,0,638,8597,7420,11287,0,0,0,18,23,134,3,39269,30182,33431,3,0,0,317
4,7,1,1060751,benign,198,151,11140,0,8022,3086,1,2616,2929,0,691,39640,3245,3,52,1504,729,425,4,13690,7848,30314,0,0,654,8846,7680,11550,0,0,0,18,25,142,2,39588,31198,34530,2,0,0,317
5,7,15,1060763,benign,185,153,11132,0,8022,3087,1,2616,2929,0,690,39411,3245,3,52,1368,768,324,3,13530,7656,30340,0,0,654,8844,7647,11539,0,0,0,18,25,39,0,39597,31095,34362,2,0,0,317
6,7,16,1060748,benign,166,151,11113,0,8005,3093,1,2616,2929,0,684,39228,3245,3,53,1350,760,324,3,13383,7451,30284,0,0,654,8839,7654,11497,0,0,0,18,24,39,0,39416,30843,34088,2,0,0,317
7,5,24,1060758,benign,192,153,11148,0,8027,3091,1,2616,2929,0,693,39513,3245,3,52,1356,799,324,4,13732,8042,30344,0,0,654,8840,7669,11535,0,0,0,18,25,39,0,39716,31253,34596,2,0,0,317
8,4,3,1060761,benign,192,154,11127,1,8013,3074,1,2616,2929,0,693,39948,3245,3,52,1552,750,328,4,13843,8145,30383,0,0,654,8857,7669,11571,0,0,0,18,24,48,2,39608,30966,34392,3,0,0,317
9,7,24,1060764,benign,164,151,11114,0,8000,3080,1,2616,2929,0,697,39510,3245,3,52,1555,783,324,3,13508,7720,30351,0,0,654,8853,7696,11576,0,0,0,18,24,141,2,39632,30818,34084,2,0,0,317
10,8,20,1060737,benign,188,153,11114,0,7999,3068,1,2616,2929,0,704,39706,3245,3,52,1526,732,324,4,13616,7701,30329,0,0,654,8859,7665,11539,0,0,0,18,24,39,0,39894,30870,34093,2,0,0,317
11,9,4,1060722,benign,201,153,11114,0,8007,3079,1,2616,2929,0,678,39270,3245,3,52,1340,767,428,3,13641,7887,30284,0,0,654,8860,7661,11535,0,0,0,18,25,39,0,39491,31005,34246,2,0,0,317
12,3,24,1060724,benign,165,151,11117,0,8005,3089,1,2616,2929,0,695,39255,3245,3,52,1362,752,324,4,13234,7409,30184,0,0,654,8827,7656,11562,0,0,0,18,23,39,0,39147,30875,34131,2,0,0,317
13,7,12,1060729,benign,189,153,11152,0,8041,3086,1,2616,2929,0,711,39788,3245,3,52,1558,769,428,3,13619,7838,30394,0,0,654,8839,7684,11537,0,0,0,18,23,39,0,39399,30980,34250,2,0,0,317
14,7,9,1060728,benign,167,153,11117,0,8009,3088,1,2616,2929,0,700,39402,3245,3,52,1305,791,324,3,13436,7511,30329,0,0,654,8829,7669,11536,0,0,0,18,23,39,0,39449,30765,34026,2,0,0,317
15,5,26,1060742,benign,186,153,11103,0,7994,3079,1,2616,2929,0,683,39270,3245,3,52,1599,789,324,3,13666,7943,30349,0,0,654,8839,7659,11521,0,0,0,19,27,41,0,39759,31203,34551,2,0,0,317
16,9,17,1060741,benign,192,153,11137,0,8023,3086,1,2616,2929,0,684,39632,3245,3,52,1567,947,324,3,13922,7921,30277,0,0,654,8857,7653,11529,0,0,0,18,24,39,0,39629,31089,34372,2,0,0,317
17,10,4,1060740,benign,166,153,11128,0,8018,3092,1,2616,2929,0,702,39616,3245,3,52,1489,776,324,3,13633,7726,30319,0,0,654,8847,7683,11552,0,0,0,18,24,39,0,39465,30853,34060,2,0,0,317
18,2,14,1060742,benign,188,153,11145,0,8033,3096,1,2616,2930,0,696,39726,3245,3,52,1366,733,324,3,13637,7798,30329,0,0,654,8845,7668,11584,0,0,0,18,25,39,0,39804,31192,34481,2,0,0,317
19,1,22,1060766,benign,190,153,11118,0,8008,3084,1,2616,2929,0,692,39643,3245,3,52,1560,798,323,3,13509,7605,30292,0,0,654,8847,7686,11564,0,0,0,18,24,39,0,40051,30948,34323,2,0,0,317
20,4,6,1060753,benign,191,154,11125,1,8014,3087,1,2616,2929,0,704,39568,3245,3,52,1392,713,333,4,13824,8108,30335,0,0,654,8831,7688,11549,0,0,0,18,25,141,4,39606,31177,34413,3,0,0,317
21,4,2,1060762,benign,197,154,11087,1,7980,3083,1,2616,2929,0,700,39878,3245,3,52,1425,801,434,3,13718,7863,30466,0,0,654,8842,7680,11584,0,0,0,18,24,46,1,39385,31086,34332,2,0,0,317
22,4,0,1060743,benign,194,152,11151,1,8042,3081,1,2616,2929,0,695,39378,3245,3,53,1324,865,333,3,13566,7762,30472,0,0,654,8863,7657,11541,0,0,0,18,23,47,2,39583,30902,34160,3,0,0,317
23,4,14,1060735,benign,188,153,11140,0,8023,3082,1,2616,2929,0,695,39471,3245,3,52,1365,871,324,3,13834,8030,30401,0,0,654,8862,7661,11553,0,0,0,18,23,39,0,39486,31129,34610,2,0,0,317
24,1,19,1060739,benign,198,153,11138,0,8031,3083,1,2616,2929,0,693,39650,3245,3,52,1336,746,425,3,13772,8049,30311,0,0,654,8818,7669,11556,0,0,0,18,24,39,0,39728,31158,34404,2,0,0,317
25,10,4,1060739,benign,186,153,11121,0,8012,3092,0,2616,2929,0,681,39519,3245,3,52,1362,734,324,4,13799,7743,30328,0,0,654,8835,7683,11541,0,0,0,18,25,39,0,39485,31045,34297,2,0,0,317
26,8,4,1060744,benign,168,153,11114,0,8007,3089,1,2616,2929,0,686,39372,3245,3,53,1383,758,324,4,13475,7796,30405,0,0,654,8852,7671,11528,0,0,0,18,24,39,0,39216,30863,34330,2,0,0,317
27,8,7,1060738,benign,189,153,11160,0,8044,3085,1,2616,2929,0,691,39496,3245,3,52,1367,894,324,3,13442,7603,30339,0,0,654,8843,7685,11560,0,0,0,18,25,39,0,39572,31206,34498,2,0,0,317
28,6,29,1060742,benign,199,153,11121,0,8008,3077,1,2616,2929,0,696,39447,3245,3,52,1339,1048,324,3,13422,7589,30380,0,0,654,8856,7668,11547,0,0,0,18,25,39,0,39679,31438,34753,2,0,0,317
29,6,0,1060736,benign,169,153,11143,0,8026,3079,1,2616,2929,0,692,39254,3245,3,52,1389,756,427,4,13310,7576,30385,0,0,654,8849,7681,11549,0,0,0,18,22,39,0,39255,30804,34096,2,0,0,317
30,10,28,1060767,benign,187,153,11108,0,7999,3080,1,2616,2929,0,690,39590,3245,3,52,1523,771,324,3,13695,7682,30241,0,0,654,8860,7679,11568,0,0,0,18,23,140,2,39838,31034,34311,2,0,0,317
31,10,16,1060760,benign,167,153,11122,0,8006,3079,1,2616,2929,0,696,39515,3245,3,52,1552,751,324,4,13426,7624,30371,0,0,654,8838,7672,11549,0,0,0,18,23,39,0,39259,30690,34158,2,0,0,317
32,8,21,1060728,benign,167,153,11133,0,8018,3083,1,2616,2929,0,675,38890,3245,3,52,1319,803,382,3,13160,7400,30308,0,0,654,8853,7727,11594,0,0,0,18,24,39,0,39092,30967,34309,2,0,0,317
33,7,23,1060733,benign,189,153,11149,0,8031,3080,1,2616,2929,0,706,39683,3245,3,52,1343,754,427,3,13523,7658,30243,0,0,654,8821,7641,11499,0,0,0,18,22,39,0,39701,31108,34550,2,0,0,317
34,7,11,1060741,benign,191,151,11147,0,8037,3077,1,2616,2929,0,682,39402,3245,3,52,1573,762,324,3,13766,7718,30351,0,0,654,8826,7644,11543,0,0,0,18,24,132,2,39743,31201,34471,2,0,0,317
35,6,14,1060749,benign,191,153,11145,0,8026,3089,1,2616,2929,0,709,39728,3245,3,52,1300,804,324,3,13524,7559,30222,0,0,654,8904,7709,11496,0,0,0,18,24,39,0,39557,31336,34573,2,0,0,317
0,6,31,1060730,benign,123,27,11122,0,8013,3082,1,2616,2929,0,690,39676,3245,3,53,1390,713,429,3,13781,7902,30383,0,0,654,8844,7677,11546,0,0,0,19,27,41,0,39451,31131,34361,2,0,0,317
1,9,5,1060759,benign,190,153,11119,0,8008,3078,1,2616,2929,0,693,39586,3245,3,52,1354,723,324,4,13721,7725,30372,0,0,654,8799,7676,11542,0,0,0,18,21,38,0,39762,31253,34744,2,0,0,317
2,7,26,1060764,benign,168,153,11140,0,8035,3079,1,2616,2929,0,708,39509,3245,3,52,1350,782,426,3,13232,7397,30319,0,0,654,8865,7724,11616,0,0,0,18,22,39,0,39385,31153,34589,2,0,0,317
3,4,30,1060753,benign,187,153,11124,0,8011,3088,1,2616,2929,0,702,39532,3245,3,52,1352,732,324,3,13718,7777,30352,0,0,654,8828,7648,11577,0,0,0,18,24,39,0,39696,31150,34383,2,0,0,317
4,1,22,1060760,benign,166,153,11121,0,8013,3088,1,2616,2929,0,694,39442,3245,3,53,1361,934,324,3,13726,7753,30346,0,0,654,8863,7678,11559,0,0,0,18,23,39,0,39320,31019,34292,2,0,0,317
5,7,31,1060756,benign,165,153,11139,0,8031,3083,1,2616,2929,0,690,39345,3245,3,52,1329,842,426,3,13435,7717,30352,0,0,654,8858,7660,11481,0,0,0,18,24,39,0,39455,30578,33822,2,0,0,317
6,4,27,1060761,benign,193,153,11106,0,7993,3074,1,2616,2929,0,697,39636,3245,3,51,1400,716,477,4,13480,7748,30290,0,0,654,8847,7656,11520,0,0,0,18,24,39,0,39394,31328,34623,2,0,0,317
7,8,13,1060742,benign,197,153,11137,0,8021,3088,1,2616,2929,0,698,39600,3245,3,52,1366,770,426,3,13741,7724,30291,0,0,654,8826,7657,11507,0,0,0,18,25,39,0,39467,30833,34106,2,0,0,317
8,10,27,1060752,benign,165,153,11093,0,7983,3071,1,2616,2929,0,694,39487,3245,3,52,1564,755,324,3,13503,7777,30341,0,0,654,8836,7654,11534,0,0,0,18,22,39,0,39647,30767,34235,2,0,0,317
9,5,2,1060730,benign,199,153,11145,0,8035,3085,1,2616,2929,0,701,39456,3245,3,52,1350,890,426,3,13569,7550,30321,0,0,654,8864,7668,11567,0,0,0,18,24,39,0,39529,31389,34800,2,0,0,317
10,4,8,1060767,benign,200,154,11119,1,8011,3089,1,2616,2929,0,693,39685,3245,3,52,1356,779,378,3,13755,8019,30376,0,0,654,8820,7677,11568,0,0,0,18,24,40,0,39643,31166,34429,3,0,0,317
11,5,7,1060767,benign,187,151,11144,0,8024,3086,1,2616,2929,0,685,39544,3245,3,53,1318,838,324,4,13554,7720,30429,0,0,654,8840,7654,11565,0,0,0,18,25,140,2,39713,30924,34197,2,0,0,317
12,7,28,1060734,benign,191,153,11152,0,8032,3089,1,2616,2929,0,715,39680,3245,3,52,1289,745,324,3,13813,8034,30397,0,0,654,8849,7662,11537,0,0,0,18,24,39,0,39435,31095,34348,2,0,0,317
13,7,26,1060761,benign,184,153,11141,0,8030,3088,1,2616,2930,0,696,39802,3245,3,52,1448,698,426,3,13737,8013,30375,0,0,654,8856,7663,11524,0,0,0,18,25,39,0,39404,31152,34448,2,0,0,317
14,10,29,1060723,benign,195,153,11122,0,8019,3083,1,2616,2929,0,688,39291,3245,3,53,1549,765,425,3,13738,8064,30381,0,0,654,8846,7668,11551,0,0,0,18,24,39,0,39723,30955,34221,2,0,0,317
15,1,6,1060760,benign,167,153,11128,0,8021,3077,1,2616,2929,0,714,39682,3245,3,51,1532,933,324,4,13532,7694,30313,0,0,654,8847,7683,11550,0,0,0,18,24,39,0,39314,30980,34249,2,0,0,317
16,5,3,1060727,benign,187,153,11143,0,8026,3087,1,2616,2929,0,700,39464,3245,3,53,1404,747,426,3,13561,7710,30367,0,0,654,8841,7686,11563,0,0,0,19,25,41,0,39330,30924,34200,2,0,0,317
17,2,25,1060722,benign,190,151,11149,0,8044,3092,1,2616,2929,0,697,39699,3245,3,52,1361,694,426,3,13515,7643,30329,0,0,654,8863,7678,11542,0,0,0,18,25,39,0,39664,30993,34249,2,0,0,317
18,5,18,1060763,benign,188,153,11144,0,8032,3084,1,2616,2929,0,688,39578,3245,3,52,1529,756,324,3,13852,8124,30406,0,0,654,8829,7665,11527,0,0,0,18,25,39,0,39576,30944,34235,2,0,0,317
19,10,7,1060744,benign,168,151,11121,0,8012,3084,1,2616,2929,0,680,39472,3245,3,52,1355,767,324,3,13542,7762,30361,0,0,654,8847,7686,11574,0,0,0,18,25,39,0,39404,30771,34201,2,0,0,317
20,2,12,1060727,benign,186,153,11139,0,8023,3081,1,2616,2929,0,682,39567,3245,3,52,1331,919,324,3,13515,7630,30337,0,0,654,8872,7661,11534,0,0,0,18,22,39,0,39529,31278,34532,2,0,0,317
21,8,13,1060750,benign,189,153,11109,0,7999,3085,1,2616,2929,0,692,39631,3245,3,53,1305,751,324,3,13594,7902,30440,0,0,654,8842,7642,11523,0,0,0,18,23,39,0,39384,31119,34474,2,0,0,317
22,9,31,1060736,benign,167,153,11123,0,8018,3081,1,2616,2929,0,691,39350,3245,3,52,1373,771,324,3,13238,7574,30337,0,0,654,8865,7672,11557,0,0,0,18,23,39,0,39496,30792,34040,2,0,0,317
23,1,9,1060748,benign,168,153,11125,0,8014,3077,1,2616,2929,0,700,39540,3245,3,52,1465,761,426,3,13531,7777,30217,0,0,654,8818,7699,11578,0,0,0,18,23,39,0,39123,30766,34022,2,0,0,317
24,9,2,1060730,benign,187,153,11145,0,8029,3086,1,2616,2929,0,717,39642,3245,3,52,1306,744,324,3,13509,7733,30395,0,0,654,8835,7697,11560,0,0,0,18,23,39,0,39362,30854,34145,2,0,0,317
25,4,29,1060761,benign,189,151,11127,0,8017,3088,1,2616,2929,0,695,39499,3245,3,51,1364,727,324,3,13806,7755,30227,0,0,654,8842,7653,11515,0,0,0,18,24,39,0,39772,31018,34287,2,0,0,317
26,7,30,1060745,benign,187,153,11151,0,8036,3085,1,2616,2929,0,688,39632,3245,3,53,1560,735,324,4,13942,8200,30376,0,0,654,8816,7671,11549,0,0,0,18,22,39,0,39467,30925,34230,2,0,0,317
27,9,5,1060728,benign,167,153,11136,0,8027,3090,1,2616,2929,0,697,39216,3245,3,52,1349,749,426,4,13372,7575,30395,0,0,654,8861,7661,11525,0,0,0,18,24,287,2,39423,30816,34175,2,0,0,317
28,9,6,1060736,benign,166,153,11149,0,8034,3079,1,2616,2929,0,691,39291,3245,3,51,1354,771,426,4,13416,7577,30309,0,0,654,8838,7644,11547,0,0,0,18,24,39,0,39529,31150,34408,2,0,0,317
29,1,11,1060756,benign,165,153,11124,0,8015,3084,1,2616,2929,0,695,39242,3245,3,53,1322,741,324,3,13468,7461,30329,0,0,654,8864,7662,11525,0,0,0,18,25,39,0,39333,30916,34156,2,0,0,317
30,4,12,1060747,benign,192,153,11137,0,8031,3085,1,2616,2929,0,713,39548,3245,3,52,1301,790,324,4,13655,7637,30376,0,0,654,8840,7677,11553,0,0,0,19,25,331,2,39735,30935,34173,2,0,0,317
31,5,4,1060756,crash/hangs,-,-,-,-,-,-,-,-,-,-,-,-,-,-,-,-,-,-,-,-,-,-,-,-,-,-,-,-,-,-,-,-,-,-,-,-,-,-,-,-,-,-
32,9,4,1060759,benign,195,153,11130,0,8028,3083,1,2616,2929,0,687,39562,3245,3,53,1330,948,427,3,13728,7777,30326,0,0,654,8864,7694,11596,0,0,0,18,23,39,0,39623,31137,34385,2,0,0,317
33,6,25,1060731,benign,185,153,11099,0,7992,3076,1,2616,2929,0,701,39622,3245,3,52,1522,801,324,3,13389,7695,30350,0,0,654,8870,7645,11553,0,0,0,18,22,39,0,39235,31311,34566,2,0,0,317
34,8,26,1060735,benign,167,153,11152,0,8039,3084,1,2616,2929,0,700,39425,3245,3,51,1348,912,323,4,13695,7794,30378,0,0,654,8845,7696,11551,0,0,0,18,23,39,0,39043,31007,34271,2,0,0,317
35,4,27,1060724,benign,186,151,11132,0,8025,3089,1,2616,2929,0,697,39379,3245,3,52,1384,754,324,3,13534,7753,30453,0,0,654,8865,7647,11545,0,0,0,18,23,39,0,39660,30939,34343,2,0,0,370
36,8,27,1060743,benign,194,153,11120,0,8012,3082,1,2616,2929,0,679,39866,3245,3,52,1405,764,324,3,13618,7846,30305,0,0,654,8851,7658,11516,0,0,0,18,24,39,0,39419,31047,34307,2,0,0,317
37,1,7,1060747,benign,187,153,11151,0,8034,3081,1,2616,2930,0,700,39596,3245,3,52,1336,744,324,3,13815,8095,30369,0,0,654,8835,7646,11536,0,0,0,18,24,39,0,39696,30911,34295,2,0,0,317
38,3,8,1060735,benign,186,153,11120,0,8011,3085,1,2616,2929,0,687,39275,3245,3,52,1482,782,324,3,13380,7549,30334,0,0,654,8853,7684,11568,0,0,0,18,24,141,2,39872,31212,34571,2,0,0,317
39,6,16,1060730,benign,197,153,11096,0,7989,3077,1,2616,2929,0,680,39581,3245,3,51,1366,747,324,4,13683,7726,30283,0,0,654,8864,7664,11532,0,0,0,18,23,39,0,39331,30961,34223,2,0,0,317
40,4,31,1060750,benign,184,153,11131,0,8018,3086,1,2616,2929,0,702,39691,3245,3,52,1506,718,324,3,13533,7773,30332,0,0,654,8842,7718,11569,0,0,0,18,23,39,0,39593,31310,34759,2,0,0,317
41,1,4,1060762,benign,195,151,11153,0,8043,3087,1,2616,2929,0,702,39625,3245,3,53,1572,720,324,3,13790,7885,30320,0,0,654,8868,7669,11534,0,0,0,18,24,39,0,39286,31099,34367,2,0,0,317
42,8,12,1060747,benign,169,151,11131,0,8013,3087,1,2616,2929,0,680,38983,3245,3,53,1565,731,324,3,13445,7768,30291,0,0,654,8850,7688,11581,0,0,0,18,22,39,0,39157,30829,34044,2,0,0,317
43,9,13,1060732,benign,187,153,11098,0,7982,3076,1,2616,2929,0,693,39511,3245,3,52,1337,763,323,3,13787,7987,30275,0,0,654,8847,7666,11539,0,0,0,18,24,39,0,39712,31049,34330,2,0,0,317
44,6,7,1060725,benign,194,153,11139,0,8026,3081,1,2616,2929,0,692,39563,3245,3,52,1580,718,324,3,13572,7830,30414,0,0,654,8853,7656,11546,0,0,0,18,24,39,0,39467,31008,34267,2,0,0,317
45,1,8,1060750,benign,184,153,11153,0,8034,3080,1,2616,2929,0,697,39794,3245,3,52,1346,807,324,3,13625,7758,30350,0,0,654,8850,7641,11511,0,0,0,18,25,39,0,39507,30941,34219,2,0,0,317
47,1,2,1060730,crash/hangs,-,-,-,-,-,-,-,-,-,-,-,-,-,-,-,-,-,-,-,-,-,-,-,-,-,-,-,-,-,-,-,-,-,-,-,-,-,-,-,-,-,-
48,8,8,1060731,benign,184,153,11168,0,8049,3088,1,2616,2929,0,694,39462,3245,3,52,1585,965,324,3,13683,7863,30343,0,0,654,8874,7662,11548,0,0,0,19,27,41,0,39497,31088,34562,2,0,0,317
49,5,13,1060754,benign,193,153,11117,0,8012,3078,1,2616,2929,0,676,39635,3245,3,52,1417,789,322,3,13882,8128,30408,0,0,654,8885,7653,11547,0,0,0,18,25,39,0,39574,31009,34288,2,0,0,317
50,10,17,1060749,benign,191,153,11140,0,8027,3085,1,2616,2929,0,703,39710,3245,3,52,1342,770,324,4,13553,7769,30318,0,0,654,8856,7670,11539,0,0,0,18,24,39,0,39567,31095,34463,2,0,0,317
52,10,26,1060765,benign,185,153,11100,0,7994,3083,1,2616,2930,0,696,39451,3245,3,52,1338,774,324,3,13652,7580,30354,0,0,654,8815,7650,11526,0,0,0,18,22,39,0,39260,30928,34185,2,0,0,317
53,1,17,1060720,SDC,195,153,11149,0,8035,3088,1,2616,2929,0,694,39457,3245,3,52,1474,699,324,4,13591,7771,30338,0,0,654,8861,7677,11543,0,0,0,18,25,39,0,39446,31227,34542,2,0,0,317
54,4,0,1060747,benign,191,153,11145,0,8042,3090,1,2616,2929,0,692,39345,3245,3,52,1427,747,324,4,13762,7780,30388,0,0,654,8849,7665,11531,0,0,0,18,23,39,0,39380,30988,34268,2,0,0,317
55,3,26,1060725,benign,167,153,11122,0,8008,3079,1,2616,2929,0,705,39506,3245,3,52,1345,741,324,4,13451,7461,30249,0,0,654,8824,7667,11563,0,0,0,18,25,33,0,39255,30771,34190,2,0,0,317
56,4,19,1060766,benign,190,153,11135,0,8020,3077,1,2616,2929,0,704,39812,3245,3,52,1330,760,426,3,13623,7910,30314,0,0,654,8865,7661,11524,0,0,0,18,25,39,0,39459,31106,34383,2,0,0,317
57,2,6,1060739,benign,194,153,11139,0,8022,3085,1,2616,2929,0,697,39516,3245,3,53,1363,730,426,3,13651,7759,30335,0,0,654,8905,7749,11588,0,0,0,18,23,39,0,39501,31060,34402,2,0,0,317
58,2,22,1060752,benign,166,153,11134,0,8024,3084,1,2616,2929,0,710,39699,3245,3,54,1548,776,426,3,13245,7502,30254,0,0,654,8864,7695,11568,0,0,0,18,24,38,0,39319,30760,34024,2,0,0,317
59,2,28,1060742,benign,167,153,11125,0,8016,3088,1,2616,2930,0,698,39335,3245,3,52,1370,960,324,4,13243,7391,30283,0,0,654,8840,7670,11563,0,0,0,18,23,39,0,39208,30911,34180,2,0,0,317
60,4,18,1060737,benign,185,153,11119,0,7998,3072,1,2616,2929,0,694,39423,3245,3,53,1352,753,324,3,13530,7789,30412,0,0,654,8852,7652,11522,0,0,0,18,22,39,0,39649,31213,34726,2,0,0,317
61,1,20,1060736,benign,167,153,11141,0,8029,3084,1,2616,2929,0,691,39386,3245,3,52,1365,707,427,3,13107,7243,30271,0,0,654,8854,7677,11539,0,0,0,18,25,38,0,39317,31006,34276,2,0,0,317
62,9,12,1060724,benign,191,153,11131,0,8021,3082,1,2616,2929,0,695,39738,3245,3,52,1508,836,324,4,13625,7856,30366,0,0,654,8845,7676,11537,0,0,0,18,23,141,2,39510,31127,34496,2,0,0,317
63,8,19,1060766,benign,197,153,11146,0,8035,3096,1,2616,2929,0,690,39485,3245,3,53,1306,759,324,4,13635,7591,30339,0,0,654,8863,7676,11548,0,0,0,18,21,39,0,39711,31139,34531,2,0,0,317
64,2,26,1060732,benign,166,153,11136,0,8031,3081,1,2616,2929,0,690,39344,3245,3,53,1374,735,426,3,13356,7596,30194,0,0,654,8869,7675,11540,0,0,0,18,24,39,0,39329,30805,34178,2,0,0,317
65,7,31,1060734,benign,188,154,11117,0,8013,3084,1,2616,2929,0,695,39508,3245,3,51,1353,752,324,3,13766,8040,30414,0,0,654,8852,7648,11499,0,0,0,18,22,39,0,39498,31147,34441,2,0,0,317
66,6,28,1060738,benign,196,155,10853,1,7822,3015,1,2555,2854,0,697,39459,3156,3,54,1320,767,402,4,13747,7968,29614,0,0,640,8630,7471,11323,0,0,0,18,20,123,3,39777,30584,34014,3,0,0,317
68,4,22,1060749,benign,192,153,11117,0,8018,3096,1,2616,2929,0,693,39459,3245,3,53,1340,737,428,3,13750,7941,30225,0,0,654,8848,7691,11517,0,0,0,18,24,39,0,39740,31169,34449,2,0,0,317
69,1,7,1060725,SDC,168,153,11122,0,8007,3085,1,2616,2929,0,695,39378,3245,3,53,1364,746,323,4,13641,7859,30258,0,0,654,8831,7668,11548,0,0,0,18,22,39,0,39424,30732,34184,2,0,0,317
70,3,12,1060766,crash/hangs,-,-,-,-,-,-,-,-,-,-,-,-,-,-,-,-,-,-,-,-,-,-,-,-,-,-,-,-,-,-,-,-,-,-,-,-,-,-,-,-,-,-
71,1,17,1060747,benign,201,153,11099,0,7995,3078,1,2616,2929,0,676,39387,3245,3,52,1385,773,425,4,13896,8240,30383,0,0,654,8817,7677,11548,0,0,0,18,24,39,0,39642,31203,34479,2,0,0,316
72,8,6,1060723,benign,193,153,11120,0,8004,3081,1,2616,2929,0,696,39515,3245,3,53,1379,767,426,3,13572,7784,30292,0,0,654,8840,7706,11579,0,0,0,18,23,143,2,39709,31167,34464,2,0,0,317
73,2,2,1060756,benign,190,153,11147,0,8034,3095,1,2616,2929,0,704,39990,3245,3,52,1313,760,324,3,13824,7915,30363,0,0,654,8859,7679,11544,0,0,0,18,23,39,0,39574,31010,34254,2,0,0,317
74,7,25,1060746,benign,186,153,11112,0,8004,3083,1,2616,2929,0,692,39384,3245,3,53,1342,740,324,3,13772,7837,30493,0,0,654,8835,7647,11502,0,0,0,18,22,39,0,39531,30949,34209,2,0,0,317
75,1,2,1060762,benign,186,153,11168,0,8054,3084,1,2616,2929,0,695,39516,3245,3,52,1293,797,324,3,13700,7910,30341,0,0,654,8846,7655,11559,0,0,0,18,24,39,0,39811,30804,34078,2,0,0,317
76,5,26,1060747,benign,192,153,11134,0,8029,3097,1,2616,2929,0,699,39484,3245,3,52,1358,727,324,3,13798,8041,30309,0,0,654,8831,7656,11529,0,0,0,18,25,38,0,39624,31134,34348,2,0,0,317
77,7,9,1060755,benign,167,153,11137,0,8017,3078,1,2616,2929,0,696,39458,3245,3,53,1478,813,323,3,13455,7728,30397,0,0,654,8834,7644,11499,0,0,0,18,25,39,0,39456,30749,34155,2,0,0,317
78,3,9,1060729,benign,188,153,11101,0,7991,3079,1,2616,2929,0,698,39651,3245,3,52,1347,960,324,3,13728,7882,30320,0,0,654,8842,7621,11503,0,0,0,18,22,39,0,39390,31131,34548,2,0,0,317
79,7,28,1060763,benign,188,153,11127,0,8009,3090,1,2616,2929,0,693,39328,3245,3,52,1345,917,323,3,13602,7653,30282,0,0,654,8872,7661,11546,0,0,0,18,22,39,0,39521,31168,34433,2,0,0,317
80,1,25,1060755,benign,164,153,11116,0,8006,3076,1,2616,2929,0,687,39379,3245,3,52,1323,789,324,4,13479,7733,30280,0,0,654,8834,7667,11543,0,0,0,18,21,39,0,39255,30952,34194,2,0,0,316
81,7,25,1060752,benign,186,153,11122,0,8016,3081,1,2616,2929,0,698,39669,3245,3,53,1326,740,324,4,13748,8047,30378,0,0,654,8845,7683,11532,0,0,0,18,24,132,2,39648,30917,34122,2,0,0,317
82,1,6,1060765,benign,196,153,11140,0,8028,3089,1,2616,2929,0,682,39359,3245,3,52,1550,770,426,3,13698,7824,30380,0,0,654,8833,7650,11510,0,0,0,18,24,39,0,39426,31121,34376,2,0,0,317
83,3,15,1060722,benign,196,154,11129,1,8017,3086,1,2616,2929,0,687,39495,3245,3,53,1618,755,324,3,13651,7926,30334,0,0,654,8844,7661,11545,0,0,0,18,24,40,0,39241,30921,34178,3,0,0,317
84,5,16,1060752,benign,186,153,11120,0,8004,3080,1,2616,2929,0,706,39942,3245,3,52,1366,812,324,3,13581,7738,30331,0,0,654,8818,7675,11555,0,0,0,18,23,39,0,39469,31101,34383,2,0,0,317
85,9,0,1060723,benign,189,153,11153,0,8049,3091,1,2616,2929,0,683,39699,3245,3,52,1370,779,426,3,13530,7856,30340,0,0,654,8847,7663,11542,0,0,0,19,26,41,0,39637,30883,34212,2,0,0,317
86,9,9,1060735,benign,190,153,11130,0,8027,3078,1,2616,2929,0,698,39717,3245,3,52,1365,769,323,4,13871,7974,30394,0,0,654,8850,7687,11559,0,0,0,18,24,140,2,39712,31175,34621,2,0,0,317
87,4,8,1060755,benign,167,154,11109,0,8001,3082,1,2616,2929,1,700,39619,3245,3,54,1367,701,324,4,13267,7422,30349,0,0,654,8862,7687,11605,0,0,0,18,24,39,0,39098,30820,34121,2,0,0,317
88,5,17,1060754,benign,200,151,11136,0,8029,3082,1,2616,2929,0,688,39541,3245,3,52,1282,771,324,3,13470,7545,30285,0,0,654,8873,7644,11519,0,0,0,18,23,39,0,39305,31048,34312,2,0,0,317
89,10,13,1060725,benign,167,154,10880,0,7863,3023,1,2563,2876,0,717,39213,3178,3,56,1553,786,426,4,13752,8038,29987,0,0,640,8724,7532,11346,0,0,0,18,22,34,0,39252,30557,33818,2,0,0,317
90,7,0,1060757,benign,166,153,11153,0,8037,3095,1,2616,2929,0,689,39476,3245,3,53,1427,758,426,3,13375,7412,30303,0,0,654,8827,7692,11559,0,0,0,18,24,143,2,39255,30813,34054,2,0,0,317
91,3,18,1060768,benign,184,153,11130,0,8028,3088,1,2616,2929,0,681,39450,3245,3,52,1343,704,324,4,13692,7893,30374,0,0,654,8886,7691,11571,0,0,0,18,23,39,0,39533,31165,34449,2,0,0,317
92,6,8,1060731,benign,187,153,11143,0,8027,3086,1,2616,2929,0,693,39703,3245,3,52,1347,880,324,3,13884,7615,30346,0,0,654,8839,7647,11514,0,0,0,18,23,141,2,39532,31083,34352,2,0,0,317
93,3,23,1060740,SDC,167,153,11128,0,8015,3086,1,2616,2929,0,694,39372,3245,3,52,1337,769,324,3,13308,7417,30248,0,0,654,8820,7635,11512,0,0,0,18,23,39,0,39233,30880,34152,2,0,0,317
94,7,2,1060720,benign,184,151,11111,0,8007,3092,1,2616,2929,1,690,39601,3245,3,52,1352,710,324,4,13463,7754,30339,0,0,654,8854,7692,11560,0,0,0,18,25,39,0,39604,31333,34614,2,0,0,317
95,1,14,1060767,benign,189,153,11135,0,8029,3075,1,2616,2929,0,694,39444,3245,3,52,1487,686,324,4,13538,7766,30361,0,0,654,8803,7655,11551,0,0,0,18,22,39,0,39608,31053,34320,2,0,0,317
96,3,12,1060725,benign,167,153,11123,0,8012,3083,1,2616,2929,0,689,39138,3245,3,52,1343,714,324,4,13520,7557,30307,0,0,654,8837,7657,11501,0,0,0,18,21,39,0,39353,30846,34125,2,0,0,317
98,3,31,1060758,benign,166,153,11092,0,7989,3066,1,2616,2929,0,691,39185,3245,3,54,1564,713,424,3,13288,7413,30395,0,0,654,8848,7690,11552,0,0,0,18,24,39,0,39173,30927,34189,2,0,0,317
99,7,24,1060727,benign,190,153,11121,0,8005,3081,1,2616,2929,0,677,39265,3245,3,52,1435,696,317,3,13561,7879,30395,0,0,654,8859,7666,11544,0,0,0,18,22,39,0,39388,31245,34527,2,0,0,317
100,9,16,1060756,benign,196,153,11134,0,8017,3073,1,2616,2929,0,685,39353,3245,3,53,1296,773,324,3,13831,7836,30316,0,0,654,8842,7670,11529,0,0,0,18,23,39,0,39518,31215,34664,2,0,0,317
101,3,13,1060768,SDC,190,153,11137,0,8024,3087,1,2616,2929,0,694,39616,3245,3,52,1471,759,324,3,13598,7715,30397,0,0,654,8827,7686,11579,0,0,0,18,23,39,0,39680,30932,34323,2,0,0,317
102,1,31,1060737,benign,166,153,11137,0,8024,3080,1,2616,2929,0,692,39221,3245,3,52,1571,902,323,3,13476,7572,30250,0,0,654,8811,7644,11535,0,0,0,19,27,41,0,39445,30680,34105,2,0,0,317
103,10,14,1060736,benign,187,153,11125,0,8014,3091,1,2616,2929,0,703,39555,3245,3,52,1383,747,324,3,13721,7807,30346,0,0,654,8813,7680,11555,0,0,0,18,24,39,0,39504,30906,34172,2,0,0,317
104,9,24,1060726,benign,165,151,11126,0,8015,3079,1,2616,2929,0,676,39199,3245,3,52,1762,728,324,4,13324,7552,30364,0,0,654,8866,7670,11526,0,0,0,18,25,39,0,39230,30840,34093,2,0,0,317
105,9,0,1060754,benign,183,153,11125,0,8012,3087,1,2616,2929,0,695,39833,3245,3,52,1355,731,324,3,14036,8022,30328,0,0,654,8817,7650,11553,0,0,0,19,24,41,0,39783,30933,34211,2,0,0,317
106,2,29,1060743,benign,188,151,11133,0,8028,3084,1,2616,2929,0,685,39412,3245,3,51,1620,758,427,3,13719,7811,30371,0,0,654,8867,7659,11538,0,0,0,18,22,39,0,39605,31008,34297,2,0,0,317
107,7,5,1060760,benign,198,153,11108,0,8005,3078,1,2616,2929,0,695,39790,3245,3,53,1452,746,427,4,13468,7701,30381,0,0,654,8863,7640,11518,0,0,0,18,25,39,0,39299,31120,34371,2,0,0,317
108,3,25,1060725,benign,198,151,11135,0,8017,3090,1,2616,2929,0,686,39565,3245,3,51,1666,793,426,4,13445,7784,30391,0,0,654,8861,7651,11523,0,0,0,19,26,41,0,39580,30917,34338,2,0,0,317
109,1,3,1060756,benign,183,153,11119,0,8012,3085,1,2616,2929,0,687,39591,3245,3,52,1475,781,426,3,13923,8129,30360,0,0,654,8841,7639,11549,0,0,0,18,23,141,2,39781,31110,34362,2,0,0,317
110,10,20,1060745,benign,190,153,11108,0,8000,3079,1,2616,2929,0,702,39795,3245,3,52,1351,918,323,4,13755,7886,30332,0,0,654,8828,7673,11578,0,0,0,18,25,39,0,39710,31231,34712,2,0,0,317
111,7,9,1060738,benign,190,153,11122,0,8002,3082,1,2616,2929,0,682,39315,3245,3,52,1352,702,324,3,13559,7879,30333,0,0,654,8862,7656,11537,0,0,0,18,24,39,0,39455,30881,34060,2,0,0,317
112,7,12,1060737,benign,185,153,11108,0,7989,3082,1,2616,2929,0,699,39505,3245,3,53,1368,842,323,3,13585,7795,30355,0,0,654,8865,7653,11531,0,0,0,18,22,39,0,39510,31042,34317,2,0,0,317
113,10,11,1060753,benign,193,153,11131,0,8024,3089,1,2616,2929,0,698,39591,3245,3,53,1347,737,324,3,13498,7775,30390,0,0,654,8843,7689,11577,0,0,0,18,23,39,0,39612,31112,34393,2,0,0,317
114,7,30,1060729,benign,185,153,11144,0,8024,3085,1,2616,2929,0,682,39480,3245,3,53,1302,757,324,3,13664,7973,30440,0,0,654,8858,7657,11539,0,0,0,18,23,39,0,39584,30796,34064,2,0,0,317
115,9,13,1060721,benign,185,153,11115,0,8005,3083,1,2616,2929,0,685,39503,3245,3,53,1566,640,428,3,13760,8042,30364,0,0,654,8870,7677,11549,0,0,0,18,25,39,0,39623,31325,34659,2,0,0,317
116,8,21,1060730,benign,201,153,11147,0,8036,3092,1,2616,2929,0,691,39399,3245,3,52,1478,710,324,3,13654,7934,30355,0,0,654,8827,7639,11520,0,0,0,18,24,39,0,39386,31028,34307,2,0,0,317
117,5,18,1060765,benign,165,153,11120,0,8008,3086,1,2616,2929,0,691,39237,3245,3,52,1325,771,324,3,13474,7782,30357,0,0,654,8878,7661,11543,0,0,0,19,25,143,2,39532,30641,33940,2,0,0,317
118,9,18,1060758,benign,187,154,11129,1,8021,3090,1,2616,2929,0,689,39604,3245,3,52,1354,797,334,4,13662,7933,30344,0,0,654,8841,7668,11549,0,0,0,18,22,48,2,39095,31239,34477,3,0,0,317
119,10,16,1060766,benign,190,151,11115,0,8014,3089,1,2616,2929,0,688,39850,3245,3,52,1306,735,324,3,13636,7891,30419,0,0,654,8830,7668,11546,0,0,0,18,22,39,0,39530,31095,34471,2,0,0,317
120,4,20,1060762,benign,190,151,11102,0,7989,3090,1,2616,2929,0,690,39586,3245,3,52,1452,716,426,4,13494,7604,30310,0,0,654,8859,7661,11548,0,0,0,18,23,140,2,39795,31010,34217,2,0,0,316
121,3,16,1060731,benign,189,151,11146,0,8035,3079,0,2616,2929,0,690,39506,3245,3,53,1356,926,324,3,13746,7736,30292,0,0,654,8825,7647,11534,0,0,0,18,25,39,0,39793,31146,34390,2,0,0,317
122,8,18,1060752,benign,167,153,11134,0,8011,3081,1,2616,2929,0,696,39349,3245,3,52,1369,767,324,3,13318,7594,30354,0,0,654,8847,7662,11532,0,0,0,18,24,39,0,39563,30798,34055,2,0,0,316
123,4,3,1060730,benign,196,153,11090,0,7980,3078,1,2616,2929,0,679,39379,3245,3,53,1363,747,324,3,13722,7802,30303,0,0,654,8835,7683,11553,0,0,0,18,23,39,0,39288,31105,34379,2,0,0,317
124,5,0,1060722,benign,167,153,11110,0,7997,3084,1,2616,2930,0,698,39485,3245,3,53,1376,822,324,3,13470,7602,30324,0,0,654,8841,7689,11557,0,0,0,18,25,39,0,39402,30639,34135,2,0,0,317
125,5,26,1060742,benign,165,153,11131,0,8015,3078,1,2616,2929,0,685,39279,3245,3,52,1352,788,324,3,13316,7546,30324,0,0,654,8850,7690,11543,0,0,0,19,26,41,0,39360,30958,34187,2,0,0,317
126,5,22,1060741,benign,183,151,11123,0,8021,3085,1,2616,2929,0,697,39779,3245,3,52,1353,710,323,4,13810,7933,30327,0,0,654,8827,7655,11540,0,0,0,18,24,39,0,39606,31198,34439,2,0,0,317
127,1,0,1060768,benign,192,151,11148,0,8031,3078,1,2616,2929,0,694,39672,3245,3,52,1469,749,324,3,13556,7636,30286,0,0,654,8844,7649,11473,0,0,0,18,25,39,0,39671,30972,34263,2,0,0,317
128,2,31,1060754,benign,186,153,11111,0,7997,3090,1,2616,2929,0,697,39783,3245,3,52,1332,761,318,3,13618,7789,30334,0,0,654,8857,7672,11542,0,0,0,18,24,34,0,39836,31031,34311,2,0,0,317
129,3,9,1060720,benign,190,151,11127,0,8020,3087,1,2616,2929,0,696,39701,3245,3,52,1361,734,324,3,13685,7569,30301,0,0,654,8827,7679,11579,0,0,0,18,23,39,0,39463,30815,34092,2,0,0,317
130,2,30,1060752,benign,184,154,11137,1,8026,3081,1,2616,2929,0,694,39859,3245,3,53,1370,720,333,3,13453,7739,30265,0,0,654,8850,7670,11548,0,0,0,18,24,48,2,39454,31223,34468,3,0,0,317
131,1,6,1060735,benign,201,153,11122,0,8011,3093,1,2616,2929,0,692,39643,3245,3,52,1351,771,324,4,13542,7625,30411,0,0,654,8854,7653,11515,0,0,0,18,24,39,0,39701,30925,34218,2,0,0,317
132,9,13,1060751,benign,168,153,11135,0,8020,3090,1,2616,2930,0,699,39339,3245,3,53,1442,743,542,3,13385,7405,30412,0,0,654,8858,7677,11542,0,0,0,18,24,39,0,39378,30824,34095,2,0,0,317
133,8,24,1060766,benign,166,153,11148,0,8035,3094,1,2616,2929,0,701,39300,3245,3,52,1444,753,323,3,13311,7453,30197,0,0,654,8825,7663,11530,0,0,0,18,22,140,2,39552,30613,33867,2,0,0,317
134,5,19,1060721,benign,193,153,11134,0,8029,3085,1,2616,2929,0,686,39313,3245,3,52,1308,761,324,4,13659,7825,30398,0,0,654,8860,7648,11525,0,0,0,18,24,39,0,39545,31197,34457,2,0,0,317
135,4,7,1060739,benign,194,153,11113,0,8002,3094,1,2616,2929,0,692,39732,3245,3,53,1407,969,324,3,13463,7675,30362,0,0,654,8853,7669,11526,0,0,0,19,27,41,0,39463,30933,34187,2,0,0,317
136,9,15,1060743,benign,182,153,11126,0,8010,3080,1,2616,2929,0,689,39332,3245,3,52,1371,715,324,3,13479,7698,30347,0,0,654,8862,7649,11526,0,0,0,18,23,39,0,39514,30931,34280,2,0,0,317
137,2,6,1060720,benign,194,154,11155,1,8048,3092,1,2616,2929,0,683,39407,3245,3,53,1334,1052,332,3,13734,7891,30262,0,0,654,8832,7649,11546,0,0,0,18,23,44,1,39705,31121,34386,3,0,0,317
138,8,13,1060720,benign,202,153,11105,0,7995,3084,1,2616,2929,0,685,39290,3245,3,52,1338,769,426,4,13550,7724,30325,0,0,654,8852,7645,11526,0,0,0,18,25,39,0,39326,31027,34264,2,0,0,317
139,3,4,1060747,benign,192,153,11134,0,8023,3080,1,2616,2930,0,692,39632,3245,3,52,1320,896,324,3,13606,7724,30282,0,0,654,8839,7670,11568,0,0,0,18,25,39,0,39734,31448,34683,2,0,0,317
140,7,18,1060746,benign,194,153,11142,0,8026,3089,1,2616,2929,0,686,39655,3245,3,52,1358,743,324,3,13519,7827,30436,0,0,654,8860,7665,11538,0,0,0,18,24,39,0,39775,31210,34440,2,0,0,316
141,4,31,1060754,benign,166,153,11141,0,8029,3081,1,2616,2929,0,685,39300,3245,3,53,1301,936,324,3,13354,7514,30404,0,0,654,8842,7679,11533,0,0,0,18,24,39,0,39368,30742,33996,2,0,0,317
142,4,6,1060761,benign,185,153,11133,0,8012,3081,1,2616,2929,0,696,39748,3245,3,52,1330,734,324,3,13631,7851,30345,0,0,654,8843,7649,11501,0,0,0,18,24,39,0,39701,31168,34387,2,0,0,317
143,8,0,1060723,benign,190,153,11119,0,8017,3085,1,2616,2929,0,683,39346,3245,3,52,1325,718,319,4,13536,7714,30408,0,0,654,8833,7667,11515,0,0,0,18,23,35,1,39585,31004,34264,2,0,0,317
144,4,21,1060746,benign,193,153,11150,0,8034,3093,1,2616,2929,0,684,39553,3245,3,52,1375,782,324,3,13409,7561,30303,0,0,654,8836,7651,11507,0,0,0,18,23,39,0,39663,31281,34564,2,0,0,317
145,3,2,1060761,benign,166,153,11127,0,8020,3083,1,2616,2929,0,717,39460,3245,3,52,1562,722,324,3,13525,7540,30273,0,0,654,8839,7708,11574,0,0,0,18,25,39,0,39132,31017,34303,2,0,0,317
146,9,27,1060756,benign,184,153,11152,0,8042,3074,1,2616,2929,0,697,39702,3245,3,53,1331,971,324,3,13784,7869,30275,0,0,654,8851,7686,11570,0,0,0,18,23,39,0,39717,31296,34651,2,0,0,317
147,10,11,1060721,benign,190,151,11149,0,8035,3091,1,2616,2929,0,701,40032,3245,3,52,1346,790,425,4,13591,7878,30386,0,0,654,8847,7654,11553,0,0,0,18,22,39,0,39597,31084,34348,2,0,0,317
0,8,0,1060741,benign,125,27,11145,0,8035,3089,1,2616,2929,0,699,39602,3245,3,52,1532,715,324,3,13530,7684,30420,0,0,654,8836,7666,11503,0,0,0,18,23,39,0,39779,31037,34305,2,0,0,317
1,3,7,1060726,benign,196,153,11143,0,8022,3079,1,2616,2929,0,716,39927,3245,3,52,1327,969,324,3,13684,7977,30410,0,0,654,8862,7690,11562,0,0,0,18,25,39,0,39120,31123,34371,2,0,0,317
2,3,21,1060750,benign,184,154,11109,0,7994,3081,1,2616,2929,0,707,39576,3245,3,53,1349,977,324,3,13664,7717,30377,0,0,654,8828,7655,11555,0,0,0,18,22,143,2,39543,31337,34797,2,0,0,317
3,6,25,1060744,benign,170,153,11131,0,8024,3085,1,2616,2929,0,706,39439,3245,3,52,1340,732,324,3,13246,7481,30376,0,0,654,8864,7674,11564,0,0,0,18,25,39,0,39446,30875,34334,2,0,0,317
4,8,6,1060754,benign,184,151,11165,0,8050,3092,1,2616,2929,0,691,39486,3245,3,52,1335,928,323,3,13504,7614,30287,0,0,654,8916,7722,11540,0,0,0,18,23,39,0,39410,31227,34675,2,0,0,317
5,7,30,1060757,benign,201,153,11124,0,8010,3086,1,2616,2929,0,693,39729,3245,3,53,1309,734,324,3,13387,7621,30351,0,0,654,8823,7640,11533,0,0,0,18,23,141,2,39749,30999,34274,2,0,0,317
6,7,21,1060745,benign,191,153,11095,0,7987,3081,1,2616,2929,0,703,39573,3245,3,52,1414,782,324,3,13648,7870,30431,0,0,654,8836,7694,11567,0,0,0,18,22,39,0,39697,31224,34495,2,0,0,317
7,5,26,1060748,benign,168,153,11159,0,8041,3083,1,2616,2929,0,696,39326,3245,3,52,1375,756,324,3,13485,7657,30326,0,0,654,8839,7685,11581,0,0,0,18,25,39,0,39273,30753,33990,2,0,0,317
8,8,3,1060750,benign,183,153,11126,0,8016,3088,1,2616,2929,0,714,39768,3245,3,52,1467,715,324,4,13521,7564,30352,0,0,654,8847,7667,11538,0,0,0,18,24,39,0,39388,31234,34464,2,0,0,317
9,5,3,1060767,benign,189,151,11157,0,8033,3082,1,2616,2929,0,698,39510,3245,3,53,1548,726,324,3,13742,7880,30378,0,0,654,8816,7683,11564,0,0,0,18,23,39,0,39435,30880,34147,2,0,0,317
10,6,16,1060746,benign,197,153,11120,0,8014,3086,1,2616,2929,0,670,39115,3245,3,52,1347,717,324,3,13531,7689,30356,0,0,654,8864,7670,11546,0,0,0,18,24,39,0,39452,30968,34250,2,0,0,316
11,8,31,1060722,benign,190,153,11150,0,8040,3081,1,2616,2929,0,692,39589,3245,3,52,1338,757,324,3,13687,7851,30408,0,0,654,8863,7647,11522,0,0,0,18,23,39,0,39346,31076,34568,2,0,0,317
12,1,1,1060758,benign,192,153,11120,0,8011,3078,1,2616,2929,0,696,39493,3245,3,52,1529,795,324,3,13993,8087,30439,0,0,654,8822,7678,11550,0,0,0,18,24,39,0,39677,31095,34339,2,0,0,317
13,3,21,1060764,benign,167,154,11114,0,8015,3094,1,2616,2929,1,688,39166,3245,3,54,1514,736,324,3,13468,7721,30374,0,0,654,8869,7659,11545,0,0,0,19,25,41,0,39213,30770,34021,2,0,0,317
14,7,29,1060766,benign,186,153,11110,0,7998,3088,1,2616,2929,0,701,39532,3245,3,52,1571,674,324,3,13451,7689,30418,0,0,654,8853,7680,11546,0,0,0,18,22,39,0,39490,31039,34428,2,0,0,317
15,8,5,1060730,benign,191,151,11135,0,8018,3091,1,2616,2929,0,688,39407,3245,3,52,1335,762,323,3,13832,8023,30423,0,0,654,8903,7723,11524,0,0,0,18,24,39,0,39346,30881,34162,2,0,0,317
16,5,4,1060745,benign,185,153,11136,0,8022,3083,1,2616,2929,0,698,39691,3245,3,52,1583,683,323,3,13851,7841,30239,0,0,654,8853,7664,11503,0,0,0,18,24,39,0,39359,30992,34495,2,0,0,316
17,4,23,1060765,benign,190,153,11132,0,8022,3082,1,2616,2929,0,684,39310,3245,3,51,1355,763,324,3,13731,7708,30406,0,0,654,8849,7677,11585,0,0,0,18,24,39,0,39583,30954,34421,2,0,0,317
18,5,17,1060767,benign,194,153,11150,0,8032,3085,1,2616,2929,0,696,39667,3245,3,53,1584,695,324,3,13623,7841,30285,0,0,654,8839,7682,11555,0,0,0,18,25,39,0,39700,31153,34412,2,0,0,317
19,2,31,1060739,benign,185,154,11146,0,8030,3083,1,2616,2929,0,709,39673,3245,3,52,1368,730,323,3,13568,7817,30347,0,0,654,8860,7677,11540,0,0,0,18,23,39,0,39552,31216,34498,2,0,0,316
20,7,27,1060743,benign,185,153,11114,0,8009,3082,1,2616,2929,0,702,39806,3245,3,52,1319,905,426,3,13571,7817,30402,0,0,654,8841,7681,11567,0,0,0,18,22,39,0,39537,31274,34536,2,0,0,317
21,7,6,1060762,benign,188,153,11146,0,8027,3074,1,2616,2929,0,695,39542,3245,3,52,1300,932,324,3,13732,7931,30309,0,0,654,8836,7643,11529,0,0,0,18,24,39,0,39650,31081,34330,2,0,0,317
22,1,27,1060757,benign,188,151,11128,0,8020,3086,1,2616,2930,0,687,39868,3245,3,52,1436,741,323,3,13533,7722,30423,0,0,654,8840,7655,11524,0,0,0,18,24,38,0,39585,31094,34356,2,0,0,317
23,10,18,1060762,benign,195,153,11149,0,8033,3087,1,2616,2929,0,708,39768,3245,3,52,1325,755,323,4,13619,7553,30313,0,0,654,8841,7691,11559,0,0,0,18,24,39,0,39379,30936,34207,2,0,0,317
24,5,22,1060753,benign,200,153,11114,0,8011,3087,1,2616,2929,0,696,39951,3245,3,52,1322,781,324,4,13710,7723,30306,0,0,654,8855,7642,11531,0,0,0,19,26,41,0,39368,31114,34346,2,0,0,317
25,9,31,1060733,benign,192,153,11149,0,8024,3080,1,2616,2929,0,689,39438,3245,3,53,1517,719,324,3,13815,7769,30380,0,0,654,8840,7657,11540,0,0,0,18,22,39,0,39552,31243,34498,2,0,0,317
26,7,14,1060743,benign,188,153,11148,0,8033,3077,1,2616,2929,0,683,39331,3245,3,53,1388,718,417,3,13580,7801,30351,0,0,654,8835,7694,11570,0,0,0,18,25,39,0,39603,30872,34139,2,0,0,317
27,3,29,1060755,benign,189,153,11110,0,7997,3076,1,2616,2929,0,696,39509,3245,3,51,1573,750,324,3,13734,8018,30374,0,0,654,8836,7636,11547,0,0,0,18,23,39,0,39434,30942,34213,2,0,0,317
28,10,16,1060721,benign,183,153,11121,0,8014,3095,1,2616,2929,0,691,39765,3245,3,52,1351,739,324,3,13742,7830,30445,0,0,654,8863,7654,11532,0,0,0,18,24,141,2,39510,31262,34637,2,0,0,317
29,3,22,1060751,benign,196,154,11134,0,8034,3091,1,2616,2929,1,690,39837,3245,3,54,1379,763,324,3,13786,7903,30347,0,0,654,8855,7688,11561,0,0,0,18,23,141,2,39525,31019,34287,2,0,0,316
30,8,3,1060726,benign,189,153,11095,0,7986,3073,1,2616,2929,0,696,39750,3245,3,52,1432,871,324,3,13559,7757,30390,0,0,654,8863,7680,11581,0,0,0,18,24,140,2,39929,30909,34303,2,0,0,317
0,10,17,1060747,benign,110,27,11112,0,8006,3071,1,2616,2929,0,698,39579,3245,3,53,1333,771,425,3,13859,7984,30405,0,0,654,8838,7667,11548,0,0,0,18,24,39,0,39741,31047,34321,2,0,0,317
1,3,19,1060721,benign,193,153,11123,0,8011,3081,1,2616,2929,0,684,39406,3245,3,52,1358,1028,323,3,13704,7837,30433,0,0,654,8842,7688,11534,0,0,0,18,24,39,0,39540,30915,34170,2,0,0,317
2,2,11,1060736,benign,166,153,11113,0,8002,3076,1,2616,2929,0,696,39458,3245,3,53,1376,725,318,3,13330,7252,30276,0,0,654,8852,7681,11555,0,0,0,18,25,39,0,39239,30786,34002,2,0,0,317
3,7,5,1060756,benign,166,153,11149,0,8032,3081,1,2616,2929,0,710,39396,3245,3,52,1307,717,324,4,13522,7572,30331,0,0,654,8842,7648,11502,0,0,0,18,24,141,2,39643,30838,34099,2,0,0,317
4,3,16,1060721,benign,182,153,11140,0,8028,3090,1,2616,2929,0,682,39608,3245,3,53,1557,733,324,3,13761,8002,30248,0,0,654,8865,7681,11577,0,0,0,18,23,39,0,39546,30831,34137,2,0,0,317
5,5,29,1060725,benign,190,151,11128,0,8019,3084,1,2616,2929,0,701,39577,3245,3,53,1287,758,324,3,13500,7661,30375,0,0,654,8839,7647,11565,0,0,0,18,22,138,2,39707,31085,34557,2,0,0,317
6,6,22,1060721,benign,188,153,11122,0,8011,3081,1,2616,2929,0,693,39419,3245,3,52,1358,711,324,3,13545,7778,30424,0,0,654,8845,7661,11519,0,0,0,18,23,39,0,39506,31200,34486,2,0,0,317
7,2,7,1060748,benign,167,153,11135,0,8026,3093,1,2616,2929,0,692,39590,3245,3,52,1367,929,324,3,13550,7820,30311,0,0,654,8855,7652,11518,0,0,0,18,24,141,2,39378,31121,34391,2,0,0,317
8,2,21,1060759,benign,188,153,11102,0,7999,3078,1,2616,2929,0,690,39372,3245,3,53,1521,716,324,3,13750,7890,30254,0,0,654,8817,7639,11525,0,0,0,18,23,141,2,39602,31164,34408,2,0,0,317
9,9,26,1060743,benign,192,153,11127,0,8009,3078,1,2616,2929,0,691,39650,3245,3,52,1352,735,324,3,13453,7562,30262,0,0,654,8846,7654,11526,0,0,0,18,25,39,0,39659,31004,34267,2,0,0,317
10,8,22,1060747,benign,193,153,11126,0,8014,3084,1,2616,2929,0,701,39884,3245,3,53,1486,726,324,3,13582,7582,30333,0,0,654,8833,7676,11551,0,0,0,18,24,39,0,39598,30974,34243,2,0,0,317
11,1,1,1060735,benign,188,153,11102,0,7990,3080,1,2616,2929,0,684,39830,3245,3,53,1438,788,324,4,13346,7618,30318,0,0,654,8890,7674,11517,0,0,0,18,24,141,2,39622,30862,34152,2,0,0,317
12,5,27,1060751,benign,199,153,11154,0,8032,3092,1,2616,2929,0,682,39409,3245,3,52,1346,783,324,3,13919,8039,30403,0,0,654,8815,7670,11561,0,0,0,18,23,39,0,39325,31256,34509,2,0,0,317
13,7,5,1060738,benign,181,151,11139,0,8033,3071,1,2616,2929,0,696,39448,3245,3,52,1321,740,324,3,13701,8041,30350,0,0,654,8813,7644,11518,0,0,0,18,24,39,0,39246,30988,34257,2,0,0,317
14,8,23,1060760,benign,166,153,11144,0,8029,3089,1,2616,2929,0,709,39355,3245,3,53,1351,759,324,3,13523,7748,30382,0,0,654,8856,7679,11557,0,0,0,18,24,38,0,39225,30686,33940,2,0,0,317
15,4,2,1060754,benign,188,154,11114,1,8002,3082,1,2616,2929,0,691,39750,3245,3,52,1331,768,333,3,13642,7666,30358,0,0,654,8859,7656,11522,0,0,0,18,24,47,2,39707,31178,34553,2,0,0,317
16,10,5,1060721,benign,191,153,11156,0,8036,3084,1,2616,2929,0,691,39470,3245,3,52,1328,771,426,4,13918,7915,30350,0,0,654,8832,7666,11575,0,0,0,18,24,39,0,39632,31158,34443,2,0,0,317
17,6,28,1060745,benign,189,151,11114,0,8002,3081,1,2616,2929,0,693,39484,3245,3,52,1345,717,324,4,13652,7894,30345,0,0,654,8826,7671,11567,0,0,0,18,23,39,0,39619,30697,34122,2,0,0,317
18,3,20,1060728,benign,166,153,11147,0,8031,3084,1,2616,2929,0,696,39259,3245,3,51,1340,758,324,4,13166,7251,30182,0,0,654,8834,7666,11549,0,0,0,18,24,143,2,39574,30958,34233,2,0,0,317
19,2,13,1060727,benign,194,153,11135,0,8025,3083,1,2616,2929,0,680,39469,3245,3,52,1342,739,324,3,13761,7881,30324,0,0,654,8867,7649,11541,0,0,0,18,24,39,0,39519,31360,34651,2,0,0,317
20,8,13,1060725,benign,182,153,11127,0,8013,3082,1,2616,2929,0,686,39339,3245,3,52,1355,826,324,3,13618,7635,30313,0,0,654,8840,7675,11569,0,0,0,18,24,39,0,39737,30949,34181,2,0,0,317
21,1,3,1060724,SDC,166,156,10829,2,7818,3004,1,2548,2848,2,665,38648,3147,3,56,1358,954,543,4,12996,7100,29477,0,0,638,8622,7437,11286,0,0,0,18,23,320,9,38564,30146,33434,4,0,0,317
22,10,1,1060738,benign,188,153,11153,0,8044,3086,1,2616,2929,0,724,39783,3245,3,52,1313,797,324,3,13680,7956,30399,0,0,654,8831,7648,11498,0,0,0,18,23,39,0,39750,31098,34362,2,0,0,317
23,6,3,1060746,benign,189,153,11155,0,8046,3092,1,2616,2929,0,707,39695,3245,3,52,1609,718,319,3,13658,7575,30312,0,0,654,8841,7681,11567,0,0,0,18,25,39,0,39403,31109,34384,2,0,0,317
24,7,8,1060724,benign,166,153,11121,0,8006,3077,1,2616,2929,0,681,39151,3245,3,53,1323,730,324,4,13344,7538,30326,0,0,654,8817,7638,11516,0,0,0,18,24,39,0,39367,30719,33942,2,0,0,317
25,2,31,1060756,benign,167,153,11119,0,8006,3082,1,2616,2929,0,704,39471,3245,3,52,1340,726,324,3,13263,7388,30249,0,0,654,8841,7696,11546,0,0,0,18,24,39,0,39185,30643,33937,2,0,0,316
26,8,26,1060763,benign,184,153,11147,0,8037,3081,1,2616,2929,0,701,39539,3245,3,52,1341,766,324,4,13695,7894,30315,0,0,654,8829,7669,11562,0,0,0,18,24,39,0,39695,31260,34507,2,0,0,317
27,7,16,1060723,benign,200,153,11128,0,8017,3086,1,2616,2929,0,692,39690,3245,3,52,1348,978,324,4,13448,7634,30331,0,0,654,8816,7641,11510,0,0,0,18,23,39,0,39382,30991,34280,2,0,0,317
28,4,20,1060767,benign,190,153,11154,0,8038,3090,1,2616,2929,0,687,39618,3245,3,52,1325,793,324,4,13772,7970,30394,0,0,654,8839,7684,11559,0,0,0,18,23,39,0,39742,31283,34547,2,0,0,317
29,10,5,1060729,benign,192,153,11148,0,8040,3092,1,2616,2929,0,700,39620,3245,3,53,1355,701,324,3,13583,7727,30448,0,0,654,8833,7655,11551,0,0,0,18,23,39,0,39473,30983,34245,2,0,0,317
30,7,12,1060765,benign,184,153,11144,0,8032,3081,1,2616,2929,0,690,39378,3245,3,52,1544,744,324,3,13562,7741,30303,0,0,654,8863,7646,11508,0,0,0,18,25,39,0,39489,30992,34254,2,0,0,317
31,10,13,1060746,benign,185,153,11157,0,8044,3094,1,2616,2929,0,702,39542,3245,3,52,1349,954,324,3,13869,8052,30392,0,0,654,8876,7678,11554,0,0,0,18,24,39,0,39389,31202,34501,2,0,0,317
32,3,17,1060759,benign,185,154,11112,0,8005,3080,1,2616,2929,0,694,39656,3245,3,53,1293,825,324,3,13514,7799,30397,0,0,654,8825,7694,11564,0,0,0,18,24,39,0,39563,30939,34236,2,0,0,317
33,2,22,1060729,benign,190,153,11096,0,7987,3071,1,2616,2929,0,701,39763,3245,3,53,1320,921,324,4,13934,7906,30313,0,0,654,8853,7693,11555,0,0,0,18,24,39,0,39428,31277,34571,2,0,0,317
34,2,21,1060760,benign,165,153,11134,0,8016,3091,1,2616,2929,0,693,39277,3245,3,53,1314,751,324,4,13424,7519,30338,0,0,654,8832,7644,11549,0,0,0,18,23,39,0,39186,30912,34120,2,0,0,317
35,1,21,1060720,SDC,165,152,10865,0,7838,3017,1,2555,2854,2,698,38914,3156,3,54,1333,736,324,4,13384,7629,29644,0,0,640,8620,7433,11316,0,0,0,18,22,39,0,38612,30261,33734,2,0,0,316
36,2,20,1060732,benign,168,153,11136,0,8027,3074,1,2616,2929,0,695,39421,3245,3,52,1364,747,324,3,13633,7706,30301,0,0,654,8869,7650,11530,0,0,0,18,24,39,0,39320,30890,34165,2,0,0,317
37,1,31,1060729,crash/hangs,-,-,-,-,-,-,-,-,-,-,-,-,-,-,-,-,-,-,-,-,-,-,-,-,-,-,-,-,-,-,-,-,-,-,-,-,-,-,-,-,-,-
38,2,28,1060747,benign,112,27,11146,0,8044,3095,1,2616,2929,0,694,39540,3245,3,52,1373,793,426,3,13769,8099,30412,0,0,654,8846,7648,11514,0,0,0,18,23,39,0,39451,31102,34501,2,0,0,317
39,2,15,1060743,benign,199,153,11187,0,8060,3090,1,2616,2929,0,682,39447,3245,3,52,1391,722,324,3,13660,7618,30276,0,0,654,8833,7667,11540,0,0,0,18,24,39,0,39251,31032,34343,2,0,0,317
40,6,7,1060744,benign,166,153,11141,0,8036,3092,1,2616,2929,0,700,39254,3245,3,52,1394,759,324,3,13465,7694,30298,0,0,654,8839,7659,11511,0,0,0,18,24,144,2,39453,30635,33868,2,0,0,317
41,1,0,1060752,benign,166,153,11125,0,8017,3083,1,2616,2929,0,691,39214,3245,3,52,1371,841,323,4,13579,7711,30283,0,0,654,8868,7657,11522,0,0,0,18,23,39,0,39389,30834,34093,2,0,0,317
42,2,23,1060755,benign,185,151,11154,0,8046,3084,1,2616,2929,0,694,39653,3245,3,52,1515,735,424,3,13825,7908,30264,0,0,654,8845,7693,11551,0,0,0,18,23,39,0,39576,31149,34420,2,0,0,317
43,7,15,1060768,benign,167,153,11120,0,8005,3076,1,2616,2929,0,689,39361,3245,3,52,1422,780,426,3,13414,7578,30254,0,0,654,8838,7640,11547,0,0,0,18,22,39,0,39281,30742,33996,2,0,0,317
44,9,22,1060768,benign,168,153,11131,0,8017,3085,1,2616,2929,0,711,39355,3245,3,52,1353,767,425,4,13507,7760,30359,0,0,654,8842,7629,11496,0,0,0,18,22,39,0,39319,30819,34107,2,0,0,317
45,1,23,1060758,benign,189,153,11112,0,8001,3072,1,2616,2929,0,687,39234,3245,3,52,1373,681,425,4,13506,7625,30384,0,0,654,8841,7641,11501,0,0,0,18,22,141,2,39597,31015,34397,2,0,0,317
46,5,24,1060737,benign,192,153,11091,0,7977,3073,1,2616,2929,0,696,39409,3245,3,53,1373,773,324,3,13769,7988,30366,0,0,654,8836,7690,11567,0,0,0,18,23,39,0,39269,31179,34581,2,0,0,317
47,8,20,1060751,benign,187,153,11131,0,8015,3089,1,2616,2929,0,700,39594,3245,3,52,1382,793,417,3,13773,8051,30403,0,0,654,8853,7665,11548,0,0,0,18,22,39,0,39689,30931,34158,2,0,0,317
48,9,19,1060749,benign,196,153,11159,0,8045,3096,1,2616,2929,0,688,39594,3245,3,52,1564,786,425,3,13891,8199,30371,0,0,654,8824,7672,11558,0,0,0,18,24,130,2,39771,31080,34536,2,0,0,317
49,3,7,1060753,benign,187,153,11126,0,8011,3093,1,2616,2929,0,693,39446,3245,3,52,1309,1001,324,3,13754,7938,30350,0,0,654,8825,7657,11537,0,0,0,18,23,39,0,39634,31198,34447,2,0,0,317
50,5,1,1060752,benign,166,153,11125,0,8016,3086,1,2616,2929,0,705,39304,3245,3,52,1541,937,427,3,13130,7354,30298,0,0,654,8863,7681,11541,0,0,0,18,24,39,0,39368,30821,34076,2,0,0,317
51,9,18,1060733,benign,189,153,11140,0,8034,3082,1,2616,2929,0,701,39545,3245,3,53,1489,734,324,3,13554,7711,30353,0,0,654,8809,7694,11572,0,0,0,18,24,39,0,39430,30975,34253,2,0,0,317
52,8,16,1060739,benign,192,153,11127,0,8013,3084,1,2616,2929,0,702,39630,3245,3,52,1348,703,324,3,13692,7868,30416,0,0,654,8836,7647,11535,0,0,0,18,25,39,0,39659,31184,34433,2,0,0,317
53,2,16,1060762,benign,194,153,11154,0,8043,3079,1,2616,2929,0,707,39688,3245,3,53,1561,791,426,4,14021,7942,30435,0,0,654,8871,7687,11577,0,0,0,18,23,39,0,39518,31078,34324,2,0,0,317
54,10,4,1060731,benign,186,153,11145,0,8040,3089,1,2616,2929,0,696,39486,3245,3,52,1344,754,541,3,13790,7656,30382,0,0,654,8833,7614,11495,0,0,0,18,22,39,0,39584,31121,34365,2,0,0,317
55,10,17,1060729,benign,190,153,11156,0,8047,3093,1,2616,2930,0,703,39938,3245,3,52,1688,741,416,4,13598,7666,30357,0,0,654,8864,7676,11548,0,0,0,18,24,39,0,39343,31107,34359,2,0,0,317
56,3,20,1060721,benign,187,153,11141,0,8029,3086,1,2616,2929,0,701,39838,3245,3,52,1383,920,324,3,13651,7834,30292,0,0,654,8900,7718,11521,0,0,0,18,21,39,0,39511,30935,34209,2,0,0,317
57,7,14,1060756,benign,167,153,11108,0,8001,3079,1,2616,2929,0,685,39260,3245,3,53,1406,941,324,3,13454,7579,30308,0,0,654,8814,7633,11515,0,0,0,19,26,41,0,39341,30779,34060,2,0,0,317
58,3,12,1060732,benign,167,153,11157,0,8043,3083,1,2616,2929,0,707,39734,3245,3,52,1533,778,324,3,13313,7408,30316,0,0,654,8834,7673,11575,0,0,0,18,23,39,0,39180,30782,34079,2,0,0,317
59,4,7,1060723,benign,189,154,11168,1,8047,3087,1,2616,2929,0,700,39690,3245,3,52,1396,748,436,3,13436,7595,30407,0,0,654,8837,7642,11528,0,0,0,18,23,348,4,39750,31009,34333,3,0,0,317
60,5,26,1060747,benign,193,153,11157,0,8039,3100,1,2616,2929,0,696,39540,3245,3,52,1316,740,324,3,13530,7874,30399,0,0,654,8840,7646,11519,0,0,0,18,25,39,0,39516,31292,34599,2,0,0,317
61,10,15,1060755,benign,189,153,11101,0,7994,3087,1,2616,2929,0,694,39415,3245,3,52,1348,751,324,3,13728,7977,30361,0,0,654,8857,7681,11585,0,0,0,18,25,141,2,39820,31031,34316,2,0,0,317
62,3,20,1060727,benign,184,153,11161,0,8048,3085,1,2616,2929,0,700,39526,3245,3,52,1535,898,417,3,13726,7770,30318,0,0,654,8839,7700,11581,0,0,0,18,21,140,2,39818,31061,34308,2,0,0,317
63,6,17,1060765,benign,196,153,11162,0,8048,3085,1,2616,2929,0,697,39717,3245,3,52,1508,757,324,3,13717,7770,30359,0,0,654,8845,7668,11538,0,0,0,18,21,140,2,39470,31176,34455,2,0,0,317
64,3,16,1060730,benign,182,153,11120,0,8008,3083,1,2616,2929,0,694,39362,3245,3,52,1318,1014,324,3,13700,7799,30343,0,0,654,8842,7663,11517,0,0,0,18,24,39,0,39820,30918,34157,2,0,0,317
65,1,29,1060744,benign,167,153,11143,0,8038,3096,1,2616,2929,0,699,39667,3245,3,52,1451,697,428,3,13453,7605,30355,0,0,654,8834,7690,11579,0,0,0,18,24,39,0,39287,30824,34107,2,0,0,317
66,10,31,1060734,benign,188,153,11089,0,7990,3087,1,2616,2929,0,683,39558,3245,3,52,1360,698,426,3,13665,7922,30367,0,0,654,8857,7659,11520,0,0,0,18,22,39,0,39472,31224,34709,2,0,0,317
67,9,10,1060750,benign,186,151,11123,0,8003,3077,1,2616,2929,0,695,39507,3245,3,52,1588,773,416,3,13675,7919,30399,0,0,654,8850,7668,11575,0,0,0,18,24,140,2,39949,30947,34229,2,0,0,317
68,6,21,1060736,benign,170,153,11111,0,8004,3082,1,2616,2929,0,699,39585,3245,3,52,1675,698,425,3,13292,7523,30234,0,0,654,8846,7691,11550,0,0,0,18,23,39,0,39268,30852,34109,2,0,0,317
69,3,13,1060757,crash/hangs,-,-,-,-,-,-,-,-,-,-,-,-,-,-,-,-,-,-,-,-,-,-,-,-,-,-,-,-,-,-,-,-,-,-,-,-,-,-,-,-,-,-
70,3,7,1060728,benign,94,27,11135,0,8045,3087,1,2616,2929,0,705,39512,3245,3,52,1454,708,324,3,13203,7350,30240,0,0,654,8827,7688,11543,0,0,0,18,24,141,2,39531,30947,34185,2,0,0,317
71,1,6,1060754,benign,187,153,11114,0,7996,3078,1,2616,2929,0,692,39725,3245,3,53,1331,929,324,3,13777,8054,30401,0,0,654,8861,7679,11533,0,0,0,18,25,39,0,39659,30996,34254,2,0,0,317
72,2,4,1060720,benign,169,153,11139,0,8023,3083,1,2616,2929,0,703,39281,3245,3,53,1594,717,428,4,13223,7323,30217,0,0,654,8810,7670,11537,0,0,0,18,23,39,0,39362,30752,34002,2,0,0,317
73,8,28,1060742,benign,188,153,11123,0,8013,3087,1,2616,2929,0,690,39619,3245,3,52,1526,736,324,3,13686,7885,30376,0,0,654,8869,7694,11567,0,0,0,18,24,141,2,39731,31198,34468,2,0,0,317
74,3,6,1060736,SDC,167,155,10868,1,7832,3013,1,2555,2854,1,686,38958,3156,3,54,1335,829,515,3,13514,7714,29698,0,0,640,8624,7448,11295,0,0,0,18,22,122,5,39171,30414,33714,3,0,0,317
75,6,28,1060735,benign,190,153,11100,0,7997,3096,1,2616,2929,0,698,39646,3245,3,52,1471,731,324,4,13653,7739,30327,0,0,654,8812,7616,11495,0,0,0,18,24,38,0,39410,31117,34385,2,0,0,316
76,7,1,1060764,benign,163,151,11143,0,8023,3089,1,2616,2929,0,689,39256,3245,3,53,1343,813,324,3,13228,7476,30319,0,0,654,8849,7680,11524,0,0,0,18,24,140,2,39622,30909,34163,2,0,0,317
77,4,19,1060723,benign,189,153,11144,0,8030,3085,1,2616,2930,0,697,39442,3245,3,52,1354,781,324,4,13514,7750,30420,0,0,654,8839,7662,11527,0,0,0,18,24,132,2,39618,30745,34135,2,0,0,317
78,7,18,1060720,benign,166,153,11136,0,8029,3083,1,2616,2929,0,680,39231,3245,3,52,1361,718,324,4,13328,7566,30384,0,0,654,8858,7660,11523,0,0,0,18,24,39,0,39474,30990,34243,2,0,0,316
79,3,24,1060720,benign,166,153,11133,0,8025,3082,1,2616,2929,0,680,39092,3245,3,52,1511,697,324,4,13513,7419,30411,0,0,654,8847,7690,11574,0,0,0,18,24,39,0,39414,30801,34046,2,0,0,316
80,10,16,1060751,benign,191,151,11128,0,8017,3081,1,2616,2929,0,679,39362,3245,3,52,1582,684,423,3,13663,7835,30390,0,0,654,8862,7664,11528,0,0,0,18,23,39,0,39645,31050,34334,2,0,0,317
81,8,21,1060737,benign,194,153,11129,0,8013,3082,1,2616,2929,0,693,39644,3245,3,52,1517,807,324,4,13801,8132,30323,0,0,654,8830,7668,11504,0,0,0,18,24,39,0,39540,31093,34496,2,0,0,317
82,8,16,1060755,benign,185,151,11107,0,7997,3087,1,2616,2929,0,689,39623,3245,3,52,1653,928,424,3,13512,7697,30302,0,0,654,8850,7661,11540,0,0,0,18,24,141,2,39692,30933,34186,2,0,0,317
83,2,27,1060723,benign,186,153,11131,0,8021,3083,1,2616,2929,0,698,39467,3245,3,52,1287,794,324,3,13790,7756,30333,0,0,654,8835,7684,11542,0,0,0,18,23,39,0,39406,31217,34611,2,0,0,317
84,2,1,1060767,benign,183,153,11151,0,8042,3082,1,2616,2929,0,711,39926,3245,3,52,1581,792,324,3,13520,7839,30443,0,0,654,8842,7687,11554,0,0,0,18,24,141,2,39479,31049,34294,2,0,0,317
85,9,26,1060768,benign,168,153,11181,0,8065,3087,1,2616,2929,0,682,39340,3245,3,52,1363,691,426,4,13401,7622,30364,0,0,654,8871,7652,11528,0,0,0,18,24,39,0,39295,30756,33984,2,0,0,317
86,6,13,1060759,benign,187,153,11110,0,8003,3084,1,2616,2929,0,698,39507,3245,3,52,1508,784,426,4,13820,8062,30378,0,0,654,8866,7669,11547,0,0,0,18,24,39,0,39966,31098,34543,2,0,0,316
87,3,5,1060737,SDC,195,155,10857,1,7843,3014,1,2548,2847,1,679,39073,3147,3,54,1513,744,420,4,13756,7860,29623,0,0,638,8604,7442,11273,0,0,0,18,23,135,3,39330,30329,33619,3,0,0,317
88,1,5,1060763,benign,200,153,11142,0,8029,3084,1,2616,2929,0,701,39740,3245,3,52,1356,748,324,4,13518,7731,30298,0,0,654,8876,7716,11619,0,0,0,18,23,141,2,39742,31000,34223,2,0,0,317
89,6,2,1060753,benign,193,153,11151,0,8031,3094,1,2616,2929,0,682,39651,3245,3,52,1364,795,424,3,13503,7794,30416,0,0,654,8850,7693,11565,0,0,0,18,24,38,0,39712,30844,34102,2,0,0,317
90,2,19,1060757,benign,188,153,11156,0,8045,3092,1,2616,2929,0,695,39497,3245,3,52,1356,878,324,3,13732,7686,30332,0,0,654,8857,7652,11488,0,0,0,18,24,39,0,39663,31105,34448,2,0,0,316
91,6,6,1060738,benign,192,153,11134,0,8022,3092,1,2616,2929,0,695,39543,3245,3,52,1471,698,426,4,13571,7731,30364,0,0,654,8851,7658,11529,0,0,0,18,23,39,0,39616,31108,34350,2,0,0,317
92,10,17,1060768,benign,166,153,11155,0,8032,3092,1,2616,2929,0,704,39524,3245,3,52,1490,800,417,3,13175,7387,30339,0,0,654,8863,7664,11554,0,0,0,18,24,39,0,39123,30882,34129,2,0,0,317
93,9,29,1060752,benign,166,153,11157,0,8036,3097,1,2616,2929,0,680,39254,3245,3,52,1328,734,426,3,13334,7398,30344,0,0,654,8842,7659,11528,0,0,0,19,28,41,0,39378,30849,34090,2,0,0,316
94,2,29,1060764,benign,165,153,11130,0,8009,3085,1,2616,2930,0,691,39502,3245,3,53,1314,756,324,3,13518,7441,30262,0,0,654,8872,7660,11537,0,0,0,18,25,39,0,39641,31043,34298,2,0,0,316
95,8,17,1060738,benign,189,153,11113,0,8000,3084,1,2616,2929,0,688,39652,3245,3,52,1340,790,324,3,13582,7863,30387,0,0,654,8863,7707,11597,0,0,0,18,23,39,0,39525,31231,34506,2,0,0,317
96,4,19,1060751,benign,187,153,11101,0,7992,3081,1,2616,2929,0,693,39485,3245,3,52,1333,951,324,3,13650,7871,30427,0,0,654,8838,7663,11539,0,0,0,18,24,38,0,39675,30997,34264,2,0,0,317
97,6,4,1060749,benign,190,151,11144,0,8022,3081,1,2616,2929,0,706,39852,3245,3,53,1367,906,323,3,13568,7833,30275,0,0,654,8882,7656,11542,0,0,0,18,25,38,0,39809,31026,34268,2,0,0,317
98,6,25,1060741,benign,195,153,11154,0,8042,3074,1,2616,2929,0,683,39456,3245,3,51,1358,855,323,3,13680,7860,30388,0,0,654,8865,7677,11563,0,0,0,18,24,39,0,39345,31206,34486,2,0,0,317
99,1,11,1060739,benign,189,153,11142,0,8039,3086,1,2616,2929,0,680,39629,3245,3,52,1515,782,324,3,13496,7598,30319,0,0,654,8841,7666,11547,0,0,0,18,24,39,0,39373,31255,34481,2,0,0,317
100,5,1,1060743,benign,184,151,11125,0,8017,3090,1,2616,2929,0,690,39407,3245,3,52,1478,759,324,3,13375,7487,30292,0,0,654,8834,7671,11554,0,0,0,18,23,141,2,39493,31108,34356,2,0,0,317
101,3,13,1060738,crash/hangs,-,-,-,-,-,-,-,-,-,-,-,-,-,-,-,-,-,-,-,-,-,-,-,-,-,-,-,-,-,-,-,-,-,-,-,-,-,-,-,-,-,-
102,10,21,1060746,benign,112,30,11162,0,8042,3399,1,2616,2929,0,690,39653,3245,3,52,1364,751,324,3,13547,7797,30260,0,0,654,8867,7653,11532,0,0,0,18,24,39,0,39594,31078,34330,2,0,0,317
103,1,14,1060765,benign,197,153,11144,0,8043,3083,1,2616,2930,0,697,39585,3245,3,52,1381,731,324,3,13346,7468,30311,0,0,654,8876,7637,11535,0,0,0,18,24,39,0,39639,30914,34145,2,0,0,317
104,9,24,1060761,benign,183,153,11113,0,8007,3083,1,2616,2929,0,708,39688,3245,3,52,1345,773,324,3,13665,7783,30368,0,0,654,8825,7685,11551,0,0,0,18,24,39,0,39754,31111,34546,2,0,0,317
105,1,14,1060763,benign,188,153,11101,0,7998,3076,1,2616,2929,0,702,39773,3245,3,53,1292,745,323,3,13599,7590,30344,0,0,654,8846,7680,11525,0,0,0,18,24,140,2,39746,31025,34308,2,0,0,317
106,7,5,1060728,benign,168,153,11123,0,8011,3081,1,2616,2929,0,693,39344,3245,3,52,1603,724,319,4,13661,7880,30399,0,0,654,8848,7703,11583,0,0,0,18,25,39,0,39331,30691,33974,2,0,0,317
107,5,30,1060727,benign,192,153,11142,0,8038,3091,1,2616,2929,0,695,39368,3245,3,52,1558,796,324,3,13495,7615,30350,0,0,654,8875,7680,11565,0,0,0,18,23,39,0,39652,30981,34439,2,0,0,317
108,5,1,1060764,benign,166,153,11153,0,8039,3080,1,2616,2929,0,690,39430,3245,3,53,1417,737,321,3,13270,7544,30331,0,0,654,8838,7689,11538,0,0,0,18,23,39,0,39102,31026,34293,2,0,0,317
109,7,19,1060768,benign,167,153,11102,0,7992,3083,1,2616,2929,0,696,39581,3245,3,52,1396,771,324,3,13232,7400,30288,0,0,654,8837,7685,11557,0,0,0,18,25,39,0,39261,30909,34275,2,0,0,317
110,10,28,1060735,benign,182,153,11147,0,8038,3082,1,2616,2929,0,677,39177,3245,3,53,1358,937,324,3,13413,7548,30342,0,0,654,8845,7689,11560,0,0,0,18,25,39,0,39434,30908,34317,2,0,0,317
111,6,0,1060721,benign,191,153,11140,0,8030,3082,1,2616,2929,0,696,39691,3245,3,52,1340,718,426,3,13400,7568,30266,0,0,654,8843,7654,11573,0,0,0,18,24,39,0,39420,30962,34221,2,0,0,317
112,10,29,1060743,benign,189,151,11134,0,8018,3080,1,2616,2929,0,697,39409,3245,3,53,1514,749,324,3,13605,7877,30317,0,0,654,8835,7670,11574,0,0,0,18,25,39,0,39920,31243,34456,2,0,0,317
113,10,6,1060720,benign,166,153,11155,0,8049,3091,1,2616,2929,0,703,39506,3245,3,53,1311,780,324,3,13293,7521,30348,0,0,654,8852,7665,11526,0,0,0,18,23,38,0,39265,30914,34208,2,0,0,317
114,1,7,1060744,benign,168,153,11117,0,8006,3087,1,2616,2929,0,697,39266,3245,3,52,1366,842,323,3,13334,7590,30370,0,0,654,8839,7702,11555,0,0,0,18,23,370,2,39837,30862,34313,2,0,0,317
115,3,29,1060745,benign,184,153,11117,0,8014,3084,1,2616,2929,0,705,39788,3245,3,54,1350,752,428,3,13784,7954,30278,0,0,654,8850,7671,11545,0,0,0,18,24,39,0,39229,30994,34422,2,0,0,317
116,2,31,1060752,benign,166,153,11105,0,7996,3079,1,2616,2929,0,694,39267,3245,3,52,1566,729,324,4,13221,7363,30262,0,0,654,8831,7668,11539,0,0,0,18,22,330,2,39436,30718,34054,2,0,0,317
117,5,20,1060757,benign,190,153,11132,0,8026,3086,1,2616,2929,0,693,39754,3245,3,52,1333,800,324,4,13495,7723,30288,0,0,654,8831,7650,11499,0,0,0,18,22,39,0,39670,31063,34394,2,0,0,317
118,9,10,1060726,benign,185,153,11136,0,8027,3078,1,2616,2929,0,703,39567,3245,3,52,1346,728,324,3,13514,7784,30400,0,0,654,8850,7682,11538,0,0,0,19,26,41,0,40009,31134,34413,2,0,0,317
119,9,2,1060750,benign,192,153,11114,0,8000,3086,1,2616,2929,0,705,39920,3245,3,52,1382,970,324,3,13819,7989,30346,0,0,654,8843,7640,11535,0,0,0,18,24,39,0,39601,30972,34389,2,0,0,317
120,3,0,1060761,benign,186,153,11108,0,8005,3092,1,2616,2929,0,701,39676,3245,3,52,1302,769,324,3,13517,7658,30326,0,0,654,8848,7685,11550,0,0,0,18,24,39,0,39803,31203,34449,2,0,0,317
121,9,13,1060746,benign,193,153,11133,0,8023,3085,1,2616,2929,0,697,39672,3245,3,52,1326,778,324,3,13539,7655,30364,0,0,654,8848,7658,11511,0,0,0,18,23,140,2,39713,31046,34499,2,0,0,317
122,3,6,1060745,benign,183,153,11156,0,8042,3090,1,2616,2929,0,692,39741,3245,3,53,1370,898,323,3,13423,7580,30349,0,0,654,8825,7636,11515,0,0,0,18,23,39,0,39347,31291,34768,2,0,0,317
123,7,19,1060759,benign,199,153,11147,0,8025,3086,1,2616,2929,0,703,39740,3245,3,52,1341,907,426,3,13508,7683,30401,0,0,654,8822,7671,11571,0,0,0,18,24,39,0,39544,31151,34401,2,0,0,317
124,4,11,1060737,benign,189,153,11127,0,8014,3092,1,2616,2929,0,705,39779,3245,3,51,1531,757,324,3,13300,7507,30263,0,0,654,8834,7689,11562,0,0,0,18,24,39,0,39554,31227,34484,2,0,0,317
125,8,8,1060731,benign,189,153,11134,0,8023,3094,1,2616,2929,0,694,39697,3245,3,52,1385,756,425,4,13608,7836,30373,0,0,654,8847,7679,11563,0,0,0,18,22,39,0,39532,31243,34734,2,0,0,317
126,7,12,1060745,benign,196,153,11116,0,8013,3097,1,2616,2929,0,692,39697,3245,3,52,1552,978,428,4,13829,7906,30363,0,0,654,8850,7673,11536,0,0,0,18,24,38,0,39614,30918,34119,2,0,0,317
127,2,5,1060759,benign,198,153,11107,0,7999,3080,1,2616,2929,0,681,39601,3245,3,52,1366,739,324,3,13963,8139,30396,0,0,654,8855,7708,11583,0,0,0,18,25,39,0,39465,31227,34489,2,0,0,317
128,7,5,1060731,benign,194,151,11107,0,8001,3084,1,2616,2929,0,714,39972,3245,3,53,1347,959,324,3,13606,7776,30330,0,0,654,8850,7683,11572,0,0,0,18,23,39,0,39758,30902,34338,2,0,0,317
129,2,19,1060751,benign,189,153,11122,0,8024,3088,1,2616,2929,0,695,39698,3245,3,52,1495,753,324,3,13503,7614,30324,0,0,654,8861,7669,11559,0,0,0,18,22,39,0,39638,30942,34207,2,0,0,368
130,2,21,1060746,benign,184,153,11111,0,8000,3079,1,2616,2929,0,705,39740,3245,3,52,1311,741,324,3,13498,7655,30343,0,0,654,8847,7685,11568,0,0,0,18,25,39,0,39398,30947,34223,2,0,0,317
131,6,21,1060762,benign,183,153,11128,0,8013,3080,1,2616,2929,0,694,39363,3245,3,51,1364,760,324,4,13531,7859,30336,0,0,654,8843,7684,11546,0,0,0,18,24,39,0,39520,31434,34682,2,0,0,317
132,1,3,1060760,benign,167,153,11153,0,8031,3085,1,2616,2929,0,695,39461,3245,3,52,1347,724,426,3,13478,7730,30350,0,0,654,8811,7653,11549,0,0,0,18,25,39,0,39415,31092,34527,2,0,0,317
133,9,17,1060743,benign,184,153,11097,0,7984,3082,1,2616,2929,0,689,39624,3245,3,53,1343,967,426,3,13728,7987,30395,0,0,654,8863,7663,11548,0,0,0,18,23,39,0,39436,31321,34743,2,0,0,317
134,7,27,1060724,benign,165,153,11108,0,7996,3081,1,2616,2929,0,700,39345,3245,3,53,1360,947,324,3,13406,7515,30326,0,0,654,8819,7676,11540,0,0,0,18,24,143,2,39530,30860,34311,2,0,0,317
135,4,0,1060767,benign,187,154,11114,1,7998,3082,1,2616,2929,0,688,39366,3245,3,52,1348,805,436,4,13718,7873,30385,0,0,654,8822,7664,11551,0,0,0,18,24,43,2,39403,31390,34675,3,0,0,317
136,4,13,1060753,benign,192,153,11110,0,8005,3083,1,2616,2929,0,704,39647,3245,3,52,1334,759,324,4,13676,8050,30405,0,0,654,8847,7675,11569,0,0,0,18,22,39,0,39527,31204,34415,2,0,0,317
137,4,13,1060737,benign,197,153,11125,0,8006,3078,1,2616,2929,0,695,39582,3245,3,53,1582,932,324,3,13503,7754,30307,0,0,654,8828,7643,11536,0,0,0,18,23,39,0,39865,30878,34135,2,0,0,317
138,5,11,1060723,benign,191,153,11107,0,7995,3083,1,2616,2929,0,696,39521,3245,3,52,1349,699,324,3,13544,7617,30242,0,0,654,8837,7657,11530,0,0,0,18,22,39,0,39632,31047,34393,2,0,0,317
139,9,21,1060737,benign,191,153,11124,0,8005,3095,1,2616,2929,0,688,39370,3245,3,52,1534,782,324,4,14095,8110,30415,0,0,654,8851,7671,11537,0,0,0,18,23,39,0,39665,30930,34357,2,0,0,317
140,8,10,1060720,benign,166,153,11136,0,8025,3083,1,2616,2930,0,708,39491,3245,3,53,1501,726,324,3,13373,7591,30349,0,0,654,8840,7691,11554,0,0,0,18,24,39,0,39360,30654,33905,2,0,0,317
141,5,29,1060739,benign,191,153,11131,0,8023,3085,1,2616,2930,0,694,39532,3245,3,52,1347,768,324,3,13576,7606,30338,0,0,654,8859,7677,11571,0,0,0,18,24,39,0,39442,30922,34192,2,0,0,317
142,5,19,1060764,benign,165,153,11113,0,8002,3091,1,2616,2929,0,685,39119,3245,3,52,1563,828,323,3,13292,7456,30325,0,0,654,8854,7658,11568,0,0,0,18,24,39,0,39266,30725,33977,2,0,0,317
143,10,11,1060731,benign,188,153,11108,0,7991,3076,1,2616,2929,0,695,39499,3245,3,52,1288,837,324,3,13429,7592,30346,0,0,654,8862,7687,11565,0,0,0,18,24,39,0,39534,30861,34134,2,0,0,317
144,5,8,1060751,benign,186,153,11115,0,8008,3083,1,2616,2929,0,684,39449,3245,3,52,1363,715,324,3,13774,7814,30366,0,0,654,8901,7729,11546,0,0,0,18,24,39,0,39377,30985,34236,2,0,0,316
145,3,23,1060753,benign,188,153,11094,0,7982,3080,1,2616,2929,0,695,39409,3245,3,52,1354,693,324,3,13684,7811,30397,0,0,654,8853,7661,11562,0,0,0,19,25,41,0,39455,31243,34482,2,0,0,317
146,4,4,1060745,benign,195,152,11114,1,7997,3080,1,2616,2929,0,685,39473,3245,3,52,1435,754,333,3,13651,7707,30400,0,0,654,8823,7637,11524,0,0,0,18,24,48,2,39303,30905,34147,3,0,0,317
147,9,15,1060755,benign,187,153,11123,0,8020,3090,1,2616,2929,0,701,39704,3245,3,52,1338,935,324,3,13976,8271,30376,0,0,654,8846,7654,11495,0,0,0,18,24,39,0,39381,31075,34332,2,0,0,317
148,10,14,1060748,benign,168,153,11128,0,8018,3079,1,2616,2929,0,708,39637,3245,3,53,1393,745,427,4,13532,7816,30338,0,0,654,8875,7675,11562,0,0,0,18,21,39,0,39264,30843,34260,2,0,0,317
149,2,13,1060722,benign,189,153,11150,0,8041,3096,1,2616,2929,0,703,39607,3245,3,53,1363,717,324,3,13596,7880,30345,0,0,654,8842,7663,11536,0,0,0,18,25,39,0,39661,30932,34205,2,0,0,317
150,2,8,1060758,benign,191,151,11114,0,8007,3083,1,2616,2929,0,693,39448,3245,3,52,1373,705,426,3,13910,8210,30345,0,0,654,8829,7668,11563,0,0,0,18,25,141,2,39522,31035,34373,2,0,0,317
151,7,1,1060744,benign,166,153,11124,0,8010,3085,1,2616,2929,0,695,39410,3245,3,53,1326,756,426,3,13512,7830,30372,0,0,654,8836,7666,11543,0,0,0,18,23,39,0,39139,30741,34212,2,0,0,317
152,3,25,1060747,benign,186,153,11114,0,8003,3076,1,2616,2929,0,686,39605,3245,3,52,1353,738,324,3,13499,7690,30307,0,0,654,8835,7685,11526,0,0,0,18,23,39,0,39557,31159,34607,2,0,0,317
153,10,9,1060734,benign,188,153,11134,0,8027,3090,1,2616,2929,0,698,39722,3245,3,52,1331,771,324,3,13626,7785,30377,0,0,654,8868,7678,11552,0,0,0,18,24,39,0,39696,31044,34315,2,0,0,317
154,10,19,1060759,benign,195,153,11115,0,8003,3083,1,2616,2929,0,693,39417,3245,3,52,1313,765,324,3,13965,7970,30274,0,0,654,8838,7660,11525,0,0,0,18,23,39,0,39411,31303,34552,2,0,0,317
155,9,21,1060767,benign,187,153,11118,0,8009,3080,1,2616,2929,0,696,39482,3245,3,52,1362,800,426,3,13380,7573,30307,0,0,654,8835,7656,11567,0,0,0,18,23,39,0,39499,30893,34277,2,0,0,317
156,2,10,1060767,benign,186,153,11104,0,7995,3085,1,2616,2929,0,687,39643,3245,3,52,1361,737,324,3,13830,8216,30362,0,0,654,8859,7645,11530,0,0,0,18,23,39,0,39627,31088,34523,2,0,0,317
157,1,13,1060723,SDC,198,155,10875,1,7859,3011,1,2548,2847,0,681,38840,3147,3,53,1461,763,413,3,13609,7679,29711,0,0,638,8591,7447,11292,0,0,0,18,22,134,3,38776,30194,33439,3,0,0,317
158,8,24,1060728,benign,165,151,11138,0,8024,3084,1,2616,2929,0,701,39347,3245,3,53,1528,719,324,3,13289,7455,30396,0,0,654,8845,7665,11527,0,0,0,18,23,33,0,39180,30747,34060,2,0,0,317
159,7,12,1060744,benign,168,153,11107,0,7998,3092,1,2616,2929,0,713,39485,3245,3,53,1347,754,324,3,13551,7614,30386,0,0,654,8855,7665,11521,0,0,0,18,24,39,0,39161,30809,34059,2,0,0,317
160,8,31,1060747,benign,186,153,11130,0,8026,3090,1,2616,2929,0,700,39591,3245,3,51,1422,719,421,3,13524,7807,30322,0,0,654,8858,7667,11545,0,0,0,18,24,39,0,39307,31211,34450,2,0,0,316
161,2,12,1060730,benign,189,153,11128,0,8007,3089,1,2616,2929,0,677,39203,3245,3,52,1303,743,324,4,13704,7755,30288,0,0,654,8827,7630,11573,0,0,0,18,24,39,0,39552,30897,34151,2,0,0,317
162,4,19,1060756,benign,166,153,11137,0,8030,3091,1,2616,2929,0,701,39370,3245,3,52,1455,768,324,3,13669,7947,30246,0,0,654,8836,7707,11587,0,0,0,18,24,39,0,39437,30895,34174,2,0,0,317
163,8,15,1060729,benign,187,153,11092,0,7987,3080,1,2616,2929,0,703,39666,3245,3,52,1395,722,426,3,13685,7873,30311,0,0,654,8852,7673,11574,0,0,0,18,23,39,0,39463,31159,34386,2,0,0,317
164,7,24,1060725,benign,187,151,11110,0,7999,3084,1,2616,2929,0,690,39475,3245,3,52,1408,784,425,3,13666,7848,30316,0,0,654,8860,7672,11547,0,0,0,18,25,39,0,39361,30761,34006,2,0,0,317
165,7,27,1060728,benign,166,153,11108,0,8003,3085,1,2616,2929,0,699,39252,3245,3,53,1340,742,324,4,13252,7386,30342,0,0,654,8848,7706,11579,0,0,0,18,22,39,0,39142,30745,34216,2,0,0,317
166,10,29,1060720,benign,165,153,11127,0,8018,3086,1,2616,2930,0,694,39428,3245,3,52,1381,759,426,4,13509,7571,30282,0,0,654,8816,7666,11558,0,0,0,18,23,39,0,39243,30872,34220,2,0,0,317
167,4,31,1060725,benign,188,153,11141,0,8034,3092,1,2616,2929,0,697,39679,3245,3,51,1358,731,426,4,13513,7752,30386,0,0,654,8864,7707,11582,0,0,0,18,24,39,0,39609,31237,34675,2,0,0,317
168,3,3,1060721,benign,193,153,11130,0,8022,3088,1,2616,2929,0,693,39647,3245,3,52,1321,731,424,3,13454,7572,30296,0,0,654,8862,7683,11562,0,0,0,18,24,39,0,39315,30945,34203,2,0,0,317
169,9,30,1060764,benign,166,153,11119,0,8009,3082,1,2616,2929,0,688,39366,3245,3,53,1483,959,324,3,13491,7448,30344,0,0,654,8846,7658,11519,0,0,0,18,23,39,0,39353,30865,34119,2,0,0,317
170,4,25,1060761,benign,184,153,11120,0,8013,3083,1,2616,2929,0,702,39594,3245,3,52,1349,772,324,3,13629,7713,30382,0,0,654,8826,7679,11556,0,0,0,18,23,38,0,39597,30875,34139,2,0,0,317
171,7,11,1060747,benign,195,153,11156,0,8050,3090,1,2616,2929,0,707,39671,3245,3,53,1503,747,324,4,13571,7762,30230,0,0,654,8863,7690,11553,0,0,0,18,24,39,0,39438,31171,34447,2,0,0,317
172,6,19,1060758,benign,185,151,11128,0,8020,3087,1,2616,2929,0,701,39641,3245,3,52,1357,815,324,3,13787,8017,30268,0,0,654,8835,7665,11530,0,0,0,18,24,39,0,39768,31058,34490,2,0,0,375
173,1,8,1060746,benign,190,153,11132,0,8016,3081,1,2616,2929,0,710,39659,3245,3,52,1555,794,426,3,13483,7665,30331,0,0,654,8867,7674,11569,0,0,0,18,25,38,0,39424,31182,34657,2,0,0,317
174,5,30,1060734,benign,187,153,11160,0,8037,3087,1,2616,2929,0,691,39554,3245,3,53,1587,852,324,4,13531,7480,30285,0,0,654,8854,7655,11530,0,0,0,18,24,39,0,39541,31111,34379,2,0,0,317
175,8,29,1060735,benign,196,151,11125,0,8010,3087,1,2616,2929,0,707,39661,3245,3,52,1511,704,324,3,13716,7839,30295,0,0,654,8854,7671,11532,0,0,0,18,24,39,0,39609,31013,34511,2,0,0,317
176,6,29,1060720,benign,165,151,11092,0,7988,3072,1,2616,2929,0,698,39417,3245,3,52,1390,920,426,3,13318,7496,30290,0,0,654,8852,7690,11558,0,0,0,18,23,141,2,39587,30662,33905,2,0,0,317
177,10,24,1060738,benign,188,153,11125,0,8007,3087,1,2616,2929,0,709,39629,3245,3,52,1518,775,425,4,13702,7931,30344,0,0,654,8839,7656,11493,0,0,0,18,23,39,0,39398,31161,34445,2,0,0,317
178,6,14,1060724,benign,166,153,11136,0,8026,3095,1,2616,2929,0,684,39291,3245,3,53,1361,725,324,3,13188,7351,30373,0,0,654,8843,7657,11530,0,0,0,18,25,39,0,39533,30721,33968,2,0,0,317
179,8,12,1060727,benign,189,153,11106,0,7999,3085,1,2616,2929,0,684,39407,3245,3,52,1504,827,417,3,13431,7660,30305,0,0,654,8857,7651,11525,0,0,0,18,24,39,0,39547,31116,34402,2,0,0,317
180,2,14,1060745,benign,186,151,11131,0,8021,3075,1,2616,2929,0,696,39471,3245,3,53,1541,718,324,4,13615,7824,30325,0,0,654,8835,7671,11549,0,0,0,18,23,39,0,39603,30998,34277,2,0,0,317
181,5,26,1060749,benign,192,153,11115,0,7995,3070,1,2616,2929,0,695,39518,3245,3,52,1307,1013,324,3,13720,7847,30352,0,0,654,8844,7659,11518,0,0,0,18,23,39,0,39603,30970,34231,2,0,0,317
182,8,22,1060749,benign,186,153,11152,0,8042,3094,1,2616,2929,0,688,39385,3245,3,53,1337,752,324,3,13605,7758,30315,0,0,654,8851,7677,11538,0,0,0,18,23,132,2,39816,30941,34226,2,0,0,317
183,3,18,1060767,benign,186,154,11131,0,8021,3093,1,2616,2929,1,698,39622,3245,3,53,1317,724,324,4,13872,7956,30431,0,0,654,8863,7662,11538,0,0,0,18,22,39,0,39655,30974,34255,2,0,0,317
184,7,23,1060728,benign,165,153,11114,0,8003,3083,1,2616,2929,0,701,39271,3245,3,51,1506,734,324,3,13425,7694,30369,0,0,654,8845,7657,11518,0,0,0,18,22,39,0,39208,30787,34090,2,0,0,317
185,6,29,1060768,benign,168,153,11147,0,8041,3102,1,2616,2929,0,693,39187,3245,3,52,1655,734,417,3,13297,7541,30351,0,0,654,8850,7671,11544,0,0,0,18,25,39,0,39175,30713,33983,2,0,0,317
186,3,0,1060762,benign,186,151,11140,0,8033,3089,1,2616,2929,0,698,39600,3245,3,52,1539,780,324,3,13532,7738,30367,0,0,654,8851,7670,11538,0,0,0,18,22,140,2,39750,31156,34432,2,0,0,317
187,7,4,1060738,benign,193,153,11154,0,8038,3083,1,2616,2929,0,702,39757,3245,3,52,1455,758,324,3,13672,7609,30390,0,0,654,8873,7670,11548,0,0,0,18,24,39,0,39532,30976,34240,2,0,0,317
188,3,15,1060736,SDC,170,153,10896,0,7851,3022,1,2555,2854,1,693,38670,3156,3,53,1582,736,324,3,13343,7676,29700,0,0,640,8595,7462,11319,0,0,0,18,24,39,0,38865,30248,33734,2,0,0,316
189,6,26,1060765,benign,184,153,11115,0,8008,3085,1,2616,2929,0,690,39557,3245,3,52,1550,766,324,3,13571,7819,30339,0,0,654,8840,7654,11543,0,0,0,18,24,39,0,39668,31039,34324,2,0,0,317
190,1,2,1060768,benign,169,153,11135,0,8017,3085,1,2616,2929,0,689,39313,3245,3,53,1524,766,324,3,13685,7733,30342,0,0,654,8844,7650,11512,0,0,0,18,24,39,0,39481,30998,34276,2,0,0,317
191,4,19,1060743,benign,188,153,11141,0,8032,3079,1,2616,2929,0,698,39872,3245,3,52,1357,716,635,3,13913,7960,30349,0,0,654,8840,7676,11557,0,0,0,18,24,39,0,39548,31131,34383,2,0,0,317
192,8,7,1060763,benign,188,153,11104,0,7992,3079,1,2616,2929,0,696,39396,3245,3,52,1402,766,426,4,13738,7778,30433,0,0,654,8840,7677,11538,0,0,0,18,22,141,2,39705,31212,34471,2,0,0,317
193,2,19,1060720,benign,166,153,11153,0,8046,3099,1,2616,2929,0,690,39365,3245,3,53,1367,727,324,3,13209,7373,30363,0,0,654,8861,7656,11561,0,0,0,18,24,39,0,39135,30678,33970,2,0,0,317
194,5,20,1060742,benign,188,153,11108,0,7998,3078,1,2616,2929,0,696,39379,3245,3,52,1357,797,323,4,13692,7874,30294,0,0,654,8832,7698,11553,0,0,0,18,24,142,2,39677,30906,34174,2,0,0,317
195,1,6,1060725,SDC,189,155,10852,1,7826,3014,1,2555,2854,0,703,39188,3156,3,54,1283,809,409,4,13547,7772,29668,0,0,640,8644,7471,11338,0,0,0,18,22,216,5,39278,30719,34014,3,0,0,317
196,8,1,1060741,benign,193,151,11141,0,8033,3085,1,2616,2929,0,692,39476,3245,3,52,1375,787,427,3,13459,7601,30259,0,0,654,8900,7712,11552,0,0,0,18,24,39,0,39443,30807,34088,2,0,0,317
197,2,18,1060756,benign,166,153,11112,0,8010,3077,1,2616,2929,0,699,39502,3245,3,53,1324,957,324,4,13349,7518,30265,0,0,654,8846,7654,11513,0,0,0,18,23,39,0,39597,31099,34561,2,0,0,317
198,6,29,1060746,benign,186,153,11143,0,8037,3082,1,2616,2929,0,701,39610,3245,3,52,1356,785,324,3,13357,7524,30325,0,0,654,8832,7700,11566,0,0,0,18,24,39,0,39596,30907,34265,2,0,0,317
199,6,17,1060735,benign,192,153,11149,0,8028,3083,1,2616,2929,0,689,39378,3245,3,52,1313,802,428,3,13474,7595,30329,0,0,654,8841,7661,11504,0,0,0,18,23,39,0,39516,31404,34660,2,0,0,317
200,2,22,1060758,benign,197,151,11148,0,8038,3077,1,2616,2929,0,699,39773,3245,3,52,1527,720,324,3,13596,7984,30364,0,0,654,8852,7668,11546,0,0,0,18,24,39,0,39407,31081,34321,2,0,0,317
201,6,30,1060765,benign,188,153,11124,0,8017,3088,1,2616,2929,0,691,39602,3245,3,52,1359,990,600,3,13856,8135,30374,0,0,654,8844,7692,11567,0,0,0,18,25,38,0,39392,30989,34245,2,0,0,317
202,2,30,1060721,benign,190,153,11154,0,8043,3079,1,2616,2929,0,692,39243,3245,3,52,1497,758,324,4,13592,7880,30421,0,0,654,8851,7654,11522,0,0,0,18,23,39,0,39634,31147,34604,2,0,0,317
203,10,5,1060763,benign,193,153,11127,0,8021,3081,1,2616,2929,0,692,39460,3245,3,51,1408,769,426,3,13817,8048,30336,0,0,654,8896,7720,11528,0,0,0,18,21,39,0,39739,30988,34209,2,0,0,317
204,5,28,1060753,benign,191,153,11110,0,8004,3079,1,2616,2929,0,684,39566,3245,3,52,1329,773,324,3,13517,7784,30285,0,0,654,8865,7659,11509,0,0,0,18,23,39,0,39742,30904,34146,2,0,0,317
205,9,10,1060743,benign,190,153,11107,0,7998,3099,1,2616,2929,0,683,39366,3245,3,52,1501,708,323,4,13628,7779,30288,0,0,654,8848,7686,11536,0,0,0,18,24,141,2,39578,31278,34535,2,0,0,317
206,8,29,1060721,benign,188,153,11140,0,8027,3090,1,2616,2929,0,692,39563,3245,3,54,1362,735,324,4,13768,8052,30380,0,0,654,8827,7660,11548,0,0,0,18,23,38,0,39474,31422,34672,2,0,0,317
207,6,23,1060726,benign,184,153,11117,0,8008,3082,1,2616,2929,0,691,39616,3245,3,52,1415,780,324,3,13428,7597,30344,0,0,654,8857,7656,11487,0,0,0,18,24,39,0,39584,31470,34726,2,0,0,317
208,5,15,1060739,benign,182,153,11123,0,8005,3094,1,2616,2929,0,696,39991,3245,3,53,1366,958,324,3,13532,7810,30330,0,0,654,8836,7679,11533,0,0,0,18,25,39,0,39460,31196,34467,2,0,0,317
209,4,23,1060723,benign,184,151,11122,0,8018,3076,1,2616,2929,0,703,40025,3245,3,51,1348,827,324,4,13593,7792,30317,0,0,654,8857,7654,11526,0,0,0,18,21,39,0,39664,30817,34049,2,0,0,317
210,4,25,1060722,benign,185,153,11152,0,8045,3090,1,2616,2929,0,696,39764,3245,3,53,1654,757,426,3,13751,7752,30354,0,0,654,8845,7662,11507,0,0,0,18,24,39,0,39558,30942,34221,2,0,0,317
211,4,30,1060739,benign,184,153,11136,0,8024,3087,1,2616,2929,0,695,39819,3245,3,52,1351,758,531,3,13636,7746,30360,0,0,654,8848,7653,11538,0,0,0,18,23,39,0,39355,31049,34287,2,0,0,317
212,9,8,1060728,benign,168,153,11124,0,8013,3080,1,2616,2929,0,691,39321,3245,3,52,1351,747,324,3,13437,7611,30333,0,0,654,8861,7682,11539,0,0,0,18,24,39,0,39009,30987,34228,2,0,0,316
213,1,15,1060731,SDC,186,153,10871,0,7837,3018,1,2548,2847,0,669,38964,3147,3,55,1295,814,568,3,13643,7840,29679,0,0,638,8601,7448,11297,0,0,0,18,23,129,5,39286,30455,33746,3,0,0,317
214,3,6,1060731,benign,197,153,11115,0,8015,3084,1,2616,2929,0,695,39547,3245,3,53,1538,729,324,3,13661,7811,30450,0,0,654,8874,7654,11528,0,0,0,18,23,39,0,39338,31173,34434,2,0,0,316
0,10,23,1060761,benign,123,27,11109,0,8003,3080,1,2616,2929,0,693,39461,3245,3,52,1323,740,324,3,13603,7829,30279,0,0,654,8825,7690,11554,0,0,0,19,28,41,0,39603,31272,34552,2,0,0,317
1,9,1,1060745,benign,188,151,11145,0,8029,3083,1,2616,2929,0,706,40009,3245,3,52,1356,965,324,3,13600,7798,30360,0,0,654,8831,7681,11567,0,0,0,18,24,39,0,39512,31051,34282,2,0,0,317
2,7,13,1060723,benign,187,153,11153,0,8044,3091,1,2616,2929,0,697,39692,3245,3,52,1427,776,425,3,13616,7763,30258,0,0,654,8870,7655,11528,0,0,0,19,28,41,0,39982,30964,34218,2,0,0,317
3,9,3,1060732,benign,166,153,11143,0,8034,3092,1,2616,2929,0,714,39438,3245,3,52,1319,789,324,4,13525,7773,30353,0,0,654,8852,7685,11546,0,0,0,18,23,39,0,39507,30882,34141,2,0,0,317
4,6,20,1060764,benign,165,153,11152,0,8033,3080,1,2616,2929,0,692,39521,3245,3,52,1369,986,425,3,13500,7695,30302,0,0,654,8831,7674,11572,0,0,0,18,25,39,0,39439,30971,34225,2,0,0,316
5,4,30,1060765,benign,184,153,11128,0,8017,3073,1,2616,2929,0,693,39632,3245,3,52,1540,756,426,3,13670,7850,30381,0,0,654,8831,7661,11520,0,0,0,18,24,39,0,39497,31056,34487,2,0,0,317
6,2,23,1060744,benign,166,153,11132,0,8016,3082,1,2616,2929,0,698,39557,3245,3,52,1346,1007,324,3,13300,7549,30319,0,0,654,8822,7666,11566,0,0,0,18,24,39,0,39501,30871,34085,2,0,0,317
7,4,12,1060764,benign,167,153,11125,0,8017,3088,1,2616,2929,0,700,39776,3245,3,53,1350,741,324,3,13557,7604,30327,0,0,654,8841,7684,11552,0,0,0,19,26,41,0,39271,30753,34007,2,0,0,317
8,3,15,1060730,benign,185,153,11113,0,8018,3080,1,2616,2929,0,689,39553,3245,3,52,1376,744,324,3,13568,7911,30390,0,0,654,8858,7673,11551,0,0,0,18,22,39,0,39362,31008,34317,2,0,0,317
9,7,17,1060753,benign,192,153,11155,0,8040,3079,1,2616,2929,0,691,39488,3245,3,53,1334,755,324,4,13830,7825,30336,0,0,654,8870,7664,11527,0,0,0,18,23,39,0,39540,30922,34220,2,0,0,317
10,1,29,1060764,benign,168,153,11153,0,8031,3092,1,2616,2929,0,695,39658,3245,3,53,1313,770,324,3,13445,7590,30353,0,0,654,8852,7685,11584,0,0,0,18,23,39,0,39596,30931,34374,2,0,0,317
11,8,14,1060752,benign,166,151,11144,0,8032,3082,1,2616,2929,0,697,39392,3245,3,53,1347,765,324,3,13367,7642,30371,0,0,654,8849,7671,11551,0,0,0,19,28,41,0,39427,31029,34286,2,0,0,317
12,1,15,1060726,SDC,187,154,10856,0,7829,3019,1,2548,2847,0,690,39125,3147,3,55,1412,905,517,3,13482,7639,29567,0,0,638,8589,7439,11294,0,0,0,18,24,131,3,39306,30616,33867,3,0,0,317
13,5,21,1060723,benign,188,153,11084,0,7980,3077,1,2616,2929,0,692,39594,3245,3,52,1516,717,324,3,13469,7787,30361,0,0,654,8842,7699,11569,0,0,0,18,22,39,0,39522,31146,34601,2,0,0,317
14,8,24,1060721,benign,190,153,11129,0,8025,3083,1,2616,2929,0,698,39635,3245,3,52,1329,794,426,4,13822,7828,30410,0,0,654,8863,7653,11535,0,0,0,18,24,33,0,39621,30914,34244,2,0,0,317
15,6,16,1060749,benign,191,151,11141,0,8033,3079,1,2616,2929,0,695,39604,3245,3,52,1363,780,428,3,13807,7762,30377,0,0,654,8859,7654,11541,0,0,0,18,24,39,0,39361,30967,34396,2,0,0,317
16,7,0,1060731,benign,185,153,11137,0,8027,3091,1,2616,2929,0,693,39520,3245,3,52,1347,961,324,3,13385,7580,30356,0,0,654,8854,7675,11539,0,0,0,18,25,39,0,39297,30970,34208,2,0,0,368
17,10,19,1060751,benign,191,153,11122,0,8008,3083,1,2616,2929,0,700,39571,3245,3,52,1299,732,323,3,13696,7825,30380,0,0,654,8851,7673,11545,0,0,0,18,24,39,0,39354,30999,34265,2,0,0,317
18,8,0,1060763,benign,188,153,11146,0,8025,3082,1,2616,2929,0,698,39622,3245,3,52,1285,791,324,3,13765,7909,30384,0,0,654,8858,7687,11567,0,0,0,18,25,39,0,39948,30907,34126,2,0,0,317
19,3,21,1060761,benign,191,153,11137,0,8026,3077,1,2616,2929,0,689,39478,3245,3,52,1349,870,324,3,13720,7723,30294,0,0,654,8862,7653,11534,0,0,0,18,24,39,0,39284,30945,34207,2,0,0,317
20,5,26,1060758,benign,192,153,11139,0,8029,3084,1,2616,2929,0,691,39701,3245,3,52,1357,715,324,3,13913,7890,30459,0,0,654,8822,7675,11578,0,0,0,18,24,39,0,39521,31022,34423,2,0,0,317
21,5,21,1060720,benign,165,153,11114,0,8002,3077,1,2616,2929,0,701,39361,3245,3,52,1370,725,324,3,13422,7453,30213,0,0,654,8851,7687,11551,0,0,0,18,24,39,0,39329,31017,34278,2,0,0,317
22,10,14,1060728,benign,167,153,11139,0,8032,3087,1,2616,2929,0,703,39303,3245,3,52,1364,945,324,3,13377,7286,30261,0,0,654,8813,7681,11542,0,0,0,18,24,33,0,39416,30946,34206,2,0,0,317
23,10,8,1060759,benign,187,151,11149,0,8037,3090,1,2616,2929,0,698,39624,3245,3,53,1521,762,324,3,13645,7852,30386,0,0,654,8848,7629,11505,0,0,0,18,24,39,0,39721,31254,34539,2,0,0,317
24,5,28,1060753,benign,185,153,11121,0,8007,3080,1,2616,2929,0,707,39667,3245,3,52,1339,768,324,3,13561,7709,30402,0,0,654,8852,7655,11540,0,0,0,18,22,39,0,39614,31175,34449,2,0,0,317
25,4,3,1060751,benign,198,154,11114,1,7998,3073,1,2616,2929,0,691,39722,3245,3,52,1600,720,332,3,13432,7627,30245,0,0,654,8855,7667,11530,0,0,0,18,24,61,1,39448,31044,34386,3,0,0,317
26,3,17,1060722,benign,183,153,11095,0,7990,3069,1,2616,2930,0,693,39615,3245,3,53,1441,789,425,4,13549,7765,30272,0,0,654,8852,7684,11546,0,0,0,18,23,39,0,39508,30882,34128,2,0,0,317
27,10,5,1060730,benign,192,153,11123,0,8010,3080,1,2616,2929,0,677,39317,3245,3,53,1455,770,324,4,13491,7684,30444,0,0,654,8849,7669,11536,0,0,0,18,22,38,0,39632,30853,34116,2,0,0,317
28,5,23,1060758,benign,191,153,11134,0,8009,3086,1,2616,2929,0,684,39588,3245,3,52,1341,957,324,3,13749,7837,30417,0,0,654,8837,7695,11566,0,0,0,18,25,143,2,39559,30834,34116,2,0,0,317
29,5,9,1060753,benign,187,153,11153,0,8043,3089,1,2616,2929,0,687,39543,3245,3,53,1348,715,324,3,13586,7833,30224,0,0,654,8851,7655,11536,0,0,0,18,23,39,0,39648,31125,34361,2,0,0,317
30,8,4,1060744,benign,167,151,11154,0,8036,3079,1,2616,2929,0,698,39678,3245,3,52,1314,732,428,4,13541,7719,30347,0,0,654,8834,7662,11544,0,0,0,18,25,39,0,39423,30700,33969,2,0,0,317
31,10,1,1060741,benign,193,153,11116,0,8006,3085,1,2616,2929,0,701,39626,3245,3,52,1573,766,324,3,13624,7752,30345,0,0,654,8836,7672,11532,0,0,0,18,24,33,0,39801,31040,34294,2,0,0,317
32,9,16,1060722,benign,189,153,11124,0,8016,3089,1,2616,2929,0,692,39670,3245,3,52,1458,748,324,3,13331,7487,30306,0,0,654,8844,7666,11534,0,0,0,18,24,39,0,39502,30951,34233,2,0,0,317
33,2,3,1060743,benign,183,153,11144,0,8035,3092,1,2616,2929,0,697,39516,3245,3,51,1478,777,324,3,13723,7786,30414,0,0,654,8850,7663,11561,0,0,0,18,23,39,0,39437,31344,34638,2,0,0,317
34,10,26,1060754,benign,197,153,11112,0,8003,3094,1,2616,2929,0,689,39329,3245,3,52,1538,826,426,4,13582,7747,30359,0,0,654,8843,7668,11544,0,0,0,18,23,39,0,39573,31152,34404,2,0,0,317
35,4,18,1060742,benign,189,153,11108,0,8000,3093,1,2616,2929,0,693,39537,3245,3,51,1365,1026,324,3,13411,7545,30306,0,0,654,8835,7646,11553,0,0,0,18,23,140,2,39990,30930,34161,2,0,0,317
36,4,13,1060721,benign,192,153,11108,0,7999,3076,1,2616,2929,0,689,39416,3245,3,52,1566,694,428,4,13647,7740,30311,0,0,654,8853,7679,11539,0,0,0,18,23,39,0,39779,31018,34300,2,0,0,317
37,9,21,1060731,benign,191,153,11109,0,7994,3079,1,2616,2929,0,709,39865,3245,3,53,1565,750,428,3,13885,7623,30269,0,0,654,8825,7654,11558,0,0,0,18,24,39,0,39757,30703,34078,2,0,0,317
38,8,1,1060747,benign,186,153,11151,0,8046,3087,1,2616,2929,0,692,39335,3245,3,52,1296,814,324,3,13539,7630,30271,0,0,654,8818,7687,11554,0,0,0,18,23,141,2,39489,31081,34489,2,0,0,317
39,10,19,1060762,benign,189,153,11123,0,8008,3088,1,2616,2929,0,696,39409,3245,3,52,1562,702,324,3,13801,7991,30343,0,0,654,8854,7671,11559,0,0,0,18,23,38,0,39591,31087,34340,2,0,0,317
40,5,3,1060731,benign,201,153,11135,0,8031,3087,1,2616,2929,0,693,39417,3245,3,52,1360,995,324,4,13769,7912,30288,0,0,654,8841,7668,11538,0,0,0,18,23,39,0,39460,31092,34368,2,0,0,317
41,8,25,1060760,benign,166,153,11142,0,8029,3081,1,2616,2929,0,708,39676,3245,3,52,1348,750,324,3,13522,7660,30347,0,0,654,8825,7621,11515,0,0,0,18,25,39,0,39090,31026,34373,2,0,0,317
42,10,6,1060750,benign,189,153,11130,0,8016,3089,1,2616,2929,0,716,39659,3245,3,52,1327,754,324,4,13512,7866,30373,0,0,654,8811,7683,11573,0,0,0,18,24,142,2,39838,30973,34456,2,0,0,317
43,3,29,1060754,benign,189,153,11107,0,7996,3086,1,2616,2929,0,712,39802,3245,3,52,1387,826,324,4,13626,7885,30362,0,0,654,8844,7664,11514,0,0,0,18,23,38,0,39590,30781,34022,2,0,0,317
44,6,21,1060723,benign,183,153,11150,0,8039,3094,1,2616,2929,0,693,39532,3245,3,52,1335,711,324,4,13835,8124,30265,0,0,654,8848,7684,11555,0,0,0,18,24,39,0,39616,30909,34162,2,0,0,317
45,8,30,1060764,benign,166,153,11141,0,8031,3086,1,2616,2930,0,702,39475,3245,3,52,1345,932,324,3,13307,7554,30265,0,0,654,8859,7642,11553,0,0,0,18,23,39,0,39535,30969,34203,2,0,0,317
46,5,29,1060765,benign,193,153,11183,0,8070,3103,1,2616,2929,0,697,39791,3245,3,52,1348,745,324,4,13565,7712,30381,0,0,654,8879,7649,11529,0,0,0,18,23,282,2,39757,31193,34457,2,0,0,317
47,5,20,1060768,benign,169,153,11094,0,7987,3068,1,2616,2929,0,697,39391,3245,3,53,1410,722,426,3,13622,7700,30305,0,0,654,8838,7697,11587,0,0,0,18,25,39,0,39508,30765,34193,2,0,0,317
48,3,19,1060721,benign,184,153,11131,0,8014,3086,1,2616,2929,0,692,39734,3245,3,53,1318,731,424,3,13658,7763,30407,0,0,654,8877,7670,11528,0,0,0,18,24,39,0,39496,31102,34337,2,0,0,317
49,8,8,1060736,benign,167,153,11121,0,8011,3087,1,2616,2929,0,692,39428,3245,3,51,1337,789,324,3,13263,7373,30361,0,0,654,8845,7684,11563,0,0,0,18,23,38,0,39518,30946,34364,2,0,0,317
50,3,25,1060742,SDC,187,157,10905,0,7876,3026,1,2548,2848,0,682,38834,3174,3,56,1394,963,324,4,13747,7916,29867,0,0,640,8658,7503,11344,0,0,0,18,23,38,0,38810,30858,34110,2,0,0,317
51,7,27,1060720,benign,166,153,11131,0,8021,3079,1,2616,2929,0,697,39477,3245,3,52,1353,916,426,3,13397,7641,30231,0,0,654,8845,7672,11539,0,0,0,18,24,39,0,39081,30812,34088,2,0,0,317
52,1,27,1060751,benign,190,153,11143,0,8027,3084,1,2616,2929,0,696,39454,3245,3,53,1391,922,428,3,13777,7856,30342,0,0,654,8846,7671,11536,0,0,0,18,23,39,0,39422,31221,34639,2,0,0,317
53,5,12,1060727,benign,187,153,11132,0,8012,3079,1,2616,2929,0,696,39449,3245,3,52,1321,769,324,3,13961,8216,30406,0,0,654,8855,7664,11548,0,0,0,18,25,39,0,39344,31207,34445,2,0,0,317
54,7,10,1060731,benign,198,153,11109,0,7999,3070,1,2616,2929,0,685,39552,3245,3,52,1531,703,324,3,13554,7849,30322,0,0,654,8849,7680,11556,0,0,0,18,25,39,0,39360,30999,34261,2,0,0,317
55,2,1,1060739,benign,185,153,11157,0,8043,3090,1,2616,2929,0,689,39538,3245,3,53,1354,758,323,3,13809,7781,30382,0,0,654,8869,7656,11549,0,0,0,18,24,39,0,39574,31005,34262,2,0,0,317
56,1,28,1060756,benign,167,153,11133,0,8016,3076,1,2616,2929,0,677,39237,3245,3,52,1356,788,324,3,13581,7750,30268,0,0,654,8855,7645,11507,0,0,0,18,24,143,2,39500,30789,34014,2,0,0,317
57,4,13,1060755,benign,186,153,11116,0,8005,3085,1,2616,2929,0,699,39580,3245,3,52,1483,714,324,3,13613,7892,30399,0,0,654,8862,7676,11547,0,0,0,18,23,39,0,39423,30953,34154,2,0,0,317
58,6,12,1060723,benign,200,153,11116,0,8003,3090,1,2616,2929,0,693,39370,3245,3,52,1332,768,540,4,13423,7583,30324,0,0,654,8844,7685,11567,0,0,0,18,25,39,0,39533,30862,34275,2,0,0,317
59,3,11,1060730,benign,190,153,11144,0,8035,3083,1,2616,2929,0,693,39607,3245,3,53,1612,714,426,3,13696,7767,30381,0,0,654,8825,7667,11539,0,0,0,18,25,39,0,39403,31107,34327,2,0,0,317
60,4,23,1060754,benign,196,153,11122,0,8013,3074,1,2616,2929,0,696,39488,3245,3,51,1378,725,323,3,13505,7635,30307,0,0,654,8855,7667,11524,0,0,0,18,24,141,2,39993,31188,34475,2,0,0,317
61,7,3,1060734,benign,192,153,11170,0,8048,3085,1,2616,2929,0,704,39922,3245,3,52,1523,740,324,4,13661,7807,30329,0,0,654,8873,7669,11543,0,0,0,18,24,39,0,39520,30926,34175,2,0,0,317
62,9,31,1060753,benign,199,153,11108,0,7999,3092,1,2616,2929,0,694,39447,3245,3,52,1386,714,324,3,13651,7670,30246,0,0,654,8845,7644,11497,0,0,0,18,22,39,0,39401,31121,34382,2,0,0,317
63,1,20,1060751,benign,199,153,11132,0,8017,3080,1,2616,2929,0,694,39757,3245,3,52,1428,698,426,3,13705,7929,30334,0,0,654,8824,7701,11546,0,0,0,18,25,39,0,39491,31254,34542,2,0,0,317
64,8,9,1060737,benign,189,151,11161,0,8052,3088,1,2616,2929,0,694,39532,3245,3,52,1361,981,324,3,13791,7988,30477,0,0,654,8864,7677,11536,0,0,0,18,22,39,0,39339,31279,34549,2,0,0,317
65,6,23,1060730,benign,196,153,11107,0,8005,3088,1,2616,2929,0,694,39431,3245,3,52,1295,720,324,3,13717,8103,30458,0,0,654,8828,7664,11550,0,0,0,18,24,39,0,39530,30856,34097,2,0,0,317
66,8,21,1060764,benign,166,153,11141,0,8025,3086,1,2616,2929,0,693,39523,3245,3,53,1352,735,324,3,13190,7398,30337,0,0,654,8859,7680,11560,0,0,0,18,24,39,0,39267,30790,34048,2,0,0,317
67,4,1,1060735,benign,190,154,11174,1,8057,3093,1,2616,2929,0,697,39764,3245,3,52,1292,780,333,4,13568,7740,30387,0,0,654,8856,7674,11544,0,0,0,18,25,48,2,39829,31058,34307,3,0,0,317
68,9,20,1060732,benign,166,153,11129,0,8015,3084,1,2616,2929,0,698,39369,3245,3,52,1329,751,426,3,13429,7582,30346,0,0,654,8864,7655,11526,0,0,0,18,25,39,0,39393,30872,34244,2,0,0,317
69,8,31,1060743,benign,193,153,11158,0,8048,3094,1,2616,2929,0,690,39645,3245,3,52,1373,749,324,4,13550,7675,30316,0,0,654,8852,7642,11529,0,0,0,18,24,139,2,39632,30921,34324,2,0,0,317
70,5,6,1060760,benign,164,151,11137,0,8023,3081,1,2616,2929,0,691,39163,3245,3,52,1361,727,426,3,13455,7757,30372,0,0,654,8855,7692,11561,0,0,0,18,25,141,2,39427,30838,34025,2,0,0,316
71,10,13,1060757,benign,182,153,11141,0,8030,3085,1,2616,2929,0,711,39738,3245,3,53,1329,759,323,3,13685,7991,30338,0,0,654,8827,7628,11515,0,0,0,18,22,39,0,39399,30784,34060,2,0,0,317
72,7,22,1060738,benign,191,153,11119,0,8007,3089,1,2616,2929,0,693,39446,3245,3,53,1294,767,324,3,13483,7750,30346,0,0,654,8825,7686,11558,0,0,0,18,21,39,0,39811,31191,34441,2,0,0,317
73,3,28,1060724,benign,166,153,11132,0,8016,3077,1,2616,2930,0,702,39385,3245,3,52,1470,728,324,3,13290,7542,30325,0,0,654,8836,7673,11514,0,0,0,18,24,39,0,39387,30758,34218,2,0,0,317
74,6,11,1060724,benign,165,153,11094,0,7996,3091,1,2616,2929,0,697,39207,3245,3,52,1291,795,425,3,13502,7619,30350,0,0,654,8846,7678,11542,0,0,0,18,24,39,0,39524,31150,34392,2,0,0,317
75,10,10,1060756,benign,167,153,11118,0,8015,3093,1,2616,2929,0,677,39169,3245,3,52,1368,737,324,3,13444,7393,30310,0,0,654,8836,7695,11547,0,0,0,18,24,39,0,39362,30845,34324,2,0,0,317
76,3,25,1060762,benign,187,151,11144,0,8033,3081,1,2616,2929,0,691,39507,3245,3,52,1336,943,324,3,13472,7632,30397,0,0,654,8845,7654,11508,0,0,0,18,23,39,0,39570,31257,34615,2,0,0,317
77,9,18,1060746,benign,191,153,11112,0,8008,3093,1,2616,2929,0,703,39740,3245,3,52,1452,793,324,3,13597,7817,30390,0,0,654,8829,7671,11555,0,0,0,18,22,39,0,39670,31046,34297,2,0,0,317
78,4,22,1060721,benign,189,153,11109,0,8002,3094,1,2616,2929,0,702,39677,3245,3,51,1342,753,324,3,13677,7796,30381,0,0,654,8866,7679,11538,0,0,0,18,24,39,0,39562,30860,34128,2,0,0,317
79,7,25,1060724,benign,166,153,11124,0,8011,3084,1,2616,2929,0,697,39567,3245,3,52,1591,730,324,3,13184,7452,30352,0,0,654,8841,7675,11556,0,0,0,18,24,38,0,39169,31065,34304,2,0,0,317
80,4,10,1060768,benign,166,153,11134,1,8023,3083,1,2616,2929,0,676,39233,3245,3,52,1593,742,324,3,13346,7628,30346,0,0,654,8844,7635,11550,0,0,0,18,25,39,0,39486,30954,34212,3,0,0,317
81,1,2,1060762,benign,189,153,11158,0,8045,3086,1,2616,2929,0,698,39550,3245,3,52,1316,737,324,3,13618,7834,30338,0,0,654,8847,7685,11584,0,0,0,18,24,39,0,39577,31015,34238,2,0,0,317
82,4,18,1060734,benign,189,153,11119,0,8010,3090,1,2616,2929,0,715,39674,3245,3,52,1439,753,324,3,13782,7807,30343,0,0,654,8834,7647,11542,0,0,0,18,24,39,0,39741,31035,34259,2,0,0,316
83,6,8,1060763,benign,189,153,11109,0,8001,3093,1,2616,2929,0,687,39335,3245,3,53,1352,731,324,4,13822,8179,30454,0,0,654,8848,7684,11561,0,0,0,18,23,39,0,39313,31114,34370,2,0,0,317
84,5,29,1060741,benign,185,153,11129,0,8018,3082,1,2616,2929,0,711,40002,3245,3,52,1314,737,425,4,13748,7781,30429,0,0,654,8864,7673,11549,0,0,0,18,24,39,0,39749,31099,34343,2,0,0,317
85,8,26,1060765,benign,193,153,11137,0,8030,3096,1,2616,2929,0,701,39966,3245,3,52,1500,730,324,3,13905,7996,30399,0,0,654,8840,7661,11504,0,0,0,18,23,39,0,39566,31075,34446,2,0,0,316
86,7,31,1060760,benign,166,153,11131,0,8014,3082,1,2616,2929,0,701,39586,3245,3,52,1298,1010,324,3,13439,7658,30361,0,0,654,8845,7677,11557,0,0,0,18,24,39,0,39327,31033,34276,2,0,0,317
87,5,0,1060741,benign,185,153,11167,0,8040,3089,1,2616,2929,0,699,39599,3245,3,52,1356,767,324,3,13670,7672,30314,0,0,654,8865,7676,11548,0,0,0,18,25,141,2,39876,31030,34319,2,0,0,317
88,10,8,1060730,benign,193,153,11156,0,8033,3088,1,2616,2930,0,711,39738,3245,3,52,1390,729,324,3,13585,7847,30408,0,0,654,8843,7657,11519,0,0,0,18,23,39,0,39555,31204,34433,2,0,0,317
89,3,22,1060742,SDC,184,154,10842,0,7827,3019,1,2548,2848,0,680,38920,3147,3,53,1322,788,324,3,13384,7662,29600,0,0,638,8600,7412,11279,0,0,0,18,23,39,0,38817,30366,33610,2,0,0,316
90,8,31,1060730,benign,192,153,11120,0,8011,3087,1,2616,2929,0,696,39526,3245,3,52,1599,736,426,4,13816,7963,30385,0,0,654,8836,7636,11510,0,0,0,18,23,39,0,39415,31009,34239,2,0,0,317
91,10,13,1060759,benign,192,153,11142,0,8032,3091,1,2616,2929,0,685,39532,3245,3,52,1361,915,426,4,13554,7745,30349,0,0,654,8868,7673,11546,0,0,0,18,25,141,2,40096,31090,34330,2,0,0,317
92,5,16,1060730,benign,188,151,11143,0,8020,3088,1,2616,2929,0,691,39607,3245,3,52,1440,739,324,4,13708,7935,30357,0,0,654,8856,7672,11518,0,0,0,18,24,39,0,39491,30922,34384,2,0,0,317
93,5,26,1060729,benign,184,153,11129,0,8017,3083,1,2616,2929,0,695,39570,3245,3,52,1486,762,324,3,13679,7807,30321,0,0,654,8843,7647,11519,0,0,0,18,24,39,0,39627,31159,34438,2,0,0,317
94,1,31,1060763,benign,195,153,11128,0,8019,3079,1,2616,2929,0,697,39750,3245,3,52,1359,765,428,3,13726,7945,30382,0,0,654,8815,7644,11532,0,0,0,18,23,141,2,39761,31081,34544,2,0,0,317
95,10,0,1060731,benign,188,153,11126,0,8016,3082,1,2616,2929,0,700,39564,3245,3,52,1432,777,324,4,13575,7850,30360,0,0,654,8846,7697,11571,0,0,0,18,25,39,0,39514,30922,34321,2,0,0,317
96,8,14,1060767,benign,191,153,11122,0,8013,3083,1,2616,2929,0,698,39773,3245,3,52,1513,704,427,3,13544,7804,30309,0,0,654,8861,7674,11537,0,0,0,18,24,39,0,39323,31193,34481,2,0,0,317
97,4,13,1060727,benign,184,153,11129,0,8023,3087,1,2616,2929,0,696,39392,3245,3,52,1310,715,426,3,13723,7869,30501,0,0,654,8852,7669,11545,0,0,0,18,24,39,0,39567,30893,34159,2,0,0,317
98,9,7,1060767,benign,198,153,11074,0,7957,3064,1,2616,2929,0,706,39670,3245,3,52,1381,966,324,4,13394,7558,30300,0,0,654,8872,7702,11586,0,0,0,18,23,39,0,39616,31081,34350,2,0,0,317
99,5,1,1060761,benign,190,153,11092,0,7982,3083,1,2616,2929,0,682,39600,3245,3,52,1291,791,324,4,13624,7853,30386,0,0,654,8843,7661,11557,0,0,0,18,24,39,0,39407,31281,34703,2,0,0,317
100,6,20,1060734,benign,189,151,11157,0,8036,3094,1,2616,2929,0,693,39475,3245,3,53,1409,962,324,3,13725,7909,30354,0,0,654,8827,7671,11540,0,0,0,18,24,39,0,39251,30968,34215,2,0,0,317
101,2,6,1060764,benign,166,151,11145,0,8035,3085,1,2616,2929,0,689,39348,3245,3,53,1511,774,426,3,13321,7576,30268,0,0,654,8834,7631,11520,0,0,0,19,25,41,0,39596,30841,34131,2,0,0,317
102,3,11,1060739,crash/hangs,-,-,-,-,-,-,-,-,-,-,-,-,-,-,-,-,-,-,-,-,-,-,-,-,-,-,-,-,-,-,-,-,-,-,-,-,-,-,-,-,-,-
103,9,18,1060768,benign,92,27,11136,0,8042,3088,1,2616,2929,0,681,39304,3245,3,53,1286,765,426,3,13270,7499,30249,0,0,654,8852,7673,11549,0,0,0,18,22,39,0,39223,30860,34111,2,0,0,317
104,7,21,1060763,benign,189,153,11138,0,8029,3089,1,2616,2929,0,698,39449,3245,3,52,1324,803,324,4,13751,7825,30271,0,0,654,8825,7661,11538,0,0,0,18,25,39,0,39509,30985,34429,2,0,0,375
105,9,7,1060764,benign,166,153,11117,0,8001,3082,1,2616,2929,0,684,39056,3245,3,53,1398,932,427,4,13236,7522,30290,0,0,654,8861,7670,11554,0,0,0,18,24,38,0,39461,30950,34238,2,0,0,317
106,8,5,1060766,benign,184,153,11157,0,8040,3087,1,2616,2929,0,692,39496,3245,3,52,1339,765,324,4,13731,7774,30370,0,0,654,8841,7683,11564,0,0,0,18,23,39,0,39659,31148,34530,2,0,0,317
107,2,18,1060736,benign,168,153,11145,0,8041,3082,1,2616,2929,0,701,39547,3245,3,53,1315,782,324,3,13459,7645,30314,0,0,654,8837,7674,11546,0,0,0,18,25,39,0,39592,30848,34102,2,0,0,317
108,6,24,1060745,benign,188,153,11081,0,7976,3073,1,2616,2929,0,687,39486,3245,3,52,1684,708,324,3,13762,7883,30430,0,0,654,8816,7687,11570,0,0,0,18,24,38,0,39963,30971,34285,2,0,0,317
109,3,21,1060767,benign,184,154,11154,0,8051,3091,1,2616,2929,0,683,39297,3245,3,53,1358,722,324,3,13907,7953,30399,0,0,654,8860,7699,11592,0,0,0,18,24,39,0,39754,30935,34286,2,0,0,316
110,4,23,1060763,benign,187,153,11160,0,8040,3088,1,2616,2929,0,704,39720,3245,3,51,1596,755,324,3,13505,7621,30339,0,0,654,8861,7638,11517,0,0,0,18,24,141,2,40046,31251,34499,2,0,0,316
111,5,5,1060732,benign,167,153,11153,0,8037,3082,1,2616,2929,0,694,39406,3245,3,52,1361,744,426,4,13244,7567,30294,0,0,654,8860,7658,11536,0,0,0,18,23,39,0,39340,30740,33992,2,0,0,317
112,10,3,1060749,benign,189,151,11117,0,8013,3078,1,2616,2929,0,697,39656,3245,3,52,1596,826,324,3,13462,7807,30418,0,0,654,8849,7648,11534,0,0,0,18,23,38,0,39398,31343,34607,2,0,0,317
113,6,13,1060738,benign,194,153,11140,0,8031,3093,1,2616,2929,0,690,39670,3245,3,52,1352,723,324,4,13680,7897,30335,0,0,654,8814,7644,11517,0,0,0,18,23,39,0,39494,30938,34298,2,0,0,317
114,10,12,1060729,benign,188,153,11114,0,8009,3075,1,2616,2929,0,699,39649,3245,3,52,1519,761,324,4,13467,7687,30297,0,0,654,8850,7699,11556,0,0,0,18,22,140,2,39717,30985,34360,2,0,0,317
115,10,20,1060742,benign,187,153,11135,0,8017,3082,1,2616,2929,0,696,39625,3245,3,52,1369,774,426,3,13635,7864,30378,0,0,654,8840,7635,11541,0,0,0,19,28,41,0,39610,31198,34613,2,0,0,317
116,9,11,1060766,benign,182,153,11143,0,8033,3087,1,2616,2930,0,679,39415,3245,3,52,1312,780,324,4,13491,7681,30250,0,0,654,8829,7644,11523,0,0,0,18,24,141,2,39722,31116,34378,2,0,0,317
117,10,0,1060729,benign,199,153,11107,0,7996,3078,1,2616,2929,0,696,39533,3245,3,52,1333,758,324,3,13581,7771,30429,0,0,654,8846,7659,11544,0,0,0,18,24,39,0,39250,31080,34333,2,0,0,317
118,3,15,1060741,SDC,188,153,10802,0,7793,3016,1,2548,2847,0,676,38771,3147,3,52,1316,984,324,4,13518,7765,29582,0,0,638,8590,7431,11289,0,0,0,18,22,39,0,38937,30314,33550,2,0,0,317
119,10,5,1060767,benign,185,153,11136,0,8021,3075,1,2616,2929,0,704,39511,3245,3,52,1336,792,324,4,13457,7777,30314,0,0,654,8840,7683,11569,0,0,0,18,24,141,2,39517,30948,34214,2,0,0,317
120,10,17,1060759,benign,193,153,11100,0,7989,3074,1,2616,2929,0,702,39477,3245,3,52,1380,737,426,3,13854,8090,30327,0,0,654,8866,7671,11552,0,0,0,18,23,39,0,39593,31284,34761,2,0,0,317
121,7,3,1060722,benign,186,153,11156,0,8042,3073,1,2616,2929,0,686,39503,3245,3,52,1312,696,324,3,13642,7709,30239,0,0,654,8868,7671,11527,0,0,0,18,23,39,0,39416,31053,34328,2,0,0,317
122,3,6,1060758,benign,192,153,11113,1,8001,3082,1,2616,2929,0,690,39675,3245,3,56,1356,711,517,4,13668,7728,30482,0,0,654,8858,7680,11566,0,0,0,18,25,130,2,39595,31257,34699,3,0,0,317
123,2,29,1060755,benign,202,153,11128,0,8017,3073,1,2616,2929,0,699,39959,3245,3,53,1665,742,424,3,13670,7627,30333,0,0,654,8856,7683,11559,0,0,0,18,24,39,0,39440,31282,34563,2,0,0,317
124,10,22,1060738,benign,191,153,11140,0,8038,3079,1,2616,2929,0,705,39591,3245,3,53,1369,737,324,3,13573,7915,30320,0,0,654,8855,7667,11531,0,0,0,18,24,39,0,39613,30951,34235,2,0,0,317
125,4,17,1060747,benign,194,153,11137,0,8030,3085,1,2616,2929,0,694,39666,3245,3,52,1566,725,324,3,13685,7914,30366,0,0,654,8854,7695,11587,0,0,0,18,24,141,2,39671,31181,34472,2,0,0,317
126,2,27,1060745,benign,185,153,11128,0,8026,3082,1,2616,2929,0,684,39262,3245,3,52,1341,709,324,4,13718,7876,30392,0,0,654,8842,7685,11560,0,0,0,18,23,39,0,39831,31102,34339,2,0,0,317
127,1,2,1060766,benign,190,153,11116,0,8006,3072,1,2616,2929,0,682,39303,3245,3,52,1356,773,426,4,13743,8012,30403,0,0,654,8831,7668,11540,0,0,0,18,24,38,0,39663,31097,34508,2,0,0,317
128,2,14,1060759,benign,193,153,11114,0,8004,3086,1,2616,2929,0,707,39890,3245,3,52,1379,793,324,3,13714,7820,30349,0,0,654,8854,7678,11590,0,0,0,18,24,38,0,39740,30879,34338,2,0,0,370
129,8,31,1060749,benign,179,153,11143,0,8026,3084,1,2616,2929,0,694,39687,3245,3,52,1341,789,426,3,13607,7744,30409,0,0,654,8844,7661,11501,0,0,0,18,22,39,0,39501,31259,34511,2,0,0,317
130,7,10,1060734,benign,190,153,11141,0,8042,3093,1,2616,2929,0,707,39817,3245,3,53,1533,821,324,3,13756,7944,30356,0,0,654,8835,7695,11556,0,0,0,18,23,39,0,39672,31186,34430,2,0,0,317
131,7,21,1060750,benign,192,151,11134,0,8006,3082,1,2616,2929,0,696,39729,3245,3,52,1547,701,324,3,13725,7680,30286,0,0,654,8838,7652,11506,0,0,0,18,22,39,0,39530,31020,34419,2,0,0,317
132,6,5,1060754,benign,191,153,11134,0,8018,3081,1,2616,2929,0,697,39585,3245,3,52,1318,888,324,3,13819,7906,30291,0,0,654,8865,7676,11557,0,0,0,18,24,39,0,39375,31082,34436,2,0,0,317
133,1,0,1060747,benign,195,153,11130,0,8019,3087,1,2616,2929,0,688,39664,3245,3,52,1350,763,324,3,13548,7881,30396,0,0,654,8859,7653,11535,0,0,0,18,25,39,0,39460,31084,34459,2,0,0,317
134,2,21,1060758,benign,190,151,11149,0,8035,3093,1,2616,2929,0,699,39779,3245,3,52,1305,807,324,3,13558,7571,30269,0,0,654,8855,7666,11524,0,0,0,18,24,39,0,39597,30993,34490,2,0,0,317
135,8,5,1060732,benign,165,151,11145,0,8039,3091,1,2616,2929,0,702,39451,3245,3,52,1406,813,324,4,13563,7454,30258,0,0,654,8845,7657,11532,0,0,0,18,24,39,0,39214,30778,34029,2,0,0,317
136,3,27,1060734,benign,183,153,11130,0,8027,3083,1,2616,2929,0,697,39523,3245,3,52,1335,978,323,3,13781,7771,30297,0,0,654,8834,7698,11555,0,0,0,18,23,39,0,39424,31029,34277,2,0,0,317
137,10,28,1060754,benign,194,153,11142,0,8038,3088,1,2616,2929,0,683,39603,3245,3,52,1532,759,324,3,13813,8098,30318,0,0,654,8863,7653,11531,0,0,0,18,24,39,0,39458,31020,34449,2,0,0,317
138,8,27,1060744,benign,166,153,11114,0,8001,3078,0,2616,2929,0,687,39167,3245,3,52,1594,989,426,3,13549,7825,30374,0,0,654,8834,7665,11539,0,0,0,18,24,39,0,39316,31053,34335,2,0,0,316
139,6,0,1060721,benign,192,153,11129,0,8017,3092,1,2616,2929,0,698,39716,3245,3,52,1500,752,324,4,13405,7600,30332,0,0,654,8842,7685,11557,0,0,0,18,22,141,2,39908,31055,34477,2,0,0,317
140,6,28,1060727,benign,197,153,11111,0,8003,3082,1,2616,2929,0,690,39381,3245,3,52,1675,731,324,4,13719,7830,30418,0,0,654,8847,7650,11515,0,0,0,18,24,39,0,39228,30866,34113,2,0,0,317
141,5,26,1060742,benign,189,153,11155,0,8031,3090,1,2616,2929,0,682,39288,3245,3,51,1376,718,324,3,13536,7817,30310,0,0,654,8849,7675,11563,0,0,0,18,24,39,0,39479,31144,34610,2,0,0,317
142,4,25,1060742,benign,184,153,11127,0,8009,3074,1,2616,2929,0,694,39450,3245,3,52,1343,722,425,3,13693,8008,30351,0,0,654,8840,7675,11557,0,0,0,18,24,39,0,39337,31114,34370,2,0,0,317
143,6,21,1060721,benign,194,153,11138,0,8031,3084,1,2616,2929,0,692,39602,3245,3,53,1393,728,324,4,13641,7814,30294,0,0,654,8853,7680,11562,0,0,0,18,24,39,0,39563,31001,34273,2,0,0,317
144,6,27,1060734,benign,183,151,11098,0,7980,3074,1,2616,2929,0,698,39435,3245,3,52,1358,718,324,3,13450,7637,30264,0,0,654,8848,7667,11579,0,0,0,18,23,39,0,39787,31093,34555,2,0,0,316
145,8,7,1060721,benign,187,153,11101,0,7990,3077,1,2616,2929,0,699,39740,3245,3,52,1360,703,324,4,13823,7723,30406,0,0,654,8846,7692,11590,0,0,0,18,24,39,0,39637,31130,34398,2,0,0,317
146,2,30,1060729,benign,193,153,11132,0,8034,3090,1,2616,2929,0,686,39430,3245,3,51,1744,798,324,3,13815,7784,30317,0,0,654,8862,7714,11577,0,0,0,18,22,39,0,39550,31232,34500,2,0,0,317
147,9,6,1060755,benign,190,153,11142,0,8034,3087,1,2616,2929,0,699,39559,3245,3,52,1306,744,324,3,13555,7697,30278,0,0,654,8851,7630,11535,0,0,0,18,23,39,0,39495,30826,34111,2,0,0,317
148,1,8,1060747,benign,186,153,11117,0,7998,3069,1,2616,2929,0,702,39545,3245,3,52,1589,756,426,3,13619,7874,30371,0,0,654,8827,7640,11544,0,0,0,18,25,39,0,39574,31226,34508,2,0,0,317
149,6,7,1060744,benign,167,153,11137,0,8022,3084,1,2616,2929,0,701,39404,3245,3,53,1563,1147,324,3,13650,7793,30372,0,0,654,8862,7692,11559,0,0,0,19,25,145,2,39418,30718,33957,2,0,0,317
150,2,29,1060766,benign,192,153,11119,0,8005,3077,1,2616,2929,0,691,39686,3245,3,52,1363,748,428,3,13522,7804,30273,0,0,654,8857,7648,11523,0,0,0,18,24,140,2,39639,31258,34559,2,0,0,317
151,4,29,1060767,benign,185,153,11112,0,7995,3080,1,2616,2929,0,693,39550,3245,3,52,1363,739,426,3,13933,8046,30391,0,0,654,8805,7684,11547,0,0,0,18,23,39,0,39389,31093,34371,2,0,0,317
152,3,28,1060727,benign,187,153,11130,0,8023,3090,1,2616,2929,0,691,39539,3245,3,52,1553,688,417,3,13365,7691,30283,0,0,654,8833,7642,11525,0,0,0,18,22,141,2,39377,30933,34146,2,0,0,317
153,2,30,1060729,benign,191,153,11113,0,8004,3084,1,2616,2929,0,685,39468,3245,3,52,1330,859,324,3,13630,7602,30310,0,0,654,8870,7667,11533,0,0,0,18,23,39,0,39729,30801,33993,2,0,0,317
154,7,10,1060760,benign,167,153,11122,0,8015,3084,1,2616,2929,0,696,39555,3245,3,52,1361,699,428,3,13213,7386,30412,0,0,654,8849,7662,11547,0,0,0,18,21,39,0,39605,30895,34125,2,0,0,317
155,4,27,1060752,benign,167,153,11129,0,8028,3086,1,2616,2930,0,677,39241,3245,3,52,1344,795,324,3,13383,7446,30312,0,0,654,8850,7681,11543,0,0,0,18,23,39,0,39498,30989,34466,2,0,0,316
0,2,24,1060725,benign,123,27,11106,0,8004,3082,1,2616,2929,0,715,39649,3245,3,52,1378,776,426,3,13533,7766,30398,0,0,654,8854,7649,11506,0,0,0,18,23,39,0,39563,30880,34279,2,0,0,317
1,8,7,1060765,benign,195,153,11126,0,8023,3086,1,2616,2929,0,689,39747,3245,3,52,1371,748,324,3,13855,7636,30310,0,0,654,8844,7665,11533,0,0,0,18,24,39,0,39455,31164,34617,2,0,0,317
2,7,9,1060751,benign,191,153,11092,0,7988,3084,1,2616,2929,0,691,39559,3245,3,52,1385,769,429,3,13740,7847,30347,0,0,654,8834,7674,11568,0,0,0,18,24,38,0,39427,31087,34553,2,0,0,317
3,6,23,1060735,benign,189,151,11123,0,8008,3087,1,2616,2929,0,696,39659,3245,3,52,1462,782,324,3,13934,8058,30429,0,0,654,8863,7677,11537,0,0,0,18,25,39,0,39770,30909,34164,2,0,0,317
4,9,4,1060743,benign,193,153,11142,0,8034,3087,1,2616,2929,0,696,39541,3245,3,53,1347,862,319,3,13710,7751,30293,0,0,654,8845,7634,11532,0,0,0,18,24,33,0,39397,31065,34335,2,0,0,317
5,8,31,1060741,benign,189,153,11123,0,8009,3084,1,2616,2929,0,691,39413,3245,3,52,1403,796,557,3,13670,7658,30330,0,0,654,8861,7661,11520,0,0,0,18,24,39,0,39672,31325,34561,2,0,0,317
6,8,6,1060726,benign,197,153,11128,0,8019,3089,1,2616,2929,0,689,39443,3245,3,52,1361,722,324,4,13619,7863,30393,0,0,654,8845,7684,11538,0,0,0,19,26,41,0,39378,30996,34428,2,0,0,317
7,10,1,1060738,benign,185,153,11135,0,8022,3091,1,2616,2929,0,692,39634,3245,3,53,1329,937,324,3,13454,7718,30325,0,0,654,8860,7670,11557,0,0,0,18,23,39,0,39478,31068,34513,2,0,0,317
8,1,17,1060761,benign,192,153,11142,0,8026,3070,1,2616,2929,0,695,39680,3245,3,52,1347,997,324,3,13868,7967,30422,0,0,654,8843,7659,11521,0,0,0,18,23,39,0,39401,31139,34397,2,0,0,317
9,5,13,1060740,benign,167,153,11180,0,8058,3094,1,2616,2929,0,687,39271,3245,3,52,1357,764,428,4,13342,7432,30282,0,0,654,8865,7660,11548,0,0,0,18,24,39,0,39196,30875,34146,2,0,0,317
10,6,23,1060761,benign,195,153,11108,0,8005,3080,1,2616,2929,0,681,39594,3245,3,52,1375,746,324,4,13841,7882,30410,0,0,654,8846,7672,11532,0,0,0,18,24,141,2,39903,31225,34494,2,0,0,317
11,10,1,1060724,benign,165,153,11120,0,8009,3083,1,2616,2929,0,702,39476,3245,3,52,1315,983,324,3,13433,7577,30370,0,0,654,8821,7647,11533,0,0,0,18,24,39,0,39294,30940,34164,2,0,0,317
12,2,9,1060722,benign,185,153,11130,0,8022,3088,1,2616,2929,0,691,39370,3245,3,54,1445,785,324,3,13757,7932,30349,0,0,654,8874,7676,11557,0,0,0,18,22,39,0,39415,30999,34496,2,0,0,317
13,8,6,1060756,benign,165,153,11107,0,8002,3080,1,2616,2929,0,686,39183,3245,3,52,1547,732,324,3,13384,7516,30357,0,0,654,8846,7666,11527,0,0,0,18,23,39,0,39362,30755,34013,2,0,0,317
14,5,12,1060724,benign,166,153,11120,0,8022,3088,1,2616,2930,0,692,39492,3245,3,53,1502,748,324,3,13322,7451,30361,0,0,654,8851,7666,11522,0,0,0,18,25,39,0,39098,30905,34134,2,0,0,317
15,2,14,1060763,benign,189,153,11127,0,8014,3077,1,2616,2930,0,697,39629,3245,3,52,1466,759,324,3,13658,7875,30238,0,0,654,8833,7660,11517,0,0,0,18,24,38,0,39537,31298,34557,2,0,0,317
16,6,10,1060757,benign,192,151,11146,0,8033,3083,1,2616,2929,0,692,39709,3245,3,53,1393,717,426,4,13484,7724,30363,0,0,654,8841,7675,11559,0,0,0,18,23,39,0,39550,31135,34412,2,0,0,317
17,9,12,1060760,benign,165,153,11157,0,8042,3096,1,2616,2929,0,685,39488,3245,3,52,1338,794,324,3,13481,7440,30263,0,0,654,8836,7678,11556,0,0,0,18,25,39,0,39389,30822,34073,2,0,0,317
18,5,20,1060758,benign,187,153,11143,0,8032,3095,1,2616,2929,0,695,39662,3245,3,52,1365,767,426,3,13421,7603,30313,0,0,654,8881,7711,11551,0,0,0,18,25,141,2,39894,30919,34161,2,0,0,317
19,3,14,1060725,benign,192,153,11125,0,8012,3090,1,2616,2929,0,692,39645,3245,3,52,1713,794,426,3,13848,8133,30450,0,0,654,8820,7689,11542,0,0,0,18,23,35,1,39511,30979,34214,2,0,0,317
20,3,5,1060758,benign,193,154,11098,0,7981,3092,1,2616,2929,0,698,39566,3245,3,53,1608,797,324,4,13521,7865,30361,0,0,654,8852,7682,11558,0,0,0,18,24,39,0,39446,30858,34095,2,0,0,317
21,1,2,1060726,crash/hangs,-,-,-,-,-,-,-,-,-,-,-,-,-,-,-,-,-,-,-,-,-,-,-,-,-,-,-,-,-,-,-,-,-,-,-,-,-,-,-,-,-,-
22,7,24,1060727,benign,109,27,11159,0,8054,3085,1,2616,2929,0,696,39722,3245,3,52,1511,715,324,3,13485,7763,30381,0,0,654,8850,7650,11541,0,0,0,18,24,39,0,39512,31108,34395,2,0,0,317
23,8,25,1060734,benign,195,151,11161,0,8050,3099,1,2616,2929,0,691,39721,3245,3,52,1457,702,324,4,13589,7828,30398,0,0,654,8873,7691,11572,0,0,0,18,23,38,0,39564,30915,34190,2,0,0,317
24,4,31,1060720,benign,165,151,11084,0,7983,3075,1,2616,2929,0,697,39375,3245,3,52,1365,936,531,4,13388,7539,30289,0,0,654,8838,7667,11533,0,0,0,19,27,144,2,39398,30879,34144,2,0,0,317
25,7,2,1060751,benign,194,153,11140,0,8030,3070,1,2616,2929,0,691,39782,3245,3,52,1438,766,428,3,13767,7689,30326,0,0,654,8854,7656,11529,0,0,0,18,25,141,2,39738,30957,34385,2,0,0,317
26,2,29,1060743,benign,185,151,11120,0,8008,3077,1,2616,2929,0,698,39633,3245,3,53,1558,726,425,3,13592,7733,30290,0,0,654,8855,7673,11543,0,0,0,18,23,38,0,39998,31033,34274,2,0,0,317
27,8,30,1060733,benign,190,153,11097,0,7990,3076,1,2616,2929,0,699,39485,3245,3,52,1340,979,324,3,13855,7898,30439,0,0,654,8845,7680,11562,0,0,0,18,21,39,0,39449,31106,34318,2,0,0,317
28,8,16,1060750,benign,189,153,11162,0,8042,3090,1,2616,2929,0,693,39422,3245,3,52,1520,769,324,4,13665,7870,30424,0,0,654,8821,7629,11527,0,0,0,18,24,39,0,39487,30977,34234,2,0,0,317
29,3,25,1060743,SDC,190,154,10812,0,7806,3011,1,2561,2872,0,709,39433,3174,3,56,1541,1032,324,3,13963,8221,29921,0,0,638,8637,7432,11319,0,0,0,18,23,39,0,39201,30964,34207,2,0,0,317
30,8,16,1060720,benign,166,153,11141,0,8035,3089,1,2616,2929,0,666,38877,3245,3,52,1504,757,324,3,13453,7633,30376,0,0,654,8860,7651,11526,0,0,0,18,24,141,2,39391,31132,34393,2,0,0,317
31,1,19,1060746,benign,186,153,11122,0,8010,3084,1,2616,2929,0,686,39774,3245,3,52,1359,1092,324,4,13622,7874,30411,0,0,654,8872,7640,11552,0,0,0,19,28,41,0,39453,31116,34607,2,0,0,317
32,3,16,1060721,benign,195,153,11132,0,8029,3092,1,2616,2929,0,706,39917,3245,3,52,1331,717,324,3,13636,7881,30388,0,0,654,8854,7650,11504,0,0,0,18,24,39,0,39593,31175,34451,2,0,0,317
33,2,11,1060755,benign,189,153,11126,0,8002,3076,1,2616,2929,0,695,39682,3245,3,53,1391,1092,427,3,13548,7813,30321,0,0,654,8846,7673,11574,0,0,0,18,23,39,0,39899,31031,34342,2,0,0,317
34,3,22,1060749,benign,186,154,11110,0,8007,3080,1,2616,2929,0,695,39409,3245,3,53,1339,765,324,3,13889,8099,30398,0,0,654,8839,7671,11520,0,0,0,18,25,39,0,39457,30949,34359,2,0,0,317
35,6,10,1060755,benign,200,153,11100,0,7984,3075,1,2616,2929,0,694,39418,3245,3,52,1426,740,324,3,13946,8328,30408,0,0,654,8895,7747,11545,0,0,0,18,25,39,0,39762,31022,34494,2,0,0,317
36,3,28,1060764,benign,165,151,11155,0,8051,3085,1,2616,2929,1,696,39541,3245,3,52,1325,930,324,3,13295,7433,30370,0,0,654,8859,7687,11570,0,0,0,18,24,142,2,39437,30778,34029,2,0,0,317
37,10,0,1060755,benign,185,154,11133,0,8021,3080,1,2616,2929,0,695,39640,3245,3,52,1353,770,426,4,13465,7781,30364,0,0,654,8850,7678,11553,0,0,0,18,23,39,0,39487,31138,34537,2,0,0,317
38,3,28,1060737,crash/hangs,-,-,-,-,-,-,-,-,-,-,-,-,-,-,-,-,-,-,-,-,-,-,-,-,-,-,-,-,-,-,-,-,-,-,-,-,-,-,-,-,-,-
39,6,26,1060741,benign,106,27,11132,0,8027,3403,1,2616,2929,0,694,39704,3245,3,52,1556,969,324,4,13735,8038,30389,0,0,654,8841,7671,11548,0,0,0,18,24,39,0,39415,31279,34739,2,0,0,317
40,1,4,1060733,benign,197,153,11120,0,8013,3085,1,2616,2929,0,698,39590,3245,3,52,1445,955,417,3,13433,7648,30308,0,0,654,8827,7636,11533,0,0,0,18,24,39,0,39282,31189,34442,2,0,0,317
41,9,4,1060756,benign,164,153,11130,0,8023,3076,1,2616,2929,0,709,39510,3245,3,52,1354,753,324,3,13515,7710,30399,0,0,654,8878,7678,11561,0,0,0,18,24,38,0,39666,30780,34164,2,0,0,317
42,6,12,1060765,benign,190,153,11129,0,8017,3088,1,2616,2929,0,689,39483,3245,3,53,1373,939,426,4,14112,8359,30388,0,0,654,8847,7676,11559,0,0,0,18,24,39,0,39533,31171,34412,2,0,0,317
43,3,0,1060728,benign,165,153,11115,0,8011,3092,1,2616,2929,0,688,39196,3245,3,53,1364,760,324,3,13246,7431,30357,0,0,654,8837,7667,11557,0,0,0,18,23,39,0,39487,30792,34028,2,0,0,317
44,4,1,1060727,benign,190,154,11137,1,8036,3092,1,2616,2929,0,694,39541,3245,3,52,1443,762,332,4,13913,8032,30405,0,0,654,8855,7666,11527,0,0,0,19,26,50,2,39495,30929,34132,3,0,0,317
45,9,22,1060727,benign,191,153,11130,0,8017,3076,1,2616,2929,0,689,39493,3245,3,52,1351,1001,580,4,13735,7970,30412,0,0,654,8842,7647,11516,0,0,0,18,24,39,0,39482,31253,34522,2,0,0,317
46,8,21,1060764,benign,166,153,11111,0,8007,3087,1,2616,2929,0,686,39370,3245,3,52,1516,768,426,3,13635,7860,30308,0,0,654,8841,7674,11553,0,0,0,18,24,39,0,39325,30632,33855,2,0,0,317
47,7,31,1060749,benign,191,153,11147,0,8043,3080,1,2616,2929,0,682,39771,3245,3,53,1548,762,426,4,13751,7920,30422,0,0,654,8847,7648,11564,0,0,0,18,23,39,0,39535,31186,34434,2,0,0,317
48,4,23,1060737,benign,191,153,11113,0,8001,3080,1,2616,2929,0,694,39693,3245,3,51,1377,740,324,3,13617,7886,30406,0,0,654,8832,7652,11523,0,0,0,18,24,140,2,39566,31168,34436,2,0,0,317
49,6,1,1060763,benign,186,153,11150,0,8034,3088,1,2616,2929,0,695,39553,3245,3,52,1542,756,426,4,13357,7602,30207,0,0,654,8852,7648,11527,0,0,0,18,25,39,0,39660,31200,34459,2,0,0,316
50,9,15,1060741,benign,191,153,11108,0,8006,3089,1,2616,2929,0,698,39434,3245,3,53,1560,758,324,3,13494,7701,30353,0,0,654,8865,7658,11553,0,0,0,18,24,39,0,39506,31123,34369,2,0,0,317
51,10,19,1060736,benign,166,153,11098,0,7991,3081,1,2616,2929,0,685,39111,3245,3,53,1292,858,324,3,13400,7553,30336,0,0,654,8870,7710,11602,0,0,0,18,23,39,0,39152,30816,34060,2,0,0,317
52,5,8,1060750,benign,190,153,11123,0,8010,3089,1,2616,2929,0,701,39609,3245,3,52,1311,797,323,3,13416,7682,30328,0,0,654,8853,7697,11575,0,0,0,18,22,39,0,39535,31318,34603,2,0,0,317
53,10,13,1060752,benign,168,153,11118,0,8003,3087,1,2616,2929,0,702,39481,3245,3,52,1704,824,324,3,13361,7625,30288,0,0,654,8852,7700,11559,0,0,0,18,25,370,2,39558,30820,34095,2,0,0,317
54,7,6,1060724,benign,165,153,11114,0,8010,3087,1,2616,2929,0,691,39178,3245,3,53,1342,910,426,3,13298,7550,30390,0,0,654,8858,7666,11544,0,0,0,18,23,39,0,39075,30958,34185,2,0,0,317
55,3,22,1060759,benign,183,154,11121,0,8003,3082,1,2616,2929,1,694,39889,3245,3,55,1308,734,426,4,13398,7500,30266,0,0,654,8837,7657,11523,0,0,0,18,25,39,0,39480,31034,34297,2,0,0,317
56,8,1,1060746,benign,195,153,11119,0,8015,3087,1,2616,2929,0,701,39811,3245,3,52,1358,788,324,3,13629,7907,30373,0,0,654,8815,7673,11566,0,0,0,18,24,39,0,39562,30998,34438,2,0,0,317
57,3,7,1060733,benign,190,153,11132,0,8025,3088,1,2616,2929,0,697,39763,3245,3,52,1546,775,426,3,13490,7677,30343,0,0,654,8813,7649,11548,0,0,0,18,25,39,0,39397,31127,34611,2,0,0,317
58,4,28,1060727,benign,191,153,11148,0,8038,3093,1,2616,2929,0,704,39572,3245,3,51,1328,802,324,3,13530,7782,30332,0,0,654,8839,7675,11548,0,0,0,18,24,39,0,39676,30948,34234,2,0,0,317
59,2,20,1060739,benign,186,153,11155,0,8043,3085,1,2616,2929,0,714,39673,3245,3,52,1336,762,322,4,13648,7744,30320,0,0,654,8846,7653,11513,0,0,0,18,23,39,0,39389,31073,34336,2,0,0,317
60,5,18,1060756,benign,168,153,11143,0,8021,3086,1,2616,2929,0,692,39446,3245,3,53,1339,765,324,3,13564,7806,30388,0,0,654,8844,7690,11559,0,0,0,18,24,39,0,39305,30897,34401,2,0,0,317
61,7,20,1060768,benign,166,154,11118,0,8009,3098,1,2616,2929,0,706,39408,3245,3,52,1560,762,416,3,13255,7543,30340,0,0,654,8833,7656,11546,0,0,0,18,23,39,0,39289,30895,34331,2,0,0,317
62,3,6,1060762,benign,192,153,11123,0,8012,3095,1,2616,2929,0,706,39823,3245,3,52,1415,772,324,3,13450,7683,30351,0,0,654,8841,7677,11542,0,0,0,18,24,39,0,39433,31018,34473,2,0,0,317
63,6,5,1060754,benign,194,153,11121,0,8015,3091,1,2616,2929,0,694,39725,3245,3,52,1334,770,324,3,13766,8065,30381,0,0,654,8860,7678,11548,0,0,0,18,23,39,0,39397,30967,34319,2,0,0,317
64,4,30,1060768,benign,168,153,11126,0,8023,3092,1,2616,2929,0,689,39196,3245,3,51,1342,690,324,3,13602,7869,30376,0,0,654,8849,7646,11538,0,0,0,18,23,39,0,39090,30824,34327,2,0,0,317
65,7,17,1060750,benign,195,153,11109,0,7997,3088,1,2616,2929,0,695,39543,3245,3,52,1412,730,324,3,13801,7846,30372,0,0,654,8832,7648,11526,0,0,0,18,23,39,0,39539,30982,34262,2,0,0,317
66,7,27,1060751,benign,195,153,11097,0,7984,3087,1,2616,2929,0,689,39462,3245,3,52,1612,753,324,3,13647,7819,30395,0,0,654,8823,7701,11563,0,0,0,18,25,39,0,39586,30811,34049,2,0,0,317
67,9,15,1060742,benign,196,153,11096,0,7988,3086,1,2616,2929,0,682,39521,3245,3,52,1390,767,324,4,13484,7757,30315,0,0,654,8871,7658,11546,0,0,0,18,22,39,0,39383,31158,34399,2,0,0,317
68,4,7,1060767,benign,190,154,11147,1,8035,3086,1,2616,2929,0,694,39559,3245,3,53,1384,718,333,3,13913,8202,30395,0,0,654,8829,7683,11558,0,0,0,18,24,48,2,39788,31279,34717,3,0,0,317
69,5,20,1060758,benign,192,153,11143,0,8038,3092,1,2616,2929,0,702,39819,3245,3,52,1768,756,424,3,13467,7590,30292,0,0,654,8861,7644,11527,0,0,0,18,24,39,0,39422,30795,34045,2,0,0,317
70,8,26,1060732,benign,166,153,11143,0,8039,3077,1,2616,2929,0,693,39460,3245,3,52,1457,993,426,3,13234,7400,30342,0,0,654,8855,7676,11580,0,0,0,18,24,141,2,39430,30757,34019,2,0,0,317
71,4,9,1060731,benign,189,153,11118,1,8016,3086,1,2616,2929,0,709,39839,3245,3,52,1529,739,324,3,13527,7720,30388,0,0,654,8851,7615,11528,0,0,0,18,23,142,2,39400,31049,34496,3,0,0,317
72,9,4,1060721,benign,197,153,11134,0,8023,3080,1,2616,2929,0,677,39347,3245,3,53,1403,991,426,3,13447,7541,30371,0,0,654,8832,7652,11530,0,0,0,18,24,39,0,39625,31001,34254,2,0,0,317
73,5,18,1060725,benign,190,153,11133,0,8028,3090,1,2616,2929,0,710,39904,3245,3,52,1336,769,324,3,13744,7943,30354,0,0,654,8851,7680,11549,0,0,0,18,23,39,0,39425,30758,34043,2,0,0,317
74,2,15,1060733,benign,186,153,11136,0,8023,3082,1,2616,2929,0,698,39437,3245,3,53,1472,741,425,3,13559,7799,30395,0,0,654,8857,7660,11523,0,0,0,18,23,39,0,39635,31240,34499,2,0,0,317
75,9,1,1060748,benign,168,153,11142,0,8021,3074,1,2616,2929,0,690,39439,3245,3,52,1387,756,324,4,13263,7403,30270,0,0,654,8836,7661,11534,0,0,0,18,24,39,0,39348,30873,34124,2,0,0,317
76,5,7,1060768,benign,168,153,11139,0,8029,3085,1,2616,2929,0,685,39095,3245,3,52,1371,748,428,3,13460,7669,30337,0,0,654,8835,7626,11537,0,0,0,18,22,39,0,39273,30757,34035,2,0,0,317
77,2,30,1060742,benign,199,153,11116,0,8006,3079,1,2616,2929,0,715,39897,3245,3,53,1500,758,324,3,13538,7731,30315,0,0,654,8834,7689,11562,0,0,0,18,22,39,0,39703,31317,34600,2,0,0,317
78,8,30,1060767,benign,188,153,11136,0,8020,3088,1,2616,2929,0,696,39646,3245,3,53,1730,727,324,4,13629,7754,30273,0,0,654,8857,7666,11533,0,0,0,18,24,39,0,39693,31096,34369,2,0,0,317
79,6,15,1060767,benign,196,153,11100,0,7989,3097,1,2616,2929,0,697,39789,3245,3,52,1287,796,324,3,13619,7831,30331,0,0,654,8857,7672,11533,0,0,0,18,24,39,0,39209,31009,34245,2,0,0,317
80,1,15,1060759,benign,184,153,11112,0,8004,3074,1,2616,2929,0,695,39527,3245,3,53,1638,751,324,3,13611,7891,30352,0,0,654,8854,7652,11517,0,0,0,18,24,131,2,39554,31010,34274,2,0,0,317
81,7,30,1060761,benign,197,153,11146,0,8031,3090,1,2616,2929,0,700,39887,3245,3,52,1344,768,424,3,13812,7774,30291,0,0,654,8853,7692,11548,0,0,0,18,23,39,0,39397,31296,34557,2,0,0,317
82,8,1,1060752,benign,165,153,11111,0,7999,3090,1,2616,2930,0,696,39213,3245,3,53,1513,749,323,3,13258,7453,30357,0,0,654,8850,7648,11476,0,0,0,18,23,38,0,39527,30727,33983,2,0,0,317
83,9,27,1060740,benign,167,153,11150,0,8027,3087,1,2616,2929,0,696,39372,3245,3,53,1334,734,324,4,13462,7629,30305,0,0,654,8862,7695,11567,0,0,0,18,24,39,0,39302,30820,34110,2,0,0,317
84,7,31,1060747,benign,187,153,11119,0,8004,3072,1,2616,2929,0,704,39773,3245,3,52,1550,732,424,3,13663,7845,30392,0,0,654,8829,7630,11536,0,0,0,18,25,39,0,39361,30860,34090,2,0,0,317
85,4,0,1060730,benign,193,154,11120,1,8015,3078,1,2616,2929,0,681,39331,3245,3,52,1532,794,432,4,13660,7697,30246,0,0,654,8861,7649,11515,0,0,0,18,23,46,2,39701,31140,34376,3,0,0,317
86,4,2,1060722,benign,192,154,11150,1,8036,3085,1,2616,2929,0,677,39627,3245,3,53,1461,931,333,3,13602,7816,30285,0,0,654,8846,7650,11523,0,0,0,18,25,49,2,39502,31234,34502,2,0,0,317
87,10,8,1060740,benign,168,153,11091,0,7976,3070,1,2616,2929,0,700,39643,3245,3,52,1384,752,426,3,13306,7571,30367,0,0,654,8824,7673,11523,0,0,0,18,23,39,0,39058,30863,34138,2,0,0,317
88,3,22,1060739,SDC,188,155,10874,0,7847,3020,1,2556,2854,1,704,39133,3156,3,54,1530,716,324,3,13549,7804,29711,0,0,640,8629,7462,11340,0,0,0,18,21,141,2,39116,30410,33950,2,0,0,317
89,2,22,1060739,benign,195,153,11145,0,8029,3079,1,2616,2929,0,703,39686,3245,3,52,1342,693,324,3,13726,7947,30353,0,0,654,8859,7688,11543,0,0,0,18,25,39,0,39403,30951,34425,2,0,0,317
90,3,25,1060749,benign,201,153,11111,0,7999,3083,1,2616,2929,1,697,39759,3245,3,54,1593,753,324,4,13519,7606,30339,0,0,654,8855,7661,11537,0,0,0,18,25,39,0,39622,30843,34088,2,0,0,317
91,2,25,1060755,benign,190,153,11115,0,8003,3088,1,2616,2929,0,696,39531,3245,3,52,1282,791,603,3,13537,7581,30322,0,0,654,8857,7659,11537,0,0,0,18,24,39,0,39539,31231,34506,2,0,0,317
92,1,12,1060756,benign,167,153,11108,0,7998,3084,1,2616,2929,0,695,39272,3245,3,52,1325,801,324,3,13870,7956,30342,0,0,654,8826,7687,11558,0,0,0,18,24,39,0,39237,30767,34049,2,0,0,317
93,1,21,1060720,SDC,167,154,10878,0,7847,3007,1,2556,2854,2,693,38995,3156,3,53,1346,758,324,3,13206,7492,29615,0,0,640,8645,7466,11341,0,0,0,18,23,39,0,38736,30110,33437,2,0,0,317
94,7,1,1060732,benign,167,153,11116,0,8007,3077,1,2616,2929,0,693,39279,3245,3,53,1352,755,324,3,13510,7853,30426,0,0,654,8830,7654,11514,0,0,0,18,23,39,0,39206,30783,34248,2,0,0,317
95,2,30,1060754,benign,185,153,11131,0,8028,3083,1,2616,2929,0,695,39410,3245,3,52,1338,767,324,3,13556,7771,30278,0,0,654,8829,7673,11536,0,0,0,18,23,39,0,39659,31255,34540,2,0,0,317
96,2,3,1060731,benign,189,153,11118,0,8012,3086,1,2616,2929,0,691,39731,3245,3,53,1310,737,324,3,13518,7716,30345,0,0,654,8820,7644,11545,0,0,0,18,22,39,0,39492,30795,34077,2,0,0,317
97,1,12,1060743,benign,192,153,11116,0,8005,3085,1,2616,2929,0,709,40071,3245,3,52,1518,801,324,3,13694,7817,30343,0,0,654,8837,7652,11510,0,0,0,18,23,39,0,39480,30966,34221,2,0,0,317
98,3,9,1060732,benign,165,153,11095,0,7995,3097,1,2616,2929,0,698,39517,3245,3,53,1315,756,324,3,13183,7259,30237,0,0,654,8857,7705,11576,0,0,0,18,23,39,0,39188,30799,34040,2,0,0,317
99,8,9,1060760,benign,165,153,11136,0,8017,3084,1,2616,2929,0,692,39406,3245,3,52,1324,835,425,4,13483,7640,30315,0,0,654,8830,7666,11539,0,0,0,18,25,39,0,39517,30707,33966,2,0,0,317
100,4,26,1060768,benign,168,153,11152,0,8027,3090,1,2616,2929,0,692,39318,3245,3,52,1596,783,324,3,13546,7479,30413,0,0,654,8842,7681,11560,0,0,0,18,24,141,2,39221,30891,34291,2,0,0,317
101,4,16,1060742,benign,184,153,11095,0,7979,3073,1,2616,2929,0,688,39490,3245,3,52,1409,702,324,3,13671,7752,30389,0,0,654,8843,7692,11573,0,0,0,18,24,39,0,39598,31332,34579,2,0,0,317
102,1,19,1060759,benign,185,153,11144,0,8029,3084,1,2616,2929,0,698,39627,3245,3,53,1316,759,324,3,13536,7745,30338,0,0,654,8807,7664,11545,0,0,0,18,24,277,2,39647,31123,34416,2,0,0,317
103,3,18,1060741,SDC,193,155,10869,0,7854,3009,1,2548,2847,0,644,38400,3147,3,53,1320,827,567,3,13505,7861,29625,0,0,638,8578,7400,11258,0,0,0,18,22,39,0,38760,30274,33768,2,0,0,317
104,4,6,1060735,benign,189,154,11135,1,8013,3081,1,2616,2929,0,707,39741,3245,3,53,1551,728,333,3,13832,8030,30327,0,0,654,8863,7677,11543,0,0,0,18,24,48,2,39832,31219,34493,3,0,0,317
105,2,14,1060745,benign,183,153,11121,0,8003,3084,1,2616,2929,0,694,39505,3245,3,53,1318,758,324,3,13433,7592,30361,0,0,654,8842,7691,11564,0,0,0,18,25,141,2,39524,30932,34338,2,0,0,317
106,5,23,1060731,benign,187,153,11155,0,8037,3094,1,2616,2929,0,691,39412,3245,3,53,1491,767,324,3,13624,7815,30393,0,0,654,8841,7663,11540,0,0,0,18,24,39,0,39383,30996,34231,2,0,0,317
107,10,17,1060767,benign,187,154,11147,0,8031,3079,1,2616,2929,0,692,39523,3245,3,53,1363,738,426,4,13514,7697,30448,0,0,654,8851,7683,11568,0,0,0,18,24,141,2,40011,31239,34501,2,0,0,317
108,7,19,1060738,benign,194,153,11160,0,8052,3085,1,2616,2929,0,691,39457,3245,3,52,1380,734,426,3,13829,7803,30453,0,0,654,8829,7669,11569,0,0,0,18,25,39,0,39607,31092,34552,2,0,0,317
109,4,21,1060744,benign,167,153,11121,0,8008,3087,1,2616,2929,0,698,39357,3245,3,53,1367,813,426,3,13707,8004,30357,0,0,654,8834,7649,11558,0,0,0,18,23,39,0,39280,30973,34306,2,0,0,317
110,6,19,1060732,benign,167,153,11139,0,8032,3086,1,2616,2929,0,700,39366,3245,3,53,1354,753,323,3,13278,7402,30304,0,0,654,8855,7669,11535,0,0,0,18,24,39,0,39192,30846,34110,2,0,0,317
111,9,15,1060758,benign,200,153,11123,0,8010,3081,1,2616,2929,0,699,39647,3245,3,52,1489,794,425,3,13573,7919,30495,0,0,654,8818,7673,11559,0,0,0,18,23,39,0,39462,31028,34315,2,0,0,317
112,4,27,1060737,benign,188,153,11140,0,8032,3084,1,2616,2929,0,690,39377,3245,3,51,1291,690,324,3,13415,7592,30364,0,0,654,8855,7689,11535,0,0,0,18,23,39,0,39472,30962,34220,2,0,0,317
113,7,2,1060744,benign,170,153,11146,0,8030,3084,1,2616,2929,0,690,39227,3245,3,53,1522,736,324,3,13310,7520,30310,0,0,654,8844,7651,11491,0,0,0,18,23,39,0,39231,30970,34234,2,0,0,317
114,2,19,1060720,benign,164,153,11140,0,8026,3096,1,2616,2929,0,701,39177,3245,3,52,1341,765,324,3,13166,7294,30286,0,0,654,8866,7676,11567,0,0,0,18,23,39,0,39091,30658,34088,2,0,0,317
115,1,16,1060755,benign,186,153,11104,0,7992,3077,1,2616,2929,0,690,39322,3245,3,52,1314,760,324,4,13653,7799,30344,0,0,654,8841,7661,11516,0,0,0,18,23,39,0,39328,31072,34363,2,0,0,317
116,7,23,1060760,benign,167,153,11107,0,7990,3073,1,2616,2929,0,696,39260,3245,3,53,1345,747,324,3,13419,7590,30356,0,0,654,8855,7677,11564,0,0,0,18,23,39,0,39009,30989,34430,2,0,0,317
117,9,20,1060725,benign,185,153,11128,0,8015,3080,1,2616,2929,0,686,39476,3245,3,52,1347,741,324,3,13605,7713,30378,0,0,654,8868,7664,11559,0,0,0,18,23,39,0,39621,31082,34305,2,0,0,317
118,2,20,1060720,benign,165,153,11126,0,8023,3086,1,2616,2929,0,699,39265,3245,3,53,1497,758,324,3,13287,7542,30277,0,0,654,8816,7661,11557,0,0,0,18,23,143,2,39299,31010,34439,2,0,0,317
119,3,7,1060761,benign,187,153,11113,0,7997,3077,1,2616,2929,0,687,39319,3245,3,53,1451,926,324,3,13641,7802,30365,0,0,654,8815,7651,11510,0,0,0,18,21,264,2,39840,31148,34413,2,0,0,317
120,4,9,1060760,benign,168,153,11152,1,8031,3086,1,2616,2929,0,690,39693,3245,3,52,1360,718,428,3,13378,7374,30181,0,0,654,8874,7676,11549,0,0,0,18,24,39,0,39280,30757,34005,3,0,0,317
121,3,28,1060738,crash/hangs,-,-,-,-,-,-,-,-,-,-,-,-,-,-,-,-,-,-,-,-,-,-,-,-,-,-,-,-,-,-,-,-,-,-,-,-,-,-,-,-,-,-
122,4,14,1060728,benign,90,30,11109,0,8005,3386,1,2616,2929,0,696,39452,3245,3,53,1369,751,426,3,13252,7542,30352,0,0,654,8852,7684,11582,0,0,0,18,24,140,2,39372,30707,33960,2,0,0,317
123,4,22,1060739,benign,189,153,11154,0,8044,3090,1,2616,2929,0,705,39770,3245,3,51,1361,773,324,3,13797,7869,30292,0,0,654,8848,7680,11581,0,0,0,18,24,39,0,39466,31189,34539,2,0,0,317
124,2,21,1060734,benign,196,153,11112,0,8001,3087,1,2616,2929,0,706,39493,3245,3,53,1350,753,324,3,13603,7687,30401,0,0,654,8848,7649,11552,0,0,0,18,24,39,0,39524,31126,34399,2,0,0,317
125,1,21,1060739,benign,194,153,11143,0,8032,3075,1,2616,2929,0,695,39501,3245,3,53,1361,690,324,3,13799,7759,30331,0,0,654,8855,7657,11521,0,0,0,18,23,39,0,39316,31075,34360,2,0,0,317
126,1,31,1060752,benign,166,153,11149,0,8028,3083,1,2616,2929,0,691,39203,3245,3,52,1340,773,324,3,13588,7477,30345,0,0,654,8858,7652,11526,0,0,0,18,25,39,0,39262,30826,34023,2,0,0,317
127,4,26,1060752,benign,165,153,11134,0,8019,3079,1,2616,2929,0,686,39401,3245,3,52,1477,716,324,3,13375,7536,30387,0,0,654,8873,7649,11541,0,0,0,18,23,39,0,39417,30772,34004,2,0,0,317
128,9,14,1060747,benign,189,152,11128,0,8018,3083,1,2616,2929,0,699,39764,3245,3,52,1303,736,324,3,13551,7698,30336,0,0,654,8866,7690,11569,0,0,0,18,23,39,0,39495,31033,34305,2,0,0,317
129,1,9,1060725,SDC,193,156,10862,2,7851,3014,1,2548,2847,0,676,38777,3147,3,54,1301,801,422,3,13455,7648,29667,0,0,638,8609,7452,11325,0,0,0,18,23,136,6,39356,30498,33764,4,0,0,317
130,6,2,1060754,benign,187,153,11149,0,8034,3083,1,2616,2929,0,684,39606,3245,3,54,1504,783,425,3,13712,7935,30315,0,0,654,8837,7645,11536,0,0,0,18,23,39,0,39481,30917,34199,2,0,0,317
131,6,9,1060722,benign,186,153,11138,0,8032,3082,1,2616,2929,0,688,39274,3245,3,52,1538,766,324,3,13923,7863,30311,0,0,654,8827,7651,11526,0,0,0,18,24,39,0,39501,31050,34468,2,0,0,317
132,3,17,1060720,benign,167,153,11137,0,8025,3087,1,2616,2929,0,709,39354,3245,3,53,1461,735,426,3,13279,7405,30366,0,0,654,8874,7674,11555,0,0,0,18,22,141,2,39214,30857,34137,2,0,0,317
133,8,9,1060739,benign,182,154,11100,0,8006,3093,1,2616,2929,0,701,39912,3245,3,53,1711,930,324,3,13600,7856,30418,0,0,654,8845,7709,11568,0,0,0,19,28,41,0,39429,31053,34302,2,0,0,317
134,4,21,1060739,benign,187,153,11104,0,8003,3078,1,2616,2929,0,680,39475,3245,3,52,1375,752,324,4,13443,7598,30377,0,0,654,8847,7666,11551,0,0,0,18,21,39,0,39565,31063,34323,2,0,0,317
135,4,24,1060756,benign,165,153,11104,0,7989,3082,1,2616,2929,0,697,39296,3245,3,52,1406,718,568,3,13423,7728,30255,0,0,654,8856,7653,11523,0,0,0,18,25,326,2,39758,30795,34038,2,0,0,316
0,10,3,1060722,benign,121,27,11080,0,7990,3084,1,2616,2929,0,694,39506,3245,3,52,1318,801,425,3,13462,7573,30393,0,0,654,8848,7682,11581,0,0,0,18,22,39,0,39439,31174,34433,2,0,0,317
1,7,19,1060738,benign,197,153,11102,0,7994,3085,1,2616,2929,0,689,39654,3245,3,53,1569,911,324,4,13691,7820,30393,0,0,654,8848,7695,11559,0,0,0,18,25,38,0,39501,31424,34705,2,0,0,316
2,4,16,1060734,benign,188,153,11114,0,8003,3086,1,2616,2929,0,685,39350,3245,3,52,1295,788,324,3,13500,7701,30390,0,0,654,8830,7688,11564,0,0,0,19,25,41,0,39548,31140,34424,2,0,0,317
3,1,12,1060764,benign,165,153,11145,0,8031,3088,1,2616,2929,0,700,39469,3245,3,53,1315,752,428,3,13435,7631,30369,0,0,654,8815,7665,11563,0,0,0,18,23,39,0,39184,30869,34113,2,0,0,317
4,5,24,1060762,benign,185,153,11139,0,8027,3081,1,2616,2929,0,685,39547,3245,3,52,1504,695,324,3,13511,7663,30361,0,0,654,8850,7667,11508,0,0,0,18,24,139,2,39534,31172,34432,2,0,0,317
5,8,30,1060725,benign,192,153,11133,0,8022,3090,1,2616,2929,0,695,39601,3245,3,53,1354,1042,324,3,13754,7773,30351,0,0,654,8847,7683,11563,0,0,0,18,23,39,0,39585,31135,34497,2,0,0,317
6,2,3,1060745,benign,190,153,11124,0,8010,3084,1,2616,2929,0,681,39382,3245,3,53,1374,748,426,3,13544,7739,30391,0,0,654,8857,7681,11541,0,0,0,18,24,39,0,39737,31226,34520,2,0,0,317
7,4,18,1060755,benign,192,151,11117,0,8011,3084,1,2616,2929,0,698,39748,3245,3,53,1287,980,324,4,13575,7681,30357,0,0,654,8837,7640,11485,0,0,0,18,24,39,0,39735,31060,34325,2,0,0,317
8,4,18,1060731,benign,183,151,11134,0,8019,3079,1,2616,2929,0,696,39394,3245,3,52,1503,712,324,3,13670,7815,30331,0,0,654,8849,7663,11541,0,0,0,19,26,41,0,39458,31245,34527,2,0,0,317
9,6,8,1060768,benign,170,153,11137,0,8017,3080,1,2616,2929,0,695,39552,3245,3,52,1552,732,424,3,13255,7338,30273,0,0,654,8841,7682,11572,0,0,0,18,24,141,2,39645,31072,34593,2,0,0,317
10,6,31,1060763,benign,185,153,11138,0,8025,3081,1,2616,2929,0,698,39656,3245,3,52,1371,710,324,4,13507,7674,30370,0,0,654,8849,7669,11537,0,0,0,18,24,39,0,39498,31134,34389,2,0,0,317
11,1,3,1060731,SDC,186,157,10859,2,7844,3020,1,2548,2847,0,659,38938,3147,3,55,1450,795,503,3,13345,7436,29541,0,0,638,8613,7414,11272,0,0,0,18,22,220,6,39396,30665,33923,4,0,0,317
12,6,2,1060730,benign,184,151,11096,0,8000,3091,1,2616,2929,0,682,39541,3245,3,52,1549,759,324,3,13915,7821,30342,0,0,654,8849,7647,11556,0,0,0,18,24,39,0,39545,31276,34536,2,0,0,317
13,1,26,1060721,SDC,191,153,10867,0,7838,3030,1,2555,2854,0,703,39012,3156,3,52,1325,763,324,4,13708,8035,29744,0,0,640,8596,7425,11280,0,0,0,18,22,39,0,38718,30864,34162,2,0,0,317
14,10,30,1060752,benign,164,151,11110,0,8019,3092,1,2616,2929,0,689,39435,3245,3,52,1432,738,324,3,13418,7656,30362,0,0,654,8855,7652,11533,0,0,0,19,27,41,0,39166,30628,33892,2,0,0,317
15,3,6,1060761,benign,191,153,11090,0,7985,3073,1,2616,2929,0,695,39487,3245,3,51,1407,695,324,3,13577,7778,30297,0,0,654,8858,7676,11566,0,0,0,18,23,38,0,39397,31167,34562,2,0,0,317
16,1,28,1060721,SDC,195,153,10880,0,7849,3028,1,2555,2854,0,703,39317,3156,3,53,1347,719,324,3,13665,7753,29687,0,0,640,8580,7443,11295,0,0,0,18,21,39,0,38942,30461,33741,2,0,0,317
17,7,7,1060768,benign,167,153,11118,0,8011,3087,1,2616,2929,0,704,39538,3245,3,52,1331,762,324,3,13205,7392,30352,0,0,654,8851,7678,11558,0,0,0,18,23,33,0,39287,30925,34138,2,0,0,317
18,7,3,1060723,benign,191,153,11097,0,7996,3073,1,2616,2929,0,694,39624,3245,3,52,1400,981,324,3,13684,7837,30432,0,0,654,8841,7676,11549,0,0,0,18,25,39,0,39882,31300,34554,2,0,0,317
19,9,11,1060747,benign,197,153,11145,0,8030,3081,1,2616,2929,0,696,39566,3245,3,52,1353,801,324,3,13541,7796,30326,0,0,654,8862,7700,11586,0,0,0,18,24,39,0,39350,31336,34598,2,0,0,317
20,6,22,1060746,benign,182,151,11121,0,8011,3089,1,2616,2929,0,696,39489,3245,3,53,1375,881,324,3,13614,7610,30376,0,0,654,8858,7670,11556,0,0,0,18,24,140,2,39628,31195,34472,2,0,0,317
21,4,23,1060723,benign,191,153,11119,0,8007,3085,1,2616,2929,0,697,39528,3245,3,51,1552,726,426,4,13362,7609,30369,0,0,654,8832,7663,11560,0,0,0,18,25,39,0,39678,31041,34274,2,0,0,317
22,8,29,1060762,benign,192,153,11138,0,8027,3085,1,2616,2929,0,696,39807,3245,3,52,1547,715,425,4,13625,7887,30422,0,0,654,8847,7650,11535,0,0,0,18,23,39,0,39627,31298,34553,2,0,0,317
23,7,8,1060725,benign,191,153,11122,0,8010,3075,1,2616,2929,0,691,39481,3245,3,52,1351,718,426,3,13569,7815,30351,0,0,654,8845,7652,11535,0,0,0,18,24,39,0,39583,31036,34321,2,0,0,317
24,9,24,1060745,benign,188,154,11083,0,7981,3071,1,2616,2929,0,686,39298,3245,3,52,1360,727,426,3,13479,7596,30279,0,0,654,8853,7650,11529,0,0,0,19,28,41,0,39636,31241,34503,2,0,0,317
25,7,28,1060763,benign,192,151,11119,0,8011,3078,1,2616,2929,0,696,39641,3245,3,52,1481,752,323,3,13720,7987,30372,0,0,654,8847,7665,11537,0,0,0,18,24,38,0,39293,31239,34689,2,0,0,317
26,9,18,1060754,benign,189,153,11144,0,8041,3087,1,2616,2929,0,697,39499,3245,3,52,1426,739,324,3,13662,7662,30243,0,0,654,8853,7661,11520,0,0,0,18,24,39,0,39535,30998,34411,2,0,0,317
27,10,28,1060730,benign,193,153,11089,0,7994,3077,1,2616,2929,0,692,39342,3245,3,52,1489,727,427,3,13685,7733,30359,0,0,654,8842,7678,11536,0,0,0,18,22,39,0,39523,30986,34245,2,0,0,317
28,1,20,1060740,benign,167,153,11134,0,8022,3091,1,2616,2929,0,699,39555,3245,3,53,1378,724,323,4,13696,7644,30355,0,0,654,8856,7675,11540,0,0,0,18,23,39,0,39139,31042,34270,2,0,0,317
29,9,26,1060765,benign,189,153,11131,0,8025,3080,1,2616,2929,0,697,39863,3245,3,53,1593,738,426,3,13569,7738,30289,0,0,654,8854,7663,11529,0,0,0,18,23,39,0,39413,31030,34321,2,0,0,317
30,5,11,1060743,benign,208,151,11115,0,8008,3082,1,2616,2930,0,681,39378,3245,3,52,1350,723,323,3,13678,7961,30489,0,0,654,8856,7669,11542,0,0,0,18,23,39,0,39550,31078,34352,2,0,0,317
31,2,15,1060738,benign,184,153,11123,0,8007,3081,1,2616,2929,0,690,39630,3245,3,52,1370,719,484,3,13434,7688,30321,0,0,654,8852,7704,11587,0,0,0,18,24,35,1,39592,30969,34222,2,0,0,317
32,4,26,1060756,benign,167,153,11159,0,8044,3087,1,2616,2929,0,691,39363,3245,3,52,1553,862,324,3,13543,7706,30310,0,0,654,8848,7668,11542,0,0,0,18,23,141,2,39287,30849,34107,2,0,0,317
33,9,3,1060745,benign,187,151,11128,0,8018,3094,1,2616,2929,0,695,39703,3245,3,52,1381,1125,324,3,13692,7972,30320,0,0,654,8837,7703,11567,0,0,0,18,22,39,0,39690,31116,34380,2,0,0,317
34,8,25,1060747,benign,191,153,11124,0,8011,3084,1,2616,2929,0,687,39355,3245,3,52,1464,791,324,3,13550,7698,30404,0,0,654,8849,7677,11528,0,0,0,18,24,39,0,39532,30891,34202,2,0,0,317
35,6,14,1060745,benign,190,153,11115,0,8004,3077,1,2616,2929,0,692,39666,3245,3,52,1371,711,324,3,13512,7717,30391,0,0,654,8855,7664,11539,0,0,0,19,26,41,0,39522,31300,34531,2,0,0,317
36,1,14,1060725,SDC,185,155,10863,1,7846,3025,1,2548,2847,0,652,38580,3147,3,54,1372,755,419,3,13194,7364,29559,0,0,638,8572,7379,11256,0,0,0,18,23,299,3,39289,30068,33452,3,0,0,317
37,3,1,1060733,benign,183,151,11147,0,8038,3091,1,2616,2929,0,690,39598,3245,3,52,1593,740,426,4,13853,8158,30437,0,0,654,8852,7696,11576,0,0,0,18,23,140,2,39550,31063,34320,2,0,0,317
38,6,6,1060724,benign,167,153,11151,0,8032,3084,1,2616,2929,0,690,39230,3245,3,52,1319,785,324,3,13278,7426,30377,0,0,654,8836,7652,11549,0,0,0,18,23,141,2,39482,30779,34041,2,0,0,317
39,8,23,1060750,benign,189,153,11149,0,8034,3090,1,2616,2929,0,690,39596,3245,3,52,1500,745,417,3,13645,7754,30380,0,0,654,8861,7669,11548,0,0,0,19,27,41,0,39550,31089,34390,2,0,0,317
40,10,4,1060726,benign,195,153,11130,0,8019,3081,1,2616,2929,0,696,39522,3245,3,53,1518,771,324,3,13757,7999,30442,0,0,654,8828,7652,11520,0,0,0,18,24,39,0,39334,31300,34532,2,0,0,317
41,1,30,1060766,benign,195,151,11146,0,8035,3077,1,2616,2929,0,698,39665,3245,3,52,1338,762,425,3,13531,7721,30254,0,0,654,8834,7712,11559,0,0,0,18,24,39,0,39407,31023,34389,2,0,0,317
42,10,11,1060754,benign,192,153,11107,0,7998,3083,1,2616,2929,0,694,39525,3245,3,53,1336,733,324,3,13640,7838,30249,0,0,654,8860,7652,11506,0,0,0,18,25,132,2,39732,30879,34143,2,0,0,317
43,4,11,1060752,benign,166,153,11134,0,8014,3078,1,2616,2929,0,690,39387,3245,3,52,1349,711,426,3,13516,7676,30329,0,0,654,8811,7626,11501,0,0,0,18,24,39,0,39186,30852,34095,2,0,0,316
44,8,11,1060765,benign,183,153,11142,0,8030,3091,1,2616,2929,0,687,39419,3245,3,52,1357,775,428,3,13715,7883,30360,0,0,654,8874,7679,11553,0,0,0,19,25,41,0,39283,31003,34253,2,0,0,317
45,2,20,1060739,benign,187,153,11144,0,8025,3079,1,2616,2929,0,685,39445,3245,3,52,1362,790,428,3,13468,7520,30331,0,0,654,8849,7714,11578,0,0,0,18,23,39,0,39386,31072,34366,2,0,0,316
46,2,8,1060750,benign,200,153,11136,0,8023,3088,1,2616,2929,0,707,39756,3245,3,52,1570,723,324,3,13600,7767,30365,0,0,654,8845,7692,11558,0,0,0,18,24,39,0,39715,31402,34846,2,0,0,317
47,10,23,1060761,benign,188,153,11147,0,8030,3092,1,2616,2929,0,708,39672,3245,3,52,1347,763,324,4,13615,7710,30368,0,0,654,8851,7680,11548,0,0,0,18,22,39,0,39458,31069,34525,2,0,0,317
48,3,31,1060747,benign,197,153,11146,0,8031,3081,1,2616,2929,0,714,39795,3245,3,52,1575,768,324,3,13737,7851,30442,0,0,654,8855,7672,11518,0,0,0,18,24,39,0,39709,31426,34668,2,0,0,317
49,10,16,1060737,benign,190,151,11145,0,8033,3082,1,2616,2929,0,691,39487,3245,3,53,1332,763,323,3,13888,7939,30414,0,0,654,8828,7641,11509,0,0,0,18,24,39,0,39414,31128,34371,2,0,0,317
50,1,25,1060721,SDC,198,153,10844,0,7830,3016,1,2555,2854,0,696,39046,3156,3,52,1284,792,324,3,13336,7538,29645,0,0,640,8616,7467,11329,0,0,0,18,22,39,0,38798,30413,33644,2,0,0,317
51,6,21,1060727,benign,189,153,11124,0,8019,3086,1,2616,2929,0,692,39571,3245,3,52,1319,763,324,3,13563,7732,30330,0,0,654,8848,7672,11544,0,0,0,18,24,141,2,39702,31107,34485,2,0,0,317
52,8,29,1060750,benign,191,153,11115,0,8006,3076,1,2616,2930,0,690,39633,3245,3,52,1582,970,324,3,13945,7921,30339,0,0,654,8832,7666,11565,0,0,0,18,23,139,3,39914,31053,34323,2,0,0,317
53,2,18,1060758,benign,193,153,11093,0,7993,3089,1,2616,2930,0,691,39588,3245,3,52,1366,813,324,4,13724,7847,30290,0,0,654,8843,7668,11534,0,0,0,18,24,39,0,39789,31279,34559,2,0,0,317
54,6,15,1060768,benign,166,151,11126,0,8026,3076,1,2616,2929,0,710,39468,3245,3,52,1514,805,324,4,13459,7580,30264,0,0,654,8837,7634,11545,0,0,0,18,24,39,0,39384,30895,34312,2,0,0,317
55,9,25,1060753,benign,184,153,11136,0,8031,3084,1,2616,2929,0,695,39686,3245,3,52,1355,805,426,3,13907,7983,30341,0,0,654,8868,7662,11529,0,0,0,18,25,143,2,39853,30986,34268,2,0,0,317
56,3,26,1060747,benign,197,151,11134,0,8026,3080,1,2616,2929,0,703,39772,3245,3,52,1516,763,324,3,13682,7700,30421,0,0,654,8832,7626,11534,0,0,0,18,24,141,2,39813,31109,34597,2,0,0,317
0,3,15,1060765,benign,122,28,11153,0,8050,3088,1,2616,2929,1,705,39870,3245,3,51,1376,771,426,4,13395,7567,30249,0,0,654,8838,7687,11568,0,0,0,18,24,39,0,39428,31349,34591,2,0,0,317
1,9,28,1060746,benign,194,151,11136,0,8024,3083,1,2616,2929,0,691,39435,3245,3,53,1366,721,324,4,13619,7821,30310,0,0,654,8860,7650,11524,0,0,0,18,24,39,0,39610,31010,34350,2,0,0,317
2,6,28,1060742,benign,192,153,11121,0,8013,3081,1,2616,2929,0,704,39551,3245,3,52,1527,794,428,3,13743,7912,30355,0,0,654,8824,7691,11550,0,0,0,18,23,39,0,39327,31150,34482,2,0,0,317
3,1,19,1060755,benign,198,153,11105,0,7988,3077,1,2616,2929,0,685,39732,3245,3,52,1568,734,324,3,13572,7865,30365,0,0,654,8864,7682,11543,0,0,0,18,24,39,0,39606,30906,34183,2,0,0,317
4,6,12,1060742,benign,201,153,11115,0,8008,3088,1,2616,2929,0,697,39508,3245,3,52,1380,862,324,3,13580,7837,30313,0,0,654,8875,7683,11584,0,0,0,18,24,39,0,39414,31391,34670,2,0,0,317
5,10,26,1060742,benign,186,151,11140,0,8031,3090,1,2616,2929,0,698,39672,3245,3,53,1339,734,324,3,13938,8093,30415,0,0,654,8850,7653,11528,0,0,0,18,24,39,0,39649,31156,34438,2,0,0,317
6,7,0,1060751,benign,186,151,11144,0,8025,3076,1,2616,2929,0,699,39551,3245,3,51,1393,762,426,4,13404,7747,30380,0,0,654,8868,7652,11554,0,0,0,18,25,39,0,39578,31198,34450,2,0,0,317
7,3,30,1060730,benign,181,153,11093,0,7989,3065,1,2616,2929,0,708,39908,3245,3,51,1540,721,428,3,13538,7666,30358,0,0,654,8848,7667,11556,0,0,0,18,22,39,0,39491,31169,34411,2,0,0,317
8,4,31,1060742,benign,191,153,11124,0,8017,3093,1,2616,2929,0,701,39547,3245,3,51,1380,755,426,3,13828,7826,30402,0,0,654,8871,7668,11547,0,0,0,18,25,39,0,39696,31032,34289,2,0,0,317
9,4,22,1060751,benign,197,153,11141,0,8023,3081,1,2616,2929,0,688,39475,3245,3,52,1378,750,428,4,13659,7914,30408,0,0,654,8839,7637,11554,0,0,0,18,25,39,0,39512,30949,34186,2,0,0,317
10,7,21,1060723,benign,182,153,11089,0,7989,3083,1,2616,2929,0,686,39508,3245,3,52,1540,688,324,3,13697,7835,30361,0,0,654,8853,7704,11571,0,0,0,18,24,33,0,39709,31134,34405,2,0,0,317
11,2,27,1060746,benign,199,151,11121,0,8003,3085,1,2616,2929,0,697,39574,3245,3,52,1564,774,324,3,13721,7979,30388,0,0,654,8846,7693,11554,0,0,0,18,25,39,0,39711,31336,34791,2,0,0,317
12,1,13,1060740,benign,166,153,11136,0,8027,3088,1,2616,2929,0,692,39349,3245,3,52,1368,767,324,3,13389,7349,30294,0,0,654,8867,7662,11536,0,0,0,18,24,39,0,39058,30796,34097,2,0,0,317
13,10,4,1060738,benign,190,153,11130,0,8019,3082,1,2616,2929,0,705,39700,3245,3,52,1540,773,324,3,13668,7912,30304,0,0,654,8851,7669,11529,0,0,0,18,24,39,0,39742,31201,34589,2,0,0,317
14,10,26,1060740,benign,169,151,11137,0,8025,3084,1,2616,2929,0,692,39680,3245,3,52,1360,806,324,3,13654,7573,30449,0,0,654,8854,7680,11551,0,0,0,18,23,39,0,39190,31027,34305,2,0,0,317
15,10,18,1060759,benign,182,151,11144,0,8032,3086,1,2616,2929,0,697,39634,3245,3,52,1292,841,324,3,13807,8161,30379,0,0,654,8857,7704,11572,0,0,0,18,24,39,0,39247,30946,34189,2,0,0,317
16,4,4,1060730,benign,193,154,11099,1,7988,3078,1,2616,2929,0,711,39898,3245,3,53,1345,1015,333,4,13458,7604,30350,0,0,654,8811,7684,11565,0,0,0,18,24,48,2,39586,31176,34469,3,0,0,317
17,6,4,1060743,benign,193,153,11112,0,8002,3087,1,2616,2929,0,699,39536,3245,3,52,1490,754,324,3,13429,7595,30346,0,0,654,8840,7676,11584,0,0,0,18,24,39,0,39453,31366,34597,2,0,0,317
18,9,23,1060745,benign,184,151,11143,0,8029,3090,1,2616,2929,0,679,39373,3245,3,53,1555,938,324,3,13912,8137,30329,0,0,654,8846,7656,11515,0,0,0,18,22,39,0,39551,31291,34736,2,0,0,317
19,8,17,1060732,benign,166,153,11125,0,8020,3087,1,2616,2929,0,684,39244,3245,3,52,1421,773,428,3,13468,7563,30340,0,0,654,8867,7664,11544,0,0,0,18,24,141,2,39527,30968,34227,2,0,0,317
20,5,2,1060734,benign,187,153,11098,0,7991,3087,1,2616,2929,0,699,39592,3245,3,52,1317,759,424,3,13473,7579,30293,0,0,654,8851,7674,11548,0,0,0,18,24,140,2,39595,31269,34541,2,0,0,317
21,4,18,1060751,benign,196,153,11143,0,8030,3092,1,2616,2929,0,692,39545,3245,3,52,1362,788,324,3,13543,7721,30381,0,0,654,8868,7687,11559,0,0,0,18,22,39,0,39638,30985,34270,2,0,0,317
22,7,0,1060730,benign,190,153,11124,0,8020,3078,1,2616,2929,0,688,39617,3245,3,53,1348,719,420,4,13393,7578,30344,0,0,654,8860,7671,11553,0,0,0,18,25,39,0,39517,30982,34256,2,0,0,317
23,6,19,1060745,benign,185,153,11141,0,8026,3083,1,2616,2929,0,710,39906,3245,3,53,1556,734,324,3,13782,8011,30354,0,0,654,8830,7675,11559,0,0,0,18,25,39,0,39772,31267,34536,2,0,0,317
24,8,19,1060755,benign,200,153,11155,0,8039,3088,1,2616,2929,0,702,39602,3245,3,52,1591,773,426,3,13843,8151,30323,0,0,654,8895,7705,11525,0,0,0,18,25,140,2,39803,31053,34333,2,0,0,317
25,6,15,1060736,benign,167,153,11127,0,8015,3088,1,2616,2929,0,685,39348,3245,3,52,1569,726,426,3,13532,7557,30259,0,0,654,8831,7653,11517,0,0,0,18,23,143,2,39470,30781,34065,2,0,0,317
26,7,22,1060727,benign,188,153,11129,0,8027,3088,1,2616,2929,0,692,39411,3245,3,52,1746,806,426,3,13535,7683,30245,0,0,654,8852,7663,11553,0,0,0,18,23,38,0,39442,31266,34520,2,0,0,317
27,8,6,1060744,benign,168,153,11129,0,8026,3088,1,2616,2929,0,680,39332,3245,3,52,1690,722,324,3,13414,7571,30348,0,0,654,8874,7666,11536,0,0,0,19,28,41,0,39251,30959,34237,2,0,0,317
28,4,10,1060727,benign,190,153,11108,1,8003,3082,1,2616,2929,0,680,39519,3245,3,51,1505,785,324,3,13923,7869,30354,0,0,654,8831,7664,11541,0,0,0,19,26,41,0,39722,31022,34476,3,0,0,317
29,1,20,1060763,benign,202,153,11120,0,8010,3082,1,2616,2929,0,691,39732,3245,3,52,1354,779,323,3,13897,7877,30387,0,0,654,8872,7670,11558,0,0,0,18,23,39,0,39521,31073,34297,2,0,0,317
30,5,22,1060760,benign,167,153,11113,0,8003,3078,1,2616,2930,0,707,39562,3245,3,53,1522,841,324,3,13496,7360,30264,0,0,654,8873,7665,11533,0,0,0,18,24,39,0,39430,30789,34099,2,0,0,317
31,7,29,1060729,benign,189,153,11134,0,8018,3078,1,2616,2929,0,701,39635,3245,3,52,1336,904,324,3,13832,7947,30456,0,0,654,8849,7667,11531,0,0,0,18,24,140,2,39377,31068,34421,2,0,0,317
32,2,15,1060730,benign,195,153,11145,0,8029,3081,1,2616,2929,0,687,39326,3245,3,52,1350,733,323,3,13706,7878,30338,0,0,654,8871,7638,11497,0,0,0,18,23,39,0,39255,31041,34464,2,0,0,317
33,2,12,1060761,benign,182,153,11123,0,8003,3084,1,2616,2929,0,709,40039,3245,3,52,1371,730,324,3,13707,7751,30311,0,0,654,8852,7677,11531,0,0,0,18,24,39,0,39666,30867,34301,2,0,0,317
34,3,29,1060749,benign,189,153,11130,0,8015,3080,1,2616,2929,0,695,39956,3245,3,52,1339,866,324,4,13835,8113,30365,0,0,654,8844,7662,11536,0,0,0,18,23,39,0,39444,30930,34227,2,0,0,317
35,6,12,1060723,benign,193,153,11162,0,8038,3088,1,2616,2929,0,713,40176,3245,3,52,1298,746,324,3,13706,7675,30280,0,0,654,8862,7657,11542,0,0,0,18,23,39,0,39459,31238,34730,2,0,0,317
36,4,6,1060752,benign,165,154,11107,1,7997,3081,1,2616,2929,0,695,39419,3245,3,52,1518,946,333,3,13078,7295,30316,0,0,654,8838,7668,11548,0,0,0,18,23,38,0,39199,31007,34508,3,0,0,317
37,6,19,1060743,benign,193,153,11094,0,7987,3078,1,2616,2929,0,693,39568,3245,3,54,1508,746,425,3,13727,8035,30360,0,0,654,8840,7663,11521,0,0,0,18,23,39,0,39625,30876,34079,2,0,0,317
38,7,21,1060750,benign,184,151,11144,0,8026,3087,1,2616,2929,0,711,39888,3245,3,52,1544,769,323,3,13351,7511,30297,0,0,654,8844,7671,11534,0,0,0,18,22,39,0,39348,30824,34104,2,0,0,317
39,4,21,1060724,benign,164,151,11097,0,7990,3092,1,2616,2929,0,694,39114,3245,3,53,1345,741,324,3,13355,7627,30352,0,0,654,8844,7660,11565,0,0,0,18,25,39,0,39543,30690,33954,2,0,0,317
40,6,14,1060730,benign,185,153,11134,0,8018,3086,1,2616,2929,0,691,39502,3245,3,52,1496,958,425,4,13659,7824,30299,0,0,654,8834,7655,11563,0,0,0,18,22,39,0,39708,30996,34264,2,0,0,317
41,7,29,1060745,crash/hangs,-,-,-,-,-,-,-,-,-,-,-,-,-,-,-,-,-,-,-,-,-,-,-,-,-,-,-,-,-,-,-,-,-,-,-,-,-,-,-,-,-,-
42,5,28,1060752,benign,87,113,11212,96,8007,3079,1,2616,2929,0,696,39567,3245,3,52,1338,716,426,3,13440,7552,30166,0,0,654,8839,7673,11529,0,0,0,18,24,39,0,39190,30938,34359,2,0,0,317
43,4,24,1060746,benign,188,153,11088,0,7977,3082,1,2616,2929,0,683,39497,3245,3,52,1488,780,426,4,13572,7754,30411,0,0,654,8832,7663,11512,0,0,0,18,22,39,0,39553,31236,34538,2,0,0,317
44,10,24,1060738,benign,184,153,11101,0,7992,3084,1,2616,2929,0,699,39662,3245,3,52,1370,925,324,3,13449,7604,30335,0,0,654,8835,7666,11544,0,0,0,18,24,39,0,39404,31207,34492,2,0,0,317
45,4,2,1060721,benign,195,154,11107,1,7996,3079,1,2616,2929,0,703,39467,3245,3,52,1579,812,332,3,13845,7815,30371,0,0,654,8813,7672,11540,0,0,0,18,24,62,2,39497,31197,34715,2,0,0,316
46,10,28,1060734,benign,184,153,11143,0,8035,3083,1,2616,2929,0,696,39685,3245,3,52,1497,714,417,3,13498,7684,30408,0,0,654,8879,7684,11564,0,0,0,18,23,38,0,39597,31018,34267,2,0,0,317
47,7,17,1060753,benign,195,153,11119,0,8017,3083,1,2616,2929,0,700,39627,3245,3,52,1348,757,323,3,13598,7826,30318,0,0,654,8839,7674,11544,0,0,0,18,25,39,0,39490,31146,34391,2,0,0,317
48,10,11,1060721,benign,183,153,11082,0,7984,3075,1,2616,2929,0,697,39614,3245,3,52,1695,784,424,3,13538,7629,30326,0,0,654,8864,7706,11580,0,0,0,18,25,39,0,40029,31570,34838,2,0,0,317
49,5,11,1060759,benign,188,153,11131,0,8019,3081,1,2616,2930,0,695,39669,3245,3,53,1357,908,324,3,13716,7885,30353,0,0,654,8868,7666,11531,0,0,0,18,23,39,0,39708,30927,34272,2,0,0,317
50,9,12,1060759,benign,186,153,11126,0,8008,3084,1,2616,2929,0,687,39383,3245,3,52,1518,744,323,4,13685,7793,30326,0,0,654,8834,7664,11573,0,0,0,18,24,39,0,39828,31290,34531,2,0,0,317
51,10,26,1060728,benign,166,153,11142,0,8032,3081,1,2616,2929,0,706,39384,3245,3,52,1377,1001,426,3,13155,7254,30279,0,0,654,8868,7655,11533,0,0,0,18,22,39,0,39504,30675,33872,2,0,0,317
52,1,23,1060740,benign,168,153,11122,0,8015,3078,1,2616,2929,0,704,39567,3245,3,53,1363,756,324,4,13408,7625,30383,0,0,654,8842,7675,11541,0,0,0,18,22,33,0,39458,30970,34220,2,0,0,317
53,1,13,1060730,crash/hangs,-,-,-,-,-,-,-,-,-,-,-,-,-,-,-,-,-,-,-,-,-,-,-,-,-,-,-,-,-,-,-,-,-,-,-,-,-,-,-,-,-,-
54,8,9,1060762,benign,112,27,11147,0,8044,3082,1,2616,2929,0,684,39358,3245,3,52,1300,759,324,3,13632,7973,30394,0,0,654,8838,7667,11546,0,0,0,18,23,132,2,39757,31280,34598,2,0,0,317
55,7,20,1060749,benign,198,153,11131,0,8013,3089,1,2616,2929,0,683,39617,3245,3,53,1364,735,324,3,13739,8012,30398,0,0,654,8855,7678,11544,0,0,0,18,23,39,0,39258,30966,34258,2,0,0,317
56,3,27,1060723,benign,183,153,11125,0,8018,3084,1,2616,2929,0,701,39694,3245,3,53,1511,962,417,4,13451,7563,30336,0,0,654,8837,7668,11550,0,0,0,18,24,39,0,39569,31119,34367,2,0,0,317
57,9,12,1060758,benign,184,153,11140,0,8030,3089,1,2616,2929,0,693,39815,3245,3,53,1340,752,324,3,13701,7642,30315,0,0,654,8825,7681,11566,0,0,0,18,25,39,0,39663,30987,34280,2,0,0,317
58,8,12,1060723,benign,192,153,11144,0,8039,3080,1,2616,2929,0,680,39375,3245,3,52,1324,714,324,3,13554,7718,30336,0,0,654,8847,7700,11562,0,0,0,18,22,39,0,39767,31116,34382,2,0,0,316
59,7,23,1060765,benign,193,153,11142,0,8024,3073,1,2616,2930,0,690,39678,3245,3,53,1369,718,426,4,13886,8010,30313,0,0,654,8862,7660,11506,0,0,0,18,23,39,0,39507,31108,34310,2,0,0,317
60,1,29,1060726,SDC,185,153,10862,0,7849,3019,1,2548,2847,0,656,38391,3147,3,52,1289,753,324,3,13064,7416,29483,0,0,638,8603,7415,11297,0,0,0,18,23,39,0,38960,30349,33581,2,0,0,317
61,5,22,1060722,benign,187,151,11152,0,8039,3089,1,2616,2929,0,689,39629,3245,3,52,1548,760,324,3,13624,7567,30352,0,0,654,8860,7671,11527,0,0,0,18,23,39,0,39369,31023,34266,2,0,0,317
62,2,27,1060729,benign,195,153,11140,0,8020,3080,1,2616,2929,0,697,39808,3245,3,52,1559,751,324,4,13470,7623,30338,0,0,654,8847,7688,11562,0,0,0,18,24,39,0,39732,31060,34309,2,0,0,317
63,1,2,1060759,benign,183,153,11144,0,8033,3085,1,2616,2929,0,697,39390,3245,3,53,1615,754,324,4,13680,7883,30388,0,0,654,8848,7661,11524,0,0,0,18,24,141,2,39697,31163,34519,2,0,0,317
64,4,27,1060738,benign,189,153,11116,0,8011,3086,1,2616,2929,0,678,39228,3245,3,52,1528,745,324,3,13725,7958,30266,0,0,654,8835,7691,11573,0,0,0,18,24,39,0,39424,31041,34298,2,0,0,317
65,1,20,1060761,benign,191,153,11149,0,8035,3093,1,2616,2929,0,700,39701,3245,3,53,1539,744,324,4,13579,7690,30378,0,0,654,8852,7678,11559,0,0,0,18,24,132,2,39798,31025,34460,2,0,0,317
66,1,18,1060768,benign,168,151,11172,0,8054,3091,1,2616,2929,0,693,39139,3245,3,52,1552,773,324,4,13353,7459,30368,0,0,654,8857,7666,11532,0,0,0,18,23,39,0,39074,30851,34109,2,0,0,317
67,1,24,1060765,benign,191,153,11136,0,8031,3091,1,2616,2929,0,694,39563,3245,3,52,1357,940,324,3,13572,7760,30335,0,0,654,8881,7679,11564,0,0,0,18,25,39,0,39535,30914,34145,2,0,0,317
68,2,9,1060735,benign,191,153,11127,0,8014,3087,1,2616,2929,0,697,39576,3245,3,52,1473,765,427,3,13504,7784,30341,0,0,654,8858,7689,11566,0,0,0,18,23,141,2,39728,30848,34095,2,0,0,317
69,2,4,1060764,benign,165,153,11133,0,8031,3091,1,2616,2929,0,696,39281,3245,3,52,1373,715,425,3,13444,7716,30329,0,0,654,8866,7650,11495,0,0,0,18,24,39,0,39411,30844,34072,2,0,0,317
70,6,26,1060760,benign,165,153,11120,0,8011,3083,1,2616,2930,0,694,39240,3245,3,52,1340,793,426,3,13246,7567,30310,0,0,654,8866,7686,11586,0,0,0,18,23,39,0,39286,30978,34213,2,0,0,317
71,5,16,1060741,benign,184,153,11139,0,8029,3080,1,2616,2929,0,684,39354,3245,3,52,1330,712,324,3,13477,7661,30385,0,0,654,8861,7664,11525,0,0,0,18,24,39,0,39470,31071,34316,2,0,0,317
72,6,5,1060744,benign,169,153,11151,0,8038,3089,1,2616,2929,0,691,39099,3245,3,52,1383,674,419,4,13111,7282,30278,0,0,654,8849,7657,11540,0,0,0,18,23,39,0,39649,30856,34122,2,0,0,317
73,2,30,1060736,benign,167,153,11108,0,8002,3087,1,2616,2929,0,693,39192,3245,3,52,1347,928,425,3,13346,7514,30380,0,0,654,8829,7665,11541,0,0,0,19,28,41,0,39433,31054,34329,2,0,0,317
74,3,18,1060735,benign,185,153,11137,0,8023,3084,1,2616,2929,0,692,39477,3245,3,52,1564,711,426,3,13554,7692,30328,0,0,654,8826,7686,11546,0,0,0,18,23,39,0,39669,30977,34242,2,0,0,317
75,9,25,1060756,benign,167,153,11100,0,7987,3081,1,2616,2929,0,690,39334,3245,3,52,1361,1028,324,4,13259,7461,30304,0,0,654,8844,7644,11581,0,0,0,18,24,39,0,39199,30856,34070,2,0,0,317
76,7,14,1060758,benign,187,151,11143,0,8034,3090,1,2616,2929,0,694,39395,3245,3,52,1364,759,324,3,13491,7776,30375,0,0,654,8862,7684,11552,0,0,0,18,22,39,0,39311,31071,34371,2,0,0,317
77,1,16,1060751,benign,191,153,11129,0,8003,3081,1,2616,2929,0,697,39568,3245,3,52,1403,737,324,3,13390,7597,30300,0,0,654,8859,7662,11537,0,0,0,18,23,39,0,39449,31366,34629,2,0,0,317
78,9,14,1060755,benign,188,153,11141,0,8024,3093,1,2616,2929,0,699,39717,3245,3,52,1352,724,324,3,13673,7923,30379,0,0,654,8853,7681,11537,0,0,0,18,23,141,2,39854,31301,34516,2,0,0,317
79,4,8,1060728,benign,166,154,11115,1,8007,3073,1,2616,2929,0,679,39415,3245,3,52,1522,742,325,4,13396,7302,30272,0,0,654,8867,7668,11559,0,0,0,18,25,39,0,39415,30888,34119,3,0,0,317
80,10,19,1060763,benign,190,153,11146,0,8038,3077,1,2616,2929,0,700,39507,3245,3,52,1544,921,324,4,13716,7836,30420,0,0,654,8839,7631,11525,0,0,0,18,21,39,0,39212,31022,34285,2,0,0,317
81,1,10,1060760,benign,168,153,11136,0,8028,3076,1,2616,2930,0,708,39496,3245,3,52,1417,791,324,3,13395,7549,30343,0,0,654,8865,7666,11541,0,0,0,18,24,39,0,39157,30952,34217,2,0,0,317
82,1,7,1060727,SDC,190,155,10857,1,7822,3017,1,2555,2854,0,696,39224,3156,3,55,1339,783,408,3,13658,7960,29641,0,0,640,8637,7463,11336,0,0,0,18,22,124,3,39371,30437,33720,3,0,0,317
83,1,25,1060732,benign,165,153,11152,0,8037,3085,1,2616,2929,0,700,39452,3245,3,52,1358,888,324,3,13290,7518,30308,0,0,654,8847,7681,11563,0,0,0,18,24,39,0,39420,30856,34148,2,0,0,317
84,1,17,1060743,benign,190,153,11145,0,8031,3079,1,2616,2929,0,698,39633,3245,3,52,1509,762,425,3,13457,7562,30359,0,0,654,8838,7673,11565,0,0,0,18,25,39,0,39405,31004,34283,2,0,0,368
85,9,5,1060749,benign,187,153,11096,0,7992,3085,1,2616,2930,0,703,39831,3245,3,53,1360,750,324,4,13684,7638,30387,0,0,654,8838,7611,11527,0,0,0,18,23,39,0,39483,31151,34625,2,0,0,317
86,6,10,1060754,benign,189,153,11125,0,8018,3088,1,2616,2929,0,697,39527,3245,3,53,1341,985,323,3,13778,7779,30352,0,0,654,8848,7673,11544,0,0,0,18,23,39,0,39625,31132,34378,2,0,0,317
87,10,25,1060748,benign,167,151,11128,0,8016,3080,1,2616,2929,0,694,39424,3245,3,53,1581,742,324,4,13593,7661,30380,0,0,654,8847,7690,11567,0,0,0,18,23,39,0,39253,30795,34198,2,0,0,317
88,8,1,1060729,benign,184,151,11142,0,8019,3082,1,2616,2929,0,706,39768,3245,3,52,1541,785,324,4,13419,7547,30336,0,0,654,8867,7656,11519,0,0,0,18,21,39,0,39528,30816,34165,2,0,0,317
89,8,29,1060760,benign,168,151,11140,0,8031,3087,1,2616,2929,0,697,39471,3245,3,52,1478,757,324,3,13484,7726,30308,0,0,654,8853,7672,11557,0,0,0,18,24,39,0,39374,31087,34343,2,0,0,317
90,7,20,1060765,benign,190,153,11139,0,8028,3086,1,2616,2929,0,696,39520,3245,3,52,1339,826,428,3,13588,7909,30372,0,0,654,8843,7669,11533,0,0,0,18,23,143,2,39641,31328,34598,2,0,0,317
91,6,21,1060727,benign,191,154,11142,0,8031,3078,1,2616,2929,0,688,39588,3245,3,52,1423,783,428,3,13787,7815,30365,0,0,654,8829,7650,11553,0,0,0,18,23,141,2,39849,31277,34569,2,0,0,317
92,2,12,1060738,benign,184,151,11095,0,7985,3081,1,2616,2929,0,695,39654,3245,3,53,1357,743,324,4,13687,7748,30381,0,0,654,8839,7694,11549,0,0,0,18,24,39,0,39314,31280,34684,2,0,0,317
93,2,18,1060762,benign,191,153,11154,0,8034,3085,1,2616,2929,0,695,39792,3245,3,52,1442,710,417,3,13842,8109,30302,0,0,654,8854,7677,11545,0,0,0,18,25,39,0,39548,31269,34582,2,0,0,317
94,2,18,1060752,benign,165,152,11088,0,7985,3075,1,2616,2929,0,699,39328,3245,3,52,1521,744,426,4,13274,7536,30283,0,0,654,8826,7659,11579,0,0,0,18,24,39,0,39216,30963,34243,2,0,0,317
95,1,13,1060735,benign,186,153,11117,0,8011,3090,1,2616,2929,0,698,39664,3245,3,52,1383,731,425,4,13875,8102,30329,0,0,654,8859,7649,11526,0,0,0,18,25,35,1,39601,30955,34202,2,0,0,317
96,9,8,1060723,benign,188,153,11152,0,8031,3094,1,2616,2929,0,689,39575,3245,3,52,1294,732,428,3,13610,7775,30359,0,0,654,8814,7683,11558,0,0,0,18,23,39,0,39587,30905,34088,2,0,0,317
97,7,24,1060754,benign,185,153,11124,0,8014,3083,1,2616,2929,0,696,39519,3245,3,53,1482,764,324,4,13598,7870,30324,0,0,654,8860,7685,11579,0,0,0,18,24,39,0,39503,31247,34519,2,0,0,317
98,9,12,1060763,benign,195,153,11132,0,8016,3080,1,2616,2929,0,694,39833,3245,3,53,1320,835,323,3,13690,7872,30396,0,0,654,8873,7657,11534,0,0,0,18,24,39,0,39798,31121,34396,2,0,0,317
99,1,7,1060754,benign,183,153,11067,0,7971,3082,1,2616,2929,0,696,39507,3245,3,52,1552,713,324,4,13518,7748,30255,0,0,654,8857,7681,11554,0,0,0,18,24,39,0,39640,30870,34129,2,0,0,317
100,10,17,1060730,benign,187,153,11147,0,8034,3083,1,2616,2929,0,704,39821,3245,3,52,1574,716,426,3,14055,8036,30326,0,0,654,8862,7671,11526,0,0,0,18,25,39,0,39309,30948,34147,2,0,0,317
101,10,6,1060739,benign,194,153,11122,0,8009,3081,1,2616,2929,0,684,39568,3245,3,53,1327,735,324,3,13840,8098,30310,0,0,654,8822,7641,11502,0,0,0,18,24,39,0,39526,31020,34282,2,0,0,317
102,10,18,1060728,benign,165,151,11132,0,8010,3075,1,2616,2930,0,690,39308,3245,3,53,1362,723,324,3,13490,7747,30368,0,0,654,8830,7696,11552,0,0,0,18,23,39,0,39185,30701,33930,2,0,0,317
103,4,6,1060759,benign,194,152,11117,1,8012,3079,1,2616,2929,0,708,39661,3245,3,52,1377,853,351,3,13823,8005,30322,0,0,654,8867,7654,11561,0,0,0,18,24,48,2,39542,31047,34303,3,0,0,317
104,2,12,1060730,benign,182,153,11145,0,8018,3075,1,2616,2929,0,700,39477,3245,3,53,1343,927,426,3,13525,7777,30292,0,0,654,8847,7687,11567,0,0,0,18,24,39,0,39364,31179,34432,2,0,0,317
105,3,17,1060748,benign,167,154,11159,0,8049,3079,1,2616,2929,1,693,39514,3245,3,53,1365,990,324,3,13453,7625,30303,0,0,654,8850,7677,11527,0,0,0,18,23,39,0,39271,30816,34108,2,0,0,317
106,10,25,1060720,benign,165,153,11144,0,8039,3084,1,2616,2929,0,697,39491,3245,3,53,1504,745,324,3,13194,7427,30344,0,0,654,8852,7682,11569,0,0,0,18,24,39,0,39105,30774,34044,2,0,0,317
107,7,3,1060758,benign,189,153,11127,0,8011,3082,1,2616,2929,0,696,39763,3245,3,52,1426,767,324,3,13706,7706,30226,0,0,654,8842,7661,11550,0,0,0,19,26,41,0,39436,31219,34499,2,0,0,317
108,7,2,1060747,benign,190,153,11109,0,7995,3069,1,2616,2929,0,696,39366,3245,3,52,1423,782,417,3,13535,7789,30295,0,0,654,8850,7681,11544,0,0,0,18,24,141,2,39718,30981,34458,2,0,0,317
109,3,25,1060739,crash/hangs,-,-,-,-,-,-,-,-,-,-,-,-,-,-,-,-,-,-,-,-,-,-,-,-,-,-,-,-,-,-,-,-,-,-,-,-,-,-,-,-,-,-
110,4,1,1060728,benign,89,28,11141,1,8037,3077,1,2616,2929,0,694,39476,3245,3,52,1340,704,332,3,13379,7413,30307,0,0,654,8846,7684,11570,0,0,0,18,23,39,0,39382,30695,33944,3,0,0,317
111,10,29,1060758,benign,188,153,11165,0,8039,3093,1,2616,2929,0,698,39886,3245,3,52,1514,771,426,3,13659,7645,30310,0,0,654,8851,7644,11497,0,0,0,18,24,38,0,39660,30794,34146,2,0,0,316
112,6,20,1060748,benign,168,153,11113,0,7997,3085,1,2616,2929,0,682,39291,3245,3,52,1303,1023,426,3,13179,7364,30296,0,0,654,8833,7673,11562,0,0,0,18,24,39,0,39173,30760,34002,2,0,0,317
113,2,29,1060757,benign,188,153,11103,0,7994,3086,1,2616,2930,0,694,39497,3245,3,52,1362,697,324,3,13602,7710,30357,0,0,654,8823,7646,11526,0,0,0,18,24,39,0,39579,30998,34295,2,0,0,317
114,6,14,1060730,benign,191,151,11146,0,8033,3083,1,2616,2929,0,695,39495,3245,3,53,1298,946,323,3,13432,7598,30304,0,0,654,8831,7672,11569,0,0,0,18,24,39,0,39388,31246,34530,2,0,0,317
115,4,4,1060753,benign,183,154,11147,1,8034,3085,1,2616,2929,0,692,39811,3245,3,52,1309,831,333,3,13669,7919,30317,0,0,654,8843,7648,11503,0,0,0,18,23,47,2,39598,30983,34256,3,0,0,317
116,9,13,1060731,benign,180,153,11130,0,8024,3087,1,2616,2929,0,700,39688,3245,3,53,1306,691,323,4,13732,7889,30359,0,0,654,8854,7664,11540,0,0,0,18,22,39,0,39416,31031,34464,2,0,0,317
117,10,15,1060760,benign,167,153,11151,0,8036,3081,1,2616,2929,0,698,39477,3245,3,52,1362,805,324,4,13648,7627,30372,0,0,654,8838,7653,11515,0,0,0,18,25,39,0,39194,30775,34021,2,0,0,317
118,5,1,1060754,benign,185,151,11144,0,8026,3085,1,2616,2930,0,694,39824,3245,3,52,1587,705,426,4,13846,8171,30315,0,0,654,8854,7681,11548,0,0,0,18,23,39,0,39299,31067,34564,2,0,0,317
119,7,16,1060729,benign,191,153,11138,0,8030,3084,1,2616,2929,0,692,39418,3245,3,53,1332,801,324,3,13715,7651,30384,0,0,654,8858,7642,11529,0,0,0,18,24,39,0,39583,31101,34514,2,0,0,317
120,4,19,1060735,benign,194,153,11123,0,8011,3077,1,2616,2929,0,705,39803,3245,3,52,1323,979,324,3,13416,7644,30390,0,0,654,8834,7671,11521,0,0,0,18,21,140,2,39558,30925,34178,2,0,0,316
121,9,8,1060752,benign,165,153,11132,0,8018,3092,1,2616,2929,0,692,39216,3245,3,53,1334,747,324,4,13481,7680,30388,0,0,654,8832,7669,11575,0,0,0,18,23,39,0,39348,30612,33866,2,0,0,317
122,9,10,1060745,benign,188,153,11138,0,8029,3079,1,2616,2929,0,693,39386,3245,3,53,1545,752,425,4,13645,7587,30322,0,0,654,8868,7669,11532,0,0,0,18,22,39,0,39621,31160,34382,2,0,0,317
123,1,14,1060736,benign,167,153,11148,0,8038,3087,1,2616,2930,0,688,39321,3245,3,52,1306,789,324,3,13314,7332,30257,0,0,654,8843,7662,11521,0,0,0,18,24,39,0,39362,30943,34175,2,0,0,317
124,1,24,1060740,benign,167,153,11145,0,8030,3087,1,2616,2929,0,687,39329,3245,3,52,1337,718,324,3,13604,7843,30335,0,0,654,8850,7647,11519,0,0,0,18,24,39,0,39172,31089,34362,2,0,0,317
125,9,23,1060733,benign,186,153,11128,0,8009,3079,1,2616,2929,0,694,39391,3245,3,51,1289,742,323,4,13833,7921,30439,0,0,654,8858,7679,11562,0,0,0,18,24,39,0,39336,30939,34202,2,0,0,317
126,7,8,1060764,benign,167,153,11102,0,7995,3075,1,2616,2929,0,697,39314,3245,3,52,1352,770,324,3,13449,7792,30388,0,0,654,8849,7669,11535,0,0,0,18,21,140,2,39212,30849,34105,2,0,0,317
127,9,25,1060724,benign,165,153,11154,0,8047,3087,1,2616,2929,0,711,39473,3245,3,53,1320,766,324,3,13275,7479,30232,0,0,654,8867,7654,11533,0,0,0,18,24,39,0,39218,30846,34328,2,0,0,317
128,3,8,1060736,SDC,167,156,10799,2,7782,2995,1,2548,2847,1,660,38588,3147,3,56,1280,911,451,3,13228,7215,29483,0,0,638,8592,7438,11296,0,0,0,18,24,166,8,38984,30189,33456,4,0,0,317
129,10,17,1060767,benign,191,153,11132,0,8032,3085,1,2616,2929,0,690,39439,3245,3,52,1322,964,324,4,13694,7987,30409,0,0,654,8850,7649,11503,0,0,0,18,24,39,0,39362,30967,34230,2,0,0,317
130,2,7,1060727,benign,182,153,11156,0,8053,3098,1,2616,2929,0,677,39361,3245,3,52,1334,761,323,3,13410,7635,30359,0,0,654,8866,7673,11532,0,0,0,18,25,141,2,40126,31141,34397,2,0,0,317
131,7,0,1060754,benign,186,153,11110,0,8000,3084,1,2616,2929,0,705,39600,3245,3,53,1359,705,324,3,13741,8002,30336,0,0,654,8872,7669,11536,0,0,0,18,21,141,2,39722,31061,34313,2,0,0,317
132,9,22,1060747,benign,199,153,11143,0,8030,3081,1,2616,2929,0,691,39705,3245,3,52,1349,771,324,3,13474,7682,30336,0,0,654,8853,7690,11568,0,0,0,18,24,39,0,39649,30909,34157,2,0,0,317
133,9,18,1060767,benign,184,153,11123,0,8016,3088,1,2616,2929,0,699,39645,3245,3,52,1603,758,416,3,13670,7590,30330,0,0,654,8846,7672,11540,0,0,0,18,25,39,0,39751,31226,34732,2,0,0,317
134,3,16,1060731,benign,186,153,11127,0,8014,3086,1,2616,2929,0,695,39439,3245,3,53,1358,745,324,3,14005,8212,30391,0,0,654,8827,7671,11578,0,0,0,18,24,39,0,39594,31182,34466,2,0,0,317
135,6,28,1060732,benign,166,151,11125,0,8018,3094,1,2616,2929,0,707,39335,3245,3,52,1308,783,378,3,13362,7651,30316,0,0,654,8848,7679,11578,0,0,0,18,24,39,0,39006,30683,33948,2,0,0,317
136,1,3,1060729,SDC,186,156,10858,2,7843,3017,1,2548,2848,0,678,39184,3147,3,54,1276,951,605,4,13679,7422,29518,0,0,638,8546,7385,11247,0,0,0,18,22,263,6,39159,30381,33670,4,0,0,317
137,4,4,1060731,benign,184,154,11131,1,8031,3085,1,2616,2929,0,707,39760,3245,3,52,1315,789,333,3,13396,7551,30306,0,0,654,8849,7682,11573,0,0,0,18,24,48,2,39491,31141,34397,3,0,0,317
138,6,25,1060746,benign,188,153,11115,0,8006,3092,1,2616,2929,0,689,39466,3245,3,52,1351,776,324,3,13699,7907,30426,0,0,654,8845,7669,11550,0,0,0,18,23,265,2,39855,31117,34396,2,0,0,317
139,7,0,1060762,benign,190,153,11121,0,8010,3089,1,2616,2929,0,689,39907,3245,3,53,1543,772,324,3,13553,7880,30368,0,0,654,8852,7659,11528,0,0,0,18,22,143,2,39793,31299,34546,2,0,0,317
140,4,18,1060768,benign,166,151,11143,0,8032,3083,1,2616,2929,0,691,39445,3245,3,53,1548,745,417,3,13421,7692,30298,0,0,654,8846,7668,11536,0,0,0,18,24,39,0,39324,30795,34064,2,0,0,317
141,6,17,1060735,benign,191,153,11114,0,7994,3074,1,2616,2929,0,694,39491,3245,3,53,1369,875,323,3,13693,7955,30387,0,0,654,8861,7668,11509,0,0,0,18,25,39,0,39602,30864,34162,2,0,0,317
142,7,14,1060752,benign,167,153,11113,0,8000,3081,1,2616,2929,0,701,39433,3245,3,52,1304,1002,324,3,13588,7442,30332,0,0,654,8853,7668,11554,0,0,0,18,22,39,0,39546,30846,34118,2,0,0,317
143,1,0,1060730,crash/hangs,-,-,-,-,-,-,-,-,-,-,-,-,-,-,-,-,-,-,-,-,-,-,-,-,-,-,-,-,-,-,-,-,-,-,-,-,-,-,-,-,-,-
144,6,4,1060766,benign,111,27,11188,0,8084,3097,1,2616,2929,0,686,39367,3245,3,52,1367,777,323,3,13493,7726,30271,0,0,654,8823,7665,11534,0,0,0,18,23,39,0,39616,30939,34211,2,0,0,317
145,2,9,1060765,benign,187,153,11103,0,7994,3090,1,2616,2929,0,679,39449,3245,3,53,1347,906,324,3,13932,8020,30363,0,0,654,8847,7687,11554,0,0,0,18,22,39,0,39912,30940,34227,2,0,0,317
146,9,28,1060728,benign,167,153,11147,0,8033,3093,1,2616,2929,0,699,39307,3245,3,53,1323,731,324,3,13247,7537,30324,0,0,654,8850,7679,11554,0,0,0,18,24,39,0,39086,30728,34236,2,0,0,317
147,7,19,1060741,benign,184,153,11116,0,8000,3067,1,2616,2929,0,681,39667,3245,3,52,1615,729,324,3,13674,7686,30296,0,0,654,8830,7646,11580,0,0,0,18,25,39,0,39504,31101,34359,2,0,0,317
148,3,29,1060745,benign,191,153,11138,0,8027,3078,1,2616,2929,0,691,39634,3245,3,53,1550,700,427,3,13482,7650,30389,0,0,654,8830,7702,11551,0,0,0,18,24,39,0,39596,31009,34266,2,0,0,317
149,7,21,1060733,benign,191,153,11128,0,8013,3084,1,2616,2929,0,703,39687,3245,3,52,1347,829,319,3,13826,7858,30284,0,0,654,8834,7705,11584,0,0,0,18,24,39,0,39421,30978,34253,2,0,0,317
150,9,29,1060746,benign,185,153,11099,0,7987,3076,1,2616,2929,0,688,39379,3245,3,52,1556,727,324,3,13784,7793,30309,0,0,654,8857,7661,11526,0,0,0,18,24,143,2,39868,31001,34281,2,0,0,317
151,2,30,1060724,benign,168,153,11112,0,8012,3079,1,2616,2929,0,695,39485,3245,3,52,1344,1004,324,3,13268,7429,30335,0,0,654,8828,7687,11551,0,0,0,19,24,41,0,39137,30883,34198,2,0,0,317
152,5,25,1060762,benign,186,153,11138,0,8030,3084,1,2616,2929,0,678,39258,3245,3,52,1503,791,324,3,13685,7777,30413,0,0,654,8871,7669,11531,0,0,0,18,24,39,0,39465,31100,34383,2,0,0,317
153,2,9,1060762,benign,187,153,11111,0,8001,3068,1,2616,2929,0,691,39645,3245,3,52,1341,775,426,4,13479,7635,30356,0,0,654,8871,7681,11546,0,0,0,18,24,39,0,39542,31338,34841,2,0,0,317
154,4,23,1060741,benign,191,153,11151,0,8035,3087,1,2616,2929,0,684,39626,3245,3,51,1318,774,324,3,13779,7813,30493,0,0,654,8848,7663,11538,0,0,0,18,24,39,0,39541,31012,34276,2,0,0,317
155,6,13,1060757,benign,195,153,11125,0,8008,3080,1,2616,2929,0,689,39454,3245,3,53,1547,772,324,3,13844,8098,30361,0,0,654,8826,7644,11554,0,0,0,18,22,39,0,39906,31112,34499,2,0,0,317
156,1,18,1060759,benign,181,151,11159,0,8041,3095,1,2616,2929,0,704,39939,3245,3,52,1387,821,323,3,14030,7770,30317,0,0,654,8868,7673,11542,0,0,0,18,25,39,0,39386,31282,34549,2,0,0,317
157,1,25,1060740,benign,167,153,11100,0,7996,3088,1,2616,2929,0,686,39148,3245,3,52,1350,712,324,3,13515,7841,30330,0,0,654,8868,7665,11560,0,0,0,18,23,39,0,39485,30671,34062,2,0,0,317
158,8,15,1060728,benign,165,153,11137,0,8030,3075,1,2616,2929,0,687,39545,3245,3,52,1311,1134,324,3,13404,7589,30308,0,0,654,8853,7653,11537,0,0,0,18,24,39,0,39307,30802,34065,2,0,0,317
159,9,3,1060724,benign,166,153,11146,0,8038,3093,1,2616,2929,0,696,39206,3245,3,53,1411,721,417,3,13570,7770,30334,0,0,654,8846,7673,11547,0,0,0,18,24,39,0,39209,30952,34213,2,0,0,317
160,8,13,1060735,benign,187,153,11134,0,8021,3088,1,2616,2929,0,705,39858,3245,3,53,1351,711,324,3,13593,7923,30371,0,0,654,8869,7659,11523,0,0,0,18,23,39,0,39393,31102,34389,2,0,0,317
161,3,3,1060758,benign,191,155,11131,1,8021,3087,1,2616,2929,0,686,39358,3245,3,55,1397,971,415,3,13677,7680,30280,0,0,654,8845,7666,11541,0,0,0,18,24,125,2,39798,31190,34455,3,0,0,317
162,1,22,1060754,benign,190,153,11118,0,8008,3078,1,2616,2929,0,695,39446,3245,3,52,1361,787,324,4,13458,7716,30266,0,0,654,8851,7661,11558,0,0,0,18,24,39,0,39836,31225,34427,2,0,0,317
163,3,19,1060749,benign,191,152,11145,0,8030,3082,1,2616,2929,1,700,39648,3245,3,53,1349,728,324,3,13775,7792,30375,0,0,654,8857,7676,11531,0,0,0,18,24,39,0,39307,31137,34384,2,0,0,317
164,10,13,1060729,benign,189,153,11142,0,8031,3081,1,2616,2929,0,687,39293,3245,3,53,1543,735,324,3,13642,7747,30288,0,0,654,8852,7681,11549,0,0,0,18,23,39,0,39661,31032,34266,2,0,0,317
165,3,13,1060744,benign,166,153,11130,0,8022,3085,1,2616,2929,0,705,39417,3245,3,51,1582,753,324,3,13195,7451,30311,0,0,654,8846,7685,11570,0,0,0,18,23,143,2,39450,30882,34151,2,0,0,317
166,10,4,1060755,benign,183,153,11126,0,8015,3079,1,2616,2929,0,693,39339,3245,3,52,1321,771,324,3,13684,7805,30351,0,0,654,8845,7686,11562,0,0,0,18,23,38,0,39466,30989,34235,2,0,0,317
167,6,1,1060722,benign,191,153,11113,0,8002,3084,1,2616,2929,0,696,39693,3245,3,52,1604,752,324,3,13335,7560,30314,0,0,654,8860,7643,11520,0,0,0,18,23,39,0,39753,30992,34289,2,0,0,317
168,9,18,1060757,benign,192,153,11103,0,7995,3089,1,2616,2929,0,703,39924,3245,3,52,1359,720,324,3,13508,7729,30237,0,0,654,8834,7675,11591,0,0,0,18,24,141,2,39905,31454,34758,2,0,0,317
169,10,20,1060728,benign,165,153,11115,0,8012,3092,1,2616,2929,0,686,39294,3245,3,53,1383,944,324,3,13721,7878,30344,0,0,654,8856,7653,11532,0,0,0,18,23,37,0,39529,30998,34285,2,0,0,317
170,3,8,1060763,benign,194,153,11119,0,8015,3084,1,2616,2929,0,714,40011,3245,3,53,1380,719,425,3,13640,7665,30418,0,0,654,8852,7651,11539,0,0,0,18,24,39,0,39267,30939,34384,2,0,0,317
171,6,16,1060731,benign,183,153,11110,0,7998,3082,1,2616,2929,0,704,39765,3245,3,53,1343,977,324,3,13693,7904,30410,0,0,654,8839,7690,11544,0,0,0,18,24,39,0,39497,31162,34428,2,0,0,317
172,2,24,1060721,benign,185,151,11114,0,8014,3079,1,2616,2929,0,687,39452,3245,3,53,1427,759,426,3,13750,8059,30354,0,0,654,8842,7648,11508,0,0,0,18,24,39,0,39474,31052,34453,2,0,0,317
173,8,7,1060746,benign,191,153,11125,0,8010,3081,1,2616,2929,0,681,39262,3245,3,52,1306,854,324,3,13744,7823,30336,0,0,654,8843,7682,11567,0,0,0,18,23,39,0,39434,31348,34590,2,0,0,317
174,5,26,1060751,benign,190,153,11115,0,7998,3083,1,2616,2929,0,687,39540,3245,3,52,1495,773,428,4,13590,7743,30345,0,0,654,8833,7677,11518,0,0,0,18,23,39,0,39571,30946,34228,2,0,0,317
175,6,9,1060768,benign,166,153,11118,0,8013,3086,1,2616,2929,0,695,39559,3245,3,52,1366,944,426,3,13240,7478,30265,0,0,654,8837,7653,11523,0,0,0,18,24,39,0,39451,30665,34066,2,0,0,317
176,6,1,1060728,benign,166,153,11146,0,8038,3086,1,2616,2929,0,695,39324,3245,3,53,1434,745,324,3,13432,7586,30282,0,0,654,8825,7666,11559,0,0,0,18,22,39,0,38946,30660,33921,2,0,0,317
177,9,3,1060767,benign,182,153,11146,0,8028,3086,1,2616,2929,0,689,39426,3245,3,52,1375,809,324,3,13419,7718,30302,0,0,654,8830,7700,11580,0,0,0,18,23,39,0,39528,30985,34219,2,0,0,317
178,5,22,1060757,benign,196,153,11135,0,8027,3080,1,2616,2929,0,695,39746,3245,3,53,1372,907,428,4,13727,7912,30311,0,0,654,8852,7682,11525,0,0,0,18,24,141,2,39673,30911,34126,2,0,0,317
179,7,8,1060764,benign,167,151,11124,0,8014,3086,1,2616,2929,0,705,39352,3245,3,52,1527,688,324,3,13458,7634,30288,0,0,654,8847,7676,11525,0,0,0,19,27,41,0,39098,30791,34132,2,0,0,317
180,2,0,1060737,benign,189,153,11146,0,8036,3084,1,2616,2929,0,698,39591,3245,3,52,1526,986,424,3,13756,7737,30379,0,0,654,8843,7677,11531,0,0,0,18,23,142,2,39710,31056,34282,2,0,0,317
181,3,20,1060746,benign,186,151,11135,0,8025,3088,1,2616,2930,0,692,39797,3245,3,52,1379,768,324,3,13630,7722,30302,0,0,654,8861,7691,11581,0,0,0,18,23,38,0,39736,31091,34483,2,0,0,317
182,10,2,1060763,benign,193,153,11114,0,8015,3084,1,2616,2929,0,690,39783,3245,3,52,1538,825,324,4,13612,7612,30230,0,0,654,8846,7649,11524,0,0,0,18,24,39,0,39630,31254,34501,2,0,0,317
183,8,15,1060760,benign,165,153,11159,0,8046,3086,1,2616,2929,0,705,39362,3245,3,52,1334,843,324,3,13481,7775,30344,0,0,654,8826,7609,11505,0,0,0,18,25,39,0,39165,30911,34299,2,0,0,317
184,9,9,1060755,benign,189,153,11129,0,8020,3085,1,2616,2929,0,694,39801,3245,3,53,1371,750,324,3,13883,7844,30379,0,0,654,8882,7660,11546,0,0,0,19,26,41,0,39195,30916,34405,2,0,0,317
185,3,30,1060755,benign,183,153,11115,0,8003,3085,1,2616,2929,0,697,39804,3245,3,53,1308,752,324,3,13482,7784,30281,0,0,654,8852,7666,11534,0,0,0,18,24,39,0,39700,30963,34206,2,0,0,317
186,5,5,1060727,benign,188,151,11144,0,8034,3075,1,2616,2929,0,710,39640,3245,3,53,1362,1020,324,3,13561,7741,30368,0,0,654,8833,7659,11561,0,0,0,18,24,38,0,39551,30921,34211,2,0,0,317
187,7,12,1060729,benign,197,153,11122,0,8015,3081,1,2616,2929,0,707,39906,3245,3,52,1359,757,324,3,13554,7755,30404,0,0,654,8857,7645,11511,0,0,0,18,24,39,0,39442,30878,34150,2,0,0,317
188,10,5,1060759,benign,185,153,11105,0,7989,3082,1,2616,2929,0,687,39457,3245,3,52,1343,1002,324,3,13619,7788,30328,0,0,654,8861,7681,11550,0,0,0,19,26,145,2,39843,31065,34501,2,0,0,317
189,8,5,1060761,benign,188,153,11113,0,8001,3083,1,2616,2929,0,704,39694,3245,3,52,1355,968,428,4,13784,8042,30325,0,0,654,8842,7692,11561,0,0,0,18,25,38,0,39347,30931,34191,2,0,0,317
190,1,16,1060738,benign,187,153,11120,0,8014,3082,1,2616,2929,0,699,39773,3245,3,52,1695,732,324,3,13464,7596,30339,0,0,654,8906,7733,11556,0,0,0,18,23,39,0,39246,31075,34354,2,0,0,317
191,4,25,1060726,benign,188,153,11152,0,8041,3095,1,2616,2929,0,679,39267,3245,3,53,1335,930,324,3,13623,7793,30395,0,0,654,8855,7670,11549,0,0,0,18,24,39,0,39585,30967,34209,2,0,0,317
192,1,8,1060754,benign,185,153,11129,0,8000,3083,1,2616,2929,0,695,39430,3245,3,52,1366,930,324,3,13762,7979,30400,0,0,654,8835,7647,11549,0,0,0,18,24,39,0,39500,30995,34248,2,0,0,317
193,5,16,1060730,benign,184,153,11104,0,7993,3080,1,2616,2929,0,703,39827,3245,3,52,1324,713,324,3,13872,7892,30317,0,0,654,8835,7669,11578,0,0,0,18,23,35,1,39465,30980,34411,2,0,0,317
0,9,0,1060768,benign,90,27,11125,0,8020,3074,1,2616,2929,0,690,39191,3245,3,52,1353,734,426,3,13246,7447,30304,0,0,654,8839,7704,11561,0,0,0,18,24,38,0,39361,31075,34342,2,0,0,316
1,10,15,1060727,benign,186,153,11116,0,8013,3091,1,2616,2929,0,702,39501,3245,3,53,1291,761,324,4,13615,7654,30375,0,0,654,8821,7697,11540,0,0,0,18,24,141,2,39577,31219,34659,2,0,0,317
2,2,11,1060733,benign,188,153,11135,0,8021,3086,1,2616,2929,0,684,39403,3245,3,52,1327,925,324,3,13425,7733,30354,0,0,654,8827,7630,11526,0,0,0,18,24,39,0,39198,31117,34351,2,0,0,317
3,5,5,1060725,benign,182,151,11115,0,8005,3087,1,2616,2929,0,701,39721,3245,3,52,1338,722,324,3,13593,7489,30280,0,0,654,8829,7668,11525,0,0,0,18,22,39,0,39558,31141,34428,2,0,0,317
4,10,15,1060733,benign,193,153,11117,0,8008,3081,1,2616,2929,0,693,39484,3245,3,52,1323,1003,426,3,13541,7651,30275,0,0,654,8859,7679,11559,0,0,0,18,23,141,2,39690,31020,34262,2,0,0,316
5,4,7,1060734,benign,191,152,11143,1,8041,3084,1,2616,2929,0,699,39579,3245,3,52,1322,739,333,3,13581,7793,30360,0,0,654,8872,7711,11604,0,0,0,18,24,48,2,39532,31281,34539,3,0,0,317
6,9,3,1060750,benign,192,153,11109,0,8003,3088,1,2616,2929,0,703,39587,3245,3,52,1538,735,426,4,13645,7606,30314,0,0,654,8852,7684,11561,0,0,0,18,23,141,2,39464,31022,34307,2,0,0,317
7,9,26,1060744,benign,168,153,11121,0,8008,3085,1,2616,2929,0,706,39447,3245,3,52,1376,881,324,4,13466,7371,30236,0,0,654,8850,7654,11527,0,0,0,18,25,38,0,39164,30977,34211,2,0,0,317
8,10,14,1060732,benign,166,153,11134,0,8017,3081,1,2616,2929,0,698,39379,3245,3,52,1311,770,324,3,13605,7714,30344,0,0,654,8834,7668,11534,0,0,0,18,23,39,0,39556,30882,34152,2,0,0,317
9,7,11,1060743,benign,183,153,11137,0,8014,3083,1,2616,2930,0,697,39545,3245,3,52,1374,858,324,3,13632,7784,30311,0,0,654,8861,7691,11572,0,0,0,18,23,39,0,39696,31098,34492,2,0,0,317
10,10,8,1060743,benign,183,151,11144,0,8034,3090,1,2616,2929,0,691,39569,3245,3,52,1604,910,324,4,13713,7935,30316,0,0,654,8853,7663,11540,0,0,0,18,24,39,0,39434,31179,34453,2,0,0,317
11,6,3,1060767,benign,191,153,11117,0,8014,3084,1,2616,2929,0,681,39430,3245,3,52,1414,714,324,3,13531,7773,30369,0,0,654,8838,7673,11556,0,0,0,18,25,35,1,39539,30908,34383,2,0,0,317
12,9,26,1060746,benign,190,151,11144,0,8031,3087,1,2616,2929,0,695,39698,3245,3,52,1504,720,318,3,13650,7936,30449,0,0,654,8860,7673,11569,0,0,0,18,23,39,0,39379,30979,34234,2,0,0,317
13,3,8,1060749,benign,186,155,11120,1,8012,3081,1,2616,2929,0,697,39436,3245,3,54,1314,862,354,4,13655,7910,30427,0,0,654,8848,7667,11529,0,0,0,18,23,69,3,39604,30939,34215,3,0,0,317
14,5,26,1060768,benign,166,151,11114,0,8008,3087,1,2616,2929,0,701,39397,3245,3,53,1360,927,427,3,13292,7423,30356,0,0,654,8855,7667,11554,0,0,0,19,26,41,0,39204,30895,34371,2,0,0,317
15,9,28,1060756,benign,168,151,11139,0,8025,3083,1,2616,2929,0,682,39077,3245,3,53,1327,743,324,3,13324,7529,30356,0,0,654,8858,7670,11540,0,0,0,18,25,39,0,39452,30762,34006,2,0,0,317
16,3,26,1060720,benign,167,153,11105,0,7994,3086,1,2616,2929,0,685,39431,3245,3,53,1336,745,324,4,13452,7710,30324,0,0,654,8860,7683,11562,0,0,0,18,24,39,0,39193,30893,34151,2,0,0,317
17,1,21,1060766,benign,191,151,11129,0,8018,3080,1,2616,2929,0,689,39449,3245,3,52,1349,705,324,4,13623,7757,30372,0,0,654,8839,7662,11517,0,0,0,18,22,39,0,39319,30989,34309,2,0,0,317
18,5,25,1060756,benign,166,153,11114,0,8010,3082,1,2616,2929,0,704,39371,3245,3,52,1386,762,324,3,13239,7472,30258,0,0,654,8868,7684,11549,0,0,0,18,22,39,0,39441,30765,34076,2,0,0,317
19,10,18,1060746,benign,188,153,11136,0,8019,3094,1,2616,2929,0,700,39837,3245,3,52,1350,730,324,3,13758,8057,30318,0,0,654,8843,7667,11556,0,0,0,18,25,39,0,39627,31267,34764,2,0,0,317
20,4,27,1060736,benign,169,153,11109,0,8003,3075,1,2616,2930,0,679,39395,3245,3,52,1464,728,426,4,13363,7426,30288,0,0,654,8820,7619,11497,0,0,0,18,22,39,0,39425,30654,33922,2,0,0,317
21,9,11,1060729,benign,195,153,11133,0,8022,3086,1,2616,2929,0,700,39539,3245,3,52,1346,958,324,3,13609,7775,30375,0,0,654,8839,7661,11522,0,0,0,18,24,39,0,39416,30965,34174,2,0,0,317
22,7,28,1060748,benign,165,151,11159,0,8042,3099,1,2616,2929,0,695,39332,3245,3,52,1519,698,324,3,13552,7826,30346,0,0,654,8831,7674,11549,0,0,0,18,23,141,2,39661,30719,34186,2,0,0,317
23,1,27,1060767,benign,184,153,11145,0,8035,3097,1,2616,2929,0,702,39538,3245,3,53,1360,730,324,3,13687,8000,30396,0,0,654,8800,7678,11546,0,0,0,18,23,39,0,39476,30919,34135,2,0,0,316
24,9,9,1060757,benign,192,153,11126,0,8017,3089,1,2616,2929,0,687,39592,3245,3,52,1345,716,324,3,13613,7785,30361,0,0,654,8814,7650,11510,0,0,0,18,23,141,2,39753,31423,34813,2,0,0,317
25,3,20,1060754,benign,194,154,11115,0,8005,3088,1,2616,2929,0,696,39464,3245,3,52,1310,769,319,4,13632,7625,30300,0,0,654,8846,7664,11542,0,0,0,18,25,39,0,39894,30981,34259,2,0,0,317
26,10,16,1060734,benign,184,153,11125,0,8015,3077,1,2616,2929,0,685,39531,3245,3,52,1306,748,324,3,13641,7826,30411,0,0,654,8876,7673,11545,0,0,0,18,24,39,0,39622,31240,34506,2,0,0,317
27,3,9,1060744,benign,166,151,11139,0,8029,3087,1,2616,2929,0,695,39344,3245,3,53,1791,741,428,4,13243,7407,30269,0,0,654,8832,7624,11525,0,0,0,18,23,39,0,39581,30731,33951,2,0,0,317
28,2,28,1060743,benign,183,153,11151,0,8033,3086,1,2616,2929,0,700,39519,3245,3,52,1366,906,324,3,13354,7481,30282,0,0,654,8850,7681,11566,0,0,0,18,24,39,0,39469,31062,34330,2,0,0,317
29,1,27,1060747,benign,188,153,11159,0,8049,3092,1,2616,2929,0,703,39836,3245,3,53,1366,748,426,3,13448,7524,30222,0,0,654,8843,7698,11568,0,0,0,19,26,41,0,39372,31149,34414,2,0,0,317
30,2,9,1060759,benign,191,153,11089,0,7990,3079,1,2616,2929,0,683,39275,3245,3,52,1527,721,324,3,13752,7818,30393,0,0,654,8861,7679,11553,0,0,0,18,23,39,0,39487,30978,34242,2,0,0,317
31,4,10,1060751,benign,191,151,11095,1,7986,3081,1,2616,2929,0,695,39469,3245,3,50,1314,801,324,3,13603,7726,30283,0,0,654,8852,7664,11556,0,0,0,18,22,39,0,39784,31187,34420,3,0,0,317
32,4,19,1060751,benign,186,153,11130,0,8011,3085,1,2616,2930,0,705,39668,3245,3,52,1360,710,480,4,13857,7604,30404,0,0,654,8846,7674,11546,0,0,0,18,22,33,0,39858,31204,34563,2,0,0,317
33,5,16,1060736,benign,168,153,11142,0,8025,3082,1,2616,2929,0,688,39506,3245,3,52,1353,888,324,4,13159,7297,30298,0,0,654,8836,7637,11543,0,0,0,18,22,39,0,39426,30685,33945,2,0,0,317
34,2,4,1060738,benign,195,153,11127,0,8015,3085,1,2616,2929,0,703,39943,3245,3,52,1645,704,324,3,13699,7906,30344,0,0,654,8869,7715,11594,0,0,0,18,25,39,0,39735,31183,34660,2,0,0,317
35,2,26,1060737,benign,192,153,11069,0,7964,3083,1,2616,2929,0,695,39422,3245,3,52,1368,715,323,4,13571,7756,30310,0,0,654,8858,7678,11563,0,0,0,18,24,39,0,39466,30993,34485,2,0,0,317
36,9,6,1060745,benign,197,151,11121,0,7999,3077,1,2616,2929,0,700,39844,3245,3,52,1380,715,324,4,13771,8025,30420,0,0,654,8862,7671,11551,0,0,0,18,24,39,0,39681,31049,34320,2,0,0,317
37,1,10,1060734,benign,187,153,11130,0,8016,3085,1,2616,2929,0,689,39470,3245,3,52,1537,754,324,3,13648,7776,30396,0,0,654,8844,7654,11546,0,0,0,18,25,132,2,39931,30958,34238,2,0,0,317
38,2,10,1060747,benign,199,153,11153,0,8035,3092,1,2616,2929,0,700,39536,3245,3,52,1380,715,324,3,13803,7989,30378,0,0,654,8841,7619,11525,0,0,0,18,23,39,0,39670,31196,34675,2,0,0,317
39,6,16,1060733,benign,182,153,11129,0,8017,3084,1,2616,2929,0,700,39570,3245,3,52,1606,792,324,3,13503,7656,30337,0,0,654,8851,7661,11532,0,0,0,18,25,38,0,39525,31207,34446,2,0,0,317
40,5,4,1060740,benign,166,151,11134,0,8025,3085,1,2616,2929,0,685,39475,3245,3,53,1317,894,324,3,13489,7724,30305,0,0,654,8858,7676,11524,0,0,0,18,24,141,2,39271,30681,33959,2,0,0,317
41,6,28,1060739,benign,192,153,11131,0,8018,3090,1,2616,2929,0,705,39845,3245,3,52,1361,731,426,3,13751,7932,30490,0,0,654,8857,7673,11533,0,0,0,18,23,39,0,39450,31265,34521,2,0,0,317
42,6,7,1060739,benign,184,153,11133,0,8016,3077,1,2616,2929,0,693,39488,3245,3,52,1313,742,324,4,13701,7835,30336,0,0,654,8818,7644,11518,0,0,0,18,23,39,0,39497,30989,34464,2,0,0,317
43,2,18,1060760,benign,166,153,11119,0,8004,3088,1,2616,2929,0,708,39558,3245,3,52,1325,766,324,3,13507,7494,30368,0,0,654,8863,7681,11568,0,0,0,18,23,39,0,39216,30728,33990,2,0,0,317
44,6,14,1060723,benign,192,153,11122,0,8011,3083,1,2616,2929,0,698,39449,3245,3,53,1361,725,324,4,13637,7868,30411,0,0,654,8842,7684,11554,0,0,0,18,24,39,0,39324,31026,34235,2,0,0,317
45,10,14,1060737,benign,191,153,11116,0,7998,3084,1,2616,2929,0,675,39609,3245,3,51,1341,770,426,3,13636,7767,30364,0,0,654,8851,7697,11588,0,0,0,18,24,39,0,39482,31033,34308,2,0,0,317
46,5,14,1060758,benign,184,151,11144,0,8023,3079,1,2616,2929,0,706,39465,3245,3,52,1348,737,324,3,13573,7801,30318,0,0,654,8871,7667,11557,0,0,0,18,23,39,0,39858,30763,34025,2,0,0,317
47,4,5,1060735,benign,186,153,11143,1,8034,3084,1,2616,2929,0,697,39455,3245,3,51,1450,772,425,3,13634,7822,30272,0,0,654,8846,7670,11542,0,0,0,18,22,39,0,39573,31171,34416,3,0,0,317
48,8,6,1060726,benign,189,153,11142,0,8025,3078,1,2616,2929,0,686,39495,3245,3,52,1309,994,324,3,13726,7591,30388,0,0,654,8810,7677,11546,0,0,0,18,24,39,0,39691,31095,34577,2,0,0,317
49,7,6,1060733,benign,193,153,11140,0,8024,3085,1,2616,2929,0,699,39755,3245,3,52,1349,726,324,3,13580,7878,30274,0,0,654,8835,7673,11543,0,0,0,18,23,39,0,39416,31147,34424,2,0,0,317
50,10,27,1060748,benign,166,154,11059,0,7958,3072,1,2616,2929,0,706,39474,3245,3,53,1368,743,426,3,13364,7424,30311,0,0,654,8842,7660,11510,0,0,0,18,24,39,0,39096,30819,34223,2,0,0,317
51,9,19,1060738,benign,183,153,11148,0,8033,3088,1,2616,2929,0,694,39570,3245,3,52,1373,910,428,3,13713,7867,30382,0,0,654,8841,7682,11552,0,0,0,18,24,39,0,39539,30991,34255,2,0,0,317
52,5,7,1060746,benign,189,151,11124,0,8013,3082,1,2616,2929,0,696,39528,3245,3,52,1352,705,318,4,13408,7631,30301,0,0,654,8827,7647,11538,0,0,0,18,24,39,0,39436,31082,34356,2,0,0,317
53,1,11,1060765,benign,194,153,11070,0,7967,3083,1,2616,2929,0,688,39380,3245,3,52,1340,724,426,3,13501,7696,30325,0,0,654,8839,7684,11558,0,0,0,18,23,39,0,39908,31047,34300,2,0,0,317
54,8,15,1060742,benign,192,153,11121,0,8012,3086,1,2616,2929,0,697,39490,3245,3,52,1310,729,424,3,13460,7793,30320,0,0,654,8842,7685,11548,0,0,0,18,25,39,0,39729,31142,34428,2,0,0,317
55,4,28,1060732,benign,166,153,11095,0,7989,3079,1,2616,2929,0,697,39416,3245,3,51,1347,748,324,3,13444,7457,30408,0,0,654,8857,7681,11552,0,0,0,18,23,39,0,39189,30900,34342,2,0,0,317
56,5,10,1060741,benign,191,153,11128,0,8019,3082,1,2616,2929,0,695,39473,3245,3,51,1794,970,426,3,13607,7635,30307,0,0,654,8837,7657,11537,0,0,0,18,25,39,0,39289,31019,34270,2,0,0,317
57,1,14,1060727,SDC,183,153,10857,1,7850,3016,1,2548,2847,0,680,38762,3147,3,54,1288,850,660,3,13768,7951,29700,0,0,638,8561,7377,11240,0,0,0,18,20,134,3,39003,30143,33566,3,0,0,317
58,8,8,1060750,benign,191,153,11107,0,7987,3081,1,2616,2929,0,695,39686,3245,3,52,1315,763,324,3,13649,7904,30291,0,0,654,8827,7653,11567,0,0,0,18,22,39,0,39661,31214,34474,2,0,0,317
59,9,31,1060726,benign,193,153,11150,0,8033,3082,1,2616,2929,0,706,39808,3245,3,52,1549,782,324,3,13679,7610,30373,0,0,654,8838,7697,11574,0,0,0,18,25,39,0,39430,31018,34265,2,0,0,317
60,8,30,1060759,benign,187,151,11150,0,8040,3087,1,2616,2929,0,692,39648,3245,3,53,1530,751,425,3,13813,7938,30432,0,0,654,8821,7641,11546,0,0,0,18,23,132,2,39862,31115,34361,2,0,0,317
61,9,30,1060743,benign,185,153,11106,0,7994,3077,1,2616,2929,0,704,39868,3245,3,52,1564,871,324,3,13547,7789,30258,0,0,654,8849,7672,11547,0,0,0,18,22,39,0,39636,30919,34210,2,0,0,317
62,9,3,1060727,benign,189,153,11127,0,8024,3086,1,2616,2929,0,703,39761,3245,3,52,1356,700,426,4,13507,7728,30403,0,0,654,8824,7634,11529,0,0,0,18,25,38,0,39604,30851,34106,2,0,0,317
0,5,10,1060751,benign,123,27,11111,0,8010,3079,1,2616,2929,0,695,39647,3245,3,52,1393,737,427,3,13522,7693,30449,0,0,654,8847,7642,11507,0,0,0,18,22,39,0,39405,31204,34439,2,0,0,317
1,2,30,1060737,benign,187,153,11122,0,8005,3088,1,2616,2929,0,695,39631,3245,3,52,1317,823,428,3,13746,7855,30415,0,0,654,8870,7681,11551,0,0,0,19,26,41,0,39563,30918,34198,2,0,0,317
2,5,1,1060725,benign,192,153,11113,0,8007,3086,1,2616,2929,0,678,39343,3245,3,53,1465,754,324,4,13538,7817,30338,0,0,654,8853,7623,11541,0,0,0,18,24,39,0,39721,30968,34433,2,0,0,317
3,5,6,1060766,benign,186,153,11149,0,8035,3072,1,2616,2929,0,699,39721,3245,3,52,1288,741,324,3,13661,7818,30355,0,0,654,8855,7675,11549,0,0,0,18,24,39,0,39490,31113,34397,2,0,0,317
4,9,1,1060733,benign,193,153,11145,0,8026,3078,1,2616,2929,0,682,39715,3245,3,52,1704,785,324,3,13624,7792,30412,0,0,654,8839,7675,11589,0,0,0,18,22,39,0,39202,31206,34428,2,0,0,317
5,9,31,1060752,benign,166,153,11120,0,8005,3087,1,2616,2929,0,691,39418,3245,3,51,1389,726,416,3,13620,7853,30299,0,0,654,8860,7681,11547,0,0,0,18,24,131,2,39423,30799,34066,2,0,0,317
6,10,3,1060758,benign,188,153,11168,0,8050,3087,1,2616,2929,0,697,39958,3245,3,52,1369,768,323,3,13759,7701,30315,0,0,654,8837,7680,11555,0,0,0,18,24,39,0,39557,30975,34229,2,0,0,317
7,8,12,1060764,benign,165,151,11155,0,8045,3089,1,2616,2929,0,676,39079,3245,3,53,1539,741,426,3,13551,7806,30362,0,0,654,8856,7651,11545,0,0,0,18,24,143,2,39437,30847,34113,2,0,0,317
8,10,11,1060726,benign,186,153,11156,0,8049,3084,1,2616,2929,0,687,39516,3245,3,52,1692,700,428,3,13562,7822,30415,0,0,654,8864,7655,11525,0,0,0,18,22,39,0,39517,30978,34220,2,0,0,317
9,6,23,1060765,benign,190,151,11146,0,8036,3083,1,2616,2929,0,703,39596,3245,3,52,1319,742,324,3,13802,7962,30323,0,0,654,8851,7652,11526,0,0,0,18,23,39,0,39336,30927,34194,2,0,0,317
10,7,6,1060750,benign,185,153,11164,0,8045,3084,1,2616,2929,0,699,39497,3245,3,52,1358,755,324,4,13726,7639,30236,0,0,654,8815,7677,11564,0,0,0,18,25,39,0,39477,30974,34245,2,0,0,317
11,3,20,1060720,benign,167,153,11110,0,8000,3082,1,2616,2929,0,699,39409,3245,3,52,1339,957,426,3,13422,7505,30328,0,0,654,8854,7677,11537,0,0,0,18,24,39,0,39513,30793,34065,2,0,0,316
12,6,9,1060764,benign,165,151,11137,0,8027,3083,1,2616,2929,0,706,39835,3245,3,54,1355,885,323,3,13414,7650,30403,0,0,654,8857,7651,11530,0,0,0,18,22,143,2,39345,30759,33969,2,0,0,317
13,8,17,1060744,benign,167,153,11131,0,8019,3084,1,2616,2929,0,695,39421,3245,3,52,1338,758,324,3,13523,7630,30340,0,0,654,8838,7684,11569,0,0,0,18,23,39,0,39333,30919,34141,2,0,0,317
14,5,4,1060728,benign,166,154,11147,0,8038,3091,1,2616,2929,0,693,39409,3245,3,52,1374,969,324,3,13344,7590,30319,0,0,654,8884,7722,11528,0,0,0,18,23,39,0,39367,30870,34385,2,0,0,317
15,2,21,1060734,benign,190,153,11105,0,8007,3082,1,2616,2929,0,685,39731,3245,3,52,1290,747,324,3,13673,7892,30365,0,0,654,8841,7637,11522,0,0,0,18,24,39,0,39526,30917,34209,2,0,0,317
16,1,2,1060733,benign,190,151,11119,0,8012,3084,1,2616,2929,0,703,39510,3245,3,52,1427,767,426,4,13473,7652,30292,0,0,654,8870,7702,11587,0,0,0,18,23,39,0,39389,31070,34530,2,0,0,317
17,6,11,1060757,benign,189,153,11145,0,8036,3090,1,2616,2929,0,688,39423,3245,3,53,1373,909,427,3,13722,7889,30349,0,0,654,8848,7664,11519,0,0,0,18,24,39,0,39274,30991,34237,2,0,0,317
18,5,7,1060727,benign,184,153,11118,0,8008,3079,1,2616,2930,0,701,39643,3245,3,52,1585,713,324,4,13641,7762,30441,0,0,654,8828,7641,11537,0,0,0,18,25,39,0,39531,31003,34232,2,0,0,317
19,4,3,1060734,benign,188,154,11116,1,8005,3083,1,2616,2929,0,694,39782,3245,3,52,1338,721,333,3,13641,7884,30431,0,0,654,8842,7670,11553,0,0,0,18,22,47,2,39717,30950,34193,3,0,0,317
20,7,15,1060767,benign,185,151,11142,0,8030,3086,1,2616,2929,0,690,39502,3245,3,51,1517,733,425,3,13564,7823,30272,0,0,654,8858,7686,11544,0,0,0,19,27,41,0,39430,30901,34267,2,0,0,317
21,2,26,1060741,benign,191,153,11148,0,8032,3091,1,2616,2929,0,688,39662,3245,3,53,1367,736,324,3,13735,7895,30401,0,0,654,8833,7617,11509,0,0,0,18,22,39,0,39675,30870,34150,2,0,0,317
22,4,21,1060759,benign,185,153,11079,0,7976,3084,1,2616,2929,0,693,39386,3245,3,52,1360,677,324,3,13693,7918,30325,0,0,654,8843,7687,11550,0,0,0,18,24,39,0,39374,31108,34425,2,0,0,317
23,5,19,1060729,benign,186,153,11152,0,8046,3085,1,2616,2929,0,683,39379,3245,3,52,1472,722,616,3,13746,8022,30316,0,0,654,8860,7692,11574,0,0,0,18,25,141,2,39890,31045,34517,2,0,0,317
24,6,11,1060752,benign,168,153,11125,0,8012,3092,1,2616,2929,0,685,39121,3245,3,53,1306,772,426,4,13368,7609,30331,0,0,654,8850,7694,11602,0,0,0,18,23,39,0,39170,30822,34186,2,0,0,317
25,2,11,1060747,benign,192,153,11139,0,8020,3081,1,2616,2929,0,696,39869,3245,3,53,1336,778,320,4,13816,8034,30349,0,0,654,8846,7676,11541,0,0,0,18,23,39,0,39605,31183,34469,2,0,0,317
26,10,1,1060766,benign,185,151,11122,0,8010,3085,1,2616,2929,0,700,39537,3245,3,53,1610,749,428,4,13593,7896,30344,0,0,654,8858,7700,11586,0,0,0,18,23,141,2,39770,31086,34452,2,0,0,317
27,6,21,1060731,benign,185,153,11130,0,8015,3079,1,2616,2929,0,704,39622,3245,3,52,1380,796,424,3,13555,7800,30364,0,0,654,8837,7627,11532,0,0,0,18,24,39,0,39409,30992,34260,2,0,0,317
28,9,14,1060751,benign,188,151,11124,0,8015,3087,1,2616,2929,0,698,39552,3245,3,52,1322,774,324,4,13650,7798,30404,0,0,654,8857,7674,11528,0,0,0,18,24,141,2,39933,31032,34291,2,0,0,317
29,3,25,1060735,benign,186,153,11134,0,8027,3085,1,2616,2929,0,685,39275,3245,3,52,1357,876,324,3,13612,7811,30333,0,0,654,8862,7665,11536,0,0,0,18,24,39,0,39375,30961,34300,2,0,0,317
30,2,23,1060726,benign,188,151,11130,0,8012,3087,1,2616,2929,0,696,39699,3245,3,52,1496,714,324,3,13778,7940,30303,0,0,654,8858,7675,11556,0,0,0,18,24,140,2,39505,30919,34191,2,0,0,317
31,5,26,1060723,benign,198,153,11126,0,8014,3082,1,2616,2929,0,692,39605,3245,3,52,1300,727,323,3,13418,7558,30313,0,0,654,8844,7671,11549,0,0,0,18,24,39,0,39328,31094,34373,2,0,0,317
32,1,24,1060742,benign,183,153,11156,0,8031,3087,1,2616,2930,0,704,39556,3245,3,55,1377,727,324,3,13821,7869,30301,0,0,654,8847,7671,11538,0,0,0,18,25,34,0,39435,31230,34703,2,0,0,317
33,5,31,1060763,benign,182,153,11101,0,8002,3082,1,2616,2929,0,694,39562,3245,3,53,1354,748,324,3,13494,7552,30324,0,0,654,8811,7658,11554,0,0,0,18,24,39,0,39504,31233,34500,2,0,0,317
34,7,10,1060722,benign,191,153,11129,0,8015,3080,1,2616,2929,0,710,39547,3245,3,52,1359,972,324,3,13787,7974,30341,0,0,654,8833,7691,11576,0,0,0,18,24,39,0,39831,31085,34469,2,0,0,317
35,9,1,1060732,benign,166,153,11125,0,8012,3081,1,2616,2929,0,697,39484,3245,3,51,1333,758,324,4,13453,7628,30337,0,0,654,8882,7724,11567,0,0,0,19,27,41,0,39218,30915,34333,2,0,0,317
36,8,27,1060724,benign,166,151,11135,0,8026,3095,1,2616,2929,0,693,39288,3245,3,52,1484,702,417,3,13330,7490,30334,0,0,654,8857,7669,11534,0,0,0,18,25,39,0,39277,30831,34112,2,0,0,317
37,8,20,1060726,benign,192,153,11135,0,8014,3080,1,2616,2929,0,692,39735,3245,3,53,1491,828,319,4,13766,8003,30370,0,0,654,8843,7652,11511,0,0,0,18,24,39,0,39643,30772,34032,2,0,0,317
38,6,8,1060750,benign,184,153,11172,0,8056,3104,1,2616,2929,0,701,39514,3245,3,53,1334,756,426,4,13410,7531,30350,0,0,654,8854,7689,11566,0,0,0,18,23,39,0,39490,31138,34380,2,0,0,317
0,9,3,1060725,benign,125,27,11155,0,8048,3086,1,2616,2929,0,698,39565,3245,3,52,1385,1189,426,4,13756,7842,30332,0,0,654,8845,7680,11557,0,0,0,18,23,141,2,39928,31015,34303,2,0,0,317
1,9,26,1060756,benign,166,153,11123,0,8013,3074,1,2616,2929,0,691,39470,3245,3,52,1343,724,324,3,13312,7448,30332,0,0,654,8829,7626,11519,0,0,0,18,23,39,0,39300,30681,33977,2,0,0,317
2,5,24,1060751,benign,186,153,11136,0,8021,3086,1,2616,2929,0,678,39416,3245,3,52,1480,820,324,4,13685,7891,30336,0,0,654,8849,7687,11563,0,0,0,18,23,274,2,40125,30953,34202,2,0,0,317
3,8,19,1060741,benign,188,151,11107,0,7998,3085,1,2616,2929,0,702,39758,3245,3,51,1360,750,324,3,13532,7637,30340,0,0,654,8799,7648,11511,0,0,0,18,23,39,0,39380,30901,34162,2,0,0,317
4,8,25,1060747,benign,195,153,11134,0,8013,3077,1,2616,2929,0,694,39369,3245,3,52,1330,722,324,3,13529,7713,30326,0,0,654,8858,7667,11534,0,0,0,18,23,39,0,39609,31184,34671,2,0,0,317
5,9,6,1060753,benign,190,151,11127,0,8015,3084,1,2616,2929,0,683,39387,3245,3,52,1346,780,324,4,14046,8218,30434,0,0,654,8866,7665,11540,0,0,0,18,24,39,0,39311,31209,34463,2,0,0,317
6,4,6,1060757,benign,197,154,11117,1,8007,3091,1,2616,2929,0,686,39608,3245,3,52,1342,706,435,3,13602,7615,30348,0,0,654,8842,7656,11510,0,0,0,18,23,42,2,39843,31018,34316,3,0,0,317
7,7,6,1060736,benign,166,153,11140,0,8025,3089,1,2616,2929,0,697,39291,3245,3,52,1558,784,324,4,13305,7537,30262,0,0,654,8845,7611,11526,0,0,0,18,25,132,2,39740,30858,34261,2,0,0,317
8,8,13,1060747,benign,187,153,11129,0,8016,3089,1,2616,2929,0,691,39410,3245,3,52,1595,716,426,3,13614,7539,30406,0,0,654,8868,7672,11547,0,0,0,18,23,39,0,39667,30890,34092,2,0,0,317
9,1,10,1060746,benign,201,153,11116,0,8000,3079,1,2616,2929,0,693,39486,3245,3,52,1365,697,324,3,13600,7649,30270,0,0,654,8871,7677,11543,0,0,0,19,26,41,0,39482,31074,34326,2,0,0,317
10,10,9,1060758,benign,194,153,11107,0,7995,3075,1,2616,2929,0,695,39566,3245,3,53,1345,744,324,3,13899,7942,30290,0,0,654,8832,7667,11538,0,0,0,18,23,39,0,39464,30897,34197,2,0,0,317
11,7,29,1060764,benign,165,154,11147,0,8032,3086,1,2616,2929,0,692,39188,3245,3,53,1316,757,425,3,13321,7498,30252,0,0,654,8865,7683,11561,0,0,0,18,23,39,0,39280,30949,34220,2,0,0,317
12,9,31,1060726,benign,186,153,11119,0,8008,3081,1,2616,2929,0,685,39544,3245,3,52,1299,751,324,3,13499,7761,30407,0,0,654,8833,7668,11553,0,0,0,18,22,39,0,39585,30978,34348,2,0,0,317
13,10,24,1060768,benign,166,153,11119,0,8012,3083,1,2616,2929,0,685,39381,3245,3,52,1510,724,324,3,13347,7583,30373,0,0,654,8833,7677,11541,0,0,0,18,23,38,0,39566,30889,34152,2,0,0,317
14,1,24,1060766,benign,187,153,11116,0,8008,3085,1,2616,2929,0,691,39495,3245,3,52,1578,741,324,3,13637,7918,30390,0,0,654,8850,7679,11572,0,0,0,18,22,141,2,39632,31338,34796,2,0,0,317
15,5,23,1060766,benign,190,153,11138,0,8026,3081,1,2616,2929,0,696,39452,3245,3,52,1505,743,324,3,13579,7847,30294,0,0,654,8839,7675,11547,0,0,0,18,25,39,0,39622,31054,34297,2,0,0,317
16,4,17,1060749,benign,190,153,11134,0,8013,3087,1,2616,2929,0,701,39771,3245,3,52,1298,768,324,3,13731,7873,30391,0,0,654,8834,7651,11552,0,0,0,18,23,39,0,39606,30985,34251,2,0,0,317
17,1,11,1060740,benign,166,151,11137,0,8022,3083,1,2616,2929,0,694,39430,3245,3,52,1403,780,422,3,13512,7783,30376,0,0,654,8804,7656,11534,0,0,0,18,23,39,0,39221,30698,33928,2,0,0,317
18,8,14,1060762,benign,191,153,11132,0,8025,3089,1,2616,2929,0,698,39654,3245,3,52,1352,770,324,3,13866,8117,30404,0,0,654,8852,7668,11558,0,0,0,18,23,39,0,39386,30908,34155,2,0,0,317
19,7,13,1060765,benign,186,151,11132,0,8025,3086,1,2616,2929,0,701,39800,3245,3,52,1546,725,324,3,13609,7767,30295,0,0,654,8856,7688,11573,0,0,0,18,23,141,2,39623,31256,34548,2,0,0,317
20,7,12,1060735,benign,192,153,11129,0,8024,3085,1,2616,2929,0,696,39745,3245,3,52,1293,985,324,3,13739,7852,30339,0,0,654,8838,7654,11507,0,0,0,18,25,39,0,39713,30967,34232,2,0,0,317
21,10,14,1060754,benign,183,153,11139,0,8020,3080,1,2616,2929,0,692,39293,3245,3,52,1524,793,425,3,13655,7735,30382,0,0,654,8821,7627,11527,0,0,0,18,24,39,0,39256,31088,34361,2,0,0,317
22,5,8,1060735,benign,184,153,11104,0,7996,3074,1,2616,2929,0,699,39395,3245,3,52,1284,749,324,3,13617,7692,30420,0,0,654,8842,7660,11544,0,0,0,18,24,39,0,39658,31024,34286,2,0,0,317
23,10,17,1060741,benign,187,151,11119,0,8010,3082,1,2616,2929,0,708,39514,3245,3,52,1520,768,324,3,13636,7892,30378,0,0,654,8823,7638,11514,0,0,0,18,23,39,0,39585,30837,34115,2,0,0,317
24,7,8,1060768,benign,169,153,11121,0,8013,3086,1,2616,2929,0,673,38881,3245,3,53,1602,829,426,3,13535,7847,30346,0,0,654,8841,7674,11556,0,0,0,18,24,39,0,39113,31018,34270,2,0,0,317
25,2,18,1060733,benign,184,151,11122,0,8003,3083,1,2616,2929,0,692,39583,3245,3,52,1308,804,324,3,13776,7938,30377,0,0,654,8846,7670,11532,0,0,0,18,24,39,0,39613,30994,34244,2,0,0,317
26,3,18,1060745,benign,183,151,11135,0,8018,3086,1,2616,2929,0,684,39431,3245,3,52,1340,727,324,3,13669,7896,30381,0,0,654,8854,7658,11550,0,0,0,18,23,39,0,39611,30918,34169,2,0,0,317
27,6,14,1060740,benign,167,153,11143,0,8027,3084,1,2616,2929,0,696,39283,3245,3,52,1392,708,426,3,13386,7605,30289,0,0,654,8841,7669,11544,0,0,0,18,24,39,0,39322,30767,33962,2,0,0,317
28,7,7,1060741,benign,190,153,11130,0,8020,3085,1,2616,2929,0,698,39428,3245,3,52,1365,725,324,4,13752,8026,30431,0,0,654,8862,7642,11532,0,0,0,18,22,39,0,39559,30960,34379,2,0,0,317
29,7,10,1060736,benign,167,153,11131,0,8018,3083,1,2616,2930,0,686,39176,3245,3,52,1535,876,324,4,13566,7777,30320,0,0,654,8866,7656,11524,0,0,0,18,24,38,0,39308,30996,34266,2,0,0,317
30,2,0,1060729,benign,189,153,11118,0,8010,3088,1,2616,2929,0,692,39530,3245,3,52,1521,791,324,3,13687,7658,30264,0,0,654,8851,7669,11544,0,0,0,18,24,39,0,39422,31208,34613,2,0,0,317
31,5,18,1060743,benign,184,151,11113,0,8002,3080,1,2616,2929,0,691,39599,3245,3,52,1579,759,428,3,13642,7923,30323,0,0,654,8841,7673,11559,0,0,0,18,23,39,0,39419,31199,34434,2,0,0,317
32,5,0,1060763,benign,185,153,11141,0,8028,3084,1,2616,2929,0,700,39888,3245,3,52,1577,779,324,3,13577,7822,30278,0,0,654,8861,7672,11570,0,0,0,18,23,39,0,39808,31066,34319,2,0,0,317
33,8,27,1060725,benign,195,153,11159,0,8048,3088,1,2616,2929,0,705,39810,3245,3,52,1317,734,426,4,13723,7943,30386,0,0,654,8850,7679,11556,0,0,0,18,23,39,0,39412,30927,34319,2,0,0,317
34,4,7,1060736,benign,167,152,11155,1,8044,3087,1,2616,2929,0,705,39525,3245,3,52,1358,716,331,4,13329,7672,30339,0,0,654,8809,7664,11536,0,0,0,18,23,39,0,39218,30714,34044,3,0,0,317
35,8,3,1060746,benign,191,153,11146,0,8029,3088,1,2616,2929,0,694,39545,3245,3,51,1474,785,426,3,13470,7743,30335,0,0,654,8836,7662,11548,0,0,0,18,25,35,1,39687,31100,34288,2,0,0,317
36,2,9,1060736,benign,167,153,11148,0,8041,3082,1,2616,2929,0,708,39368,3245,3,52,1324,776,324,4,13405,7550,30386,0,0,654,8872,7669,11555,0,0,0,18,24,39,0,39223,30834,34093,2,0,0,317
37,10,14,1060744,benign,168,153,11134,0,8014,3085,1,2616,2929,0,695,39254,3245,3,52,1324,934,324,3,13434,7548,30267,0,0,654,8846,7661,11537,0,0,0,18,24,39,0,39238,30786,34020,2,0,0,317
38,10,23,1060760,benign,167,153,11110,0,8007,3087,1,2616,2929,0,685,39485,3245,3,52,1324,785,324,3,13101,7346,30244,0,0,654,8845,7683,11554,0,0,0,18,24,39,0,39146,30673,33936,2,0,0,317
39,6,7,1060738,benign,190,153,11145,0,8039,3097,1,2616,2929,0,693,39576,3245,3,52,1287,786,426,3,13871,7858,30371,0,0,654,8840,7687,11548,0,0,0,18,24,39,0,39276,31189,34570,2,0,0,317
40,2,1,1060722,benign,192,151,11142,0,8032,3094,1,2616,2929,0,696,39723,3245,3,52,1315,1008,324,3,13648,7817,30337,0,0,654,8836,7691,11577,0,0,0,18,24,39,0,39654,30954,34396,2,0,0,317
41,10,24,1060754,benign,183,154,11131,0,8018,3091,1,2616,2929,0,685,39322,3245,3,53,1744,926,324,3,13692,7806,30207,0,0,654,8841,7646,11502,0,0,0,18,23,39,0,39514,31232,34470,2,0,0,317
42,10,11,1060751,benign,193,153,11131,0,8020,3090,1,2616,2929,0,692,39759,3245,3,52,1554,735,425,4,13657,7596,30330,0,0,654,8843,7677,11576,0,0,0,18,24,39,0,39649,31244,34516,2,0,0,317
43,4,28,1060730,benign,192,153,11118,0,8002,3081,1,2616,2929,0,683,39560,3245,3,51,1308,771,324,3,13915,7894,30426,0,0,654,8859,7677,11552,0,0,0,19,27,41,0,39380,30852,34124,2,0,0,317
44,8,30,1060767,benign,196,153,11151,0,8039,3088,1,2616,2929,0,697,39771,3245,3,52,1282,800,324,4,13625,7870,30365,0,0,654,8826,7650,11530,0,0,0,18,22,39,0,39348,31004,34371,2,0,0,317
45,4,22,1060752,benign,166,153,11156,0,8050,3099,1,2616,2929,0,683,39078,3245,3,52,1534,748,324,4,13519,7703,30259,0,0,654,8858,7671,11562,0,0,0,18,23,39,0,39101,31141,34561,2,0,0,317
46,10,13,1060756,benign,165,153,11120,0,8012,3089,1,2616,2929,0,698,39274,3245,3,52,1299,852,324,4,13440,7669,30319,0,0,654,8844,7697,11565,0,0,0,18,23,33,0,39319,30837,34115,2,0,0,317
47,4,9,1060724,benign,164,151,11115,1,8006,3088,1,2616,2929,0,705,39332,3245,3,51,1350,746,426,3,13235,7501,30425,0,0,654,8836,7681,11571,0,0,0,18,23,39,0,39337,30668,33977,3,0,0,317
48,7,29,1060764,benign,167,153,11122,0,8008,3092,1,2616,2929,0,700,39474,3245,3,52,1495,767,324,4,13718,7972,30452,0,0,654,8850,7674,11538,0,0,0,18,23,38,0,39322,30893,34191,2,0,0,317
49,9,8,1060746,benign,185,153,11117,0,8013,3082,1,2616,2929,0,706,39703,3245,3,52,1461,759,324,3,13367,7556,30375,0,0,654,8836,7639,11546,0,0,0,18,22,39,0,39788,30967,34253,2,0,0,317
50,7,16,1060758,benign,188,153,11112,0,8007,3085,1,2616,2929,0,693,39627,3245,3,52,1545,929,426,3,13681,7811,30301,0,0,654,8834,7644,11519,0,0,0,18,24,39,0,39557,30897,34130,2,0,0,317
51,4,6,1060739,benign,191,152,11099,1,8000,3087,1,2616,2929,0,705,39597,3245,3,52,1385,889,333,3,13627,7848,30290,0,0,654,8835,7693,11561,0,0,0,18,22,48,2,39887,30989,34238,3,0,0,317
52,9,20,1060767,benign,181,153,11137,0,8030,3095,1,2616,2929,0,687,39607,3245,3,53,1374,797,324,4,13765,8031,30348,0,0,654,8867,7670,11561,0,0,0,18,23,39,0,39342,31268,34531,2,0,0,317
53,10,17,1060766,benign,187,151,11157,0,8058,3096,1,2616,2929,0,684,39487,3245,3,53,1546,746,324,3,13566,7738,30359,0,0,654,8825,7644,11538,0,0,0,18,24,39,0,39565,31107,34370,2,0,0,317
54,9,8,1060734,benign,194,154,11114,0,8002,3090,1,2616,2929,0,708,39560,3245,3,53,1313,824,324,4,13510,7622,30372,0,0,654,8841,7659,11524,0,0,0,18,24,132,2,39978,31093,34365,2,0,0,317
55,9,18,1060724,benign,167,151,11099,0,7988,3082,1,2616,2929,0,699,39535,3245,3,53,1342,742,324,3,13571,7378,30311,0,0,654,8851,7681,11532,0,0,0,18,23,39,0,38940,30950,34221,2,0,0,316
56,4,29,1060757,benign,184,153,11107,0,7997,3083,1,2616,2929,0,695,39453,3245,3,51,1536,758,324,3,13426,7683,30423,0,0,654,8857,7670,11547,0,0,0,18,22,39,0,39754,31209,34470,2,0,0,317
57,3,6,1060725,benign,191,153,11119,0,8007,3085,1,2616,2929,0,699,39784,3245,3,53,1354,729,426,3,13487,7664,30358,0,0,654,8854,7662,11522,0,0,0,18,23,39,0,39463,31259,34544,2,0,0,317
58,2,21,1060741,benign,190,153,11136,0,8032,3084,1,2616,2929,0,704,39495,3245,3,52,1357,757,426,3,13602,7776,30267,0,0,654,8852,7679,11547,0,0,0,18,23,39,0,39524,31212,34607,2,0,0,317
59,7,17,1060764,benign,165,151,11107,0,8002,3088,1,2616,2930,0,698,39283,3245,3,53,1345,945,324,4,13284,7547,30323,0,0,654,8839,7637,11527,0,0,0,18,23,39,0,39335,30859,34121,2,0,0,317
60,10,5,1060768,benign,166,153,11119,0,8007,3087,1,2616,2929,0,713,39449,3245,3,52,1421,775,426,3,13536,7656,30370,0,0,654,8864,7662,11532,0,0,0,18,24,39,0,39443,30728,33967,2,0,0,317
61,6,21,1060726,benign,184,153,11124,0,8004,3080,1,2616,2929,0,702,39527,3245,3,53,1331,719,324,3,13837,7981,30356,0,0,654,8840,7689,11559,0,0,0,18,23,39,0,39553,30895,34141,2,0,0,316
62,7,12,1060724,benign,166,151,11143,0,8027,3092,1,2616,2929,0,692,39410,3245,3,52,1354,715,324,3,13227,7476,30338,0,0,654,8818,7656,11554,0,0,0,18,25,39,0,39309,30668,33869,2,0,0,317
63,9,13,1060758,benign,188,153,11133,0,8008,3090,1,2616,2929,0,673,39494,3245,3,54,1421,728,425,3,13537,7740,30382,0,0,654,8798,7674,11540,0,0,0,18,23,141,2,39801,31023,34255,2,0,0,317
64,9,17,1060725,benign,192,153,11139,0,8029,3090,1,2616,2929,0,704,39685,3245,3,52,1367,748,324,3,13587,7704,30323,0,0,654,8854,7662,11516,0,0,0,18,23,39,0,39519,31028,34484,2,0,0,316
65,6,1,1060724,benign,167,153,11124,0,8015,3086,1,2616,2929,0,705,39380,3245,3,52,1487,746,324,3,13426,7673,30423,0,0,654,8848,7681,11557,0,0,0,18,21,141,2,39301,30792,34019,2,0,0,317
66,5,10,1060757,benign,183,153,11130,0,8023,3093,1,2616,2929,0,699,39541,3245,3,52,1406,729,324,3,13531,7681,30367,0,0,654,8868,7674,11518,0,0,0,18,24,39,0,39422,30989,34218,2,0,0,317
67,9,10,1060726,benign,191,153,11153,0,8043,3080,1,2616,2929,0,688,39357,3245,3,52,1334,768,323,3,13691,7873,30437,0,0,654,8866,7674,11568,0,0,0,18,23,39,0,39299,31045,34289,2,0,0,317
68,6,12,1060728,benign,165,151,11118,0,8005,3078,1,2616,2930,0,691,39443,3245,3,52,1378,744,421,3,13176,7391,30346,0,0,654,8851,7660,11531,0,0,0,18,23,142,2,39541,30710,34006,2,0,0,317
69,2,24,1060729,benign,182,153,11098,0,7993,3084,1,2616,2929,0,693,39484,3245,3,52,1363,693,428,3,13536,7871,30376,0,0,654,8848,7682,11549,0,0,0,18,23,38,0,39376,30980,34455,2,0,0,316
70,3,4,1060720,benign,166,153,11133,0,8022,3086,1,2616,2929,0,697,39738,3245,3,53,1334,743,323,4,13446,7532,30335,0,0,654,8843,7648,11498,0,0,0,18,22,39,0,39270,30855,34128,2,0,0,317
71,8,20,1060735,benign,188,153,11144,0,8043,3087,1,2616,2929,0,690,39495,3245,3,52,1313,841,319,3,13338,7469,30327,0,0,654,8846,7648,11537,0,0,0,18,23,39,0,39618,31103,34369,2,0,0,317
72,4,6,1060744,benign,167,154,11128,1,8015,3086,1,2616,2929,0,690,39161,3245,3,52,1321,783,623,4,13224,7307,30240,0,0,654,8838,7656,11506,0,0,0,18,25,39,0,39255,30894,34365,3,0,0,317
73,4,24,1060731,benign,193,154,11119,1,8011,3081,1,2616,2929,0,691,39642,3245,3,53,1505,735,425,3,13599,7756,30259,0,0,654,8858,7654,11535,0,0,0,18,24,39,0,39335,31118,34358,2,0,0,317
74,8,6,1060755,benign,185,151,11117,0,8011,3097,1,2616,2929,0,702,39580,3245,3,53,1309,769,318,3,13839,8088,30210,0,0,654,8825,7707,11586,0,0,0,18,24,39,0,39341,31356,34630,2,0,0,317
75,2,11,1060740,benign,168,153,11140,0,8023,3086,1,2616,2929,0,704,39343,3245,3,53,1363,750,324,3,13580,7900,30362,0,0,654,8867,7671,11538,0,0,0,18,24,39,0,39408,30673,34046,2,0,0,317
76,2,24,1060738,benign,189,153,11147,0,8032,3082,1,2616,2929,0,697,39456,3245,3,52,1567,712,324,3,13695,7729,30379,0,0,654,8869,7663,11544,0,0,0,18,24,39,0,39492,31109,34523,2,0,0,317
77,3,2,1060735,benign,193,153,11134,0,8033,3089,1,2616,2929,0,699,39714,3245,3,52,1357,785,324,4,13542,7729,30352,0,0,654,8845,7679,11578,0,0,0,18,25,39,0,39655,31069,34433,2,0,0,317
78,3,9,1060735,benign,188,153,11140,0,8030,3091,1,2616,2929,0,687,39375,3245,3,52,1527,740,324,3,13467,7634,30301,0,0,654,8847,7673,11561,0,0,0,18,24,39,0,39582,31224,34475,2,0,0,317
79,8,18,1060739,benign,198,153,11124,0,8012,3076,1,2616,2929,0,707,39909,3245,3,52,1650,769,323,3,13611,7872,30349,0,0,654,8852,7665,11560,0,0,0,18,24,39,0,39498,30818,34085,2,0,0,317
80,8,13,1060743,benign,190,153,11134,0,8023,3081,1,2616,2929,0,699,39679,3245,3,52,1517,746,426,3,13586,7862,30384,0,0,654,8837,7670,11529,0,0,0,18,24,135,2,39770,31024,34293,2,0,0,317
81,6,24,1060751,benign,192,153,11170,0,8043,3091,1,2616,2929,0,698,39827,3245,3,52,1550,738,324,3,13546,7733,30402,0,0,654,8849,7656,11548,0,0,0,18,23,39,0,39471,30899,34244,2,0,0,317
82,1,4,1060737,benign,185,153,11150,0,8039,3085,1,2616,2929,0,684,39416,3245,3,53,1561,931,324,4,13741,8089,30378,0,0,654,8861,7691,11567,0,0,0,18,24,39,0,39719,30957,34224,2,0,0,317
83,4,3,1060749,benign,186,154,11137,1,8020,3090,1,2616,2929,0,690,39457,3245,3,53,1386,941,432,3,13696,7805,30277,0,0,654,8830,7690,11575,0,0,0,18,23,47,2,39317,31104,34449,3,0,0,317
84,10,15,1060754,benign,185,151,11128,0,8019,3075,1,2616,2929,0,695,39717,3245,3,54,1348,773,324,3,13546,7710,30303,0,0,654,8873,7663,11555,0,0,0,18,24,39,0,39561,31035,34291,2,0,0,317
85,4,9,1060755,benign,190,153,11105,1,7992,3082,1,2616,2929,0,700,39552,3245,3,51,1483,749,428,4,13590,7851,30318,0,0,654,8850,7663,11547,0,0,0,18,22,132,2,39976,31043,34307,3,0,0,317
86,8,8,1060740,benign,165,151,11102,0,8001,3081,1,2616,2929,0,687,39348,3245,3,53,1506,721,417,3,13512,7792,30315,0,0,654,8862,7680,11563,0,0,0,18,23,39,0,39161,30815,34063,2,0,0,317
87,6,5,1060740,benign,168,153,11134,0,8019,3094,1,2616,2929,0,702,39272,3245,3,52,1373,695,324,3,13258,7444,30266,0,0,654,8847,7678,11535,0,0,0,18,25,39,0,39270,30772,34028,2,0,0,317
88,7,14,1060755,benign,200,151,11104,0,7986,3073,1,2616,2929,0,696,39438,3245,3,52,1345,948,324,3,13805,7941,30302,0,0,654,8871,7647,11515,0,0,0,18,24,39,0,39883,30937,34254,2,0,0,317
89,8,1,1060768,benign,167,153,11095,0,7992,3087,1,2616,2929,0,693,39417,3245,3,53,1352,786,324,3,13406,7653,30209,0,0,654,8840,7692,11558,0,0,0,18,24,39,0,39226,30740,34003,2,0,0,317
90,4,11,1060730,benign,190,153,11143,1,8028,3088,1,2616,2929,0,694,39378,3245,3,52,1359,781,426,4,13482,7581,30367,0,0,654,8864,7667,11555,0,0,0,18,24,39,0,39566,30837,34252,2,0,0,317
91,6,5,1060753,benign,189,153,11115,0,8002,3076,1,2616,2929,0,700,39728,3245,3,52,1528,778,425,3,13782,7949,30340,0,0,654,8847,7677,11568,0,0,0,18,23,39,0,39450,31177,34431,2,0,0,317
92,4,27,1060765,benign,189,153,11115,0,8000,3092,1,2616,2929,0,693,39426,3245,3,51,1483,784,324,4,13825,7779,30396,0,0,654,8847,7668,11562,0,0,0,18,24,39,0,39876,30884,34355,2,0,0,317
93,2,13,1060743,benign,197,151,11130,0,8019,3085,1,2616,2929,0,692,39396,3245,3,52,1359,748,324,3,13952,8178,30410,0,0,654,8854,7681,11546,0,0,0,18,23,39,0,39754,31071,34519,2,0,0,317
94,10,0,1060760,benign,167,153,11115,0,8008,3082,1,2616,2929,0,684,39176,3245,3,53,1358,710,324,3,13442,7555,30333,0,0,654,8846,7684,11551,0,0,0,18,25,39,0,39330,30955,34182,2,0,0,317
95,8,2,1060731,benign,184,153,11135,0,8032,3083,1,2616,2929,0,694,39771,3245,3,52,1391,771,425,3,13532,7761,30359,0,0,654,8848,7670,11579,0,0,0,18,23,39,0,39751,31143,34433,2,0,0,317
96,1,9,1060755,benign,187,153,11108,0,8004,3093,1,2616,2929,0,685,39684,3245,3,53,1361,935,324,3,13597,7824,30394,0,0,654,8854,7643,11509,0,0,0,18,23,39,0,39466,30996,34290,2,0,0,317
97,10,5,1060742,benign,188,151,11142,0,8030,3088,1,2616,2929,0,697,39799,3245,3,53,1356,831,324,3,13598,7817,30342,0,0,654,8843,7697,11560,0,0,0,18,24,140,2,39918,31025,34334,2,0,0,317
98,6,31,1060737,benign,189,151,11066,0,7966,3086,1,2616,2929,0,690,39629,3245,3,52,1558,788,324,3,13666,7848,30429,0,0,654,8837,7666,11584,0,0,0,18,24,39,0,39632,31106,34460,2,0,0,316
99,5,31,1060750,benign,183,153,11114,0,8000,3089,1,2616,2929,0,689,39730,3245,3,53,1375,924,324,3,13776,7962,30345,0,0,654,8848,7681,11549,0,0,0,18,23,39,0,39608,31120,34394,2,0,0,368
100,6,9,1060731,benign,190,153,11122,0,8012,3085,1,2616,2929,0,683,39564,3245,3,51,1346,766,426,3,13587,7594,30239,0,0,654,8830,7675,11555,0,0,0,18,23,39,0,39451,31066,34317,2,0,0,317
101,3,27,1060754,benign,188,153,11138,0,8025,3081,1,2616,2929,0,706,39544,3245,3,52,1299,708,324,3,13797,7786,30365,0,0,654,8841,7678,11551,0,0,0,18,24,141,2,39600,31194,34442,2,0,0,317
102,10,19,1060761,benign,185,151,11131,0,8013,3084,1,2616,2929,0,696,39629,3245,3,52,1338,765,324,3,13400,7525,30293,0,0,654,8852,7726,11600,0,0,0,18,24,132,2,39551,30956,34215,2,0,0,317
103,2,5,1060727,benign,185,153,11134,0,8024,3080,1,2616,2929,0,690,39393,3245,3,52,1302,1017,324,4,13628,7804,30401,0,0,654,8843,7691,11571,0,0,0,18,23,39,0,39604,30858,34143,2,0,0,317
104,8,13,1060736,benign,165,151,11152,0,8043,3092,1,2616,2929,0,678,39178,3245,3,52,1335,807,324,3,13536,7678,30469,0,0,654,8847,7697,11585,0,0,0,18,24,38,0,39251,30977,34204,2,0,0,317
105,6,7,1060727,benign,184,153,11131,0,8028,3094,1,2616,2929,0,701,39820,3245,3,52,1528,806,323,4,13549,7711,30408,0,0,654,8867,7665,11544,0,0,0,18,23,39,0,39585,31346,34617,2,0,0,317
106,6,22,1060725,benign,190,153,11127,0,8014,3081,1,2616,2929,0,684,39753,3245,3,53,1298,750,324,3,13857,7949,30398,0,0,654,8841,7675,11536,0,0,0,18,25,39,0,39666,31342,34782,2,0,0,317
107,1,14,1060759,benign,191,151,11106,0,7991,3074,1,2616,2929,0,711,39700,3245,3,52,1365,936,426,3,13708,7997,30456,0,0,654,8831,7676,11524,0,0,0,18,24,39,0,39682,31320,34736,2,0,0,317
108,4,7,1060726,benign,199,154,11135,1,8022,3086,1,2616,2929,0,698,39595,3245,3,52,1338,774,333,3,13823,7876,30371,0,0,654,8835,7678,11535,0,0,0,18,22,47,2,39301,31185,34449,3,0,0,317
109,1,19,1060753,benign,181,151,11148,0,8039,3084,1,2616,2929,0,708,39977,3245,3,52,1325,767,323,3,13497,7715,30308,0,0,654,8872,7661,11519,0,0,0,18,24,38,0,39631,31172,34622,2,0,0,317
110,10,30,1060767,benign,185,153,11143,0,8041,3085,1,2616,2929,0,694,39694,3245,3,52,1336,731,324,3,13693,7971,30410,0,0,654,8869,7704,11598,0,0,0,18,23,39,0,39481,30969,34227,2,0,0,317
111,6,28,1060755,benign,198,153,11119,0,7996,3083,1,2616,2929,0,706,39678,3245,3,52,1508,695,426,4,13558,7788,30417,0,0,654,8845,7658,11522,0,0,0,18,23,132,2,39575,31274,34529,2,0,0,317
112,9,27,1060730,benign,193,153,11122,0,8010,3081,1,2616,2930,0,697,39676,3245,3,54,1356,704,426,3,13550,7593,30342,0,0,654,8842,7676,11553,0,0,0,18,23,39,0,39625,31473,34698,2,0,0,317
113,1,30,1060737,benign,191,153,11136,0,8020,3077,1,2616,2929,0,691,39435,3245,3,52,1354,934,323,3,13533,7591,30416,0,0,654,8822,7641,11547,0,0,0,18,22,39,0,39429,31045,34446,2,0,0,317
114,7,7,1060761,benign,192,151,11115,0,7999,3071,1,2616,2929,0,701,39583,3245,3,52,1348,770,426,3,13718,7953,30394,0,0,654,8855,7661,11564,0,0,0,18,24,39,0,39325,30947,34189,2,0,0,317
115,10,5,1060762,benign,188,153,11116,0,8006,3081,1,2616,2929,0,693,39705,3245,3,52,1555,899,324,3,14017,8250,30361,0,0,654,8853,7653,11532,0,0,0,18,23,34,0,39636,31350,34609,2,0,0,317
116,3,24,1060749,benign,184,152,11133,0,8023,3081,1,2616,2929,0,699,39709,3245,3,53,1359,724,324,3,13836,8108,30378,0,0,654,8814,7646,11506,0,0,0,18,23,39,0,39509,31017,34293,2,0,0,317
117,5,11,1060749,benign,195,153,11151,0,8039,3085,1,2616,2929,0,689,39542,3245,3,52,1703,789,324,3,13779,7761,30334,0,0,654,8853,7664,11532,0,0,0,18,22,39,0,39713,31043,34302,2,0,0,317
118,10,18,1060758,benign,186,153,11140,0,8030,3087,1,2616,2929,0,710,39930,3245,3,53,1345,769,324,4,13765,8027,30305,0,0,654,8845,7693,11584,0,0,0,18,24,39,0,39361,31186,34475,2,0,0,317
119,7,24,1060755,benign,194,153,11113,0,8005,3081,1,2616,2929,0,691,39313,3245,3,52,1358,752,324,3,13542,7694,30427,0,0,654,8841,7685,11541,0,0,0,18,25,39,0,39687,30985,34336,2,0,0,317
120,6,20,1060746,benign,185,153,11150,0,8032,3087,1,2616,2929,0,707,39710,3245,3,52,1334,1086,324,3,13554,7808,30333,0,0,654,8845,7706,11590,0,0,0,18,23,39,0,39235,31141,34420,2,0,0,316
121,5,24,1060760,benign,165,153,11146,0,8042,3092,1,2616,2929,0,704,39491,3245,3,52,1301,734,426,3,13282,7527,30319,0,0,654,8829,7694,11551,0,0,0,18,23,39,0,39518,30663,34022,2,0,0,317
122,5,17,1060761,benign,191,154,11127,0,8016,3080,1,2616,2929,0,693,39583,3245,3,52,1381,733,426,3,13819,8125,30497,0,0,654,8859,7685,11549,0,0,0,18,24,39,0,39841,31219,34631,2,0,0,317
123,8,5,1060751,benign,199,153,11110,0,7996,3079,1,2616,2929,0,692,39430,3245,3,52,1332,791,567,3,13637,7699,30372,0,0,654,8856,7662,11541,0,0,0,18,24,39,0,39559,30923,34336,2,0,0,317
124,2,0,1060730,benign,183,153,11152,0,8042,3086,1,2616,2929,0,685,39491,3245,3,52,1379,766,324,4,13783,7892,30381,0,0,654,8830,7637,11551,0,0,0,18,24,39,0,39510,30825,34078,2,0,0,317
125,3,23,1060724,benign,165,151,11158,0,8047,3087,1,2616,2929,0,700,39277,3245,3,52,1378,716,424,3,13518,7533,30346,0,0,654,8857,7637,11534,0,0,0,18,23,39,0,39335,30693,33945,2,0,0,317
126,9,11,1060724,benign,168,153,11125,0,8008,3075,1,2616,2930,0,694,39197,3245,3,52,1329,788,323,3,13434,7714,30344,0,0,654,8823,7685,11547,0,0,0,18,24,39,0,39301,30798,34028,2,0,0,316
127,4,12,1060754,benign,184,153,11143,0,8033,3087,1,2616,2929,0,683,39470,3245,3,52,1465,775,324,4,13547,7703,30286,0,0,654,8908,7738,11565,0,0,0,18,23,39,0,39573,30959,34219,2,0,0,317
128,8,5,1060739,benign,189,151,11109,0,8001,3096,1,2616,2929,0,702,39921,3245,3,52,1323,840,324,4,13879,8181,30425,0,0,654,8849,7682,11551,0,0,0,18,24,39,0,39518,31019,34313,2,0,0,317
129,3,18,1060754,benign,184,153,11141,0,8029,3089,1,2616,2929,0,684,39518,3245,3,52,1281,731,324,3,13657,7789,30377,0,0,654,8811,7681,11548,0,0,0,18,23,142,2,39631,31464,34727,2,0,0,317
130,6,9,1060766,benign,187,153,11108,0,8002,3086,1,2616,2929,0,697,39619,3245,3,52,1565,758,425,3,13810,8110,30438,0,0,654,8857,7670,11550,0,0,0,18,24,141,2,39508,30997,34259,2,0,0,317
131,3,17,1060768,benign,165,152,11113,0,8003,3083,1,2616,2929,1,690,39218,3245,3,53,1594,768,323,4,13302,7484,30339,0,0,654,8862,7643,11536,0,0,0,19,26,41,0,39406,30917,34182,2,0,0,317
132,9,1,1060759,benign,187,153,11119,0,8006,3083,1,2616,2929,0,698,39435,3245,3,51,1341,851,383,3,13668,7802,30400,0,0,654,8860,7676,11562,0,0,0,18,25,39,0,39651,30891,34277,2,0,0,317
133,8,10,1060742,benign,193,153,11149,0,8033,3085,1,2616,2929,0,705,39758,3245,3,52,1348,972,324,3,13683,7847,30327,0,0,654,8857,7692,11570,0,0,0,18,23,39,0,39740,30948,34191,2,0,0,317
134,4,7,1060752,benign,170,154,11134,1,8023,3079,1,2616,2929,0,695,39397,3245,3,52,1320,727,329,4,13540,7788,30309,0,0,654,8860,7667,11534,0,0,0,18,24,39,0,39225,30664,33947,3,0,0,317
135,4,8,1060733,benign,190,154,11159,1,8040,3086,1,2616,2929,0,683,39581,3245,3,52,1522,773,426,4,13440,7622,30331,0,0,654,8834,7680,11537,0,0,0,18,23,39,0,39614,31204,34539,3,0,0,317
136,8,5,1060743,benign,197,153,11159,0,8045,3084,1,2616,2929,0,691,39615,3245,3,52,1360,722,426,4,13422,7693,30310,0,0,654,8841,7690,11536,0,0,0,18,22,39,0,39369,31035,34355,2,0,0,317
137,5,23,1060732,benign,169,153,11137,0,8033,3079,1,2616,2929,0,708,39242,3245,3,52,1547,761,428,3,13247,7410,30292,0,0,654,8830,7666,11564,0,0,0,18,23,39,0,39520,30914,34333,2,0,0,317
138,5,11,1060757,benign,184,153,11133,0,8023,3086,1,2616,2929,0,689,39560,3245,3,52,1556,879,324,3,13814,8053,30394,0,0,654,8853,7629,11549,0,0,0,18,23,142,2,39744,31006,34310,2,0,0,317
139,1,11,1060764,benign,166,153,11137,0,8016,3088,1,2616,2929,0,698,39492,3245,3,53,1367,737,324,4,13403,7529,30245,0,0,654,8821,7633,11504,0,0,0,18,24,39,0,39442,30736,34024,2,0,0,317
140,1,2,1060722,crash/hangs,-,-,-,-,-,-,-,-,-,-,-,-,-,-,-,-,-,-,-,-,-,-,-,-,-,-,-,-,-,-,-,-,-,-,-,-,-,-,-,-,-,-
141,2,24,1060722,benign,109,27,11121,0,8017,3077,1,2616,2929,0,689,39609,3245,3,52,1549,697,324,3,13575,7738,30426,0,0,654,8826,7654,11541,0,0,0,18,23,141,2,39628,30873,34094,2,0,0,317
142,6,26,1060758,benign,188,151,11139,0,8034,3085,1,2616,2929,0,697,39645,3245,3,52,1681,703,425,4,13478,7736,30327,0,0,654,8848,7681,11545,0,0,0,18,24,39,0,39575,30910,34169,2,0,0,317
143,10,22,1060748,benign,165,151,11135,0,8021,3089,1,2616,2929,0,697,39770,3245,3,53,1539,735,324,3,13611,7581,30327,0,0,654,8869,7691,11571,0,0,0,18,24,39,0,39288,30883,34146,2,0,0,317
0,9,9,1060759,benign,109,27,11117,0,8010,3076,1,2616,2929,0,698,39902,3245,3,52,1350,762,324,3,13607,7792,30340,0,0,654,8814,7654,11550,0,0,0,18,23,39,0,39448,30877,34284,2,0,0,317
1,10,13,1060732,benign,167,153,11152,0,8032,3086,1,2616,2929,0,692,39309,3245,3,53,1342,746,324,3,13472,7628,30379,0,0,654,8864,7691,11581,0,0,0,18,25,39,0,39472,30990,34261,2,0,0,317
2,8,2,1060725,benign,184,153,11094,0,7984,3077,1,2616,2929,0,691,39420,3245,3,52,1361,758,417,3,13633,7801,30300,0,0,654,8854,7669,11509,0,0,0,18,24,39,0,39465,31065,34312,2,0,0,317
3,4,7,1060738,benign,191,154,11115,1,8006,3091,1,2616,2929,0,689,39641,3245,3,52,1354,717,333,3,13416,7500,30248,0,0,654,8825,7636,11507,0,0,0,18,23,48,2,39453,31188,34465,3,0,0,317
4,9,7,1060751,benign,190,153,11129,0,8015,3088,1,2616,2930,0,693,39590,3245,3,52,1345,767,324,4,13756,7860,30458,0,0,654,8841,7674,11579,0,0,0,18,23,39,0,39351,31321,34546,2,0,0,317
5,4,14,1060730,benign,192,153,11145,0,8036,3077,1,2616,2929,0,694,39677,3245,3,52,1340,711,324,4,13529,7775,30331,0,0,654,8837,7675,11558,0,0,0,18,22,39,0,39982,31047,34307,2,0,0,317
6,1,5,1060767,benign,182,151,11127,0,8009,3078,1,2616,2929,0,695,39645,3245,3,52,1374,713,324,3,13523,7763,30332,0,0,654,8847,7684,11595,0,0,0,19,28,41,0,39691,31106,34547,2,0,0,317
7,4,11,1060725,benign,188,151,11123,0,8016,3090,1,2616,2929,0,704,39608,3245,3,52,1347,787,324,4,13549,7724,30333,0,0,654,8856,7676,11545,0,0,0,18,25,39,0,39455,31212,34492,2,0,0,317
8,1,24,1060750,benign,186,151,11095,0,7978,3075,1,2616,2929,0,694,39468,3245,3,52,1370,785,324,3,13735,7770,30278,0,0,654,8843,7682,11559,0,0,0,18,25,39,0,39412,31026,34276,2,0,0,317
9,5,19,1060768,benign,165,153,11126,0,8022,3087,1,2616,2929,0,707,39636,3245,3,52,1312,740,324,3,13391,7399,30290,0,0,654,8858,7681,11563,0,0,0,18,25,39,0,39221,30985,34434,2,0,0,317
10,6,29,1060734,benign,193,153,11141,0,8021,3091,1,2616,2929,0,704,39683,3245,3,52,1515,747,417,3,13926,7766,30323,0,0,654,8859,7663,11530,0,0,0,18,24,132,2,39556,31196,34483,2,0,0,317
11,1,27,1060737,benign,185,151,11134,0,8018,3079,1,2616,2929,0,683,39353,3245,3,52,1787,742,426,4,13519,7690,30379,0,0,654,8823,7658,11517,0,0,0,18,24,141,2,39619,31065,34511,2,0,0,317
12,6,5,1060768,benign,169,153,11147,0,8038,3083,1,2616,2929,0,692,39189,3245,3,53,1358,760,324,3,13347,7452,30261,0,0,654,8854,7664,11536,0,0,0,18,23,39,0,39399,30658,33924,2,0,0,317
13,8,30,1060751,benign,197,153,11122,0,8019,3084,1,2616,2929,0,695,39447,3245,3,52,1383,740,426,3,13688,7739,30365,0,0,654,8859,7726,11585,0,0,0,18,24,39,0,39437,31110,34339,2,0,0,317
14,4,9,1060757,benign,189,153,11085,1,7977,3084,1,2616,2929,0,692,39541,3245,3,51,1331,797,324,4,13543,7841,30357,0,0,654,8851,7691,11560,0,0,0,18,21,39,0,39568,31015,34308,3,0,0,317
15,7,7,1060752,benign,167,153,11139,0,8028,3089,1,2616,2929,0,676,39154,3245,3,52,1341,961,323,3,13175,7357,30204,0,0,654,8853,7687,11569,0,0,0,18,25,39,0,39414,30781,34076,2,0,0,317
16,5,26,1060749,benign,186,153,11130,0,8008,3077,1,2616,2929,0,695,39624,3245,3,52,1374,725,324,3,13527,7751,30356,0,0,654,8830,7661,11565,0,0,0,18,23,39,0,39628,31171,34478,2,0,0,317
17,3,13,1060759,crash/hangs,-,-,-,-,-,-,-,-,-,-,-,-,-,-,-,-,-,-,-,-,-,-,-,-,-,-,-,-,-,-,-,-,-,-,-,-,-,-,-,-,-,-
18,5,28,1060755,benign,109,27,11134,0,8036,3085,1,2616,2929,0,710,39631,3245,3,52,1342,706,324,3,13843,8104,30346,0,0,654,8855,7672,11554,0,0,0,18,23,39,0,39600,31025,34439,2,0,0,317
19,2,8,1060732,benign,166,153,11130,0,8015,3080,1,2616,2929,0,693,39218,3245,3,53,1414,732,426,3,13440,7731,30316,0,0,654,8843,7681,11535,0,0,0,18,24,39,0,39102,30974,34221,2,0,0,317
20,6,4,1060743,benign,188,153,11116,0,8016,3088,1,2616,2929,0,700,39760,3245,3,54,1494,747,417,3,13494,7690,30328,0,0,654,8835,7678,11562,0,0,0,18,25,39,0,39082,30769,34064,2,0,0,317
21,3,19,1060729,benign,184,151,11140,0,8029,3090,1,2616,2929,0,671,39398,3245,3,52,1492,727,324,4,13519,7680,30284,0,0,654,8867,7706,11589,0,0,0,18,23,39,0,39339,30789,34089,2,0,0,317
22,8,1,1060744,benign,167,153,11119,0,8003,3089,1,2616,2930,0,691,39242,3245,3,53,1385,938,426,4,13290,7447,30281,0,0,654,8849,7632,11549,0,0,0,18,23,143,2,39213,30767,34017,2,0,0,317
23,3,23,1060723,benign,185,153,11138,0,8029,3082,1,2616,2929,0,702,39677,3245,3,52,1364,941,324,3,13841,8038,30384,0,0,654,8840,7678,11538,0,0,0,18,24,39,0,39503,31076,34343,2,0,0,317
24,7,21,1060753,benign,193,153,11117,0,8013,3088,1,2616,2929,0,698,39565,3245,3,52,1333,761,323,3,13413,7584,30241,0,0,654,8831,7655,11500,0,0,0,18,23,39,0,39356,30912,34151,2,0,0,317
25,9,12,1060753,benign,194,153,11132,0,8012,3084,0,2616,2929,0,688,39446,3245,3,52,1345,1114,324,4,13835,8079,30282,0,0,654,8848,7686,11535,0,0,0,18,24,39,0,39292,30980,34240,2,0,0,317
26,3,24,1060757,benign,189,154,11130,0,8021,3083,1,2616,2929,0,698,39662,3245,3,53,1333,751,324,4,13529,7765,30323,0,0,654,8832,7674,11529,0,0,0,18,24,39,0,39316,31164,34598,2,0,0,316
27,6,11,1060748,benign,169,151,11140,0,8015,3091,1,2616,2930,0,696,39253,3245,3,52,1603,762,426,3,13538,7836,30365,0,0,654,8854,7677,11549,0,0,0,18,23,39,0,39308,30815,34102,2,0,0,317
28,6,22,1060736,benign,169,153,11132,0,8010,3075,1,2616,2929,0,693,39738,3245,3,53,1304,963,324,3,13321,7580,30308,0,0,654,8830,7648,11545,0,0,0,18,23,39,0,39365,30958,34447,2,0,0,317
29,10,17,1060728,benign,167,153,11149,0,8044,3086,1,2616,2929,0,699,39362,3245,3,52,1408,792,425,3,13753,7835,30377,0,0,654,8845,7684,11518,0,0,0,18,23,39,0,39272,30807,34054,2,0,0,317
30,10,14,1060737,benign,185,153,11121,0,8001,3081,1,2616,2929,0,683,39419,3245,3,52,1387,711,324,3,13552,7705,30346,0,0,654,8837,7668,11542,0,0,0,18,25,39,0,39759,31079,34333,2,0,0,317
31,10,22,1060767,benign,191,153,11114,0,8009,3092,1,2616,2929,0,692,39441,3245,3,52,1345,705,324,3,13919,8136,30474,0,0,654,8830,7660,11578,0,0,0,18,23,131,2,40029,31198,34479,2,0,0,316
32,8,4,1060730,benign,194,153,11146,0,8035,3085,1,2616,2929,0,690,39623,3245,3,53,1290,743,324,3,13632,7777,30327,0,0,654,8852,7650,11537,0,0,0,18,22,39,0,39153,31292,34543,2,0,0,317
33,3,14,1060726,benign,189,153,11141,0,8030,3089,1,2616,2929,0,697,39421,3245,3,52,1316,790,324,3,13407,7566,30386,0,0,654,8848,7683,11562,0,0,0,18,23,33,0,39742,31073,34403,2,0,0,317
34,7,6,1060767,benign,184,153,11107,0,8005,3086,1,2616,2929,0,694,39519,3245,3,52,1315,957,324,3,13808,7913,30358,0,0,654,8847,7653,11548,0,0,0,18,23,39,0,39647,31317,34587,2,0,0,317
35,8,11,1060734,benign,197,153,11104,0,7996,3082,1,2616,2929,0,707,39893,3245,3,52,1346,963,426,3,13641,7852,30361,0,0,654,8862,7653,11527,0,0,0,18,23,39,0,39379,31081,34354,2,0,0,317
36,8,5,1060755,benign,192,153,11130,0,8024,3085,1,2616,2929,0,706,39890,3245,3,53,1515,744,324,3,13732,7921,30238,0,0,654,8853,7673,11535,0,0,0,18,24,39,0,39818,30923,34165,2,0,0,317
37,1,17,1060722,crash/hangs,-,-,-,-,-,-,-,-,-,-,-,-,-,-,-,-,-,-,-,-,-,-,-,-,-,-,-,-,-,-,-,-,-,-,-,-,-,-,-,-,-,-
38,8,8,1060737,benign,110,27,11151,0,8047,3093,1,2616,2929,0,697,39547,3245,3,52,1359,696,324,3,13584,7586,30367,0,0,654,8840,7694,11591,0,0,0,18,23,39,0,39822,31267,34603,2,0,0,317
39,8,7,1060734,benign,192,151,11106,0,7999,3089,1,2616,2929,0,690,39492,3245,3,52,1329,973,324,3,13642,7560,30339,0,0,654,8807,7645,11531,0,0,0,18,25,39,0,39642,31241,34518,2,0,0,317
40,10,29,1060765,benign,194,153,11145,0,8024,3090,1,2616,2929,0,697,39684,3245,3,52,1340,705,324,3,13828,7809,30312,0,0,654,8852,7684,11555,0,0,0,18,23,39,0,39522,31065,34303,2,0,0,316
41,9,7,1060765,benign,191,153,11134,0,8024,3084,1,2616,2929,0,698,39581,3245,3,52,1328,966,323,3,13903,8120,30352,0,0,654,8838,7670,11533,0,0,0,18,23,39,0,39727,30982,34198,2,0,0,317
42,3,27,1060749,benign,192,151,11162,0,8049,3091,1,2616,2929,1,711,39574,3245,3,52,1592,1006,324,3,13569,7875,30409,0,0,654,8840,7663,11538,0,0,0,18,22,39,0,39331,31317,34569,2,0,0,317
43,1,5,1060765,benign,184,153,11106,0,8000,3082,1,2616,2929,0,684,39356,3245,3,52,1355,996,426,4,13474,7599,30310,0,0,654,8883,7711,11527,0,0,0,18,25,257,2,39835,31021,34233,2,0,0,317
44,10,12,1060749,benign,196,153,11122,0,8012,3078,1,2616,2929,0,697,39863,3245,3,52,1354,801,324,4,13614,7850,30342,0,0,654,8837,7688,11557,0,0,0,18,25,39,0,39313,31280,34544,2,0,0,317
45,10,17,1060750,benign,187,153,11136,0,8017,3085,1,2616,2929,0,707,39424,3245,3,53,1347,807,324,3,13415,7554,30341,0,0,654,8856,7685,11546,0,0,0,18,23,39,0,39639,31141,34426,2,0,0,317
46,8,1,1060741,benign,194,154,11132,0,8019,3081,1,2616,2929,0,692,39843,3245,3,53,1343,878,426,4,13542,7803,30367,0,0,654,8848,7640,11526,0,0,0,18,24,39,0,39760,31139,34380,2,0,0,317
47,5,31,1060736,crash/hangs,-,-,-,-,-,-,-,-,-,-,-,-,-,-,-,-,-,-,-,-,-,-,-,-,-,-,-,-,-,-,-,-,-,-,-,-,-,-,-,-,-,-
48,6,5,1060759,benign,167,153,11113,0,8008,3087,1,2616,2929,0,686,39261,3245,3,53,1343,748,324,3,13176,7387,30301,0,0,654,8841,7663,11512,0,0,0,18,24,39,0,39502,30697,34034,2,0,0,316
49,6,14,1060724,benign,186,153,11143,0,8031,3081,1,2616,2929,0,695,39527,3245,3,52,1356,718,324,3,13534,7824,30305,0,0,654,8910,7704,11524,0,0,0,18,25,39,0,39788,31240,34523,2,0,0,317
50,4,22,1060729,benign,192,153,11148,0,8031,3084,1,2616,2929,0,681,39188,3245,3,52,1356,770,324,3,13607,7700,30301,0,0,654,8832,7657,11521,0,0,0,18,23,39,0,39457,31031,34291,2,0,0,317
51,9,10,1060746,benign,183,153,11098,0,7992,3083,1,2616,2929,0,691,39534,3245,3,52,1347,732,324,4,13471,7587,30311,0,0,654,8859,7657,11562,0,0,0,18,22,39,0,39597,30881,34187,2,0,0,317
52,8,10,1060730,benign,191,151,11102,0,7995,3086,1,2616,2929,0,703,39605,3245,3,55,1315,748,425,3,13488,7728,30340,0,0,654,8858,7655,11514,0,0,0,18,24,33,0,39463,30996,34275,2,0,0,317
53,5,18,1060746,benign,185,153,11120,0,8008,3080,1,2616,2929,0,694,39431,3245,3,53,1537,750,324,3,13594,7888,30363,0,0,654,8858,7662,11521,0,0,0,18,21,39,0,39844,31165,34436,2,0,0,317
54,8,23,1060721,benign,195,154,11133,0,8021,3079,1,2616,2929,0,699,39769,3245,3,52,1344,720,323,4,14071,8057,30371,0,0,654,8857,7708,11573,0,0,0,18,23,39,0,39384,31244,34496,2,0,0,317
55,1,2,1060742,benign,190,153,11137,0,8026,3084,1,2616,2929,0,679,39318,3245,3,52,1539,757,324,3,13434,7726,30302,0,0,654,8855,7690,11558,0,0,0,18,23,39,0,39634,30878,34150,2,0,0,317
56,7,12,1060766,benign,190,153,11107,0,8003,3079,1,2616,2929,0,707,39785,3245,3,52,1609,757,425,3,13634,7669,30274,0,0,654,8841,7675,11545,0,0,0,18,23,39,0,39715,30945,34247,2,0,0,317
57,5,15,1060734,benign,193,153,11109,0,7993,3079,1,2616,2929,0,708,39749,3245,3,52,1333,736,324,3,13689,7837,30380,0,0,654,8851,7696,11586,0,0,0,18,23,39,0,39507,30970,34410,2,0,0,317
58,7,22,1060758,benign,168,151,11129,0,8024,3083,1,2616,2929,0,690,39231,3245,3,53,1344,773,324,3,13652,7802,30356,0,0,654,8857,7688,11566,0,0,0,18,24,34,0,39365,30789,34039,2,0,0,317
59,7,29,1060756,benign,196,153,11116,0,8001,3082,1,2616,2929,0,694,39609,3245,3,52,1377,726,324,3,13581,7780,30383,0,0,654,8824,7673,11578,0,0,0,18,23,39,0,39755,30992,34277,2,0,0,317
61,1,12,1060728,SDC,192,153,11133,0,8023,3078,1,2616,2929,0,689,39425,3245,3,53,1427,726,426,3,13804,7920,30402,0,0,654,8852,7673,11574,0,0,0,18,25,39,0,39362,31327,34553,2,0,0,317
62,7,29,1060750,benign,190,153,11132,0,8023,3078,1,2616,2929,0,694,39443,3245,3,52,1398,784,323,3,13332,7578,30284,0,0,654,8858,7686,11562,0,0,0,18,24,39,0,39443,31157,34430,2,0,0,317
63,7,29,1060737,benign,189,153,11135,0,8019,3078,1,2616,2929,0,690,39737,3245,3,53,1764,972,324,3,13758,8040,30432,0,0,654,8854,7693,11557,0,0,0,18,24,39,0,39559,31284,34642,2,0,0,317
64,5,17,1060750,benign,186,153,11131,0,8016,3082,1,2616,2930,0,687,39480,3245,3,53,1502,859,324,3,13652,7935,30376,0,0,654,8863,7673,11533,0,0,0,18,24,39,0,39606,30976,34224,2,0,0,317
65,7,7,1060731,benign,197,152,10838,0,7829,3012,1,2548,2847,2,672,38607,3147,3,53,1264,814,426,3,13469,7632,29586,0,0,638,8613,7430,11304,0,0,0,18,22,39,0,38882,30018,33267,2,0,0,317
66,4,21,1060735,benign,187,153,11140,0,8031,3084,1,2616,2929,0,692,39692,3245,3,51,1342,989,324,3,13444,7561,30321,0,0,654,8828,7679,11557,0,0,0,18,25,39,0,39412,31079,34373,2,0,0,317
67,1,31,1060723,SDC,167,153,11103,0,7993,3090,1,2616,2929,0,686,39170,3245,3,53,1357,736,426,3,13379,7530,30332,0,0,654,8857,7646,11550,0,0,0,18,23,39,0,39220,30792,34052,2,0,0,317
68,4,30,1060726,benign,191,153,11147,1,8034,3089,1,2616,2929,0,702,39508,3245,3,52,1510,870,324,3,13497,7712,30353,0,0,654,8822,7657,11580,0,0,0,18,23,39,0,39317,31075,34307,3,0,0,317
69,10,22,1060752,benign,201,153,11114,0,8001,3080,1,2616,2929,0,697,39446,3245,3,53,1329,733,324,3,13475,7606,30292,0,0,654,8838,7683,11559,0,0,0,18,23,143,2,39720,31263,34529,2,0,0,317
70,4,10,1060747,benign,166,153,11120,0,8007,3085,1,2616,2929,0,690,39135,3245,3,52,1599,748,324,4,13538,7686,30343,0,0,654,8850,7669,11545,0,0,0,18,24,39,0,39288,30885,34310,2,0,0,317
71,7,11,1060729,benign,189,154,11119,0,8007,3082,1,2616,2929,0,695,39663,3245,3,52,1469,758,324,3,13583,7708,30391,0,0,654,8845,7676,11565,0,0,0,18,24,39,0,39515,30958,34398,2,0,0,317
72,4,23,1060744,benign,196,153,11127,0,8018,3087,1,2616,2929,0,688,39397,3245,3,53,1296,1155,323,3,13597,7827,30279,0,0,654,8836,7671,11544,0,0,0,18,25,141,2,40164,31256,34507,2,0,0,317
73,7,25,1060753,benign,185,153,11085,0,7983,3093,1,2616,2929,0,681,39378,3245,3,52,1358,730,428,3,13582,7702,30383,0,0,654,8854,7681,11548,0,0,0,18,23,39,0,39353,31149,34393,2,0,0,317
74,5,22,1060753,benign,199,153,11123,0,8009,3078,1,2616,2929,0,700,39839,3245,3,53,1323,815,324,3,13878,7774,30351,0,0,654,8844,7672,11545,0,0,0,18,22,39,0,39726,31263,34557,2,0,0,317
75,7,1,1060742,benign,191,153,11129,0,8028,3084,1,2616,2929,0,707,39686,3245,3,52,1402,724,324,3,13614,7847,30395,0,0,654,8854,7661,11526,0,0,0,18,22,39,0,39647,30996,34461,2,0,0,317
76,3,29,1060763,benign,191,153,11131,0,8017,3085,1,2616,2929,0,701,40022,3245,3,53,1471,733,428,3,13576,7641,30244,0,0,654,8840,7658,11526,0,0,0,18,23,39,0,39499,30818,34089,2,0,0,317
77,9,19,1060757,benign,191,153,11103,0,7998,3083,1,2616,2929,0,709,39589,3245,3,53,1313,921,426,3,13711,7835,30412,0,0,654,8863,7657,11529,0,0,0,18,24,138,2,39982,31088,34321,2,0,0,317
78,5,10,1060725,benign,167,153,11112,0,8004,3082,1,2616,2930,0,695,39444,3245,3,52,1529,782,324,3,13492,7655,30182,0,0,654,8810,7665,11551,0,0,0,18,24,141,2,39496,30848,34272,2,0,0,317
79,8,5,1060765,benign,182,153,11131,0,8026,3087,1,2616,2929,0,689,39637,3245,3,52,1390,704,426,3,13608,7786,30277,0,0,654,8866,7674,11548,0,0,0,18,24,39,0,39567,31095,34542,2,0,0,317
80,6,18,1060748,benign,190,153,11155,0,8032,3087,1,2616,2929,0,691,39634,3245,3,53,1546,773,324,4,13537,7559,30184,0,0,654,8854,7678,11535,0,0,0,18,24,39,0,39519,30986,34244,2,0,0,317
81,4,12,1060762,benign,167,153,11117,0,8014,3084,1,2616,2929,0,696,39579,3245,3,52,1516,742,324,3,13397,7677,30364,0,0,654,8851,7697,11560,0,0,0,18,23,39,0,39504,30662,33892,2,0,0,317
82,1,29,1060737,benign,189,153,11103,0,8009,3089,1,2616,2929,0,695,39694,3245,3,53,1513,755,324,4,13674,7960,30345,0,0,654,8878,7679,11557,0,0,0,18,23,39,0,39563,31085,34349,2,0,0,317
83,9,16,1060744,benign,199,153,11136,0,8029,3085,1,2616,2929,0,685,39547,3245,3,52,1307,816,324,3,13609,7768,30393,0,0,654,8852,7681,11556,0,0,0,18,24,39,0,39301,31054,34315,2,0,0,317
84,6,20,1060730,benign,187,151,11129,0,8019,3086,1,2616,2929,0,698,39776,3245,3,52,1515,706,324,3,13760,7856,30325,0,0,654,8870,7691,11591,0,0,0,18,24,38,0,39361,31067,34297,2,0,0,317
85,1,11,1060739,benign,195,153,11105,0,7996,3080,1,2616,2929,0,685,39749,3245,3,53,1288,952,324,3,13891,8056,30412,0,0,654,8850,7658,11498,0,0,0,19,28,41,0,39744,31135,34373,2,0,0,317
86,1,27,1060754,benign,184,153,11105,0,8003,3073,1,2616,2929,0,691,39531,3245,3,53,1296,819,323,3,13577,7772,30272,0,0,654,8859,7655,11547,0,0,0,18,23,39,0,39420,30904,34184,2,0,0,317
87,7,22,1060730,benign,192,151,11133,0,8019,3078,1,2616,2929,0,686,39454,3245,3,52,1324,866,324,3,13582,7905,30312,0,0,654,8827,7684,11575,0,0,0,18,23,39,0,39709,31040,34468,2,0,0,317
89,10,1,1060749,benign,169,153,11133,0,8018,3086,1,2616,2929,0,684,39332,3245,3,52,1374,780,426,3,13215,7523,30311,0,0,654,8808,7654,11524,0,0,0,18,24,39,0,39257,30761,34245,2,0,0,317
90,1,17,1060724,SDC,185,153,11121,0,8012,3083,1,2616,2929,0,688,39229,3245,3,53,1369,736,324,4,13780,7778,30335,0,0,654,8862,7668,11542,0,0,0,18,23,39,0,39560,31101,34341,2,0,0,317
91,5,29,1060732,benign,192,153,11130,0,8029,3083,1,2616,2929,0,677,39699,3245,3,52,1306,773,324,3,13573,7738,30443,0,0,654,8844,7672,11564,0,0,0,18,23,141,2,39489,31030,34438,2,0,0,317
92,8,30,1060744,benign,165,153,11139,0,8021,3081,1,2616,2929,0,687,39068,3245,3,52,1527,699,426,4,13346,7577,30357,0,0,654,8852,7666,11557,0,0,0,18,24,39,0,39226,30722,33993,2,0,0,317
93,6,19,1060737,benign,187,153,11099,0,7991,3076,1,2616,2929,0,691,39364,3245,3,52,1314,1021,324,3,13582,7696,30403,0,0,654,8842,7664,11557,0,0,0,18,25,39,0,39355,31377,34638,2,0,0,317
94,2,30,1060739,benign,200,153,11147,0,8033,3082,1,2616,2929,0,695,39486,3245,3,52,1343,1038,324,4,13687,7899,30340,0,0,654,8834,7628,11545,0,0,0,18,25,39,0,39441,31239,34514,2,0,0,317
95,5,16,1060728,benign,183,154,11115,0,8004,3078,1,2616,2929,1,703,39520,3245,3,54,1566,718,324,4,13842,8113,30362,0,0,654,8845,7619,11527,0,0,0,18,25,39,0,39363,31303,34551,2,0,0,317
96,3,24,1060734,benign,191,153,11121,0,8012,3090,1,2616,2929,0,698,39748,3245,3,52,1482,871,324,3,13650,7811,30453,0,0,654,8866,7680,11560,0,0,0,18,24,38,0,39624,31286,34569,2,0,0,317
97,10,7,1060749,benign,167,153,11164,0,8043,3083,0,2616,2929,0,708,39383,3245,3,52,1436,890,324,3,13414,7519,30238,0,0,654,8867,7644,11529,0,0,0,18,24,39,0,39402,31041,34512,2,0,0,317
98,3,16,1060766,benign,185,153,11131,0,8015,3075,1,2616,2929,0,699,39495,3245,3,52,1364,774,324,3,13866,7957,30319,0,0,654,8867,7638,11504,0,0,0,18,22,38,0,39799,31086,34312,2,0,0,317
99,3,15,1060747,benign,190,154,11126,0,8018,3091,1,2616,2929,0,723,39774,3245,3,53,1337,733,324,3,13926,8204,30365,0,0,654,8824,7693,11576,0,0,0,18,24,38,0,39497,31060,34345,2,0,0,317
100,5,12,1060752,benign,166,153,11161,0,8041,3092,1,2616,2929,0,703,39473,3245,3,52,1371,757,426,3,13380,7432,30346,0,0,654,8855,7653,11500,0,0,0,18,23,39,0,39577,30763,34001,2,0,0,317
101,10,18,1060757,benign,186,153,11157,0,8038,3084,1,2616,2929,0,711,39660,3245,3,53,1426,710,426,3,13662,7868,30371,0,0,654,8868,7654,11534,0,0,0,18,25,143,2,39663,31091,34416,2,0,0,317
102,7,27,1060753,benign,190,153,11105,0,7996,3077,1,2616,2929,0,687,39431,3245,3,53,1340,737,324,4,13615,7881,30361,0,0,654,8857,7669,11537,0,0,0,18,24,39,0,39257,31059,34548,2,0,0,317
103,4,12,1060744,benign,186,155,11115,1,8004,3077,1,2616,2929,1,711,39776,3245,3,54,1363,743,324,3,13594,7942,30458,0,0,654,8842,7674,11519,0,0,0,18,25,39,0,39483,31108,34401,3,0,0,317
104,5,30,1060733,benign,192,151,11153,0,8048,3087,1,2616,2929,0,698,39592,3245,3,52,1349,726,324,3,13530,7705,30334,0,0,654,8873,7702,11566,0,0,0,18,23,39,0,39552,31110,34379,2,0,0,317
105,9,18,1060767,benign,192,153,11108,0,8001,3080,1,2616,2929,0,696,39524,3245,3,53,1585,742,324,4,13863,7912,30398,0,0,654,8846,7678,11561,0,0,0,18,25,131,2,40078,30947,34179,2,0,0,317
106,3,8,1060766,benign,184,151,11129,0,8017,3086,1,2616,2929,0,713,39873,3245,3,52,1347,741,324,4,13907,8129,30445,0,0,654,8856,7668,11535,0,0,0,18,25,39,0,39359,30926,34190,2,0,0,317
107,10,31,1060758,benign,191,153,11125,0,8010,3079,1,2616,2929,0,691,39770,3245,3,52,1351,760,324,3,13700,7811,30411,0,0,654,8835,7659,11532,0,0,0,18,24,39,0,39598,31231,34598,2,0,0,317
108,6,7,1060739,benign,190,153,11076,0,7965,3071,1,2616,2929,0,700,39588,3245,3,53,1362,859,324,3,13618,7769,30311,0,0,654,8846,7678,11546,0,0,0,18,23,39,0,39464,30983,34245,2,0,0,317
109,2,10,1060729,benign,184,156,10877,1,7832,3019,1,2555,2854,0,694,39152,3156,3,54,1330,741,558,3,13490,7663,29650,0,0,640,8638,7444,11314,0,0,0,18,21,123,3,39008,30431,33687,3,0,0,317
110,6,31,1060746,benign,192,153,11139,0,8031,3089,1,2616,2929,0,692,39514,3245,3,52,1350,706,324,3,13981,8047,30373,0,0,654,8836,7637,11534,0,0,0,18,24,39,0,39568,31060,34349,2,0,0,317
111,6,11,1060747,benign,190,153,11117,0,8005,3077,1,2616,2929,0,696,39614,3245,3,52,1334,818,324,3,13638,7542,30290,0,0,654,8840,7655,11510,0,0,0,19,28,41,0,39664,31190,34457,2,0,0,317
112,1,6,1060730,SDC,166,153,11110,0,7997,3091,1,2616,2929,0,698,39628,3245,3,52,1352,760,425,3,13550,7687,30374,0,0,654,8851,7682,11580,0,0,0,18,25,39,0,39465,30730,34028,2,0,0,317
113,9,24,1060749,benign,165,151,11103,0,8000,3091,1,2616,2929,0,695,39542,3245,3,51,1327,801,324,3,13303,7587,30406,0,0,654,8832,7695,11565,0,0,0,18,23,39,0,39356,30855,34276,2,0,0,317
114,10,20,1060727,benign,167,153,10830,0,7823,3008,1,2548,2847,0,679,39019,3147,3,52,1320,787,417,4,13643,7519,29624,0,0,638,8600,7429,11282,0,0,0,19,25,134,3,39341,30706,33872,2,0,0,317
115,6,26,1060736,benign,167,153,11145,0,8036,3086,1,2616,2929,0,698,39449,3245,3,52,1448,761,417,3,13406,7695,30291,0,0,654,8853,7644,11486,0,0,0,18,25,39,0,39296,30929,34207,2,0,0,317
116,6,22,1060736,benign,190,151,11139,0,8028,3082,1,2616,2929,0,688,39593,3245,3,52,1369,935,426,4,13702,7941,30362,0,0,654,8835,7679,11556,0,0,0,18,25,39,0,39928,31158,34593,3,0,0,317
117,2,18,1060768,SDC,190,151,11132,0,8021,3085,1,2616,2929,0,693,39702,3245,3,52,1542,759,324,3,13431,7527,30335,0,0,654,8826,7683,11569,0,0,0,18,24,143,2,39888,31131,34349,2,0,0,317
118,5,1,1060720,benign,167,153,11119,0,8007,3079,1,2616,2929,0,676,39142,3245,3,52,1375,712,319,3,13309,7481,30336,0,0,654,8853,7654,11527,0,0,0,18,22,39,0,39310,30743,34058,2,0,0,317
119,4,5,1060765,benign,194,153,11161,0,8050,3084,1,2616,2929,0,702,39636,3245,3,53,1551,748,426,4,13358,7521,30232,0,0,654,8851,7648,11532,0,0,0,18,23,39,0,39511,30864,34117,2,0,0,317
120,10,31,1060746,benign,167,153,11128,0,8013,3083,1,2616,2929,0,699,39451,3245,3,53,1516,1000,324,3,13490,7536,30253,0,0,654,8842,7674,11545,0,0,0,18,22,39,0,39397,30792,34009,2,0,0,317
121,8,24,1060756,benign,166,153,11125,0,8010,3082,1,2616,2930,0,704,39322,3245,3,52,1521,735,416,4,13600,7757,30291,0,0,654,8867,7684,11543,0,0,0,18,23,39,0,39248,30915,34154,2,0,0,317
122,5,14,1060761,benign,192,153,11129,0,8016,3091,1,2616,2929,0,685,39359,3245,3,53,1471,903,425,3,13481,7688,30335,0,0,654,8811,7671,11543,0,0,0,18,24,39,0,39569,31166,34683,2,0,0,316
123,7,31,1060740,benign,166,153,11124,0,8010,3081,1,2616,2929,0,693,39108,3245,3,53,1633,721,324,3,13510,7743,30327,0,0,654,8845,7682,11548,0,0,0,18,24,39,0,39166,30760,34218,2,0,0,317
124,2,18,1060764,benign,183,151,11146,0,8025,3086,1,2616,2929,0,692,39514,3245,3,52,1336,729,319,3,13428,7756,30350,0,0,654,8855,7676,11563,0,0,0,18,24,39,0,39310,31269,34472,2,0,0,317
125,7,5,1060739,benign,185,153,11117,0,8016,3090,1,2616,2929,0,711,39463,3245,3,52,1272,788,324,4,13675,7745,30330,0,0,654,8855,7654,11551,0,0,0,18,25,39,0,39692,31019,34272,2,0,0,317
126,9,9,1060724,benign,193,153,11129,0,8018,3080,1,2616,2929,0,694,39382,3245,3,52,1354,923,324,3,13369,7545,30369,0,0,654,8857,7675,11539,0,0,0,18,23,39,0,39859,30926,34201,2,0,0,317
127,7,25,1060758,benign,192,153,11110,1,8005,3086,1,2616,2929,0,684,39536,3245,3,51,1491,785,425,3,13629,7769,30231,0,0,654,8829,7656,11562,0,0,0,18,23,39,0,39261,31134,34607,3,0,0,317
128,5,26,1060726,benign,168,153,11129,0,8023,3087,1,2616,2929,0,705,39352,3245,3,52,1349,940,324,3,13521,7523,30375,0,0,654,8857,7648,11532,0,0,0,18,23,39,0,39463,31156,34401,2,0,0,317
129,9,9,1060762,benign,191,153,11151,0,8039,3088,1,2616,2929,0,694,39651,3245,3,53,1383,820,324,3,13372,7749,30260,0,0,654,8831,7658,11542,0,0,0,18,24,39,0,39387,31231,34507,2,0,0,317
130,4,5,1060746,benign,195,155,11162,1,8055,3077,1,2616,2929,1,686,39654,3245,3,55,1310,834,412,4,13616,7624,30380,0,0,654,8816,7661,11532,0,0,0,18,24,126,4,40012,31250,34515,3,0,0,317
131,9,30,1060768,benign,194,153,11115,0,8007,3081,1,2616,2929,0,690,39717,3245,3,52,1501,809,324,4,13720,7967,30368,0,0,654,8834,7632,11551,0,0,0,18,23,317,2,39949,31162,34386,2,0,0,317
132,9,24,1060737,benign,165,153,11124,0,8022,3083,1,2616,2929,0,694,39477,3245,3,53,1345,744,324,3,13423,7687,30263,0,0,654,8860,7675,11551,0,0,0,18,23,39,0,39217,30630,33898,2,0,0,317
133,3,4,1060749,benign,196,153,11112,0,8007,3093,1,2616,2929,0,698,39685,3245,3,52,1356,779,323,4,13562,7720,30261,0,0,654,8841,7649,11535,0,0,0,18,23,39,0,39581,31262,34544,2,0,0,317
134,3,25,1060763,benign,202,153,11101,0,7989,3080,1,2616,2929,0,696,39528,3245,3,52,1334,760,324,4,13676,7753,30308,0,0,654,8861,7637,11518,0,0,0,18,25,39,0,39766,30966,34243,2,0,0,317
135,4,20,1060724,benign,169,153,11148,0,8035,3093,1,2616,2929,0,693,39288,3245,3,52,1498,752,416,3,13184,7296,30202,0,0,654,8842,7685,11559,0,0,0,18,24,39,0,39461,30762,34151,2,0,0,316
136,3,10,1060754,benign,188,153,11118,0,8008,3082,1,2616,2929,0,696,39545,3245,3,53,1520,744,324,3,13565,7796,30349,0,0,654,8854,7676,11542,0,0,0,18,23,39,0,39566,31201,34472,2,0,0,317
137,2,5,1060733,benign,170,153,11140,0,8031,3083,1,2616,2929,0,689,39138,3245,3,52,1299,776,426,3,13205,7412,30305,0,0,654,8832,7672,11538,0,0,0,18,22,39,0,39090,30863,34130,2,0,0,317
138,9,3,1060736,benign,183,153,11152,0,8032,3080,1,2616,2929,0,686,39289,3245,3,53,1343,738,324,4,13618,7577,30314,0,0,654,8856,7662,11524,0,0,0,18,23,39,0,39363,31028,34297,2,0,0,317
139,5,9,1060763,benign,167,151,11144,0,8032,3085,1,2616,2929,0,682,39333,3245,3,52,1386,803,421,3,13393,7319,30254,0,0,654,8851,7673,11554,0,0,0,18,23,39,0,39021,30960,34388,2,0,0,317
140,1,19,1060732,benign,168,151,11131,0,8031,3087,1,2616,2929,0,698,39269,3245,3,52,1353,769,324,3,13543,7908,30409,0,0,654,8831,7645,11548,0,0,0,18,23,132,2,39589,30773,34193,2,0,0,317
141,4,14,1060731,benign,186,151,11112,0,8002,3087,1,2616,2929,0,678,39220,3245,3,52,1524,756,425,3,13768,7812,30315,0,0,654,8844,7691,11569,0,0,0,18,22,38,0,39745,30996,34275,2,0,0,371
142,10,21,1060736,benign,166,153,11102,0,7994,3081,1,2616,2929,0,705,39443,3245,3,53,1340,759,324,3,13309,7463,30381,0,0,654,8840,7652,11541,0,0,0,18,24,140,2,39583,30913,34206,2,0,0,317
143,9,17,1060736,benign,196,153,11160,0,8046,3085,1,2616,2929,0,688,39397,3245,3,52,1578,914,428,3,13793,8069,30331,0,0,654,8849,7677,11549,0,0,0,18,24,141,2,39767,30932,34313,2,0,0,317
144,10,24,1060721,benign,183,153,11119,0,8015,3085,1,2616,2929,0,694,39488,3245,3,53,1365,1011,324,3,13531,7782,30390,0,0,654,8813,7631,11511,0,0,0,18,24,39,0,39814,31234,34519,2,0,0,317
145,9,28,1060740,benign,187,153,11144,0,8028,3084,1,2616,2929,0,693,39369,3245,3,52,1342,801,425,4,13643,7594,30347,0,0,654,8846,7664,11540,0,0,0,18,25,142,2,39698,31068,34309,2,0,0,317
0,1,27,1060727,SDC,116,30,10852,1,7836,3006,1,2548,2847,0,676,38982,3147,3,53,1285,802,324,3,13637,7661,29586,0,0,638,8598,7423,11301,0,0,0,18,22,39,0,38984,30087,33351,2,0,0,317
1,8,1,1060732,benign,166,153,11137,0,8019,3089,1,2616,2929,0,690,39385,3245,3,53,1545,717,426,4,13425,7622,30382,0,0,654,8845,7614,11525,0,0,0,18,24,39,0,39248,30725,34106,2,0,0,317
2,3,30,1060720,benign,166,153,11121,0,8003,3082,1,2616,2929,0,698,39472,3245,3,52,1404,718,421,3,13378,7512,30378,0,0,654,8847,7683,11560,0,0,0,18,23,39,0,39132,30730,34084,2,0,0,317
3,1,25,1060743,benign,195,153,11129,0,8021,3083,1,2616,2930,0,687,39636,3245,3,52,1345,755,324,4,13658,7862,30289,0,0,654,8828,7663,11531,0,0,0,18,23,141,2,39470,30873,34190,2,0,0,317
4,6,29,1060745,benign,188,153,11150,0,8032,3081,1,2616,2929,0,694,39503,3245,3,52,1313,805,324,3,13317,7439,30296,0,0,654,8830,7653,11541,0,0,0,18,24,39,0,39841,30899,34158,2,0,0,317
5,3,3,1060762,benign,185,153,11149,0,8046,3093,1,2616,2929,0,695,39561,3245,3,53,1324,841,323,3,13449,7689,30255,0,0,654,8863,7663,11562,0,0,0,18,25,39,0,39928,30968,34362,2,0,0,317
6,8,2,1060767,benign,185,153,11155,0,8051,3084,1,2616,2929,0,709,39695,3245,3,52,1335,972,324,3,13925,7915,30385,0,0,654,8846,7681,11569,0,0,0,18,23,39,0,39533,30980,34236,2,0,0,317
7,6,12,1060758,benign,185,153,11120,0,8006,3092,1,2616,2929,0,690,39339,3245,3,51,1352,703,324,3,13772,7877,30427,0,0,654,8918,7730,11581,0,0,0,18,23,140,2,39688,31006,34264,2,0,0,317
8,10,3,1060729,benign,185,153,11135,0,8026,3078,1,2616,2929,0,689,39569,3245,3,51,1372,756,323,3,13602,7751,30425,0,0,654,8863,7669,11542,0,0,0,18,25,38,0,39450,31001,34269,2,0,0,316
9,2,19,1060757,benign,185,153,11128,0,8016,3085,1,2616,2929,0,692,39614,3245,3,52,1505,746,324,3,13518,7812,30351,0,0,654,8870,7650,11532,0,0,0,18,24,144,2,39602,31176,34434,2,0,0,317
10,2,30,1060766,benign,195,151,11147,0,8039,3088,1,2616,2929,0,700,39563,3245,3,52,1365,711,324,3,13638,7915,30439,0,0,654,8858,7682,11546,0,0,0,18,23,39,0,39721,30775,33995,2,0,0,317
11,5,17,1060763,benign,182,153,11136,0,8033,3086,1,2616,2929,0,696,39652,3245,3,52,1309,1010,428,4,13358,7557,30259,0,0,654,8871,7648,11525,0,0,0,18,23,39,0,39443,30914,34185,2,0,0,317
12,10,10,1060761,benign,192,153,11129,0,8015,3073,1,2616,2929,0,688,39426,3245,3,52,1563,717,426,3,13768,7898,30287,0,0,654,8854,7645,11525,0,0,0,18,24,141,2,40032,31162,34443,2,0,0,317
13,8,10,1060746,benign,190,153,11136,0,8022,3085,1,2616,2929,0,709,39574,3245,3,52,1521,734,428,3,13901,7927,30388,0,0,654,8837,7659,11535,0,0,0,18,24,39,0,39530,31029,34485,2,0,0,317
14,9,25,1060749,benign,190,153,11135,0,8017,3082,1,2616,2929,0,684,39625,3245,3,52,1346,791,324,3,13898,7949,30271,0,0,654,8854,7691,11585,0,0,0,18,23,140,2,39932,30924,34158,2,0,0,317
15,7,16,1060739,benign,196,151,11121,0,8006,3087,1,2616,2929,0,680,39499,3245,3,52,1367,830,324,4,13799,8074,30384,0,0,654,8834,7646,11497,0,0,0,18,24,39,0,39534,31394,34654,2,0,0,317
16,5,17,1060731,benign,190,153,11091,0,7996,3088,1,2616,2929,0,681,39327,3245,3,53,1330,747,324,3,13459,7686,30372,0,0,654,8871,7656,11517,0,0,0,18,23,39,0,39601,31180,34450,2,0,0,317
17,8,12,1060737,benign,183,151,11152,0,8038,3093,1,2616,2929,0,709,39738,3245,3,52,1357,898,324,3,13712,7690,30323,0,0,654,8880,7660,11545,0,0,0,18,23,141,2,39744,31039,34321,2,0,0,317
18,2,5,1060752,benign,168,153,11111,0,8010,3084,1,2616,2929,0,700,39308,3245,3,52,1427,702,425,4,13602,7677,30350,0,0,654,8838,7651,11502,0,0,0,18,24,39,0,39240,30689,33936,2,0,0,317
19,6,30,1060724,benign,167,153,11120,0,8022,3085,1,2616,2929,0,691,39377,3245,3,52,1389,970,324,4,13495,7504,30382,0,0,654,8845,7648,11517,0,0,0,18,24,141,2,39284,30692,33944,2,0,0,317
20,7,11,1060724,benign,165,151,11124,0,8021,3086,1,2616,2929,0,697,39430,3245,3,52,1568,779,324,4,13247,7539,30293,0,0,654,8845,7679,11560,0,0,0,18,23,39,0,39302,30684,33930,2,0,0,317
21,9,24,1060759,benign,189,153,11121,0,8021,3088,1,2616,2929,0,703,39502,3245,3,52,1355,766,324,3,13632,7548,30276,0,0,654,8839,7685,11569,0,0,0,18,24,39,0,39904,30943,34157,2,0,0,317
22,6,29,1060766,benign,181,151,11124,0,8018,3087,1,2616,2929,0,708,39791,3245,3,52,1395,770,324,3,13490,7617,30361,0,0,654,8833,7621,11518,0,0,0,18,24,39,0,39434,30972,34208,2,0,0,317
23,1,8,1060742,benign,188,153,11108,0,8000,3082,1,2616,2929,0,689,39728,3245,3,51,1299,781,324,3,13507,7825,30357,0,0,654,8821,7670,11541,0,0,0,18,23,246,2,39725,30975,34232,2,0,0,317
24,8,8,1060739,benign,190,153,11138,0,8030,3089,1,2616,2929,0,698,39556,3245,3,53,1435,958,318,3,13547,7668,30405,0,0,654,8845,7637,11541,0,0,0,18,24,39,0,39472,31201,34475,2,0,0,317
25,9,28,1060761,benign,188,153,11135,0,8024,3083,1,2616,2929,0,689,39380,3245,3,52,1354,796,428,3,13568,7692,30423,0,0,654,8849,7690,11576,0,0,0,18,25,39,0,39486,31296,34544,2,0,0,317
26,8,6,1060766,benign,185,153,11113,0,8010,3085,1,2616,2929,0,683,39264,3245,3,52,1361,785,426,3,13495,7805,30337,0,0,654,8850,7653,11556,0,0,0,18,23,39,0,39842,31094,34456,2,0,0,317
27,2,25,1060721,benign,189,153,11154,0,8046,3084,1,2616,2929,0,701,39521,3245,3,52,1513,765,426,4,13578,7812,30372,0,0,654,8825,7604,11495,0,0,0,18,24,141,2,39606,31259,34526,2,0,0,317
28,9,1,1060733,benign,193,153,11102,0,7995,3078,1,2616,2929,0,692,39425,3245,3,53,1533,733,324,3,13864,8122,30470,0,0,654,8862,7649,11509,0,0,0,18,24,39,0,39394,31114,34346,2,0,0,317
29,10,28,1060746,benign,188,153,11160,0,8052,3083,1,2616,2929,0,691,39338,3245,3,52,1364,963,324,3,13602,7727,30309,0,0,654,8839,7686,11555,0,0,0,18,22,39,0,39572,31170,34605,2,0,0,317
30,9,17,1060754,benign,186,153,11102,0,7992,3088,1,2616,2929,0,701,39681,3245,3,52,1549,749,324,3,13518,7602,30303,0,0,654,8837,7651,11520,0,0,0,18,24,39,0,39438,31016,34257,2,0,0,317
31,3,2,1060765,crash/hangs,-,-,-,-,-,-,-,-,-,-,-,-,-,-,-,-,-,-,-,-,-,-,-,-,-,-,-,-,-,-,-,-,-,-,-,-,-,-,-,-,-,-
32,3,17,1060724,benign,91,27,11145,0,8043,3086,1,2616,2929,0,701,39262,3245,3,52,1348,754,420,4,13278,7488,30273,0,0,654,8829,7665,11553,0,0,0,18,23,39,0,39262,30775,34041,2,0,0,317
33,6,31,1060739,benign,186,153,11127,0,8016,3086,1,2616,2929,0,684,39286,3245,3,52,1305,792,324,3,13507,7654,30279,0,0,654,8853,7672,11537,0,0,0,18,23,142,2,39652,31303,34570,2,0,0,317
34,4,19,1060726,benign,193,153,11149,0,8034,3077,1,2616,2929,0,689,39378,3245,3,52,1368,938,429,3,13648,7769,30377,0,0,654,8860,7702,11577,0,0,0,18,23,39,0,39514,30890,34132,2,0,0,317
35,3,21,1060765,benign,184,154,11163,0,8055,3094,1,2616,2929,1,719,39649,3245,3,53,1335,954,324,3,13655,7732,30315,0,0,654,8832,7668,11565,0,0,0,18,23,39,0,39393,31136,34399,2,0,0,317
36,5,26,1060723,benign,185,153,11120,0,8006,3077,1,2616,2929,0,694,39622,3245,3,52,1344,873,485,3,13444,7739,30321,0,0,654,8856,7675,11557,0,0,0,18,25,39,0,39601,31026,34316,2,0,0,317
37,5,3,1060734,benign,184,151,11119,0,8012,3080,1,2616,2929,0,703,39571,3245,3,52,1311,729,427,3,13474,7717,30338,0,0,654,8852,7669,11533,0,0,0,18,24,39,0,39427,30991,34235,2,0,0,317
38,1,23,1060736,benign,167,153,11110,0,8007,3078,1,2616,2929,0,699,39196,3245,3,53,1344,741,324,3,13346,7595,30343,0,0,654,8865,7678,11554,0,0,0,18,24,39,0,39700,30823,34219,2,0,0,317
39,3,19,1060749,benign,182,154,11151,0,8035,3092,1,2616,2929,1,674,39475,3245,3,53,1351,711,323,3,13605,7604,30354,0,0,654,8852,7689,11554,0,0,0,18,25,39,0,39415,31185,34467,2,0,0,317
40,5,29,1060768,benign,167,151,11155,0,8043,3087,1,2616,2929,0,686,39238,3245,3,52,1390,790,323,3,13252,7510,30334,0,0,654,8831,7688,11562,0,0,0,18,23,39,0,39284,30900,34141,2,0,0,317
41,2,18,1060721,benign,188,153,11112,0,7992,3082,1,2616,2929,0,696,39695,3245,3,53,1354,794,324,4,13510,7693,30320,0,0,654,8851,7660,11524,0,0,0,18,23,39,0,39823,30985,34232,2,0,0,317
42,9,28,1060731,benign,193,153,11100,0,7995,3090,1,2616,2929,0,701,39716,3245,3,52,1363,954,324,3,13614,7776,30247,0,0,654,8840,7643,11526,0,0,0,18,24,39,0,39569,31112,34572,2,0,0,317
43,5,19,1060757,benign,191,153,11138,0,8027,3081,1,2616,2929,0,693,39463,3245,3,52,1721,738,417,3,13519,7722,30367,0,0,654,8850,7701,11594,0,0,0,18,25,39,0,39394,31020,34288,2,0,0,317
44,9,25,1060738,benign,183,153,11180,0,8053,3090,1,2616,2930,0,692,39613,3245,3,52,1536,731,324,3,13451,7790,30323,0,0,654,8842,7670,11521,0,0,0,18,24,132,2,39410,31087,34331,2,0,0,317
45,3,2,1060733,benign,185,153,11128,0,8023,3088,1,2616,2929,0,694,39804,3245,3,52,1528,917,323,4,13619,7772,30408,0,0,654,8838,7654,11481,0,0,0,18,23,39,0,39381,30954,34195,2,0,0,317
46,7,6,1060761,benign,189,153,11129,0,8007,3074,1,2616,2929,0,700,39957,3245,3,52,1631,683,426,3,13644,7792,30319,0,0,654,8863,7648,11532,0,0,0,18,24,140,2,39928,31104,34338,2,0,0,317
47,6,21,1060743,benign,198,153,11110,0,8003,3096,1,2616,2929,0,696,39667,3245,3,52,1316,766,323,3,13820,7983,30425,0,0,654,8846,7649,11516,0,0,0,18,24,39,0,39480,31237,34510,2,0,0,317
48,10,27,1060748,benign,169,151,11130,0,8019,3090,1,2616,2929,0,694,39321,3245,3,53,1569,941,324,3,13311,7509,30370,0,0,654,8827,7679,11557,0,0,0,19,28,142,2,39400,31053,34324,2,0,0,317
49,5,8,1060768,benign,168,154,11115,0,7999,3077,1,2616,2929,0,687,39701,3245,3,52,1557,766,324,3,13626,7647,30327,0,0,654,8847,7660,11522,0,0,0,18,21,140,2,39417,30753,34023,2,0,0,316
50,3,18,1060756,benign,165,155,11132,0,8026,3092,1,2616,2929,1,697,39643,3245,3,53,1321,793,324,3,13693,7616,30391,0,0,654,8843,7649,11542,0,0,0,18,24,39,0,39149,30785,34041,2,0,0,316
51,5,3,1060749,benign,198,153,11141,0,8026,3086,1,2616,2929,0,688,39322,3245,3,52,1557,758,324,4,13752,7764,30261,0,0,654,8868,7682,11545,0,0,0,18,24,38,0,39643,31000,34282,2,0,0,317
52,5,8,1060753,benign,186,151,11125,0,8021,3086,1,2616,2929,0,682,39441,3245,3,52,1506,772,324,3,13886,8129,30308,0,0,654,8841,7656,11512,0,0,0,18,24,39,0,39874,31088,34549,2,0,0,317
53,10,31,1060748,benign,166,153,11124,0,8011,3084,1,2616,2929,0,706,39538,3245,3,53,1380,712,324,3,13534,7710,30309,0,0,654,8846,7715,11568,0,0,0,18,24,39,0,39274,30790,34165,2,0,0,317
54,10,12,1060725,benign,189,153,11131,0,8018,3083,1,2616,2929,0,693,39489,3245,3,52,1571,723,324,4,13657,7878,30418,0,0,654,8865,7666,11547,0,0,0,18,24,39,0,39529,30937,34219,2,0,0,317
55,10,15,1060727,benign,185,153,11161,0,8041,3081,1,2616,2929,0,695,39645,3245,3,52,1361,752,426,3,13643,7808,30346,0,0,654,8850,7676,11565,0,0,0,18,24,39,0,39293,31252,34531,2,0,0,317
56,7,15,1060739,benign,185,151,11126,0,8015,3085,1,2616,2929,0,698,39512,3245,3,52,1551,788,324,3,13714,7700,30404,0,0,654,8839,7643,11516,0,0,0,18,23,39,0,39366,31278,34533,2,0,0,317
57,4,29,1060765,benign,194,153,11104,0,8001,3093,1,2616,2929,0,696,39593,3245,3,50,1769,967,324,3,13629,7810,30442,0,0,654,8834,7644,11536,0,0,0,18,22,39,0,39411,30851,34253,2,0,0,317
58,3,10,1060767,benign,181,152,11123,1,8014,3081,1,2616,2929,0,694,39493,3245,3,53,1784,870,426,4,13679,7773,30368,0,0,654,8844,7672,11552,0,0,0,18,24,141,2,39930,30963,34227,3,0,0,317
59,8,28,1060720,benign,165,151,11123,0,8008,3081,1,2616,2929,0,700,39289,3245,3,53,1495,916,426,4,13549,7761,30311,0,0,654,8834,7681,11550,0,0,0,18,24,39,0,39682,31072,34369,2,0,0,317
60,3,23,1060726,benign,187,153,11156,0,8036,3079,1,2616,2929,0,695,39670,3245,3,52,1343,707,323,3,13565,7482,30334,0,0,654,8854,7666,11522,0,0,0,18,22,39,0,39388,30875,34270,2,0,0,317
61,2,11,1060738,benign,191,153,11122,0,8008,3090,1,2616,2929,0,680,39648,3245,3,52,1307,787,323,3,13979,8116,30336,0,0,654,8837,7662,11519,0,0,0,18,23,39,0,39442,31036,34481,2,0,0,317
62,6,5,1060739,benign,189,153,11140,0,8033,3083,1,2616,2929,0,706,39504,3245,3,52,1360,796,324,3,13772,8082,30445,0,0,654,8836,7683,11591,0,0,0,18,25,39,0,39415,30961,34221,2,0,0,317
63,8,21,1060728,benign,165,153,11134,0,8023,3086,1,2616,2929,0,701,39457,3245,3,52,1367,799,323,3,13555,7780,30386,0,0,654,8814,7652,11531,0,0,0,18,24,38,0,39364,30726,33977,2,0,0,317
64,7,26,1060730,benign,189,153,11125,0,8007,3081,1,2616,2929,0,707,39905,3245,3,52,1579,788,324,4,13753,7913,30397,0,0,654,8857,7650,11528,0,0,0,18,23,39,0,39577,30939,34183,2,0,0,317
65,8,30,1060723,benign,186,153,11104,0,7994,3079,1,2616,2929,0,691,39731,3245,3,52,1351,712,323,3,13622,7777,30381,0,0,654,8839,7685,11542,0,0,0,18,25,39,0,39545,31029,34288,2,0,0,317
66,7,24,1060728,benign,167,153,11149,0,8044,3085,1,2616,2929,0,710,39419,3245,3,53,1474,779,324,4,13481,7728,30367,0,0,654,8862,7675,11555,0,0,0,18,24,39,0,39200,30735,34013,2,0,0,317
67,3,25,1060732,benign,166,153,11148,0,8038,3079,1,2616,2929,0,690,39240,3245,3,53,1344,737,428,4,13501,7762,30303,0,0,654,8842,7677,11571,0,0,0,18,24,39,0,39434,30670,34157,2,0,0,317
68,7,9,1060760,benign,168,153,11144,0,8033,3089,1,2616,2929,0,685,39390,3245,3,53,1493,745,324,4,13551,7427,30384,0,0,654,8852,7657,11522,0,0,0,18,24,39,0,39314,30754,34184,2,0,0,317
69,4,9,1060744,benign,168,153,11155,1,8044,3089,1,2616,2929,0,700,39332,3245,3,51,1500,763,425,3,13681,7734,30335,0,0,654,8830,7640,11519,0,0,0,18,24,34,2,39526,30789,34048,3,0,0,317
70,3,26,1060749,benign,189,154,11136,0,8017,3079,1,2616,2929,0,687,39349,3245,3,53,1362,755,324,4,13492,7723,30281,0,0,654,8839,7681,11545,0,0,0,18,24,39,0,39874,31027,34512,2,0,0,317
71,6,23,1060746,benign,189,153,11146,0,8039,3089,1,2616,2929,0,699,39488,3245,3,52,1366,748,324,3,13516,7513,30253,0,0,654,8839,7669,11538,0,0,0,18,23,38,0,39494,31378,34615,2,0,0,317
72,7,25,1060753,benign,193,153,11100,0,7992,3078,1,2616,2930,0,695,39597,3245,3,53,1478,733,426,3,13731,8063,30400,0,0,654,8840,7674,11528,0,0,0,18,23,39,0,39650,31069,34359,2,0,0,317
73,1,25,1060741,benign,188,153,11164,0,8053,3090,1,2616,2929,0,703,39603,3245,3,52,1352,755,324,3,13908,7890,30260,0,0,654,8855,7649,11529,0,0,0,18,23,39,0,39472,30981,34210,2,0,0,316
74,3,26,1060745,benign,192,153,11145,0,8024,3080,1,2616,2929,0,697,39753,3245,3,51,1542,715,324,3,13546,7736,30297,0,0,654,8838,7655,11533,0,0,0,18,25,141,2,39669,31146,34417,2,0,0,317
75,6,14,1060738,benign,191,153,11118,0,8005,3078,1,2616,2929,0,689,39391,3245,3,52,1484,769,425,3,13667,7834,30409,0,0,654,8840,7647,11536,0,0,0,18,23,39,0,39485,31104,34336,2,0,0,317
76,6,18,1060740,benign,167,154,11136,0,8027,3078,1,2616,2929,0,688,39393,3245,3,52,1454,748,324,3,13368,7670,30229,0,0,654,8861,7663,11536,0,0,0,18,25,39,0,39498,30872,34148,2,0,0,317
77,6,21,1060754,benign,184,153,11130,0,8010,3080,1,2616,2929,0,714,39856,3245,3,52,1358,698,324,4,13767,7744,30346,0,0,654,8845,7618,11509,0,0,0,18,23,39,0,39419,31158,34477,2,0,0,317
78,5,28,1060724,benign,164,151,11125,0,8021,3084,1,2616,2929,0,690,39463,3245,3,53,1360,700,324,3,13235,7441,30210,0,0,654,8837,7655,11495,0,0,0,18,24,39,0,39092,30960,34455,2,0,0,317
79,2,19,1060756,benign,164,153,11155,0,8036,3080,1,2616,2929,0,701,39476,3245,3,52,1350,748,324,3,13485,7485,30310,0,0,654,8837,7657,11530,0,0,0,19,26,41,0,39446,30786,34040,2,0,0,317
80,2,15,1060747,benign,185,153,11128,0,8012,3080,1,2616,2929,0,702,39554,3245,3,52,1312,756,324,3,13518,7708,30274,0,0,654,8840,7684,11541,0,0,0,18,23,39,0,39597,30953,34225,2,0,0,317
81,7,31,1060732,benign,165,153,11132,0,8015,3084,1,2616,2929,0,697,39429,3245,3,53,1380,940,318,3,13336,7525,30273,0,0,654,8834,7678,11566,0,0,0,18,23,39,0,39349,30735,34213,2,0,0,317
82,8,20,1060722,benign,188,151,11158,0,8050,3084,1,2616,2929,0,691,39571,3245,3,52,1443,979,425,3,13407,7487,30261,0,0,654,8858,7651,11534,0,0,0,18,21,39,0,39750,31282,34653,2,0,0,317
83,8,19,1060750,benign,193,153,11097,0,7985,3078,0,2616,2929,0,700,39895,3245,3,53,1368,740,323,4,13734,7968,30374,0,0,654,8843,7676,11533,0,0,0,18,24,39,0,39645,31256,34514,2,0,0,317
84,7,29,1060747,benign,191,153,11116,0,8002,3080,1,2616,2929,0,688,39569,3245,3,52,1587,772,324,4,13588,7878,30370,0,0,654,8856,7672,11539,0,0,0,18,24,39,0,39408,31155,34434,2,0,0,317
85,4,16,1060752,benign,166,151,11153,0,8033,3076,1,2616,2929,0,694,39260,3245,3,52,1349,791,425,3,13520,7716,30326,0,0,654,8851,7640,11524,0,0,0,18,24,143,2,39590,30861,34124,2,0,0,317
86,2,3,1060752,benign,168,153,11114,0,8008,3078,1,2616,2929,0,711,39586,3245,3,53,1298,822,324,3,13416,7584,30325,0,0,654,8847,7681,11602,0,0,0,18,25,39,0,39220,30937,34192,2,0,0,316
87,9,8,1060737,benign,188,153,11148,0,8034,3088,1,2616,2929,0,695,39463,3245,3,53,1360,736,324,4,13683,7807,30318,0,0,654,8847,7682,11581,0,0,0,18,23,39,0,39594,31257,34509,2,0,0,317
88,8,8,1060742,benign,194,153,11139,0,8030,3082,1,2616,2929,0,693,39361,3245,3,52,1503,787,324,3,13712,7961,30428,0,0,654,8851,7679,11562,0,0,0,18,24,39,0,39690,31036,34273,2,0,0,317
89,10,6,1060763,benign,189,153,11141,0,8023,3082,1,2616,2929,0,690,39723,3245,3,52,1352,922,426,3,13793,7971,30406,0,0,654,8838,7687,11559,0,0,0,18,22,141,2,39831,31148,34378,2,0,0,317
90,10,3,1060738,benign,185,151,11109,0,7997,3087,1,2616,2929,0,696,39562,3245,3,52,1499,722,324,3,13370,7686,30278,0,0,654,8838,7667,11523,0,0,0,18,24,39,0,39479,31250,34502,2,0,0,317
91,3,12,1060757,crash/hangs,-,-,-,-,-,-,-,-,-,-,-,-,-,-,-,-,-,-,-,-,-,-,-,-,-,-,-,-,-,-,-,-,-,-,-,-,-,-,-,-,-,-
92,1,13,1060768,benign,91,27,11160,0,8058,3077,1,2616,2929,0,692,39595,3245,3,52,1365,825,324,3,13305,7582,30399,0,0,654,8845,7680,11536,0,0,0,18,25,140,2,39750,30764,34209,2,0,0,317
93,7,1,1060728,benign,168,153,11136,0,8023,3079,1,2616,2929,0,699,39535,3245,3,52,1292,742,324,3,13399,7598,30346,0,0,654,8829,7644,11521,0,0,0,18,24,140,2,39535,30545,33810,2,0,0,317
94,2,30,1060747,benign,187,151,11139,0,8026,3086,1,2616,2929,0,690,39530,3245,3,52,1477,759,324,3,13520,7786,30359,0,0,654,8860,7680,11568,0,0,0,18,24,39,0,39561,30997,34275,2,0,0,317
95,7,25,1060726,benign,193,153,11158,0,8050,3090,1,2616,2929,0,691,39884,3245,3,52,1338,802,324,3,13616,7836,30412,0,0,654,8849,7682,11571,0,0,0,18,23,39,0,39808,31337,34580,2,0,0,317
96,9,25,1060727,benign,192,153,11140,0,8031,3089,1,2616,2929,0,694,39480,3245,3,53,1320,762,324,3,13544,7722,30400,0,0,654,8848,7675,11556,0,0,0,18,23,39,0,39815,31078,34356,2,0,0,317
97,3,24,1060742,SDC,190,154,10842,0,7831,3012,1,2548,2847,0,665,38684,3162,3,54,1310,1014,324,4,13601,7864,29699,0,0,640,8640,7458,11282,0,0,0,19,27,41,0,39427,30597,34092,2,0,0,317
98,2,27,1060720,benign,165,153,11123,0,8009,3085,1,2616,2929,0,699,39524,3245,3,52,1363,964,543,4,13126,7286,30343,0,0,654,8801,7646,11511,0,0,0,18,23,39,0,39147,30917,34158,2,0,0,317
99,3,30,1060760,benign,166,153,11124,0,8020,3077,1,2616,2929,0,694,39174,3245,3,52,1342,957,323,4,13247,7390,30233,0,0,654,8828,7680,11548,0,0,0,18,24,39,0,39141,30951,34194,2,0,0,317
100,8,6,1060722,benign,182,153,11119,0,8017,3083,1,2616,2929,0,701,39962,3245,3,52,1339,757,428,4,13626,7672,30333,0,0,654,8870,7663,11534,0,0,0,18,25,140,2,39767,30967,34441,2,0,0,317
101,8,12,1060756,benign,166,151,11129,0,8015,3088,1,2616,2929,0,697,39454,3245,3,52,1453,742,416,3,13211,7425,30240,0,0,654,8847,7670,11519,0,0,0,18,24,39,0,39197,30755,34039,2,0,0,317
102,8,9,1060740,benign,167,153,11128,0,8024,3087,1,2616,2929,0,686,39372,3245,3,52,1442,721,324,3,13457,7735,30278,0,0,654,8846,7698,11570,0,0,0,18,25,39,0,39177,31030,34472,2,0,0,317
103,1,8,1060740,benign,167,153,11146,0,8032,3087,1,2616,2929,0,692,39205,3245,3,52,1345,749,324,3,13440,7645,30326,0,0,654,8822,7633,11532,0,0,0,18,25,39,0,39102,30929,34196,2,0,0,317
104,3,10,1060766,benign,188,154,11132,1,8022,3089,1,2616,2929,0,687,39344,3245,3,53,1366,778,324,3,13455,7670,30311,0,0,654,8868,7664,11547,0,0,0,18,25,39,0,39605,31173,34454,3,0,0,317
105,10,21,1060751,benign,191,153,11126,0,8019,3090,1,2616,2929,0,694,39687,3245,3,53,1377,820,324,3,13730,7869,30403,0,0,654,8805,7642,11501,0,0,0,18,25,38,0,39702,31077,34343,2,0,0,317
106,4,21,1060768,benign,166,153,11151,0,8031,3091,1,2616,2929,0,699,39269,3245,3,52,1408,773,324,3,13316,7592,30357,0,0,654,8849,7681,11575,0,0,0,18,24,34,0,39498,30993,34323,2,0,0,317
107,3,14,1060755,benign,182,153,11104,0,7995,3085,1,2616,2929,0,682,39475,3245,3,52,1333,708,324,3,13744,7799,30316,0,0,654,8848,7643,11565,0,0,0,18,21,141,2,39606,31371,34671,2,0,0,317
108,8,4,1060744,benign,166,151,11127,0,8025,3087,1,2616,2929,0,695,39336,3245,3,52,1369,775,324,3,13384,7533,30425,0,0,654,8847,7692,11560,0,0,0,18,21,141,2,39360,30906,34253,2,0,0,317
109,9,16,1060721,benign,189,153,11116,0,8000,3087,1,2616,2929,0,687,39595,3245,3,52,1404,739,424,3,13785,7834,30371,0,0,654,8847,7689,11537,0,0,0,18,23,39,0,39503,31031,34310,2,0,0,317
110,1,5,1060746,benign,183,153,11169,0,8047,3080,1,2616,2929,0,686,39694,3245,3,53,1362,748,428,4,13395,7566,30337,0,0,654,8812,7671,11564,0,0,0,18,23,39,0,39802,31126,34400,2,0,0,317
111,1,31,1060722,SDC,190,154,10848,0,7824,3017,1,2548,2847,2,650,38613,3147,3,53,1301,828,324,4,13612,7895,29652,0,0,638,8591,7428,11299,0,0,0,18,23,33,0,38724,30264,33538,2,0,0,317
112,8,17,1060748,benign,167,153,11140,0,8027,3084,1,2616,2929,0,687,39364,3245,3,52,1324,802,324,3,13439,7698,30317,0,0,654,8850,7693,11578,0,0,0,18,24,39,0,39277,30828,34051,2,0,0,317
113,3,24,1060750,benign,191,154,11140,0,8038,3087,1,2616,2929,0,698,39921,3245,3,54,1323,775,324,3,13854,7650,30343,0,0,654,8834,7656,11534,0,0,0,18,22,39,0,39974,31298,34741,2,0,0,317
114,5,27,1060760,benign,169,153,11120,0,8015,3088,1,2616,2929,0,703,39426,3245,3,52,1387,726,426,3,13435,7584,30360,0,0,654,8850,7670,11543,0,0,0,18,23,39,0,39202,30708,33954,2,0,0,317
115,5,23,1060765,benign,183,153,11125,0,8010,3089,1,2616,2929,0,693,39482,3245,3,52,1322,1060,324,3,13604,7922,30420,0,0,654,8827,7686,11554,0,0,0,18,23,39,0,39330,30980,34437,2,0,0,317
116,5,6,1060721,benign,195,151,11118,0,8007,3080,1,2616,2929,0,699,39454,3245,3,52,1380,949,324,3,13812,8029,30416,0,0,654,8854,7651,11509,0,0,0,18,23,39,0,39266,30980,34258,2,0,0,317
117,1,6,1060761,benign,189,151,11133,0,8022,3084,1,2616,2929,0,689,39767,3245,3,53,1340,721,419,4,13433,7683,30426,0,0,654,8861,7701,11586,0,0,0,18,23,39,0,39247,31017,34266,2,0,0,317
118,10,8,1060730,benign,189,151,11117,0,8003,3075,1,2616,2929,0,681,39506,3245,3,52,1299,744,324,3,13924,8060,30368,0,0,654,8845,7672,11557,0,0,0,18,22,39,0,39711,31241,34524,2,0,0,317
119,7,12,1060761,benign,185,153,11135,0,8036,3083,1,2616,2929,0,677,39507,3245,3,52,1331,713,324,3,13723,7966,30352,0,0,654,8823,7651,11547,0,0,0,18,23,39,0,39691,31253,34557,2,0,0,317
120,1,13,1060758,benign,182,153,11130,0,8027,3073,1,2616,2929,0,700,39933,3245,3,52,1340,778,424,3,13435,7725,30349,0,0,654,8824,7667,11537,0,0,0,18,21,39,0,39716,31081,34343,2,0,0,317
121,4,9,1060742,benign,186,153,11069,1,7960,3071,1,2616,2929,0,705,39867,3245,3,51,1395,809,620,3,13707,7846,30293,0,0,654,8838,7658,11557,0,0,0,18,24,39,0,39524,30880,34157,3,0,0,317
122,1,18,1060736,benign,166,153,11132,0,8021,3083,1,2616,2929,0,689,39212,3245,3,52,1385,980,426,3,13452,7511,30320,0,0,654,8845,7647,11547,0,0,0,18,24,39,0,39377,30785,34171,2,0,0,317
123,3,16,1060747,benign,189,153,11162,0,8042,3090,1,2616,2929,0,689,39327,3245,3,52,1348,710,324,3,13912,8013,30308,0,0,654,8851,7622,11538,0,0,0,18,24,259,2,40102,31324,34605,2,0,0,317
124,2,4,1060766,benign,186,153,11121,0,8010,3079,1,2616,2929,0,706,39449,3245,3,52,1351,964,324,3,13579,7698,30329,0,0,654,8830,7675,11557,0,0,0,18,24,39,0,39346,30956,34241,2,0,0,317
125,7,31,1060760,benign,166,151,11097,0,7990,3075,1,2616,2929,0,694,39273,3245,3,53,1360,718,324,3,13529,7413,30311,0,0,654,8826,7627,11505,0,0,0,18,23,39,0,39189,30993,34266,2,0,0,317
126,8,26,1060729,benign,186,153,11143,0,8028,3081,1,2616,2929,0,693,39830,3245,3,52,1322,700,318,3,13600,7768,30339,0,0,654,8910,7737,11560,0,0,0,18,23,39,0,39324,31019,34378,2,0,0,317
127,4,10,1060740,benign,167,153,11102,1,7994,3078,1,2616,2929,0,701,39325,3245,3,51,1364,762,324,3,13451,7587,30307,0,0,654,8854,7649,11521,0,0,0,18,23,131,2,39596,30845,34095,3,0,0,317
128,3,29,1060759,benign,188,153,11125,0,8006,3083,1,2616,2929,1,700,39598,3170,3,52,1590,740,324,3,13700,7778,30356,0,0,654,8862,7667,11545,0,0,0,18,24,39,0,39647,31070,34346,2,0,0,317
129,3,4,1060740,SDC,168,4284,43735,1,40642,3028,1,10748,27440,0,719,310378,27732,3,4185,1694,139837,416,116,169564,12013,194031,0,0,640,90597,64891,44141,0,0,0,18,24,132,3,310106,300970,304724,3,0,0,317
130,7,27,1060744,benign,167,153,11101,0,7992,3082,1,2616,2930,0,699,39467,3245,3,53,1372,949,426,3,13356,7461,30378,0,0,654,8856,7651,11524,0,0,0,18,23,39,0,39563,30846,34065,2,0,0,317
131,9,28,1060734,benign,183,153,11108,0,7991,3081,1,2616,2929,0,693,39625,3245,3,51,1391,769,324,4,13624,7816,30409,0,0,654,8839,7663,11544,0,0,0,18,23,39,0,39367,31048,34290,2,0,0,317
132,7,8,1060767,benign,188,151,11122,0,8010,3083,1,2616,2929,0,687,39435,3245,3,52,1343,765,324,4,13699,7832,30395,0,0,654,8845,7658,11536,0,0,0,18,24,39,0,39580,31118,34376,2,0,0,317
133,2,28,1060733,benign,190,151,11117,0,8001,3079,1,2616,2929,0,709,39702,3245,3,52,1321,712,324,3,13521,7800,30317,0,0,654,8867,7668,11541,0,0,0,18,25,137,2,39732,31128,34407,2,0,0,317
134,7,4,1060728,benign,167,153,11114,0,8007,3091,1,2616,2929,0,708,39380,3245,3,52,1346,958,324,3,13477,7501,30408,0,0,654,8845,7650,11512,0,0,0,18,23,39,0,39138,30805,34263,2,0,0,317
135,9,26,1060752,benign,166,153,11106,0,7984,3074,1,2616,2929,0,697,39371,3245,3,54,1549,724,324,3,13443,7694,30314,0,0,654,8846,7655,11562,0,0,0,18,23,39,0,39227,30867,34115,2,0,0,317
136,6,22,1060737,benign,188,153,11118,0,8013,3086,1,2616,2929,0,684,39306,3245,3,52,1431,784,324,3,13662,7896,30342,0,0,654,8844,7654,11522,0,0,0,18,23,39,0,39490,30998,34250,2,0,0,317
137,4,19,1060765,benign,196,153,11107,0,7993,3079,1,2616,2929,0,688,39408,3245,3,53,1363,722,426,3,13773,7878,30393,0,0,654,8848,7683,11553,0,0,0,19,27,143,2,40110,30937,34192,2,0,0,317
138,10,30,1060753,benign,183,153,11123,0,8007,3083,1,2616,2929,0,704,39544,3245,3,52,1338,761,324,3,13742,7944,30323,0,0,654,8824,7662,11529,0,0,0,18,24,39,0,39438,31253,34522,2,0,0,317
139,10,17,1060739,benign,190,153,11102,0,7992,3083,1,2616,2929,0,692,39508,3245,3,52,1389,860,324,3,13551,7921,30441,0,0,654,8866,7674,11543,0,0,0,18,23,39,0,39670,31023,34291,2,0,0,317
140,8,21,1060767,benign,195,153,11135,0,8022,3084,1,2616,2929,0,697,39884,3245,3,53,1367,722,426,3,13621,7902,30384,0,0,654,8836,7672,11554,0,0,0,18,23,39,0,39377,31053,34305,2,0,0,316
141,4,31,1060744,benign,167,153,11111,0,8003,3088,1,2616,2929,0,703,39280,3245,3,51,1387,704,324,4,13750,7658,30337,0,0,654,8847,7682,11548,0,0,0,18,24,39,0,38910,30952,34232,2,0,0,317
142,3,20,1060748,benign,166,155,11105,0,8001,3080,1,2616,2929,1,691,39453,3245,3,54,1498,768,324,3,13308,7559,30352,0,0,654,8842,7632,11545,0,0,0,18,24,39,0,39324,30742,34014,2,0,0,317
143,6,31,1060725,benign,183,153,11140,0,8031,3072,1,2616,2929,0,704,39510,3245,3,52,1494,753,323,4,13663,7901,30401,0,0,654,8872,7697,11568,0,0,0,18,24,39,0,39453,30804,34061,2,0,0,317
144,3,31,1060749,benign,192,153,11129,0,8012,3085,1,2616,2929,1,691,39446,3245,3,52,1527,724,324,3,13817,7658,30386,0,0,654,8838,7670,11514,0,0,0,18,24,140,2,39686,31219,34465,2,0,0,317
145,8,20,1060737,benign,191,151,11155,0,8039,3085,1,2616,2929,0,685,39794,3245,3,52,1363,919,426,3,13757,7970,30333,0,0,654,8864,7685,11556,0,0,0,18,22,39,0,39661,31143,34418,2,0,0,317
146,4,28,1060767,benign,186,153,11145,0,8031,3081,1,2616,2930,0,698,39678,3245,3,51,1377,773,319,3,13516,7820,30365,0,0,654,8876,7669,11560,0,0,0,18,25,33,0,39738,31110,34537,2,0,0,317
147,5,22,1060746,benign,194,153,11120,0,8014,3079,1,2616,2930,0,691,39832,3245,3,53,1364,716,324,3,13545,7661,30351,0,0,654,8848,7701,11579,0,0,0,18,21,39,0,39730,31061,34325,2,0,0,317
148,10,9,1060749,benign,198,151,11116,0,8005,3082,1,2616,2929,0,686,39284,3245,3,52,1349,759,324,3,13618,7835,30329,0,0,654,8854,7699,11599,0,0,0,18,23,39,0,39685,31014,34300,2,0,0,317
149,5,16,1060728,benign,167,153,11110,0,8003,3078,1,2616,2929,0,705,39479,3245,3,51,1361,708,324,3,13257,7515,30305,0,0,654,8834,7652,11559,0,0,0,18,24,39,0,39358,31028,34267,2,0,0,317
150,9,10,1060757,benign,183,151,11122,0,7999,3082,1,2616,2929,0,695,39566,3245,3,52,1358,941,428,3,13697,7968,30303,0,0,654,8872,7674,11547,0,0,0,18,22,39,0,39637,31232,34510,2,0,0,317
151,3,2,1060762,benign,191,153,11085,0,7983,3064,1,2616,2930,0,694,39487,3245,3,53,1308,777,324,3,13538,7901,30335,0,0,654,8857,7669,11510,0,0,0,18,24,39,0,39809,31212,34456,2,0,0,317
152,5,5,1060725,benign,194,153,11127,0,8011,3081,1,2616,2929,0,696,39635,3245,3,53,1544,750,324,3,13730,7976,30387,0,0,654,8863,7661,11538,0,0,0,18,24,38,0,39593,31046,34525,2,0,0,316
153,4,31,1060723,benign,199,153,11099,0,7989,3088,1,2616,2929,0,682,39473,3245,3,51,1357,753,324,3,13382,7661,30316,0,0,654,8849,7687,11534,0,0,0,19,27,41,0,39630,30758,34070,2,0,0,317
154,9,27,1060732,benign,166,153,11092,0,7991,3075,1,2616,2929,0,689,39329,3245,3,52,1324,733,426,3,13561,7499,30227,0,0,654,8856,7678,11541,0,0,0,18,23,39,0,39209,30808,34078,2,0,0,317
155,3,22,1060767,benign,185,152,11128,0,8012,3085,1,2616,2929,0,691,39506,3245,3,54,1379,736,319,3,13703,8021,30358,0,0,654,8841,7660,11524,0,0,0,18,25,38,0,39731,30965,34240,2,0,0,317
156,9,3,1060732,benign,168,153,11097,0,7983,3078,1,2616,2929,0,694,39186,3245,3,52,1333,771,323,3,13311,7459,30405,0,0,654,8859,7652,11503,0,0,0,18,24,39,0,39520,30841,34088,2,0,0,317
157,8,10,1060743,benign,191,153,11149,0,8029,3088,1,2616,2929,0,699,39554,3245,3,52,1364,727,324,3,13667,7868,30273,0,0,654,8838,7657,11504,0,0,0,18,22,39,0,39449,31132,34385,2,0,0,317
158,5,4,1060722,benign,189,153,11117,0,8003,3088,1,2616,2929,0,691,39746,3245,3,53,1559,745,324,3,13557,7683,30409,0,0,654,8855,7672,11549,0,0,0,18,24,39,0,39379,30976,34469,2,0,0,317
159,8,1,1060764,benign,166,153,11130,0,8027,3082,1,2616,2929,0,691,39341,3245,3,52,1376,728,324,3,13331,7534,30295,0,0,654,8848,7683,11583,0,0,0,18,22,143,2,39380,30937,34190,2,0,0,317
160,6,6,1060724,benign,167,153,11158,0,8045,3084,1,2616,2929,0,698,39303,3245,3,52,1504,782,323,4,13128,7312,30278,0,0,654,8861,7693,11592,0,0,0,18,24,39,0,39202,30811,34206,2,0,0,317
161,6,22,1060766,benign,188,153,11118,0,8006,3077,1,2616,2929,0,707,39623,3245,3,52,1478,732,417,3,13764,8013,30344,0,0,654,8830,7689,11557,0,0,0,18,22,39,0,39394,30977,34215,2,0,0,316
162,3,0,1060762,benign,190,151,11154,0,8044,3082,1,2616,2929,0,697,39594,3245,3,52,1349,770,324,3,13504,7772,30389,0,0,654,8852,7669,11525,0,0,0,18,23,39,0,39423,30962,34243,2,0,0,317
163,1,7,1060751,benign,188,153,11085,0,7993,3095,1,2616,2929,0,702,39505,3245,3,53,1301,944,324,3,14002,8057,30316,0,0,654,8866,7648,11542,0,0,0,18,23,39,0,39563,30954,34218,2,0,0,317
164,7,18,1060750,benign,199,153,11120,0,8005,3081,1,2616,2929,0,688,39439,3245,3,52,1531,710,425,3,13779,8011,30337,0,0,654,8860,7666,11531,0,0,0,18,23,39,0,39380,31229,34495,2,0,0,317
165,6,12,1060732,benign,167,153,11129,0,8019,3088,1,2616,2929,0,686,39322,3245,3,53,1335,733,324,3,13253,7431,30255,0,0,654,8839,7697,11572,0,0,0,18,24,39,0,39335,30635,33853,2,0,0,317
166,7,25,1060741,benign,199,153,11151,0,8042,3087,1,2616,2929,0,690,39467,3245,3,51,1416,777,426,3,13477,7624,30352,0,0,654,8856,7664,11521,0,0,0,18,23,141,2,39537,30931,34398,2,0,0,317
167,8,18,1060733,benign,184,153,11131,0,8013,3090,1,2616,2929,0,706,39825,3245,3,52,1327,975,324,3,13722,7906,30299,0,0,654,8849,7684,11540,0,0,0,18,24,39,0,39882,31006,34277,2,0,0,317
168,9,23,1060747,benign,190,153,11154,0,8037,3090,1,2616,2929,0,694,39551,3245,3,52,1484,757,426,3,13544,7778,30343,0,0,654,8863,7674,11556,0,0,0,18,25,141,2,39843,31052,34310,2,0,0,317
169,6,26,1060761,benign,190,153,11119,0,8006,3085,1,2616,2929,0,701,39553,3245,3,53,1437,745,416,4,13705,7932,30462,0,0,654,8844,7657,11534,0,0,0,18,24,39,0,39644,31092,34360,2,0,0,317
170,10,15,1060738,benign,196,153,11100,0,7991,3086,1,2616,2929,0,695,39385,3245,3,53,1369,751,426,3,13732,7602,30356,0,0,654,8845,7705,11572,0,0,0,18,22,38,0,39747,31144,34404,2,0,0,317
171,1,4,1060725,SDC,183,156,10847,2,7833,3008,1,2548,2847,0,678,38896,3147,3,56,1481,767,505,3,13440,7547,29510,0,0,638,8601,7446,11292,0,0,0,18,21,320,8,39006,30346,33566,4,0,0,317
172,2,6,1060723,benign,192,153,11155,0,8044,3093,1,2616,2929,0,694,39420,3245,3,52,1572,893,426,3,13757,7660,30294,0,0,654,8810,7688,11539,0,0,0,18,22,39,0,39676,30781,34201,2,0,0,317
173,1,4,1060751,benign,188,151,11148,0,8034,3090,1,2616,2929,0,692,39506,3245,3,52,1352,762,324,3,13431,7764,30365,0,0,654,8854,7659,11529,0,0,0,18,21,39,0,39671,30932,34354,2,0,0,317
174,3,2,1060749,crash/hangs,-,-,-,-,-,-,-,-,-,-,-,-,-,-,-,-,-,-,-,-,-,-,-,-,-,-,-,-,-,-,-,-,-,-,-,-,-,-,-,-,-,-
175,4,16,1060731,benign,109,27,11159,0,8062,3082,1,2616,2929,0,704,39638,3245,3,52,1484,753,324,3,13728,7867,30507,0,0,654,8850,7653,11502,0,0,0,18,23,141,2,39678,30953,34221,2,0,0,317
176,8,11,1060740,benign,167,153,11161,0,8051,3093,1,2616,2929,0,689,39337,3245,3,52,1366,780,324,3,13442,7581,30244,0,0,654,8844,7667,11540,0,0,0,18,22,39,0,39333,30769,34050,2,0,0,317
177,3,7,1060757,benign,188,155,11136,1,8023,3086,1,2616,2929,0,696,39681,3245,3,54,1458,784,414,3,13784,7650,30446,0,0,654,8845,7696,11562,0,0,0,18,24,130,2,39996,31284,34536,3,0,0,317
178,6,20,1060747,benign,194,153,11124,0,8021,3088,1,2616,2929,0,697,39738,3245,3,53,1361,736,602,3,13855,8138,30401,0,0,654,8852,7649,11531,0,0,0,18,23,271,2,39808,31051,34314,2,0,0,317
179,10,11,1060738,benign,190,154,11100,0,7993,3093,1,2616,2929,0,694,39566,3245,3,52,1307,957,324,3,13944,7928,30348,0,0,654,8864,7659,11535,0,0,0,18,23,39,0,39383,31020,34253,2,0,0,317
180,5,4,1060766,benign,182,153,11136,0,8016,3080,1,2616,2929,0,685,39341,3245,3,52,1366,697,324,3,13731,8004,30375,0,0,654,8863,7654,11547,0,0,0,18,23,39,0,39442,31043,34326,2,0,0,317
181,3,9,1060756,benign,165,154,11120,1,8013,3083,1,2616,2929,1,697,39643,3245,3,53,1399,750,559,3,13660,7975,30342,0,0,654,8848,7678,11556,0,0,0,18,24,40,3,39222,30805,34063,3,0,0,317
182,9,18,1060737,benign,187,153,11083,0,7979,3074,1,2616,2929,0,691,39629,3245,3,52,1343,772,324,3,13885,8141,30334,0,0,654,8842,7670,11526,0,0,0,18,24,39,0,39679,31337,34574,2,0,0,317
183,3,7,1060721,benign,183,151,11123,0,8018,3089,1,2616,2929,0,691,39322,3245,3,53,1553,741,428,4,13556,7922,30395,0,0,654,8866,7670,11547,0,0,0,18,25,141,2,39822,31032,34295,2,0,0,317
184,2,0,1060734,benign,201,153,11151,0,8037,3090,1,2616,2929,0,699,39787,3245,3,52,1333,749,324,3,13369,7502,30283,0,0,654,8848,7687,11593,0,0,0,18,25,39,0,39675,31041,34283,2,0,0,317
185,3,24,1060734,benign,193,153,11138,0,8024,3085,1,2616,2929,0,703,39653,3245,3,52,1533,765,426,3,13670,7829,30407,0,0,654,8854,7669,11537,0,0,0,18,24,39,0,39504,30866,34112,2,0,0,375
186,10,2,1060745,benign,190,153,11147,0,8029,3088,1,2616,2929,0,691,39548,3245,3,52,1350,767,324,4,13744,8049,30370,0,0,654,8854,7686,11537,0,0,0,18,23,39,0,39181,30826,34089,2,0,0,317
187,6,16,1060758,benign,193,153,11130,0,8028,3090,1,2616,2929,0,691,39638,3245,3,52,1356,810,324,3,13549,7795,30363,0,0,654,8848,7683,11554,0,0,0,18,24,39,0,39524,30910,34186,2,0,0,317
188,9,9,1060726,benign,188,153,11124,0,8021,3085,1,2616,2929,0,687,39417,3245,3,52,1411,946,425,3,13739,7885,30414,0,0,654,8844,7631,11543,0,0,0,18,23,39,0,39576,31264,34525,2,0,0,317
189,9,15,1060760,benign,166,153,11129,0,8023,3084,1,2616,2929,0,700,39486,3245,3,53,1629,907,323,4,13504,7475,30356,0,0,654,8845,7659,11557,0,0,0,18,23,141,2,39488,30961,34240,2,0,0,317
190,10,23,1060765,benign,192,153,11102,0,7994,3070,1,2616,2929,0,686,39570,3245,3,52,1502,789,324,4,13721,7920,30326,0,0,654,8853,7690,11551,0,0,0,18,23,39,0,39565,31293,34532,2,0,0,317
191,2,25,1060725,benign,189,153,11144,0,8034,3085,1,2616,2929,0,714,39730,3245,3,53,1340,842,426,4,13578,7872,30342,0,0,654,8841,7673,11547,0,0,0,19,26,41,0,39622,30991,34480,2,0,0,317
192,4,7,1060768,benign,168,154,11135,1,8025,3083,1,2616,2929,0,701,39304,3245,3,52,1543,757,425,3,13435,7534,30291,0,0,654,8841,7669,11552,0,0,0,18,24,39,0,39410,30760,33962,3,0,0,317
193,8,30,1060736,benign,169,153,11166,0,8053,3082,1,2616,2929,0,689,39232,3245,3,52,1367,778,420,3,13480,7694,30385,0,0,654,8827,7655,11519,0,0,0,18,23,33,0,39274,30920,34151,2,0,0,317
194,4,12,1060757,benign,188,153,11073,0,7965,3071,1,2616,2929,0,688,39326,3245,3,54,1386,707,426,4,13637,7674,30250,0,0,654,8839,7643,11492,0,0,0,18,24,39,0,39448,31158,34396,2,0,0,317
195,4,16,1060739,benign,192,153,11128,0,8010,3083,1,2616,2930,0,701,39525,3245,3,53,1362,737,324,4,13788,7711,30398,0,0,654,8854,7675,11567,0,0,0,18,23,34,2,39680,31224,34498,2,0,0,317
196,1,7,1060733,benign,189,153,11124,0,8011,3085,1,2616,2930,0,689,39655,3245,3,52,1502,774,324,3,13582,7623,30320,0,0,654,8844,7657,11500,0,0,0,18,24,39,0,39786,31146,34387,2,0,0,317
197,9,8,1060736,benign,166,153,11150,0,8031,3090,1,2616,2929,0,688,39345,3245,3,52,1540,755,324,3,13240,7457,30276,0,0,654,8801,7687,11555,0,0,0,18,24,39,0,39386,30694,33949,2,0,0,316
198,6,4,1060732,benign,167,153,11099,0,7994,3083,1,2616,2929,0,685,39202,3245,3,53,1520,747,426,3,13706,7590,30340,0,0,654,8851,7646,11556,0,0,0,18,24,39,0,39306,30917,34179,2,0,0,317
199,5,21,1060758,benign,191,153,11109,0,8007,3086,1,2616,2929,0,705,39608,3245,3,52,1767,791,324,3,13922,8194,30397,0,0,654,8847,7641,11529,0,0,0,18,25,39,0,39597,31095,34430,2,0,0,317
200,3,24,1060748,benign,167,154,11116,0,8008,3090,1,2616,2929,1,701,39229,3245,3,53,1347,710,427,3,13410,7683,30251,0,0,654,8842,7652,11555,0,0,0,18,25,39,0,39504,30802,34090,2,0,0,317
201,6,16,1060754,benign,183,153,11128,0,8013,3076,1,2616,2929,0,706,39554,3245,3,52,1498,761,324,3,13630,7658,30403,0,0,654,8821,7623,11524,0,0,0,18,23,141,2,39656,31206,34481,2,0,0,317
202,10,7,1060735,benign,191,151,11158,0,8048,3083,1,2616,2929,0,704,39709,3245,3,52,1337,718,324,4,13446,7510,30306,0,0,654,8836,7682,11539,0,0,0,18,23,33,0,39634,31186,34460,2,0,0,317
203,5,25,1060723,benign,192,153,11158,0,8043,3090,1,2616,2929,0,698,39525,3245,3,52,1322,818,382,3,13787,7866,30409,0,0,654,8866,7686,11575,0,0,0,18,23,39,0,39377,30946,34188,2,0,0,317
204,4,11,1060748,benign,166,153,11111,0,8005,3074,1,2616,2929,0,686,39360,3245,3,52,1369,985,324,4,13402,7500,30219,0,0,654,8857,7698,11584,0,0,0,18,23,39,0,39077,30814,34100,2,0,0,317
205,1,12,1060761,benign,184,153,11150,0,8048,3094,1,2616,2929,0,697,39436,3245,3,52,1329,937,324,3,14022,8095,30370,0,0,654,8848,7684,11553,0,0,0,18,23,39,0,39484,31271,34577,2,0,0,317
206,2,28,1060743,benign,191,153,11118,0,8003,3085,1,2616,2929,0,698,40067,3245,3,52,1564,765,426,3,13781,7766,30437,0,0,654,8863,7676,11565,0,0,0,18,22,39,0,39660,31083,34476,2,0,0,317
207,5,31,1060731,benign,192,153,11129,0,8020,3080,1,2616,2929,0,688,39452,3245,3,53,1340,778,324,4,13457,7610,30374,0,0,654,8875,7709,11585,0,0,0,18,24,39,0,39439,31007,34292,2,0,0,317
208,4,0,1060763,benign,186,154,11087,1,7985,3078,1,2616,2929,0,701,39585,3245,3,52,1665,745,425,3,13770,7777,30342,0,0,654,8856,7671,11543,0,0,0,18,24,43,2,39542,31111,34357,3,0,0,317
209,3,4,1060764,benign,167,155,11134,1,8025,3081,1,2616,2929,1,709,39461,3245,3,54,1360,784,323,4,13194,7387,30274,0,0,654,8859,7665,11546,0,0,0,18,24,39,0,39425,30917,34418,3,0,0,317
210,7,19,1060721,benign,190,151,11126,0,8016,3093,1,2616,2929,0,693,39467,3245,3,52,1381,926,324,3,13714,7799,30394,0,0,654,8858,7674,11532,0,0,0,18,24,39,0,39531,31219,34728,2,0,0,317
211,8,13,1060738,benign,185,153,11133,0,8020,3087,1,2616,2929,0,684,39221,3245,3,52,1351,750,323,3,13759,7884,30359,0,0,654,8903,7713,11503,0,0,0,18,24,39,0,39344,30924,34178,2,0,0,317
212,7,30,1060738,benign,197,153,11124,0,8014,3085,1,2616,2929,0,695,39813,3245,3,52,1506,787,377,3,13688,7914,30429,0,0,654,8846,7655,11484,0,0,0,18,24,39,0,39612,30820,34009,2,0,0,317
213,3,2,1060760,benign,166,153,11146,0,8023,3086,1,2616,2929,0,693,39258,3245,3,52,1306,773,324,3,13465,7716,30381,0,0,654,8851,7677,11562,0,0,0,18,24,39,0,39289,30786,34229,2,0,0,317
214,10,0,1060757,benign,186,153,11100,0,7991,3073,1,2616,2929,0,696,39759,3245,3,52,1755,767,324,3,13888,8123,30307,0,0,654,8852,7663,11559,0,0,0,18,24,39,0,39693,30885,34159,2,0,0,317
215,9,18,1060749,benign,193,153,11128,0,8016,3079,1,2616,2929,0,687,39616,3245,3,51,1568,753,324,3,13834,8053,30397,0,0,654,8841,7639,11532,0,0,0,18,24,39,0,39859,31045,34330,2,0,0,317
216,2,26,1060767,benign,191,151,11113,0,8006,3089,1,2616,2929,0,692,39425,3245,3,52,1344,717,324,3,13440,7591,30258,0,0,654,8834,7644,11550,0,0,0,18,24,39,0,39376,30853,34105,2,0,0,317
217,9,31,1060764,benign,167,153,11126,0,8011,3078,1,2616,2929,0,698,39239,3245,3,53,1595,955,418,3,13601,7721,30401,0,0,654,8809,7680,11569,0,0,0,18,24,140,2,39494,30837,34176,2,0,0,317
218,2,31,1060764,benign,166,151,11147,0,8037,3085,1,2616,2929,0,680,39092,3245,3,52,1339,755,324,3,13401,7687,30278,0,0,654,8845,7699,11577,0,0,0,18,24,141,2,39361,31104,34364,2,0,0,317
219,8,23,1060745,benign,197,153,11111,0,8007,3082,1,2616,2929,0,693,39729,3245,3,52,1528,966,324,3,13913,8070,30427,0,0,654,8865,7662,11542,0,0,0,18,22,39,0,39445,31239,34480,2,0,0,317
220,9,27,1060743,crash/hangs,-,-,-,-,-,-,-,-,-,-,-,-,-,-,-,-,-,-,-,-,-,-,-,-,-,-,-,-,-,-,-,-,-,-,-,-,-,-,-,-,-,-
221,5,28,1060729,benign,197,151,11127,0,8010,3081,1,2616,2929,0,693,39479,3245,3,54,1324,774,324,3,13871,8157,30401,0,0,654,8839,7686,11525,0,0,0,18,24,141,2,39383,31185,34436,2,0,0,317
222,8,31,1060758,benign,167,153,11108,0,8002,3073,1,2616,2929,0,694,39248,3245,3,52,1293,761,426,3,13511,7716,30290,0,0,654,8844,7641,11549,0,0,0,18,22,39,0,39303,31120,34367,2,0,0,317
223,6,22,1060768,benign,187,153,11130,0,8020,3082,1,2616,2929,0,694,39495,3245,3,52,1286,798,324,3,13441,7623,30323,0,0,654,8856,7678,11583,0,0,0,18,24,39,0,39579,30851,34073,2,0,0,317
225,3,31,1060738,crash/hangs,-,-,-,-,-,-,-,-,-,-,-,-,-,-,-,-,-,-,-,-,-,-,-,-,-,-,-,-,-,-,-,-,-,-,-,-,-,-,-,-,-,-
226,3,16,1060740,SDC,192,153,11125,0,8021,3083,1,2616,2929,0,696,39864,3245,3,52,1351,965,324,3,13740,7782,30414,0,0,654,8825,7642,11500,0,0,0,18,25,38,0,39956,31174,34444,2,0,0,317
227,6,4,1060750,benign,165,153,10867,1,7837,3033,1,2556,2852,1,693,39296,3154,3,55,1329,871,413,3,13800,7565,29616,0,0,640,8610,7441,11303,0,0,0,18,23,221,7,39257,30371,33857,3,0,0,317
228,10,14,1060758,benign,187,153,11128,0,8014,3078,1,2616,2929,0,691,39265,3245,3,52,1331,754,324,4,13645,7898,30361,0,0,654,8864,7673,11555,0,0,0,18,24,39,0,39482,30980,34244,2,0,0,317
229,3,7,1060736,SDC,192,153,11134,0,8021,3084,1,2616,2929,0,693,39660,3245,3,53,1359,708,324,3,13642,7834,30315,0,0,654,8850,7688,11555,0,0,0,18,23,39,0,39414,31221,34505,2,0,0,317
230,6,1,1060721,benign,188,153,11164,0,8058,3091,1,2616,2929,0,712,39671,3245,3,52,1320,765,323,3,13672,7930,30337,0,0,654,8862,7654,11549,0,0,0,18,23,38,0,39440,30867,34123,2,0,0,317
231,2,15,1060737,benign,186,153,11131,0,8017,3083,1,2616,2929,0,694,39480,3245,3,52,1351,733,324,3,13504,7704,30239,0,0,654,8855,7690,11588,0,0,0,18,24,39,0,39622,30984,34429,2,0,0,317
232,3,30,1060723,benign,189,153,11109,0,7999,3081,1,2616,2929,0,689,39647,3245,3,52,1557,680,324,4,13682,7926,30429,0,0,654,8815,7612,11495,0,0,0,18,24,39,0,39330,31335,34603,2,0,0,317
233,7,0,1060727,benign,167,153,11142,0,8031,3080,1,2616,2929,0,706,39347,3245,3,53,1328,755,426,3,13339,7592,30301,0,0,654,8865,7667,11542,0,0,0,18,23,39,0,39256,30922,34192,2,0,0,317
234,5,19,1060762,benign,190,153,11111,0,7994,3083,1,2616,2929,0,684,39676,3245,3,52,1365,916,426,4,13661,8022,30406,0,0,654,8837,7649,11529,0,0,0,18,25,39,0,39525,30926,34335,2,0,0,317
235,1,11,1060768,benign,191,153,11149,0,8038,3087,1,2616,2929,0,702,39554,3245,3,53,1368,959,324,3,13573,7886,30257,0,0,654,8843,7684,11572,0,0,0,18,24,39,0,39376,30935,34133,2,0,0,317
236,7,14,1060747,benign,164,153,11134,0,8026,3088,1,2616,2929,0,702,39446,3245,3,52,1363,928,324,3,13290,7407,30389,0,0,654,8826,7651,11546,0,0,0,18,23,39,0,39134,30707,33950,2,0,0,317
237,9,31,1060755,benign,183,153,11113,0,8015,3081,1,2616,2929,0,689,39618,3245,3,51,1336,755,324,4,13652,7858,30286,0,0,654,8828,7635,11548,0,0,0,18,23,39,0,39683,31219,34515,2,0,0,317
238,4,22,1060760,benign,187,153,11165,0,8064,3101,1,2616,2929,0,691,39594,3245,3,53,1544,711,607,4,13547,7744,30411,0,0,654,8860,7673,11538,0,0,0,18,24,39,0,39432,31119,34395,2,0,0,317
239,9,30,1060730,benign,189,153,11108,0,8001,3079,1,2616,2929,0,694,39379,3245,3,52,1371,963,324,4,13895,7823,30411,0,0,654,8863,7681,11577,0,0,0,18,23,39,0,39381,31056,34310,2,0,0,317
240,8,23,1060741,benign,189,153,11113,0,8003,3081,1,2616,2929,0,705,39816,3245,3,52,1375,710,324,3,13572,7757,30353,0,0,654,8849,7685,11571,0,0,0,18,23,39,0,39628,31172,34430,2,0,0,317
241,2,18,1060738,benign,190,153,11112,0,7998,3083,1,2616,2929,0,688,39552,3245,3,52,1335,766,324,3,13806,7994,30397,0,0,654,8840,7662,11541,0,0,0,18,24,39,0,39467,30972,34240,2,0,0,317
242,6,11,1060767,benign,199,153,11128,0,8019,3087,1,2616,2929,0,700,39738,3245,3,52,1400,694,416,3,13773,7876,30391,0,0,654,8846,7692,11585,0,0,0,18,24,141,2,39579,31060,34335,2,0,0,317
243,5,0,1060726,benign,165,153,11111,0,8002,3081,1,2616,2929,0,701,39431,3245,3,52,1376,805,426,3,13268,7535,30336,0,0,654,8822,7670,11546,0,0,0,18,24,34,2,39444,30894,34387,2,0,0,317
244,8,3,1060734,benign,188,153,11145,0,8038,3088,1,2616,2929,0,700,39511,3245,3,53,1340,737,324,3,13803,7728,30439,0,0,654,8867,7682,11564,0,0,0,19,27,41,0,39263,31025,34259,2,0,0,317
245,10,27,1060728,benign,187,151,11126,0,8018,3087,1,2616,2929,0,701,39557,3245,3,53,1289,953,425,4,13600,7839,30380,0,0,654,8831,7682,11552,0,0,0,18,23,141,2,39755,31272,34563,2,0,0,317
246,2,26,1060723,benign,190,153,11148,0,8031,3088,1,2616,2929,0,703,40092,3245,3,52,1516,742,324,3,13801,7963,30403,0,0,654,8855,7649,11563,0,0,0,18,22,132,2,39820,31026,34275,2,0,0,317
247,1,31,1060753,benign,196,153,11118,0,8011,3083,1,2616,2929,0,699,39723,3245,3,52,1519,708,427,3,13510,7612,30365,0,0,654,8840,7674,11557,0,0,0,18,24,39,0,39483,31079,34350,2,0,0,317
248,7,11,1060746,benign,181,153,11129,0,8023,3078,1,2616,2929,0,688,39849,3245,3,52,1451,735,324,3,13729,7844,30283,0,0,654,8830,7625,11522,0,0,0,18,23,142,2,39827,31064,34333,2,0,0,317
249,9,8,1060731,benign,189,153,11120,0,8019,3089,1,2616,2929,0,701,39530,3245,3,52,1350,722,426,3,13438,7601,30360,0,0,654,8849,7658,11539,0,0,0,18,23,39,0,39539,31033,34291,2,0,0,317
250,8,24,1060734,benign,167,153,11114,0,7997,3079,1,2616,2929,0,683,39260,3245,3,52,1344,719,324,3,13663,7560,30387,0,0,654,8839,7677,11529,0,0,0,18,24,39,0,39655,30738,34154,2,0,0,317
251,3,18,1060722,benign,164,151,11144,0,8041,3085,1,2616,2929,0,701,39477,3245,3,53,1320,770,324,3,13280,7489,30291,0,0,654,8862,7643,11530,0,0,0,18,24,38,0,39266,30748,34104,2,0,0,317
252,7,18,1060756,benign,168,153,11146,0,8029,3079,1,2616,2929,0,702,39539,3245,3,52,1334,817,324,4,13802,7765,30383,0,0,654,8873,7664,11534,0,0,0,18,24,143,2,39560,30967,34228,2,0,0,317
253,3,20,1060728,benign,193,153,11106,0,7994,3088,1,2616,2929,0,697,39667,3245,3,52,1310,749,425,3,13666,7653,30279,0,0,654,8810,7660,11544,0,0,0,19,27,41,0,39609,31234,34477,2,0,0,317
254,10,21,1060748,benign,166,153,11103,0,7990,3065,1,2616,2929,0,695,39530,3245,3,52,1512,764,324,4,13606,7855,30267,0,0,654,8847,7694,11569,0,0,0,18,24,39,0,39290,30981,34474,2,0,0,317
255,4,20,1060765,benign,167,153,11102,0,7992,3079,1,2616,2929,0,699,39493,3245,3,52,1301,746,426,4,13388,7676,30386,0,0,654,8851,7653,11502,0,0,0,18,22,39,0,39183,31034,34280,2,0,0,317
256,8,4,1060752,benign,166,153,11119,0,8005,3086,1,2616,2929,0,699,39610,3245,3,52,1353,934,324,3,13326,7407,30276,0,0,654,8859,7651,11530,0,0,0,18,25,141,2,39567,30731,34034,2,0,0,317
257,9,13,1060720,benign,166,151,11110,0,8005,3076,1,2616,2929,0,711,39826,3245,3,52,1669,732,318,4,13395,7479,30276,0,0,654,8863,7687,11582,0,0,0,18,23,39,0,39136,30774,34031,2,0,0,317
258,2,15,1060744,benign,193,153,11146,0,8034,3087,1,2616,2929,0,687,39696,3245,3,53,1501,750,324,4,13701,7790,30316,0,0,654,8853,7654,11540,0,0,0,18,24,39,0,39650,31023,34423,2,0,0,317
259,9,10,1060764,benign,188,153,11141,0,8027,3085,1,2616,2929,0,691,39310,3245,3,52,1655,750,428,3,13856,8096,30371,0,0,654,8847,7633,11541,0,0,0,18,24,39,0,39574,31305,34566,2,0,0,317
260,7,0,1060729,benign,193,153,11119,0,8001,3086,1,2616,2929,0,697,39639,3245,3,52,1546,778,417,3,13580,7767,30369,0,0,654,8837,7654,11523,0,0,0,18,23,39,0,39485,31038,34302,2,0,0,317
261,5,9,1060745,benign,186,151,11140,0,8018,3086,1,2616,2929,0,691,39429,3245,3,53,1309,772,324,3,13807,8086,30392,0,0,654,8841,7666,11564,0,0,0,18,23,34,2,39431,31069,34335,2,0,0,317
262,6,6,1060726,benign,194,153,11119,0,8001,3080,1,2616,2929,0,702,39565,3245,3,52,1566,741,324,3,13981,8228,30476,0,0,654,8855,7663,11542,0,0,0,18,24,140,2,39441,30995,34392,2,0,0,317
263,6,23,1060749,benign,166,153,11136,0,8034,3092,1,2616,2929,0,699,39229,3245,3,53,1333,806,324,4,13340,7659,30399,0,0,654,8846,7693,11584,0,0,0,18,24,141,2,39573,30806,34208,2,0,0,317
264,3,8,1060763,benign,186,153,11110,0,8002,3075,1,2616,2929,0,697,39788,3245,3,52,1544,774,324,3,13795,7815,30368,0,0,654,8842,7657,11521,0,0,0,18,23,39,0,39649,31228,34476,2,0,0,317
265,6,11,1060764,benign,190,154,11095,0,7990,3087,1,2616,2929,1,692,39775,3245,3,53,1498,728,425,3,13674,7774,30395,0,0,654,8861,7675,11532,0,0,0,18,22,39,0,39475,31003,34419,2,0,0,317
266,6,5,1060739,benign,166,153,11122,0,8010,3088,1,2616,2929,0,705,39567,3245,3,52,1379,689,426,3,13401,7669,30374,0,0,654,8858,7670,11527,0,0,0,18,24,39,0,39010,30898,34347,2,0,0,317
267,3,18,1060766,benign,165,153,11108,0,8004,3083,1,2616,2929,0,692,39457,3245,3,52,1352,927,324,3,13497,7608,30318,0,0,654,8877,7683,11546,0,0,0,18,24,138,4,39415,30811,34076,2,0,0,317
268,8,6,1060748,benign,183,153,11145,0,8023,3080,1,2616,2929,0,690,39412,3245,3,52,1323,714,324,4,13679,7712,30383,0,0,654,8837,7669,11566,0,0,0,18,25,39,0,39592,31263,34456,2,0,0,317
269,4,18,1060724,benign,184,153,11114,0,8006,3083,1,2616,2929,0,688,39493,3245,3,53,1525,943,324,3,13398,7734,30399,0,0,654,8859,7642,11504,0,0,0,18,24,39,0,39598,31102,34390,2,0,0,317
270,9,4,1060733,benign,190,153,11136,0,8027,3087,1,2616,2929,0,698,39553,3245,3,52,1412,728,319,3,13618,7833,30383,0,0,654,8795,7657,11532,0,0,0,18,23,39,0,39602,30878,34130,2,0,0,317
271,8,15,1060743,benign,188,153,11138,0,8027,3085,1,2616,2929,0,690,39490,3245,3,52,1361,695,324,3,13903,8087,30429,0,0,654,8822,7657,11515,0,0,0,18,24,39,0,39617,31158,34411,2,0,0,317
272,6,28,1060730,benign,197,153,11114,0,8010,3086,1,2616,2929,0,697,39735,3245,3,53,1336,734,324,3,13538,7740,30389,0,0,654,8861,7678,11571,0,0,0,18,23,39,0,39625,31009,34282,2,0,0,317
273,4,24,1060739,benign,187,153,11127,0,8011,3099,1,2616,2929,0,693,39512,3245,3,53,1361,982,324,3,13553,7813,30386,0,0,654,8855,7672,11523,0,0,0,18,23,39,0,39798,31212,34488,2,0,0,317
274,9,18,1060721,benign,165,153,11120,0,8008,3076,1,2616,2929,0,697,39319,3245,3,52,1372,701,324,3,13489,7592,30290,0,0,654,8842,7669,11529,0,0,0,18,25,39,0,39292,30754,34221,2,0,0,317
275,2,11,1060751,benign,168,153,11176,1,8060,3093,1,2616,2929,0,696,39392,3245,3,51,1507,758,324,3,13272,7480,30364,0,0,654,8827,7659,11535,0,0,0,18,24,141,2,39125,30769,34041,3,0,0,317
276,5,7,1060756,benign,168,153,11094,0,7982,3067,1,2616,2929,0,702,39266,3245,3,52,1365,1075,324,3,13528,7442,30351,0,0,654,8871,7669,11559,0,0,0,18,25,39,0,39334,30660,33935,2,0,0,317
277,4,9,1060756,benign,188,153,11093,0,7992,3084,1,2616,2929,0,691,39355,3245,3,52,1696,722,324,3,13566,7727,30372,0,0,654,8853,7659,11561,0,0,0,18,22,132,2,39877,31065,34352,2,0,0,317
278,10,6,1060764,benign,164,151,11124,0,8015,3083,1,2616,2929,0,687,39135,3245,3,52,1355,986,324,3,13314,7471,30310,0,0,654,8851,7682,11577,0,0,0,18,23,39,0,39246,30919,34202,2,0,0,317
279,6,25,1060745,benign,197,153,11144,0,8028,3089,1,2616,2930,0,700,39498,3245,3,53,1334,733,426,3,13516,7636,30313,0,0,654,8859,7702,11607,0,0,0,18,22,371,2,39971,31039,34280,2,0,0,317
280,2,27,1060756,benign,166,153,11135,0,8013,3077,1,2616,2929,0,684,39369,3245,3,52,1358,904,324,4,13655,7566,30266,0,0,654,8846,7695,11572,0,0,0,18,24,39,0,39288,30826,34078,2,0,0,317
281,4,14,1060743,benign,166,153,11118,0,8005,3074,1,2616,2929,0,684,39356,3245,3,53,1363,737,324,3,13232,7342,30246,0,0,654,8844,7686,11553,0,0,0,18,25,39,0,39189,31005,34239,2,0,0,317
282,3,16,1060760,benign,200,153,11132,0,8021,3094,1,2616,2929,0,694,39454,3245,3,52,1566,807,324,3,13560,7872,30376,0,0,654,8843,7671,11569,0,0,0,18,24,34,0,39620,31250,34604,2,0,0,317
283,8,27,1060756,benign,190,153,11141,0,8028,3082,1,2616,2929,0,693,39692,3245,3,52,1339,730,324,3,13752,8049,30388,0,0,654,8857,7643,11522,0,0,0,18,23,39,0,39504,31027,34523,2,0,0,317
284,6,30,1060767,benign,188,153,11123,1,8005,3077,1,2616,2929,0,692,39320,3245,3,51,1516,697,426,3,13729,7589,30336,0,0,654,8840,7631,11545,0,0,0,18,24,39,0,39714,31241,34553,3,0,0,317
285,1,30,1060763,benign,166,153,11122,0,8010,3079,1,2616,2929,0,694,39539,3245,3,52,1563,693,428,4,13501,7746,30283,0,0,654,8830,7651,11498,0,0,0,19,26,40,0,38969,30764,34046,2,0,0,317
286,4,9,1060722,benign,167,153,11092,0,7978,3076,1,2616,2929,0,684,39369,3245,3,52,1313,987,324,3,13682,7403,30290,0,0,654,8841,7663,11537,0,0,0,18,22,39,0,39191,30625,33897,2,0,0,370
288,2,23,1060752,benign,186,153,11138,0,8027,3086,1,2616,2929,0,705,39752,3245,3,52,1309,771,324,3,13532,7813,30413,0,0,654,8852,7653,11523,0,0,0,18,24,38,0,39208,30891,34398,2,0,0,317
289,3,12,1060768,SDC,167,153,11138,0,8026,3068,1,2616,2930,0,691,39365,3245,3,52,1373,725,426,3,13466,7485,30304,0,0,654,8822,7688,11572,0,0,0,18,23,39,0,39138,30980,34222,2,0,0,317
290,8,2,1060730,benign,191,153,11099,0,7994,3074,1,2616,2929,0,709,39716,3245,3,52,1360,761,323,3,13796,8000,30383,0,0,654,8829,7678,11579,0,0,0,18,23,39,0,39314,31077,34361,2,0,0,317
291,10,5,1060754,benign,168,153,11174,0,8058,3087,1,2616,2929,0,697,39606,3245,3,53,1364,745,427,3,13634,7943,30450,0,0,654,8859,7674,11551,0,0,0,18,22,39,0,39380,30898,34226,2,0,0,317
292,7,7,1060748,benign,184,153,11149,0,8029,3084,1,2616,2929,0,696,39550,3245,3,52,1376,969,324,4,13517,7530,30289,0,0,654,8837,7661,11534,0,0,0,18,23,143,2,39417,31098,34362,2,0,0,316
293,9,5,1060747,benign,187,154,10844,0,7815,3028,1,2556,2852,0,688,38914,3154,3,53,1309,943,426,3,13581,7976,29677,0,0,640,8613,7422,11310,0,0,0,18,23,39,0,38973,30502,33746,2,0,0,317
294,2,30,1060756,benign,191,153,11155,0,8047,3094,1,2616,2929,0,696,39647,3245,3,52,1578,1171,426,3,13542,7783,30372,0,0,654,8841,7643,11521,0,0,0,18,24,39,0,39577,31019,34292,2,0,0,317
295,9,18,1060738,benign,187,152,11123,0,8012,3080,1,2616,2929,0,695,39597,3245,3,52,1540,753,426,3,13476,7647,30356,0,0,654,8862,7685,11555,0,0,0,18,24,39,0,39521,31419,34675,2,0,0,317
296,1,25,1060721,SDC,166,153,11137,0,8018,3078,1,2616,2929,0,691,39261,3245,3,53,1363,705,324,3,13440,7545,30283,0,0,654,8859,7672,11510,0,0,0,18,25,39,0,39166,30816,34060,2,0,0,317
297,4,24,1060755,benign,187,154,11085,0,7984,3073,1,2616,2929,0,693,39699,3245,3,53,1486,757,426,4,13721,7897,30318,0,0,654,8837,7643,11543,0,0,0,18,25,38,0,39495,31266,34497,2,0,0,317
298,7,17,1060761,benign,193,153,11102,0,7987,3080,1,2616,2929,0,696,39878,3245,3,53,1347,747,324,3,13415,7650,30253,0,0,654,8805,7671,11550,0,0,0,18,24,39,0,39315,30862,34141,2,0,0,317
299,9,6,1060764,benign,167,153,11135,0,8017,3084,1,2616,2929,0,698,39364,3245,3,53,1593,951,428,4,13417,7538,30307,0,0,654,8842,7649,11555,0,0,0,18,24,39,0,39521,30996,34252,2,0,0,317
300,5,16,1060747,benign,190,153,11113,0,8006,3087,1,2616,2929,0,687,39407,3245,3,53,1519,766,324,3,13569,7838,30295,0,0,654,8848,7690,11558,0,0,0,18,23,39,0,39708,31180,34457,2,0,0,317
301,10,14,1060759,benign,191,151,11096,0,7982,3077,1,2616,2930,0,686,39508,3245,3,52,1519,978,417,4,13799,8035,30480,0,0,654,8857,7668,11557,0,0,0,18,23,39,0,39492,30871,34166,2,0,0,317
302,5,21,1060748,benign,166,153,11143,0,8028,3087,1,2616,2929,0,707,39717,3245,3,53,1345,721,323,3,13232,7419,30314,0,0,654,8826,7634,11524,0,0,0,18,22,39,0,39322,30903,34139,2,0,0,316
303,4,13,1060754,benign,167,153,11122,0,8009,3083,1,2616,2929,0,695,39399,3245,3,52,1290,720,324,3,13324,7448,30367,0,0,654,8852,7682,11548,0,0,0,18,24,39,0,39079,30634,33897,2,0,0,317
304,4,13,1060723,benign,188,153,11103,0,7990,3086,1,2616,2929,0,697,39408,3245,3,52,1347,750,426,3,13533,7731,30391,0,0,654,8870,7654,11541,0,0,0,18,23,39,0,39346,31133,34502,2,0,0,317
305,7,7,1060752,benign,195,153,11144,0,8033,3089,1,2616,2929,0,718,39842,3245,3,53,1396,750,427,3,13909,7961,30408,0,0,654,8841,7635,11529,0,0,0,18,23,39,0,39394,30973,34449,2,0,0,317
306,6,10,1060760,benign,184,153,11137,0,8033,3079,1,2616,2929,0,687,39342,3245,3,52,1371,770,417,3,13687,7968,30303,0,0,654,8859,7671,11554,0,0,0,18,26,39,0,39519,30893,34378,2,0,0,317
307,10,13,1060765,benign,166,153,11133,0,8018,3087,1,2616,2929,0,697,39500,3245,3,52,1392,739,426,3,13218,7391,30342,0,0,654,8841,7684,11560,0,0,0,18,24,39,0,39404,30801,34029,2,0,0,317
308,1,1,1060745,benign,188,153,11118,0,7998,3086,1,2616,2929,0,708,40125,3245,3,53,1609,746,324,3,13609,7708,30391,0,0,654,8837,7681,11549,0,0,0,18,24,33,0,39298,31029,34274,2,0,0,317
309,10,16,1060754,benign,193,151,11147,0,8026,3092,1,2616,2929,0,702,39786,3245,3,52,1494,737,324,3,13633,7921,30416,0,0,654,8839,7661,11525,0,0,0,18,24,38,0,39717,31040,34290,2,0,0,317
310,10,9,1060752,benign,190,153,11141,0,8029,3084,1,2616,2929,0,694,39757,3245,3,53,1353,776,318,3,13762,7773,30277,0,0,654,8844,7651,11504,0,0,0,18,23,39,0,39716,31122,34382,2,0,0,317
311,10,12,1060765,benign,165,153,11112,0,8008,3092,1,2616,2929,0,697,39365,3245,3,52,1561,720,324,3,13312,7422,30323,0,0,654,8843,7683,11556,0,0,0,18,25,39,0,39179,30954,34316,2,0,0,317
312,6,30,1060753,benign,192,153,11112,0,8000,3072,1,2616,2929,0,711,39825,3245,3,53,1355,731,324,3,13638,7745,30396,0,0,654,8865,7681,11557,0,0,0,18,24,35,1,39551,31018,34256,2,0,0,317
313,2,17,1060739,benign,192,153,11133,0,8008,3085,1,2616,2929,0,693,39708,3245,3,52,1372,755,323,3,13615,7794,30350,0,0,654,8839,7695,11563,0,0,0,18,24,39,0,39536,31101,34384,2,0,0,317
314,10,2,1060756,benign,188,153,11129,0,8005,3080,1,2616,2929,0,708,39690,3245,3,52,1345,768,323,3,13909,8042,30319,0,0,654,8849,7686,11575,0,0,0,18,23,39,0,39374,31087,34355,2,0,0,317
315,8,21,1060741,benign,165,151,11147,0,8037,3080,1,2616,2930,0,693,39457,3245,3,52,1329,757,324,4,13251,7327,30272,0,0,654,8851,7677,11541,0,0,0,18,22,39,0,39577,30562,33811,2,0,0,317
316,5,30,1060742,benign,186,153,11137,0,8032,3089,1,2616,2929,0,699,39760,3245,3,52,1387,704,324,3,13603,7910,30456,0,0,654,8832,7681,11541,0,0,0,18,24,39,0,39489,31013,34280,2,0,0,317
317,6,23,1060762,benign,188,153,11132,0,8022,3079,1,2616,2929,0,684,39514,3245,3,53,1308,747,424,4,13811,8043,30477,0,0,654,8849,7684,11549,0,0,0,18,23,39,0,39633,31375,34645,2,0,0,317
318,6,5,1060732,benign,165,153,11119,0,8007,3080,1,2616,2929,0,708,39408,3245,3,52,1372,710,324,4,13457,7561,30296,0,0,654,8896,7725,11527,0,0,0,18,25,39,0,39480,30630,33871,2,0,0,317
319,1,1,1060738,benign,183,153,11130,0,8028,3089,1,2616,2929,0,693,39736,3245,3,53,1347,738,324,3,13755,7653,30290,0,0,654,8834,7672,11567,0,0,0,18,25,39,0,39493,30932,34156,2,0,0,317
320,1,30,1060763,benign,166,153,11141,0,8034,3091,1,2616,2929,0,701,39196,3245,3,52,1487,795,426,3,13454,7730,30292,0,0,654,8838,7667,11531,0,0,0,18,24,39,0,39230,30871,34348,2,0,0,317
321,7,13,1060720,benign,167,153,11115,0,8013,3080,1,2616,2929,0,688,39125,3245,3,52,1348,766,425,3,13311,7505,30372,0,0,654,8867,7666,11536,0,0,0,18,23,39,0,39370,30945,34376,2,0,0,317
0,9,8,1060721,benign,114,27,11165,0,8051,3086,1,2616,2929,0,702,39743,3245,3,53,1386,713,324,3,13953,7731,30338,0,0,654,8850,7687,11523,0,0,0,18,24,39,0,39537,31283,34520,2,0,0,317
1,3,5,1060730,benign,185,153,11117,0,8009,3087,1,2616,2929,0,698,39718,3245,3,51,1282,762,324,3,13867,7768,30384,0,0,654,8879,7684,11563,0,0,0,18,25,39,0,39538,30878,34128,2,0,0,317
2,8,11,1060752,benign,165,153,11133,0,8032,3083,1,2616,2929,0,695,39252,3245,3,52,1287,793,324,4,13242,7514,30301,0,0,654,8821,7675,11535,0,0,0,18,22,39,0,39232,30777,34043,2,0,0,317
3,5,24,1060727,benign,186,153,11148,0,8027,3088,1,2616,2929,0,694,39574,3245,3,52,1366,734,426,3,13547,7695,30377,0,0,654,8839,7698,11558,0,0,0,18,23,34,0,39470,31287,34543,2,0,0,317
4,9,4,1060761,benign,190,151,11136,0,8021,3073,1,2616,2929,0,701,39528,3245,3,52,1357,1023,425,3,13575,7753,30361,0,0,654,8868,7685,11567,0,0,0,18,24,39,0,39491,30799,34343,2,0,0,317
5,5,17,1060759,benign,193,153,11132,0,8018,3093,1,2616,2929,0,693,39697,3245,3,52,1425,761,323,3,13907,7858,30276,0,0,654,8874,7671,11537,0,0,0,18,23,141,2,39865,31060,34446,2,0,0,317
6,4,8,1060751,benign,192,154,11115,1,8003,3082,1,2616,2929,0,677,39547,3245,3,52,1809,841,324,3,13642,7870,30420,0,0,654,8838,7648,11548,0,0,0,18,23,142,2,39886,30914,34172,3,0,0,317
7,9,12,1060724,benign,165,153,11135,0,8023,3077,1,2616,2929,0,700,39325,3245,3,53,1477,745,324,3,13303,7464,30347,0,0,654,8856,7659,11519,0,0,0,18,23,39,0,39219,30577,33841,2,0,0,317
8,4,1,1060755,benign,191,154,11129,1,8021,3085,1,2616,2929,0,685,39511,3245,3,52,1361,695,434,3,13870,7844,30414,0,0,654,8835,7672,11540,0,0,0,18,23,47,2,39480,31313,34602,3,0,0,317
9,7,5,1060752,benign,167,153,11159,0,8040,3083,1,2616,2929,0,704,39782,3245,3,52,1339,770,324,3,13385,7704,30288,0,0,654,8845,7649,11526,0,0,0,19,26,143,2,39510,30871,34120,2,0,0,317
10,1,6,1060759,benign,184,153,11139,0,8030,3089,1,2616,2929,0,708,39629,3245,3,52,1486,980,417,3,13550,7652,30400,0,0,654,8856,7697,11590,0,0,0,18,24,39,0,39316,30802,34065,2,0,0,317
11,5,1,1060724,benign,166,153,11126,0,8028,3082,1,2616,2929,0,697,39530,3245,3,52,1505,789,324,3,13246,7529,30354,0,0,654,8875,7662,11516,0,0,0,18,23,39,0,39377,31039,34335,2,0,0,317
12,7,27,1060739,benign,187,153,11139,0,8022,3090,1,2616,2929,0,689,39512,3245,3,52,1352,875,324,3,13692,7820,30423,0,0,654,8855,7680,11545,0,0,0,18,23,39,0,39573,31038,34291,2,0,0,317
13,7,2,1060739,benign,190,153,11134,0,8030,3087,1,2616,2929,0,683,39544,3245,3,52,1510,729,324,3,13692,7830,30326,0,0,654,8844,7691,11554,0,0,0,18,22,39,0,39516,31121,34369,2,0,0,317
14,4,18,1060749,benign,190,153,11159,0,8049,3085,1,2616,2929,0,691,39590,3245,3,52,1412,937,425,4,13823,8154,30422,0,0,654,8853,7643,11508,0,0,0,18,23,39,0,39638,30942,34199,2,0,0,317
15,4,22,1060755,benign,193,153,11093,0,7982,3085,1,2616,2929,0,701,39861,3245,3,51,1337,718,323,4,13879,8018,30345,0,0,654,8858,7641,11551,0,0,0,18,24,39,0,39446,31117,34465,2,0,0,317
16,9,21,1060765,benign,184,153,11152,0,8034,3088,1,2616,2929,0,695,39426,3245,3,52,1286,794,324,3,13447,7854,30300,0,0,654,8836,7655,11573,0,0,0,18,24,39,0,39527,30888,34114,2,0,0,317
17,1,13,1060748,benign,167,153,11133,0,8017,3084,1,2616,2929,0,705,39360,3245,3,52,1380,735,324,3,13369,7485,30318,0,0,654,8846,7674,11566,0,0,0,18,25,39,0,39784,30924,34196,2,0,0,317
18,3,5,1060766,benign,188,154,11136,0,8026,3082,1,2616,2929,0,696,39499,3245,3,53,1396,926,324,3,13626,7836,30400,0,0,654,8855,7674,11557,0,0,0,18,24,39,0,39268,31171,34520,2,0,0,317
19,9,11,1060761,benign,195,153,11119,0,8008,3077,1,2616,2929,0,682,39387,3245,3,52,1428,758,324,3,13681,7844,30384,0,0,654,8832,7670,11545,0,0,0,18,23,39,0,39578,30924,34196,2,0,0,317
20,3,26,1060721,benign,184,153,11134,0,8025,3091,1,2616,2929,0,698,39662,3245,3,52,1320,790,324,4,13558,7769,30335,0,0,654,8827,7685,11554,0,0,0,18,24,39,0,39686,31021,34461,2,0,0,317
21,5,6,1060731,benign,194,153,11155,0,8042,3084,1,2616,2929,0,691,39414,3245,3,53,1388,731,419,3,13505,7666,30328,0,0,654,8865,7659,11537,0,0,0,18,24,39,0,39765,31172,34628,2,0,0,317
22,2,7,1060761,benign,184,151,11149,0,8029,3079,1,2616,2929,0,686,39470,3245,3,52,1345,750,324,3,13547,7761,30430,0,0,654,8843,7653,11523,0,0,0,19,27,146,2,39952,30930,34166,2,0,0,317
23,4,11,1060726,benign,192,153,11140,0,8028,3089,1,2616,2929,0,705,39786,3245,3,52,1529,760,324,3,13601,7729,30267,0,0,654,8806,7655,11545,0,0,0,18,25,39,0,39501,30831,34114,2,0,0,317
24,10,17,1060721,benign,187,153,11116,0,8008,3088,1,2616,2929,0,699,39988,3245,3,52,1433,752,426,4,13370,7566,30332,0,0,654,8861,7666,11535,0,0,0,18,22,39,0,39612,31143,34407,2,0,0,317
25,4,29,1060726,benign,190,153,11144,0,8034,3092,1,2616,2929,0,698,39914,3245,3,51,1506,760,324,3,13707,7824,30396,0,0,654,8856,7660,11539,0,0,0,18,21,39,0,39670,31151,34395,2,0,0,317
26,1,31,1060731,SDC,187,154,10874,0,7846,3025,1,2548,2847,2,683,38898,3147,3,53,1313,958,324,3,13336,7504,29570,0,0,638,8595,7413,11277,0,0,0,18,23,38,0,38657,30297,33583,2,0,0,317
27,7,10,1060722,benign,182,153,11121,0,8007,3080,1,2616,2929,0,689,39523,3245,3,52,1496,732,324,3,13989,8226,30398,0,0,654,8840,7639,11544,0,0,0,18,23,39,0,39610,30964,34372,2,0,0,317
28,9,6,1060764,benign,167,153,11096,0,7981,3080,1,2616,2929,0,694,39426,3245,3,53,1529,725,324,3,13461,7759,30425,0,0,654,8832,7682,11551,0,0,0,18,24,39,0,39225,30778,34063,2,0,0,317
29,1,16,1060765,benign,188,151,11143,0,8034,3092,1,2616,2929,0,683,39554,3245,3,52,1392,762,426,4,13787,7909,30352,0,0,654,8832,7694,11581,0,0,0,18,22,143,2,39781,31060,34344,2,0,0,317
30,5,25,1060734,benign,198,153,11153,0,8039,3084,1,2616,2929,0,694,39803,3245,3,52,1488,796,324,4,13663,7753,30415,0,0,654,8817,7672,11577,0,0,0,18,22,39,0,39237,31251,34558,2,0,0,317
31,3,18,1060750,benign,184,154,11140,0,8028,3078,1,2616,2929,0,708,39606,3245,3,54,1376,743,424,4,13543,7618,30371,0,0,654,8833,7637,11530,0,0,0,18,25,39,0,39728,31087,34570,2,0,0,317
32,7,30,1060763,benign,183,153,11164,0,8047,3094,1,2616,2929,0,691,39560,3245,3,52,1565,725,416,4,13647,7811,30297,0,0,654,8852,7677,11550,0,0,0,18,23,39,0,39585,31031,34312,2,0,0,317
33,9,3,1060758,benign,191,153,11131,0,8012,3067,1,2616,2929,0,690,39452,3245,3,52,1356,964,323,3,13608,7789,30395,0,0,654,8854,7683,11523,0,0,0,18,24,140,2,39779,31241,34573,2,0,0,317
34,10,29,1060737,benign,193,153,11131,0,8023,3086,1,2616,2929,0,685,39440,3245,3,52,1370,774,324,3,13617,7851,30339,0,0,654,8830,7665,11554,0,0,0,18,23,39,0,39387,30932,34382,2,0,0,317
35,5,13,1060732,benign,164,151,11119,0,8014,3088,1,2616,2929,0,687,39152,3245,3,52,1485,733,426,3,13465,7586,30350,0,0,654,8850,7650,11532,0,0,0,18,23,33,0,39609,31067,34441,2,0,0,317
36,8,20,1060721,benign,187,153,11144,0,8034,3090,1,2616,2929,0,692,39540,3245,3,53,1352,748,324,3,13700,7937,30350,0,0,654,8902,7745,11568,0,0,0,18,24,39,0,39558,31064,34314,2,0,0,317
37,6,8,1060768,benign,167,153,11114,0,7999,3076,1,2616,2929,0,695,39354,3245,3,53,1577,661,324,4,13486,7754,30391,0,0,654,8858,7650,11527,0,0,0,18,24,39,0,39152,30749,34069,2,0,0,317
38,6,14,1060735,benign,187,153,11123,0,8009,3080,1,2616,2929,0,715,39767,3245,3,52,1336,787,425,4,13773,8039,30362,0,0,654,8854,7695,11573,0,0,0,18,23,39,0,39517,31014,34230,2,0,0,317
39,1,5,1060747,benign,188,153,11143,0,8021,3090,1,2616,2929,0,703,39592,3245,3,52,1355,710,324,4,13629,7837,30307,0,0,654,8842,7698,11564,0,0,0,18,24,39,0,39321,31175,34446,2,0,0,317
40,5,4,1060721,benign,185,153,11114,0,8002,3087,1,2616,2929,0,691,39315,3245,3,52,1319,789,428,3,13489,7732,30298,0,0,654,8838,7646,11534,0,0,0,18,23,141,2,39786,30899,34160,2,0,0,317
41,9,25,1060754,benign,182,153,11136,0,8024,3082,1,2616,2929,0,696,39845,3245,3,52,1541,761,424,3,13392,7592,30357,0,0,654,8844,7680,11577,0,0,0,18,24,39,0,39671,31325,34754,2,0,0,317
42,2,31,1060736,benign,169,153,11147,0,8032,3085,1,2616,2929,0,693,39386,3245,3,53,1443,781,417,3,13222,7366,30331,0,0,654,8853,7657,11517,0,0,0,18,24,39,0,39338,30900,34141,2,0,0,317
43,10,2,1060727,benign,186,151,11130,0,8031,3080,1,2616,2929,0,694,39639,3245,3,52,1343,702,426,3,13546,7859,30391,0,0,654,8853,7657,11572,0,0,0,18,24,39,0,39713,31242,34515,2,0,0,317
44,6,2,1060739,benign,197,151,11120,0,8011,3087,1,2616,2929,0,707,39730,3245,3,52,1299,1001,324,4,13571,7737,30405,0,0,654,8864,7665,11521,0,0,0,18,24,39,0,39595,31147,34398,2,0,0,316
45,10,8,1060738,benign,198,153,11142,0,8036,3086,1,2616,2930,0,704,39777,3245,3,52,1308,735,324,3,13788,8064,30362,0,0,654,8849,7667,11557,0,0,0,18,23,39,0,39849,31217,34454,2,0,0,317
46,7,24,1060763,benign,188,153,11098,0,7997,3079,1,2616,2929,0,694,39946,3245,3,52,1357,774,428,3,13691,7671,30355,0,0,654,8836,7650,11541,0,0,0,18,24,141,2,39715,31013,34241,2,0,0,317
47,3,16,1060751,benign,192,154,11076,0,7981,3084,1,2616,2929,0,688,39391,3245,3,54,1376,725,323,3,13509,7735,30379,0,0,654,8835,7660,11535,0,0,0,18,24,39,0,39584,31041,34289,2,0,0,317
48,10,24,1060741,benign,194,153,11127,0,8011,3082,1,2616,2930,0,697,39831,3245,3,52,1401,1085,324,3,13534,7721,30291,0,0,654,8865,7655,11521,0,0,0,18,22,38,0,39683,31137,34372,2,0,0,317
49,2,21,1060729,benign,198,153,11155,0,8042,3091,1,2616,2929,0,696,39634,3245,3,53,1410,763,324,3,13640,7980,30369,0,0,654,8833,7656,11540,0,0,0,18,24,39,0,39437,30824,34231,2,0,0,317
50,2,0,1060724,benign,166,153,11141,0,8023,3088,1,2616,2929,0,693,39383,3245,3,53,1362,724,324,3,13456,7420,30303,0,0,654,8863,7679,11539,0,0,0,18,25,39,0,39419,30691,33958,2,0,0,317
51,1,9,1060732,benign,168,153,11161,0,8046,3087,1,2616,2929,0,685,39097,3245,3,52,1366,738,324,4,13572,7548,30338,0,0,654,8826,7627,11492,0,0,0,18,23,39,0,39491,31012,34257,2,0,0,317
52,2,5,1060738,benign,196,153,11130,0,8025,3088,1,2616,2929,0,703,39661,3245,3,52,1352,786,324,4,13587,7718,30290,0,0,654,8853,7675,11529,0,0,0,18,24,39,0,39710,31048,34460,2,0,0,317
53,10,5,1060740,benign,168,153,11141,0,8023,3088,1,2616,2929,0,694,39399,3245,3,52,1358,759,324,3,13544,7543,30377,0,0,654,8864,7650,11491,0,0,0,18,23,34,2,39236,30572,33830,2,0,0,317
54,4,31,1060747,benign,187,151,11109,0,7999,3078,1,2616,2929,0,702,39813,3245,3,51,1373,975,324,3,13854,7907,30353,0,0,654,8843,7660,11532,0,0,0,18,22,39,0,39342,30964,34233,2,0,0,317
55,3,27,1060765,benign,187,151,11111,0,8004,3082,1,2616,2929,0,698,39755,3245,3,52,1346,970,324,3,13594,7898,30427,0,0,654,8835,7687,11561,0,0,0,18,25,39,0,39350,31122,34416,2,0,0,317
57,7,17,1060729,benign,165,153,11143,0,8028,3096,1,2616,2929,0,694,39514,3245,3,51,1347,707,427,3,13245,7445,30337,0,0,654,8847,7656,11552,0,0,0,18,23,39,0,39119,30978,34272,2,0,0,317
58,8,15,1060720,benign,188,153,11123,0,8015,3089,1,2616,2929,0,697,39730,3245,3,52,1370,774,324,3,13539,7697,30382,0,0,654,8840,7693,11590,0,0,0,18,22,39,0,39446,31009,34299,2,0,0,317
0,1,14,1060728,crash/hangs,-,-,-,-,-,-,-,-,-,-,-,-,-,-,-,-,-,-,-,-,-,-,-,-,-,-,-,-,-,-,-,-,-,-,-,-,-,-,-,-,-,-
1,3,15,1060750,benign,111,28,11144,0,8051,3088,1,2616,2929,0,696,39390,3245,3,52,1348,934,324,3,13505,7688,30282,0,0,654,8844,7631,11523,0,0,0,18,24,39,0,39492,31054,34388,2,0,0,317
2,7,14,1060754,benign,183,153,11127,0,8016,3081,1,2616,2929,0,698,39774,3245,3,52,1344,720,324,4,13461,7579,30231,0,0,654,8861,7673,11542,0,0,0,18,24,39,0,39485,31092,34342,2,0,0,316
3,6,29,1060753,benign,199,153,11141,0,8040,3092,1,2616,2929,0,696,39433,3245,3,52,1574,734,425,3,13596,7766,30362,0,0,654,8848,7658,11512,0,0,0,18,23,39,0,39874,30976,34235,2,0,0,317
4,3,11,1060742,SDC,186,152,10805,0,7803,3022,1,2548,2847,0,685,38840,3147,3,53,1354,738,323,4,13387,7609,29629,0,0,638,8585,7438,11315,0,0,0,18,23,39,0,39177,30352,33620,2,0,0,317
5,7,16,1060729,benign,192,153,11150,0,8037,3081,1,2616,2929,0,693,39764,3245,3,52,1339,907,425,3,13480,7665,30435,0,0,654,8875,7664,11545,0,0,0,18,24,39,0,39686,30915,34183,2,0,0,317
6,10,18,1060731,benign,190,153,11102,0,7998,3082,1,2616,2929,0,692,39480,3245,3,52,1357,708,324,3,13792,8099,30452,0,0,654,8857,7654,11525,0,0,0,18,25,39,0,39648,30889,34157,2,0,0,317
7,2,24,1060755,benign,183,153,11150,0,8037,3076,1,2616,2929,0,686,39554,3245,3,52,1337,795,426,3,13790,7831,30363,0,0,654,8861,7652,11515,0,0,0,18,24,39,0,39560,31085,34396,2,0,0,317
8,10,31,1060750,benign,191,153,11121,0,8011,3078,1,2616,2929,0,713,39649,3245,3,53,1360,735,425,3,13773,7992,30321,0,0,654,8846,7712,11553,0,0,0,18,23,143,2,39630,31059,34374,2,0,0,317
9,10,28,1060753,benign,189,151,11111,0,8004,3079,1,2616,2929,0,701,39687,3245,3,52,1422,721,425,4,13661,7985,30322,0,0,654,8840,7658,11524,0,0,0,18,25,39,0,39447,31275,34711,2,0,0,317
10,3,14,1060729,benign,195,151,11122,0,8011,3078,1,2616,2929,0,695,39695,3245,3,52,1598,899,324,3,13637,7600,30360,0,0,654,8843,7655,11545,0,0,0,18,25,39,0,39544,31106,34559,2,0,0,317
11,1,5,1060762,benign,185,153,11132,0,8025,3078,1,2616,2929,0,691,39398,3245,3,52,1580,729,426,3,13737,7936,30412,0,0,654,8857,7681,11555,0,0,0,18,24,132,2,39958,31075,34458,2,0,0,317
12,6,11,1060733,benign,183,151,11125,0,8015,3084,1,2616,2930,0,700,39444,3245,3,52,1522,777,324,4,13463,7610,30290,0,0,654,8840,7645,11536,0,0,0,18,22,39,0,39527,30952,34195,2,0,0,317
13,9,9,1060746,benign,191,153,11130,0,8014,3084,1,2616,2929,0,691,39390,3245,3,52,1375,968,324,4,13605,7806,30329,0,0,654,8839,7678,11584,0,0,0,18,23,38,0,39715,30977,34245,2,0,0,317
14,10,7,1060724,benign,165,151,11135,0,8024,3082,1,2616,2929,0,694,39466,3245,3,52,1489,787,324,3,13353,7549,30346,0,0,654,8876,7661,11539,0,0,0,18,23,275,2,39418,30946,34175,2,0,0,316
15,6,30,1060748,benign,167,153,11103,0,7998,3095,1,2616,2929,0,686,39273,3245,3,53,1585,722,423,3,13211,7379,30332,0,0,654,8829,7657,11548,0,0,0,18,23,39,0,39559,31042,34303,2,0,0,317
16,7,28,1060752,benign,168,153,11099,0,7994,3086,1,2616,2929,0,694,39403,3245,3,52,1298,775,324,3,13561,7619,30368,0,0,654,8854,7668,11532,0,0,0,18,25,39,0,39140,30799,34079,2,0,0,317
17,8,24,1060745,benign,185,153,11139,0,8032,3095,1,2616,2929,0,692,39767,3245,3,52,1390,711,324,3,13731,7908,30379,0,0,654,8854,7699,11587,0,0,0,18,23,39,0,39557,30950,34214,2,0,0,317
18,9,5,1060763,benign,183,153,11115,0,8010,3090,1,2616,2929,0,689,39316,3245,3,52,1380,740,420,3,13352,7565,30319,0,0,654,8827,7614,11498,0,0,0,18,21,141,2,39809,30991,34272,2,0,0,317
19,8,17,1060758,benign,198,151,11132,0,8022,3079,1,2616,2929,0,697,39622,3245,3,52,1359,779,324,4,13372,7562,30260,0,0,654,8861,7671,11544,0,0,0,18,23,39,0,39525,31319,34586,2,0,0,317
20,7,24,1060760,benign,166,153,11140,0,8027,3083,1,2616,2929,0,682,39316,3245,3,53,1340,882,324,3,13507,7444,30381,0,0,654,8855,7694,11588,0,0,0,18,23,39,0,39224,30945,34232,2,0,0,317
21,1,14,1060750,benign,186,153,11120,0,8019,3086,1,2616,2929,0,699,39594,3245,3,52,1555,696,324,3,13834,8019,30359,0,0,654,8831,7646,11554,0,0,0,18,22,38,0,39270,31393,34660,2,0,0,317
22,1,21,1060766,benign,181,153,11152,0,8044,3083,1,2616,2929,0,698,39560,3245,3,53,1337,745,324,3,13803,7808,30400,0,0,654,8839,7673,11532,0,0,0,18,24,39,0,39397,30999,34247,2,0,0,317
23,8,29,1060760,benign,167,153,11085,0,7983,3081,1,2616,2929,0,714,39610,3245,3,52,1337,942,324,3,13345,7634,30396,0,0,654,8882,7660,11540,0,0,0,18,23,39,0,39233,30851,34143,2,0,0,317
24,6,14,1060763,benign,197,153,11130,0,8015,3081,1,2616,2929,0,701,39840,3245,3,52,1344,783,375,3,13495,7729,30362,0,0,654,8847,7671,11520,0,0,0,18,23,39,0,39306,31009,34278,2,0,0,317
25,9,2,1060756,benign,165,151,11124,0,8012,3080,1,2616,2929,0,683,39141,3245,3,53,1440,686,422,3,13476,7543,30403,0,0,654,8873,7677,11574,0,0,0,18,24,142,2,39323,30607,34126,2,0,0,317
26,7,14,1060764,benign,168,153,11151,0,8042,3085,1,2616,2929,0,692,39470,3245,3,53,1502,718,324,3,13413,7348,30293,0,0,654,8848,7682,11559,0,0,0,18,24,39,0,39480,31008,34279,2,0,0,317
27,2,23,1060756,benign,166,153,11133,0,8023,3081,1,2616,2929,0,699,39461,3245,3,53,1321,748,324,4,13476,7732,30317,0,0,654,8810,7688,11553,0,0,0,18,24,39,0,39150,30657,34124,2,0,0,317
28,2,3,1060753,benign,185,154,11125,0,8022,3087,1,2616,2930,0,692,39616,3245,3,52,1324,983,324,4,13485,7612,30331,0,0,654,8861,7688,11570,0,0,0,18,24,39,0,39643,31051,34294,2,0,0,317
29,10,20,1060748,benign,168,153,11139,0,8024,3091,1,2616,2929,0,695,39490,3245,3,52,1465,679,425,3,13238,7554,30372,0,0,654,8848,7687,11561,0,0,0,18,24,132,2,39257,30972,34218,2,0,0,317
30,6,31,1060720,benign,165,153,11156,0,8045,3094,1,2616,2929,0,692,39444,3245,3,52,1340,880,324,4,13257,7395,30379,0,0,654,8845,7637,11549,0,0,0,18,22,141,2,39370,30725,34235,2,0,0,317
31,9,7,1060746,benign,194,153,11140,0,8022,3087,1,2616,2929,0,686,39412,3245,3,52,1531,721,324,3,13661,7878,30362,0,0,654,8844,7677,11574,0,0,0,18,24,39,0,39702,30936,34195,2,0,0,317
32,4,15,1060747,benign,185,153,11150,0,8036,3084,1,2616,2929,0,709,39495,3245,3,53,1334,763,324,3,13401,7676,30310,0,0,654,8848,7657,11556,0,0,0,19,24,275,2,39941,30978,34241,2,0,0,317
33,3,31,1060722,benign,183,153,11161,0,8045,3088,1,2616,2929,0,705,39842,3245,3,52,1318,942,324,3,13759,8026,30335,0,0,654,8840,7673,11549,0,0,0,18,24,141,2,39807,31109,34538,2,0,0,316
34,1,18,1060739,benign,184,153,11116,0,8009,3080,1,2616,2929,0,699,39546,3245,3,53,1388,958,426,4,13766,7690,30360,0,0,654,8833,7612,11513,0,0,0,18,24,39,0,39401,31164,34652,2,0,0,317
35,6,28,1060765,benign,184,151,11124,0,8017,3084,1,2616,2929,0,696,39904,3245,3,53,1353,736,324,3,13873,7964,30358,0,0,654,8826,7658,11490,0,0,0,18,23,39,0,39407,31070,34316,2,0,0,317
36,2,4,1060728,benign,166,151,11116,0,8002,3082,1,2616,2929,0,686,39236,3245,3,52,1303,785,324,4,13473,7519,30326,0,0,654,8845,7649,11512,0,0,0,18,24,39,0,39149,30885,34146,2,0,0,317
37,2,9,1060736,benign,166,153,11131,0,8023,3084,1,2616,2929,0,694,39400,3245,3,53,1555,763,426,3,13339,7628,30383,0,0,654,8818,7676,11539,0,0,0,18,24,39,0,39401,30933,34214,2,0,0,316
38,8,13,1060746,benign,183,153,11133,0,8029,3086,1,2616,2929,0,681,39658,3245,3,52,1353,772,324,3,13591,7768,30371,0,0,654,8843,7676,11554,0,0,0,18,23,39,0,39386,31221,34541,2,0,0,317
39,5,29,1060742,benign,188,153,11118,0,7998,3083,1,2616,2929,0,693,39361,3245,3,52,1380,1121,428,3,13763,8002,30291,0,0,654,8857,7675,11542,0,0,0,18,23,141,2,39600,31116,34380,2,0,0,317
41,3,2,1060760,benign,199,153,11121,0,8010,3081,1,2616,2929,0,703,39576,3245,3,52,1597,707,424,3,13489,7685,30320,0,0,654,8843,7717,11589,0,0,0,18,25,39,0,39484,30999,34372,2,0,0,317
42,2,27,1060766,benign,184,153,11114,0,7996,3073,1,2616,2929,0,693,39564,3245,3,51,1579,759,324,3,13523,7774,30385,0,0,654,8864,7671,11559,0,0,0,18,23,39,0,39558,31046,34448,2,0,0,317
43,4,26,1060747,benign,167,153,11098,0,7993,3081,1,2616,2929,0,708,39340,3245,3,52,1372,975,428,4,13262,7496,30215,0,0,654,8833,7668,11545,0,0,0,18,23,39,0,39307,30798,34089,2,0,0,317
44,4,31,1060756,benign,190,153,11127,0,8011,3079,1,2616,2929,0,689,39698,3245,3,52,1546,773,324,3,13648,7912,30332,0,0,654,8857,7665,11551,0,0,0,18,22,39,0,39851,31265,34709,2,0,0,317
0,8,7,1060750,benign,119,27,11157,0,8050,3089,1,2616,2929,0,698,39612,3245,3,52,1359,802,427,4,13886,8105,30420,0,0,654,8865,7704,11598,0,0,0,18,25,39,0,39367,30859,34110,2,0,0,317
1,9,11,1060720,benign,163,151,11140,0,8028,3081,1,2616,2929,0,689,39337,3245,3,52,1653,719,324,3,13337,7513,30201,0,0,654,8839,7665,11506,0,0,0,18,25,39,0,39168,30963,34175,2,0,0,317
2,5,10,1060731,benign,184,153,11125,0,8010,3076,1,2616,2929,0,695,39350,3245,3,52,1551,689,427,4,13458,7616,30292,0,0,654,8820,7666,11572,0,0,0,18,22,38,0,39253,31272,34484,2,0,0,317
3,3,19,1060750,benign,191,154,11137,0,8029,3082,1,2616,2929,1,692,39458,3245,3,52,1386,978,324,3,13570,7745,30304,0,0,654,8851,7686,11559,0,0,0,18,24,39,0,39418,31071,34527,2,0,0,317
4,7,2,1060731,benign,200,153,11104,0,7998,3087,1,2616,2929,0,695,39814,3245,3,52,1363,808,426,3,13541,7693,30349,0,0,654,8815,7687,11560,0,0,0,18,24,39,0,39609,30923,34177,2,0,0,317
5,10,3,1060740,benign,166,153,11171,0,8047,3096,1,2616,2929,0,691,39440,3245,3,53,1365,797,324,3,13315,7521,30353,0,0,654,8843,7683,11562,0,0,0,18,23,39,0,39726,30844,34090,2,0,0,317
6,5,24,1060733,benign,197,153,11133,0,8022,3082,1,2616,2930,0,691,39672,3245,3,52,1314,979,324,3,13573,7851,30275,0,0,654,8831,7667,11552,0,0,0,18,24,39,0,39494,30826,34149,2,0,0,317
7,6,5,1060744,benign,167,153,11131,0,8023,3079,1,2616,2929,0,698,39651,3245,3,52,1506,949,324,3,13284,7444,30329,0,0,654,8850,7682,11556,0,0,0,18,25,39,0,39413,30805,34072,2,0,0,317
8,10,22,1060731,benign,186,153,11138,0,8021,3085,1,2616,2929,0,680,39643,3245,3,52,1622,817,426,3,13620,7800,30391,0,0,654,8837,7677,11561,0,0,0,18,25,39,0,39688,30823,34259,2,0,0,317
9,10,18,1060742,benign,188,153,11128,0,8011,3089,1,2616,2929,0,682,39369,3245,3,52,1606,646,417,4,13653,7836,30369,0,0,654,8852,7671,11535,0,0,0,18,24,39,0,39820,31225,34506,2,0,0,317
10,4,9,1060744,benign,167,153,11107,1,7999,3086,1,2616,2929,0,703,39360,3245,3,51,1340,792,324,3,13441,7461,30269,0,0,654,8839,7659,11510,0,0,0,18,23,39,0,39469,30955,34241,3,0,0,317
11,8,25,1060746,benign,189,153,11117,0,8015,3081,1,2616,2929,0,692,39519,3245,3,52,1595,747,426,3,13838,7803,30441,0,0,654,8850,7671,11581,0,0,0,19,28,41,0,39266,30957,34386,2,0,0,317
12,2,25,1060725,benign,192,151,11154,0,8042,3078,1,2616,2930,0,700,39691,3245,3,52,1292,932,324,3,13530,7852,30378,0,0,654,8829,7632,11531,0,0,0,18,25,38,0,39566,31000,34241,2,0,0,317
13,3,5,1060755,benign,185,153,11127,0,8012,3086,1,2616,2929,0,695,39375,3245,3,52,1506,753,426,3,13842,7899,30361,0,0,654,8823,7679,11574,0,0,0,18,24,39,0,39808,31003,34289,2,0,0,317
14,1,10,1060744,benign,166,151,11145,0,8031,3087,1,2616,2930,0,696,39359,3245,3,53,1379,751,426,3,13241,7450,30251,0,0,654,8841,7688,11592,0,0,0,18,24,38,0,39459,30916,34172,2,0,0,317
15,3,25,1060730,benign,187,151,11101,0,7990,3078,1,2616,2929,0,694,39435,3245,3,53,1494,749,324,3,13508,7760,30261,0,0,654,8844,7654,11490,0,0,0,18,22,39,0,39275,30961,34188,2,0,0,317
16,5,21,1060736,benign,167,151,11113,0,7999,3085,1,2616,2929,0,683,39261,3245,3,52,1349,714,324,3,13467,7787,30341,0,0,654,8848,7646,11507,0,0,0,18,23,39,0,39132,30746,34201,2,0,0,317
17,10,21,1060727,benign,184,153,11114,0,8006,3082,1,2616,2929,0,704,39547,3245,3,52,1331,740,324,4,13535,7686,30356,0,0,654,8844,7683,11560,0,0,0,18,23,39,0,39511,31251,34540,2,0,0,317
18,5,25,1060736,benign,166,151,11158,0,8042,3093,1,2616,2929,0,693,39366,3245,3,53,1306,743,324,3,13514,7713,30356,0,0,654,8847,7671,11529,0,0,0,18,25,39,0,39128,30647,33903,2,0,0,317
19,1,13,1060754,benign,199,151,11135,0,8021,3080,1,2616,2929,0,698,39831,3245,3,52,1514,759,324,3,13364,7562,30270,0,0,654,8838,7662,11579,0,0,0,18,24,39,0,39382,30826,34078,2,0,0,317
20,1,25,1060745,benign,199,153,11096,0,7988,3088,1,2616,2929,0,692,39693,3245,3,52,1370,800,324,4,13590,7719,30400,0,0,654,8858,7622,11557,0,0,0,18,22,39,0,39404,30941,34172,2,0,0,317
21,10,21,1060753,benign,184,153,11138,0,8021,3087,1,2616,2929,0,691,39645,3245,3,53,1350,721,426,3,13913,8218,30404,0,0,654,8851,7679,11548,0,0,0,18,23,39,0,39294,31182,34459,2,0,0,317
22,8,21,1060742,benign,188,153,11149,0,8033,3092,1,2616,2929,0,708,39725,3245,3,53,1569,736,324,4,13577,7843,30406,0,0,654,8850,7672,11560,0,0,0,18,25,39,0,39664,31070,34384,2,0,0,316
23,10,11,1060737,benign,201,153,11132,0,8010,3080,1,2616,2929,0,696,39699,3245,3,52,1570,706,426,3,13670,7985,30478,0,0,654,8829,7671,11557,0,0,0,18,24,39,0,39543,31109,34565,2,0,0,317
24,1,3,1060744,benign,169,153,11122,0,8020,3085,1,2616,2930,0,692,39636,3245,3,52,1375,772,319,4,13217,7338,30322,0,0,654,8866,7678,11544,0,0,0,18,25,39,0,39512,30914,34188,2,0,0,317
25,8,16,1060763,benign,187,153,11139,0,8033,3081,1,2616,2929,0,710,39773,3245,3,52,1321,766,426,3,13792,7644,30348,0,0,654,8868,7669,11535,0,0,0,18,24,39,0,39409,30983,34244,2,0,0,317
26,7,30,1060763,benign,189,151,11150,0,8031,3091,1,2616,2929,0,706,39567,3245,3,54,1531,723,324,4,13728,7900,30275,0,0,654,8852,7681,11557,0,0,0,18,23,39,0,39868,31081,34573,2,0,0,317
27,7,3,1060724,benign,165,153,11144,0,8026,3091,1,2616,2929,0,699,39337,3245,3,52,1335,758,323,3,13387,7530,30387,0,0,654,8858,7671,11546,0,0,0,18,25,39,0,39476,30735,34012,2,0,0,317
28,2,23,1060765,benign,191,153,11112,0,8003,3081,1,2616,2929,0,704,39621,3245,3,52,1558,791,324,3,13700,7885,30406,0,0,654,8848,7680,11577,0,0,0,18,23,39,0,39560,31149,34400,2,0,0,317
29,2,1,1060751,benign,195,153,11124,0,8012,3083,1,2616,2929,0,698,39478,3245,3,52,1346,750,324,4,13622,7850,30402,0,0,654,8830,7685,11532,0,0,0,18,23,143,2,39760,30974,34298,2,0,0,317
30,2,19,1060732,benign,165,151,11129,0,8018,3080,1,2616,2929,0,693,39483,3245,3,52,1357,755,324,3,13243,7356,30336,0,0,654,8863,7646,11519,0,0,0,18,22,39,0,39146,30731,34104,2,0,0,317
31,1,6,1060749,benign,186,151,11113,0,8000,3073,1,2616,2929,0,696,39621,3245,3,53,1356,771,426,3,13648,7862,30307,0,0,654,8864,7673,11544,0,0,0,18,24,39,0,39221,31040,34327,2,0,0,317
32,6,16,1060741,benign,191,153,11097,0,7994,3084,1,2616,2930,0,695,39833,3245,3,53,1560,756,324,3,13599,7639,30396,0,0,654,8840,7667,11544,0,0,0,18,24,39,0,39539,31359,34812,2,0,0,317
33,8,20,1060764,benign,165,153,11133,0,8028,3090,1,2616,2929,0,684,39499,3245,3,51,1568,713,324,3,13402,7519,30306,0,0,654,8843,7677,11546,0,0,0,18,22,38,0,39328,30797,34083,2,0,0,317
34,6,30,1060759,benign,193,153,11119,0,8004,3079,1,2616,2929,0,691,39713,3245,3,52,1344,955,324,4,13642,7700,30358,0,0,654,8853,7640,11525,0,0,0,18,23,39,0,39565,31114,34358,2,0,0,317
35,10,24,1060743,benign,183,153,11119,0,8010,3085,1,2616,2929,0,712,40054,3245,3,52,1334,939,324,3,13464,7709,30255,0,0,654,8839,7702,11558,0,0,0,18,23,39,0,39258,31132,34548,2,0,0,317
36,5,24,1060768,benign,166,153,11152,0,8042,3083,1,2616,2929,0,699,39477,3245,3,51,1564,729,324,3,13382,7338,30330,0,0,654,8826,7678,11586,0,0,0,18,24,39,0,39365,30971,34238,2,0,0,316
37,8,28,1060759,benign,189,153,11130,0,8022,3079,1,2616,2929,0,691,39478,3245,3,52,1580,985,428,3,13566,7864,30382,0,0,654,8832,7683,11564,0,0,0,18,22,38,0,39633,30905,34224,2,0,0,317
38,8,8,1060723,benign,183,153,11115,0,8008,3080,1,2616,2929,0,697,39477,3245,3,52,1550,839,324,4,13464,7704,30314,0,0,654,8816,7665,11542,0,0,0,18,24,141,2,39786,31150,34401,2,0,0,317
39,1,20,1060753,benign,191,153,11114,0,7998,3085,1,2616,2929,0,688,39819,3245,3,52,1304,749,324,3,13569,7707,30313,0,0,654,8836,7644,11526,0,0,0,18,23,39,0,39583,31150,34416,2,0,0,317
40,8,9,1060764,benign,166,153,11133,0,8021,3095,1,2616,2929,0,697,39426,3245,3,52,1464,754,324,3,13473,7781,30270,0,0,654,8842,7649,11513,0,0,0,18,24,39,0,39086,30784,34032,2,0,0,317
41,5,22,1060739,benign,183,153,11119,0,8008,3086,1,2616,2929,0,689,39548,3245,3,53,1314,751,324,3,13546,7652,30384,0,0,654,8870,7659,11535,0,0,0,18,25,39,0,39524,31044,34262,2,0,0,317
42,7,26,1060759,benign,195,153,11133,0,8019,3095,1,2616,2929,0,700,39686,3245,3,52,1360,952,324,3,13923,7938,30360,0,0,654,8845,7638,11537,0,0,0,18,23,39,0,39757,31119,34394,2,0,0,317
43,2,28,1060762,benign,189,153,11118,0,8011,3079,1,2616,2929,0,705,40084,3245,3,52,1607,788,324,3,13540,7746,30480,0,0,654,8822,7667,11557,0,0,0,18,25,39,0,39748,31232,34506,2,0,0,317
44,2,10,1060741,benign,189,153,11148,0,8029,3086,1,2616,2929,0,688,39512,3245,3,52,1331,1006,324,3,13414,7531,30294,0,0,654,8868,7666,11508,0,0,0,18,24,39,0,39572,30830,34050,2,0,0,317
45,8,20,1060756,benign,166,153,11129,0,8020,3083,1,2616,2929,0,703,39578,3245,3,52,1598,711,426,3,13623,7784,30349,0,0,654,8853,7684,11559,0,0,0,18,24,141,2,39501,30922,34328,2,0,0,317
46,10,15,1060731,benign,191,153,11158,0,8056,3086,1,2616,2929,0,690,39516,3245,3,52,1720,776,324,3,13846,8103,30360,0,0,654,8835,7697,11553,0,0,0,18,24,39,0,39822,30951,34229,2,0,0,317
47,2,28,1060735,benign,186,153,11092,0,7978,3087,1,2616,2929,0,695,39428,3245,3,52,1348,1007,426,3,13504,7787,30364,0,0,654,8819,7702,11564,0,0,0,18,22,39,0,39424,31061,34372,2,0,0,317
48,8,7,1060761,benign,192,153,11128,0,8017,3083,1,2616,2929,0,697,39678,3245,3,52,1353,705,324,3,13663,7975,30407,0,0,654,8857,7683,11546,0,0,0,18,23,39,0,39563,31119,34518,2,0,0,317
49,3,6,1060728,benign,167,153,11117,0,8021,3091,1,2616,2929,0,714,39679,3245,3,52,1314,803,324,3,13244,7490,30330,0,0,654,8855,7660,11538,0,0,0,18,24,39,0,39147,30969,34217,2,0,0,317
50,10,29,1060742,benign,189,153,11106,0,8003,3089,1,2616,2929,0,697,39864,3245,3,52,1372,734,324,3,13447,7613,30384,0,0,654,8835,7650,11500,0,0,0,18,22,39,0,39314,31372,34744,2,0,0,317
51,5,30,1060752,benign,169,153,11144,0,8033,3084,1,2616,2929,0,687,39279,3245,3,52,1357,807,426,4,13371,7514,30342,0,0,654,8834,7686,11538,0,0,0,18,23,38,0,39173,30772,34024,2,0,0,317
52,4,2,1060761,benign,199,154,11128,1,8019,3084,1,2616,2929,0,690,39448,3245,3,52,1356,710,331,4,13458,7636,30370,0,0,654,8849,7682,11554,0,0,0,18,24,46,1,39665,30920,34173,2,0,0,317
53,5,20,1060745,benign,188,151,11132,0,8028,3084,1,2616,2929,0,691,39604,3245,3,52,1319,763,324,3,13474,7632,30275,0,0,654,8875,7683,11556,0,0,0,18,23,143,2,39603,31067,34548,2,0,0,317
54,1,12,1060752,benign,167,153,11141,0,8023,3080,1,2616,2929,0,699,39467,3245,3,52,1339,744,324,3,13264,7406,30279,0,0,654,8849,7648,11499,0,0,0,18,23,39,0,39343,31031,34399,2,0,0,317
55,1,23,1060734,benign,188,153,11144,0,8028,3092,1,2616,2929,0,701,39747,3245,3,52,1326,747,324,3,13570,7791,30431,0,0,654,8828,7660,11566,0,0,0,18,24,39,0,39623,31085,34310,2,0,0,317
56,6,21,1060764,benign,166,153,11113,0,8010,3089,1,2616,2929,0,693,39407,3245,3,53,1678,716,417,3,13224,7398,30290,0,0,654,8847,7689,11533,0,0,0,18,23,38,0,39378,30794,34070,2,0,0,317
57,5,22,1060728,benign,166,153,11111,0,7995,3079,1,2616,2929,0,695,39645,3245,3,53,1346,930,324,3,13356,7453,30323,0,0,654,8855,7691,11555,0,0,0,18,23,39,0,39258,30776,34048,2,0,0,317
58,7,31,1060736,benign,167,154,11080,0,7980,3072,1,2616,2929,0,682,39099,3245,3,53,1356,738,324,3,13253,7489,30254,0,0,654,8841,7650,11529,0,0,0,18,24,39,0,39356,30815,34196,2,0,0,317
59,4,30,1060743,benign,201,153,11116,0,8006,3085,1,2616,2929,0,697,39812,3245,3,51,1515,709,324,3,13663,7692,30366,0,0,654,8836,7657,11487,0,0,0,18,23,39,0,39537,30969,34220,2,0,0,317
60,7,22,1060732,benign,165,151,11135,0,8024,3081,1,2616,2929,0,691,39337,3245,3,52,1510,762,425,3,13567,7720,30359,0,0,654,8825,7660,11543,0,0,0,18,25,39,0,39328,30787,34078,2,0,0,317
61,7,26,1060734,benign,183,153,11130,0,8014,3083,1,2616,2929,0,687,39509,3245,3,53,1399,733,428,4,13566,7861,30409,0,0,654,8845,7654,11524,0,0,0,18,24,39,0,39205,31095,34372,2,0,0,316
62,8,17,1060765,benign,180,151,11097,0,7996,3081,1,2616,2929,0,684,39264,3245,3,53,1348,721,324,4,13801,8013,30287,0,0,654,8853,7679,11568,0,0,0,18,24,39,0,39678,31192,34476,2,0,0,317
63,5,0,1060743,benign,193,153,11138,0,8012,3080,1,2616,2929,0,698,40068,3245,3,52,1371,985,324,3,13593,7781,30341,0,0,654,8869,7676,11545,0,0,0,18,24,39,0,39265,30984,34248,2,0,0,317
64,1,7,1060747,benign,189,153,11090,0,7979,3079,1,2616,2929,0,701,39706,3245,3,52,1527,776,324,3,13483,7646,30204,0,0,654,8843,7671,11508,0,0,0,18,24,39,0,39494,31083,34351,2,0,0,317
65,3,7,1060750,benign,187,155,11142,1,8031,3087,1,2616,2929,1,699,39930,3245,3,54,1480,821,411,4,13506,7531,30428,0,0,654,8804,7660,11532,0,0,0,18,23,126,4,39840,31012,34273,3,0,0,317
0,3,25,1060757,benign,110,27,11142,1,8038,3085,1,2614,2920,0,706,39837,3245,3,53,1369,708,426,3,13743,7983,30425,0,0,654,8844,7682,11560,0,0,0,18,24,39,0,39459,31410,34879,2,0,0,317
1,2,28,1060722,benign,197,153,11133,0,8017,3091,1,2616,2929,0,685,39406,3245,3,52,1305,1007,324,3,13519,7605,30407,0,0,654,8843,7689,11554,0,0,0,18,23,39,0,39813,31201,34448,2,0,0,317
2,3,20,1060721,benign,182,153,11141,0,8025,3089,1,2616,2929,0,691,39341,3245,3,52,1337,772,324,3,13784,7785,30370,0,0,654,8846,7652,11522,0,0,0,18,23,271,2,39961,30968,34214,2,0,0,317
3,4,21,1060729,benign,192,153,11132,0,8017,3074,1,2616,2929,0,708,39561,3245,3,52,1312,701,553,3,13498,7625,30380,0,0,654,8858,7704,11616,0,0,0,18,23,39,0,39806,30916,34176,2,0,0,317
4,2,1,1060720,benign,167,153,11149,0,8055,3097,1,2616,2930,0,696,39570,3245,3,52,1304,1012,324,4,13440,7575,30376,0,0,654,8863,7692,11564,0,0,0,18,25,39,0,39453,30726,34149,2,0,0,317
5,9,23,1060764,benign,166,153,11128,0,8007,3087,1,2616,2929,0,687,39417,3245,3,52,1401,806,428,3,13257,7369,30341,0,0,654,8854,7715,11579,0,0,0,18,23,38,0,39256,30712,34140,2,0,0,317
6,9,20,1060731,benign,192,153,11122,0,8004,3082,1,2616,2929,0,700,39772,3245,3,54,1284,755,324,4,13861,8033,30317,0,0,654,8857,7641,11541,0,0,0,19,27,41,0,39876,31261,34788,2,0,0,317
7,8,24,1060739,benign,198,153,11162,0,8052,3081,1,2616,2929,0,701,39817,3245,3,54,1551,766,324,4,13867,8130,30420,0,0,654,8858,7682,11539,0,0,0,18,25,39,0,39784,30961,34227,2,0,0,317
8,1,1,1060745,benign,184,151,11133,0,8028,3086,1,2616,2929,0,692,39404,3245,3,52,1414,752,479,3,13885,8084,30301,0,0,654,8845,7633,11518,0,0,0,18,23,39,0,39372,31058,34307,2,0,0,317
9,3,29,1060734,benign,194,151,11148,0,8024,3089,1,2616,2929,0,694,39760,3245,3,52,1531,730,424,3,13543,7700,30246,0,0,654,8842,7669,11546,0,0,0,18,24,141,2,39664,31004,34269,2,0,0,317
10,1,29,1060734,benign,188,153,11146,0,8032,3085,1,2616,2929,0,696,39489,3245,3,52,1341,765,428,3,13592,7839,30413,0,0,654,8862,7676,11553,0,0,0,18,22,141,2,39513,31112,34348,2,0,0,317
11,6,27,1060763,benign,186,151,11148,0,8032,3086,1,2616,2929,0,686,39801,3245,3,52,1567,766,426,4,13549,7809,30339,0,0,654,8837,7679,11528,0,0,0,18,25,39,0,39858,31093,34349,2,0,0,317
12,1,6,1060744,benign,167,153,11151,0,8042,3078,1,2616,2929,0,702,39464,3245,3,52,1508,766,324,3,13423,7538,30308,0,0,654,8853,7679,11580,0,0,0,18,23,38,0,39135,30801,34012,2,0,0,317
13,4,27,1060756,benign,166,151,11141,0,8028,3080,1,2616,2929,0,694,39168,3245,3,52,1509,756,417,3,13539,7617,30283,0,0,654,8829,7682,11557,0,0,0,18,24,32,0,39727,30708,33947,2,0,0,317
14,8,0,1060750,benign,186,153,11121,0,8006,3086,1,2616,2929,0,690,39457,3245,3,52,1350,811,426,4,14060,8130,30400,0,0,654,8866,7657,11551,0,0,0,18,24,39,0,39810,31009,34451,2,0,0,317
15,7,4,1060721,benign,193,153,11129,0,8018,3083,1,2616,2929,0,701,39715,3245,3,52,1559,704,428,4,13459,7705,30279,0,0,654,8835,7688,11573,0,0,0,18,22,39,0,39887,31056,34310,2,0,0,317
16,6,5,1060737,benign,187,153,11138,0,8033,3085,1,2616,2929,0,709,39831,3245,3,53,1561,797,324,3,13730,7888,30418,0,0,654,8847,7678,11543,0,0,0,18,22,39,0,39502,31061,34325,2,0,0,317
17,2,30,1060763,benign,189,153,11126,0,8017,3087,1,2616,2929,0,702,39791,3245,3,52,1559,766,324,3,13609,7790,30277,0,0,654,8842,7653,11562,0,0,0,18,25,39,0,39518,31064,34311,2,0,0,317
18,4,12,1060738,benign,188,153,11141,0,8026,3087,1,2616,2929,0,702,39402,3245,3,51,1556,709,428,4,13869,8047,30358,0,0,654,8807,7688,11554,0,0,0,18,24,39,0,39377,30919,34123,2,0,0,317
19,5,20,1060737,benign,194,151,11117,0,8010,3075,1,2616,2929,0,696,39412,3245,3,53,1623,730,426,3,13959,8189,30404,0,0,654,8854,7625,11507,0,0,0,18,22,39,0,39505,31063,34293,2,0,0,317
20,7,13,1060755,benign,190,151,11141,0,8029,3090,1,2616,2929,0,684,39547,3245,3,51,1350,954,324,3,13733,7652,30408,0,0,654,8846,7667,11533,0,0,0,18,23,39,0,39400,31160,34410,2,0,0,317
21,10,5,1060727,benign,199,153,11141,0,8033,3093,1,2616,2929,0,695,39692,3245,3,52,1308,780,428,3,13541,7745,30395,0,0,654,8807,7666,11551,0,0,0,18,23,39,0,39634,31277,34567,2,0,0,317
22,7,19,1060737,crash/hangs,-,-,-,-,-,-,-,-,-,-,-,-,-,-,-,-,-,-,-,-,-,-,-,-,-,-,-,-,-,-,-,-,-,-,-,-,-,-,-,-,-,-
23,4,17,1060755,benign,197,153,11142,0,8031,3096,1,2616,2929,0,699,39564,3245,3,52,1571,769,324,3,13499,7788,30363,0,0,654,8883,7674,11544,0,0,0,18,24,39,0,39271,31029,34279,2,0,0,317
24,3,17,1060762,benign,168,153,11164,0,8054,3088,1,2616,2929,0,695,39372,3245,3,52,1453,793,324,3,13297,7610,30374,0,0,654,8861,7666,11543,0,0,0,18,23,39,0,39409,30636,34064,2,0,0,317
25,9,14,1060732,benign,184,153,11132,0,8019,3079,1,2616,2929,0,689,39557,3245,3,52,1454,704,324,3,14019,8152,30387,0,0,654,8873,7660,11530,0,0,0,18,23,34,2,39641,30766,33992,2,0,0,317
26,2,24,1060765,benign,168,153,11135,0,8021,3081,1,2616,2929,0,698,39320,3245,3,52,1392,695,421,3,13284,7404,30282,0,0,654,8866,7685,11544,0,0,0,18,25,39,0,39204,31125,34410,2,0,0,317
27,10,15,1060768,benign,186,153,11144,0,8036,3081,1,2616,2929,0,684,39558,3245,3,53,1365,940,324,3,13726,7708,30410,0,0,654,8852,7680,11550,0,0,0,18,24,39,0,39483,31018,34457,2,0,0,317
28,8,4,1060766,benign,192,153,11142,0,8033,3079,1,2616,2929,0,703,39585,3245,3,52,1371,734,318,4,13522,7689,30401,0,0,654,8874,7679,11544,0,0,0,18,24,39,0,39554,31290,34581,2,0,0,317
29,10,0,1060759,benign,168,153,11133,0,8014,3081,1,2616,2929,0,694,39496,3245,3,51,1355,753,324,3,13317,7472,30294,0,0,654,8851,7701,11565,0,0,0,18,23,143,2,39304,31033,34280,2,0,0,317
30,1,13,1060744,benign,189,153,11124,0,8013,3090,1,2616,2929,0,698,39470,3245,3,52,1325,723,323,3,13597,7774,30392,0,0,654,8842,7664,11529,0,0,0,18,24,141,2,39747,31129,34370,2,0,0,317
31,1,13,1060753,benign,191,153,11146,0,8035,3080,1,2616,2929,0,691,39648,3245,3,54,1354,751,426,3,13749,7971,30358,0,0,654,8862,7692,11571,0,0,0,18,25,39,0,39490,31224,34486,2,0,0,317
32,2,27,1060755,benign,166,153,11149,0,8033,3086,1,2616,2929,0,700,39461,3245,3,53,1295,767,324,3,13342,7479,30246,0,0,654,8829,7654,11529,0,0,0,18,25,132,2,39645,30868,34146,2,0,0,317
33,5,5,1060760,benign,186,153,11119,0,8008,3082,1,2616,2929,0,688,39529,3245,3,52,1350,773,426,4,13771,7725,30344,0,0,654,8835,7673,11587,0,0,0,18,23,39,0,39362,31016,34238,2,0,0,317
34,5,26,1060734,benign,167,153,11159,0,8046,3087,1,2616,2929,0,692,39194,3245,3,53,1335,764,324,3,13562,7675,30438,0,0,654,8815,7645,11546,0,0,0,18,24,38,0,39323,31124,34365,2,0,0,317
35,4,11,1060748,benign,167,153,11130,0,8018,3084,1,2616,2929,0,694,39196,3245,3,52,1532,764,324,4,13266,7425,30356,0,0,654,8822,7666,11566,0,0,0,18,23,39,0,39425,30717,34037,2,0,0,316
36,2,10,1060728,benign,186,151,11127,0,8019,3087,1,2616,2929,0,690,39455,3245,3,53,1586,945,324,3,13590,7733,30329,0,0,654,8862,7650,11562,0,0,0,18,23,39,0,39563,31012,34300,2,0,0,317
37,1,11,1060742,benign,193,153,11144,0,8032,3080,1,2616,2929,0,683,39491,3245,3,53,1518,722,426,3,13550,7900,30421,0,0,654,8836,7654,11548,0,0,0,18,24,39,0,39559,31267,34542,2,0,0,317
38,1,19,1060741,benign,185,153,11155,0,8035,3081,1,2616,2929,0,674,39513,3245,3,52,1568,792,324,3,13653,7778,30418,0,0,654,8851,7669,11559,0,0,0,18,24,39,0,39723,30943,34205,2,0,0,317
39,8,8,1060746,benign,169,153,11116,0,8004,3085,1,2616,2929,0,684,39099,3245,3,54,1562,868,324,4,13557,7827,30241,0,0,654,8863,7680,11559,0,0,0,18,23,39,0,39122,30795,34054,2,0,0,317
40,5,13,1060768,benign,189,153,11120,0,8008,3086,1,2616,2929,0,714,39918,3245,3,52,1343,752,378,3,13755,7833,30333,0,0,654,8845,7660,11535,0,0,0,18,23,39,0,39597,30932,34209,2,0,0,317
41,7,8,1060753,benign,168,153,11160,0,8042,3083,1,2616,2929,0,705,39556,3245,3,52,1329,800,426,3,13256,7486,30260,0,0,654,8869,7672,11551,0,0,0,18,24,39,0,39400,30885,34147,2,0,0,317
42,9,17,1060724,benign,167,153,11144,0,8033,3092,1,2616,2929,0,707,39467,3245,3,52,1397,774,324,3,13605,7517,30348,0,0,654,8866,7667,11562,0,0,0,18,24,140,2,39485,31028,34310,2,0,0,316
43,6,24,1060756,benign,195,153,11104,0,7989,3088,1,2616,2929,0,684,39337,3245,3,53,1342,865,324,3,13786,7745,30449,0,0,654,8843,7658,11534,0,0,0,18,24,39,0,39581,31206,34460,2,0,0,317
44,7,11,1060729,benign,189,153,11143,0,8044,3086,1,2616,2929,0,687,39625,3245,3,52,1498,700,324,3,13486,7631,30353,0,0,654,8832,7683,11533,0,0,0,18,24,39,0,39646,31036,34344,2,0,0,317
45,5,7,1060726,benign,192,153,11121,0,8014,3084,1,2616,2929,0,696,39684,3245,3,53,1345,717,324,4,13644,7710,30367,0,0,654,8829,7667,11557,0,0,0,18,23,132,2,39882,31086,34500,2,0,0,317
46,9,16,1060727,benign,187,153,11120,0,8013,3083,1,2616,2929,0,689,39412,3245,3,52,1306,779,324,3,13782,7788,30370,0,0,654,8911,7728,11533,0,0,0,18,24,39,0,39668,30946,34225,2,0,0,317
47,9,15,1060726,benign,198,153,11139,0,8028,3091,1,2616,2929,0,703,39791,3245,3,52,1479,725,324,3,13559,7689,30276,0,0,654,8871,7652,11541,0,0,0,18,24,39,0,39650,31136,34388,2,0,0,317
48,5,29,1060746,benign,183,151,11164,0,8050,3083,1,2616,2929,0,700,39694,3245,3,52,1326,750,324,3,13833,8106,30393,0,0,654,8845,7674,11561,0,0,0,18,23,39,0,39567,31055,34335,2,0,0,317
49,5,3,1060746,benign,189,151,11146,0,8024,3077,1,2616,2929,0,695,39606,3245,3,53,1434,928,425,3,13629,7835,30363,0,0,654,8850,7678,11520,0,0,0,18,24,131,2,39611,31158,34414,2,0,0,317
50,3,16,1060754,benign,191,153,11134,0,8020,3088,1,2616,2929,0,676,39303,3245,3,52,1528,770,426,4,13640,7770,30326,0,0,654,8853,7660,11527,0,0,0,18,23,141,2,39840,30971,34257,2,0,0,316
51,10,23,1060759,benign,188,153,11137,0,8018,3083,1,2616,2929,0,691,39534,3245,3,52,1357,795,324,3,13742,7998,30365,0,0,654,8843,7677,11535,0,0,0,18,23,39,0,40060,30922,34155,2,0,0,317
52,2,10,1060758,benign,182,153,11130,0,8019,3087,1,2616,2929,0,675,39364,3245,3,53,1379,752,426,3,13577,7712,30331,0,0,654,8840,7695,11570,0,0,0,18,22,39,0,39780,31324,34599,2,0,0,317
53,8,3,1060734,benign,191,153,11117,0,8009,3081,1,2616,2929,0,706,39823,3245,3,53,1376,733,324,3,13625,7780,30449,0,0,654,8851,7676,11556,0,0,0,18,23,132,2,39578,31049,34295,2,0,0,317
54,10,19,1060722,benign,182,153,11144,0,8033,3090,1,2616,2929,0,689,39573,3245,3,52,1473,730,324,3,13443,7687,30321,0,0,654,8817,7647,11517,0,0,0,18,23,39,0,39663,30802,34134,2,0,0,317
55,5,1,1060731,benign,192,153,11125,0,8007,3080,1,2616,2929,0,700,39628,3245,3,52,1326,793,324,3,13514,7624,30241,0,0,654,8856,7664,11556,0,0,0,18,24,39,0,39525,30899,34151,2,0,0,317
56,9,16,1060749,benign,188,153,11095,0,7983,3080,1,2616,2929,0,701,39536,3245,3,53,1361,735,324,3,13485,7582,30339,0,0,654,8867,7679,11526,0,0,0,18,25,39,0,39401,30955,34219,2,0,0,317
57,10,6,1060745,benign,191,151,11107,0,7993,3074,1,2616,2929,0,697,39471,3245,3,52,1548,704,324,3,13843,8052,30323,0,0,654,8852,7650,11523,0,0,0,18,24,39,0,39631,30932,34203,2,0,0,317
58,1,30,1060739,benign,192,153,11160,0,8039,3091,1,2616,2929,0,694,39521,3245,3,52,1340,721,324,3,13819,8026,30397,0,0,654,8839,7612,11506,0,0,0,18,23,39,0,39509,30922,34119,2,0,0,317
59,6,15,1060721,benign,166,153,11123,0,8028,3092,1,2616,2929,0,698,39182,3245,3,52,1346,753,324,4,13143,7264,30205,0,0,654,8847,7675,11540,0,0,0,18,24,141,2,39408,31076,34355,2,0,0,317
60,5,11,1060720,benign,184,153,11122,0,8006,3086,1,2616,2929,0,715,39680,3245,3,52,1349,861,324,3,13507,7665,30282,0,0,654,8837,7685,11579,0,0,0,18,24,39,0,39505,31197,34472,2,0,0,317
61,8,26,1060754,benign,192,153,11137,0,8028,3086,1,2616,2929,0,674,39203,3245,3,53,1397,775,428,3,13486,7692,30348,0,0,654,8835,7664,11546,0,0,0,18,23,39,0,39398,31044,34536,2,0,0,317
62,2,12,1060742,benign,192,153,11136,0,8011,3074,1,2616,2929,0,691,39857,3245,3,53,1333,767,426,3,13663,7641,30393,0,0,654,8829,7637,11552,0,0,0,18,24,39,0,39421,30887,34116,2,0,0,317
63,9,31,1060743,benign,190,153,11159,0,8043,3083,1,2616,2929,0,713,39836,3245,3,52,1448,838,324,3,13804,8005,30440,0,0,654,8852,7678,11537,0,0,0,18,23,39,0,39551,31231,34479,2,0,0,317
64,6,19,1060749,benign,183,153,11145,0,8035,3088,1,2616,2929,0,697,39487,3245,3,52,1349,800,324,4,13599,7789,30201,0,0,654,8861,7669,11537,0,0,0,18,23,39,0,39329,31067,34310,2,0,0,317
65,10,17,1060762,benign,165,153,11129,0,8025,3087,1,2616,2929,0,700,39572,3245,3,52,1318,1015,324,4,13405,7644,30294,0,0,654,8879,7665,11557,0,0,0,18,24,39,0,39398,30892,34139,2,0,0,316
0,5,16,1060722,benign,120,27,11109,0,7999,3073,1,2616,2929,0,698,39577,3245,3,52,1330,1009,324,3,13483,7635,30366,0,0,654,8850,7630,11528,0,0,0,18,23,39,0,39277,30874,34158,2,0,0,317
1,6,14,1060721,benign,186,153,11121,0,8012,3074,1,2616,2929,0,708,39566,3245,3,52,1437,712,324,3,13547,7695,30405,0,0,654,8865,7675,11554,0,0,0,18,24,39,0,39350,30978,34215,2,0,0,317
2,5,15,1060758,benign,196,151,11115,0,8006,3084,1,2616,2929,0,686,39725,3245,3,54,1443,761,324,3,13495,7634,30289,0,0,654,8849,7689,11548,0,0,0,18,25,39,0,39554,31142,34420,2,0,0,317
3,10,13,1060760,benign,166,151,11127,0,8012,3082,1,2616,2929,0,695,39228,3245,3,53,1339,730,324,3,13593,7683,30378,0,0,654,8851,7645,11499,0,0,0,18,23,39,0,39482,30665,33877,2,0,0,317
4,8,3,1060762,benign,189,153,11076,0,7972,3083,1,2616,2929,0,695,39708,3245,3,52,1351,975,324,3,13891,7863,30378,0,0,654,8842,7684,11545,0,0,0,18,22,39,0,39594,31022,34291,2,0,0,317
5,9,31,1060764,benign,166,151,11142,0,8034,3087,1,2616,2929,0,695,39490,3245,3,53,1323,751,324,3,13616,7903,30317,0,0,654,8876,7704,11588,0,0,0,18,24,39,0,39560,30933,34194,2,0,0,317
6,9,16,1060768,benign,170,151,11137,0,8024,3081,1,2616,2929,0,706,39585,3245,3,52,1342,746,324,3,13271,7394,30315,0,0,654,8850,7654,11510,0,0,0,18,24,39,0,39321,30797,34037,2,0,0,317
7,6,4,1060729,benign,193,153,11123,0,8007,3079,1,2616,2929,0,694,39405,3245,3,52,1359,749,324,4,13485,7662,30323,0,0,654,8842,7678,11554,0,0,0,18,24,39,0,39662,30893,34132,2,0,0,317
8,5,20,1060743,benign,185,153,11120,0,7995,3094,1,2616,2929,0,699,39471,3245,3,52,1592,692,324,3,13451,7763,30354,0,0,654,8861,7666,11513,0,0,0,19,26,41,0,39417,31222,34476,2,0,0,317
9,2,27,1060742,benign,190,153,11116,0,8005,3082,1,2616,2929,0,688,39335,3245,3,52,1348,770,324,4,13505,7703,30335,0,0,654,8858,7666,11535,0,0,0,18,21,39,0,39517,31371,34590,2,0,0,317
10,10,23,1060726,benign,188,151,11148,0,8043,3094,1,2616,2929,0,710,39642,3245,3,52,1315,739,324,3,13779,8083,30416,0,0,654,8852,7670,11547,0,0,0,18,24,141,2,39874,31124,34358,2,0,0,317
11,3,13,1060738,crash/hangs,-,-,-,-,-,-,-,-,-,-,-,-,-,-,-,-,-,-,-,-,-,-,-,-,-,-,-,-,-,-,-,-,-,-,-,-,-,-,-,-,-,-
12,6,24,1060741,benign,125,27,11172,0,8065,3090,1,2616,2929,0,706,40026,3245,3,53,1353,730,323,3,13720,7857,30309,0,0,654,8845,7665,11531,0,0,0,18,24,39,0,39483,30895,34349,2,0,0,317
13,6,18,1060768,benign,166,153,11119,0,8015,3079,1,2616,2929,0,702,39425,3245,3,52,1382,760,323,3,13721,7502,30352,0,0,654,8853,7677,11536,0,0,0,18,22,39,0,39452,30858,34154,2,0,0,317
14,10,22,1060725,benign,190,153,11149,0,8036,3086,1,2616,2929,0,707,39799,3245,3,52,1323,769,324,3,13721,7975,30265,0,0,654,8874,7652,11532,0,0,0,18,24,39,0,39275,31020,34277,2,0,0,317
15,3,5,1060748,benign,170,154,11134,0,8022,3083,1,2616,2929,1,707,39612,3245,3,53,1388,827,324,3,13550,7756,30320,0,0,654,8830,7629,11535,0,0,0,18,25,132,2,39387,30991,34191,2,0,0,317
16,10,6,1060739,benign,188,153,11134,0,8016,3080,1,2616,2929,0,695,39679,3245,3,51,1324,789,378,3,13619,7741,30320,0,0,654,8853,7669,11546,0,0,0,18,23,39,0,39236,30964,34234,2,0,0,317
17,10,13,1060747,benign,190,153,11111,0,8002,3082,1,2616,2929,0,692,39326,3245,3,52,1330,1016,324,3,13664,7978,30371,0,0,654,8837,7627,11524,0,0,0,18,24,39,0,39689,31029,34269,2,0,0,317
18,5,16,1060758,benign,191,153,11119,0,8009,3084,1,2616,2929,0,685,39334,3245,3,52,1385,720,324,3,14039,8178,30361,0,0,654,8828,7664,11533,0,0,0,18,24,39,0,39522,31150,34387,2,0,0,317
19,9,23,1060750,benign,200,153,11081,0,7979,3079,1,2616,2929,0,704,39826,3245,3,52,1361,846,426,3,13567,7731,30286,0,0,654,8856,7671,11541,0,0,0,18,22,39,0,39407,31160,34638,2,0,0,317
20,3,31,1060724,benign,166,153,11135,0,8027,3089,1,2616,2929,0,687,39210,3245,3,52,1343,993,324,3,13423,7577,30293,0,0,654,8841,7676,11555,0,0,0,18,24,39,0,39147,30707,34001,2,0,0,317
21,4,10,1060745,benign,194,153,11140,1,8025,3094,1,2616,2930,0,716,39874,3245,3,51,1379,819,428,3,13559,7658,30354,0,0,654,8850,7657,11508,0,0,0,18,23,39,0,39773,31077,34320,3,0,0,317
22,1,13,1060750,benign,194,153,11117,0,8005,3081,1,2616,2929,0,682,39452,3245,3,52,1364,727,428,3,14006,7750,30326,0,0,654,8847,7654,11514,0,0,0,18,25,39,0,39521,31053,34319,2,0,0,317
23,9,0,1060750,benign,184,151,11137,0,8024,3081,1,2616,2929,0,683,39568,3245,3,53,1397,934,324,3,13829,8013,30327,0,0,654,8837,7648,11531,0,0,0,18,25,39,0,39678,31241,34490,2,0,0,317
24,3,17,1060739,SDC,188,154,10847,0,7831,3031,1,2555,2854,0,711,39216,3156,3,56,1364,749,323,4,13630,7724,29706,0,0,640,8636,7445,11316,0,0,0,18,22,39,0,39472,30402,33658,2,0,0,317
25,1,11,1060749,benign,193,153,11181,0,8063,3089,1,2616,2929,0,700,39775,3245,3,52,1325,769,323,3,13657,7785,30387,0,0,654,8861,7656,11546,0,0,0,18,22,39,0,39287,30955,34198,2,0,0,317
26,3,5,1060730,benign,184,153,11125,0,8016,3079,1,2616,2930,0,709,39755,3245,3,52,1433,715,324,3,13865,8226,30497,0,0,654,8861,7660,11538,0,0,0,18,24,39,0,39523,31050,34302,2,0,0,317
27,3,18,1060733,benign,184,153,11163,0,8044,3080,1,2616,2929,0,684,39578,3245,3,53,1330,1132,426,4,13435,7590,30359,0,0,654,8841,7618,11521,0,0,0,18,23,39,0,39726,31270,34489,2,0,0,317
28,2,25,1060723,benign,192,153,11105,0,7994,3081,1,2616,2930,0,690,39470,3245,3,52,1310,765,324,4,13724,7856,30358,0,0,654,8853,7682,11567,0,0,0,18,24,39,0,39504,30955,34204,2,0,0,317
29,2,15,1060731,benign,187,153,11108,0,7991,3081,1,2616,2929,0,695,39543,3245,3,52,1343,770,324,4,13610,7778,30343,0,0,654,8818,7635,11505,0,0,0,18,23,39,0,39647,31042,34300,2,0,0,317
30,10,24,1060743,benign,197,151,11102,0,7992,3077,1,2616,2929,0,700,39643,3245,3,52,1367,866,324,3,13770,7876,30369,0,0,654,8860,7691,11580,0,0,0,18,23,39,0,39448,30868,34299,2,0,0,317
31,9,15,1060761,benign,192,153,11133,0,8022,3087,1,2616,2929,0,693,39768,3245,3,53,1693,737,425,3,13782,7839,30455,0,0,654,8843,7658,11551,0,0,0,18,24,39,0,39562,30919,34151,2,0,0,317
32,5,5,1060725,benign,186,153,11120,0,8011,3086,1,2616,2930,0,692,39446,3245,3,52,1676,760,324,3,13570,7883,30375,0,0,654,8849,7671,11551,0,0,0,18,24,39,0,39507,30951,34226,2,0,0,317
33,5,13,1060748,benign,169,153,11148,0,8037,3080,1,2616,2929,0,713,39565,3245,3,53,1324,739,426,3,13530,7810,30353,0,0,654,8845,7690,11578,0,0,0,18,23,39,0,39115,30705,33989,2,0,0,317
34,5,14,1060767,benign,194,153,11129,0,8018,3081,1,2616,2929,0,696,39443,3245,3,52,1357,749,323,3,13955,8203,30382,0,0,654,8870,7654,11515,0,0,0,18,22,39,0,39282,31027,34260,2,0,0,317
35,8,13,1060731,benign,188,153,11151,0,8035,3078,1,2616,2929,0,700,39807,3245,3,52,1372,710,426,3,13723,7791,30313,0,0,654,8879,7655,11536,0,0,0,18,25,39,0,39593,31051,34303,2,0,0,317
36,5,28,1060764,benign,167,153,11122,0,8009,3081,1,2616,2929,0,703,39549,3245,3,52,1567,774,324,3,13616,7812,30315,0,0,654,8848,7652,11537,0,0,0,19,26,35,0,39153,30773,33995,2,0,0,317
37,1,5,1060731,SDC,181,155,10875,1,7868,3018,1,2548,2847,0,678,39075,3147,3,54,1362,740,421,3,13346,7489,29570,0,0,638,8608,7402,11258,0,0,0,18,23,137,6,38715,30690,34148,4,0,0,317
38,6,26,1060751,benign,190,151,11100,0,7988,3081,1,2616,2929,0,680,39542,3245,3,52,1340,774,324,3,13750,7913,30455,0,0,654,8829,7682,11574,0,0,0,18,23,39,0,39562,30983,34258,2,0,0,317
39,6,15,1060747,benign,193,153,11152,0,8043,3093,1,2616,2929,0,690,39450,3245,3,52,1589,773,416,4,13608,7880,30249,0,0,654,8879,7653,11532,0,0,0,18,22,39,0,39477,31157,34418,2,0,0,317
40,3,12,1060733,benign,193,153,11149,0,8035,3088,1,2616,2929,0,697,39948,3245,3,52,1514,764,324,4,13571,7754,30315,0,0,654,8815,7670,11542,0,0,0,18,23,39,0,39333,31210,34476,2,0,0,317
41,10,21,1060766,benign,191,153,11106,0,7997,3084,1,2616,2929,0,684,39606,3245,3,52,1765,785,324,3,13792,7946,30393,0,0,654,8859,7689,11556,0,0,0,18,22,38,0,39456,31112,34369,2,0,0,317
42,3,0,1060723,benign,192,153,11117,0,8012,3084,1,2616,2929,0,697,39933,3245,3,52,1347,893,324,4,13459,7610,30320,0,0,654,8853,7702,11566,0,0,0,18,24,39,0,39598,30970,34415,2,0,0,317
43,4,19,1060742,benign,188,153,11132,0,8017,3082,1,2616,2929,0,696,39663,3245,3,52,1366,738,324,3,13849,7858,30423,0,0,654,8850,7677,11554,0,0,0,18,23,38,0,39657,31080,34329,2,0,0,317
44,7,30,1060759,benign,196,153,11121,0,8007,3078,1,2616,2929,0,688,39709,3245,3,52,1587,874,324,3,13587,7827,30291,0,0,654,8814,7657,11538,0,0,0,18,24,39,0,39645,30914,34121,2,0,0,317
0,4,3,1060723,benign,124,28,11127,1,8016,3082,1,2616,2929,0,697,39515,3245,3,52,1335,722,332,3,13395,7541,30271,0,0,654,8837,7651,11539,0,0,0,18,25,48,2,39677,31059,34331,3,0,0,317
1,7,18,1060756,benign,165,153,11145,0,8032,3086,1,2616,2930,0,693,39229,3245,3,53,1533,731,324,3,13292,7394,30290,0,0,654,8846,7655,11534,0,0,0,18,24,39,0,39454,30964,34206,2,0,0,317
2,2,20,1060746,benign,186,153,11135,0,8015,3075,1,2616,2929,0,690,39761,3245,3,52,1360,959,324,3,13691,7624,30317,0,0,654,8841,7643,11522,0,0,0,18,24,39,0,39493,31216,34511,2,0,0,317
3,2,2,1060751,benign,190,153,11127,0,8017,3075,1,2616,2929,0,694,39513,3245,3,52,1360,772,426,4,13808,7905,30393,0,0,654,8852,7661,11530,0,0,0,18,23,38,0,39515,31090,34593,2,0,0,317
4,9,16,1060760,benign,166,153,11151,0,8040,3083,1,2616,2929,0,696,39220,3245,3,52,1371,710,324,4,13149,7289,30249,0,0,654,8835,7673,11534,0,0,0,18,24,38,0,39269,31003,34394,2,0,0,317
5,5,17,1060728,benign,165,153,11145,0,8032,3092,1,2616,2929,0,702,39490,3245,3,52,1437,766,324,3,13616,7591,30335,0,0,654,8855,7642,11530,0,0,0,18,23,39,0,39257,30896,34279,2,0,0,317
6,5,27,1060743,benign,189,153,11128,0,8012,3091,1,2616,2929,0,693,39466,3245,3,52,1394,802,324,4,13502,7744,30349,0,0,654,8863,7675,11537,0,0,0,18,25,39,0,39558,31058,34337,2,0,0,317
7,7,11,1060754,benign,193,153,11149,0,8044,3086,1,2616,2929,0,697,39727,3245,3,52,1334,764,426,3,13523,7735,30288,0,0,654,8844,7669,11578,0,0,0,18,24,39,0,39380,30905,34170,2,0,0,317
8,7,3,1060765,benign,188,153,11125,0,8017,3091,1,2616,2929,0,696,39494,3245,3,52,1372,678,324,3,13798,7724,30326,0,0,654,8844,7681,11548,0,0,0,18,24,39,0,39679,31193,34474,2,0,0,317
9,2,27,1060746,benign,198,153,11106,0,7998,3084,1,2616,2929,0,699,39582,3245,3,52,1514,722,324,3,13628,7882,30373,0,0,654,8839,7682,11548,0,0,0,19,25,35,0,39633,31189,34479,2,0,0,317
10,5,10,1060728,benign,165,151,11151,0,8042,3088,1,2616,2929,0,687,39120,3245,3,52,1354,767,324,3,13518,7609,30337,0,0,654,8851,7705,11588,0,0,0,18,23,39,0,39151,30764,34004,2,0,0,317
11,4,13,1060724,benign,169,153,11129,0,8023,3078,1,2616,2929,0,687,39339,3245,3,53,1356,767,324,3,13146,7360,30259,0,0,654,8831,7653,11546,0,0,0,18,24,39,0,39374,31033,34264,2,0,0,317
12,1,1,1060730,crash/hangs,-,-,-,-,-,-,-,-,-,-,-,-,-,-,-,-,-,-,-,-,-,-,-,-,-,-,-,-,-,-,-,-,-,-,-,-,-,-,-,-,-,-
13,6,3,1060721,benign,111,27,11122,0,8024,3092,1,2616,2929,0,704,39705,3245,3,53,1474,745,425,3,13505,7755,30313,0,0,654,8840,7691,11581,0,0,0,18,22,39,0,39735,30966,34195,2,0,0,317
14,1,8,1060767,benign,194,153,11110,0,8002,3085,1,2616,2929,0,702,39646,3245,3,52,1361,784,324,3,13606,7779,30343,0,0,654,8858,7640,11515,0,0,0,18,22,39,0,39543,31225,34610,2,0,0,317
15,4,5,1060749,benign,183,153,11152,1,8050,3089,1,2616,2929,0,696,39484,3245,3,51,1410,746,427,3,13345,7461,30262,0,0,654,8840,7625,11524,0,0,0,18,24,39,0,39586,31158,34615,3,0,0,317
16,1,6,1060723,SDC,190,155,10809,1,7787,3030,1,2555,2854,0,699,39204,3156,3,54,1287,853,409,4,13629,7891,29644,0,0,640,8630,7446,11324,0,0,0,18,24,123,3,39259,30328,33839,3,0,0,317
17,1,16,1060745,benign,196,153,11101,0,7998,3081,1,2616,2929,0,701,39490,3245,3,52,1359,743,426,3,13733,7886,30375,0,0,654,8852,7658,11529,0,0,0,18,25,39,0,39421,31236,34493,2,0,0,317
18,9,30,1060760,benign,168,153,11115,0,7995,3080,1,2616,2929,0,683,39267,3245,3,52,1372,935,426,3,13365,7527,30368,0,0,654,8840,7670,11519,0,0,0,18,24,39,0,39235,30967,34259,2,0,0,317
19,9,26,1060765,benign,182,151,11139,0,8020,3088,1,2616,2929,0,695,39733,3245,3,52,1576,955,324,3,13448,7750,30270,0,0,654,8830,7676,11548,0,0,0,18,24,143,2,39695,31332,34611,2,0,0,317
20,9,26,1060755,benign,195,151,11113,0,7994,3074,1,2616,2929,0,692,39802,3245,3,52,1371,786,427,3,13839,7723,30342,0,0,654,8844,7670,11528,0,0,0,18,24,39,0,39367,30912,34173,2,0,0,317
21,8,4,1060766,benign,193,153,11160,0,8044,3088,1,2616,2929,0,702,39792,3245,3,53,1409,645,323,4,13580,7762,30343,0,0,654,8830,7646,11545,0,0,0,18,25,39,0,39477,31213,34434,2,0,0,317
22,8,15,1060740,benign,167,153,11148,0,8037,3083,1,2616,2930,0,698,39438,3245,3,52,1357,721,324,4,13775,8006,30349,0,0,654,8819,7682,11556,0,0,0,19,27,145,2,39433,30888,34219,2,0,0,317
23,10,23,1060722,benign,191,153,11134,0,8026,3080,1,2616,2929,0,688,39555,3245,3,52,1361,729,324,3,13649,7776,30318,0,0,654,8842,7655,11526,0,0,0,18,22,39,0,39605,30745,34024,2,0,0,317
24,7,21,1060731,benign,198,153,11123,0,8009,3078,1,2616,2929,0,686,39449,3245,3,52,1333,712,324,3,13750,7989,30333,0,0,654,8833,7660,11513,0,0,0,18,24,39,0,39704,31114,34357,2,0,0,317
25,2,23,1060759,benign,189,151,11133,0,8020,3087,1,2616,2929,0,699,39772,3245,3,52,1371,778,324,3,13626,7695,30391,0,0,654,8833,7660,11493,0,0,0,18,24,39,0,39548,31011,34289,2,0,0,317
26,8,20,1060755,benign,193,153,11117,0,8004,3086,1,2616,2929,0,699,39557,3245,3,52,1504,719,425,3,13757,7645,30347,0,0,654,8847,7671,11543,0,0,0,18,23,39,0,39360,31267,34505,2,0,0,317
27,3,18,1060730,benign,189,153,11149,0,8035,3089,1,2616,2929,0,701,39942,3245,3,52,1344,716,324,3,13743,7688,30365,0,0,654,8828,7673,11526,0,0,0,18,25,39,0,39541,31108,34357,2,0,0,317
28,2,1,1060751,benign,185,151,11132,0,8022,3084,1,2616,2929,0,697,39471,3245,3,52,1369,768,427,3,13616,7828,30338,0,0,654,8839,7664,11512,0,0,0,18,21,38,0,39429,31391,34669,2,0,0,317
29,1,7,1060720,SDC,167,155,10892,1,7868,3018,1,2555,2854,2,705,38762,3156,3,54,1389,773,408,4,13677,7681,29651,0,0,640,8638,7463,11335,0,0,0,18,22,123,4,38969,30642,33915,3,0,0,317
30,1,17,1060753,benign,198,153,11109,0,8011,3090,1,2616,2929,0,702,39744,3245,3,52,1413,779,426,3,13661,7740,30424,0,0,654,8855,7667,11528,0,0,0,18,23,33,0,39309,30873,34138,2,0,0,317
31,6,0,1060767,benign,190,151,11140,0,8033,3085,1,2616,2929,0,707,39778,3245,3,52,1362,940,323,3,13380,7529,30321,0,0,654,8860,7684,11569,0,0,0,18,22,39,0,39735,30878,34340,2,0,0,317
32,7,12,1060732,benign,164,153,11108,0,8005,3083,1,2616,2929,0,696,39648,3245,3,53,1346,747,324,3,13541,7811,30373,0,0,654,8822,7681,11586,0,0,0,18,23,39,0,39132,30943,34200,2,0,0,317
33,9,23,1060722,benign,191,153,11110,0,7997,3081,1,2616,2929,0,689,39718,3245,3,52,1446,801,417,3,13465,7677,30285,0,0,654,8842,7664,11525,0,0,0,18,25,39,0,39298,30835,34118,2,0,0,317
34,5,26,1060758,benign,195,153,11126,0,8014,3098,1,2616,2929,0,709,39538,3245,3,52,1322,742,324,3,13550,7835,30327,0,0,654,8857,7647,11524,0,0,0,18,23,39,0,39387,30835,34107,2,0,0,317
35,4,29,1060763,benign,185,153,11122,0,8018,3076,1,2616,2929,0,691,39363,3245,3,51,1409,912,426,3,13617,7848,30340,0,0,654,8864,7681,11555,0,0,0,18,22,39,0,39667,31206,34439,2,0,0,317
36,10,19,1060720,benign,166,153,11130,0,8013,3079,1,2616,2929,0,702,39528,3245,3,53,1342,720,324,3,13334,7390,30362,0,0,654,8858,7700,11569,0,0,0,18,22,141,2,39202,31031,34323,2,0,0,317
37,8,0,1060734,benign,191,153,11132,0,8016,3079,1,2616,2929,0,701,39508,3245,3,52,1292,749,426,4,13563,7572,30351,0,0,654,8834,7675,11562,0,0,0,18,23,39,0,39817,31190,34406,2,0,0,317
0,4,23,1060741,benign,110,28,11143,1,8035,3085,1,2616,2929,0,696,39957,3245,3,51,1365,961,324,3,13415,7583,30344,0,0,654,8842,7652,11544,0,0,0,18,22,39,0,39606,31218,34499,2,0,0,317
1,6,4,1060761,benign,193,153,11114,0,8014,3084,1,2616,2929,0,695,39546,3245,3,53,1468,726,324,3,13512,7685,30315,0,0,654,8859,7662,11544,0,0,0,18,23,141,2,39665,31038,34468,2,0,0,317
2,10,14,1060749,benign,195,153,11148,0,8043,3084,1,2616,2929,0,690,39628,3245,3,52,1594,965,324,3,13754,7886,30336,0,0,654,8848,7668,11538,0,0,0,18,25,39,0,39532,31072,34353,2,0,0,317
3,10,23,1060736,benign,167,153,11122,0,8016,3082,1,2616,2929,0,688,39421,3245,3,52,1553,944,425,3,13441,7518,30391,0,0,654,8860,7661,11542,0,0,0,18,24,141,2,39299,30816,34094,2,0,0,317
4,5,16,1060750,benign,186,151,11126,0,8007,3092,1,2616,2929,0,695,39381,3245,3,52,1413,968,324,3,13612,7850,30431,0,0,654,8822,7660,11561,0,0,0,18,24,33,0,39535,31369,34615,2,0,0,317
6,4,31,1060767,benign,204,154,11124,0,8005,3078,1,2616,2929,1,688,39552,3245,3,53,1371,738,324,3,13790,7943,30384,0,0,654,8830,7684,11545,0,0,0,19,25,40,0,39628,31063,34318,2,0,0,317
7,3,19,1060758,benign,192,153,11145,0,8033,3077,1,2616,2929,0,691,39853,3245,3,51,1638,694,416,3,13506,7666,30254,0,0,654,8851,7677,11566,0,0,0,18,24,132,2,39584,31126,34575,2,0,0,317
8,4,23,1060723,benign,189,153,11078,0,7977,3069,1,2616,2929,0,700,39831,3245,3,52,1346,783,324,3,13656,7800,30371,0,0,654,8827,7628,11535,0,0,0,18,24,39,0,39139,31106,34365,2,0,0,317
9,1,1,1060755,benign,200,153,11137,0,8026,3083,1,2616,2929,0,706,39914,3245,3,52,1362,810,324,3,13488,7586,30371,0,0,654,8842,7685,11531,0,0,0,18,25,33,0,39497,31005,34226,2,0,0,317
10,2,6,1060765,benign,189,153,11161,0,8039,3083,1,2616,2929,0,701,39864,3245,3,53,1330,755,426,3,13534,7782,30319,0,0,654,8838,7673,11565,0,0,0,18,24,39,0,39426,31132,34391,2,0,0,317
11,6,23,1060755,benign,191,153,11141,0,8031,3086,1,2616,2929,0,701,39619,3245,3,52,1405,744,324,3,13573,7685,30351,0,0,654,8843,7672,11522,0,0,0,18,23,39,0,39532,30910,34254,2,0,0,317
12,10,8,1060746,benign,166,151,11118,0,8008,3086,1,2616,2930,0,705,39468,3245,3,53,1342,747,324,3,13250,7620,30305,0,0,654,8865,7668,11524,0,0,0,18,24,39,0,39371,30797,34065,2,0,0,317
13,10,8,1060728,benign,187,153,11142,0,8029,3079,1,2616,2929,0,704,39660,3245,3,52,1553,797,324,4,13765,7988,30350,0,0,654,8843,7670,11575,0,0,0,18,24,327,2,40021,31180,34466,2,0,0,317
14,8,6,1060758,benign,185,153,11146,0,8031,3086,1,2616,2929,0,694,39643,3245,3,53,1537,769,324,3,13654,7891,30398,0,0,654,8846,7657,11502,0,0,0,18,23,39,0,39354,31243,34533,2,0,0,317
15,6,17,1060749,benign,187,153,11117,0,8003,3075,1,2616,2929,0,697,39646,3245,3,52,1364,939,323,3,13578,7749,30316,0,0,654,8830,7642,11539,0,0,0,18,23,141,2,39607,31091,34356,2,0,0,317
16,5,26,1060737,benign,182,153,11112,0,8003,3074,1,2616,2929,0,678,39576,3245,3,53,1321,751,324,3,13701,8043,30386,0,0,654,8863,7636,11500,0,0,0,18,24,39,0,39384,31002,34450,2,0,0,317
17,5,18,1060757,benign,189,153,11115,0,7996,3070,1,2616,2929,0,695,39855,3245,3,52,1344,771,324,3,13996,8113,30296,0,0,654,8836,7679,11538,0,0,0,18,23,39,0,39605,30992,34399,2,0,0,317
18,7,14,1060754,benign,189,151,11130,0,8017,3080,1,2616,2929,0,691,39522,3245,3,52,1353,778,324,3,13661,7770,30321,0,0,654,8829,7666,11579,0,0,0,18,22,39,0,39212,31259,34534,2,0,0,317
19,5,13,1060727,benign,190,153,11100,0,7990,3077,1,2616,2929,0,673,39427,3245,3,52,1313,817,324,3,13481,7618,30365,0,0,654,8856,7717,11597,0,0,0,18,23,39,0,39424,30939,34208,2,0,0,317
20,4,14,1060745,benign,186,153,11116,0,8010,3089,1,2616,2929,0,702,39932,3245,3,53,1560,944,324,4,13702,7956,30283,0,0,654,8869,7659,11535,0,0,0,18,22,141,2,39645,31077,34533,2,0,0,317
21,9,28,1060765,benign,190,153,11112,0,7998,3078,1,2616,2929,0,693,39379,3245,3,52,1366,680,323,3,13891,8149,30413,0,0,654,8846,7676,11566,0,0,0,18,24,39,0,39463,31097,34369,2,0,0,317
22,9,9,1060743,benign,183,151,11138,0,8028,3093,1,2616,2929,0,690,39443,3245,3,52,1280,742,324,4,13678,7703,30233,0,0,654,8834,7620,11495,0,0,0,18,24,39,0,39516,31094,34373,2,0,0,317
23,1,28,1060734,benign,193,153,11153,0,8043,3072,1,2616,2929,0,686,39355,3245,3,53,1373,746,324,3,13553,7870,30374,0,0,654,8830,7691,11545,0,0,0,18,22,39,0,39524,31331,34617,2,0,0,317
24,8,1,1060726,benign,183,153,11119,0,8008,3084,1,2616,2929,0,696,39591,3245,3,53,1531,746,324,3,13580,7894,30249,0,0,654,8864,7677,11568,0,0,0,18,25,39,0,39531,30794,34052,2,0,0,317
25,5,9,1060730,benign,192,153,11116,0,8009,3087,1,2616,2929,0,693,39470,3245,3,52,1333,776,324,3,13714,7665,30444,0,0,654,8850,7672,11531,0,0,0,18,22,39,0,39609,31297,34536,2,0,0,317
26,8,16,1060726,benign,191,153,11116,0,8007,3081,1,2616,2929,0,689,39544,3245,3,52,1312,745,323,3,13802,7958,30468,0,0,654,8821,7667,11580,0,0,0,18,21,39,0,39484,31127,34399,2,0,0,317
27,1,26,1060766,benign,195,153,11138,0,8030,3082,1,2616,2929,0,698,39876,3245,3,52,1357,806,324,4,13904,8140,30311,0,0,654,8854,7678,11543,0,0,0,18,25,38,0,39317,31122,34401,2,0,0,317
28,6,28,1060731,benign,197,151,11133,0,8016,3085,1,2616,2929,0,692,39764,3245,3,52,1361,712,324,3,13641,8000,30385,0,0,654,8831,7679,11551,0,0,0,18,23,39,0,39324,31313,34618,2,0,0,317
29,2,31,1060742,benign,168,153,11174,0,8062,3092,1,2616,2929,0,692,39384,3245,3,53,1326,743,324,4,13384,7545,30420,0,0,654,8829,7610,11510,0,0,0,18,24,39,0,39084,30839,34082,2,0,0,317
30,7,2,1060724,benign,182,153,11121,1,8009,3081,1,2616,2929,0,690,39773,3245,3,54,1380,804,426,3,13832,7932,30402,0,0,654,8856,7650,11508,0,0,0,18,25,39,0,39579,31269,34534,3,0,0,317
31,3,8,1060765,benign,192,153,11145,0,8038,3083,1,2616,2929,0,677,39288,3245,3,52,1352,815,324,3,13502,7727,30283,0,0,654,8860,7653,11501,0,0,0,18,24,39,0,39505,30912,34369,2,0,0,317
32,10,15,1060726,benign,190,153,11138,0,8025,3084,1,2616,2929,0,704,39616,3245,3,52,1587,761,324,3,13552,7739,30284,0,0,654,8822,7673,11513,0,0,0,18,24,39,0,39717,31012,34265,2,0,0,317
33,3,6,1060727,benign,167,153,11104,0,7989,3082,1,2616,2929,0,698,39432,3245,3,53,1539,755,426,3,13294,7454,30258,0,0,654,8848,7702,11553,0,0,0,18,25,143,2,39735,30745,33989,2,0,0,317
34,10,4,1060760,benign,195,153,11144,0,8029,3088,1,2616,2929,0,684,39493,3245,3,52,1511,737,428,3,13559,7786,30529,0,0,654,8848,7668,11550,0,0,0,18,22,39,0,39559,31077,34345,2,0,0,317
35,2,23,1060737,benign,170,153,11143,0,8025,3080,1,2616,2930,0,701,39389,3245,3,53,1356,733,324,3,13269,7401,30337,0,0,654,8854,7694,11557,0,0,0,18,24,39,0,39123,30871,34164,2,0,0,317
36,4,25,1060744,benign,186,153,11146,0,8041,3088,1,2616,2929,0,691,39603,3245,3,52,1307,916,324,3,13543,7697,30342,0,0,654,8841,7679,11556,0,0,0,18,23,39,0,39584,30851,34301,2,0,0,317
37,6,15,1060735,benign,167,153,11146,0,8036,3090,1,2616,2929,0,700,39561,3245,3,53,1336,755,428,3,13169,7448,30227,0,0,654,8834,7651,11559,0,0,0,19,26,40,0,39346,30945,34193,2,0,0,317
38,6,27,1060768,benign,166,153,11148,0,8043,3093,1,2616,2930,0,683,39286,3245,3,52,1584,815,324,3,13214,7353,30274,0,0,654,8850,7685,11560,0,0,0,18,24,39,0,39371,30932,34407,2,0,0,317
39,5,2,1060720,benign,192,153,11137,0,8019,3089,1,2616,2929,0,696,39415,3245,3,53,1705,721,323,3,13769,7952,30416,0,0,654,8873,7670,11556,0,0,0,18,24,39,0,39291,30980,34244,2,0,0,317
40,4,14,1060742,benign,184,153,11127,0,8024,3089,1,2616,2929,0,701,39696,3245,3,53,1333,769,427,3,13750,7738,30247,0,0,654,8871,7675,11562,0,0,0,18,24,131,2,39780,30981,34221,2,0,0,317
41,5,11,1060765,benign,189,151,11139,0,8029,3092,1,2616,2929,0,690,39396,3245,3,52,1347,671,324,3,13863,7876,30403,0,0,654,8829,7640,11550,0,0,0,18,25,141,2,39499,31095,34385,2,0,0,317
42,6,10,1060727,benign,183,151,11127,0,8016,3083,1,2616,2929,0,694,39323,3245,3,52,1350,767,426,3,13501,7663,30386,0,0,654,8846,7674,11560,0,0,0,18,24,39,0,39400,30813,34067,2,0,0,317
43,2,19,1060730,benign,199,151,11126,0,8020,3086,1,2616,2929,0,703,39933,3245,3,54,1368,720,324,3,13539,7816,30348,0,0,654,8857,7659,11521,0,0,0,18,23,39,0,39500,30976,34231,2,0,0,317
45,1,12,1060728,SDC,166,153,11136,0,8026,3077,1,2616,2929,0,698,39255,3245,3,52,1461,750,324,3,13345,7635,30321,0,0,654,8841,7701,11557,0,0,0,18,23,39,0,39507,30932,34205,2,0,0,317
46,2,22,1060756,benign,193,153,11145,0,8037,3087,1,2616,2929,0,700,39666,3245,3,52,1292,1011,324,3,13682,7900,30426,0,0,654,8844,7643,11515,0,0,0,18,24,141,2,39550,30987,34221,2,0,0,317
47,8,3,1060728,benign,168,153,11142,0,8031,3084,1,2616,2929,0,681,39069,3245,3,52,1361,730,324,4,13367,7491,30301,0,0,654,8838,7660,11539,0,0,0,18,24,39,0,39375,30762,33994,2,0,0,317
48,3,2,1060726,benign,183,153,11165,0,8054,3093,1,2616,2929,0,696,39785,3245,3,52,1342,782,318,3,13685,7937,30281,0,0,654,8843,7683,11547,0,0,0,18,23,39,0,39345,31224,34703,2,0,0,317
49,4,26,1060724,benign,189,151,11146,0,8044,3091,1,2616,2929,0,695,39684,3245,3,52,1349,940,324,3,13926,7944,30310,0,0,654,8863,7705,11576,0,0,0,18,22,39,0,39490,31360,34609,2,0,0,317
50,6,30,1060747,benign,167,153,11147,0,8031,3082,1,2616,2929,0,692,39407,3245,3,52,1551,789,324,3,13504,7636,30289,0,0,654,8838,7675,11549,0,0,0,18,24,39,0,39388,30752,33982,2,0,0,317
51,10,14,1060742,benign,183,153,11119,0,8017,3086,1,2616,2929,0,692,39635,3245,3,51,1506,769,324,3,13472,7588,30253,0,0,654,8826,7660,11545,0,0,0,18,23,39,0,39636,30904,34181,2,0,0,317
52,9,22,1060732,benign,165,153,11141,0,8033,3088,1,2616,2929,0,698,39329,3245,3,53,1311,945,324,3,13394,7362,30244,0,0,654,8819,7642,11528,0,0,0,18,24,39,0,39206,30792,34052,2,0,0,317
53,9,5,1060765,benign,165,153,11140,0,8034,3086,1,2616,2929,0,688,39209,3245,3,52,1304,781,323,3,13455,7437,30333,0,0,654,8830,7645,11498,0,0,0,18,22,39,0,39215,30767,34254,2,0,0,317
54,6,10,1060752,benign,189,153,11122,0,8005,3079,1,2616,2929,0,703,39608,3245,3,52,1598,814,324,3,13543,7674,30429,0,0,654,8845,7691,11557,0,0,0,18,24,39,0,39441,31227,34506,2,0,0,317
55,6,23,1060724,benign,189,153,11134,0,8024,3082,1,2616,2929,0,711,39619,3245,3,52,1345,972,425,3,13732,7948,30357,0,0,654,8847,7692,11564,0,0,0,18,24,39,0,39652,31262,34567,2,0,0,317
56,7,8,1060750,benign,185,153,11142,0,8024,3085,1,2616,2929,0,700,39670,3245,3,52,1377,754,324,3,13511,7674,30377,0,0,654,8815,7688,11550,0,0,0,18,24,39,0,39420,31177,34432,2,0,0,317
57,7,14,1060733,benign,188,153,11131,0,8007,3081,1,2616,2929,0,700,39613,3245,3,52,1372,726,428,3,13637,7896,30495,0,0,654,8852,7676,11550,0,0,0,18,24,39,0,39420,31009,34281,2,0,0,317
58,10,18,1060763,benign,183,153,11140,0,8034,3083,1,2616,2929,0,683,39468,3245,3,52,1353,711,324,4,13488,7547,30299,0,0,654,8849,7650,11503,0,0,0,18,23,141,2,39636,31014,34272,2,0,0,317
59,1,1,1060738,benign,168,153,11149,0,8039,3090,1,2616,2929,0,692,39201,3245,3,52,1371,860,375,4,13333,7411,30239,0,0,654,8858,7664,11542,0,0,0,18,24,39,0,39084,30901,34143,2,0,0,317
60,1,22,1060746,benign,166,153,11136,0,8018,3083,1,2616,2929,0,683,39280,3245,3,52,1438,698,324,3,13400,7535,30414,0,0,654,8840,7677,11530,0,0,0,18,24,39,0,39426,30921,34149,2,0,0,317
61,6,13,1060764,benign,168,153,11136,0,8029,3085,1,2616,2929,0,694,39395,3245,3,53,1374,948,324,4,13265,7370,30254,0,0,654,8844,7679,11544,0,0,0,18,23,33,0,39502,30925,34185,2,0,0,317
62,2,2,1060732,benign,194,153,11134,0,8015,3079,1,2616,2930,0,692,39401,3245,3,53,1378,732,324,4,13503,7657,30379,0,0,654,8872,7641,11510,0,0,0,18,24,39,0,39522,31028,34440,2,0,0,317
63,1,19,1060736,benign,183,153,11142,0,8033,3088,1,2616,2929,0,686,39434,3245,3,52,1284,744,426,4,13676,7956,30372,0,0,654,8842,7672,11550,0,0,0,18,25,39,0,39391,30949,34184,2,0,0,317
64,6,21,1060737,benign,189,151,11132,0,8021,3079,1,2616,2929,0,695,39516,3245,3,52,1340,725,426,3,13644,7775,30321,0,0,654,8850,7697,11561,0,0,0,18,23,39,0,39396,30987,34274,2,0,0,317
65,9,26,1060755,benign,193,151,11120,0,8007,3080,1,2616,2929,0,691,39428,3245,3,52,1362,691,425,3,13694,7852,30309,0,0,654,8828,7670,11541,0,0,0,18,25,39,0,39828,30909,34160,2,0,0,316
66,9,5,1060723,benign,198,153,11143,0,8031,3088,1,2616,2929,0,700,39597,3245,3,52,1352,795,420,3,13590,7719,30277,0,0,654,8843,7673,11556,0,0,0,18,25,39,0,39719,30908,34098,2,0,0,317
67,4,21,1060767,benign,195,153,11138,0,8028,3087,1,2616,2929,0,694,39457,3245,3,52,1600,694,426,3,13778,7639,30328,0,0,654,8857,7678,11527,0,0,0,18,25,39,0,39620,31179,34433,2,0,0,317
68,10,9,1060755,benign,189,153,11152,0,8041,3094,1,2616,2929,0,697,39491,3245,3,52,1297,762,324,4,13728,8031,30341,0,0,654,8826,7679,11549,0,0,0,18,23,39,0,39419,31090,34461,2,0,0,317
69,7,15,1060726,benign,192,153,11148,0,8037,3089,1,2616,2929,0,702,39624,3245,3,52,1423,951,426,3,13588,7637,30348,0,0,654,8856,7672,11524,0,0,0,18,23,140,2,39518,31089,34361,2,0,0,317
70,3,20,1060745,benign,167,153,11123,1,8019,3088,1,2616,2929,0,718,39404,3245,3,51,1336,806,324,3,13335,7504,30385,0,0,654,8836,7658,11557,0,0,0,18,24,39,0,39132,30954,34212,3,0,0,316
71,7,0,1060739,benign,191,153,11133,1,8017,3082,1,2616,2929,0,706,39621,3245,3,52,1353,916,428,4,13436,7691,30339,0,0,654,8855,7666,11526,0,0,0,18,22,39,0,39508,30983,34256,2,0,0,317
72,4,9,1060720,benign,185,154,10849,0,7840,3023,1,2561,2872,0,711,39407,3147,3,53,1531,782,324,3,13408,7518,29638,0,0,640,8687,7497,11337,0,0,0,18,22,35,1,39328,30398,33697,2,0,0,317
73,4,25,1060734,benign,168,153,11117,0,8001,3087,1,2616,2929,0,696,39171,3245,3,52,1367,711,428,3,13644,7788,30272,0,0,654,8849,7702,11590,0,0,0,18,24,39,0,39472,30968,34247,2,0,0,317
74,3,25,1060743,SDC,171,153,11133,0,8024,3086,1,2616,2929,0,700,39573,3245,3,53,1333,951,324,3,13256,7432,30361,0,0,654,8870,7673,11516,0,0,0,18,24,39,0,39156,30793,34077,2,0,0,317
75,3,12,1060744,benign,166,153,11139,0,8028,3089,1,2616,2929,0,697,39655,3245,3,53,1336,741,324,3,13823,7893,30304,0,0,654,8831,7686,11572,0,0,0,18,22,39,0,39201,30733,33996,2,0,0,316
76,10,7,1060736,benign,167,153,11115,0,8009,3068,1,2616,2929,0,681,39080,3245,3,52,1307,776,324,3,13533,7615,30393,0,0,654,8862,7669,11535,0,0,0,18,23,141,2,39514,31005,34416,2,0,0,317
77,6,7,1060768,benign,187,153,11115,0,8003,3083,1,2616,2929,0,692,39570,3245,3,52,1501,732,323,3,13535,7773,30397,0,0,654,8840,7667,11521,0,0,0,18,23,39,0,39813,30971,34211,2,0,0,317
78,10,15,1060728,benign,187,153,11107,0,7993,3073,1,2616,2929,0,683,39219,3245,3,51,1344,920,324,3,13986,7911,30430,0,0,654,8847,7693,11554,0,0,0,18,23,38,0,39656,31034,34353,2,0,0,317
79,10,31,1060753,benign,193,153,11138,0,8032,3083,1,2616,2929,0,688,39328,3245,3,52,1549,846,324,3,13630,7758,30388,0,0,654,8837,7666,11563,0,0,0,18,23,139,2,40046,30975,34214,2,0,0,317
80,4,28,1060721,benign,193,153,11144,0,8034,3081,1,2616,2929,0,690,39879,3245,3,53,1498,755,324,4,13560,7879,30391,0,0,654,8861,7629,11534,0,0,0,18,22,265,2,39836,31140,34588,2,0,0,317
81,10,29,1060730,benign,191,153,11113,0,8000,3084,1,2616,2929,0,696,39745,3245,3,52,1521,703,427,3,13703,7626,30383,0,0,654,8845,7701,11555,0,0,0,18,24,39,0,39725,31245,34552,2,0,0,317
82,6,15,1060742,benign,165,151,11110,1,8004,3079,1,2616,2929,0,706,39497,3245,3,51,1348,767,324,3,13174,7373,30284,0,0,654,8848,7673,11579,0,0,0,18,21,39,0,39399,30921,34185,3,0,0,317
83,9,27,1060726,benign,191,153,11104,0,7997,3089,1,2616,2929,0,692,39577,3245,3,52,1423,738,323,4,13393,7630,30382,0,0,654,8840,7673,11555,0,0,0,18,23,39,0,39403,31283,34537,2,0,0,317
84,4,10,1060760,benign,198,153,11127,0,8024,3083,1,2616,2929,0,681,39597,3245,3,52,1403,978,428,3,13646,7801,30368,0,0,654,8834,7682,11558,0,0,0,18,24,39,0,39763,30888,34142,2,0,0,317
85,7,23,1060767,benign,191,153,11115,0,7999,3074,1,2616,2929,0,709,39904,3245,3,53,1355,735,324,3,13916,7994,30297,0,0,654,8850,7682,11535,0,0,0,18,24,141,2,39623,30933,34441,2,0,0,317
86,6,27,1060726,benign,190,151,11130,0,8022,3084,1,2616,2929,0,691,39462,3245,3,53,1378,729,324,3,13558,7836,30320,0,0,654,8834,7633,11513,0,0,0,18,25,39,0,39502,31012,34295,2,0,0,317
87,1,8,1060759,benign,184,153,11136,0,8032,3089,1,2616,2929,0,703,39495,3245,3,53,1325,749,324,3,13558,7615,30416,0,0,654,8857,7643,11517,0,0,0,18,24,38,0,39311,30954,34206,2,0,0,317
88,8,8,1060755,benign,166,153,11114,0,8007,3094,1,2616,2930,0,680,39410,3245,3,53,1376,673,324,3,13242,7461,30404,0,0,654,8855,7683,11561,0,0,0,18,24,141,2,39358,30753,34020,2,0,0,317
89,1,31,1060749,benign,190,153,11152,0,8030,3095,1,2616,2929,0,694,39416,3245,3,52,1491,699,324,4,13571,7861,30347,0,0,654,8807,7685,11553,0,0,0,18,22,140,2,39445,31311,34598,2,0,0,317
90,7,28,1060760,benign,167,153,11158,0,8045,3093,1,2616,2929,0,679,39245,3245,3,52,1488,725,426,3,13522,7825,30456,0,0,654,8872,7716,11595,0,0,0,18,23,39,0,39120,30850,34085,2,0,0,317
91,8,11,1060763,benign,188,153,11138,0,8026,3080,1,2616,2929,0,681,39447,3245,3,52,1476,726,324,3,13425,7627,30330,0,0,654,8843,7667,11539,0,0,0,19,25,41,0,39662,31304,34578,2,0,0,317
92,2,22,1060736,benign,167,153,11145,0,8029,3090,1,2616,2929,0,685,39155,3245,3,53,1338,744,324,3,13290,7417,30385,0,0,654,8856,7681,11551,0,0,0,18,24,39,0,39160,30857,34097,2,0,0,317
94,2,4,1060724,benign,200,153,11121,0,8007,3085,1,2616,2929,0,716,39759,3245,3,52,1344,724,324,3,13607,7892,30374,0,0,654,8856,7669,11540,0,0,0,18,24,39,0,39772,31229,34496,2,0,0,317
95,3,2,1060750,crash/hangs,-,-,-,-,-,-,-,-,-,-,-,-,-,-,-,-,-,-,-,-,-,-,-,-,-,-,-,-,-,-,-,-,-,-,-,-,-,-,-,-,-,-
96,8,11,1060750,benign,166,153,11116,0,8006,3089,1,2616,2929,0,719,39635,3245,3,52,1478,718,324,4,13458,7368,30275,0,0,654,8837,7696,11560,0,0,0,18,23,39,0,39233,30709,34132,2,0,0,317
97,9,4,1060745,benign,187,153,11142,1,8030,3082,1,2616,2929,0,691,39617,3245,3,52,1334,720,324,3,13505,7638,30357,0,0,654,8849,7690,11564,0,0,0,18,24,39,0,39379,30983,34260,2,0,0,317
98,8,18,1060721,benign,168,153,11147,0,8042,3079,1,2616,2929,0,698,39467,3245,3,53,1301,922,426,3,13341,7597,30306,0,0,654,8849,7657,11526,0,0,0,18,22,39,0,39455,31030,34296,2,0,0,317
99,5,26,1060736,benign,191,153,11132,0,8024,3089,1,2616,2930,0,692,39492,3245,3,52,1573,793,324,3,13668,7762,30346,0,0,654,8835,7681,11559,0,0,0,18,23,325,2,39687,31228,34721,2,0,0,317
100,4,11,1060721,benign,183,153,11122,0,8016,3088,1,2616,2929,0,708,39858,3245,3,52,1534,725,324,3,13558,7791,30398,0,0,654,8848,7699,11561,0,0,0,18,24,39,0,39408,31195,34467,2,0,0,317
101,9,10,1060768,benign,196,154,11144,0,8037,3096,1,2616,2929,0,695,39908,3245,3,54,1401,758,323,3,13564,7676,30303,0,0,654,8854,7662,11538,0,0,0,18,24,141,2,39420,31306,34504,2,0,0,317
102,5,10,1060745,benign,182,153,11137,0,8039,3081,1,2616,2929,0,694,39490,3245,3,52,1373,734,324,3,13510,7724,30412,0,0,654,8848,7644,11552,0,0,0,18,24,39,0,39716,31153,34542,2,0,0,317
103,9,31,1060749,benign,192,154,11102,1,7998,3092,1,2616,2929,0,681,39553,3245,3,53,1347,733,334,3,13908,8211,30388,0,0,654,8853,7633,11528,0,0,0,18,24,49,2,39309,31027,34212,3,0,0,317
104,3,24,1060749,benign,167,155,10905,0,7872,3021,1,2555,2854,1,693,38926,3156,3,54,1423,747,426,3,13307,7536,29667,0,0,640,8624,7445,11303,0,0,0,18,21,39,0,39167,30273,33658,2,0,0,317
105,3,20,1060761,benign,196,153,11129,0,8019,3081,1,2616,2929,0,687,39586,3245,3,52,1532,777,324,3,13550,7849,30388,0,0,654,8851,7664,11538,0,0,0,18,22,39,0,39514,31106,34336,2,0,0,317
106,4,7,1060754,benign,186,153,11118,0,8008,3091,1,2616,2929,0,671,39384,3245,3,52,1562,725,426,3,13635,7905,30413,0,0,654,8842,7650,11518,0,0,0,18,24,38,0,39410,31214,34489,2,0,0,317
107,3,14,1060736,SDC,193,153,11144,0,8032,3089,1,2616,2929,0,695,39819,3245,3,52,1351,693,374,3,13481,7611,30303,0,0,654,8868,7668,11546,0,0,0,19,28,41,0,39478,31124,34352,2,0,0,317
108,10,28,1060741,benign,189,153,11115,0,8008,3079,1,2616,2929,0,692,39728,3245,3,53,1326,768,612,3,13669,7861,30386,0,0,654,8841,7680,11575,0,0,0,18,22,39,0,39796,31317,34609,2,0,0,317
109,10,22,1060767,benign,167,151,11148,0,8026,3084,1,2616,2929,0,685,39440,3245,3,53,1405,931,324,3,13211,7538,30331,0,0,654,8851,7645,11493,0,0,0,18,24,39,0,39543,30710,34120,2,0,0,317
111,7,2,1060767,benign,192,151,11115,0,8006,3072,1,2616,2929,0,699,39590,3245,3,52,1369,726,425,3,13729,7920,30391,0,0,654,8836,7674,11520,0,0,0,18,24,39,0,39602,31346,34627,2,0,0,317
112,10,0,1060748,benign,167,153,11161,0,8052,3086,1,2616,2929,0,683,39061,3245,3,53,1344,735,324,3,13599,7496,30336,0,0,654,8860,7663,11540,0,0,0,18,23,141,2,39321,30809,34040,2,0,0,317
113,1,2,1060722,crash/hangs,-,-,-,-,-,-,-,-,-,-,-,-,-,-,-,-,-,-,-,-,-,-,-,-,-,-,-,-,-,-,-,-,-,-,-,-,-,-,-,-,-,-
114,8,24,1060723,benign,198,153,11128,0,8011,3079,1,2616,2929,0,686,39477,3245,3,52,1333,830,428,4,13494,7777,30498,0,0,654,8849,7686,11544,0,0,0,19,27,41,0,39859,30883,34342,2,0,0,317
115,10,27,1060721,benign,192,153,11143,0,8030,3092,1,2616,2929,0,700,39565,3245,3,53,1368,726,426,3,13611,7506,30304,0,0,654,8839,7659,11528,0,0,0,18,23,141,2,39787,31070,34351,2,0,0,317
116,5,17,1060736,benign,167,151,11154,0,8051,3090,1,2616,2929,0,695,39621,3245,3,52,1350,819,324,3,13333,7481,30338,0,0,654,8841,7684,11563,0,0,0,18,23,39,0,39245,30788,34180,2,0,0,317
117,5,9,1060738,benign,196,153,11130,0,8019,3084,1,2616,2929,0,699,39760,3245,3,52,1364,712,324,3,13565,7515,30315,0,0,654,8869,7677,11590,0,0,0,18,25,39,0,39502,30953,34315,2,0,0,317
118,5,25,1060757,benign,169,154,10848,0,7826,3005,1,2548,2847,0,662,38298,3147,3,54,1301,775,324,4,12880,7159,29351,0,0,638,8617,7431,11270,0,0,0,18,24,39,0,38801,30013,33273,2,0,0,317
119,2,9,1060750,benign,185,151,11102,0,8000,3078,1,2616,2929,0,690,39644,3245,3,52,1367,707,426,3,13729,8018,30352,0,0,654,8857,7691,11574,0,0,0,18,24,39,0,39469,31232,34675,2,0,0,317
120,5,1,1060736,benign,192,153,11135,0,8025,3086,1,2616,2929,0,694,39835,3245,3,52,1376,773,324,3,13528,7726,30453,0,0,654,8823,7669,11558,0,0,0,18,22,39,0,39585,31441,34916,2,0,0,317
121,6,14,1060722,benign,195,153,11132,0,8028,3075,1,2616,2929,0,701,39948,3245,3,52,1327,781,323,3,13513,7810,30379,0,0,654,8848,7685,11551,0,0,0,18,22,39,0,39531,30930,34220,2,0,0,317
122,3,20,1060740,SDC,165,153,11100,0,7986,3073,1,2616,2930,0,696,39399,3245,3,52,1333,781,324,4,13388,7637,30403,0,0,654,8844,7675,11527,0,0,0,18,24,39,0,39439,30730,34117,2,0,0,317
123,2,11,1060757,benign,190,153,11163,0,8047,3092,1,2616,2929,0,691,39519,3245,3,53,1362,754,324,3,13614,7592,30411,0,0,654,8862,7663,11535,0,0,0,19,28,143,2,39622,31195,34455,2,0,0,317
124,3,23,1060762,benign,187,151,11139,0,8030,3092,1,2616,2929,0,691,39472,3245,3,52,1326,939,324,3,13496,7608,30316,0,0,654,8861,7689,11577,0,0,0,18,24,39,0,39545,31235,34495,2,0,0,317
125,7,7,1060765,benign,166,153,11092,0,7982,3069,1,2616,2929,0,697,39299,3245,3,52,1537,767,324,4,13285,7379,30267,0,0,654,8858,7658,11522,0,0,0,18,23,39,0,39133,30750,34260,2,0,0,317
126,1,10,1060744,benign,168,153,11114,0,8004,3086,1,2616,2929,0,691,39220,3245,3,52,1416,726,426,4,13561,7754,30312,0,0,654,8852,7662,11537,0,0,0,18,23,39,0,39569,30810,34077,2,0,0,317
127,10,5,1060721,benign,183,153,11158,0,8047,3086,1,2616,2929,0,689,39529,3245,3,52,1585,718,427,3,13633,7885,30360,0,0,654,8852,7683,11580,0,0,0,18,24,39,0,39671,31180,34457,2,0,0,316
128,3,7,1060723,benign,188,153,11123,0,8016,3083,1,2616,2929,0,696,39725,3245,3,53,1463,757,324,4,13733,7921,30376,0,0,654,8860,7684,11584,0,0,0,18,22,33,0,39565,31138,34394,2,0,0,317
129,2,15,1060756,benign,167,151,11138,0,8029,3081,1,2616,2929,0,712,39567,3245,3,53,1443,753,426,3,13219,7553,30329,0,0,654,8852,7687,11542,0,0,0,18,21,39,0,39473,30683,33934,2,0,0,317
130,7,29,1060720,benign,191,153,11141,0,8030,3083,1,2616,2929,0,711,39673,3245,3,53,1360,735,324,4,13427,7526,30250,0,0,654,8864,7691,11553,0,0,0,18,24,39,0,39421,31025,34275,2,0,0,317
131,9,16,1060763,benign,191,153,11101,0,7998,3088,1,2616,2929,0,686,39318,3245,3,52,1351,757,324,3,13756,8035,30367,0,0,654,8849,7686,11514,0,0,0,18,24,39,0,39377,31075,34329,2,0,0,317
132,1,0,1060751,benign,187,153,11162,0,8046,3082,1,2616,2929,0,698,39766,3245,3,52,1353,935,324,3,13574,7841,30367,0,0,654,8860,7645,11546,0,0,0,18,23,39,0,39466,31234,34495,2,0,0,317
133,5,18,1060744,benign,194,151,11109,0,7997,3079,1,2616,2929,0,698,39554,3245,3,52,1364,702,324,3,13526,7766,30327,0,0,654,8824,7649,11521,0,0,0,18,23,33,0,39511,31119,34364,2,0,0,317
134,10,19,1060754,benign,188,151,11121,0,8019,3069,1,2616,2929,0,698,39385,3245,3,52,1562,762,323,3,13702,7876,30425,0,0,654,8849,7649,11544,0,0,0,18,23,39,0,39385,31153,34360,2,0,0,317
135,9,0,1060737,benign,185,153,11146,0,8035,3088,1,2616,2929,0,695,39388,3245,3,52,1368,755,324,3,13867,7984,30377,0,0,654,8833,7645,11510,0,0,0,18,23,39,0,39438,31163,34455,2,0,0,317
136,7,17,1060762,benign,194,153,11094,0,7978,3079,1,2616,2929,0,691,39671,3245,3,52,1395,709,324,3,13427,7623,30305,0,0,654,8837,7647,11481,0,0,0,18,24,38,0,39630,31082,34343,2,0,0,317
137,5,3,1060765,benign,183,153,11157,0,8045,3078,1,2616,2929,0,708,39556,3245,3,52,1307,1020,324,3,13630,7741,30352,0,0,654,8855,7651,11506,0,0,0,18,24,141,2,39743,31030,34265,2,0,0,317
138,8,17,1060738,benign,167,151,11137,0,8032,3085,1,2616,2929,0,703,39456,3245,3,52,1389,747,324,3,13511,7378,30270,0,0,654,8847,7692,11564,0,0,0,18,23,140,2,39581,30980,34274,2,0,0,317
139,6,9,1060737,benign,183,153,11129,0,8027,3085,1,2616,2929,0,689,39586,3245,3,52,1330,760,324,3,13575,7876,30339,0,0,654,8844,7676,11557,0,0,0,18,24,39,0,39522,31133,34396,2,0,0,317
140,9,29,1060758,benign,168,153,11125,0,8012,3087,1,2616,2929,0,699,39493,3245,3,52,1586,756,428,3,13076,7239,30263,0,0,654,8838,7625,11529,0,0,0,18,24,39,0,39085,31021,34266,2,0,0,316
141,6,23,1060723,benign,189,153,11148,0,8040,3079,1,2616,2929,0,689,39553,3245,3,52,1552,755,324,3,13583,7758,30349,0,0,654,8838,7664,11532,0,0,0,18,24,39,0,39647,31054,34303,2,0,0,317
142,9,23,1060720,benign,191,153,11134,0,8030,3088,1,2616,2929,0,685,39423,3245,3,52,1359,718,323,3,13645,7846,30366,0,0,654,8852,7666,11526,0,0,0,18,24,39,0,39432,31039,34303,2,0,0,317
143,5,3,1060723,benign,189,153,11082,0,7977,3085,1,2616,2929,0,686,39397,3245,3,52,1351,757,324,3,13719,7849,30366,0,0,654,8870,7684,11555,0,0,0,18,24,39,0,39371,31315,34563,2,0,0,317
144,5,28,1060736,benign,193,153,11134,1,8019,3086,1,2616,2929,0,692,39804,3245,3,51,1436,818,424,3,13839,7722,30416,0,0,654,8852,7690,11589,0,0,0,18,25,39,0,39604,31009,34373,3,0,0,316
145,3,29,1060762,benign,181,151,11124,0,8011,3085,1,2616,2929,0,709,40053,3245,3,52,1519,771,324,3,13605,7785,30390,0,0,654,8855,7673,11543,0,0,0,18,23,39,0,39414,31050,34376,2,0,0,317
146,6,29,1060739,benign,166,151,11130,0,8008,3075,1,2616,2929,0,704,39508,3245,3,52,1517,748,425,3,13599,7776,30297,0,0,654,8852,7662,11533,0,0,0,18,22,39,0,39250,30721,34010,2,0,0,317
147,1,11,1060750,benign,188,151,11115,0,8002,3080,1,2616,2929,0,689,39386,3245,3,54,1550,863,324,3,13610,7748,30397,0,0,654,8834,7663,11543,0,0,0,18,24,39,0,39525,31102,34383,2,0,0,317
148,4,9,1060731,benign,190,151,11159,0,8047,3089,1,2616,2929,0,689,39803,3245,3,51,1440,760,375,3,13363,7588,30363,0,0,654,8865,7681,11567,0,0,0,18,23,39,0,39608,31019,34258,2,0,0,316
149,10,5,1060755,benign,192,153,11102,0,7990,3077,1,2616,2929,0,698,39679,3245,3,52,1496,791,324,3,13678,7803,30328,0,0,654,8832,7645,11526,0,0,0,19,26,41,0,39294,31017,34367,2,0,0,317
150,4,25,1060744,benign,166,153,11155,0,8041,3081,1,2616,2929,0,711,39652,3245,3,52,1698,698,324,3,13654,7589,30395,0,0,654,8861,7680,11565,0,0,0,19,28,41,0,39452,30983,34179,2,0,0,317
151,3,22,1060726,benign,188,153,11121,0,7999,3075,1,2616,2929,0,705,39777,3245,3,52,1376,700,426,3,13570,7752,30350,0,0,654,8837,7657,11552,0,0,0,18,23,39,0,39476,31339,34597,2,0,0,316
152,4,30,1060725,benign,191,153,11135,0,8016,3088,1,2616,2929,0,677,39381,3245,3,52,1492,757,324,4,13925,7920,30426,0,0,654,8845,7689,11561,0,0,0,18,23,39,0,39751,30954,34240,2,0,0,317
153,3,13,1060747,benign,167,153,11159,0,8042,3077,1,2616,2929,0,695,39266,3245,3,51,1333,766,324,3,13559,7772,30398,0,0,654,8841,7669,11536,0,0,0,18,23,39,0,39078,30711,33987,2,0,0,317
154,1,13,1060740,benign,166,153,11136,0,8015,3082,1,2616,2929,0,690,39396,3245,3,53,1331,804,323,3,13233,7436,30448,0,0,654,8861,7652,11554,0,0,0,18,24,251,2,39307,30690,33955,2,0,0,317
155,6,1,1060734,benign,189,153,11134,0,8031,3084,1,2616,2929,0,696,39373,3245,3,52,1382,759,324,3,13756,7850,30328,0,0,654,8844,7674,11543,0,0,0,18,24,33,0,39578,30933,34176,2,0,0,317
156,7,27,1060739,benign,167,151,11140,0,8029,3084,1,2616,2929,0,697,39660,3245,3,52,1350,797,426,3,13782,7900,30382,0,0,654,8844,7696,11569,0,0,0,18,22,39,0,39035,30978,34246,2,0,0,317
157,7,2,1060724,benign,199,153,11101,0,7993,3074,1,2616,2929,0,693,39657,3245,3,52,1382,869,429,3,13684,7764,30337,0,0,654,8833,7675,11562,0,0,0,18,24,39,0,39668,31176,34416,2,0,0,317
158,8,5,1060732,benign,192,153,11109,0,7993,3080,1,2616,2929,0,691,39662,3245,3,52,1347,759,324,4,13715,7729,30382,0,0,654,8827,7672,11562,0,0,0,18,23,142,2,39730,31057,34281,2,0,0,317
159,8,10,1060753,benign,191,151,11140,0,8020,3080,1,2616,2929,0,687,39363,3245,3,53,1518,738,425,3,13586,7639,30410,0,0,654,8832,7672,11539,0,0,0,18,22,39,0,39471,31126,34382,2,0,0,317
160,1,15,1060740,benign,167,151,11133,0,8014,3083,1,2616,2929,0,685,39353,3245,3,52,1356,722,324,4,13465,7591,30298,0,0,654,8869,7681,11561,0,0,0,18,24,39,0,39587,30708,33952,2,0,0,317
161,1,15,1060758,benign,166,153,11112,0,7999,3089,1,2616,2929,0,683,39272,3245,3,52,1522,886,324,3,13288,7581,30381,0,0,654,8837,7665,11510,0,0,0,18,24,141,2,39566,30843,34119,2,0,0,317
162,8,2,1060757,benign,166,153,11135,0,8021,3081,1,2616,2929,0,690,39305,3245,3,52,1339,765,324,4,13329,7619,30443,0,0,654,8851,7670,11538,0,0,0,18,25,39,0,39368,30747,33991,2,0,0,317
163,7,18,1060725,benign,167,153,11113,0,8004,3089,1,2616,2929,0,685,39217,3245,3,52,1501,788,426,4,13741,7973,30343,0,0,654,8839,7655,11537,0,0,0,18,24,39,0,39129,30768,34027,2,0,0,317
164,10,3,1060756,benign,185,153,11114,0,8000,3073,1,2616,2929,0,701,39746,3245,3,52,1354,769,428,3,13795,8061,30389,0,0,654,8823,7641,11506,0,0,0,18,23,141,2,39741,31085,34345,2,0,0,317
165,4,30,1060720,benign,169,154,11117,0,8023,3084,1,2616,2929,0,693,39374,3245,3,52,1523,808,324,3,13584,7793,30362,0,0,654,8851,7668,11561,0,0,0,18,23,39,0,39157,30727,33992,2,0,0,317
166,6,25,1060724,benign,183,153,11144,0,8037,3088,1,2616,2929,0,704,39767,3245,3,52,1303,779,324,3,13599,7987,30384,0,0,654,8857,7661,11528,0,0,0,18,21,141,2,39758,31058,34256,2,0,0,317
167,3,30,1060760,benign,184,153,11137,0,8024,3089,1,2616,2929,0,694,39706,3245,3,52,1376,751,324,3,13769,7864,30372,0,0,654,8853,7686,11562,0,0,0,18,23,39,0,39412,31122,34356,2,0,0,317
168,9,6,1060759,benign,184,153,11123,0,8016,3084,1,2616,2929,0,692,39784,3245,3,52,1274,797,426,4,13561,7628,30339,0,0,654,8823,7660,11546,0,0,0,18,24,39,0,39333,31323,34601,2,0,0,317
169,2,31,1060740,benign,184,151,11104,0,7995,3081,1,2616,2929,0,689,39507,3245,3,52,1629,766,428,3,13825,7856,30370,0,0,654,8866,7661,11537,0,0,0,18,23,39,0,39592,30853,34282,2,0,0,317
170,5,8,1060759,benign,187,154,11138,0,8031,3090,1,2616,2929,0,684,39316,3245,3,52,1368,930,426,4,13611,7838,30352,0,0,654,8828,7678,11561,0,0,0,18,22,35,1,39532,31025,34304,2,0,0,317
171,4,12,1060761,benign,193,153,11148,0,8028,3074,1,2616,2929,0,703,39799,3245,3,52,1564,837,324,3,13764,8037,30440,0,0,654,8862,7680,11557,0,0,0,18,23,39,0,39480,31392,34759,2,0,0,317
172,8,18,1060735,benign,165,153,11114,0,8003,3089,1,2616,2929,0,695,39390,3245,3,52,1482,790,323,3,13517,7797,30352,0,0,654,8855,7662,11532,0,0,0,18,24,39,0,39342,30831,34085,2,0,0,317
173,5,3,1060727,benign,166,153,11121,0,8006,3083,1,2616,2929,0,691,39200,3245,3,53,1437,750,426,3,13444,7794,30292,0,0,654,8838,7666,11582,0,0,0,18,23,39,0,39245,30867,34148,2,0,0,317
174,5,14,1060730,benign,165,153,11116,0,8004,3083,1,2616,2929,0,686,39171,3245,3,52,1306,774,425,4,13540,7604,30341,0,0,654,8844,7682,11554,0,0,0,18,23,39,0,39054,30790,34095,2,0,0,317
175,7,22,1060757,benign,165,153,11107,0,7997,3085,1,2616,2929,0,690,39411,3245,3,52,1521,722,324,3,13516,7362,30263,0,0,654,8880,7646,11531,0,0,0,18,22,39,0,39176,30981,34424,2,0,0,317
176,3,4,1060720,benign,198,153,11145,0,8032,3082,1,2616,2929,0,695,39610,3245,3,52,1336,709,324,3,13522,7755,30380,0,0,654,8861,7675,11561,0,0,0,18,24,143,2,39519,31092,34342,2,0,0,317
177,2,16,1060724,benign,194,153,11154,0,8043,3078,1,2616,2929,0,694,39847,3245,3,52,1431,711,428,3,13575,7722,30348,0,0,654,8865,7672,11562,0,0,0,18,24,39,0,39508,30959,34204,2,0,0,317
178,1,5,1060764,benign,191,153,11117,0,8007,3071,1,2616,2929,0,702,39665,3245,3,52,1375,749,324,3,13650,7852,30370,0,0,654,8823,7645,11530,0,0,0,18,24,39,0,39677,30961,34182,2,0,0,317
179,7,31,1060732,benign,191,153,11139,0,8008,3082,1,2616,2929,0,690,39410,3245,3,52,1339,751,324,3,13825,7820,30476,0,0,654,8854,7644,11506,0,0,0,18,24,39,0,39371,31153,34442,2,0,0,317
180,9,3,1060721,benign,184,151,11105,0,7993,3093,1,2616,2929,0,706,39763,3245,3,52,1315,723,324,3,13736,7998,30395,0,0,654,8827,7673,11544,0,0,0,18,24,38,0,39598,31278,34607,2,0,0,317
182,2,21,1060757,benign,190,153,11139,0,8026,3076,1,2616,2929,0,710,39551,3245,3,52,1405,726,324,3,13509,7740,30403,0,0,654,8865,7659,11545,0,0,0,18,24,39,0,39676,30907,34162,2,0,0,317
183,9,15,1060751,benign,202,153,11141,0,8029,3088,1,2616,2929,0,697,39598,3245,3,52,1358,940,428,3,13482,7644,30366,0,0,654,8814,7642,11531,0,0,0,18,23,39,0,39506,31058,34294,2,0,0,317
184,8,12,1060757,benign,184,153,11107,0,8001,3083,1,2616,2929,0,690,39257,3245,3,52,1348,719,324,3,13650,7604,30340,0,0,654,8841,7682,11565,0,0,0,19,27,134,2,39718,31363,34644,2,0,0,317
185,3,2,1060749,crash/hangs,-,-,-,-,-,-,-,-,-,-,-,-,-,-,-,-,-,-,-,-,-,-,-,-,-,-,-,-,-,-,-,-,-,-,-,-,-,-,-,-,-,-
186,9,22,1060752,benign,189,153,11132,0,8023,3090,1,2616,2929,0,701,39466,3245,3,52,1367,693,324,4,13691,7913,30374,0,0,654,8866,7679,11557,0,0,0,18,25,39,0,39686,30889,34155,2,0,0,317
187,10,14,1060730,benign,165,153,11118,0,8009,3081,1,2616,2929,0,706,39523,3245,3,52,1312,760,324,3,13531,7716,30275,0,0,654,8863,7677,11565,0,0,0,18,23,39,0,39195,31012,34296,2,0,0,317
188,8,8,1060738,benign,185,153,11145,0,8039,3085,1,2616,2929,0,690,39714,3245,3,52,1362,731,324,3,13657,7887,30270,0,0,654,8845,7679,11555,0,0,0,18,22,137,2,39914,31205,34449,2,0,0,317
189,6,17,1060737,benign,196,153,11144,0,8032,3086,1,2616,2929,0,690,39506,3245,3,52,1578,725,324,4,13750,7929,30302,0,0,654,8837,7688,11566,0,0,0,18,23,141,2,39689,30883,34094,2,0,0,317
190,10,3,1060748,benign,190,153,11140,0,8024,3087,1,2616,2929,0,695,39455,3245,3,52,1569,692,426,3,13891,8161,30417,0,0,654,8820,7653,11557,0,0,0,18,25,39,0,39716,31058,34338,2,0,0,317
191,7,1,1060735,benign,168,153,11120,0,8007,3086,1,2616,2929,0,701,39585,3245,3,52,1346,765,324,3,13440,7709,30364,0,0,654,8852,7644,11542,0,0,0,18,23,39,0,39406,30826,34113,2,0,0,317
192,6,20,1060756,benign,168,153,11163,0,8046,3077,1,2616,2929,0,698,39391,3245,3,52,1339,761,324,3,13251,7571,30444,0,0,654,8816,7680,11584,0,0,0,18,24,39,0,39236,31047,34289,2,0,0,317
193,8,14,1060739,benign,166,153,11154,0,8038,3092,1,2616,2929,0,711,39483,3245,3,52,1328,709,324,3,13339,7560,30300,0,0,654,8849,7651,11510,0,0,0,18,23,39,0,39163,30956,34369,2,0,0,317
194,4,12,1060729,benign,187,153,11125,0,8020,3086,1,2616,2929,0,702,39757,3245,3,52,1316,738,537,4,13601,7881,30252,0,0,654,8864,7652,11532,0,0,0,18,24,39,0,39415,31232,34652,2,0,0,317
195,9,23,1060726,benign,167,153,11164,0,8044,3096,1,2616,2929,0,709,39430,3245,3,52,1525,750,318,3,13589,7584,30397,0,0,654,8848,7653,11524,0,0,0,18,24,39,0,39174,30632,33853,2,0,0,317
196,5,7,1060764,benign,189,153,11123,0,7997,3082,1,2616,2929,0,682,39497,3245,3,52,1334,805,324,4,13851,8097,30361,0,0,654,8843,7688,11533,0,0,0,18,24,39,0,39520,31245,34744,2,0,0,317
197,4,15,1060724,benign,166,151,11141,0,8033,3088,1,2616,2929,0,690,39377,3245,3,53,1323,700,324,3,13416,7519,30361,0,0,654,8832,7671,11572,0,0,0,19,26,41,0,39405,31019,34277,2,0,0,317
198,4,5,1060768,benign,167,153,11119,0,8008,3083,1,2616,2929,0,691,39158,3245,3,52,1533,768,324,4,13474,7571,30336,0,0,654,8846,7649,11490,0,0,0,18,23,39,0,39193,31075,34350,2,0,0,317
199,2,14,1060762,benign,182,151,11139,0,8029,3091,1,2616,2929,0,684,39376,3245,3,52,1284,795,324,3,13597,7852,30391,0,0,654,8820,7681,11575,0,0,0,19,26,35,0,39433,30878,34132,2,0,0,317
200,8,10,1060732,benign,190,153,11125,0,8010,3077,1,2616,2929,0,697,39744,3245,3,52,1344,765,324,3,13541,7822,30384,0,0,654,8869,7657,11533,0,0,0,18,24,39,0,39800,31129,34350,2,0,0,317
201,10,8,1060741,benign,195,151,11108,0,8007,3084,1,2616,2929,0,679,39540,3245,3,52,1561,716,324,4,13714,7907,30312,0,0,654,8853,7704,11568,0,0,0,18,23,39,0,39455,31105,34353,2,0,0,317
202,6,18,1060744,benign,166,153,11140,0,8028,3085,1,2616,2929,0,698,39665,3245,3,53,1318,754,324,3,13539,7666,30414,0,0,654,8854,7662,11529,0,0,0,18,23,39,0,39288,30913,34131,2,0,0,317
203,6,15,1060728,benign,192,153,11119,0,8004,3080,1,2616,2929,0,705,39612,3245,3,52,1349,788,324,3,13712,7824,30316,0,0,654,8848,7700,11552,0,0,0,18,24,39,0,39356,31062,34328,2,0,0,317
204,3,16,1060721,benign,165,151,11128,0,8014,3089,1,2616,2929,0,701,39295,3245,3,52,1557,712,426,3,13508,7568,30301,0,0,654,8838,7616,11536,0,0,0,18,25,39,0,39600,30762,34018,2,0,0,317
205,5,16,1060745,benign,187,153,11115,0,8006,3088,1,2616,2929,0,691,39542,3245,3,52,1367,759,323,4,13704,7918,30297,0,0,654,8841,7681,11527,0,0,0,18,24,39,0,39749,31215,34486,2,0,0,317
206,9,6,1060723,benign,190,153,11119,0,8007,3071,1,2616,2929,0,698,39486,3245,3,52,1348,765,324,3,13704,8001,30335,0,0,654,8829,7664,11514,0,0,0,18,25,39,0,39457,31062,34287,2,0,0,317
207,6,30,1060724,benign,190,154,11117,1,8002,3092,1,2616,2929,0,686,39425,3245,3,53,1449,703,435,3,13796,8113,30327,0,0,654,8822,7674,11573,0,0,0,18,23,48,2,39731,30997,34266,3,0,0,317
208,6,19,1060721,benign,190,151,11122,0,8014,3085,1,2616,2929,0,680,39509,3245,3,53,1317,728,323,3,13455,7731,30330,0,0,654,8841,7664,11542,0,0,0,18,23,38,0,39666,31041,34304,2,0,0,317
209,8,21,1060764,benign,192,154,10851,0,7838,3013,1,2548,2847,0,673,38853,3147,3,53,1301,755,324,4,13164,7375,29530,0,0,638,8616,7407,11261,0,0,0,18,22,39,0,38611,30313,33594,2,0,0,317
210,8,2,1060721,benign,186,153,11106,0,7998,3082,1,2616,2929,0,702,39722,3245,3,52,1333,947,324,3,13755,8006,30307,0,0,654,8864,7634,11513,0,0,0,18,25,33,0,39645,30950,34172,2,0,0,317
211,1,31,1060757,benign,191,153,11161,0,8056,3101,1,2616,2929,0,699,39588,3245,3,53,1361,725,324,3,13607,7876,30285,0,0,654,8820,7651,11529,0,0,0,18,23,39,0,39413,31149,34426,2,0,0,317
212,4,0,1060739,benign,194,153,11150,0,8034,3076,1,2616,2929,0,694,39474,3245,3,52,1353,925,420,3,13500,7653,30309,0,0,654,8849,7652,11545,0,0,0,18,25,39,0,39310,30937,34225,2,0,0,317
213,2,7,1060730,benign,186,153,11115,0,7999,3094,1,2616,2929,0,691,39315,3245,3,52,1585,728,426,3,13463,7707,30306,0,0,654,8842,7656,11551,0,0,0,18,23,39,0,39747,31076,34510,2,0,0,317
214,3,23,1060741,SDC,194,153,11142,0,8030,3083,1,2616,2929,0,689,39786,3245,3,52,1430,742,324,3,13624,7887,30419,0,0,654,8844,7692,11556,0,0,0,18,23,38,0,39416,31032,34304,2,0,0,317
215,9,8,1060745,benign,167,153,11143,0,8019,3079,1,2616,2929,0,688,39353,3245,3,51,1279,945,324,3,13408,7526,30308,0,0,654,8845,7647,11543,0,0,0,18,24,39,0,39184,30964,34477,2,0,0,317
216,4,19,1060742,benign,184,153,11105,0,8001,3086,1,2616,2929,0,700,39774,3245,3,52,1363,785,324,3,13570,7777,30373,0,0,654,8834,7645,11550,0,0,0,18,24,39,0,39447,31411,34672,2,0,0,317
217,3,28,1060761,benign,194,153,11151,0,8041,3088,1,2616,2929,0,687,39317,3245,3,52,1506,819,324,3,13546,7804,30381,0,0,654,8872,7664,11534,0,0,0,18,23,38,0,39449,31033,34310,2,0,0,317
218,7,27,1060722,benign,191,153,11150,0,8041,3088,1,2616,2929,0,697,39707,3245,3,53,1347,733,324,3,13692,7845,30339,0,0,654,8856,7689,11569,0,0,0,18,22,143,2,39547,30961,34206,2,0,0,317
219,7,31,1060746,benign,169,153,11122,0,8006,3077,1,2616,2929,0,687,39210,3245,3,52,1381,746,324,4,13358,7640,30400,0,0,654,8848,7654,11501,0,0,0,18,24,39,0,39371,30905,34171,2,0,0,317
220,6,11,1060720,benign,189,153,11160,0,8042,3084,1,2616,2929,0,695,39422,3245,3,52,1491,752,324,3,13732,7956,30521,0,0,654,8831,7641,11532,0,0,0,18,24,39,0,39504,31212,34474,2,0,0,317
221,9,9,1060759,benign,165,153,11132,0,8024,3082,1,2616,2929,0,695,39454,3245,3,53,1345,730,324,3,13513,7688,30289,0,0,654,8863,7637,11519,0,0,0,18,23,38,0,39260,30728,33971,2,0,0,317
222,10,12,1060731,benign,200,153,11101,0,7993,3088,1,2616,2929,0,697,39661,3245,3,52,1303,776,324,4,13686,7944,30326,0,0,654,8840,7651,11524,0,0,0,18,23,39,0,39582,31052,34312,2,0,0,316
223,7,6,1060737,benign,191,151,11098,0,7997,3083,1,2616,2929,0,696,39751,3245,3,52,1337,772,324,3,13538,7596,30350,0,0,654,8847,7708,11575,0,0,0,18,24,39,0,39545,31066,34295,2,0,0,317
224,3,7,1060744,benign,191,151,11144,0,8031,3074,1,2616,2929,0,687,39590,3245,3,53,1371,829,324,4,13651,7782,30341,0,0,654,8847,7641,11532,0,0,0,18,23,39,0,39602,30963,34169,2,0,0,317
225,5,19,1060759,benign,165,153,11107,0,8002,3094,1,2616,2929,0,695,39289,3245,3,53,1339,747,324,3,13313,7456,30303,0,0,654,8835,7642,11554,0,0,0,18,24,39,0,39213,30720,34007,2,0,0,317
226,8,22,1060728,benign,187,153,11144,0,8022,3076,1,2616,2929,0,700,39736,3245,3,53,1363,784,324,3,13720,7857,30274,0,0,654,8852,7681,11541,0,0,0,18,24,39,0,39461,31247,34511,2,0,0,317
227,8,16,1060765,benign,196,151,11141,0,8032,3087,1,2616,2929,0,698,39717,3245,3,52,1333,768,324,3,13605,7893,30344,0,0,654,8810,7641,11539,0,0,0,18,24,39,0,39312,31203,34436,2,0,0,316
228,6,27,1060739,benign,183,154,10876,0,7858,3019,1,2548,2847,2,686,39055,3147,3,53,1303,842,324,3,13561,7658,29644,0,0,638,8619,7437,11306,0,0,0,18,23,141,2,38880,30338,33621,2,0,0,317
229,7,21,1060766,benign,184,153,11141,0,8036,3089,1,2616,2929,0,685,39673,3245,3,52,1469,716,417,4,13849,7994,30370,0,0,654,8854,7688,11568,0,0,0,18,24,39,0,39735,31116,34378,2,0,0,317
230,2,4,1060724,benign,186,151,11180,0,8060,3099,1,2616,2929,0,692,39452,3245,3,52,1341,904,324,4,13719,8001,30383,0,0,654,8854,7662,11530,0,0,0,18,24,39,0,39571,31110,34367,2,0,0,317
231,7,13,1060763,benign,165,153,11135,0,8020,3086,1,2616,2929,0,692,39389,3245,3,53,1316,771,324,4,13288,7576,30406,0,0,654,8839,7672,11527,0,0,0,18,24,39,0,39166,30795,34079,2,0,0,317
232,10,17,1060737,benign,193,153,11154,0,8044,3087,1,2616,2929,0,697,39650,3245,3,52,1326,905,324,3,13495,7600,30356,0,0,654,8829,7695,11563,0,0,0,18,24,39,0,39513,30968,34238,2,0,0,317
233,1,31,1060730,SDC,187,153,11142,0,8023,3074,1,2616,2929,0,682,39376,3245,3,52,1560,686,324,3,13763,7902,30337,0,0,654,8859,7649,11543,0,0,0,18,23,39,0,39476,31195,34431,2,0,0,317
234,10,27,1060726,benign,189,153,11130,0,8012,3078,1,2616,2929,0,702,39542,3245,3,52,1334,755,324,3,13920,7871,30330,0,0,654,8843,7684,11556,0,0,0,18,24,39,0,39453,31025,34297,2,0,0,317
235,5,8,1060742,benign,193,153,11154,0,8035,3093,1,2616,2929,0,697,39621,3245,3,52,1369,767,428,3,13738,8055,30364,0,0,654,8851,7641,11525,0,0,0,18,25,39,0,39423,30904,34138,2,0,0,317
236,9,5,1060724,benign,164,153,11109,0,8001,3080,1,2616,2929,0,690,39268,3245,3,52,1353,960,324,3,13466,7593,30342,0,0,654,8849,7657,11509,0,0,0,18,22,315,2,39585,30820,34105,2,0,0,317
237,10,25,1060738,benign,169,153,11140,0,8022,3085,1,2616,2929,0,695,39271,3245,3,52,1640,694,324,3,13332,7467,30342,0,0,654,8868,7632,11522,0,0,0,18,25,39,0,39236,30789,34020,2,0,0,317
238,2,13,1060757,benign,188,151,11124,0,8016,3084,1,2616,2929,0,691,39613,3245,3,52,1372,925,324,3,13643,7878,30384,0,0,654,8867,7667,11549,0,0,0,18,22,39,0,39459,31107,34393,2,0,0,317
239,5,8,1060741,benign,194,151,11120,0,8013,3087,1,2616,2929,0,690,39306,3245,3,52,1296,726,420,4,13661,7858,30344,0,0,654,8822,7653,11555,0,0,0,18,24,39,0,39444,31219,34483,2,0,0,317
240,6,4,1060745,benign,186,154,11143,0,8029,3084,1,2616,2929,0,687,39567,3245,3,53,1368,699,324,3,13699,7839,30342,0,0,654,8853,7688,11576,0,0,0,18,23,39,0,39579,31211,34462,2,0,0,317
241,4,13,1060756,benign,193,153,11140,0,8028,3081,1,2616,2929,0,682,39381,3245,3,52,1351,769,324,3,13769,7919,30308,0,0,654,8848,7682,11557,0,0,0,18,23,39,0,39443,31394,34680,2,0,0,317
242,2,25,1060760,benign,170,153,11155,0,8045,3083,1,2616,2929,0,697,39365,3245,3,52,1320,791,324,3,13406,7591,30298,0,0,654,8840,7657,11540,0,0,0,18,24,39,0,39245,30558,33962,2,0,0,317
243,8,20,1060755,benign,186,153,11150,0,8034,3081,1,2616,2929,0,688,39538,3245,3,52,1668,778,324,4,13876,8044,30447,0,0,654,8823,7672,11578,0,0,0,18,23,39,0,39531,30934,34242,2,0,0,317
244,9,24,1060733,benign,191,153,11125,0,8012,3079,1,2616,2929,0,693,39517,3245,3,52,1357,746,324,3,13885,8018,30352,0,0,654,8800,7681,11546,0,0,0,18,22,38,0,39280,30964,34219,2,0,0,317
245,3,23,1060758,benign,193,153,11145,0,8028,3082,1,2616,2929,0,690,39477,3245,3,52,1325,752,324,3,13551,7755,30385,0,0,654,8808,7631,11503,0,0,0,18,23,39,0,39576,31135,34407,2,0,0,317
246,2,26,1060745,benign,185,153,11171,0,8062,3086,1,2616,2929,0,700,39744,3245,3,52,1587,707,426,3,13940,8207,30533,0,0,654,8861,7686,11562,0,0,0,18,24,39,0,39497,31104,34370,2,0,0,317
247,1,8,1060764,benign,194,153,11145,0,8022,3089,1,2616,2929,0,690,39458,3245,3,52,1323,777,324,3,13547,7839,30290,0,0,654,8848,7672,11550,0,0,0,18,24,39,0,39529,31213,34492,2,0,0,317
248,8,31,1060765,benign,190,153,11146,0,8026,3081,1,2616,2929,0,687,39698,3245,3,52,1348,935,324,3,13586,7784,30309,0,0,654,8862,7682,11577,0,0,0,18,25,141,2,39627,30903,34166,2,0,0,317
249,5,6,1060735,benign,191,153,11143,0,8042,3091,1,2616,2929,0,703,39701,3245,3,53,1398,731,318,4,13519,7792,30296,0,0,654,8840,7689,11565,0,0,0,18,24,39,0,39685,31257,34535,2,0,0,317
250,4,13,1060754,benign,185,153,11132,0,8020,3084,1,2616,2929,0,708,39732,3245,3,52,1325,1084,324,3,13330,7561,30294,0,0,654,8826,7651,11552,0,0,0,18,23,132,2,39994,31186,34447,2,0,0,316
251,8,27,1060751,benign,167,153,11122,0,8007,3086,1,2616,2929,0,698,39381,3245,3,53,1361,743,421,3,13370,7574,30300,0,0,654,8832,7635,11514,0,0,0,18,22,39,0,39090,30743,34007,2,0,0,317
252,7,21,1060746,benign,166,153,11125,0,8008,3080,1,2616,2929,0,695,39390,3245,3,53,1388,716,324,3,13564,7809,30286,0,0,654,8827,7679,11549,0,0,0,18,23,39,0,39507,30638,33900,2,0,0,317
0,5,28,1060763,benign,126,27,11118,0,8005,3081,1,2616,2929,0,698,39559,3245,3,53,1345,737,324,3,13461,7797,30314,0,0,654,8823,7674,11595,0,0,0,18,25,39,0,39678,31214,34422,2,0,0,317
1,6,0,1060761,benign,188,153,11163,0,8048,3094,1,2616,2929,0,692,39503,3245,3,52,1341,758,318,3,13757,7854,30318,0,0,654,8863,7653,11547,0,0,0,18,24,39,0,39769,31075,34288,2,0,0,317
2,8,23,1060750,benign,203,153,11155,0,8046,3084,1,2616,2929,0,710,39707,3245,3,53,1349,737,424,4,13492,7699,30278,0,0,654,8863,7677,11549,0,0,0,18,24,39,0,39792,30994,34443,2,0,0,317
3,9,5,1060752,benign,168,153,11120,0,8014,3082,1,2616,2929,0,693,39224,3245,3,53,1382,809,324,3,13354,7585,30349,0,0,654,8846,7678,11549,0,0,0,18,22,39,0,39103,30810,34057,2,0,0,317
4,9,25,1060722,benign,188,153,11159,0,8051,3086,1,2616,2930,0,696,39508,3245,3,53,1297,761,324,3,13516,7652,30390,0,0,654,8837,7683,11567,0,0,0,18,23,39,0,39510,31005,34311,2,0,0,317
5,6,19,1060762,benign,185,153,11138,0,8021,3082,1,2616,2929,0,702,39558,3245,3,52,1399,730,426,4,13555,7740,30421,0,0,654,8846,7693,11557,0,0,0,18,23,39,0,39637,31316,34589,2,0,0,317
6,7,1,1060746,benign,189,153,11112,0,8002,3080,1,2616,2929,0,696,39682,3245,3,53,1372,746,324,3,13460,7659,30304,0,0,654,8819,7670,11552,0,0,0,19,28,41,0,39644,31179,34363,2,0,0,317
7,1,30,1060735,benign,191,153,11144,0,8034,3085,1,2616,2929,0,699,39519,3245,3,53,1718,745,426,3,13377,7482,30296,0,0,654,8845,7663,11535,0,0,0,18,24,39,0,39410,31235,34510,2,0,0,317
8,7,27,1060731,benign,198,153,11121,0,8011,3080,1,2616,2929,0,686,39800,3245,3,52,1320,762,324,3,13403,7603,30296,0,0,654,8813,7687,11544,0,0,0,18,24,39,0,39497,30940,34175,2,0,0,317
9,2,11,1060755,benign,194,153,11137,0,8030,3083,1,2616,2929,0,700,39581,3245,3,52,1371,740,426,3,13859,7848,30236,0,0,654,8843,7659,11526,0,0,0,18,24,140,2,39802,31132,34383,2,0,0,317
10,5,24,1060768,benign,167,153,11109,0,8006,3087,1,2616,2929,0,685,39105,3245,3,52,1425,774,426,3,13432,7610,30382,0,0,654,8848,7673,11573,0,0,0,19,28,35,0,39399,30778,34037,2,0,0,317
11,9,28,1060746,benign,203,153,11144,0,8034,3088,1,2616,2929,0,696,39698,3245,3,52,1349,803,324,3,13731,7654,30398,0,0,654,8861,7709,11607,0,0,0,18,24,39,0,39257,31351,34746,2,0,0,317
12,9,22,1060766,benign,191,153,11135,0,8020,3082,1,2616,2929,0,689,39770,3245,3,52,1565,723,324,4,13856,7815,30310,0,0,654,8840,7637,11543,0,0,0,18,22,268,2,40045,31406,34665,2,0,0,317
13,10,30,1060743,benign,198,151,11116,0,8010,3093,1,2616,2929,0,689,39454,3245,3,52,1358,755,324,4,13411,7551,30357,0,0,654,8842,7644,11529,0,0,0,18,25,39,0,39338,31003,34219,2,0,0,317
14,9,19,1060728,benign,166,151,11120,0,8012,3076,1,2616,2929,0,696,39222,3245,3,53,1354,771,324,3,13165,7279,30244,0,0,654,8831,7691,11561,0,0,0,18,23,39,0,39118,30633,33899,2,0,0,317
15,9,15,1060728,benign,167,153,11146,0,8026,3088,1,2616,2929,0,700,39408,3245,3,52,1442,718,324,3,13498,7590,30368,0,0,654,8863,7654,11519,0,0,0,18,22,144,2,39360,30803,34076,2,0,0,317
16,6,3,1060743,benign,195,153,11134,0,8023,3085,1,2616,2929,0,686,39528,3245,3,52,1360,697,324,3,13897,7787,30400,0,0,654,8855,7700,11577,0,0,0,18,24,39,0,39350,30937,34325,2,0,0,317
17,8,22,1060751,benign,194,153,11155,0,8042,3082,1,2616,2929,0,692,39722,3245,3,52,1359,812,324,4,13685,7812,30377,0,0,654,8832,7649,11518,0,0,0,18,22,39,0,39310,31278,34509,2,0,0,317
18,4,31,1060731,benign,194,153,11127,0,8026,3085,1,2616,2929,0,688,39580,3245,3,51,1543,771,324,3,13679,8008,30405,0,0,654,8850,7659,11499,0,0,0,18,24,39,0,39455,31189,34606,2,0,0,316
19,1,9,1060743,benign,195,153,11161,0,8050,3090,1,2616,2929,0,694,39691,3245,3,52,1331,999,324,4,13596,7795,30369,0,0,654,8849,7664,11518,0,0,0,18,24,39,0,39671,31188,34485,2,0,0,317
20,6,12,1060741,benign,197,153,11114,0,7997,3080,1,2616,2929,0,687,39691,3245,3,52,1452,845,324,3,13825,8090,30433,0,0,654,8845,7690,11539,0,0,0,18,24,39,0,39404,31146,34405,2,0,0,317
21,3,20,1060750,benign,201,154,11144,0,8021,3082,1,2616,2929,0,695,39539,3245,3,53,1367,726,324,3,13441,7581,30343,0,0,654,8838,7676,11541,0,0,0,18,24,39,0,39376,31183,34553,2,0,0,317
22,7,17,1060721,benign,193,153,11117,0,8007,3086,1,2616,2929,0,692,39503,3245,3,52,1335,717,324,4,13651,7851,30430,0,0,654,8853,7692,11588,0,0,0,18,23,39,0,39468,31247,34492,2,0,0,317
23,5,29,1060760,benign,165,151,11124,0,8015,3088,1,2616,2929,0,702,39510,3245,3,52,1298,794,323,4,13387,7703,30334,0,0,654,8865,7690,11554,0,0,0,18,23,39,0,39523,30867,34143,2,0,0,317
24,9,27,1060723,benign,186,153,11144,0,8024,3089,1,2616,2929,0,698,39809,3245,3,52,1528,717,324,3,13869,8197,30303,0,0,654,8854,7659,11550,0,0,0,19,26,41,0,39394,31163,34409,2,0,0,317
25,6,27,1060750,benign,194,153,11146,0,8035,3088,1,2616,2929,0,698,39744,3245,3,53,1303,993,428,3,13901,7928,30353,0,0,654,8842,7677,11555,0,0,0,18,22,39,0,39507,31072,34370,2,0,0,317
26,4,30,1060726,benign,190,153,11112,0,8002,3089,1,2616,2929,0,696,39395,3245,3,52,1360,924,324,3,13611,7958,30353,0,0,654,8843,7700,11593,0,0,0,18,24,39,0,39596,31090,34362,2,0,0,317
27,1,13,1060748,benign,167,153,11154,0,8042,3085,1,2616,2929,0,698,39350,3245,3,52,1372,740,324,3,13272,7425,30398,0,0,654,8836,7656,11509,0,0,0,18,24,39,0,39441,30711,33965,2,0,0,317
28,9,13,1060727,benign,191,151,11127,0,8023,3090,1,2616,2929,0,693,39675,3245,3,52,1356,749,324,3,13525,7641,30405,0,0,654,8843,7674,11535,0,0,0,18,23,39,0,39816,30980,34295,2,0,0,317
29,3,30,1060751,benign,200,153,11143,0,8025,3084,1,2616,2929,1,690,39449,3245,3,52,1358,755,324,3,13422,7608,30348,0,0,654,8853,7667,11530,0,0,0,18,23,39,0,39408,31100,34371,2,0,0,317
30,2,10,1060767,benign,189,153,11152,0,8040,3077,1,2616,2929,0,696,39859,3245,3,52,1537,714,324,3,13464,7782,30398,0,0,654,8852,7692,11579,0,0,0,18,23,39,0,39520,31050,34307,2,0,0,317
31,6,22,1060746,benign,198,153,11140,0,8027,3082,1,2616,2929,0,686,39402,3245,3,52,1366,719,426,4,13514,7820,30329,0,0,654,8831,7638,11545,0,0,0,18,24,39,0,39549,31038,34566,2,0,0,317
32,2,25,1060752,benign,167,153,11135,0,8021,3083,1,2616,2929,0,697,39281,3245,3,52,1346,762,601,3,13471,7586,30244,0,0,654,8844,7667,11535,0,0,0,19,26,143,2,39599,30791,34227,2,0,0,317
33,2,16,1060740,benign,167,153,11143,0,8034,3089,1,2616,2929,0,692,39522,3245,3,53,1378,723,324,4,13533,7675,30259,0,0,654,8847,7675,11579,0,0,0,18,24,39,0,39294,31093,34350,2,0,0,317
34,5,5,1060767,benign,185,151,11091,0,7985,3080,1,2616,2929,0,691,39696,3245,3,52,1505,729,324,3,13538,7710,30423,0,0,654,8825,7639,11541,0,0,0,18,22,39,0,39589,31226,34478,2,0,0,317
35,3,1,1060753,benign,194,153,11126,0,8017,3088,1,2616,2929,0,703,40027,3245,3,53,1577,754,424,3,13715,7991,30302,0,0,654,8849,7660,11520,0,0,0,18,23,39,0,39949,31146,34343,2,0,0,317
36,7,22,1060745,benign,196,153,11137,0,8021,3084,1,2616,2929,0,696,39747,3245,3,52,1488,748,323,3,13694,7778,30322,0,0,654,8827,7633,11500,0,0,0,18,23,39,0,39585,31192,34457,2,0,0,317
37,6,14,1060720,benign,166,153,11139,0,8038,3085,1,2616,2929,0,696,39284,3245,3,52,1331,767,324,3,13528,7412,30272,0,0,654,8821,7624,11493,0,0,0,19,27,41,0,39388,30826,34263,2,0,0,317
38,9,19,1060738,benign,194,153,11095,0,7983,3092,1,2616,2929,0,706,39578,3245,3,51,1328,826,324,3,13785,7982,30319,0,0,654,8857,7685,11541,0,0,0,18,25,39,0,39586,31084,34328,2,0,0,317
39,10,15,1060764,benign,165,153,11116,0,8010,3085,1,2616,2929,0,700,39598,3245,3,52,1376,764,324,4,13312,7379,30355,0,0,654,8820,7634,11526,0,0,0,18,25,39,0,39479,31028,34314,2,0,0,317
40,3,22,1060752,benign,166,153,11141,0,8020,3080,1,2616,2929,0,694,39500,3245,3,51,1546,961,324,4,13587,7741,30272,0,0,654,8848,7660,11525,0,0,0,18,23,39,0,39283,30776,34011,2,0,0,317
41,8,0,1060740,benign,167,153,11121,0,8014,3086,1,2616,2929,0,685,39283,3245,3,53,1368,835,428,3,13311,7534,30323,0,0,654,8845,7659,11546,0,0,0,18,24,38,0,39139,30554,33984,2,0,0,317
42,8,24,1060754,benign,185,153,11135,0,8017,3083,1,2616,2929,0,699,39811,3245,3,52,1327,794,324,3,13561,7755,30270,0,0,654,8844,7680,11547,0,0,0,18,23,39,0,39590,31269,34528,2,0,0,317
43,6,21,1060747,benign,193,153,11141,0,8029,3088,1,2616,2929,0,689,39557,3245,3,52,1351,718,324,3,13659,7850,30434,0,0,654,8823,7655,11567,0,0,0,18,24,39,0,39581,31081,34350,2,0,0,316
44,6,3,1060743,benign,198,153,11124,0,8006,3078,1,2616,2929,0,705,40023,3245,3,53,1307,774,324,3,13595,7669,30320,0,0,654,8844,7672,11523,0,0,0,18,23,39,0,39549,31115,34360,2,0,0,317
45,7,16,1060767,benign,191,153,11145,0,8018,3088,1,2616,2929,0,681,39509,3245,3,52,1474,713,324,3,13641,7764,30416,0,0,654,8855,7647,11507,0,0,0,18,24,39,0,39739,31002,34232,2,0,0,317
46,9,4,1060749,benign,188,153,11093,0,7988,3085,1,2616,2929,0,696,39689,3245,3,52,1370,720,426,3,13968,8229,30365,0,0,654,8818,7673,11560,0,0,0,18,24,39,0,39656,31090,34283,2,0,0,317
47,5,29,1060759,benign,193,153,11119,0,8003,3082,1,2616,2929,0,688,39421,3245,3,52,1299,761,426,3,13656,7937,30488,0,0,654,8838,7669,11519,0,0,0,18,24,39,0,39318,31173,34427,2,0,0,317
48,5,31,1060760,benign,166,153,11111,0,8004,3092,1,2616,2930,0,704,39526,3245,3,52,1541,876,324,4,13270,7445,30293,0,0,654,8858,7714,11573,0,0,0,18,24,39,0,39319,30756,34155,2,0,0,317
49,4,15,1060732,benign,167,153,11122,0,8005,3081,1,2616,2929,0,696,39240,3245,3,52,1287,937,324,3,13237,7565,30342,0,0,654,8846,7662,11523,0,0,0,18,23,39,0,39421,30757,34027,2,0,0,317
50,6,3,1060764,benign,166,153,11123,0,8016,3085,1,2616,2929,0,692,39366,3245,3,52,1373,969,426,3,13576,7523,30254,0,0,654,8830,7679,11569,0,0,0,18,24,39,0,39160,31012,34247,2,0,0,317
51,10,16,1060725,benign,193,153,11136,0,8025,3076,1,2616,2929,0,696,39436,3245,3,52,1557,789,426,4,13517,7648,30343,0,0,654,8832,7627,11515,0,0,0,18,23,39,0,39636,31153,34574,2,0,0,317
52,6,29,1060762,benign,198,153,11120,0,8012,3081,1,2616,2929,0,688,39353,3245,3,53,1730,753,426,3,13437,7663,30369,0,0,654,8844,7678,11560,0,0,0,18,24,142,2,39500,30930,34180,2,0,0,317
53,10,3,1060758,benign,195,153,11104,0,7990,3081,1,2616,2929,0,684,39457,3245,3,52,1583,810,324,4,13870,7913,30294,0,0,654,8862,7686,11540,0,0,0,18,24,140,2,39881,31212,34509,2,0,0,317
55,6,1,1060767,benign,185,153,11119,0,8000,3080,1,2616,2929,0,698,39774,3245,3,53,1674,729,426,3,13581,7758,30340,0,0,654,8834,7667,11550,0,0,0,18,24,39,0,39741,31185,34457,2,0,0,317
56,2,1,1060741,benign,195,151,11114,0,8008,3088,1,2616,2929,0,693,39849,3245,3,51,1400,761,426,4,13789,7790,30350,0,0,654,8826,7624,11511,0,0,0,18,23,39,0,39519,31154,34429,2,0,0,317
57,6,2,1060749,benign,167,153,11126,0,8021,3095,1,2616,2929,0,687,39363,3245,3,53,1305,754,324,3,13304,7569,30320,0,0,654,8804,7651,11526,0,0,0,18,24,39,0,39129,31031,34319,2,0,0,317
58,5,20,1060764,benign,190,153,11127,0,8020,3080,1,2616,2929,0,690,39450,3245,3,52,1287,790,324,3,13725,7786,30383,0,0,654,8925,7722,11532,0,0,0,18,23,136,3,39711,31191,34467,2,0,0,317
0,4,7,1060740,benign,90,28,11124,1,8031,3077,1,2616,2929,0,686,39315,3245,3,52,1423,746,425,3,13112,7235,30235,0,0,654,8832,7678,11556,0,0,0,18,24,53,2,39360,30723,33950,2,0,0,317
1,1,14,1060743,benign,187,153,11144,0,8024,3088,1,2616,2929,0,700,39673,3245,3,52,1328,925,318,3,13572,7531,30309,0,0,654,8867,7695,11582,0,0,0,18,25,39,0,39484,31192,34480,2,0,0,317
2,10,1,1060756,benign,166,153,11122,0,8014,3090,1,2616,2929,0,689,39253,3245,3,52,1353,730,324,3,13315,7549,30399,0,0,654,8829,7679,11536,0,0,0,18,22,39,0,39328,30641,33879,2,0,0,317
3,5,11,1060759,benign,190,153,11119,0,8003,3082,1,2616,2929,0,689,39564,3245,3,52,1584,974,426,4,13506,7638,30239,0,0,654,8835,7675,11550,0,0,0,18,24,39,0,39557,30979,34317,2,0,0,317
4,4,19,1060738,benign,191,153,11139,0,8021,3080,1,2616,2929,0,692,39467,3245,3,52,1366,957,324,3,13689,7593,30320,0,0,654,8796,7650,11538,0,0,0,18,23,39,0,39478,31078,34343,2,0,0,317
5,4,12,1060747,benign,197,153,11130,0,8028,3098,1,2616,2929,0,679,39360,3245,3,52,1319,819,324,3,13720,7719,30385,0,0,654,8870,7659,11531,0,0,0,18,23,39,0,39525,31256,34537,2,0,0,317
6,10,6,1060746,benign,193,151,11153,0,8034,3088,1,2616,2929,0,697,39746,3245,3,52,1598,700,324,4,13773,8032,30287,0,0,654,8860,7655,11516,0,0,0,18,22,39,0,39576,30994,34230,2,0,0,316
7,6,16,1060721,benign,185,153,11114,0,8003,3086,1,2616,2930,0,701,39829,3245,3,52,1423,750,323,3,13735,7992,30322,0,0,654,8859,7667,11542,0,0,0,18,23,33,0,39478,31093,34324,2,0,0,317
8,4,9,1060749,benign,185,151,11135,1,8016,3078,1,2616,2929,0,702,39754,3245,3,50,1372,956,324,3,13637,7885,30322,0,0,654,8859,7674,11531,0,0,0,18,22,39,0,39636,30983,34261,3,0,0,317
9,7,26,1060721,benign,189,151,11129,0,8018,3086,1,2616,2929,0,686,39563,3245,3,52,1409,841,324,3,13485,7726,30374,0,0,654,8832,7666,11555,0,0,0,18,24,39,0,39281,31001,34432,2,0,0,317
10,7,19,1060741,benign,193,151,11134,0,8018,3082,1,2616,2929,0,699,39511,3245,3,54,1345,789,324,3,13513,7851,30369,0,0,654,8866,7677,11561,0,0,0,18,24,39,0,39477,31436,34685,2,0,0,317
11,7,1,1060736,benign,168,153,11114,0,8000,3079,1,2616,2929,0,687,39247,3245,3,52,1498,725,324,3,13336,7274,30291,0,0,654,8848,7653,11508,0,0,0,18,23,39,0,39284,30862,34140,2,0,0,317
12,1,3,1060742,benign,185,151,11125,0,8014,3086,1,2616,2929,0,697,39744,3245,3,52,1364,715,426,3,13874,7864,30405,0,0,654,8845,7669,11536,0,0,0,19,27,41,0,39693,31052,34481,2,0,0,317
13,9,23,1060726,benign,196,151,11142,0,8032,3087,1,2616,2929,0,698,39579,3245,3,52,1488,908,426,4,13743,7955,30375,0,0,654,8857,7665,11542,0,0,0,18,23,39,0,39503,31165,34400,2,0,0,317
14,5,6,1060747,benign,192,153,11149,0,8042,3092,1,2616,2929,0,689,39569,3245,3,52,1364,746,324,3,13809,7715,30380,0,0,654,8826,7636,11526,0,0,0,18,25,39,0,39684,31176,34629,2,0,0,317
15,8,10,1060737,benign,186,153,11135,0,8023,3082,1,2616,2929,0,694,39791,3245,3,52,1377,793,416,3,13816,7814,30407,0,0,654,8856,7657,11540,0,0,0,18,23,39,0,39549,31038,34242,2,0,0,316
16,1,29,1060729,SDC,195,153,10895,0,7876,3022,1,2548,2848,0,657,38819,3147,3,52,1524,736,324,4,13506,7617,29561,0,0,638,8576,7432,11291,0,0,0,18,24,39,0,38743,30182,33521,2,0,0,317
17,7,3,1060737,benign,195,153,11137,0,8024,3076,1,2616,2929,0,700,39449,3245,3,52,1360,722,324,3,13636,7809,30330,0,0,654,8844,7690,11575,0,0,0,18,25,39,0,39830,31389,34672,2,0,0,317
18,4,18,1060749,benign,192,153,11156,0,8046,3089,1,2616,2929,0,697,39394,3245,3,53,1365,793,323,3,13498,7618,30336,0,0,654,8848,7669,11564,0,0,0,18,23,39,0,39497,31347,34637,2,0,0,317
19,1,25,1060721,SDC,190,153,10890,0,7871,3027,1,2555,2854,0,702,39036,3156,3,52,1747,767,324,3,13420,7628,29560,0,0,640,8612,7462,11323,0,0,0,18,22,140,2,39241,30528,33773,2,0,0,317
20,7,5,1060751,benign,197,153,11128,0,8017,3090,1,2616,2929,0,711,40005,3245,3,52,1567,719,324,3,13482,7669,30367,0,0,654,8846,7661,11510,0,0,0,18,24,141,2,40213,31001,34250,2,0,0,317
21,1,14,1060738,benign,193,153,11140,0,8031,3099,1,2616,2929,0,698,39433,3245,3,52,1306,713,318,3,13776,8091,30387,0,0,654,8851,7643,11542,0,0,0,18,22,39,0,39454,31338,34811,2,0,0,317
22,10,25,1060742,benign,189,153,11105,0,7993,3081,1,2616,2929,0,703,39588,3245,3,52,1364,946,324,3,13667,7926,30400,0,0,654,8855,7679,11562,0,0,0,18,23,39,0,39376,31184,34446,2,0,0,317
23,8,15,1060725,benign,191,153,11146,0,8041,3083,1,2616,2929,0,685,39620,3245,3,52,1409,707,421,3,13789,8009,30419,0,0,654,8839,7670,11544,0,0,0,18,23,39,0,39558,31284,34727,2,0,0,317
24,6,0,1060768,benign,168,153,11116,0,8012,3080,1,2616,2929,0,699,39480,3245,3,52,1309,749,324,3,13391,7627,30256,0,0,654,8850,7661,11527,0,0,0,18,24,141,2,39431,30743,34017,2,0,0,317
25,5,3,1060750,benign,200,153,11120,0,8012,3079,1,2616,2929,0,686,39604,3245,3,52,1347,980,324,3,13609,7599,30372,0,0,654,8865,7672,11546,0,0,0,18,24,39,0,39420,31225,34479,2,0,0,317
26,4,8,1060764,benign,167,154,11120,1,8008,3085,1,2616,2929,0,713,39605,3245,3,52,1392,785,427,3,13208,7547,30267,0,0,654,8865,7701,11568,0,0,0,18,22,39,0,39413,30975,34229,3,0,0,316
27,5,18,1060755,benign,196,153,11111,0,8001,3085,1,2616,2929,0,700,39596,3245,3,52,1333,961,324,3,13877,8052,30472,0,0,654,8840,7683,11549,0,0,0,18,25,39,0,39754,30845,34120,2,0,0,317
28,8,2,1060720,benign,167,153,11106,0,8007,3090,1,2616,2929,0,693,39274,3245,3,52,1351,700,426,3,13167,7336,30282,0,0,654,8840,7686,11581,0,0,0,18,25,39,0,39633,31009,34266,2,0,0,316
29,8,5,1060748,benign,167,153,11134,0,8023,3087,1,2616,2929,0,697,39597,3245,3,52,1348,770,324,3,13693,8097,30419,0,0,654,8867,7675,11559,0,0,0,18,24,39,0,39396,31129,34390,2,0,0,317
30,10,31,1060723,benign,192,153,11126,0,8028,3084,1,2616,2929,0,694,39708,3245,3,52,1324,712,426,3,13717,7713,30373,0,0,654,8835,7660,11509,0,0,0,18,25,39,0,39579,31052,34335,2,0,0,317
31,8,25,1060757,benign,187,152,11095,0,7976,3072,1,2616,2929,0,702,39824,3245,3,52,1307,962,324,3,13723,7898,30326,0,0,654,8838,7685,11544,0,0,0,18,24,39,0,39496,31004,34274,2,0,0,317
32,8,23,1060757,benign,194,153,11134,0,8022,3085,1,2616,2929,0,692,39851,3245,3,53,1537,746,426,4,13751,7658,30269,0,0,654,8858,7684,11551,0,0,0,18,24,39,0,39685,31113,34380,2,0,0,317
33,4,13,1060737,benign,190,151,11150,0,8040,3087,1,2616,2929,0,693,39469,3245,3,52,1311,741,324,4,13646,7722,30294,0,0,654,8838,7672,11555,0,0,0,18,24,39,0,39599,30984,34221,2,0,0,317
34,2,23,1060722,benign,201,153,11145,0,8028,3087,1,2616,2929,0,693,39843,3245,3,52,1450,729,324,3,13783,7861,30321,0,0,654,8841,7687,11525,0,0,0,18,24,39,0,39603,31191,34437,2,0,0,317
35,5,23,1060736,benign,168,153,11134,0,8028,3082,1,2616,2929,0,697,39228,3245,3,52,1310,727,323,4,13367,7714,30367,0,0,654,8856,7687,11545,0,0,0,18,23,39,0,38957,30758,34172,2,0,0,317
36,3,10,1060720,benign,166,153,11086,0,7978,3082,1,2616,2929,0,690,39417,3245,3,52,1332,722,324,3,13283,7504,30292,0,0,654,8862,7665,11529,0,0,0,18,24,268,2,39627,30858,34315,2,0,0,317
37,8,19,1060722,benign,186,153,11113,0,8001,3087,1,2616,2929,0,690,39707,3245,3,52,1410,752,425,3,13642,7954,30297,0,0,654,8844,7657,11545,0,0,0,18,23,39,0,39628,31211,34488,2,0,0,317
38,1,19,1060735,benign,198,153,11145,0,8033,3087,1,2616,2929,0,702,39574,3245,3,52,1450,716,426,3,13745,8061,30424,0,0,654,8839,7631,11518,0,0,0,18,22,39,0,39646,31366,34638,2,0,0,317
39,5,24,1060741,benign,190,151,11121,0,8016,3072,1,2616,2929,0,700,39556,3245,3,52,1539,733,324,3,13590,7699,30306,0,0,654,8839,7662,11538,0,0,0,18,24,34,0,39645,31121,34349,2,0,0,317
40,2,6,1060747,benign,200,151,11135,0,8030,3087,1,2616,2929,0,709,39846,3245,3,52,1575,757,428,3,13737,7706,30316,0,0,654,8856,7650,11530,0,0,0,18,23,39,0,39631,31137,34318,2,0,0,317
41,3,6,1060753,benign,194,153,11139,0,8031,3080,1,2616,2929,0,687,39625,3245,3,52,1302,754,324,3,13920,8065,30234,0,0,654,8834,7682,11554,0,0,0,18,23,141,2,39549,31006,34270,2,0,0,317
42,9,19,1060756,benign,166,151,11099,0,7985,3085,1,2616,2929,0,708,39434,3245,3,53,1345,772,324,3,13474,7724,30355,0,0,654,8853,7675,11570,0,0,0,18,25,39,0,39155,31045,34329,2,0,0,317
43,10,3,1060750,benign,191,153,11151,0,8041,3087,1,2616,2929,0,701,39841,3245,3,52,1366,766,324,3,13739,8069,30351,0,0,654,8852,7701,11580,0,0,0,18,24,39,0,39859,30965,34164,2,0,0,317
44,8,2,1060768,benign,166,151,11124,0,8020,3085,1,2616,2929,0,689,39263,3245,3,53,1465,746,324,3,13288,7543,30282,0,0,654,8842,7656,11532,0,0,0,18,25,39,0,39103,30641,34044,2,0,0,317
45,2,26,1060746,benign,186,153,11161,0,8046,3076,1,2616,2929,0,690,39687,3245,3,52,1383,986,324,4,13612,7802,30353,0,0,654,8857,7665,11550,0,0,0,18,23,39,0,39796,31389,34841,2,0,0,317
46,1,16,1060749,benign,199,153,11128,0,8016,3090,1,2616,2929,0,688,39470,3245,3,52,1359,765,324,4,13820,7760,30323,0,0,654,8847,7680,11557,0,0,0,18,22,39,0,39502,31158,34437,2,0,0,317
47,6,1,1060735,benign,192,153,11163,0,8051,3095,1,2616,2929,0,701,39807,3245,3,52,1360,889,426,3,13731,7862,30373,0,0,654,8860,7650,11535,0,0,0,18,24,39,0,39527,30984,34241,2,0,0,316
48,10,6,1060755,benign,204,153,11115,0,8009,3091,1,2616,2929,0,693,39688,3245,3,52,1471,946,425,3,13582,7860,30422,0,0,654,8872,7679,11561,0,0,0,18,22,39,0,39719,31052,34439,2,0,0,317
49,2,27,1060754,benign,187,153,11155,0,8041,3085,0,2616,2929,0,690,39500,3245,3,52,1349,767,420,3,13760,7905,30431,0,0,654,8836,7675,11539,0,0,0,18,22,39,0,39490,31335,34796,2,0,0,317
50,9,15,1060743,benign,187,151,11136,0,8021,3081,1,2616,2929,0,675,39628,3245,3,53,1347,986,324,3,13475,7618,30324,0,0,654,8852,7668,11525,0,0,0,18,25,39,0,39360,31220,34641,2,0,0,317
51,5,9,1060727,benign,196,153,11137,0,8020,3084,1,2616,2929,0,698,39654,3245,3,52,1301,786,324,3,13694,7929,30317,0,0,654,8821,7687,11564,0,0,0,18,23,39,0,39734,31301,34554,2,0,0,317
52,5,5,1060724,benign,165,153,11104,0,7993,3069,1,2616,2930,0,681,39070,3245,3,53,1356,732,324,3,13277,7607,30382,0,0,654,8843,7665,11499,0,0,0,18,23,33,0,39358,30960,34211,2,0,0,317
53,9,10,1060750,benign,191,153,11125,0,8020,3084,1,2616,2929,0,691,39476,3245,3,52,1490,717,324,4,13593,7848,30314,0,0,654,8830,7651,11524,0,0,0,19,27,41,0,39787,31051,34329,2,0,0,317
54,4,20,1060755,benign,202,153,11142,0,8027,3088,1,2616,2929,0,693,39644,3245,3,52,1387,755,323,3,13863,7986,30362,0,0,654,8846,7679,11536,0,0,0,18,24,39,0,39730,30974,34198,2,0,0,316
55,7,17,1060740,benign,165,153,11115,0,8012,3087,1,2616,2929,0,691,39391,3245,3,52,1362,927,324,3,13539,7749,30306,0,0,654,8844,7666,11572,0,0,0,18,23,140,2,39473,30751,34030,2,0,0,317
56,8,12,1060754,benign,194,153,11087,0,7979,3071,1,2616,2929,0,689,39640,3245,3,53,1315,943,324,3,13743,8057,30302,0,0,654,8869,7663,11538,0,0,0,18,22,39,0,39657,30921,34192,2,0,0,317
57,9,24,1060732,benign,166,153,11084,0,7976,3074,1,2616,2929,0,722,39732,3245,3,53,1363,773,324,3,13540,7672,30273,0,0,654,8862,7677,11546,0,0,0,18,24,39,0,39383,30901,34396,2,0,0,317
58,4,10,1060757,benign,192,153,11125,1,8014,3085,1,2616,2929,0,689,39790,3245,3,51,1480,724,324,4,13606,7952,30407,0,0,654,8846,7643,11554,0,0,0,18,24,39,0,39386,31084,34532,3,0,0,317
59,9,17,1060720,benign,168,153,11147,0,8035,3091,1,2616,2929,0,692,39176,3245,3,52,1542,958,425,3,13408,7717,30336,0,0,654,8843,7658,11534,0,0,0,18,23,39,0,39258,30829,34152,2,0,0,317
60,9,21,1060752,benign,167,153,11152,0,8034,3092,1,2616,2929,0,687,39494,3245,3,52,1398,798,425,4,13237,7570,30334,0,0,654,8803,7685,11550,0,0,0,18,23,39,0,39459,30936,34179,2,0,0,317
61,6,9,1060747,benign,187,153,11112,0,7998,3079,1,2616,2929,0,695,39514,3245,3,52,1788,718,417,3,13638,7725,30329,0,0,654,8819,7686,11548,0,0,0,18,23,39,0,39642,30917,34159,2,0,0,317
62,1,25,1060742,benign,196,153,11117,0,8001,3084,1,2616,2929,0,696,39754,3245,3,52,1492,737,426,3,13803,8074,30337,0,0,654,8844,7675,11528,0,0,0,18,23,39,0,39629,31258,34539,2,0,0,316
63,3,16,1060728,benign,168,153,11133,0,8025,3086,1,2616,2929,0,695,39322,3245,3,52,1367,954,324,4,13325,7592,30322,0,0,654,8873,7709,11596,0,0,0,18,24,141,2,39550,30777,34016,2,0,0,317
64,5,17,1060734,benign,190,153,11113,0,8000,3088,1,2616,2929,0,700,39489,3245,3,52,1345,738,324,4,13582,7841,30338,0,0,654,8841,7681,11529,0,0,0,18,24,39,0,39549,31132,34373,2,0,0,317
65,1,10,1060747,benign,186,153,11139,0,8026,3086,1,2616,2929,0,696,39421,3245,3,52,1346,760,324,4,13775,7746,30298,0,0,654,8826,7635,11521,0,0,0,18,23,39,0,39799,31279,34579,2,0,0,317
66,4,26,1060764,benign,169,153,11144,0,8028,3080,1,2616,2929,0,699,39412,3245,3,52,1348,995,324,3,13506,7581,30349,0,0,654,8822,7621,11528,0,0,0,19,27,35,0,39530,31019,34257,2,0,0,317
67,9,6,1060724,benign,166,153,11141,0,8028,3079,1,2616,2929,0,703,39646,3245,3,52,1339,869,324,4,13448,7666,30276,0,0,654,8833,7649,11516,0,0,0,18,25,39,0,39492,30652,33901,2,0,0,317
68,5,23,1060763,benign,190,153,11118,0,8018,3082,1,2616,2929,0,691,39466,3245,3,52,1547,761,426,3,13859,7879,30280,0,0,654,8849,7657,11518,0,0,0,18,24,39,0,39702,31113,34450,2,0,0,317
69,7,27,1060760,benign,165,151,11117,0,8010,3083,1,2616,2929,0,693,39555,3245,3,52,1305,947,324,3,13505,7453,30393,0,0,654,8845,7670,11524,0,0,0,18,23,141,2,39432,30957,34231,2,0,0,317
70,8,7,1060767,benign,186,153,11119,0,8008,3081,1,2616,2929,0,682,39686,3245,3,52,1323,773,428,3,13497,7782,30398,0,0,654,8880,7665,11530,0,0,0,18,24,39,0,39925,31172,34457,2,0,0,316
71,7,31,1060747,benign,195,153,11104,0,7999,3084,1,2616,2929,0,695,39785,3245,3,52,1533,711,324,3,13732,7920,30371,0,0,654,8867,7650,11524,0,0,0,18,24,141,2,39759,31025,34295,2,0,0,317
72,5,30,1060728,benign,166,151,11094,0,7982,3077,1,2616,2929,0,692,39181,3245,3,52,1326,760,426,4,13347,7573,30256,0,0,654,8824,7661,11563,0,0,0,18,24,39,0,39465,30745,34023,2,0,0,317
73,9,12,1060766,benign,194,153,11127,0,8009,3096,1,2616,2929,0,692,39641,3245,3,52,1335,768,324,4,13705,7848,30239,0,0,654,8849,7703,11578,0,0,0,18,25,39,0,39311,31047,34305,2,0,0,317
74,9,22,1060726,benign,188,153,11147,0,8041,3096,1,2616,2929,0,689,39547,3245,3,52,1343,950,324,3,13665,7922,30376,0,0,654,8889,7731,11567,0,0,0,19,26,41,0,39392,31215,34477,2,0,0,317
75,5,7,1060735,benign,191,153,11137,0,8032,3084,1,2616,2929,0,696,39881,3245,3,52,1357,707,324,3,13688,7948,30328,0,0,654,8835,7658,11504,0,0,0,18,24,39,0,39478,31116,34373,2,0,0,317
76,6,8,1060736,benign,167,153,11133,0,8019,3085,1,2616,2929,0,695,39623,3245,3,52,1321,917,426,3,13281,7569,30332,0,0,654,8856,7674,11531,0,0,0,18,24,39,0,39210,30788,34037,2,0,0,317
77,8,11,1060755,benign,193,151,11159,0,8046,3092,1,2616,2929,0,702,39828,3245,3,52,1327,744,324,4,13775,8041,30286,0,0,654,8849,7671,11530,0,0,0,18,24,39,0,39657,31162,34442,2,0,0,317
78,3,13,1060758,crash/hangs,-,-,-,-,-,-,-,-,-,-,-,-,-,-,-,-,-,-,-,-,-,-,-,-,-,-,-,-,-,-,-,-,-,-,-,-,-,-,-,-,-,-
79,6,12,1060738,benign,114,27,11108,0,8012,3079,1,2616,2929,0,699,39677,3245,3,52,1359,712,324,3,13508,7810,30321,0,0,654,8848,7674,11534,0,0,0,18,24,39,0,39595,31123,34429,2,0,0,317
80,3,10,1060727,benign,200,153,11123,0,8024,3092,1,2616,2929,0,695,39525,3245,3,52,1366,949,324,3,13962,8013,30357,0,0,654,8849,7705,11559,0,0,0,18,24,39,0,39661,31367,34657,2,0,0,317
81,4,29,1060761,benign,195,151,11109,0,8003,3085,1,2616,2929,0,690,39495,3245,3,52,1537,945,324,3,13658,7927,30333,0,0,654,8849,7664,11544,0,0,0,18,24,39,0,39722,31047,34342,2,0,0,317
82,4,17,1060728,benign,168,153,11160,0,8040,3080,1,2616,2929,0,696,39238,3245,3,52,1539,957,324,3,13194,7437,30251,0,0,654,8855,7677,11543,0,0,0,18,23,39,0,39168,30876,34116,2,0,0,317
83,6,20,1060739,benign,194,153,11149,0,8037,3096,1,2616,2929,0,699,39699,3245,3,52,1514,755,324,3,13542,7787,30301,0,0,654,8838,7656,11544,0,0,0,18,24,39,0,39543,30992,34249,2,0,0,317
84,10,29,1060767,benign,194,153,11136,0,8021,3077,1,2616,2929,0,688,39638,3245,3,52,1308,786,324,3,13529,7844,30368,0,0,654,8808,7673,11542,0,0,0,18,23,39,0,39479,31085,34331,2,0,0,317
85,8,18,1060730,benign,195,153,11146,0,8031,3089,1,2616,2929,0,696,39526,3245,3,52,1329,832,426,3,13593,7846,30387,0,0,654,8850,7702,11564,0,0,0,18,23,34,0,39505,30991,34281,2,0,0,317
86,5,13,1060726,benign,186,151,11140,0,8034,3087,1,2616,2929,0,697,39477,3245,3,52,1336,752,324,3,13502,7583,30244,0,0,654,8848,7679,11571,0,0,0,18,24,39,0,39543,30871,34321,2,0,0,317
87,3,10,1060739,crash/hangs,-,-,-,-,-,-,-,-,-,-,-,-,-,-,-,-,-,-,-,-,-,-,-,-,-,-,-,-,-,-,-,-,-,-,-,-,-,-,-,-,-,-
88,6,17,1060736,benign,91,27,11146,0,8052,3090,1,2616,2929,0,697,39407,3245,3,52,1535,730,324,3,13309,7604,30398,0,0,654,8850,7678,11554,0,0,0,18,24,38,0,39313,30739,33984,2,0,0,317
89,3,12,1060750,crash/hangs,-,-,-,-,-,-,-,-,-,-,-,-,-,-,-,-,-,-,-,-,-,-,-,-,-,-,-,-,-,-,-,-,-,-,-,-,-,-,-,-,-,-
90,5,4,1060734,crash/hangs,-,-,-,-,-,-,-,-,-,-,-,-,-,-,-,-,-,-,-,-,-,-,-,-,-,-,-,-,-,-,-,-,-,-,-,-,-,-,-,-,-,-
91,5,31,1060764,benign,167,153,11131,0,8016,3083,1,2616,2929,0,686,39522,3245,3,53,1561,740,426,3,13444,7691,30311,0,0,654,8853,7670,11545,0,0,0,18,24,39,0,39486,30733,33973,2,0,0,317
92,6,30,1060744,benign,190,151,11119,0,8011,3080,1,2616,2929,0,691,39461,3245,3,53,1565,733,428,3,13635,7860,30367,0,0,654,8832,7659,11565,0,0,0,18,22,38,0,39285,30974,34252,2,0,0,317
93,2,12,1060751,benign,170,153,11143,0,8020,3079,1,2616,2929,0,694,39395,3245,3,52,1346,747,324,3,13220,7518,30307,0,0,654,8837,7656,11518,0,0,0,18,24,39,0,39040,30830,34097,2,0,0,317
94,3,30,1060748,benign,185,153,11105,0,7996,3077,1,2616,2929,0,693,39588,3245,3,52,1333,837,324,3,13719,7949,30424,0,0,654,8850,7659,11537,0,0,0,18,24,39,0,39484,31200,34448,2,0,0,317
95,6,19,1060737,benign,190,153,11123,0,8002,3083,1,2616,2929,0,694,39649,3245,3,52,1366,1004,324,3,13546,7740,30421,0,0,654,8822,7675,11552,0,0,0,18,23,39,0,39544,31381,34652,2,0,0,317
96,2,7,1060759,benign,183,153,11135,0,8014,3086,1,2616,2929,0,693,39713,3245,3,52,1370,965,426,3,13722,7900,30370,0,0,654,8858,7658,11525,0,0,0,18,24,39,0,39548,30951,34325,2,0,0,317
97,5,14,1060761,benign,167,153,11130,0,8025,3093,1,2616,2929,0,716,39351,3245,3,51,1352,763,324,3,13360,7555,30324,0,0,654,8870,7666,11551,0,0,0,18,24,39,0,39156,30971,34201,2,0,0,317
98,4,26,1060760,benign,167,153,11150,0,8033,3083,1,2616,2929,0,696,39252,3245,3,53,1542,756,324,3,13374,7633,30340,0,0,654,8822,7648,11500,0,0,0,18,24,132,2,39497,30754,34000,2,0,0,317
99,10,8,1060740,benign,164,153,11136,0,8024,3079,1,2616,2929,0,699,39707,3245,3,51,1349,746,428,3,13211,7531,30296,0,0,654,8837,7634,11523,0,0,0,18,23,39,0,39378,30668,33906,2,0,0,317
100,10,3,1060752,benign,167,153,11124,0,8015,3082,1,2616,2929,0,693,39367,3245,3,52,1295,780,324,3,13261,7435,30337,0,0,654,8861,7652,11513,0,0,0,18,23,39,0,39282,30937,34190,2,0,0,317
101,5,18,1060768,benign,185,153,11134,0,8029,3089,1,2616,2929,0,714,40145,3245,3,52,1300,904,324,3,13742,7944,30319,0,0,654,8856,7685,11549,0,0,0,18,24,38,0,39300,31255,34624,2,0,0,317
102,10,8,1060733,benign,197,153,11150,0,8032,3084,1,2616,2930,0,695,39887,3245,3,52,1561,732,417,4,13418,7766,30243,0,0,654,8860,7690,11570,0,0,0,18,24,140,2,39709,31278,34538,2,0,0,317
103,5,1,1060753,benign,184,153,11130,0,8015,3077,1,2616,2929,0,682,39775,3245,3,52,1359,720,324,4,13719,7909,30406,0,0,654,8843,7670,11550,0,0,0,18,25,38,0,39688,31230,34522,2,0,0,317
104,10,16,1060745,benign,190,153,11148,0,8037,3092,1,2616,2929,0,708,39833,3245,3,52,1447,785,417,3,13815,7738,30205,0,0,654,8859,7637,11506,0,0,0,18,23,39,0,39489,31294,34494,2,0,0,317
105,1,26,1060753,benign,193,153,11127,0,8017,3084,1,2616,2930,0,705,39706,3245,3,52,1298,842,324,4,13471,7706,30371,0,0,654,8858,7663,11551,0,0,0,18,25,39,0,39522,30953,34195,2,0,0,317
106,6,23,1060723,benign,167,153,11162,0,8048,3088,1,2616,2929,0,695,39465,3245,3,53,1358,732,426,3,13555,7491,30381,0,0,654,8837,7709,11580,0,0,0,18,24,39,0,39318,30649,34122,2,0,0,317
107,10,26,1060756,benign,186,153,11148,0,8033,3085,1,2616,2929,0,683,39503,3245,3,52,1306,737,324,4,13780,7971,30393,0,0,654,8848,7643,11559,0,0,0,18,23,39,0,39788,31091,34288,2,0,0,317
108,9,4,1060758,benign,191,153,11141,0,8030,3090,1,2616,2929,0,702,39552,3245,3,52,1296,749,324,3,13746,8046,30444,0,0,654,8858,7689,11587,0,0,0,18,24,38,0,39721,31096,34332,2,0,0,317
109,10,2,1060767,benign,190,153,11151,0,8044,3090,1,2616,2929,0,698,39582,3245,3,52,1522,738,324,3,13602,7894,30369,0,0,654,8862,7687,11565,0,0,0,18,23,38,0,39321,31000,34236,2,0,0,317
110,1,5,1060743,benign,164,151,11124,0,8009,3090,1,2616,2929,0,693,39342,3245,3,53,1470,827,323,3,13384,7531,30351,0,0,654,8853,7678,11564,0,0,0,18,21,39,0,39294,30861,34097,2,0,0,317
111,2,26,1060720,benign,187,153,11142,0,8027,3087,1,2616,2929,0,688,39392,3245,3,52,1327,989,324,3,13688,8024,30342,0,0,654,8861,7654,11545,0,0,0,18,24,141,2,39974,30795,34200,2,0,0,317
112,5,11,1060761,benign,190,151,11178,0,8063,3095,1,2616,2929,0,688,39533,3245,3,52,1354,703,324,3,13741,7734,30331,0,0,654,8832,7684,11563,0,0,0,18,24,39,0,39849,31369,34681,2,0,0,317
113,1,30,1060751,benign,167,153,11098,0,7993,3080,1,2616,2929,0,680,39109,3245,3,52,1349,719,323,3,13593,7905,30353,0,0,654,8846,7683,11572,0,0,0,18,24,39,0,39206,30970,34213,2,0,0,317
114,7,30,1060736,benign,192,153,11127,0,8024,3088,1,2616,2929,0,691,39701,3245,3,52,1292,804,324,3,13569,7862,30360,0,0,654,8850,7702,11590,0,0,0,19,27,41,0,39238,31051,34444,2,0,0,317
115,10,17,1060735,benign,195,153,11130,0,8021,3084,1,2616,2929,0,697,39633,3245,3,52,1355,777,426,3,13463,7609,30370,0,0,654,8843,7695,11545,0,0,0,18,23,39,0,39684,30961,34227,2,0,0,317
116,4,19,1060726,benign,193,153,11112,0,7998,3081,1,2616,2929,0,702,39772,3245,3,52,1354,704,324,3,13582,7727,30392,0,0,654,8831,7678,11546,0,0,0,18,23,39,0,39656,31003,34273,2,0,0,317
117,5,21,1060739,benign,194,153,11124,0,8002,3089,1,2616,2929,0,693,39935,3245,3,53,1514,752,324,3,13678,8004,30410,0,0,654,8852,7702,11568,0,0,0,18,24,39,0,39466,30996,34228,2,0,0,317
118,10,3,1060741,benign,192,153,11127,0,8014,3087,1,2616,2929,0,682,39455,3245,3,51,1292,792,324,3,13710,7767,30352,0,0,654,8838,7655,11546,0,0,0,18,23,39,0,39607,31548,34812,2,0,0,317
119,2,29,1060754,benign,167,154,11140,1,8015,3087,1,2616,2929,0,685,39360,3245,3,52,1492,686,427,3,13266,7498,30277,0,0,654,8846,7654,11511,0,0,0,18,23,39,0,39495,30753,34237,3,0,0,317
120,4,8,1060724,benign,197,153,11127,0,8014,3093,1,2616,2929,0,693,39751,3245,3,52,1288,737,324,3,13903,8032,30356,0,0,654,8838,7669,11540,0,0,0,18,24,141,2,39759,30946,34419,2,0,0,317
121,2,2,1060755,benign,166,153,11117,0,8011,3088,1,2616,2929,0,694,39400,3245,3,53,1378,878,426,3,13266,7526,30373,0,0,654,8841,7663,11524,0,0,0,18,25,39,0,39162,30627,33864,2,0,0,317
122,8,16,1060760,benign,187,153,11115,0,8015,3088,1,2616,2930,0,697,39629,3245,3,53,1519,703,324,3,13798,7934,30372,0,0,654,8896,7708,11548,0,0,0,18,24,39,0,39569,31124,34594,2,0,0,317
123,1,2,1060759,benign,194,153,11127,0,8022,3091,1,2616,2929,0,699,39589,3245,3,52,1370,750,324,4,13583,7652,30365,0,0,654,8848,7664,11530,0,0,0,18,22,39,0,39624,31338,34608,2,0,0,317
124,2,4,1060758,benign,198,153,11117,0,7998,3092,1,2616,2929,0,690,39359,3245,3,52,1553,702,324,3,13826,7878,30383,0,0,654,8851,7678,11565,0,0,0,18,24,39,0,39405,31195,34444,2,0,0,317
125,2,24,1060746,benign,194,153,11104,0,7990,3084,1,2616,2929,0,697,39546,3245,3,52,1359,774,429,4,13731,8035,30374,0,0,654,8843,7683,11538,0,0,0,18,25,39,0,39559,30979,34267,2,0,0,317
126,6,18,1060762,benign,188,151,11110,0,8000,3085,1,2616,2929,0,701,39711,3245,3,52,1287,738,324,4,13378,7554,30335,0,0,654,8840,7635,11522,0,0,0,19,28,41,0,39604,30902,34163,2,0,0,317
127,6,21,1060729,benign,187,153,11140,0,8032,3084,1,2616,2929,0,706,39781,3245,3,53,1335,751,324,3,13831,7978,30339,0,0,654,8835,7685,11567,0,0,0,18,24,39,0,39629,31276,34512,2,0,0,317
128,3,6,1060755,benign,167,153,11108,0,7993,3085,1,2616,2929,0,683,39082,3245,3,53,1346,928,324,4,13266,7397,30297,0,0,654,8844,7686,11568,0,0,0,18,23,39,0,39365,30957,34387,2,0,0,316
129,6,15,1060768,benign,193,153,11117,0,8012,3085,1,2616,2929,0,698,39519,3245,3,52,1551,768,324,3,13422,7608,30272,0,0,654,8866,7649,11524,0,0,0,18,23,141,2,39599,31072,34333,2,0,0,317
130,3,13,1060727,benign,198,153,11143,0,8036,3085,1,2616,2929,0,700,39504,3245,3,52,1466,762,426,3,13740,8091,30389,0,0,654,8843,7682,11572,0,0,0,18,24,39,0,39492,31118,34656,2,0,0,317
131,3,24,1060747,benign,167,153,11158,0,8039,3084,1,2616,2929,0,686,39343,3245,3,53,1557,755,324,3,13684,7971,30414,0,0,654,8852,7686,11590,0,0,0,18,24,39,0,39262,30825,34064,2,0,0,317
132,2,27,1060740,benign,167,153,11120,0,8006,3080,1,2616,2929,0,689,39113,3245,3,52,1383,800,324,3,13286,7477,30334,0,0,654,8857,7692,11599,0,0,0,18,24,282,2,39794,30788,34060,2,0,0,317
133,9,30,1060760,benign,186,153,11113,0,8008,3082,1,2616,2929,0,693,39739,3245,3,53,1310,736,324,3,13762,8041,30402,0,0,654,8852,7688,11576,0,0,0,18,25,39,0,39498,30997,34270,2,0,0,317
134,7,15,1060737,benign,193,154,11138,1,8032,3085,1,2616,2929,0,679,39443,3245,3,52,1313,842,333,3,13581,7819,30307,0,0,654,8839,7667,11523,0,0,0,18,23,49,2,39612,31164,34411,3,0,0,317
135,4,4,1060741,benign,165,153,11122,0,8006,3077,1,2616,2929,0,683,39281,3245,3,52,1551,757,324,3,13192,7521,30276,0,0,654,8803,7651,11538,0,0,0,18,23,39,0,39448,30870,34140,2,0,0,317
136,9,11,1060756,benign,197,153,11145,0,8028,3091,1,2616,2929,0,697,39728,3245,3,51,1492,759,324,3,13504,7716,30250,0,0,654,8853,7652,11527,0,0,0,18,25,39,0,39405,31207,34431,2,0,0,317
137,4,28,1060757,benign,194,152,11152,1,8040,3088,1,2616,2929,0,706,39782,3245,3,52,1379,770,340,3,13701,7930,30231,0,0,654,8853,7691,11560,0,0,0,18,24,48,2,39693,31010,34232,3,0,0,317
138,4,0,1060742,benign,200,153,11150,0,8039,3083,1,2616,2929,0,704,39833,3245,3,52,1351,765,426,4,13620,7902,30435,0,0,654,8840,7651,11492,0,0,0,18,25,39,0,39768,31013,34247,2,0,0,317
139,3,25,1060762,benign,198,151,11132,0,8015,3080,1,2616,2929,0,685,39503,3245,3,52,1334,977,324,4,13485,7637,30317,0,0,654,8858,7672,11558,0,0,0,18,23,39,0,39840,31116,34563,2,0,0,317
140,7,12,1060725,benign,189,153,11132,0,8022,3092,1,2616,2929,0,701,39774,3245,3,52,1427,713,426,3,13820,8017,30273,0,0,654,8850,7665,11533,0,0,0,18,24,144,2,39889,30894,34158,2,0,0,317
141,2,13,1060753,benign,194,153,11148,0,8043,3092,1,2616,2929,0,683,39438,3245,3,52,1364,750,383,3,13569,7648,30319,0,0,654,8858,7673,11535,0,0,0,18,23,39,0,39391,30935,34192,2,0,0,317
142,10,20,1060765,benign,165,153,11128,0,8020,3088,1,2616,2929,0,681,39054,3245,3,52,1559,726,324,3,13244,7429,30361,0,0,654,8848,7656,11511,0,0,0,18,24,39,0,39090,30728,33990,2,0,0,317
143,8,12,1060728,benign,192,153,11154,0,8042,3084,1,2616,2930,0,700,39659,3245,3,52,1342,785,324,4,13911,8122,30446,0,0,654,8853,7663,11507,0,0,0,18,24,39,0,39669,31088,34362,2,0,0,317
0,7,10,1060758,benign,126,27,11105,0,8008,3090,1,2616,2929,0,705,39564,3245,3,52,1337,757,324,4,13964,7881,30288,0,0,654,8841,7685,11566,0,0,0,18,24,39,0,39475,30928,34375,2,0,0,317
1,3,20,1060755,benign,193,153,11120,0,8005,3083,1,2616,2929,0,707,39572,3245,3,52,1587,956,420,3,13524,7688,30251,0,0,654,8861,7653,11532,0,0,0,18,24,39,0,39880,31113,34619,2,0,0,317
2,10,26,1060743,benign,190,153,11147,0,8036,3086,1,2616,2929,0,694,40008,3245,3,52,1428,699,324,4,13714,7873,30298,0,0,654,8846,7669,11536,0,0,0,18,24,39,0,39517,31040,34343,2,0,0,317
3,2,27,1060761,benign,190,153,11102,0,8001,3082,1,2616,2929,0,694,39716,3245,3,52,1524,787,483,3,13442,7782,30296,0,0,654,8840,7654,11525,0,0,0,18,22,39,0,39709,31045,34335,2,0,0,317
4,8,17,1060726,benign,191,153,11141,0,8023,3073,1,2616,2929,0,690,39432,3245,3,52,1531,824,324,3,13593,7812,30387,0,0,654,8857,7695,11589,0,0,0,18,24,39,0,39601,31098,34442,2,0,0,317
5,10,24,1060755,benign,191,151,11119,0,8012,3087,1,2616,2929,0,691,39677,3245,3,53,1391,984,426,3,13828,8041,30330,0,0,654,8837,7675,11556,0,0,0,18,22,38,0,39683,31114,34385,2,0,0,317
6,7,27,1060764,benign,166,153,11139,0,8018,3080,1,2616,2929,0,703,39311,3245,3,53,1348,745,318,3,13500,7664,30402,0,0,654,8849,7704,11561,0,0,0,18,24,38,0,39370,30778,34028,2,0,0,317
7,6,7,1060765,benign,196,153,11153,0,8049,3096,1,2616,2929,0,696,39504,3245,3,52,1352,769,324,4,13610,7705,30310,0,0,654,8837,7684,11541,0,0,0,18,22,38,0,39389,31138,34398,2,0,0,317
8,1,0,1060752,benign,165,153,11103,0,8000,3083,1,2616,2930,0,700,39728,3245,3,52,1333,713,426,3,13460,7735,30323,0,0,654,8860,7655,11529,0,0,0,18,24,39,0,39346,31038,34279,2,0,0,316
9,2,1,1060735,benign,194,153,11140,0,8033,3087,1,2616,2929,0,677,39369,3245,3,52,1316,735,324,3,13703,7900,30409,0,0,654,8860,7676,11567,0,0,0,18,23,39,0,39685,30850,34105,2,0,0,317
10,5,24,1060750,benign,190,153,11118,0,8021,3086,1,2616,2929,0,710,39569,3245,3,52,1387,739,324,4,13477,7634,30311,0,0,654,8855,7700,11568,0,0,0,19,26,41,0,39546,30938,34280,2,0,0,317
11,1,15,1060753,benign,186,153,11142,0,8033,3082,1,2616,2929,0,690,39495,3245,3,52,1364,985,324,3,13726,8036,30337,0,0,654,8841,7641,11541,0,0,0,18,23,39,0,39483,31131,34382,2,0,0,317
12,8,3,1060766,benign,193,153,11147,0,8036,3082,1,2616,2929,0,692,39507,3245,3,53,1398,724,428,3,13765,7688,30357,0,0,654,8843,7683,11567,0,0,0,18,23,39,0,39354,31132,34367,2,0,0,317
13,1,28,1060721,SDC,197,155,10845,0,7826,3034,1,2555,2854,0,700,38889,3156,3,52,1368,943,427,3,13650,7963,29648,0,0,640,8625,7453,11328,0,0,0,18,23,39,0,39391,30709,33963,2,0,0,317
14,1,19,1060732,benign,166,153,11114,0,8002,3083,1,2616,2929,0,692,39248,3245,3,53,1346,937,324,3,13393,7579,30361,0,0,654,8821,7675,11540,0,0,0,18,23,39,0,39621,31051,34293,2,0,0,317
15,6,4,1060753,benign,196,153,11140,0,8027,3081,1,2616,2929,0,703,39923,3245,3,51,1285,984,324,4,13503,7684,30343,0,0,654,8851,7650,11535,0,0,0,19,26,41,0,39496,30933,34176,2,0,0,317
16,9,19,1060740,benign,167,153,11131,0,8011,3089,1,2616,2929,0,673,39212,3245,3,52,1549,704,324,4,13305,7378,30356,0,0,654,8837,7647,11508,0,0,0,18,22,38,0,39268,30817,34067,2,0,0,317
17,4,30,1060736,benign,167,153,11135,0,8020,3089,1,2616,2929,0,692,39257,3245,3,52,1424,764,324,3,13349,7613,30223,0,0,654,8836,7650,11512,0,0,0,18,25,34,0,39659,30751,34024,2,0,0,317
18,9,31,1060743,benign,185,153,11114,0,8002,3077,1,2616,2929,0,697,39840,3245,3,53,1383,743,426,3,13819,7898,30377,0,0,654,8837,7666,11537,0,0,0,18,24,141,2,39844,31195,34596,2,0,0,316
19,6,3,1060755,benign,186,153,11129,0,8016,3084,1,2616,2929,0,704,39974,3245,3,52,1430,898,324,3,13716,7922,30323,0,0,654,8831,7630,11545,0,0,0,18,23,39,0,39476,30887,34162,2,0,0,317
20,6,10,1060752,benign,165,153,11133,0,8027,3082,1,2616,2929,0,703,39424,3245,3,52,1515,769,324,3,13506,7423,30332,0,0,654,8846,7664,11546,0,0,0,18,22,39,0,39464,30702,34175,2,0,0,317
21,2,13,1060751,benign,184,153,11144,0,8033,3090,1,2616,2929,0,680,39375,3245,3,53,1335,1025,324,3,13723,7662,30374,0,0,654,8849,7719,11562,0,0,0,18,22,144,2,39838,31032,34279,2,0,0,317
22,9,23,1060721,benign,193,153,11118,0,8010,3084,1,2616,2929,0,688,39666,3245,3,52,1440,745,416,3,13495,7722,30317,0,0,654,8837,7663,11562,0,0,0,18,24,39,0,39617,31033,34274,2,0,0,317
23,2,12,1060765,benign,196,153,11117,0,8006,3082,1,2616,2929,0,683,39390,3245,3,52,1366,736,610,3,13594,7763,30400,0,0,654,8829,7628,11531,0,0,0,18,23,132,2,39714,31108,34370,2,0,0,317
24,8,21,1060733,benign,194,153,11135,0,8022,3087,1,2616,2929,0,704,39772,3245,3,52,1366,745,324,3,13831,8078,30378,0,0,654,8829,7683,11543,0,0,0,18,24,39,0,39370,31194,34463,2,0,0,317
25,9,2,1060766,benign,186,153,11136,0,8023,3086,1,2616,2929,0,691,39739,3245,3,52,1357,773,428,3,13597,7794,30321,0,0,654,8852,7668,11542,0,0,0,18,24,39,0,39471,30938,34442,2,0,0,317
26,1,8,1060745,benign,195,153,11137,0,8033,3086,1,2616,2929,0,722,39841,3245,3,52,1559,763,324,3,13578,7696,30300,0,0,654,8810,7669,11541,0,0,0,18,23,39,0,39666,31031,34301,2,0,0,316
27,4,4,1060752,benign,166,154,11136,1,8029,3083,1,2616,2929,0,698,39693,3245,3,52,1491,807,429,4,13358,7647,30473,0,0,654,8840,7678,11570,0,0,0,18,25,39,0,39293,30910,34170,3,0,0,317
28,3,21,1060725,benign,187,153,11129,0,8021,3081,1,2616,2929,0,707,39749,3245,3,51,1305,786,324,4,13766,7669,30379,0,0,654,8858,7680,11544,0,0,0,19,26,41,0,39523,31235,34470,2,0,0,317
29,1,0,1060764,crash/hangs,-,-,-,-,-,-,-,-,-,-,-,-,-,-,-,-,-,-,-,-,-,-,-,-,-,-,-,-,-,-,-,-,-,-,-,-,-,-,-,-,-,-
30,6,19,1060757,benign,193,154,10822,0,7813,3004,1,2556,2852,0,685,39242,3147,3,54,1537,983,426,4,13297,7475,29571,0,0,638,8600,7428,11285,0,0,0,18,22,39,0,38849,30221,33728,2,0,0,317
31,3,23,1060743,SDC,166,153,11142,0,8027,3084,1,2616,2929,0,693,39417,3245,3,53,1335,982,426,3,13422,7647,30382,0,0,654,8838,7656,11519,0,0,0,18,23,39,0,39174,30725,33950,2,0,0,317
32,1,13,1060752,benign,196,153,11115,0,8012,3088,1,2616,2929,0,688,39744,3245,3,52,1334,713,324,3,13561,7702,30368,0,0,654,8869,7675,11567,0,0,0,18,24,39,0,39654,30854,34118,2,0,0,317
33,5,11,1060735,benign,190,153,11131,0,8027,3089,1,2616,2929,0,678,39577,3245,3,52,1355,729,324,4,13624,7718,30427,0,0,654,8860,7673,11535,0,0,0,18,23,39,0,39571,31198,34491,2,0,0,317
34,5,11,1060723,benign,204,153,11128,0,8008,3081,1,2616,2929,0,709,39842,3245,3,52,1651,792,427,4,13577,7738,30336,0,0,654,8848,7637,11509,0,0,0,18,24,39,0,39547,31157,34476,2,0,0,317
35,2,17,1060750,benign,192,153,11143,0,8034,3084,1,2616,2929,0,691,39783,3245,3,52,1554,761,324,3,13541,7869,30344,0,0,654,8848,7671,11529,0,0,0,18,24,39,0,39634,30924,34189,2,0,0,317
36,10,21,1060757,benign,189,153,11134,0,8030,3081,1,2616,2930,0,696,39530,3245,3,53,1558,758,425,3,13494,7602,30361,0,0,654,8846,7666,11538,0,0,0,18,25,39,0,39803,31387,34652,2,0,0,317
37,3,30,1060753,benign,193,153,11152,0,8044,3078,1,2616,2929,0,683,39572,3245,3,52,1504,702,427,3,14063,8171,30423,0,0,654,8852,7661,11536,0,0,0,18,24,39,0,39756,31091,34378,2,0,0,317
38,1,28,1060762,benign,191,153,11113,0,8004,3092,1,2616,2929,0,707,39499,3245,3,53,1486,709,324,4,13830,8071,30514,0,0,654,8874,7676,11569,0,0,0,18,22,39,0,39587,30880,34285,2,0,0,317
39,5,12,1060733,benign,192,153,11107,0,8000,3085,1,2616,2929,0,695,39787,3245,3,52,1349,975,324,4,13729,7696,30331,0,0,654,8859,7661,11564,0,0,0,18,24,39,0,39480,31165,34415,2,0,0,317
40,10,28,1060729,benign,195,153,11123,0,8004,3081,1,2616,2929,0,686,39648,3245,3,53,1427,744,324,4,13639,7916,30390,0,0,654,8838,7665,11529,0,0,0,18,23,39,0,39513,31314,34567,2,0,0,317
41,5,28,1060738,benign,197,153,11147,0,8028,3087,1,2616,2929,0,703,39612,3245,3,54,1505,867,324,3,13567,7829,30411,0,0,654,8847,7679,11545,0,0,0,18,25,39,0,39474,31390,34640,2,0,0,317
42,8,27,1060767,benign,190,153,11143,0,8032,3080,1,2616,2929,0,695,39576,3245,3,52,1372,776,323,3,13681,8018,30332,0,0,654,8851,7676,11572,0,0,0,18,24,141,2,39828,31244,34433,2,0,0,317
43,9,18,1060745,benign,194,153,11142,0,8024,3073,1,2616,2929,0,698,39653,3245,3,52,1342,882,426,3,13587,7884,30330,0,0,654,8815,7669,11545,0,0,0,18,23,143,2,39566,30924,34282,2,0,0,317
44,4,31,1060722,benign,167,155,10887,0,7844,3029,1,2555,2854,1,688,38771,3156,3,53,1313,831,426,4,13386,7403,29653,0,0,640,8619,7450,11296,0,0,0,18,23,141,2,39068,30264,33647,2,0,0,317
45,3,17,1060736,SDC,166,153,11143,0,8038,3090,1,2616,2929,0,690,39451,3245,3,52,1461,726,426,3,13237,7410,30349,0,0,654,8813,7673,11551,0,0,0,18,24,39,0,39137,31038,34317,2,0,0,317
46,2,21,1060720,benign,192,153,11123,0,8003,3079,1,2616,2929,0,693,39485,3245,3,52,1523,731,324,3,13802,7869,30352,0,0,654,8868,7658,11557,0,0,0,18,23,39,0,39580,31184,34615,2,0,0,317
47,4,16,1060731,benign,188,153,11153,0,8044,3085,1,2616,2929,0,694,39647,3245,3,52,1363,906,324,4,13682,7891,30398,0,0,654,8837,7660,11530,0,0,0,18,23,38,0,39535,31190,34564,2,0,0,316
48,9,30,1060726,benign,193,153,11142,0,8030,3080,1,2616,2929,0,692,39523,3245,3,53,1544,738,324,3,13700,7863,30354,0,0,654,8853,7652,11522,0,0,0,19,27,134,2,39796,30831,34093,2,0,0,317
49,7,30,1060754,benign,194,153,11105,0,8006,3092,1,2616,2929,0,696,39555,3245,3,53,1359,751,324,4,13615,7850,30348,0,0,654,8846,7699,11557,0,0,0,18,24,39,0,39652,31278,34533,2,0,0,317
50,7,5,1060734,benign,191,153,11151,1,8043,3093,1,2616,2929,0,699,39705,3245,3,51,1359,918,324,3,13850,7811,30356,0,0,654,8842,7670,11518,0,0,0,18,22,39,0,39763,31002,34484,3,0,0,317
51,4,9,1060755,benign,195,153,11122,0,8017,3080,1,2616,2929,0,696,39560,3245,3,53,1477,768,324,3,13876,8044,30397,0,0,654,8838,7673,11554,0,0,0,18,23,39,0,39747,31168,34431,2,0,0,317
52,3,11,1060723,benign,188,153,11111,0,8006,3086,1,2616,2929,0,715,39782,3245,3,52,1377,729,324,3,13827,7961,30453,0,0,654,8815,7641,11486,0,0,0,18,22,39,0,39653,31196,34434,2,0,0,317
53,5,13,1060763,benign,199,153,11138,0,8032,3087,1,2616,2929,0,707,39781,3245,3,53,1360,952,324,4,13926,8167,30461,0,0,654,8847,7682,11555,0,0,0,18,24,141,2,39654,31184,34452,2,0,0,317
54,6,31,1060758,benign,165,153,11126,0,8021,3083,1,2616,2929,0,690,39187,3245,3,53,1311,759,425,4,13245,7412,30384,0,0,654,8840,7699,11571,0,0,0,18,23,132,2,39390,30700,33934,2,0,0,317
55,2,20,1060728,benign,166,155,11123,0,8012,3083,1,2616,2929,1,694,39434,3245,3,53,1354,783,324,3,13637,7925,30304,0,0,654,8839,7686,11579,0,0,0,18,24,143,2,39676,30672,33871,2,0,0,317
56,3,11,1060756,benign,187,154,11114,0,8002,3081,1,2616,2929,0,695,39501,3245,3,51,1414,712,324,4,13632,7924,30346,0,0,654,8848,7696,11564,0,0,0,18,23,39,0,39388,31042,34419,2,0,0,317
57,4,28,1060733,benign,167,153,11109,0,8006,3072,1,2616,2929,0,690,39589,3245,3,53,1323,1100,323,3,13640,7641,30336,0,0,654,8858,7667,11531,0,0,0,18,22,39,0,39284,31163,34616,2,0,0,317
58,1,23,1060760,benign,194,153,11142,0,8030,3076,1,2616,2929,0,694,39495,3245,3,53,1333,950,324,3,13590,7738,30378,0,0,654,8853,7681,11558,0,0,0,18,24,39,0,39615,31357,34809,2,0,0,317
59,3,22,1060763,benign,200,153,11145,0,8050,3089,1,2616,2929,0,680,39454,3245,3,52,1344,894,324,3,13649,7838,30379,0,0,654,8866,7679,11546,0,0,0,18,23,39,0,39615,31147,34426,2,0,0,317
60,1,18,1060755,benign,169,153,11139,0,8026,3086,1,2616,2929,0,693,39526,3245,3,52,1349,946,324,3,13571,7556,30312,0,0,654,8844,7704,11566,0,0,0,18,25,39,0,39191,30811,34238,2,0,0,317
61,5,6,1060768,benign,187,151,11139,0,8033,3092,1,2616,2929,0,694,39565,3245,3,52,1377,773,324,3,13804,8031,30364,0,0,654,8849,7687,11572,0,0,0,18,23,38,0,39387,31167,34410,2,0,0,316
62,9,24,1060737,benign,165,154,11126,0,8013,3077,1,2616,2929,1,681,39101,3245,3,53,1582,795,324,3,13264,7421,30285,0,0,654,8852,7676,11541,0,0,0,18,22,39,0,39591,30898,34198,2,0,0,317
63,3,5,1060764,benign,190,154,11115,0,8004,3072,1,2616,2929,0,687,39392,3245,3,53,1339,835,323,3,13594,7851,30385,0,0,654,8818,7680,11540,0,0,0,18,24,39,0,39325,30803,34055,2,0,0,317
64,6,20,1060733,benign,166,151,11109,0,7989,3085,1,2616,2929,0,694,39177,3245,3,52,1295,719,324,3,13446,7418,30359,0,0,654,8817,7684,11559,0,0,0,19,26,41,0,39269,30921,34179,2,0,0,317
65,8,24,1060756,benign,186,153,11135,0,8020,3081,1,2616,2929,0,698,39711,3245,3,53,1354,752,324,3,13760,8044,30371,0,0,654,8868,7673,11541,0,0,0,18,23,39,0,39416,31029,34315,2,0,0,317
66,5,28,1060767,benign,191,153,11150,0,8038,3085,1,2616,2929,0,701,39938,3245,3,52,1364,922,426,3,13534,7707,30350,0,0,654,8830,7626,11528,0,0,0,18,22,33,0,39356,30845,34033,2,0,0,317
67,7,25,1060753,benign,190,153,11129,0,8019,3084,1,2616,2929,0,698,39767,3245,3,51,1319,776,324,4,13470,7601,30350,0,0,654,8859,7665,11538,0,0,0,18,24,39,0,39735,30972,34202,2,0,0,317
68,7,11,1060725,benign,188,153,11126,0,8008,3086,1,2616,2929,0,674,39422,3245,3,52,1341,776,324,3,13698,8030,30338,0,0,654,8835,7656,11562,0,0,0,18,24,39,0,39519,30974,34229,2,0,0,317
69,5,26,1060734,benign,198,153,11149,0,8043,3083,1,2616,2929,0,688,39540,3245,3,53,1377,890,323,3,13902,8023,30368,0,0,654,8863,7673,11547,0,0,0,18,24,39,0,39280,31039,34512,2,0,0,317
70,9,15,1060749,benign,185,153,11121,0,8019,3087,1,2616,2929,0,694,39483,3245,3,52,1342,934,324,3,13568,7679,30394,0,0,654,8848,7686,11544,0,0,0,18,24,39,0,39542,31306,34592,2,0,0,317
71,7,21,1060755,benign,194,153,11157,0,8043,3094,1,2616,2929,0,686,39613,3245,3,53,1397,712,324,4,13624,7879,30391,0,0,654,8851,7657,11509,0,0,0,18,25,140,2,39902,31009,34261,2,0,0,317
72,4,11,1060742,benign,166,153,11131,0,8023,3094,1,2616,2929,0,699,39561,3245,3,52,1347,754,426,3,13497,7718,30343,0,0,654,8813,7650,11543,0,0,0,18,24,39,0,39053,30875,34119,2,0,0,317
73,5,27,1060752,benign,170,153,11104,0,7999,3080,1,2616,2929,0,695,39225,3245,3,52,1366,723,324,3,13482,7773,30367,0,0,654,8862,7668,11544,0,0,0,18,24,39,0,39214,30769,34031,2,0,0,317
74,3,11,1060724,benign,167,153,11095,0,7993,3084,1,2616,2929,0,686,39373,3245,3,53,1588,715,428,3,13318,7490,30408,0,0,654,8846,7704,11558,0,0,0,18,23,39,0,39156,31092,34361,2,0,0,317
75,9,12,1060748,benign,183,153,11089,0,7979,3074,1,2616,2930,0,700,39598,3245,3,52,1340,750,324,3,13794,8072,30449,0,0,654,8864,7692,11570,0,0,0,18,23,39,0,39710,31361,34643,2,0,0,317
77,2,23,1060768,SDC,197,153,11148,0,8036,3083,1,2616,2929,0,688,39509,3245,3,52,1365,783,426,3,13869,7935,30413,0,0,654,8844,7704,11584,0,0,0,18,23,39,0,39584,31249,34533,2,0,0,317
78,6,15,1060754,benign,166,153,11127,0,8015,3080,1,2616,2929,0,709,39424,3245,3,53,1349,765,424,3,13342,7532,30341,0,0,654,8851,7700,11550,0,0,0,18,24,141,2,39319,30821,34067,2,0,0,317
79,4,24,1060730,benign,166,153,11091,0,7985,3080,1,2616,2929,0,693,39397,3245,3,52,1364,712,324,3,13262,7460,30400,0,0,654,8872,7658,11533,0,0,0,18,24,39,0,39064,30680,33912,2,0,0,317
80,2,21,1060744,benign,166,153,11122,0,8009,3084,1,2616,2929,0,696,39547,3245,3,52,1424,779,426,3,13516,7785,30401,0,0,654,8835,7691,11557,0,0,0,18,23,38,0,39095,30791,34036,2,0,0,317
81,5,28,1060728,benign,186,153,11158,0,8046,3095,1,2616,2929,0,693,39510,3245,3,53,1373,731,426,3,13632,7730,30297,0,0,654,8858,7717,11602,0,0,0,18,24,39,0,39436,30910,34387,2,0,0,317
82,6,7,1060760,benign,189,153,11121,0,8009,3092,1,2616,2929,0,704,39799,3245,3,53,1351,741,426,4,13841,8099,30456,0,0,654,8848,7680,11562,0,0,0,18,24,39,0,39673,30965,34218,2,0,0,317
83,5,12,1060750,benign,198,154,11150,0,8032,3088,1,2616,2929,1,694,39604,3245,3,54,1332,742,324,3,13531,7680,30330,0,0,654,8880,7660,11545,0,0,0,18,25,39,0,39474,31183,34637,2,0,0,317
84,3,3,1060726,benign,164,151,11112,0,7999,3075,1,2616,2929,0,697,39532,3245,3,53,1529,716,324,3,13351,7491,30339,0,0,654,8836,7632,11531,0,0,0,18,23,39,0,39139,30852,34126,2,0,0,317
85,3,25,1060766,benign,183,153,11160,0,8049,3093,1,2616,2929,0,691,39457,3245,3,52,1562,697,324,3,13608,7842,30415,0,0,654,8865,7636,11522,0,0,0,18,25,39,0,39439,31063,34319,2,0,0,317
86,8,16,1060752,benign,196,153,11136,0,8020,3087,1,2616,2929,0,694,39967,3245,3,52,1463,721,426,4,13717,7706,30379,0,0,654,8833,7637,11548,0,0,0,18,24,141,2,39920,31472,34734,2,0,0,317
87,3,22,1060755,benign,197,153,11124,0,8012,3080,1,2616,2929,0,693,39628,3245,3,52,1505,779,415,4,13540,7660,30332,0,0,654,8833,7678,11554,0,0,0,18,23,39,0,39552,30903,34188,2,0,0,317
88,9,4,1060761,benign,166,153,11135,0,8031,3086,1,2616,2929,0,697,39259,3245,3,53,1331,735,324,3,13435,7526,30351,0,0,654,8853,7662,11516,0,0,0,18,25,39,0,39219,30986,34261,2,0,0,317
89,9,22,1060735,benign,187,156,10864,2,7846,3015,1,2548,2847,0,643,38519,3147,3,55,1276,797,504,4,13428,7349,29387,0,0,638,8584,7436,11282,0,0,0,18,23,218,6,39234,30481,33740,4,0,0,317
90,9,5,1060760,benign,195,153,11145,0,8034,3089,1,2616,2929,0,699,39819,3245,3,52,1349,793,426,3,13671,7601,30397,0,0,654,8846,7664,11538,0,0,0,18,23,39,0,39777,31232,34487,2,0,0,317
91,1,3,1060729,SDC,169,153,11132,0,8023,3081,1,2616,2929,0,709,39677,3245,3,52,1313,931,324,3,13227,7393,30170,0,0,654,8849,7686,11552,0,0,0,18,24,39,0,39105,30862,34113,2,0,0,317
92,9,4,1060747,benign,187,153,11143,0,8032,3087,1,2616,2929,0,700,39414,3245,3,53,1358,737,324,3,13643,7842,30336,0,0,654,8853,7679,11560,0,0,0,18,23,140,2,39752,31042,34318,2,0,0,317
93,9,8,1060744,benign,186,153,11110,0,8006,3081,1,2616,2929,0,700,39769,3245,3,52,1359,958,324,3,13534,7864,30403,0,0,654,8860,7702,11580,0,0,0,18,24,131,2,40156,31022,34291,2,0,0,317
94,8,31,1060745,benign,191,154,11141,1,8015,3091,1,2616,2929,0,689,39446,3245,3,52,1647,901,332,3,13569,7730,30361,0,0,654,8867,7635,11511,0,0,0,18,22,44,1,39314,30992,34460,3,0,0,317
95,10,22,1060749,benign,169,153,11135,0,8027,3083,1,2616,2929,0,704,39645,3245,3,53,1569,710,324,4,13325,7543,30311,0,0,654,8846,7659,11611,0,0,0,18,23,39,0,39355,31056,34439,2,0,0,317
96,4,6,1060755,benign,168,153,11116,0,8004,3079,1,2616,2929,0,694,39251,3245,3,53,1343,736,324,4,13234,7511,30281,0,0,654,8852,7700,11557,0,0,0,19,26,41,0,39306,30771,33988,2,0,0,317
97,5,21,1060768,benign,187,153,11125,0,8018,3082,1,2616,2929,0,695,39728,3245,3,52,1513,790,417,4,13694,7928,30466,0,0,654,8827,7607,11495,0,0,0,18,23,39,0,39581,31077,34343,2,0,0,317
98,8,25,1060764,benign,166,153,11142,0,8033,3074,1,2616,2929,0,684,39404,3245,3,53,1467,731,426,3,13416,7315,30223,0,0,654,8847,7690,11529,0,0,0,18,23,39,0,39385,30902,34143,2,0,0,316
99,10,28,1060746,benign,197,153,11112,0,8001,3082,1,2616,2929,0,699,39836,3245,3,52,1588,765,428,3,13550,7651,30243,0,0,654,8850,7664,11528,0,0,0,18,24,39,0,39515,31167,34436,2,0,0,317
100,5,15,1060744,benign,198,151,11150,0,8035,3079,1,2616,2929,0,681,39675,3245,3,53,1603,729,426,3,13702,7858,30342,0,0,654,8848,7680,11575,0,0,0,18,24,38,0,39481,31153,34394,2,0,0,316
101,6,6,1060758,benign,194,152,11125,1,8012,3081,1,2616,2929,0,690,39507,3245,3,52,1287,792,363,4,13614,7701,30354,0,0,654,8853,7647,11534,0,0,0,18,23,150,4,39675,31260,34510,3,0,0,317
102,7,13,1060721,benign,196,153,11118,0,8018,3084,1,2616,2929,0,696,39616,3245,3,52,1350,777,324,3,13709,7931,30366,0,0,654,8863,7667,11548,0,0,0,18,23,39,0,39652,31327,34812,2,0,0,317
103,4,4,1060753,benign,196,153,11113,0,8013,3093,1,2616,2929,0,691,39673,3245,3,53,1328,690,324,3,13579,7741,30318,0,0,654,8848,7677,11548,0,0,0,18,25,39,0,39499,30941,34262,2,0,0,317
104,8,4,1060761,benign,191,153,11100,0,7995,3081,1,2616,2929,0,693,39854,3245,3,53,1339,910,428,3,13515,7600,30283,0,0,654,8813,7650,11508,0,0,0,18,24,39,0,39465,31256,34651,2,0,0,317
105,10,8,1060757,benign,187,153,11110,0,7993,3076,1,2616,2929,0,692,39423,3245,3,53,1343,740,324,3,13529,7854,30366,0,0,654,8837,7680,11535,0,0,0,18,22,38,0,39507,30967,34220,2,0,0,317
106,6,25,1060741,benign,201,153,11110,0,7998,3074,1,2616,2930,0,698,39616,3245,3,53,1419,725,428,3,13428,7615,30369,0,0,654,8856,7703,11568,0,0,0,18,23,39,0,39547,30828,34026,2,0,0,317
107,7,5,1060761,benign,192,153,11125,0,8017,3081,1,2616,2929,0,692,39533,3245,3,53,1559,753,426,4,13735,8035,30387,0,0,654,8863,7690,11558,0,0,0,18,24,39,0,39367,31069,34452,2,0,0,317
108,1,17,1060738,benign,187,153,11150,0,8042,3086,1,2616,2929,0,708,39787,3245,3,52,1398,731,324,4,13512,7808,30343,0,0,654,8835,7674,11577,0,0,0,18,24,39,0,39676,31025,34535,2,0,0,317
0,4,19,1060725,benign,110,28,11127,1,8019,3089,1,2616,2929,0,690,39619,3245,3,53,1384,721,324,3,14031,8254,30371,0,0,654,8844,7633,11504,0,0,0,18,23,143,2,39452,31019,34514,2,0,0,317
1,10,18,1060737,benign,202,153,11143,0,8031,3079,1,2616,2929,0,686,39817,3245,3,52,1313,1005,324,3,13425,7645,30363,0,0,654,8837,7677,11539,0,0,0,19,28,40,0,39517,31195,34485,2,0,0,317
2,2,0,1060726,benign,195,153,11126,0,8016,3084,1,2616,2929,0,693,39723,3245,3,52,1353,911,324,4,13892,8088,30396,0,0,654,8837,7661,11527,0,0,0,18,25,39,0,39520,31136,34393,2,0,0,317
3,2,6,1060749,benign,188,153,11135,0,8024,3087,1,2616,2929,0,692,39449,3245,3,53,1359,737,324,4,13544,7854,30420,0,0,654,8838,7649,11525,0,0,0,18,23,39,0,39458,30964,34287,2,0,0,317
4,4,23,1060758,benign,191,151,11109,0,8005,3091,1,2616,2929,0,722,39853,3245,3,52,1463,745,417,4,13696,7936,30336,0,0,654,8853,7642,11537,0,0,0,18,24,39,0,39520,31259,34512,2,0,0,317
5,8,5,1060761,benign,187,153,11131,0,8014,3089,1,2616,2929,0,690,39636,3245,3,53,1357,931,324,4,13881,7795,30413,0,0,654,8858,7675,11554,0,0,0,18,25,39,0,39589,31091,34354,2,0,0,317
6,1,4,1060746,benign,200,153,11134,0,8030,3089,1,2616,2929,0,698,39879,3245,3,52,1359,809,324,4,14188,8389,30424,0,0,654,8844,7675,11563,0,0,0,18,22,39,0,39515,31313,34617,2,0,0,317
7,2,10,1060762,benign,195,153,11143,0,8034,3089,1,2616,2929,0,702,39810,3245,3,52,1565,723,324,3,13819,8072,30341,0,0,654,8837,7685,11577,0,0,0,18,25,39,0,39547,31005,34264,2,0,0,317
8,4,24,1060737,benign,192,153,11104,0,8003,3086,1,2616,2929,0,697,39664,3245,3,52,1548,785,324,3,13954,7914,30473,0,0,654,8867,7675,11553,0,0,0,18,25,39,0,39667,31214,34470,2,0,0,317
9,8,1,1060735,benign,206,153,11151,0,8044,3084,1,2616,2929,0,711,39870,3245,3,52,1336,770,324,4,13770,7884,30310,0,0,654,8858,7656,11533,0,0,0,18,25,39,0,39747,31196,34640,2,0,0,317
10,2,10,1060743,benign,196,153,11148,0,8027,3090,1,2616,2929,0,677,39639,3245,3,52,1360,772,324,3,13615,7678,30353,0,0,654,8848,7658,11532,0,0,0,18,24,39,0,39680,30960,34223,2,0,0,317
11,1,10,1060765,benign,194,153,11125,0,8017,3082,1,2616,2929,0,691,39674,3245,3,52,1379,795,324,4,13688,7937,30378,0,0,654,8863,7636,11516,0,0,0,18,23,39,0,39534,31073,34287,2,0,0,317
12,7,14,1060766,benign,193,153,11139,0,8032,3088,1,2616,2929,0,690,39573,3245,3,52,1344,711,324,3,14043,8071,30383,0,0,654,8835,7674,11561,0,0,0,18,24,39,0,39656,30925,34195,2,0,0,317
13,4,27,1060756,benign,167,153,11151,0,8040,3094,1,2616,2929,0,691,39203,3245,3,52,1314,899,324,3,13277,7453,30358,0,0,654,8827,7669,11552,0,0,0,18,24,39,0,39468,30656,34102,2,0,0,317
14,3,14,1060724,benign,166,153,11100,0,7998,3086,1,2616,2929,0,678,39047,3245,3,53,1350,753,426,3,13301,7401,30337,0,0,654,8862,7671,11521,0,0,0,18,23,39,0,39192,30922,34218,2,0,0,316
15,2,7,1060720,benign,167,151,11141,0,8030,3086,1,2616,2929,0,694,39255,3245,3,53,1537,744,324,3,13260,7520,30334,0,0,654,8855,7672,11562,0,0,0,18,25,39,0,39425,30809,34077,2,0,0,317
16,8,4,1060742,benign,194,153,11135,0,8010,3093,1,2616,2929,0,691,39450,3245,3,53,1450,758,324,3,13605,7855,30231,0,0,654,8854,7702,11588,0,0,0,18,24,39,0,39514,31068,34328,2,0,0,317
17,8,26,1060749,benign,191,151,11122,0,8008,3086,1,2616,2929,0,703,39607,3245,3,52,1353,755,324,3,13675,7780,30461,0,0,654,8820,7632,11526,0,0,0,18,23,39,0,39662,31164,34551,2,0,0,317
18,9,4,1060732,benign,167,153,11135,0,8025,3088,1,2616,2929,0,696,39385,3245,3,52,1335,769,324,4,13226,7307,30258,0,0,654,8849,7667,11533,0,0,0,18,23,39,0,39441,30848,34100,2,0,0,317
19,6,5,1060727,benign,197,153,11147,0,8033,3083,1,2616,2929,0,703,39535,3245,3,52,1542,900,324,3,13585,7770,30333,0,0,654,8824,7672,11547,0,0,0,18,23,39,0,39437,30922,34175,2,0,0,317
20,3,12,1060739,crash/hangs,-,-,-,-,-,-,-,-,-,-,-,-,-,-,-,-,-,-,-,-,-,-,-,-,-,-,-,-,-,-,-,-,-,-,-,-,-,-,-,-,-,-
21,5,7,1060768,benign,90,27,11164,0,8074,3092,1,2616,2929,0,681,39252,3245,3,52,1420,775,324,4,13327,7504,30308,0,0,654,8827,7699,11557,0,0,0,18,24,39,0,39135,30611,34043,2,0,0,317
22,9,15,1060756,benign,165,153,11130,0,8017,3089,1,2616,2929,0,689,39350,3245,3,53,1312,757,323,3,13491,7726,30361,0,0,654,8845,7699,11565,0,0,0,18,22,141,2,39308,30786,34063,2,0,0,317
23,6,5,1060747,benign,191,153,11108,0,7998,3073,1,2616,2930,0,703,39759,3245,3,52,1369,755,323,3,13578,7611,30274,0,0,654,8866,7659,11539,0,0,0,18,23,39,0,39760,31252,34458,2,0,0,317
24,2,25,1060724,benign,164,153,11122,0,8009,3076,1,2616,2929,0,698,39261,3245,3,53,1418,711,426,3,13290,7639,30392,0,0,654,8820,7666,11536,0,0,0,18,24,39,0,39196,30919,34161,2,0,0,316
25,8,27,1060740,benign,166,153,11136,0,8026,3087,1,2616,2929,0,711,39415,3245,3,53,1532,779,424,3,13504,7644,30470,0,0,654,8854,7648,11526,0,0,0,18,24,39,0,39376,30922,34198,2,0,0,317
26,3,26,1060754,benign,191,153,11098,0,7986,3077,1,2616,2929,0,690,39945,3245,3,52,1354,747,324,3,13727,7890,30315,0,0,654,8831,7681,11569,0,0,0,18,23,39,0,39408,31309,34617,2,0,0,317
27,3,29,1060729,benign,194,153,11116,0,8004,3084,1,2616,2929,0,696,39749,3245,3,52,1345,747,324,3,13585,7708,30373,0,0,654,8837,7656,11543,0,0,0,18,24,39,0,39607,31343,34608,2,0,0,317
28,7,18,1060730,benign,192,153,11147,0,8045,3076,1,2616,2929,0,704,39780,3245,3,54,1358,757,324,3,13763,7679,30363,0,0,654,8824,7639,11528,0,0,0,18,23,39,0,39514,31194,34424,2,0,0,317
29,9,14,1060747,benign,198,151,11149,0,8035,3082,1,2616,2929,0,697,39803,3245,3,53,1360,983,324,4,13740,7855,30292,0,0,654,8856,7659,11540,0,0,0,18,24,39,0,39520,31170,34425,2,0,0,317
0,2,13,1060762,benign,125,27,11122,0,8017,3090,1,2616,2929,0,698,39760,3245,3,52,1344,715,324,3,13785,8060,30303,0,0,654,8841,7646,11492,0,0,0,18,23,39,0,39303,31021,34284,2,0,0,316
1,7,25,1060767,benign,184,153,11119,0,8012,3086,1,2616,2929,0,687,39668,3245,3,52,1369,738,324,3,13436,7598,30393,0,0,654,8871,7703,11569,0,0,0,18,24,39,0,39556,31035,34275,2,0,0,317
2,4,8,1060756,benign,167,154,11137,1,8026,3086,1,2616,2929,0,702,39333,3245,3,53,1534,749,325,3,13139,7355,30284,0,0,654,8861,7676,11563,0,0,0,18,24,39,0,39265,30664,33889,3,0,0,317
3,8,22,1060747,benign,205,153,11125,0,8014,3081,1,2616,2929,0,699,39725,3245,3,52,1357,860,428,3,13597,7748,30405,0,0,654,8846,7699,11570,0,0,0,18,24,39,0,39369,30930,34173,2,0,0,317
4,7,4,1060720,benign,166,153,11141,0,8019,3091,1,2616,2929,0,700,39534,3245,3,52,1369,769,426,3,13233,7313,30233,0,0,654,8862,7648,11509,0,0,0,18,23,39,0,39120,30821,34080,2,0,0,317
5,8,17,1060758,benign,197,153,11114,0,8002,3077,1,2616,2929,0,690,39704,3245,3,52,1300,781,324,3,13826,8119,30396,0,0,654,8831,7651,11535,0,0,0,18,24,39,0,39530,30993,34375,2,0,0,317
6,1,12,1060723,SDC,189,153,10859,1,7839,3017,1,2548,2847,0,678,39134,3147,3,54,1541,741,513,3,13377,7477,29537,0,0,638,8596,7425,11276,0,0,0,18,23,134,3,39234,30697,33925,3,0,0,317
7,5,17,1060720,benign,166,153,11120,0,8002,3078,1,2616,2929,0,686,39424,3245,3,52,1374,762,426,4,13281,7350,30336,0,0,654,8875,7666,11517,0,0,0,19,25,41,0,39314,30732,34022,2,0,0,317
8,1,17,1060738,benign,198,153,11133,0,8027,3080,1,2616,2929,0,709,40054,3245,3,52,1355,805,382,4,13695,7925,30293,0,0,654,8847,7646,11553,0,0,0,18,25,39,0,39397,31210,34486,2,0,0,317
9,8,6,1060762,benign,188,153,11130,0,8022,3081,1,2616,2929,0,699,39525,3245,3,53,1359,713,324,3,13798,8048,30287,0,0,654,8870,7662,11538,0,0,0,18,24,39,0,39395,31184,34437,2,0,0,317
10,6,14,1060729,benign,197,153,11117,0,7999,3073,1,2616,2929,0,703,39829,3245,3,52,1421,812,426,3,13800,7747,30415,0,0,654,8844,7636,11530,0,0,0,18,23,39,0,39848,30800,34064,2,0,0,317
11,10,18,1060759,benign,190,153,11141,0,8024,3080,1,2616,2929,0,693,39568,3245,3,52,1531,759,425,3,13703,7876,30214,0,0,654,8830,7665,11532,0,0,0,18,25,39,0,39323,31182,34656,2,0,0,317
12,4,28,1060748,benign,168,153,11136,0,8020,3075,1,2616,2929,0,683,39311,3245,3,51,1383,953,427,4,13383,7424,30308,0,0,654,8824,7699,11598,0,0,0,18,22,38,0,39311,30795,34176,2,0,0,317
13,5,19,1060749,benign,186,153,11121,0,8013,3088,1,2616,2930,0,698,39509,3245,3,52,1522,672,324,3,13470,7585,30303,0,0,654,8867,7667,11538,0,0,0,18,23,34,0,39692,31115,34382,2,0,0,317
14,4,4,1060746,benign,192,154,11119,1,8018,3093,1,2616,2929,0,680,39549,3245,3,52,1321,960,333,4,13634,7810,30308,0,0,654,8852,7655,11516,0,0,0,18,24,48,2,39653,31233,34692,3,0,0,317
15,5,23,1060749,benign,197,151,11146,0,8026,3084,1,2616,2929,0,698,39489,3245,3,52,1439,804,425,3,13514,7639,30370,0,0,654,8844,7689,11567,0,0,0,18,25,39,0,39835,31161,34427,2,0,0,316
16,7,9,1060737,benign,191,153,11135,0,8025,3095,1,2616,2929,0,711,39695,3245,3,52,1480,845,425,3,13929,8237,30418,0,0,654,8849,7650,11502,0,0,0,18,24,38,0,39632,31197,34534,2,0,0,317
17,4,1,1060736,benign,171,154,11139,1,8016,3089,1,2616,2929,0,693,39215,3245,3,52,1318,986,333,4,13361,7395,30371,0,0,654,8840,7637,11522,0,0,0,18,23,39,0,39198,30639,34103,3,0,0,317
18,3,24,1060748,benign,168,154,11120,0,8010,3080,1,2616,2929,1,699,39773,3245,3,53,1361,758,324,4,13448,7571,30411,0,0,654,8860,7672,11528,0,0,0,18,25,39,0,39142,30931,34384,2,0,0,316
19,10,16,1060751,benign,188,153,11131,0,8021,3084,1,2616,2929,0,691,39636,3245,3,52,1308,792,324,4,13634,7972,30407,0,0,654,8865,7700,11589,0,0,0,18,24,39,0,39410,30967,34239,2,0,0,317
20,6,3,1060750,benign,187,153,11153,0,8043,3096,1,2616,2929,0,688,39525,3245,3,52,1427,946,417,3,13606,7917,30524,0,0,654,8844,7641,11541,0,0,0,18,24,39,0,39375,31014,34244,2,0,0,317
21,6,8,1060728,benign,167,153,11151,0,8027,3085,1,2616,2929,0,707,39557,3245,3,52,1368,740,426,3,13436,7534,30386,0,0,654,8837,7669,11551,0,0,0,18,25,39,0,39384,30739,34185,2,0,0,317
22,4,3,1060765,benign,194,154,11120,1,8006,3082,1,2616,2929,0,699,39474,3245,3,53,1345,742,334,3,13555,7694,30318,0,0,654,8853,7649,11513,0,0,0,18,23,141,4,39816,31183,34440,3,0,0,317
23,2,24,1060722,benign,187,153,11150,0,8035,3087,1,2616,2929,0,696,39662,3245,3,52,1405,793,415,3,13731,7839,30422,0,0,654,8818,7663,11543,0,0,0,18,24,38,0,39420,31008,34265,2,0,0,317
24,2,7,1060747,benign,190,153,11142,0,8037,3090,1,2616,2929,0,691,39576,3245,3,53,1382,717,426,3,13942,8195,30468,0,0,654,8853,7685,11555,0,0,0,18,23,38,0,39348,31114,34552,2,0,0,317
25,6,1,1060749,benign,192,153,11110,0,7996,3090,1,2616,2929,0,705,39990,3245,3,52,1369,910,324,3,13613,7858,30362,0,0,654,8859,7668,11560,0,0,0,18,24,39,0,39686,31101,34423,2,0,0,317
26,6,12,1060728,benign,165,153,11138,0,8020,3085,1,2616,2929,0,692,39318,3245,3,53,1543,744,324,4,13631,7551,30330,0,0,654,8850,7660,11538,0,0,0,18,21,39,0,39248,30783,34036,2,0,0,317
27,1,3,1060751,benign,191,153,11107,0,7991,3090,1,2616,2929,0,704,39531,3245,3,53,1340,779,324,3,13742,7917,30334,0,0,654,8825,7680,11563,0,0,0,18,23,39,0,39770,31005,34356,2,0,0,316
28,7,31,1060727,benign,191,153,11138,0,8021,3091,1,2616,2929,0,699,39809,3245,3,52,1525,802,425,4,13615,7774,30357,0,0,654,8829,7644,11531,0,0,0,18,24,141,2,39944,31008,34284,2,0,0,317
29,8,20,1060746,benign,199,153,11114,0,7996,3078,1,2616,2929,0,691,39388,3245,3,52,1330,728,324,3,13467,7633,30296,0,0,654,8858,7690,11576,0,0,0,18,24,39,0,39552,31039,34391,2,0,0,317
30,2,10,1060742,benign,194,153,11150,0,8040,3086,1,2616,2930,0,716,39932,3245,3,52,1373,701,324,3,13633,7726,30254,0,0,654,8844,7684,11564,0,0,0,18,23,39,0,39533,31145,34534,2,0,0,317
31,9,26,1060720,benign,165,153,11159,0,8043,3089,1,2616,2929,0,681,39385,3245,3,53,1560,758,426,3,13303,7489,30213,0,0,654,8839,7628,11528,0,0,0,18,24,39,0,39297,30699,33955,2,0,0,317
32,7,2,1060740,benign,168,153,11160,0,8044,3084,1,2616,2929,0,687,39319,3245,3,52,1596,746,324,3,13415,7399,30319,0,0,654,8842,7693,11570,0,0,0,18,23,39,0,39380,30739,34018,2,0,0,317
33,10,0,1060744,benign,168,153,11136,0,8018,3085,1,2616,2929,0,690,39329,3245,3,53,1341,789,324,3,13427,7660,30472,0,0,654,8839,7657,11511,0,0,0,18,24,39,0,39265,30923,34183,2,0,0,317
34,4,4,1060763,benign,190,154,11126,1,8011,3079,1,2616,2929,0,700,39763,3245,3,54,1348,967,328,3,13713,7985,30387,0,0,654,8849,7654,11561,0,0,0,18,24,48,2,39676,31028,34240,3,0,0,317
35,6,30,1060758,benign,197,153,11126,0,8012,3088,1,2616,2929,0,701,39557,3245,3,52,1370,768,426,4,13644,7923,30272,0,0,654,8839,7694,11545,0,0,0,18,24,39,0,39582,31081,34308,2,0,0,317
36,5,30,1060762,benign,194,153,11137,0,8020,3080,1,2616,2929,0,699,39542,3245,3,52,1372,957,324,4,13695,7856,30442,0,0,654,8855,7669,11549,0,0,0,18,23,39,0,39358,31062,34323,2,0,0,317
37,1,4,1060760,benign,166,153,11133,0,8029,3088,1,2616,2930,0,703,39474,3245,3,53,1314,722,324,4,13473,7591,30335,0,0,654,8841,7653,11551,0,0,0,18,25,39,0,39160,30697,33962,2,0,0,317
38,10,11,1060768,benign,168,153,11126,0,8015,3088,1,2616,2929,0,697,39520,3245,3,53,1347,734,324,4,13521,7779,30379,0,0,654,8836,7660,11527,0,0,0,18,23,142,2,39534,31004,34291,2,0,0,317
39,1,25,1060755,benign,184,153,11160,0,8048,3089,1,2616,2929,0,705,39672,3245,3,52,1464,847,324,3,13596,7687,30363,0,0,654,8839,7652,11560,0,0,0,18,24,39,0,39525,31303,34573,2,0,0,317
40,1,8,1060735,benign,188,151,11119,0,8004,3086,1,2616,2929,0,692,39699,3245,3,52,1509,712,324,3,13763,7893,30399,0,0,654,8882,7670,11550,0,0,0,19,27,41,0,39858,31026,34291,2,0,0,317
41,8,14,1060725,benign,195,153,11131,0,8016,3080,1,2616,2929,0,685,39352,3245,3,52,1315,778,324,3,13633,7879,30462,0,0,654,8873,7681,11542,0,0,0,18,24,39,0,39597,31164,34430,2,0,0,317
42,4,8,1060758,benign,192,154,11154,1,8033,3093,1,2616,2929,0,671,39578,3245,3,53,1354,741,325,3,13698,7955,30402,0,0,654,8871,7661,11536,0,0,0,18,23,40,0,39513,31050,34305,3,0,0,317
43,2,25,1060739,benign,198,153,11134,0,8026,3081,1,2616,2929,0,716,39625,3245,3,52,1544,769,324,3,13848,8041,30336,0,0,654,8847,7705,11590,0,0,0,18,23,33,0,39604,31273,34512,2,0,0,317
44,7,18,1060746,benign,196,153,11149,0,8032,3087,1,2616,2929,0,698,39537,3245,3,52,1330,785,318,4,13719,7747,30352,0,0,654,8826,7689,11577,0,0,0,18,25,38,0,39486,31207,34454,2,0,0,317
45,5,5,1060755,benign,190,153,11141,0,8033,3086,1,2616,2930,0,682,39639,3245,3,53,1507,752,324,3,13996,8293,30378,0,0,654,8855,7662,11533,0,0,0,18,21,39,0,39478,31122,34478,2,0,0,317
46,7,17,1060721,benign,193,151,11096,0,7988,3073,1,2616,2929,0,686,39493,3245,3,52,1351,782,324,3,13688,7899,30321,0,0,654,8852,7675,11559,0,0,0,18,25,39,0,39878,31299,34575,2,0,0,317
47,6,21,1060764,benign,168,151,11129,0,8023,3086,1,2616,2929,0,697,39156,3245,3,52,1334,734,428,3,13286,7541,30311,0,0,654,8859,7671,11547,0,0,0,18,23,39,0,39375,30657,33953,2,0,0,317
48,10,22,1060751,benign,193,153,11142,0,8038,3083,1,2616,2929,0,699,39627,3245,3,52,1541,759,426,3,13437,7622,30308,0,0,654,8822,7665,11533,0,0,0,18,24,38,0,39367,31286,34637,2,0,0,317
49,3,4,1060754,benign,194,153,11137,0,8026,3088,1,2616,2930,0,687,39451,3245,3,52,1531,750,324,4,13614,7906,30375,0,0,654,8861,7668,11546,0,0,0,18,24,39,0,39455,31107,34376,2,0,0,317
50,8,15,1060732,benign,166,153,11134,0,8017,3093,1,2616,2929,0,692,39506,3245,3,53,1501,718,324,3,13292,7580,30384,0,0,654,8836,7687,11556,0,0,0,18,23,39,0,39248,30959,34206,2,0,0,317
51,7,12,1060761,benign,185,153,11118,0,8006,3076,1,2616,2929,0,693,39694,3245,3,53,1536,741,323,3,13655,7899,30345,0,0,654,8825,7646,11548,0,0,0,18,24,39,0,39342,31342,34581,2,0,0,317
52,3,14,1060729,benign,193,153,11115,0,8012,3077,1,2616,2929,0,713,39917,3245,3,52,1308,766,324,3,13617,7568,30374,0,0,654,8833,7679,11575,0,0,0,18,24,39,0,39415,30949,34286,2,0,0,317
53,5,27,1060727,benign,191,151,11105,0,7986,3078,1,2616,2929,0,706,39609,3245,3,51,1413,764,427,3,13574,7783,30373,0,0,654,8845,7661,11523,0,0,0,18,24,39,0,39753,30967,34497,2,0,0,317
54,4,14,1060736,benign,166,151,11122,0,8008,3090,1,2616,2929,0,701,39459,3245,3,53,1370,713,324,4,13247,7502,30360,0,0,654,8833,7631,11523,0,0,0,18,22,143,2,39731,31022,34511,2,0,0,317
55,1,22,1060720,SDC,166,154,10874,0,7848,3022,1,2555,2854,2,685,38555,3156,3,53,1545,778,324,3,13279,7626,29648,0,0,640,8652,7453,11322,0,0,0,18,24,39,0,38766,30431,33704,2,0,0,317
56,4,30,1060749,benign,200,153,11154,0,8036,3086,1,2616,2929,0,697,39524,3245,3,51,1356,938,426,3,13720,7702,30390,0,0,654,8859,7693,11564,0,0,0,18,25,39,0,39463,30991,34447,2,0,0,317
57,8,5,1060750,benign,195,153,11153,0,8038,3084,1,2616,2929,0,698,39459,3245,3,52,1331,795,425,3,13782,7911,30360,0,0,654,8840,7668,11520,0,0,0,18,23,38,0,39499,30991,34229,2,0,0,317
58,8,8,1060738,benign,192,151,11118,0,8006,3081,1,2616,2929,0,696,39461,3245,3,52,1328,789,324,3,13845,7778,30446,0,0,654,8808,7639,11505,0,0,0,18,22,34,2,39641,31040,34500,2,0,0,317
59,10,7,1060730,benign,194,153,11113,0,8003,3081,1,2616,2929,0,706,39620,3245,3,52,1326,992,324,4,13588,7764,30407,0,0,654,8814,7670,11573,0,0,0,18,23,39,0,39507,31134,34605,2,0,0,317
60,2,6,1060761,benign,201,153,11132,0,8018,3090,1,2616,2929,0,699,39948,3245,3,53,1346,738,324,4,13827,8153,30469,0,0,654,8830,7676,11561,0,0,0,18,24,39,0,39778,30867,34085,2,0,0,317
61,8,26,1060734,benign,197,153,11117,0,8008,3086,1,2616,2929,0,687,39536,3245,3,52,1551,803,324,3,13754,7921,30389,0,0,654,8857,7697,11561,0,0,0,18,23,39,0,39445,31009,34246,2,0,0,317
62,4,2,1060730,benign,190,154,11144,1,8023,3076,1,2616,2930,0,700,39848,3245,3,52,1308,779,332,3,13566,7776,30265,0,0,654,8819,7653,11550,0,0,0,18,24,46,1,39860,31044,34306,2,0,0,317
63,7,16,1060758,benign,193,153,11137,0,8028,3081,1,2616,2929,0,709,39947,3245,3,53,1557,741,428,3,13775,7962,30354,0,0,654,8818,7683,11550,0,0,0,18,24,141,2,39778,31069,34338,2,0,0,317
64,4,22,1060743,benign,192,151,11127,0,8019,3089,1,2616,2929,0,695,39730,3245,3,51,1365,695,324,3,14068,8154,30381,0,0,654,8851,7632,11519,0,0,0,18,24,39,0,39306,31161,34600,2,0,0,317
65,1,4,1060767,benign,185,153,11120,0,8015,3086,1,2616,2929,0,687,39494,3245,3,53,1497,937,425,3,13464,7647,30277,0,0,654,8903,7749,11593,0,0,0,18,24,39,0,39335,31223,34448,2,0,0,317
66,1,13,1060745,benign,184,153,11123,0,8011,3087,1,2616,2929,0,704,39969,3245,3,52,1334,991,426,3,13904,7678,30409,0,0,654,8862,7677,11535,0,0,0,18,23,141,2,39545,30989,34232,2,0,0,317
67,1,17,1060755,benign,195,153,11149,0,8043,3082,1,2616,2929,0,688,39418,3245,3,53,1347,735,426,3,13964,8182,30374,0,0,654,8830,7636,11529,0,0,0,18,23,39,0,39499,31265,34499,2,0,0,317
68,10,26,1060746,benign,198,153,11109,0,8000,3082,1,2616,2929,0,685,39650,3245,3,52,1549,715,324,3,13576,7886,30453,0,0,654,8850,7680,11535,0,0,0,18,22,38,0,39649,31437,34691,2,0,0,317
69,4,12,1060745,benign,193,151,11124,0,8011,3084,1,2616,2929,0,698,39439,3245,3,52,1348,780,427,3,13768,7896,30331,0,0,654,8850,7682,11565,0,0,0,18,25,34,2,39704,30965,34264,2,0,0,317
70,8,8,1060732,benign,165,153,11096,0,7980,3072,1,2616,2929,0,679,39019,3245,3,53,1354,904,427,3,13488,7738,30305,0,0,654,8831,7696,11545,0,0,0,18,23,39,0,39303,30899,34164,2,0,0,317
71,5,1,1060731,benign,193,153,11079,0,7997,3096,1,2616,2929,0,707,39803,3245,3,52,1555,721,324,4,13596,7787,30335,0,0,654,8825,7654,11528,0,0,0,18,24,39,0,39558,30985,34224,2,0,0,317
72,6,2,1060766,benign,184,153,11117,0,8010,3082,1,2616,2929,0,712,39513,3245,3,53,1518,749,324,3,13480,7748,30374,0,0,654,8866,7675,11527,0,0,0,18,23,39,0,39349,31090,34364,2,0,0,317
73,8,20,1060730,benign,194,153,11143,0,8029,3082,1,2616,2930,0,686,39703,3245,3,52,1314,994,324,4,13783,8056,30440,0,0,654,8847,7675,11539,0,0,0,18,23,39,0,39354,30875,34100,2,0,0,317
74,7,0,1060756,benign,166,153,11149,0,8027,3079,1,2616,2929,0,696,39300,3245,3,53,1426,950,417,3,13704,7694,30222,0,0,654,8848,7681,11590,0,0,0,18,22,39,0,39247,30825,34102,2,0,0,317
75,10,23,1060753,benign,184,153,11126,0,8012,3067,1,2616,2929,0,700,39601,3245,3,52,1548,714,324,3,13935,8113,30354,0,0,654,8840,7646,11539,0,0,0,19,26,40,0,39647,31199,34448,2,0,0,317
76,6,12,1060754,benign,193,153,11144,0,8027,3079,1,2616,2929,0,689,39679,3245,3,52,1506,786,324,3,13438,7776,30293,0,0,654,8830,7669,11539,0,0,0,18,23,39,0,39729,31171,34640,2,0,0,317
77,8,10,1060732,benign,166,151,11130,0,8021,3091,1,2616,2929,0,684,39163,3245,3,52,1565,753,424,3,13243,7342,30273,0,0,654,8863,7672,11564,0,0,0,18,23,39,0,39180,30688,33954,2,0,0,317
78,1,26,1060750,benign,196,153,11137,0,8032,3089,1,2616,2929,0,696,39830,3245,3,52,1573,772,426,3,13558,7693,30509,0,0,654,8849,7641,11553,0,0,0,18,23,39,0,39725,31095,34353,2,0,0,317
79,10,11,1060745,benign,193,153,11102,0,7996,3093,1,2616,2929,0,681,39637,3245,3,52,1401,959,324,3,13713,7914,30402,0,0,654,8865,7679,11552,0,0,0,18,23,39,0,39362,30971,34228,2,0,0,317
80,6,1,1060732,benign,166,153,11147,0,8031,3082,1,2616,2929,0,694,39612,3245,3,52,1398,734,556,3,13173,7321,30330,0,0,654,8859,7695,11570,0,0,0,19,27,37,1,39618,30656,33983,2,0,0,317
81,9,4,1060731,benign,193,153,11150,0,8034,3077,1,2616,2929,0,693,39880,3245,3,53,1360,725,426,3,13684,7908,30320,0,0,654,8852,7663,11550,0,0,0,18,22,39,0,39699,31110,34357,2,0,0,317
82,10,14,1060747,benign,198,153,11135,0,8026,3085,1,2616,2929,0,691,39637,3245,3,52,1460,752,428,3,13642,7868,30334,0,0,654,8856,7652,11532,0,0,0,18,23,39,0,39447,30958,34226,2,0,0,317
83,9,30,1060734,benign,195,151,11137,0,8014,3086,1,2616,2929,0,693,39806,3245,3,52,1724,728,426,4,13651,7933,30390,0,0,654,8854,7670,11544,0,0,0,18,23,39,0,39589,31008,34287,2,0,0,317
84,5,27,1060742,benign,194,151,11130,0,8017,3077,1,2616,2929,0,692,39505,3245,3,52,1510,774,323,4,13733,7896,30359,0,0,654,8845,7677,11542,0,0,0,18,23,39,0,39403,31346,34628,2,0,0,317
85,10,30,1060763,benign,194,153,11108,0,8006,3084,1,2616,2929,0,689,39892,3245,3,52,1555,751,588,3,13735,8023,30356,0,0,654,8828,7680,11570,0,0,0,18,24,132,2,39760,31016,34425,2,0,0,317
86,4,16,1060737,benign,198,153,11153,0,8041,3091,1,2616,2929,0,688,39447,3245,3,53,1535,729,324,4,13512,7742,30326,0,0,654,8844,7682,11558,0,0,0,18,25,39,0,39897,31021,34272,2,0,0,317
87,2,31,1060752,benign,165,151,11136,0,8030,3082,1,2616,2929,0,699,39449,3245,3,51,1347,742,324,3,13253,7556,30332,0,0,654,8922,7746,11558,0,0,0,18,25,39,0,39286,30830,34089,2,0,0,317
88,7,5,1060768,benign,166,153,11134,0,8024,3086,1,2616,2929,0,683,39175,3245,3,53,1547,731,324,3,13367,7612,30376,0,0,654,8837,7688,11571,0,0,0,18,24,141,2,39452,31028,34305,2,0,0,317
89,7,31,1060727,benign,187,153,11104,0,7997,3076,1,2616,2929,0,709,39993,3245,3,52,1295,785,420,4,13707,8021,30343,0,0,654,8859,7673,11535,0,0,0,18,25,39,0,39481,31183,34451,2,0,0,317
90,3,9,1060723,benign,190,151,11128,0,8009,3077,1,2616,2929,0,679,39452,3245,3,52,1319,755,324,3,13853,7823,30354,0,0,654,8848,7688,11558,0,0,0,18,23,39,0,39429,30841,34101,2,0,0,317
91,8,4,1060765,benign,194,153,11144,0,8036,3088,1,2616,2929,0,694,39571,3245,3,52,1317,798,324,3,13727,8034,30300,0,0,654,8858,7688,11537,0,0,0,18,25,39,0,39583,30959,34167,2,0,0,317
92,8,0,1060741,benign,193,153,11137,0,8015,3084,1,2616,2929,0,699,39380,3245,3,53,1331,782,324,3,13785,8009,30389,0,0,654,8842,7678,11538,0,0,0,18,23,141,2,39698,31088,34364,2,0,0,317
93,1,22,1060743,benign,187,153,11123,0,8014,3086,1,2616,2929,0,703,39696,3245,3,52,1533,778,323,4,13532,7540,30406,0,0,654,8817,7659,11576,0,0,0,18,25,39,0,39414,30934,34202,2,0,0,317
94,9,25,1060727,benign,185,153,11145,0,8031,3091,1,2616,2929,0,718,39723,3245,3,52,1376,964,426,3,13418,7628,30220,0,0,654,8856,7666,11531,0,0,0,18,23,39,0,39509,31229,34459,2,0,0,317
95,1,28,1060737,benign,192,153,11104,0,7985,3080,1,2616,2929,0,711,39806,3245,3,51,1376,720,324,3,13833,7784,30294,0,0,654,8824,7625,11517,0,0,0,18,22,39,0,39363,30948,34379,2,0,0,317
96,4,18,1060732,benign,165,153,11126,0,8024,3087,1,2616,2930,0,701,39521,3245,3,53,1290,980,324,4,13450,7721,30345,0,0,654,8844,7660,11541,0,0,0,18,25,39,0,39347,30650,33917,2,0,0,316
97,10,6,1060765,benign,190,153,11122,0,8014,3094,1,2616,2930,0,688,39516,3245,3,53,1314,752,324,3,13523,7648,30250,0,0,654,8857,7716,11596,0,0,0,18,25,33,0,39602,31052,34385,2,0,0,317
98,7,7,1060727,benign,195,151,11128,0,8015,3085,1,2616,2929,0,697,39791,3245,3,52,1521,773,323,3,13605,7801,30312,0,0,654,8845,7689,11545,0,0,0,18,24,37,0,39706,30956,34212,2,0,0,316
99,9,7,1060754,benign,195,153,11144,0,8035,3076,1,2616,2929,0,699,39463,3245,3,52,1341,767,324,3,13551,7667,30302,0,0,654,8845,7650,11546,0,0,0,18,25,132,2,39830,31139,34389,2,0,0,317
100,8,9,1060735,benign,196,153,11120,0,8013,3088,1,2616,2929,0,697,39894,3245,3,52,1384,719,426,3,13619,7722,30324,0,0,654,8857,7676,11555,0,0,0,18,24,38,0,39565,31225,34489,2,0,0,317
101,5,6,1060746,benign,189,153,11135,0,8027,3081,1,2616,2930,0,681,39465,3245,3,52,1607,744,324,3,13544,7796,30310,0,0,654,8841,7658,11546,0,0,0,18,24,39,0,39301,31238,34548,2,0,0,317
102,8,19,1060746,benign,195,151,11120,0,8013,3080,1,2616,2929,0,691,39657,3245,3,52,1319,942,324,3,13909,8134,30296,0,0,654,8835,7671,11549,0,0,0,18,24,142,2,39450,31170,34397,2,0,0,317
103,3,16,1060745,benign,196,153,11128,0,8018,3082,1,2616,2929,0,688,39767,3245,3,52,1748,691,428,3,13659,7932,30334,0,0,654,8863,7707,11600,0,0,0,18,24,34,0,39474,30919,34200,2,0,0,317
104,7,0,1060749,benign,195,153,11160,0,8047,3082,1,2616,2929,0,698,39486,3245,3,52,1564,764,426,3,13713,7714,30312,0,0,654,8849,7649,11513,0,0,0,18,25,38,0,39652,30878,34132,2,0,0,317
105,1,27,1060727,SDC,189,154,10873,0,7865,3021,1,2548,2848,0,679,38820,3147,3,53,1317,1042,324,4,13284,7668,29634,0,0,638,8575,7447,11270,0,0,0,18,22,39,0,38790,30522,33982,2,0,0,317
106,9,19,1060731,benign,190,153,11113,0,8001,3088,1,2616,2929,0,699,39926,3245,3,52,1348,737,324,3,13626,7891,30353,0,0,654,8816,7630,11507,0,0,0,18,23,39,0,39689,31202,34499,2,0,0,317
107,2,9,1060729,benign,197,153,11149,0,8033,3087,1,2616,2929,0,697,39857,3245,3,52,1489,770,324,4,13610,7662,30202,0,0,654,8869,7651,11521,0,0,0,18,25,39,0,39661,31218,34544,2,0,0,317
108,3,29,1060726,benign,194,151,11125,0,8012,3088,1,2616,2929,0,682,39600,3245,3,52,1330,728,324,3,13527,7744,30366,0,0,654,8858,7688,11575,0,0,0,18,24,39,0,39369,30817,34235,2,0,0,317
109,10,3,1060729,benign,193,151,11139,0,8024,3085,1,2616,2929,0,697,39548,3245,3,52,1468,700,324,3,13443,7646,30371,0,0,654,8852,7665,11520,0,0,0,18,24,39,0,39685,31087,34333,2,0,0,317
110,1,2,1060750,benign,199,153,11110,0,8004,3082,1,2616,2929,0,702,39497,3245,3,53,1379,702,324,4,13489,7640,30368,0,0,654,8846,7682,11575,0,0,0,18,24,141,2,39759,31242,34632,2,0,0,317
111,1,10,1060751,benign,194,153,11110,0,8004,3087,1,2616,2929,0,694,39552,3245,3,52,1531,738,324,4,13720,7870,30315,0,0,654,8848,7648,11518,0,0,0,18,23,38,0,39790,30883,34180,2,0,0,317
112,2,26,1060755,benign,185,153,11120,0,8018,3088,1,2616,2929,0,695,39882,3245,3,52,1310,780,324,4,13595,7771,30299,0,0,654,8846,7629,11520,0,0,0,18,24,39,0,39615,31159,34438,2,0,0,317
113,3,23,1060764,benign,166,154,11136,0,8028,3081,1,2616,2929,1,687,39513,3245,3,54,1308,936,324,4,13197,7328,30266,0,0,654,8824,7633,11517,0,0,0,18,23,39,0,39213,30695,33974,2,0,0,317
114,7,9,1060748,benign,167,153,11119,0,8008,3078,1,2616,2929,0,683,39326,3245,3,53,1361,732,324,3,13230,7454,30281,0,0,654,8834,7650,11509,0,0,0,18,23,39,0,39505,30657,34028,2,0,0,317
115,3,24,1060723,benign,183,153,11143,0,8026,3088,1,2616,2929,0,706,39702,3245,3,53,1338,742,426,4,13629,7725,30429,0,0,654,8848,7707,11588,0,0,0,18,23,39,0,39657,31052,34535,2,0,0,317
116,10,27,1060756,benign,165,153,11146,0,8031,3091,1,2616,2929,0,693,39406,3245,3,53,1381,753,616,4,13406,7647,30381,0,0,654,8844,7681,11579,0,0,0,19,26,41,0,39190,30910,34171,2,0,0,317
117,9,14,1060734,benign,193,153,11125,0,8020,3081,1,2616,2929,0,701,39952,3245,3,52,1462,745,324,3,13689,7847,30405,0,0,654,8847,7668,11537,0,0,0,18,24,39,0,39353,31285,34573,2,0,0,317
118,9,9,1060731,benign,199,153,11125,0,8006,3084,1,2616,2929,0,691,39598,3245,3,52,1344,943,426,3,13653,7944,30412,0,0,654,8845,7688,11570,0,0,0,18,23,39,0,39549,31138,34583,2,0,0,317
119,2,0,1060744,benign,166,153,11132,0,8016,3083,1,2616,2929,0,696,39341,3245,3,52,1379,746,428,3,13257,7592,30449,0,0,654,8833,7660,11531,0,0,0,18,24,39,0,39376,30682,33928,2,0,0,317
120,4,1,1060742,benign,188,154,11104,1,7993,3080,1,2616,2929,0,695,39478,3245,3,52,1306,717,342,4,13487,7597,30262,0,0,654,8843,7631,11500,0,0,0,18,25,43,1,39766,31264,34522,3,0,0,317
121,10,26,1060745,benign,199,153,11098,0,7986,3077,1,2616,2929,0,710,39886,3245,3,52,1376,710,323,4,13748,8081,30414,0,0,654,8856,7703,11605,0,0,0,18,22,39,0,39716,31171,34458,2,0,0,317
122,8,3,1060735,benign,196,153,11130,0,8017,3086,1,2616,2929,0,674,39383,3245,3,51,1342,704,324,3,13499,7660,30254,0,0,654,8833,7660,11528,0,0,0,18,23,39,0,39606,31100,34367,2,0,0,317
123,10,14,1060761,benign,190,153,11111,0,8006,3086,1,2616,2930,0,691,39486,3245,3,52,1326,784,324,4,13561,7670,30354,0,0,654,8865,7666,11553,0,0,0,19,27,41,0,39692,30896,34292,2,0,0,317
124,7,12,1060754,benign,194,153,11113,0,8002,3083,1,2616,2929,0,686,39738,3245,3,52,1320,776,324,4,13534,7859,30314,0,0,654,8845,7643,11536,0,0,0,18,25,39,0,39676,30898,34375,2,0,0,317
125,9,26,1060723,benign,185,151,11132,0,8012,3087,1,2616,2929,0,693,39616,3245,3,53,1386,879,427,3,13792,7986,30402,0,0,654,8865,7667,11551,0,0,0,18,22,132,2,39740,31164,34582,2,0,0,317
126,5,17,1060750,benign,195,151,11092,0,7986,3087,1,2616,2929,0,701,39506,3245,3,52,1451,732,428,3,13770,7671,30295,0,0,654,8868,7650,11500,0,0,0,18,22,39,0,39637,30902,34137,2,0,0,317
127,9,24,1060766,benign,196,153,11134,0,8015,3087,1,2616,2929,0,698,39696,3245,3,53,1288,754,324,3,13549,7734,30388,0,0,654,8839,7702,11562,0,0,0,18,22,39,0,39409,31044,34350,2,0,0,317
128,6,29,1060764,benign,166,153,11133,0,8012,3083,1,2616,2929,0,695,39242,3245,3,53,1431,735,324,3,13350,7574,30395,0,0,654,8838,7682,11580,0,0,0,19,27,41,0,39517,30778,34184,2,0,0,317
129,5,25,1060720,benign,166,153,11151,0,8040,3088,1,2616,2929,0,696,39282,3245,3,52,1303,786,426,3,13362,7516,30320,0,0,654,8835,7676,11575,0,0,0,18,23,39,0,39182,30776,34031,2,0,0,317
130,9,27,1060728,benign,167,151,11146,0,8041,3085,1,2616,2929,0,698,39392,3245,3,52,1331,803,324,3,13403,7620,30267,0,0,654,8846,7683,11573,0,0,0,18,21,140,2,39500,30654,33888,2,0,0,317
131,9,19,1060751,benign,191,153,11113,0,8003,3079,1,2616,2929,0,693,39496,3245,3,53,1378,736,424,3,13719,7874,30413,0,0,654,8847,7687,11567,0,0,0,18,25,39,0,39680,31016,34479,2,0,0,317
132,6,13,1060739,benign,186,153,11122,0,8007,3084,1,2616,2929,0,694,39656,3245,3,53,1367,719,324,3,13636,7767,30353,0,0,654,8837,7667,11554,0,0,0,18,21,39,0,39789,30985,34253,2,0,0,317
133,8,29,1060759,benign,198,153,11133,0,8022,3089,1,2616,2929,0,686,39509,3245,3,53,1680,739,324,3,13612,7867,30409,0,0,654,8826,7643,11541,0,0,0,18,24,39,0,39466,31245,34703,2,0,0,317
134,9,30,1060749,benign,196,153,11121,0,8015,3081,1,2616,2929,0,700,39576,3245,3,52,1343,801,324,3,13592,7755,30324,0,0,654,8838,7704,11585,0,0,0,19,26,40,0,40000,31292,34685,2,0,0,317
135,6,29,1060737,benign,186,151,11157,0,8034,3085,1,2616,2930,0,699,40006,3245,3,52,1372,777,324,3,13500,7666,30318,0,0,654,8829,7669,11527,0,0,0,18,23,39,0,39997,31208,34497,2,0,0,317
136,1,13,1060749,benign,199,153,11151,0,8044,3084,1,2616,2930,0,707,39739,3245,3,53,1368,732,323,3,13835,7806,30371,0,0,654,8831,7668,11542,0,0,0,18,24,141,2,39968,31032,34250,2,0,0,317
137,2,21,1060763,benign,185,151,11157,0,8042,3094,1,2616,2929,0,692,39645,3245,3,52,1678,716,324,3,13597,7834,30312,0,0,654,8862,7676,11568,0,0,0,18,22,39,0,39635,31313,34601,2,0,0,317
