16:37:36 DEBUG : Logs will be stored at '/home/kike/Desktop/marvin/marvin/IDE.log'.
16:37:36 INFO  : Launching XSCT server: xsct -n  -interactive /home/kike/Desktop/marvin/marvin/temp_xsdb_launch_script.tcl
16:37:37 INFO  : Registering command handlers for Vitis TCF services
16:37:37 INFO  : Platform repository initialization has completed.
16:37:38 INFO  : XSCT server has started successfully.
16:37:38 INFO  : plnx-install-location is set to ''
16:37:38 INFO  : Successfully done setting XSCT server connection channel  
16:37:38 INFO  : Successfully done query RDI_DATADIR 
16:37:38 INFO  : Successfully done setting workspace for the tool. 
16:41:33 INFO  : Result from executing command 'getProjects': pynq_z2_bram_wrapper
16:41:33 INFO  : Result from executing command 'getPlatforms': xilinx_vck190_base_202410_1|/tools/Xilinx/Vitis/2024.1/base_platforms/xilinx_vck190_base_202410_1/xilinx_vck190_base_202410_1.xpfm;xilinx_vck190_base_dfx_202410_1|/tools/Xilinx/Vitis/2024.1/base_platforms/xilinx_vck190_base_dfx_202410_1/xilinx_vck190_base_dfx_202410_1.xpfm;xilinx_vek280_base_202410_1|/tools/Xilinx/Vitis/2024.1/base_platforms/xilinx_vek280_base_202410_1/xilinx_vek280_base_202410_1.xpfm;xilinx_vek280_base_bdc_202410_1|/tools/Xilinx/Vitis/2024.1/base_platforms/xilinx_vek280_base_bdc_202410_1/xilinx_vek280_base_bdc_202410_1.xpfm;xilinx_vmk180_base_202410_1|/tools/Xilinx/Vitis/2024.1/base_platforms/xilinx_vmk180_base_202410_1/xilinx_vmk180_base_202410_1.xpfm;xilinx_zcu102_base_202410_1|/tools/Xilinx/Vitis/2024.1/base_platforms/xilinx_zcu102_base_202410_1/xilinx_zcu102_base_202410_1.xpfm;xilinx_zcu102_base_dfx_202410_1|/tools/Xilinx/Vitis/2024.1/base_platforms/xilinx_zcu102_base_dfx_202410_1/xilinx_zcu102_base_dfx_202410_1.xpfm;xilinx_zcu104_base_202410_1|/tools/Xilinx/Vitis/2024.1/base_platforms/xilinx_zcu104_base_202410_1/xilinx_zcu104_base_202410_1.xpfm
16:41:34 WARN  : An unexpected exception occurred in the module 'platform project logging'
16:41:34 INFO  : Platform 'pynq_z2_bram_wrapper' is added to custom repositories.
16:41:39 INFO  : Platform 'pynq_z2_bram_wrapper' is added to custom repositories.
16:44:34 INFO  : Result from executing command 'getProjects': pynq_z2_bram_wrapper
16:44:34 INFO  : Result from executing command 'getPlatforms': pynq_z2_bram_wrapper|/home/kike/Desktop/marvin/marvin/pynq_z2_bram_wrapper/export/pynq_z2_bram_wrapper/pynq_z2_bram_wrapper.xpfm;xilinx_vck190_base_202410_1|/tools/Xilinx/Vitis/2024.1/base_platforms/xilinx_vck190_base_202410_1/xilinx_vck190_base_202410_1.xpfm;xilinx_vck190_base_dfx_202410_1|/tools/Xilinx/Vitis/2024.1/base_platforms/xilinx_vck190_base_dfx_202410_1/xilinx_vck190_base_dfx_202410_1.xpfm;xilinx_vek280_base_202410_1|/tools/Xilinx/Vitis/2024.1/base_platforms/xilinx_vek280_base_202410_1/xilinx_vek280_base_202410_1.xpfm;xilinx_vek280_base_bdc_202410_1|/tools/Xilinx/Vitis/2024.1/base_platforms/xilinx_vek280_base_bdc_202410_1/xilinx_vek280_base_bdc_202410_1.xpfm;xilinx_vmk180_base_202410_1|/tools/Xilinx/Vitis/2024.1/base_platforms/xilinx_vmk180_base_202410_1/xilinx_vmk180_base_202410_1.xpfm;xilinx_zcu102_base_202410_1|/tools/Xilinx/Vitis/2024.1/base_platforms/xilinx_zcu102_base_202410_1/xilinx_zcu102_base_202410_1.xpfm;xilinx_zcu102_base_dfx_202410_1|/tools/Xilinx/Vitis/2024.1/base_platforms/xilinx_zcu102_base_dfx_202410_1/xilinx_zcu102_base_dfx_202410_1.xpfm;xilinx_zcu104_base_202410_1|/tools/Xilinx/Vitis/2024.1/base_platforms/xilinx_zcu104_base_202410_1/xilinx_zcu104_base_202410_1.xpfm
16:44:37 INFO  : Checking for BSP changes to sync application flags for project 'marvin'...
16:44:47 INFO  : Checking for BSP changes to sync application flags for project 'marvin'...
16:45:43 INFO  : Checking for BSP changes to sync application flags for project 'marvin'...
16:46:02 INFO  : Connected to target on host '127.0.0.1' and port '3121'.
16:46:03 INFO  : Jtag cable 'Xilinx HW-FTDI-TEST FT2232H 1234-tulA' is selected.
16:46:03 INFO  : 'jtag frequency' command is executed.
16:46:03 INFO  : Context for 'APU' is selected.
16:46:03 INFO  : System reset is completed.
16:46:06 INFO  : 'after 3000' command is executed.
16:46:06 INFO  : 'targets -set -filter {jtag_cable_name =~ "Xilinx HW-FTDI-TEST FT2232H 1234-tulA" && level==0 && jtag_device_ctx=="jsn-HW-FTDI-TEST FT2232H-1234-tulA-23727093-0"}' command is executed.
16:46:08 INFO  : Device configured successfully with "/home/kike/Desktop/marvin/marvin/marvin/_ide/bitstream/pynq_z2_bram_wrapper.bit"
16:46:08 INFO  : Context for 'APU' is selected.
16:46:08 INFO  : Hardware design and registers information is loaded from '/home/kike/Desktop/marvin/marvin/pynq_z2_bram_wrapper/export/pynq_z2_bram_wrapper/hw/pynq_z2_bram_wrapper.xsa'.
16:46:08 INFO  : 'configparams force-mem-access 1' command is executed.
16:46:08 INFO  : Context for 'APU' is selected.
16:46:08 INFO  : Sourcing of '/home/kike/Desktop/marvin/marvin/marvin/_ide/psinit/ps7_init.tcl' is done.
16:46:09 INFO  : 'ps7_init' command is executed.
16:46:09 INFO  : 'ps7_post_config' command is executed.
16:46:09 INFO  : Context for processor 'ps7_cortexa9_0' is selected.
16:46:09 INFO  : The application '/home/kike/Desktop/marvin/marvin/marvin/Debug/marvin.elf' is downloaded to processor 'ps7_cortexa9_0'.
16:46:09 INFO  : 'configparams force-mem-access 0' command is executed.
16:46:09 INFO  : ----------------XSDB Script----------------
connect -url tcp:127.0.0.1:3121
targets -set -nocase -filter {name =~"APU*"}
rst -system
after 3000
targets -set -filter {jtag_cable_name =~ "Xilinx HW-FTDI-TEST FT2232H 1234-tulA" && level==0 && jtag_device_ctx=="jsn-HW-FTDI-TEST FT2232H-1234-tulA-23727093-0"}
fpga -file /home/kike/Desktop/marvin/marvin/marvin/_ide/bitstream/pynq_z2_bram_wrapper.bit
targets -set -nocase -filter {name =~"APU*"}
loadhw -hw /home/kike/Desktop/marvin/marvin/pynq_z2_bram_wrapper/export/pynq_z2_bram_wrapper/hw/pynq_z2_bram_wrapper.xsa -mem-ranges [list {0x40000000 0xbfffffff}] -regs
configparams force-mem-access 1
targets -set -nocase -filter {name =~"APU*"}
source /home/kike/Desktop/marvin/marvin/marvin/_ide/psinit/ps7_init.tcl
ps7_init
ps7_post_config
targets -set -nocase -filter {name =~ "*A9*#0"}
dow /home/kike/Desktop/marvin/marvin/marvin/Debug/marvin.elf
configparams force-mem-access 0
----------------End of Script----------------

16:46:09 INFO  : Context for processor 'ps7_cortexa9_0' is selected.
16:46:09 INFO  : 'con' command is executed.
16:46:09 INFO  : ----------------XSDB Script (After Launch)----------------
targets -set -nocase -filter {name =~ "*A9*#0"}
con
----------------End of Script----------------

16:46:09 INFO  : Launch script is exported to file '/home/kike/Desktop/marvin/marvin/marvin_system/_ide/scripts/debugger_marvin-default.tcl'
16:46:22 INFO  : Disconnected from the channel tcfchan#2.
16:46:23 INFO  : Connected to target on host '127.0.0.1' and port '3121'.
16:46:23 INFO  : Jtag cable 'Xilinx HW-FTDI-TEST FT2232H 1234-tulA' is selected.
16:46:23 INFO  : 'jtag frequency' command is executed.
16:46:23 INFO  : Context for 'APU' is selected.
16:46:23 INFO  : System reset is completed.
16:46:26 INFO  : 'after 3000' command is executed.
16:46:26 INFO  : 'targets -set -filter {jtag_cable_name =~ "Xilinx HW-FTDI-TEST FT2232H 1234-tulA" && level==0 && jtag_device_ctx=="jsn-HW-FTDI-TEST FT2232H-1234-tulA-23727093-0"}' command is executed.
16:46:28 INFO  : Device configured successfully with "/home/kike/Desktop/marvin/marvin/marvin/_ide/bitstream/pynq_z2_bram_wrapper.bit"
16:46:28 INFO  : Context for 'APU' is selected.
16:46:28 INFO  : Hardware design and registers information is loaded from '/home/kike/Desktop/marvin/marvin/pynq_z2_bram_wrapper/export/pynq_z2_bram_wrapper/hw/pynq_z2_bram_wrapper.xsa'.
16:46:28 INFO  : 'configparams force-mem-access 1' command is executed.
16:46:28 INFO  : Context for 'APU' is selected.
16:46:28 INFO  : Sourcing of '/home/kike/Desktop/marvin/marvin/marvin/_ide/psinit/ps7_init.tcl' is done.
16:46:29 INFO  : 'ps7_init' command is executed.
16:46:29 INFO  : 'ps7_post_config' command is executed.
16:46:29 INFO  : Context for processor 'ps7_cortexa9_0' is selected.
16:46:29 INFO  : The application '/home/kike/Desktop/marvin/marvin/marvin/Debug/marvin.elf' is downloaded to processor 'ps7_cortexa9_0'.
16:46:29 INFO  : 'configparams force-mem-access 0' command is executed.
16:46:29 INFO  : ----------------XSDB Script----------------
connect -url tcp:127.0.0.1:3121
targets -set -nocase -filter {name =~"APU*"}
rst -system
after 3000
targets -set -filter {jtag_cable_name =~ "Xilinx HW-FTDI-TEST FT2232H 1234-tulA" && level==0 && jtag_device_ctx=="jsn-HW-FTDI-TEST FT2232H-1234-tulA-23727093-0"}
fpga -file /home/kike/Desktop/marvin/marvin/marvin/_ide/bitstream/pynq_z2_bram_wrapper.bit
targets -set -nocase -filter {name =~"APU*"}
loadhw -hw /home/kike/Desktop/marvin/marvin/pynq_z2_bram_wrapper/export/pynq_z2_bram_wrapper/hw/pynq_z2_bram_wrapper.xsa -mem-ranges [list {0x40000000 0xbfffffff}] -regs
configparams force-mem-access 1
targets -set -nocase -filter {name =~"APU*"}
source /home/kike/Desktop/marvin/marvin/marvin/_ide/psinit/ps7_init.tcl
ps7_init
ps7_post_config
targets -set -nocase -filter {name =~ "*A9*#0"}
dow /home/kike/Desktop/marvin/marvin/marvin/Debug/marvin.elf
configparams force-mem-access 0
----------------End of Script----------------

16:46:29 INFO  : Context for processor 'ps7_cortexa9_0' is selected.
16:46:29 INFO  : 'con' command is executed.
16:46:29 INFO  : ----------------XSDB Script (After Launch)----------------
targets -set -nocase -filter {name =~ "*A9*#0"}
con
----------------End of Script----------------

16:46:29 INFO  : Launch script is exported to file '/home/kike/Desktop/marvin/marvin/marvin_system/_ide/scripts/debugger_marvin-default.tcl'
16:47:20 ERROR : (XSDB Server)Already running

17:33:48 INFO  : Checking for BSP changes to sync application flags for project 'marvin'...
17:35:32 INFO  : Checking for BSP changes to sync application flags for project 'marvin'...
17:35:41 INFO  : Checking for BSP changes to sync application flags for project 'marvin'...
17:35:44 INFO  : Disconnected from the channel tcfchan#3.
17:35:45 INFO  : Connected to target on host '127.0.0.1' and port '3121'.
17:35:45 INFO  : Jtag cable 'Xilinx HW-FTDI-TEST FT2232H 1234-tulA' is selected.
17:35:45 INFO  : 'jtag frequency' command is executed.
17:35:47 INFO  : Context for 'APU' is selected.
17:35:47 INFO  : System reset is completed.
17:35:50 INFO  : 'after 3000' command is executed.
17:35:50 INFO  : 'targets -set -filter {jtag_cable_name =~ "Xilinx HW-FTDI-TEST FT2232H 1234-tulA" && level==0 && jtag_device_ctx=="jsn-HW-FTDI-TEST FT2232H-1234-tulA-23727093-0"}' command is executed.
17:35:53 INFO  : Device configured successfully with "/home/kike/Desktop/marvin/marvin/marvin/_ide/bitstream/pynq_z2_bram_wrapper.bit"
17:35:53 INFO  : Context for 'APU' is selected.
17:35:53 INFO  : Hardware design and registers information is loaded from '/home/kike/Desktop/marvin/marvin/pynq_z2_bram_wrapper/export/pynq_z2_bram_wrapper/hw/pynq_z2_bram_wrapper.xsa'.
17:35:53 INFO  : 'configparams force-mem-access 1' command is executed.
17:35:53 INFO  : Context for 'APU' is selected.
17:35:53 INFO  : Sourcing of '/home/kike/Desktop/marvin/marvin/marvin/_ide/psinit/ps7_init.tcl' is done.
17:35:53 INFO  : 'ps7_init' command is executed.
17:35:53 INFO  : 'ps7_post_config' command is executed.
17:35:53 INFO  : Context for processor 'ps7_cortexa9_0' is selected.
17:35:53 INFO  : The application '/home/kike/Desktop/marvin/marvin/marvin/Debug/marvin.elf' is downloaded to processor 'ps7_cortexa9_0'.
17:35:53 INFO  : 'configparams force-mem-access 0' command is executed.
17:35:53 INFO  : ----------------XSDB Script----------------
connect -url tcp:127.0.0.1:3121
targets -set -nocase -filter {name =~"APU*"}
rst -system
after 3000
targets -set -filter {jtag_cable_name =~ "Xilinx HW-FTDI-TEST FT2232H 1234-tulA" && level==0 && jtag_device_ctx=="jsn-HW-FTDI-TEST FT2232H-1234-tulA-23727093-0"}
fpga -file /home/kike/Desktop/marvin/marvin/marvin/_ide/bitstream/pynq_z2_bram_wrapper.bit
targets -set -nocase -filter {name =~"APU*"}
loadhw -hw /home/kike/Desktop/marvin/marvin/pynq_z2_bram_wrapper/export/pynq_z2_bram_wrapper/hw/pynq_z2_bram_wrapper.xsa -mem-ranges [list {0x40000000 0xbfffffff}] -regs
configparams force-mem-access 1
targets -set -nocase -filter {name =~"APU*"}
source /home/kike/Desktop/marvin/marvin/marvin/_ide/psinit/ps7_init.tcl
ps7_init
ps7_post_config
targets -set -nocase -filter {name =~ "*A9*#0"}
dow /home/kike/Desktop/marvin/marvin/marvin/Debug/marvin.elf
configparams force-mem-access 0
----------------End of Script----------------

17:35:53 INFO  : Context for processor 'ps7_cortexa9_0' is selected.
17:35:53 INFO  : 'con' command is executed.
17:35:53 INFO  : ----------------XSDB Script (After Launch)----------------
targets -set -nocase -filter {name =~ "*A9*#0"}
con
----------------End of Script----------------

17:35:53 INFO  : Launch script is exported to file '/home/kike/Desktop/marvin/marvin/marvin_system/_ide/scripts/debugger_marvin-default.tcl'
17:36:18 ERROR : (XSDB Server)Already running

17:36:29 INFO  : Disconnected from the channel tcfchan#5.
14:25:31 DEBUG : Logs will be stored at '/home/kike/Desktop/marvin/marvin/IDE.log'.
14:25:31 INFO  : Launching XSCT server: xsct -n  -interactive /home/kike/Desktop/marvin/marvin/temp_xsdb_launch_script.tcl
14:25:33 INFO  : Registering command handlers for Vitis TCF services
14:25:33 INFO  : Platform repository initialization has completed.
14:25:33 INFO  : XSCT server has started successfully.
14:25:33 INFO  : plnx-install-location is set to ''
14:25:34 INFO  : Successfully done setting XSCT server connection channel  
14:25:34 INFO  : Successfully done query RDI_DATADIR 
14:25:34 INFO  : Successfully done setting workspace for the tool. 
14:41:39 DEBUG : Logs will be stored at '/home/kike/Desktop/marvin/marvin/IDE.log'.
14:41:40 INFO  : Launching XSCT server: xsct -n  -interactive /home/kike/Desktop/marvin/marvin/temp_xsdb_launch_script.tcl
14:41:41 INFO  : Registering command handlers for Vitis TCF services
14:41:42 INFO  : Platform repository initialization has completed.
14:41:44 INFO  : XSCT server has started successfully.
14:41:44 INFO  : Successfully done setting XSCT server connection channel  
14:41:44 INFO  : plnx-install-location is set to ''
14:41:44 INFO  : Successfully done query RDI_DATADIR 
14:41:44 INFO  : Successfully done setting workspace for the tool. 
14:41:50 INFO  : Checking for BSP changes to sync application flags for project 'marvin'...
14:49:22 INFO  : Connected to target on host '127.0.0.1' and port '3121'.
14:49:22 INFO  : Jtag cable 'Xilinx TUL 1234-tulA' is selected.
14:49:22 INFO  : 'jtag frequency' command is executed.
14:49:22 INFO  : Context for 'APU' is selected.
14:49:22 INFO  : System reset is completed.
14:49:25 INFO  : 'after 3000' command is executed.
14:49:26 INFO  : 'targets -set -filter {jtag_cable_name =~ "Xilinx TUL 1234-tulA" && level==0 && jtag_device_ctx=="jsn-TUL-1234-tulA-23727093-0"}' command is executed.
14:49:28 INFO  : Device configured successfully with "/home/kike/Desktop/marvin/marvin/marvin/_ide/bitstream/pynq_z2_bram_wrapper.bit"
14:49:28 INFO  : Context for 'APU' is selected.
14:49:28 INFO  : Hardware design and registers information is loaded from '/home/kike/Desktop/marvin/marvin/pynq_z2_bram_wrapper/export/pynq_z2_bram_wrapper/hw/pynq_z2_bram_wrapper.xsa'.
14:49:28 INFO  : 'configparams force-mem-access 1' command is executed.
14:49:28 INFO  : Context for 'APU' is selected.
14:49:28 INFO  : Sourcing of '/home/kike/Desktop/marvin/marvin/marvin/_ide/psinit/ps7_init.tcl' is done.
14:49:28 INFO  : 'ps7_init' command is executed.
14:49:28 INFO  : 'ps7_post_config' command is executed.
14:49:28 INFO  : Context for processor 'ps7_cortexa9_0' is selected.
14:49:28 INFO  : The application '/home/kike/Desktop/marvin/marvin/marvin/Debug/marvin.elf' is downloaded to processor 'ps7_cortexa9_0'.
14:49:28 INFO  : 'configparams force-mem-access 0' command is executed.
14:49:28 INFO  : ----------------XSDB Script----------------
connect -url tcp:127.0.0.1:3121
targets -set -nocase -filter {name =~"APU*"}
rst -system
after 3000
targets -set -filter {jtag_cable_name =~ "Xilinx TUL 1234-tulA" && level==0 && jtag_device_ctx=="jsn-TUL-1234-tulA-23727093-0"}
fpga -file /home/kike/Desktop/marvin/marvin/marvin/_ide/bitstream/pynq_z2_bram_wrapper.bit
targets -set -nocase -filter {name =~"APU*"}
loadhw -hw /home/kike/Desktop/marvin/marvin/pynq_z2_bram_wrapper/export/pynq_z2_bram_wrapper/hw/pynq_z2_bram_wrapper.xsa -mem-ranges [list {0x40000000 0xbfffffff}] -regs
configparams force-mem-access 1
targets -set -nocase -filter {name =~"APU*"}
source /home/kike/Desktop/marvin/marvin/marvin/_ide/psinit/ps7_init.tcl
ps7_init
ps7_post_config
targets -set -nocase -filter {name =~ "*A9*#0"}
dow /home/kike/Desktop/marvin/marvin/marvin/Debug/marvin.elf
configparams force-mem-access 0
----------------End of Script----------------

14:49:28 INFO  : Context for processor 'ps7_cortexa9_0' is selected.
14:49:28 INFO  : 'con' command is executed.
14:49:28 INFO  : ----------------XSDB Script (After Launch)----------------
targets -set -nocase -filter {name =~ "*A9*#0"}
con
----------------End of Script----------------

14:49:28 INFO  : Launch script is exported to file '/home/kike/Desktop/marvin/marvin/marvin_system/_ide/scripts/debugger_marvin-default.tcl'
14:49:44 INFO  : Disconnected from the channel tcfchan#1.
14:49:45 INFO  : Connected to target on host '127.0.0.1' and port '3121'.
14:49:45 INFO  : Jtag cable 'Xilinx TUL 1234-tulA' is selected.
14:49:45 INFO  : 'jtag frequency' command is executed.
14:49:46 INFO  : Context for 'APU' is selected.
14:49:46 INFO  : System reset is completed.
14:49:49 INFO  : 'after 3000' command is executed.
14:49:49 INFO  : 'targets -set -filter {jtag_cable_name =~ "Xilinx TUL 1234-tulA" && level==0 && jtag_device_ctx=="jsn-TUL-1234-tulA-23727093-0"}' command is executed.
14:49:52 INFO  : Device configured successfully with "/home/kike/Desktop/marvin/marvin/marvin/_ide/bitstream/pynq_z2_bram_wrapper.bit"
14:49:52 INFO  : Context for 'APU' is selected.
14:49:53 INFO  : Hardware design and registers information is loaded from '/home/kike/Desktop/marvin/marvin/pynq_z2_bram_wrapper/export/pynq_z2_bram_wrapper/hw/pynq_z2_bram_wrapper.xsa'.
14:49:53 INFO  : 'configparams force-mem-access 1' command is executed.
14:49:53 INFO  : Context for 'APU' is selected.
14:49:53 INFO  : Sourcing of '/home/kike/Desktop/marvin/marvin/marvin/_ide/psinit/ps7_init.tcl' is done.
14:49:53 INFO  : 'ps7_init' command is executed.
14:49:53 INFO  : 'ps7_post_config' command is executed.
14:49:53 INFO  : Context for processor 'ps7_cortexa9_0' is selected.
14:49:53 INFO  : The application '/home/kike/Desktop/marvin/marvin/marvin/Debug/marvin.elf' is downloaded to processor 'ps7_cortexa9_0'.
14:49:53 INFO  : 'configparams force-mem-access 0' command is executed.
14:49:53 INFO  : ----------------XSDB Script----------------
connect -url tcp:127.0.0.1:3121
targets -set -nocase -filter {name =~"APU*"}
rst -system
after 3000
targets -set -filter {jtag_cable_name =~ "Xilinx TUL 1234-tulA" && level==0 && jtag_device_ctx=="jsn-TUL-1234-tulA-23727093-0"}
fpga -file /home/kike/Desktop/marvin/marvin/marvin/_ide/bitstream/pynq_z2_bram_wrapper.bit
targets -set -nocase -filter {name =~"APU*"}
loadhw -hw /home/kike/Desktop/marvin/marvin/pynq_z2_bram_wrapper/export/pynq_z2_bram_wrapper/hw/pynq_z2_bram_wrapper.xsa -mem-ranges [list {0x40000000 0xbfffffff}] -regs
configparams force-mem-access 1
targets -set -nocase -filter {name =~"APU*"}
source /home/kike/Desktop/marvin/marvin/marvin/_ide/psinit/ps7_init.tcl
ps7_init
ps7_post_config
targets -set -nocase -filter {name =~ "*A9*#0"}
dow /home/kike/Desktop/marvin/marvin/marvin/Debug/marvin.elf
configparams force-mem-access 0
----------------End of Script----------------

14:49:53 INFO  : Context for processor 'ps7_cortexa9_0' is selected.
14:49:53 INFO  : 'con' command is executed.
14:49:53 INFO  : ----------------XSDB Script (After Launch)----------------
targets -set -nocase -filter {name =~ "*A9*#0"}
con
----------------End of Script----------------

14:49:53 INFO  : Launch script is exported to file '/home/kike/Desktop/marvin/marvin/marvin_system/_ide/scripts/debugger_marvin-default.tcl'
14:50:42 ERROR : (XSDB Server)Already running

14:50:56 ERROR : (XSDB Server)Already running

14:52:09 ERROR : (XSDB Server)invalid command name "mdr"

14:52:11 ERROR : (XSDB Server)Already running

14:52:25 ERROR : (XSDB Server)Already running

16:05:19 INFO  : Checking for BSP changes to sync application flags for project 'marvin'...
16:15:21 INFO  : Checking for BSP changes to sync application flags for project 'marvin'...
16:53:27 INFO  : Checking for BSP changes to sync application flags for project 'marvin'...
16:59:29 INFO  : Checking for BSP changes to sync application flags for project 'marvin'...
16:59:48 INFO  : Disconnected from the channel tcfchan#2.
16:59:49 INFO  : Connected to target on host '127.0.0.1' and port '3121'.
16:59:49 INFO  : Jtag cable 'Xilinx TUL 1234-tulA' is selected.
16:59:49 INFO  : 'jtag frequency' command is executed.
16:59:51 INFO  : Context for 'APU' is selected.
16:59:52 INFO  : System reset is completed.
16:59:55 INFO  : 'after 3000' command is executed.
16:59:55 INFO  : 'targets -set -filter {jtag_cable_name =~ "Xilinx TUL 1234-tulA" && level==0 && jtag_device_ctx=="jsn-TUL-1234-tulA-23727093-0"}' command is executed.
16:59:57 INFO  : Device configured successfully with "/home/kike/Desktop/marvin/marvin/marvin/_ide/bitstream/pynq_z2_bram_wrapper.bit"
16:59:57 INFO  : Context for 'APU' is selected.
16:59:58 INFO  : Hardware design and registers information is loaded from '/home/kike/Desktop/marvin/marvin/pynq_z2_bram_wrapper/export/pynq_z2_bram_wrapper/hw/pynq_z2_bram_wrapper.xsa'.
16:59:58 INFO  : 'configparams force-mem-access 1' command is executed.
16:59:58 INFO  : Context for 'APU' is selected.
16:59:58 INFO  : Sourcing of '/home/kike/Desktop/marvin/marvin/marvin/_ide/psinit/ps7_init.tcl' is done.
16:59:58 INFO  : 'ps7_init' command is executed.
16:59:58 INFO  : 'ps7_post_config' command is executed.
16:59:58 INFO  : Context for processor 'ps7_cortexa9_0' is selected.
16:59:58 INFO  : The application '/home/kike/Desktop/marvin/marvin/marvin/Debug/marvin.elf' is downloaded to processor 'ps7_cortexa9_0'.
16:59:58 INFO  : 'configparams force-mem-access 0' command is executed.
16:59:58 INFO  : ----------------XSDB Script----------------
connect -url tcp:127.0.0.1:3121
targets -set -nocase -filter {name =~"APU*"}
rst -system
after 3000
targets -set -filter {jtag_cable_name =~ "Xilinx TUL 1234-tulA" && level==0 && jtag_device_ctx=="jsn-TUL-1234-tulA-23727093-0"}
fpga -file /home/kike/Desktop/marvin/marvin/marvin/_ide/bitstream/pynq_z2_bram_wrapper.bit
targets -set -nocase -filter {name =~"APU*"}
loadhw -hw /home/kike/Desktop/marvin/marvin/pynq_z2_bram_wrapper/export/pynq_z2_bram_wrapper/hw/pynq_z2_bram_wrapper.xsa -mem-ranges [list {0x40000000 0xbfffffff}] -regs
configparams force-mem-access 1
targets -set -nocase -filter {name =~"APU*"}
source /home/kike/Desktop/marvin/marvin/marvin/_ide/psinit/ps7_init.tcl
ps7_init
ps7_post_config
targets -set -nocase -filter {name =~ "*A9*#0"}
dow /home/kike/Desktop/marvin/marvin/marvin/Debug/marvin.elf
configparams force-mem-access 0
----------------End of Script----------------

16:59:58 INFO  : Context for processor 'ps7_cortexa9_0' is selected.
16:59:58 INFO  : 'con' command is executed.
16:59:58 INFO  : ----------------XSDB Script (After Launch)----------------
targets -set -nocase -filter {name =~ "*A9*#0"}
con
----------------End of Script----------------

16:59:58 INFO  : Launch script is exported to file '/home/kike/Desktop/marvin/marvin/marvin_system/_ide/scripts/debugger_marvin-default.tcl'
17:00:26 ERROR : (XSDB Server)Already running

17:09:54 INFO  : Checking for BSP changes to sync application flags for project 'marvin'...
17:09:58 INFO  : Disconnected from the channel tcfchan#3.
17:09:59 INFO  : Connected to target on host '127.0.0.1' and port '3121'.
17:09:59 INFO  : Jtag cable 'Xilinx TUL 1234-tulA' is selected.
17:09:59 INFO  : 'jtag frequency' command is executed.
17:10:01 INFO  : Context for 'APU' is selected.
17:10:01 INFO  : System reset is completed.
17:10:04 INFO  : 'after 3000' command is executed.
17:10:04 INFO  : 'targets -set -filter {jtag_cable_name =~ "Xilinx TUL 1234-tulA" && level==0 && jtag_device_ctx=="jsn-TUL-1234-tulA-23727093-0"}' command is executed.
17:10:06 INFO  : Device configured successfully with "/home/kike/Desktop/marvin/marvin/marvin/_ide/bitstream/pynq_z2_bram_wrapper.bit"
17:10:06 INFO  : Context for 'APU' is selected.
17:10:08 INFO  : Hardware design and registers information is loaded from '/home/kike/Desktop/marvin/marvin/pynq_z2_bram_wrapper/export/pynq_z2_bram_wrapper/hw/pynq_z2_bram_wrapper.xsa'.
17:10:08 INFO  : 'configparams force-mem-access 1' command is executed.
17:10:08 INFO  : Context for 'APU' is selected.
17:10:08 INFO  : Sourcing of '/home/kike/Desktop/marvin/marvin/marvin/_ide/psinit/ps7_init.tcl' is done.
17:10:08 INFO  : 'ps7_init' command is executed.
17:10:08 INFO  : 'ps7_post_config' command is executed.
17:10:08 INFO  : Context for processor 'ps7_cortexa9_0' is selected.
17:10:08 INFO  : The application '/home/kike/Desktop/marvin/marvin/marvin/Debug/marvin.elf' is downloaded to processor 'ps7_cortexa9_0'.
17:10:08 INFO  : 'configparams force-mem-access 0' command is executed.
17:10:08 INFO  : ----------------XSDB Script----------------
connect -url tcp:127.0.0.1:3121
targets -set -nocase -filter {name =~"APU*"}
rst -system
after 3000
targets -set -filter {jtag_cable_name =~ "Xilinx TUL 1234-tulA" && level==0 && jtag_device_ctx=="jsn-TUL-1234-tulA-23727093-0"}
fpga -file /home/kike/Desktop/marvin/marvin/marvin/_ide/bitstream/pynq_z2_bram_wrapper.bit
targets -set -nocase -filter {name =~"APU*"}
loadhw -hw /home/kike/Desktop/marvin/marvin/pynq_z2_bram_wrapper/export/pynq_z2_bram_wrapper/hw/pynq_z2_bram_wrapper.xsa -mem-ranges [list {0x40000000 0xbfffffff}] -regs
configparams force-mem-access 1
targets -set -nocase -filter {name =~"APU*"}
source /home/kike/Desktop/marvin/marvin/marvin/_ide/psinit/ps7_init.tcl
ps7_init
ps7_post_config
targets -set -nocase -filter {name =~ "*A9*#0"}
dow /home/kike/Desktop/marvin/marvin/marvin/Debug/marvin.elf
configparams force-mem-access 0
----------------End of Script----------------

17:10:08 INFO  : Context for processor 'ps7_cortexa9_0' is selected.
17:10:08 INFO  : 'con' command is executed.
17:10:08 INFO  : ----------------XSDB Script (After Launch)----------------
targets -set -nocase -filter {name =~ "*A9*#0"}
con
----------------End of Script----------------

17:10:08 INFO  : Launch script is exported to file '/home/kike/Desktop/marvin/marvin/marvin_system/_ide/scripts/debugger_marvin-default.tcl'
17:17:25 INFO  : Checking for BSP changes to sync application flags for project 'marvin'...
17:19:33 INFO  : Checking for BSP changes to sync application flags for project 'marvin'...
17:20:33 INFO  : Checking for BSP changes to sync application flags for project 'marvin'...
17:28:54 INFO  : Checking for BSP changes to sync application flags for project 'marvin'...
17:29:01 INFO  : Checking for BSP changes to sync application flags for project 'marvin'...
17:29:34 INFO  : Checking for BSP changes to sync application flags for project 'marvin'...
17:30:29 INFO  : Checking for BSP changes to sync application flags for project 'marvin'...
17:31:10 INFO  : Checking for BSP changes to sync application flags for project 'marvin'...
17:32:17 INFO  : Disconnected from the channel tcfchan#4.
17:32:22 INFO  : Checking for BSP changes to sync application flags for project 'marvin'...
17:32:31 INFO  : Checking for BSP changes to sync application flags for project 'marvin'...
17:33:06 INFO  : Checking for BSP changes to sync application flags for project 'marvin'...
17:33:14 INFO  : Checking for BSP changes to sync application flags for project 'marvin'...
17:48:21 INFO  : Checking for BSP changes to sync application flags for project 'marvin'...
17:48:56 INFO  : Checking for BSP changes to sync application flags for project 'marvin'...
17:48:58 INFO  : Connected to target on host '127.0.0.1' and port '3121'.
17:48:58 INFO  : Jtag cable 'Xilinx TUL 1234-tulA' is selected.
17:48:58 INFO  : 'jtag frequency' command is executed.
17:48:58 INFO  : Context for 'APU' is selected.
17:48:58 INFO  : System reset is completed.
17:49:01 INFO  : 'after 3000' command is executed.
17:49:01 INFO  : 'targets -set -filter {jtag_cable_name =~ "Xilinx TUL 1234-tulA" && level==0 && jtag_device_ctx=="jsn-TUL-1234-tulA-23727093-0"}' command is executed.
17:49:04 INFO  : Device configured successfully with "/home/kike/Desktop/marvin/marvin/marvin/_ide/bitstream/pynq_z2_bram_wrapper.bit"
17:49:04 INFO  : Context for 'APU' is selected.
17:49:04 INFO  : Hardware design and registers information is loaded from '/home/kike/Desktop/marvin/marvin/pynq_z2_bram_wrapper/export/pynq_z2_bram_wrapper/hw/pynq_z2_bram_wrapper.xsa'.
17:49:04 INFO  : 'configparams force-mem-access 1' command is executed.
17:49:04 INFO  : Context for 'APU' is selected.
17:49:04 INFO  : Sourcing of '/home/kike/Desktop/marvin/marvin/marvin/_ide/psinit/ps7_init.tcl' is done.
17:49:04 INFO  : 'ps7_init' command is executed.
17:49:04 INFO  : 'ps7_post_config' command is executed.
17:49:04 INFO  : Context for processor 'ps7_cortexa9_0' is selected.
17:49:04 INFO  : The application '/home/kike/Desktop/marvin/marvin/marvin/Debug/marvin.elf' is downloaded to processor 'ps7_cortexa9_0'.
17:49:04 INFO  : 'configparams force-mem-access 0' command is executed.
17:49:04 INFO  : ----------------XSDB Script----------------
connect -url tcp:127.0.0.1:3121
targets -set -nocase -filter {name =~"APU*"}
rst -system
after 3000
targets -set -filter {jtag_cable_name =~ "Xilinx TUL 1234-tulA" && level==0 && jtag_device_ctx=="jsn-TUL-1234-tulA-23727093-0"}
fpga -file /home/kike/Desktop/marvin/marvin/marvin/_ide/bitstream/pynq_z2_bram_wrapper.bit
targets -set -nocase -filter {name =~"APU*"}
loadhw -hw /home/kike/Desktop/marvin/marvin/pynq_z2_bram_wrapper/export/pynq_z2_bram_wrapper/hw/pynq_z2_bram_wrapper.xsa -mem-ranges [list {0x40000000 0xbfffffff}] -regs
configparams force-mem-access 1
targets -set -nocase -filter {name =~"APU*"}
source /home/kike/Desktop/marvin/marvin/marvin/_ide/psinit/ps7_init.tcl
ps7_init
ps7_post_config
targets -set -nocase -filter {name =~ "*A9*#0"}
dow /home/kike/Desktop/marvin/marvin/marvin/Debug/marvin.elf
configparams force-mem-access 0
----------------End of Script----------------

17:49:04 INFO  : Context for processor 'ps7_cortexa9_0' is selected.
17:49:04 INFO  : 'con' command is executed.
17:49:04 INFO  : ----------------XSDB Script (After Launch)----------------
targets -set -nocase -filter {name =~ "*A9*#0"}
con
----------------End of Script----------------

17:49:04 INFO  : Launch script is exported to file '/home/kike/Desktop/marvin/marvin/marvin_system/_ide/scripts/debugger_marvin-default.tcl'
17:52:01 INFO  : Checking for BSP changes to sync application flags for project 'marvin'...
17:52:05 INFO  : Disconnected from the channel tcfchan#5.
17:52:06 INFO  : Connected to target on host '127.0.0.1' and port '3121'.
17:52:06 INFO  : Jtag cable 'Xilinx TUL 1234-tulA' is selected.
17:52:06 INFO  : 'jtag frequency' command is executed.
17:52:06 INFO  : Context for 'APU' is selected.
17:52:06 INFO  : System reset is completed.
17:52:09 INFO  : 'after 3000' command is executed.
17:52:09 INFO  : 'targets -set -filter {jtag_cable_name =~ "Xilinx TUL 1234-tulA" && level==0 && jtag_device_ctx=="jsn-TUL-1234-tulA-23727093-0"}' command is executed.
17:52:11 INFO  : Device configured successfully with "/home/kike/Desktop/marvin/marvin/marvin/_ide/bitstream/pynq_z2_bram_wrapper.bit"
17:52:11 INFO  : Context for 'APU' is selected.
17:52:12 INFO  : Hardware design and registers information is loaded from '/home/kike/Desktop/marvin/marvin/pynq_z2_bram_wrapper/export/pynq_z2_bram_wrapper/hw/pynq_z2_bram_wrapper.xsa'.
17:52:12 INFO  : 'configparams force-mem-access 1' command is executed.
17:52:12 INFO  : Context for 'APU' is selected.
17:52:12 INFO  : Sourcing of '/home/kike/Desktop/marvin/marvin/marvin/_ide/psinit/ps7_init.tcl' is done.
17:52:13 INFO  : 'ps7_init' command is executed.
17:52:13 INFO  : 'ps7_post_config' command is executed.
17:52:13 INFO  : Context for processor 'ps7_cortexa9_0' is selected.
17:52:13 INFO  : The application '/home/kike/Desktop/marvin/marvin/marvin/Debug/marvin.elf' is downloaded to processor 'ps7_cortexa9_0'.
17:52:13 INFO  : 'configparams force-mem-access 0' command is executed.
17:52:13 INFO  : ----------------XSDB Script----------------
connect -url tcp:127.0.0.1:3121
targets -set -nocase -filter {name =~"APU*"}
rst -system
after 3000
targets -set -filter {jtag_cable_name =~ "Xilinx TUL 1234-tulA" && level==0 && jtag_device_ctx=="jsn-TUL-1234-tulA-23727093-0"}
fpga -file /home/kike/Desktop/marvin/marvin/marvin/_ide/bitstream/pynq_z2_bram_wrapper.bit
targets -set -nocase -filter {name =~"APU*"}
loadhw -hw /home/kike/Desktop/marvin/marvin/pynq_z2_bram_wrapper/export/pynq_z2_bram_wrapper/hw/pynq_z2_bram_wrapper.xsa -mem-ranges [list {0x40000000 0xbfffffff}] -regs
configparams force-mem-access 1
targets -set -nocase -filter {name =~"APU*"}
source /home/kike/Desktop/marvin/marvin/marvin/_ide/psinit/ps7_init.tcl
ps7_init
ps7_post_config
targets -set -nocase -filter {name =~ "*A9*#0"}
dow /home/kike/Desktop/marvin/marvin/marvin/Debug/marvin.elf
configparams force-mem-access 0
----------------End of Script----------------

17:52:13 INFO  : Context for processor 'ps7_cortexa9_0' is selected.
17:52:13 INFO  : 'con' command is executed.
17:52:13 INFO  : ----------------XSDB Script (After Launch)----------------
targets -set -nocase -filter {name =~ "*A9*#0"}
con
----------------End of Script----------------

17:52:13 INFO  : Launch script is exported to file '/home/kike/Desktop/marvin/marvin/marvin_system/_ide/scripts/debugger_marvin-default.tcl'
17:56:07 INFO  : Disconnected from the channel tcfchan#6.
17:56:08 INFO  : Connected to target on host '127.0.0.1' and port '3121'.
17:56:09 INFO  : Jtag cable 'Xilinx TUL 1234-tulA' is selected.
17:56:09 INFO  : 'jtag frequency' command is executed.
17:56:11 INFO  : Context for 'APU' is selected.
17:56:11 INFO  : System reset is completed.
17:56:14 INFO  : 'after 3000' command is executed.
17:56:14 INFO  : 'targets -set -filter {jtag_cable_name =~ "Xilinx TUL 1234-tulA" && level==0 && jtag_device_ctx=="jsn-TUL-1234-tulA-23727093-0"}' command is executed.
17:56:16 INFO  : Device configured successfully with "/home/kike/Desktop/marvin/marvin/marvin/_ide/bitstream/pynq_z2_bram_wrapper.bit"
17:56:16 INFO  : Context for 'APU' is selected.
17:56:17 INFO  : Hardware design and registers information is loaded from '/home/kike/Desktop/marvin/marvin/pynq_z2_bram_wrapper/export/pynq_z2_bram_wrapper/hw/pynq_z2_bram_wrapper.xsa'.
17:56:17 INFO  : 'configparams force-mem-access 1' command is executed.
17:56:17 INFO  : Context for 'APU' is selected.
17:56:17 INFO  : Sourcing of '/home/kike/Desktop/marvin/marvin/marvin/_ide/psinit/ps7_init.tcl' is done.
17:56:17 INFO  : 'ps7_init' command is executed.
17:56:17 INFO  : 'ps7_post_config' command is executed.
17:56:17 INFO  : Context for processor 'ps7_cortexa9_0' is selected.
17:56:17 INFO  : The application '/home/kike/Desktop/marvin/marvin/marvin/Debug/marvin.elf' is downloaded to processor 'ps7_cortexa9_0'.
17:56:17 INFO  : 'configparams force-mem-access 0' command is executed.
17:56:17 INFO  : ----------------XSDB Script----------------
connect -url tcp:127.0.0.1:3121
targets -set -nocase -filter {name =~"APU*"}
rst -system
after 3000
targets -set -filter {jtag_cable_name =~ "Xilinx TUL 1234-tulA" && level==0 && jtag_device_ctx=="jsn-TUL-1234-tulA-23727093-0"}
fpga -file /home/kike/Desktop/marvin/marvin/marvin/_ide/bitstream/pynq_z2_bram_wrapper.bit
targets -set -nocase -filter {name =~"APU*"}
loadhw -hw /home/kike/Desktop/marvin/marvin/pynq_z2_bram_wrapper/export/pynq_z2_bram_wrapper/hw/pynq_z2_bram_wrapper.xsa -mem-ranges [list {0x40000000 0xbfffffff}] -regs
configparams force-mem-access 1
targets -set -nocase -filter {name =~"APU*"}
source /home/kike/Desktop/marvin/marvin/marvin/_ide/psinit/ps7_init.tcl
ps7_init
ps7_post_config
targets -set -nocase -filter {name =~ "*A9*#0"}
dow /home/kike/Desktop/marvin/marvin/marvin/Debug/marvin.elf
configparams force-mem-access 0
----------------End of Script----------------

17:56:18 INFO  : Context for processor 'ps7_cortexa9_0' is selected.
17:56:18 INFO  : 'con' command is executed.
17:56:18 INFO  : ----------------XSDB Script (After Launch)----------------
targets -set -nocase -filter {name =~ "*A9*#0"}
con
----------------End of Script----------------

17:56:18 INFO  : Launch script is exported to file '/home/kike/Desktop/marvin/marvin/marvin_system/_ide/scripts/debugger_marvin-default.tcl'
17:57:57 INFO  : Checking for BSP changes to sync application flags for project 'marvin'...
17:58:31 INFO  : Disconnected from the channel tcfchan#7.
17:58:32 INFO  : Connected to target on host '127.0.0.1' and port '3121'.
17:58:32 INFO  : Jtag cable 'Xilinx TUL 1234-tulA' is selected.
17:58:32 INFO  : 'jtag frequency' command is executed.
17:58:34 INFO  : Context for 'APU' is selected.
17:58:34 INFO  : System reset is completed.
17:58:37 INFO  : 'after 3000' command is executed.
17:58:37 INFO  : 'targets -set -filter {jtag_cable_name =~ "Xilinx TUL 1234-tulA" && level==0 && jtag_device_ctx=="jsn-TUL-1234-tulA-23727093-0"}' command is executed.
17:58:39 INFO  : Device configured successfully with "/home/kike/Desktop/marvin/marvin/marvin/_ide/bitstream/pynq_z2_bram_wrapper.bit"
17:58:39 INFO  : Context for 'APU' is selected.
17:58:40 INFO  : Hardware design and registers information is loaded from '/home/kike/Desktop/marvin/marvin/pynq_z2_bram_wrapper/export/pynq_z2_bram_wrapper/hw/pynq_z2_bram_wrapper.xsa'.
17:58:40 INFO  : 'configparams force-mem-access 1' command is executed.
17:58:40 INFO  : Context for 'APU' is selected.
17:58:40 INFO  : Sourcing of '/home/kike/Desktop/marvin/marvin/marvin/_ide/psinit/ps7_init.tcl' is done.
17:58:40 INFO  : 'ps7_init' command is executed.
17:58:40 INFO  : 'ps7_post_config' command is executed.
17:58:40 INFO  : Context for processor 'ps7_cortexa9_0' is selected.
17:58:41 INFO  : The application '/home/kike/Desktop/marvin/marvin/marvin/Debug/marvin.elf' is downloaded to processor 'ps7_cortexa9_0'.
17:58:41 INFO  : 'configparams force-mem-access 0' command is executed.
17:58:41 INFO  : ----------------XSDB Script----------------
connect -url tcp:127.0.0.1:3121
targets -set -nocase -filter {name =~"APU*"}
rst -system
after 3000
targets -set -filter {jtag_cable_name =~ "Xilinx TUL 1234-tulA" && level==0 && jtag_device_ctx=="jsn-TUL-1234-tulA-23727093-0"}
fpga -file /home/kike/Desktop/marvin/marvin/marvin/_ide/bitstream/pynq_z2_bram_wrapper.bit
targets -set -nocase -filter {name =~"APU*"}
loadhw -hw /home/kike/Desktop/marvin/marvin/pynq_z2_bram_wrapper/export/pynq_z2_bram_wrapper/hw/pynq_z2_bram_wrapper.xsa -mem-ranges [list {0x40000000 0xbfffffff}] -regs
configparams force-mem-access 1
targets -set -nocase -filter {name =~"APU*"}
source /home/kike/Desktop/marvin/marvin/marvin/_ide/psinit/ps7_init.tcl
ps7_init
ps7_post_config
targets -set -nocase -filter {name =~ "*A9*#0"}
dow /home/kike/Desktop/marvin/marvin/marvin/Debug/marvin.elf
configparams force-mem-access 0
----------------End of Script----------------

17:58:41 INFO  : Context for processor 'ps7_cortexa9_0' is selected.
17:58:41 INFO  : 'con' command is executed.
17:58:41 INFO  : ----------------XSDB Script (After Launch)----------------
targets -set -nocase -filter {name =~ "*A9*#0"}
con
----------------End of Script----------------

17:58:41 INFO  : Launch script is exported to file '/home/kike/Desktop/marvin/marvin/marvin_system/_ide/scripts/debugger_marvin-default.tcl'
18:02:16 INFO  : Disconnected from the channel tcfchan#8.
18:02:17 INFO  : Connected to target on host '127.0.0.1' and port '3121'.
18:02:26 INFO  : ----------------XSDB Script----------------
connect -url tcp:127.0.0.1:3121
----------------End of Script----------------

18:02:26 ERROR : Could not find ARM device on the board for connection 'Local'.
Check if the target is in:
1. Split JTAG - No operations are possible with ARM DAP.
2. Non JTAG bootmode - Bootrom may need time to enable DAP.
Please try again.


Troubleshooting hints:
1. Check whether board is connected to system properly.
2. In case of zynq board, check whether Digilent/Xilinx cable switch settings are correct.
3. If you are using Xilinx Platform Cable USB, ensure that status LED is green.
18:02:30 INFO  : Connected to target on host '127.0.0.1' and port '3121'.
18:02:31 INFO  : Jtag cable 'Xilinx TUL 1234-tulA' is selected.
18:02:31 INFO  : 'jtag frequency' command is executed.
18:02:31 INFO  : Context for 'APU' is selected.
18:02:31 INFO  : System reset is completed.
18:02:34 INFO  : 'after 3000' command is executed.
18:02:34 INFO  : 'targets -set -filter {jtag_cable_name =~ "Xilinx TUL 1234-tulA" && level==0 && jtag_device_ctx=="jsn-TUL-1234-tulA-23727093-0"}' command is executed.
18:02:36 INFO  : Device configured successfully with "/home/kike/Desktop/marvin/marvin/marvin/_ide/bitstream/pynq_z2_bram_wrapper.bit"
18:02:36 INFO  : Context for 'APU' is selected.
18:02:37 INFO  : Hardware design and registers information is loaded from '/home/kike/Desktop/marvin/marvin/pynq_z2_bram_wrapper/export/pynq_z2_bram_wrapper/hw/pynq_z2_bram_wrapper.xsa'.
18:02:37 INFO  : 'configparams force-mem-access 1' command is executed.
18:02:37 INFO  : Context for 'APU' is selected.
18:02:37 INFO  : Sourcing of '/home/kike/Desktop/marvin/marvin/marvin/_ide/psinit/ps7_init.tcl' is done.
18:02:37 INFO  : 'ps7_init' command is executed.
18:02:37 INFO  : 'ps7_post_config' command is executed.
18:02:37 INFO  : Context for processor 'ps7_cortexa9_0' is selected.
18:02:38 INFO  : The application '/home/kike/Desktop/marvin/marvin/marvin/Debug/marvin.elf' is downloaded to processor 'ps7_cortexa9_0'.
18:02:38 INFO  : 'configparams force-mem-access 0' command is executed.
18:02:38 INFO  : ----------------XSDB Script----------------
connect -url tcp:127.0.0.1:3121
targets -set -nocase -filter {name =~"APU*"}
rst -system
after 3000
targets -set -filter {jtag_cable_name =~ "Xilinx TUL 1234-tulA" && level==0 && jtag_device_ctx=="jsn-TUL-1234-tulA-23727093-0"}
fpga -file /home/kike/Desktop/marvin/marvin/marvin/_ide/bitstream/pynq_z2_bram_wrapper.bit
targets -set -nocase -filter {name =~"APU*"}
loadhw -hw /home/kike/Desktop/marvin/marvin/pynq_z2_bram_wrapper/export/pynq_z2_bram_wrapper/hw/pynq_z2_bram_wrapper.xsa -mem-ranges [list {0x40000000 0xbfffffff}] -regs
configparams force-mem-access 1
targets -set -nocase -filter {name =~"APU*"}
source /home/kike/Desktop/marvin/marvin/marvin/_ide/psinit/ps7_init.tcl
ps7_init
ps7_post_config
targets -set -nocase -filter {name =~ "*A9*#0"}
dow /home/kike/Desktop/marvin/marvin/marvin/Debug/marvin.elf
configparams force-mem-access 0
----------------End of Script----------------

18:02:38 INFO  : Context for processor 'ps7_cortexa9_0' is selected.
18:02:38 INFO  : 'con' command is executed.
18:02:38 INFO  : ----------------XSDB Script (After Launch)----------------
targets -set -nocase -filter {name =~ "*A9*#0"}
con
----------------End of Script----------------

18:02:38 INFO  : Launch script is exported to file '/home/kike/Desktop/marvin/marvin/marvin_system/_ide/scripts/debugger_marvin-default.tcl'
18:10:44 INFO  : Checking for BSP changes to sync application flags for project 'marvin'...
18:11:04 INFO  : Checking for BSP changes to sync application flags for project 'marvin'...
18:13:41 INFO  : Checking for BSP changes to sync application flags for project 'marvin'...
18:13:48 INFO  : Disconnected from the channel tcfchan#9.
18:13:49 INFO  : Connected to target on host '127.0.0.1' and port '3121'.
18:13:49 INFO  : Jtag cable 'Xilinx TUL 1234-tulA' is selected.
18:13:49 INFO  : 'jtag frequency' command is executed.
18:13:49 INFO  : Context for 'APU' is selected.
18:13:49 INFO  : System reset is completed.
18:13:52 INFO  : 'after 3000' command is executed.
18:13:52 INFO  : 'targets -set -filter {jtag_cable_name =~ "Xilinx TUL 1234-tulA" && level==0 && jtag_device_ctx=="jsn-TUL-1234-tulA-23727093-0"}' command is executed.
18:13:55 INFO  : Device configured successfully with "/home/kike/Desktop/marvin/marvin/marvin/_ide/bitstream/pynq_z2_bram_wrapper.bit"
18:13:55 INFO  : Context for 'APU' is selected.
18:13:56 INFO  : Hardware design and registers information is loaded from '/home/kike/Desktop/marvin/marvin/pynq_z2_bram_wrapper/export/pynq_z2_bram_wrapper/hw/pynq_z2_bram_wrapper.xsa'.
18:13:56 INFO  : 'configparams force-mem-access 1' command is executed.
18:13:56 INFO  : Context for 'APU' is selected.
18:13:56 INFO  : Sourcing of '/home/kike/Desktop/marvin/marvin/marvin/_ide/psinit/ps7_init.tcl' is done.
18:13:56 INFO  : 'ps7_init' command is executed.
18:13:56 INFO  : 'ps7_post_config' command is executed.
18:13:56 INFO  : Context for processor 'ps7_cortexa9_0' is selected.
18:13:56 INFO  : The application '/home/kike/Desktop/marvin/marvin/marvin/Debug/marvin.elf' is downloaded to processor 'ps7_cortexa9_0'.
18:13:56 INFO  : 'configparams force-mem-access 0' command is executed.
18:13:56 INFO  : ----------------XSDB Script----------------
connect -url tcp:127.0.0.1:3121
targets -set -nocase -filter {name =~"APU*"}
rst -system
after 3000
targets -set -filter {jtag_cable_name =~ "Xilinx TUL 1234-tulA" && level==0 && jtag_device_ctx=="jsn-TUL-1234-tulA-23727093-0"}
fpga -file /home/kike/Desktop/marvin/marvin/marvin/_ide/bitstream/pynq_z2_bram_wrapper.bit
targets -set -nocase -filter {name =~"APU*"}
loadhw -hw /home/kike/Desktop/marvin/marvin/pynq_z2_bram_wrapper/export/pynq_z2_bram_wrapper/hw/pynq_z2_bram_wrapper.xsa -mem-ranges [list {0x40000000 0xbfffffff}] -regs
configparams force-mem-access 1
targets -set -nocase -filter {name =~"APU*"}
source /home/kike/Desktop/marvin/marvin/marvin/_ide/psinit/ps7_init.tcl
ps7_init
ps7_post_config
targets -set -nocase -filter {name =~ "*A9*#0"}
dow /home/kike/Desktop/marvin/marvin/marvin/Debug/marvin.elf
configparams force-mem-access 0
----------------End of Script----------------

18:13:56 INFO  : Context for processor 'ps7_cortexa9_0' is selected.
18:13:56 INFO  : 'con' command is executed.
18:13:56 INFO  : ----------------XSDB Script (After Launch)----------------
targets -set -nocase -filter {name =~ "*A9*#0"}
con
----------------End of Script----------------

18:13:56 INFO  : Launch script is exported to file '/home/kike/Desktop/marvin/marvin/marvin_system/_ide/scripts/debugger_marvin-default.tcl'
18:14:45 ERROR : (XSDB Server)Already running

18:15:34 INFO  : Checking for BSP changes to sync application flags for project 'marvin'...
18:19:31 INFO  : Checking for BSP changes to sync application flags for project 'marvin'...
18:20:35 INFO  : Checking for BSP changes to sync application flags for project 'marvin'...
18:21:57 INFO  : Disconnected from the channel tcfchan#10.
10:52:58 DEBUG : Logs will be stored at '/home/kike/Desktop/marvin/marvin/IDE.log'.
10:52:59 INFO  : Launching XSCT server: xsct -n  -interactive /home/kike/Desktop/marvin/marvin/temp_xsdb_launch_script.tcl
10:53:01 INFO  : XSCT server has started successfully.
10:53:01 INFO  : Registering command handlers for Vitis TCF services
10:53:01 INFO  : Platform repository initialization has completed.
10:53:01 INFO  : Successfully done setting XSCT server connection channel  
10:53:01 INFO  : plnx-install-location is set to ''
10:53:01 INFO  : Successfully done query RDI_DATADIR 
10:53:01 INFO  : Successfully done setting workspace for the tool. 
10:54:19 INFO  : Checking for BSP changes to sync application flags for project 'marvin'...
10:56:15 INFO  : Connected to target on host '127.0.0.1' and port '3121'.
10:56:16 INFO  : Jtag cable 'Xilinx TUL 1234-tulA' is selected.
10:56:16 INFO  : 'jtag frequency' command is executed.
10:56:16 INFO  : Context for 'APU' is selected.
10:56:16 INFO  : System reset is completed.
10:56:19 INFO  : 'after 3000' command is executed.
10:56:19 INFO  : 'targets -set -filter {jtag_cable_name =~ "Xilinx TUL 1234-tulA" && level==0 && jtag_device_ctx=="jsn-TUL-1234-tulA-23727093-0"}' command is executed.
10:56:21 INFO  : Device configured successfully with "/home/kike/Desktop/marvin/marvin/marvin/_ide/bitstream/pynq_z2_bram_wrapper.bit"
10:56:21 INFO  : Context for 'APU' is selected.
10:56:21 INFO  : Hardware design and registers information is loaded from '/home/kike/Desktop/marvin/marvin/pynq_z2_bram_wrapper/export/pynq_z2_bram_wrapper/hw/pynq_z2_bram_wrapper.xsa'.
10:56:21 INFO  : 'configparams force-mem-access 1' command is executed.
10:56:21 INFO  : Context for 'APU' is selected.
10:56:21 INFO  : Sourcing of '/home/kike/Desktop/marvin/marvin/marvin/_ide/psinit/ps7_init.tcl' is done.
10:56:22 INFO  : 'ps7_init' command is executed.
10:56:22 INFO  : 'ps7_post_config' command is executed.
10:56:22 INFO  : Context for processor 'ps7_cortexa9_0' is selected.
10:56:22 INFO  : The application '/home/kike/Desktop/marvin/marvin/marvin/Debug/marvin.elf' is downloaded to processor 'ps7_cortexa9_0'.
10:56:22 INFO  : 'configparams force-mem-access 0' command is executed.
10:56:22 INFO  : ----------------XSDB Script----------------
connect -url tcp:127.0.0.1:3121
targets -set -nocase -filter {name =~"APU*"}
rst -system
after 3000
targets -set -filter {jtag_cable_name =~ "Xilinx TUL 1234-tulA" && level==0 && jtag_device_ctx=="jsn-TUL-1234-tulA-23727093-0"}
fpga -file /home/kike/Desktop/marvin/marvin/marvin/_ide/bitstream/pynq_z2_bram_wrapper.bit
targets -set -nocase -filter {name =~"APU*"}
loadhw -hw /home/kike/Desktop/marvin/marvin/pynq_z2_bram_wrapper/export/pynq_z2_bram_wrapper/hw/pynq_z2_bram_wrapper.xsa -mem-ranges [list {0x40000000 0xbfffffff}] -regs
configparams force-mem-access 1
targets -set -nocase -filter {name =~"APU*"}
source /home/kike/Desktop/marvin/marvin/marvin/_ide/psinit/ps7_init.tcl
ps7_init
ps7_post_config
targets -set -nocase -filter {name =~ "*A9*#0"}
dow /home/kike/Desktop/marvin/marvin/marvin/Debug/marvin.elf
configparams force-mem-access 0
----------------End of Script----------------

10:56:22 INFO  : Context for processor 'ps7_cortexa9_0' is selected.
10:56:22 INFO  : 'con' command is executed.
10:56:22 INFO  : ----------------XSDB Script (After Launch)----------------
targets -set -nocase -filter {name =~ "*A9*#0"}
con
----------------End of Script----------------

10:56:22 INFO  : Launch script is exported to file '/home/kike/Desktop/marvin/marvin/marvin_system/_ide/scripts/debugger_marvin-default.tcl'
10:56:44 INFO  : Disconnected from the channel tcfchan#1.
10:56:45 INFO  : Connected to target on host '127.0.0.1' and port '3121'.
10:56:45 INFO  : Jtag cable 'Xilinx TUL 1234-tulA' is selected.
10:56:45 INFO  : 'jtag frequency' command is executed.
10:56:45 INFO  : Context for 'APU' is selected.
10:56:45 INFO  : System reset is completed.
10:56:48 INFO  : 'after 3000' command is executed.
10:56:48 INFO  : 'targets -set -filter {jtag_cable_name =~ "Xilinx TUL 1234-tulA" && level==0 && jtag_device_ctx=="jsn-TUL-1234-tulA-23727093-0"}' command is executed.
10:56:51 INFO  : Device configured successfully with "/home/kike/Desktop/marvin/marvin/marvin/_ide/bitstream/pynq_z2_bram_wrapper.bit"
10:56:51 INFO  : Context for 'APU' is selected.
10:56:52 INFO  : Hardware design and registers information is loaded from '/home/kike/Desktop/marvin/marvin/pynq_z2_bram_wrapper/export/pynq_z2_bram_wrapper/hw/pynq_z2_bram_wrapper.xsa'.
10:56:52 INFO  : 'configparams force-mem-access 1' command is executed.
10:56:52 INFO  : Context for 'APU' is selected.
10:56:52 INFO  : Sourcing of '/home/kike/Desktop/marvin/marvin/marvin/_ide/psinit/ps7_init.tcl' is done.
10:56:52 INFO  : 'ps7_init' command is executed.
10:56:52 INFO  : 'ps7_post_config' command is executed.
10:56:52 INFO  : Context for processor 'ps7_cortexa9_0' is selected.
10:56:52 INFO  : The application '/home/kike/Desktop/marvin/marvin/marvin/Debug/marvin.elf' is downloaded to processor 'ps7_cortexa9_0'.
10:56:52 INFO  : 'configparams force-mem-access 0' command is executed.
10:56:52 INFO  : ----------------XSDB Script----------------
connect -url tcp:127.0.0.1:3121
targets -set -nocase -filter {name =~"APU*"}
rst -system
after 3000
targets -set -filter {jtag_cable_name =~ "Xilinx TUL 1234-tulA" && level==0 && jtag_device_ctx=="jsn-TUL-1234-tulA-23727093-0"}
fpga -file /home/kike/Desktop/marvin/marvin/marvin/_ide/bitstream/pynq_z2_bram_wrapper.bit
targets -set -nocase -filter {name =~"APU*"}
loadhw -hw /home/kike/Desktop/marvin/marvin/pynq_z2_bram_wrapper/export/pynq_z2_bram_wrapper/hw/pynq_z2_bram_wrapper.xsa -mem-ranges [list {0x40000000 0xbfffffff}] -regs
configparams force-mem-access 1
targets -set -nocase -filter {name =~"APU*"}
source /home/kike/Desktop/marvin/marvin/marvin/_ide/psinit/ps7_init.tcl
ps7_init
ps7_post_config
targets -set -nocase -filter {name =~ "*A9*#0"}
dow /home/kike/Desktop/marvin/marvin/marvin/Debug/marvin.elf
configparams force-mem-access 0
----------------End of Script----------------

10:56:52 INFO  : Context for processor 'ps7_cortexa9_0' is selected.
10:56:52 INFO  : 'con' command is executed.
10:56:52 INFO  : ----------------XSDB Script (After Launch)----------------
targets -set -nocase -filter {name =~ "*A9*#0"}
con
----------------End of Script----------------

10:56:52 INFO  : Launch script is exported to file '/home/kike/Desktop/marvin/marvin/marvin_system/_ide/scripts/debugger_marvin-default.tcl'
10:57:16 INFO  : Disconnected from the channel tcfchan#2.
10:57:17 INFO  : Connected to target on host '127.0.0.1' and port '3121'.
10:57:17 INFO  : Jtag cable 'Xilinx TUL 1234-tulA' is selected.
10:57:17 INFO  : 'jtag frequency' command is executed.
10:57:19 INFO  : Context for 'APU' is selected.
10:57:19 INFO  : System reset is completed.
10:57:22 INFO  : 'after 3000' command is executed.
10:57:22 INFO  : 'targets -set -filter {jtag_cable_name =~ "Xilinx TUL 1234-tulA" && level==0 && jtag_device_ctx=="jsn-TUL-1234-tulA-23727093-0"}' command is executed.
10:57:25 INFO  : Device configured successfully with "/home/kike/Desktop/marvin/marvin/marvin/_ide/bitstream/pynq_z2_bram_wrapper.bit"
10:57:25 INFO  : Context for 'APU' is selected.
10:57:26 INFO  : Hardware design and registers information is loaded from '/home/kike/Desktop/marvin/marvin/pynq_z2_bram_wrapper/export/pynq_z2_bram_wrapper/hw/pynq_z2_bram_wrapper.xsa'.
10:57:26 INFO  : 'configparams force-mem-access 1' command is executed.
10:57:26 INFO  : Context for 'APU' is selected.
10:57:26 INFO  : Sourcing of '/home/kike/Desktop/marvin/marvin/marvin/_ide/psinit/ps7_init.tcl' is done.
10:57:26 INFO  : 'ps7_init' command is executed.
10:57:26 INFO  : 'ps7_post_config' command is executed.
10:57:26 INFO  : Context for processor 'ps7_cortexa9_0' is selected.
10:57:26 INFO  : The application '/home/kike/Desktop/marvin/marvin/marvin/Debug/marvin.elf' is downloaded to processor 'ps7_cortexa9_0'.
10:57:26 INFO  : 'configparams force-mem-access 0' command is executed.
10:57:26 INFO  : ----------------XSDB Script----------------
connect -url tcp:127.0.0.1:3121
targets -set -nocase -filter {name =~"APU*"}
rst -system
after 3000
targets -set -filter {jtag_cable_name =~ "Xilinx TUL 1234-tulA" && level==0 && jtag_device_ctx=="jsn-TUL-1234-tulA-23727093-0"}
fpga -file /home/kike/Desktop/marvin/marvin/marvin/_ide/bitstream/pynq_z2_bram_wrapper.bit
targets -set -nocase -filter {name =~"APU*"}
loadhw -hw /home/kike/Desktop/marvin/marvin/pynq_z2_bram_wrapper/export/pynq_z2_bram_wrapper/hw/pynq_z2_bram_wrapper.xsa -mem-ranges [list {0x40000000 0xbfffffff}] -regs
configparams force-mem-access 1
targets -set -nocase -filter {name =~"APU*"}
source /home/kike/Desktop/marvin/marvin/marvin/_ide/psinit/ps7_init.tcl
ps7_init
ps7_post_config
targets -set -nocase -filter {name =~ "*A9*#0"}
dow /home/kike/Desktop/marvin/marvin/marvin/Debug/marvin.elf
configparams force-mem-access 0
----------------End of Script----------------

10:57:26 INFO  : Context for processor 'ps7_cortexa9_0' is selected.
10:57:26 INFO  : 'con' command is executed.
10:57:26 INFO  : ----------------XSDB Script (After Launch)----------------
targets -set -nocase -filter {name =~ "*A9*#0"}
con
----------------End of Script----------------

10:57:26 INFO  : Launch script is exported to file '/home/kike/Desktop/marvin/marvin/marvin_system/_ide/scripts/debugger_marvin-default.tcl'
11:03:03 INFO  : Checking for BSP changes to sync application flags for project 'marvin'...
11:03:25 INFO  : Checking for BSP changes to sync application flags for project 'marvin'...
11:03:28 INFO  : Disconnected from the channel tcfchan#3.
11:03:29 INFO  : Connected to target on host '127.0.0.1' and port '3121'.
11:03:29 INFO  : Jtag cable 'Xilinx TUL 1234-tulA' is selected.
11:03:29 INFO  : 'jtag frequency' command is executed.
11:03:31 INFO  : Context for 'APU' is selected.
11:03:31 INFO  : System reset is completed.
11:03:34 INFO  : 'after 3000' command is executed.
11:03:34 INFO  : 'targets -set -filter {jtag_cable_name =~ "Xilinx TUL 1234-tulA" && level==0 && jtag_device_ctx=="jsn-TUL-1234-tulA-23727093-0"}' command is executed.
11:03:36 INFO  : Device configured successfully with "/home/kike/Desktop/marvin/marvin/marvin/_ide/bitstream/pynq_z2_bram_wrapper.bit"
11:03:37 INFO  : Context for 'APU' is selected.
11:03:38 INFO  : Hardware design and registers information is loaded from '/home/kike/Desktop/marvin/marvin/pynq_z2_bram_wrapper/export/pynq_z2_bram_wrapper/hw/pynq_z2_bram_wrapper.xsa'.
11:03:38 INFO  : 'configparams force-mem-access 1' command is executed.
11:03:38 INFO  : Context for 'APU' is selected.
11:03:38 INFO  : Sourcing of '/home/kike/Desktop/marvin/marvin/marvin/_ide/psinit/ps7_init.tcl' is done.
11:03:38 INFO  : 'ps7_init' command is executed.
11:03:38 INFO  : 'ps7_post_config' command is executed.
11:03:38 INFO  : Context for processor 'ps7_cortexa9_0' is selected.
11:03:38 INFO  : The application '/home/kike/Desktop/marvin/marvin/marvin/Debug/marvin.elf' is downloaded to processor 'ps7_cortexa9_0'.
11:03:38 INFO  : 'configparams force-mem-access 0' command is executed.
11:03:38 INFO  : ----------------XSDB Script----------------
connect -url tcp:127.0.0.1:3121
targets -set -nocase -filter {name =~"APU*"}
rst -system
after 3000
targets -set -filter {jtag_cable_name =~ "Xilinx TUL 1234-tulA" && level==0 && jtag_device_ctx=="jsn-TUL-1234-tulA-23727093-0"}
fpga -file /home/kike/Desktop/marvin/marvin/marvin/_ide/bitstream/pynq_z2_bram_wrapper.bit
targets -set -nocase -filter {name =~"APU*"}
loadhw -hw /home/kike/Desktop/marvin/marvin/pynq_z2_bram_wrapper/export/pynq_z2_bram_wrapper/hw/pynq_z2_bram_wrapper.xsa -mem-ranges [list {0x40000000 0xbfffffff}] -regs
configparams force-mem-access 1
targets -set -nocase -filter {name =~"APU*"}
source /home/kike/Desktop/marvin/marvin/marvin/_ide/psinit/ps7_init.tcl
ps7_init
ps7_post_config
targets -set -nocase -filter {name =~ "*A9*#0"}
dow /home/kike/Desktop/marvin/marvin/marvin/Debug/marvin.elf
configparams force-mem-access 0
----------------End of Script----------------

11:03:38 INFO  : Context for processor 'ps7_cortexa9_0' is selected.
11:03:38 INFO  : 'con' command is executed.
11:03:38 INFO  : ----------------XSDB Script (After Launch)----------------
targets -set -nocase -filter {name =~ "*A9*#0"}
con
----------------End of Script----------------

11:03:38 INFO  : Launch script is exported to file '/home/kike/Desktop/marvin/marvin/marvin_system/_ide/scripts/debugger_marvin-default.tcl'
11:03:57 ERROR : (XSDB Server)Already running

13:52:15 INFO  : Checking for BSP changes to sync application flags for project 'marvin'...
13:52:39 INFO  : Checking for BSP changes to sync application flags for project 'marvin'...
14:37:26 INFO  : Checking for BSP changes to sync application flags for project 'marvin'...
14:38:28 INFO  : Checking for BSP changes to sync application flags for project 'marvin'...
14:38:45 INFO  : Checking for BSP changes to sync application flags for project 'marvin'...
14:38:49 INFO  : Disconnected from the channel tcfchan#4.
14:38:50 INFO  : Connected to target on host '127.0.0.1' and port '3121'.
14:38:50 INFO  : Jtag cable 'Xilinx TUL 1234-tulA' is selected.
14:38:50 INFO  : 'jtag frequency' command is executed.
14:38:51 INFO  : Context for 'APU' is selected.
14:38:51 INFO  : System reset is completed.
14:38:54 INFO  : 'after 3000' command is executed.
14:38:54 INFO  : 'targets -set -filter {jtag_cable_name =~ "Xilinx TUL 1234-tulA" && level==0 && jtag_device_ctx=="jsn-TUL-1234-tulA-23727093-0"}' command is executed.
14:38:56 INFO  : Device configured successfully with "/home/kike/Desktop/marvin/marvin/marvin/_ide/bitstream/pynq_z2_bram_wrapper.bit"
14:38:56 INFO  : Context for 'APU' is selected.
14:38:57 INFO  : Hardware design and registers information is loaded from '/home/kike/Desktop/marvin/marvin/pynq_z2_bram_wrapper/export/pynq_z2_bram_wrapper/hw/pynq_z2_bram_wrapper.xsa'.
14:38:57 INFO  : 'configparams force-mem-access 1' command is executed.
14:38:57 INFO  : Context for 'APU' is selected.
14:38:57 INFO  : Sourcing of '/home/kike/Desktop/marvin/marvin/marvin/_ide/psinit/ps7_init.tcl' is done.
14:38:57 INFO  : 'ps7_init' command is executed.
14:38:57 INFO  : 'ps7_post_config' command is executed.
14:38:57 INFO  : Context for processor 'ps7_cortexa9_0' is selected.
14:38:58 INFO  : The application '/home/kike/Desktop/marvin/marvin/marvin/Debug/marvin.elf' is downloaded to processor 'ps7_cortexa9_0'.
14:38:58 INFO  : 'configparams force-mem-access 0' command is executed.
14:38:58 INFO  : ----------------XSDB Script----------------
connect -url tcp:127.0.0.1:3121
targets -set -nocase -filter {name =~"APU*"}
rst -system
after 3000
targets -set -filter {jtag_cable_name =~ "Xilinx TUL 1234-tulA" && level==0 && jtag_device_ctx=="jsn-TUL-1234-tulA-23727093-0"}
fpga -file /home/kike/Desktop/marvin/marvin/marvin/_ide/bitstream/pynq_z2_bram_wrapper.bit
targets -set -nocase -filter {name =~"APU*"}
loadhw -hw /home/kike/Desktop/marvin/marvin/pynq_z2_bram_wrapper/export/pynq_z2_bram_wrapper/hw/pynq_z2_bram_wrapper.xsa -mem-ranges [list {0x40000000 0xbfffffff}] -regs
configparams force-mem-access 1
targets -set -nocase -filter {name =~"APU*"}
source /home/kike/Desktop/marvin/marvin/marvin/_ide/psinit/ps7_init.tcl
ps7_init
ps7_post_config
targets -set -nocase -filter {name =~ "*A9*#0"}
dow /home/kike/Desktop/marvin/marvin/marvin/Debug/marvin.elf
configparams force-mem-access 0
----------------End of Script----------------

14:38:58 INFO  : Context for processor 'ps7_cortexa9_0' is selected.
14:38:58 INFO  : 'con' command is executed.
14:38:58 INFO  : ----------------XSDB Script (After Launch)----------------
targets -set -nocase -filter {name =~ "*A9*#0"}
con
----------------End of Script----------------

14:38:58 INFO  : Launch script is exported to file '/home/kike/Desktop/marvin/marvin/marvin_system/_ide/scripts/debugger_marvin-default.tcl'
13:22:18 DEBUG : Logs will be stored at '/home/kike/Desktop/marvin/marvin/IDE.log'.
13:22:19 INFO  : Launching XSCT server: xsct -n  -interactive /home/kike/Desktop/marvin/marvin/temp_xsdb_launch_script.tcl
13:22:20 INFO  : XSCT server has started successfully.
13:22:20 INFO  : Successfully done setting XSCT server connection channel  
13:22:20 INFO  : plnx-install-location is set to ''
13:22:20 INFO  : Successfully done setting workspace for the tool. 
13:22:21 INFO  : Registering command handlers for Vitis TCF services
13:22:21 INFO  : Successfully done query RDI_DATADIR 
13:22:21 INFO  : Platform repository initialization has completed.
13:34:15 INFO  : Checking for BSP changes to sync application flags for project 'marvin'...
13:34:58 INFO  : Checking for BSP changes to sync application flags for project 'marvin'...
13:35:36 INFO  : Checking for BSP changes to sync application flags for project 'marvin'...
13:35:39 INFO  : Connected to target on host '127.0.0.1' and port '3121'.
13:35:39 INFO  : Jtag cable 'Xilinx TUL 1234-tulA' is selected.
13:35:39 INFO  : 'jtag frequency' command is executed.
13:35:39 INFO  : Context for 'APU' is selected.
13:35:39 INFO  : System reset is completed.
13:35:42 INFO  : 'after 3000' command is executed.
13:35:42 INFO  : 'targets -set -filter {jtag_cable_name =~ "Xilinx TUL 1234-tulA" && level==0 && jtag_device_ctx=="jsn-TUL-1234-tulA-23727093-0"}' command is executed.
13:35:44 INFO  : Device configured successfully with "/home/kike/Desktop/marvin/marvin/marvin/_ide/bitstream/pynq_z2_bram_wrapper.bit"
13:35:44 INFO  : Context for 'APU' is selected.
13:35:44 INFO  : Hardware design and registers information is loaded from '/home/kike/Desktop/marvin/marvin/pynq_z2_bram_wrapper/export/pynq_z2_bram_wrapper/hw/pynq_z2_bram_wrapper.xsa'.
13:35:44 INFO  : 'configparams force-mem-access 1' command is executed.
13:35:44 INFO  : Context for 'APU' is selected.
13:35:44 INFO  : Sourcing of '/home/kike/Desktop/marvin/marvin/marvin/_ide/psinit/ps7_init.tcl' is done.
13:35:45 INFO  : 'ps7_init' command is executed.
13:35:45 INFO  : 'ps7_post_config' command is executed.
13:35:45 INFO  : Context for processor 'ps7_cortexa9_0' is selected.
13:35:45 INFO  : The application '/home/kike/Desktop/marvin/marvin/marvin/Debug/marvin.elf' is downloaded to processor 'ps7_cortexa9_0'.
13:35:45 INFO  : 'configparams force-mem-access 0' command is executed.
13:35:45 INFO  : ----------------XSDB Script----------------
connect -url tcp:127.0.0.1:3121
targets -set -nocase -filter {name =~"APU*"}
rst -system
after 3000
targets -set -filter {jtag_cable_name =~ "Xilinx TUL 1234-tulA" && level==0 && jtag_device_ctx=="jsn-TUL-1234-tulA-23727093-0"}
fpga -file /home/kike/Desktop/marvin/marvin/marvin/_ide/bitstream/pynq_z2_bram_wrapper.bit
targets -set -nocase -filter {name =~"APU*"}
loadhw -hw /home/kike/Desktop/marvin/marvin/pynq_z2_bram_wrapper/export/pynq_z2_bram_wrapper/hw/pynq_z2_bram_wrapper.xsa -mem-ranges [list {0x40000000 0xbfffffff}] -regs
configparams force-mem-access 1
targets -set -nocase -filter {name =~"APU*"}
source /home/kike/Desktop/marvin/marvin/marvin/_ide/psinit/ps7_init.tcl
ps7_init
ps7_post_config
targets -set -nocase -filter {name =~ "*A9*#0"}
dow /home/kike/Desktop/marvin/marvin/marvin/Debug/marvin.elf
configparams force-mem-access 0
----------------End of Script----------------

13:35:45 INFO  : Context for processor 'ps7_cortexa9_0' is selected.
13:35:45 INFO  : 'con' command is executed.
13:35:45 INFO  : ----------------XSDB Script (After Launch)----------------
targets -set -nocase -filter {name =~ "*A9*#0"}
con
----------------End of Script----------------

13:35:45 INFO  : Launch script is exported to file '/home/kike/Desktop/marvin/marvin/marvin_system/_ide/scripts/debugger_marvin-default.tcl'
13:35:58 INFO  : Disconnected from the channel tcfchan#1.
13:35:59 INFO  : Connected to target on host '127.0.0.1' and port '3121'.
13:35:59 INFO  : Jtag cable 'Xilinx TUL 1234-tulA' is selected.
13:35:59 INFO  : 'jtag frequency' command is executed.
13:35:59 INFO  : Context for 'APU' is selected.
13:35:59 INFO  : System reset is completed.
13:36:02 INFO  : 'after 3000' command is executed.
13:36:02 INFO  : 'targets -set -filter {jtag_cable_name =~ "Xilinx TUL 1234-tulA" && level==0 && jtag_device_ctx=="jsn-TUL-1234-tulA-23727093-0"}' command is executed.
13:36:05 INFO  : Device configured successfully with "/home/kike/Desktop/marvin/marvin/marvin/_ide/bitstream/pynq_z2_bram_wrapper.bit"
13:36:05 INFO  : Context for 'APU' is selected.
13:36:06 INFO  : Hardware design and registers information is loaded from '/home/kike/Desktop/marvin/marvin/pynq_z2_bram_wrapper/export/pynq_z2_bram_wrapper/hw/pynq_z2_bram_wrapper.xsa'.
13:36:06 INFO  : 'configparams force-mem-access 1' command is executed.
13:36:06 INFO  : Context for 'APU' is selected.
13:36:06 INFO  : Sourcing of '/home/kike/Desktop/marvin/marvin/marvin/_ide/psinit/ps7_init.tcl' is done.
13:36:06 INFO  : 'ps7_init' command is executed.
13:36:06 INFO  : 'ps7_post_config' command is executed.
13:36:06 INFO  : Context for processor 'ps7_cortexa9_0' is selected.
13:36:06 INFO  : The application '/home/kike/Desktop/marvin/marvin/marvin/Debug/marvin.elf' is downloaded to processor 'ps7_cortexa9_0'.
13:36:06 INFO  : 'configparams force-mem-access 0' command is executed.
13:36:06 INFO  : ----------------XSDB Script----------------
connect -url tcp:127.0.0.1:3121
targets -set -nocase -filter {name =~"APU*"}
rst -system
after 3000
targets -set -filter {jtag_cable_name =~ "Xilinx TUL 1234-tulA" && level==0 && jtag_device_ctx=="jsn-TUL-1234-tulA-23727093-0"}
fpga -file /home/kike/Desktop/marvin/marvin/marvin/_ide/bitstream/pynq_z2_bram_wrapper.bit
targets -set -nocase -filter {name =~"APU*"}
loadhw -hw /home/kike/Desktop/marvin/marvin/pynq_z2_bram_wrapper/export/pynq_z2_bram_wrapper/hw/pynq_z2_bram_wrapper.xsa -mem-ranges [list {0x40000000 0xbfffffff}] -regs
configparams force-mem-access 1
targets -set -nocase -filter {name =~"APU*"}
source /home/kike/Desktop/marvin/marvin/marvin/_ide/psinit/ps7_init.tcl
ps7_init
ps7_post_config
targets -set -nocase -filter {name =~ "*A9*#0"}
dow /home/kike/Desktop/marvin/marvin/marvin/Debug/marvin.elf
configparams force-mem-access 0
----------------End of Script----------------

13:36:06 INFO  : Context for processor 'ps7_cortexa9_0' is selected.
13:36:06 INFO  : 'con' command is executed.
13:36:06 INFO  : ----------------XSDB Script (After Launch)----------------
targets -set -nocase -filter {name =~ "*A9*#0"}
con
----------------End of Script----------------

13:36:06 INFO  : Launch script is exported to file '/home/kike/Desktop/marvin/marvin/marvin_system/_ide/scripts/debugger_marvin-default.tcl'
13:36:23 ERROR : (XSDB Server)Already running

13:36:25 ERROR : (XSDB Server)Already running

13:36:26 ERROR : (XSDB Server)Already running

13:36:26 ERROR : (XSDB Server)Already running

13:36:27 ERROR : (XSDB Server)Already running

14:17:12 INFO  : Checking for BSP changes to sync application flags for project 'marvin'...
14:23:01 INFO  : Checking for BSP changes to sync application flags for project 'marvin'...
18:21:49 INFO  : Disconnected from the channel tcfchan#2.
13:52:27 DEBUG : Logs will be stored at '/home/kike/Desktop/marvin/marvin/IDE.log'.
13:52:27 INFO  : Launching XSCT server: xsct -n  -interactive /home/kike/Desktop/marvin/marvin/temp_xsdb_launch_script.tcl
13:52:29 INFO  : Registering command handlers for Vitis TCF services
13:52:29 INFO  : XSCT server has started successfully.
13:52:30 INFO  : Platform repository initialization has completed.
13:52:30 INFO  : Successfully done setting XSCT server connection channel  
13:52:30 INFO  : plnx-install-location is set to ''
13:52:30 INFO  : Successfully done query RDI_DATADIR 
13:52:30 INFO  : Successfully done setting workspace for the tool. 
13:53:36 INFO  : Checking for BSP changes to sync application flags for project 'marvin'...
13:58:37 INFO  : Checking for BSP changes to sync application flags for project 'marvin'...
14:07:24 INFO  : Checking for BSP changes to sync application flags for project 'marvin'...
14:07:27 INFO  : Connected to target on host '127.0.0.1' and port '3121'.
14:07:28 INFO  : Jtag cable 'Xilinx TUL 1234-tulA' is selected.
14:07:28 INFO  : 'jtag frequency' command is executed.
14:07:28 INFO  : Context for 'APU' is selected.
14:07:28 INFO  : System reset is completed.
14:07:31 INFO  : 'after 3000' command is executed.
14:07:31 INFO  : 'targets -set -filter {jtag_cable_name =~ "Xilinx TUL 1234-tulA" && level==0 && jtag_device_ctx=="jsn-TUL-1234-tulA-23727093-0"}' command is executed.
14:07:33 INFO  : Device configured successfully with "/home/kike/Desktop/marvin/marvin/marvin/_ide/bitstream/pynq_z2_bram_wrapper.bit"
14:07:33 INFO  : Context for 'APU' is selected.
14:07:33 INFO  : Hardware design and registers information is loaded from '/home/kike/Desktop/marvin/marvin/pynq_z2_bram_wrapper/export/pynq_z2_bram_wrapper/hw/pynq_z2_bram_wrapper.xsa'.
14:07:33 INFO  : 'configparams force-mem-access 1' command is executed.
14:07:33 INFO  : Context for 'APU' is selected.
14:07:33 INFO  : Sourcing of '/home/kike/Desktop/marvin/marvin/marvin/_ide/psinit/ps7_init.tcl' is done.
14:07:33 INFO  : 'ps7_init' command is executed.
14:07:33 INFO  : 'ps7_post_config' command is executed.
14:07:33 INFO  : Context for processor 'ps7_cortexa9_0' is selected.
14:07:34 INFO  : The application '/home/kike/Desktop/marvin/marvin/marvin/Debug/marvin.elf' is downloaded to processor 'ps7_cortexa9_0'.
14:07:34 INFO  : 'configparams force-mem-access 0' command is executed.
14:07:34 INFO  : ----------------XSDB Script----------------
connect -url tcp:127.0.0.1:3121
targets -set -nocase -filter {name =~"APU*"}
rst -system
after 3000
targets -set -filter {jtag_cable_name =~ "Xilinx TUL 1234-tulA" && level==0 && jtag_device_ctx=="jsn-TUL-1234-tulA-23727093-0"}
fpga -file /home/kike/Desktop/marvin/marvin/marvin/_ide/bitstream/pynq_z2_bram_wrapper.bit
targets -set -nocase -filter {name =~"APU*"}
loadhw -hw /home/kike/Desktop/marvin/marvin/pynq_z2_bram_wrapper/export/pynq_z2_bram_wrapper/hw/pynq_z2_bram_wrapper.xsa -mem-ranges [list {0x40000000 0xbfffffff}] -regs
configparams force-mem-access 1
targets -set -nocase -filter {name =~"APU*"}
source /home/kike/Desktop/marvin/marvin/marvin/_ide/psinit/ps7_init.tcl
ps7_init
ps7_post_config
targets -set -nocase -filter {name =~ "*A9*#0"}
dow /home/kike/Desktop/marvin/marvin/marvin/Debug/marvin.elf
configparams force-mem-access 0
----------------End of Script----------------

14:07:34 INFO  : Context for processor 'ps7_cortexa9_0' is selected.
14:07:34 INFO  : 'con' command is executed.
14:07:34 INFO  : ----------------XSDB Script (After Launch)----------------
targets -set -nocase -filter {name =~ "*A9*#0"}
con
----------------End of Script----------------

14:07:34 INFO  : Launch script is exported to file '/home/kike/Desktop/marvin/marvin/marvin_system/_ide/scripts/debugger_marvin-default.tcl'
14:08:50 ERROR : (XSDB Server)Already running

14:10:32 ERROR : (XSDB Server)Already running

14:10:45 ERROR : (XSDB Server)Already running

14:10:53 ERROR : (XSDB Server)Already running

14:18:10 INFO  : Checking for BSP changes to sync application flags for project 'marvin'...
14:18:42 INFO  : Disconnected from the channel tcfchan#1.
14:18:43 INFO  : Connected to target on host '127.0.0.1' and port '3121'.
14:18:43 INFO  : Jtag cable 'Xilinx TUL 1234-tulA' is selected.
14:18:43 INFO  : 'jtag frequency' command is executed.
14:18:43 INFO  : Context for 'APU' is selected.
14:18:43 INFO  : System reset is completed.
14:18:46 INFO  : 'after 3000' command is executed.
14:18:46 INFO  : 'targets -set -filter {jtag_cable_name =~ "Xilinx TUL 1234-tulA" && level==0 && jtag_device_ctx=="jsn-TUL-1234-tulA-23727093-0"}' command is executed.
14:18:48 INFO  : Device configured successfully with "/home/kike/Desktop/marvin/marvin/marvin/_ide/bitstream/pynq_z2_bram_wrapper.bit"
14:18:48 INFO  : Context for 'APU' is selected.
14:18:49 INFO  : Hardware design and registers information is loaded from '/home/kike/Desktop/marvin/marvin/pynq_z2_bram_wrapper/export/pynq_z2_bram_wrapper/hw/pynq_z2_bram_wrapper.xsa'.
14:18:49 INFO  : 'configparams force-mem-access 1' command is executed.
14:18:49 INFO  : Context for 'APU' is selected.
14:18:49 INFO  : Sourcing of '/home/kike/Desktop/marvin/marvin/marvin/_ide/psinit/ps7_init.tcl' is done.
14:18:50 INFO  : 'ps7_init' command is executed.
14:18:50 INFO  : 'ps7_post_config' command is executed.
14:18:50 INFO  : Context for processor 'ps7_cortexa9_0' is selected.
14:18:50 INFO  : The application '/home/kike/Desktop/marvin/marvin/marvin/Debug/marvin.elf' is downloaded to processor 'ps7_cortexa9_0'.
14:18:50 INFO  : 'configparams force-mem-access 0' command is executed.
14:18:50 INFO  : ----------------XSDB Script----------------
connect -url tcp:127.0.0.1:3121
targets -set -nocase -filter {name =~"APU*"}
rst -system
after 3000
targets -set -filter {jtag_cable_name =~ "Xilinx TUL 1234-tulA" && level==0 && jtag_device_ctx=="jsn-TUL-1234-tulA-23727093-0"}
fpga -file /home/kike/Desktop/marvin/marvin/marvin/_ide/bitstream/pynq_z2_bram_wrapper.bit
targets -set -nocase -filter {name =~"APU*"}
loadhw -hw /home/kike/Desktop/marvin/marvin/pynq_z2_bram_wrapper/export/pynq_z2_bram_wrapper/hw/pynq_z2_bram_wrapper.xsa -mem-ranges [list {0x40000000 0xbfffffff}] -regs
configparams force-mem-access 1
targets -set -nocase -filter {name =~"APU*"}
source /home/kike/Desktop/marvin/marvin/marvin/_ide/psinit/ps7_init.tcl
ps7_init
ps7_post_config
targets -set -nocase -filter {name =~ "*A9*#0"}
dow /home/kike/Desktop/marvin/marvin/marvin/Debug/marvin.elf
configparams force-mem-access 0
----------------End of Script----------------

14:18:50 INFO  : Context for processor 'ps7_cortexa9_0' is selected.
14:18:50 INFO  : 'con' command is executed.
14:18:50 INFO  : ----------------XSDB Script (After Launch)----------------
targets -set -nocase -filter {name =~ "*A9*#0"}
con
----------------End of Script----------------

14:18:50 INFO  : Launch script is exported to file '/home/kike/Desktop/marvin/marvin/marvin_system/_ide/scripts/debugger_marvin-default.tcl'
14:19:15 INFO  : Checking for BSP changes to sync application flags for project 'marvin'...
14:19:18 INFO  : Disconnected from the channel tcfchan#2.
14:19:19 INFO  : Connected to target on host '127.0.0.1' and port '3121'.
14:19:19 INFO  : Jtag cable 'Xilinx TUL 1234-tulA' is selected.
14:19:19 INFO  : 'jtag frequency' command is executed.
14:19:21 INFO  : Context for 'APU' is selected.
14:19:21 INFO  : System reset is completed.
14:19:24 INFO  : 'after 3000' command is executed.
14:19:24 INFO  : 'targets -set -filter {jtag_cable_name =~ "Xilinx TUL 1234-tulA" && level==0 && jtag_device_ctx=="jsn-TUL-1234-tulA-23727093-0"}' command is executed.
14:19:27 INFO  : Device configured successfully with "/home/kike/Desktop/marvin/marvin/marvin/_ide/bitstream/pynq_z2_bram_wrapper.bit"
14:19:27 INFO  : Context for 'APU' is selected.
14:19:28 INFO  : Hardware design and registers information is loaded from '/home/kike/Desktop/marvin/marvin/pynq_z2_bram_wrapper/export/pynq_z2_bram_wrapper/hw/pynq_z2_bram_wrapper.xsa'.
14:19:28 INFO  : 'configparams force-mem-access 1' command is executed.
14:19:28 INFO  : Context for 'APU' is selected.
14:19:28 INFO  : Sourcing of '/home/kike/Desktop/marvin/marvin/marvin/_ide/psinit/ps7_init.tcl' is done.
14:19:28 INFO  : 'ps7_init' command is executed.
14:19:28 INFO  : 'ps7_post_config' command is executed.
14:19:28 INFO  : Context for processor 'ps7_cortexa9_0' is selected.
14:19:28 INFO  : The application '/home/kike/Desktop/marvin/marvin/marvin/Debug/marvin.elf' is downloaded to processor 'ps7_cortexa9_0'.
14:19:28 INFO  : 'configparams force-mem-access 0' command is executed.
14:19:28 INFO  : ----------------XSDB Script----------------
connect -url tcp:127.0.0.1:3121
targets -set -nocase -filter {name =~"APU*"}
rst -system
after 3000
targets -set -filter {jtag_cable_name =~ "Xilinx TUL 1234-tulA" && level==0 && jtag_device_ctx=="jsn-TUL-1234-tulA-23727093-0"}
fpga -file /home/kike/Desktop/marvin/marvin/marvin/_ide/bitstream/pynq_z2_bram_wrapper.bit
targets -set -nocase -filter {name =~"APU*"}
loadhw -hw /home/kike/Desktop/marvin/marvin/pynq_z2_bram_wrapper/export/pynq_z2_bram_wrapper/hw/pynq_z2_bram_wrapper.xsa -mem-ranges [list {0x40000000 0xbfffffff}] -regs
configparams force-mem-access 1
targets -set -nocase -filter {name =~"APU*"}
source /home/kike/Desktop/marvin/marvin/marvin/_ide/psinit/ps7_init.tcl
ps7_init
ps7_post_config
targets -set -nocase -filter {name =~ "*A9*#0"}
dow /home/kike/Desktop/marvin/marvin/marvin/Debug/marvin.elf
configparams force-mem-access 0
----------------End of Script----------------

14:19:28 INFO  : Context for processor 'ps7_cortexa9_0' is selected.
14:19:28 INFO  : 'con' command is executed.
14:19:28 INFO  : ----------------XSDB Script (After Launch)----------------
targets -set -nocase -filter {name =~ "*A9*#0"}
con
----------------End of Script----------------

14:19:28 INFO  : Launch script is exported to file '/home/kike/Desktop/marvin/marvin/marvin_system/_ide/scripts/debugger_marvin-default.tcl'
14:19:44 ERROR : (XSDB Server)Already running

14:21:06 INFO  : Checking for BSP changes to sync application flags for project 'marvin'...
14:21:10 INFO  : Disconnected from the channel tcfchan#3.
14:21:11 INFO  : Connected to target on host '127.0.0.1' and port '3121'.
14:21:11 INFO  : Jtag cable 'Xilinx TUL 1234-tulA' is selected.
14:21:11 ERROR : port closed
14:21:11 INFO  : ----------------XSDB Script----------------
connect -url tcp:127.0.0.1:3121
----------------End of Script----------------

14:21:11 ERROR : port closed
14:21:16 INFO  : Connected to target on host '127.0.0.1' and port '3121'.
14:21:16 INFO  : Jtag cable 'Xilinx TUL 1234-tulA' is selected.
14:21:16 INFO  : 'jtag frequency' command is executed.
14:21:16 INFO  : Context for 'APU' is selected.
14:21:16 INFO  : System reset is completed.
14:21:19 INFO  : 'after 3000' command is executed.
14:21:19 INFO  : 'targets -set -filter {jtag_cable_name =~ "Xilinx TUL 1234-tulA" && level==0 && jtag_device_ctx=="jsn-TUL-1234-tulA-23727093-0"}' command is executed.
14:21:21 INFO  : Device configured successfully with "/home/kike/Desktop/marvin/marvin/marvin/_ide/bitstream/pynq_z2_bram_wrapper.bit"
14:21:21 INFO  : Context for 'APU' is selected.
14:21:22 INFO  : Hardware design and registers information is loaded from '/home/kike/Desktop/marvin/marvin/pynq_z2_bram_wrapper/export/pynq_z2_bram_wrapper/hw/pynq_z2_bram_wrapper.xsa'.
14:21:22 INFO  : 'configparams force-mem-access 1' command is executed.
14:21:22 INFO  : Context for 'APU' is selected.
14:21:22 INFO  : Sourcing of '/home/kike/Desktop/marvin/marvin/marvin/_ide/psinit/ps7_init.tcl' is done.
14:21:23 INFO  : 'ps7_init' command is executed.
14:21:23 INFO  : 'ps7_post_config' command is executed.
14:21:23 INFO  : Context for processor 'ps7_cortexa9_0' is selected.
14:21:23 INFO  : The application '/home/kike/Desktop/marvin/marvin/marvin/Debug/marvin.elf' is downloaded to processor 'ps7_cortexa9_0'.
14:21:23 INFO  : 'configparams force-mem-access 0' command is executed.
14:21:23 INFO  : ----------------XSDB Script----------------
connect -url tcp:127.0.0.1:3121
targets -set -nocase -filter {name =~"APU*"}
rst -system
after 3000
targets -set -filter {jtag_cable_name =~ "Xilinx TUL 1234-tulA" && level==0 && jtag_device_ctx=="jsn-TUL-1234-tulA-23727093-0"}
fpga -file /home/kike/Desktop/marvin/marvin/marvin/_ide/bitstream/pynq_z2_bram_wrapper.bit
targets -set -nocase -filter {name =~"APU*"}
loadhw -hw /home/kike/Desktop/marvin/marvin/pynq_z2_bram_wrapper/export/pynq_z2_bram_wrapper/hw/pynq_z2_bram_wrapper.xsa -mem-ranges [list {0x40000000 0xbfffffff}] -regs
configparams force-mem-access 1
targets -set -nocase -filter {name =~"APU*"}
source /home/kike/Desktop/marvin/marvin/marvin/_ide/psinit/ps7_init.tcl
ps7_init
ps7_post_config
targets -set -nocase -filter {name =~ "*A9*#0"}
dow /home/kike/Desktop/marvin/marvin/marvin/Debug/marvin.elf
configparams force-mem-access 0
----------------End of Script----------------

14:21:23 INFO  : Context for processor 'ps7_cortexa9_0' is selected.
14:21:23 INFO  : 'con' command is executed.
14:21:23 INFO  : ----------------XSDB Script (After Launch)----------------
targets -set -nocase -filter {name =~ "*A9*#0"}
con
----------------End of Script----------------

14:21:23 INFO  : Launch script is exported to file '/home/kike/Desktop/marvin/marvin/marvin_system/_ide/scripts/debugger_marvin-default.tcl'
14:21:30 ERROR : (XSDB Server)Already running

14:22:11 INFO  : Checking for BSP changes to sync application flags for project 'marvin'...
14:22:15 INFO  : Disconnected from the channel tcfchan#4.
14:22:16 INFO  : Connected to target on host '127.0.0.1' and port '3121'.
14:22:16 INFO  : Jtag cable 'Xilinx TUL 1234-tulA' is selected.
14:22:16 INFO  : 'jtag frequency' command is executed.
14:22:16 INFO  : Context for 'APU' is selected.
14:22:16 INFO  : System reset is completed.
14:22:19 INFO  : 'after 3000' command is executed.
14:22:19 INFO  : 'targets -set -filter {jtag_cable_name =~ "Xilinx TUL 1234-tulA" && level==0 && jtag_device_ctx=="jsn-TUL-1234-tulA-23727093-0"}' command is executed.
14:22:22 INFO  : Device configured successfully with "/home/kike/Desktop/marvin/marvin/marvin/_ide/bitstream/pynq_z2_bram_wrapper.bit"
14:22:22 INFO  : Context for 'APU' is selected.
14:22:23 INFO  : Hardware design and registers information is loaded from '/home/kike/Desktop/marvin/marvin/pynq_z2_bram_wrapper/export/pynq_z2_bram_wrapper/hw/pynq_z2_bram_wrapper.xsa'.
14:22:23 INFO  : 'configparams force-mem-access 1' command is executed.
14:22:23 INFO  : Context for 'APU' is selected.
14:22:23 INFO  : Sourcing of '/home/kike/Desktop/marvin/marvin/marvin/_ide/psinit/ps7_init.tcl' is done.
14:22:23 INFO  : 'ps7_init' command is executed.
14:22:23 INFO  : 'ps7_post_config' command is executed.
14:22:23 INFO  : Context for processor 'ps7_cortexa9_0' is selected.
14:22:23 INFO  : The application '/home/kike/Desktop/marvin/marvin/marvin/Debug/marvin.elf' is downloaded to processor 'ps7_cortexa9_0'.
14:22:23 INFO  : 'configparams force-mem-access 0' command is executed.
14:22:23 INFO  : ----------------XSDB Script----------------
connect -url tcp:127.0.0.1:3121
targets -set -nocase -filter {name =~"APU*"}
rst -system
after 3000
targets -set -filter {jtag_cable_name =~ "Xilinx TUL 1234-tulA" && level==0 && jtag_device_ctx=="jsn-TUL-1234-tulA-23727093-0"}
fpga -file /home/kike/Desktop/marvin/marvin/marvin/_ide/bitstream/pynq_z2_bram_wrapper.bit
targets -set -nocase -filter {name =~"APU*"}
loadhw -hw /home/kike/Desktop/marvin/marvin/pynq_z2_bram_wrapper/export/pynq_z2_bram_wrapper/hw/pynq_z2_bram_wrapper.xsa -mem-ranges [list {0x40000000 0xbfffffff}] -regs
configparams force-mem-access 1
targets -set -nocase -filter {name =~"APU*"}
source /home/kike/Desktop/marvin/marvin/marvin/_ide/psinit/ps7_init.tcl
ps7_init
ps7_post_config
targets -set -nocase -filter {name =~ "*A9*#0"}
dow /home/kike/Desktop/marvin/marvin/marvin/Debug/marvin.elf
configparams force-mem-access 0
----------------End of Script----------------

14:22:23 INFO  : Context for processor 'ps7_cortexa9_0' is selected.
14:22:23 INFO  : 'con' command is executed.
14:22:23 INFO  : ----------------XSDB Script (After Launch)----------------
targets -set -nocase -filter {name =~ "*A9*#0"}
con
----------------End of Script----------------

14:22:23 INFO  : Launch script is exported to file '/home/kike/Desktop/marvin/marvin/marvin_system/_ide/scripts/debugger_marvin-default.tcl'
14:22:39 ERROR : (XSDB Server)Already running

14:23:44 INFO  : Checking for BSP changes to sync application flags for project 'marvin'...
14:23:46 INFO  : Disconnected from the channel tcfchan#5.
14:23:47 INFO  : Connected to target on host '127.0.0.1' and port '3121'.
14:23:48 INFO  : Jtag cable 'Xilinx TUL 1234-tulA' is selected.
14:23:48 INFO  : 'jtag frequency' command is executed.
14:23:48 INFO  : Context for 'APU' is selected.
14:23:48 INFO  : System reset is completed.
14:23:51 INFO  : 'after 3000' command is executed.
14:23:51 INFO  : 'targets -set -filter {jtag_cable_name =~ "Xilinx TUL 1234-tulA" && level==0 && jtag_device_ctx=="jsn-TUL-1234-tulA-23727093-0"}' command is executed.
14:23:53 INFO  : Device configured successfully with "/home/kike/Desktop/marvin/marvin/marvin/_ide/bitstream/pynq_z2_bram_wrapper.bit"
14:23:53 INFO  : Context for 'APU' is selected.
14:23:54 INFO  : Hardware design and registers information is loaded from '/home/kike/Desktop/marvin/marvin/pynq_z2_bram_wrapper/export/pynq_z2_bram_wrapper/hw/pynq_z2_bram_wrapper.xsa'.
14:23:54 INFO  : 'configparams force-mem-access 1' command is executed.
14:23:54 INFO  : Context for 'APU' is selected.
14:23:54 INFO  : Sourcing of '/home/kike/Desktop/marvin/marvin/marvin/_ide/psinit/ps7_init.tcl' is done.
14:23:54 INFO  : 'ps7_init' command is executed.
14:23:54 INFO  : 'ps7_post_config' command is executed.
14:23:54 INFO  : Context for processor 'ps7_cortexa9_0' is selected.
14:23:55 INFO  : The application '/home/kike/Desktop/marvin/marvin/marvin/Debug/marvin.elf' is downloaded to processor 'ps7_cortexa9_0'.
14:23:55 INFO  : 'configparams force-mem-access 0' command is executed.
14:23:55 INFO  : ----------------XSDB Script----------------
connect -url tcp:127.0.0.1:3121
targets -set -nocase -filter {name =~"APU*"}
rst -system
after 3000
targets -set -filter {jtag_cable_name =~ "Xilinx TUL 1234-tulA" && level==0 && jtag_device_ctx=="jsn-TUL-1234-tulA-23727093-0"}
fpga -file /home/kike/Desktop/marvin/marvin/marvin/_ide/bitstream/pynq_z2_bram_wrapper.bit
targets -set -nocase -filter {name =~"APU*"}
loadhw -hw /home/kike/Desktop/marvin/marvin/pynq_z2_bram_wrapper/export/pynq_z2_bram_wrapper/hw/pynq_z2_bram_wrapper.xsa -mem-ranges [list {0x40000000 0xbfffffff}] -regs
configparams force-mem-access 1
targets -set -nocase -filter {name =~"APU*"}
source /home/kike/Desktop/marvin/marvin/marvin/_ide/psinit/ps7_init.tcl
ps7_init
ps7_post_config
targets -set -nocase -filter {name =~ "*A9*#0"}
dow /home/kike/Desktop/marvin/marvin/marvin/Debug/marvin.elf
configparams force-mem-access 0
----------------End of Script----------------

14:23:55 INFO  : Context for processor 'ps7_cortexa9_0' is selected.
14:23:55 INFO  : 'con' command is executed.
14:23:55 INFO  : ----------------XSDB Script (After Launch)----------------
targets -set -nocase -filter {name =~ "*A9*#0"}
con
----------------End of Script----------------

14:23:55 INFO  : Launch script is exported to file '/home/kike/Desktop/marvin/marvin/marvin_system/_ide/scripts/debugger_marvin-default.tcl'
14:24:03 ERROR : (XSDB Server)Already running

14:25:27 INFO  : Checking for BSP changes to sync application flags for project 'marvin'...
17:43:37 INFO  : Disconnected from the channel tcfchan#6.
11:29:51 DEBUG : Logs will be stored at '/home/kike/Desktop/marvin/marvin/IDE.log'.
11:29:51 INFO  : Launching XSCT server: xsct -n  -interactive /home/kike/Desktop/marvin/marvin/temp_xsdb_launch_script.tcl
11:29:53 INFO  : XSCT server has started successfully.
11:29:53 INFO  : plnx-install-location is set to ''
11:29:53 INFO  : Successfully done setting XSCT server connection channel  
11:29:53 INFO  : Registering command handlers for Vitis TCF services
11:29:53 INFO  : Successfully done setting workspace for the tool. 
11:29:53 INFO  : Successfully done query RDI_DATADIR 
11:29:53 INFO  : Platform repository initialization has completed.
11:34:09 INFO  : Checking for BSP changes to sync application flags for project 'marvin'...
14:11:52 INFO  : Checking for BSP changes to sync application flags for project 'marvin'...
14:12:51 INFO  : Connected to target on host '127.0.0.1' and port '3121'.
14:12:51 INFO  : Jtag cable 'Xilinx TUL 1234-tulA' is selected.
14:12:51 INFO  : 'jtag frequency' command is executed.
14:12:51 INFO  : Context for 'APU' is selected.
14:12:51 INFO  : System reset is completed.
14:12:54 INFO  : 'after 3000' command is executed.
14:12:54 INFO  : 'targets -set -filter {jtag_cable_name =~ "Xilinx TUL 1234-tulA" && level==0 && jtag_device_ctx=="jsn-TUL-1234-tulA-23727093-0"}' command is executed.
14:12:56 INFO  : Device configured successfully with "/home/kike/Desktop/marvin/marvin/marvin/_ide/bitstream/pynq_z2_bram_wrapper.bit"
14:12:56 INFO  : Context for 'APU' is selected.
14:12:56 INFO  : Hardware design and registers information is loaded from '/home/kike/Desktop/marvin/marvin/pynq_z2_bram_wrapper/export/pynq_z2_bram_wrapper/hw/pynq_z2_bram_wrapper.xsa'.
14:12:56 INFO  : 'configparams force-mem-access 1' command is executed.
14:12:56 INFO  : Context for 'APU' is selected.
14:12:56 INFO  : Sourcing of '/home/kike/Desktop/marvin/marvin/marvin/_ide/psinit/ps7_init.tcl' is done.
14:12:57 INFO  : 'ps7_init' command is executed.
14:12:57 INFO  : 'ps7_post_config' command is executed.
14:12:57 INFO  : Context for processor 'ps7_cortexa9_0' is selected.
14:12:57 INFO  : The application '/home/kike/Desktop/marvin/marvin/marvin/Debug/marvin.elf' is downloaded to processor 'ps7_cortexa9_0'.
14:12:57 INFO  : 'configparams force-mem-access 0' command is executed.
14:12:57 INFO  : ----------------XSDB Script----------------
connect -url tcp:127.0.0.1:3121
targets -set -nocase -filter {name =~"APU*"}
rst -system
after 3000
targets -set -filter {jtag_cable_name =~ "Xilinx TUL 1234-tulA" && level==0 && jtag_device_ctx=="jsn-TUL-1234-tulA-23727093-0"}
fpga -file /home/kike/Desktop/marvin/marvin/marvin/_ide/bitstream/pynq_z2_bram_wrapper.bit
targets -set -nocase -filter {name =~"APU*"}
loadhw -hw /home/kike/Desktop/marvin/marvin/pynq_z2_bram_wrapper/export/pynq_z2_bram_wrapper/hw/pynq_z2_bram_wrapper.xsa -mem-ranges [list {0x40000000 0xbfffffff}] -regs
configparams force-mem-access 1
targets -set -nocase -filter {name =~"APU*"}
source /home/kike/Desktop/marvin/marvin/marvin/_ide/psinit/ps7_init.tcl
ps7_init
ps7_post_config
targets -set -nocase -filter {name =~ "*A9*#0"}
dow /home/kike/Desktop/marvin/marvin/marvin/Debug/marvin.elf
configparams force-mem-access 0
----------------End of Script----------------

14:12:57 INFO  : Context for processor 'ps7_cortexa9_0' is selected.
14:12:57 INFO  : 'con' command is executed.
14:12:57 INFO  : ----------------XSDB Script (After Launch)----------------
targets -set -nocase -filter {name =~ "*A9*#0"}
con
----------------End of Script----------------

14:12:57 INFO  : Launch script is exported to file '/home/kike/Desktop/marvin/marvin/marvin_system/_ide/scripts/debugger_marvin-default.tcl'
14:13:15 INFO  : Checking for BSP changes to sync application flags for project 'marvin'...
14:13:19 INFO  : Disconnected from the channel tcfchan#1.
14:13:20 INFO  : Connected to target on host '127.0.0.1' and port '3121'.
14:13:20 INFO  : Jtag cable 'Xilinx TUL 1234-tulA' is selected.
14:13:20 INFO  : 'jtag frequency' command is executed.
14:13:20 INFO  : Context for 'APU' is selected.
14:13:20 INFO  : System reset is completed.
14:13:23 INFO  : 'after 3000' command is executed.
14:13:23 INFO  : 'targets -set -filter {jtag_cable_name =~ "Xilinx TUL 1234-tulA" && level==0 && jtag_device_ctx=="jsn-TUL-1234-tulA-23727093-0"}' command is executed.
14:13:25 INFO  : Device configured successfully with "/home/kike/Desktop/marvin/marvin/marvin/_ide/bitstream/pynq_z2_bram_wrapper.bit"
14:13:25 INFO  : Context for 'APU' is selected.
14:13:26 INFO  : Hardware design and registers information is loaded from '/home/kike/Desktop/marvin/marvin/pynq_z2_bram_wrapper/export/pynq_z2_bram_wrapper/hw/pynq_z2_bram_wrapper.xsa'.
14:13:26 INFO  : 'configparams force-mem-access 1' command is executed.
14:13:26 INFO  : Context for 'APU' is selected.
14:13:26 INFO  : Sourcing of '/home/kike/Desktop/marvin/marvin/marvin/_ide/psinit/ps7_init.tcl' is done.
14:13:27 INFO  : 'ps7_init' command is executed.
14:13:27 INFO  : 'ps7_post_config' command is executed.
14:13:27 INFO  : Context for processor 'ps7_cortexa9_0' is selected.
14:13:27 INFO  : The application '/home/kike/Desktop/marvin/marvin/marvin/Debug/marvin.elf' is downloaded to processor 'ps7_cortexa9_0'.
14:13:27 INFO  : 'configparams force-mem-access 0' command is executed.
14:13:27 INFO  : ----------------XSDB Script----------------
connect -url tcp:127.0.0.1:3121
targets -set -nocase -filter {name =~"APU*"}
rst -system
after 3000
targets -set -filter {jtag_cable_name =~ "Xilinx TUL 1234-tulA" && level==0 && jtag_device_ctx=="jsn-TUL-1234-tulA-23727093-0"}
fpga -file /home/kike/Desktop/marvin/marvin/marvin/_ide/bitstream/pynq_z2_bram_wrapper.bit
targets -set -nocase -filter {name =~"APU*"}
loadhw -hw /home/kike/Desktop/marvin/marvin/pynq_z2_bram_wrapper/export/pynq_z2_bram_wrapper/hw/pynq_z2_bram_wrapper.xsa -mem-ranges [list {0x40000000 0xbfffffff}] -regs
configparams force-mem-access 1
targets -set -nocase -filter {name =~"APU*"}
source /home/kike/Desktop/marvin/marvin/marvin/_ide/psinit/ps7_init.tcl
ps7_init
ps7_post_config
targets -set -nocase -filter {name =~ "*A9*#0"}
dow /home/kike/Desktop/marvin/marvin/marvin/Debug/marvin.elf
configparams force-mem-access 0
----------------End of Script----------------

14:13:27 INFO  : Context for processor 'ps7_cortexa9_0' is selected.
14:13:27 INFO  : 'con' command is executed.
14:13:27 INFO  : ----------------XSDB Script (After Launch)----------------
targets -set -nocase -filter {name =~ "*A9*#0"}
con
----------------End of Script----------------

14:13:27 INFO  : Launch script is exported to file '/home/kike/Desktop/marvin/marvin/marvin_system/_ide/scripts/debugger_marvin-default.tcl'
14:49:56 INFO  : Checking for BSP changes to sync application flags for project 'marvin'...
14:50:05 INFO  : Disconnected from the channel tcfchan#2.
14:50:06 INFO  : Connected to target on host '127.0.0.1' and port '3121'.
14:50:06 INFO  : Jtag cable 'Xilinx TUL 1234-tulA' is selected.
14:50:06 INFO  : 'jtag frequency' command is executed.
14:50:06 INFO  : Context for 'APU' is selected.
14:50:06 INFO  : System reset is completed.
14:50:09 INFO  : 'after 3000' command is executed.
14:50:09 INFO  : 'targets -set -filter {jtag_cable_name =~ "Xilinx TUL 1234-tulA" && level==0 && jtag_device_ctx=="jsn-TUL-1234-tulA-23727093-0"}' command is executed.
14:50:11 INFO  : Device configured successfully with "/home/kike/Desktop/marvin/marvin/marvin/_ide/bitstream/pynq_z2_bram_wrapper.bit"
14:50:11 INFO  : Context for 'APU' is selected.
14:50:12 INFO  : Hardware design and registers information is loaded from '/home/kike/Desktop/marvin/marvin/pynq_z2_bram_wrapper/export/pynq_z2_bram_wrapper/hw/pynq_z2_bram_wrapper.xsa'.
14:50:12 INFO  : 'configparams force-mem-access 1' command is executed.
14:50:12 INFO  : Context for 'APU' is selected.
14:50:12 INFO  : Sourcing of '/home/kike/Desktop/marvin/marvin/marvin/_ide/psinit/ps7_init.tcl' is done.
14:50:13 INFO  : 'ps7_init' command is executed.
14:50:13 INFO  : 'ps7_post_config' command is executed.
14:50:13 INFO  : Context for processor 'ps7_cortexa9_0' is selected.
14:50:13 INFO  : The application '/home/kike/Desktop/marvin/marvin/marvin/Debug/marvin.elf' is downloaded to processor 'ps7_cortexa9_0'.
14:50:13 INFO  : 'configparams force-mem-access 0' command is executed.
14:50:13 INFO  : ----------------XSDB Script----------------
connect -url tcp:127.0.0.1:3121
targets -set -nocase -filter {name =~"APU*"}
rst -system
after 3000
targets -set -filter {jtag_cable_name =~ "Xilinx TUL 1234-tulA" && level==0 && jtag_device_ctx=="jsn-TUL-1234-tulA-23727093-0"}
fpga -file /home/kike/Desktop/marvin/marvin/marvin/_ide/bitstream/pynq_z2_bram_wrapper.bit
targets -set -nocase -filter {name =~"APU*"}
loadhw -hw /home/kike/Desktop/marvin/marvin/pynq_z2_bram_wrapper/export/pynq_z2_bram_wrapper/hw/pynq_z2_bram_wrapper.xsa -mem-ranges [list {0x40000000 0xbfffffff}] -regs
configparams force-mem-access 1
targets -set -nocase -filter {name =~"APU*"}
source /home/kike/Desktop/marvin/marvin/marvin/_ide/psinit/ps7_init.tcl
ps7_init
ps7_post_config
targets -set -nocase -filter {name =~ "*A9*#0"}
dow /home/kike/Desktop/marvin/marvin/marvin/Debug/marvin.elf
configparams force-mem-access 0
----------------End of Script----------------

14:50:13 INFO  : Context for processor 'ps7_cortexa9_0' is selected.
14:50:13 INFO  : 'con' command is executed.
14:50:13 INFO  : ----------------XSDB Script (After Launch)----------------
targets -set -nocase -filter {name =~ "*A9*#0"}
con
----------------End of Script----------------

14:50:13 INFO  : Launch script is exported to file '/home/kike/Desktop/marvin/marvin/marvin_system/_ide/scripts/debugger_marvin-default.tcl'
17:48:04 INFO  : Disconnected from the channel tcfchan#3.
14:42:37 DEBUG : Logs will be stored at '/home/kike/Desktop/marvin/marvin/IDE.log'.
14:42:37 INFO  : Launching XSCT server: xsct -n  -interactive /home/kike/Desktop/marvin/marvin/temp_xsdb_launch_script.tcl
14:42:39 INFO  : XSCT server has started successfully.
14:42:39 INFO  : plnx-install-location is set to ''
14:42:39 INFO  : Successfully done setting XSCT server connection channel  
14:42:40 INFO  : Registering command handlers for Vitis TCF services
14:42:40 INFO  : Platform repository initialization has completed.
14:42:40 INFO  : Successfully done setting workspace for the tool. 
14:42:40 INFO  : Successfully done query RDI_DATADIR 
15:07:49 INFO  : Checking for BSP changes to sync application flags for project 'marvin'...
15:10:06 INFO  : Connected to target on host '127.0.0.1' and port '3121'.
15:10:06 INFO  : Jtag cable 'Xilinx TUL 1234-tulA' is selected.
15:10:06 INFO  : 'jtag frequency' command is executed.
15:10:06 INFO  : Context for 'APU' is selected.
15:10:06 INFO  : System reset is completed.
15:10:09 INFO  : 'after 3000' command is executed.
15:10:09 INFO  : 'targets -set -filter {jtag_cable_name =~ "Xilinx TUL 1234-tulA" && level==0 && jtag_device_ctx=="jsn-TUL-1234-tulA-23727093-0"}' command is executed.
15:10:12 INFO  : Device configured successfully with "/home/kike/Desktop/marvin/marvin/marvin/_ide/bitstream/pynq_z2_bram_wrapper.bit"
15:10:12 INFO  : Context for 'APU' is selected.
15:10:12 INFO  : Hardware design and registers information is loaded from '/home/kike/Desktop/marvin/marvin/pynq_z2_bram_wrapper/export/pynq_z2_bram_wrapper/hw/pynq_z2_bram_wrapper.xsa'.
15:10:12 INFO  : 'configparams force-mem-access 1' command is executed.
15:10:12 INFO  : Context for 'APU' is selected.
15:10:12 INFO  : Sourcing of '/home/kike/Desktop/marvin/marvin/marvin/_ide/psinit/ps7_init.tcl' is done.
15:10:12 INFO  : 'ps7_init' command is executed.
15:10:12 INFO  : 'ps7_post_config' command is executed.
15:10:12 INFO  : Context for processor 'ps7_cortexa9_0' is selected.
15:10:12 INFO  : The application '/home/kike/Desktop/marvin/marvin/marvin/Debug/marvin.elf' is downloaded to processor 'ps7_cortexa9_0'.
15:10:12 INFO  : 'configparams force-mem-access 0' command is executed.
15:10:12 INFO  : ----------------XSDB Script----------------
connect -url tcp:127.0.0.1:3121
targets -set -nocase -filter {name =~"APU*"}
rst -system
after 3000
targets -set -filter {jtag_cable_name =~ "Xilinx TUL 1234-tulA" && level==0 && jtag_device_ctx=="jsn-TUL-1234-tulA-23727093-0"}
fpga -file /home/kike/Desktop/marvin/marvin/marvin/_ide/bitstream/pynq_z2_bram_wrapper.bit
targets -set -nocase -filter {name =~"APU*"}
loadhw -hw /home/kike/Desktop/marvin/marvin/pynq_z2_bram_wrapper/export/pynq_z2_bram_wrapper/hw/pynq_z2_bram_wrapper.xsa -mem-ranges [list {0x40000000 0xbfffffff}] -regs
configparams force-mem-access 1
targets -set -nocase -filter {name =~"APU*"}
source /home/kike/Desktop/marvin/marvin/marvin/_ide/psinit/ps7_init.tcl
ps7_init
ps7_post_config
targets -set -nocase -filter {name =~ "*A9*#0"}
dow /home/kike/Desktop/marvin/marvin/marvin/Debug/marvin.elf
configparams force-mem-access 0
----------------End of Script----------------

15:10:12 INFO  : Context for processor 'ps7_cortexa9_0' is selected.
15:10:12 INFO  : 'con' command is executed.
15:10:12 INFO  : ----------------XSDB Script (After Launch)----------------
targets -set -nocase -filter {name =~ "*A9*#0"}
con
----------------End of Script----------------

15:10:12 INFO  : Launch script is exported to file '/home/kike/Desktop/marvin/marvin/marvin_system/_ide/scripts/debugger_marvin-default.tcl'
18:23:32 INFO  : Disconnected from the channel tcfchan#1.
10:17:00 DEBUG : Logs will be stored at '/home/kike/Desktop/marvin/marvin/IDE.log'.
10:17:01 INFO  : Launching XSCT server: xsct -n  -interactive /home/kike/Desktop/marvin/marvin/temp_xsdb_launch_script.tcl
10:17:03 INFO  : Registering command handlers for Vitis TCF services
10:17:03 INFO  : Platform repository initialization has completed.
10:17:05 INFO  : XSCT server has started successfully.
10:17:05 INFO  : plnx-install-location is set to ''
10:17:05 INFO  : Successfully done setting XSCT server connection channel  
10:17:05 INFO  : Successfully done query RDI_DATADIR 
10:17:05 INFO  : Successfully done setting workspace for the tool. 
13:19:17 DEBUG : Logs will be stored at '/home/kike/Desktop/marvin/marvin/IDE.log'.
13:19:17 INFO  : Launching XSCT server: xsct -n  -interactive /home/kike/Desktop/marvin/marvin/temp_xsdb_launch_script.tcl
13:19:19 INFO  : XSCT server has started successfully.
13:19:20 INFO  : Registering command handlers for Vitis TCF services
13:19:20 INFO  : Platform repository initialization has completed.
13:19:20 INFO  : plnx-install-location is set to ''
13:19:20 INFO  : Successfully done setting XSCT server connection channel  
13:19:20 INFO  : Successfully done query RDI_DATADIR 
13:19:20 INFO  : Successfully done setting workspace for the tool. 
14:59:22 INFO  : Connected to target on host '127.0.0.1' and port '3121'.
14:59:40 INFO  : ----------------XSDB Script----------------
connect -url tcp:127.0.0.1:3121
----------------End of Script----------------

14:59:40 ERROR : Could not find ARM device on the board for connection 'Local'.
Check if the target is in:
1. Split JTAG - No operations are possible with ARM DAP.
2. Non JTAG bootmode - Bootrom may need time to enable DAP.
Please try again.


Troubleshooting hints:
1. Check whether board is connected to system properly.
2. In case of zynq board, check whether Digilent/Xilinx cable switch settings are correct.
3. If you are using Xilinx Platform Cable USB, ensure that status LED is green.
14:59:49 INFO  : Connected to target on host '127.0.0.1' and port '3121'.
14:59:50 INFO  : Jtag cable 'Xilinx TUL 1234-tulA' is selected.
14:59:50 INFO  : 'jtag frequency' command is executed.
14:59:50 INFO  : Context for 'APU' is selected.
14:59:50 INFO  : System reset is completed.
14:59:53 INFO  : 'after 3000' command is executed.
14:59:53 INFO  : 'targets -set -filter {jtag_cable_name =~ "Xilinx TUL 1234-tulA" && level==0 && jtag_device_ctx=="jsn-TUL-1234-tulA-23727093-0"}' command is executed.
14:59:55 INFO  : Device configured successfully with "/home/kike/Desktop/marvin/marvin/marvin/_ide/bitstream/pynq_z2_bram_wrapper.bit"
14:59:55 INFO  : Context for 'APU' is selected.
14:59:55 INFO  : Hardware design and registers information is loaded from '/home/kike/Desktop/marvin/marvin/pynq_z2_bram_wrapper/export/pynq_z2_bram_wrapper/hw/pynq_z2_bram_wrapper.xsa'.
14:59:55 INFO  : 'configparams force-mem-access 1' command is executed.
14:59:55 INFO  : Context for 'APU' is selected.
14:59:55 INFO  : Sourcing of '/home/kike/Desktop/marvin/marvin/marvin/_ide/psinit/ps7_init.tcl' is done.
14:59:55 INFO  : 'ps7_init' command is executed.
14:59:55 INFO  : 'ps7_post_config' command is executed.
14:59:55 INFO  : Context for processor 'ps7_cortexa9_0' is selected.
14:59:56 INFO  : The application '/home/kike/Desktop/marvin/marvin/marvin/Debug/marvin.elf' is downloaded to processor 'ps7_cortexa9_0'.
14:59:56 INFO  : 'configparams force-mem-access 0' command is executed.
14:59:56 INFO  : ----------------XSDB Script----------------
connect -url tcp:127.0.0.1:3121
targets -set -nocase -filter {name =~"APU*"}
rst -system
after 3000
targets -set -filter {jtag_cable_name =~ "Xilinx TUL 1234-tulA" && level==0 && jtag_device_ctx=="jsn-TUL-1234-tulA-23727093-0"}
fpga -file /home/kike/Desktop/marvin/marvin/marvin/_ide/bitstream/pynq_z2_bram_wrapper.bit
targets -set -nocase -filter {name =~"APU*"}
loadhw -hw /home/kike/Desktop/marvin/marvin/pynq_z2_bram_wrapper/export/pynq_z2_bram_wrapper/hw/pynq_z2_bram_wrapper.xsa -mem-ranges [list {0x40000000 0xbfffffff}] -regs
configparams force-mem-access 1
targets -set -nocase -filter {name =~"APU*"}
source /home/kike/Desktop/marvin/marvin/marvin/_ide/psinit/ps7_init.tcl
ps7_init
ps7_post_config
targets -set -nocase -filter {name =~ "*A9*#0"}
dow /home/kike/Desktop/marvin/marvin/marvin/Debug/marvin.elf
configparams force-mem-access 0
----------------End of Script----------------

14:59:56 INFO  : Context for processor 'ps7_cortexa9_0' is selected.
14:59:56 INFO  : 'con' command is executed.
14:59:56 INFO  : ----------------XSDB Script (After Launch)----------------
targets -set -nocase -filter {name =~ "*A9*#0"}
con
----------------End of Script----------------

14:59:56 INFO  : Launch script is exported to file '/home/kike/Desktop/marvin/marvin/marvin_system/_ide/scripts/debugger_marvin-default.tcl'
15:02:34 INFO  : Result from executing command 'getProjects': pynq_z2_bram_wrapper
15:02:34 INFO  : Result from executing command 'getPlatforms': pynq_z2_bram_wrapper|/home/kike/Desktop/marvin/marvin/pynq_z2_bram_wrapper/export/pynq_z2_bram_wrapper/pynq_z2_bram_wrapper.xpfm;xilinx_vck190_base_202410_1|/tools/Xilinx/Vitis/2024.1/base_platforms/xilinx_vck190_base_202410_1/xilinx_vck190_base_202410_1.xpfm;xilinx_vck190_base_dfx_202410_1|/tools/Xilinx/Vitis/2024.1/base_platforms/xilinx_vck190_base_dfx_202410_1/xilinx_vck190_base_dfx_202410_1.xpfm;xilinx_vek280_base_202410_1|/tools/Xilinx/Vitis/2024.1/base_platforms/xilinx_vek280_base_202410_1/xilinx_vek280_base_202410_1.xpfm;xilinx_vek280_base_bdc_202410_1|/tools/Xilinx/Vitis/2024.1/base_platforms/xilinx_vek280_base_bdc_202410_1/xilinx_vek280_base_bdc_202410_1.xpfm;xilinx_vmk180_base_202410_1|/tools/Xilinx/Vitis/2024.1/base_platforms/xilinx_vmk180_base_202410_1/xilinx_vmk180_base_202410_1.xpfm;xilinx_zcu102_base_202410_1|/tools/Xilinx/Vitis/2024.1/base_platforms/xilinx_zcu102_base_202410_1/xilinx_zcu102_base_202410_1.xpfm;xilinx_zcu102_base_dfx_202410_1|/tools/Xilinx/Vitis/2024.1/base_platforms/xilinx_zcu102_base_dfx_202410_1/xilinx_zcu102_base_dfx_202410_1.xpfm;xilinx_zcu104_base_202410_1|/tools/Xilinx/Vitis/2024.1/base_platforms/xilinx_zcu104_base_202410_1/xilinx_zcu104_base_202410_1.xpfm
15:02:37 INFO  : Checking for BSP changes to sync application flags for project 'marvin'...
15:02:44 INFO  : Disconnected from the channel tcfchan#1.
15:02:45 INFO  : Connected to target on host '127.0.0.1' and port '3121'.
15:02:45 INFO  : Jtag cable 'Xilinx TUL 1234-tulA' is selected.
15:02:45 INFO  : 'jtag frequency' command is executed.
15:02:46 INFO  : Context for 'APU' is selected.
15:02:46 INFO  : System reset is completed.
15:02:49 INFO  : 'after 3000' command is executed.
15:02:49 INFO  : 'targets -set -filter {jtag_cable_name =~ "Xilinx TUL 1234-tulA" && level==0 && jtag_device_ctx=="jsn-TUL-1234-tulA-23727093-0"}' command is executed.
15:02:51 INFO  : Device configured successfully with "/home/kike/Desktop/marvin/marvin/marvin/_ide/bitstream/pynq_z2_bram_wrapper.bit"
15:02:51 INFO  : Context for 'APU' is selected.
15:02:51 INFO  : Hardware design and registers information is loaded from '/home/kike/Desktop/marvin/marvin/pynq_z2_bram_wrapper/export/pynq_z2_bram_wrapper/hw/pynq_z2_bram_wrapper.xsa'.
15:02:51 INFO  : 'configparams force-mem-access 1' command is executed.
15:02:51 INFO  : Context for 'APU' is selected.
15:02:51 INFO  : Sourcing of '/home/kike/Desktop/marvin/marvin/marvin/_ide/psinit/ps7_init.tcl' is done.
15:02:51 INFO  : 'ps7_init' command is executed.
15:02:51 INFO  : 'ps7_post_config' command is executed.
15:02:51 INFO  : Context for processor 'ps7_cortexa9_0' is selected.
15:02:52 INFO  : The application '/home/kike/Desktop/marvin/marvin/marvin/Debug/marvin.elf' is downloaded to processor 'ps7_cortexa9_0'.
15:02:52 INFO  : 'configparams force-mem-access 0' command is executed.
15:02:52 INFO  : ----------------XSDB Script----------------
connect -url tcp:127.0.0.1:3121
targets -set -nocase -filter {name =~"APU*"}
rst -system
after 3000
targets -set -filter {jtag_cable_name =~ "Xilinx TUL 1234-tulA" && level==0 && jtag_device_ctx=="jsn-TUL-1234-tulA-23727093-0"}
fpga -file /home/kike/Desktop/marvin/marvin/marvin/_ide/bitstream/pynq_z2_bram_wrapper.bit
targets -set -nocase -filter {name =~"APU*"}
loadhw -hw /home/kike/Desktop/marvin/marvin/pynq_z2_bram_wrapper/export/pynq_z2_bram_wrapper/hw/pynq_z2_bram_wrapper.xsa -mem-ranges [list {0x40000000 0xbfffffff}] -regs
configparams force-mem-access 1
targets -set -nocase -filter {name =~"APU*"}
source /home/kike/Desktop/marvin/marvin/marvin/_ide/psinit/ps7_init.tcl
ps7_init
ps7_post_config
targets -set -nocase -filter {name =~ "*A9*#0"}
dow /home/kike/Desktop/marvin/marvin/marvin/Debug/marvin.elf
configparams force-mem-access 0
----------------End of Script----------------

15:02:52 INFO  : Context for processor 'ps7_cortexa9_0' is selected.
15:02:52 INFO  : 'con' command is executed.
15:02:52 INFO  : ----------------XSDB Script (After Launch)----------------
targets -set -nocase -filter {name =~ "*A9*#0"}
con
----------------End of Script----------------

15:02:52 INFO  : Launch script is exported to file '/home/kike/Desktop/marvin/marvin/marvin_system/_ide/scripts/debugger_marvin-default.tcl'
15:04:01 ERROR : (XSDB Server)bad option '-aadr': -addr -file -line -type -mode -enable -ignore-count -ct-input -ct-output -properties -meta-data -target-id -skip-on-step -action -temp -skip-prologue -help

15:04:30 INFO  : Disconnected from the channel tcfchan#3.
15:04:31 INFO  : Connected to target on host '127.0.0.1' and port '3121'.
15:04:31 INFO  : Jtag cable 'Xilinx TUL 1234-tulA' is selected.
15:04:31 INFO  : 'jtag frequency' command is executed.
15:04:31 INFO  : Context for 'APU' is selected.
15:04:31 INFO  : System reset is completed.
15:04:34 INFO  : 'after 3000' command is executed.
15:04:34 INFO  : 'targets -set -filter {jtag_cable_name =~ "Xilinx TUL 1234-tulA" && level==0 && jtag_device_ctx=="jsn-TUL-1234-tulA-23727093-0"}' command is executed.
15:04:37 INFO  : Device configured successfully with "/home/kike/Desktop/marvin/marvin/marvin/_ide/bitstream/pynq_z2_bram_wrapper.bit"
15:04:37 INFO  : Context for 'APU' is selected.
15:04:37 INFO  : Hardware design and registers information is loaded from '/home/kike/Desktop/marvin/marvin/pynq_z2_bram_wrapper/export/pynq_z2_bram_wrapper/hw/pynq_z2_bram_wrapper.xsa'.
15:04:37 INFO  : 'configparams force-mem-access 1' command is executed.
15:04:37 INFO  : Context for 'APU' is selected.
15:04:37 INFO  : Sourcing of '/home/kike/Desktop/marvin/marvin/marvin/_ide/psinit/ps7_init.tcl' is done.
15:04:37 INFO  : 'ps7_init' command is executed.
15:04:37 INFO  : 'ps7_post_config' command is executed.
15:04:37 INFO  : Context for processor 'ps7_cortexa9_0' is selected.
15:04:37 INFO  : The application '/home/kike/Desktop/marvin/marvin/marvin/Debug/marvin.elf' is downloaded to processor 'ps7_cortexa9_0'.
15:04:37 INFO  : 'configparams force-mem-access 0' command is executed.
15:04:37 INFO  : ----------------XSDB Script----------------
connect -url tcp:127.0.0.1:3121
targets -set -nocase -filter {name =~"APU*"}
rst -system
after 3000
targets -set -filter {jtag_cable_name =~ "Xilinx TUL 1234-tulA" && level==0 && jtag_device_ctx=="jsn-TUL-1234-tulA-23727093-0"}
fpga -file /home/kike/Desktop/marvin/marvin/marvin/_ide/bitstream/pynq_z2_bram_wrapper.bit
targets -set -nocase -filter {name =~"APU*"}
loadhw -hw /home/kike/Desktop/marvin/marvin/pynq_z2_bram_wrapper/export/pynq_z2_bram_wrapper/hw/pynq_z2_bram_wrapper.xsa -mem-ranges [list {0x40000000 0xbfffffff}] -regs
configparams force-mem-access 1
targets -set -nocase -filter {name =~"APU*"}
source /home/kike/Desktop/marvin/marvin/marvin/_ide/psinit/ps7_init.tcl
ps7_init
ps7_post_config
targets -set -nocase -filter {name =~ "*A9*#0"}
dow /home/kike/Desktop/marvin/marvin/marvin/Debug/marvin.elf
configparams force-mem-access 0
----------------End of Script----------------

15:04:37 INFO  : Context for processor 'ps7_cortexa9_0' is selected.
15:04:37 INFO  : 'con' command is executed.
15:04:37 INFO  : ----------------XSDB Script (After Launch)----------------
targets -set -nocase -filter {name =~ "*A9*#0"}
con
----------------End of Script----------------

15:04:37 INFO  : Launch script is exported to file '/home/kike/Desktop/marvin/marvin/marvin_system/_ide/scripts/debugger_marvin-default.tcl'
16:38:36 INFO  : Disconnected from the channel tcfchan#4.
10:05:18 DEBUG : Logs will be stored at '/home/kike/Desktop/marvin/marvin/IDE.log'.
10:05:19 INFO  : Launching XSCT server: xsct -n  -interactive /home/kike/Desktop/marvin/marvin/temp_xsdb_launch_script.tcl
10:05:21 INFO  : XSCT server has started successfully.
10:05:21 INFO  : plnx-install-location is set to ''
10:05:21 INFO  : Successfully done setting XSCT server connection channel  
10:05:21 INFO  : Successfully done setting workspace for the tool. 
10:05:21 INFO  : Registering command handlers for Vitis TCF services
10:05:21 INFO  : Successfully done query RDI_DATADIR 
10:05:21 INFO  : Platform repository initialization has completed.
10:13:42 INFO  : Connected to target on host '127.0.0.1' and port '3121'.
10:13:43 INFO  : Jtag cable 'Xilinx TUL 1234-tulA' is selected.
10:13:43 INFO  : 'jtag frequency' command is executed.
10:13:43 INFO  : Context for 'APU' is selected.
10:13:43 INFO  : System reset is completed.
10:13:46 INFO  : 'after 3000' command is executed.
10:13:46 INFO  : 'targets -set -filter {jtag_cable_name =~ "Xilinx TUL 1234-tulA" && level==0 && jtag_device_ctx=="jsn-TUL-1234-tulA-23727093-0"}' command is executed.
10:13:48 INFO  : Device configured successfully with "/home/kike/Desktop/marvin/marvin/marvin/_ide/bitstream/pynq_z2_bram_wrapper.bit"
10:13:48 INFO  : Context for 'APU' is selected.
10:13:48 INFO  : Hardware design and registers information is loaded from '/home/kike/Desktop/marvin/marvin/pynq_z2_bram_wrapper/export/pynq_z2_bram_wrapper/hw/pynq_z2_bram_wrapper.xsa'.
10:13:48 INFO  : 'configparams force-mem-access 1' command is executed.
10:13:48 INFO  : Context for 'APU' is selected.
10:13:48 INFO  : Sourcing of '/home/kike/Desktop/marvin/marvin/marvin/_ide/psinit/ps7_init.tcl' is done.
10:13:48 INFO  : 'ps7_init' command is executed.
10:13:48 INFO  : 'ps7_post_config' command is executed.
10:13:48 INFO  : Context for processor 'ps7_cortexa9_0' is selected.
10:13:49 INFO  : The application '/home/kike/Desktop/marvin/marvin/marvin/Debug/marvin.elf' is downloaded to processor 'ps7_cortexa9_0'.
10:13:49 INFO  : 'configparams force-mem-access 0' command is executed.
10:13:49 INFO  : ----------------XSDB Script----------------
connect -url tcp:127.0.0.1:3121
targets -set -nocase -filter {name =~"APU*"}
rst -system
after 3000
targets -set -filter {jtag_cable_name =~ "Xilinx TUL 1234-tulA" && level==0 && jtag_device_ctx=="jsn-TUL-1234-tulA-23727093-0"}
fpga -file /home/kike/Desktop/marvin/marvin/marvin/_ide/bitstream/pynq_z2_bram_wrapper.bit
targets -set -nocase -filter {name =~"APU*"}
loadhw -hw /home/kike/Desktop/marvin/marvin/pynq_z2_bram_wrapper/export/pynq_z2_bram_wrapper/hw/pynq_z2_bram_wrapper.xsa -mem-ranges [list {0x40000000 0xbfffffff}] -regs
configparams force-mem-access 1
targets -set -nocase -filter {name =~"APU*"}
source /home/kike/Desktop/marvin/marvin/marvin/_ide/psinit/ps7_init.tcl
ps7_init
ps7_post_config
targets -set -nocase -filter {name =~ "*A9*#0"}
dow /home/kike/Desktop/marvin/marvin/marvin/Debug/marvin.elf
configparams force-mem-access 0
----------------End of Script----------------

10:13:49 INFO  : Context for processor 'ps7_cortexa9_0' is selected.
10:13:49 INFO  : 'con' command is executed.
10:13:49 INFO  : ----------------XSDB Script (After Launch)----------------
targets -set -nocase -filter {name =~ "*A9*#0"}
con
----------------End of Script----------------

10:13:49 INFO  : Launch script is exported to file '/home/kike/Desktop/marvin/marvin/marvin_system/_ide/scripts/debugger_marvin-default.tcl'
10:42:41 INFO  : Checking for BSP changes to sync application flags for project 'marvin'...
10:51:59 INFO  : Checking for BSP changes to sync application flags for project 'marvin'...
10:55:48 INFO  : Checking for BSP changes to sync application flags for project 'marvin'...
15:48:03 INFO  : Checking for BSP changes to sync application flags for project 'marvin'...
15:51:13 INFO  : Disconnected from the channel tcfchan#1.
15:52:12 DEBUG : Logs will be stored at '/home/kike/Desktop/marvin/marvin/IDE.log'.
15:52:13 INFO  : Launching XSCT server: xsct -n  -interactive /home/kike/Desktop/marvin/marvin/temp_xsdb_launch_script.tcl
15:52:15 INFO  : XSCT server has started successfully.
15:52:15 INFO  : Successfully done setting XSCT server connection channel  
15:52:15 INFO  : plnx-install-location is set to ''
15:52:15 INFO  : Successfully done setting workspace for the tool. 
15:52:15 INFO  : Successfully done query RDI_DATADIR 
15:52:15 INFO  : Registering command handlers for Vitis TCF services
15:52:16 INFO  : Platform repository initialization has completed.
15:52:26 INFO  : Checking for BSP changes to sync application flags for project 'marvin'...
15:53:20 INFO  : Connected to target on host '127.0.0.1' and port '3121'.
15:53:20 INFO  : Jtag cable 'Xilinx TUL 1234-tulA' is selected.
15:53:20 INFO  : 'jtag frequency' command is executed.
15:53:20 INFO  : Context for 'APU' is selected.
15:53:20 INFO  : System reset is completed.
15:53:23 INFO  : 'after 3000' command is executed.
15:53:23 INFO  : 'targets -set -filter {jtag_cable_name =~ "Xilinx TUL 1234-tulA" && level==0 && jtag_device_ctx=="jsn-TUL-1234-tulA-23727093-0"}' command is executed.
15:53:26 INFO  : Device configured successfully with "/home/kike/Desktop/marvin/marvin/marvin/_ide/bitstream/pynq_z2_bram_wrapper.bit"
15:53:26 INFO  : Context for 'APU' is selected.
15:53:26 INFO  : Hardware design and registers information is loaded from '/home/kike/Desktop/marvin/marvin/pynq_z2_bram_wrapper/export/pynq_z2_bram_wrapper/hw/pynq_z2_bram_wrapper.xsa'.
15:53:26 INFO  : 'configparams force-mem-access 1' command is executed.
15:53:26 INFO  : Context for 'APU' is selected.
15:53:26 INFO  : Sourcing of '/home/kike/Desktop/marvin/marvin/marvin/_ide/psinit/ps7_init.tcl' is done.
15:53:26 INFO  : 'ps7_init' command is executed.
15:53:26 INFO  : 'ps7_post_config' command is executed.
15:53:26 INFO  : Context for processor 'ps7_cortexa9_0' is selected.
15:53:26 INFO  : The application '/home/kike/Desktop/marvin/marvin/marvin/Debug/marvin.elf' is downloaded to processor 'ps7_cortexa9_0'.
15:53:26 INFO  : 'configparams force-mem-access 0' command is executed.
15:53:26 INFO  : ----------------XSDB Script----------------
connect -url tcp:127.0.0.1:3121
targets -set -nocase -filter {name =~"APU*"}
rst -system
after 3000
targets -set -filter {jtag_cable_name =~ "Xilinx TUL 1234-tulA" && level==0 && jtag_device_ctx=="jsn-TUL-1234-tulA-23727093-0"}
fpga -file /home/kike/Desktop/marvin/marvin/marvin/_ide/bitstream/pynq_z2_bram_wrapper.bit
targets -set -nocase -filter {name =~"APU*"}
loadhw -hw /home/kike/Desktop/marvin/marvin/pynq_z2_bram_wrapper/export/pynq_z2_bram_wrapper/hw/pynq_z2_bram_wrapper.xsa -mem-ranges [list {0x40000000 0xbfffffff}] -regs
configparams force-mem-access 1
targets -set -nocase -filter {name =~"APU*"}
source /home/kike/Desktop/marvin/marvin/marvin/_ide/psinit/ps7_init.tcl
ps7_init
ps7_post_config
targets -set -nocase -filter {name =~ "*A9*#0"}
dow /home/kike/Desktop/marvin/marvin/marvin/Debug/marvin.elf
configparams force-mem-access 0
----------------End of Script----------------

15:53:26 INFO  : Context for processor 'ps7_cortexa9_0' is selected.
15:53:26 INFO  : 'con' command is executed.
15:53:26 INFO  : ----------------XSDB Script (After Launch)----------------
targets -set -nocase -filter {name =~ "*A9*#0"}
con
----------------End of Script----------------

15:53:26 INFO  : Launch script is exported to file '/home/kike/Desktop/marvin/marvin/marvin_system/_ide/scripts/debugger_marvin-default.tcl'
19:17:18 INFO  : Disconnected from the channel tcfchan#1.
10:50:18 DEBUG : Logs will be stored at '/home/kike/Desktop/marvin/marvin/IDE.log'.
10:50:18 INFO  : Launching XSCT server: xsct -n  -interactive /home/kike/Desktop/marvin/marvin/temp_xsdb_launch_script.tcl
10:50:19 INFO  : XSCT server has started successfully.
10:50:19 INFO  : Successfully done setting XSCT server connection channel  
10:50:19 INFO  : plnx-install-location is set to ''
10:50:19 INFO  : Successfully done setting workspace for the tool. 
10:50:20 INFO  : Registering command handlers for Vitis TCF services
10:50:20 INFO  : Successfully done query RDI_DATADIR 
10:50:21 INFO  : Platform repository initialization has completed.
10:51:15 ERROR : (XSDB Server)Invalid target. Use "connect" command to connect to hw_server/TCF agent

10:51:23 INFO  : Connected to target on host '127.0.0.1' and port '3121'.
10:51:23 INFO  : Jtag cable 'Xilinx TUL 1234-tulA' is selected.
10:51:23 INFO  : 'jtag frequency' command is executed.
10:51:23 INFO  : Context for 'APU' is selected.
10:51:23 INFO  : System reset is completed.
10:51:26 INFO  : 'after 3000' command is executed.
10:51:26 INFO  : 'targets -set -filter {jtag_cable_name =~ "Xilinx TUL 1234-tulA" && level==0 && jtag_device_ctx=="jsn-TUL-1234-tulA-23727093-0"}' command is executed.
10:51:28 INFO  : Device configured successfully with "/home/kike/Desktop/marvin/marvin/marvin/_ide/bitstream/pynq_z2_bram_wrapper.bit"
10:51:28 INFO  : Context for 'APU' is selected.
10:51:28 INFO  : Hardware design and registers information is loaded from '/home/kike/Desktop/marvin/marvin/pynq_z2_bram_wrapper/export/pynq_z2_bram_wrapper/hw/pynq_z2_bram_wrapper.xsa'.
10:51:28 INFO  : 'configparams force-mem-access 1' command is executed.
10:51:28 INFO  : Context for 'APU' is selected.
10:51:28 INFO  : Sourcing of '/home/kike/Desktop/marvin/marvin/marvin/_ide/psinit/ps7_init.tcl' is done.
10:51:29 INFO  : 'ps7_init' command is executed.
10:51:29 INFO  : 'ps7_post_config' command is executed.
10:51:29 INFO  : Context for processor 'ps7_cortexa9_0' is selected.
10:51:29 INFO  : The application '/home/kike/Desktop/marvin/marvin/marvin/Debug/marvin.elf' is downloaded to processor 'ps7_cortexa9_0'.
10:51:29 INFO  : 'configparams force-mem-access 0' command is executed.
10:51:29 INFO  : ----------------XSDB Script----------------
connect -url tcp:127.0.0.1:3121
targets -set -nocase -filter {name =~"APU*"}
rst -system
after 3000
targets -set -filter {jtag_cable_name =~ "Xilinx TUL 1234-tulA" && level==0 && jtag_device_ctx=="jsn-TUL-1234-tulA-23727093-0"}
fpga -file /home/kike/Desktop/marvin/marvin/marvin/_ide/bitstream/pynq_z2_bram_wrapper.bit
targets -set -nocase -filter {name =~"APU*"}
loadhw -hw /home/kike/Desktop/marvin/marvin/pynq_z2_bram_wrapper/export/pynq_z2_bram_wrapper/hw/pynq_z2_bram_wrapper.xsa -mem-ranges [list {0x40000000 0xbfffffff}] -regs
configparams force-mem-access 1
targets -set -nocase -filter {name =~"APU*"}
source /home/kike/Desktop/marvin/marvin/marvin/_ide/psinit/ps7_init.tcl
ps7_init
ps7_post_config
targets -set -nocase -filter {name =~ "*A9*#0"}
dow /home/kike/Desktop/marvin/marvin/marvin/Debug/marvin.elf
configparams force-mem-access 0
----------------End of Script----------------

10:51:29 INFO  : Context for processor 'ps7_cortexa9_0' is selected.
10:51:29 INFO  : 'con' command is executed.
10:51:29 INFO  : ----------------XSDB Script (After Launch)----------------
targets -set -nocase -filter {name =~ "*A9*#0"}
con
----------------End of Script----------------

10:51:29 INFO  : Launch script is exported to file '/home/kike/Desktop/marvin/marvin/marvin_system/_ide/scripts/debugger_marvin-default.tcl'
17:20:46 INFO  : Disconnected from the channel tcfchan#1.
11:21:58 DEBUG : Logs will be stored at '/home/kike/Desktop/marvin/marvin/IDE.log'.
11:21:58 INFO  : Launching XSCT server: xsct -n  -interactive /home/kike/Desktop/marvin/marvin/temp_xsdb_launch_script.tcl
11:22:00 INFO  : XSCT server has started successfully.
11:22:00 INFO  : plnx-install-location is set to ''
11:22:01 INFO  : Registering command handlers for Vitis TCF services
11:22:01 INFO  : Platform repository initialization has completed.
11:22:01 INFO  : Successfully done setting XSCT server connection channel  
11:22:01 INFO  : Successfully done query RDI_DATADIR 
11:22:01 INFO  : Successfully done setting workspace for the tool. 
11:49:44 INFO  : Result from executing command 'getProjects': pynq_z2_bram_wrapper
11:49:44 INFO  : Result from executing command 'getPlatforms': pynq_z2_bram_wrapper|/home/kike/Desktop/marvin/marvin/pynq_z2_bram_wrapper/export/pynq_z2_bram_wrapper/pynq_z2_bram_wrapper.xpfm;xilinx_vck190_base_202410_1|/tools/Xilinx/Vitis/2024.1/base_platforms/xilinx_vck190_base_202410_1/xilinx_vck190_base_202410_1.xpfm;xilinx_vck190_base_dfx_202410_1|/tools/Xilinx/Vitis/2024.1/base_platforms/xilinx_vck190_base_dfx_202410_1/xilinx_vck190_base_dfx_202410_1.xpfm;xilinx_vek280_base_202410_1|/tools/Xilinx/Vitis/2024.1/base_platforms/xilinx_vek280_base_202410_1/xilinx_vek280_base_202410_1.xpfm;xilinx_vek280_base_bdc_202410_1|/tools/Xilinx/Vitis/2024.1/base_platforms/xilinx_vek280_base_bdc_202410_1/xilinx_vek280_base_bdc_202410_1.xpfm;xilinx_vmk180_base_202410_1|/tools/Xilinx/Vitis/2024.1/base_platforms/xilinx_vmk180_base_202410_1/xilinx_vmk180_base_202410_1.xpfm;xilinx_zcu102_base_202410_1|/tools/Xilinx/Vitis/2024.1/base_platforms/xilinx_zcu102_base_202410_1/xilinx_zcu102_base_202410_1.xpfm;xilinx_zcu102_base_dfx_202410_1|/tools/Xilinx/Vitis/2024.1/base_platforms/xilinx_zcu102_base_dfx_202410_1/xilinx_zcu102_base_dfx_202410_1.xpfm;xilinx_zcu104_base_202410_1|/tools/Xilinx/Vitis/2024.1/base_platforms/xilinx_zcu104_base_202410_1/xilinx_zcu104_base_202410_1.xpfm
11:49:48 INFO  : Checking for BSP changes to sync application flags for project 'marvin'...
11:51:10 INFO  : Checking for BSP changes to sync application flags for project 'marvin'...
11:51:18 INFO  : Connected to target on host '127.0.0.1' and port '3121'.
11:51:36 INFO  : ----------------XSDB Script----------------
connect -url tcp:127.0.0.1:3121
----------------End of Script----------------

11:51:36 ERROR : Could not find ARM device on the board for connection 'Local'.
Check if the target is in:
1. Split JTAG - No operations are possible with ARM DAP.
2. Non JTAG bootmode - Bootrom may need time to enable DAP.
Please try again.


Troubleshooting hints:
1. Check whether board is connected to system properly.
2. In case of zynq board, check whether Digilent/Xilinx cable switch settings are correct.
3. If you are using Xilinx Platform Cable USB, ensure that status LED is green.
11:51:48 INFO  : Connected to target on host '127.0.0.1' and port '3121'.
11:51:48 INFO  : Jtag cable 'Xilinx TUL 1234-tulA' is selected.
11:51:48 INFO  : 'jtag frequency' command is executed.
11:51:48 INFO  : Context for 'APU' is selected.
11:51:48 INFO  : System reset is completed.
11:51:51 INFO  : 'after 3000' command is executed.
11:51:52 INFO  : 'targets -set -filter {jtag_cable_name =~ "Xilinx TUL 1234-tulA" && level==0 && jtag_device_ctx=="jsn-TUL-1234-tulA-23727093-0"}' command is executed.
11:51:54 INFO  : Device configured successfully with "/home/kike/Desktop/marvin/marvin/marvin/_ide/bitstream/pynq_z2_bram_wrapper.bit"
11:51:54 INFO  : Context for 'APU' is selected.
11:51:54 INFO  : Hardware design and registers information is loaded from '/home/kike/Desktop/marvin/marvin/pynq_z2_bram_wrapper/export/pynq_z2_bram_wrapper/hw/pynq_z2_bram_wrapper.xsa'.
11:51:54 INFO  : 'configparams force-mem-access 1' command is executed.
11:51:54 INFO  : Context for 'APU' is selected.
11:51:54 INFO  : Sourcing of '/home/kike/Desktop/marvin/marvin/marvin/_ide/psinit/ps7_init.tcl' is done.
11:51:54 INFO  : 'ps7_init' command is executed.
11:51:54 INFO  : 'ps7_post_config' command is executed.
11:51:54 INFO  : Context for processor 'ps7_cortexa9_0' is selected.
11:51:54 INFO  : The application '/home/kike/Desktop/marvin/marvin/marvin/Debug/marvin.elf' is downloaded to processor 'ps7_cortexa9_0'.
11:51:54 INFO  : 'configparams force-mem-access 0' command is executed.
11:51:54 INFO  : ----------------XSDB Script----------------
connect -url tcp:127.0.0.1:3121
targets -set -nocase -filter {name =~"APU*"}
rst -system
after 3000
targets -set -filter {jtag_cable_name =~ "Xilinx TUL 1234-tulA" && level==0 && jtag_device_ctx=="jsn-TUL-1234-tulA-23727093-0"}
fpga -file /home/kike/Desktop/marvin/marvin/marvin/_ide/bitstream/pynq_z2_bram_wrapper.bit
targets -set -nocase -filter {name =~"APU*"}
loadhw -hw /home/kike/Desktop/marvin/marvin/pynq_z2_bram_wrapper/export/pynq_z2_bram_wrapper/hw/pynq_z2_bram_wrapper.xsa -mem-ranges [list {0x40000000 0xbfffffff}] -regs
configparams force-mem-access 1
targets -set -nocase -filter {name =~"APU*"}
source /home/kike/Desktop/marvin/marvin/marvin/_ide/psinit/ps7_init.tcl
ps7_init
ps7_post_config
targets -set -nocase -filter {name =~ "*A9*#0"}
dow /home/kike/Desktop/marvin/marvin/marvin/Debug/marvin.elf
configparams force-mem-access 0
----------------End of Script----------------

11:51:54 INFO  : Context for processor 'ps7_cortexa9_0' is selected.
11:51:54 INFO  : 'con' command is executed.
11:51:54 INFO  : ----------------XSDB Script (After Launch)----------------
targets -set -nocase -filter {name =~ "*A9*#0"}
con
----------------End of Script----------------

11:51:54 INFO  : Launch script is exported to file '/home/kike/Desktop/marvin/marvin/marvin_system/_ide/scripts/debugger_marvin-default.tcl'
11:52:17 ERROR : (XSDB Server)Already running

11:52:44 ERROR : (XSDB Server)invalid command name "mrw"

11:52:45 ERROR : (XSDB Server)Already running

11:52:57 ERROR : (XSDB Server)Already running

11:53:26 ERROR : (XSDB Server)Already running

11:57:02 INFO  : Checking for BSP changes to sync application flags for project 'marvin'...
11:58:04 INFO  : Checking for BSP changes to sync application flags for project 'marvin'...
11:58:29 INFO  : Checking for BSP changes to sync application flags for project 'marvin'...
13:30:38 INFO  : Checking for BSP changes to sync application flags for project 'marvin'...
13:30:47 INFO  : Disconnected from the channel tcfchan#2.
13:30:48 INFO  : Connected to target on host '127.0.0.1' and port '3121'.
13:30:48 INFO  : Jtag cable 'Xilinx TUL 1234-tulA' is selected.
13:30:48 INFO  : 'jtag frequency' command is executed.
13:30:48 INFO  : Context for 'APU' is selected.
13:30:48 INFO  : System reset is completed.
13:30:51 INFO  : 'after 3000' command is executed.
13:30:52 INFO  : 'targets -set -filter {jtag_cable_name =~ "Xilinx TUL 1234-tulA" && level==0 && jtag_device_ctx=="jsn-TUL-1234-tulA-23727093-0"}' command is executed.
13:30:54 INFO  : Device configured successfully with "/home/kike/Desktop/marvin/marvin/marvin/_ide/bitstream/pynq_z2_bram_wrapper.bit"
13:30:54 INFO  : Context for 'APU' is selected.
13:30:54 INFO  : Hardware design and registers information is loaded from '/home/kike/Desktop/marvin/marvin/pynq_z2_bram_wrapper/export/pynq_z2_bram_wrapper/hw/pynq_z2_bram_wrapper.xsa'.
13:30:54 INFO  : 'configparams force-mem-access 1' command is executed.
13:30:54 INFO  : Context for 'APU' is selected.
13:30:54 INFO  : Sourcing of '/home/kike/Desktop/marvin/marvin/marvin/_ide/psinit/ps7_init.tcl' is done.
13:30:54 INFO  : 'ps7_init' command is executed.
13:30:54 INFO  : 'ps7_post_config' command is executed.
13:30:54 INFO  : Context for processor 'ps7_cortexa9_0' is selected.
13:30:54 INFO  : The application '/home/kike/Desktop/marvin/marvin/marvin/Debug/marvin.elf' is downloaded to processor 'ps7_cortexa9_0'.
13:30:54 INFO  : 'configparams force-mem-access 0' command is executed.
13:30:54 INFO  : ----------------XSDB Script----------------
connect -url tcp:127.0.0.1:3121
targets -set -nocase -filter {name =~"APU*"}
rst -system
after 3000
targets -set -filter {jtag_cable_name =~ "Xilinx TUL 1234-tulA" && level==0 && jtag_device_ctx=="jsn-TUL-1234-tulA-23727093-0"}
fpga -file /home/kike/Desktop/marvin/marvin/marvin/_ide/bitstream/pynq_z2_bram_wrapper.bit
targets -set -nocase -filter {name =~"APU*"}
loadhw -hw /home/kike/Desktop/marvin/marvin/pynq_z2_bram_wrapper/export/pynq_z2_bram_wrapper/hw/pynq_z2_bram_wrapper.xsa -mem-ranges [list {0x40000000 0xbfffffff}] -regs
configparams force-mem-access 1
targets -set -nocase -filter {name =~"APU*"}
source /home/kike/Desktop/marvin/marvin/marvin/_ide/psinit/ps7_init.tcl
ps7_init
ps7_post_config
targets -set -nocase -filter {name =~ "*A9*#0"}
dow /home/kike/Desktop/marvin/marvin/marvin/Debug/marvin.elf
configparams force-mem-access 0
----------------End of Script----------------

13:30:54 INFO  : Context for processor 'ps7_cortexa9_0' is selected.
13:30:54 INFO  : 'con' command is executed.
13:30:54 INFO  : ----------------XSDB Script (After Launch)----------------
targets -set -nocase -filter {name =~ "*A9*#0"}
con
----------------End of Script----------------

13:30:54 INFO  : Launch script is exported to file '/home/kike/Desktop/marvin/marvin/marvin_system/_ide/scripts/debugger_marvin-default.tcl'
13:33:24 ERROR : (XSDB Server)Already running

13:34:11 ERROR : (XSDB Server)Already running

13:34:17 INFO  : Checking for BSP changes to sync application flags for project 'marvin'...
13:34:22 INFO  : Disconnected from the channel tcfchan#3.
13:34:23 INFO  : Connected to target on host '127.0.0.1' and port '3121'.
13:34:23 INFO  : Jtag cable 'Xilinx TUL 1234-tulA' is selected.
13:34:23 INFO  : 'jtag frequency' command is executed.
13:34:24 INFO  : Context for 'APU' is selected.
13:34:24 INFO  : System reset is completed.
13:34:27 INFO  : 'after 3000' command is executed.
13:34:27 INFO  : 'targets -set -filter {jtag_cable_name =~ "Xilinx TUL 1234-tulA" && level==0 && jtag_device_ctx=="jsn-TUL-1234-tulA-23727093-0"}' command is executed.
13:34:29 INFO  : Device configured successfully with "/home/kike/Desktop/marvin/marvin/marvin/_ide/bitstream/pynq_z2_bram_wrapper.bit"
13:34:29 INFO  : Context for 'APU' is selected.
13:34:29 INFO  : Hardware design and registers information is loaded from '/home/kike/Desktop/marvin/marvin/pynq_z2_bram_wrapper/export/pynq_z2_bram_wrapper/hw/pynq_z2_bram_wrapper.xsa'.
13:34:29 INFO  : 'configparams force-mem-access 1' command is executed.
13:34:29 INFO  : Context for 'APU' is selected.
13:34:29 INFO  : Sourcing of '/home/kike/Desktop/marvin/marvin/marvin/_ide/psinit/ps7_init.tcl' is done.
13:34:30 INFO  : 'ps7_init' command is executed.
13:34:30 INFO  : 'ps7_post_config' command is executed.
13:34:30 INFO  : Context for processor 'ps7_cortexa9_0' is selected.
13:34:30 INFO  : The application '/home/kike/Desktop/marvin/marvin/marvin/Debug/marvin.elf' is downloaded to processor 'ps7_cortexa9_0'.
13:34:30 INFO  : 'configparams force-mem-access 0' command is executed.
13:34:30 INFO  : ----------------XSDB Script----------------
connect -url tcp:127.0.0.1:3121
targets -set -nocase -filter {name =~"APU*"}
rst -system
after 3000
targets -set -filter {jtag_cable_name =~ "Xilinx TUL 1234-tulA" && level==0 && jtag_device_ctx=="jsn-TUL-1234-tulA-23727093-0"}
fpga -file /home/kike/Desktop/marvin/marvin/marvin/_ide/bitstream/pynq_z2_bram_wrapper.bit
targets -set -nocase -filter {name =~"APU*"}
loadhw -hw /home/kike/Desktop/marvin/marvin/pynq_z2_bram_wrapper/export/pynq_z2_bram_wrapper/hw/pynq_z2_bram_wrapper.xsa -mem-ranges [list {0x40000000 0xbfffffff}] -regs
configparams force-mem-access 1
targets -set -nocase -filter {name =~"APU*"}
source /home/kike/Desktop/marvin/marvin/marvin/_ide/psinit/ps7_init.tcl
ps7_init
ps7_post_config
targets -set -nocase -filter {name =~ "*A9*#0"}
dow /home/kike/Desktop/marvin/marvin/marvin/Debug/marvin.elf
configparams force-mem-access 0
----------------End of Script----------------

13:34:30 INFO  : Context for processor 'ps7_cortexa9_0' is selected.
13:34:30 INFO  : 'con' command is executed.
13:34:30 INFO  : ----------------XSDB Script (After Launch)----------------
targets -set -nocase -filter {name =~ "*A9*#0"}
con
----------------End of Script----------------

13:34:30 INFO  : Launch script is exported to file '/home/kike/Desktop/marvin/marvin/marvin_system/_ide/scripts/debugger_marvin-default.tcl'
13:35:27 INFO  : Checking for BSP changes to sync application flags for project 'marvin'...
13:35:31 INFO  : Disconnected from the channel tcfchan#4.
13:35:32 INFO  : Connected to target on host '127.0.0.1' and port '3121'.
13:35:32 INFO  : Jtag cable 'Xilinx TUL 1234-tulA' is selected.
13:35:32 INFO  : 'jtag frequency' command is executed.
13:35:35 INFO  : Context for 'APU' is selected.
13:35:35 INFO  : System reset is completed.
13:35:38 INFO  : 'after 3000' command is executed.
13:35:38 INFO  : 'targets -set -filter {jtag_cable_name =~ "Xilinx TUL 1234-tulA" && level==0 && jtag_device_ctx=="jsn-TUL-1234-tulA-23727093-0"}' command is executed.
13:35:40 INFO  : Device configured successfully with "/home/kike/Desktop/marvin/marvin/marvin/_ide/bitstream/pynq_z2_bram_wrapper.bit"
13:35:40 INFO  : Context for 'APU' is selected.
13:35:40 INFO  : Hardware design and registers information is loaded from '/home/kike/Desktop/marvin/marvin/pynq_z2_bram_wrapper/export/pynq_z2_bram_wrapper/hw/pynq_z2_bram_wrapper.xsa'.
13:35:40 INFO  : 'configparams force-mem-access 1' command is executed.
13:35:40 INFO  : Context for 'APU' is selected.
13:35:40 INFO  : Sourcing of '/home/kike/Desktop/marvin/marvin/marvin/_ide/psinit/ps7_init.tcl' is done.
13:35:40 INFO  : 'ps7_init' command is executed.
13:35:40 INFO  : 'ps7_post_config' command is executed.
13:35:40 INFO  : Context for processor 'ps7_cortexa9_0' is selected.
13:35:40 INFO  : The application '/home/kike/Desktop/marvin/marvin/marvin/Debug/marvin.elf' is downloaded to processor 'ps7_cortexa9_0'.
13:35:40 INFO  : 'configparams force-mem-access 0' command is executed.
13:35:40 INFO  : ----------------XSDB Script----------------
connect -url tcp:127.0.0.1:3121
targets -set -nocase -filter {name =~"APU*"}
rst -system
after 3000
targets -set -filter {jtag_cable_name =~ "Xilinx TUL 1234-tulA" && level==0 && jtag_device_ctx=="jsn-TUL-1234-tulA-23727093-0"}
fpga -file /home/kike/Desktop/marvin/marvin/marvin/_ide/bitstream/pynq_z2_bram_wrapper.bit
targets -set -nocase -filter {name =~"APU*"}
loadhw -hw /home/kike/Desktop/marvin/marvin/pynq_z2_bram_wrapper/export/pynq_z2_bram_wrapper/hw/pynq_z2_bram_wrapper.xsa -mem-ranges [list {0x40000000 0xbfffffff}] -regs
configparams force-mem-access 1
targets -set -nocase -filter {name =~"APU*"}
source /home/kike/Desktop/marvin/marvin/marvin/_ide/psinit/ps7_init.tcl
ps7_init
ps7_post_config
targets -set -nocase -filter {name =~ "*A9*#0"}
dow /home/kike/Desktop/marvin/marvin/marvin/Debug/marvin.elf
configparams force-mem-access 0
----------------End of Script----------------

13:35:40 INFO  : Context for processor 'ps7_cortexa9_0' is selected.
13:35:40 INFO  : 'con' command is executed.
13:35:40 INFO  : ----------------XSDB Script (After Launch)----------------
targets -set -nocase -filter {name =~ "*A9*#0"}
con
----------------End of Script----------------

13:35:40 INFO  : Launch script is exported to file '/home/kike/Desktop/marvin/marvin/marvin_system/_ide/scripts/debugger_marvin-default.tcl'
13:38:27 INFO  : Checking for BSP changes to sync application flags for project 'marvin'...
13:38:31 INFO  : Disconnected from the channel tcfchan#5.
13:38:32 INFO  : Connected to target on host '127.0.0.1' and port '3121'.
13:38:32 INFO  : Jtag cable 'Xilinx TUL 1234-tulA' is selected.
13:38:32 INFO  : 'jtag frequency' command is executed.
13:38:33 INFO  : Context for 'APU' is selected.
13:38:33 INFO  : System reset is completed.
13:38:36 INFO  : 'after 3000' command is executed.
13:38:36 INFO  : 'targets -set -filter {jtag_cable_name =~ "Xilinx TUL 1234-tulA" && level==0 && jtag_device_ctx=="jsn-TUL-1234-tulA-23727093-0"}' command is executed.
13:38:38 INFO  : Device configured successfully with "/home/kike/Desktop/marvin/marvin/marvin/_ide/bitstream/pynq_z2_bram_wrapper.bit"
13:38:38 INFO  : Context for 'APU' is selected.
13:38:38 INFO  : Hardware design and registers information is loaded from '/home/kike/Desktop/marvin/marvin/pynq_z2_bram_wrapper/export/pynq_z2_bram_wrapper/hw/pynq_z2_bram_wrapper.xsa'.
13:38:38 INFO  : 'configparams force-mem-access 1' command is executed.
13:38:38 INFO  : Context for 'APU' is selected.
13:38:38 INFO  : Sourcing of '/home/kike/Desktop/marvin/marvin/marvin/_ide/psinit/ps7_init.tcl' is done.
13:38:39 INFO  : 'ps7_init' command is executed.
13:38:39 INFO  : 'ps7_post_config' command is executed.
13:38:39 INFO  : Context for processor 'ps7_cortexa9_0' is selected.
13:38:39 INFO  : The application '/home/kike/Desktop/marvin/marvin/marvin/Debug/marvin.elf' is downloaded to processor 'ps7_cortexa9_0'.
13:38:39 INFO  : 'configparams force-mem-access 0' command is executed.
13:38:39 INFO  : ----------------XSDB Script----------------
connect -url tcp:127.0.0.1:3121
targets -set -nocase -filter {name =~"APU*"}
rst -system
after 3000
targets -set -filter {jtag_cable_name =~ "Xilinx TUL 1234-tulA" && level==0 && jtag_device_ctx=="jsn-TUL-1234-tulA-23727093-0"}
fpga -file /home/kike/Desktop/marvin/marvin/marvin/_ide/bitstream/pynq_z2_bram_wrapper.bit
targets -set -nocase -filter {name =~"APU*"}
loadhw -hw /home/kike/Desktop/marvin/marvin/pynq_z2_bram_wrapper/export/pynq_z2_bram_wrapper/hw/pynq_z2_bram_wrapper.xsa -mem-ranges [list {0x40000000 0xbfffffff}] -regs
configparams force-mem-access 1
targets -set -nocase -filter {name =~"APU*"}
source /home/kike/Desktop/marvin/marvin/marvin/_ide/psinit/ps7_init.tcl
ps7_init
ps7_post_config
targets -set -nocase -filter {name =~ "*A9*#0"}
dow /home/kike/Desktop/marvin/marvin/marvin/Debug/marvin.elf
configparams force-mem-access 0
----------------End of Script----------------

13:38:39 INFO  : Context for processor 'ps7_cortexa9_0' is selected.
13:38:39 INFO  : 'con' command is executed.
13:38:39 INFO  : ----------------XSDB Script (After Launch)----------------
targets -set -nocase -filter {name =~ "*A9*#0"}
con
----------------End of Script----------------

13:38:39 INFO  : Launch script is exported to file '/home/kike/Desktop/marvin/marvin/marvin_system/_ide/scripts/debugger_marvin-default.tcl'
13:39:42 INFO  : Checking for BSP changes to sync application flags for project 'marvin'...
13:40:21 INFO  : Checking for BSP changes to sync application flags for project 'marvin'...
13:40:26 INFO  : Disconnected from the channel tcfchan#6.
13:40:27 INFO  : Connected to target on host '127.0.0.1' and port '3121'.
13:40:27 INFO  : Jtag cable 'Xilinx TUL 1234-tulA' is selected.
13:40:27 INFO  : 'jtag frequency' command is executed.
13:40:27 INFO  : Context for 'APU' is selected.
13:40:27 INFO  : System reset is completed.
13:40:30 INFO  : 'after 3000' command is executed.
13:40:30 INFO  : 'targets -set -filter {jtag_cable_name =~ "Xilinx TUL 1234-tulA" && level==0 && jtag_device_ctx=="jsn-TUL-1234-tulA-23727093-0"}' command is executed.
13:40:32 INFO  : Device configured successfully with "/home/kike/Desktop/marvin/marvin/marvin/_ide/bitstream/pynq_z2_bram_wrapper.bit"
13:40:32 INFO  : Context for 'APU' is selected.
13:40:32 INFO  : Hardware design and registers information is loaded from '/home/kike/Desktop/marvin/marvin/pynq_z2_bram_wrapper/export/pynq_z2_bram_wrapper/hw/pynq_z2_bram_wrapper.xsa'.
13:40:32 INFO  : 'configparams force-mem-access 1' command is executed.
13:40:32 INFO  : Context for 'APU' is selected.
13:40:32 INFO  : Sourcing of '/home/kike/Desktop/marvin/marvin/marvin/_ide/psinit/ps7_init.tcl' is done.
13:40:33 INFO  : 'ps7_init' command is executed.
13:40:33 INFO  : 'ps7_post_config' command is executed.
13:40:33 INFO  : Context for processor 'ps7_cortexa9_0' is selected.
13:40:33 INFO  : The application '/home/kike/Desktop/marvin/marvin/marvin/Debug/marvin.elf' is downloaded to processor 'ps7_cortexa9_0'.
13:40:33 INFO  : 'configparams force-mem-access 0' command is executed.
13:40:33 INFO  : ----------------XSDB Script----------------
connect -url tcp:127.0.0.1:3121
targets -set -nocase -filter {name =~"APU*"}
rst -system
after 3000
targets -set -filter {jtag_cable_name =~ "Xilinx TUL 1234-tulA" && level==0 && jtag_device_ctx=="jsn-TUL-1234-tulA-23727093-0"}
fpga -file /home/kike/Desktop/marvin/marvin/marvin/_ide/bitstream/pynq_z2_bram_wrapper.bit
targets -set -nocase -filter {name =~"APU*"}
loadhw -hw /home/kike/Desktop/marvin/marvin/pynq_z2_bram_wrapper/export/pynq_z2_bram_wrapper/hw/pynq_z2_bram_wrapper.xsa -mem-ranges [list {0x40000000 0xbfffffff}] -regs
configparams force-mem-access 1
targets -set -nocase -filter {name =~"APU*"}
source /home/kike/Desktop/marvin/marvin/marvin/_ide/psinit/ps7_init.tcl
ps7_init
ps7_post_config
targets -set -nocase -filter {name =~ "*A9*#0"}
dow /home/kike/Desktop/marvin/marvin/marvin/Debug/marvin.elf
configparams force-mem-access 0
----------------End of Script----------------

13:40:33 INFO  : Context for processor 'ps7_cortexa9_0' is selected.
13:40:33 INFO  : 'con' command is executed.
13:40:33 INFO  : ----------------XSDB Script (After Launch)----------------
targets -set -nocase -filter {name =~ "*A9*#0"}
con
----------------End of Script----------------

13:40:33 INFO  : Launch script is exported to file '/home/kike/Desktop/marvin/marvin/marvin_system/_ide/scripts/debugger_marvin-default.tcl'
13:50:10 INFO  : Checking for BSP changes to sync application flags for project 'marvin'...
13:50:14 ERROR : (XSDB Server)Already running

13:50:27 INFO  : Checking for BSP changes to sync application flags for project 'marvin'...
13:50:32 INFO  : Disconnected from the channel tcfchan#7.
13:50:33 INFO  : Connected to target on host '127.0.0.1' and port '3121'.
13:50:33 INFO  : Jtag cable 'Xilinx TUL 1234-tulA' is selected.
13:50:33 INFO  : 'jtag frequency' command is executed.
13:50:33 INFO  : Context for 'APU' is selected.
13:50:33 INFO  : System reset is completed.
13:50:36 INFO  : 'after 3000' command is executed.
13:50:36 INFO  : 'targets -set -filter {jtag_cable_name =~ "Xilinx TUL 1234-tulA" && level==0 && jtag_device_ctx=="jsn-TUL-1234-tulA-23727093-0"}' command is executed.
13:50:38 INFO  : Device configured successfully with "/home/kike/Desktop/marvin/marvin/marvin/_ide/bitstream/pynq_z2_bram_wrapper.bit"
13:50:38 INFO  : Context for 'APU' is selected.
13:50:38 INFO  : Hardware design and registers information is loaded from '/home/kike/Desktop/marvin/marvin/pynq_z2_bram_wrapper/export/pynq_z2_bram_wrapper/hw/pynq_z2_bram_wrapper.xsa'.
13:50:38 INFO  : 'configparams force-mem-access 1' command is executed.
13:50:38 INFO  : Context for 'APU' is selected.
13:50:38 INFO  : Sourcing of '/home/kike/Desktop/marvin/marvin/marvin/_ide/psinit/ps7_init.tcl' is done.
13:50:39 INFO  : 'ps7_init' command is executed.
13:50:39 INFO  : 'ps7_post_config' command is executed.
13:50:39 INFO  : Context for processor 'ps7_cortexa9_0' is selected.
13:50:39 INFO  : The application '/home/kike/Desktop/marvin/marvin/marvin/Debug/marvin.elf' is downloaded to processor 'ps7_cortexa9_0'.
13:50:39 INFO  : 'configparams force-mem-access 0' command is executed.
13:50:39 INFO  : ----------------XSDB Script----------------
connect -url tcp:127.0.0.1:3121
targets -set -nocase -filter {name =~"APU*"}
rst -system
after 3000
targets -set -filter {jtag_cable_name =~ "Xilinx TUL 1234-tulA" && level==0 && jtag_device_ctx=="jsn-TUL-1234-tulA-23727093-0"}
fpga -file /home/kike/Desktop/marvin/marvin/marvin/_ide/bitstream/pynq_z2_bram_wrapper.bit
targets -set -nocase -filter {name =~"APU*"}
loadhw -hw /home/kike/Desktop/marvin/marvin/pynq_z2_bram_wrapper/export/pynq_z2_bram_wrapper/hw/pynq_z2_bram_wrapper.xsa -mem-ranges [list {0x40000000 0xbfffffff}] -regs
configparams force-mem-access 1
targets -set -nocase -filter {name =~"APU*"}
source /home/kike/Desktop/marvin/marvin/marvin/_ide/psinit/ps7_init.tcl
ps7_init
ps7_post_config
targets -set -nocase -filter {name =~ "*A9*#0"}
dow /home/kike/Desktop/marvin/marvin/marvin/Debug/marvin.elf
configparams force-mem-access 0
----------------End of Script----------------

13:50:39 INFO  : Context for processor 'ps7_cortexa9_0' is selected.
13:50:39 INFO  : 'con' command is executed.
13:50:39 INFO  : ----------------XSDB Script (After Launch)----------------
targets -set -nocase -filter {name =~ "*A9*#0"}
con
----------------End of Script----------------

13:50:39 INFO  : Launch script is exported to file '/home/kike/Desktop/marvin/marvin/marvin_system/_ide/scripts/debugger_marvin-default.tcl'
13:52:11 ERROR : (XSDB Server)Already running

13:53:07 INFO  : Checking for BSP changes to sync application flags for project 'marvin'...
13:53:10 INFO  : Disconnected from the channel tcfchan#8.
13:53:11 INFO  : Connected to target on host '127.0.0.1' and port '3121'.
13:53:11 INFO  : Jtag cable 'Xilinx TUL 1234-tulA' is selected.
13:53:11 INFO  : 'jtag frequency' command is executed.
13:53:11 INFO  : Context for 'APU' is selected.
13:53:11 INFO  : System reset is completed.
13:53:14 INFO  : 'after 3000' command is executed.
13:53:14 INFO  : 'targets -set -filter {jtag_cable_name =~ "Xilinx TUL 1234-tulA" && level==0 && jtag_device_ctx=="jsn-TUL-1234-tulA-23727093-0"}' command is executed.
13:53:17 INFO  : Device configured successfully with "/home/kike/Desktop/marvin/marvin/marvin/_ide/bitstream/pynq_z2_bram_wrapper.bit"
13:53:17 INFO  : Context for 'APU' is selected.
13:53:17 INFO  : Hardware design and registers information is loaded from '/home/kike/Desktop/marvin/marvin/pynq_z2_bram_wrapper/export/pynq_z2_bram_wrapper/hw/pynq_z2_bram_wrapper.xsa'.
13:53:17 INFO  : 'configparams force-mem-access 1' command is executed.
13:53:17 INFO  : Context for 'APU' is selected.
13:53:17 INFO  : Sourcing of '/home/kike/Desktop/marvin/marvin/marvin/_ide/psinit/ps7_init.tcl' is done.
13:53:17 INFO  : 'ps7_init' command is executed.
13:53:17 INFO  : 'ps7_post_config' command is executed.
13:53:17 INFO  : Context for processor 'ps7_cortexa9_0' is selected.
13:53:17 INFO  : The application '/home/kike/Desktop/marvin/marvin/marvin/Debug/marvin.elf' is downloaded to processor 'ps7_cortexa9_0'.
13:53:17 INFO  : 'configparams force-mem-access 0' command is executed.
13:53:17 INFO  : ----------------XSDB Script----------------
connect -url tcp:127.0.0.1:3121
targets -set -nocase -filter {name =~"APU*"}
rst -system
after 3000
targets -set -filter {jtag_cable_name =~ "Xilinx TUL 1234-tulA" && level==0 && jtag_device_ctx=="jsn-TUL-1234-tulA-23727093-0"}
fpga -file /home/kike/Desktop/marvin/marvin/marvin/_ide/bitstream/pynq_z2_bram_wrapper.bit
targets -set -nocase -filter {name =~"APU*"}
loadhw -hw /home/kike/Desktop/marvin/marvin/pynq_z2_bram_wrapper/export/pynq_z2_bram_wrapper/hw/pynq_z2_bram_wrapper.xsa -mem-ranges [list {0x40000000 0xbfffffff}] -regs
configparams force-mem-access 1
targets -set -nocase -filter {name =~"APU*"}
source /home/kike/Desktop/marvin/marvin/marvin/_ide/psinit/ps7_init.tcl
ps7_init
ps7_post_config
targets -set -nocase -filter {name =~ "*A9*#0"}
dow /home/kike/Desktop/marvin/marvin/marvin/Debug/marvin.elf
configparams force-mem-access 0
----------------End of Script----------------

13:53:17 INFO  : Context for processor 'ps7_cortexa9_0' is selected.
13:53:17 INFO  : 'con' command is executed.
13:53:17 INFO  : ----------------XSDB Script (After Launch)----------------
targets -set -nocase -filter {name =~ "*A9*#0"}
con
----------------End of Script----------------

13:53:17 INFO  : Launch script is exported to file '/home/kike/Desktop/marvin/marvin/marvin_system/_ide/scripts/debugger_marvin-default.tcl'
13:53:49 ERROR : (XSDB Server)Already running

15:02:21 INFO  : Checking for BSP changes to sync application flags for project 'marvin'...
15:02:47 INFO  : Checking for BSP changes to sync application flags for project 'marvin'...
15:03:43 INFO  : Checking for BSP changes to sync application flags for project 'marvin'...
15:03:52 INFO  : Checking for BSP changes to sync application flags for project 'marvin'...
15:03:59 INFO  : Disconnected from the channel tcfchan#9.
15:04:00 INFO  : Connected to target on host '127.0.0.1' and port '3121'.
15:04:00 INFO  : Jtag cable 'Xilinx TUL 1234-tulA' is selected.
15:04:00 INFO  : 'jtag frequency' command is executed.
15:04:01 INFO  : Context for 'APU' is selected.
15:04:01 INFO  : System reset is completed.
15:04:04 INFO  : 'after 3000' command is executed.
15:04:04 INFO  : 'targets -set -filter {jtag_cable_name =~ "Xilinx TUL 1234-tulA" && level==0 && jtag_device_ctx=="jsn-TUL-1234-tulA-23727093-0"}' command is executed.
15:04:06 INFO  : Device configured successfully with "/home/kike/Desktop/marvin/marvin/marvin/_ide/bitstream/pynq_z2_bram_wrapper.bit"
15:04:06 INFO  : Context for 'APU' is selected.
15:04:06 INFO  : Hardware design and registers information is loaded from '/home/kike/Desktop/marvin/marvin/pynq_z2_bram_wrapper/export/pynq_z2_bram_wrapper/hw/pynq_z2_bram_wrapper.xsa'.
15:04:06 INFO  : 'configparams force-mem-access 1' command is executed.
15:04:06 INFO  : Context for 'APU' is selected.
15:04:06 INFO  : Sourcing of '/home/kike/Desktop/marvin/marvin/marvin/_ide/psinit/ps7_init.tcl' is done.
15:04:06 INFO  : 'ps7_init' command is executed.
15:04:06 INFO  : 'ps7_post_config' command is executed.
15:04:06 INFO  : Context for processor 'ps7_cortexa9_0' is selected.
15:04:07 INFO  : The application '/home/kike/Desktop/marvin/marvin/marvin/Debug/marvin.elf' is downloaded to processor 'ps7_cortexa9_0'.
15:04:07 INFO  : 'configparams force-mem-access 0' command is executed.
15:04:07 INFO  : ----------------XSDB Script----------------
connect -url tcp:127.0.0.1:3121
targets -set -nocase -filter {name =~"APU*"}
rst -system
after 3000
targets -set -filter {jtag_cable_name =~ "Xilinx TUL 1234-tulA" && level==0 && jtag_device_ctx=="jsn-TUL-1234-tulA-23727093-0"}
fpga -file /home/kike/Desktop/marvin/marvin/marvin/_ide/bitstream/pynq_z2_bram_wrapper.bit
targets -set -nocase -filter {name =~"APU*"}
loadhw -hw /home/kike/Desktop/marvin/marvin/pynq_z2_bram_wrapper/export/pynq_z2_bram_wrapper/hw/pynq_z2_bram_wrapper.xsa -mem-ranges [list {0x40000000 0xbfffffff}] -regs
configparams force-mem-access 1
targets -set -nocase -filter {name =~"APU*"}
source /home/kike/Desktop/marvin/marvin/marvin/_ide/psinit/ps7_init.tcl
ps7_init
ps7_post_config
targets -set -nocase -filter {name =~ "*A9*#0"}
dow /home/kike/Desktop/marvin/marvin/marvin/Debug/marvin.elf
configparams force-mem-access 0
----------------End of Script----------------

15:04:07 INFO  : Context for processor 'ps7_cortexa9_0' is selected.
15:04:07 INFO  : 'con' command is executed.
15:04:07 INFO  : ----------------XSDB Script (After Launch)----------------
targets -set -nocase -filter {name =~ "*A9*#0"}
con
----------------End of Script----------------

15:04:07 INFO  : Launch script is exported to file '/home/kike/Desktop/marvin/marvin/marvin_system/_ide/scripts/debugger_marvin-default.tcl'
15:04:33 INFO  : Disconnected from the channel tcfchan#10.
15:04:34 INFO  : Connected to target on host '127.0.0.1' and port '3121'.
15:04:34 INFO  : Jtag cable 'Xilinx TUL 1234-tulA' is selected.
15:04:34 INFO  : 'jtag frequency' command is executed.
15:04:34 INFO  : Context for 'APU' is selected.
15:04:34 INFO  : System reset is completed.
15:04:37 INFO  : 'after 3000' command is executed.
15:04:37 INFO  : 'targets -set -filter {jtag_cable_name =~ "Xilinx TUL 1234-tulA" && level==0 && jtag_device_ctx=="jsn-TUL-1234-tulA-23727093-0"}' command is executed.
15:04:39 INFO  : Device configured successfully with "/home/kike/Desktop/marvin/marvin/marvin/_ide/bitstream/pynq_z2_bram_wrapper.bit"
15:04:39 INFO  : Context for 'APU' is selected.
15:04:39 INFO  : Hardware design and registers information is loaded from '/home/kike/Desktop/marvin/marvin/pynq_z2_bram_wrapper/export/pynq_z2_bram_wrapper/hw/pynq_z2_bram_wrapper.xsa'.
15:04:39 INFO  : 'configparams force-mem-access 1' command is executed.
15:04:39 INFO  : Context for 'APU' is selected.
15:04:39 INFO  : Sourcing of '/home/kike/Desktop/marvin/marvin/marvin/_ide/psinit/ps7_init.tcl' is done.
15:04:40 INFO  : 'ps7_init' command is executed.
15:04:40 INFO  : 'ps7_post_config' command is executed.
15:04:40 INFO  : Context for processor 'ps7_cortexa9_0' is selected.
15:04:40 INFO  : The application '/home/kike/Desktop/marvin/marvin/marvin/Debug/marvin.elf' is downloaded to processor 'ps7_cortexa9_0'.
15:04:40 INFO  : 'configparams force-mem-access 0' command is executed.
15:04:40 INFO  : ----------------XSDB Script----------------
connect -url tcp:127.0.0.1:3121
targets -set -nocase -filter {name =~"APU*"}
rst -system
after 3000
targets -set -filter {jtag_cable_name =~ "Xilinx TUL 1234-tulA" && level==0 && jtag_device_ctx=="jsn-TUL-1234-tulA-23727093-0"}
fpga -file /home/kike/Desktop/marvin/marvin/marvin/_ide/bitstream/pynq_z2_bram_wrapper.bit
targets -set -nocase -filter {name =~"APU*"}
loadhw -hw /home/kike/Desktop/marvin/marvin/pynq_z2_bram_wrapper/export/pynq_z2_bram_wrapper/hw/pynq_z2_bram_wrapper.xsa -mem-ranges [list {0x40000000 0xbfffffff}] -regs
configparams force-mem-access 1
targets -set -nocase -filter {name =~"APU*"}
source /home/kike/Desktop/marvin/marvin/marvin/_ide/psinit/ps7_init.tcl
ps7_init
ps7_post_config
targets -set -nocase -filter {name =~ "*A9*#0"}
dow /home/kike/Desktop/marvin/marvin/marvin/Debug/marvin.elf
configparams force-mem-access 0
----------------End of Script----------------

15:04:40 INFO  : Context for processor 'ps7_cortexa9_0' is selected.
15:04:40 INFO  : 'con' command is executed.
15:04:40 INFO  : ----------------XSDB Script (After Launch)----------------
targets -set -nocase -filter {name =~ "*A9*#0"}
con
----------------End of Script----------------

15:04:40 INFO  : Launch script is exported to file '/home/kike/Desktop/marvin/marvin/marvin_system/_ide/scripts/debugger_marvin-default.tcl'
15:05:27 ERROR : (XSDB Server)Already running

15:06:11 INFO  : Checking for BSP changes to sync application flags for project 'marvin'...
15:06:41 INFO  : Checking for BSP changes to sync application flags for project 'marvin'...
15:06:45 INFO  : Disconnected from the channel tcfchan#11.
15:06:46 INFO  : Connected to target on host '127.0.0.1' and port '3121'.
15:06:46 INFO  : Jtag cable 'Xilinx TUL 1234-tulA' is selected.
15:06:46 INFO  : 'jtag frequency' command is executed.
15:06:48 INFO  : Context for 'APU' is selected.
15:06:48 INFO  : System reset is completed.
15:06:51 INFO  : 'after 3000' command is executed.
15:06:51 INFO  : 'targets -set -filter {jtag_cable_name =~ "Xilinx TUL 1234-tulA" && level==0 && jtag_device_ctx=="jsn-TUL-1234-tulA-23727093-0"}' command is executed.
15:06:53 INFO  : Device configured successfully with "/home/kike/Desktop/marvin/marvin/marvin/_ide/bitstream/pynq_z2_bram_wrapper.bit"
15:06:53 INFO  : Context for 'APU' is selected.
15:06:53 INFO  : Hardware design and registers information is loaded from '/home/kike/Desktop/marvin/marvin/pynq_z2_bram_wrapper/export/pynq_z2_bram_wrapper/hw/pynq_z2_bram_wrapper.xsa'.
15:06:53 INFO  : 'configparams force-mem-access 1' command is executed.
15:06:54 INFO  : Context for 'APU' is selected.
15:06:54 INFO  : Sourcing of '/home/kike/Desktop/marvin/marvin/marvin/_ide/psinit/ps7_init.tcl' is done.
15:06:54 INFO  : 'ps7_init' command is executed.
15:06:54 INFO  : 'ps7_post_config' command is executed.
15:06:54 INFO  : Context for processor 'ps7_cortexa9_0' is selected.
15:06:54 INFO  : The application '/home/kike/Desktop/marvin/marvin/marvin/Debug/marvin.elf' is downloaded to processor 'ps7_cortexa9_0'.
15:06:54 INFO  : 'configparams force-mem-access 0' command is executed.
15:06:54 INFO  : ----------------XSDB Script----------------
connect -url tcp:127.0.0.1:3121
targets -set -nocase -filter {name =~"APU*"}
rst -system
after 3000
targets -set -filter {jtag_cable_name =~ "Xilinx TUL 1234-tulA" && level==0 && jtag_device_ctx=="jsn-TUL-1234-tulA-23727093-0"}
fpga -file /home/kike/Desktop/marvin/marvin/marvin/_ide/bitstream/pynq_z2_bram_wrapper.bit
targets -set -nocase -filter {name =~"APU*"}
loadhw -hw /home/kike/Desktop/marvin/marvin/pynq_z2_bram_wrapper/export/pynq_z2_bram_wrapper/hw/pynq_z2_bram_wrapper.xsa -mem-ranges [list {0x40000000 0xbfffffff}] -regs
configparams force-mem-access 1
targets -set -nocase -filter {name =~"APU*"}
source /home/kike/Desktop/marvin/marvin/marvin/_ide/psinit/ps7_init.tcl
ps7_init
ps7_post_config
targets -set -nocase -filter {name =~ "*A9*#0"}
dow /home/kike/Desktop/marvin/marvin/marvin/Debug/marvin.elf
configparams force-mem-access 0
----------------End of Script----------------

15:06:54 INFO  : Context for processor 'ps7_cortexa9_0' is selected.
15:06:54 INFO  : 'con' command is executed.
15:06:54 INFO  : ----------------XSDB Script (After Launch)----------------
targets -set -nocase -filter {name =~ "*A9*#0"}
con
----------------End of Script----------------

15:06:54 INFO  : Launch script is exported to file '/home/kike/Desktop/marvin/marvin/marvin_system/_ide/scripts/debugger_marvin-default.tcl'
15:07:09 ERROR : (XSDB Server)Already running

15:11:52 INFO  : Checking for BSP changes to sync application flags for project 'marvin'...
15:11:57 INFO  : Checking for BSP changes to sync application flags for project 'marvin'...
15:12:21 INFO  : Disconnected from the channel tcfchan#12.
15:12:22 INFO  : Connected to target on host '127.0.0.1' and port '3121'.
15:12:22 INFO  : Jtag cable 'Xilinx TUL 1234-tulA' is selected.
15:12:22 INFO  : 'jtag frequency' command is executed.
15:12:23 INFO  : Context for 'APU' is selected.
15:12:23 INFO  : System reset is completed.
15:12:26 INFO  : 'after 3000' command is executed.
15:12:26 INFO  : 'targets -set -filter {jtag_cable_name =~ "Xilinx TUL 1234-tulA" && level==0 && jtag_device_ctx=="jsn-TUL-1234-tulA-23727093-0"}' command is executed.
15:12:29 INFO  : Device configured successfully with "/home/kike/Desktop/marvin/marvin/marvin/_ide/bitstream/pynq_z2_bram_wrapper.bit"
15:12:29 INFO  : Context for 'APU' is selected.
15:12:29 INFO  : Hardware design and registers information is loaded from '/home/kike/Desktop/marvin/marvin/pynq_z2_bram_wrapper/export/pynq_z2_bram_wrapper/hw/pynq_z2_bram_wrapper.xsa'.
15:12:29 INFO  : 'configparams force-mem-access 1' command is executed.
15:12:29 INFO  : Context for 'APU' is selected.
15:12:29 INFO  : Sourcing of '/home/kike/Desktop/marvin/marvin/marvin/_ide/psinit/ps7_init.tcl' is done.
15:12:29 INFO  : 'ps7_init' command is executed.
15:12:29 INFO  : 'ps7_post_config' command is executed.
15:12:29 INFO  : Context for processor 'ps7_cortexa9_0' is selected.
15:12:29 INFO  : The application '/home/kike/Desktop/marvin/marvin/marvin/Debug/marvin.elf' is downloaded to processor 'ps7_cortexa9_0'.
15:12:29 INFO  : 'configparams force-mem-access 0' command is executed.
15:12:29 INFO  : ----------------XSDB Script----------------
connect -url tcp:127.0.0.1:3121
targets -set -nocase -filter {name =~"APU*"}
rst -system
after 3000
targets -set -filter {jtag_cable_name =~ "Xilinx TUL 1234-tulA" && level==0 && jtag_device_ctx=="jsn-TUL-1234-tulA-23727093-0"}
fpga -file /home/kike/Desktop/marvin/marvin/marvin/_ide/bitstream/pynq_z2_bram_wrapper.bit
targets -set -nocase -filter {name =~"APU*"}
loadhw -hw /home/kike/Desktop/marvin/marvin/pynq_z2_bram_wrapper/export/pynq_z2_bram_wrapper/hw/pynq_z2_bram_wrapper.xsa -mem-ranges [list {0x40000000 0xbfffffff}] -regs
configparams force-mem-access 1
targets -set -nocase -filter {name =~"APU*"}
source /home/kike/Desktop/marvin/marvin/marvin/_ide/psinit/ps7_init.tcl
ps7_init
ps7_post_config
targets -set -nocase -filter {name =~ "*A9*#0"}
dow /home/kike/Desktop/marvin/marvin/marvin/Debug/marvin.elf
configparams force-mem-access 0
----------------End of Script----------------

15:12:29 INFO  : Context for processor 'ps7_cortexa9_0' is selected.
15:12:29 INFO  : 'con' command is executed.
15:12:29 INFO  : ----------------XSDB Script (After Launch)----------------
targets -set -nocase -filter {name =~ "*A9*#0"}
con
----------------End of Script----------------

15:12:29 INFO  : Launch script is exported to file '/home/kike/Desktop/marvin/marvin/marvin_system/_ide/scripts/debugger_marvin-default.tcl'
15:12:39 ERROR : (XSDB Server)Already running

15:14:44 INFO  : Checking for BSP changes to sync application flags for project 'marvin'...
16:20:01 INFO  : Disconnected from the channel tcfchan#13.
16:03:21 DEBUG : Logs will be stored at '/home/kike/Desktop/marvin/marvin/IDE.log'.
16:03:21 INFO  : Launching XSCT server: xsct -n  -interactive /home/kike/Desktop/marvin/marvin/temp_xsdb_launch_script.tcl
16:03:23 INFO  : Registering command handlers for Vitis TCF services
16:03:23 INFO  : XSCT server has started successfully.
16:03:23 INFO  : Successfully done setting XSCT server connection channel  
16:03:23 INFO  : plnx-install-location is set to ''
16:03:23 INFO  : Platform repository initialization has completed.
16:03:23 INFO  : Successfully done setting workspace for the tool. 
16:03:23 INFO  : Successfully done query RDI_DATADIR 
17:07:26 INFO  : Checking for BSP changes to sync application flags for project 'marvin'...
17:36:11 INFO  : Checking for BSP changes to sync application flags for project 'marvin'...
17:39:26 INFO  : Checking for BSP changes to sync application flags for project 'marvin'...
17:40:07 INFO  : Checking for BSP changes to sync application flags for project 'marvin'...
17:41:51 INFO  : Connected to target on host '127.0.0.1' and port '3121'.
17:41:51 INFO  : Jtag cable 'Xilinx TUL 1234-tulA' is selected.
17:41:51 INFO  : 'jtag frequency' command is executed.
17:41:51 INFO  : Context for 'APU' is selected.
17:41:51 INFO  : System reset is completed.
17:41:54 INFO  : 'after 3000' command is executed.
17:41:54 INFO  : 'targets -set -filter {jtag_cable_name =~ "Xilinx TUL 1234-tulA" && level==0 && jtag_device_ctx=="jsn-TUL-1234-tulA-23727093-0"}' command is executed.
17:41:57 INFO  : Device configured successfully with "/home/kike/Desktop/marvin/marvin/marvin/_ide/bitstream/pynq_z2_bram_wrapper.bit"
17:41:57 INFO  : Context for 'APU' is selected.
17:41:57 INFO  : Hardware design and registers information is loaded from '/home/kike/Desktop/marvin/marvin/pynq_z2_bram_wrapper/export/pynq_z2_bram_wrapper/hw/pynq_z2_bram_wrapper.xsa'.
17:41:57 INFO  : 'configparams force-mem-access 1' command is executed.
17:41:57 INFO  : Context for 'APU' is selected.
17:41:57 INFO  : Sourcing of '/home/kike/Desktop/marvin/marvin/marvin/_ide/psinit/ps7_init.tcl' is done.
17:41:57 INFO  : 'ps7_init' command is executed.
17:41:57 INFO  : 'ps7_post_config' command is executed.
17:41:57 INFO  : Context for processor 'ps7_cortexa9_0' is selected.
17:41:57 INFO  : The application '/home/kike/Desktop/marvin/marvin/marvin/Debug/marvin.elf' is downloaded to processor 'ps7_cortexa9_0'.
17:41:57 INFO  : 'configparams force-mem-access 0' command is executed.
17:41:57 INFO  : ----------------XSDB Script----------------
connect -url tcp:127.0.0.1:3121
targets -set -nocase -filter {name =~"APU*"}
rst -system
after 3000
targets -set -filter {jtag_cable_name =~ "Xilinx TUL 1234-tulA" && level==0 && jtag_device_ctx=="jsn-TUL-1234-tulA-23727093-0"}
fpga -file /home/kike/Desktop/marvin/marvin/marvin/_ide/bitstream/pynq_z2_bram_wrapper.bit
targets -set -nocase -filter {name =~"APU*"}
loadhw -hw /home/kike/Desktop/marvin/marvin/pynq_z2_bram_wrapper/export/pynq_z2_bram_wrapper/hw/pynq_z2_bram_wrapper.xsa -mem-ranges [list {0x40000000 0xbfffffff}] -regs
configparams force-mem-access 1
targets -set -nocase -filter {name =~"APU*"}
source /home/kike/Desktop/marvin/marvin/marvin/_ide/psinit/ps7_init.tcl
ps7_init
ps7_post_config
targets -set -nocase -filter {name =~ "*A9*#0"}
dow /home/kike/Desktop/marvin/marvin/marvin/Debug/marvin.elf
configparams force-mem-access 0
----------------End of Script----------------

17:41:57 INFO  : Context for processor 'ps7_cortexa9_0' is selected.
17:41:57 INFO  : 'con' command is executed.
17:41:57 INFO  : ----------------XSDB Script (After Launch)----------------
targets -set -nocase -filter {name =~ "*A9*#0"}
con
----------------End of Script----------------

17:41:57 INFO  : Launch script is exported to file '/home/kike/Desktop/marvin/marvin/marvin_system/_ide/scripts/debugger_marvin-default.tcl'
17:42:22 ERROR : (XSDB Server)Already running

17:51:10 INFO  : Checking for BSP changes to sync application flags for project 'marvin'...
17:51:30 INFO  : Checking for BSP changes to sync application flags for project 'marvin'...
17:52:04 INFO  : Checking for BSP changes to sync application flags for project 'marvin'...
17:52:08 INFO  : Disconnected from the channel tcfchan#1.
17:52:09 INFO  : Connected to target on host '127.0.0.1' and port '3121'.
17:52:09 INFO  : Jtag cable 'Xilinx TUL 1234-tulA' is selected.
17:52:09 INFO  : 'jtag frequency' command is executed.
17:52:09 INFO  : Context for 'APU' is selected.
17:52:09 INFO  : System reset is completed.
17:52:12 INFO  : 'after 3000' command is executed.
17:52:12 INFO  : 'targets -set -filter {jtag_cable_name =~ "Xilinx TUL 1234-tulA" && level==0 && jtag_device_ctx=="jsn-TUL-1234-tulA-23727093-0"}' command is executed.
17:52:15 INFO  : Device configured successfully with "/home/kike/Desktop/marvin/marvin/marvin/_ide/bitstream/pynq_z2_bram_wrapper.bit"
17:52:15 INFO  : Context for 'APU' is selected.
17:52:16 INFO  : Hardware design and registers information is loaded from '/home/kike/Desktop/marvin/marvin/pynq_z2_bram_wrapper/export/pynq_z2_bram_wrapper/hw/pynq_z2_bram_wrapper.xsa'.
17:52:16 INFO  : 'configparams force-mem-access 1' command is executed.
17:52:16 INFO  : Context for 'APU' is selected.
17:52:16 INFO  : Sourcing of '/home/kike/Desktop/marvin/marvin/marvin/_ide/psinit/ps7_init.tcl' is done.
17:52:16 INFO  : 'ps7_init' command is executed.
17:52:16 INFO  : 'ps7_post_config' command is executed.
17:52:16 INFO  : Context for processor 'ps7_cortexa9_0' is selected.
17:52:16 INFO  : The application '/home/kike/Desktop/marvin/marvin/marvin/Debug/marvin.elf' is downloaded to processor 'ps7_cortexa9_0'.
17:52:16 INFO  : 'configparams force-mem-access 0' command is executed.
17:52:16 INFO  : ----------------XSDB Script----------------
connect -url tcp:127.0.0.1:3121
targets -set -nocase -filter {name =~"APU*"}
rst -system
after 3000
targets -set -filter {jtag_cable_name =~ "Xilinx TUL 1234-tulA" && level==0 && jtag_device_ctx=="jsn-TUL-1234-tulA-23727093-0"}
fpga -file /home/kike/Desktop/marvin/marvin/marvin/_ide/bitstream/pynq_z2_bram_wrapper.bit
targets -set -nocase -filter {name =~"APU*"}
loadhw -hw /home/kike/Desktop/marvin/marvin/pynq_z2_bram_wrapper/export/pynq_z2_bram_wrapper/hw/pynq_z2_bram_wrapper.xsa -mem-ranges [list {0x40000000 0xbfffffff}] -regs
configparams force-mem-access 1
targets -set -nocase -filter {name =~"APU*"}
source /home/kike/Desktop/marvin/marvin/marvin/_ide/psinit/ps7_init.tcl
ps7_init
ps7_post_config
targets -set -nocase -filter {name =~ "*A9*#0"}
dow /home/kike/Desktop/marvin/marvin/marvin/Debug/marvin.elf
configparams force-mem-access 0
----------------End of Script----------------

17:52:16 INFO  : Context for processor 'ps7_cortexa9_0' is selected.
17:52:16 INFO  : 'con' command is executed.
17:52:16 INFO  : ----------------XSDB Script (After Launch)----------------
targets -set -nocase -filter {name =~ "*A9*#0"}
con
----------------End of Script----------------

17:52:16 INFO  : Launch script is exported to file '/home/kike/Desktop/marvin/marvin/marvin_system/_ide/scripts/debugger_marvin-default.tcl'
17:55:04 ERROR : (XSDB Server)Already running

17:57:34 INFO  : Checking for BSP changes to sync application flags for project 'marvin'...
17:57:39 INFO  : Disconnected from the channel tcfchan#2.
17:57:40 INFO  : Connected to target on host '127.0.0.1' and port '3121'.
17:57:40 INFO  : Jtag cable 'Xilinx TUL 1234-tulA' is selected.
17:57:40 INFO  : 'jtag frequency' command is executed.
17:57:41 INFO  : Context for 'APU' is selected.
17:57:41 INFO  : System reset is completed.
17:57:44 INFO  : 'after 3000' command is executed.
17:57:44 INFO  : 'targets -set -filter {jtag_cable_name =~ "Xilinx TUL 1234-tulA" && level==0 && jtag_device_ctx=="jsn-TUL-1234-tulA-23727093-0"}' command is executed.
17:57:46 INFO  : Device configured successfully with "/home/kike/Desktop/marvin/marvin/marvin/_ide/bitstream/pynq_z2_bram_wrapper.bit"
17:57:46 INFO  : Context for 'APU' is selected.
17:57:47 INFO  : Hardware design and registers information is loaded from '/home/kike/Desktop/marvin/marvin/pynq_z2_bram_wrapper/export/pynq_z2_bram_wrapper/hw/pynq_z2_bram_wrapper.xsa'.
17:57:47 INFO  : 'configparams force-mem-access 1' command is executed.
17:57:47 INFO  : Context for 'APU' is selected.
17:57:47 INFO  : Sourcing of '/home/kike/Desktop/marvin/marvin/marvin/_ide/psinit/ps7_init.tcl' is done.
17:57:47 INFO  : 'ps7_init' command is executed.
17:57:47 INFO  : 'ps7_post_config' command is executed.
17:57:47 INFO  : Context for processor 'ps7_cortexa9_0' is selected.
17:57:47 INFO  : The application '/home/kike/Desktop/marvin/marvin/marvin/Debug/marvin.elf' is downloaded to processor 'ps7_cortexa9_0'.
17:57:47 INFO  : 'configparams force-mem-access 0' command is executed.
17:57:47 INFO  : ----------------XSDB Script----------------
connect -url tcp:127.0.0.1:3121
targets -set -nocase -filter {name =~"APU*"}
rst -system
after 3000
targets -set -filter {jtag_cable_name =~ "Xilinx TUL 1234-tulA" && level==0 && jtag_device_ctx=="jsn-TUL-1234-tulA-23727093-0"}
fpga -file /home/kike/Desktop/marvin/marvin/marvin/_ide/bitstream/pynq_z2_bram_wrapper.bit
targets -set -nocase -filter {name =~"APU*"}
loadhw -hw /home/kike/Desktop/marvin/marvin/pynq_z2_bram_wrapper/export/pynq_z2_bram_wrapper/hw/pynq_z2_bram_wrapper.xsa -mem-ranges [list {0x40000000 0xbfffffff}] -regs
configparams force-mem-access 1
targets -set -nocase -filter {name =~"APU*"}
source /home/kike/Desktop/marvin/marvin/marvin/_ide/psinit/ps7_init.tcl
ps7_init
ps7_post_config
targets -set -nocase -filter {name =~ "*A9*#0"}
dow /home/kike/Desktop/marvin/marvin/marvin/Debug/marvin.elf
configparams force-mem-access 0
----------------End of Script----------------

17:57:47 INFO  : Context for processor 'ps7_cortexa9_0' is selected.
17:57:48 INFO  : 'con' command is executed.
17:57:48 INFO  : ----------------XSDB Script (After Launch)----------------
targets -set -nocase -filter {name =~ "*A9*#0"}
con
----------------End of Script----------------

17:57:48 INFO  : Launch script is exported to file '/home/kike/Desktop/marvin/marvin/marvin_system/_ide/scripts/debugger_marvin-default.tcl'
18:00:36 ERROR : (XSDB Server)Already running

18:02:05 INFO  : Checking for BSP changes to sync application flags for project 'marvin'...
18:02:15 INFO  : Disconnected from the channel tcfchan#3.
18:02:16 INFO  : Connected to target on host '127.0.0.1' and port '3121'.
18:02:16 INFO  : Jtag cable 'Xilinx TUL 1234-tulA' is selected.
18:02:16 INFO  : 'jtag frequency' command is executed.
18:02:16 INFO  : Context for 'APU' is selected.
18:02:16 INFO  : System reset is completed.
18:02:19 INFO  : 'after 3000' command is executed.
18:02:19 INFO  : 'targets -set -filter {jtag_cable_name =~ "Xilinx TUL 1234-tulA" && level==0 && jtag_device_ctx=="jsn-TUL-1234-tulA-23727093-0"}' command is executed.
18:02:21 INFO  : Device configured successfully with "/home/kike/Desktop/marvin/marvin/marvin/_ide/bitstream/pynq_z2_bram_wrapper.bit"
18:02:21 INFO  : Context for 'APU' is selected.
18:02:22 INFO  : Hardware design and registers information is loaded from '/home/kike/Desktop/marvin/marvin/pynq_z2_bram_wrapper/export/pynq_z2_bram_wrapper/hw/pynq_z2_bram_wrapper.xsa'.
18:02:22 INFO  : 'configparams force-mem-access 1' command is executed.
18:02:22 INFO  : Context for 'APU' is selected.
18:02:22 INFO  : Sourcing of '/home/kike/Desktop/marvin/marvin/marvin/_ide/psinit/ps7_init.tcl' is done.
18:02:22 INFO  : 'ps7_init' command is executed.
18:02:22 INFO  : 'ps7_post_config' command is executed.
18:02:22 INFO  : Context for processor 'ps7_cortexa9_0' is selected.
18:02:23 INFO  : The application '/home/kike/Desktop/marvin/marvin/marvin/Debug/marvin.elf' is downloaded to processor 'ps7_cortexa9_0'.
18:02:23 INFO  : 'configparams force-mem-access 0' command is executed.
18:02:23 INFO  : ----------------XSDB Script----------------
connect -url tcp:127.0.0.1:3121
targets -set -nocase -filter {name =~"APU*"}
rst -system
after 3000
targets -set -filter {jtag_cable_name =~ "Xilinx TUL 1234-tulA" && level==0 && jtag_device_ctx=="jsn-TUL-1234-tulA-23727093-0"}
fpga -file /home/kike/Desktop/marvin/marvin/marvin/_ide/bitstream/pynq_z2_bram_wrapper.bit
targets -set -nocase -filter {name =~"APU*"}
loadhw -hw /home/kike/Desktop/marvin/marvin/pynq_z2_bram_wrapper/export/pynq_z2_bram_wrapper/hw/pynq_z2_bram_wrapper.xsa -mem-ranges [list {0x40000000 0xbfffffff}] -regs
configparams force-mem-access 1
targets -set -nocase -filter {name =~"APU*"}
source /home/kike/Desktop/marvin/marvin/marvin/_ide/psinit/ps7_init.tcl
ps7_init
ps7_post_config
targets -set -nocase -filter {name =~ "*A9*#0"}
dow /home/kike/Desktop/marvin/marvin/marvin/Debug/marvin.elf
configparams force-mem-access 0
----------------End of Script----------------

18:02:23 INFO  : Context for processor 'ps7_cortexa9_0' is selected.
18:02:23 INFO  : 'con' command is executed.
18:02:23 INFO  : ----------------XSDB Script (After Launch)----------------
targets -set -nocase -filter {name =~ "*A9*#0"}
con
----------------End of Script----------------

18:02:23 INFO  : Launch script is exported to file '/home/kike/Desktop/marvin/marvin/marvin_system/_ide/scripts/debugger_marvin-default.tcl'
18:07:59 ERROR : (XSDB Server)Already running

18:08:09 ERROR : (XSDB Server)Already running

18:08:16 ERROR : (XSDB Server)Already running

18:08:20 ERROR : (XSDB Server)Already running

18:08:22 ERROR : (XSDB Server)Already running

18:08:24 ERROR : (XSDB Server)Already running

18:08:25 ERROR : (XSDB Server)Already running

18:08:26 ERROR : (XSDB Server)Already running

18:08:27 ERROR : (XSDB Server)Already running

18:08:29 ERROR : (XSDB Server)Already running

18:08:30 ERROR : (XSDB Server)Already running

18:08:31 ERROR : (XSDB Server)Already running

18:08:32 ERROR : (XSDB Server)Already running

18:08:33 ERROR : (XSDB Server)Already running

18:08:35 ERROR : (XSDB Server)Already running

18:08:36 ERROR : (XSDB Server)Already running

18:08:37 ERROR : (XSDB Server)Already running

18:08:38 ERROR : (XSDB Server)Already running

18:08:39 ERROR : (XSDB Server)Already running

18:09:51 ERROR : (XSDB Server)Already running

18:10:15 INFO  : Disconnected from the channel tcfchan#4.
09:55:18 DEBUG : Logs will be stored at '/home/kike/Desktop/marvin/marvin/IDE.log'.
09:55:18 INFO  : Launching XSCT server: xsct -n  -interactive /home/kike/Desktop/marvin/marvin/temp_xsdb_launch_script.tcl
09:55:20 INFO  : XSCT server has started successfully.
09:55:20 INFO  : Successfully done setting XSCT server connection channel  
09:55:20 INFO  : Registering command handlers for Vitis TCF services
09:55:20 INFO  : Platform repository initialization has completed.
09:55:21 INFO  : plnx-install-location is set to ''
09:55:21 INFO  : Successfully done setting workspace for the tool. 
09:55:21 INFO  : Successfully done query RDI_DATADIR 
13:41:49 INFO  : Checking for BSP changes to sync application flags for project 'marvin'...
13:42:14 INFO  : Checking for BSP changes to sync application flags for project 'marvin'...
13:46:46 INFO  : Connected to target on host '127.0.0.1' and port '3121'.
13:46:46 INFO  : Jtag cable 'Xilinx TUL 1234-tulA' is selected.
13:46:46 INFO  : 'jtag frequency' command is executed.
13:46:46 INFO  : Context for 'APU' is selected.
13:46:46 INFO  : System reset is completed.
13:46:49 INFO  : 'after 3000' command is executed.
13:46:49 INFO  : 'targets -set -filter {jtag_cable_name =~ "Xilinx TUL 1234-tulA" && level==0 && jtag_device_ctx=="jsn-TUL-1234-tulA-23727093-0"}' command is executed.
13:46:51 INFO  : Device configured successfully with "/home/kike/Desktop/marvin/marvin/marvin/_ide/bitstream/pynq_z2_bram_wrapper.bit"
13:46:51 INFO  : Context for 'APU' is selected.
13:46:51 INFO  : Hardware design and registers information is loaded from '/home/kike/Desktop/marvin/marvin/pynq_z2_bram_wrapper/export/pynq_z2_bram_wrapper/hw/pynq_z2_bram_wrapper.xsa'.
13:46:51 INFO  : 'configparams force-mem-access 1' command is executed.
13:46:51 INFO  : Context for 'APU' is selected.
13:46:51 INFO  : Sourcing of '/home/kike/Desktop/marvin/marvin/marvin/_ide/psinit/ps7_init.tcl' is done.
13:46:52 INFO  : 'ps7_init' command is executed.
13:46:52 INFO  : 'ps7_post_config' command is executed.
13:46:52 INFO  : Context for processor 'ps7_cortexa9_0' is selected.
13:46:52 INFO  : The application '/home/kike/Desktop/marvin/marvin/marvin/Debug/marvin.elf' is downloaded to processor 'ps7_cortexa9_0'.
13:46:52 INFO  : 'configparams force-mem-access 0' command is executed.
13:46:52 INFO  : ----------------XSDB Script----------------
connect -url tcp:127.0.0.1:3121
targets -set -nocase -filter {name =~"APU*"}
rst -system
after 3000
targets -set -filter {jtag_cable_name =~ "Xilinx TUL 1234-tulA" && level==0 && jtag_device_ctx=="jsn-TUL-1234-tulA-23727093-0"}
fpga -file /home/kike/Desktop/marvin/marvin/marvin/_ide/bitstream/pynq_z2_bram_wrapper.bit
targets -set -nocase -filter {name =~"APU*"}
loadhw -hw /home/kike/Desktop/marvin/marvin/pynq_z2_bram_wrapper/export/pynq_z2_bram_wrapper/hw/pynq_z2_bram_wrapper.xsa -mem-ranges [list {0x40000000 0xbfffffff}] -regs
configparams force-mem-access 1
targets -set -nocase -filter {name =~"APU*"}
source /home/kike/Desktop/marvin/marvin/marvin/_ide/psinit/ps7_init.tcl
ps7_init
ps7_post_config
targets -set -nocase -filter {name =~ "*A9*#0"}
dow /home/kike/Desktop/marvin/marvin/marvin/Debug/marvin.elf
configparams force-mem-access 0
----------------End of Script----------------

13:46:52 INFO  : Context for processor 'ps7_cortexa9_0' is selected.
13:46:52 INFO  : 'con' command is executed.
13:46:52 INFO  : ----------------XSDB Script (After Launch)----------------
targets -set -nocase -filter {name =~ "*A9*#0"}
con
----------------End of Script----------------

13:46:52 INFO  : Launch script is exported to file '/home/kike/Desktop/marvin/marvin/marvin_system/_ide/scripts/debugger_marvin-default.tcl'
13:47:12 ERROR : (XSDB Server)expected integer but got "ox100000" instead

13:47:21 ERROR : (XSDB Server)Already running

14:16:14 INFO  : Checking for BSP changes to sync application flags for project 'marvin'...
14:16:18 INFO  : Checking for BSP changes to sync application flags for project 'marvin'...
14:16:21 INFO  : Disconnected from the channel tcfchan#1.
14:16:22 INFO  : Connected to target on host '127.0.0.1' and port '3121'.
14:16:22 INFO  : Jtag cable 'Xilinx TUL 1234-tulA' is selected.
14:16:22 INFO  : 'jtag frequency' command is executed.
14:16:23 INFO  : Context for 'APU' is selected.
14:16:23 INFO  : System reset is completed.
14:16:26 INFO  : 'after 3000' command is executed.
14:16:26 INFO  : 'targets -set -filter {jtag_cable_name =~ "Xilinx TUL 1234-tulA" && level==0 && jtag_device_ctx=="jsn-TUL-1234-tulA-23727093-0"}' command is executed.
14:16:28 INFO  : Device configured successfully with "/home/kike/Desktop/marvin/marvin/marvin/_ide/bitstream/pynq_z2_bram_wrapper.bit"
14:16:28 INFO  : Context for 'APU' is selected.
14:16:29 INFO  : Hardware design and registers information is loaded from '/home/kike/Desktop/marvin/marvin/pynq_z2_bram_wrapper/export/pynq_z2_bram_wrapper/hw/pynq_z2_bram_wrapper.xsa'.
14:16:29 INFO  : 'configparams force-mem-access 1' command is executed.
14:16:29 INFO  : Context for 'APU' is selected.
14:16:29 INFO  : Sourcing of '/home/kike/Desktop/marvin/marvin/marvin/_ide/psinit/ps7_init.tcl' is done.
14:16:29 INFO  : 'ps7_init' command is executed.
14:16:29 INFO  : 'ps7_post_config' command is executed.
14:16:29 INFO  : Context for processor 'ps7_cortexa9_0' is selected.
14:16:30 INFO  : The application '/home/kike/Desktop/marvin/marvin/marvin/Debug/marvin.elf' is downloaded to processor 'ps7_cortexa9_0'.
14:16:30 INFO  : 'configparams force-mem-access 0' command is executed.
14:16:30 INFO  : ----------------XSDB Script----------------
connect -url tcp:127.0.0.1:3121
targets -set -nocase -filter {name =~"APU*"}
rst -system
after 3000
targets -set -filter {jtag_cable_name =~ "Xilinx TUL 1234-tulA" && level==0 && jtag_device_ctx=="jsn-TUL-1234-tulA-23727093-0"}
fpga -file /home/kike/Desktop/marvin/marvin/marvin/_ide/bitstream/pynq_z2_bram_wrapper.bit
targets -set -nocase -filter {name =~"APU*"}
loadhw -hw /home/kike/Desktop/marvin/marvin/pynq_z2_bram_wrapper/export/pynq_z2_bram_wrapper/hw/pynq_z2_bram_wrapper.xsa -mem-ranges [list {0x40000000 0xbfffffff}] -regs
configparams force-mem-access 1
targets -set -nocase -filter {name =~"APU*"}
source /home/kike/Desktop/marvin/marvin/marvin/_ide/psinit/ps7_init.tcl
ps7_init
ps7_post_config
targets -set -nocase -filter {name =~ "*A9*#0"}
dow /home/kike/Desktop/marvin/marvin/marvin/Debug/marvin.elf
configparams force-mem-access 0
----------------End of Script----------------

14:16:30 INFO  : Context for processor 'ps7_cortexa9_0' is selected.
14:16:30 INFO  : 'con' command is executed.
14:16:30 INFO  : ----------------XSDB Script (After Launch)----------------
targets -set -nocase -filter {name =~ "*A9*#0"}
con
----------------End of Script----------------

14:16:30 INFO  : Launch script is exported to file '/home/kike/Desktop/marvin/marvin/marvin_system/_ide/scripts/debugger_marvin-default.tcl'
14:18:29 INFO  : Checking for BSP changes to sync application flags for project 'marvin'...
14:18:37 INFO  : Disconnected from the channel tcfchan#2.
14:18:38 INFO  : Connected to target on host '127.0.0.1' and port '3121'.
14:18:38 INFO  : Jtag cable 'Xilinx TUL 1234-tulA' is selected.
14:18:38 INFO  : 'jtag frequency' command is executed.
14:18:38 INFO  : Context for 'APU' is selected.
14:18:38 INFO  : System reset is completed.
14:18:41 INFO  : 'after 3000' command is executed.
14:18:41 INFO  : 'targets -set -filter {jtag_cable_name =~ "Xilinx TUL 1234-tulA" && level==0 && jtag_device_ctx=="jsn-TUL-1234-tulA-23727093-0"}' command is executed.
14:18:44 INFO  : Device configured successfully with "/home/kike/Desktop/marvin/marvin/marvin/_ide/bitstream/pynq_z2_bram_wrapper.bit"
14:18:44 INFO  : Context for 'APU' is selected.
14:18:45 INFO  : Hardware design and registers information is loaded from '/home/kike/Desktop/marvin/marvin/pynq_z2_bram_wrapper/export/pynq_z2_bram_wrapper/hw/pynq_z2_bram_wrapper.xsa'.
14:18:45 INFO  : 'configparams force-mem-access 1' command is executed.
14:18:45 INFO  : Context for 'APU' is selected.
14:18:45 INFO  : Sourcing of '/home/kike/Desktop/marvin/marvin/marvin/_ide/psinit/ps7_init.tcl' is done.
14:18:45 INFO  : 'ps7_init' command is executed.
14:18:45 INFO  : 'ps7_post_config' command is executed.
14:18:45 INFO  : Context for processor 'ps7_cortexa9_0' is selected.
14:18:45 INFO  : The application '/home/kike/Desktop/marvin/marvin/marvin/Debug/marvin.elf' is downloaded to processor 'ps7_cortexa9_0'.
14:18:45 INFO  : 'configparams force-mem-access 0' command is executed.
14:18:45 INFO  : ----------------XSDB Script----------------
connect -url tcp:127.0.0.1:3121
targets -set -nocase -filter {name =~"APU*"}
rst -system
after 3000
targets -set -filter {jtag_cable_name =~ "Xilinx TUL 1234-tulA" && level==0 && jtag_device_ctx=="jsn-TUL-1234-tulA-23727093-0"}
fpga -file /home/kike/Desktop/marvin/marvin/marvin/_ide/bitstream/pynq_z2_bram_wrapper.bit
targets -set -nocase -filter {name =~"APU*"}
loadhw -hw /home/kike/Desktop/marvin/marvin/pynq_z2_bram_wrapper/export/pynq_z2_bram_wrapper/hw/pynq_z2_bram_wrapper.xsa -mem-ranges [list {0x40000000 0xbfffffff}] -regs
configparams force-mem-access 1
targets -set -nocase -filter {name =~"APU*"}
source /home/kike/Desktop/marvin/marvin/marvin/_ide/psinit/ps7_init.tcl
ps7_init
ps7_post_config
targets -set -nocase -filter {name =~ "*A9*#0"}
dow /home/kike/Desktop/marvin/marvin/marvin/Debug/marvin.elf
configparams force-mem-access 0
----------------End of Script----------------

14:18:45 INFO  : Context for processor 'ps7_cortexa9_0' is selected.
14:18:45 INFO  : 'con' command is executed.
14:18:45 INFO  : ----------------XSDB Script (After Launch)----------------
targets -set -nocase -filter {name =~ "*A9*#0"}
con
----------------End of Script----------------

14:18:45 INFO  : Launch script is exported to file '/home/kike/Desktop/marvin/marvin/marvin_system/_ide/scripts/debugger_marvin-default.tcl'
14:19:48 INFO  : Checking for BSP changes to sync application flags for project 'marvin'...
14:19:52 INFO  : Disconnected from the channel tcfchan#3.
14:19:53 INFO  : Connected to target on host '127.0.0.1' and port '3121'.
14:19:53 INFO  : Jtag cable 'Xilinx TUL 1234-tulA' is selected.
14:19:53 INFO  : 'jtag frequency' command is executed.
14:19:56 INFO  : Context for 'APU' is selected.
14:19:56 INFO  : System reset is completed.
14:19:59 INFO  : 'after 3000' command is executed.
14:19:59 INFO  : 'targets -set -filter {jtag_cable_name =~ "Xilinx TUL 1234-tulA" && level==0 && jtag_device_ctx=="jsn-TUL-1234-tulA-23727093-0"}' command is executed.
14:20:01 INFO  : Device configured successfully with "/home/kike/Desktop/marvin/marvin/marvin/_ide/bitstream/pynq_z2_bram_wrapper.bit"
14:20:01 INFO  : Context for 'APU' is selected.
14:20:02 INFO  : Hardware design and registers information is loaded from '/home/kike/Desktop/marvin/marvin/pynq_z2_bram_wrapper/export/pynq_z2_bram_wrapper/hw/pynq_z2_bram_wrapper.xsa'.
14:20:02 INFO  : 'configparams force-mem-access 1' command is executed.
14:20:02 INFO  : Context for 'APU' is selected.
14:20:02 INFO  : Sourcing of '/home/kike/Desktop/marvin/marvin/marvin/_ide/psinit/ps7_init.tcl' is done.
14:20:02 INFO  : 'ps7_init' command is executed.
14:20:02 INFO  : 'ps7_post_config' command is executed.
14:20:02 INFO  : Context for processor 'ps7_cortexa9_0' is selected.
14:20:02 INFO  : The application '/home/kike/Desktop/marvin/marvin/marvin/Debug/marvin.elf' is downloaded to processor 'ps7_cortexa9_0'.
14:20:02 INFO  : 'configparams force-mem-access 0' command is executed.
14:20:02 INFO  : ----------------XSDB Script----------------
connect -url tcp:127.0.0.1:3121
targets -set -nocase -filter {name =~"APU*"}
rst -system
after 3000
targets -set -filter {jtag_cable_name =~ "Xilinx TUL 1234-tulA" && level==0 && jtag_device_ctx=="jsn-TUL-1234-tulA-23727093-0"}
fpga -file /home/kike/Desktop/marvin/marvin/marvin/_ide/bitstream/pynq_z2_bram_wrapper.bit
targets -set -nocase -filter {name =~"APU*"}
loadhw -hw /home/kike/Desktop/marvin/marvin/pynq_z2_bram_wrapper/export/pynq_z2_bram_wrapper/hw/pynq_z2_bram_wrapper.xsa -mem-ranges [list {0x40000000 0xbfffffff}] -regs
configparams force-mem-access 1
targets -set -nocase -filter {name =~"APU*"}
source /home/kike/Desktop/marvin/marvin/marvin/_ide/psinit/ps7_init.tcl
ps7_init
ps7_post_config
targets -set -nocase -filter {name =~ "*A9*#0"}
dow /home/kike/Desktop/marvin/marvin/marvin/Debug/marvin.elf
configparams force-mem-access 0
----------------End of Script----------------

14:20:02 INFO  : Context for processor 'ps7_cortexa9_0' is selected.
14:20:02 INFO  : 'con' command is executed.
14:20:02 INFO  : ----------------XSDB Script (After Launch)----------------
targets -set -nocase -filter {name =~ "*A9*#0"}
con
----------------End of Script----------------

14:20:02 INFO  : Launch script is exported to file '/home/kike/Desktop/marvin/marvin/marvin_system/_ide/scripts/debugger_marvin-default.tcl'
15:07:57 DEBUG : Logs will be stored at '/home/kike/Desktop/marvin/marvin/IDE.log'.
15:07:58 INFO  : Launching XSCT server: xsct -n  -interactive /home/kike/Desktop/marvin/marvin/temp_xsdb_launch_script.tcl
15:07:59 INFO  : Registering command handlers for Vitis TCF services
15:08:00 INFO  : Platform repository initialization has completed.
15:08:02 INFO  : XSCT server has started successfully.
15:08:02 INFO  : Successfully done setting XSCT server connection channel  
15:08:02 INFO  : Successfully done setting workspace for the tool. 
15:08:02 INFO  : plnx-install-location is set to ''
15:08:02 INFO  : Successfully done query RDI_DATADIR 
15:24:45 INFO  : Checking for BSP changes to sync application flags for project 'marvin'...
15:35:50 INFO  : Checking for BSP changes to sync application flags for project 'marvin'...
15:35:56 INFO  : Connected to target on host '127.0.0.1' and port '3121'.
15:35:56 INFO  : Jtag cable 'Xilinx TUL 1234-tulA' is selected.
15:35:56 INFO  : 'jtag frequency' command is executed.
15:35:56 INFO  : Context for 'APU' is selected.
15:35:56 INFO  : System reset is completed.
15:35:59 INFO  : 'after 3000' command is executed.
15:35:59 INFO  : 'targets -set -filter {jtag_cable_name =~ "Xilinx TUL 1234-tulA" && level==0 && jtag_device_ctx=="jsn-TUL-1234-tulA-23727093-0"}' command is executed.
15:36:01 INFO  : Device configured successfully with "/home/kike/Desktop/marvin/marvin/marvin/_ide/bitstream/pynq_z2_bram_wrapper.bit"
15:36:01 INFO  : Context for 'APU' is selected.
15:36:01 INFO  : Hardware design and registers information is loaded from '/home/kike/Desktop/marvin/marvin/pynq_z2_bram_wrapper/export/pynq_z2_bram_wrapper/hw/pynq_z2_bram_wrapper.xsa'.
15:36:01 INFO  : 'configparams force-mem-access 1' command is executed.
15:36:01 INFO  : Context for 'APU' is selected.
15:36:01 INFO  : Sourcing of '/home/kike/Desktop/marvin/marvin/marvin/_ide/psinit/ps7_init.tcl' is done.
15:36:02 INFO  : 'ps7_init' command is executed.
15:36:02 INFO  : 'ps7_post_config' command is executed.
15:36:02 INFO  : Context for processor 'ps7_cortexa9_0' is selected.
15:36:02 INFO  : The application '/home/kike/Desktop/marvin/marvin/marvin/Debug/marvin.elf' is downloaded to processor 'ps7_cortexa9_0'.
15:36:02 INFO  : 'configparams force-mem-access 0' command is executed.
15:36:02 INFO  : ----------------XSDB Script----------------
connect -url tcp:127.0.0.1:3121
targets -set -nocase -filter {name =~"APU*"}
rst -system
after 3000
targets -set -filter {jtag_cable_name =~ "Xilinx TUL 1234-tulA" && level==0 && jtag_device_ctx=="jsn-TUL-1234-tulA-23727093-0"}
fpga -file /home/kike/Desktop/marvin/marvin/marvin/_ide/bitstream/pynq_z2_bram_wrapper.bit
targets -set -nocase -filter {name =~"APU*"}
loadhw -hw /home/kike/Desktop/marvin/marvin/pynq_z2_bram_wrapper/export/pynq_z2_bram_wrapper/hw/pynq_z2_bram_wrapper.xsa -mem-ranges [list {0x40000000 0xbfffffff}] -regs
configparams force-mem-access 1
targets -set -nocase -filter {name =~"APU*"}
source /home/kike/Desktop/marvin/marvin/marvin/_ide/psinit/ps7_init.tcl
ps7_init
ps7_post_config
targets -set -nocase -filter {name =~ "*A9*#0"}
dow /home/kike/Desktop/marvin/marvin/marvin/Debug/marvin.elf
configparams force-mem-access 0
----------------End of Script----------------

15:36:02 INFO  : Context for processor 'ps7_cortexa9_0' is selected.
15:36:02 INFO  : 'con' command is executed.
15:36:02 INFO  : ----------------XSDB Script (After Launch)----------------
targets -set -nocase -filter {name =~ "*A9*#0"}
con
----------------End of Script----------------

15:36:02 INFO  : Launch script is exported to file '/home/kike/Desktop/marvin/marvin/marvin_system/_ide/scripts/debugger_marvin-default.tcl'
15:36:17 INFO  : Disconnected from the channel tcfchan#1.
15:36:18 INFO  : Connected to target on host '127.0.0.1' and port '3121'.
15:36:18 INFO  : Jtag cable 'Xilinx TUL 1234-tulA' is selected.
15:36:18 INFO  : 'jtag frequency' command is executed.
15:36:18 INFO  : Context for 'APU' is selected.
15:36:18 INFO  : System reset is completed.
15:36:21 INFO  : 'after 3000' command is executed.
15:36:21 INFO  : 'targets -set -filter {jtag_cable_name =~ "Xilinx TUL 1234-tulA" && level==0 && jtag_device_ctx=="jsn-TUL-1234-tulA-23727093-0"}' command is executed.
15:36:23 INFO  : Device configured successfully with "/home/kike/Desktop/marvin/marvin/marvin/_ide/bitstream/pynq_z2_bram_wrapper.bit"
15:36:23 INFO  : Context for 'APU' is selected.
15:36:24 INFO  : Hardware design and registers information is loaded from '/home/kike/Desktop/marvin/marvin/pynq_z2_bram_wrapper/export/pynq_z2_bram_wrapper/hw/pynq_z2_bram_wrapper.xsa'.
15:36:24 INFO  : 'configparams force-mem-access 1' command is executed.
15:36:24 INFO  : Context for 'APU' is selected.
15:36:24 INFO  : Sourcing of '/home/kike/Desktop/marvin/marvin/marvin/_ide/psinit/ps7_init.tcl' is done.
15:36:24 INFO  : 'ps7_init' command is executed.
15:36:24 INFO  : 'ps7_post_config' command is executed.
15:36:24 INFO  : Context for processor 'ps7_cortexa9_0' is selected.
15:36:25 INFO  : The application '/home/kike/Desktop/marvin/marvin/marvin/Debug/marvin.elf' is downloaded to processor 'ps7_cortexa9_0'.
15:36:25 INFO  : 'configparams force-mem-access 0' command is executed.
15:36:25 INFO  : ----------------XSDB Script----------------
connect -url tcp:127.0.0.1:3121
targets -set -nocase -filter {name =~"APU*"}
rst -system
after 3000
targets -set -filter {jtag_cable_name =~ "Xilinx TUL 1234-tulA" && level==0 && jtag_device_ctx=="jsn-TUL-1234-tulA-23727093-0"}
fpga -file /home/kike/Desktop/marvin/marvin/marvin/_ide/bitstream/pynq_z2_bram_wrapper.bit
targets -set -nocase -filter {name =~"APU*"}
loadhw -hw /home/kike/Desktop/marvin/marvin/pynq_z2_bram_wrapper/export/pynq_z2_bram_wrapper/hw/pynq_z2_bram_wrapper.xsa -mem-ranges [list {0x40000000 0xbfffffff}] -regs
configparams force-mem-access 1
targets -set -nocase -filter {name =~"APU*"}
source /home/kike/Desktop/marvin/marvin/marvin/_ide/psinit/ps7_init.tcl
ps7_init
ps7_post_config
targets -set -nocase -filter {name =~ "*A9*#0"}
dow /home/kike/Desktop/marvin/marvin/marvin/Debug/marvin.elf
configparams force-mem-access 0
----------------End of Script----------------

15:36:25 INFO  : Context for processor 'ps7_cortexa9_0' is selected.
15:36:25 INFO  : 'con' command is executed.
15:36:25 INFO  : ----------------XSDB Script (After Launch)----------------
targets -set -nocase -filter {name =~ "*A9*#0"}
con
----------------End of Script----------------

15:36:25 INFO  : Launch script is exported to file '/home/kike/Desktop/marvin/marvin/marvin_system/_ide/scripts/debugger_marvin-default.tcl'
15:38:15 ERROR : (XSDB Server)Already running

15:38:48 ERROR : (XSDB Server)Cannot write register if not stopped. Execution context is running

15:41:50 INFO  : Checking for BSP changes to sync application flags for project 'marvin'...
15:41:55 INFO  : Disconnected from the channel tcfchan#2.
15:41:56 INFO  : Connected to target on host '127.0.0.1' and port '3121'.
15:41:56 INFO  : Jtag cable 'Xilinx TUL 1234-tulA' is selected.
15:41:56 INFO  : 'jtag frequency' command is executed.
15:41:58 INFO  : Context for 'APU' is selected.
15:41:58 INFO  : System reset is completed.
15:42:01 INFO  : 'after 3000' command is executed.
15:42:01 INFO  : 'targets -set -filter {jtag_cable_name =~ "Xilinx TUL 1234-tulA" && level==0 && jtag_device_ctx=="jsn-TUL-1234-tulA-23727093-0"}' command is executed.
15:42:04 INFO  : Device configured successfully with "/home/kike/Desktop/marvin/marvin/marvin/_ide/bitstream/pynq_z2_bram_wrapper.bit"
15:42:04 INFO  : Context for 'APU' is selected.
15:42:05 INFO  : Hardware design and registers information is loaded from '/home/kike/Desktop/marvin/marvin/pynq_z2_bram_wrapper/export/pynq_z2_bram_wrapper/hw/pynq_z2_bram_wrapper.xsa'.
15:42:05 INFO  : 'configparams force-mem-access 1' command is executed.
15:42:05 INFO  : Context for 'APU' is selected.
15:42:05 INFO  : Sourcing of '/home/kike/Desktop/marvin/marvin/marvin/_ide/psinit/ps7_init.tcl' is done.
15:42:05 INFO  : 'ps7_init' command is executed.
15:42:05 INFO  : 'ps7_post_config' command is executed.
15:42:05 INFO  : Context for processor 'ps7_cortexa9_0' is selected.
15:42:05 INFO  : The application '/home/kike/Desktop/marvin/marvin/marvin/Debug/marvin.elf' is downloaded to processor 'ps7_cortexa9_0'.
15:42:05 INFO  : 'configparams force-mem-access 0' command is executed.
15:42:05 INFO  : ----------------XSDB Script----------------
connect -url tcp:127.0.0.1:3121
targets -set -nocase -filter {name =~"APU*"}
rst -system
after 3000
targets -set -filter {jtag_cable_name =~ "Xilinx TUL 1234-tulA" && level==0 && jtag_device_ctx=="jsn-TUL-1234-tulA-23727093-0"}
fpga -file /home/kike/Desktop/marvin/marvin/marvin/_ide/bitstream/pynq_z2_bram_wrapper.bit
targets -set -nocase -filter {name =~"APU*"}
loadhw -hw /home/kike/Desktop/marvin/marvin/pynq_z2_bram_wrapper/export/pynq_z2_bram_wrapper/hw/pynq_z2_bram_wrapper.xsa -mem-ranges [list {0x40000000 0xbfffffff}] -regs
configparams force-mem-access 1
targets -set -nocase -filter {name =~"APU*"}
source /home/kike/Desktop/marvin/marvin/marvin/_ide/psinit/ps7_init.tcl
ps7_init
ps7_post_config
targets -set -nocase -filter {name =~ "*A9*#0"}
dow /home/kike/Desktop/marvin/marvin/marvin/Debug/marvin.elf
configparams force-mem-access 0
----------------End of Script----------------

15:42:05 INFO  : Context for processor 'ps7_cortexa9_0' is selected.
15:42:05 INFO  : 'con' command is executed.
15:42:05 INFO  : ----------------XSDB Script (After Launch)----------------
targets -set -nocase -filter {name =~ "*A9*#0"}
con
----------------End of Script----------------

15:42:05 INFO  : Launch script is exported to file '/home/kike/Desktop/marvin/marvin/marvin_system/_ide/scripts/debugger_marvin-default.tcl'
15:44:57 ERROR : (XSDB Server)Already running

15:45:43 INFO  : Checking for BSP changes to sync application flags for project 'marvin'...
15:45:47 INFO  : Disconnected from the channel tcfchan#3.
15:45:48 INFO  : Connected to target on host '127.0.0.1' and port '3121'.
15:45:48 INFO  : Jtag cable 'Xilinx TUL 1234-tulA' is selected.
15:45:48 INFO  : 'jtag frequency' command is executed.
15:45:49 INFO  : Context for 'APU' is selected.
15:45:49 INFO  : System reset is completed.
15:45:52 INFO  : 'after 3000' command is executed.
15:45:52 INFO  : 'targets -set -filter {jtag_cable_name =~ "Xilinx TUL 1234-tulA" && level==0 && jtag_device_ctx=="jsn-TUL-1234-tulA-23727093-0"}' command is executed.
15:45:54 INFO  : Device configured successfully with "/home/kike/Desktop/marvin/marvin/marvin/_ide/bitstream/pynq_z2_bram_wrapper.bit"
15:45:54 INFO  : Context for 'APU' is selected.
15:45:55 INFO  : Hardware design and registers information is loaded from '/home/kike/Desktop/marvin/marvin/pynq_z2_bram_wrapper/export/pynq_z2_bram_wrapper/hw/pynq_z2_bram_wrapper.xsa'.
15:45:55 INFO  : 'configparams force-mem-access 1' command is executed.
15:45:55 INFO  : Context for 'APU' is selected.
15:45:55 INFO  : Sourcing of '/home/kike/Desktop/marvin/marvin/marvin/_ide/psinit/ps7_init.tcl' is done.
15:45:55 INFO  : 'ps7_init' command is executed.
15:45:55 INFO  : 'ps7_post_config' command is executed.
15:45:55 INFO  : Context for processor 'ps7_cortexa9_0' is selected.
15:45:55 INFO  : The application '/home/kike/Desktop/marvin/marvin/marvin/Debug/marvin.elf' is downloaded to processor 'ps7_cortexa9_0'.
15:45:56 INFO  : 'configparams force-mem-access 0' command is executed.
15:45:56 INFO  : ----------------XSDB Script----------------
connect -url tcp:127.0.0.1:3121
targets -set -nocase -filter {name =~"APU*"}
rst -system
after 3000
targets -set -filter {jtag_cable_name =~ "Xilinx TUL 1234-tulA" && level==0 && jtag_device_ctx=="jsn-TUL-1234-tulA-23727093-0"}
fpga -file /home/kike/Desktop/marvin/marvin/marvin/_ide/bitstream/pynq_z2_bram_wrapper.bit
targets -set -nocase -filter {name =~"APU*"}
loadhw -hw /home/kike/Desktop/marvin/marvin/pynq_z2_bram_wrapper/export/pynq_z2_bram_wrapper/hw/pynq_z2_bram_wrapper.xsa -mem-ranges [list {0x40000000 0xbfffffff}] -regs
configparams force-mem-access 1
targets -set -nocase -filter {name =~"APU*"}
source /home/kike/Desktop/marvin/marvin/marvin/_ide/psinit/ps7_init.tcl
ps7_init
ps7_post_config
targets -set -nocase -filter {name =~ "*A9*#0"}
dow /home/kike/Desktop/marvin/marvin/marvin/Debug/marvin.elf
configparams force-mem-access 0
----------------End of Script----------------

15:45:56 INFO  : Context for processor 'ps7_cortexa9_0' is selected.
15:45:56 INFO  : 'con' command is executed.
15:45:56 INFO  : ----------------XSDB Script (After Launch)----------------
targets -set -nocase -filter {name =~ "*A9*#0"}
con
----------------End of Script----------------

15:45:56 INFO  : Launch script is exported to file '/home/kike/Desktop/marvin/marvin/marvin_system/_ide/scripts/debugger_marvin-default.tcl'
15:46:03 ERROR : (XSDB Server)Already running

15:46:45 ERROR : (XSDB Server)Already running

15:47:25 INFO  : Checking for BSP changes to sync application flags for project 'marvin'...
19:03:27 INFO  : Disconnected from the channel tcfchan#4.
10:38:02 DEBUG : Logs will be stored at '/home/kike/Desktop/marvin/marvin/IDE.log'.
10:38:02 INFO  : Launching XSCT server: xsct -n  -interactive /home/kike/Desktop/marvin/marvin/temp_xsdb_launch_script.tcl
10:38:04 INFO  : XSCT server has started successfully.
10:38:04 INFO  : Successfully done setting XSCT server connection channel  
10:38:04 INFO  : Registering command handlers for Vitis TCF services
10:38:05 INFO  : plnx-install-location is set to ''
10:38:05 INFO  : Successfully done setting workspace for the tool. 
10:38:05 INFO  : Successfully done query RDI_DATADIR 
10:38:05 INFO  : Platform repository initialization has completed.
12:37:36 INFO  : Checking for BSP changes to sync application flags for project 'marvin'...
12:38:22 INFO  : Checking for BSP changes to sync application flags for project 'marvin'...
12:46:55 INFO  : Checking for BSP changes to sync application flags for project 'marvin'...
12:51:15 INFO  : Checking for BSP changes to sync application flags for project 'marvin'...
13:07:00 INFO  : Checking for BSP changes to sync application flags for project 'marvin'...
13:11:07 INFO  : Checking for BSP changes to sync application flags for project 'marvin'...
13:11:59 INFO  : Checking for BSP changes to sync application flags for project 'marvin'...
13:25:38 INFO  : Checking for BSP changes to sync application flags for project 'marvin'...
13:28:43 INFO  : Checking for BSP changes to sync application flags for project 'marvin'...
13:32:58 INFO  : Checking for BSP changes to sync application flags for project 'marvin'...
13:33:37 INFO  : Checking for BSP changes to sync application flags for project 'marvin'...
13:34:29 INFO  : Checking for BSP changes to sync application flags for project 'marvin'...
13:40:38 INFO  : Checking for BSP changes to sync application flags for project 'marvin'...
13:44:09 INFO  : Checking for BSP changes to sync application flags for project 'marvin'...
13:44:19 INFO  : Checking for BSP changes to sync application flags for project 'marvin'...
13:44:45 INFO  : Checking for BSP changes to sync application flags for project 'marvin'...
13:46:13 INFO  : Checking for BSP changes to sync application flags for project 'marvin'...
13:46:29 INFO  : Checking for BSP changes to sync application flags for project 'marvin'...
13:46:59 INFO  : Checking for BSP changes to sync application flags for project 'marvin'...
13:47:15 INFO  : Checking for BSP changes to sync application flags for project 'marvin'...
13:47:20 INFO  : Checking for BSP changes to sync application flags for project 'marvin'...
13:47:50 DEBUG : Logs will be stored at '/home/kike/Desktop/marvin/marvin/IDE.log'.
13:47:51 INFO  : Launching XSCT server: xsct -n  -interactive /home/kike/Desktop/marvin/marvin/temp_xsdb_launch_script.tcl
13:47:52 INFO  : XSCT server has started successfully.
13:47:52 INFO  : Successfully done setting XSCT server connection channel  
13:47:52 INFO  : plnx-install-location is set to ''
13:47:52 INFO  : Successfully done setting workspace for the tool. 
13:47:52 INFO  : Successfully done query RDI_DATADIR 
13:47:53 INFO  : Registering command handlers for Vitis TCF services
13:47:53 INFO  : Platform repository initialization has completed.
13:47:58 INFO  : Checking for BSP changes to sync application flags for project 'marvin'...
13:48:04 INFO  : Checking for BSP changes to sync application flags for project 'marvin'...
13:48:12 INFO  : Checking for BSP changes to sync application flags for project 'marvin'...
13:48:19 INFO  : Connected to target on host '127.0.0.1' and port '3121'.
13:48:19 INFO  : Jtag cable 'Xilinx TUL 1234-tulA' is selected.
13:48:19 INFO  : 'jtag frequency' command is executed.
13:48:19 INFO  : Context for 'APU' is selected.
13:48:19 INFO  : System reset is completed.
13:48:22 INFO  : 'after 3000' command is executed.
13:48:22 INFO  : 'targets -set -filter {jtag_cable_name =~ "Xilinx TUL 1234-tulA" && level==0 && jtag_device_ctx=="jsn-TUL-1234-tulA-23727093-0"}' command is executed.
13:48:25 INFO  : Device configured successfully with "/home/kike/Desktop/marvin/marvin/marvin/_ide/bitstream/pynq_z2_bram_wrapper.bit"
13:48:25 INFO  : Context for 'APU' is selected.
13:48:25 INFO  : Hardware design and registers information is loaded from '/home/kike/Desktop/marvin/marvin/pynq_z2_bram_wrapper/export/pynq_z2_bram_wrapper/hw/pynq_z2_bram_wrapper.xsa'.
13:48:25 INFO  : 'configparams force-mem-access 1' command is executed.
13:48:25 INFO  : Context for 'APU' is selected.
13:48:25 INFO  : Sourcing of '/home/kike/Desktop/marvin/marvin/marvin/_ide/psinit/ps7_init.tcl' is done.
13:48:25 INFO  : 'ps7_init' command is executed.
13:48:25 INFO  : 'ps7_post_config' command is executed.
13:48:25 INFO  : 'configparams force-mem-access 0' command is executed.
13:48:25 INFO  : ----------------XSDB Script----------------
connect -url tcp:127.0.0.1:3121
targets -set -nocase -filter {name =~"APU*"}
rst -system
after 3000
targets -set -filter {jtag_cable_name =~ "Xilinx TUL 1234-tulA" && level==0 && jtag_device_ctx=="jsn-TUL-1234-tulA-23727093-0"}
fpga -file /home/kike/Desktop/marvin/marvin/marvin/_ide/bitstream/pynq_z2_bram_wrapper.bit
targets -set -nocase -filter {name =~"APU*"}
loadhw -hw /home/kike/Desktop/marvin/marvin/pynq_z2_bram_wrapper/export/pynq_z2_bram_wrapper/hw/pynq_z2_bram_wrapper.xsa -mem-ranges [list {0x40000000 0xbfffffff}] -regs
configparams force-mem-access 1
targets -set -nocase -filter {name =~"APU*"}
source /home/kike/Desktop/marvin/marvin/marvin/_ide/psinit/ps7_init.tcl
ps7_init
ps7_post_config
configparams force-mem-access 0
----------------End of Script----------------

13:48:25 INFO  : Launch script is exported to file '/home/kike/Desktop/marvin/marvin/marvin_system/_ide/scripts/debugger_marvin-default.tcl'
13:49:02 ERROR : (XSDB Server)cannot update program counter

13:49:12 INFO  : Disconnected from the channel tcfchan#1.
13:49:15 INFO  : Connected to target on host '127.0.0.1' and port '3121'.
13:49:16 INFO  : Jtag cable 'Xilinx TUL 1234-tulA' is selected.
13:49:16 INFO  : 'jtag frequency' command is executed.
13:49:16 INFO  : Context for 'APU' is selected.
13:49:16 INFO  : System reset is completed.
13:49:19 INFO  : 'after 3000' command is executed.
13:49:19 INFO  : 'targets -set -filter {jtag_cable_name =~ "Xilinx TUL 1234-tulA" && level==0 && jtag_device_ctx=="jsn-TUL-1234-tulA-23727093-0"}' command is executed.
13:49:21 INFO  : Device configured successfully with "/home/kike/Desktop/marvin/marvin/marvin/_ide/bitstream/pynq_z2_bram_wrapper.bit"
13:49:21 INFO  : Context for 'APU' is selected.
13:49:22 INFO  : Hardware design and registers information is loaded from '/home/kike/Desktop/marvin/marvin/pynq_z2_bram_wrapper/export/pynq_z2_bram_wrapper/hw/pynq_z2_bram_wrapper.xsa'.
13:49:22 INFO  : 'configparams force-mem-access 1' command is executed.
13:49:22 INFO  : Context for 'APU' is selected.
13:49:22 INFO  : Sourcing of '/home/kike/Desktop/marvin/marvin/marvin/_ide/psinit/ps7_init.tcl' is done.
13:49:22 INFO  : 'ps7_init' command is executed.
13:49:22 INFO  : 'ps7_post_config' command is executed.
13:49:22 INFO  : 'configparams force-mem-access 0' command is executed.
13:49:22 INFO  : ----------------XSDB Script----------------
connect -url tcp:127.0.0.1:3121
targets -set -nocase -filter {name =~"APU*"}
rst -system
after 3000
targets -set -filter {jtag_cable_name =~ "Xilinx TUL 1234-tulA" && level==0 && jtag_device_ctx=="jsn-TUL-1234-tulA-23727093-0"}
fpga -file /home/kike/Desktop/marvin/marvin/marvin/_ide/bitstream/pynq_z2_bram_wrapper.bit
targets -set -nocase -filter {name =~"APU*"}
loadhw -hw /home/kike/Desktop/marvin/marvin/pynq_z2_bram_wrapper/export/pynq_z2_bram_wrapper/hw/pynq_z2_bram_wrapper.xsa -mem-ranges [list {0x40000000 0xbfffffff}] -regs
configparams force-mem-access 1
targets -set -nocase -filter {name =~"APU*"}
source /home/kike/Desktop/marvin/marvin/marvin/_ide/psinit/ps7_init.tcl
ps7_init
ps7_post_config
configparams force-mem-access 0
----------------End of Script----------------

13:49:22 INFO  : Launch script is exported to file '/home/kike/Desktop/marvin/marvin/marvin_system/_ide/scripts/debugger_marvin-default.tcl'
13:49:28 INFO  : Checking for BSP changes to sync application flags for project 'marvin'...
13:49:46 INFO  : Checking for BSP changes to sync application flags for project 'marvin'...
13:49:51 INFO  : Checking for BSP changes to sync application flags for project 'marvin'...
13:50:20 INFO  : Checking for BSP changes to sync application flags for project 'marvin'...
13:50:33 INFO  : Checking for BSP changes to sync application flags for project 'marvin'...
13:50:55 INFO  : Checking for BSP changes to sync application flags for project 'marvin'...
13:51:01 INFO  : Checking for BSP changes to sync application flags for project 'marvin'...
13:51:11 INFO  : Checking for BSP changes to sync application flags for project 'marvin'...
13:51:32 INFO  : Checking for BSP changes to sync application flags for project 'marvin'...
13:52:57 INFO  : Checking for BSP changes to sync application flags for project 'marvin'...
13:52:59 INFO  : Checking for BSP changes to sync application flags for project 'marvin'...
13:53:10 INFO  : Checking for BSP changes to sync application flags for project 'marvin'...
13:53:15 INFO  : Checking for BSP changes to sync application flags for project 'marvin'...
13:53:20 INFO  : Checking for BSP changes to sync application flags for project 'marvin'...
13:53:26 INFO  : Result from executing command 'removePlatformRepo': 
13:53:37 INFO  : Result from executing command 'getProjects': pynq_z2_bram_wrapper
13:53:37 INFO  : Result from executing command 'getPlatforms': xilinx_vck190_base_202410_1|/tools/Xilinx/Vitis/2024.1/base_platforms/xilinx_vck190_base_202410_1/xilinx_vck190_base_202410_1.xpfm;xilinx_vck190_base_dfx_202410_1|/tools/Xilinx/Vitis/2024.1/base_platforms/xilinx_vck190_base_dfx_202410_1/xilinx_vck190_base_dfx_202410_1.xpfm;xilinx_vek280_base_202410_1|/tools/Xilinx/Vitis/2024.1/base_platforms/xilinx_vek280_base_202410_1/xilinx_vek280_base_202410_1.xpfm;xilinx_vek280_base_bdc_202410_1|/tools/Xilinx/Vitis/2024.1/base_platforms/xilinx_vek280_base_bdc_202410_1/xilinx_vek280_base_bdc_202410_1.xpfm;xilinx_vmk180_base_202410_1|/tools/Xilinx/Vitis/2024.1/base_platforms/xilinx_vmk180_base_202410_1/xilinx_vmk180_base_202410_1.xpfm;xilinx_zcu102_base_202410_1|/tools/Xilinx/Vitis/2024.1/base_platforms/xilinx_zcu102_base_202410_1/xilinx_zcu102_base_202410_1.xpfm;xilinx_zcu102_base_dfx_202410_1|/tools/Xilinx/Vitis/2024.1/base_platforms/xilinx_zcu102_base_dfx_202410_1/xilinx_zcu102_base_dfx_202410_1.xpfm;xilinx_zcu104_base_202410_1|/tools/Xilinx/Vitis/2024.1/base_platforms/xilinx_zcu104_base_202410_1/xilinx_zcu104_base_202410_1.xpfm
13:53:41 INFO  : Checking for BSP changes to sync application flags for project 'marvin'...
13:54:46 INFO  : Checking for BSP changes to sync application flags for project 'marvin'...
13:57:28 INFO  : Checking for BSP changes to sync application flags for project 'marvin'...
13:58:33 INFO  : Checking for BSP changes to sync application flags for project 'marvin'...
14:52:19 DEBUG : Logs will be stored at '/home/kike/Desktop/marvin/marvin/IDE.log'.
14:52:20 INFO  : Launching XSCT server: xsct -n  -interactive /home/kike/Desktop/marvin/marvin/temp_xsdb_launch_script.tcl
14:52:21 INFO  : Registering command handlers for Vitis TCF services
14:52:22 INFO  : Platform repository initialization has completed.
14:52:24 INFO  : XSCT server has started successfully.
14:52:24 INFO  : plnx-install-location is set to ''
14:52:24 INFO  : Successfully done setting XSCT server connection channel  
14:52:24 INFO  : Successfully done query RDI_DATADIR 
14:52:24 INFO  : Successfully done setting workspace for the tool. 
14:52:32 INFO  : Result from executing command 'getProjects': pynq_z2_bram_wrapper
14:52:32 INFO  : Result from executing command 'getPlatforms': pynq_z2_bram_wrapper|/home/kike/Desktop/marvin/marvin/pynq_z2_bram_wrapper/export/pynq_z2_bram_wrapper/pynq_z2_bram_wrapper.xpfm;xilinx_vck190_base_202410_1|/tools/Xilinx/Vitis/2024.1/base_platforms/xilinx_vck190_base_202410_1/xilinx_vck190_base_202410_1.xpfm;xilinx_vck190_base_dfx_202410_1|/tools/Xilinx/Vitis/2024.1/base_platforms/xilinx_vck190_base_dfx_202410_1/xilinx_vck190_base_dfx_202410_1.xpfm;xilinx_vek280_base_202410_1|/tools/Xilinx/Vitis/2024.1/base_platforms/xilinx_vek280_base_202410_1/xilinx_vek280_base_202410_1.xpfm;xilinx_vek280_base_bdc_202410_1|/tools/Xilinx/Vitis/2024.1/base_platforms/xilinx_vek280_base_bdc_202410_1/xilinx_vek280_base_bdc_202410_1.xpfm;xilinx_vmk180_base_202410_1|/tools/Xilinx/Vitis/2024.1/base_platforms/xilinx_vmk180_base_202410_1/xilinx_vmk180_base_202410_1.xpfm;xilinx_zcu102_base_202410_1|/tools/Xilinx/Vitis/2024.1/base_platforms/xilinx_zcu102_base_202410_1/xilinx_zcu102_base_202410_1.xpfm;xilinx_zcu102_base_dfx_202410_1|/tools/Xilinx/Vitis/2024.1/base_platforms/xilinx_zcu102_base_dfx_202410_1/xilinx_zcu102_base_dfx_202410_1.xpfm;xilinx_zcu104_base_202410_1|/tools/Xilinx/Vitis/2024.1/base_platforms/xilinx_zcu104_base_202410_1/xilinx_zcu104_base_202410_1.xpfm
14:52:35 INFO  : Checking for BSP changes to sync application flags for project 'marvin'...
