TRACE::2024-07-15.16:41:29::SCWPlatform::Trying to open the hw design at /home/kike/Desktop/marvin/marvin/pynq_z2_bram_wrapper/hw/pynq_z2_bram_wrapper.xsa
TRACE::2024-07-15.16:41:29::SCWPlatform::DSA given /home/kike/Desktop/marvin/marvin/pynq_z2_bram_wrapper/hw/pynq_z2_bram_wrapper.xsa
TRACE::2024-07-15.16:41:29::SCWPlatform::DSA absoulate path /home/kike/Desktop/marvin/marvin/pynq_z2_bram_wrapper/hw/pynq_z2_bram_wrapper.xsa
TRACE::2024-07-15.16:41:29::SCWPlatform::DSA directory /home/kike/Desktop/marvin/marvin/pynq_z2_bram_wrapper/hw
TRACE::2024-07-15.16:41:29::SCWPlatform:: Platform Path /home/kike/Desktop/marvin/marvin/pynq_z2_bram_wrapper/hw/pynq_z2_bram_wrapper.xsa
TRACE::2024-07-15.16:41:29::SCWPlatform:: Unique name xilinx:pynq-z2::0.0
TRACE::2024-07-15.16:41:29::SCWPlatform::Do not have an existing db opened. 
TRACE::2024-07-15.16:41:30::SCWPlatform::Opened new HwDB with name pynq_z2_bram_wrapper_0
TRACE::2024-07-15.16:41:30::SCWWriter::formatted JSON is {
	"platformName":	"pynq_z2_bram_wrapper",
	"sprVersion":	"2.0",
	"mode":	"gui",
	"dsaType":	"Fixed",
	"platformDesc":	"pynq_z2_bram_wrapper",
	"platHandOff":	"/home/kike/Desktop/marvin/vivado_project/pynq_z2_bram/pynq_z2_bram_wrapper.xsa",
	"platIntHandOff":	"<platformDir>/hw/pynq_z2_bram_wrapper.xsa",
	"deviceType":	"zynq",
	"platIsPrebuiltAutogen":	"false",
	"platIsNoBootBsp":	"false",
	"hasFsblMakeHasChanges":	"false",
	"hasPmufwMakeHasChanges":	"false",
	"platPreBuiltFlag":	false,
	"platformSamplesDir":	""
}
TRACE::2024-07-15.16:41:30::SCWWriter::formatted JSON is {
	"platformName":	"pynq_z2_bram_wrapper",
	"sprVersion":	"2.0",
	"mode":	"gui",
	"dsaType":	"Fixed",
	"platformDesc":	"pynq_z2_bram_wrapper",
	"platHandOff":	"/home/kike/Desktop/marvin/vivado_project/pynq_z2_bram/pynq_z2_bram_wrapper.xsa",
	"platIntHandOff":	"<platformDir>/hw/pynq_z2_bram_wrapper.xsa",
	"deviceType":	"zynq",
	"platIsPrebuiltAutogen":	"false",
	"platIsNoBootBsp":	"false",
	"hasFsblMakeHasChanges":	"false",
	"hasPmufwMakeHasChanges":	"false",
	"platPreBuiltFlag":	false,
	"platformSamplesDir":	"",
	"platActiveSys":	"pynq_z2_bram_wrapper",
	"systems":	[{
			"systemName":	"pynq_z2_bram_wrapper",
			"systemDesc":	"pynq_z2_bram_wrapper",
			"sysIsBootAutoGen":	"true",
			"systemDispName":	"pynq_z2_bram_wrapper"
		}]
}
TRACE::2024-07-15.16:41:30::SCWPlatform::Boot application domains not present, creating them
TRACE::2024-07-15.16:41:30::SCWDomain::checking for install qemu data   : 
TRACE::2024-07-15.16:41:30::SCWDomain:: Using the QEMU Data from install at  : /tools/Xilinx/Vitis/2024.1/data/emulation/platforms/zynq/sw/a9_standalone/qemu/
TRACE::2024-07-15.16:41:30::SCWDomain:: Using the QEMU args  from install at  : /tools/Xilinx/Vitis/2024.1/data/emulation/platforms/zynq/sw/a9_standalone/qemu/qemu_args.txt
TRACE::2024-07-15.16:41:30::SCWPlatform::Trying to open the hw design at /home/kike/Desktop/marvin/marvin/pynq_z2_bram_wrapper/hw/pynq_z2_bram_wrapper.xsa
TRACE::2024-07-15.16:41:30::SCWPlatform::DSA given /home/kike/Desktop/marvin/marvin/pynq_z2_bram_wrapper/hw/pynq_z2_bram_wrapper.xsa
TRACE::2024-07-15.16:41:30::SCWPlatform::DSA absoulate path /home/kike/Desktop/marvin/marvin/pynq_z2_bram_wrapper/hw/pynq_z2_bram_wrapper.xsa
TRACE::2024-07-15.16:41:30::SCWPlatform::DSA directory /home/kike/Desktop/marvin/marvin/pynq_z2_bram_wrapper/hw
TRACE::2024-07-15.16:41:30::SCWPlatform:: Platform Path /home/kike/Desktop/marvin/marvin/pynq_z2_bram_wrapper/hw/pynq_z2_bram_wrapper.xsa
TRACE::2024-07-15.16:41:30::SCWPlatform:: Unique name xilinx:pynq-z2::0.0
TRACE::2024-07-15.16:41:30::SCWPlatform::Trying to set the existing hwdb with name pynq_z2_bram_wrapper_0
TRACE::2024-07-15.16:41:30::SCWPlatform::Opened existing hwdb pynq_z2_bram_wrapper_0
TRACE::2024-07-15.16:41:30::SCWPlatform::Found the Hw Db part of the input DSA
TRACE::2024-07-15.16:41:30::SCWPlatform::Trying to open the hw design at /home/kike/Desktop/marvin/marvin/pynq_z2_bram_wrapper/hw/pynq_z2_bram_wrapper.xsa
TRACE::2024-07-15.16:41:30::SCWPlatform::DSA given /home/kike/Desktop/marvin/marvin/pynq_z2_bram_wrapper/hw/pynq_z2_bram_wrapper.xsa
TRACE::2024-07-15.16:41:30::SCWPlatform::DSA absoulate path /home/kike/Desktop/marvin/marvin/pynq_z2_bram_wrapper/hw/pynq_z2_bram_wrapper.xsa
TRACE::2024-07-15.16:41:30::SCWPlatform::DSA directory /home/kike/Desktop/marvin/marvin/pynq_z2_bram_wrapper/hw
TRACE::2024-07-15.16:41:30::SCWPlatform:: Platform Path /home/kike/Desktop/marvin/marvin/pynq_z2_bram_wrapper/hw/pynq_z2_bram_wrapper.xsa
TRACE::2024-07-15.16:41:30::SCWPlatform:: Unique name xilinx:pynq-z2::0.0
TRACE::2024-07-15.16:41:30::SCWPlatform::Trying to set the existing hwdb with name pynq_z2_bram_wrapper_0
TRACE::2024-07-15.16:41:30::SCWPlatform::Opened existing hwdb pynq_z2_bram_wrapper_0
TRACE::2024-07-15.16:41:30::SCWPlatform::Found the Hw Db part of the input DSA
TRACE::2024-07-15.16:41:30::SCWPlatform::Trying to open the hw design at /home/kike/Desktop/marvin/marvin/pynq_z2_bram_wrapper/hw/pynq_z2_bram_wrapper.xsa
TRACE::2024-07-15.16:41:30::SCWPlatform::DSA given /home/kike/Desktop/marvin/marvin/pynq_z2_bram_wrapper/hw/pynq_z2_bram_wrapper.xsa
TRACE::2024-07-15.16:41:30::SCWPlatform::DSA absoulate path /home/kike/Desktop/marvin/marvin/pynq_z2_bram_wrapper/hw/pynq_z2_bram_wrapper.xsa
TRACE::2024-07-15.16:41:30::SCWPlatform::DSA directory /home/kike/Desktop/marvin/marvin/pynq_z2_bram_wrapper/hw
TRACE::2024-07-15.16:41:30::SCWPlatform:: Platform Path /home/kike/Desktop/marvin/marvin/pynq_z2_bram_wrapper/hw/pynq_z2_bram_wrapper.xsa
TRACE::2024-07-15.16:41:30::SCWPlatform:: Unique name xilinx:pynq-z2::0.0
TRACE::2024-07-15.16:41:30::SCWPlatform::Trying to set the existing hwdb with name pynq_z2_bram_wrapper_0
TRACE::2024-07-15.16:41:30::SCWPlatform::Opened existing hwdb pynq_z2_bram_wrapper_0
TRACE::2024-07-15.16:41:30::SCWPlatform::Found the Hw Db part of the input DSA
TRACE::2024-07-15.16:41:30::SCWPlatform::Boot application domain added for zynq_fsbl
TRACE::2024-07-15.16:41:30::SCWPlatform::Generating the sources  .
TRACE::2024-07-15.16:41:30::SCWBDomain::Generating boot domain sources.
TRACE::2024-07-15.16:41:30::SCWBDomain:: Generating the zynq_fsbl Application.
TRACE::2024-07-15.16:41:30::SCWPlatform::Trying to open the hw design at /home/kike/Desktop/marvin/marvin/pynq_z2_bram_wrapper/hw/pynq_z2_bram_wrapper.xsa
TRACE::2024-07-15.16:41:30::SCWPlatform::DSA given /home/kike/Desktop/marvin/marvin/pynq_z2_bram_wrapper/hw/pynq_z2_bram_wrapper.xsa
TRACE::2024-07-15.16:41:30::SCWPlatform::DSA absoulate path /home/kike/Desktop/marvin/marvin/pynq_z2_bram_wrapper/hw/pynq_z2_bram_wrapper.xsa
TRACE::2024-07-15.16:41:30::SCWPlatform::DSA directory /home/kike/Desktop/marvin/marvin/pynq_z2_bram_wrapper/hw
TRACE::2024-07-15.16:41:30::SCWPlatform:: Platform Path /home/kike/Desktop/marvin/marvin/pynq_z2_bram_wrapper/hw/pynq_z2_bram_wrapper.xsa
TRACE::2024-07-15.16:41:30::SCWPlatform:: Unique name xilinx:pynq-z2::0.0
TRACE::2024-07-15.16:41:30::SCWPlatform::Trying to set the existing hwdb with name pynq_z2_bram_wrapper_0
TRACE::2024-07-15.16:41:30::SCWPlatform::Opened existing hwdb pynq_z2_bram_wrapper_0
TRACE::2024-07-15.16:41:30::SCWPlatform::Found the Hw Db part of the input DSA
TRACE::2024-07-15.16:41:30::SCWMssOS::Checking the sw design at  /home/kike/Desktop/marvin/marvin/pynq_z2_bram_wrapper/zynq_fsbl/zynq_fsbl_bsp/system.mss
TRACE::2024-07-15.16:41:30::SCWMssOS::DEBUG:  swdes dump  
TRACE::2024-07-15.16:41:30::SCWMssOS::No sw design opened at  /home/kike/Desktop/marvin/marvin/pynq_z2_bram_wrapper/zynq_fsbl/zynq_fsbl_bsp/system.mss
TRACE::2024-07-15.16:41:30::SCWMssOS::mss does not exists at /home/kike/Desktop/marvin/marvin/pynq_z2_bram_wrapper/zynq_fsbl/zynq_fsbl_bsp/system.mss
TRACE::2024-07-15.16:41:30::SCWMssOS::Creating sw design at  /home/kike/Desktop/marvin/marvin/pynq_z2_bram_wrapper/zynq_fsbl/zynq_fsbl_bsp/system.mss
TRACE::2024-07-15.16:41:30::SCWMssOS::Adding the swdes entry, created swdb /home/kike/Desktop/marvin/marvin/pynq_z2_bram_wrapper/zynq_fsbl/zynq_fsbl_bsp/system.mss with des name /home/kike/Desktop/marvin/marvin/pynq_z2_bram_wrapper/zynq_fsbl/zynq_fsbl_bsp/system.mss
TRACE::2024-07-15.16:41:30::SCWMssOS::updating the scw layer changes to swdes at   /home/kike/Desktop/marvin/marvin/pynq_z2_bram_wrapper/zynq_fsbl/zynq_fsbl_bsp/system.mss
TRACE::2024-07-15.16:41:30::SCWMssOS::Writing mss at /home/kike/Desktop/marvin/marvin/pynq_z2_bram_wrapper/zynq_fsbl/zynq_fsbl_bsp/system.mss
TRACE::2024-07-15.16:41:30::SCWMssOS::Completed writing the mss file at /home/kike/Desktop/marvin/marvin/pynq_z2_bram_wrapper/zynq_fsbl/zynq_fsbl_bsp
TRACE::2024-07-15.16:41:30::SCWMssOS::Picking up changes from newly written mss file into SCW Layer. 
TRACE::2024-07-15.16:41:30::SCWMssOS::Updated the changes from newly written mss file into SCW Layer. 
TRACE::2024-07-15.16:41:30::SCWBDomain::Completed writing the mss file at /home/kike/Desktop/marvin/marvin/pynq_z2_bram_wrapper/zynq_fsbl/zynq_fsbl_bsp
TRACE::2024-07-15.16:41:33::SCWPlatform::Generating sources Done.
TRACE::2024-07-15.16:41:33::SCWPlatform::Trying to open the hw design at /home/kike/Desktop/marvin/marvin/pynq_z2_bram_wrapper/hw/pynq_z2_bram_wrapper.xsa
TRACE::2024-07-15.16:41:33::SCWPlatform::DSA given /home/kike/Desktop/marvin/marvin/pynq_z2_bram_wrapper/hw/pynq_z2_bram_wrapper.xsa
TRACE::2024-07-15.16:41:33::SCWPlatform::DSA absoulate path /home/kike/Desktop/marvin/marvin/pynq_z2_bram_wrapper/hw/pynq_z2_bram_wrapper.xsa
TRACE::2024-07-15.16:41:33::SCWPlatform::DSA directory /home/kike/Desktop/marvin/marvin/pynq_z2_bram_wrapper/hw
TRACE::2024-07-15.16:41:33::SCWPlatform:: Platform Path /home/kike/Desktop/marvin/marvin/pynq_z2_bram_wrapper/hw/pynq_z2_bram_wrapper.xsa
TRACE::2024-07-15.16:41:33::SCWPlatform:: Unique name xilinx:pynq-z2::0.0
TRACE::2024-07-15.16:41:33::SCWPlatform::Trying to set the existing hwdb with name pynq_z2_bram_wrapper_0
TRACE::2024-07-15.16:41:33::SCWPlatform::Opened existing hwdb pynq_z2_bram_wrapper_0
TRACE::2024-07-15.16:41:33::SCWPlatform::Found the Hw Db part of the input DSA
TRACE::2024-07-15.16:41:33::SCWMssOS::Checking the sw design at  /home/kike/Desktop/marvin/marvin/pynq_z2_bram_wrapper/zynq_fsbl/zynq_fsbl_bsp/system.mss
TRACE::2024-07-15.16:41:33::SCWMssOS::DEBUG:  swdes dump  
TRACE::2024-07-15.16:41:33::SCWMssOS::No sw design opened at  /home/kike/Desktop/marvin/marvin/pynq_z2_bram_wrapper/zynq_fsbl/zynq_fsbl_bsp/system.mss
TRACE::2024-07-15.16:41:33::SCWMssOS::mss exists loading the mss file  /home/kike/Desktop/marvin/marvin/pynq_z2_bram_wrapper/zynq_fsbl/zynq_fsbl_bsp/system.mss
TRACE::2024-07-15.16:41:33::SCWMssOS::Opened the sw design from mss  /home/kike/Desktop/marvin/marvin/pynq_z2_bram_wrapper/zynq_fsbl/zynq_fsbl_bsp/system.mss
TRACE::2024-07-15.16:41:33::SCWMssOS::Adding the swdes entry /home/kike/Desktop/marvin/marvin/pynq_z2_bram_wrapper/zynq_fsbl/zynq_fsbl_bsp/system.mss with des name system
TRACE::2024-07-15.16:41:33::SCWMssOS::updating the scw layer about changes
TRACE::2024-07-15.16:41:33::SCWMssOS::Opened the sw design.  /home/kike/Desktop/marvin/marvin/pynq_z2_bram_wrapper/zynq_fsbl/zynq_fsbl_bsp/system.mss
TRACE::2024-07-15.16:41:33::SCWMssOS::Saving the mss changes /home/kike/Desktop/marvin/marvin/pynq_z2_bram_wrapper/zynq_fsbl/zynq_fsbl_bsp/system.mss
TRACE::2024-07-15.16:41:33::SCWMssOS::Found a swdesign opened with the mssfile.
TRACE::2024-07-15.16:41:33::SCWMssOS::Completed writemss as part of save.
TRACE::2024-07-15.16:41:33::SCWMssOS::Commit changes completed.
TRACE::2024-07-15.16:41:33::SCWPlatform::Trying to open the hw design at /home/kike/Desktop/marvin/marvin/pynq_z2_bram_wrapper/hw/pynq_z2_bram_wrapper.xsa
TRACE::2024-07-15.16:41:33::SCWPlatform::DSA given /home/kike/Desktop/marvin/marvin/pynq_z2_bram_wrapper/hw/pynq_z2_bram_wrapper.xsa
TRACE::2024-07-15.16:41:33::SCWPlatform::DSA absoulate path /home/kike/Desktop/marvin/marvin/pynq_z2_bram_wrapper/hw/pynq_z2_bram_wrapper.xsa
TRACE::2024-07-15.16:41:33::SCWPlatform::DSA directory /home/kike/Desktop/marvin/marvin/pynq_z2_bram_wrapper/hw
TRACE::2024-07-15.16:41:33::SCWPlatform:: Platform Path /home/kike/Desktop/marvin/marvin/pynq_z2_bram_wrapper/hw/pynq_z2_bram_wrapper.xsa
TRACE::2024-07-15.16:41:33::SCWPlatform:: Unique name xilinx:pynq-z2::0.0
TRACE::2024-07-15.16:41:33::SCWPlatform::Trying to set the existing hwdb with name pynq_z2_bram_wrapper_0
TRACE::2024-07-15.16:41:33::SCWPlatform::Opened existing hwdb pynq_z2_bram_wrapper_0
TRACE::2024-07-15.16:41:33::SCWPlatform::Found the Hw Db part of the input DSA
TRACE::2024-07-15.16:41:33::SCWMssOS::Checking the sw design at  /home/kike/Desktop/marvin/marvin/pynq_z2_bram_wrapper/zynq_fsbl/zynq_fsbl_bsp/system.mss
TRACE::2024-07-15.16:41:33::SCWMssOS::DEBUG:  swdes dump  /home/kike/Desktop/marvin/marvin/pynq_z2_bram_wrapper/zynq_fsbl/zynq_fsbl_bsp/system.mss|system||

TRACE::2024-07-15.16:41:33::SCWMssOS::Sw design exists and opened at  /home/kike/Desktop/marvin/marvin/pynq_z2_bram_wrapper/zynq_fsbl/zynq_fsbl_bsp/system.mss
TRACE::2024-07-15.16:41:33::SCWPlatform::Trying to open the hw design at /home/kike/Desktop/marvin/marvin/pynq_z2_bram_wrapper/hw/pynq_z2_bram_wrapper.xsa
TRACE::2024-07-15.16:41:33::SCWPlatform::DSA given /home/kike/Desktop/marvin/marvin/pynq_z2_bram_wrapper/hw/pynq_z2_bram_wrapper.xsa
TRACE::2024-07-15.16:41:33::SCWPlatform::DSA absoulate path /home/kike/Desktop/marvin/marvin/pynq_z2_bram_wrapper/hw/pynq_z2_bram_wrapper.xsa
TRACE::2024-07-15.16:41:33::SCWPlatform::DSA directory /home/kike/Desktop/marvin/marvin/pynq_z2_bram_wrapper/hw
TRACE::2024-07-15.16:41:33::SCWPlatform:: Platform Path /home/kike/Desktop/marvin/marvin/pynq_z2_bram_wrapper/hw/pynq_z2_bram_wrapper.xsa
TRACE::2024-07-15.16:41:33::SCWPlatform:: Unique name xilinx:pynq-z2::0.0
TRACE::2024-07-15.16:41:33::SCWPlatform::Trying to set the existing hwdb with name pynq_z2_bram_wrapper_0
TRACE::2024-07-15.16:41:33::SCWPlatform::Opened existing hwdb pynq_z2_bram_wrapper_0
TRACE::2024-07-15.16:41:33::SCWPlatform::Found the Hw Db part of the input DSA
TRACE::2024-07-15.16:41:33::SCWMssOS::Checking the sw design at  /home/kike/Desktop/marvin/marvin/pynq_z2_bram_wrapper/zynq_fsbl/zynq_fsbl_bsp/system.mss
TRACE::2024-07-15.16:41:33::SCWMssOS::DEBUG:  swdes dump  /home/kike/Desktop/marvin/marvin/pynq_z2_bram_wrapper/zynq_fsbl/zynq_fsbl_bsp/system.mss|system||

TRACE::2024-07-15.16:41:33::SCWMssOS::Sw design exists and opened at  /home/kike/Desktop/marvin/marvin/pynq_z2_bram_wrapper/zynq_fsbl/zynq_fsbl_bsp/system.mss
TRACE::2024-07-15.16:41:33::SCWPlatform::Trying to open the hw design at /home/kike/Desktop/marvin/marvin/pynq_z2_bram_wrapper/hw/pynq_z2_bram_wrapper.xsa
TRACE::2024-07-15.16:41:33::SCWPlatform::DSA given /home/kike/Desktop/marvin/marvin/pynq_z2_bram_wrapper/hw/pynq_z2_bram_wrapper.xsa
TRACE::2024-07-15.16:41:33::SCWPlatform::DSA absoulate path /home/kike/Desktop/marvin/marvin/pynq_z2_bram_wrapper/hw/pynq_z2_bram_wrapper.xsa
TRACE::2024-07-15.16:41:33::SCWPlatform::DSA directory /home/kike/Desktop/marvin/marvin/pynq_z2_bram_wrapper/hw
TRACE::2024-07-15.16:41:33::SCWPlatform:: Platform Path /home/kike/Desktop/marvin/marvin/pynq_z2_bram_wrapper/hw/pynq_z2_bram_wrapper.xsa
TRACE::2024-07-15.16:41:33::SCWPlatform:: Unique name xilinx:pynq-z2::0.0
TRACE::2024-07-15.16:41:33::SCWPlatform::Trying to set the existing hwdb with name pynq_z2_bram_wrapper_0
TRACE::2024-07-15.16:41:33::SCWPlatform::Opened existing hwdb pynq_z2_bram_wrapper_0
TRACE::2024-07-15.16:41:33::SCWPlatform::Found the Hw Db part of the input DSA
TRACE::2024-07-15.16:41:33::SCWMssOS::Checking the sw design at  /home/kike/Desktop/marvin/marvin/pynq_z2_bram_wrapper/zynq_fsbl/zynq_fsbl_bsp/system.mss
TRACE::2024-07-15.16:41:33::SCWMssOS::DEBUG:  swdes dump  /home/kike/Desktop/marvin/marvin/pynq_z2_bram_wrapper/zynq_fsbl/zynq_fsbl_bsp/system.mss|system||

TRACE::2024-07-15.16:41:33::SCWMssOS::Sw design exists and opened at  /home/kike/Desktop/marvin/marvin/pynq_z2_bram_wrapper/zynq_fsbl/zynq_fsbl_bsp/system.mss
TRACE::2024-07-15.16:41:33::SCWWriter::formatted JSON is {
	"platformName":	"pynq_z2_bram_wrapper",
	"sprVersion":	"2.0",
	"mode":	"gui",
	"dsaType":	"Fixed",
	"platformDesc":	"pynq_z2_bram_wrapper",
	"platHandOff":	"/home/kike/Desktop/marvin/vivado_project/pynq_z2_bram/pynq_z2_bram_wrapper.xsa",
	"platIntHandOff":	"<platformDir>/hw/pynq_z2_bram_wrapper.xsa",
	"deviceType":	"zynq",
	"platIsPrebuiltAutogen":	"false",
	"platIsNoBootBsp":	"false",
	"platFsblTarget":	"ps7_cortexa9_0",
	"hasFsblMakeHasChanges":	"false",
	"hasPmufwMakeHasChanges":	"false",
	"fsblExtraCompilerFlags":	"-MMD -MP       -mcpu=cortex-a9 -mfpu=vfpv3 -mfloat-abi=hard ",
	"platPreBuiltFlag":	false,
	"platformSamplesDir":	"",
	"platActiveSys":	"pynq_z2_bram_wrapper",
	"systems":	[{
			"systemName":	"pynq_z2_bram_wrapper",
			"systemDesc":	"pynq_z2_bram_wrapper",
			"sysIsBootAutoGen":	"true",
			"systemDispName":	"pynq_z2_bram_wrapper",
			"sysActiveDom":	"zynq_fsbl",
			"sysDefaultDom":	"",
			"domains":	[{
					"domainName":	"zynq_fsbl",
					"domainDispName":	"zynq_fsbl",
					"domainDesc":	"FSBL Application BSP - Auto Generated.",
					"processors":	"ps7_cortexa9_0",
					"os":	"standalone",
					"sdxOs":	"standalone",
					"debugEnable":	"",
					"domRuntimes":	["cpp"],
					"swRepo":	"",
					"mssOsVer":	"9.1",
					"mssFile":	"",
					"md5Digest":	"409d1989a24d76fe76b05e785092fa28",
					"compatibleApp":	"zynq_fsbl",
					"domType":	"bootDomain",
					"arch":	"32-bit",
					"appSettings":	{
						"appCompilerFlags":	"",
						"appLinkerFlags":	""
					},
					"addedLibs":	["xilffs:5.2", "xilrsa:1.8"],
					"libOptions":	{
						"libsContainingOptions":	[]
					},
					"prebuiltLibs":	{
						"prebuiltIncPath":	[],
						"prebuiltLibPath":	[]
					},
					"isolation":	{
					}
				}]
		}]
}
TRACE::2024-07-15.16:41:33::SCWMssOS::Saving the mss changes /home/kike/Desktop/marvin/marvin/pynq_z2_bram_wrapper/zynq_fsbl/zynq_fsbl_bsp/system.mss
TRACE::2024-07-15.16:41:33::SCWMssOS::Found a swdesign opened with the mssfile.
TRACE::2024-07-15.16:41:33::SCWMssOS::Completed writemss as part of save.
TRACE::2024-07-15.16:41:33::SCWMssOS::Commit changes completed.
TRACE::2024-07-15.16:41:33::SCWPlatform::Trying to open the hw design at /home/kike/Desktop/marvin/marvin/pynq_z2_bram_wrapper/hw/pynq_z2_bram_wrapper.xsa
TRACE::2024-07-15.16:41:33::SCWPlatform::DSA given /home/kike/Desktop/marvin/marvin/pynq_z2_bram_wrapper/hw/pynq_z2_bram_wrapper.xsa
TRACE::2024-07-15.16:41:33::SCWPlatform::DSA absoulate path /home/kike/Desktop/marvin/marvin/pynq_z2_bram_wrapper/hw/pynq_z2_bram_wrapper.xsa
TRACE::2024-07-15.16:41:33::SCWPlatform::DSA directory /home/kike/Desktop/marvin/marvin/pynq_z2_bram_wrapper/hw
TRACE::2024-07-15.16:41:33::SCWPlatform:: Platform Path /home/kike/Desktop/marvin/marvin/pynq_z2_bram_wrapper/hw/pynq_z2_bram_wrapper.xsa
TRACE::2024-07-15.16:41:33::SCWPlatform:: Unique name xilinx:pynq-z2::0.0
TRACE::2024-07-15.16:41:33::SCWPlatform::Trying to set the existing hwdb with name pynq_z2_bram_wrapper_0
TRACE::2024-07-15.16:41:33::SCWPlatform::Opened existing hwdb pynq_z2_bram_wrapper_0
TRACE::2024-07-15.16:41:33::SCWPlatform::Found the Hw Db part of the input DSA
TRACE::2024-07-15.16:41:33::SCWMssOS::Checking the sw design at  /home/kike/Desktop/marvin/marvin/pynq_z2_bram_wrapper/zynq_fsbl/zynq_fsbl_bsp/system.mss
TRACE::2024-07-15.16:41:33::SCWMssOS::DEBUG:  swdes dump  /home/kike/Desktop/marvin/marvin/pynq_z2_bram_wrapper/zynq_fsbl/zynq_fsbl_bsp/system.mss|system||

TRACE::2024-07-15.16:41:33::SCWMssOS::Sw design exists and opened at  /home/kike/Desktop/marvin/marvin/pynq_z2_bram_wrapper/zynq_fsbl/zynq_fsbl_bsp/system.mss
TRACE::2024-07-15.16:41:33::SCWPlatform::Trying to open the hw design at /home/kike/Desktop/marvin/marvin/pynq_z2_bram_wrapper/hw/pynq_z2_bram_wrapper.xsa
TRACE::2024-07-15.16:41:33::SCWPlatform::DSA given /home/kike/Desktop/marvin/marvin/pynq_z2_bram_wrapper/hw/pynq_z2_bram_wrapper.xsa
TRACE::2024-07-15.16:41:33::SCWPlatform::DSA absoulate path /home/kike/Desktop/marvin/marvin/pynq_z2_bram_wrapper/hw/pynq_z2_bram_wrapper.xsa
TRACE::2024-07-15.16:41:33::SCWPlatform::DSA directory /home/kike/Desktop/marvin/marvin/pynq_z2_bram_wrapper/hw
TRACE::2024-07-15.16:41:33::SCWPlatform:: Platform Path /home/kike/Desktop/marvin/marvin/pynq_z2_bram_wrapper/hw/pynq_z2_bram_wrapper.xsa
TRACE::2024-07-15.16:41:33::SCWPlatform:: Unique name xilinx:pynq-z2::0.0
TRACE::2024-07-15.16:41:33::SCWPlatform::Trying to set the existing hwdb with name pynq_z2_bram_wrapper_0
TRACE::2024-07-15.16:41:33::SCWPlatform::Opened existing hwdb pynq_z2_bram_wrapper_0
TRACE::2024-07-15.16:41:33::SCWPlatform::Found the Hw Db part of the input DSA
TRACE::2024-07-15.16:41:33::SCWMssOS::Checking the sw design at  /home/kike/Desktop/marvin/marvin/pynq_z2_bram_wrapper/zynq_fsbl/zynq_fsbl_bsp/system.mss
TRACE::2024-07-15.16:41:33::SCWMssOS::DEBUG:  swdes dump  /home/kike/Desktop/marvin/marvin/pynq_z2_bram_wrapper/zynq_fsbl/zynq_fsbl_bsp/system.mss|system||

TRACE::2024-07-15.16:41:33::SCWMssOS::Sw design exists and opened at  /home/kike/Desktop/marvin/marvin/pynq_z2_bram_wrapper/zynq_fsbl/zynq_fsbl_bsp/system.mss
TRACE::2024-07-15.16:41:33::SCWPlatform::Trying to open the hw design at /home/kike/Desktop/marvin/marvin/pynq_z2_bram_wrapper/hw/pynq_z2_bram_wrapper.xsa
TRACE::2024-07-15.16:41:33::SCWPlatform::DSA given /home/kike/Desktop/marvin/marvin/pynq_z2_bram_wrapper/hw/pynq_z2_bram_wrapper.xsa
TRACE::2024-07-15.16:41:33::SCWPlatform::DSA absoulate path /home/kike/Desktop/marvin/marvin/pynq_z2_bram_wrapper/hw/pynq_z2_bram_wrapper.xsa
TRACE::2024-07-15.16:41:33::SCWPlatform::DSA directory /home/kike/Desktop/marvin/marvin/pynq_z2_bram_wrapper/hw
TRACE::2024-07-15.16:41:33::SCWPlatform:: Platform Path /home/kike/Desktop/marvin/marvin/pynq_z2_bram_wrapper/hw/pynq_z2_bram_wrapper.xsa
TRACE::2024-07-15.16:41:33::SCWPlatform:: Unique name xilinx:pynq-z2::0.0
TRACE::2024-07-15.16:41:33::SCWPlatform::Trying to set the existing hwdb with name pynq_z2_bram_wrapper_0
TRACE::2024-07-15.16:41:33::SCWPlatform::Opened existing hwdb pynq_z2_bram_wrapper_0
TRACE::2024-07-15.16:41:33::SCWPlatform::Found the Hw Db part of the input DSA
TRACE::2024-07-15.16:41:33::SCWMssOS::Checking the sw design at  /home/kike/Desktop/marvin/marvin/pynq_z2_bram_wrapper/zynq_fsbl/zynq_fsbl_bsp/system.mss
TRACE::2024-07-15.16:41:33::SCWMssOS::DEBUG:  swdes dump  /home/kike/Desktop/marvin/marvin/pynq_z2_bram_wrapper/zynq_fsbl/zynq_fsbl_bsp/system.mss|system||

TRACE::2024-07-15.16:41:33::SCWMssOS::Sw design exists and opened at  /home/kike/Desktop/marvin/marvin/pynq_z2_bram_wrapper/zynq_fsbl/zynq_fsbl_bsp/system.mss
TRACE::2024-07-15.16:41:33::SCWWriter::formatted JSON is {
	"platformName":	"pynq_z2_bram_wrapper",
	"sprVersion":	"2.0",
	"mode":	"gui",
	"dsaType":	"Fixed",
	"platformDesc":	"pynq_z2_bram_wrapper",
	"platHandOff":	"/home/kike/Desktop/marvin/vivado_project/pynq_z2_bram/pynq_z2_bram_wrapper.xsa",
	"platIntHandOff":	"<platformDir>/hw/pynq_z2_bram_wrapper.xsa",
	"deviceType":	"zynq",
	"platIsPrebuiltAutogen":	"false",
	"platIsNoBootBsp":	"false",
	"platFsblTarget":	"ps7_cortexa9_0",
	"hasFsblMakeHasChanges":	"false",
	"hasPmufwMakeHasChanges":	"false",
	"fsblExtraCompilerFlags":	"-MMD -MP       -mcpu=cortex-a9 -mfpu=vfpv3 -mfloat-abi=hard ",
	"platPreBuiltFlag":	false,
	"platformSamplesDir":	"",
	"platActiveSys":	"pynq_z2_bram_wrapper",
	"systems":	[{
			"systemName":	"pynq_z2_bram_wrapper",
			"systemDesc":	"pynq_z2_bram_wrapper",
			"sysIsBootAutoGen":	"true",
			"systemDispName":	"pynq_z2_bram_wrapper",
			"sysActiveDom":	"zynq_fsbl",
			"sysDefaultDom":	"",
			"domains":	[{
					"domainName":	"zynq_fsbl",
					"domainDispName":	"zynq_fsbl",
					"domainDesc":	"FSBL Application BSP - Auto Generated.",
					"processors":	"ps7_cortexa9_0",
					"os":	"standalone",
					"sdxOs":	"standalone",
					"debugEnable":	"",
					"domRuntimes":	["cpp"],
					"swRepo":	"",
					"mssOsVer":	"9.1",
					"mssFile":	"",
					"md5Digest":	"409d1989a24d76fe76b05e785092fa28",
					"compatibleApp":	"zynq_fsbl",
					"domType":	"bootDomain",
					"arch":	"32-bit",
					"appSettings":	{
						"appCompilerFlags":	"",
						"appLinkerFlags":	""
					},
					"addedLibs":	["xilffs:5.2", "xilrsa:1.8"],
					"libOptions":	{
						"libsContainingOptions":	[]
					},
					"prebuiltLibs":	{
						"prebuiltIncPath":	[],
						"prebuiltLibPath":	[]
					},
					"isolation":	{
					}
				}]
		}]
}
TRACE::2024-07-15.16:41:33::SCWPlatform::Trying to open the hw design at /home/kike/Desktop/marvin/marvin/pynq_z2_bram_wrapper/hw/pynq_z2_bram_wrapper.xsa
TRACE::2024-07-15.16:41:33::SCWPlatform::DSA given /home/kike/Desktop/marvin/marvin/pynq_z2_bram_wrapper/hw/pynq_z2_bram_wrapper.xsa
TRACE::2024-07-15.16:41:33::SCWPlatform::DSA absoulate path /home/kike/Desktop/marvin/marvin/pynq_z2_bram_wrapper/hw/pynq_z2_bram_wrapper.xsa
TRACE::2024-07-15.16:41:33::SCWPlatform::DSA directory /home/kike/Desktop/marvin/marvin/pynq_z2_bram_wrapper/hw
TRACE::2024-07-15.16:41:33::SCWPlatform:: Platform Path /home/kike/Desktop/marvin/marvin/pynq_z2_bram_wrapper/hw/pynq_z2_bram_wrapper.xsa
TRACE::2024-07-15.16:41:33::SCWPlatform:: Unique name xilinx:pynq-z2::0.0
TRACE::2024-07-15.16:41:33::SCWPlatform::Trying to set the existing hwdb with name pynq_z2_bram_wrapper_0
TRACE::2024-07-15.16:41:33::SCWPlatform::Opened existing hwdb pynq_z2_bram_wrapper_0
TRACE::2024-07-15.16:41:33::SCWPlatform::Found the Hw Db part of the input DSA
TRACE::2024-07-15.16:41:33::SCWDomain::checking for install qemu data   : 
TRACE::2024-07-15.16:41:33::SCWDomain:: Using the QEMU Data from install at  : /tools/Xilinx/Vitis/2024.1/data/emulation/platforms/zynq/sw/a9_standalone/qemu/
TRACE::2024-07-15.16:41:33::SCWDomain:: Using the QEMU args  from install at  : /tools/Xilinx/Vitis/2024.1/data/emulation/platforms/zynq/sw/a9_standalone/qemu/qemu_args.txt
TRACE::2024-07-15.16:41:33::SCWPlatform::Trying to open the hw design at /home/kike/Desktop/marvin/marvin/pynq_z2_bram_wrapper/hw/pynq_z2_bram_wrapper.xsa
TRACE::2024-07-15.16:41:33::SCWPlatform::DSA given /home/kike/Desktop/marvin/marvin/pynq_z2_bram_wrapper/hw/pynq_z2_bram_wrapper.xsa
TRACE::2024-07-15.16:41:33::SCWPlatform::DSA absoulate path /home/kike/Desktop/marvin/marvin/pynq_z2_bram_wrapper/hw/pynq_z2_bram_wrapper.xsa
TRACE::2024-07-15.16:41:33::SCWPlatform::DSA directory /home/kike/Desktop/marvin/marvin/pynq_z2_bram_wrapper/hw
TRACE::2024-07-15.16:41:33::SCWPlatform:: Platform Path /home/kike/Desktop/marvin/marvin/pynq_z2_bram_wrapper/hw/pynq_z2_bram_wrapper.xsa
TRACE::2024-07-15.16:41:33::SCWPlatform:: Unique name xilinx:pynq-z2::0.0
TRACE::2024-07-15.16:41:33::SCWPlatform::Trying to set the existing hwdb with name pynq_z2_bram_wrapper_0
TRACE::2024-07-15.16:41:33::SCWPlatform::Opened existing hwdb pynq_z2_bram_wrapper_0
TRACE::2024-07-15.16:41:33::SCWPlatform::Found the Hw Db part of the input DSA
TRACE::2024-07-15.16:41:33::SCWPlatform::Trying to open the hw design at /home/kike/Desktop/marvin/marvin/pynq_z2_bram_wrapper/hw/pynq_z2_bram_wrapper.xsa
TRACE::2024-07-15.16:41:33::SCWPlatform::DSA given /home/kike/Desktop/marvin/marvin/pynq_z2_bram_wrapper/hw/pynq_z2_bram_wrapper.xsa
TRACE::2024-07-15.16:41:33::SCWPlatform::DSA absoulate path /home/kike/Desktop/marvin/marvin/pynq_z2_bram_wrapper/hw/pynq_z2_bram_wrapper.xsa
TRACE::2024-07-15.16:41:33::SCWPlatform::DSA directory /home/kike/Desktop/marvin/marvin/pynq_z2_bram_wrapper/hw
TRACE::2024-07-15.16:41:33::SCWPlatform:: Platform Path /home/kike/Desktop/marvin/marvin/pynq_z2_bram_wrapper/hw/pynq_z2_bram_wrapper.xsa
TRACE::2024-07-15.16:41:33::SCWPlatform:: Unique name xilinx:pynq-z2::0.0
TRACE::2024-07-15.16:41:33::SCWPlatform::Trying to set the existing hwdb with name pynq_z2_bram_wrapper_0
TRACE::2024-07-15.16:41:33::SCWPlatform::Opened existing hwdb pynq_z2_bram_wrapper_0
TRACE::2024-07-15.16:41:33::SCWPlatform::Found the Hw Db part of the input DSA
TRACE::2024-07-15.16:41:33::SCWDomain::Qemu Directory name is changed from "" to "qemu"
TRACE::2024-07-15.16:41:33::SCWPlatform::Trying to open the hw design at /home/kike/Desktop/marvin/marvin/pynq_z2_bram_wrapper/hw/pynq_z2_bram_wrapper.xsa
TRACE::2024-07-15.16:41:33::SCWPlatform::DSA given /home/kike/Desktop/marvin/marvin/pynq_z2_bram_wrapper/hw/pynq_z2_bram_wrapper.xsa
TRACE::2024-07-15.16:41:33::SCWPlatform::DSA absoulate path /home/kike/Desktop/marvin/marvin/pynq_z2_bram_wrapper/hw/pynq_z2_bram_wrapper.xsa
TRACE::2024-07-15.16:41:33::SCWPlatform::DSA directory /home/kike/Desktop/marvin/marvin/pynq_z2_bram_wrapper/hw
TRACE::2024-07-15.16:41:33::SCWPlatform:: Platform Path /home/kike/Desktop/marvin/marvin/pynq_z2_bram_wrapper/hw/pynq_z2_bram_wrapper.xsa
TRACE::2024-07-15.16:41:33::SCWPlatform:: Unique name xilinx:pynq-z2::0.0
TRACE::2024-07-15.16:41:33::SCWPlatform::Trying to set the existing hwdb with name pynq_z2_bram_wrapper_0
TRACE::2024-07-15.16:41:33::SCWPlatform::Opened existing hwdb pynq_z2_bram_wrapper_0
TRACE::2024-07-15.16:41:33::SCWPlatform::Found the Hw Db part of the input DSA
TRACE::2024-07-15.16:41:33::SCWMssOS::Checking the sw design at  /home/kike/Desktop/marvin/marvin/pynq_z2_bram_wrapper/ps7_cortexa9_0/freertos10_xilinx_ps7_cortexa9_0/bsp/system.mss
TRACE::2024-07-15.16:41:33::SCWMssOS::DEBUG:  swdes dump  /home/kike/Desktop/marvin/marvin/pynq_z2_bram_wrapper/zynq_fsbl/zynq_fsbl_bsp/system.mss|system||

TRACE::2024-07-15.16:41:33::SCWMssOS::No sw design opened at  /home/kike/Desktop/marvin/marvin/pynq_z2_bram_wrapper/ps7_cortexa9_0/freertos10_xilinx_ps7_cortexa9_0/bsp/system.mss
TRACE::2024-07-15.16:41:33::SCWMssOS::mss does not exists at /home/kike/Desktop/marvin/marvin/pynq_z2_bram_wrapper/ps7_cortexa9_0/freertos10_xilinx_ps7_cortexa9_0/bsp/system.mss
TRACE::2024-07-15.16:41:33::SCWMssOS::Creating sw design at  /home/kike/Desktop/marvin/marvin/pynq_z2_bram_wrapper/ps7_cortexa9_0/freertos10_xilinx_ps7_cortexa9_0/bsp/system.mss
TRACE::2024-07-15.16:41:33::SCWMssOS::Adding the swdes entry, created swdb /home/kike/Desktop/marvin/marvin/pynq_z2_bram_wrapper/ps7_cortexa9_0/freertos10_xilinx_ps7_cortexa9_0/bsp/system.mss with des name /home/kike/Desktop/marvin/marvin/pynq_z2_bram_wrapper/ps7_cortexa9_0/freertos10_xilinx_ps7_cortexa9_0/bsp/system.mss
TRACE::2024-07-15.16:41:33::SCWMssOS::updating the scw layer changes to swdes at   /home/kike/Desktop/marvin/marvin/pynq_z2_bram_wrapper/ps7_cortexa9_0/freertos10_xilinx_ps7_cortexa9_0/bsp/system.mss
TRACE::2024-07-15.16:41:33::SCWMssOS::Writing mss at /home/kike/Desktop/marvin/marvin/pynq_z2_bram_wrapper/ps7_cortexa9_0/freertos10_xilinx_ps7_cortexa9_0/bsp/system.mss
TRACE::2024-07-15.16:41:33::SCWMssOS::Completed writing the mss file at /home/kike/Desktop/marvin/marvin/pynq_z2_bram_wrapper/ps7_cortexa9_0/freertos10_xilinx_ps7_cortexa9_0/bsp
TRACE::2024-07-15.16:41:33::SCWMssOS::Picking up changes from newly written mss file into SCW Layer. 
TRACE::2024-07-15.16:41:33::SCWMssOS::Updated the changes from newly written mss file into SCW Layer. 
TRACE::2024-07-15.16:41:33::SCWMssOS::Completed writing the mss file at /home/kike/Desktop/marvin/marvin/pynq_z2_bram_wrapper/ps7_cortexa9_0/freertos10_xilinx_ps7_cortexa9_0/bsp
TRACE::2024-07-15.16:41:33::SCWMssOS::Forcing BSP Sources regeneration.
TRACE::2024-07-15.16:41:33::SCWMssOS::Saving the mss changes /home/kike/Desktop/marvin/marvin/pynq_z2_bram_wrapper/zynq_fsbl/zynq_fsbl_bsp/system.mss
TRACE::2024-07-15.16:41:33::SCWMssOS::Found a swdesign opened with the mssfile.
TRACE::2024-07-15.16:41:33::SCWMssOS::Completed writemss as part of save.
TRACE::2024-07-15.16:41:33::SCWMssOS::Commit changes completed.
TRACE::2024-07-15.16:41:33::SCWMssOS::Saving the mss changes /home/kike/Desktop/marvin/marvin/pynq_z2_bram_wrapper/ps7_cortexa9_0/freertos10_xilinx_ps7_cortexa9_0/bsp/system.mss
TRACE::2024-07-15.16:41:33::SCWMssOS::Adding the swdes entry, mss present, able to open swdb /home/kike/Desktop/marvin/marvin/pynq_z2_bram_wrapper/ps7_cortexa9_0/freertos10_xilinx_ps7_cortexa9_0/bsp/system.mss with des name system_0
TRACE::2024-07-15.16:41:33::SCWMssOS::Writing the mss file completed /home/kike/Desktop/marvin/marvin/pynq_z2_bram_wrapper/ps7_cortexa9_0/freertos10_xilinx_ps7_cortexa9_0/bsp/system.mss
TRACE::2024-07-15.16:41:33::SCWMssOS::Commit changes completed.
TRACE::2024-07-15.16:41:33::SCWPlatform::Trying to open the hw design at /home/kike/Desktop/marvin/marvin/pynq_z2_bram_wrapper/hw/pynq_z2_bram_wrapper.xsa
TRACE::2024-07-15.16:41:33::SCWPlatform::DSA given /home/kike/Desktop/marvin/marvin/pynq_z2_bram_wrapper/hw/pynq_z2_bram_wrapper.xsa
TRACE::2024-07-15.16:41:33::SCWPlatform::DSA absoulate path /home/kike/Desktop/marvin/marvin/pynq_z2_bram_wrapper/hw/pynq_z2_bram_wrapper.xsa
TRACE::2024-07-15.16:41:33::SCWPlatform::DSA directory /home/kike/Desktop/marvin/marvin/pynq_z2_bram_wrapper/hw
TRACE::2024-07-15.16:41:33::SCWPlatform:: Platform Path /home/kike/Desktop/marvin/marvin/pynq_z2_bram_wrapper/hw/pynq_z2_bram_wrapper.xsa
TRACE::2024-07-15.16:41:33::SCWPlatform:: Unique name xilinx:pynq-z2::0.0
TRACE::2024-07-15.16:41:33::SCWPlatform::Trying to set the existing hwdb with name pynq_z2_bram_wrapper_0
TRACE::2024-07-15.16:41:33::SCWPlatform::Opened existing hwdb pynq_z2_bram_wrapper_0
TRACE::2024-07-15.16:41:33::SCWPlatform::Found the Hw Db part of the input DSA
TRACE::2024-07-15.16:41:33::SCWMssOS::Checking the sw design at  /home/kike/Desktop/marvin/marvin/pynq_z2_bram_wrapper/zynq_fsbl/zynq_fsbl_bsp/system.mss
TRACE::2024-07-15.16:41:33::SCWMssOS::DEBUG:  swdes dump  /home/kike/Desktop/marvin/marvin/pynq_z2_bram_wrapper/ps7_cortexa9_0/freertos10_xilinx_ps7_cortexa9_0/bsp/system.mss|system_0||
/home/kike/Desktop/marvin/marvin/pynq_z2_bram_wrapper/zynq_fsbl/zynq_fsbl_bsp/system.mss|system||

TRACE::2024-07-15.16:41:33::SCWMssOS::Sw design exists and opened at  /home/kike/Desktop/marvin/marvin/pynq_z2_bram_wrapper/zynq_fsbl/zynq_fsbl_bsp/system.mss
TRACE::2024-07-15.16:41:33::SCWPlatform::Trying to open the hw design at /home/kike/Desktop/marvin/marvin/pynq_z2_bram_wrapper/hw/pynq_z2_bram_wrapper.xsa
TRACE::2024-07-15.16:41:33::SCWPlatform::DSA given /home/kike/Desktop/marvin/marvin/pynq_z2_bram_wrapper/hw/pynq_z2_bram_wrapper.xsa
TRACE::2024-07-15.16:41:33::SCWPlatform::DSA absoulate path /home/kike/Desktop/marvin/marvin/pynq_z2_bram_wrapper/hw/pynq_z2_bram_wrapper.xsa
TRACE::2024-07-15.16:41:33::SCWPlatform::DSA directory /home/kike/Desktop/marvin/marvin/pynq_z2_bram_wrapper/hw
TRACE::2024-07-15.16:41:33::SCWPlatform:: Platform Path /home/kike/Desktop/marvin/marvin/pynq_z2_bram_wrapper/hw/pynq_z2_bram_wrapper.xsa
TRACE::2024-07-15.16:41:33::SCWPlatform:: Unique name xilinx:pynq-z2::0.0
TRACE::2024-07-15.16:41:33::SCWPlatform::Trying to set the existing hwdb with name pynq_z2_bram_wrapper_0
TRACE::2024-07-15.16:41:33::SCWPlatform::Opened existing hwdb pynq_z2_bram_wrapper_0
TRACE::2024-07-15.16:41:33::SCWPlatform::Found the Hw Db part of the input DSA
TRACE::2024-07-15.16:41:33::SCWMssOS::Checking the sw design at  /home/kike/Desktop/marvin/marvin/pynq_z2_bram_wrapper/zynq_fsbl/zynq_fsbl_bsp/system.mss
TRACE::2024-07-15.16:41:33::SCWMssOS::DEBUG:  swdes dump  /home/kike/Desktop/marvin/marvin/pynq_z2_bram_wrapper/ps7_cortexa9_0/freertos10_xilinx_ps7_cortexa9_0/bsp/system.mss|system_0||
/home/kike/Desktop/marvin/marvin/pynq_z2_bram_wrapper/zynq_fsbl/zynq_fsbl_bsp/system.mss|system||

TRACE::2024-07-15.16:41:33::SCWMssOS::Sw design exists and opened at  /home/kike/Desktop/marvin/marvin/pynq_z2_bram_wrapper/zynq_fsbl/zynq_fsbl_bsp/system.mss
TRACE::2024-07-15.16:41:33::SCWPlatform::Trying to open the hw design at /home/kike/Desktop/marvin/marvin/pynq_z2_bram_wrapper/hw/pynq_z2_bram_wrapper.xsa
TRACE::2024-07-15.16:41:33::SCWPlatform::DSA given /home/kike/Desktop/marvin/marvin/pynq_z2_bram_wrapper/hw/pynq_z2_bram_wrapper.xsa
TRACE::2024-07-15.16:41:33::SCWPlatform::DSA absoulate path /home/kike/Desktop/marvin/marvin/pynq_z2_bram_wrapper/hw/pynq_z2_bram_wrapper.xsa
TRACE::2024-07-15.16:41:33::SCWPlatform::DSA directory /home/kike/Desktop/marvin/marvin/pynq_z2_bram_wrapper/hw
TRACE::2024-07-15.16:41:33::SCWPlatform:: Platform Path /home/kike/Desktop/marvin/marvin/pynq_z2_bram_wrapper/hw/pynq_z2_bram_wrapper.xsa
TRACE::2024-07-15.16:41:33::SCWPlatform:: Unique name xilinx:pynq-z2::0.0
TRACE::2024-07-15.16:41:33::SCWPlatform::Trying to set the existing hwdb with name pynq_z2_bram_wrapper_0
TRACE::2024-07-15.16:41:33::SCWPlatform::Opened existing hwdb pynq_z2_bram_wrapper_0
TRACE::2024-07-15.16:41:33::SCWPlatform::Found the Hw Db part of the input DSA
TRACE::2024-07-15.16:41:33::SCWMssOS::Checking the sw design at  /home/kike/Desktop/marvin/marvin/pynq_z2_bram_wrapper/zynq_fsbl/zynq_fsbl_bsp/system.mss
TRACE::2024-07-15.16:41:33::SCWMssOS::DEBUG:  swdes dump  /home/kike/Desktop/marvin/marvin/pynq_z2_bram_wrapper/ps7_cortexa9_0/freertos10_xilinx_ps7_cortexa9_0/bsp/system.mss|system_0||
/home/kike/Desktop/marvin/marvin/pynq_z2_bram_wrapper/zynq_fsbl/zynq_fsbl_bsp/system.mss|system||

TRACE::2024-07-15.16:41:33::SCWMssOS::Sw design exists and opened at  /home/kike/Desktop/marvin/marvin/pynq_z2_bram_wrapper/zynq_fsbl/zynq_fsbl_bsp/system.mss
TRACE::2024-07-15.16:41:33::SCWPlatform::Trying to open the hw design at /home/kike/Desktop/marvin/marvin/pynq_z2_bram_wrapper/hw/pynq_z2_bram_wrapper.xsa
TRACE::2024-07-15.16:41:33::SCWPlatform::DSA given /home/kike/Desktop/marvin/marvin/pynq_z2_bram_wrapper/hw/pynq_z2_bram_wrapper.xsa
TRACE::2024-07-15.16:41:33::SCWPlatform::DSA absoulate path /home/kike/Desktop/marvin/marvin/pynq_z2_bram_wrapper/hw/pynq_z2_bram_wrapper.xsa
TRACE::2024-07-15.16:41:33::SCWPlatform::DSA directory /home/kike/Desktop/marvin/marvin/pynq_z2_bram_wrapper/hw
TRACE::2024-07-15.16:41:33::SCWPlatform:: Platform Path /home/kike/Desktop/marvin/marvin/pynq_z2_bram_wrapper/hw/pynq_z2_bram_wrapper.xsa
TRACE::2024-07-15.16:41:33::SCWPlatform:: Unique name xilinx:pynq-z2::0.0
TRACE::2024-07-15.16:41:33::SCWPlatform::Trying to set the existing hwdb with name pynq_z2_bram_wrapper_0
TRACE::2024-07-15.16:41:33::SCWPlatform::Opened existing hwdb pynq_z2_bram_wrapper_0
TRACE::2024-07-15.16:41:33::SCWPlatform::Found the Hw Db part of the input DSA
TRACE::2024-07-15.16:41:33::SCWMssOS::Checking the sw design at  /home/kike/Desktop/marvin/marvin/pynq_z2_bram_wrapper/ps7_cortexa9_0/freertos10_xilinx_ps7_cortexa9_0/bsp/system.mss
TRACE::2024-07-15.16:41:33::SCWMssOS::DEBUG:  swdes dump  /home/kike/Desktop/marvin/marvin/pynq_z2_bram_wrapper/ps7_cortexa9_0/freertos10_xilinx_ps7_cortexa9_0/bsp/system.mss|system_0||
/home/kike/Desktop/marvin/marvin/pynq_z2_bram_wrapper/zynq_fsbl/zynq_fsbl_bsp/system.mss|system||

TRACE::2024-07-15.16:41:33::SCWMssOS::Sw design exists and opened at  /home/kike/Desktop/marvin/marvin/pynq_z2_bram_wrapper/ps7_cortexa9_0/freertos10_xilinx_ps7_cortexa9_0/bsp/system.mss
TRACE::2024-07-15.16:41:33::SCWPlatform::Trying to open the hw design at /home/kike/Desktop/marvin/marvin/pynq_z2_bram_wrapper/hw/pynq_z2_bram_wrapper.xsa
TRACE::2024-07-15.16:41:33::SCWPlatform::DSA given /home/kike/Desktop/marvin/marvin/pynq_z2_bram_wrapper/hw/pynq_z2_bram_wrapper.xsa
TRACE::2024-07-15.16:41:33::SCWPlatform::DSA absoulate path /home/kike/Desktop/marvin/marvin/pynq_z2_bram_wrapper/hw/pynq_z2_bram_wrapper.xsa
TRACE::2024-07-15.16:41:33::SCWPlatform::DSA directory /home/kike/Desktop/marvin/marvin/pynq_z2_bram_wrapper/hw
TRACE::2024-07-15.16:41:33::SCWPlatform:: Platform Path /home/kike/Desktop/marvin/marvin/pynq_z2_bram_wrapper/hw/pynq_z2_bram_wrapper.xsa
TRACE::2024-07-15.16:41:33::SCWPlatform:: Unique name xilinx:pynq-z2::0.0
TRACE::2024-07-15.16:41:33::SCWPlatform::Trying to set the existing hwdb with name pynq_z2_bram_wrapper_0
TRACE::2024-07-15.16:41:33::SCWPlatform::Opened existing hwdb pynq_z2_bram_wrapper_0
TRACE::2024-07-15.16:41:33::SCWPlatform::Found the Hw Db part of the input DSA
TRACE::2024-07-15.16:41:33::SCWMssOS::Checking the sw design at  /home/kike/Desktop/marvin/marvin/pynq_z2_bram_wrapper/ps7_cortexa9_0/freertos10_xilinx_ps7_cortexa9_0/bsp/system.mss
TRACE::2024-07-15.16:41:33::SCWMssOS::DEBUG:  swdes dump  /home/kike/Desktop/marvin/marvin/pynq_z2_bram_wrapper/ps7_cortexa9_0/freertos10_xilinx_ps7_cortexa9_0/bsp/system.mss|system_0||
/home/kike/Desktop/marvin/marvin/pynq_z2_bram_wrapper/zynq_fsbl/zynq_fsbl_bsp/system.mss|system||

TRACE::2024-07-15.16:41:33::SCWMssOS::Sw design exists and opened at  /home/kike/Desktop/marvin/marvin/pynq_z2_bram_wrapper/ps7_cortexa9_0/freertos10_xilinx_ps7_cortexa9_0/bsp/system.mss
TRACE::2024-07-15.16:41:33::SCWPlatform::Trying to open the hw design at /home/kike/Desktop/marvin/marvin/pynq_z2_bram_wrapper/hw/pynq_z2_bram_wrapper.xsa
TRACE::2024-07-15.16:41:33::SCWPlatform::DSA given /home/kike/Desktop/marvin/marvin/pynq_z2_bram_wrapper/hw/pynq_z2_bram_wrapper.xsa
TRACE::2024-07-15.16:41:33::SCWPlatform::DSA absoulate path /home/kike/Desktop/marvin/marvin/pynq_z2_bram_wrapper/hw/pynq_z2_bram_wrapper.xsa
TRACE::2024-07-15.16:41:33::SCWPlatform::DSA directory /home/kike/Desktop/marvin/marvin/pynq_z2_bram_wrapper/hw
TRACE::2024-07-15.16:41:33::SCWPlatform:: Platform Path /home/kike/Desktop/marvin/marvin/pynq_z2_bram_wrapper/hw/pynq_z2_bram_wrapper.xsa
TRACE::2024-07-15.16:41:33::SCWPlatform:: Unique name xilinx:pynq-z2::0.0
TRACE::2024-07-15.16:41:33::SCWPlatform::Trying to set the existing hwdb with name pynq_z2_bram_wrapper_0
TRACE::2024-07-15.16:41:33::SCWPlatform::Opened existing hwdb pynq_z2_bram_wrapper_0
TRACE::2024-07-15.16:41:33::SCWPlatform::Found the Hw Db part of the input DSA
TRACE::2024-07-15.16:41:33::SCWMssOS::Checking the sw design at  /home/kike/Desktop/marvin/marvin/pynq_z2_bram_wrapper/ps7_cortexa9_0/freertos10_xilinx_ps7_cortexa9_0/bsp/system.mss
TRACE::2024-07-15.16:41:33::SCWMssOS::DEBUG:  swdes dump  /home/kike/Desktop/marvin/marvin/pynq_z2_bram_wrapper/ps7_cortexa9_0/freertos10_xilinx_ps7_cortexa9_0/bsp/system.mss|system_0||
/home/kike/Desktop/marvin/marvin/pynq_z2_bram_wrapper/zynq_fsbl/zynq_fsbl_bsp/system.mss|system||

TRACE::2024-07-15.16:41:33::SCWMssOS::Sw design exists and opened at  /home/kike/Desktop/marvin/marvin/pynq_z2_bram_wrapper/ps7_cortexa9_0/freertos10_xilinx_ps7_cortexa9_0/bsp/system.mss
TRACE::2024-07-15.16:41:33::SCWWriter::formatted JSON is {
	"platformName":	"pynq_z2_bram_wrapper",
	"sprVersion":	"2.0",
	"mode":	"gui",
	"dsaType":	"Fixed",
	"platformDesc":	"pynq_z2_bram_wrapper",
	"platHandOff":	"/home/kike/Desktop/marvin/vivado_project/pynq_z2_bram/pynq_z2_bram_wrapper.xsa",
	"platIntHandOff":	"<platformDir>/hw/pynq_z2_bram_wrapper.xsa",
	"deviceType":	"zynq",
	"platIsPrebuiltAutogen":	"false",
	"platIsNoBootBsp":	"false",
	"platFsblTarget":	"ps7_cortexa9_0",
	"hasFsblMakeHasChanges":	"false",
	"hasPmufwMakeHasChanges":	"false",
	"fsblExtraCompilerFlags":	"-MMD -MP       -mcpu=cortex-a9 -mfpu=vfpv3 -mfloat-abi=hard ",
	"platPreBuiltFlag":	false,
	"platformSamplesDir":	"",
	"platActiveSys":	"pynq_z2_bram_wrapper",
	"systems":	[{
			"systemName":	"pynq_z2_bram_wrapper",
			"systemDesc":	"pynq_z2_bram_wrapper",
			"sysIsBootAutoGen":	"true",
			"systemDispName":	"pynq_z2_bram_wrapper",
			"sysActiveDom":	"freertos10_xilinx_ps7_cortexa9_0",
			"sysDefaultDom":	"freertos10_xilinx_ps7_cortexa9_0",
			"domains":	[{
					"domainName":	"zynq_fsbl",
					"domainDispName":	"zynq_fsbl",
					"domainDesc":	"FSBL Application BSP - Auto Generated.",
					"processors":	"ps7_cortexa9_0",
					"os":	"standalone",
					"sdxOs":	"standalone",
					"debugEnable":	"",
					"domRuntimes":	["cpp"],
					"swRepo":	"",
					"mssOsVer":	"9.1",
					"mssFile":	"",
					"md5Digest":	"409d1989a24d76fe76b05e785092fa28",
					"compatibleApp":	"zynq_fsbl",
					"domType":	"bootDomain",
					"arch":	"32-bit",
					"appSettings":	{
						"appCompilerFlags":	"",
						"appLinkerFlags":	""
					},
					"addedLibs":	["xilffs:5.2", "xilrsa:1.8"],
					"libOptions":	{
						"libsContainingOptions":	[]
					},
					"prebuiltLibs":	{
						"prebuiltIncPath":	[],
						"prebuiltLibPath":	[]
					},
					"isolation":	{
					}
				}, {
					"domainName":	"freertos10_xilinx_ps7_cortexa9_0",
					"domainDispName":	"freertos10_xilinx_ps7_cortexa9_0",
					"domainDesc":	"freertos10_xilinx_ps7_cortexa9_0",
					"processors":	"ps7_cortexa9_0",
					"os":	"freertos10_xilinx",
					"sdxOs":	"freertos10_xilinx",
					"qemuArgs":	"<platformDir>/resources/pynq_z2_bram_wrapper/freertos10_xilinx_ps7_cortexa9_0/qemu_args.txt",
					"qemuData":	"<platformDir>/resources/pynq_z2_bram_wrapper/freertos10_xilinx_ps7_cortexa9_0/qemu",
					"debugEnable":	"False",
					"domRuntimes":	["cpp"],
					"swRepo":	"",
					"mssOsVer":	"1.15",
					"mssFile":	"",
					"md5Digest":	"b16b094303b8a18353b8c330524e5d8f",
					"compatibleApp":	"freertos_hello_world",
					"domType":	"mssDomain",
					"arch":	"32-bit",
					"appSettings":	{
						"appCompilerFlags":	"",
						"appLinkerFlags":	""
					},
					"addedLibs":	["xiltimer:2.0"],
					"libOptions":	{
						"freertos10_xilinx":	{
							"xil_interrupt":	"true",
							"libOptionNames":	["xil_interrupt"]
						},
						"libsContainingOptions":	["freertos10_xilinx"]
					},
					"prebuiltLibs":	{
						"prebuiltIncPath":	[],
						"prebuiltLibPath":	[]
					},
					"isolation":	{
					}
				}]
		}]
}
LOG::2024-07-15.16:41:33::SCWPlatform::Started generating the artifacts platform pynq_z2_bram_wrapper
TRACE::2024-07-15.16:41:33::SCWPlatform::Sanity checking of platform is completed
LOG::2024-07-15.16:41:33::SCWPlatform::Started generating the artifacts for system configuration pynq_z2_bram_wrapper
LOG::2024-07-15.16:41:33::SCWSystem::Checking the domain zynq_fsbl
LOG::2024-07-15.16:41:33::SCWSystem::Doing application build for :  zynq_fsbl
TRACE::2024-07-15.16:41:33::SCWBDomain::Not a forced makefile updation, No changes are present. 
TRACE::2024-07-15.16:41:33::SCWDomain::Skipping the build for domain :  zynq_fsbl
LOG::2024-07-15.16:41:33::SCWSystem::Checking the domain freertos10_xilinx_ps7_cortexa9_0
LOG::2024-07-15.16:41:33::SCWSystem::Not a boot domain 
LOG::2024-07-15.16:41:33::SCWSystem::Started Processing the domain freertos10_xilinx_ps7_cortexa9_0
TRACE::2024-07-15.16:41:33::SCWDomain::Generating domain artifcats
TRACE::2024-07-15.16:41:33::SCWMssOS::Generating standalone artifcats
TRACE::2024-07-15.16:41:33::SCWMssOS::Copying the qemu file from  /home/kike/Desktop/marvin/marvin/pynq_z2_bram_wrapper/resources/pynq_z2_bram_wrapper/freertos10_xilinx_ps7_cortexa9_0/qemu_args.txt To /home/kike/Desktop/marvin/marvin/pynq_z2_bram_wrapper/export/pynq_z2_bram_wrapper/sw/pynq_z2_bram_wrapper/qemu/
TRACE::2024-07-15.16:41:33::SCWMssOS::Copying the qemu file from  /home/kike/Desktop/marvin/marvin/pynq_z2_bram_wrapper/resources/pynq_z2_bram_wrapper/freertos10_xilinx_ps7_cortexa9_0/qemu_args.txt To /home/kike/Desktop/marvin/marvin/pynq_z2_bram_wrapper/export/pynq_z2_bram_wrapper/sw/pynq_z2_bram_wrapper/freertos10_xilinx_ps7_cortexa9_0/qemu/
TRACE::2024-07-15.16:41:33::SCWMssOS:: Copying the user libraries. 
TRACE::2024-07-15.16:41:33::SCWPlatform::Trying to open the hw design at /home/kike/Desktop/marvin/marvin/pynq_z2_bram_wrapper/hw/pynq_z2_bram_wrapper.xsa
TRACE::2024-07-15.16:41:33::SCWPlatform::DSA given /home/kike/Desktop/marvin/marvin/pynq_z2_bram_wrapper/hw/pynq_z2_bram_wrapper.xsa
TRACE::2024-07-15.16:41:33::SCWPlatform::DSA absoulate path /home/kike/Desktop/marvin/marvin/pynq_z2_bram_wrapper/hw/pynq_z2_bram_wrapper.xsa
TRACE::2024-07-15.16:41:33::SCWPlatform::DSA directory /home/kike/Desktop/marvin/marvin/pynq_z2_bram_wrapper/hw
TRACE::2024-07-15.16:41:33::SCWPlatform:: Platform Path /home/kike/Desktop/marvin/marvin/pynq_z2_bram_wrapper/hw/pynq_z2_bram_wrapper.xsa
TRACE::2024-07-15.16:41:33::SCWPlatform:: Unique name xilinx:pynq-z2::0.0
TRACE::2024-07-15.16:41:33::SCWPlatform::Trying to set the existing hwdb with name pynq_z2_bram_wrapper_0
TRACE::2024-07-15.16:41:33::SCWPlatform::Opened existing hwdb pynq_z2_bram_wrapper_0
TRACE::2024-07-15.16:41:33::SCWPlatform::Found the Hw Db part of the input DSA
TRACE::2024-07-15.16:41:33::SCWMssOS::Checking the sw design at  /home/kike/Desktop/marvin/marvin/pynq_z2_bram_wrapper/ps7_cortexa9_0/freertos10_xilinx_ps7_cortexa9_0/bsp/system.mss
TRACE::2024-07-15.16:41:33::SCWMssOS::DEBUG:  swdes dump  /home/kike/Desktop/marvin/marvin/pynq_z2_bram_wrapper/ps7_cortexa9_0/freertos10_xilinx_ps7_cortexa9_0/bsp/system.mss|system_0||
/home/kike/Desktop/marvin/marvin/pynq_z2_bram_wrapper/zynq_fsbl/zynq_fsbl_bsp/system.mss|system||

TRACE::2024-07-15.16:41:33::SCWMssOS::Sw design exists and opened at  /home/kike/Desktop/marvin/marvin/pynq_z2_bram_wrapper/ps7_cortexa9_0/freertos10_xilinx_ps7_cortexa9_0/bsp/system.mss
TRACE::2024-07-15.16:41:33::SCWMssOS::Completed writing the mss file at /home/kike/Desktop/marvin/marvin/pynq_z2_bram_wrapper/ps7_cortexa9_0/freertos10_xilinx_ps7_cortexa9_0/bsp
TRACE::2024-07-15.16:41:33::SCWMssOS::Mss edits present, copying mssfile into export location /home/kike/Desktop/marvin/marvin/pynq_z2_bram_wrapper/ps7_cortexa9_0/freertos10_xilinx_ps7_cortexa9_0/bsp/system.mss
TRACE::2024-07-15.16:41:33::SCWMssOS::bsp generated is upto date with the mss file. Skipping bsp generation.
TRACE::2024-07-15.16:41:33::SCWMssOS::BSP is already built. skipping the bsp build ... 
TRACE::2024-07-15.16:41:33::SCWDomain::Skipping the build for domain :  freertos10_xilinx_ps7_cortexa9_0
TRACE::2024-07-15.16:41:33::SCWMssOS::skipping the bsp build ... 
TRACE::2024-07-15.16:41:33::SCWMssOS::Copying to export directory.
TRACE::2024-07-15.16:41:33::SCWMssOS:: Checking if to create the Supporting Applications
TRACE::2024-07-15.16:41:33::SCWMssOS:: No Linux domain exists, trying to generate FSBL 
TRACE::2024-07-15.16:41:33::SCWMssOS:: Completed Standalone Artifacts creation 
LOG::2024-07-15.16:41:33::SCWSystem::Completed Processing the domain freertos10_xilinx_ps7_cortexa9_0
LOG::2024-07-15.16:41:33::SCWSystem::Completed Processing the sysconfig pynq_z2_bram_wrapper
LOG::2024-07-15.16:41:33::SCWPlatform::Completed generating the artifacts for system configuration pynq_z2_bram_wrapper
TRACE::2024-07-15.16:41:33::SCWPlatform::Started preparing the platform 
TRACE::2024-07-15.16:41:33::SCWSystem::Writing the bif file for system config pynq_z2_bram_wrapper
TRACE::2024-07-15.16:41:33::SCWSystem::dir created 
TRACE::2024-07-15.16:41:33::SCWSystem::Writing the bif 
TRACE::2024-07-15.16:41:33::SCWPlatform::Started writing the spfm file 
TRACE::2024-07-15.16:41:33::SCWPlatform::Started writing the xpfm file 
TRACE::2024-07-15.16:41:33::SCWPlatform::Completed generating the platform
TRACE::2024-07-15.16:41:33::SCWMssOS::Saving the mss changes /home/kike/Desktop/marvin/marvin/pynq_z2_bram_wrapper/zynq_fsbl/zynq_fsbl_bsp/system.mss
TRACE::2024-07-15.16:41:33::SCWMssOS::Found a swdesign opened with the mssfile.
TRACE::2024-07-15.16:41:33::SCWMssOS::Completed writemss as part of save.
TRACE::2024-07-15.16:41:33::SCWMssOS::Commit changes completed.
TRACE::2024-07-15.16:41:33::SCWMssOS::Saving the mss changes /home/kike/Desktop/marvin/marvin/pynq_z2_bram_wrapper/ps7_cortexa9_0/freertos10_xilinx_ps7_cortexa9_0/bsp/system.mss
TRACE::2024-07-15.16:41:33::SCWMssOS::Found a swdesign opened with the mssfile.
TRACE::2024-07-15.16:41:33::SCWMssOS::Completed writemss as part of save.
TRACE::2024-07-15.16:41:33::SCWMssOS::Commit changes completed.
TRACE::2024-07-15.16:41:33::SCWPlatform::Trying to open the hw design at /home/kike/Desktop/marvin/marvin/pynq_z2_bram_wrapper/hw/pynq_z2_bram_wrapper.xsa
TRACE::2024-07-15.16:41:33::SCWPlatform::DSA given /home/kike/Desktop/marvin/marvin/pynq_z2_bram_wrapper/hw/pynq_z2_bram_wrapper.xsa
TRACE::2024-07-15.16:41:33::SCWPlatform::DSA absoulate path /home/kike/Desktop/marvin/marvin/pynq_z2_bram_wrapper/hw/pynq_z2_bram_wrapper.xsa
TRACE::2024-07-15.16:41:33::SCWPlatform::DSA directory /home/kike/Desktop/marvin/marvin/pynq_z2_bram_wrapper/hw
TRACE::2024-07-15.16:41:33::SCWPlatform:: Platform Path /home/kike/Desktop/marvin/marvin/pynq_z2_bram_wrapper/hw/pynq_z2_bram_wrapper.xsa
TRACE::2024-07-15.16:41:33::SCWPlatform:: Unique name xilinx:pynq-z2::0.0
TRACE::2024-07-15.16:41:33::SCWPlatform::Trying to set the existing hwdb with name pynq_z2_bram_wrapper_0
TRACE::2024-07-15.16:41:33::SCWPlatform::Opened existing hwdb pynq_z2_bram_wrapper_0
TRACE::2024-07-15.16:41:33::SCWPlatform::Found the Hw Db part of the input DSA
TRACE::2024-07-15.16:41:33::SCWMssOS::Checking the sw design at  /home/kike/Desktop/marvin/marvin/pynq_z2_bram_wrapper/zynq_fsbl/zynq_fsbl_bsp/system.mss
TRACE::2024-07-15.16:41:33::SCWMssOS::DEBUG:  swdes dump  /home/kike/Desktop/marvin/marvin/pynq_z2_bram_wrapper/ps7_cortexa9_0/freertos10_xilinx_ps7_cortexa9_0/bsp/system.mss|system_0||
/home/kike/Desktop/marvin/marvin/pynq_z2_bram_wrapper/zynq_fsbl/zynq_fsbl_bsp/system.mss|system||

TRACE::2024-07-15.16:41:33::SCWMssOS::Sw design exists and opened at  /home/kike/Desktop/marvin/marvin/pynq_z2_bram_wrapper/zynq_fsbl/zynq_fsbl_bsp/system.mss
TRACE::2024-07-15.16:41:33::SCWPlatform::Trying to open the hw design at /home/kike/Desktop/marvin/marvin/pynq_z2_bram_wrapper/hw/pynq_z2_bram_wrapper.xsa
TRACE::2024-07-15.16:41:33::SCWPlatform::DSA given /home/kike/Desktop/marvin/marvin/pynq_z2_bram_wrapper/hw/pynq_z2_bram_wrapper.xsa
TRACE::2024-07-15.16:41:33::SCWPlatform::DSA absoulate path /home/kike/Desktop/marvin/marvin/pynq_z2_bram_wrapper/hw/pynq_z2_bram_wrapper.xsa
TRACE::2024-07-15.16:41:33::SCWPlatform::DSA directory /home/kike/Desktop/marvin/marvin/pynq_z2_bram_wrapper/hw
TRACE::2024-07-15.16:41:33::SCWPlatform:: Platform Path /home/kike/Desktop/marvin/marvin/pynq_z2_bram_wrapper/hw/pynq_z2_bram_wrapper.xsa
TRACE::2024-07-15.16:41:33::SCWPlatform:: Unique name xilinx:pynq-z2::0.0
TRACE::2024-07-15.16:41:33::SCWPlatform::Trying to set the existing hwdb with name pynq_z2_bram_wrapper_0
TRACE::2024-07-15.16:41:33::SCWPlatform::Opened existing hwdb pynq_z2_bram_wrapper_0
TRACE::2024-07-15.16:41:33::SCWPlatform::Found the Hw Db part of the input DSA
TRACE::2024-07-15.16:41:33::SCWMssOS::Checking the sw design at  /home/kike/Desktop/marvin/marvin/pynq_z2_bram_wrapper/zynq_fsbl/zynq_fsbl_bsp/system.mss
TRACE::2024-07-15.16:41:33::SCWMssOS::DEBUG:  swdes dump  /home/kike/Desktop/marvin/marvin/pynq_z2_bram_wrapper/ps7_cortexa9_0/freertos10_xilinx_ps7_cortexa9_0/bsp/system.mss|system_0||
/home/kike/Desktop/marvin/marvin/pynq_z2_bram_wrapper/zynq_fsbl/zynq_fsbl_bsp/system.mss|system||

TRACE::2024-07-15.16:41:33::SCWMssOS::Sw design exists and opened at  /home/kike/Desktop/marvin/marvin/pynq_z2_bram_wrapper/zynq_fsbl/zynq_fsbl_bsp/system.mss
TRACE::2024-07-15.16:41:33::SCWPlatform::Trying to open the hw design at /home/kike/Desktop/marvin/marvin/pynq_z2_bram_wrapper/hw/pynq_z2_bram_wrapper.xsa
TRACE::2024-07-15.16:41:33::SCWPlatform::DSA given /home/kike/Desktop/marvin/marvin/pynq_z2_bram_wrapper/hw/pynq_z2_bram_wrapper.xsa
TRACE::2024-07-15.16:41:33::SCWPlatform::DSA absoulate path /home/kike/Desktop/marvin/marvin/pynq_z2_bram_wrapper/hw/pynq_z2_bram_wrapper.xsa
TRACE::2024-07-15.16:41:33::SCWPlatform::DSA directory /home/kike/Desktop/marvin/marvin/pynq_z2_bram_wrapper/hw
TRACE::2024-07-15.16:41:33::SCWPlatform:: Platform Path /home/kike/Desktop/marvin/marvin/pynq_z2_bram_wrapper/hw/pynq_z2_bram_wrapper.xsa
TRACE::2024-07-15.16:41:33::SCWPlatform:: Unique name xilinx:pynq-z2::0.0
TRACE::2024-07-15.16:41:33::SCWPlatform::Trying to set the existing hwdb with name pynq_z2_bram_wrapper_0
TRACE::2024-07-15.16:41:33::SCWPlatform::Opened existing hwdb pynq_z2_bram_wrapper_0
TRACE::2024-07-15.16:41:33::SCWPlatform::Found the Hw Db part of the input DSA
TRACE::2024-07-15.16:41:33::SCWMssOS::Checking the sw design at  /home/kike/Desktop/marvin/marvin/pynq_z2_bram_wrapper/zynq_fsbl/zynq_fsbl_bsp/system.mss
TRACE::2024-07-15.16:41:33::SCWMssOS::DEBUG:  swdes dump  /home/kike/Desktop/marvin/marvin/pynq_z2_bram_wrapper/ps7_cortexa9_0/freertos10_xilinx_ps7_cortexa9_0/bsp/system.mss|system_0||
/home/kike/Desktop/marvin/marvin/pynq_z2_bram_wrapper/zynq_fsbl/zynq_fsbl_bsp/system.mss|system||

TRACE::2024-07-15.16:41:33::SCWMssOS::Sw design exists and opened at  /home/kike/Desktop/marvin/marvin/pynq_z2_bram_wrapper/zynq_fsbl/zynq_fsbl_bsp/system.mss
TRACE::2024-07-15.16:41:33::SCWPlatform::Trying to open the hw design at /home/kike/Desktop/marvin/marvin/pynq_z2_bram_wrapper/hw/pynq_z2_bram_wrapper.xsa
TRACE::2024-07-15.16:41:33::SCWPlatform::DSA given /home/kike/Desktop/marvin/marvin/pynq_z2_bram_wrapper/hw/pynq_z2_bram_wrapper.xsa
TRACE::2024-07-15.16:41:33::SCWPlatform::DSA absoulate path /home/kike/Desktop/marvin/marvin/pynq_z2_bram_wrapper/hw/pynq_z2_bram_wrapper.xsa
TRACE::2024-07-15.16:41:33::SCWPlatform::DSA directory /home/kike/Desktop/marvin/marvin/pynq_z2_bram_wrapper/hw
TRACE::2024-07-15.16:41:33::SCWPlatform:: Platform Path /home/kike/Desktop/marvin/marvin/pynq_z2_bram_wrapper/hw/pynq_z2_bram_wrapper.xsa
TRACE::2024-07-15.16:41:33::SCWPlatform:: Unique name xilinx:pynq-z2::0.0
TRACE::2024-07-15.16:41:33::SCWPlatform::Trying to set the existing hwdb with name pynq_z2_bram_wrapper_0
TRACE::2024-07-15.16:41:33::SCWPlatform::Opened existing hwdb pynq_z2_bram_wrapper_0
TRACE::2024-07-15.16:41:33::SCWPlatform::Found the Hw Db part of the input DSA
TRACE::2024-07-15.16:41:33::SCWMssOS::Checking the sw design at  /home/kike/Desktop/marvin/marvin/pynq_z2_bram_wrapper/ps7_cortexa9_0/freertos10_xilinx_ps7_cortexa9_0/bsp/system.mss
TRACE::2024-07-15.16:41:33::SCWMssOS::DEBUG:  swdes dump  /home/kike/Desktop/marvin/marvin/pynq_z2_bram_wrapper/ps7_cortexa9_0/freertos10_xilinx_ps7_cortexa9_0/bsp/system.mss|system_0||
/home/kike/Desktop/marvin/marvin/pynq_z2_bram_wrapper/zynq_fsbl/zynq_fsbl_bsp/system.mss|system||

TRACE::2024-07-15.16:41:33::SCWMssOS::Sw design exists and opened at  /home/kike/Desktop/marvin/marvin/pynq_z2_bram_wrapper/ps7_cortexa9_0/freertos10_xilinx_ps7_cortexa9_0/bsp/system.mss
TRACE::2024-07-15.16:41:33::SCWPlatform::Trying to open the hw design at /home/kike/Desktop/marvin/marvin/pynq_z2_bram_wrapper/hw/pynq_z2_bram_wrapper.xsa
TRACE::2024-07-15.16:41:33::SCWPlatform::DSA given /home/kike/Desktop/marvin/marvin/pynq_z2_bram_wrapper/hw/pynq_z2_bram_wrapper.xsa
TRACE::2024-07-15.16:41:33::SCWPlatform::DSA absoulate path /home/kike/Desktop/marvin/marvin/pynq_z2_bram_wrapper/hw/pynq_z2_bram_wrapper.xsa
TRACE::2024-07-15.16:41:33::SCWPlatform::DSA directory /home/kike/Desktop/marvin/marvin/pynq_z2_bram_wrapper/hw
TRACE::2024-07-15.16:41:33::SCWPlatform:: Platform Path /home/kike/Desktop/marvin/marvin/pynq_z2_bram_wrapper/hw/pynq_z2_bram_wrapper.xsa
TRACE::2024-07-15.16:41:33::SCWPlatform:: Unique name xilinx:pynq-z2::0.0
TRACE::2024-07-15.16:41:33::SCWPlatform::Trying to set the existing hwdb with name pynq_z2_bram_wrapper_0
TRACE::2024-07-15.16:41:33::SCWPlatform::Opened existing hwdb pynq_z2_bram_wrapper_0
TRACE::2024-07-15.16:41:33::SCWPlatform::Found the Hw Db part of the input DSA
TRACE::2024-07-15.16:41:33::SCWMssOS::Checking the sw design at  /home/kike/Desktop/marvin/marvin/pynq_z2_bram_wrapper/ps7_cortexa9_0/freertos10_xilinx_ps7_cortexa9_0/bsp/system.mss
TRACE::2024-07-15.16:41:33::SCWMssOS::DEBUG:  swdes dump  /home/kike/Desktop/marvin/marvin/pynq_z2_bram_wrapper/ps7_cortexa9_0/freertos10_xilinx_ps7_cortexa9_0/bsp/system.mss|system_0||
/home/kike/Desktop/marvin/marvin/pynq_z2_bram_wrapper/zynq_fsbl/zynq_fsbl_bsp/system.mss|system||

TRACE::2024-07-15.16:41:33::SCWMssOS::Sw design exists and opened at  /home/kike/Desktop/marvin/marvin/pynq_z2_bram_wrapper/ps7_cortexa9_0/freertos10_xilinx_ps7_cortexa9_0/bsp/system.mss
TRACE::2024-07-15.16:41:33::SCWPlatform::Trying to open the hw design at /home/kike/Desktop/marvin/marvin/pynq_z2_bram_wrapper/hw/pynq_z2_bram_wrapper.xsa
TRACE::2024-07-15.16:41:33::SCWPlatform::DSA given /home/kike/Desktop/marvin/marvin/pynq_z2_bram_wrapper/hw/pynq_z2_bram_wrapper.xsa
TRACE::2024-07-15.16:41:33::SCWPlatform::DSA absoulate path /home/kike/Desktop/marvin/marvin/pynq_z2_bram_wrapper/hw/pynq_z2_bram_wrapper.xsa
TRACE::2024-07-15.16:41:33::SCWPlatform::DSA directory /home/kike/Desktop/marvin/marvin/pynq_z2_bram_wrapper/hw
TRACE::2024-07-15.16:41:33::SCWPlatform:: Platform Path /home/kike/Desktop/marvin/marvin/pynq_z2_bram_wrapper/hw/pynq_z2_bram_wrapper.xsa
TRACE::2024-07-15.16:41:33::SCWPlatform:: Unique name xilinx:pynq-z2::0.0
TRACE::2024-07-15.16:41:33::SCWPlatform::Trying to set the existing hwdb with name pynq_z2_bram_wrapper_0
TRACE::2024-07-15.16:41:33::SCWPlatform::Opened existing hwdb pynq_z2_bram_wrapper_0
TRACE::2024-07-15.16:41:33::SCWPlatform::Found the Hw Db part of the input DSA
TRACE::2024-07-15.16:41:33::SCWMssOS::Checking the sw design at  /home/kike/Desktop/marvin/marvin/pynq_z2_bram_wrapper/ps7_cortexa9_0/freertos10_xilinx_ps7_cortexa9_0/bsp/system.mss
TRACE::2024-07-15.16:41:33::SCWMssOS::DEBUG:  swdes dump  /home/kike/Desktop/marvin/marvin/pynq_z2_bram_wrapper/ps7_cortexa9_0/freertos10_xilinx_ps7_cortexa9_0/bsp/system.mss|system_0||
/home/kike/Desktop/marvin/marvin/pynq_z2_bram_wrapper/zynq_fsbl/zynq_fsbl_bsp/system.mss|system||

TRACE::2024-07-15.16:41:33::SCWMssOS::Sw design exists and opened at  /home/kike/Desktop/marvin/marvin/pynq_z2_bram_wrapper/ps7_cortexa9_0/freertos10_xilinx_ps7_cortexa9_0/bsp/system.mss
TRACE::2024-07-15.16:41:33::SCWWriter::formatted JSON is {
	"platformName":	"pynq_z2_bram_wrapper",
	"sprVersion":	"2.0",
	"mode":	"gui",
	"dsaType":	"Fixed",
	"platformDesc":	"pynq_z2_bram_wrapper",
	"platHandOff":	"/home/kike/Desktop/marvin/vivado_project/pynq_z2_bram/pynq_z2_bram_wrapper.xsa",
	"platIntHandOff":	"<platformDir>/hw/pynq_z2_bram_wrapper.xsa",
	"deviceType":	"zynq",
	"platIsPrebuiltAutogen":	"false",
	"platIsNoBootBsp":	"false",
	"platFsblTarget":	"ps7_cortexa9_0",
	"hasFsblMakeHasChanges":	"false",
	"hasPmufwMakeHasChanges":	"false",
	"fsblExtraCompilerFlags":	"-MMD -MP       -mcpu=cortex-a9 -mfpu=vfpv3 -mfloat-abi=hard ",
	"platPreBuiltFlag":	false,
	"platformSamplesDir":	"",
	"platActiveSys":	"pynq_z2_bram_wrapper",
	"systems":	[{
			"systemName":	"pynq_z2_bram_wrapper",
			"systemDesc":	"pynq_z2_bram_wrapper",
			"sysIsBootAutoGen":	"true",
			"systemDispName":	"pynq_z2_bram_wrapper",
			"sysActiveDom":	"freertos10_xilinx_ps7_cortexa9_0",
			"sysDefaultDom":	"freertos10_xilinx_ps7_cortexa9_0",
			"domains":	[{
					"domainName":	"zynq_fsbl",
					"domainDispName":	"zynq_fsbl",
					"domainDesc":	"FSBL Application BSP - Auto Generated.",
					"processors":	"ps7_cortexa9_0",
					"os":	"standalone",
					"sdxOs":	"standalone",
					"debugEnable":	"",
					"domRuntimes":	["cpp"],
					"swRepo":	"",
					"mssOsVer":	"9.1",
					"mssFile":	"",
					"md5Digest":	"409d1989a24d76fe76b05e785092fa28",
					"compatibleApp":	"zynq_fsbl",
					"domType":	"bootDomain",
					"arch":	"32-bit",
					"appSettings":	{
						"appCompilerFlags":	"",
						"appLinkerFlags":	""
					},
					"addedLibs":	["xilffs:5.2", "xilrsa:1.8"],
					"libOptions":	{
						"libsContainingOptions":	[]
					},
					"prebuiltLibs":	{
						"prebuiltIncPath":	[],
						"prebuiltLibPath":	[]
					},
					"isolation":	{
					}
				}, {
					"domainName":	"freertos10_xilinx_ps7_cortexa9_0",
					"domainDispName":	"freertos10_xilinx_ps7_cortexa9_0",
					"domainDesc":	"freertos10_xilinx_ps7_cortexa9_0",
					"processors":	"ps7_cortexa9_0",
					"os":	"freertos10_xilinx",
					"sdxOs":	"freertos10_xilinx",
					"qemuArgs":	"<platformDir>/resources/pynq_z2_bram_wrapper/freertos10_xilinx_ps7_cortexa9_0/qemu_args.txt",
					"qemuData":	"<platformDir>/resources/pynq_z2_bram_wrapper/freertos10_xilinx_ps7_cortexa9_0/qemu",
					"debugEnable":	"False",
					"domRuntimes":	["cpp"],
					"swRepo":	"",
					"mssOsVer":	"1.15",
					"mssFile":	"",
					"md5Digest":	"b16b094303b8a18353b8c330524e5d8f",
					"compatibleApp":	"freertos_hello_world",
					"domType":	"mssDomain",
					"arch":	"32-bit",
					"appSettings":	{
						"appCompilerFlags":	"",
						"appLinkerFlags":	""
					},
					"addedLibs":	["xiltimer:2.0"],
					"libOptions":	{
						"freertos10_xilinx":	{
							"xil_interrupt":	"true",
							"libOptionNames":	["xil_interrupt"]
						},
						"libsContainingOptions":	["freertos10_xilinx"]
					},
					"prebuiltLibs":	{
						"prebuiltIncPath":	[],
						"prebuiltLibPath":	[]
					},
					"isolation":	{
					}
				}]
		}]
}
KEYINFO::2024-07-15.16:41:33::SCWPlatform::updated the xpfm file.
TRACE::2024-07-15.16:41:34::SCWPlatform::Trying to open the hw design at /home/kike/Desktop/marvin/marvin/pynq_z2_bram_wrapper/hw/pynq_z2_bram_wrapper.xsa
TRACE::2024-07-15.16:41:34::SCWPlatform::DSA given /home/kike/Desktop/marvin/marvin/pynq_z2_bram_wrapper/hw/pynq_z2_bram_wrapper.xsa
TRACE::2024-07-15.16:41:34::SCWPlatform::DSA absoulate path /home/kike/Desktop/marvin/marvin/pynq_z2_bram_wrapper/hw/pynq_z2_bram_wrapper.xsa
TRACE::2024-07-15.16:41:34::SCWPlatform::DSA directory /home/kike/Desktop/marvin/marvin/pynq_z2_bram_wrapper/hw
TRACE::2024-07-15.16:41:34::SCWPlatform:: Platform Path /home/kike/Desktop/marvin/marvin/pynq_z2_bram_wrapper/hw/pynq_z2_bram_wrapper.xsa
TRACE::2024-07-15.16:41:34::SCWPlatform:: Unique name xilinx:pynq-z2::0.0
TRACE::2024-07-15.16:41:34::SCWPlatform::Trying to set the existing hwdb with name pynq_z2_bram_wrapper_0
TRACE::2024-07-15.16:41:34::SCWPlatform::Opened existing hwdb pynq_z2_bram_wrapper_0
TRACE::2024-07-15.16:41:34::SCWPlatform::Found the Hw Db part of the input DSA
TRACE::2024-07-15.16:41:34::SCWMssOS::Checking the sw design at  /home/kike/Desktop/marvin/marvin/pynq_z2_bram_wrapper/ps7_cortexa9_0/freertos10_xilinx_ps7_cortexa9_0/bsp/system.mss
TRACE::2024-07-15.16:41:34::SCWMssOS::DEBUG:  swdes dump  /home/kike/Desktop/marvin/marvin/pynq_z2_bram_wrapper/ps7_cortexa9_0/freertos10_xilinx_ps7_cortexa9_0/bsp/system.mss|system_0||
/home/kike/Desktop/marvin/marvin/pynq_z2_bram_wrapper/zynq_fsbl/zynq_fsbl_bsp/system.mss|system||

TRACE::2024-07-15.16:41:34::SCWMssOS::Sw design exists and opened at  /home/kike/Desktop/marvin/marvin/pynq_z2_bram_wrapper/ps7_cortexa9_0/freertos10_xilinx_ps7_cortexa9_0/bsp/system.mss
TRACE::2024-07-15.16:41:34::SCWMssOS::Saving the mss changes /home/kike/Desktop/marvin/marvin/pynq_z2_bram_wrapper/zynq_fsbl/zynq_fsbl_bsp/system.mss
TRACE::2024-07-15.16:41:34::SCWMssOS::Found a swdesign opened with the mssfile.
TRACE::2024-07-15.16:41:34::SCWMssOS::Completed writemss as part of save.
TRACE::2024-07-15.16:41:34::SCWMssOS::Commit changes completed.
TRACE::2024-07-15.16:41:34::SCWMssOS::Saving the mss changes /home/kike/Desktop/marvin/marvin/pynq_z2_bram_wrapper/ps7_cortexa9_0/freertos10_xilinx_ps7_cortexa9_0/bsp/system.mss
TRACE::2024-07-15.16:41:34::SCWMssOS::Found a swdesign opened with the mssfile.
TRACE::2024-07-15.16:41:34::SCWMssOS::Completed writemss as part of save.
TRACE::2024-07-15.16:41:34::SCWMssOS::Commit changes completed.
TRACE::2024-07-15.16:41:34::SCWPlatform::Trying to open the hw design at /home/kike/Desktop/marvin/marvin/pynq_z2_bram_wrapper/hw/pynq_z2_bram_wrapper.xsa
TRACE::2024-07-15.16:41:34::SCWPlatform::DSA given /home/kike/Desktop/marvin/marvin/pynq_z2_bram_wrapper/hw/pynq_z2_bram_wrapper.xsa
TRACE::2024-07-15.16:41:34::SCWPlatform::DSA absoulate path /home/kike/Desktop/marvin/marvin/pynq_z2_bram_wrapper/hw/pynq_z2_bram_wrapper.xsa
TRACE::2024-07-15.16:41:34::SCWPlatform::DSA directory /home/kike/Desktop/marvin/marvin/pynq_z2_bram_wrapper/hw
TRACE::2024-07-15.16:41:34::SCWPlatform:: Platform Path /home/kike/Desktop/marvin/marvin/pynq_z2_bram_wrapper/hw/pynq_z2_bram_wrapper.xsa
TRACE::2024-07-15.16:41:34::SCWPlatform:: Unique name xilinx:pynq-z2::0.0
TRACE::2024-07-15.16:41:34::SCWPlatform::Trying to set the existing hwdb with name pynq_z2_bram_wrapper_0
TRACE::2024-07-15.16:41:34::SCWPlatform::Opened existing hwdb pynq_z2_bram_wrapper_0
TRACE::2024-07-15.16:41:34::SCWPlatform::Found the Hw Db part of the input DSA
TRACE::2024-07-15.16:41:34::SCWMssOS::Checking the sw design at  /home/kike/Desktop/marvin/marvin/pynq_z2_bram_wrapper/zynq_fsbl/zynq_fsbl_bsp/system.mss
TRACE::2024-07-15.16:41:34::SCWMssOS::DEBUG:  swdes dump  /home/kike/Desktop/marvin/marvin/pynq_z2_bram_wrapper/ps7_cortexa9_0/freertos10_xilinx_ps7_cortexa9_0/bsp/system.mss|system_0||
/home/kike/Desktop/marvin/marvin/pynq_z2_bram_wrapper/zynq_fsbl/zynq_fsbl_bsp/system.mss|system||

TRACE::2024-07-15.16:41:34::SCWMssOS::Sw design exists and opened at  /home/kike/Desktop/marvin/marvin/pynq_z2_bram_wrapper/zynq_fsbl/zynq_fsbl_bsp/system.mss
TRACE::2024-07-15.16:41:34::SCWPlatform::Trying to open the hw design at /home/kike/Desktop/marvin/marvin/pynq_z2_bram_wrapper/hw/pynq_z2_bram_wrapper.xsa
TRACE::2024-07-15.16:41:34::SCWPlatform::DSA given /home/kike/Desktop/marvin/marvin/pynq_z2_bram_wrapper/hw/pynq_z2_bram_wrapper.xsa
TRACE::2024-07-15.16:41:34::SCWPlatform::DSA absoulate path /home/kike/Desktop/marvin/marvin/pynq_z2_bram_wrapper/hw/pynq_z2_bram_wrapper.xsa
TRACE::2024-07-15.16:41:34::SCWPlatform::DSA directory /home/kike/Desktop/marvin/marvin/pynq_z2_bram_wrapper/hw
TRACE::2024-07-15.16:41:34::SCWPlatform:: Platform Path /home/kike/Desktop/marvin/marvin/pynq_z2_bram_wrapper/hw/pynq_z2_bram_wrapper.xsa
TRACE::2024-07-15.16:41:34::SCWPlatform:: Unique name xilinx:pynq-z2::0.0
TRACE::2024-07-15.16:41:34::SCWPlatform::Trying to set the existing hwdb with name pynq_z2_bram_wrapper_0
TRACE::2024-07-15.16:41:34::SCWPlatform::Opened existing hwdb pynq_z2_bram_wrapper_0
TRACE::2024-07-15.16:41:34::SCWPlatform::Found the Hw Db part of the input DSA
TRACE::2024-07-15.16:41:34::SCWMssOS::Checking the sw design at  /home/kike/Desktop/marvin/marvin/pynq_z2_bram_wrapper/zynq_fsbl/zynq_fsbl_bsp/system.mss
TRACE::2024-07-15.16:41:34::SCWMssOS::DEBUG:  swdes dump  /home/kike/Desktop/marvin/marvin/pynq_z2_bram_wrapper/ps7_cortexa9_0/freertos10_xilinx_ps7_cortexa9_0/bsp/system.mss|system_0||
/home/kike/Desktop/marvin/marvin/pynq_z2_bram_wrapper/zynq_fsbl/zynq_fsbl_bsp/system.mss|system||

TRACE::2024-07-15.16:41:34::SCWMssOS::Sw design exists and opened at  /home/kike/Desktop/marvin/marvin/pynq_z2_bram_wrapper/zynq_fsbl/zynq_fsbl_bsp/system.mss
TRACE::2024-07-15.16:41:34::SCWPlatform::Trying to open the hw design at /home/kike/Desktop/marvin/marvin/pynq_z2_bram_wrapper/hw/pynq_z2_bram_wrapper.xsa
TRACE::2024-07-15.16:41:34::SCWPlatform::DSA given /home/kike/Desktop/marvin/marvin/pynq_z2_bram_wrapper/hw/pynq_z2_bram_wrapper.xsa
TRACE::2024-07-15.16:41:34::SCWPlatform::DSA absoulate path /home/kike/Desktop/marvin/marvin/pynq_z2_bram_wrapper/hw/pynq_z2_bram_wrapper.xsa
TRACE::2024-07-15.16:41:34::SCWPlatform::DSA directory /home/kike/Desktop/marvin/marvin/pynq_z2_bram_wrapper/hw
TRACE::2024-07-15.16:41:34::SCWPlatform:: Platform Path /home/kike/Desktop/marvin/marvin/pynq_z2_bram_wrapper/hw/pynq_z2_bram_wrapper.xsa
TRACE::2024-07-15.16:41:34::SCWPlatform:: Unique name xilinx:pynq-z2::0.0
TRACE::2024-07-15.16:41:34::SCWPlatform::Trying to set the existing hwdb with name pynq_z2_bram_wrapper_0
TRACE::2024-07-15.16:41:34::SCWPlatform::Opened existing hwdb pynq_z2_bram_wrapper_0
TRACE::2024-07-15.16:41:34::SCWPlatform::Found the Hw Db part of the input DSA
TRACE::2024-07-15.16:41:34::SCWMssOS::Checking the sw design at  /home/kike/Desktop/marvin/marvin/pynq_z2_bram_wrapper/zynq_fsbl/zynq_fsbl_bsp/system.mss
TRACE::2024-07-15.16:41:34::SCWMssOS::DEBUG:  swdes dump  /home/kike/Desktop/marvin/marvin/pynq_z2_bram_wrapper/ps7_cortexa9_0/freertos10_xilinx_ps7_cortexa9_0/bsp/system.mss|system_0||
/home/kike/Desktop/marvin/marvin/pynq_z2_bram_wrapper/zynq_fsbl/zynq_fsbl_bsp/system.mss|system||

TRACE::2024-07-15.16:41:34::SCWMssOS::Sw design exists and opened at  /home/kike/Desktop/marvin/marvin/pynq_z2_bram_wrapper/zynq_fsbl/zynq_fsbl_bsp/system.mss
TRACE::2024-07-15.16:41:34::SCWPlatform::Trying to open the hw design at /home/kike/Desktop/marvin/marvin/pynq_z2_bram_wrapper/hw/pynq_z2_bram_wrapper.xsa
TRACE::2024-07-15.16:41:34::SCWPlatform::DSA given /home/kike/Desktop/marvin/marvin/pynq_z2_bram_wrapper/hw/pynq_z2_bram_wrapper.xsa
TRACE::2024-07-15.16:41:34::SCWPlatform::DSA absoulate path /home/kike/Desktop/marvin/marvin/pynq_z2_bram_wrapper/hw/pynq_z2_bram_wrapper.xsa
TRACE::2024-07-15.16:41:34::SCWPlatform::DSA directory /home/kike/Desktop/marvin/marvin/pynq_z2_bram_wrapper/hw
TRACE::2024-07-15.16:41:34::SCWPlatform:: Platform Path /home/kike/Desktop/marvin/marvin/pynq_z2_bram_wrapper/hw/pynq_z2_bram_wrapper.xsa
TRACE::2024-07-15.16:41:34::SCWPlatform:: Unique name xilinx:pynq-z2::0.0
TRACE::2024-07-15.16:41:34::SCWPlatform::Trying to set the existing hwdb with name pynq_z2_bram_wrapper_0
TRACE::2024-07-15.16:41:34::SCWPlatform::Opened existing hwdb pynq_z2_bram_wrapper_0
TRACE::2024-07-15.16:41:34::SCWPlatform::Found the Hw Db part of the input DSA
TRACE::2024-07-15.16:41:34::SCWMssOS::Checking the sw design at  /home/kike/Desktop/marvin/marvin/pynq_z2_bram_wrapper/ps7_cortexa9_0/freertos10_xilinx_ps7_cortexa9_0/bsp/system.mss
TRACE::2024-07-15.16:41:34::SCWMssOS::DEBUG:  swdes dump  /home/kike/Desktop/marvin/marvin/pynq_z2_bram_wrapper/ps7_cortexa9_0/freertos10_xilinx_ps7_cortexa9_0/bsp/system.mss|system_0||
/home/kike/Desktop/marvin/marvin/pynq_z2_bram_wrapper/zynq_fsbl/zynq_fsbl_bsp/system.mss|system||

TRACE::2024-07-15.16:41:34::SCWMssOS::Sw design exists and opened at  /home/kike/Desktop/marvin/marvin/pynq_z2_bram_wrapper/ps7_cortexa9_0/freertos10_xilinx_ps7_cortexa9_0/bsp/system.mss
TRACE::2024-07-15.16:41:34::SCWPlatform::Trying to open the hw design at /home/kike/Desktop/marvin/marvin/pynq_z2_bram_wrapper/hw/pynq_z2_bram_wrapper.xsa
TRACE::2024-07-15.16:41:34::SCWPlatform::DSA given /home/kike/Desktop/marvin/marvin/pynq_z2_bram_wrapper/hw/pynq_z2_bram_wrapper.xsa
TRACE::2024-07-15.16:41:34::SCWPlatform::DSA absoulate path /home/kike/Desktop/marvin/marvin/pynq_z2_bram_wrapper/hw/pynq_z2_bram_wrapper.xsa
TRACE::2024-07-15.16:41:34::SCWPlatform::DSA directory /home/kike/Desktop/marvin/marvin/pynq_z2_bram_wrapper/hw
TRACE::2024-07-15.16:41:34::SCWPlatform:: Platform Path /home/kike/Desktop/marvin/marvin/pynq_z2_bram_wrapper/hw/pynq_z2_bram_wrapper.xsa
TRACE::2024-07-15.16:41:34::SCWPlatform:: Unique name xilinx:pynq-z2::0.0
TRACE::2024-07-15.16:41:34::SCWPlatform::Trying to set the existing hwdb with name pynq_z2_bram_wrapper_0
TRACE::2024-07-15.16:41:34::SCWPlatform::Opened existing hwdb pynq_z2_bram_wrapper_0
TRACE::2024-07-15.16:41:34::SCWPlatform::Found the Hw Db part of the input DSA
TRACE::2024-07-15.16:41:34::SCWMssOS::Checking the sw design at  /home/kike/Desktop/marvin/marvin/pynq_z2_bram_wrapper/ps7_cortexa9_0/freertos10_xilinx_ps7_cortexa9_0/bsp/system.mss
TRACE::2024-07-15.16:41:34::SCWMssOS::DEBUG:  swdes dump  /home/kike/Desktop/marvin/marvin/pynq_z2_bram_wrapper/ps7_cortexa9_0/freertos10_xilinx_ps7_cortexa9_0/bsp/system.mss|system_0||
/home/kike/Desktop/marvin/marvin/pynq_z2_bram_wrapper/zynq_fsbl/zynq_fsbl_bsp/system.mss|system||

TRACE::2024-07-15.16:41:34::SCWMssOS::Sw design exists and opened at  /home/kike/Desktop/marvin/marvin/pynq_z2_bram_wrapper/ps7_cortexa9_0/freertos10_xilinx_ps7_cortexa9_0/bsp/system.mss
TRACE::2024-07-15.16:41:34::SCWPlatform::Trying to open the hw design at /home/kike/Desktop/marvin/marvin/pynq_z2_bram_wrapper/hw/pynq_z2_bram_wrapper.xsa
TRACE::2024-07-15.16:41:34::SCWPlatform::DSA given /home/kike/Desktop/marvin/marvin/pynq_z2_bram_wrapper/hw/pynq_z2_bram_wrapper.xsa
TRACE::2024-07-15.16:41:34::SCWPlatform::DSA absoulate path /home/kike/Desktop/marvin/marvin/pynq_z2_bram_wrapper/hw/pynq_z2_bram_wrapper.xsa
TRACE::2024-07-15.16:41:34::SCWPlatform::DSA directory /home/kike/Desktop/marvin/marvin/pynq_z2_bram_wrapper/hw
TRACE::2024-07-15.16:41:34::SCWPlatform:: Platform Path /home/kike/Desktop/marvin/marvin/pynq_z2_bram_wrapper/hw/pynq_z2_bram_wrapper.xsa
TRACE::2024-07-15.16:41:34::SCWPlatform:: Unique name xilinx:pynq-z2::0.0
TRACE::2024-07-15.16:41:34::SCWPlatform::Trying to set the existing hwdb with name pynq_z2_bram_wrapper_0
TRACE::2024-07-15.16:41:34::SCWPlatform::Opened existing hwdb pynq_z2_bram_wrapper_0
TRACE::2024-07-15.16:41:34::SCWPlatform::Found the Hw Db part of the input DSA
TRACE::2024-07-15.16:41:34::SCWMssOS::Checking the sw design at  /home/kike/Desktop/marvin/marvin/pynq_z2_bram_wrapper/ps7_cortexa9_0/freertos10_xilinx_ps7_cortexa9_0/bsp/system.mss
TRACE::2024-07-15.16:41:34::SCWMssOS::DEBUG:  swdes dump  /home/kike/Desktop/marvin/marvin/pynq_z2_bram_wrapper/ps7_cortexa9_0/freertos10_xilinx_ps7_cortexa9_0/bsp/system.mss|system_0||
/home/kike/Desktop/marvin/marvin/pynq_z2_bram_wrapper/zynq_fsbl/zynq_fsbl_bsp/system.mss|system||

TRACE::2024-07-15.16:41:34::SCWMssOS::Sw design exists and opened at  /home/kike/Desktop/marvin/marvin/pynq_z2_bram_wrapper/ps7_cortexa9_0/freertos10_xilinx_ps7_cortexa9_0/bsp/system.mss
TRACE::2024-07-15.16:41:34::SCWWriter::formatted JSON is {
	"platformName":	"pynq_z2_bram_wrapper",
	"sprVersion":	"2.0",
	"mode":	"gui",
	"dsaType":	"Fixed",
	"platformDesc":	"pynq_z2_bram_wrapper",
	"platHandOff":	"/home/kike/Desktop/marvin/vivado_project/pynq_z2_bram/pynq_z2_bram_wrapper.xsa",
	"platIntHandOff":	"<platformDir>/hw/pynq_z2_bram_wrapper.xsa",
	"deviceType":	"zynq",
	"platIsPrebuiltAutogen":	"false",
	"platIsNoBootBsp":	"false",
	"platFsblTarget":	"ps7_cortexa9_0",
	"hasFsblMakeHasChanges":	"false",
	"hasPmufwMakeHasChanges":	"false",
	"fsblExtraCompilerFlags":	"-MMD -MP       -mcpu=cortex-a9 -mfpu=vfpv3 -mfloat-abi=hard ",
	"platPreBuiltFlag":	false,
	"platformSamplesDir":	"",
	"platActiveSys":	"pynq_z2_bram_wrapper",
	"systems":	[{
			"systemName":	"pynq_z2_bram_wrapper",
			"systemDesc":	"pynq_z2_bram_wrapper",
			"sysIsBootAutoGen":	"true",
			"systemDispName":	"pynq_z2_bram_wrapper",
			"sysActiveDom":	"freertos10_xilinx_ps7_cortexa9_0",
			"sysDefaultDom":	"freertos10_xilinx_ps7_cortexa9_0",
			"domains":	[{
					"domainName":	"zynq_fsbl",
					"domainDispName":	"zynq_fsbl",
					"domainDesc":	"FSBL Application BSP - Auto Generated.",
					"processors":	"ps7_cortexa9_0",
					"os":	"standalone",
					"sdxOs":	"standalone",
					"debugEnable":	"",
					"domRuntimes":	["cpp"],
					"swRepo":	"",
					"mssOsVer":	"9.1",
					"mssFile":	"",
					"md5Digest":	"409d1989a24d76fe76b05e785092fa28",
					"compatibleApp":	"zynq_fsbl",
					"domType":	"bootDomain",
					"arch":	"32-bit",
					"appSettings":	{
						"appCompilerFlags":	"",
						"appLinkerFlags":	""
					},
					"addedLibs":	["xilffs:5.2", "xilrsa:1.8"],
					"libOptions":	{
						"libsContainingOptions":	[]
					},
					"prebuiltLibs":	{
						"prebuiltIncPath":	[],
						"prebuiltLibPath":	[]
					},
					"isolation":	{
					}
				}, {
					"domainName":	"freertos10_xilinx_ps7_cortexa9_0",
					"domainDispName":	"freertos10_xilinx_ps7_cortexa9_0",
					"domainDesc":	"freertos10_xilinx_ps7_cortexa9_0",
					"processors":	"ps7_cortexa9_0",
					"os":	"freertos10_xilinx",
					"sdxOs":	"freertos10_xilinx",
					"qemuArgs":	"<platformDir>/resources/pynq_z2_bram_wrapper/freertos10_xilinx_ps7_cortexa9_0/qemu_args.txt",
					"qemuData":	"<platformDir>/resources/pynq_z2_bram_wrapper/freertos10_xilinx_ps7_cortexa9_0/qemu",
					"debugEnable":	"False",
					"domRuntimes":	["cpp"],
					"swRepo":	"",
					"mssOsVer":	"1.15",
					"mssFile":	"",
					"md5Digest":	"b16b094303b8a18353b8c330524e5d8f",
					"compatibleApp":	"freertos_hello_world",
					"domType":	"mssDomain",
					"arch":	"32-bit",
					"appSettings":	{
						"appCompilerFlags":	"",
						"appLinkerFlags":	""
					},
					"addedLibs":	["xiltimer:2.0"],
					"libOptions":	{
						"freertos10_xilinx":	{
							"xil_interrupt":	"true",
							"libOptionNames":	["xil_interrupt"]
						},
						"libsContainingOptions":	["freertos10_xilinx"]
					},
					"prebuiltLibs":	{
						"prebuiltIncPath":	[],
						"prebuiltLibPath":	[]
					},
					"isolation":	{
					}
				}]
		}]
}
TRACE::2024-07-15.16:41:34::SCWPlatform::Trying to open the hw design at /home/kike/Desktop/marvin/marvin/pynq_z2_bram_wrapper/hw/pynq_z2_bram_wrapper.xsa
TRACE::2024-07-15.16:41:34::SCWPlatform::DSA given /home/kike/Desktop/marvin/marvin/pynq_z2_bram_wrapper/hw/pynq_z2_bram_wrapper.xsa
TRACE::2024-07-15.16:41:34::SCWPlatform::DSA absoulate path /home/kike/Desktop/marvin/marvin/pynq_z2_bram_wrapper/hw/pynq_z2_bram_wrapper.xsa
TRACE::2024-07-15.16:41:34::SCWPlatform::DSA directory /home/kike/Desktop/marvin/marvin/pynq_z2_bram_wrapper/hw
TRACE::2024-07-15.16:41:34::SCWPlatform:: Platform Path /home/kike/Desktop/marvin/marvin/pynq_z2_bram_wrapper/hw/pynq_z2_bram_wrapper.xsa
TRACE::2024-07-15.16:41:34::SCWPlatform:: Unique name xilinx:pynq-z2::0.0
TRACE::2024-07-15.16:41:34::SCWPlatform::Trying to set the existing hwdb with name pynq_z2_bram_wrapper_0
TRACE::2024-07-15.16:41:34::SCWPlatform::Opened existing hwdb pynq_z2_bram_wrapper_0
TRACE::2024-07-15.16:41:34::SCWPlatform::Found the Hw Db part of the input DSA
TRACE::2024-07-15.16:41:34::SCWMssOS::Checking the sw design at  /home/kike/Desktop/marvin/marvin/pynq_z2_bram_wrapper/ps7_cortexa9_0/freertos10_xilinx_ps7_cortexa9_0/bsp/system.mss
TRACE::2024-07-15.16:41:34::SCWMssOS::DEBUG:  swdes dump  /home/kike/Desktop/marvin/marvin/pynq_z2_bram_wrapper/ps7_cortexa9_0/freertos10_xilinx_ps7_cortexa9_0/bsp/system.mss|system_0||
/home/kike/Desktop/marvin/marvin/pynq_z2_bram_wrapper/zynq_fsbl/zynq_fsbl_bsp/system.mss|system||

TRACE::2024-07-15.16:41:34::SCWMssOS::Sw design exists and opened at  /home/kike/Desktop/marvin/marvin/pynq_z2_bram_wrapper/ps7_cortexa9_0/freertos10_xilinx_ps7_cortexa9_0/bsp/system.mss
TRACE::2024-07-15.16:41:34::SCWPlatform::Trying to open the hw design at /home/kike/Desktop/marvin/marvin/pynq_z2_bram_wrapper/hw/pynq_z2_bram_wrapper.xsa
TRACE::2024-07-15.16:41:34::SCWPlatform::DSA given /home/kike/Desktop/marvin/marvin/pynq_z2_bram_wrapper/hw/pynq_z2_bram_wrapper.xsa
TRACE::2024-07-15.16:41:34::SCWPlatform::DSA absoulate path /home/kike/Desktop/marvin/marvin/pynq_z2_bram_wrapper/hw/pynq_z2_bram_wrapper.xsa
TRACE::2024-07-15.16:41:34::SCWPlatform::DSA directory /home/kike/Desktop/marvin/marvin/pynq_z2_bram_wrapper/hw
TRACE::2024-07-15.16:41:34::SCWPlatform:: Platform Path /home/kike/Desktop/marvin/marvin/pynq_z2_bram_wrapper/hw/pynq_z2_bram_wrapper.xsa
TRACE::2024-07-15.16:41:34::SCWPlatform:: Unique name xilinx:pynq-z2::0.0
TRACE::2024-07-15.16:41:34::SCWPlatform::Trying to set the existing hwdb with name pynq_z2_bram_wrapper_0
TRACE::2024-07-15.16:41:34::SCWPlatform::Opened existing hwdb pynq_z2_bram_wrapper_0
TRACE::2024-07-15.16:41:34::SCWPlatform::Found the Hw Db part of the input DSA
TRACE::2024-07-15.16:41:34::SCWMssOS::Checking the sw design at  /home/kike/Desktop/marvin/marvin/pynq_z2_bram_wrapper/ps7_cortexa9_0/freertos10_xilinx_ps7_cortexa9_0/bsp/system.mss
TRACE::2024-07-15.16:41:34::SCWMssOS::DEBUG:  swdes dump  /home/kike/Desktop/marvin/marvin/pynq_z2_bram_wrapper/ps7_cortexa9_0/freertos10_xilinx_ps7_cortexa9_0/bsp/system.mss|system_0||
/home/kike/Desktop/marvin/marvin/pynq_z2_bram_wrapper/zynq_fsbl/zynq_fsbl_bsp/system.mss|system||

TRACE::2024-07-15.16:41:34::SCWMssOS::Sw design exists and opened at  /home/kike/Desktop/marvin/marvin/pynq_z2_bram_wrapper/ps7_cortexa9_0/freertos10_xilinx_ps7_cortexa9_0/bsp/system.mss
TRACE::2024-07-15.16:41:34::SCWMssOS::Saving the mss changes /home/kike/Desktop/marvin/marvin/pynq_z2_bram_wrapper/zynq_fsbl/zynq_fsbl_bsp/system.mss
TRACE::2024-07-15.16:41:34::SCWMssOS::Found a swdesign opened with the mssfile.
TRACE::2024-07-15.16:41:34::SCWMssOS::Completed writemss as part of save.
TRACE::2024-07-15.16:41:34::SCWMssOS::Commit changes completed.
TRACE::2024-07-15.16:41:34::SCWMssOS::Saving the mss changes /home/kike/Desktop/marvin/marvin/pynq_z2_bram_wrapper/ps7_cortexa9_0/freertos10_xilinx_ps7_cortexa9_0/bsp/system.mss
TRACE::2024-07-15.16:41:34::SCWMssOS::Found a swdesign opened with the mssfile.
TRACE::2024-07-15.16:41:34::SCWMssOS::Completed writemss as part of save.
TRACE::2024-07-15.16:41:34::SCWMssOS::Commit changes completed.
TRACE::2024-07-15.16:41:34::SCWPlatform::Trying to open the hw design at /home/kike/Desktop/marvin/marvin/pynq_z2_bram_wrapper/hw/pynq_z2_bram_wrapper.xsa
TRACE::2024-07-15.16:41:34::SCWPlatform::DSA given /home/kike/Desktop/marvin/marvin/pynq_z2_bram_wrapper/hw/pynq_z2_bram_wrapper.xsa
TRACE::2024-07-15.16:41:34::SCWPlatform::DSA absoulate path /home/kike/Desktop/marvin/marvin/pynq_z2_bram_wrapper/hw/pynq_z2_bram_wrapper.xsa
TRACE::2024-07-15.16:41:34::SCWPlatform::DSA directory /home/kike/Desktop/marvin/marvin/pynq_z2_bram_wrapper/hw
TRACE::2024-07-15.16:41:34::SCWPlatform:: Platform Path /home/kike/Desktop/marvin/marvin/pynq_z2_bram_wrapper/hw/pynq_z2_bram_wrapper.xsa
TRACE::2024-07-15.16:41:34::SCWPlatform:: Unique name xilinx:pynq-z2::0.0
TRACE::2024-07-15.16:41:34::SCWPlatform::Trying to set the existing hwdb with name pynq_z2_bram_wrapper_0
TRACE::2024-07-15.16:41:34::SCWPlatform::Opened existing hwdb pynq_z2_bram_wrapper_0
TRACE::2024-07-15.16:41:34::SCWPlatform::Found the Hw Db part of the input DSA
TRACE::2024-07-15.16:41:34::SCWMssOS::Checking the sw design at  /home/kike/Desktop/marvin/marvin/pynq_z2_bram_wrapper/zynq_fsbl/zynq_fsbl_bsp/system.mss
TRACE::2024-07-15.16:41:34::SCWMssOS::DEBUG:  swdes dump  /home/kike/Desktop/marvin/marvin/pynq_z2_bram_wrapper/ps7_cortexa9_0/freertos10_xilinx_ps7_cortexa9_0/bsp/system.mss|system_0||
/home/kike/Desktop/marvin/marvin/pynq_z2_bram_wrapper/zynq_fsbl/zynq_fsbl_bsp/system.mss|system||

TRACE::2024-07-15.16:41:34::SCWMssOS::Sw design exists and opened at  /home/kike/Desktop/marvin/marvin/pynq_z2_bram_wrapper/zynq_fsbl/zynq_fsbl_bsp/system.mss
TRACE::2024-07-15.16:41:34::SCWPlatform::Trying to open the hw design at /home/kike/Desktop/marvin/marvin/pynq_z2_bram_wrapper/hw/pynq_z2_bram_wrapper.xsa
TRACE::2024-07-15.16:41:34::SCWPlatform::DSA given /home/kike/Desktop/marvin/marvin/pynq_z2_bram_wrapper/hw/pynq_z2_bram_wrapper.xsa
TRACE::2024-07-15.16:41:34::SCWPlatform::DSA absoulate path /home/kike/Desktop/marvin/marvin/pynq_z2_bram_wrapper/hw/pynq_z2_bram_wrapper.xsa
TRACE::2024-07-15.16:41:34::SCWPlatform::DSA directory /home/kike/Desktop/marvin/marvin/pynq_z2_bram_wrapper/hw
TRACE::2024-07-15.16:41:34::SCWPlatform:: Platform Path /home/kike/Desktop/marvin/marvin/pynq_z2_bram_wrapper/hw/pynq_z2_bram_wrapper.xsa
TRACE::2024-07-15.16:41:34::SCWPlatform:: Unique name xilinx:pynq-z2::0.0
TRACE::2024-07-15.16:41:34::SCWPlatform::Trying to set the existing hwdb with name pynq_z2_bram_wrapper_0
TRACE::2024-07-15.16:41:34::SCWPlatform::Opened existing hwdb pynq_z2_bram_wrapper_0
TRACE::2024-07-15.16:41:34::SCWPlatform::Found the Hw Db part of the input DSA
TRACE::2024-07-15.16:41:34::SCWMssOS::Checking the sw design at  /home/kike/Desktop/marvin/marvin/pynq_z2_bram_wrapper/zynq_fsbl/zynq_fsbl_bsp/system.mss
TRACE::2024-07-15.16:41:34::SCWMssOS::DEBUG:  swdes dump  /home/kike/Desktop/marvin/marvin/pynq_z2_bram_wrapper/ps7_cortexa9_0/freertos10_xilinx_ps7_cortexa9_0/bsp/system.mss|system_0||
/home/kike/Desktop/marvin/marvin/pynq_z2_bram_wrapper/zynq_fsbl/zynq_fsbl_bsp/system.mss|system||

TRACE::2024-07-15.16:41:34::SCWMssOS::Sw design exists and opened at  /home/kike/Desktop/marvin/marvin/pynq_z2_bram_wrapper/zynq_fsbl/zynq_fsbl_bsp/system.mss
TRACE::2024-07-15.16:41:34::SCWPlatform::Trying to open the hw design at /home/kike/Desktop/marvin/marvin/pynq_z2_bram_wrapper/hw/pynq_z2_bram_wrapper.xsa
TRACE::2024-07-15.16:41:34::SCWPlatform::DSA given /home/kike/Desktop/marvin/marvin/pynq_z2_bram_wrapper/hw/pynq_z2_bram_wrapper.xsa
TRACE::2024-07-15.16:41:34::SCWPlatform::DSA absoulate path /home/kike/Desktop/marvin/marvin/pynq_z2_bram_wrapper/hw/pynq_z2_bram_wrapper.xsa
TRACE::2024-07-15.16:41:34::SCWPlatform::DSA directory /home/kike/Desktop/marvin/marvin/pynq_z2_bram_wrapper/hw
TRACE::2024-07-15.16:41:34::SCWPlatform:: Platform Path /home/kike/Desktop/marvin/marvin/pynq_z2_bram_wrapper/hw/pynq_z2_bram_wrapper.xsa
TRACE::2024-07-15.16:41:34::SCWPlatform:: Unique name xilinx:pynq-z2::0.0
TRACE::2024-07-15.16:41:34::SCWPlatform::Trying to set the existing hwdb with name pynq_z2_bram_wrapper_0
TRACE::2024-07-15.16:41:34::SCWPlatform::Opened existing hwdb pynq_z2_bram_wrapper_0
TRACE::2024-07-15.16:41:34::SCWPlatform::Found the Hw Db part of the input DSA
TRACE::2024-07-15.16:41:34::SCWMssOS::Checking the sw design at  /home/kike/Desktop/marvin/marvin/pynq_z2_bram_wrapper/zynq_fsbl/zynq_fsbl_bsp/system.mss
TRACE::2024-07-15.16:41:34::SCWMssOS::DEBUG:  swdes dump  /home/kike/Desktop/marvin/marvin/pynq_z2_bram_wrapper/ps7_cortexa9_0/freertos10_xilinx_ps7_cortexa9_0/bsp/system.mss|system_0||
/home/kike/Desktop/marvin/marvin/pynq_z2_bram_wrapper/zynq_fsbl/zynq_fsbl_bsp/system.mss|system||

TRACE::2024-07-15.16:41:34::SCWMssOS::Sw design exists and opened at  /home/kike/Desktop/marvin/marvin/pynq_z2_bram_wrapper/zynq_fsbl/zynq_fsbl_bsp/system.mss
TRACE::2024-07-15.16:41:34::SCWPlatform::Trying to open the hw design at /home/kike/Desktop/marvin/marvin/pynq_z2_bram_wrapper/hw/pynq_z2_bram_wrapper.xsa
TRACE::2024-07-15.16:41:34::SCWPlatform::DSA given /home/kike/Desktop/marvin/marvin/pynq_z2_bram_wrapper/hw/pynq_z2_bram_wrapper.xsa
TRACE::2024-07-15.16:41:34::SCWPlatform::DSA absoulate path /home/kike/Desktop/marvin/marvin/pynq_z2_bram_wrapper/hw/pynq_z2_bram_wrapper.xsa
TRACE::2024-07-15.16:41:34::SCWPlatform::DSA directory /home/kike/Desktop/marvin/marvin/pynq_z2_bram_wrapper/hw
TRACE::2024-07-15.16:41:34::SCWPlatform:: Platform Path /home/kike/Desktop/marvin/marvin/pynq_z2_bram_wrapper/hw/pynq_z2_bram_wrapper.xsa
TRACE::2024-07-15.16:41:34::SCWPlatform:: Unique name xilinx:pynq-z2::0.0
TRACE::2024-07-15.16:41:34::SCWPlatform::Trying to set the existing hwdb with name pynq_z2_bram_wrapper_0
TRACE::2024-07-15.16:41:34::SCWPlatform::Opened existing hwdb pynq_z2_bram_wrapper_0
TRACE::2024-07-15.16:41:34::SCWPlatform::Found the Hw Db part of the input DSA
TRACE::2024-07-15.16:41:34::SCWMssOS::Checking the sw design at  /home/kike/Desktop/marvin/marvin/pynq_z2_bram_wrapper/ps7_cortexa9_0/freertos10_xilinx_ps7_cortexa9_0/bsp/system.mss
TRACE::2024-07-15.16:41:34::SCWMssOS::DEBUG:  swdes dump  /home/kike/Desktop/marvin/marvin/pynq_z2_bram_wrapper/ps7_cortexa9_0/freertos10_xilinx_ps7_cortexa9_0/bsp/system.mss|system_0||
/home/kike/Desktop/marvin/marvin/pynq_z2_bram_wrapper/zynq_fsbl/zynq_fsbl_bsp/system.mss|system||

TRACE::2024-07-15.16:41:34::SCWMssOS::Sw design exists and opened at  /home/kike/Desktop/marvin/marvin/pynq_z2_bram_wrapper/ps7_cortexa9_0/freertos10_xilinx_ps7_cortexa9_0/bsp/system.mss
TRACE::2024-07-15.16:41:34::SCWPlatform::Trying to open the hw design at /home/kike/Desktop/marvin/marvin/pynq_z2_bram_wrapper/hw/pynq_z2_bram_wrapper.xsa
TRACE::2024-07-15.16:41:34::SCWPlatform::DSA given /home/kike/Desktop/marvin/marvin/pynq_z2_bram_wrapper/hw/pynq_z2_bram_wrapper.xsa
TRACE::2024-07-15.16:41:34::SCWPlatform::DSA absoulate path /home/kike/Desktop/marvin/marvin/pynq_z2_bram_wrapper/hw/pynq_z2_bram_wrapper.xsa
TRACE::2024-07-15.16:41:34::SCWPlatform::DSA directory /home/kike/Desktop/marvin/marvin/pynq_z2_bram_wrapper/hw
TRACE::2024-07-15.16:41:34::SCWPlatform:: Platform Path /home/kike/Desktop/marvin/marvin/pynq_z2_bram_wrapper/hw/pynq_z2_bram_wrapper.xsa
TRACE::2024-07-15.16:41:34::SCWPlatform:: Unique name xilinx:pynq-z2::0.0
TRACE::2024-07-15.16:41:34::SCWPlatform::Trying to set the existing hwdb with name pynq_z2_bram_wrapper_0
TRACE::2024-07-15.16:41:34::SCWPlatform::Opened existing hwdb pynq_z2_bram_wrapper_0
TRACE::2024-07-15.16:41:34::SCWPlatform::Found the Hw Db part of the input DSA
TRACE::2024-07-15.16:41:34::SCWMssOS::Checking the sw design at  /home/kike/Desktop/marvin/marvin/pynq_z2_bram_wrapper/ps7_cortexa9_0/freertos10_xilinx_ps7_cortexa9_0/bsp/system.mss
TRACE::2024-07-15.16:41:34::SCWMssOS::DEBUG:  swdes dump  /home/kike/Desktop/marvin/marvin/pynq_z2_bram_wrapper/ps7_cortexa9_0/freertos10_xilinx_ps7_cortexa9_0/bsp/system.mss|system_0||
/home/kike/Desktop/marvin/marvin/pynq_z2_bram_wrapper/zynq_fsbl/zynq_fsbl_bsp/system.mss|system||

TRACE::2024-07-15.16:41:34::SCWMssOS::Sw design exists and opened at  /home/kike/Desktop/marvin/marvin/pynq_z2_bram_wrapper/ps7_cortexa9_0/freertos10_xilinx_ps7_cortexa9_0/bsp/system.mss
TRACE::2024-07-15.16:41:34::SCWPlatform::Trying to open the hw design at /home/kike/Desktop/marvin/marvin/pynq_z2_bram_wrapper/hw/pynq_z2_bram_wrapper.xsa
TRACE::2024-07-15.16:41:34::SCWPlatform::DSA given /home/kike/Desktop/marvin/marvin/pynq_z2_bram_wrapper/hw/pynq_z2_bram_wrapper.xsa
TRACE::2024-07-15.16:41:34::SCWPlatform::DSA absoulate path /home/kike/Desktop/marvin/marvin/pynq_z2_bram_wrapper/hw/pynq_z2_bram_wrapper.xsa
TRACE::2024-07-15.16:41:34::SCWPlatform::DSA directory /home/kike/Desktop/marvin/marvin/pynq_z2_bram_wrapper/hw
TRACE::2024-07-15.16:41:34::SCWPlatform:: Platform Path /home/kike/Desktop/marvin/marvin/pynq_z2_bram_wrapper/hw/pynq_z2_bram_wrapper.xsa
TRACE::2024-07-15.16:41:34::SCWPlatform:: Unique name xilinx:pynq-z2::0.0
TRACE::2024-07-15.16:41:34::SCWPlatform::Trying to set the existing hwdb with name pynq_z2_bram_wrapper_0
TRACE::2024-07-15.16:41:34::SCWPlatform::Opened existing hwdb pynq_z2_bram_wrapper_0
TRACE::2024-07-15.16:41:34::SCWPlatform::Found the Hw Db part of the input DSA
TRACE::2024-07-15.16:41:34::SCWMssOS::Checking the sw design at  /home/kike/Desktop/marvin/marvin/pynq_z2_bram_wrapper/ps7_cortexa9_0/freertos10_xilinx_ps7_cortexa9_0/bsp/system.mss
TRACE::2024-07-15.16:41:34::SCWMssOS::DEBUG:  swdes dump  /home/kike/Desktop/marvin/marvin/pynq_z2_bram_wrapper/ps7_cortexa9_0/freertos10_xilinx_ps7_cortexa9_0/bsp/system.mss|system_0||
/home/kike/Desktop/marvin/marvin/pynq_z2_bram_wrapper/zynq_fsbl/zynq_fsbl_bsp/system.mss|system||

TRACE::2024-07-15.16:41:34::SCWMssOS::Sw design exists and opened at  /home/kike/Desktop/marvin/marvin/pynq_z2_bram_wrapper/ps7_cortexa9_0/freertos10_xilinx_ps7_cortexa9_0/bsp/system.mss
TRACE::2024-07-15.16:41:34::SCWWriter::formatted JSON is {
	"platformName":	"pynq_z2_bram_wrapper",
	"sprVersion":	"2.0",
	"mode":	"gui",
	"dsaType":	"Fixed",
	"platformDesc":	"pynq_z2_bram_wrapper",
	"platHandOff":	"/home/kike/Desktop/marvin/vivado_project/pynq_z2_bram/pynq_z2_bram_wrapper.xsa",
	"platIntHandOff":	"<platformDir>/hw/pynq_z2_bram_wrapper.xsa",
	"deviceType":	"zynq",
	"platIsPrebuiltAutogen":	"false",
	"platIsNoBootBsp":	"false",
	"platFsblTarget":	"ps7_cortexa9_0",
	"hasFsblMakeHasChanges":	"false",
	"hasPmufwMakeHasChanges":	"false",
	"fsblExtraCompilerFlags":	"-MMD -MP       -mcpu=cortex-a9 -mfpu=vfpv3 -mfloat-abi=hard ",
	"platPreBuiltFlag":	false,
	"platformSamplesDir":	"",
	"platActiveSys":	"pynq_z2_bram_wrapper",
	"systems":	[{
			"systemName":	"pynq_z2_bram_wrapper",
			"systemDesc":	"pynq_z2_bram_wrapper",
			"sysIsBootAutoGen":	"true",
			"systemDispName":	"pynq_z2_bram_wrapper",
			"sysActiveDom":	"freertos10_xilinx_ps7_cortexa9_0",
			"sysDefaultDom":	"freertos10_xilinx_ps7_cortexa9_0",
			"domains":	[{
					"domainName":	"zynq_fsbl",
					"domainDispName":	"zynq_fsbl",
					"domainDesc":	"FSBL Application BSP - Auto Generated.",
					"processors":	"ps7_cortexa9_0",
					"os":	"standalone",
					"sdxOs":	"standalone",
					"debugEnable":	"",
					"domRuntimes":	["cpp"],
					"swRepo":	"",
					"mssOsVer":	"9.1",
					"mssFile":	"",
					"md5Digest":	"409d1989a24d76fe76b05e785092fa28",
					"compatibleApp":	"zynq_fsbl",
					"domType":	"bootDomain",
					"arch":	"32-bit",
					"appSettings":	{
						"appCompilerFlags":	"",
						"appLinkerFlags":	""
					},
					"addedLibs":	["xilffs:5.2", "xilrsa:1.8"],
					"libOptions":	{
						"libsContainingOptions":	[]
					},
					"prebuiltLibs":	{
						"prebuiltIncPath":	[],
						"prebuiltLibPath":	[]
					},
					"isolation":	{
					}
				}, {
					"domainName":	"freertos10_xilinx_ps7_cortexa9_0",
					"domainDispName":	"freertos10_xilinx_ps7_cortexa9_0",
					"domainDesc":	"freertos10_xilinx_ps7_cortexa9_0",
					"processors":	"ps7_cortexa9_0",
					"os":	"freertos10_xilinx",
					"sdxOs":	"freertos10_xilinx",
					"qemuArgs":	"<platformDir>/resources/pynq_z2_bram_wrapper/freertos10_xilinx_ps7_cortexa9_0/qemu_args.txt",
					"qemuData":	"<platformDir>/resources/pynq_z2_bram_wrapper/freertos10_xilinx_ps7_cortexa9_0/qemu",
					"debugEnable":	"False",
					"domRuntimes":	["cpp"],
					"swRepo":	"",
					"mssOsVer":	"1.15",
					"mssFile":	"",
					"md5Digest":	"b16b094303b8a18353b8c330524e5d8f",
					"compatibleApp":	"freertos_hello_world",
					"domType":	"mssDomain",
					"arch":	"32-bit",
					"appSettings":	{
						"appCompilerFlags":	"",
						"appLinkerFlags":	""
					},
					"addedLibs":	["xiltimer:2.0"],
					"libOptions":	{
						"freertos10_xilinx":	{
							"xil_interrupt":	"true",
							"libOptionNames":	["xil_interrupt"]
						},
						"libsContainingOptions":	["freertos10_xilinx"]
					},
					"prebuiltLibs":	{
						"prebuiltIncPath":	[],
						"prebuiltLibPath":	[]
					},
					"isolation":	{
					}
				}]
		}]
}
LOG::2024-07-15.16:41:34::SCWPlatform::Started generating the artifacts platform pynq_z2_bram_wrapper
TRACE::2024-07-15.16:41:34::SCWPlatform::Sanity checking of platform is completed
LOG::2024-07-15.16:41:34::SCWPlatform::Started generating the artifacts for system configuration pynq_z2_bram_wrapper
LOG::2024-07-15.16:41:34::SCWSystem::Started Processing the domain freertos10_xilinx_ps7_cortexa9_0
TRACE::2024-07-15.16:41:34::SCWDomain::Generating domain artifcats
TRACE::2024-07-15.16:41:34::SCWMssOS::Generating standalone artifcats
TRACE::2024-07-15.16:41:34::SCWMssOS::Copying the qemu file from  /home/kike/Desktop/marvin/marvin/pynq_z2_bram_wrapper/resources/pynq_z2_bram_wrapper/freertos10_xilinx_ps7_cortexa9_0/qemu_args.txt To /home/kike/Desktop/marvin/marvin/pynq_z2_bram_wrapper/export/pynq_z2_bram_wrapper/sw/pynq_z2_bram_wrapper/qemu/
TRACE::2024-07-15.16:41:34::SCWMssOS::Copying the qemu file from  /home/kike/Desktop/marvin/marvin/pynq_z2_bram_wrapper/resources/pynq_z2_bram_wrapper/freertos10_xilinx_ps7_cortexa9_0/qemu_args.txt To /home/kike/Desktop/marvin/marvin/pynq_z2_bram_wrapper/export/pynq_z2_bram_wrapper/sw/pynq_z2_bram_wrapper/freertos10_xilinx_ps7_cortexa9_0/qemu/
TRACE::2024-07-15.16:41:34::SCWMssOS:: Copying the user libraries. 
TRACE::2024-07-15.16:41:34::SCWPlatform::Trying to open the hw design at /home/kike/Desktop/marvin/marvin/pynq_z2_bram_wrapper/hw/pynq_z2_bram_wrapper.xsa
TRACE::2024-07-15.16:41:34::SCWPlatform::DSA given /home/kike/Desktop/marvin/marvin/pynq_z2_bram_wrapper/hw/pynq_z2_bram_wrapper.xsa
TRACE::2024-07-15.16:41:34::SCWPlatform::DSA absoulate path /home/kike/Desktop/marvin/marvin/pynq_z2_bram_wrapper/hw/pynq_z2_bram_wrapper.xsa
TRACE::2024-07-15.16:41:34::SCWPlatform::DSA directory /home/kike/Desktop/marvin/marvin/pynq_z2_bram_wrapper/hw
TRACE::2024-07-15.16:41:34::SCWPlatform:: Platform Path /home/kike/Desktop/marvin/marvin/pynq_z2_bram_wrapper/hw/pynq_z2_bram_wrapper.xsa
TRACE::2024-07-15.16:41:34::SCWPlatform:: Unique name xilinx:pynq-z2::0.0
TRACE::2024-07-15.16:41:34::SCWPlatform::Trying to set the existing hwdb with name pynq_z2_bram_wrapper_0
TRACE::2024-07-15.16:41:34::SCWPlatform::Opened existing hwdb pynq_z2_bram_wrapper_0
TRACE::2024-07-15.16:41:34::SCWPlatform::Found the Hw Db part of the input DSA
TRACE::2024-07-15.16:41:34::SCWMssOS::Checking the sw design at  /home/kike/Desktop/marvin/marvin/pynq_z2_bram_wrapper/ps7_cortexa9_0/freertos10_xilinx_ps7_cortexa9_0/bsp/system.mss
TRACE::2024-07-15.16:41:34::SCWMssOS::DEBUG:  swdes dump  /home/kike/Desktop/marvin/marvin/pynq_z2_bram_wrapper/ps7_cortexa9_0/freertos10_xilinx_ps7_cortexa9_0/bsp/system.mss|system_0||
/home/kike/Desktop/marvin/marvin/pynq_z2_bram_wrapper/zynq_fsbl/zynq_fsbl_bsp/system.mss|system||

TRACE::2024-07-15.16:41:34::SCWMssOS::Sw design exists and opened at  /home/kike/Desktop/marvin/marvin/pynq_z2_bram_wrapper/ps7_cortexa9_0/freertos10_xilinx_ps7_cortexa9_0/bsp/system.mss
TRACE::2024-07-15.16:41:34::SCWMssOS::Completed writing the mss file at /home/kike/Desktop/marvin/marvin/pynq_z2_bram_wrapper/ps7_cortexa9_0/freertos10_xilinx_ps7_cortexa9_0/bsp
TRACE::2024-07-15.16:41:34::SCWMssOS::Mss edits present, copying mssfile into export location /home/kike/Desktop/marvin/marvin/pynq_z2_bram_wrapper/ps7_cortexa9_0/freertos10_xilinx_ps7_cortexa9_0/bsp/system.mss
TRACE::2024-07-15.16:41:34::SCWMssOS::bsp generated is upto date with the mss file. Skipping bsp generation.
TRACE::2024-07-15.16:41:34::SCWMssOS::BSP is already built. skipping the bsp build ... 
TRACE::2024-07-15.16:41:34::SCWDomain::Building the domain as part of full build :  freertos10_xilinx_ps7_cortexa9_0
TRACE::2024-07-15.16:41:34::SCWMssOS::skipping the bsp build ... 
TRACE::2024-07-15.16:41:34::SCWMssOS::Copying to export directory.
TRACE::2024-07-15.16:41:34::SCWMssOS:: Checking if to create the Supporting Applications
TRACE::2024-07-15.16:41:34::SCWMssOS:: No Linux domain exists, trying to generate FSBL 
TRACE::2024-07-15.16:41:34::SCWMssOS:: Completed Standalone Artifacts creation 
LOG::2024-07-15.16:41:34::SCWSystem::Completed Processing the domain freertos10_xilinx_ps7_cortexa9_0
LOG::2024-07-15.16:41:34::SCWSystem::Completed Processing the sysconfig pynq_z2_bram_wrapper
LOG::2024-07-15.16:41:34::SCWPlatform::Completed generating the artifacts for system configuration pynq_z2_bram_wrapper
TRACE::2024-07-15.16:41:34::SCWPlatform::Started preparing the platform 
TRACE::2024-07-15.16:41:34::SCWSystem::Writing the bif file for system config pynq_z2_bram_wrapper
TRACE::2024-07-15.16:41:34::SCWSystem::dir created 
TRACE::2024-07-15.16:41:34::SCWSystem::Writing the bif 
TRACE::2024-07-15.16:41:34::SCWPlatform::Started writing the spfm file 
TRACE::2024-07-15.16:41:34::SCWPlatform::Started writing the xpfm file 
TRACE::2024-07-15.16:41:34::SCWPlatform::Completed generating the platform
TRACE::2024-07-15.16:41:34::SCWMssOS::Saving the mss changes /home/kike/Desktop/marvin/marvin/pynq_z2_bram_wrapper/zynq_fsbl/zynq_fsbl_bsp/system.mss
TRACE::2024-07-15.16:41:34::SCWMssOS::Found a swdesign opened with the mssfile.
TRACE::2024-07-15.16:41:34::SCWMssOS::Completed writemss as part of save.
TRACE::2024-07-15.16:41:34::SCWMssOS::Commit changes completed.
TRACE::2024-07-15.16:41:34::SCWMssOS::Saving the mss changes /home/kike/Desktop/marvin/marvin/pynq_z2_bram_wrapper/ps7_cortexa9_0/freertos10_xilinx_ps7_cortexa9_0/bsp/system.mss
TRACE::2024-07-15.16:41:34::SCWMssOS::Found a swdesign opened with the mssfile.
TRACE::2024-07-15.16:41:34::SCWMssOS::Completed writemss as part of save.
TRACE::2024-07-15.16:41:34::SCWMssOS::Commit changes completed.
TRACE::2024-07-15.16:41:34::SCWPlatform::Trying to open the hw design at /home/kike/Desktop/marvin/marvin/pynq_z2_bram_wrapper/hw/pynq_z2_bram_wrapper.xsa
TRACE::2024-07-15.16:41:34::SCWPlatform::DSA given /home/kike/Desktop/marvin/marvin/pynq_z2_bram_wrapper/hw/pynq_z2_bram_wrapper.xsa
TRACE::2024-07-15.16:41:34::SCWPlatform::DSA absoulate path /home/kike/Desktop/marvin/marvin/pynq_z2_bram_wrapper/hw/pynq_z2_bram_wrapper.xsa
TRACE::2024-07-15.16:41:34::SCWPlatform::DSA directory /home/kike/Desktop/marvin/marvin/pynq_z2_bram_wrapper/hw
TRACE::2024-07-15.16:41:34::SCWPlatform:: Platform Path /home/kike/Desktop/marvin/marvin/pynq_z2_bram_wrapper/hw/pynq_z2_bram_wrapper.xsa
TRACE::2024-07-15.16:41:34::SCWPlatform:: Unique name xilinx:pynq-z2::0.0
TRACE::2024-07-15.16:41:34::SCWPlatform::Trying to set the existing hwdb with name pynq_z2_bram_wrapper_0
TRACE::2024-07-15.16:41:34::SCWPlatform::Opened existing hwdb pynq_z2_bram_wrapper_0
TRACE::2024-07-15.16:41:34::SCWPlatform::Found the Hw Db part of the input DSA
TRACE::2024-07-15.16:41:34::SCWMssOS::Checking the sw design at  /home/kike/Desktop/marvin/marvin/pynq_z2_bram_wrapper/zynq_fsbl/zynq_fsbl_bsp/system.mss
TRACE::2024-07-15.16:41:34::SCWMssOS::DEBUG:  swdes dump  /home/kike/Desktop/marvin/marvin/pynq_z2_bram_wrapper/ps7_cortexa9_0/freertos10_xilinx_ps7_cortexa9_0/bsp/system.mss|system_0||
/home/kike/Desktop/marvin/marvin/pynq_z2_bram_wrapper/zynq_fsbl/zynq_fsbl_bsp/system.mss|system||

TRACE::2024-07-15.16:41:34::SCWMssOS::Sw design exists and opened at  /home/kike/Desktop/marvin/marvin/pynq_z2_bram_wrapper/zynq_fsbl/zynq_fsbl_bsp/system.mss
TRACE::2024-07-15.16:41:34::SCWPlatform::Trying to open the hw design at /home/kike/Desktop/marvin/marvin/pynq_z2_bram_wrapper/hw/pynq_z2_bram_wrapper.xsa
TRACE::2024-07-15.16:41:34::SCWPlatform::DSA given /home/kike/Desktop/marvin/marvin/pynq_z2_bram_wrapper/hw/pynq_z2_bram_wrapper.xsa
TRACE::2024-07-15.16:41:34::SCWPlatform::DSA absoulate path /home/kike/Desktop/marvin/marvin/pynq_z2_bram_wrapper/hw/pynq_z2_bram_wrapper.xsa
TRACE::2024-07-15.16:41:34::SCWPlatform::DSA directory /home/kike/Desktop/marvin/marvin/pynq_z2_bram_wrapper/hw
TRACE::2024-07-15.16:41:34::SCWPlatform:: Platform Path /home/kike/Desktop/marvin/marvin/pynq_z2_bram_wrapper/hw/pynq_z2_bram_wrapper.xsa
TRACE::2024-07-15.16:41:34::SCWPlatform:: Unique name xilinx:pynq-z2::0.0
TRACE::2024-07-15.16:41:34::SCWPlatform::Trying to set the existing hwdb with name pynq_z2_bram_wrapper_0
TRACE::2024-07-15.16:41:34::SCWPlatform::Opened existing hwdb pynq_z2_bram_wrapper_0
TRACE::2024-07-15.16:41:34::SCWPlatform::Found the Hw Db part of the input DSA
TRACE::2024-07-15.16:41:34::SCWMssOS::Checking the sw design at  /home/kike/Desktop/marvin/marvin/pynq_z2_bram_wrapper/zynq_fsbl/zynq_fsbl_bsp/system.mss
TRACE::2024-07-15.16:41:34::SCWMssOS::DEBUG:  swdes dump  /home/kike/Desktop/marvin/marvin/pynq_z2_bram_wrapper/ps7_cortexa9_0/freertos10_xilinx_ps7_cortexa9_0/bsp/system.mss|system_0||
/home/kike/Desktop/marvin/marvin/pynq_z2_bram_wrapper/zynq_fsbl/zynq_fsbl_bsp/system.mss|system||

TRACE::2024-07-15.16:41:34::SCWMssOS::Sw design exists and opened at  /home/kike/Desktop/marvin/marvin/pynq_z2_bram_wrapper/zynq_fsbl/zynq_fsbl_bsp/system.mss
TRACE::2024-07-15.16:41:34::SCWPlatform::Trying to open the hw design at /home/kike/Desktop/marvin/marvin/pynq_z2_bram_wrapper/hw/pynq_z2_bram_wrapper.xsa
TRACE::2024-07-15.16:41:34::SCWPlatform::DSA given /home/kike/Desktop/marvin/marvin/pynq_z2_bram_wrapper/hw/pynq_z2_bram_wrapper.xsa
TRACE::2024-07-15.16:41:34::SCWPlatform::DSA absoulate path /home/kike/Desktop/marvin/marvin/pynq_z2_bram_wrapper/hw/pynq_z2_bram_wrapper.xsa
TRACE::2024-07-15.16:41:34::SCWPlatform::DSA directory /home/kike/Desktop/marvin/marvin/pynq_z2_bram_wrapper/hw
TRACE::2024-07-15.16:41:34::SCWPlatform:: Platform Path /home/kike/Desktop/marvin/marvin/pynq_z2_bram_wrapper/hw/pynq_z2_bram_wrapper.xsa
TRACE::2024-07-15.16:41:34::SCWPlatform:: Unique name xilinx:pynq-z2::0.0
TRACE::2024-07-15.16:41:34::SCWPlatform::Trying to set the existing hwdb with name pynq_z2_bram_wrapper_0
TRACE::2024-07-15.16:41:34::SCWPlatform::Opened existing hwdb pynq_z2_bram_wrapper_0
TRACE::2024-07-15.16:41:34::SCWPlatform::Found the Hw Db part of the input DSA
TRACE::2024-07-15.16:41:34::SCWMssOS::Checking the sw design at  /home/kike/Desktop/marvin/marvin/pynq_z2_bram_wrapper/zynq_fsbl/zynq_fsbl_bsp/system.mss
TRACE::2024-07-15.16:41:34::SCWMssOS::DEBUG:  swdes dump  /home/kike/Desktop/marvin/marvin/pynq_z2_bram_wrapper/ps7_cortexa9_0/freertos10_xilinx_ps7_cortexa9_0/bsp/system.mss|system_0||
/home/kike/Desktop/marvin/marvin/pynq_z2_bram_wrapper/zynq_fsbl/zynq_fsbl_bsp/system.mss|system||

TRACE::2024-07-15.16:41:34::SCWMssOS::Sw design exists and opened at  /home/kike/Desktop/marvin/marvin/pynq_z2_bram_wrapper/zynq_fsbl/zynq_fsbl_bsp/system.mss
TRACE::2024-07-15.16:41:34::SCWPlatform::Trying to open the hw design at /home/kike/Desktop/marvin/marvin/pynq_z2_bram_wrapper/hw/pynq_z2_bram_wrapper.xsa
TRACE::2024-07-15.16:41:34::SCWPlatform::DSA given /home/kike/Desktop/marvin/marvin/pynq_z2_bram_wrapper/hw/pynq_z2_bram_wrapper.xsa
TRACE::2024-07-15.16:41:34::SCWPlatform::DSA absoulate path /home/kike/Desktop/marvin/marvin/pynq_z2_bram_wrapper/hw/pynq_z2_bram_wrapper.xsa
TRACE::2024-07-15.16:41:34::SCWPlatform::DSA directory /home/kike/Desktop/marvin/marvin/pynq_z2_bram_wrapper/hw
TRACE::2024-07-15.16:41:34::SCWPlatform:: Platform Path /home/kike/Desktop/marvin/marvin/pynq_z2_bram_wrapper/hw/pynq_z2_bram_wrapper.xsa
TRACE::2024-07-15.16:41:34::SCWPlatform:: Unique name xilinx:pynq-z2::0.0
TRACE::2024-07-15.16:41:34::SCWPlatform::Trying to set the existing hwdb with name pynq_z2_bram_wrapper_0
TRACE::2024-07-15.16:41:34::SCWPlatform::Opened existing hwdb pynq_z2_bram_wrapper_0
TRACE::2024-07-15.16:41:34::SCWPlatform::Found the Hw Db part of the input DSA
TRACE::2024-07-15.16:41:34::SCWMssOS::Checking the sw design at  /home/kike/Desktop/marvin/marvin/pynq_z2_bram_wrapper/ps7_cortexa9_0/freertos10_xilinx_ps7_cortexa9_0/bsp/system.mss
TRACE::2024-07-15.16:41:34::SCWMssOS::DEBUG:  swdes dump  /home/kike/Desktop/marvin/marvin/pynq_z2_bram_wrapper/ps7_cortexa9_0/freertos10_xilinx_ps7_cortexa9_0/bsp/system.mss|system_0||
/home/kike/Desktop/marvin/marvin/pynq_z2_bram_wrapper/zynq_fsbl/zynq_fsbl_bsp/system.mss|system||

TRACE::2024-07-15.16:41:34::SCWMssOS::Sw design exists and opened at  /home/kike/Desktop/marvin/marvin/pynq_z2_bram_wrapper/ps7_cortexa9_0/freertos10_xilinx_ps7_cortexa9_0/bsp/system.mss
TRACE::2024-07-15.16:41:34::SCWPlatform::Trying to open the hw design at /home/kike/Desktop/marvin/marvin/pynq_z2_bram_wrapper/hw/pynq_z2_bram_wrapper.xsa
TRACE::2024-07-15.16:41:34::SCWPlatform::DSA given /home/kike/Desktop/marvin/marvin/pynq_z2_bram_wrapper/hw/pynq_z2_bram_wrapper.xsa
TRACE::2024-07-15.16:41:34::SCWPlatform::DSA absoulate path /home/kike/Desktop/marvin/marvin/pynq_z2_bram_wrapper/hw/pynq_z2_bram_wrapper.xsa
TRACE::2024-07-15.16:41:34::SCWPlatform::DSA directory /home/kike/Desktop/marvin/marvin/pynq_z2_bram_wrapper/hw
TRACE::2024-07-15.16:41:34::SCWPlatform:: Platform Path /home/kike/Desktop/marvin/marvin/pynq_z2_bram_wrapper/hw/pynq_z2_bram_wrapper.xsa
TRACE::2024-07-15.16:41:34::SCWPlatform:: Unique name xilinx:pynq-z2::0.0
TRACE::2024-07-15.16:41:34::SCWPlatform::Trying to set the existing hwdb with name pynq_z2_bram_wrapper_0
TRACE::2024-07-15.16:41:34::SCWPlatform::Opened existing hwdb pynq_z2_bram_wrapper_0
TRACE::2024-07-15.16:41:34::SCWPlatform::Found the Hw Db part of the input DSA
TRACE::2024-07-15.16:41:34::SCWMssOS::Checking the sw design at  /home/kike/Desktop/marvin/marvin/pynq_z2_bram_wrapper/ps7_cortexa9_0/freertos10_xilinx_ps7_cortexa9_0/bsp/system.mss
TRACE::2024-07-15.16:41:34::SCWMssOS::DEBUG:  swdes dump  /home/kike/Desktop/marvin/marvin/pynq_z2_bram_wrapper/ps7_cortexa9_0/freertos10_xilinx_ps7_cortexa9_0/bsp/system.mss|system_0||
/home/kike/Desktop/marvin/marvin/pynq_z2_bram_wrapper/zynq_fsbl/zynq_fsbl_bsp/system.mss|system||

TRACE::2024-07-15.16:41:34::SCWMssOS::Sw design exists and opened at  /home/kike/Desktop/marvin/marvin/pynq_z2_bram_wrapper/ps7_cortexa9_0/freertos10_xilinx_ps7_cortexa9_0/bsp/system.mss
TRACE::2024-07-15.16:41:34::SCWPlatform::Trying to open the hw design at /home/kike/Desktop/marvin/marvin/pynq_z2_bram_wrapper/hw/pynq_z2_bram_wrapper.xsa
TRACE::2024-07-15.16:41:34::SCWPlatform::DSA given /home/kike/Desktop/marvin/marvin/pynq_z2_bram_wrapper/hw/pynq_z2_bram_wrapper.xsa
TRACE::2024-07-15.16:41:34::SCWPlatform::DSA absoulate path /home/kike/Desktop/marvin/marvin/pynq_z2_bram_wrapper/hw/pynq_z2_bram_wrapper.xsa
TRACE::2024-07-15.16:41:34::SCWPlatform::DSA directory /home/kike/Desktop/marvin/marvin/pynq_z2_bram_wrapper/hw
TRACE::2024-07-15.16:41:34::SCWPlatform:: Platform Path /home/kike/Desktop/marvin/marvin/pynq_z2_bram_wrapper/hw/pynq_z2_bram_wrapper.xsa
TRACE::2024-07-15.16:41:34::SCWPlatform:: Unique name xilinx:pynq-z2::0.0
TRACE::2024-07-15.16:41:34::SCWPlatform::Trying to set the existing hwdb with name pynq_z2_bram_wrapper_0
TRACE::2024-07-15.16:41:34::SCWPlatform::Opened existing hwdb pynq_z2_bram_wrapper_0
TRACE::2024-07-15.16:41:34::SCWPlatform::Found the Hw Db part of the input DSA
TRACE::2024-07-15.16:41:34::SCWMssOS::Checking the sw design at  /home/kike/Desktop/marvin/marvin/pynq_z2_bram_wrapper/ps7_cortexa9_0/freertos10_xilinx_ps7_cortexa9_0/bsp/system.mss
TRACE::2024-07-15.16:41:34::SCWMssOS::DEBUG:  swdes dump  /home/kike/Desktop/marvin/marvin/pynq_z2_bram_wrapper/ps7_cortexa9_0/freertos10_xilinx_ps7_cortexa9_0/bsp/system.mss|system_0||
/home/kike/Desktop/marvin/marvin/pynq_z2_bram_wrapper/zynq_fsbl/zynq_fsbl_bsp/system.mss|system||

TRACE::2024-07-15.16:41:34::SCWMssOS::Sw design exists and opened at  /home/kike/Desktop/marvin/marvin/pynq_z2_bram_wrapper/ps7_cortexa9_0/freertos10_xilinx_ps7_cortexa9_0/bsp/system.mss
TRACE::2024-07-15.16:41:34::SCWWriter::formatted JSON is {
	"platformName":	"pynq_z2_bram_wrapper",
	"sprVersion":	"2.0",
	"mode":	"gui",
	"dsaType":	"Fixed",
	"platformDesc":	"pynq_z2_bram_wrapper",
	"platHandOff":	"/home/kike/Desktop/marvin/vivado_project/pynq_z2_bram/pynq_z2_bram_wrapper.xsa",
	"platIntHandOff":	"<platformDir>/hw/pynq_z2_bram_wrapper.xsa",
	"deviceType":	"zynq",
	"platIsPrebuiltAutogen":	"false",
	"platIsNoBootBsp":	"false",
	"platFsblTarget":	"ps7_cortexa9_0",
	"hasFsblMakeHasChanges":	"false",
	"hasPmufwMakeHasChanges":	"false",
	"fsblExtraCompilerFlags":	"-MMD -MP       -mcpu=cortex-a9 -mfpu=vfpv3 -mfloat-abi=hard ",
	"platPreBuiltFlag":	false,
	"platformSamplesDir":	"",
	"platActiveSys":	"pynq_z2_bram_wrapper",
	"systems":	[{
			"systemName":	"pynq_z2_bram_wrapper",
			"systemDesc":	"pynq_z2_bram_wrapper",
			"sysIsBootAutoGen":	"true",
			"systemDispName":	"pynq_z2_bram_wrapper",
			"sysActiveDom":	"freertos10_xilinx_ps7_cortexa9_0",
			"sysDefaultDom":	"freertos10_xilinx_ps7_cortexa9_0",
			"domains":	[{
					"domainName":	"zynq_fsbl",
					"domainDispName":	"zynq_fsbl",
					"domainDesc":	"FSBL Application BSP - Auto Generated.",
					"processors":	"ps7_cortexa9_0",
					"os":	"standalone",
					"sdxOs":	"standalone",
					"debugEnable":	"",
					"domRuntimes":	["cpp"],
					"swRepo":	"",
					"mssOsVer":	"9.1",
					"mssFile":	"",
					"md5Digest":	"409d1989a24d76fe76b05e785092fa28",
					"compatibleApp":	"zynq_fsbl",
					"domType":	"bootDomain",
					"arch":	"32-bit",
					"appSettings":	{
						"appCompilerFlags":	"",
						"appLinkerFlags":	""
					},
					"addedLibs":	["xilffs:5.2", "xilrsa:1.8"],
					"libOptions":	{
						"libsContainingOptions":	[]
					},
					"prebuiltLibs":	{
						"prebuiltIncPath":	[],
						"prebuiltLibPath":	[]
					},
					"isolation":	{
					}
				}, {
					"domainName":	"freertos10_xilinx_ps7_cortexa9_0",
					"domainDispName":	"freertos10_xilinx_ps7_cortexa9_0",
					"domainDesc":	"freertos10_xilinx_ps7_cortexa9_0",
					"processors":	"ps7_cortexa9_0",
					"os":	"freertos10_xilinx",
					"sdxOs":	"freertos10_xilinx",
					"qemuArgs":	"<platformDir>/resources/pynq_z2_bram_wrapper/freertos10_xilinx_ps7_cortexa9_0/qemu_args.txt",
					"qemuData":	"<platformDir>/resources/pynq_z2_bram_wrapper/freertos10_xilinx_ps7_cortexa9_0/qemu",
					"debugEnable":	"False",
					"domRuntimes":	["cpp"],
					"swRepo":	"",
					"mssOsVer":	"1.15",
					"mssFile":	"",
					"md5Digest":	"b16b094303b8a18353b8c330524e5d8f",
					"compatibleApp":	"freertos_hello_world",
					"domType":	"mssDomain",
					"arch":	"32-bit",
					"appSettings":	{
						"appCompilerFlags":	"",
						"appLinkerFlags":	""
					},
					"addedLibs":	["xiltimer:2.0"],
					"libOptions":	{
						"freertos10_xilinx":	{
							"xil_interrupt":	"true",
							"libOptionNames":	["xil_interrupt"]
						},
						"libsContainingOptions":	["freertos10_xilinx"]
					},
					"prebuiltLibs":	{
						"prebuiltIncPath":	[],
						"prebuiltLibPath":	[]
					},
					"isolation":	{
					}
				}]
		}]
}
KEYINFO::2024-07-15.16:41:34::SCWPlatform::updated the xpfm file.
LOG::2024-07-15.16:44:30::SCWPlatform::Started generating the artifacts platform pynq_z2_bram_wrapper
TRACE::2024-07-15.16:44:30::SCWPlatform::Sanity checking of platform is completed
LOG::2024-07-15.16:44:30::SCWPlatform::Started generating the artifacts for system configuration pynq_z2_bram_wrapper
LOG::2024-07-15.16:44:30::SCWSystem::Checking the domain zynq_fsbl
LOG::2024-07-15.16:44:30::SCWSystem::Doing application build for :  zynq_fsbl
TRACE::2024-07-15.16:44:30::SCWBDomain::Not a forced makefile updation, No changes are present. 
TRACE::2024-07-15.16:44:30::SCWDomain::Building the domain as part of full build :  zynq_fsbl
TRACE::2024-07-15.16:44:30::SCWPlatform::Trying to open the hw design at /home/kike/Desktop/marvin/marvin/pynq_z2_bram_wrapper/hw/pynq_z2_bram_wrapper.xsa
TRACE::2024-07-15.16:44:30::SCWPlatform::DSA given /home/kike/Desktop/marvin/marvin/pynq_z2_bram_wrapper/hw/pynq_z2_bram_wrapper.xsa
TRACE::2024-07-15.16:44:30::SCWPlatform::DSA absoulate path /home/kike/Desktop/marvin/marvin/pynq_z2_bram_wrapper/hw/pynq_z2_bram_wrapper.xsa
TRACE::2024-07-15.16:44:30::SCWPlatform::DSA directory /home/kike/Desktop/marvin/marvin/pynq_z2_bram_wrapper/hw
TRACE::2024-07-15.16:44:30::SCWPlatform:: Platform Path /home/kike/Desktop/marvin/marvin/pynq_z2_bram_wrapper/hw/pynq_z2_bram_wrapper.xsa
TRACE::2024-07-15.16:44:30::SCWPlatform:: Unique name xilinx:pynq-z2::0.0
TRACE::2024-07-15.16:44:30::SCWPlatform::Trying to set the existing hwdb with name pynq_z2_bram_wrapper_0
TRACE::2024-07-15.16:44:30::SCWPlatform::Opened existing hwdb pynq_z2_bram_wrapper_0
TRACE::2024-07-15.16:44:30::SCWPlatform::Found the Hw Db part of the input DSA
TRACE::2024-07-15.16:44:30::SCWMssOS::Checking the sw design at  /home/kike/Desktop/marvin/marvin/pynq_z2_bram_wrapper/zynq_fsbl/zynq_fsbl_bsp/system.mss
TRACE::2024-07-15.16:44:30::SCWMssOS::DEBUG:  swdes dump  /home/kike/Desktop/marvin/marvin/pynq_z2_bram_wrapper/ps7_cortexa9_0/freertos10_xilinx_ps7_cortexa9_0/bsp/system.mss|system_0||
/home/kike/Desktop/marvin/marvin/pynq_z2_bram_wrapper/zynq_fsbl/zynq_fsbl_bsp/system.mss|system||

TRACE::2024-07-15.16:44:30::SCWMssOS::Sw design exists and opened at  /home/kike/Desktop/marvin/marvin/pynq_z2_bram_wrapper/zynq_fsbl/zynq_fsbl_bsp/system.mss
TRACE::2024-07-15.16:44:30::SCWBDomain::Completed writing the mss file at /home/kike/Desktop/marvin/marvin/pynq_z2_bram_wrapper/zynq_fsbl/zynq_fsbl_bsp
TRACE::2024-07-15.16:44:30::SCWBDomain::bsp generated is upto date with the mss file. Skipping bsp generation.
TRACE::2024-07-15.16:44:30::SCWBDomain::Not a forced makefile updation, No changes are present. 
TRACE::2024-07-15.16:44:30::SCWBDomain::System Command Ran  cd  /home/kike/Desktop/marvin/marvin/pynq_z2_bram_wrapper/zynq_fsbl ; bash -c " make -C zynq_fsbl_bsp ; make  " 
TRACE::2024-07-15.16:44:30::SCWBDomain::make: Entering directory '/home/kike/Desktop/marvin/marvin/pynq_z2_bram_wrapper/zynq_fsbl/zynq_fsbl_bsp'

TRACE::2024-07-15.16:44:30::SCWBDomain::make --no-print-directory seq_libs

TRACE::2024-07-15.16:44:30::SCWBDomain::Running Make include in ps7_cortexa9_0/libsrc/bram_v4_10/src

TRACE::2024-07-15.16:44:30::SCWBDomain::make -C ps7_cortexa9_0/libsrc/bram_v4_10/src -s include  "SHELL=/bin/sh" "COMPILER=arm-none-eabi-gcc" "ASSEMBLER=arm-none-eabi-
TRACE::2024-07-15.16:44:30::SCWBDomain::as" "ARCHIVER=arm-none-eabi-ar" "COMPILER_FLAGS=  -O2 -c" "EXTRA_COMPILER_FLAGS=-mcpu=cortex-a9 -mfpu=vfpv3 -mfloat-abi=hard -n
TRACE::2024-07-15.16:44:30::SCWBDomain::ostartfiles -g -Wall -Wextra -fno-tree-loop-distribute-patterns"

TRACE::2024-07-15.16:44:30::SCWBDomain::Running Make include in ps7_cortexa9_0/libsrc/coresightps_dcc_v1_10/src

TRACE::2024-07-15.16:44:30::SCWBDomain::make -C ps7_cortexa9_0/libsrc/coresightps_dcc_v1_10/src -s include  "SHELL=/bin/sh" "COMPILER=arm-none-eabi-gcc" "ASSEMBLER=arm
TRACE::2024-07-15.16:44:30::SCWBDomain::-none-eabi-as" "ARCHIVER=arm-none-eabi-ar" "COMPILER_FLAGS=  -O2 -c" "EXTRA_COMPILER_FLAGS=-mcpu=cortex-a9 -mfpu=vfpv3 -mfloat-
TRACE::2024-07-15.16:44:30::SCWBDomain::abi=hard -nostartfiles -g -Wall -Wextra -fno-tree-loop-distribute-patterns"

TRACE::2024-07-15.16:44:30::SCWBDomain::Running Make include in ps7_cortexa9_0/libsrc/cpu_cortexa9_v2_12/src

TRACE::2024-07-15.16:44:30::SCWBDomain::make -C ps7_cortexa9_0/libsrc/cpu_cortexa9_v2_12/src -s include  "SHELL=/bin/sh" "COMPILER=arm-none-eabi-gcc" "ASSEMBLER=arm-no
TRACE::2024-07-15.16:44:30::SCWBDomain::ne-eabi-as" "ARCHIVER=arm-none-eabi-ar" "COMPILER_FLAGS=  -O2 -c" "EXTRA_COMPILER_FLAGS=-mcpu=cortex-a9 -mfpu=vfpv3 -mfloat-abi
TRACE::2024-07-15.16:44:30::SCWBDomain::=hard -nostartfiles -g -Wall -Wextra -fno-tree-loop-distribute-patterns"

TRACE::2024-07-15.16:44:30::SCWBDomain::Running Make include in ps7_cortexa9_0/libsrc/ddrps_v1_2/src

TRACE::2024-07-15.16:44:30::SCWBDomain::make -C ps7_cortexa9_0/libsrc/ddrps_v1_2/src -s include  "SHELL=/bin/sh" "COMPILER=arm-none-eabi-gcc" "ASSEMBLER=arm-none-eabi-
TRACE::2024-07-15.16:44:30::SCWBDomain::as" "ARCHIVER=arm-none-eabi-ar" "COMPILER_FLAGS=  -O2 -c" "EXTRA_COMPILER_FLAGS=-mcpu=cortex-a9 -mfpu=vfpv3 -mfloat-abi=hard -n
TRACE::2024-07-15.16:44:30::SCWBDomain::ostartfiles -g -Wall -Wextra -fno-tree-loop-distribute-patterns"

TRACE::2024-07-15.16:44:30::SCWBDomain::Running Make include in ps7_cortexa9_0/libsrc/devcfg_v3_8/src

TRACE::2024-07-15.16:44:30::SCWBDomain::make -C ps7_cortexa9_0/libsrc/devcfg_v3_8/src -s include  "SHELL=/bin/sh" "COMPILER=arm-none-eabi-gcc" "ASSEMBLER=arm-none-eabi
TRACE::2024-07-15.16:44:30::SCWBDomain::-as" "ARCHIVER=arm-none-eabi-ar" "COMPILER_FLAGS=  -O2 -c" "EXTRA_COMPILER_FLAGS=-mcpu=cortex-a9 -mfpu=vfpv3 -mfloat-abi=hard -
TRACE::2024-07-15.16:44:30::SCWBDomain::nostartfiles -g -Wall -Wextra -fno-tree-loop-distribute-patterns"

TRACE::2024-07-15.16:44:30::SCWBDomain::Running Make include in ps7_cortexa9_0/libsrc/dmaps_v2_10/src

TRACE::2024-07-15.16:44:30::SCWBDomain::make -C ps7_cortexa9_0/libsrc/dmaps_v2_10/src -s include  "SHELL=/bin/sh" "COMPILER=arm-none-eabi-gcc" "ASSEMBLER=arm-none-eabi
TRACE::2024-07-15.16:44:30::SCWBDomain::-as" "ARCHIVER=arm-none-eabi-ar" "COMPILER_FLAGS=  -O2 -c" "EXTRA_COMPILER_FLAGS=-mcpu=cortex-a9 -mfpu=vfpv3 -mfloat-abi=hard -
TRACE::2024-07-15.16:44:30::SCWBDomain::nostartfiles -g -Wall -Wextra -fno-tree-loop-distribute-patterns"

TRACE::2024-07-15.16:44:30::SCWBDomain::Running Make include in ps7_cortexa9_0/libsrc/emacps_v3_20/src

TRACE::2024-07-15.16:44:30::SCWBDomain::make -C ps7_cortexa9_0/libsrc/emacps_v3_20/src -s include  "SHELL=/bin/sh" "COMPILER=arm-none-eabi-gcc" "ASSEMBLER=arm-none-eab
TRACE::2024-07-15.16:44:30::SCWBDomain::i-as" "ARCHIVER=arm-none-eabi-ar" "COMPILER_FLAGS=  -O2 -c" "EXTRA_COMPILER_FLAGS=-mcpu=cortex-a9 -mfpu=vfpv3 -mfloat-abi=hard 
TRACE::2024-07-15.16:44:30::SCWBDomain::-nostartfiles -g -Wall -Wextra -fno-tree-loop-distribute-patterns"

TRACE::2024-07-15.16:44:30::SCWBDomain::Running Make include in ps7_cortexa9_0/libsrc/gpiops_v3_13/src

TRACE::2024-07-15.16:44:30::SCWBDomain::make -C ps7_cortexa9_0/libsrc/gpiops_v3_13/src -s include  "SHELL=/bin/sh" "COMPILER=arm-none-eabi-gcc" "ASSEMBLER=arm-none-eab
TRACE::2024-07-15.16:44:30::SCWBDomain::i-as" "ARCHIVER=arm-none-eabi-ar" "COMPILER_FLAGS=  -O2 -c" "EXTRA_COMPILER_FLAGS=-mcpu=cortex-a9 -mfpu=vfpv3 -mfloat-abi=hard 
TRACE::2024-07-15.16:44:30::SCWBDomain::-nostartfiles -g -Wall -Wextra -fno-tree-loop-distribute-patterns"

TRACE::2024-07-15.16:44:30::SCWBDomain::Running Make include in ps7_cortexa9_0/libsrc/qspips_v3_12/src

TRACE::2024-07-15.16:44:30::SCWBDomain::make -C ps7_cortexa9_0/libsrc/qspips_v3_12/src -s include  "SHELL=/bin/sh" "COMPILER=arm-none-eabi-gcc" "ASSEMBLER=arm-none-eab
TRACE::2024-07-15.16:44:30::SCWBDomain::i-as" "ARCHIVER=arm-none-eabi-ar" "COMPILER_FLAGS=  -O2 -c" "EXTRA_COMPILER_FLAGS=-mcpu=cortex-a9 -mfpu=vfpv3 -mfloat-abi=hard 
TRACE::2024-07-15.16:44:30::SCWBDomain::-nostartfiles -g -Wall -Wextra -fno-tree-loop-distribute-patterns"

TRACE::2024-07-15.16:44:30::SCWBDomain::Running Make include in ps7_cortexa9_0/libsrc/scugic_v5_3/src

TRACE::2024-07-15.16:44:30::SCWBDomain::make -C ps7_cortexa9_0/libsrc/scugic_v5_3/src -s include  "SHELL=/bin/sh" "COMPILER=arm-none-eabi-gcc" "ASSEMBLER=arm-none-eabi
TRACE::2024-07-15.16:44:30::SCWBDomain::-as" "ARCHIVER=arm-none-eabi-ar" "COMPILER_FLAGS=  -O2 -c" "EXTRA_COMPILER_FLAGS=-mcpu=cortex-a9 -mfpu=vfpv3 -mfloat-abi=hard -
TRACE::2024-07-15.16:44:30::SCWBDomain::nostartfiles -g -Wall -Wextra -fno-tree-loop-distribute-patterns"

TRACE::2024-07-15.16:44:30::SCWBDomain::Running Make include in ps7_cortexa9_0/libsrc/scutimer_v2_6/src

TRACE::2024-07-15.16:44:30::SCWBDomain::make -C ps7_cortexa9_0/libsrc/scutimer_v2_6/src -s include  "SHELL=/bin/sh" "COMPILER=arm-none-eabi-gcc" "ASSEMBLER=arm-none-ea
TRACE::2024-07-15.16:44:30::SCWBDomain::bi-as" "ARCHIVER=arm-none-eabi-ar" "COMPILER_FLAGS=  -O2 -c" "EXTRA_COMPILER_FLAGS=-mcpu=cortex-a9 -mfpu=vfpv3 -mfloat-abi=hard
TRACE::2024-07-15.16:44:30::SCWBDomain:: -nostartfiles -g -Wall -Wextra -fno-tree-loop-distribute-patterns"

TRACE::2024-07-15.16:44:30::SCWBDomain::Running Make include in ps7_cortexa9_0/libsrc/scuwdt_v2_5/src

TRACE::2024-07-15.16:44:30::SCWBDomain::make -C ps7_cortexa9_0/libsrc/scuwdt_v2_5/src -s include  "SHELL=/bin/sh" "COMPILER=arm-none-eabi-gcc" "ASSEMBLER=arm-none-eabi
TRACE::2024-07-15.16:44:30::SCWBDomain::-as" "ARCHIVER=arm-none-eabi-ar" "COMPILER_FLAGS=  -O2 -c" "EXTRA_COMPILER_FLAGS=-mcpu=cortex-a9 -mfpu=vfpv3 -mfloat-abi=hard -
TRACE::2024-07-15.16:44:30::SCWBDomain::nostartfiles -g -Wall -Wextra -fno-tree-loop-distribute-patterns"

TRACE::2024-07-15.16:44:30::SCWBDomain::Running Make include in ps7_cortexa9_0/libsrc/sdps_v4_3/src

TRACE::2024-07-15.16:44:30::SCWBDomain::make -C ps7_cortexa9_0/libsrc/sdps_v4_3/src -s include  "SHELL=/bin/sh" "COMPILER=arm-none-eabi-gcc" "ASSEMBLER=arm-none-eabi-a
TRACE::2024-07-15.16:44:30::SCWBDomain::s" "ARCHIVER=arm-none-eabi-ar" "COMPILER_FLAGS=  -O2 -c" "EXTRA_COMPILER_FLAGS=-mcpu=cortex-a9 -mfpu=vfpv3 -mfloat-abi=hard -no
TRACE::2024-07-15.16:44:30::SCWBDomain::startfiles -g -Wall -Wextra -fno-tree-loop-distribute-patterns"

TRACE::2024-07-15.16:44:30::SCWBDomain::Running Make include in ps7_cortexa9_0/libsrc/standalone_v9_1/src

TRACE::2024-07-15.16:44:30::SCWBDomain::make -C ps7_cortexa9_0/libsrc/standalone_v9_1/src -s include  "SHELL=/bin/sh" "COMPILER=arm-none-eabi-gcc" "ASSEMBLER=arm-none-
TRACE::2024-07-15.16:44:30::SCWBDomain::eabi-as" "ARCHIVER=arm-none-eabi-ar" "COMPILER_FLAGS=  -O2 -c" "EXTRA_COMPILER_FLAGS=-mcpu=cortex-a9 -mfpu=vfpv3 -mfloat-abi=ha
TRACE::2024-07-15.16:44:30::SCWBDomain::rd -nostartfiles -g -Wall -Wextra -fno-tree-loop-distribute-patterns"

TRACE::2024-07-15.16:44:30::SCWBDomain::Running Make include in ps7_cortexa9_0/libsrc/uartps_v3_14/src

TRACE::2024-07-15.16:44:30::SCWBDomain::make -C ps7_cortexa9_0/libsrc/uartps_v3_14/src -s include  "SHELL=/bin/sh" "COMPILER=arm-none-eabi-gcc" "ASSEMBLER=arm-none-eab
TRACE::2024-07-15.16:44:30::SCWBDomain::i-as" "ARCHIVER=arm-none-eabi-ar" "COMPILER_FLAGS=  -O2 -c" "EXTRA_COMPILER_FLAGS=-mcpu=cortex-a9 -mfpu=vfpv3 -mfloat-abi=hard 
TRACE::2024-07-15.16:44:30::SCWBDomain::-nostartfiles -g -Wall -Wextra -fno-tree-loop-distribute-patterns"

TRACE::2024-07-15.16:44:30::SCWBDomain::Running Make include in ps7_cortexa9_0/libsrc/usbps_v2_9/src

TRACE::2024-07-15.16:44:30::SCWBDomain::make -C ps7_cortexa9_0/libsrc/usbps_v2_9/src -s include  "SHELL=/bin/sh" "COMPILER=arm-none-eabi-gcc" "ASSEMBLER=arm-none-eabi-
TRACE::2024-07-15.16:44:30::SCWBDomain::as" "ARCHIVER=arm-none-eabi-ar" "COMPILER_FLAGS=  -O2 -c" "EXTRA_COMPILER_FLAGS=-mcpu=cortex-a9 -mfpu=vfpv3 -mfloat-abi=hard -n
TRACE::2024-07-15.16:44:30::SCWBDomain::ostartfiles -g -Wall -Wextra -fno-tree-loop-distribute-patterns"

TRACE::2024-07-15.16:44:30::SCWBDomain::Running Make include in ps7_cortexa9_0/libsrc/xadcps_v2_7/src

TRACE::2024-07-15.16:44:30::SCWBDomain::make -C ps7_cortexa9_0/libsrc/xadcps_v2_7/src -s include  "SHELL=/bin/sh" "COMPILER=arm-none-eabi-gcc" "ASSEMBLER=arm-none-eabi
TRACE::2024-07-15.16:44:30::SCWBDomain::-as" "ARCHIVER=arm-none-eabi-ar" "COMPILER_FLAGS=  -O2 -c" "EXTRA_COMPILER_FLAGS=-mcpu=cortex-a9 -mfpu=vfpv3 -mfloat-abi=hard -
TRACE::2024-07-15.16:44:30::SCWBDomain::nostartfiles -g -Wall -Wextra -fno-tree-loop-distribute-patterns"

TRACE::2024-07-15.16:44:30::SCWBDomain::Running Make include in ps7_cortexa9_0/libsrc/xilffs_v5_2/src

TRACE::2024-07-15.16:44:30::SCWBDomain::make -C ps7_cortexa9_0/libsrc/xilffs_v5_2/src -s include  "SHELL=/bin/sh" "COMPILER=arm-none-eabi-gcc" "ASSEMBLER=arm-none-eabi
TRACE::2024-07-15.16:44:30::SCWBDomain::-as" "ARCHIVER=arm-none-eabi-ar" "COMPILER_FLAGS=  -O2 -c" "EXTRA_COMPILER_FLAGS=-mcpu=cortex-a9 -mfpu=vfpv3 -mfloat-abi=hard -
TRACE::2024-07-15.16:44:30::SCWBDomain::nostartfiles -g -Wall -Wextra -fno-tree-loop-distribute-patterns"

TRACE::2024-07-15.16:44:30::SCWBDomain::Running Make include in ps7_cortexa9_0/libsrc/xilrsa_v1_8/src

TRACE::2024-07-15.16:44:30::SCWBDomain::make -C ps7_cortexa9_0/libsrc/xilrsa_v1_8/src -s include  "SHELL=/bin/sh" "COMPILER=arm-none-eabi-gcc" "ASSEMBLER=arm-none-eabi
TRACE::2024-07-15.16:44:30::SCWBDomain::-as" "ARCHIVER=arm-none-eabi-ar" "COMPILER_FLAGS=  -O2 -c" "EXTRA_COMPILER_FLAGS=-mcpu=cortex-a9 -mfpu=vfpv3 -mfloat-abi=hard -
TRACE::2024-07-15.16:44:30::SCWBDomain::nostartfiles -g -Wall -Wextra -fno-tree-loop-distribute-patterns"

TRACE::2024-07-15.16:44:30::SCWBDomain::Running Make libs in ps7_cortexa9_0/libsrc/xilrsa_v1_8/src

TRACE::2024-07-15.16:44:30::SCWBDomain::make -C ps7_cortexa9_0/libsrc/xilrsa_v1_8/src -s libs  "SHELL=/bin/sh" "COMPILER=arm-none-eabi-gcc" "ASSEMBLER=arm-none-eabi-as
TRACE::2024-07-15.16:44:30::SCWBDomain::" "ARCHIVER=arm-none-eabi-ar" "COMPILER_FLAGS=  -O2 -c" "EXTRA_COMPILER_FLAGS=-mcpu=cortex-a9 -mfpu=vfpv3 -mfloat-abi=hard -nos
TRACE::2024-07-15.16:44:30::SCWBDomain::tartfiles -g -Wall -Wextra -fno-tree-loop-distribute-patterns"

TRACE::2024-07-15.16:44:30::SCWBDomain::Finished building libraries sequentially.

TRACE::2024-07-15.16:44:30::SCWBDomain::make -j 10 --no-print-directory par_libs

TRACE::2024-07-15.16:44:30::SCWBDomain::Running Make include in ps7_cortexa9_0/libsrc/bram_v4_10/src

TRACE::2024-07-15.16:44:30::SCWBDomain::make -C ps7_cortexa9_0/libsrc/bram_v4_10/src -s include  "SHELL=/bin/sh" "COMPILER=arm-none-eabi-gcc" "ASSEMBLER=arm-none-eabi-
TRACE::2024-07-15.16:44:30::SCWBDomain::as" "ARCHIVER=arm-none-eabi-ar" "COMPILER_FLAGS=  -O2 -c" "EXTRA_COMPILER_FLAGS=-mcpu=cortex-a9 -mfpu=vfpv3 -mfloat-abi=hard -n
TRACE::2024-07-15.16:44:30::SCWBDomain::ostartfiles -g -Wall -Wextra -fno-tree-loop-distribute-patterns"

TRACE::2024-07-15.16:44:30::SCWBDomain::Running Make include in ps7_cortexa9_0/libsrc/coresightps_dcc_v1_10/src

TRACE::2024-07-15.16:44:30::SCWBDomain::make -C ps7_cortexa9_0/libsrc/coresightps_dcc_v1_10/src -s include  "SHELL=/bin/sh" "COMPILER=arm-none-eabi-gcc" "ASSEMBLER=arm
TRACE::2024-07-15.16:44:30::SCWBDomain::-none-eabi-as" "ARCHIVER=arm-none-eabi-ar" "COMPILER_FLAGS=  -O2 -c" "EXTRA_COMPILER_FLAGS=-mcpu=cortex-a9 -mfpu=vfpv3 -mfloat-
TRACE::2024-07-15.16:44:30::SCWBDomain::abi=hard -nostartfiles -g -Wall -Wextra -fno-tree-loop-distribute-patterns"

TRACE::2024-07-15.16:44:30::SCWBDomain::Running Make include in ps7_cortexa9_0/libsrc/cpu_cortexa9_v2_12/src

TRACE::2024-07-15.16:44:30::SCWBDomain::make -C ps7_cortexa9_0/libsrc/cpu_cortexa9_v2_12/src -s include  "SHELL=/bin/sh" "COMPILER=arm-none-eabi-gcc" "ASSEMBLER=arm-no
TRACE::2024-07-15.16:44:30::SCWBDomain::ne-eabi-as" "ARCHIVER=arm-none-eabi-ar" "COMPILER_FLAGS=  -O2 -c" "EXTRA_COMPILER_FLAGS=-mcpu=cortex-a9 -mfpu=vfpv3 -mfloat-abi
TRACE::2024-07-15.16:44:30::SCWBDomain::=hard -nostartfiles -g -Wall -Wextra -fno-tree-loop-distribute-patterns"

TRACE::2024-07-15.16:44:30::SCWBDomain::Running Make include in ps7_cortexa9_0/libsrc/ddrps_v1_2/src

TRACE::2024-07-15.16:44:30::SCWBDomain::make -C ps7_cortexa9_0/libsrc/ddrps_v1_2/src -s include  "SHELL=/bin/sh" "COMPILER=arm-none-eabi-gcc" "ASSEMBLER=arm-none-eabi-
TRACE::2024-07-15.16:44:30::SCWBDomain::as" "ARCHIVER=arm-none-eabi-ar" "COMPILER_FLAGS=  -O2 -c" "EXTRA_COMPILER_FLAGS=-mcpu=cortex-a9 -mfpu=vfpv3 -mfloat-abi=hard -n
TRACE::2024-07-15.16:44:30::SCWBDomain::ostartfiles -g -Wall -Wextra -fno-tree-loop-distribute-patterns"

TRACE::2024-07-15.16:44:30::SCWBDomain::Running Make include in ps7_cortexa9_0/libsrc/devcfg_v3_8/src

TRACE::2024-07-15.16:44:30::SCWBDomain::make -C ps7_cortexa9_0/libsrc/devcfg_v3_8/src -s include  "SHELL=/bin/sh" "COMPILER=arm-none-eabi-gcc" "ASSEMBLER=arm-none-eabi
TRACE::2024-07-15.16:44:30::SCWBDomain::-as" "ARCHIVER=arm-none-eabi-ar" "COMPILER_FLAGS=  -O2 -c" "EXTRA_COMPILER_FLAGS=-mcpu=cortex-a9 -mfpu=vfpv3 -mfloat-abi=hard -
TRACE::2024-07-15.16:44:30::SCWBDomain::nostartfiles -g -Wall -Wextra -fno-tree-loop-distribute-patterns"

TRACE::2024-07-15.16:44:30::SCWBDomain::Running Make include in ps7_cortexa9_0/libsrc/dmaps_v2_10/src

TRACE::2024-07-15.16:44:30::SCWBDomain::make -C ps7_cortexa9_0/libsrc/dmaps_v2_10/src -s include  "SHELL=/bin/sh" "COMPILER=arm-none-eabi-gcc" "ASSEMBLER=arm-none-eabi
TRACE::2024-07-15.16:44:30::SCWBDomain::-as" "ARCHIVER=arm-none-eabi-ar" "COMPILER_FLAGS=  -O2 -c" "EXTRA_COMPILER_FLAGS=-mcpu=cortex-a9 -mfpu=vfpv3 -mfloat-abi=hard -
TRACE::2024-07-15.16:44:30::SCWBDomain::nostartfiles -g -Wall -Wextra -fno-tree-loop-distribute-patterns"

TRACE::2024-07-15.16:44:30::SCWBDomain::Running Make include in ps7_cortexa9_0/libsrc/emacps_v3_20/src

TRACE::2024-07-15.16:44:30::SCWBDomain::Running Make include in ps7_cortexa9_0/libsrc/gpiops_v3_13/src

TRACE::2024-07-15.16:44:30::SCWBDomain::Running Make include in ps7_cortexa9_0/libsrc/qspips_v3_12/src

TRACE::2024-07-15.16:44:30::SCWBDomain::make -C ps7_cortexa9_0/libsrc/emacps_v3_20/src -s include  "SHELL=/bin/sh" "COMPILER=arm-none-eabi-gcc" "ASSEMBLER=arm-none-eab
TRACE::2024-07-15.16:44:30::SCWBDomain::i-as" "ARCHIVER=arm-none-eabi-ar" "COMPILER_FLAGS=  -O2 -c" "EXTRA_COMPILER_FLAGS=-mcpu=cortex-a9 -mfpu=vfpv3 -mfloat-abi=hard 
TRACE::2024-07-15.16:44:30::SCWBDomain::-nostartfiles -g -Wall -Wextra -fno-tree-loop-distribute-patterns"

TRACE::2024-07-15.16:44:30::SCWBDomain::make -C ps7_cortexa9_0/libsrc/gpiops_v3_13/src -s include  "SHELL=/bin/sh" "COMPILER=arm-none-eabi-gcc" "ASSEMBLER=arm-none-eab
TRACE::2024-07-15.16:44:30::SCWBDomain::i-as" "ARCHIVER=arm-none-eabi-ar" "COMPILER_FLAGS=  -O2 -c" "EXTRA_COMPILER_FLAGS=-mcpu=cortex-a9 -mfpu=vfpv3 -mfloat-abi=hard 
TRACE::2024-07-15.16:44:30::SCWBDomain::-nostartfiles -g -Wall -Wextra -fno-tree-loop-distribute-patterns"

TRACE::2024-07-15.16:44:30::SCWBDomain::make -C ps7_cortexa9_0/libsrc/qspips_v3_12/src -s include  "SHELL=/bin/sh" "COMPILER=arm-none-eabi-gcc" "ASSEMBLER=arm-none-eab
TRACE::2024-07-15.16:44:30::SCWBDomain::i-as" "ARCHIVER=arm-none-eabi-ar" "COMPILER_FLAGS=  -O2 -c" "EXTRA_COMPILER_FLAGS=-mcpu=cortex-a9 -mfpu=vfpv3 -mfloat-abi=hard 
TRACE::2024-07-15.16:44:30::SCWBDomain::-nostartfiles -g -Wall -Wextra -fno-tree-loop-distribute-patterns"

TRACE::2024-07-15.16:44:30::SCWBDomain::Running Make include in ps7_cortexa9_0/libsrc/scugic_v5_3/src

TRACE::2024-07-15.16:44:30::SCWBDomain::make -C ps7_cortexa9_0/libsrc/scugic_v5_3/src -s include  "SHELL=/bin/sh" "COMPILER=arm-none-eabi-gcc" "ASSEMBLER=arm-none-eabi
TRACE::2024-07-15.16:44:30::SCWBDomain::-as" "ARCHIVER=arm-none-eabi-ar" "COMPILER_FLAGS=  -O2 -c" "EXTRA_COMPILER_FLAGS=-mcpu=cortex-a9 -mfpu=vfpv3 -mfloat-abi=hard -
TRACE::2024-07-15.16:44:30::SCWBDomain::nostartfiles -g -Wall -Wextra -fno-tree-loop-distribute-patterns"

TRACE::2024-07-15.16:44:30::SCWBDomain::Running Make include in ps7_cortexa9_0/libsrc/scutimer_v2_6/src

TRACE::2024-07-15.16:44:30::SCWBDomain::Running Make include in ps7_cortexa9_0/libsrc/scuwdt_v2_5/src

TRACE::2024-07-15.16:44:30::SCWBDomain::make -C ps7_cortexa9_0/libsrc/scutimer_v2_6/src -s include  "SHELL=/bin/sh" "COMPILER=arm-none-eabi-gcc" "ASSEMBLER=arm-none-ea
TRACE::2024-07-15.16:44:30::SCWBDomain::bi-as" "ARCHIVER=arm-none-eabi-ar" "COMPILER_FLAGS=  -O2 -c" "EXTRA_COMPILER_FLAGS=-mcpu=cortex-a9 -mfpu=vfpv3 -mfloat-abi=hard
TRACE::2024-07-15.16:44:30::SCWBDomain:: -nostartfiles -g -Wall -Wextra -fno-tree-loop-distribute-patterns"

TRACE::2024-07-15.16:44:30::SCWBDomain::Running Make include in ps7_cortexa9_0/libsrc/sdps_v4_3/src

TRACE::2024-07-15.16:44:30::SCWBDomain::Running Make include in ps7_cortexa9_0/libsrc/standalone_v9_1/src

TRACE::2024-07-15.16:44:30::SCWBDomain::make -C ps7_cortexa9_0/libsrc/scuwdt_v2_5/src -s include  "SHELL=/bin/sh" "COMPILER=arm-none-eabi-gcc" "ASSEMBLER=arm-none-eabi
TRACE::2024-07-15.16:44:30::SCWBDomain::-as" "ARCHIVER=arm-none-eabi-ar" "COMPILER_FLAGS=  -O2 -c" "EXTRA_COMPILER_FLAGS=-mcpu=cortex-a9 -mfpu=vfpv3 -mfloat-abi=hard -
TRACE::2024-07-15.16:44:30::SCWBDomain::nostartfiles -g -Wall -Wextra -fno-tree-loop-distribute-patterns"

TRACE::2024-07-15.16:44:30::SCWBDomain::make -C ps7_cortexa9_0/libsrc/sdps_v4_3/src -s include  "SHELL=/bin/sh" "COMPILER=arm-none-eabi-gcc" "ASSEMBLER=arm-none-eabi-a
TRACE::2024-07-15.16:44:30::SCWBDomain::s" "ARCHIVER=arm-none-eabi-ar" "COMPILER_FLAGS=  -O2 -c" "EXTRA_COMPILER_FLAGS=-mcpu=cortex-a9 -mfpu=vfpv3 -mfloat-abi=hard -no
TRACE::2024-07-15.16:44:30::SCWBDomain::startfiles -g -Wall -Wextra -fno-tree-loop-distribute-patterns"

TRACE::2024-07-15.16:44:30::SCWBDomain::make -C ps7_cortexa9_0/libsrc/standalone_v9_1/src -s include  "SHELL=/bin/sh" "COMPILER=arm-none-eabi-gcc" "ASSEMBLER=arm-none-
TRACE::2024-07-15.16:44:30::SCWBDomain::eabi-as" "ARCHIVER=arm-none-eabi-ar" "COMPILER_FLAGS=  -O2 -c" "EXTRA_COMPILER_FLAGS=-mcpu=cortex-a9 -mfpu=vfpv3 -mfloat-abi=ha
TRACE::2024-07-15.16:44:30::SCWBDomain::rd -nostartfiles -g -Wall -Wextra -fno-tree-loop-distribute-patterns"

TRACE::2024-07-15.16:44:30::SCWBDomain::Running Make include in ps7_cortexa9_0/libsrc/uartps_v3_14/src

TRACE::2024-07-15.16:44:30::SCWBDomain::make -C ps7_cortexa9_0/libsrc/uartps_v3_14/src -s include  "SHELL=/bin/sh" "COMPILER=arm-none-eabi-gcc" "ASSEMBLER=arm-none-eab
TRACE::2024-07-15.16:44:30::SCWBDomain::i-as" "ARCHIVER=arm-none-eabi-ar" "COMPILER_FLAGS=  -O2 -c" "EXTRA_COMPILER_FLAGS=-mcpu=cortex-a9 -mfpu=vfpv3 -mfloat-abi=hard 
TRACE::2024-07-15.16:44:30::SCWBDomain::-nostartfiles -g -Wall -Wextra -fno-tree-loop-distribute-patterns"

TRACE::2024-07-15.16:44:30::SCWBDomain::Running Make include in ps7_cortexa9_0/libsrc/usbps_v2_9/src

TRACE::2024-07-15.16:44:30::SCWBDomain::Running Make include in ps7_cortexa9_0/libsrc/xadcps_v2_7/src

TRACE::2024-07-15.16:44:30::SCWBDomain::make -C ps7_cortexa9_0/libsrc/usbps_v2_9/src -s include  "SHELL=/bin/sh" "COMPILER=arm-none-eabi-gcc" "ASSEMBLER=arm-none-eabi-
TRACE::2024-07-15.16:44:30::SCWBDomain::as" "ARCHIVER=arm-none-eabi-ar" "COMPILER_FLAGS=  -O2 -c" "EXTRA_COMPILER_FLAGS=-mcpu=cortex-a9 -mfpu=vfpv3 -mfloat-abi=hard -n
TRACE::2024-07-15.16:44:30::SCWBDomain::ostartfiles -g -Wall -Wextra -fno-tree-loop-distribute-patterns"

TRACE::2024-07-15.16:44:30::SCWBDomain::make -C ps7_cortexa9_0/libsrc/xadcps_v2_7/src -s include  "SHELL=/bin/sh" "COMPILER=arm-none-eabi-gcc" "ASSEMBLER=arm-none-eabi
TRACE::2024-07-15.16:44:30::SCWBDomain::-as" "ARCHIVER=arm-none-eabi-ar" "COMPILER_FLAGS=  -O2 -c" "EXTRA_COMPILER_FLAGS=-mcpu=cortex-a9 -mfpu=vfpv3 -mfloat-abi=hard -
TRACE::2024-07-15.16:44:30::SCWBDomain::nostartfiles -g -Wall -Wextra -fno-tree-loop-distribute-patterns"

TRACE::2024-07-15.16:44:30::SCWBDomain::Running Make include in ps7_cortexa9_0/libsrc/xilffs_v5_2/src

TRACE::2024-07-15.16:44:30::SCWBDomain::make -C ps7_cortexa9_0/libsrc/xilffs_v5_2/src -s include  "SHELL=/bin/sh" "COMPILER=arm-none-eabi-gcc" "ASSEMBLER=arm-none-eabi
TRACE::2024-07-15.16:44:30::SCWBDomain::-as" "ARCHIVER=arm-none-eabi-ar" "COMPILER_FLAGS=  -O2 -c" "EXTRA_COMPILER_FLAGS=-mcpu=cortex-a9 -mfpu=vfpv3 -mfloat-abi=hard -
TRACE::2024-07-15.16:44:30::SCWBDomain::nostartfiles -g -Wall -Wextra -fno-tree-loop-distribute-patterns"

TRACE::2024-07-15.16:44:30::SCWBDomain::Running Make include in ps7_cortexa9_0/libsrc/xilrsa_v1_8/src

TRACE::2024-07-15.16:44:30::SCWBDomain::make -C ps7_cortexa9_0/libsrc/xilrsa_v1_8/src -s include  "SHELL=/bin/sh" "COMPILER=arm-none-eabi-gcc" "ASSEMBLER=arm-none-eabi
TRACE::2024-07-15.16:44:30::SCWBDomain::-as" "ARCHIVER=arm-none-eabi-ar" "COMPILER_FLAGS=  -O2 -c" "EXTRA_COMPILER_FLAGS=-mcpu=cortex-a9 -mfpu=vfpv3 -mfloat-abi=hard -
TRACE::2024-07-15.16:44:30::SCWBDomain::nostartfiles -g -Wall -Wextra -fno-tree-loop-distribute-patterns"

TRACE::2024-07-15.16:44:30::SCWBDomain::Running Make libs in ps7_cortexa9_0/libsrc/bram_v4_10/src

TRACE::2024-07-15.16:44:30::SCWBDomain::make -C ps7_cortexa9_0/libsrc/bram_v4_10/src -s libs  "SHELL=/bin/sh" "COMPILER=arm-none-eabi-gcc" "ASSEMBLER=arm-none-eabi-as"
TRACE::2024-07-15.16:44:30::SCWBDomain:: "ARCHIVER=arm-none-eabi-ar" "COMPILER_FLAGS=  -O2 -c" "EXTRA_COMPILER_FLAGS=-mcpu=cortex-a9 -mfpu=vfpv3 -mfloat-abi=hard -nost
TRACE::2024-07-15.16:44:30::SCWBDomain::artfiles -g -Wall -Wextra -fno-tree-loop-distribute-patterns"

TRACE::2024-07-15.16:44:30::SCWBDomain::Running Make libs in ps7_cortexa9_0/libsrc/coresightps_dcc_v1_10/src

TRACE::2024-07-15.16:44:30::SCWBDomain::make -C ps7_cortexa9_0/libsrc/coresightps_dcc_v1_10/src -s libs  "SHELL=/bin/sh" "COMPILER=arm-none-eabi-gcc" "ASSEMBLER=arm-no
TRACE::2024-07-15.16:44:30::SCWBDomain::ne-eabi-as" "ARCHIVER=arm-none-eabi-ar" "COMPILER_FLAGS=  -O2 -c" "EXTRA_COMPILER_FLAGS=-mcpu=cortex-a9 -mfpu=vfpv3 -mfloat-abi
TRACE::2024-07-15.16:44:30::SCWBDomain::=hard -nostartfiles -g -Wall -Wextra -fno-tree-loop-distribute-patterns"

TRACE::2024-07-15.16:44:30::SCWBDomain::Running Make libs in ps7_cortexa9_0/libsrc/cpu_cortexa9_v2_12/src

TRACE::2024-07-15.16:44:30::SCWBDomain::make -C ps7_cortexa9_0/libsrc/cpu_cortexa9_v2_12/src -s libs  "SHELL=/bin/sh" "COMPILER=arm-none-eabi-gcc" "ASSEMBLER=arm-none-
TRACE::2024-07-15.16:44:30::SCWBDomain::eabi-as" "ARCHIVER=arm-none-eabi-ar" "COMPILER_FLAGS=  -O2 -c" "EXTRA_COMPILER_FLAGS=-mcpu=cortex-a9 -mfpu=vfpv3 -mfloat-abi=ha
TRACE::2024-07-15.16:44:30::SCWBDomain::rd -nostartfiles -g -Wall -Wextra -fno-tree-loop-distribute-patterns"

TRACE::2024-07-15.16:44:30::SCWBDomain::Running Make libs in ps7_cortexa9_0/libsrc/devcfg_v3_8/src

TRACE::2024-07-15.16:44:30::SCWBDomain::Running Make libs in ps7_cortexa9_0/libsrc/ddrps_v1_2/src

TRACE::2024-07-15.16:44:30::SCWBDomain::make -C ps7_cortexa9_0/libsrc/ddrps_v1_2/src -s libs  "SHELL=/bin/sh" "COMPILER=arm-none-eabi-gcc" "ASSEMBLER=arm-none-eabi-as"
TRACE::2024-07-15.16:44:30::SCWBDomain:: "ARCHIVER=arm-none-eabi-ar" "COMPILER_FLAGS=  -O2 -c" "EXTRA_COMPILER_FLAGS=-mcpu=cortex-a9 -mfpu=vfpv3 -mfloat-abi=hard -nost
TRACE::2024-07-15.16:44:30::SCWBDomain::artfiles -g -Wall -Wextra -fno-tree-loop-distribute-patterns"

TRACE::2024-07-15.16:44:30::SCWBDomain::make -C ps7_cortexa9_0/libsrc/devcfg_v3_8/src -s libs  "SHELL=/bin/sh" "COMPILER=arm-none-eabi-gcc" "ASSEMBLER=arm-none-eabi-as
TRACE::2024-07-15.16:44:30::SCWBDomain::" "ARCHIVER=arm-none-eabi-ar" "COMPILER_FLAGS=  -O2 -c" "EXTRA_COMPILER_FLAGS=-mcpu=cortex-a9 -mfpu=vfpv3 -mfloat-abi=hard -nos
TRACE::2024-07-15.16:44:30::SCWBDomain::tartfiles -g -Wall -Wextra -fno-tree-loop-distribute-patterns"

TRACE::2024-07-15.16:44:30::SCWBDomain::Running Make libs in ps7_cortexa9_0/libsrc/dmaps_v2_10/src

TRACE::2024-07-15.16:44:30::SCWBDomain::make -C ps7_cortexa9_0/libsrc/dmaps_v2_10/src -s libs  "SHELL=/bin/sh" "COMPILER=arm-none-eabi-gcc" "ASSEMBLER=arm-none-eabi-as
TRACE::2024-07-15.16:44:30::SCWBDomain::" "ARCHIVER=arm-none-eabi-ar" "COMPILER_FLAGS=  -O2 -c" "EXTRA_COMPILER_FLAGS=-mcpu=cortex-a9 -mfpu=vfpv3 -mfloat-abi=hard -nos
TRACE::2024-07-15.16:44:30::SCWBDomain::tartfiles -g -Wall -Wextra -fno-tree-loop-distribute-patterns"

TRACE::2024-07-15.16:44:30::SCWBDomain::Running Make libs in ps7_cortexa9_0/libsrc/emacps_v3_20/src

TRACE::2024-07-15.16:44:30::SCWBDomain::make -C ps7_cortexa9_0/libsrc/emacps_v3_20/src -s libs  "SHELL=/bin/sh" "COMPILER=arm-none-eabi-gcc" "ASSEMBLER=arm-none-eabi-a
TRACE::2024-07-15.16:44:30::SCWBDomain::s" "ARCHIVER=arm-none-eabi-ar" "COMPILER_FLAGS=  -O2 -c" "EXTRA_COMPILER_FLAGS=-mcpu=cortex-a9 -mfpu=vfpv3 -mfloat-abi=hard -no
TRACE::2024-07-15.16:44:30::SCWBDomain::startfiles -g -Wall -Wextra -fno-tree-loop-distribute-patterns"

TRACE::2024-07-15.16:44:30::SCWBDomain::Running Make libs in ps7_cortexa9_0/libsrc/gpiops_v3_13/src

TRACE::2024-07-15.16:44:30::SCWBDomain::make -C ps7_cortexa9_0/libsrc/gpiops_v3_13/src -s libs  "SHELL=/bin/sh" "COMPILER=arm-none-eabi-gcc" "ASSEMBLER=arm-none-eabi-a
TRACE::2024-07-15.16:44:30::SCWBDomain::s" "ARCHIVER=arm-none-eabi-ar" "COMPILER_FLAGS=  -O2 -c" "EXTRA_COMPILER_FLAGS=-mcpu=cortex-a9 -mfpu=vfpv3 -mfloat-abi=hard -no
TRACE::2024-07-15.16:44:30::SCWBDomain::startfiles -g -Wall -Wextra -fno-tree-loop-distribute-patterns"

TRACE::2024-07-15.16:44:30::SCWBDomain::Running Make libs in ps7_cortexa9_0/libsrc/qspips_v3_12/src

TRACE::2024-07-15.16:44:30::SCWBDomain::make -C ps7_cortexa9_0/libsrc/qspips_v3_12/src -s libs  "SHELL=/bin/sh" "COMPILER=arm-none-eabi-gcc" "ASSEMBLER=arm-none-eabi-a
TRACE::2024-07-15.16:44:30::SCWBDomain::s" "ARCHIVER=arm-none-eabi-ar" "COMPILER_FLAGS=  -O2 -c" "EXTRA_COMPILER_FLAGS=-mcpu=cortex-a9 -mfpu=vfpv3 -mfloat-abi=hard -no
TRACE::2024-07-15.16:44:30::SCWBDomain::startfiles -g -Wall -Wextra -fno-tree-loop-distribute-patterns"

TRACE::2024-07-15.16:44:30::SCWBDomain::Running Make libs in ps7_cortexa9_0/libsrc/scugic_v5_3/src

TRACE::2024-07-15.16:44:30::SCWBDomain::make -C ps7_cortexa9_0/libsrc/scugic_v5_3/src -s libs  "SHELL=/bin/sh" "COMPILER=arm-none-eabi-gcc" "ASSEMBLER=arm-none-eabi-as
TRACE::2024-07-15.16:44:30::SCWBDomain::" "ARCHIVER=arm-none-eabi-ar" "COMPILER_FLAGS=  -O2 -c" "EXTRA_COMPILER_FLAGS=-mcpu=cortex-a9 -mfpu=vfpv3 -mfloat-abi=hard -nos
TRACE::2024-07-15.16:44:30::SCWBDomain::tartfiles -g -Wall -Wextra -fno-tree-loop-distribute-patterns"

TRACE::2024-07-15.16:44:30::SCWBDomain::Running Make libs in ps7_cortexa9_0/libsrc/scutimer_v2_6/src

TRACE::2024-07-15.16:44:30::SCWBDomain::make -C ps7_cortexa9_0/libsrc/scutimer_v2_6/src -s libs  "SHELL=/bin/sh" "COMPILER=arm-none-eabi-gcc" "ASSEMBLER=arm-none-eabi-
TRACE::2024-07-15.16:44:30::SCWBDomain::as" "ARCHIVER=arm-none-eabi-ar" "COMPILER_FLAGS=  -O2 -c" "EXTRA_COMPILER_FLAGS=-mcpu=cortex-a9 -mfpu=vfpv3 -mfloat-abi=hard -n
TRACE::2024-07-15.16:44:30::SCWBDomain::ostartfiles -g -Wall -Wextra -fno-tree-loop-distribute-patterns"

TRACE::2024-07-15.16:44:30::SCWBDomain::Running Make libs in ps7_cortexa9_0/libsrc/scuwdt_v2_5/src

TRACE::2024-07-15.16:44:30::SCWBDomain::make -C ps7_cortexa9_0/libsrc/scuwdt_v2_5/src -s libs  "SHELL=/bin/sh" "COMPILER=arm-none-eabi-gcc" "ASSEMBLER=arm-none-eabi-as
TRACE::2024-07-15.16:44:30::SCWBDomain::" "ARCHIVER=arm-none-eabi-ar" "COMPILER_FLAGS=  -O2 -c" "EXTRA_COMPILER_FLAGS=-mcpu=cortex-a9 -mfpu=vfpv3 -mfloat-abi=hard -nos
TRACE::2024-07-15.16:44:30::SCWBDomain::tartfiles -g -Wall -Wextra -fno-tree-loop-distribute-patterns"

TRACE::2024-07-15.16:44:30::SCWBDomain::Running Make libs in ps7_cortexa9_0/libsrc/sdps_v4_3/src

TRACE::2024-07-15.16:44:30::SCWBDomain::make -C ps7_cortexa9_0/libsrc/sdps_v4_3/src -s libs  "SHELL=/bin/sh" "COMPILER=arm-none-eabi-gcc" "ASSEMBLER=arm-none-eabi-as" 
TRACE::2024-07-15.16:44:30::SCWBDomain::"ARCHIVER=arm-none-eabi-ar" "COMPILER_FLAGS=  -O2 -c" "EXTRA_COMPILER_FLAGS=-mcpu=cortex-a9 -mfpu=vfpv3 -mfloat-abi=hard -nosta
TRACE::2024-07-15.16:44:30::SCWBDomain::rtfiles -g -Wall -Wextra -fno-tree-loop-distribute-patterns"

TRACE::2024-07-15.16:44:31::SCWBDomain::Running Make libs in ps7_cortexa9_0/libsrc/standalone_v9_1/src

TRACE::2024-07-15.16:44:31::SCWBDomain::make -C ps7_cortexa9_0/libsrc/standalone_v9_1/src -s libs  "SHELL=/bin/sh" "COMPILER=arm-none-eabi-gcc" "ASSEMBLER=arm-none-eab
TRACE::2024-07-15.16:44:31::SCWBDomain::i-as" "ARCHIVER=arm-none-eabi-ar" "COMPILER_FLAGS=  -O2 -c" "EXTRA_COMPILER_FLAGS=-mcpu=cortex-a9 -mfpu=vfpv3 -mfloat-abi=hard 
TRACE::2024-07-15.16:44:31::SCWBDomain::-nostartfiles -g -Wall -Wextra -fno-tree-loop-distribute-patterns"

TRACE::2024-07-15.16:44:31::SCWBDomain::Running Make libs in ps7_cortexa9_0/libsrc/uartps_v3_14/src

TRACE::2024-07-15.16:44:31::SCWBDomain::make -C ps7_cortexa9_0/libsrc/uartps_v3_14/src -s libs  "SHELL=/bin/sh" "COMPILER=arm-none-eabi-gcc" "ASSEMBLER=arm-none-eabi-a
TRACE::2024-07-15.16:44:31::SCWBDomain::s" "ARCHIVER=arm-none-eabi-ar" "COMPILER_FLAGS=  -O2 -c" "EXTRA_COMPILER_FLAGS=-mcpu=cortex-a9 -mfpu=vfpv3 -mfloat-abi=hard -no
TRACE::2024-07-15.16:44:31::SCWBDomain::startfiles -g -Wall -Wextra -fno-tree-loop-distribute-patterns"

TRACE::2024-07-15.16:44:31::SCWBDomain::Running Make libs in ps7_cortexa9_0/libsrc/usbps_v2_9/src

TRACE::2024-07-15.16:44:31::SCWBDomain::make -C ps7_cortexa9_0/libsrc/usbps_v2_9/src -s libs  "SHELL=/bin/sh" "COMPILER=arm-none-eabi-gcc" "ASSEMBLER=arm-none-eabi-as"
TRACE::2024-07-15.16:44:31::SCWBDomain:: "ARCHIVER=arm-none-eabi-ar" "COMPILER_FLAGS=  -O2 -c" "EXTRA_COMPILER_FLAGS=-mcpu=cortex-a9 -mfpu=vfpv3 -mfloat-abi=hard -nost
TRACE::2024-07-15.16:44:31::SCWBDomain::artfiles -g -Wall -Wextra -fno-tree-loop-distribute-patterns"

TRACE::2024-07-15.16:44:31::SCWBDomain::Running Make libs in ps7_cortexa9_0/libsrc/xadcps_v2_7/src

TRACE::2024-07-15.16:44:31::SCWBDomain::make -C ps7_cortexa9_0/libsrc/xadcps_v2_7/src -s libs  "SHELL=/bin/sh" "COMPILER=arm-none-eabi-gcc" "ASSEMBLER=arm-none-eabi-as
TRACE::2024-07-15.16:44:31::SCWBDomain::" "ARCHIVER=arm-none-eabi-ar" "COMPILER_FLAGS=  -O2 -c" "EXTRA_COMPILER_FLAGS=-mcpu=cortex-a9 -mfpu=vfpv3 -mfloat-abi=hard -nos
TRACE::2024-07-15.16:44:31::SCWBDomain::tartfiles -g -Wall -Wextra -fno-tree-loop-distribute-patterns"

TRACE::2024-07-15.16:44:31::SCWBDomain::Running Make libs in ps7_cortexa9_0/libsrc/xilffs_v5_2/src

TRACE::2024-07-15.16:44:31::SCWBDomain::make -C ps7_cortexa9_0/libsrc/xilffs_v5_2/src -s libs  "SHELL=/bin/sh" "COMPILER=arm-none-eabi-gcc" "ASSEMBLER=arm-none-eabi-as
TRACE::2024-07-15.16:44:31::SCWBDomain::" "ARCHIVER=arm-none-eabi-ar" "COMPILER_FLAGS=  -O2 -c" "EXTRA_COMPILER_FLAGS=-mcpu=cortex-a9 -mfpu=vfpv3 -mfloat-abi=hard -nos
TRACE::2024-07-15.16:44:31::SCWBDomain::tartfiles -g -Wall -Wextra -fno-tree-loop-distribute-patterns"

TRACE::2024-07-15.16:44:32::SCWBDomain::Finished building libraries parallelly.

TRACE::2024-07-15.16:44:32::SCWBDomain::make --no-print-directory archive

TRACE::2024-07-15.16:44:32::SCWBDomain::arm-none-eabi-ar -r  ps7_cortexa9_0/lib/libxil.a ps7_cortexa9_0/lib/_exit.o ps7_cortexa9_0/lib/_open.o ps7_cortexa9_0/lib/_sbrk
TRACE::2024-07-15.16:44:32::SCWBDomain::.o ps7_cortexa9_0/lib/abort.o ps7_cortexa9_0/lib/asm_vectors.o ps7_cortexa9_0/lib/boot.o ps7_cortexa9_0/lib/close.o ps7_cortexa
TRACE::2024-07-15.16:44:32::SCWBDomain::9_0/lib/cpputest_time.o ps7_cortexa9_0/lib/cpu_init.o ps7_cortexa9_0/lib/errno.o ps7_cortexa9_0/lib/fcntl.o ps7_cortexa9_0/lib/
TRACE::2024-07-15.16:44:32::SCWBDomain::fstat.o ps7_cortexa9_0/lib/getentropy.o ps7_cortexa9_0/lib/getpid.o ps7_cortexa9_0/lib/inbyte.o ps7_cortexa9_0/lib/isatty.o ps7
TRACE::2024-07-15.16:44:32::SCWBDomain::_cortexa9_0/lib/kill.o ps7_cortexa9_0/lib/lseek.o ps7_cortexa9_0/lib/open.o ps7_cortexa9_0/lib/outbyte.o ps7_cortexa9_0/lib/pri
TRACE::2024-07-15.16:44:32::SCWBDomain::nt.o ps7_cortexa9_0/lib/putnum.o ps7_cortexa9_0/lib/read.o ps7_cortexa9_0/lib/sbrk.o ps7_cortexa9_0/lib/sleep.o ps7_cortexa9_0/
TRACE::2024-07-15.16:44:32::SCWBDomain::lib/time.o ps7_cortexa9_0/lib/translation_table.o ps7_cortexa9_0/lib/unlink.o ps7_cortexa9_0/lib/usleep.o ps7_cortexa9_0/lib/ve
TRACE::2024-07-15.16:44:32::SCWBDomain::ctors.o ps7_cortexa9_0/lib/write.o ps7_cortexa9_0/lib/xadcps.o ps7_cortexa9_0/lib/xadcps_g.o ps7_cortexa9_0/lib/xadcps_intr.o p
TRACE::2024-07-15.16:44:32::SCWBDomain::s7_cortexa9_0/lib/xadcps_selftest.o ps7_cortexa9_0/lib/xadcps_sinit.o ps7_cortexa9_0/lib/xbram.o ps7_cortexa9_0/lib/xbram_g.o p
TRACE::2024-07-15.16:44:32::SCWBDomain::s7_cortexa9_0/lib/xbram_intr.o ps7_cortexa9_0/lib/xbram_selftest.o ps7_cortexa9_0/lib/xbram_sinit.o ps7_cortexa9_0/lib/xcoresig
TRACE::2024-07-15.16:44:32::SCWBDomain::htpsdcc.o ps7_cortexa9_0/lib/xdevcfg.o ps7_cortexa9_0/lib/xdevcfg_g.o ps7_cortexa9_0/lib/xdevcfg_hw.o ps7_cortexa9_0/lib/xdevcf
TRACE::2024-07-15.16:44:32::SCWBDomain::g_intr.o ps7_cortexa9_0/lib/xdevcfg_selftest.o ps7_cortexa9_0/lib/xdevcfg_sinit.o ps7_cortexa9_0/lib/xdmaps.o ps7_cortexa9_0/li
TRACE::2024-07-15.16:44:32::SCWBDomain::b/xdmaps_g.o ps7_cortexa9_0/lib/xdmaps_hw.o ps7_cortexa9_0/lib/xdmaps_selftest.o ps7_cortexa9_0/lib/xdmaps_sinit.o ps7_cortexa9
TRACE::2024-07-15.16:44:32::SCWBDomain::_0/lib/xemacps.o ps7_cortexa9_0/lib/xemacps_bdring.o ps7_cortexa9_0/lib/xemacps_control.o ps7_cortexa9_0/lib/xemacps_g.o ps7_co
TRACE::2024-07-15.16:44:32::SCWBDomain::rtexa9_0/lib/xemacps_hw.o ps7_cortexa9_0/lib/xemacps_intr.o ps7_cortexa9_0/lib/xemacps_sinit.o ps7_cortexa9_0/lib/xgpiops.o ps7
TRACE::2024-07-15.16:44:32::SCWBDomain::_cortexa9_0/lib/xgpiops_g.o ps7_cortexa9_0/lib/xgpiops_hw.o ps7_cortexa9_0/lib/xgpiops_intr.o ps7_cortexa9_0/lib/xgpiops_selfte
TRACE::2024-07-15.16:44:32::SCWBDomain::st.o ps7_cortexa9_0/lib/xgpiops_sinit.o ps7_cortexa9_0/lib/xil-crt0.o ps7_cortexa9_0/lib/xil_assert.o ps7_cortexa9_0/lib/xil_ca
TRACE::2024-07-15.16:44:32::SCWBDomain::che.o ps7_cortexa9_0/lib/xil_clocking.o ps7_cortexa9_0/lib/xil_exception.o ps7_cortexa9_0/lib/xil_mem.o ps7_cortexa9_0/lib/xil_
TRACE::2024-07-15.16:44:32::SCWBDomain::misc_psreset_api.o ps7_cortexa9_0/lib/xil_mmu.o ps7_cortexa9_0/lib/xil_printf.o ps7_cortexa9_0/lib/xil_sleepcommon.o ps7_cortex
TRACE::2024-07-15.16:44:32::SCWBDomain::a9_0/lib/xil_sleeptimer.o ps7_cortexa9_0/lib/xil_spinlock.o ps7_cortexa9_0/lib/xil_testcache.o ps7_cortexa9_0/lib/xil_testio.o 
TRACE::2024-07-15.16:44:32::SCWBDomain::ps7_cortexa9_0/lib/xil_testmem.o ps7_cortexa9_0/lib/xil_util.o ps7_cortexa9_0/lib/xinterrupt_wrap.o ps7_cortexa9_0/lib/xl2cc_co
TRACE::2024-07-15.16:44:32::SCWBDomain::unter.o ps7_cortexa9_0/lib/xplatform_info.o ps7_cortexa9_0/lib/xpm_counter.o ps7_cortexa9_0/lib/xpm_init.o ps7_cortexa9_0/lib/x
TRACE::2024-07-15.16:44:32::SCWBDomain::qspips.o ps7_cortexa9_0/lib/xqspips_g.o ps7_cortexa9_0/lib/xqspips_hw.o ps7_cortexa9_0/lib/xqspips_options.o ps7_cortexa9_0/lib
TRACE::2024-07-15.16:44:32::SCWBDomain::/xqspips_selftest.o ps7_cortexa9_0/lib/xqspips_sinit.o ps7_cortexa9_0/lib/xscugic.o ps7_cortexa9_0/lib/xscugic_g.o ps7_cortexa9
TRACE::2024-07-15.16:44:32::SCWBDomain::_0/lib/xscugic_hw.o ps7_cortexa9_0/lib/xscugic_intr.o ps7_cortexa9_0/lib/xscugic_selftest.o ps7_cortexa9_0/lib/xscugic_sinit.o 
TRACE::2024-07-15.16:44:32::SCWBDomain::ps7_cortexa9_0/lib/xscutimer.o ps7_cortexa9_0/lib/xscutimer_g.o ps7_cortexa9_0/lib/xscutimer_selftest.o ps7_cortexa9_0/lib/xscu
TRACE::2024-07-15.16:44:32::SCWBDomain::timer_sinit.o ps7_cortexa9_0/lib/xscuwdt.o ps7_cortexa9_0/lib/xscuwdt_g.o ps7_cortexa9_0/lib/xscuwdt_selftest.o ps7_cortexa9_0/
TRACE::2024-07-15.16:44:32::SCWBDomain::lib/xscuwdt_sinit.o ps7_cortexa9_0/lib/xsdps.o ps7_cortexa9_0/lib/xsdps_card.o ps7_cortexa9_0/lib/xsdps_g.o ps7_cortexa9_0/lib/
TRACE::2024-07-15.16:44:32::SCWBDomain::xsdps_host.o ps7_cortexa9_0/lib/xsdps_options.o ps7_cortexa9_0/lib/xsdps_sinit.o ps7_cortexa9_0/lib/xtime_l.o ps7_cortexa9_0/li
TRACE::2024-07-15.16:44:32::SCWBDomain::b/xuartps.o ps7_cortexa9_0/lib/xuartps_g.o ps7_cortexa9_0/lib/xuartps_hw.o ps7_cortexa9_0/lib/xuartps_intr.o ps7_cortexa9_0/lib
TRACE::2024-07-15.16:44:32::SCWBDomain::/xuartps_options.o ps7_cortexa9_0/lib/xuartps_selftest.o ps7_cortexa9_0/lib/xuartps_sinit.o ps7_cortexa9_0/lib/xusbps.o ps7_cor
TRACE::2024-07-15.16:44:32::SCWBDomain::texa9_0/lib/xusbps_endpoint.o ps7_cortexa9_0/lib/xusbps_g.o ps7_cortexa9_0/lib/xusbps_hw.o ps7_cortexa9_0/lib/xusbps_intr.o ps7
TRACE::2024-07-15.16:44:32::SCWBDomain::_cortexa9_0/lib/xusbps_sinit.o

TRACE::2024-07-15.16:44:32::SCWBDomain::Finished building libraries

TRACE::2024-07-15.16:44:32::SCWBDomain::make: Leaving directory '/home/kike/Desktop/marvin/marvin/pynq_z2_bram_wrapper/zynq_fsbl/zynq_fsbl_bsp'

TRACE::2024-07-15.16:44:32::SCWBDomain::arm-none-eabi-gcc  -O2 -c -MMD -MP       -mcpu=cortex-a9 -mfpu=vfpv3 -mfloat-abi=hard  -c fsbl_hooks.c -o fsbl_hooks.o -Izynq_f
TRACE::2024-07-15.16:44:32::SCWBDomain::sbl_bsp/ps7_cortexa9_0/include -I.

TRACE::2024-07-15.16:44:32::SCWBDomain::arm-none-eabi-gcc  -O2 -c -MMD -MP       -mcpu=cortex-a9 -mfpu=vfpv3 -mfloat-abi=hard  -c image_mover.c -o image_mover.o -Izynq
TRACE::2024-07-15.16:44:32::SCWBDomain::_fsbl_bsp/ps7_cortexa9_0/include -I.

TRACE::2024-07-15.16:44:32::SCWBDomain::arm-none-eabi-gcc  -O2 -c -MMD -MP       -mcpu=cortex-a9 -mfpu=vfpv3 -mfloat-abi=hard  -c main.c -o main.o -Izynq_fsbl_bsp/ps7_
TRACE::2024-07-15.16:44:32::SCWBDomain::cortexa9_0/include -I.

TRACE::2024-07-15.16:44:32::SCWBDomain::arm-none-eabi-gcc  -O2 -c -MMD -MP       -mcpu=cortex-a9 -mfpu=vfpv3 -mfloat-abi=hard  -c md5.c -o md5.o -Izynq_fsbl_bsp/ps7_co
TRACE::2024-07-15.16:44:32::SCWBDomain::rtexa9_0/include -I.

TRACE::2024-07-15.16:44:32::SCWBDomain::arm-none-eabi-gcc  -O2 -c -MMD -MP       -mcpu=cortex-a9 -mfpu=vfpv3 -mfloat-abi=hard  -c nand.c -o nand.o -Izynq_fsbl_bsp/ps7_
TRACE::2024-07-15.16:44:32::SCWBDomain::cortexa9_0/include -I.

TRACE::2024-07-15.16:44:32::SCWBDomain::arm-none-eabi-gcc  -O2 -c -MMD -MP       -mcpu=cortex-a9 -mfpu=vfpv3 -mfloat-abi=hard  -c nor.c -o nor.o -Izynq_fsbl_bsp/ps7_co
TRACE::2024-07-15.16:44:32::SCWBDomain::rtexa9_0/include -I.

TRACE::2024-07-15.16:44:32::SCWBDomain::arm-none-eabi-gcc  -O2 -c -MMD -MP       -mcpu=cortex-a9 -mfpu=vfpv3 -mfloat-abi=hard  -c pcap.c -o pcap.o -Izynq_fsbl_bsp/ps7_
TRACE::2024-07-15.16:44:32::SCWBDomain::cortexa9_0/include -I.

TRACE::2024-07-15.16:44:32::SCWBDomain::arm-none-eabi-gcc  -O2 -c -MMD -MP       -mcpu=cortex-a9 -mfpu=vfpv3 -mfloat-abi=hard  -c ps7_init.c -o ps7_init.o -Izynq_fsbl_
TRACE::2024-07-15.16:44:32::SCWBDomain::bsp/ps7_cortexa9_0/include -I.

TRACE::2024-07-15.16:44:32::SCWBDomain::arm-none-eabi-gcc  -O2 -c -MMD -MP       -mcpu=cortex-a9 -mfpu=vfpv3 -mfloat-abi=hard  -c qspi.c -o qspi.o -Izynq_fsbl_bsp/ps7_
TRACE::2024-07-15.16:44:32::SCWBDomain::cortexa9_0/include -I.

TRACE::2024-07-15.16:44:32::SCWBDomain::arm-none-eabi-gcc  -O2 -c -MMD -MP       -mcpu=cortex-a9 -mfpu=vfpv3 -mfloat-abi=hard  -c rsa.c -o rsa.o -Izynq_fsbl_bsp/ps7_co
TRACE::2024-07-15.16:44:32::SCWBDomain::rtexa9_0/include -I.

TRACE::2024-07-15.16:44:32::SCWBDomain::arm-none-eabi-gcc  -O2 -c -MMD -MP       -mcpu=cortex-a9 -mfpu=vfpv3 -mfloat-abi=hard  -c sd.c -o sd.o -Izynq_fsbl_bsp/ps7_cort
TRACE::2024-07-15.16:44:32::SCWBDomain::exa9_0/include -I.

TRACE::2024-07-15.16:44:32::SCWBDomain::arm-none-eabi-gcc  -O2 -c -MMD -MP       -mcpu=cortex-a9 -mfpu=vfpv3 -mfloat-abi=hard  -c fsbl_handoff.S -o fsbl_handoff.o -Izy
TRACE::2024-07-15.16:44:32::SCWBDomain::nq_fsbl_bsp/ps7_cortexa9_0/include -I.

TRACE::2024-07-15.16:44:32::SCWBDomain::arm-none-eabi-gcc -o fsbl.elf fsbl_handoff.o fsbl_hooks.o image_mover.o main.o md5.o nand.o nor.o pcap.o ps7_init.o qspi.o rsa.
TRACE::2024-07-15.16:44:32::SCWBDomain::o sd.o -MMD -MP       -mcpu=cortex-a9 -mfpu=vfpv3 -mfloat-abi=hard   -mcpu=cortex-a9 -mfpu=vfpv3 -mfloat-abi=hard -Wl,-build-id
TRACE::2024-07-15.16:44:32::SCWBDomain::=none -specs=Xilinx.spec  -lrsa -Wl,--start-group,-lxil,-lgcc,-lc,--end-group -Wl,--start-group,-lxilffs,-lxil,-lgcc,-lc,--end-
TRACE::2024-07-15.16:44:32::SCWBDomain::group -Wl,--start-group,-lrsa,-lxil,-lgcc,-lc,--end-group                                    -Wl,--gc-sections -Lzynq_fsbl_bsp/
TRACE::2024-07-15.16:44:32::SCWBDomain::ps7_cortexa9_0/lib -L./ -Tlscript.ld

LOG::2024-07-15.16:44:32::SCWSystem::Checking the domain freertos10_xilinx_ps7_cortexa9_0
LOG::2024-07-15.16:44:32::SCWSystem::Not a boot domain 
LOG::2024-07-15.16:44:32::SCWSystem::Started Processing the domain freertos10_xilinx_ps7_cortexa9_0
TRACE::2024-07-15.16:44:32::SCWDomain::Generating domain artifcats
TRACE::2024-07-15.16:44:32::SCWMssOS::Generating standalone artifcats
TRACE::2024-07-15.16:44:32::SCWMssOS::Copying the qemu file from  /home/kike/Desktop/marvin/marvin/pynq_z2_bram_wrapper/resources/pynq_z2_bram_wrapper/freertos10_xilinx_ps7_cortexa9_0/qemu_args.txt To /home/kike/Desktop/marvin/marvin/pynq_z2_bram_wrapper/export/pynq_z2_bram_wrapper/sw/pynq_z2_bram_wrapper/qemu/
TRACE::2024-07-15.16:44:32::SCWMssOS::Copying the qemu file from  /home/kike/Desktop/marvin/marvin/pynq_z2_bram_wrapper/resources/pynq_z2_bram_wrapper/freertos10_xilinx_ps7_cortexa9_0/qemu_args.txt To /home/kike/Desktop/marvin/marvin/pynq_z2_bram_wrapper/export/pynq_z2_bram_wrapper/sw/pynq_z2_bram_wrapper/freertos10_xilinx_ps7_cortexa9_0/qemu/
TRACE::2024-07-15.16:44:32::SCWMssOS:: Copying the user libraries. 
TRACE::2024-07-15.16:44:32::SCWPlatform::Trying to open the hw design at /home/kike/Desktop/marvin/marvin/pynq_z2_bram_wrapper/hw/pynq_z2_bram_wrapper.xsa
TRACE::2024-07-15.16:44:32::SCWPlatform::DSA given /home/kike/Desktop/marvin/marvin/pynq_z2_bram_wrapper/hw/pynq_z2_bram_wrapper.xsa
TRACE::2024-07-15.16:44:32::SCWPlatform::DSA absoulate path /home/kike/Desktop/marvin/marvin/pynq_z2_bram_wrapper/hw/pynq_z2_bram_wrapper.xsa
TRACE::2024-07-15.16:44:32::SCWPlatform::DSA directory /home/kike/Desktop/marvin/marvin/pynq_z2_bram_wrapper/hw
TRACE::2024-07-15.16:44:32::SCWPlatform:: Platform Path /home/kike/Desktop/marvin/marvin/pynq_z2_bram_wrapper/hw/pynq_z2_bram_wrapper.xsa
TRACE::2024-07-15.16:44:32::SCWPlatform:: Unique name xilinx:pynq-z2::0.0
TRACE::2024-07-15.16:44:32::SCWPlatform::Trying to set the existing hwdb with name pynq_z2_bram_wrapper_0
TRACE::2024-07-15.16:44:32::SCWPlatform::Opened existing hwdb pynq_z2_bram_wrapper_0
TRACE::2024-07-15.16:44:32::SCWPlatform::Found the Hw Db part of the input DSA
TRACE::2024-07-15.16:44:32::SCWMssOS::Checking the sw design at  /home/kike/Desktop/marvin/marvin/pynq_z2_bram_wrapper/ps7_cortexa9_0/freertos10_xilinx_ps7_cortexa9_0/bsp/system.mss
TRACE::2024-07-15.16:44:32::SCWMssOS::DEBUG:  swdes dump  /home/kike/Desktop/marvin/marvin/pynq_z2_bram_wrapper/ps7_cortexa9_0/freertos10_xilinx_ps7_cortexa9_0/bsp/system.mss|system_0||
/home/kike/Desktop/marvin/marvin/pynq_z2_bram_wrapper/zynq_fsbl/zynq_fsbl_bsp/system.mss|system||

TRACE::2024-07-15.16:44:32::SCWMssOS::Sw design exists and opened at  /home/kike/Desktop/marvin/marvin/pynq_z2_bram_wrapper/ps7_cortexa9_0/freertos10_xilinx_ps7_cortexa9_0/bsp/system.mss
TRACE::2024-07-15.16:44:32::SCWMssOS::Completed writing the mss file at /home/kike/Desktop/marvin/marvin/pynq_z2_bram_wrapper/ps7_cortexa9_0/freertos10_xilinx_ps7_cortexa9_0/bsp
TRACE::2024-07-15.16:44:32::SCWMssOS::Mss edits present, copying mssfile into export location /home/kike/Desktop/marvin/marvin/pynq_z2_bram_wrapper/ps7_cortexa9_0/freertos10_xilinx_ps7_cortexa9_0/bsp/system.mss
TRACE::2024-07-15.16:44:32::SCWMssOS::bsp generated is upto date with the mss file. Skipping bsp generation.
TRACE::2024-07-15.16:44:32::SCWMssOS::BSP is already built. skipping the bsp build ... 
TRACE::2024-07-15.16:44:32::SCWDomain::Building the domain as part of full build :  freertos10_xilinx_ps7_cortexa9_0
TRACE::2024-07-15.16:44:32::SCWMssOS::doing bsp build ... 
TRACE::2024-07-15.16:44:32::SCWMssOS::System Command Ran  cd  /home/kike/Desktop/marvin/marvin/pynq_z2_bram_wrapper/ps7_cortexa9_0/freertos10_xilinx_ps7_cortexa9_0/bsp ; bash -c "make  " 
TRACE::2024-07-15.16:44:32::SCWMssOS::make --no-print-directory seq_libs

TRACE::2024-07-15.16:44:32::SCWMssOS::Finished building libraries sequentially.

TRACE::2024-07-15.16:44:32::SCWMssOS::make -j 10 --no-print-directory par_libs

TRACE::2024-07-15.16:44:32::SCWMssOS::Running Make include in ps7_cortexa9_0/libsrc/bram_v4_10/src

TRACE::2024-07-15.16:44:32::SCWMssOS::Running Make include in ps7_cortexa9_0/libsrc/coresightps_dcc_v1_10/src

TRACE::2024-07-15.16:44:32::SCWMssOS::make -C ps7_cortexa9_0/libsrc/bram_v4_10/src -s include  "SHELL=/bin/sh" "COMPILER=arm-none-eabi-gcc" "ASSEMBLER=arm-none-eabi-
TRACE::2024-07-15.16:44:32::SCWMssOS::as" "ARCHIVER=arm-none-eabi-ar" "COMPILER_FLAGS=  -O2 -c" "EXTRA_COMPILER_FLAGS=-mcpu=cortex-a9 -mfpu=vfpv3 -mfloat-abi=hard -n
TRACE::2024-07-15.16:44:32::SCWMssOS::ostartfiles -g -Wall -Wextra -fno-tree-loop-distribute-patterns"

TRACE::2024-07-15.16:44:32::SCWMssOS::make -C ps7_cortexa9_0/libsrc/coresightps_dcc_v1_10/src -s include  "SHELL=/bin/sh" "COMPILER=arm-none-eabi-gcc" "ASSEMBLER=arm
TRACE::2024-07-15.16:44:32::SCWMssOS::-none-eabi-as" "ARCHIVER=arm-none-eabi-ar" "COMPILER_FLAGS=  -O2 -c" "EXTRA_COMPILER_FLAGS=-mcpu=cortex-a9 -mfpu=vfpv3 -mfloat-
TRACE::2024-07-15.16:44:32::SCWMssOS::abi=hard -nostartfiles -g -Wall -Wextra -fno-tree-loop-distribute-patterns"

TRACE::2024-07-15.16:44:32::SCWMssOS::Running Make include in ps7_cortexa9_0/libsrc/cpu_cortexa9_v2_12/src

TRACE::2024-07-15.16:44:32::SCWMssOS::make -C ps7_cortexa9_0/libsrc/cpu_cortexa9_v2_12/src -s include  "SHELL=/bin/sh" "COMPILER=arm-none-eabi-gcc" "ASSEMBLER=arm-no
TRACE::2024-07-15.16:44:32::SCWMssOS::ne-eabi-as" "ARCHIVER=arm-none-eabi-ar" "COMPILER_FLAGS=  -O2 -c" "EXTRA_COMPILER_FLAGS=-mcpu=cortex-a9 -mfpu=vfpv3 -mfloat-abi
TRACE::2024-07-15.16:44:32::SCWMssOS::=hard -nostartfiles -g -Wall -Wextra -fno-tree-loop-distribute-patterns"

TRACE::2024-07-15.16:44:32::SCWMssOS::Running Make include in ps7_cortexa9_0/libsrc/ddrps_v1_2/src

TRACE::2024-07-15.16:44:32::SCWMssOS::make -C ps7_cortexa9_0/libsrc/ddrps_v1_2/src -s include  "SHELL=/bin/sh" "COMPILER=arm-none-eabi-gcc" "ASSEMBLER=arm-none-eabi-
TRACE::2024-07-15.16:44:32::SCWMssOS::as" "ARCHIVER=arm-none-eabi-ar" "COMPILER_FLAGS=  -O2 -c" "EXTRA_COMPILER_FLAGS=-mcpu=cortex-a9 -mfpu=vfpv3 -mfloat-abi=hard -n
TRACE::2024-07-15.16:44:32::SCWMssOS::ostartfiles -g -Wall -Wextra -fno-tree-loop-distribute-patterns"

TRACE::2024-07-15.16:44:32::SCWMssOS::Running Make include in ps7_cortexa9_0/libsrc/devcfg_v3_8/src

TRACE::2024-07-15.16:44:32::SCWMssOS::Running Make include in ps7_cortexa9_0/libsrc/dmaps_v2_10/src

TRACE::2024-07-15.16:44:32::SCWMssOS::make -C ps7_cortexa9_0/libsrc/devcfg_v3_8/src -s include  "SHELL=/bin/sh" "COMPILER=arm-none-eabi-gcc" "ASSEMBLER=arm-none-eabi
TRACE::2024-07-15.16:44:32::SCWMssOS::-as" "ARCHIVER=arm-none-eabi-ar" "COMPILER_FLAGS=  -O2 -c" "EXTRA_COMPILER_FLAGS=-mcpu=cortex-a9 -mfpu=vfpv3 -mfloat-abi=hard -
TRACE::2024-07-15.16:44:32::SCWMssOS::nostartfiles -g -Wall -Wextra -fno-tree-loop-distribute-patterns"

TRACE::2024-07-15.16:44:32::SCWMssOS::make -C ps7_cortexa9_0/libsrc/dmaps_v2_10/src -s include  "SHELL=/bin/sh" "COMPILER=arm-none-eabi-gcc" "ASSEMBLER=arm-none-eabi
TRACE::2024-07-15.16:44:32::SCWMssOS::-as" "ARCHIVER=arm-none-eabi-ar" "COMPILER_FLAGS=  -O2 -c" "EXTRA_COMPILER_FLAGS=-mcpu=cortex-a9 -mfpu=vfpv3 -mfloat-abi=hard -
TRACE::2024-07-15.16:44:32::SCWMssOS::nostartfiles -g -Wall -Wextra -fno-tree-loop-distribute-patterns"

TRACE::2024-07-15.16:44:32::SCWMssOS::Running Make include in ps7_cortexa9_0/libsrc/emacps_v3_20/src

TRACE::2024-07-15.16:44:32::SCWMssOS::make -C ps7_cortexa9_0/libsrc/emacps_v3_20/src -s include  "SHELL=/bin/sh" "COMPILER=arm-none-eabi-gcc" "ASSEMBLER=arm-none-eab
TRACE::2024-07-15.16:44:32::SCWMssOS::i-as" "ARCHIVER=arm-none-eabi-ar" "COMPILER_FLAGS=  -O2 -c" "EXTRA_COMPILER_FLAGS=-mcpu=cortex-a9 -mfpu=vfpv3 -mfloat-abi=hard 
TRACE::2024-07-15.16:44:32::SCWMssOS::-nostartfiles -g -Wall -Wextra -fno-tree-loop-distribute-patterns"

TRACE::2024-07-15.16:44:32::SCWMssOS::Running Make include in ps7_cortexa9_0/libsrc/freertos10_xilinx_v1_15/src

TRACE::2024-07-15.16:44:32::SCWMssOS::make -C ps7_cortexa9_0/libsrc/freertos10_xilinx_v1_15/src -s include  "SHELL=/bin/sh" "COMPILER=arm-none-eabi-gcc" "ASSEMBLER=a
TRACE::2024-07-15.16:44:32::SCWMssOS::rm-none-eabi-as" "ARCHIVER=arm-none-eabi-ar" "COMPILER_FLAGS=  -O2 -c" "EXTRA_COMPILER_FLAGS=-mcpu=cortex-a9 -mfpu=vfpv3 -mfloa
TRACE::2024-07-15.16:44:32::SCWMssOS::t-abi=hard -nostartfiles -g -Wall -Wextra -fno-tree-loop-distribute-patterns"

TRACE::2024-07-15.16:44:32::SCWMssOS::Running Make include in ps7_cortexa9_0/libsrc/gpiops_v3_13/src

TRACE::2024-07-15.16:44:32::SCWMssOS::make -C ps7_cortexa9_0/libsrc/gpiops_v3_13/src -s include  "SHELL=/bin/sh" "COMPILER=arm-none-eabi-gcc" "ASSEMBLER=arm-none-eab
TRACE::2024-07-15.16:44:32::SCWMssOS::i-as" "ARCHIVER=arm-none-eabi-ar" "COMPILER_FLAGS=  -O2 -c" "EXTRA_COMPILER_FLAGS=-mcpu=cortex-a9 -mfpu=vfpv3 -mfloat-abi=hard 
TRACE::2024-07-15.16:44:32::SCWMssOS::-nostartfiles -g -Wall -Wextra -fno-tree-loop-distribute-patterns"

TRACE::2024-07-15.16:44:32::SCWMssOS::Running Make include in ps7_cortexa9_0/libsrc/qspips_v3_12/src

TRACE::2024-07-15.16:44:32::SCWMssOS::make -C ps7_cortexa9_0/libsrc/qspips_v3_12/src -s include  "SHELL=/bin/sh" "COMPILER=arm-none-eabi-gcc" "ASSEMBLER=arm-none-eab
TRACE::2024-07-15.16:44:32::SCWMssOS::i-as" "ARCHIVER=arm-none-eabi-ar" "COMPILER_FLAGS=  -O2 -c" "EXTRA_COMPILER_FLAGS=-mcpu=cortex-a9 -mfpu=vfpv3 -mfloat-abi=hard 
TRACE::2024-07-15.16:44:32::SCWMssOS::-nostartfiles -g -Wall -Wextra -fno-tree-loop-distribute-patterns"

TRACE::2024-07-15.16:44:32::SCWMssOS::Running Make include in ps7_cortexa9_0/libsrc/scugic_v5_3/src

TRACE::2024-07-15.16:44:32::SCWMssOS::Running Make include in ps7_cortexa9_0/libsrc/scutimer_v2_6/src

TRACE::2024-07-15.16:44:32::SCWMssOS::make -C ps7_cortexa9_0/libsrc/scugic_v5_3/src -s include  "SHELL=/bin/sh" "COMPILER=arm-none-eabi-gcc" "ASSEMBLER=arm-none-eabi
TRACE::2024-07-15.16:44:32::SCWMssOS::-as" "ARCHIVER=arm-none-eabi-ar" "COMPILER_FLAGS=  -O2 -c" "EXTRA_COMPILER_FLAGS=-mcpu=cortex-a9 -mfpu=vfpv3 -mfloat-abi=hard -
TRACE::2024-07-15.16:44:32::SCWMssOS::nostartfiles -g -Wall -Wextra -fno-tree-loop-distribute-patterns"

TRACE::2024-07-15.16:44:32::SCWMssOS::make -C ps7_cortexa9_0/libsrc/scutimer_v2_6/src -s include  "SHELL=/bin/sh" "COMPILER=arm-none-eabi-gcc" "ASSEMBLER=arm-none-ea
TRACE::2024-07-15.16:44:32::SCWMssOS::bi-as" "ARCHIVER=arm-none-eabi-ar" "COMPILER_FLAGS=  -O2 -c" "EXTRA_COMPILER_FLAGS=-mcpu=cortex-a9 -mfpu=vfpv3 -mfloat-abi=hard
TRACE::2024-07-15.16:44:32::SCWMssOS:: -nostartfiles -g -Wall -Wextra -fno-tree-loop-distribute-patterns"

TRACE::2024-07-15.16:44:32::SCWMssOS::Running Make include in ps7_cortexa9_0/libsrc/scuwdt_v2_5/src

TRACE::2024-07-15.16:44:32::SCWMssOS::make -C ps7_cortexa9_0/libsrc/scuwdt_v2_5/src -s include  "SHELL=/bin/sh" "COMPILER=arm-none-eabi-gcc" "ASSEMBLER=arm-none-eabi
TRACE::2024-07-15.16:44:32::SCWMssOS::-as" "ARCHIVER=arm-none-eabi-ar" "COMPILER_FLAGS=  -O2 -c" "EXTRA_COMPILER_FLAGS=-mcpu=cortex-a9 -mfpu=vfpv3 -mfloat-abi=hard -
TRACE::2024-07-15.16:44:32::SCWMssOS::nostartfiles -g -Wall -Wextra -fno-tree-loop-distribute-patterns"

TRACE::2024-07-15.16:44:32::SCWMssOS::Running Make include in ps7_cortexa9_0/libsrc/sdps_v4_3/src

TRACE::2024-07-15.16:44:32::SCWMssOS::make -C ps7_cortexa9_0/libsrc/sdps_v4_3/src -s include  "SHELL=/bin/sh" "COMPILER=arm-none-eabi-gcc" "ASSEMBLER=arm-none-eabi-a
TRACE::2024-07-15.16:44:32::SCWMssOS::s" "ARCHIVER=arm-none-eabi-ar" "COMPILER_FLAGS=  -O2 -c" "EXTRA_COMPILER_FLAGS=-mcpu=cortex-a9 -mfpu=vfpv3 -mfloat-abi=hard -no
TRACE::2024-07-15.16:44:32::SCWMssOS::startfiles -g -Wall -Wextra -fno-tree-loop-distribute-patterns"

TRACE::2024-07-15.16:44:32::SCWMssOS::Running Make include in ps7_cortexa9_0/libsrc/uartps_v3_14/src

TRACE::2024-07-15.16:44:32::SCWMssOS::make -C ps7_cortexa9_0/libsrc/uartps_v3_14/src -s include  "SHELL=/bin/sh" "COMPILER=arm-none-eabi-gcc" "ASSEMBLER=arm-none-eab
TRACE::2024-07-15.16:44:32::SCWMssOS::i-as" "ARCHIVER=arm-none-eabi-ar" "COMPILER_FLAGS=  -O2 -c" "EXTRA_COMPILER_FLAGS=-mcpu=cortex-a9 -mfpu=vfpv3 -mfloat-abi=hard 
TRACE::2024-07-15.16:44:32::SCWMssOS::-nostartfiles -g -Wall -Wextra -fno-tree-loop-distribute-patterns"

TRACE::2024-07-15.16:44:32::SCWMssOS::Running Make include in ps7_cortexa9_0/libsrc/usbps_v2_9/src

TRACE::2024-07-15.16:44:32::SCWMssOS::make -C ps7_cortexa9_0/libsrc/usbps_v2_9/src -s include  "SHELL=/bin/sh" "COMPILER=arm-none-eabi-gcc" "ASSEMBLER=arm-none-eabi-
TRACE::2024-07-15.16:44:32::SCWMssOS::as" "ARCHIVER=arm-none-eabi-ar" "COMPILER_FLAGS=  -O2 -c" "EXTRA_COMPILER_FLAGS=-mcpu=cortex-a9 -mfpu=vfpv3 -mfloat-abi=hard -n
TRACE::2024-07-15.16:44:32::SCWMssOS::ostartfiles -g -Wall -Wextra -fno-tree-loop-distribute-patterns"

TRACE::2024-07-15.16:44:32::SCWMssOS::Running Make include in ps7_cortexa9_0/libsrc/xadcps_v2_7/src

TRACE::2024-07-15.16:44:32::SCWMssOS::make -C ps7_cortexa9_0/libsrc/xadcps_v2_7/src -s include  "SHELL=/bin/sh" "COMPILER=arm-none-eabi-gcc" "ASSEMBLER=arm-none-eabi
TRACE::2024-07-15.16:44:32::SCWMssOS::-as" "ARCHIVER=arm-none-eabi-ar" "COMPILER_FLAGS=  -O2 -c" "EXTRA_COMPILER_FLAGS=-mcpu=cortex-a9 -mfpu=vfpv3 -mfloat-abi=hard -
TRACE::2024-07-15.16:44:32::SCWMssOS::nostartfiles -g -Wall -Wextra -fno-tree-loop-distribute-patterns"

TRACE::2024-07-15.16:44:32::SCWMssOS::Running Make include in ps7_cortexa9_0/libsrc/xiltimer_v2_0/src

TRACE::2024-07-15.16:44:32::SCWMssOS::make -C ps7_cortexa9_0/libsrc/xiltimer_v2_0/src -s include  "SHELL=/bin/sh" "COMPILER=arm-none-eabi-gcc" "ASSEMBLER=arm-none-ea
TRACE::2024-07-15.16:44:32::SCWMssOS::bi-as" "ARCHIVER=arm-none-eabi-ar" "COMPILER_FLAGS=  -O2 -c" "EXTRA_COMPILER_FLAGS=-mcpu=cortex-a9 -mfpu=vfpv3 -mfloat-abi=hard
TRACE::2024-07-15.16:44:32::SCWMssOS:: -nostartfiles -g -Wall -Wextra -fno-tree-loop-distribute-patterns"

TRACE::2024-07-15.16:44:32::SCWMssOS::includes

TRACE::2024-07-15.16:44:32::SCWMssOS::Running Make libs in ps7_cortexa9_0/libsrc/bram_v4_10/src

TRACE::2024-07-15.16:44:32::SCWMssOS::make -C ps7_cortexa9_0/libsrc/bram_v4_10/src -s libs  "SHELL=/bin/sh" "COMPILER=arm-none-eabi-gcc" "ASSEMBLER=arm-none-eabi-as"
TRACE::2024-07-15.16:44:32::SCWMssOS:: "ARCHIVER=arm-none-eabi-ar" "COMPILER_FLAGS=  -O2 -c" "EXTRA_COMPILER_FLAGS=-mcpu=cortex-a9 -mfpu=vfpv3 -mfloat-abi=hard -nost
TRACE::2024-07-15.16:44:32::SCWMssOS::artfiles -g -Wall -Wextra -fno-tree-loop-distribute-patterns"

TRACE::2024-07-15.16:44:32::SCWMssOS::Running Make libs in ps7_cortexa9_0/libsrc/cpu_cortexa9_v2_12/src

TRACE::2024-07-15.16:44:32::SCWMssOS::make -C ps7_cortexa9_0/libsrc/cpu_cortexa9_v2_12/src -s libs  "SHELL=/bin/sh" "COMPILER=arm-none-eabi-gcc" "ASSEMBLER=arm-none-
TRACE::2024-07-15.16:44:32::SCWMssOS::eabi-as" "ARCHIVER=arm-none-eabi-ar" "COMPILER_FLAGS=  -O2 -c" "EXTRA_COMPILER_FLAGS=-mcpu=cortex-a9 -mfpu=vfpv3 -mfloat-abi=ha
TRACE::2024-07-15.16:44:32::SCWMssOS::rd -nostartfiles -g -Wall -Wextra -fno-tree-loop-distribute-patterns"

TRACE::2024-07-15.16:44:32::SCWMssOS::Running Make libs in ps7_cortexa9_0/libsrc/coresightps_dcc_v1_10/src

TRACE::2024-07-15.16:44:32::SCWMssOS::make -C ps7_cortexa9_0/libsrc/coresightps_dcc_v1_10/src -s libs  "SHELL=/bin/sh" "COMPILER=arm-none-eabi-gcc" "ASSEMBLER=arm-no
TRACE::2024-07-15.16:44:32::SCWMssOS::ne-eabi-as" "ARCHIVER=arm-none-eabi-ar" "COMPILER_FLAGS=  -O2 -c" "EXTRA_COMPILER_FLAGS=-mcpu=cortex-a9 -mfpu=vfpv3 -mfloat-abi
TRACE::2024-07-15.16:44:32::SCWMssOS::=hard -nostartfiles -g -Wall -Wextra -fno-tree-loop-distribute-patterns"

TRACE::2024-07-15.16:44:32::SCWMssOS::Running Make libs in ps7_cortexa9_0/libsrc/ddrps_v1_2/src

TRACE::2024-07-15.16:44:32::SCWMssOS::make -C ps7_cortexa9_0/libsrc/ddrps_v1_2/src -s libs  "SHELL=/bin/sh" "COMPILER=arm-none-eabi-gcc" "ASSEMBLER=arm-none-eabi-as"
TRACE::2024-07-15.16:44:32::SCWMssOS:: "ARCHIVER=arm-none-eabi-ar" "COMPILER_FLAGS=  -O2 -c" "EXTRA_COMPILER_FLAGS=-mcpu=cortex-a9 -mfpu=vfpv3 -mfloat-abi=hard -nost
TRACE::2024-07-15.16:44:32::SCWMssOS::artfiles -g -Wall -Wextra -fno-tree-loop-distribute-patterns"

TRACE::2024-07-15.16:44:32::SCWMssOS::Running Make libs in ps7_cortexa9_0/libsrc/devcfg_v3_8/src

TRACE::2024-07-15.16:44:32::SCWMssOS::make -C ps7_cortexa9_0/libsrc/devcfg_v3_8/src -s libs  "SHELL=/bin/sh" "COMPILER=arm-none-eabi-gcc" "ASSEMBLER=arm-none-eabi-as
TRACE::2024-07-15.16:44:32::SCWMssOS::" "ARCHIVER=arm-none-eabi-ar" "COMPILER_FLAGS=  -O2 -c" "EXTRA_COMPILER_FLAGS=-mcpu=cortex-a9 -mfpu=vfpv3 -mfloat-abi=hard -nos
TRACE::2024-07-15.16:44:32::SCWMssOS::tartfiles -g -Wall -Wextra -fno-tree-loop-distribute-patterns"

TRACE::2024-07-15.16:44:32::SCWMssOS::Running Make libs in ps7_cortexa9_0/libsrc/dmaps_v2_10/src

TRACE::2024-07-15.16:44:32::SCWMssOS::make -C ps7_cortexa9_0/libsrc/dmaps_v2_10/src -s libs  "SHELL=/bin/sh" "COMPILER=arm-none-eabi-gcc" "ASSEMBLER=arm-none-eabi-as
TRACE::2024-07-15.16:44:32::SCWMssOS::" "ARCHIVER=arm-none-eabi-ar" "COMPILER_FLAGS=  -O2 -c" "EXTRA_COMPILER_FLAGS=-mcpu=cortex-a9 -mfpu=vfpv3 -mfloat-abi=hard -nos
TRACE::2024-07-15.16:44:32::SCWMssOS::tartfiles -g -Wall -Wextra -fno-tree-loop-distribute-patterns"

TRACE::2024-07-15.16:44:32::SCWMssOS::Running Make libs in ps7_cortexa9_0/libsrc/emacps_v3_20/src

TRACE::2024-07-15.16:44:32::SCWMssOS::make -C ps7_cortexa9_0/libsrc/emacps_v3_20/src -s libs  "SHELL=/bin/sh" "COMPILER=arm-none-eabi-gcc" "ASSEMBLER=arm-none-eabi-a
TRACE::2024-07-15.16:44:32::SCWMssOS::s" "ARCHIVER=arm-none-eabi-ar" "COMPILER_FLAGS=  -O2 -c" "EXTRA_COMPILER_FLAGS=-mcpu=cortex-a9 -mfpu=vfpv3 -mfloat-abi=hard -no
TRACE::2024-07-15.16:44:32::SCWMssOS::startfiles -g -Wall -Wextra -fno-tree-loop-distribute-patterns"

TRACE::2024-07-15.16:44:32::SCWMssOS::Running Make libs in ps7_cortexa9_0/libsrc/freertos10_xilinx_v1_15/src

TRACE::2024-07-15.16:44:32::SCWMssOS::make -C ps7_cortexa9_0/libsrc/freertos10_xilinx_v1_15/src -s libs  "SHELL=/bin/sh" "COMPILER=arm-none-eabi-gcc" "ASSEMBLER=arm-
TRACE::2024-07-15.16:44:32::SCWMssOS::none-eabi-as" "ARCHIVER=arm-none-eabi-ar" "COMPILER_FLAGS=  -O2 -c" "EXTRA_COMPILER_FLAGS=-mcpu=cortex-a9 -mfpu=vfpv3 -mfloat-a
TRACE::2024-07-15.16:44:32::SCWMssOS::bi=hard -nostartfiles -g -Wall -Wextra -fno-tree-loop-distribute-patterns"

TRACE::2024-07-15.16:44:32::SCWMssOS::Running Make libs in ps7_cortexa9_0/libsrc/gpiops_v3_13/src

TRACE::2024-07-15.16:44:32::SCWMssOS::make -C ps7_cortexa9_0/libsrc/gpiops_v3_13/src -s libs  "SHELL=/bin/sh" "COMPILER=arm-none-eabi-gcc" "ASSEMBLER=arm-none-eabi-a
TRACE::2024-07-15.16:44:32::SCWMssOS::s" "ARCHIVER=arm-none-eabi-ar" "COMPILER_FLAGS=  -O2 -c" "EXTRA_COMPILER_FLAGS=-mcpu=cortex-a9 -mfpu=vfpv3 -mfloat-abi=hard -no
TRACE::2024-07-15.16:44:32::SCWMssOS::startfiles -g -Wall -Wextra -fno-tree-loop-distribute-patterns"

TRACE::2024-07-15.16:44:32::SCWMssOS::Running Make libs in ps7_cortexa9_0/libsrc/qspips_v3_12/src

TRACE::2024-07-15.16:44:32::SCWMssOS::make -C ps7_cortexa9_0/libsrc/qspips_v3_12/src -s libs  "SHELL=/bin/sh" "COMPILER=arm-none-eabi-gcc" "ASSEMBLER=arm-none-eabi-a
TRACE::2024-07-15.16:44:32::SCWMssOS::s" "ARCHIVER=arm-none-eabi-ar" "COMPILER_FLAGS=  -O2 -c" "EXTRA_COMPILER_FLAGS=-mcpu=cortex-a9 -mfpu=vfpv3 -mfloat-abi=hard -no
TRACE::2024-07-15.16:44:32::SCWMssOS::startfiles -g -Wall -Wextra -fno-tree-loop-distribute-patterns"

TRACE::2024-07-15.16:44:32::SCWMssOS::Running Make libs in ps7_cortexa9_0/libsrc/scugic_v5_3/src

TRACE::2024-07-15.16:44:32::SCWMssOS::make -C ps7_cortexa9_0/libsrc/scugic_v5_3/src -s libs  "SHELL=/bin/sh" "COMPILER=arm-none-eabi-gcc" "ASSEMBLER=arm-none-eabi-as
TRACE::2024-07-15.16:44:32::SCWMssOS::" "ARCHIVER=arm-none-eabi-ar" "COMPILER_FLAGS=  -O2 -c" "EXTRA_COMPILER_FLAGS=-mcpu=cortex-a9 -mfpu=vfpv3 -mfloat-abi=hard -nos
TRACE::2024-07-15.16:44:32::SCWMssOS::tartfiles -g -Wall -Wextra -fno-tree-loop-distribute-patterns"

TRACE::2024-07-15.16:44:32::SCWMssOS::Running Make libs in ps7_cortexa9_0/libsrc/scutimer_v2_6/src

TRACE::2024-07-15.16:44:32::SCWMssOS::make -C ps7_cortexa9_0/libsrc/scutimer_v2_6/src -s libs  "SHELL=/bin/sh" "COMPILER=arm-none-eabi-gcc" "ASSEMBLER=arm-none-eabi-
TRACE::2024-07-15.16:44:32::SCWMssOS::as" "ARCHIVER=arm-none-eabi-ar" "COMPILER_FLAGS=  -O2 -c" "EXTRA_COMPILER_FLAGS=-mcpu=cortex-a9 -mfpu=vfpv3 -mfloat-abi=hard -n
TRACE::2024-07-15.16:44:32::SCWMssOS::ostartfiles -g -Wall -Wextra -fno-tree-loop-distribute-patterns"

TRACE::2024-07-15.16:44:33::SCWMssOS::Running Make libs in ps7_cortexa9_0/libsrc/scuwdt_v2_5/src

TRACE::2024-07-15.16:44:33::SCWMssOS::make -C ps7_cortexa9_0/libsrc/scuwdt_v2_5/src -s libs  "SHELL=/bin/sh" "COMPILER=arm-none-eabi-gcc" "ASSEMBLER=arm-none-eabi-as
TRACE::2024-07-15.16:44:33::SCWMssOS::" "ARCHIVER=arm-none-eabi-ar" "COMPILER_FLAGS=  -O2 -c" "EXTRA_COMPILER_FLAGS=-mcpu=cortex-a9 -mfpu=vfpv3 -mfloat-abi=hard -nos
TRACE::2024-07-15.16:44:33::SCWMssOS::tartfiles -g -Wall -Wextra -fno-tree-loop-distribute-patterns"

TRACE::2024-07-15.16:44:33::SCWMssOS::Running Make libs in ps7_cortexa9_0/libsrc/sdps_v4_3/src

TRACE::2024-07-15.16:44:33::SCWMssOS::make -C ps7_cortexa9_0/libsrc/sdps_v4_3/src -s libs  "SHELL=/bin/sh" "COMPILER=arm-none-eabi-gcc" "ASSEMBLER=arm-none-eabi-as" 
TRACE::2024-07-15.16:44:33::SCWMssOS::"ARCHIVER=arm-none-eabi-ar" "COMPILER_FLAGS=  -O2 -c" "EXTRA_COMPILER_FLAGS=-mcpu=cortex-a9 -mfpu=vfpv3 -mfloat-abi=hard -nosta
TRACE::2024-07-15.16:44:33::SCWMssOS::rtfiles -g -Wall -Wextra -fno-tree-loop-distribute-patterns"

TRACE::2024-07-15.16:44:33::SCWMssOS::Running Make libs in ps7_cortexa9_0/libsrc/uartps_v3_14/src

TRACE::2024-07-15.16:44:33::SCWMssOS::make -C ps7_cortexa9_0/libsrc/uartps_v3_14/src -s libs  "SHELL=/bin/sh" "COMPILER=arm-none-eabi-gcc" "ASSEMBLER=arm-none-eabi-a
TRACE::2024-07-15.16:44:33::SCWMssOS::s" "ARCHIVER=arm-none-eabi-ar" "COMPILER_FLAGS=  -O2 -c" "EXTRA_COMPILER_FLAGS=-mcpu=cortex-a9 -mfpu=vfpv3 -mfloat-abi=hard -no
TRACE::2024-07-15.16:44:33::SCWMssOS::startfiles -g -Wall -Wextra -fno-tree-loop-distribute-patterns"

TRACE::2024-07-15.16:44:33::SCWMssOS::Running Make libs in ps7_cortexa9_0/libsrc/usbps_v2_9/src

TRACE::2024-07-15.16:44:33::SCWMssOS::make -C ps7_cortexa9_0/libsrc/usbps_v2_9/src -s libs  "SHELL=/bin/sh" "COMPILER=arm-none-eabi-gcc" "ASSEMBLER=arm-none-eabi-as"
TRACE::2024-07-15.16:44:33::SCWMssOS:: "ARCHIVER=arm-none-eabi-ar" "COMPILER_FLAGS=  -O2 -c" "EXTRA_COMPILER_FLAGS=-mcpu=cortex-a9 -mfpu=vfpv3 -mfloat-abi=hard -nost
TRACE::2024-07-15.16:44:33::SCWMssOS::artfiles -g -Wall -Wextra -fno-tree-loop-distribute-patterns"

TRACE::2024-07-15.16:44:33::SCWMssOS::Running Make libs in ps7_cortexa9_0/libsrc/xadcps_v2_7/src

TRACE::2024-07-15.16:44:33::SCWMssOS::make -C ps7_cortexa9_0/libsrc/xadcps_v2_7/src -s libs  "SHELL=/bin/sh" "COMPILER=arm-none-eabi-gcc" "ASSEMBLER=arm-none-eabi-as
TRACE::2024-07-15.16:44:33::SCWMssOS::" "ARCHIVER=arm-none-eabi-ar" "COMPILER_FLAGS=  -O2 -c" "EXTRA_COMPILER_FLAGS=-mcpu=cortex-a9 -mfpu=vfpv3 -mfloat-abi=hard -nos
TRACE::2024-07-15.16:44:33::SCWMssOS::tartfiles -g -Wall -Wextra -fno-tree-loop-distribute-patterns"

TRACE::2024-07-15.16:44:33::SCWMssOS::Running Make libs in ps7_cortexa9_0/libsrc/xiltimer_v2_0/src

TRACE::2024-07-15.16:44:33::SCWMssOS::make -C ps7_cortexa9_0/libsrc/xiltimer_v2_0/src -s libs  "SHELL=/bin/sh" "COMPILER=arm-none-eabi-gcc" "ASSEMBLER=arm-none-eabi-
TRACE::2024-07-15.16:44:33::SCWMssOS::as" "ARCHIVER=arm-none-eabi-ar" "COMPILER_FLAGS=  -O2 -c" "EXTRA_COMPILER_FLAGS=-mcpu=cortex-a9 -mfpu=vfpv3 -mfloat-abi=hard -n
TRACE::2024-07-15.16:44:33::SCWMssOS::ostartfiles -g -Wall -Wextra -fno-tree-loop-distribute-patterns"

TRACE::2024-07-15.16:44:33::SCWMssOS::Compiling xiltimer Library

TRACE::2024-07-15.16:44:34::SCWMssOS::Finished building libraries parallelly.

TRACE::2024-07-15.16:44:34::SCWMssOS::make --no-print-directory archive

TRACE::2024-07-15.16:44:34::SCWMssOS::arm-none-eabi-ar -r  ps7_cortexa9_0/lib/libxil.a ps7_cortexa9_0/lib/_exit.o ps7_cortexa9_0/lib/_open.o ps7_cortexa9_0/lib/_sbrk
TRACE::2024-07-15.16:44:34::SCWMssOS::.o ps7_cortexa9_0/lib/abort.o ps7_cortexa9_0/lib/boot.o ps7_cortexa9_0/lib/close.o ps7_cortexa9_0/lib/cpputest_time.o ps7_corte
TRACE::2024-07-15.16:44:34::SCWMssOS::xa9_0/lib/cpu_init.o ps7_cortexa9_0/lib/errno.o ps7_cortexa9_0/lib/fcntl.o ps7_cortexa9_0/lib/fstat.o ps7_cortexa9_0/lib/getent
TRACE::2024-07-15.16:44:34::SCWMssOS::ropy.o ps7_cortexa9_0/lib/getpid.o ps7_cortexa9_0/lib/inbyte.o ps7_cortexa9_0/lib/isatty.o ps7_cortexa9_0/lib/kill.o ps7_cortex
TRACE::2024-07-15.16:44:34::SCWMssOS::a9_0/lib/lseek.o ps7_cortexa9_0/lib/open.o ps7_cortexa9_0/lib/outbyte.o ps7_cortexa9_0/lib/print.o ps7_cortexa9_0/lib/putnum.o 
TRACE::2024-07-15.16:44:34::SCWMssOS::ps7_cortexa9_0/lib/read.o ps7_cortexa9_0/lib/sbrk.o ps7_cortexa9_0/lib/time.o ps7_cortexa9_0/lib/translation_table.o ps7_cortex
TRACE::2024-07-15.16:44:34::SCWMssOS::a9_0/lib/unlink.o ps7_cortexa9_0/lib/vectors.o ps7_cortexa9_0/lib/write.o ps7_cortexa9_0/lib/xadcps.o ps7_cortexa9_0/lib/xadcps
TRACE::2024-07-15.16:44:34::SCWMssOS::_g.o ps7_cortexa9_0/lib/xadcps_intr.o ps7_cortexa9_0/lib/xadcps_selftest.o ps7_cortexa9_0/lib/xadcps_sinit.o ps7_cortexa9_0/lib
TRACE::2024-07-15.16:44:34::SCWMssOS::/xbram.o ps7_cortexa9_0/lib/xbram_g.o ps7_cortexa9_0/lib/xbram_intr.o ps7_cortexa9_0/lib/xbram_selftest.o ps7_cortexa9_0/lib/xb
TRACE::2024-07-15.16:44:34::SCWMssOS::ram_sinit.o ps7_cortexa9_0/lib/xcoresightpsdcc.o ps7_cortexa9_0/lib/xdevcfg.o ps7_cortexa9_0/lib/xdevcfg_g.o ps7_cortexa9_0/lib
TRACE::2024-07-15.16:44:34::SCWMssOS::/xdevcfg_hw.o ps7_cortexa9_0/lib/xdevcfg_intr.o ps7_cortexa9_0/lib/xdevcfg_selftest.o ps7_cortexa9_0/lib/xdevcfg_sinit.o ps7_co
TRACE::2024-07-15.16:44:34::SCWMssOS::rtexa9_0/lib/xdmaps.o ps7_cortexa9_0/lib/xdmaps_g.o ps7_cortexa9_0/lib/xdmaps_hw.o ps7_cortexa9_0/lib/xdmaps_selftest.o ps7_cor
TRACE::2024-07-15.16:44:34::SCWMssOS::texa9_0/lib/xdmaps_sinit.o ps7_cortexa9_0/lib/xemacps.o ps7_cortexa9_0/lib/xemacps_bdring.o ps7_cortexa9_0/lib/xemacps_control.
TRACE::2024-07-15.16:44:34::SCWMssOS::o ps7_cortexa9_0/lib/xemacps_g.o ps7_cortexa9_0/lib/xemacps_hw.o ps7_cortexa9_0/lib/xemacps_intr.o ps7_cortexa9_0/lib/xemacps_s
TRACE::2024-07-15.16:44:34::SCWMssOS::init.o ps7_cortexa9_0/lib/xgpiops.o ps7_cortexa9_0/lib/xgpiops_g.o ps7_cortexa9_0/lib/xgpiops_hw.o ps7_cortexa9_0/lib/xgpiops_i
TRACE::2024-07-15.16:44:34::SCWMssOS::ntr.o ps7_cortexa9_0/lib/xgpiops_selftest.o ps7_cortexa9_0/lib/xgpiops_sinit.o ps7_cortexa9_0/lib/xil-crt0.o ps7_cortexa9_0/lib
TRACE::2024-07-15.16:44:34::SCWMssOS::/xil_assert.o ps7_cortexa9_0/lib/xil_cache.o ps7_cortexa9_0/lib/xil_clocking.o ps7_cortexa9_0/lib/xil_exception.o ps7_cortexa9_
TRACE::2024-07-15.16:44:34::SCWMssOS::0/lib/xil_mem.o ps7_cortexa9_0/lib/xil_misc_psreset_api.o ps7_cortexa9_0/lib/xil_mmu.o ps7_cortexa9_0/lib/xil_printf.o ps7_cort
TRACE::2024-07-15.16:44:34::SCWMssOS::exa9_0/lib/xil_spinlock.o ps7_cortexa9_0/lib/xil_testcache.o ps7_cortexa9_0/lib/xil_testio.o ps7_cortexa9_0/lib/xil_testmem.o p
TRACE::2024-07-15.16:44:34::SCWMssOS::s7_cortexa9_0/lib/xil_util.o ps7_cortexa9_0/lib/xinterrupt_wrap.o ps7_cortexa9_0/lib/xl2cc_counter.o ps7_cortexa9_0/lib/xplatfo
TRACE::2024-07-15.16:44:34::SCWMssOS::rm_info.o ps7_cortexa9_0/lib/xpm_counter.o ps7_cortexa9_0/lib/xpm_init.o ps7_cortexa9_0/lib/xqspips.o ps7_cortexa9_0/lib/xqspip
TRACE::2024-07-15.16:44:34::SCWMssOS::s_g.o ps7_cortexa9_0/lib/xqspips_hw.o ps7_cortexa9_0/lib/xqspips_options.o ps7_cortexa9_0/lib/xqspips_selftest.o ps7_cortexa9_0
TRACE::2024-07-15.16:44:34::SCWMssOS::/lib/xqspips_sinit.o ps7_cortexa9_0/lib/xscugic.o ps7_cortexa9_0/lib/xscugic_g.o ps7_cortexa9_0/lib/xscugic_hw.o ps7_cortexa9_0
TRACE::2024-07-15.16:44:34::SCWMssOS::/lib/xscugic_intr.o ps7_cortexa9_0/lib/xscugic_selftest.o ps7_cortexa9_0/lib/xscugic_sinit.o ps7_cortexa9_0/lib/xscutimer.o ps7
TRACE::2024-07-15.16:44:34::SCWMssOS::_cortexa9_0/lib/xscutimer_g.o ps7_cortexa9_0/lib/xscutimer_selftest.o ps7_cortexa9_0/lib/xscutimer_sinit.o ps7_cortexa9_0/lib/x
TRACE::2024-07-15.16:44:34::SCWMssOS::scuwdt.o ps7_cortexa9_0/lib/xscuwdt_g.o ps7_cortexa9_0/lib/xscuwdt_selftest.o ps7_cortexa9_0/lib/xscuwdt_sinit.o ps7_cortexa9_0
TRACE::2024-07-15.16:44:34::SCWMssOS::/lib/xsdps.o ps7_cortexa9_0/lib/xsdps_card.o ps7_cortexa9_0/lib/xsdps_g.o ps7_cortexa9_0/lib/xsdps_host.o ps7_cortexa9_0/lib/xs
TRACE::2024-07-15.16:44:34::SCWMssOS::dps_options.o ps7_cortexa9_0/lib/xsdps_sinit.o ps7_cortexa9_0/lib/xuartps.o ps7_cortexa9_0/lib/xuartps_g.o ps7_cortexa9_0/lib/x
TRACE::2024-07-15.16:44:34::SCWMssOS::uartps_hw.o ps7_cortexa9_0/lib/xuartps_intr.o ps7_cortexa9_0/lib/xuartps_options.o ps7_cortexa9_0/lib/xuartps_selftest.o ps7_co
TRACE::2024-07-15.16:44:34::SCWMssOS::rtexa9_0/lib/xuartps_sinit.o ps7_cortexa9_0/lib/xusbps.o ps7_cortexa9_0/lib/xusbps_endpoint.o ps7_cortexa9_0/lib/xusbps_g.o ps7
TRACE::2024-07-15.16:44:34::SCWMssOS::_cortexa9_0/lib/xusbps_hw.o ps7_cortexa9_0/lib/xusbps_intr.o ps7_cortexa9_0/lib/xusbps_sinit.o

TRACE::2024-07-15.16:44:34::SCWMssOS::Finished building libraries

TRACE::2024-07-15.16:44:34::SCWMssOS::Copying to export directory.
TRACE::2024-07-15.16:44:34::SCWMssOS:: Checking if to create the Supporting Applications
TRACE::2024-07-15.16:44:34::SCWMssOS:: No Linux domain exists, trying to generate FSBL 
LOG::2024-07-15.16:44:34::SCWSystem::Completed Processing the domain freertos10_xilinx_ps7_cortexa9_0
LOG::2024-07-15.16:44:34::SCWSystem::Completed Processing the sysconfig pynq_z2_bram_wrapper
LOG::2024-07-15.16:44:34::SCWPlatform::Completed generating the artifacts for system configuration pynq_z2_bram_wrapper
TRACE::2024-07-15.16:44:34::SCWPlatform::Started preparing the platform 
TRACE::2024-07-15.16:44:34::SCWSystem::Writing the bif file for system config pynq_z2_bram_wrapper
TRACE::2024-07-15.16:44:34::SCWSystem::dir created 
TRACE::2024-07-15.16:44:34::SCWSystem::Writing the bif 
TRACE::2024-07-15.16:44:34::SCWPlatform::Started writing the spfm file 
TRACE::2024-07-15.16:44:34::SCWPlatform::Started writing the xpfm file 
TRACE::2024-07-15.16:44:34::SCWPlatform::Completed generating the platform
TRACE::2024-07-15.16:44:34::SCWMssOS::Saving the mss changes /home/kike/Desktop/marvin/marvin/pynq_z2_bram_wrapper/zynq_fsbl/zynq_fsbl_bsp/system.mss
TRACE::2024-07-15.16:44:34::SCWMssOS::Found a swdesign opened with the mssfile.
TRACE::2024-07-15.16:44:34::SCWMssOS::Completed writemss as part of save.
TRACE::2024-07-15.16:44:34::SCWMssOS::Commit changes completed.
TRACE::2024-07-15.16:44:34::SCWMssOS::Saving the mss changes /home/kike/Desktop/marvin/marvin/pynq_z2_bram_wrapper/ps7_cortexa9_0/freertos10_xilinx_ps7_cortexa9_0/bsp/system.mss
TRACE::2024-07-15.16:44:34::SCWMssOS::Found a swdesign opened with the mssfile.
TRACE::2024-07-15.16:44:34::SCWMssOS::Completed writemss as part of save.
TRACE::2024-07-15.16:44:34::SCWMssOS::Commit changes completed.
TRACE::2024-07-15.16:44:34::SCWPlatform::Trying to open the hw design at /home/kike/Desktop/marvin/marvin/pynq_z2_bram_wrapper/hw/pynq_z2_bram_wrapper.xsa
TRACE::2024-07-15.16:44:34::SCWPlatform::DSA given /home/kike/Desktop/marvin/marvin/pynq_z2_bram_wrapper/hw/pynq_z2_bram_wrapper.xsa
TRACE::2024-07-15.16:44:34::SCWPlatform::DSA absoulate path /home/kike/Desktop/marvin/marvin/pynq_z2_bram_wrapper/hw/pynq_z2_bram_wrapper.xsa
TRACE::2024-07-15.16:44:34::SCWPlatform::DSA directory /home/kike/Desktop/marvin/marvin/pynq_z2_bram_wrapper/hw
TRACE::2024-07-15.16:44:34::SCWPlatform:: Platform Path /home/kike/Desktop/marvin/marvin/pynq_z2_bram_wrapper/hw/pynq_z2_bram_wrapper.xsa
TRACE::2024-07-15.16:44:34::SCWPlatform:: Unique name xilinx:pynq-z2::0.0
TRACE::2024-07-15.16:44:34::SCWPlatform::Trying to set the existing hwdb with name pynq_z2_bram_wrapper_0
TRACE::2024-07-15.16:44:34::SCWPlatform::Opened existing hwdb pynq_z2_bram_wrapper_0
TRACE::2024-07-15.16:44:34::SCWPlatform::Found the Hw Db part of the input DSA
TRACE::2024-07-15.16:44:34::SCWMssOS::Checking the sw design at  /home/kike/Desktop/marvin/marvin/pynq_z2_bram_wrapper/zynq_fsbl/zynq_fsbl_bsp/system.mss
TRACE::2024-07-15.16:44:34::SCWMssOS::DEBUG:  swdes dump  /home/kike/Desktop/marvin/marvin/pynq_z2_bram_wrapper/ps7_cortexa9_0/freertos10_xilinx_ps7_cortexa9_0/bsp/system.mss|system_0||
/home/kike/Desktop/marvin/marvin/pynq_z2_bram_wrapper/zynq_fsbl/zynq_fsbl_bsp/system.mss|system||

TRACE::2024-07-15.16:44:34::SCWMssOS::Sw design exists and opened at  /home/kike/Desktop/marvin/marvin/pynq_z2_bram_wrapper/zynq_fsbl/zynq_fsbl_bsp/system.mss
TRACE::2024-07-15.16:44:34::SCWPlatform::Trying to open the hw design at /home/kike/Desktop/marvin/marvin/pynq_z2_bram_wrapper/hw/pynq_z2_bram_wrapper.xsa
TRACE::2024-07-15.16:44:34::SCWPlatform::DSA given /home/kike/Desktop/marvin/marvin/pynq_z2_bram_wrapper/hw/pynq_z2_bram_wrapper.xsa
TRACE::2024-07-15.16:44:34::SCWPlatform::DSA absoulate path /home/kike/Desktop/marvin/marvin/pynq_z2_bram_wrapper/hw/pynq_z2_bram_wrapper.xsa
TRACE::2024-07-15.16:44:34::SCWPlatform::DSA directory /home/kike/Desktop/marvin/marvin/pynq_z2_bram_wrapper/hw
TRACE::2024-07-15.16:44:34::SCWPlatform:: Platform Path /home/kike/Desktop/marvin/marvin/pynq_z2_bram_wrapper/hw/pynq_z2_bram_wrapper.xsa
TRACE::2024-07-15.16:44:34::SCWPlatform:: Unique name xilinx:pynq-z2::0.0
TRACE::2024-07-15.16:44:34::SCWPlatform::Trying to set the existing hwdb with name pynq_z2_bram_wrapper_0
TRACE::2024-07-15.16:44:34::SCWPlatform::Opened existing hwdb pynq_z2_bram_wrapper_0
TRACE::2024-07-15.16:44:34::SCWPlatform::Found the Hw Db part of the input DSA
TRACE::2024-07-15.16:44:34::SCWMssOS::Checking the sw design at  /home/kike/Desktop/marvin/marvin/pynq_z2_bram_wrapper/zynq_fsbl/zynq_fsbl_bsp/system.mss
TRACE::2024-07-15.16:44:34::SCWMssOS::DEBUG:  swdes dump  /home/kike/Desktop/marvin/marvin/pynq_z2_bram_wrapper/ps7_cortexa9_0/freertos10_xilinx_ps7_cortexa9_0/bsp/system.mss|system_0||
/home/kike/Desktop/marvin/marvin/pynq_z2_bram_wrapper/zynq_fsbl/zynq_fsbl_bsp/system.mss|system||

TRACE::2024-07-15.16:44:34::SCWMssOS::Sw design exists and opened at  /home/kike/Desktop/marvin/marvin/pynq_z2_bram_wrapper/zynq_fsbl/zynq_fsbl_bsp/system.mss
TRACE::2024-07-15.16:44:34::SCWPlatform::Trying to open the hw design at /home/kike/Desktop/marvin/marvin/pynq_z2_bram_wrapper/hw/pynq_z2_bram_wrapper.xsa
TRACE::2024-07-15.16:44:34::SCWPlatform::DSA given /home/kike/Desktop/marvin/marvin/pynq_z2_bram_wrapper/hw/pynq_z2_bram_wrapper.xsa
TRACE::2024-07-15.16:44:34::SCWPlatform::DSA absoulate path /home/kike/Desktop/marvin/marvin/pynq_z2_bram_wrapper/hw/pynq_z2_bram_wrapper.xsa
TRACE::2024-07-15.16:44:34::SCWPlatform::DSA directory /home/kike/Desktop/marvin/marvin/pynq_z2_bram_wrapper/hw
TRACE::2024-07-15.16:44:34::SCWPlatform:: Platform Path /home/kike/Desktop/marvin/marvin/pynq_z2_bram_wrapper/hw/pynq_z2_bram_wrapper.xsa
TRACE::2024-07-15.16:44:34::SCWPlatform:: Unique name xilinx:pynq-z2::0.0
TRACE::2024-07-15.16:44:34::SCWPlatform::Trying to set the existing hwdb with name pynq_z2_bram_wrapper_0
TRACE::2024-07-15.16:44:34::SCWPlatform::Opened existing hwdb pynq_z2_bram_wrapper_0
TRACE::2024-07-15.16:44:34::SCWPlatform::Found the Hw Db part of the input DSA
TRACE::2024-07-15.16:44:34::SCWMssOS::Checking the sw design at  /home/kike/Desktop/marvin/marvin/pynq_z2_bram_wrapper/zynq_fsbl/zynq_fsbl_bsp/system.mss
TRACE::2024-07-15.16:44:34::SCWMssOS::DEBUG:  swdes dump  /home/kike/Desktop/marvin/marvin/pynq_z2_bram_wrapper/ps7_cortexa9_0/freertos10_xilinx_ps7_cortexa9_0/bsp/system.mss|system_0||
/home/kike/Desktop/marvin/marvin/pynq_z2_bram_wrapper/zynq_fsbl/zynq_fsbl_bsp/system.mss|system||

TRACE::2024-07-15.16:44:34::SCWMssOS::Sw design exists and opened at  /home/kike/Desktop/marvin/marvin/pynq_z2_bram_wrapper/zynq_fsbl/zynq_fsbl_bsp/system.mss
TRACE::2024-07-15.16:44:34::SCWPlatform::Trying to open the hw design at /home/kike/Desktop/marvin/marvin/pynq_z2_bram_wrapper/hw/pynq_z2_bram_wrapper.xsa
TRACE::2024-07-15.16:44:34::SCWPlatform::DSA given /home/kike/Desktop/marvin/marvin/pynq_z2_bram_wrapper/hw/pynq_z2_bram_wrapper.xsa
TRACE::2024-07-15.16:44:34::SCWPlatform::DSA absoulate path /home/kike/Desktop/marvin/marvin/pynq_z2_bram_wrapper/hw/pynq_z2_bram_wrapper.xsa
TRACE::2024-07-15.16:44:34::SCWPlatform::DSA directory /home/kike/Desktop/marvin/marvin/pynq_z2_bram_wrapper/hw
TRACE::2024-07-15.16:44:34::SCWPlatform:: Platform Path /home/kike/Desktop/marvin/marvin/pynq_z2_bram_wrapper/hw/pynq_z2_bram_wrapper.xsa
TRACE::2024-07-15.16:44:34::SCWPlatform:: Unique name xilinx:pynq-z2::0.0
TRACE::2024-07-15.16:44:34::SCWPlatform::Trying to set the existing hwdb with name pynq_z2_bram_wrapper_0
TRACE::2024-07-15.16:44:34::SCWPlatform::Opened existing hwdb pynq_z2_bram_wrapper_0
TRACE::2024-07-15.16:44:34::SCWPlatform::Found the Hw Db part of the input DSA
TRACE::2024-07-15.16:44:34::SCWMssOS::Checking the sw design at  /home/kike/Desktop/marvin/marvin/pynq_z2_bram_wrapper/ps7_cortexa9_0/freertos10_xilinx_ps7_cortexa9_0/bsp/system.mss
TRACE::2024-07-15.16:44:34::SCWMssOS::DEBUG:  swdes dump  /home/kike/Desktop/marvin/marvin/pynq_z2_bram_wrapper/ps7_cortexa9_0/freertos10_xilinx_ps7_cortexa9_0/bsp/system.mss|system_0||
/home/kike/Desktop/marvin/marvin/pynq_z2_bram_wrapper/zynq_fsbl/zynq_fsbl_bsp/system.mss|system||

TRACE::2024-07-15.16:44:34::SCWMssOS::Sw design exists and opened at  /home/kike/Desktop/marvin/marvin/pynq_z2_bram_wrapper/ps7_cortexa9_0/freertos10_xilinx_ps7_cortexa9_0/bsp/system.mss
TRACE::2024-07-15.16:44:34::SCWPlatform::Trying to open the hw design at /home/kike/Desktop/marvin/marvin/pynq_z2_bram_wrapper/hw/pynq_z2_bram_wrapper.xsa
TRACE::2024-07-15.16:44:34::SCWPlatform::DSA given /home/kike/Desktop/marvin/marvin/pynq_z2_bram_wrapper/hw/pynq_z2_bram_wrapper.xsa
TRACE::2024-07-15.16:44:34::SCWPlatform::DSA absoulate path /home/kike/Desktop/marvin/marvin/pynq_z2_bram_wrapper/hw/pynq_z2_bram_wrapper.xsa
TRACE::2024-07-15.16:44:34::SCWPlatform::DSA directory /home/kike/Desktop/marvin/marvin/pynq_z2_bram_wrapper/hw
TRACE::2024-07-15.16:44:34::SCWPlatform:: Platform Path /home/kike/Desktop/marvin/marvin/pynq_z2_bram_wrapper/hw/pynq_z2_bram_wrapper.xsa
TRACE::2024-07-15.16:44:34::SCWPlatform:: Unique name xilinx:pynq-z2::0.0
TRACE::2024-07-15.16:44:34::SCWPlatform::Trying to set the existing hwdb with name pynq_z2_bram_wrapper_0
TRACE::2024-07-15.16:44:34::SCWPlatform::Opened existing hwdb pynq_z2_bram_wrapper_0
TRACE::2024-07-15.16:44:34::SCWPlatform::Found the Hw Db part of the input DSA
TRACE::2024-07-15.16:44:34::SCWMssOS::Checking the sw design at  /home/kike/Desktop/marvin/marvin/pynq_z2_bram_wrapper/ps7_cortexa9_0/freertos10_xilinx_ps7_cortexa9_0/bsp/system.mss
TRACE::2024-07-15.16:44:34::SCWMssOS::DEBUG:  swdes dump  /home/kike/Desktop/marvin/marvin/pynq_z2_bram_wrapper/ps7_cortexa9_0/freertos10_xilinx_ps7_cortexa9_0/bsp/system.mss|system_0||
/home/kike/Desktop/marvin/marvin/pynq_z2_bram_wrapper/zynq_fsbl/zynq_fsbl_bsp/system.mss|system||

TRACE::2024-07-15.16:44:34::SCWMssOS::Sw design exists and opened at  /home/kike/Desktop/marvin/marvin/pynq_z2_bram_wrapper/ps7_cortexa9_0/freertos10_xilinx_ps7_cortexa9_0/bsp/system.mss
TRACE::2024-07-15.16:44:34::SCWPlatform::Trying to open the hw design at /home/kike/Desktop/marvin/marvin/pynq_z2_bram_wrapper/hw/pynq_z2_bram_wrapper.xsa
TRACE::2024-07-15.16:44:34::SCWPlatform::DSA given /home/kike/Desktop/marvin/marvin/pynq_z2_bram_wrapper/hw/pynq_z2_bram_wrapper.xsa
TRACE::2024-07-15.16:44:34::SCWPlatform::DSA absoulate path /home/kike/Desktop/marvin/marvin/pynq_z2_bram_wrapper/hw/pynq_z2_bram_wrapper.xsa
TRACE::2024-07-15.16:44:34::SCWPlatform::DSA directory /home/kike/Desktop/marvin/marvin/pynq_z2_bram_wrapper/hw
TRACE::2024-07-15.16:44:34::SCWPlatform:: Platform Path /home/kike/Desktop/marvin/marvin/pynq_z2_bram_wrapper/hw/pynq_z2_bram_wrapper.xsa
TRACE::2024-07-15.16:44:34::SCWPlatform:: Unique name xilinx:pynq-z2::0.0
TRACE::2024-07-15.16:44:34::SCWPlatform::Trying to set the existing hwdb with name pynq_z2_bram_wrapper_0
TRACE::2024-07-15.16:44:34::SCWPlatform::Opened existing hwdb pynq_z2_bram_wrapper_0
TRACE::2024-07-15.16:44:34::SCWPlatform::Found the Hw Db part of the input DSA
TRACE::2024-07-15.16:44:34::SCWMssOS::Checking the sw design at  /home/kike/Desktop/marvin/marvin/pynq_z2_bram_wrapper/ps7_cortexa9_0/freertos10_xilinx_ps7_cortexa9_0/bsp/system.mss
TRACE::2024-07-15.16:44:34::SCWMssOS::DEBUG:  swdes dump  /home/kike/Desktop/marvin/marvin/pynq_z2_bram_wrapper/ps7_cortexa9_0/freertos10_xilinx_ps7_cortexa9_0/bsp/system.mss|system_0||
/home/kike/Desktop/marvin/marvin/pynq_z2_bram_wrapper/zynq_fsbl/zynq_fsbl_bsp/system.mss|system||

TRACE::2024-07-15.16:44:34::SCWMssOS::Sw design exists and opened at  /home/kike/Desktop/marvin/marvin/pynq_z2_bram_wrapper/ps7_cortexa9_0/freertos10_xilinx_ps7_cortexa9_0/bsp/system.mss
TRACE::2024-07-15.16:44:34::SCWWriter::formatted JSON is {
	"platformName":	"pynq_z2_bram_wrapper",
	"sprVersion":	"2.0",
	"mode":	"gui",
	"dsaType":	"Fixed",
	"platformDesc":	"pynq_z2_bram_wrapper",
	"platHandOff":	"/home/kike/Desktop/marvin/vivado_project/pynq_z2_bram/pynq_z2_bram_wrapper.xsa",
	"platIntHandOff":	"<platformDir>/hw/pynq_z2_bram_wrapper.xsa",
	"deviceType":	"zynq",
	"platIsPrebuiltAutogen":	"false",
	"platIsNoBootBsp":	"false",
	"platFsblTarget":	"ps7_cortexa9_0",
	"hasFsblMakeHasChanges":	"false",
	"hasPmufwMakeHasChanges":	"false",
	"fsblExtraCompilerFlags":	"-MMD -MP       -mcpu=cortex-a9 -mfpu=vfpv3 -mfloat-abi=hard ",
	"platPreBuiltFlag":	false,
	"platformSamplesDir":	"",
	"platActiveSys":	"pynq_z2_bram_wrapper",
	"systems":	[{
			"systemName":	"pynq_z2_bram_wrapper",
			"systemDesc":	"pynq_z2_bram_wrapper",
			"sysIsBootAutoGen":	"true",
			"systemDispName":	"pynq_z2_bram_wrapper",
			"sysActiveDom":	"freertos10_xilinx_ps7_cortexa9_0",
			"sysDefaultDom":	"freertos10_xilinx_ps7_cortexa9_0",
			"domains":	[{
					"domainName":	"zynq_fsbl",
					"domainDispName":	"zynq_fsbl",
					"domainDesc":	"FSBL Application BSP - Auto Generated.",
					"processors":	"ps7_cortexa9_0",
					"os":	"standalone",
					"sdxOs":	"standalone",
					"debugEnable":	"",
					"domRuntimes":	["cpp"],
					"swRepo":	"",
					"mssOsVer":	"9.1",
					"mssFile":	"",
					"md5Digest":	"409d1989a24d76fe76b05e785092fa28",
					"compatibleApp":	"zynq_fsbl",
					"domType":	"bootDomain",
					"arch":	"32-bit",
					"appSettings":	{
						"appCompilerFlags":	"",
						"appLinkerFlags":	""
					},
					"addedLibs":	["xilffs:5.2", "xilrsa:1.8"],
					"libOptions":	{
						"libsContainingOptions":	[]
					},
					"prebuiltLibs":	{
						"prebuiltIncPath":	[],
						"prebuiltLibPath":	[]
					},
					"isolation":	{
					}
				}, {
					"domainName":	"freertos10_xilinx_ps7_cortexa9_0",
					"domainDispName":	"freertos10_xilinx_ps7_cortexa9_0",
					"domainDesc":	"freertos10_xilinx_ps7_cortexa9_0",
					"processors":	"ps7_cortexa9_0",
					"os":	"freertos10_xilinx",
					"sdxOs":	"freertos10_xilinx",
					"qemuArgs":	"<platformDir>/resources/pynq_z2_bram_wrapper/freertos10_xilinx_ps7_cortexa9_0/qemu_args.txt",
					"qemuData":	"<platformDir>/resources/pynq_z2_bram_wrapper/freertos10_xilinx_ps7_cortexa9_0/qemu",
					"debugEnable":	"False",
					"domRuntimes":	["cpp"],
					"swRepo":	"",
					"mssOsVer":	"1.15",
					"mssFile":	"",
					"md5Digest":	"b16b094303b8a18353b8c330524e5d8f",
					"compatibleApp":	"freertos_hello_world",
					"domType":	"mssDomain",
					"arch":	"32-bit",
					"appSettings":	{
						"appCompilerFlags":	"",
						"appLinkerFlags":	""
					},
					"addedLibs":	["xiltimer:2.0"],
					"libOptions":	{
						"freertos10_xilinx":	{
							"xil_interrupt":	"true",
							"libOptionNames":	["xil_interrupt"]
						},
						"libsContainingOptions":	["freertos10_xilinx"]
					},
					"prebuiltLibs":	{
						"prebuiltIncPath":	[],
						"prebuiltLibPath":	[]
					},
					"isolation":	{
					}
				}]
		}]
}
KEYINFO::2024-07-15.16:44:34::SCWPlatform::updated the xpfm file.
TRACE::2024-07-15.16:44:34::SCWPlatform::Trying to open the hw design at /home/kike/Desktop/marvin/marvin/pynq_z2_bram_wrapper/hw/pynq_z2_bram_wrapper.xsa
TRACE::2024-07-15.16:44:34::SCWPlatform::DSA given /home/kike/Desktop/marvin/marvin/pynq_z2_bram_wrapper/hw/pynq_z2_bram_wrapper.xsa
TRACE::2024-07-15.16:44:34::SCWPlatform::DSA absoulate path /home/kike/Desktop/marvin/marvin/pynq_z2_bram_wrapper/hw/pynq_z2_bram_wrapper.xsa
TRACE::2024-07-15.16:44:34::SCWPlatform::DSA directory /home/kike/Desktop/marvin/marvin/pynq_z2_bram_wrapper/hw
TRACE::2024-07-15.16:44:34::SCWPlatform:: Platform Path /home/kike/Desktop/marvin/marvin/pynq_z2_bram_wrapper/hw/pynq_z2_bram_wrapper.xsa
TRACE::2024-07-15.16:44:34::SCWPlatform:: Unique name xilinx:pynq-z2::0.0
TRACE::2024-07-15.16:44:34::SCWPlatform::Trying to set the existing hwdb with name pynq_z2_bram_wrapper_0
TRACE::2024-07-15.16:44:34::SCWPlatform::Opened existing hwdb pynq_z2_bram_wrapper_0
TRACE::2024-07-15.16:44:34::SCWPlatform::Found the Hw Db part of the input DSA
TRACE::2024-07-15.16:44:34::SCWMssOS::Checking the sw design at  /home/kike/Desktop/marvin/marvin/pynq_z2_bram_wrapper/ps7_cortexa9_0/freertos10_xilinx_ps7_cortexa9_0/bsp/system.mss
TRACE::2024-07-15.16:44:34::SCWMssOS::DEBUG:  swdes dump  /home/kike/Desktop/marvin/marvin/pynq_z2_bram_wrapper/ps7_cortexa9_0/freertos10_xilinx_ps7_cortexa9_0/bsp/system.mss|system_0||
/home/kike/Desktop/marvin/marvin/pynq_z2_bram_wrapper/zynq_fsbl/zynq_fsbl_bsp/system.mss|system||

TRACE::2024-07-15.16:44:34::SCWMssOS::Sw design exists and opened at  /home/kike/Desktop/marvin/marvin/pynq_z2_bram_wrapper/ps7_cortexa9_0/freertos10_xilinx_ps7_cortexa9_0/bsp/system.mss
TRACE::2024-07-26.15:02:32::SCWPlatform::Trying to open the hw design at /home/kike/Desktop/marvin/marvin/pynq_z2_bram_wrapper/hw/pynq_z2_bram_wrapper.xsa
TRACE::2024-07-26.15:02:32::SCWPlatform::DSA given /home/kike/Desktop/marvin/marvin/pynq_z2_bram_wrapper/hw/pynq_z2_bram_wrapper.xsa
TRACE::2024-07-26.15:02:32::SCWPlatform::DSA absoulate path /home/kike/Desktop/marvin/marvin/pynq_z2_bram_wrapper/hw/pynq_z2_bram_wrapper.xsa
TRACE::2024-07-26.15:02:32::SCWPlatform::DSA directory /home/kike/Desktop/marvin/marvin/pynq_z2_bram_wrapper/hw
TRACE::2024-07-26.15:02:32::SCWPlatform:: Platform Path /home/kike/Desktop/marvin/marvin/pynq_z2_bram_wrapper/hw/pynq_z2_bram_wrapper.xsa
TRACE::2024-07-26.15:02:32::SCWPlatform:: Unique name xilinx:pynq-z2::0.0
TRACE::2024-07-26.15:02:32::SCWPlatform::Do not have an existing db opened. 
TRACE::2024-07-26.15:02:33::SCWPlatform::Opened new HwDB with name pynq_z2_bram_wrapper_0
TRACE::2024-07-26.15:02:33::SCWReader::Active system found as  pynq_z2_bram_wrapper
TRACE::2024-07-26.15:02:33::SCWReader::Handling sysconfig pynq_z2_bram_wrapper
TRACE::2024-07-26.15:02:33::SCWDomain::checking for install qemu data   : 
TRACE::2024-07-26.15:02:33::SCWDomain:: Using the QEMU Data from install at  : /tools/Xilinx/Vitis/2024.1/data/emulation/platforms/zynq/sw/a9_standalone/qemu/
TRACE::2024-07-26.15:02:33::SCWDomain:: Using the QEMU args  from install at  : /tools/Xilinx/Vitis/2024.1/data/emulation/platforms/zynq/sw/a9_standalone/qemu/qemu_args.txt
TRACE::2024-07-26.15:02:33::SCWPlatform::Trying to open the hw design at /home/kike/Desktop/marvin/marvin/pynq_z2_bram_wrapper/hw/pynq_z2_bram_wrapper.xsa
TRACE::2024-07-26.15:02:33::SCWPlatform::DSA given /home/kike/Desktop/marvin/marvin/pynq_z2_bram_wrapper/hw/pynq_z2_bram_wrapper.xsa
TRACE::2024-07-26.15:02:33::SCWPlatform::DSA absoulate path /home/kike/Desktop/marvin/marvin/pynq_z2_bram_wrapper/hw/pynq_z2_bram_wrapper.xsa
TRACE::2024-07-26.15:02:33::SCWPlatform::DSA directory /home/kike/Desktop/marvin/marvin/pynq_z2_bram_wrapper/hw
TRACE::2024-07-26.15:02:33::SCWPlatform:: Platform Path /home/kike/Desktop/marvin/marvin/pynq_z2_bram_wrapper/hw/pynq_z2_bram_wrapper.xsa
TRACE::2024-07-26.15:02:33::SCWPlatform:: Unique name xilinx:pynq-z2::0.0
TRACE::2024-07-26.15:02:33::SCWPlatform::Trying to set the existing hwdb with name pynq_z2_bram_wrapper_0
TRACE::2024-07-26.15:02:33::SCWPlatform::Opened existing hwdb pynq_z2_bram_wrapper_0
TRACE::2024-07-26.15:02:33::SCWPlatform::Found the Hw Db part of the input DSA
TRACE::2024-07-26.15:02:33::SCWPlatform::Trying to open the hw design at /home/kike/Desktop/marvin/marvin/pynq_z2_bram_wrapper/hw/pynq_z2_bram_wrapper.xsa
TRACE::2024-07-26.15:02:33::SCWPlatform::DSA given /home/kike/Desktop/marvin/marvin/pynq_z2_bram_wrapper/hw/pynq_z2_bram_wrapper.xsa
TRACE::2024-07-26.15:02:33::SCWPlatform::DSA absoulate path /home/kike/Desktop/marvin/marvin/pynq_z2_bram_wrapper/hw/pynq_z2_bram_wrapper.xsa
TRACE::2024-07-26.15:02:33::SCWPlatform::DSA directory /home/kike/Desktop/marvin/marvin/pynq_z2_bram_wrapper/hw
TRACE::2024-07-26.15:02:33::SCWPlatform:: Platform Path /home/kike/Desktop/marvin/marvin/pynq_z2_bram_wrapper/hw/pynq_z2_bram_wrapper.xsa
TRACE::2024-07-26.15:02:33::SCWPlatform:: Unique name xilinx:pynq-z2::0.0
TRACE::2024-07-26.15:02:33::SCWPlatform::Trying to set the existing hwdb with name pynq_z2_bram_wrapper_0
TRACE::2024-07-26.15:02:33::SCWPlatform::Opened existing hwdb pynq_z2_bram_wrapper_0
TRACE::2024-07-26.15:02:33::SCWPlatform::Found the Hw Db part of the input DSA
TRACE::2024-07-26.15:02:33::SCWPlatform::Trying to open the hw design at /home/kike/Desktop/marvin/marvin/pynq_z2_bram_wrapper/hw/pynq_z2_bram_wrapper.xsa
TRACE::2024-07-26.15:02:33::SCWPlatform::DSA given /home/kike/Desktop/marvin/marvin/pynq_z2_bram_wrapper/hw/pynq_z2_bram_wrapper.xsa
TRACE::2024-07-26.15:02:33::SCWPlatform::DSA absoulate path /home/kike/Desktop/marvin/marvin/pynq_z2_bram_wrapper/hw/pynq_z2_bram_wrapper.xsa
TRACE::2024-07-26.15:02:33::SCWPlatform::DSA directory /home/kike/Desktop/marvin/marvin/pynq_z2_bram_wrapper/hw
TRACE::2024-07-26.15:02:33::SCWPlatform:: Platform Path /home/kike/Desktop/marvin/marvin/pynq_z2_bram_wrapper/hw/pynq_z2_bram_wrapper.xsa
TRACE::2024-07-26.15:02:33::SCWPlatform:: Unique name xilinx:pynq-z2::0.0
TRACE::2024-07-26.15:02:33::SCWPlatform::Trying to set the existing hwdb with name pynq_z2_bram_wrapper_0
TRACE::2024-07-26.15:02:33::SCWPlatform::Opened existing hwdb pynq_z2_bram_wrapper_0
TRACE::2024-07-26.15:02:33::SCWPlatform::Found the Hw Db part of the input DSA
TRACE::2024-07-26.15:02:33::SCWReader::Boot application domain added for zynq_fsbl
TRACE::2024-07-26.15:02:33::SCWPlatform::Trying to open the hw design at /home/kike/Desktop/marvin/marvin/pynq_z2_bram_wrapper/hw/pynq_z2_bram_wrapper.xsa
TRACE::2024-07-26.15:02:33::SCWPlatform::DSA given /home/kike/Desktop/marvin/marvin/pynq_z2_bram_wrapper/hw/pynq_z2_bram_wrapper.xsa
TRACE::2024-07-26.15:02:33::SCWPlatform::DSA absoulate path /home/kike/Desktop/marvin/marvin/pynq_z2_bram_wrapper/hw/pynq_z2_bram_wrapper.xsa
TRACE::2024-07-26.15:02:33::SCWPlatform::DSA directory /home/kike/Desktop/marvin/marvin/pynq_z2_bram_wrapper/hw
TRACE::2024-07-26.15:02:33::SCWPlatform:: Platform Path /home/kike/Desktop/marvin/marvin/pynq_z2_bram_wrapper/hw/pynq_z2_bram_wrapper.xsa
TRACE::2024-07-26.15:02:33::SCWPlatform:: Unique name xilinx:pynq-z2::0.0
TRACE::2024-07-26.15:02:33::SCWPlatform::Trying to set the existing hwdb with name pynq_z2_bram_wrapper_0
TRACE::2024-07-26.15:02:33::SCWPlatform::Opened existing hwdb pynq_z2_bram_wrapper_0
TRACE::2024-07-26.15:02:33::SCWPlatform::Found the Hw Db part of the input DSA
TRACE::2024-07-26.15:02:33::SCWMssOS::Checking the sw design at  /home/kike/Desktop/marvin/marvin/pynq_z2_bram_wrapper/zynq_fsbl/zynq_fsbl_bsp/system.mss
TRACE::2024-07-26.15:02:33::SCWMssOS::DEBUG:  swdes dump  
TRACE::2024-07-26.15:02:33::SCWMssOS::No sw design opened at  /home/kike/Desktop/marvin/marvin/pynq_z2_bram_wrapper/zynq_fsbl/zynq_fsbl_bsp/system.mss
TRACE::2024-07-26.15:02:33::SCWMssOS::mss exists loading the mss file  /home/kike/Desktop/marvin/marvin/pynq_z2_bram_wrapper/zynq_fsbl/zynq_fsbl_bsp/system.mss
TRACE::2024-07-26.15:02:33::SCWMssOS::Opened the sw design from mss  /home/kike/Desktop/marvin/marvin/pynq_z2_bram_wrapper/zynq_fsbl/zynq_fsbl_bsp/system.mss
TRACE::2024-07-26.15:02:33::SCWMssOS::Adding the swdes entry /home/kike/Desktop/marvin/marvin/pynq_z2_bram_wrapper/zynq_fsbl/zynq_fsbl_bsp/system.mss with des name system
TRACE::2024-07-26.15:02:33::SCWMssOS::updating the scw layer about changes
TRACE::2024-07-26.15:02:33::SCWMssOS::Opened the sw design.  /home/kike/Desktop/marvin/marvin/pynq_z2_bram_wrapper/zynq_fsbl/zynq_fsbl_bsp/system.mss
TRACE::2024-07-26.15:02:33::SCWPlatform::Trying to open the hw design at /home/kike/Desktop/marvin/marvin/pynq_z2_bram_wrapper/hw/pynq_z2_bram_wrapper.xsa
TRACE::2024-07-26.15:02:33::SCWPlatform::DSA given /home/kike/Desktop/marvin/marvin/pynq_z2_bram_wrapper/hw/pynq_z2_bram_wrapper.xsa
TRACE::2024-07-26.15:02:33::SCWPlatform::DSA absoulate path /home/kike/Desktop/marvin/marvin/pynq_z2_bram_wrapper/hw/pynq_z2_bram_wrapper.xsa
TRACE::2024-07-26.15:02:33::SCWPlatform::DSA directory /home/kike/Desktop/marvin/marvin/pynq_z2_bram_wrapper/hw
TRACE::2024-07-26.15:02:33::SCWPlatform:: Platform Path /home/kike/Desktop/marvin/marvin/pynq_z2_bram_wrapper/hw/pynq_z2_bram_wrapper.xsa
TRACE::2024-07-26.15:02:33::SCWPlatform:: Unique name xilinx:pynq-z2::0.0
TRACE::2024-07-26.15:02:33::SCWPlatform::Trying to set the existing hwdb with name pynq_z2_bram_wrapper_0
TRACE::2024-07-26.15:02:33::SCWPlatform::Opened existing hwdb pynq_z2_bram_wrapper_0
TRACE::2024-07-26.15:02:33::SCWPlatform::Found the Hw Db part of the input DSA
TRACE::2024-07-26.15:02:33::SCWMssOS::Checking the sw design at  /home/kike/Desktop/marvin/marvin/pynq_z2_bram_wrapper/zynq_fsbl/zynq_fsbl_bsp/system.mss
TRACE::2024-07-26.15:02:33::SCWMssOS::DEBUG:  swdes dump  /home/kike/Desktop/marvin/marvin/pynq_z2_bram_wrapper/zynq_fsbl/zynq_fsbl_bsp/system.mss|system||

TRACE::2024-07-26.15:02:33::SCWMssOS::Sw design exists and opened at  /home/kike/Desktop/marvin/marvin/pynq_z2_bram_wrapper/zynq_fsbl/zynq_fsbl_bsp/system.mss
TRACE::2024-07-26.15:02:33::SCWMssOS:: library already available in sw design:  xilffs:5.2
TRACE::2024-07-26.15:02:33::SCWPlatform::Trying to open the hw design at /home/kike/Desktop/marvin/marvin/pynq_z2_bram_wrapper/hw/pynq_z2_bram_wrapper.xsa
TRACE::2024-07-26.15:02:33::SCWPlatform::DSA given /home/kike/Desktop/marvin/marvin/pynq_z2_bram_wrapper/hw/pynq_z2_bram_wrapper.xsa
TRACE::2024-07-26.15:02:33::SCWPlatform::DSA absoulate path /home/kike/Desktop/marvin/marvin/pynq_z2_bram_wrapper/hw/pynq_z2_bram_wrapper.xsa
TRACE::2024-07-26.15:02:33::SCWPlatform::DSA directory /home/kike/Desktop/marvin/marvin/pynq_z2_bram_wrapper/hw
TRACE::2024-07-26.15:02:33::SCWPlatform:: Platform Path /home/kike/Desktop/marvin/marvin/pynq_z2_bram_wrapper/hw/pynq_z2_bram_wrapper.xsa
TRACE::2024-07-26.15:02:33::SCWPlatform:: Unique name xilinx:pynq-z2::0.0
TRACE::2024-07-26.15:02:33::SCWPlatform::Trying to set the existing hwdb with name pynq_z2_bram_wrapper_0
TRACE::2024-07-26.15:02:33::SCWPlatform::Opened existing hwdb pynq_z2_bram_wrapper_0
TRACE::2024-07-26.15:02:33::SCWPlatform::Found the Hw Db part of the input DSA
TRACE::2024-07-26.15:02:33::SCWMssOS::Checking the sw design at  /home/kike/Desktop/marvin/marvin/pynq_z2_bram_wrapper/zynq_fsbl/zynq_fsbl_bsp/system.mss
TRACE::2024-07-26.15:02:33::SCWMssOS::DEBUG:  swdes dump  /home/kike/Desktop/marvin/marvin/pynq_z2_bram_wrapper/zynq_fsbl/zynq_fsbl_bsp/system.mss|system||

TRACE::2024-07-26.15:02:33::SCWMssOS::Sw design exists and opened at  /home/kike/Desktop/marvin/marvin/pynq_z2_bram_wrapper/zynq_fsbl/zynq_fsbl_bsp/system.mss
TRACE::2024-07-26.15:02:33::SCWMssOS:: library already available in sw design:  xilrsa:1.8
TRACE::2024-07-26.15:02:33::SCWMssOS::Saving the mss changes /home/kike/Desktop/marvin/marvin/pynq_z2_bram_wrapper/zynq_fsbl/zynq_fsbl_bsp/system.mss
TRACE::2024-07-26.15:02:33::SCWMssOS::Found a swdesign opened with the mssfile.
TRACE::2024-07-26.15:02:33::SCWMssOS::Completed writemss as part of save.
TRACE::2024-07-26.15:02:33::SCWMssOS::Commit changes completed.
TRACE::2024-07-26.15:02:33::SCWReader::Adding prebuilt librarypaths as   
TRACE::2024-07-26.15:02:33::SCWReader::Adding prebuilt incpaths  as   
TRACE::2024-07-26.15:02:33::SCWPlatform::Trying to open the hw design at /home/kike/Desktop/marvin/marvin/pynq_z2_bram_wrapper/hw/pynq_z2_bram_wrapper.xsa
TRACE::2024-07-26.15:02:33::SCWPlatform::DSA given /home/kike/Desktop/marvin/marvin/pynq_z2_bram_wrapper/hw/pynq_z2_bram_wrapper.xsa
TRACE::2024-07-26.15:02:33::SCWPlatform::DSA absoulate path /home/kike/Desktop/marvin/marvin/pynq_z2_bram_wrapper/hw/pynq_z2_bram_wrapper.xsa
TRACE::2024-07-26.15:02:33::SCWPlatform::DSA directory /home/kike/Desktop/marvin/marvin/pynq_z2_bram_wrapper/hw
TRACE::2024-07-26.15:02:33::SCWPlatform:: Platform Path /home/kike/Desktop/marvin/marvin/pynq_z2_bram_wrapper/hw/pynq_z2_bram_wrapper.xsa
TRACE::2024-07-26.15:02:33::SCWPlatform:: Unique name xilinx:pynq-z2::0.0
TRACE::2024-07-26.15:02:33::SCWPlatform::Trying to set the existing hwdb with name pynq_z2_bram_wrapper_0
TRACE::2024-07-26.15:02:33::SCWPlatform::Opened existing hwdb pynq_z2_bram_wrapper_0
TRACE::2024-07-26.15:02:33::SCWPlatform::Found the Hw Db part of the input DSA
TRACE::2024-07-26.15:02:33::SCWMssOS::Checking the sw design at  /home/kike/Desktop/marvin/marvin/pynq_z2_bram_wrapper/zynq_fsbl/zynq_fsbl_bsp/system.mss
TRACE::2024-07-26.15:02:33::SCWMssOS::DEBUG:  swdes dump  /home/kike/Desktop/marvin/marvin/pynq_z2_bram_wrapper/zynq_fsbl/zynq_fsbl_bsp/system.mss|system||

TRACE::2024-07-26.15:02:33::SCWMssOS::Sw design exists and opened at  /home/kike/Desktop/marvin/marvin/pynq_z2_bram_wrapper/zynq_fsbl/zynq_fsbl_bsp/system.mss
TRACE::2024-07-26.15:02:33::SCWReader::No isolation master present  
TRACE::2024-07-26.15:02:33::SCWDomain::checking for install qemu data   : 
TRACE::2024-07-26.15:02:33::SCWDomain:: Using the QEMU Data from install at  : /tools/Xilinx/Vitis/2024.1/data/emulation/platforms/zynq/sw/a9_standalone/qemu/
TRACE::2024-07-26.15:02:33::SCWDomain:: Using the QEMU args  from install at  : /tools/Xilinx/Vitis/2024.1/data/emulation/platforms/zynq/sw/a9_standalone/qemu/qemu_args.txt
TRACE::2024-07-26.15:02:33::SCWPlatform::Trying to open the hw design at /home/kike/Desktop/marvin/marvin/pynq_z2_bram_wrapper/hw/pynq_z2_bram_wrapper.xsa
TRACE::2024-07-26.15:02:33::SCWPlatform::DSA given /home/kike/Desktop/marvin/marvin/pynq_z2_bram_wrapper/hw/pynq_z2_bram_wrapper.xsa
TRACE::2024-07-26.15:02:33::SCWPlatform::DSA absoulate path /home/kike/Desktop/marvin/marvin/pynq_z2_bram_wrapper/hw/pynq_z2_bram_wrapper.xsa
TRACE::2024-07-26.15:02:33::SCWPlatform::DSA directory /home/kike/Desktop/marvin/marvin/pynq_z2_bram_wrapper/hw
TRACE::2024-07-26.15:02:33::SCWPlatform:: Platform Path /home/kike/Desktop/marvin/marvin/pynq_z2_bram_wrapper/hw/pynq_z2_bram_wrapper.xsa
TRACE::2024-07-26.15:02:33::SCWPlatform:: Unique name xilinx:pynq-z2::0.0
TRACE::2024-07-26.15:02:33::SCWPlatform::Trying to set the existing hwdb with name pynq_z2_bram_wrapper_0
TRACE::2024-07-26.15:02:33::SCWPlatform::Opened existing hwdb pynq_z2_bram_wrapper_0
TRACE::2024-07-26.15:02:33::SCWPlatform::Found the Hw Db part of the input DSA
TRACE::2024-07-26.15:02:33::SCWPlatform::Trying to open the hw design at /home/kike/Desktop/marvin/marvin/pynq_z2_bram_wrapper/hw/pynq_z2_bram_wrapper.xsa
TRACE::2024-07-26.15:02:33::SCWPlatform::DSA given /home/kike/Desktop/marvin/marvin/pynq_z2_bram_wrapper/hw/pynq_z2_bram_wrapper.xsa
TRACE::2024-07-26.15:02:33::SCWPlatform::DSA absoulate path /home/kike/Desktop/marvin/marvin/pynq_z2_bram_wrapper/hw/pynq_z2_bram_wrapper.xsa
TRACE::2024-07-26.15:02:33::SCWPlatform::DSA directory /home/kike/Desktop/marvin/marvin/pynq_z2_bram_wrapper/hw
TRACE::2024-07-26.15:02:33::SCWPlatform:: Platform Path /home/kike/Desktop/marvin/marvin/pynq_z2_bram_wrapper/hw/pynq_z2_bram_wrapper.xsa
TRACE::2024-07-26.15:02:33::SCWPlatform:: Unique name xilinx:pynq-z2::0.0
TRACE::2024-07-26.15:02:33::SCWPlatform::Trying to set the existing hwdb with name pynq_z2_bram_wrapper_0
TRACE::2024-07-26.15:02:33::SCWPlatform::Opened existing hwdb pynq_z2_bram_wrapper_0
TRACE::2024-07-26.15:02:33::SCWPlatform::Found the Hw Db part of the input DSA
TRACE::2024-07-26.15:02:33::SCWPlatform::Trying to open the hw design at /home/kike/Desktop/marvin/marvin/pynq_z2_bram_wrapper/hw/pynq_z2_bram_wrapper.xsa
TRACE::2024-07-26.15:02:33::SCWPlatform::DSA given /home/kike/Desktop/marvin/marvin/pynq_z2_bram_wrapper/hw/pynq_z2_bram_wrapper.xsa
TRACE::2024-07-26.15:02:33::SCWPlatform::DSA absoulate path /home/kike/Desktop/marvin/marvin/pynq_z2_bram_wrapper/hw/pynq_z2_bram_wrapper.xsa
TRACE::2024-07-26.15:02:33::SCWPlatform::DSA directory /home/kike/Desktop/marvin/marvin/pynq_z2_bram_wrapper/hw
TRACE::2024-07-26.15:02:33::SCWPlatform:: Platform Path /home/kike/Desktop/marvin/marvin/pynq_z2_bram_wrapper/hw/pynq_z2_bram_wrapper.xsa
TRACE::2024-07-26.15:02:33::SCWPlatform:: Unique name xilinx:pynq-z2::0.0
TRACE::2024-07-26.15:02:33::SCWPlatform::Trying to set the existing hwdb with name pynq_z2_bram_wrapper_0
TRACE::2024-07-26.15:02:33::SCWPlatform::Opened existing hwdb pynq_z2_bram_wrapper_0
TRACE::2024-07-26.15:02:33::SCWPlatform::Found the Hw Db part of the input DSA
TRACE::2024-07-26.15:02:33::SCWMssOS::Checking the sw design at  /home/kike/Desktop/marvin/marvin/pynq_z2_bram_wrapper/ps7_cortexa9_0/freertos10_xilinx_ps7_cortexa9_0/bsp/system.mss
TRACE::2024-07-26.15:02:33::SCWMssOS::DEBUG:  swdes dump  /home/kike/Desktop/marvin/marvin/pynq_z2_bram_wrapper/zynq_fsbl/zynq_fsbl_bsp/system.mss|system||

TRACE::2024-07-26.15:02:33::SCWMssOS::No sw design opened at  /home/kike/Desktop/marvin/marvin/pynq_z2_bram_wrapper/ps7_cortexa9_0/freertos10_xilinx_ps7_cortexa9_0/bsp/system.mss
TRACE::2024-07-26.15:02:33::SCWMssOS::mss exists loading the mss file  /home/kike/Desktop/marvin/marvin/pynq_z2_bram_wrapper/ps7_cortexa9_0/freertos10_xilinx_ps7_cortexa9_0/bsp/system.mss
TRACE::2024-07-26.15:02:33::SCWMssOS::Opened the sw design from mss  /home/kike/Desktop/marvin/marvin/pynq_z2_bram_wrapper/ps7_cortexa9_0/freertos10_xilinx_ps7_cortexa9_0/bsp/system.mss
TRACE::2024-07-26.15:02:33::SCWMssOS::Adding the swdes entry /home/kike/Desktop/marvin/marvin/pynq_z2_bram_wrapper/ps7_cortexa9_0/freertos10_xilinx_ps7_cortexa9_0/bsp/system.mss with des name system_0
TRACE::2024-07-26.15:02:33::SCWMssOS::updating the scw layer about changes
TRACE::2024-07-26.15:02:33::SCWMssOS::Opened the sw design.  /home/kike/Desktop/marvin/marvin/pynq_z2_bram_wrapper/ps7_cortexa9_0/freertos10_xilinx_ps7_cortexa9_0/bsp/system.mss
TRACE::2024-07-26.15:02:33::SCWPlatform::Trying to open the hw design at /home/kike/Desktop/marvin/marvin/pynq_z2_bram_wrapper/hw/pynq_z2_bram_wrapper.xsa
TRACE::2024-07-26.15:02:33::SCWPlatform::DSA given /home/kike/Desktop/marvin/marvin/pynq_z2_bram_wrapper/hw/pynq_z2_bram_wrapper.xsa
TRACE::2024-07-26.15:02:33::SCWPlatform::DSA absoulate path /home/kike/Desktop/marvin/marvin/pynq_z2_bram_wrapper/hw/pynq_z2_bram_wrapper.xsa
TRACE::2024-07-26.15:02:33::SCWPlatform::DSA directory /home/kike/Desktop/marvin/marvin/pynq_z2_bram_wrapper/hw
TRACE::2024-07-26.15:02:33::SCWPlatform:: Platform Path /home/kike/Desktop/marvin/marvin/pynq_z2_bram_wrapper/hw/pynq_z2_bram_wrapper.xsa
TRACE::2024-07-26.15:02:33::SCWPlatform:: Unique name xilinx:pynq-z2::0.0
TRACE::2024-07-26.15:02:33::SCWPlatform::Trying to set the existing hwdb with name pynq_z2_bram_wrapper_0
TRACE::2024-07-26.15:02:33::SCWPlatform::Opened existing hwdb pynq_z2_bram_wrapper_0
TRACE::2024-07-26.15:02:33::SCWPlatform::Found the Hw Db part of the input DSA
TRACE::2024-07-26.15:02:33::SCWMssOS::Checking the sw design at  /home/kike/Desktop/marvin/marvin/pynq_z2_bram_wrapper/ps7_cortexa9_0/freertos10_xilinx_ps7_cortexa9_0/bsp/system.mss
TRACE::2024-07-26.15:02:33::SCWMssOS::DEBUG:  swdes dump  /home/kike/Desktop/marvin/marvin/pynq_z2_bram_wrapper/ps7_cortexa9_0/freertos10_xilinx_ps7_cortexa9_0/bsp/system.mss|system_0||
/home/kike/Desktop/marvin/marvin/pynq_z2_bram_wrapper/zynq_fsbl/zynq_fsbl_bsp/system.mss|system||

TRACE::2024-07-26.15:02:33::SCWMssOS::Sw design exists and opened at  /home/kike/Desktop/marvin/marvin/pynq_z2_bram_wrapper/ps7_cortexa9_0/freertos10_xilinx_ps7_cortexa9_0/bsp/system.mss
TRACE::2024-07-26.15:02:33::SCWMssOS:: library already available in sw design:  xiltimer:2.0
TRACE::2024-07-26.15:02:33::SCWPlatform::Trying to open the hw design at /home/kike/Desktop/marvin/marvin/pynq_z2_bram_wrapper/hw/pynq_z2_bram_wrapper.xsa
TRACE::2024-07-26.15:02:33::SCWPlatform::DSA given /home/kike/Desktop/marvin/marvin/pynq_z2_bram_wrapper/hw/pynq_z2_bram_wrapper.xsa
TRACE::2024-07-26.15:02:33::SCWPlatform::DSA absoulate path /home/kike/Desktop/marvin/marvin/pynq_z2_bram_wrapper/hw/pynq_z2_bram_wrapper.xsa
TRACE::2024-07-26.15:02:33::SCWPlatform::DSA directory /home/kike/Desktop/marvin/marvin/pynq_z2_bram_wrapper/hw
TRACE::2024-07-26.15:02:33::SCWPlatform:: Platform Path /home/kike/Desktop/marvin/marvin/pynq_z2_bram_wrapper/hw/pynq_z2_bram_wrapper.xsa
TRACE::2024-07-26.15:02:33::SCWPlatform:: Unique name xilinx:pynq-z2::0.0
TRACE::2024-07-26.15:02:33::SCWPlatform::Trying to set the existing hwdb with name pynq_z2_bram_wrapper_0
TRACE::2024-07-26.15:02:33::SCWPlatform::Opened existing hwdb pynq_z2_bram_wrapper_0
TRACE::2024-07-26.15:02:33::SCWPlatform::Found the Hw Db part of the input DSA
TRACE::2024-07-26.15:02:33::SCWMssOS::Checking the sw design at  /home/kike/Desktop/marvin/marvin/pynq_z2_bram_wrapper/ps7_cortexa9_0/freertos10_xilinx_ps7_cortexa9_0/bsp/system.mss
TRACE::2024-07-26.15:02:33::SCWMssOS::DEBUG:  swdes dump  /home/kike/Desktop/marvin/marvin/pynq_z2_bram_wrapper/ps7_cortexa9_0/freertos10_xilinx_ps7_cortexa9_0/bsp/system.mss|system_0||
/home/kike/Desktop/marvin/marvin/pynq_z2_bram_wrapper/zynq_fsbl/zynq_fsbl_bsp/system.mss|system||

TRACE::2024-07-26.15:02:33::SCWMssOS::Sw design exists and opened at  /home/kike/Desktop/marvin/marvin/pynq_z2_bram_wrapper/ps7_cortexa9_0/freertos10_xilinx_ps7_cortexa9_0/bsp/system.mss
TRACE::2024-07-26.15:02:33::SCWPlatform::Trying to open the hw design at /home/kike/Desktop/marvin/marvin/pynq_z2_bram_wrapper/hw/pynq_z2_bram_wrapper.xsa
TRACE::2024-07-26.15:02:33::SCWPlatform::DSA given /home/kike/Desktop/marvin/marvin/pynq_z2_bram_wrapper/hw/pynq_z2_bram_wrapper.xsa
TRACE::2024-07-26.15:02:33::SCWPlatform::DSA absoulate path /home/kike/Desktop/marvin/marvin/pynq_z2_bram_wrapper/hw/pynq_z2_bram_wrapper.xsa
TRACE::2024-07-26.15:02:33::SCWPlatform::DSA directory /home/kike/Desktop/marvin/marvin/pynq_z2_bram_wrapper/hw
TRACE::2024-07-26.15:02:33::SCWPlatform:: Platform Path /home/kike/Desktop/marvin/marvin/pynq_z2_bram_wrapper/hw/pynq_z2_bram_wrapper.xsa
TRACE::2024-07-26.15:02:33::SCWPlatform:: Unique name xilinx:pynq-z2::0.0
TRACE::2024-07-26.15:02:33::SCWPlatform::Trying to set the existing hwdb with name pynq_z2_bram_wrapper_0
TRACE::2024-07-26.15:02:33::SCWPlatform::Opened existing hwdb pynq_z2_bram_wrapper_0
TRACE::2024-07-26.15:02:33::SCWPlatform::Found the Hw Db part of the input DSA
TRACE::2024-07-26.15:02:33::SCWMssOS::Checking the sw design at  /home/kike/Desktop/marvin/marvin/pynq_z2_bram_wrapper/ps7_cortexa9_0/freertos10_xilinx_ps7_cortexa9_0/bsp/system.mss
TRACE::2024-07-26.15:02:33::SCWMssOS::DEBUG:  swdes dump  /home/kike/Desktop/marvin/marvin/pynq_z2_bram_wrapper/ps7_cortexa9_0/freertos10_xilinx_ps7_cortexa9_0/bsp/system.mss|system_0||
/home/kike/Desktop/marvin/marvin/pynq_z2_bram_wrapper/zynq_fsbl/zynq_fsbl_bsp/system.mss|system||

TRACE::2024-07-26.15:02:33::SCWMssOS::Sw design exists and opened at  /home/kike/Desktop/marvin/marvin/pynq_z2_bram_wrapper/ps7_cortexa9_0/freertos10_xilinx_ps7_cortexa9_0/bsp/system.mss
TRACE::2024-07-26.15:02:33::SCWMssOS::Saving the mss changes /home/kike/Desktop/marvin/marvin/pynq_z2_bram_wrapper/ps7_cortexa9_0/freertos10_xilinx_ps7_cortexa9_0/bsp/system.mss
TRACE::2024-07-26.15:02:33::SCWMssOS::Found a swdesign opened with the mssfile.
TRACE::2024-07-26.15:02:33::SCWMssOS::Completed writemss as part of save.
TRACE::2024-07-26.15:02:33::SCWMssOS::Commit changes completed.
TRACE::2024-07-26.15:02:33::SCWReader::Adding prebuilt librarypaths as   
TRACE::2024-07-26.15:02:33::SCWReader::Adding prebuilt incpaths  as   
TRACE::2024-07-26.15:02:33::SCWPlatform::Trying to open the hw design at /home/kike/Desktop/marvin/marvin/pynq_z2_bram_wrapper/hw/pynq_z2_bram_wrapper.xsa
TRACE::2024-07-26.15:02:33::SCWPlatform::DSA given /home/kike/Desktop/marvin/marvin/pynq_z2_bram_wrapper/hw/pynq_z2_bram_wrapper.xsa
TRACE::2024-07-26.15:02:33::SCWPlatform::DSA absoulate path /home/kike/Desktop/marvin/marvin/pynq_z2_bram_wrapper/hw/pynq_z2_bram_wrapper.xsa
TRACE::2024-07-26.15:02:33::SCWPlatform::DSA directory /home/kike/Desktop/marvin/marvin/pynq_z2_bram_wrapper/hw
TRACE::2024-07-26.15:02:33::SCWPlatform:: Platform Path /home/kike/Desktop/marvin/marvin/pynq_z2_bram_wrapper/hw/pynq_z2_bram_wrapper.xsa
TRACE::2024-07-26.15:02:33::SCWPlatform:: Unique name xilinx:pynq-z2::0.0
TRACE::2024-07-26.15:02:33::SCWPlatform::Trying to set the existing hwdb with name pynq_z2_bram_wrapper_0
TRACE::2024-07-26.15:02:33::SCWPlatform::Opened existing hwdb pynq_z2_bram_wrapper_0
TRACE::2024-07-26.15:02:33::SCWPlatform::Found the Hw Db part of the input DSA
TRACE::2024-07-26.15:02:33::SCWMssOS::Checking the sw design at  /home/kike/Desktop/marvin/marvin/pynq_z2_bram_wrapper/ps7_cortexa9_0/freertos10_xilinx_ps7_cortexa9_0/bsp/system.mss
TRACE::2024-07-26.15:02:33::SCWMssOS::DEBUG:  swdes dump  /home/kike/Desktop/marvin/marvin/pynq_z2_bram_wrapper/ps7_cortexa9_0/freertos10_xilinx_ps7_cortexa9_0/bsp/system.mss|system_0||
/home/kike/Desktop/marvin/marvin/pynq_z2_bram_wrapper/zynq_fsbl/zynq_fsbl_bsp/system.mss|system||

TRACE::2024-07-26.15:02:33::SCWMssOS::Sw design exists and opened at  /home/kike/Desktop/marvin/marvin/pynq_z2_bram_wrapper/ps7_cortexa9_0/freertos10_xilinx_ps7_cortexa9_0/bsp/system.mss
TRACE::2024-07-26.15:02:33::SCWReader::No isolation master present  
LOG::2024-07-26.15:02:33::SCWPlatform::Started generating the artifacts platform pynq_z2_bram_wrapper
TRACE::2024-07-26.15:02:33::SCWPlatform::Sanity checking of platform is completed
LOG::2024-07-26.15:02:33::SCWPlatform::Started generating the artifacts for system configuration pynq_z2_bram_wrapper
LOG::2024-07-26.15:02:33::SCWSystem::Checking the domain zynq_fsbl
LOG::2024-07-26.15:02:33::SCWSystem::Doing application build for :  zynq_fsbl
TRACE::2024-07-26.15:02:33::SCWBDomain::Not a forced makefile updation, No changes are present. 
TRACE::2024-07-26.15:02:33::SCWDomain::Building the domain as part of full build :  zynq_fsbl
TRACE::2024-07-26.15:02:33::SCWPlatform::Trying to open the hw design at /home/kike/Desktop/marvin/marvin/pynq_z2_bram_wrapper/hw/pynq_z2_bram_wrapper.xsa
TRACE::2024-07-26.15:02:33::SCWPlatform::DSA given /home/kike/Desktop/marvin/marvin/pynq_z2_bram_wrapper/hw/pynq_z2_bram_wrapper.xsa
TRACE::2024-07-26.15:02:33::SCWPlatform::DSA absoulate path /home/kike/Desktop/marvin/marvin/pynq_z2_bram_wrapper/hw/pynq_z2_bram_wrapper.xsa
TRACE::2024-07-26.15:02:33::SCWPlatform::DSA directory /home/kike/Desktop/marvin/marvin/pynq_z2_bram_wrapper/hw
TRACE::2024-07-26.15:02:33::SCWPlatform:: Platform Path /home/kike/Desktop/marvin/marvin/pynq_z2_bram_wrapper/hw/pynq_z2_bram_wrapper.xsa
TRACE::2024-07-26.15:02:33::SCWPlatform:: Unique name xilinx:pynq-z2::0.0
TRACE::2024-07-26.15:02:33::SCWPlatform::Trying to set the existing hwdb with name pynq_z2_bram_wrapper_0
TRACE::2024-07-26.15:02:33::SCWPlatform::Opened existing hwdb pynq_z2_bram_wrapper_0
TRACE::2024-07-26.15:02:33::SCWPlatform::Found the Hw Db part of the input DSA
TRACE::2024-07-26.15:02:33::SCWMssOS::Checking the sw design at  /home/kike/Desktop/marvin/marvin/pynq_z2_bram_wrapper/zynq_fsbl/zynq_fsbl_bsp/system.mss
TRACE::2024-07-26.15:02:33::SCWMssOS::DEBUG:  swdes dump  /home/kike/Desktop/marvin/marvin/pynq_z2_bram_wrapper/ps7_cortexa9_0/freertos10_xilinx_ps7_cortexa9_0/bsp/system.mss|system_0||
/home/kike/Desktop/marvin/marvin/pynq_z2_bram_wrapper/zynq_fsbl/zynq_fsbl_bsp/system.mss|system||

TRACE::2024-07-26.15:02:33::SCWMssOS::Sw design exists and opened at  /home/kike/Desktop/marvin/marvin/pynq_z2_bram_wrapper/zynq_fsbl/zynq_fsbl_bsp/system.mss
TRACE::2024-07-26.15:02:33::SCWBDomain::Completed writing the mss file at /home/kike/Desktop/marvin/marvin/pynq_z2_bram_wrapper/zynq_fsbl/zynq_fsbl_bsp
TRACE::2024-07-26.15:02:33::SCWBDomain::bsp generated is upto date with the mss file. Skipping bsp generation.
TRACE::2024-07-26.15:02:33::SCWBDomain::Not a forced makefile updation, No changes are present. 
TRACE::2024-07-26.15:02:33::SCWBDomain::System Command Ran  cd  /home/kike/Desktop/marvin/marvin/pynq_z2_bram_wrapper/zynq_fsbl ; bash -c " make -C zynq_fsbl_bsp ; make  " 
TRACE::2024-07-26.15:02:33::SCWBDomain::make: Entering directory '/home/kike/Desktop/marvin/marvin/pynq_z2_bram_wrapper/zynq_fsbl/zynq_fsbl_bsp'

TRACE::2024-07-26.15:02:33::SCWBDomain::make --no-print-directory seq_libs

TRACE::2024-07-26.15:02:33::SCWBDomain::Running Make include in ps7_cortexa9_0/libsrc/bram_v4_10/src

TRACE::2024-07-26.15:02:33::SCWBDomain::make -C ps7_cortexa9_0/libsrc/bram_v4_10/src -s include  "SHELL=/bin/sh" "COMPILER=arm-none-eabi-gcc" "ASSEMBLER=arm-none-eabi-
TRACE::2024-07-26.15:02:33::SCWBDomain::as" "ARCHIVER=arm-none-eabi-ar" "COMPILER_FLAGS=  -O2 -c" "EXTRA_COMPILER_FLAGS=-mcpu=cortex-a9 -mfpu=vfpv3 -mfloat-abi=hard -n
TRACE::2024-07-26.15:02:33::SCWBDomain::ostartfiles -g -Wall -Wextra -fno-tree-loop-distribute-patterns"

TRACE::2024-07-26.15:02:33::SCWBDomain::Running Make include in ps7_cortexa9_0/libsrc/coresightps_dcc_v1_10/src

TRACE::2024-07-26.15:02:33::SCWBDomain::make -C ps7_cortexa9_0/libsrc/coresightps_dcc_v1_10/src -s include  "SHELL=/bin/sh" "COMPILER=arm-none-eabi-gcc" "ASSEMBLER=arm
TRACE::2024-07-26.15:02:33::SCWBDomain::-none-eabi-as" "ARCHIVER=arm-none-eabi-ar" "COMPILER_FLAGS=  -O2 -c" "EXTRA_COMPILER_FLAGS=-mcpu=cortex-a9 -mfpu=vfpv3 -mfloat-
TRACE::2024-07-26.15:02:33::SCWBDomain::abi=hard -nostartfiles -g -Wall -Wextra -fno-tree-loop-distribute-patterns"

TRACE::2024-07-26.15:02:33::SCWBDomain::Running Make include in ps7_cortexa9_0/libsrc/cpu_cortexa9_v2_12/src

TRACE::2024-07-26.15:02:33::SCWBDomain::make -C ps7_cortexa9_0/libsrc/cpu_cortexa9_v2_12/src -s include  "SHELL=/bin/sh" "COMPILER=arm-none-eabi-gcc" "ASSEMBLER=arm-no
TRACE::2024-07-26.15:02:33::SCWBDomain::ne-eabi-as" "ARCHIVER=arm-none-eabi-ar" "COMPILER_FLAGS=  -O2 -c" "EXTRA_COMPILER_FLAGS=-mcpu=cortex-a9 -mfpu=vfpv3 -mfloat-abi
TRACE::2024-07-26.15:02:33::SCWBDomain::=hard -nostartfiles -g -Wall -Wextra -fno-tree-loop-distribute-patterns"

TRACE::2024-07-26.15:02:33::SCWBDomain::Running Make include in ps7_cortexa9_0/libsrc/ddrps_v1_2/src

TRACE::2024-07-26.15:02:33::SCWBDomain::make -C ps7_cortexa9_0/libsrc/ddrps_v1_2/src -s include  "SHELL=/bin/sh" "COMPILER=arm-none-eabi-gcc" "ASSEMBLER=arm-none-eabi-
TRACE::2024-07-26.15:02:33::SCWBDomain::as" "ARCHIVER=arm-none-eabi-ar" "COMPILER_FLAGS=  -O2 -c" "EXTRA_COMPILER_FLAGS=-mcpu=cortex-a9 -mfpu=vfpv3 -mfloat-abi=hard -n
TRACE::2024-07-26.15:02:33::SCWBDomain::ostartfiles -g -Wall -Wextra -fno-tree-loop-distribute-patterns"

TRACE::2024-07-26.15:02:33::SCWBDomain::Running Make include in ps7_cortexa9_0/libsrc/devcfg_v3_8/src

TRACE::2024-07-26.15:02:33::SCWBDomain::make -C ps7_cortexa9_0/libsrc/devcfg_v3_8/src -s include  "SHELL=/bin/sh" "COMPILER=arm-none-eabi-gcc" "ASSEMBLER=arm-none-eabi
TRACE::2024-07-26.15:02:33::SCWBDomain::-as" "ARCHIVER=arm-none-eabi-ar" "COMPILER_FLAGS=  -O2 -c" "EXTRA_COMPILER_FLAGS=-mcpu=cortex-a9 -mfpu=vfpv3 -mfloat-abi=hard -
TRACE::2024-07-26.15:02:33::SCWBDomain::nostartfiles -g -Wall -Wextra -fno-tree-loop-distribute-patterns"

TRACE::2024-07-26.15:02:33::SCWBDomain::Running Make include in ps7_cortexa9_0/libsrc/dmaps_v2_10/src

TRACE::2024-07-26.15:02:33::SCWBDomain::make -C ps7_cortexa9_0/libsrc/dmaps_v2_10/src -s include  "SHELL=/bin/sh" "COMPILER=arm-none-eabi-gcc" "ASSEMBLER=arm-none-eabi
TRACE::2024-07-26.15:02:33::SCWBDomain::-as" "ARCHIVER=arm-none-eabi-ar" "COMPILER_FLAGS=  -O2 -c" "EXTRA_COMPILER_FLAGS=-mcpu=cortex-a9 -mfpu=vfpv3 -mfloat-abi=hard -
TRACE::2024-07-26.15:02:33::SCWBDomain::nostartfiles -g -Wall -Wextra -fno-tree-loop-distribute-patterns"

TRACE::2024-07-26.15:02:33::SCWBDomain::Running Make include in ps7_cortexa9_0/libsrc/emacps_v3_20/src

TRACE::2024-07-26.15:02:33::SCWBDomain::make -C ps7_cortexa9_0/libsrc/emacps_v3_20/src -s include  "SHELL=/bin/sh" "COMPILER=arm-none-eabi-gcc" "ASSEMBLER=arm-none-eab
TRACE::2024-07-26.15:02:33::SCWBDomain::i-as" "ARCHIVER=arm-none-eabi-ar" "COMPILER_FLAGS=  -O2 -c" "EXTRA_COMPILER_FLAGS=-mcpu=cortex-a9 -mfpu=vfpv3 -mfloat-abi=hard 
TRACE::2024-07-26.15:02:33::SCWBDomain::-nostartfiles -g -Wall -Wextra -fno-tree-loop-distribute-patterns"

TRACE::2024-07-26.15:02:33::SCWBDomain::Running Make include in ps7_cortexa9_0/libsrc/gpiops_v3_13/src

TRACE::2024-07-26.15:02:33::SCWBDomain::make -C ps7_cortexa9_0/libsrc/gpiops_v3_13/src -s include  "SHELL=/bin/sh" "COMPILER=arm-none-eabi-gcc" "ASSEMBLER=arm-none-eab
TRACE::2024-07-26.15:02:33::SCWBDomain::i-as" "ARCHIVER=arm-none-eabi-ar" "COMPILER_FLAGS=  -O2 -c" "EXTRA_COMPILER_FLAGS=-mcpu=cortex-a9 -mfpu=vfpv3 -mfloat-abi=hard 
TRACE::2024-07-26.15:02:33::SCWBDomain::-nostartfiles -g -Wall -Wextra -fno-tree-loop-distribute-patterns"

TRACE::2024-07-26.15:02:33::SCWBDomain::Running Make include in ps7_cortexa9_0/libsrc/qspips_v3_12/src

TRACE::2024-07-26.15:02:33::SCWBDomain::make -C ps7_cortexa9_0/libsrc/qspips_v3_12/src -s include  "SHELL=/bin/sh" "COMPILER=arm-none-eabi-gcc" "ASSEMBLER=arm-none-eab
TRACE::2024-07-26.15:02:33::SCWBDomain::i-as" "ARCHIVER=arm-none-eabi-ar" "COMPILER_FLAGS=  -O2 -c" "EXTRA_COMPILER_FLAGS=-mcpu=cortex-a9 -mfpu=vfpv3 -mfloat-abi=hard 
TRACE::2024-07-26.15:02:33::SCWBDomain::-nostartfiles -g -Wall -Wextra -fno-tree-loop-distribute-patterns"

TRACE::2024-07-26.15:02:33::SCWBDomain::Running Make include in ps7_cortexa9_0/libsrc/scugic_v5_3/src

TRACE::2024-07-26.15:02:33::SCWBDomain::make -C ps7_cortexa9_0/libsrc/scugic_v5_3/src -s include  "SHELL=/bin/sh" "COMPILER=arm-none-eabi-gcc" "ASSEMBLER=arm-none-eabi
TRACE::2024-07-26.15:02:33::SCWBDomain::-as" "ARCHIVER=arm-none-eabi-ar" "COMPILER_FLAGS=  -O2 -c" "EXTRA_COMPILER_FLAGS=-mcpu=cortex-a9 -mfpu=vfpv3 -mfloat-abi=hard -
TRACE::2024-07-26.15:02:33::SCWBDomain::nostartfiles -g -Wall -Wextra -fno-tree-loop-distribute-patterns"

TRACE::2024-07-26.15:02:33::SCWBDomain::Running Make include in ps7_cortexa9_0/libsrc/scutimer_v2_6/src

TRACE::2024-07-26.15:02:33::SCWBDomain::make -C ps7_cortexa9_0/libsrc/scutimer_v2_6/src -s include  "SHELL=/bin/sh" "COMPILER=arm-none-eabi-gcc" "ASSEMBLER=arm-none-ea
TRACE::2024-07-26.15:02:33::SCWBDomain::bi-as" "ARCHIVER=arm-none-eabi-ar" "COMPILER_FLAGS=  -O2 -c" "EXTRA_COMPILER_FLAGS=-mcpu=cortex-a9 -mfpu=vfpv3 -mfloat-abi=hard
TRACE::2024-07-26.15:02:33::SCWBDomain:: -nostartfiles -g -Wall -Wextra -fno-tree-loop-distribute-patterns"

TRACE::2024-07-26.15:02:33::SCWBDomain::Running Make include in ps7_cortexa9_0/libsrc/scuwdt_v2_5/src

TRACE::2024-07-26.15:02:33::SCWBDomain::make -C ps7_cortexa9_0/libsrc/scuwdt_v2_5/src -s include  "SHELL=/bin/sh" "COMPILER=arm-none-eabi-gcc" "ASSEMBLER=arm-none-eabi
TRACE::2024-07-26.15:02:33::SCWBDomain::-as" "ARCHIVER=arm-none-eabi-ar" "COMPILER_FLAGS=  -O2 -c" "EXTRA_COMPILER_FLAGS=-mcpu=cortex-a9 -mfpu=vfpv3 -mfloat-abi=hard -
TRACE::2024-07-26.15:02:33::SCWBDomain::nostartfiles -g -Wall -Wextra -fno-tree-loop-distribute-patterns"

TRACE::2024-07-26.15:02:33::SCWBDomain::Running Make include in ps7_cortexa9_0/libsrc/sdps_v4_3/src

TRACE::2024-07-26.15:02:33::SCWBDomain::make -C ps7_cortexa9_0/libsrc/sdps_v4_3/src -s include  "SHELL=/bin/sh" "COMPILER=arm-none-eabi-gcc" "ASSEMBLER=arm-none-eabi-a
TRACE::2024-07-26.15:02:33::SCWBDomain::s" "ARCHIVER=arm-none-eabi-ar" "COMPILER_FLAGS=  -O2 -c" "EXTRA_COMPILER_FLAGS=-mcpu=cortex-a9 -mfpu=vfpv3 -mfloat-abi=hard -no
TRACE::2024-07-26.15:02:33::SCWBDomain::startfiles -g -Wall -Wextra -fno-tree-loop-distribute-patterns"

TRACE::2024-07-26.15:02:33::SCWBDomain::Running Make include in ps7_cortexa9_0/libsrc/standalone_v9_1/src

TRACE::2024-07-26.15:02:33::SCWBDomain::make -C ps7_cortexa9_0/libsrc/standalone_v9_1/src -s include  "SHELL=/bin/sh" "COMPILER=arm-none-eabi-gcc" "ASSEMBLER=arm-none-
TRACE::2024-07-26.15:02:33::SCWBDomain::eabi-as" "ARCHIVER=arm-none-eabi-ar" "COMPILER_FLAGS=  -O2 -c" "EXTRA_COMPILER_FLAGS=-mcpu=cortex-a9 -mfpu=vfpv3 -mfloat-abi=ha
TRACE::2024-07-26.15:02:33::SCWBDomain::rd -nostartfiles -g -Wall -Wextra -fno-tree-loop-distribute-patterns"

TRACE::2024-07-26.15:02:33::SCWBDomain::Running Make include in ps7_cortexa9_0/libsrc/uartps_v3_14/src

TRACE::2024-07-26.15:02:33::SCWBDomain::make -C ps7_cortexa9_0/libsrc/uartps_v3_14/src -s include  "SHELL=/bin/sh" "COMPILER=arm-none-eabi-gcc" "ASSEMBLER=arm-none-eab
TRACE::2024-07-26.15:02:33::SCWBDomain::i-as" "ARCHIVER=arm-none-eabi-ar" "COMPILER_FLAGS=  -O2 -c" "EXTRA_COMPILER_FLAGS=-mcpu=cortex-a9 -mfpu=vfpv3 -mfloat-abi=hard 
TRACE::2024-07-26.15:02:33::SCWBDomain::-nostartfiles -g -Wall -Wextra -fno-tree-loop-distribute-patterns"

TRACE::2024-07-26.15:02:33::SCWBDomain::Running Make include in ps7_cortexa9_0/libsrc/usbps_v2_9/src

TRACE::2024-07-26.15:02:33::SCWBDomain::make -C ps7_cortexa9_0/libsrc/usbps_v2_9/src -s include  "SHELL=/bin/sh" "COMPILER=arm-none-eabi-gcc" "ASSEMBLER=arm-none-eabi-
TRACE::2024-07-26.15:02:33::SCWBDomain::as" "ARCHIVER=arm-none-eabi-ar" "COMPILER_FLAGS=  -O2 -c" "EXTRA_COMPILER_FLAGS=-mcpu=cortex-a9 -mfpu=vfpv3 -mfloat-abi=hard -n
TRACE::2024-07-26.15:02:33::SCWBDomain::ostartfiles -g -Wall -Wextra -fno-tree-loop-distribute-patterns"

TRACE::2024-07-26.15:02:33::SCWBDomain::Running Make include in ps7_cortexa9_0/libsrc/xadcps_v2_7/src

TRACE::2024-07-26.15:02:33::SCWBDomain::make -C ps7_cortexa9_0/libsrc/xadcps_v2_7/src -s include  "SHELL=/bin/sh" "COMPILER=arm-none-eabi-gcc" "ASSEMBLER=arm-none-eabi
TRACE::2024-07-26.15:02:33::SCWBDomain::-as" "ARCHIVER=arm-none-eabi-ar" "COMPILER_FLAGS=  -O2 -c" "EXTRA_COMPILER_FLAGS=-mcpu=cortex-a9 -mfpu=vfpv3 -mfloat-abi=hard -
TRACE::2024-07-26.15:02:33::SCWBDomain::nostartfiles -g -Wall -Wextra -fno-tree-loop-distribute-patterns"

TRACE::2024-07-26.15:02:33::SCWBDomain::Running Make include in ps7_cortexa9_0/libsrc/xilffs_v5_2/src

TRACE::2024-07-26.15:02:33::SCWBDomain::make -C ps7_cortexa9_0/libsrc/xilffs_v5_2/src -s include  "SHELL=/bin/sh" "COMPILER=arm-none-eabi-gcc" "ASSEMBLER=arm-none-eabi
TRACE::2024-07-26.15:02:33::SCWBDomain::-as" "ARCHIVER=arm-none-eabi-ar" "COMPILER_FLAGS=  -O2 -c" "EXTRA_COMPILER_FLAGS=-mcpu=cortex-a9 -mfpu=vfpv3 -mfloat-abi=hard -
TRACE::2024-07-26.15:02:33::SCWBDomain::nostartfiles -g -Wall -Wextra -fno-tree-loop-distribute-patterns"

TRACE::2024-07-26.15:02:33::SCWBDomain::Running Make include in ps7_cortexa9_0/libsrc/xilrsa_v1_8/src

TRACE::2024-07-26.15:02:33::SCWBDomain::make -C ps7_cortexa9_0/libsrc/xilrsa_v1_8/src -s include  "SHELL=/bin/sh" "COMPILER=arm-none-eabi-gcc" "ASSEMBLER=arm-none-eabi
TRACE::2024-07-26.15:02:33::SCWBDomain::-as" "ARCHIVER=arm-none-eabi-ar" "COMPILER_FLAGS=  -O2 -c" "EXTRA_COMPILER_FLAGS=-mcpu=cortex-a9 -mfpu=vfpv3 -mfloat-abi=hard -
TRACE::2024-07-26.15:02:33::SCWBDomain::nostartfiles -g -Wall -Wextra -fno-tree-loop-distribute-patterns"

TRACE::2024-07-26.15:02:33::SCWBDomain::Running Make libs in ps7_cortexa9_0/libsrc/xilrsa_v1_8/src

TRACE::2024-07-26.15:02:33::SCWBDomain::make -C ps7_cortexa9_0/libsrc/xilrsa_v1_8/src -s libs  "SHELL=/bin/sh" "COMPILER=arm-none-eabi-gcc" "ASSEMBLER=arm-none-eabi-as
TRACE::2024-07-26.15:02:33::SCWBDomain::" "ARCHIVER=arm-none-eabi-ar" "COMPILER_FLAGS=  -O2 -c" "EXTRA_COMPILER_FLAGS=-mcpu=cortex-a9 -mfpu=vfpv3 -mfloat-abi=hard -nos
TRACE::2024-07-26.15:02:33::SCWBDomain::tartfiles -g -Wall -Wextra -fno-tree-loop-distribute-patterns"

TRACE::2024-07-26.15:02:33::SCWBDomain::Finished building libraries sequentially.

TRACE::2024-07-26.15:02:33::SCWBDomain::make -j 10 --no-print-directory par_libs

TRACE::2024-07-26.15:02:33::SCWBDomain::Running Make include in ps7_cortexa9_0/libsrc/bram_v4_10/src

TRACE::2024-07-26.15:02:33::SCWBDomain::make -C ps7_cortexa9_0/libsrc/bram_v4_10/src -s include  "SHELL=/bin/sh" "COMPILER=arm-none-eabi-gcc" "ASSEMBLER=arm-none-eabi-
TRACE::2024-07-26.15:02:33::SCWBDomain::as" "ARCHIVER=arm-none-eabi-ar" "COMPILER_FLAGS=  -O2 -c" "EXTRA_COMPILER_FLAGS=-mcpu=cortex-a9 -mfpu=vfpv3 -mfloat-abi=hard -n
TRACE::2024-07-26.15:02:33::SCWBDomain::ostartfiles -g -Wall -Wextra -fno-tree-loop-distribute-patterns"

TRACE::2024-07-26.15:02:33::SCWBDomain::Running Make include in ps7_cortexa9_0/libsrc/cpu_cortexa9_v2_12/src

TRACE::2024-07-26.15:02:33::SCWBDomain::Running Make include in ps7_cortexa9_0/libsrc/coresightps_dcc_v1_10/src

TRACE::2024-07-26.15:02:33::SCWBDomain::make -C ps7_cortexa9_0/libsrc/coresightps_dcc_v1_10/src -s include  "SHELL=/bin/sh" "COMPILER=arm-none-eabi-gcc" "ASSEMBLER=arm
TRACE::2024-07-26.15:02:33::SCWBDomain::-none-eabi-as" "ARCHIVER=arm-none-eabi-ar" "COMPILER_FLAGS=  -O2 -c" "EXTRA_COMPILER_FLAGS=-mcpu=cortex-a9 -mfpu=vfpv3 -mfloat-
TRACE::2024-07-26.15:02:33::SCWBDomain::abi=hard -nostartfiles -g -Wall -Wextra -fno-tree-loop-distribute-patterns"

TRACE::2024-07-26.15:02:33::SCWBDomain::make -C ps7_cortexa9_0/libsrc/cpu_cortexa9_v2_12/src -s include  "SHELL=/bin/sh" "COMPILER=arm-none-eabi-gcc" "ASSEMBLER=arm-no
TRACE::2024-07-26.15:02:33::SCWBDomain::ne-eabi-as" "ARCHIVER=arm-none-eabi-ar" "COMPILER_FLAGS=  -O2 -c" "EXTRA_COMPILER_FLAGS=-mcpu=cortex-a9 -mfpu=vfpv3 -mfloat-abi
TRACE::2024-07-26.15:02:33::SCWBDomain::=hard -nostartfiles -g -Wall -Wextra -fno-tree-loop-distribute-patterns"

TRACE::2024-07-26.15:02:33::SCWBDomain::Running Make include in ps7_cortexa9_0/libsrc/ddrps_v1_2/src

TRACE::2024-07-26.15:02:33::SCWBDomain::make -C ps7_cortexa9_0/libsrc/ddrps_v1_2/src -s include  "SHELL=/bin/sh" "COMPILER=arm-none-eabi-gcc" "ASSEMBLER=arm-none-eabi-
TRACE::2024-07-26.15:02:33::SCWBDomain::as" "ARCHIVER=arm-none-eabi-ar" "COMPILER_FLAGS=  -O2 -c" "EXTRA_COMPILER_FLAGS=-mcpu=cortex-a9 -mfpu=vfpv3 -mfloat-abi=hard -n
TRACE::2024-07-26.15:02:33::SCWBDomain::ostartfiles -g -Wall -Wextra -fno-tree-loop-distribute-patterns"

TRACE::2024-07-26.15:02:33::SCWBDomain::Running Make include in ps7_cortexa9_0/libsrc/devcfg_v3_8/src

TRACE::2024-07-26.15:02:33::SCWBDomain::make -C ps7_cortexa9_0/libsrc/devcfg_v3_8/src -s include  "SHELL=/bin/sh" "COMPILER=arm-none-eabi-gcc" "ASSEMBLER=arm-none-eabi
TRACE::2024-07-26.15:02:33::SCWBDomain::-as" "ARCHIVER=arm-none-eabi-ar" "COMPILER_FLAGS=  -O2 -c" "EXTRA_COMPILER_FLAGS=-mcpu=cortex-a9 -mfpu=vfpv3 -mfloat-abi=hard -
TRACE::2024-07-26.15:02:33::SCWBDomain::nostartfiles -g -Wall -Wextra -fno-tree-loop-distribute-patterns"

TRACE::2024-07-26.15:02:33::SCWBDomain::Running Make include in ps7_cortexa9_0/libsrc/dmaps_v2_10/src

TRACE::2024-07-26.15:02:33::SCWBDomain::make -C ps7_cortexa9_0/libsrc/dmaps_v2_10/src -s include  "SHELL=/bin/sh" "COMPILER=arm-none-eabi-gcc" "ASSEMBLER=arm-none-eabi
TRACE::2024-07-26.15:02:33::SCWBDomain::-as" "ARCHIVER=arm-none-eabi-ar" "COMPILER_FLAGS=  -O2 -c" "EXTRA_COMPILER_FLAGS=-mcpu=cortex-a9 -mfpu=vfpv3 -mfloat-abi=hard -
TRACE::2024-07-26.15:02:33::SCWBDomain::nostartfiles -g -Wall -Wextra -fno-tree-loop-distribute-patterns"

TRACE::2024-07-26.15:02:33::SCWBDomain::Running Make include in ps7_cortexa9_0/libsrc/emacps_v3_20/src

TRACE::2024-07-26.15:02:33::SCWBDomain::make -C ps7_cortexa9_0/libsrc/emacps_v3_20/src -s include  "SHELL=/bin/sh" "COMPILER=arm-none-eabi-gcc" "ASSEMBLER=arm-none-eab
TRACE::2024-07-26.15:02:33::SCWBDomain::i-as" "ARCHIVER=arm-none-eabi-ar" "COMPILER_FLAGS=  -O2 -c" "EXTRA_COMPILER_FLAGS=-mcpu=cortex-a9 -mfpu=vfpv3 -mfloat-abi=hard 
TRACE::2024-07-26.15:02:33::SCWBDomain::-nostartfiles -g -Wall -Wextra -fno-tree-loop-distribute-patterns"

TRACE::2024-07-26.15:02:33::SCWBDomain::Running Make include in ps7_cortexa9_0/libsrc/gpiops_v3_13/src

TRACE::2024-07-26.15:02:33::SCWBDomain::make -C ps7_cortexa9_0/libsrc/gpiops_v3_13/src -s include  "SHELL=/bin/sh" "COMPILER=arm-none-eabi-gcc" "ASSEMBLER=arm-none-eab
TRACE::2024-07-26.15:02:33::SCWBDomain::i-as" "ARCHIVER=arm-none-eabi-ar" "COMPILER_FLAGS=  -O2 -c" "EXTRA_COMPILER_FLAGS=-mcpu=cortex-a9 -mfpu=vfpv3 -mfloat-abi=hard 
TRACE::2024-07-26.15:02:33::SCWBDomain::-nostartfiles -g -Wall -Wextra -fno-tree-loop-distribute-patterns"

TRACE::2024-07-26.15:02:33::SCWBDomain::Running Make include in ps7_cortexa9_0/libsrc/qspips_v3_12/src

TRACE::2024-07-26.15:02:33::SCWBDomain::make -C ps7_cortexa9_0/libsrc/qspips_v3_12/src -s include  "SHELL=/bin/sh" "COMPILER=arm-none-eabi-gcc" "ASSEMBLER=arm-none-eab
TRACE::2024-07-26.15:02:33::SCWBDomain::i-as" "ARCHIVER=arm-none-eabi-ar" "COMPILER_FLAGS=  -O2 -c" "EXTRA_COMPILER_FLAGS=-mcpu=cortex-a9 -mfpu=vfpv3 -mfloat-abi=hard 
TRACE::2024-07-26.15:02:33::SCWBDomain::-nostartfiles -g -Wall -Wextra -fno-tree-loop-distribute-patterns"

TRACE::2024-07-26.15:02:33::SCWBDomain::Running Make include in ps7_cortexa9_0/libsrc/scugic_v5_3/src

TRACE::2024-07-26.15:02:33::SCWBDomain::make -C ps7_cortexa9_0/libsrc/scugic_v5_3/src -s include  "SHELL=/bin/sh" "COMPILER=arm-none-eabi-gcc" "ASSEMBLER=arm-none-eabi
TRACE::2024-07-26.15:02:33::SCWBDomain::-as" "ARCHIVER=arm-none-eabi-ar" "COMPILER_FLAGS=  -O2 -c" "EXTRA_COMPILER_FLAGS=-mcpu=cortex-a9 -mfpu=vfpv3 -mfloat-abi=hard -
TRACE::2024-07-26.15:02:33::SCWBDomain::nostartfiles -g -Wall -Wextra -fno-tree-loop-distribute-patterns"

TRACE::2024-07-26.15:02:33::SCWBDomain::Running Make include in ps7_cortexa9_0/libsrc/scutimer_v2_6/src

TRACE::2024-07-26.15:02:33::SCWBDomain::Running Make include in ps7_cortexa9_0/libsrc/scuwdt_v2_5/src

TRACE::2024-07-26.15:02:33::SCWBDomain::make -C ps7_cortexa9_0/libsrc/scutimer_v2_6/src -s include  "SHELL=/bin/sh" "COMPILER=arm-none-eabi-gcc" "ASSEMBLER=arm-none-ea
TRACE::2024-07-26.15:02:33::SCWBDomain::bi-as" "ARCHIVER=arm-none-eabi-ar" "COMPILER_FLAGS=  -O2 -c" "EXTRA_COMPILER_FLAGS=-mcpu=cortex-a9 -mfpu=vfpv3 -mfloat-abi=hard
TRACE::2024-07-26.15:02:33::SCWBDomain:: -nostartfiles -g -Wall -Wextra -fno-tree-loop-distribute-patterns"

TRACE::2024-07-26.15:02:33::SCWBDomain::Running Make include in ps7_cortexa9_0/libsrc/standalone_v9_1/src

TRACE::2024-07-26.15:02:33::SCWBDomain::make -C ps7_cortexa9_0/libsrc/scuwdt_v2_5/src -s include  "SHELL=/bin/sh" "COMPILER=arm-none-eabi-gcc" "ASSEMBLER=arm-none-eabi
TRACE::2024-07-26.15:02:33::SCWBDomain::-as" "ARCHIVER=arm-none-eabi-ar" "COMPILER_FLAGS=  -O2 -c" "EXTRA_COMPILER_FLAGS=-mcpu=cortex-a9 -mfpu=vfpv3 -mfloat-abi=hard -
TRACE::2024-07-26.15:02:33::SCWBDomain::nostartfiles -g -Wall -Wextra -fno-tree-loop-distribute-patterns"

TRACE::2024-07-26.15:02:33::SCWBDomain::Running Make include in ps7_cortexa9_0/libsrc/sdps_v4_3/src

TRACE::2024-07-26.15:02:33::SCWBDomain::make -C ps7_cortexa9_0/libsrc/sdps_v4_3/src -s include  "SHELL=/bin/sh" "COMPILER=arm-none-eabi-gcc" "ASSEMBLER=arm-none-eabi-a
TRACE::2024-07-26.15:02:33::SCWBDomain::s" "ARCHIVER=arm-none-eabi-ar" "COMPILER_FLAGS=  -O2 -c" "EXTRA_COMPILER_FLAGS=-mcpu=cortex-a9 -mfpu=vfpv3 -mfloat-abi=hard -no
TRACE::2024-07-26.15:02:33::SCWBDomain::startfiles -g -Wall -Wextra -fno-tree-loop-distribute-patterns"

TRACE::2024-07-26.15:02:33::SCWBDomain::make -C ps7_cortexa9_0/libsrc/standalone_v9_1/src -s include  "SHELL=/bin/sh" "COMPILER=arm-none-eabi-gcc" "ASSEMBLER=arm-none-
TRACE::2024-07-26.15:02:33::SCWBDomain::eabi-as" "ARCHIVER=arm-none-eabi-ar" "COMPILER_FLAGS=  -O2 -c" "EXTRA_COMPILER_FLAGS=-mcpu=cortex-a9 -mfpu=vfpv3 -mfloat-abi=ha
TRACE::2024-07-26.15:02:33::SCWBDomain::rd -nostartfiles -g -Wall -Wextra -fno-tree-loop-distribute-patterns"

TRACE::2024-07-26.15:02:33::SCWBDomain::Running Make include in ps7_cortexa9_0/libsrc/uartps_v3_14/src

TRACE::2024-07-26.15:02:33::SCWBDomain::Running Make include in ps7_cortexa9_0/libsrc/usbps_v2_9/src

TRACE::2024-07-26.15:02:33::SCWBDomain::make -C ps7_cortexa9_0/libsrc/uartps_v3_14/src -s include  "SHELL=/bin/sh" "COMPILER=arm-none-eabi-gcc" "ASSEMBLER=arm-none-eab
TRACE::2024-07-26.15:02:33::SCWBDomain::i-as" "ARCHIVER=arm-none-eabi-ar" "COMPILER_FLAGS=  -O2 -c" "EXTRA_COMPILER_FLAGS=-mcpu=cortex-a9 -mfpu=vfpv3 -mfloat-abi=hard 
TRACE::2024-07-26.15:02:33::SCWBDomain::-nostartfiles -g -Wall -Wextra -fno-tree-loop-distribute-patterns"

TRACE::2024-07-26.15:02:33::SCWBDomain::make -C ps7_cortexa9_0/libsrc/usbps_v2_9/src -s include  "SHELL=/bin/sh" "COMPILER=arm-none-eabi-gcc" "ASSEMBLER=arm-none-eabi-
TRACE::2024-07-26.15:02:33::SCWBDomain::as" "ARCHIVER=arm-none-eabi-ar" "COMPILER_FLAGS=  -O2 -c" "EXTRA_COMPILER_FLAGS=-mcpu=cortex-a9 -mfpu=vfpv3 -mfloat-abi=hard -n
TRACE::2024-07-26.15:02:33::SCWBDomain::ostartfiles -g -Wall -Wextra -fno-tree-loop-distribute-patterns"

TRACE::2024-07-26.15:02:33::SCWBDomain::Running Make include in ps7_cortexa9_0/libsrc/xadcps_v2_7/src

TRACE::2024-07-26.15:02:33::SCWBDomain::make -C ps7_cortexa9_0/libsrc/xadcps_v2_7/src -s include  "SHELL=/bin/sh" "COMPILER=arm-none-eabi-gcc" "ASSEMBLER=arm-none-eabi
TRACE::2024-07-26.15:02:33::SCWBDomain::-as" "ARCHIVER=arm-none-eabi-ar" "COMPILER_FLAGS=  -O2 -c" "EXTRA_COMPILER_FLAGS=-mcpu=cortex-a9 -mfpu=vfpv3 -mfloat-abi=hard -
TRACE::2024-07-26.15:02:33::SCWBDomain::nostartfiles -g -Wall -Wextra -fno-tree-loop-distribute-patterns"

TRACE::2024-07-26.15:02:33::SCWBDomain::Running Make include in ps7_cortexa9_0/libsrc/xilffs_v5_2/src

TRACE::2024-07-26.15:02:33::SCWBDomain::make -C ps7_cortexa9_0/libsrc/xilffs_v5_2/src -s include  "SHELL=/bin/sh" "COMPILER=arm-none-eabi-gcc" "ASSEMBLER=arm-none-eabi
TRACE::2024-07-26.15:02:33::SCWBDomain::-as" "ARCHIVER=arm-none-eabi-ar" "COMPILER_FLAGS=  -O2 -c" "EXTRA_COMPILER_FLAGS=-mcpu=cortex-a9 -mfpu=vfpv3 -mfloat-abi=hard -
TRACE::2024-07-26.15:02:33::SCWBDomain::nostartfiles -g -Wall -Wextra -fno-tree-loop-distribute-patterns"

TRACE::2024-07-26.15:02:33::SCWBDomain::Running Make include in ps7_cortexa9_0/libsrc/xilrsa_v1_8/src

TRACE::2024-07-26.15:02:33::SCWBDomain::make -C ps7_cortexa9_0/libsrc/xilrsa_v1_8/src -s include  "SHELL=/bin/sh" "COMPILER=arm-none-eabi-gcc" "ASSEMBLER=arm-none-eabi
TRACE::2024-07-26.15:02:33::SCWBDomain::-as" "ARCHIVER=arm-none-eabi-ar" "COMPILER_FLAGS=  -O2 -c" "EXTRA_COMPILER_FLAGS=-mcpu=cortex-a9 -mfpu=vfpv3 -mfloat-abi=hard -
TRACE::2024-07-26.15:02:33::SCWBDomain::nostartfiles -g -Wall -Wextra -fno-tree-loop-distribute-patterns"

TRACE::2024-07-26.15:02:33::SCWBDomain::Running Make libs in ps7_cortexa9_0/libsrc/bram_v4_10/src

TRACE::2024-07-26.15:02:33::SCWBDomain::make -C ps7_cortexa9_0/libsrc/bram_v4_10/src -s libs  "SHELL=/bin/sh" "COMPILER=arm-none-eabi-gcc" "ASSEMBLER=arm-none-eabi-as"
TRACE::2024-07-26.15:02:33::SCWBDomain:: "ARCHIVER=arm-none-eabi-ar" "COMPILER_FLAGS=  -O2 -c" "EXTRA_COMPILER_FLAGS=-mcpu=cortex-a9 -mfpu=vfpv3 -mfloat-abi=hard -nost
TRACE::2024-07-26.15:02:33::SCWBDomain::artfiles -g -Wall -Wextra -fno-tree-loop-distribute-patterns"

TRACE::2024-07-26.15:02:33::SCWBDomain::Running Make libs in ps7_cortexa9_0/libsrc/coresightps_dcc_v1_10/src

TRACE::2024-07-26.15:02:33::SCWBDomain::Running Make libs in ps7_cortexa9_0/libsrc/cpu_cortexa9_v2_12/src

TRACE::2024-07-26.15:02:33::SCWBDomain::make -C ps7_cortexa9_0/libsrc/coresightps_dcc_v1_10/src -s libs  "SHELL=/bin/sh" "COMPILER=arm-none-eabi-gcc" "ASSEMBLER=arm-no
TRACE::2024-07-26.15:02:33::SCWBDomain::ne-eabi-as" "ARCHIVER=arm-none-eabi-ar" "COMPILER_FLAGS=  -O2 -c" "EXTRA_COMPILER_FLAGS=-mcpu=cortex-a9 -mfpu=vfpv3 -mfloat-abi
TRACE::2024-07-26.15:02:33::SCWBDomain::=hard -nostartfiles -g -Wall -Wextra -fno-tree-loop-distribute-patterns"

TRACE::2024-07-26.15:02:33::SCWBDomain::Running Make libs in ps7_cortexa9_0/libsrc/ddrps_v1_2/src

TRACE::2024-07-26.15:02:33::SCWBDomain::make -C ps7_cortexa9_0/libsrc/cpu_cortexa9_v2_12/src -s libs  "SHELL=/bin/sh" "COMPILER=arm-none-eabi-gcc" "ASSEMBLER=arm-none-
TRACE::2024-07-26.15:02:33::SCWBDomain::eabi-as" "ARCHIVER=arm-none-eabi-ar" "COMPILER_FLAGS=  -O2 -c" "EXTRA_COMPILER_FLAGS=-mcpu=cortex-a9 -mfpu=vfpv3 -mfloat-abi=ha
TRACE::2024-07-26.15:02:33::SCWBDomain::rd -nostartfiles -g -Wall -Wextra -fno-tree-loop-distribute-patterns"

TRACE::2024-07-26.15:02:33::SCWBDomain::make -C ps7_cortexa9_0/libsrc/ddrps_v1_2/src -s libs  "SHELL=/bin/sh" "COMPILER=arm-none-eabi-gcc" "ASSEMBLER=arm-none-eabi-as"
TRACE::2024-07-26.15:02:33::SCWBDomain:: "ARCHIVER=arm-none-eabi-ar" "COMPILER_FLAGS=  -O2 -c" "EXTRA_COMPILER_FLAGS=-mcpu=cortex-a9 -mfpu=vfpv3 -mfloat-abi=hard -nost
TRACE::2024-07-26.15:02:33::SCWBDomain::artfiles -g -Wall -Wextra -fno-tree-loop-distribute-patterns"

TRACE::2024-07-26.15:02:33::SCWBDomain::Running Make libs in ps7_cortexa9_0/libsrc/devcfg_v3_8/src

TRACE::2024-07-26.15:02:33::SCWBDomain::make -C ps7_cortexa9_0/libsrc/devcfg_v3_8/src -s libs  "SHELL=/bin/sh" "COMPILER=arm-none-eabi-gcc" "ASSEMBLER=arm-none-eabi-as
TRACE::2024-07-26.15:02:33::SCWBDomain::" "ARCHIVER=arm-none-eabi-ar" "COMPILER_FLAGS=  -O2 -c" "EXTRA_COMPILER_FLAGS=-mcpu=cortex-a9 -mfpu=vfpv3 -mfloat-abi=hard -nos
TRACE::2024-07-26.15:02:33::SCWBDomain::tartfiles -g -Wall -Wextra -fno-tree-loop-distribute-patterns"

TRACE::2024-07-26.15:02:33::SCWBDomain::Running Make libs in ps7_cortexa9_0/libsrc/dmaps_v2_10/src

TRACE::2024-07-26.15:02:33::SCWBDomain::make -C ps7_cortexa9_0/libsrc/dmaps_v2_10/src -s libs  "SHELL=/bin/sh" "COMPILER=arm-none-eabi-gcc" "ASSEMBLER=arm-none-eabi-as
TRACE::2024-07-26.15:02:33::SCWBDomain::" "ARCHIVER=arm-none-eabi-ar" "COMPILER_FLAGS=  -O2 -c" "EXTRA_COMPILER_FLAGS=-mcpu=cortex-a9 -mfpu=vfpv3 -mfloat-abi=hard -nos
TRACE::2024-07-26.15:02:33::SCWBDomain::tartfiles -g -Wall -Wextra -fno-tree-loop-distribute-patterns"

TRACE::2024-07-26.15:02:33::SCWBDomain::Running Make libs in ps7_cortexa9_0/libsrc/emacps_v3_20/src

TRACE::2024-07-26.15:02:33::SCWBDomain::make -C ps7_cortexa9_0/libsrc/emacps_v3_20/src -s libs  "SHELL=/bin/sh" "COMPILER=arm-none-eabi-gcc" "ASSEMBLER=arm-none-eabi-a
TRACE::2024-07-26.15:02:33::SCWBDomain::s" "ARCHIVER=arm-none-eabi-ar" "COMPILER_FLAGS=  -O2 -c" "EXTRA_COMPILER_FLAGS=-mcpu=cortex-a9 -mfpu=vfpv3 -mfloat-abi=hard -no
TRACE::2024-07-26.15:02:33::SCWBDomain::startfiles -g -Wall -Wextra -fno-tree-loop-distribute-patterns"

TRACE::2024-07-26.15:02:33::SCWBDomain::Running Make libs in ps7_cortexa9_0/libsrc/gpiops_v3_13/src

TRACE::2024-07-26.15:02:33::SCWBDomain::Running Make libs in ps7_cortexa9_0/libsrc/qspips_v3_12/src

TRACE::2024-07-26.15:02:33::SCWBDomain::Running Make libs in ps7_cortexa9_0/libsrc/scugic_v5_3/src

TRACE::2024-07-26.15:02:33::SCWBDomain::Running Make libs in ps7_cortexa9_0/libsrc/scutimer_v2_6/src

TRACE::2024-07-26.15:02:33::SCWBDomain::make -C ps7_cortexa9_0/libsrc/gpiops_v3_13/src -s libs  "SHELL=/bin/sh" "COMPILER=arm-none-eabi-gcc" "ASSEMBLER=arm-none-eabi-a
TRACE::2024-07-26.15:02:33::SCWBDomain::s" "ARCHIVER=arm-none-eabi-ar" "COMPILER_FLAGS=  -O2 -c" "EXTRA_COMPILER_FLAGS=-mcpu=cortex-a9 -mfpu=vfpv3 -mfloat-abi=hard -no
TRACE::2024-07-26.15:02:33::SCWBDomain::startfiles -g -Wall -Wextra -fno-tree-loop-distribute-patterns"

TRACE::2024-07-26.15:02:33::SCWBDomain::make -C ps7_cortexa9_0/libsrc/qspips_v3_12/src -s libs  "SHELL=/bin/sh" "COMPILER=arm-none-eabi-gcc" "ASSEMBLER=arm-none-eabi-a
TRACE::2024-07-26.15:02:33::SCWBDomain::s" "ARCHIVER=arm-none-eabi-ar" "COMPILER_FLAGS=  -O2 -c" "EXTRA_COMPILER_FLAGS=-mcpu=cortex-a9 -mfpu=vfpv3 -mfloat-abi=hard -no
TRACE::2024-07-26.15:02:33::SCWBDomain::startfiles -g -Wall -Wextra -fno-tree-loop-distribute-patterns"

TRACE::2024-07-26.15:02:33::SCWBDomain::Running Make libs in ps7_cortexa9_0/libsrc/scuwdt_v2_5/src

TRACE::2024-07-26.15:02:33::SCWBDomain::make -C ps7_cortexa9_0/libsrc/scugic_v5_3/src -s libs  "SHELL=/bin/sh" "COMPILER=arm-none-eabi-gcc" "ASSEMBLER=arm-none-eabi-as
TRACE::2024-07-26.15:02:33::SCWBDomain::" "ARCHIVER=arm-none-eabi-ar" "COMPILER_FLAGS=  -O2 -c" "EXTRA_COMPILER_FLAGS=-mcpu=cortex-a9 -mfpu=vfpv3 -mfloat-abi=hard -nos
TRACE::2024-07-26.15:02:33::SCWBDomain::tartfiles -g -Wall -Wextra -fno-tree-loop-distribute-patterns"

TRACE::2024-07-26.15:02:33::SCWBDomain::Running Make libs in ps7_cortexa9_0/libsrc/sdps_v4_3/src

TRACE::2024-07-26.15:02:33::SCWBDomain::make -C ps7_cortexa9_0/libsrc/scutimer_v2_6/src -s libs  "SHELL=/bin/sh" "COMPILER=arm-none-eabi-gcc" "ASSEMBLER=arm-none-eabi-
TRACE::2024-07-26.15:02:33::SCWBDomain::as" "ARCHIVER=arm-none-eabi-ar" "COMPILER_FLAGS=  -O2 -c" "EXTRA_COMPILER_FLAGS=-mcpu=cortex-a9 -mfpu=vfpv3 -mfloat-abi=hard -n
TRACE::2024-07-26.15:02:33::SCWBDomain::ostartfiles -g -Wall -Wextra -fno-tree-loop-distribute-patterns"

TRACE::2024-07-26.15:02:33::SCWBDomain::make -C ps7_cortexa9_0/libsrc/scuwdt_v2_5/src -s libs  "SHELL=/bin/sh" "COMPILER=arm-none-eabi-gcc" "ASSEMBLER=arm-none-eabi-as
TRACE::2024-07-26.15:02:33::SCWBDomain::" "ARCHIVER=arm-none-eabi-ar" "COMPILER_FLAGS=  -O2 -c" "EXTRA_COMPILER_FLAGS=-mcpu=cortex-a9 -mfpu=vfpv3 -mfloat-abi=hard -nos
TRACE::2024-07-26.15:02:33::SCWBDomain::tartfiles -g -Wall -Wextra -fno-tree-loop-distribute-patterns"

TRACE::2024-07-26.15:02:33::SCWBDomain::make -C ps7_cortexa9_0/libsrc/sdps_v4_3/src -s libs  "SHELL=/bin/sh" "COMPILER=arm-none-eabi-gcc" "ASSEMBLER=arm-none-eabi-as" 
TRACE::2024-07-26.15:02:33::SCWBDomain::"ARCHIVER=arm-none-eabi-ar" "COMPILER_FLAGS=  -O2 -c" "EXTRA_COMPILER_FLAGS=-mcpu=cortex-a9 -mfpu=vfpv3 -mfloat-abi=hard -nosta
TRACE::2024-07-26.15:02:33::SCWBDomain::rtfiles -g -Wall -Wextra -fno-tree-loop-distribute-patterns"

TRACE::2024-07-26.15:02:33::SCWBDomain::Running Make libs in ps7_cortexa9_0/libsrc/standalone_v9_1/src

TRACE::2024-07-26.15:02:33::SCWBDomain::make -C ps7_cortexa9_0/libsrc/standalone_v9_1/src -s libs  "SHELL=/bin/sh" "COMPILER=arm-none-eabi-gcc" "ASSEMBLER=arm-none-eab
TRACE::2024-07-26.15:02:33::SCWBDomain::i-as" "ARCHIVER=arm-none-eabi-ar" "COMPILER_FLAGS=  -O2 -c" "EXTRA_COMPILER_FLAGS=-mcpu=cortex-a9 -mfpu=vfpv3 -mfloat-abi=hard 
TRACE::2024-07-26.15:02:33::SCWBDomain::-nostartfiles -g -Wall -Wextra -fno-tree-loop-distribute-patterns"

TRACE::2024-07-26.15:02:33::SCWBDomain::Running Make libs in ps7_cortexa9_0/libsrc/uartps_v3_14/src

TRACE::2024-07-26.15:02:33::SCWBDomain::make -C ps7_cortexa9_0/libsrc/uartps_v3_14/src -s libs  "SHELL=/bin/sh" "COMPILER=arm-none-eabi-gcc" "ASSEMBLER=arm-none-eabi-a
TRACE::2024-07-26.15:02:33::SCWBDomain::s" "ARCHIVER=arm-none-eabi-ar" "COMPILER_FLAGS=  -O2 -c" "EXTRA_COMPILER_FLAGS=-mcpu=cortex-a9 -mfpu=vfpv3 -mfloat-abi=hard -no
TRACE::2024-07-26.15:02:33::SCWBDomain::startfiles -g -Wall -Wextra -fno-tree-loop-distribute-patterns"

TRACE::2024-07-26.15:02:33::SCWBDomain::Running Make libs in ps7_cortexa9_0/libsrc/usbps_v2_9/src

TRACE::2024-07-26.15:02:33::SCWBDomain::make -C ps7_cortexa9_0/libsrc/usbps_v2_9/src -s libs  "SHELL=/bin/sh" "COMPILER=arm-none-eabi-gcc" "ASSEMBLER=arm-none-eabi-as"
TRACE::2024-07-26.15:02:33::SCWBDomain:: "ARCHIVER=arm-none-eabi-ar" "COMPILER_FLAGS=  -O2 -c" "EXTRA_COMPILER_FLAGS=-mcpu=cortex-a9 -mfpu=vfpv3 -mfloat-abi=hard -nost
TRACE::2024-07-26.15:02:33::SCWBDomain::artfiles -g -Wall -Wextra -fno-tree-loop-distribute-patterns"

TRACE::2024-07-26.15:02:33::SCWBDomain::Running Make libs in ps7_cortexa9_0/libsrc/xilffs_v5_2/src

TRACE::2024-07-26.15:02:33::SCWBDomain::Running Make libs in ps7_cortexa9_0/libsrc/xadcps_v2_7/src

TRACE::2024-07-26.15:02:33::SCWBDomain::make -C ps7_cortexa9_0/libsrc/xilffs_v5_2/src -s libs  "SHELL=/bin/sh" "COMPILER=arm-none-eabi-gcc" "ASSEMBLER=arm-none-eabi-as
TRACE::2024-07-26.15:02:33::SCWBDomain::" "ARCHIVER=arm-none-eabi-ar" "COMPILER_FLAGS=  -O2 -c" "EXTRA_COMPILER_FLAGS=-mcpu=cortex-a9 -mfpu=vfpv3 -mfloat-abi=hard -nos
TRACE::2024-07-26.15:02:33::SCWBDomain::tartfiles -g -Wall -Wextra -fno-tree-loop-distribute-patterns"

TRACE::2024-07-26.15:02:33::SCWBDomain::make -C ps7_cortexa9_0/libsrc/xadcps_v2_7/src -s libs  "SHELL=/bin/sh" "COMPILER=arm-none-eabi-gcc" "ASSEMBLER=arm-none-eabi-as
TRACE::2024-07-26.15:02:33::SCWBDomain::" "ARCHIVER=arm-none-eabi-ar" "COMPILER_FLAGS=  -O2 -c" "EXTRA_COMPILER_FLAGS=-mcpu=cortex-a9 -mfpu=vfpv3 -mfloat-abi=hard -nos
TRACE::2024-07-26.15:02:33::SCWBDomain::tartfiles -g -Wall -Wextra -fno-tree-loop-distribute-patterns"

TRACE::2024-07-26.15:02:33::SCWBDomain::Finished building libraries parallelly.

TRACE::2024-07-26.15:02:33::SCWBDomain::make --no-print-directory archive

TRACE::2024-07-26.15:02:33::SCWBDomain::arm-none-eabi-ar -r  ps7_cortexa9_0/lib/libxil.a ps7_cortexa9_0/lib/_exit.o ps7_cortexa9_0/lib/_open.o ps7_cortexa9_0/lib/_sbrk
TRACE::2024-07-26.15:02:33::SCWBDomain::.o ps7_cortexa9_0/lib/abort.o ps7_cortexa9_0/lib/asm_vectors.o ps7_cortexa9_0/lib/boot.o ps7_cortexa9_0/lib/close.o ps7_cortexa
TRACE::2024-07-26.15:02:33::SCWBDomain::9_0/lib/cpputest_time.o ps7_cortexa9_0/lib/cpu_init.o ps7_cortexa9_0/lib/errno.o ps7_cortexa9_0/lib/fcntl.o ps7_cortexa9_0/lib/
TRACE::2024-07-26.15:02:33::SCWBDomain::fstat.o ps7_cortexa9_0/lib/getentropy.o ps7_cortexa9_0/lib/getpid.o ps7_cortexa9_0/lib/inbyte.o ps7_cortexa9_0/lib/isatty.o ps7
TRACE::2024-07-26.15:02:33::SCWBDomain::_cortexa9_0/lib/kill.o ps7_cortexa9_0/lib/lseek.o ps7_cortexa9_0/lib/open.o ps7_cortexa9_0/lib/outbyte.o ps7_cortexa9_0/lib/pri
TRACE::2024-07-26.15:02:33::SCWBDomain::nt.o ps7_cortexa9_0/lib/putnum.o ps7_cortexa9_0/lib/read.o ps7_cortexa9_0/lib/sbrk.o ps7_cortexa9_0/lib/sleep.o ps7_cortexa9_0/
TRACE::2024-07-26.15:02:33::SCWBDomain::lib/time.o ps7_cortexa9_0/lib/translation_table.o ps7_cortexa9_0/lib/unlink.o ps7_cortexa9_0/lib/usleep.o ps7_cortexa9_0/lib/ve
TRACE::2024-07-26.15:02:33::SCWBDomain::ctors.o ps7_cortexa9_0/lib/write.o ps7_cortexa9_0/lib/xadcps.o ps7_cortexa9_0/lib/xadcps_g.o ps7_cortexa9_0/lib/xadcps_intr.o p
TRACE::2024-07-26.15:02:33::SCWBDomain::s7_cortexa9_0/lib/xadcps_selftest.o ps7_cortexa9_0/lib/xadcps_sinit.o ps7_cortexa9_0/lib/xbram.o ps7_cortexa9_0/lib/xbram_g.o p
TRACE::2024-07-26.15:02:33::SCWBDomain::s7_cortexa9_0/lib/xbram_intr.o ps7_cortexa9_0/lib/xbram_selftest.o ps7_cortexa9_0/lib/xbram_sinit.o ps7_cortexa9_0/lib/xcoresig
TRACE::2024-07-26.15:02:33::SCWBDomain::htpsdcc.o ps7_cortexa9_0/lib/xdevcfg.o ps7_cortexa9_0/lib/xdevcfg_g.o ps7_cortexa9_0/lib/xdevcfg_hw.o ps7_cortexa9_0/lib/xdevcf
TRACE::2024-07-26.15:02:33::SCWBDomain::g_intr.o ps7_cortexa9_0/lib/xdevcfg_selftest.o ps7_cortexa9_0/lib/xdevcfg_sinit.o ps7_cortexa9_0/lib/xdmaps.o ps7_cortexa9_0/li
TRACE::2024-07-26.15:02:33::SCWBDomain::b/xdmaps_g.o ps7_cortexa9_0/lib/xdmaps_hw.o ps7_cortexa9_0/lib/xdmaps_selftest.o ps7_cortexa9_0/lib/xdmaps_sinit.o ps7_cortexa9
TRACE::2024-07-26.15:02:33::SCWBDomain::_0/lib/xemacps.o ps7_cortexa9_0/lib/xemacps_bdring.o ps7_cortexa9_0/lib/xemacps_control.o ps7_cortexa9_0/lib/xemacps_g.o ps7_co
TRACE::2024-07-26.15:02:33::SCWBDomain::rtexa9_0/lib/xemacps_hw.o ps7_cortexa9_0/lib/xemacps_intr.o ps7_cortexa9_0/lib/xemacps_sinit.o ps7_cortexa9_0/lib/xgpiops.o ps7
TRACE::2024-07-26.15:02:33::SCWBDomain::_cortexa9_0/lib/xgpiops_g.o ps7_cortexa9_0/lib/xgpiops_hw.o ps7_cortexa9_0/lib/xgpiops_intr.o ps7_cortexa9_0/lib/xgpiops_selfte
TRACE::2024-07-26.15:02:33::SCWBDomain::st.o ps7_cortexa9_0/lib/xgpiops_sinit.o ps7_cortexa9_0/lib/xil-crt0.o ps7_cortexa9_0/lib/xil_assert.o ps7_cortexa9_0/lib/xil_ca
TRACE::2024-07-26.15:02:33::SCWBDomain::che.o ps7_cortexa9_0/lib/xil_clocking.o ps7_cortexa9_0/lib/xil_exception.o ps7_cortexa9_0/lib/xil_mem.o ps7_cortexa9_0/lib/xil_
TRACE::2024-07-26.15:02:33::SCWBDomain::misc_psreset_api.o ps7_cortexa9_0/lib/xil_mmu.o ps7_cortexa9_0/lib/xil_printf.o ps7_cortexa9_0/lib/xil_sleepcommon.o ps7_cortex
TRACE::2024-07-26.15:02:33::SCWBDomain::a9_0/lib/xil_sleeptimer.o ps7_cortexa9_0/lib/xil_spinlock.o ps7_cortexa9_0/lib/xil_testcache.o ps7_cortexa9_0/lib/xil_testio.o 
TRACE::2024-07-26.15:02:33::SCWBDomain::ps7_cortexa9_0/lib/xil_testmem.o ps7_cortexa9_0/lib/xil_util.o ps7_cortexa9_0/lib/xinterrupt_wrap.o ps7_cortexa9_0/lib/xl2cc_co
TRACE::2024-07-26.15:02:33::SCWBDomain::unter.o ps7_cortexa9_0/lib/xplatform_info.o ps7_cortexa9_0/lib/xpm_counter.o ps7_cortexa9_0/lib/xpm_init.o ps7_cortexa9_0/lib/x
TRACE::2024-07-26.15:02:33::SCWBDomain::qspips.o ps7_cortexa9_0/lib/xqspips_g.o ps7_cortexa9_0/lib/xqspips_hw.o ps7_cortexa9_0/lib/xqspips_options.o ps7_cortexa9_0/lib
TRACE::2024-07-26.15:02:33::SCWBDomain::/xqspips_selftest.o ps7_cortexa9_0/lib/xqspips_sinit.o ps7_cortexa9_0/lib/xscugic.o ps7_cortexa9_0/lib/xscugic_g.o ps7_cortexa9
TRACE::2024-07-26.15:02:33::SCWBDomain::_0/lib/xscugic_hw.o ps7_cortexa9_0/lib/xscugic_intr.o ps7_cortexa9_0/lib/xscugic_selftest.o ps7_cortexa9_0/lib/xscugic_sinit.o 
TRACE::2024-07-26.15:02:33::SCWBDomain::ps7_cortexa9_0/lib/xscutimer.o ps7_cortexa9_0/lib/xscutimer_g.o ps7_cortexa9_0/lib/xscutimer_selftest.o ps7_cortexa9_0/lib/xscu
TRACE::2024-07-26.15:02:33::SCWBDomain::timer_sinit.o ps7_cortexa9_0/lib/xscuwdt.o ps7_cortexa9_0/lib/xscuwdt_g.o ps7_cortexa9_0/lib/xscuwdt_selftest.o ps7_cortexa9_0/
TRACE::2024-07-26.15:02:33::SCWBDomain::lib/xscuwdt_sinit.o ps7_cortexa9_0/lib/xsdps.o ps7_cortexa9_0/lib/xsdps_card.o ps7_cortexa9_0/lib/xsdps_g.o ps7_cortexa9_0/lib/
TRACE::2024-07-26.15:02:33::SCWBDomain::xsdps_host.o ps7_cortexa9_0/lib/xsdps_options.o ps7_cortexa9_0/lib/xsdps_sinit.o ps7_cortexa9_0/lib/xtime_l.o ps7_cortexa9_0/li
TRACE::2024-07-26.15:02:33::SCWBDomain::b/xuartps.o ps7_cortexa9_0/lib/xuartps_g.o ps7_cortexa9_0/lib/xuartps_hw.o ps7_cortexa9_0/lib/xuartps_intr.o ps7_cortexa9_0/lib
TRACE::2024-07-26.15:02:33::SCWBDomain::/xuartps_options.o ps7_cortexa9_0/lib/xuartps_selftest.o ps7_cortexa9_0/lib/xuartps_sinit.o ps7_cortexa9_0/lib/xusbps.o ps7_cor
TRACE::2024-07-26.15:02:33::SCWBDomain::texa9_0/lib/xusbps_endpoint.o ps7_cortexa9_0/lib/xusbps_g.o ps7_cortexa9_0/lib/xusbps_hw.o ps7_cortexa9_0/lib/xusbps_intr.o ps7
TRACE::2024-07-26.15:02:33::SCWBDomain::_cortexa9_0/lib/xusbps_sinit.o

TRACE::2024-07-26.15:02:34::SCWBDomain::Finished building libraries

TRACE::2024-07-26.15:02:34::SCWBDomain::make: Leaving directory '/home/kike/Desktop/marvin/marvin/pynq_z2_bram_wrapper/zynq_fsbl/zynq_fsbl_bsp'

TRACE::2024-07-26.15:02:34::SCWBDomain::arm-none-eabi-gcc -o fsbl.elf fsbl_handoff.o fsbl_hooks.o image_mover.o main.o md5.o nand.o nor.o pcap.o ps7_init.o qspi.o rsa.
TRACE::2024-07-26.15:02:34::SCWBDomain::o sd.o -MMD -MP       -mcpu=cortex-a9 -mfpu=vfpv3 -mfloat-abi=hard   -mcpu=cortex-a9 -mfpu=vfpv3 -mfloat-abi=hard -Wl,-build-id
TRACE::2024-07-26.15:02:34::SCWBDomain::=none -specs=Xilinx.spec  -lrsa -Wl,--start-group,-lxil,-lgcc,-lc,--end-group -Wl,--start-group,-lxilffs,-lxil,-lgcc,-lc,--end-
TRACE::2024-07-26.15:02:34::SCWBDomain::group -Wl,--start-group,-lrsa,-lxil,-lgcc,-lc,--end-group                                    -Wl,--gc-sections -Lzynq_fsbl_bsp/
TRACE::2024-07-26.15:02:34::SCWBDomain::ps7_cortexa9_0/lib -L./ -Tlscript.ld

LOG::2024-07-26.15:02:34::SCWSystem::Checking the domain freertos10_xilinx_ps7_cortexa9_0
LOG::2024-07-26.15:02:34::SCWSystem::Not a boot domain 
LOG::2024-07-26.15:02:34::SCWSystem::Started Processing the domain freertos10_xilinx_ps7_cortexa9_0
TRACE::2024-07-26.15:02:34::SCWDomain::Generating domain artifcats
TRACE::2024-07-26.15:02:34::SCWMssOS::Generating standalone artifcats
TRACE::2024-07-26.15:02:34::SCWMssOS::Copying the qemu file from  /home/kike/Desktop/marvin/marvin/pynq_z2_bram_wrapper/resources/pynq_z2_bram_wrapper/freertos10_xilinx_ps7_cortexa9_0/qemu_args.txt To /home/kike/Desktop/marvin/marvin/pynq_z2_bram_wrapper/export/pynq_z2_bram_wrapper/sw/pynq_z2_bram_wrapper/qemu/
TRACE::2024-07-26.15:02:34::SCWMssOS::Copying the qemu file from  /home/kike/Desktop/marvin/marvin/pynq_z2_bram_wrapper/resources/pynq_z2_bram_wrapper/freertos10_xilinx_ps7_cortexa9_0/qemu_args.txt To /home/kike/Desktop/marvin/marvin/pynq_z2_bram_wrapper/export/pynq_z2_bram_wrapper/sw/pynq_z2_bram_wrapper/freertos10_xilinx_ps7_cortexa9_0/qemu/
TRACE::2024-07-26.15:02:34::SCWMssOS:: Copying the user libraries. 
TRACE::2024-07-26.15:02:34::SCWPlatform::Trying to open the hw design at /home/kike/Desktop/marvin/marvin/pynq_z2_bram_wrapper/hw/pynq_z2_bram_wrapper.xsa
TRACE::2024-07-26.15:02:34::SCWPlatform::DSA given /home/kike/Desktop/marvin/marvin/pynq_z2_bram_wrapper/hw/pynq_z2_bram_wrapper.xsa
TRACE::2024-07-26.15:02:34::SCWPlatform::DSA absoulate path /home/kike/Desktop/marvin/marvin/pynq_z2_bram_wrapper/hw/pynq_z2_bram_wrapper.xsa
TRACE::2024-07-26.15:02:34::SCWPlatform::DSA directory /home/kike/Desktop/marvin/marvin/pynq_z2_bram_wrapper/hw
TRACE::2024-07-26.15:02:34::SCWPlatform:: Platform Path /home/kike/Desktop/marvin/marvin/pynq_z2_bram_wrapper/hw/pynq_z2_bram_wrapper.xsa
TRACE::2024-07-26.15:02:34::SCWPlatform:: Unique name xilinx:pynq-z2::0.0
TRACE::2024-07-26.15:02:34::SCWPlatform::Trying to set the existing hwdb with name pynq_z2_bram_wrapper_0
TRACE::2024-07-26.15:02:34::SCWPlatform::Opened existing hwdb pynq_z2_bram_wrapper_0
TRACE::2024-07-26.15:02:34::SCWPlatform::Found the Hw Db part of the input DSA
TRACE::2024-07-26.15:02:34::SCWMssOS::Checking the sw design at  /home/kike/Desktop/marvin/marvin/pynq_z2_bram_wrapper/ps7_cortexa9_0/freertos10_xilinx_ps7_cortexa9_0/bsp/system.mss
TRACE::2024-07-26.15:02:34::SCWMssOS::DEBUG:  swdes dump  /home/kike/Desktop/marvin/marvin/pynq_z2_bram_wrapper/ps7_cortexa9_0/freertos10_xilinx_ps7_cortexa9_0/bsp/system.mss|system_0||
/home/kike/Desktop/marvin/marvin/pynq_z2_bram_wrapper/zynq_fsbl/zynq_fsbl_bsp/system.mss|system||

TRACE::2024-07-26.15:02:34::SCWMssOS::Sw design exists and opened at  /home/kike/Desktop/marvin/marvin/pynq_z2_bram_wrapper/ps7_cortexa9_0/freertos10_xilinx_ps7_cortexa9_0/bsp/system.mss
TRACE::2024-07-26.15:02:34::SCWMssOS::Completed writing the mss file at /home/kike/Desktop/marvin/marvin/pynq_z2_bram_wrapper/ps7_cortexa9_0/freertos10_xilinx_ps7_cortexa9_0/bsp
TRACE::2024-07-26.15:02:34::SCWMssOS::Mss edits present, copying mssfile into export location /home/kike/Desktop/marvin/marvin/pynq_z2_bram_wrapper/ps7_cortexa9_0/freertos10_xilinx_ps7_cortexa9_0/bsp/system.mss
TRACE::2024-07-26.15:02:34::SCWMssOS::bsp generated is upto date with the mss file. Skipping bsp generation.
TRACE::2024-07-26.15:02:34::SCWMssOS::BSP is already built. skipping the bsp build ... 
TRACE::2024-07-26.15:02:34::SCWDomain::Building the domain as part of full build :  freertos10_xilinx_ps7_cortexa9_0
TRACE::2024-07-26.15:02:34::SCWMssOS::doing bsp build ... 
TRACE::2024-07-26.15:02:34::SCWMssOS::System Command Ran  cd  /home/kike/Desktop/marvin/marvin/pynq_z2_bram_wrapper/ps7_cortexa9_0/freertos10_xilinx_ps7_cortexa9_0/bsp ; bash -c "make  " 
TRACE::2024-07-26.15:02:34::SCWMssOS::make --no-print-directory seq_libs

TRACE::2024-07-26.15:02:34::SCWMssOS::Finished building libraries sequentially.

TRACE::2024-07-26.15:02:34::SCWMssOS::make -j 10 --no-print-directory par_libs

TRACE::2024-07-26.15:02:34::SCWMssOS::Running Make include in ps7_cortexa9_0/libsrc/bram_v4_10/src

TRACE::2024-07-26.15:02:34::SCWMssOS::make -C ps7_cortexa9_0/libsrc/bram_v4_10/src -s include  "SHELL=/bin/sh" "COMPILER=arm-none-eabi-gcc" "ASSEMBLER=arm-none-eabi-
TRACE::2024-07-26.15:02:34::SCWMssOS::as" "ARCHIVER=arm-none-eabi-ar" "COMPILER_FLAGS=  -O2 -c" "EXTRA_COMPILER_FLAGS=-mcpu=cortex-a9 -mfpu=vfpv3 -mfloat-abi=hard -n
TRACE::2024-07-26.15:02:34::SCWMssOS::ostartfiles -g -Wall -Wextra -fno-tree-loop-distribute-patterns"

TRACE::2024-07-26.15:02:34::SCWMssOS::Running Make include in ps7_cortexa9_0/libsrc/coresightps_dcc_v1_10/src

TRACE::2024-07-26.15:02:34::SCWMssOS::make -C ps7_cortexa9_0/libsrc/coresightps_dcc_v1_10/src -s include  "SHELL=/bin/sh" "COMPILER=arm-none-eabi-gcc" "ASSEMBLER=arm
TRACE::2024-07-26.15:02:34::SCWMssOS::-none-eabi-as" "ARCHIVER=arm-none-eabi-ar" "COMPILER_FLAGS=  -O2 -c" "EXTRA_COMPILER_FLAGS=-mcpu=cortex-a9 -mfpu=vfpv3 -mfloat-
TRACE::2024-07-26.15:02:34::SCWMssOS::abi=hard -nostartfiles -g -Wall -Wextra -fno-tree-loop-distribute-patterns"

TRACE::2024-07-26.15:02:34::SCWMssOS::Running Make include in ps7_cortexa9_0/libsrc/ddrps_v1_2/src

TRACE::2024-07-26.15:02:34::SCWMssOS::Running Make include in ps7_cortexa9_0/libsrc/cpu_cortexa9_v2_12/src

TRACE::2024-07-26.15:02:34::SCWMssOS::make -C ps7_cortexa9_0/libsrc/ddrps_v1_2/src -s include  "SHELL=/bin/sh" "COMPILER=arm-none-eabi-gcc" "ASSEMBLER=arm-none-eabi-
TRACE::2024-07-26.15:02:34::SCWMssOS::as" "ARCHIVER=arm-none-eabi-ar" "COMPILER_FLAGS=  -O2 -c" "EXTRA_COMPILER_FLAGS=-mcpu=cortex-a9 -mfpu=vfpv3 -mfloat-abi=hard -n
TRACE::2024-07-26.15:02:34::SCWMssOS::ostartfiles -g -Wall -Wextra -fno-tree-loop-distribute-patterns"

TRACE::2024-07-26.15:02:34::SCWMssOS::make -C ps7_cortexa9_0/libsrc/cpu_cortexa9_v2_12/src -s include  "SHELL=/bin/sh" "COMPILER=arm-none-eabi-gcc" "ASSEMBLER=arm-no
TRACE::2024-07-26.15:02:34::SCWMssOS::ne-eabi-as" "ARCHIVER=arm-none-eabi-ar" "COMPILER_FLAGS=  -O2 -c" "EXTRA_COMPILER_FLAGS=-mcpu=cortex-a9 -mfpu=vfpv3 -mfloat-abi
TRACE::2024-07-26.15:02:34::SCWMssOS::=hard -nostartfiles -g -Wall -Wextra -fno-tree-loop-distribute-patterns"

TRACE::2024-07-26.15:02:34::SCWMssOS::Running Make include in ps7_cortexa9_0/libsrc/devcfg_v3_8/src

TRACE::2024-07-26.15:02:34::SCWMssOS::make -C ps7_cortexa9_0/libsrc/devcfg_v3_8/src -s include  "SHELL=/bin/sh" "COMPILER=arm-none-eabi-gcc" "ASSEMBLER=arm-none-eabi
TRACE::2024-07-26.15:02:34::SCWMssOS::-as" "ARCHIVER=arm-none-eabi-ar" "COMPILER_FLAGS=  -O2 -c" "EXTRA_COMPILER_FLAGS=-mcpu=cortex-a9 -mfpu=vfpv3 -mfloat-abi=hard -
TRACE::2024-07-26.15:02:34::SCWMssOS::nostartfiles -g -Wall -Wextra -fno-tree-loop-distribute-patterns"

TRACE::2024-07-26.15:02:34::SCWMssOS::Running Make include in ps7_cortexa9_0/libsrc/dmaps_v2_10/src

TRACE::2024-07-26.15:02:34::SCWMssOS::Running Make include in ps7_cortexa9_0/libsrc/emacps_v3_20/src

TRACE::2024-07-26.15:02:34::SCWMssOS::make -C ps7_cortexa9_0/libsrc/dmaps_v2_10/src -s include  "SHELL=/bin/sh" "COMPILER=arm-none-eabi-gcc" "ASSEMBLER=arm-none-eabi
TRACE::2024-07-26.15:02:34::SCWMssOS::-as" "ARCHIVER=arm-none-eabi-ar" "COMPILER_FLAGS=  -O2 -c" "EXTRA_COMPILER_FLAGS=-mcpu=cortex-a9 -mfpu=vfpv3 -mfloat-abi=hard -
TRACE::2024-07-26.15:02:34::SCWMssOS::nostartfiles -g -Wall -Wextra -fno-tree-loop-distribute-patterns"

TRACE::2024-07-26.15:02:34::SCWMssOS::Running Make include in ps7_cortexa9_0/libsrc/freertos10_xilinx_v1_15/src

TRACE::2024-07-26.15:02:34::SCWMssOS::make -C ps7_cortexa9_0/libsrc/emacps_v3_20/src -s include  "SHELL=/bin/sh" "COMPILER=arm-none-eabi-gcc" "ASSEMBLER=arm-none-eab
TRACE::2024-07-26.15:02:34::SCWMssOS::i-as" "ARCHIVER=arm-none-eabi-ar" "COMPILER_FLAGS=  -O2 -c" "EXTRA_COMPILER_FLAGS=-mcpu=cortex-a9 -mfpu=vfpv3 -mfloat-abi=hard 
TRACE::2024-07-26.15:02:34::SCWMssOS::-nostartfiles -g -Wall -Wextra -fno-tree-loop-distribute-patterns"

TRACE::2024-07-26.15:02:34::SCWMssOS::Running Make include in ps7_cortexa9_0/libsrc/gpiops_v3_13/src

TRACE::2024-07-26.15:02:34::SCWMssOS::make -C ps7_cortexa9_0/libsrc/freertos10_xilinx_v1_15/src -s include  "SHELL=/bin/sh" "COMPILER=arm-none-eabi-gcc" "ASSEMBLER=a
TRACE::2024-07-26.15:02:34::SCWMssOS::rm-none-eabi-as" "ARCHIVER=arm-none-eabi-ar" "COMPILER_FLAGS=  -O2 -c" "EXTRA_COMPILER_FLAGS=-mcpu=cortex-a9 -mfpu=vfpv3 -mfloa
TRACE::2024-07-26.15:02:34::SCWMssOS::t-abi=hard -nostartfiles -g -Wall -Wextra -fno-tree-loop-distribute-patterns"

TRACE::2024-07-26.15:02:34::SCWMssOS::make -C ps7_cortexa9_0/libsrc/gpiops_v3_13/src -s include  "SHELL=/bin/sh" "COMPILER=arm-none-eabi-gcc" "ASSEMBLER=arm-none-eab
TRACE::2024-07-26.15:02:34::SCWMssOS::i-as" "ARCHIVER=arm-none-eabi-ar" "COMPILER_FLAGS=  -O2 -c" "EXTRA_COMPILER_FLAGS=-mcpu=cortex-a9 -mfpu=vfpv3 -mfloat-abi=hard 
TRACE::2024-07-26.15:02:34::SCWMssOS::-nostartfiles -g -Wall -Wextra -fno-tree-loop-distribute-patterns"

TRACE::2024-07-26.15:02:34::SCWMssOS::Running Make include in ps7_cortexa9_0/libsrc/qspips_v3_12/src

TRACE::2024-07-26.15:02:34::SCWMssOS::Running Make include in ps7_cortexa9_0/libsrc/scugic_v5_3/src

TRACE::2024-07-26.15:02:34::SCWMssOS::Running Make include in ps7_cortexa9_0/libsrc/scutimer_v2_6/src

TRACE::2024-07-26.15:02:34::SCWMssOS::make -C ps7_cortexa9_0/libsrc/qspips_v3_12/src -s include  "SHELL=/bin/sh" "COMPILER=arm-none-eabi-gcc" "ASSEMBLER=arm-none-eab
TRACE::2024-07-26.15:02:34::SCWMssOS::i-as" "ARCHIVER=arm-none-eabi-ar" "COMPILER_FLAGS=  -O2 -c" "EXTRA_COMPILER_FLAGS=-mcpu=cortex-a9 -mfpu=vfpv3 -mfloat-abi=hard 
TRACE::2024-07-26.15:02:34::SCWMssOS::-nostartfiles -g -Wall -Wextra -fno-tree-loop-distribute-patterns"

TRACE::2024-07-26.15:02:34::SCWMssOS::make -C ps7_cortexa9_0/libsrc/scugic_v5_3/src -s include  "SHELL=/bin/sh" "COMPILER=arm-none-eabi-gcc" "ASSEMBLER=arm-none-eabi
TRACE::2024-07-26.15:02:34::SCWMssOS::-as" "ARCHIVER=arm-none-eabi-ar" "COMPILER_FLAGS=  -O2 -c" "EXTRA_COMPILER_FLAGS=-mcpu=cortex-a9 -mfpu=vfpv3 -mfloat-abi=hard -
TRACE::2024-07-26.15:02:34::SCWMssOS::nostartfiles -g -Wall -Wextra -fno-tree-loop-distribute-patterns"

TRACE::2024-07-26.15:02:34::SCWMssOS::make -C ps7_cortexa9_0/libsrc/scutimer_v2_6/src -s include  "SHELL=/bin/sh" "COMPILER=arm-none-eabi-gcc" "ASSEMBLER=arm-none-ea
TRACE::2024-07-26.15:02:34::SCWMssOS::bi-as" "ARCHIVER=arm-none-eabi-ar" "COMPILER_FLAGS=  -O2 -c" "EXTRA_COMPILER_FLAGS=-mcpu=cortex-a9 -mfpu=vfpv3 -mfloat-abi=hard
TRACE::2024-07-26.15:02:34::SCWMssOS:: -nostartfiles -g -Wall -Wextra -fno-tree-loop-distribute-patterns"

TRACE::2024-07-26.15:02:34::SCWMssOS::Running Make include in ps7_cortexa9_0/libsrc/scuwdt_v2_5/src

TRACE::2024-07-26.15:02:34::SCWMssOS::make -C ps7_cortexa9_0/libsrc/scuwdt_v2_5/src -s include  "SHELL=/bin/sh" "COMPILER=arm-none-eabi-gcc" "ASSEMBLER=arm-none-eabi
TRACE::2024-07-26.15:02:34::SCWMssOS::-as" "ARCHIVER=arm-none-eabi-ar" "COMPILER_FLAGS=  -O2 -c" "EXTRA_COMPILER_FLAGS=-mcpu=cortex-a9 -mfpu=vfpv3 -mfloat-abi=hard -
TRACE::2024-07-26.15:02:34::SCWMssOS::nostartfiles -g -Wall -Wextra -fno-tree-loop-distribute-patterns"

TRACE::2024-07-26.15:02:34::SCWMssOS::Running Make include in ps7_cortexa9_0/libsrc/sdps_v4_3/src

TRACE::2024-07-26.15:02:34::SCWMssOS::Running Make include in ps7_cortexa9_0/libsrc/uartps_v3_14/src

TRACE::2024-07-26.15:02:34::SCWMssOS::make -C ps7_cortexa9_0/libsrc/sdps_v4_3/src -s include  "SHELL=/bin/sh" "COMPILER=arm-none-eabi-gcc" "ASSEMBLER=arm-none-eabi-a
TRACE::2024-07-26.15:02:34::SCWMssOS::s" "ARCHIVER=arm-none-eabi-ar" "COMPILER_FLAGS=  -O2 -c" "EXTRA_COMPILER_FLAGS=-mcpu=cortex-a9 -mfpu=vfpv3 -mfloat-abi=hard -no
TRACE::2024-07-26.15:02:34::SCWMssOS::startfiles -g -Wall -Wextra -fno-tree-loop-distribute-patterns"

TRACE::2024-07-26.15:02:34::SCWMssOS::make -C ps7_cortexa9_0/libsrc/uartps_v3_14/src -s include  "SHELL=/bin/sh" "COMPILER=arm-none-eabi-gcc" "ASSEMBLER=arm-none-eab
TRACE::2024-07-26.15:02:34::SCWMssOS::i-as" "ARCHIVER=arm-none-eabi-ar" "COMPILER_FLAGS=  -O2 -c" "EXTRA_COMPILER_FLAGS=-mcpu=cortex-a9 -mfpu=vfpv3 -mfloat-abi=hard 
TRACE::2024-07-26.15:02:34::SCWMssOS::-nostartfiles -g -Wall -Wextra -fno-tree-loop-distribute-patterns"

TRACE::2024-07-26.15:02:34::SCWMssOS::Running Make include in ps7_cortexa9_0/libsrc/usbps_v2_9/src

TRACE::2024-07-26.15:02:34::SCWMssOS::make -C ps7_cortexa9_0/libsrc/usbps_v2_9/src -s include  "SHELL=/bin/sh" "COMPILER=arm-none-eabi-gcc" "ASSEMBLER=arm-none-eabi-
TRACE::2024-07-26.15:02:34::SCWMssOS::as" "ARCHIVER=arm-none-eabi-ar" "COMPILER_FLAGS=  -O2 -c" "EXTRA_COMPILER_FLAGS=-mcpu=cortex-a9 -mfpu=vfpv3 -mfloat-abi=hard -n
TRACE::2024-07-26.15:02:34::SCWMssOS::ostartfiles -g -Wall -Wextra -fno-tree-loop-distribute-patterns"

TRACE::2024-07-26.15:02:34::SCWMssOS::Running Make include in ps7_cortexa9_0/libsrc/xadcps_v2_7/src

TRACE::2024-07-26.15:02:34::SCWMssOS::make -C ps7_cortexa9_0/libsrc/xadcps_v2_7/src -s include  "SHELL=/bin/sh" "COMPILER=arm-none-eabi-gcc" "ASSEMBLER=arm-none-eabi
TRACE::2024-07-26.15:02:34::SCWMssOS::-as" "ARCHIVER=arm-none-eabi-ar" "COMPILER_FLAGS=  -O2 -c" "EXTRA_COMPILER_FLAGS=-mcpu=cortex-a9 -mfpu=vfpv3 -mfloat-abi=hard -
TRACE::2024-07-26.15:02:34::SCWMssOS::nostartfiles -g -Wall -Wextra -fno-tree-loop-distribute-patterns"

TRACE::2024-07-26.15:02:34::SCWMssOS::Running Make include in ps7_cortexa9_0/libsrc/xiltimer_v2_0/src

TRACE::2024-07-26.15:02:34::SCWMssOS::make -C ps7_cortexa9_0/libsrc/xiltimer_v2_0/src -s include  "SHELL=/bin/sh" "COMPILER=arm-none-eabi-gcc" "ASSEMBLER=arm-none-ea
TRACE::2024-07-26.15:02:34::SCWMssOS::bi-as" "ARCHIVER=arm-none-eabi-ar" "COMPILER_FLAGS=  -O2 -c" "EXTRA_COMPILER_FLAGS=-mcpu=cortex-a9 -mfpu=vfpv3 -mfloat-abi=hard
TRACE::2024-07-26.15:02:34::SCWMssOS:: -nostartfiles -g -Wall -Wextra -fno-tree-loop-distribute-patterns"

TRACE::2024-07-26.15:02:34::SCWMssOS::includes

TRACE::2024-07-26.15:02:34::SCWMssOS::Running Make libs in ps7_cortexa9_0/libsrc/bram_v4_10/src

TRACE::2024-07-26.15:02:34::SCWMssOS::Running Make libs in ps7_cortexa9_0/libsrc/coresightps_dcc_v1_10/src

TRACE::2024-07-26.15:02:34::SCWMssOS::Running Make libs in ps7_cortexa9_0/libsrc/cpu_cortexa9_v2_12/src

TRACE::2024-07-26.15:02:34::SCWMssOS::make -C ps7_cortexa9_0/libsrc/bram_v4_10/src -s libs  "SHELL=/bin/sh" "COMPILER=arm-none-eabi-gcc" "ASSEMBLER=arm-none-eabi-as"
TRACE::2024-07-26.15:02:34::SCWMssOS:: "ARCHIVER=arm-none-eabi-ar" "COMPILER_FLAGS=  -O2 -c" "EXTRA_COMPILER_FLAGS=-mcpu=cortex-a9 -mfpu=vfpv3 -mfloat-abi=hard -nost
TRACE::2024-07-26.15:02:34::SCWMssOS::artfiles -g -Wall -Wextra -fno-tree-loop-distribute-patterns"

TRACE::2024-07-26.15:02:34::SCWMssOS::make -C ps7_cortexa9_0/libsrc/coresightps_dcc_v1_10/src -s libs  "SHELL=/bin/sh" "COMPILER=arm-none-eabi-gcc" "ASSEMBLER=arm-no
TRACE::2024-07-26.15:02:34::SCWMssOS::ne-eabi-as" "ARCHIVER=arm-none-eabi-ar" "COMPILER_FLAGS=  -O2 -c" "EXTRA_COMPILER_FLAGS=-mcpu=cortex-a9 -mfpu=vfpv3 -mfloat-abi
TRACE::2024-07-26.15:02:34::SCWMssOS::=hard -nostartfiles -g -Wall -Wextra -fno-tree-loop-distribute-patterns"

TRACE::2024-07-26.15:02:34::SCWMssOS::make -C ps7_cortexa9_0/libsrc/cpu_cortexa9_v2_12/src -s libs  "SHELL=/bin/sh" "COMPILER=arm-none-eabi-gcc" "ASSEMBLER=arm-none-
TRACE::2024-07-26.15:02:34::SCWMssOS::eabi-as" "ARCHIVER=arm-none-eabi-ar" "COMPILER_FLAGS=  -O2 -c" "EXTRA_COMPILER_FLAGS=-mcpu=cortex-a9 -mfpu=vfpv3 -mfloat-abi=ha
TRACE::2024-07-26.15:02:34::SCWMssOS::rd -nostartfiles -g -Wall -Wextra -fno-tree-loop-distribute-patterns"

TRACE::2024-07-26.15:02:34::SCWMssOS::Running Make libs in ps7_cortexa9_0/libsrc/ddrps_v1_2/src

TRACE::2024-07-26.15:02:34::SCWMssOS::make -C ps7_cortexa9_0/libsrc/ddrps_v1_2/src -s libs  "SHELL=/bin/sh" "COMPILER=arm-none-eabi-gcc" "ASSEMBLER=arm-none-eabi-as"
TRACE::2024-07-26.15:02:34::SCWMssOS:: "ARCHIVER=arm-none-eabi-ar" "COMPILER_FLAGS=  -O2 -c" "EXTRA_COMPILER_FLAGS=-mcpu=cortex-a9 -mfpu=vfpv3 -mfloat-abi=hard -nost
TRACE::2024-07-26.15:02:34::SCWMssOS::artfiles -g -Wall -Wextra -fno-tree-loop-distribute-patterns"

TRACE::2024-07-26.15:02:34::SCWMssOS::Running Make libs in ps7_cortexa9_0/libsrc/devcfg_v3_8/src

TRACE::2024-07-26.15:02:34::SCWMssOS::make -C ps7_cortexa9_0/libsrc/devcfg_v3_8/src -s libs  "SHELL=/bin/sh" "COMPILER=arm-none-eabi-gcc" "ASSEMBLER=arm-none-eabi-as
TRACE::2024-07-26.15:02:34::SCWMssOS::" "ARCHIVER=arm-none-eabi-ar" "COMPILER_FLAGS=  -O2 -c" "EXTRA_COMPILER_FLAGS=-mcpu=cortex-a9 -mfpu=vfpv3 -mfloat-abi=hard -nos
TRACE::2024-07-26.15:02:34::SCWMssOS::tartfiles -g -Wall -Wextra -fno-tree-loop-distribute-patterns"

TRACE::2024-07-26.15:02:34::SCWMssOS::Running Make libs in ps7_cortexa9_0/libsrc/dmaps_v2_10/src

TRACE::2024-07-26.15:02:34::SCWMssOS::Running Make libs in ps7_cortexa9_0/libsrc/emacps_v3_20/src

TRACE::2024-07-26.15:02:34::SCWMssOS::Running Make libs in ps7_cortexa9_0/libsrc/freertos10_xilinx_v1_15/src

TRACE::2024-07-26.15:02:34::SCWMssOS::make -C ps7_cortexa9_0/libsrc/emacps_v3_20/src -s libs  "SHELL=/bin/sh" "COMPILER=arm-none-eabi-gcc" "ASSEMBLER=arm-none-eabi-a
TRACE::2024-07-26.15:02:34::SCWMssOS::s" "ARCHIVER=arm-none-eabi-ar" "COMPILER_FLAGS=  -O2 -c" "EXTRA_COMPILER_FLAGS=-mcpu=cortex-a9 -mfpu=vfpv3 -mfloat-abi=hard -no
TRACE::2024-07-26.15:02:34::SCWMssOS::startfiles -g -Wall -Wextra -fno-tree-loop-distribute-patterns"

TRACE::2024-07-26.15:02:34::SCWMssOS::Running Make libs in ps7_cortexa9_0/libsrc/gpiops_v3_13/src

TRACE::2024-07-26.15:02:34::SCWMssOS::make -C ps7_cortexa9_0/libsrc/dmaps_v2_10/src -s libs  "SHELL=/bin/sh" "COMPILER=arm-none-eabi-gcc" "ASSEMBLER=arm-none-eabi-as
TRACE::2024-07-26.15:02:34::SCWMssOS::" "ARCHIVER=arm-none-eabi-ar" "COMPILER_FLAGS=  -O2 -c" "EXTRA_COMPILER_FLAGS=-mcpu=cortex-a9 -mfpu=vfpv3 -mfloat-abi=hard -nos
TRACE::2024-07-26.15:02:34::SCWMssOS::tartfiles -g -Wall -Wextra -fno-tree-loop-distribute-patterns"

TRACE::2024-07-26.15:02:34::SCWMssOS::Running Make libs in ps7_cortexa9_0/libsrc/qspips_v3_12/src

TRACE::2024-07-26.15:02:34::SCWMssOS::make -C ps7_cortexa9_0/libsrc/freertos10_xilinx_v1_15/src -s libs  "SHELL=/bin/sh" "COMPILER=arm-none-eabi-gcc" "ASSEMBLER=arm-
TRACE::2024-07-26.15:02:34::SCWMssOS::none-eabi-as" "ARCHIVER=arm-none-eabi-ar" "COMPILER_FLAGS=  -O2 -c" "EXTRA_COMPILER_FLAGS=-mcpu=cortex-a9 -mfpu=vfpv3 -mfloat-a
TRACE::2024-07-26.15:02:34::SCWMssOS::bi=hard -nostartfiles -g -Wall -Wextra -fno-tree-loop-distribute-patterns"

TRACE::2024-07-26.15:02:34::SCWMssOS::make -C ps7_cortexa9_0/libsrc/gpiops_v3_13/src -s libs  "SHELL=/bin/sh" "COMPILER=arm-none-eabi-gcc" "ASSEMBLER=arm-none-eabi-a
TRACE::2024-07-26.15:02:34::SCWMssOS::s" "ARCHIVER=arm-none-eabi-ar" "COMPILER_FLAGS=  -O2 -c" "EXTRA_COMPILER_FLAGS=-mcpu=cortex-a9 -mfpu=vfpv3 -mfloat-abi=hard -no
TRACE::2024-07-26.15:02:34::SCWMssOS::startfiles -g -Wall -Wextra -fno-tree-loop-distribute-patterns"

TRACE::2024-07-26.15:02:34::SCWMssOS::make -C ps7_cortexa9_0/libsrc/qspips_v3_12/src -s libs  "SHELL=/bin/sh" "COMPILER=arm-none-eabi-gcc" "ASSEMBLER=arm-none-eabi-a
TRACE::2024-07-26.15:02:34::SCWMssOS::s" "ARCHIVER=arm-none-eabi-ar" "COMPILER_FLAGS=  -O2 -c" "EXTRA_COMPILER_FLAGS=-mcpu=cortex-a9 -mfpu=vfpv3 -mfloat-abi=hard -no
TRACE::2024-07-26.15:02:34::SCWMssOS::startfiles -g -Wall -Wextra -fno-tree-loop-distribute-patterns"

TRACE::2024-07-26.15:02:34::SCWMssOS::Running Make libs in ps7_cortexa9_0/libsrc/scugic_v5_3/src

TRACE::2024-07-26.15:02:34::SCWMssOS::Running Make libs in ps7_cortexa9_0/libsrc/scutimer_v2_6/src

TRACE::2024-07-26.15:02:34::SCWMssOS::Running Make libs in ps7_cortexa9_0/libsrc/scuwdt_v2_5/src

TRACE::2024-07-26.15:02:34::SCWMssOS::make -C ps7_cortexa9_0/libsrc/scugic_v5_3/src -s libs  "SHELL=/bin/sh" "COMPILER=arm-none-eabi-gcc" "ASSEMBLER=arm-none-eabi-as
TRACE::2024-07-26.15:02:34::SCWMssOS::" "ARCHIVER=arm-none-eabi-ar" "COMPILER_FLAGS=  -O2 -c" "EXTRA_COMPILER_FLAGS=-mcpu=cortex-a9 -mfpu=vfpv3 -mfloat-abi=hard -nos
TRACE::2024-07-26.15:02:34::SCWMssOS::tartfiles -g -Wall -Wextra -fno-tree-loop-distribute-patterns"

TRACE::2024-07-26.15:02:34::SCWMssOS::make -C ps7_cortexa9_0/libsrc/scutimer_v2_6/src -s libs  "SHELL=/bin/sh" "COMPILER=arm-none-eabi-gcc" "ASSEMBLER=arm-none-eabi-
TRACE::2024-07-26.15:02:34::SCWMssOS::as" "ARCHIVER=arm-none-eabi-ar" "COMPILER_FLAGS=  -O2 -c" "EXTRA_COMPILER_FLAGS=-mcpu=cortex-a9 -mfpu=vfpv3 -mfloat-abi=hard -n
TRACE::2024-07-26.15:02:34::SCWMssOS::ostartfiles -g -Wall -Wextra -fno-tree-loop-distribute-patterns"

TRACE::2024-07-26.15:02:34::SCWMssOS::make -C ps7_cortexa9_0/libsrc/scuwdt_v2_5/src -s libs  "SHELL=/bin/sh" "COMPILER=arm-none-eabi-gcc" "ASSEMBLER=arm-none-eabi-as
TRACE::2024-07-26.15:02:34::SCWMssOS::" "ARCHIVER=arm-none-eabi-ar" "COMPILER_FLAGS=  -O2 -c" "EXTRA_COMPILER_FLAGS=-mcpu=cortex-a9 -mfpu=vfpv3 -mfloat-abi=hard -nos
TRACE::2024-07-26.15:02:34::SCWMssOS::tartfiles -g -Wall -Wextra -fno-tree-loop-distribute-patterns"

TRACE::2024-07-26.15:02:34::SCWMssOS::Running Make libs in ps7_cortexa9_0/libsrc/sdps_v4_3/src

TRACE::2024-07-26.15:02:34::SCWMssOS::make -C ps7_cortexa9_0/libsrc/sdps_v4_3/src -s libs  "SHELL=/bin/sh" "COMPILER=arm-none-eabi-gcc" "ASSEMBLER=arm-none-eabi-as" 
TRACE::2024-07-26.15:02:34::SCWMssOS::"ARCHIVER=arm-none-eabi-ar" "COMPILER_FLAGS=  -O2 -c" "EXTRA_COMPILER_FLAGS=-mcpu=cortex-a9 -mfpu=vfpv3 -mfloat-abi=hard -nosta
TRACE::2024-07-26.15:02:34::SCWMssOS::rtfiles -g -Wall -Wextra -fno-tree-loop-distribute-patterns"

TRACE::2024-07-26.15:02:34::SCWMssOS::Running Make libs in ps7_cortexa9_0/libsrc/uartps_v3_14/src

TRACE::2024-07-26.15:02:34::SCWMssOS::Running Make libs in ps7_cortexa9_0/libsrc/usbps_v2_9/src

TRACE::2024-07-26.15:02:34::SCWMssOS::make -C ps7_cortexa9_0/libsrc/uartps_v3_14/src -s libs  "SHELL=/bin/sh" "COMPILER=arm-none-eabi-gcc" "ASSEMBLER=arm-none-eabi-a
TRACE::2024-07-26.15:02:34::SCWMssOS::s" "ARCHIVER=arm-none-eabi-ar" "COMPILER_FLAGS=  -O2 -c" "EXTRA_COMPILER_FLAGS=-mcpu=cortex-a9 -mfpu=vfpv3 -mfloat-abi=hard -no
TRACE::2024-07-26.15:02:34::SCWMssOS::startfiles -g -Wall -Wextra -fno-tree-loop-distribute-patterns"

TRACE::2024-07-26.15:02:34::SCWMssOS::make -C ps7_cortexa9_0/libsrc/usbps_v2_9/src -s libs  "SHELL=/bin/sh" "COMPILER=arm-none-eabi-gcc" "ASSEMBLER=arm-none-eabi-as"
TRACE::2024-07-26.15:02:34::SCWMssOS:: "ARCHIVER=arm-none-eabi-ar" "COMPILER_FLAGS=  -O2 -c" "EXTRA_COMPILER_FLAGS=-mcpu=cortex-a9 -mfpu=vfpv3 -mfloat-abi=hard -nost
TRACE::2024-07-26.15:02:34::SCWMssOS::artfiles -g -Wall -Wextra -fno-tree-loop-distribute-patterns"

TRACE::2024-07-26.15:02:34::SCWMssOS::Running Make libs in ps7_cortexa9_0/libsrc/xadcps_v2_7/src

TRACE::2024-07-26.15:02:34::SCWMssOS::make -C ps7_cortexa9_0/libsrc/xadcps_v2_7/src -s libs  "SHELL=/bin/sh" "COMPILER=arm-none-eabi-gcc" "ASSEMBLER=arm-none-eabi-as
TRACE::2024-07-26.15:02:34::SCWMssOS::" "ARCHIVER=arm-none-eabi-ar" "COMPILER_FLAGS=  -O2 -c" "EXTRA_COMPILER_FLAGS=-mcpu=cortex-a9 -mfpu=vfpv3 -mfloat-abi=hard -nos
TRACE::2024-07-26.15:02:34::SCWMssOS::tartfiles -g -Wall -Wextra -fno-tree-loop-distribute-patterns"

TRACE::2024-07-26.15:02:34::SCWMssOS::Running Make libs in ps7_cortexa9_0/libsrc/xiltimer_v2_0/src

TRACE::2024-07-26.15:02:34::SCWMssOS::make -C ps7_cortexa9_0/libsrc/xiltimer_v2_0/src -s libs  "SHELL=/bin/sh" "COMPILER=arm-none-eabi-gcc" "ASSEMBLER=arm-none-eabi-
TRACE::2024-07-26.15:02:34::SCWMssOS::as" "ARCHIVER=arm-none-eabi-ar" "COMPILER_FLAGS=  -O2 -c" "EXTRA_COMPILER_FLAGS=-mcpu=cortex-a9 -mfpu=vfpv3 -mfloat-abi=hard -n
TRACE::2024-07-26.15:02:34::SCWMssOS::ostartfiles -g -Wall -Wextra -fno-tree-loop-distribute-patterns"

TRACE::2024-07-26.15:02:34::SCWMssOS::Compiling xiltimer Library

TRACE::2024-07-26.15:02:34::SCWMssOS::Finished building libraries parallelly.

TRACE::2024-07-26.15:02:34::SCWMssOS::make --no-print-directory archive

TRACE::2024-07-26.15:02:34::SCWMssOS::arm-none-eabi-ar -r  ps7_cortexa9_0/lib/libxil.a ps7_cortexa9_0/lib/_exit.o ps7_cortexa9_0/lib/_open.o ps7_cortexa9_0/lib/_sbrk
TRACE::2024-07-26.15:02:34::SCWMssOS::.o ps7_cortexa9_0/lib/abort.o ps7_cortexa9_0/lib/boot.o ps7_cortexa9_0/lib/close.o ps7_cortexa9_0/lib/cpputest_time.o ps7_corte
TRACE::2024-07-26.15:02:34::SCWMssOS::xa9_0/lib/cpu_init.o ps7_cortexa9_0/lib/errno.o ps7_cortexa9_0/lib/fcntl.o ps7_cortexa9_0/lib/fstat.o ps7_cortexa9_0/lib/getent
TRACE::2024-07-26.15:02:34::SCWMssOS::ropy.o ps7_cortexa9_0/lib/getpid.o ps7_cortexa9_0/lib/inbyte.o ps7_cortexa9_0/lib/isatty.o ps7_cortexa9_0/lib/kill.o ps7_cortex
TRACE::2024-07-26.15:02:34::SCWMssOS::a9_0/lib/lseek.o ps7_cortexa9_0/lib/open.o ps7_cortexa9_0/lib/outbyte.o ps7_cortexa9_0/lib/print.o ps7_cortexa9_0/lib/putnum.o 
TRACE::2024-07-26.15:02:34::SCWMssOS::ps7_cortexa9_0/lib/read.o ps7_cortexa9_0/lib/sbrk.o ps7_cortexa9_0/lib/time.o ps7_cortexa9_0/lib/translation_table.o ps7_cortex
TRACE::2024-07-26.15:02:34::SCWMssOS::a9_0/lib/unlink.o ps7_cortexa9_0/lib/vectors.o ps7_cortexa9_0/lib/write.o ps7_cortexa9_0/lib/xadcps.o ps7_cortexa9_0/lib/xadcps
TRACE::2024-07-26.15:02:34::SCWMssOS::_g.o ps7_cortexa9_0/lib/xadcps_intr.o ps7_cortexa9_0/lib/xadcps_selftest.o ps7_cortexa9_0/lib/xadcps_sinit.o ps7_cortexa9_0/lib
TRACE::2024-07-26.15:02:34::SCWMssOS::/xbram.o ps7_cortexa9_0/lib/xbram_g.o ps7_cortexa9_0/lib/xbram_intr.o ps7_cortexa9_0/lib/xbram_selftest.o ps7_cortexa9_0/lib/xb
TRACE::2024-07-26.15:02:34::SCWMssOS::ram_sinit.o ps7_cortexa9_0/lib/xcoresightpsdcc.o ps7_cortexa9_0/lib/xdevcfg.o ps7_cortexa9_0/lib/xdevcfg_g.o ps7_cortexa9_0/lib
TRACE::2024-07-26.15:02:34::SCWMssOS::/xdevcfg_hw.o ps7_cortexa9_0/lib/xdevcfg_intr.o ps7_cortexa9_0/lib/xdevcfg_selftest.o ps7_cortexa9_0/lib/xdevcfg_sinit.o ps7_co
TRACE::2024-07-26.15:02:34::SCWMssOS::rtexa9_0/lib/xdmaps.o ps7_cortexa9_0/lib/xdmaps_g.o ps7_cortexa9_0/lib/xdmaps_hw.o ps7_cortexa9_0/lib/xdmaps_selftest.o ps7_cor
TRACE::2024-07-26.15:02:34::SCWMssOS::texa9_0/lib/xdmaps_sinit.o ps7_cortexa9_0/lib/xemacps.o ps7_cortexa9_0/lib/xemacps_bdring.o ps7_cortexa9_0/lib/xemacps_control.
TRACE::2024-07-26.15:02:34::SCWMssOS::o ps7_cortexa9_0/lib/xemacps_g.o ps7_cortexa9_0/lib/xemacps_hw.o ps7_cortexa9_0/lib/xemacps_intr.o ps7_cortexa9_0/lib/xemacps_s
TRACE::2024-07-26.15:02:34::SCWMssOS::init.o ps7_cortexa9_0/lib/xgpiops.o ps7_cortexa9_0/lib/xgpiops_g.o ps7_cortexa9_0/lib/xgpiops_hw.o ps7_cortexa9_0/lib/xgpiops_i
TRACE::2024-07-26.15:02:34::SCWMssOS::ntr.o ps7_cortexa9_0/lib/xgpiops_selftest.o ps7_cortexa9_0/lib/xgpiops_sinit.o ps7_cortexa9_0/lib/xil-crt0.o ps7_cortexa9_0/lib
TRACE::2024-07-26.15:02:34::SCWMssOS::/xil_assert.o ps7_cortexa9_0/lib/xil_cache.o ps7_cortexa9_0/lib/xil_clocking.o ps7_cortexa9_0/lib/xil_exception.o ps7_cortexa9_
TRACE::2024-07-26.15:02:34::SCWMssOS::0/lib/xil_mem.o ps7_cortexa9_0/lib/xil_misc_psreset_api.o ps7_cortexa9_0/lib/xil_mmu.o ps7_cortexa9_0/lib/xil_printf.o ps7_cort
TRACE::2024-07-26.15:02:34::SCWMssOS::exa9_0/lib/xil_spinlock.o ps7_cortexa9_0/lib/xil_testcache.o ps7_cortexa9_0/lib/xil_testio.o ps7_cortexa9_0/lib/xil_testmem.o p
TRACE::2024-07-26.15:02:34::SCWMssOS::s7_cortexa9_0/lib/xil_util.o ps7_cortexa9_0/lib/xinterrupt_wrap.o ps7_cortexa9_0/lib/xl2cc_counter.o ps7_cortexa9_0/lib/xplatfo
TRACE::2024-07-26.15:02:34::SCWMssOS::rm_info.o ps7_cortexa9_0/lib/xpm_counter.o ps7_cortexa9_0/lib/xpm_init.o ps7_cortexa9_0/lib/xqspips.o ps7_cortexa9_0/lib/xqspip
TRACE::2024-07-26.15:02:34::SCWMssOS::s_g.o ps7_cortexa9_0/lib/xqspips_hw.o ps7_cortexa9_0/lib/xqspips_options.o ps7_cortexa9_0/lib/xqspips_selftest.o ps7_cortexa9_0
TRACE::2024-07-26.15:02:34::SCWMssOS::/lib/xqspips_sinit.o ps7_cortexa9_0/lib/xscugic.o ps7_cortexa9_0/lib/xscugic_g.o ps7_cortexa9_0/lib/xscugic_hw.o ps7_cortexa9_0
TRACE::2024-07-26.15:02:34::SCWMssOS::/lib/xscugic_intr.o ps7_cortexa9_0/lib/xscugic_selftest.o ps7_cortexa9_0/lib/xscugic_sinit.o ps7_cortexa9_0/lib/xscutimer.o ps7
TRACE::2024-07-26.15:02:34::SCWMssOS::_cortexa9_0/lib/xscutimer_g.o ps7_cortexa9_0/lib/xscutimer_selftest.o ps7_cortexa9_0/lib/xscutimer_sinit.o ps7_cortexa9_0/lib/x
TRACE::2024-07-26.15:02:34::SCWMssOS::scuwdt.o ps7_cortexa9_0/lib/xscuwdt_g.o ps7_cortexa9_0/lib/xscuwdt_selftest.o ps7_cortexa9_0/lib/xscuwdt_sinit.o ps7_cortexa9_0
TRACE::2024-07-26.15:02:34::SCWMssOS::/lib/xsdps.o ps7_cortexa9_0/lib/xsdps_card.o ps7_cortexa9_0/lib/xsdps_g.o ps7_cortexa9_0/lib/xsdps_host.o ps7_cortexa9_0/lib/xs
TRACE::2024-07-26.15:02:34::SCWMssOS::dps_options.o ps7_cortexa9_0/lib/xsdps_sinit.o ps7_cortexa9_0/lib/xuartps.o ps7_cortexa9_0/lib/xuartps_g.o ps7_cortexa9_0/lib/x
TRACE::2024-07-26.15:02:34::SCWMssOS::uartps_hw.o ps7_cortexa9_0/lib/xuartps_intr.o ps7_cortexa9_0/lib/xuartps_options.o ps7_cortexa9_0/lib/xuartps_selftest.o ps7_co
TRACE::2024-07-26.15:02:34::SCWMssOS::rtexa9_0/lib/xuartps_sinit.o ps7_cortexa9_0/lib/xusbps.o ps7_cortexa9_0/lib/xusbps_endpoint.o ps7_cortexa9_0/lib/xusbps_g.o ps7
TRACE::2024-07-26.15:02:34::SCWMssOS::_cortexa9_0/lib/xusbps_hw.o ps7_cortexa9_0/lib/xusbps_intr.o ps7_cortexa9_0/lib/xusbps_sinit.o

TRACE::2024-07-26.15:02:34::SCWMssOS::Finished building libraries

TRACE::2024-07-26.15:02:34::SCWMssOS::Copying to export directory.
TRACE::2024-07-26.15:02:34::SCWMssOS:: Checking if to create the Supporting Applications
TRACE::2024-07-26.15:02:34::SCWMssOS:: No Linux domain exists, trying to generate FSBL 
LOG::2024-07-26.15:02:34::SCWSystem::Completed Processing the domain freertos10_xilinx_ps7_cortexa9_0
LOG::2024-07-26.15:02:34::SCWSystem::Completed Processing the sysconfig pynq_z2_bram_wrapper
LOG::2024-07-26.15:02:34::SCWPlatform::Completed generating the artifacts for system configuration pynq_z2_bram_wrapper
TRACE::2024-07-26.15:02:34::SCWPlatform::Started preparing the platform 
TRACE::2024-07-26.15:02:34::SCWSystem::Writing the bif file for system config pynq_z2_bram_wrapper
TRACE::2024-07-26.15:02:34::SCWSystem::dir created 
TRACE::2024-07-26.15:02:34::SCWSystem::Writing the bif 
TRACE::2024-07-26.15:02:34::SCWPlatform::Started writing the spfm file 
TRACE::2024-07-26.15:02:34::SCWPlatform::Started writing the xpfm file 
TRACE::2024-07-26.15:02:34::SCWPlatform::Completed generating the platform
TRACE::2024-07-26.15:02:34::SCWMssOS::Saving the mss changes /home/kike/Desktop/marvin/marvin/pynq_z2_bram_wrapper/zynq_fsbl/zynq_fsbl_bsp/system.mss
TRACE::2024-07-26.15:02:34::SCWMssOS::Found a swdesign opened with the mssfile.
TRACE::2024-07-26.15:02:34::SCWMssOS::Completed writemss as part of save.
TRACE::2024-07-26.15:02:34::SCWMssOS::Commit changes completed.
TRACE::2024-07-26.15:02:34::SCWMssOS::Saving the mss changes /home/kike/Desktop/marvin/marvin/pynq_z2_bram_wrapper/ps7_cortexa9_0/freertos10_xilinx_ps7_cortexa9_0/bsp/system.mss
TRACE::2024-07-26.15:02:34::SCWMssOS::Found a swdesign opened with the mssfile.
TRACE::2024-07-26.15:02:34::SCWMssOS::Completed writemss as part of save.
TRACE::2024-07-26.15:02:34::SCWMssOS::Commit changes completed.
TRACE::2024-07-26.15:02:34::SCWPlatform::Trying to open the hw design at /home/kike/Desktop/marvin/marvin/pynq_z2_bram_wrapper/hw/pynq_z2_bram_wrapper.xsa
TRACE::2024-07-26.15:02:34::SCWPlatform::DSA given /home/kike/Desktop/marvin/marvin/pynq_z2_bram_wrapper/hw/pynq_z2_bram_wrapper.xsa
TRACE::2024-07-26.15:02:34::SCWPlatform::DSA absoulate path /home/kike/Desktop/marvin/marvin/pynq_z2_bram_wrapper/hw/pynq_z2_bram_wrapper.xsa
TRACE::2024-07-26.15:02:34::SCWPlatform::DSA directory /home/kike/Desktop/marvin/marvin/pynq_z2_bram_wrapper/hw
TRACE::2024-07-26.15:02:34::SCWPlatform:: Platform Path /home/kike/Desktop/marvin/marvin/pynq_z2_bram_wrapper/hw/pynq_z2_bram_wrapper.xsa
TRACE::2024-07-26.15:02:34::SCWPlatform:: Unique name xilinx:pynq-z2::0.0
TRACE::2024-07-26.15:02:34::SCWPlatform::Trying to set the existing hwdb with name pynq_z2_bram_wrapper_0
TRACE::2024-07-26.15:02:34::SCWPlatform::Opened existing hwdb pynq_z2_bram_wrapper_0
TRACE::2024-07-26.15:02:34::SCWPlatform::Found the Hw Db part of the input DSA
TRACE::2024-07-26.15:02:34::SCWMssOS::Checking the sw design at  /home/kike/Desktop/marvin/marvin/pynq_z2_bram_wrapper/zynq_fsbl/zynq_fsbl_bsp/system.mss
TRACE::2024-07-26.15:02:34::SCWMssOS::DEBUG:  swdes dump  /home/kike/Desktop/marvin/marvin/pynq_z2_bram_wrapper/ps7_cortexa9_0/freertos10_xilinx_ps7_cortexa9_0/bsp/system.mss|system_0||
/home/kike/Desktop/marvin/marvin/pynq_z2_bram_wrapper/zynq_fsbl/zynq_fsbl_bsp/system.mss|system||

TRACE::2024-07-26.15:02:34::SCWMssOS::Sw design exists and opened at  /home/kike/Desktop/marvin/marvin/pynq_z2_bram_wrapper/zynq_fsbl/zynq_fsbl_bsp/system.mss
TRACE::2024-07-26.15:02:34::SCWPlatform::Trying to open the hw design at /home/kike/Desktop/marvin/marvin/pynq_z2_bram_wrapper/hw/pynq_z2_bram_wrapper.xsa
TRACE::2024-07-26.15:02:34::SCWPlatform::DSA given /home/kike/Desktop/marvin/marvin/pynq_z2_bram_wrapper/hw/pynq_z2_bram_wrapper.xsa
TRACE::2024-07-26.15:02:34::SCWPlatform::DSA absoulate path /home/kike/Desktop/marvin/marvin/pynq_z2_bram_wrapper/hw/pynq_z2_bram_wrapper.xsa
TRACE::2024-07-26.15:02:34::SCWPlatform::DSA directory /home/kike/Desktop/marvin/marvin/pynq_z2_bram_wrapper/hw
TRACE::2024-07-26.15:02:34::SCWPlatform:: Platform Path /home/kike/Desktop/marvin/marvin/pynq_z2_bram_wrapper/hw/pynq_z2_bram_wrapper.xsa
TRACE::2024-07-26.15:02:34::SCWPlatform:: Unique name xilinx:pynq-z2::0.0
TRACE::2024-07-26.15:02:34::SCWPlatform::Trying to set the existing hwdb with name pynq_z2_bram_wrapper_0
TRACE::2024-07-26.15:02:34::SCWPlatform::Opened existing hwdb pynq_z2_bram_wrapper_0
TRACE::2024-07-26.15:02:34::SCWPlatform::Found the Hw Db part of the input DSA
TRACE::2024-07-26.15:02:34::SCWMssOS::Checking the sw design at  /home/kike/Desktop/marvin/marvin/pynq_z2_bram_wrapper/ps7_cortexa9_0/freertos10_xilinx_ps7_cortexa9_0/bsp/system.mss
TRACE::2024-07-26.15:02:34::SCWMssOS::DEBUG:  swdes dump  /home/kike/Desktop/marvin/marvin/pynq_z2_bram_wrapper/ps7_cortexa9_0/freertos10_xilinx_ps7_cortexa9_0/bsp/system.mss|system_0||
/home/kike/Desktop/marvin/marvin/pynq_z2_bram_wrapper/zynq_fsbl/zynq_fsbl_bsp/system.mss|system||

TRACE::2024-07-26.15:02:34::SCWMssOS::Sw design exists and opened at  /home/kike/Desktop/marvin/marvin/pynq_z2_bram_wrapper/ps7_cortexa9_0/freertos10_xilinx_ps7_cortexa9_0/bsp/system.mss
TRACE::2024-07-26.15:02:34::SCWWriter::formatted JSON is {
	"platformName":	"pynq_z2_bram_wrapper",
	"sprVersion":	"2.0",
	"mode":	"gui",
	"dsaType":	"Fixed",
	"platformDesc":	"pynq_z2_bram_wrapper",
	"platHandOff":	"/home/kike/Desktop/marvin/vivado_project/pynq_z2_bram/pynq_z2_bram_wrapper.xsa",
	"platIntHandOff":	"<platformDir>/hw/pynq_z2_bram_wrapper.xsa",
	"deviceType":	"zynq",
	"platIsPrebuiltAutogen":	"false",
	"platIsNoBootBsp":	"false",
	"hasFsblMakeHasChanges":	"false",
	"hasPmufwMakeHasChanges":	"false",
	"fsblExtraCompilerFlags":	"-MMD -MP       -mcpu=cortex-a9 -mfpu=vfpv3 -mfloat-abi=hard ",
	"platPreBuiltFlag":	false,
	"platformSamplesDir":	"",
	"platActiveSys":	"pynq_z2_bram_wrapper",
	"systems":	[{
			"systemName":	"pynq_z2_bram_wrapper",
			"systemDesc":	"pynq_z2_bram_wrapper",
			"sysIsBootAutoGen":	"true",
			"systemDispName":	"pynq_z2_bram_wrapper",
			"sysActiveDom":	"freertos10_xilinx_ps7_cortexa9_0",
			"sysDefaultDom":	"freertos10_xilinx_ps7_cortexa9_0",
			"domains":	[{
					"domainName":	"zynq_fsbl",
					"domainDispName":	"zynq_fsbl",
					"domainDesc":	"FSBL Application BSP - Auto Generated.",
					"processors":	"ps7_cortexa9_0",
					"os":	"standalone",
					"sdxOs":	"standalone",
					"debugEnable":	"",
					"domRuntimes":	["cpp"],
					"swRepo":	"",
					"mssOsVer":	"9.1",
					"mssFile":	"",
					"md5Digest":	"409d1989a24d76fe76b05e785092fa28",
					"compatibleApp":	"zynq_fsbl",
					"domType":	"bootDomain",
					"arch":	"32-bit",
					"appSettings":	{
						"appCompilerFlags":	"",
						"appLinkerFlags":	""
					},
					"addedLibs":	["xilffs:5.2", "xilrsa:1.8"],
					"libOptions":	{
						"libsContainingOptions":	[]
					},
					"prebuiltLibs":	{
						"prebuiltIncPath":	[],
						"prebuiltLibPath":	[]
					},
					"isolation":	{
					}
				}, {
					"domainName":	"freertos10_xilinx_ps7_cortexa9_0",
					"domainDispName":	"freertos10_xilinx_ps7_cortexa9_0",
					"domainDesc":	"freertos10_xilinx_ps7_cortexa9_0",
					"processors":	"ps7_cortexa9_0",
					"os":	"freertos10_xilinx",
					"sdxOs":	"freertos10_xilinx",
					"qemuArgs":	"<platformDir>/resources/pynq_z2_bram_wrapper/freertos10_xilinx_ps7_cortexa9_0/qemu_args.txt",
					"qemuData":	"<platformDir>/resources/pynq_z2_bram_wrapper/freertos10_xilinx_ps7_cortexa9_0/qemu",
					"debugEnable":	"False",
					"domRuntimes":	["cpp"],
					"swRepo":	"",
					"mssOsVer":	"1.15",
					"mssFile":	"",
					"md5Digest":	"b16b094303b8a18353b8c330524e5d8f",
					"compatibleApp":	"",
					"domType":	"mssDomain",
					"arch":	"32-bit",
					"appSettings":	{
						"appCompilerFlags":	"",
						"appLinkerFlags":	""
					},
					"addedLibs":	["xiltimer:2.0"],
					"libOptions":	{
						"freertos10_xilinx":	{
							"xil_interrupt":	"true",
							"libOptionNames":	["xil_interrupt"]
						},
						"xiltimer":	{
							"en_interval_timer":	"true",
							"libOptionNames":	["en_interval_timer"]
						},
						"libsContainingOptions":	["freertos10_xilinx", "xiltimer"]
					},
					"prebuiltLibs":	{
						"prebuiltIncPath":	[],
						"prebuiltLibPath":	[]
					},
					"isolation":	{
					}
				}]
		}]
}
KEYINFO::2024-07-26.15:02:34::SCWPlatform::updated the xpfm file.
TRACE::2024-07-26.15:02:34::SCWPlatform::Trying to open the hw design at /home/kike/Desktop/marvin/marvin/pynq_z2_bram_wrapper/hw/pynq_z2_bram_wrapper.xsa
TRACE::2024-07-26.15:02:34::SCWPlatform::DSA given /home/kike/Desktop/marvin/marvin/pynq_z2_bram_wrapper/hw/pynq_z2_bram_wrapper.xsa
TRACE::2024-07-26.15:02:34::SCWPlatform::DSA absoulate path /home/kike/Desktop/marvin/marvin/pynq_z2_bram_wrapper/hw/pynq_z2_bram_wrapper.xsa
TRACE::2024-07-26.15:02:34::SCWPlatform::DSA directory /home/kike/Desktop/marvin/marvin/pynq_z2_bram_wrapper/hw
TRACE::2024-07-26.15:02:34::SCWPlatform:: Platform Path /home/kike/Desktop/marvin/marvin/pynq_z2_bram_wrapper/hw/pynq_z2_bram_wrapper.xsa
TRACE::2024-07-26.15:02:34::SCWPlatform:: Unique name xilinx:pynq-z2::0.0
TRACE::2024-07-26.15:02:34::SCWPlatform::Trying to set the existing hwdb with name pynq_z2_bram_wrapper_0
TRACE::2024-07-26.15:02:34::SCWPlatform::Opened existing hwdb pynq_z2_bram_wrapper_0
TRACE::2024-07-26.15:02:34::SCWPlatform::Found the Hw Db part of the input DSA
TRACE::2024-07-26.15:02:34::SCWMssOS::Checking the sw design at  /home/kike/Desktop/marvin/marvin/pynq_z2_bram_wrapper/ps7_cortexa9_0/freertos10_xilinx_ps7_cortexa9_0/bsp/system.mss
TRACE::2024-07-26.15:02:34::SCWMssOS::DEBUG:  swdes dump  /home/kike/Desktop/marvin/marvin/pynq_z2_bram_wrapper/ps7_cortexa9_0/freertos10_xilinx_ps7_cortexa9_0/bsp/system.mss|system_0||
/home/kike/Desktop/marvin/marvin/pynq_z2_bram_wrapper/zynq_fsbl/zynq_fsbl_bsp/system.mss|system||

TRACE::2024-07-26.15:02:34::SCWMssOS::Sw design exists and opened at  /home/kike/Desktop/marvin/marvin/pynq_z2_bram_wrapper/ps7_cortexa9_0/freertos10_xilinx_ps7_cortexa9_0/bsp/system.mss
TRACE::2024-07-31.11:49:42::SCWPlatform::Trying to open the hw design at /home/kike/Desktop/marvin/marvin/pynq_z2_bram_wrapper/hw/pynq_z2_bram_wrapper.xsa
TRACE::2024-07-31.11:49:42::SCWPlatform::DSA given /home/kike/Desktop/marvin/marvin/pynq_z2_bram_wrapper/hw/pynq_z2_bram_wrapper.xsa
TRACE::2024-07-31.11:49:42::SCWPlatform::DSA absoulate path /home/kike/Desktop/marvin/marvin/pynq_z2_bram_wrapper/hw/pynq_z2_bram_wrapper.xsa
TRACE::2024-07-31.11:49:43::SCWPlatform::DSA directory /home/kike/Desktop/marvin/marvin/pynq_z2_bram_wrapper/hw
TRACE::2024-07-31.11:49:43::SCWPlatform:: Platform Path /home/kike/Desktop/marvin/marvin/pynq_z2_bram_wrapper/hw/pynq_z2_bram_wrapper.xsa
TRACE::2024-07-31.11:49:43::SCWPlatform:: Unique name xilinx:pynq-z2::0.0
TRACE::2024-07-31.11:49:43::SCWPlatform::Do not have an existing db opened. 
TRACE::2024-07-31.11:49:43::SCWPlatform::Opened new HwDB with name pynq_z2_bram_wrapper
TRACE::2024-07-31.11:49:43::SCWReader::Active system found as  pynq_z2_bram_wrapper
TRACE::2024-07-31.11:49:43::SCWReader::Handling sysconfig pynq_z2_bram_wrapper
TRACE::2024-07-31.11:49:43::SCWDomain::checking for install qemu data   : 
TRACE::2024-07-31.11:49:43::SCWDomain:: Using the QEMU Data from install at  : /tools/Xilinx/Vitis/2024.1/data/emulation/platforms/zynq/sw/a9_standalone/qemu/
TRACE::2024-07-31.11:49:43::SCWDomain:: Using the QEMU args  from install at  : /tools/Xilinx/Vitis/2024.1/data/emulation/platforms/zynq/sw/a9_standalone/qemu/qemu_args.txt
TRACE::2024-07-31.11:49:43::SCWPlatform::Trying to open the hw design at /home/kike/Desktop/marvin/marvin/pynq_z2_bram_wrapper/hw/pynq_z2_bram_wrapper.xsa
TRACE::2024-07-31.11:49:43::SCWPlatform::DSA given /home/kike/Desktop/marvin/marvin/pynq_z2_bram_wrapper/hw/pynq_z2_bram_wrapper.xsa
TRACE::2024-07-31.11:49:43::SCWPlatform::DSA absoulate path /home/kike/Desktop/marvin/marvin/pynq_z2_bram_wrapper/hw/pynq_z2_bram_wrapper.xsa
TRACE::2024-07-31.11:49:43::SCWPlatform::DSA directory /home/kike/Desktop/marvin/marvin/pynq_z2_bram_wrapper/hw
TRACE::2024-07-31.11:49:43::SCWPlatform:: Platform Path /home/kike/Desktop/marvin/marvin/pynq_z2_bram_wrapper/hw/pynq_z2_bram_wrapper.xsa
TRACE::2024-07-31.11:49:43::SCWPlatform:: Unique name xilinx:pynq-z2::0.0
TRACE::2024-07-31.11:49:43::SCWPlatform::Trying to set the existing hwdb with name pynq_z2_bram_wrapper
TRACE::2024-07-31.11:49:43::SCWPlatform::Opened existing hwdb pynq_z2_bram_wrapper
TRACE::2024-07-31.11:49:43::SCWPlatform::Found the Hw Db part of the input DSA
TRACE::2024-07-31.11:49:43::SCWPlatform::Trying to open the hw design at /home/kike/Desktop/marvin/marvin/pynq_z2_bram_wrapper/hw/pynq_z2_bram_wrapper.xsa
TRACE::2024-07-31.11:49:43::SCWPlatform::DSA given /home/kike/Desktop/marvin/marvin/pynq_z2_bram_wrapper/hw/pynq_z2_bram_wrapper.xsa
TRACE::2024-07-31.11:49:43::SCWPlatform::DSA absoulate path /home/kike/Desktop/marvin/marvin/pynq_z2_bram_wrapper/hw/pynq_z2_bram_wrapper.xsa
TRACE::2024-07-31.11:49:43::SCWPlatform::DSA directory /home/kike/Desktop/marvin/marvin/pynq_z2_bram_wrapper/hw
TRACE::2024-07-31.11:49:43::SCWPlatform:: Platform Path /home/kike/Desktop/marvin/marvin/pynq_z2_bram_wrapper/hw/pynq_z2_bram_wrapper.xsa
TRACE::2024-07-31.11:49:43::SCWPlatform:: Unique name xilinx:pynq-z2::0.0
TRACE::2024-07-31.11:49:43::SCWPlatform::Trying to set the existing hwdb with name pynq_z2_bram_wrapper
TRACE::2024-07-31.11:49:43::SCWPlatform::Opened existing hwdb pynq_z2_bram_wrapper
TRACE::2024-07-31.11:49:43::SCWPlatform::Found the Hw Db part of the input DSA
TRACE::2024-07-31.11:49:43::SCWPlatform::Trying to open the hw design at /home/kike/Desktop/marvin/marvin/pynq_z2_bram_wrapper/hw/pynq_z2_bram_wrapper.xsa
TRACE::2024-07-31.11:49:43::SCWPlatform::DSA given /home/kike/Desktop/marvin/marvin/pynq_z2_bram_wrapper/hw/pynq_z2_bram_wrapper.xsa
TRACE::2024-07-31.11:49:43::SCWPlatform::DSA absoulate path /home/kike/Desktop/marvin/marvin/pynq_z2_bram_wrapper/hw/pynq_z2_bram_wrapper.xsa
TRACE::2024-07-31.11:49:43::SCWPlatform::DSA directory /home/kike/Desktop/marvin/marvin/pynq_z2_bram_wrapper/hw
TRACE::2024-07-31.11:49:43::SCWPlatform:: Platform Path /home/kike/Desktop/marvin/marvin/pynq_z2_bram_wrapper/hw/pynq_z2_bram_wrapper.xsa
TRACE::2024-07-31.11:49:43::SCWPlatform:: Unique name xilinx:pynq-z2::0.0
TRACE::2024-07-31.11:49:43::SCWPlatform::Trying to set the existing hwdb with name pynq_z2_bram_wrapper
TRACE::2024-07-31.11:49:43::SCWPlatform::Opened existing hwdb pynq_z2_bram_wrapper
TRACE::2024-07-31.11:49:43::SCWPlatform::Found the Hw Db part of the input DSA
TRACE::2024-07-31.11:49:43::SCWReader::Boot application domain added for zynq_fsbl
TRACE::2024-07-31.11:49:43::SCWPlatform::Trying to open the hw design at /home/kike/Desktop/marvin/marvin/pynq_z2_bram_wrapper/hw/pynq_z2_bram_wrapper.xsa
TRACE::2024-07-31.11:49:43::SCWPlatform::DSA given /home/kike/Desktop/marvin/marvin/pynq_z2_bram_wrapper/hw/pynq_z2_bram_wrapper.xsa
TRACE::2024-07-31.11:49:43::SCWPlatform::DSA absoulate path /home/kike/Desktop/marvin/marvin/pynq_z2_bram_wrapper/hw/pynq_z2_bram_wrapper.xsa
TRACE::2024-07-31.11:49:43::SCWPlatform::DSA directory /home/kike/Desktop/marvin/marvin/pynq_z2_bram_wrapper/hw
TRACE::2024-07-31.11:49:43::SCWPlatform:: Platform Path /home/kike/Desktop/marvin/marvin/pynq_z2_bram_wrapper/hw/pynq_z2_bram_wrapper.xsa
TRACE::2024-07-31.11:49:43::SCWPlatform:: Unique name xilinx:pynq-z2::0.0
TRACE::2024-07-31.11:49:43::SCWPlatform::Trying to set the existing hwdb with name pynq_z2_bram_wrapper
TRACE::2024-07-31.11:49:43::SCWPlatform::Opened existing hwdb pynq_z2_bram_wrapper
TRACE::2024-07-31.11:49:43::SCWPlatform::Found the Hw Db part of the input DSA
TRACE::2024-07-31.11:49:43::SCWMssOS::Checking the sw design at  /home/kike/Desktop/marvin/marvin/pynq_z2_bram_wrapper/zynq_fsbl/zynq_fsbl_bsp/system.mss
TRACE::2024-07-31.11:49:43::SCWMssOS::DEBUG:  swdes dump  
TRACE::2024-07-31.11:49:43::SCWMssOS::No sw design opened at  /home/kike/Desktop/marvin/marvin/pynq_z2_bram_wrapper/zynq_fsbl/zynq_fsbl_bsp/system.mss
TRACE::2024-07-31.11:49:43::SCWMssOS::mss exists loading the mss file  /home/kike/Desktop/marvin/marvin/pynq_z2_bram_wrapper/zynq_fsbl/zynq_fsbl_bsp/system.mss
TRACE::2024-07-31.11:49:43::SCWMssOS::Opened the sw design from mss  /home/kike/Desktop/marvin/marvin/pynq_z2_bram_wrapper/zynq_fsbl/zynq_fsbl_bsp/system.mss
TRACE::2024-07-31.11:49:43::SCWMssOS::Adding the swdes entry /home/kike/Desktop/marvin/marvin/pynq_z2_bram_wrapper/zynq_fsbl/zynq_fsbl_bsp/system.mss with des name system
TRACE::2024-07-31.11:49:43::SCWMssOS::updating the scw layer about changes
TRACE::2024-07-31.11:49:43::SCWMssOS::Opened the sw design.  /home/kike/Desktop/marvin/marvin/pynq_z2_bram_wrapper/zynq_fsbl/zynq_fsbl_bsp/system.mss
TRACE::2024-07-31.11:49:43::SCWPlatform::Trying to open the hw design at /home/kike/Desktop/marvin/marvin/pynq_z2_bram_wrapper/hw/pynq_z2_bram_wrapper.xsa
TRACE::2024-07-31.11:49:43::SCWPlatform::DSA given /home/kike/Desktop/marvin/marvin/pynq_z2_bram_wrapper/hw/pynq_z2_bram_wrapper.xsa
TRACE::2024-07-31.11:49:43::SCWPlatform::DSA absoulate path /home/kike/Desktop/marvin/marvin/pynq_z2_bram_wrapper/hw/pynq_z2_bram_wrapper.xsa
TRACE::2024-07-31.11:49:43::SCWPlatform::DSA directory /home/kike/Desktop/marvin/marvin/pynq_z2_bram_wrapper/hw
TRACE::2024-07-31.11:49:43::SCWPlatform:: Platform Path /home/kike/Desktop/marvin/marvin/pynq_z2_bram_wrapper/hw/pynq_z2_bram_wrapper.xsa
TRACE::2024-07-31.11:49:43::SCWPlatform:: Unique name xilinx:pynq-z2::0.0
TRACE::2024-07-31.11:49:43::SCWPlatform::Trying to set the existing hwdb with name pynq_z2_bram_wrapper
TRACE::2024-07-31.11:49:43::SCWPlatform::Opened existing hwdb pynq_z2_bram_wrapper
TRACE::2024-07-31.11:49:43::SCWPlatform::Found the Hw Db part of the input DSA
TRACE::2024-07-31.11:49:43::SCWMssOS::Checking the sw design at  /home/kike/Desktop/marvin/marvin/pynq_z2_bram_wrapper/zynq_fsbl/zynq_fsbl_bsp/system.mss
TRACE::2024-07-31.11:49:43::SCWMssOS::DEBUG:  swdes dump  /home/kike/Desktop/marvin/marvin/pynq_z2_bram_wrapper/zynq_fsbl/zynq_fsbl_bsp/system.mss|system||

TRACE::2024-07-31.11:49:43::SCWMssOS::Sw design exists and opened at  /home/kike/Desktop/marvin/marvin/pynq_z2_bram_wrapper/zynq_fsbl/zynq_fsbl_bsp/system.mss
TRACE::2024-07-31.11:49:43::SCWMssOS:: library already available in sw design:  xilffs:5.2
TRACE::2024-07-31.11:49:43::SCWPlatform::Trying to open the hw design at /home/kike/Desktop/marvin/marvin/pynq_z2_bram_wrapper/hw/pynq_z2_bram_wrapper.xsa
TRACE::2024-07-31.11:49:43::SCWPlatform::DSA given /home/kike/Desktop/marvin/marvin/pynq_z2_bram_wrapper/hw/pynq_z2_bram_wrapper.xsa
TRACE::2024-07-31.11:49:43::SCWPlatform::DSA absoulate path /home/kike/Desktop/marvin/marvin/pynq_z2_bram_wrapper/hw/pynq_z2_bram_wrapper.xsa
TRACE::2024-07-31.11:49:43::SCWPlatform::DSA directory /home/kike/Desktop/marvin/marvin/pynq_z2_bram_wrapper/hw
TRACE::2024-07-31.11:49:43::SCWPlatform:: Platform Path /home/kike/Desktop/marvin/marvin/pynq_z2_bram_wrapper/hw/pynq_z2_bram_wrapper.xsa
TRACE::2024-07-31.11:49:43::SCWPlatform:: Unique name xilinx:pynq-z2::0.0
TRACE::2024-07-31.11:49:43::SCWPlatform::Trying to set the existing hwdb with name pynq_z2_bram_wrapper
TRACE::2024-07-31.11:49:43::SCWPlatform::Opened existing hwdb pynq_z2_bram_wrapper
TRACE::2024-07-31.11:49:43::SCWPlatform::Found the Hw Db part of the input DSA
TRACE::2024-07-31.11:49:43::SCWMssOS::Checking the sw design at  /home/kike/Desktop/marvin/marvin/pynq_z2_bram_wrapper/zynq_fsbl/zynq_fsbl_bsp/system.mss
TRACE::2024-07-31.11:49:43::SCWMssOS::DEBUG:  swdes dump  /home/kike/Desktop/marvin/marvin/pynq_z2_bram_wrapper/zynq_fsbl/zynq_fsbl_bsp/system.mss|system||

TRACE::2024-07-31.11:49:43::SCWMssOS::Sw design exists and opened at  /home/kike/Desktop/marvin/marvin/pynq_z2_bram_wrapper/zynq_fsbl/zynq_fsbl_bsp/system.mss
TRACE::2024-07-31.11:49:43::SCWMssOS:: library already available in sw design:  xilrsa:1.8
TRACE::2024-07-31.11:49:43::SCWMssOS::Saving the mss changes /home/kike/Desktop/marvin/marvin/pynq_z2_bram_wrapper/zynq_fsbl/zynq_fsbl_bsp/system.mss
TRACE::2024-07-31.11:49:43::SCWMssOS::Found a swdesign opened with the mssfile.
TRACE::2024-07-31.11:49:43::SCWMssOS::Completed writemss as part of save.
TRACE::2024-07-31.11:49:43::SCWMssOS::Commit changes completed.
TRACE::2024-07-31.11:49:43::SCWReader::Adding prebuilt librarypaths as   
TRACE::2024-07-31.11:49:43::SCWReader::Adding prebuilt incpaths  as   
TRACE::2024-07-31.11:49:43::SCWPlatform::Trying to open the hw design at /home/kike/Desktop/marvin/marvin/pynq_z2_bram_wrapper/hw/pynq_z2_bram_wrapper.xsa
TRACE::2024-07-31.11:49:43::SCWPlatform::DSA given /home/kike/Desktop/marvin/marvin/pynq_z2_bram_wrapper/hw/pynq_z2_bram_wrapper.xsa
TRACE::2024-07-31.11:49:43::SCWPlatform::DSA absoulate path /home/kike/Desktop/marvin/marvin/pynq_z2_bram_wrapper/hw/pynq_z2_bram_wrapper.xsa
TRACE::2024-07-31.11:49:43::SCWPlatform::DSA directory /home/kike/Desktop/marvin/marvin/pynq_z2_bram_wrapper/hw
TRACE::2024-07-31.11:49:43::SCWPlatform:: Platform Path /home/kike/Desktop/marvin/marvin/pynq_z2_bram_wrapper/hw/pynq_z2_bram_wrapper.xsa
TRACE::2024-07-31.11:49:43::SCWPlatform:: Unique name xilinx:pynq-z2::0.0
TRACE::2024-07-31.11:49:43::SCWPlatform::Trying to set the existing hwdb with name pynq_z2_bram_wrapper
TRACE::2024-07-31.11:49:43::SCWPlatform::Opened existing hwdb pynq_z2_bram_wrapper
TRACE::2024-07-31.11:49:43::SCWPlatform::Found the Hw Db part of the input DSA
TRACE::2024-07-31.11:49:43::SCWMssOS::Checking the sw design at  /home/kike/Desktop/marvin/marvin/pynq_z2_bram_wrapper/zynq_fsbl/zynq_fsbl_bsp/system.mss
TRACE::2024-07-31.11:49:43::SCWMssOS::DEBUG:  swdes dump  /home/kike/Desktop/marvin/marvin/pynq_z2_bram_wrapper/zynq_fsbl/zynq_fsbl_bsp/system.mss|system||

TRACE::2024-07-31.11:49:43::SCWMssOS::Sw design exists and opened at  /home/kike/Desktop/marvin/marvin/pynq_z2_bram_wrapper/zynq_fsbl/zynq_fsbl_bsp/system.mss
TRACE::2024-07-31.11:49:43::SCWReader::No isolation master present  
TRACE::2024-07-31.11:49:43::SCWDomain::checking for install qemu data   : 
TRACE::2024-07-31.11:49:43::SCWDomain:: Using the QEMU Data from install at  : /tools/Xilinx/Vitis/2024.1/data/emulation/platforms/zynq/sw/a9_standalone/qemu/
TRACE::2024-07-31.11:49:43::SCWDomain:: Using the QEMU args  from install at  : /tools/Xilinx/Vitis/2024.1/data/emulation/platforms/zynq/sw/a9_standalone/qemu/qemu_args.txt
TRACE::2024-07-31.11:49:43::SCWPlatform::Trying to open the hw design at /home/kike/Desktop/marvin/marvin/pynq_z2_bram_wrapper/hw/pynq_z2_bram_wrapper.xsa
TRACE::2024-07-31.11:49:43::SCWPlatform::DSA given /home/kike/Desktop/marvin/marvin/pynq_z2_bram_wrapper/hw/pynq_z2_bram_wrapper.xsa
TRACE::2024-07-31.11:49:43::SCWPlatform::DSA absoulate path /home/kike/Desktop/marvin/marvin/pynq_z2_bram_wrapper/hw/pynq_z2_bram_wrapper.xsa
TRACE::2024-07-31.11:49:43::SCWPlatform::DSA directory /home/kike/Desktop/marvin/marvin/pynq_z2_bram_wrapper/hw
TRACE::2024-07-31.11:49:43::SCWPlatform:: Platform Path /home/kike/Desktop/marvin/marvin/pynq_z2_bram_wrapper/hw/pynq_z2_bram_wrapper.xsa
TRACE::2024-07-31.11:49:43::SCWPlatform:: Unique name xilinx:pynq-z2::0.0
TRACE::2024-07-31.11:49:43::SCWPlatform::Trying to set the existing hwdb with name pynq_z2_bram_wrapper
TRACE::2024-07-31.11:49:43::SCWPlatform::Opened existing hwdb pynq_z2_bram_wrapper
TRACE::2024-07-31.11:49:43::SCWPlatform::Found the Hw Db part of the input DSA
TRACE::2024-07-31.11:49:43::SCWPlatform::Trying to open the hw design at /home/kike/Desktop/marvin/marvin/pynq_z2_bram_wrapper/hw/pynq_z2_bram_wrapper.xsa
TRACE::2024-07-31.11:49:43::SCWPlatform::DSA given /home/kike/Desktop/marvin/marvin/pynq_z2_bram_wrapper/hw/pynq_z2_bram_wrapper.xsa
TRACE::2024-07-31.11:49:43::SCWPlatform::DSA absoulate path /home/kike/Desktop/marvin/marvin/pynq_z2_bram_wrapper/hw/pynq_z2_bram_wrapper.xsa
TRACE::2024-07-31.11:49:43::SCWPlatform::DSA directory /home/kike/Desktop/marvin/marvin/pynq_z2_bram_wrapper/hw
TRACE::2024-07-31.11:49:43::SCWPlatform:: Platform Path /home/kike/Desktop/marvin/marvin/pynq_z2_bram_wrapper/hw/pynq_z2_bram_wrapper.xsa
TRACE::2024-07-31.11:49:43::SCWPlatform:: Unique name xilinx:pynq-z2::0.0
TRACE::2024-07-31.11:49:43::SCWPlatform::Trying to set the existing hwdb with name pynq_z2_bram_wrapper
TRACE::2024-07-31.11:49:43::SCWPlatform::Opened existing hwdb pynq_z2_bram_wrapper
TRACE::2024-07-31.11:49:43::SCWPlatform::Found the Hw Db part of the input DSA
TRACE::2024-07-31.11:49:43::SCWPlatform::Trying to open the hw design at /home/kike/Desktop/marvin/marvin/pynq_z2_bram_wrapper/hw/pynq_z2_bram_wrapper.xsa
TRACE::2024-07-31.11:49:43::SCWPlatform::DSA given /home/kike/Desktop/marvin/marvin/pynq_z2_bram_wrapper/hw/pynq_z2_bram_wrapper.xsa
TRACE::2024-07-31.11:49:43::SCWPlatform::DSA absoulate path /home/kike/Desktop/marvin/marvin/pynq_z2_bram_wrapper/hw/pynq_z2_bram_wrapper.xsa
TRACE::2024-07-31.11:49:43::SCWPlatform::DSA directory /home/kike/Desktop/marvin/marvin/pynq_z2_bram_wrapper/hw
TRACE::2024-07-31.11:49:43::SCWPlatform:: Platform Path /home/kike/Desktop/marvin/marvin/pynq_z2_bram_wrapper/hw/pynq_z2_bram_wrapper.xsa
TRACE::2024-07-31.11:49:43::SCWPlatform:: Unique name xilinx:pynq-z2::0.0
TRACE::2024-07-31.11:49:43::SCWPlatform::Trying to set the existing hwdb with name pynq_z2_bram_wrapper
TRACE::2024-07-31.11:49:43::SCWPlatform::Opened existing hwdb pynq_z2_bram_wrapper
TRACE::2024-07-31.11:49:43::SCWPlatform::Found the Hw Db part of the input DSA
TRACE::2024-07-31.11:49:43::SCWMssOS::Checking the sw design at  /home/kike/Desktop/marvin/marvin/pynq_z2_bram_wrapper/ps7_cortexa9_0/freertos10_xilinx_ps7_cortexa9_0/bsp/system.mss
TRACE::2024-07-31.11:49:43::SCWMssOS::DEBUG:  swdes dump  /home/kike/Desktop/marvin/marvin/pynq_z2_bram_wrapper/zynq_fsbl/zynq_fsbl_bsp/system.mss|system||

TRACE::2024-07-31.11:49:43::SCWMssOS::No sw design opened at  /home/kike/Desktop/marvin/marvin/pynq_z2_bram_wrapper/ps7_cortexa9_0/freertos10_xilinx_ps7_cortexa9_0/bsp/system.mss
TRACE::2024-07-31.11:49:43::SCWMssOS::mss exists loading the mss file  /home/kike/Desktop/marvin/marvin/pynq_z2_bram_wrapper/ps7_cortexa9_0/freertos10_xilinx_ps7_cortexa9_0/bsp/system.mss
TRACE::2024-07-31.11:49:43::SCWMssOS::Opened the sw design from mss  /home/kike/Desktop/marvin/marvin/pynq_z2_bram_wrapper/ps7_cortexa9_0/freertos10_xilinx_ps7_cortexa9_0/bsp/system.mss
TRACE::2024-07-31.11:49:43::SCWMssOS::Adding the swdes entry /home/kike/Desktop/marvin/marvin/pynq_z2_bram_wrapper/ps7_cortexa9_0/freertos10_xilinx_ps7_cortexa9_0/bsp/system.mss with des name system_0
TRACE::2024-07-31.11:49:43::SCWMssOS::updating the scw layer about changes
TRACE::2024-07-31.11:49:44::SCWMssOS::Opened the sw design.  /home/kike/Desktop/marvin/marvin/pynq_z2_bram_wrapper/ps7_cortexa9_0/freertos10_xilinx_ps7_cortexa9_0/bsp/system.mss
TRACE::2024-07-31.11:49:44::SCWPlatform::Trying to open the hw design at /home/kike/Desktop/marvin/marvin/pynq_z2_bram_wrapper/hw/pynq_z2_bram_wrapper.xsa
TRACE::2024-07-31.11:49:44::SCWPlatform::DSA given /home/kike/Desktop/marvin/marvin/pynq_z2_bram_wrapper/hw/pynq_z2_bram_wrapper.xsa
TRACE::2024-07-31.11:49:44::SCWPlatform::DSA absoulate path /home/kike/Desktop/marvin/marvin/pynq_z2_bram_wrapper/hw/pynq_z2_bram_wrapper.xsa
TRACE::2024-07-31.11:49:44::SCWPlatform::DSA directory /home/kike/Desktop/marvin/marvin/pynq_z2_bram_wrapper/hw
TRACE::2024-07-31.11:49:44::SCWPlatform:: Platform Path /home/kike/Desktop/marvin/marvin/pynq_z2_bram_wrapper/hw/pynq_z2_bram_wrapper.xsa
TRACE::2024-07-31.11:49:44::SCWPlatform:: Unique name xilinx:pynq-z2::0.0
TRACE::2024-07-31.11:49:44::SCWPlatform::Trying to set the existing hwdb with name pynq_z2_bram_wrapper
TRACE::2024-07-31.11:49:44::SCWPlatform::Opened existing hwdb pynq_z2_bram_wrapper
TRACE::2024-07-31.11:49:44::SCWPlatform::Found the Hw Db part of the input DSA
TRACE::2024-07-31.11:49:44::SCWMssOS::Checking the sw design at  /home/kike/Desktop/marvin/marvin/pynq_z2_bram_wrapper/ps7_cortexa9_0/freertos10_xilinx_ps7_cortexa9_0/bsp/system.mss
TRACE::2024-07-31.11:49:44::SCWMssOS::DEBUG:  swdes dump  /home/kike/Desktop/marvin/marvin/pynq_z2_bram_wrapper/ps7_cortexa9_0/freertos10_xilinx_ps7_cortexa9_0/bsp/system.mss|system_0||
/home/kike/Desktop/marvin/marvin/pynq_z2_bram_wrapper/zynq_fsbl/zynq_fsbl_bsp/system.mss|system||

TRACE::2024-07-31.11:49:44::SCWMssOS::Sw design exists and opened at  /home/kike/Desktop/marvin/marvin/pynq_z2_bram_wrapper/ps7_cortexa9_0/freertos10_xilinx_ps7_cortexa9_0/bsp/system.mss
TRACE::2024-07-31.11:49:44::SCWMssOS:: library already available in sw design:  xiltimer:2.0
TRACE::2024-07-31.11:49:44::SCWPlatform::Trying to open the hw design at /home/kike/Desktop/marvin/marvin/pynq_z2_bram_wrapper/hw/pynq_z2_bram_wrapper.xsa
TRACE::2024-07-31.11:49:44::SCWPlatform::DSA given /home/kike/Desktop/marvin/marvin/pynq_z2_bram_wrapper/hw/pynq_z2_bram_wrapper.xsa
TRACE::2024-07-31.11:49:44::SCWPlatform::DSA absoulate path /home/kike/Desktop/marvin/marvin/pynq_z2_bram_wrapper/hw/pynq_z2_bram_wrapper.xsa
TRACE::2024-07-31.11:49:44::SCWPlatform::DSA directory /home/kike/Desktop/marvin/marvin/pynq_z2_bram_wrapper/hw
TRACE::2024-07-31.11:49:44::SCWPlatform:: Platform Path /home/kike/Desktop/marvin/marvin/pynq_z2_bram_wrapper/hw/pynq_z2_bram_wrapper.xsa
TRACE::2024-07-31.11:49:44::SCWPlatform:: Unique name xilinx:pynq-z2::0.0
TRACE::2024-07-31.11:49:44::SCWPlatform::Trying to set the existing hwdb with name pynq_z2_bram_wrapper
TRACE::2024-07-31.11:49:44::SCWPlatform::Opened existing hwdb pynq_z2_bram_wrapper
TRACE::2024-07-31.11:49:44::SCWPlatform::Found the Hw Db part of the input DSA
TRACE::2024-07-31.11:49:44::SCWMssOS::Checking the sw design at  /home/kike/Desktop/marvin/marvin/pynq_z2_bram_wrapper/ps7_cortexa9_0/freertos10_xilinx_ps7_cortexa9_0/bsp/system.mss
TRACE::2024-07-31.11:49:44::SCWMssOS::DEBUG:  swdes dump  /home/kike/Desktop/marvin/marvin/pynq_z2_bram_wrapper/ps7_cortexa9_0/freertos10_xilinx_ps7_cortexa9_0/bsp/system.mss|system_0||
/home/kike/Desktop/marvin/marvin/pynq_z2_bram_wrapper/zynq_fsbl/zynq_fsbl_bsp/system.mss|system||

TRACE::2024-07-31.11:49:44::SCWMssOS::Sw design exists and opened at  /home/kike/Desktop/marvin/marvin/pynq_z2_bram_wrapper/ps7_cortexa9_0/freertos10_xilinx_ps7_cortexa9_0/bsp/system.mss
TRACE::2024-07-31.11:49:44::SCWPlatform::Trying to open the hw design at /home/kike/Desktop/marvin/marvin/pynq_z2_bram_wrapper/hw/pynq_z2_bram_wrapper.xsa
TRACE::2024-07-31.11:49:44::SCWPlatform::DSA given /home/kike/Desktop/marvin/marvin/pynq_z2_bram_wrapper/hw/pynq_z2_bram_wrapper.xsa
TRACE::2024-07-31.11:49:44::SCWPlatform::DSA absoulate path /home/kike/Desktop/marvin/marvin/pynq_z2_bram_wrapper/hw/pynq_z2_bram_wrapper.xsa
TRACE::2024-07-31.11:49:44::SCWPlatform::DSA directory /home/kike/Desktop/marvin/marvin/pynq_z2_bram_wrapper/hw
TRACE::2024-07-31.11:49:44::SCWPlatform:: Platform Path /home/kike/Desktop/marvin/marvin/pynq_z2_bram_wrapper/hw/pynq_z2_bram_wrapper.xsa
TRACE::2024-07-31.11:49:44::SCWPlatform:: Unique name xilinx:pynq-z2::0.0
TRACE::2024-07-31.11:49:44::SCWPlatform::Trying to set the existing hwdb with name pynq_z2_bram_wrapper
TRACE::2024-07-31.11:49:44::SCWPlatform::Opened existing hwdb pynq_z2_bram_wrapper
TRACE::2024-07-31.11:49:44::SCWPlatform::Found the Hw Db part of the input DSA
TRACE::2024-07-31.11:49:44::SCWMssOS::Checking the sw design at  /home/kike/Desktop/marvin/marvin/pynq_z2_bram_wrapper/ps7_cortexa9_0/freertos10_xilinx_ps7_cortexa9_0/bsp/system.mss
TRACE::2024-07-31.11:49:44::SCWMssOS::DEBUG:  swdes dump  /home/kike/Desktop/marvin/marvin/pynq_z2_bram_wrapper/ps7_cortexa9_0/freertos10_xilinx_ps7_cortexa9_0/bsp/system.mss|system_0||
/home/kike/Desktop/marvin/marvin/pynq_z2_bram_wrapper/zynq_fsbl/zynq_fsbl_bsp/system.mss|system||

TRACE::2024-07-31.11:49:44::SCWMssOS::Sw design exists and opened at  /home/kike/Desktop/marvin/marvin/pynq_z2_bram_wrapper/ps7_cortexa9_0/freertos10_xilinx_ps7_cortexa9_0/bsp/system.mss
TRACE::2024-07-31.11:49:44::SCWPlatform::Trying to open the hw design at /home/kike/Desktop/marvin/marvin/pynq_z2_bram_wrapper/hw/pynq_z2_bram_wrapper.xsa
TRACE::2024-07-31.11:49:44::SCWPlatform::DSA given /home/kike/Desktop/marvin/marvin/pynq_z2_bram_wrapper/hw/pynq_z2_bram_wrapper.xsa
TRACE::2024-07-31.11:49:44::SCWPlatform::DSA absoulate path /home/kike/Desktop/marvin/marvin/pynq_z2_bram_wrapper/hw/pynq_z2_bram_wrapper.xsa
TRACE::2024-07-31.11:49:44::SCWPlatform::DSA directory /home/kike/Desktop/marvin/marvin/pynq_z2_bram_wrapper/hw
TRACE::2024-07-31.11:49:44::SCWPlatform:: Platform Path /home/kike/Desktop/marvin/marvin/pynq_z2_bram_wrapper/hw/pynq_z2_bram_wrapper.xsa
TRACE::2024-07-31.11:49:44::SCWPlatform:: Unique name xilinx:pynq-z2::0.0
TRACE::2024-07-31.11:49:44::SCWPlatform::Trying to set the existing hwdb with name pynq_z2_bram_wrapper
TRACE::2024-07-31.11:49:44::SCWPlatform::Opened existing hwdb pynq_z2_bram_wrapper
TRACE::2024-07-31.11:49:44::SCWPlatform::Found the Hw Db part of the input DSA
TRACE::2024-07-31.11:49:44::SCWMssOS::Checking the sw design at  /home/kike/Desktop/marvin/marvin/pynq_z2_bram_wrapper/ps7_cortexa9_0/freertos10_xilinx_ps7_cortexa9_0/bsp/system.mss
TRACE::2024-07-31.11:49:44::SCWMssOS::DEBUG:  swdes dump  /home/kike/Desktop/marvin/marvin/pynq_z2_bram_wrapper/ps7_cortexa9_0/freertos10_xilinx_ps7_cortexa9_0/bsp/system.mss|system_0||
/home/kike/Desktop/marvin/marvin/pynq_z2_bram_wrapper/zynq_fsbl/zynq_fsbl_bsp/system.mss|system||

TRACE::2024-07-31.11:49:44::SCWMssOS::Sw design exists and opened at  /home/kike/Desktop/marvin/marvin/pynq_z2_bram_wrapper/ps7_cortexa9_0/freertos10_xilinx_ps7_cortexa9_0/bsp/system.mss
TRACE::2024-07-31.11:49:44::SCWPlatform::Trying to open the hw design at /home/kike/Desktop/marvin/marvin/pynq_z2_bram_wrapper/hw/pynq_z2_bram_wrapper.xsa
TRACE::2024-07-31.11:49:44::SCWPlatform::DSA given /home/kike/Desktop/marvin/marvin/pynq_z2_bram_wrapper/hw/pynq_z2_bram_wrapper.xsa
TRACE::2024-07-31.11:49:44::SCWPlatform::DSA absoulate path /home/kike/Desktop/marvin/marvin/pynq_z2_bram_wrapper/hw/pynq_z2_bram_wrapper.xsa
TRACE::2024-07-31.11:49:44::SCWPlatform::DSA directory /home/kike/Desktop/marvin/marvin/pynq_z2_bram_wrapper/hw
TRACE::2024-07-31.11:49:44::SCWPlatform:: Platform Path /home/kike/Desktop/marvin/marvin/pynq_z2_bram_wrapper/hw/pynq_z2_bram_wrapper.xsa
TRACE::2024-07-31.11:49:44::SCWPlatform:: Unique name xilinx:pynq-z2::0.0
TRACE::2024-07-31.11:49:44::SCWPlatform::Trying to set the existing hwdb with name pynq_z2_bram_wrapper
TRACE::2024-07-31.11:49:44::SCWPlatform::Opened existing hwdb pynq_z2_bram_wrapper
TRACE::2024-07-31.11:49:44::SCWPlatform::Found the Hw Db part of the input DSA
TRACE::2024-07-31.11:49:44::SCWMssOS::Checking the sw design at  /home/kike/Desktop/marvin/marvin/pynq_z2_bram_wrapper/ps7_cortexa9_0/freertos10_xilinx_ps7_cortexa9_0/bsp/system.mss
TRACE::2024-07-31.11:49:44::SCWMssOS::DEBUG:  swdes dump  /home/kike/Desktop/marvin/marvin/pynq_z2_bram_wrapper/ps7_cortexa9_0/freertos10_xilinx_ps7_cortexa9_0/bsp/system.mss|system_0||
/home/kike/Desktop/marvin/marvin/pynq_z2_bram_wrapper/zynq_fsbl/zynq_fsbl_bsp/system.mss|system||

TRACE::2024-07-31.11:49:44::SCWMssOS::Sw design exists and opened at  /home/kike/Desktop/marvin/marvin/pynq_z2_bram_wrapper/ps7_cortexa9_0/freertos10_xilinx_ps7_cortexa9_0/bsp/system.mss
TRACE::2024-07-31.11:49:44::SCWMssOS::Saving the mss changes /home/kike/Desktop/marvin/marvin/pynq_z2_bram_wrapper/ps7_cortexa9_0/freertos10_xilinx_ps7_cortexa9_0/bsp/system.mss
TRACE::2024-07-31.11:49:44::SCWMssOS::Found a swdesign opened with the mssfile.
TRACE::2024-07-31.11:49:44::SCWMssOS::Completed writemss as part of save.
TRACE::2024-07-31.11:49:44::SCWMssOS::Commit changes completed.
TRACE::2024-07-31.11:49:44::SCWReader::Adding prebuilt librarypaths as   
TRACE::2024-07-31.11:49:44::SCWReader::Adding prebuilt incpaths  as   
TRACE::2024-07-31.11:49:44::SCWPlatform::Trying to open the hw design at /home/kike/Desktop/marvin/marvin/pynq_z2_bram_wrapper/hw/pynq_z2_bram_wrapper.xsa
TRACE::2024-07-31.11:49:44::SCWPlatform::DSA given /home/kike/Desktop/marvin/marvin/pynq_z2_bram_wrapper/hw/pynq_z2_bram_wrapper.xsa
TRACE::2024-07-31.11:49:44::SCWPlatform::DSA absoulate path /home/kike/Desktop/marvin/marvin/pynq_z2_bram_wrapper/hw/pynq_z2_bram_wrapper.xsa
TRACE::2024-07-31.11:49:44::SCWPlatform::DSA directory /home/kike/Desktop/marvin/marvin/pynq_z2_bram_wrapper/hw
TRACE::2024-07-31.11:49:44::SCWPlatform:: Platform Path /home/kike/Desktop/marvin/marvin/pynq_z2_bram_wrapper/hw/pynq_z2_bram_wrapper.xsa
TRACE::2024-07-31.11:49:44::SCWPlatform:: Unique name xilinx:pynq-z2::0.0
TRACE::2024-07-31.11:49:44::SCWPlatform::Trying to set the existing hwdb with name pynq_z2_bram_wrapper
TRACE::2024-07-31.11:49:44::SCWPlatform::Opened existing hwdb pynq_z2_bram_wrapper
TRACE::2024-07-31.11:49:44::SCWPlatform::Found the Hw Db part of the input DSA
TRACE::2024-07-31.11:49:44::SCWMssOS::Checking the sw design at  /home/kike/Desktop/marvin/marvin/pynq_z2_bram_wrapper/ps7_cortexa9_0/freertos10_xilinx_ps7_cortexa9_0/bsp/system.mss
TRACE::2024-07-31.11:49:44::SCWMssOS::DEBUG:  swdes dump  /home/kike/Desktop/marvin/marvin/pynq_z2_bram_wrapper/ps7_cortexa9_0/freertos10_xilinx_ps7_cortexa9_0/bsp/system.mss|system_0||
/home/kike/Desktop/marvin/marvin/pynq_z2_bram_wrapper/zynq_fsbl/zynq_fsbl_bsp/system.mss|system||

TRACE::2024-07-31.11:49:44::SCWMssOS::Sw design exists and opened at  /home/kike/Desktop/marvin/marvin/pynq_z2_bram_wrapper/ps7_cortexa9_0/freertos10_xilinx_ps7_cortexa9_0/bsp/system.mss
TRACE::2024-07-31.11:49:44::SCWReader::No isolation master present  
LOG::2024-07-31.11:49:44::SCWPlatform::Started generating the artifacts platform pynq_z2_bram_wrapper
TRACE::2024-07-31.11:49:44::SCWPlatform::Sanity checking of platform is completed
LOG::2024-07-31.11:49:44::SCWPlatform::Started generating the artifacts for system configuration pynq_z2_bram_wrapper
LOG::2024-07-31.11:49:44::SCWSystem::Checking the domain zynq_fsbl
LOG::2024-07-31.11:49:44::SCWSystem::Doing application build for :  zynq_fsbl
TRACE::2024-07-31.11:49:44::SCWBDomain::Not a forced makefile updation, No changes are present. 
TRACE::2024-07-31.11:49:44::SCWDomain::Building the domain as part of full build :  zynq_fsbl
TRACE::2024-07-31.11:49:44::SCWPlatform::Trying to open the hw design at /home/kike/Desktop/marvin/marvin/pynq_z2_bram_wrapper/hw/pynq_z2_bram_wrapper.xsa
TRACE::2024-07-31.11:49:44::SCWPlatform::DSA given /home/kike/Desktop/marvin/marvin/pynq_z2_bram_wrapper/hw/pynq_z2_bram_wrapper.xsa
TRACE::2024-07-31.11:49:44::SCWPlatform::DSA absoulate path /home/kike/Desktop/marvin/marvin/pynq_z2_bram_wrapper/hw/pynq_z2_bram_wrapper.xsa
TRACE::2024-07-31.11:49:44::SCWPlatform::DSA directory /home/kike/Desktop/marvin/marvin/pynq_z2_bram_wrapper/hw
TRACE::2024-07-31.11:49:44::SCWPlatform:: Platform Path /home/kike/Desktop/marvin/marvin/pynq_z2_bram_wrapper/hw/pynq_z2_bram_wrapper.xsa
TRACE::2024-07-31.11:49:44::SCWPlatform:: Unique name xilinx:pynq-z2::0.0
TRACE::2024-07-31.11:49:44::SCWPlatform::Trying to set the existing hwdb with name pynq_z2_bram_wrapper
TRACE::2024-07-31.11:49:44::SCWPlatform::Opened existing hwdb pynq_z2_bram_wrapper
TRACE::2024-07-31.11:49:44::SCWPlatform::Found the Hw Db part of the input DSA
TRACE::2024-07-31.11:49:44::SCWMssOS::Checking the sw design at  /home/kike/Desktop/marvin/marvin/pynq_z2_bram_wrapper/zynq_fsbl/zynq_fsbl_bsp/system.mss
TRACE::2024-07-31.11:49:44::SCWMssOS::DEBUG:  swdes dump  /home/kike/Desktop/marvin/marvin/pynq_z2_bram_wrapper/ps7_cortexa9_0/freertos10_xilinx_ps7_cortexa9_0/bsp/system.mss|system_0||
/home/kike/Desktop/marvin/marvin/pynq_z2_bram_wrapper/zynq_fsbl/zynq_fsbl_bsp/system.mss|system||

TRACE::2024-07-31.11:49:44::SCWMssOS::Sw design exists and opened at  /home/kike/Desktop/marvin/marvin/pynq_z2_bram_wrapper/zynq_fsbl/zynq_fsbl_bsp/system.mss
TRACE::2024-07-31.11:49:44::SCWBDomain::Completed writing the mss file at /home/kike/Desktop/marvin/marvin/pynq_z2_bram_wrapper/zynq_fsbl/zynq_fsbl_bsp
TRACE::2024-07-31.11:49:44::SCWBDomain::bsp generated is upto date with the mss file. Skipping bsp generation.
TRACE::2024-07-31.11:49:44::SCWBDomain::Not a forced makefile updation, No changes are present. 
TRACE::2024-07-31.11:49:44::SCWBDomain::System Command Ran  cd  /home/kike/Desktop/marvin/marvin/pynq_z2_bram_wrapper/zynq_fsbl ; bash -c " make -C zynq_fsbl_bsp ; make  " 
TRACE::2024-07-31.11:49:44::SCWBDomain::make: Entering directory '/home/kike/Desktop/marvin/marvin/pynq_z2_bram_wrapper/zynq_fsbl/zynq_fsbl_bsp'

TRACE::2024-07-31.11:49:44::SCWBDomain::make --no-print-directory seq_libs

TRACE::2024-07-31.11:49:44::SCWBDomain::Running Make include in ps7_cortexa9_0/libsrc/bram_v4_10/src

TRACE::2024-07-31.11:49:44::SCWBDomain::make -C ps7_cortexa9_0/libsrc/bram_v4_10/src -s include  "SHELL=/bin/sh" "COMPILER=arm-none-eabi-gcc" "ASSEMBLER=arm-none-eabi-
TRACE::2024-07-31.11:49:44::SCWBDomain::as" "ARCHIVER=arm-none-eabi-ar" "COMPILER_FLAGS=  -O2 -c" "EXTRA_COMPILER_FLAGS=-mcpu=cortex-a9 -mfpu=vfpv3 -mfloat-abi=hard -n
TRACE::2024-07-31.11:49:44::SCWBDomain::ostartfiles -g -Wall -Wextra -fno-tree-loop-distribute-patterns"

TRACE::2024-07-31.11:49:44::SCWBDomain::Running Make include in ps7_cortexa9_0/libsrc/coresightps_dcc_v1_10/src

TRACE::2024-07-31.11:49:44::SCWBDomain::make -C ps7_cortexa9_0/libsrc/coresightps_dcc_v1_10/src -s include  "SHELL=/bin/sh" "COMPILER=arm-none-eabi-gcc" "ASSEMBLER=arm
TRACE::2024-07-31.11:49:44::SCWBDomain::-none-eabi-as" "ARCHIVER=arm-none-eabi-ar" "COMPILER_FLAGS=  -O2 -c" "EXTRA_COMPILER_FLAGS=-mcpu=cortex-a9 -mfpu=vfpv3 -mfloat-
TRACE::2024-07-31.11:49:44::SCWBDomain::abi=hard -nostartfiles -g -Wall -Wextra -fno-tree-loop-distribute-patterns"

TRACE::2024-07-31.11:49:44::SCWBDomain::Running Make include in ps7_cortexa9_0/libsrc/cpu_cortexa9_v2_12/src

TRACE::2024-07-31.11:49:44::SCWBDomain::make -C ps7_cortexa9_0/libsrc/cpu_cortexa9_v2_12/src -s include  "SHELL=/bin/sh" "COMPILER=arm-none-eabi-gcc" "ASSEMBLER=arm-no
TRACE::2024-07-31.11:49:44::SCWBDomain::ne-eabi-as" "ARCHIVER=arm-none-eabi-ar" "COMPILER_FLAGS=  -O2 -c" "EXTRA_COMPILER_FLAGS=-mcpu=cortex-a9 -mfpu=vfpv3 -mfloat-abi
TRACE::2024-07-31.11:49:44::SCWBDomain::=hard -nostartfiles -g -Wall -Wextra -fno-tree-loop-distribute-patterns"

TRACE::2024-07-31.11:49:44::SCWBDomain::Running Make include in ps7_cortexa9_0/libsrc/ddrps_v1_2/src

TRACE::2024-07-31.11:49:44::SCWBDomain::make -C ps7_cortexa9_0/libsrc/ddrps_v1_2/src -s include  "SHELL=/bin/sh" "COMPILER=arm-none-eabi-gcc" "ASSEMBLER=arm-none-eabi-
TRACE::2024-07-31.11:49:44::SCWBDomain::as" "ARCHIVER=arm-none-eabi-ar" "COMPILER_FLAGS=  -O2 -c" "EXTRA_COMPILER_FLAGS=-mcpu=cortex-a9 -mfpu=vfpv3 -mfloat-abi=hard -n
TRACE::2024-07-31.11:49:44::SCWBDomain::ostartfiles -g -Wall -Wextra -fno-tree-loop-distribute-patterns"

TRACE::2024-07-31.11:49:44::SCWBDomain::Running Make include in ps7_cortexa9_0/libsrc/devcfg_v3_8/src

TRACE::2024-07-31.11:49:44::SCWBDomain::make -C ps7_cortexa9_0/libsrc/devcfg_v3_8/src -s include  "SHELL=/bin/sh" "COMPILER=arm-none-eabi-gcc" "ASSEMBLER=arm-none-eabi
TRACE::2024-07-31.11:49:44::SCWBDomain::-as" "ARCHIVER=arm-none-eabi-ar" "COMPILER_FLAGS=  -O2 -c" "EXTRA_COMPILER_FLAGS=-mcpu=cortex-a9 -mfpu=vfpv3 -mfloat-abi=hard -
TRACE::2024-07-31.11:49:44::SCWBDomain::nostartfiles -g -Wall -Wextra -fno-tree-loop-distribute-patterns"

TRACE::2024-07-31.11:49:44::SCWBDomain::Running Make include in ps7_cortexa9_0/libsrc/dmaps_v2_10/src

TRACE::2024-07-31.11:49:44::SCWBDomain::make -C ps7_cortexa9_0/libsrc/dmaps_v2_10/src -s include  "SHELL=/bin/sh" "COMPILER=arm-none-eabi-gcc" "ASSEMBLER=arm-none-eabi
TRACE::2024-07-31.11:49:44::SCWBDomain::-as" "ARCHIVER=arm-none-eabi-ar" "COMPILER_FLAGS=  -O2 -c" "EXTRA_COMPILER_FLAGS=-mcpu=cortex-a9 -mfpu=vfpv3 -mfloat-abi=hard -
TRACE::2024-07-31.11:49:44::SCWBDomain::nostartfiles -g -Wall -Wextra -fno-tree-loop-distribute-patterns"

TRACE::2024-07-31.11:49:44::SCWBDomain::Running Make include in ps7_cortexa9_0/libsrc/emacps_v3_20/src

TRACE::2024-07-31.11:49:44::SCWBDomain::make -C ps7_cortexa9_0/libsrc/emacps_v3_20/src -s include  "SHELL=/bin/sh" "COMPILER=arm-none-eabi-gcc" "ASSEMBLER=arm-none-eab
TRACE::2024-07-31.11:49:44::SCWBDomain::i-as" "ARCHIVER=arm-none-eabi-ar" "COMPILER_FLAGS=  -O2 -c" "EXTRA_COMPILER_FLAGS=-mcpu=cortex-a9 -mfpu=vfpv3 -mfloat-abi=hard 
TRACE::2024-07-31.11:49:44::SCWBDomain::-nostartfiles -g -Wall -Wextra -fno-tree-loop-distribute-patterns"

TRACE::2024-07-31.11:49:44::SCWBDomain::Running Make include in ps7_cortexa9_0/libsrc/gpiops_v3_13/src

TRACE::2024-07-31.11:49:44::SCWBDomain::make -C ps7_cortexa9_0/libsrc/gpiops_v3_13/src -s include  "SHELL=/bin/sh" "COMPILER=arm-none-eabi-gcc" "ASSEMBLER=arm-none-eab
TRACE::2024-07-31.11:49:44::SCWBDomain::i-as" "ARCHIVER=arm-none-eabi-ar" "COMPILER_FLAGS=  -O2 -c" "EXTRA_COMPILER_FLAGS=-mcpu=cortex-a9 -mfpu=vfpv3 -mfloat-abi=hard 
TRACE::2024-07-31.11:49:44::SCWBDomain::-nostartfiles -g -Wall -Wextra -fno-tree-loop-distribute-patterns"

TRACE::2024-07-31.11:49:44::SCWBDomain::Running Make include in ps7_cortexa9_0/libsrc/qspips_v3_12/src

TRACE::2024-07-31.11:49:44::SCWBDomain::make -C ps7_cortexa9_0/libsrc/qspips_v3_12/src -s include  "SHELL=/bin/sh" "COMPILER=arm-none-eabi-gcc" "ASSEMBLER=arm-none-eab
TRACE::2024-07-31.11:49:44::SCWBDomain::i-as" "ARCHIVER=arm-none-eabi-ar" "COMPILER_FLAGS=  -O2 -c" "EXTRA_COMPILER_FLAGS=-mcpu=cortex-a9 -mfpu=vfpv3 -mfloat-abi=hard 
TRACE::2024-07-31.11:49:44::SCWBDomain::-nostartfiles -g -Wall -Wextra -fno-tree-loop-distribute-patterns"

TRACE::2024-07-31.11:49:44::SCWBDomain::Running Make include in ps7_cortexa9_0/libsrc/scugic_v5_3/src

TRACE::2024-07-31.11:49:44::SCWBDomain::make -C ps7_cortexa9_0/libsrc/scugic_v5_3/src -s include  "SHELL=/bin/sh" "COMPILER=arm-none-eabi-gcc" "ASSEMBLER=arm-none-eabi
TRACE::2024-07-31.11:49:44::SCWBDomain::-as" "ARCHIVER=arm-none-eabi-ar" "COMPILER_FLAGS=  -O2 -c" "EXTRA_COMPILER_FLAGS=-mcpu=cortex-a9 -mfpu=vfpv3 -mfloat-abi=hard -
TRACE::2024-07-31.11:49:44::SCWBDomain::nostartfiles -g -Wall -Wextra -fno-tree-loop-distribute-patterns"

TRACE::2024-07-31.11:49:44::SCWBDomain::Running Make include in ps7_cortexa9_0/libsrc/scutimer_v2_6/src

TRACE::2024-07-31.11:49:44::SCWBDomain::make -C ps7_cortexa9_0/libsrc/scutimer_v2_6/src -s include  "SHELL=/bin/sh" "COMPILER=arm-none-eabi-gcc" "ASSEMBLER=arm-none-ea
TRACE::2024-07-31.11:49:44::SCWBDomain::bi-as" "ARCHIVER=arm-none-eabi-ar" "COMPILER_FLAGS=  -O2 -c" "EXTRA_COMPILER_FLAGS=-mcpu=cortex-a9 -mfpu=vfpv3 -mfloat-abi=hard
TRACE::2024-07-31.11:49:44::SCWBDomain:: -nostartfiles -g -Wall -Wextra -fno-tree-loop-distribute-patterns"

TRACE::2024-07-31.11:49:44::SCWBDomain::Running Make include in ps7_cortexa9_0/libsrc/scuwdt_v2_5/src

TRACE::2024-07-31.11:49:44::SCWBDomain::make -C ps7_cortexa9_0/libsrc/scuwdt_v2_5/src -s include  "SHELL=/bin/sh" "COMPILER=arm-none-eabi-gcc" "ASSEMBLER=arm-none-eabi
TRACE::2024-07-31.11:49:44::SCWBDomain::-as" "ARCHIVER=arm-none-eabi-ar" "COMPILER_FLAGS=  -O2 -c" "EXTRA_COMPILER_FLAGS=-mcpu=cortex-a9 -mfpu=vfpv3 -mfloat-abi=hard -
TRACE::2024-07-31.11:49:44::SCWBDomain::nostartfiles -g -Wall -Wextra -fno-tree-loop-distribute-patterns"

TRACE::2024-07-31.11:49:44::SCWBDomain::Running Make include in ps7_cortexa9_0/libsrc/sdps_v4_3/src

TRACE::2024-07-31.11:49:44::SCWBDomain::make -C ps7_cortexa9_0/libsrc/sdps_v4_3/src -s include  "SHELL=/bin/sh" "COMPILER=arm-none-eabi-gcc" "ASSEMBLER=arm-none-eabi-a
TRACE::2024-07-31.11:49:44::SCWBDomain::s" "ARCHIVER=arm-none-eabi-ar" "COMPILER_FLAGS=  -O2 -c" "EXTRA_COMPILER_FLAGS=-mcpu=cortex-a9 -mfpu=vfpv3 -mfloat-abi=hard -no
TRACE::2024-07-31.11:49:44::SCWBDomain::startfiles -g -Wall -Wextra -fno-tree-loop-distribute-patterns"

TRACE::2024-07-31.11:49:44::SCWBDomain::Running Make include in ps7_cortexa9_0/libsrc/standalone_v9_1/src

TRACE::2024-07-31.11:49:44::SCWBDomain::make -C ps7_cortexa9_0/libsrc/standalone_v9_1/src -s include  "SHELL=/bin/sh" "COMPILER=arm-none-eabi-gcc" "ASSEMBLER=arm-none-
TRACE::2024-07-31.11:49:44::SCWBDomain::eabi-as" "ARCHIVER=arm-none-eabi-ar" "COMPILER_FLAGS=  -O2 -c" "EXTRA_COMPILER_FLAGS=-mcpu=cortex-a9 -mfpu=vfpv3 -mfloat-abi=ha
TRACE::2024-07-31.11:49:44::SCWBDomain::rd -nostartfiles -g -Wall -Wextra -fno-tree-loop-distribute-patterns"

TRACE::2024-07-31.11:49:44::SCWBDomain::Running Make include in ps7_cortexa9_0/libsrc/uartps_v3_14/src

TRACE::2024-07-31.11:49:44::SCWBDomain::make -C ps7_cortexa9_0/libsrc/uartps_v3_14/src -s include  "SHELL=/bin/sh" "COMPILER=arm-none-eabi-gcc" "ASSEMBLER=arm-none-eab
TRACE::2024-07-31.11:49:44::SCWBDomain::i-as" "ARCHIVER=arm-none-eabi-ar" "COMPILER_FLAGS=  -O2 -c" "EXTRA_COMPILER_FLAGS=-mcpu=cortex-a9 -mfpu=vfpv3 -mfloat-abi=hard 
TRACE::2024-07-31.11:49:44::SCWBDomain::-nostartfiles -g -Wall -Wextra -fno-tree-loop-distribute-patterns"

TRACE::2024-07-31.11:49:44::SCWBDomain::Running Make include in ps7_cortexa9_0/libsrc/usbps_v2_9/src

TRACE::2024-07-31.11:49:44::SCWBDomain::make -C ps7_cortexa9_0/libsrc/usbps_v2_9/src -s include  "SHELL=/bin/sh" "COMPILER=arm-none-eabi-gcc" "ASSEMBLER=arm-none-eabi-
TRACE::2024-07-31.11:49:44::SCWBDomain::as" "ARCHIVER=arm-none-eabi-ar" "COMPILER_FLAGS=  -O2 -c" "EXTRA_COMPILER_FLAGS=-mcpu=cortex-a9 -mfpu=vfpv3 -mfloat-abi=hard -n
TRACE::2024-07-31.11:49:44::SCWBDomain::ostartfiles -g -Wall -Wextra -fno-tree-loop-distribute-patterns"

TRACE::2024-07-31.11:49:44::SCWBDomain::Running Make include in ps7_cortexa9_0/libsrc/xadcps_v2_7/src

TRACE::2024-07-31.11:49:44::SCWBDomain::make -C ps7_cortexa9_0/libsrc/xadcps_v2_7/src -s include  "SHELL=/bin/sh" "COMPILER=arm-none-eabi-gcc" "ASSEMBLER=arm-none-eabi
TRACE::2024-07-31.11:49:44::SCWBDomain::-as" "ARCHIVER=arm-none-eabi-ar" "COMPILER_FLAGS=  -O2 -c" "EXTRA_COMPILER_FLAGS=-mcpu=cortex-a9 -mfpu=vfpv3 -mfloat-abi=hard -
TRACE::2024-07-31.11:49:44::SCWBDomain::nostartfiles -g -Wall -Wextra -fno-tree-loop-distribute-patterns"

TRACE::2024-07-31.11:49:44::SCWBDomain::Running Make include in ps7_cortexa9_0/libsrc/xilffs_v5_2/src

TRACE::2024-07-31.11:49:44::SCWBDomain::make -C ps7_cortexa9_0/libsrc/xilffs_v5_2/src -s include  "SHELL=/bin/sh" "COMPILER=arm-none-eabi-gcc" "ASSEMBLER=arm-none-eabi
TRACE::2024-07-31.11:49:44::SCWBDomain::-as" "ARCHIVER=arm-none-eabi-ar" "COMPILER_FLAGS=  -O2 -c" "EXTRA_COMPILER_FLAGS=-mcpu=cortex-a9 -mfpu=vfpv3 -mfloat-abi=hard -
TRACE::2024-07-31.11:49:44::SCWBDomain::nostartfiles -g -Wall -Wextra -fno-tree-loop-distribute-patterns"

TRACE::2024-07-31.11:49:44::SCWBDomain::Running Make include in ps7_cortexa9_0/libsrc/xilrsa_v1_8/src

TRACE::2024-07-31.11:49:44::SCWBDomain::make -C ps7_cortexa9_0/libsrc/xilrsa_v1_8/src -s include  "SHELL=/bin/sh" "COMPILER=arm-none-eabi-gcc" "ASSEMBLER=arm-none-eabi
TRACE::2024-07-31.11:49:44::SCWBDomain::-as" "ARCHIVER=arm-none-eabi-ar" "COMPILER_FLAGS=  -O2 -c" "EXTRA_COMPILER_FLAGS=-mcpu=cortex-a9 -mfpu=vfpv3 -mfloat-abi=hard -
TRACE::2024-07-31.11:49:44::SCWBDomain::nostartfiles -g -Wall -Wextra -fno-tree-loop-distribute-patterns"

TRACE::2024-07-31.11:49:44::SCWBDomain::Running Make libs in ps7_cortexa9_0/libsrc/xilrsa_v1_8/src

TRACE::2024-07-31.11:49:44::SCWBDomain::make -C ps7_cortexa9_0/libsrc/xilrsa_v1_8/src -s libs  "SHELL=/bin/sh" "COMPILER=arm-none-eabi-gcc" "ASSEMBLER=arm-none-eabi-as
TRACE::2024-07-31.11:49:44::SCWBDomain::" "ARCHIVER=arm-none-eabi-ar" "COMPILER_FLAGS=  -O2 -c" "EXTRA_COMPILER_FLAGS=-mcpu=cortex-a9 -mfpu=vfpv3 -mfloat-abi=hard -nos
TRACE::2024-07-31.11:49:44::SCWBDomain::tartfiles -g -Wall -Wextra -fno-tree-loop-distribute-patterns"

TRACE::2024-07-31.11:49:44::SCWBDomain::Finished building libraries sequentially.

TRACE::2024-07-31.11:49:44::SCWBDomain::make -j 10 --no-print-directory par_libs

TRACE::2024-07-31.11:49:44::SCWBDomain::Running Make include in ps7_cortexa9_0/libsrc/bram_v4_10/src

TRACE::2024-07-31.11:49:44::SCWBDomain::make -C ps7_cortexa9_0/libsrc/bram_v4_10/src -s include  "SHELL=/bin/sh" "COMPILER=arm-none-eabi-gcc" "ASSEMBLER=arm-none-eabi-
TRACE::2024-07-31.11:49:44::SCWBDomain::as" "ARCHIVER=arm-none-eabi-ar" "COMPILER_FLAGS=  -O2 -c" "EXTRA_COMPILER_FLAGS=-mcpu=cortex-a9 -mfpu=vfpv3 -mfloat-abi=hard -n
TRACE::2024-07-31.11:49:44::SCWBDomain::ostartfiles -g -Wall -Wextra -fno-tree-loop-distribute-patterns"

TRACE::2024-07-31.11:49:44::SCWBDomain::Running Make include in ps7_cortexa9_0/libsrc/coresightps_dcc_v1_10/src

TRACE::2024-07-31.11:49:44::SCWBDomain::make -C ps7_cortexa9_0/libsrc/coresightps_dcc_v1_10/src -s include  "SHELL=/bin/sh" "COMPILER=arm-none-eabi-gcc" "ASSEMBLER=arm
TRACE::2024-07-31.11:49:44::SCWBDomain::-none-eabi-as" "ARCHIVER=arm-none-eabi-ar" "COMPILER_FLAGS=  -O2 -c" "EXTRA_COMPILER_FLAGS=-mcpu=cortex-a9 -mfpu=vfpv3 -mfloat-
TRACE::2024-07-31.11:49:44::SCWBDomain::abi=hard -nostartfiles -g -Wall -Wextra -fno-tree-loop-distribute-patterns"

TRACE::2024-07-31.11:49:44::SCWBDomain::Running Make include in ps7_cortexa9_0/libsrc/cpu_cortexa9_v2_12/src

TRACE::2024-07-31.11:49:44::SCWBDomain::make -C ps7_cortexa9_0/libsrc/cpu_cortexa9_v2_12/src -s include  "SHELL=/bin/sh" "COMPILER=arm-none-eabi-gcc" "ASSEMBLER=arm-no
TRACE::2024-07-31.11:49:44::SCWBDomain::ne-eabi-as" "ARCHIVER=arm-none-eabi-ar" "COMPILER_FLAGS=  -O2 -c" "EXTRA_COMPILER_FLAGS=-mcpu=cortex-a9 -mfpu=vfpv3 -mfloat-abi
TRACE::2024-07-31.11:49:44::SCWBDomain::=hard -nostartfiles -g -Wall -Wextra -fno-tree-loop-distribute-patterns"

TRACE::2024-07-31.11:49:44::SCWBDomain::Running Make include in ps7_cortexa9_0/libsrc/ddrps_v1_2/src

TRACE::2024-07-31.11:49:44::SCWBDomain::make -C ps7_cortexa9_0/libsrc/ddrps_v1_2/src -s include  "SHELL=/bin/sh" "COMPILER=arm-none-eabi-gcc" "ASSEMBLER=arm-none-eabi-
TRACE::2024-07-31.11:49:44::SCWBDomain::as" "ARCHIVER=arm-none-eabi-ar" "COMPILER_FLAGS=  -O2 -c" "EXTRA_COMPILER_FLAGS=-mcpu=cortex-a9 -mfpu=vfpv3 -mfloat-abi=hard -n
TRACE::2024-07-31.11:49:44::SCWBDomain::ostartfiles -g -Wall -Wextra -fno-tree-loop-distribute-patterns"

TRACE::2024-07-31.11:49:44::SCWBDomain::Running Make include in ps7_cortexa9_0/libsrc/devcfg_v3_8/src

TRACE::2024-07-31.11:49:44::SCWBDomain::Running Make include in ps7_cortexa9_0/libsrc/dmaps_v2_10/src

TRACE::2024-07-31.11:49:44::SCWBDomain::make -C ps7_cortexa9_0/libsrc/devcfg_v3_8/src -s include  "SHELL=/bin/sh" "COMPILER=arm-none-eabi-gcc" "ASSEMBLER=arm-none-eabi
TRACE::2024-07-31.11:49:44::SCWBDomain::-as" "ARCHIVER=arm-none-eabi-ar" "COMPILER_FLAGS=  -O2 -c" "EXTRA_COMPILER_FLAGS=-mcpu=cortex-a9 -mfpu=vfpv3 -mfloat-abi=hard -
TRACE::2024-07-31.11:49:44::SCWBDomain::nostartfiles -g -Wall -Wextra -fno-tree-loop-distribute-patterns"

TRACE::2024-07-31.11:49:44::SCWBDomain::make -C ps7_cortexa9_0/libsrc/dmaps_v2_10/src -s include  "SHELL=/bin/sh" "COMPILER=arm-none-eabi-gcc" "ASSEMBLER=arm-none-eabi
TRACE::2024-07-31.11:49:44::SCWBDomain::-as" "ARCHIVER=arm-none-eabi-ar" "COMPILER_FLAGS=  -O2 -c" "EXTRA_COMPILER_FLAGS=-mcpu=cortex-a9 -mfpu=vfpv3 -mfloat-abi=hard -
TRACE::2024-07-31.11:49:44::SCWBDomain::nostartfiles -g -Wall -Wextra -fno-tree-loop-distribute-patterns"

TRACE::2024-07-31.11:49:44::SCWBDomain::Running Make include in ps7_cortexa9_0/libsrc/emacps_v3_20/src

TRACE::2024-07-31.11:49:44::SCWBDomain::make -C ps7_cortexa9_0/libsrc/emacps_v3_20/src -s include  "SHELL=/bin/sh" "COMPILER=arm-none-eabi-gcc" "ASSEMBLER=arm-none-eab
TRACE::2024-07-31.11:49:44::SCWBDomain::i-as" "ARCHIVER=arm-none-eabi-ar" "COMPILER_FLAGS=  -O2 -c" "EXTRA_COMPILER_FLAGS=-mcpu=cortex-a9 -mfpu=vfpv3 -mfloat-abi=hard 
TRACE::2024-07-31.11:49:44::SCWBDomain::-nostartfiles -g -Wall -Wextra -fno-tree-loop-distribute-patterns"

TRACE::2024-07-31.11:49:44::SCWBDomain::Running Make include in ps7_cortexa9_0/libsrc/gpiops_v3_13/src

TRACE::2024-07-31.11:49:44::SCWBDomain::Running Make include in ps7_cortexa9_0/libsrc/qspips_v3_12/src

TRACE::2024-07-31.11:49:44::SCWBDomain::make -C ps7_cortexa9_0/libsrc/gpiops_v3_13/src -s include  "SHELL=/bin/sh" "COMPILER=arm-none-eabi-gcc" "ASSEMBLER=arm-none-eab
TRACE::2024-07-31.11:49:44::SCWBDomain::i-as" "ARCHIVER=arm-none-eabi-ar" "COMPILER_FLAGS=  -O2 -c" "EXTRA_COMPILER_FLAGS=-mcpu=cortex-a9 -mfpu=vfpv3 -mfloat-abi=hard 
TRACE::2024-07-31.11:49:44::SCWBDomain::-nostartfiles -g -Wall -Wextra -fno-tree-loop-distribute-patterns"

TRACE::2024-07-31.11:49:44::SCWBDomain::make -C ps7_cortexa9_0/libsrc/qspips_v3_12/src -s include  "SHELL=/bin/sh" "COMPILER=arm-none-eabi-gcc" "ASSEMBLER=arm-none-eab
TRACE::2024-07-31.11:49:44::SCWBDomain::i-as" "ARCHIVER=arm-none-eabi-ar" "COMPILER_FLAGS=  -O2 -c" "EXTRA_COMPILER_FLAGS=-mcpu=cortex-a9 -mfpu=vfpv3 -mfloat-abi=hard 
TRACE::2024-07-31.11:49:44::SCWBDomain::-nostartfiles -g -Wall -Wextra -fno-tree-loop-distribute-patterns"

TRACE::2024-07-31.11:49:44::SCWBDomain::Running Make include in ps7_cortexa9_0/libsrc/scugic_v5_3/src

TRACE::2024-07-31.11:49:44::SCWBDomain::make -C ps7_cortexa9_0/libsrc/scugic_v5_3/src -s include  "SHELL=/bin/sh" "COMPILER=arm-none-eabi-gcc" "ASSEMBLER=arm-none-eabi
TRACE::2024-07-31.11:49:44::SCWBDomain::-as" "ARCHIVER=arm-none-eabi-ar" "COMPILER_FLAGS=  -O2 -c" "EXTRA_COMPILER_FLAGS=-mcpu=cortex-a9 -mfpu=vfpv3 -mfloat-abi=hard -
TRACE::2024-07-31.11:49:44::SCWBDomain::nostartfiles -g -Wall -Wextra -fno-tree-loop-distribute-patterns"

TRACE::2024-07-31.11:49:44::SCWBDomain::Running Make include in ps7_cortexa9_0/libsrc/scutimer_v2_6/src

TRACE::2024-07-31.11:49:44::SCWBDomain::Running Make include in ps7_cortexa9_0/libsrc/scuwdt_v2_5/src

TRACE::2024-07-31.11:49:44::SCWBDomain::make -C ps7_cortexa9_0/libsrc/scutimer_v2_6/src -s include  "SHELL=/bin/sh" "COMPILER=arm-none-eabi-gcc" "ASSEMBLER=arm-none-ea
TRACE::2024-07-31.11:49:44::SCWBDomain::bi-as" "ARCHIVER=arm-none-eabi-ar" "COMPILER_FLAGS=  -O2 -c" "EXTRA_COMPILER_FLAGS=-mcpu=cortex-a9 -mfpu=vfpv3 -mfloat-abi=hard
TRACE::2024-07-31.11:49:44::SCWBDomain:: -nostartfiles -g -Wall -Wextra -fno-tree-loop-distribute-patterns"

TRACE::2024-07-31.11:49:44::SCWBDomain::Running Make include in ps7_cortexa9_0/libsrc/sdps_v4_3/src

TRACE::2024-07-31.11:49:44::SCWBDomain::make -C ps7_cortexa9_0/libsrc/scuwdt_v2_5/src -s include  "SHELL=/bin/sh" "COMPILER=arm-none-eabi-gcc" "ASSEMBLER=arm-none-eabi
TRACE::2024-07-31.11:49:44::SCWBDomain::-as" "ARCHIVER=arm-none-eabi-ar" "COMPILER_FLAGS=  -O2 -c" "EXTRA_COMPILER_FLAGS=-mcpu=cortex-a9 -mfpu=vfpv3 -mfloat-abi=hard -
TRACE::2024-07-31.11:49:44::SCWBDomain::nostartfiles -g -Wall -Wextra -fno-tree-loop-distribute-patterns"

TRACE::2024-07-31.11:49:44::SCWBDomain::make -C ps7_cortexa9_0/libsrc/sdps_v4_3/src -s include  "SHELL=/bin/sh" "COMPILER=arm-none-eabi-gcc" "ASSEMBLER=arm-none-eabi-a
TRACE::2024-07-31.11:49:44::SCWBDomain::s" "ARCHIVER=arm-none-eabi-ar" "COMPILER_FLAGS=  -O2 -c" "EXTRA_COMPILER_FLAGS=-mcpu=cortex-a9 -mfpu=vfpv3 -mfloat-abi=hard -no
TRACE::2024-07-31.11:49:44::SCWBDomain::startfiles -g -Wall -Wextra -fno-tree-loop-distribute-patterns"

TRACE::2024-07-31.11:49:44::SCWBDomain::Running Make include in ps7_cortexa9_0/libsrc/standalone_v9_1/src

TRACE::2024-07-31.11:49:44::SCWBDomain::make -C ps7_cortexa9_0/libsrc/standalone_v9_1/src -s include  "SHELL=/bin/sh" "COMPILER=arm-none-eabi-gcc" "ASSEMBLER=arm-none-
TRACE::2024-07-31.11:49:44::SCWBDomain::eabi-as" "ARCHIVER=arm-none-eabi-ar" "COMPILER_FLAGS=  -O2 -c" "EXTRA_COMPILER_FLAGS=-mcpu=cortex-a9 -mfpu=vfpv3 -mfloat-abi=ha
TRACE::2024-07-31.11:49:44::SCWBDomain::rd -nostartfiles -g -Wall -Wextra -fno-tree-loop-distribute-patterns"

TRACE::2024-07-31.11:49:44::SCWBDomain::Running Make include in ps7_cortexa9_0/libsrc/uartps_v3_14/src

TRACE::2024-07-31.11:49:44::SCWBDomain::make -C ps7_cortexa9_0/libsrc/uartps_v3_14/src -s include  "SHELL=/bin/sh" "COMPILER=arm-none-eabi-gcc" "ASSEMBLER=arm-none-eab
TRACE::2024-07-31.11:49:44::SCWBDomain::i-as" "ARCHIVER=arm-none-eabi-ar" "COMPILER_FLAGS=  -O2 -c" "EXTRA_COMPILER_FLAGS=-mcpu=cortex-a9 -mfpu=vfpv3 -mfloat-abi=hard 
TRACE::2024-07-31.11:49:44::SCWBDomain::-nostartfiles -g -Wall -Wextra -fno-tree-loop-distribute-patterns"

TRACE::2024-07-31.11:49:44::SCWBDomain::Running Make include in ps7_cortexa9_0/libsrc/usbps_v2_9/src

TRACE::2024-07-31.11:49:44::SCWBDomain::Running Make include in ps7_cortexa9_0/libsrc/xadcps_v2_7/src

TRACE::2024-07-31.11:49:44::SCWBDomain::Running Make include in ps7_cortexa9_0/libsrc/xilffs_v5_2/src

TRACE::2024-07-31.11:49:44::SCWBDomain::make -C ps7_cortexa9_0/libsrc/usbps_v2_9/src -s include  "SHELL=/bin/sh" "COMPILER=arm-none-eabi-gcc" "ASSEMBLER=arm-none-eabi-
TRACE::2024-07-31.11:49:44::SCWBDomain::as" "ARCHIVER=arm-none-eabi-ar" "COMPILER_FLAGS=  -O2 -c" "EXTRA_COMPILER_FLAGS=-mcpu=cortex-a9 -mfpu=vfpv3 -mfloat-abi=hard -n
TRACE::2024-07-31.11:49:44::SCWBDomain::ostartfiles -g -Wall -Wextra -fno-tree-loop-distribute-patterns"

TRACE::2024-07-31.11:49:44::SCWBDomain::make -C ps7_cortexa9_0/libsrc/xadcps_v2_7/src -s include  "SHELL=/bin/sh" "COMPILER=arm-none-eabi-gcc" "ASSEMBLER=arm-none-eabi
TRACE::2024-07-31.11:49:44::SCWBDomain::-as" "ARCHIVER=arm-none-eabi-ar" "COMPILER_FLAGS=  -O2 -c" "EXTRA_COMPILER_FLAGS=-mcpu=cortex-a9 -mfpu=vfpv3 -mfloat-abi=hard -
TRACE::2024-07-31.11:49:44::SCWBDomain::nostartfiles -g -Wall -Wextra -fno-tree-loop-distribute-patterns"

TRACE::2024-07-31.11:49:44::SCWBDomain::Running Make include in ps7_cortexa9_0/libsrc/xilrsa_v1_8/src

TRACE::2024-07-31.11:49:44::SCWBDomain::make -C ps7_cortexa9_0/libsrc/xilffs_v5_2/src -s include  "SHELL=/bin/sh" "COMPILER=arm-none-eabi-gcc" "ASSEMBLER=arm-none-eabi
TRACE::2024-07-31.11:49:44::SCWBDomain::-as" "ARCHIVER=arm-none-eabi-ar" "COMPILER_FLAGS=  -O2 -c" "EXTRA_COMPILER_FLAGS=-mcpu=cortex-a9 -mfpu=vfpv3 -mfloat-abi=hard -
TRACE::2024-07-31.11:49:44::SCWBDomain::nostartfiles -g -Wall -Wextra -fno-tree-loop-distribute-patterns"

TRACE::2024-07-31.11:49:44::SCWBDomain::make -C ps7_cortexa9_0/libsrc/xilrsa_v1_8/src -s include  "SHELL=/bin/sh" "COMPILER=arm-none-eabi-gcc" "ASSEMBLER=arm-none-eabi
TRACE::2024-07-31.11:49:44::SCWBDomain::-as" "ARCHIVER=arm-none-eabi-ar" "COMPILER_FLAGS=  -O2 -c" "EXTRA_COMPILER_FLAGS=-mcpu=cortex-a9 -mfpu=vfpv3 -mfloat-abi=hard -
TRACE::2024-07-31.11:49:44::SCWBDomain::nostartfiles -g -Wall -Wextra -fno-tree-loop-distribute-patterns"

TRACE::2024-07-31.11:49:44::SCWBDomain::Running Make libs in ps7_cortexa9_0/libsrc/bram_v4_10/src

TRACE::2024-07-31.11:49:44::SCWBDomain::Running Make libs in ps7_cortexa9_0/libsrc/coresightps_dcc_v1_10/src

TRACE::2024-07-31.11:49:44::SCWBDomain::make -C ps7_cortexa9_0/libsrc/bram_v4_10/src -s libs  "SHELL=/bin/sh" "COMPILER=arm-none-eabi-gcc" "ASSEMBLER=arm-none-eabi-as"
TRACE::2024-07-31.11:49:44::SCWBDomain:: "ARCHIVER=arm-none-eabi-ar" "COMPILER_FLAGS=  -O2 -c" "EXTRA_COMPILER_FLAGS=-mcpu=cortex-a9 -mfpu=vfpv3 -mfloat-abi=hard -nost
TRACE::2024-07-31.11:49:44::SCWBDomain::artfiles -g -Wall -Wextra -fno-tree-loop-distribute-patterns"

TRACE::2024-07-31.11:49:44::SCWBDomain::make -C ps7_cortexa9_0/libsrc/coresightps_dcc_v1_10/src -s libs  "SHELL=/bin/sh" "COMPILER=arm-none-eabi-gcc" "ASSEMBLER=arm-no
TRACE::2024-07-31.11:49:44::SCWBDomain::ne-eabi-as" "ARCHIVER=arm-none-eabi-ar" "COMPILER_FLAGS=  -O2 -c" "EXTRA_COMPILER_FLAGS=-mcpu=cortex-a9 -mfpu=vfpv3 -mfloat-abi
TRACE::2024-07-31.11:49:44::SCWBDomain::=hard -nostartfiles -g -Wall -Wextra -fno-tree-loop-distribute-patterns"

TRACE::2024-07-31.11:49:44::SCWBDomain::Running Make libs in ps7_cortexa9_0/libsrc/ddrps_v1_2/src

TRACE::2024-07-31.11:49:44::SCWBDomain::Running Make libs in ps7_cortexa9_0/libsrc/cpu_cortexa9_v2_12/src

TRACE::2024-07-31.11:49:44::SCWBDomain::make -C ps7_cortexa9_0/libsrc/cpu_cortexa9_v2_12/src -s libs  "SHELL=/bin/sh" "COMPILER=arm-none-eabi-gcc" "ASSEMBLER=arm-none-
TRACE::2024-07-31.11:49:44::SCWBDomain::eabi-as" "ARCHIVER=arm-none-eabi-ar" "COMPILER_FLAGS=  -O2 -c" "EXTRA_COMPILER_FLAGS=-mcpu=cortex-a9 -mfpu=vfpv3 -mfloat-abi=ha
TRACE::2024-07-31.11:49:44::SCWBDomain::rd -nostartfiles -g -Wall -Wextra -fno-tree-loop-distribute-patterns"

TRACE::2024-07-31.11:49:44::SCWBDomain::make -C ps7_cortexa9_0/libsrc/ddrps_v1_2/src -s libs  "SHELL=/bin/sh" "COMPILER=arm-none-eabi-gcc" "ASSEMBLER=arm-none-eabi-as"
TRACE::2024-07-31.11:49:44::SCWBDomain:: "ARCHIVER=arm-none-eabi-ar" "COMPILER_FLAGS=  -O2 -c" "EXTRA_COMPILER_FLAGS=-mcpu=cortex-a9 -mfpu=vfpv3 -mfloat-abi=hard -nost
TRACE::2024-07-31.11:49:44::SCWBDomain::artfiles -g -Wall -Wextra -fno-tree-loop-distribute-patterns"

TRACE::2024-07-31.11:49:44::SCWBDomain::Running Make libs in ps7_cortexa9_0/libsrc/dmaps_v2_10/src

TRACE::2024-07-31.11:49:44::SCWBDomain::Running Make libs in ps7_cortexa9_0/libsrc/devcfg_v3_8/src

TRACE::2024-07-31.11:49:44::SCWBDomain::make -C ps7_cortexa9_0/libsrc/devcfg_v3_8/src -s libs  "SHELL=/bin/sh" "COMPILER=arm-none-eabi-gcc" "ASSEMBLER=arm-none-eabi-as
TRACE::2024-07-31.11:49:44::SCWBDomain::" "ARCHIVER=arm-none-eabi-ar" "COMPILER_FLAGS=  -O2 -c" "EXTRA_COMPILER_FLAGS=-mcpu=cortex-a9 -mfpu=vfpv3 -mfloat-abi=hard -nos
TRACE::2024-07-31.11:49:44::SCWBDomain::tartfiles -g -Wall -Wextra -fno-tree-loop-distribute-patterns"

TRACE::2024-07-31.11:49:44::SCWBDomain::Running Make libs in ps7_cortexa9_0/libsrc/emacps_v3_20/src

TRACE::2024-07-31.11:49:44::SCWBDomain::make -C ps7_cortexa9_0/libsrc/dmaps_v2_10/src -s libs  "SHELL=/bin/sh" "COMPILER=arm-none-eabi-gcc" "ASSEMBLER=arm-none-eabi-as
TRACE::2024-07-31.11:49:44::SCWBDomain::" "ARCHIVER=arm-none-eabi-ar" "COMPILER_FLAGS=  -O2 -c" "EXTRA_COMPILER_FLAGS=-mcpu=cortex-a9 -mfpu=vfpv3 -mfloat-abi=hard -nos
TRACE::2024-07-31.11:49:44::SCWBDomain::tartfiles -g -Wall -Wextra -fno-tree-loop-distribute-patterns"

TRACE::2024-07-31.11:49:44::SCWBDomain::Running Make libs in ps7_cortexa9_0/libsrc/gpiops_v3_13/src

TRACE::2024-07-31.11:49:44::SCWBDomain::Running Make libs in ps7_cortexa9_0/libsrc/qspips_v3_12/src

TRACE::2024-07-31.11:49:44::SCWBDomain::make -C ps7_cortexa9_0/libsrc/emacps_v3_20/src -s libs  "SHELL=/bin/sh" "COMPILER=arm-none-eabi-gcc" "ASSEMBLER=arm-none-eabi-a
TRACE::2024-07-31.11:49:44::SCWBDomain::s" "ARCHIVER=arm-none-eabi-ar" "COMPILER_FLAGS=  -O2 -c" "EXTRA_COMPILER_FLAGS=-mcpu=cortex-a9 -mfpu=vfpv3 -mfloat-abi=hard -no
TRACE::2024-07-31.11:49:44::SCWBDomain::startfiles -g -Wall -Wextra -fno-tree-loop-distribute-patterns"

TRACE::2024-07-31.11:49:44::SCWBDomain::make -C ps7_cortexa9_0/libsrc/gpiops_v3_13/src -s libs  "SHELL=/bin/sh" "COMPILER=arm-none-eabi-gcc" "ASSEMBLER=arm-none-eabi-a
TRACE::2024-07-31.11:49:44::SCWBDomain::s" "ARCHIVER=arm-none-eabi-ar" "COMPILER_FLAGS=  -O2 -c" "EXTRA_COMPILER_FLAGS=-mcpu=cortex-a9 -mfpu=vfpv3 -mfloat-abi=hard -no
TRACE::2024-07-31.11:49:44::SCWBDomain::startfiles -g -Wall -Wextra -fno-tree-loop-distribute-patterns"

TRACE::2024-07-31.11:49:44::SCWBDomain::make -C ps7_cortexa9_0/libsrc/qspips_v3_12/src -s libs  "SHELL=/bin/sh" "COMPILER=arm-none-eabi-gcc" "ASSEMBLER=arm-none-eabi-a
TRACE::2024-07-31.11:49:44::SCWBDomain::s" "ARCHIVER=arm-none-eabi-ar" "COMPILER_FLAGS=  -O2 -c" "EXTRA_COMPILER_FLAGS=-mcpu=cortex-a9 -mfpu=vfpv3 -mfloat-abi=hard -no
TRACE::2024-07-31.11:49:44::SCWBDomain::startfiles -g -Wall -Wextra -fno-tree-loop-distribute-patterns"

TRACE::2024-07-31.11:49:44::SCWBDomain::Running Make libs in ps7_cortexa9_0/libsrc/scugic_v5_3/src

TRACE::2024-07-31.11:49:44::SCWBDomain::Running Make libs in ps7_cortexa9_0/libsrc/scutimer_v2_6/src

TRACE::2024-07-31.11:49:44::SCWBDomain::make -C ps7_cortexa9_0/libsrc/scugic_v5_3/src -s libs  "SHELL=/bin/sh" "COMPILER=arm-none-eabi-gcc" "ASSEMBLER=arm-none-eabi-as
TRACE::2024-07-31.11:49:44::SCWBDomain::" "ARCHIVER=arm-none-eabi-ar" "COMPILER_FLAGS=  -O2 -c" "EXTRA_COMPILER_FLAGS=-mcpu=cortex-a9 -mfpu=vfpv3 -mfloat-abi=hard -nos
TRACE::2024-07-31.11:49:44::SCWBDomain::tartfiles -g -Wall -Wextra -fno-tree-loop-distribute-patterns"

TRACE::2024-07-31.11:49:44::SCWBDomain::make -C ps7_cortexa9_0/libsrc/scutimer_v2_6/src -s libs  "SHELL=/bin/sh" "COMPILER=arm-none-eabi-gcc" "ASSEMBLER=arm-none-eabi-
TRACE::2024-07-31.11:49:44::SCWBDomain::as" "ARCHIVER=arm-none-eabi-ar" "COMPILER_FLAGS=  -O2 -c" "EXTRA_COMPILER_FLAGS=-mcpu=cortex-a9 -mfpu=vfpv3 -mfloat-abi=hard -n
TRACE::2024-07-31.11:49:44::SCWBDomain::ostartfiles -g -Wall -Wextra -fno-tree-loop-distribute-patterns"

TRACE::2024-07-31.11:49:44::SCWBDomain::Running Make libs in ps7_cortexa9_0/libsrc/scuwdt_v2_5/src

TRACE::2024-07-31.11:49:44::SCWBDomain::make -C ps7_cortexa9_0/libsrc/scuwdt_v2_5/src -s libs  "SHELL=/bin/sh" "COMPILER=arm-none-eabi-gcc" "ASSEMBLER=arm-none-eabi-as
TRACE::2024-07-31.11:49:44::SCWBDomain::" "ARCHIVER=arm-none-eabi-ar" "COMPILER_FLAGS=  -O2 -c" "EXTRA_COMPILER_FLAGS=-mcpu=cortex-a9 -mfpu=vfpv3 -mfloat-abi=hard -nos
TRACE::2024-07-31.11:49:44::SCWBDomain::tartfiles -g -Wall -Wextra -fno-tree-loop-distribute-patterns"

TRACE::2024-07-31.11:49:44::SCWBDomain::Running Make libs in ps7_cortexa9_0/libsrc/sdps_v4_3/src

TRACE::2024-07-31.11:49:44::SCWBDomain::make -C ps7_cortexa9_0/libsrc/sdps_v4_3/src -s libs  "SHELL=/bin/sh" "COMPILER=arm-none-eabi-gcc" "ASSEMBLER=arm-none-eabi-as" 
TRACE::2024-07-31.11:49:44::SCWBDomain::"ARCHIVER=arm-none-eabi-ar" "COMPILER_FLAGS=  -O2 -c" "EXTRA_COMPILER_FLAGS=-mcpu=cortex-a9 -mfpu=vfpv3 -mfloat-abi=hard -nosta
TRACE::2024-07-31.11:49:44::SCWBDomain::rtfiles -g -Wall -Wextra -fno-tree-loop-distribute-patterns"

TRACE::2024-07-31.11:49:44::SCWBDomain::Running Make libs in ps7_cortexa9_0/libsrc/standalone_v9_1/src

TRACE::2024-07-31.11:49:44::SCWBDomain::make -C ps7_cortexa9_0/libsrc/standalone_v9_1/src -s libs  "SHELL=/bin/sh" "COMPILER=arm-none-eabi-gcc" "ASSEMBLER=arm-none-eab
TRACE::2024-07-31.11:49:44::SCWBDomain::i-as" "ARCHIVER=arm-none-eabi-ar" "COMPILER_FLAGS=  -O2 -c" "EXTRA_COMPILER_FLAGS=-mcpu=cortex-a9 -mfpu=vfpv3 -mfloat-abi=hard 
TRACE::2024-07-31.11:49:44::SCWBDomain::-nostartfiles -g -Wall -Wextra -fno-tree-loop-distribute-patterns"

TRACE::2024-07-31.11:49:44::SCWBDomain::Running Make libs in ps7_cortexa9_0/libsrc/uartps_v3_14/src

TRACE::2024-07-31.11:49:44::SCWBDomain::make -C ps7_cortexa9_0/libsrc/uartps_v3_14/src -s libs  "SHELL=/bin/sh" "COMPILER=arm-none-eabi-gcc" "ASSEMBLER=arm-none-eabi-a
TRACE::2024-07-31.11:49:44::SCWBDomain::s" "ARCHIVER=arm-none-eabi-ar" "COMPILER_FLAGS=  -O2 -c" "EXTRA_COMPILER_FLAGS=-mcpu=cortex-a9 -mfpu=vfpv3 -mfloat-abi=hard -no
TRACE::2024-07-31.11:49:44::SCWBDomain::startfiles -g -Wall -Wextra -fno-tree-loop-distribute-patterns"

TRACE::2024-07-31.11:49:44::SCWBDomain::Running Make libs in ps7_cortexa9_0/libsrc/usbps_v2_9/src

TRACE::2024-07-31.11:49:44::SCWBDomain::make -C ps7_cortexa9_0/libsrc/usbps_v2_9/src -s libs  "SHELL=/bin/sh" "COMPILER=arm-none-eabi-gcc" "ASSEMBLER=arm-none-eabi-as"
TRACE::2024-07-31.11:49:44::SCWBDomain:: "ARCHIVER=arm-none-eabi-ar" "COMPILER_FLAGS=  -O2 -c" "EXTRA_COMPILER_FLAGS=-mcpu=cortex-a9 -mfpu=vfpv3 -mfloat-abi=hard -nost
TRACE::2024-07-31.11:49:44::SCWBDomain::artfiles -g -Wall -Wextra -fno-tree-loop-distribute-patterns"

TRACE::2024-07-31.11:49:44::SCWBDomain::Running Make libs in ps7_cortexa9_0/libsrc/xadcps_v2_7/src

TRACE::2024-07-31.11:49:44::SCWBDomain::make -C ps7_cortexa9_0/libsrc/xadcps_v2_7/src -s libs  "SHELL=/bin/sh" "COMPILER=arm-none-eabi-gcc" "ASSEMBLER=arm-none-eabi-as
TRACE::2024-07-31.11:49:44::SCWBDomain::" "ARCHIVER=arm-none-eabi-ar" "COMPILER_FLAGS=  -O2 -c" "EXTRA_COMPILER_FLAGS=-mcpu=cortex-a9 -mfpu=vfpv3 -mfloat-abi=hard -nos
TRACE::2024-07-31.11:49:44::SCWBDomain::tartfiles -g -Wall -Wextra -fno-tree-loop-distribute-patterns"

TRACE::2024-07-31.11:49:44::SCWBDomain::Running Make libs in ps7_cortexa9_0/libsrc/xilffs_v5_2/src

TRACE::2024-07-31.11:49:44::SCWBDomain::make -C ps7_cortexa9_0/libsrc/xilffs_v5_2/src -s libs  "SHELL=/bin/sh" "COMPILER=arm-none-eabi-gcc" "ASSEMBLER=arm-none-eabi-as
TRACE::2024-07-31.11:49:44::SCWBDomain::" "ARCHIVER=arm-none-eabi-ar" "COMPILER_FLAGS=  -O2 -c" "EXTRA_COMPILER_FLAGS=-mcpu=cortex-a9 -mfpu=vfpv3 -mfloat-abi=hard -nos
TRACE::2024-07-31.11:49:44::SCWBDomain::tartfiles -g -Wall -Wextra -fno-tree-loop-distribute-patterns"

TRACE::2024-07-31.11:49:44::SCWBDomain::Finished building libraries parallelly.

TRACE::2024-07-31.11:49:44::SCWBDomain::make --no-print-directory archive

TRACE::2024-07-31.11:49:44::SCWBDomain::arm-none-eabi-ar -r  ps7_cortexa9_0/lib/libxil.a ps7_cortexa9_0/lib/_exit.o ps7_cortexa9_0/lib/_open.o ps7_cortexa9_0/lib/_sbrk
TRACE::2024-07-31.11:49:44::SCWBDomain::.o ps7_cortexa9_0/lib/abort.o ps7_cortexa9_0/lib/asm_vectors.o ps7_cortexa9_0/lib/boot.o ps7_cortexa9_0/lib/close.o ps7_cortexa
TRACE::2024-07-31.11:49:44::SCWBDomain::9_0/lib/cpputest_time.o ps7_cortexa9_0/lib/cpu_init.o ps7_cortexa9_0/lib/errno.o ps7_cortexa9_0/lib/fcntl.o ps7_cortexa9_0/lib/
TRACE::2024-07-31.11:49:44::SCWBDomain::fstat.o ps7_cortexa9_0/lib/getentropy.o ps7_cortexa9_0/lib/getpid.o ps7_cortexa9_0/lib/inbyte.o ps7_cortexa9_0/lib/isatty.o ps7
TRACE::2024-07-31.11:49:44::SCWBDomain::_cortexa9_0/lib/kill.o ps7_cortexa9_0/lib/lseek.o ps7_cortexa9_0/lib/open.o ps7_cortexa9_0/lib/outbyte.o ps7_cortexa9_0/lib/pri
TRACE::2024-07-31.11:49:44::SCWBDomain::nt.o ps7_cortexa9_0/lib/putnum.o ps7_cortexa9_0/lib/read.o ps7_cortexa9_0/lib/sbrk.o ps7_cortexa9_0/lib/sleep.o ps7_cortexa9_0/
TRACE::2024-07-31.11:49:44::SCWBDomain::lib/time.o ps7_cortexa9_0/lib/translation_table.o ps7_cortexa9_0/lib/unlink.o ps7_cortexa9_0/lib/usleep.o ps7_cortexa9_0/lib/ve
TRACE::2024-07-31.11:49:44::SCWBDomain::ctors.o ps7_cortexa9_0/lib/write.o ps7_cortexa9_0/lib/xadcps.o ps7_cortexa9_0/lib/xadcps_g.o ps7_cortexa9_0/lib/xadcps_intr.o p
TRACE::2024-07-31.11:49:44::SCWBDomain::s7_cortexa9_0/lib/xadcps_selftest.o ps7_cortexa9_0/lib/xadcps_sinit.o ps7_cortexa9_0/lib/xbram.o ps7_cortexa9_0/lib/xbram_g.o p
TRACE::2024-07-31.11:49:44::SCWBDomain::s7_cortexa9_0/lib/xbram_intr.o ps7_cortexa9_0/lib/xbram_selftest.o ps7_cortexa9_0/lib/xbram_sinit.o ps7_cortexa9_0/lib/xcoresig
TRACE::2024-07-31.11:49:44::SCWBDomain::htpsdcc.o ps7_cortexa9_0/lib/xdevcfg.o ps7_cortexa9_0/lib/xdevcfg_g.o ps7_cortexa9_0/lib/xdevcfg_hw.o ps7_cortexa9_0/lib/xdevcf
TRACE::2024-07-31.11:49:44::SCWBDomain::g_intr.o ps7_cortexa9_0/lib/xdevcfg_selftest.o ps7_cortexa9_0/lib/xdevcfg_sinit.o ps7_cortexa9_0/lib/xdmaps.o ps7_cortexa9_0/li
TRACE::2024-07-31.11:49:44::SCWBDomain::b/xdmaps_g.o ps7_cortexa9_0/lib/xdmaps_hw.o ps7_cortexa9_0/lib/xdmaps_selftest.o ps7_cortexa9_0/lib/xdmaps_sinit.o ps7_cortexa9
TRACE::2024-07-31.11:49:44::SCWBDomain::_0/lib/xemacps.o ps7_cortexa9_0/lib/xemacps_bdring.o ps7_cortexa9_0/lib/xemacps_control.o ps7_cortexa9_0/lib/xemacps_g.o ps7_co
TRACE::2024-07-31.11:49:44::SCWBDomain::rtexa9_0/lib/xemacps_hw.o ps7_cortexa9_0/lib/xemacps_intr.o ps7_cortexa9_0/lib/xemacps_sinit.o ps7_cortexa9_0/lib/xgpiops.o ps7
TRACE::2024-07-31.11:49:44::SCWBDomain::_cortexa9_0/lib/xgpiops_g.o ps7_cortexa9_0/lib/xgpiops_hw.o ps7_cortexa9_0/lib/xgpiops_intr.o ps7_cortexa9_0/lib/xgpiops_selfte
TRACE::2024-07-31.11:49:44::SCWBDomain::st.o ps7_cortexa9_0/lib/xgpiops_sinit.o ps7_cortexa9_0/lib/xil-crt0.o ps7_cortexa9_0/lib/xil_assert.o ps7_cortexa9_0/lib/xil_ca
TRACE::2024-07-31.11:49:44::SCWBDomain::che.o ps7_cortexa9_0/lib/xil_clocking.o ps7_cortexa9_0/lib/xil_exception.o ps7_cortexa9_0/lib/xil_mem.o ps7_cortexa9_0/lib/xil_
TRACE::2024-07-31.11:49:44::SCWBDomain::misc_psreset_api.o ps7_cortexa9_0/lib/xil_mmu.o ps7_cortexa9_0/lib/xil_printf.o ps7_cortexa9_0/lib/xil_sleepcommon.o ps7_cortex
TRACE::2024-07-31.11:49:44::SCWBDomain::a9_0/lib/xil_sleeptimer.o ps7_cortexa9_0/lib/xil_spinlock.o ps7_cortexa9_0/lib/xil_testcache.o ps7_cortexa9_0/lib/xil_testio.o 
TRACE::2024-07-31.11:49:44::SCWBDomain::ps7_cortexa9_0/lib/xil_testmem.o ps7_cortexa9_0/lib/xil_util.o ps7_cortexa9_0/lib/xinterrupt_wrap.o ps7_cortexa9_0/lib/xl2cc_co
TRACE::2024-07-31.11:49:44::SCWBDomain::unter.o ps7_cortexa9_0/lib/xplatform_info.o ps7_cortexa9_0/lib/xpm_counter.o ps7_cortexa9_0/lib/xpm_init.o ps7_cortexa9_0/lib/x
TRACE::2024-07-31.11:49:44::SCWBDomain::qspips.o ps7_cortexa9_0/lib/xqspips_g.o ps7_cortexa9_0/lib/xqspips_hw.o ps7_cortexa9_0/lib/xqspips_options.o ps7_cortexa9_0/lib
TRACE::2024-07-31.11:49:44::SCWBDomain::/xqspips_selftest.o ps7_cortexa9_0/lib/xqspips_sinit.o ps7_cortexa9_0/lib/xscugic.o ps7_cortexa9_0/lib/xscugic_g.o ps7_cortexa9
TRACE::2024-07-31.11:49:44::SCWBDomain::_0/lib/xscugic_hw.o ps7_cortexa9_0/lib/xscugic_intr.o ps7_cortexa9_0/lib/xscugic_selftest.o ps7_cortexa9_0/lib/xscugic_sinit.o 
TRACE::2024-07-31.11:49:44::SCWBDomain::ps7_cortexa9_0/lib/xscutimer.o ps7_cortexa9_0/lib/xscutimer_g.o ps7_cortexa9_0/lib/xscutimer_selftest.o ps7_cortexa9_0/lib/xscu
TRACE::2024-07-31.11:49:44::SCWBDomain::timer_sinit.o ps7_cortexa9_0/lib/xscuwdt.o ps7_cortexa9_0/lib/xscuwdt_g.o ps7_cortexa9_0/lib/xscuwdt_selftest.o ps7_cortexa9_0/
TRACE::2024-07-31.11:49:44::SCWBDomain::lib/xscuwdt_sinit.o ps7_cortexa9_0/lib/xsdps.o ps7_cortexa9_0/lib/xsdps_card.o ps7_cortexa9_0/lib/xsdps_g.o ps7_cortexa9_0/lib/
TRACE::2024-07-31.11:49:44::SCWBDomain::xsdps_host.o ps7_cortexa9_0/lib/xsdps_options.o ps7_cortexa9_0/lib/xsdps_sinit.o ps7_cortexa9_0/lib/xtime_l.o ps7_cortexa9_0/li
TRACE::2024-07-31.11:49:44::SCWBDomain::b/xuartps.o ps7_cortexa9_0/lib/xuartps_g.o ps7_cortexa9_0/lib/xuartps_hw.o ps7_cortexa9_0/lib/xuartps_intr.o ps7_cortexa9_0/lib
TRACE::2024-07-31.11:49:44::SCWBDomain::/xuartps_options.o ps7_cortexa9_0/lib/xuartps_selftest.o ps7_cortexa9_0/lib/xuartps_sinit.o ps7_cortexa9_0/lib/xusbps.o ps7_cor
TRACE::2024-07-31.11:49:44::SCWBDomain::texa9_0/lib/xusbps_endpoint.o ps7_cortexa9_0/lib/xusbps_g.o ps7_cortexa9_0/lib/xusbps_hw.o ps7_cortexa9_0/lib/xusbps_intr.o ps7
TRACE::2024-07-31.11:49:44::SCWBDomain::_cortexa9_0/lib/xusbps_sinit.o

TRACE::2024-07-31.11:49:44::SCWBDomain::Finished building libraries

TRACE::2024-07-31.11:49:44::SCWBDomain::make: Leaving directory '/home/kike/Desktop/marvin/marvin/pynq_z2_bram_wrapper/zynq_fsbl/zynq_fsbl_bsp'

TRACE::2024-07-31.11:49:44::SCWBDomain::arm-none-eabi-gcc -o fsbl.elf fsbl_handoff.o fsbl_hooks.o image_mover.o main.o md5.o nand.o nor.o pcap.o ps7_init.o qspi.o rsa.
TRACE::2024-07-31.11:49:44::SCWBDomain::o sd.o -MMD -MP       -mcpu=cortex-a9 -mfpu=vfpv3 -mfloat-abi=hard   -mcpu=cortex-a9 -mfpu=vfpv3 -mfloat-abi=hard -Wl,-build-id
TRACE::2024-07-31.11:49:44::SCWBDomain::=none -specs=Xilinx.spec  -lrsa -Wl,--start-group,-lxil,-lgcc,-lc,--end-group -Wl,--start-group,-lxilffs,-lxil,-lgcc,-lc,--end-
TRACE::2024-07-31.11:49:44::SCWBDomain::group -Wl,--start-group,-lrsa,-lxil,-lgcc,-lc,--end-group                                    -Wl,--gc-sections -Lzynq_fsbl_bsp/
TRACE::2024-07-31.11:49:44::SCWBDomain::ps7_cortexa9_0/lib -L./ -Tlscript.ld

LOG::2024-07-31.11:49:44::SCWSystem::Checking the domain freertos10_xilinx_ps7_cortexa9_0
LOG::2024-07-31.11:49:44::SCWSystem::Not a boot domain 
LOG::2024-07-31.11:49:44::SCWSystem::Started Processing the domain freertos10_xilinx_ps7_cortexa9_0
TRACE::2024-07-31.11:49:44::SCWDomain::Generating domain artifcats
TRACE::2024-07-31.11:49:44::SCWMssOS::Generating standalone artifcats
TRACE::2024-07-31.11:49:44::SCWMssOS::Copying the qemu file from  /home/kike/Desktop/marvin/marvin/pynq_z2_bram_wrapper/resources/pynq_z2_bram_wrapper/freertos10_xilinx_ps7_cortexa9_0/qemu_args.txt To /home/kike/Desktop/marvin/marvin/pynq_z2_bram_wrapper/export/pynq_z2_bram_wrapper/sw/pynq_z2_bram_wrapper/qemu/
TRACE::2024-07-31.11:49:44::SCWMssOS::Copying the qemu file from  /home/kike/Desktop/marvin/marvin/pynq_z2_bram_wrapper/resources/pynq_z2_bram_wrapper/freertos10_xilinx_ps7_cortexa9_0/qemu_args.txt To /home/kike/Desktop/marvin/marvin/pynq_z2_bram_wrapper/export/pynq_z2_bram_wrapper/sw/pynq_z2_bram_wrapper/freertos10_xilinx_ps7_cortexa9_0/qemu/
TRACE::2024-07-31.11:49:44::SCWMssOS:: Copying the user libraries. 
TRACE::2024-07-31.11:49:44::SCWPlatform::Trying to open the hw design at /home/kike/Desktop/marvin/marvin/pynq_z2_bram_wrapper/hw/pynq_z2_bram_wrapper.xsa
TRACE::2024-07-31.11:49:44::SCWPlatform::DSA given /home/kike/Desktop/marvin/marvin/pynq_z2_bram_wrapper/hw/pynq_z2_bram_wrapper.xsa
TRACE::2024-07-31.11:49:44::SCWPlatform::DSA absoulate path /home/kike/Desktop/marvin/marvin/pynq_z2_bram_wrapper/hw/pynq_z2_bram_wrapper.xsa
TRACE::2024-07-31.11:49:44::SCWPlatform::DSA directory /home/kike/Desktop/marvin/marvin/pynq_z2_bram_wrapper/hw
TRACE::2024-07-31.11:49:44::SCWPlatform:: Platform Path /home/kike/Desktop/marvin/marvin/pynq_z2_bram_wrapper/hw/pynq_z2_bram_wrapper.xsa
TRACE::2024-07-31.11:49:44::SCWPlatform:: Unique name xilinx:pynq-z2::0.0
TRACE::2024-07-31.11:49:44::SCWPlatform::Trying to set the existing hwdb with name pynq_z2_bram_wrapper
TRACE::2024-07-31.11:49:44::SCWPlatform::Opened existing hwdb pynq_z2_bram_wrapper
TRACE::2024-07-31.11:49:44::SCWPlatform::Found the Hw Db part of the input DSA
TRACE::2024-07-31.11:49:44::SCWMssOS::Checking the sw design at  /home/kike/Desktop/marvin/marvin/pynq_z2_bram_wrapper/ps7_cortexa9_0/freertos10_xilinx_ps7_cortexa9_0/bsp/system.mss
TRACE::2024-07-31.11:49:44::SCWMssOS::DEBUG:  swdes dump  /home/kike/Desktop/marvin/marvin/pynq_z2_bram_wrapper/ps7_cortexa9_0/freertos10_xilinx_ps7_cortexa9_0/bsp/system.mss|system_0||
/home/kike/Desktop/marvin/marvin/pynq_z2_bram_wrapper/zynq_fsbl/zynq_fsbl_bsp/system.mss|system||

TRACE::2024-07-31.11:49:44::SCWMssOS::Sw design exists and opened at  /home/kike/Desktop/marvin/marvin/pynq_z2_bram_wrapper/ps7_cortexa9_0/freertos10_xilinx_ps7_cortexa9_0/bsp/system.mss
TRACE::2024-07-31.11:49:44::SCWMssOS::Completed writing the mss file at /home/kike/Desktop/marvin/marvin/pynq_z2_bram_wrapper/ps7_cortexa9_0/freertos10_xilinx_ps7_cortexa9_0/bsp
TRACE::2024-07-31.11:49:44::SCWMssOS::Mss edits present, copying mssfile into export location /home/kike/Desktop/marvin/marvin/pynq_z2_bram_wrapper/ps7_cortexa9_0/freertos10_xilinx_ps7_cortexa9_0/bsp/system.mss
TRACE::2024-07-31.11:49:44::SCWMssOS::bsp generated is upto date with the mss file. Skipping bsp generation.
TRACE::2024-07-31.11:49:44::SCWMssOS::BSP is already built. skipping the bsp build ... 
TRACE::2024-07-31.11:49:44::SCWDomain::Building the domain as part of full build :  freertos10_xilinx_ps7_cortexa9_0
TRACE::2024-07-31.11:49:44::SCWMssOS::doing bsp build ... 
TRACE::2024-07-31.11:49:44::SCWMssOS::System Command Ran  cd  /home/kike/Desktop/marvin/marvin/pynq_z2_bram_wrapper/ps7_cortexa9_0/freertos10_xilinx_ps7_cortexa9_0/bsp ; bash -c "make  " 
TRACE::2024-07-31.11:49:44::SCWMssOS::make --no-print-directory seq_libs

TRACE::2024-07-31.11:49:44::SCWMssOS::Finished building libraries sequentially.

TRACE::2024-07-31.11:49:44::SCWMssOS::make -j 10 --no-print-directory par_libs

TRACE::2024-07-31.11:49:44::SCWMssOS::Running Make include in ps7_cortexa9_0/libsrc/bram_v4_10/src

TRACE::2024-07-31.11:49:44::SCWMssOS::make -C ps7_cortexa9_0/libsrc/bram_v4_10/src -s include  "SHELL=/bin/sh" "COMPILER=arm-none-eabi-gcc" "ASSEMBLER=arm-none-eabi-
TRACE::2024-07-31.11:49:44::SCWMssOS::as" "ARCHIVER=arm-none-eabi-ar" "COMPILER_FLAGS=  -O2 -c" "EXTRA_COMPILER_FLAGS=-mcpu=cortex-a9 -mfpu=vfpv3 -mfloat-abi=hard -n
TRACE::2024-07-31.11:49:44::SCWMssOS::ostartfiles -g -Wall -Wextra -fno-tree-loop-distribute-patterns"

TRACE::2024-07-31.11:49:44::SCWMssOS::Running Make include in ps7_cortexa9_0/libsrc/coresightps_dcc_v1_10/src

TRACE::2024-07-31.11:49:44::SCWMssOS::make -C ps7_cortexa9_0/libsrc/coresightps_dcc_v1_10/src -s include  "SHELL=/bin/sh" "COMPILER=arm-none-eabi-gcc" "ASSEMBLER=arm
TRACE::2024-07-31.11:49:44::SCWMssOS::-none-eabi-as" "ARCHIVER=arm-none-eabi-ar" "COMPILER_FLAGS=  -O2 -c" "EXTRA_COMPILER_FLAGS=-mcpu=cortex-a9 -mfpu=vfpv3 -mfloat-
TRACE::2024-07-31.11:49:44::SCWMssOS::abi=hard -nostartfiles -g -Wall -Wextra -fno-tree-loop-distribute-patterns"

TRACE::2024-07-31.11:49:44::SCWMssOS::Running Make include in ps7_cortexa9_0/libsrc/ddrps_v1_2/src

TRACE::2024-07-31.11:49:44::SCWMssOS::Running Make include in ps7_cortexa9_0/libsrc/cpu_cortexa9_v2_12/src

TRACE::2024-07-31.11:49:44::SCWMssOS::make -C ps7_cortexa9_0/libsrc/cpu_cortexa9_v2_12/src -s include  "SHELL=/bin/sh" "COMPILER=arm-none-eabi-gcc" "ASSEMBLER=arm-no
TRACE::2024-07-31.11:49:44::SCWMssOS::ne-eabi-as" "ARCHIVER=arm-none-eabi-ar" "COMPILER_FLAGS=  -O2 -c" "EXTRA_COMPILER_FLAGS=-mcpu=cortex-a9 -mfpu=vfpv3 -mfloat-abi
TRACE::2024-07-31.11:49:44::SCWMssOS::=hard -nostartfiles -g -Wall -Wextra -fno-tree-loop-distribute-patterns"

TRACE::2024-07-31.11:49:44::SCWMssOS::make -C ps7_cortexa9_0/libsrc/ddrps_v1_2/src -s include  "SHELL=/bin/sh" "COMPILER=arm-none-eabi-gcc" "ASSEMBLER=arm-none-eabi-
TRACE::2024-07-31.11:49:44::SCWMssOS::as" "ARCHIVER=arm-none-eabi-ar" "COMPILER_FLAGS=  -O2 -c" "EXTRA_COMPILER_FLAGS=-mcpu=cortex-a9 -mfpu=vfpv3 -mfloat-abi=hard -n
TRACE::2024-07-31.11:49:44::SCWMssOS::ostartfiles -g -Wall -Wextra -fno-tree-loop-distribute-patterns"

TRACE::2024-07-31.11:49:44::SCWMssOS::Running Make include in ps7_cortexa9_0/libsrc/devcfg_v3_8/src

TRACE::2024-07-31.11:49:44::SCWMssOS::make -C ps7_cortexa9_0/libsrc/devcfg_v3_8/src -s include  "SHELL=/bin/sh" "COMPILER=arm-none-eabi-gcc" "ASSEMBLER=arm-none-eabi
TRACE::2024-07-31.11:49:44::SCWMssOS::-as" "ARCHIVER=arm-none-eabi-ar" "COMPILER_FLAGS=  -O2 -c" "EXTRA_COMPILER_FLAGS=-mcpu=cortex-a9 -mfpu=vfpv3 -mfloat-abi=hard -
TRACE::2024-07-31.11:49:44::SCWMssOS::nostartfiles -g -Wall -Wextra -fno-tree-loop-distribute-patterns"

TRACE::2024-07-31.11:49:44::SCWMssOS::Running Make include in ps7_cortexa9_0/libsrc/dmaps_v2_10/src

TRACE::2024-07-31.11:49:44::SCWMssOS::make -C ps7_cortexa9_0/libsrc/dmaps_v2_10/src -s include  "SHELL=/bin/sh" "COMPILER=arm-none-eabi-gcc" "ASSEMBLER=arm-none-eabi
TRACE::2024-07-31.11:49:44::SCWMssOS::-as" "ARCHIVER=arm-none-eabi-ar" "COMPILER_FLAGS=  -O2 -c" "EXTRA_COMPILER_FLAGS=-mcpu=cortex-a9 -mfpu=vfpv3 -mfloat-abi=hard -
TRACE::2024-07-31.11:49:44::SCWMssOS::nostartfiles -g -Wall -Wextra -fno-tree-loop-distribute-patterns"

TRACE::2024-07-31.11:49:44::SCWMssOS::Running Make include in ps7_cortexa9_0/libsrc/emacps_v3_20/src

TRACE::2024-07-31.11:49:44::SCWMssOS::make -C ps7_cortexa9_0/libsrc/emacps_v3_20/src -s include  "SHELL=/bin/sh" "COMPILER=arm-none-eabi-gcc" "ASSEMBLER=arm-none-eab
TRACE::2024-07-31.11:49:44::SCWMssOS::i-as" "ARCHIVER=arm-none-eabi-ar" "COMPILER_FLAGS=  -O2 -c" "EXTRA_COMPILER_FLAGS=-mcpu=cortex-a9 -mfpu=vfpv3 -mfloat-abi=hard 
TRACE::2024-07-31.11:49:44::SCWMssOS::-nostartfiles -g -Wall -Wextra -fno-tree-loop-distribute-patterns"

TRACE::2024-07-31.11:49:44::SCWMssOS::Running Make include in ps7_cortexa9_0/libsrc/freertos10_xilinx_v1_15/src

TRACE::2024-07-31.11:49:44::SCWMssOS::make -C ps7_cortexa9_0/libsrc/freertos10_xilinx_v1_15/src -s include  "SHELL=/bin/sh" "COMPILER=arm-none-eabi-gcc" "ASSEMBLER=a
TRACE::2024-07-31.11:49:44::SCWMssOS::rm-none-eabi-as" "ARCHIVER=arm-none-eabi-ar" "COMPILER_FLAGS=  -O2 -c" "EXTRA_COMPILER_FLAGS=-mcpu=cortex-a9 -mfpu=vfpv3 -mfloa
TRACE::2024-07-31.11:49:44::SCWMssOS::t-abi=hard -nostartfiles -g -Wall -Wextra -fno-tree-loop-distribute-patterns"

TRACE::2024-07-31.11:49:44::SCWMssOS::Running Make include in ps7_cortexa9_0/libsrc/gpiops_v3_13/src

TRACE::2024-07-31.11:49:44::SCWMssOS::make -C ps7_cortexa9_0/libsrc/gpiops_v3_13/src -s include  "SHELL=/bin/sh" "COMPILER=arm-none-eabi-gcc" "ASSEMBLER=arm-none-eab
TRACE::2024-07-31.11:49:44::SCWMssOS::i-as" "ARCHIVER=arm-none-eabi-ar" "COMPILER_FLAGS=  -O2 -c" "EXTRA_COMPILER_FLAGS=-mcpu=cortex-a9 -mfpu=vfpv3 -mfloat-abi=hard 
TRACE::2024-07-31.11:49:44::SCWMssOS::-nostartfiles -g -Wall -Wextra -fno-tree-loop-distribute-patterns"

TRACE::2024-07-31.11:49:44::SCWMssOS::Running Make include in ps7_cortexa9_0/libsrc/qspips_v3_12/src

TRACE::2024-07-31.11:49:44::SCWMssOS::make -C ps7_cortexa9_0/libsrc/qspips_v3_12/src -s include  "SHELL=/bin/sh" "COMPILER=arm-none-eabi-gcc" "ASSEMBLER=arm-none-eab
TRACE::2024-07-31.11:49:44::SCWMssOS::i-as" "ARCHIVER=arm-none-eabi-ar" "COMPILER_FLAGS=  -O2 -c" "EXTRA_COMPILER_FLAGS=-mcpu=cortex-a9 -mfpu=vfpv3 -mfloat-abi=hard 
TRACE::2024-07-31.11:49:44::SCWMssOS::-nostartfiles -g -Wall -Wextra -fno-tree-loop-distribute-patterns"

TRACE::2024-07-31.11:49:44::SCWMssOS::Running Make include in ps7_cortexa9_0/libsrc/scugic_v5_3/src

TRACE::2024-07-31.11:49:44::SCWMssOS::make -C ps7_cortexa9_0/libsrc/scugic_v5_3/src -s include  "SHELL=/bin/sh" "COMPILER=arm-none-eabi-gcc" "ASSEMBLER=arm-none-eabi
TRACE::2024-07-31.11:49:44::SCWMssOS::-as" "ARCHIVER=arm-none-eabi-ar" "COMPILER_FLAGS=  -O2 -c" "EXTRA_COMPILER_FLAGS=-mcpu=cortex-a9 -mfpu=vfpv3 -mfloat-abi=hard -
TRACE::2024-07-31.11:49:44::SCWMssOS::nostartfiles -g -Wall -Wextra -fno-tree-loop-distribute-patterns"

TRACE::2024-07-31.11:49:44::SCWMssOS::Running Make include in ps7_cortexa9_0/libsrc/scutimer_v2_6/src

TRACE::2024-07-31.11:49:44::SCWMssOS::make -C ps7_cortexa9_0/libsrc/scutimer_v2_6/src -s include  "SHELL=/bin/sh" "COMPILER=arm-none-eabi-gcc" "ASSEMBLER=arm-none-ea
TRACE::2024-07-31.11:49:44::SCWMssOS::bi-as" "ARCHIVER=arm-none-eabi-ar" "COMPILER_FLAGS=  -O2 -c" "EXTRA_COMPILER_FLAGS=-mcpu=cortex-a9 -mfpu=vfpv3 -mfloat-abi=hard
TRACE::2024-07-31.11:49:44::SCWMssOS:: -nostartfiles -g -Wall -Wextra -fno-tree-loop-distribute-patterns"

TRACE::2024-07-31.11:49:44::SCWMssOS::Running Make include in ps7_cortexa9_0/libsrc/scuwdt_v2_5/src

TRACE::2024-07-31.11:49:44::SCWMssOS::make -C ps7_cortexa9_0/libsrc/scuwdt_v2_5/src -s include  "SHELL=/bin/sh" "COMPILER=arm-none-eabi-gcc" "ASSEMBLER=arm-none-eabi
TRACE::2024-07-31.11:49:44::SCWMssOS::-as" "ARCHIVER=arm-none-eabi-ar" "COMPILER_FLAGS=  -O2 -c" "EXTRA_COMPILER_FLAGS=-mcpu=cortex-a9 -mfpu=vfpv3 -mfloat-abi=hard -
TRACE::2024-07-31.11:49:44::SCWMssOS::nostartfiles -g -Wall -Wextra -fno-tree-loop-distribute-patterns"

TRACE::2024-07-31.11:49:44::SCWMssOS::Running Make include in ps7_cortexa9_0/libsrc/sdps_v4_3/src

TRACE::2024-07-31.11:49:44::SCWMssOS::make -C ps7_cortexa9_0/libsrc/sdps_v4_3/src -s include  "SHELL=/bin/sh" "COMPILER=arm-none-eabi-gcc" "ASSEMBLER=arm-none-eabi-a
TRACE::2024-07-31.11:49:44::SCWMssOS::s" "ARCHIVER=arm-none-eabi-ar" "COMPILER_FLAGS=  -O2 -c" "EXTRA_COMPILER_FLAGS=-mcpu=cortex-a9 -mfpu=vfpv3 -mfloat-abi=hard -no
TRACE::2024-07-31.11:49:44::SCWMssOS::startfiles -g -Wall -Wextra -fno-tree-loop-distribute-patterns"

TRACE::2024-07-31.11:49:44::SCWMssOS::Running Make include in ps7_cortexa9_0/libsrc/uartps_v3_14/src

TRACE::2024-07-31.11:49:44::SCWMssOS::Running Make include in ps7_cortexa9_0/libsrc/usbps_v2_9/src

TRACE::2024-07-31.11:49:44::SCWMssOS::make -C ps7_cortexa9_0/libsrc/uartps_v3_14/src -s include  "SHELL=/bin/sh" "COMPILER=arm-none-eabi-gcc" "ASSEMBLER=arm-none-eab
TRACE::2024-07-31.11:49:44::SCWMssOS::i-as" "ARCHIVER=arm-none-eabi-ar" "COMPILER_FLAGS=  -O2 -c" "EXTRA_COMPILER_FLAGS=-mcpu=cortex-a9 -mfpu=vfpv3 -mfloat-abi=hard 
TRACE::2024-07-31.11:49:44::SCWMssOS::-nostartfiles -g -Wall -Wextra -fno-tree-loop-distribute-patterns"

TRACE::2024-07-31.11:49:44::SCWMssOS::make -C ps7_cortexa9_0/libsrc/usbps_v2_9/src -s include  "SHELL=/bin/sh" "COMPILER=arm-none-eabi-gcc" "ASSEMBLER=arm-none-eabi-
TRACE::2024-07-31.11:49:44::SCWMssOS::as" "ARCHIVER=arm-none-eabi-ar" "COMPILER_FLAGS=  -O2 -c" "EXTRA_COMPILER_FLAGS=-mcpu=cortex-a9 -mfpu=vfpv3 -mfloat-abi=hard -n
TRACE::2024-07-31.11:49:44::SCWMssOS::ostartfiles -g -Wall -Wextra -fno-tree-loop-distribute-patterns"

TRACE::2024-07-31.11:49:44::SCWMssOS::Running Make include in ps7_cortexa9_0/libsrc/xadcps_v2_7/src

TRACE::2024-07-31.11:49:44::SCWMssOS::make -C ps7_cortexa9_0/libsrc/xadcps_v2_7/src -s include  "SHELL=/bin/sh" "COMPILER=arm-none-eabi-gcc" "ASSEMBLER=arm-none-eabi
TRACE::2024-07-31.11:49:44::SCWMssOS::-as" "ARCHIVER=arm-none-eabi-ar" "COMPILER_FLAGS=  -O2 -c" "EXTRA_COMPILER_FLAGS=-mcpu=cortex-a9 -mfpu=vfpv3 -mfloat-abi=hard -
TRACE::2024-07-31.11:49:44::SCWMssOS::nostartfiles -g -Wall -Wextra -fno-tree-loop-distribute-patterns"

TRACE::2024-07-31.11:49:44::SCWMssOS::Running Make include in ps7_cortexa9_0/libsrc/xiltimer_v2_0/src

TRACE::2024-07-31.11:49:44::SCWMssOS::make -C ps7_cortexa9_0/libsrc/xiltimer_v2_0/src -s include  "SHELL=/bin/sh" "COMPILER=arm-none-eabi-gcc" "ASSEMBLER=arm-none-ea
TRACE::2024-07-31.11:49:44::SCWMssOS::bi-as" "ARCHIVER=arm-none-eabi-ar" "COMPILER_FLAGS=  -O2 -c" "EXTRA_COMPILER_FLAGS=-mcpu=cortex-a9 -mfpu=vfpv3 -mfloat-abi=hard
TRACE::2024-07-31.11:49:44::SCWMssOS:: -nostartfiles -g -Wall -Wextra -fno-tree-loop-distribute-patterns"

TRACE::2024-07-31.11:49:44::SCWMssOS::includes

TRACE::2024-07-31.11:49:44::SCWMssOS::Running Make libs in ps7_cortexa9_0/libsrc/bram_v4_10/src

TRACE::2024-07-31.11:49:44::SCWMssOS::make -C ps7_cortexa9_0/libsrc/bram_v4_10/src -s libs  "SHELL=/bin/sh" "COMPILER=arm-none-eabi-gcc" "ASSEMBLER=arm-none-eabi-as"
TRACE::2024-07-31.11:49:44::SCWMssOS:: "ARCHIVER=arm-none-eabi-ar" "COMPILER_FLAGS=  -O2 -c" "EXTRA_COMPILER_FLAGS=-mcpu=cortex-a9 -mfpu=vfpv3 -mfloat-abi=hard -nost
TRACE::2024-07-31.11:49:44::SCWMssOS::artfiles -g -Wall -Wextra -fno-tree-loop-distribute-patterns"

TRACE::2024-07-31.11:49:44::SCWMssOS::Running Make libs in ps7_cortexa9_0/libsrc/coresightps_dcc_v1_10/src

TRACE::2024-07-31.11:49:44::SCWMssOS::Running Make libs in ps7_cortexa9_0/libsrc/cpu_cortexa9_v2_12/src

TRACE::2024-07-31.11:49:44::SCWMssOS::Running Make libs in ps7_cortexa9_0/libsrc/ddrps_v1_2/src

TRACE::2024-07-31.11:49:44::SCWMssOS::make -C ps7_cortexa9_0/libsrc/coresightps_dcc_v1_10/src -s libs  "SHELL=/bin/sh" "COMPILER=arm-none-eabi-gcc" "ASSEMBLER=arm-no
TRACE::2024-07-31.11:49:44::SCWMssOS::ne-eabi-as" "ARCHIVER=arm-none-eabi-ar" "COMPILER_FLAGS=  -O2 -c" "EXTRA_COMPILER_FLAGS=-mcpu=cortex-a9 -mfpu=vfpv3 -mfloat-abi
TRACE::2024-07-31.11:49:44::SCWMssOS::=hard -nostartfiles -g -Wall -Wextra -fno-tree-loop-distribute-patterns"

TRACE::2024-07-31.11:49:44::SCWMssOS::make -C ps7_cortexa9_0/libsrc/cpu_cortexa9_v2_12/src -s libs  "SHELL=/bin/sh" "COMPILER=arm-none-eabi-gcc" "ASSEMBLER=arm-none-
TRACE::2024-07-31.11:49:44::SCWMssOS::eabi-as" "ARCHIVER=arm-none-eabi-ar" "COMPILER_FLAGS=  -O2 -c" "EXTRA_COMPILER_FLAGS=-mcpu=cortex-a9 -mfpu=vfpv3 -mfloat-abi=ha
TRACE::2024-07-31.11:49:44::SCWMssOS::rd -nostartfiles -g -Wall -Wextra -fno-tree-loop-distribute-patterns"

TRACE::2024-07-31.11:49:44::SCWMssOS::make -C ps7_cortexa9_0/libsrc/ddrps_v1_2/src -s libs  "SHELL=/bin/sh" "COMPILER=arm-none-eabi-gcc" "ASSEMBLER=arm-none-eabi-as"
TRACE::2024-07-31.11:49:44::SCWMssOS:: "ARCHIVER=arm-none-eabi-ar" "COMPILER_FLAGS=  -O2 -c" "EXTRA_COMPILER_FLAGS=-mcpu=cortex-a9 -mfpu=vfpv3 -mfloat-abi=hard -nost
TRACE::2024-07-31.11:49:44::SCWMssOS::artfiles -g -Wall -Wextra -fno-tree-loop-distribute-patterns"

TRACE::2024-07-31.11:49:44::SCWMssOS::Running Make libs in ps7_cortexa9_0/libsrc/devcfg_v3_8/src

TRACE::2024-07-31.11:49:44::SCWMssOS::make -C ps7_cortexa9_0/libsrc/devcfg_v3_8/src -s libs  "SHELL=/bin/sh" "COMPILER=arm-none-eabi-gcc" "ASSEMBLER=arm-none-eabi-as
TRACE::2024-07-31.11:49:44::SCWMssOS::" "ARCHIVER=arm-none-eabi-ar" "COMPILER_FLAGS=  -O2 -c" "EXTRA_COMPILER_FLAGS=-mcpu=cortex-a9 -mfpu=vfpv3 -mfloat-abi=hard -nos
TRACE::2024-07-31.11:49:44::SCWMssOS::tartfiles -g -Wall -Wextra -fno-tree-loop-distribute-patterns"

TRACE::2024-07-31.11:49:44::SCWMssOS::Running Make libs in ps7_cortexa9_0/libsrc/emacps_v3_20/src

TRACE::2024-07-31.11:49:44::SCWMssOS::Running Make libs in ps7_cortexa9_0/libsrc/dmaps_v2_10/src

TRACE::2024-07-31.11:49:44::SCWMssOS::Running Make libs in ps7_cortexa9_0/libsrc/freertos10_xilinx_v1_15/src

TRACE::2024-07-31.11:49:44::SCWMssOS::make -C ps7_cortexa9_0/libsrc/dmaps_v2_10/src -s libs  "SHELL=/bin/sh" "COMPILER=arm-none-eabi-gcc" "ASSEMBLER=arm-none-eabi-as
TRACE::2024-07-31.11:49:44::SCWMssOS::" "ARCHIVER=arm-none-eabi-ar" "COMPILER_FLAGS=  -O2 -c" "EXTRA_COMPILER_FLAGS=-mcpu=cortex-a9 -mfpu=vfpv3 -mfloat-abi=hard -nos
TRACE::2024-07-31.11:49:44::SCWMssOS::tartfiles -g -Wall -Wextra -fno-tree-loop-distribute-patterns"

TRACE::2024-07-31.11:49:44::SCWMssOS::Running Make libs in ps7_cortexa9_0/libsrc/gpiops_v3_13/src

TRACE::2024-07-31.11:49:44::SCWMssOS::make -C ps7_cortexa9_0/libsrc/emacps_v3_20/src -s libs  "SHELL=/bin/sh" "COMPILER=arm-none-eabi-gcc" "ASSEMBLER=arm-none-eabi-a
TRACE::2024-07-31.11:49:44::SCWMssOS::s" "ARCHIVER=arm-none-eabi-ar" "COMPILER_FLAGS=  -O2 -c" "EXTRA_COMPILER_FLAGS=-mcpu=cortex-a9 -mfpu=vfpv3 -mfloat-abi=hard -no
TRACE::2024-07-31.11:49:44::SCWMssOS::startfiles -g -Wall -Wextra -fno-tree-loop-distribute-patterns"

TRACE::2024-07-31.11:49:44::SCWMssOS::make -C ps7_cortexa9_0/libsrc/freertos10_xilinx_v1_15/src -s libs  "SHELL=/bin/sh" "COMPILER=arm-none-eabi-gcc" "ASSEMBLER=arm-
TRACE::2024-07-31.11:49:44::SCWMssOS::none-eabi-as" "ARCHIVER=arm-none-eabi-ar" "COMPILER_FLAGS=  -O2 -c" "EXTRA_COMPILER_FLAGS=-mcpu=cortex-a9 -mfpu=vfpv3 -mfloat-a
TRACE::2024-07-31.11:49:44::SCWMssOS::bi=hard -nostartfiles -g -Wall -Wextra -fno-tree-loop-distribute-patterns"

TRACE::2024-07-31.11:49:44::SCWMssOS::make -C ps7_cortexa9_0/libsrc/gpiops_v3_13/src -s libs  "SHELL=/bin/sh" "COMPILER=arm-none-eabi-gcc" "ASSEMBLER=arm-none-eabi-a
TRACE::2024-07-31.11:49:44::SCWMssOS::s" "ARCHIVER=arm-none-eabi-ar" "COMPILER_FLAGS=  -O2 -c" "EXTRA_COMPILER_FLAGS=-mcpu=cortex-a9 -mfpu=vfpv3 -mfloat-abi=hard -no
TRACE::2024-07-31.11:49:44::SCWMssOS::startfiles -g -Wall -Wextra -fno-tree-loop-distribute-patterns"

TRACE::2024-07-31.11:49:44::SCWMssOS::Running Make libs in ps7_cortexa9_0/libsrc/qspips_v3_12/src

TRACE::2024-07-31.11:49:44::SCWMssOS::make -C ps7_cortexa9_0/libsrc/qspips_v3_12/src -s libs  "SHELL=/bin/sh" "COMPILER=arm-none-eabi-gcc" "ASSEMBLER=arm-none-eabi-a
TRACE::2024-07-31.11:49:44::SCWMssOS::s" "ARCHIVER=arm-none-eabi-ar" "COMPILER_FLAGS=  -O2 -c" "EXTRA_COMPILER_FLAGS=-mcpu=cortex-a9 -mfpu=vfpv3 -mfloat-abi=hard -no
TRACE::2024-07-31.11:49:44::SCWMssOS::startfiles -g -Wall -Wextra -fno-tree-loop-distribute-patterns"

TRACE::2024-07-31.11:49:44::SCWMssOS::Running Make libs in ps7_cortexa9_0/libsrc/scugic_v5_3/src

TRACE::2024-07-31.11:49:44::SCWMssOS::make -C ps7_cortexa9_0/libsrc/scugic_v5_3/src -s libs  "SHELL=/bin/sh" "COMPILER=arm-none-eabi-gcc" "ASSEMBLER=arm-none-eabi-as
TRACE::2024-07-31.11:49:44::SCWMssOS::" "ARCHIVER=arm-none-eabi-ar" "COMPILER_FLAGS=  -O2 -c" "EXTRA_COMPILER_FLAGS=-mcpu=cortex-a9 -mfpu=vfpv3 -mfloat-abi=hard -nos
TRACE::2024-07-31.11:49:44::SCWMssOS::tartfiles -g -Wall -Wextra -fno-tree-loop-distribute-patterns"

TRACE::2024-07-31.11:49:44::SCWMssOS::Running Make libs in ps7_cortexa9_0/libsrc/scutimer_v2_6/src

TRACE::2024-07-31.11:49:44::SCWMssOS::Running Make libs in ps7_cortexa9_0/libsrc/scuwdt_v2_5/src

TRACE::2024-07-31.11:49:44::SCWMssOS::Running Make libs in ps7_cortexa9_0/libsrc/sdps_v4_3/src

TRACE::2024-07-31.11:49:44::SCWMssOS::make -C ps7_cortexa9_0/libsrc/scutimer_v2_6/src -s libs  "SHELL=/bin/sh" "COMPILER=arm-none-eabi-gcc" "ASSEMBLER=arm-none-eabi-
TRACE::2024-07-31.11:49:44::SCWMssOS::as" "ARCHIVER=arm-none-eabi-ar" "COMPILER_FLAGS=  -O2 -c" "EXTRA_COMPILER_FLAGS=-mcpu=cortex-a9 -mfpu=vfpv3 -mfloat-abi=hard -n
TRACE::2024-07-31.11:49:44::SCWMssOS::ostartfiles -g -Wall -Wextra -fno-tree-loop-distribute-patterns"

TRACE::2024-07-31.11:49:44::SCWMssOS::make -C ps7_cortexa9_0/libsrc/scuwdt_v2_5/src -s libs  "SHELL=/bin/sh" "COMPILER=arm-none-eabi-gcc" "ASSEMBLER=arm-none-eabi-as
TRACE::2024-07-31.11:49:44::SCWMssOS::" "ARCHIVER=arm-none-eabi-ar" "COMPILER_FLAGS=  -O2 -c" "EXTRA_COMPILER_FLAGS=-mcpu=cortex-a9 -mfpu=vfpv3 -mfloat-abi=hard -nos
TRACE::2024-07-31.11:49:44::SCWMssOS::tartfiles -g -Wall -Wextra -fno-tree-loop-distribute-patterns"

TRACE::2024-07-31.11:49:44::SCWMssOS::make -C ps7_cortexa9_0/libsrc/sdps_v4_3/src -s libs  "SHELL=/bin/sh" "COMPILER=arm-none-eabi-gcc" "ASSEMBLER=arm-none-eabi-as" 
TRACE::2024-07-31.11:49:44::SCWMssOS::"ARCHIVER=arm-none-eabi-ar" "COMPILER_FLAGS=  -O2 -c" "EXTRA_COMPILER_FLAGS=-mcpu=cortex-a9 -mfpu=vfpv3 -mfloat-abi=hard -nosta
TRACE::2024-07-31.11:49:44::SCWMssOS::rtfiles -g -Wall -Wextra -fno-tree-loop-distribute-patterns"

TRACE::2024-07-31.11:49:44::SCWMssOS::Running Make libs in ps7_cortexa9_0/libsrc/uartps_v3_14/src

TRACE::2024-07-31.11:49:44::SCWMssOS::Running Make libs in ps7_cortexa9_0/libsrc/usbps_v2_9/src

TRACE::2024-07-31.11:49:44::SCWMssOS::make -C ps7_cortexa9_0/libsrc/uartps_v3_14/src -s libs  "SHELL=/bin/sh" "COMPILER=arm-none-eabi-gcc" "ASSEMBLER=arm-none-eabi-a
TRACE::2024-07-31.11:49:44::SCWMssOS::s" "ARCHIVER=arm-none-eabi-ar" "COMPILER_FLAGS=  -O2 -c" "EXTRA_COMPILER_FLAGS=-mcpu=cortex-a9 -mfpu=vfpv3 -mfloat-abi=hard -no
TRACE::2024-07-31.11:49:44::SCWMssOS::startfiles -g -Wall -Wextra -fno-tree-loop-distribute-patterns"

TRACE::2024-07-31.11:49:44::SCWMssOS::make -C ps7_cortexa9_0/libsrc/usbps_v2_9/src -s libs  "SHELL=/bin/sh" "COMPILER=arm-none-eabi-gcc" "ASSEMBLER=arm-none-eabi-as"
TRACE::2024-07-31.11:49:44::SCWMssOS:: "ARCHIVER=arm-none-eabi-ar" "COMPILER_FLAGS=  -O2 -c" "EXTRA_COMPILER_FLAGS=-mcpu=cortex-a9 -mfpu=vfpv3 -mfloat-abi=hard -nost
TRACE::2024-07-31.11:49:44::SCWMssOS::artfiles -g -Wall -Wextra -fno-tree-loop-distribute-patterns"

TRACE::2024-07-31.11:49:44::SCWMssOS::Running Make libs in ps7_cortexa9_0/libsrc/xadcps_v2_7/src

TRACE::2024-07-31.11:49:44::SCWMssOS::make -C ps7_cortexa9_0/libsrc/xadcps_v2_7/src -s libs  "SHELL=/bin/sh" "COMPILER=arm-none-eabi-gcc" "ASSEMBLER=arm-none-eabi-as
TRACE::2024-07-31.11:49:44::SCWMssOS::" "ARCHIVER=arm-none-eabi-ar" "COMPILER_FLAGS=  -O2 -c" "EXTRA_COMPILER_FLAGS=-mcpu=cortex-a9 -mfpu=vfpv3 -mfloat-abi=hard -nos
TRACE::2024-07-31.11:49:44::SCWMssOS::tartfiles -g -Wall -Wextra -fno-tree-loop-distribute-patterns"

TRACE::2024-07-31.11:49:44::SCWMssOS::Running Make libs in ps7_cortexa9_0/libsrc/xiltimer_v2_0/src

TRACE::2024-07-31.11:49:44::SCWMssOS::make -C ps7_cortexa9_0/libsrc/xiltimer_v2_0/src -s libs  "SHELL=/bin/sh" "COMPILER=arm-none-eabi-gcc" "ASSEMBLER=arm-none-eabi-
TRACE::2024-07-31.11:49:44::SCWMssOS::as" "ARCHIVER=arm-none-eabi-ar" "COMPILER_FLAGS=  -O2 -c" "EXTRA_COMPILER_FLAGS=-mcpu=cortex-a9 -mfpu=vfpv3 -mfloat-abi=hard -n
TRACE::2024-07-31.11:49:44::SCWMssOS::ostartfiles -g -Wall -Wextra -fno-tree-loop-distribute-patterns"

TRACE::2024-07-31.11:49:44::SCWMssOS::Compiling xiltimer Library

TRACE::2024-07-31.11:49:44::SCWMssOS::Finished building libraries parallelly.

TRACE::2024-07-31.11:49:44::SCWMssOS::make --no-print-directory archive

TRACE::2024-07-31.11:49:44::SCWMssOS::arm-none-eabi-ar -r  ps7_cortexa9_0/lib/libxil.a ps7_cortexa9_0/lib/_exit.o ps7_cortexa9_0/lib/_open.o ps7_cortexa9_0/lib/_sbrk
TRACE::2024-07-31.11:49:44::SCWMssOS::.o ps7_cortexa9_0/lib/abort.o ps7_cortexa9_0/lib/boot.o ps7_cortexa9_0/lib/close.o ps7_cortexa9_0/lib/cpputest_time.o ps7_corte
TRACE::2024-07-31.11:49:44::SCWMssOS::xa9_0/lib/cpu_init.o ps7_cortexa9_0/lib/errno.o ps7_cortexa9_0/lib/fcntl.o ps7_cortexa9_0/lib/fstat.o ps7_cortexa9_0/lib/getent
TRACE::2024-07-31.11:49:44::SCWMssOS::ropy.o ps7_cortexa9_0/lib/getpid.o ps7_cortexa9_0/lib/inbyte.o ps7_cortexa9_0/lib/isatty.o ps7_cortexa9_0/lib/kill.o ps7_cortex
TRACE::2024-07-31.11:49:44::SCWMssOS::a9_0/lib/lseek.o ps7_cortexa9_0/lib/open.o ps7_cortexa9_0/lib/outbyte.o ps7_cortexa9_0/lib/print.o ps7_cortexa9_0/lib/putnum.o 
TRACE::2024-07-31.11:49:44::SCWMssOS::ps7_cortexa9_0/lib/read.o ps7_cortexa9_0/lib/sbrk.o ps7_cortexa9_0/lib/time.o ps7_cortexa9_0/lib/translation_table.o ps7_cortex
TRACE::2024-07-31.11:49:44::SCWMssOS::a9_0/lib/unlink.o ps7_cortexa9_0/lib/vectors.o ps7_cortexa9_0/lib/write.o ps7_cortexa9_0/lib/xadcps.o ps7_cortexa9_0/lib/xadcps
TRACE::2024-07-31.11:49:44::SCWMssOS::_g.o ps7_cortexa9_0/lib/xadcps_intr.o ps7_cortexa9_0/lib/xadcps_selftest.o ps7_cortexa9_0/lib/xadcps_sinit.o ps7_cortexa9_0/lib
TRACE::2024-07-31.11:49:44::SCWMssOS::/xbram.o ps7_cortexa9_0/lib/xbram_g.o ps7_cortexa9_0/lib/xbram_intr.o ps7_cortexa9_0/lib/xbram_selftest.o ps7_cortexa9_0/lib/xb
TRACE::2024-07-31.11:49:44::SCWMssOS::ram_sinit.o ps7_cortexa9_0/lib/xcoresightpsdcc.o ps7_cortexa9_0/lib/xdevcfg.o ps7_cortexa9_0/lib/xdevcfg_g.o ps7_cortexa9_0/lib
TRACE::2024-07-31.11:49:44::SCWMssOS::/xdevcfg_hw.o ps7_cortexa9_0/lib/xdevcfg_intr.o ps7_cortexa9_0/lib/xdevcfg_selftest.o ps7_cortexa9_0/lib/xdevcfg_sinit.o ps7_co
TRACE::2024-07-31.11:49:44::SCWMssOS::rtexa9_0/lib/xdmaps.o ps7_cortexa9_0/lib/xdmaps_g.o ps7_cortexa9_0/lib/xdmaps_hw.o ps7_cortexa9_0/lib/xdmaps_selftest.o ps7_cor
TRACE::2024-07-31.11:49:44::SCWMssOS::texa9_0/lib/xdmaps_sinit.o ps7_cortexa9_0/lib/xemacps.o ps7_cortexa9_0/lib/xemacps_bdring.o ps7_cortexa9_0/lib/xemacps_control.
TRACE::2024-07-31.11:49:44::SCWMssOS::o ps7_cortexa9_0/lib/xemacps_g.o ps7_cortexa9_0/lib/xemacps_hw.o ps7_cortexa9_0/lib/xemacps_intr.o ps7_cortexa9_0/lib/xemacps_s
TRACE::2024-07-31.11:49:44::SCWMssOS::init.o ps7_cortexa9_0/lib/xgpiops.o ps7_cortexa9_0/lib/xgpiops_g.o ps7_cortexa9_0/lib/xgpiops_hw.o ps7_cortexa9_0/lib/xgpiops_i
TRACE::2024-07-31.11:49:44::SCWMssOS::ntr.o ps7_cortexa9_0/lib/xgpiops_selftest.o ps7_cortexa9_0/lib/xgpiops_sinit.o ps7_cortexa9_0/lib/xil-crt0.o ps7_cortexa9_0/lib
TRACE::2024-07-31.11:49:44::SCWMssOS::/xil_assert.o ps7_cortexa9_0/lib/xil_cache.o ps7_cortexa9_0/lib/xil_clocking.o ps7_cortexa9_0/lib/xil_exception.o ps7_cortexa9_
TRACE::2024-07-31.11:49:44::SCWMssOS::0/lib/xil_mem.o ps7_cortexa9_0/lib/xil_misc_psreset_api.o ps7_cortexa9_0/lib/xil_mmu.o ps7_cortexa9_0/lib/xil_printf.o ps7_cort
TRACE::2024-07-31.11:49:44::SCWMssOS::exa9_0/lib/xil_spinlock.o ps7_cortexa9_0/lib/xil_testcache.o ps7_cortexa9_0/lib/xil_testio.o ps7_cortexa9_0/lib/xil_testmem.o p
TRACE::2024-07-31.11:49:44::SCWMssOS::s7_cortexa9_0/lib/xil_util.o ps7_cortexa9_0/lib/xinterrupt_wrap.o ps7_cortexa9_0/lib/xl2cc_counter.o ps7_cortexa9_0/lib/xplatfo
TRACE::2024-07-31.11:49:44::SCWMssOS::rm_info.o ps7_cortexa9_0/lib/xpm_counter.o ps7_cortexa9_0/lib/xpm_init.o ps7_cortexa9_0/lib/xqspips.o ps7_cortexa9_0/lib/xqspip
TRACE::2024-07-31.11:49:44::SCWMssOS::s_g.o ps7_cortexa9_0/lib/xqspips_hw.o ps7_cortexa9_0/lib/xqspips_options.o ps7_cortexa9_0/lib/xqspips_selftest.o ps7_cortexa9_0
TRACE::2024-07-31.11:49:44::SCWMssOS::/lib/xqspips_sinit.o ps7_cortexa9_0/lib/xscugic.o ps7_cortexa9_0/lib/xscugic_g.o ps7_cortexa9_0/lib/xscugic_hw.o ps7_cortexa9_0
TRACE::2024-07-31.11:49:44::SCWMssOS::/lib/xscugic_intr.o ps7_cortexa9_0/lib/xscugic_selftest.o ps7_cortexa9_0/lib/xscugic_sinit.o ps7_cortexa9_0/lib/xscutimer.o ps7
TRACE::2024-07-31.11:49:44::SCWMssOS::_cortexa9_0/lib/xscutimer_g.o ps7_cortexa9_0/lib/xscutimer_selftest.o ps7_cortexa9_0/lib/xscutimer_sinit.o ps7_cortexa9_0/lib/x
TRACE::2024-07-31.11:49:44::SCWMssOS::scuwdt.o ps7_cortexa9_0/lib/xscuwdt_g.o ps7_cortexa9_0/lib/xscuwdt_selftest.o ps7_cortexa9_0/lib/xscuwdt_sinit.o ps7_cortexa9_0
TRACE::2024-07-31.11:49:44::SCWMssOS::/lib/xsdps.o ps7_cortexa9_0/lib/xsdps_card.o ps7_cortexa9_0/lib/xsdps_g.o ps7_cortexa9_0/lib/xsdps_host.o ps7_cortexa9_0/lib/xs
TRACE::2024-07-31.11:49:44::SCWMssOS::dps_options.o ps7_cortexa9_0/lib/xsdps_sinit.o ps7_cortexa9_0/lib/xuartps.o ps7_cortexa9_0/lib/xuartps_g.o ps7_cortexa9_0/lib/x
TRACE::2024-07-31.11:49:44::SCWMssOS::uartps_hw.o ps7_cortexa9_0/lib/xuartps_intr.o ps7_cortexa9_0/lib/xuartps_options.o ps7_cortexa9_0/lib/xuartps_selftest.o ps7_co
TRACE::2024-07-31.11:49:44::SCWMssOS::rtexa9_0/lib/xuartps_sinit.o ps7_cortexa9_0/lib/xusbps.o ps7_cortexa9_0/lib/xusbps_endpoint.o ps7_cortexa9_0/lib/xusbps_g.o ps7
TRACE::2024-07-31.11:49:44::SCWMssOS::_cortexa9_0/lib/xusbps_hw.o ps7_cortexa9_0/lib/xusbps_intr.o ps7_cortexa9_0/lib/xusbps_sinit.o

TRACE::2024-07-31.11:49:44::SCWMssOS::Finished building libraries

TRACE::2024-07-31.11:49:44::SCWMssOS::Copying to export directory.
TRACE::2024-07-31.11:49:44::SCWMssOS:: Checking if to create the Supporting Applications
TRACE::2024-07-31.11:49:44::SCWMssOS:: No Linux domain exists, trying to generate FSBL 
LOG::2024-07-31.11:49:44::SCWSystem::Completed Processing the domain freertos10_xilinx_ps7_cortexa9_0
LOG::2024-07-31.11:49:44::SCWSystem::Completed Processing the sysconfig pynq_z2_bram_wrapper
LOG::2024-07-31.11:49:44::SCWPlatform::Completed generating the artifacts for system configuration pynq_z2_bram_wrapper
TRACE::2024-07-31.11:49:44::SCWPlatform::Started preparing the platform 
TRACE::2024-07-31.11:49:44::SCWSystem::Writing the bif file for system config pynq_z2_bram_wrapper
TRACE::2024-07-31.11:49:44::SCWSystem::dir created 
TRACE::2024-07-31.11:49:44::SCWSystem::Writing the bif 
TRACE::2024-07-31.11:49:44::SCWPlatform::Started writing the spfm file 
TRACE::2024-07-31.11:49:44::SCWPlatform::Started writing the xpfm file 
TRACE::2024-07-31.11:49:44::SCWPlatform::Completed generating the platform
TRACE::2024-07-31.11:49:44::SCWMssOS::Saving the mss changes /home/kike/Desktop/marvin/marvin/pynq_z2_bram_wrapper/zynq_fsbl/zynq_fsbl_bsp/system.mss
TRACE::2024-07-31.11:49:44::SCWMssOS::Found a swdesign opened with the mssfile.
TRACE::2024-07-31.11:49:44::SCWMssOS::Completed writemss as part of save.
TRACE::2024-07-31.11:49:44::SCWMssOS::Commit changes completed.
TRACE::2024-07-31.11:49:44::SCWMssOS::Saving the mss changes /home/kike/Desktop/marvin/marvin/pynq_z2_bram_wrapper/ps7_cortexa9_0/freertos10_xilinx_ps7_cortexa9_0/bsp/system.mss
TRACE::2024-07-31.11:49:44::SCWMssOS::Found a swdesign opened with the mssfile.
TRACE::2024-07-31.11:49:44::SCWMssOS::Completed writemss as part of save.
TRACE::2024-07-31.11:49:44::SCWMssOS::Commit changes completed.
TRACE::2024-07-31.11:49:44::SCWPlatform::Trying to open the hw design at /home/kike/Desktop/marvin/marvin/pynq_z2_bram_wrapper/hw/pynq_z2_bram_wrapper.xsa
TRACE::2024-07-31.11:49:44::SCWPlatform::DSA given /home/kike/Desktop/marvin/marvin/pynq_z2_bram_wrapper/hw/pynq_z2_bram_wrapper.xsa
TRACE::2024-07-31.11:49:44::SCWPlatform::DSA absoulate path /home/kike/Desktop/marvin/marvin/pynq_z2_bram_wrapper/hw/pynq_z2_bram_wrapper.xsa
TRACE::2024-07-31.11:49:44::SCWPlatform::DSA directory /home/kike/Desktop/marvin/marvin/pynq_z2_bram_wrapper/hw
TRACE::2024-07-31.11:49:44::SCWPlatform:: Platform Path /home/kike/Desktop/marvin/marvin/pynq_z2_bram_wrapper/hw/pynq_z2_bram_wrapper.xsa
TRACE::2024-07-31.11:49:44::SCWPlatform:: Unique name xilinx:pynq-z2::0.0
TRACE::2024-07-31.11:49:44::SCWPlatform::Trying to set the existing hwdb with name pynq_z2_bram_wrapper
TRACE::2024-07-31.11:49:44::SCWPlatform::Opened existing hwdb pynq_z2_bram_wrapper
TRACE::2024-07-31.11:49:44::SCWPlatform::Found the Hw Db part of the input DSA
TRACE::2024-07-31.11:49:44::SCWMssOS::Checking the sw design at  /home/kike/Desktop/marvin/marvin/pynq_z2_bram_wrapper/zynq_fsbl/zynq_fsbl_bsp/system.mss
TRACE::2024-07-31.11:49:44::SCWMssOS::DEBUG:  swdes dump  /home/kike/Desktop/marvin/marvin/pynq_z2_bram_wrapper/ps7_cortexa9_0/freertos10_xilinx_ps7_cortexa9_0/bsp/system.mss|system_0||
/home/kike/Desktop/marvin/marvin/pynq_z2_bram_wrapper/zynq_fsbl/zynq_fsbl_bsp/system.mss|system||

TRACE::2024-07-31.11:49:44::SCWMssOS::Sw design exists and opened at  /home/kike/Desktop/marvin/marvin/pynq_z2_bram_wrapper/zynq_fsbl/zynq_fsbl_bsp/system.mss
TRACE::2024-07-31.11:49:44::SCWPlatform::Trying to open the hw design at /home/kike/Desktop/marvin/marvin/pynq_z2_bram_wrapper/hw/pynq_z2_bram_wrapper.xsa
TRACE::2024-07-31.11:49:44::SCWPlatform::DSA given /home/kike/Desktop/marvin/marvin/pynq_z2_bram_wrapper/hw/pynq_z2_bram_wrapper.xsa
TRACE::2024-07-31.11:49:44::SCWPlatform::DSA absoulate path /home/kike/Desktop/marvin/marvin/pynq_z2_bram_wrapper/hw/pynq_z2_bram_wrapper.xsa
TRACE::2024-07-31.11:49:44::SCWPlatform::DSA directory /home/kike/Desktop/marvin/marvin/pynq_z2_bram_wrapper/hw
TRACE::2024-07-31.11:49:44::SCWPlatform:: Platform Path /home/kike/Desktop/marvin/marvin/pynq_z2_bram_wrapper/hw/pynq_z2_bram_wrapper.xsa
TRACE::2024-07-31.11:49:44::SCWPlatform:: Unique name xilinx:pynq-z2::0.0
TRACE::2024-07-31.11:49:44::SCWPlatform::Trying to set the existing hwdb with name pynq_z2_bram_wrapper
TRACE::2024-07-31.11:49:44::SCWPlatform::Opened existing hwdb pynq_z2_bram_wrapper
TRACE::2024-07-31.11:49:44::SCWPlatform::Found the Hw Db part of the input DSA
TRACE::2024-07-31.11:49:44::SCWMssOS::Checking the sw design at  /home/kike/Desktop/marvin/marvin/pynq_z2_bram_wrapper/ps7_cortexa9_0/freertos10_xilinx_ps7_cortexa9_0/bsp/system.mss
TRACE::2024-07-31.11:49:44::SCWMssOS::DEBUG:  swdes dump  /home/kike/Desktop/marvin/marvin/pynq_z2_bram_wrapper/ps7_cortexa9_0/freertos10_xilinx_ps7_cortexa9_0/bsp/system.mss|system_0||
/home/kike/Desktop/marvin/marvin/pynq_z2_bram_wrapper/zynq_fsbl/zynq_fsbl_bsp/system.mss|system||

TRACE::2024-07-31.11:49:44::SCWMssOS::Sw design exists and opened at  /home/kike/Desktop/marvin/marvin/pynq_z2_bram_wrapper/ps7_cortexa9_0/freertos10_xilinx_ps7_cortexa9_0/bsp/system.mss
TRACE::2024-07-31.11:49:44::SCWWriter::formatted JSON is {
	"platformName":	"pynq_z2_bram_wrapper",
	"sprVersion":	"2.0",
	"mode":	"gui",
	"dsaType":	"Fixed",
	"platformDesc":	"pynq_z2_bram_wrapper",
	"platHandOff":	"/home/kike/Desktop/marvin/vivado_project/pynq_z2_bram/pynq_z2_bram_wrapper.xsa",
	"platIntHandOff":	"<platformDir>/hw/pynq_z2_bram_wrapper.xsa",
	"deviceType":	"zynq",
	"platIsPrebuiltAutogen":	"false",
	"platIsNoBootBsp":	"false",
	"hasFsblMakeHasChanges":	"false",
	"hasPmufwMakeHasChanges":	"false",
	"fsblExtraCompilerFlags":	"-MMD -MP       -mcpu=cortex-a9 -mfpu=vfpv3 -mfloat-abi=hard ",
	"platPreBuiltFlag":	false,
	"platformSamplesDir":	"",
	"platActiveSys":	"pynq_z2_bram_wrapper",
	"systems":	[{
			"systemName":	"pynq_z2_bram_wrapper",
			"systemDesc":	"pynq_z2_bram_wrapper",
			"sysIsBootAutoGen":	"true",
			"systemDispName":	"pynq_z2_bram_wrapper",
			"sysActiveDom":	"freertos10_xilinx_ps7_cortexa9_0",
			"sysDefaultDom":	"freertos10_xilinx_ps7_cortexa9_0",
			"domains":	[{
					"domainName":	"zynq_fsbl",
					"domainDispName":	"zynq_fsbl",
					"domainDesc":	"FSBL Application BSP - Auto Generated.",
					"processors":	"ps7_cortexa9_0",
					"os":	"standalone",
					"sdxOs":	"standalone",
					"debugEnable":	"",
					"domRuntimes":	["cpp"],
					"swRepo":	"",
					"mssOsVer":	"9.1",
					"mssFile":	"",
					"md5Digest":	"409d1989a24d76fe76b05e785092fa28",
					"compatibleApp":	"zynq_fsbl",
					"domType":	"bootDomain",
					"arch":	"32-bit",
					"appSettings":	{
						"appCompilerFlags":	"",
						"appLinkerFlags":	""
					},
					"addedLibs":	["xilffs:5.2", "xilrsa:1.8"],
					"libOptions":	{
						"libsContainingOptions":	[]
					},
					"prebuiltLibs":	{
						"prebuiltIncPath":	[],
						"prebuiltLibPath":	[]
					},
					"isolation":	{
					}
				}, {
					"domainName":	"freertos10_xilinx_ps7_cortexa9_0",
					"domainDispName":	"freertos10_xilinx_ps7_cortexa9_0",
					"domainDesc":	"freertos10_xilinx_ps7_cortexa9_0",
					"processors":	"ps7_cortexa9_0",
					"os":	"freertos10_xilinx",
					"sdxOs":	"freertos10_xilinx",
					"qemuArgs":	"<platformDir>/resources/pynq_z2_bram_wrapper/freertos10_xilinx_ps7_cortexa9_0/qemu_args.txt",
					"qemuData":	"<platformDir>/resources/pynq_z2_bram_wrapper/freertos10_xilinx_ps7_cortexa9_0/qemu",
					"debugEnable":	"False",
					"domRuntimes":	["cpp"],
					"swRepo":	"",
					"mssOsVer":	"1.15",
					"mssFile":	"",
					"md5Digest":	"b16b094303b8a18353b8c330524e5d8f",
					"compatibleApp":	"",
					"domType":	"mssDomain",
					"arch":	"32-bit",
					"appSettings":	{
						"appCompilerFlags":	"",
						"appLinkerFlags":	""
					},
					"addedLibs":	["xiltimer:2.0"],
					"libOptions":	{
						"freertos10_xilinx":	{
							"xil_interrupt":	"true",
							"libOptionNames":	["xil_interrupt"]
						},
						"xiltimer":	{
							"en_interval_timer":	"true",
							"libOptionNames":	["en_interval_timer"]
						},
						"libsContainingOptions":	["freertos10_xilinx", "xiltimer"]
					},
					"prebuiltLibs":	{
						"prebuiltIncPath":	[],
						"prebuiltLibPath":	[]
					},
					"isolation":	{
					}
				}]
		}]
}
KEYINFO::2024-07-31.11:49:44::SCWPlatform::updated the xpfm file.
TRACE::2024-07-31.11:49:44::SCWPlatform::Trying to open the hw design at /home/kike/Desktop/marvin/marvin/pynq_z2_bram_wrapper/hw/pynq_z2_bram_wrapper.xsa
TRACE::2024-07-31.11:49:44::SCWPlatform::DSA given /home/kike/Desktop/marvin/marvin/pynq_z2_bram_wrapper/hw/pynq_z2_bram_wrapper.xsa
TRACE::2024-07-31.11:49:44::SCWPlatform::DSA absoulate path /home/kike/Desktop/marvin/marvin/pynq_z2_bram_wrapper/hw/pynq_z2_bram_wrapper.xsa
TRACE::2024-07-31.11:49:44::SCWPlatform::DSA directory /home/kike/Desktop/marvin/marvin/pynq_z2_bram_wrapper/hw
TRACE::2024-07-31.11:49:44::SCWPlatform:: Platform Path /home/kike/Desktop/marvin/marvin/pynq_z2_bram_wrapper/hw/pynq_z2_bram_wrapper.xsa
TRACE::2024-07-31.11:49:44::SCWPlatform:: Unique name xilinx:pynq-z2::0.0
TRACE::2024-07-31.11:49:44::SCWPlatform::Trying to set the existing hwdb with name pynq_z2_bram_wrapper
TRACE::2024-07-31.11:49:44::SCWPlatform::Opened existing hwdb pynq_z2_bram_wrapper
TRACE::2024-07-31.11:49:44::SCWPlatform::Found the Hw Db part of the input DSA
TRACE::2024-07-31.11:49:44::SCWMssOS::Checking the sw design at  /home/kike/Desktop/marvin/marvin/pynq_z2_bram_wrapper/ps7_cortexa9_0/freertos10_xilinx_ps7_cortexa9_0/bsp/system.mss
TRACE::2024-07-31.11:49:44::SCWMssOS::DEBUG:  swdes dump  /home/kike/Desktop/marvin/marvin/pynq_z2_bram_wrapper/ps7_cortexa9_0/freertos10_xilinx_ps7_cortexa9_0/bsp/system.mss|system_0||
/home/kike/Desktop/marvin/marvin/pynq_z2_bram_wrapper/zynq_fsbl/zynq_fsbl_bsp/system.mss|system||

TRACE::2024-07-31.11:49:44::SCWMssOS::Sw design exists and opened at  /home/kike/Desktop/marvin/marvin/pynq_z2_bram_wrapper/ps7_cortexa9_0/freertos10_xilinx_ps7_cortexa9_0/bsp/system.mss
TRACE::2024-08-07.13:53:25::SCWPlatform::Trying to open the hw design at /home/kike/Desktop/marvin/marvin/pynq_z2_bram_wrapper/hw/pynq_z2_bram_wrapper.xsa
TRACE::2024-08-07.13:53:25::SCWPlatform::DSA given /home/kike/Desktop/marvin/marvin/pynq_z2_bram_wrapper/hw/pynq_z2_bram_wrapper.xsa
TRACE::2024-08-07.13:53:25::SCWPlatform::DSA absoulate path /home/kike/Desktop/marvin/marvin/pynq_z2_bram_wrapper/hw/pynq_z2_bram_wrapper.xsa
TRACE::2024-08-07.13:53:25::SCWPlatform::DSA directory /home/kike/Desktop/marvin/marvin/pynq_z2_bram_wrapper/hw
TRACE::2024-08-07.13:53:25::SCWPlatform:: Platform Path /home/kike/Desktop/marvin/marvin/pynq_z2_bram_wrapper/hw/pynq_z2_bram_wrapper.xsa
TRACE::2024-08-07.13:53:25::SCWPlatform:: Unique name xilinx:pynq-z2::0.0
TRACE::2024-08-07.13:53:25::SCWPlatform::Do not have an existing db opened. 
TRACE::2024-08-07.13:53:26::SCWPlatform::Opened new HwDB with name pynq_z2_bram_wrapper_1
TRACE::2024-08-07.13:53:26::SCWReader::Active system found as  pynq_z2_bram_wrapper
TRACE::2024-08-07.13:53:26::SCWReader::Handling sysconfig pynq_z2_bram_wrapper
TRACE::2024-08-07.13:53:26::SCWDomain::checking for install qemu data   : 
TRACE::2024-08-07.13:53:26::SCWDomain:: Using the QEMU Data from install at  : /tools/Xilinx/Vitis/2024.1/data/emulation/platforms/zynq/sw/a9_standalone/qemu/
TRACE::2024-08-07.13:53:26::SCWDomain:: Using the QEMU args  from install at  : /tools/Xilinx/Vitis/2024.1/data/emulation/platforms/zynq/sw/a9_standalone/qemu/qemu_args.txt
TRACE::2024-08-07.13:53:26::SCWPlatform::Trying to open the hw design at /home/kike/Desktop/marvin/marvin/pynq_z2_bram_wrapper/hw/pynq_z2_bram_wrapper.xsa
TRACE::2024-08-07.13:53:26::SCWPlatform::DSA given /home/kike/Desktop/marvin/marvin/pynq_z2_bram_wrapper/hw/pynq_z2_bram_wrapper.xsa
TRACE::2024-08-07.13:53:26::SCWPlatform::DSA absoulate path /home/kike/Desktop/marvin/marvin/pynq_z2_bram_wrapper/hw/pynq_z2_bram_wrapper.xsa
TRACE::2024-08-07.13:53:26::SCWPlatform::DSA directory /home/kike/Desktop/marvin/marvin/pynq_z2_bram_wrapper/hw
TRACE::2024-08-07.13:53:26::SCWPlatform:: Platform Path /home/kike/Desktop/marvin/marvin/pynq_z2_bram_wrapper/hw/pynq_z2_bram_wrapper.xsa
TRACE::2024-08-07.13:53:26::SCWPlatform:: Unique name xilinx:pynq-z2::0.0
TRACE::2024-08-07.13:53:26::SCWPlatform::Trying to set the existing hwdb with name pynq_z2_bram_wrapper_1
TRACE::2024-08-07.13:53:26::SCWPlatform::Opened existing hwdb pynq_z2_bram_wrapper_1
TRACE::2024-08-07.13:53:26::SCWPlatform::Found the Hw Db part of the input DSA
TRACE::2024-08-07.13:53:26::SCWPlatform::Trying to open the hw design at /home/kike/Desktop/marvin/marvin/pynq_z2_bram_wrapper/hw/pynq_z2_bram_wrapper.xsa
TRACE::2024-08-07.13:53:26::SCWPlatform::DSA given /home/kike/Desktop/marvin/marvin/pynq_z2_bram_wrapper/hw/pynq_z2_bram_wrapper.xsa
TRACE::2024-08-07.13:53:26::SCWPlatform::DSA absoulate path /home/kike/Desktop/marvin/marvin/pynq_z2_bram_wrapper/hw/pynq_z2_bram_wrapper.xsa
TRACE::2024-08-07.13:53:26::SCWPlatform::DSA directory /home/kike/Desktop/marvin/marvin/pynq_z2_bram_wrapper/hw
TRACE::2024-08-07.13:53:26::SCWPlatform:: Platform Path /home/kike/Desktop/marvin/marvin/pynq_z2_bram_wrapper/hw/pynq_z2_bram_wrapper.xsa
TRACE::2024-08-07.13:53:26::SCWPlatform:: Unique name xilinx:pynq-z2::0.0
TRACE::2024-08-07.13:53:26::SCWPlatform::Trying to set the existing hwdb with name pynq_z2_bram_wrapper_1
TRACE::2024-08-07.13:53:26::SCWPlatform::Opened existing hwdb pynq_z2_bram_wrapper_1
TRACE::2024-08-07.13:53:26::SCWPlatform::Found the Hw Db part of the input DSA
TRACE::2024-08-07.13:53:26::SCWPlatform::Trying to open the hw design at /home/kike/Desktop/marvin/marvin/pynq_z2_bram_wrapper/hw/pynq_z2_bram_wrapper.xsa
TRACE::2024-08-07.13:53:26::SCWPlatform::DSA given /home/kike/Desktop/marvin/marvin/pynq_z2_bram_wrapper/hw/pynq_z2_bram_wrapper.xsa
TRACE::2024-08-07.13:53:26::SCWPlatform::DSA absoulate path /home/kike/Desktop/marvin/marvin/pynq_z2_bram_wrapper/hw/pynq_z2_bram_wrapper.xsa
TRACE::2024-08-07.13:53:26::SCWPlatform::DSA directory /home/kike/Desktop/marvin/marvin/pynq_z2_bram_wrapper/hw
TRACE::2024-08-07.13:53:26::SCWPlatform:: Platform Path /home/kike/Desktop/marvin/marvin/pynq_z2_bram_wrapper/hw/pynq_z2_bram_wrapper.xsa
TRACE::2024-08-07.13:53:26::SCWPlatform:: Unique name xilinx:pynq-z2::0.0
TRACE::2024-08-07.13:53:26::SCWPlatform::Trying to set the existing hwdb with name pynq_z2_bram_wrapper_1
TRACE::2024-08-07.13:53:26::SCWPlatform::Opened existing hwdb pynq_z2_bram_wrapper_1
TRACE::2024-08-07.13:53:26::SCWPlatform::Found the Hw Db part of the input DSA
TRACE::2024-08-07.13:53:26::SCWReader::Boot application domain added for zynq_fsbl
TRACE::2024-08-07.13:53:26::SCWPlatform::Trying to open the hw design at /home/kike/Desktop/marvin/marvin/pynq_z2_bram_wrapper/hw/pynq_z2_bram_wrapper.xsa
TRACE::2024-08-07.13:53:26::SCWPlatform::DSA given /home/kike/Desktop/marvin/marvin/pynq_z2_bram_wrapper/hw/pynq_z2_bram_wrapper.xsa
TRACE::2024-08-07.13:53:26::SCWPlatform::DSA absoulate path /home/kike/Desktop/marvin/marvin/pynq_z2_bram_wrapper/hw/pynq_z2_bram_wrapper.xsa
TRACE::2024-08-07.13:53:26::SCWPlatform::DSA directory /home/kike/Desktop/marvin/marvin/pynq_z2_bram_wrapper/hw
TRACE::2024-08-07.13:53:26::SCWPlatform:: Platform Path /home/kike/Desktop/marvin/marvin/pynq_z2_bram_wrapper/hw/pynq_z2_bram_wrapper.xsa
TRACE::2024-08-07.13:53:26::SCWPlatform:: Unique name xilinx:pynq-z2::0.0
TRACE::2024-08-07.13:53:26::SCWPlatform::Trying to set the existing hwdb with name pynq_z2_bram_wrapper_1
TRACE::2024-08-07.13:53:26::SCWPlatform::Opened existing hwdb pynq_z2_bram_wrapper_1
TRACE::2024-08-07.13:53:26::SCWPlatform::Found the Hw Db part of the input DSA
TRACE::2024-08-07.13:53:26::SCWMssOS::Checking the sw design at  /home/kike/Desktop/marvin/marvin/pynq_z2_bram_wrapper/zynq_fsbl/zynq_fsbl_bsp/system.mss
TRACE::2024-08-07.13:53:26::SCWMssOS::DEBUG:  swdes dump  
TRACE::2024-08-07.13:53:26::SCWMssOS::No sw design opened at  /home/kike/Desktop/marvin/marvin/pynq_z2_bram_wrapper/zynq_fsbl/zynq_fsbl_bsp/system.mss
TRACE::2024-08-07.13:53:26::SCWMssOS::mss exists loading the mss file  /home/kike/Desktop/marvin/marvin/pynq_z2_bram_wrapper/zynq_fsbl/zynq_fsbl_bsp/system.mss
TRACE::2024-08-07.13:53:26::SCWMssOS::Opened the sw design from mss  /home/kike/Desktop/marvin/marvin/pynq_z2_bram_wrapper/zynq_fsbl/zynq_fsbl_bsp/system.mss
TRACE::2024-08-07.13:53:26::SCWMssOS::Adding the swdes entry /home/kike/Desktop/marvin/marvin/pynq_z2_bram_wrapper/zynq_fsbl/zynq_fsbl_bsp/system.mss with des name system
TRACE::2024-08-07.13:53:26::SCWMssOS::updating the scw layer about changes
TRACE::2024-08-07.13:53:26::SCWMssOS::Opened the sw design.  /home/kike/Desktop/marvin/marvin/pynq_z2_bram_wrapper/zynq_fsbl/zynq_fsbl_bsp/system.mss
TRACE::2024-08-07.13:53:26::SCWPlatform::Trying to open the hw design at /home/kike/Desktop/marvin/marvin/pynq_z2_bram_wrapper/hw/pynq_z2_bram_wrapper.xsa
TRACE::2024-08-07.13:53:26::SCWPlatform::DSA given /home/kike/Desktop/marvin/marvin/pynq_z2_bram_wrapper/hw/pynq_z2_bram_wrapper.xsa
TRACE::2024-08-07.13:53:26::SCWPlatform::DSA absoulate path /home/kike/Desktop/marvin/marvin/pynq_z2_bram_wrapper/hw/pynq_z2_bram_wrapper.xsa
TRACE::2024-08-07.13:53:26::SCWPlatform::DSA directory /home/kike/Desktop/marvin/marvin/pynq_z2_bram_wrapper/hw
TRACE::2024-08-07.13:53:26::SCWPlatform:: Platform Path /home/kike/Desktop/marvin/marvin/pynq_z2_bram_wrapper/hw/pynq_z2_bram_wrapper.xsa
TRACE::2024-08-07.13:53:26::SCWPlatform:: Unique name xilinx:pynq-z2::0.0
TRACE::2024-08-07.13:53:26::SCWPlatform::Trying to set the existing hwdb with name pynq_z2_bram_wrapper_1
TRACE::2024-08-07.13:53:26::SCWPlatform::Opened existing hwdb pynq_z2_bram_wrapper_1
TRACE::2024-08-07.13:53:26::SCWPlatform::Found the Hw Db part of the input DSA
TRACE::2024-08-07.13:53:26::SCWMssOS::Checking the sw design at  /home/kike/Desktop/marvin/marvin/pynq_z2_bram_wrapper/zynq_fsbl/zynq_fsbl_bsp/system.mss
TRACE::2024-08-07.13:53:26::SCWMssOS::DEBUG:  swdes dump  /home/kike/Desktop/marvin/marvin/pynq_z2_bram_wrapper/zynq_fsbl/zynq_fsbl_bsp/system.mss|system||

TRACE::2024-08-07.13:53:26::SCWMssOS::Sw design exists and opened at  /home/kike/Desktop/marvin/marvin/pynq_z2_bram_wrapper/zynq_fsbl/zynq_fsbl_bsp/system.mss
TRACE::2024-08-07.13:53:26::SCWMssOS:: library already available in sw design:  xilffs:5.2
TRACE::2024-08-07.13:53:26::SCWPlatform::Trying to open the hw design at /home/kike/Desktop/marvin/marvin/pynq_z2_bram_wrapper/hw/pynq_z2_bram_wrapper.xsa
TRACE::2024-08-07.13:53:26::SCWPlatform::DSA given /home/kike/Desktop/marvin/marvin/pynq_z2_bram_wrapper/hw/pynq_z2_bram_wrapper.xsa
TRACE::2024-08-07.13:53:26::SCWPlatform::DSA absoulate path /home/kike/Desktop/marvin/marvin/pynq_z2_bram_wrapper/hw/pynq_z2_bram_wrapper.xsa
TRACE::2024-08-07.13:53:26::SCWPlatform::DSA directory /home/kike/Desktop/marvin/marvin/pynq_z2_bram_wrapper/hw
TRACE::2024-08-07.13:53:26::SCWPlatform:: Platform Path /home/kike/Desktop/marvin/marvin/pynq_z2_bram_wrapper/hw/pynq_z2_bram_wrapper.xsa
TRACE::2024-08-07.13:53:26::SCWPlatform:: Unique name xilinx:pynq-z2::0.0
TRACE::2024-08-07.13:53:26::SCWPlatform::Trying to set the existing hwdb with name pynq_z2_bram_wrapper_1
TRACE::2024-08-07.13:53:26::SCWPlatform::Opened existing hwdb pynq_z2_bram_wrapper_1
TRACE::2024-08-07.13:53:26::SCWPlatform::Found the Hw Db part of the input DSA
TRACE::2024-08-07.13:53:26::SCWMssOS::Checking the sw design at  /home/kike/Desktop/marvin/marvin/pynq_z2_bram_wrapper/zynq_fsbl/zynq_fsbl_bsp/system.mss
TRACE::2024-08-07.13:53:26::SCWMssOS::DEBUG:  swdes dump  /home/kike/Desktop/marvin/marvin/pynq_z2_bram_wrapper/zynq_fsbl/zynq_fsbl_bsp/system.mss|system||

TRACE::2024-08-07.13:53:26::SCWMssOS::Sw design exists and opened at  /home/kike/Desktop/marvin/marvin/pynq_z2_bram_wrapper/zynq_fsbl/zynq_fsbl_bsp/system.mss
TRACE::2024-08-07.13:53:26::SCWMssOS:: library already available in sw design:  xilrsa:1.8
TRACE::2024-08-07.13:53:26::SCWMssOS::Saving the mss changes /home/kike/Desktop/marvin/marvin/pynq_z2_bram_wrapper/zynq_fsbl/zynq_fsbl_bsp/system.mss
TRACE::2024-08-07.13:53:26::SCWMssOS::Found a swdesign opened with the mssfile.
TRACE::2024-08-07.13:53:26::SCWMssOS::Completed writemss as part of save.
TRACE::2024-08-07.13:53:26::SCWMssOS::Commit changes completed.
TRACE::2024-08-07.13:53:26::SCWReader::Adding prebuilt librarypaths as   
TRACE::2024-08-07.13:53:26::SCWReader::Adding prebuilt incpaths  as   
TRACE::2024-08-07.13:53:26::SCWPlatform::Trying to open the hw design at /home/kike/Desktop/marvin/marvin/pynq_z2_bram_wrapper/hw/pynq_z2_bram_wrapper.xsa
TRACE::2024-08-07.13:53:26::SCWPlatform::DSA given /home/kike/Desktop/marvin/marvin/pynq_z2_bram_wrapper/hw/pynq_z2_bram_wrapper.xsa
TRACE::2024-08-07.13:53:26::SCWPlatform::DSA absoulate path /home/kike/Desktop/marvin/marvin/pynq_z2_bram_wrapper/hw/pynq_z2_bram_wrapper.xsa
TRACE::2024-08-07.13:53:26::SCWPlatform::DSA directory /home/kike/Desktop/marvin/marvin/pynq_z2_bram_wrapper/hw
TRACE::2024-08-07.13:53:26::SCWPlatform:: Platform Path /home/kike/Desktop/marvin/marvin/pynq_z2_bram_wrapper/hw/pynq_z2_bram_wrapper.xsa
TRACE::2024-08-07.13:53:26::SCWPlatform:: Unique name xilinx:pynq-z2::0.0
TRACE::2024-08-07.13:53:26::SCWPlatform::Trying to set the existing hwdb with name pynq_z2_bram_wrapper_1
TRACE::2024-08-07.13:53:26::SCWPlatform::Opened existing hwdb pynq_z2_bram_wrapper_1
TRACE::2024-08-07.13:53:26::SCWPlatform::Found the Hw Db part of the input DSA
TRACE::2024-08-07.13:53:26::SCWMssOS::Checking the sw design at  /home/kike/Desktop/marvin/marvin/pynq_z2_bram_wrapper/zynq_fsbl/zynq_fsbl_bsp/system.mss
TRACE::2024-08-07.13:53:26::SCWMssOS::DEBUG:  swdes dump  /home/kike/Desktop/marvin/marvin/pynq_z2_bram_wrapper/zynq_fsbl/zynq_fsbl_bsp/system.mss|system||

TRACE::2024-08-07.13:53:26::SCWMssOS::Sw design exists and opened at  /home/kike/Desktop/marvin/marvin/pynq_z2_bram_wrapper/zynq_fsbl/zynq_fsbl_bsp/system.mss
TRACE::2024-08-07.13:53:26::SCWReader::No isolation master present  
TRACE::2024-08-07.13:53:26::SCWDomain::checking for install qemu data   : 
TRACE::2024-08-07.13:53:26::SCWDomain:: Using the QEMU Data from install at  : /tools/Xilinx/Vitis/2024.1/data/emulation/platforms/zynq/sw/a9_standalone/qemu/
TRACE::2024-08-07.13:53:26::SCWDomain:: Using the QEMU args  from install at  : /tools/Xilinx/Vitis/2024.1/data/emulation/platforms/zynq/sw/a9_standalone/qemu/qemu_args.txt
TRACE::2024-08-07.13:53:26::SCWPlatform::Trying to open the hw design at /home/kike/Desktop/marvin/marvin/pynq_z2_bram_wrapper/hw/pynq_z2_bram_wrapper.xsa
TRACE::2024-08-07.13:53:26::SCWPlatform::DSA given /home/kike/Desktop/marvin/marvin/pynq_z2_bram_wrapper/hw/pynq_z2_bram_wrapper.xsa
TRACE::2024-08-07.13:53:26::SCWPlatform::DSA absoulate path /home/kike/Desktop/marvin/marvin/pynq_z2_bram_wrapper/hw/pynq_z2_bram_wrapper.xsa
TRACE::2024-08-07.13:53:26::SCWPlatform::DSA directory /home/kike/Desktop/marvin/marvin/pynq_z2_bram_wrapper/hw
TRACE::2024-08-07.13:53:26::SCWPlatform:: Platform Path /home/kike/Desktop/marvin/marvin/pynq_z2_bram_wrapper/hw/pynq_z2_bram_wrapper.xsa
TRACE::2024-08-07.13:53:26::SCWPlatform:: Unique name xilinx:pynq-z2::0.0
TRACE::2024-08-07.13:53:26::SCWPlatform::Trying to set the existing hwdb with name pynq_z2_bram_wrapper_1
TRACE::2024-08-07.13:53:26::SCWPlatform::Opened existing hwdb pynq_z2_bram_wrapper_1
TRACE::2024-08-07.13:53:26::SCWPlatform::Found the Hw Db part of the input DSA
TRACE::2024-08-07.13:53:26::SCWPlatform::Trying to open the hw design at /home/kike/Desktop/marvin/marvin/pynq_z2_bram_wrapper/hw/pynq_z2_bram_wrapper.xsa
TRACE::2024-08-07.13:53:26::SCWPlatform::DSA given /home/kike/Desktop/marvin/marvin/pynq_z2_bram_wrapper/hw/pynq_z2_bram_wrapper.xsa
TRACE::2024-08-07.13:53:26::SCWPlatform::DSA absoulate path /home/kike/Desktop/marvin/marvin/pynq_z2_bram_wrapper/hw/pynq_z2_bram_wrapper.xsa
TRACE::2024-08-07.13:53:26::SCWPlatform::DSA directory /home/kike/Desktop/marvin/marvin/pynq_z2_bram_wrapper/hw
TRACE::2024-08-07.13:53:26::SCWPlatform:: Platform Path /home/kike/Desktop/marvin/marvin/pynq_z2_bram_wrapper/hw/pynq_z2_bram_wrapper.xsa
TRACE::2024-08-07.13:53:26::SCWPlatform:: Unique name xilinx:pynq-z2::0.0
TRACE::2024-08-07.13:53:26::SCWPlatform::Trying to set the existing hwdb with name pynq_z2_bram_wrapper_1
TRACE::2024-08-07.13:53:26::SCWPlatform::Opened existing hwdb pynq_z2_bram_wrapper_1
TRACE::2024-08-07.13:53:26::SCWPlatform::Found the Hw Db part of the input DSA
TRACE::2024-08-07.13:53:26::SCWPlatform::Trying to open the hw design at /home/kike/Desktop/marvin/marvin/pynq_z2_bram_wrapper/hw/pynq_z2_bram_wrapper.xsa
TRACE::2024-08-07.13:53:26::SCWPlatform::DSA given /home/kike/Desktop/marvin/marvin/pynq_z2_bram_wrapper/hw/pynq_z2_bram_wrapper.xsa
TRACE::2024-08-07.13:53:26::SCWPlatform::DSA absoulate path /home/kike/Desktop/marvin/marvin/pynq_z2_bram_wrapper/hw/pynq_z2_bram_wrapper.xsa
TRACE::2024-08-07.13:53:26::SCWPlatform::DSA directory /home/kike/Desktop/marvin/marvin/pynq_z2_bram_wrapper/hw
TRACE::2024-08-07.13:53:26::SCWPlatform:: Platform Path /home/kike/Desktop/marvin/marvin/pynq_z2_bram_wrapper/hw/pynq_z2_bram_wrapper.xsa
TRACE::2024-08-07.13:53:26::SCWPlatform:: Unique name xilinx:pynq-z2::0.0
TRACE::2024-08-07.13:53:26::SCWPlatform::Trying to set the existing hwdb with name pynq_z2_bram_wrapper_1
TRACE::2024-08-07.13:53:26::SCWPlatform::Opened existing hwdb pynq_z2_bram_wrapper_1
TRACE::2024-08-07.13:53:26::SCWPlatform::Found the Hw Db part of the input DSA
TRACE::2024-08-07.13:53:26::SCWMssOS::Checking the sw design at  /home/kike/Desktop/marvin/marvin/pynq_z2_bram_wrapper/ps7_cortexa9_0/freertos10_xilinx_ps7_cortexa9_0/bsp/system.mss
TRACE::2024-08-07.13:53:26::SCWMssOS::DEBUG:  swdes dump  /home/kike/Desktop/marvin/marvin/pynq_z2_bram_wrapper/zynq_fsbl/zynq_fsbl_bsp/system.mss|system||

TRACE::2024-08-07.13:53:26::SCWMssOS::No sw design opened at  /home/kike/Desktop/marvin/marvin/pynq_z2_bram_wrapper/ps7_cortexa9_0/freertos10_xilinx_ps7_cortexa9_0/bsp/system.mss
TRACE::2024-08-07.13:53:26::SCWMssOS::mss exists loading the mss file  /home/kike/Desktop/marvin/marvin/pynq_z2_bram_wrapper/ps7_cortexa9_0/freertos10_xilinx_ps7_cortexa9_0/bsp/system.mss
TRACE::2024-08-07.13:53:26::SCWMssOS::Opened the sw design from mss  /home/kike/Desktop/marvin/marvin/pynq_z2_bram_wrapper/ps7_cortexa9_0/freertos10_xilinx_ps7_cortexa9_0/bsp/system.mss
TRACE::2024-08-07.13:53:26::SCWMssOS::Adding the swdes entry /home/kike/Desktop/marvin/marvin/pynq_z2_bram_wrapper/ps7_cortexa9_0/freertos10_xilinx_ps7_cortexa9_0/bsp/system.mss with des name system_0
TRACE::2024-08-07.13:53:26::SCWMssOS::updating the scw layer about changes
TRACE::2024-08-07.13:53:26::SCWMssOS::Opened the sw design.  /home/kike/Desktop/marvin/marvin/pynq_z2_bram_wrapper/ps7_cortexa9_0/freertos10_xilinx_ps7_cortexa9_0/bsp/system.mss
TRACE::2024-08-07.13:53:26::SCWPlatform::Trying to open the hw design at /home/kike/Desktop/marvin/marvin/pynq_z2_bram_wrapper/hw/pynq_z2_bram_wrapper.xsa
TRACE::2024-08-07.13:53:26::SCWPlatform::DSA given /home/kike/Desktop/marvin/marvin/pynq_z2_bram_wrapper/hw/pynq_z2_bram_wrapper.xsa
TRACE::2024-08-07.13:53:26::SCWPlatform::DSA absoulate path /home/kike/Desktop/marvin/marvin/pynq_z2_bram_wrapper/hw/pynq_z2_bram_wrapper.xsa
TRACE::2024-08-07.13:53:26::SCWPlatform::DSA directory /home/kike/Desktop/marvin/marvin/pynq_z2_bram_wrapper/hw
TRACE::2024-08-07.13:53:26::SCWPlatform:: Platform Path /home/kike/Desktop/marvin/marvin/pynq_z2_bram_wrapper/hw/pynq_z2_bram_wrapper.xsa
TRACE::2024-08-07.13:53:26::SCWPlatform:: Unique name xilinx:pynq-z2::0.0
TRACE::2024-08-07.13:53:26::SCWPlatform::Trying to set the existing hwdb with name pynq_z2_bram_wrapper_1
TRACE::2024-08-07.13:53:26::SCWPlatform::Opened existing hwdb pynq_z2_bram_wrapper_1
TRACE::2024-08-07.13:53:26::SCWPlatform::Found the Hw Db part of the input DSA
TRACE::2024-08-07.13:53:26::SCWMssOS::Checking the sw design at  /home/kike/Desktop/marvin/marvin/pynq_z2_bram_wrapper/ps7_cortexa9_0/freertos10_xilinx_ps7_cortexa9_0/bsp/system.mss
TRACE::2024-08-07.13:53:26::SCWMssOS::DEBUG:  swdes dump  /home/kike/Desktop/marvin/marvin/pynq_z2_bram_wrapper/ps7_cortexa9_0/freertos10_xilinx_ps7_cortexa9_0/bsp/system.mss|system_0||
/home/kike/Desktop/marvin/marvin/pynq_z2_bram_wrapper/zynq_fsbl/zynq_fsbl_bsp/system.mss|system||

TRACE::2024-08-07.13:53:26::SCWMssOS::Sw design exists and opened at  /home/kike/Desktop/marvin/marvin/pynq_z2_bram_wrapper/ps7_cortexa9_0/freertos10_xilinx_ps7_cortexa9_0/bsp/system.mss
TRACE::2024-08-07.13:53:26::SCWMssOS:: library already available in sw design:  xiltimer:2.0
TRACE::2024-08-07.13:53:26::SCWPlatform::Trying to open the hw design at /home/kike/Desktop/marvin/marvin/pynq_z2_bram_wrapper/hw/pynq_z2_bram_wrapper.xsa
TRACE::2024-08-07.13:53:26::SCWPlatform::DSA given /home/kike/Desktop/marvin/marvin/pynq_z2_bram_wrapper/hw/pynq_z2_bram_wrapper.xsa
TRACE::2024-08-07.13:53:26::SCWPlatform::DSA absoulate path /home/kike/Desktop/marvin/marvin/pynq_z2_bram_wrapper/hw/pynq_z2_bram_wrapper.xsa
TRACE::2024-08-07.13:53:26::SCWPlatform::DSA directory /home/kike/Desktop/marvin/marvin/pynq_z2_bram_wrapper/hw
TRACE::2024-08-07.13:53:26::SCWPlatform:: Platform Path /home/kike/Desktop/marvin/marvin/pynq_z2_bram_wrapper/hw/pynq_z2_bram_wrapper.xsa
TRACE::2024-08-07.13:53:26::SCWPlatform:: Unique name xilinx:pynq-z2::0.0
TRACE::2024-08-07.13:53:26::SCWPlatform::Trying to set the existing hwdb with name pynq_z2_bram_wrapper_1
TRACE::2024-08-07.13:53:26::SCWPlatform::Opened existing hwdb pynq_z2_bram_wrapper_1
TRACE::2024-08-07.13:53:26::SCWPlatform::Found the Hw Db part of the input DSA
TRACE::2024-08-07.13:53:26::SCWMssOS::Checking the sw design at  /home/kike/Desktop/marvin/marvin/pynq_z2_bram_wrapper/ps7_cortexa9_0/freertos10_xilinx_ps7_cortexa9_0/bsp/system.mss
TRACE::2024-08-07.13:53:26::SCWMssOS::DEBUG:  swdes dump  /home/kike/Desktop/marvin/marvin/pynq_z2_bram_wrapper/ps7_cortexa9_0/freertos10_xilinx_ps7_cortexa9_0/bsp/system.mss|system_0||
/home/kike/Desktop/marvin/marvin/pynq_z2_bram_wrapper/zynq_fsbl/zynq_fsbl_bsp/system.mss|system||

TRACE::2024-08-07.13:53:26::SCWMssOS::Sw design exists and opened at  /home/kike/Desktop/marvin/marvin/pynq_z2_bram_wrapper/ps7_cortexa9_0/freertos10_xilinx_ps7_cortexa9_0/bsp/system.mss
TRACE::2024-08-07.13:53:26::SCWPlatform::Trying to open the hw design at /home/kike/Desktop/marvin/marvin/pynq_z2_bram_wrapper/hw/pynq_z2_bram_wrapper.xsa
TRACE::2024-08-07.13:53:26::SCWPlatform::DSA given /home/kike/Desktop/marvin/marvin/pynq_z2_bram_wrapper/hw/pynq_z2_bram_wrapper.xsa
TRACE::2024-08-07.13:53:26::SCWPlatform::DSA absoulate path /home/kike/Desktop/marvin/marvin/pynq_z2_bram_wrapper/hw/pynq_z2_bram_wrapper.xsa
TRACE::2024-08-07.13:53:26::SCWPlatform::DSA directory /home/kike/Desktop/marvin/marvin/pynq_z2_bram_wrapper/hw
TRACE::2024-08-07.13:53:26::SCWPlatform:: Platform Path /home/kike/Desktop/marvin/marvin/pynq_z2_bram_wrapper/hw/pynq_z2_bram_wrapper.xsa
TRACE::2024-08-07.13:53:26::SCWPlatform:: Unique name xilinx:pynq-z2::0.0
TRACE::2024-08-07.13:53:26::SCWPlatform::Trying to set the existing hwdb with name pynq_z2_bram_wrapper_1
TRACE::2024-08-07.13:53:26::SCWPlatform::Opened existing hwdb pynq_z2_bram_wrapper_1
TRACE::2024-08-07.13:53:26::SCWPlatform::Found the Hw Db part of the input DSA
TRACE::2024-08-07.13:53:26::SCWMssOS::Checking the sw design at  /home/kike/Desktop/marvin/marvin/pynq_z2_bram_wrapper/ps7_cortexa9_0/freertos10_xilinx_ps7_cortexa9_0/bsp/system.mss
TRACE::2024-08-07.13:53:26::SCWMssOS::DEBUG:  swdes dump  /home/kike/Desktop/marvin/marvin/pynq_z2_bram_wrapper/ps7_cortexa9_0/freertos10_xilinx_ps7_cortexa9_0/bsp/system.mss|system_0||
/home/kike/Desktop/marvin/marvin/pynq_z2_bram_wrapper/zynq_fsbl/zynq_fsbl_bsp/system.mss|system||

TRACE::2024-08-07.13:53:26::SCWMssOS::Sw design exists and opened at  /home/kike/Desktop/marvin/marvin/pynq_z2_bram_wrapper/ps7_cortexa9_0/freertos10_xilinx_ps7_cortexa9_0/bsp/system.mss
TRACE::2024-08-07.13:53:26::SCWPlatform::Trying to open the hw design at /home/kike/Desktop/marvin/marvin/pynq_z2_bram_wrapper/hw/pynq_z2_bram_wrapper.xsa
TRACE::2024-08-07.13:53:26::SCWPlatform::DSA given /home/kike/Desktop/marvin/marvin/pynq_z2_bram_wrapper/hw/pynq_z2_bram_wrapper.xsa
TRACE::2024-08-07.13:53:26::SCWPlatform::DSA absoulate path /home/kike/Desktop/marvin/marvin/pynq_z2_bram_wrapper/hw/pynq_z2_bram_wrapper.xsa
TRACE::2024-08-07.13:53:26::SCWPlatform::DSA directory /home/kike/Desktop/marvin/marvin/pynq_z2_bram_wrapper/hw
TRACE::2024-08-07.13:53:26::SCWPlatform:: Platform Path /home/kike/Desktop/marvin/marvin/pynq_z2_bram_wrapper/hw/pynq_z2_bram_wrapper.xsa
TRACE::2024-08-07.13:53:26::SCWPlatform:: Unique name xilinx:pynq-z2::0.0
TRACE::2024-08-07.13:53:26::SCWPlatform::Trying to set the existing hwdb with name pynq_z2_bram_wrapper_1
TRACE::2024-08-07.13:53:26::SCWPlatform::Opened existing hwdb pynq_z2_bram_wrapper_1
TRACE::2024-08-07.13:53:26::SCWPlatform::Found the Hw Db part of the input DSA
TRACE::2024-08-07.13:53:26::SCWMssOS::Checking the sw design at  /home/kike/Desktop/marvin/marvin/pynq_z2_bram_wrapper/ps7_cortexa9_0/freertos10_xilinx_ps7_cortexa9_0/bsp/system.mss
TRACE::2024-08-07.13:53:26::SCWMssOS::DEBUG:  swdes dump  /home/kike/Desktop/marvin/marvin/pynq_z2_bram_wrapper/ps7_cortexa9_0/freertos10_xilinx_ps7_cortexa9_0/bsp/system.mss|system_0||
/home/kike/Desktop/marvin/marvin/pynq_z2_bram_wrapper/zynq_fsbl/zynq_fsbl_bsp/system.mss|system||

TRACE::2024-08-07.13:53:26::SCWMssOS::Sw design exists and opened at  /home/kike/Desktop/marvin/marvin/pynq_z2_bram_wrapper/ps7_cortexa9_0/freertos10_xilinx_ps7_cortexa9_0/bsp/system.mss
TRACE::2024-08-07.13:53:26::SCWPlatform::Trying to open the hw design at /home/kike/Desktop/marvin/marvin/pynq_z2_bram_wrapper/hw/pynq_z2_bram_wrapper.xsa
TRACE::2024-08-07.13:53:26::SCWPlatform::DSA given /home/kike/Desktop/marvin/marvin/pynq_z2_bram_wrapper/hw/pynq_z2_bram_wrapper.xsa
TRACE::2024-08-07.13:53:26::SCWPlatform::DSA absoulate path /home/kike/Desktop/marvin/marvin/pynq_z2_bram_wrapper/hw/pynq_z2_bram_wrapper.xsa
TRACE::2024-08-07.13:53:26::SCWPlatform::DSA directory /home/kike/Desktop/marvin/marvin/pynq_z2_bram_wrapper/hw
TRACE::2024-08-07.13:53:26::SCWPlatform:: Platform Path /home/kike/Desktop/marvin/marvin/pynq_z2_bram_wrapper/hw/pynq_z2_bram_wrapper.xsa
TRACE::2024-08-07.13:53:26::SCWPlatform:: Unique name xilinx:pynq-z2::0.0
TRACE::2024-08-07.13:53:26::SCWPlatform::Trying to set the existing hwdb with name pynq_z2_bram_wrapper_1
TRACE::2024-08-07.13:53:26::SCWPlatform::Opened existing hwdb pynq_z2_bram_wrapper_1
TRACE::2024-08-07.13:53:26::SCWPlatform::Found the Hw Db part of the input DSA
TRACE::2024-08-07.13:53:26::SCWMssOS::Checking the sw design at  /home/kike/Desktop/marvin/marvin/pynq_z2_bram_wrapper/ps7_cortexa9_0/freertos10_xilinx_ps7_cortexa9_0/bsp/system.mss
TRACE::2024-08-07.13:53:26::SCWMssOS::DEBUG:  swdes dump  /home/kike/Desktop/marvin/marvin/pynq_z2_bram_wrapper/ps7_cortexa9_0/freertos10_xilinx_ps7_cortexa9_0/bsp/system.mss|system_0||
/home/kike/Desktop/marvin/marvin/pynq_z2_bram_wrapper/zynq_fsbl/zynq_fsbl_bsp/system.mss|system||

TRACE::2024-08-07.13:53:26::SCWMssOS::Sw design exists and opened at  /home/kike/Desktop/marvin/marvin/pynq_z2_bram_wrapper/ps7_cortexa9_0/freertos10_xilinx_ps7_cortexa9_0/bsp/system.mss
TRACE::2024-08-07.13:53:26::SCWMssOS::Saving the mss changes /home/kike/Desktop/marvin/marvin/pynq_z2_bram_wrapper/ps7_cortexa9_0/freertos10_xilinx_ps7_cortexa9_0/bsp/system.mss
TRACE::2024-08-07.13:53:26::SCWMssOS::Found a swdesign opened with the mssfile.
TRACE::2024-08-07.13:53:26::SCWMssOS::Completed writemss as part of save.
TRACE::2024-08-07.13:53:26::SCWMssOS::Commit changes completed.
TRACE::2024-08-07.13:53:26::SCWReader::Adding prebuilt librarypaths as   
TRACE::2024-08-07.13:53:26::SCWReader::Adding prebuilt incpaths  as   
TRACE::2024-08-07.13:53:26::SCWPlatform::Trying to open the hw design at /home/kike/Desktop/marvin/marvin/pynq_z2_bram_wrapper/hw/pynq_z2_bram_wrapper.xsa
TRACE::2024-08-07.13:53:26::SCWPlatform::DSA given /home/kike/Desktop/marvin/marvin/pynq_z2_bram_wrapper/hw/pynq_z2_bram_wrapper.xsa
TRACE::2024-08-07.13:53:26::SCWPlatform::DSA absoulate path /home/kike/Desktop/marvin/marvin/pynq_z2_bram_wrapper/hw/pynq_z2_bram_wrapper.xsa
TRACE::2024-08-07.13:53:26::SCWPlatform::DSA directory /home/kike/Desktop/marvin/marvin/pynq_z2_bram_wrapper/hw
TRACE::2024-08-07.13:53:26::SCWPlatform:: Platform Path /home/kike/Desktop/marvin/marvin/pynq_z2_bram_wrapper/hw/pynq_z2_bram_wrapper.xsa
TRACE::2024-08-07.13:53:26::SCWPlatform:: Unique name xilinx:pynq-z2::0.0
TRACE::2024-08-07.13:53:26::SCWPlatform::Trying to set the existing hwdb with name pynq_z2_bram_wrapper_1
TRACE::2024-08-07.13:53:26::SCWPlatform::Opened existing hwdb pynq_z2_bram_wrapper_1
TRACE::2024-08-07.13:53:26::SCWPlatform::Found the Hw Db part of the input DSA
TRACE::2024-08-07.13:53:26::SCWMssOS::Checking the sw design at  /home/kike/Desktop/marvin/marvin/pynq_z2_bram_wrapper/ps7_cortexa9_0/freertos10_xilinx_ps7_cortexa9_0/bsp/system.mss
TRACE::2024-08-07.13:53:26::SCWMssOS::DEBUG:  swdes dump  /home/kike/Desktop/marvin/marvin/pynq_z2_bram_wrapper/ps7_cortexa9_0/freertos10_xilinx_ps7_cortexa9_0/bsp/system.mss|system_0||
/home/kike/Desktop/marvin/marvin/pynq_z2_bram_wrapper/zynq_fsbl/zynq_fsbl_bsp/system.mss|system||

TRACE::2024-08-07.13:53:26::SCWMssOS::Sw design exists and opened at  /home/kike/Desktop/marvin/marvin/pynq_z2_bram_wrapper/ps7_cortexa9_0/freertos10_xilinx_ps7_cortexa9_0/bsp/system.mss
TRACE::2024-08-07.13:53:26::SCWReader::No isolation master present  
TRACE::2024-08-07.13:53:26::SCWBDomain::System Command Ran  cd  /home/kike/Desktop/marvin/marvin/pynq_z2_bram_wrapper/zynq_fsbl ; bash -c "make  clean" 
TRACE::2024-08-07.13:53:26::SCWBDomain::rm -rf  fsbl_hooks.o  image_mover.o  main.o  md5.o  nand.o  nor.o  pcap.o  ps7_init.o  qspi.o  rsa.o  sd.o  fsbl_handoff.o zynq
TRACE::2024-08-07.13:53:26::SCWBDomain::_fsbl_bsp/ps7_cortexa9_0/lib/libxil.a fsbl.elf *.o

TRACE::2024-08-07.13:53:26::SCWBDomain::System Command Ran  cd  /home/kike/Desktop/marvin/marvin/pynq_z2_bram_wrapper/zynq_fsbl/zynq_fsbl_bsp ; bash -c "make  clean" 
TRACE::2024-08-07.13:53:26::SCWBDomain::make -C ps7_cortexa9_0/libsrc/bram_v4_10/src -s clean 

TRACE::2024-08-07.13:53:26::SCWBDomain::make -C ps7_cortexa9_0/libsrc/coresightps_dcc_v1_10/src -s clean 

TRACE::2024-08-07.13:53:26::SCWBDomain::make -C ps7_cortexa9_0/libsrc/cpu_cortexa9_v2_12/src -s clean 

TRACE::2024-08-07.13:53:26::SCWBDomain::make -C ps7_cortexa9_0/libsrc/ddrps_v1_2/src -s clean 

TRACE::2024-08-07.13:53:26::SCWBDomain::make -C ps7_cortexa9_0/libsrc/devcfg_v3_8/src -s clean 

TRACE::2024-08-07.13:53:26::SCWBDomain::make -C ps7_cortexa9_0/libsrc/dmaps_v2_10/src -s clean 

TRACE::2024-08-07.13:53:26::SCWBDomain::make -C ps7_cortexa9_0/libsrc/emacps_v3_20/src -s clean 

TRACE::2024-08-07.13:53:26::SCWBDomain::make -C ps7_cortexa9_0/libsrc/gpiops_v3_13/src -s clean 

TRACE::2024-08-07.13:53:26::SCWBDomain::make -C ps7_cortexa9_0/libsrc/qspips_v3_12/src -s clean 

TRACE::2024-08-07.13:53:26::SCWBDomain::make -C ps7_cortexa9_0/libsrc/scugic_v5_3/src -s clean 

TRACE::2024-08-07.13:53:26::SCWBDomain::make -C ps7_cortexa9_0/libsrc/scutimer_v2_6/src -s clean 

TRACE::2024-08-07.13:53:26::SCWBDomain::make -C ps7_cortexa9_0/libsrc/scuwdt_v2_5/src -s clean 

TRACE::2024-08-07.13:53:26::SCWBDomain::make -C ps7_cortexa9_0/libsrc/sdps_v4_3/src -s clean 

TRACE::2024-08-07.13:53:26::SCWBDomain::make -C ps7_cortexa9_0/libsrc/standalone_v9_1/src -s clean 

TRACE::2024-08-07.13:53:26::SCWBDomain::make -C ps7_cortexa9_0/libsrc/uartps_v3_14/src -s clean 

TRACE::2024-08-07.13:53:26::SCWBDomain::make -C ps7_cortexa9_0/libsrc/usbps_v2_9/src -s clean 

TRACE::2024-08-07.13:53:26::SCWBDomain::make -C ps7_cortexa9_0/libsrc/xadcps_v2_7/src -s clean 

TRACE::2024-08-07.13:53:26::SCWBDomain::make -C ps7_cortexa9_0/libsrc/xilffs_v5_2/src -s clean 

TRACE::2024-08-07.13:53:26::SCWBDomain::make -C ps7_cortexa9_0/libsrc/xilrsa_v1_8/src -s clean 

TRACE::2024-08-07.13:53:26::SCWBDomain::rm -f ps7_cortexa9_0/lib/libxil.a

TRACE::2024-08-07.13:53:26::SCWMssOS::cleaning the bsp 
TRACE::2024-08-07.13:53:26::SCWMssOS::System Command Ran  cd  /home/kike/Desktop/marvin/marvin/pynq_z2_bram_wrapper/ps7_cortexa9_0/freertos10_xilinx_ps7_cortexa9_0/bsp ; bash -c "make  clean " 
TRACE::2024-08-07.13:53:26::SCWMssOS::make -C ps7_cortexa9_0/libsrc/bram_v4_10/src -s clean 

TRACE::2024-08-07.13:53:26::SCWMssOS::make -C ps7_cortexa9_0/libsrc/coresightps_dcc_v1_10/src -s clean 

TRACE::2024-08-07.13:53:26::SCWMssOS::make -C ps7_cortexa9_0/libsrc/cpu_cortexa9_v2_12/src -s clean 

TRACE::2024-08-07.13:53:26::SCWMssOS::make -C ps7_cortexa9_0/libsrc/ddrps_v1_2/src -s clean 

TRACE::2024-08-07.13:53:26::SCWMssOS::make -C ps7_cortexa9_0/libsrc/devcfg_v3_8/src -s clean 

TRACE::2024-08-07.13:53:27::SCWMssOS::make -C ps7_cortexa9_0/libsrc/dmaps_v2_10/src -s clean 

TRACE::2024-08-07.13:53:27::SCWMssOS::make -C ps7_cortexa9_0/libsrc/emacps_v3_20/src -s clean 

TRACE::2024-08-07.13:53:27::SCWMssOS::make -C ps7_cortexa9_0/libsrc/freertos10_xilinx_v1_15/src -s clean 

TRACE::2024-08-07.13:53:27::SCWMssOS::make -C ps7_cortexa9_0/libsrc/gpiops_v3_13/src -s clean 

TRACE::2024-08-07.13:53:27::SCWMssOS::make -C ps7_cortexa9_0/libsrc/qspips_v3_12/src -s clean 

TRACE::2024-08-07.13:53:27::SCWMssOS::make -C ps7_cortexa9_0/libsrc/scugic_v5_3/src -s clean 

TRACE::2024-08-07.13:53:27::SCWMssOS::make -C ps7_cortexa9_0/libsrc/scutimer_v2_6/src -s clean 

TRACE::2024-08-07.13:53:27::SCWMssOS::make -C ps7_cortexa9_0/libsrc/scuwdt_v2_5/src -s clean 

TRACE::2024-08-07.13:53:27::SCWMssOS::make -C ps7_cortexa9_0/libsrc/sdps_v4_3/src -s clean 

TRACE::2024-08-07.13:53:27::SCWMssOS::make -C ps7_cortexa9_0/libsrc/uartps_v3_14/src -s clean 

TRACE::2024-08-07.13:53:27::SCWMssOS::make -C ps7_cortexa9_0/libsrc/usbps_v2_9/src -s clean 

TRACE::2024-08-07.13:53:27::SCWMssOS::make -C ps7_cortexa9_0/libsrc/xadcps_v2_7/src -s clean 

TRACE::2024-08-07.13:53:27::SCWMssOS::make -C ps7_cortexa9_0/libsrc/xiltimer_v2_0/src -s clean 

TRACE::2024-08-07.13:53:27::SCWMssOS::rm -f ps7_cortexa9_0/lib/libxil.a

LOG::2024-08-07.13:53:34::SCWPlatform::Started generating the artifacts platform pynq_z2_bram_wrapper
TRACE::2024-08-07.13:53:34::SCWPlatform::Sanity checking of platform is completed
LOG::2024-08-07.13:53:34::SCWPlatform::Started generating the artifacts for system configuration pynq_z2_bram_wrapper
LOG::2024-08-07.13:53:34::SCWSystem::Checking the domain zynq_fsbl
LOG::2024-08-07.13:53:34::SCWSystem::Doing application build for :  zynq_fsbl
TRACE::2024-08-07.13:53:34::SCWBDomain::Not a forced makefile updation, No changes are present. 
TRACE::2024-08-07.13:53:34::SCWDomain::Building the domain as part of full build :  zynq_fsbl
TRACE::2024-08-07.13:53:34::SCWPlatform::Trying to open the hw design at /home/kike/Desktop/marvin/marvin/pynq_z2_bram_wrapper/hw/pynq_z2_bram_wrapper.xsa
TRACE::2024-08-07.13:53:34::SCWPlatform::DSA given /home/kike/Desktop/marvin/marvin/pynq_z2_bram_wrapper/hw/pynq_z2_bram_wrapper.xsa
TRACE::2024-08-07.13:53:34::SCWPlatform::DSA absoulate path /home/kike/Desktop/marvin/marvin/pynq_z2_bram_wrapper/hw/pynq_z2_bram_wrapper.xsa
TRACE::2024-08-07.13:53:34::SCWPlatform::DSA directory /home/kike/Desktop/marvin/marvin/pynq_z2_bram_wrapper/hw
TRACE::2024-08-07.13:53:34::SCWPlatform:: Platform Path /home/kike/Desktop/marvin/marvin/pynq_z2_bram_wrapper/hw/pynq_z2_bram_wrapper.xsa
TRACE::2024-08-07.13:53:34::SCWPlatform:: Unique name xilinx:pynq-z2::0.0
TRACE::2024-08-07.13:53:34::SCWPlatform::Trying to set the existing hwdb with name pynq_z2_bram_wrapper_1
TRACE::2024-08-07.13:53:34::SCWPlatform::Opened existing hwdb pynq_z2_bram_wrapper_1
TRACE::2024-08-07.13:53:34::SCWPlatform::Found the Hw Db part of the input DSA
TRACE::2024-08-07.13:53:34::SCWMssOS::Checking the sw design at  /home/kike/Desktop/marvin/marvin/pynq_z2_bram_wrapper/zynq_fsbl/zynq_fsbl_bsp/system.mss
TRACE::2024-08-07.13:53:34::SCWMssOS::DEBUG:  swdes dump  /home/kike/Desktop/marvin/marvin/pynq_z2_bram_wrapper/ps7_cortexa9_0/freertos10_xilinx_ps7_cortexa9_0/bsp/system.mss|system_0||
/home/kike/Desktop/marvin/marvin/pynq_z2_bram_wrapper/zynq_fsbl/zynq_fsbl_bsp/system.mss|system||

TRACE::2024-08-07.13:53:34::SCWMssOS::Sw design exists and opened at  /home/kike/Desktop/marvin/marvin/pynq_z2_bram_wrapper/zynq_fsbl/zynq_fsbl_bsp/system.mss
TRACE::2024-08-07.13:53:34::SCWBDomain::Completed writing the mss file at /home/kike/Desktop/marvin/marvin/pynq_z2_bram_wrapper/zynq_fsbl/zynq_fsbl_bsp
TRACE::2024-08-07.13:53:34::SCWBDomain::bsp generated is upto date with the mss file. Skipping bsp generation.
TRACE::2024-08-07.13:53:34::SCWBDomain::Not a forced makefile updation, No changes are present. 
TRACE::2024-08-07.13:53:34::SCWBDomain::System Command Ran  cd  /home/kike/Desktop/marvin/marvin/pynq_z2_bram_wrapper/zynq_fsbl ; bash -c " make -C zynq_fsbl_bsp ; make  " 
TRACE::2024-08-07.13:53:34::SCWBDomain::make: Entering directory '/home/kike/Desktop/marvin/marvin/pynq_z2_bram_wrapper/zynq_fsbl/zynq_fsbl_bsp'

TRACE::2024-08-07.13:53:34::SCWBDomain::make --no-print-directory seq_libs

TRACE::2024-08-07.13:53:34::SCWBDomain::Running Make include in ps7_cortexa9_0/libsrc/bram_v4_10/src

TRACE::2024-08-07.13:53:34::SCWBDomain::make -C ps7_cortexa9_0/libsrc/bram_v4_10/src -s include  "SHELL=/bin/sh" "COMPILER=arm-none-eabi-gcc" "ASSEMBLER=arm-none-eabi-
TRACE::2024-08-07.13:53:34::SCWBDomain::as" "ARCHIVER=arm-none-eabi-ar" "COMPILER_FLAGS=  -O2 -c" "EXTRA_COMPILER_FLAGS=-mcpu=cortex-a9 -mfpu=vfpv3 -mfloat-abi=hard -n
TRACE::2024-08-07.13:53:34::SCWBDomain::ostartfiles -g -Wall -Wextra -fno-tree-loop-distribute-patterns"

TRACE::2024-08-07.13:53:34::SCWBDomain::Running Make include in ps7_cortexa9_0/libsrc/coresightps_dcc_v1_10/src

TRACE::2024-08-07.13:53:34::SCWBDomain::make -C ps7_cortexa9_0/libsrc/coresightps_dcc_v1_10/src -s include  "SHELL=/bin/sh" "COMPILER=arm-none-eabi-gcc" "ASSEMBLER=arm
TRACE::2024-08-07.13:53:34::SCWBDomain::-none-eabi-as" "ARCHIVER=arm-none-eabi-ar" "COMPILER_FLAGS=  -O2 -c" "EXTRA_COMPILER_FLAGS=-mcpu=cortex-a9 -mfpu=vfpv3 -mfloat-
TRACE::2024-08-07.13:53:34::SCWBDomain::abi=hard -nostartfiles -g -Wall -Wextra -fno-tree-loop-distribute-patterns"

TRACE::2024-08-07.13:53:34::SCWBDomain::Running Make include in ps7_cortexa9_0/libsrc/cpu_cortexa9_v2_12/src

TRACE::2024-08-07.13:53:34::SCWBDomain::make -C ps7_cortexa9_0/libsrc/cpu_cortexa9_v2_12/src -s include  "SHELL=/bin/sh" "COMPILER=arm-none-eabi-gcc" "ASSEMBLER=arm-no
TRACE::2024-08-07.13:53:34::SCWBDomain::ne-eabi-as" "ARCHIVER=arm-none-eabi-ar" "COMPILER_FLAGS=  -O2 -c" "EXTRA_COMPILER_FLAGS=-mcpu=cortex-a9 -mfpu=vfpv3 -mfloat-abi
TRACE::2024-08-07.13:53:34::SCWBDomain::=hard -nostartfiles -g -Wall -Wextra -fno-tree-loop-distribute-patterns"

TRACE::2024-08-07.13:53:34::SCWBDomain::Running Make include in ps7_cortexa9_0/libsrc/ddrps_v1_2/src

TRACE::2024-08-07.13:53:34::SCWBDomain::make -C ps7_cortexa9_0/libsrc/ddrps_v1_2/src -s include  "SHELL=/bin/sh" "COMPILER=arm-none-eabi-gcc" "ASSEMBLER=arm-none-eabi-
TRACE::2024-08-07.13:53:34::SCWBDomain::as" "ARCHIVER=arm-none-eabi-ar" "COMPILER_FLAGS=  -O2 -c" "EXTRA_COMPILER_FLAGS=-mcpu=cortex-a9 -mfpu=vfpv3 -mfloat-abi=hard -n
TRACE::2024-08-07.13:53:34::SCWBDomain::ostartfiles -g -Wall -Wextra -fno-tree-loop-distribute-patterns"

TRACE::2024-08-07.13:53:34::SCWBDomain::Running Make include in ps7_cortexa9_0/libsrc/devcfg_v3_8/src

TRACE::2024-08-07.13:53:34::SCWBDomain::make -C ps7_cortexa9_0/libsrc/devcfg_v3_8/src -s include  "SHELL=/bin/sh" "COMPILER=arm-none-eabi-gcc" "ASSEMBLER=arm-none-eabi
TRACE::2024-08-07.13:53:34::SCWBDomain::-as" "ARCHIVER=arm-none-eabi-ar" "COMPILER_FLAGS=  -O2 -c" "EXTRA_COMPILER_FLAGS=-mcpu=cortex-a9 -mfpu=vfpv3 -mfloat-abi=hard -
TRACE::2024-08-07.13:53:34::SCWBDomain::nostartfiles -g -Wall -Wextra -fno-tree-loop-distribute-patterns"

TRACE::2024-08-07.13:53:34::SCWBDomain::Running Make include in ps7_cortexa9_0/libsrc/dmaps_v2_10/src

TRACE::2024-08-07.13:53:34::SCWBDomain::make -C ps7_cortexa9_0/libsrc/dmaps_v2_10/src -s include  "SHELL=/bin/sh" "COMPILER=arm-none-eabi-gcc" "ASSEMBLER=arm-none-eabi
TRACE::2024-08-07.13:53:34::SCWBDomain::-as" "ARCHIVER=arm-none-eabi-ar" "COMPILER_FLAGS=  -O2 -c" "EXTRA_COMPILER_FLAGS=-mcpu=cortex-a9 -mfpu=vfpv3 -mfloat-abi=hard -
TRACE::2024-08-07.13:53:34::SCWBDomain::nostartfiles -g -Wall -Wextra -fno-tree-loop-distribute-patterns"

TRACE::2024-08-07.13:53:34::SCWBDomain::Running Make include in ps7_cortexa9_0/libsrc/emacps_v3_20/src

TRACE::2024-08-07.13:53:34::SCWBDomain::make -C ps7_cortexa9_0/libsrc/emacps_v3_20/src -s include  "SHELL=/bin/sh" "COMPILER=arm-none-eabi-gcc" "ASSEMBLER=arm-none-eab
TRACE::2024-08-07.13:53:34::SCWBDomain::i-as" "ARCHIVER=arm-none-eabi-ar" "COMPILER_FLAGS=  -O2 -c" "EXTRA_COMPILER_FLAGS=-mcpu=cortex-a9 -mfpu=vfpv3 -mfloat-abi=hard 
TRACE::2024-08-07.13:53:34::SCWBDomain::-nostartfiles -g -Wall -Wextra -fno-tree-loop-distribute-patterns"

TRACE::2024-08-07.13:53:34::SCWBDomain::Running Make include in ps7_cortexa9_0/libsrc/gpiops_v3_13/src

TRACE::2024-08-07.13:53:34::SCWBDomain::make -C ps7_cortexa9_0/libsrc/gpiops_v3_13/src -s include  "SHELL=/bin/sh" "COMPILER=arm-none-eabi-gcc" "ASSEMBLER=arm-none-eab
TRACE::2024-08-07.13:53:34::SCWBDomain::i-as" "ARCHIVER=arm-none-eabi-ar" "COMPILER_FLAGS=  -O2 -c" "EXTRA_COMPILER_FLAGS=-mcpu=cortex-a9 -mfpu=vfpv3 -mfloat-abi=hard 
TRACE::2024-08-07.13:53:34::SCWBDomain::-nostartfiles -g -Wall -Wextra -fno-tree-loop-distribute-patterns"

TRACE::2024-08-07.13:53:34::SCWBDomain::Running Make include in ps7_cortexa9_0/libsrc/qspips_v3_12/src

TRACE::2024-08-07.13:53:34::SCWBDomain::make -C ps7_cortexa9_0/libsrc/qspips_v3_12/src -s include  "SHELL=/bin/sh" "COMPILER=arm-none-eabi-gcc" "ASSEMBLER=arm-none-eab
TRACE::2024-08-07.13:53:34::SCWBDomain::i-as" "ARCHIVER=arm-none-eabi-ar" "COMPILER_FLAGS=  -O2 -c" "EXTRA_COMPILER_FLAGS=-mcpu=cortex-a9 -mfpu=vfpv3 -mfloat-abi=hard 
TRACE::2024-08-07.13:53:34::SCWBDomain::-nostartfiles -g -Wall -Wextra -fno-tree-loop-distribute-patterns"

TRACE::2024-08-07.13:53:34::SCWBDomain::Running Make include in ps7_cortexa9_0/libsrc/scugic_v5_3/src

TRACE::2024-08-07.13:53:34::SCWBDomain::make -C ps7_cortexa9_0/libsrc/scugic_v5_3/src -s include  "SHELL=/bin/sh" "COMPILER=arm-none-eabi-gcc" "ASSEMBLER=arm-none-eabi
TRACE::2024-08-07.13:53:34::SCWBDomain::-as" "ARCHIVER=arm-none-eabi-ar" "COMPILER_FLAGS=  -O2 -c" "EXTRA_COMPILER_FLAGS=-mcpu=cortex-a9 -mfpu=vfpv3 -mfloat-abi=hard -
TRACE::2024-08-07.13:53:34::SCWBDomain::nostartfiles -g -Wall -Wextra -fno-tree-loop-distribute-patterns"

TRACE::2024-08-07.13:53:34::SCWBDomain::Running Make include in ps7_cortexa9_0/libsrc/scutimer_v2_6/src

TRACE::2024-08-07.13:53:34::SCWBDomain::make -C ps7_cortexa9_0/libsrc/scutimer_v2_6/src -s include  "SHELL=/bin/sh" "COMPILER=arm-none-eabi-gcc" "ASSEMBLER=arm-none-ea
TRACE::2024-08-07.13:53:34::SCWBDomain::bi-as" "ARCHIVER=arm-none-eabi-ar" "COMPILER_FLAGS=  -O2 -c" "EXTRA_COMPILER_FLAGS=-mcpu=cortex-a9 -mfpu=vfpv3 -mfloat-abi=hard
TRACE::2024-08-07.13:53:34::SCWBDomain:: -nostartfiles -g -Wall -Wextra -fno-tree-loop-distribute-patterns"

TRACE::2024-08-07.13:53:34::SCWBDomain::Running Make include in ps7_cortexa9_0/libsrc/scuwdt_v2_5/src

TRACE::2024-08-07.13:53:34::SCWBDomain::make -C ps7_cortexa9_0/libsrc/scuwdt_v2_5/src -s include  "SHELL=/bin/sh" "COMPILER=arm-none-eabi-gcc" "ASSEMBLER=arm-none-eabi
TRACE::2024-08-07.13:53:34::SCWBDomain::-as" "ARCHIVER=arm-none-eabi-ar" "COMPILER_FLAGS=  -O2 -c" "EXTRA_COMPILER_FLAGS=-mcpu=cortex-a9 -mfpu=vfpv3 -mfloat-abi=hard -
TRACE::2024-08-07.13:53:34::SCWBDomain::nostartfiles -g -Wall -Wextra -fno-tree-loop-distribute-patterns"

TRACE::2024-08-07.13:53:34::SCWBDomain::Running Make include in ps7_cortexa9_0/libsrc/sdps_v4_3/src

TRACE::2024-08-07.13:53:34::SCWBDomain::make -C ps7_cortexa9_0/libsrc/sdps_v4_3/src -s include  "SHELL=/bin/sh" "COMPILER=arm-none-eabi-gcc" "ASSEMBLER=arm-none-eabi-a
TRACE::2024-08-07.13:53:34::SCWBDomain::s" "ARCHIVER=arm-none-eabi-ar" "COMPILER_FLAGS=  -O2 -c" "EXTRA_COMPILER_FLAGS=-mcpu=cortex-a9 -mfpu=vfpv3 -mfloat-abi=hard -no
TRACE::2024-08-07.13:53:34::SCWBDomain::startfiles -g -Wall -Wextra -fno-tree-loop-distribute-patterns"

TRACE::2024-08-07.13:53:34::SCWBDomain::Running Make include in ps7_cortexa9_0/libsrc/standalone_v9_1/src

TRACE::2024-08-07.13:53:34::SCWBDomain::make -C ps7_cortexa9_0/libsrc/standalone_v9_1/src -s include  "SHELL=/bin/sh" "COMPILER=arm-none-eabi-gcc" "ASSEMBLER=arm-none-
TRACE::2024-08-07.13:53:34::SCWBDomain::eabi-as" "ARCHIVER=arm-none-eabi-ar" "COMPILER_FLAGS=  -O2 -c" "EXTRA_COMPILER_FLAGS=-mcpu=cortex-a9 -mfpu=vfpv3 -mfloat-abi=ha
TRACE::2024-08-07.13:53:34::SCWBDomain::rd -nostartfiles -g -Wall -Wextra -fno-tree-loop-distribute-patterns"

TRACE::2024-08-07.13:53:34::SCWBDomain::Running Make include in ps7_cortexa9_0/libsrc/uartps_v3_14/src

TRACE::2024-08-07.13:53:34::SCWBDomain::make -C ps7_cortexa9_0/libsrc/uartps_v3_14/src -s include  "SHELL=/bin/sh" "COMPILER=arm-none-eabi-gcc" "ASSEMBLER=arm-none-eab
TRACE::2024-08-07.13:53:34::SCWBDomain::i-as" "ARCHIVER=arm-none-eabi-ar" "COMPILER_FLAGS=  -O2 -c" "EXTRA_COMPILER_FLAGS=-mcpu=cortex-a9 -mfpu=vfpv3 -mfloat-abi=hard 
TRACE::2024-08-07.13:53:34::SCWBDomain::-nostartfiles -g -Wall -Wextra -fno-tree-loop-distribute-patterns"

TRACE::2024-08-07.13:53:34::SCWBDomain::Running Make include in ps7_cortexa9_0/libsrc/usbps_v2_9/src

TRACE::2024-08-07.13:53:34::SCWBDomain::make -C ps7_cortexa9_0/libsrc/usbps_v2_9/src -s include  "SHELL=/bin/sh" "COMPILER=arm-none-eabi-gcc" "ASSEMBLER=arm-none-eabi-
TRACE::2024-08-07.13:53:34::SCWBDomain::as" "ARCHIVER=arm-none-eabi-ar" "COMPILER_FLAGS=  -O2 -c" "EXTRA_COMPILER_FLAGS=-mcpu=cortex-a9 -mfpu=vfpv3 -mfloat-abi=hard -n
TRACE::2024-08-07.13:53:34::SCWBDomain::ostartfiles -g -Wall -Wextra -fno-tree-loop-distribute-patterns"

TRACE::2024-08-07.13:53:34::SCWBDomain::Running Make include in ps7_cortexa9_0/libsrc/xadcps_v2_7/src

TRACE::2024-08-07.13:53:34::SCWBDomain::make -C ps7_cortexa9_0/libsrc/xadcps_v2_7/src -s include  "SHELL=/bin/sh" "COMPILER=arm-none-eabi-gcc" "ASSEMBLER=arm-none-eabi
TRACE::2024-08-07.13:53:34::SCWBDomain::-as" "ARCHIVER=arm-none-eabi-ar" "COMPILER_FLAGS=  -O2 -c" "EXTRA_COMPILER_FLAGS=-mcpu=cortex-a9 -mfpu=vfpv3 -mfloat-abi=hard -
TRACE::2024-08-07.13:53:34::SCWBDomain::nostartfiles -g -Wall -Wextra -fno-tree-loop-distribute-patterns"

TRACE::2024-08-07.13:53:34::SCWBDomain::Running Make include in ps7_cortexa9_0/libsrc/xilffs_v5_2/src

TRACE::2024-08-07.13:53:34::SCWBDomain::make -C ps7_cortexa9_0/libsrc/xilffs_v5_2/src -s include  "SHELL=/bin/sh" "COMPILER=arm-none-eabi-gcc" "ASSEMBLER=arm-none-eabi
TRACE::2024-08-07.13:53:34::SCWBDomain::-as" "ARCHIVER=arm-none-eabi-ar" "COMPILER_FLAGS=  -O2 -c" "EXTRA_COMPILER_FLAGS=-mcpu=cortex-a9 -mfpu=vfpv3 -mfloat-abi=hard -
TRACE::2024-08-07.13:53:34::SCWBDomain::nostartfiles -g -Wall -Wextra -fno-tree-loop-distribute-patterns"

TRACE::2024-08-07.13:53:34::SCWBDomain::Running Make include in ps7_cortexa9_0/libsrc/xilrsa_v1_8/src

TRACE::2024-08-07.13:53:34::SCWBDomain::make -C ps7_cortexa9_0/libsrc/xilrsa_v1_8/src -s include  "SHELL=/bin/sh" "COMPILER=arm-none-eabi-gcc" "ASSEMBLER=arm-none-eabi
TRACE::2024-08-07.13:53:34::SCWBDomain::-as" "ARCHIVER=arm-none-eabi-ar" "COMPILER_FLAGS=  -O2 -c" "EXTRA_COMPILER_FLAGS=-mcpu=cortex-a9 -mfpu=vfpv3 -mfloat-abi=hard -
TRACE::2024-08-07.13:53:34::SCWBDomain::nostartfiles -g -Wall -Wextra -fno-tree-loop-distribute-patterns"

TRACE::2024-08-07.13:53:34::SCWBDomain::Running Make libs in ps7_cortexa9_0/libsrc/xilrsa_v1_8/src

TRACE::2024-08-07.13:53:34::SCWBDomain::make -C ps7_cortexa9_0/libsrc/xilrsa_v1_8/src -s libs  "SHELL=/bin/sh" "COMPILER=arm-none-eabi-gcc" "ASSEMBLER=arm-none-eabi-as
TRACE::2024-08-07.13:53:34::SCWBDomain::" "ARCHIVER=arm-none-eabi-ar" "COMPILER_FLAGS=  -O2 -c" "EXTRA_COMPILER_FLAGS=-mcpu=cortex-a9 -mfpu=vfpv3 -mfloat-abi=hard -nos
TRACE::2024-08-07.13:53:34::SCWBDomain::tartfiles -g -Wall -Wextra -fno-tree-loop-distribute-patterns"

TRACE::2024-08-07.13:53:34::SCWBDomain::Finished building libraries sequentially.

TRACE::2024-08-07.13:53:34::SCWBDomain::make -j 10 --no-print-directory par_libs

TRACE::2024-08-07.13:53:34::SCWBDomain::Running Make include in ps7_cortexa9_0/libsrc/bram_v4_10/src

TRACE::2024-08-07.13:53:34::SCWBDomain::Running Make include in ps7_cortexa9_0/libsrc/coresightps_dcc_v1_10/src

TRACE::2024-08-07.13:53:34::SCWBDomain::make -C ps7_cortexa9_0/libsrc/bram_v4_10/src -s include  "SHELL=/bin/sh" "COMPILER=arm-none-eabi-gcc" "ASSEMBLER=arm-none-eabi-
TRACE::2024-08-07.13:53:34::SCWBDomain::as" "ARCHIVER=arm-none-eabi-ar" "COMPILER_FLAGS=  -O2 -c" "EXTRA_COMPILER_FLAGS=-mcpu=cortex-a9 -mfpu=vfpv3 -mfloat-abi=hard -n
TRACE::2024-08-07.13:53:34::SCWBDomain::ostartfiles -g -Wall -Wextra -fno-tree-loop-distribute-patterns"

TRACE::2024-08-07.13:53:34::SCWBDomain::make -C ps7_cortexa9_0/libsrc/coresightps_dcc_v1_10/src -s include  "SHELL=/bin/sh" "COMPILER=arm-none-eabi-gcc" "ASSEMBLER=arm
TRACE::2024-08-07.13:53:34::SCWBDomain::-none-eabi-as" "ARCHIVER=arm-none-eabi-ar" "COMPILER_FLAGS=  -O2 -c" "EXTRA_COMPILER_FLAGS=-mcpu=cortex-a9 -mfpu=vfpv3 -mfloat-
TRACE::2024-08-07.13:53:34::SCWBDomain::abi=hard -nostartfiles -g -Wall -Wextra -fno-tree-loop-distribute-patterns"

TRACE::2024-08-07.13:53:34::SCWBDomain::Running Make include in ps7_cortexa9_0/libsrc/cpu_cortexa9_v2_12/src

TRACE::2024-08-07.13:53:34::SCWBDomain::Running Make include in ps7_cortexa9_0/libsrc/ddrps_v1_2/src

TRACE::2024-08-07.13:53:34::SCWBDomain::make -C ps7_cortexa9_0/libsrc/cpu_cortexa9_v2_12/src -s include  "SHELL=/bin/sh" "COMPILER=arm-none-eabi-gcc" "ASSEMBLER=arm-no
TRACE::2024-08-07.13:53:34::SCWBDomain::ne-eabi-as" "ARCHIVER=arm-none-eabi-ar" "COMPILER_FLAGS=  -O2 -c" "EXTRA_COMPILER_FLAGS=-mcpu=cortex-a9 -mfpu=vfpv3 -mfloat-abi
TRACE::2024-08-07.13:53:34::SCWBDomain::=hard -nostartfiles -g -Wall -Wextra -fno-tree-loop-distribute-patterns"

TRACE::2024-08-07.13:53:34::SCWBDomain::Running Make include in ps7_cortexa9_0/libsrc/devcfg_v3_8/src

TRACE::2024-08-07.13:53:34::SCWBDomain::Running Make include in ps7_cortexa9_0/libsrc/dmaps_v2_10/src

TRACE::2024-08-07.13:53:34::SCWBDomain::make -C ps7_cortexa9_0/libsrc/ddrps_v1_2/src -s include  "SHELL=/bin/sh" "COMPILER=arm-none-eabi-gcc" "ASSEMBLER=arm-none-eabi-
TRACE::2024-08-07.13:53:34::SCWBDomain::as" "ARCHIVER=arm-none-eabi-ar" "COMPILER_FLAGS=  -O2 -c" "EXTRA_COMPILER_FLAGS=-mcpu=cortex-a9 -mfpu=vfpv3 -mfloat-abi=hard -n
TRACE::2024-08-07.13:53:34::SCWBDomain::ostartfiles -g -Wall -Wextra -fno-tree-loop-distribute-patterns"

TRACE::2024-08-07.13:53:34::SCWBDomain::make -C ps7_cortexa9_0/libsrc/devcfg_v3_8/src -s include  "SHELL=/bin/sh" "COMPILER=arm-none-eabi-gcc" "ASSEMBLER=arm-none-eabi
TRACE::2024-08-07.13:53:34::SCWBDomain::-as" "ARCHIVER=arm-none-eabi-ar" "COMPILER_FLAGS=  -O2 -c" "EXTRA_COMPILER_FLAGS=-mcpu=cortex-a9 -mfpu=vfpv3 -mfloat-abi=hard -
TRACE::2024-08-07.13:53:34::SCWBDomain::nostartfiles -g -Wall -Wextra -fno-tree-loop-distribute-patterns"

TRACE::2024-08-07.13:53:34::SCWBDomain::make -C ps7_cortexa9_0/libsrc/dmaps_v2_10/src -s include  "SHELL=/bin/sh" "COMPILER=arm-none-eabi-gcc" "ASSEMBLER=arm-none-eabi
TRACE::2024-08-07.13:53:34::SCWBDomain::-as" "ARCHIVER=arm-none-eabi-ar" "COMPILER_FLAGS=  -O2 -c" "EXTRA_COMPILER_FLAGS=-mcpu=cortex-a9 -mfpu=vfpv3 -mfloat-abi=hard -
TRACE::2024-08-07.13:53:34::SCWBDomain::nostartfiles -g -Wall -Wextra -fno-tree-loop-distribute-patterns"

TRACE::2024-08-07.13:53:34::SCWBDomain::Running Make include in ps7_cortexa9_0/libsrc/gpiops_v3_13/src

TRACE::2024-08-07.13:53:34::SCWBDomain::Running Make include in ps7_cortexa9_0/libsrc/emacps_v3_20/src

TRACE::2024-08-07.13:53:34::SCWBDomain::make -C ps7_cortexa9_0/libsrc/emacps_v3_20/src -s include  "SHELL=/bin/sh" "COMPILER=arm-none-eabi-gcc" "ASSEMBLER=arm-none-eab
TRACE::2024-08-07.13:53:34::SCWBDomain::i-as" "ARCHIVER=arm-none-eabi-ar" "COMPILER_FLAGS=  -O2 -c" "EXTRA_COMPILER_FLAGS=-mcpu=cortex-a9 -mfpu=vfpv3 -mfloat-abi=hard 
TRACE::2024-08-07.13:53:34::SCWBDomain::-nostartfiles -g -Wall -Wextra -fno-tree-loop-distribute-patterns"

TRACE::2024-08-07.13:53:34::SCWBDomain::Running Make include in ps7_cortexa9_0/libsrc/qspips_v3_12/src

TRACE::2024-08-07.13:53:34::SCWBDomain::Running Make include in ps7_cortexa9_0/libsrc/scugic_v5_3/src

TRACE::2024-08-07.13:53:34::SCWBDomain::make -C ps7_cortexa9_0/libsrc/gpiops_v3_13/src -s include  "SHELL=/bin/sh" "COMPILER=arm-none-eabi-gcc" "ASSEMBLER=arm-none-eab
TRACE::2024-08-07.13:53:34::SCWBDomain::i-as" "ARCHIVER=arm-none-eabi-ar" "COMPILER_FLAGS=  -O2 -c" "EXTRA_COMPILER_FLAGS=-mcpu=cortex-a9 -mfpu=vfpv3 -mfloat-abi=hard 
TRACE::2024-08-07.13:53:34::SCWBDomain::-nostartfiles -g -Wall -Wextra -fno-tree-loop-distribute-patterns"

TRACE::2024-08-07.13:53:34::SCWBDomain::make -C ps7_cortexa9_0/libsrc/qspips_v3_12/src -s include  "SHELL=/bin/sh" "COMPILER=arm-none-eabi-gcc" "ASSEMBLER=arm-none-eab
TRACE::2024-08-07.13:53:34::SCWBDomain::i-as" "ARCHIVER=arm-none-eabi-ar" "COMPILER_FLAGS=  -O2 -c" "EXTRA_COMPILER_FLAGS=-mcpu=cortex-a9 -mfpu=vfpv3 -mfloat-abi=hard 
TRACE::2024-08-07.13:53:34::SCWBDomain::-nostartfiles -g -Wall -Wextra -fno-tree-loop-distribute-patterns"

TRACE::2024-08-07.13:53:34::SCWBDomain::Running Make include in ps7_cortexa9_0/libsrc/scutimer_v2_6/src

TRACE::2024-08-07.13:53:34::SCWBDomain::make -C ps7_cortexa9_0/libsrc/scugic_v5_3/src -s include  "SHELL=/bin/sh" "COMPILER=arm-none-eabi-gcc" "ASSEMBLER=arm-none-eabi
TRACE::2024-08-07.13:53:34::SCWBDomain::-as" "ARCHIVER=arm-none-eabi-ar" "COMPILER_FLAGS=  -O2 -c" "EXTRA_COMPILER_FLAGS=-mcpu=cortex-a9 -mfpu=vfpv3 -mfloat-abi=hard -
TRACE::2024-08-07.13:53:34::SCWBDomain::nostartfiles -g -Wall -Wextra -fno-tree-loop-distribute-patterns"

TRACE::2024-08-07.13:53:34::SCWBDomain::make -C ps7_cortexa9_0/libsrc/scutimer_v2_6/src -s include  "SHELL=/bin/sh" "COMPILER=arm-none-eabi-gcc" "ASSEMBLER=arm-none-ea
TRACE::2024-08-07.13:53:34::SCWBDomain::bi-as" "ARCHIVER=arm-none-eabi-ar" "COMPILER_FLAGS=  -O2 -c" "EXTRA_COMPILER_FLAGS=-mcpu=cortex-a9 -mfpu=vfpv3 -mfloat-abi=hard
TRACE::2024-08-07.13:53:34::SCWBDomain:: -nostartfiles -g -Wall -Wextra -fno-tree-loop-distribute-patterns"

TRACE::2024-08-07.13:53:34::SCWBDomain::Running Make include in ps7_cortexa9_0/libsrc/scuwdt_v2_5/src

TRACE::2024-08-07.13:53:34::SCWBDomain::make -C ps7_cortexa9_0/libsrc/scuwdt_v2_5/src -s include  "SHELL=/bin/sh" "COMPILER=arm-none-eabi-gcc" "ASSEMBLER=arm-none-eabi
TRACE::2024-08-07.13:53:34::SCWBDomain::-as" "ARCHIVER=arm-none-eabi-ar" "COMPILER_FLAGS=  -O2 -c" "EXTRA_COMPILER_FLAGS=-mcpu=cortex-a9 -mfpu=vfpv3 -mfloat-abi=hard -
TRACE::2024-08-07.13:53:34::SCWBDomain::nostartfiles -g -Wall -Wextra -fno-tree-loop-distribute-patterns"

TRACE::2024-08-07.13:53:34::SCWBDomain::Running Make include in ps7_cortexa9_0/libsrc/sdps_v4_3/src

TRACE::2024-08-07.13:53:34::SCWBDomain::Running Make include in ps7_cortexa9_0/libsrc/standalone_v9_1/src

TRACE::2024-08-07.13:53:34::SCWBDomain::Running Make include in ps7_cortexa9_0/libsrc/uartps_v3_14/src

TRACE::2024-08-07.13:53:34::SCWBDomain::Running Make include in ps7_cortexa9_0/libsrc/usbps_v2_9/src

TRACE::2024-08-07.13:53:34::SCWBDomain::make -C ps7_cortexa9_0/libsrc/sdps_v4_3/src -s include  "SHELL=/bin/sh" "COMPILER=arm-none-eabi-gcc" "ASSEMBLER=arm-none-eabi-a
TRACE::2024-08-07.13:53:34::SCWBDomain::s" "ARCHIVER=arm-none-eabi-ar" "COMPILER_FLAGS=  -O2 -c" "EXTRA_COMPILER_FLAGS=-mcpu=cortex-a9 -mfpu=vfpv3 -mfloat-abi=hard -no
TRACE::2024-08-07.13:53:34::SCWBDomain::startfiles -g -Wall -Wextra -fno-tree-loop-distribute-patterns"

TRACE::2024-08-07.13:53:34::SCWBDomain::make -C ps7_cortexa9_0/libsrc/standalone_v9_1/src -s include  "SHELL=/bin/sh" "COMPILER=arm-none-eabi-gcc" "ASSEMBLER=arm-none-
TRACE::2024-08-07.13:53:34::SCWBDomain::eabi-as" "ARCHIVER=arm-none-eabi-ar" "COMPILER_FLAGS=  -O2 -c" "EXTRA_COMPILER_FLAGS=-mcpu=cortex-a9 -mfpu=vfpv3 -mfloat-abi=ha
TRACE::2024-08-07.13:53:34::SCWBDomain::rd -nostartfiles -g -Wall -Wextra -fno-tree-loop-distribute-patterns"

TRACE::2024-08-07.13:53:34::SCWBDomain::make -C ps7_cortexa9_0/libsrc/uartps_v3_14/src -s include  "SHELL=/bin/sh" "COMPILER=arm-none-eabi-gcc" "ASSEMBLER=arm-none-eab
TRACE::2024-08-07.13:53:34::SCWBDomain::i-as" "ARCHIVER=arm-none-eabi-ar" "COMPILER_FLAGS=  -O2 -c" "EXTRA_COMPILER_FLAGS=-mcpu=cortex-a9 -mfpu=vfpv3 -mfloat-abi=hard 
TRACE::2024-08-07.13:53:34::SCWBDomain::-nostartfiles -g -Wall -Wextra -fno-tree-loop-distribute-patterns"

TRACE::2024-08-07.13:53:34::SCWBDomain::make -C ps7_cortexa9_0/libsrc/usbps_v2_9/src -s include  "SHELL=/bin/sh" "COMPILER=arm-none-eabi-gcc" "ASSEMBLER=arm-none-eabi-
TRACE::2024-08-07.13:53:34::SCWBDomain::as" "ARCHIVER=arm-none-eabi-ar" "COMPILER_FLAGS=  -O2 -c" "EXTRA_COMPILER_FLAGS=-mcpu=cortex-a9 -mfpu=vfpv3 -mfloat-abi=hard -n
TRACE::2024-08-07.13:53:34::SCWBDomain::ostartfiles -g -Wall -Wextra -fno-tree-loop-distribute-patterns"

TRACE::2024-08-07.13:53:34::SCWBDomain::Running Make include in ps7_cortexa9_0/libsrc/xadcps_v2_7/src

TRACE::2024-08-07.13:53:34::SCWBDomain::Running Make include in ps7_cortexa9_0/libsrc/xilffs_v5_2/src

TRACE::2024-08-07.13:53:34::SCWBDomain::Running Make include in ps7_cortexa9_0/libsrc/xilrsa_v1_8/src

TRACE::2024-08-07.13:53:34::SCWBDomain::make -C ps7_cortexa9_0/libsrc/xadcps_v2_7/src -s include  "SHELL=/bin/sh" "COMPILER=arm-none-eabi-gcc" "ASSEMBLER=arm-none-eabi
TRACE::2024-08-07.13:53:34::SCWBDomain::-as" "ARCHIVER=arm-none-eabi-ar" "COMPILER_FLAGS=  -O2 -c" "EXTRA_COMPILER_FLAGS=-mcpu=cortex-a9 -mfpu=vfpv3 -mfloat-abi=hard -
TRACE::2024-08-07.13:53:34::SCWBDomain::nostartfiles -g -Wall -Wextra -fno-tree-loop-distribute-patterns"

TRACE::2024-08-07.13:53:34::SCWBDomain::make -C ps7_cortexa9_0/libsrc/xilffs_v5_2/src -s include  "SHELL=/bin/sh" "COMPILER=arm-none-eabi-gcc" "ASSEMBLER=arm-none-eabi
TRACE::2024-08-07.13:53:34::SCWBDomain::-as" "ARCHIVER=arm-none-eabi-ar" "COMPILER_FLAGS=  -O2 -c" "EXTRA_COMPILER_FLAGS=-mcpu=cortex-a9 -mfpu=vfpv3 -mfloat-abi=hard -
TRACE::2024-08-07.13:53:34::SCWBDomain::nostartfiles -g -Wall -Wextra -fno-tree-loop-distribute-patterns"

TRACE::2024-08-07.13:53:34::SCWBDomain::make -C ps7_cortexa9_0/libsrc/xilrsa_v1_8/src -s include  "SHELL=/bin/sh" "COMPILER=arm-none-eabi-gcc" "ASSEMBLER=arm-none-eabi
TRACE::2024-08-07.13:53:34::SCWBDomain::-as" "ARCHIVER=arm-none-eabi-ar" "COMPILER_FLAGS=  -O2 -c" "EXTRA_COMPILER_FLAGS=-mcpu=cortex-a9 -mfpu=vfpv3 -mfloat-abi=hard -
TRACE::2024-08-07.13:53:34::SCWBDomain::nostartfiles -g -Wall -Wextra -fno-tree-loop-distribute-patterns"

TRACE::2024-08-07.13:53:34::SCWBDomain::Running Make libs in ps7_cortexa9_0/libsrc/bram_v4_10/src

TRACE::2024-08-07.13:53:34::SCWBDomain::make -C ps7_cortexa9_0/libsrc/bram_v4_10/src -s libs  "SHELL=/bin/sh" "COMPILER=arm-none-eabi-gcc" "ASSEMBLER=arm-none-eabi-as"
TRACE::2024-08-07.13:53:34::SCWBDomain:: "ARCHIVER=arm-none-eabi-ar" "COMPILER_FLAGS=  -O2 -c" "EXTRA_COMPILER_FLAGS=-mcpu=cortex-a9 -mfpu=vfpv3 -mfloat-abi=hard -nost
TRACE::2024-08-07.13:53:34::SCWBDomain::artfiles -g -Wall -Wextra -fno-tree-loop-distribute-patterns"

TRACE::2024-08-07.13:53:34::SCWBDomain::Running Make libs in ps7_cortexa9_0/libsrc/coresightps_dcc_v1_10/src

TRACE::2024-08-07.13:53:34::SCWBDomain::make -C ps7_cortexa9_0/libsrc/coresightps_dcc_v1_10/src -s libs  "SHELL=/bin/sh" "COMPILER=arm-none-eabi-gcc" "ASSEMBLER=arm-no
TRACE::2024-08-07.13:53:34::SCWBDomain::ne-eabi-as" "ARCHIVER=arm-none-eabi-ar" "COMPILER_FLAGS=  -O2 -c" "EXTRA_COMPILER_FLAGS=-mcpu=cortex-a9 -mfpu=vfpv3 -mfloat-abi
TRACE::2024-08-07.13:53:34::SCWBDomain::=hard -nostartfiles -g -Wall -Wextra -fno-tree-loop-distribute-patterns"

TRACE::2024-08-07.13:53:34::SCWBDomain::Running Make libs in ps7_cortexa9_0/libsrc/ddrps_v1_2/src

TRACE::2024-08-07.13:53:34::SCWBDomain::Running Make libs in ps7_cortexa9_0/libsrc/cpu_cortexa9_v2_12/src

TRACE::2024-08-07.13:53:34::SCWBDomain::make -C ps7_cortexa9_0/libsrc/cpu_cortexa9_v2_12/src -s libs  "SHELL=/bin/sh" "COMPILER=arm-none-eabi-gcc" "ASSEMBLER=arm-none-
TRACE::2024-08-07.13:53:34::SCWBDomain::eabi-as" "ARCHIVER=arm-none-eabi-ar" "COMPILER_FLAGS=  -O2 -c" "EXTRA_COMPILER_FLAGS=-mcpu=cortex-a9 -mfpu=vfpv3 -mfloat-abi=ha
TRACE::2024-08-07.13:53:34::SCWBDomain::rd -nostartfiles -g -Wall -Wextra -fno-tree-loop-distribute-patterns"

TRACE::2024-08-07.13:53:34::SCWBDomain::make -C ps7_cortexa9_0/libsrc/ddrps_v1_2/src -s libs  "SHELL=/bin/sh" "COMPILER=arm-none-eabi-gcc" "ASSEMBLER=arm-none-eabi-as"
TRACE::2024-08-07.13:53:34::SCWBDomain:: "ARCHIVER=arm-none-eabi-ar" "COMPILER_FLAGS=  -O2 -c" "EXTRA_COMPILER_FLAGS=-mcpu=cortex-a9 -mfpu=vfpv3 -mfloat-abi=hard -nost
TRACE::2024-08-07.13:53:34::SCWBDomain::artfiles -g -Wall -Wextra -fno-tree-loop-distribute-patterns"

TRACE::2024-08-07.13:53:34::SCWBDomain::Running Make libs in ps7_cortexa9_0/libsrc/devcfg_v3_8/src

TRACE::2024-08-07.13:53:34::SCWBDomain::Running Make libs in ps7_cortexa9_0/libsrc/dmaps_v2_10/src

TRACE::2024-08-07.13:53:34::SCWBDomain::make -C ps7_cortexa9_0/libsrc/devcfg_v3_8/src -s libs  "SHELL=/bin/sh" "COMPILER=arm-none-eabi-gcc" "ASSEMBLER=arm-none-eabi-as
TRACE::2024-08-07.13:53:34::SCWBDomain::" "ARCHIVER=arm-none-eabi-ar" "COMPILER_FLAGS=  -O2 -c" "EXTRA_COMPILER_FLAGS=-mcpu=cortex-a9 -mfpu=vfpv3 -mfloat-abi=hard -nos
TRACE::2024-08-07.13:53:34::SCWBDomain::tartfiles -g -Wall -Wextra -fno-tree-loop-distribute-patterns"

TRACE::2024-08-07.13:53:34::SCWBDomain::make -C ps7_cortexa9_0/libsrc/dmaps_v2_10/src -s libs  "SHELL=/bin/sh" "COMPILER=arm-none-eabi-gcc" "ASSEMBLER=arm-none-eabi-as
TRACE::2024-08-07.13:53:34::SCWBDomain::" "ARCHIVER=arm-none-eabi-ar" "COMPILER_FLAGS=  -O2 -c" "EXTRA_COMPILER_FLAGS=-mcpu=cortex-a9 -mfpu=vfpv3 -mfloat-abi=hard -nos
TRACE::2024-08-07.13:53:34::SCWBDomain::tartfiles -g -Wall -Wextra -fno-tree-loop-distribute-patterns"

TRACE::2024-08-07.13:53:34::SCWBDomain::Running Make libs in ps7_cortexa9_0/libsrc/emacps_v3_20/src

TRACE::2024-08-07.13:53:34::SCWBDomain::make -C ps7_cortexa9_0/libsrc/emacps_v3_20/src -s libs  "SHELL=/bin/sh" "COMPILER=arm-none-eabi-gcc" "ASSEMBLER=arm-none-eabi-a
TRACE::2024-08-07.13:53:34::SCWBDomain::s" "ARCHIVER=arm-none-eabi-ar" "COMPILER_FLAGS=  -O2 -c" "EXTRA_COMPILER_FLAGS=-mcpu=cortex-a9 -mfpu=vfpv3 -mfloat-abi=hard -no
TRACE::2024-08-07.13:53:34::SCWBDomain::startfiles -g -Wall -Wextra -fno-tree-loop-distribute-patterns"

TRACE::2024-08-07.13:53:34::SCWBDomain::Running Make libs in ps7_cortexa9_0/libsrc/gpiops_v3_13/src

TRACE::2024-08-07.13:53:34::SCWBDomain::Running Make libs in ps7_cortexa9_0/libsrc/qspips_v3_12/src

TRACE::2024-08-07.13:53:34::SCWBDomain::Running Make libs in ps7_cortexa9_0/libsrc/scugic_v5_3/src

TRACE::2024-08-07.13:53:34::SCWBDomain::make -C ps7_cortexa9_0/libsrc/gpiops_v3_13/src -s libs  "SHELL=/bin/sh" "COMPILER=arm-none-eabi-gcc" "ASSEMBLER=arm-none-eabi-a
TRACE::2024-08-07.13:53:34::SCWBDomain::s" "ARCHIVER=arm-none-eabi-ar" "COMPILER_FLAGS=  -O2 -c" "EXTRA_COMPILER_FLAGS=-mcpu=cortex-a9 -mfpu=vfpv3 -mfloat-abi=hard -no
TRACE::2024-08-07.13:53:34::SCWBDomain::startfiles -g -Wall -Wextra -fno-tree-loop-distribute-patterns"

TRACE::2024-08-07.13:53:34::SCWBDomain::make -C ps7_cortexa9_0/libsrc/qspips_v3_12/src -s libs  "SHELL=/bin/sh" "COMPILER=arm-none-eabi-gcc" "ASSEMBLER=arm-none-eabi-a
TRACE::2024-08-07.13:53:34::SCWBDomain::s" "ARCHIVER=arm-none-eabi-ar" "COMPILER_FLAGS=  -O2 -c" "EXTRA_COMPILER_FLAGS=-mcpu=cortex-a9 -mfpu=vfpv3 -mfloat-abi=hard -no
TRACE::2024-08-07.13:53:34::SCWBDomain::startfiles -g -Wall -Wextra -fno-tree-loop-distribute-patterns"

TRACE::2024-08-07.13:53:34::SCWBDomain::make -C ps7_cortexa9_0/libsrc/scugic_v5_3/src -s libs  "SHELL=/bin/sh" "COMPILER=arm-none-eabi-gcc" "ASSEMBLER=arm-none-eabi-as
TRACE::2024-08-07.13:53:34::SCWBDomain::" "ARCHIVER=arm-none-eabi-ar" "COMPILER_FLAGS=  -O2 -c" "EXTRA_COMPILER_FLAGS=-mcpu=cortex-a9 -mfpu=vfpv3 -mfloat-abi=hard -nos
TRACE::2024-08-07.13:53:34::SCWBDomain::tartfiles -g -Wall -Wextra -fno-tree-loop-distribute-patterns"

TRACE::2024-08-07.13:53:34::SCWBDomain::Running Make libs in ps7_cortexa9_0/libsrc/scutimer_v2_6/src

TRACE::2024-08-07.13:53:34::SCWBDomain::make -C ps7_cortexa9_0/libsrc/scutimer_v2_6/src -s libs  "SHELL=/bin/sh" "COMPILER=arm-none-eabi-gcc" "ASSEMBLER=arm-none-eabi-
TRACE::2024-08-07.13:53:34::SCWBDomain::as" "ARCHIVER=arm-none-eabi-ar" "COMPILER_FLAGS=  -O2 -c" "EXTRA_COMPILER_FLAGS=-mcpu=cortex-a9 -mfpu=vfpv3 -mfloat-abi=hard -n
TRACE::2024-08-07.13:53:34::SCWBDomain::ostartfiles -g -Wall -Wextra -fno-tree-loop-distribute-patterns"

TRACE::2024-08-07.13:53:34::SCWBDomain::Running Make libs in ps7_cortexa9_0/libsrc/scuwdt_v2_5/src

TRACE::2024-08-07.13:53:34::SCWBDomain::make -C ps7_cortexa9_0/libsrc/scuwdt_v2_5/src -s libs  "SHELL=/bin/sh" "COMPILER=arm-none-eabi-gcc" "ASSEMBLER=arm-none-eabi-as
TRACE::2024-08-07.13:53:34::SCWBDomain::" "ARCHIVER=arm-none-eabi-ar" "COMPILER_FLAGS=  -O2 -c" "EXTRA_COMPILER_FLAGS=-mcpu=cortex-a9 -mfpu=vfpv3 -mfloat-abi=hard -nos
TRACE::2024-08-07.13:53:34::SCWBDomain::tartfiles -g -Wall -Wextra -fno-tree-loop-distribute-patterns"

TRACE::2024-08-07.13:53:34::SCWBDomain::Running Make libs in ps7_cortexa9_0/libsrc/sdps_v4_3/src

TRACE::2024-08-07.13:53:34::SCWBDomain::make -C ps7_cortexa9_0/libsrc/sdps_v4_3/src -s libs  "SHELL=/bin/sh" "COMPILER=arm-none-eabi-gcc" "ASSEMBLER=arm-none-eabi-as" 
TRACE::2024-08-07.13:53:34::SCWBDomain::"ARCHIVER=arm-none-eabi-ar" "COMPILER_FLAGS=  -O2 -c" "EXTRA_COMPILER_FLAGS=-mcpu=cortex-a9 -mfpu=vfpv3 -mfloat-abi=hard -nosta
TRACE::2024-08-07.13:53:34::SCWBDomain::rtfiles -g -Wall -Wextra -fno-tree-loop-distribute-patterns"

TRACE::2024-08-07.13:53:35::SCWBDomain::Running Make libs in ps7_cortexa9_0/libsrc/standalone_v9_1/src

TRACE::2024-08-07.13:53:35::SCWBDomain::make -C ps7_cortexa9_0/libsrc/standalone_v9_1/src -s libs  "SHELL=/bin/sh" "COMPILER=arm-none-eabi-gcc" "ASSEMBLER=arm-none-eab
TRACE::2024-08-07.13:53:35::SCWBDomain::i-as" "ARCHIVER=arm-none-eabi-ar" "COMPILER_FLAGS=  -O2 -c" "EXTRA_COMPILER_FLAGS=-mcpu=cortex-a9 -mfpu=vfpv3 -mfloat-abi=hard 
TRACE::2024-08-07.13:53:35::SCWBDomain::-nostartfiles -g -Wall -Wextra -fno-tree-loop-distribute-patterns"

TRACE::2024-08-07.13:53:35::SCWBDomain::Running Make libs in ps7_cortexa9_0/libsrc/uartps_v3_14/src

TRACE::2024-08-07.13:53:35::SCWBDomain::make -C ps7_cortexa9_0/libsrc/uartps_v3_14/src -s libs  "SHELL=/bin/sh" "COMPILER=arm-none-eabi-gcc" "ASSEMBLER=arm-none-eabi-a
TRACE::2024-08-07.13:53:35::SCWBDomain::s" "ARCHIVER=arm-none-eabi-ar" "COMPILER_FLAGS=  -O2 -c" "EXTRA_COMPILER_FLAGS=-mcpu=cortex-a9 -mfpu=vfpv3 -mfloat-abi=hard -no
TRACE::2024-08-07.13:53:35::SCWBDomain::startfiles -g -Wall -Wextra -fno-tree-loop-distribute-patterns"

TRACE::2024-08-07.13:53:35::SCWBDomain::Running Make libs in ps7_cortexa9_0/libsrc/usbps_v2_9/src

TRACE::2024-08-07.13:53:35::SCWBDomain::make -C ps7_cortexa9_0/libsrc/usbps_v2_9/src -s libs  "SHELL=/bin/sh" "COMPILER=arm-none-eabi-gcc" "ASSEMBLER=arm-none-eabi-as"
TRACE::2024-08-07.13:53:35::SCWBDomain:: "ARCHIVER=arm-none-eabi-ar" "COMPILER_FLAGS=  -O2 -c" "EXTRA_COMPILER_FLAGS=-mcpu=cortex-a9 -mfpu=vfpv3 -mfloat-abi=hard -nost
TRACE::2024-08-07.13:53:35::SCWBDomain::artfiles -g -Wall -Wextra -fno-tree-loop-distribute-patterns"

TRACE::2024-08-07.13:53:35::SCWBDomain::Running Make libs in ps7_cortexa9_0/libsrc/xadcps_v2_7/src

TRACE::2024-08-07.13:53:35::SCWBDomain::make -C ps7_cortexa9_0/libsrc/xadcps_v2_7/src -s libs  "SHELL=/bin/sh" "COMPILER=arm-none-eabi-gcc" "ASSEMBLER=arm-none-eabi-as
TRACE::2024-08-07.13:53:35::SCWBDomain::" "ARCHIVER=arm-none-eabi-ar" "COMPILER_FLAGS=  -O2 -c" "EXTRA_COMPILER_FLAGS=-mcpu=cortex-a9 -mfpu=vfpv3 -mfloat-abi=hard -nos
TRACE::2024-08-07.13:53:35::SCWBDomain::tartfiles -g -Wall -Wextra -fno-tree-loop-distribute-patterns"

TRACE::2024-08-07.13:53:35::SCWBDomain::Running Make libs in ps7_cortexa9_0/libsrc/xilffs_v5_2/src

TRACE::2024-08-07.13:53:35::SCWBDomain::make -C ps7_cortexa9_0/libsrc/xilffs_v5_2/src -s libs  "SHELL=/bin/sh" "COMPILER=arm-none-eabi-gcc" "ASSEMBLER=arm-none-eabi-as
TRACE::2024-08-07.13:53:35::SCWBDomain::" "ARCHIVER=arm-none-eabi-ar" "COMPILER_FLAGS=  -O2 -c" "EXTRA_COMPILER_FLAGS=-mcpu=cortex-a9 -mfpu=vfpv3 -mfloat-abi=hard -nos
TRACE::2024-08-07.13:53:35::SCWBDomain::tartfiles -g -Wall -Wextra -fno-tree-loop-distribute-patterns"

TRACE::2024-08-07.13:53:35::SCWBDomain::Finished building libraries parallelly.

TRACE::2024-08-07.13:53:35::SCWBDomain::make --no-print-directory archive

TRACE::2024-08-07.13:53:35::SCWBDomain::arm-none-eabi-ar -r  ps7_cortexa9_0/lib/libxil.a ps7_cortexa9_0/lib/_exit.o ps7_cortexa9_0/lib/_open.o ps7_cortexa9_0/lib/_sbrk
TRACE::2024-08-07.13:53:35::SCWBDomain::.o ps7_cortexa9_0/lib/abort.o ps7_cortexa9_0/lib/asm_vectors.o ps7_cortexa9_0/lib/boot.o ps7_cortexa9_0/lib/close.o ps7_cortexa
TRACE::2024-08-07.13:53:35::SCWBDomain::9_0/lib/cpputest_time.o ps7_cortexa9_0/lib/cpu_init.o ps7_cortexa9_0/lib/errno.o ps7_cortexa9_0/lib/fcntl.o ps7_cortexa9_0/lib/
TRACE::2024-08-07.13:53:35::SCWBDomain::fstat.o ps7_cortexa9_0/lib/getentropy.o ps7_cortexa9_0/lib/getpid.o ps7_cortexa9_0/lib/inbyte.o ps7_cortexa9_0/lib/isatty.o ps7
TRACE::2024-08-07.13:53:35::SCWBDomain::_cortexa9_0/lib/kill.o ps7_cortexa9_0/lib/lseek.o ps7_cortexa9_0/lib/open.o ps7_cortexa9_0/lib/outbyte.o ps7_cortexa9_0/lib/pri
TRACE::2024-08-07.13:53:35::SCWBDomain::nt.o ps7_cortexa9_0/lib/putnum.o ps7_cortexa9_0/lib/read.o ps7_cortexa9_0/lib/sbrk.o ps7_cortexa9_0/lib/sleep.o ps7_cortexa9_0/
TRACE::2024-08-07.13:53:35::SCWBDomain::lib/time.o ps7_cortexa9_0/lib/translation_table.o ps7_cortexa9_0/lib/unlink.o ps7_cortexa9_0/lib/usleep.o ps7_cortexa9_0/lib/ve
TRACE::2024-08-07.13:53:35::SCWBDomain::ctors.o ps7_cortexa9_0/lib/write.o ps7_cortexa9_0/lib/xadcps.o ps7_cortexa9_0/lib/xadcps_g.o ps7_cortexa9_0/lib/xadcps_intr.o p
TRACE::2024-08-07.13:53:35::SCWBDomain::s7_cortexa9_0/lib/xadcps_selftest.o ps7_cortexa9_0/lib/xadcps_sinit.o ps7_cortexa9_0/lib/xbram.o ps7_cortexa9_0/lib/xbram_g.o p
TRACE::2024-08-07.13:53:35::SCWBDomain::s7_cortexa9_0/lib/xbram_intr.o ps7_cortexa9_0/lib/xbram_selftest.o ps7_cortexa9_0/lib/xbram_sinit.o ps7_cortexa9_0/lib/xcoresig
TRACE::2024-08-07.13:53:35::SCWBDomain::htpsdcc.o ps7_cortexa9_0/lib/xdevcfg.o ps7_cortexa9_0/lib/xdevcfg_g.o ps7_cortexa9_0/lib/xdevcfg_hw.o ps7_cortexa9_0/lib/xdevcf
TRACE::2024-08-07.13:53:35::SCWBDomain::g_intr.o ps7_cortexa9_0/lib/xdevcfg_selftest.o ps7_cortexa9_0/lib/xdevcfg_sinit.o ps7_cortexa9_0/lib/xdmaps.o ps7_cortexa9_0/li
TRACE::2024-08-07.13:53:35::SCWBDomain::b/xdmaps_g.o ps7_cortexa9_0/lib/xdmaps_hw.o ps7_cortexa9_0/lib/xdmaps_selftest.o ps7_cortexa9_0/lib/xdmaps_sinit.o ps7_cortexa9
TRACE::2024-08-07.13:53:35::SCWBDomain::_0/lib/xemacps.o ps7_cortexa9_0/lib/xemacps_bdring.o ps7_cortexa9_0/lib/xemacps_control.o ps7_cortexa9_0/lib/xemacps_g.o ps7_co
TRACE::2024-08-07.13:53:35::SCWBDomain::rtexa9_0/lib/xemacps_hw.o ps7_cortexa9_0/lib/xemacps_intr.o ps7_cortexa9_0/lib/xemacps_sinit.o ps7_cortexa9_0/lib/xgpiops.o ps7
TRACE::2024-08-07.13:53:35::SCWBDomain::_cortexa9_0/lib/xgpiops_g.o ps7_cortexa9_0/lib/xgpiops_hw.o ps7_cortexa9_0/lib/xgpiops_intr.o ps7_cortexa9_0/lib/xgpiops_selfte
TRACE::2024-08-07.13:53:35::SCWBDomain::st.o ps7_cortexa9_0/lib/xgpiops_sinit.o ps7_cortexa9_0/lib/xil-crt0.o ps7_cortexa9_0/lib/xil_assert.o ps7_cortexa9_0/lib/xil_ca
TRACE::2024-08-07.13:53:35::SCWBDomain::che.o ps7_cortexa9_0/lib/xil_clocking.o ps7_cortexa9_0/lib/xil_exception.o ps7_cortexa9_0/lib/xil_mem.o ps7_cortexa9_0/lib/xil_
TRACE::2024-08-07.13:53:35::SCWBDomain::misc_psreset_api.o ps7_cortexa9_0/lib/xil_mmu.o ps7_cortexa9_0/lib/xil_printf.o ps7_cortexa9_0/lib/xil_sleepcommon.o ps7_cortex
TRACE::2024-08-07.13:53:35::SCWBDomain::a9_0/lib/xil_sleeptimer.o ps7_cortexa9_0/lib/xil_spinlock.o ps7_cortexa9_0/lib/xil_testcache.o ps7_cortexa9_0/lib/xil_testio.o 
TRACE::2024-08-07.13:53:35::SCWBDomain::ps7_cortexa9_0/lib/xil_testmem.o ps7_cortexa9_0/lib/xil_util.o ps7_cortexa9_0/lib/xinterrupt_wrap.o ps7_cortexa9_0/lib/xl2cc_co
TRACE::2024-08-07.13:53:35::SCWBDomain::unter.o ps7_cortexa9_0/lib/xplatform_info.o ps7_cortexa9_0/lib/xpm_counter.o ps7_cortexa9_0/lib/xpm_init.o ps7_cortexa9_0/lib/x
TRACE::2024-08-07.13:53:35::SCWBDomain::qspips.o ps7_cortexa9_0/lib/xqspips_g.o ps7_cortexa9_0/lib/xqspips_hw.o ps7_cortexa9_0/lib/xqspips_options.o ps7_cortexa9_0/lib
TRACE::2024-08-07.13:53:35::SCWBDomain::/xqspips_selftest.o ps7_cortexa9_0/lib/xqspips_sinit.o ps7_cortexa9_0/lib/xscugic.o ps7_cortexa9_0/lib/xscugic_g.o ps7_cortexa9
TRACE::2024-08-07.13:53:35::SCWBDomain::_0/lib/xscugic_hw.o ps7_cortexa9_0/lib/xscugic_intr.o ps7_cortexa9_0/lib/xscugic_selftest.o ps7_cortexa9_0/lib/xscugic_sinit.o 
TRACE::2024-08-07.13:53:35::SCWBDomain::ps7_cortexa9_0/lib/xscutimer.o ps7_cortexa9_0/lib/xscutimer_g.o ps7_cortexa9_0/lib/xscutimer_selftest.o ps7_cortexa9_0/lib/xscu
TRACE::2024-08-07.13:53:35::SCWBDomain::timer_sinit.o ps7_cortexa9_0/lib/xscuwdt.o ps7_cortexa9_0/lib/xscuwdt_g.o ps7_cortexa9_0/lib/xscuwdt_selftest.o ps7_cortexa9_0/
TRACE::2024-08-07.13:53:35::SCWBDomain::lib/xscuwdt_sinit.o ps7_cortexa9_0/lib/xsdps.o ps7_cortexa9_0/lib/xsdps_card.o ps7_cortexa9_0/lib/xsdps_g.o ps7_cortexa9_0/lib/
TRACE::2024-08-07.13:53:35::SCWBDomain::xsdps_host.o ps7_cortexa9_0/lib/xsdps_options.o ps7_cortexa9_0/lib/xsdps_sinit.o ps7_cortexa9_0/lib/xtime_l.o ps7_cortexa9_0/li
TRACE::2024-08-07.13:53:35::SCWBDomain::b/xuartps.o ps7_cortexa9_0/lib/xuartps_g.o ps7_cortexa9_0/lib/xuartps_hw.o ps7_cortexa9_0/lib/xuartps_intr.o ps7_cortexa9_0/lib
TRACE::2024-08-07.13:53:35::SCWBDomain::/xuartps_options.o ps7_cortexa9_0/lib/xuartps_selftest.o ps7_cortexa9_0/lib/xuartps_sinit.o ps7_cortexa9_0/lib/xusbps.o ps7_cor
TRACE::2024-08-07.13:53:35::SCWBDomain::texa9_0/lib/xusbps_endpoint.o ps7_cortexa9_0/lib/xusbps_g.o ps7_cortexa9_0/lib/xusbps_hw.o ps7_cortexa9_0/lib/xusbps_intr.o ps7
TRACE::2024-08-07.13:53:35::SCWBDomain::_cortexa9_0/lib/xusbps_sinit.o

TRACE::2024-08-07.13:53:35::SCWBDomain::Finished building libraries

TRACE::2024-08-07.13:53:35::SCWBDomain::make: Leaving directory '/home/kike/Desktop/marvin/marvin/pynq_z2_bram_wrapper/zynq_fsbl/zynq_fsbl_bsp'

TRACE::2024-08-07.13:53:35::SCWBDomain::arm-none-eabi-gcc  -O2 -c -MMD -MP       -mcpu=cortex-a9 -mfpu=vfpv3 -mfloat-abi=hard  -c fsbl_hooks.c -o fsbl_hooks.o -Izynq_f
TRACE::2024-08-07.13:53:35::SCWBDomain::sbl_bsp/ps7_cortexa9_0/include -I.

TRACE::2024-08-07.13:53:35::SCWBDomain::arm-none-eabi-gcc  -O2 -c -MMD -MP       -mcpu=cortex-a9 -mfpu=vfpv3 -mfloat-abi=hard  -c image_mover.c -o image_mover.o -Izynq
TRACE::2024-08-07.13:53:35::SCWBDomain::_fsbl_bsp/ps7_cortexa9_0/include -I.

TRACE::2024-08-07.13:53:36::SCWBDomain::arm-none-eabi-gcc  -O2 -c -MMD -MP       -mcpu=cortex-a9 -mfpu=vfpv3 -mfloat-abi=hard  -c main.c -o main.o -Izynq_fsbl_bsp/ps7_
TRACE::2024-08-07.13:53:36::SCWBDomain::cortexa9_0/include -I.

TRACE::2024-08-07.13:53:36::SCWBDomain::arm-none-eabi-gcc  -O2 -c -MMD -MP       -mcpu=cortex-a9 -mfpu=vfpv3 -mfloat-abi=hard  -c md5.c -o md5.o -Izynq_fsbl_bsp/ps7_co
TRACE::2024-08-07.13:53:36::SCWBDomain::rtexa9_0/include -I.

TRACE::2024-08-07.13:53:36::SCWBDomain::arm-none-eabi-gcc  -O2 -c -MMD -MP       -mcpu=cortex-a9 -mfpu=vfpv3 -mfloat-abi=hard  -c nand.c -o nand.o -Izynq_fsbl_bsp/ps7_
TRACE::2024-08-07.13:53:36::SCWBDomain::cortexa9_0/include -I.

TRACE::2024-08-07.13:53:36::SCWBDomain::arm-none-eabi-gcc  -O2 -c -MMD -MP       -mcpu=cortex-a9 -mfpu=vfpv3 -mfloat-abi=hard  -c nor.c -o nor.o -Izynq_fsbl_bsp/ps7_co
TRACE::2024-08-07.13:53:36::SCWBDomain::rtexa9_0/include -I.

TRACE::2024-08-07.13:53:36::SCWBDomain::arm-none-eabi-gcc  -O2 -c -MMD -MP       -mcpu=cortex-a9 -mfpu=vfpv3 -mfloat-abi=hard  -c pcap.c -o pcap.o -Izynq_fsbl_bsp/ps7_
TRACE::2024-08-07.13:53:36::SCWBDomain::cortexa9_0/include -I.

TRACE::2024-08-07.13:53:36::SCWBDomain::arm-none-eabi-gcc  -O2 -c -MMD -MP       -mcpu=cortex-a9 -mfpu=vfpv3 -mfloat-abi=hard  -c ps7_init.c -o ps7_init.o -Izynq_fsbl_
TRACE::2024-08-07.13:53:36::SCWBDomain::bsp/ps7_cortexa9_0/include -I.

TRACE::2024-08-07.13:53:36::SCWBDomain::arm-none-eabi-gcc  -O2 -c -MMD -MP       -mcpu=cortex-a9 -mfpu=vfpv3 -mfloat-abi=hard  -c qspi.c -o qspi.o -Izynq_fsbl_bsp/ps7_
TRACE::2024-08-07.13:53:36::SCWBDomain::cortexa9_0/include -I.

TRACE::2024-08-07.13:53:36::SCWBDomain::arm-none-eabi-gcc  -O2 -c -MMD -MP       -mcpu=cortex-a9 -mfpu=vfpv3 -mfloat-abi=hard  -c rsa.c -o rsa.o -Izynq_fsbl_bsp/ps7_co
TRACE::2024-08-07.13:53:36::SCWBDomain::rtexa9_0/include -I.

TRACE::2024-08-07.13:53:36::SCWBDomain::arm-none-eabi-gcc  -O2 -c -MMD -MP       -mcpu=cortex-a9 -mfpu=vfpv3 -mfloat-abi=hard  -c sd.c -o sd.o -Izynq_fsbl_bsp/ps7_cort
TRACE::2024-08-07.13:53:36::SCWBDomain::exa9_0/include -I.

TRACE::2024-08-07.13:53:36::SCWBDomain::arm-none-eabi-gcc  -O2 -c -MMD -MP       -mcpu=cortex-a9 -mfpu=vfpv3 -mfloat-abi=hard  -c fsbl_handoff.S -o fsbl_handoff.o -Izy
TRACE::2024-08-07.13:53:36::SCWBDomain::nq_fsbl_bsp/ps7_cortexa9_0/include -I.

TRACE::2024-08-07.13:53:36::SCWBDomain::arm-none-eabi-gcc -o fsbl.elf fsbl_handoff.o fsbl_hooks.o image_mover.o main.o md5.o nand.o nor.o pcap.o ps7_init.o qspi.o rsa.
TRACE::2024-08-07.13:53:36::SCWBDomain::o sd.o -MMD -MP       -mcpu=cortex-a9 -mfpu=vfpv3 -mfloat-abi=hard   -mcpu=cortex-a9 -mfpu=vfpv3 -mfloat-abi=hard -Wl,-build-id
TRACE::2024-08-07.13:53:36::SCWBDomain::=none -specs=Xilinx.spec  -lrsa -Wl,--start-group,-lxil,-lgcc,-lc,--end-group -Wl,--start-group,-lxilffs,-lxil,-lgcc,-lc,--end-
TRACE::2024-08-07.13:53:36::SCWBDomain::group -Wl,--start-group,-lrsa,-lxil,-lgcc,-lc,--end-group                                    -Wl,--gc-sections -Lzynq_fsbl_bsp/
TRACE::2024-08-07.13:53:36::SCWBDomain::ps7_cortexa9_0/lib -L./ -Tlscript.ld

LOG::2024-08-07.13:53:36::SCWSystem::Checking the domain freertos10_xilinx_ps7_cortexa9_0
LOG::2024-08-07.13:53:36::SCWSystem::Not a boot domain 
LOG::2024-08-07.13:53:36::SCWSystem::Started Processing the domain freertos10_xilinx_ps7_cortexa9_0
TRACE::2024-08-07.13:53:36::SCWDomain::Generating domain artifcats
TRACE::2024-08-07.13:53:36::SCWMssOS::Generating standalone artifcats
TRACE::2024-08-07.13:53:36::SCWMssOS::Copying the qemu file from  /home/kike/Desktop/marvin/marvin/pynq_z2_bram_wrapper/resources/pynq_z2_bram_wrapper/freertos10_xilinx_ps7_cortexa9_0/qemu_args.txt To /home/kike/Desktop/marvin/marvin/pynq_z2_bram_wrapper/export/pynq_z2_bram_wrapper/sw/pynq_z2_bram_wrapper/qemu/
TRACE::2024-08-07.13:53:36::SCWMssOS::Copying the qemu file from  /home/kike/Desktop/marvin/marvin/pynq_z2_bram_wrapper/resources/pynq_z2_bram_wrapper/freertos10_xilinx_ps7_cortexa9_0/qemu_args.txt To /home/kike/Desktop/marvin/marvin/pynq_z2_bram_wrapper/export/pynq_z2_bram_wrapper/sw/pynq_z2_bram_wrapper/freertos10_xilinx_ps7_cortexa9_0/qemu/
TRACE::2024-08-07.13:53:36::SCWMssOS:: Copying the user libraries. 
TRACE::2024-08-07.13:53:36::SCWPlatform::Trying to open the hw design at /home/kike/Desktop/marvin/marvin/pynq_z2_bram_wrapper/hw/pynq_z2_bram_wrapper.xsa
TRACE::2024-08-07.13:53:36::SCWPlatform::DSA given /home/kike/Desktop/marvin/marvin/pynq_z2_bram_wrapper/hw/pynq_z2_bram_wrapper.xsa
TRACE::2024-08-07.13:53:36::SCWPlatform::DSA absoulate path /home/kike/Desktop/marvin/marvin/pynq_z2_bram_wrapper/hw/pynq_z2_bram_wrapper.xsa
TRACE::2024-08-07.13:53:36::SCWPlatform::DSA directory /home/kike/Desktop/marvin/marvin/pynq_z2_bram_wrapper/hw
TRACE::2024-08-07.13:53:36::SCWPlatform:: Platform Path /home/kike/Desktop/marvin/marvin/pynq_z2_bram_wrapper/hw/pynq_z2_bram_wrapper.xsa
TRACE::2024-08-07.13:53:36::SCWPlatform:: Unique name xilinx:pynq-z2::0.0
TRACE::2024-08-07.13:53:36::SCWPlatform::Trying to set the existing hwdb with name pynq_z2_bram_wrapper_1
TRACE::2024-08-07.13:53:36::SCWPlatform::Opened existing hwdb pynq_z2_bram_wrapper_1
TRACE::2024-08-07.13:53:36::SCWPlatform::Found the Hw Db part of the input DSA
TRACE::2024-08-07.13:53:36::SCWMssOS::Checking the sw design at  /home/kike/Desktop/marvin/marvin/pynq_z2_bram_wrapper/ps7_cortexa9_0/freertos10_xilinx_ps7_cortexa9_0/bsp/system.mss
TRACE::2024-08-07.13:53:36::SCWMssOS::DEBUG:  swdes dump  /home/kike/Desktop/marvin/marvin/pynq_z2_bram_wrapper/ps7_cortexa9_0/freertos10_xilinx_ps7_cortexa9_0/bsp/system.mss|system_0||
/home/kike/Desktop/marvin/marvin/pynq_z2_bram_wrapper/zynq_fsbl/zynq_fsbl_bsp/system.mss|system||

TRACE::2024-08-07.13:53:36::SCWMssOS::Sw design exists and opened at  /home/kike/Desktop/marvin/marvin/pynq_z2_bram_wrapper/ps7_cortexa9_0/freertos10_xilinx_ps7_cortexa9_0/bsp/system.mss
TRACE::2024-08-07.13:53:36::SCWMssOS::Completed writing the mss file at /home/kike/Desktop/marvin/marvin/pynq_z2_bram_wrapper/ps7_cortexa9_0/freertos10_xilinx_ps7_cortexa9_0/bsp
TRACE::2024-08-07.13:53:36::SCWMssOS::Mss edits present, copying mssfile into export location /home/kike/Desktop/marvin/marvin/pynq_z2_bram_wrapper/ps7_cortexa9_0/freertos10_xilinx_ps7_cortexa9_0/bsp/system.mss
TRACE::2024-08-07.13:53:36::SCWMssOS::bsp generated is upto date with the mss file. Skipping bsp generation.
TRACE::2024-08-07.13:53:36::SCWMssOS::BSP is already built. skipping the bsp build ... 
TRACE::2024-08-07.13:53:36::SCWDomain::Building the domain as part of full build :  freertos10_xilinx_ps7_cortexa9_0
TRACE::2024-08-07.13:53:36::SCWMssOS::doing bsp build ... 
TRACE::2024-08-07.13:53:36::SCWMssOS::System Command Ran  cd  /home/kike/Desktop/marvin/marvin/pynq_z2_bram_wrapper/ps7_cortexa9_0/freertos10_xilinx_ps7_cortexa9_0/bsp ; bash -c "make  " 
TRACE::2024-08-07.13:53:36::SCWMssOS::make --no-print-directory seq_libs

TRACE::2024-08-07.13:53:36::SCWMssOS::Finished building libraries sequentially.

TRACE::2024-08-07.13:53:36::SCWMssOS::make -j 10 --no-print-directory par_libs

TRACE::2024-08-07.13:53:36::SCWMssOS::Running Make include in ps7_cortexa9_0/libsrc/bram_v4_10/src

TRACE::2024-08-07.13:53:36::SCWMssOS::make -C ps7_cortexa9_0/libsrc/bram_v4_10/src -s include  "SHELL=/bin/sh" "COMPILER=arm-none-eabi-gcc" "ASSEMBLER=arm-none-eabi-
TRACE::2024-08-07.13:53:36::SCWMssOS::as" "ARCHIVER=arm-none-eabi-ar" "COMPILER_FLAGS=  -O2 -c" "EXTRA_COMPILER_FLAGS=-mcpu=cortex-a9 -mfpu=vfpv3 -mfloat-abi=hard -n
TRACE::2024-08-07.13:53:36::SCWMssOS::ostartfiles -g -Wall -Wextra -fno-tree-loop-distribute-patterns"

TRACE::2024-08-07.13:53:36::SCWMssOS::Running Make include in ps7_cortexa9_0/libsrc/coresightps_dcc_v1_10/src

TRACE::2024-08-07.13:53:36::SCWMssOS::make -C ps7_cortexa9_0/libsrc/coresightps_dcc_v1_10/src -s include  "SHELL=/bin/sh" "COMPILER=arm-none-eabi-gcc" "ASSEMBLER=arm
TRACE::2024-08-07.13:53:36::SCWMssOS::-none-eabi-as" "ARCHIVER=arm-none-eabi-ar" "COMPILER_FLAGS=  -O2 -c" "EXTRA_COMPILER_FLAGS=-mcpu=cortex-a9 -mfpu=vfpv3 -mfloat-
TRACE::2024-08-07.13:53:36::SCWMssOS::abi=hard -nostartfiles -g -Wall -Wextra -fno-tree-loop-distribute-patterns"

TRACE::2024-08-07.13:53:36::SCWMssOS::Running Make include in ps7_cortexa9_0/libsrc/cpu_cortexa9_v2_12/src

TRACE::2024-08-07.13:53:36::SCWMssOS::make -C ps7_cortexa9_0/libsrc/cpu_cortexa9_v2_12/src -s include  "SHELL=/bin/sh" "COMPILER=arm-none-eabi-gcc" "ASSEMBLER=arm-no
TRACE::2024-08-07.13:53:36::SCWMssOS::ne-eabi-as" "ARCHIVER=arm-none-eabi-ar" "COMPILER_FLAGS=  -O2 -c" "EXTRA_COMPILER_FLAGS=-mcpu=cortex-a9 -mfpu=vfpv3 -mfloat-abi
TRACE::2024-08-07.13:53:36::SCWMssOS::=hard -nostartfiles -g -Wall -Wextra -fno-tree-loop-distribute-patterns"

TRACE::2024-08-07.13:53:36::SCWMssOS::Running Make include in ps7_cortexa9_0/libsrc/ddrps_v1_2/src

TRACE::2024-08-07.13:53:36::SCWMssOS::make -C ps7_cortexa9_0/libsrc/ddrps_v1_2/src -s include  "SHELL=/bin/sh" "COMPILER=arm-none-eabi-gcc" "ASSEMBLER=arm-none-eabi-
TRACE::2024-08-07.13:53:36::SCWMssOS::as" "ARCHIVER=arm-none-eabi-ar" "COMPILER_FLAGS=  -O2 -c" "EXTRA_COMPILER_FLAGS=-mcpu=cortex-a9 -mfpu=vfpv3 -mfloat-abi=hard -n
TRACE::2024-08-07.13:53:36::SCWMssOS::ostartfiles -g -Wall -Wextra -fno-tree-loop-distribute-patterns"

TRACE::2024-08-07.13:53:36::SCWMssOS::Running Make include in ps7_cortexa9_0/libsrc/devcfg_v3_8/src

TRACE::2024-08-07.13:53:36::SCWMssOS::make -C ps7_cortexa9_0/libsrc/devcfg_v3_8/src -s include  "SHELL=/bin/sh" "COMPILER=arm-none-eabi-gcc" "ASSEMBLER=arm-none-eabi
TRACE::2024-08-07.13:53:36::SCWMssOS::-as" "ARCHIVER=arm-none-eabi-ar" "COMPILER_FLAGS=  -O2 -c" "EXTRA_COMPILER_FLAGS=-mcpu=cortex-a9 -mfpu=vfpv3 -mfloat-abi=hard -
TRACE::2024-08-07.13:53:36::SCWMssOS::nostartfiles -g -Wall -Wextra -fno-tree-loop-distribute-patterns"

TRACE::2024-08-07.13:53:36::SCWMssOS::Running Make include in ps7_cortexa9_0/libsrc/dmaps_v2_10/src

TRACE::2024-08-07.13:53:36::SCWMssOS::make -C ps7_cortexa9_0/libsrc/dmaps_v2_10/src -s include  "SHELL=/bin/sh" "COMPILER=arm-none-eabi-gcc" "ASSEMBLER=arm-none-eabi
TRACE::2024-08-07.13:53:36::SCWMssOS::-as" "ARCHIVER=arm-none-eabi-ar" "COMPILER_FLAGS=  -O2 -c" "EXTRA_COMPILER_FLAGS=-mcpu=cortex-a9 -mfpu=vfpv3 -mfloat-abi=hard -
TRACE::2024-08-07.13:53:36::SCWMssOS::nostartfiles -g -Wall -Wextra -fno-tree-loop-distribute-patterns"

TRACE::2024-08-07.13:53:36::SCWMssOS::Running Make include in ps7_cortexa9_0/libsrc/emacps_v3_20/src

TRACE::2024-08-07.13:53:36::SCWMssOS::make -C ps7_cortexa9_0/libsrc/emacps_v3_20/src -s include  "SHELL=/bin/sh" "COMPILER=arm-none-eabi-gcc" "ASSEMBLER=arm-none-eab
TRACE::2024-08-07.13:53:36::SCWMssOS::i-as" "ARCHIVER=arm-none-eabi-ar" "COMPILER_FLAGS=  -O2 -c" "EXTRA_COMPILER_FLAGS=-mcpu=cortex-a9 -mfpu=vfpv3 -mfloat-abi=hard 
TRACE::2024-08-07.13:53:36::SCWMssOS::-nostartfiles -g -Wall -Wextra -fno-tree-loop-distribute-patterns"

TRACE::2024-08-07.13:53:36::SCWMssOS::Running Make include in ps7_cortexa9_0/libsrc/freertos10_xilinx_v1_15/src

TRACE::2024-08-07.13:53:36::SCWMssOS::make -C ps7_cortexa9_0/libsrc/freertos10_xilinx_v1_15/src -s include  "SHELL=/bin/sh" "COMPILER=arm-none-eabi-gcc" "ASSEMBLER=a
TRACE::2024-08-07.13:53:36::SCWMssOS::rm-none-eabi-as" "ARCHIVER=arm-none-eabi-ar" "COMPILER_FLAGS=  -O2 -c" "EXTRA_COMPILER_FLAGS=-mcpu=cortex-a9 -mfpu=vfpv3 -mfloa
TRACE::2024-08-07.13:53:36::SCWMssOS::t-abi=hard -nostartfiles -g -Wall -Wextra -fno-tree-loop-distribute-patterns"

TRACE::2024-08-07.13:53:36::SCWMssOS::Running Make include in ps7_cortexa9_0/libsrc/gpiops_v3_13/src

TRACE::2024-08-07.13:53:36::SCWMssOS::make -C ps7_cortexa9_0/libsrc/gpiops_v3_13/src -s include  "SHELL=/bin/sh" "COMPILER=arm-none-eabi-gcc" "ASSEMBLER=arm-none-eab
TRACE::2024-08-07.13:53:36::SCWMssOS::i-as" "ARCHIVER=arm-none-eabi-ar" "COMPILER_FLAGS=  -O2 -c" "EXTRA_COMPILER_FLAGS=-mcpu=cortex-a9 -mfpu=vfpv3 -mfloat-abi=hard 
TRACE::2024-08-07.13:53:36::SCWMssOS::-nostartfiles -g -Wall -Wextra -fno-tree-loop-distribute-patterns"

TRACE::2024-08-07.13:53:36::SCWMssOS::Running Make include in ps7_cortexa9_0/libsrc/qspips_v3_12/src

TRACE::2024-08-07.13:53:36::SCWMssOS::make -C ps7_cortexa9_0/libsrc/qspips_v3_12/src -s include  "SHELL=/bin/sh" "COMPILER=arm-none-eabi-gcc" "ASSEMBLER=arm-none-eab
TRACE::2024-08-07.13:53:36::SCWMssOS::i-as" "ARCHIVER=arm-none-eabi-ar" "COMPILER_FLAGS=  -O2 -c" "EXTRA_COMPILER_FLAGS=-mcpu=cortex-a9 -mfpu=vfpv3 -mfloat-abi=hard 
TRACE::2024-08-07.13:53:36::SCWMssOS::-nostartfiles -g -Wall -Wextra -fno-tree-loop-distribute-patterns"

TRACE::2024-08-07.13:53:36::SCWMssOS::Running Make include in ps7_cortexa9_0/libsrc/scugic_v5_3/src

TRACE::2024-08-07.13:53:36::SCWMssOS::make -C ps7_cortexa9_0/libsrc/scugic_v5_3/src -s include  "SHELL=/bin/sh" "COMPILER=arm-none-eabi-gcc" "ASSEMBLER=arm-none-eabi
TRACE::2024-08-07.13:53:36::SCWMssOS::-as" "ARCHIVER=arm-none-eabi-ar" "COMPILER_FLAGS=  -O2 -c" "EXTRA_COMPILER_FLAGS=-mcpu=cortex-a9 -mfpu=vfpv3 -mfloat-abi=hard -
TRACE::2024-08-07.13:53:36::SCWMssOS::nostartfiles -g -Wall -Wextra -fno-tree-loop-distribute-patterns"

TRACE::2024-08-07.13:53:36::SCWMssOS::Running Make include in ps7_cortexa9_0/libsrc/scutimer_v2_6/src

TRACE::2024-08-07.13:53:36::SCWMssOS::make -C ps7_cortexa9_0/libsrc/scutimer_v2_6/src -s include  "SHELL=/bin/sh" "COMPILER=arm-none-eabi-gcc" "ASSEMBLER=arm-none-ea
TRACE::2024-08-07.13:53:36::SCWMssOS::bi-as" "ARCHIVER=arm-none-eabi-ar" "COMPILER_FLAGS=  -O2 -c" "EXTRA_COMPILER_FLAGS=-mcpu=cortex-a9 -mfpu=vfpv3 -mfloat-abi=hard
TRACE::2024-08-07.13:53:36::SCWMssOS:: -nostartfiles -g -Wall -Wextra -fno-tree-loop-distribute-patterns"

TRACE::2024-08-07.13:53:36::SCWMssOS::Running Make include in ps7_cortexa9_0/libsrc/scuwdt_v2_5/src

TRACE::2024-08-07.13:53:36::SCWMssOS::make -C ps7_cortexa9_0/libsrc/scuwdt_v2_5/src -s include  "SHELL=/bin/sh" "COMPILER=arm-none-eabi-gcc" "ASSEMBLER=arm-none-eabi
TRACE::2024-08-07.13:53:36::SCWMssOS::-as" "ARCHIVER=arm-none-eabi-ar" "COMPILER_FLAGS=  -O2 -c" "EXTRA_COMPILER_FLAGS=-mcpu=cortex-a9 -mfpu=vfpv3 -mfloat-abi=hard -
TRACE::2024-08-07.13:53:36::SCWMssOS::nostartfiles -g -Wall -Wextra -fno-tree-loop-distribute-patterns"

TRACE::2024-08-07.13:53:36::SCWMssOS::Running Make include in ps7_cortexa9_0/libsrc/sdps_v4_3/src

TRACE::2024-08-07.13:53:36::SCWMssOS::Running Make include in ps7_cortexa9_0/libsrc/uartps_v3_14/src

TRACE::2024-08-07.13:53:36::SCWMssOS::make -C ps7_cortexa9_0/libsrc/sdps_v4_3/src -s include  "SHELL=/bin/sh" "COMPILER=arm-none-eabi-gcc" "ASSEMBLER=arm-none-eabi-a
TRACE::2024-08-07.13:53:36::SCWMssOS::s" "ARCHIVER=arm-none-eabi-ar" "COMPILER_FLAGS=  -O2 -c" "EXTRA_COMPILER_FLAGS=-mcpu=cortex-a9 -mfpu=vfpv3 -mfloat-abi=hard -no
TRACE::2024-08-07.13:53:36::SCWMssOS::startfiles -g -Wall -Wextra -fno-tree-loop-distribute-patterns"

TRACE::2024-08-07.13:53:36::SCWMssOS::make -C ps7_cortexa9_0/libsrc/uartps_v3_14/src -s include  "SHELL=/bin/sh" "COMPILER=arm-none-eabi-gcc" "ASSEMBLER=arm-none-eab
TRACE::2024-08-07.13:53:36::SCWMssOS::i-as" "ARCHIVER=arm-none-eabi-ar" "COMPILER_FLAGS=  -O2 -c" "EXTRA_COMPILER_FLAGS=-mcpu=cortex-a9 -mfpu=vfpv3 -mfloat-abi=hard 
TRACE::2024-08-07.13:53:36::SCWMssOS::-nostartfiles -g -Wall -Wextra -fno-tree-loop-distribute-patterns"

TRACE::2024-08-07.13:53:36::SCWMssOS::Running Make include in ps7_cortexa9_0/libsrc/usbps_v2_9/src

TRACE::2024-08-07.13:53:36::SCWMssOS::Running Make include in ps7_cortexa9_0/libsrc/xadcps_v2_7/src

TRACE::2024-08-07.13:53:36::SCWMssOS::make -C ps7_cortexa9_0/libsrc/usbps_v2_9/src -s include  "SHELL=/bin/sh" "COMPILER=arm-none-eabi-gcc" "ASSEMBLER=arm-none-eabi-
TRACE::2024-08-07.13:53:36::SCWMssOS::as" "ARCHIVER=arm-none-eabi-ar" "COMPILER_FLAGS=  -O2 -c" "EXTRA_COMPILER_FLAGS=-mcpu=cortex-a9 -mfpu=vfpv3 -mfloat-abi=hard -n
TRACE::2024-08-07.13:53:36::SCWMssOS::ostartfiles -g -Wall -Wextra -fno-tree-loop-distribute-patterns"

TRACE::2024-08-07.13:53:36::SCWMssOS::make -C ps7_cortexa9_0/libsrc/xadcps_v2_7/src -s include  "SHELL=/bin/sh" "COMPILER=arm-none-eabi-gcc" "ASSEMBLER=arm-none-eabi
TRACE::2024-08-07.13:53:36::SCWMssOS::-as" "ARCHIVER=arm-none-eabi-ar" "COMPILER_FLAGS=  -O2 -c" "EXTRA_COMPILER_FLAGS=-mcpu=cortex-a9 -mfpu=vfpv3 -mfloat-abi=hard -
TRACE::2024-08-07.13:53:36::SCWMssOS::nostartfiles -g -Wall -Wextra -fno-tree-loop-distribute-patterns"

TRACE::2024-08-07.13:53:36::SCWMssOS::includes

TRACE::2024-08-07.13:53:36::SCWMssOS::Running Make include in ps7_cortexa9_0/libsrc/xiltimer_v2_0/src

TRACE::2024-08-07.13:53:36::SCWMssOS::make -C ps7_cortexa9_0/libsrc/xiltimer_v2_0/src -s include  "SHELL=/bin/sh" "COMPILER=arm-none-eabi-gcc" "ASSEMBLER=arm-none-ea
TRACE::2024-08-07.13:53:36::SCWMssOS::bi-as" "ARCHIVER=arm-none-eabi-ar" "COMPILER_FLAGS=  -O2 -c" "EXTRA_COMPILER_FLAGS=-mcpu=cortex-a9 -mfpu=vfpv3 -mfloat-abi=hard
TRACE::2024-08-07.13:53:36::SCWMssOS:: -nostartfiles -g -Wall -Wextra -fno-tree-loop-distribute-patterns"

TRACE::2024-08-07.13:53:36::SCWMssOS::Running Make libs in ps7_cortexa9_0/libsrc/bram_v4_10/src

TRACE::2024-08-07.13:53:36::SCWMssOS::make -C ps7_cortexa9_0/libsrc/bram_v4_10/src -s libs  "SHELL=/bin/sh" "COMPILER=arm-none-eabi-gcc" "ASSEMBLER=arm-none-eabi-as"
TRACE::2024-08-07.13:53:36::SCWMssOS:: "ARCHIVER=arm-none-eabi-ar" "COMPILER_FLAGS=  -O2 -c" "EXTRA_COMPILER_FLAGS=-mcpu=cortex-a9 -mfpu=vfpv3 -mfloat-abi=hard -nost
TRACE::2024-08-07.13:53:36::SCWMssOS::artfiles -g -Wall -Wextra -fno-tree-loop-distribute-patterns"

TRACE::2024-08-07.13:53:36::SCWMssOS::Running Make libs in ps7_cortexa9_0/libsrc/coresightps_dcc_v1_10/src

TRACE::2024-08-07.13:53:36::SCWMssOS::make -C ps7_cortexa9_0/libsrc/coresightps_dcc_v1_10/src -s libs  "SHELL=/bin/sh" "COMPILER=arm-none-eabi-gcc" "ASSEMBLER=arm-no
TRACE::2024-08-07.13:53:36::SCWMssOS::ne-eabi-as" "ARCHIVER=arm-none-eabi-ar" "COMPILER_FLAGS=  -O2 -c" "EXTRA_COMPILER_FLAGS=-mcpu=cortex-a9 -mfpu=vfpv3 -mfloat-abi
TRACE::2024-08-07.13:53:36::SCWMssOS::=hard -nostartfiles -g -Wall -Wextra -fno-tree-loop-distribute-patterns"

TRACE::2024-08-07.13:53:36::SCWMssOS::Running Make libs in ps7_cortexa9_0/libsrc/cpu_cortexa9_v2_12/src

TRACE::2024-08-07.13:53:36::SCWMssOS::make -C ps7_cortexa9_0/libsrc/cpu_cortexa9_v2_12/src -s libs  "SHELL=/bin/sh" "COMPILER=arm-none-eabi-gcc" "ASSEMBLER=arm-none-
TRACE::2024-08-07.13:53:36::SCWMssOS::eabi-as" "ARCHIVER=arm-none-eabi-ar" "COMPILER_FLAGS=  -O2 -c" "EXTRA_COMPILER_FLAGS=-mcpu=cortex-a9 -mfpu=vfpv3 -mfloat-abi=ha
TRACE::2024-08-07.13:53:36::SCWMssOS::rd -nostartfiles -g -Wall -Wextra -fno-tree-loop-distribute-patterns"

TRACE::2024-08-07.13:53:36::SCWMssOS::Running Make libs in ps7_cortexa9_0/libsrc/ddrps_v1_2/src

TRACE::2024-08-07.13:53:36::SCWMssOS::make -C ps7_cortexa9_0/libsrc/ddrps_v1_2/src -s libs  "SHELL=/bin/sh" "COMPILER=arm-none-eabi-gcc" "ASSEMBLER=arm-none-eabi-as"
TRACE::2024-08-07.13:53:36::SCWMssOS:: "ARCHIVER=arm-none-eabi-ar" "COMPILER_FLAGS=  -O2 -c" "EXTRA_COMPILER_FLAGS=-mcpu=cortex-a9 -mfpu=vfpv3 -mfloat-abi=hard -nost
TRACE::2024-08-07.13:53:36::SCWMssOS::artfiles -g -Wall -Wextra -fno-tree-loop-distribute-patterns"

TRACE::2024-08-07.13:53:36::SCWMssOS::Running Make libs in ps7_cortexa9_0/libsrc/devcfg_v3_8/src

TRACE::2024-08-07.13:53:36::SCWMssOS::Running Make libs in ps7_cortexa9_0/libsrc/emacps_v3_20/src

TRACE::2024-08-07.13:53:36::SCWMssOS::Running Make libs in ps7_cortexa9_0/libsrc/dmaps_v2_10/src

TRACE::2024-08-07.13:53:36::SCWMssOS::make -C ps7_cortexa9_0/libsrc/devcfg_v3_8/src -s libs  "SHELL=/bin/sh" "COMPILER=arm-none-eabi-gcc" "ASSEMBLER=arm-none-eabi-as
TRACE::2024-08-07.13:53:36::SCWMssOS::" "ARCHIVER=arm-none-eabi-ar" "COMPILER_FLAGS=  -O2 -c" "EXTRA_COMPILER_FLAGS=-mcpu=cortex-a9 -mfpu=vfpv3 -mfloat-abi=hard -nos
TRACE::2024-08-07.13:53:36::SCWMssOS::tartfiles -g -Wall -Wextra -fno-tree-loop-distribute-patterns"

TRACE::2024-08-07.13:53:36::SCWMssOS::make -C ps7_cortexa9_0/libsrc/dmaps_v2_10/src -s libs  "SHELL=/bin/sh" "COMPILER=arm-none-eabi-gcc" "ASSEMBLER=arm-none-eabi-as
TRACE::2024-08-07.13:53:36::SCWMssOS::" "ARCHIVER=arm-none-eabi-ar" "COMPILER_FLAGS=  -O2 -c" "EXTRA_COMPILER_FLAGS=-mcpu=cortex-a9 -mfpu=vfpv3 -mfloat-abi=hard -nos
TRACE::2024-08-07.13:53:36::SCWMssOS::tartfiles -g -Wall -Wextra -fno-tree-loop-distribute-patterns"

TRACE::2024-08-07.13:53:36::SCWMssOS::make -C ps7_cortexa9_0/libsrc/emacps_v3_20/src -s libs  "SHELL=/bin/sh" "COMPILER=arm-none-eabi-gcc" "ASSEMBLER=arm-none-eabi-a
TRACE::2024-08-07.13:53:36::SCWMssOS::s" "ARCHIVER=arm-none-eabi-ar" "COMPILER_FLAGS=  -O2 -c" "EXTRA_COMPILER_FLAGS=-mcpu=cortex-a9 -mfpu=vfpv3 -mfloat-abi=hard -no
TRACE::2024-08-07.13:53:36::SCWMssOS::startfiles -g -Wall -Wextra -fno-tree-loop-distribute-patterns"

TRACE::2024-08-07.13:53:36::SCWMssOS::Running Make libs in ps7_cortexa9_0/libsrc/freertos10_xilinx_v1_15/src

TRACE::2024-08-07.13:53:36::SCWMssOS::make -C ps7_cortexa9_0/libsrc/freertos10_xilinx_v1_15/src -s libs  "SHELL=/bin/sh" "COMPILER=arm-none-eabi-gcc" "ASSEMBLER=arm-
TRACE::2024-08-07.13:53:36::SCWMssOS::none-eabi-as" "ARCHIVER=arm-none-eabi-ar" "COMPILER_FLAGS=  -O2 -c" "EXTRA_COMPILER_FLAGS=-mcpu=cortex-a9 -mfpu=vfpv3 -mfloat-a
TRACE::2024-08-07.13:53:36::SCWMssOS::bi=hard -nostartfiles -g -Wall -Wextra -fno-tree-loop-distribute-patterns"

TRACE::2024-08-07.13:53:36::SCWMssOS::Running Make libs in ps7_cortexa9_0/libsrc/gpiops_v3_13/src

TRACE::2024-08-07.13:53:36::SCWMssOS::make -C ps7_cortexa9_0/libsrc/gpiops_v3_13/src -s libs  "SHELL=/bin/sh" "COMPILER=arm-none-eabi-gcc" "ASSEMBLER=arm-none-eabi-a
TRACE::2024-08-07.13:53:36::SCWMssOS::s" "ARCHIVER=arm-none-eabi-ar" "COMPILER_FLAGS=  -O2 -c" "EXTRA_COMPILER_FLAGS=-mcpu=cortex-a9 -mfpu=vfpv3 -mfloat-abi=hard -no
TRACE::2024-08-07.13:53:36::SCWMssOS::startfiles -g -Wall -Wextra -fno-tree-loop-distribute-patterns"

TRACE::2024-08-07.13:53:36::SCWMssOS::Running Make libs in ps7_cortexa9_0/libsrc/qspips_v3_12/src

TRACE::2024-08-07.13:53:36::SCWMssOS::make -C ps7_cortexa9_0/libsrc/qspips_v3_12/src -s libs  "SHELL=/bin/sh" "COMPILER=arm-none-eabi-gcc" "ASSEMBLER=arm-none-eabi-a
TRACE::2024-08-07.13:53:36::SCWMssOS::s" "ARCHIVER=arm-none-eabi-ar" "COMPILER_FLAGS=  -O2 -c" "EXTRA_COMPILER_FLAGS=-mcpu=cortex-a9 -mfpu=vfpv3 -mfloat-abi=hard -no
TRACE::2024-08-07.13:53:36::SCWMssOS::startfiles -g -Wall -Wextra -fno-tree-loop-distribute-patterns"

TRACE::2024-08-07.13:53:36::SCWMssOS::Running Make libs in ps7_cortexa9_0/libsrc/scugic_v5_3/src

TRACE::2024-08-07.13:53:36::SCWMssOS::make -C ps7_cortexa9_0/libsrc/scugic_v5_3/src -s libs  "SHELL=/bin/sh" "COMPILER=arm-none-eabi-gcc" "ASSEMBLER=arm-none-eabi-as
TRACE::2024-08-07.13:53:36::SCWMssOS::" "ARCHIVER=arm-none-eabi-ar" "COMPILER_FLAGS=  -O2 -c" "EXTRA_COMPILER_FLAGS=-mcpu=cortex-a9 -mfpu=vfpv3 -mfloat-abi=hard -nos
TRACE::2024-08-07.13:53:36::SCWMssOS::tartfiles -g -Wall -Wextra -fno-tree-loop-distribute-patterns"

TRACE::2024-08-07.13:53:36::SCWMssOS::Running Make libs in ps7_cortexa9_0/libsrc/scutimer_v2_6/src

TRACE::2024-08-07.13:53:36::SCWMssOS::make -C ps7_cortexa9_0/libsrc/scutimer_v2_6/src -s libs  "SHELL=/bin/sh" "COMPILER=arm-none-eabi-gcc" "ASSEMBLER=arm-none-eabi-
TRACE::2024-08-07.13:53:36::SCWMssOS::as" "ARCHIVER=arm-none-eabi-ar" "COMPILER_FLAGS=  -O2 -c" "EXTRA_COMPILER_FLAGS=-mcpu=cortex-a9 -mfpu=vfpv3 -mfloat-abi=hard -n
TRACE::2024-08-07.13:53:36::SCWMssOS::ostartfiles -g -Wall -Wextra -fno-tree-loop-distribute-patterns"

TRACE::2024-08-07.13:53:36::SCWMssOS::Running Make libs in ps7_cortexa9_0/libsrc/scuwdt_v2_5/src

TRACE::2024-08-07.13:53:36::SCWMssOS::make -C ps7_cortexa9_0/libsrc/scuwdt_v2_5/src -s libs  "SHELL=/bin/sh" "COMPILER=arm-none-eabi-gcc" "ASSEMBLER=arm-none-eabi-as
TRACE::2024-08-07.13:53:36::SCWMssOS::" "ARCHIVER=arm-none-eabi-ar" "COMPILER_FLAGS=  -O2 -c" "EXTRA_COMPILER_FLAGS=-mcpu=cortex-a9 -mfpu=vfpv3 -mfloat-abi=hard -nos
TRACE::2024-08-07.13:53:36::SCWMssOS::tartfiles -g -Wall -Wextra -fno-tree-loop-distribute-patterns"

TRACE::2024-08-07.13:53:37::SCWMssOS::Running Make libs in ps7_cortexa9_0/libsrc/sdps_v4_3/src

TRACE::2024-08-07.13:53:37::SCWMssOS::make -C ps7_cortexa9_0/libsrc/sdps_v4_3/src -s libs  "SHELL=/bin/sh" "COMPILER=arm-none-eabi-gcc" "ASSEMBLER=arm-none-eabi-as" 
TRACE::2024-08-07.13:53:37::SCWMssOS::"ARCHIVER=arm-none-eabi-ar" "COMPILER_FLAGS=  -O2 -c" "EXTRA_COMPILER_FLAGS=-mcpu=cortex-a9 -mfpu=vfpv3 -mfloat-abi=hard -nosta
TRACE::2024-08-07.13:53:37::SCWMssOS::rtfiles -g -Wall -Wextra -fno-tree-loop-distribute-patterns"

TRACE::2024-08-07.13:53:37::SCWMssOS::Running Make libs in ps7_cortexa9_0/libsrc/uartps_v3_14/src

TRACE::2024-08-07.13:53:37::SCWMssOS::make -C ps7_cortexa9_0/libsrc/uartps_v3_14/src -s libs  "SHELL=/bin/sh" "COMPILER=arm-none-eabi-gcc" "ASSEMBLER=arm-none-eabi-a
TRACE::2024-08-07.13:53:37::SCWMssOS::s" "ARCHIVER=arm-none-eabi-ar" "COMPILER_FLAGS=  -O2 -c" "EXTRA_COMPILER_FLAGS=-mcpu=cortex-a9 -mfpu=vfpv3 -mfloat-abi=hard -no
TRACE::2024-08-07.13:53:37::SCWMssOS::startfiles -g -Wall -Wextra -fno-tree-loop-distribute-patterns"

TRACE::2024-08-07.13:53:37::SCWMssOS::Running Make libs in ps7_cortexa9_0/libsrc/usbps_v2_9/src

TRACE::2024-08-07.13:53:37::SCWMssOS::make -C ps7_cortexa9_0/libsrc/usbps_v2_9/src -s libs  "SHELL=/bin/sh" "COMPILER=arm-none-eabi-gcc" "ASSEMBLER=arm-none-eabi-as"
TRACE::2024-08-07.13:53:37::SCWMssOS:: "ARCHIVER=arm-none-eabi-ar" "COMPILER_FLAGS=  -O2 -c" "EXTRA_COMPILER_FLAGS=-mcpu=cortex-a9 -mfpu=vfpv3 -mfloat-abi=hard -nost
TRACE::2024-08-07.13:53:37::SCWMssOS::artfiles -g -Wall -Wextra -fno-tree-loop-distribute-patterns"

TRACE::2024-08-07.13:53:37::SCWMssOS::Running Make libs in ps7_cortexa9_0/libsrc/xadcps_v2_7/src

TRACE::2024-08-07.13:53:37::SCWMssOS::make -C ps7_cortexa9_0/libsrc/xadcps_v2_7/src -s libs  "SHELL=/bin/sh" "COMPILER=arm-none-eabi-gcc" "ASSEMBLER=arm-none-eabi-as
TRACE::2024-08-07.13:53:37::SCWMssOS::" "ARCHIVER=arm-none-eabi-ar" "COMPILER_FLAGS=  -O2 -c" "EXTRA_COMPILER_FLAGS=-mcpu=cortex-a9 -mfpu=vfpv3 -mfloat-abi=hard -nos
TRACE::2024-08-07.13:53:37::SCWMssOS::tartfiles -g -Wall -Wextra -fno-tree-loop-distribute-patterns"

TRACE::2024-08-07.13:53:37::SCWMssOS::Running Make libs in ps7_cortexa9_0/libsrc/xiltimer_v2_0/src

TRACE::2024-08-07.13:53:37::SCWMssOS::make -C ps7_cortexa9_0/libsrc/xiltimer_v2_0/src -s libs  "SHELL=/bin/sh" "COMPILER=arm-none-eabi-gcc" "ASSEMBLER=arm-none-eabi-
TRACE::2024-08-07.13:53:37::SCWMssOS::as" "ARCHIVER=arm-none-eabi-ar" "COMPILER_FLAGS=  -O2 -c" "EXTRA_COMPILER_FLAGS=-mcpu=cortex-a9 -mfpu=vfpv3 -mfloat-abi=hard -n
TRACE::2024-08-07.13:53:37::SCWMssOS::ostartfiles -g -Wall -Wextra -fno-tree-loop-distribute-patterns"

TRACE::2024-08-07.13:53:37::SCWMssOS::Compiling xiltimer Library

TRACE::2024-08-07.13:53:37::SCWMssOS::Finished building libraries parallelly.

TRACE::2024-08-07.13:53:37::SCWMssOS::make --no-print-directory archive

TRACE::2024-08-07.13:53:37::SCWMssOS::arm-none-eabi-ar -r  ps7_cortexa9_0/lib/libxil.a ps7_cortexa9_0/lib/_exit.o ps7_cortexa9_0/lib/_open.o ps7_cortexa9_0/lib/_sbrk
TRACE::2024-08-07.13:53:37::SCWMssOS::.o ps7_cortexa9_0/lib/abort.o ps7_cortexa9_0/lib/boot.o ps7_cortexa9_0/lib/close.o ps7_cortexa9_0/lib/cpputest_time.o ps7_corte
TRACE::2024-08-07.13:53:37::SCWMssOS::xa9_0/lib/cpu_init.o ps7_cortexa9_0/lib/errno.o ps7_cortexa9_0/lib/fcntl.o ps7_cortexa9_0/lib/fstat.o ps7_cortexa9_0/lib/getent
TRACE::2024-08-07.13:53:37::SCWMssOS::ropy.o ps7_cortexa9_0/lib/getpid.o ps7_cortexa9_0/lib/inbyte.o ps7_cortexa9_0/lib/isatty.o ps7_cortexa9_0/lib/kill.o ps7_cortex
TRACE::2024-08-07.13:53:37::SCWMssOS::a9_0/lib/lseek.o ps7_cortexa9_0/lib/open.o ps7_cortexa9_0/lib/outbyte.o ps7_cortexa9_0/lib/print.o ps7_cortexa9_0/lib/putnum.o 
TRACE::2024-08-07.13:53:37::SCWMssOS::ps7_cortexa9_0/lib/read.o ps7_cortexa9_0/lib/sbrk.o ps7_cortexa9_0/lib/time.o ps7_cortexa9_0/lib/translation_table.o ps7_cortex
TRACE::2024-08-07.13:53:37::SCWMssOS::a9_0/lib/unlink.o ps7_cortexa9_0/lib/vectors.o ps7_cortexa9_0/lib/write.o ps7_cortexa9_0/lib/xadcps.o ps7_cortexa9_0/lib/xadcps
TRACE::2024-08-07.13:53:37::SCWMssOS::_g.o ps7_cortexa9_0/lib/xadcps_intr.o ps7_cortexa9_0/lib/xadcps_selftest.o ps7_cortexa9_0/lib/xadcps_sinit.o ps7_cortexa9_0/lib
TRACE::2024-08-07.13:53:37::SCWMssOS::/xbram.o ps7_cortexa9_0/lib/xbram_g.o ps7_cortexa9_0/lib/xbram_intr.o ps7_cortexa9_0/lib/xbram_selftest.o ps7_cortexa9_0/lib/xb
TRACE::2024-08-07.13:53:37::SCWMssOS::ram_sinit.o ps7_cortexa9_0/lib/xcoresightpsdcc.o ps7_cortexa9_0/lib/xdevcfg.o ps7_cortexa9_0/lib/xdevcfg_g.o ps7_cortexa9_0/lib
TRACE::2024-08-07.13:53:37::SCWMssOS::/xdevcfg_hw.o ps7_cortexa9_0/lib/xdevcfg_intr.o ps7_cortexa9_0/lib/xdevcfg_selftest.o ps7_cortexa9_0/lib/xdevcfg_sinit.o ps7_co
TRACE::2024-08-07.13:53:37::SCWMssOS::rtexa9_0/lib/xdmaps.o ps7_cortexa9_0/lib/xdmaps_g.o ps7_cortexa9_0/lib/xdmaps_hw.o ps7_cortexa9_0/lib/xdmaps_selftest.o ps7_cor
TRACE::2024-08-07.13:53:37::SCWMssOS::texa9_0/lib/xdmaps_sinit.o ps7_cortexa9_0/lib/xemacps.o ps7_cortexa9_0/lib/xemacps_bdring.o ps7_cortexa9_0/lib/xemacps_control.
TRACE::2024-08-07.13:53:37::SCWMssOS::o ps7_cortexa9_0/lib/xemacps_g.o ps7_cortexa9_0/lib/xemacps_hw.o ps7_cortexa9_0/lib/xemacps_intr.o ps7_cortexa9_0/lib/xemacps_s
TRACE::2024-08-07.13:53:37::SCWMssOS::init.o ps7_cortexa9_0/lib/xgpiops.o ps7_cortexa9_0/lib/xgpiops_g.o ps7_cortexa9_0/lib/xgpiops_hw.o ps7_cortexa9_0/lib/xgpiops_i
TRACE::2024-08-07.13:53:37::SCWMssOS::ntr.o ps7_cortexa9_0/lib/xgpiops_selftest.o ps7_cortexa9_0/lib/xgpiops_sinit.o ps7_cortexa9_0/lib/xil-crt0.o ps7_cortexa9_0/lib
TRACE::2024-08-07.13:53:37::SCWMssOS::/xil_assert.o ps7_cortexa9_0/lib/xil_cache.o ps7_cortexa9_0/lib/xil_clocking.o ps7_cortexa9_0/lib/xil_exception.o ps7_cortexa9_
TRACE::2024-08-07.13:53:37::SCWMssOS::0/lib/xil_mem.o ps7_cortexa9_0/lib/xil_misc_psreset_api.o ps7_cortexa9_0/lib/xil_mmu.o ps7_cortexa9_0/lib/xil_printf.o ps7_cort
TRACE::2024-08-07.13:53:37::SCWMssOS::exa9_0/lib/xil_spinlock.o ps7_cortexa9_0/lib/xil_testcache.o ps7_cortexa9_0/lib/xil_testio.o ps7_cortexa9_0/lib/xil_testmem.o p
TRACE::2024-08-07.13:53:37::SCWMssOS::s7_cortexa9_0/lib/xil_util.o ps7_cortexa9_0/lib/xinterrupt_wrap.o ps7_cortexa9_0/lib/xl2cc_counter.o ps7_cortexa9_0/lib/xplatfo
TRACE::2024-08-07.13:53:37::SCWMssOS::rm_info.o ps7_cortexa9_0/lib/xpm_counter.o ps7_cortexa9_0/lib/xpm_init.o ps7_cortexa9_0/lib/xqspips.o ps7_cortexa9_0/lib/xqspip
TRACE::2024-08-07.13:53:37::SCWMssOS::s_g.o ps7_cortexa9_0/lib/xqspips_hw.o ps7_cortexa9_0/lib/xqspips_options.o ps7_cortexa9_0/lib/xqspips_selftest.o ps7_cortexa9_0
TRACE::2024-08-07.13:53:37::SCWMssOS::/lib/xqspips_sinit.o ps7_cortexa9_0/lib/xscugic.o ps7_cortexa9_0/lib/xscugic_g.o ps7_cortexa9_0/lib/xscugic_hw.o ps7_cortexa9_0
TRACE::2024-08-07.13:53:37::SCWMssOS::/lib/xscugic_intr.o ps7_cortexa9_0/lib/xscugic_selftest.o ps7_cortexa9_0/lib/xscugic_sinit.o ps7_cortexa9_0/lib/xscutimer.o ps7
TRACE::2024-08-07.13:53:37::SCWMssOS::_cortexa9_0/lib/xscutimer_g.o ps7_cortexa9_0/lib/xscutimer_selftest.o ps7_cortexa9_0/lib/xscutimer_sinit.o ps7_cortexa9_0/lib/x
TRACE::2024-08-07.13:53:37::SCWMssOS::scuwdt.o ps7_cortexa9_0/lib/xscuwdt_g.o ps7_cortexa9_0/lib/xscuwdt_selftest.o ps7_cortexa9_0/lib/xscuwdt_sinit.o ps7_cortexa9_0
TRACE::2024-08-07.13:53:37::SCWMssOS::/lib/xsdps.o ps7_cortexa9_0/lib/xsdps_card.o ps7_cortexa9_0/lib/xsdps_g.o ps7_cortexa9_0/lib/xsdps_host.o ps7_cortexa9_0/lib/xs
TRACE::2024-08-07.13:53:37::SCWMssOS::dps_options.o ps7_cortexa9_0/lib/xsdps_sinit.o ps7_cortexa9_0/lib/xuartps.o ps7_cortexa9_0/lib/xuartps_g.o ps7_cortexa9_0/lib/x
TRACE::2024-08-07.13:53:37::SCWMssOS::uartps_hw.o ps7_cortexa9_0/lib/xuartps_intr.o ps7_cortexa9_0/lib/xuartps_options.o ps7_cortexa9_0/lib/xuartps_selftest.o ps7_co
TRACE::2024-08-07.13:53:37::SCWMssOS::rtexa9_0/lib/xuartps_sinit.o ps7_cortexa9_0/lib/xusbps.o ps7_cortexa9_0/lib/xusbps_endpoint.o ps7_cortexa9_0/lib/xusbps_g.o ps7
TRACE::2024-08-07.13:53:37::SCWMssOS::_cortexa9_0/lib/xusbps_hw.o ps7_cortexa9_0/lib/xusbps_intr.o ps7_cortexa9_0/lib/xusbps_sinit.o

TRACE::2024-08-07.13:53:37::SCWMssOS::Finished building libraries

TRACE::2024-08-07.13:53:37::SCWMssOS::Copying to export directory.
TRACE::2024-08-07.13:53:37::SCWMssOS:: Checking if to create the Supporting Applications
TRACE::2024-08-07.13:53:37::SCWMssOS:: No Linux domain exists, trying to generate FSBL 
LOG::2024-08-07.13:53:37::SCWSystem::Completed Processing the domain freertos10_xilinx_ps7_cortexa9_0
LOG::2024-08-07.13:53:37::SCWSystem::Completed Processing the sysconfig pynq_z2_bram_wrapper
LOG::2024-08-07.13:53:37::SCWPlatform::Completed generating the artifacts for system configuration pynq_z2_bram_wrapper
TRACE::2024-08-07.13:53:37::SCWPlatform::Started preparing the platform 
TRACE::2024-08-07.13:53:37::SCWSystem::Writing the bif file for system config pynq_z2_bram_wrapper
TRACE::2024-08-07.13:53:37::SCWSystem::dir created 
TRACE::2024-08-07.13:53:37::SCWSystem::Writing the bif 
TRACE::2024-08-07.13:53:37::SCWPlatform::Started writing the spfm file 
TRACE::2024-08-07.13:53:37::SCWPlatform::Started writing the xpfm file 
TRACE::2024-08-07.13:53:37::SCWPlatform::Completed generating the platform
TRACE::2024-08-07.13:53:37::SCWMssOS::Saving the mss changes /home/kike/Desktop/marvin/marvin/pynq_z2_bram_wrapper/zynq_fsbl/zynq_fsbl_bsp/system.mss
TRACE::2024-08-07.13:53:37::SCWMssOS::Found a swdesign opened with the mssfile.
TRACE::2024-08-07.13:53:37::SCWMssOS::Completed writemss as part of save.
TRACE::2024-08-07.13:53:37::SCWMssOS::Commit changes completed.
TRACE::2024-08-07.13:53:37::SCWMssOS::Saving the mss changes /home/kike/Desktop/marvin/marvin/pynq_z2_bram_wrapper/ps7_cortexa9_0/freertos10_xilinx_ps7_cortexa9_0/bsp/system.mss
TRACE::2024-08-07.13:53:37::SCWMssOS::Found a swdesign opened with the mssfile.
TRACE::2024-08-07.13:53:37::SCWMssOS::Completed writemss as part of save.
TRACE::2024-08-07.13:53:37::SCWMssOS::Commit changes completed.
TRACE::2024-08-07.13:53:37::SCWPlatform::Trying to open the hw design at /home/kike/Desktop/marvin/marvin/pynq_z2_bram_wrapper/hw/pynq_z2_bram_wrapper.xsa
TRACE::2024-08-07.13:53:37::SCWPlatform::DSA given /home/kike/Desktop/marvin/marvin/pynq_z2_bram_wrapper/hw/pynq_z2_bram_wrapper.xsa
TRACE::2024-08-07.13:53:37::SCWPlatform::DSA absoulate path /home/kike/Desktop/marvin/marvin/pynq_z2_bram_wrapper/hw/pynq_z2_bram_wrapper.xsa
TRACE::2024-08-07.13:53:37::SCWPlatform::DSA directory /home/kike/Desktop/marvin/marvin/pynq_z2_bram_wrapper/hw
TRACE::2024-08-07.13:53:37::SCWPlatform:: Platform Path /home/kike/Desktop/marvin/marvin/pynq_z2_bram_wrapper/hw/pynq_z2_bram_wrapper.xsa
TRACE::2024-08-07.13:53:37::SCWPlatform:: Unique name xilinx:pynq-z2::0.0
TRACE::2024-08-07.13:53:37::SCWPlatform::Trying to set the existing hwdb with name pynq_z2_bram_wrapper_1
TRACE::2024-08-07.13:53:37::SCWPlatform::Opened existing hwdb pynq_z2_bram_wrapper_1
TRACE::2024-08-07.13:53:37::SCWPlatform::Found the Hw Db part of the input DSA
TRACE::2024-08-07.13:53:37::SCWMssOS::Checking the sw design at  /home/kike/Desktop/marvin/marvin/pynq_z2_bram_wrapper/zynq_fsbl/zynq_fsbl_bsp/system.mss
TRACE::2024-08-07.13:53:37::SCWMssOS::DEBUG:  swdes dump  /home/kike/Desktop/marvin/marvin/pynq_z2_bram_wrapper/ps7_cortexa9_0/freertos10_xilinx_ps7_cortexa9_0/bsp/system.mss|system_0||
/home/kike/Desktop/marvin/marvin/pynq_z2_bram_wrapper/zynq_fsbl/zynq_fsbl_bsp/system.mss|system||

TRACE::2024-08-07.13:53:37::SCWMssOS::Sw design exists and opened at  /home/kike/Desktop/marvin/marvin/pynq_z2_bram_wrapper/zynq_fsbl/zynq_fsbl_bsp/system.mss
TRACE::2024-08-07.13:53:37::SCWPlatform::Trying to open the hw design at /home/kike/Desktop/marvin/marvin/pynq_z2_bram_wrapper/hw/pynq_z2_bram_wrapper.xsa
TRACE::2024-08-07.13:53:37::SCWPlatform::DSA given /home/kike/Desktop/marvin/marvin/pynq_z2_bram_wrapper/hw/pynq_z2_bram_wrapper.xsa
TRACE::2024-08-07.13:53:37::SCWPlatform::DSA absoulate path /home/kike/Desktop/marvin/marvin/pynq_z2_bram_wrapper/hw/pynq_z2_bram_wrapper.xsa
TRACE::2024-08-07.13:53:37::SCWPlatform::DSA directory /home/kike/Desktop/marvin/marvin/pynq_z2_bram_wrapper/hw
TRACE::2024-08-07.13:53:37::SCWPlatform:: Platform Path /home/kike/Desktop/marvin/marvin/pynq_z2_bram_wrapper/hw/pynq_z2_bram_wrapper.xsa
TRACE::2024-08-07.13:53:37::SCWPlatform:: Unique name xilinx:pynq-z2::0.0
TRACE::2024-08-07.13:53:37::SCWPlatform::Trying to set the existing hwdb with name pynq_z2_bram_wrapper_1
TRACE::2024-08-07.13:53:37::SCWPlatform::Opened existing hwdb pynq_z2_bram_wrapper_1
TRACE::2024-08-07.13:53:37::SCWPlatform::Found the Hw Db part of the input DSA
TRACE::2024-08-07.13:53:37::SCWMssOS::Checking the sw design at  /home/kike/Desktop/marvin/marvin/pynq_z2_bram_wrapper/ps7_cortexa9_0/freertos10_xilinx_ps7_cortexa9_0/bsp/system.mss
TRACE::2024-08-07.13:53:37::SCWMssOS::DEBUG:  swdes dump  /home/kike/Desktop/marvin/marvin/pynq_z2_bram_wrapper/ps7_cortexa9_0/freertos10_xilinx_ps7_cortexa9_0/bsp/system.mss|system_0||
/home/kike/Desktop/marvin/marvin/pynq_z2_bram_wrapper/zynq_fsbl/zynq_fsbl_bsp/system.mss|system||

TRACE::2024-08-07.13:53:37::SCWMssOS::Sw design exists and opened at  /home/kike/Desktop/marvin/marvin/pynq_z2_bram_wrapper/ps7_cortexa9_0/freertos10_xilinx_ps7_cortexa9_0/bsp/system.mss
TRACE::2024-08-07.13:53:37::SCWWriter::formatted JSON is {
	"platformName":	"pynq_z2_bram_wrapper",
	"sprVersion":	"2.0",
	"mode":	"gui",
	"dsaType":	"Fixed",
	"platformDesc":	"pynq_z2_bram_wrapper",
	"platHandOff":	"/home/kike/Desktop/marvin/vivado_project/pynq_z2_bram/pynq_z2_bram_wrapper.xsa",
	"platIntHandOff":	"<platformDir>/hw/pynq_z2_bram_wrapper.xsa",
	"deviceType":	"zynq",
	"platIsPrebuiltAutogen":	"false",
	"platIsNoBootBsp":	"false",
	"hasFsblMakeHasChanges":	"false",
	"hasPmufwMakeHasChanges":	"false",
	"fsblExtraCompilerFlags":	"-MMD -MP       -mcpu=cortex-a9 -mfpu=vfpv3 -mfloat-abi=hard ",
	"platPreBuiltFlag":	false,
	"platformSamplesDir":	"",
	"platActiveSys":	"pynq_z2_bram_wrapper",
	"systems":	[{
			"systemName":	"pynq_z2_bram_wrapper",
			"systemDesc":	"pynq_z2_bram_wrapper",
			"sysIsBootAutoGen":	"true",
			"systemDispName":	"pynq_z2_bram_wrapper",
			"sysActiveDom":	"freertos10_xilinx_ps7_cortexa9_0",
			"sysDefaultDom":	"freertos10_xilinx_ps7_cortexa9_0",
			"domains":	[{
					"domainName":	"zynq_fsbl",
					"domainDispName":	"zynq_fsbl",
					"domainDesc":	"FSBL Application BSP - Auto Generated.",
					"processors":	"ps7_cortexa9_0",
					"os":	"standalone",
					"sdxOs":	"standalone",
					"debugEnable":	"",
					"domRuntimes":	["cpp"],
					"swRepo":	"",
					"mssOsVer":	"9.1",
					"mssFile":	"",
					"md5Digest":	"409d1989a24d76fe76b05e785092fa28",
					"compatibleApp":	"zynq_fsbl",
					"domType":	"bootDomain",
					"arch":	"32-bit",
					"appSettings":	{
						"appCompilerFlags":	"",
						"appLinkerFlags":	""
					},
					"addedLibs":	["xilffs:5.2", "xilrsa:1.8"],
					"libOptions":	{
						"libsContainingOptions":	[]
					},
					"prebuiltLibs":	{
						"prebuiltIncPath":	[],
						"prebuiltLibPath":	[]
					},
					"isolation":	{
					}
				}, {
					"domainName":	"freertos10_xilinx_ps7_cortexa9_0",
					"domainDispName":	"freertos10_xilinx_ps7_cortexa9_0",
					"domainDesc":	"freertos10_xilinx_ps7_cortexa9_0",
					"processors":	"ps7_cortexa9_0",
					"os":	"freertos10_xilinx",
					"sdxOs":	"freertos10_xilinx",
					"qemuArgs":	"<platformDir>/resources/pynq_z2_bram_wrapper/freertos10_xilinx_ps7_cortexa9_0/qemu_args.txt",
					"qemuData":	"<platformDir>/resources/pynq_z2_bram_wrapper/freertos10_xilinx_ps7_cortexa9_0/qemu",
					"debugEnable":	"False",
					"domRuntimes":	["cpp"],
					"swRepo":	"",
					"mssOsVer":	"1.15",
					"mssFile":	"",
					"md5Digest":	"b16b094303b8a18353b8c330524e5d8f",
					"compatibleApp":	"",
					"domType":	"mssDomain",
					"arch":	"32-bit",
					"appSettings":	{
						"appCompilerFlags":	"",
						"appLinkerFlags":	""
					},
					"addedLibs":	["xiltimer:2.0"],
					"libOptions":	{
						"freertos10_xilinx":	{
							"xil_interrupt":	"true",
							"libOptionNames":	["xil_interrupt"]
						},
						"xiltimer":	{
							"en_interval_timer":	"true",
							"libOptionNames":	["en_interval_timer"]
						},
						"libsContainingOptions":	["freertos10_xilinx", "xiltimer"]
					},
					"prebuiltLibs":	{
						"prebuiltIncPath":	[],
						"prebuiltLibPath":	[]
					},
					"isolation":	{
					}
				}]
		}]
}
KEYINFO::2024-08-07.13:53:37::SCWPlatform::updated the xpfm file.
TRACE::2024-08-07.13:53:38::SCWPlatform::Trying to open the hw design at /home/kike/Desktop/marvin/marvin/pynq_z2_bram_wrapper/hw/pynq_z2_bram_wrapper.xsa
TRACE::2024-08-07.13:53:38::SCWPlatform::DSA given /home/kike/Desktop/marvin/marvin/pynq_z2_bram_wrapper/hw/pynq_z2_bram_wrapper.xsa
TRACE::2024-08-07.13:53:38::SCWPlatform::DSA absoulate path /home/kike/Desktop/marvin/marvin/pynq_z2_bram_wrapper/hw/pynq_z2_bram_wrapper.xsa
TRACE::2024-08-07.13:53:38::SCWPlatform::DSA directory /home/kike/Desktop/marvin/marvin/pynq_z2_bram_wrapper/hw
TRACE::2024-08-07.13:53:38::SCWPlatform:: Platform Path /home/kike/Desktop/marvin/marvin/pynq_z2_bram_wrapper/hw/pynq_z2_bram_wrapper.xsa
TRACE::2024-08-07.13:53:38::SCWPlatform:: Unique name xilinx:pynq-z2::0.0
TRACE::2024-08-07.13:53:38::SCWPlatform::Trying to set the existing hwdb with name pynq_z2_bram_wrapper_1
TRACE::2024-08-07.13:53:38::SCWPlatform::Opened existing hwdb pynq_z2_bram_wrapper_1
TRACE::2024-08-07.13:53:38::SCWPlatform::Found the Hw Db part of the input DSA
TRACE::2024-08-07.13:53:38::SCWMssOS::Checking the sw design at  /home/kike/Desktop/marvin/marvin/pynq_z2_bram_wrapper/ps7_cortexa9_0/freertos10_xilinx_ps7_cortexa9_0/bsp/system.mss
TRACE::2024-08-07.13:53:38::SCWMssOS::DEBUG:  swdes dump  /home/kike/Desktop/marvin/marvin/pynq_z2_bram_wrapper/ps7_cortexa9_0/freertos10_xilinx_ps7_cortexa9_0/bsp/system.mss|system_0||
/home/kike/Desktop/marvin/marvin/pynq_z2_bram_wrapper/zynq_fsbl/zynq_fsbl_bsp/system.mss|system||

TRACE::2024-08-07.13:53:38::SCWMssOS::Sw design exists and opened at  /home/kike/Desktop/marvin/marvin/pynq_z2_bram_wrapper/ps7_cortexa9_0/freertos10_xilinx_ps7_cortexa9_0/bsp/system.mss
TRACE::2024-08-07.14:52:30::SCWPlatform::Trying to open the hw design at /home/kike/Desktop/marvin/marvin/pynq_z2_bram_wrapper/hw/pynq_z2_bram_wrapper.xsa
TRACE::2024-08-07.14:52:30::SCWPlatform::DSA given /home/kike/Desktop/marvin/marvin/pynq_z2_bram_wrapper/hw/pynq_z2_bram_wrapper.xsa
TRACE::2024-08-07.14:52:30::SCWPlatform::DSA absoulate path /home/kike/Desktop/marvin/marvin/pynq_z2_bram_wrapper/hw/pynq_z2_bram_wrapper.xsa
TRACE::2024-08-07.14:52:30::SCWPlatform::DSA directory /home/kike/Desktop/marvin/marvin/pynq_z2_bram_wrapper/hw
TRACE::2024-08-07.14:52:30::SCWPlatform:: Platform Path /home/kike/Desktop/marvin/marvin/pynq_z2_bram_wrapper/hw/pynq_z2_bram_wrapper.xsa
TRACE::2024-08-07.14:52:30::SCWPlatform:: Unique name xilinx:pynq-z2::0.0
TRACE::2024-08-07.14:52:30::SCWPlatform::Do not have an existing db opened. 
TRACE::2024-08-07.14:52:31::SCWPlatform::Opened new HwDB with name pynq_z2_bram_wrapper
TRACE::2024-08-07.14:52:31::SCWReader::Active system found as  pynq_z2_bram_wrapper
TRACE::2024-08-07.14:52:31::SCWReader::Handling sysconfig pynq_z2_bram_wrapper
TRACE::2024-08-07.14:52:31::SCWDomain::checking for install qemu data   : 
TRACE::2024-08-07.14:52:31::SCWDomain:: Using the QEMU Data from install at  : /tools/Xilinx/Vitis/2024.1/data/emulation/platforms/zynq/sw/a9_standalone/qemu/
TRACE::2024-08-07.14:52:31::SCWDomain:: Using the QEMU args  from install at  : /tools/Xilinx/Vitis/2024.1/data/emulation/platforms/zynq/sw/a9_standalone/qemu/qemu_args.txt
TRACE::2024-08-07.14:52:31::SCWPlatform::Trying to open the hw design at /home/kike/Desktop/marvin/marvin/pynq_z2_bram_wrapper/hw/pynq_z2_bram_wrapper.xsa
TRACE::2024-08-07.14:52:31::SCWPlatform::DSA given /home/kike/Desktop/marvin/marvin/pynq_z2_bram_wrapper/hw/pynq_z2_bram_wrapper.xsa
TRACE::2024-08-07.14:52:31::SCWPlatform::DSA absoulate path /home/kike/Desktop/marvin/marvin/pynq_z2_bram_wrapper/hw/pynq_z2_bram_wrapper.xsa
TRACE::2024-08-07.14:52:31::SCWPlatform::DSA directory /home/kike/Desktop/marvin/marvin/pynq_z2_bram_wrapper/hw
TRACE::2024-08-07.14:52:31::SCWPlatform:: Platform Path /home/kike/Desktop/marvin/marvin/pynq_z2_bram_wrapper/hw/pynq_z2_bram_wrapper.xsa
TRACE::2024-08-07.14:52:31::SCWPlatform:: Unique name xilinx:pynq-z2::0.0
TRACE::2024-08-07.14:52:31::SCWPlatform::Trying to set the existing hwdb with name pynq_z2_bram_wrapper
TRACE::2024-08-07.14:52:31::SCWPlatform::Opened existing hwdb pynq_z2_bram_wrapper
TRACE::2024-08-07.14:52:31::SCWPlatform::Found the Hw Db part of the input DSA
TRACE::2024-08-07.14:52:31::SCWPlatform::Trying to open the hw design at /home/kike/Desktop/marvin/marvin/pynq_z2_bram_wrapper/hw/pynq_z2_bram_wrapper.xsa
TRACE::2024-08-07.14:52:31::SCWPlatform::DSA given /home/kike/Desktop/marvin/marvin/pynq_z2_bram_wrapper/hw/pynq_z2_bram_wrapper.xsa
TRACE::2024-08-07.14:52:31::SCWPlatform::DSA absoulate path /home/kike/Desktop/marvin/marvin/pynq_z2_bram_wrapper/hw/pynq_z2_bram_wrapper.xsa
TRACE::2024-08-07.14:52:31::SCWPlatform::DSA directory /home/kike/Desktop/marvin/marvin/pynq_z2_bram_wrapper/hw
TRACE::2024-08-07.14:52:31::SCWPlatform:: Platform Path /home/kike/Desktop/marvin/marvin/pynq_z2_bram_wrapper/hw/pynq_z2_bram_wrapper.xsa
TRACE::2024-08-07.14:52:31::SCWPlatform:: Unique name xilinx:pynq-z2::0.0
TRACE::2024-08-07.14:52:31::SCWPlatform::Trying to set the existing hwdb with name pynq_z2_bram_wrapper
TRACE::2024-08-07.14:52:31::SCWPlatform::Opened existing hwdb pynq_z2_bram_wrapper
TRACE::2024-08-07.14:52:31::SCWPlatform::Found the Hw Db part of the input DSA
TRACE::2024-08-07.14:52:31::SCWPlatform::Trying to open the hw design at /home/kike/Desktop/marvin/marvin/pynq_z2_bram_wrapper/hw/pynq_z2_bram_wrapper.xsa
TRACE::2024-08-07.14:52:31::SCWPlatform::DSA given /home/kike/Desktop/marvin/marvin/pynq_z2_bram_wrapper/hw/pynq_z2_bram_wrapper.xsa
TRACE::2024-08-07.14:52:31::SCWPlatform::DSA absoulate path /home/kike/Desktop/marvin/marvin/pynq_z2_bram_wrapper/hw/pynq_z2_bram_wrapper.xsa
TRACE::2024-08-07.14:52:31::SCWPlatform::DSA directory /home/kike/Desktop/marvin/marvin/pynq_z2_bram_wrapper/hw
TRACE::2024-08-07.14:52:31::SCWPlatform:: Platform Path /home/kike/Desktop/marvin/marvin/pynq_z2_bram_wrapper/hw/pynq_z2_bram_wrapper.xsa
TRACE::2024-08-07.14:52:31::SCWPlatform:: Unique name xilinx:pynq-z2::0.0
TRACE::2024-08-07.14:52:31::SCWPlatform::Trying to set the existing hwdb with name pynq_z2_bram_wrapper
TRACE::2024-08-07.14:52:31::SCWPlatform::Opened existing hwdb pynq_z2_bram_wrapper
TRACE::2024-08-07.14:52:31::SCWPlatform::Found the Hw Db part of the input DSA
TRACE::2024-08-07.14:52:31::SCWReader::Boot application domain added for zynq_fsbl
TRACE::2024-08-07.14:52:31::SCWPlatform::Trying to open the hw design at /home/kike/Desktop/marvin/marvin/pynq_z2_bram_wrapper/hw/pynq_z2_bram_wrapper.xsa
TRACE::2024-08-07.14:52:31::SCWPlatform::DSA given /home/kike/Desktop/marvin/marvin/pynq_z2_bram_wrapper/hw/pynq_z2_bram_wrapper.xsa
TRACE::2024-08-07.14:52:31::SCWPlatform::DSA absoulate path /home/kike/Desktop/marvin/marvin/pynq_z2_bram_wrapper/hw/pynq_z2_bram_wrapper.xsa
TRACE::2024-08-07.14:52:31::SCWPlatform::DSA directory /home/kike/Desktop/marvin/marvin/pynq_z2_bram_wrapper/hw
TRACE::2024-08-07.14:52:31::SCWPlatform:: Platform Path /home/kike/Desktop/marvin/marvin/pynq_z2_bram_wrapper/hw/pynq_z2_bram_wrapper.xsa
TRACE::2024-08-07.14:52:31::SCWPlatform:: Unique name xilinx:pynq-z2::0.0
TRACE::2024-08-07.14:52:31::SCWPlatform::Trying to set the existing hwdb with name pynq_z2_bram_wrapper
TRACE::2024-08-07.14:52:31::SCWPlatform::Opened existing hwdb pynq_z2_bram_wrapper
TRACE::2024-08-07.14:52:31::SCWPlatform::Found the Hw Db part of the input DSA
TRACE::2024-08-07.14:52:31::SCWMssOS::Checking the sw design at  /home/kike/Desktop/marvin/marvin/pynq_z2_bram_wrapper/zynq_fsbl/zynq_fsbl_bsp/system.mss
TRACE::2024-08-07.14:52:31::SCWMssOS::DEBUG:  swdes dump  
TRACE::2024-08-07.14:52:31::SCWMssOS::No sw design opened at  /home/kike/Desktop/marvin/marvin/pynq_z2_bram_wrapper/zynq_fsbl/zynq_fsbl_bsp/system.mss
TRACE::2024-08-07.14:52:31::SCWMssOS::mss exists loading the mss file  /home/kike/Desktop/marvin/marvin/pynq_z2_bram_wrapper/zynq_fsbl/zynq_fsbl_bsp/system.mss
TRACE::2024-08-07.14:52:31::SCWMssOS::Opened the sw design from mss  /home/kike/Desktop/marvin/marvin/pynq_z2_bram_wrapper/zynq_fsbl/zynq_fsbl_bsp/system.mss
TRACE::2024-08-07.14:52:31::SCWMssOS::Adding the swdes entry /home/kike/Desktop/marvin/marvin/pynq_z2_bram_wrapper/zynq_fsbl/zynq_fsbl_bsp/system.mss with des name system
TRACE::2024-08-07.14:52:31::SCWMssOS::updating the scw layer about changes
TRACE::2024-08-07.14:52:31::SCWMssOS::Opened the sw design.  /home/kike/Desktop/marvin/marvin/pynq_z2_bram_wrapper/zynq_fsbl/zynq_fsbl_bsp/system.mss
TRACE::2024-08-07.14:52:31::SCWPlatform::Trying to open the hw design at /home/kike/Desktop/marvin/marvin/pynq_z2_bram_wrapper/hw/pynq_z2_bram_wrapper.xsa
TRACE::2024-08-07.14:52:31::SCWPlatform::DSA given /home/kike/Desktop/marvin/marvin/pynq_z2_bram_wrapper/hw/pynq_z2_bram_wrapper.xsa
TRACE::2024-08-07.14:52:31::SCWPlatform::DSA absoulate path /home/kike/Desktop/marvin/marvin/pynq_z2_bram_wrapper/hw/pynq_z2_bram_wrapper.xsa
TRACE::2024-08-07.14:52:31::SCWPlatform::DSA directory /home/kike/Desktop/marvin/marvin/pynq_z2_bram_wrapper/hw
TRACE::2024-08-07.14:52:31::SCWPlatform:: Platform Path /home/kike/Desktop/marvin/marvin/pynq_z2_bram_wrapper/hw/pynq_z2_bram_wrapper.xsa
TRACE::2024-08-07.14:52:31::SCWPlatform:: Unique name xilinx:pynq-z2::0.0
TRACE::2024-08-07.14:52:31::SCWPlatform::Trying to set the existing hwdb with name pynq_z2_bram_wrapper
TRACE::2024-08-07.14:52:31::SCWPlatform::Opened existing hwdb pynq_z2_bram_wrapper
TRACE::2024-08-07.14:52:31::SCWPlatform::Found the Hw Db part of the input DSA
TRACE::2024-08-07.14:52:31::SCWMssOS::Checking the sw design at  /home/kike/Desktop/marvin/marvin/pynq_z2_bram_wrapper/zynq_fsbl/zynq_fsbl_bsp/system.mss
TRACE::2024-08-07.14:52:31::SCWMssOS::DEBUG:  swdes dump  /home/kike/Desktop/marvin/marvin/pynq_z2_bram_wrapper/zynq_fsbl/zynq_fsbl_bsp/system.mss|system||

TRACE::2024-08-07.14:52:31::SCWMssOS::Sw design exists and opened at  /home/kike/Desktop/marvin/marvin/pynq_z2_bram_wrapper/zynq_fsbl/zynq_fsbl_bsp/system.mss
TRACE::2024-08-07.14:52:31::SCWMssOS:: library already available in sw design:  xilffs:5.2
TRACE::2024-08-07.14:52:31::SCWPlatform::Trying to open the hw design at /home/kike/Desktop/marvin/marvin/pynq_z2_bram_wrapper/hw/pynq_z2_bram_wrapper.xsa
TRACE::2024-08-07.14:52:31::SCWPlatform::DSA given /home/kike/Desktop/marvin/marvin/pynq_z2_bram_wrapper/hw/pynq_z2_bram_wrapper.xsa
TRACE::2024-08-07.14:52:31::SCWPlatform::DSA absoulate path /home/kike/Desktop/marvin/marvin/pynq_z2_bram_wrapper/hw/pynq_z2_bram_wrapper.xsa
TRACE::2024-08-07.14:52:31::SCWPlatform::DSA directory /home/kike/Desktop/marvin/marvin/pynq_z2_bram_wrapper/hw
TRACE::2024-08-07.14:52:31::SCWPlatform:: Platform Path /home/kike/Desktop/marvin/marvin/pynq_z2_bram_wrapper/hw/pynq_z2_bram_wrapper.xsa
TRACE::2024-08-07.14:52:31::SCWPlatform:: Unique name xilinx:pynq-z2::0.0
TRACE::2024-08-07.14:52:31::SCWPlatform::Trying to set the existing hwdb with name pynq_z2_bram_wrapper
TRACE::2024-08-07.14:52:31::SCWPlatform::Opened existing hwdb pynq_z2_bram_wrapper
TRACE::2024-08-07.14:52:31::SCWPlatform::Found the Hw Db part of the input DSA
TRACE::2024-08-07.14:52:31::SCWMssOS::Checking the sw design at  /home/kike/Desktop/marvin/marvin/pynq_z2_bram_wrapper/zynq_fsbl/zynq_fsbl_bsp/system.mss
TRACE::2024-08-07.14:52:31::SCWMssOS::DEBUG:  swdes dump  /home/kike/Desktop/marvin/marvin/pynq_z2_bram_wrapper/zynq_fsbl/zynq_fsbl_bsp/system.mss|system||

TRACE::2024-08-07.14:52:31::SCWMssOS::Sw design exists and opened at  /home/kike/Desktop/marvin/marvin/pynq_z2_bram_wrapper/zynq_fsbl/zynq_fsbl_bsp/system.mss
TRACE::2024-08-07.14:52:31::SCWMssOS:: library already available in sw design:  xilrsa:1.8
TRACE::2024-08-07.14:52:31::SCWMssOS::Saving the mss changes /home/kike/Desktop/marvin/marvin/pynq_z2_bram_wrapper/zynq_fsbl/zynq_fsbl_bsp/system.mss
TRACE::2024-08-07.14:52:31::SCWMssOS::Found a swdesign opened with the mssfile.
TRACE::2024-08-07.14:52:31::SCWMssOS::Completed writemss as part of save.
TRACE::2024-08-07.14:52:31::SCWMssOS::Commit changes completed.
TRACE::2024-08-07.14:52:31::SCWReader::Adding prebuilt librarypaths as   
TRACE::2024-08-07.14:52:31::SCWReader::Adding prebuilt incpaths  as   
TRACE::2024-08-07.14:52:31::SCWPlatform::Trying to open the hw design at /home/kike/Desktop/marvin/marvin/pynq_z2_bram_wrapper/hw/pynq_z2_bram_wrapper.xsa
TRACE::2024-08-07.14:52:31::SCWPlatform::DSA given /home/kike/Desktop/marvin/marvin/pynq_z2_bram_wrapper/hw/pynq_z2_bram_wrapper.xsa
TRACE::2024-08-07.14:52:31::SCWPlatform::DSA absoulate path /home/kike/Desktop/marvin/marvin/pynq_z2_bram_wrapper/hw/pynq_z2_bram_wrapper.xsa
TRACE::2024-08-07.14:52:31::SCWPlatform::DSA directory /home/kike/Desktop/marvin/marvin/pynq_z2_bram_wrapper/hw
TRACE::2024-08-07.14:52:31::SCWPlatform:: Platform Path /home/kike/Desktop/marvin/marvin/pynq_z2_bram_wrapper/hw/pynq_z2_bram_wrapper.xsa
TRACE::2024-08-07.14:52:31::SCWPlatform:: Unique name xilinx:pynq-z2::0.0
TRACE::2024-08-07.14:52:31::SCWPlatform::Trying to set the existing hwdb with name pynq_z2_bram_wrapper
TRACE::2024-08-07.14:52:31::SCWPlatform::Opened existing hwdb pynq_z2_bram_wrapper
TRACE::2024-08-07.14:52:31::SCWPlatform::Found the Hw Db part of the input DSA
TRACE::2024-08-07.14:52:31::SCWMssOS::Checking the sw design at  /home/kike/Desktop/marvin/marvin/pynq_z2_bram_wrapper/zynq_fsbl/zynq_fsbl_bsp/system.mss
TRACE::2024-08-07.14:52:31::SCWMssOS::DEBUG:  swdes dump  /home/kike/Desktop/marvin/marvin/pynq_z2_bram_wrapper/zynq_fsbl/zynq_fsbl_bsp/system.mss|system||

TRACE::2024-08-07.14:52:31::SCWMssOS::Sw design exists and opened at  /home/kike/Desktop/marvin/marvin/pynq_z2_bram_wrapper/zynq_fsbl/zynq_fsbl_bsp/system.mss
TRACE::2024-08-07.14:52:31::SCWReader::No isolation master present  
TRACE::2024-08-07.14:52:31::SCWDomain::checking for install qemu data   : 
TRACE::2024-08-07.14:52:31::SCWDomain:: Using the QEMU Data from install at  : /tools/Xilinx/Vitis/2024.1/data/emulation/platforms/zynq/sw/a9_standalone/qemu/
TRACE::2024-08-07.14:52:31::SCWDomain:: Using the QEMU args  from install at  : /tools/Xilinx/Vitis/2024.1/data/emulation/platforms/zynq/sw/a9_standalone/qemu/qemu_args.txt
TRACE::2024-08-07.14:52:31::SCWPlatform::Trying to open the hw design at /home/kike/Desktop/marvin/marvin/pynq_z2_bram_wrapper/hw/pynq_z2_bram_wrapper.xsa
TRACE::2024-08-07.14:52:31::SCWPlatform::DSA given /home/kike/Desktop/marvin/marvin/pynq_z2_bram_wrapper/hw/pynq_z2_bram_wrapper.xsa
TRACE::2024-08-07.14:52:31::SCWPlatform::DSA absoulate path /home/kike/Desktop/marvin/marvin/pynq_z2_bram_wrapper/hw/pynq_z2_bram_wrapper.xsa
TRACE::2024-08-07.14:52:31::SCWPlatform::DSA directory /home/kike/Desktop/marvin/marvin/pynq_z2_bram_wrapper/hw
TRACE::2024-08-07.14:52:31::SCWPlatform:: Platform Path /home/kike/Desktop/marvin/marvin/pynq_z2_bram_wrapper/hw/pynq_z2_bram_wrapper.xsa
TRACE::2024-08-07.14:52:31::SCWPlatform:: Unique name xilinx:pynq-z2::0.0
TRACE::2024-08-07.14:52:31::SCWPlatform::Trying to set the existing hwdb with name pynq_z2_bram_wrapper
TRACE::2024-08-07.14:52:31::SCWPlatform::Opened existing hwdb pynq_z2_bram_wrapper
TRACE::2024-08-07.14:52:31::SCWPlatform::Found the Hw Db part of the input DSA
TRACE::2024-08-07.14:52:31::SCWPlatform::Trying to open the hw design at /home/kike/Desktop/marvin/marvin/pynq_z2_bram_wrapper/hw/pynq_z2_bram_wrapper.xsa
TRACE::2024-08-07.14:52:31::SCWPlatform::DSA given /home/kike/Desktop/marvin/marvin/pynq_z2_bram_wrapper/hw/pynq_z2_bram_wrapper.xsa
TRACE::2024-08-07.14:52:31::SCWPlatform::DSA absoulate path /home/kike/Desktop/marvin/marvin/pynq_z2_bram_wrapper/hw/pynq_z2_bram_wrapper.xsa
TRACE::2024-08-07.14:52:31::SCWPlatform::DSA directory /home/kike/Desktop/marvin/marvin/pynq_z2_bram_wrapper/hw
TRACE::2024-08-07.14:52:31::SCWPlatform:: Platform Path /home/kike/Desktop/marvin/marvin/pynq_z2_bram_wrapper/hw/pynq_z2_bram_wrapper.xsa
TRACE::2024-08-07.14:52:31::SCWPlatform:: Unique name xilinx:pynq-z2::0.0
TRACE::2024-08-07.14:52:31::SCWPlatform::Trying to set the existing hwdb with name pynq_z2_bram_wrapper
TRACE::2024-08-07.14:52:31::SCWPlatform::Opened existing hwdb pynq_z2_bram_wrapper
TRACE::2024-08-07.14:52:31::SCWPlatform::Found the Hw Db part of the input DSA
TRACE::2024-08-07.14:52:31::SCWPlatform::Trying to open the hw design at /home/kike/Desktop/marvin/marvin/pynq_z2_bram_wrapper/hw/pynq_z2_bram_wrapper.xsa
TRACE::2024-08-07.14:52:31::SCWPlatform::DSA given /home/kike/Desktop/marvin/marvin/pynq_z2_bram_wrapper/hw/pynq_z2_bram_wrapper.xsa
TRACE::2024-08-07.14:52:31::SCWPlatform::DSA absoulate path /home/kike/Desktop/marvin/marvin/pynq_z2_bram_wrapper/hw/pynq_z2_bram_wrapper.xsa
TRACE::2024-08-07.14:52:31::SCWPlatform::DSA directory /home/kike/Desktop/marvin/marvin/pynq_z2_bram_wrapper/hw
TRACE::2024-08-07.14:52:31::SCWPlatform:: Platform Path /home/kike/Desktop/marvin/marvin/pynq_z2_bram_wrapper/hw/pynq_z2_bram_wrapper.xsa
TRACE::2024-08-07.14:52:31::SCWPlatform:: Unique name xilinx:pynq-z2::0.0
TRACE::2024-08-07.14:52:31::SCWPlatform::Trying to set the existing hwdb with name pynq_z2_bram_wrapper
TRACE::2024-08-07.14:52:31::SCWPlatform::Opened existing hwdb pynq_z2_bram_wrapper
TRACE::2024-08-07.14:52:31::SCWPlatform::Found the Hw Db part of the input DSA
TRACE::2024-08-07.14:52:31::SCWMssOS::Checking the sw design at  /home/kike/Desktop/marvin/marvin/pynq_z2_bram_wrapper/ps7_cortexa9_0/freertos10_xilinx_ps7_cortexa9_0/bsp/system.mss
TRACE::2024-08-07.14:52:31::SCWMssOS::DEBUG:  swdes dump  /home/kike/Desktop/marvin/marvin/pynq_z2_bram_wrapper/zynq_fsbl/zynq_fsbl_bsp/system.mss|system||

TRACE::2024-08-07.14:52:31::SCWMssOS::No sw design opened at  /home/kike/Desktop/marvin/marvin/pynq_z2_bram_wrapper/ps7_cortexa9_0/freertos10_xilinx_ps7_cortexa9_0/bsp/system.mss
TRACE::2024-08-07.14:52:31::SCWMssOS::mss exists loading the mss file  /home/kike/Desktop/marvin/marvin/pynq_z2_bram_wrapper/ps7_cortexa9_0/freertos10_xilinx_ps7_cortexa9_0/bsp/system.mss
TRACE::2024-08-07.14:52:31::SCWMssOS::Opened the sw design from mss  /home/kike/Desktop/marvin/marvin/pynq_z2_bram_wrapper/ps7_cortexa9_0/freertos10_xilinx_ps7_cortexa9_0/bsp/system.mss
TRACE::2024-08-07.14:52:31::SCWMssOS::Adding the swdes entry /home/kike/Desktop/marvin/marvin/pynq_z2_bram_wrapper/ps7_cortexa9_0/freertos10_xilinx_ps7_cortexa9_0/bsp/system.mss with des name system_0
TRACE::2024-08-07.14:52:31::SCWMssOS::updating the scw layer about changes
TRACE::2024-08-07.14:52:31::SCWMssOS::Opened the sw design.  /home/kike/Desktop/marvin/marvin/pynq_z2_bram_wrapper/ps7_cortexa9_0/freertos10_xilinx_ps7_cortexa9_0/bsp/system.mss
TRACE::2024-08-07.14:52:31::SCWPlatform::Trying to open the hw design at /home/kike/Desktop/marvin/marvin/pynq_z2_bram_wrapper/hw/pynq_z2_bram_wrapper.xsa
TRACE::2024-08-07.14:52:31::SCWPlatform::DSA given /home/kike/Desktop/marvin/marvin/pynq_z2_bram_wrapper/hw/pynq_z2_bram_wrapper.xsa
TRACE::2024-08-07.14:52:31::SCWPlatform::DSA absoulate path /home/kike/Desktop/marvin/marvin/pynq_z2_bram_wrapper/hw/pynq_z2_bram_wrapper.xsa
TRACE::2024-08-07.14:52:31::SCWPlatform::DSA directory /home/kike/Desktop/marvin/marvin/pynq_z2_bram_wrapper/hw
TRACE::2024-08-07.14:52:31::SCWPlatform:: Platform Path /home/kike/Desktop/marvin/marvin/pynq_z2_bram_wrapper/hw/pynq_z2_bram_wrapper.xsa
TRACE::2024-08-07.14:52:31::SCWPlatform:: Unique name xilinx:pynq-z2::0.0
TRACE::2024-08-07.14:52:31::SCWPlatform::Trying to set the existing hwdb with name pynq_z2_bram_wrapper
TRACE::2024-08-07.14:52:31::SCWPlatform::Opened existing hwdb pynq_z2_bram_wrapper
TRACE::2024-08-07.14:52:31::SCWPlatform::Found the Hw Db part of the input DSA
TRACE::2024-08-07.14:52:31::SCWMssOS::Checking the sw design at  /home/kike/Desktop/marvin/marvin/pynq_z2_bram_wrapper/ps7_cortexa9_0/freertos10_xilinx_ps7_cortexa9_0/bsp/system.mss
TRACE::2024-08-07.14:52:31::SCWMssOS::DEBUG:  swdes dump  /home/kike/Desktop/marvin/marvin/pynq_z2_bram_wrapper/ps7_cortexa9_0/freertos10_xilinx_ps7_cortexa9_0/bsp/system.mss|system_0||
/home/kike/Desktop/marvin/marvin/pynq_z2_bram_wrapper/zynq_fsbl/zynq_fsbl_bsp/system.mss|system||

TRACE::2024-08-07.14:52:31::SCWMssOS::Sw design exists and opened at  /home/kike/Desktop/marvin/marvin/pynq_z2_bram_wrapper/ps7_cortexa9_0/freertos10_xilinx_ps7_cortexa9_0/bsp/system.mss
TRACE::2024-08-07.14:52:31::SCWMssOS:: library already available in sw design:  xiltimer:2.0
TRACE::2024-08-07.14:52:31::SCWPlatform::Trying to open the hw design at /home/kike/Desktop/marvin/marvin/pynq_z2_bram_wrapper/hw/pynq_z2_bram_wrapper.xsa
TRACE::2024-08-07.14:52:31::SCWPlatform::DSA given /home/kike/Desktop/marvin/marvin/pynq_z2_bram_wrapper/hw/pynq_z2_bram_wrapper.xsa
TRACE::2024-08-07.14:52:31::SCWPlatform::DSA absoulate path /home/kike/Desktop/marvin/marvin/pynq_z2_bram_wrapper/hw/pynq_z2_bram_wrapper.xsa
TRACE::2024-08-07.14:52:31::SCWPlatform::DSA directory /home/kike/Desktop/marvin/marvin/pynq_z2_bram_wrapper/hw
TRACE::2024-08-07.14:52:31::SCWPlatform:: Platform Path /home/kike/Desktop/marvin/marvin/pynq_z2_bram_wrapper/hw/pynq_z2_bram_wrapper.xsa
TRACE::2024-08-07.14:52:31::SCWPlatform:: Unique name xilinx:pynq-z2::0.0
TRACE::2024-08-07.14:52:31::SCWPlatform::Trying to set the existing hwdb with name pynq_z2_bram_wrapper
TRACE::2024-08-07.14:52:31::SCWPlatform::Opened existing hwdb pynq_z2_bram_wrapper
TRACE::2024-08-07.14:52:31::SCWPlatform::Found the Hw Db part of the input DSA
TRACE::2024-08-07.14:52:31::SCWMssOS::Checking the sw design at  /home/kike/Desktop/marvin/marvin/pynq_z2_bram_wrapper/ps7_cortexa9_0/freertos10_xilinx_ps7_cortexa9_0/bsp/system.mss
TRACE::2024-08-07.14:52:31::SCWMssOS::DEBUG:  swdes dump  /home/kike/Desktop/marvin/marvin/pynq_z2_bram_wrapper/ps7_cortexa9_0/freertos10_xilinx_ps7_cortexa9_0/bsp/system.mss|system_0||
/home/kike/Desktop/marvin/marvin/pynq_z2_bram_wrapper/zynq_fsbl/zynq_fsbl_bsp/system.mss|system||

TRACE::2024-08-07.14:52:31::SCWMssOS::Sw design exists and opened at  /home/kike/Desktop/marvin/marvin/pynq_z2_bram_wrapper/ps7_cortexa9_0/freertos10_xilinx_ps7_cortexa9_0/bsp/system.mss
TRACE::2024-08-07.14:52:31::SCWPlatform::Trying to open the hw design at /home/kike/Desktop/marvin/marvin/pynq_z2_bram_wrapper/hw/pynq_z2_bram_wrapper.xsa
TRACE::2024-08-07.14:52:31::SCWPlatform::DSA given /home/kike/Desktop/marvin/marvin/pynq_z2_bram_wrapper/hw/pynq_z2_bram_wrapper.xsa
TRACE::2024-08-07.14:52:31::SCWPlatform::DSA absoulate path /home/kike/Desktop/marvin/marvin/pynq_z2_bram_wrapper/hw/pynq_z2_bram_wrapper.xsa
TRACE::2024-08-07.14:52:31::SCWPlatform::DSA directory /home/kike/Desktop/marvin/marvin/pynq_z2_bram_wrapper/hw
TRACE::2024-08-07.14:52:31::SCWPlatform:: Platform Path /home/kike/Desktop/marvin/marvin/pynq_z2_bram_wrapper/hw/pynq_z2_bram_wrapper.xsa
TRACE::2024-08-07.14:52:31::SCWPlatform:: Unique name xilinx:pynq-z2::0.0
TRACE::2024-08-07.14:52:31::SCWPlatform::Trying to set the existing hwdb with name pynq_z2_bram_wrapper
TRACE::2024-08-07.14:52:31::SCWPlatform::Opened existing hwdb pynq_z2_bram_wrapper
TRACE::2024-08-07.14:52:31::SCWPlatform::Found the Hw Db part of the input DSA
TRACE::2024-08-07.14:52:31::SCWMssOS::Checking the sw design at  /home/kike/Desktop/marvin/marvin/pynq_z2_bram_wrapper/ps7_cortexa9_0/freertos10_xilinx_ps7_cortexa9_0/bsp/system.mss
TRACE::2024-08-07.14:52:31::SCWMssOS::DEBUG:  swdes dump  /home/kike/Desktop/marvin/marvin/pynq_z2_bram_wrapper/ps7_cortexa9_0/freertos10_xilinx_ps7_cortexa9_0/bsp/system.mss|system_0||
/home/kike/Desktop/marvin/marvin/pynq_z2_bram_wrapper/zynq_fsbl/zynq_fsbl_bsp/system.mss|system||

TRACE::2024-08-07.14:52:31::SCWMssOS::Sw design exists and opened at  /home/kike/Desktop/marvin/marvin/pynq_z2_bram_wrapper/ps7_cortexa9_0/freertos10_xilinx_ps7_cortexa9_0/bsp/system.mss
TRACE::2024-08-07.14:52:31::SCWPlatform::Trying to open the hw design at /home/kike/Desktop/marvin/marvin/pynq_z2_bram_wrapper/hw/pynq_z2_bram_wrapper.xsa
TRACE::2024-08-07.14:52:31::SCWPlatform::DSA given /home/kike/Desktop/marvin/marvin/pynq_z2_bram_wrapper/hw/pynq_z2_bram_wrapper.xsa
TRACE::2024-08-07.14:52:31::SCWPlatform::DSA absoulate path /home/kike/Desktop/marvin/marvin/pynq_z2_bram_wrapper/hw/pynq_z2_bram_wrapper.xsa
TRACE::2024-08-07.14:52:31::SCWPlatform::DSA directory /home/kike/Desktop/marvin/marvin/pynq_z2_bram_wrapper/hw
TRACE::2024-08-07.14:52:31::SCWPlatform:: Platform Path /home/kike/Desktop/marvin/marvin/pynq_z2_bram_wrapper/hw/pynq_z2_bram_wrapper.xsa
TRACE::2024-08-07.14:52:31::SCWPlatform:: Unique name xilinx:pynq-z2::0.0
TRACE::2024-08-07.14:52:31::SCWPlatform::Trying to set the existing hwdb with name pynq_z2_bram_wrapper
TRACE::2024-08-07.14:52:31::SCWPlatform::Opened existing hwdb pynq_z2_bram_wrapper
TRACE::2024-08-07.14:52:31::SCWPlatform::Found the Hw Db part of the input DSA
TRACE::2024-08-07.14:52:31::SCWMssOS::Checking the sw design at  /home/kike/Desktop/marvin/marvin/pynq_z2_bram_wrapper/ps7_cortexa9_0/freertos10_xilinx_ps7_cortexa9_0/bsp/system.mss
TRACE::2024-08-07.14:52:31::SCWMssOS::DEBUG:  swdes dump  /home/kike/Desktop/marvin/marvin/pynq_z2_bram_wrapper/ps7_cortexa9_0/freertos10_xilinx_ps7_cortexa9_0/bsp/system.mss|system_0||
/home/kike/Desktop/marvin/marvin/pynq_z2_bram_wrapper/zynq_fsbl/zynq_fsbl_bsp/system.mss|system||

TRACE::2024-08-07.14:52:31::SCWMssOS::Sw design exists and opened at  /home/kike/Desktop/marvin/marvin/pynq_z2_bram_wrapper/ps7_cortexa9_0/freertos10_xilinx_ps7_cortexa9_0/bsp/system.mss
TRACE::2024-08-07.14:52:31::SCWPlatform::Trying to open the hw design at /home/kike/Desktop/marvin/marvin/pynq_z2_bram_wrapper/hw/pynq_z2_bram_wrapper.xsa
TRACE::2024-08-07.14:52:31::SCWPlatform::DSA given /home/kike/Desktop/marvin/marvin/pynq_z2_bram_wrapper/hw/pynq_z2_bram_wrapper.xsa
TRACE::2024-08-07.14:52:31::SCWPlatform::DSA absoulate path /home/kike/Desktop/marvin/marvin/pynq_z2_bram_wrapper/hw/pynq_z2_bram_wrapper.xsa
TRACE::2024-08-07.14:52:31::SCWPlatform::DSA directory /home/kike/Desktop/marvin/marvin/pynq_z2_bram_wrapper/hw
TRACE::2024-08-07.14:52:31::SCWPlatform:: Platform Path /home/kike/Desktop/marvin/marvin/pynq_z2_bram_wrapper/hw/pynq_z2_bram_wrapper.xsa
TRACE::2024-08-07.14:52:31::SCWPlatform:: Unique name xilinx:pynq-z2::0.0
TRACE::2024-08-07.14:52:31::SCWPlatform::Trying to set the existing hwdb with name pynq_z2_bram_wrapper
TRACE::2024-08-07.14:52:31::SCWPlatform::Opened existing hwdb pynq_z2_bram_wrapper
TRACE::2024-08-07.14:52:31::SCWPlatform::Found the Hw Db part of the input DSA
TRACE::2024-08-07.14:52:31::SCWMssOS::Checking the sw design at  /home/kike/Desktop/marvin/marvin/pynq_z2_bram_wrapper/ps7_cortexa9_0/freertos10_xilinx_ps7_cortexa9_0/bsp/system.mss
TRACE::2024-08-07.14:52:31::SCWMssOS::DEBUG:  swdes dump  /home/kike/Desktop/marvin/marvin/pynq_z2_bram_wrapper/ps7_cortexa9_0/freertos10_xilinx_ps7_cortexa9_0/bsp/system.mss|system_0||
/home/kike/Desktop/marvin/marvin/pynq_z2_bram_wrapper/zynq_fsbl/zynq_fsbl_bsp/system.mss|system||

TRACE::2024-08-07.14:52:31::SCWMssOS::Sw design exists and opened at  /home/kike/Desktop/marvin/marvin/pynq_z2_bram_wrapper/ps7_cortexa9_0/freertos10_xilinx_ps7_cortexa9_0/bsp/system.mss
TRACE::2024-08-07.14:52:31::SCWMssOS::Saving the mss changes /home/kike/Desktop/marvin/marvin/pynq_z2_bram_wrapper/ps7_cortexa9_0/freertos10_xilinx_ps7_cortexa9_0/bsp/system.mss
TRACE::2024-08-07.14:52:31::SCWMssOS::Found a swdesign opened with the mssfile.
TRACE::2024-08-07.14:52:31::SCWMssOS::Completed writemss as part of save.
TRACE::2024-08-07.14:52:31::SCWMssOS::Commit changes completed.
TRACE::2024-08-07.14:52:31::SCWReader::Adding prebuilt librarypaths as   
TRACE::2024-08-07.14:52:31::SCWReader::Adding prebuilt incpaths  as   
TRACE::2024-08-07.14:52:31::SCWPlatform::Trying to open the hw design at /home/kike/Desktop/marvin/marvin/pynq_z2_bram_wrapper/hw/pynq_z2_bram_wrapper.xsa
TRACE::2024-08-07.14:52:31::SCWPlatform::DSA given /home/kike/Desktop/marvin/marvin/pynq_z2_bram_wrapper/hw/pynq_z2_bram_wrapper.xsa
TRACE::2024-08-07.14:52:31::SCWPlatform::DSA absoulate path /home/kike/Desktop/marvin/marvin/pynq_z2_bram_wrapper/hw/pynq_z2_bram_wrapper.xsa
TRACE::2024-08-07.14:52:31::SCWPlatform::DSA directory /home/kike/Desktop/marvin/marvin/pynq_z2_bram_wrapper/hw
TRACE::2024-08-07.14:52:31::SCWPlatform:: Platform Path /home/kike/Desktop/marvin/marvin/pynq_z2_bram_wrapper/hw/pynq_z2_bram_wrapper.xsa
TRACE::2024-08-07.14:52:31::SCWPlatform:: Unique name xilinx:pynq-z2::0.0
TRACE::2024-08-07.14:52:31::SCWPlatform::Trying to set the existing hwdb with name pynq_z2_bram_wrapper
TRACE::2024-08-07.14:52:31::SCWPlatform::Opened existing hwdb pynq_z2_bram_wrapper
TRACE::2024-08-07.14:52:31::SCWPlatform::Found the Hw Db part of the input DSA
TRACE::2024-08-07.14:52:31::SCWMssOS::Checking the sw design at  /home/kike/Desktop/marvin/marvin/pynq_z2_bram_wrapper/ps7_cortexa9_0/freertos10_xilinx_ps7_cortexa9_0/bsp/system.mss
TRACE::2024-08-07.14:52:31::SCWMssOS::DEBUG:  swdes dump  /home/kike/Desktop/marvin/marvin/pynq_z2_bram_wrapper/ps7_cortexa9_0/freertos10_xilinx_ps7_cortexa9_0/bsp/system.mss|system_0||
/home/kike/Desktop/marvin/marvin/pynq_z2_bram_wrapper/zynq_fsbl/zynq_fsbl_bsp/system.mss|system||

TRACE::2024-08-07.14:52:31::SCWMssOS::Sw design exists and opened at  /home/kike/Desktop/marvin/marvin/pynq_z2_bram_wrapper/ps7_cortexa9_0/freertos10_xilinx_ps7_cortexa9_0/bsp/system.mss
TRACE::2024-08-07.14:52:31::SCWReader::No isolation master present  
LOG::2024-08-07.14:52:31::SCWPlatform::Started generating the artifacts platform pynq_z2_bram_wrapper
TRACE::2024-08-07.14:52:31::SCWPlatform::Sanity checking of platform is completed
LOG::2024-08-07.14:52:31::SCWPlatform::Started generating the artifacts for system configuration pynq_z2_bram_wrapper
LOG::2024-08-07.14:52:31::SCWSystem::Checking the domain zynq_fsbl
LOG::2024-08-07.14:52:31::SCWSystem::Doing application build for :  zynq_fsbl
TRACE::2024-08-07.14:52:31::SCWBDomain::Not a forced makefile updation, No changes are present. 
TRACE::2024-08-07.14:52:31::SCWDomain::Building the domain :  zynq_fsbl
TRACE::2024-08-07.14:52:31::SCWPlatform::Trying to open the hw design at /home/kike/Desktop/marvin/marvin/pynq_z2_bram_wrapper/hw/pynq_z2_bram_wrapper.xsa
TRACE::2024-08-07.14:52:31::SCWPlatform::DSA given /home/kike/Desktop/marvin/marvin/pynq_z2_bram_wrapper/hw/pynq_z2_bram_wrapper.xsa
TRACE::2024-08-07.14:52:31::SCWPlatform::DSA absoulate path /home/kike/Desktop/marvin/marvin/pynq_z2_bram_wrapper/hw/pynq_z2_bram_wrapper.xsa
TRACE::2024-08-07.14:52:31::SCWPlatform::DSA directory /home/kike/Desktop/marvin/marvin/pynq_z2_bram_wrapper/hw
TRACE::2024-08-07.14:52:31::SCWPlatform:: Platform Path /home/kike/Desktop/marvin/marvin/pynq_z2_bram_wrapper/hw/pynq_z2_bram_wrapper.xsa
TRACE::2024-08-07.14:52:31::SCWPlatform:: Unique name xilinx:pynq-z2::0.0
TRACE::2024-08-07.14:52:31::SCWPlatform::Trying to set the existing hwdb with name pynq_z2_bram_wrapper
TRACE::2024-08-07.14:52:31::SCWPlatform::Opened existing hwdb pynq_z2_bram_wrapper
TRACE::2024-08-07.14:52:31::SCWPlatform::Found the Hw Db part of the input DSA
TRACE::2024-08-07.14:52:31::SCWMssOS::Checking the sw design at  /home/kike/Desktop/marvin/marvin/pynq_z2_bram_wrapper/zynq_fsbl/zynq_fsbl_bsp/system.mss
TRACE::2024-08-07.14:52:31::SCWMssOS::DEBUG:  swdes dump  /home/kike/Desktop/marvin/marvin/pynq_z2_bram_wrapper/ps7_cortexa9_0/freertos10_xilinx_ps7_cortexa9_0/bsp/system.mss|system_0||
/home/kike/Desktop/marvin/marvin/pynq_z2_bram_wrapper/zynq_fsbl/zynq_fsbl_bsp/system.mss|system||

TRACE::2024-08-07.14:52:31::SCWMssOS::Sw design exists and opened at  /home/kike/Desktop/marvin/marvin/pynq_z2_bram_wrapper/zynq_fsbl/zynq_fsbl_bsp/system.mss
TRACE::2024-08-07.14:52:31::SCWBDomain::Completed writing the mss file at /home/kike/Desktop/marvin/marvin/pynq_z2_bram_wrapper/zynq_fsbl/zynq_fsbl_bsp
TRACE::2024-08-07.14:52:31::SCWBDomain::bsp generated is upto date with the mss file. Skipping bsp generation.
TRACE::2024-08-07.14:52:31::SCWBDomain::Not a forced makefile updation, No changes are present. 
TRACE::2024-08-07.14:52:31::SCWBDomain::System Command Ran  cd  /home/kike/Desktop/marvin/marvin/pynq_z2_bram_wrapper/zynq_fsbl ; bash -c " make -C zynq_fsbl_bsp ; make  " 
TRACE::2024-08-07.14:52:31::SCWBDomain::make: Entering directory '/home/kike/Desktop/marvin/marvin/pynq_z2_bram_wrapper/zynq_fsbl/zynq_fsbl_bsp'

TRACE::2024-08-07.14:52:31::SCWBDomain::make --no-print-directory seq_libs

TRACE::2024-08-07.14:52:31::SCWBDomain::Running Make include in ps7_cortexa9_0/libsrc/bram_v4_10/src

TRACE::2024-08-07.14:52:31::SCWBDomain::make -C ps7_cortexa9_0/libsrc/bram_v4_10/src -s include  "SHELL=/bin/sh" "COMPILER=arm-none-eabi-gcc" "ASSEMBLER=arm-none-eabi-
TRACE::2024-08-07.14:52:31::SCWBDomain::as" "ARCHIVER=arm-none-eabi-ar" "COMPILER_FLAGS=  -O2 -c" "EXTRA_COMPILER_FLAGS=-mcpu=cortex-a9 -mfpu=vfpv3 -mfloat-abi=hard -n
TRACE::2024-08-07.14:52:31::SCWBDomain::ostartfiles -g -Wall -Wextra -fno-tree-loop-distribute-patterns"

TRACE::2024-08-07.14:52:31::SCWBDomain::Running Make include in ps7_cortexa9_0/libsrc/coresightps_dcc_v1_10/src

TRACE::2024-08-07.14:52:31::SCWBDomain::make -C ps7_cortexa9_0/libsrc/coresightps_dcc_v1_10/src -s include  "SHELL=/bin/sh" "COMPILER=arm-none-eabi-gcc" "ASSEMBLER=arm
TRACE::2024-08-07.14:52:31::SCWBDomain::-none-eabi-as" "ARCHIVER=arm-none-eabi-ar" "COMPILER_FLAGS=  -O2 -c" "EXTRA_COMPILER_FLAGS=-mcpu=cortex-a9 -mfpu=vfpv3 -mfloat-
TRACE::2024-08-07.14:52:31::SCWBDomain::abi=hard -nostartfiles -g -Wall -Wextra -fno-tree-loop-distribute-patterns"

TRACE::2024-08-07.14:52:31::SCWBDomain::Running Make include in ps7_cortexa9_0/libsrc/cpu_cortexa9_v2_12/src

TRACE::2024-08-07.14:52:31::SCWBDomain::make -C ps7_cortexa9_0/libsrc/cpu_cortexa9_v2_12/src -s include  "SHELL=/bin/sh" "COMPILER=arm-none-eabi-gcc" "ASSEMBLER=arm-no
TRACE::2024-08-07.14:52:31::SCWBDomain::ne-eabi-as" "ARCHIVER=arm-none-eabi-ar" "COMPILER_FLAGS=  -O2 -c" "EXTRA_COMPILER_FLAGS=-mcpu=cortex-a9 -mfpu=vfpv3 -mfloat-abi
TRACE::2024-08-07.14:52:31::SCWBDomain::=hard -nostartfiles -g -Wall -Wextra -fno-tree-loop-distribute-patterns"

TRACE::2024-08-07.14:52:31::SCWBDomain::Running Make include in ps7_cortexa9_0/libsrc/ddrps_v1_2/src

TRACE::2024-08-07.14:52:31::SCWBDomain::make -C ps7_cortexa9_0/libsrc/ddrps_v1_2/src -s include  "SHELL=/bin/sh" "COMPILER=arm-none-eabi-gcc" "ASSEMBLER=arm-none-eabi-
TRACE::2024-08-07.14:52:31::SCWBDomain::as" "ARCHIVER=arm-none-eabi-ar" "COMPILER_FLAGS=  -O2 -c" "EXTRA_COMPILER_FLAGS=-mcpu=cortex-a9 -mfpu=vfpv3 -mfloat-abi=hard -n
TRACE::2024-08-07.14:52:31::SCWBDomain::ostartfiles -g -Wall -Wextra -fno-tree-loop-distribute-patterns"

TRACE::2024-08-07.14:52:31::SCWBDomain::Running Make include in ps7_cortexa9_0/libsrc/devcfg_v3_8/src

TRACE::2024-08-07.14:52:31::SCWBDomain::make -C ps7_cortexa9_0/libsrc/devcfg_v3_8/src -s include  "SHELL=/bin/sh" "COMPILER=arm-none-eabi-gcc" "ASSEMBLER=arm-none-eabi
TRACE::2024-08-07.14:52:31::SCWBDomain::-as" "ARCHIVER=arm-none-eabi-ar" "COMPILER_FLAGS=  -O2 -c" "EXTRA_COMPILER_FLAGS=-mcpu=cortex-a9 -mfpu=vfpv3 -mfloat-abi=hard -
TRACE::2024-08-07.14:52:31::SCWBDomain::nostartfiles -g -Wall -Wextra -fno-tree-loop-distribute-patterns"

TRACE::2024-08-07.14:52:31::SCWBDomain::Running Make include in ps7_cortexa9_0/libsrc/dmaps_v2_10/src

TRACE::2024-08-07.14:52:31::SCWBDomain::make -C ps7_cortexa9_0/libsrc/dmaps_v2_10/src -s include  "SHELL=/bin/sh" "COMPILER=arm-none-eabi-gcc" "ASSEMBLER=arm-none-eabi
TRACE::2024-08-07.14:52:31::SCWBDomain::-as" "ARCHIVER=arm-none-eabi-ar" "COMPILER_FLAGS=  -O2 -c" "EXTRA_COMPILER_FLAGS=-mcpu=cortex-a9 -mfpu=vfpv3 -mfloat-abi=hard -
TRACE::2024-08-07.14:52:31::SCWBDomain::nostartfiles -g -Wall -Wextra -fno-tree-loop-distribute-patterns"

TRACE::2024-08-07.14:52:31::SCWBDomain::Running Make include in ps7_cortexa9_0/libsrc/emacps_v3_20/src

TRACE::2024-08-07.14:52:31::SCWBDomain::make -C ps7_cortexa9_0/libsrc/emacps_v3_20/src -s include  "SHELL=/bin/sh" "COMPILER=arm-none-eabi-gcc" "ASSEMBLER=arm-none-eab
TRACE::2024-08-07.14:52:31::SCWBDomain::i-as" "ARCHIVER=arm-none-eabi-ar" "COMPILER_FLAGS=  -O2 -c" "EXTRA_COMPILER_FLAGS=-mcpu=cortex-a9 -mfpu=vfpv3 -mfloat-abi=hard 
TRACE::2024-08-07.14:52:31::SCWBDomain::-nostartfiles -g -Wall -Wextra -fno-tree-loop-distribute-patterns"

TRACE::2024-08-07.14:52:31::SCWBDomain::Running Make include in ps7_cortexa9_0/libsrc/gpiops_v3_13/src

TRACE::2024-08-07.14:52:31::SCWBDomain::make -C ps7_cortexa9_0/libsrc/gpiops_v3_13/src -s include  "SHELL=/bin/sh" "COMPILER=arm-none-eabi-gcc" "ASSEMBLER=arm-none-eab
TRACE::2024-08-07.14:52:31::SCWBDomain::i-as" "ARCHIVER=arm-none-eabi-ar" "COMPILER_FLAGS=  -O2 -c" "EXTRA_COMPILER_FLAGS=-mcpu=cortex-a9 -mfpu=vfpv3 -mfloat-abi=hard 
TRACE::2024-08-07.14:52:31::SCWBDomain::-nostartfiles -g -Wall -Wextra -fno-tree-loop-distribute-patterns"

TRACE::2024-08-07.14:52:31::SCWBDomain::Running Make include in ps7_cortexa9_0/libsrc/qspips_v3_12/src

TRACE::2024-08-07.14:52:31::SCWBDomain::make -C ps7_cortexa9_0/libsrc/qspips_v3_12/src -s include  "SHELL=/bin/sh" "COMPILER=arm-none-eabi-gcc" "ASSEMBLER=arm-none-eab
TRACE::2024-08-07.14:52:31::SCWBDomain::i-as" "ARCHIVER=arm-none-eabi-ar" "COMPILER_FLAGS=  -O2 -c" "EXTRA_COMPILER_FLAGS=-mcpu=cortex-a9 -mfpu=vfpv3 -mfloat-abi=hard 
TRACE::2024-08-07.14:52:31::SCWBDomain::-nostartfiles -g -Wall -Wextra -fno-tree-loop-distribute-patterns"

TRACE::2024-08-07.14:52:31::SCWBDomain::Running Make include in ps7_cortexa9_0/libsrc/scugic_v5_3/src

TRACE::2024-08-07.14:52:31::SCWBDomain::make -C ps7_cortexa9_0/libsrc/scugic_v5_3/src -s include  "SHELL=/bin/sh" "COMPILER=arm-none-eabi-gcc" "ASSEMBLER=arm-none-eabi
TRACE::2024-08-07.14:52:31::SCWBDomain::-as" "ARCHIVER=arm-none-eabi-ar" "COMPILER_FLAGS=  -O2 -c" "EXTRA_COMPILER_FLAGS=-mcpu=cortex-a9 -mfpu=vfpv3 -mfloat-abi=hard -
TRACE::2024-08-07.14:52:31::SCWBDomain::nostartfiles -g -Wall -Wextra -fno-tree-loop-distribute-patterns"

TRACE::2024-08-07.14:52:31::SCWBDomain::Running Make include in ps7_cortexa9_0/libsrc/scutimer_v2_6/src

TRACE::2024-08-07.14:52:31::SCWBDomain::make -C ps7_cortexa9_0/libsrc/scutimer_v2_6/src -s include  "SHELL=/bin/sh" "COMPILER=arm-none-eabi-gcc" "ASSEMBLER=arm-none-ea
TRACE::2024-08-07.14:52:31::SCWBDomain::bi-as" "ARCHIVER=arm-none-eabi-ar" "COMPILER_FLAGS=  -O2 -c" "EXTRA_COMPILER_FLAGS=-mcpu=cortex-a9 -mfpu=vfpv3 -mfloat-abi=hard
TRACE::2024-08-07.14:52:31::SCWBDomain:: -nostartfiles -g -Wall -Wextra -fno-tree-loop-distribute-patterns"

TRACE::2024-08-07.14:52:31::SCWBDomain::Running Make include in ps7_cortexa9_0/libsrc/scuwdt_v2_5/src

TRACE::2024-08-07.14:52:31::SCWBDomain::make -C ps7_cortexa9_0/libsrc/scuwdt_v2_5/src -s include  "SHELL=/bin/sh" "COMPILER=arm-none-eabi-gcc" "ASSEMBLER=arm-none-eabi
TRACE::2024-08-07.14:52:31::SCWBDomain::-as" "ARCHIVER=arm-none-eabi-ar" "COMPILER_FLAGS=  -O2 -c" "EXTRA_COMPILER_FLAGS=-mcpu=cortex-a9 -mfpu=vfpv3 -mfloat-abi=hard -
TRACE::2024-08-07.14:52:31::SCWBDomain::nostartfiles -g -Wall -Wextra -fno-tree-loop-distribute-patterns"

TRACE::2024-08-07.14:52:31::SCWBDomain::Running Make include in ps7_cortexa9_0/libsrc/sdps_v4_3/src

TRACE::2024-08-07.14:52:31::SCWBDomain::make -C ps7_cortexa9_0/libsrc/sdps_v4_3/src -s include  "SHELL=/bin/sh" "COMPILER=arm-none-eabi-gcc" "ASSEMBLER=arm-none-eabi-a
TRACE::2024-08-07.14:52:31::SCWBDomain::s" "ARCHIVER=arm-none-eabi-ar" "COMPILER_FLAGS=  -O2 -c" "EXTRA_COMPILER_FLAGS=-mcpu=cortex-a9 -mfpu=vfpv3 -mfloat-abi=hard -no
TRACE::2024-08-07.14:52:31::SCWBDomain::startfiles -g -Wall -Wextra -fno-tree-loop-distribute-patterns"

TRACE::2024-08-07.14:52:31::SCWBDomain::Running Make include in ps7_cortexa9_0/libsrc/standalone_v9_1/src

TRACE::2024-08-07.14:52:31::SCWBDomain::make -C ps7_cortexa9_0/libsrc/standalone_v9_1/src -s include  "SHELL=/bin/sh" "COMPILER=arm-none-eabi-gcc" "ASSEMBLER=arm-none-
TRACE::2024-08-07.14:52:31::SCWBDomain::eabi-as" "ARCHIVER=arm-none-eabi-ar" "COMPILER_FLAGS=  -O2 -c" "EXTRA_COMPILER_FLAGS=-mcpu=cortex-a9 -mfpu=vfpv3 -mfloat-abi=ha
TRACE::2024-08-07.14:52:31::SCWBDomain::rd -nostartfiles -g -Wall -Wextra -fno-tree-loop-distribute-patterns"

TRACE::2024-08-07.14:52:31::SCWBDomain::Running Make include in ps7_cortexa9_0/libsrc/uartps_v3_14/src

TRACE::2024-08-07.14:52:31::SCWBDomain::make -C ps7_cortexa9_0/libsrc/uartps_v3_14/src -s include  "SHELL=/bin/sh" "COMPILER=arm-none-eabi-gcc" "ASSEMBLER=arm-none-eab
TRACE::2024-08-07.14:52:31::SCWBDomain::i-as" "ARCHIVER=arm-none-eabi-ar" "COMPILER_FLAGS=  -O2 -c" "EXTRA_COMPILER_FLAGS=-mcpu=cortex-a9 -mfpu=vfpv3 -mfloat-abi=hard 
TRACE::2024-08-07.14:52:31::SCWBDomain::-nostartfiles -g -Wall -Wextra -fno-tree-loop-distribute-patterns"

TRACE::2024-08-07.14:52:31::SCWBDomain::Running Make include in ps7_cortexa9_0/libsrc/usbps_v2_9/src

TRACE::2024-08-07.14:52:31::SCWBDomain::make -C ps7_cortexa9_0/libsrc/usbps_v2_9/src -s include  "SHELL=/bin/sh" "COMPILER=arm-none-eabi-gcc" "ASSEMBLER=arm-none-eabi-
TRACE::2024-08-07.14:52:31::SCWBDomain::as" "ARCHIVER=arm-none-eabi-ar" "COMPILER_FLAGS=  -O2 -c" "EXTRA_COMPILER_FLAGS=-mcpu=cortex-a9 -mfpu=vfpv3 -mfloat-abi=hard -n
TRACE::2024-08-07.14:52:31::SCWBDomain::ostartfiles -g -Wall -Wextra -fno-tree-loop-distribute-patterns"

TRACE::2024-08-07.14:52:31::SCWBDomain::Running Make include in ps7_cortexa9_0/libsrc/xadcps_v2_7/src

TRACE::2024-08-07.14:52:31::SCWBDomain::make -C ps7_cortexa9_0/libsrc/xadcps_v2_7/src -s include  "SHELL=/bin/sh" "COMPILER=arm-none-eabi-gcc" "ASSEMBLER=arm-none-eabi
TRACE::2024-08-07.14:52:31::SCWBDomain::-as" "ARCHIVER=arm-none-eabi-ar" "COMPILER_FLAGS=  -O2 -c" "EXTRA_COMPILER_FLAGS=-mcpu=cortex-a9 -mfpu=vfpv3 -mfloat-abi=hard -
TRACE::2024-08-07.14:52:31::SCWBDomain::nostartfiles -g -Wall -Wextra -fno-tree-loop-distribute-patterns"

TRACE::2024-08-07.14:52:31::SCWBDomain::Running Make include in ps7_cortexa9_0/libsrc/xilffs_v5_2/src

TRACE::2024-08-07.14:52:31::SCWBDomain::make -C ps7_cortexa9_0/libsrc/xilffs_v5_2/src -s include  "SHELL=/bin/sh" "COMPILER=arm-none-eabi-gcc" "ASSEMBLER=arm-none-eabi
TRACE::2024-08-07.14:52:31::SCWBDomain::-as" "ARCHIVER=arm-none-eabi-ar" "COMPILER_FLAGS=  -O2 -c" "EXTRA_COMPILER_FLAGS=-mcpu=cortex-a9 -mfpu=vfpv3 -mfloat-abi=hard -
TRACE::2024-08-07.14:52:31::SCWBDomain::nostartfiles -g -Wall -Wextra -fno-tree-loop-distribute-patterns"

TRACE::2024-08-07.14:52:31::SCWBDomain::Running Make include in ps7_cortexa9_0/libsrc/xilrsa_v1_8/src

TRACE::2024-08-07.14:52:31::SCWBDomain::make -C ps7_cortexa9_0/libsrc/xilrsa_v1_8/src -s include  "SHELL=/bin/sh" "COMPILER=arm-none-eabi-gcc" "ASSEMBLER=arm-none-eabi
TRACE::2024-08-07.14:52:31::SCWBDomain::-as" "ARCHIVER=arm-none-eabi-ar" "COMPILER_FLAGS=  -O2 -c" "EXTRA_COMPILER_FLAGS=-mcpu=cortex-a9 -mfpu=vfpv3 -mfloat-abi=hard -
TRACE::2024-08-07.14:52:31::SCWBDomain::nostartfiles -g -Wall -Wextra -fno-tree-loop-distribute-patterns"

TRACE::2024-08-07.14:52:31::SCWBDomain::Running Make libs in ps7_cortexa9_0/libsrc/xilrsa_v1_8/src

TRACE::2024-08-07.14:52:31::SCWBDomain::make -C ps7_cortexa9_0/libsrc/xilrsa_v1_8/src -s libs  "SHELL=/bin/sh" "COMPILER=arm-none-eabi-gcc" "ASSEMBLER=arm-none-eabi-as
TRACE::2024-08-07.14:52:31::SCWBDomain::" "ARCHIVER=arm-none-eabi-ar" "COMPILER_FLAGS=  -O2 -c" "EXTRA_COMPILER_FLAGS=-mcpu=cortex-a9 -mfpu=vfpv3 -mfloat-abi=hard -nos
TRACE::2024-08-07.14:52:31::SCWBDomain::tartfiles -g -Wall -Wextra -fno-tree-loop-distribute-patterns"

TRACE::2024-08-07.14:52:31::SCWBDomain::Finished building libraries sequentially.

TRACE::2024-08-07.14:52:31::SCWBDomain::make -j 10 --no-print-directory par_libs

TRACE::2024-08-07.14:52:31::SCWBDomain::Running Make include in ps7_cortexa9_0/libsrc/bram_v4_10/src

TRACE::2024-08-07.14:52:31::SCWBDomain::Running Make include in ps7_cortexa9_0/libsrc/coresightps_dcc_v1_10/src

TRACE::2024-08-07.14:52:31::SCWBDomain::make -C ps7_cortexa9_0/libsrc/bram_v4_10/src -s include  "SHELL=/bin/sh" "COMPILER=arm-none-eabi-gcc" "ASSEMBLER=arm-none-eabi-
TRACE::2024-08-07.14:52:31::SCWBDomain::as" "ARCHIVER=arm-none-eabi-ar" "COMPILER_FLAGS=  -O2 -c" "EXTRA_COMPILER_FLAGS=-mcpu=cortex-a9 -mfpu=vfpv3 -mfloat-abi=hard -n
TRACE::2024-08-07.14:52:31::SCWBDomain::ostartfiles -g -Wall -Wextra -fno-tree-loop-distribute-patterns"

TRACE::2024-08-07.14:52:31::SCWBDomain::make -C ps7_cortexa9_0/libsrc/coresightps_dcc_v1_10/src -s include  "SHELL=/bin/sh" "COMPILER=arm-none-eabi-gcc" "ASSEMBLER=arm
TRACE::2024-08-07.14:52:31::SCWBDomain::-none-eabi-as" "ARCHIVER=arm-none-eabi-ar" "COMPILER_FLAGS=  -O2 -c" "EXTRA_COMPILER_FLAGS=-mcpu=cortex-a9 -mfpu=vfpv3 -mfloat-
TRACE::2024-08-07.14:52:31::SCWBDomain::abi=hard -nostartfiles -g -Wall -Wextra -fno-tree-loop-distribute-patterns"

TRACE::2024-08-07.14:52:31::SCWBDomain::Running Make include in ps7_cortexa9_0/libsrc/cpu_cortexa9_v2_12/src

TRACE::2024-08-07.14:52:31::SCWBDomain::make -C ps7_cortexa9_0/libsrc/cpu_cortexa9_v2_12/src -s include  "SHELL=/bin/sh" "COMPILER=arm-none-eabi-gcc" "ASSEMBLER=arm-no
TRACE::2024-08-07.14:52:31::SCWBDomain::ne-eabi-as" "ARCHIVER=arm-none-eabi-ar" "COMPILER_FLAGS=  -O2 -c" "EXTRA_COMPILER_FLAGS=-mcpu=cortex-a9 -mfpu=vfpv3 -mfloat-abi
TRACE::2024-08-07.14:52:31::SCWBDomain::=hard -nostartfiles -g -Wall -Wextra -fno-tree-loop-distribute-patterns"

TRACE::2024-08-07.14:52:31::SCWBDomain::Running Make include in ps7_cortexa9_0/libsrc/ddrps_v1_2/src

TRACE::2024-08-07.14:52:31::SCWBDomain::make -C ps7_cortexa9_0/libsrc/ddrps_v1_2/src -s include  "SHELL=/bin/sh" "COMPILER=arm-none-eabi-gcc" "ASSEMBLER=arm-none-eabi-
TRACE::2024-08-07.14:52:31::SCWBDomain::as" "ARCHIVER=arm-none-eabi-ar" "COMPILER_FLAGS=  -O2 -c" "EXTRA_COMPILER_FLAGS=-mcpu=cortex-a9 -mfpu=vfpv3 -mfloat-abi=hard -n
TRACE::2024-08-07.14:52:31::SCWBDomain::ostartfiles -g -Wall -Wextra -fno-tree-loop-distribute-patterns"

TRACE::2024-08-07.14:52:31::SCWBDomain::Running Make include in ps7_cortexa9_0/libsrc/devcfg_v3_8/src

TRACE::2024-08-07.14:52:31::SCWBDomain::Running Make include in ps7_cortexa9_0/libsrc/dmaps_v2_10/src

TRACE::2024-08-07.14:52:31::SCWBDomain::make -C ps7_cortexa9_0/libsrc/devcfg_v3_8/src -s include  "SHELL=/bin/sh" "COMPILER=arm-none-eabi-gcc" "ASSEMBLER=arm-none-eabi
TRACE::2024-08-07.14:52:31::SCWBDomain::-as" "ARCHIVER=arm-none-eabi-ar" "COMPILER_FLAGS=  -O2 -c" "EXTRA_COMPILER_FLAGS=-mcpu=cortex-a9 -mfpu=vfpv3 -mfloat-abi=hard -
TRACE::2024-08-07.14:52:31::SCWBDomain::nostartfiles -g -Wall -Wextra -fno-tree-loop-distribute-patterns"

TRACE::2024-08-07.14:52:31::SCWBDomain::make -C ps7_cortexa9_0/libsrc/dmaps_v2_10/src -s include  "SHELL=/bin/sh" "COMPILER=arm-none-eabi-gcc" "ASSEMBLER=arm-none-eabi
TRACE::2024-08-07.14:52:31::SCWBDomain::-as" "ARCHIVER=arm-none-eabi-ar" "COMPILER_FLAGS=  -O2 -c" "EXTRA_COMPILER_FLAGS=-mcpu=cortex-a9 -mfpu=vfpv3 -mfloat-abi=hard -
TRACE::2024-08-07.14:52:31::SCWBDomain::nostartfiles -g -Wall -Wextra -fno-tree-loop-distribute-patterns"

TRACE::2024-08-07.14:52:31::SCWBDomain::Running Make include in ps7_cortexa9_0/libsrc/emacps_v3_20/src

TRACE::2024-08-07.14:52:31::SCWBDomain::Running Make include in ps7_cortexa9_0/libsrc/gpiops_v3_13/src

TRACE::2024-08-07.14:52:31::SCWBDomain::make -C ps7_cortexa9_0/libsrc/emacps_v3_20/src -s include  "SHELL=/bin/sh" "COMPILER=arm-none-eabi-gcc" "ASSEMBLER=arm-none-eab
TRACE::2024-08-07.14:52:31::SCWBDomain::i-as" "ARCHIVER=arm-none-eabi-ar" "COMPILER_FLAGS=  -O2 -c" "EXTRA_COMPILER_FLAGS=-mcpu=cortex-a9 -mfpu=vfpv3 -mfloat-abi=hard 
TRACE::2024-08-07.14:52:31::SCWBDomain::-nostartfiles -g -Wall -Wextra -fno-tree-loop-distribute-patterns"

TRACE::2024-08-07.14:52:31::SCWBDomain::make -C ps7_cortexa9_0/libsrc/gpiops_v3_13/src -s include  "SHELL=/bin/sh" "COMPILER=arm-none-eabi-gcc" "ASSEMBLER=arm-none-eab
TRACE::2024-08-07.14:52:31::SCWBDomain::i-as" "ARCHIVER=arm-none-eabi-ar" "COMPILER_FLAGS=  -O2 -c" "EXTRA_COMPILER_FLAGS=-mcpu=cortex-a9 -mfpu=vfpv3 -mfloat-abi=hard 
TRACE::2024-08-07.14:52:31::SCWBDomain::-nostartfiles -g -Wall -Wextra -fno-tree-loop-distribute-patterns"

TRACE::2024-08-07.14:52:31::SCWBDomain::Running Make include in ps7_cortexa9_0/libsrc/qspips_v3_12/src

TRACE::2024-08-07.14:52:31::SCWBDomain::make -C ps7_cortexa9_0/libsrc/qspips_v3_12/src -s include  "SHELL=/bin/sh" "COMPILER=arm-none-eabi-gcc" "ASSEMBLER=arm-none-eab
TRACE::2024-08-07.14:52:31::SCWBDomain::i-as" "ARCHIVER=arm-none-eabi-ar" "COMPILER_FLAGS=  -O2 -c" "EXTRA_COMPILER_FLAGS=-mcpu=cortex-a9 -mfpu=vfpv3 -mfloat-abi=hard 
TRACE::2024-08-07.14:52:31::SCWBDomain::-nostartfiles -g -Wall -Wextra -fno-tree-loop-distribute-patterns"

TRACE::2024-08-07.14:52:31::SCWBDomain::Running Make include in ps7_cortexa9_0/libsrc/scugic_v5_3/src

TRACE::2024-08-07.14:52:31::SCWBDomain::make -C ps7_cortexa9_0/libsrc/scugic_v5_3/src -s include  "SHELL=/bin/sh" "COMPILER=arm-none-eabi-gcc" "ASSEMBLER=arm-none-eabi
TRACE::2024-08-07.14:52:31::SCWBDomain::-as" "ARCHIVER=arm-none-eabi-ar" "COMPILER_FLAGS=  -O2 -c" "EXTRA_COMPILER_FLAGS=-mcpu=cortex-a9 -mfpu=vfpv3 -mfloat-abi=hard -
TRACE::2024-08-07.14:52:31::SCWBDomain::nostartfiles -g -Wall -Wextra -fno-tree-loop-distribute-patterns"

TRACE::2024-08-07.14:52:31::SCWBDomain::Running Make include in ps7_cortexa9_0/libsrc/scutimer_v2_6/src

TRACE::2024-08-07.14:52:31::SCWBDomain::make -C ps7_cortexa9_0/libsrc/scutimer_v2_6/src -s include  "SHELL=/bin/sh" "COMPILER=arm-none-eabi-gcc" "ASSEMBLER=arm-none-ea
TRACE::2024-08-07.14:52:31::SCWBDomain::bi-as" "ARCHIVER=arm-none-eabi-ar" "COMPILER_FLAGS=  -O2 -c" "EXTRA_COMPILER_FLAGS=-mcpu=cortex-a9 -mfpu=vfpv3 -mfloat-abi=hard
TRACE::2024-08-07.14:52:31::SCWBDomain:: -nostartfiles -g -Wall -Wextra -fno-tree-loop-distribute-patterns"

TRACE::2024-08-07.14:52:31::SCWBDomain::Running Make include in ps7_cortexa9_0/libsrc/scuwdt_v2_5/src

TRACE::2024-08-07.14:52:31::SCWBDomain::make -C ps7_cortexa9_0/libsrc/scuwdt_v2_5/src -s include  "SHELL=/bin/sh" "COMPILER=arm-none-eabi-gcc" "ASSEMBLER=arm-none-eabi
TRACE::2024-08-07.14:52:31::SCWBDomain::-as" "ARCHIVER=arm-none-eabi-ar" "COMPILER_FLAGS=  -O2 -c" "EXTRA_COMPILER_FLAGS=-mcpu=cortex-a9 -mfpu=vfpv3 -mfloat-abi=hard -
TRACE::2024-08-07.14:52:31::SCWBDomain::nostartfiles -g -Wall -Wextra -fno-tree-loop-distribute-patterns"

TRACE::2024-08-07.14:52:31::SCWBDomain::Running Make include in ps7_cortexa9_0/libsrc/sdps_v4_3/src

TRACE::2024-08-07.14:52:31::SCWBDomain::make -C ps7_cortexa9_0/libsrc/sdps_v4_3/src -s include  "SHELL=/bin/sh" "COMPILER=arm-none-eabi-gcc" "ASSEMBLER=arm-none-eabi-a
TRACE::2024-08-07.14:52:31::SCWBDomain::s" "ARCHIVER=arm-none-eabi-ar" "COMPILER_FLAGS=  -O2 -c" "EXTRA_COMPILER_FLAGS=-mcpu=cortex-a9 -mfpu=vfpv3 -mfloat-abi=hard -no
TRACE::2024-08-07.14:52:31::SCWBDomain::startfiles -g -Wall -Wextra -fno-tree-loop-distribute-patterns"

TRACE::2024-08-07.14:52:31::SCWBDomain::Running Make include in ps7_cortexa9_0/libsrc/standalone_v9_1/src

TRACE::2024-08-07.14:52:31::SCWBDomain::Running Make include in ps7_cortexa9_0/libsrc/uartps_v3_14/src

TRACE::2024-08-07.14:52:31::SCWBDomain::make -C ps7_cortexa9_0/libsrc/standalone_v9_1/src -s include  "SHELL=/bin/sh" "COMPILER=arm-none-eabi-gcc" "ASSEMBLER=arm-none-
TRACE::2024-08-07.14:52:31::SCWBDomain::eabi-as" "ARCHIVER=arm-none-eabi-ar" "COMPILER_FLAGS=  -O2 -c" "EXTRA_COMPILER_FLAGS=-mcpu=cortex-a9 -mfpu=vfpv3 -mfloat-abi=ha
TRACE::2024-08-07.14:52:31::SCWBDomain::rd -nostartfiles -g -Wall -Wextra -fno-tree-loop-distribute-patterns"

TRACE::2024-08-07.14:52:31::SCWBDomain::make -C ps7_cortexa9_0/libsrc/uartps_v3_14/src -s include  "SHELL=/bin/sh" "COMPILER=arm-none-eabi-gcc" "ASSEMBLER=arm-none-eab
TRACE::2024-08-07.14:52:31::SCWBDomain::i-as" "ARCHIVER=arm-none-eabi-ar" "COMPILER_FLAGS=  -O2 -c" "EXTRA_COMPILER_FLAGS=-mcpu=cortex-a9 -mfpu=vfpv3 -mfloat-abi=hard 
TRACE::2024-08-07.14:52:31::SCWBDomain::-nostartfiles -g -Wall -Wextra -fno-tree-loop-distribute-patterns"

TRACE::2024-08-07.14:52:31::SCWBDomain::Running Make include in ps7_cortexa9_0/libsrc/usbps_v2_9/src

TRACE::2024-08-07.14:52:31::SCWBDomain::make -C ps7_cortexa9_0/libsrc/usbps_v2_9/src -s include  "SHELL=/bin/sh" "COMPILER=arm-none-eabi-gcc" "ASSEMBLER=arm-none-eabi-
TRACE::2024-08-07.14:52:31::SCWBDomain::as" "ARCHIVER=arm-none-eabi-ar" "COMPILER_FLAGS=  -O2 -c" "EXTRA_COMPILER_FLAGS=-mcpu=cortex-a9 -mfpu=vfpv3 -mfloat-abi=hard -n
TRACE::2024-08-07.14:52:31::SCWBDomain::ostartfiles -g -Wall -Wextra -fno-tree-loop-distribute-patterns"

TRACE::2024-08-07.14:52:31::SCWBDomain::Running Make include in ps7_cortexa9_0/libsrc/xadcps_v2_7/src

TRACE::2024-08-07.14:52:31::SCWBDomain::make -C ps7_cortexa9_0/libsrc/xadcps_v2_7/src -s include  "SHELL=/bin/sh" "COMPILER=arm-none-eabi-gcc" "ASSEMBLER=arm-none-eabi
TRACE::2024-08-07.14:52:31::SCWBDomain::-as" "ARCHIVER=arm-none-eabi-ar" "COMPILER_FLAGS=  -O2 -c" "EXTRA_COMPILER_FLAGS=-mcpu=cortex-a9 -mfpu=vfpv3 -mfloat-abi=hard -
TRACE::2024-08-07.14:52:31::SCWBDomain::nostartfiles -g -Wall -Wextra -fno-tree-loop-distribute-patterns"

TRACE::2024-08-07.14:52:31::SCWBDomain::Running Make include in ps7_cortexa9_0/libsrc/xilffs_v5_2/src

TRACE::2024-08-07.14:52:31::SCWBDomain::make -C ps7_cortexa9_0/libsrc/xilffs_v5_2/src -s include  "SHELL=/bin/sh" "COMPILER=arm-none-eabi-gcc" "ASSEMBLER=arm-none-eabi
TRACE::2024-08-07.14:52:31::SCWBDomain::-as" "ARCHIVER=arm-none-eabi-ar" "COMPILER_FLAGS=  -O2 -c" "EXTRA_COMPILER_FLAGS=-mcpu=cortex-a9 -mfpu=vfpv3 -mfloat-abi=hard -
TRACE::2024-08-07.14:52:31::SCWBDomain::nostartfiles -g -Wall -Wextra -fno-tree-loop-distribute-patterns"

TRACE::2024-08-07.14:52:31::SCWBDomain::Running Make include in ps7_cortexa9_0/libsrc/xilrsa_v1_8/src

TRACE::2024-08-07.14:52:31::SCWBDomain::make -C ps7_cortexa9_0/libsrc/xilrsa_v1_8/src -s include  "SHELL=/bin/sh" "COMPILER=arm-none-eabi-gcc" "ASSEMBLER=arm-none-eabi
TRACE::2024-08-07.14:52:31::SCWBDomain::-as" "ARCHIVER=arm-none-eabi-ar" "COMPILER_FLAGS=  -O2 -c" "EXTRA_COMPILER_FLAGS=-mcpu=cortex-a9 -mfpu=vfpv3 -mfloat-abi=hard -
TRACE::2024-08-07.14:52:31::SCWBDomain::nostartfiles -g -Wall -Wextra -fno-tree-loop-distribute-patterns"

TRACE::2024-08-07.14:52:31::SCWBDomain::Running Make libs in ps7_cortexa9_0/libsrc/bram_v4_10/src

TRACE::2024-08-07.14:52:31::SCWBDomain::make -C ps7_cortexa9_0/libsrc/bram_v4_10/src -s libs  "SHELL=/bin/sh" "COMPILER=arm-none-eabi-gcc" "ASSEMBLER=arm-none-eabi-as"
TRACE::2024-08-07.14:52:31::SCWBDomain:: "ARCHIVER=arm-none-eabi-ar" "COMPILER_FLAGS=  -O2 -c" "EXTRA_COMPILER_FLAGS=-mcpu=cortex-a9 -mfpu=vfpv3 -mfloat-abi=hard -nost
TRACE::2024-08-07.14:52:31::SCWBDomain::artfiles -g -Wall -Wextra -fno-tree-loop-distribute-patterns"

TRACE::2024-08-07.14:52:31::SCWBDomain::Running Make libs in ps7_cortexa9_0/libsrc/coresightps_dcc_v1_10/src

TRACE::2024-08-07.14:52:31::SCWBDomain::make -C ps7_cortexa9_0/libsrc/coresightps_dcc_v1_10/src -s libs  "SHELL=/bin/sh" "COMPILER=arm-none-eabi-gcc" "ASSEMBLER=arm-no
TRACE::2024-08-07.14:52:31::SCWBDomain::ne-eabi-as" "ARCHIVER=arm-none-eabi-ar" "COMPILER_FLAGS=  -O2 -c" "EXTRA_COMPILER_FLAGS=-mcpu=cortex-a9 -mfpu=vfpv3 -mfloat-abi
TRACE::2024-08-07.14:52:31::SCWBDomain::=hard -nostartfiles -g -Wall -Wextra -fno-tree-loop-distribute-patterns"

TRACE::2024-08-07.14:52:31::SCWBDomain::Running Make libs in ps7_cortexa9_0/libsrc/cpu_cortexa9_v2_12/src

TRACE::2024-08-07.14:52:31::SCWBDomain::Running Make libs in ps7_cortexa9_0/libsrc/ddrps_v1_2/src

TRACE::2024-08-07.14:52:31::SCWBDomain::make -C ps7_cortexa9_0/libsrc/cpu_cortexa9_v2_12/src -s libs  "SHELL=/bin/sh" "COMPILER=arm-none-eabi-gcc" "ASSEMBLER=arm-none-
TRACE::2024-08-07.14:52:31::SCWBDomain::eabi-as" "ARCHIVER=arm-none-eabi-ar" "COMPILER_FLAGS=  -O2 -c" "EXTRA_COMPILER_FLAGS=-mcpu=cortex-a9 -mfpu=vfpv3 -mfloat-abi=ha
TRACE::2024-08-07.14:52:31::SCWBDomain::rd -nostartfiles -g -Wall -Wextra -fno-tree-loop-distribute-patterns"

TRACE::2024-08-07.14:52:31::SCWBDomain::make -C ps7_cortexa9_0/libsrc/ddrps_v1_2/src -s libs  "SHELL=/bin/sh" "COMPILER=arm-none-eabi-gcc" "ASSEMBLER=arm-none-eabi-as"
TRACE::2024-08-07.14:52:31::SCWBDomain:: "ARCHIVER=arm-none-eabi-ar" "COMPILER_FLAGS=  -O2 -c" "EXTRA_COMPILER_FLAGS=-mcpu=cortex-a9 -mfpu=vfpv3 -mfloat-abi=hard -nost
TRACE::2024-08-07.14:52:31::SCWBDomain::artfiles -g -Wall -Wextra -fno-tree-loop-distribute-patterns"

TRACE::2024-08-07.14:52:31::SCWBDomain::Running Make libs in ps7_cortexa9_0/libsrc/devcfg_v3_8/src

TRACE::2024-08-07.14:52:31::SCWBDomain::make -C ps7_cortexa9_0/libsrc/devcfg_v3_8/src -s libs  "SHELL=/bin/sh" "COMPILER=arm-none-eabi-gcc" "ASSEMBLER=arm-none-eabi-as
TRACE::2024-08-07.14:52:31::SCWBDomain::" "ARCHIVER=arm-none-eabi-ar" "COMPILER_FLAGS=  -O2 -c" "EXTRA_COMPILER_FLAGS=-mcpu=cortex-a9 -mfpu=vfpv3 -mfloat-abi=hard -nos
TRACE::2024-08-07.14:52:31::SCWBDomain::tartfiles -g -Wall -Wextra -fno-tree-loop-distribute-patterns"

TRACE::2024-08-07.14:52:31::SCWBDomain::Running Make libs in ps7_cortexa9_0/libsrc/dmaps_v2_10/src

TRACE::2024-08-07.14:52:31::SCWBDomain::make -C ps7_cortexa9_0/libsrc/dmaps_v2_10/src -s libs  "SHELL=/bin/sh" "COMPILER=arm-none-eabi-gcc" "ASSEMBLER=arm-none-eabi-as
TRACE::2024-08-07.14:52:31::SCWBDomain::" "ARCHIVER=arm-none-eabi-ar" "COMPILER_FLAGS=  -O2 -c" "EXTRA_COMPILER_FLAGS=-mcpu=cortex-a9 -mfpu=vfpv3 -mfloat-abi=hard -nos
TRACE::2024-08-07.14:52:31::SCWBDomain::tartfiles -g -Wall -Wextra -fno-tree-loop-distribute-patterns"

TRACE::2024-08-07.14:52:31::SCWBDomain::Running Make libs in ps7_cortexa9_0/libsrc/emacps_v3_20/src

TRACE::2024-08-07.14:52:31::SCWBDomain::Running Make libs in ps7_cortexa9_0/libsrc/gpiops_v3_13/src

TRACE::2024-08-07.14:52:31::SCWBDomain::Running Make libs in ps7_cortexa9_0/libsrc/qspips_v3_12/src

TRACE::2024-08-07.14:52:31::SCWBDomain::Running Make libs in ps7_cortexa9_0/libsrc/scugic_v5_3/src

TRACE::2024-08-07.14:52:31::SCWBDomain::make -C ps7_cortexa9_0/libsrc/emacps_v3_20/src -s libs  "SHELL=/bin/sh" "COMPILER=arm-none-eabi-gcc" "ASSEMBLER=arm-none-eabi-a
TRACE::2024-08-07.14:52:31::SCWBDomain::s" "ARCHIVER=arm-none-eabi-ar" "COMPILER_FLAGS=  -O2 -c" "EXTRA_COMPILER_FLAGS=-mcpu=cortex-a9 -mfpu=vfpv3 -mfloat-abi=hard -no
TRACE::2024-08-07.14:52:31::SCWBDomain::startfiles -g -Wall -Wextra -fno-tree-loop-distribute-patterns"

TRACE::2024-08-07.14:52:31::SCWBDomain::make -C ps7_cortexa9_0/libsrc/gpiops_v3_13/src -s libs  "SHELL=/bin/sh" "COMPILER=arm-none-eabi-gcc" "ASSEMBLER=arm-none-eabi-a
TRACE::2024-08-07.14:52:31::SCWBDomain::s" "ARCHIVER=arm-none-eabi-ar" "COMPILER_FLAGS=  -O2 -c" "EXTRA_COMPILER_FLAGS=-mcpu=cortex-a9 -mfpu=vfpv3 -mfloat-abi=hard -no
TRACE::2024-08-07.14:52:31::SCWBDomain::startfiles -g -Wall -Wextra -fno-tree-loop-distribute-patterns"

TRACE::2024-08-07.14:52:31::SCWBDomain::make -C ps7_cortexa9_0/libsrc/qspips_v3_12/src -s libs  "SHELL=/bin/sh" "COMPILER=arm-none-eabi-gcc" "ASSEMBLER=arm-none-eabi-a
TRACE::2024-08-07.14:52:31::SCWBDomain::s" "ARCHIVER=arm-none-eabi-ar" "COMPILER_FLAGS=  -O2 -c" "EXTRA_COMPILER_FLAGS=-mcpu=cortex-a9 -mfpu=vfpv3 -mfloat-abi=hard -no
TRACE::2024-08-07.14:52:31::SCWBDomain::startfiles -g -Wall -Wextra -fno-tree-loop-distribute-patterns"

TRACE::2024-08-07.14:52:31::SCWBDomain::make -C ps7_cortexa9_0/libsrc/scugic_v5_3/src -s libs  "SHELL=/bin/sh" "COMPILER=arm-none-eabi-gcc" "ASSEMBLER=arm-none-eabi-as
TRACE::2024-08-07.14:52:31::SCWBDomain::" "ARCHIVER=arm-none-eabi-ar" "COMPILER_FLAGS=  -O2 -c" "EXTRA_COMPILER_FLAGS=-mcpu=cortex-a9 -mfpu=vfpv3 -mfloat-abi=hard -nos
TRACE::2024-08-07.14:52:31::SCWBDomain::tartfiles -g -Wall -Wextra -fno-tree-loop-distribute-patterns"

TRACE::2024-08-07.14:52:31::SCWBDomain::Running Make libs in ps7_cortexa9_0/libsrc/scuwdt_v2_5/src

TRACE::2024-08-07.14:52:31::SCWBDomain::Running Make libs in ps7_cortexa9_0/libsrc/scutimer_v2_6/src

TRACE::2024-08-07.14:52:31::SCWBDomain::make -C ps7_cortexa9_0/libsrc/scutimer_v2_6/src -s libs  "SHELL=/bin/sh" "COMPILER=arm-none-eabi-gcc" "ASSEMBLER=arm-none-eabi-
TRACE::2024-08-07.14:52:31::SCWBDomain::as" "ARCHIVER=arm-none-eabi-ar" "COMPILER_FLAGS=  -O2 -c" "EXTRA_COMPILER_FLAGS=-mcpu=cortex-a9 -mfpu=vfpv3 -mfloat-abi=hard -n
TRACE::2024-08-07.14:52:31::SCWBDomain::ostartfiles -g -Wall -Wextra -fno-tree-loop-distribute-patterns"

TRACE::2024-08-07.14:52:31::SCWBDomain::Running Make libs in ps7_cortexa9_0/libsrc/sdps_v4_3/src

TRACE::2024-08-07.14:52:31::SCWBDomain::make -C ps7_cortexa9_0/libsrc/scuwdt_v2_5/src -s libs  "SHELL=/bin/sh" "COMPILER=arm-none-eabi-gcc" "ASSEMBLER=arm-none-eabi-as
TRACE::2024-08-07.14:52:31::SCWBDomain::" "ARCHIVER=arm-none-eabi-ar" "COMPILER_FLAGS=  -O2 -c" "EXTRA_COMPILER_FLAGS=-mcpu=cortex-a9 -mfpu=vfpv3 -mfloat-abi=hard -nos
TRACE::2024-08-07.14:52:31::SCWBDomain::tartfiles -g -Wall -Wextra -fno-tree-loop-distribute-patterns"

TRACE::2024-08-07.14:52:31::SCWBDomain::make -C ps7_cortexa9_0/libsrc/sdps_v4_3/src -s libs  "SHELL=/bin/sh" "COMPILER=arm-none-eabi-gcc" "ASSEMBLER=arm-none-eabi-as" 
TRACE::2024-08-07.14:52:31::SCWBDomain::"ARCHIVER=arm-none-eabi-ar" "COMPILER_FLAGS=  -O2 -c" "EXTRA_COMPILER_FLAGS=-mcpu=cortex-a9 -mfpu=vfpv3 -mfloat-abi=hard -nosta
TRACE::2024-08-07.14:52:31::SCWBDomain::rtfiles -g -Wall -Wextra -fno-tree-loop-distribute-patterns"

TRACE::2024-08-07.14:52:31::SCWBDomain::Running Make libs in ps7_cortexa9_0/libsrc/standalone_v9_1/src

TRACE::2024-08-07.14:52:31::SCWBDomain::make -C ps7_cortexa9_0/libsrc/standalone_v9_1/src -s libs  "SHELL=/bin/sh" "COMPILER=arm-none-eabi-gcc" "ASSEMBLER=arm-none-eab
TRACE::2024-08-07.14:52:31::SCWBDomain::i-as" "ARCHIVER=arm-none-eabi-ar" "COMPILER_FLAGS=  -O2 -c" "EXTRA_COMPILER_FLAGS=-mcpu=cortex-a9 -mfpu=vfpv3 -mfloat-abi=hard 
TRACE::2024-08-07.14:52:31::SCWBDomain::-nostartfiles -g -Wall -Wextra -fno-tree-loop-distribute-patterns"

TRACE::2024-08-07.14:52:31::SCWBDomain::Running Make libs in ps7_cortexa9_0/libsrc/uartps_v3_14/src

TRACE::2024-08-07.14:52:31::SCWBDomain::Running Make libs in ps7_cortexa9_0/libsrc/usbps_v2_9/src

TRACE::2024-08-07.14:52:31::SCWBDomain::make -C ps7_cortexa9_0/libsrc/uartps_v3_14/src -s libs  "SHELL=/bin/sh" "COMPILER=arm-none-eabi-gcc" "ASSEMBLER=arm-none-eabi-a
TRACE::2024-08-07.14:52:31::SCWBDomain::s" "ARCHIVER=arm-none-eabi-ar" "COMPILER_FLAGS=  -O2 -c" "EXTRA_COMPILER_FLAGS=-mcpu=cortex-a9 -mfpu=vfpv3 -mfloat-abi=hard -no
TRACE::2024-08-07.14:52:31::SCWBDomain::startfiles -g -Wall -Wextra -fno-tree-loop-distribute-patterns"

TRACE::2024-08-07.14:52:31::SCWBDomain::Running Make libs in ps7_cortexa9_0/libsrc/xadcps_v2_7/src

TRACE::2024-08-07.14:52:31::SCWBDomain::make -C ps7_cortexa9_0/libsrc/usbps_v2_9/src -s libs  "SHELL=/bin/sh" "COMPILER=arm-none-eabi-gcc" "ASSEMBLER=arm-none-eabi-as"
TRACE::2024-08-07.14:52:31::SCWBDomain:: "ARCHIVER=arm-none-eabi-ar" "COMPILER_FLAGS=  -O2 -c" "EXTRA_COMPILER_FLAGS=-mcpu=cortex-a9 -mfpu=vfpv3 -mfloat-abi=hard -nost
TRACE::2024-08-07.14:52:31::SCWBDomain::artfiles -g -Wall -Wextra -fno-tree-loop-distribute-patterns"

TRACE::2024-08-07.14:52:31::SCWBDomain::Running Make libs in ps7_cortexa9_0/libsrc/xilffs_v5_2/src

TRACE::2024-08-07.14:52:31::SCWBDomain::make -C ps7_cortexa9_0/libsrc/xadcps_v2_7/src -s libs  "SHELL=/bin/sh" "COMPILER=arm-none-eabi-gcc" "ASSEMBLER=arm-none-eabi-as
TRACE::2024-08-07.14:52:31::SCWBDomain::" "ARCHIVER=arm-none-eabi-ar" "COMPILER_FLAGS=  -O2 -c" "EXTRA_COMPILER_FLAGS=-mcpu=cortex-a9 -mfpu=vfpv3 -mfloat-abi=hard -nos
TRACE::2024-08-07.14:52:31::SCWBDomain::tartfiles -g -Wall -Wextra -fno-tree-loop-distribute-patterns"

TRACE::2024-08-07.14:52:31::SCWBDomain::make -C ps7_cortexa9_0/libsrc/xilffs_v5_2/src -s libs  "SHELL=/bin/sh" "COMPILER=arm-none-eabi-gcc" "ASSEMBLER=arm-none-eabi-as
TRACE::2024-08-07.14:52:31::SCWBDomain::" "ARCHIVER=arm-none-eabi-ar" "COMPILER_FLAGS=  -O2 -c" "EXTRA_COMPILER_FLAGS=-mcpu=cortex-a9 -mfpu=vfpv3 -mfloat-abi=hard -nos
TRACE::2024-08-07.14:52:31::SCWBDomain::tartfiles -g -Wall -Wextra -fno-tree-loop-distribute-patterns"

TRACE::2024-08-07.14:52:31::SCWBDomain::Finished building libraries parallelly.

TRACE::2024-08-07.14:52:31::SCWBDomain::make --no-print-directory archive

TRACE::2024-08-07.14:52:32::SCWBDomain::arm-none-eabi-ar -r  ps7_cortexa9_0/lib/libxil.a ps7_cortexa9_0/lib/_exit.o ps7_cortexa9_0/lib/_open.o ps7_cortexa9_0/lib/_sbrk
TRACE::2024-08-07.14:52:32::SCWBDomain::.o ps7_cortexa9_0/lib/abort.o ps7_cortexa9_0/lib/asm_vectors.o ps7_cortexa9_0/lib/boot.o ps7_cortexa9_0/lib/close.o ps7_cortexa
TRACE::2024-08-07.14:52:32::SCWBDomain::9_0/lib/cpputest_time.o ps7_cortexa9_0/lib/cpu_init.o ps7_cortexa9_0/lib/errno.o ps7_cortexa9_0/lib/fcntl.o ps7_cortexa9_0/lib/
TRACE::2024-08-07.14:52:32::SCWBDomain::fstat.o ps7_cortexa9_0/lib/getentropy.o ps7_cortexa9_0/lib/getpid.o ps7_cortexa9_0/lib/inbyte.o ps7_cortexa9_0/lib/isatty.o ps7
TRACE::2024-08-07.14:52:32::SCWBDomain::_cortexa9_0/lib/kill.o ps7_cortexa9_0/lib/lseek.o ps7_cortexa9_0/lib/open.o ps7_cortexa9_0/lib/outbyte.o ps7_cortexa9_0/lib/pri
TRACE::2024-08-07.14:52:32::SCWBDomain::nt.o ps7_cortexa9_0/lib/putnum.o ps7_cortexa9_0/lib/read.o ps7_cortexa9_0/lib/sbrk.o ps7_cortexa9_0/lib/sleep.o ps7_cortexa9_0/
TRACE::2024-08-07.14:52:32::SCWBDomain::lib/time.o ps7_cortexa9_0/lib/translation_table.o ps7_cortexa9_0/lib/unlink.o ps7_cortexa9_0/lib/usleep.o ps7_cortexa9_0/lib/ve
TRACE::2024-08-07.14:52:32::SCWBDomain::ctors.o ps7_cortexa9_0/lib/write.o ps7_cortexa9_0/lib/xadcps.o ps7_cortexa9_0/lib/xadcps_g.o ps7_cortexa9_0/lib/xadcps_intr.o p
TRACE::2024-08-07.14:52:32::SCWBDomain::s7_cortexa9_0/lib/xadcps_selftest.o ps7_cortexa9_0/lib/xadcps_sinit.o ps7_cortexa9_0/lib/xbram.o ps7_cortexa9_0/lib/xbram_g.o p
TRACE::2024-08-07.14:52:32::SCWBDomain::s7_cortexa9_0/lib/xbram_intr.o ps7_cortexa9_0/lib/xbram_selftest.o ps7_cortexa9_0/lib/xbram_sinit.o ps7_cortexa9_0/lib/xcoresig
TRACE::2024-08-07.14:52:32::SCWBDomain::htpsdcc.o ps7_cortexa9_0/lib/xdevcfg.o ps7_cortexa9_0/lib/xdevcfg_g.o ps7_cortexa9_0/lib/xdevcfg_hw.o ps7_cortexa9_0/lib/xdevcf
TRACE::2024-08-07.14:52:32::SCWBDomain::g_intr.o ps7_cortexa9_0/lib/xdevcfg_selftest.o ps7_cortexa9_0/lib/xdevcfg_sinit.o ps7_cortexa9_0/lib/xdmaps.o ps7_cortexa9_0/li
TRACE::2024-08-07.14:52:32::SCWBDomain::b/xdmaps_g.o ps7_cortexa9_0/lib/xdmaps_hw.o ps7_cortexa9_0/lib/xdmaps_selftest.o ps7_cortexa9_0/lib/xdmaps_sinit.o ps7_cortexa9
TRACE::2024-08-07.14:52:32::SCWBDomain::_0/lib/xemacps.o ps7_cortexa9_0/lib/xemacps_bdring.o ps7_cortexa9_0/lib/xemacps_control.o ps7_cortexa9_0/lib/xemacps_g.o ps7_co
TRACE::2024-08-07.14:52:32::SCWBDomain::rtexa9_0/lib/xemacps_hw.o ps7_cortexa9_0/lib/xemacps_intr.o ps7_cortexa9_0/lib/xemacps_sinit.o ps7_cortexa9_0/lib/xgpiops.o ps7
TRACE::2024-08-07.14:52:32::SCWBDomain::_cortexa9_0/lib/xgpiops_g.o ps7_cortexa9_0/lib/xgpiops_hw.o ps7_cortexa9_0/lib/xgpiops_intr.o ps7_cortexa9_0/lib/xgpiops_selfte
TRACE::2024-08-07.14:52:32::SCWBDomain::st.o ps7_cortexa9_0/lib/xgpiops_sinit.o ps7_cortexa9_0/lib/xil-crt0.o ps7_cortexa9_0/lib/xil_assert.o ps7_cortexa9_0/lib/xil_ca
TRACE::2024-08-07.14:52:32::SCWBDomain::che.o ps7_cortexa9_0/lib/xil_clocking.o ps7_cortexa9_0/lib/xil_exception.o ps7_cortexa9_0/lib/xil_mem.o ps7_cortexa9_0/lib/xil_
TRACE::2024-08-07.14:52:32::SCWBDomain::misc_psreset_api.o ps7_cortexa9_0/lib/xil_mmu.o ps7_cortexa9_0/lib/xil_printf.o ps7_cortexa9_0/lib/xil_sleepcommon.o ps7_cortex
TRACE::2024-08-07.14:52:32::SCWBDomain::a9_0/lib/xil_sleeptimer.o ps7_cortexa9_0/lib/xil_spinlock.o ps7_cortexa9_0/lib/xil_testcache.o ps7_cortexa9_0/lib/xil_testio.o 
TRACE::2024-08-07.14:52:32::SCWBDomain::ps7_cortexa9_0/lib/xil_testmem.o ps7_cortexa9_0/lib/xil_util.o ps7_cortexa9_0/lib/xinterrupt_wrap.o ps7_cortexa9_0/lib/xl2cc_co
TRACE::2024-08-07.14:52:32::SCWBDomain::unter.o ps7_cortexa9_0/lib/xplatform_info.o ps7_cortexa9_0/lib/xpm_counter.o ps7_cortexa9_0/lib/xpm_init.o ps7_cortexa9_0/lib/x
TRACE::2024-08-07.14:52:32::SCWBDomain::qspips.o ps7_cortexa9_0/lib/xqspips_g.o ps7_cortexa9_0/lib/xqspips_hw.o ps7_cortexa9_0/lib/xqspips_options.o ps7_cortexa9_0/lib
TRACE::2024-08-07.14:52:32::SCWBDomain::/xqspips_selftest.o ps7_cortexa9_0/lib/xqspips_sinit.o ps7_cortexa9_0/lib/xscugic.o ps7_cortexa9_0/lib/xscugic_g.o ps7_cortexa9
TRACE::2024-08-07.14:52:32::SCWBDomain::_0/lib/xscugic_hw.o ps7_cortexa9_0/lib/xscugic_intr.o ps7_cortexa9_0/lib/xscugic_selftest.o ps7_cortexa9_0/lib/xscugic_sinit.o 
TRACE::2024-08-07.14:52:32::SCWBDomain::ps7_cortexa9_0/lib/xscutimer.o ps7_cortexa9_0/lib/xscutimer_g.o ps7_cortexa9_0/lib/xscutimer_selftest.o ps7_cortexa9_0/lib/xscu
TRACE::2024-08-07.14:52:32::SCWBDomain::timer_sinit.o ps7_cortexa9_0/lib/xscuwdt.o ps7_cortexa9_0/lib/xscuwdt_g.o ps7_cortexa9_0/lib/xscuwdt_selftest.o ps7_cortexa9_0/
TRACE::2024-08-07.14:52:32::SCWBDomain::lib/xscuwdt_sinit.o ps7_cortexa9_0/lib/xsdps.o ps7_cortexa9_0/lib/xsdps_card.o ps7_cortexa9_0/lib/xsdps_g.o ps7_cortexa9_0/lib/
TRACE::2024-08-07.14:52:32::SCWBDomain::xsdps_host.o ps7_cortexa9_0/lib/xsdps_options.o ps7_cortexa9_0/lib/xsdps_sinit.o ps7_cortexa9_0/lib/xtime_l.o ps7_cortexa9_0/li
TRACE::2024-08-07.14:52:32::SCWBDomain::b/xuartps.o ps7_cortexa9_0/lib/xuartps_g.o ps7_cortexa9_0/lib/xuartps_hw.o ps7_cortexa9_0/lib/xuartps_intr.o ps7_cortexa9_0/lib
TRACE::2024-08-07.14:52:32::SCWBDomain::/xuartps_options.o ps7_cortexa9_0/lib/xuartps_selftest.o ps7_cortexa9_0/lib/xuartps_sinit.o ps7_cortexa9_0/lib/xusbps.o ps7_cor
TRACE::2024-08-07.14:52:32::SCWBDomain::texa9_0/lib/xusbps_endpoint.o ps7_cortexa9_0/lib/xusbps_g.o ps7_cortexa9_0/lib/xusbps_hw.o ps7_cortexa9_0/lib/xusbps_intr.o ps7
TRACE::2024-08-07.14:52:32::SCWBDomain::_cortexa9_0/lib/xusbps_sinit.o

TRACE::2024-08-07.14:52:32::SCWBDomain::Finished building libraries

TRACE::2024-08-07.14:52:32::SCWBDomain::make: Leaving directory '/home/kike/Desktop/marvin/marvin/pynq_z2_bram_wrapper/zynq_fsbl/zynq_fsbl_bsp'

TRACE::2024-08-07.14:52:32::SCWBDomain::arm-none-eabi-gcc -o fsbl.elf fsbl_handoff.o fsbl_hooks.o image_mover.o main.o md5.o nand.o nor.o pcap.o ps7_init.o qspi.o rsa.
TRACE::2024-08-07.14:52:32::SCWBDomain::o sd.o -MMD -MP       -mcpu=cortex-a9 -mfpu=vfpv3 -mfloat-abi=hard   -mcpu=cortex-a9 -mfpu=vfpv3 -mfloat-abi=hard -Wl,-build-id
TRACE::2024-08-07.14:52:32::SCWBDomain::=none -specs=Xilinx.spec  -lrsa -Wl,--start-group,-lxil,-lgcc,-lc,--end-group -Wl,--start-group,-lxilffs,-lxil,-lgcc,-lc,--end-
TRACE::2024-08-07.14:52:32::SCWBDomain::group -Wl,--start-group,-lrsa,-lxil,-lgcc,-lc,--end-group                                    -Wl,--gc-sections -Lzynq_fsbl_bsp/
TRACE::2024-08-07.14:52:32::SCWBDomain::ps7_cortexa9_0/lib -L./ -Tlscript.ld

LOG::2024-08-07.14:52:32::SCWSystem::Checking the domain freertos10_xilinx_ps7_cortexa9_0
LOG::2024-08-07.14:52:32::SCWSystem::Not a boot domain 
LOG::2024-08-07.14:52:32::SCWSystem::Started Processing the domain freertos10_xilinx_ps7_cortexa9_0
TRACE::2024-08-07.14:52:32::SCWDomain::Generating domain artifcats
TRACE::2024-08-07.14:52:32::SCWMssOS::Generating standalone artifcats
TRACE::2024-08-07.14:52:32::SCWMssOS::Copying the qemu file from  /home/kike/Desktop/marvin/marvin/pynq_z2_bram_wrapper/resources/pynq_z2_bram_wrapper/freertos10_xilinx_ps7_cortexa9_0/qemu_args.txt To /home/kike/Desktop/marvin/marvin/pynq_z2_bram_wrapper/export/pynq_z2_bram_wrapper/sw/pynq_z2_bram_wrapper/qemu/
TRACE::2024-08-07.14:52:32::SCWMssOS::Copying the qemu file from  /home/kike/Desktop/marvin/marvin/pynq_z2_bram_wrapper/resources/pynq_z2_bram_wrapper/freertos10_xilinx_ps7_cortexa9_0/qemu_args.txt To /home/kike/Desktop/marvin/marvin/pynq_z2_bram_wrapper/export/pynq_z2_bram_wrapper/sw/pynq_z2_bram_wrapper/freertos10_xilinx_ps7_cortexa9_0/qemu/
TRACE::2024-08-07.14:52:32::SCWMssOS:: Copying the user libraries. 
TRACE::2024-08-07.14:52:32::SCWPlatform::Trying to open the hw design at /home/kike/Desktop/marvin/marvin/pynq_z2_bram_wrapper/hw/pynq_z2_bram_wrapper.xsa
TRACE::2024-08-07.14:52:32::SCWPlatform::DSA given /home/kike/Desktop/marvin/marvin/pynq_z2_bram_wrapper/hw/pynq_z2_bram_wrapper.xsa
TRACE::2024-08-07.14:52:32::SCWPlatform::DSA absoulate path /home/kike/Desktop/marvin/marvin/pynq_z2_bram_wrapper/hw/pynq_z2_bram_wrapper.xsa
TRACE::2024-08-07.14:52:32::SCWPlatform::DSA directory /home/kike/Desktop/marvin/marvin/pynq_z2_bram_wrapper/hw
TRACE::2024-08-07.14:52:32::SCWPlatform:: Platform Path /home/kike/Desktop/marvin/marvin/pynq_z2_bram_wrapper/hw/pynq_z2_bram_wrapper.xsa
TRACE::2024-08-07.14:52:32::SCWPlatform:: Unique name xilinx:pynq-z2::0.0
TRACE::2024-08-07.14:52:32::SCWPlatform::Trying to set the existing hwdb with name pynq_z2_bram_wrapper
TRACE::2024-08-07.14:52:32::SCWPlatform::Opened existing hwdb pynq_z2_bram_wrapper
TRACE::2024-08-07.14:52:32::SCWPlatform::Found the Hw Db part of the input DSA
TRACE::2024-08-07.14:52:32::SCWMssOS::Checking the sw design at  /home/kike/Desktop/marvin/marvin/pynq_z2_bram_wrapper/ps7_cortexa9_0/freertos10_xilinx_ps7_cortexa9_0/bsp/system.mss
TRACE::2024-08-07.14:52:32::SCWMssOS::DEBUG:  swdes dump  /home/kike/Desktop/marvin/marvin/pynq_z2_bram_wrapper/ps7_cortexa9_0/freertos10_xilinx_ps7_cortexa9_0/bsp/system.mss|system_0||
/home/kike/Desktop/marvin/marvin/pynq_z2_bram_wrapper/zynq_fsbl/zynq_fsbl_bsp/system.mss|system||

TRACE::2024-08-07.14:52:32::SCWMssOS::Sw design exists and opened at  /home/kike/Desktop/marvin/marvin/pynq_z2_bram_wrapper/ps7_cortexa9_0/freertos10_xilinx_ps7_cortexa9_0/bsp/system.mss
TRACE::2024-08-07.14:52:32::SCWMssOS::Completed writing the mss file at /home/kike/Desktop/marvin/marvin/pynq_z2_bram_wrapper/ps7_cortexa9_0/freertos10_xilinx_ps7_cortexa9_0/bsp
TRACE::2024-08-07.14:52:32::SCWMssOS::Mss edits present, copying mssfile into export location /home/kike/Desktop/marvin/marvin/pynq_z2_bram_wrapper/ps7_cortexa9_0/freertos10_xilinx_ps7_cortexa9_0/bsp/system.mss
TRACE::2024-08-07.14:52:32::SCWMssOS::bsp generated is upto date with the mss file. Skipping bsp generation.
TRACE::2024-08-07.14:52:32::SCWMssOS::BSP is already built. skipping the bsp build ... 
TRACE::2024-08-07.14:52:32::SCWDomain::Building the domain :  freertos10_xilinx_ps7_cortexa9_0
TRACE::2024-08-07.14:52:32::SCWMssOS::doing bsp build ... 
TRACE::2024-08-07.14:52:32::SCWMssOS::System Command Ran  cd  /home/kike/Desktop/marvin/marvin/pynq_z2_bram_wrapper/ps7_cortexa9_0/freertos10_xilinx_ps7_cortexa9_0/bsp ; bash -c "make  " 
TRACE::2024-08-07.14:52:32::SCWMssOS::make --no-print-directory seq_libs

TRACE::2024-08-07.14:52:32::SCWMssOS::Finished building libraries sequentially.

TRACE::2024-08-07.14:52:32::SCWMssOS::make -j 10 --no-print-directory par_libs

TRACE::2024-08-07.14:52:32::SCWMssOS::Running Make include in ps7_cortexa9_0/libsrc/bram_v4_10/src

TRACE::2024-08-07.14:52:32::SCWMssOS::Running Make include in ps7_cortexa9_0/libsrc/coresightps_dcc_v1_10/src

TRACE::2024-08-07.14:52:32::SCWMssOS::make -C ps7_cortexa9_0/libsrc/bram_v4_10/src -s include  "SHELL=/bin/sh" "COMPILER=arm-none-eabi-gcc" "ASSEMBLER=arm-none-eabi-
TRACE::2024-08-07.14:52:32::SCWMssOS::as" "ARCHIVER=arm-none-eabi-ar" "COMPILER_FLAGS=  -O2 -c" "EXTRA_COMPILER_FLAGS=-mcpu=cortex-a9 -mfpu=vfpv3 -mfloat-abi=hard -n
TRACE::2024-08-07.14:52:32::SCWMssOS::ostartfiles -g -Wall -Wextra -fno-tree-loop-distribute-patterns"

TRACE::2024-08-07.14:52:32::SCWMssOS::make -C ps7_cortexa9_0/libsrc/coresightps_dcc_v1_10/src -s include  "SHELL=/bin/sh" "COMPILER=arm-none-eabi-gcc" "ASSEMBLER=arm
TRACE::2024-08-07.14:52:32::SCWMssOS::-none-eabi-as" "ARCHIVER=arm-none-eabi-ar" "COMPILER_FLAGS=  -O2 -c" "EXTRA_COMPILER_FLAGS=-mcpu=cortex-a9 -mfpu=vfpv3 -mfloat-
TRACE::2024-08-07.14:52:32::SCWMssOS::abi=hard -nostartfiles -g -Wall -Wextra -fno-tree-loop-distribute-patterns"

TRACE::2024-08-07.14:52:32::SCWMssOS::Running Make include in ps7_cortexa9_0/libsrc/ddrps_v1_2/src

TRACE::2024-08-07.14:52:32::SCWMssOS::Running Make include in ps7_cortexa9_0/libsrc/cpu_cortexa9_v2_12/src

TRACE::2024-08-07.14:52:32::SCWMssOS::make -C ps7_cortexa9_0/libsrc/cpu_cortexa9_v2_12/src -s include  "SHELL=/bin/sh" "COMPILER=arm-none-eabi-gcc" "ASSEMBLER=arm-no
TRACE::2024-08-07.14:52:32::SCWMssOS::ne-eabi-as" "ARCHIVER=arm-none-eabi-ar" "COMPILER_FLAGS=  -O2 -c" "EXTRA_COMPILER_FLAGS=-mcpu=cortex-a9 -mfpu=vfpv3 -mfloat-abi
TRACE::2024-08-07.14:52:32::SCWMssOS::=hard -nostartfiles -g -Wall -Wextra -fno-tree-loop-distribute-patterns"

TRACE::2024-08-07.14:52:32::SCWMssOS::make -C ps7_cortexa9_0/libsrc/ddrps_v1_2/src -s include  "SHELL=/bin/sh" "COMPILER=arm-none-eabi-gcc" "ASSEMBLER=arm-none-eabi-
TRACE::2024-08-07.14:52:32::SCWMssOS::as" "ARCHIVER=arm-none-eabi-ar" "COMPILER_FLAGS=  -O2 -c" "EXTRA_COMPILER_FLAGS=-mcpu=cortex-a9 -mfpu=vfpv3 -mfloat-abi=hard -n
TRACE::2024-08-07.14:52:32::SCWMssOS::ostartfiles -g -Wall -Wextra -fno-tree-loop-distribute-patterns"

TRACE::2024-08-07.14:52:32::SCWMssOS::Running Make include in ps7_cortexa9_0/libsrc/devcfg_v3_8/src

TRACE::2024-08-07.14:52:32::SCWMssOS::make -C ps7_cortexa9_0/libsrc/devcfg_v3_8/src -s include  "SHELL=/bin/sh" "COMPILER=arm-none-eabi-gcc" "ASSEMBLER=arm-none-eabi
TRACE::2024-08-07.14:52:32::SCWMssOS::-as" "ARCHIVER=arm-none-eabi-ar" "COMPILER_FLAGS=  -O2 -c" "EXTRA_COMPILER_FLAGS=-mcpu=cortex-a9 -mfpu=vfpv3 -mfloat-abi=hard -
TRACE::2024-08-07.14:52:32::SCWMssOS::nostartfiles -g -Wall -Wextra -fno-tree-loop-distribute-patterns"

TRACE::2024-08-07.14:52:32::SCWMssOS::Running Make include in ps7_cortexa9_0/libsrc/dmaps_v2_10/src

TRACE::2024-08-07.14:52:32::SCWMssOS::make -C ps7_cortexa9_0/libsrc/dmaps_v2_10/src -s include  "SHELL=/bin/sh" "COMPILER=arm-none-eabi-gcc" "ASSEMBLER=arm-none-eabi
TRACE::2024-08-07.14:52:32::SCWMssOS::-as" "ARCHIVER=arm-none-eabi-ar" "COMPILER_FLAGS=  -O2 -c" "EXTRA_COMPILER_FLAGS=-mcpu=cortex-a9 -mfpu=vfpv3 -mfloat-abi=hard -
TRACE::2024-08-07.14:52:32::SCWMssOS::nostartfiles -g -Wall -Wextra -fno-tree-loop-distribute-patterns"

TRACE::2024-08-07.14:52:32::SCWMssOS::Running Make include in ps7_cortexa9_0/libsrc/emacps_v3_20/src

TRACE::2024-08-07.14:52:32::SCWMssOS::make -C ps7_cortexa9_0/libsrc/emacps_v3_20/src -s include  "SHELL=/bin/sh" "COMPILER=arm-none-eabi-gcc" "ASSEMBLER=arm-none-eab
TRACE::2024-08-07.14:52:32::SCWMssOS::i-as" "ARCHIVER=arm-none-eabi-ar" "COMPILER_FLAGS=  -O2 -c" "EXTRA_COMPILER_FLAGS=-mcpu=cortex-a9 -mfpu=vfpv3 -mfloat-abi=hard 
TRACE::2024-08-07.14:52:32::SCWMssOS::-nostartfiles -g -Wall -Wextra -fno-tree-loop-distribute-patterns"

TRACE::2024-08-07.14:52:32::SCWMssOS::Running Make include in ps7_cortexa9_0/libsrc/freertos10_xilinx_v1_15/src

TRACE::2024-08-07.14:52:32::SCWMssOS::make -C ps7_cortexa9_0/libsrc/freertos10_xilinx_v1_15/src -s include  "SHELL=/bin/sh" "COMPILER=arm-none-eabi-gcc" "ASSEMBLER=a
TRACE::2024-08-07.14:52:32::SCWMssOS::rm-none-eabi-as" "ARCHIVER=arm-none-eabi-ar" "COMPILER_FLAGS=  -O2 -c" "EXTRA_COMPILER_FLAGS=-mcpu=cortex-a9 -mfpu=vfpv3 -mfloa
TRACE::2024-08-07.14:52:32::SCWMssOS::t-abi=hard -nostartfiles -g -Wall -Wextra -fno-tree-loop-distribute-patterns"

TRACE::2024-08-07.14:52:32::SCWMssOS::Running Make include in ps7_cortexa9_0/libsrc/gpiops_v3_13/src

TRACE::2024-08-07.14:52:32::SCWMssOS::make -C ps7_cortexa9_0/libsrc/gpiops_v3_13/src -s include  "SHELL=/bin/sh" "COMPILER=arm-none-eabi-gcc" "ASSEMBLER=arm-none-eab
TRACE::2024-08-07.14:52:32::SCWMssOS::i-as" "ARCHIVER=arm-none-eabi-ar" "COMPILER_FLAGS=  -O2 -c" "EXTRA_COMPILER_FLAGS=-mcpu=cortex-a9 -mfpu=vfpv3 -mfloat-abi=hard 
TRACE::2024-08-07.14:52:32::SCWMssOS::-nostartfiles -g -Wall -Wextra -fno-tree-loop-distribute-patterns"

TRACE::2024-08-07.14:52:32::SCWMssOS::Running Make include in ps7_cortexa9_0/libsrc/qspips_v3_12/src

TRACE::2024-08-07.14:52:32::SCWMssOS::make -C ps7_cortexa9_0/libsrc/qspips_v3_12/src -s include  "SHELL=/bin/sh" "COMPILER=arm-none-eabi-gcc" "ASSEMBLER=arm-none-eab
TRACE::2024-08-07.14:52:32::SCWMssOS::i-as" "ARCHIVER=arm-none-eabi-ar" "COMPILER_FLAGS=  -O2 -c" "EXTRA_COMPILER_FLAGS=-mcpu=cortex-a9 -mfpu=vfpv3 -mfloat-abi=hard 
TRACE::2024-08-07.14:52:32::SCWMssOS::-nostartfiles -g -Wall -Wextra -fno-tree-loop-distribute-patterns"

TRACE::2024-08-07.14:52:32::SCWMssOS::Running Make include in ps7_cortexa9_0/libsrc/scugic_v5_3/src

TRACE::2024-08-07.14:52:32::SCWMssOS::make -C ps7_cortexa9_0/libsrc/scugic_v5_3/src -s include  "SHELL=/bin/sh" "COMPILER=arm-none-eabi-gcc" "ASSEMBLER=arm-none-eabi
TRACE::2024-08-07.14:52:32::SCWMssOS::-as" "ARCHIVER=arm-none-eabi-ar" "COMPILER_FLAGS=  -O2 -c" "EXTRA_COMPILER_FLAGS=-mcpu=cortex-a9 -mfpu=vfpv3 -mfloat-abi=hard -
TRACE::2024-08-07.14:52:32::SCWMssOS::nostartfiles -g -Wall -Wextra -fno-tree-loop-distribute-patterns"

TRACE::2024-08-07.14:52:32::SCWMssOS::Running Make include in ps7_cortexa9_0/libsrc/scutimer_v2_6/src

TRACE::2024-08-07.14:52:32::SCWMssOS::make -C ps7_cortexa9_0/libsrc/scutimer_v2_6/src -s include  "SHELL=/bin/sh" "COMPILER=arm-none-eabi-gcc" "ASSEMBLER=arm-none-ea
TRACE::2024-08-07.14:52:32::SCWMssOS::bi-as" "ARCHIVER=arm-none-eabi-ar" "COMPILER_FLAGS=  -O2 -c" "EXTRA_COMPILER_FLAGS=-mcpu=cortex-a9 -mfpu=vfpv3 -mfloat-abi=hard
TRACE::2024-08-07.14:52:32::SCWMssOS:: -nostartfiles -g -Wall -Wextra -fno-tree-loop-distribute-patterns"

TRACE::2024-08-07.14:52:32::SCWMssOS::Running Make include in ps7_cortexa9_0/libsrc/scuwdt_v2_5/src

TRACE::2024-08-07.14:52:32::SCWMssOS::includes

TRACE::2024-08-07.14:52:32::SCWMssOS::make -C ps7_cortexa9_0/libsrc/scuwdt_v2_5/src -s include  "SHELL=/bin/sh" "COMPILER=arm-none-eabi-gcc" "ASSEMBLER=arm-none-eabi
TRACE::2024-08-07.14:52:32::SCWMssOS::-as" "ARCHIVER=arm-none-eabi-ar" "COMPILER_FLAGS=  -O2 -c" "EXTRA_COMPILER_FLAGS=-mcpu=cortex-a9 -mfpu=vfpv3 -mfloat-abi=hard -
TRACE::2024-08-07.14:52:32::SCWMssOS::nostartfiles -g -Wall -Wextra -fno-tree-loop-distribute-patterns"

TRACE::2024-08-07.14:52:32::SCWMssOS::Running Make include in ps7_cortexa9_0/libsrc/sdps_v4_3/src

TRACE::2024-08-07.14:52:32::SCWMssOS::Running Make include in ps7_cortexa9_0/libsrc/uartps_v3_14/src

TRACE::2024-08-07.14:52:32::SCWMssOS::Running Make include in ps7_cortexa9_0/libsrc/usbps_v2_9/src

TRACE::2024-08-07.14:52:32::SCWMssOS::Running Make include in ps7_cortexa9_0/libsrc/xadcps_v2_7/src

TRACE::2024-08-07.14:52:32::SCWMssOS::make -C ps7_cortexa9_0/libsrc/sdps_v4_3/src -s include  "SHELL=/bin/sh" "COMPILER=arm-none-eabi-gcc" "ASSEMBLER=arm-none-eabi-a
TRACE::2024-08-07.14:52:32::SCWMssOS::s" "ARCHIVER=arm-none-eabi-ar" "COMPILER_FLAGS=  -O2 -c" "EXTRA_COMPILER_FLAGS=-mcpu=cortex-a9 -mfpu=vfpv3 -mfloat-abi=hard -no
TRACE::2024-08-07.14:52:32::SCWMssOS::startfiles -g -Wall -Wextra -fno-tree-loop-distribute-patterns"

TRACE::2024-08-07.14:52:32::SCWMssOS::make -C ps7_cortexa9_0/libsrc/uartps_v3_14/src -s include  "SHELL=/bin/sh" "COMPILER=arm-none-eabi-gcc" "ASSEMBLER=arm-none-eab
TRACE::2024-08-07.14:52:32::SCWMssOS::i-as" "ARCHIVER=arm-none-eabi-ar" "COMPILER_FLAGS=  -O2 -c" "EXTRA_COMPILER_FLAGS=-mcpu=cortex-a9 -mfpu=vfpv3 -mfloat-abi=hard 
TRACE::2024-08-07.14:52:32::SCWMssOS::-nostartfiles -g -Wall -Wextra -fno-tree-loop-distribute-patterns"

TRACE::2024-08-07.14:52:32::SCWMssOS::make -C ps7_cortexa9_0/libsrc/usbps_v2_9/src -s include  "SHELL=/bin/sh" "COMPILER=arm-none-eabi-gcc" "ASSEMBLER=arm-none-eabi-
TRACE::2024-08-07.14:52:32::SCWMssOS::as" "ARCHIVER=arm-none-eabi-ar" "COMPILER_FLAGS=  -O2 -c" "EXTRA_COMPILER_FLAGS=-mcpu=cortex-a9 -mfpu=vfpv3 -mfloat-abi=hard -n
TRACE::2024-08-07.14:52:32::SCWMssOS::ostartfiles -g -Wall -Wextra -fno-tree-loop-distribute-patterns"

TRACE::2024-08-07.14:52:32::SCWMssOS::make -C ps7_cortexa9_0/libsrc/xadcps_v2_7/src -s include  "SHELL=/bin/sh" "COMPILER=arm-none-eabi-gcc" "ASSEMBLER=arm-none-eabi
TRACE::2024-08-07.14:52:32::SCWMssOS::-as" "ARCHIVER=arm-none-eabi-ar" "COMPILER_FLAGS=  -O2 -c" "EXTRA_COMPILER_FLAGS=-mcpu=cortex-a9 -mfpu=vfpv3 -mfloat-abi=hard -
TRACE::2024-08-07.14:52:32::SCWMssOS::nostartfiles -g -Wall -Wextra -fno-tree-loop-distribute-patterns"

TRACE::2024-08-07.14:52:32::SCWMssOS::Running Make include in ps7_cortexa9_0/libsrc/xiltimer_v2_0/src

TRACE::2024-08-07.14:52:32::SCWMssOS::make -C ps7_cortexa9_0/libsrc/xiltimer_v2_0/src -s include  "SHELL=/bin/sh" "COMPILER=arm-none-eabi-gcc" "ASSEMBLER=arm-none-ea
TRACE::2024-08-07.14:52:32::SCWMssOS::bi-as" "ARCHIVER=arm-none-eabi-ar" "COMPILER_FLAGS=  -O2 -c" "EXTRA_COMPILER_FLAGS=-mcpu=cortex-a9 -mfpu=vfpv3 -mfloat-abi=hard
TRACE::2024-08-07.14:52:32::SCWMssOS:: -nostartfiles -g -Wall -Wextra -fno-tree-loop-distribute-patterns"

TRACE::2024-08-07.14:52:32::SCWMssOS::Running Make libs in ps7_cortexa9_0/libsrc/bram_v4_10/src

TRACE::2024-08-07.14:52:32::SCWMssOS::make -C ps7_cortexa9_0/libsrc/bram_v4_10/src -s libs  "SHELL=/bin/sh" "COMPILER=arm-none-eabi-gcc" "ASSEMBLER=arm-none-eabi-as"
TRACE::2024-08-07.14:52:32::SCWMssOS:: "ARCHIVER=arm-none-eabi-ar" "COMPILER_FLAGS=  -O2 -c" "EXTRA_COMPILER_FLAGS=-mcpu=cortex-a9 -mfpu=vfpv3 -mfloat-abi=hard -nost
TRACE::2024-08-07.14:52:32::SCWMssOS::artfiles -g -Wall -Wextra -fno-tree-loop-distribute-patterns"

TRACE::2024-08-07.14:52:32::SCWMssOS::Running Make libs in ps7_cortexa9_0/libsrc/coresightps_dcc_v1_10/src

TRACE::2024-08-07.14:52:32::SCWMssOS::make -C ps7_cortexa9_0/libsrc/coresightps_dcc_v1_10/src -s libs  "SHELL=/bin/sh" "COMPILER=arm-none-eabi-gcc" "ASSEMBLER=arm-no
TRACE::2024-08-07.14:52:32::SCWMssOS::ne-eabi-as" "ARCHIVER=arm-none-eabi-ar" "COMPILER_FLAGS=  -O2 -c" "EXTRA_COMPILER_FLAGS=-mcpu=cortex-a9 -mfpu=vfpv3 -mfloat-abi
TRACE::2024-08-07.14:52:32::SCWMssOS::=hard -nostartfiles -g -Wall -Wextra -fno-tree-loop-distribute-patterns"

TRACE::2024-08-07.14:52:32::SCWMssOS::Running Make libs in ps7_cortexa9_0/libsrc/ddrps_v1_2/src

TRACE::2024-08-07.14:52:32::SCWMssOS::Running Make libs in ps7_cortexa9_0/libsrc/cpu_cortexa9_v2_12/src

TRACE::2024-08-07.14:52:32::SCWMssOS::make -C ps7_cortexa9_0/libsrc/cpu_cortexa9_v2_12/src -s libs  "SHELL=/bin/sh" "COMPILER=arm-none-eabi-gcc" "ASSEMBLER=arm-none-
TRACE::2024-08-07.14:52:32::SCWMssOS::eabi-as" "ARCHIVER=arm-none-eabi-ar" "COMPILER_FLAGS=  -O2 -c" "EXTRA_COMPILER_FLAGS=-mcpu=cortex-a9 -mfpu=vfpv3 -mfloat-abi=ha
TRACE::2024-08-07.14:52:32::SCWMssOS::rd -nostartfiles -g -Wall -Wextra -fno-tree-loop-distribute-patterns"

TRACE::2024-08-07.14:52:32::SCWMssOS::make -C ps7_cortexa9_0/libsrc/ddrps_v1_2/src -s libs  "SHELL=/bin/sh" "COMPILER=arm-none-eabi-gcc" "ASSEMBLER=arm-none-eabi-as"
TRACE::2024-08-07.14:52:32::SCWMssOS:: "ARCHIVER=arm-none-eabi-ar" "COMPILER_FLAGS=  -O2 -c" "EXTRA_COMPILER_FLAGS=-mcpu=cortex-a9 -mfpu=vfpv3 -mfloat-abi=hard -nost
TRACE::2024-08-07.14:52:32::SCWMssOS::artfiles -g -Wall -Wextra -fno-tree-loop-distribute-patterns"

TRACE::2024-08-07.14:52:32::SCWMssOS::Running Make libs in ps7_cortexa9_0/libsrc/devcfg_v3_8/src

TRACE::2024-08-07.14:52:32::SCWMssOS::make -C ps7_cortexa9_0/libsrc/devcfg_v3_8/src -s libs  "SHELL=/bin/sh" "COMPILER=arm-none-eabi-gcc" "ASSEMBLER=arm-none-eabi-as
TRACE::2024-08-07.14:52:32::SCWMssOS::" "ARCHIVER=arm-none-eabi-ar" "COMPILER_FLAGS=  -O2 -c" "EXTRA_COMPILER_FLAGS=-mcpu=cortex-a9 -mfpu=vfpv3 -mfloat-abi=hard -nos
TRACE::2024-08-07.14:52:32::SCWMssOS::tartfiles -g -Wall -Wextra -fno-tree-loop-distribute-patterns"

TRACE::2024-08-07.14:52:32::SCWMssOS::Running Make libs in ps7_cortexa9_0/libsrc/dmaps_v2_10/src

TRACE::2024-08-07.14:52:32::SCWMssOS::make -C ps7_cortexa9_0/libsrc/dmaps_v2_10/src -s libs  "SHELL=/bin/sh" "COMPILER=arm-none-eabi-gcc" "ASSEMBLER=arm-none-eabi-as
TRACE::2024-08-07.14:52:32::SCWMssOS::" "ARCHIVER=arm-none-eabi-ar" "COMPILER_FLAGS=  -O2 -c" "EXTRA_COMPILER_FLAGS=-mcpu=cortex-a9 -mfpu=vfpv3 -mfloat-abi=hard -nos
TRACE::2024-08-07.14:52:32::SCWMssOS::tartfiles -g -Wall -Wextra -fno-tree-loop-distribute-patterns"

TRACE::2024-08-07.14:52:32::SCWMssOS::Running Make libs in ps7_cortexa9_0/libsrc/emacps_v3_20/src

TRACE::2024-08-07.14:52:32::SCWMssOS::Running Make libs in ps7_cortexa9_0/libsrc/freertos10_xilinx_v1_15/src

TRACE::2024-08-07.14:52:32::SCWMssOS::make -C ps7_cortexa9_0/libsrc/emacps_v3_20/src -s libs  "SHELL=/bin/sh" "COMPILER=arm-none-eabi-gcc" "ASSEMBLER=arm-none-eabi-a
TRACE::2024-08-07.14:52:32::SCWMssOS::s" "ARCHIVER=arm-none-eabi-ar" "COMPILER_FLAGS=  -O2 -c" "EXTRA_COMPILER_FLAGS=-mcpu=cortex-a9 -mfpu=vfpv3 -mfloat-abi=hard -no
TRACE::2024-08-07.14:52:32::SCWMssOS::startfiles -g -Wall -Wextra -fno-tree-loop-distribute-patterns"

TRACE::2024-08-07.14:52:32::SCWMssOS::Running Make libs in ps7_cortexa9_0/libsrc/gpiops_v3_13/src

TRACE::2024-08-07.14:52:32::SCWMssOS::make -C ps7_cortexa9_0/libsrc/freertos10_xilinx_v1_15/src -s libs  "SHELL=/bin/sh" "COMPILER=arm-none-eabi-gcc" "ASSEMBLER=arm-
TRACE::2024-08-07.14:52:32::SCWMssOS::none-eabi-as" "ARCHIVER=arm-none-eabi-ar" "COMPILER_FLAGS=  -O2 -c" "EXTRA_COMPILER_FLAGS=-mcpu=cortex-a9 -mfpu=vfpv3 -mfloat-a
TRACE::2024-08-07.14:52:32::SCWMssOS::bi=hard -nostartfiles -g -Wall -Wextra -fno-tree-loop-distribute-patterns"

TRACE::2024-08-07.14:52:32::SCWMssOS::make -C ps7_cortexa9_0/libsrc/gpiops_v3_13/src -s libs  "SHELL=/bin/sh" "COMPILER=arm-none-eabi-gcc" "ASSEMBLER=arm-none-eabi-a
TRACE::2024-08-07.14:52:32::SCWMssOS::s" "ARCHIVER=arm-none-eabi-ar" "COMPILER_FLAGS=  -O2 -c" "EXTRA_COMPILER_FLAGS=-mcpu=cortex-a9 -mfpu=vfpv3 -mfloat-abi=hard -no
TRACE::2024-08-07.14:52:32::SCWMssOS::startfiles -g -Wall -Wextra -fno-tree-loop-distribute-patterns"

TRACE::2024-08-07.14:52:32::SCWMssOS::Running Make libs in ps7_cortexa9_0/libsrc/qspips_v3_12/src

TRACE::2024-08-07.14:52:32::SCWMssOS::make -C ps7_cortexa9_0/libsrc/qspips_v3_12/src -s libs  "SHELL=/bin/sh" "COMPILER=arm-none-eabi-gcc" "ASSEMBLER=arm-none-eabi-a
TRACE::2024-08-07.14:52:32::SCWMssOS::s" "ARCHIVER=arm-none-eabi-ar" "COMPILER_FLAGS=  -O2 -c" "EXTRA_COMPILER_FLAGS=-mcpu=cortex-a9 -mfpu=vfpv3 -mfloat-abi=hard -no
TRACE::2024-08-07.14:52:32::SCWMssOS::startfiles -g -Wall -Wextra -fno-tree-loop-distribute-patterns"

TRACE::2024-08-07.14:52:32::SCWMssOS::Running Make libs in ps7_cortexa9_0/libsrc/scugic_v5_3/src

TRACE::2024-08-07.14:52:32::SCWMssOS::make -C ps7_cortexa9_0/libsrc/scugic_v5_3/src -s libs  "SHELL=/bin/sh" "COMPILER=arm-none-eabi-gcc" "ASSEMBLER=arm-none-eabi-as
TRACE::2024-08-07.14:52:32::SCWMssOS::" "ARCHIVER=arm-none-eabi-ar" "COMPILER_FLAGS=  -O2 -c" "EXTRA_COMPILER_FLAGS=-mcpu=cortex-a9 -mfpu=vfpv3 -mfloat-abi=hard -nos
TRACE::2024-08-07.14:52:32::SCWMssOS::tartfiles -g -Wall -Wextra -fno-tree-loop-distribute-patterns"

TRACE::2024-08-07.14:52:32::SCWMssOS::Running Make libs in ps7_cortexa9_0/libsrc/scuwdt_v2_5/src

TRACE::2024-08-07.14:52:32::SCWMssOS::Running Make libs in ps7_cortexa9_0/libsrc/scutimer_v2_6/src

TRACE::2024-08-07.14:52:32::SCWMssOS::make -C ps7_cortexa9_0/libsrc/scutimer_v2_6/src -s libs  "SHELL=/bin/sh" "COMPILER=arm-none-eabi-gcc" "ASSEMBLER=arm-none-eabi-
TRACE::2024-08-07.14:52:32::SCWMssOS::as" "ARCHIVER=arm-none-eabi-ar" "COMPILER_FLAGS=  -O2 -c" "EXTRA_COMPILER_FLAGS=-mcpu=cortex-a9 -mfpu=vfpv3 -mfloat-abi=hard -n
TRACE::2024-08-07.14:52:32::SCWMssOS::ostartfiles -g -Wall -Wextra -fno-tree-loop-distribute-patterns"

TRACE::2024-08-07.14:52:32::SCWMssOS::make -C ps7_cortexa9_0/libsrc/scuwdt_v2_5/src -s libs  "SHELL=/bin/sh" "COMPILER=arm-none-eabi-gcc" "ASSEMBLER=arm-none-eabi-as
TRACE::2024-08-07.14:52:32::SCWMssOS::" "ARCHIVER=arm-none-eabi-ar" "COMPILER_FLAGS=  -O2 -c" "EXTRA_COMPILER_FLAGS=-mcpu=cortex-a9 -mfpu=vfpv3 -mfloat-abi=hard -nos
TRACE::2024-08-07.14:52:32::SCWMssOS::tartfiles -g -Wall -Wextra -fno-tree-loop-distribute-patterns"

TRACE::2024-08-07.14:52:32::SCWMssOS::Running Make libs in ps7_cortexa9_0/libsrc/sdps_v4_3/src

TRACE::2024-08-07.14:52:32::SCWMssOS::make -C ps7_cortexa9_0/libsrc/sdps_v4_3/src -s libs  "SHELL=/bin/sh" "COMPILER=arm-none-eabi-gcc" "ASSEMBLER=arm-none-eabi-as" 
TRACE::2024-08-07.14:52:32::SCWMssOS::"ARCHIVER=arm-none-eabi-ar" "COMPILER_FLAGS=  -O2 -c" "EXTRA_COMPILER_FLAGS=-mcpu=cortex-a9 -mfpu=vfpv3 -mfloat-abi=hard -nosta
TRACE::2024-08-07.14:52:32::SCWMssOS::rtfiles -g -Wall -Wextra -fno-tree-loop-distribute-patterns"

TRACE::2024-08-07.14:52:32::SCWMssOS::Running Make libs in ps7_cortexa9_0/libsrc/uartps_v3_14/src

TRACE::2024-08-07.14:52:32::SCWMssOS::make -C ps7_cortexa9_0/libsrc/uartps_v3_14/src -s libs  "SHELL=/bin/sh" "COMPILER=arm-none-eabi-gcc" "ASSEMBLER=arm-none-eabi-a
TRACE::2024-08-07.14:52:32::SCWMssOS::s" "ARCHIVER=arm-none-eabi-ar" "COMPILER_FLAGS=  -O2 -c" "EXTRA_COMPILER_FLAGS=-mcpu=cortex-a9 -mfpu=vfpv3 -mfloat-abi=hard -no
TRACE::2024-08-07.14:52:32::SCWMssOS::startfiles -g -Wall -Wextra -fno-tree-loop-distribute-patterns"

TRACE::2024-08-07.14:52:32::SCWMssOS::Running Make libs in ps7_cortexa9_0/libsrc/usbps_v2_9/src

TRACE::2024-08-07.14:52:32::SCWMssOS::make -C ps7_cortexa9_0/libsrc/usbps_v2_9/src -s libs  "SHELL=/bin/sh" "COMPILER=arm-none-eabi-gcc" "ASSEMBLER=arm-none-eabi-as"
TRACE::2024-08-07.14:52:32::SCWMssOS:: "ARCHIVER=arm-none-eabi-ar" "COMPILER_FLAGS=  -O2 -c" "EXTRA_COMPILER_FLAGS=-mcpu=cortex-a9 -mfpu=vfpv3 -mfloat-abi=hard -nost
TRACE::2024-08-07.14:52:32::SCWMssOS::artfiles -g -Wall -Wextra -fno-tree-loop-distribute-patterns"

TRACE::2024-08-07.14:52:32::SCWMssOS::Running Make libs in ps7_cortexa9_0/libsrc/xadcps_v2_7/src

TRACE::2024-08-07.14:52:32::SCWMssOS::Running Make libs in ps7_cortexa9_0/libsrc/xiltimer_v2_0/src

TRACE::2024-08-07.14:52:32::SCWMssOS::make -C ps7_cortexa9_0/libsrc/xadcps_v2_7/src -s libs  "SHELL=/bin/sh" "COMPILER=arm-none-eabi-gcc" "ASSEMBLER=arm-none-eabi-as
TRACE::2024-08-07.14:52:32::SCWMssOS::" "ARCHIVER=arm-none-eabi-ar" "COMPILER_FLAGS=  -O2 -c" "EXTRA_COMPILER_FLAGS=-mcpu=cortex-a9 -mfpu=vfpv3 -mfloat-abi=hard -nos
TRACE::2024-08-07.14:52:32::SCWMssOS::tartfiles -g -Wall -Wextra -fno-tree-loop-distribute-patterns"

TRACE::2024-08-07.14:52:32::SCWMssOS::make -C ps7_cortexa9_0/libsrc/xiltimer_v2_0/src -s libs  "SHELL=/bin/sh" "COMPILER=arm-none-eabi-gcc" "ASSEMBLER=arm-none-eabi-
TRACE::2024-08-07.14:52:32::SCWMssOS::as" "ARCHIVER=arm-none-eabi-ar" "COMPILER_FLAGS=  -O2 -c" "EXTRA_COMPILER_FLAGS=-mcpu=cortex-a9 -mfpu=vfpv3 -mfloat-abi=hard -n
TRACE::2024-08-07.14:52:32::SCWMssOS::ostartfiles -g -Wall -Wextra -fno-tree-loop-distribute-patterns"

TRACE::2024-08-07.14:52:32::SCWMssOS::Compiling xiltimer Library

TRACE::2024-08-07.14:52:32::SCWMssOS::Finished building libraries parallelly.

TRACE::2024-08-07.14:52:32::SCWMssOS::make --no-print-directory archive

TRACE::2024-08-07.14:52:32::SCWMssOS::arm-none-eabi-ar -r  ps7_cortexa9_0/lib/libxil.a ps7_cortexa9_0/lib/_exit.o ps7_cortexa9_0/lib/_open.o ps7_cortexa9_0/lib/_sbrk
TRACE::2024-08-07.14:52:32::SCWMssOS::.o ps7_cortexa9_0/lib/abort.o ps7_cortexa9_0/lib/boot.o ps7_cortexa9_0/lib/close.o ps7_cortexa9_0/lib/cpputest_time.o ps7_corte
TRACE::2024-08-07.14:52:32::SCWMssOS::xa9_0/lib/cpu_init.o ps7_cortexa9_0/lib/errno.o ps7_cortexa9_0/lib/fcntl.o ps7_cortexa9_0/lib/fstat.o ps7_cortexa9_0/lib/getent
TRACE::2024-08-07.14:52:32::SCWMssOS::ropy.o ps7_cortexa9_0/lib/getpid.o ps7_cortexa9_0/lib/inbyte.o ps7_cortexa9_0/lib/isatty.o ps7_cortexa9_0/lib/kill.o ps7_cortex
TRACE::2024-08-07.14:52:32::SCWMssOS::a9_0/lib/lseek.o ps7_cortexa9_0/lib/open.o ps7_cortexa9_0/lib/outbyte.o ps7_cortexa9_0/lib/print.o ps7_cortexa9_0/lib/putnum.o 
TRACE::2024-08-07.14:52:32::SCWMssOS::ps7_cortexa9_0/lib/read.o ps7_cortexa9_0/lib/sbrk.o ps7_cortexa9_0/lib/time.o ps7_cortexa9_0/lib/translation_table.o ps7_cortex
TRACE::2024-08-07.14:52:32::SCWMssOS::a9_0/lib/unlink.o ps7_cortexa9_0/lib/vectors.o ps7_cortexa9_0/lib/write.o ps7_cortexa9_0/lib/xadcps.o ps7_cortexa9_0/lib/xadcps
TRACE::2024-08-07.14:52:32::SCWMssOS::_g.o ps7_cortexa9_0/lib/xadcps_intr.o ps7_cortexa9_0/lib/xadcps_selftest.o ps7_cortexa9_0/lib/xadcps_sinit.o ps7_cortexa9_0/lib
TRACE::2024-08-07.14:52:32::SCWMssOS::/xbram.o ps7_cortexa9_0/lib/xbram_g.o ps7_cortexa9_0/lib/xbram_intr.o ps7_cortexa9_0/lib/xbram_selftest.o ps7_cortexa9_0/lib/xb
TRACE::2024-08-07.14:52:32::SCWMssOS::ram_sinit.o ps7_cortexa9_0/lib/xcoresightpsdcc.o ps7_cortexa9_0/lib/xdevcfg.o ps7_cortexa9_0/lib/xdevcfg_g.o ps7_cortexa9_0/lib
TRACE::2024-08-07.14:52:32::SCWMssOS::/xdevcfg_hw.o ps7_cortexa9_0/lib/xdevcfg_intr.o ps7_cortexa9_0/lib/xdevcfg_selftest.o ps7_cortexa9_0/lib/xdevcfg_sinit.o ps7_co
TRACE::2024-08-07.14:52:32::SCWMssOS::rtexa9_0/lib/xdmaps.o ps7_cortexa9_0/lib/xdmaps_g.o ps7_cortexa9_0/lib/xdmaps_hw.o ps7_cortexa9_0/lib/xdmaps_selftest.o ps7_cor
TRACE::2024-08-07.14:52:32::SCWMssOS::texa9_0/lib/xdmaps_sinit.o ps7_cortexa9_0/lib/xemacps.o ps7_cortexa9_0/lib/xemacps_bdring.o ps7_cortexa9_0/lib/xemacps_control.
TRACE::2024-08-07.14:52:32::SCWMssOS::o ps7_cortexa9_0/lib/xemacps_g.o ps7_cortexa9_0/lib/xemacps_hw.o ps7_cortexa9_0/lib/xemacps_intr.o ps7_cortexa9_0/lib/xemacps_s
TRACE::2024-08-07.14:52:32::SCWMssOS::init.o ps7_cortexa9_0/lib/xgpiops.o ps7_cortexa9_0/lib/xgpiops_g.o ps7_cortexa9_0/lib/xgpiops_hw.o ps7_cortexa9_0/lib/xgpiops_i
TRACE::2024-08-07.14:52:32::SCWMssOS::ntr.o ps7_cortexa9_0/lib/xgpiops_selftest.o ps7_cortexa9_0/lib/xgpiops_sinit.o ps7_cortexa9_0/lib/xil-crt0.o ps7_cortexa9_0/lib
TRACE::2024-08-07.14:52:32::SCWMssOS::/xil_assert.o ps7_cortexa9_0/lib/xil_cache.o ps7_cortexa9_0/lib/xil_clocking.o ps7_cortexa9_0/lib/xil_exception.o ps7_cortexa9_
TRACE::2024-08-07.14:52:32::SCWMssOS::0/lib/xil_mem.o ps7_cortexa9_0/lib/xil_misc_psreset_api.o ps7_cortexa9_0/lib/xil_mmu.o ps7_cortexa9_0/lib/xil_printf.o ps7_cort
TRACE::2024-08-07.14:52:32::SCWMssOS::exa9_0/lib/xil_spinlock.o ps7_cortexa9_0/lib/xil_testcache.o ps7_cortexa9_0/lib/xil_testio.o ps7_cortexa9_0/lib/xil_testmem.o p
TRACE::2024-08-07.14:52:32::SCWMssOS::s7_cortexa9_0/lib/xil_util.o ps7_cortexa9_0/lib/xinterrupt_wrap.o ps7_cortexa9_0/lib/xl2cc_counter.o ps7_cortexa9_0/lib/xplatfo
TRACE::2024-08-07.14:52:32::SCWMssOS::rm_info.o ps7_cortexa9_0/lib/xpm_counter.o ps7_cortexa9_0/lib/xpm_init.o ps7_cortexa9_0/lib/xqspips.o ps7_cortexa9_0/lib/xqspip
TRACE::2024-08-07.14:52:32::SCWMssOS::s_g.o ps7_cortexa9_0/lib/xqspips_hw.o ps7_cortexa9_0/lib/xqspips_options.o ps7_cortexa9_0/lib/xqspips_selftest.o ps7_cortexa9_0
TRACE::2024-08-07.14:52:32::SCWMssOS::/lib/xqspips_sinit.o ps7_cortexa9_0/lib/xscugic.o ps7_cortexa9_0/lib/xscugic_g.o ps7_cortexa9_0/lib/xscugic_hw.o ps7_cortexa9_0
TRACE::2024-08-07.14:52:32::SCWMssOS::/lib/xscugic_intr.o ps7_cortexa9_0/lib/xscugic_selftest.o ps7_cortexa9_0/lib/xscugic_sinit.o ps7_cortexa9_0/lib/xscutimer.o ps7
TRACE::2024-08-07.14:52:32::SCWMssOS::_cortexa9_0/lib/xscutimer_g.o ps7_cortexa9_0/lib/xscutimer_selftest.o ps7_cortexa9_0/lib/xscutimer_sinit.o ps7_cortexa9_0/lib/x
TRACE::2024-08-07.14:52:32::SCWMssOS::scuwdt.o ps7_cortexa9_0/lib/xscuwdt_g.o ps7_cortexa9_0/lib/xscuwdt_selftest.o ps7_cortexa9_0/lib/xscuwdt_sinit.o ps7_cortexa9_0
TRACE::2024-08-07.14:52:32::SCWMssOS::/lib/xsdps.o ps7_cortexa9_0/lib/xsdps_card.o ps7_cortexa9_0/lib/xsdps_g.o ps7_cortexa9_0/lib/xsdps_host.o ps7_cortexa9_0/lib/xs
TRACE::2024-08-07.14:52:32::SCWMssOS::dps_options.o ps7_cortexa9_0/lib/xsdps_sinit.o ps7_cortexa9_0/lib/xuartps.o ps7_cortexa9_0/lib/xuartps_g.o ps7_cortexa9_0/lib/x
TRACE::2024-08-07.14:52:32::SCWMssOS::uartps_hw.o ps7_cortexa9_0/lib/xuartps_intr.o ps7_cortexa9_0/lib/xuartps_options.o ps7_cortexa9_0/lib/xuartps_selftest.o ps7_co
TRACE::2024-08-07.14:52:32::SCWMssOS::rtexa9_0/lib/xuartps_sinit.o ps7_cortexa9_0/lib/xusbps.o ps7_cortexa9_0/lib/xusbps_endpoint.o ps7_cortexa9_0/lib/xusbps_g.o ps7
TRACE::2024-08-07.14:52:32::SCWMssOS::_cortexa9_0/lib/xusbps_hw.o ps7_cortexa9_0/lib/xusbps_intr.o ps7_cortexa9_0/lib/xusbps_sinit.o

TRACE::2024-08-07.14:52:32::SCWMssOS::Finished building libraries

TRACE::2024-08-07.14:52:32::SCWMssOS::Copying to export directory.
TRACE::2024-08-07.14:52:32::SCWMssOS:: Checking if to create the Supporting Applications
TRACE::2024-08-07.14:52:32::SCWMssOS:: No Linux domain exists, trying to generate FSBL 
LOG::2024-08-07.14:52:32::SCWSystem::Completed Processing the domain freertos10_xilinx_ps7_cortexa9_0
LOG::2024-08-07.14:52:32::SCWSystem::Completed Processing the sysconfig pynq_z2_bram_wrapper
LOG::2024-08-07.14:52:32::SCWPlatform::Completed generating the artifacts for system configuration pynq_z2_bram_wrapper
TRACE::2024-08-07.14:52:32::SCWPlatform::Started preparing the platform 
TRACE::2024-08-07.14:52:32::SCWSystem::Writing the bif file for system config pynq_z2_bram_wrapper
TRACE::2024-08-07.14:52:32::SCWSystem::dir created 
TRACE::2024-08-07.14:52:32::SCWSystem::Writing the bif 
TRACE::2024-08-07.14:52:32::SCWPlatform::Started writing the spfm file 
TRACE::2024-08-07.14:52:32::SCWPlatform::Started writing the xpfm file 
TRACE::2024-08-07.14:52:32::SCWPlatform::Completed generating the platform
TRACE::2024-08-07.14:52:32::SCWMssOS::Saving the mss changes /home/kike/Desktop/marvin/marvin/pynq_z2_bram_wrapper/zynq_fsbl/zynq_fsbl_bsp/system.mss
TRACE::2024-08-07.14:52:32::SCWMssOS::Found a swdesign opened with the mssfile.
TRACE::2024-08-07.14:52:32::SCWMssOS::Completed writemss as part of save.
TRACE::2024-08-07.14:52:32::SCWMssOS::Commit changes completed.
TRACE::2024-08-07.14:52:32::SCWMssOS::Saving the mss changes /home/kike/Desktop/marvin/marvin/pynq_z2_bram_wrapper/ps7_cortexa9_0/freertos10_xilinx_ps7_cortexa9_0/bsp/system.mss
TRACE::2024-08-07.14:52:32::SCWMssOS::Found a swdesign opened with the mssfile.
TRACE::2024-08-07.14:52:32::SCWMssOS::Completed writemss as part of save.
TRACE::2024-08-07.14:52:32::SCWMssOS::Commit changes completed.
TRACE::2024-08-07.14:52:32::SCWPlatform::Trying to open the hw design at /home/kike/Desktop/marvin/marvin/pynq_z2_bram_wrapper/hw/pynq_z2_bram_wrapper.xsa
TRACE::2024-08-07.14:52:32::SCWPlatform::DSA given /home/kike/Desktop/marvin/marvin/pynq_z2_bram_wrapper/hw/pynq_z2_bram_wrapper.xsa
TRACE::2024-08-07.14:52:32::SCWPlatform::DSA absoulate path /home/kike/Desktop/marvin/marvin/pynq_z2_bram_wrapper/hw/pynq_z2_bram_wrapper.xsa
TRACE::2024-08-07.14:52:32::SCWPlatform::DSA directory /home/kike/Desktop/marvin/marvin/pynq_z2_bram_wrapper/hw
TRACE::2024-08-07.14:52:32::SCWPlatform:: Platform Path /home/kike/Desktop/marvin/marvin/pynq_z2_bram_wrapper/hw/pynq_z2_bram_wrapper.xsa
TRACE::2024-08-07.14:52:32::SCWPlatform:: Unique name xilinx:pynq-z2::0.0
TRACE::2024-08-07.14:52:32::SCWPlatform::Trying to set the existing hwdb with name pynq_z2_bram_wrapper
TRACE::2024-08-07.14:52:32::SCWPlatform::Opened existing hwdb pynq_z2_bram_wrapper
TRACE::2024-08-07.14:52:32::SCWPlatform::Found the Hw Db part of the input DSA
TRACE::2024-08-07.14:52:32::SCWMssOS::Checking the sw design at  /home/kike/Desktop/marvin/marvin/pynq_z2_bram_wrapper/zynq_fsbl/zynq_fsbl_bsp/system.mss
TRACE::2024-08-07.14:52:32::SCWMssOS::DEBUG:  swdes dump  /home/kike/Desktop/marvin/marvin/pynq_z2_bram_wrapper/ps7_cortexa9_0/freertos10_xilinx_ps7_cortexa9_0/bsp/system.mss|system_0||
/home/kike/Desktop/marvin/marvin/pynq_z2_bram_wrapper/zynq_fsbl/zynq_fsbl_bsp/system.mss|system||

TRACE::2024-08-07.14:52:32::SCWMssOS::Sw design exists and opened at  /home/kike/Desktop/marvin/marvin/pynq_z2_bram_wrapper/zynq_fsbl/zynq_fsbl_bsp/system.mss
TRACE::2024-08-07.14:52:32::SCWPlatform::Trying to open the hw design at /home/kike/Desktop/marvin/marvin/pynq_z2_bram_wrapper/hw/pynq_z2_bram_wrapper.xsa
TRACE::2024-08-07.14:52:32::SCWPlatform::DSA given /home/kike/Desktop/marvin/marvin/pynq_z2_bram_wrapper/hw/pynq_z2_bram_wrapper.xsa
TRACE::2024-08-07.14:52:32::SCWPlatform::DSA absoulate path /home/kike/Desktop/marvin/marvin/pynq_z2_bram_wrapper/hw/pynq_z2_bram_wrapper.xsa
TRACE::2024-08-07.14:52:32::SCWPlatform::DSA directory /home/kike/Desktop/marvin/marvin/pynq_z2_bram_wrapper/hw
TRACE::2024-08-07.14:52:32::SCWPlatform:: Platform Path /home/kike/Desktop/marvin/marvin/pynq_z2_bram_wrapper/hw/pynq_z2_bram_wrapper.xsa
TRACE::2024-08-07.14:52:32::SCWPlatform:: Unique name xilinx:pynq-z2::0.0
TRACE::2024-08-07.14:52:32::SCWPlatform::Trying to set the existing hwdb with name pynq_z2_bram_wrapper
TRACE::2024-08-07.14:52:32::SCWPlatform::Opened existing hwdb pynq_z2_bram_wrapper
TRACE::2024-08-07.14:52:32::SCWPlatform::Found the Hw Db part of the input DSA
TRACE::2024-08-07.14:52:32::SCWMssOS::Checking the sw design at  /home/kike/Desktop/marvin/marvin/pynq_z2_bram_wrapper/ps7_cortexa9_0/freertos10_xilinx_ps7_cortexa9_0/bsp/system.mss
TRACE::2024-08-07.14:52:32::SCWMssOS::DEBUG:  swdes dump  /home/kike/Desktop/marvin/marvin/pynq_z2_bram_wrapper/ps7_cortexa9_0/freertos10_xilinx_ps7_cortexa9_0/bsp/system.mss|system_0||
/home/kike/Desktop/marvin/marvin/pynq_z2_bram_wrapper/zynq_fsbl/zynq_fsbl_bsp/system.mss|system||

TRACE::2024-08-07.14:52:32::SCWMssOS::Sw design exists and opened at  /home/kike/Desktop/marvin/marvin/pynq_z2_bram_wrapper/ps7_cortexa9_0/freertos10_xilinx_ps7_cortexa9_0/bsp/system.mss
TRACE::2024-08-07.14:52:32::SCWWriter::formatted JSON is {
	"platformName":	"pynq_z2_bram_wrapper",
	"sprVersion":	"2.0",
	"mode":	"gui",
	"dsaType":	"Fixed",
	"platformDesc":	"pynq_z2_bram_wrapper",
	"platHandOff":	"/home/kike/Desktop/marvin/vivado_project/pynq_z2_bram/pynq_z2_bram_wrapper.xsa",
	"platIntHandOff":	"<platformDir>/hw/pynq_z2_bram_wrapper.xsa",
	"deviceType":	"zynq",
	"platIsPrebuiltAutogen":	"false",
	"platIsNoBootBsp":	"false",
	"hasFsblMakeHasChanges":	"false",
	"hasPmufwMakeHasChanges":	"false",
	"fsblExtraCompilerFlags":	"-MMD -MP       -mcpu=cortex-a9 -mfpu=vfpv3 -mfloat-abi=hard ",
	"platPreBuiltFlag":	false,
	"platformSamplesDir":	"",
	"platActiveSys":	"pynq_z2_bram_wrapper",
	"systems":	[{
			"systemName":	"pynq_z2_bram_wrapper",
			"systemDesc":	"pynq_z2_bram_wrapper",
			"sysIsBootAutoGen":	"true",
			"systemDispName":	"pynq_z2_bram_wrapper",
			"sysActiveDom":	"freertos10_xilinx_ps7_cortexa9_0",
			"sysDefaultDom":	"freertos10_xilinx_ps7_cortexa9_0",
			"domains":	[{
					"domainName":	"zynq_fsbl",
					"domainDispName":	"zynq_fsbl",
					"domainDesc":	"FSBL Application BSP - Auto Generated.",
					"processors":	"ps7_cortexa9_0",
					"os":	"standalone",
					"sdxOs":	"standalone",
					"debugEnable":	"",
					"domRuntimes":	["cpp"],
					"swRepo":	"",
					"mssOsVer":	"9.1",
					"mssFile":	"",
					"md5Digest":	"409d1989a24d76fe76b05e785092fa28",
					"compatibleApp":	"zynq_fsbl",
					"domType":	"bootDomain",
					"arch":	"32-bit",
					"appSettings":	{
						"appCompilerFlags":	"",
						"appLinkerFlags":	""
					},
					"addedLibs":	["xilffs:5.2", "xilrsa:1.8"],
					"libOptions":	{
						"libsContainingOptions":	[]
					},
					"prebuiltLibs":	{
						"prebuiltIncPath":	[],
						"prebuiltLibPath":	[]
					},
					"isolation":	{
					}
				}, {
					"domainName":	"freertos10_xilinx_ps7_cortexa9_0",
					"domainDispName":	"freertos10_xilinx_ps7_cortexa9_0",
					"domainDesc":	"freertos10_xilinx_ps7_cortexa9_0",
					"processors":	"ps7_cortexa9_0",
					"os":	"freertos10_xilinx",
					"sdxOs":	"freertos10_xilinx",
					"qemuArgs":	"<platformDir>/resources/pynq_z2_bram_wrapper/freertos10_xilinx_ps7_cortexa9_0/qemu_args.txt",
					"qemuData":	"<platformDir>/resources/pynq_z2_bram_wrapper/freertos10_xilinx_ps7_cortexa9_0/qemu",
					"debugEnable":	"False",
					"domRuntimes":	["cpp"],
					"swRepo":	"",
					"mssOsVer":	"1.15",
					"mssFile":	"",
					"md5Digest":	"b16b094303b8a18353b8c330524e5d8f",
					"compatibleApp":	"",
					"domType":	"mssDomain",
					"arch":	"32-bit",
					"appSettings":	{
						"appCompilerFlags":	"",
						"appLinkerFlags":	""
					},
					"addedLibs":	["xiltimer:2.0"],
					"libOptions":	{
						"freertos10_xilinx":	{
							"xil_interrupt":	"true",
							"libOptionNames":	["xil_interrupt"]
						},
						"xiltimer":	{
							"en_interval_timer":	"true",
							"libOptionNames":	["en_interval_timer"]
						},
						"libsContainingOptions":	["freertos10_xilinx", "xiltimer"]
					},
					"prebuiltLibs":	{
						"prebuiltIncPath":	[],
						"prebuiltLibPath":	[]
					},
					"isolation":	{
					}
				}]
		}]
}
KEYINFO::2024-08-07.14:52:32::SCWPlatform::updated the xpfm file.
TRACE::2024-08-07.14:52:32::SCWPlatform::Trying to open the hw design at /home/kike/Desktop/marvin/marvin/pynq_z2_bram_wrapper/hw/pynq_z2_bram_wrapper.xsa
TRACE::2024-08-07.14:52:32::SCWPlatform::DSA given /home/kike/Desktop/marvin/marvin/pynq_z2_bram_wrapper/hw/pynq_z2_bram_wrapper.xsa
TRACE::2024-08-07.14:52:32::SCWPlatform::DSA absoulate path /home/kike/Desktop/marvin/marvin/pynq_z2_bram_wrapper/hw/pynq_z2_bram_wrapper.xsa
TRACE::2024-08-07.14:52:32::SCWPlatform::DSA directory /home/kike/Desktop/marvin/marvin/pynq_z2_bram_wrapper/hw
TRACE::2024-08-07.14:52:32::SCWPlatform:: Platform Path /home/kike/Desktop/marvin/marvin/pynq_z2_bram_wrapper/hw/pynq_z2_bram_wrapper.xsa
TRACE::2024-08-07.14:52:32::SCWPlatform:: Unique name xilinx:pynq-z2::0.0
TRACE::2024-08-07.14:52:32::SCWPlatform::Trying to set the existing hwdb with name pynq_z2_bram_wrapper
TRACE::2024-08-07.14:52:32::SCWPlatform::Opened existing hwdb pynq_z2_bram_wrapper
TRACE::2024-08-07.14:52:32::SCWPlatform::Found the Hw Db part of the input DSA
TRACE::2024-08-07.14:52:32::SCWMssOS::Checking the sw design at  /home/kike/Desktop/marvin/marvin/pynq_z2_bram_wrapper/ps7_cortexa9_0/freertos10_xilinx_ps7_cortexa9_0/bsp/system.mss
TRACE::2024-08-07.14:52:32::SCWMssOS::DEBUG:  swdes dump  /home/kike/Desktop/marvin/marvin/pynq_z2_bram_wrapper/ps7_cortexa9_0/freertos10_xilinx_ps7_cortexa9_0/bsp/system.mss|system_0||
/home/kike/Desktop/marvin/marvin/pynq_z2_bram_wrapper/zynq_fsbl/zynq_fsbl_bsp/system.mss|system||

TRACE::2024-08-07.14:52:32::SCWMssOS::Sw design exists and opened at  /home/kike/Desktop/marvin/marvin/pynq_z2_bram_wrapper/ps7_cortexa9_0/freertos10_xilinx_ps7_cortexa9_0/bsp/system.mss
