Copyright 1986-2022 Xilinx, Inc. All Rights Reserved. Copyright 2022-2024 Advanced Micro Devices, Inc. All Rights Reserved.
---------------------------------------------------------------------------------------------------------------------------------------------------------------------------------------------------------------------------------------------------------
| Tool Version : Vivado v.2024.1 (lin64) Build 5076996 Wed May 22 18:36:09 MDT 2024
| Date         : Mon Jul 15 13:39:51 2024
| Host         : travelmate running 64-bit Ubuntu 22.04.4 LTS
| Command      : report_timing_summary -max_paths 10 -report_unconstrained -file pynq_z2_bram_wrapper_timing_summary_routed.rpt -pb pynq_z2_bram_wrapper_timing_summary_routed.pb -rpx pynq_z2_bram_wrapper_timing_summary_routed.rpx -warn_on_violation
| Design       : pynq_z2_bram_wrapper
| Device       : 7z020-clg400
| Speed File   : -1  PRODUCTION 1.12 2019-11-22
| Design State : Routed
---------------------------------------------------------------------------------------------------------------------------------------------------------------------------------------------------------------------------------------------------------

Timing Summary Report

------------------------------------------------------------------------------------------------
| Timer Settings
| --------------
------------------------------------------------------------------------------------------------

  Enable Multi Corner Analysis               :  Yes
  Enable Pessimism Removal                   :  Yes
  Pessimism Removal Resolution               :  Nearest Common Node
  Enable Input Delay Default Clock           :  No
  Enable Preset / Clear Arcs                 :  No
  Disable Flight Delays                      :  No
  Ignore I/O Paths                           :  No
  Timing Early Launch at Borrowing Latches   :  No
  Borrow Time for Max Delay Exceptions       :  Yes
  Merge Timing Exceptions                    :  Yes
  Inter-SLR Compensation                     :  Conservative

  Corner  Analyze    Analyze    
  Name    Max Paths  Min Paths  
  ------  ---------  ---------  
  Slow    Yes        Yes        
  Fast    Yes        Yes        


------------------------------------------------------------------------------------------------
| Report Methodology
| ------------------
------------------------------------------------------------------------------------------------

No report available as report_methodology has not been run prior. Run report_methodology on the current design for the summary of methodology violations.



check_timing report

Table of Contents
-----------------
1. checking no_clock (0)
2. checking constant_clock (0)
3. checking pulse_width_clock (0)
4. checking unconstrained_internal_endpoints (0)
5. checking no_input_delay (0)
6. checking no_output_delay (0)
7. checking multiple_clock (0)
8. checking generated_clocks (0)
9. checking loops (0)
10. checking partial_input_delay (0)
11. checking partial_output_delay (0)
12. checking latch_loops (0)

1. checking no_clock (0)
------------------------
 There are 0 register/latch pins with no clock.


2. checking constant_clock (0)
------------------------------
 There are 0 register/latch pins with constant_clock.


3. checking pulse_width_clock (0)
---------------------------------
 There are 0 register/latch pins which need pulse_width check


4. checking unconstrained_internal_endpoints (0)
------------------------------------------------
 There are 0 pins that are not constrained for maximum delay.

 There are 0 pins that are not constrained for maximum delay due to constant clock.


5. checking no_input_delay (0)
------------------------------
 There are 0 input ports with no input delay specified.

 There are 0 input ports with no input delay but user has a false path constraint.


6. checking no_output_delay (0)
-------------------------------
 There are 0 ports with no output delay specified.

 There are 0 ports with no output delay but user has a false path constraint

 There are 0 ports with no output delay but with a timing clock defined on it or propagating through it


7. checking multiple_clock (0)
------------------------------
 There are 0 register/latch pins with multiple clocks.


8. checking generated_clocks (0)
--------------------------------
 There are 0 generated clocks that are not connected to a clock source.


9. checking loops (0)
---------------------
 There are 0 combinational loops in the design.


10. checking partial_input_delay (0)
------------------------------------
 There are 0 input ports with partial input delay specified.


11. checking partial_output_delay (0)
-------------------------------------
 There are 0 ports with partial output delay specified.


12. checking latch_loops (0)
----------------------------
 There are 0 combinational latch loops in the design through latch input



------------------------------------------------------------------------------------------------
| Design Timing Summary
| ---------------------
------------------------------------------------------------------------------------------------

    WNS(ns)      TNS(ns)  TNS Failing Endpoints  TNS Total Endpoints      WHS(ns)      THS(ns)  THS Failing Endpoints  THS Total Endpoints     WPWS(ns)     TPWS(ns)  TPWS Failing Endpoints  TPWS Total Endpoints  
    -------      -------  ---------------------  -------------------      -------      -------  ---------------------  -------------------     --------     --------  ----------------------  --------------------  
      3.252        0.000                      0                 4589        0.058        0.000                      0                 4589        3.750        0.000                       0                  1611  


All user specified timing constraints are met.


------------------------------------------------------------------------------------------------
| Clock Summary
| -------------
------------------------------------------------------------------------------------------------

Clock       Waveform(ns)       Period(ns)      Frequency(MHz)
-----       ------------       ----------      --------------
clk_fpga_0  {0.000 5.000}      10.000          100.000         


------------------------------------------------------------------------------------------------
| Intra Clock Table
| -----------------
------------------------------------------------------------------------------------------------

Clock             WNS(ns)      TNS(ns)  TNS Failing Endpoints  TNS Total Endpoints      WHS(ns)      THS(ns)  THS Failing Endpoints  THS Total Endpoints     WPWS(ns)     TPWS(ns)  TPWS Failing Endpoints  TPWS Total Endpoints  
-----             -------      -------  ---------------------  -------------------      -------      -------  ---------------------  -------------------     --------     --------  ----------------------  --------------------  
clk_fpga_0          3.252        0.000                      0                 4589        0.058        0.000                      0                 4589        3.750        0.000                       0                  1611  


------------------------------------------------------------------------------------------------
| Inter Clock Table
| -----------------
------------------------------------------------------------------------------------------------

From Clock    To Clock          WNS(ns)      TNS(ns)  TNS Failing Endpoints  TNS Total Endpoints      WHS(ns)      THS(ns)  THS Failing Endpoints  THS Total Endpoints  
----------    --------          -------      -------  ---------------------  -------------------      -------      -------  ---------------------  -------------------  


------------------------------------------------------------------------------------------------
| Other Path Groups Table
| -----------------------
------------------------------------------------------------------------------------------------

Path Group    From Clock    To Clock          WNS(ns)      TNS(ns)  TNS Failing Endpoints  TNS Total Endpoints      WHS(ns)      THS(ns)  THS Failing Endpoints  THS Total Endpoints  
----------    ----------    --------          -------      -------  ---------------------  -------------------      -------      -------  ---------------------  -------------------  


------------------------------------------------------------------------------------------------
| User Ignored Path Table
| -----------------------
------------------------------------------------------------------------------------------------

Path Group    From Clock    To Clock    
----------    ----------    --------    
(none)                      clk_fpga_0    
(none)        clk_fpga_0    clk_fpga_0    


------------------------------------------------------------------------------------------------
| Unconstrained Path Table
| ------------------------
------------------------------------------------------------------------------------------------

Path Group    From Clock    To Clock    
----------    ----------    --------    


------------------------------------------------------------------------------------------------
| Timing Details
| --------------
------------------------------------------------------------------------------------------------


---------------------------------------------------------------------------------------------------
From Clock:  clk_fpga_0
  To Clock:  clk_fpga_0

Setup :            0  Failing Endpoints,  Worst Slack        3.252ns,  Total Violation        0.000ns
Hold  :            0  Failing Endpoints,  Worst Slack        0.058ns,  Total Violation        0.000ns
PW    :            0  Failing Endpoints,  Worst Slack        3.750ns,  Total Violation        0.000ns
---------------------------------------------------------------------------------------------------


Max Delay Paths
--------------------------------------------------------------------------------------
Slack (MET) :             3.252ns  (required time - arrival time)
  Source:                 pynq_z2_bram_i/rst_ps7_0_100M/U0/ACTIVE_LOW_PR_OUT_DFF[0].FDRE_PER_N/C
                            (rising edge-triggered cell FDRE clocked by clk_fpga_0  {rise@0.000ns fall@5.000ns period=10.000ns})
  Destination:            pynq_z2_bram_i/axi_bram_ctrl_0/U0/gext_inst.abcv4_0_ext_inst/GEN_AXI4.I_FULL_AXI/I_RD_CHNL/GEN_NO_RD_CMD_OPT.brst_cnt_reg[0]/R
                            (rising edge-triggered cell FDRE clocked by clk_fpga_0  {rise@0.000ns fall@5.000ns period=10.000ns})
  Path Group:             clk_fpga_0
  Path Type:              Setup (Max at Slow Process Corner)
  Requirement:            10.000ns  (clk_fpga_0 rise@10.000ns - clk_fpga_0 rise@0.000ns)
  Data Path Delay:        5.604ns  (logic 0.609ns (10.868%)  route 4.995ns (89.132%))
  Logic Levels:           1  (LUT1=1)
  Clock Path Skew:        -0.354ns (DCD - SCD + CPR)
    Destination Clock Delay (DCD):    2.654ns = ( 12.654 - 10.000 ) 
    Source Clock Delay      (SCD):    3.137ns
    Clock Pessimism Removal (CPR):    0.129ns
  Clock Uncertainty:      0.154ns  ((TSJ^2 + TIJ^2)^1/2 + DJ) / 2 + PE
    Total System Jitter     (TSJ):    0.071ns
    Total Input Jitter      (TIJ):    0.300ns
    Discrete Jitter          (DJ):    0.000ns
    Phase Error              (PE):    0.000ns

    Location             Delay type                Incr(ns)  Path(ns)    Netlist Resource(s)
  -------------------------------------------------------------------    -------------------
                         (clock clk_fpga_0 rise edge)
                                                      0.000     0.000 r  
    PS7_X0Y0             PS7                          0.000     0.000 r  pynq_z2_bram_i/processing_system7_0/inst/PS7_i/FCLKCLK[0]
                         net (fo=1, routed)           1.193     1.193    pynq_z2_bram_i/processing_system7_0/inst/FCLK_CLK_unbuffered[0]
    BUFGCTRL_X0Y16       BUFG (Prop_bufg_I_O)         0.101     1.294 r  pynq_z2_bram_i/processing_system7_0/inst/buffer_fclk_clk_0.FCLK_CLK_0_BUFG/O
                         net (fo=1611, routed)        1.843     3.137    pynq_z2_bram_i/rst_ps7_0_100M/U0/slowest_sync_clk
    SLICE_X43Y106        FDRE                                         r  pynq_z2_bram_i/rst_ps7_0_100M/U0/ACTIVE_LOW_PR_OUT_DFF[0].FDRE_PER_N/C
  -------------------------------------------------------------------    -------------------
    SLICE_X43Y106        FDRE (Prop_fdre_C_Q)         0.456     3.593 f  pynq_z2_bram_i/rst_ps7_0_100M/U0/ACTIVE_LOW_PR_OUT_DFF[0].FDRE_PER_N/Q
                         net (fo=18, routed)          2.733     6.326    pynq_z2_bram_i/axi_bram_ctrl_0/U0/gext_inst.abcv4_0_ext_inst/GEN_AXI4.I_FULL_AXI/I_RD_CHNL/GEN_NO_RD_CMD_OPT.I_WRAP_BRST/s_axi_aresetn
    SLICE_X38Y93         LUT1 (Prop_lut1_I0_O)        0.153     6.479 r  pynq_z2_bram_i/axi_bram_ctrl_0/U0/gext_inst.abcv4_0_ext_inst/GEN_AXI4.I_FULL_AXI/I_RD_CHNL/GEN_NO_RD_CMD_OPT.I_WRAP_BRST/bram_rst_a_INST_0/O
                         net (fo=88, routed)          2.262     8.741    pynq_z2_bram_i/axi_bram_ctrl_0/U0/gext_inst.abcv4_0_ext_inst/GEN_AXI4.I_FULL_AXI/I_RD_CHNL/s_axi_aresetn_0
    SLICE_X48Y90         FDRE                                         r  pynq_z2_bram_i/axi_bram_ctrl_0/U0/gext_inst.abcv4_0_ext_inst/GEN_AXI4.I_FULL_AXI/I_RD_CHNL/GEN_NO_RD_CMD_OPT.brst_cnt_reg[0]/R
  -------------------------------------------------------------------    -------------------

                         (clock clk_fpga_0 rise edge)
                                                     10.000    10.000 r  
    PS7_X0Y0             PS7                          0.000    10.000 r  pynq_z2_bram_i/processing_system7_0/inst/PS7_i/FCLKCLK[0]
                         net (fo=1, routed)           1.088    11.088    pynq_z2_bram_i/processing_system7_0/inst/FCLK_CLK_unbuffered[0]
    BUFGCTRL_X0Y16       BUFG (Prop_bufg_I_O)         0.091    11.179 r  pynq_z2_bram_i/processing_system7_0/inst/buffer_fclk_clk_0.FCLK_CLK_0_BUFG/O
                         net (fo=1611, routed)        1.475    12.654    pynq_z2_bram_i/axi_bram_ctrl_0/U0/gext_inst.abcv4_0_ext_inst/GEN_AXI4.I_FULL_AXI/I_RD_CHNL/s_axi_aclk
    SLICE_X48Y90         FDRE                                         r  pynq_z2_bram_i/axi_bram_ctrl_0/U0/gext_inst.abcv4_0_ext_inst/GEN_AXI4.I_FULL_AXI/I_RD_CHNL/GEN_NO_RD_CMD_OPT.brst_cnt_reg[0]/C
                         clock pessimism              0.129    12.783    
                         clock uncertainty           -0.154    12.629    
    SLICE_X48Y90         FDRE (Setup_fdre_C_R)       -0.636    11.993    pynq_z2_bram_i/axi_bram_ctrl_0/U0/gext_inst.abcv4_0_ext_inst/GEN_AXI4.I_FULL_AXI/I_RD_CHNL/GEN_NO_RD_CMD_OPT.brst_cnt_reg[0]
  -------------------------------------------------------------------
                         required time                         11.993    
                         arrival time                          -8.741    
  -------------------------------------------------------------------
                         slack                                  3.252    

Slack (MET) :             3.256ns  (required time - arrival time)
  Source:                 pynq_z2_bram_i/rst_ps7_0_100M/U0/ACTIVE_LOW_PR_OUT_DFF[0].FDRE_PER_N/C
                            (rising edge-triggered cell FDRE clocked by clk_fpga_0  {rise@0.000ns fall@5.000ns period=10.000ns})
  Destination:            pynq_z2_bram_i/axi_bram_ctrl_0/U0/gext_inst.abcv4_0_ext_inst/GEN_AXI4.I_FULL_AXI/I_RD_CHNL/GEN_NO_RD_CMD_OPT.rddata_mux_sel_reg/R
                            (rising edge-triggered cell FDRE clocked by clk_fpga_0  {rise@0.000ns fall@5.000ns period=10.000ns})
  Path Group:             clk_fpga_0
  Path Type:              Setup (Max at Slow Process Corner)
  Requirement:            10.000ns  (clk_fpga_0 rise@10.000ns - clk_fpga_0 rise@0.000ns)
  Data Path Delay:        5.599ns  (logic 0.609ns (10.876%)  route 4.990ns (89.124%))
  Logic Levels:           1  (LUT1=1)
  Clock Path Skew:        -0.354ns (DCD - SCD + CPR)
    Destination Clock Delay (DCD):    2.654ns = ( 12.654 - 10.000 ) 
    Source Clock Delay      (SCD):    3.137ns
    Clock Pessimism Removal (CPR):    0.129ns
  Clock Uncertainty:      0.154ns  ((TSJ^2 + TIJ^2)^1/2 + DJ) / 2 + PE
    Total System Jitter     (TSJ):    0.071ns
    Total Input Jitter      (TIJ):    0.300ns
    Discrete Jitter          (DJ):    0.000ns
    Phase Error              (PE):    0.000ns

    Location             Delay type                Incr(ns)  Path(ns)    Netlist Resource(s)
  -------------------------------------------------------------------    -------------------
                         (clock clk_fpga_0 rise edge)
                                                      0.000     0.000 r  
    PS7_X0Y0             PS7                          0.000     0.000 r  pynq_z2_bram_i/processing_system7_0/inst/PS7_i/FCLKCLK[0]
                         net (fo=1, routed)           1.193     1.193    pynq_z2_bram_i/processing_system7_0/inst/FCLK_CLK_unbuffered[0]
    BUFGCTRL_X0Y16       BUFG (Prop_bufg_I_O)         0.101     1.294 r  pynq_z2_bram_i/processing_system7_0/inst/buffer_fclk_clk_0.FCLK_CLK_0_BUFG/O
                         net (fo=1611, routed)        1.843     3.137    pynq_z2_bram_i/rst_ps7_0_100M/U0/slowest_sync_clk
    SLICE_X43Y106        FDRE                                         r  pynq_z2_bram_i/rst_ps7_0_100M/U0/ACTIVE_LOW_PR_OUT_DFF[0].FDRE_PER_N/C
  -------------------------------------------------------------------    -------------------
    SLICE_X43Y106        FDRE (Prop_fdre_C_Q)         0.456     3.593 f  pynq_z2_bram_i/rst_ps7_0_100M/U0/ACTIVE_LOW_PR_OUT_DFF[0].FDRE_PER_N/Q
                         net (fo=18, routed)          2.733     6.326    pynq_z2_bram_i/axi_bram_ctrl_0/U0/gext_inst.abcv4_0_ext_inst/GEN_AXI4.I_FULL_AXI/I_RD_CHNL/GEN_NO_RD_CMD_OPT.I_WRAP_BRST/s_axi_aresetn
    SLICE_X38Y93         LUT1 (Prop_lut1_I0_O)        0.153     6.479 r  pynq_z2_bram_i/axi_bram_ctrl_0/U0/gext_inst.abcv4_0_ext_inst/GEN_AXI4.I_FULL_AXI/I_RD_CHNL/GEN_NO_RD_CMD_OPT.I_WRAP_BRST/bram_rst_a_INST_0/O
                         net (fo=88, routed)          2.258     8.736    pynq_z2_bram_i/axi_bram_ctrl_0/U0/gext_inst.abcv4_0_ext_inst/GEN_AXI4.I_FULL_AXI/I_RD_CHNL/s_axi_aresetn_0
    SLICE_X49Y90         FDRE                                         r  pynq_z2_bram_i/axi_bram_ctrl_0/U0/gext_inst.abcv4_0_ext_inst/GEN_AXI4.I_FULL_AXI/I_RD_CHNL/GEN_NO_RD_CMD_OPT.rddata_mux_sel_reg/R
  -------------------------------------------------------------------    -------------------

                         (clock clk_fpga_0 rise edge)
                                                     10.000    10.000 r  
    PS7_X0Y0             PS7                          0.000    10.000 r  pynq_z2_bram_i/processing_system7_0/inst/PS7_i/FCLKCLK[0]
                         net (fo=1, routed)           1.088    11.088    pynq_z2_bram_i/processing_system7_0/inst/FCLK_CLK_unbuffered[0]
    BUFGCTRL_X0Y16       BUFG (Prop_bufg_I_O)         0.091    11.179 r  pynq_z2_bram_i/processing_system7_0/inst/buffer_fclk_clk_0.FCLK_CLK_0_BUFG/O
                         net (fo=1611, routed)        1.475    12.654    pynq_z2_bram_i/axi_bram_ctrl_0/U0/gext_inst.abcv4_0_ext_inst/GEN_AXI4.I_FULL_AXI/I_RD_CHNL/s_axi_aclk
    SLICE_X49Y90         FDRE                                         r  pynq_z2_bram_i/axi_bram_ctrl_0/U0/gext_inst.abcv4_0_ext_inst/GEN_AXI4.I_FULL_AXI/I_RD_CHNL/GEN_NO_RD_CMD_OPT.rddata_mux_sel_reg/C
                         clock pessimism              0.129    12.783    
                         clock uncertainty           -0.154    12.629    
    SLICE_X49Y90         FDRE (Setup_fdre_C_R)       -0.636    11.993    pynq_z2_bram_i/axi_bram_ctrl_0/U0/gext_inst.abcv4_0_ext_inst/GEN_AXI4.I_FULL_AXI/I_RD_CHNL/GEN_NO_RD_CMD_OPT.rddata_mux_sel_reg
  -------------------------------------------------------------------
                         required time                         11.993    
                         arrival time                          -8.736    
  -------------------------------------------------------------------
                         slack                                  3.256    

Slack (MET) :             3.301ns  (required time - arrival time)
  Source:                 pynq_z2_bram_i/rst_ps7_0_100M/U0/ACTIVE_LOW_PR_OUT_DFF[0].FDRE_PER_N/C
                            (rising edge-triggered cell FDRE clocked by clk_fpga_0  {rise@0.000ns fall@5.000ns period=10.000ns})
  Destination:            pynq_z2_bram_i/axi_bram_ctrl_0/U0/gext_inst.abcv4_0_ext_inst/GEN_AXI4.I_FULL_AXI/I_RD_CHNL/GEN_NO_RD_CMD_OPT.brst_cnt_reg[4]/R
                            (rising edge-triggered cell FDRE clocked by clk_fpga_0  {rise@0.000ns fall@5.000ns period=10.000ns})
  Path Group:             clk_fpga_0
  Path Type:              Setup (Max at Slow Process Corner)
  Requirement:            10.000ns  (clk_fpga_0 rise@10.000ns - clk_fpga_0 rise@0.000ns)
  Data Path Delay:        5.554ns  (logic 0.609ns (10.965%)  route 4.945ns (89.035%))
  Logic Levels:           1  (LUT1=1)
  Clock Path Skew:        -0.354ns (DCD - SCD + CPR)
    Destination Clock Delay (DCD):    2.654ns = ( 12.654 - 10.000 ) 
    Source Clock Delay      (SCD):    3.137ns
    Clock Pessimism Removal (CPR):    0.129ns
  Clock Uncertainty:      0.154ns  ((TSJ^2 + TIJ^2)^1/2 + DJ) / 2 + PE
    Total System Jitter     (TSJ):    0.071ns
    Total Input Jitter      (TIJ):    0.300ns
    Discrete Jitter          (DJ):    0.000ns
    Phase Error              (PE):    0.000ns

    Location             Delay type                Incr(ns)  Path(ns)    Netlist Resource(s)
  -------------------------------------------------------------------    -------------------
                         (clock clk_fpga_0 rise edge)
                                                      0.000     0.000 r  
    PS7_X0Y0             PS7                          0.000     0.000 r  pynq_z2_bram_i/processing_system7_0/inst/PS7_i/FCLKCLK[0]
                         net (fo=1, routed)           1.193     1.193    pynq_z2_bram_i/processing_system7_0/inst/FCLK_CLK_unbuffered[0]
    BUFGCTRL_X0Y16       BUFG (Prop_bufg_I_O)         0.101     1.294 r  pynq_z2_bram_i/processing_system7_0/inst/buffer_fclk_clk_0.FCLK_CLK_0_BUFG/O
                         net (fo=1611, routed)        1.843     3.137    pynq_z2_bram_i/rst_ps7_0_100M/U0/slowest_sync_clk
    SLICE_X43Y106        FDRE                                         r  pynq_z2_bram_i/rst_ps7_0_100M/U0/ACTIVE_LOW_PR_OUT_DFF[0].FDRE_PER_N/C
  -------------------------------------------------------------------    -------------------
    SLICE_X43Y106        FDRE (Prop_fdre_C_Q)         0.456     3.593 f  pynq_z2_bram_i/rst_ps7_0_100M/U0/ACTIVE_LOW_PR_OUT_DFF[0].FDRE_PER_N/Q
                         net (fo=18, routed)          2.733     6.326    pynq_z2_bram_i/axi_bram_ctrl_0/U0/gext_inst.abcv4_0_ext_inst/GEN_AXI4.I_FULL_AXI/I_RD_CHNL/GEN_NO_RD_CMD_OPT.I_WRAP_BRST/s_axi_aresetn
    SLICE_X38Y93         LUT1 (Prop_lut1_I0_O)        0.153     6.479 r  pynq_z2_bram_i/axi_bram_ctrl_0/U0/gext_inst.abcv4_0_ext_inst/GEN_AXI4.I_FULL_AXI/I_RD_CHNL/GEN_NO_RD_CMD_OPT.I_WRAP_BRST/bram_rst_a_INST_0/O
                         net (fo=88, routed)          2.213     8.691    pynq_z2_bram_i/axi_bram_ctrl_0/U0/gext_inst.abcv4_0_ext_inst/GEN_AXI4.I_FULL_AXI/I_RD_CHNL/s_axi_aresetn_0
    SLICE_X48Y89         FDRE                                         r  pynq_z2_bram_i/axi_bram_ctrl_0/U0/gext_inst.abcv4_0_ext_inst/GEN_AXI4.I_FULL_AXI/I_RD_CHNL/GEN_NO_RD_CMD_OPT.brst_cnt_reg[4]/R
  -------------------------------------------------------------------    -------------------

                         (clock clk_fpga_0 rise edge)
                                                     10.000    10.000 r  
    PS7_X0Y0             PS7                          0.000    10.000 r  pynq_z2_bram_i/processing_system7_0/inst/PS7_i/FCLKCLK[0]
                         net (fo=1, routed)           1.088    11.088    pynq_z2_bram_i/processing_system7_0/inst/FCLK_CLK_unbuffered[0]
    BUFGCTRL_X0Y16       BUFG (Prop_bufg_I_O)         0.091    11.179 r  pynq_z2_bram_i/processing_system7_0/inst/buffer_fclk_clk_0.FCLK_CLK_0_BUFG/O
                         net (fo=1611, routed)        1.475    12.654    pynq_z2_bram_i/axi_bram_ctrl_0/U0/gext_inst.abcv4_0_ext_inst/GEN_AXI4.I_FULL_AXI/I_RD_CHNL/s_axi_aclk
    SLICE_X48Y89         FDRE                                         r  pynq_z2_bram_i/axi_bram_ctrl_0/U0/gext_inst.abcv4_0_ext_inst/GEN_AXI4.I_FULL_AXI/I_RD_CHNL/GEN_NO_RD_CMD_OPT.brst_cnt_reg[4]/C
                         clock pessimism              0.129    12.783    
                         clock uncertainty           -0.154    12.629    
    SLICE_X48Y89         FDRE (Setup_fdre_C_R)       -0.636    11.993    pynq_z2_bram_i/axi_bram_ctrl_0/U0/gext_inst.abcv4_0_ext_inst/GEN_AXI4.I_FULL_AXI/I_RD_CHNL/GEN_NO_RD_CMD_OPT.brst_cnt_reg[4]
  -------------------------------------------------------------------
                         required time                         11.993    
                         arrival time                          -8.691    
  -------------------------------------------------------------------
                         slack                                  3.301    

Slack (MET) :             3.301ns  (required time - arrival time)
  Source:                 pynq_z2_bram_i/rst_ps7_0_100M/U0/ACTIVE_LOW_PR_OUT_DFF[0].FDRE_PER_N/C
                            (rising edge-triggered cell FDRE clocked by clk_fpga_0  {rise@0.000ns fall@5.000ns period=10.000ns})
  Destination:            pynq_z2_bram_i/axi_bram_ctrl_0/U0/gext_inst.abcv4_0_ext_inst/GEN_AXI4.I_FULL_AXI/I_RD_CHNL/GEN_NO_RD_CMD_OPT.brst_cnt_reg[5]/R
                            (rising edge-triggered cell FDRE clocked by clk_fpga_0  {rise@0.000ns fall@5.000ns period=10.000ns})
  Path Group:             clk_fpga_0
  Path Type:              Setup (Max at Slow Process Corner)
  Requirement:            10.000ns  (clk_fpga_0 rise@10.000ns - clk_fpga_0 rise@0.000ns)
  Data Path Delay:        5.554ns  (logic 0.609ns (10.965%)  route 4.945ns (89.035%))
  Logic Levels:           1  (LUT1=1)
  Clock Path Skew:        -0.354ns (DCD - SCD + CPR)
    Destination Clock Delay (DCD):    2.654ns = ( 12.654 - 10.000 ) 
    Source Clock Delay      (SCD):    3.137ns
    Clock Pessimism Removal (CPR):    0.129ns
  Clock Uncertainty:      0.154ns  ((TSJ^2 + TIJ^2)^1/2 + DJ) / 2 + PE
    Total System Jitter     (TSJ):    0.071ns
    Total Input Jitter      (TIJ):    0.300ns
    Discrete Jitter          (DJ):    0.000ns
    Phase Error              (PE):    0.000ns

    Location             Delay type                Incr(ns)  Path(ns)    Netlist Resource(s)
  -------------------------------------------------------------------    -------------------
                         (clock clk_fpga_0 rise edge)
                                                      0.000     0.000 r  
    PS7_X0Y0             PS7                          0.000     0.000 r  pynq_z2_bram_i/processing_system7_0/inst/PS7_i/FCLKCLK[0]
                         net (fo=1, routed)           1.193     1.193    pynq_z2_bram_i/processing_system7_0/inst/FCLK_CLK_unbuffered[0]
    BUFGCTRL_X0Y16       BUFG (Prop_bufg_I_O)         0.101     1.294 r  pynq_z2_bram_i/processing_system7_0/inst/buffer_fclk_clk_0.FCLK_CLK_0_BUFG/O
                         net (fo=1611, routed)        1.843     3.137    pynq_z2_bram_i/rst_ps7_0_100M/U0/slowest_sync_clk
    SLICE_X43Y106        FDRE                                         r  pynq_z2_bram_i/rst_ps7_0_100M/U0/ACTIVE_LOW_PR_OUT_DFF[0].FDRE_PER_N/C
  -------------------------------------------------------------------    -------------------
    SLICE_X43Y106        FDRE (Prop_fdre_C_Q)         0.456     3.593 f  pynq_z2_bram_i/rst_ps7_0_100M/U0/ACTIVE_LOW_PR_OUT_DFF[0].FDRE_PER_N/Q
                         net (fo=18, routed)          2.733     6.326    pynq_z2_bram_i/axi_bram_ctrl_0/U0/gext_inst.abcv4_0_ext_inst/GEN_AXI4.I_FULL_AXI/I_RD_CHNL/GEN_NO_RD_CMD_OPT.I_WRAP_BRST/s_axi_aresetn
    SLICE_X38Y93         LUT1 (Prop_lut1_I0_O)        0.153     6.479 r  pynq_z2_bram_i/axi_bram_ctrl_0/U0/gext_inst.abcv4_0_ext_inst/GEN_AXI4.I_FULL_AXI/I_RD_CHNL/GEN_NO_RD_CMD_OPT.I_WRAP_BRST/bram_rst_a_INST_0/O
                         net (fo=88, routed)          2.213     8.691    pynq_z2_bram_i/axi_bram_ctrl_0/U0/gext_inst.abcv4_0_ext_inst/GEN_AXI4.I_FULL_AXI/I_RD_CHNL/s_axi_aresetn_0
    SLICE_X48Y89         FDRE                                         r  pynq_z2_bram_i/axi_bram_ctrl_0/U0/gext_inst.abcv4_0_ext_inst/GEN_AXI4.I_FULL_AXI/I_RD_CHNL/GEN_NO_RD_CMD_OPT.brst_cnt_reg[5]/R
  -------------------------------------------------------------------    -------------------

                         (clock clk_fpga_0 rise edge)
                                                     10.000    10.000 r  
    PS7_X0Y0             PS7                          0.000    10.000 r  pynq_z2_bram_i/processing_system7_0/inst/PS7_i/FCLKCLK[0]
                         net (fo=1, routed)           1.088    11.088    pynq_z2_bram_i/processing_system7_0/inst/FCLK_CLK_unbuffered[0]
    BUFGCTRL_X0Y16       BUFG (Prop_bufg_I_O)         0.091    11.179 r  pynq_z2_bram_i/processing_system7_0/inst/buffer_fclk_clk_0.FCLK_CLK_0_BUFG/O
                         net (fo=1611, routed)        1.475    12.654    pynq_z2_bram_i/axi_bram_ctrl_0/U0/gext_inst.abcv4_0_ext_inst/GEN_AXI4.I_FULL_AXI/I_RD_CHNL/s_axi_aclk
    SLICE_X48Y89         FDRE                                         r  pynq_z2_bram_i/axi_bram_ctrl_0/U0/gext_inst.abcv4_0_ext_inst/GEN_AXI4.I_FULL_AXI/I_RD_CHNL/GEN_NO_RD_CMD_OPT.brst_cnt_reg[5]/C
                         clock pessimism              0.129    12.783    
                         clock uncertainty           -0.154    12.629    
    SLICE_X48Y89         FDRE (Setup_fdre_C_R)       -0.636    11.993    pynq_z2_bram_i/axi_bram_ctrl_0/U0/gext_inst.abcv4_0_ext_inst/GEN_AXI4.I_FULL_AXI/I_RD_CHNL/GEN_NO_RD_CMD_OPT.brst_cnt_reg[5]
  -------------------------------------------------------------------
                         required time                         11.993    
                         arrival time                          -8.691    
  -------------------------------------------------------------------
                         slack                                  3.301    

Slack (MET) :             3.301ns  (required time - arrival time)
  Source:                 pynq_z2_bram_i/rst_ps7_0_100M/U0/ACTIVE_LOW_PR_OUT_DFF[0].FDRE_PER_N/C
                            (rising edge-triggered cell FDRE clocked by clk_fpga_0  {rise@0.000ns fall@5.000ns period=10.000ns})
  Destination:            pynq_z2_bram_i/axi_bram_ctrl_0/U0/gext_inst.abcv4_0_ext_inst/GEN_AXI4.I_FULL_AXI/I_RD_CHNL/GEN_NO_RD_CMD_OPT.brst_cnt_reg[6]/R
                            (rising edge-triggered cell FDRE clocked by clk_fpga_0  {rise@0.000ns fall@5.000ns period=10.000ns})
  Path Group:             clk_fpga_0
  Path Type:              Setup (Max at Slow Process Corner)
  Requirement:            10.000ns  (clk_fpga_0 rise@10.000ns - clk_fpga_0 rise@0.000ns)
  Data Path Delay:        5.554ns  (logic 0.609ns (10.965%)  route 4.945ns (89.035%))
  Logic Levels:           1  (LUT1=1)
  Clock Path Skew:        -0.354ns (DCD - SCD + CPR)
    Destination Clock Delay (DCD):    2.654ns = ( 12.654 - 10.000 ) 
    Source Clock Delay      (SCD):    3.137ns
    Clock Pessimism Removal (CPR):    0.129ns
  Clock Uncertainty:      0.154ns  ((TSJ^2 + TIJ^2)^1/2 + DJ) / 2 + PE
    Total System Jitter     (TSJ):    0.071ns
    Total Input Jitter      (TIJ):    0.300ns
    Discrete Jitter          (DJ):    0.000ns
    Phase Error              (PE):    0.000ns

    Location             Delay type                Incr(ns)  Path(ns)    Netlist Resource(s)
  -------------------------------------------------------------------    -------------------
                         (clock clk_fpga_0 rise edge)
                                                      0.000     0.000 r  
    PS7_X0Y0             PS7                          0.000     0.000 r  pynq_z2_bram_i/processing_system7_0/inst/PS7_i/FCLKCLK[0]
                         net (fo=1, routed)           1.193     1.193    pynq_z2_bram_i/processing_system7_0/inst/FCLK_CLK_unbuffered[0]
    BUFGCTRL_X0Y16       BUFG (Prop_bufg_I_O)         0.101     1.294 r  pynq_z2_bram_i/processing_system7_0/inst/buffer_fclk_clk_0.FCLK_CLK_0_BUFG/O
                         net (fo=1611, routed)        1.843     3.137    pynq_z2_bram_i/rst_ps7_0_100M/U0/slowest_sync_clk
    SLICE_X43Y106        FDRE                                         r  pynq_z2_bram_i/rst_ps7_0_100M/U0/ACTIVE_LOW_PR_OUT_DFF[0].FDRE_PER_N/C
  -------------------------------------------------------------------    -------------------
    SLICE_X43Y106        FDRE (Prop_fdre_C_Q)         0.456     3.593 f  pynq_z2_bram_i/rst_ps7_0_100M/U0/ACTIVE_LOW_PR_OUT_DFF[0].FDRE_PER_N/Q
                         net (fo=18, routed)          2.733     6.326    pynq_z2_bram_i/axi_bram_ctrl_0/U0/gext_inst.abcv4_0_ext_inst/GEN_AXI4.I_FULL_AXI/I_RD_CHNL/GEN_NO_RD_CMD_OPT.I_WRAP_BRST/s_axi_aresetn
    SLICE_X38Y93         LUT1 (Prop_lut1_I0_O)        0.153     6.479 r  pynq_z2_bram_i/axi_bram_ctrl_0/U0/gext_inst.abcv4_0_ext_inst/GEN_AXI4.I_FULL_AXI/I_RD_CHNL/GEN_NO_RD_CMD_OPT.I_WRAP_BRST/bram_rst_a_INST_0/O
                         net (fo=88, routed)          2.213     8.691    pynq_z2_bram_i/axi_bram_ctrl_0/U0/gext_inst.abcv4_0_ext_inst/GEN_AXI4.I_FULL_AXI/I_RD_CHNL/s_axi_aresetn_0
    SLICE_X48Y89         FDRE                                         r  pynq_z2_bram_i/axi_bram_ctrl_0/U0/gext_inst.abcv4_0_ext_inst/GEN_AXI4.I_FULL_AXI/I_RD_CHNL/GEN_NO_RD_CMD_OPT.brst_cnt_reg[6]/R
  -------------------------------------------------------------------    -------------------

                         (clock clk_fpga_0 rise edge)
                                                     10.000    10.000 r  
    PS7_X0Y0             PS7                          0.000    10.000 r  pynq_z2_bram_i/processing_system7_0/inst/PS7_i/FCLKCLK[0]
                         net (fo=1, routed)           1.088    11.088    pynq_z2_bram_i/processing_system7_0/inst/FCLK_CLK_unbuffered[0]
    BUFGCTRL_X0Y16       BUFG (Prop_bufg_I_O)         0.091    11.179 r  pynq_z2_bram_i/processing_system7_0/inst/buffer_fclk_clk_0.FCLK_CLK_0_BUFG/O
                         net (fo=1611, routed)        1.475    12.654    pynq_z2_bram_i/axi_bram_ctrl_0/U0/gext_inst.abcv4_0_ext_inst/GEN_AXI4.I_FULL_AXI/I_RD_CHNL/s_axi_aclk
    SLICE_X48Y89         FDRE                                         r  pynq_z2_bram_i/axi_bram_ctrl_0/U0/gext_inst.abcv4_0_ext_inst/GEN_AXI4.I_FULL_AXI/I_RD_CHNL/GEN_NO_RD_CMD_OPT.brst_cnt_reg[6]/C
                         clock pessimism              0.129    12.783    
                         clock uncertainty           -0.154    12.629    
    SLICE_X48Y89         FDRE (Setup_fdre_C_R)       -0.636    11.993    pynq_z2_bram_i/axi_bram_ctrl_0/U0/gext_inst.abcv4_0_ext_inst/GEN_AXI4.I_FULL_AXI/I_RD_CHNL/GEN_NO_RD_CMD_OPT.brst_cnt_reg[6]
  -------------------------------------------------------------------
                         required time                         11.993    
                         arrival time                          -8.691    
  -------------------------------------------------------------------
                         slack                                  3.301    

Slack (MET) :             3.361ns  (required time - arrival time)
  Source:                 pynq_z2_bram_i/rst_ps7_0_100M/U0/ACTIVE_LOW_PR_OUT_DFF[0].FDRE_PER_N/C
                            (rising edge-triggered cell FDRE clocked by clk_fpga_0  {rise@0.000ns fall@5.000ns period=10.000ns})
  Destination:            pynq_z2_bram_i/axi_bram_ctrl_0/U0/gext_inst.abcv4_0_ext_inst/GEN_AXI4.I_FULL_AXI/I_RD_CHNL/GEN_NO_RD_CMD_OPT.axi_rvalid_set_reg/R
                            (rising edge-triggered cell FDRE clocked by clk_fpga_0  {rise@0.000ns fall@5.000ns period=10.000ns})
  Path Group:             clk_fpga_0
  Path Type:              Setup (Max at Slow Process Corner)
  Requirement:            10.000ns  (clk_fpga_0 rise@10.000ns - clk_fpga_0 rise@0.000ns)
  Data Path Delay:        5.390ns  (logic 0.609ns (11.299%)  route 4.781ns (88.701%))
  Logic Levels:           1  (LUT1=1)
  Clock Path Skew:        -0.364ns (DCD - SCD + CPR)
    Destination Clock Delay (DCD):    2.644ns = ( 12.644 - 10.000 ) 
    Source Clock Delay      (SCD):    3.137ns
    Clock Pessimism Removal (CPR):    0.129ns
  Clock Uncertainty:      0.154ns  ((TSJ^2 + TIJ^2)^1/2 + DJ) / 2 + PE
    Total System Jitter     (TSJ):    0.071ns
    Total Input Jitter      (TIJ):    0.300ns
    Discrete Jitter          (DJ):    0.000ns
    Phase Error              (PE):    0.000ns

    Location             Delay type                Incr(ns)  Path(ns)    Netlist Resource(s)
  -------------------------------------------------------------------    -------------------
                         (clock clk_fpga_0 rise edge)
                                                      0.000     0.000 r  
    PS7_X0Y0             PS7                          0.000     0.000 r  pynq_z2_bram_i/processing_system7_0/inst/PS7_i/FCLKCLK[0]
                         net (fo=1, routed)           1.193     1.193    pynq_z2_bram_i/processing_system7_0/inst/FCLK_CLK_unbuffered[0]
    BUFGCTRL_X0Y16       BUFG (Prop_bufg_I_O)         0.101     1.294 r  pynq_z2_bram_i/processing_system7_0/inst/buffer_fclk_clk_0.FCLK_CLK_0_BUFG/O
                         net (fo=1611, routed)        1.843     3.137    pynq_z2_bram_i/rst_ps7_0_100M/U0/slowest_sync_clk
    SLICE_X43Y106        FDRE                                         r  pynq_z2_bram_i/rst_ps7_0_100M/U0/ACTIVE_LOW_PR_OUT_DFF[0].FDRE_PER_N/C
  -------------------------------------------------------------------    -------------------
    SLICE_X43Y106        FDRE (Prop_fdre_C_Q)         0.456     3.593 f  pynq_z2_bram_i/rst_ps7_0_100M/U0/ACTIVE_LOW_PR_OUT_DFF[0].FDRE_PER_N/Q
                         net (fo=18, routed)          2.733     6.326    pynq_z2_bram_i/axi_bram_ctrl_0/U0/gext_inst.abcv4_0_ext_inst/GEN_AXI4.I_FULL_AXI/I_RD_CHNL/GEN_NO_RD_CMD_OPT.I_WRAP_BRST/s_axi_aresetn
    SLICE_X38Y93         LUT1 (Prop_lut1_I0_O)        0.153     6.479 r  pynq_z2_bram_i/axi_bram_ctrl_0/U0/gext_inst.abcv4_0_ext_inst/GEN_AXI4.I_FULL_AXI/I_RD_CHNL/GEN_NO_RD_CMD_OPT.I_WRAP_BRST/bram_rst_a_INST_0/O
                         net (fo=88, routed)          2.048     8.527    pynq_z2_bram_i/axi_bram_ctrl_0/U0/gext_inst.abcv4_0_ext_inst/GEN_AXI4.I_FULL_AXI/I_RD_CHNL/s_axi_aresetn_0
    SLICE_X50Y91         FDRE                                         r  pynq_z2_bram_i/axi_bram_ctrl_0/U0/gext_inst.abcv4_0_ext_inst/GEN_AXI4.I_FULL_AXI/I_RD_CHNL/GEN_NO_RD_CMD_OPT.axi_rvalid_set_reg/R
  -------------------------------------------------------------------    -------------------

                         (clock clk_fpga_0 rise edge)
                                                     10.000    10.000 r  
    PS7_X0Y0             PS7                          0.000    10.000 r  pynq_z2_bram_i/processing_system7_0/inst/PS7_i/FCLKCLK[0]
                         net (fo=1, routed)           1.088    11.088    pynq_z2_bram_i/processing_system7_0/inst/FCLK_CLK_unbuffered[0]
    BUFGCTRL_X0Y16       BUFG (Prop_bufg_I_O)         0.091    11.179 r  pynq_z2_bram_i/processing_system7_0/inst/buffer_fclk_clk_0.FCLK_CLK_0_BUFG/O
                         net (fo=1611, routed)        1.465    12.644    pynq_z2_bram_i/axi_bram_ctrl_0/U0/gext_inst.abcv4_0_ext_inst/GEN_AXI4.I_FULL_AXI/I_RD_CHNL/s_axi_aclk
    SLICE_X50Y91         FDRE                                         r  pynq_z2_bram_i/axi_bram_ctrl_0/U0/gext_inst.abcv4_0_ext_inst/GEN_AXI4.I_FULL_AXI/I_RD_CHNL/GEN_NO_RD_CMD_OPT.axi_rvalid_set_reg/C
                         clock pessimism              0.129    12.773    
                         clock uncertainty           -0.154    12.619    
    SLICE_X50Y91         FDRE (Setup_fdre_C_R)       -0.731    11.888    pynq_z2_bram_i/axi_bram_ctrl_0/U0/gext_inst.abcv4_0_ext_inst/GEN_AXI4.I_FULL_AXI/I_RD_CHNL/GEN_NO_RD_CMD_OPT.axi_rvalid_set_reg
  -------------------------------------------------------------------
                         required time                         11.888    
                         arrival time                          -8.527    
  -------------------------------------------------------------------
                         slack                                  3.361    

Slack (MET) :             3.361ns  (required time - arrival time)
  Source:                 pynq_z2_bram_i/rst_ps7_0_100M/U0/ACTIVE_LOW_PR_OUT_DFF[0].FDRE_PER_N/C
                            (rising edge-triggered cell FDRE clocked by clk_fpga_0  {rise@0.000ns fall@5.000ns period=10.000ns})
  Destination:            pynq_z2_bram_i/axi_bram_ctrl_0/U0/gext_inst.abcv4_0_ext_inst/GEN_AXI4.I_FULL_AXI/I_RD_CHNL/GEN_NO_RD_CMD_OPT.pend_rd_op_reg/R
                            (rising edge-triggered cell FDRE clocked by clk_fpga_0  {rise@0.000ns fall@5.000ns period=10.000ns})
  Path Group:             clk_fpga_0
  Path Type:              Setup (Max at Slow Process Corner)
  Requirement:            10.000ns  (clk_fpga_0 rise@10.000ns - clk_fpga_0 rise@0.000ns)
  Data Path Delay:        5.390ns  (logic 0.609ns (11.299%)  route 4.781ns (88.701%))
  Logic Levels:           1  (LUT1=1)
  Clock Path Skew:        -0.364ns (DCD - SCD + CPR)
    Destination Clock Delay (DCD):    2.644ns = ( 12.644 - 10.000 ) 
    Source Clock Delay      (SCD):    3.137ns
    Clock Pessimism Removal (CPR):    0.129ns
  Clock Uncertainty:      0.154ns  ((TSJ^2 + TIJ^2)^1/2 + DJ) / 2 + PE
    Total System Jitter     (TSJ):    0.071ns
    Total Input Jitter      (TIJ):    0.300ns
    Discrete Jitter          (DJ):    0.000ns
    Phase Error              (PE):    0.000ns

    Location             Delay type                Incr(ns)  Path(ns)    Netlist Resource(s)
  -------------------------------------------------------------------    -------------------
                         (clock clk_fpga_0 rise edge)
                                                      0.000     0.000 r  
    PS7_X0Y0             PS7                          0.000     0.000 r  pynq_z2_bram_i/processing_system7_0/inst/PS7_i/FCLKCLK[0]
                         net (fo=1, routed)           1.193     1.193    pynq_z2_bram_i/processing_system7_0/inst/FCLK_CLK_unbuffered[0]
    BUFGCTRL_X0Y16       BUFG (Prop_bufg_I_O)         0.101     1.294 r  pynq_z2_bram_i/processing_system7_0/inst/buffer_fclk_clk_0.FCLK_CLK_0_BUFG/O
                         net (fo=1611, routed)        1.843     3.137    pynq_z2_bram_i/rst_ps7_0_100M/U0/slowest_sync_clk
    SLICE_X43Y106        FDRE                                         r  pynq_z2_bram_i/rst_ps7_0_100M/U0/ACTIVE_LOW_PR_OUT_DFF[0].FDRE_PER_N/C
  -------------------------------------------------------------------    -------------------
    SLICE_X43Y106        FDRE (Prop_fdre_C_Q)         0.456     3.593 f  pynq_z2_bram_i/rst_ps7_0_100M/U0/ACTIVE_LOW_PR_OUT_DFF[0].FDRE_PER_N/Q
                         net (fo=18, routed)          2.733     6.326    pynq_z2_bram_i/axi_bram_ctrl_0/U0/gext_inst.abcv4_0_ext_inst/GEN_AXI4.I_FULL_AXI/I_RD_CHNL/GEN_NO_RD_CMD_OPT.I_WRAP_BRST/s_axi_aresetn
    SLICE_X38Y93         LUT1 (Prop_lut1_I0_O)        0.153     6.479 r  pynq_z2_bram_i/axi_bram_ctrl_0/U0/gext_inst.abcv4_0_ext_inst/GEN_AXI4.I_FULL_AXI/I_RD_CHNL/GEN_NO_RD_CMD_OPT.I_WRAP_BRST/bram_rst_a_INST_0/O
                         net (fo=88, routed)          2.048     8.527    pynq_z2_bram_i/axi_bram_ctrl_0/U0/gext_inst.abcv4_0_ext_inst/GEN_AXI4.I_FULL_AXI/I_RD_CHNL/s_axi_aresetn_0
    SLICE_X50Y91         FDRE                                         r  pynq_z2_bram_i/axi_bram_ctrl_0/U0/gext_inst.abcv4_0_ext_inst/GEN_AXI4.I_FULL_AXI/I_RD_CHNL/GEN_NO_RD_CMD_OPT.pend_rd_op_reg/R
  -------------------------------------------------------------------    -------------------

                         (clock clk_fpga_0 rise edge)
                                                     10.000    10.000 r  
    PS7_X0Y0             PS7                          0.000    10.000 r  pynq_z2_bram_i/processing_system7_0/inst/PS7_i/FCLKCLK[0]
                         net (fo=1, routed)           1.088    11.088    pynq_z2_bram_i/processing_system7_0/inst/FCLK_CLK_unbuffered[0]
    BUFGCTRL_X0Y16       BUFG (Prop_bufg_I_O)         0.091    11.179 r  pynq_z2_bram_i/processing_system7_0/inst/buffer_fclk_clk_0.FCLK_CLK_0_BUFG/O
                         net (fo=1611, routed)        1.465    12.644    pynq_z2_bram_i/axi_bram_ctrl_0/U0/gext_inst.abcv4_0_ext_inst/GEN_AXI4.I_FULL_AXI/I_RD_CHNL/s_axi_aclk
    SLICE_X50Y91         FDRE                                         r  pynq_z2_bram_i/axi_bram_ctrl_0/U0/gext_inst.abcv4_0_ext_inst/GEN_AXI4.I_FULL_AXI/I_RD_CHNL/GEN_NO_RD_CMD_OPT.pend_rd_op_reg/C
                         clock pessimism              0.129    12.773    
                         clock uncertainty           -0.154    12.619    
    SLICE_X50Y91         FDRE (Setup_fdre_C_R)       -0.731    11.888    pynq_z2_bram_i/axi_bram_ctrl_0/U0/gext_inst.abcv4_0_ext_inst/GEN_AXI4.I_FULL_AXI/I_RD_CHNL/GEN_NO_RD_CMD_OPT.pend_rd_op_reg
  -------------------------------------------------------------------
                         required time                         11.888    
                         arrival time                          -8.527    
  -------------------------------------------------------------------
                         slack                                  3.361    

Slack (MET) :             3.400ns  (required time - arrival time)
  Source:                 pynq_z2_bram_i/rst_ps7_0_100M/U0/ACTIVE_LOW_PR_OUT_DFF[0].FDRE_PER_N/C
                            (rising edge-triggered cell FDRE clocked by clk_fpga_0  {rise@0.000ns fall@5.000ns period=10.000ns})
  Destination:            pynq_z2_bram_i/axi_bram_ctrl_0/U0/gext_inst.abcv4_0_ext_inst/GEN_AXI4.I_FULL_AXI/I_RD_CHNL/GEN_NO_RD_CMD_OPT.GEN_RDATA_NO_ECC.rd_skid_buf_reg[16]/R
                            (rising edge-triggered cell FDRE clocked by clk_fpga_0  {rise@0.000ns fall@5.000ns period=10.000ns})
  Path Group:             clk_fpga_0
  Path Type:              Setup (Max at Slow Process Corner)
  Requirement:            10.000ns  (clk_fpga_0 rise@10.000ns - clk_fpga_0 rise@0.000ns)
  Data Path Delay:        5.504ns  (logic 0.609ns (11.064%)  route 4.895ns (88.936%))
  Logic Levels:           1  (LUT1=1)
  Clock Path Skew:        -0.305ns (DCD - SCD + CPR)
    Destination Clock Delay (DCD):    2.703ns = ( 12.703 - 10.000 ) 
    Source Clock Delay      (SCD):    3.137ns
    Clock Pessimism Removal (CPR):    0.129ns
  Clock Uncertainty:      0.154ns  ((TSJ^2 + TIJ^2)^1/2 + DJ) / 2 + PE
    Total System Jitter     (TSJ):    0.071ns
    Total Input Jitter      (TIJ):    0.300ns
    Discrete Jitter          (DJ):    0.000ns
    Phase Error              (PE):    0.000ns

    Location             Delay type                Incr(ns)  Path(ns)    Netlist Resource(s)
  -------------------------------------------------------------------    -------------------
                         (clock clk_fpga_0 rise edge)
                                                      0.000     0.000 r  
    PS7_X0Y0             PS7                          0.000     0.000 r  pynq_z2_bram_i/processing_system7_0/inst/PS7_i/FCLKCLK[0]
                         net (fo=1, routed)           1.193     1.193    pynq_z2_bram_i/processing_system7_0/inst/FCLK_CLK_unbuffered[0]
    BUFGCTRL_X0Y16       BUFG (Prop_bufg_I_O)         0.101     1.294 r  pynq_z2_bram_i/processing_system7_0/inst/buffer_fclk_clk_0.FCLK_CLK_0_BUFG/O
                         net (fo=1611, routed)        1.843     3.137    pynq_z2_bram_i/rst_ps7_0_100M/U0/slowest_sync_clk
    SLICE_X43Y106        FDRE                                         r  pynq_z2_bram_i/rst_ps7_0_100M/U0/ACTIVE_LOW_PR_OUT_DFF[0].FDRE_PER_N/C
  -------------------------------------------------------------------    -------------------
    SLICE_X43Y106        FDRE (Prop_fdre_C_Q)         0.456     3.593 f  pynq_z2_bram_i/rst_ps7_0_100M/U0/ACTIVE_LOW_PR_OUT_DFF[0].FDRE_PER_N/Q
                         net (fo=18, routed)          2.733     6.326    pynq_z2_bram_i/axi_bram_ctrl_0/U0/gext_inst.abcv4_0_ext_inst/GEN_AXI4.I_FULL_AXI/I_RD_CHNL/GEN_NO_RD_CMD_OPT.I_WRAP_BRST/s_axi_aresetn
    SLICE_X38Y93         LUT1 (Prop_lut1_I0_O)        0.153     6.479 r  pynq_z2_bram_i/axi_bram_ctrl_0/U0/gext_inst.abcv4_0_ext_inst/GEN_AXI4.I_FULL_AXI/I_RD_CHNL/GEN_NO_RD_CMD_OPT.I_WRAP_BRST/bram_rst_a_INST_0/O
                         net (fo=88, routed)          2.163     8.641    pynq_z2_bram_i/axi_bram_ctrl_0/U0/gext_inst.abcv4_0_ext_inst/GEN_AXI4.I_FULL_AXI/I_RD_CHNL/s_axi_aresetn_0
    SLICE_X31Y91         FDRE                                         r  pynq_z2_bram_i/axi_bram_ctrl_0/U0/gext_inst.abcv4_0_ext_inst/GEN_AXI4.I_FULL_AXI/I_RD_CHNL/GEN_NO_RD_CMD_OPT.GEN_RDATA_NO_ECC.rd_skid_buf_reg[16]/R
  -------------------------------------------------------------------    -------------------

                         (clock clk_fpga_0 rise edge)
                                                     10.000    10.000 r  
    PS7_X0Y0             PS7                          0.000    10.000 r  pynq_z2_bram_i/processing_system7_0/inst/PS7_i/FCLKCLK[0]
                         net (fo=1, routed)           1.088    11.088    pynq_z2_bram_i/processing_system7_0/inst/FCLK_CLK_unbuffered[0]
    BUFGCTRL_X0Y16       BUFG (Prop_bufg_I_O)         0.091    11.179 r  pynq_z2_bram_i/processing_system7_0/inst/buffer_fclk_clk_0.FCLK_CLK_0_BUFG/O
                         net (fo=1611, routed)        1.524    12.703    pynq_z2_bram_i/axi_bram_ctrl_0/U0/gext_inst.abcv4_0_ext_inst/GEN_AXI4.I_FULL_AXI/I_RD_CHNL/s_axi_aclk
    SLICE_X31Y91         FDRE                                         r  pynq_z2_bram_i/axi_bram_ctrl_0/U0/gext_inst.abcv4_0_ext_inst/GEN_AXI4.I_FULL_AXI/I_RD_CHNL/GEN_NO_RD_CMD_OPT.GEN_RDATA_NO_ECC.rd_skid_buf_reg[16]/C
                         clock pessimism              0.129    12.832    
                         clock uncertainty           -0.154    12.678    
    SLICE_X31Y91         FDRE (Setup_fdre_C_R)       -0.636    12.042    pynq_z2_bram_i/axi_bram_ctrl_0/U0/gext_inst.abcv4_0_ext_inst/GEN_AXI4.I_FULL_AXI/I_RD_CHNL/GEN_NO_RD_CMD_OPT.GEN_RDATA_NO_ECC.rd_skid_buf_reg[16]
  -------------------------------------------------------------------
                         required time                         12.042    
                         arrival time                          -8.641    
  -------------------------------------------------------------------
                         slack                                  3.400    

Slack (MET) :             3.400ns  (required time - arrival time)
  Source:                 pynq_z2_bram_i/rst_ps7_0_100M/U0/ACTIVE_LOW_PR_OUT_DFF[0].FDRE_PER_N/C
                            (rising edge-triggered cell FDRE clocked by clk_fpga_0  {rise@0.000ns fall@5.000ns period=10.000ns})
  Destination:            pynq_z2_bram_i/axi_bram_ctrl_0/U0/gext_inst.abcv4_0_ext_inst/GEN_AXI4.I_FULL_AXI/I_RD_CHNL/GEN_NO_RD_CMD_OPT.GEN_RDATA_NO_ECC.rd_skid_buf_reg[17]/R
                            (rising edge-triggered cell FDRE clocked by clk_fpga_0  {rise@0.000ns fall@5.000ns period=10.000ns})
  Path Group:             clk_fpga_0
  Path Type:              Setup (Max at Slow Process Corner)
  Requirement:            10.000ns  (clk_fpga_0 rise@10.000ns - clk_fpga_0 rise@0.000ns)
  Data Path Delay:        5.504ns  (logic 0.609ns (11.064%)  route 4.895ns (88.936%))
  Logic Levels:           1  (LUT1=1)
  Clock Path Skew:        -0.305ns (DCD - SCD + CPR)
    Destination Clock Delay (DCD):    2.703ns = ( 12.703 - 10.000 ) 
    Source Clock Delay      (SCD):    3.137ns
    Clock Pessimism Removal (CPR):    0.129ns
  Clock Uncertainty:      0.154ns  ((TSJ^2 + TIJ^2)^1/2 + DJ) / 2 + PE
    Total System Jitter     (TSJ):    0.071ns
    Total Input Jitter      (TIJ):    0.300ns
    Discrete Jitter          (DJ):    0.000ns
    Phase Error              (PE):    0.000ns

    Location             Delay type                Incr(ns)  Path(ns)    Netlist Resource(s)
  -------------------------------------------------------------------    -------------------
                         (clock clk_fpga_0 rise edge)
                                                      0.000     0.000 r  
    PS7_X0Y0             PS7                          0.000     0.000 r  pynq_z2_bram_i/processing_system7_0/inst/PS7_i/FCLKCLK[0]
                         net (fo=1, routed)           1.193     1.193    pynq_z2_bram_i/processing_system7_0/inst/FCLK_CLK_unbuffered[0]
    BUFGCTRL_X0Y16       BUFG (Prop_bufg_I_O)         0.101     1.294 r  pynq_z2_bram_i/processing_system7_0/inst/buffer_fclk_clk_0.FCLK_CLK_0_BUFG/O
                         net (fo=1611, routed)        1.843     3.137    pynq_z2_bram_i/rst_ps7_0_100M/U0/slowest_sync_clk
    SLICE_X43Y106        FDRE                                         r  pynq_z2_bram_i/rst_ps7_0_100M/U0/ACTIVE_LOW_PR_OUT_DFF[0].FDRE_PER_N/C
  -------------------------------------------------------------------    -------------------
    SLICE_X43Y106        FDRE (Prop_fdre_C_Q)         0.456     3.593 f  pynq_z2_bram_i/rst_ps7_0_100M/U0/ACTIVE_LOW_PR_OUT_DFF[0].FDRE_PER_N/Q
                         net (fo=18, routed)          2.733     6.326    pynq_z2_bram_i/axi_bram_ctrl_0/U0/gext_inst.abcv4_0_ext_inst/GEN_AXI4.I_FULL_AXI/I_RD_CHNL/GEN_NO_RD_CMD_OPT.I_WRAP_BRST/s_axi_aresetn
    SLICE_X38Y93         LUT1 (Prop_lut1_I0_O)        0.153     6.479 r  pynq_z2_bram_i/axi_bram_ctrl_0/U0/gext_inst.abcv4_0_ext_inst/GEN_AXI4.I_FULL_AXI/I_RD_CHNL/GEN_NO_RD_CMD_OPT.I_WRAP_BRST/bram_rst_a_INST_0/O
                         net (fo=88, routed)          2.163     8.641    pynq_z2_bram_i/axi_bram_ctrl_0/U0/gext_inst.abcv4_0_ext_inst/GEN_AXI4.I_FULL_AXI/I_RD_CHNL/s_axi_aresetn_0
    SLICE_X31Y91         FDRE                                         r  pynq_z2_bram_i/axi_bram_ctrl_0/U0/gext_inst.abcv4_0_ext_inst/GEN_AXI4.I_FULL_AXI/I_RD_CHNL/GEN_NO_RD_CMD_OPT.GEN_RDATA_NO_ECC.rd_skid_buf_reg[17]/R
  -------------------------------------------------------------------    -------------------

                         (clock clk_fpga_0 rise edge)
                                                     10.000    10.000 r  
    PS7_X0Y0             PS7                          0.000    10.000 r  pynq_z2_bram_i/processing_system7_0/inst/PS7_i/FCLKCLK[0]
                         net (fo=1, routed)           1.088    11.088    pynq_z2_bram_i/processing_system7_0/inst/FCLK_CLK_unbuffered[0]
    BUFGCTRL_X0Y16       BUFG (Prop_bufg_I_O)         0.091    11.179 r  pynq_z2_bram_i/processing_system7_0/inst/buffer_fclk_clk_0.FCLK_CLK_0_BUFG/O
                         net (fo=1611, routed)        1.524    12.703    pynq_z2_bram_i/axi_bram_ctrl_0/U0/gext_inst.abcv4_0_ext_inst/GEN_AXI4.I_FULL_AXI/I_RD_CHNL/s_axi_aclk
    SLICE_X31Y91         FDRE                                         r  pynq_z2_bram_i/axi_bram_ctrl_0/U0/gext_inst.abcv4_0_ext_inst/GEN_AXI4.I_FULL_AXI/I_RD_CHNL/GEN_NO_RD_CMD_OPT.GEN_RDATA_NO_ECC.rd_skid_buf_reg[17]/C
                         clock pessimism              0.129    12.832    
                         clock uncertainty           -0.154    12.678    
    SLICE_X31Y91         FDRE (Setup_fdre_C_R)       -0.636    12.042    pynq_z2_bram_i/axi_bram_ctrl_0/U0/gext_inst.abcv4_0_ext_inst/GEN_AXI4.I_FULL_AXI/I_RD_CHNL/GEN_NO_RD_CMD_OPT.GEN_RDATA_NO_ECC.rd_skid_buf_reg[17]
  -------------------------------------------------------------------
                         required time                         12.042    
                         arrival time                          -8.641    
  -------------------------------------------------------------------
                         slack                                  3.400    

Slack (MET) :             3.400ns  (required time - arrival time)
  Source:                 pynq_z2_bram_i/rst_ps7_0_100M/U0/ACTIVE_LOW_PR_OUT_DFF[0].FDRE_PER_N/C
                            (rising edge-triggered cell FDRE clocked by clk_fpga_0  {rise@0.000ns fall@5.000ns period=10.000ns})
  Destination:            pynq_z2_bram_i/axi_bram_ctrl_0/U0/gext_inst.abcv4_0_ext_inst/GEN_AXI4.I_FULL_AXI/I_RD_CHNL/GEN_NO_RD_CMD_OPT.GEN_RDATA_NO_ECC.rd_skid_buf_reg[18]/R
                            (rising edge-triggered cell FDRE clocked by clk_fpga_0  {rise@0.000ns fall@5.000ns period=10.000ns})
  Path Group:             clk_fpga_0
  Path Type:              Setup (Max at Slow Process Corner)
  Requirement:            10.000ns  (clk_fpga_0 rise@10.000ns - clk_fpga_0 rise@0.000ns)
  Data Path Delay:        5.504ns  (logic 0.609ns (11.064%)  route 4.895ns (88.936%))
  Logic Levels:           1  (LUT1=1)
  Clock Path Skew:        -0.305ns (DCD - SCD + CPR)
    Destination Clock Delay (DCD):    2.703ns = ( 12.703 - 10.000 ) 
    Source Clock Delay      (SCD):    3.137ns
    Clock Pessimism Removal (CPR):    0.129ns
  Clock Uncertainty:      0.154ns  ((TSJ^2 + TIJ^2)^1/2 + DJ) / 2 + PE
    Total System Jitter     (TSJ):    0.071ns
    Total Input Jitter      (TIJ):    0.300ns
    Discrete Jitter          (DJ):    0.000ns
    Phase Error              (PE):    0.000ns

    Location             Delay type                Incr(ns)  Path(ns)    Netlist Resource(s)
  -------------------------------------------------------------------    -------------------
                         (clock clk_fpga_0 rise edge)
                                                      0.000     0.000 r  
    PS7_X0Y0             PS7                          0.000     0.000 r  pynq_z2_bram_i/processing_system7_0/inst/PS7_i/FCLKCLK[0]
                         net (fo=1, routed)           1.193     1.193    pynq_z2_bram_i/processing_system7_0/inst/FCLK_CLK_unbuffered[0]
    BUFGCTRL_X0Y16       BUFG (Prop_bufg_I_O)         0.101     1.294 r  pynq_z2_bram_i/processing_system7_0/inst/buffer_fclk_clk_0.FCLK_CLK_0_BUFG/O
                         net (fo=1611, routed)        1.843     3.137    pynq_z2_bram_i/rst_ps7_0_100M/U0/slowest_sync_clk
    SLICE_X43Y106        FDRE                                         r  pynq_z2_bram_i/rst_ps7_0_100M/U0/ACTIVE_LOW_PR_OUT_DFF[0].FDRE_PER_N/C
  -------------------------------------------------------------------    -------------------
    SLICE_X43Y106        FDRE (Prop_fdre_C_Q)         0.456     3.593 f  pynq_z2_bram_i/rst_ps7_0_100M/U0/ACTIVE_LOW_PR_OUT_DFF[0].FDRE_PER_N/Q
                         net (fo=18, routed)          2.733     6.326    pynq_z2_bram_i/axi_bram_ctrl_0/U0/gext_inst.abcv4_0_ext_inst/GEN_AXI4.I_FULL_AXI/I_RD_CHNL/GEN_NO_RD_CMD_OPT.I_WRAP_BRST/s_axi_aresetn
    SLICE_X38Y93         LUT1 (Prop_lut1_I0_O)        0.153     6.479 r  pynq_z2_bram_i/axi_bram_ctrl_0/U0/gext_inst.abcv4_0_ext_inst/GEN_AXI4.I_FULL_AXI/I_RD_CHNL/GEN_NO_RD_CMD_OPT.I_WRAP_BRST/bram_rst_a_INST_0/O
                         net (fo=88, routed)          2.163     8.641    pynq_z2_bram_i/axi_bram_ctrl_0/U0/gext_inst.abcv4_0_ext_inst/GEN_AXI4.I_FULL_AXI/I_RD_CHNL/s_axi_aresetn_0
    SLICE_X31Y91         FDRE                                         r  pynq_z2_bram_i/axi_bram_ctrl_0/U0/gext_inst.abcv4_0_ext_inst/GEN_AXI4.I_FULL_AXI/I_RD_CHNL/GEN_NO_RD_CMD_OPT.GEN_RDATA_NO_ECC.rd_skid_buf_reg[18]/R
  -------------------------------------------------------------------    -------------------

                         (clock clk_fpga_0 rise edge)
                                                     10.000    10.000 r  
    PS7_X0Y0             PS7                          0.000    10.000 r  pynq_z2_bram_i/processing_system7_0/inst/PS7_i/FCLKCLK[0]
                         net (fo=1, routed)           1.088    11.088    pynq_z2_bram_i/processing_system7_0/inst/FCLK_CLK_unbuffered[0]
    BUFGCTRL_X0Y16       BUFG (Prop_bufg_I_O)         0.091    11.179 r  pynq_z2_bram_i/processing_system7_0/inst/buffer_fclk_clk_0.FCLK_CLK_0_BUFG/O
                         net (fo=1611, routed)        1.524    12.703    pynq_z2_bram_i/axi_bram_ctrl_0/U0/gext_inst.abcv4_0_ext_inst/GEN_AXI4.I_FULL_AXI/I_RD_CHNL/s_axi_aclk
    SLICE_X31Y91         FDRE                                         r  pynq_z2_bram_i/axi_bram_ctrl_0/U0/gext_inst.abcv4_0_ext_inst/GEN_AXI4.I_FULL_AXI/I_RD_CHNL/GEN_NO_RD_CMD_OPT.GEN_RDATA_NO_ECC.rd_skid_buf_reg[18]/C
                         clock pessimism              0.129    12.832    
                         clock uncertainty           -0.154    12.678    
    SLICE_X31Y91         FDRE (Setup_fdre_C_R)       -0.636    12.042    pynq_z2_bram_i/axi_bram_ctrl_0/U0/gext_inst.abcv4_0_ext_inst/GEN_AXI4.I_FULL_AXI/I_RD_CHNL/GEN_NO_RD_CMD_OPT.GEN_RDATA_NO_ECC.rd_skid_buf_reg[18]
  -------------------------------------------------------------------
                         required time                         12.042    
                         arrival time                          -8.641    
  -------------------------------------------------------------------
                         slack                                  3.400    





Min Delay Paths
--------------------------------------------------------------------------------------
Slack (MET) :             0.058ns  (arrival time - required time)
  Source:                 pynq_z2_bram_i/axi_smc/inst/s00_entry_pipeline/s00_si_converter/inst/converter.wrap_narrow_inst/w_accum_reg[data][15]/C
                            (rising edge-triggered cell FDRE clocked by clk_fpga_0  {rise@0.000ns fall@5.000ns period=10.000ns})
  Destination:            pynq_z2_bram_i/axi_smc/inst/s00_entry_pipeline/s00_si_converter/inst/converter.wrap_narrow_inst/w_payld_fifo/gen_srls[87].srl_nx1/shift_reg_reg[0]_srl32/D
                            (rising edge-triggered cell SRLC32E clocked by clk_fpga_0  {rise@0.000ns fall@5.000ns period=10.000ns})
  Path Group:             clk_fpga_0
  Path Type:              Hold (Min at Fast Process Corner)
  Requirement:            0.000ns  (clk_fpga_0 rise@0.000ns - clk_fpga_0 rise@0.000ns)
  Data Path Delay:        0.257ns  (logic 0.141ns (54.917%)  route 0.116ns (45.083%))
  Logic Levels:           0  
  Clock Path Skew:        0.016ns (DCD - SCD - CPR)
    Destination Clock Delay (DCD):    1.210ns
    Source Clock Delay      (SCD):    0.912ns
    Clock Pessimism Removal (CPR):    0.282ns

    Location             Delay type                Incr(ns)  Path(ns)    Netlist Resource(s)
  -------------------------------------------------------------------    -------------------
                         (clock clk_fpga_0 rise edge)
                                                      0.000     0.000 r  
    PS7_X0Y0             PS7                          0.000     0.000 r  pynq_z2_bram_i/processing_system7_0/inst/PS7_i/FCLKCLK[0]
                         net (fo=1, routed)           0.310     0.310    pynq_z2_bram_i/processing_system7_0/inst/FCLK_CLK_unbuffered[0]
    BUFGCTRL_X0Y16       BUFG (Prop_bufg_I_O)         0.026     0.336 r  pynq_z2_bram_i/processing_system7_0/inst/buffer_fclk_clk_0.FCLK_CLK_0_BUFG/O
                         net (fo=1611, routed)        0.576     0.912    pynq_z2_bram_i/axi_smc/inst/s00_entry_pipeline/s00_si_converter/inst/converter.wrap_narrow_inst/aclk
    SLICE_X28Y94         FDRE                                         r  pynq_z2_bram_i/axi_smc/inst/s00_entry_pipeline/s00_si_converter/inst/converter.wrap_narrow_inst/w_accum_reg[data][15]/C
  -------------------------------------------------------------------    -------------------
    SLICE_X28Y94         FDRE (Prop_fdre_C_Q)         0.141     1.053 r  pynq_z2_bram_i/axi_smc/inst/s00_entry_pipeline/s00_si_converter/inst/converter.wrap_narrow_inst/w_accum_reg[data][15]/Q
                         net (fo=2, routed)           0.116     1.168    pynq_z2_bram_i/axi_smc/inst/s00_entry_pipeline/s00_si_converter/inst/converter.wrap_narrow_inst/w_payld_fifo/gen_srls[87].srl_nx1/w_accum_mesg[0]
    SLICE_X30Y94         SRLC32E                                      r  pynq_z2_bram_i/axi_smc/inst/s00_entry_pipeline/s00_si_converter/inst/converter.wrap_narrow_inst/w_payld_fifo/gen_srls[87].srl_nx1/shift_reg_reg[0]_srl32/D
  -------------------------------------------------------------------    -------------------

                         (clock clk_fpga_0 rise edge)
                                                      0.000     0.000 r  
    PS7_X0Y0             PS7                          0.000     0.000 r  pynq_z2_bram_i/processing_system7_0/inst/PS7_i/FCLKCLK[0]
                         net (fo=1, routed)           0.337     0.337    pynq_z2_bram_i/processing_system7_0/inst/FCLK_CLK_unbuffered[0]
    BUFGCTRL_X0Y16       BUFG (Prop_bufg_I_O)         0.029     0.366 r  pynq_z2_bram_i/processing_system7_0/inst/buffer_fclk_clk_0.FCLK_CLK_0_BUFG/O
                         net (fo=1611, routed)        0.844     1.210    pynq_z2_bram_i/axi_smc/inst/s00_entry_pipeline/s00_si_converter/inst/converter.wrap_narrow_inst/w_payld_fifo/gen_srls[87].srl_nx1/aclk
    SLICE_X30Y94         SRLC32E                                      r  pynq_z2_bram_i/axi_smc/inst/s00_entry_pipeline/s00_si_converter/inst/converter.wrap_narrow_inst/w_payld_fifo/gen_srls[87].srl_nx1/shift_reg_reg[0]_srl32/CLK
                         clock pessimism             -0.282     0.928    
    SLICE_X30Y94         SRLC32E (Hold_srlc32e_CLK_D)
                                                      0.183     1.111    pynq_z2_bram_i/axi_smc/inst/s00_entry_pipeline/s00_si_converter/inst/converter.wrap_narrow_inst/w_payld_fifo/gen_srls[87].srl_nx1/shift_reg_reg[0]_srl32
  -------------------------------------------------------------------
                         required time                         -1.111    
                         arrival time                           1.168    
  -------------------------------------------------------------------
                         slack                                  0.058    

Slack (MET) :             0.071ns  (arrival time - required time)
  Source:                 pynq_z2_bram_i/axi_bram_ctrl_0/U0/gext_inst.abcv4_0_ext_inst/GEN_AXI4.I_FULL_AXI/I_WR_CHNL/GEN_WRDATA[9].bram_wrdata_int_reg[9]/C
                            (rising edge-triggered cell FDRE clocked by clk_fpga_0  {rise@0.000ns fall@5.000ns period=10.000ns})
  Destination:            pynq_z2_bram_i/axi_bram_ctrl_0_bram/U0/inst_blk_mem_gen/gnbram.gnative_mem_map_bmg.native_mem_map_blk_mem_gen/valid.cstr/ramloop[0].ram.r/prim_noinit.ram/DEVICE_7SERIES.WITH_BMM_INFO.SP.SIMPLE_PRIM36.SP_NO_ECC_ATTR.ram/DIADI[9]
                            (rising edge-triggered cell RAMB36E1 clocked by clk_fpga_0  {rise@0.000ns fall@5.000ns period=10.000ns})
  Path Group:             clk_fpga_0
  Path Type:              Hold (Min at Fast Process Corner)
  Requirement:            0.000ns  (clk_fpga_0 rise@0.000ns - clk_fpga_0 rise@0.000ns)
  Data Path Delay:        0.389ns  (logic 0.128ns (32.919%)  route 0.261ns (67.081%))
  Logic Levels:           0  
  Clock Path Skew:        0.074ns (DCD - SCD - CPR)
    Destination Clock Delay (DCD):    1.231ns
    Source Clock Delay      (SCD):    0.893ns
    Clock Pessimism Removal (CPR):    0.264ns

    Location             Delay type                Incr(ns)  Path(ns)    Netlist Resource(s)
  -------------------------------------------------------------------    -------------------
                         (clock clk_fpga_0 rise edge)
                                                      0.000     0.000 r  
    PS7_X0Y0             PS7                          0.000     0.000 r  pynq_z2_bram_i/processing_system7_0/inst/PS7_i/FCLKCLK[0]
                         net (fo=1, routed)           0.310     0.310    pynq_z2_bram_i/processing_system7_0/inst/FCLK_CLK_unbuffered[0]
    BUFGCTRL_X0Y16       BUFG (Prop_bufg_I_O)         0.026     0.336 r  pynq_z2_bram_i/processing_system7_0/inst/buffer_fclk_clk_0.FCLK_CLK_0_BUFG/O
                         net (fo=1611, routed)        0.557     0.893    pynq_z2_bram_i/axi_bram_ctrl_0/U0/gext_inst.abcv4_0_ext_inst/GEN_AXI4.I_FULL_AXI/I_WR_CHNL/s_axi_aclk
    SLICE_X35Y92         FDRE                                         r  pynq_z2_bram_i/axi_bram_ctrl_0/U0/gext_inst.abcv4_0_ext_inst/GEN_AXI4.I_FULL_AXI/I_WR_CHNL/GEN_WRDATA[9].bram_wrdata_int_reg[9]/C
  -------------------------------------------------------------------    -------------------
    SLICE_X35Y92         FDRE (Prop_fdre_C_Q)         0.128     1.021 r  pynq_z2_bram_i/axi_bram_ctrl_0/U0/gext_inst.abcv4_0_ext_inst/GEN_AXI4.I_FULL_AXI/I_WR_CHNL/GEN_WRDATA[9].bram_wrdata_int_reg[9]/Q
                         net (fo=1, routed)           0.261     1.281    pynq_z2_bram_i/axi_bram_ctrl_0_bram/U0/inst_blk_mem_gen/gnbram.gnative_mem_map_bmg.native_mem_map_blk_mem_gen/valid.cstr/ramloop[0].ram.r/prim_noinit.ram/dina[9]
    RAMB36_X2Y17         RAMB36E1                                     r  pynq_z2_bram_i/axi_bram_ctrl_0_bram/U0/inst_blk_mem_gen/gnbram.gnative_mem_map_bmg.native_mem_map_blk_mem_gen/valid.cstr/ramloop[0].ram.r/prim_noinit.ram/DEVICE_7SERIES.WITH_BMM_INFO.SP.SIMPLE_PRIM36.SP_NO_ECC_ATTR.ram/DIADI[9]
  -------------------------------------------------------------------    -------------------

                         (clock clk_fpga_0 rise edge)
                                                      0.000     0.000 r  
    PS7_X0Y0             PS7                          0.000     0.000 r  pynq_z2_bram_i/processing_system7_0/inst/PS7_i/FCLKCLK[0]
                         net (fo=1, routed)           0.337     0.337    pynq_z2_bram_i/processing_system7_0/inst/FCLK_CLK_unbuffered[0]
    BUFGCTRL_X0Y16       BUFG (Prop_bufg_I_O)         0.029     0.366 r  pynq_z2_bram_i/processing_system7_0/inst/buffer_fclk_clk_0.FCLK_CLK_0_BUFG/O
                         net (fo=1611, routed)        0.865     1.231    pynq_z2_bram_i/axi_bram_ctrl_0_bram/U0/inst_blk_mem_gen/gnbram.gnative_mem_map_bmg.native_mem_map_blk_mem_gen/valid.cstr/ramloop[0].ram.r/prim_noinit.ram/clka
    RAMB36_X2Y17         RAMB36E1                                     r  pynq_z2_bram_i/axi_bram_ctrl_0_bram/U0/inst_blk_mem_gen/gnbram.gnative_mem_map_bmg.native_mem_map_blk_mem_gen/valid.cstr/ramloop[0].ram.r/prim_noinit.ram/DEVICE_7SERIES.WITH_BMM_INFO.SP.SIMPLE_PRIM36.SP_NO_ECC_ATTR.ram/CLKARDCLK
                         clock pessimism             -0.264     0.967    
    RAMB36_X2Y17         RAMB36E1 (Hold_ramb36e1_CLKARDCLK_DIADI[9])
                                                      0.243     1.210    pynq_z2_bram_i/axi_bram_ctrl_0_bram/U0/inst_blk_mem_gen/gnbram.gnative_mem_map_bmg.native_mem_map_blk_mem_gen/valid.cstr/ramloop[0].ram.r/prim_noinit.ram/DEVICE_7SERIES.WITH_BMM_INFO.SP.SIMPLE_PRIM36.SP_NO_ECC_ATTR.ram
  -------------------------------------------------------------------
                         required time                         -1.210    
                         arrival time                           1.281    
  -------------------------------------------------------------------
                         slack                                  0.071    

Slack (MET) :             0.079ns  (arrival time - required time)
  Source:                 pynq_z2_bram_i/axi_smc/inst/s00_nodes/s00_r_node/inst/inst_mi_handler/gen_normal_area.inst_fifo_node_payld/gen_xpm_memory_fifo.inst_fifo/gen_mem_rep[0].inst_xpm_memory/xpm_memory_base_inst/gen_rd_b.gen_rd_b_synth_template.gen_rf_narrow_reg.doutb_reg_reg[47]/C
                            (rising edge-triggered cell FDRE clocked by clk_fpga_0  {rise@0.000ns fall@5.000ns period=10.000ns})
  Destination:            pynq_z2_bram_i/axi_smc/inst/s00_entry_pipeline/s00_si_converter/inst/converter.wrap_narrow_inst/gen_thread_loop[0].r_payld_fifo/gen_srls[32].srl_nx1/shift_reg_reg[0]_srl32/D
                            (rising edge-triggered cell SRLC32E clocked by clk_fpga_0  {rise@0.000ns fall@5.000ns period=10.000ns})
  Path Group:             clk_fpga_0
  Path Type:              Hold (Min at Fast Process Corner)
  Requirement:            0.000ns  (clk_fpga_0 rise@0.000ns - clk_fpga_0 rise@0.000ns)
  Data Path Delay:        0.277ns  (logic 0.164ns (59.205%)  route 0.113ns (40.795%))
  Logic Levels:           0  
  Clock Path Skew:        0.015ns (DCD - SCD - CPR)
    Destination Clock Delay (DCD):    1.189ns
    Source Clock Delay      (SCD):    0.893ns
    Clock Pessimism Removal (CPR):    0.281ns

    Location             Delay type                Incr(ns)  Path(ns)    Netlist Resource(s)
  -------------------------------------------------------------------    -------------------
                         (clock clk_fpga_0 rise edge)
                                                      0.000     0.000 r  
    PS7_X0Y0             PS7                          0.000     0.000 r  pynq_z2_bram_i/processing_system7_0/inst/PS7_i/FCLKCLK[0]
                         net (fo=1, routed)           0.310     0.310    pynq_z2_bram_i/processing_system7_0/inst/FCLK_CLK_unbuffered[0]
    BUFGCTRL_X0Y16       BUFG (Prop_bufg_I_O)         0.026     0.336 r  pynq_z2_bram_i/processing_system7_0/inst/buffer_fclk_clk_0.FCLK_CLK_0_BUFG/O
                         net (fo=1611, routed)        0.557     0.893    pynq_z2_bram_i/axi_smc/inst/s00_nodes/s00_r_node/inst/inst_mi_handler/gen_normal_area.inst_fifo_node_payld/gen_xpm_memory_fifo.inst_fifo/gen_mem_rep[0].inst_xpm_memory/xpm_memory_base_inst/clka
    SLICE_X32Y90         FDRE                                         r  pynq_z2_bram_i/axi_smc/inst/s00_nodes/s00_r_node/inst/inst_mi_handler/gen_normal_area.inst_fifo_node_payld/gen_xpm_memory_fifo.inst_fifo/gen_mem_rep[0].inst_xpm_memory/xpm_memory_base_inst/gen_rd_b.gen_rd_b_synth_template.gen_rf_narrow_reg.doutb_reg_reg[47]/C
  -------------------------------------------------------------------    -------------------
    SLICE_X32Y90         FDRE (Prop_fdre_C_Q)         0.164     1.057 r  pynq_z2_bram_i/axi_smc/inst/s00_nodes/s00_r_node/inst/inst_mi_handler/gen_normal_area.inst_fifo_node_payld/gen_xpm_memory_fifo.inst_fifo/gen_mem_rep[0].inst_xpm_memory/xpm_memory_base_inst/gen_rd_b.gen_rd_b_synth_template.gen_rf_narrow_reg.doutb_reg_reg[47]/Q
                         net (fo=1, routed)           0.113     1.170    pynq_z2_bram_i/axi_smc/inst/s00_entry_pipeline/s00_si_converter/inst/converter.wrap_narrow_inst/gen_thread_loop[0].r_payld_fifo/gen_srls[32].srl_nx1/m_axi_rdata[0]
    SLICE_X32Y89         SRLC32E                                      r  pynq_z2_bram_i/axi_smc/inst/s00_entry_pipeline/s00_si_converter/inst/converter.wrap_narrow_inst/gen_thread_loop[0].r_payld_fifo/gen_srls[32].srl_nx1/shift_reg_reg[0]_srl32/D
  -------------------------------------------------------------------    -------------------

                         (clock clk_fpga_0 rise edge)
                                                      0.000     0.000 r  
    PS7_X0Y0             PS7                          0.000     0.000 r  pynq_z2_bram_i/processing_system7_0/inst/PS7_i/FCLKCLK[0]
                         net (fo=1, routed)           0.337     0.337    pynq_z2_bram_i/processing_system7_0/inst/FCLK_CLK_unbuffered[0]
    BUFGCTRL_X0Y16       BUFG (Prop_bufg_I_O)         0.029     0.366 r  pynq_z2_bram_i/processing_system7_0/inst/buffer_fclk_clk_0.FCLK_CLK_0_BUFG/O
                         net (fo=1611, routed)        0.823     1.189    pynq_z2_bram_i/axi_smc/inst/s00_entry_pipeline/s00_si_converter/inst/converter.wrap_narrow_inst/gen_thread_loop[0].r_payld_fifo/gen_srls[32].srl_nx1/aclk
    SLICE_X32Y89         SRLC32E                                      r  pynq_z2_bram_i/axi_smc/inst/s00_entry_pipeline/s00_si_converter/inst/converter.wrap_narrow_inst/gen_thread_loop[0].r_payld_fifo/gen_srls[32].srl_nx1/shift_reg_reg[0]_srl32/CLK
                         clock pessimism             -0.281     0.908    
    SLICE_X32Y89         SRLC32E (Hold_srlc32e_CLK_D)
                                                      0.183     1.091    pynq_z2_bram_i/axi_smc/inst/s00_entry_pipeline/s00_si_converter/inst/converter.wrap_narrow_inst/gen_thread_loop[0].r_payld_fifo/gen_srls[32].srl_nx1/shift_reg_reg[0]_srl32
  -------------------------------------------------------------------
                         required time                         -1.091    
                         arrival time                           1.170    
  -------------------------------------------------------------------
                         slack                                  0.079    

Slack (MET) :             0.079ns  (arrival time - required time)
  Source:                 pynq_z2_bram_i/axi_smc/inst/s00_entry_pipeline/s00_si_converter/inst/converter.wrap_narrow_inst/w_accum_reg[data][25]/C
                            (rising edge-triggered cell FDRE clocked by clk_fpga_0  {rise@0.000ns fall@5.000ns period=10.000ns})
  Destination:            pynq_z2_bram_i/axi_smc/inst/s00_entry_pipeline/s00_si_converter/inst/converter.wrap_narrow_inst/w_payld_fifo/gen_srls[97].srl_nx1/shift_reg_reg[0]_srl32/D
                            (rising edge-triggered cell SRLC32E clocked by clk_fpga_0  {rise@0.000ns fall@5.000ns period=10.000ns})
  Path Group:             clk_fpga_0
  Path Type:              Hold (Min at Fast Process Corner)
  Requirement:            0.000ns  (clk_fpga_0 rise@0.000ns - clk_fpga_0 rise@0.000ns)
  Data Path Delay:        0.209ns  (logic 0.141ns (67.454%)  route 0.068ns (32.546%))
  Logic Levels:           0  
  Clock Path Skew:        0.013ns (DCD - SCD - CPR)
    Destination Clock Delay (DCD):    1.211ns
    Source Clock Delay      (SCD):    0.913ns
    Clock Pessimism Removal (CPR):    0.285ns

    Location             Delay type                Incr(ns)  Path(ns)    Netlist Resource(s)
  -------------------------------------------------------------------    -------------------
                         (clock clk_fpga_0 rise edge)
                                                      0.000     0.000 r  
    PS7_X0Y0             PS7                          0.000     0.000 r  pynq_z2_bram_i/processing_system7_0/inst/PS7_i/FCLKCLK[0]
                         net (fo=1, routed)           0.310     0.310    pynq_z2_bram_i/processing_system7_0/inst/FCLK_CLK_unbuffered[0]
    BUFGCTRL_X0Y16       BUFG (Prop_bufg_I_O)         0.026     0.336 r  pynq_z2_bram_i/processing_system7_0/inst/buffer_fclk_clk_0.FCLK_CLK_0_BUFG/O
                         net (fo=1611, routed)        0.577     0.913    pynq_z2_bram_i/axi_smc/inst/s00_entry_pipeline/s00_si_converter/inst/converter.wrap_narrow_inst/aclk
    SLICE_X31Y99         FDRE                                         r  pynq_z2_bram_i/axi_smc/inst/s00_entry_pipeline/s00_si_converter/inst/converter.wrap_narrow_inst/w_accum_reg[data][25]/C
  -------------------------------------------------------------------    -------------------
    SLICE_X31Y99         FDRE (Prop_fdre_C_Q)         0.141     1.054 r  pynq_z2_bram_i/axi_smc/inst/s00_entry_pipeline/s00_si_converter/inst/converter.wrap_narrow_inst/w_accum_reg[data][25]/Q
                         net (fo=2, routed)           0.068     1.122    pynq_z2_bram_i/axi_smc/inst/s00_entry_pipeline/s00_si_converter/inst/converter.wrap_narrow_inst/w_payld_fifo/gen_srls[97].srl_nx1/w_accum_mesg[0]
    SLICE_X30Y99         SRLC32E                                      r  pynq_z2_bram_i/axi_smc/inst/s00_entry_pipeline/s00_si_converter/inst/converter.wrap_narrow_inst/w_payld_fifo/gen_srls[97].srl_nx1/shift_reg_reg[0]_srl32/D
  -------------------------------------------------------------------    -------------------

                         (clock clk_fpga_0 rise edge)
                                                      0.000     0.000 r  
    PS7_X0Y0             PS7                          0.000     0.000 r  pynq_z2_bram_i/processing_system7_0/inst/PS7_i/FCLKCLK[0]
                         net (fo=1, routed)           0.337     0.337    pynq_z2_bram_i/processing_system7_0/inst/FCLK_CLK_unbuffered[0]
    BUFGCTRL_X0Y16       BUFG (Prop_bufg_I_O)         0.029     0.366 r  pynq_z2_bram_i/processing_system7_0/inst/buffer_fclk_clk_0.FCLK_CLK_0_BUFG/O
                         net (fo=1611, routed)        0.845     1.211    pynq_z2_bram_i/axi_smc/inst/s00_entry_pipeline/s00_si_converter/inst/converter.wrap_narrow_inst/w_payld_fifo/gen_srls[97].srl_nx1/aclk
    SLICE_X30Y99         SRLC32E                                      r  pynq_z2_bram_i/axi_smc/inst/s00_entry_pipeline/s00_si_converter/inst/converter.wrap_narrow_inst/w_payld_fifo/gen_srls[97].srl_nx1/shift_reg_reg[0]_srl32/CLK
                         clock pessimism             -0.285     0.926    
    SLICE_X30Y99         SRLC32E (Hold_srlc32e_CLK_D)
                                                      0.117     1.043    pynq_z2_bram_i/axi_smc/inst/s00_entry_pipeline/s00_si_converter/inst/converter.wrap_narrow_inst/w_payld_fifo/gen_srls[97].srl_nx1/shift_reg_reg[0]_srl32
  -------------------------------------------------------------------
                         required time                         -1.043    
                         arrival time                           1.122    
  -------------------------------------------------------------------
                         slack                                  0.079    

Slack (MET) :             0.079ns  (arrival time - required time)
  Source:                 pynq_z2_bram_i/axi_bram_ctrl_0/U0/gext_inst.abcv4_0_ext_inst/GEN_AXI4.I_FULL_AXI/I_WR_CHNL/GEN_WRDATA[4].bram_wrdata_int_reg[4]/C
                            (rising edge-triggered cell FDRE clocked by clk_fpga_0  {rise@0.000ns fall@5.000ns period=10.000ns})
  Destination:            pynq_z2_bram_i/axi_bram_ctrl_0_bram/U0/inst_blk_mem_gen/gnbram.gnative_mem_map_bmg.native_mem_map_blk_mem_gen/valid.cstr/ramloop[0].ram.r/prim_noinit.ram/DEVICE_7SERIES.WITH_BMM_INFO.SP.SIMPLE_PRIM36.SP_NO_ECC_ATTR.ram/DIADI[4]
                            (rising edge-triggered cell RAMB36E1 clocked by clk_fpga_0  {rise@0.000ns fall@5.000ns period=10.000ns})
  Path Group:             clk_fpga_0
  Path Type:              Hold (Min at Fast Process Corner)
  Requirement:            0.000ns  (clk_fpga_0 rise@0.000ns - clk_fpga_0 rise@0.000ns)
  Data Path Delay:        0.380ns  (logic 0.128ns (33.700%)  route 0.252ns (66.300%))
  Logic Levels:           0  
  Clock Path Skew:        0.057ns (DCD - SCD - CPR)
    Destination Clock Delay (DCD):    1.231ns
    Source Clock Delay      (SCD):    0.893ns
    Clock Pessimism Removal (CPR):    0.281ns

    Location             Delay type                Incr(ns)  Path(ns)    Netlist Resource(s)
  -------------------------------------------------------------------    -------------------
                         (clock clk_fpga_0 rise edge)
                                                      0.000     0.000 r  
    PS7_X0Y0             PS7                          0.000     0.000 r  pynq_z2_bram_i/processing_system7_0/inst/PS7_i/FCLKCLK[0]
                         net (fo=1, routed)           0.310     0.310    pynq_z2_bram_i/processing_system7_0/inst/FCLK_CLK_unbuffered[0]
    BUFGCTRL_X0Y16       BUFG (Prop_bufg_I_O)         0.026     0.336 r  pynq_z2_bram_i/processing_system7_0/inst/buffer_fclk_clk_0.FCLK_CLK_0_BUFG/O
                         net (fo=1611, routed)        0.557     0.893    pynq_z2_bram_i/axi_bram_ctrl_0/U0/gext_inst.abcv4_0_ext_inst/GEN_AXI4.I_FULL_AXI/I_WR_CHNL/s_axi_aclk
    SLICE_X33Y90         FDRE                                         r  pynq_z2_bram_i/axi_bram_ctrl_0/U0/gext_inst.abcv4_0_ext_inst/GEN_AXI4.I_FULL_AXI/I_WR_CHNL/GEN_WRDATA[4].bram_wrdata_int_reg[4]/C
  -------------------------------------------------------------------    -------------------
    SLICE_X33Y90         FDRE (Prop_fdre_C_Q)         0.128     1.021 r  pynq_z2_bram_i/axi_bram_ctrl_0/U0/gext_inst.abcv4_0_ext_inst/GEN_AXI4.I_FULL_AXI/I_WR_CHNL/GEN_WRDATA[4].bram_wrdata_int_reg[4]/Q
                         net (fo=1, routed)           0.252     1.272    pynq_z2_bram_i/axi_bram_ctrl_0_bram/U0/inst_blk_mem_gen/gnbram.gnative_mem_map_bmg.native_mem_map_blk_mem_gen/valid.cstr/ramloop[0].ram.r/prim_noinit.ram/dina[4]
    RAMB36_X2Y17         RAMB36E1                                     r  pynq_z2_bram_i/axi_bram_ctrl_0_bram/U0/inst_blk_mem_gen/gnbram.gnative_mem_map_bmg.native_mem_map_blk_mem_gen/valid.cstr/ramloop[0].ram.r/prim_noinit.ram/DEVICE_7SERIES.WITH_BMM_INFO.SP.SIMPLE_PRIM36.SP_NO_ECC_ATTR.ram/DIADI[4]
  -------------------------------------------------------------------    -------------------

                         (clock clk_fpga_0 rise edge)
                                                      0.000     0.000 r  
    PS7_X0Y0             PS7                          0.000     0.000 r  pynq_z2_bram_i/processing_system7_0/inst/PS7_i/FCLKCLK[0]
                         net (fo=1, routed)           0.337     0.337    pynq_z2_bram_i/processing_system7_0/inst/FCLK_CLK_unbuffered[0]
    BUFGCTRL_X0Y16       BUFG (Prop_bufg_I_O)         0.029     0.366 r  pynq_z2_bram_i/processing_system7_0/inst/buffer_fclk_clk_0.FCLK_CLK_0_BUFG/O
                         net (fo=1611, routed)        0.865     1.231    pynq_z2_bram_i/axi_bram_ctrl_0_bram/U0/inst_blk_mem_gen/gnbram.gnative_mem_map_bmg.native_mem_map_blk_mem_gen/valid.cstr/ramloop[0].ram.r/prim_noinit.ram/clka
    RAMB36_X2Y17         RAMB36E1                                     r  pynq_z2_bram_i/axi_bram_ctrl_0_bram/U0/inst_blk_mem_gen/gnbram.gnative_mem_map_bmg.native_mem_map_blk_mem_gen/valid.cstr/ramloop[0].ram.r/prim_noinit.ram/DEVICE_7SERIES.WITH_BMM_INFO.SP.SIMPLE_PRIM36.SP_NO_ECC_ATTR.ram/CLKARDCLK
                         clock pessimism             -0.281     0.950    
    RAMB36_X2Y17         RAMB36E1 (Hold_ramb36e1_CLKARDCLK_DIADI[4])
                                                      0.243     1.193    pynq_z2_bram_i/axi_bram_ctrl_0_bram/U0/inst_blk_mem_gen/gnbram.gnative_mem_map_bmg.native_mem_map_blk_mem_gen/valid.cstr/ramloop[0].ram.r/prim_noinit.ram/DEVICE_7SERIES.WITH_BMM_INFO.SP.SIMPLE_PRIM36.SP_NO_ECC_ATTR.ram
  -------------------------------------------------------------------
                         required time                         -1.193    
                         arrival time                           1.272    
  -------------------------------------------------------------------
                         slack                                  0.079    

Slack (MET) :             0.080ns  (arrival time - required time)
  Source:                 pynq_z2_bram_i/axi_bram_ctrl_0/U0/gext_inst.abcv4_0_ext_inst/GEN_AXI4.I_FULL_AXI/I_WR_CHNL/GEN_WRDATA[2].bram_wrdata_int_reg[2]/C
                            (rising edge-triggered cell FDRE clocked by clk_fpga_0  {rise@0.000ns fall@5.000ns period=10.000ns})
  Destination:            pynq_z2_bram_i/axi_bram_ctrl_0_bram/U0/inst_blk_mem_gen/gnbram.gnative_mem_map_bmg.native_mem_map_blk_mem_gen/valid.cstr/ramloop[0].ram.r/prim_noinit.ram/DEVICE_7SERIES.WITH_BMM_INFO.SP.SIMPLE_PRIM36.SP_NO_ECC_ATTR.ram/DIADI[2]
                            (rising edge-triggered cell RAMB36E1 clocked by clk_fpga_0  {rise@0.000ns fall@5.000ns period=10.000ns})
  Path Group:             clk_fpga_0
  Path Type:              Hold (Min at Fast Process Corner)
  Requirement:            0.000ns  (clk_fpga_0 rise@0.000ns - clk_fpga_0 rise@0.000ns)
  Data Path Delay:        0.380ns  (logic 0.128ns (33.714%)  route 0.252ns (66.286%))
  Logic Levels:           0  
  Clock Path Skew:        0.057ns (DCD - SCD - CPR)
    Destination Clock Delay (DCD):    1.231ns
    Source Clock Delay      (SCD):    0.893ns
    Clock Pessimism Removal (CPR):    0.281ns

    Location             Delay type                Incr(ns)  Path(ns)    Netlist Resource(s)
  -------------------------------------------------------------------    -------------------
                         (clock clk_fpga_0 rise edge)
                                                      0.000     0.000 r  
    PS7_X0Y0             PS7                          0.000     0.000 r  pynq_z2_bram_i/processing_system7_0/inst/PS7_i/FCLKCLK[0]
                         net (fo=1, routed)           0.310     0.310    pynq_z2_bram_i/processing_system7_0/inst/FCLK_CLK_unbuffered[0]
    BUFGCTRL_X0Y16       BUFG (Prop_bufg_I_O)         0.026     0.336 r  pynq_z2_bram_i/processing_system7_0/inst/buffer_fclk_clk_0.FCLK_CLK_0_BUFG/O
                         net (fo=1611, routed)        0.557     0.893    pynq_z2_bram_i/axi_bram_ctrl_0/U0/gext_inst.abcv4_0_ext_inst/GEN_AXI4.I_FULL_AXI/I_WR_CHNL/s_axi_aclk
    SLICE_X33Y90         FDRE                                         r  pynq_z2_bram_i/axi_bram_ctrl_0/U0/gext_inst.abcv4_0_ext_inst/GEN_AXI4.I_FULL_AXI/I_WR_CHNL/GEN_WRDATA[2].bram_wrdata_int_reg[2]/C
  -------------------------------------------------------------------    -------------------
    SLICE_X33Y90         FDRE (Prop_fdre_C_Q)         0.128     1.021 r  pynq_z2_bram_i/axi_bram_ctrl_0/U0/gext_inst.abcv4_0_ext_inst/GEN_AXI4.I_FULL_AXI/I_WR_CHNL/GEN_WRDATA[2].bram_wrdata_int_reg[2]/Q
                         net (fo=1, routed)           0.252     1.272    pynq_z2_bram_i/axi_bram_ctrl_0_bram/U0/inst_blk_mem_gen/gnbram.gnative_mem_map_bmg.native_mem_map_blk_mem_gen/valid.cstr/ramloop[0].ram.r/prim_noinit.ram/dina[2]
    RAMB36_X2Y17         RAMB36E1                                     r  pynq_z2_bram_i/axi_bram_ctrl_0_bram/U0/inst_blk_mem_gen/gnbram.gnative_mem_map_bmg.native_mem_map_blk_mem_gen/valid.cstr/ramloop[0].ram.r/prim_noinit.ram/DEVICE_7SERIES.WITH_BMM_INFO.SP.SIMPLE_PRIM36.SP_NO_ECC_ATTR.ram/DIADI[2]
  -------------------------------------------------------------------    -------------------

                         (clock clk_fpga_0 rise edge)
                                                      0.000     0.000 r  
    PS7_X0Y0             PS7                          0.000     0.000 r  pynq_z2_bram_i/processing_system7_0/inst/PS7_i/FCLKCLK[0]
                         net (fo=1, routed)           0.337     0.337    pynq_z2_bram_i/processing_system7_0/inst/FCLK_CLK_unbuffered[0]
    BUFGCTRL_X0Y16       BUFG (Prop_bufg_I_O)         0.029     0.366 r  pynq_z2_bram_i/processing_system7_0/inst/buffer_fclk_clk_0.FCLK_CLK_0_BUFG/O
                         net (fo=1611, routed)        0.865     1.231    pynq_z2_bram_i/axi_bram_ctrl_0_bram/U0/inst_blk_mem_gen/gnbram.gnative_mem_map_bmg.native_mem_map_blk_mem_gen/valid.cstr/ramloop[0].ram.r/prim_noinit.ram/clka
    RAMB36_X2Y17         RAMB36E1                                     r  pynq_z2_bram_i/axi_bram_ctrl_0_bram/U0/inst_blk_mem_gen/gnbram.gnative_mem_map_bmg.native_mem_map_blk_mem_gen/valid.cstr/ramloop[0].ram.r/prim_noinit.ram/DEVICE_7SERIES.WITH_BMM_INFO.SP.SIMPLE_PRIM36.SP_NO_ECC_ATTR.ram/CLKARDCLK
                         clock pessimism             -0.281     0.950    
    RAMB36_X2Y17         RAMB36E1 (Hold_ramb36e1_CLKARDCLK_DIADI[2])
                                                      0.242     1.192    pynq_z2_bram_i/axi_bram_ctrl_0_bram/U0/inst_blk_mem_gen/gnbram.gnative_mem_map_bmg.native_mem_map_blk_mem_gen/valid.cstr/ramloop[0].ram.r/prim_noinit.ram/DEVICE_7SERIES.WITH_BMM_INFO.SP.SIMPLE_PRIM36.SP_NO_ECC_ATTR.ram
  -------------------------------------------------------------------
                         required time                         -1.192    
                         arrival time                           1.272    
  -------------------------------------------------------------------
                         slack                                  0.080    

Slack (MET) :             0.083ns  (arrival time - required time)
  Source:                 pynq_z2_bram_i/axi_smc/inst/s00_entry_pipeline/s00_si_converter/inst/converter.wrap_narrow_inst/aw_reg_slice/m_vector_i_reg[1073]/C
                            (rising edge-triggered cell FDRE clocked by clk_fpga_0  {rise@0.000ns fall@5.000ns period=10.000ns})
  Destination:            pynq_z2_bram_i/axi_smc/inst/s00_nodes/s00_aw_node/inst/inst_mi_handler/gen_normal_area.inst_fifo_node_payld/gen_xpm_memory_fifo.inst_fifo/gen_mem_rep[0].inst_xpm_memory/xpm_memory_base_inst/gen_wr_a.gen_word_narrow.mem_reg_0_31_102_107/RAMC/I
                            (rising edge-triggered cell RAMD32 clocked by clk_fpga_0  {rise@0.000ns fall@5.000ns period=10.000ns})
  Path Group:             clk_fpga_0
  Path Type:              Hold (Min at Fast Process Corner)
  Requirement:            0.000ns  (clk_fpga_0 rise@0.000ns - clk_fpga_0 rise@0.000ns)
  Data Path Delay:        0.243ns  (logic 0.141ns (58.024%)  route 0.102ns (41.976%))
  Logic Levels:           0  
  Clock Path Skew:        0.016ns (DCD - SCD - CPR)
    Destination Clock Delay (DCD):    1.190ns
    Source Clock Delay      (SCD):    0.892ns
    Clock Pessimism Removal (CPR):    0.282ns

    Location             Delay type                Incr(ns)  Path(ns)    Netlist Resource(s)
  -------------------------------------------------------------------    -------------------
                         (clock clk_fpga_0 rise edge)
                                                      0.000     0.000 r  
    PS7_X0Y0             PS7                          0.000     0.000 r  pynq_z2_bram_i/processing_system7_0/inst/PS7_i/FCLKCLK[0]
                         net (fo=1, routed)           0.310     0.310    pynq_z2_bram_i/processing_system7_0/inst/FCLK_CLK_unbuffered[0]
    BUFGCTRL_X0Y16       BUFG (Prop_bufg_I_O)         0.026     0.336 r  pynq_z2_bram_i/processing_system7_0/inst/buffer_fclk_clk_0.FCLK_CLK_0_BUFG/O
                         net (fo=1611, routed)        0.556     0.892    pynq_z2_bram_i/axi_smc/inst/s00_entry_pipeline/s00_si_converter/inst/converter.wrap_narrow_inst/aw_reg_slice/aclk
    SLICE_X37Y95         FDRE                                         r  pynq_z2_bram_i/axi_smc/inst/s00_entry_pipeline/s00_si_converter/inst/converter.wrap_narrow_inst/aw_reg_slice/m_vector_i_reg[1073]/C
  -------------------------------------------------------------------    -------------------
    SLICE_X37Y95         FDRE (Prop_fdre_C_Q)         0.141     1.033 r  pynq_z2_bram_i/axi_smc/inst/s00_entry_pipeline/s00_si_converter/inst/converter.wrap_narrow_inst/aw_reg_slice/m_vector_i_reg[1073]/Q
                         net (fo=1, routed)           0.102     1.135    pynq_z2_bram_i/axi_smc/inst/s00_nodes/s00_aw_node/inst/inst_mi_handler/gen_normal_area.inst_fifo_node_payld/gen_xpm_memory_fifo.inst_fifo/gen_mem_rep[0].inst_xpm_memory/xpm_memory_base_inst/gen_wr_a.gen_word_narrow.mem_reg_0_31_102_107/DIC0
    SLICE_X38Y95         RAMD32                                       r  pynq_z2_bram_i/axi_smc/inst/s00_nodes/s00_aw_node/inst/inst_mi_handler/gen_normal_area.inst_fifo_node_payld/gen_xpm_memory_fifo.inst_fifo/gen_mem_rep[0].inst_xpm_memory/xpm_memory_base_inst/gen_wr_a.gen_word_narrow.mem_reg_0_31_102_107/RAMC/I
  -------------------------------------------------------------------    -------------------

                         (clock clk_fpga_0 rise edge)
                                                      0.000     0.000 r  
    PS7_X0Y0             PS7                          0.000     0.000 r  pynq_z2_bram_i/processing_system7_0/inst/PS7_i/FCLKCLK[0]
                         net (fo=1, routed)           0.337     0.337    pynq_z2_bram_i/processing_system7_0/inst/FCLK_CLK_unbuffered[0]
    BUFGCTRL_X0Y16       BUFG (Prop_bufg_I_O)         0.029     0.366 r  pynq_z2_bram_i/processing_system7_0/inst/buffer_fclk_clk_0.FCLK_CLK_0_BUFG/O
                         net (fo=1611, routed)        0.824     1.190    pynq_z2_bram_i/axi_smc/inst/s00_nodes/s00_aw_node/inst/inst_mi_handler/gen_normal_area.inst_fifo_node_payld/gen_xpm_memory_fifo.inst_fifo/gen_mem_rep[0].inst_xpm_memory/xpm_memory_base_inst/gen_wr_a.gen_word_narrow.mem_reg_0_31_102_107/WCLK
    SLICE_X38Y95         RAMD32                                       r  pynq_z2_bram_i/axi_smc/inst/s00_nodes/s00_aw_node/inst/inst_mi_handler/gen_normal_area.inst_fifo_node_payld/gen_xpm_memory_fifo.inst_fifo/gen_mem_rep[0].inst_xpm_memory/xpm_memory_base_inst/gen_wr_a.gen_word_narrow.mem_reg_0_31_102_107/RAMC/CLK
                         clock pessimism             -0.282     0.908    
    SLICE_X38Y95         RAMD32 (Hold_ramd32_CLK_I)
                                                      0.144     1.052    pynq_z2_bram_i/axi_smc/inst/s00_nodes/s00_aw_node/inst/inst_mi_handler/gen_normal_area.inst_fifo_node_payld/gen_xpm_memory_fifo.inst_fifo/gen_mem_rep[0].inst_xpm_memory/xpm_memory_base_inst/gen_wr_a.gen_word_narrow.mem_reg_0_31_102_107/RAMC
  -------------------------------------------------------------------
                         required time                         -1.052    
                         arrival time                           1.135    
  -------------------------------------------------------------------
                         slack                                  0.083    

Slack (MET) :             0.088ns  (arrival time - required time)
  Source:                 pynq_z2_bram_i/axi_smc/inst/s00_nodes/s00_r_node/inst/inst_mi_handler/gen_normal_area.inst_fifo_node_payld/gen_xpm_memory_fifo.inst_fifo/gen_mem_rep[0].inst_wr_addra/count_r_reg[0]/C
                            (rising edge-triggered cell FDRE clocked by clk_fpga_0  {rise@0.000ns fall@5.000ns period=10.000ns})
  Destination:            pynq_z2_bram_i/axi_smc/inst/s00_nodes/s00_r_node/inst/inst_mi_handler/gen_normal_area.inst_fifo_node_payld/gen_xpm_memory_fifo.inst_fifo/gen_mem_rep[0].inst_xpm_memory/xpm_memory_base_inst/gen_wr_a.gen_word_narrow.mem_reg_0_31_12_17/RAMA/WADR0
                            (rising edge-triggered cell RAMD32 clocked by clk_fpga_0  {rise@0.000ns fall@5.000ns period=10.000ns})
  Path Group:             clk_fpga_0
  Path Type:              Hold (Min at Fast Process Corner)
  Requirement:            0.000ns  (clk_fpga_0 rise@0.000ns - clk_fpga_0 rise@0.000ns)
  Data Path Delay:        0.414ns  (logic 0.141ns (34.075%)  route 0.273ns (65.925%))
  Logic Levels:           0  
  Clock Path Skew:        0.016ns (DCD - SCD - CPR)
    Destination Clock Delay (DCD):    1.189ns
    Source Clock Delay      (SCD):    0.891ns
    Clock Pessimism Removal (CPR):    0.282ns

    Location             Delay type                Incr(ns)  Path(ns)    Netlist Resource(s)
  -------------------------------------------------------------------    -------------------
                         (clock clk_fpga_0 rise edge)
                                                      0.000     0.000 r  
    PS7_X0Y0             PS7                          0.000     0.000 r  pynq_z2_bram_i/processing_system7_0/inst/PS7_i/FCLKCLK[0]
                         net (fo=1, routed)           0.310     0.310    pynq_z2_bram_i/processing_system7_0/inst/FCLK_CLK_unbuffered[0]
    BUFGCTRL_X0Y16       BUFG (Prop_bufg_I_O)         0.026     0.336 r  pynq_z2_bram_i/processing_system7_0/inst/buffer_fclk_clk_0.FCLK_CLK_0_BUFG/O
                         net (fo=1611, routed)        0.555     0.891    pynq_z2_bram_i/axi_smc/inst/s00_nodes/s00_r_node/inst/inst_mi_handler/gen_normal_area.inst_fifo_node_payld/gen_xpm_memory_fifo.inst_fifo/gen_mem_rep[0].inst_wr_addra/s_sc_aclk
    SLICE_X37Y91         FDRE                                         r  pynq_z2_bram_i/axi_smc/inst/s00_nodes/s00_r_node/inst/inst_mi_handler/gen_normal_area.inst_fifo_node_payld/gen_xpm_memory_fifo.inst_fifo/gen_mem_rep[0].inst_wr_addra/count_r_reg[0]/C
  -------------------------------------------------------------------    -------------------
    SLICE_X37Y91         FDRE (Prop_fdre_C_Q)         0.141     1.032 r  pynq_z2_bram_i/axi_smc/inst/s00_nodes/s00_r_node/inst/inst_mi_handler/gen_normal_area.inst_fifo_node_payld/gen_xpm_memory_fifo.inst_fifo/gen_mem_rep[0].inst_wr_addra/count_r_reg[0]/Q
                         net (fo=64, routed)          0.273     1.304    pynq_z2_bram_i/axi_smc/inst/s00_nodes/s00_r_node/inst/inst_mi_handler/gen_normal_area.inst_fifo_node_payld/gen_xpm_memory_fifo.inst_fifo/gen_mem_rep[0].inst_xpm_memory/xpm_memory_base_inst/gen_wr_a.gen_word_narrow.mem_reg_0_31_12_17/ADDRD0
    SLICE_X38Y90         RAMD32                                       r  pynq_z2_bram_i/axi_smc/inst/s00_nodes/s00_r_node/inst/inst_mi_handler/gen_normal_area.inst_fifo_node_payld/gen_xpm_memory_fifo.inst_fifo/gen_mem_rep[0].inst_xpm_memory/xpm_memory_base_inst/gen_wr_a.gen_word_narrow.mem_reg_0_31_12_17/RAMA/WADR0
  -------------------------------------------------------------------    -------------------

                         (clock clk_fpga_0 rise edge)
                                                      0.000     0.000 r  
    PS7_X0Y0             PS7                          0.000     0.000 r  pynq_z2_bram_i/processing_system7_0/inst/PS7_i/FCLKCLK[0]
                         net (fo=1, routed)           0.337     0.337    pynq_z2_bram_i/processing_system7_0/inst/FCLK_CLK_unbuffered[0]
    BUFGCTRL_X0Y16       BUFG (Prop_bufg_I_O)         0.029     0.366 r  pynq_z2_bram_i/processing_system7_0/inst/buffer_fclk_clk_0.FCLK_CLK_0_BUFG/O
                         net (fo=1611, routed)        0.823     1.189    pynq_z2_bram_i/axi_smc/inst/s00_nodes/s00_r_node/inst/inst_mi_handler/gen_normal_area.inst_fifo_node_payld/gen_xpm_memory_fifo.inst_fifo/gen_mem_rep[0].inst_xpm_memory/xpm_memory_base_inst/gen_wr_a.gen_word_narrow.mem_reg_0_31_12_17/WCLK
    SLICE_X38Y90         RAMD32                                       r  pynq_z2_bram_i/axi_smc/inst/s00_nodes/s00_r_node/inst/inst_mi_handler/gen_normal_area.inst_fifo_node_payld/gen_xpm_memory_fifo.inst_fifo/gen_mem_rep[0].inst_xpm_memory/xpm_memory_base_inst/gen_wr_a.gen_word_narrow.mem_reg_0_31_12_17/RAMA/CLK
                         clock pessimism             -0.282     0.907    
    SLICE_X38Y90         RAMD32 (Hold_ramd32_CLK_WADR0)
                                                      0.310     1.217    pynq_z2_bram_i/axi_smc/inst/s00_nodes/s00_r_node/inst/inst_mi_handler/gen_normal_area.inst_fifo_node_payld/gen_xpm_memory_fifo.inst_fifo/gen_mem_rep[0].inst_xpm_memory/xpm_memory_base_inst/gen_wr_a.gen_word_narrow.mem_reg_0_31_12_17/RAMA
  -------------------------------------------------------------------
                         required time                         -1.217    
                         arrival time                           1.304    
  -------------------------------------------------------------------
                         slack                                  0.088    

Slack (MET) :             0.088ns  (arrival time - required time)
  Source:                 pynq_z2_bram_i/axi_smc/inst/s00_nodes/s00_r_node/inst/inst_mi_handler/gen_normal_area.inst_fifo_node_payld/gen_xpm_memory_fifo.inst_fifo/gen_mem_rep[0].inst_wr_addra/count_r_reg[0]/C
                            (rising edge-triggered cell FDRE clocked by clk_fpga_0  {rise@0.000ns fall@5.000ns period=10.000ns})
  Destination:            pynq_z2_bram_i/axi_smc/inst/s00_nodes/s00_r_node/inst/inst_mi_handler/gen_normal_area.inst_fifo_node_payld/gen_xpm_memory_fifo.inst_fifo/gen_mem_rep[0].inst_xpm_memory/xpm_memory_base_inst/gen_wr_a.gen_word_narrow.mem_reg_0_31_12_17/RAMA_D1/WADR0
                            (rising edge-triggered cell RAMD32 clocked by clk_fpga_0  {rise@0.000ns fall@5.000ns period=10.000ns})
  Path Group:             clk_fpga_0
  Path Type:              Hold (Min at Fast Process Corner)
  Requirement:            0.000ns  (clk_fpga_0 rise@0.000ns - clk_fpga_0 rise@0.000ns)
  Data Path Delay:        0.414ns  (logic 0.141ns (34.075%)  route 0.273ns (65.925%))
  Logic Levels:           0  
  Clock Path Skew:        0.016ns (DCD - SCD - CPR)
    Destination Clock Delay (DCD):    1.189ns
    Source Clock Delay      (SCD):    0.891ns
    Clock Pessimism Removal (CPR):    0.282ns

    Location             Delay type                Incr(ns)  Path(ns)    Netlist Resource(s)
  -------------------------------------------------------------------    -------------------
                         (clock clk_fpga_0 rise edge)
                                                      0.000     0.000 r  
    PS7_X0Y0             PS7                          0.000     0.000 r  pynq_z2_bram_i/processing_system7_0/inst/PS7_i/FCLKCLK[0]
                         net (fo=1, routed)           0.310     0.310    pynq_z2_bram_i/processing_system7_0/inst/FCLK_CLK_unbuffered[0]
    BUFGCTRL_X0Y16       BUFG (Prop_bufg_I_O)         0.026     0.336 r  pynq_z2_bram_i/processing_system7_0/inst/buffer_fclk_clk_0.FCLK_CLK_0_BUFG/O
                         net (fo=1611, routed)        0.555     0.891    pynq_z2_bram_i/axi_smc/inst/s00_nodes/s00_r_node/inst/inst_mi_handler/gen_normal_area.inst_fifo_node_payld/gen_xpm_memory_fifo.inst_fifo/gen_mem_rep[0].inst_wr_addra/s_sc_aclk
    SLICE_X37Y91         FDRE                                         r  pynq_z2_bram_i/axi_smc/inst/s00_nodes/s00_r_node/inst/inst_mi_handler/gen_normal_area.inst_fifo_node_payld/gen_xpm_memory_fifo.inst_fifo/gen_mem_rep[0].inst_wr_addra/count_r_reg[0]/C
  -------------------------------------------------------------------    -------------------
    SLICE_X37Y91         FDRE (Prop_fdre_C_Q)         0.141     1.032 r  pynq_z2_bram_i/axi_smc/inst/s00_nodes/s00_r_node/inst/inst_mi_handler/gen_normal_area.inst_fifo_node_payld/gen_xpm_memory_fifo.inst_fifo/gen_mem_rep[0].inst_wr_addra/count_r_reg[0]/Q
                         net (fo=64, routed)          0.273     1.304    pynq_z2_bram_i/axi_smc/inst/s00_nodes/s00_r_node/inst/inst_mi_handler/gen_normal_area.inst_fifo_node_payld/gen_xpm_memory_fifo.inst_fifo/gen_mem_rep[0].inst_xpm_memory/xpm_memory_base_inst/gen_wr_a.gen_word_narrow.mem_reg_0_31_12_17/ADDRD0
    SLICE_X38Y90         RAMD32                                       r  pynq_z2_bram_i/axi_smc/inst/s00_nodes/s00_r_node/inst/inst_mi_handler/gen_normal_area.inst_fifo_node_payld/gen_xpm_memory_fifo.inst_fifo/gen_mem_rep[0].inst_xpm_memory/xpm_memory_base_inst/gen_wr_a.gen_word_narrow.mem_reg_0_31_12_17/RAMA_D1/WADR0
  -------------------------------------------------------------------    -------------------

                         (clock clk_fpga_0 rise edge)
                                                      0.000     0.000 r  
    PS7_X0Y0             PS7                          0.000     0.000 r  pynq_z2_bram_i/processing_system7_0/inst/PS7_i/FCLKCLK[0]
                         net (fo=1, routed)           0.337     0.337    pynq_z2_bram_i/processing_system7_0/inst/FCLK_CLK_unbuffered[0]
    BUFGCTRL_X0Y16       BUFG (Prop_bufg_I_O)         0.029     0.366 r  pynq_z2_bram_i/processing_system7_0/inst/buffer_fclk_clk_0.FCLK_CLK_0_BUFG/O
                         net (fo=1611, routed)        0.823     1.189    pynq_z2_bram_i/axi_smc/inst/s00_nodes/s00_r_node/inst/inst_mi_handler/gen_normal_area.inst_fifo_node_payld/gen_xpm_memory_fifo.inst_fifo/gen_mem_rep[0].inst_xpm_memory/xpm_memory_base_inst/gen_wr_a.gen_word_narrow.mem_reg_0_31_12_17/WCLK
    SLICE_X38Y90         RAMD32                                       r  pynq_z2_bram_i/axi_smc/inst/s00_nodes/s00_r_node/inst/inst_mi_handler/gen_normal_area.inst_fifo_node_payld/gen_xpm_memory_fifo.inst_fifo/gen_mem_rep[0].inst_xpm_memory/xpm_memory_base_inst/gen_wr_a.gen_word_narrow.mem_reg_0_31_12_17/RAMA_D1/CLK
                         clock pessimism             -0.282     0.907    
    SLICE_X38Y90         RAMD32 (Hold_ramd32_CLK_WADR0)
                                                      0.310     1.217    pynq_z2_bram_i/axi_smc/inst/s00_nodes/s00_r_node/inst/inst_mi_handler/gen_normal_area.inst_fifo_node_payld/gen_xpm_memory_fifo.inst_fifo/gen_mem_rep[0].inst_xpm_memory/xpm_memory_base_inst/gen_wr_a.gen_word_narrow.mem_reg_0_31_12_17/RAMA_D1
  -------------------------------------------------------------------
                         required time                         -1.217    
                         arrival time                           1.304    
  -------------------------------------------------------------------
                         slack                                  0.088    

Slack (MET) :             0.088ns  (arrival time - required time)
  Source:                 pynq_z2_bram_i/axi_smc/inst/s00_nodes/s00_r_node/inst/inst_mi_handler/gen_normal_area.inst_fifo_node_payld/gen_xpm_memory_fifo.inst_fifo/gen_mem_rep[0].inst_wr_addra/count_r_reg[0]/C
                            (rising edge-triggered cell FDRE clocked by clk_fpga_0  {rise@0.000ns fall@5.000ns period=10.000ns})
  Destination:            pynq_z2_bram_i/axi_smc/inst/s00_nodes/s00_r_node/inst/inst_mi_handler/gen_normal_area.inst_fifo_node_payld/gen_xpm_memory_fifo.inst_fifo/gen_mem_rep[0].inst_xpm_memory/xpm_memory_base_inst/gen_wr_a.gen_word_narrow.mem_reg_0_31_12_17/RAMB/WADR0
                            (rising edge-triggered cell RAMD32 clocked by clk_fpga_0  {rise@0.000ns fall@5.000ns period=10.000ns})
  Path Group:             clk_fpga_0
  Path Type:              Hold (Min at Fast Process Corner)
  Requirement:            0.000ns  (clk_fpga_0 rise@0.000ns - clk_fpga_0 rise@0.000ns)
  Data Path Delay:        0.414ns  (logic 0.141ns (34.075%)  route 0.273ns (65.925%))
  Logic Levels:           0  
  Clock Path Skew:        0.016ns (DCD - SCD - CPR)
    Destination Clock Delay (DCD):    1.189ns
    Source Clock Delay      (SCD):    0.891ns
    Clock Pessimism Removal (CPR):    0.282ns

    Location             Delay type                Incr(ns)  Path(ns)    Netlist Resource(s)
  -------------------------------------------------------------------    -------------------
                         (clock clk_fpga_0 rise edge)
                                                      0.000     0.000 r  
    PS7_X0Y0             PS7                          0.000     0.000 r  pynq_z2_bram_i/processing_system7_0/inst/PS7_i/FCLKCLK[0]
                         net (fo=1, routed)           0.310     0.310    pynq_z2_bram_i/processing_system7_0/inst/FCLK_CLK_unbuffered[0]
    BUFGCTRL_X0Y16       BUFG (Prop_bufg_I_O)         0.026     0.336 r  pynq_z2_bram_i/processing_system7_0/inst/buffer_fclk_clk_0.FCLK_CLK_0_BUFG/O
                         net (fo=1611, routed)        0.555     0.891    pynq_z2_bram_i/axi_smc/inst/s00_nodes/s00_r_node/inst/inst_mi_handler/gen_normal_area.inst_fifo_node_payld/gen_xpm_memory_fifo.inst_fifo/gen_mem_rep[0].inst_wr_addra/s_sc_aclk
    SLICE_X37Y91         FDRE                                         r  pynq_z2_bram_i/axi_smc/inst/s00_nodes/s00_r_node/inst/inst_mi_handler/gen_normal_area.inst_fifo_node_payld/gen_xpm_memory_fifo.inst_fifo/gen_mem_rep[0].inst_wr_addra/count_r_reg[0]/C
  -------------------------------------------------------------------    -------------------
    SLICE_X37Y91         FDRE (Prop_fdre_C_Q)         0.141     1.032 r  pynq_z2_bram_i/axi_smc/inst/s00_nodes/s00_r_node/inst/inst_mi_handler/gen_normal_area.inst_fifo_node_payld/gen_xpm_memory_fifo.inst_fifo/gen_mem_rep[0].inst_wr_addra/count_r_reg[0]/Q
                         net (fo=64, routed)          0.273     1.304    pynq_z2_bram_i/axi_smc/inst/s00_nodes/s00_r_node/inst/inst_mi_handler/gen_normal_area.inst_fifo_node_payld/gen_xpm_memory_fifo.inst_fifo/gen_mem_rep[0].inst_xpm_memory/xpm_memory_base_inst/gen_wr_a.gen_word_narrow.mem_reg_0_31_12_17/ADDRD0
    SLICE_X38Y90         RAMD32                                       r  pynq_z2_bram_i/axi_smc/inst/s00_nodes/s00_r_node/inst/inst_mi_handler/gen_normal_area.inst_fifo_node_payld/gen_xpm_memory_fifo.inst_fifo/gen_mem_rep[0].inst_xpm_memory/xpm_memory_base_inst/gen_wr_a.gen_word_narrow.mem_reg_0_31_12_17/RAMB/WADR0
  -------------------------------------------------------------------    -------------------

                         (clock clk_fpga_0 rise edge)
                                                      0.000     0.000 r  
    PS7_X0Y0             PS7                          0.000     0.000 r  pynq_z2_bram_i/processing_system7_0/inst/PS7_i/FCLKCLK[0]
                         net (fo=1, routed)           0.337     0.337    pynq_z2_bram_i/processing_system7_0/inst/FCLK_CLK_unbuffered[0]
    BUFGCTRL_X0Y16       BUFG (Prop_bufg_I_O)         0.029     0.366 r  pynq_z2_bram_i/processing_system7_0/inst/buffer_fclk_clk_0.FCLK_CLK_0_BUFG/O
                         net (fo=1611, routed)        0.823     1.189    pynq_z2_bram_i/axi_smc/inst/s00_nodes/s00_r_node/inst/inst_mi_handler/gen_normal_area.inst_fifo_node_payld/gen_xpm_memory_fifo.inst_fifo/gen_mem_rep[0].inst_xpm_memory/xpm_memory_base_inst/gen_wr_a.gen_word_narrow.mem_reg_0_31_12_17/WCLK
    SLICE_X38Y90         RAMD32                                       r  pynq_z2_bram_i/axi_smc/inst/s00_nodes/s00_r_node/inst/inst_mi_handler/gen_normal_area.inst_fifo_node_payld/gen_xpm_memory_fifo.inst_fifo/gen_mem_rep[0].inst_xpm_memory/xpm_memory_base_inst/gen_wr_a.gen_word_narrow.mem_reg_0_31_12_17/RAMB/CLK
                         clock pessimism             -0.282     0.907    
    SLICE_X38Y90         RAMD32 (Hold_ramd32_CLK_WADR0)
                                                      0.310     1.217    pynq_z2_bram_i/axi_smc/inst/s00_nodes/s00_r_node/inst/inst_mi_handler/gen_normal_area.inst_fifo_node_payld/gen_xpm_memory_fifo.inst_fifo/gen_mem_rep[0].inst_xpm_memory/xpm_memory_base_inst/gen_wr_a.gen_word_narrow.mem_reg_0_31_12_17/RAMB
  -------------------------------------------------------------------
                         required time                         -1.217    
                         arrival time                           1.304    
  -------------------------------------------------------------------
                         slack                                  0.088    





Pulse Width Checks
--------------------------------------------------------------------------------------
Clock Name:         clk_fpga_0
Waveform(ns):       { 0.000 5.000 }
Period(ns):         10.000
Sources:            { pynq_z2_bram_i/processing_system7_0/inst/PS7_i/FCLKCLK[0] }

Check Type        Corner  Lib Pin             Reference Pin  Required(ns)  Actual(ns)  Slack(ns)  Location        Pin
Min Period        n/a     RAMB36E1/CLKARDCLK  n/a            2.576         10.000      7.424      RAMB36_X2Y17    pynq_z2_bram_i/axi_bram_ctrl_0_bram/U0/inst_blk_mem_gen/gnbram.gnative_mem_map_bmg.native_mem_map_blk_mem_gen/valid.cstr/ramloop[0].ram.r/prim_noinit.ram/DEVICE_7SERIES.WITH_BMM_INFO.SP.SIMPLE_PRIM36.SP_NO_ECC_ATTR.ram/CLKARDCLK
Min Period        n/a     RAMB36E1/CLKBWRCLK  n/a            2.576         10.000      7.424      RAMB36_X2Y17    pynq_z2_bram_i/axi_bram_ctrl_0_bram/U0/inst_blk_mem_gen/gnbram.gnative_mem_map_bmg.native_mem_map_blk_mem_gen/valid.cstr/ramloop[0].ram.r/prim_noinit.ram/DEVICE_7SERIES.WITH_BMM_INFO.SP.SIMPLE_PRIM36.SP_NO_ECC_ATTR.ram/CLKBWRCLK
Min Period        n/a     RAMB36E1/CLKARDCLK  n/a            2.576         10.000      7.424      RAMB36_X2Y18    pynq_z2_bram_i/axi_bram_ctrl_0_bram/U0/inst_blk_mem_gen/gnbram.gnative_mem_map_bmg.native_mem_map_blk_mem_gen/valid.cstr/ramloop[1].ram.r/prim_noinit.ram/DEVICE_7SERIES.WITH_BMM_INFO.SP.SIMPLE_PRIM36.SP_NO_ECC_ATTR.ram/CLKARDCLK
Min Period        n/a     RAMB36E1/CLKBWRCLK  n/a            2.576         10.000      7.424      RAMB36_X2Y18    pynq_z2_bram_i/axi_bram_ctrl_0_bram/U0/inst_blk_mem_gen/gnbram.gnative_mem_map_bmg.native_mem_map_blk_mem_gen/valid.cstr/ramloop[1].ram.r/prim_noinit.ram/DEVICE_7SERIES.WITH_BMM_INFO.SP.SIMPLE_PRIM36.SP_NO_ECC_ATTR.ram/CLKBWRCLK
Min Period        n/a     BUFG/I              n/a            2.155         10.000      7.845      BUFGCTRL_X0Y16  pynq_z2_bram_i/processing_system7_0/inst/buffer_fclk_clk_0.FCLK_CLK_0_BUFG/I
Min Period        n/a     FDRE/C              n/a            1.000         10.000      9.000      SLICE_X36Y90    pynq_z2_bram_i/axi_bram_ctrl_0/U0/gext_inst.abcv4_0_ext_inst/GEN_AXI4.I_FULL_AXI/ADDR_SNG_PORT.bram_addr_int_reg[10]/C
Min Period        n/a     FDRE/C              n/a            1.000         10.000      9.000      SLICE_X36Y89    pynq_z2_bram_i/axi_bram_ctrl_0/U0/gext_inst.abcv4_0_ext_inst/GEN_AXI4.I_FULL_AXI/ADDR_SNG_PORT.bram_addr_int_reg[11]/C
Min Period        n/a     FDRE/C              n/a            1.000         10.000      9.000      SLICE_X36Y91    pynq_z2_bram_i/axi_bram_ctrl_0/U0/gext_inst.abcv4_0_ext_inst/GEN_AXI4.I_FULL_AXI/ADDR_SNG_PORT.bram_addr_int_reg[12]/C
Min Period        n/a     FDRE/C              n/a            1.000         10.000      9.000      SLICE_X36Y92    pynq_z2_bram_i/axi_bram_ctrl_0/U0/gext_inst.abcv4_0_ext_inst/GEN_AXI4.I_FULL_AXI/ADDR_SNG_PORT.bram_addr_int_reg[2]/C
Min Period        n/a     FDRE/C              n/a            1.000         10.000      9.000      SLICE_X36Y92    pynq_z2_bram_i/axi_bram_ctrl_0/U0/gext_inst.abcv4_0_ext_inst/GEN_AXI4.I_FULL_AXI/ADDR_SNG_PORT.bram_addr_int_reg[3]/C
Low Pulse Width   Slow    RAMD32/CLK          n/a            1.250         5.000       3.750      SLICE_X46Y88    pynq_z2_bram_i/axi_smc/inst/s00_nodes/s00_ar_node/inst/inst_mi_handler/gen_normal_area.inst_fifo_node_payld/gen_xpm_memory_fifo.inst_fifo/gen_mem_rep[0].inst_xpm_memory/xpm_memory_base_inst/gen_wr_a.gen_word_narrow.mem_reg_0_31_0_5/RAMA/CLK
Low Pulse Width   Fast    RAMD32/CLK          n/a            1.250         5.000       3.750      SLICE_X46Y88    pynq_z2_bram_i/axi_smc/inst/s00_nodes/s00_ar_node/inst/inst_mi_handler/gen_normal_area.inst_fifo_node_payld/gen_xpm_memory_fifo.inst_fifo/gen_mem_rep[0].inst_xpm_memory/xpm_memory_base_inst/gen_wr_a.gen_word_narrow.mem_reg_0_31_0_5/RAMA/CLK
Low Pulse Width   Slow    RAMD32/CLK          n/a            1.250         5.000       3.750      SLICE_X46Y88    pynq_z2_bram_i/axi_smc/inst/s00_nodes/s00_ar_node/inst/inst_mi_handler/gen_normal_area.inst_fifo_node_payld/gen_xpm_memory_fifo.inst_fifo/gen_mem_rep[0].inst_xpm_memory/xpm_memory_base_inst/gen_wr_a.gen_word_narrow.mem_reg_0_31_0_5/RAMA_D1/CLK
Low Pulse Width   Fast    RAMD32/CLK          n/a            1.250         5.000       3.750      SLICE_X46Y88    pynq_z2_bram_i/axi_smc/inst/s00_nodes/s00_ar_node/inst/inst_mi_handler/gen_normal_area.inst_fifo_node_payld/gen_xpm_memory_fifo.inst_fifo/gen_mem_rep[0].inst_xpm_memory/xpm_memory_base_inst/gen_wr_a.gen_word_narrow.mem_reg_0_31_0_5/RAMA_D1/CLK
Low Pulse Width   Slow    RAMD32/CLK          n/a            1.250         5.000       3.750      SLICE_X46Y88    pynq_z2_bram_i/axi_smc/inst/s00_nodes/s00_ar_node/inst/inst_mi_handler/gen_normal_area.inst_fifo_node_payld/gen_xpm_memory_fifo.inst_fifo/gen_mem_rep[0].inst_xpm_memory/xpm_memory_base_inst/gen_wr_a.gen_word_narrow.mem_reg_0_31_0_5/RAMB/CLK
Low Pulse Width   Fast    RAMD32/CLK          n/a            1.250         5.000       3.750      SLICE_X46Y88    pynq_z2_bram_i/axi_smc/inst/s00_nodes/s00_ar_node/inst/inst_mi_handler/gen_normal_area.inst_fifo_node_payld/gen_xpm_memory_fifo.inst_fifo/gen_mem_rep[0].inst_xpm_memory/xpm_memory_base_inst/gen_wr_a.gen_word_narrow.mem_reg_0_31_0_5/RAMB/CLK
Low Pulse Width   Slow    RAMD32/CLK          n/a            1.250         5.000       3.750      SLICE_X46Y88    pynq_z2_bram_i/axi_smc/inst/s00_nodes/s00_ar_node/inst/inst_mi_handler/gen_normal_area.inst_fifo_node_payld/gen_xpm_memory_fifo.inst_fifo/gen_mem_rep[0].inst_xpm_memory/xpm_memory_base_inst/gen_wr_a.gen_word_narrow.mem_reg_0_31_0_5/RAMB_D1/CLK
Low Pulse Width   Fast    RAMD32/CLK          n/a            1.250         5.000       3.750      SLICE_X46Y88    pynq_z2_bram_i/axi_smc/inst/s00_nodes/s00_ar_node/inst/inst_mi_handler/gen_normal_area.inst_fifo_node_payld/gen_xpm_memory_fifo.inst_fifo/gen_mem_rep[0].inst_xpm_memory/xpm_memory_base_inst/gen_wr_a.gen_word_narrow.mem_reg_0_31_0_5/RAMB_D1/CLK
Low Pulse Width   Slow    RAMD32/CLK          n/a            1.250         5.000       3.750      SLICE_X46Y88    pynq_z2_bram_i/axi_smc/inst/s00_nodes/s00_ar_node/inst/inst_mi_handler/gen_normal_area.inst_fifo_node_payld/gen_xpm_memory_fifo.inst_fifo/gen_mem_rep[0].inst_xpm_memory/xpm_memory_base_inst/gen_wr_a.gen_word_narrow.mem_reg_0_31_0_5/RAMC/CLK
Low Pulse Width   Fast    RAMD32/CLK          n/a            1.250         5.000       3.750      SLICE_X46Y88    pynq_z2_bram_i/axi_smc/inst/s00_nodes/s00_ar_node/inst/inst_mi_handler/gen_normal_area.inst_fifo_node_payld/gen_xpm_memory_fifo.inst_fifo/gen_mem_rep[0].inst_xpm_memory/xpm_memory_base_inst/gen_wr_a.gen_word_narrow.mem_reg_0_31_0_5/RAMC/CLK
High Pulse Width  Slow    RAMD32/CLK          n/a            1.250         5.000       3.750      SLICE_X46Y88    pynq_z2_bram_i/axi_smc/inst/s00_nodes/s00_ar_node/inst/inst_mi_handler/gen_normal_area.inst_fifo_node_payld/gen_xpm_memory_fifo.inst_fifo/gen_mem_rep[0].inst_xpm_memory/xpm_memory_base_inst/gen_wr_a.gen_word_narrow.mem_reg_0_31_0_5/RAMA/CLK
High Pulse Width  Fast    RAMD32/CLK          n/a            1.250         5.000       3.750      SLICE_X46Y88    pynq_z2_bram_i/axi_smc/inst/s00_nodes/s00_ar_node/inst/inst_mi_handler/gen_normal_area.inst_fifo_node_payld/gen_xpm_memory_fifo.inst_fifo/gen_mem_rep[0].inst_xpm_memory/xpm_memory_base_inst/gen_wr_a.gen_word_narrow.mem_reg_0_31_0_5/RAMA/CLK
High Pulse Width  Slow    RAMD32/CLK          n/a            1.250         5.000       3.750      SLICE_X46Y88    pynq_z2_bram_i/axi_smc/inst/s00_nodes/s00_ar_node/inst/inst_mi_handler/gen_normal_area.inst_fifo_node_payld/gen_xpm_memory_fifo.inst_fifo/gen_mem_rep[0].inst_xpm_memory/xpm_memory_base_inst/gen_wr_a.gen_word_narrow.mem_reg_0_31_0_5/RAMA_D1/CLK
High Pulse Width  Fast    RAMD32/CLK          n/a            1.250         5.000       3.750      SLICE_X46Y88    pynq_z2_bram_i/axi_smc/inst/s00_nodes/s00_ar_node/inst/inst_mi_handler/gen_normal_area.inst_fifo_node_payld/gen_xpm_memory_fifo.inst_fifo/gen_mem_rep[0].inst_xpm_memory/xpm_memory_base_inst/gen_wr_a.gen_word_narrow.mem_reg_0_31_0_5/RAMA_D1/CLK
High Pulse Width  Slow    RAMD32/CLK          n/a            1.250         5.000       3.750      SLICE_X46Y88    pynq_z2_bram_i/axi_smc/inst/s00_nodes/s00_ar_node/inst/inst_mi_handler/gen_normal_area.inst_fifo_node_payld/gen_xpm_memory_fifo.inst_fifo/gen_mem_rep[0].inst_xpm_memory/xpm_memory_base_inst/gen_wr_a.gen_word_narrow.mem_reg_0_31_0_5/RAMB/CLK
High Pulse Width  Fast    RAMD32/CLK          n/a            1.250         5.000       3.750      SLICE_X46Y88    pynq_z2_bram_i/axi_smc/inst/s00_nodes/s00_ar_node/inst/inst_mi_handler/gen_normal_area.inst_fifo_node_payld/gen_xpm_memory_fifo.inst_fifo/gen_mem_rep[0].inst_xpm_memory/xpm_memory_base_inst/gen_wr_a.gen_word_narrow.mem_reg_0_31_0_5/RAMB/CLK
High Pulse Width  Slow    RAMD32/CLK          n/a            1.250         5.000       3.750      SLICE_X46Y88    pynq_z2_bram_i/axi_smc/inst/s00_nodes/s00_ar_node/inst/inst_mi_handler/gen_normal_area.inst_fifo_node_payld/gen_xpm_memory_fifo.inst_fifo/gen_mem_rep[0].inst_xpm_memory/xpm_memory_base_inst/gen_wr_a.gen_word_narrow.mem_reg_0_31_0_5/RAMB_D1/CLK
High Pulse Width  Fast    RAMD32/CLK          n/a            1.250         5.000       3.750      SLICE_X46Y88    pynq_z2_bram_i/axi_smc/inst/s00_nodes/s00_ar_node/inst/inst_mi_handler/gen_normal_area.inst_fifo_node_payld/gen_xpm_memory_fifo.inst_fifo/gen_mem_rep[0].inst_xpm_memory/xpm_memory_base_inst/gen_wr_a.gen_word_narrow.mem_reg_0_31_0_5/RAMB_D1/CLK
High Pulse Width  Slow    RAMD32/CLK          n/a            1.250         5.000       3.750      SLICE_X46Y88    pynq_z2_bram_i/axi_smc/inst/s00_nodes/s00_ar_node/inst/inst_mi_handler/gen_normal_area.inst_fifo_node_payld/gen_xpm_memory_fifo.inst_fifo/gen_mem_rep[0].inst_xpm_memory/xpm_memory_base_inst/gen_wr_a.gen_word_narrow.mem_reg_0_31_0_5/RAMC/CLK
High Pulse Width  Fast    RAMD32/CLK          n/a            1.250         5.000       3.750      SLICE_X46Y88    pynq_z2_bram_i/axi_smc/inst/s00_nodes/s00_ar_node/inst/inst_mi_handler/gen_normal_area.inst_fifo_node_payld/gen_xpm_memory_fifo.inst_fifo/gen_mem_rep[0].inst_xpm_memory/xpm_memory_base_inst/gen_wr_a.gen_word_narrow.mem_reg_0_31_0_5/RAMC/CLK



--------------------------------------------------------------------------------------
Path Group:  (none)
From Clock:  
  To Clock:  clk_fpga_0

Max Delay             1 Endpoint
Min Delay             1 Endpoint
--------------------------------------------------------------------------------------


Max Delay Paths
--------------------------------------------------------------------------------------
Slack:                    inf
  Source:                 pynq_z2_bram_i/processing_system7_0/inst/PS7_i/FCLKRESETN[0]
                            (internal pin)
  Destination:            pynq_z2_bram_i/rst_ps7_0_100M/U0/EXT_LPF/ACTIVE_LOW_EXT.ACT_LO_EXT/GENERATE_LEVEL_P_S_CDC.SINGLE_BIT.CROSS_PLEVEL_IN2SCNDRY_IN_cdc_to/D
                            (rising edge-triggered cell FDRE clocked by clk_fpga_0  {rise@0.000ns fall@5.000ns period=10.000ns})
  Path Group:             (none)
  Path Type:              Setup (Max at Slow Process Corner)
  Data Path Delay:        1.770ns  (logic 0.124ns (7.005%)  route 1.646ns (92.995%))
  Logic Levels:           1  (LUT1=1)
  Clock Uncertainty:      0.152ns  ((TSJ^2 + TIJ^2)^1/2 + DJ) / 2 + PE
    Total System Jitter     (TSJ):    0.050ns
    Total Input Jitter      (TIJ):    0.300ns
    Discrete Jitter          (DJ):    0.000ns
    Phase Error              (PE):    0.000ns
  Timing Exception:       False Path

    Location             Delay type                Incr(ns)  Path(ns)    Netlist Resource(s)
  -------------------------------------------------------------------    -------------------
    PS7_X0Y0             PS7                          0.000     0.000 f  pynq_z2_bram_i/processing_system7_0/inst/PS7_i/FCLKRESETN[0]
                         net (fo=1, routed)           1.646     1.646    pynq_z2_bram_i/rst_ps7_0_100M/U0/EXT_LPF/ACTIVE_LOW_EXT.ACT_LO_EXT/ext_reset_in
    SLICE_X36Y104        LUT1 (Prop_lut1_I0_O)        0.124     1.770 r  pynq_z2_bram_i/rst_ps7_0_100M/U0/EXT_LPF/ACTIVE_LOW_EXT.ACT_LO_EXT/GENERATE_LEVEL_P_S_CDC.SINGLE_BIT.CROSS_PLEVEL_IN2SCNDRY_IN_cdc_to_i_1/O
                         net (fo=1, routed)           0.000     1.770    pynq_z2_bram_i/rst_ps7_0_100M/U0/EXT_LPF/ACTIVE_LOW_EXT.ACT_LO_EXT/exr_d1
    SLICE_X36Y104        FDRE                                         r  pynq_z2_bram_i/rst_ps7_0_100M/U0/EXT_LPF/ACTIVE_LOW_EXT.ACT_LO_EXT/GENERATE_LEVEL_P_S_CDC.SINGLE_BIT.CROSS_PLEVEL_IN2SCNDRY_IN_cdc_to/D
  -------------------------------------------------------------------    -------------------

                         (clock clk_fpga_0 rise edge)
                                                      0.000     0.000 r  
    PS7_X0Y0             PS7                          0.000     0.000 r  pynq_z2_bram_i/processing_system7_0/inst/PS7_i/FCLKCLK[0]
                         net (fo=1, routed)           1.088     1.088    pynq_z2_bram_i/processing_system7_0/inst/FCLK_CLK_unbuffered[0]
    BUFGCTRL_X0Y16       BUFG (Prop_bufg_I_O)         0.091     1.179 r  pynq_z2_bram_i/processing_system7_0/inst/buffer_fclk_clk_0.FCLK_CLK_0_BUFG/O
                         net (fo=1611, routed)        1.653     2.832    pynq_z2_bram_i/rst_ps7_0_100M/U0/EXT_LPF/ACTIVE_LOW_EXT.ACT_LO_EXT/slowest_sync_clk
    SLICE_X36Y104        FDRE                                         r  pynq_z2_bram_i/rst_ps7_0_100M/U0/EXT_LPF/ACTIVE_LOW_EXT.ACT_LO_EXT/GENERATE_LEVEL_P_S_CDC.SINGLE_BIT.CROSS_PLEVEL_IN2SCNDRY_IN_cdc_to/C





Min Delay Paths
--------------------------------------------------------------------------------------
Slack:                    inf
  Source:                 pynq_z2_bram_i/processing_system7_0/inst/PS7_i/FCLKRESETN[0]
                            (internal pin)
  Destination:            pynq_z2_bram_i/rst_ps7_0_100M/U0/EXT_LPF/ACTIVE_LOW_EXT.ACT_LO_EXT/GENERATE_LEVEL_P_S_CDC.SINGLE_BIT.CROSS_PLEVEL_IN2SCNDRY_IN_cdc_to/D
                            (rising edge-triggered cell FDRE clocked by clk_fpga_0  {rise@0.000ns fall@5.000ns period=10.000ns})
  Path Group:             (none)
  Path Type:              Hold (Min at Fast Process Corner)
  Data Path Delay:        0.713ns  (logic 0.045ns (6.310%)  route 0.668ns (93.690%))
  Logic Levels:           1  (LUT1=1)
  Clock Uncertainty:      0.152ns  ((TSJ^2 + TIJ^2)^1/2 + DJ) / 2 + PE
    Total System Jitter     (TSJ):    0.050ns
    Total Input Jitter      (TIJ):    0.300ns
    Discrete Jitter          (DJ):    0.000ns
    Phase Error              (PE):    0.000ns
  Timing Exception:       False Path

    Location             Delay type                Incr(ns)  Path(ns)    Netlist Resource(s)
  -------------------------------------------------------------------    -------------------
    PS7_X0Y0             PS7                          0.000     0.000 f  pynq_z2_bram_i/processing_system7_0/inst/PS7_i/FCLKRESETN[0]
                         net (fo=1, routed)           0.668     0.668    pynq_z2_bram_i/rst_ps7_0_100M/U0/EXT_LPF/ACTIVE_LOW_EXT.ACT_LO_EXT/ext_reset_in
    SLICE_X36Y104        LUT1 (Prop_lut1_I0_O)        0.045     0.713 r  pynq_z2_bram_i/rst_ps7_0_100M/U0/EXT_LPF/ACTIVE_LOW_EXT.ACT_LO_EXT/GENERATE_LEVEL_P_S_CDC.SINGLE_BIT.CROSS_PLEVEL_IN2SCNDRY_IN_cdc_to_i_1/O
                         net (fo=1, routed)           0.000     0.713    pynq_z2_bram_i/rst_ps7_0_100M/U0/EXT_LPF/ACTIVE_LOW_EXT.ACT_LO_EXT/exr_d1
    SLICE_X36Y104        FDRE                                         r  pynq_z2_bram_i/rst_ps7_0_100M/U0/EXT_LPF/ACTIVE_LOW_EXT.ACT_LO_EXT/GENERATE_LEVEL_P_S_CDC.SINGLE_BIT.CROSS_PLEVEL_IN2SCNDRY_IN_cdc_to/D
  -------------------------------------------------------------------    -------------------

                         (clock clk_fpga_0 rise edge)
                                                      0.000     0.000 r  
    PS7_X0Y0             PS7                          0.000     0.000 r  pynq_z2_bram_i/processing_system7_0/inst/PS7_i/FCLKCLK[0]
                         net (fo=1, routed)           0.337     0.337    pynq_z2_bram_i/processing_system7_0/inst/FCLK_CLK_unbuffered[0]
    BUFGCTRL_X0Y16       BUFG (Prop_bufg_I_O)         0.029     0.366 r  pynq_z2_bram_i/processing_system7_0/inst/buffer_fclk_clk_0.FCLK_CLK_0_BUFG/O
                         net (fo=1611, routed)        0.910     1.276    pynq_z2_bram_i/rst_ps7_0_100M/U0/EXT_LPF/ACTIVE_LOW_EXT.ACT_LO_EXT/slowest_sync_clk
    SLICE_X36Y104        FDRE                                         r  pynq_z2_bram_i/rst_ps7_0_100M/U0/EXT_LPF/ACTIVE_LOW_EXT.ACT_LO_EXT/GENERATE_LEVEL_P_S_CDC.SINGLE_BIT.CROSS_PLEVEL_IN2SCNDRY_IN_cdc_to/C





--------------------------------------------------------------------------------------
Path Group:  (none)
From Clock:  clk_fpga_0
  To Clock:  clk_fpga_0

Max Delay            28 Endpoints
Min Delay            28 Endpoints
--------------------------------------------------------------------------------------


Max Delay Paths
--------------------------------------------------------------------------------------
Slack:                    inf
  Source:                 pynq_z2_bram_i/axi_smc/inst/clk_map/psr_aclk/U0/ACTIVE_LOW_BSR_OUT_DFF[0].FDRE_BSR_N/C
                            (rising edge-triggered cell FDRE clocked by clk_fpga_0  {rise@0.000ns fall@5.000ns period=10.000ns})
  Destination:            pynq_z2_bram_i/axi_smc/inst/s00_nodes/s00_r_node/inst/s_sc_xpm_cdc_async_rst_inst/arststages_ff_reg[0]/CLR
                            (recovery check against rising-edge clock clk_fpga_0  {rise@0.000ns fall@5.000ns period=10.000ns})
  Path Group:             (none)
  Path Type:              Recovery (Max at Slow Process Corner)
  Data Path Delay:        2.373ns  (logic 0.642ns (27.056%)  route 1.731ns (72.944%))
  Logic Levels:           1  (LUT1=1)
  Clock Path Skew:        -0.481ns (DCD - SCD + CPR)
    Destination Clock Delay (DCD):    2.657ns
    Source Clock Delay      (SCD):    3.138ns
    Clock Pessimism Removal (CPR):    0.000ns
  Clock Uncertainty:      0.154ns  ((TSJ^2 + TIJ^2)^1/2 + DJ) / 2 + PE
    Total System Jitter     (TSJ):    0.071ns
    Total Input Jitter      (TIJ):    0.300ns
    Discrete Jitter          (DJ):    0.000ns
    Phase Error              (PE):    0.000ns
  Timing Exception:       False Path

    Location             Delay type                Incr(ns)  Path(ns)    Netlist Resource(s)
  -------------------------------------------------------------------    -------------------
                         (clock clk_fpga_0 rise edge)
                                                      0.000     0.000 r  
    PS7_X0Y0             PS7                          0.000     0.000 r  pynq_z2_bram_i/processing_system7_0/inst/PS7_i/FCLKCLK[0]
                         net (fo=1, routed)           1.193     1.193    pynq_z2_bram_i/processing_system7_0/inst/FCLK_CLK_unbuffered[0]
    BUFGCTRL_X0Y16       BUFG (Prop_bufg_I_O)         0.101     1.294 r  pynq_z2_bram_i/processing_system7_0/inst/buffer_fclk_clk_0.FCLK_CLK_0_BUFG/O
                         net (fo=1611, routed)        1.844     3.138    pynq_z2_bram_i/axi_smc/inst/clk_map/psr_aclk/U0/aclk
    SLICE_X46Y102        FDRE                                         r  pynq_z2_bram_i/axi_smc/inst/clk_map/psr_aclk/U0/ACTIVE_LOW_BSR_OUT_DFF[0].FDRE_BSR_N/C
  -------------------------------------------------------------------    -------------------
    SLICE_X46Y102        FDRE (Prop_fdre_C_Q)         0.518     3.656 r  pynq_z2_bram_i/axi_smc/inst/clk_map/psr_aclk/U0/ACTIVE_LOW_BSR_OUT_DFF[0].FDRE_BSR_N/Q
                         net (fo=9, routed)           1.199     4.855    pynq_z2_bram_i/axi_smc/inst/s00_nodes/s00_r_node/inst/s_sc_xpm_cdc_async_rst_inst/src_arst
    SLICE_X44Y93         LUT1 (Prop_lut1_I0_O)        0.124     4.979 f  pynq_z2_bram_i/axi_smc/inst/s00_nodes/s00_r_node/inst/s_sc_xpm_cdc_async_rst_inst/arststages_ff[2]_i_1/O
                         net (fo=3, routed)           0.532     5.511    pynq_z2_bram_i/axi_smc/inst/s00_nodes/s00_r_node/inst/s_sc_xpm_cdc_async_rst_inst/reset_pol
    SLICE_X44Y93         FDCE                                         f  pynq_z2_bram_i/axi_smc/inst/s00_nodes/s00_r_node/inst/s_sc_xpm_cdc_async_rst_inst/arststages_ff_reg[0]/CLR
  -------------------------------------------------------------------    -------------------

                         (clock clk_fpga_0 rise edge)
                                                      0.000     0.000 r  
    PS7_X0Y0             PS7                          0.000     0.000 r  pynq_z2_bram_i/processing_system7_0/inst/PS7_i/FCLKCLK[0]
                         net (fo=1, routed)           1.088     1.088    pynq_z2_bram_i/processing_system7_0/inst/FCLK_CLK_unbuffered[0]
    BUFGCTRL_X0Y16       BUFG (Prop_bufg_I_O)         0.091     1.179 r  pynq_z2_bram_i/processing_system7_0/inst/buffer_fclk_clk_0.FCLK_CLK_0_BUFG/O
                         net (fo=1611, routed)        1.478     2.657    pynq_z2_bram_i/axi_smc/inst/s00_nodes/s00_r_node/inst/s_sc_xpm_cdc_async_rst_inst/dest_clk
    SLICE_X44Y93         FDCE                                         r  pynq_z2_bram_i/axi_smc/inst/s00_nodes/s00_r_node/inst/s_sc_xpm_cdc_async_rst_inst/arststages_ff_reg[0]/C

Slack:                    inf
  Source:                 pynq_z2_bram_i/axi_smc/inst/clk_map/psr_aclk/U0/ACTIVE_LOW_BSR_OUT_DFF[0].FDRE_BSR_N/C
                            (rising edge-triggered cell FDRE clocked by clk_fpga_0  {rise@0.000ns fall@5.000ns period=10.000ns})
  Destination:            pynq_z2_bram_i/axi_smc/inst/s00_nodes/s00_r_node/inst/s_sc_xpm_cdc_async_rst_inst/arststages_ff_reg[1]/CLR
                            (recovery check against rising-edge clock clk_fpga_0  {rise@0.000ns fall@5.000ns period=10.000ns})
  Path Group:             (none)
  Path Type:              Recovery (Max at Slow Process Corner)
  Data Path Delay:        2.373ns  (logic 0.642ns (27.056%)  route 1.731ns (72.944%))
  Logic Levels:           1  (LUT1=1)
  Clock Path Skew:        -0.481ns (DCD - SCD + CPR)
    Destination Clock Delay (DCD):    2.657ns
    Source Clock Delay      (SCD):    3.138ns
    Clock Pessimism Removal (CPR):    0.000ns
  Clock Uncertainty:      0.154ns  ((TSJ^2 + TIJ^2)^1/2 + DJ) / 2 + PE
    Total System Jitter     (TSJ):    0.071ns
    Total Input Jitter      (TIJ):    0.300ns
    Discrete Jitter          (DJ):    0.000ns
    Phase Error              (PE):    0.000ns
  Timing Exception:       False Path

    Location             Delay type                Incr(ns)  Path(ns)    Netlist Resource(s)
  -------------------------------------------------------------------    -------------------
                         (clock clk_fpga_0 rise edge)
                                                      0.000     0.000 r  
    PS7_X0Y0             PS7                          0.000     0.000 r  pynq_z2_bram_i/processing_system7_0/inst/PS7_i/FCLKCLK[0]
                         net (fo=1, routed)           1.193     1.193    pynq_z2_bram_i/processing_system7_0/inst/FCLK_CLK_unbuffered[0]
    BUFGCTRL_X0Y16       BUFG (Prop_bufg_I_O)         0.101     1.294 r  pynq_z2_bram_i/processing_system7_0/inst/buffer_fclk_clk_0.FCLK_CLK_0_BUFG/O
                         net (fo=1611, routed)        1.844     3.138    pynq_z2_bram_i/axi_smc/inst/clk_map/psr_aclk/U0/aclk
    SLICE_X46Y102        FDRE                                         r  pynq_z2_bram_i/axi_smc/inst/clk_map/psr_aclk/U0/ACTIVE_LOW_BSR_OUT_DFF[0].FDRE_BSR_N/C
  -------------------------------------------------------------------    -------------------
    SLICE_X46Y102        FDRE (Prop_fdre_C_Q)         0.518     3.656 r  pynq_z2_bram_i/axi_smc/inst/clk_map/psr_aclk/U0/ACTIVE_LOW_BSR_OUT_DFF[0].FDRE_BSR_N/Q
                         net (fo=9, routed)           1.199     4.855    pynq_z2_bram_i/axi_smc/inst/s00_nodes/s00_r_node/inst/s_sc_xpm_cdc_async_rst_inst/src_arst
    SLICE_X44Y93         LUT1 (Prop_lut1_I0_O)        0.124     4.979 f  pynq_z2_bram_i/axi_smc/inst/s00_nodes/s00_r_node/inst/s_sc_xpm_cdc_async_rst_inst/arststages_ff[2]_i_1/O
                         net (fo=3, routed)           0.532     5.511    pynq_z2_bram_i/axi_smc/inst/s00_nodes/s00_r_node/inst/s_sc_xpm_cdc_async_rst_inst/reset_pol
    SLICE_X44Y93         FDCE                                         f  pynq_z2_bram_i/axi_smc/inst/s00_nodes/s00_r_node/inst/s_sc_xpm_cdc_async_rst_inst/arststages_ff_reg[1]/CLR
  -------------------------------------------------------------------    -------------------

                         (clock clk_fpga_0 rise edge)
                                                      0.000     0.000 r  
    PS7_X0Y0             PS7                          0.000     0.000 r  pynq_z2_bram_i/processing_system7_0/inst/PS7_i/FCLKCLK[0]
                         net (fo=1, routed)           1.088     1.088    pynq_z2_bram_i/processing_system7_0/inst/FCLK_CLK_unbuffered[0]
    BUFGCTRL_X0Y16       BUFG (Prop_bufg_I_O)         0.091     1.179 r  pynq_z2_bram_i/processing_system7_0/inst/buffer_fclk_clk_0.FCLK_CLK_0_BUFG/O
                         net (fo=1611, routed)        1.478     2.657    pynq_z2_bram_i/axi_smc/inst/s00_nodes/s00_r_node/inst/s_sc_xpm_cdc_async_rst_inst/dest_clk
    SLICE_X44Y93         FDCE                                         r  pynq_z2_bram_i/axi_smc/inst/s00_nodes/s00_r_node/inst/s_sc_xpm_cdc_async_rst_inst/arststages_ff_reg[1]/C

Slack:                    inf
  Source:                 pynq_z2_bram_i/axi_smc/inst/clk_map/psr_aclk/U0/ACTIVE_LOW_BSR_OUT_DFF[0].FDRE_BSR_N/C
                            (rising edge-triggered cell FDRE clocked by clk_fpga_0  {rise@0.000ns fall@5.000ns period=10.000ns})
  Destination:            pynq_z2_bram_i/axi_smc/inst/s00_nodes/s00_r_node/inst/s_sc_xpm_cdc_async_rst_inst/arststages_ff_reg[2]/CLR
                            (recovery check against rising-edge clock clk_fpga_0  {rise@0.000ns fall@5.000ns period=10.000ns})
  Path Group:             (none)
  Path Type:              Recovery (Max at Slow Process Corner)
  Data Path Delay:        2.373ns  (logic 0.642ns (27.056%)  route 1.731ns (72.944%))
  Logic Levels:           1  (LUT1=1)
  Clock Path Skew:        -0.481ns (DCD - SCD + CPR)
    Destination Clock Delay (DCD):    2.657ns
    Source Clock Delay      (SCD):    3.138ns
    Clock Pessimism Removal (CPR):    0.000ns
  Clock Uncertainty:      0.154ns  ((TSJ^2 + TIJ^2)^1/2 + DJ) / 2 + PE
    Total System Jitter     (TSJ):    0.071ns
    Total Input Jitter      (TIJ):    0.300ns
    Discrete Jitter          (DJ):    0.000ns
    Phase Error              (PE):    0.000ns
  Timing Exception:       False Path

    Location             Delay type                Incr(ns)  Path(ns)    Netlist Resource(s)
  -------------------------------------------------------------------    -------------------
                         (clock clk_fpga_0 rise edge)
                                                      0.000     0.000 r  
    PS7_X0Y0             PS7                          0.000     0.000 r  pynq_z2_bram_i/processing_system7_0/inst/PS7_i/FCLKCLK[0]
                         net (fo=1, routed)           1.193     1.193    pynq_z2_bram_i/processing_system7_0/inst/FCLK_CLK_unbuffered[0]
    BUFGCTRL_X0Y16       BUFG (Prop_bufg_I_O)         0.101     1.294 r  pynq_z2_bram_i/processing_system7_0/inst/buffer_fclk_clk_0.FCLK_CLK_0_BUFG/O
                         net (fo=1611, routed)        1.844     3.138    pynq_z2_bram_i/axi_smc/inst/clk_map/psr_aclk/U0/aclk
    SLICE_X46Y102        FDRE                                         r  pynq_z2_bram_i/axi_smc/inst/clk_map/psr_aclk/U0/ACTIVE_LOW_BSR_OUT_DFF[0].FDRE_BSR_N/C
  -------------------------------------------------------------------    -------------------
    SLICE_X46Y102        FDRE (Prop_fdre_C_Q)         0.518     3.656 r  pynq_z2_bram_i/axi_smc/inst/clk_map/psr_aclk/U0/ACTIVE_LOW_BSR_OUT_DFF[0].FDRE_BSR_N/Q
                         net (fo=9, routed)           1.199     4.855    pynq_z2_bram_i/axi_smc/inst/s00_nodes/s00_r_node/inst/s_sc_xpm_cdc_async_rst_inst/src_arst
    SLICE_X44Y93         LUT1 (Prop_lut1_I0_O)        0.124     4.979 f  pynq_z2_bram_i/axi_smc/inst/s00_nodes/s00_r_node/inst/s_sc_xpm_cdc_async_rst_inst/arststages_ff[2]_i_1/O
                         net (fo=3, routed)           0.532     5.511    pynq_z2_bram_i/axi_smc/inst/s00_nodes/s00_r_node/inst/s_sc_xpm_cdc_async_rst_inst/reset_pol
    SLICE_X44Y93         FDCE                                         f  pynq_z2_bram_i/axi_smc/inst/s00_nodes/s00_r_node/inst/s_sc_xpm_cdc_async_rst_inst/arststages_ff_reg[2]/CLR
  -------------------------------------------------------------------    -------------------

                         (clock clk_fpga_0 rise edge)
                                                      0.000     0.000 r  
    PS7_X0Y0             PS7                          0.000     0.000 r  pynq_z2_bram_i/processing_system7_0/inst/PS7_i/FCLKCLK[0]
                         net (fo=1, routed)           1.088     1.088    pynq_z2_bram_i/processing_system7_0/inst/FCLK_CLK_unbuffered[0]
    BUFGCTRL_X0Y16       BUFG (Prop_bufg_I_O)         0.091     1.179 r  pynq_z2_bram_i/processing_system7_0/inst/buffer_fclk_clk_0.FCLK_CLK_0_BUFG/O
                         net (fo=1611, routed)        1.478     2.657    pynq_z2_bram_i/axi_smc/inst/s00_nodes/s00_r_node/inst/s_sc_xpm_cdc_async_rst_inst/dest_clk
    SLICE_X44Y93         FDCE                                         r  pynq_z2_bram_i/axi_smc/inst/s00_nodes/s00_r_node/inst/s_sc_xpm_cdc_async_rst_inst/arststages_ff_reg[2]/C

Slack:                    inf
  Source:                 pynq_z2_bram_i/axi_smc/inst/clk_map/psr_aclk/U0/ACTIVE_LOW_BSR_OUT_DFF[0].FDRE_BSR_N/C
                            (rising edge-triggered cell FDRE clocked by clk_fpga_0  {rise@0.000ns fall@5.000ns period=10.000ns})
  Destination:            pynq_z2_bram_i/axi_smc/inst/s00_entry_pipeline/s00_si_converter/inst/xpm_cdc_async_rst_inst/arststages_ff_reg[0]/CLR
                            (recovery check against rising-edge clock clk_fpga_0  {rise@0.000ns fall@5.000ns period=10.000ns})
  Path Group:             (none)
  Path Type:              Recovery (Max at Slow Process Corner)
  Data Path Delay:        2.312ns  (logic 0.671ns (29.026%)  route 1.641ns (70.974%))
  Logic Levels:           1  (LUT1=1)
  Clock Path Skew:        -0.307ns (DCD - SCD + CPR)
    Destination Clock Delay (DCD):    2.831ns
    Source Clock Delay      (SCD):    3.138ns
    Clock Pessimism Removal (CPR):    0.000ns
  Clock Uncertainty:      0.154ns  ((TSJ^2 + TIJ^2)^1/2 + DJ) / 2 + PE
    Total System Jitter     (TSJ):    0.071ns
    Total Input Jitter      (TIJ):    0.300ns
    Discrete Jitter          (DJ):    0.000ns
    Phase Error              (PE):    0.000ns
  Timing Exception:       False Path

    Location             Delay type                Incr(ns)  Path(ns)    Netlist Resource(s)
  -------------------------------------------------------------------    -------------------
                         (clock clk_fpga_0 rise edge)
                                                      0.000     0.000 r  
    PS7_X0Y0             PS7                          0.000     0.000 r  pynq_z2_bram_i/processing_system7_0/inst/PS7_i/FCLKCLK[0]
                         net (fo=1, routed)           1.193     1.193    pynq_z2_bram_i/processing_system7_0/inst/FCLK_CLK_unbuffered[0]
    BUFGCTRL_X0Y16       BUFG (Prop_bufg_I_O)         0.101     1.294 r  pynq_z2_bram_i/processing_system7_0/inst/buffer_fclk_clk_0.FCLK_CLK_0_BUFG/O
                         net (fo=1611, routed)        1.844     3.138    pynq_z2_bram_i/axi_smc/inst/clk_map/psr_aclk/U0/aclk
    SLICE_X46Y102        FDRE                                         r  pynq_z2_bram_i/axi_smc/inst/clk_map/psr_aclk/U0/ACTIVE_LOW_BSR_OUT_DFF[0].FDRE_BSR_N/C
  -------------------------------------------------------------------    -------------------
    SLICE_X46Y102        FDRE (Prop_fdre_C_Q)         0.518     3.656 r  pynq_z2_bram_i/axi_smc/inst/clk_map/psr_aclk/U0/ACTIVE_LOW_BSR_OUT_DFF[0].FDRE_BSR_N/Q
                         net (fo=9, routed)           1.109     4.765    pynq_z2_bram_i/axi_smc/inst/s00_entry_pipeline/s00_si_converter/inst/xpm_cdc_async_rst_inst/src_arst
    SLICE_X36Y107        LUT1 (Prop_lut1_I0_O)        0.153     4.918 f  pynq_z2_bram_i/axi_smc/inst/s00_entry_pipeline/s00_si_converter/inst/xpm_cdc_async_rst_inst/arststages_ff[2]_i_1/O
                         net (fo=3, routed)           0.532     5.450    pynq_z2_bram_i/axi_smc/inst/s00_entry_pipeline/s00_si_converter/inst/xpm_cdc_async_rst_inst/reset_pol
    SLICE_X36Y107        FDCE                                         f  pynq_z2_bram_i/axi_smc/inst/s00_entry_pipeline/s00_si_converter/inst/xpm_cdc_async_rst_inst/arststages_ff_reg[0]/CLR
  -------------------------------------------------------------------    -------------------

                         (clock clk_fpga_0 rise edge)
                                                      0.000     0.000 r  
    PS7_X0Y0             PS7                          0.000     0.000 r  pynq_z2_bram_i/processing_system7_0/inst/PS7_i/FCLKCLK[0]
                         net (fo=1, routed)           1.088     1.088    pynq_z2_bram_i/processing_system7_0/inst/FCLK_CLK_unbuffered[0]
    BUFGCTRL_X0Y16       BUFG (Prop_bufg_I_O)         0.091     1.179 r  pynq_z2_bram_i/processing_system7_0/inst/buffer_fclk_clk_0.FCLK_CLK_0_BUFG/O
                         net (fo=1611, routed)        1.652     2.831    pynq_z2_bram_i/axi_smc/inst/s00_entry_pipeline/s00_si_converter/inst/xpm_cdc_async_rst_inst/dest_clk
    SLICE_X36Y107        FDCE                                         r  pynq_z2_bram_i/axi_smc/inst/s00_entry_pipeline/s00_si_converter/inst/xpm_cdc_async_rst_inst/arststages_ff_reg[0]/C

Slack:                    inf
  Source:                 pynq_z2_bram_i/axi_smc/inst/clk_map/psr_aclk/U0/ACTIVE_LOW_BSR_OUT_DFF[0].FDRE_BSR_N/C
                            (rising edge-triggered cell FDRE clocked by clk_fpga_0  {rise@0.000ns fall@5.000ns period=10.000ns})
  Destination:            pynq_z2_bram_i/axi_smc/inst/s00_entry_pipeline/s00_si_converter/inst/xpm_cdc_async_rst_inst/arststages_ff_reg[1]/CLR
                            (recovery check against rising-edge clock clk_fpga_0  {rise@0.000ns fall@5.000ns period=10.000ns})
  Path Group:             (none)
  Path Type:              Recovery (Max at Slow Process Corner)
  Data Path Delay:        2.312ns  (logic 0.671ns (29.026%)  route 1.641ns (70.974%))
  Logic Levels:           1  (LUT1=1)
  Clock Path Skew:        -0.307ns (DCD - SCD + CPR)
    Destination Clock Delay (DCD):    2.831ns
    Source Clock Delay      (SCD):    3.138ns
    Clock Pessimism Removal (CPR):    0.000ns
  Clock Uncertainty:      0.154ns  ((TSJ^2 + TIJ^2)^1/2 + DJ) / 2 + PE
    Total System Jitter     (TSJ):    0.071ns
    Total Input Jitter      (TIJ):    0.300ns
    Discrete Jitter          (DJ):    0.000ns
    Phase Error              (PE):    0.000ns
  Timing Exception:       False Path

    Location             Delay type                Incr(ns)  Path(ns)    Netlist Resource(s)
  -------------------------------------------------------------------    -------------------
                         (clock clk_fpga_0 rise edge)
                                                      0.000     0.000 r  
    PS7_X0Y0             PS7                          0.000     0.000 r  pynq_z2_bram_i/processing_system7_0/inst/PS7_i/FCLKCLK[0]
                         net (fo=1, routed)           1.193     1.193    pynq_z2_bram_i/processing_system7_0/inst/FCLK_CLK_unbuffered[0]
    BUFGCTRL_X0Y16       BUFG (Prop_bufg_I_O)         0.101     1.294 r  pynq_z2_bram_i/processing_system7_0/inst/buffer_fclk_clk_0.FCLK_CLK_0_BUFG/O
                         net (fo=1611, routed)        1.844     3.138    pynq_z2_bram_i/axi_smc/inst/clk_map/psr_aclk/U0/aclk
    SLICE_X46Y102        FDRE                                         r  pynq_z2_bram_i/axi_smc/inst/clk_map/psr_aclk/U0/ACTIVE_LOW_BSR_OUT_DFF[0].FDRE_BSR_N/C
  -------------------------------------------------------------------    -------------------
    SLICE_X46Y102        FDRE (Prop_fdre_C_Q)         0.518     3.656 r  pynq_z2_bram_i/axi_smc/inst/clk_map/psr_aclk/U0/ACTIVE_LOW_BSR_OUT_DFF[0].FDRE_BSR_N/Q
                         net (fo=9, routed)           1.109     4.765    pynq_z2_bram_i/axi_smc/inst/s00_entry_pipeline/s00_si_converter/inst/xpm_cdc_async_rst_inst/src_arst
    SLICE_X36Y107        LUT1 (Prop_lut1_I0_O)        0.153     4.918 f  pynq_z2_bram_i/axi_smc/inst/s00_entry_pipeline/s00_si_converter/inst/xpm_cdc_async_rst_inst/arststages_ff[2]_i_1/O
                         net (fo=3, routed)           0.532     5.450    pynq_z2_bram_i/axi_smc/inst/s00_entry_pipeline/s00_si_converter/inst/xpm_cdc_async_rst_inst/reset_pol
    SLICE_X36Y107        FDCE                                         f  pynq_z2_bram_i/axi_smc/inst/s00_entry_pipeline/s00_si_converter/inst/xpm_cdc_async_rst_inst/arststages_ff_reg[1]/CLR
  -------------------------------------------------------------------    -------------------

                         (clock clk_fpga_0 rise edge)
                                                      0.000     0.000 r  
    PS7_X0Y0             PS7                          0.000     0.000 r  pynq_z2_bram_i/processing_system7_0/inst/PS7_i/FCLKCLK[0]
                         net (fo=1, routed)           1.088     1.088    pynq_z2_bram_i/processing_system7_0/inst/FCLK_CLK_unbuffered[0]
    BUFGCTRL_X0Y16       BUFG (Prop_bufg_I_O)         0.091     1.179 r  pynq_z2_bram_i/processing_system7_0/inst/buffer_fclk_clk_0.FCLK_CLK_0_BUFG/O
                         net (fo=1611, routed)        1.652     2.831    pynq_z2_bram_i/axi_smc/inst/s00_entry_pipeline/s00_si_converter/inst/xpm_cdc_async_rst_inst/dest_clk
    SLICE_X36Y107        FDCE                                         r  pynq_z2_bram_i/axi_smc/inst/s00_entry_pipeline/s00_si_converter/inst/xpm_cdc_async_rst_inst/arststages_ff_reg[1]/C

Slack:                    inf
  Source:                 pynq_z2_bram_i/axi_smc/inst/clk_map/psr_aclk/U0/ACTIVE_LOW_BSR_OUT_DFF[0].FDRE_BSR_N/C
                            (rising edge-triggered cell FDRE clocked by clk_fpga_0  {rise@0.000ns fall@5.000ns period=10.000ns})
  Destination:            pynq_z2_bram_i/axi_smc/inst/s00_entry_pipeline/s00_si_converter/inst/xpm_cdc_async_rst_inst/arststages_ff_reg[2]/CLR
                            (recovery check against rising-edge clock clk_fpga_0  {rise@0.000ns fall@5.000ns period=10.000ns})
  Path Group:             (none)
  Path Type:              Recovery (Max at Slow Process Corner)
  Data Path Delay:        2.312ns  (logic 0.671ns (29.026%)  route 1.641ns (70.974%))
  Logic Levels:           1  (LUT1=1)
  Clock Path Skew:        -0.307ns (DCD - SCD + CPR)
    Destination Clock Delay (DCD):    2.831ns
    Source Clock Delay      (SCD):    3.138ns
    Clock Pessimism Removal (CPR):    0.000ns
  Clock Uncertainty:      0.154ns  ((TSJ^2 + TIJ^2)^1/2 + DJ) / 2 + PE
    Total System Jitter     (TSJ):    0.071ns
    Total Input Jitter      (TIJ):    0.300ns
    Discrete Jitter          (DJ):    0.000ns
    Phase Error              (PE):    0.000ns
  Timing Exception:       False Path

    Location             Delay type                Incr(ns)  Path(ns)    Netlist Resource(s)
  -------------------------------------------------------------------    -------------------
                         (clock clk_fpga_0 rise edge)
                                                      0.000     0.000 r  
    PS7_X0Y0             PS7                          0.000     0.000 r  pynq_z2_bram_i/processing_system7_0/inst/PS7_i/FCLKCLK[0]
                         net (fo=1, routed)           1.193     1.193    pynq_z2_bram_i/processing_system7_0/inst/FCLK_CLK_unbuffered[0]
    BUFGCTRL_X0Y16       BUFG (Prop_bufg_I_O)         0.101     1.294 r  pynq_z2_bram_i/processing_system7_0/inst/buffer_fclk_clk_0.FCLK_CLK_0_BUFG/O
                         net (fo=1611, routed)        1.844     3.138    pynq_z2_bram_i/axi_smc/inst/clk_map/psr_aclk/U0/aclk
    SLICE_X46Y102        FDRE                                         r  pynq_z2_bram_i/axi_smc/inst/clk_map/psr_aclk/U0/ACTIVE_LOW_BSR_OUT_DFF[0].FDRE_BSR_N/C
  -------------------------------------------------------------------    -------------------
    SLICE_X46Y102        FDRE (Prop_fdre_C_Q)         0.518     3.656 r  pynq_z2_bram_i/axi_smc/inst/clk_map/psr_aclk/U0/ACTIVE_LOW_BSR_OUT_DFF[0].FDRE_BSR_N/Q
                         net (fo=9, routed)           1.109     4.765    pynq_z2_bram_i/axi_smc/inst/s00_entry_pipeline/s00_si_converter/inst/xpm_cdc_async_rst_inst/src_arst
    SLICE_X36Y107        LUT1 (Prop_lut1_I0_O)        0.153     4.918 f  pynq_z2_bram_i/axi_smc/inst/s00_entry_pipeline/s00_si_converter/inst/xpm_cdc_async_rst_inst/arststages_ff[2]_i_1/O
                         net (fo=3, routed)           0.532     5.450    pynq_z2_bram_i/axi_smc/inst/s00_entry_pipeline/s00_si_converter/inst/xpm_cdc_async_rst_inst/reset_pol
    SLICE_X36Y107        FDCE                                         f  pynq_z2_bram_i/axi_smc/inst/s00_entry_pipeline/s00_si_converter/inst/xpm_cdc_async_rst_inst/arststages_ff_reg[2]/CLR
  -------------------------------------------------------------------    -------------------

                         (clock clk_fpga_0 rise edge)
                                                      0.000     0.000 r  
    PS7_X0Y0             PS7                          0.000     0.000 r  pynq_z2_bram_i/processing_system7_0/inst/PS7_i/FCLKCLK[0]
                         net (fo=1, routed)           1.088     1.088    pynq_z2_bram_i/processing_system7_0/inst/FCLK_CLK_unbuffered[0]
    BUFGCTRL_X0Y16       BUFG (Prop_bufg_I_O)         0.091     1.179 r  pynq_z2_bram_i/processing_system7_0/inst/buffer_fclk_clk_0.FCLK_CLK_0_BUFG/O
                         net (fo=1611, routed)        1.652     2.831    pynq_z2_bram_i/axi_smc/inst/s00_entry_pipeline/s00_si_converter/inst/xpm_cdc_async_rst_inst/dest_clk
    SLICE_X36Y107        FDCE                                         r  pynq_z2_bram_i/axi_smc/inst/s00_entry_pipeline/s00_si_converter/inst/xpm_cdc_async_rst_inst/arststages_ff_reg[2]/C

Slack:                    inf
  Source:                 pynq_z2_bram_i/axi_smc/inst/clk_map/psr_aclk/U0/ACTIVE_LOW_BSR_OUT_DFF[0].FDRE_BSR_N/C
                            (rising edge-triggered cell FDRE clocked by clk_fpga_0  {rise@0.000ns fall@5.000ns period=10.000ns})
  Destination:            pynq_z2_bram_i/axi_smc/inst/s00_entry_pipeline/s00_mmu/inst/xpm_cdc_async_rst_inst/arststages_ff_reg[0]/CLR
                            (recovery check against rising-edge clock clk_fpga_0  {rise@0.000ns fall@5.000ns period=10.000ns})
  Path Group:             (none)
  Path Type:              Recovery (Max at Slow Process Corner)
  Data Path Delay:        2.306ns  (logic 0.642ns (27.840%)  route 1.664ns (72.160%))
  Logic Levels:           1  (LUT1=1)
  Clock Path Skew:        -0.306ns (DCD - SCD + CPR)
    Destination Clock Delay (DCD):    2.832ns
    Source Clock Delay      (SCD):    3.138ns
    Clock Pessimism Removal (CPR):    0.000ns
  Clock Uncertainty:      0.154ns  ((TSJ^2 + TIJ^2)^1/2 + DJ) / 2 + PE
    Total System Jitter     (TSJ):    0.071ns
    Total Input Jitter      (TIJ):    0.300ns
    Discrete Jitter          (DJ):    0.000ns
    Phase Error              (PE):    0.000ns
  Timing Exception:       False Path

    Location             Delay type                Incr(ns)  Path(ns)    Netlist Resource(s)
  -------------------------------------------------------------------    -------------------
                         (clock clk_fpga_0 rise edge)
                                                      0.000     0.000 r  
    PS7_X0Y0             PS7                          0.000     0.000 r  pynq_z2_bram_i/processing_system7_0/inst/PS7_i/FCLKCLK[0]
                         net (fo=1, routed)           1.193     1.193    pynq_z2_bram_i/processing_system7_0/inst/FCLK_CLK_unbuffered[0]
    BUFGCTRL_X0Y16       BUFG (Prop_bufg_I_O)         0.101     1.294 r  pynq_z2_bram_i/processing_system7_0/inst/buffer_fclk_clk_0.FCLK_CLK_0_BUFG/O
                         net (fo=1611, routed)        1.844     3.138    pynq_z2_bram_i/axi_smc/inst/clk_map/psr_aclk/U0/aclk
    SLICE_X46Y102        FDRE                                         r  pynq_z2_bram_i/axi_smc/inst/clk_map/psr_aclk/U0/ACTIVE_LOW_BSR_OUT_DFF[0].FDRE_BSR_N/C
  -------------------------------------------------------------------    -------------------
    SLICE_X46Y102        FDRE (Prop_fdre_C_Q)         0.518     3.656 r  pynq_z2_bram_i/axi_smc/inst/clk_map/psr_aclk/U0/ACTIVE_LOW_BSR_OUT_DFF[0].FDRE_BSR_N/Q
                         net (fo=9, routed)           1.109     4.765    pynq_z2_bram_i/axi_smc/inst/s00_entry_pipeline/s00_mmu/inst/xpm_cdc_async_rst_inst/src_arst
    SLICE_X36Y107        LUT1 (Prop_lut1_I0_O)        0.124     4.889 f  pynq_z2_bram_i/axi_smc/inst/s00_entry_pipeline/s00_mmu/inst/xpm_cdc_async_rst_inst/arststages_ff[2]_i_1/O
                         net (fo=3, routed)           0.555     5.444    pynq_z2_bram_i/axi_smc/inst/s00_entry_pipeline/s00_mmu/inst/xpm_cdc_async_rst_inst/reset_pol
    SLICE_X35Y107        FDCE                                         f  pynq_z2_bram_i/axi_smc/inst/s00_entry_pipeline/s00_mmu/inst/xpm_cdc_async_rst_inst/arststages_ff_reg[0]/CLR
  -------------------------------------------------------------------    -------------------

                         (clock clk_fpga_0 rise edge)
                                                      0.000     0.000 r  
    PS7_X0Y0             PS7                          0.000     0.000 r  pynq_z2_bram_i/processing_system7_0/inst/PS7_i/FCLKCLK[0]
                         net (fo=1, routed)           1.088     1.088    pynq_z2_bram_i/processing_system7_0/inst/FCLK_CLK_unbuffered[0]
    BUFGCTRL_X0Y16       BUFG (Prop_bufg_I_O)         0.091     1.179 r  pynq_z2_bram_i/processing_system7_0/inst/buffer_fclk_clk_0.FCLK_CLK_0_BUFG/O
                         net (fo=1611, routed)        1.653     2.832    pynq_z2_bram_i/axi_smc/inst/s00_entry_pipeline/s00_mmu/inst/xpm_cdc_async_rst_inst/dest_clk
    SLICE_X35Y107        FDCE                                         r  pynq_z2_bram_i/axi_smc/inst/s00_entry_pipeline/s00_mmu/inst/xpm_cdc_async_rst_inst/arststages_ff_reg[0]/C

Slack:                    inf
  Source:                 pynq_z2_bram_i/axi_smc/inst/clk_map/psr_aclk/U0/ACTIVE_LOW_BSR_OUT_DFF[0].FDRE_BSR_N/C
                            (rising edge-triggered cell FDRE clocked by clk_fpga_0  {rise@0.000ns fall@5.000ns period=10.000ns})
  Destination:            pynq_z2_bram_i/axi_smc/inst/s00_entry_pipeline/s00_mmu/inst/xpm_cdc_async_rst_inst/arststages_ff_reg[1]/CLR
                            (recovery check against rising-edge clock clk_fpga_0  {rise@0.000ns fall@5.000ns period=10.000ns})
  Path Group:             (none)
  Path Type:              Recovery (Max at Slow Process Corner)
  Data Path Delay:        2.306ns  (logic 0.642ns (27.840%)  route 1.664ns (72.160%))
  Logic Levels:           1  (LUT1=1)
  Clock Path Skew:        -0.306ns (DCD - SCD + CPR)
    Destination Clock Delay (DCD):    2.832ns
    Source Clock Delay      (SCD):    3.138ns
    Clock Pessimism Removal (CPR):    0.000ns
  Clock Uncertainty:      0.154ns  ((TSJ^2 + TIJ^2)^1/2 + DJ) / 2 + PE
    Total System Jitter     (TSJ):    0.071ns
    Total Input Jitter      (TIJ):    0.300ns
    Discrete Jitter          (DJ):    0.000ns
    Phase Error              (PE):    0.000ns
  Timing Exception:       False Path

    Location             Delay type                Incr(ns)  Path(ns)    Netlist Resource(s)
  -------------------------------------------------------------------    -------------------
                         (clock clk_fpga_0 rise edge)
                                                      0.000     0.000 r  
    PS7_X0Y0             PS7                          0.000     0.000 r  pynq_z2_bram_i/processing_system7_0/inst/PS7_i/FCLKCLK[0]
                         net (fo=1, routed)           1.193     1.193    pynq_z2_bram_i/processing_system7_0/inst/FCLK_CLK_unbuffered[0]
    BUFGCTRL_X0Y16       BUFG (Prop_bufg_I_O)         0.101     1.294 r  pynq_z2_bram_i/processing_system7_0/inst/buffer_fclk_clk_0.FCLK_CLK_0_BUFG/O
                         net (fo=1611, routed)        1.844     3.138    pynq_z2_bram_i/axi_smc/inst/clk_map/psr_aclk/U0/aclk
    SLICE_X46Y102        FDRE                                         r  pynq_z2_bram_i/axi_smc/inst/clk_map/psr_aclk/U0/ACTIVE_LOW_BSR_OUT_DFF[0].FDRE_BSR_N/C
  -------------------------------------------------------------------    -------------------
    SLICE_X46Y102        FDRE (Prop_fdre_C_Q)         0.518     3.656 r  pynq_z2_bram_i/axi_smc/inst/clk_map/psr_aclk/U0/ACTIVE_LOW_BSR_OUT_DFF[0].FDRE_BSR_N/Q
                         net (fo=9, routed)           1.109     4.765    pynq_z2_bram_i/axi_smc/inst/s00_entry_pipeline/s00_mmu/inst/xpm_cdc_async_rst_inst/src_arst
    SLICE_X36Y107        LUT1 (Prop_lut1_I0_O)        0.124     4.889 f  pynq_z2_bram_i/axi_smc/inst/s00_entry_pipeline/s00_mmu/inst/xpm_cdc_async_rst_inst/arststages_ff[2]_i_1/O
                         net (fo=3, routed)           0.555     5.444    pynq_z2_bram_i/axi_smc/inst/s00_entry_pipeline/s00_mmu/inst/xpm_cdc_async_rst_inst/reset_pol
    SLICE_X35Y107        FDCE                                         f  pynq_z2_bram_i/axi_smc/inst/s00_entry_pipeline/s00_mmu/inst/xpm_cdc_async_rst_inst/arststages_ff_reg[1]/CLR
  -------------------------------------------------------------------    -------------------

                         (clock clk_fpga_0 rise edge)
                                                      0.000     0.000 r  
    PS7_X0Y0             PS7                          0.000     0.000 r  pynq_z2_bram_i/processing_system7_0/inst/PS7_i/FCLKCLK[0]
                         net (fo=1, routed)           1.088     1.088    pynq_z2_bram_i/processing_system7_0/inst/FCLK_CLK_unbuffered[0]
    BUFGCTRL_X0Y16       BUFG (Prop_bufg_I_O)         0.091     1.179 r  pynq_z2_bram_i/processing_system7_0/inst/buffer_fclk_clk_0.FCLK_CLK_0_BUFG/O
                         net (fo=1611, routed)        1.653     2.832    pynq_z2_bram_i/axi_smc/inst/s00_entry_pipeline/s00_mmu/inst/xpm_cdc_async_rst_inst/dest_clk
    SLICE_X35Y107        FDCE                                         r  pynq_z2_bram_i/axi_smc/inst/s00_entry_pipeline/s00_mmu/inst/xpm_cdc_async_rst_inst/arststages_ff_reg[1]/C

Slack:                    inf
  Source:                 pynq_z2_bram_i/axi_smc/inst/clk_map/psr_aclk/U0/ACTIVE_LOW_BSR_OUT_DFF[0].FDRE_BSR_N/C
                            (rising edge-triggered cell FDRE clocked by clk_fpga_0  {rise@0.000ns fall@5.000ns period=10.000ns})
  Destination:            pynq_z2_bram_i/axi_smc/inst/s00_entry_pipeline/s00_mmu/inst/xpm_cdc_async_rst_inst/arststages_ff_reg[2]/CLR
                            (recovery check against rising-edge clock clk_fpga_0  {rise@0.000ns fall@5.000ns period=10.000ns})
  Path Group:             (none)
  Path Type:              Recovery (Max at Slow Process Corner)
  Data Path Delay:        2.306ns  (logic 0.642ns (27.840%)  route 1.664ns (72.160%))
  Logic Levels:           1  (LUT1=1)
  Clock Path Skew:        -0.306ns (DCD - SCD + CPR)
    Destination Clock Delay (DCD):    2.832ns
    Source Clock Delay      (SCD):    3.138ns
    Clock Pessimism Removal (CPR):    0.000ns
  Clock Uncertainty:      0.154ns  ((TSJ^2 + TIJ^2)^1/2 + DJ) / 2 + PE
    Total System Jitter     (TSJ):    0.071ns
    Total Input Jitter      (TIJ):    0.300ns
    Discrete Jitter          (DJ):    0.000ns
    Phase Error              (PE):    0.000ns
  Timing Exception:       False Path

    Location             Delay type                Incr(ns)  Path(ns)    Netlist Resource(s)
  -------------------------------------------------------------------    -------------------
                         (clock clk_fpga_0 rise edge)
                                                      0.000     0.000 r  
    PS7_X0Y0             PS7                          0.000     0.000 r  pynq_z2_bram_i/processing_system7_0/inst/PS7_i/FCLKCLK[0]
                         net (fo=1, routed)           1.193     1.193    pynq_z2_bram_i/processing_system7_0/inst/FCLK_CLK_unbuffered[0]
    BUFGCTRL_X0Y16       BUFG (Prop_bufg_I_O)         0.101     1.294 r  pynq_z2_bram_i/processing_system7_0/inst/buffer_fclk_clk_0.FCLK_CLK_0_BUFG/O
                         net (fo=1611, routed)        1.844     3.138    pynq_z2_bram_i/axi_smc/inst/clk_map/psr_aclk/U0/aclk
    SLICE_X46Y102        FDRE                                         r  pynq_z2_bram_i/axi_smc/inst/clk_map/psr_aclk/U0/ACTIVE_LOW_BSR_OUT_DFF[0].FDRE_BSR_N/C
  -------------------------------------------------------------------    -------------------
    SLICE_X46Y102        FDRE (Prop_fdre_C_Q)         0.518     3.656 r  pynq_z2_bram_i/axi_smc/inst/clk_map/psr_aclk/U0/ACTIVE_LOW_BSR_OUT_DFF[0].FDRE_BSR_N/Q
                         net (fo=9, routed)           1.109     4.765    pynq_z2_bram_i/axi_smc/inst/s00_entry_pipeline/s00_mmu/inst/xpm_cdc_async_rst_inst/src_arst
    SLICE_X36Y107        LUT1 (Prop_lut1_I0_O)        0.124     4.889 f  pynq_z2_bram_i/axi_smc/inst/s00_entry_pipeline/s00_mmu/inst/xpm_cdc_async_rst_inst/arststages_ff[2]_i_1/O
                         net (fo=3, routed)           0.555     5.444    pynq_z2_bram_i/axi_smc/inst/s00_entry_pipeline/s00_mmu/inst/xpm_cdc_async_rst_inst/reset_pol
    SLICE_X35Y107        FDCE                                         f  pynq_z2_bram_i/axi_smc/inst/s00_entry_pipeline/s00_mmu/inst/xpm_cdc_async_rst_inst/arststages_ff_reg[2]/CLR
  -------------------------------------------------------------------    -------------------

                         (clock clk_fpga_0 rise edge)
                                                      0.000     0.000 r  
    PS7_X0Y0             PS7                          0.000     0.000 r  pynq_z2_bram_i/processing_system7_0/inst/PS7_i/FCLKCLK[0]
                         net (fo=1, routed)           1.088     1.088    pynq_z2_bram_i/processing_system7_0/inst/FCLK_CLK_unbuffered[0]
    BUFGCTRL_X0Y16       BUFG (Prop_bufg_I_O)         0.091     1.179 r  pynq_z2_bram_i/processing_system7_0/inst/buffer_fclk_clk_0.FCLK_CLK_0_BUFG/O
                         net (fo=1611, routed)        1.653     2.832    pynq_z2_bram_i/axi_smc/inst/s00_entry_pipeline/s00_mmu/inst/xpm_cdc_async_rst_inst/dest_clk
    SLICE_X35Y107        FDCE                                         r  pynq_z2_bram_i/axi_smc/inst/s00_entry_pipeline/s00_mmu/inst/xpm_cdc_async_rst_inst/arststages_ff_reg[2]/C

Slack:                    inf
  Source:                 pynq_z2_bram_i/axi_smc/inst/clk_map/psr_aclk/U0/ACTIVE_LOW_BSR_OUT_DFF[0].FDRE_BSR_N/C
                            (rising edge-triggered cell FDRE clocked by clk_fpga_0  {rise@0.000ns fall@5.000ns period=10.000ns})
  Destination:            pynq_z2_bram_i/axi_smc/inst/m00_exit_pipeline/m00_exit/inst/xpm_cdc_async_rst_inst/arststages_ff_reg[0]/CLR
                            (recovery check against rising-edge clock clk_fpga_0  {rise@0.000ns fall@5.000ns period=10.000ns})
  Path Group:             (none)
  Path Type:              Recovery (Max at Slow Process Corner)
  Data Path Delay:        2.245ns  (logic 0.671ns (29.895%)  route 1.574ns (70.105%))
  Logic Levels:           1  (LUT1=1)
  Clock Path Skew:        -0.482ns (DCD - SCD + CPR)
    Destination Clock Delay (DCD):    2.656ns
    Source Clock Delay      (SCD):    3.138ns
    Clock Pessimism Removal (CPR):    0.000ns
  Clock Uncertainty:      0.154ns  ((TSJ^2 + TIJ^2)^1/2 + DJ) / 2 + PE
    Total System Jitter     (TSJ):    0.071ns
    Total Input Jitter      (TIJ):    0.300ns
    Discrete Jitter          (DJ):    0.000ns
    Phase Error              (PE):    0.000ns
  Timing Exception:       False Path

    Location             Delay type                Incr(ns)  Path(ns)    Netlist Resource(s)
  -------------------------------------------------------------------    -------------------
                         (clock clk_fpga_0 rise edge)
                                                      0.000     0.000 r  
    PS7_X0Y0             PS7                          0.000     0.000 r  pynq_z2_bram_i/processing_system7_0/inst/PS7_i/FCLKCLK[0]
                         net (fo=1, routed)           1.193     1.193    pynq_z2_bram_i/processing_system7_0/inst/FCLK_CLK_unbuffered[0]
    BUFGCTRL_X0Y16       BUFG (Prop_bufg_I_O)         0.101     1.294 r  pynq_z2_bram_i/processing_system7_0/inst/buffer_fclk_clk_0.FCLK_CLK_0_BUFG/O
                         net (fo=1611, routed)        1.844     3.138    pynq_z2_bram_i/axi_smc/inst/clk_map/psr_aclk/U0/aclk
    SLICE_X46Y102        FDRE                                         r  pynq_z2_bram_i/axi_smc/inst/clk_map/psr_aclk/U0/ACTIVE_LOW_BSR_OUT_DFF[0].FDRE_BSR_N/C
  -------------------------------------------------------------------    -------------------
    SLICE_X46Y102        FDRE (Prop_fdre_C_Q)         0.518     3.656 r  pynq_z2_bram_i/axi_smc/inst/clk_map/psr_aclk/U0/ACTIVE_LOW_BSR_OUT_DFF[0].FDRE_BSR_N/Q
                         net (fo=9, routed)           1.037     4.693    pynq_z2_bram_i/axi_smc/inst/m00_exit_pipeline/m00_exit/inst/xpm_cdc_async_rst_inst/src_arst
    SLICE_X48Y96         LUT1 (Prop_lut1_I0_O)        0.153     4.846 f  pynq_z2_bram_i/axi_smc/inst/m00_exit_pipeline/m00_exit/inst/xpm_cdc_async_rst_inst/arststages_ff[2]_i_1/O
                         net (fo=3, routed)           0.536     5.383    pynq_z2_bram_i/axi_smc/inst/m00_exit_pipeline/m00_exit/inst/xpm_cdc_async_rst_inst/reset_pol
    SLICE_X48Y96         FDCE                                         f  pynq_z2_bram_i/axi_smc/inst/m00_exit_pipeline/m00_exit/inst/xpm_cdc_async_rst_inst/arststages_ff_reg[0]/CLR
  -------------------------------------------------------------------    -------------------

                         (clock clk_fpga_0 rise edge)
                                                      0.000     0.000 r  
    PS7_X0Y0             PS7                          0.000     0.000 r  pynq_z2_bram_i/processing_system7_0/inst/PS7_i/FCLKCLK[0]
                         net (fo=1, routed)           1.088     1.088    pynq_z2_bram_i/processing_system7_0/inst/FCLK_CLK_unbuffered[0]
    BUFGCTRL_X0Y16       BUFG (Prop_bufg_I_O)         0.091     1.179 r  pynq_z2_bram_i/processing_system7_0/inst/buffer_fclk_clk_0.FCLK_CLK_0_BUFG/O
                         net (fo=1611, routed)        1.477     2.656    pynq_z2_bram_i/axi_smc/inst/m00_exit_pipeline/m00_exit/inst/xpm_cdc_async_rst_inst/dest_clk
    SLICE_X48Y96         FDCE                                         r  pynq_z2_bram_i/axi_smc/inst/m00_exit_pipeline/m00_exit/inst/xpm_cdc_async_rst_inst/arststages_ff_reg[0]/C





Min Delay Paths
--------------------------------------------------------------------------------------
Slack:                    inf
  Source:                 pynq_z2_bram_i/rst_ps7_0_100M/U0/ACTIVE_LOW_PR_OUT_DFF[0].FDRE_PER_N/C
                            (rising edge-triggered cell FDRE clocked by clk_fpga_0  {rise@0.000ns fall@5.000ns period=10.000ns})
  Destination:            pynq_z2_bram_i/axi_smc/inst/clk_map/psr_aclk/U0/EXT_LPF/ACTIVE_LOW_AUX.ACT_LO_AUX/GENERATE_LEVEL_P_S_CDC.SINGLE_BIT.CROSS_PLEVEL_IN2SCNDRY_IN_cdc_to/D
                            (rising edge-triggered cell FDRE clocked by clk_fpga_0  {rise@0.000ns fall@5.000ns period=10.000ns})
  Path Group:             (none)
  Path Type:              Hold (Min at Fast Process Corner)
  Data Path Delay:        0.450ns  (logic 0.186ns (41.306%)  route 0.264ns (58.694%))
  Logic Levels:           1  (LUT1=1)
  Clock Path Skew:        0.302ns (DCD - SCD - CPR)
    Destination Clock Delay (DCD):    1.276ns
    Source Clock Delay      (SCD):    0.974ns
    Clock Pessimism Removal (CPR):    -0.000ns
  Clock Uncertainty:      0.154ns  ((TSJ^2 + TIJ^2)^1/2 + DJ) / 2 + PE
    Total System Jitter     (TSJ):    0.071ns
    Total Input Jitter      (TIJ):    0.300ns
    Discrete Jitter          (DJ):    0.000ns
    Phase Error              (PE):    0.000ns
  Timing Exception:       False Path

    Location             Delay type                Incr(ns)  Path(ns)    Netlist Resource(s)
  -------------------------------------------------------------------    -------------------
                         (clock clk_fpga_0 rise edge)
                                                      0.000     0.000 r  
    PS7_X0Y0             PS7                          0.000     0.000 r  pynq_z2_bram_i/processing_system7_0/inst/PS7_i/FCLKCLK[0]
                         net (fo=1, routed)           0.310     0.310    pynq_z2_bram_i/processing_system7_0/inst/FCLK_CLK_unbuffered[0]
    BUFGCTRL_X0Y16       BUFG (Prop_bufg_I_O)         0.026     0.336 r  pynq_z2_bram_i/processing_system7_0/inst/buffer_fclk_clk_0.FCLK_CLK_0_BUFG/O
                         net (fo=1611, routed)        0.638     0.974    pynq_z2_bram_i/rst_ps7_0_100M/U0/slowest_sync_clk
    SLICE_X43Y106        FDRE                                         r  pynq_z2_bram_i/rst_ps7_0_100M/U0/ACTIVE_LOW_PR_OUT_DFF[0].FDRE_PER_N/C
  -------------------------------------------------------------------    -------------------
    SLICE_X43Y106        FDRE (Prop_fdre_C_Q)         0.141     1.115 f  pynq_z2_bram_i/rst_ps7_0_100M/U0/ACTIVE_LOW_PR_OUT_DFF[0].FDRE_PER_N/Q
                         net (fo=18, routed)          0.264     1.379    pynq_z2_bram_i/axi_smc/inst/clk_map/psr_aclk/U0/EXT_LPF/ACTIVE_LOW_AUX.ACT_LO_AUX/aresetn
    SLICE_X45Y103        LUT1 (Prop_lut1_I0_O)        0.045     1.424 r  pynq_z2_bram_i/axi_smc/inst/clk_map/psr_aclk/U0/EXT_LPF/ACTIVE_LOW_AUX.ACT_LO_AUX/GENERATE_LEVEL_P_S_CDC.SINGLE_BIT.CROSS_PLEVEL_IN2SCNDRY_IN_cdc_to_i_1/O
                         net (fo=1, routed)           0.000     1.424    pynq_z2_bram_i/axi_smc/inst/clk_map/psr_aclk/U0/EXT_LPF/ACTIVE_LOW_AUX.ACT_LO_AUX/asr_d1
    SLICE_X45Y103        FDRE                                         r  pynq_z2_bram_i/axi_smc/inst/clk_map/psr_aclk/U0/EXT_LPF/ACTIVE_LOW_AUX.ACT_LO_AUX/GENERATE_LEVEL_P_S_CDC.SINGLE_BIT.CROSS_PLEVEL_IN2SCNDRY_IN_cdc_to/D
  -------------------------------------------------------------------    -------------------

                         (clock clk_fpga_0 rise edge)
                                                      0.000     0.000 r  
    PS7_X0Y0             PS7                          0.000     0.000 r  pynq_z2_bram_i/processing_system7_0/inst/PS7_i/FCLKCLK[0]
                         net (fo=1, routed)           0.337     0.337    pynq_z2_bram_i/processing_system7_0/inst/FCLK_CLK_unbuffered[0]
    BUFGCTRL_X0Y16       BUFG (Prop_bufg_I_O)         0.029     0.366 r  pynq_z2_bram_i/processing_system7_0/inst/buffer_fclk_clk_0.FCLK_CLK_0_BUFG/O
                         net (fo=1611, routed)        0.910     1.276    pynq_z2_bram_i/axi_smc/inst/clk_map/psr_aclk/U0/EXT_LPF/ACTIVE_LOW_AUX.ACT_LO_AUX/aclk
    SLICE_X45Y103        FDRE                                         r  pynq_z2_bram_i/axi_smc/inst/clk_map/psr_aclk/U0/EXT_LPF/ACTIVE_LOW_AUX.ACT_LO_AUX/GENERATE_LEVEL_P_S_CDC.SINGLE_BIT.CROSS_PLEVEL_IN2SCNDRY_IN_cdc_to/C

Slack:                    inf
  Source:                 pynq_z2_bram_i/axi_smc/inst/clk_map/psr_aclk/U0/ACTIVE_LOW_BSR_OUT_DFF[0].FDRE_BSR_N/C
                            (rising edge-triggered cell FDRE clocked by clk_fpga_0  {rise@0.000ns fall@5.000ns period=10.000ns})
  Destination:            pynq_z2_bram_i/axi_smc/inst/s00_nodes/s00_aw_node/inst/s_sc_xpm_cdc_async_rst_inst/arststages_ff_reg[0]/CLR
                            (removal check against rising-edge clock clk_fpga_0  {rise@0.000ns fall@5.000ns period=10.000ns})
  Path Group:             (none)
  Path Type:              Removal (Min at Fast Process Corner)
  Data Path Delay:        0.703ns  (logic 0.209ns (29.720%)  route 0.494ns (70.280%))
  Logic Levels:           1  (LUT1=1)
  Clock Path Skew:        0.302ns (DCD - SCD - CPR)
    Destination Clock Delay (DCD):    1.277ns
    Source Clock Delay      (SCD):    0.975ns
    Clock Pessimism Removal (CPR):    -0.000ns
  Clock Uncertainty:      0.154ns  ((TSJ^2 + TIJ^2)^1/2 + DJ) / 2 + PE
    Total System Jitter     (TSJ):    0.071ns
    Total Input Jitter      (TIJ):    0.300ns
    Discrete Jitter          (DJ):    0.000ns
    Phase Error              (PE):    0.000ns
  Timing Exception:       False Path

    Location             Delay type                Incr(ns)  Path(ns)    Netlist Resource(s)
  -------------------------------------------------------------------    -------------------
                         (clock clk_fpga_0 rise edge)
                                                      0.000     0.000 r  
    PS7_X0Y0             PS7                          0.000     0.000 r  pynq_z2_bram_i/processing_system7_0/inst/PS7_i/FCLKCLK[0]
                         net (fo=1, routed)           0.310     0.310    pynq_z2_bram_i/processing_system7_0/inst/FCLK_CLK_unbuffered[0]
    BUFGCTRL_X0Y16       BUFG (Prop_bufg_I_O)         0.026     0.336 r  pynq_z2_bram_i/processing_system7_0/inst/buffer_fclk_clk_0.FCLK_CLK_0_BUFG/O
                         net (fo=1611, routed)        0.639     0.975    pynq_z2_bram_i/axi_smc/inst/clk_map/psr_aclk/U0/aclk
    SLICE_X46Y102        FDRE                                         r  pynq_z2_bram_i/axi_smc/inst/clk_map/psr_aclk/U0/ACTIVE_LOW_BSR_OUT_DFF[0].FDRE_BSR_N/C
  -------------------------------------------------------------------    -------------------
    SLICE_X46Y102        FDRE (Prop_fdre_C_Q)         0.164     1.139 r  pynq_z2_bram_i/axi_smc/inst/clk_map/psr_aclk/U0/ACTIVE_LOW_BSR_OUT_DFF[0].FDRE_BSR_N/Q
                         net (fo=9, routed)           0.315     1.454    pynq_z2_bram_i/axi_smc/inst/s00_nodes/s00_aw_node/inst/s_sc_xpm_cdc_async_rst_inst/src_arst
    SLICE_X48Y103        LUT1 (Prop_lut1_I0_O)        0.045     1.499 f  pynq_z2_bram_i/axi_smc/inst/s00_nodes/s00_aw_node/inst/s_sc_xpm_cdc_async_rst_inst/arststages_ff[2]_i_1/O
                         net (fo=3, routed)           0.179     1.678    pynq_z2_bram_i/axi_smc/inst/s00_nodes/s00_aw_node/inst/s_sc_xpm_cdc_async_rst_inst/reset_pol
    SLICE_X48Y102        FDCE                                         f  pynq_z2_bram_i/axi_smc/inst/s00_nodes/s00_aw_node/inst/s_sc_xpm_cdc_async_rst_inst/arststages_ff_reg[0]/CLR
  -------------------------------------------------------------------    -------------------

                         (clock clk_fpga_0 rise edge)
                                                      0.000     0.000 r  
    PS7_X0Y0             PS7                          0.000     0.000 r  pynq_z2_bram_i/processing_system7_0/inst/PS7_i/FCLKCLK[0]
                         net (fo=1, routed)           0.337     0.337    pynq_z2_bram_i/processing_system7_0/inst/FCLK_CLK_unbuffered[0]
    BUFGCTRL_X0Y16       BUFG (Prop_bufg_I_O)         0.029     0.366 r  pynq_z2_bram_i/processing_system7_0/inst/buffer_fclk_clk_0.FCLK_CLK_0_BUFG/O
                         net (fo=1611, routed)        0.911     1.277    pynq_z2_bram_i/axi_smc/inst/s00_nodes/s00_aw_node/inst/s_sc_xpm_cdc_async_rst_inst/dest_clk
    SLICE_X48Y102        FDCE                                         r  pynq_z2_bram_i/axi_smc/inst/s00_nodes/s00_aw_node/inst/s_sc_xpm_cdc_async_rst_inst/arststages_ff_reg[0]/C

Slack:                    inf
  Source:                 pynq_z2_bram_i/axi_smc/inst/clk_map/psr_aclk/U0/ACTIVE_LOW_BSR_OUT_DFF[0].FDRE_BSR_N/C
                            (rising edge-triggered cell FDRE clocked by clk_fpga_0  {rise@0.000ns fall@5.000ns period=10.000ns})
  Destination:            pynq_z2_bram_i/axi_smc/inst/s00_nodes/s00_aw_node/inst/s_sc_xpm_cdc_async_rst_inst/arststages_ff_reg[1]/CLR
                            (removal check against rising-edge clock clk_fpga_0  {rise@0.000ns fall@5.000ns period=10.000ns})
  Path Group:             (none)
  Path Type:              Removal (Min at Fast Process Corner)
  Data Path Delay:        0.703ns  (logic 0.209ns (29.720%)  route 0.494ns (70.280%))
  Logic Levels:           1  (LUT1=1)
  Clock Path Skew:        0.302ns (DCD - SCD - CPR)
    Destination Clock Delay (DCD):    1.277ns
    Source Clock Delay      (SCD):    0.975ns
    Clock Pessimism Removal (CPR):    -0.000ns
  Clock Uncertainty:      0.154ns  ((TSJ^2 + TIJ^2)^1/2 + DJ) / 2 + PE
    Total System Jitter     (TSJ):    0.071ns
    Total Input Jitter      (TIJ):    0.300ns
    Discrete Jitter          (DJ):    0.000ns
    Phase Error              (PE):    0.000ns
  Timing Exception:       False Path

    Location             Delay type                Incr(ns)  Path(ns)    Netlist Resource(s)
  -------------------------------------------------------------------    -------------------
                         (clock clk_fpga_0 rise edge)
                                                      0.000     0.000 r  
    PS7_X0Y0             PS7                          0.000     0.000 r  pynq_z2_bram_i/processing_system7_0/inst/PS7_i/FCLKCLK[0]
                         net (fo=1, routed)           0.310     0.310    pynq_z2_bram_i/processing_system7_0/inst/FCLK_CLK_unbuffered[0]
    BUFGCTRL_X0Y16       BUFG (Prop_bufg_I_O)         0.026     0.336 r  pynq_z2_bram_i/processing_system7_0/inst/buffer_fclk_clk_0.FCLK_CLK_0_BUFG/O
                         net (fo=1611, routed)        0.639     0.975    pynq_z2_bram_i/axi_smc/inst/clk_map/psr_aclk/U0/aclk
    SLICE_X46Y102        FDRE                                         r  pynq_z2_bram_i/axi_smc/inst/clk_map/psr_aclk/U0/ACTIVE_LOW_BSR_OUT_DFF[0].FDRE_BSR_N/C
  -------------------------------------------------------------------    -------------------
    SLICE_X46Y102        FDRE (Prop_fdre_C_Q)         0.164     1.139 r  pynq_z2_bram_i/axi_smc/inst/clk_map/psr_aclk/U0/ACTIVE_LOW_BSR_OUT_DFF[0].FDRE_BSR_N/Q
                         net (fo=9, routed)           0.315     1.454    pynq_z2_bram_i/axi_smc/inst/s00_nodes/s00_aw_node/inst/s_sc_xpm_cdc_async_rst_inst/src_arst
    SLICE_X48Y103        LUT1 (Prop_lut1_I0_O)        0.045     1.499 f  pynq_z2_bram_i/axi_smc/inst/s00_nodes/s00_aw_node/inst/s_sc_xpm_cdc_async_rst_inst/arststages_ff[2]_i_1/O
                         net (fo=3, routed)           0.179     1.678    pynq_z2_bram_i/axi_smc/inst/s00_nodes/s00_aw_node/inst/s_sc_xpm_cdc_async_rst_inst/reset_pol
    SLICE_X48Y102        FDCE                                         f  pynq_z2_bram_i/axi_smc/inst/s00_nodes/s00_aw_node/inst/s_sc_xpm_cdc_async_rst_inst/arststages_ff_reg[1]/CLR
  -------------------------------------------------------------------    -------------------

                         (clock clk_fpga_0 rise edge)
                                                      0.000     0.000 r  
    PS7_X0Y0             PS7                          0.000     0.000 r  pynq_z2_bram_i/processing_system7_0/inst/PS7_i/FCLKCLK[0]
                         net (fo=1, routed)           0.337     0.337    pynq_z2_bram_i/processing_system7_0/inst/FCLK_CLK_unbuffered[0]
    BUFGCTRL_X0Y16       BUFG (Prop_bufg_I_O)         0.029     0.366 r  pynq_z2_bram_i/processing_system7_0/inst/buffer_fclk_clk_0.FCLK_CLK_0_BUFG/O
                         net (fo=1611, routed)        0.911     1.277    pynq_z2_bram_i/axi_smc/inst/s00_nodes/s00_aw_node/inst/s_sc_xpm_cdc_async_rst_inst/dest_clk
    SLICE_X48Y102        FDCE                                         r  pynq_z2_bram_i/axi_smc/inst/s00_nodes/s00_aw_node/inst/s_sc_xpm_cdc_async_rst_inst/arststages_ff_reg[1]/C

Slack:                    inf
  Source:                 pynq_z2_bram_i/axi_smc/inst/clk_map/psr_aclk/U0/ACTIVE_LOW_BSR_OUT_DFF[0].FDRE_BSR_N/C
                            (rising edge-triggered cell FDRE clocked by clk_fpga_0  {rise@0.000ns fall@5.000ns period=10.000ns})
  Destination:            pynq_z2_bram_i/axi_smc/inst/s00_nodes/s00_aw_node/inst/s_sc_xpm_cdc_async_rst_inst/arststages_ff_reg[2]/CLR
                            (removal check against rising-edge clock clk_fpga_0  {rise@0.000ns fall@5.000ns period=10.000ns})
  Path Group:             (none)
  Path Type:              Removal (Min at Fast Process Corner)
  Data Path Delay:        0.703ns  (logic 0.209ns (29.720%)  route 0.494ns (70.280%))
  Logic Levels:           1  (LUT1=1)
  Clock Path Skew:        0.302ns (DCD - SCD - CPR)
    Destination Clock Delay (DCD):    1.277ns
    Source Clock Delay      (SCD):    0.975ns
    Clock Pessimism Removal (CPR):    -0.000ns
  Clock Uncertainty:      0.154ns  ((TSJ^2 + TIJ^2)^1/2 + DJ) / 2 + PE
    Total System Jitter     (TSJ):    0.071ns
    Total Input Jitter      (TIJ):    0.300ns
    Discrete Jitter          (DJ):    0.000ns
    Phase Error              (PE):    0.000ns
  Timing Exception:       False Path

    Location             Delay type                Incr(ns)  Path(ns)    Netlist Resource(s)
  -------------------------------------------------------------------    -------------------
                         (clock clk_fpga_0 rise edge)
                                                      0.000     0.000 r  
    PS7_X0Y0             PS7                          0.000     0.000 r  pynq_z2_bram_i/processing_system7_0/inst/PS7_i/FCLKCLK[0]
                         net (fo=1, routed)           0.310     0.310    pynq_z2_bram_i/processing_system7_0/inst/FCLK_CLK_unbuffered[0]
    BUFGCTRL_X0Y16       BUFG (Prop_bufg_I_O)         0.026     0.336 r  pynq_z2_bram_i/processing_system7_0/inst/buffer_fclk_clk_0.FCLK_CLK_0_BUFG/O
                         net (fo=1611, routed)        0.639     0.975    pynq_z2_bram_i/axi_smc/inst/clk_map/psr_aclk/U0/aclk
    SLICE_X46Y102        FDRE                                         r  pynq_z2_bram_i/axi_smc/inst/clk_map/psr_aclk/U0/ACTIVE_LOW_BSR_OUT_DFF[0].FDRE_BSR_N/C
  -------------------------------------------------------------------    -------------------
    SLICE_X46Y102        FDRE (Prop_fdre_C_Q)         0.164     1.139 r  pynq_z2_bram_i/axi_smc/inst/clk_map/psr_aclk/U0/ACTIVE_LOW_BSR_OUT_DFF[0].FDRE_BSR_N/Q
                         net (fo=9, routed)           0.315     1.454    pynq_z2_bram_i/axi_smc/inst/s00_nodes/s00_aw_node/inst/s_sc_xpm_cdc_async_rst_inst/src_arst
    SLICE_X48Y103        LUT1 (Prop_lut1_I0_O)        0.045     1.499 f  pynq_z2_bram_i/axi_smc/inst/s00_nodes/s00_aw_node/inst/s_sc_xpm_cdc_async_rst_inst/arststages_ff[2]_i_1/O
                         net (fo=3, routed)           0.179     1.678    pynq_z2_bram_i/axi_smc/inst/s00_nodes/s00_aw_node/inst/s_sc_xpm_cdc_async_rst_inst/reset_pol
    SLICE_X48Y102        FDCE                                         f  pynq_z2_bram_i/axi_smc/inst/s00_nodes/s00_aw_node/inst/s_sc_xpm_cdc_async_rst_inst/arststages_ff_reg[2]/CLR
  -------------------------------------------------------------------    -------------------

                         (clock clk_fpga_0 rise edge)
                                                      0.000     0.000 r  
    PS7_X0Y0             PS7                          0.000     0.000 r  pynq_z2_bram_i/processing_system7_0/inst/PS7_i/FCLKCLK[0]
                         net (fo=1, routed)           0.337     0.337    pynq_z2_bram_i/processing_system7_0/inst/FCLK_CLK_unbuffered[0]
    BUFGCTRL_X0Y16       BUFG (Prop_bufg_I_O)         0.029     0.366 r  pynq_z2_bram_i/processing_system7_0/inst/buffer_fclk_clk_0.FCLK_CLK_0_BUFG/O
                         net (fo=1611, routed)        0.911     1.277    pynq_z2_bram_i/axi_smc/inst/s00_nodes/s00_aw_node/inst/s_sc_xpm_cdc_async_rst_inst/dest_clk
    SLICE_X48Y102        FDCE                                         r  pynq_z2_bram_i/axi_smc/inst/s00_nodes/s00_aw_node/inst/s_sc_xpm_cdc_async_rst_inst/arststages_ff_reg[2]/C

Slack:                    inf
  Source:                 pynq_z2_bram_i/axi_smc/inst/clk_map/psr_aclk/U0/ACTIVE_LOW_BSR_OUT_DFF[0].FDRE_BSR_N/C
                            (rising edge-triggered cell FDRE clocked by clk_fpga_0  {rise@0.000ns fall@5.000ns period=10.000ns})
  Destination:            pynq_z2_bram_i/axi_smc/inst/s00_nodes/s00_b_node/inst/s_sc_xpm_cdc_async_rst_inst/arststages_ff_reg[0]/CLR
                            (removal check against rising-edge clock clk_fpga_0  {rise@0.000ns fall@5.000ns period=10.000ns})
  Path Group:             (none)
  Path Type:              Removal (Min at Fast Process Corner)
  Data Path Delay:        0.704ns  (logic 0.208ns (29.539%)  route 0.496ns (70.461%))
  Logic Levels:           1  (LUT1=1)
  Clock Path Skew:        0.301ns (DCD - SCD - CPR)
    Destination Clock Delay (DCD):    1.276ns
    Source Clock Delay      (SCD):    0.975ns
    Clock Pessimism Removal (CPR):    -0.000ns
  Clock Uncertainty:      0.154ns  ((TSJ^2 + TIJ^2)^1/2 + DJ) / 2 + PE
    Total System Jitter     (TSJ):    0.071ns
    Total Input Jitter      (TIJ):    0.300ns
    Discrete Jitter          (DJ):    0.000ns
    Phase Error              (PE):    0.000ns
  Timing Exception:       False Path

    Location             Delay type                Incr(ns)  Path(ns)    Netlist Resource(s)
  -------------------------------------------------------------------    -------------------
                         (clock clk_fpga_0 rise edge)
                                                      0.000     0.000 r  
    PS7_X0Y0             PS7                          0.000     0.000 r  pynq_z2_bram_i/processing_system7_0/inst/PS7_i/FCLKCLK[0]
                         net (fo=1, routed)           0.310     0.310    pynq_z2_bram_i/processing_system7_0/inst/FCLK_CLK_unbuffered[0]
    BUFGCTRL_X0Y16       BUFG (Prop_bufg_I_O)         0.026     0.336 r  pynq_z2_bram_i/processing_system7_0/inst/buffer_fclk_clk_0.FCLK_CLK_0_BUFG/O
                         net (fo=1611, routed)        0.639     0.975    pynq_z2_bram_i/axi_smc/inst/clk_map/psr_aclk/U0/aclk
    SLICE_X46Y102        FDRE                                         r  pynq_z2_bram_i/axi_smc/inst/clk_map/psr_aclk/U0/ACTIVE_LOW_BSR_OUT_DFF[0].FDRE_BSR_N/C
  -------------------------------------------------------------------    -------------------
    SLICE_X46Y102        FDRE (Prop_fdre_C_Q)         0.164     1.139 r  pynq_z2_bram_i/axi_smc/inst/clk_map/psr_aclk/U0/ACTIVE_LOW_BSR_OUT_DFF[0].FDRE_BSR_N/Q
                         net (fo=9, routed)           0.315     1.454    pynq_z2_bram_i/axi_smc/inst/s00_nodes/s00_b_node/inst/s_sc_xpm_cdc_async_rst_inst/src_arst
    SLICE_X48Y103        LUT1 (Prop_lut1_I0_O)        0.044     1.498 f  pynq_z2_bram_i/axi_smc/inst/s00_nodes/s00_b_node/inst/s_sc_xpm_cdc_async_rst_inst/arststages_ff[2]_i_1/O
                         net (fo=3, routed)           0.181     1.679    pynq_z2_bram_i/axi_smc/inst/s00_nodes/s00_b_node/inst/s_sc_xpm_cdc_async_rst_inst/reset_pol
    SLICE_X48Y103        FDCE                                         f  pynq_z2_bram_i/axi_smc/inst/s00_nodes/s00_b_node/inst/s_sc_xpm_cdc_async_rst_inst/arststages_ff_reg[0]/CLR
  -------------------------------------------------------------------    -------------------

                         (clock clk_fpga_0 rise edge)
                                                      0.000     0.000 r  
    PS7_X0Y0             PS7                          0.000     0.000 r  pynq_z2_bram_i/processing_system7_0/inst/PS7_i/FCLKCLK[0]
                         net (fo=1, routed)           0.337     0.337    pynq_z2_bram_i/processing_system7_0/inst/FCLK_CLK_unbuffered[0]
    BUFGCTRL_X0Y16       BUFG (Prop_bufg_I_O)         0.029     0.366 r  pynq_z2_bram_i/processing_system7_0/inst/buffer_fclk_clk_0.FCLK_CLK_0_BUFG/O
                         net (fo=1611, routed)        0.910     1.276    pynq_z2_bram_i/axi_smc/inst/s00_nodes/s00_b_node/inst/s_sc_xpm_cdc_async_rst_inst/dest_clk
    SLICE_X48Y103        FDCE                                         r  pynq_z2_bram_i/axi_smc/inst/s00_nodes/s00_b_node/inst/s_sc_xpm_cdc_async_rst_inst/arststages_ff_reg[0]/C

Slack:                    inf
  Source:                 pynq_z2_bram_i/axi_smc/inst/clk_map/psr_aclk/U0/ACTIVE_LOW_BSR_OUT_DFF[0].FDRE_BSR_N/C
                            (rising edge-triggered cell FDRE clocked by clk_fpga_0  {rise@0.000ns fall@5.000ns period=10.000ns})
  Destination:            pynq_z2_bram_i/axi_smc/inst/s00_nodes/s00_b_node/inst/s_sc_xpm_cdc_async_rst_inst/arststages_ff_reg[1]/CLR
                            (removal check against rising-edge clock clk_fpga_0  {rise@0.000ns fall@5.000ns period=10.000ns})
  Path Group:             (none)
  Path Type:              Removal (Min at Fast Process Corner)
  Data Path Delay:        0.704ns  (logic 0.208ns (29.539%)  route 0.496ns (70.461%))
  Logic Levels:           1  (LUT1=1)
  Clock Path Skew:        0.301ns (DCD - SCD - CPR)
    Destination Clock Delay (DCD):    1.276ns
    Source Clock Delay      (SCD):    0.975ns
    Clock Pessimism Removal (CPR):    -0.000ns
  Clock Uncertainty:      0.154ns  ((TSJ^2 + TIJ^2)^1/2 + DJ) / 2 + PE
    Total System Jitter     (TSJ):    0.071ns
    Total Input Jitter      (TIJ):    0.300ns
    Discrete Jitter          (DJ):    0.000ns
    Phase Error              (PE):    0.000ns
  Timing Exception:       False Path

    Location             Delay type                Incr(ns)  Path(ns)    Netlist Resource(s)
  -------------------------------------------------------------------    -------------------
                         (clock clk_fpga_0 rise edge)
                                                      0.000     0.000 r  
    PS7_X0Y0             PS7                          0.000     0.000 r  pynq_z2_bram_i/processing_system7_0/inst/PS7_i/FCLKCLK[0]
                         net (fo=1, routed)           0.310     0.310    pynq_z2_bram_i/processing_system7_0/inst/FCLK_CLK_unbuffered[0]
    BUFGCTRL_X0Y16       BUFG (Prop_bufg_I_O)         0.026     0.336 r  pynq_z2_bram_i/processing_system7_0/inst/buffer_fclk_clk_0.FCLK_CLK_0_BUFG/O
                         net (fo=1611, routed)        0.639     0.975    pynq_z2_bram_i/axi_smc/inst/clk_map/psr_aclk/U0/aclk
    SLICE_X46Y102        FDRE                                         r  pynq_z2_bram_i/axi_smc/inst/clk_map/psr_aclk/U0/ACTIVE_LOW_BSR_OUT_DFF[0].FDRE_BSR_N/C
  -------------------------------------------------------------------    -------------------
    SLICE_X46Y102        FDRE (Prop_fdre_C_Q)         0.164     1.139 r  pynq_z2_bram_i/axi_smc/inst/clk_map/psr_aclk/U0/ACTIVE_LOW_BSR_OUT_DFF[0].FDRE_BSR_N/Q
                         net (fo=9, routed)           0.315     1.454    pynq_z2_bram_i/axi_smc/inst/s00_nodes/s00_b_node/inst/s_sc_xpm_cdc_async_rst_inst/src_arst
    SLICE_X48Y103        LUT1 (Prop_lut1_I0_O)        0.044     1.498 f  pynq_z2_bram_i/axi_smc/inst/s00_nodes/s00_b_node/inst/s_sc_xpm_cdc_async_rst_inst/arststages_ff[2]_i_1/O
                         net (fo=3, routed)           0.181     1.679    pynq_z2_bram_i/axi_smc/inst/s00_nodes/s00_b_node/inst/s_sc_xpm_cdc_async_rst_inst/reset_pol
    SLICE_X48Y103        FDCE                                         f  pynq_z2_bram_i/axi_smc/inst/s00_nodes/s00_b_node/inst/s_sc_xpm_cdc_async_rst_inst/arststages_ff_reg[1]/CLR
  -------------------------------------------------------------------    -------------------

                         (clock clk_fpga_0 rise edge)
                                                      0.000     0.000 r  
    PS7_X0Y0             PS7                          0.000     0.000 r  pynq_z2_bram_i/processing_system7_0/inst/PS7_i/FCLKCLK[0]
                         net (fo=1, routed)           0.337     0.337    pynq_z2_bram_i/processing_system7_0/inst/FCLK_CLK_unbuffered[0]
    BUFGCTRL_X0Y16       BUFG (Prop_bufg_I_O)         0.029     0.366 r  pynq_z2_bram_i/processing_system7_0/inst/buffer_fclk_clk_0.FCLK_CLK_0_BUFG/O
                         net (fo=1611, routed)        0.910     1.276    pynq_z2_bram_i/axi_smc/inst/s00_nodes/s00_b_node/inst/s_sc_xpm_cdc_async_rst_inst/dest_clk
    SLICE_X48Y103        FDCE                                         r  pynq_z2_bram_i/axi_smc/inst/s00_nodes/s00_b_node/inst/s_sc_xpm_cdc_async_rst_inst/arststages_ff_reg[1]/C

Slack:                    inf
  Source:                 pynq_z2_bram_i/axi_smc/inst/clk_map/psr_aclk/U0/ACTIVE_LOW_BSR_OUT_DFF[0].FDRE_BSR_N/C
                            (rising edge-triggered cell FDRE clocked by clk_fpga_0  {rise@0.000ns fall@5.000ns period=10.000ns})
  Destination:            pynq_z2_bram_i/axi_smc/inst/s00_nodes/s00_b_node/inst/s_sc_xpm_cdc_async_rst_inst/arststages_ff_reg[2]/CLR
                            (removal check against rising-edge clock clk_fpga_0  {rise@0.000ns fall@5.000ns period=10.000ns})
  Path Group:             (none)
  Path Type:              Removal (Min at Fast Process Corner)
  Data Path Delay:        0.704ns  (logic 0.208ns (29.539%)  route 0.496ns (70.461%))
  Logic Levels:           1  (LUT1=1)
  Clock Path Skew:        0.301ns (DCD - SCD - CPR)
    Destination Clock Delay (DCD):    1.276ns
    Source Clock Delay      (SCD):    0.975ns
    Clock Pessimism Removal (CPR):    -0.000ns
  Clock Uncertainty:      0.154ns  ((TSJ^2 + TIJ^2)^1/2 + DJ) / 2 + PE
    Total System Jitter     (TSJ):    0.071ns
    Total Input Jitter      (TIJ):    0.300ns
    Discrete Jitter          (DJ):    0.000ns
    Phase Error              (PE):    0.000ns
  Timing Exception:       False Path

    Location             Delay type                Incr(ns)  Path(ns)    Netlist Resource(s)
  -------------------------------------------------------------------    -------------------
                         (clock clk_fpga_0 rise edge)
                                                      0.000     0.000 r  
    PS7_X0Y0             PS7                          0.000     0.000 r  pynq_z2_bram_i/processing_system7_0/inst/PS7_i/FCLKCLK[0]
                         net (fo=1, routed)           0.310     0.310    pynq_z2_bram_i/processing_system7_0/inst/FCLK_CLK_unbuffered[0]
    BUFGCTRL_X0Y16       BUFG (Prop_bufg_I_O)         0.026     0.336 r  pynq_z2_bram_i/processing_system7_0/inst/buffer_fclk_clk_0.FCLK_CLK_0_BUFG/O
                         net (fo=1611, routed)        0.639     0.975    pynq_z2_bram_i/axi_smc/inst/clk_map/psr_aclk/U0/aclk
    SLICE_X46Y102        FDRE                                         r  pynq_z2_bram_i/axi_smc/inst/clk_map/psr_aclk/U0/ACTIVE_LOW_BSR_OUT_DFF[0].FDRE_BSR_N/C
  -------------------------------------------------------------------    -------------------
    SLICE_X46Y102        FDRE (Prop_fdre_C_Q)         0.164     1.139 r  pynq_z2_bram_i/axi_smc/inst/clk_map/psr_aclk/U0/ACTIVE_LOW_BSR_OUT_DFF[0].FDRE_BSR_N/Q
                         net (fo=9, routed)           0.315     1.454    pynq_z2_bram_i/axi_smc/inst/s00_nodes/s00_b_node/inst/s_sc_xpm_cdc_async_rst_inst/src_arst
    SLICE_X48Y103        LUT1 (Prop_lut1_I0_O)        0.044     1.498 f  pynq_z2_bram_i/axi_smc/inst/s00_nodes/s00_b_node/inst/s_sc_xpm_cdc_async_rst_inst/arststages_ff[2]_i_1/O
                         net (fo=3, routed)           0.181     1.679    pynq_z2_bram_i/axi_smc/inst/s00_nodes/s00_b_node/inst/s_sc_xpm_cdc_async_rst_inst/reset_pol
    SLICE_X48Y103        FDCE                                         f  pynq_z2_bram_i/axi_smc/inst/s00_nodes/s00_b_node/inst/s_sc_xpm_cdc_async_rst_inst/arststages_ff_reg[2]/CLR
  -------------------------------------------------------------------    -------------------

                         (clock clk_fpga_0 rise edge)
                                                      0.000     0.000 r  
    PS7_X0Y0             PS7                          0.000     0.000 r  pynq_z2_bram_i/processing_system7_0/inst/PS7_i/FCLKCLK[0]
                         net (fo=1, routed)           0.337     0.337    pynq_z2_bram_i/processing_system7_0/inst/FCLK_CLK_unbuffered[0]
    BUFGCTRL_X0Y16       BUFG (Prop_bufg_I_O)         0.029     0.366 r  pynq_z2_bram_i/processing_system7_0/inst/buffer_fclk_clk_0.FCLK_CLK_0_BUFG/O
                         net (fo=1611, routed)        0.910     1.276    pynq_z2_bram_i/axi_smc/inst/s00_nodes/s00_b_node/inst/s_sc_xpm_cdc_async_rst_inst/dest_clk
    SLICE_X48Y103        FDCE                                         r  pynq_z2_bram_i/axi_smc/inst/s00_nodes/s00_b_node/inst/s_sc_xpm_cdc_async_rst_inst/arststages_ff_reg[2]/C

Slack:                    inf
  Source:                 pynq_z2_bram_i/axi_smc/inst/clk_map/psr_aclk/U0/ACTIVE_LOW_BSR_OUT_DFF[0].FDRE_BSR_N/C
                            (rising edge-triggered cell FDRE clocked by clk_fpga_0  {rise@0.000ns fall@5.000ns period=10.000ns})
  Destination:            pynq_z2_bram_i/axi_smc/inst/s00_entry_pipeline/s00_transaction_regulator/inst/xpm_cdc_async_rst_inst/arststages_ff_reg[0]/CLR
                            (removal check against rising-edge clock clk_fpga_0  {rise@0.000ns fall@5.000ns period=10.000ns})
  Path Group:             (none)
  Path Type:              Removal (Min at Fast Process Corner)
  Data Path Delay:        0.731ns  (logic 0.209ns (28.597%)  route 0.522ns (71.403%))
  Logic Levels:           1  (LUT1=1)
  Clock Path Skew:        0.301ns (DCD - SCD - CPR)
    Destination Clock Delay (DCD):    1.276ns
    Source Clock Delay      (SCD):    0.975ns
    Clock Pessimism Removal (CPR):    -0.000ns
  Clock Uncertainty:      0.154ns  ((TSJ^2 + TIJ^2)^1/2 + DJ) / 2 + PE
    Total System Jitter     (TSJ):    0.071ns
    Total Input Jitter      (TIJ):    0.300ns
    Discrete Jitter          (DJ):    0.000ns
    Phase Error              (PE):    0.000ns
  Timing Exception:       False Path

    Location             Delay type                Incr(ns)  Path(ns)    Netlist Resource(s)
  -------------------------------------------------------------------    -------------------
                         (clock clk_fpga_0 rise edge)
                                                      0.000     0.000 r  
    PS7_X0Y0             PS7                          0.000     0.000 r  pynq_z2_bram_i/processing_system7_0/inst/PS7_i/FCLKCLK[0]
                         net (fo=1, routed)           0.310     0.310    pynq_z2_bram_i/processing_system7_0/inst/FCLK_CLK_unbuffered[0]
    BUFGCTRL_X0Y16       BUFG (Prop_bufg_I_O)         0.026     0.336 r  pynq_z2_bram_i/processing_system7_0/inst/buffer_fclk_clk_0.FCLK_CLK_0_BUFG/O
                         net (fo=1611, routed)        0.639     0.975    pynq_z2_bram_i/axi_smc/inst/clk_map/psr_aclk/U0/aclk
    SLICE_X46Y102        FDRE                                         r  pynq_z2_bram_i/axi_smc/inst/clk_map/psr_aclk/U0/ACTIVE_LOW_BSR_OUT_DFF[0].FDRE_BSR_N/C
  -------------------------------------------------------------------    -------------------
    SLICE_X46Y102        FDRE (Prop_fdre_C_Q)         0.164     1.139 r  pynq_z2_bram_i/axi_smc/inst/clk_map/psr_aclk/U0/ACTIVE_LOW_BSR_OUT_DFF[0].FDRE_BSR_N/Q
                         net (fo=9, routed)           0.359     1.498    pynq_z2_bram_i/axi_smc/inst/s00_entry_pipeline/s00_transaction_regulator/inst/xpm_cdc_async_rst_inst/src_arst
    SLICE_X38Y106        LUT1 (Prop_lut1_I0_O)        0.045     1.543 f  pynq_z2_bram_i/axi_smc/inst/s00_entry_pipeline/s00_transaction_regulator/inst/xpm_cdc_async_rst_inst/arststages_ff[2]_i_1/O
                         net (fo=3, routed)           0.163     1.706    pynq_z2_bram_i/axi_smc/inst/s00_entry_pipeline/s00_transaction_regulator/inst/xpm_cdc_async_rst_inst/reset_pol
    SLICE_X37Y106        FDCE                                         f  pynq_z2_bram_i/axi_smc/inst/s00_entry_pipeline/s00_transaction_regulator/inst/xpm_cdc_async_rst_inst/arststages_ff_reg[0]/CLR
  -------------------------------------------------------------------    -------------------

                         (clock clk_fpga_0 rise edge)
                                                      0.000     0.000 r  
    PS7_X0Y0             PS7                          0.000     0.000 r  pynq_z2_bram_i/processing_system7_0/inst/PS7_i/FCLKCLK[0]
                         net (fo=1, routed)           0.337     0.337    pynq_z2_bram_i/processing_system7_0/inst/FCLK_CLK_unbuffered[0]
    BUFGCTRL_X0Y16       BUFG (Prop_bufg_I_O)         0.029     0.366 r  pynq_z2_bram_i/processing_system7_0/inst/buffer_fclk_clk_0.FCLK_CLK_0_BUFG/O
                         net (fo=1611, routed)        0.910     1.276    pynq_z2_bram_i/axi_smc/inst/s00_entry_pipeline/s00_transaction_regulator/inst/xpm_cdc_async_rst_inst/dest_clk
    SLICE_X37Y106        FDCE                                         r  pynq_z2_bram_i/axi_smc/inst/s00_entry_pipeline/s00_transaction_regulator/inst/xpm_cdc_async_rst_inst/arststages_ff_reg[0]/C

Slack:                    inf
  Source:                 pynq_z2_bram_i/axi_smc/inst/clk_map/psr_aclk/U0/ACTIVE_LOW_BSR_OUT_DFF[0].FDRE_BSR_N/C
                            (rising edge-triggered cell FDRE clocked by clk_fpga_0  {rise@0.000ns fall@5.000ns period=10.000ns})
  Destination:            pynq_z2_bram_i/axi_smc/inst/s00_entry_pipeline/s00_transaction_regulator/inst/xpm_cdc_async_rst_inst/arststages_ff_reg[1]/CLR
                            (removal check against rising-edge clock clk_fpga_0  {rise@0.000ns fall@5.000ns period=10.000ns})
  Path Group:             (none)
  Path Type:              Removal (Min at Fast Process Corner)
  Data Path Delay:        0.731ns  (logic 0.209ns (28.597%)  route 0.522ns (71.403%))
  Logic Levels:           1  (LUT1=1)
  Clock Path Skew:        0.301ns (DCD - SCD - CPR)
    Destination Clock Delay (DCD):    1.276ns
    Source Clock Delay      (SCD):    0.975ns
    Clock Pessimism Removal (CPR):    -0.000ns
  Clock Uncertainty:      0.154ns  ((TSJ^2 + TIJ^2)^1/2 + DJ) / 2 + PE
    Total System Jitter     (TSJ):    0.071ns
    Total Input Jitter      (TIJ):    0.300ns
    Discrete Jitter          (DJ):    0.000ns
    Phase Error              (PE):    0.000ns
  Timing Exception:       False Path

    Location             Delay type                Incr(ns)  Path(ns)    Netlist Resource(s)
  -------------------------------------------------------------------    -------------------
                         (clock clk_fpga_0 rise edge)
                                                      0.000     0.000 r  
    PS7_X0Y0             PS7                          0.000     0.000 r  pynq_z2_bram_i/processing_system7_0/inst/PS7_i/FCLKCLK[0]
                         net (fo=1, routed)           0.310     0.310    pynq_z2_bram_i/processing_system7_0/inst/FCLK_CLK_unbuffered[0]
    BUFGCTRL_X0Y16       BUFG (Prop_bufg_I_O)         0.026     0.336 r  pynq_z2_bram_i/processing_system7_0/inst/buffer_fclk_clk_0.FCLK_CLK_0_BUFG/O
                         net (fo=1611, routed)        0.639     0.975    pynq_z2_bram_i/axi_smc/inst/clk_map/psr_aclk/U0/aclk
    SLICE_X46Y102        FDRE                                         r  pynq_z2_bram_i/axi_smc/inst/clk_map/psr_aclk/U0/ACTIVE_LOW_BSR_OUT_DFF[0].FDRE_BSR_N/C
  -------------------------------------------------------------------    -------------------
    SLICE_X46Y102        FDRE (Prop_fdre_C_Q)         0.164     1.139 r  pynq_z2_bram_i/axi_smc/inst/clk_map/psr_aclk/U0/ACTIVE_LOW_BSR_OUT_DFF[0].FDRE_BSR_N/Q
                         net (fo=9, routed)           0.359     1.498    pynq_z2_bram_i/axi_smc/inst/s00_entry_pipeline/s00_transaction_regulator/inst/xpm_cdc_async_rst_inst/src_arst
    SLICE_X38Y106        LUT1 (Prop_lut1_I0_O)        0.045     1.543 f  pynq_z2_bram_i/axi_smc/inst/s00_entry_pipeline/s00_transaction_regulator/inst/xpm_cdc_async_rst_inst/arststages_ff[2]_i_1/O
                         net (fo=3, routed)           0.163     1.706    pynq_z2_bram_i/axi_smc/inst/s00_entry_pipeline/s00_transaction_regulator/inst/xpm_cdc_async_rst_inst/reset_pol
    SLICE_X37Y106        FDCE                                         f  pynq_z2_bram_i/axi_smc/inst/s00_entry_pipeline/s00_transaction_regulator/inst/xpm_cdc_async_rst_inst/arststages_ff_reg[1]/CLR
  -------------------------------------------------------------------    -------------------

                         (clock clk_fpga_0 rise edge)
                                                      0.000     0.000 r  
    PS7_X0Y0             PS7                          0.000     0.000 r  pynq_z2_bram_i/processing_system7_0/inst/PS7_i/FCLKCLK[0]
                         net (fo=1, routed)           0.337     0.337    pynq_z2_bram_i/processing_system7_0/inst/FCLK_CLK_unbuffered[0]
    BUFGCTRL_X0Y16       BUFG (Prop_bufg_I_O)         0.029     0.366 r  pynq_z2_bram_i/processing_system7_0/inst/buffer_fclk_clk_0.FCLK_CLK_0_BUFG/O
                         net (fo=1611, routed)        0.910     1.276    pynq_z2_bram_i/axi_smc/inst/s00_entry_pipeline/s00_transaction_regulator/inst/xpm_cdc_async_rst_inst/dest_clk
    SLICE_X37Y106        FDCE                                         r  pynq_z2_bram_i/axi_smc/inst/s00_entry_pipeline/s00_transaction_regulator/inst/xpm_cdc_async_rst_inst/arststages_ff_reg[1]/C

Slack:                    inf
  Source:                 pynq_z2_bram_i/axi_smc/inst/clk_map/psr_aclk/U0/ACTIVE_LOW_BSR_OUT_DFF[0].FDRE_BSR_N/C
                            (rising edge-triggered cell FDRE clocked by clk_fpga_0  {rise@0.000ns fall@5.000ns period=10.000ns})
  Destination:            pynq_z2_bram_i/axi_smc/inst/s00_entry_pipeline/s00_transaction_regulator/inst/xpm_cdc_async_rst_inst/arststages_ff_reg[2]/CLR
                            (removal check against rising-edge clock clk_fpga_0  {rise@0.000ns fall@5.000ns period=10.000ns})
  Path Group:             (none)
  Path Type:              Removal (Min at Fast Process Corner)
  Data Path Delay:        0.731ns  (logic 0.209ns (28.597%)  route 0.522ns (71.403%))
  Logic Levels:           1  (LUT1=1)
  Clock Path Skew:        0.301ns (DCD - SCD - CPR)
    Destination Clock Delay (DCD):    1.276ns
    Source Clock Delay      (SCD):    0.975ns
    Clock Pessimism Removal (CPR):    -0.000ns
  Clock Uncertainty:      0.154ns  ((TSJ^2 + TIJ^2)^1/2 + DJ) / 2 + PE
    Total System Jitter     (TSJ):    0.071ns
    Total Input Jitter      (TIJ):    0.300ns
    Discrete Jitter          (DJ):    0.000ns
    Phase Error              (PE):    0.000ns
  Timing Exception:       False Path

    Location             Delay type                Incr(ns)  Path(ns)    Netlist Resource(s)
  -------------------------------------------------------------------    -------------------
                         (clock clk_fpga_0 rise edge)
                                                      0.000     0.000 r  
    PS7_X0Y0             PS7                          0.000     0.000 r  pynq_z2_bram_i/processing_system7_0/inst/PS7_i/FCLKCLK[0]
                         net (fo=1, routed)           0.310     0.310    pynq_z2_bram_i/processing_system7_0/inst/FCLK_CLK_unbuffered[0]
    BUFGCTRL_X0Y16       BUFG (Prop_bufg_I_O)         0.026     0.336 r  pynq_z2_bram_i/processing_system7_0/inst/buffer_fclk_clk_0.FCLK_CLK_0_BUFG/O
                         net (fo=1611, routed)        0.639     0.975    pynq_z2_bram_i/axi_smc/inst/clk_map/psr_aclk/U0/aclk
    SLICE_X46Y102        FDRE                                         r  pynq_z2_bram_i/axi_smc/inst/clk_map/psr_aclk/U0/ACTIVE_LOW_BSR_OUT_DFF[0].FDRE_BSR_N/C
  -------------------------------------------------------------------    -------------------
    SLICE_X46Y102        FDRE (Prop_fdre_C_Q)         0.164     1.139 r  pynq_z2_bram_i/axi_smc/inst/clk_map/psr_aclk/U0/ACTIVE_LOW_BSR_OUT_DFF[0].FDRE_BSR_N/Q
                         net (fo=9, routed)           0.359     1.498    pynq_z2_bram_i/axi_smc/inst/s00_entry_pipeline/s00_transaction_regulator/inst/xpm_cdc_async_rst_inst/src_arst
    SLICE_X38Y106        LUT1 (Prop_lut1_I0_O)        0.045     1.543 f  pynq_z2_bram_i/axi_smc/inst/s00_entry_pipeline/s00_transaction_regulator/inst/xpm_cdc_async_rst_inst/arststages_ff[2]_i_1/O
                         net (fo=3, routed)           0.163     1.706    pynq_z2_bram_i/axi_smc/inst/s00_entry_pipeline/s00_transaction_regulator/inst/xpm_cdc_async_rst_inst/reset_pol
    SLICE_X37Y106        FDCE                                         f  pynq_z2_bram_i/axi_smc/inst/s00_entry_pipeline/s00_transaction_regulator/inst/xpm_cdc_async_rst_inst/arststages_ff_reg[2]/CLR
  -------------------------------------------------------------------    -------------------

                         (clock clk_fpga_0 rise edge)
                                                      0.000     0.000 r  
    PS7_X0Y0             PS7                          0.000     0.000 r  pynq_z2_bram_i/processing_system7_0/inst/PS7_i/FCLKCLK[0]
                         net (fo=1, routed)           0.337     0.337    pynq_z2_bram_i/processing_system7_0/inst/FCLK_CLK_unbuffered[0]
    BUFGCTRL_X0Y16       BUFG (Prop_bufg_I_O)         0.029     0.366 r  pynq_z2_bram_i/processing_system7_0/inst/buffer_fclk_clk_0.FCLK_CLK_0_BUFG/O
                         net (fo=1611, routed)        0.910     1.276    pynq_z2_bram_i/axi_smc/inst/s00_entry_pipeline/s00_transaction_regulator/inst/xpm_cdc_async_rst_inst/dest_clk
    SLICE_X37Y106        FDCE                                         r  pynq_z2_bram_i/axi_smc/inst/s00_entry_pipeline/s00_transaction_regulator/inst/xpm_cdc_async_rst_inst/arststages_ff_reg[2]/C





