num,reg,pos,loc,reg,pos,loc,reg,pos,loc,instraction,res,0,1,2,3,4,5,6,7,8,9,10,11,12,13,14,15,16,17,18,19,20,21,22,23,24,25,26,27,28,29,30,31,32,33,34,35,36,37,38,39,40,41
0,r3,4, 1081694,"  10815c:	e0211003 	eor	r1, r1, r3
",r1,13, 1081694,"  10815c:	e0211003 	eor	r1, r1, r3
",r1,25, 1081694,"  10815c:	e0211003 	eor	r1, r1, r3
",crash/hangs,-,-,-,-,-,-,-,-,-,-,-,-,-,-,-,-,-,-,-,-,-,-,-,-,-,-,-,-,-,-,-,-,-,-,-,-,-,-,-,-,-,-
1,r2,12, 1071914,"  105b28:	e6ef3073 	uxtb	r3, r3
",r1,27, 1071914,"  105b28:	e6ef3073 	uxtb	r3, r3
",r2,5, 1071914,"  105b28:	e6ef3073 	uxtb	r3, r3
",SDC, 834, 229, 3897, 2, 3002, 871, 1, 324, 503, 12, 242, 45862, 293, 3, 237, 4989, 11202, 409, 11, 32639, 8330, 11752, 0, 0, 26, 3161, 3198, 3923, 38, 0, 0, 19, 23, 138, 2, 46002, 37747, 41436, 1, 0, 0, 317
2,r1,27, 1068214,"  104cb4:	e3403011 	movt	r3, #17
",r3,2, 1068214,"  104cb4:	e3403011 	movt	r3, #17
",r0,1, 1068214,"  104cb4:	e3403011 	movt	r3, #17
",SDC, 797, 1356, 3880, 3, 2967, 871, 1, 324, 503, 13, 232, 45462, 293, 3, 242, 4701, 11773, 410, 12, 32636, 8059, 11742, 0, 0, 26, 3178, 3170, 3912, 35, 0, 0, 17, 21, 126, 6, 45709, 37071, 40595, 2, 0, 0, 317
3,r1,13, 1067134,"  10487c:	e1a01003 	mov	r1, r3
",r0,14, 1067134,"  10487c:	e1a01003 	mov	r1, r3
",r2,23, 1067134,"  10487c:	e1a01003 	mov	r1, r3
",SDC, 759, 346, 3864, 2, 2962, 864, 1, 324, 504, 12, 237, 45449, 293, 3, 233, 3962, 11457, 409, 13, 31925, 7874, 11761, 0, 0, 26, 3197, 3166, 3921, 35, 0, 0, 19, 23, 127, 2, 45647, 37325, 40897, 1, 0, 0, 317
4,r2,2, 1072594,"  105dd0:	e51b3008 	ldr	r3, [fp, #-8]
",r2,27, 1072594,"  105dd0:	e51b3008 	ldr	r3, [fp, #-8]
",r1,24, 1072594,"  105dd0:	e51b3008 	ldr	r3, [fp, #-8]
",benign, 921, 355, 3823, 2, 2930, 841, 1, 340, 505, 13, 229, 45374, 294, 3, 243, 4248, 11775, 408, 16, 32750, 8374, 11644, 0, 0, 26, 3142, 3174, 3836, 35, 0, 0, 19, 23, 128, 2, 46247, 37726, 41188, 1, 0, 0, 316
5,r3,16, 1064657,"  103ed0:	e3403011 	movt	r3, #17
",r3,2, 1064657,"  103ed0:	e3403011 	movt	r3, #17
",r2,26, 1064657,"  103ed0:	e3403011 	movt	r3, #17
",crash/hangs,-,-,-,-,-,-,-,-,-,-,-,-,-,-,-,-,-,-,-,-,-,-,-,-,-,-,-,-,-,-,-,-,-,-,-,-,-,-,-,-,-,-
6,r3,17, 1068344,"  104d38:	e5932000 	ldr	r2, [r3]
",r0,1, 1068344,"  104d38:	e5932000 	ldr	r2, [r3]
",r1,28, 1068344,"  104d38:	e5932000 	ldr	r2, [r3]
",SDC, 625, 230, 3878, 4, 2993, 876, 1, 324, 504, 14, 241, 44928, 293, 3, 241, 4724, 11128, 632, 15, 31257, 7172, 11685, 0, 0, 26, 3164, 3184, 3908, 34, 0, 0, 19, 23, 137, 9, 45047, 36155, 39703, 1, 0, 0, 316
7,r1,1, 1082845,"  1085dc:	e1a03423 	lsr	r3, r3, #8
",r2,30, 1082845,"  1085dc:	e1a03423 	lsr	r3, r3, #8
",r1,3, 1082845,"  1085dc:	e1a03423 	lsr	r3, r3, #8
",crash/hangs,-,-,-,-,-,-,-,-,-,-,-,-,-,-,-,-,-,-,-,-,-,-,-,-,-,-,-,-,-,-,-,-,-,-,-,-,-,-,-,-,-,-
8,r3,0, 1068893,"  104f5c:	e7933100 	ldr	r3, [r3, r0, lsl #2]
",r0,14, 1068893,"  104f5c:	e7933100 	ldr	r3, [r3, r0, lsl #2]
",r1,19, 1068893,"  104f5c:	e7933100 	ldr	r3, [r3, r0, lsl #2]
",crash/hangs,-,-,-,-,-,-,-,-,-,-,-,-,-,-,-,-,-,-,-,-,-,-,-,-,-,-,-,-,-,-,-,-,-,-,-,-,-,-,-,-,-,-
9,r1,15, 1069378,"  105140:	e3403011 	movt	r3, #17
",r1,1, 1069378,"  105140:	e3403011 	movt	r3, #17
",r0,4, 1069378,"  105140:	e3403011 	movt	r3, #17
",crash/hangs,-,-,-,-,-,-,-,-,-,-,-,-,-,-,-,-,-,-,-,-,-,-,-,-,-,-,-,-,-,-,-,-,-,-,-,-,-,-,-,-,-,-
10,r2,6, 1066851,"  104760:	e1a00003 	mov	r0, r3
",r1,27, 1066851,"  104760:	e1a00003 	mov	r0, r3
",r2,28, 1066851,"  104760:	e1a00003 	mov	r0, r3
",SDC, 682, 229, 3889, 2, 2997, 873, 1, 324, 504, 13, 232, 45381, 293, 3, 243, 4458, 11515, 419, 13, 32435, 7920, 11772, 0, 0, 26, 3184, 3176, 3928, 36, 0, 0, 19, 23, 128, 2, 46005, 37493, 41251, 1, 0, 0, 317
11,r2,25, 1077822,"  10723c:	e7931101 	ldr	r1, [r3, r1, lsl #2]
",r3,22, 1077822,"  10723c:	e7931101 	ldr	r1, [r3, r1, lsl #2]
",r1,17, 1077822,"  10723c:	e7931101 	ldr	r1, [r3, r1, lsl #2]
",crash/hangs,-,-,-,-,-,-,-,-,-,-,-,-,-,-,-,-,-,-,-,-,-,-,-,-,-,-,-,-,-,-,-,-,-,-,-,-,-,-,-,-,-,-
12,r3,0, 1076814,"  106e4c:	e2800c02 	add	r0, r0, #512	; 0x200
",r3,29, 1076814,"  106e4c:	e2800c02 	add	r0, r0, #512	; 0x200
",r2,7, 1076814,"  106e4c:	e2800c02 	add	r0, r0, #512	; 0x200
",crash/hangs,-,-,-,-,-,-,-,-,-,-,-,-,-,-,-,-,-,-,-,-,-,-,-,-,-,-,-,-,-,-,-,-,-,-,-,-,-,-,-,-,-,-
13,r2,10, 1063517,"  103a5c:	e51b3008 	ldr	r3, [fp, #-8]
",r2,2, 1063517,"  103a5c:	e51b3008 	ldr	r3, [fp, #-8]
",r1,27, 1063517,"  103a5c:	e51b3008 	ldr	r3, [fp, #-8]
",crash/hangs,-,-,-,-,-,-,-,-,-,-,-,-,-,-,-,-,-,-,-,-,-,-,-,-,-,-,-,-,-,-,-,-,-,-,-,-,-,-,-,-,-,-
14,r1,1, 1070840,"  1056f8:	e51b301c 	ldr	r3, [fp, #-28]	; 0xffffffe4
",r2,19, 1070840,"  1056f8:	e51b301c 	ldr	r3, [fp, #-28]	; 0xffffffe4
",r0,21, 1070840,"  1056f8:	e51b301c 	ldr	r3, [fp, #-28]	; 0xffffffe4
",SDC, 700, 228, 3884, 4, 2997, 876, 1, 324, 503, 13, 234, 44865, 293, 3, 240, 4425, 11535, 419, 10, 31241, 7107, 11673, 0, 0, 26, 3210, 3166, 3923, 37, 0, 0, 19, 23, 127, 4, 44961, 36127, 39693, 1, 0, 0, 317
15,r1,14, 1066669,"  1046ac:	e1a01003 	mov	r1, r3
",r1,12, 1066669,"  1046ac:	e1a01003 	mov	r1, r3
",r3,24, 1066669,"  1046ac:	e1a01003 	mov	r1, r3
",SDC, 746, 348, 3867, 2, 2961, 865, 1, 324, 504, 13, 231, 45726, 293, 3, 235, 4379, 11879, 419, 15, 32388, 7686, 11765, 0, 0, 26, 3175, 3169, 3928, 38, 0, 0, 19, 23, 137, 2, 46458, 37496, 41272, 1, 0, 0, 317
16,r3,24, 1063285,"  103974:	e51b3008 	ldr	r3, [fp, #-8]
",r3,10, 1063285,"  103974:	e51b3008 	ldr	r3, [fp, #-8]
",r0,23, 1063285,"  103974:	e51b3008 	ldr	r3, [fp, #-8]
",crash/hangs,-,-,-,-,-,-,-,-,-,-,-,-,-,-,-,-,-,-,-,-,-,-,-,-,-,-,-,-,-,-,-,-,-,-,-,-,-,-,-,-,-,-
17,r1,7, 1077088,"  106f60:	e2800c01 	add	r0, r0, #256	; 0x100
",r3,7, 1077088,"  106f60:	e2800c01 	add	r0, r0, #256	; 0x100
",r2,24, 1077088,"  106f60:	e2800c01 	add	r0, r0, #256	; 0x100
",crash/hangs,-,-,-,-,-,-,-,-,-,-,-,-,-,-,-,-,-,-,-,-,-,-,-,-,-,-,-,-,-,-,-,-,-,-,-,-,-,-,-,-,-,-
18,r0,3, 1071526,"  1059a4:	e50b3024 	str	r3, [fp, #-36]	; 0xffffffdc
",r1,5, 1071526,"  1059a4:	e50b3024 	str	r3, [fp, #-36]	; 0xffffffdc
",r1,26, 1071526,"  1059a4:	e50b3024 	str	r3, [fp, #-36]	; 0xffffffdc
",benign, 824, 230, 3822, 2, 2959, 852, 1, 340, 505, 13, 225, 45535, 294, 3, 239, 4786, 11588, 418, 13, 32511, 8301, 11617, 0, 0, 26, 3160, 3148, 3839, 33, 0, 0, 17, 22, 135, 2, 45840, 37619, 41185, 1, 0, 0, 317
19,r0,6, 1081742,"  10818c:	e51b3008 	ldr	r3, [fp, #-8]
",r3,21, 1081742,"  10818c:	e51b3008 	ldr	r3, [fp, #-8]
",r1,28, 1081742,"  10818c:	e51b3008 	ldr	r3, [fp, #-8]
",crash/hangs,-,-,-,-,-,-,-,-,-,-,-,-,-,-,-,-,-,-,-,-,-,-,-,-,-,-,-,-,-,-,-,-,-,-,-,-,-,-,-,-,-,-
20,r3,19, 1075719,"  106a04:	e51b3014 	ldr	r3, [fp, #-20]	; 0xffffffec
",r0,26, 1075719,"  106a04:	e51b3014 	ldr	r3, [fp, #-20]	; 0xffffffec
",r2,3, 1075719,"  106a04:	e51b3014 	ldr	r3, [fp, #-20]	; 0xffffffec
",crash/hangs,-,-,-,-,-,-,-,-,-,-,-,-,-,-,-,-,-,-,-,-,-,-,-,-,-,-,-,-,-,-,-,-,-,-,-,-,-,-,-,-,-,-
21,r3,26, 1074751,"  10663c:	e6ef3073 	uxtb	r3, r3
",r0,2, 1074751,"  10663c:	e6ef3073 	uxtb	r3, r3
",r2,26, 1074751,"  10663c:	e6ef3073 	uxtb	r3, r3
",crash/hangs,-,-,-,-,-,-,-,-,-,-,-,-,-,-,-,-,-,-,-,-,-,-,-,-,-,-,-,-,-,-,-,-,-,-,-,-,-,-,-,-,-,-
22,r1,8, 1069445,"  105184:	e6ef3073 	uxtb	r3, r3
",r3,30, 1069445,"  105184:	e6ef3073 	uxtb	r3, r3
",r0,10, 1069445,"  105184:	e6ef3073 	uxtb	r3, r3
",SDC, 763, 230, 3888, 2, 2994, 869, 1, 324, 504, 13, 237, 45955, 293, 3, 239, 4357, 11737, 409, 15, 32521, 8032, 11759, 0, 0, 26, 3173, 3186, 3914, 36, 0, 0, 17, 21, 135, 2, 46619, 37990, 41555, 1, 0, 0, 317
23,r3,20, 1082040,"  1082b8:	e50b3018 	str	r3, [fp, #-24]	; 0xffffffe8
",r2,3, 1082040,"  1082b8:	e50b3018 	str	r3, [fp, #-24]	; 0xffffffe8
",r3,6, 1082040,"  1082b8:	e50b3018 	str	r3, [fp, #-24]	; 0xffffffe8
",crash/hangs,-,-,-,-,-,-,-,-,-,-,-,-,-,-,-,-,-,-,-,-,-,-,-,-,-,-,-,-,-,-,-,-,-,-,-,-,-,-,-,-,-,-
24,r2,28, 1064417,"  103de0:	e2832f42 	add	r2, r3, #264	; 0x108
",r2,5, 1064417,"  103de0:	e2832f42 	add	r2, r3, #264	; 0x108
",r3,0, 1064417,"  103de0:	e2832f42 	add	r2, r3, #264	; 0x108
",crash/hangs,-,-,-,-,-,-,-,-,-,-,-,-,-,-,-,-,-,-,-,-,-,-,-,-,-,-,-,-,-,-,-,-,-,-,-,-,-,-,-,-,-,-
25,r0,20, 1065557,"  104254:	e3a03000 	mov	r3, #0
",r2,5, 1065557,"  104254:	e3a03000 	mov	r3, #0
",r0,20, 1065557,"  104254:	e3a03000 	mov	r3, #0
",crash/hangs,-,-,-,-,-,-,-,-,-,-,-,-,-,-,-,-,-,-,-,-,-,-,-,-,-,-,-,-,-,-,-,-,-,-,-,-,-,-,-,-,-,-
26,r2,2, 1082098,"  1082f0:	e30c3cc0 	movw	r3, #52416	; 0xccc0
",r0,31, 1082098,"  1082f0:	e30c3cc0 	movw	r3, #52416	; 0xccc0
",r2,5, 1082098,"  1082f0:	e30c3cc0 	movw	r3, #52416	; 0xccc0
",crash/hangs,-,-,-,-,-,-,-,-,-,-,-,-,-,-,-,-,-,-,-,-,-,-,-,-,-,-,-,-,-,-,-,-,-,-,-,-,-,-,-,-,-,-
27,r2,29, 1068135,"  104c64:	e51b3010 	ldr	r3, [fp, #-16]
",r2,30, 1068135,"  104c64:	e51b3010 	ldr	r3, [fp, #-16]
",r3,26, 1068135,"  104c64:	e51b3010 	ldr	r3, [fp, #-16]
",SDC, 718, 230, 3898, 2, 3004, 874, 1, 324, 504, 12, 231, 46025, 293, 3, 247, 4043, 12054, 409, 16, 32524, 7536, 11744, 0, 0, 26, 3179, 3171, 3917, 36, 0, 0, 19, 23, 128, 2, 46220, 37734, 41285, 1, 0, 0, 316
28,r2,15, 1064780,"  103f4c:	e51b3008 	ldr	r3, [fp, #-8]
",r1,18, 1064780,"  103f4c:	e51b3008 	ldr	r3, [fp, #-8]
",r1,8, 1064780,"  103f4c:	e51b3008 	ldr	r3, [fp, #-8]
",crash/hangs,-,-,-,-,-,-,-,-,-,-,-,-,-,-,-,-,-,-,-,-,-,-,-,-,-,-,-,-,-,-,-,-,-,-,-,-,-,-,-,-,-,-
29,r3,30, 1073492,"  106154:	e0233001 	eor	r3, r3, r1
",r0,17, 1073492,"  106154:	e0233001 	eor	r3, r3, r1
",r2,7, 1073492,"  106154:	e0233001 	eor	r3, r3, r1
",SDC, 782, 223, 3855, 4, 2972, 856, 1, 336, 503, 12, 223, 44662, 293, 3, 238, 4145, 11337, 418, 12, 31549, 7136, 11574, 0, 0, 26, 3165, 3160, 3865, 36, 0, 0, 19, 23, 128, 4, 44890, 36703, 40269, 1, 0, 0, 317
30,r3,11, 1066989,"  1047ec:	e3403011 	movt	r3, #17
",r2,7, 1066989,"  1047ec:	e3403011 	movt	r3, #17
",r2,0, 1066989,"  1047ec:	e3403011 	movt	r3, #17
",SDC, 751, 348, 3865, 2, 2960, 864, 1, 324, 504, 14, 229, 45383, 293, 3, 235, 4181, 11705, 418, 15, 32485, 7392, 11763, 0, 0, 26, 3160, 3177, 3923, 35, 0, 0, 17, 21, 136, 2, 46249, 37640, 41393, 1, 0, 0, 316
31,r2,29, 1067903,"  104b7c:	e3403011 	movt	r3, #17
",r1,28, 1067903,"  104b7c:	e3403011 	movt	r3, #17
",r0,19, 1067903,"  104b7c:	e3403011 	movt	r3, #17
",SDC, 783, 344, 3868, 2, 2964, 866, 1, 324, 503, 13, 231, 45381, 293, 3, 237, 4408, 11642, 419, 8, 32246, 8149, 11677, 0, 0, 26, 3216, 3143, 3921, 35, 0, 0, 19, 23, 128, 2, 45686, 37285, 40862, 1, 0, 0, 316
32,r2,1, 1074841,"  106698:	e51b3020 	ldr	r3, [fp, #-32]	; 0xffffffe0
",r3,29, 1074841,"  106698:	e51b3020 	ldr	r3, [fp, #-32]	; 0xffffffe0
",r2,5, 1074841,"  106698:	e51b3020 	ldr	r3, [fp, #-32]	; 0xffffffe0
",crash/hangs,-,-,-,-,-,-,-,-,-,-,-,-,-,-,-,-,-,-,-,-,-,-,-,-,-,-,-,-,-,-,-,-,-,-,-,-,-,-,-,-,-,-
33,r1,19, 1074353,"  1064b0:	e24dd03c 	sub	sp, sp, #60	; 0x3c
",r3,21, 1074353,"  1064b0:	e24dd03c 	sub	sp, sp, #60	; 0x3c
",r1,13, 1074353,"  1064b0:	e24dd03c 	sub	sp, sp, #60	; 0x3c
",crash/hangs,-,-,-,-,-,-,-,-,-,-,-,-,-,-,-,-,-,-,-,-,-,-,-,-,-,-,-,-,-,-,-,-,-,-,-,-,-,-,-,-,-,-
34,r2,5, 1074666,"  1065e8:	e1a00003 	mov	r0, r3
",r3,17, 1074666,"  1065e8:	e1a00003 	mov	r0, r3
",r3,26, 1074666,"  1065e8:	e1a00003 	mov	r0, r3
",crash/hangs,-,-,-,-,-,-,-,-,-,-,-,-,-,-,-,-,-,-,-,-,-,-,-,-,-,-,-,-,-,-,-,-,-,-,-,-,-,-,-,-,-,-
35,r1,20, 1063734,"  103b34:	e6ef3073 	uxtb	r3, r3
",r0,12, 1063734,"  103b34:	e6ef3073 	uxtb	r3, r3
",r0,4, 1063734,"  103b34:	e6ef3073 	uxtb	r3, r3
",benign, 624, 227, 3832, 2, 2950, 855, 1, 340, 505, 13, 223, 45084, 294, 3, 241, 4666, 10791, 410, 13, 32015, 8327, 11581, 0, 0, 26, 3168, 3124, 3826, 37, 0, 0, 19, 23, 128, 2, 45474, 36811, 40276, 1, 0, 0, 316
36,r0,4, 1074226,"  106430:	e1a03c23 	lsr	r3, r3, #24
",r3,24, 1074226,"  106430:	e1a03c23 	lsr	r3, r3, #24
",r0,10, 1074226,"  106430:	e1a03c23 	lsr	r3, r3, #24
",benign, 971, 349, 3810, 2, 2928, 841, 1, 340, 505, 13, 222, 45518, 294, 3, 237, 4318, 11803, 418, 11, 32228, 7622, 11629, 0, 0, 26, 3164, 3160, 3836, 35, 0, 0, 17, 21, 125, 2, 46225, 37113, 40650, 1, 0, 0, 316
37,r0,0, 1081504,"  1080a0:	e0211003 	eor	r1, r1, r3
",r1,3, 1081504,"  1080a0:	e0211003 	eor	r1, r1, r3
",r1,14, 1081504,"  1080a0:	e0211003 	eor	r1, r1, r3
",crash/hangs,-,-,-,-,-,-,-,-,-,-,-,-,-,-,-,-,-,-,-,-,-,-,-,-,-,-,-,-,-,-,-,-,-,-,-,-,-,-,-,-,-,-
38,r2,13, 1083005,"  10867c:	e1a00003 	mov	r0, r3
",r3,14, 1083005,"  10867c:	e1a00003 	mov	r0, r3
",r1,23, 1083005,"  10867c:	e1a00003 	mov	r0, r3
",crash/hangs,-,-,-,-,-,-,-,-,-,-,-,-,-,-,-,-,-,-,-,-,-,-,-,-,-,-,-,-,-,-,-,-,-,-,-,-,-,-,-,-,-,-
39,r3,14, 1069446,"  105184:	e6ef3073 	uxtb	r3, r3
",r2,28, 1069446,"  105184:	e6ef3073 	uxtb	r3, r3
",r1,16, 1069446,"  105184:	e6ef3073 	uxtb	r3, r3
",SDC, 766, 224, 3874, 2, 2997, 878, 1, 324, 503, 12, 241, 45973, 293, 3, 233, 4791, 11316, 416, 13, 32152, 7652, 11773, 0, 0, 26, 3170, 3182, 3912, 34, 0, 0, 19, 23, 127, 2, 46136, 37017, 40523, 1, 0, 0, 317
40,r0,27, 1078379,"  107468:	e2800c03 	add	r0, r0, #768	; 0x300
",r2,15, 1078379,"  107468:	e2800c03 	add	r0, r0, #768	; 0x300
",r1,10, 1078379,"  107468:	e2800c03 	add	r0, r0, #768	; 0x300
",crash/hangs,-,-,-,-,-,-,-,-,-,-,-,-,-,-,-,-,-,-,-,-,-,-,-,-,-,-,-,-,-,-,-,-,-,-,-,-,-,-,-,-,-,-
41,r3,11, 1070803,"  1056d0:	e7931101 	ldr	r1, [r3, r1, lsl #2]
",r0,19, 1070803,"  1056d0:	e7931101 	ldr	r1, [r3, r1, lsl #2]
",r3,30, 1070803,"  1056d0:	e7931101 	ldr	r1, [r3, r1, lsl #2]
",SDC, 807, 234, 3887, 2, 2992, 870, 1, 324, 504, 14, 235, 46161, 293, 3, 243, 4523, 11872, 420, 12, 33123, 7947, 11827, 0, 0, 26, 3184, 3165, 3923, 35, 0, 0, 19, 23, 137, 2, 46371, 38251, 41775, 1, 0, 0, 316
42,r2,6, 1070410,"  105548:	e2800c02 	add	r0, r0, #512	; 0x200
",r1,11, 1070410,"  105548:	e2800c02 	add	r0, r0, #512	; 0x200
",r1,12, 1070410,"  105548:	e2800c02 	add	r0, r0, #512	; 0x200
",SDC, 857, 353, 3853, 2, 2952, 863, 1, 325, 503, 13, 238, 45839, 293, 3, 239, 4032, 11300, 408, 15, 31908, 7554, 11840, 0, 0, 26, 3182, 3180, 3971, 39, 0, 0, 19, 23, 127, 2, 45879, 37447, 40986, 1, 0, 0, 317
43,r3,24, 1074454,"  106514:	e5933000 	ldr	r3, [r3]
",r2,6, 1074454,"  106514:	e5933000 	ldr	r3, [r3]
",r1,3, 1074454,"  106514:	e5933000 	ldr	r3, [r3]
",crash/hangs,-,-,-,-,-,-,-,-,-,-,-,-,-,-,-,-,-,-,-,-,-,-,-,-,-,-,-,-,-,-,-,-,-,-,-,-,-,-,-,-,-,-
44,r3,30, 1082591,"  1084dc:	e30e3cc0 	movw	r3, #60608	; 0xecc0
",r2,24, 1082591,"  1084dc:	e30e3cc0 	movw	r3, #60608	; 0xecc0
",r3,2, 1082591,"  1084dc:	e30e3cc0 	movw	r3, #60608	; 0xecc0
",crash/hangs,-,-,-,-,-,-,-,-,-,-,-,-,-,-,-,-,-,-,-,-,-,-,-,-,-,-,-,-,-,-,-,-,-,-,-,-,-,-,-,-,-,-
45,r3,29, 1080521,"  107cc8:	e50b3020 	str	r3, [fp, #-32]	; 0xffffffe0
",r3,10, 1080521,"  107cc8:	e50b3020 	str	r3, [fp, #-32]	; 0xffffffe0
",r2,17, 1080521,"  107cc8:	e50b3020 	str	r3, [fp, #-32]	; 0xffffffe0
",crash/hangs,-,-,-,-,-,-,-,-,-,-,-,-,-,-,-,-,-,-,-,-,-,-,-,-,-,-,-,-,-,-,-,-,-,-,-,-,-,-,-,-,-,-
0,r0,3, 1068285,"  104cfc:	e7933100 	ldr	r3, [r3, r0, lsl #2]
",r1,18, 1068285,"  104cfc:	e7933100 	ldr	r3, [r3, r0, lsl #2]
",r1,31, 1068285,"  104cfc:	e7933100 	ldr	r3, [r3, r0, lsl #2]
",crash/hangs,-,-,-,-,-,-,-,-,-,-,-,-,-,-,-,-,-,-,-,-,-,-,-,-,-,-,-,-,-,-,-,-,-,-,-,-,-,-,-,-,-,-
1,r0,10, 1074672,"  1065f0:	e3403011 	movt	r3, #17
",r2,26, 1074672,"  1065f0:	e3403011 	movt	r3, #17
",r0,3, 1074672,"  1065f0:	e3403011 	movt	r3, #17
",crash/hangs,-,-,-,-,-,-,-,-,-,-,-,-,-,-,-,-,-,-,-,-,-,-,-,-,-,-,-,-,-,-,-,-,-,-,-,-,-,-,-,-,-,-
2,r0,19, 1075699,"  1069f0:	e30c3cc0 	movw	r3, #52416	; 0xccc0
",r2,21, 1075699,"  1069f0:	e30c3cc0 	movw	r3, #52416	; 0xccc0
",r2,2, 1075699,"  1069f0:	e30c3cc0 	movw	r3, #52416	; 0xccc0
",crash/hangs,-,-,-,-,-,-,-,-,-,-,-,-,-,-,-,-,-,-,-,-,-,-,-,-,-,-,-,-,-,-,-,-,-,-,-,-,-,-,-,-,-,-
3,r2,9, 1079881,"  107a48:	e6ef3073 	uxtb	r3, r3
",r0,20, 1079881,"  107a48:	e6ef3073 	uxtb	r3, r3
",r1,7, 1079881,"  107a48:	e6ef3073 	uxtb	r3, r3
",crash/hangs,-,-,-,-,-,-,-,-,-,-,-,-,-,-,-,-,-,-,-,-,-,-,-,-,-,-,-,-,-,-,-,-,-,-,-,-,-,-,-,-,-,-
4,r0,27, 1067018,"  104808:	e3403011 	movt	r3, #17
",r3,22, 1067018,"  104808:	e3403011 	movt	r3, #17
",r0,1, 1067018,"  104808:	e3403011 	movt	r3, #17
",SDC, 685, 225, 3885, 2, 2993, 870, 1, 324, 503, 13, 243, 45457, 293, 3, 233, 4071, 11840, 409, 13, 32486, 7847, 11756, 0, 0, 26, 3145, 3210, 3919, 35, 0, 0, 19, 23, 127, 2, 46024, 37360, 40940, 1, 0, 0, 316
5,r0,27, 1070091,"  105408:	e6ef3073 	uxtb	r3, r3
",r3,9, 1070091,"  105408:	e6ef3073 	uxtb	r3, r3
",r2,0, 1070091,"  105408:	e6ef3073 	uxtb	r3, r3
",SDC, 841, 348, 3867, 2, 2963, 864, 1, 324, 503, 13, 239, 45692, 293, 3, 237, 4615, 11326, 419, 11, 32189, 7849, 11755, 0, 0, 26, 3162, 3200, 3924, 34, 0, 0, 17, 21, 136, 2, 46476, 37539, 41087, 1, 0, 0, 317
6,r3,19, 1071505,"  105990:	e3403011 	movt	r3, #17
",r0,27, 1071505,"  105990:	e3403011 	movt	r3, #17
",r2,31, 1071505,"  105990:	e3403011 	movt	r3, #17
",SDC, 886, 347, 3858, 2, 2961, 865, 1, 324, 504, 13, 240, 45649, 293, 3, 234, 3794, 11188, 409, 11, 32000, 7607, 11750, 0, 0, 26, 3171, 3182, 3923, 37, 0, 0, 19, 23, 169, 2, 45588, 36620, 40297, 1, 0, 0, 317
7,r3,13, 1075854,"  106a8c:	e1a00003 	mov	r0, r3
",r3,31, 1075854,"  106a8c:	e1a00003 	mov	r0, r3
",r3,22, 1075854,"  106a8c:	e1a00003 	mov	r0, r3
",crash/hangs,-,-,-,-,-,-,-,-,-,-,-,-,-,-,-,-,-,-,-,-,-,-,-,-,-,-,-,-,-,-,-,-,-,-,-,-,-,-,-,-,-,-
8,r1,14, 1062901,"  1037f4:	e1a00003 	mov	r0, r3
",r2,5, 1062901,"  1037f4:	e1a00003 	mov	r0, r3
",r1,29, 1062901,"  1037f4:	e1a00003 	mov	r0, r3
",crash/hangs,-,-,-,-,-,-,-,-,-,-,-,-,-,-,-,-,-,-,-,-,-,-,-,-,-,-,-,-,-,-,-,-,-,-,-,-,-,-,-,-,-,-
9,r2,30, 1070285,"  1054cc:	e30b3cc0 	movw	r3, #48320	; 0xbcc0
",r3,8, 1070285,"  1054cc:	e30b3cc0 	movw	r3, #48320	; 0xbcc0
",r3,25, 1070285,"  1054cc:	e30b3cc0 	movw	r3, #48320	; 0xbcc0
",SDC, 781, 228, 3883, 2, 2991, 869, 1, 324, 503, 12, 228, 45295, 293, 3, 242, 4657, 11870, 419, 13, 32575, 7799, 11749, 0, 0, 26, 3176, 3182, 3919, 37, 0, 0, 19, 23, 136, 2, 45980, 37137, 40760, 1, 0, 0, 317
10,r0,29, 1070410,"  105548:	e2800c02 	add	r0, r0, #512	; 0x200
",r3,4, 1070410,"  105548:	e2800c02 	add	r0, r0, #512	; 0x200
",r2,1, 1070410,"  105548:	e2800c02 	add	r0, r0, #512	; 0x200
",SDC, 850, 352, 3861, 3, 2959, 863, 1, 324, 504, 12, 231, 45251, 293, 3, 239, 3865, 12123, 508, 12, 32785, 7492, 11763, 0, 0, 26, 3165, 3202, 3923, 36, 0, 0, 19, 23, 218, 6, 46551, 37446, 41128, 2, 0, 0, 316
11,r0,18, 1062383,"  1035ec:	e54b301d 	strb	r3, [fp, #-29]	; 0xffffffe3
",r0,12, 1062383,"  1035ec:	e54b301d 	strb	r3, [fp, #-29]	; 0xffffffe3
",r1,17, 1062383,"  1035ec:	e54b301d 	strb	r3, [fp, #-29]	; 0xffffffe3
",benign, 689, 355, 3801, 2, 2907, 847, 1, 340, 505, 11, 219, 45700, 294, 3, 241, 4595, 11596, 409, 10, 32625, 8292, 11561, 0, 0, 26, 3169, 3142, 3827, 36, 0, 0, 19, 24, 127, 2, 45826, 37581, 41124, 1, 0, 0, 317
12,r2,4, 1067963,"  104bb8:	e30b3cc0 	movw	r3, #48320	; 0xbcc0
",r3,13, 1067963,"  104bb8:	e30b3cc0 	movw	r3, #48320	; 0xbcc0
",r2,29, 1067963,"  104bb8:	e30b3cc0 	movw	r3, #48320	; 0xbcc0
",SDC, 773, 350, 3844, 2, 2960, 872, 1, 324, 503, 13, 228, 45204, 293, 3, 234, 4555, 11215, 420, 14, 32329, 8078, 11745, 0, 0, 26, 3171, 3183, 3922, 34, 0, 0, 19, 23, 136, 2, 45640, 37616, 41170, 1, 0, 0, 316
13,r1,21, 1081587,"  1080f0:	e50b3024 	str	r3, [fp, #-36]	; 0xffffffdc
",r2,18, 1081587,"  1080f0:	e50b3024 	str	r3, [fp, #-36]	; 0xffffffdc
",r2,12, 1081587,"  1080f0:	e50b3024 	str	r3, [fp, #-36]	; 0xffffffdc
",crash/hangs,-,-,-,-,-,-,-,-,-,-,-,-,-,-,-,-,-,-,-,-,-,-,-,-,-,-,-,-,-,-,-,-,-,-,-,-,-,-,-,-,-,-
14,r3,28, 1064552,"  103e68:	e2823004 	add	r3, r2, #4
",r2,4, 1064552,"  103e68:	e2823004 	add	r3, r2, #4
",r1,16, 1064552,"  103e68:	e2823004 	add	r3, r2, #4
",crash/hangs,-,-,-,-,-,-,-,-,-,-,-,-,-,-,-,-,-,-,-,-,-,-,-,-,-,-,-,-,-,-,-,-,-,-,-,-,-,-,-,-,-,-
15,r0,4, 1067868,"  104b5c:	e50b3024 	str	r3, [fp, #-36]	; 0xffffffdc
",r2,8, 1067868,"  104b5c:	e50b3024 	str	r3, [fp, #-36]	; 0xffffffdc
",r3,13, 1067868,"  104b5c:	e50b3024 	str	r3, [fp, #-36]	; 0xffffffdc
",SDC, 615, 229, 3896, 4, 2994, 869, 1, 324, 504, 13, 233, 44382, 293, 3, 240, 4817, 10974, 418, 14, 30838, 7042, 11625, 0, 0, 26, 3199, 3160, 3927, 37, 0, 0, 19, 23, 137, 4, 45098, 35913, 39539, 1, 0, 0, 316
16,r0,13, 1069364,"  105134:	e6ef3073 	uxtb	r3, r3
",r0,26, 1069364,"  105134:	e6ef3073 	uxtb	r3, r3
",r1,7, 1069364,"  105134:	e6ef3073 	uxtb	r3, r3
",SDC, 731, 350, 3847, 4, 2969, 869, 1, 324, 504, 13, 242, 44611, 293, 3, 236, 3998, 11363, 408, 14, 31132, 6989, 11642, 0, 0, 26, 3196, 3147, 3926, 34, 0, 0, 19, 23, 136, 4, 44965, 36275, 39859, 1, 0, 0, 317
17,r3,12, 1065211,"  1040f8:	e1a03823 	lsr	r3, r3, #16
",r0,16, 1065211,"  1040f8:	e1a03823 	lsr	r3, r3, #16
",r1,8, 1065211,"  1040f8:	e1a03823 	lsr	r3, r3, #16
",crash/hangs,-,-,-,-,-,-,-,-,-,-,-,-,-,-,-,-,-,-,-,-,-,-,-,-,-,-,-,-,-,-,-,-,-,-,-,-,-,-,-,-,-,-
18,r2,11, 1073907,"  1062f0:	e2800c02 	add	r0, r0, #512	; 0x200
",r3,1, 1073907,"  1062f0:	e2800c02 	add	r0, r0, #512	; 0x200
",r1,6, 1073907,"  1062f0:	e2800c02 	add	r0, r0, #512	; 0x200
",crash/hangs,-,-,-,-,-,-,-,-,-,-,-,-,-,-,-,-,-,-,-,-,-,-,-,-,-,-,-,-,-,-,-,-,-,-,-,-,-,-,-,-,-,-
19,r1,26, 1062400,"  103600:	e51b301c 	ldr	r3, [fp, #-28]	; 0xffffffe4
",r0,25, 1062400,"  103600:	e51b301c 	ldr	r3, [fp, #-28]	; 0xffffffe4
",r0,2, 1062400,"  103600:	e51b301c 	ldr	r3, [fp, #-28]	; 0xffffffe4
",benign, 514, 231, 3821, 4, 2949, 855, 1, 340, 504, 13, 218, 44157, 294, 3, 242, 4586, 10958, 409, 14, 31025, 6784, 11503, 0, 0, 26, 3180, 3130, 3830, 34, 0, 0, 19, 23, 350, 5, 44858, 35870, 39388, 1, 0, 0, 316
20,r1,3, 1079944,"  107a88:	e3403011 	movt	r3, #17
",r2,6, 1079944,"  107a88:	e3403011 	movt	r3, #17
",r1,16, 1079944,"  107a88:	e3403011 	movt	r3, #17
",crash/hangs,-,-,-,-,-,-,-,-,-,-,-,-,-,-,-,-,-,-,-,-,-,-,-,-,-,-,-,-,-,-,-,-,-,-,-,-,-,-,-,-,-,-
21,r2,12, 1078059,"  107328:	e6ef3073 	uxtb	r3, r3
",r2,4, 1078059,"  107328:	e6ef3073 	uxtb	r3, r3
",r1,27, 1078059,"  107328:	e6ef3073 	uxtb	r3, r3
",crash/hangs,-,-,-,-,-,-,-,-,-,-,-,-,-,-,-,-,-,-,-,-,-,-,-,-,-,-,-,-,-,-,-,-,-,-,-,-,-,-,-,-,-,-
22,r0,1, 1076689,"  106dd0:	e30c3cc0 	movw	r3, #52416	; 0xccc0
",r3,14, 1076689,"  106dd0:	e30c3cc0 	movw	r3, #52416	; 0xccc0
",r3,7, 1076689,"  106dd0:	e30c3cc0 	movw	r3, #52416	; 0xccc0
",crash/hangs,-,-,-,-,-,-,-,-,-,-,-,-,-,-,-,-,-,-,-,-,-,-,-,-,-,-,-,-,-,-,-,-,-,-,-,-,-,-,-,-,-,-
23,r3,13, 1067876,"  104b64:	e2833018 	add	r3, r3, #24
",r2,27, 1067876,"  104b64:	e2833018 	add	r3, r3, #24
",r0,23, 1067876,"  104b64:	e2833018 	add	r3, r3, #24
",crash/hangs,-,-,-,-,-,-,-,-,-,-,-,-,-,-,-,-,-,-,-,-,-,-,-,-,-,-,-,-,-,-,-,-,-,-,-,-,-,-,-,-,-,-
24,r3,31, 1075221,"  106814:	e7931101 	ldr	r1, [r3, r1, lsl #2]
",r0,24, 1075221,"  106814:	e7931101 	ldr	r1, [r3, r1, lsl #2]
",r2,15, 1075221,"  106814:	e7931101 	ldr	r1, [r3, r1, lsl #2]
",crash/hangs,-,-,-,-,-,-,-,-,-,-,-,-,-,-,-,-,-,-,-,-,-,-,-,-,-,-,-,-,-,-,-,-,-,-,-,-,-,-,-,-,-,-
25,r1,22, 1069785,"  1052d8:	e6ef3073 	uxtb	r3, r3
",r2,13, 1069785,"  1052d8:	e6ef3073 	uxtb	r3, r3
",r0,15, 1069785,"  1052d8:	e6ef3073 	uxtb	r3, r3
",SDC, 766, 227, 3893, 2, 2992, 870, 1, 324, 504, 13, 230, 45849, 293, 3, 230, 5306, 11352, 419, 14, 32091, 7921, 11755, 0, 0, 26, 3194, 3161, 3919, 35, 0, 0, 17, 21, 126, 2, 46425, 37710, 41255, 1, 0, 0, 317
26,r2,0, 1083129,"  1086f8:	e51b2024 	ldr	r2, [fp, #-36]	; 0xffffffdc
",r3,25, 1083129,"  1086f8:	e51b2024 	ldr	r2, [fp, #-36]	; 0xffffffdc
",r2,16, 1083129,"  1086f8:	e51b2024 	ldr	r2, [fp, #-36]	; 0xffffffdc
",crash/hangs,-,-,-,-,-,-,-,-,-,-,-,-,-,-,-,-,-,-,-,-,-,-,-,-,-,-,-,-,-,-,-,-,-,-,-,-,-,-,-,-,-,-
27,r0,24, 1067082,"  104848:	e1a00003 	mov	r0, r3
",r3,26, 1067082,"  104848:	e1a00003 	mov	r0, r3
",r1,2, 1067082,"  104848:	e1a00003 	mov	r0, r3
",SDC, 682, 229, 3900, 2, 3024, 879, 1, 325, 504, 12, 235, 45572, 293, 3, 242, 4567, 11185, 417, 13, 32862, 8469, 11878, 0, 0, 26, 3187, 3175, 3972, 35, 0, 0, 17, 21, 136, 2, 45805, 37415, 40875, 1, 0, 0, 316
28,r3,6, 1080136,"  107b48:	e0211003 	eor	r1, r1, r3
",r0,16, 1080136,"  107b48:	e0211003 	eor	r1, r1, r3
",r0,20, 1080136,"  107b48:	e0211003 	eor	r1, r1, r3
",crash/hangs,-,-,-,-,-,-,-,-,-,-,-,-,-,-,-,-,-,-,-,-,-,-,-,-,-,-,-,-,-,-,-,-,-,-,-,-,-,-,-,-,-,-
29,r0,24, 1077072,"  106f50:	e6ef3073 	uxtb	r3, r3
",r2,12, 1077072,"  106f50:	e6ef3073 	uxtb	r3, r3
",r3,24, 1077072,"  106f50:	e6ef3073 	uxtb	r3, r3
",crash/hangs,-,-,-,-,-,-,-,-,-,-,-,-,-,-,-,-,-,-,-,-,-,-,-,-,-,-,-,-,-,-,-,-,-,-,-,-,-,-,-,-,-,-
30,r2,3, 1066560,"  104640:	e7933100 	ldr	r3, [r3, r0, lsl #2]
",r1,9, 1066560,"  104640:	e7933100 	ldr	r3, [r3, r0, lsl #2]
",r1,28, 1066560,"  104640:	e7933100 	ldr	r3, [r3, r0, lsl #2]
",SDC, 569, 229, 3885, 4, 2993, 871, 1, 324, 503, 13, 235, 44438, 293, 3, 239, 4191, 11454, 409, 9, 31003, 6564, 11583, 0, 0, 26, 3235, 3250, 3921, 38, 0, 0, 19, 23, 127, 4, 44971, 36336, 40054, 1, 0, 0, 317
31,r1,18, 1068035,"  104c00:	e5932000 	ldr	r2, [r3]
",r2,9, 1068035,"  104c00:	e5932000 	ldr	r2, [r3]
",r3,13, 1068035,"  104c00:	e5932000 	ldr	r2, [r3]
",SDC, 778, 360, 3845, 2, 2963, 870, 1, 324, 503, 13, 231, 45833, 293, 3, 245, 4268, 11732, 418, 13, 32619, 8404, 11760, 0, 0, 26, 3165, 3192, 3921, 35, 0, 0, 19, 23, 137, 2, 46359, 37352, 40906, 1, 0, 0, 316
32,r0,11, 1080193,"  107b80:	e30c3cc0 	movw	r3, #52416	; 0xccc0
",r2,0, 1080193,"  107b80:	e30c3cc0 	movw	r3, #52416	; 0xccc0
",r0,25, 1080193,"  107b80:	e30c3cc0 	movw	r3, #52416	; 0xccc0
",crash/hangs,-,-,-,-,-,-,-,-,-,-,-,-,-,-,-,-,-,-,-,-,-,-,-,-,-,-,-,-,-,-,-,-,-,-,-,-,-,-,-,-,-,-
33,r0,3, 1068434,"  104d90:	e2800c02 	add	r0, r0, #512	; 0x200
",r1,14, 1068434,"  104d90:	e2800c02 	add	r0, r0, #512	; 0x200
",r3,21, 1068434,"  104d90:	e2800c02 	add	r0, r0, #512	; 0x200
",crash/hangs,-,-,-,-,-,-,-,-,-,-,-,-,-,-,-,-,-,-,-,-,-,-,-,-,-,-,-,-,-,-,-,-,-,-,-,-,-,-,-,-,-,-
34,r3,20, 1078681,"  107598:	e2800c03 	add	r0, r0, #768	; 0x300
",r2,12, 1078681,"  107598:	e2800c03 	add	r0, r0, #768	; 0x300
",r1,5, 1078681,"  107598:	e2800c03 	add	r0, r0, #768	; 0x300
",crash/hangs,-,-,-,-,-,-,-,-,-,-,-,-,-,-,-,-,-,-,-,-,-,-,-,-,-,-,-,-,-,-,-,-,-,-,-,-,-,-,-,-,-,-
35,r2,10, 1063851,"  103ba8:	e5933000 	ldr	r3, [r3]
",r2,11, 1063851,"  103ba8:	e5933000 	ldr	r3, [r3]
",r3,3, 1063851,"  103ba8:	e5933000 	ldr	r3, [r3]
",SDC, 622, 222, 3866, 3, 2989, 880, 1, 324, 503, 13, 231, 45471, 293, 3, 236, 3995, 11770, 517, 13, 32613, 7940, 11731, 0, 0, 26, 3160, 3167, 3905, 34, 0, 0, 19, 24, 219, 6, 46037, 37360, 40871, 2, 0, 0, 316
36,r2,6, 1066412,"  1045ac:	e0211003 	eor	r1, r1, r3
",r2,31, 1066412,"  1045ac:	e0211003 	eor	r1, r1, r3
",r3,24, 1066412,"  1045ac:	e0211003 	eor	r1, r1, r3
",SDC, 640, 355, 3866, 4, 2958, 865, 1, 324, 503, 13, 234, 44834, 293, 3, 238, 4447, 11092, 418, 13, 31991, 7288, 11638, 0, 0, 26, 3192, 3170, 3931, 37, 0, 0, 17, 21, 125, 4, 45627, 36652, 40211, 1, 0, 0, 316
37,r1,10, 1077173,"  106fb4:	e0233002 	eor	r3, r3, r2
",r2,24, 1077173,"  106fb4:	e0233002 	eor	r3, r3, r2
",r1,11, 1077173,"  106fb4:	e0233002 	eor	r3, r3, r2
",crash/hangs,-,-,-,-,-,-,-,-,-,-,-,-,-,-,-,-,-,-,-,-,-,-,-,-,-,-,-,-,-,-,-,-,-,-,-,-,-,-,-,-,-,-
38,r1,28, 1073957,"  106324:	e50b3024 	str	r3, [fp, #-36]	; 0xffffffdc
",r0,4, 1073957,"  106324:	e50b3024 	str	r3, [fp, #-36]	; 0xffffffdc
",r2,7, 1073957,"  106324:	e50b3024 	str	r3, [fp, #-36]	; 0xffffffdc
",benign, 894, 222, 3846, 2, 2962, 846, 1, 340, 505, 12, 222, 44803, 294, 3, 234, 4210, 11104, 409, 12, 31805, 7991, 11605, 0, 0, 26, 3160, 3176, 3827, 35, 0, 0, 17, 21, 125, 2, 45757, 37257, 40829, 1, 0, 0, 317
39,r3,26, 1079359,"  10783c:	e1a00003 	mov	r0, r3
",r1,28, 1079359,"  10783c:	e1a00003 	mov	r0, r3
",r0,7, 1079359,"  10783c:	e1a00003 	mov	r0, r3
",crash/hangs,-,-,-,-,-,-,-,-,-,-,-,-,-,-,-,-,-,-,-,-,-,-,-,-,-,-,-,-,-,-,-,-,-,-,-,-,-,-,-,-,-,-
40,r0,5, 1069752,"  1052b8:	e1a00003 	mov	r0, r3
",r0,2, 1069752,"  1052b8:	e1a00003 	mov	r0, r3
",r2,13, 1069752,"  1052b8:	e1a00003 	mov	r0, r3
",SDC, 668, 226, 3893, 4, 3000, 874, 1, 324, 503, 12, 229, 44910, 293, 3, 239, 4214, 11862, 408, 10, 31672, 6907, 11628, 0, 0, 26, 3189, 3181, 3923, 35, 0, 0, 17, 21, 136, 4, 45178, 36393, 39971, 1, 0, 0, 317
41,r2,31, 1079918,"  107a6c:	e51b3008 	ldr	r3, [fp, #-8]
",r2,6, 1079918,"  107a6c:	e51b3008 	ldr	r3, [fp, #-8]
",r2,8, 1079918,"  107a6c:	e51b3008 	ldr	r3, [fp, #-8]
",crash/hangs,-,-,-,-,-,-,-,-,-,-,-,-,-,-,-,-,-,-,-,-,-,-,-,-,-,-,-,-,-,-,-,-,-,-,-,-,-,-,-,-,-,-
42,r1,20, 1062664,"  103708:	e5832010 	str	r2, [r3, #16]
",r0,18, 1062664,"  103708:	e5832010 	str	r2, [r3, #16]
",r2,6, 1062664,"  103708:	e5832010 	str	r2, [r3, #16]
",SDC, 523, 222, 3885, 4, 2983, 877, 1, 324, 504, 13, 239, 44417, 293, 3, 234, 4432, 11282, 410, 13, 31152, 6856, 11629, 0, 0, 26, 3183, 3144, 3900, 37, 0, 0, 19, 23, 138, 5, 44814, 36065, 39551, 1, 0, 0, 317
43,r2,31, 1068385,"  104d60:	e1a00003 	mov	r0, r3
",r2,12, 1068385,"  104d60:	e1a00003 	mov	r0, r3
",r1,2, 1068385,"  104d60:	e1a00003 	mov	r0, r3
",SDC, 793, 358, 3867, 2, 2964, 864, 1, 324, 504, 13, 234, 45229, 293, 3, 238, 4891, 10603, 419, 11, 31981, 8060, 11735, 0, 0, 26, 3201, 3163, 3921, 37, 0, 0, 17, 21, 125, 2, 45454, 36792, 40388, 1, 0, 0, 317
44,r0,12, 1082176,"  108340:	e2800c03 	add	r0, r0, #768	; 0x300
",r3,9, 1082176,"  108340:	e2800c03 	add	r0, r0, #768	; 0x300
",r0,23, 1082176,"  108340:	e2800c03 	add	r0, r0, #768	; 0x300
",crash/hangs,-,-,-,-,-,-,-,-,-,-,-,-,-,-,-,-,-,-,-,-,-,-,-,-,-,-,-,-,-,-,-,-,-,-,-,-,-,-,-,-,-,-
45,r0,1, 1073180,"  10601c:	e2800c03 	add	r0, r0, #768	; 0x300
",r1,1, 1073180,"  10601c:	e2800c03 	add	r0, r0, #768	; 0x300
",r2,21, 1073180,"  10601c:	e2800c03 	add	r0, r0, #768	; 0x300
",SDC, 777, 228, 3850, 4, 2969, 853, 1, 336, 504, 13, 229, 45058, 293, 3, 239, 4687, 11696, 409, 13, 31660, 6691, 11577, 0, 0, 26, 3177, 3173, 3872, 36, 0, 0, 19, 23, 137, 4, 45342, 36161, 39877, 1, 0, 0, 317
46,r0,9, 1073421,"  10610c:	e0211003 	eor	r1, r1, r3
",r0,23, 1073421,"  10610c:	e0211003 	eor	r1, r1, r3
",r3,15, 1073421,"  10610c:	e0211003 	eor	r1, r1, r3
",SDC, 946, 350, 3806, 2, 2918, 841, 1, 339, 503, 13, 221, 45372, 293, 3, 239, 4456, 11969, 409, 15, 31734, 7679, 11619, 0, 0, 26, 3178, 3147, 3853, 38, 0, 0, 19, 24, 137, 2, 46259, 36978, 40705, 1, 0, 0, 316
47,r2,2, 1072326,"  105cc4:	e51b3028 	ldr	r3, [fp, #-40]	; 0xffffffd8
",r3,21, 1072326,"  105cc4:	e51b3028 	ldr	r3, [fp, #-40]	; 0xffffffd8
",r2,31, 1072326,"  105cc4:	e51b3028 	ldr	r3, [fp, #-40]	; 0xffffffd8
",SDC, 923, 352, 3858, 2, 2965, 867, 1, 324, 504, 13, 234, 45387, 293, 3, 234, 4416, 11356, 409, 12, 31698, 7500, 11748, 0, 0, 26, 3180, 3156, 3937, 38, 0, 0, 19, 23, 138, 2, 45645, 36893, 40602, 1, 0, 0, 317
48,r2,23, 1070310,"  1054e4:	e50b3024 	str	r3, [fp, #-36]	; 0xffffffdc
",r1,14, 1070310,"  1054e4:	e50b3024 	str	r3, [fp, #-36]	; 0xffffffdc
",r2,9, 1070310,"  1054e4:	e50b3024 	str	r3, [fp, #-36]	; 0xffffffdc
",benign, 846, 354, 3799, 2, 2926, 848, 1, 340, 505, 13, 223, 45708, 294, 3, 244, 4476, 11544, 418, 15, 32125, 8033, 11594, 0, 0, 26, 3155, 3162, 3842, 39, 0, 0, 19, 23, 127, 2, 45967, 37527, 41229, 1, 0, 0, 317
49,r0,14, 1075600,"  106990:	e51b300c 	ldr	r3, [fp, #-12]
",r2,18, 1075600,"  106990:	e51b300c 	ldr	r3, [fp, #-12]
",r1,19, 1075600,"  106990:	e51b300c 	ldr	r3, [fp, #-12]
",crash/hangs,-,-,-,-,-,-,-,-,-,-,-,-,-,-,-,-,-,-,-,-,-,-,-,-,-,-,-,-,-,-,-,-,-,-,-,-,-,-,-,-,-,-
50,r2,17, 1065960,"  1043e8:	e51b301c 	ldr	r3, [fp, #-28]	; 0xffffffe4
",r3,17, 1065960,"  1043e8:	e51b301c 	ldr	r3, [fp, #-28]	; 0xffffffe4
",r3,10, 1065960,"  1043e8:	e51b301c 	ldr	r3, [fp, #-28]	; 0xffffffe4
",SDC, 551, 221, 3894, 4, 2999, 875, 1, 324, 504, 13, 229, 44596, 293, 3, 233, 3925, 11747, 419, 10, 31125, 6627, 11622, 0, 0, 26, 3180, 3174, 3927, 36, 0, 0, 19, 23, 138, 4, 45193, 36382, 39900, 1, 0, 0, 316
51,r3,13, 1070409,"  105548:	e2800c02 	add	r0, r0, #512	; 0x200
",r3,11, 1070409,"  105548:	e2800c02 	add	r0, r0, #512	; 0x200
",r0,24, 1070409,"  105548:	e2800c02 	add	r0, r0, #512	; 0x200
",SDC, 860, 358, 3867, 2, 2960, 864, 1, 324, 504, 14, 233, 45692, 293, 3, 245, 4161, 11616, 409, 15, 32060, 7402, 11766, 0, 0, 26, 3203, 3162, 3916, 36, 0, 0, 17, 21, 135, 2, 46382, 37266, 40906, 1, 0, 0, 316
52,r0,27, 1074712,"  106618:	e2800c03 	add	r0, r0, #768	; 0x300
",r2,31, 1074712,"  106618:	e2800c03 	add	r0, r0, #768	; 0x300
",r2,18, 1074712,"  106618:	e2800c03 	add	r0, r0, #768	; 0x300
",crash/hangs,-,-,-,-,-,-,-,-,-,-,-,-,-,-,-,-,-,-,-,-,-,-,-,-,-,-,-,-,-,-,-,-,-,-,-,-,-,-,-,-,-,-
53,r1,18, 1073097,"  105fc8:	e1a00003 	mov	r0, r3
",r3,11, 1073097,"  105fc8:	e1a00003 	mov	r0, r3
",r1,28, 1073097,"  105fc8:	e1a00003 	mov	r0, r3
",SDC, 868, 228, 3857, 3, 2977, 854, 1, 336, 503, 13, 227, 45315, 293, 3, 237, 4469, 11143, 408, 14, 32086, 7433, 11650, 0, 0, 26, 3165, 3165, 3855, 34, 0, 0, 17, 21, 125, 2, 45804, 36657, 40196, 2, 0, 0, 316
54,r3,18, 1067509,"  1049f4:	e3403011 	movt	r3, #17
",r0,24, 1067509,"  1049f4:	e3403011 	movt	r3, #17
",r2,15, 1067509,"  1049f4:	e3403011 	movt	r3, #17
",SDC, 759, 355, 3862, 2, 2963, 868, 1, 324, 503, 12, 232, 45866, 293, 3, 243, 4088, 12052, 416, 14, 32601, 7977, 11741, 0, 0, 26, 3175, 3170, 3926, 36, 0, 0, 19, 23, 137, 2, 46642, 37637, 41197, 1, 0, 0, 316
55,r3,30, 1083021,"  10868c:	e7933100 	ldr	r3, [r3, r0, lsl #2]
",r2,25, 1083021,"  10868c:	e7933100 	ldr	r3, [r3, r0, lsl #2]
",r3,7, 1083021,"  10868c:	e7933100 	ldr	r3, [r3, r0, lsl #2]
",crash/hangs,-,-,-,-,-,-,-,-,-,-,-,-,-,-,-,-,-,-,-,-,-,-,-,-,-,-,-,-,-,-,-,-,-,-,-,-,-,-,-,-,-,-
56,r2,30, 1072080,"  105bd0:	e2800c02 	add	r0, r0, #512	; 0x200
",r0,0, 1072080,"  105bd0:	e2800c02 	add	r0, r0, #512	; 0x200
",r3,4, 1072080,"  105bd0:	e2800c02 	add	r0, r0, #512	; 0x200
",SDC, 741, 230, 3874, 5, 2998, 877, 1, 324, 503, 13, 239, 44535, 293, 3, 236, 4235, 11296, 503, 12, 30980, 7042, 11645, 0, 0, 26, 3196, 3145, 3914, 32, 0, 0, 19, 23, 317, 8, 44780, 36231, 39791, 2, 0, 0, 316
57,r1,16, 1075469,"  10690c:	e3403011 	movt	r3, #17
",r0,5, 1075469,"  10690c:	e3403011 	movt	r3, #17
",r0,28, 1075469,"  10690c:	e3403011 	movt	r3, #17
",crash/hangs,-,-,-,-,-,-,-,-,-,-,-,-,-,-,-,-,-,-,-,-,-,-,-,-,-,-,-,-,-,-,-,-,-,-,-,-,-,-,-,-,-,-
58,r1,28, 1081568,"  1080e0:	e2800c03 	add	r0, r0, #768	; 0x300
",r3,5, 1081568,"  1080e0:	e2800c03 	add	r0, r0, #768	; 0x300
",r0,29, 1081568,"  1080e0:	e2800c03 	add	r0, r0, #768	; 0x300
",crash/hangs,-,-,-,-,-,-,-,-,-,-,-,-,-,-,-,-,-,-,-,-,-,-,-,-,-,-,-,-,-,-,-,-,-,-,-,-,-,-,-,-,-,-
59,r1,12, 1072919,"  105f14:	e1a01003 	mov	r1, r3
",r2,23, 1072919,"  105f14:	e1a01003 	mov	r1, r3
",r2,20, 1072919,"  105f14:	e1a01003 	mov	r1, r3
",SDC, 870, 229, 3864, 2, 2979, 854, 1, 336, 504, 13, 229, 46262, 293, 3, 236, 4510, 11674, 409, 13, 32355, 7861, 11684, 0, 0, 26, 3160, 3191, 3871, 37, 0, 0, 19, 23, 127, 2, 46193, 37334, 40930, 1, 0, 0, 316
60,r0,19, 1080313,"  107bf8:	e3403011 	movt	r3, #17
",r2,2, 1080313,"  107bf8:	e3403011 	movt	r3, #17
",r0,20, 1080313,"  107bf8:	e3403011 	movt	r3, #17
",crash/hangs,-,-,-,-,-,-,-,-,-,-,-,-,-,-,-,-,-,-,-,-,-,-,-,-,-,-,-,-,-,-,-,-,-,-,-,-,-,-,-,-,-,-
61,r2,11, 1062850,"  1037c0:	e1a03823 	lsr	r3, r3, #16
",r1,10, 1062850,"  1037c0:	e1a03823 	lsr	r3, r3, #16
",r3,29, 1062850,"  1037c0:	e1a03823 	lsr	r3, r3, #16
",crash/hangs,-,-,-,-,-,-,-,-,-,-,-,-,-,-,-,-,-,-,-,-,-,-,-,-,-,-,-,-,-,-,-,-,-,-,-,-,-,-,-,-,-,-
62,r2,24, 1076761,"  106e18:	e6ef3073 	uxtb	r3, r3
",r0,1, 1076761,"  106e18:	e6ef3073 	uxtb	r3, r3
",r1,9, 1076761,"  106e18:	e6ef3073 	uxtb	r3, r3
",crash/hangs,-,-,-,-,-,-,-,-,-,-,-,-,-,-,-,-,-,-,-,-,-,-,-,-,-,-,-,-,-,-,-,-,-,-,-,-,-,-,-,-,-,-
63,r3,16, 1078004,"  1072f4:	e7933100 	ldr	r3, [r3, r0, lsl #2]
",r3,10, 1078004,"  1072f4:	e7933100 	ldr	r3, [r3, r0, lsl #2]
",r3,16, 1078004,"  1072f4:	e7933100 	ldr	r3, [r3, r0, lsl #2]
",crash/hangs,-,-,-,-,-,-,-,-,-,-,-,-,-,-,-,-,-,-,-,-,-,-,-,-,-,-,-,-,-,-,-,-,-,-,-,-,-,-,-,-,-,-
64,r3,7, 1071208,"  105868:	e7933100 	ldr	r3, [r3, r0, lsl #2]
",r3,24, 1071208,"  105868:	e7933100 	ldr	r3, [r3, r0, lsl #2]
",r2,16, 1071208,"  105868:	e7933100 	ldr	r3, [r3, r0, lsl #2]
",SDC, 716, 222, 3875, 5, 2996, 877, 1, 324, 504, 14, 232, 45074, 293, 3, 242, 4295, 11547, 498, 10, 31312, 6639, 11627, 0, 0, 26, 3189, 3168, 3931, 36, 0, 0, 19, 23, 217, 9, 45271, 36555, 40124, 2, 0, 0, 316
65,r0,4, 1080952,"  107e78:	e30c3cc0 	movw	r3, #52416	; 0xccc0
",r2,19, 1080952,"  107e78:	e30c3cc0 	movw	r3, #52416	; 0xccc0
",r0,11, 1080952,"  107e78:	e30c3cc0 	movw	r3, #52416	; 0xccc0
",crash/hangs,-,-,-,-,-,-,-,-,-,-,-,-,-,-,-,-,-,-,-,-,-,-,-,-,-,-,-,-,-,-,-,-,-,-,-,-,-,-,-,-,-,-
66,r3,27, 1081201,"  107f70:	e0211003 	eor	r1, r1, r3
",r1,26, 1081201,"  107f70:	e0211003 	eor	r1, r1, r3
",r3,11, 1081201,"  107f70:	e0211003 	eor	r1, r1, r3
",crash/hangs,-,-,-,-,-,-,-,-,-,-,-,-,-,-,-,-,-,-,-,-,-,-,-,-,-,-,-,-,-,-,-,-,-,-,-,-,-,-,-,-,-,-
67,r1,21, 1076832,"  106e60:	e6ef3073 	uxtb	r3, r3
",r0,30, 1076832,"  106e60:	e6ef3073 	uxtb	r3, r3
",r2,9, 1076832,"  106e60:	e6ef3073 	uxtb	r3, r3
",crash/hangs,-,-,-,-,-,-,-,-,-,-,-,-,-,-,-,-,-,-,-,-,-,-,-,-,-,-,-,-,-,-,-,-,-,-,-,-,-,-,-,-,-,-
68,r2,28, 1062624,"  1036e0:	e5932000 	ldr	r2, [r3]
",r1,17, 1062624,"  1036e0:	e5932000 	ldr	r2, [r3]
",r3,6, 1062624,"  1036e0:	e5932000 	ldr	r2, [r3]
",SDC, 520, 234, 3876, 5, 2977, 877, 1, 324, 503, 13, 230, 44782, 293, 3, 241, 4609, 11363, 558, 13, 31344, 6685, 11607, 0, 0, 26, 3175, 3181, 3909, 36, 0, 0, 19, 23, 227, 8, 45214, 36968, 40540, 2, 0, 0, 316
69,r1,16, 1080449,"  107c80:	e1a03823 	lsr	r3, r3, #16
",r3,8, 1080449,"  107c80:	e1a03823 	lsr	r3, r3, #16
",r3,0, 1080449,"  107c80:	e1a03823 	lsr	r3, r3, #16
",crash/hangs,-,-,-,-,-,-,-,-,-,-,-,-,-,-,-,-,-,-,-,-,-,-,-,-,-,-,-,-,-,-,-,-,-,-,-,-,-,-,-,-,-,-
70,r1,20, 1074518,"  106554:	e5933000 	ldr	r3, [r3]
",r2,29, 1074518,"  106554:	e5933000 	ldr	r3, [r3]
",r0,1, 1074518,"  106554:	e5933000 	ldr	r3, [r3]
",crash/hangs,-,-,-,-,-,-,-,-,-,-,-,-,-,-,-,-,-,-,-,-,-,-,-,-,-,-,-,-,-,-,-,-,-,-,-,-,-,-,-,-,-,-
71,r1,25, 1070113,"  105420:	e0211003 	eor	r1, r1, r3
",r2,11, 1070113,"  105420:	e0211003 	eor	r1, r1, r3
",r0,16, 1070113,"  105420:	e0211003 	eor	r1, r1, r3
",SDC, 777, 229, 3884, 2, 2990, 872, 1, 324, 504, 12, 237, 45831, 293, 3, 239, 4451, 11135, 408, 17, 32265, 8031, 11750, 0, 0, 26, 3198, 3145, 3916, 38, 0, 0, 17, 21, 134, 2, 45853, 37236, 40813, 1, 0, 0, 317
72,r1,13, 1079210,"  1077a8:	e30c3cc0 	movw	r3, #52416	; 0xccc0
",r2,6, 1079210,"  1077a8:	e30c3cc0 	movw	r3, #52416	; 0xccc0
",r0,18, 1079210,"  1077a8:	e30c3cc0 	movw	r3, #52416	; 0xccc0
",crash/hangs,-,-,-,-,-,-,-,-,-,-,-,-,-,-,-,-,-,-,-,-,-,-,-,-,-,-,-,-,-,-,-,-,-,-,-,-,-,-,-,-,-,-
73,r1,31, 1074762,"  106648:	e3403011 	movt	r3, #17
",r0,8, 1074762,"  106648:	e3403011 	movt	r3, #17
",r1,9, 1074762,"  106648:	e3403011 	movt	r3, #17
",crash/hangs,-,-,-,-,-,-,-,-,-,-,-,-,-,-,-,-,-,-,-,-,-,-,-,-,-,-,-,-,-,-,-,-,-,-,-,-,-,-,-,-,-,-
74,r3,12, 1071169,"  105840:	e2800c02 	add	r0, r0, #512	; 0x200
",r2,25, 1071169,"  105840:	e2800c02 	add	r0, r0, #512	; 0x200
",r3,17, 1071169,"  105840:	e2800c02 	add	r0, r0, #512	; 0x200
",crash/hangs,-,-,-,-,-,-,-,-,-,-,-,-,-,-,-,-,-,-,-,-,-,-,-,-,-,-,-,-,-,-,-,-,-,-,-,-,-,-,-,-,-,-
75,r2,15, 1080676,"  107d64:	e51b3008 	ldr	r3, [fp, #-8]
",r1,18, 1080676,"  107d64:	e51b3008 	ldr	r3, [fp, #-8]
",r1,8, 1080676,"  107d64:	e51b3008 	ldr	r3, [fp, #-8]
",crash/hangs,-,-,-,-,-,-,-,-,-,-,-,-,-,-,-,-,-,-,-,-,-,-,-,-,-,-,-,-,-,-,-,-,-,-,-,-,-,-,-,-,-,-
76,r1,16, 1074209,"  106420:	e2800c02 	add	r0, r0, #512	; 0x200
",r2,26, 1074209,"  106420:	e2800c02 	add	r0, r0, #512	; 0x200
",r0,4, 1074209,"  106420:	e2800c02 	add	r0, r0, #512	; 0x200
",crash/hangs,-,-,-,-,-,-,-,-,-,-,-,-,-,-,-,-,-,-,-,-,-,-,-,-,-,-,-,-,-,-,-,-,-,-,-,-,-,-,-,-,-,-
77,r1,19, 1080825,"  107df8:	e50b3018 	str	r3, [fp, #-24]	; 0xffffffe8
",r3,23, 1080825,"  107df8:	e50b3018 	str	r3, [fp, #-24]	; 0xffffffe8
",r1,4, 1080825,"  107df8:	e50b3018 	str	r3, [fp, #-24]	; 0xffffffe8
",crash/hangs,-,-,-,-,-,-,-,-,-,-,-,-,-,-,-,-,-,-,-,-,-,-,-,-,-,-,-,-,-,-,-,-,-,-,-,-,-,-,-,-,-,-
78,r3,22, 1063684,"  103b04:	e51b3024 	ldr	r3, [fp, #-36]	; 0xffffffdc
",r0,29, 1063684,"  103b04:	e51b3024 	ldr	r3, [fp, #-36]	; 0xffffffdc
",r3,7, 1063684,"  103b04:	e51b3024 	ldr	r3, [fp, #-36]	; 0xffffffdc
",benign, 517, 232, 3818, 4, 2940, 852, 1, 340, 504, 13, 227, 44807, 294, 3, 241, 4348, 11811, 410, 12, 31687, 7146, 11471, 0, 0, 26, 3185, 3124, 3827, 36, 0, 0, 17, 21, 126, 5, 45289, 36445, 39990, 1, 0, 0, 316
79,r0,7, 1078337,"  107440:	e3403011 	movt	r3, #17
",r0,29, 1078337,"  107440:	e3403011 	movt	r3, #17
",r3,11, 1078337,"  107440:	e3403011 	movt	r3, #17
",crash/hangs,-,-,-,-,-,-,-,-,-,-,-,-,-,-,-,-,-,-,-,-,-,-,-,-,-,-,-,-,-,-,-,-,-,-,-,-,-,-,-,-,-,-
80,r1,19, 1065214,"  1040fc:	e6ef3073 	uxtb	r3, r3
",r1,4, 1065214,"  1040fc:	e6ef3073 	uxtb	r3, r3
",r3,14, 1065214,"  1040fc:	e6ef3073 	uxtb	r3, r3
",crash/hangs,-,-,-,-,-,-,-,-,-,-,-,-,-,-,-,-,-,-,-,-,-,-,-,-,-,-,-,-,-,-,-,-,-,-,-,-,-,-,-,-,-,-
81,r0,15, 1071177,"  105848:	e0211003 	eor	r1, r1, r3
",r2,4, 1071177,"  105848:	e0211003 	eor	r1, r1, r3
",r0,25, 1071177,"  105848:	e0211003 	eor	r1, r1, r3
",SDC, 810, 234, 3900, 2, 3022, 879, 1, 325, 504, 12, 239, 46062, 293, 3, 242, 4330, 12206, 419, 18, 32427, 7613, 11813, 0, 0, 26, 3196, 3166, 3962, 37, 0, 0, 17, 21, 125, 2, 46587, 38175, 41743, 1, 0, 0, 317
82,r3,28, 1076961,"  106ee0:	e3403011 	movt	r3, #17
",r0,13, 1076961,"  106ee0:	e3403011 	movt	r3, #17
",r1,16, 1076961,"  106ee0:	e3403011 	movt	r3, #17
",crash/hangs,-,-,-,-,-,-,-,-,-,-,-,-,-,-,-,-,-,-,-,-,-,-,-,-,-,-,-,-,-,-,-,-,-,-,-,-,-,-,-,-,-,-
83,r0,7, 1076044,"  106b4c:	e30c3cc0 	movw	r3, #52416	; 0xccc0
",r2,19, 1076044,"  106b4c:	e30c3cc0 	movw	r3, #52416	; 0xccc0
",r3,31, 1076044,"  106b4c:	e30c3cc0 	movw	r3, #52416	; 0xccc0
",crash/hangs,-,-,-,-,-,-,-,-,-,-,-,-,-,-,-,-,-,-,-,-,-,-,-,-,-,-,-,-,-,-,-,-,-,-,-,-,-,-,-,-,-,-
84,r3,3, 1076327,"  106c64:	e7933100 	ldr	r3, [r3, r0, lsl #2]
",r1,21, 1076327,"  106c64:	e7933100 	ldr	r3, [r3, r0, lsl #2]
",r2,22, 1076327,"  106c64:	e7933100 	ldr	r3, [r3, r0, lsl #2]
",crash/hangs,-,-,-,-,-,-,-,-,-,-,-,-,-,-,-,-,-,-,-,-,-,-,-,-,-,-,-,-,-,-,-,-,-,-,-,-,-,-,-,-,-,-
85,r2,27, 1067547,"  104a18:	e3403011 	movt	r3, #17
",r3,22, 1067547,"  104a18:	e3403011 	movt	r3, #17
",r1,11, 1067547,"  104a18:	e3403011 	movt	r3, #17
",SDC, 696, 223, 3893, 2, 2991, 872, 1, 324, 504, 13, 239, 46026, 293, 3, 239, 3971, 11869, 408, 12, 32647, 7840, 11747, 0, 0, 26, 3171, 3179, 3917, 35, 0, 0, 19, 24, 146, 2, 46112, 37338, 40876, 1, 0, 0, 316
86,r2,27, 1075398,"  1068c4:	e3403011 	movt	r3, #17
",r1,29, 1075398,"  1068c4:	e3403011 	movt	r3, #17
",r2,19, 1075398,"  1068c4:	e3403011 	movt	r3, #17
",crash/hangs,-,-,-,-,-,-,-,-,-,-,-,-,-,-,-,-,-,-,-,-,-,-,-,-,-,-,-,-,-,-,-,-,-,-,-,-,-,-,-,-,-,-
87,r0,18, 1066696,"  1046c8:	e1a00003 	mov	r0, r3
",r1,7, 1066696,"  1046c8:	e1a00003 	mov	r0, r3
",r0,5, 1066696,"  1046c8:	e1a00003 	mov	r0, r3
",SDC, 575, 224, 3872, 4, 2997, 877, 1, 324, 503, 13, 227, 44919, 293, 3, 239, 4300, 11857, 419, 11, 31756, 7128, 11662, 0, 0, 26, 3157, 3183, 3919, 33, 0, 0, 19, 23, 137, 4, 45429, 36772, 40358, 1, 0, 0, 317
88,r1,15, 1075195,"  1067f8:	e2833010 	add	r3, r3, #16
",r1,31, 1075195,"  1067f8:	e2833010 	add	r3, r3, #16
",r3,19, 1075195,"  1067f8:	e2833010 	add	r3, r3, #16
",crash/hangs,-,-,-,-,-,-,-,-,-,-,-,-,-,-,-,-,-,-,-,-,-,-,-,-,-,-,-,-,-,-,-,-,-,-,-,-,-,-,-,-,-,-
89,r3,11, 1068564,"  104e14:	e1a03823 	lsr	r3, r3, #16
",r2,23, 1068564,"  104e14:	e1a03823 	lsr	r3, r3, #16
",r3,8, 1068564,"  104e14:	e1a03823 	lsr	r3, r3, #16
",SDC, 628, 229, 3897, 4, 2994, 872, 1, 324, 504, 13, 235, 44657, 293, 3, 243, 4338, 11534, 408, 9, 30691, 6996, 11623, 0, 0, 26, 3168, 3194, 3921, 37, 0, 0, 17, 21, 126, 4, 44897, 36372, 39934, 1, 0, 0, 316
90,r1,19, 1078307,"  107420:	e2800c01 	add	r0, r0, #256	; 0x100
",r0,10, 1078307,"  107420:	e2800c01 	add	r0, r0, #256	; 0x100
",r1,29, 1078307,"  107420:	e2800c01 	add	r0, r0, #256	; 0x100
",crash/hangs,-,-,-,-,-,-,-,-,-,-,-,-,-,-,-,-,-,-,-,-,-,-,-,-,-,-,-,-,-,-,-,-,-,-,-,-,-,-,-,-,-,-
0,r2,11, 1077023,"  106f1c:	e51b3008 	ldr	r3, [fp, #-8]
",r0,8, 1077023,"  106f1c:	e51b3008 	ldr	r3, [fp, #-8]
",r1,31, 1077023,"  106f1c:	e51b3008 	ldr	r3, [fp, #-8]
",crash/hangs,-,-,-,-,-,-,-,-,-,-,-,-,-,-,-,-,-,-,-,-,-,-,-,-,-,-,-,-,-,-,-,-,-,-,-,-,-,-,-,-,-,-
1,r3,26, 1077299,"  107030:	e6ef3073 	uxtb	r3, r3
",r2,21, 1077299,"  107030:	e6ef3073 	uxtb	r3, r3
",r3,19, 1077299,"  107030:	e6ef3073 	uxtb	r3, r3
",crash/hangs,-,-,-,-,-,-,-,-,-,-,-,-,-,-,-,-,-,-,-,-,-,-,-,-,-,-,-,-,-,-,-,-,-,-,-,-,-,-,-,-,-,-
2,r3,16, 1066682,"  1046b8:	e7931101 	ldr	r1, [r3, r1, lsl #2]
",r0,17, 1066682,"  1046b8:	e7931101 	ldr	r1, [r3, r1, lsl #2]
",r2,12, 1066682,"  1046b8:	e7931101 	ldr	r1, [r3, r1, lsl #2]
",SDC, 672, 1229, 3895, 2, 3005, 877, 1, 324, 503, 14, 242, 45755, 293, 3, 235, 4558, 11545, 418, 13, 32271, 8011, 11760, 0, 0, 26, 3201, 3157, 3924, 36, 0, 0, 19, 23, 146, 2, 46417, 37786, 41379, 1, 0, 0, 317
3,r3,3, 1073542,"  106184:	e51b3028 	ldr	r3, [fp, #-40]	; 0xffffffd8
",r2,23, 1073542,"  106184:	e51b3028 	ldr	r3, [fp, #-40]	; 0xffffffd8
",r3,25, 1073542,"  106184:	e51b3028 	ldr	r3, [fp, #-40]	; 0xffffffd8
",SDC, 949, 357, 3817, 2, 2927, 841, 1, 339, 504, 12, 225, 46030, 293, 3, 247, 4807, 12144, 409, 14, 32993, 7989, 11632, 0, 0, 26, 3150, 3176, 3846, 34, 0, 0, 17, 22, 126, 2, 46625, 37947, 41533, 1, 0, 0, 317
4,r2,25, 1076511,"  106d1c:	e2800c02 	add	r0, r0, #512	; 0x200
",r3,24, 1076511,"  106d1c:	e2800c02 	add	r0, r0, #512	; 0x200
",r2,4, 1076511,"  106d1c:	e2800c02 	add	r0, r0, #512	; 0x200
",crash/hangs,-,-,-,-,-,-,-,-,-,-,-,-,-,-,-,-,-,-,-,-,-,-,-,-,-,-,-,-,-,-,-,-,-,-,-,-,-,-,-,-,-,-
5,r3,22, 1078731,"  1075c8:	e3403011 	movt	r3, #17
",r2,22, 1078731,"  1075c8:	e3403011 	movt	r3, #17
",r2,4, 1078731,"  1075c8:	e3403011 	movt	r3, #17
",crash/hangs,-,-,-,-,-,-,-,-,-,-,-,-,-,-,-,-,-,-,-,-,-,-,-,-,-,-,-,-,-,-,-,-,-,-,-,-,-,-,-,-,-,-
6,r0,24, 1068242,"  104cd0:	e3403011 	movt	r3, #17
",r1,14, 1068242,"  104cd0:	e3403011 	movt	r3, #17
",r3,9, 1068242,"  104cd0:	e3403011 	movt	r3, #17
",SDC, 717, 218, 3897, 2, 2999, 871, 1, 324, 503, 13, 235, 45423, 293, 3, 229, 4833, 10918, 418, 11, 31709, 8120, 11772, 0, 0, 26, 3181, 3171, 3928, 35, 0, 0, 19, 23, 135, 2, 45911, 36750, 40290, 1, 0, 0, 317
7,r2,19, 1071794,"  105ab0:	e1a03c23 	lsr	r3, r3, #24
",r2,29, 1071794,"  105ab0:	e1a03c23 	lsr	r3, r3, #24
",r2,22, 1071794,"  105ab0:	e1a03c23 	lsr	r3, r3, #24
",SDC, 891, 351, 3860, 2, 2955, 863, 1, 324, 504, 13, 240, 46750, 293, 3, 244, 4631, 12135, 419, 12, 33131, 8188, 11734, 0, 0, 26, 3232, 3249, 3917, 35, 0, 0, 17, 21, 135, 2, 46854, 38119, 41697, 1, 0, 0, 317
8,r2,22, 1067588,"  104a44:	e1a01003 	mov	r1, r3
",r0,22, 1067588,"  104a44:	e1a01003 	mov	r1, r3
",r2,26, 1067588,"  104a44:	e1a01003 	mov	r1, r3
",SDC, 682, 359, 3863, 4, 2960, 866, 1, 324, 504, 13, 228, 44990, 293, 3, 241, 4555, 11911, 409, 16, 31906, 7590, 11648, 0, 0, 26, 3157, 3184, 3919, 33, 0, 0, 17, 21, 125, 4, 45390, 37106, 40589, 1, 0, 0, 317
9,r3,29, 1066468,"  1045e4:	e30b3cc0 	movw	r3, #48320	; 0xbcc0
",r2,24, 1066468,"  1045e4:	e30b3cc0 	movw	r3, #48320	; 0xbcc0
",r3,30, 1066468,"  1045e4:	e30b3cc0 	movw	r3, #48320	; 0xbcc0
",SDC, 643, 342, 3856, 4, 2956, 866, 1, 324, 504, 12, 233, 44567, 293, 3, 231, 4627, 11308, 574, 14, 31326, 6828, 11660, 0, 0, 26, 3206, 3155, 3928, 37, 0, 0, 19, 23, 128, 4, 45395, 36627, 40172, 1, 0, 0, 316
10,r1,16, 1063056,"  103890:	e5931000 	ldr	r1, [r3]
",r1,23, 1063056,"  103890:	e5931000 	ldr	r1, [r3]
",r2,12, 1063056,"  103890:	e5931000 	ldr	r1, [r3]
",crash/hangs,-,-,-,-,-,-,-,-,-,-,-,-,-,-,-,-,-,-,-,-,-,-,-,-,-,-,-,-,-,-,-,-,-,-,-,-,-,-,-,-,-,-
11,r0,26, 1064020,"  103c54:	e2833028 	add	r3, r3, #40	; 0x28
",r2,30, 1064020,"  103c54:	e2833028 	add	r3, r3, #40	; 0x28
",r1,16, 1064020,"  103c54:	e2833028 	add	r3, r3, #40	; 0x28
",SDC, 530, 226, 3870, 4, 2980, 876, 1, 324, 503, 12, 233, 44629, 293, 3, 238, 4402, 11257, 410, 13, 31414, 7052, 11598, 0, 0, 26, 3192, 3145, 3918, 38, 0, 0, 17, 21, 125, 5, 44761, 36463, 40137, 1, 0, 0, 316
12,r1,7, 1062977,"  103840:	e50b3010 	str	r3, [fp, #-16]
",r1,17, 1062977,"  103840:	e50b3010 	str	r3, [fp, #-16]
",r1,31, 1062977,"  103840:	e50b3010 	str	r3, [fp, #-16]
",crash/hangs,-,-,-,-,-,-,-,-,-,-,-,-,-,-,-,-,-,-,-,-,-,-,-,-,-,-,-,-,-,-,-,-,-,-,-,-,-,-,-,-,-,-
13,r3,3, 1078115,"  107360:	e1a01003 	mov	r1, r3
",r1,17, 1078115,"  107360:	e1a01003 	mov	r1, r3
",r1,24, 1078115,"  107360:	e1a01003 	mov	r1, r3
",crash/hangs,-,-,-,-,-,-,-,-,-,-,-,-,-,-,-,-,-,-,-,-,-,-,-,-,-,-,-,-,-,-,-,-,-,-,-,-,-,-,-,-,-,-
14,r0,24, 1062589,"  1036bc:	e51b3024 	ldr	r3, [fp, #-36]	; 0xffffffdc
",r0,2, 1062589,"  1036bc:	e51b3024 	ldr	r3, [fp, #-36]	; 0xffffffdc
",r2,25, 1062589,"  1036bc:	e51b3024 	ldr	r3, [fp, #-36]	; 0xffffffdc
",benign, 615, 226, 3826, 2, 2946, 853, 1, 340, 505, 12, 219, 45926, 294, 3, 237, 4081, 11868, 409, 13, 32615, 7843, 11573, 0, 0, 26, 3157, 3130, 3828, 34, 0, 0, 17, 21, 135, 2, 46067, 37422, 41084, 1, 0, 0, 317
15,r1,8, 1073073,"  105fb0:	e30b3cc0 	movw	r3, #48320	; 0xbcc0
",r2,8, 1073073,"  105fb0:	e30b3cc0 	movw	r3, #48320	; 0xbcc0
",r0,11, 1073073,"  105fb0:	e30b3cc0 	movw	r3, #48320	; 0xbcc0
",SDC, 945, 353, 3832, 3, 2939, 846, 1, 336, 504, 13, 232, 45733, 293, 3, 243, 4543, 11239, 506, 13, 32253, 7687, 11654, 0, 0, 26, 3191, 3153, 3870, 37, 0, 0, 19, 23, 276, 6, 46069, 37365, 41113, 2, 0, 0, 317
16,r1,4, 1076557,"  106d4c:	e0233002 	eor	r3, r3, r2
",r1,23, 1076557,"  106d4c:	e0233002 	eor	r3, r3, r2
",r1,12, 1076557,"  106d4c:	e0233002 	eor	r3, r3, r2
",crash/hangs,-,-,-,-,-,-,-,-,-,-,-,-,-,-,-,-,-,-,-,-,-,-,-,-,-,-,-,-,-,-,-,-,-,-,-,-,-,-,-,-,-,-
17,r2,15, 1068434,"  104d90:	e2800c02 	add	r0, r0, #512	; 0x200
",r1,20, 1068434,"  104d90:	e2800c02 	add	r0, r0, #512	; 0x200
",r3,25, 1068434,"  104d90:	e2800c02 	add	r0, r0, #512	; 0x200
",SDC, 726, 220, 3889, 2, 2998, 873, 1, 324, 504, 13, 235, 45906, 293, 3, 236, 4060, 11783, 409, 17, 32367, 7941, 11740, 0, 0, 26, 3192, 3167, 3918, 36, 0, 0, 17, 21, 126, 2, 45956, 37627, 41301, 1, 0, 0, 316
18,r3,23, 1064016,"  103c50:	e51b3008 	ldr	r3, [fp, #-8]
",r3,20, 1064016,"  103c50:	e51b3008 	ldr	r3, [fp, #-8]
",r1,1, 1064016,"  103c50:	e51b3008 	ldr	r3, [fp, #-8]
",SDC, 605, 354, 3849, 4, 2949, 871, 1, 324, 503, 12, 240, 45044, 293, 3, 239, 4262, 11912, 409, 12, 31252, 6541, 11626, 0, 0, 26, 3172, 3164, 3903, 34, 0, 0, 17, 21, 126, 5, 45536, 36568, 40096, 1, 0, 0, 317
19,r0,10, 1063815,"  103b84:	e6ef3073 	uxtb	r3, r3
",r2,13, 1063815,"  103b84:	e6ef3073 	uxtb	r3, r3
",r2,7, 1063815,"  103b84:	e6ef3073 	uxtb	r3, r3
",SDC, 687, 356, 3839, 2, 2948, 875, 1, 324, 503, 13, 234, 45352, 293, 3, 243, 4284, 11291, 411, 15, 32089, 7729, 11691, 0, 0, 26, 3200, 3123, 3922, 34, 0, 0, 17, 21, 126, 2, 45693, 37456, 40970, 1, 0, 0, 317
20,r0,20, 1069693,"  10527c:	e0233001 	eor	r3, r3, r1
",r3,10, 1069693,"  10527c:	e0233001 	eor	r3, r3, r1
",r0,27, 1069693,"  10527c:	e0233001 	eor	r3, r3, r1
",SDC, 830, 355, 3861, 2, 2958, 863, 1, 324, 503, 13, 229, 45505, 293, 3, 234, 4808, 11187, 418, 14, 31944, 8083, 11778, 0, 0, 26, 3168, 3167, 3928, 38, 0, 0, 19, 23, 127, 2, 45409, 37385, 40933, 1, 0, 0, 317
21,r3,11, 1074988,"  10672c:	e0211003 	eor	r1, r1, r3
",r3,25, 1074988,"  10672c:	e0211003 	eor	r1, r1, r3
",r1,27, 1074988,"  10672c:	e0211003 	eor	r1, r1, r3
",crash/hangs,-,-,-,-,-,-,-,-,-,-,-,-,-,-,-,-,-,-,-,-,-,-,-,-,-,-,-,-,-,-,-,-,-,-,-,-,-,-,-,-,-,-
22,r2,11, 1067475,"  1049d0:	e3403011 	movt	r3, #17
",r2,18, 1067475,"  1049d0:	e3403011 	movt	r3, #17
",r0,30, 1067475,"  1049d0:	e3403011 	movt	r3, #17
",SDC, 695, 222, 3894, 2, 3001, 874, 1, 325, 503, 13, 250, 45869, 293, 3, 241, 4476, 11811, 410, 15, 32441, 7838, 11819, 0, 0, 26, 3173, 3209, 3972, 38, 0, 0, 17, 21, 125, 2, 45980, 37832, 41593, 1, 0, 0, 316
23,r0,2, 1075123,"  1067b0:	e1a00003 	mov	r0, r3
",r1,19, 1075123,"  1067b0:	e1a00003 	mov	r0, r3
",r3,9, 1075123,"  1067b0:	e1a00003 	mov	r0, r3
",crash/hangs,-,-,-,-,-,-,-,-,-,-,-,-,-,-,-,-,-,-,-,-,-,-,-,-,-,-,-,-,-,-,-,-,-,-,-,-,-,-,-,-,-,-
24,r2,8, 1071292,"  1058bc:	e0211003 	eor	r1, r1, r3
",r2,31, 1071292,"  1058bc:	e0211003 	eor	r1, r1, r3
",r0,1, 1071292,"  1058bc:	e0211003 	eor	r1, r1, r3
",SDC, 717, 221, 3896, 4, 2995, 871, 1, 324, 504, 12, 242, 44811, 293, 3, 229, 4826, 11170, 410, 12, 30976, 7097, 11639, 0, 0, 26, 3168, 3193, 3915, 34, 0, 0, 17, 21, 136, 4, 45063, 36026, 39738, 1, 0, 0, 316
25,r3,5, 1075511,"  106934:	e6ef3073 	uxtb	r3, r3
",r0,25, 1075511,"  106934:	e6ef3073 	uxtb	r3, r3
",r3,4, 1075511,"  106934:	e6ef3073 	uxtb	r3, r3
",crash/hangs,-,-,-,-,-,-,-,-,-,-,-,-,-,-,-,-,-,-,-,-,-,-,-,-,-,-,-,-,-,-,-,-,-,-,-,-,-,-,-,-,-,-
26,r2,27, 1072598,"  105dd4:	e2833074 	add	r3, r3, #116	; 0x74
",r2,8, 1072598,"  105dd4:	e2833074 	add	r3, r3, #116	; 0x74
",r3,26, 1072598,"  105dd4:	e2833074 	add	r3, r3, #116	; 0x74
",SDC, 850, 232, 3893, 2, 2999, 876, 1, 324, 503, 13, 231, 46062, 293, 3, 249, 4440, 12166, 418, 12, 32708, 7830, 11715, 0, 0, 26, 3188, 3177, 3924, 36, 0, 0, 19, 23, 136, 2, 46397, 38113, 41649, 1, 0, 0, 316
27,r1,2, 1075063,"  106774:	e30c3cc0 	movw	r3, #52416	; 0xccc0
",r3,24, 1075063,"  106774:	e30c3cc0 	movw	r3, #52416	; 0xccc0
",r3,14, 1075063,"  106774:	e30c3cc0 	movw	r3, #52416	; 0xccc0
",crash/hangs,-,-,-,-,-,-,-,-,-,-,-,-,-,-,-,-,-,-,-,-,-,-,-,-,-,-,-,-,-,-,-,-,-,-,-,-,-,-,-,-,-,-
28,r1,5, 1076805,"  106e44:	e30c3cc0 	movw	r3, #52416	; 0xccc0
",r3,24, 1076805,"  106e44:	e30c3cc0 	movw	r3, #52416	; 0xccc0
",r0,18, 1076805,"  106e44:	e30c3cc0 	movw	r3, #52416	; 0xccc0
",crash/hangs,-,-,-,-,-,-,-,-,-,-,-,-,-,-,-,-,-,-,-,-,-,-,-,-,-,-,-,-,-,-,-,-,-,-,-,-,-,-,-,-,-,-
29,r3,17, 1063653,"  103ae4:	e51b3024 	ldr	r3, [fp, #-36]	; 0xffffffdc
",r3,27, 1063653,"  103ae4:	e51b3024 	ldr	r3, [fp, #-36]	; 0xffffffdc
",r3,18, 1063653,"  103ae4:	e51b3024 	ldr	r3, [fp, #-36]	; 0xffffffdc
",benign, 618, 227, 3811, 2, 2945, 857, 1, 340, 504, 13, 220, 45066, 294, 3, 237, 4007, 11282, 419, 15, 31912, 7323, 11560, 0, 0, 26, 3191, 3118, 3814, 34, 0, 0, 19, 24, 127, 2, 45720, 36726, 40428, 1, 0, 0, 316
30,r2,8, 1080151,"  107b54:	e6ef3073 	uxtb	r3, r3
",r2,20, 1080151,"  107b54:	e6ef3073 	uxtb	r3, r3
",r0,4, 1080151,"  107b54:	e6ef3073 	uxtb	r3, r3
",crash/hangs,-,-,-,-,-,-,-,-,-,-,-,-,-,-,-,-,-,-,-,-,-,-,-,-,-,-,-,-,-,-,-,-,-,-,-,-,-,-,-,-,-,-
31,r2,11, 1070028,"  1053cc:	e1a01003 	mov	r1, r3
",r3,17, 1070028,"  1053cc:	e1a01003 	mov	r1, r3
",r3,15, 1070028,"  1053cc:	e1a01003 	mov	r1, r3
",SDC, 681, 234, 3895, 4, 2998, 871, 1, 324, 504, 13, 233, 45230, 293, 3, 248, 4400, 11920, 409, 17, 32164, 7254, 11654, 0, 0, 26, 3170, 3176, 3911, 36, 0, 0, 19, 23, 137, 4, 45531, 37069, 40634, 1, 0, 0, 316
32,r3,12, 1069899,"  105348:	e1a03423 	lsr	r3, r3, #8
",r0,22, 1069899,"  105348:	e1a03423 	lsr	r3, r3, #8
",r0,15, 1069899,"  105348:	e1a03423 	lsr	r3, r3, #8
",SDC, 843, 352, 3857, 2, 2958, 868, 1, 324, 504, 13, 242, 46011, 293, 3, 238, 4866, 11272, 409, 14, 32785, 8190, 11817, 0, 0, 26, 3163, 3185, 3931, 36, 0, 0, 17, 21, 135, 2, 46570, 38096, 41616, 1, 0, 0, 316
33,r3,5, 1062641,"  1036f0:	e5932004 	ldr	r2, [r3, #4]
",r1,17, 1062641,"  1036f0:	e5932004 	ldr	r2, [r3, #4]
",r3,25, 1062641,"  1036f0:	e5932004 	ldr	r2, [r3, #4]
",SDC, 683, 346, 3857, 3, 2950, 870, 1, 324, 504, 13, 231, 45124, 293, 3, 230, 4253, 11346, 504, 10, 32030, 7788, 11672, 0, 0, 26, 3198, 3133, 3927, 37, 0, 0, 17, 21, 440, 7, 45988, 37023, 40655, 2, 0, 0, 316
34,r0,26, 1081678,"  10814c:	e30c3cc0 	movw	r3, #52416	; 0xccc0
",r3,18, 1081678,"  10814c:	e30c3cc0 	movw	r3, #52416	; 0xccc0
",r3,29, 1081678,"  10814c:	e30c3cc0 	movw	r3, #52416	; 0xccc0
",crash/hangs,-,-,-,-,-,-,-,-,-,-,-,-,-,-,-,-,-,-,-,-,-,-,-,-,-,-,-,-,-,-,-,-,-,-,-,-,-,-,-,-,-,-
35,r1,0, 1066818,"  104740:	e6ef3073 	uxtb	r3, r3
",r2,8, 1066818,"  104740:	e6ef3073 	uxtb	r3, r3
",r2,17, 1066818,"  104740:	e6ef3073 	uxtb	r3, r3
",SDC, 680, 227, 3895, 2, 3002, 874, 1, 324, 503, 12, 240, 46126, 293, 3, 238, 4798, 11811, 427, 14, 32504, 7955, 11737, 0, 0, 26, 3166, 3190, 3924, 37, 0, 0, 17, 21, 132, 2, 46223, 37604, 41260, 1, 0, 0, 317
36,r1,17, 1062362,"  1035d8:	e24dd024 	sub	sp, sp, #36	; 0x24
",r3,11, 1062362,"  1035d8:	e24dd024 	sub	sp, sp, #36	; 0x24
",r0,31, 1062362,"  1035d8:	e24dd024 	sub	sp, sp, #36	; 0x24
",crash/hangs,-,-,-,-,-,-,-,-,-,-,-,-,-,-,-,-,-,-,-,-,-,-,-,-,-,-,-,-,-,-,-,-,-,-,-,-,-,-,-,-,-,-
37,r0,18, 1081867,"  108208:	e30c3cc0 	movw	r3, #52416	; 0xccc0
",r3,31, 1081867,"  108208:	e30c3cc0 	movw	r3, #52416	; 0xccc0
",r0,25, 1081867,"  108208:	e30c3cc0 	movw	r3, #52416	; 0xccc0
",crash/hangs,-,-,-,-,-,-,-,-,-,-,-,-,-,-,-,-,-,-,-,-,-,-,-,-,-,-,-,-,-,-,-,-,-,-,-,-,-,-,-,-,-,-
38,r3,16, 1064900,"  103fc4:	e6ef3073 	uxtb	r3, r3
",r1,3, 1064900,"  103fc4:	e6ef3073 	uxtb	r3, r3
",r3,20, 1064900,"  103fc4:	e6ef3073 	uxtb	r3, r3
",crash/hangs,-,-,-,-,-,-,-,-,-,-,-,-,-,-,-,-,-,-,-,-,-,-,-,-,-,-,-,-,-,-,-,-,-,-,-,-,-,-,-,-,-,-
39,r0,31, 1080527,"  107ccc:	e51b3008 	ldr	r3, [fp, #-8]
",r2,5, 1080527,"  107ccc:	e51b3008 	ldr	r3, [fp, #-8]
",r0,25, 1080527,"  107ccc:	e51b3008 	ldr	r3, [fp, #-8]
",crash/hangs,-,-,-,-,-,-,-,-,-,-,-,-,-,-,-,-,-,-,-,-,-,-,-,-,-,-,-,-,-,-,-,-,-,-,-,-,-,-,-,-,-,-
40,r3,12, 1070216,"  105488:	e3403011 	movt	r3, #17
",r1,4, 1070216,"  105488:	e3403011 	movt	r3, #17
",r0,20, 1070216,"  105488:	e3403011 	movt	r3, #17
",SDC, 683, 229, 3924, 4, 3020, 878, 1, 324, 504, 14, 240, 44204, 293, 3, 240, 4309, 11221, 418, 14, 31083, 7022, 11633, 0, 0, 26, 3165, 3178, 3914, 34, 0, 0, 19, 23, 146, 4, 45081, 36133, 39699, 1, 0, 0, 316
41,r0,31, 1072069,"  105bc4:	e1a00003 	mov	r0, r3
",r1,14, 1072069,"  105bc4:	e1a00003 	mov	r0, r3
",r1,11, 1072069,"  105bc4:	e1a00003 	mov	r0, r3
",SDC, 908, 354, 3859, 2, 2956, 867, 1, 324, 504, 12, 241, 45659, 293, 3, 240, 3996, 11774, 419, 15, 32389, 7513, 11769, 0, 0, 26, 3189, 3178, 3929, 35, 0, 0, 17, 21, 150, 2, 46059, 37324, 41016, 1, 0, 0, 316
42,r2,30, 1071204,"  105864:	e2800c03 	add	r0, r0, #768	; 0x300
",r3,12, 1071204,"  105864:	e2800c03 	add	r0, r0, #768	; 0x300
",r0,29, 1071204,"  105864:	e2800c03 	add	r0, r0, #768	; 0x300
",SDC, 790, 353, 3847, 4, 2966, 870, 1, 324, 504, 13, 230, 45003, 293, 3, 237, 4747, 11616, 417, 15, 31537, 6930, 11659, 0, 0, 26, 3192, 3181, 3922, 38, 0, 0, 17, 21, 143, 4, 45583, 37050, 40599, 1, 0, 0, 316
43,r3,8, 1071764,"  105a94:	e1a00003 	mov	r0, r3
",r2,21, 1071764,"  105a94:	e1a00003 	mov	r0, r3
",r0,28, 1071764,"  105a94:	e1a00003 	mov	r0, r3
",SDC, 806, 375, 3848, 5, 2964, 869, 1, 324, 503, 13, 236, 45433, 293, 3, 243, 4693, 11621, 501, 15, 32018, 6548, 11677, 0, 0, 26, 3200, 3163, 3917, 36, 0, 0, 17, 21, 216, 8, 45559, 37013, 40770, 2, 0, 0, 317
44,r3,13, 1078377,"  107468:	e2800c03 	add	r0, r0, #768	; 0x300
",r3,7, 1078377,"  107468:	e2800c03 	add	r0, r0, #768	; 0x300
",r2,10, 1078377,"  107468:	e2800c03 	add	r0, r0, #768	; 0x300
",crash/hangs,-,-,-,-,-,-,-,-,-,-,-,-,-,-,-,-,-,-,-,-,-,-,-,-,-,-,-,-,-,-,-,-,-,-,-,-,-,-,-,-,-,-
45,r1,21, 1072296,"  105ca8:	e5932000 	ldr	r2, [r3]
",r2,18, 1072296,"  105ca8:	e5932000 	ldr	r2, [r3]
",r0,25, 1072296,"  105ca8:	e5932000 	ldr	r2, [r3]
",benign, 748, 221, 3843, 4, 2958, 846, 1, 340, 505, 13, 233, 44437, 294, 3, 233, 4132, 11289, 409, 11, 30928, 6694, 11487, 0, 0, 26, 3166, 3152, 3846, 37, 0, 0, 19, 23, 137, 4, 44490, 36274, 39733, 1, 0, 0, 316
46,r0,12, 1071653,"  105a24:	e30b3cc0 	movw	r3, #48320	; 0xbcc0
",r1,1, 1071653,"  105a24:	e30b3cc0 	movw	r3, #48320	; 0xbcc0
",r1,4, 1071653,"  105a24:	e30b3cc0 	movw	r3, #48320	; 0xbcc0
",SDC, 901, 358, 3858, 3, 2967, 870, 1, 324, 503, 12, 233, 45780, 293, 3, 250, 4190, 12215, 410, 14, 32759, 8107, 11779, 0, 0, 26, 3169, 3179, 3928, 35, 0, 0, 17, 21, 125, 2, 46253, 37894, 41448, 2, 0, 0, 317
47,r1,4, 1067289,"  104918:	e30b3cc0 	movw	r3, #48320	; 0xbcc0
",r3,11, 1067289,"  104918:	e30b3cc0 	movw	r3, #48320	; 0xbcc0
",r1,9, 1067289,"  104918:	e30b3cc0 	movw	r3, #48320	; 0xbcc0
",crash/hangs,-,-,-,-,-,-,-,-,-,-,-,-,-,-,-,-,-,-,-,-,-,-,-,-,-,-,-,-,-,-,-,-,-,-,-,-,-,-,-,-,-,-
48,r0,6, 1072786,"  105e90:	e1a03423 	lsr	r3, r3, #8
",r3,18, 1072786,"  105e90:	e1a03423 	lsr	r3, r3, #8
",r2,23, 1072786,"  105e90:	e1a03423 	lsr	r3, r3, #8
",SDC, 857, 223, 3889, 2, 2992, 869, 1, 324, 503, 12, 230, 45595, 293, 3, 236, 4359, 11374, 418, 13, 31879, 7807, 11758, 0, 0, 26, 3183, 3163, 3915, 36, 0, 0, 17, 21, 134, 2, 46048, 37172, 40916, 1, 0, 0, 375
49,r1,30, 1075236,"  106824:	e1a00003 	mov	r0, r3
",r0,6, 1075236,"  106824:	e1a00003 	mov	r0, r3
",r3,21, 1075236,"  106824:	e1a00003 	mov	r0, r3
",crash/hangs,-,-,-,-,-,-,-,-,-,-,-,-,-,-,-,-,-,-,-,-,-,-,-,-,-,-,-,-,-,-,-,-,-,-,-,-,-,-,-,-,-,-
50,r2,0, 1076626,"  106d90:	e2800c01 	add	r0, r0, #256	; 0x100
",r3,18, 1076626,"  106d90:	e2800c01 	add	r0, r0, #256	; 0x100
",r3,8, 1076626,"  106d90:	e2800c01 	add	r0, r0, #256	; 0x100
",crash/hangs,-,-,-,-,-,-,-,-,-,-,-,-,-,-,-,-,-,-,-,-,-,-,-,-,-,-,-,-,-,-,-,-,-,-,-,-,-,-,-,-,-,-
51,r3,19, 1079432,"  107888:	e30c3cc0 	movw	r3, #52416	; 0xccc0
",r0,20, 1079432,"  107888:	e30c3cc0 	movw	r3, #52416	; 0xccc0
",r3,3, 1079432,"  107888:	e30c3cc0 	movw	r3, #52416	; 0xccc0
",crash/hangs,-,-,-,-,-,-,-,-,-,-,-,-,-,-,-,-,-,-,-,-,-,-,-,-,-,-,-,-,-,-,-,-,-,-,-,-,-,-,-,-,-,-
52,r0,21, 1066635,"  104688:	e7933100 	ldr	r3, [r3, r0, lsl #2]
",r1,9, 1066635,"  104688:	e7933100 	ldr	r3, [r3, r0, lsl #2]
",r2,30, 1066635,"  104688:	e7933100 	ldr	r3, [r3, r0, lsl #2]
",SDC, 668, 1189, 3895, 2, 2996, 878, 1, 324, 503, 13, 229, 45852, 293, 3, 237, 4218, 12077, 418, 11, 32188, 8101, 11761, 0, 0, 26, 3174, 3170, 3910, 35, 0, 0, 19, 23, 127, 2, 46078, 37561, 41115, 1, 0, 0, 317
53,r1,22, 1077200,"  106fd0:	e1a01003 	mov	r1, r3
",r0,29, 1077200,"  106fd0:	e1a01003 	mov	r1, r3
",r2,0, 1077200,"  106fd0:	e1a01003 	mov	r1, r3
",crash/hangs,-,-,-,-,-,-,-,-,-,-,-,-,-,-,-,-,-,-,-,-,-,-,-,-,-,-,-,-,-,-,-,-,-,-,-,-,-,-,-,-,-,-
54,r1,26, 1067795,"  104b10:	e51b300c 	ldr	r3, [fp, #-12]
",r3,8, 1067795,"  104b10:	e51b300c 	ldr	r3, [fp, #-12]
",r1,17, 1067795,"  104b10:	e51b300c 	ldr	r3, [fp, #-12]
",SDC, 702, 222, 3892, 2, 3003, 875, 1, 324, 503, 13, 237, 45693, 293, 3, 230, 4610, 11265, 418, 12, 32111, 7932, 11791, 0, 0, 26, 3166, 3188, 3925, 36, 0, 0, 19, 23, 127, 2, 46170, 37444, 40917, 1, 0, 0, 316
55,r0,1, 1073427,"  106110:	e51b3028 	ldr	r3, [fp, #-40]	; 0xffffffd8
",r0,20, 1073427,"  106110:	e51b3028 	ldr	r3, [fp, #-40]	; 0xffffffd8
",r2,30, 1073427,"  106110:	e51b3028 	ldr	r3, [fp, #-40]	; 0xffffffd8
",SDC, 938, 353, 3805, 2, 2929, 844, 1, 339, 504, 12, 223, 45836, 293, 3, 239, 4737, 11282, 409, 15, 32123, 8186, 11627, 0, 0, 26, 3142, 3178, 3850, 36, 0, 0, 19, 23, 127, 2, 45457, 37145, 40671, 1, 0, 0, 316
56,r0,25, 1066669,"  1046ac:	e1a01003 	mov	r1, r3
",r2,3, 1066669,"  1046ac:	e1a01003 	mov	r1, r3
",r0,4, 1066669,"  1046ac:	e1a01003 	mov	r1, r3
",SDC, 740, 362, 3870, 2, 2968, 866, 1, 324, 504, 13, 235, 46136, 293, 3, 246, 4720, 11792, 409, 13, 32603, 8002, 11740, 0, 0, 26, 3196, 3157, 3928, 37, 0, 0, 19, 23, 134, 2, 46534, 38322, 41861, 1, 0, 0, 317
57,r2,8, 1078069,"  107334:	e3403011 	movt	r3, #17
",r2,4, 1078069,"  107334:	e3403011 	movt	r3, #17
",r2,12, 1078069,"  107334:	e3403011 	movt	r3, #17
",crash/hangs,-,-,-,-,-,-,-,-,-,-,-,-,-,-,-,-,-,-,-,-,-,-,-,-,-,-,-,-,-,-,-,-,-,-,-,-,-,-,-,-,-,-
58,r2,9, 1079929,"  107a78:	e51b301c 	ldr	r3, [fp, #-28]	; 0xffffffe4
",r3,13, 1079929,"  107a78:	e51b301c 	ldr	r3, [fp, #-28]	; 0xffffffe4
",r0,23, 1079929,"  107a78:	e51b301c 	ldr	r3, [fp, #-28]	; 0xffffffe4
",crash/hangs,-,-,-,-,-,-,-,-,-,-,-,-,-,-,-,-,-,-,-,-,-,-,-,-,-,-,-,-,-,-,-,-,-,-,-,-,-,-,-,-,-,-
59,r3,29, 1080532,"  107cd4:	e5932000 	ldr	r2, [r3]
",r1,21, 1080532,"  107cd4:	e5932000 	ldr	r2, [r3]
",r1,9, 1080532,"  107cd4:	e5932000 	ldr	r2, [r3]
",crash/hangs,-,-,-,-,-,-,-,-,-,-,-,-,-,-,-,-,-,-,-,-,-,-,-,-,-,-,-,-,-,-,-,-,-,-,-,-,-,-,-,-,-,-
60,r0,7, 1079165,"  10777c:	e5932000 	ldr	r2, [r3]
",r3,23, 1079165,"  10777c:	e5932000 	ldr	r2, [r3]
",r0,30, 1079165,"  10777c:	e5932000 	ldr	r2, [r3]
",crash/hangs,-,-,-,-,-,-,-,-,-,-,-,-,-,-,-,-,-,-,-,-,-,-,-,-,-,-,-,-,-,-,-,-,-,-,-,-,-,-,-,-,-,-
61,r0,1, 1072428,"  105d2c:	e0233001 	eor	r3, r3, r1
",r1,13, 1072428,"  105d2c:	e0233001 	eor	r3, r3, r1
",r1,11, 1072428,"  105d2c:	e0233001 	eor	r3, r3, r1
",SDC, 750, 224, 3889, 4, 2990, 871, 1, 324, 503, 13, 228, 44811, 293, 3, 236, 3999, 11371, 409, 15, 31236, 7027, 11679, 0, 0, 26, 3190, 3174, 3922, 35, 0, 0, 19, 23, 128, 4, 45010, 36437, 40003, 1, 0, 0, 316
62,r0,18, 1082904,"  108618:	e7933100 	ldr	r3, [r3, r0, lsl #2]
",r2,10, 1082904,"  108618:	e7933100 	ldr	r3, [r3, r0, lsl #2]
",r1,22, 1082904,"  108618:	e7933100 	ldr	r3, [r3, r0, lsl #2]
",crash/hangs,-,-,-,-,-,-,-,-,-,-,-,-,-,-,-,-,-,-,-,-,-,-,-,-,-,-,-,-,-,-,-,-,-,-,-,-,-,-,-,-,-,-
63,r3,25, 1080183,"  107b74:	e1a03c23 	lsr	r3, r3, #24
",r0,7, 1080183,"  107b74:	e1a03c23 	lsr	r3, r3, #24
",r0,11, 1080183,"  107b74:	e1a03c23 	lsr	r3, r3, #24
",crash/hangs,-,-,-,-,-,-,-,-,-,-,-,-,-,-,-,-,-,-,-,-,-,-,-,-,-,-,-,-,-,-,-,-,-,-,-,-,-,-,-,-,-,-
64,r0,17, 1071273,"  1058a8:	e1a00003 	mov	r0, r3
",r0,3, 1071273,"  1058a8:	e1a00003 	mov	r0, r3
",r2,30, 1071273,"  1058a8:	e1a00003 	mov	r0, r3
",SDC, 812, 225, 3877, 2, 2999, 876, 1, 324, 504, 13, 239, 45814, 293, 3, 236, 4528, 11438, 419, 10, 32271, 7810, 11741, 0, 0, 26, 3205, 3154, 3924, 36, 0, 0, 19, 24, 127, 2, 45763, 37110, 40828, 1, 0, 0, 317
65,r1,14, 1077284,"  107024:	e0211003 	eor	r1, r1, r3
",r2,11, 1077284,"  107024:	e0211003 	eor	r1, r1, r3
",r3,22, 1077284,"  107024:	e0211003 	eor	r1, r1, r3
",crash/hangs,-,-,-,-,-,-,-,-,-,-,-,-,-,-,-,-,-,-,-,-,-,-,-,-,-,-,-,-,-,-,-,-,-,-,-,-,-,-,-,-,-,-
66,r3,17, 1071991,"  105b74:	e2833064 	add	r3, r3, #100	; 0x64
",r1,9, 1071991,"  105b74:	e2833064 	add	r3, r3, #100	; 0x64
",r1,9, 1071991,"  105b74:	e2833064 	add	r3, r3, #100	; 0x64
",SDC, 837, 233, 3893, 2, 2995, 875, 1, 324, 504, 12, 240, 45546, 293, 3, 243, 4048, 12250, 418, 15, 32455, 7822, 11753, 0, 0, 26, 3171, 3170, 3920, 34, 0, 0, 19, 24, 137, 2, 45844, 37638, 41201, 1, 0, 0, 316
67,r3,23, 1073581,"  1061ac:	e1a03823 	lsr	r3, r3, #16
",r0,16, 1073581,"  1061ac:	e1a03823 	lsr	r3, r3, #16
",r2,15, 1073581,"  1061ac:	e1a03823 	lsr	r3, r3, #16
",SDC, 949, 359, 3829, 2, 2940, 852, 1, 336, 503, 13, 227, 45757, 293, 3, 245, 4538, 11805, 408, 9, 32578, 7963, 11608, 0, 0, 26, 3145, 3200, 3869, 39, 0, 0, 19, 24, 228, 2, 46214, 37487, 41230, 1, 0, 0, 317
68,r3,18, 1076403,"  106cb0:	e0233001 	eor	r3, r3, r1
",r1,0, 1076403,"  106cb0:	e0233001 	eor	r3, r3, r1
",r0,22, 1076403,"  106cb0:	e0233001 	eor	r3, r3, r1
",crash/hangs,-,-,-,-,-,-,-,-,-,-,-,-,-,-,-,-,-,-,-,-,-,-,-,-,-,-,-,-,-,-,-,-,-,-,-,-,-,-,-,-,-,-
69,r0,0, 1071344,"  1058f0:	e1a00003 	mov	r0, r3
",r0,15, 1071344,"  1058f0:	e1a00003 	mov	r0, r3
",r3,7, 1071344,"  1058f0:	e1a00003 	mov	r0, r3
",SDC, 717, 229, 3896, 5, 2999, 876, 1, 324, 504, 12, 230, 44676, 293, 3, 241, 4267, 11451, 724, 10, 31404, 6973, 11606, 0, 0, 26, 3170, 3197, 3920, 36, 0, 0, 17, 21, 228, 7, 45089, 36735, 40276, 2, 0, 0, 317
70,r0,11, 1065454,"  1041ec:	e2823004 	add	r3, r2, #4
",r3,4, 1065454,"  1041ec:	e2823004 	add	r3, r2, #4
",r2,25, 1065454,"  1041ec:	e2823004 	add	r3, r2, #4
",crash/hangs,-,-,-,-,-,-,-,-,-,-,-,-,-,-,-,-,-,-,-,-,-,-,-,-,-,-,-,-,-,-,-,-,-,-,-,-,-,-,-,-,-,-
71,r1,31, 1065794,"  104340:	e3403011 	movt	r3, #17
",r1,4, 1065794,"  104340:	e3403011 	movt	r3, #17
",r2,30, 1065794,"  104340:	e3403011 	movt	r3, #17
",SDC, 637, 222, 3887, 2, 2995, 873, 1, 324, 504, 13, 243, 45622, 293, 3, 232, 4201, 11308, 419, 9, 32058, 7936, 11655, 0, 0, 26, 3142, 3222, 3931, 35, 0, 0, 17, 21, 125, 2, 45986, 37247, 40776, 1, 0, 0, 316
72,r1,31, 1079838,"  107a1c:	e51b3028 	ldr	r3, [fp, #-40]	; 0xffffffd8
",r2,28, 1079838,"  107a1c:	e51b3028 	ldr	r3, [fp, #-40]	; 0xffffffd8
",r1,12, 1079838,"  107a1c:	e51b3028 	ldr	r3, [fp, #-40]	; 0xffffffd8
",crash/hangs,-,-,-,-,-,-,-,-,-,-,-,-,-,-,-,-,-,-,-,-,-,-,-,-,-,-,-,-,-,-,-,-,-,-,-,-,-,-,-,-,-,-
73,r1,1, 1062918,"  103804:	e7933100 	ldr	r3, [r3, r0, lsl #2]
",r1,11, 1062918,"  103804:	e7933100 	ldr	r3, [r3, r0, lsl #2]
",r1,31, 1062918,"  103804:	e7933100 	ldr	r3, [r3, r0, lsl #2]
",crash/hangs,-,-,-,-,-,-,-,-,-,-,-,-,-,-,-,-,-,-,-,-,-,-,-,-,-,-,-,-,-,-,-,-,-,-,-,-,-,-,-,-,-,-
74,r1,31, 1065222,"  104104:	e30f3cc0 	movw	r3, #64704	; 0xfcc0
",r3,7, 1065222,"  104104:	e30f3cc0 	movw	r3, #64704	; 0xfcc0
",r1,6, 1065222,"  104104:	e30f3cc0 	movw	r3, #64704	; 0xfcc0
",crash/hangs,-,-,-,-,-,-,-,-,-,-,-,-,-,-,-,-,-,-,-,-,-,-,-,-,-,-,-,-,-,-,-,-,-,-,-,-,-,-,-,-,-,-
75,r3,22, 1065326,"  10416c:	e2833001 	add	r3, r3, #1
",r0,21, 1065326,"  10416c:	e2833001 	add	r3, r3, #1
",r1,11, 1065326,"  10416c:	e2833001 	add	r3, r3, #1
",crash/hangs,-,-,-,-,-,-,-,-,-,-,-,-,-,-,-,-,-,-,-,-,-,-,-,-,-,-,-,-,-,-,-,-,-,-,-,-,-,-,-,-,-,-
76,r1,11, 1076366,"  106c8c:	e0211003 	eor	r1, r1, r3
",r2,19, 1076366,"  106c8c:	e0211003 	eor	r1, r1, r3
",r3,25, 1076366,"  106c8c:	e0211003 	eor	r1, r1, r3
",crash/hangs,-,-,-,-,-,-,-,-,-,-,-,-,-,-,-,-,-,-,-,-,-,-,-,-,-,-,-,-,-,-,-,-,-,-,-,-,-,-,-,-,-,-
77,r2,7, 1069668,"  105264:	e6ef3073 	uxtb	r3, r3
",r0,12, 1069668,"  105264:	e6ef3073 	uxtb	r3, r3
",r2,12, 1069668,"  105264:	e6ef3073 	uxtb	r3, r3
",SDC, 666, 232, 3880, 4, 2990, 872, 1, 324, 503, 12, 231, 44233, 293, 3, 231, 4237, 11530, 408, 9, 30735, 6685, 11568, 0, 0, 26, 3179, 3163, 3940, 37, 0, 0, 19, 24, 128, 4, 44930, 36334, 39828, 1, 0, 0, 316
78,r0,19, 1065414,"  1041c4:	e5832000 	str	r2, [r3]
",r0,16, 1065414,"  1041c4:	e5832000 	str	r2, [r3]
",r2,11, 1065414,"  1041c4:	e5832000 	str	r2, [r3]
",crash/hangs,-,-,-,-,-,-,-,-,-,-,-,-,-,-,-,-,-,-,-,-,-,-,-,-,-,-,-,-,-,-,-,-,-,-,-,-,-,-,-,-,-,-
79,r0,26, 1066522,"  104618:	e30b3cc0 	movw	r3, #48320	; 0xbcc0
",r1,11, 1066522,"  104618:	e30b3cc0 	movw	r3, #48320	; 0xbcc0
",r0,29, 1066522,"  104618:	e30b3cc0 	movw	r3, #48320	; 0xbcc0
",SDC, 669, 230, 3881, 3, 2988, 871, 1, 324, 504, 12, 239, 45982, 293, 3, 242, 4488, 11588, 410, 10, 32486, 7951, 11740, 0, 0, 26, 3199, 3162, 3917, 34, 0, 0, 17, 22, 146, 6, 46186, 37565, 41058, 2, 0, 0, 316
80,r1,0, 1077694,"  1071bc:	e3403011 	movt	r3, #17
",r1,8, 1077694,"  1071bc:	e3403011 	movt	r3, #17
",r0,3, 1077694,"  1071bc:	e3403011 	movt	r3, #17
",crash/hangs,-,-,-,-,-,-,-,-,-,-,-,-,-,-,-,-,-,-,-,-,-,-,-,-,-,-,-,-,-,-,-,-,-,-,-,-,-,-,-,-,-,-
81,r3,9, 1066697,"  1046c8:	e1a00003 	mov	r0, r3
",r0,1, 1066697,"  1046c8:	e1a00003 	mov	r0, r3
",r2,12, 1066697,"  1046c8:	e1a00003 	mov	r0, r3
",SDC, 669, 228, 3909, 3, 3023, 880, 1, 325, 504, 13, 248, 46179, 293, 3, 237, 4373, 11535, 494, 19, 32743, 8077, 11814, 0, 0, 26, 3197, 3149, 3913, 34, 0, 0, 19, 23, 211, 4, 46501, 38037, 41630, 2, 0, 0, 316
82,r2,12, 1068376,"  104d58:	e1a03423 	lsr	r3, r3, #8
",r2,21, 1068376,"  104d58:	e1a03423 	lsr	r3, r3, #8
",r1,15, 1068376,"  104d58:	e1a03423 	lsr	r3, r3, #8
",SDC, 700, 351, 3850, 4, 2965, 870, 1, 324, 503, 13, 226, 43904, 293, 3, 239, 4711, 10814, 409, 16, 30683, 6925, 11631, 0, 0, 26, 3185, 3172, 3926, 36, 0, 0, 19, 23, 128, 4, 44807, 36204, 39787, 1, 0, 0, 316
83,r1,10, 1071283,"  1058b0:	e3403011 	movt	r3, #17
",r1,10, 1071283,"  1058b0:	e3403011 	movt	r3, #17
",r2,1, 1071283,"  1058b0:	e3403011 	movt	r3, #17
",SDC, 877, 342, 3869, 2, 2961, 864, 1, 324, 503, 13, 236, 46092, 293, 3, 238, 4440, 11992, 418, 13, 32668, 8016, 11727, 0, 0, 26, 3165, 3193, 3928, 37, 0, 0, 19, 23, 173, 2, 46542, 37420, 41176, 1, 0, 0, 316
84,r3,7, 1077947,"  1072b8:	e2833018 	add	r3, r3, #24
",r0,30, 1077947,"  1072b8:	e2833018 	add	r3, r3, #24
",r1,1, 1077947,"  1072b8:	e2833018 	add	r3, r3, #24
",crash/hangs,-,-,-,-,-,-,-,-,-,-,-,-,-,-,-,-,-,-,-,-,-,-,-,-,-,-,-,-,-,-,-,-,-,-,-,-,-,-,-,-,-,-
85,r1,5, 1068522,"  104de8:	e7931101 	ldr	r1, [r3, r1, lsl #2]
",r2,2, 1068522,"  104de8:	e7931101 	ldr	r1, [r3, r1, lsl #2]
",r1,9, 1068522,"  104de8:	e7931101 	ldr	r1, [r3, r1, lsl #2]
",SDC, 726, 224, 3893, 3, 2994, 872, 1, 324, 504, 13, 236, 45925, 293, 3, 236, 4334, 11576, 516, 13, 31858, 7741, 11749, 0, 0, 26, 3180, 3162, 3921, 36, 0, 0, 17, 21, 215, 6, 45974, 37825, 41487, 2, 0, 0, 316
86,r3,23, 1078027,"  107308:	e1a00003 	mov	r0, r3
",r0,6, 1078027,"  107308:	e1a00003 	mov	r0, r3
",r1,21, 1078027,"  107308:	e1a00003 	mov	r0, r3
",crash/hangs,-,-,-,-,-,-,-,-,-,-,-,-,-,-,-,-,-,-,-,-,-,-,-,-,-,-,-,-,-,-,-,-,-,-,-,-,-,-,-,-,-,-
87,r3,10, 1076676,"  106dc4:	e1a03c23 	lsr	r3, r3, #24
",r2,1, 1076676,"  106dc4:	e1a03c23 	lsr	r3, r3, #24
",r0,12, 1076676,"  106dc4:	e1a03c23 	lsr	r3, r3, #24
",crash/hangs,-,-,-,-,-,-,-,-,-,-,-,-,-,-,-,-,-,-,-,-,-,-,-,-,-,-,-,-,-,-,-,-,-,-,-,-,-,-,-,-,-,-
88,r3,4, 1063252,"  103954:	e1a03823 	lsr	r3, r3, #16
",r2,29, 1063252,"  103954:	e1a03823 	lsr	r3, r3, #16
",r0,0, 1063252,"  103954:	e1a03823 	lsr	r3, r3, #16
",crash/hangs,-,-,-,-,-,-,-,-,-,-,-,-,-,-,-,-,-,-,-,-,-,-,-,-,-,-,-,-,-,-,-,-,-,-,-,-,-,-,-,-,-,-
89,r2,13, 1069133,"  10504c:	e51b300c 	ldr	r3, [fp, #-12]
",r0,3, 1069133,"  10504c:	e51b300c 	ldr	r3, [fp, #-12]
",r0,4, 1069133,"  10504c:	e51b300c 	ldr	r3, [fp, #-12]
",SDC, 749, 233, 3865, 2, 2992, 877, 1, 324, 503, 13, 233, 46026, 293, 3, 241, 4185, 11937, 463, 17, 32792, 7781, 11776, 0, 0, 26, 3156, 3188, 3924, 36, 0, 0, 19, 23, 137, 2, 46606, 37879, 41469, 1, 0, 0, 316
90,r3,10, 1074530,"  106560:	e51b3008 	ldr	r3, [fp, #-8]
",r3,28, 1074530,"  106560:	e51b3008 	ldr	r3, [fp, #-8]
",r3,18, 1074530,"  106560:	e51b3008 	ldr	r3, [fp, #-8]
",crash/hangs,-,-,-,-,-,-,-,-,-,-,-,-,-,-,-,-,-,-,-,-,-,-,-,-,-,-,-,-,-,-,-,-,-,-,-,-,-,-,-,-,-,-
91,r2,23, 1073606,"  1061c4:	e7933100 	ldr	r3, [r3, r0, lsl #2]
",r1,31, 1073606,"  1061c4:	e7933100 	ldr	r3, [r3, r0, lsl #2]
",r3,17, 1073606,"  1061c4:	e7933100 	ldr	r3, [r3, r0, lsl #2]
",SDC, 887, 227, 3849, 2, 2973, 859, 1, 336, 504, 12, 242, 45439, 293, 3, 240, 4417, 11654, 408, 10, 32543, 7555, 11649, 0, 0, 26, 3178, 3144, 3864, 35, 0, 0, 19, 23, 138, 2, 46087, 37690, 41274, 1, 0, 0, 316
92,r0,23, 1079075,"  107720:	e0211003 	eor	r1, r1, r3
",r0,0, 1079075,"  107720:	e0211003 	eor	r1, r1, r3
",r3,7, 1079075,"  107720:	e0211003 	eor	r1, r1, r3
",crash/hangs,-,-,-,-,-,-,-,-,-,-,-,-,-,-,-,-,-,-,-,-,-,-,-,-,-,-,-,-,-,-,-,-,-,-,-,-,-,-,-,-,-,-
93,r0,26, 1069443,"  105180:	e1a03423 	lsr	r3, r3, #8
",r2,4, 1069443,"  105180:	e1a03423 	lsr	r3, r3, #8
",r0,16, 1069443,"  105180:	e1a03423 	lsr	r3, r3, #8
",SDC, 760, 233, 3876, 2, 2996, 874, 1, 324, 504, 12, 237, 45696, 293, 3, 245, 4633, 12007, 409, 10, 32747, 8102, 11724, 0, 0, 26, 3179, 3172, 3920, 35, 0, 0, 19, 23, 138, 2, 46233, 37358, 40936, 1, 0, 0, 316
94,r2,30, 1080919,"  107e54:	e30c3cc0 	movw	r3, #52416	; 0xccc0
",r0,2, 1080919,"  107e54:	e30c3cc0 	movw	r3, #52416	; 0xccc0
",r3,10, 1080919,"  107e54:	e30c3cc0 	movw	r3, #52416	; 0xccc0
",crash/hangs,-,-,-,-,-,-,-,-,-,-,-,-,-,-,-,-,-,-,-,-,-,-,-,-,-,-,-,-,-,-,-,-,-,-,-,-,-,-,-,-,-,-
95,r0,28, 1066496,"  104600:	e51b3008 	ldr	r3, [fp, #-8]
",r1,29, 1066496,"  104600:	e51b3008 	ldr	r3, [fp, #-8]
",r2,24, 1066496,"  104600:	e51b3008 	ldr	r3, [fp, #-8]
",benign, 568, 226, 3838, 4, 2959, 846, 1, 340, 505, 12, 223, 44873, 294, 3, 239, 4833, 11707, 418, 13, 31897, 7383, 11511, 0, 0, 26, 3143, 3189, 3853, 37, 0, 0, 17, 21, 125, 4, 45531, 37120, 40691, 1, 0, 0, 317
96,r3,17, 1079782,"  1079e4:	e6ef3073 	uxtb	r3, r3
",r3,14, 1079782,"  1079e4:	e6ef3073 	uxtb	r3, r3
",r2,1, 1079782,"  1079e4:	e6ef3073 	uxtb	r3, r3
",crash/hangs,-,-,-,-,-,-,-,-,-,-,-,-,-,-,-,-,-,-,-,-,-,-,-,-,-,-,-,-,-,-,-,-,-,-,-,-,-,-,-,-,-,-
97,r0,10, 1081987,"  108280:	e3403011 	movt	r3, #17
",r0,14, 1081987,"  108280:	e3403011 	movt	r3, #17
",r0,8, 1081987,"  108280:	e3403011 	movt	r3, #17
",crash/hangs,-,-,-,-,-,-,-,-,-,-,-,-,-,-,-,-,-,-,-,-,-,-,-,-,-,-,-,-,-,-,-,-,-,-,-,-,-,-,-,-,-,-
98,r2,17, 1082954,"  108648:	e50b3020 	str	r3, [fp, #-32]	; 0xffffffe0
",r1,21, 1082954,"  108648:	e50b3020 	str	r3, [fp, #-32]	; 0xffffffe0
",r2,24, 1082954,"  108648:	e50b3020 	str	r3, [fp, #-32]	; 0xffffffe0
",crash/hangs,-,-,-,-,-,-,-,-,-,-,-,-,-,-,-,-,-,-,-,-,-,-,-,-,-,-,-,-,-,-,-,-,-,-,-,-,-,-,-,-,-,-
99,r0,0, 1073256,"  106068:	e3403011 	movt	r3, #17
",r1,30, 1073256,"  106068:	e3403011 	movt	r3, #17
",r1,25, 1073256,"  106068:	e3403011 	movt	r3, #17
",SDC, 778, 223, 3854, 4, 2971, 853, 1, 336, 504, 13, 234, 45055, 293, 3, 235, 4771, 11635, 418, 15, 31556, 7007, 11588, 0, 0, 26, 3156, 3177, 3855, 35, 0, 0, 17, 21, 135, 4, 45572, 36877, 40440, 1, 0, 0, 317
100,r1,12, 1076380,"  106c9c:	e1a00003 	mov	r0, r3
",r1,30, 1076380,"  106c9c:	e1a00003 	mov	r0, r3
",r1,9, 1076380,"  106c9c:	e1a00003 	mov	r0, r3
",crash/hangs,-,-,-,-,-,-,-,-,-,-,-,-,-,-,-,-,-,-,-,-,-,-,-,-,-,-,-,-,-,-,-,-,-,-,-,-,-,-,-,-,-,-
101,r0,22, 1076458,"  106ce8:	e6ef3073 	uxtb	r3, r3
",r1,19, 1076458,"  106ce8:	e6ef3073 	uxtb	r3, r3
",r3,8, 1076458,"  106ce8:	e6ef3073 	uxtb	r3, r3
",crash/hangs,-,-,-,-,-,-,-,-,-,-,-,-,-,-,-,-,-,-,-,-,-,-,-,-,-,-,-,-,-,-,-,-,-,-,-,-,-,-,-,-,-,-
102,r1,24, 1077269,"  107014:	e30c3cc0 	movw	r3, #52416	; 0xccc0
",r2,26, 1077269,"  107014:	e30c3cc0 	movw	r3, #52416	; 0xccc0
",r3,24, 1077269,"  107014:	e30c3cc0 	movw	r3, #52416	; 0xccc0
",crash/hangs,-,-,-,-,-,-,-,-,-,-,-,-,-,-,-,-,-,-,-,-,-,-,-,-,-,-,-,-,-,-,-,-,-,-,-,-,-,-,-,-,-,-
103,r3,3, 1070615,"  105614:	e50b301c 	str	r3, [fp, #-28]	; 0xffffffe4
",r1,6, 1070615,"  105614:	e50b301c 	str	r3, [fp, #-28]	; 0xffffffe4
",r0,27, 1070615,"  105614:	e50b301c 	str	r3, [fp, #-28]	; 0xffffffe4
",SDC, 790, 232, 3889, 2, 2998, 873, 1, 324, 504, 12, 235, 45950, 293, 3, 244, 4355, 11954, 408, 15, 32632, 7745, 11775, 0, 0, 26, 3173, 3194, 3927, 37, 0, 0, 19, 24, 138, 2, 46260, 37952, 41722, 1, 0, 0, 316
104,r1,10, 1079176,"  107788:	e1a01003 	mov	r1, r3
",r1,17, 1079176,"  107788:	e1a01003 	mov	r1, r3
",r3,24, 1079176,"  107788:	e1a01003 	mov	r1, r3
",crash/hangs,-,-,-,-,-,-,-,-,-,-,-,-,-,-,-,-,-,-,-,-,-,-,-,-,-,-,-,-,-,-,-,-,-,-,-,-,-,-,-,-,-,-
105,r0,31, 1067533,"  104a0c:	e6ef3073 	uxtb	r3, r3
",r3,31, 1067533,"  104a0c:	e6ef3073 	uxtb	r3, r3
",r1,7, 1067533,"  104a0c:	e6ef3073 	uxtb	r3, r3
",SDC, 696, 235, 3893, 2, 2998, 871, 1, 324, 503, 13, 239, 46225, 293, 3, 248, 3779, 12759, 408, 14, 32908, 7507, 11750, 0, 0, 26, 3164, 3195, 3923, 38, 0, 0, 19, 23, 137, 2, 46754, 38173, 41757, 1, 0, 0, 316
106,r2,6, 1069050,"  104ff8:	e0211003 	eor	r1, r1, r3
",r1,25, 1069050,"  104ff8:	e0211003 	eor	r1, r1, r3
",r2,22, 1069050,"  104ff8:	e0211003 	eor	r1, r1, r3
",SDC, 820, 353, 3862, 2, 2960, 870, 1, 324, 504, 13, 243, 45525, 293, 3, 234, 4631, 11367, 410, 15, 32338, 7837, 11738, 0, 0, 26, 3170, 3193, 3931, 35, 0, 0, 19, 23, 127, 2, 45920, 37374, 41087, 1, 0, 0, 317
107,r1,18, 1075087,"  10678c:	e1a00003 	mov	r0, r3
",r2,9, 1075087,"  10678c:	e1a00003 	mov	r0, r3
",r0,27, 1075087,"  10678c:	e1a00003 	mov	r0, r3
",crash/hangs,-,-,-,-,-,-,-,-,-,-,-,-,-,-,-,-,-,-,-,-,-,-,-,-,-,-,-,-,-,-,-,-,-,-,-,-,-,-,-,-,-,-
108,r2,5, 1080114,"  107b30:	e6ef3073 	uxtb	r3, r3
",r2,8, 1080114,"  107b30:	e6ef3073 	uxtb	r3, r3
",r2,3, 1080114,"  107b30:	e6ef3073 	uxtb	r3, r3
",crash/hangs,-,-,-,-,-,-,-,-,-,-,-,-,-,-,-,-,-,-,-,-,-,-,-,-,-,-,-,-,-,-,-,-,-,-,-,-,-,-,-,-,-,-
109,r1,6, 1070471,"  105584:	e283303c 	add	r3, r3, #60	; 0x3c
",r0,21, 1070471,"  105584:	e283303c 	add	r3, r3, #60	; 0x3c
",r1,0, 1070471,"  105584:	e283303c 	add	r3, r3, #60	; 0x3c
",benign, 781, 227, 3822, 2, 2958, 850, 1, 340, 505, 13, 227, 45760, 294, 3, 237, 5034, 11506, 408, 15, 33074, 8209, 11650, 0, 0, 26, 3147, 3164, 3823, 34, 0, 0, 17, 21, 136, 2, 46053, 37839, 41534, 1, 0, 0, 316
110,r2,19, 1067420,"  10499c:	e283300c 	add	r3, r3, #12
",r3,4, 1067420,"  10499c:	e283300c 	add	r3, r3, #12
",r3,3, 1067420,"  10499c:	e283300c 	add	r3, r3, #12
",SDC, 676, 349, 3850, 5, 2966, 870, 1, 324, 503, 12, 234, 44562, 293, 3, 232, 4371, 11214, 508, 11, 31198, 6970, 11644, 0, 0, 26, 3184, 3183, 3934, 37, 0, 0, 19, 23, 217, 7, 44793, 36245, 39778, 2, 0, 0, 317
111,r3,13, 1068729,"  104eb8:	e30b3cc0 	movw	r3, #48320	; 0xbcc0
",r0,19, 1068729,"  104eb8:	e30b3cc0 	movw	r3, #48320	; 0xbcc0
",r0,30, 1068729,"  104eb8:	e30b3cc0 	movw	r3, #48320	; 0xbcc0
",SDC, 803, 353, 3849, 2, 2962, 872, 1, 324, 504, 13, 237, 45823, 293, 3, 244, 3932, 11963, 408, 14, 32449, 7742, 11743, 0, 0, 26, 3214, 3267, 3919, 37, 0, 0, 17, 22, 126, 2, 46382, 37639, 41319, 1, 0, 0, 317
112,r0,11, 1071233,"  105880:	e5932000 	ldr	r2, [r3]
",r1,21, 1071233,"  105880:	e5932000 	ldr	r2, [r3]
",r3,31, 1071233,"  105880:	e5932000 	ldr	r2, [r3]
",SDC, 878, 350, 3864, 2, 2960, 868, 1, 324, 504, 14, 234, 45147, 293, 3, 235, 4507, 10707, 410, 14, 32053, 7641, 11747, 0, 0, 26, 3176, 3179, 3910, 34, 0, 0, 17, 21, 126, 2, 45269, 36872, 40432, 1, 0, 0, 375
113,r1,13, 1066744,"  1046f8:	e2800c02 	add	r0, r0, #512	; 0x200
",r3,11, 1066744,"  1046f8:	e2800c02 	add	r0, r0, #512	; 0x200
",r0,16, 1066744,"  1046f8:	e2800c02 	add	r0, r0, #512	; 0x200
",crash/hangs,-,-,-,-,-,-,-,-,-,-,-,-,-,-,-,-,-,-,-,-,-,-,-,-,-,-,-,-,-,-,-,-,-,-,-,-,-,-,-,-,-,-
114,r3,13, 1069359,"  10512c:	e51b3010 	ldr	r3, [fp, #-16]
",r1,8, 1069359,"  10512c:	e51b3010 	ldr	r3, [fp, #-16]
",r1,24, 1069359,"  10512c:	e51b3010 	ldr	r3, [fp, #-16]
",SDC, 749, 227, 3888, 2, 2993, 872, 1, 324, 504, 12, 229, 45294, 293, 3, 237, 4440, 11642, 419, 13, 32340, 8009, 11746, 0, 0, 26, 3182, 3170, 3928, 35, 0, 0, 19, 23, 137, 2, 45772, 37393, 40947, 1, 0, 0, 316
115,r3,1, 1074154,"  1063e8:	e1a03423 	lsr	r3, r3, #8
",r0,7, 1074154,"  1063e8:	e1a03423 	lsr	r3, r3, #8
",r0,18, 1074154,"  1063e8:	e1a03423 	lsr	r3, r3, #8
",SDC, 967, 345, 3798, 2, 2933, 846, 1, 339, 503, 13, 223, 45188, 293, 3, 233, 4899, 11268, 410, 9, 32060, 8335, 11534, 0, 0, 26, 3139, 3179, 3851, 37, 0, 0, 17, 22, 135, 2, 46187, 36867, 40423, 1, 0, 0, 316
116,r0,4, 1064582,"  103e84:	e51b300c 	ldr	r3, [fp, #-12]
",r3,20, 1064582,"  103e84:	e51b300c 	ldr	r3, [fp, #-12]
",r0,7, 1064582,"  103e84:	e51b300c 	ldr	r3, [fp, #-12]
",crash/hangs,-,-,-,-,-,-,-,-,-,-,-,-,-,-,-,-,-,-,-,-,-,-,-,-,-,-,-,-,-,-,-,-,-,-,-,-,-,-,-,-,-,-
117,r1,7, 1073346,"  1060c0:	e0233002 	eor	r3, r3, r2
",r1,19, 1073346,"  1060c0:	e0233002 	eor	r3, r3, r2
",r0,2, 1073346,"  1060c0:	e0233002 	eor	r3, r3, r2
",benign, 870, 228, 3833, 2, 2956, 848, 1, 340, 505, 12, 221, 45922, 294, 3, 243, 4391, 11763, 408, 11, 32944, 8301, 11629, 0, 0, 26, 3159, 3167, 3831, 36, 0, 0, 17, 22, 125, 2, 46394, 37839, 41335, 1, 0, 0, 316
118,r0,18, 1082731,"  108568:	e1a03823 	lsr	r3, r3, #16
",r0,5, 1082731,"  108568:	e1a03823 	lsr	r3, r3, #16
",r0,8, 1082731,"  108568:	e1a03823 	lsr	r3, r3, #16
",crash/hangs,-,-,-,-,-,-,-,-,-,-,-,-,-,-,-,-,-,-,-,-,-,-,-,-,-,-,-,-,-,-,-,-,-,-,-,-,-,-,-,-,-,-
119,r3,28, 1073434,"  106118:	e6ef3073 	uxtb	r3, r3
",r1,0, 1073434,"  106118:	e6ef3073 	uxtb	r3, r3
",r1,15, 1073434,"  106118:	e6ef3073 	uxtb	r3, r3
",SDC, 877, 227, 3853, 2, 2978, 859, 1, 336, 504, 13, 240, 45747, 293, 3, 238, 4296, 11856, 418, 14, 32499, 7296, 11661, 0, 0, 26, 3169, 3170, 3872, 37, 0, 0, 19, 23, 127, 2, 45788, 37354, 41104, 1, 0, 0, 373
120,r2,12, 1075294,"  10685c:	e0211003 	eor	r1, r1, r3
",r1,12, 1075294,"  10685c:	e0211003 	eor	r1, r1, r3
",r0,18, 1075294,"  10685c:	e0211003 	eor	r1, r1, r3
",crash/hangs,-,-,-,-,-,-,-,-,-,-,-,-,-,-,-,-,-,-,-,-,-,-,-,-,-,-,-,-,-,-,-,-,-,-,-,-,-,-,-,-,-,-
121,r3,13, 1073182,"  10601c:	e2800c03 	add	r0, r0, #768	; 0x300
",r3,24, 1073182,"  10601c:	e2800c03 	add	r0, r0, #768	; 0x300
",r1,7, 1073182,"  10601c:	e2800c03 	add	r0, r0, #768	; 0x300
",crash/hangs,-,-,-,-,-,-,-,-,-,-,-,-,-,-,-,-,-,-,-,-,-,-,-,-,-,-,-,-,-,-,-,-,-,-,-,-,-,-,-,-,-,-
122,r1,12, 1068335,"  104d2c:	e50b3018 	str	r3, [fp, #-24]	; 0xffffffe8
",r2,28, 1068335,"  104d2c:	e50b3018 	str	r3, [fp, #-24]	; 0xffffffe8
",r0,1, 1068335,"  104d2c:	e50b3018 	str	r3, [fp, #-24]	; 0xffffffe8
",benign, 721, 226, 3837, 2, 2962, 850, 1, 340, 505, 13, 222, 46028, 294, 3, 237, 4242, 12108, 419, 14, 32626, 8273, 11627, 0, 0, 26, 3149, 3185, 3846, 39, 0, 0, 17, 22, 126, 2, 46421, 37899, 41661, 1, 0, 0, 316
123,r1,11, 1080669,"  107d5c:	e0233002 	eor	r3, r3, r2
",r0,9, 1080669,"  107d5c:	e0233002 	eor	r3, r3, r2
",r0,6, 1080669,"  107d5c:	e0233002 	eor	r3, r3, r2
",crash/hangs,-,-,-,-,-,-,-,-,-,-,-,-,-,-,-,-,-,-,-,-,-,-,-,-,-,-,-,-,-,-,-,-,-,-,-,-,-,-,-,-,-,-
124,r1,27, 1064157,"  103cdc:	e30d3cc0 	movw	r3, #56512	; 0xdcc0
",r0,6, 1064157,"  103cdc:	e30d3cc0 	movw	r3, #56512	; 0xdcc0
",r0,2, 1064157,"  103cdc:	e30d3cc0 	movw	r3, #56512	; 0xdcc0
",crash/hangs,-,-,-,-,-,-,-,-,-,-,-,-,-,-,-,-,-,-,-,-,-,-,-,-,-,-,-,-,-,-,-,-,-,-,-,-,-,-,-,-,-,-
0,r0,0, 1064109,"  103cac:	e1a00003 	mov	r0, r3
",r2,6, 1064109,"  103cac:	e1a00003 	mov	r0, r3
",r3,17, 1064109,"  103cac:	e1a00003 	mov	r0, r3
",SDC, 620, 221, 3828, 2, 2948, 874, 1, 324, 504, 13, 234, 45288, 293, 3, 233, 4324, 11161, 606, 14, 32114, 8088, 11699, 0, 0, 26, 3187, 3147, 3904, 36, 0, 0, 19, 23, 137, 2, 45565, 36964, 40474, 1, 0, 0, 316
1,r2,23, 1079147,"  107768:	e0233001 	eor	r3, r3, r1
",r1,29, 1079147,"  107768:	e0233001 	eor	r3, r3, r1
",r3,17, 1079147,"  107768:	e0233001 	eor	r3, r3, r1
",crash/hangs,-,-,-,-,-,-,-,-,-,-,-,-,-,-,-,-,-,-,-,-,-,-,-,-,-,-,-,-,-,-,-,-,-,-,-,-,-,-,-,-,-,-
2,r2,1, 1065925,"  1043c4:	e51b3020 	ldr	r3, [fp, #-32]	; 0xffffffe0
",r3,13, 1065925,"  1043c4:	e51b3020 	ldr	r3, [fp, #-32]	; 0xffffffe0
",r3,23, 1065925,"  1043c4:	e51b3020 	ldr	r3, [fp, #-32]	; 0xffffffe0
",SDC, 649, 228, 3879, 2, 3001, 875, 1, 324, 504, 13, 241, 45445, 293, 3, 243, 4483, 11556, 409, 14, 32620, 7550, 11741, 0, 0, 26, 3146, 3200, 3925, 34, 0, 0, 19, 23, 128, 2, 45975, 37358, 40900, 1, 0, 0, 317
3,r0,9, 1073650,"  1061f0:	e0233002 	eor	r3, r3, r2
",r2,7, 1073650,"  1061f0:	e0233002 	eor	r3, r3, r2
",r3,29, 1073650,"  1061f0:	e0233002 	eor	r3, r3, r2
",SDC, 951, 356, 3816, 2, 2931, 843, 1, 338, 504, 12, 234, 45194, 293, 3, 239, 4678, 11073, 418, 12, 31841, 7729, 11620, 0, 0, 26, 3161, 3164, 3857, 36, 0, 0, 17, 21, 125, 2, 45762, 37359, 41078, 1, 0, 0, 316
4,r3,14, 1065650,"  1042b0:	e50b3020 	str	r3, [fp, #-32]	; 0xffffffe0
",r2,2, 1065650,"  1042b0:	e50b3020 	str	r3, [fp, #-32]	; 0xffffffe0
",r2,26, 1065650,"  1042b0:	e50b3020 	str	r3, [fp, #-32]	; 0xffffffe0
",SDC, 709, 349, 3854, 2, 2950, 866, 1, 324, 504, 13, 234, 45210, 293, 3, 232, 4345, 11416, 409, 13, 32206, 7805, 11767, 0, 0, 26, 3174, 3179, 3958, 36, 0, 0, 17, 21, 135, 2, 46048, 37356, 41060, 1, 0, 0, 317
5,r0,26, 1063253,"  103954:	e1a03823 	lsr	r3, r3, #16
",r2,24, 1063253,"  103954:	e1a03823 	lsr	r3, r3, #16
",r3,10, 1063253,"  103954:	e1a03823 	lsr	r3, r3, #16
",crash/hangs,-,-,-,-,-,-,-,-,-,-,-,-,-,-,-,-,-,-,-,-,-,-,-,-,-,-,-,-,-,-,-,-,-,-,-,-,-,-,-,-,-,-
6,r0,13, 1070254,"  1054ac:	e3403011 	movt	r3, #17
",r3,11, 1070254,"  1054ac:	e3403011 	movt	r3, #17
",r0,7, 1070254,"  1054ac:	e3403011 	movt	r3, #17
",SDC, 786, 228, 3880, 3, 2999, 876, 1, 324, 504, 12, 236, 45922, 293, 3, 236, 4447, 11449, 496, 15, 32295, 7797, 11759, 0, 0, 26, 3152, 3184, 3919, 37, 0, 0, 17, 21, 202, 4, 46123, 37573, 41145, 2, 0, 0, 316
7,r3,16, 1081347,"  108000:	e2800c01 	add	r0, r0, #256	; 0x100
",r1,29, 1081347,"  108000:	e2800c01 	add	r0, r0, #256	; 0x100
",r0,19, 1081347,"  108000:	e2800c01 	add	r0, r0, #256	; 0x100
",crash/hangs,-,-,-,-,-,-,-,-,-,-,-,-,-,-,-,-,-,-,-,-,-,-,-,-,-,-,-,-,-,-,-,-,-,-,-,-,-,-,-,-,-,-
8,r2,24, 1072205,"  105c4c:	e0211003 	eor	r1, r1, r3
",r0,4, 1072205,"  105c4c:	e0211003 	eor	r1, r1, r3
",r3,30, 1072205,"  105c4c:	e0211003 	eor	r1, r1, r3
",SDC, 841, 227, 3879, 2, 3001, 875, 1, 324, 503, 13, 234, 45980, 293, 3, 239, 4467, 11652, 417, 14, 32386, 7993, 11793, 0, 0, 26, 3178, 3181, 3924, 38, 0, 0, 19, 24, 127, 2, 46405, 37354, 40954, 1, 0, 0, 317
9,r1,5, 1081277,"  107fbc:	e0233002 	eor	r3, r3, r2
",r3,5, 1081277,"  107fbc:	e0233002 	eor	r3, r3, r2
",r3,24, 1081277,"  107fbc:	e0233002 	eor	r3, r3, r2
",crash/hangs,-,-,-,-,-,-,-,-,-,-,-,-,-,-,-,-,-,-,-,-,-,-,-,-,-,-,-,-,-,-,-,-,-,-,-,-,-,-,-,-,-,-
10,r0,29, 1075227,"  106818:	e51b300c 	ldr	r3, [fp, #-12]
",r2,14, 1075227,"  106818:	e51b300c 	ldr	r3, [fp, #-12]
",r1,30, 1075227,"  106818:	e51b300c 	ldr	r3, [fp, #-12]
",crash/hangs,-,-,-,-,-,-,-,-,-,-,-,-,-,-,-,-,-,-,-,-,-,-,-,-,-,-,-,-,-,-,-,-,-,-,-,-,-,-,-,-,-,-
11,r0,2, 1077749,"  1071f4:	e1a03c23 	lsr	r3, r3, #24
",r2,6, 1077749,"  1071f4:	e1a03c23 	lsr	r3, r3, #24
",r2,0, 1077749,"  1071f4:	e1a03c23 	lsr	r3, r3, #24
",crash/hangs,-,-,-,-,-,-,-,-,-,-,-,-,-,-,-,-,-,-,-,-,-,-,-,-,-,-,-,-,-,-,-,-,-,-,-,-,-,-,-,-,-,-
12,r0,7, 1078122,"  107368:	e3403011 	movt	r3, #17
",r3,30, 1078122,"  107368:	e3403011 	movt	r3, #17
",r3,6, 1078122,"  107368:	e3403011 	movt	r3, #17
",crash/hangs,-,-,-,-,-,-,-,-,-,-,-,-,-,-,-,-,-,-,-,-,-,-,-,-,-,-,-,-,-,-,-,-,-,-,-,-,-,-,-,-,-,-
13,r2,25, 1068296,"  104d08:	e1a03c23 	lsr	r3, r3, #24
",r0,5, 1068296,"  104d08:	e1a03c23 	lsr	r3, r3, #24
",r1,23, 1068296,"  104d08:	e1a03c23 	lsr	r3, r3, #24
",SDC, 623, 226, 3890, 4, 2992, 871, 1, 324, 504, 13, 236, 44798, 293, 3, 239, 4297, 11413, 427, 12, 31199, 7082, 11696, 0, 0, 26, 3166, 3184, 3927, 37, 0, 0, 17, 21, 125, 4, 45141, 36596, 40141, 1, 0, 0, 316
14,r3,27, 1064289,"  103d60:	e51b3008 	ldr	r3, [fp, #-8]
",r3,9, 1064289,"  103d60:	e51b3008 	ldr	r3, [fp, #-8]
",r3,4, 1064289,"  103d60:	e51b3008 	ldr	r3, [fp, #-8]
",benign, 713, 348, 3782, 2, 2912, 849, 1, 340, 505, 12, 222, 44914, 294, 3, 238, 4575, 11042, 409, 15, 31774, 7814, 11637, 0, 0, 26, 3169, 3133, 3821, 34, 0, 0, 17, 21, 351, 2, 45370, 37103, 40821, 1, 0, 0, 316
15,r0,10, 1081221,"  107f84:	e30c3cc0 	movw	r3, #52416	; 0xccc0
",r0,18, 1081221,"  107f84:	e30c3cc0 	movw	r3, #52416	; 0xccc0
",r3,23, 1081221,"  107f84:	e30c3cc0 	movw	r3, #52416	; 0xccc0
",crash/hangs,-,-,-,-,-,-,-,-,-,-,-,-,-,-,-,-,-,-,-,-,-,-,-,-,-,-,-,-,-,-,-,-,-,-,-,-,-,-,-,-,-,-
16,r1,20, 1065794,"  104340:	e3403011 	movt	r3, #17
",r2,29, 1065794,"  104340:	e3403011 	movt	r3, #17
",r2,28, 1065794,"  104340:	e3403011 	movt	r3, #17
",SDC, 641, 223, 3895, 2, 3003, 874, 1, 324, 503, 13, 229, 45327, 293, 3, 241, 4491, 11517, 409, 14, 32366, 7662, 11761, 0, 0, 26, 3195, 3158, 3930, 36, 0, 0, 19, 23, 136, 2, 45956, 37408, 40929, 1, 0, 0, 317
17,r2,19, 1074543,"  10656c:	e51b3038 	ldr	r3, [fp, #-56]	; 0xffffffc8
",r1,1, 1074543,"  10656c:	e51b3038 	ldr	r3, [fp, #-56]	; 0xffffffc8
",r2,12, 1074543,"  10656c:	e51b3038 	ldr	r3, [fp, #-56]	; 0xffffffc8
",crash/hangs,-,-,-,-,-,-,-,-,-,-,-,-,-,-,-,-,-,-,-,-,-,-,-,-,-,-,-,-,-,-,-,-,-,-,-,-,-,-,-,-,-,-
18,r2,2, 1077681,"  1071b0:	e6ef3073 	uxtb	r3, r3
",r3,0, 1077681,"  1071b0:	e6ef3073 	uxtb	r3, r3
",r0,22, 1077681,"  1071b0:	e6ef3073 	uxtb	r3, r3
",crash/hangs,-,-,-,-,-,-,-,-,-,-,-,-,-,-,-,-,-,-,-,-,-,-,-,-,-,-,-,-,-,-,-,-,-,-,-,-,-,-,-,-,-,-
19,r1,0, 1065598,"  10427c:	e5932000 	ldr	r2, [r3]
",r0,14, 1065598,"  10427c:	e5932000 	ldr	r2, [r3]
",r2,15, 1065598,"  10427c:	e5932000 	ldr	r2, [r3]
",benign, 634, 231, 3831, 2, 2951, 844, 1, 340, 504, 13, 223, 45541, 294, 3, 241, 4269, 11731, 408, 7, 32383, 8098, 11508, 0, 0, 26, 3143, 3167, 3831, 35, 0, 0, 17, 21, 126, 2, 45835, 37196, 40671, 1, 0, 0, 317
20,r2,11, 1066653,"  10469c:	e2833018 	add	r3, r3, #24
",r1,7, 1066653,"  10469c:	e2833018 	add	r3, r3, #24
",r2,9, 1066653,"  10469c:	e2833018 	add	r3, r3, #24
",benign, 731, 345, 3808, 2, 2924, 845, 1, 340, 505, 12, 226, 45232, 294, 3, 239, 4305, 11434, 418, 11, 32025, 7846, 11596, 0, 0, 26, 3144, 3175, 3843, 36, 0, 0, 19, 23, 128, 2, 45458, 37146, 40885, 1, 0, 0, 316
21,r2,12, 1078831,"  10762c:	e3403011 	movt	r3, #17
",r2,20, 1078831,"  10762c:	e3403011 	movt	r3, #17
",r3,9, 1078831,"  10762c:	e3403011 	movt	r3, #17
",crash/hangs,-,-,-,-,-,-,-,-,-,-,-,-,-,-,-,-,-,-,-,-,-,-,-,-,-,-,-,-,-,-,-,-,-,-,-,-,-,-,-,-,-,-
22,r1,4, 1070745,"  105698:	e3403011 	movt	r3, #17
",r0,1, 1070745,"  105698:	e3403011 	movt	r3, #17
",r0,11, 1070745,"  105698:	e3403011 	movt	r3, #17
",SDC, 800, 231, 3895, 3, 2995, 871, 1, 324, 504, 13, 236, 45661, 293, 3, 242, 4184, 11695, 421, 17, 32333, 7876, 11776, 0, 0, 26, 3192, 3175, 3923, 35, 0, 0, 19, 24, 129, 5, 46085, 37411, 40988, 2, 0, 0, 317
23,r1,8, 1080004,"  107ac4:	e30c3cc0 	movw	r3, #52416	; 0xccc0
",r1,21, 1080004,"  107ac4:	e30c3cc0 	movw	r3, #52416	; 0xccc0
",r3,18, 1080004,"  107ac4:	e30c3cc0 	movw	r3, #52416	; 0xccc0
",crash/hangs,-,-,-,-,-,-,-,-,-,-,-,-,-,-,-,-,-,-,-,-,-,-,-,-,-,-,-,-,-,-,-,-,-,-,-,-,-,-,-,-,-,-
24,r0,27, 1073587,"  1061b0:	e6ef3073 	uxtb	r3, r3
",r3,21, 1073587,"  1061b0:	e6ef3073 	uxtb	r3, r3
",r0,17, 1073587,"  1061b0:	e6ef3073 	uxtb	r3, r3
",benign, 885, 232, 3837, 2, 2961, 849, 1, 340, 505, 13, 231, 45608, 294, 3, 242, 4511, 11709, 419, 13, 32618, 7831, 11604, 0, 0, 26, 3143, 3169, 3836, 38, 0, 0, 17, 21, 125, 2, 46108, 37704, 41391, 1, 0, 0, 316
25,r3,22, 1075032,"  106758:	e50b3010 	str	r3, [fp, #-16]
",r1,13, 1075032,"  106758:	e50b3010 	str	r3, [fp, #-16]
",r0,25, 1075032,"  106758:	e50b3010 	str	r3, [fp, #-16]
",crash/hangs,-,-,-,-,-,-,-,-,-,-,-,-,-,-,-,-,-,-,-,-,-,-,-,-,-,-,-,-,-,-,-,-,-,-,-,-,-,-,-,-,-,-
26,r2,23, 1069479,"  1051a4:	e1a03823 	lsr	r3, r3, #16
",r1,13, 1069479,"  1051a4:	e1a03823 	lsr	r3, r3, #16
",r1,25, 1069479,"  1051a4:	e1a03823 	lsr	r3, r3, #16
",SDC, 756, 223, 3898, 2, 2996, 870, 1, 324, 503, 13, 241, 45635, 293, 3, 237, 4497, 11351, 410, 13, 32294, 8045, 11734, 0, 0, 26, 3193, 3156, 3929, 38, 0, 0, 17, 21, 125, 2, 45674, 37297, 40880, 1, 0, 0, 317
27,r0,23, 1075277,"  10684c:	e30c3cc0 	movw	r3, #52416	; 0xccc0
",r3,6, 1075277,"  10684c:	e30c3cc0 	movw	r3, #52416	; 0xccc0
",r2,22, 1075277,"  10684c:	e30c3cc0 	movw	r3, #52416	; 0xccc0
",crash/hangs,-,-,-,-,-,-,-,-,-,-,-,-,-,-,-,-,-,-,-,-,-,-,-,-,-,-,-,-,-,-,-,-,-,-,-,-,-,-,-,-,-,-
28,r3,3, 1063852,"  103bac:	e6ef3073 	uxtb	r3, r3
",r1,27, 1063852,"  103bac:	e6ef3073 	uxtb	r3, r3
",r2,11, 1063852,"  103bac:	e6ef3073 	uxtb	r3, r3
",SDC, 527, 220, 3907, 4, 3010, 882, 1, 324, 504, 13, 243, 45069, 293, 3, 238, 4462, 12180, 410, 15, 31623, 6561, 11625, 0, 0, 26, 3199, 3145, 3908, 36, 0, 0, 19, 23, 128, 5, 45459, 36872, 40370, 1, 0, 0, 317
29,r3,31, 1067185,"  1048b0:	e51b301c 	ldr	r3, [fp, #-28]	; 0xffffffe4
",r0,17, 1067185,"  1048b0:	e51b301c 	ldr	r3, [fp, #-28]	; 0xffffffe4
",r3,22, 1067185,"  1048b0:	e51b301c 	ldr	r3, [fp, #-28]	; 0xffffffe4
",benign, 758, 351, 3795, 2, 2927, 845, 1, 340, 505, 13, 227, 46087, 294, 3, 242, 4519, 11704, 409, 11, 33102, 8251, 11637, 0, 0, 26, 3145, 3161, 3833, 37, 0, 0, 17, 21, 134, 2, 46320, 37814, 41288, 1, 0, 0, 316
30,r0,3, 1073632,"  1061e0:	e3403011 	movt	r3, #17
",r0,20, 1073632,"  1061e0:	e3403011 	movt	r3, #17
",r0,4, 1073632,"  1061e0:	e3403011 	movt	r3, #17
",crash/hangs,-,-,-,-,-,-,-,-,-,-,-,-,-,-,-,-,-,-,-,-,-,-,-,-,-,-,-,-,-,-,-,-,-,-,-,-,-,-,-,-,-,-
31,r0,4, 1063756,"  103b4c:	e283301c 	add	r3, r3, #28
",r2,29, 1063756,"  103b4c:	e283301c 	add	r3, r3, #28
",r3,3, 1063756,"  103b4c:	e283301c 	add	r3, r3, #28
",SDC, 521, 225, 3867, 5, 2987, 878, 1, 324, 503, 13, 234, 44462, 293, 3, 238, 4376, 11433, 499, 16, 31197, 6790, 11615, 0, 0, 26, 3193, 3160, 3919, 37, 0, 0, 17, 21, 213, 9, 44927, 36535, 40055, 2, 0, 0, 317
32,r2,28, 1081690,"  108158:	e7933100 	ldr	r3, [r3, r0, lsl #2]
",r2,13, 1081690,"  108158:	e7933100 	ldr	r3, [r3, r0, lsl #2]
",r0,25, 1081690,"  108158:	e7933100 	ldr	r3, [r3, r0, lsl #2]
",crash/hangs,-,-,-,-,-,-,-,-,-,-,-,-,-,-,-,-,-,-,-,-,-,-,-,-,-,-,-,-,-,-,-,-,-,-,-,-,-,-,-,-,-,-
33,r2,1, 1077113,"  106f78:	e1a00003 	mov	r0, r3
",r0,7, 1077113,"  106f78:	e1a00003 	mov	r0, r3
",r0,13, 1077113,"  106f78:	e1a00003 	mov	r0, r3
",crash/hangs,-,-,-,-,-,-,-,-,-,-,-,-,-,-,-,-,-,-,-,-,-,-,-,-,-,-,-,-,-,-,-,-,-,-,-,-,-,-,-,-,-,-
34,r0,1, 1071651,"  105a20:	e1a00003 	mov	r0, r3
",r2,6, 1071651,"  105a20:	e1a00003 	mov	r0, r3
",r1,12, 1071651,"  105a20:	e1a00003 	mov	r0, r3
",SDC, 826, 227, 3899, 2, 3010, 879, 1, 325, 503, 13, 236, 46138, 293, 3, 238, 4291, 11771, 408, 13, 32639, 8392, 11827, 0, 0, 26, 3198, 3154, 3956, 34, 0, 0, 19, 23, 127, 2, 46442, 37862, 41398, 1, 0, 0, 317
35,r3,2, 1062658,"  103700:	e5932008 	ldr	r2, [r3, #8]
",r1,4, 1062658,"  103700:	e5932008 	ldr	r2, [r3, #8]
",r1,9, 1062658,"  103700:	e5932008 	ldr	r2, [r3, #8]
",crash/hangs,-,-,-,-,-,-,-,-,-,-,-,-,-,-,-,-,-,-,-,-,-,-,-,-,-,-,-,-,-,-,-,-,-,-,-,-,-,-,-,-,-,-
36,r3,6, 1074868,"  1066b4:	e7933100 	ldr	r3, [r3, r0, lsl #2]
",r2,6, 1074868,"  1066b4:	e7933100 	ldr	r3, [r3, r0, lsl #2]
",r1,0, 1074868,"  1066b4:	e7933100 	ldr	r3, [r3, r0, lsl #2]
",crash/hangs,-,-,-,-,-,-,-,-,-,-,-,-,-,-,-,-,-,-,-,-,-,-,-,-,-,-,-,-,-,-,-,-,-,-,-,-,-,-,-,-,-,-
37,r2,29, 1076745,"  106e08:	e3403011 	movt	r3, #17
",r0,17, 1076745,"  106e08:	e3403011 	movt	r3, #17
",r0,26, 1076745,"  106e08:	e3403011 	movt	r3, #17
",crash/hangs,-,-,-,-,-,-,-,-,-,-,-,-,-,-,-,-,-,-,-,-,-,-,-,-,-,-,-,-,-,-,-,-,-,-,-,-,-,-,-,-,-,-
38,r0,1, 1068584,"  104e28:	e2800c02 	add	r0, r0, #512	; 0x200
",r1,7, 1068584,"  104e28:	e2800c02 	add	r0, r0, #512	; 0x200
",r0,25, 1068584,"  104e28:	e2800c02 	add	r0, r0, #512	; 0x200
",SDC, 633, 263, 3877, 4, 2996, 878, 1, 324, 503, 12, 237, 44824, 293, 3, 244, 4453, 11583, 409, 16, 31189, 6792, 11661, 0, 0, 26, 3178, 3177, 3921, 35, 0, 0, 19, 24, 137, 4, 45216, 36571, 40302, 1, 0, 0, 316
39,r2,4, 1074043,"  106378:	e6ef3073 	uxtb	r3, r3
",r0,28, 1074043,"  106378:	e6ef3073 	uxtb	r3, r3
",r1,14, 1074043,"  106378:	e6ef3073 	uxtb	r3, r3
",SDC, 977, 356, 3835, 2, 2943, 848, 1, 336, 503, 13, 232, 44914, 293, 3, 232, 3980, 11027, 408, 13, 31720, 7668, 11647, 0, 0, 26, 3176, 3161, 3866, 35, 0, 0, 17, 21, 135, 2, 45163, 36940, 40522, 1, 0, 0, 316
40,r3,0, 1072469,"  105d54:	e3403011 	movt	r3, #17
",r1,4, 1072469,"  105d54:	e3403011 	movt	r3, #17
",r0,19, 1072469,"  105d54:	e3403011 	movt	r3, #17
",crash/hangs,-,-,-,-,-,-,-,-,-,-,-,-,-,-,-,-,-,-,-,-,-,-,-,-,-,-,-,-,-,-,-,-,-,-,-,-,-,-,-,-,-,-
41,r2,24, 1071820,"  105acc:	e0233001 	eor	r3, r3, r1
",r1,25, 1071820,"  105acc:	e0233001 	eor	r3, r3, r1
",r0,31, 1071820,"  105acc:	e0233001 	eor	r3, r3, r1
",SDC, 733, 226, 3894, 4, 2995, 870, 1, 324, 504, 13, 232, 44678, 293, 3, 238, 4326, 11743, 409, 11, 31738, 6702, 11635, 0, 0, 26, 3177, 3179, 3915, 33, 0, 0, 19, 23, 138, 5, 45087, 37228, 40911, 1, 0, 0, 317
42,r0,1, 1070252,"  1054ac:	e3403011 	movt	r3, #17
",r3,10, 1070252,"  1054ac:	e3403011 	movt	r3, #17
",r2,20, 1070252,"  1054ac:	e3403011 	movt	r3, #17
",SDC, 759, 351, 3869, 4, 2963, 868, 1, 324, 503, 13, 232, 45751, 293, 3, 243, 4344, 12234, 419, 16, 31714, 6941, 11677, 0, 0, 26, 3210, 3160, 3924, 38, 0, 0, 17, 21, 125, 4, 45910, 36710, 40270, 1, 0, 0, 317
43,r3,10, 1081343,"  107ffc:	e3403011 	movt	r3, #17
",r3,8, 1081343,"  107ffc:	e3403011 	movt	r3, #17
",r0,16, 1081343,"  107ffc:	e3403011 	movt	r3, #17
",crash/hangs,-,-,-,-,-,-,-,-,-,-,-,-,-,-,-,-,-,-,-,-,-,-,-,-,-,-,-,-,-,-,-,-,-,-,-,-,-,-,-,-,-,-
44,r0,29, 1075945,"  106ae8:	e0233001 	eor	r3, r3, r1
",r2,30, 1075945,"  106ae8:	e0233001 	eor	r3, r3, r1
",r3,3, 1075945,"  106ae8:	e0233001 	eor	r3, r3, r1
",crash/hangs,-,-,-,-,-,-,-,-,-,-,-,-,-,-,-,-,-,-,-,-,-,-,-,-,-,-,-,-,-,-,-,-,-,-,-,-,-,-,-,-,-,-
45,r3,8, 1080897,"  107e40:	e0211003 	eor	r1, r1, r3
",r2,1, 1080897,"  107e40:	e0211003 	eor	r1, r1, r3
",r3,29, 1080897,"  107e40:	e0211003 	eor	r1, r1, r3
",crash/hangs,-,-,-,-,-,-,-,-,-,-,-,-,-,-,-,-,-,-,-,-,-,-,-,-,-,-,-,-,-,-,-,-,-,-,-,-,-,-,-,-,-,-
46,r2,11, 1068627,"  104e50:	e7933100 	ldr	r3, [r3, r0, lsl #2]
",r0,27, 1068627,"  104e50:	e7933100 	ldr	r3, [r3, r0, lsl #2]
",r0,26, 1068627,"  104e50:	e7933100 	ldr	r3, [r3, r0, lsl #2]
",SDC, 736, 226, 3891, 2, 2998, 876, 1, 324, 503, 12, 235, 45830, 293, 3, 234, 4268, 11953, 419, 14, 32626, 7983, 11725, 0, 0, 26, 3181, 3173, 3910, 36, 0, 0, 19, 23, 127, 2, 46352, 37792, 41340, 1, 0, 0, 316
47,r0,14, 1079872,"  107a40:	e51b301c 	ldr	r3, [fp, #-28]	; 0xffffffe4
",r3,18, 1079872,"  107a40:	e51b301c 	ldr	r3, [fp, #-28]	; 0xffffffe4
",r1,16, 1079872,"  107a40:	e51b301c 	ldr	r3, [fp, #-28]	; 0xffffffe4
",crash/hangs,-,-,-,-,-,-,-,-,-,-,-,-,-,-,-,-,-,-,-,-,-,-,-,-,-,-,-,-,-,-,-,-,-,-,-,-,-,-,-,-,-,-
48,r0,10, 1073012,"  105f74:	e6ef3073 	uxtb	r3, r3
",r1,1, 1073012,"  105f74:	e6ef3073 	uxtb	r3, r3
",r1,15, 1073012,"  105f74:	e6ef3073 	uxtb	r3, r3
",SDC, 767, 227, 3868, 4, 2984, 862, 1, 332, 504, 13, 229, 44744, 293, 3, 236, 4496, 11313, 409, 14, 31644, 7054, 11631, 0, 0, 26, 3160, 3188, 3904, 36, 0, 0, 19, 24, 127, 4, 44992, 36536, 40147, 1, 0, 0, 317
49,r0,13, 1080539,"  107cd8:	e51b300c 	ldr	r3, [fp, #-12]
",r2,20, 1080539,"  107cd8:	e51b300c 	ldr	r3, [fp, #-12]
",r2,20, 1080539,"  107cd8:	e51b300c 	ldr	r3, [fp, #-12]
",crash/hangs,-,-,-,-,-,-,-,-,-,-,-,-,-,-,-,-,-,-,-,-,-,-,-,-,-,-,-,-,-,-,-,-,-,-,-,-,-,-,-,-,-,-
50,r3,14, 1070356,"  105514:	e6ef3073 	uxtb	r3, r3
",r0,3, 1070356,"  105514:	e6ef3073 	uxtb	r3, r3
",r0,1, 1070356,"  105514:	e6ef3073 	uxtb	r3, r3
",SDC, 688, 226, 3886, 4, 2994, 871, 1, 324, 504, 12, 233, 44906, 293, 3, 236, 4401, 11885, 417, 13, 31493, 6547, 11644, 0, 0, 26, 3193, 3164, 3914, 35, 0, 0, 17, 21, 179, 4, 45207, 36449, 39991, 1, 0, 0, 316
51,r0,17, 1070086,"  105404:	e1a03823 	lsr	r3, r3, #16
",r3,27, 1070086,"  105404:	e1a03823 	lsr	r3, r3, #16
",r0,13, 1070086,"  105404:	e1a03823 	lsr	r3, r3, #16
",benign, 840, 353, 3808, 2, 2927, 843, 1, 340, 504, 12, 224, 46043, 294, 3, 240, 4921, 11605, 419, 10, 32662, 8298, 11563, 0, 0, 26, 3146, 3172, 3833, 36, 0, 0, 19, 23, 127, 2, 46105, 37895, 41468, 1, 0, 0, 317
52,r2,23, 1069792,"  1052e0:	e30b3cc0 	movw	r3, #48320	; 0xbcc0
",r3,0, 1069792,"  1052e0:	e30b3cc0 	movw	r3, #48320	; 0xbcc0
",r0,15, 1069792,"  1052e0:	e30b3cc0 	movw	r3, #48320	; 0xbcc0
",SDC, 746, 353, 3841, 4, 2960, 869, 1, 325, 503, 12, 233, 44965, 293, 3, 238, 4199, 11511, 532, 12, 31181, 6727, 11659, 0, 0, 26, 3171, 3182, 3933, 36, 0, 0, 17, 21, 125, 4, 45505, 36827, 40576, 1, 0, 0, 316
53,r0,6, 1063975,"  103c24:	e5931000 	ldr	r1, [r3]
",r1,6, 1063975,"  103c24:	e5931000 	ldr	r1, [r3]
",r1,24, 1063975,"  103c24:	e5931000 	ldr	r1, [r3]
",benign, 697, 352, 3802, 2, 2916, 846, 1, 340, 504, 13, 221, 45471, 294, 3, 235, 4507, 11575, 409, 16, 32830, 8214, 11579, 0, 0, 26, 3146, 3152, 3827, 37, 0, 0, 19, 24, 127, 2, 46306, 37636, 41091, 1, 0, 0, 317
54,r1,20, 1075693,"  1069ec:	e1a00003 	mov	r0, r3
",r0,28, 1075693,"  1069ec:	e1a00003 	mov	r0, r3
",r3,5, 1075693,"  1069ec:	e1a00003 	mov	r0, r3
",crash/hangs,-,-,-,-,-,-,-,-,-,-,-,-,-,-,-,-,-,-,-,-,-,-,-,-,-,-,-,-,-,-,-,-,-,-,-,-,-,-,-,-,-,-
55,r1,30, 1072197,"  105c44:	e2800c01 	add	r0, r0, #256	; 0x100
",r2,30, 1072197,"  105c44:	e2800c01 	add	r0, r0, #256	; 0x100
",r3,14, 1072197,"  105c44:	e2800c01 	add	r0, r0, #256	; 0x100
",SDC, 844, 237, 3897, 2, 3001, 874, 1, 324, 504, 12, 239, 45524, 293, 3, 236, 4185, 11654, 408, 15, 32231, 8011, 11773, 0, 0, 26, 3166, 3188, 3933, 36, 0, 0, 17, 21, 134, 2, 46339, 37273, 40977, 1, 0, 0, 316
56,r3,26, 1064914,"  103fd0:	e3403011 	movt	r3, #17
",r2,6, 1064914,"  103fd0:	e3403011 	movt	r3, #17
",r1,20, 1064914,"  103fd0:	e3403011 	movt	r3, #17
",crash/hangs,-,-,-,-,-,-,-,-,-,-,-,-,-,-,-,-,-,-,-,-,-,-,-,-,-,-,-,-,-,-,-,-,-,-,-,-,-,-,-,-,-,-
57,r1,18, 1070720,"  105680:	e0211003 	eor	r1, r1, r3
",r0,4, 1070720,"  105680:	e0211003 	eor	r1, r1, r3
",r3,29, 1070720,"  105680:	e0211003 	eor	r1, r1, r3
",SDC, 701, 226, 3871, 4, 2996, 876, 1, 324, 504, 13, 242, 44837, 293, 3, 236, 4499, 11534, 408, 14, 31697, 7041, 11664, 0, 0, 26, 3178, 3171, 3921, 34, 0, 0, 17, 21, 251, 4, 45228, 36533, 40102, 1, 0, 0, 317
58,r3,5, 1072038,"  105ba4:	e30b3cc0 	movw	r3, #48320	; 0xbcc0
",r3,31, 1072038,"  105ba4:	e30b3cc0 	movw	r3, #48320	; 0xbcc0
",r3,16, 1072038,"  105ba4:	e30b3cc0 	movw	r3, #48320	; 0xbcc0
",benign, 901, 350, 3808, 2, 2923, 843, 1, 340, 505, 13, 232, 45535, 294, 3, 234, 4112, 11455, 419, 12, 32165, 7642, 11605, 0, 0, 26, 3168, 3138, 3833, 35, 0, 0, 19, 24, 137, 2, 45693, 36998, 40541, 1, 0, 0, 316
59,r3,18, 1077096,"  106f68:	e0211003 	eor	r1, r1, r3
",r3,19, 1077096,"  106f68:	e0211003 	eor	r1, r1, r3
",r0,27, 1077096,"  106f68:	e0211003 	eor	r1, r1, r3
",crash/hangs,-,-,-,-,-,-,-,-,-,-,-,-,-,-,-,-,-,-,-,-,-,-,-,-,-,-,-,-,-,-,-,-,-,-,-,-,-,-,-,-,-,-
60,r1,26, 1077573,"  107144:	e30c3cc0 	movw	r3, #52416	; 0xccc0
",r2,8, 1077573,"  107144:	e30c3cc0 	movw	r3, #52416	; 0xccc0
",r2,12, 1077573,"  107144:	e30c3cc0 	movw	r3, #52416	; 0xccc0
",crash/hangs,-,-,-,-,-,-,-,-,-,-,-,-,-,-,-,-,-,-,-,-,-,-,-,-,-,-,-,-,-,-,-,-,-,-,-,-,-,-,-,-,-,-
61,r2,17, 1081157,"  107f44:	e30c3cc0 	movw	r3, #52416	; 0xccc0
",r0,15, 1081157,"  107f44:	e30c3cc0 	movw	r3, #52416	; 0xccc0
",r1,13, 1081157,"  107f44:	e30c3cc0 	movw	r3, #52416	; 0xccc0
",crash/hangs,-,-,-,-,-,-,-,-,-,-,-,-,-,-,-,-,-,-,-,-,-,-,-,-,-,-,-,-,-,-,-,-,-,-,-,-,-,-,-,-,-,-
62,r3,29, 1071044,"  1057c4:	e30b3cc0 	movw	r3, #48320	; 0xbcc0
",r2,21, 1071044,"  1057c4:	e30b3cc0 	movw	r3, #48320	; 0xbcc0
",r1,24, 1071044,"  1057c4:	e30b3cc0 	movw	r3, #48320	; 0xbcc0
",SDC, 711, 231, 3887, 4, 2991, 871, 1, 324, 503, 12, 233, 44519, 293, 3, 240, 4664, 11328, 409, 14, 31608, 7076, 11672, 0, 0, 26, 3171, 3189, 3921, 35, 0, 0, 17, 21, 327, 4, 45924, 36621, 40343, 1, 0, 0, 316
63,r0,3, 1066999,"  1047f4:	e51b3024 	ldr	r3, [fp, #-36]	; 0xffffffdc
",r0,11, 1066999,"  1047f4:	e51b3024 	ldr	r3, [fp, #-36]	; 0xffffffdc
",r0,5, 1066999,"  1047f4:	e51b3024 	ldr	r3, [fp, #-36]	; 0xffffffdc
",benign, 751, 352, 3811, 2, 2925, 843, 1, 340, 505, 12, 233, 45938, 294, 3, 239, 4859, 11012, 609, 14, 32351, 8307, 11622, 0, 0, 26, 3153, 3173, 3841, 36, 0, 0, 19, 23, 127, 2, 45624, 37148, 40751, 1, 0, 0, 317
64,r3,7, 1072836,"  105ec4:	e3403011 	movt	r3, #17
",r0,31, 1072836,"  105ec4:	e3403011 	movt	r3, #17
",r0,11, 1072836,"  105ec4:	e3403011 	movt	r3, #17
",SDC, 841, 349, 3857, 5, 2958, 867, 1, 324, 503, 14, 230, 44203, 293, 3, 230, 4055, 11368, 412, 14, 30956, 6668, 11656, 0, 0, 26, 3190, 3150, 3921, 35, 0, 0, 19, 23, 129, 9, 44895, 35994, 39577, 2, 0, 0, 316
65,r2,27, 1065414,"  1041c4:	e5832000 	str	r2, [r3]
",r2,2, 1065414,"  1041c4:	e5832000 	str	r2, [r3]
",r1,8, 1065414,"  1041c4:	e5832000 	str	r2, [r3]
",crash/hangs,-,-,-,-,-,-,-,-,-,-,-,-,-,-,-,-,-,-,-,-,-,-,-,-,-,-,-,-,-,-,-,-,-,-,-,-,-,-,-,-,-,-
66,r2,12, 1083142,"  108704:	e2833008 	add	r3, r3, #8
",r1,22, 1083142,"  108704:	e2833008 	add	r3, r3, #8
",r3,10, 1083142,"  108704:	e2833008 	add	r3, r3, #8
",crash/hangs,-,-,-,-,-,-,-,-,-,-,-,-,-,-,-,-,-,-,-,-,-,-,-,-,-,-,-,-,-,-,-,-,-,-,-,-,-,-,-,-,-,-
67,r0,0, 1070645,"  105634:	e3403011 	movt	r3, #17
",r2,18, 1070645,"  105634:	e3403011 	movt	r3, #17
",r0,23, 1070645,"  105634:	e3403011 	movt	r3, #17
",SDC, 798, 231, 3891, 2, 2998, 874, 1, 324, 504, 13, 236, 46194, 293, 3, 240, 4339, 12176, 559, 11, 33380, 7806, 11731, 0, 0, 26, 3185, 3169, 3924, 37, 0, 0, 17, 21, 125, 2, 46749, 38198, 41704, 1, 0, 0, 317
68,r0,25, 1070122,"  105428:	e1a03c23 	lsr	r3, r3, #24
",r0,31, 1070122,"  105428:	e1a03c23 	lsr	r3, r3, #24
",r1,8, 1070122,"  105428:	e1a03c23 	lsr	r3, r3, #24
",SDC, 851, 353, 3853, 2, 2951, 865, 1, 324, 503, 13, 234, 46080, 293, 3, 237, 5071, 11412, 415, 11, 32437, 8592, 11729, 0, 0, 26, 3159, 3188, 3929, 36, 0, 0, 17, 21, 136, 2, 46283, 37807, 41553, 1, 0, 0, 316
69,r0,0, 1064324,"  103d84:	e5931000 	ldr	r1, [r3]
",r3,23, 1064324,"  103d84:	e5931000 	ldr	r1, [r3]
",r3,22, 1064324,"  103d84:	e5931000 	ldr	r1, [r3]
",SDC, 620, 345, 3857, 4, 2965, 880, 1, 325, 503, 12, 239, 44791, 293, 3, 233, 4768, 11234, 410, 12, 31558, 6856, 11689, 0, 0, 26, 3191, 3150, 3958, 35, 0, 0, 17, 21, 126, 4, 45280, 36170, 39890, 1, 0, 0, 316
70,r2,17, 1074861,"  1066ac:	e3403011 	movt	r3, #17
",r3,11, 1074861,"  1066ac:	e3403011 	movt	r3, #17
",r3,25, 1074861,"  1066ac:	e3403011 	movt	r3, #17
",crash/hangs,-,-,-,-,-,-,-,-,-,-,-,-,-,-,-,-,-,-,-,-,-,-,-,-,-,-,-,-,-,-,-,-,-,-,-,-,-,-,-,-,-,-
71,r0,29, 1073726,"  10623c:	e0211003 	eor	r1, r1, r3
",r0,30, 1073726,"  10623c:	e0211003 	eor	r1, r1, r3
",r0,10, 1073726,"  10623c:	e0211003 	eor	r1, r1, r3
",benign, 883, 226, 3835, 2, 2961, 846, 1, 340, 505, 12, 228, 45684, 294, 3, 239, 4700, 11501, 408, 15, 32864, 8031, 11624, 0, 0, 26, 3139, 3174, 3832, 35, 0, 0, 17, 21, 125, 2, 46498, 37670, 41348, 1, 0, 0, 317
72,r1,22, 1066790,"  104724:	e0233001 	eor	r3, r3, r1
",r3,6, 1066790,"  104724:	e0233001 	eor	r3, r3, r1
",r3,20, 1066790,"  104724:	e0233001 	eor	r3, r3, r1
",SDC, 752, 344, 3865, 2, 2968, 868, 1, 324, 503, 13, 234, 45475, 293, 3, 241, 4457, 11563, 408, 16, 32010, 8165, 11758, 0, 0, 26, 3195, 3155, 3924, 37, 0, 0, 19, 23, 136, 2, 45985, 37316, 40882, 1, 0, 0, 317
73,r2,4, 1071317,"  1058d4:	e3403011 	movt	r3, #17
",r2,22, 1071317,"  1058d4:	e3403011 	movt	r3, #17
",r2,21, 1071317,"  1058d4:	e3403011 	movt	r3, #17
",SDC, 882, 350, 3859, 2, 2960, 864, 1, 324, 504, 12, 232, 45990, 293, 3, 234, 4228, 11483, 410, 11, 32814, 7887, 11727, 0, 0, 26, 3177, 3171, 3915, 35, 0, 0, 19, 23, 138, 2, 45572, 37548, 41090, 1, 0, 0, 316
74,r2,9, 1063886,"  103bcc:	e51b2010 	ldr	r2, [fp, #-16]
",r0,7, 1063886,"  103bcc:	e51b2010 	ldr	r2, [fp, #-16]
",r1,12, 1063886,"  103bcc:	e51b2010 	ldr	r2, [fp, #-16]
",SDC, 698, 353, 3844, 2, 2940, 871, 1, 324, 504, 12, 235, 45751, 293, 3, 240, 4447, 11684, 410, 14, 32604, 7841, 11703, 0, 0, 26, 3215, 3138, 3914, 39, 0, 0, 19, 23, 127, 2, 45917, 37614, 41072, 1, 0, 0, 316
75,r2,14, 1079176,"  107788:	e1a01003 	mov	r1, r3
",r0,11, 1079176,"  107788:	e1a01003 	mov	r1, r3
",r3,16, 1079176,"  107788:	e1a01003 	mov	r1, r3
",crash/hangs,-,-,-,-,-,-,-,-,-,-,-,-,-,-,-,-,-,-,-,-,-,-,-,-,-,-,-,-,-,-,-,-,-,-,-,-,-,-,-,-,-,-
76,r1,15, 1064343,"  103d94:	e51b3008 	ldr	r3, [fp, #-8]
",r0,25, 1064343,"  103d94:	e51b3008 	ldr	r3, [fp, #-8]
",r3,13, 1064343,"  103d94:	e51b3008 	ldr	r3, [fp, #-8]
",SDC, 638, 224, 3873, 2, 2978, 876, 1, 325, 503, 13, 231, 45695, 293, 3, 243, 4510, 11803, 410, 11, 32399, 8004, 11744, 0, 0, 26, 3195, 3131, 3923, 34, 0, 0, 19, 23, 128, 2, 45974, 37887, 41359, 1, 0, 0, 317
77,r1,8, 1068563,"  104e10:	e51b3028 	ldr	r3, [fp, #-40]	; 0xffffffd8
",r2,0, 1068563,"  104e10:	e51b3028 	ldr	r3, [fp, #-40]	; 0xffffffd8
",r3,5, 1068563,"  104e10:	e51b3028 	ldr	r3, [fp, #-40]	; 0xffffffd8
",SDC, 799, 345, 3851, 2, 2953, 865, 1, 324, 503, 13, 234, 45275, 293, 3, 239, 4396, 12325, 408, 13, 32425, 7752, 11738, 0, 0, 26, 3198, 3169, 3913, 37, 0, 0, 17, 21, 125, 2, 46212, 37665, 41147, 1, 0, 0, 316
78,r2,13, 1066464,"  1045e0:	e1a00003 	mov	r0, r3
",r2,23, 1066464,"  1045e0:	e1a00003 	mov	r0, r3
",r0,24, 1066464,"  1045e0:	e1a00003 	mov	r0, r3
",SDC, 642, 357, 3866, 4, 2964, 866, 1, 324, 503, 12, 231, 44417, 293, 3, 234, 3756, 11138, 409, 10, 31281, 6903, 11642, 0, 0, 26, 3175, 3160, 3917, 36, 0, 0, 17, 21, 136, 4, 44635, 36433, 39969, 1, 0, 0, 317
79,r0,30, 1067849,"  104b48:	e3403011 	movt	r3, #17
",r3,10, 1067849,"  104b48:	e3403011 	movt	r3, #17
",r2,30, 1067849,"  104b48:	e3403011 	movt	r3, #17
",SDC, 768, 355, 3847, 2, 2961, 870, 1, 324, 504, 13, 229, 46112, 293, 3, 241, 4179, 11900, 596, 16, 32441, 7928, 11744, 0, 0, 26, 3194, 3158, 3919, 38, 0, 0, 19, 23, 137, 2, 46181, 37652, 41362, 1, 0, 0, 316
80,r0,2, 1068914,"  104f70:	e1a00003 	mov	r0, r3
",r2,22, 1068914,"  104f70:	e1a00003 	mov	r0, r3
",r3,26, 1068914,"  104f70:	e1a00003 	mov	r0, r3
",SDC, 810, 352, 3859, 2, 2958, 866, 1, 324, 504, 12, 232, 45750, 293, 3, 240, 4276, 11704, 419, 14, 32365, 7868, 11778, 0, 0, 26, 3178, 3180, 3915, 33, 0, 0, 19, 24, 137, 2, 46170, 37801, 41373, 1, 0, 0, 316
81,r0,30, 1066317,"  10454c:	e30b3cc0 	movw	r3, #48320	; 0xbcc0
",r0,22, 1066317,"  10454c:	e30b3cc0 	movw	r3, #48320	; 0xbcc0
",r3,14, 1066317,"  10454c:	e30b3cc0 	movw	r3, #48320	; 0xbcc0
",SDC, 723, 1233, 3856, 2, 2961, 873, 1, 324, 503, 13, 232, 46017, 293, 3, 245, 4893, 11856, 420, 14, 32625, 8426, 11722, 0, 0, 26, 3185, 3180, 3926, 36, 0, 0, 17, 21, 125, 2, 46180, 37776, 41241, 1, 0, 0, 316
82,r2,14, 1068842,"  104f28:	e1a00003 	mov	r0, r3
",r1,11, 1068842,"  104f28:	e1a00003 	mov	r0, r3
",r0,14, 1068842,"  104f28:	e1a00003 	mov	r0, r3
",SDC, 809, 351, 3849, 2, 2961, 871, 1, 324, 504, 13, 230, 45199, 293, 3, 240, 4080, 11736, 409, 14, 32035, 7514, 11771, 0, 0, 26, 3183, 3162, 3930, 37, 0, 0, 17, 21, 144, 2, 45794, 37285, 40839, 1, 0, 0, 316
83,r2,19, 1068709,"  104ea4:	e0211003 	eor	r1, r1, r3
",r3,10, 1068709,"  104ea4:	e0211003 	eor	r1, r1, r3
",r2,26, 1068709,"  104ea4:	e0211003 	eor	r1, r1, r3
",SDC, 812, 356, 3848, 2, 2966, 870, 1, 324, 504, 13, 236, 45336, 293, 3, 241, 4679, 11461, 419, 13, 32186, 7722, 11765, 0, 0, 26, 3188, 3169, 3922, 35, 0, 0, 19, 23, 128, 2, 45953, 37291, 40790, 1, 0, 0, 317
84,r2,19, 1077210,"  106fd8:	e3403011 	movt	r3, #17
",r3,13, 1077210,"  106fd8:	e3403011 	movt	r3, #17
",r0,3, 1077210,"  106fd8:	e3403011 	movt	r3, #17
",crash/hangs,-,-,-,-,-,-,-,-,-,-,-,-,-,-,-,-,-,-,-,-,-,-,-,-,-,-,-,-,-,-,-,-,-,-,-,-,-,-,-,-,-,-
85,r0,16, 1073251,"  106060:	e1a00003 	mov	r0, r3
",r1,9, 1073251,"  106060:	e1a00003 	mov	r0, r3
",r2,25, 1073251,"  106060:	e1a00003 	mov	r0, r3
",SDC, 873, 223, 3832, 2, 2969, 855, 1, 338, 504, 12, 236, 46097, 293, 3, 236, 4633, 11889, 408, 14, 33065, 8231, 11634, 0, 0, 26, 3163, 3165, 3857, 38, 0, 0, 19, 23, 127, 2, 46390, 37857, 41366, 1, 0, 0, 317
86,r3,17, 1068950,"  104f94:	e2833014 	add	r3, r3, #20
",r3,4, 1068950,"  104f94:	e2833014 	add	r3, r3, #20
",r3,19, 1068950,"  104f94:	e2833014 	add	r3, r3, #20
",SDC, 804, 354, 3868, 3, 2964, 867, 1, 324, 504, 14, 243, 46255, 293, 3, 242, 4604, 11520, 511, 14, 32764, 8260, 11793, 0, 0, 26, 3180, 3186, 3919, 34, 0, 0, 17, 21, 218, 7, 46341, 38016, 41588, 2, 0, 0, 317
87,r1,27, 1072276,"  105c94:	e0233001 	eor	r3, r3, r1
",r0,22, 1072276,"  105c94:	e0233001 	eor	r3, r3, r1
",r3,9, 1072276,"  105c94:	e0233001 	eor	r3, r3, r1
",SDC, 822, 348, 3860, 4, 2957, 865, 1, 324, 504, 13, 236, 44214, 293, 3, 235, 4831, 10708, 419, 10, 31378, 7061, 11606, 0, 0, 26, 3176, 3183, 3936, 38, 0, 0, 17, 21, 125, 4, 44694, 35775, 39436, 1, 0, 0, 317
88,r1,15, 1082160,"  108330:	e6ef3073 	uxtb	r3, r3
",r3,17, 1082160,"  108330:	e6ef3073 	uxtb	r3, r3
",r3,0, 1082160,"  108330:	e6ef3073 	uxtb	r3, r3
",crash/hangs,-,-,-,-,-,-,-,-,-,-,-,-,-,-,-,-,-,-,-,-,-,-,-,-,-,-,-,-,-,-,-,-,-,-,-,-,-,-,-,-,-,-
89,r0,21, 1066807,"  104734:	e283301c 	add	r3, r3, #28
",r1,31, 1066807,"  104734:	e283301c 	add	r3, r3, #28
",r3,14, 1066807,"  104734:	e283301c 	add	r3, r3, #28
",SDC, 674, 226, 3882, 2, 3009, 875, 1, 325, 503, 13, 238, 45996, 293, 3, 238, 4167, 11923, 409, 11, 32680, 8019, 11769, 0, 0, 26, 3170, 3179, 3936, 35, 0, 0, 19, 23, 146, 2, 46698, 37800, 41353, 1, 0, 0, 317
90,r0,22, 1077578,"  107148:	e3403011 	movt	r3, #17
",r0,1, 1077578,"  107148:	e3403011 	movt	r3, #17
",r3,22, 1077578,"  107148:	e3403011 	movt	r3, #17
",crash/hangs,-,-,-,-,-,-,-,-,-,-,-,-,-,-,-,-,-,-,-,-,-,-,-,-,-,-,-,-,-,-,-,-,-,-,-,-,-,-,-,-,-,-
91,r1,21, 1066539,"  104628:	e1a03423 	lsr	r3, r3, #8
",r1,0, 1066539,"  104628:	e1a03423 	lsr	r3, r3, #8
",r2,19, 1066539,"  104628:	e1a03423 	lsr	r3, r3, #8
",SDC, 667, 222, 3884, 2, 2992, 876, 1, 324, 504, 13, 232, 45423, 293, 3, 238, 4371, 11415, 409, 14, 32283, 7952, 11736, 0, 0, 26, 3177, 3185, 3921, 35, 0, 0, 19, 23, 137, 2, 46238, 37400, 40918, 1, 0, 0, 316
92,r2,8, 1082728,"  108568:	e1a03823 	lsr	r3, r3, #16
",r3,6, 1082728,"  108568:	e1a03823 	lsr	r3, r3, #16
",r3,11, 1082728,"  108568:	e1a03823 	lsr	r3, r3, #16
",crash/hangs,-,-,-,-,-,-,-,-,-,-,-,-,-,-,-,-,-,-,-,-,-,-,-,-,-,-,-,-,-,-,-,-,-,-,-,-,-,-,-,-,-,-
93,r1,24, 1062804,"  103794:	e283300c 	add	r3, r3, #12
",r1,21, 1062804,"  103794:	e283300c 	add	r3, r3, #12
",r2,27, 1062804,"  103794:	e283300c 	add	r3, r3, #12
",crash/hangs,-,-,-,-,-,-,-,-,-,-,-,-,-,-,-,-,-,-,-,-,-,-,-,-,-,-,-,-,-,-,-,-,-,-,-,-,-,-,-,-,-,-
94,r3,6, 1073258,"  106068:	e3403011 	movt	r3, #17
",r2,0, 1073258,"  106068:	e3403011 	movt	r3, #17
",r2,6, 1073258,"  106068:	e3403011 	movt	r3, #17
",SDC, 873, 223, 3842, 2, 2970, 858, 1, 336, 503, 14, 221, 45224, 293, 3, 237, 4456, 11202, 409, 12, 32038, 7653, 11632, 0, 0, 26, 3155, 3172, 3864, 36, 0, 0, 17, 21, 125, 2, 45717, 36756, 40472, 1, 0, 0, 317
95,r1,6, 1073294,"  10608c:	e3403011 	movt	r3, #17
",r2,28, 1073294,"  10608c:	e3403011 	movt	r3, #17
",r2,29, 1073294,"  10608c:	e3403011 	movt	r3, #17
",SDC, 950, 351, 3825, 2, 2937, 848, 1, 336, 504, 12, 223, 45901, 293, 3, 238, 3951, 12105, 409, 17, 32417, 7811, 11704, 0, 0, 26, 3185, 3154, 3858, 35, 0, 0, 19, 24, 127, 2, 46489, 37620, 41345, 1, 0, 0, 316
96,r1,18, 1072769,"  105e80:	e30b3cc0 	movw	r3, #48320	; 0xbcc0
",r0,29, 1072769,"  105e80:	e30b3cc0 	movw	r3, #48320	; 0xbcc0
",r1,25, 1072769,"  105e80:	e30b3cc0 	movw	r3, #48320	; 0xbcc0
",SDC, 931, 357, 3851, 3, 2966, 867, 1, 324, 504, 12, 232, 45937, 293, 3, 246, 3979, 11975, 420, 13, 32313, 7638, 11787, 0, 0, 26, 3182, 3185, 3928, 38, 0, 0, 17, 21, 146, 6, 46018, 37641, 41362, 2, 0, 0, 316
0,r1,20, 1076388,"  106ca4:	e3403011 	movt	r3, #17
",r0,5, 1076388,"  106ca4:	e3403011 	movt	r3, #17
",r2,10, 1076388,"  106ca4:	e3403011 	movt	r3, #17
",crash/hangs,-,-,-,-,-,-,-,-,-,-,-,-,-,-,-,-,-,-,-,-,-,-,-,-,-,-,-,-,-,-,-,-,-,-,-,-,-,-,-,-,-,-
1,r0,31, 1067949,"  104bac:	e1a03823 	lsr	r3, r3, #16
",r3,28, 1067949,"  104bac:	e1a03823 	lsr	r3, r3, #16
",r3,1, 1067949,"  104bac:	e1a03823 	lsr	r3, r3, #16
",benign, 711, 232, 3826, 2, 2965, 851, 1, 340, 504, 13, 218, 45805, 294, 3, 243, 4237, 11937, 408, 12, 32591, 8141, 11618, 0, 0, 26, 3134, 3194, 3846, 37, 0, 0, 17, 21, 126, 2, 45790, 37619, 41321, 1, 0, 0, 316
2,r3,9, 1072699,"  105e38:	e0211003 	eor	r1, r1, r3
",r0,3, 1072699,"  105e38:	e0211003 	eor	r1, r1, r3
",r0,7, 1072699,"  105e38:	e0211003 	eor	r1, r1, r3
",SDC, 921, 349, 3858, 2, 2955, 868, 1, 324, 503, 13, 238, 46136, 293, 3, 237, 3913, 11948, 409, 14, 32512, 7285, 11753, 0, 0, 26, 3171, 3175, 3916, 36, 0, 0, 17, 21, 126, 2, 45969, 37790, 41281, 1, 0, 0, 317
3,r1,3, 1080257,"  107bc0:	e51b3018 	ldr	r3, [fp, #-24]	; 0xffffffe8
",r2,6, 1080257,"  107bc0:	e51b3018 	ldr	r3, [fp, #-24]	; 0xffffffe8
",r3,31, 1080257,"  107bc0:	e51b3018 	ldr	r3, [fp, #-24]	; 0xffffffe8
",crash/hangs,-,-,-,-,-,-,-,-,-,-,-,-,-,-,-,-,-,-,-,-,-,-,-,-,-,-,-,-,-,-,-,-,-,-,-,-,-,-,-,-,-,-
4,r2,2, 1082253,"  10838c:	e3403011 	movt	r3, #17
",r1,25, 1082253,"  10838c:	e3403011 	movt	r3, #17
",r1,4, 1082253,"  10838c:	e3403011 	movt	r3, #17
",crash/hangs,-,-,-,-,-,-,-,-,-,-,-,-,-,-,-,-,-,-,-,-,-,-,-,-,-,-,-,-,-,-,-,-,-,-,-,-,-,-,-,-,-,-
5,r3,0, 1074608,"  1065b0:	e3403011 	movt	r3, #17
",r2,3, 1074608,"  1065b0:	e3403011 	movt	r3, #17
",r2,14, 1074608,"  1065b0:	e3403011 	movt	r3, #17
",crash/hangs,-,-,-,-,-,-,-,-,-,-,-,-,-,-,-,-,-,-,-,-,-,-,-,-,-,-,-,-,-,-,-,-,-,-,-,-,-,-,-,-,-,-
6,r1,11, 1079789,"  1079ec:	e30c3cc0 	movw	r3, #52416	; 0xccc0
",r0,16, 1079789,"  1079ec:	e30c3cc0 	movw	r3, #52416	; 0xccc0
",r3,27, 1079789,"  1079ec:	e30c3cc0 	movw	r3, #52416	; 0xccc0
",crash/hangs,-,-,-,-,-,-,-,-,-,-,-,-,-,-,-,-,-,-,-,-,-,-,-,-,-,-,-,-,-,-,-,-,-,-,-,-,-,-,-,-,-,-
7,r1,28, 1081579,"  1080e8:	e0233001 	eor	r3, r3, r1
",r1,4, 1081579,"  1080e8:	e0233001 	eor	r3, r3, r1
",r1,5, 1081579,"  1080e8:	e0233001 	eor	r3, r3, r1
",crash/hangs,-,-,-,-,-,-,-,-,-,-,-,-,-,-,-,-,-,-,-,-,-,-,-,-,-,-,-,-,-,-,-,-,-,-,-,-,-,-,-,-,-,-
8,r1,26, 1070512,"  1055b0:	e1a00003 	mov	r0, r3
",r3,7, 1070512,"  1055b0:	e1a00003 	mov	r0, r3
",r1,29, 1070512,"  1055b0:	e1a00003 	mov	r0, r3
",SDC, 693, 228, 3871, 5, 2992, 877, 1, 324, 503, 12, 246, 45342, 293, 3, 242, 4518, 12388, 509, 19, 32093, 6504, 11671, 0, 0, 26, 3179, 3165, 3930, 37, 0, 0, 17, 21, 216, 8, 45824, 36922, 40559, 2, 0, 0, 316
9,r2,2, 1081426,"  108050:	e0233001 	eor	r3, r3, r1
",r2,25, 1081426,"  108050:	e0233001 	eor	r3, r3, r1
",r1,8, 1081426,"  108050:	e0233001 	eor	r3, r3, r1
",crash/hangs,-,-,-,-,-,-,-,-,-,-,-,-,-,-,-,-,-,-,-,-,-,-,-,-,-,-,-,-,-,-,-,-,-,-,-,-,-,-,-,-,-,-
10,r1,5, 1081485,"  10808c:	e1a00003 	mov	r0, r3
",r3,9, 1081485,"  10808c:	e1a00003 	mov	r0, r3
",r1,16, 1081485,"  10808c:	e1a00003 	mov	r0, r3
",crash/hangs,-,-,-,-,-,-,-,-,-,-,-,-,-,-,-,-,-,-,-,-,-,-,-,-,-,-,-,-,-,-,-,-,-,-,-,-,-,-,-,-,-,-
11,r0,19, 1073403,"  1060f8:	e1a00003 	mov	r0, r3
",r0,12, 1073403,"  1060f8:	e1a00003 	mov	r0, r3
",r2,29, 1073403,"  1060f8:	e1a00003 	mov	r0, r3
",SDC, 883, 225, 3848, 2, 2960, 849, 1, 339, 504, 13, 225, 46111, 293, 3, 235, 4580, 11726, 408, 14, 32790, 8121, 11618, 0, 0, 26, 3158, 3165, 3848, 35, 0, 0, 19, 23, 128, 2, 46346, 37928, 41491, 1, 0, 0, 316
12,r3,18, 1080288,"  107be0:	e0211003 	eor	r1, r1, r3
",r0,20, 1080288,"  107be0:	e0211003 	eor	r1, r1, r3
",r0,17, 1080288,"  107be0:	e0211003 	eor	r1, r1, r3
",crash/hangs,-,-,-,-,-,-,-,-,-,-,-,-,-,-,-,-,-,-,-,-,-,-,-,-,-,-,-,-,-,-,-,-,-,-,-,-,-,-,-,-,-,-
13,r2,30, 1070786,"  1056c0:	e6ef3073 	uxtb	r3, r3
",r1,17, 1070786,"  1056c0:	e6ef3073 	uxtb	r3, r3
",r2,11, 1070786,"  1056c0:	e6ef3073 	uxtb	r3, r3
",SDC, 794, 227, 3896, 2, 2997, 873, 1, 324, 504, 13, 230, 46557, 293, 3, 238, 4513, 11770, 409, 12, 33308, 7999, 11781, 0, 0, 26, 3135, 3222, 3919, 36, 0, 0, 19, 23, 137, 2, 46705, 37932, 41621, 1, 0, 0, 317
14,r3,9, 1080234,"  107ba8:	e51b3014 	ldr	r3, [fp, #-20]	; 0xffffffec
",r3,7, 1080234,"  107ba8:	e51b3014 	ldr	r3, [fp, #-20]	; 0xffffffec
",r2,18, 1080234,"  107ba8:	e51b3014 	ldr	r3, [fp, #-20]	; 0xffffffec
",crash/hangs,-,-,-,-,-,-,-,-,-,-,-,-,-,-,-,-,-,-,-,-,-,-,-,-,-,-,-,-,-,-,-,-,-,-,-,-,-,-,-,-,-,-
15,r1,3, 1065368,"  104198:	e2831004 	add	r1, r3, #4
",r3,3, 1065368,"  104198:	e2831004 	add	r1, r3, #4
",r1,31, 1065368,"  104198:	e2831004 	add	r1, r3, #4
",crash/hangs,-,-,-,-,-,-,-,-,-,-,-,-,-,-,-,-,-,-,-,-,-,-,-,-,-,-,-,-,-,-,-,-,-,-,-,-,-,-,-,-,-,-
16,r3,16, 1078097,"  107350:	e283301c 	add	r3, r3, #28
",r2,31, 1078097,"  107350:	e283301c 	add	r3, r3, #28
",r0,14, 1078097,"  107350:	e283301c 	add	r3, r3, #28
",crash/hangs,-,-,-,-,-,-,-,-,-,-,-,-,-,-,-,-,-,-,-,-,-,-,-,-,-,-,-,-,-,-,-,-,-,-,-,-,-,-,-,-,-,-
17,r1,4, 1073614,"  1061cc:	e51b3020 	ldr	r3, [fp, #-32]	; 0xffffffe0
",r0,16, 1073614,"  1061cc:	e51b3020 	ldr	r3, [fp, #-32]	; 0xffffffe0
",r0,26, 1073614,"  1061cc:	e51b3020 	ldr	r3, [fp, #-32]	; 0xffffffe0
",SDC, 887, 227, 3842, 2, 2981, 859, 1, 336, 504, 13, 226, 45287, 293, 3, 233, 4701, 11254, 408, 13, 32743, 7890, 11638, 0, 0, 26, 3160, 3174, 3860, 35, 0, 0, 17, 21, 135, 2, 45582, 37419, 40973, 1, 0, 0, 316
18,r3,9, 1068955,"  104f98:	e5932000 	ldr	r2, [r3]
",r2,19, 1068955,"  104f98:	e5932000 	ldr	r2, [r3]
",r2,20, 1068955,"  104f98:	e5932000 	ldr	r2, [r3]
",SDC, 803, 344, 3863, 3, 2959, 863, 1, 324, 504, 13, 233, 45269, 293, 3, 238, 4223, 11551, 411, 11, 32136, 7473, 11768, 0, 0, 26, 3178, 3177, 3922, 35, 0, 0, 19, 23, 129, 5, 45582, 37456, 40995, 2, 0, 0, 316
19,r0,13, 1080549,"  107ce4:	e30c3cc0 	movw	r3, #52416	; 0xccc0
",r0,8, 1080549,"  107ce4:	e30c3cc0 	movw	r3, #52416	; 0xccc0
",r1,24, 1080549,"  107ce4:	e30c3cc0 	movw	r3, #52416	; 0xccc0
",crash/hangs,-,-,-,-,-,-,-,-,-,-,-,-,-,-,-,-,-,-,-,-,-,-,-,-,-,-,-,-,-,-,-,-,-,-,-,-,-,-,-,-,-,-
20,r0,12, 1065334,"  104174:	e51b3024 	ldr	r3, [fp, #-36]	; 0xffffffdc
",r3,18, 1065334,"  104174:	e51b3024 	ldr	r3, [fp, #-36]	; 0xffffffdc
",r0,11, 1065334,"  104174:	e51b3024 	ldr	r3, [fp, #-36]	; 0xffffffdc
",crash/hangs,-,-,-,-,-,-,-,-,-,-,-,-,-,-,-,-,-,-,-,-,-,-,-,-,-,-,-,-,-,-,-,-,-,-,-,-,-,-,-,-,-,-
21,r1,10, 1077456,"  1070d0:	e30c3cc0 	movw	r3, #52416	; 0xccc0
",r1,4, 1077456,"  1070d0:	e30c3cc0 	movw	r3, #52416	; 0xccc0
",r2,17, 1077456,"  1070d0:	e30c3cc0 	movw	r3, #52416	; 0xccc0
",crash/hangs,-,-,-,-,-,-,-,-,-,-,-,-,-,-,-,-,-,-,-,-,-,-,-,-,-,-,-,-,-,-,-,-,-,-,-,-,-,-,-,-,-,-
22,r0,20, 1072550,"  105da4:	e51b300c 	ldr	r3, [fp, #-12]
",r2,5, 1072550,"  105da4:	e51b300c 	ldr	r3, [fp, #-12]
",r0,22, 1072550,"  105da4:	e51b300c 	ldr	r3, [fp, #-12]
",SDC, 852, 228, 3853, 2, 2970, 851, 1, 336, 504, 13, 238, 45721, 293, 3, 241, 4147, 11421, 418, 12, 32472, 7686, 11662, 0, 0, 26, 3175, 3152, 3850, 34, 0, 0, 19, 23, 136, 2, 45967, 37178, 40725, 1, 0, 0, 317
23,r0,9, 1072442,"  105d38:	e51b3008 	ldr	r3, [fp, #-8]
",r1,12, 1072442,"  105d38:	e51b3008 	ldr	r3, [fp, #-8]
",r1,19, 1072442,"  105d38:	e51b3008 	ldr	r3, [fp, #-8]
",benign, 916, 352, 3812, 2, 2922, 840, 1, 340, 505, 13, 232, 45457, 294, 3, 241, 4466, 11205, 409, 12, 32532, 8543, 11615, 0, 0, 26, 3151, 3154, 3834, 35, 0, 0, 19, 24, 128, 2, 45821, 37061, 40831, 1, 0, 0, 316
24,r2,20, 1072963,"  105f40:	e7933100 	ldr	r3, [r3, r0, lsl #2]
",r3,28, 1072963,"  105f40:	e7933100 	ldr	r3, [r3, r0, lsl #2]
",r1,4, 1072963,"  105f40:	e7933100 	ldr	r3, [r3, r0, lsl #2]
",SDC, 932, 350, 3873, 2, 2966, 866, 1, 324, 503, 13, 234, 45179, 293, 3, 230, 5047, 10735, 418, 10, 32129, 8086, 11724, 0, 0, 26, 3184, 3175, 3912, 35, 0, 0, 17, 21, 125, 2, 45546, 36823, 40407, 1, 0, 0, 317
25,r0,18, 1081619,"  108110:	e3403011 	movt	r3, #17
",r0,28, 1081619,"  108110:	e3403011 	movt	r3, #17
",r2,13, 1081619,"  108110:	e3403011 	movt	r3, #17
",crash/hangs,-,-,-,-,-,-,-,-,-,-,-,-,-,-,-,-,-,-,-,-,-,-,-,-,-,-,-,-,-,-,-,-,-,-,-,-,-,-,-,-,-,-
26,r2,24, 1065706,"  1042e8:	e353000e 	cmp	r3, #14
",r3,12, 1065706,"  1042e8:	e353000e 	cmp	r3, #14
",r3,28, 1065706,"  1042e8:	e353000e 	cmp	r3, #14
",SDC, 639, 199, 3265, 2, 2436, 815, 1, 324, 505, 13, 244, 41349, 294, 3, 209, 4697, 10015, 418, 11, 30499, 8646, 9619, 0, 0, 26, 2421, 2429, 3292, 36, 0, 0, 17, 22, 125, 2, 42119, 33255, 36763, 1, 0, 0, 317
27,r2,10, 1083105,"  1086e0:	e50b301c 	str	r3, [fp, #-28]	; 0xffffffe4
",r2,15, 1083105,"  1086e0:	e50b301c 	str	r3, [fp, #-28]	; 0xffffffe4
",r2,28, 1083105,"  1086e0:	e50b301c 	str	r3, [fp, #-28]	; 0xffffffe4
",crash/hangs,-,-,-,-,-,-,-,-,-,-,-,-,-,-,-,-,-,-,-,-,-,-,-,-,-,-,-,-,-,-,-,-,-,-,-,-,-,-,-,-,-,-
28,r3,3, 1063742,"  103b3c:	e30d3cc0 	movw	r3, #56512	; 0xdcc0
",r3,8, 1063742,"  103b3c:	e30d3cc0 	movw	r3, #56512	; 0xdcc0
",r0,29, 1063742,"  103b3c:	e30d3cc0 	movw	r3, #56512	; 0xdcc0
",benign, 614, 221, 3820, 2, 2948, 854, 1, 340, 505, 13, 219, 44990, 294, 3, 231, 4085, 11357, 411, 15, 31545, 7369, 11586, 0, 0, 26, 3187, 3121, 3814, 34, 0, 0, 19, 24, 127, 2, 45196, 37260, 40767, 1, 0, 0, 316
29,r0,8, 1071131,"  105818:	e3403011 	movt	r3, #17
",r1,17, 1071131,"  105818:	e3403011 	movt	r3, #17
",r3,22, 1071131,"  105818:	e3403011 	movt	r3, #17
",SDC, 870, 351, 3870, 3, 2962, 864, 1, 324, 504, 12, 245, 46119, 293, 3, 237, 4191, 11632, 501, 14, 32517, 7743, 11765, 0, 0, 26, 3198, 3160, 3925, 36, 0, 0, 17, 21, 224, 6, 45884, 37446, 41012, 2, 0, 0, 317
30,r2,23, 1062449,"  103630:	e3530000 	cmp	r3, #0
",r0,8, 1062449,"  103630:	e3530000 	cmp	r3, #0
",r2,30, 1062449,"  103630:	e3530000 	cmp	r3, #0
",crash/hangs,-,-,-,-,-,-,-,-,-,-,-,-,-,-,-,-,-,-,-,-,-,-,-,-,-,-,-,-,-,-,-,-,-,-,-,-,-,-,-,-,-,-
31,r1,13, 1070494,"  10559c:	e3403011 	movt	r3, #17
",r3,9, 1070494,"  10559c:	e3403011 	movt	r3, #17
",r0,31, 1070494,"  10559c:	e3403011 	movt	r3, #17
",SDC, 788, 227, 3890, 3, 2991, 870, 1, 324, 503, 13, 239, 45989, 293, 3, 242, 4562, 11719, 422, 13, 32474, 8099, 11722, 0, 0, 26, 3166, 3192, 3930, 36, 0, 0, 17, 21, 220, 6, 46095, 37789, 41304, 2, 0, 0, 317
32,r3,9, 1064255,"  103d3c:	e2833030 	add	r3, r3, #48	; 0x30
",r3,13, 1064255,"  103d3c:	e2833030 	add	r3, r3, #48	; 0x30
",r0,27, 1064255,"  103d3c:	e2833030 	add	r3, r3, #48	; 0x30
",SDC, 700, 349, 3839, 3, 2952, 875, 1, 324, 504, 13, 236, 45630, 293, 3, 237, 4425, 11288, 411, 14, 32464, 7730, 11687, 0, 0, 26, 3236, 3215, 3914, 37, 0, 0, 19, 23, 139, 6, 46228, 37259, 40932, 2, 0, 0, 316
33,r2,24, 1082502,"  108484:	e51b3008 	ldr	r3, [fp, #-8]
",r2,20, 1082502,"  108484:	e51b3008 	ldr	r3, [fp, #-8]
",r3,31, 1082502,"  108484:	e51b3008 	ldr	r3, [fp, #-8]
",crash/hangs,-,-,-,-,-,-,-,-,-,-,-,-,-,-,-,-,-,-,-,-,-,-,-,-,-,-,-,-,-,-,-,-,-,-,-,-,-,-,-,-,-,-
34,r0,20, 1073116,"  105fdc:	e0211003 	eor	r1, r1, r3
",r2,19, 1073116,"  105fdc:	e0211003 	eor	r1, r1, r3
",r1,5, 1073116,"  105fdc:	e0211003 	eor	r1, r1, r3
",SDC, 769, 226, 3853, 4, 2969, 853, 1, 338, 504, 13, 231, 44802, 293, 3, 237, 4778, 11392, 563, 13, 31774, 7236, 11534, 0, 0, 26, 3151, 3181, 3856, 36, 0, 0, 19, 24, 127, 4, 45474, 36619, 40204, 1, 0, 0, 316
35,r1,2, 1069980,"  10539c:	e30b3cc0 	movw	r3, #48320	; 0xbcc0
",r1,7, 1069980,"  10539c:	e30b3cc0 	movw	r3, #48320	; 0xbcc0
",r2,13, 1069980,"  10539c:	e30b3cc0 	movw	r3, #48320	; 0xbcc0
",SDC, 751, 352, 3863, 4, 2960, 867, 1, 324, 504, 13, 228, 44931, 293, 3, 238, 4328, 12203, 419, 12, 31994, 6916, 11675, 0, 0, 26, 3233, 3141, 3936, 37, 0, 0, 17, 21, 125, 4, 45578, 36382, 39902, 1, 0, 0, 317
36,r2,14, 1080937,"  107e68:	e51b3020 	ldr	r3, [fp, #-32]	; 0xffffffe0
",r2,25, 1080937,"  107e68:	e51b3020 	ldr	r3, [fp, #-32]	; 0xffffffe0
",r2,30, 1080937,"  107e68:	e51b3020 	ldr	r3, [fp, #-32]	; 0xffffffe0
",crash/hangs,-,-,-,-,-,-,-,-,-,-,-,-,-,-,-,-,-,-,-,-,-,-,-,-,-,-,-,-,-,-,-,-,-,-,-,-,-,-,-,-,-,-
37,r2,27, 1066927,"  1047ac:	e30b3cc0 	movw	r3, #48320	; 0xbcc0
",r2,24, 1066927,"  1047ac:	e30b3cc0 	movw	r3, #48320	; 0xbcc0
",r0,21, 1066927,"  1047ac:	e30b3cc0 	movw	r3, #48320	; 0xbcc0
",SDC, 675, 237, 3888, 2, 2994, 876, 1, 324, 503, 13, 229, 45604, 293, 3, 236, 4130, 12137, 418, 11, 32835, 7972, 11755, 0, 0, 26, 3203, 3166, 3919, 36, 0, 0, 19, 23, 128, 2, 46098, 37812, 41263, 1, 0, 0, 317
38,r0,15, 1066886,"  104784:	e1a00003 	mov	r0, r3
",r0,15, 1066886,"  104784:	e1a00003 	mov	r0, r3
",r3,15, 1066886,"  104784:	e1a00003 	mov	r0, r3
",SDC, 747, 346, 3867, 2, 2963, 870, 1, 324, 504, 13, 239, 45022, 293, 3, 234, 4619, 11183, 419, 14, 32141, 7761, 11784, 0, 0, 26, 3189, 3151, 3922, 35, 0, 0, 17, 21, 135, 2, 45713, 36943, 40635, 1, 0, 0, 316
39,r1,21, 1067267,"  104900:	e51b3008 	ldr	r3, [fp, #-8]
",r0,16, 1067267,"  104900:	e51b3008 	ldr	r3, [fp, #-8]
",r2,16, 1067267,"  104900:	e51b3008 	ldr	r3, [fp, #-8]
",benign, 760, 353, 3815, 2, 2924, 841, 1, 340, 504, 13, 222, 45735, 294, 3, 242, 4790, 11282, 419, 12, 32868, 8161, 11647, 0, 0, 26, 3155, 3185, 3837, 36, 0, 0, 17, 21, 125, 2, 46401, 37659, 41345, 1, 0, 0, 316
40,r1,22, 1080127,"  107b3c:	e3403011 	movt	r3, #17
",r2,27, 1080127,"  107b3c:	e3403011 	movt	r3, #17
",r0,1, 1080127,"  107b3c:	e3403011 	movt	r3, #17
",crash/hangs,-,-,-,-,-,-,-,-,-,-,-,-,-,-,-,-,-,-,-,-,-,-,-,-,-,-,-,-,-,-,-,-,-,-,-,-,-,-,-,-,-,-
41,r2,7, 1080561,"  107cf0:	e51b3010 	ldr	r3, [fp, #-16]
",r2,13, 1080561,"  107cf0:	e51b3010 	ldr	r3, [fp, #-16]
",r2,1, 1080561,"  107cf0:	e51b3010 	ldr	r3, [fp, #-16]
",crash/hangs,-,-,-,-,-,-,-,-,-,-,-,-,-,-,-,-,-,-,-,-,-,-,-,-,-,-,-,-,-,-,-,-,-,-,-,-,-,-,-,-,-,-
42,r2,10, 1074352,"  1064b0:	e24dd03c 	sub	sp, sp, #60	; 0x3c
",r1,7, 1074352,"  1064b0:	e24dd03c 	sub	sp, sp, #60	; 0x3c
",r3,25, 1074352,"  1064b0:	e24dd03c 	sub	sp, sp, #60	; 0x3c
",crash/hangs,-,-,-,-,-,-,-,-,-,-,-,-,-,-,-,-,-,-,-,-,-,-,-,-,-,-,-,-,-,-,-,-,-,-,-,-,-,-,-,-,-,-
43,r3,6, 1075362,"  1068a0:	e1a01003 	mov	r1, r3
",r2,24, 1075362,"  1068a0:	e1a01003 	mov	r1, r3
",r0,30, 1075362,"  1068a0:	e1a01003 	mov	r1, r3
",crash/hangs,-,-,-,-,-,-,-,-,-,-,-,-,-,-,-,-,-,-,-,-,-,-,-,-,-,-,-,-,-,-,-,-,-,-,-,-,-,-,-,-,-,-
44,r2,6, 1070166,"  105454:	e2833034 	add	r3, r3, #52	; 0x34
",r3,9, 1070166,"  105454:	e2833034 	add	r3, r3, #52	; 0x34
",r2,20, 1070166,"  105454:	e2833034 	add	r3, r3, #52	; 0x34
",SDC, 778, 224, 3878, 3, 2996, 873, 1, 324, 504, 13, 236, 45474, 293, 3, 238, 4543, 11155, 420, 13, 32271, 7833, 11748, 0, 0, 26, 3159, 3182, 3903, 33, 0, 0, 19, 23, 129, 5, 45618, 37168, 40734, 2, 0, 0, 317
45,r1,24, 1065467,"  1041f8:	e2831004 	add	r1, r3, #4
",r3,31, 1065467,"  1041f8:	e2831004 	add	r1, r3, #4
",r0,26, 1065467,"  1041f8:	e2831004 	add	r1, r3, #4
",crash/hangs,-,-,-,-,-,-,-,-,-,-,-,-,-,-,-,-,-,-,-,-,-,-,-,-,-,-,-,-,-,-,-,-,-,-,-,-,-,-,-,-,-,-
46,r1,31, 1065310,"  10415c:	e51b300c 	ldr	r3, [fp, #-12]
",r1,12, 1065310,"  10415c:	e51b300c 	ldr	r3, [fp, #-12]
",r3,1, 1065310,"  10415c:	e51b300c 	ldr	r3, [fp, #-12]
",crash/hangs,-,-,-,-,-,-,-,-,-,-,-,-,-,-,-,-,-,-,-,-,-,-,-,-,-,-,-,-,-,-,-,-,-,-,-,-,-,-,-,-,-,-
47,r1,4, 1062558,"  10369c:	e6af3073 	sxtb	r3, r3
",r0,7, 1062558,"  10369c:	e6af3073 	sxtb	r3, r3
",r3,7, 1062558,"  10369c:	e6af3073 	sxtb	r3, r3
",benign, 622, 232, 3822, 2, 2944, 851, 1, 340, 505, 13, 219, 45686, 294, 3, 240, 4163, 11607, 408, 14, 32433, 7780, 11550, 0, 0, 26, 3177, 3144, 3818, 34, 0, 0, 19, 23, 129, 2, 46157, 37437, 40944, 1, 0, 0, 317
48,r2,21, 1067020,"  10480c:	e2800c01 	add	r0, r0, #256	; 0x100
",r2,5, 1067020,"  10480c:	e2800c01 	add	r0, r0, #256	; 0x100
",r0,31, 1067020,"  10480c:	e2800c01 	add	r0, r0, #256	; 0x100
",SDC, 663, 346, 3860, 4, 2959, 864, 1, 324, 504, 13, 234, 44664, 293, 3, 238, 4113, 11694, 408, 13, 31141, 6702, 11693, 0, 0, 26, 3176, 3189, 3917, 36, 0, 0, 17, 21, 255, 5, 45320, 36552, 40337, 1, 0, 0, 316
49,r1,19, 1064515,"  103e40:	e5832000 	str	r2, [r3]
",r2,18, 1064515,"  103e40:	e5832000 	str	r2, [r3]
",r1,12, 1064515,"  103e40:	e5832000 	str	r2, [r3]
",crash/hangs,-,-,-,-,-,-,-,-,-,-,-,-,-,-,-,-,-,-,-,-,-,-,-,-,-,-,-,-,-,-,-,-,-,-,-,-,-,-,-,-,-,-
50,r3,10, 1077874,"  107270:	e1a00003 	mov	r0, r3
",r0,16, 1077874,"  107270:	e1a00003 	mov	r0, r3
",r3,0, 1077874,"  107270:	e1a00003 	mov	r0, r3
",crash/hangs,-,-,-,-,-,-,-,-,-,-,-,-,-,-,-,-,-,-,-,-,-,-,-,-,-,-,-,-,-,-,-,-,-,-,-,-,-,-,-,-,-,-
51,r2,3, 1072868,"  105ee4:	e30b3cc0 	movw	r3, #48320	; 0xbcc0
",r3,3, 1072868,"  105ee4:	e30b3cc0 	movw	r3, #48320	; 0xbcc0
",r1,20, 1072868,"  105ee4:	e30b3cc0 	movw	r3, #48320	; 0xbcc0
",SDC, 764, 225, 3869, 4, 2992, 875, 1, 324, 503, 13, 232, 45041, 293, 3, 235, 4429, 11573, 409, 13, 31975, 7063, 11665, 0, 0, 26, 3164, 3189, 3925, 35, 0, 0, 17, 21, 135, 4, 45535, 36560, 40141, 1, 0, 0, 316
52,r1,6, 1072596,"  105dd4:	e2833074 	add	r3, r3, #116	; 0x74
",r1,28, 1072596,"  105dd4:	e2833074 	add	r3, r3, #116	; 0x74
",r2,17, 1072596,"  105dd4:	e2833074 	add	r3, r3, #116	; 0x74
",benign, 829, 351, 3796, 4, 2928, 844, 1, 340, 505, 13, 222, 44423, 294, 3, 233, 4372, 11271, 408, 16, 30569, 6612, 11517, 0, 0, 26, 3175, 3151, 3830, 35, 0, 0, 19, 23, 128, 4, 44671, 35975, 39488, 1, 0, 0, 316
53,r0,23, 1080983,"  107e94:	e51b3008 	ldr	r3, [fp, #-8]
",r2,9, 1080983,"  107e94:	e51b3008 	ldr	r3, [fp, #-8]
",r2,6, 1080983,"  107e94:	e51b3008 	ldr	r3, [fp, #-8]
",crash/hangs,-,-,-,-,-,-,-,-,-,-,-,-,-,-,-,-,-,-,-,-,-,-,-,-,-,-,-,-,-,-,-,-,-,-,-,-,-,-,-,-,-,-
54,r0,1, 1066437,"  1045c4:	e3403011 	movt	r3, #17
",r1,31, 1066437,"  1045c4:	e3403011 	movt	r3, #17
",r1,10, 1066437,"  1045c4:	e3403011 	movt	r3, #17
",SDC, 664, 224, 3894, 2, 2992, 872, 1, 324, 504, 12, 231, 45387, 293, 3, 236, 4175, 11623, 419, 13, 32273, 8504, 11742, 0, 0, 26, 3185, 3178, 3914, 37, 0, 0, 19, 24, 138, 2, 46126, 37750, 41322, 1, 0, 0, 316
55,r1,2, 1081213,"  107f7c:	e6ef3073 	uxtb	r3, r3
",r2,22, 1081213,"  107f7c:	e6ef3073 	uxtb	r3, r3
",r3,29, 1081213,"  107f7c:	e6ef3073 	uxtb	r3, r3
",crash/hangs,-,-,-,-,-,-,-,-,-,-,-,-,-,-,-,-,-,-,-,-,-,-,-,-,-,-,-,-,-,-,-,-,-,-,-,-,-,-,-,-,-,-
56,r1,11, 1072250,"  105c78:	e1a03c23 	lsr	r3, r3, #24
",r2,26, 1072250,"  105c78:	e1a03c23 	lsr	r3, r3, #24
",r0,22, 1072250,"  105c78:	e1a03c23 	lsr	r3, r3, #24
",SDC, 843, 218, 3875, 2, 3001, 875, 1, 324, 503, 13, 231, 45822, 293, 3, 232, 4596, 11460, 419, 15, 32601, 8478, 11810, 0, 0, 26, 3173, 3180, 3926, 37, 0, 0, 17, 21, 310, 2, 46137, 37722, 41255, 1, 0, 0, 316
57,r2,3, 1062565,"  1036a4:	e51b3024 	ldr	r3, [fp, #-36]	; 0xffffffdc
",r1,24, 1062565,"  1036a4:	e51b3024 	ldr	r3, [fp, #-36]	; 0xffffffdc
",r1,10, 1062565,"  1036a4:	e51b3024 	ldr	r3, [fp, #-36]	; 0xffffffdc
",benign, 679, 349, 3795, 2, 2909, 846, 1, 353, 520, 13, 224, 53872, 309, 3, 347, 4283, 16924, 410, 22, 38551, 7810, 14110, 0, 0, 26, 3955, 3824, 4858, 36, 0, 0, 17, 21, 126, 2, 54280, 45885, 49359, 1, 0, 0, 316
58,r3,22, 1076420,"  106cc4:	e5932000 	ldr	r2, [r3]
",r3,1, 1076420,"  106cc4:	e5932000 	ldr	r2, [r3]
",r2,12, 1076420,"  106cc4:	e5932000 	ldr	r2, [r3]
",crash/hangs,-,-,-,-,-,-,-,-,-,-,-,-,-,-,-,-,-,-,-,-,-,-,-,-,-,-,-,-,-,-,-,-,-,-,-,-,-,-,-,-,-,-
59,r3,21, 1074991,"  10672c:	e0211003 	eor	r1, r1, r3
",r1,5, 1074991,"  10672c:	e0211003 	eor	r1, r1, r3
",r2,7, 1074991,"  10672c:	e0211003 	eor	r1, r1, r3
",crash/hangs,-,-,-,-,-,-,-,-,-,-,-,-,-,-,-,-,-,-,-,-,-,-,-,-,-,-,-,-,-,-,-,-,-,-,-,-,-,-,-,-,-,-
60,r3,13, 1064398,"  103dcc:	e5d33208 	ldrb	r3, [r3, #520]	; 0x208
",r3,24, 1064398,"  103dcc:	e5d33208 	ldrb	r3, [r3, #520]	; 0x208
",r1,26, 1064398,"  103dcc:	e5d33208 	ldrb	r3, [r3, #520]	; 0x208
",crash/hangs,-,-,-,-,-,-,-,-,-,-,-,-,-,-,-,-,-,-,-,-,-,-,-,-,-,-,-,-,-,-,-,-,-,-,-,-,-,-,-,-,-,-
61,r1,10, 1065392,"  1041b0:	e50b3008 	str	r3, [fp, #-8]
",r3,5, 1065392,"  1041b0:	e50b3008 	str	r3, [fp, #-8]
",r0,26, 1065392,"  1041b0:	e50b3008 	str	r3, [fp, #-8]
",crash/hangs,-,-,-,-,-,-,-,-,-,-,-,-,-,-,-,-,-,-,-,-,-,-,-,-,-,-,-,-,-,-,-,-,-,-,-,-,-,-,-,-,-,-
62,r3,21, 1063299,"  103980:	e1a03c23 	lsr	r3, r3, #24
",r1,3, 1063299,"  103980:	e1a03c23 	lsr	r3, r3, #24
",r1,24, 1063299,"  103980:	e1a03c23 	lsr	r3, r3, #24
",crash/hangs,-,-,-,-,-,-,-,-,-,-,-,-,-,-,-,-,-,-,-,-,-,-,-,-,-,-,-,-,-,-,-,-,-,-,-,-,-,-,-,-,-,-
63,r3,28, 1074674,"  1065f0:	e3403011 	movt	r3, #17
",r0,11, 1074674,"  1065f0:	e3403011 	movt	r3, #17
",r0,25, 1074674,"  1065f0:	e3403011 	movt	r3, #17
",crash/hangs,-,-,-,-,-,-,-,-,-,-,-,-,-,-,-,-,-,-,-,-,-,-,-,-,-,-,-,-,-,-,-,-,-,-,-,-,-,-,-,-,-,-
0,r0,0, 1064109,"  103cac:	e1a00003 	mov	r0, r3
",r2,6, 1064109,"  103cac:	e1a00003 	mov	r0, r3
",r3,17, 1064109,"  103cac:	e1a00003 	mov	r0, r3
",SDC, 620, 221, 3828, 2, 2948, 874, 1, 324, 504, 13, 234, 45288, 293, 3, 233, 4324, 11161, 606, 14, 32114, 8088, 11699, 0, 0, 26, 3187, 3147, 3904, 36, 0, 0, 19, 23, 137, 2, 45565, 36964, 40474, 1, 0, 0, 316
1,r2,23, 1079147,"  107768:	e0233001 	eor	r3, r3, r1
",r1,29, 1079147,"  107768:	e0233001 	eor	r3, r3, r1
",r3,17, 1079147,"  107768:	e0233001 	eor	r3, r3, r1
",crash/hangs,-,-,-,-,-,-,-,-,-,-,-,-,-,-,-,-,-,-,-,-,-,-,-,-,-,-,-,-,-,-,-,-,-,-,-,-,-,-,-,-,-,-
2,r2,1, 1065925,"  1043c4:	e51b3020 	ldr	r3, [fp, #-32]	; 0xffffffe0
",r3,13, 1065925,"  1043c4:	e51b3020 	ldr	r3, [fp, #-32]	; 0xffffffe0
",r3,23, 1065925,"  1043c4:	e51b3020 	ldr	r3, [fp, #-32]	; 0xffffffe0
",SDC, 649, 228, 3879, 2, 3001, 875, 1, 324, 504, 13, 241, 45445, 293, 3, 243, 4483, 11556, 409, 14, 32620, 7550, 11741, 0, 0, 26, 3146, 3200, 3925, 34, 0, 0, 19, 23, 128, 2, 45975, 37358, 40900, 1, 0, 0, 317
3,r0,9, 1073650,"  1061f0:	e0233002 	eor	r3, r3, r2
",r2,7, 1073650,"  1061f0:	e0233002 	eor	r3, r3, r2
",r3,29, 1073650,"  1061f0:	e0233002 	eor	r3, r3, r2
",SDC, 951, 356, 3816, 2, 2931, 843, 1, 338, 504, 12, 234, 45194, 293, 3, 239, 4678, 11073, 418, 12, 31841, 7729, 11620, 0, 0, 26, 3161, 3164, 3857, 36, 0, 0, 17, 21, 125, 2, 45762, 37359, 41078, 1, 0, 0, 316
4,r3,14, 1065650,"  1042b0:	e50b3020 	str	r3, [fp, #-32]	; 0xffffffe0
",r2,2, 1065650,"  1042b0:	e50b3020 	str	r3, [fp, #-32]	; 0xffffffe0
",r2,26, 1065650,"  1042b0:	e50b3020 	str	r3, [fp, #-32]	; 0xffffffe0
",SDC, 709, 349, 3854, 2, 2950, 866, 1, 324, 504, 13, 234, 45210, 293, 3, 232, 4345, 11416, 409, 13, 32206, 7805, 11767, 0, 0, 26, 3174, 3179, 3958, 36, 0, 0, 17, 21, 135, 2, 46048, 37356, 41060, 1, 0, 0, 317
5,r0,26, 1063253,"  103954:	e1a03823 	lsr	r3, r3, #16
",r2,24, 1063253,"  103954:	e1a03823 	lsr	r3, r3, #16
",r3,10, 1063253,"  103954:	e1a03823 	lsr	r3, r3, #16
",crash/hangs,-,-,-,-,-,-,-,-,-,-,-,-,-,-,-,-,-,-,-,-,-,-,-,-,-,-,-,-,-,-,-,-,-,-,-,-,-,-,-,-,-,-
6,r0,13, 1070254,"  1054ac:	e3403011 	movt	r3, #17
",r3,11, 1070254,"  1054ac:	e3403011 	movt	r3, #17
",r0,7, 1070254,"  1054ac:	e3403011 	movt	r3, #17
",SDC, 786, 228, 3880, 3, 2999, 876, 1, 324, 504, 12, 236, 45922, 293, 3, 236, 4447, 11449, 496, 15, 32295, 7797, 11759, 0, 0, 26, 3152, 3184, 3919, 37, 0, 0, 17, 21, 202, 4, 46123, 37573, 41145, 2, 0, 0, 316
7,r3,16, 1081347,"  108000:	e2800c01 	add	r0, r0, #256	; 0x100
",r1,29, 1081347,"  108000:	e2800c01 	add	r0, r0, #256	; 0x100
",r0,19, 1081347,"  108000:	e2800c01 	add	r0, r0, #256	; 0x100
",crash/hangs,-,-,-,-,-,-,-,-,-,-,-,-,-,-,-,-,-,-,-,-,-,-,-,-,-,-,-,-,-,-,-,-,-,-,-,-,-,-,-,-,-,-
8,r2,24, 1072205,"  105c4c:	e0211003 	eor	r1, r1, r3
",r0,4, 1072205,"  105c4c:	e0211003 	eor	r1, r1, r3
",r3,30, 1072205,"  105c4c:	e0211003 	eor	r1, r1, r3
",SDC, 841, 227, 3879, 2, 3001, 875, 1, 324, 503, 13, 234, 45980, 293, 3, 239, 4467, 11652, 417, 14, 32386, 7993, 11793, 0, 0, 26, 3178, 3181, 3924, 38, 0, 0, 19, 24, 127, 2, 46405, 37354, 40954, 1, 0, 0, 317
9,r1,5, 1081277,"  107fbc:	e0233002 	eor	r3, r3, r2
",r3,5, 1081277,"  107fbc:	e0233002 	eor	r3, r3, r2
",r3,24, 1081277,"  107fbc:	e0233002 	eor	r3, r3, r2
",crash/hangs,-,-,-,-,-,-,-,-,-,-,-,-,-,-,-,-,-,-,-,-,-,-,-,-,-,-,-,-,-,-,-,-,-,-,-,-,-,-,-,-,-,-
10,r0,29, 1075227,"  106818:	e51b300c 	ldr	r3, [fp, #-12]
",r2,14, 1075227,"  106818:	e51b300c 	ldr	r3, [fp, #-12]
",r1,30, 1075227,"  106818:	e51b300c 	ldr	r3, [fp, #-12]
",crash/hangs,-,-,-,-,-,-,-,-,-,-,-,-,-,-,-,-,-,-,-,-,-,-,-,-,-,-,-,-,-,-,-,-,-,-,-,-,-,-,-,-,-,-
11,r0,2, 1077749,"  1071f4:	e1a03c23 	lsr	r3, r3, #24
",r2,6, 1077749,"  1071f4:	e1a03c23 	lsr	r3, r3, #24
",r2,0, 1077749,"  1071f4:	e1a03c23 	lsr	r3, r3, #24
",crash/hangs,-,-,-,-,-,-,-,-,-,-,-,-,-,-,-,-,-,-,-,-,-,-,-,-,-,-,-,-,-,-,-,-,-,-,-,-,-,-,-,-,-,-
12,r0,7, 1078122,"  107368:	e3403011 	movt	r3, #17
",r3,30, 1078122,"  107368:	e3403011 	movt	r3, #17
",r3,6, 1078122,"  107368:	e3403011 	movt	r3, #17
",crash/hangs,-,-,-,-,-,-,-,-,-,-,-,-,-,-,-,-,-,-,-,-,-,-,-,-,-,-,-,-,-,-,-,-,-,-,-,-,-,-,-,-,-,-
13,r2,25, 1068296,"  104d08:	e1a03c23 	lsr	r3, r3, #24
",r0,5, 1068296,"  104d08:	e1a03c23 	lsr	r3, r3, #24
",r1,23, 1068296,"  104d08:	e1a03c23 	lsr	r3, r3, #24
",SDC, 623, 226, 3890, 4, 2992, 871, 1, 324, 504, 13, 236, 44798, 293, 3, 239, 4297, 11413, 427, 12, 31199, 7082, 11696, 0, 0, 26, 3166, 3184, 3927, 37, 0, 0, 17, 21, 125, 4, 45141, 36596, 40141, 1, 0, 0, 316
14,r3,27, 1064289,"  103d60:	e51b3008 	ldr	r3, [fp, #-8]
",r3,9, 1064289,"  103d60:	e51b3008 	ldr	r3, [fp, #-8]
",r3,4, 1064289,"  103d60:	e51b3008 	ldr	r3, [fp, #-8]
",benign, 713, 348, 3782, 2, 2912, 849, 1, 340, 505, 12, 222, 44914, 294, 3, 238, 4575, 11042, 409, 15, 31774, 7814, 11637, 0, 0, 26, 3169, 3133, 3821, 34, 0, 0, 17, 21, 351, 2, 45370, 37103, 40821, 1, 0, 0, 316
15,r0,10, 1081221,"  107f84:	e30c3cc0 	movw	r3, #52416	; 0xccc0
",r0,18, 1081221,"  107f84:	e30c3cc0 	movw	r3, #52416	; 0xccc0
",r3,23, 1081221,"  107f84:	e30c3cc0 	movw	r3, #52416	; 0xccc0
",crash/hangs,-,-,-,-,-,-,-,-,-,-,-,-,-,-,-,-,-,-,-,-,-,-,-,-,-,-,-,-,-,-,-,-,-,-,-,-,-,-,-,-,-,-
16,r1,20, 1065794,"  104340:	e3403011 	movt	r3, #17
",r2,29, 1065794,"  104340:	e3403011 	movt	r3, #17
",r2,28, 1065794,"  104340:	e3403011 	movt	r3, #17
",SDC, 641, 223, 3895, 2, 3003, 874, 1, 324, 503, 13, 229, 45327, 293, 3, 241, 4491, 11517, 409, 14, 32366, 7662, 11761, 0, 0, 26, 3195, 3158, 3930, 36, 0, 0, 19, 23, 136, 2, 45956, 37408, 40929, 1, 0, 0, 317
17,r2,19, 1074543,"  10656c:	e51b3038 	ldr	r3, [fp, #-56]	; 0xffffffc8
",r1,1, 1074543,"  10656c:	e51b3038 	ldr	r3, [fp, #-56]	; 0xffffffc8
",r2,12, 1074543,"  10656c:	e51b3038 	ldr	r3, [fp, #-56]	; 0xffffffc8
",crash/hangs,-,-,-,-,-,-,-,-,-,-,-,-,-,-,-,-,-,-,-,-,-,-,-,-,-,-,-,-,-,-,-,-,-,-,-,-,-,-,-,-,-,-
18,r2,2, 1077681,"  1071b0:	e6ef3073 	uxtb	r3, r3
",r3,0, 1077681,"  1071b0:	e6ef3073 	uxtb	r3, r3
",r0,22, 1077681,"  1071b0:	e6ef3073 	uxtb	r3, r3
",crash/hangs,-,-,-,-,-,-,-,-,-,-,-,-,-,-,-,-,-,-,-,-,-,-,-,-,-,-,-,-,-,-,-,-,-,-,-,-,-,-,-,-,-,-
19,r1,0, 1065598,"  10427c:	e5932000 	ldr	r2, [r3]
",r0,14, 1065598,"  10427c:	e5932000 	ldr	r2, [r3]
",r2,15, 1065598,"  10427c:	e5932000 	ldr	r2, [r3]
",benign, 634, 231, 3831, 2, 2951, 844, 1, 340, 504, 13, 223, 45541, 294, 3, 241, 4269, 11731, 408, 7, 32383, 8098, 11508, 0, 0, 26, 3143, 3167, 3831, 35, 0, 0, 17, 21, 126, 2, 45835, 37196, 40671, 1, 0, 0, 317
20,r2,11, 1066653,"  10469c:	e2833018 	add	r3, r3, #24
",r1,7, 1066653,"  10469c:	e2833018 	add	r3, r3, #24
",r2,9, 1066653,"  10469c:	e2833018 	add	r3, r3, #24
",benign, 731, 345, 3808, 2, 2924, 845, 1, 340, 505, 12, 226, 45232, 294, 3, 239, 4305, 11434, 418, 11, 32025, 7846, 11596, 0, 0, 26, 3144, 3175, 3843, 36, 0, 0, 19, 23, 128, 2, 45458, 37146, 40885, 1, 0, 0, 316
21,r2,12, 1078831,"  10762c:	e3403011 	movt	r3, #17
",r2,20, 1078831,"  10762c:	e3403011 	movt	r3, #17
",r3,9, 1078831,"  10762c:	e3403011 	movt	r3, #17
",crash/hangs,-,-,-,-,-,-,-,-,-,-,-,-,-,-,-,-,-,-,-,-,-,-,-,-,-,-,-,-,-,-,-,-,-,-,-,-,-,-,-,-,-,-
22,r1,4, 1070745,"  105698:	e3403011 	movt	r3, #17
",r0,1, 1070745,"  105698:	e3403011 	movt	r3, #17
",r0,11, 1070745,"  105698:	e3403011 	movt	r3, #17
",SDC, 800, 231, 3895, 3, 2995, 871, 1, 324, 504, 13, 236, 45661, 293, 3, 242, 4184, 11695, 421, 17, 32333, 7876, 11776, 0, 0, 26, 3192, 3175, 3923, 35, 0, 0, 19, 24, 129, 5, 46085, 37411, 40988, 2, 0, 0, 317
23,r1,8, 1080004,"  107ac4:	e30c3cc0 	movw	r3, #52416	; 0xccc0
",r1,21, 1080004,"  107ac4:	e30c3cc0 	movw	r3, #52416	; 0xccc0
",r3,18, 1080004,"  107ac4:	e30c3cc0 	movw	r3, #52416	; 0xccc0
",crash/hangs,-,-,-,-,-,-,-,-,-,-,-,-,-,-,-,-,-,-,-,-,-,-,-,-,-,-,-,-,-,-,-,-,-,-,-,-,-,-,-,-,-,-
24,r0,27, 1073587,"  1061b0:	e6ef3073 	uxtb	r3, r3
",r3,21, 1073587,"  1061b0:	e6ef3073 	uxtb	r3, r3
",r0,17, 1073587,"  1061b0:	e6ef3073 	uxtb	r3, r3
",benign, 885, 232, 3837, 2, 2961, 849, 1, 340, 505, 13, 231, 45608, 294, 3, 242, 4511, 11709, 419, 13, 32618, 7831, 11604, 0, 0, 26, 3143, 3169, 3836, 38, 0, 0, 17, 21, 125, 2, 46108, 37704, 41391, 1, 0, 0, 316
25,r3,22, 1075032,"  106758:	e50b3010 	str	r3, [fp, #-16]
",r1,13, 1075032,"  106758:	e50b3010 	str	r3, [fp, #-16]
",r0,25, 1075032,"  106758:	e50b3010 	str	r3, [fp, #-16]
",crash/hangs,-,-,-,-,-,-,-,-,-,-,-,-,-,-,-,-,-,-,-,-,-,-,-,-,-,-,-,-,-,-,-,-,-,-,-,-,-,-,-,-,-,-
26,r2,23, 1069479,"  1051a4:	e1a03823 	lsr	r3, r3, #16
",r1,13, 1069479,"  1051a4:	e1a03823 	lsr	r3, r3, #16
",r1,25, 1069479,"  1051a4:	e1a03823 	lsr	r3, r3, #16
",SDC, 756, 223, 3898, 2, 2996, 870, 1, 324, 503, 13, 241, 45635, 293, 3, 237, 4497, 11351, 410, 13, 32294, 8045, 11734, 0, 0, 26, 3193, 3156, 3929, 38, 0, 0, 17, 21, 125, 2, 45674, 37297, 40880, 1, 0, 0, 317
27,r0,23, 1075277,"  10684c:	e30c3cc0 	movw	r3, #52416	; 0xccc0
",r3,6, 1075277,"  10684c:	e30c3cc0 	movw	r3, #52416	; 0xccc0
",r2,22, 1075277,"  10684c:	e30c3cc0 	movw	r3, #52416	; 0xccc0
",crash/hangs,-,-,-,-,-,-,-,-,-,-,-,-,-,-,-,-,-,-,-,-,-,-,-,-,-,-,-,-,-,-,-,-,-,-,-,-,-,-,-,-,-,-
28,r3,3, 1063852,"  103bac:	e6ef3073 	uxtb	r3, r3
",r1,27, 1063852,"  103bac:	e6ef3073 	uxtb	r3, r3
",r2,11, 1063852,"  103bac:	e6ef3073 	uxtb	r3, r3
",SDC, 527, 220, 3907, 4, 3010, 882, 1, 324, 504, 13, 243, 45069, 293, 3, 238, 4462, 12180, 410, 15, 31623, 6561, 11625, 0, 0, 26, 3199, 3145, 3908, 36, 0, 0, 19, 23, 128, 5, 45459, 36872, 40370, 1, 0, 0, 317
29,r3,31, 1067185,"  1048b0:	e51b301c 	ldr	r3, [fp, #-28]	; 0xffffffe4
",r0,17, 1067185,"  1048b0:	e51b301c 	ldr	r3, [fp, #-28]	; 0xffffffe4
",r3,22, 1067185,"  1048b0:	e51b301c 	ldr	r3, [fp, #-28]	; 0xffffffe4
",benign, 758, 351, 3795, 2, 2927, 845, 1, 340, 505, 13, 227, 46087, 294, 3, 242, 4519, 11704, 409, 11, 33102, 8251, 11637, 0, 0, 26, 3145, 3161, 3833, 37, 0, 0, 17, 21, 134, 2, 46320, 37814, 41288, 1, 0, 0, 316
30,r0,3, 1073632,"  1061e0:	e3403011 	movt	r3, #17
",r0,20, 1073632,"  1061e0:	e3403011 	movt	r3, #17
",r0,4, 1073632,"  1061e0:	e3403011 	movt	r3, #17
",crash/hangs,-,-,-,-,-,-,-,-,-,-,-,-,-,-,-,-,-,-,-,-,-,-,-,-,-,-,-,-,-,-,-,-,-,-,-,-,-,-,-,-,-,-
31,r0,4, 1063756,"  103b4c:	e283301c 	add	r3, r3, #28
",r2,29, 1063756,"  103b4c:	e283301c 	add	r3, r3, #28
",r3,3, 1063756,"  103b4c:	e283301c 	add	r3, r3, #28
",SDC, 521, 225, 3867, 5, 2987, 878, 1, 324, 503, 13, 234, 44462, 293, 3, 238, 4376, 11433, 499, 16, 31197, 6790, 11615, 0, 0, 26, 3193, 3160, 3919, 37, 0, 0, 17, 21, 213, 9, 44927, 36535, 40055, 2, 0, 0, 317
32,r2,28, 1081690,"  108158:	e7933100 	ldr	r3, [r3, r0, lsl #2]
",r2,13, 1081690,"  108158:	e7933100 	ldr	r3, [r3, r0, lsl #2]
",r0,25, 1081690,"  108158:	e7933100 	ldr	r3, [r3, r0, lsl #2]
",crash/hangs,-,-,-,-,-,-,-,-,-,-,-,-,-,-,-,-,-,-,-,-,-,-,-,-,-,-,-,-,-,-,-,-,-,-,-,-,-,-,-,-,-,-
33,r2,1, 1077113,"  106f78:	e1a00003 	mov	r0, r3
",r0,7, 1077113,"  106f78:	e1a00003 	mov	r0, r3
",r0,13, 1077113,"  106f78:	e1a00003 	mov	r0, r3
",crash/hangs,-,-,-,-,-,-,-,-,-,-,-,-,-,-,-,-,-,-,-,-,-,-,-,-,-,-,-,-,-,-,-,-,-,-,-,-,-,-,-,-,-,-
34,r0,1, 1071651,"  105a20:	e1a00003 	mov	r0, r3
",r2,6, 1071651,"  105a20:	e1a00003 	mov	r0, r3
",r1,12, 1071651,"  105a20:	e1a00003 	mov	r0, r3
",SDC, 826, 227, 3899, 2, 3010, 879, 1, 325, 503, 13, 236, 46138, 293, 3, 238, 4291, 11771, 408, 13, 32639, 8392, 11827, 0, 0, 26, 3198, 3154, 3956, 34, 0, 0, 19, 23, 127, 2, 46442, 37862, 41398, 1, 0, 0, 317
35,r3,2, 1062658,"  103700:	e5932008 	ldr	r2, [r3, #8]
",r1,4, 1062658,"  103700:	e5932008 	ldr	r2, [r3, #8]
",r1,9, 1062658,"  103700:	e5932008 	ldr	r2, [r3, #8]
",crash/hangs,-,-,-,-,-,-,-,-,-,-,-,-,-,-,-,-,-,-,-,-,-,-,-,-,-,-,-,-,-,-,-,-,-,-,-,-,-,-,-,-,-,-
36,r3,6, 1074868,"  1066b4:	e7933100 	ldr	r3, [r3, r0, lsl #2]
",r2,6, 1074868,"  1066b4:	e7933100 	ldr	r3, [r3, r0, lsl #2]
",r1,0, 1074868,"  1066b4:	e7933100 	ldr	r3, [r3, r0, lsl #2]
",crash/hangs,-,-,-,-,-,-,-,-,-,-,-,-,-,-,-,-,-,-,-,-,-,-,-,-,-,-,-,-,-,-,-,-,-,-,-,-,-,-,-,-,-,-
37,r2,29, 1076745,"  106e08:	e3403011 	movt	r3, #17
",r0,17, 1076745,"  106e08:	e3403011 	movt	r3, #17
",r0,26, 1076745,"  106e08:	e3403011 	movt	r3, #17
",crash/hangs,-,-,-,-,-,-,-,-,-,-,-,-,-,-,-,-,-,-,-,-,-,-,-,-,-,-,-,-,-,-,-,-,-,-,-,-,-,-,-,-,-,-
38,r0,1, 1068584,"  104e28:	e2800c02 	add	r0, r0, #512	; 0x200
",r1,7, 1068584,"  104e28:	e2800c02 	add	r0, r0, #512	; 0x200
",r0,25, 1068584,"  104e28:	e2800c02 	add	r0, r0, #512	; 0x200
",SDC, 633, 263, 3877, 4, 2996, 878, 1, 324, 503, 12, 237, 44824, 293, 3, 244, 4453, 11583, 409, 16, 31189, 6792, 11661, 0, 0, 26, 3178, 3177, 3921, 35, 0, 0, 19, 24, 137, 4, 45216, 36571, 40302, 1, 0, 0, 316
39,r2,4, 1074043,"  106378:	e6ef3073 	uxtb	r3, r3
",r0,28, 1074043,"  106378:	e6ef3073 	uxtb	r3, r3
",r1,14, 1074043,"  106378:	e6ef3073 	uxtb	r3, r3
",SDC, 977, 356, 3835, 2, 2943, 848, 1, 336, 503, 13, 232, 44914, 293, 3, 232, 3980, 11027, 408, 13, 31720, 7668, 11647, 0, 0, 26, 3176, 3161, 3866, 35, 0, 0, 17, 21, 135, 2, 45163, 36940, 40522, 1, 0, 0, 316
40,r3,0, 1072469,"  105d54:	e3403011 	movt	r3, #17
",r1,4, 1072469,"  105d54:	e3403011 	movt	r3, #17
",r0,19, 1072469,"  105d54:	e3403011 	movt	r3, #17
",crash/hangs,-,-,-,-,-,-,-,-,-,-,-,-,-,-,-,-,-,-,-,-,-,-,-,-,-,-,-,-,-,-,-,-,-,-,-,-,-,-,-,-,-,-
41,r2,24, 1071820,"  105acc:	e0233001 	eor	r3, r3, r1
",r1,25, 1071820,"  105acc:	e0233001 	eor	r3, r3, r1
",r0,31, 1071820,"  105acc:	e0233001 	eor	r3, r3, r1
",SDC, 733, 226, 3894, 4, 2995, 870, 1, 324, 504, 13, 232, 44678, 293, 3, 238, 4326, 11743, 409, 11, 31738, 6702, 11635, 0, 0, 26, 3177, 3179, 3915, 33, 0, 0, 19, 23, 138, 5, 45087, 37228, 40911, 1, 0, 0, 317
42,r0,1, 1070252,"  1054ac:	e3403011 	movt	r3, #17
",r3,10, 1070252,"  1054ac:	e3403011 	movt	r3, #17
",r2,20, 1070252,"  1054ac:	e3403011 	movt	r3, #17
",SDC, 759, 351, 3869, 4, 2963, 868, 1, 324, 503, 13, 232, 45751, 293, 3, 243, 4344, 12234, 419, 16, 31714, 6941, 11677, 0, 0, 26, 3210, 3160, 3924, 38, 0, 0, 17, 21, 125, 4, 45910, 36710, 40270, 1, 0, 0, 317
43,r3,10, 1081343,"  107ffc:	e3403011 	movt	r3, #17
",r3,8, 1081343,"  107ffc:	e3403011 	movt	r3, #17
",r0,16, 1081343,"  107ffc:	e3403011 	movt	r3, #17
",crash/hangs,-,-,-,-,-,-,-,-,-,-,-,-,-,-,-,-,-,-,-,-,-,-,-,-,-,-,-,-,-,-,-,-,-,-,-,-,-,-,-,-,-,-
44,r0,29, 1075945,"  106ae8:	e0233001 	eor	r3, r3, r1
",r2,30, 1075945,"  106ae8:	e0233001 	eor	r3, r3, r1
",r3,3, 1075945,"  106ae8:	e0233001 	eor	r3, r3, r1
",crash/hangs,-,-,-,-,-,-,-,-,-,-,-,-,-,-,-,-,-,-,-,-,-,-,-,-,-,-,-,-,-,-,-,-,-,-,-,-,-,-,-,-,-,-
45,r3,8, 1080897,"  107e40:	e0211003 	eor	r1, r1, r3
",r2,1, 1080897,"  107e40:	e0211003 	eor	r1, r1, r3
",r3,29, 1080897,"  107e40:	e0211003 	eor	r1, r1, r3
",crash/hangs,-,-,-,-,-,-,-,-,-,-,-,-,-,-,-,-,-,-,-,-,-,-,-,-,-,-,-,-,-,-,-,-,-,-,-,-,-,-,-,-,-,-
46,r2,11, 1068627,"  104e50:	e7933100 	ldr	r3, [r3, r0, lsl #2]
",r0,27, 1068627,"  104e50:	e7933100 	ldr	r3, [r3, r0, lsl #2]
",r0,26, 1068627,"  104e50:	e7933100 	ldr	r3, [r3, r0, lsl #2]
",SDC, 736, 226, 3891, 2, 2998, 876, 1, 324, 503, 12, 235, 45830, 293, 3, 234, 4268, 11953, 419, 14, 32626, 7983, 11725, 0, 0, 26, 3181, 3173, 3910, 36, 0, 0, 19, 23, 127, 2, 46352, 37792, 41340, 1, 0, 0, 316
47,r0,14, 1079872,"  107a40:	e51b301c 	ldr	r3, [fp, #-28]	; 0xffffffe4
",r3,18, 1079872,"  107a40:	e51b301c 	ldr	r3, [fp, #-28]	; 0xffffffe4
",r1,16, 1079872,"  107a40:	e51b301c 	ldr	r3, [fp, #-28]	; 0xffffffe4
",crash/hangs,-,-,-,-,-,-,-,-,-,-,-,-,-,-,-,-,-,-,-,-,-,-,-,-,-,-,-,-,-,-,-,-,-,-,-,-,-,-,-,-,-,-
48,r0,10, 1073012,"  105f74:	e6ef3073 	uxtb	r3, r3
",r1,1, 1073012,"  105f74:	e6ef3073 	uxtb	r3, r3
",r1,15, 1073012,"  105f74:	e6ef3073 	uxtb	r3, r3
",SDC, 767, 227, 3868, 4, 2984, 862, 1, 332, 504, 13, 229, 44744, 293, 3, 236, 4496, 11313, 409, 14, 31644, 7054, 11631, 0, 0, 26, 3160, 3188, 3904, 36, 0, 0, 19, 24, 127, 4, 44992, 36536, 40147, 1, 0, 0, 317
49,r0,13, 1080539,"  107cd8:	e51b300c 	ldr	r3, [fp, #-12]
",r2,20, 1080539,"  107cd8:	e51b300c 	ldr	r3, [fp, #-12]
",r2,20, 1080539,"  107cd8:	e51b300c 	ldr	r3, [fp, #-12]
",crash/hangs,-,-,-,-,-,-,-,-,-,-,-,-,-,-,-,-,-,-,-,-,-,-,-,-,-,-,-,-,-,-,-,-,-,-,-,-,-,-,-,-,-,-
50,r3,14, 1070356,"  105514:	e6ef3073 	uxtb	r3, r3
",r0,3, 1070356,"  105514:	e6ef3073 	uxtb	r3, r3
",r0,1, 1070356,"  105514:	e6ef3073 	uxtb	r3, r3
",SDC, 688, 226, 3886, 4, 2994, 871, 1, 324, 504, 12, 233, 44906, 293, 3, 236, 4401, 11885, 417, 13, 31493, 6547, 11644, 0, 0, 26, 3193, 3164, 3914, 35, 0, 0, 17, 21, 179, 4, 45207, 36449, 39991, 1, 0, 0, 316
51,r0,17, 1070086,"  105404:	e1a03823 	lsr	r3, r3, #16
",r3,27, 1070086,"  105404:	e1a03823 	lsr	r3, r3, #16
",r0,13, 1070086,"  105404:	e1a03823 	lsr	r3, r3, #16
",benign, 840, 353, 3808, 2, 2927, 843, 1, 340, 504, 12, 224, 46043, 294, 3, 240, 4921, 11605, 419, 10, 32662, 8298, 11563, 0, 0, 26, 3146, 3172, 3833, 36, 0, 0, 19, 23, 127, 2, 46105, 37895, 41468, 1, 0, 0, 317
52,r2,23, 1069792,"  1052e0:	e30b3cc0 	movw	r3, #48320	; 0xbcc0
",r3,0, 1069792,"  1052e0:	e30b3cc0 	movw	r3, #48320	; 0xbcc0
",r0,15, 1069792,"  1052e0:	e30b3cc0 	movw	r3, #48320	; 0xbcc0
",SDC, 746, 353, 3841, 4, 2960, 869, 1, 325, 503, 12, 233, 44965, 293, 3, 238, 4199, 11511, 532, 12, 31181, 6727, 11659, 0, 0, 26, 3171, 3182, 3933, 36, 0, 0, 17, 21, 125, 4, 45505, 36827, 40576, 1, 0, 0, 316
53,r0,6, 1063975,"  103c24:	e5931000 	ldr	r1, [r3]
",r1,6, 1063975,"  103c24:	e5931000 	ldr	r1, [r3]
",r1,24, 1063975,"  103c24:	e5931000 	ldr	r1, [r3]
",benign, 697, 352, 3802, 2, 2916, 846, 1, 340, 504, 13, 221, 45471, 294, 3, 235, 4507, 11575, 409, 16, 32830, 8214, 11579, 0, 0, 26, 3146, 3152, 3827, 37, 0, 0, 19, 24, 127, 2, 46306, 37636, 41091, 1, 0, 0, 317
54,r1,20, 1075693,"  1069ec:	e1a00003 	mov	r0, r3
",r0,28, 1075693,"  1069ec:	e1a00003 	mov	r0, r3
",r3,5, 1075693,"  1069ec:	e1a00003 	mov	r0, r3
",crash/hangs,-,-,-,-,-,-,-,-,-,-,-,-,-,-,-,-,-,-,-,-,-,-,-,-,-,-,-,-,-,-,-,-,-,-,-,-,-,-,-,-,-,-
55,r1,30, 1072197,"  105c44:	e2800c01 	add	r0, r0, #256	; 0x100
",r2,30, 1072197,"  105c44:	e2800c01 	add	r0, r0, #256	; 0x100
",r3,14, 1072197,"  105c44:	e2800c01 	add	r0, r0, #256	; 0x100
",SDC, 844, 237, 3897, 2, 3001, 874, 1, 324, 504, 12, 239, 45524, 293, 3, 236, 4185, 11654, 408, 15, 32231, 8011, 11773, 0, 0, 26, 3166, 3188, 3933, 36, 0, 0, 17, 21, 134, 2, 46339, 37273, 40977, 1, 0, 0, 316
56,r3,26, 1064914,"  103fd0:	e3403011 	movt	r3, #17
",r2,6, 1064914,"  103fd0:	e3403011 	movt	r3, #17
",r1,20, 1064914,"  103fd0:	e3403011 	movt	r3, #17
",crash/hangs,-,-,-,-,-,-,-,-,-,-,-,-,-,-,-,-,-,-,-,-,-,-,-,-,-,-,-,-,-,-,-,-,-,-,-,-,-,-,-,-,-,-
57,r1,18, 1070720,"  105680:	e0211003 	eor	r1, r1, r3
",r0,4, 1070720,"  105680:	e0211003 	eor	r1, r1, r3
",r3,29, 1070720,"  105680:	e0211003 	eor	r1, r1, r3
",SDC, 701, 226, 3871, 4, 2996, 876, 1, 324, 504, 13, 242, 44837, 293, 3, 236, 4499, 11534, 408, 14, 31697, 7041, 11664, 0, 0, 26, 3178, 3171, 3921, 34, 0, 0, 17, 21, 251, 4, 45228, 36533, 40102, 1, 0, 0, 317
58,r3,5, 1072038,"  105ba4:	e30b3cc0 	movw	r3, #48320	; 0xbcc0
",r3,31, 1072038,"  105ba4:	e30b3cc0 	movw	r3, #48320	; 0xbcc0
",r3,16, 1072038,"  105ba4:	e30b3cc0 	movw	r3, #48320	; 0xbcc0
",benign, 901, 350, 3808, 2, 2923, 843, 1, 340, 505, 13, 232, 45535, 294, 3, 234, 4112, 11455, 419, 12, 32165, 7642, 11605, 0, 0, 26, 3168, 3138, 3833, 35, 0, 0, 19, 24, 137, 2, 45693, 36998, 40541, 1, 0, 0, 316
59,r3,18, 1077096,"  106f68:	e0211003 	eor	r1, r1, r3
",r3,19, 1077096,"  106f68:	e0211003 	eor	r1, r1, r3
",r0,27, 1077096,"  106f68:	e0211003 	eor	r1, r1, r3
",crash/hangs,-,-,-,-,-,-,-,-,-,-,-,-,-,-,-,-,-,-,-,-,-,-,-,-,-,-,-,-,-,-,-,-,-,-,-,-,-,-,-,-,-,-
60,r1,26, 1077573,"  107144:	e30c3cc0 	movw	r3, #52416	; 0xccc0
",r2,8, 1077573,"  107144:	e30c3cc0 	movw	r3, #52416	; 0xccc0
",r2,12, 1077573,"  107144:	e30c3cc0 	movw	r3, #52416	; 0xccc0
",crash/hangs,-,-,-,-,-,-,-,-,-,-,-,-,-,-,-,-,-,-,-,-,-,-,-,-,-,-,-,-,-,-,-,-,-,-,-,-,-,-,-,-,-,-
61,r2,17, 1081157,"  107f44:	e30c3cc0 	movw	r3, #52416	; 0xccc0
",r0,15, 1081157,"  107f44:	e30c3cc0 	movw	r3, #52416	; 0xccc0
",r1,13, 1081157,"  107f44:	e30c3cc0 	movw	r3, #52416	; 0xccc0
",crash/hangs,-,-,-,-,-,-,-,-,-,-,-,-,-,-,-,-,-,-,-,-,-,-,-,-,-,-,-,-,-,-,-,-,-,-,-,-,-,-,-,-,-,-
62,r3,29, 1071044,"  1057c4:	e30b3cc0 	movw	r3, #48320	; 0xbcc0
",r2,21, 1071044,"  1057c4:	e30b3cc0 	movw	r3, #48320	; 0xbcc0
",r1,24, 1071044,"  1057c4:	e30b3cc0 	movw	r3, #48320	; 0xbcc0
",SDC, 711, 231, 3887, 4, 2991, 871, 1, 324, 503, 12, 233, 44519, 293, 3, 240, 4664, 11328, 409, 14, 31608, 7076, 11672, 0, 0, 26, 3171, 3189, 3921, 35, 0, 0, 17, 21, 327, 4, 45924, 36621, 40343, 1, 0, 0, 316
63,r0,3, 1066999,"  1047f4:	e51b3024 	ldr	r3, [fp, #-36]	; 0xffffffdc
",r0,11, 1066999,"  1047f4:	e51b3024 	ldr	r3, [fp, #-36]	; 0xffffffdc
",r0,5, 1066999,"  1047f4:	e51b3024 	ldr	r3, [fp, #-36]	; 0xffffffdc
",benign, 751, 352, 3811, 2, 2925, 843, 1, 340, 505, 12, 233, 45938, 294, 3, 239, 4859, 11012, 609, 14, 32351, 8307, 11622, 0, 0, 26, 3153, 3173, 3841, 36, 0, 0, 19, 23, 127, 2, 45624, 37148, 40751, 1, 0, 0, 317
64,r3,7, 1072836,"  105ec4:	e3403011 	movt	r3, #17
",r0,31, 1072836,"  105ec4:	e3403011 	movt	r3, #17
",r0,11, 1072836,"  105ec4:	e3403011 	movt	r3, #17
",SDC, 841, 349, 3857, 5, 2958, 867, 1, 324, 503, 14, 230, 44203, 293, 3, 230, 4055, 11368, 412, 14, 30956, 6668, 11656, 0, 0, 26, 3190, 3150, 3921, 35, 0, 0, 19, 23, 129, 9, 44895, 35994, 39577, 2, 0, 0, 316
65,r2,27, 1065414,"  1041c4:	e5832000 	str	r2, [r3]
",r2,2, 1065414,"  1041c4:	e5832000 	str	r2, [r3]
",r1,8, 1065414,"  1041c4:	e5832000 	str	r2, [r3]
",crash/hangs,-,-,-,-,-,-,-,-,-,-,-,-,-,-,-,-,-,-,-,-,-,-,-,-,-,-,-,-,-,-,-,-,-,-,-,-,-,-,-,-,-,-
66,r2,12, 1083142,"  108704:	e2833008 	add	r3, r3, #8
",r1,22, 1083142,"  108704:	e2833008 	add	r3, r3, #8
",r3,10, 1083142,"  108704:	e2833008 	add	r3, r3, #8
",crash/hangs,-,-,-,-,-,-,-,-,-,-,-,-,-,-,-,-,-,-,-,-,-,-,-,-,-,-,-,-,-,-,-,-,-,-,-,-,-,-,-,-,-,-
67,r0,0, 1070645,"  105634:	e3403011 	movt	r3, #17
",r2,18, 1070645,"  105634:	e3403011 	movt	r3, #17
",r0,23, 1070645,"  105634:	e3403011 	movt	r3, #17
",SDC, 798, 231, 3891, 2, 2998, 874, 1, 324, 504, 13, 236, 46194, 293, 3, 240, 4339, 12176, 559, 11, 33380, 7806, 11731, 0, 0, 26, 3185, 3169, 3924, 37, 0, 0, 17, 21, 125, 2, 46749, 38198, 41704, 1, 0, 0, 317
68,r0,25, 1070122,"  105428:	e1a03c23 	lsr	r3, r3, #24
",r0,31, 1070122,"  105428:	e1a03c23 	lsr	r3, r3, #24
",r1,8, 1070122,"  105428:	e1a03c23 	lsr	r3, r3, #24
",SDC, 851, 353, 3853, 2, 2951, 865, 1, 324, 503, 13, 234, 46080, 293, 3, 237, 5071, 11412, 415, 11, 32437, 8592, 11729, 0, 0, 26, 3159, 3188, 3929, 36, 0, 0, 17, 21, 136, 2, 46283, 37807, 41553, 1, 0, 0, 316
69,r0,0, 1064324,"  103d84:	e5931000 	ldr	r1, [r3]
",r3,23, 1064324,"  103d84:	e5931000 	ldr	r1, [r3]
",r3,22, 1064324,"  103d84:	e5931000 	ldr	r1, [r3]
",SDC, 620, 345, 3857, 4, 2965, 880, 1, 325, 503, 12, 239, 44791, 293, 3, 233, 4768, 11234, 410, 12, 31558, 6856, 11689, 0, 0, 26, 3191, 3150, 3958, 35, 0, 0, 17, 21, 126, 4, 45280, 36170, 39890, 1, 0, 0, 316
70,r2,17, 1074861,"  1066ac:	e3403011 	movt	r3, #17
",r3,11, 1074861,"  1066ac:	e3403011 	movt	r3, #17
",r3,25, 1074861,"  1066ac:	e3403011 	movt	r3, #17
",crash/hangs,-,-,-,-,-,-,-,-,-,-,-,-,-,-,-,-,-,-,-,-,-,-,-,-,-,-,-,-,-,-,-,-,-,-,-,-,-,-,-,-,-,-
71,r0,29, 1073726,"  10623c:	e0211003 	eor	r1, r1, r3
",r0,30, 1073726,"  10623c:	e0211003 	eor	r1, r1, r3
",r0,10, 1073726,"  10623c:	e0211003 	eor	r1, r1, r3
",benign, 883, 226, 3835, 2, 2961, 846, 1, 340, 505, 12, 228, 45684, 294, 3, 239, 4700, 11501, 408, 15, 32864, 8031, 11624, 0, 0, 26, 3139, 3174, 3832, 35, 0, 0, 17, 21, 125, 2, 46498, 37670, 41348, 1, 0, 0, 317
72,r1,22, 1066790,"  104724:	e0233001 	eor	r3, r3, r1
",r3,6, 1066790,"  104724:	e0233001 	eor	r3, r3, r1
",r3,20, 1066790,"  104724:	e0233001 	eor	r3, r3, r1
",SDC, 752, 344, 3865, 2, 2968, 868, 1, 324, 503, 13, 234, 45475, 293, 3, 241, 4457, 11563, 408, 16, 32010, 8165, 11758, 0, 0, 26, 3195, 3155, 3924, 37, 0, 0, 19, 23, 136, 2, 45985, 37316, 40882, 1, 0, 0, 317
73,r2,4, 1071317,"  1058d4:	e3403011 	movt	r3, #17
",r2,22, 1071317,"  1058d4:	e3403011 	movt	r3, #17
",r2,21, 1071317,"  1058d4:	e3403011 	movt	r3, #17
",SDC, 882, 350, 3859, 2, 2960, 864, 1, 324, 504, 12, 232, 45990, 293, 3, 234, 4228, 11483, 410, 11, 32814, 7887, 11727, 0, 0, 26, 3177, 3171, 3915, 35, 0, 0, 19, 23, 138, 2, 45572, 37548, 41090, 1, 0, 0, 316
74,r2,9, 1063886,"  103bcc:	e51b2010 	ldr	r2, [fp, #-16]
",r0,7, 1063886,"  103bcc:	e51b2010 	ldr	r2, [fp, #-16]
",r1,12, 1063886,"  103bcc:	e51b2010 	ldr	r2, [fp, #-16]
",SDC, 698, 353, 3844, 2, 2940, 871, 1, 324, 504, 12, 235, 45751, 293, 3, 240, 4447, 11684, 410, 14, 32604, 7841, 11703, 0, 0, 26, 3215, 3138, 3914, 39, 0, 0, 19, 23, 127, 2, 45917, 37614, 41072, 1, 0, 0, 316
75,r2,14, 1079176,"  107788:	e1a01003 	mov	r1, r3
",r0,11, 1079176,"  107788:	e1a01003 	mov	r1, r3
",r3,16, 1079176,"  107788:	e1a01003 	mov	r1, r3
",crash/hangs,-,-,-,-,-,-,-,-,-,-,-,-,-,-,-,-,-,-,-,-,-,-,-,-,-,-,-,-,-,-,-,-,-,-,-,-,-,-,-,-,-,-
76,r1,15, 1064343,"  103d94:	e51b3008 	ldr	r3, [fp, #-8]
",r0,25, 1064343,"  103d94:	e51b3008 	ldr	r3, [fp, #-8]
",r3,13, 1064343,"  103d94:	e51b3008 	ldr	r3, [fp, #-8]
",SDC, 638, 224, 3873, 2, 2978, 876, 1, 325, 503, 13, 231, 45695, 293, 3, 243, 4510, 11803, 410, 11, 32399, 8004, 11744, 0, 0, 26, 3195, 3131, 3923, 34, 0, 0, 19, 23, 128, 2, 45974, 37887, 41359, 1, 0, 0, 317
77,r1,8, 1068563,"  104e10:	e51b3028 	ldr	r3, [fp, #-40]	; 0xffffffd8
",r2,0, 1068563,"  104e10:	e51b3028 	ldr	r3, [fp, #-40]	; 0xffffffd8
",r3,5, 1068563,"  104e10:	e51b3028 	ldr	r3, [fp, #-40]	; 0xffffffd8
",SDC, 799, 345, 3851, 2, 2953, 865, 1, 324, 503, 13, 234, 45275, 293, 3, 239, 4396, 12325, 408, 13, 32425, 7752, 11738, 0, 0, 26, 3198, 3169, 3913, 37, 0, 0, 17, 21, 125, 2, 46212, 37665, 41147, 1, 0, 0, 316
78,r2,13, 1066464,"  1045e0:	e1a00003 	mov	r0, r3
",r2,23, 1066464,"  1045e0:	e1a00003 	mov	r0, r3
",r0,24, 1066464,"  1045e0:	e1a00003 	mov	r0, r3
",SDC, 642, 357, 3866, 4, 2964, 866, 1, 324, 503, 12, 231, 44417, 293, 3, 234, 3756, 11138, 409, 10, 31281, 6903, 11642, 0, 0, 26, 3175, 3160, 3917, 36, 0, 0, 17, 21, 136, 4, 44635, 36433, 39969, 1, 0, 0, 317
79,r0,30, 1067849,"  104b48:	e3403011 	movt	r3, #17
",r3,10, 1067849,"  104b48:	e3403011 	movt	r3, #17
",r2,30, 1067849,"  104b48:	e3403011 	movt	r3, #17
",SDC, 768, 355, 3847, 2, 2961, 870, 1, 324, 504, 13, 229, 46112, 293, 3, 241, 4179, 11900, 596, 16, 32441, 7928, 11744, 0, 0, 26, 3194, 3158, 3919, 38, 0, 0, 19, 23, 137, 2, 46181, 37652, 41362, 1, 0, 0, 316
80,r0,2, 1068914,"  104f70:	e1a00003 	mov	r0, r3
",r2,22, 1068914,"  104f70:	e1a00003 	mov	r0, r3
",r3,26, 1068914,"  104f70:	e1a00003 	mov	r0, r3
",SDC, 810, 352, 3859, 2, 2958, 866, 1, 324, 504, 12, 232, 45750, 293, 3, 240, 4276, 11704, 419, 14, 32365, 7868, 11778, 0, 0, 26, 3178, 3180, 3915, 33, 0, 0, 19, 24, 137, 2, 46170, 37801, 41373, 1, 0, 0, 316
81,r0,30, 1066317,"  10454c:	e30b3cc0 	movw	r3, #48320	; 0xbcc0
",r0,22, 1066317,"  10454c:	e30b3cc0 	movw	r3, #48320	; 0xbcc0
",r3,14, 1066317,"  10454c:	e30b3cc0 	movw	r3, #48320	; 0xbcc0
",SDC, 723, 1233, 3856, 2, 2961, 873, 1, 324, 503, 13, 232, 46017, 293, 3, 245, 4893, 11856, 420, 14, 32625, 8426, 11722, 0, 0, 26, 3185, 3180, 3926, 36, 0, 0, 17, 21, 125, 2, 46180, 37776, 41241, 1, 0, 0, 316
82,r2,14, 1068842,"  104f28:	e1a00003 	mov	r0, r3
",r1,11, 1068842,"  104f28:	e1a00003 	mov	r0, r3
",r0,14, 1068842,"  104f28:	e1a00003 	mov	r0, r3
",SDC, 809, 351, 3849, 2, 2961, 871, 1, 324, 504, 13, 230, 45199, 293, 3, 240, 4080, 11736, 409, 14, 32035, 7514, 11771, 0, 0, 26, 3183, 3162, 3930, 37, 0, 0, 17, 21, 144, 2, 45794, 37285, 40839, 1, 0, 0, 316
83,r2,19, 1068709,"  104ea4:	e0211003 	eor	r1, r1, r3
",r3,10, 1068709,"  104ea4:	e0211003 	eor	r1, r1, r3
",r2,26, 1068709,"  104ea4:	e0211003 	eor	r1, r1, r3
",SDC, 812, 356, 3848, 2, 2966, 870, 1, 324, 504, 13, 236, 45336, 293, 3, 241, 4679, 11461, 419, 13, 32186, 7722, 11765, 0, 0, 26, 3188, 3169, 3922, 35, 0, 0, 19, 23, 128, 2, 45953, 37291, 40790, 1, 0, 0, 317
84,r2,19, 1077210,"  106fd8:	e3403011 	movt	r3, #17
",r3,13, 1077210,"  106fd8:	e3403011 	movt	r3, #17
",r0,3, 1077210,"  106fd8:	e3403011 	movt	r3, #17
",crash/hangs,-,-,-,-,-,-,-,-,-,-,-,-,-,-,-,-,-,-,-,-,-,-,-,-,-,-,-,-,-,-,-,-,-,-,-,-,-,-,-,-,-,-
85,r0,16, 1073251,"  106060:	e1a00003 	mov	r0, r3
",r1,9, 1073251,"  106060:	e1a00003 	mov	r0, r3
",r2,25, 1073251,"  106060:	e1a00003 	mov	r0, r3
",SDC, 873, 223, 3832, 2, 2969, 855, 1, 338, 504, 12, 236, 46097, 293, 3, 236, 4633, 11889, 408, 14, 33065, 8231, 11634, 0, 0, 26, 3163, 3165, 3857, 38, 0, 0, 19, 23, 127, 2, 46390, 37857, 41366, 1, 0, 0, 317
86,r3,17, 1068950,"  104f94:	e2833014 	add	r3, r3, #20
",r3,4, 1068950,"  104f94:	e2833014 	add	r3, r3, #20
",r3,19, 1068950,"  104f94:	e2833014 	add	r3, r3, #20
",SDC, 804, 354, 3868, 3, 2964, 867, 1, 324, 504, 14, 243, 46255, 293, 3, 242, 4604, 11520, 511, 14, 32764, 8260, 11793, 0, 0, 26, 3180, 3186, 3919, 34, 0, 0, 17, 21, 218, 7, 46341, 38016, 41588, 2, 0, 0, 317
87,r1,27, 1072276,"  105c94:	e0233001 	eor	r3, r3, r1
",r0,22, 1072276,"  105c94:	e0233001 	eor	r3, r3, r1
",r3,9, 1072276,"  105c94:	e0233001 	eor	r3, r3, r1
",SDC, 822, 348, 3860, 4, 2957, 865, 1, 324, 504, 13, 236, 44214, 293, 3, 235, 4831, 10708, 419, 10, 31378, 7061, 11606, 0, 0, 26, 3176, 3183, 3936, 38, 0, 0, 17, 21, 125, 4, 44694, 35775, 39436, 1, 0, 0, 317
88,r1,15, 1082160,"  108330:	e6ef3073 	uxtb	r3, r3
",r3,17, 1082160,"  108330:	e6ef3073 	uxtb	r3, r3
",r3,0, 1082160,"  108330:	e6ef3073 	uxtb	r3, r3
",crash/hangs,-,-,-,-,-,-,-,-,-,-,-,-,-,-,-,-,-,-,-,-,-,-,-,-,-,-,-,-,-,-,-,-,-,-,-,-,-,-,-,-,-,-
89,r0,21, 1066807,"  104734:	e283301c 	add	r3, r3, #28
",r1,31, 1066807,"  104734:	e283301c 	add	r3, r3, #28
",r3,14, 1066807,"  104734:	e283301c 	add	r3, r3, #28
",SDC, 674, 226, 3882, 2, 3009, 875, 1, 325, 503, 13, 238, 45996, 293, 3, 238, 4167, 11923, 409, 11, 32680, 8019, 11769, 0, 0, 26, 3170, 3179, 3936, 35, 0, 0, 19, 23, 146, 2, 46698, 37800, 41353, 1, 0, 0, 317
90,r0,22, 1077578,"  107148:	e3403011 	movt	r3, #17
",r0,1, 1077578,"  107148:	e3403011 	movt	r3, #17
",r3,22, 1077578,"  107148:	e3403011 	movt	r3, #17
",crash/hangs,-,-,-,-,-,-,-,-,-,-,-,-,-,-,-,-,-,-,-,-,-,-,-,-,-,-,-,-,-,-,-,-,-,-,-,-,-,-,-,-,-,-
91,r1,21, 1066539,"  104628:	e1a03423 	lsr	r3, r3, #8
",r1,0, 1066539,"  104628:	e1a03423 	lsr	r3, r3, #8
",r2,19, 1066539,"  104628:	e1a03423 	lsr	r3, r3, #8
",SDC, 667, 222, 3884, 2, 2992, 876, 1, 324, 504, 13, 232, 45423, 293, 3, 238, 4371, 11415, 409, 14, 32283, 7952, 11736, 0, 0, 26, 3177, 3185, 3921, 35, 0, 0, 19, 23, 137, 2, 46238, 37400, 40918, 1, 0, 0, 316
92,r2,8, 1082728,"  108568:	e1a03823 	lsr	r3, r3, #16
",r3,6, 1082728,"  108568:	e1a03823 	lsr	r3, r3, #16
",r3,11, 1082728,"  108568:	e1a03823 	lsr	r3, r3, #16
",crash/hangs,-,-,-,-,-,-,-,-,-,-,-,-,-,-,-,-,-,-,-,-,-,-,-,-,-,-,-,-,-,-,-,-,-,-,-,-,-,-,-,-,-,-
93,r1,24, 1062804,"  103794:	e283300c 	add	r3, r3, #12
",r1,21, 1062804,"  103794:	e283300c 	add	r3, r3, #12
",r2,27, 1062804,"  103794:	e283300c 	add	r3, r3, #12
",crash/hangs,-,-,-,-,-,-,-,-,-,-,-,-,-,-,-,-,-,-,-,-,-,-,-,-,-,-,-,-,-,-,-,-,-,-,-,-,-,-,-,-,-,-
94,r3,6, 1073258,"  106068:	e3403011 	movt	r3, #17
",r2,0, 1073258,"  106068:	e3403011 	movt	r3, #17
",r2,6, 1073258,"  106068:	e3403011 	movt	r3, #17
",SDC, 873, 223, 3842, 2, 2970, 858, 1, 336, 503, 14, 221, 45224, 293, 3, 237, 4456, 11202, 409, 12, 32038, 7653, 11632, 0, 0, 26, 3155, 3172, 3864, 36, 0, 0, 17, 21, 125, 2, 45717, 36756, 40472, 1, 0, 0, 317
95,r1,6, 1073294,"  10608c:	e3403011 	movt	r3, #17
",r2,28, 1073294,"  10608c:	e3403011 	movt	r3, #17
",r2,29, 1073294,"  10608c:	e3403011 	movt	r3, #17
",SDC, 950, 351, 3825, 2, 2937, 848, 1, 336, 504, 12, 223, 45901, 293, 3, 238, 3951, 12105, 409, 17, 32417, 7811, 11704, 0, 0, 26, 3185, 3154, 3858, 35, 0, 0, 19, 24, 127, 2, 46489, 37620, 41345, 1, 0, 0, 316
96,r1,18, 1072769,"  105e80:	e30b3cc0 	movw	r3, #48320	; 0xbcc0
",r0,29, 1072769,"  105e80:	e30b3cc0 	movw	r3, #48320	; 0xbcc0
",r1,25, 1072769,"  105e80:	e30b3cc0 	movw	r3, #48320	; 0xbcc0
",SDC, 931, 357, 3851, 3, 2966, 867, 1, 324, 504, 12, 232, 45937, 293, 3, 246, 3979, 11975, 420, 13, 32313, 7638, 11787, 0, 0, 26, 3182, 3185, 3928, 38, 0, 0, 17, 21, 146, 6, 46018, 37641, 41362, 2, 0, 0, 316
0,r1,16, 1074077,"  10639c:	e6ef3073 	uxtb	r3, r3
",r2,30, 1074077,"  10639c:	e6ef3073 	uxtb	r3, r3
",r2,2, 1074077,"  10639c:	e6ef3073 	uxtb	r3, r3
",SDC, 893, 229, 3828, 2, 2938, 849, 1, 336, 504, 12, 227, 45775, 293, 3, 245, 4150, 12298, 479, 13, 33006, 7471, 11665, 0, 0, 26, 3164, 3169, 3868, 39, 0, 0, 17, 21, 125, 2, 46503, 37662, 41246, 1, 0, 0, 316
1,r1,20, 1075195,"  1067f8:	e2833010 	add	r3, r3, #16
",r3,28, 1075195,"  1067f8:	e2833010 	add	r3, r3, #16
",r3,16, 1075195,"  1067f8:	e2833010 	add	r3, r3, #16
",crash/hangs,-,-,-,-,-,-,-,-,-,-,-,-,-,-,-,-,-,-,-,-,-,-,-,-,-,-,-,-,-,-,-,-,-,-,-,-,-,-,-,-,-,-
2,r2,19, 1067989,"  104bd4:	e6ef3073 	uxtb	r3, r3
",r3,31, 1067989,"  104bd4:	e6ef3073 	uxtb	r3, r3
",r1,21, 1067989,"  104bd4:	e6ef3073 	uxtb	r3, r3
",SDC, 710, 232, 3892, 2, 2999, 875, 1, 324, 504, 12, 244, 45616, 293, 3, 238, 4555, 11203, 409, 16, 31852, 7868, 11742, 0, 0, 26, 3177, 3192, 3924, 36, 0, 0, 19, 23, 136, 2, 45930, 37007, 40573, 1, 0, 0, 316
3,r2,1, 1074899,"  1066d0:	e51b3020 	ldr	r3, [fp, #-32]	; 0xffffffe0
",r0,23, 1074899,"  1066d0:	e51b3020 	ldr	r3, [fp, #-32]	; 0xffffffe0
",r1,12, 1074899,"  1066d0:	e51b3020 	ldr	r3, [fp, #-32]	; 0xffffffe0
",crash/hangs,-,-,-,-,-,-,-,-,-,-,-,-,-,-,-,-,-,-,-,-,-,-,-,-,-,-,-,-,-,-,-,-,-,-,-,-,-,-,-,-,-,-
4,r2,19, 1065938,"  1043d0:	e1a00003 	mov	r0, r3
",r0,18, 1065938,"  1043d0:	e1a00003 	mov	r0, r3
",r0,15, 1065938,"  1043d0:	e1a00003 	mov	r0, r3
",SDC, 648, 226, 3881, 2, 3007, 875, 1, 324, 503, 12, 228, 45642, 293, 3, 239, 4155, 11744, 418, 9, 32217, 7668, 11686, 0, 0, 26, 3179, 3181, 3914, 37, 0, 0, 19, 23, 199, 2, 46157, 37749, 41306, 1, 0, 0, 316
5,r0,27, 1070600,"  105608:	e7933100 	ldr	r3, [r3, r0, lsl #2]
",r0,9, 1070600,"  105608:	e7933100 	ldr	r3, [r3, r0, lsl #2]
",r2,9, 1070600,"  105608:	e7933100 	ldr	r3, [r3, r0, lsl #2]
",SDC, 773, 354, 3863, 5, 2961, 868, 1, 324, 504, 12, 231, 44884, 293, 3, 239, 4461, 11799, 498, 12, 31782, 7378, 11631, 0, 0, 26, 3158, 3194, 3908, 34, 0, 0, 17, 21, 215, 7, 45535, 36905, 40500, 2, 0, 0, 316
6,r0,25, 1075238,"  106824:	e1a00003 	mov	r0, r3
",r3,3, 1075238,"  106824:	e1a00003 	mov	r0, r3
",r2,20, 1075238,"  106824:	e1a00003 	mov	r0, r3
",crash/hangs,-,-,-,-,-,-,-,-,-,-,-,-,-,-,-,-,-,-,-,-,-,-,-,-,-,-,-,-,-,-,-,-,-,-,-,-,-,-,-,-,-,-
7,r0,8, 1076819,"  106e50:	e7933100 	ldr	r3, [r3, r0, lsl #2]
",r3,24, 1076819,"  106e50:	e7933100 	ldr	r3, [r3, r0, lsl #2]
",r2,7, 1076819,"  106e50:	e7933100 	ldr	r3, [r3, r0, lsl #2]
",crash/hangs,-,-,-,-,-,-,-,-,-,-,-,-,-,-,-,-,-,-,-,-,-,-,-,-,-,-,-,-,-,-,-,-,-,-,-,-,-,-,-,-,-,-
8,r1,1, 1063662,"  103aec:	e51b3018 	ldr	r3, [fp, #-24]	; 0xffffffe8
",r2,26, 1063662,"  103aec:	e51b3018 	ldr	r3, [fp, #-24]	; 0xffffffe8
",r3,11, 1063662,"  103aec:	e51b3018 	ldr	r3, [fp, #-24]	; 0xffffffe8
",benign, 614, 227, 3833, 2, 2950, 852, 1, 340, 504, 13, 224, 45008, 294, 3, 235, 4382, 11270, 409, 12, 31531, 7654, 11565, 0, 0, 26, 3164, 3133, 3820, 37, 0, 0, 19, 23, 137, 2, 45548, 37131, 40670, 1, 0, 0, 316
9,r1,7, 1062782,"  10377c:	e3530006 	cmp	r3, #6
",r2,26, 1062782,"  10377c:	e3530006 	cmp	r3, #6
",r2,31, 1062782,"  10377c:	e3530006 	cmp	r3, #6
",crash/hangs,-,-,-,-,-,-,-,-,-,-,-,-,-,-,-,-,-,-,-,-,-,-,-,-,-,-,-,-,-,-,-,-,-,-,-,-,-,-,-,-,-,-
10,r2,20, 1082863,"  1085ec:	e3403011 	movt	r3, #17
",r1,17, 1082863,"  1085ec:	e3403011 	movt	r3, #17
",r1,7, 1082863,"  1085ec:	e3403011 	movt	r3, #17
",crash/hangs,-,-,-,-,-,-,-,-,-,-,-,-,-,-,-,-,-,-,-,-,-,-,-,-,-,-,-,-,-,-,-,-,-,-,-,-,-,-,-,-,-,-
11,r3,18, 1080523,"  107cc8:	e50b3020 	str	r3, [fp, #-32]	; 0xffffffe0
",r3,7, 1080523,"  107cc8:	e50b3020 	str	r3, [fp, #-32]	; 0xffffffe0
",r0,21, 1080523,"  107cc8:	e50b3020 	str	r3, [fp, #-32]	; 0xffffffe0
",crash/hangs,-,-,-,-,-,-,-,-,-,-,-,-,-,-,-,-,-,-,-,-,-,-,-,-,-,-,-,-,-,-,-,-,-,-,-,-,-,-,-,-,-,-
12,r3,22, 1065712,"  1042f0:	e353000e 	cmp	r3, #14
",r3,21, 1065712,"  1042f0:	e353000e 	cmp	r3, #14
",r3,2, 1065712,"  1042f0:	e353000e 	cmp	r3, #14
",crash/hangs,-,-,-,-,-,-,-,-,-,-,-,-,-,-,-,-,-,-,-,-,-,-,-,-,-,-,-,-,-,-,-,-,-,-,-,-,-,-,-,-,-,-
13,r1,10, 1072039,"  105ba4:	e30b3cc0 	movw	r3, #48320	; 0xbcc0
",r0,25, 1072039,"  105ba4:	e30b3cc0 	movw	r3, #48320	; 0xbcc0
",r2,30, 1072039,"  105ba4:	e30b3cc0 	movw	r3, #48320	; 0xbcc0
",SDC, 834, 225, 3895, 2, 2999, 871, 1, 324, 503, 13, 234, 45683, 293, 3, 239, 4775, 11160, 418, 11, 32520, 8398, 11771, 0, 0, 26, 3176, 3173, 3920, 33, 0, 0, 19, 24, 137, 2, 46289, 37293, 40858, 1, 0, 0, 317
14,r1,15, 1063798,"  103b74:	e51b3008 	ldr	r3, [fp, #-8]
",r2,18, 1063798,"  103b74:	e51b3008 	ldr	r3, [fp, #-8]
",r0,24, 1063798,"  103b74:	e51b3008 	ldr	r3, [fp, #-8]
",SDC, 688, 348, 3839, 2, 2942, 869, 1, 324, 504, 12, 229, 45751, 293, 3, 238, 4194, 11454, 409, 11, 32071, 7961, 11709, 0, 0, 26, 3210, 3119, 3907, 35, 0, 0, 19, 23, 137, 2, 46020, 37143, 40845, 1, 0, 0, 316
15,r0,26, 1068074,"  104c28:	e1a00003 	mov	r0, r3
",r3,27, 1068074,"  104c28:	e1a00003 	mov	r0, r3
",r2,5, 1068074,"  104c28:	e1a00003 	mov	r0, r3
",SDC, 788, 349, 3859, 2, 2961, 867, 1, 324, 504, 13, 232, 45673, 293, 3, 237, 4758, 11733, 409, 14, 32093, 7967, 11755, 0, 0, 26, 3194, 3153, 3935, 40, 0, 0, 19, 23, 138, 2, 45922, 37206, 40772, 1, 0, 0, 317
16,r0,7, 1070997,"  105794:	e1a03823 	lsr	r3, r3, #16
",r2,28, 1070997,"  105794:	e1a03823 	lsr	r3, r3, #16
",r2,5, 1070997,"  105794:	e1a03823 	lsr	r3, r3, #16
",SDC, 869, 354, 3871, 2, 2962, 864, 1, 324, 504, 12, 234, 45749, 293, 3, 241, 4406, 11474, 419, 17, 32607, 8043, 11796, 0, 0, 26, 3170, 3172, 3925, 39, 0, 0, 19, 23, 128, 2, 46456, 37656, 41312, 1, 0, 0, 316
17,r0,10, 1079672,"  107978:	e2800c01 	add	r0, r0, #256	; 0x100
",r2,8, 1079672,"  107978:	e2800c01 	add	r0, r0, #256	; 0x100
",r3,22, 1079672,"  107978:	e2800c01 	add	r0, r0, #256	; 0x100
",crash/hangs,-,-,-,-,-,-,-,-,-,-,-,-,-,-,-,-,-,-,-,-,-,-,-,-,-,-,-,-,-,-,-,-,-,-,-,-,-,-,-,-,-,-
18,r2,0, 1065028,"  104044:	e5933000 	ldr	r3, [r3]
",r2,7, 1065028,"  104044:	e5933000 	ldr	r3, [r3]
",r1,14, 1065028,"  104044:	e5933000 	ldr	r3, [r3]
",crash/hangs,-,-,-,-,-,-,-,-,-,-,-,-,-,-,-,-,-,-,-,-,-,-,-,-,-,-,-,-,-,-,-,-,-,-,-,-,-,-,-,-,-,-
19,r3,18, 1068483,"  104dc0:	e0233002 	eor	r3, r3, r2
",r3,12, 1068483,"  104dc0:	e0233002 	eor	r3, r3, r2
",r0,14, 1068483,"  104dc0:	e0233002 	eor	r3, r3, r2
",SDC, 724, 227, 3878, 2, 2988, 872, 1, 324, 503, 11, 236, 46075, 293, 3, 239, 4682, 11967, 420, 11, 32582, 7966, 11723, 0, 0, 26, 3168, 3184, 3919, 36, 0, 0, 19, 23, 127, 2, 46537, 38081, 41827, 1, 0, 0, 316
20,r0,10, 1081521,"  1080b0:	e1a00003 	mov	r0, r3
",r0,9, 1081521,"  1080b0:	e1a00003 	mov	r0, r3
",r0,5, 1081521,"  1080b0:	e1a00003 	mov	r0, r3
",crash/hangs,-,-,-,-,-,-,-,-,-,-,-,-,-,-,-,-,-,-,-,-,-,-,-,-,-,-,-,-,-,-,-,-,-,-,-,-,-,-,-,-,-,-
21,r1,11, 1077510,"  107104:	e30c3cc0 	movw	r3, #52416	; 0xccc0
",r0,19, 1077510,"  107104:	e30c3cc0 	movw	r3, #52416	; 0xccc0
",r3,30, 1077510,"  107104:	e30c3cc0 	movw	r3, #52416	; 0xccc0
",crash/hangs,-,-,-,-,-,-,-,-,-,-,-,-,-,-,-,-,-,-,-,-,-,-,-,-,-,-,-,-,-,-,-,-,-,-,-,-,-,-,-,-,-,-
22,r1,17, 1063111,"  1038c4:	e5932000 	ldr	r2, [r3]
",r1,21, 1063111,"  1038c4:	e5932000 	ldr	r2, [r3]
",r3,5, 1063111,"  1038c4:	e5932000 	ldr	r2, [r3]
",crash/hangs,-,-,-,-,-,-,-,-,-,-,-,-,-,-,-,-,-,-,-,-,-,-,-,-,-,-,-,-,-,-,-,-,-,-,-,-,-,-,-,-,-,-
23,r2,13, 1068257,"  104ce0:	e51b3020 	ldr	r3, [fp, #-32]	; 0xffffffe0
",r3,12, 1068257,"  104ce0:	e51b3020 	ldr	r3, [fp, #-32]	; 0xffffffe0
",r2,13, 1068257,"  104ce0:	e51b3020 	ldr	r3, [fp, #-32]	; 0xffffffe0
",SDC, 720, 227, 3876, 2, 3002, 876, 1, 324, 504, 12, 235, 46042, 293, 3, 241, 4170, 12048, 408, 13, 33151, 8041, 11741, 0, 0, 26, 3198, 3154, 3914, 34, 0, 0, 17, 22, 159, 2, 46545, 38027, 41590, 1, 0, 0, 316
24,r0,18, 1078593,"  107540:	e6ef3073 	uxtb	r3, r3
",r2,31, 1078593,"  107540:	e6ef3073 	uxtb	r3, r3
",r1,5, 1078593,"  107540:	e6ef3073 	uxtb	r3, r3
",crash/hangs,-,-,-,-,-,-,-,-,-,-,-,-,-,-,-,-,-,-,-,-,-,-,-,-,-,-,-,-,-,-,-,-,-,-,-,-,-,-,-,-,-,-
25,r3,17, 1078241,"  1073e0:	e50b301c 	str	r3, [fp, #-28]	; 0xffffffe4
",r3,23, 1078241,"  1073e0:	e50b301c 	str	r3, [fp, #-28]	; 0xffffffe4
",r0,25, 1078241,"  1073e0:	e50b301c 	str	r3, [fp, #-28]	; 0xffffffe4
",crash/hangs,-,-,-,-,-,-,-,-,-,-,-,-,-,-,-,-,-,-,-,-,-,-,-,-,-,-,-,-,-,-,-,-,-,-,-,-,-,-,-,-,-,-
26,r1,26, 1075026,"  106750:	e0233001 	eor	r3, r3, r1
",r1,18, 1075026,"  106750:	e0233001 	eor	r3, r3, r1
",r0,6, 1075026,"  106750:	e0233001 	eor	r3, r3, r1
",crash/hangs,-,-,-,-,-,-,-,-,-,-,-,-,-,-,-,-,-,-,-,-,-,-,-,-,-,-,-,-,-,-,-,-,-,-,-,-,-,-,-,-,-,-
27,r3,27, 1080019,"  107ad0:	e7933100 	ldr	r3, [r3, r0, lsl #2]
",r2,2, 1080019,"  107ad0:	e7933100 	ldr	r3, [r3, r0, lsl #2]
",r3,16, 1080019,"  107ad0:	e7933100 	ldr	r3, [r3, r0, lsl #2]
",crash/hangs,-,-,-,-,-,-,-,-,-,-,-,-,-,-,-,-,-,-,-,-,-,-,-,-,-,-,-,-,-,-,-,-,-,-,-,-,-,-,-,-,-,-
28,r1,12, 1078329,"  107438:	e1a00003 	mov	r0, r3
",r0,15, 1078329,"  107438:	e1a00003 	mov	r0, r3
",r1,18, 1078329,"  107438:	e1a00003 	mov	r0, r3
",crash/hangs,-,-,-,-,-,-,-,-,-,-,-,-,-,-,-,-,-,-,-,-,-,-,-,-,-,-,-,-,-,-,-,-,-,-,-,-,-,-,-,-,-,-
29,r3,31, 1067648,"  104a80:	e6ef3073 	uxtb	r3, r3
",r0,23, 1067648,"  104a80:	e6ef3073 	uxtb	r3, r3
",r1,14, 1067648,"  104a80:	e6ef3073 	uxtb	r3, r3
",SDC, 603, 228, 3893, 4, 2994, 873, 1, 324, 504, 13, 231, 44722, 293, 3, 237, 4643, 11282, 419, 16, 31606, 7069, 11658, 0, 0, 26, 3163, 3185, 3928, 37, 0, 0, 19, 23, 138, 4, 45031, 36562, 40053, 1, 0, 0, 317
30,r3,14, 1067368,"  104968:	e0211003 	eor	r1, r1, r3
",r3,15, 1067368,"  104968:	e0211003 	eor	r1, r1, r3
",r1,14, 1067368,"  104968:	e0211003 	eor	r1, r1, r3
",SDC, 671, 353, 3862, 4, 2961, 865, 1, 324, 504, 12, 236, 44517, 293, 3, 232, 4595, 11231, 419, 14, 31272, 7295, 11697, 0, 0, 26, 3186, 3172, 3929, 37, 0, 0, 17, 21, 134, 4, 45234, 36156, 39737, 1, 0, 0, 317
31,r3,24, 1074667,"  1065e8:	e1a00003 	mov	r0, r3
",r0,9, 1074667,"  1065e8:	e1a00003 	mov	r0, r3
",r1,23, 1074667,"  1065e8:	e1a00003 	mov	r0, r3
",crash/hangs,-,-,-,-,-,-,-,-,-,-,-,-,-,-,-,-,-,-,-,-,-,-,-,-,-,-,-,-,-,-,-,-,-,-,-,-,-,-,-,-,-,-
32,r2,4, 1062559,"  10369c:	e6af3073 	sxtb	r3, r3
",r1,19, 1062559,"  10369c:	e6af3073 	sxtb	r3, r3
",r3,10, 1062559,"  10369c:	e6af3073 	sxtb	r3, r3
",benign, 618, 227, 3825, 2, 2943, 852, 1, 340, 505, 12, 218, 45454, 294, 3, 241, 4890, 11453, 411, 12, 32388, 8035, 11545, 0, 0, 26, 3157, 3134, 3826, 34, 0, 0, 19, 23, 128, 2, 46105, 37278, 40810, 1, 0, 0, 317
33,r1,7, 1082189,"  10834c:	e0233002 	eor	r3, r3, r2
",r3,5, 1082189,"  10834c:	e0233002 	eor	r3, r3, r2
",r0,14, 1082189,"  10834c:	e0233002 	eor	r3, r3, r2
",crash/hangs,-,-,-,-,-,-,-,-,-,-,-,-,-,-,-,-,-,-,-,-,-,-,-,-,-,-,-,-,-,-,-,-,-,-,-,-,-,-,-,-,-,-
34,r1,19, 1075149,"  1067cc:	e1a03c23 	lsr	r3, r3, #24
",r1,2, 1075149,"  1067cc:	e1a03c23 	lsr	r3, r3, #24
",r0,14, 1075149,"  1067cc:	e1a03c23 	lsr	r3, r3, #24
",crash/hangs,-,-,-,-,-,-,-,-,-,-,-,-,-,-,-,-,-,-,-,-,-,-,-,-,-,-,-,-,-,-,-,-,-,-,-,-,-,-,-,-,-,-
35,r2,2, 1080148,"  107b54:	e6ef3073 	uxtb	r3, r3
",r0,4, 1080148,"  107b54:	e6ef3073 	uxtb	r3, r3
",r0,10, 1080148,"  107b54:	e6ef3073 	uxtb	r3, r3
",crash/hangs,-,-,-,-,-,-,-,-,-,-,-,-,-,-,-,-,-,-,-,-,-,-,-,-,-,-,-,-,-,-,-,-,-,-,-,-,-,-,-,-,-,-
36,r1,18, 1080585,"  107d08:	e2800c01 	add	r0, r0, #256	; 0x100
",r3,23, 1080585,"  107d08:	e2800c01 	add	r0, r0, #256	; 0x100
",r3,6, 1080585,"  107d08:	e2800c01 	add	r0, r0, #256	; 0x100
",crash/hangs,-,-,-,-,-,-,-,-,-,-,-,-,-,-,-,-,-,-,-,-,-,-,-,-,-,-,-,-,-,-,-,-,-,-,-,-,-,-,-,-,-,-
37,r3,8, 1069711,"  10528c:	e2833028 	add	r3, r3, #40	; 0x28
",r0,12, 1069711,"  10528c:	e2833028 	add	r3, r3, #40	; 0x28
",r3,7, 1069711,"  10528c:	e2833028 	add	r3, r3, #40	; 0x28
",SDC, 764, 232, 3893, 3, 2996, 873, 1, 324, 504, 12, 235, 46262, 293, 3, 241, 4422, 11687, 493, 12, 32715, 7446, 11793, 0, 0, 26, 3173, 3179, 3930, 37, 0, 0, 19, 23, 204, 4, 46155, 37990, 41499, 2, 0, 0, 316
38,r1,10, 1068059,"  104c18:	e7931101 	ldr	r1, [r3, r1, lsl #2]
",r0,25, 1068059,"  104c18:	e7931101 	ldr	r1, [r3, r1, lsl #2]
",r3,21, 1068059,"  104c18:	e7931101 	ldr	r1, [r3, r1, lsl #2]
",SDC, 775, 352, 3861, 3, 2958, 869, 1, 324, 503, 12, 230, 45438, 293, 3, 234, 5066, 11027, 508, 16, 32030, 7870, 11742, 0, 0, 26, 3166, 3179, 3918, 37, 0, 0, 19, 23, 159, 6, 45763, 36926, 40463, 2, 0, 0, 317
39,r2,28, 1068550,"  104e04:	e2800c01 	add	r0, r0, #256	; 0x100
",r3,11, 1068550,"  104e04:	e2800c01 	add	r0, r0, #256	; 0x100
",r1,22, 1068550,"  104e04:	e2800c01 	add	r0, r0, #256	; 0x100
",SDC, 799, 347, 3868, 2, 2962, 865, 1, 324, 504, 11, 234, 46173, 293, 3, 237, 3956, 12057, 418, 14, 32406, 7422, 11772, 0, 0, 26, 3170, 3176, 3930, 38, 0, 0, 19, 24, 137, 2, 46494, 37177, 40867, 1, 0, 0, 316
40,r3,25, 1076546,"  106d40:	e2800c03 	add	r0, r0, #768	; 0x300
",r1,5, 1076546,"  106d40:	e2800c03 	add	r0, r0, #768	; 0x300
",r1,2, 1076546,"  106d40:	e2800c03 	add	r0, r0, #768	; 0x300
",crash/hangs,-,-,-,-,-,-,-,-,-,-,-,-,-,-,-,-,-,-,-,-,-,-,-,-,-,-,-,-,-,-,-,-,-,-,-,-,-,-,-,-,-,-
41,r2,3, 1080123,"  107b38:	e30c3cc0 	movw	r3, #52416	; 0xccc0
",r1,28, 1080123,"  107b38:	e30c3cc0 	movw	r3, #52416	; 0xccc0
",r1,24, 1080123,"  107b38:	e30c3cc0 	movw	r3, #52416	; 0xccc0
",crash/hangs,-,-,-,-,-,-,-,-,-,-,-,-,-,-,-,-,-,-,-,-,-,-,-,-,-,-,-,-,-,-,-,-,-,-,-,-,-,-,-,-,-,-
42,r1,18, 1078873,"  107658:	e1a01003 	mov	r1, r3
",r3,17, 1078873,"  107658:	e1a01003 	mov	r1, r3
",r0,11, 1078873,"  107658:	e1a01003 	mov	r1, r3
",crash/hangs,-,-,-,-,-,-,-,-,-,-,-,-,-,-,-,-,-,-,-,-,-,-,-,-,-,-,-,-,-,-,-,-,-,-,-,-,-,-,-,-,-,-
43,r0,22, 1079794,"  1079f0:	e3403011 	movt	r3, #17
",r2,26, 1079794,"  1079f0:	e3403011 	movt	r3, #17
",r2,6, 1079794,"  1079f0:	e3403011 	movt	r3, #17
",crash/hangs,-,-,-,-,-,-,-,-,-,-,-,-,-,-,-,-,-,-,-,-,-,-,-,-,-,-,-,-,-,-,-,-,-,-,-,-,-,-,-,-,-,-
44,r1,17, 1076356,"  106c84:	e2800c02 	add	r0, r0, #512	; 0x200
",r1,9, 1076356,"  106c84:	e2800c02 	add	r0, r0, #512	; 0x200
",r2,24, 1076356,"  106c84:	e2800c02 	add	r0, r0, #512	; 0x200
",crash/hangs,-,-,-,-,-,-,-,-,-,-,-,-,-,-,-,-,-,-,-,-,-,-,-,-,-,-,-,-,-,-,-,-,-,-,-,-,-,-,-,-,-,-
45,r2,17, 1065139,"  1040b0:	e5933000 	ldr	r3, [r3]
",r1,3, 1065139,"  1040b0:	e5933000 	ldr	r3, [r3]
",r3,11, 1065139,"  1040b0:	e5933000 	ldr	r3, [r3]
",crash/hangs,-,-,-,-,-,-,-,-,-,-,-,-,-,-,-,-,-,-,-,-,-,-,-,-,-,-,-,-,-,-,-,-,-,-,-,-,-,-,-,-,-,-
46,r3,19, 1064457,"  103e08:	e2823004 	add	r3, r2, #4
",r0,2, 1064457,"  103e08:	e2823004 	add	r3, r2, #4
",r3,30, 1064457,"  103e08:	e2823004 	add	r3, r2, #4
",crash/hangs,-,-,-,-,-,-,-,-,-,-,-,-,-,-,-,-,-,-,-,-,-,-,-,-,-,-,-,-,-,-,-,-,-,-,-,-,-,-,-,-,-,-
47,r3,30, 1077406,"  10709c:	e51b3028 	ldr	r3, [fp, #-40]	; 0xffffffd8
",r1,6, 1077406,"  10709c:	e51b3028 	ldr	r3, [fp, #-40]	; 0xffffffd8
",r3,9, 1077406,"  10709c:	e51b3028 	ldr	r3, [fp, #-40]	; 0xffffffd8
",crash/hangs,-,-,-,-,-,-,-,-,-,-,-,-,-,-,-,-,-,-,-,-,-,-,-,-,-,-,-,-,-,-,-,-,-,-,-,-,-,-,-,-,-,-
48,r0,12, 1069999,"  1053ac:	e0233001 	eor	r3, r3, r1
",r2,18, 1069999,"  1053ac:	e0233001 	eor	r3, r3, r1
",r3,18, 1069999,"  1053ac:	e0233001 	eor	r3, r3, r1
",benign, 774, 221, 3841, 2, 2956, 844, 1, 340, 505, 13, 227, 45159, 294, 3, 231, 4404, 11199, 409, 15, 32369, 8099, 11609, 0, 0, 26, 3153, 3163, 3839, 34, 0, 0, 17, 21, 134, 2, 45978, 37142, 40855, 1, 0, 0, 372
49,r2,23, 1072934,"  105f24:	e51b3018 	ldr	r3, [fp, #-24]	; 0xffffffe8
",r2,5, 1072934,"  105f24:	e51b3018 	ldr	r3, [fp, #-24]	; 0xffffffe8
",r0,29, 1072934,"  105f24:	e51b3018 	ldr	r3, [fp, #-24]	; 0xffffffe8
",SDC, 926, 350, 3844, 2, 2962, 869, 1, 324, 503, 12, 239, 45937, 293, 3, 242, 4925, 12112, 409, 16, 32938, 8104, 11782, 0, 0, 26, 3185, 3174, 3916, 35, 0, 0, 19, 23, 127, 2, 46386, 38133, 41690, 1, 0, 0, 316
50,r3,13, 1080477,"  107c9c:	e0211003 	eor	r1, r1, r3
",r3,20, 1080477,"  107c9c:	e0211003 	eor	r1, r1, r3
",r0,2, 1080477,"  107c9c:	e0211003 	eor	r1, r1, r3
",crash/hangs,-,-,-,-,-,-,-,-,-,-,-,-,-,-,-,-,-,-,-,-,-,-,-,-,-,-,-,-,-,-,-,-,-,-,-,-,-,-,-,-,-,-
51,r1,16, 1080843,"  107e08:	e51b3024 	ldr	r3, [fp, #-36]	; 0xffffffdc
",r0,29, 1080843,"  107e08:	e51b3024 	ldr	r3, [fp, #-36]	; 0xffffffdc
",r2,18, 1080843,"  107e08:	e51b3024 	ldr	r3, [fp, #-36]	; 0xffffffdc
",crash/hangs,-,-,-,-,-,-,-,-,-,-,-,-,-,-,-,-,-,-,-,-,-,-,-,-,-,-,-,-,-,-,-,-,-,-,-,-,-,-,-,-,-,-
52,r1,19, 1079117,"  10774c:	e1a03c23 	lsr	r3, r3, #24
",r0,14, 1079117,"  10774c:	e1a03c23 	lsr	r3, r3, #24
",r0,29, 1079117,"  10774c:	e1a03c23 	lsr	r3, r3, #24
",crash/hangs,-,-,-,-,-,-,-,-,-,-,-,-,-,-,-,-,-,-,-,-,-,-,-,-,-,-,-,-,-,-,-,-,-,-,-,-,-,-,-,-,-,-
53,r0,9, 1080034,"  107ae0:	e6ef3073 	uxtb	r3, r3
",r1,1, 1080034,"  107ae0:	e6ef3073 	uxtb	r3, r3
",r2,4, 1080034,"  107ae0:	e6ef3073 	uxtb	r3, r3
",crash/hangs,-,-,-,-,-,-,-,-,-,-,-,-,-,-,-,-,-,-,-,-,-,-,-,-,-,-,-,-,-,-,-,-,-,-,-,-,-,-,-,-,-,-
54,r1,10, 1077228,"  106fec:	e1a00003 	mov	r0, r3
",r3,12, 1077228,"  106fec:	e1a00003 	mov	r0, r3
",r1,25, 1077228,"  106fec:	e1a00003 	mov	r0, r3
",crash/hangs,-,-,-,-,-,-,-,-,-,-,-,-,-,-,-,-,-,-,-,-,-,-,-,-,-,-,-,-,-,-,-,-,-,-,-,-,-,-,-,-,-,-
55,r0,8, 1082705,"  108550:	e30e3cc0 	movw	r3, #60608	; 0xecc0
",r2,8, 1082705,"  108550:	e30e3cc0 	movw	r3, #60608	; 0xecc0
",r0,15, 1082705,"  108550:	e30e3cc0 	movw	r3, #60608	; 0xecc0
",crash/hangs,-,-,-,-,-,-,-,-,-,-,-,-,-,-,-,-,-,-,-,-,-,-,-,-,-,-,-,-,-,-,-,-,-,-,-,-,-,-,-,-,-,-
56,r2,23, 1075575,"  106974:	e6ef3073 	uxtb	r3, r3
",r0,25, 1075575,"  106974:	e6ef3073 	uxtb	r3, r3
",r2,30, 1075575,"  106974:	e6ef3073 	uxtb	r3, r3
",crash/hangs,-,-,-,-,-,-,-,-,-,-,-,-,-,-,-,-,-,-,-,-,-,-,-,-,-,-,-,-,-,-,-,-,-,-,-,-,-,-,-,-,-,-
57,r1,1, 1080099,"  107b20:	e3403011 	movt	r3, #17
",r3,17, 1080099,"  107b20:	e3403011 	movt	r3, #17
",r3,23, 1080099,"  107b20:	e3403011 	movt	r3, #17
",crash/hangs,-,-,-,-,-,-,-,-,-,-,-,-,-,-,-,-,-,-,-,-,-,-,-,-,-,-,-,-,-,-,-,-,-,-,-,-,-,-,-,-,-,-
58,r0,10, 1078332,"  10743c:	e30c3cc0 	movw	r3, #52416	; 0xccc0
",r0,26, 1078332,"  10743c:	e30c3cc0 	movw	r3, #52416	; 0xccc0
",r0,1, 1078332,"  10743c:	e30c3cc0 	movw	r3, #52416	; 0xccc0
",crash/hangs,-,-,-,-,-,-,-,-,-,-,-,-,-,-,-,-,-,-,-,-,-,-,-,-,-,-,-,-,-,-,-,-,-,-,-,-,-,-,-,-,-,-
59,r2,26, 1073176,"  106018:	e3403011 	movt	r3, #17
",r0,13, 1073176,"  106018:	e3403011 	movt	r3, #17
",r0,17, 1073176,"  106018:	e3403011 	movt	r3, #17
",SDC, 774, 230, 3861, 5, 2975, 854, 1, 336, 504, 13, 228, 44629, 293, 3, 238, 4137, 11329, 411, 10, 30844, 6457, 11556, 0, 0, 26, 3175, 3164, 3861, 35, 0, 0, 19, 23, 129, 7, 44726, 36169, 39727, 2, 0, 0, 316
60,r0,31, 1074447,"  10650c:	e51b3008 	ldr	r3, [fp, #-8]
",r1,1, 1074447,"  10650c:	e51b3008 	ldr	r3, [fp, #-8]
",r3,10, 1074447,"  10650c:	e51b3008 	ldr	r3, [fp, #-8]
",crash/hangs,-,-,-,-,-,-,-,-,-,-,-,-,-,-,-,-,-,-,-,-,-,-,-,-,-,-,-,-,-,-,-,-,-,-,-,-,-,-,-,-,-,-
61,r3,21, 1070238,"  10549c:	e1a03823 	lsr	r3, r3, #16
",r3,14, 1070238,"  10549c:	e1a03823 	lsr	r3, r3, #16
",r0,16, 1070238,"  10549c:	e1a03823 	lsr	r3, r3, #16
",SDC, 781, 223, 3885, 2, 2993, 872, 1, 324, 504, 13, 233, 45594, 293, 3, 237, 4476, 10959, 420, 10, 32027, 8010, 11733, 0, 0, 26, 3207, 3140, 3921, 34, 0, 0, 19, 23, 137, 2, 45817, 36856, 40586, 1, 0, 0, 316
62,r3,29, 1072212,"  105c54:	e1a03823 	lsr	r3, r3, #16
",r2,26, 1072212,"  105c54:	e1a03823 	lsr	r3, r3, #16
",r1,27, 1072212,"  105c54:	e1a03823 	lsr	r3, r3, #16
",SDC, 819, 350, 3847, 4, 2960, 871, 1, 324, 504, 12, 241, 44885, 293, 3, 239, 4547, 12027, 408, 15, 31724, 7047, 11652, 0, 0, 26, 3213, 3155, 3928, 39, 0, 0, 17, 21, 125, 4, 45370, 36875, 40428, 1, 0, 0, 317
63,r3,11, 1074791,"  106664:	e3403011 	movt	r3, #17
",r3,29, 1074791,"  106664:	e3403011 	movt	r3, #17
",r3,20, 1074791,"  106664:	e3403011 	movt	r3, #17
",crash/hangs,-,-,-,-,-,-,-,-,-,-,-,-,-,-,-,-,-,-,-,-,-,-,-,-,-,-,-,-,-,-,-,-,-,-,-,-,-,-,-,-,-,-
64,r2,24, 1070717,"  10567c:	e7933100 	ldr	r3, [r3, r0, lsl #2]
",r0,31, 1070717,"  10567c:	e7933100 	ldr	r3, [r3, r0, lsl #2]
",r0,0, 1070717,"  10567c:	e7933100 	ldr	r3, [r3, r0, lsl #2]
",SDC, 792, 220, 3899, 2, 2996, 870, 1, 324, 503, 13, 229, 44889, 293, 3, 230, 4743, 10909, 409, 8, 31283, 7648, 11683, 0, 0, 26, 3170, 3179, 3931, 40, 0, 0, 19, 23, 128, 2, 45196, 36852, 40569, 1, 0, 0, 316
65,r3,9, 1075755,"  106a28:	e51b3018 	ldr	r3, [fp, #-24]	; 0xffffffe8
",r2,9, 1075755,"  106a28:	e51b3018 	ldr	r3, [fp, #-24]	; 0xffffffe8
",r3,23, 1075755,"  106a28:	e51b3018 	ldr	r3, [fp, #-24]	; 0xffffffe8
",crash/hangs,-,-,-,-,-,-,-,-,-,-,-,-,-,-,-,-,-,-,-,-,-,-,-,-,-,-,-,-,-,-,-,-,-,-,-,-,-,-,-,-,-,-
66,r0,16, 1072261,"  105c84:	e30b3cc0 	movw	r3, #48320	; 0xbcc0
",r1,20, 1072261,"  105c84:	e30b3cc0 	movw	r3, #48320	; 0xbcc0
",r2,24, 1072261,"  105c84:	e30b3cc0 	movw	r3, #48320	; 0xbcc0
",SDC, 852, 238, 3883, 2, 2991, 870, 1, 324, 503, 13, 231, 45839, 293, 3, 248, 3975, 12409, 409, 16, 32850, 7615, 11811, 0, 0, 26, 3187, 3165, 3929, 36, 0, 0, 19, 23, 127, 2, 46495, 38433, 41986, 1, 0, 0, 316
67,r0,16, 1077875,"  107270:	e1a00003 	mov	r0, r3
",r1,18, 1077875,"  107270:	e1a00003 	mov	r0, r3
",r2,20, 1077875,"  107270:	e1a00003 	mov	r0, r3
",crash/hangs,-,-,-,-,-,-,-,-,-,-,-,-,-,-,-,-,-,-,-,-,-,-,-,-,-,-,-,-,-,-,-,-,-,-,-,-,-,-,-,-,-,-
68,r0,14, 1075900,"  106abc:	e2800c02 	add	r0, r0, #512	; 0x200
",r3,27, 1075900,"  106abc:	e2800c02 	add	r0, r0, #512	; 0x200
",r1,13, 1075900,"  106abc:	e2800c02 	add	r0, r0, #512	; 0x200
",crash/hangs,-,-,-,-,-,-,-,-,-,-,-,-,-,-,-,-,-,-,-,-,-,-,-,-,-,-,-,-,-,-,-,-,-,-,-,-,-,-,-,-,-,-
69,r3,18, 1063326,"  10399c:	e0211003 	eor	r1, r1, r3
",r0,4, 1063326,"  10399c:	e0211003 	eor	r1, r1, r3
",r1,31, 1063326,"  10399c:	e0211003 	eor	r1, r1, r3
",crash/hangs,-,-,-,-,-,-,-,-,-,-,-,-,-,-,-,-,-,-,-,-,-,-,-,-,-,-,-,-,-,-,-,-,-,-,-,-,-,-,-,-,-,-
70,r0,2, 1073346,"  1060c0:	e0233002 	eor	r3, r3, r2
",r3,28, 1073346,"  1060c0:	e0233002 	eor	r3, r3, r2
",r3,16, 1073346,"  1060c0:	e0233002 	eor	r3, r3, r2
",SDC, 871, 225, 3850, 2, 2970, 854, 1, 338, 503, 13, 227, 46295, 293, 3, 236, 4379, 11669, 408, 13, 32892, 8167, 11648, 0, 0, 26, 3163, 3166, 3839, 34, 0, 0, 17, 21, 126, 2, 46263, 37771, 41352, 1, 0, 0, 317
71,r0,21, 1063724,"  103b2c:	e5933000 	ldr	r3, [r3]
",r1,1, 1063724,"  103b2c:	e5933000 	ldr	r3, [r3]
",r3,5, 1063724,"  103b2c:	e5933000 	ldr	r3, [r3]
",SDC, 598, 360, 3833, 5, 2951, 875, 1, 324, 503, 13, 231, 45203, 293, 3, 247, 4297, 12154, 506, 17, 31681, 7164, 11638, 0, 0, 26, 3202, 3124, 3926, 35, 0, 0, 17, 22, 225, 9, 45571, 37026, 40630, 2, 0, 0, 316
72,r0,26, 1076836,"  106e64:	e1a00003 	mov	r0, r3
",r0,18, 1076836,"  106e64:	e1a00003 	mov	r0, r3
",r2,7, 1076836,"  106e64:	e1a00003 	mov	r0, r3
",crash/hangs,-,-,-,-,-,-,-,-,-,-,-,-,-,-,-,-,-,-,-,-,-,-,-,-,-,-,-,-,-,-,-,-,-,-,-,-,-,-,-,-,-,-
73,r1,0, 1073111,"  105fd4:	e2800c01 	add	r0, r0, #256	; 0x100
",r1,25, 1073111,"  105fd4:	e2800c01 	add	r0, r0, #256	; 0x100
",r0,16, 1073111,"  105fd4:	e2800c01 	add	r0, r0, #256	; 0x100
",SDC, 864, 227, 3854, 2, 2974, 854, 1, 336, 504, 12, 232, 46216, 293, 3, 237, 4816, 11743, 408, 13, 32703, 8048, 11669, 0, 0, 26, 3182, 3159, 3859, 35, 0, 0, 19, 23, 127, 2, 46388, 37743, 41504, 1, 0, 0, 317
74,r1,6, 1071256,"  105898:	e7931101 	ldr	r1, [r3, r1, lsl #2]
",r3,20, 1071256,"  105898:	e7931101 	ldr	r1, [r3, r1, lsl #2]
",r0,31, 1071256,"  105898:	e7931101 	ldr	r1, [r3, r1, lsl #2]
",SDC, 791, 354, 3865, 5, 2962, 865, 1, 324, 503, 13, 233, 44947, 293, 3, 244, 4136, 12341, 498, 11, 31601, 7233, 11637, 0, 0, 26, 3180, 3158, 3936, 39, 0, 0, 17, 21, 215, 8, 45362, 36463, 39974, 2, 0, 0, 316
75,r3,26, 1073831,"  1062a4:	e1a01003 	mov	r1, r3
",r2,8, 1073831,"  1062a4:	e1a01003 	mov	r1, r3
",r2,4, 1073831,"  1062a4:	e1a01003 	mov	r1, r3
",SDC, 971, 355, 3817, 2, 2939, 852, 1, 337, 504, 13, 223, 45933, 293, 3, 241, 4388, 11974, 427, 11, 32448, 7609, 11706, 0, 0, 26, 3192, 3144, 3863, 35, 0, 0, 17, 21, 135, 2, 45955, 37391, 40947, 1, 0, 0, 317
76,r0,21, 1080230,"  107ba4:	e5932000 	ldr	r2, [r3]
",r2,21, 1080230,"  107ba4:	e5932000 	ldr	r2, [r3]
",r2,17, 1080230,"  107ba4:	e5932000 	ldr	r2, [r3]
",crash/hangs,-,-,-,-,-,-,-,-,-,-,-,-,-,-,-,-,-,-,-,-,-,-,-,-,-,-,-,-,-,-,-,-,-,-,-,-,-,-,-,-,-,-
77,r2,26, 1083086,"  1086cc:	e3403011 	movt	r3, #17
",r2,17, 1083086,"  1086cc:	e3403011 	movt	r3, #17
",r2,30, 1083086,"  1086cc:	e3403011 	movt	r3, #17
",crash/hangs,-,-,-,-,-,-,-,-,-,-,-,-,-,-,-,-,-,-,-,-,-,-,-,-,-,-,-,-,-,-,-,-,-,-,-,-,-,-,-,-,-,-
78,r2,28, 1073783,"  106274:	e30d3cc0 	movw	r3, #56512	; 0xdcc0
",r1,29, 1073783,"  106274:	e30d3cc0 	movw	r3, #56512	; 0xdcc0
",r3,30, 1073783,"  106274:	e30d3cc0 	movw	r3, #56512	; 0xdcc0
",SDC, 894, 225, 3856, 2, 2977, 855, 1, 336, 504, 13, 231, 45705, 293, 3, 244, 4286, 11858, 409, 14, 32308, 7467, 11643, 0, 0, 26, 3151, 3169, 3859, 34, 0, 0, 19, 24, 127, 2, 46168, 37877, 41417, 1, 0, 0, 316
79,r2,17, 1080482,"  107ca0:	e51b300c 	ldr	r3, [fp, #-12]
",r2,18, 1080482,"  107ca0:	e51b300c 	ldr	r3, [fp, #-12]
",r3,29, 1080482,"  107ca0:	e51b300c 	ldr	r3, [fp, #-12]
",crash/hangs,-,-,-,-,-,-,-,-,-,-,-,-,-,-,-,-,-,-,-,-,-,-,-,-,-,-,-,-,-,-,-,-,-,-,-,-,-,-,-,-,-,-
80,r3,20, 1066396,"  10459c:	e30b3cc0 	movw	r3, #48320	; 0xbcc0
",r0,11, 1066396,"  10459c:	e30b3cc0 	movw	r3, #48320	; 0xbcc0
",r2,29, 1066396,"  10459c:	e30b3cc0 	movw	r3, #48320	; 0xbcc0
",SDC, 566, 231, 3897, 5, 3022, 883, 1, 325, 503, 13, 247, 45511, 293, 3, 240, 4357, 12364, 411, 14, 31896, 6837, 11703, 0, 0, 26, 3175, 3196, 3973, 36, 0, 0, 17, 22, 137, 8, 45577, 37458, 41024, 2, 0, 0, 316
81,r1,10, 1075269,"  106844:	e6ef3073 	uxtb	r3, r3
",r1,9, 1075269,"  106844:	e6ef3073 	uxtb	r3, r3
",r1,31, 1075269,"  106844:	e6ef3073 	uxtb	r3, r3
",crash/hangs,-,-,-,-,-,-,-,-,-,-,-,-,-,-,-,-,-,-,-,-,-,-,-,-,-,-,-,-,-,-,-,-,-,-,-,-,-,-,-,-,-,-
82,r0,30, 1075130,"  1067b8:	e3403011 	movt	r3, #17
",r0,14, 1075130,"  1067b8:	e3403011 	movt	r3, #17
",r0,29, 1075130,"  1067b8:	e3403011 	movt	r3, #17
",crash/hangs,-,-,-,-,-,-,-,-,-,-,-,-,-,-,-,-,-,-,-,-,-,-,-,-,-,-,-,-,-,-,-,-,-,-,-,-,-,-,-,-,-,-
83,r0,17, 1072557,"  105dac:	e6ef3073 	uxtb	r3, r3
",r1,16, 1072557,"  105dac:	e6ef3073 	uxtb	r3, r3
",r3,29, 1072557,"  105dac:	e6ef3073 	uxtb	r3, r3
",SDC, 851, 235, 3869, 2, 2994, 877, 1, 324, 504, 13, 232, 46018, 293, 3, 245, 3865, 12763, 419, 16, 32717, 7850, 11761, 0, 0, 26, 3168, 3183, 3914, 35, 0, 0, 19, 23, 128, 2, 46730, 37942, 41499, 1, 0, 0, 316
84,r3,28, 1077837,"  10724c:	e1a00003 	mov	r0, r3
",r3,30, 1077837,"  10724c:	e1a00003 	mov	r0, r3
",r1,4, 1077837,"  10724c:	e1a00003 	mov	r0, r3
",crash/hangs,-,-,-,-,-,-,-,-,-,-,-,-,-,-,-,-,-,-,-,-,-,-,-,-,-,-,-,-,-,-,-,-,-,-,-,-,-,-,-,-,-,-
85,r3,18, 1064682,"  103ee8:	e1a03823 	lsr	r3, r3, #16
",r0,30, 1064682,"  103ee8:	e1a03823 	lsr	r3, r3, #16
",r3,29, 1064682,"  103ee8:	e1a03823 	lsr	r3, r3, #16
",crash/hangs,-,-,-,-,-,-,-,-,-,-,-,-,-,-,-,-,-,-,-,-,-,-,-,-,-,-,-,-,-,-,-,-,-,-,-,-,-,-,-,-,-,-
86,r2,29, 1081590,"  1080f4:	e51b3008 	ldr	r3, [fp, #-8]
",r1,30, 1081590,"  1080f4:	e51b3008 	ldr	r3, [fp, #-8]
",r3,23, 1081590,"  1080f4:	e51b3008 	ldr	r3, [fp, #-8]
",crash/hangs,-,-,-,-,-,-,-,-,-,-,-,-,-,-,-,-,-,-,-,-,-,-,-,-,-,-,-,-,-,-,-,-,-,-,-,-,-,-,-,-,-,-
87,r3,28, 1083112,"  1086e8:	e51b3034 	ldr	r3, [fp, #-52]	; 0xffffffcc
",r0,23, 1083112,"  1086e8:	e51b3034 	ldr	r3, [fp, #-52]	; 0xffffffcc
",r2,31, 1083112,"  1086e8:	e51b3034 	ldr	r3, [fp, #-52]	; 0xffffffcc
",crash/hangs,-,-,-,-,-,-,-,-,-,-,-,-,-,-,-,-,-,-,-,-,-,-,-,-,-,-,-,-,-,-,-,-,-,-,-,-,-,-,-,-,-,-
88,r0,3, 1079179,"  107788:	e1a01003 	mov	r1, r3
",r0,18, 1079179,"  107788:	e1a01003 	mov	r1, r3
",r1,23, 1079179,"  107788:	e1a01003 	mov	r1, r3
",crash/hangs,-,-,-,-,-,-,-,-,-,-,-,-,-,-,-,-,-,-,-,-,-,-,-,-,-,-,-,-,-,-,-,-,-,-,-,-,-,-,-,-,-,-
89,r3,25, 1065791,"  10433c:	e30b3cc0 	movw	r3, #48320	; 0xbcc0
",r1,2, 1065791,"  10433c:	e30b3cc0 	movw	r3, #48320	; 0xbcc0
",r1,20, 1065791,"  10433c:	e30b3cc0 	movw	r3, #48320	; 0xbcc0
",SDC, 639, 226, 3891, 2, 3000, 873, 1, 324, 503, 12, 227, 46019, 293, 3, 241, 4910, 11483, 409, 16, 32692, 8037, 11750, 0, 0, 26, 3187, 3172, 3929, 38, 0, 0, 17, 21, 126, 2, 46626, 37718, 41416, 1, 0, 0, 316
90,r0,8, 1067297,"  104920:	e7931101 	ldr	r1, [r3, r1, lsl #2]
",r3,22, 1067297,"  104920:	e7931101 	ldr	r1, [r3, r1, lsl #2]
",r0,28, 1067297,"  104920:	e7931101 	ldr	r1, [r3, r1, lsl #2]
",SDC, 762, 352, 3856, 2, 2957, 866, 1, 324, 504, 13, 233, 45346, 293, 3, 242, 4470, 11472, 409, 16, 32194, 7739, 11757, 0, 0, 26, 3213, 3166, 3921, 37, 0, 0, 19, 23, 127, 2, 46193, 37381, 40923, 1, 0, 0, 317
91,r3,13, 1069831,"  105304:	e30b3cc0 	movw	r3, #48320	; 0xbcc0
",r3,0, 1069831,"  105304:	e30b3cc0 	movw	r3, #48320	; 0xbcc0
",r1,1, 1069831,"  105304:	e30b3cc0 	movw	r3, #48320	; 0xbcc0
",SDC, 831, 348, 3891, 2, 2986, 873, 1, 325, 503, 13, 239, 45684, 293, 3, 240, 4565, 11301, 409, 14, 32550, 8039, 11861, 0, 0, 26, 3187, 3164, 3979, 34, 0, 0, 19, 23, 138, 2, 46820, 38025, 41618, 1, 0, 0, 317
92,r0,5, 1073082,"  105fb8:	e7931101 	ldr	r1, [r3, r1, lsl #2]
",r3,4, 1073082,"  105fb8:	e7931101 	ldr	r1, [r3, r1, lsl #2]
",r1,13, 1073082,"  105fb8:	e7931101 	ldr	r1, [r3, r1, lsl #2]
",SDC, 945, 345, 3839, 3, 2946, 852, 1, 336, 504, 13, 228, 44919, 293, 3, 233, 4971, 10573, 500, 11, 31871, 7957, 11693, 0, 0, 26, 3198, 3131, 3872, 38, 0, 0, 19, 23, 229, 6, 45575, 36700, 40304, 2, 0, 0, 317
93,r3,31, 1071966,"  105b5c:	e2800c03 	add	r0, r0, #768	; 0x300
",r2,30, 1071966,"  105b5c:	e2800c03 	add	r0, r0, #768	; 0x300
",r1,11, 1071966,"  105b5c:	e2800c03 	add	r0, r0, #768	; 0x300
",SDC, 901, 358, 3859, 2, 2959, 864, 1, 324, 503, 13, 239, 45997, 293, 3, 241, 4556, 12068, 409, 10, 32884, 7837, 11731, 0, 0, 26, 3191, 3159, 3925, 36, 0, 0, 19, 23, 138, 2, 46551, 37869, 41411, 1, 0, 0, 316
94,r1,18, 1074217,"  106428:	e0211003 	eor	r1, r1, r3
",r2,19, 1074217,"  106428:	e0211003 	eor	r1, r1, r3
",r1,4, 1074217,"  106428:	e0211003 	eor	r1, r1, r3
",SDC, 981, 350, 3821, 2, 2938, 851, 1, 336, 503, 13, 235, 45648, 293, 3, 241, 4517, 11635, 419, 16, 32606, 8166, 11678, 0, 0, 26, 3160, 3155, 3872, 35, 0, 0, 17, 22, 136, 2, 46073, 37755, 41507, 1, 0, 0, 316
95,r1,31, 1077228,"  106fec:	e1a00003 	mov	r0, r3
",r0,0, 1077228,"  106fec:	e1a00003 	mov	r0, r3
",r0,0, 1077228,"  106fec:	e1a00003 	mov	r0, r3
",crash/hangs,-,-,-,-,-,-,-,-,-,-,-,-,-,-,-,-,-,-,-,-,-,-,-,-,-,-,-,-,-,-,-,-,-,-,-,-,-,-,-,-,-,-
96,r0,5, 1078279,"  107404:	e7931101 	ldr	r1, [r3, r1, lsl #2]
",r1,3, 1078279,"  107404:	e7931101 	ldr	r1, [r3, r1, lsl #2]
",r0,24, 1078279,"  107404:	e7931101 	ldr	r1, [r3, r1, lsl #2]
",crash/hangs,-,-,-,-,-,-,-,-,-,-,-,-,-,-,-,-,-,-,-,-,-,-,-,-,-,-,-,-,-,-,-,-,-,-,-,-,-,-,-,-,-,-
97,r1,20, 1082224,"  108370:	e3403011 	movt	r3, #17
",r2,11, 1082224,"  108370:	e3403011 	movt	r3, #17
",r2,19, 1082224,"  108370:	e3403011 	movt	r3, #17
",crash/hangs,-,-,-,-,-,-,-,-,-,-,-,-,-,-,-,-,-,-,-,-,-,-,-,-,-,-,-,-,-,-,-,-,-,-,-,-,-,-,-,-,-,-
98,r1,2, 1066430,"  1045bc:	e1a00003 	mov	r0, r3
",r1,23, 1066430,"  1045bc:	e1a00003 	mov	r0, r3
",r0,29, 1066430,"  1045bc:	e1a00003 	mov	r0, r3
",SDC, 663, 216, 3895, 2, 3001, 872, 1, 324, 504, 13, 239, 45859, 293, 3, 233, 4922, 11408, 416, 11, 32650, 8257, 11777, 0, 0, 26, 3190, 3158, 3919, 34, 0, 0, 19, 23, 138, 2, 45780, 37815, 41393, 1, 0, 0, 316
99,r0,23, 1073385,"  1060e8:	e7931101 	ldr	r1, [r3, r1, lsl #2]
",r0,20, 1073385,"  1060e8:	e7931101 	ldr	r1, [r3, r1, lsl #2]
",r3,18, 1073385,"  1060e8:	e7931101 	ldr	r1, [r3, r1, lsl #2]
",SDC, 943, 344, 3838, 2, 2949, 850, 1, 336, 503, 13, 227, 45926, 293, 3, 236, 4543, 11809, 576, 13, 32672, 7870, 11697, 0, 0, 26, 3150, 3182, 3875, 36, 0, 0, 19, 24, 127, 2, 46359, 37256, 40824, 1, 0, 0, 316
100,r3,2, 1065110,"  104094:	e50b000c 	str	r0, [fp, #-12]
",r0,4, 1065110,"  104094:	e50b000c 	str	r0, [fp, #-12]
",r0,31, 1065110,"  104094:	e50b000c 	str	r0, [fp, #-12]
",crash/hangs,-,-,-,-,-,-,-,-,-,-,-,-,-,-,-,-,-,-,-,-,-,-,-,-,-,-,-,-,-,-,-,-,-,-,-,-,-,-,-,-,-,-
101,r3,8, 1079985,"  107ab0:	e0211003 	eor	r1, r1, r3
",r2,31, 1079985,"  107ab0:	e0211003 	eor	r1, r1, r3
",r1,22, 1079985,"  107ab0:	e0211003 	eor	r1, r1, r3
",crash/hangs,-,-,-,-,-,-,-,-,-,-,-,-,-,-,-,-,-,-,-,-,-,-,-,-,-,-,-,-,-,-,-,-,-,-,-,-,-,-,-,-,-,-
102,r2,25, 1064743,"  103f24:	e2822c03 	add	r2, r2, #768	; 0x300
",r1,29, 1064743,"  103f24:	e2822c03 	add	r2, r2, #768	; 0x300
",r2,9, 1064743,"  103f24:	e2822c03 	add	r2, r2, #768	; 0x300
",crash/hangs,-,-,-,-,-,-,-,-,-,-,-,-,-,-,-,-,-,-,-,-,-,-,-,-,-,-,-,-,-,-,-,-,-,-,-,-,-,-,-,-,-,-
103,r0,7, 1080156,"  107b5c:	e30c3cc0 	movw	r3, #52416	; 0xccc0
",r1,11, 1080156,"  107b5c:	e30c3cc0 	movw	r3, #52416	; 0xccc0
",r1,19, 1080156,"  107b5c:	e30c3cc0 	movw	r3, #52416	; 0xccc0
",crash/hangs,-,-,-,-,-,-,-,-,-,-,-,-,-,-,-,-,-,-,-,-,-,-,-,-,-,-,-,-,-,-,-,-,-,-,-,-,-,-,-,-,-,-
104,r3,29, 1073232,"  106050:	e7931101 	ldr	r1, [r3, r1, lsl #2]
",r1,24, 1073232,"  106050:	e7931101 	ldr	r1, [r3, r1, lsl #2]
",r1,28, 1073232,"  106050:	e7931101 	ldr	r1, [r3, r1, lsl #2]
",SDC, 772, 228, 3850, 4, 2969, 854, 1, 336, 504, 14, 231, 44833, 293, 3, 238, 4368, 11781, 418, 15, 31842, 7227, 11543, 0, 0, 26, 3147, 3189, 3857, 34, 0, 0, 17, 21, 136, 9, 45581, 36563, 40120, 1, 0, 0, 374
105,r0,1, 1064113,"  103cb0:	e30d3cc0 	movw	r3, #56512	; 0xdcc0
",r2,16, 1064113,"  103cb0:	e30d3cc0 	movw	r3, #56512	; 0xdcc0
",r2,18, 1064113,"  103cb0:	e30d3cc0 	movw	r3, #56512	; 0xdcc0
",SDC, 701, 353, 3853, 2, 2946, 872, 1, 324, 504, 13, 230, 45321, 293, 3, 240, 3999, 11895, 418, 14, 32209, 7581, 11734, 0, 0, 26, 3246, 3080, 3900, 37, 0, 0, 19, 23, 128, 2, 45402, 37124, 40653, 1, 0, 0, 316
106,r0,29, 1078055,"  107324:	e1a03c23 	lsr	r3, r3, #24
",r0,17, 1078055,"  107324:	e1a03c23 	lsr	r3, r3, #24
",r3,25, 1078055,"  107324:	e1a03c23 	lsr	r3, r3, #24
",crash/hangs,-,-,-,-,-,-,-,-,-,-,-,-,-,-,-,-,-,-,-,-,-,-,-,-,-,-,-,-,-,-,-,-,-,-,-,-,-,-,-,-,-,-
107,r0,30, 1072687,"  105e2c:	e3403011 	movt	r3, #17
",r0,11, 1072687,"  105e2c:	e3403011 	movt	r3, #17
",r3,17, 1072687,"  105e2c:	e3403011 	movt	r3, #17
",SDC, 867, 230, 3897, 3, 2996, 872, 1, 324, 503, 13, 250, 46278, 293, 3, 242, 4453, 12078, 408, 15, 32662, 7731, 11716, 0, 0, 26, 3170, 3187, 3929, 36, 0, 0, 19, 23, 144, 4, 46410, 38175, 41762, 2, 0, 0, 317
108,r1,17, 1064944,"  103ff0:	e51b3008 	ldr	r3, [fp, #-8]
",r1,27, 1064944,"  103ff0:	e51b3008 	ldr	r3, [fp, #-8]
",r3,18, 1064944,"  103ff0:	e51b3008 	ldr	r3, [fp, #-8]
",crash/hangs,-,-,-,-,-,-,-,-,-,-,-,-,-,-,-,-,-,-,-,-,-,-,-,-,-,-,-,-,-,-,-,-,-,-,-,-,-,-,-,-,-,-
109,r2,10, 1077474,"  1070e0:	e0233001 	eor	r3, r3, r1
",r1,0, 1077474,"  1070e0:	e0233001 	eor	r3, r3, r1
",r0,3, 1077474,"  1070e0:	e0233001 	eor	r3, r3, r1
",crash/hangs,-,-,-,-,-,-,-,-,-,-,-,-,-,-,-,-,-,-,-,-,-,-,-,-,-,-,-,-,-,-,-,-,-,-,-,-,-,-,-,-,-,-
110,r3,7, 1070665,"  105648:	e1a00003 	mov	r0, r3
",r2,5, 1070665,"  105648:	e1a00003 	mov	r0, r3
",r1,11, 1070665,"  105648:	e1a00003 	mov	r0, r3
",SDC, 794, 227, 3885, 3, 2998, 871, 1, 324, 504, 13, 236, 45652, 293, 3, 238, 4262, 11835, 484, 11, 32258, 7511, 11754, 0, 0, 26, 3184, 3183, 3936, 37, 0, 0, 19, 23, 213, 4, 45709, 38130, 41686, 2, 0, 0, 317
111,r1,29, 1062765,"  10376c:	e3530008 	cmp	r3, #8
",r2,5, 1062765,"  10376c:	e3530008 	cmp	r3, #8
",r3,24, 1062765,"  10376c:	e3530008 	cmp	r3, #8
",crash/hangs,-,-,-,-,-,-,-,-,-,-,-,-,-,-,-,-,-,-,-,-,-,-,-,-,-,-,-,-,-,-,-,-,-,-,-,-,-,-,-,-,-,-
112,r3,6, 1067273,"  104908:	e5932000 	ldr	r2, [r3]
",r1,25, 1067273,"  104908:	e5932000 	ldr	r2, [r3]
",r1,7, 1067273,"  104908:	e5932000 	ldr	r2, [r3]
",SDC, 690, 230, 3873, 3, 2992, 875, 1, 324, 504, 13, 237, 45805, 293, 3, 245, 4561, 11554, 496, 15, 32891, 7962, 11733, 0, 0, 26, 3198, 3159, 3916, 36, 0, 0, 19, 23, 217, 6, 46447, 37758, 41324, 2, 0, 0, 317
113,r2,20, 1066387,"  104590:	e1a03423 	lsr	r3, r3, #8
",r2,26, 1066387,"  104590:	e1a03423 	lsr	r3, r3, #8
",r2,30, 1066387,"  104590:	e1a03423 	lsr	r3, r3, #8
",SDC, 727, 346, 3847, 2, 2962, 870, 1, 324, 503, 13, 239, 45547, 293, 3, 238, 4700, 10779, 409, 13, 31775, 8005, 11741, 0, 0, 26, 3152, 3192, 3917, 33, 0, 0, 19, 23, 127, 2, 45455, 36995, 40696, 1, 0, 0, 317
114,r1,28, 1073564,"  10619c:	e2800c01 	add	r0, r0, #256	; 0x100
",r0,21, 1073564,"  10619c:	e2800c01 	add	r0, r0, #256	; 0x100
",r2,10, 1073564,"  10619c:	e2800c01 	add	r0, r0, #256	; 0x100
",SDC, 862, 346, 3816, 4, 2932, 852, 1, 336, 504, 13, 233, 44620, 293, 3, 233, 4194, 11342, 409, 14, 30986, 6558, 11557, 0, 0, 26, 3149, 3183, 3868, 37, 0, 0, 17, 21, 126, 4, 44858, 36297, 39959, 1, 0, 0, 316
115,r1,15, 1066151,"  1044a4:	e51b3024 	ldr	r3, [fp, #-36]	; 0xffffffdc
",r2,17, 1066151,"  1044a4:	e51b3024 	ldr	r3, [fp, #-36]	; 0xffffffdc
",r0,19, 1066151,"  1044a4:	e51b3024 	ldr	r3, [fp, #-36]	; 0xffffffdc
",SDC, 727, 349, 3856, 2, 2959, 868, 1, 324, 503, 13, 230, 45946, 293, 3, 239, 4768, 11183, 408, 8, 31923, 8154, 11671, 0, 0, 26, 3176, 3180, 3930, 38, 0, 0, 19, 23, 127, 2, 45782, 37543, 41127, 1, 0, 0, 316
116,r2,9, 1067374,"  10496c:	e51b3024 	ldr	r3, [fp, #-36]	; 0xffffffdc
",r0,24, 1067374,"  10496c:	e51b3024 	ldr	r3, [fp, #-36]	; 0xffffffdc
",r0,24, 1067374,"  10496c:	e51b3024 	ldr	r3, [fp, #-36]	; 0xffffffdc
",SDC, 769, 341, 3854, 2, 2956, 869, 1, 324, 503, 12, 233, 45388, 293, 3, 238, 4602, 11447, 419, 12, 32292, 8569, 11753, 0, 0, 26, 3189, 3168, 3929, 36, 0, 0, 17, 21, 126, 2, 45874, 36843, 40486, 1, 0, 0, 316
117,r3,3, 1074474,"  106528:	e5932000 	ldr	r2, [r3]
",r0,18, 1074474,"  106528:	e5932000 	ldr	r2, [r3]
",r2,17, 1074474,"  106528:	e5932000 	ldr	r2, [r3]
",crash/hangs,-,-,-,-,-,-,-,-,-,-,-,-,-,-,-,-,-,-,-,-,-,-,-,-,-,-,-,-,-,-,-,-,-,-,-,-,-,-,-,-,-,-
118,r3,9, 1080450,"  107c80:	e1a03823 	lsr	r3, r3, #16
",r2,15, 1080450,"  107c80:	e1a03823 	lsr	r3, r3, #16
",r2,17, 1080450,"  107c80:	e1a03823 	lsr	r3, r3, #16
",crash/hangs,-,-,-,-,-,-,-,-,-,-,-,-,-,-,-,-,-,-,-,-,-,-,-,-,-,-,-,-,-,-,-,-,-,-,-,-,-,-,-,-,-,-
119,r2,25, 1066694,"  1046c4:	e6ef3073 	uxtb	r3, r3
",r3,1, 1066694,"  1046c4:	e6ef3073 	uxtb	r3, r3
",r1,16, 1066694,"  1046c4:	e6ef3073 	uxtb	r3, r3
",SDC, 671, 234, 3886, 2, 2995, 871, 1, 324, 503, 13, 239, 45663, 293, 3, 236, 4343, 11425, 420, 15, 32501, 8069, 11750, 0, 0, 26, 3183, 3179, 3927, 35, 0, 0, 17, 21, 135, 2, 45546, 37400, 40984, 1, 0, 0, 317
120,r1,2, 1064505,"  103e38:	e50b100c 	str	r1, [fp, #-12]
",r1,18, 1064505,"  103e38:	e50b100c 	str	r1, [fp, #-12]
",r3,8, 1064505,"  103e38:	e50b100c 	str	r1, [fp, #-12]
",crash/hangs,-,-,-,-,-,-,-,-,-,-,-,-,-,-,-,-,-,-,-,-,-,-,-,-,-,-,-,-,-,-,-,-,-,-,-,-,-,-,-,-,-,-
121,r2,9, 1075846,"  106a84:	e1a03423 	lsr	r3, r3, #8
",r2,27, 1075846,"  106a84:	e1a03423 	lsr	r3, r3, #8
",r0,28, 1075846,"  106a84:	e1a03423 	lsr	r3, r3, #8
",crash/hangs,-,-,-,-,-,-,-,-,-,-,-,-,-,-,-,-,-,-,-,-,-,-,-,-,-,-,-,-,-,-,-,-,-,-,-,-,-,-,-,-,-,-
122,r1,28, 1068678,"  104e84:	e51b3028 	ldr	r3, [fp, #-40]	; 0xffffffd8
",r3,2, 1068678,"  104e84:	e51b3028 	ldr	r3, [fp, #-40]	; 0xffffffd8
",r3,12, 1068678,"  104e84:	e51b3028 	ldr	r3, [fp, #-40]	; 0xffffffd8
",SDC, 731, 224, 3890, 2, 2993, 870, 1, 325, 504, 12, 241, 46300, 293, 3, 247, 4692, 12194, 417, 16, 33143, 8169, 11851, 0, 0, 26, 3173, 3176, 3969, 36, 0, 0, 17, 21, 134, 2, 46902, 38142, 41879, 1, 0, 0, 316
123,r1,4, 1078106,"  107358:	e51b300c 	ldr	r3, [fp, #-12]
",r3,5, 1078106,"  107358:	e51b300c 	ldr	r3, [fp, #-12]
",r2,30, 1078106,"  107358:	e51b300c 	ldr	r3, [fp, #-12]
",crash/hangs,-,-,-,-,-,-,-,-,-,-,-,-,-,-,-,-,-,-,-,-,-,-,-,-,-,-,-,-,-,-,-,-,-,-,-,-,-,-,-,-,-,-
124,r3,8, 1067161,"  104898:	e1a00003 	mov	r0, r3
",r3,19, 1067161,"  104898:	e1a00003 	mov	r0, r3
",r3,5, 1067161,"  104898:	e1a00003 	mov	r0, r3
",SDC, 685, 225, 3899, 3, 2998, 871, 1, 324, 504, 12, 247, 45137, 293, 3, 230, 4046, 11884, 554, 14, 32004, 7463, 11754, 0, 0, 26, 3168, 3194, 3913, 35, 0, 0, 19, 23, 215, 6, 46030, 37649, 41221, 2, 0, 0, 316
125,r3,5, 1077317,"  107044:	e7933100 	ldr	r3, [r3, r0, lsl #2]
",r1,5, 1077317,"  107044:	e7933100 	ldr	r3, [r3, r0, lsl #2]
",r1,9, 1077317,"  107044:	e7933100 	ldr	r3, [r3, r0, lsl #2]
",crash/hangs,-,-,-,-,-,-,-,-,-,-,-,-,-,-,-,-,-,-,-,-,-,-,-,-,-,-,-,-,-,-,-,-,-,-,-,-,-,-,-,-,-,-
126,r2,3, 1079041,"  107700:	e51b3018 	ldr	r3, [fp, #-24]	; 0xffffffe8
",r2,22, 1079041,"  107700:	e51b3018 	ldr	r3, [fp, #-24]	; 0xffffffe8
",r0,7, 1079041,"  107700:	e51b3018 	ldr	r3, [fp, #-24]	; 0xffffffe8
",crash/hangs,-,-,-,-,-,-,-,-,-,-,-,-,-,-,-,-,-,-,-,-,-,-,-,-,-,-,-,-,-,-,-,-,-,-,-,-,-,-,-,-,-,-
127,r0,8, 1080099,"  107b20:	e3403011 	movt	r3, #17
",r3,24, 1080099,"  107b20:	e3403011 	movt	r3, #17
",r1,1, 1080099,"  107b20:	e3403011 	movt	r3, #17
",crash/hangs,-,-,-,-,-,-,-,-,-,-,-,-,-,-,-,-,-,-,-,-,-,-,-,-,-,-,-,-,-,-,-,-,-,-,-,-,-,-,-,-,-,-
128,r0,24, 1083109,"  1086e4:	e51b2028 	ldr	r2, [fp, #-40]	; 0xffffffd8
",r3,10, 1083109,"  1086e4:	e51b2028 	ldr	r2, [fp, #-40]	; 0xffffffd8
",r1,6, 1083109,"  1086e4:	e51b2028 	ldr	r2, [fp, #-40]	; 0xffffffd8
",crash/hangs,-,-,-,-,-,-,-,-,-,-,-,-,-,-,-,-,-,-,-,-,-,-,-,-,-,-,-,-,-,-,-,-,-,-,-,-,-,-,-,-,-,-
129,r3,31, 1072730,"  105e58:	e7933100 	ldr	r3, [r3, r0, lsl #2]
",r3,4, 1072730,"  105e58:	e7933100 	ldr	r3, [r3, r0, lsl #2]
",r1,17, 1072730,"  105e58:	e7933100 	ldr	r3, [r3, r0, lsl #2]
",SDC, 861, 231, 3869, 3, 2992, 878, 1, 324, 503, 14, 231, 46424, 293, 3, 239, 4577, 12445, 508, 13, 32668, 7761, 11758, 0, 0, 26, 3174, 3185, 3929, 36, 0, 0, 17, 22, 216, 5, 46486, 38143, 41640, 2, 0, 0, 317
130,r3,31, 1068072,"  104c28:	e1a00003 	mov	r0, r3
",r0,25, 1068072,"  104c28:	e1a00003 	mov	r0, r3
",r0,22, 1068072,"  104c28:	e1a00003 	mov	r0, r3
",SDC, 689, 350, 3866, 4, 2959, 863, 1, 324, 503, 12, 231, 44694, 293, 3, 236, 4876, 11230, 427, 15, 31593, 7657, 11656, 0, 0, 26, 3201, 3164, 3920, 35, 0, 0, 19, 23, 127, 4, 45110, 36824, 40387, 1, 0, 0, 317
131,r2,12, 1081336,"  107ff8:	e30c3cc0 	movw	r3, #52416	; 0xccc0
",r0,18, 1081336,"  107ff8:	e30c3cc0 	movw	r3, #52416	; 0xccc0
",r3,10, 1081336,"  107ff8:	e30c3cc0 	movw	r3, #52416	; 0xccc0
",crash/hangs,-,-,-,-,-,-,-,-,-,-,-,-,-,-,-,-,-,-,-,-,-,-,-,-,-,-,-,-,-,-,-,-,-,-,-,-,-,-,-,-,-,-
132,r2,16, 1065386,"  1041a8:	e51b2008 	ldr	r2, [fp, #-8]
",r2,20, 1065386,"  1041a8:	e51b2008 	ldr	r2, [fp, #-8]
",r0,28, 1065386,"  1041a8:	e51b2008 	ldr	r2, [fp, #-8]
",crash/hangs,-,-,-,-,-,-,-,-,-,-,-,-,-,-,-,-,-,-,-,-,-,-,-,-,-,-,-,-,-,-,-,-,-,-,-,-,-,-,-,-,-,-
133,r2,23, 1073327,"  1060ac:	e30b3cc0 	movw	r3, #48320	; 0xbcc0
",r1,8, 1073327,"  1060ac:	e30b3cc0 	movw	r3, #48320	; 0xbcc0
",r1,17, 1073327,"  1060ac:	e30b3cc0 	movw	r3, #48320	; 0xbcc0
",SDC, 875, 227, 3856, 2, 2971, 854, 1, 336, 503, 13, 221, 45718, 293, 3, 240, 4839, 11566, 409, 14, 32466, 8027, 11643, 0, 0, 26, 3138, 3177, 3856, 34, 0, 0, 19, 23, 127, 2, 46158, 37626, 41157, 1, 0, 0, 316
134,r3,21, 1083120,"  1086f0:	e51b3034 	ldr	r3, [fp, #-52]	; 0xffffffcc
",r1,17, 1083120,"  1086f0:	e51b3034 	ldr	r3, [fp, #-52]	; 0xffffffcc
",r3,10, 1083120,"  1086f0:	e51b3034 	ldr	r3, [fp, #-52]	; 0xffffffcc
",crash/hangs,-,-,-,-,-,-,-,-,-,-,-,-,-,-,-,-,-,-,-,-,-,-,-,-,-,-,-,-,-,-,-,-,-,-,-,-,-,-,-,-,-,-
135,r3,6, 1067148,"  10488c:	e51b3020 	ldr	r3, [fp, #-32]	; 0xffffffe0
",r0,20, 1067148,"  10488c:	e51b3020 	ldr	r3, [fp, #-32]	; 0xffffffe0
",r0,25, 1067148,"  10488c:	e51b3020 	ldr	r3, [fp, #-32]	; 0xffffffe0
",benign, 590, 219, 3835, 4, 2956, 845, 1, 340, 505, 13, 223, 43791, 294, 3, 232, 4297, 11323, 410, 11, 31179, 7394, 11517, 0, 0, 26, 3130, 3173, 3832, 35, 0, 0, 19, 23, 127, 5, 44195, 36028, 39654, 1, 0, 0, 316
136,r1,14, 1063074,"  1038a0:	e51b3008 	ldr	r3, [fp, #-8]
",r0,23, 1063074,"  1038a0:	e51b3008 	ldr	r3, [fp, #-8]
",r3,20, 1063074,"  1038a0:	e51b3008 	ldr	r3, [fp, #-8]
",crash/hangs,-,-,-,-,-,-,-,-,-,-,-,-,-,-,-,-,-,-,-,-,-,-,-,-,-,-,-,-,-,-,-,-,-,-,-,-,-,-,-,-,-,-
137,r2,8, 1076364,"  106c8c:	e0211003 	eor	r1, r1, r3
",r3,23, 1076364,"  106c8c:	e0211003 	eor	r1, r1, r3
",r2,6, 1076364,"  106c8c:	e0211003 	eor	r1, r1, r3
",crash/hangs,-,-,-,-,-,-,-,-,-,-,-,-,-,-,-,-,-,-,-,-,-,-,-,-,-,-,-,-,-,-,-,-,-,-,-,-,-,-,-,-,-,-
138,r2,21, 1065714,"  1042f0:	e353000e 	cmp	r3, #14
",r0,6, 1065714,"  1042f0:	e353000e 	cmp	r3, #14
",r1,3, 1065714,"  1042f0:	e353000e 	cmp	r3, #14
",crash/hangs,-,-,-,-,-,-,-,-,-,-,-,-,-,-,-,-,-,-,-,-,-,-,-,-,-,-,-,-,-,-,-,-,-,-,-,-,-,-,-,-,-,-
139,r2,11, 1074263,"  106454:	e50b301c 	str	r3, [fp, #-28]	; 0xffffffe4
",r1,9, 1074263,"  106454:	e50b301c 	str	r3, [fp, #-28]	; 0xffffffe4
",r3,8, 1074263,"  106454:	e50b301c 	str	r3, [fp, #-28]	; 0xffffffe4
",SDC, 907, 231, 3840, 2, 2959, 849, 1, 339, 504, 13, 228, 45603, 293, 3, 239, 4720, 11506, 408, 14, 32568, 8257, 11630, 0, 0, 26, 3164, 3162, 3835, 33, 0, 0, 19, 23, 128, 2, 45957, 37689, 41237, 1, 0, 0, 316
140,r2,3, 1074786,"  106660:	e30c3cc0 	movw	r3, #52416	; 0xccc0
",r0,4, 1074786,"  106660:	e30c3cc0 	movw	r3, #52416	; 0xccc0
",r2,29, 1074786,"  106660:	e30c3cc0 	movw	r3, #52416	; 0xccc0
",crash/hangs,-,-,-,-,-,-,-,-,-,-,-,-,-,-,-,-,-,-,-,-,-,-,-,-,-,-,-,-,-,-,-,-,-,-,-,-,-,-,-,-,-,-
141,r3,0, 1066398,"  10459c:	e30b3cc0 	movw	r3, #48320	; 0xbcc0
",r2,6, 1066398,"  10459c:	e30b3cc0 	movw	r3, #48320	; 0xbcc0
",r3,13, 1066398,"  10459c:	e30b3cc0 	movw	r3, #48320	; 0xbcc0
",SDC, 658, 226, 3894, 2, 2995, 873, 1, 324, 503, 13, 239, 45941, 293, 3, 239, 4250, 11620, 409, 11, 32061, 7717, 11792, 0, 0, 26, 3168, 3188, 3907, 34, 0, 0, 17, 22, 126, 2, 46469, 37442, 41032, 1, 0, 0, 317
142,r2,24, 1066758,"  104704:	e51b3014 	ldr	r3, [fp, #-20]	; 0xffffffec
",r1,9, 1066758,"  104704:	e51b3014 	ldr	r3, [fp, #-20]	; 0xffffffec
",r3,15, 1066758,"  104704:	e51b3014 	ldr	r3, [fp, #-20]	; 0xffffffec
",SDC, 798, 411, 3848, 2, 2960, 872, 1, 324, 504, 13, 227, 45850, 293, 3, 238, 4701, 11249, 418, 14, 32372, 7886, 11773, 0, 0, 26, 3176, 3192, 3924, 36, 0, 0, 17, 21, 126, 2, 46019, 37358, 40903, 1, 0, 0, 317
143,r1,31, 1076943,"  106ecc:	e51b3014 	ldr	r3, [fp, #-20]	; 0xffffffec
",r3,14, 1076943,"  106ecc:	e51b3014 	ldr	r3, [fp, #-20]	; 0xffffffec
",r1,22, 1076943,"  106ecc:	e51b3014 	ldr	r3, [fp, #-20]	; 0xffffffec
",crash/hangs,-,-,-,-,-,-,-,-,-,-,-,-,-,-,-,-,-,-,-,-,-,-,-,-,-,-,-,-,-,-,-,-,-,-,-,-,-,-,-,-,-,-
144,r1,10, 1063733,"  103b34:	e6ef3073 	uxtb	r3, r3
",r2,20, 1063733,"  103b34:	e6ef3073 	uxtb	r3, r3
",r1,22, 1063733,"  103b34:	e6ef3073 	uxtb	r3, r3
",SDC, 615, 220, 3869, 2, 2987, 875, 1, 324, 503, 12, 228, 45404, 293, 3, 231, 4146, 11489, 410, 10, 32050, 7425, 11694, 0, 0, 26, 3164, 3159, 3914, 35, 0, 0, 19, 24, 127, 2, 45777, 36792, 40274, 1, 0, 0, 316
145,r0,29, 1081425,"  108050:	e0233001 	eor	r3, r3, r1
",r1,9, 1081425,"  108050:	e0233001 	eor	r3, r3, r1
",r0,17, 1081425,"  108050:	e0233001 	eor	r3, r3, r1
",crash/hangs,-,-,-,-,-,-,-,-,-,-,-,-,-,-,-,-,-,-,-,-,-,-,-,-,-,-,-,-,-,-,-,-,-,-,-,-,-,-,-,-,-,-
146,r0,19, 1074296,"  106478:	e2833008 	add	r3, r3, #8
",r2,26, 1074296,"  106478:	e2833008 	add	r3, r3, #8
",r3,16, 1074296,"  106478:	e2833008 	add	r3, r3, #8
",SDC, 809, 229, 3864, 4, 2981, 857, 1, 336, 503, 13, 232, 45330, 293, 3, 242, 4925, 11692, 419, 18, 31784, 7072, 11567, 0, 0, 26, 3164, 3179, 3866, 35, 0, 0, 17, 21, 135, 4, 45679, 37171, 40862, 1, 0, 0, 316
147,r2,5, 1073218,"  106040:	e6ef3073 	uxtb	r3, r3
",r0,24, 1073218,"  106040:	e6ef3073 	uxtb	r3, r3
",r1,19, 1073218,"  106040:	e6ef3073 	uxtb	r3, r3
",SDC, 946, 356, 3831, 2, 2932, 846, 1, 336, 503, 13, 224, 45367, 293, 3, 236, 4652, 11626, 419, 13, 32466, 7915, 11665, 0, 0, 26, 3186, 3147, 3851, 35, 0, 0, 19, 23, 127, 2, 46582, 37628, 41182, 1, 0, 0, 316
148,r2,23, 1067094,"  104854:	e2800c03 	add	r0, r0, #768	; 0x300
",r2,26, 1067094,"  104854:	e2800c03 	add	r0, r0, #768	; 0x300
",r2,22, 1067094,"  104854:	e2800c03 	add	r0, r0, #768	; 0x300
",SDC, 753, 357, 3866, 2, 2966, 868, 1, 324, 504, 12, 232, 45910, 293, 3, 236, 4226, 12089, 409, 15, 32359, 7776, 11745, 0, 0, 26, 3164, 3184, 3926, 35, 0, 0, 17, 21, 135, 2, 46308, 37504, 41061, 1, 0, 0, 316
149,r2,12, 1062746,"  103758:	e50b3010 	str	r3, [fp, #-16]
",r1,13, 1062746,"  103758:	e50b3010 	str	r3, [fp, #-16]
",r3,18, 1062746,"  103758:	e50b3010 	str	r3, [fp, #-16]
",SDC, 680, 354, 3854, 2, 2950, 869, 1, 324, 504, 12, 233, 45300, 293, 3, 239, 4085, 11618, 411, 15, 31782, 7289, 11709, 0, 0, 26, 3201, 3136, 3916, 36, 0, 0, 17, 21, 126, 2, 45565, 37194, 40694, 1, 0, 0, 317
150,r2,26, 1067728,"  104ad0:	e5932000 	ldr	r2, [r3]
",r2,11, 1067728,"  104ad0:	e5932000 	ldr	r2, [r3]
",r0,22, 1067728,"  104ad0:	e5932000 	ldr	r2, [r3]
",benign, 680, 376, 3801, 4, 2922, 840, 1, 340, 504, 13, 222, 44684, 294, 3, 240, 4829, 11399, 408, 9, 31023, 6986, 11449, 0, 0, 26, 3154, 3160, 3824, 35, 0, 0, 17, 21, 126, 4, 44945, 36102, 39630, 1, 0, 0, 317
151,r2,17, 1063886,"  103bcc:	e51b2010 	ldr	r2, [fp, #-16]
",r0,9, 1063886,"  103bcc:	e51b2010 	ldr	r2, [fp, #-16]
",r0,5, 1063886,"  103bcc:	e51b2010 	ldr	r2, [fp, #-16]
",benign, 699, 352, 3798, 2, 2909, 845, 1, 340, 505, 13, 219, 45589, 294, 3, 242, 4509, 11760, 409, 11, 32469, 7943, 11582, 0, 0, 26, 3174, 3128, 3833, 35, 0, 0, 19, 24, 128, 2, 46051, 37110, 40609, 1, 0, 0, 317
152,r2,11, 1064563,"  103e70:	e51b300c 	ldr	r3, [fp, #-12]
",r1,10, 1064563,"  103e70:	e51b300c 	ldr	r3, [fp, #-12]
",r2,30, 1064563,"  103e70:	e51b300c 	ldr	r3, [fp, #-12]
",crash/hangs,-,-,-,-,-,-,-,-,-,-,-,-,-,-,-,-,-,-,-,-,-,-,-,-,-,-,-,-,-,-,-,-,-,-,-,-,-,-,-,-,-,-
153,r1,12, 1079484,"  1078bc:	e30c3cc0 	movw	r3, #52416	; 0xccc0
",r3,12, 1079484,"  1078bc:	e30c3cc0 	movw	r3, #52416	; 0xccc0
",r1,11, 1079484,"  1078bc:	e30c3cc0 	movw	r3, #52416	; 0xccc0
",crash/hangs,-,-,-,-,-,-,-,-,-,-,-,-,-,-,-,-,-,-,-,-,-,-,-,-,-,-,-,-,-,-,-,-,-,-,-,-,-,-,-,-,-,-
154,r1,10, 1062761,"  103768:	0a0000db 	beq	103adc <set_key+0x50c>
",r2,23, 1062761,"  103768:	0a0000db 	beq	103adc <set_key+0x50c>
",r0,3, 1062761,"  103768:	0a0000db 	beq	103adc <set_key+0x50c>
",benign, 613, 227, 3827, 2, 2948, 853, 1, 340, 504, 12, 219, 45426, 294, 3, 241, 4027, 12068, 410, 14, 32270, 7593, 11566, 0, 0, 26, 3166, 3119, 3825, 36, 0, 0, 19, 23, 137, 2, 45673, 37441, 40978, 1, 0, 0, 317
155,r0,15, 1081453,"  10806c:	e6ef3073 	uxtb	r3, r3
",r1,1, 1081453,"  10806c:	e6ef3073 	uxtb	r3, r3
",r0,2, 1081453,"  10806c:	e6ef3073 	uxtb	r3, r3
",crash/hangs,-,-,-,-,-,-,-,-,-,-,-,-,-,-,-,-,-,-,-,-,-,-,-,-,-,-,-,-,-,-,-,-,-,-,-,-,-,-,-,-,-,-
156,r0,6, 1072092,"  105bdc:	e51b3028 	ldr	r3, [fp, #-40]	; 0xffffffd8
",r1,15, 1072092,"  105bdc:	e51b3028 	ldr	r3, [fp, #-40]	; 0xffffffd8
",r2,2, 1072092,"  105bdc:	e51b3028 	ldr	r3, [fp, #-40]	; 0xffffffd8
",SDC, 739, 228, 3898, 4, 2997, 870, 1, 324, 504, 13, 236, 44596, 293, 3, 240, 3957, 11992, 417, 17, 31515, 6391, 11664, 0, 0, 26, 3211, 3147, 3929, 35, 0, 0, 17, 21, 126, 4, 45497, 36534, 40208, 1, 0, 0, 317
157,r1,9, 1064363,"  103da8:	e2833020 	add	r3, r3, #32
",r1,16, 1064363,"  103da8:	e2833020 	add	r3, r3, #32
",r0,10, 1064363,"  103da8:	e2833020 	add	r3, r3, #32
",benign, 708, 347, 3802, 2, 2912, 848, 1, 340, 505, 13, 225, 45078, 294, 3, 238, 4041, 11577, 410, 17, 32191, 7430, 11601, 0, 0, 26, 3195, 3115, 3841, 35, 0, 0, 19, 23, 128, 2, 45800, 36745, 40469, 1, 0, 0, 316
158,r3,1, 1080892,"  107e3c:	e7933100 	ldr	r3, [r3, r0, lsl #2]
",r0,20, 1080892,"  107e3c:	e7933100 	ldr	r3, [r3, r0, lsl #2]
",r3,27, 1080892,"  107e3c:	e7933100 	ldr	r3, [r3, r0, lsl #2]
",crash/hangs,-,-,-,-,-,-,-,-,-,-,-,-,-,-,-,-,-,-,-,-,-,-,-,-,-,-,-,-,-,-,-,-,-,-,-,-,-,-,-,-,-,-
159,r3,6, 1067232,"  1048e0:	e1a00003 	mov	r0, r3
",r1,26, 1067232,"  1048e0:	e1a00003 	mov	r0, r3
",r1,4, 1067232,"  1048e0:	e1a00003 	mov	r0, r3
",SDC, 592, 234, 3885, 5, 2990, 871, 1, 324, 503, 12, 238, 45103, 293, 3, 242, 4414, 11384, 485, 14, 31924, 7020, 11654, 0, 0, 26, 3187, 3176, 3920, 35, 0, 0, 17, 21, 211, 6, 45864, 36834, 40478, 2, 0, 0, 317
160,r1,12, 1065922,"  1043c0:	e7931101 	ldr	r1, [r3, r1, lsl #2]
",r2,23, 1065922,"  1043c0:	e7931101 	ldr	r1, [r3, r1, lsl #2]
",r0,3, 1065922,"  1043c0:	e7931101 	ldr	r1, [r3, r1, lsl #2]
",SDC, 716, 352, 3865, 3, 2957, 865, 1, 324, 504, 13, 235, 45458, 293, 3, 246, 4166, 11877, 412, 16, 32408, 7947, 11750, 0, 0, 26, 3176, 3188, 3918, 34, 0, 0, 19, 23, 129, 6, 46371, 37454, 41047, 2, 0, 0, 317
161,r0,24, 1078563,"  107520:	e51b3020 	ldr	r3, [fp, #-32]	; 0xffffffe0
",r0,5, 1078563,"  107520:	e51b3020 	ldr	r3, [fp, #-32]	; 0xffffffe0
",r0,22, 1078563,"  107520:	e51b3020 	ldr	r3, [fp, #-32]	; 0xffffffe0
",crash/hangs,-,-,-,-,-,-,-,-,-,-,-,-,-,-,-,-,-,-,-,-,-,-,-,-,-,-,-,-,-,-,-,-,-,-,-,-,-,-,-,-,-,-
162,r3,0, 1063428,"  103a04:	e2833018 	add	r3, r3, #24
",r0,13, 1063428,"  103a04:	e2833018 	add	r3, r3, #24
",r1,7, 1063428,"  103a04:	e2833018 	add	r3, r3, #24
",crash/hangs,-,-,-,-,-,-,-,-,-,-,-,-,-,-,-,-,-,-,-,-,-,-,-,-,-,-,-,-,-,-,-,-,-,-,-,-,-,-,-,-,-,-
163,r2,23, 1070803,"  1056d0:	e7931101 	ldr	r1, [r3, r1, lsl #2]
",r2,18, 1070803,"  1056d0:	e7931101 	ldr	r1, [r3, r1, lsl #2]
",r3,25, 1070803,"  1056d0:	e7931101 	ldr	r1, [r3, r1, lsl #2]
",SDC, 798, 226, 3891, 2, 2995, 870, 1, 324, 503, 13, 235, 45979, 293, 3, 239, 4388, 11327, 408, 13, 31990, 7752, 11746, 0, 0, 26, 3170, 3178, 3932, 37, 0, 0, 19, 23, 137, 2, 46007, 37954, 41685, 1, 0, 0, 316
164,r1,7, 1063545,"  103a78:	e51b3008 	ldr	r3, [fp, #-8]
",r0,1, 1063545,"  103a78:	e51b3008 	ldr	r3, [fp, #-8]
",r2,15, 1063545,"  103a78:	e51b3008 	ldr	r3, [fp, #-8]
",crash/hangs,-,-,-,-,-,-,-,-,-,-,-,-,-,-,-,-,-,-,-,-,-,-,-,-,-,-,-,-,-,-,-,-,-,-,-,-,-,-,-,-,-,-
165,r2,23, 1062598,"  1036c4:	e3530004 	cmp	r3, #4
",r1,13, 1062598,"  1036c4:	e3530004 	cmp	r3, #4
",r1,4, 1062598,"  1036c4:	e3530004 	cmp	r3, #4
",benign, 611, 230, 3822, 2, 2948, 850, 1, 340, 505, 12, 227, 46021, 294, 3, 241, 4392, 11959, 409, 14, 32432, 7981, 11560, 0, 0, 26, 3177, 3118, 3831, 34, 0, 0, 19, 23, 129, 2, 45956, 37844, 41398, 1, 0, 0, 316
166,r3,0, 1078378,"  107468:	e2800c03 	add	r0, r0, #768	; 0x300
",r2,23, 1078378,"  107468:	e2800c03 	add	r0, r0, #768	; 0x300
",r1,28, 1078378,"  107468:	e2800c03 	add	r0, r0, #768	; 0x300
",crash/hangs,-,-,-,-,-,-,-,-,-,-,-,-,-,-,-,-,-,-,-,-,-,-,-,-,-,-,-,-,-,-,-,-,-,-,-,-,-,-,-,-,-,-
167,r0,22, 1078755,"  1075e0:	e30c3cc0 	movw	r3, #52416	; 0xccc0
",r1,10, 1078755,"  1075e0:	e30c3cc0 	movw	r3, #52416	; 0xccc0
",r0,24, 1078755,"  1075e0:	e30c3cc0 	movw	r3, #52416	; 0xccc0
",crash/hangs,-,-,-,-,-,-,-,-,-,-,-,-,-,-,-,-,-,-,-,-,-,-,-,-,-,-,-,-,-,-,-,-,-,-,-,-,-,-,-,-,-,-
168,r3,19, 1070624,"  105620:	e5932000 	ldr	r2, [r3]
",r0,11, 1070624,"  105620:	e5932000 	ldr	r2, [r3]
",r2,8, 1070624,"  105620:	e5932000 	ldr	r2, [r3]
",SDC, 696, 222, 3875, 4, 2997, 875, 1, 324, 503, 14, 230, 44228, 293, 3, 229, 5040, 10706, 409, 11, 30884, 7269, 11681, 0, 0, 26, 3169, 3170, 3923, 36, 0, 0, 19, 23, 136, 10, 45209, 36556, 40098, 1, 0, 0, 316
169,r1,21, 1082209,"  108360:	e51b3020 	ldr	r3, [fp, #-32]	; 0xffffffe0
",r3,21, 1082209,"  108360:	e51b3020 	ldr	r3, [fp, #-32]	; 0xffffffe0
",r0,11, 1082209,"  108360:	e51b3020 	ldr	r3, [fp, #-32]	; 0xffffffe0
",crash/hangs,-,-,-,-,-,-,-,-,-,-,-,-,-,-,-,-,-,-,-,-,-,-,-,-,-,-,-,-,-,-,-,-,-,-,-,-,-,-,-,-,-,-
170,r0,24, 1064651,"  103ec8:	e1a01003 	mov	r1, r3
",r1,23, 1064651,"  103ec8:	e1a01003 	mov	r1, r3
",r1,23, 1064651,"  103ec8:	e1a01003 	mov	r1, r3
",crash/hangs,-,-,-,-,-,-,-,-,-,-,-,-,-,-,-,-,-,-,-,-,-,-,-,-,-,-,-,-,-,-,-,-,-,-,-,-,-,-,-,-,-,-
171,r3,26, 1074951,"  106704:	e7933100 	ldr	r3, [r3, r0, lsl #2]
",r0,5, 1074951,"  106704:	e7933100 	ldr	r3, [r3, r0, lsl #2]
",r3,9, 1074951,"  106704:	e7933100 	ldr	r3, [r3, r0, lsl #2]
",crash/hangs,-,-,-,-,-,-,-,-,-,-,-,-,-,-,-,-,-,-,-,-,-,-,-,-,-,-,-,-,-,-,-,-,-,-,-,-,-,-,-,-,-,-
172,r3,16, 1068441,"  104d98:	e0211003 	eor	r1, r1, r3
",r3,18, 1068441,"  104d98:	e0211003 	eor	r1, r1, r3
",r2,16, 1068441,"  104d98:	e0211003 	eor	r1, r1, r3
",SDC, 725, 229, 3882, 2, 2988, 871, 1, 324, 503, 13, 229, 46147, 293, 3, 243, 4404, 12105, 409, 15, 32443, 7693, 11745, 0, 0, 26, 3182, 3189, 3916, 34, 0, 0, 17, 21, 135, 2, 46238, 37675, 41168, 1, 0, 0, 316
173,r1,13, 1063155,"  1038f0:	2a000133 	bcs	103dc4 <set_key+0x7f4>
",r2,13, 1063155,"  1038f0:	2a000133 	bcs	103dc4 <set_key+0x7f4>
",r0,30, 1063155,"  1038f0:	2a000133 	bcs	103dc4 <set_key+0x7f4>
",crash/hangs,-,-,-,-,-,-,-,-,-,-,-,-,-,-,-,-,-,-,-,-,-,-,-,-,-,-,-,-,-,-,-,-,-,-,-,-,-,-,-,-,-,-
174,r1,14, 1071435,"  105948:	e3403011 	movt	r3, #17
",r3,11, 1071435,"  105948:	e3403011 	movt	r3, #17
",r3,5, 1071435,"  105948:	e3403011 	movt	r3, #17
",SDC, 816, 224, 3912, 2, 3020, 876, 1, 324, 503, 12, 239, 45856, 293, 3, 239, 4595, 11863, 419, 11, 32756, 8111, 11790, 0, 0, 26, 3163, 3174, 3905, 33, 0, 0, 17, 21, 125, 2, 46431, 38053, 41727, 1, 0, 0, 316
175,r1,13, 1080906,"  107e48:	e1a03823 	lsr	r3, r3, #16
",r0,7, 1080906,"  107e48:	e1a03823 	lsr	r3, r3, #16
",r1,1, 1080906,"  107e48:	e1a03823 	lsr	r3, r3, #16
",crash/hangs,-,-,-,-,-,-,-,-,-,-,-,-,-,-,-,-,-,-,-,-,-,-,-,-,-,-,-,-,-,-,-,-,-,-,-,-,-,-,-,-,-,-
176,r0,18, 1072705,"  105e40:	e1a03c23 	lsr	r3, r3, #24
",r1,6, 1072705,"  105e40:	e1a03c23 	lsr	r3, r3, #24
",r3,4, 1072705,"  105e40:	e1a03c23 	lsr	r3, r3, #24
",SDC, 861, 226, 3880, 2, 3003, 876, 1, 324, 503, 12, 231, 46110, 293, 3, 239, 4540, 11777, 420, 13, 32881, 8183, 11779, 0, 0, 26, 3185, 3165, 3924, 35, 0, 0, 17, 21, 136, 2, 46479, 37840, 41556, 1, 0, 0, 317
177,r3,15, 1081817,"  1081d8:	e1a03823 	lsr	r3, r3, #16
",r0,29, 1081817,"  1081d8:	e1a03823 	lsr	r3, r3, #16
",r1,27, 1081817,"  1081d8:	e1a03823 	lsr	r3, r3, #16
",crash/hangs,-,-,-,-,-,-,-,-,-,-,-,-,-,-,-,-,-,-,-,-,-,-,-,-,-,-,-,-,-,-,-,-,-,-,-,-,-,-,-,-,-,-
178,r0,6, 1067200,"  1048c0:	e30b3cc0 	movw	r3, #48320	; 0xbcc0
",r3,8, 1067200,"  1048c0:	e30b3cc0 	movw	r3, #48320	; 0xbcc0
",r2,10, 1067200,"  1048c0:	e30b3cc0 	movw	r3, #48320	; 0xbcc0
",SDC, 591, 253, 3891, 5, 2993, 870, 1, 324, 504, 13, 239, 45404, 293, 3, 246, 4418, 12133, 496, 12, 31979, 6962, 11638, 0, 0, 26, 3145, 3206, 3920, 35, 0, 0, 17, 21, 223, 8, 45560, 37001, 40705, 2, 0, 0, 316
179,r2,21, 1066619,"  104678:	e1a00003 	mov	r0, r3
",r1,4, 1066619,"  104678:	e1a00003 	mov	r0, r3
",r0,25, 1066619,"  104678:	e1a00003 	mov	r0, r3
",SDC, 738, 354, 3866, 2, 2963, 864, 1, 324, 503, 13, 231, 46306, 293, 3, 242, 4195, 12038, 419, 16, 32692, 7734, 11779, 0, 0, 26, 3171, 3168, 3920, 35, 0, 0, 19, 23, 137, 2, 46478, 37848, 41423, 1, 0, 0, 316
180,r3,2, 1068595,"  104e30:	e0211003 	eor	r1, r1, r3
",r3,30, 1068595,"  104e30:	e0211003 	eor	r1, r1, r3
",r2,9, 1068595,"  104e30:	e0211003 	eor	r1, r1, r3
",SDC, 796, 350, 3842, 2, 2962, 872, 1, 324, 503, 12, 228, 45887, 293, 3, 235, 4976, 10968, 419, 14, 32232, 8355, 11721, 0, 0, 26, 3191, 3180, 3922, 37, 0, 0, 19, 23, 137, 2, 45956, 37467, 41010, 1, 0, 0, 316
181,r2,16, 1074173,"  1063fc:	e2800c01 	add	r0, r0, #256	; 0x100
",r0,3, 1074173,"  1063fc:	e2800c01 	add	r0, r0, #256	; 0x100
",r1,27, 1074173,"  1063fc:	e2800c01 	add	r0, r0, #256	; 0x100
",crash/hangs,-,-,-,-,-,-,-,-,-,-,-,-,-,-,-,-,-,-,-,-,-,-,-,-,-,-,-,-,-,-,-,-,-,-,-,-,-,-,-,-,-,-
182,r2,23, 1074589,"  10659c:	e5932000 	ldr	r2, [r3]
",r2,20, 1074589,"  10659c:	e5932000 	ldr	r2, [r3]
",r2,13, 1074589,"  10659c:	e5932000 	ldr	r2, [r3]
",crash/hangs,-,-,-,-,-,-,-,-,-,-,-,-,-,-,-,-,-,-,-,-,-,-,-,-,-,-,-,-,-,-,-,-,-,-,-,-,-,-,-,-,-,-
183,r2,4, 1081067,"  107ee8:	e1a00003 	mov	r0, r3
",r0,9, 1081067,"  107ee8:	e1a00003 	mov	r0, r3
",r2,7, 1081067,"  107ee8:	e1a00003 	mov	r0, r3
",crash/hangs,-,-,-,-,-,-,-,-,-,-,-,-,-,-,-,-,-,-,-,-,-,-,-,-,-,-,-,-,-,-,-,-,-,-,-,-,-,-,-,-,-,-
184,r1,29, 1066484,"  1045f4:	e0233001 	eor	r3, r3, r1
",r1,21, 1066484,"  1045f4:	e0233001 	eor	r3, r3, r1
",r3,25, 1066484,"  1045f4:	e0233001 	eor	r3, r3, r1
",SDC, 566, 224, 3892, 4, 2998, 872, 1, 324, 504, 13, 234, 44231, 293, 3, 237, 4486, 11741, 408, 16, 30958, 7329, 11678, 0, 0, 26, 3174, 3175, 3931, 35, 0, 0, 19, 23, 146, 4, 44994, 36752, 40275, 1, 0, 0, 316
185,r0,3, 1081249,"  107fa0:	e6ef3073 	uxtb	r3, r3
",r0,21, 1081249,"  107fa0:	e6ef3073 	uxtb	r3, r3
",r2,2, 1081249,"  107fa0:	e6ef3073 	uxtb	r3, r3
",crash/hangs,-,-,-,-,-,-,-,-,-,-,-,-,-,-,-,-,-,-,-,-,-,-,-,-,-,-,-,-,-,-,-,-,-,-,-,-,-,-,-,-,-,-
186,r0,4, 1062396,"  1035fc:	1a00000d 	bne	103638 <set_key+0x68>
",r2,13, 1062396,"  1035fc:	1a00000d 	bne	103638 <set_key+0x68>
",r3,29, 1062396,"  1035fc:	1a00000d 	bne	103638 <set_key+0x68>
",benign, 518, 225, 3827, 4, 2944, 851, 1, 340, 505, 13, 219, 43991, 294, 3, 237, 4598, 11168, 410, 12, 30946, 6598, 11489, 0, 0, 26, 3188, 3133, 3839, 35, 0, 0, 19, 23, 127, 5, 44625, 35562, 39074, 1, 0, 0, 316
187,r0,23, 1074424,"  1064f8:	e0233002 	eor	r3, r3, r2
",r2,15, 1074424,"  1064f8:	e0233002 	eor	r3, r3, r2
",r2,2, 1074424,"  1064f8:	e0233002 	eor	r3, r3, r2
",crash/hangs,-,-,-,-,-,-,-,-,-,-,-,-,-,-,-,-,-,-,-,-,-,-,-,-,-,-,-,-,-,-,-,-,-,-,-,-,-,-,-,-,-,-
188,r3,14, 1074933,"  1066f4:	e1a00003 	mov	r0, r3
",r0,13, 1074933,"  1066f4:	e1a00003 	mov	r0, r3
",r0,22, 1074933,"  1066f4:	e1a00003 	mov	r0, r3
",crash/hangs,-,-,-,-,-,-,-,-,-,-,-,-,-,-,-,-,-,-,-,-,-,-,-,-,-,-,-,-,-,-,-,-,-,-,-,-,-,-,-,-,-,-
189,r3,15, 1070356,"  105514:	e6ef3073 	uxtb	r3, r3
",r1,6, 1070356,"  105514:	e6ef3073 	uxtb	r3, r3
",r3,13, 1070356,"  105514:	e6ef3073 	uxtb	r3, r3
",SDC, 687, 227, 3893, 4, 3002, 875, 1, 324, 504, 12, 233, 44921, 293, 3, 238, 4060, 12186, 410, 14, 31740, 6369, 11624, 0, 0, 26, 3177, 3168, 3925, 35, 0, 0, 19, 23, 128, 4, 45137, 36578, 40155, 1, 0, 0, 317
190,r2,27, 1063437,"  103a0c:	e51b3008 	ldr	r3, [fp, #-8]
",r0,3, 1063437,"  103a0c:	e51b3008 	ldr	r3, [fp, #-8]
",r3,22, 1063437,"  103a0c:	e51b3008 	ldr	r3, [fp, #-8]
",crash/hangs,-,-,-,-,-,-,-,-,-,-,-,-,-,-,-,-,-,-,-,-,-,-,-,-,-,-,-,-,-,-,-,-,-,-,-,-,-,-,-,-,-,-
191,r0,1, 1075205,"  106804:	e6ef3073 	uxtb	r3, r3
",r1,25, 1075205,"  106804:	e6ef3073 	uxtb	r3, r3
",r1,2, 1075205,"  106804:	e6ef3073 	uxtb	r3, r3
",crash/hangs,-,-,-,-,-,-,-,-,-,-,-,-,-,-,-,-,-,-,-,-,-,-,-,-,-,-,-,-,-,-,-,-,-,-,-,-,-,-,-,-,-,-
192,r1,28, 1065937,"  1043d0:	e1a00003 	mov	r0, r3
",r2,30, 1065937,"  1043d0:	e1a00003 	mov	r0, r3
",r0,18, 1065937,"  1043d0:	e1a00003 	mov	r0, r3
",SDC, 645, 222, 3889, 2, 2992, 873, 1, 324, 503, 12, 228, 45783, 293, 3, 242, 4121, 12158, 409, 16, 32371, 7719, 11753, 0, 0, 26, 3172, 3182, 3925, 36, 0, 0, 19, 23, 138, 2, 46158, 37458, 41066, 1, 0, 0, 316
193,r1,15, 1068901,"  104f64:	e51b300c 	ldr	r3, [fp, #-12]
",r0,27, 1068901,"  104f64:	e51b300c 	ldr	r3, [fp, #-12]
",r1,4, 1068901,"  104f64:	e51b300c 	ldr	r3, [fp, #-12]
",SDC, 802, 354, 3856, 2, 2957, 864, 1, 324, 504, 12, 235, 45772, 293, 3, 240, 4505, 12144, 419, 16, 32672, 7762, 11743, 0, 0, 26, 3203, 3163, 3910, 40, 0, 0, 17, 21, 135, 2, 46539, 37613, 41166, 1, 0, 0, 316
194,r3,24, 1079488,"  1078c0:	e3403011 	movt	r3, #17
",r3,18, 1079488,"  1078c0:	e3403011 	movt	r3, #17
",r3,9, 1079488,"  1078c0:	e3403011 	movt	r3, #17
",crash/hangs,-,-,-,-,-,-,-,-,-,-,-,-,-,-,-,-,-,-,-,-,-,-,-,-,-,-,-,-,-,-,-,-,-,-,-,-,-,-,-,-,-,-
195,r1,7, 1069815,"  1052f4:	e51b3024 	ldr	r3, [fp, #-36]	; 0xffffffdc
",r3,29, 1069815,"  1052f4:	e51b3024 	ldr	r3, [fp, #-36]	; 0xffffffdc
",r3,0, 1069815,"  1052f4:	e51b3024 	ldr	r3, [fp, #-36]	; 0xffffffdc
",SDC, 766, 230, 3891, 2, 2993, 873, 1, 324, 503, 13, 239, 45285, 293, 3, 241, 4674, 11058, 409, 12, 32574, 8198, 11771, 0, 0, 26, 3197, 3156, 3912, 35, 0, 0, 19, 23, 128, 2, 45944, 37334, 40903, 1, 0, 0, 317
196,r2,17, 1071947,"  105b48:	e1a03c23 	lsr	r3, r3, #24
",r3,29, 1071947,"  105b48:	e1a03c23 	lsr	r3, r3, #24
",r2,25, 1071947,"  105b48:	e1a03c23 	lsr	r3, r3, #24
",SDC, 899, 357, 3861, 2, 2961, 867, 1, 324, 503, 12, 243, 46071, 293, 3, 248, 3906, 12312, 420, 15, 33075, 7668, 11756, 0, 0, 26, 3190, 3166, 3918, 35, 0, 0, 19, 23, 127, 2, 46843, 37688, 41228, 1, 0, 0, 317
197,r1,2, 1065260,"  10412c:	e30f3cc0 	movw	r3, #64704	; 0xfcc0
",r3,30, 1065260,"  10412c:	e30f3cc0 	movw	r3, #64704	; 0xfcc0
",r2,29, 1065260,"  10412c:	e30f3cc0 	movw	r3, #64704	; 0xfcc0
",crash/hangs,-,-,-,-,-,-,-,-,-,-,-,-,-,-,-,-,-,-,-,-,-,-,-,-,-,-,-,-,-,-,-,-,-,-,-,-,-,-,-,-,-,-
198,r1,30, 1079425,"  107880:	e6ef3073 	uxtb	r3, r3
",r0,1, 1079425,"  107880:	e6ef3073 	uxtb	r3, r3
",r3,30, 1079425,"  107880:	e6ef3073 	uxtb	r3, r3
",crash/hangs,-,-,-,-,-,-,-,-,-,-,-,-,-,-,-,-,-,-,-,-,-,-,-,-,-,-,-,-,-,-,-,-,-,-,-,-,-,-,-,-,-,-
199,r3,19, 1073520,"  106170:	e6ef3073 	uxtb	r3, r3
",r0,6, 1073520,"  106170:	e6ef3073 	uxtb	r3, r3
",r2,29, 1073520,"  106170:	e6ef3073 	uxtb	r3, r3
",SDC, 784, 226, 3852, 4, 2974, 855, 1, 336, 504, 13, 235, 45008, 293, 3, 238, 4938, 11317, 409, 11, 31828, 7332, 11564, 0, 0, 26, 3155, 3181, 3860, 35, 0, 0, 17, 21, 135, 4, 45494, 36871, 40441, 1, 0, 0, 317
200,r1,21, 1078721,"  1075c0:	e1a01003 	mov	r1, r3
",r1,9, 1078721,"  1075c0:	e1a01003 	mov	r1, r3
",r1,18, 1078721,"  1075c0:	e1a01003 	mov	r1, r3
",crash/hangs,-,-,-,-,-,-,-,-,-,-,-,-,-,-,-,-,-,-,-,-,-,-,-,-,-,-,-,-,-,-,-,-,-,-,-,-,-,-,-,-,-,-
201,r2,17, 1080673,"  107d60:	e50b301c 	str	r3, [fp, #-28]	; 0xffffffe4
",r1,2, 1080673,"  107d60:	e50b301c 	str	r3, [fp, #-28]	; 0xffffffe4
",r3,5, 1080673,"  107d60:	e50b301c 	str	r3, [fp, #-28]	; 0xffffffe4
",crash/hangs,-,-,-,-,-,-,-,-,-,-,-,-,-,-,-,-,-,-,-,-,-,-,-,-,-,-,-,-,-,-,-,-,-,-,-,-,-,-,-,-,-,-
202,r1,15, 1080204,"  107b8c:	e7933100 	ldr	r3, [r3, r0, lsl #2]
",r1,4, 1080204,"  107b8c:	e7933100 	ldr	r3, [r3, r0, lsl #2]
",r2,15, 1080204,"  107b8c:	e7933100 	ldr	r3, [r3, r0, lsl #2]
",crash/hangs,-,-,-,-,-,-,-,-,-,-,-,-,-,-,-,-,-,-,-,-,-,-,-,-,-,-,-,-,-,-,-,-,-,-,-,-,-,-,-,-,-,-
203,r1,20, 1080656,"  107d50:	e2800c03 	add	r0, r0, #768	; 0x300
",r2,21, 1080656,"  107d50:	e2800c03 	add	r0, r0, #768	; 0x300
",r1,23, 1080656,"  107d50:	e2800c03 	add	r0, r0, #768	; 0x300
",crash/hangs,-,-,-,-,-,-,-,-,-,-,-,-,-,-,-,-,-,-,-,-,-,-,-,-,-,-,-,-,-,-,-,-,-,-,-,-,-,-,-,-,-,-
204,r3,0, 1081540,"  1080c4:	e0211003 	eor	r1, r1, r3
",r0,6, 1081540,"  1080c4:	e0211003 	eor	r1, r1, r3
",r1,31, 1081540,"  1080c4:	e0211003 	eor	r1, r1, r3
",crash/hangs,-,-,-,-,-,-,-,-,-,-,-,-,-,-,-,-,-,-,-,-,-,-,-,-,-,-,-,-,-,-,-,-,-,-,-,-,-,-,-,-,-,-
205,r1,12, 1063549,"  103a7c:	e2833024 	add	r3, r3, #36	; 0x24
",r3,26, 1063549,"  103a7c:	e2833024 	add	r3, r3, #36	; 0x24
",r2,23, 1063549,"  103a7c:	e2833024 	add	r3, r3, #36	; 0x24
",crash/hangs,-,-,-,-,-,-,-,-,-,-,-,-,-,-,-,-,-,-,-,-,-,-,-,-,-,-,-,-,-,-,-,-,-,-,-,-,-,-,-,-,-,-
206,r0,18, 1063329,"  1039a0:	e51b3008 	ldr	r3, [fp, #-8]
",r1,11, 1063329,"  1039a0:	e51b3008 	ldr	r3, [fp, #-8]
",r3,28, 1063329,"  1039a0:	e51b3008 	ldr	r3, [fp, #-8]
",crash/hangs,-,-,-,-,-,-,-,-,-,-,-,-,-,-,-,-,-,-,-,-,-,-,-,-,-,-,-,-,-,-,-,-,-,-,-,-,-,-,-,-,-,-
207,r1,27, 1068640,"  104e60:	e51b3008 	ldr	r3, [fp, #-8]
",r1,13, 1068640,"  104e60:	e51b3008 	ldr	r3, [fp, #-8]
",r0,16, 1068640,"  104e60:	e51b3008 	ldr	r3, [fp, #-8]
",benign, 630, 222, 3831, 4, 2956, 845, 1, 340, 505, 12, 226, 44153, 294, 3, 230, 4149, 11175, 408, 10, 31075, 7012, 11523, 0, 0, 26, 3156, 3165, 3829, 34, 0, 0, 19, 23, 146, 4, 45126, 36162, 39758, 1, 0, 0, 317
208,r2,29, 1069468,"  10519c:	e0211003 	eor	r1, r1, r3
",r1,2, 1069468,"  10519c:	e0211003 	eor	r1, r1, r3
",r3,29, 1069468,"  10519c:	e0211003 	eor	r1, r1, r3
",SDC, 735, 340, 3849, 4, 2966, 870, 1, 324, 504, 12, 232, 44449, 293, 3, 234, 4802, 10884, 408, 11, 31067, 7026, 11665, 0, 0, 26, 3171, 3172, 3913, 35, 0, 0, 19, 23, 128, 4, 44834, 36241, 39785, 1, 0, 0, 316
209,r1,13, 1073167,"  10600c:	e6ef3073 	uxtb	r3, r3
",r1,7, 1073167,"  10600c:	e6ef3073 	uxtb	r3, r3
",r2,1, 1073167,"  10600c:	e6ef3073 	uxtb	r3, r3
",SDC, 996, 401, 3819, 2, 2950, 854, 1, 336, 503, 12, 226, 45296, 293, 3, 228, 3996, 11628, 418, 17, 32793, 7748, 11673, 0, 0, 26, 3171, 3167, 3874, 36, 0, 0, 19, 23, 137, 2, 46068, 37184, 40945, 1, 0, 0, 316
210,r3,31, 1078590,"  10753c:	e1a03423 	lsr	r3, r3, #8
",r0,21, 1078590,"  10753c:	e1a03423 	lsr	r3, r3, #8
",r0,19, 1078590,"  10753c:	e1a03423 	lsr	r3, r3, #8
",crash/hangs,-,-,-,-,-,-,-,-,-,-,-,-,-,-,-,-,-,-,-,-,-,-,-,-,-,-,-,-,-,-,-,-,-,-,-,-,-,-,-,-,-,-
211,r3,27, 1081695,"  10815c:	e0211003 	eor	r1, r1, r3
",r1,23, 1081695,"  10815c:	e0211003 	eor	r1, r1, r3
",r3,1, 1081695,"  10815c:	e0211003 	eor	r1, r1, r3
",crash/hangs,-,-,-,-,-,-,-,-,-,-,-,-,-,-,-,-,-,-,-,-,-,-,-,-,-,-,-,-,-,-,-,-,-,-,-,-,-,-,-,-,-,-
212,r2,23, 1062535,"  103684:	e3c33003 	bic	r3, r3, #3
",r1,24, 1062535,"  103684:	e3c33003 	bic	r3, r3, #3
",r2,14, 1062535,"  103684:	e3c33003 	bic	r3, r3, #3
",benign, 620, 229, 3829, 2, 2950, 853, 1, 340, 504, 13, 231, 45726, 294, 3, 243, 4454, 11810, 408, 18, 32650, 8031, 11590, 0, 0, 26, 3175, 3121, 3826, 34, 0, 0, 19, 23, 137, 2, 45736, 37078, 40663, 1, 0, 0, 316
213,r0,13, 1081187,"  107f60:	e30c3cc0 	movw	r3, #52416	; 0xccc0
",r3,10, 1081187,"  107f60:	e30c3cc0 	movw	r3, #52416	; 0xccc0
",r3,5, 1081187,"  107f60:	e30c3cc0 	movw	r3, #52416	; 0xccc0
",crash/hangs,-,-,-,-,-,-,-,-,-,-,-,-,-,-,-,-,-,-,-,-,-,-,-,-,-,-,-,-,-,-,-,-,-,-,-,-,-,-,-,-,-,-
214,r2,0, 1064733,"  103f1c:	e30f3cc0 	movw	r3, #64704	; 0xfcc0
",r0,10, 1064733,"  103f1c:	e30f3cc0 	movw	r3, #64704	; 0xfcc0
",r0,21, 1064733,"  103f1c:	e30f3cc0 	movw	r3, #64704	; 0xfcc0
",crash/hangs,-,-,-,-,-,-,-,-,-,-,-,-,-,-,-,-,-,-,-,-,-,-,-,-,-,-,-,-,-,-,-,-,-,-,-,-,-,-,-,-,-,-
215,r1,14, 1066130,"  104490:	e30b3cc0 	movw	r3, #48320	; 0xbcc0
",r3,7, 1066130,"  104490:	e30b3cc0 	movw	r3, #48320	; 0xbcc0
",r3,11, 1066130,"  104490:	e30b3cc0 	movw	r3, #48320	; 0xbcc0
",SDC, 653, 1202, 3893, 2, 2997, 881, 1, 324, 503, 13, 235, 45816, 293, 3, 234, 4262, 11236, 420, 19, 32490, 8013, 11801, 0, 0, 26, 3189, 3184, 3930, 38, 0, 0, 19, 23, 127, 2, 45764, 37550, 41210, 1, 0, 0, 316
216,r2,5, 1069048,"  104ff8:	e0211003 	eor	r1, r1, r3
",r3,15, 1069048,"  104ff8:	e0211003 	eor	r1, r1, r3
",r2,30, 1069048,"  104ff8:	e0211003 	eor	r1, r1, r3
",SDC, 722, 354, 3858, 4, 2961, 868, 1, 324, 504, 13, 235, 45232, 293, 3, 246, 5092, 11778, 408, 20, 32075, 7414, 11690, 0, 0, 26, 3203, 3160, 3925, 36, 0, 0, 17, 22, 135, 4, 45755, 37099, 40671, 1, 0, 0, 316
217,r1,8, 1079812,"  107a04:	e1a00003 	mov	r0, r3
",r2,3, 1079812,"  107a04:	e1a00003 	mov	r0, r3
",r3,24, 1079812,"  107a04:	e1a00003 	mov	r0, r3
",crash/hangs,-,-,-,-,-,-,-,-,-,-,-,-,-,-,-,-,-,-,-,-,-,-,-,-,-,-,-,-,-,-,-,-,-,-,-,-,-,-,-,-,-,-
218,r2,15, 1075075,"  106780:	e51b3020 	ldr	r3, [fp, #-32]	; 0xffffffe0
",r0,20, 1075075,"  106780:	e51b3020 	ldr	r3, [fp, #-32]	; 0xffffffe0
",r2,9, 1075075,"  106780:	e51b3020 	ldr	r3, [fp, #-32]	; 0xffffffe0
",crash/hangs,-,-,-,-,-,-,-,-,-,-,-,-,-,-,-,-,-,-,-,-,-,-,-,-,-,-,-,-,-,-,-,-,-,-,-,-,-,-,-,-,-,-
219,r1,30, 1074121,"  1063c8:	e5932000 	ldr	r2, [r3]
",r0,1, 1074121,"  1063c8:	e5932000 	ldr	r2, [r3]
",r1,15, 1074121,"  1063c8:	e5932000 	ldr	r2, [r3]
",benign, 904, 229, 3835, 2, 2953, 846, 1, 340, 504, 12, 225, 45587, 294, 3, 236, 4644, 11116, 408, 12, 32107, 8614, 11612, 0, 0, 26, 3168, 3168, 3836, 37, 0, 0, 17, 21, 125, 2, 45931, 37085, 40675, 1, 0, 0, 316
220,r1,19, 1075429,"  1068e4:	e30c3cc0 	movw	r3, #52416	; 0xccc0
",r0,23, 1075429,"  1068e4:	e30c3cc0 	movw	r3, #52416	; 0xccc0
",r3,19, 1075429,"  1068e4:	e30c3cc0 	movw	r3, #52416	; 0xccc0
",crash/hangs,-,-,-,-,-,-,-,-,-,-,-,-,-,-,-,-,-,-,-,-,-,-,-,-,-,-,-,-,-,-,-,-,-,-,-,-,-,-,-,-,-,-
221,r0,31, 1067817,"  104b28:	e2800c02 	add	r0, r0, #512	; 0x200
",r2,21, 1067817,"  104b28:	e2800c02 	add	r0, r0, #512	; 0x200
",r3,30, 1067817,"  104b28:	e2800c02 	add	r0, r0, #512	; 0x200
",SDC, 706, 228, 3890, 2, 2995, 874, 1, 324, 503, 14, 227, 46121, 293, 3, 240, 4345, 11944, 410, 14, 32640, 8239, 11763, 0, 0, 26, 3227, 3145, 3919, 35, 0, 0, 19, 23, 128, 2, 46472, 37747, 41298, 1, 0, 0, 316
222,r2,13, 1079098,"  107738:	e3403011 	movt	r3, #17
",r1,28, 1079098,"  107738:	e3403011 	movt	r3, #17
",r3,12, 1079098,"  107738:	e3403011 	movt	r3, #17
",crash/hangs,-,-,-,-,-,-,-,-,-,-,-,-,-,-,-,-,-,-,-,-,-,-,-,-,-,-,-,-,-,-,-,-,-,-,-,-,-,-,-,-,-,-
223,r2,11, 1078576,"  107530:	e3403011 	movt	r3, #17
",r0,31, 1078576,"  107530:	e3403011 	movt	r3, #17
",r2,15, 1078576,"  107530:	e3403011 	movt	r3, #17
",crash/hangs,-,-,-,-,-,-,-,-,-,-,-,-,-,-,-,-,-,-,-,-,-,-,-,-,-,-,-,-,-,-,-,-,-,-,-,-,-,-,-,-,-,-
224,r0,7, 1080950,"  107e74:	e1a00003 	mov	r0, r3
",r3,14, 1080950,"  107e74:	e1a00003 	mov	r0, r3
",r0,10, 1080950,"  107e74:	e1a00003 	mov	r0, r3
",crash/hangs,-,-,-,-,-,-,-,-,-,-,-,-,-,-,-,-,-,-,-,-,-,-,-,-,-,-,-,-,-,-,-,-,-,-,-,-,-,-,-,-,-,-
225,r3,18, 1065274,"  104138:	e7932102 	ldr	r2, [r3, r2, lsl #2]
",r2,17, 1065274,"  104138:	e7932102 	ldr	r2, [r3, r2, lsl #2]
",r1,26, 1065274,"  104138:	e7932102 	ldr	r2, [r3, r2, lsl #2]
",crash/hangs,-,-,-,-,-,-,-,-,-,-,-,-,-,-,-,-,-,-,-,-,-,-,-,-,-,-,-,-,-,-,-,-,-,-,-,-,-,-,-,-,-,-
226,r2,17, 1082806,"  1085b4:	e51b3008 	ldr	r3, [fp, #-8]
",r3,8, 1082806,"  1085b4:	e51b3008 	ldr	r3, [fp, #-8]
",r3,19, 1082806,"  1085b4:	e51b3008 	ldr	r3, [fp, #-8]
",crash/hangs,-,-,-,-,-,-,-,-,-,-,-,-,-,-,-,-,-,-,-,-,-,-,-,-,-,-,-,-,-,-,-,-,-,-,-,-,-,-,-,-,-,-
227,r0,29, 1069887,"  10533c:	e3403011 	movt	r3, #17
",r0,9, 1069887,"  10533c:	e3403011 	movt	r3, #17
",r0,19, 1069887,"  10533c:	e3403011 	movt	r3, #17
",benign, 770, 231, 3836, 2, 2955, 848, 1, 340, 505, 13, 218, 45889, 294, 3, 241, 4608, 11626, 409, 9, 32541, 8596, 11575, 0, 0, 26, 3148, 3165, 3831, 36, 0, 0, 19, 23, 137, 2, 46382, 37989, 41724, 1, 0, 0, 317
228,r2,15, 1078552,"  107518:	e2833028 	add	r3, r3, #40	; 0x28
",r2,16, 1078552,"  107518:	e2833028 	add	r3, r3, #40	; 0x28
",r0,9, 1078552,"  107518:	e2833028 	add	r3, r3, #40	; 0x28
",crash/hangs,-,-,-,-,-,-,-,-,-,-,-,-,-,-,-,-,-,-,-,-,-,-,-,-,-,-,-,-,-,-,-,-,-,-,-,-,-,-,-,-,-,-
229,r3,14, 1075667,"  1069d0:	e1a01003 	mov	r1, r3
",r1,8, 1075667,"  1069d0:	e1a01003 	mov	r1, r3
",r0,16, 1075667,"  1069d0:	e1a01003 	mov	r1, r3
",crash/hangs,-,-,-,-,-,-,-,-,-,-,-,-,-,-,-,-,-,-,-,-,-,-,-,-,-,-,-,-,-,-,-,-,-,-,-,-,-,-,-,-,-,-
230,r1,0, 1079370,"  107848:	e2800c01 	add	r0, r0, #256	; 0x100
",r0,25, 1079370,"  107848:	e2800c01 	add	r0, r0, #256	; 0x100
",r1,25, 1079370,"  107848:	e2800c01 	add	r0, r0, #256	; 0x100
",crash/hangs,-,-,-,-,-,-,-,-,-,-,-,-,-,-,-,-,-,-,-,-,-,-,-,-,-,-,-,-,-,-,-,-,-,-,-,-,-,-,-,-,-,-
231,r0,24, 1068923,"  104f78:	e3403011 	movt	r3, #17
",r0,30, 1068923,"  104f78:	e3403011 	movt	r3, #17
",r1,13, 1068923,"  104f78:	e3403011 	movt	r3, #17
",SDC, 741, 221, 3882, 2, 2993, 871, 1, 324, 504, 13, 230, 45817, 293, 3, 234, 4033, 11577, 419, 11, 32041, 7538, 11747, 0, 0, 26, 3147, 3199, 3916, 34, 0, 0, 17, 21, 126, 2, 46260, 37200, 40930, 1, 0, 0, 317
232,r3,7, 1064382,"  103dbc:	3affff56 	bcc	103b1c <set_key+0x54c>
",r0,5, 1064382,"  103dbc:	3affff56 	bcc	103b1c <set_key+0x54c>
",r3,10, 1064382,"  103dbc:	3affff56 	bcc	103b1c <set_key+0x54c>
",benign, 714, 354, 3797, 2, 2906, 848, 1, 340, 505, 13, 232, 45698, 294, 3, 242, 4937, 11331, 410, 12, 32595, 8162, 11540, 0, 0, 26, 3157, 3142, 3827, 37, 0, 0, 19, 23, 128, 2, 46218, 37784, 41343, 1, 0, 0, 317
233,r2,13, 1064808,"  103f68:	e51b3008 	ldr	r3, [fp, #-8]
",r0,8, 1064808,"  103f68:	e51b3008 	ldr	r3, [fp, #-8]
",r1,28, 1064808,"  103f68:	e51b3008 	ldr	r3, [fp, #-8]
",crash/hangs,-,-,-,-,-,-,-,-,-,-,-,-,-,-,-,-,-,-,-,-,-,-,-,-,-,-,-,-,-,-,-,-,-,-,-,-,-,-,-,-,-,-
234,r3,10, 1070888,"  105728:	e1a00003 	mov	r0, r3
",r1,19, 1070888,"  105728:	e1a00003 	mov	r0, r3
",r2,2, 1070888,"  105728:	e1a00003 	mov	r0, r3
",SDC, 704, 239, 3880, 5, 2999, 875, 1, 324, 504, 12, 236, 45254, 293, 3, 243, 4003, 12102, 485, 13, 31657, 6789, 11652, 0, 0, 26, 3193, 3171, 3912, 34, 0, 0, 19, 23, 144, 6, 45636, 36517, 40128, 2, 0, 0, 316
235,r3,15, 1066476,"  1045ec:	e2800c03 	add	r0, r0, #768	; 0x300
",r0,16, 1066476,"  1045ec:	e2800c03 	add	r0, r0, #768	; 0x300
",r2,10, 1066476,"  1045ec:	e2800c03 	add	r0, r0, #768	; 0x300
",crash/hangs,-,-,-,-,-,-,-,-,-,-,-,-,-,-,-,-,-,-,-,-,-,-,-,-,-,-,-,-,-,-,-,-,-,-,-,-,-,-,-,-,-,-
236,r0,5, 1062386,"  1035f0:	e51b301c 	ldr	r3, [fp, #-28]	; 0xffffffe4
",r1,24, 1062386,"  1035f0:	e51b301c 	ldr	r3, [fp, #-28]	; 0xffffffe4
",r2,25, 1062386,"  1035f0:	e51b301c 	ldr	r3, [fp, #-28]	; 0xffffffe4
",benign, 612, 220, 3807, 2, 2943, 862, 1, 340, 505, 13, 221, 45306, 294, 3, 230, 5070, 10381, 409, 12, 31608, 7666, 11583, 0, 0, 26, 3162, 3140, 3823, 34, 0, 0, 17, 21, 125, 2, 45139, 36758, 40271, 1, 0, 0, 316
237,r1,8, 1068025,"  104bf8:	e51b3008 	ldr	r3, [fp, #-8]
",r2,20, 1068025,"  104bf8:	e51b3008 	ldr	r3, [fp, #-8]
",r1,19, 1068025,"  104bf8:	e51b3008 	ldr	r3, [fp, #-8]
",benign, 778, 349, 3805, 2, 2921, 841, 1, 340, 505, 13, 227, 45763, 294, 3, 239, 4734, 11693, 409, 14, 33070, 8260, 11583, 0, 0, 26, 3149, 3177, 3830, 34, 0, 0, 19, 23, 137, 2, 46276, 37638, 41155, 1, 0, 0, 316
238,r2,3, 1075825,"  106a70:	e1a01003 	mov	r1, r3
",r3,4, 1075825,"  106a70:	e1a01003 	mov	r1, r3
",r0,27, 1075825,"  106a70:	e1a01003 	mov	r1, r3
",crash/hangs,-,-,-,-,-,-,-,-,-,-,-,-,-,-,-,-,-,-,-,-,-,-,-,-,-,-,-,-,-,-,-,-,-,-,-,-,-,-,-,-,-,-
239,r2,0, 1082755,"  108580:	e7933100 	ldr	r3, [r3, r0, lsl #2]
",r0,28, 1082755,"  108580:	e7933100 	ldr	r3, [r3, r0, lsl #2]
",r3,21, 1082755,"  108580:	e7933100 	ldr	r3, [r3, r0, lsl #2]
",crash/hangs,-,-,-,-,-,-,-,-,-,-,-,-,-,-,-,-,-,-,-,-,-,-,-,-,-,-,-,-,-,-,-,-,-,-,-,-,-,-,-,-,-,-
240,r1,2, 1081562,"  1080d8:	e30c3cc0 	movw	r3, #52416	; 0xccc0
",r0,14, 1081562,"  1080d8:	e30c3cc0 	movw	r3, #52416	; 0xccc0
",r1,5, 1081562,"  1080d8:	e30c3cc0 	movw	r3, #52416	; 0xccc0
",crash/hangs,-,-,-,-,-,-,-,-,-,-,-,-,-,-,-,-,-,-,-,-,-,-,-,-,-,-,-,-,-,-,-,-,-,-,-,-,-,-,-,-,-,-
241,r3,1, 1065800,"  104348:	e7933100 	ldr	r3, [r3, r0, lsl #2]
",r3,8, 1065800,"  104348:	e7933100 	ldr	r3, [r3, r0, lsl #2]
",r0,16, 1065800,"  104348:	e7933100 	ldr	r3, [r3, r0, lsl #2]
",crash/hangs,-,-,-,-,-,-,-,-,-,-,-,-,-,-,-,-,-,-,-,-,-,-,-,-,-,-,-,-,-,-,-,-,-,-,-,-,-,-,-,-,-,-
242,r2,5, 1076273,"  106c30:	e51b301c 	ldr	r3, [fp, #-28]	; 0xffffffe4
",r1,13, 1076273,"  106c30:	e51b301c 	ldr	r3, [fp, #-28]	; 0xffffffe4
",r3,27, 1076273,"  106c30:	e51b301c 	ldr	r3, [fp, #-28]	; 0xffffffe4
",crash/hangs,-,-,-,-,-,-,-,-,-,-,-,-,-,-,-,-,-,-,-,-,-,-,-,-,-,-,-,-,-,-,-,-,-,-,-,-,-,-,-,-,-,-
243,r3,17, 1062541,"  10368c:	e15b31dd 	ldrsb	r3, [fp, #-29]	; 0xffffffe3
",r3,25, 1062541,"  10368c:	e15b31dd 	ldrsb	r3, [fp, #-29]	; 0xffffffe3
",r0,24, 1062541,"  10368c:	e15b31dd 	ldrsb	r3, [fp, #-29]	; 0xffffffe3
",benign, 616, 224, 3813, 2, 2947, 855, 1, 340, 505, 13, 226, 45511, 294, 3, 237, 3999, 11429, 408, 16, 31848, 7552, 11585, 0, 0, 26, 3173, 3130, 3832, 34, 0, 0, 17, 21, 125, 2, 45318, 36805, 40339, 1, 0, 0, 316
244,r1,27, 1078164,"  107394:	e51b3014 	ldr	r3, [fp, #-20]	; 0xffffffec
",r0,10, 1078164,"  107394:	e51b3014 	ldr	r3, [fp, #-20]	; 0xffffffec
",r3,22, 1078164,"  107394:	e51b3014 	ldr	r3, [fp, #-20]	; 0xffffffec
",crash/hangs,-,-,-,-,-,-,-,-,-,-,-,-,-,-,-,-,-,-,-,-,-,-,-,-,-,-,-,-,-,-,-,-,-,-,-,-,-,-,-,-,-,-
245,r2,27, 1072528,"  105d90:	e30b3cc0 	movw	r3, #48320	; 0xbcc0
",r3,4, 1072528,"  105d90:	e30b3cc0 	movw	r3, #48320	; 0xbcc0
",r2,15, 1072528,"  105d90:	e30b3cc0 	movw	r3, #48320	; 0xbcc0
",SDC, 753, 226, 3898, 4, 3000, 873, 1, 324, 504, 13, 229, 44769, 293, 3, 238, 4160, 11689, 410, 14, 31713, 6709, 11672, 0, 0, 26, 3173, 3182, 3923, 36, 0, 0, 17, 21, 125, 4, 45053, 36602, 40159, 1, 0, 0, 317
246,r0,16, 1068884,"  104f54:	e3403011 	movt	r3, #17
",r0,6, 1068884,"  104f54:	e3403011 	movt	r3, #17
",r1,14, 1068884,"  104f54:	e3403011 	movt	r3, #17
",SDC, 717, 355, 3868, 5, 2963, 865, 1, 324, 503, 12, 230, 45000, 293, 3, 239, 3750, 12320, 500, 13, 32120, 6605, 11662, 0, 0, 26, 3212, 3163, 3922, 35, 0, 0, 19, 23, 219, 8, 45525, 37158, 40736, 2, 0, 0, 316
247,r2,6, 1075221,"  106814:	e7931101 	ldr	r1, [r3, r1, lsl #2]
",r1,11, 1075221,"  106814:	e7931101 	ldr	r1, [r3, r1, lsl #2]
",r0,6, 1075221,"  106814:	e7931101 	ldr	r1, [r3, r1, lsl #2]
",crash/hangs,-,-,-,-,-,-,-,-,-,-,-,-,-,-,-,-,-,-,-,-,-,-,-,-,-,-,-,-,-,-,-,-,-,-,-,-,-,-,-,-,-,-
248,r0,8, 1079033,"  1076f8:	e3403011 	movt	r3, #17
",r3,25, 1079033,"  1076f8:	e3403011 	movt	r3, #17
",r3,11, 1079033,"  1076f8:	e3403011 	movt	r3, #17
",crash/hangs,-,-,-,-,-,-,-,-,-,-,-,-,-,-,-,-,-,-,-,-,-,-,-,-,-,-,-,-,-,-,-,-,-,-,-,-,-,-,-,-,-,-
249,r3,29, 1067192,"  1048b8:	e6ef3073 	uxtb	r3, r3
",r1,11, 1067192,"  1048b8:	e6ef3073 	uxtb	r3, r3
",r0,20, 1067192,"  1048b8:	e6ef3073 	uxtb	r3, r3
",SDC, 592, 218, 3886, 4, 2996, 875, 1, 324, 504, 12, 242, 45015, 293, 3, 237, 4866, 11355, 419, 14, 31939, 7388, 11656, 0, 0, 26, 3188, 3161, 3919, 32, 0, 0, 19, 23, 127, 4, 45494, 36882, 40432, 1, 0, 0, 316
250,r3,18, 1067177,"  1048a8:	e7933100 	ldr	r3, [r3, r0, lsl #2]
",r2,1, 1067177,"  1048a8:	e7933100 	ldr	r3, [r3, r0, lsl #2]
",r1,31, 1067177,"  1048a8:	e7933100 	ldr	r3, [r3, r0, lsl #2]
",SDC, 749, 348, 3862, 2, 2964, 868, 1, 324, 504, 13, 238, 45318, 293, 3, 234, 4070, 11141, 417, 11, 32047, 7665, 11771, 0, 0, 26, 3164, 3191, 3922, 34, 0, 0, 17, 21, 126, 2, 45926, 37055, 40771, 1, 0, 0, 317
251,r0,12, 1066809,"  104738:	e5932000 	ldr	r2, [r3]
",r1,27, 1066809,"  104738:	e5932000 	ldr	r2, [r3]
",r0,24, 1066809,"  104738:	e5932000 	ldr	r2, [r3]
",benign, 746, 354, 3800, 2, 2917, 840, 1, 340, 504, 13, 231, 45787, 294, 3, 242, 4622, 11190, 408, 14, 33014, 8332, 11636, 0, 0, 26, 3143, 3171, 3844, 36, 0, 0, 19, 23, 137, 2, 46046, 38111, 41630, 1, 0, 0, 317
252,r2,13, 1066221,"  1044ec:	e3403011 	movt	r3, #17
",r1,17, 1066221,"  1044ec:	e3403011 	movt	r3, #17
",r3,0, 1066221,"  1044ec:	e3403011 	movt	r3, #17
",SDC, 725, 348, 3863, 2, 2964, 865, 1, 324, 503, 12, 229, 46035, 293, 3, 236, 4497, 11450, 408, 14, 32687, 8153, 11752, 0, 0, 26, 3174, 3174, 3921, 35, 0, 0, 19, 23, 127, 2, 46358, 37660, 41238, 1, 0, 0, 316
253,r2,23, 1072821,"  105eb4:	e1a03823 	lsr	r3, r3, #16
",r3,5, 1072821,"  105eb4:	e1a03823 	lsr	r3, r3, #16
",r2,8, 1072821,"  105eb4:	e1a03823 	lsr	r3, r3, #16
",SDC, 934, 351, 3854, 2, 2966, 868, 1, 324, 504, 13, 231, 46031, 293, 3, 239, 4658, 11668, 427, 15, 32417, 8039, 11778, 0, 0, 26, 3173, 3185, 3931, 37, 0, 0, 19, 23, 138, 2, 46014, 37727, 41263, 1, 0, 0, 317
254,r2,14, 1068873,"  104f48:	e6ef3073 	uxtb	r3, r3
",r1,8, 1068873,"  104f48:	e6ef3073 	uxtb	r3, r3
",r0,14, 1068873,"  104f48:	e6ef3073 	uxtb	r3, r3
",SDC, 873, 410, 3858, 2, 2958, 868, 1, 324, 503, 12, 231, 46096, 293, 3, 232, 4401, 11512, 417, 13, 32845, 8209, 11780, 0, 0, 26, 3161, 3196, 3924, 38, 0, 0, 19, 23, 127, 2, 46068, 37749, 41519, 1, 0, 0, 317
255,r0,2, 1067095,"  104854:	e2800c03 	add	r0, r0, #768	; 0x300
",r1,25, 1067095,"  104854:	e2800c03 	add	r0, r0, #768	; 0x300
",r0,14, 1067095,"  104854:	e2800c03 	add	r0, r0, #768	; 0x300
",crash/hangs,-,-,-,-,-,-,-,-,-,-,-,-,-,-,-,-,-,-,-,-,-,-,-,-,-,-,-,-,-,-,-,-,-,-,-,-,-,-,-,-,-,-
0,r3,27, 1075867,"  106a98:	e2800c01 	add	r0, r0, #256	; 0x100
",r3,15, 1075867,"  106a98:	e2800c01 	add	r0, r0, #256	; 0x100
",r1,22, 1075867,"  106a98:	e2800c01 	add	r0, r0, #256	; 0x100
",crash/hangs,-,-,-,-,-,-,-,-,-,-,-,-,-,-,-,-,-,-,-,-,-,-,-,-,-,-,-,-,-,-,-,-,-,-,-,-,-,-,-,-,-,-
1,r3,29, 1082895,"  10860c:	e30e3cc0 	movw	r3, #60608	; 0xecc0
",r2,11, 1082895,"  10860c:	e30e3cc0 	movw	r3, #60608	; 0xecc0
",r2,9, 1082895,"  10860c:	e30e3cc0 	movw	r3, #60608	; 0xecc0
",crash/hangs,-,-,-,-,-,-,-,-,-,-,-,-,-,-,-,-,-,-,-,-,-,-,-,-,-,-,-,-,-,-,-,-,-,-,-,-,-,-,-,-,-,-
2,r1,27, 1072591,"  105dcc:	e50b3028 	str	r3, [fp, #-40]	; 0xffffffd8
",r1,3, 1072591,"  105dcc:	e50b3028 	str	r3, [fp, #-40]	; 0xffffffd8
",r3,7, 1072591,"  105dcc:	e50b3028 	str	r3, [fp, #-40]	; 0xffffffd8
",SDC, 854, 217, 3839, 2, 2974, 858, 1, 336, 503, 12, 241, 45787, 293, 3, 225, 4801, 11399, 409, 13, 32468, 8220, 11684, 0, 0, 26, 3154, 3178, 3865, 36, 0, 0, 19, 23, 127, 2, 46355, 37631, 41203, 1, 0, 0, 316
3,r3,3, 1064512,"  103e40:	e5832000 	str	r2, [r3]
",r3,5, 1064512,"  103e40:	e5832000 	str	r2, [r3]
",r0,3, 1064512,"  103e40:	e5832000 	str	r2, [r3]
",crash/hangs,-,-,-,-,-,-,-,-,-,-,-,-,-,-,-,-,-,-,-,-,-,-,-,-,-,-,-,-,-,-,-,-,-,-,-,-,-,-,-,-,-,-
4,r3,5, 1080825,"  107df8:	e50b3018 	str	r3, [fp, #-24]	; 0xffffffe8
",r0,17, 1080825,"  107df8:	e50b3018 	str	r3, [fp, #-24]	; 0xffffffe8
",r2,2, 1080825,"  107df8:	e50b3018 	str	r3, [fp, #-24]	; 0xffffffe8
",crash/hangs,-,-,-,-,-,-,-,-,-,-,-,-,-,-,-,-,-,-,-,-,-,-,-,-,-,-,-,-,-,-,-,-,-,-,-,-,-,-,-,-,-,-
5,r0,27, 1077503,"  1070fc:	e6ef3073 	uxtb	r3, r3
",r3,27, 1077503,"  1070fc:	e6ef3073 	uxtb	r3, r3
",r3,13, 1077503,"  1070fc:	e6ef3073 	uxtb	r3, r3
",crash/hangs,-,-,-,-,-,-,-,-,-,-,-,-,-,-,-,-,-,-,-,-,-,-,-,-,-,-,-,-,-,-,-,-,-,-,-,-,-,-,-,-,-,-
6,r3,21, 1070065,"  1053f0:	e3403011 	movt	r3, #17
",r0,16, 1070065,"  1053f0:	e3403011 	movt	r3, #17
",r1,15, 1070065,"  1053f0:	e3403011 	movt	r3, #17
",SDC, 777, 228, 3872, 2, 2996, 874, 1, 324, 504, 13, 231, 45245, 293, 3, 237, 4544, 11533, 418, 12, 32210, 8121, 11748, 0, 0, 26, 3186, 3157, 3916, 34, 0, 0, 19, 23, 136, 2, 46222, 37285, 40844, 1, 0, 0, 316
7,r0,29, 1071688,"  105a48:	e5932000 	ldr	r2, [r3]
",r1,9, 1071688,"  105a48:	e5932000 	ldr	r2, [r3]
",r1,1, 1071688,"  105a48:	e5932000 	ldr	r2, [r3]
",benign, 810, 440, 3802, 4, 2919, 839, 1, 340, 505, 13, 232, 44136, 294, 3, 237, 4329, 11129, 410, 12, 30895, 6958, 11588, 0, 0, 26, 3153, 3179, 3828, 36, 0, 0, 17, 21, 191, 4, 44195, 36418, 39991, 1, 0, 0, 317
8,r0,28, 1072234,"  105c68:	e2800c02 	add	r0, r0, #512	; 0x200
",r2,29, 1072234,"  105c68:	e2800c02 	add	r0, r0, #512	; 0x200
",r2,30, 1072234,"  105c68:	e2800c02 	add	r0, r0, #512	; 0x200
",SDC, 918, 351, 3868, 2, 2964, 865, 1, 324, 504, 13, 235, 45168, 293, 3, 237, 4170, 11511, 409, 13, 31753, 7773, 11743, 0, 0, 26, 3174, 3185, 3922, 36, 0, 0, 19, 23, 136, 2, 45466, 37421, 41011, 1, 0, 0, 317
9,r1,26, 1076640,"  106da0:	e1a03823 	lsr	r3, r3, #16
",r1,26, 1076640,"  106da0:	e1a03823 	lsr	r3, r3, #16
",r2,23, 1076640,"  106da0:	e1a03823 	lsr	r3, r3, #16
",crash/hangs,-,-,-,-,-,-,-,-,-,-,-,-,-,-,-,-,-,-,-,-,-,-,-,-,-,-,-,-,-,-,-,-,-,-,-,-,-,-,-,-,-,-
10,r1,12, 1079029,"  1076f4:	e30c3cc0 	movw	r3, #52416	; 0xccc0
",r0,8, 1079029,"  1076f4:	e30c3cc0 	movw	r3, #52416	; 0xccc0
",r0,17, 1079029,"  1076f4:	e30c3cc0 	movw	r3, #52416	; 0xccc0
",crash/hangs,-,-,-,-,-,-,-,-,-,-,-,-,-,-,-,-,-,-,-,-,-,-,-,-,-,-,-,-,-,-,-,-,-,-,-,-,-,-,-,-,-,-
11,r0,16, 1078314,"  107428:	e0211003 	eor	r1, r1, r3
",r1,5, 1078314,"  107428:	e0211003 	eor	r1, r1, r3
",r2,11, 1078314,"  107428:	e0211003 	eor	r1, r1, r3
",crash/hangs,-,-,-,-,-,-,-,-,-,-,-,-,-,-,-,-,-,-,-,-,-,-,-,-,-,-,-,-,-,-,-,-,-,-,-,-,-,-,-,-,-,-
12,r2,22, 1078071,"  107334:	e3403011 	movt	r3, #17
",r3,10, 1078071,"  107334:	e3403011 	movt	r3, #17
",r1,23, 1078071,"  107334:	e3403011 	movt	r3, #17
",crash/hangs,-,-,-,-,-,-,-,-,-,-,-,-,-,-,-,-,-,-,-,-,-,-,-,-,-,-,-,-,-,-,-,-,-,-,-,-,-,-,-,-,-,-
13,r1,18, 1067603,"  104a50:	e7931101 	ldr	r1, [r3, r1, lsl #2]
",r2,12, 1067603,"  104a50:	e7931101 	ldr	r1, [r3, r1, lsl #2]
",r0,9, 1067603,"  104a50:	e7931101 	ldr	r1, [r3, r1, lsl #2]
",SDC, 699, 215, 3872, 3, 2996, 877, 1, 324, 504, 12, 245, 46252, 293, 3, 231, 4077, 12226, 410, 11, 32783, 7408, 11795, 0, 0, 26, 3182, 3175, 3911, 38, 0, 0, 19, 23, 138, 6, 46339, 37891, 41452, 2, 0, 0, 317
14,r3,23, 1072530,"  105d90:	e30b3cc0 	movw	r3, #48320	; 0xbcc0
",r2,0, 1072530,"  105d90:	e30b3cc0 	movw	r3, #48320	; 0xbcc0
",r0,3, 1072530,"  105d90:	e30b3cc0 	movw	r3, #48320	; 0xbcc0
",crash/hangs,-,-,-,-,-,-,-,-,-,-,-,-,-,-,-,-,-,-,-,-,-,-,-,-,-,-,-,-,-,-,-,-,-,-,-,-,-,-,-,-,-,-
15,r0,2, 1066371,"  104580:	e30b3cc0 	movw	r3, #48320	; 0xbcc0
",r3,24, 1066371,"  104580:	e30b3cc0 	movw	r3, #48320	; 0xbcc0
",r2,30, 1066371,"  104580:	e30b3cc0 	movw	r3, #48320	; 0xbcc0
",SDC, 659, 222, 3883, 2, 2992, 871, 1, 324, 503, 13, 231, 45971, 293, 3, 234, 4576, 11800, 408, 14, 32365, 7987, 11743, 0, 0, 26, 3157, 3192, 3925, 34, 0, 0, 17, 21, 125, 2, 45900, 37328, 40879, 1, 0, 0, 316
16,r0,28, 1071793,"  105ab0:	e1a03c23 	lsr	r3, r3, #24
",r0,7, 1071793,"  105ab0:	e1a03c23 	lsr	r3, r3, #24
",r0,27, 1071793,"  105ab0:	e1a03c23 	lsr	r3, r3, #24
",benign, 902, 351, 3807, 2, 2925, 841, 1, 340, 505, 12, 228, 45737, 294, 3, 243, 4467, 11437, 419, 11, 32635, 8323, 11660, 0, 0, 26, 3138, 3158, 3823, 35, 0, 0, 19, 23, 127, 2, 46114, 37494, 41016, 1, 0, 0, 317
17,r2,24, 1067025,"  104810:	e7933100 	ldr	r3, [r3, r0, lsl #2]
",r2,20, 1067025,"  104810:	e7933100 	ldr	r3, [r3, r0, lsl #2]
",r0,26, 1067025,"  104810:	e7933100 	ldr	r3, [r3, r0, lsl #2]
",SDC, 748, 343, 3872, 2, 2967, 868, 1, 324, 503, 12, 233, 45863, 293, 3, 237, 4848, 11994, 419, 11, 32268, 7792, 11757, 0, 0, 26, 3203, 3160, 3924, 35, 0, 0, 19, 23, 128, 2, 46593, 37272, 40766, 1, 0, 0, 316
18,r1,13, 1069439,"  10517c:	e51b3024 	ldr	r3, [fp, #-36]	; 0xffffffdc
",r2,16, 1069439,"  10517c:	e51b3024 	ldr	r3, [fp, #-36]	; 0xffffffdc
",r1,23, 1069439,"  10517c:	e51b3024 	ldr	r3, [fp, #-36]	; 0xffffffdc
",SDC, 832, 352, 3852, 2, 2956, 864, 1, 324, 504, 13, 236, 45427, 293, 3, 233, 4496, 11347, 418, 11, 32208, 8008, 11763, 0, 0, 26, 3172, 3184, 3919, 35, 0, 0, 17, 21, 136, 2, 46086, 37438, 41021, 1, 0, 0, 317
19,r0,2, 1068537,"  104df8:	e1a00003 	mov	r0, r3
",r2,8, 1068537,"  104df8:	e1a00003 	mov	r0, r3
",r2,28, 1068537,"  104df8:	e1a00003 	mov	r0, r3
",SDC, 791, 352, 3857, 2, 2960, 867, 1, 324, 503, 13, 243, 45900, 293, 3, 240, 4668, 11208, 419, 13, 32726, 8386, 11744, 0, 0, 26, 3191, 3167, 3914, 37, 0, 0, 19, 23, 128, 2, 46351, 37294, 41061, 1, 0, 0, 317
20,r1,7, 1072686,"  105e2c:	e3403011 	movt	r3, #17
",r0,11, 1072686,"  105e2c:	e3403011 	movt	r3, #17
",r1,0, 1072686,"  105e2c:	e3403011 	movt	r3, #17
",SDC, 924, 1263, 3881, 3, 2966, 868, 1, 324, 504, 13, 237, 46201, 293, 3, 242, 4185, 11912, 426, 14, 32786, 7959, 11731, 0, 0, 26, 3167, 3187, 3922, 37, 0, 0, 19, 23, 137, 2, 46524, 37933, 41392, 2, 0, 0, 317
21,r0,2, 1075935,"  106adc:	e3403011 	movt	r3, #17
",r1,31, 1075935,"  106adc:	e3403011 	movt	r3, #17
",r2,29, 1075935,"  106adc:	e3403011 	movt	r3, #17
",crash/hangs,-,-,-,-,-,-,-,-,-,-,-,-,-,-,-,-,-,-,-,-,-,-,-,-,-,-,-,-,-,-,-,-,-,-,-,-,-,-,-,-,-,-
22,r1,15, 1066773,"  104714:	e30b3cc0 	movw	r3, #48320	; 0xbcc0
",r0,25, 1066773,"  104714:	e30b3cc0 	movw	r3, #48320	; 0xbcc0
",r3,10, 1066773,"  104714:	e30b3cc0 	movw	r3, #48320	; 0xbcc0
",SDC, 669, 226, 3888, 2, 2994, 870, 1, 324, 504, 12, 236, 45687, 293, 3, 237, 4589, 11599, 409, 12, 32119, 7918, 11734, 0, 0, 26, 3188, 3174, 3915, 35, 0, 0, 17, 21, 135, 2, 45872, 37524, 41027, 1, 0, 0, 316
23,r3,23, 1076443,"  106cd8:	e3403011 	movt	r3, #17
",r0,11, 1076443,"  106cd8:	e3403011 	movt	r3, #17
",r3,25, 1076443,"  106cd8:	e3403011 	movt	r3, #17
",crash/hangs,-,-,-,-,-,-,-,-,-,-,-,-,-,-,-,-,-,-,-,-,-,-,-,-,-,-,-,-,-,-,-,-,-,-,-,-,-,-,-,-,-,-
24,r1,15, 1078255,"  1073ec:	e5932000 	ldr	r2, [r3]
",r2,10, 1078255,"  1073ec:	e5932000 	ldr	r2, [r3]
",r0,13, 1078255,"  1073ec:	e5932000 	ldr	r2, [r3]
",crash/hangs,-,-,-,-,-,-,-,-,-,-,-,-,-,-,-,-,-,-,-,-,-,-,-,-,-,-,-,-,-,-,-,-,-,-,-,-,-,-,-,-,-,-
25,r3,24, 1069849,"  105318:	e0233002 	eor	r3, r3, r2
",r2,10, 1069849,"  105318:	e0233002 	eor	r3, r3, r2
",r3,28, 1069849,"  105318:	e0233002 	eor	r3, r3, r2
",SDC, 773, 223, 3876, 2, 2996, 876, 1, 324, 504, 13, 231, 45241, 293, 3, 238, 4473, 11402, 418, 13, 32328, 7935, 11720, 0, 0, 26, 3187, 3177, 3914, 34, 0, 0, 19, 23, 137, 2, 45821, 37181, 40678, 1, 0, 0, 316
26,r0,23, 1076260,"  106c24:	e51b3008 	ldr	r3, [fp, #-8]
",r2,14, 1076260,"  106c24:	e51b3008 	ldr	r3, [fp, #-8]
",r3,13, 1076260,"  106c24:	e51b3008 	ldr	r3, [fp, #-8]
",crash/hangs,-,-,-,-,-,-,-,-,-,-,-,-,-,-,-,-,-,-,-,-,-,-,-,-,-,-,-,-,-,-,-,-,-,-,-,-,-,-,-,-,-,-
27,r2,20, 1074730,"  106628:	e50b3018 	str	r3, [fp, #-24]	; 0xffffffe8
",r1,18, 1074730,"  106628:	e50b3018 	str	r3, [fp, #-24]	; 0xffffffe8
",r2,24, 1074730,"  106628:	e50b3018 	str	r3, [fp, #-24]	; 0xffffffe8
",crash/hangs,-,-,-,-,-,-,-,-,-,-,-,-,-,-,-,-,-,-,-,-,-,-,-,-,-,-,-,-,-,-,-,-,-,-,-,-,-,-,-,-,-,-
28,r0,1, 1078569,"  107528:	e1a01003 	mov	r1, r3
",r1,4, 1078569,"  107528:	e1a01003 	mov	r1, r3
",r0,2, 1078569,"  107528:	e1a01003 	mov	r1, r3
",crash/hangs,-,-,-,-,-,-,-,-,-,-,-,-,-,-,-,-,-,-,-,-,-,-,-,-,-,-,-,-,-,-,-,-,-,-,-,-,-,-,-,-,-,-
29,r1,0, 1067509,"  1049f4:	e3403011 	movt	r3, #17
",r1,2, 1067509,"  1049f4:	e3403011 	movt	r3, #17
",r2,14, 1067509,"  1049f4:	e3403011 	movt	r3, #17
",SDC, 693, 235, 3893, 2, 2999, 873, 1, 324, 503, 12, 228, 45747, 293, 3, 237, 3988, 12332, 474, 16, 32956, 7810, 11776, 0, 0, 26, 3180, 3169, 3918, 35, 0, 0, 19, 23, 127, 2, 46677, 37977, 41632, 1, 0, 0, 316
30,r0,13, 1077886,"  10727c:	e2800c02 	add	r0, r0, #512	; 0x200
",r1,22, 1077886,"  10727c:	e2800c02 	add	r0, r0, #512	; 0x200
",r2,30, 1077886,"  10727c:	e2800c02 	add	r0, r0, #512	; 0x200
",crash/hangs,-,-,-,-,-,-,-,-,-,-,-,-,-,-,-,-,-,-,-,-,-,-,-,-,-,-,-,-,-,-,-,-,-,-,-,-,-,-,-,-,-,-
31,r2,24, 1079789,"  1079ec:	e30c3cc0 	movw	r3, #52416	; 0xccc0
",r3,21, 1079789,"  1079ec:	e30c3cc0 	movw	r3, #52416	; 0xccc0
",r3,15, 1079789,"  1079ec:	e30c3cc0 	movw	r3, #52416	; 0xccc0
",crash/hangs,-,-,-,-,-,-,-,-,-,-,-,-,-,-,-,-,-,-,-,-,-,-,-,-,-,-,-,-,-,-,-,-,-,-,-,-,-,-,-,-,-,-
32,r2,3, 1074171,"  1063f8:	e3403011 	movt	r3, #17
",r0,28, 1074171,"  1063f8:	e3403011 	movt	r3, #17
",r2,6, 1074171,"  1063f8:	e3403011 	movt	r3, #17
",SDC, 902, 228, 3859, 2, 2973, 852, 1, 336, 503, 13, 229, 45586, 293, 3, 246, 4566, 11387, 408, 16, 32087, 7704, 11671, 0, 0, 26, 3185, 3149, 3862, 34, 0, 0, 17, 21, 126, 2, 45822, 37147, 40724, 1, 0, 0, 317
33,r0,8, 1075673,"  1069d8:	e3403011 	movt	r3, #17
",r1,26, 1075673,"  1069d8:	e3403011 	movt	r3, #17
",r0,23, 1075673,"  1069d8:	e3403011 	movt	r3, #17
",crash/hangs,-,-,-,-,-,-,-,-,-,-,-,-,-,-,-,-,-,-,-,-,-,-,-,-,-,-,-,-,-,-,-,-,-,-,-,-,-,-,-,-,-,-
34,r2,24, 1082705,"  108550:	e30e3cc0 	movw	r3, #60608	; 0xecc0
",r2,16, 1082705,"  108550:	e30e3cc0 	movw	r3, #60608	; 0xecc0
",r1,1, 1082705,"  108550:	e30e3cc0 	movw	r3, #60608	; 0xecc0
",crash/hangs,-,-,-,-,-,-,-,-,-,-,-,-,-,-,-,-,-,-,-,-,-,-,-,-,-,-,-,-,-,-,-,-,-,-,-,-,-,-,-,-,-,-
35,r0,0, 1072382,"  105cfc:	e3403011 	movt	r3, #17
",r2,12, 1072382,"  105cfc:	e3403011 	movt	r3, #17
",r1,17, 1072382,"  105cfc:	e3403011 	movt	r3, #17
",SDC, 848, 226, 3875, 2, 2998, 877, 1, 324, 504, 13, 233, 45397, 293, 3, 234, 4162, 11526, 408, 15, 31734, 7517, 11728, 0, 0, 26, 3195, 3148, 3918, 35, 0, 0, 17, 21, 134, 2, 46008, 37401, 40931, 1, 0, 0, 316
36,r0,9, 1062907,"  1037f8:	e30d3cc0 	movw	r3, #56512	; 0xdcc0
",r2,28, 1062907,"  1037f8:	e30d3cc0 	movw	r3, #56512	; 0xdcc0
",r1,5, 1062907,"  1037f8:	e30d3cc0 	movw	r3, #56512	; 0xdcc0
",crash/hangs,-,-,-,-,-,-,-,-,-,-,-,-,-,-,-,-,-,-,-,-,-,-,-,-,-,-,-,-,-,-,-,-,-,-,-,-,-,-,-,-,-,-
37,r2,11, 1067141,"  104884:	e3403011 	movt	r3, #17
",r3,25, 1067141,"  104884:	e3403011 	movt	r3, #17
",r3,22, 1067141,"  104884:	e3403011 	movt	r3, #17
",SDC, 687, 227, 3882, 2, 3002, 872, 1, 324, 504, 12, 241, 46004, 293, 3, 237, 4783, 11704, 418, 11, 32371, 7838, 11761, 0, 0, 26, 3163, 3185, 3906, 34, 0, 0, 19, 23, 138, 2, 46020, 37724, 41296, 1, 0, 0, 316
38,r2,30, 1083058,"  1086b0:	e7933100 	ldr	r3, [r3, r0, lsl #2]
",r1,29, 1083058,"  1086b0:	e7933100 	ldr	r3, [r3, r0, lsl #2]
",r0,3, 1083058,"  1086b0:	e7933100 	ldr	r3, [r3, r0, lsl #2]
",crash/hangs,-,-,-,-,-,-,-,-,-,-,-,-,-,-,-,-,-,-,-,-,-,-,-,-,-,-,-,-,-,-,-,-,-,-,-,-,-,-,-,-,-,-
39,r3,15, 1064461,"  103e0c:	e50b3008 	str	r3, [fp, #-8]
",r1,7, 1064461,"  103e0c:	e50b3008 	str	r3, [fp, #-8]
",r2,14, 1064461,"  103e0c:	e50b3008 	str	r3, [fp, #-8]
",crash/hangs,-,-,-,-,-,-,-,-,-,-,-,-,-,-,-,-,-,-,-,-,-,-,-,-,-,-,-,-,-,-,-,-,-,-,-,-,-,-,-,-,-,-
40,r2,2, 1075015,"  106744:	e3403011 	movt	r3, #17
",r3,4, 1075015,"  106744:	e3403011 	movt	r3, #17
",r1,22, 1075015,"  106744:	e3403011 	movt	r3, #17
",crash/hangs,-,-,-,-,-,-,-,-,-,-,-,-,-,-,-,-,-,-,-,-,-,-,-,-,-,-,-,-,-,-,-,-,-,-,-,-,-,-,-,-,-,-
41,r3,13, 1070071,"  1053f4:	e2800c01 	add	r0, r0, #256	; 0x100
",r3,5, 1070071,"  1053f4:	e2800c01 	add	r0, r0, #256	; 0x100
",r2,22, 1070071,"  1053f4:	e2800c01 	add	r0, r0, #256	; 0x100
",SDC, 777, 226, 3894, 3, 2994, 867, 1, 324, 503, 12, 233, 46468, 293, 3, 235, 4275, 11814, 500, 13, 32566, 8075, 11781, 0, 0, 26, 3178, 3186, 3922, 38, 0, 0, 19, 23, 229, 7, 46259, 37768, 41316, 2, 0, 0, 316
42,r1,22, 1066976,"  1047e0:	e6ef3073 	uxtb	r3, r3
",r1,14, 1066976,"  1047e0:	e6ef3073 	uxtb	r3, r3
",r2,1, 1066976,"  1047e0:	e6ef3073 	uxtb	r3, r3
",SDC, 658, 354, 3863, 4, 2959, 865, 1, 324, 504, 13, 233, 44549, 293, 3, 241, 4376, 11786, 418, 12, 31515, 7087, 11651, 0, 0, 26, 3172, 3194, 3928, 36, 0, 0, 17, 21, 125, 4, 45146, 36750, 40392, 1, 0, 0, 316
43,r3,17, 1074510,"  10654c:	e51b3008 	ldr	r3, [fp, #-8]
",r1,29, 1074510,"  10654c:	e51b3008 	ldr	r3, [fp, #-8]
",r2,6, 1074510,"  10654c:	e51b3008 	ldr	r3, [fp, #-8]
",crash/hangs,-,-,-,-,-,-,-,-,-,-,-,-,-,-,-,-,-,-,-,-,-,-,-,-,-,-,-,-,-,-,-,-,-,-,-,-,-,-,-,-,-,-
44,r0,15, 1063633,"  103ad0:	e1520003 	cmp	r2, r3
",r0,14, 1063633,"  103ad0:	e1520003 	cmp	r2, r3
",r2,22, 1063633,"  103ad0:	e1520003 	cmp	r2, r3
",crash/hangs,-,-,-,-,-,-,-,-,-,-,-,-,-,-,-,-,-,-,-,-,-,-,-,-,-,-,-,-,-,-,-,-,-,-,-,-,-,-,-,-,-,-
45,r3,5, 1079599,"  10792c:	e7933100 	ldr	r3, [r3, r0, lsl #2]
",r0,31, 1079599,"  10792c:	e7933100 	ldr	r3, [r3, r0, lsl #2]
",r2,20, 1079599,"  10792c:	e7933100 	ldr	r3, [r3, r0, lsl #2]
",crash/hangs,-,-,-,-,-,-,-,-,-,-,-,-,-,-,-,-,-,-,-,-,-,-,-,-,-,-,-,-,-,-,-,-,-,-,-,-,-,-,-,-,-,-
46,r1,9, 1064814,"  103f6c:	e5933000 	ldr	r3, [r3]
",r2,18, 1064814,"  103f6c:	e5933000 	ldr	r3, [r3]
",r3,20, 1064814,"  103f6c:	e5933000 	ldr	r3, [r3]
",crash/hangs,-,-,-,-,-,-,-,-,-,-,-,-,-,-,-,-,-,-,-,-,-,-,-,-,-,-,-,-,-,-,-,-,-,-,-,-,-,-,-,-,-,-
47,r3,28, 1072383,"  105cfc:	e3403011 	movt	r3, #17
",r2,28, 1072383,"  105cfc:	e3403011 	movt	r3, #17
",r3,18, 1072383,"  105cfc:	e3403011 	movt	r3, #17
",SDC, 846, 232, 3889, 2, 2997, 874, 1, 324, 504, 14, 242, 45858, 293, 3, 240, 3954, 11946, 408, 12, 32496, 8056, 11727, 0, 0, 26, 3231, 3235, 3918, 36, 0, 0, 19, 23, 137, 2, 46070, 37538, 41278, 1, 0, 0, 317
48,r1,8, 1064843,"  103f88:	e7933101 	ldr	r3, [r3, r1, lsl #2]
",r2,5, 1064843,"  103f88:	e7933101 	ldr	r3, [r3, r1, lsl #2]
",r2,0, 1064843,"  103f88:	e7933101 	ldr	r3, [r3, r1, lsl #2]
",crash/hangs,-,-,-,-,-,-,-,-,-,-,-,-,-,-,-,-,-,-,-,-,-,-,-,-,-,-,-,-,-,-,-,-,-,-,-,-,-,-,-,-,-,-
49,r1,3, 1079292,"  1077fc:	e7933100 	ldr	r3, [r3, r0, lsl #2]
",r3,13, 1079292,"  1077fc:	e7933100 	ldr	r3, [r3, r0, lsl #2]
",r1,22, 1079292,"  1077fc:	e7933100 	ldr	r3, [r3, r0, lsl #2]
",crash/hangs,-,-,-,-,-,-,-,-,-,-,-,-,-,-,-,-,-,-,-,-,-,-,-,-,-,-,-,-,-,-,-,-,-,-,-,-,-,-,-,-,-,-
50,r1,21, 1070762,"  1056a8:	e0233002 	eor	r3, r3, r2
",r3,6, 1070762,"  1056a8:	e0233002 	eor	r3, r3, r2
",r3,29, 1070762,"  1056a8:	e0233002 	eor	r3, r3, r2
",SDC, 800, 224, 3885, 2, 3003, 875, 1, 324, 504, 13, 239, 46128, 293, 3, 236, 4301, 11844, 601, 13, 32980, 8292, 11788, 0, 0, 26, 3163, 3196, 3938, 38, 0, 0, 19, 23, 128, 2, 46400, 37824, 41406, 1, 0, 0, 317
51,r2,17, 1063759,"  103b4c:	e283301c 	add	r3, r3, #28
",r3,21, 1063759,"  103b4c:	e283301c 	add	r3, r3, #28
",r0,5, 1063759,"  103b4c:	e283301c 	add	r3, r3, #28
",SDC, 687, 352, 3847, 2, 2942, 872, 1, 324, 503, 13, 236, 45545, 293, 3, 241, 4366, 11584, 419, 11, 32022, 7720, 11691, 0, 0, 26, 3191, 3151, 3924, 37, 0, 0, 17, 21, 134, 2, 45733, 37125, 40588, 1, 0, 0, 316
52,r3,10, 1079306,"  107808:	e50b3020 	str	r3, [fp, #-32]	; 0xffffffe0
",r2,26, 1079306,"  107808:	e50b3020 	str	r3, [fp, #-32]	; 0xffffffe0
",r2,0, 1079306,"  107808:	e50b3020 	str	r3, [fp, #-32]	; 0xffffffe0
",crash/hangs,-,-,-,-,-,-,-,-,-,-,-,-,-,-,-,-,-,-,-,-,-,-,-,-,-,-,-,-,-,-,-,-,-,-,-,-,-,-,-,-,-,-
53,r2,28, 1073874,"  1062d0:	e7933100 	ldr	r3, [r3, r0, lsl #2]
",r3,21, 1073874,"  1062d0:	e7933100 	ldr	r3, [r3, r0, lsl #2]
",r0,31, 1073874,"  1062d0:	e7933100 	ldr	r3, [r3, r0, lsl #2]
",SDC, 891, 222, 3858, 2, 2974, 856, 1, 336, 504, 13, 232, 46269, 293, 3, 236, 4497, 11516, 418, 18, 32938, 8460, 11680, 0, 0, 26, 3159, 3174, 3869, 34, 0, 0, 17, 21, 125, 2, 46330, 37702, 41243, 1, 0, 0, 317
54,r1,30, 1075187,"  1067f0:	e50b300c 	str	r3, [fp, #-12]
",r2,0, 1075187,"  1067f0:	e50b300c 	str	r3, [fp, #-12]
",r1,14, 1075187,"  1067f0:	e50b300c 	str	r3, [fp, #-12]
",crash/hangs,-,-,-,-,-,-,-,-,-,-,-,-,-,-,-,-,-,-,-,-,-,-,-,-,-,-,-,-,-,-,-,-,-,-,-,-,-,-,-,-,-,-
55,r0,16, 1067674,"  104a98:	e0211003 	eor	r1, r1, r3
",r0,20, 1067674,"  104a98:	e0211003 	eor	r1, r1, r3
",r2,25, 1067674,"  104a98:	e0211003 	eor	r1, r1, r3
",SDC, 700, 226, 3888, 2, 3006, 877, 1, 324, 503, 13, 235, 46179, 293, 3, 238, 4316, 11485, 538, 14, 32519, 7655, 11796, 0, 0, 26, 3179, 3163, 3919, 35, 0, 0, 17, 21, 125, 2, 46249, 37293, 40853, 1, 0, 0, 317
56,r1,27, 1067544,"  104a18:	e3403011 	movt	r3, #17
",r3,23, 1067544,"  104a18:	e3403011 	movt	r3, #17
",r2,5, 1067544,"  104a18:	e3403011 	movt	r3, #17
",SDC, 677, 357, 3866, 4, 2968, 867, 1, 324, 503, 13, 238, 44658, 293, 3, 244, 3916, 11566, 420, 14, 31441, 6971, 11672, 0, 0, 26, 3173, 3188, 3913, 33, 0, 0, 17, 21, 135, 4, 45194, 36573, 40081, 1, 0, 0, 317
57,r3,24, 1076507,"  106d18:	e3403011 	movt	r3, #17
",r0,22, 1076507,"  106d18:	e3403011 	movt	r3, #17
",r2,10, 1076507,"  106d18:	e3403011 	movt	r3, #17
",crash/hangs,-,-,-,-,-,-,-,-,-,-,-,-,-,-,-,-,-,-,-,-,-,-,-,-,-,-,-,-,-,-,-,-,-,-,-,-,-,-,-,-,-,-
58,r2,24, 1077783,"  107214:	e0233002 	eor	r3, r3, r2
",r0,7, 1077783,"  107214:	e0233002 	eor	r3, r3, r2
",r1,23, 1077783,"  107214:	e0233002 	eor	r3, r3, r2
",crash/hangs,-,-,-,-,-,-,-,-,-,-,-,-,-,-,-,-,-,-,-,-,-,-,-,-,-,-,-,-,-,-,-,-,-,-,-,-,-,-,-,-,-,-
59,r1,17, 1062371,"  1035e0:	e50b101c 	str	r1, [fp, #-28]	; 0xffffffe4
",r1,26, 1062371,"  1035e0:	e50b101c 	str	r1, [fp, #-28]	; 0xffffffe4
",r0,15, 1062371,"  1035e0:	e50b101c 	str	r1, [fp, #-28]	; 0xffffffe4
",SDC, 308, 26, 1950, 2, 1295, 659, 1, 314, 493, 13, 226, 26218, 282, 3, 37, 3215, 515, 408, 3, 18140, 6918, 5924, 0, 0, 26, 1216, 1360, 1998, 34, 0, 0, 19, 24, 137, 2, 26673, 17867, 21485, 1, 0, 0, 316
60,r0,29, 1077122,"  106f80:	e3403011 	movt	r3, #17
",r2,17, 1077122,"  106f80:	e3403011 	movt	r3, #17
",r0,31, 1077122,"  106f80:	e3403011 	movt	r3, #17
",crash/hangs,-,-,-,-,-,-,-,-,-,-,-,-,-,-,-,-,-,-,-,-,-,-,-,-,-,-,-,-,-,-,-,-,-,-,-,-,-,-,-,-,-,-
61,r0,19, 1063220,"  103934:	e6ef3073 	uxtb	r3, r3
",r3,15, 1063220,"  103934:	e6ef3073 	uxtb	r3, r3
",r0,18, 1063220,"  103934:	e6ef3073 	uxtb	r3, r3
",crash/hangs,-,-,-,-,-,-,-,-,-,-,-,-,-,-,-,-,-,-,-,-,-,-,-,-,-,-,-,-,-,-,-,-,-,-,-,-,-,-,-,-,-,-
62,r1,5, 1078541,"  10750c:	e0233002 	eor	r3, r3, r2
",r3,17, 1078541,"  10750c:	e0233002 	eor	r3, r3, r2
",r2,21, 1078541,"  10750c:	e0233002 	eor	r3, r3, r2
",crash/hangs,-,-,-,-,-,-,-,-,-,-,-,-,-,-,-,-,-,-,-,-,-,-,-,-,-,-,-,-,-,-,-,-,-,-,-,-,-,-,-,-,-,-
63,r2,25, 1066837,"  104754:	e51b3018 	ldr	r3, [fp, #-24]	; 0xffffffe8
",r0,16, 1066837,"  104754:	e51b3018 	ldr	r3, [fp, #-24]	; 0xffffffe8
",r3,21, 1066837,"  104754:	e51b3018 	ldr	r3, [fp, #-24]	; 0xffffffe8
",SDC, 670, 226, 3891, 2, 3000, 874, 1, 324, 503, 12, 236, 45155, 293, 3, 241, 3954, 11399, 418, 13, 32638, 7856, 11774, 0, 0, 26, 3186, 3179, 3928, 36, 0, 0, 19, 23, 127, 2, 45663, 37354, 40923, 1, 0, 0, 316
64,r1,29, 1080105,"  107b28:	e51b300c 	ldr	r3, [fp, #-12]
",r1,17, 1080105,"  107b28:	e51b300c 	ldr	r3, [fp, #-12]
",r1,5, 1080105,"  107b28:	e51b300c 	ldr	r3, [fp, #-12]
",crash/hangs,-,-,-,-,-,-,-,-,-,-,-,-,-,-,-,-,-,-,-,-,-,-,-,-,-,-,-,-,-,-,-,-,-,-,-,-,-,-,-,-,-,-
65,r3,19, 1076401,"  106cb0:	e0233001 	eor	r3, r3, r1
",r1,14, 1076401,"  106cb0:	e0233001 	eor	r3, r3, r1
",r1,19, 1076401,"  106cb0:	e0233001 	eor	r3, r3, r1
",crash/hangs,-,-,-,-,-,-,-,-,-,-,-,-,-,-,-,-,-,-,-,-,-,-,-,-,-,-,-,-,-,-,-,-,-,-,-,-,-,-,-,-,-,-
66,r3,26, 1064860,"  103f9c:	e6ef3073 	uxtb	r3, r3
",r0,2, 1064860,"  103f9c:	e6ef3073 	uxtb	r3, r3
",r1,29, 1064860,"  103f9c:	e6ef3073 	uxtb	r3, r3
",crash/hangs,-,-,-,-,-,-,-,-,-,-,-,-,-,-,-,-,-,-,-,-,-,-,-,-,-,-,-,-,-,-,-,-,-,-,-,-,-,-,-,-,-,-
67,r0,15, 1063990,"  103c34:	e51b3008 	ldr	r3, [fp, #-8]
",r0,7, 1063990,"  103c34:	e51b3008 	ldr	r3, [fp, #-8]
",r2,20, 1063990,"  103c34:	e51b3008 	ldr	r3, [fp, #-8]
",SDC, 626, 225, 3882, 2, 2983, 879, 1, 324, 503, 13, 231, 45690, 293, 3, 237, 4638, 11147, 409, 20, 31862, 7804, 11733, 0, 0, 26, 3199, 3125, 3915, 35, 0, 0, 17, 21, 125, 2, 45625, 37112, 40619, 1, 0, 0, 316
68,r0,30, 1077631,"  10717c:	e0233002 	eor	r3, r3, r2
",r2,1, 1077631,"  10717c:	e0233002 	eor	r3, r3, r2
",r1,31, 1077631,"  10717c:	e0233002 	eor	r3, r3, r2
",crash/hangs,-,-,-,-,-,-,-,-,-,-,-,-,-,-,-,-,-,-,-,-,-,-,-,-,-,-,-,-,-,-,-,-,-,-,-,-,-,-,-,-,-,-
69,r2,28, 1078587,"  107538:	e51b3024 	ldr	r3, [fp, #-36]	; 0xffffffdc
",r3,23, 1078587,"  107538:	e51b3024 	ldr	r3, [fp, #-36]	; 0xffffffdc
",r1,14, 1078587,"  107538:	e51b3024 	ldr	r3, [fp, #-36]	; 0xffffffdc
",crash/hangs,-,-,-,-,-,-,-,-,-,-,-,-,-,-,-,-,-,-,-,-,-,-,-,-,-,-,-,-,-,-,-,-,-,-,-,-,-,-,-,-,-,-
70,r3,28, 1077300,"  107034:	e1a00003 	mov	r0, r3
",r3,14, 1077300,"  107034:	e1a00003 	mov	r0, r3
",r3,7, 1077300,"  107034:	e1a00003 	mov	r0, r3
",crash/hangs,-,-,-,-,-,-,-,-,-,-,-,-,-,-,-,-,-,-,-,-,-,-,-,-,-,-,-,-,-,-,-,-,-,-,-,-,-,-,-,-,-,-
71,r0,17, 1076250,"  106c18:	e0233001 	eor	r3, r3, r1
",r2,24, 1076250,"  106c18:	e0233001 	eor	r3, r3, r1
",r0,21, 1076250,"  106c18:	e0233001 	eor	r3, r3, r1
",crash/hangs,-,-,-,-,-,-,-,-,-,-,-,-,-,-,-,-,-,-,-,-,-,-,-,-,-,-,-,-,-,-,-,-,-,-,-,-,-,-,-,-,-,-
72,r0,30, 1070258,"  1054b0:	e2800c02 	add	r0, r0, #512	; 0x200
",r3,6, 1070258,"  1054b0:	e2800c02 	add	r0, r0, #512	; 0x200
",r2,14, 1070258,"  1054b0:	e2800c02 	add	r0, r0, #512	; 0x200
",SDC, 783, 230, 3901, 3, 3000, 874, 1, 324, 504, 12, 234, 46034, 293, 3, 242, 4649, 11807, 512, 15, 32758, 7777, 11742, 0, 0, 26, 3175, 3194, 3919, 34, 0, 0, 17, 22, 219, 6, 46941, 37950, 41488, 2, 0, 0, 317
73,r3,8, 1081929,"  108248:	e51b301c 	ldr	r3, [fp, #-28]	; 0xffffffe4
",r2,23, 1081929,"  108248:	e51b301c 	ldr	r3, [fp, #-28]	; 0xffffffe4
",r1,2, 1081929,"  108248:	e51b301c 	ldr	r3, [fp, #-28]	; 0xffffffe4
",crash/hangs,-,-,-,-,-,-,-,-,-,-,-,-,-,-,-,-,-,-,-,-,-,-,-,-,-,-,-,-,-,-,-,-,-,-,-,-,-,-,-,-,-,-
74,r3,31, 1077086,"  106f5c:	e3403011 	movt	r3, #17
",r1,2, 1077086,"  106f5c:	e3403011 	movt	r3, #17
",r3,14, 1077086,"  106f5c:	e3403011 	movt	r3, #17
",crash/hangs,-,-,-,-,-,-,-,-,-,-,-,-,-,-,-,-,-,-,-,-,-,-,-,-,-,-,-,-,-,-,-,-,-,-,-,-,-,-,-,-,-,-
75,r2,27, 1069321,"  105108:	e51b3014 	ldr	r3, [fp, #-20]	; 0xffffffec
",r0,25, 1069321,"  105108:	e51b3014 	ldr	r3, [fp, #-20]	; 0xffffffec
",r2,21, 1069321,"  105108:	e51b3014 	ldr	r3, [fp, #-20]	; 0xffffffec
",SDC, 748, 223, 3877, 2, 3005, 877, 1, 324, 503, 13, 242, 45792, 293, 3, 238, 4291, 11675, 418, 19, 32148, 7445, 11795, 0, 0, 26, 3172, 3171, 3921, 35, 0, 0, 19, 24, 136, 2, 46114, 37589, 41152, 1, 0, 0, 316
76,r1,27, 1080994,"  107ea0:	e51b3020 	ldr	r3, [fp, #-32]	; 0xffffffe0
",r3,25, 1080994,"  107ea0:	e51b3020 	ldr	r3, [fp, #-32]	; 0xffffffe0
",r2,24, 1080994,"  107ea0:	e51b3020 	ldr	r3, [fp, #-32]	; 0xffffffe0
",crash/hangs,-,-,-,-,-,-,-,-,-,-,-,-,-,-,-,-,-,-,-,-,-,-,-,-,-,-,-,-,-,-,-,-,-,-,-,-,-,-,-,-,-,-
77,r0,31, 1062716,"  10373c:	e5933000 	ldr	r3, [r3]
",r0,17, 1062716,"  10373c:	e5933000 	ldr	r3, [r3]
",r1,2, 1062716,"  10373c:	e5933000 	ldr	r3, [r3]
",benign, 517, 226, 3821, 4, 2947, 853, 1, 340, 504, 13, 220, 43920, 294, 3, 235, 3913, 11502, 410, 16, 30605, 6442, 11492, 0, 0, 26, 3183, 3130, 3819, 36, 0, 0, 19, 23, 127, 5, 44432, 35838, 39358, 1, 0, 0, 316
78,r3,19, 1083070,"  1086bc:	e1a03c23 	lsr	r3, r3, #24
",r3,4, 1083070,"  1086bc:	e1a03c23 	lsr	r3, r3, #24
",r3,12, 1083070,"  1086bc:	e1a03c23 	lsr	r3, r3, #24
",crash/hangs,-,-,-,-,-,-,-,-,-,-,-,-,-,-,-,-,-,-,-,-,-,-,-,-,-,-,-,-,-,-,-,-,-,-,-,-,-,-,-,-,-,-
79,r3,9, 1075489,"  106920:	e50b3024 	str	r3, [fp, #-36]	; 0xffffffdc
",r3,24, 1075489,"  106920:	e50b3024 	str	r3, [fp, #-36]	; 0xffffffdc
",r2,13, 1075489,"  106920:	e50b3024 	str	r3, [fp, #-36]	; 0xffffffdc
",crash/hangs,-,-,-,-,-,-,-,-,-,-,-,-,-,-,-,-,-,-,-,-,-,-,-,-,-,-,-,-,-,-,-,-,-,-,-,-,-,-,-,-,-,-
80,r1,8, 1062548,"  103694:	e6af3073 	sxtb	r3, r3
",r0,10, 1062548,"  103694:	e6af3073 	sxtb	r3, r3
",r2,4, 1062548,"  103694:	e6af3073 	sxtb	r3, r3
",benign, 520, 227, 3828, 4, 2950, 852, 1, 340, 504, 13, 223, 44902, 294, 3, 239, 4141, 11772, 409, 13, 31732, 6965, 11455, 0, 0, 26, 3186, 3123, 3830, 38, 0, 0, 19, 23, 127, 4, 45078, 36744, 40279, 1, 0, 0, 317
81,r2,7, 1074502,"  106544:	e283300c 	add	r3, r3, #12
",r3,4, 1074502,"  106544:	e283300c 	add	r3, r3, #12
",r1,4, 1074502,"  106544:	e283300c 	add	r3, r3, #12
",crash/hangs,-,-,-,-,-,-,-,-,-,-,-,-,-,-,-,-,-,-,-,-,-,-,-,-,-,-,-,-,-,-,-,-,-,-,-,-,-,-,-,-,-,-
82,r1,26, 1071467,"  105968:	e30b3cc0 	movw	r3, #48320	; 0xbcc0
",r2,9, 1071467,"  105968:	e30b3cc0 	movw	r3, #48320	; 0xbcc0
",r2,19, 1071467,"  105968:	e30b3cc0 	movw	r3, #48320	; 0xbcc0
",SDC, 818, 225, 3896, 2, 2994, 870, 1, 324, 504, 12, 232, 45058, 293, 3, 235, 4460, 11274, 418, 11, 31873, 7523, 11722, 0, 0, 26, 3183, 3166, 3927, 36, 0, 0, 17, 21, 125, 2, 45815, 36646, 40152, 1, 0, 0, 317
83,r0,18, 1074474,"  106528:	e5932000 	ldr	r2, [r3]
",r2,31, 1074474,"  106528:	e5932000 	ldr	r2, [r3]
",r1,0, 1074474,"  106528:	e5932000 	ldr	r2, [r3]
",crash/hangs,-,-,-,-,-,-,-,-,-,-,-,-,-,-,-,-,-,-,-,-,-,-,-,-,-,-,-,-,-,-,-,-,-,-,-,-,-,-,-,-,-,-
84,r2,27, 1066299,"  104538:	e0211003 	eor	r1, r1, r3
",r0,21, 1066299,"  104538:	e0211003 	eor	r1, r1, r3
",r1,9, 1066299,"  104538:	e0211003 	eor	r1, r1, r3
",SDC, 659, 226, 3887, 2, 3009, 877, 1, 324, 503, 12, 232, 45038, 293, 3, 233, 4713, 11013, 419, 12, 31661, 8403, 11750, 0, 0, 26, 3206, 3171, 3935, 35, 0, 0, 17, 21, 135, 2, 45283, 37107, 40871, 1, 0, 0, 372
85,r3,17, 1065973,"  1043f4:	e1a00003 	mov	r0, r3
",r1,13, 1065973,"  1043f4:	e1a00003 	mov	r0, r3
",r3,29, 1065973,"  1043f4:	e1a00003 	mov	r0, r3
",SDC, 719, 1299, 3877, 2, 2968, 867, 1, 324, 504, 13, 233, 45614, 293, 3, 240, 4155, 12129, 419, 12, 32405, 7636, 11734, 0, 0, 26, 3154, 3194, 3923, 34, 0, 0, 17, 21, 126, 2, 46137, 37440, 41021, 1, 0, 0, 316
86,r1,3, 1082473,"  108468:	e30c3cc0 	movw	r3, #52416	; 0xccc0
",r2,30, 1082473,"  108468:	e30c3cc0 	movw	r3, #52416	; 0xccc0
",r3,9, 1082473,"  108468:	e30c3cc0 	movw	r3, #52416	; 0xccc0
",crash/hangs,-,-,-,-,-,-,-,-,-,-,-,-,-,-,-,-,-,-,-,-,-,-,-,-,-,-,-,-,-,-,-,-,-,-,-,-,-,-,-,-,-,-
87,r0,0, 1068586,"  104e28:	e2800c02 	add	r0, r0, #512	; 0x200
",r3,9, 1068586,"  104e28:	e2800c02 	add	r0, r0, #512	; 0x200
",r2,29, 1068586,"  104e28:	e2800c02 	add	r0, r0, #512	; 0x200
",SDC, 730, 224, 3882, 3, 2993, 871, 1, 324, 503, 13, 242, 45456, 293, 3, 243, 4177, 12236, 410, 15, 32594, 8125, 11713, 0, 0, 26, 3177, 3171, 3914, 36, 0, 0, 19, 23, 130, 6, 46219, 37509, 41048, 2, 0, 0, 317
88,r2,22, 1080684,"  107d6c:	e5932000 	ldr	r2, [r3]
",r2,21, 1080684,"  107d6c:	e5932000 	ldr	r2, [r3]
",r1,13, 1080684,"  107d6c:	e5932000 	ldr	r2, [r3]
",crash/hangs,-,-,-,-,-,-,-,-,-,-,-,-,-,-,-,-,-,-,-,-,-,-,-,-,-,-,-,-,-,-,-,-,-,-,-,-,-,-,-,-,-,-
89,r1,7, 1066662,"  1046a4:	e51b3010 	ldr	r3, [fp, #-16]
",r0,27, 1066662,"  1046a4:	e51b3010 	ldr	r3, [fp, #-16]
",r2,16, 1066662,"  1046a4:	e51b3010 	ldr	r3, [fp, #-16]
",SDC, 675, 227, 3883, 2, 2984, 870, 1, 324, 503, 13, 233, 45874, 293, 3, 236, 4563, 11523, 418, 12, 32863, 7853, 11737, 0, 0, 26, 3170, 3193, 3918, 35, 0, 0, 17, 21, 136, 2, 46556, 37790, 41569, 1, 0, 0, 317
90,r0,29, 1075452,"  1068fc:	e1a03c23 	lsr	r3, r3, #24
",r0,6, 1075452,"  1068fc:	e1a03c23 	lsr	r3, r3, #24
",r1,11, 1075452,"  1068fc:	e1a03c23 	lsr	r3, r3, #24
",crash/hangs,-,-,-,-,-,-,-,-,-,-,-,-,-,-,-,-,-,-,-,-,-,-,-,-,-,-,-,-,-,-,-,-,-,-,-,-,-,-,-,-,-,-
91,r1,13, 1070573,"  1055ec:	e51b3010 	ldr	r3, [fp, #-16]
",r3,17, 1070573,"  1055ec:	e51b3010 	ldr	r3, [fp, #-16]
",r1,11, 1070573,"  1055ec:	e51b3010 	ldr	r3, [fp, #-16]
",SDC, 789, 228, 3892, 2, 2994, 873, 1, 324, 503, 13, 233, 45471, 293, 3, 240, 4437, 11490, 419, 12, 32357, 7929, 11780, 0, 0, 26, 3170, 3184, 3925, 36, 0, 0, 19, 23, 137, 2, 45920, 37404, 41145, 1, 0, 0, 316
92,r1,9, 1080231,"  107ba4:	e5932000 	ldr	r2, [r3]
",r1,19, 1080231,"  107ba4:	e5932000 	ldr	r2, [r3]
",r1,0, 1080231,"  107ba4:	e5932000 	ldr	r2, [r3]
",crash/hangs,-,-,-,-,-,-,-,-,-,-,-,-,-,-,-,-,-,-,-,-,-,-,-,-,-,-,-,-,-,-,-,-,-,-,-,-,-,-,-,-,-,-
93,r0,11, 1080170,"  107b68:	e7933100 	ldr	r3, [r3, r0, lsl #2]
",r3,5, 1080170,"  107b68:	e7933100 	ldr	r3, [r3, r0, lsl #2]
",r3,8, 1080170,"  107b68:	e7933100 	ldr	r3, [r3, r0, lsl #2]
",crash/hangs,-,-,-,-,-,-,-,-,-,-,-,-,-,-,-,-,-,-,-,-,-,-,-,-,-,-,-,-,-,-,-,-,-,-,-,-,-,-,-,-,-,-
94,r3,10, 1070858,"  105708:	e30b3cc0 	movw	r3, #48320	; 0xbcc0
",r2,15, 1070858,"  105708:	e30b3cc0 	movw	r3, #48320	; 0xbcc0
",r1,6, 1070858,"  105708:	e30b3cc0 	movw	r3, #48320	; 0xbcc0
",SDC, 800, 223, 3883, 2, 2990, 872, 1, 324, 503, 13, 239, 46047, 293, 3, 237, 4311, 12346, 417, 11, 33160, 8018, 11789, 0, 0, 26, 3189, 3155, 3928, 36, 0, 0, 19, 23, 127, 2, 46407, 37921, 41637, 1, 0, 0, 316
95,r2,0, 1063817,"  103b88:	e1a00003 	mov	r0, r3
",r1,3, 1063817,"  103b88:	e1a00003 	mov	r0, r3
",r1,12, 1063817,"  103b88:	e1a00003 	mov	r0, r3
",SDC, 698, 350, 3856, 2, 2948, 871, 1, 324, 504, 11, 228, 45290, 293, 3, 232, 4537, 10846, 410, 10, 32068, 8151, 11667, 0, 0, 26, 3196, 3139, 3918, 39, 0, 0, 17, 21, 135, 2, 45781, 37241, 40694, 1, 0, 0, 317
96,r3,15, 1065610,"  104288:	e5933000 	ldr	r3, [r3]
",r1,24, 1065610,"  104288:	e5933000 	ldr	r3, [r3]
",r3,31, 1065610,"  104288:	e5933000 	ldr	r3, [r3]
",SDC, 702, 353, 3858, 2, 2954, 863, 1, 324, 503, 14, 243, 46303, 293, 3, 239, 4692, 11860, 453, 13, 32801, 7692, 11715, 0, 0, 26, 3177, 3172, 3933, 36, 0, 0, 19, 23, 134, 2, 46654, 37805, 41530, 1, 0, 0, 317
97,r3,7, 1082824,"  1085c8:	e1a01003 	mov	r1, r3
",r2,31, 1082824,"  1085c8:	e1a01003 	mov	r1, r3
",r1,11, 1082824,"  1085c8:	e1a01003 	mov	r1, r3
",crash/hangs,-,-,-,-,-,-,-,-,-,-,-,-,-,-,-,-,-,-,-,-,-,-,-,-,-,-,-,-,-,-,-,-,-,-,-,-,-,-,-,-,-,-
98,r0,3, 1082570,"  1084c8:	e0211003 	eor	r1, r1, r3
",r0,31, 1082570,"  1084c8:	e0211003 	eor	r1, r1, r3
",r3,31, 1082570,"  1084c8:	e0211003 	eor	r1, r1, r3
",crash/hangs,-,-,-,-,-,-,-,-,-,-,-,-,-,-,-,-,-,-,-,-,-,-,-,-,-,-,-,-,-,-,-,-,-,-,-,-,-,-,-,-,-,-
99,r3,25, 1062844,"  1037bc:	e5933000 	ldr	r3, [r3]
",r0,22, 1062844,"  1037bc:	e5933000 	ldr	r3, [r3]
",r2,15, 1062844,"  1037bc:	e5933000 	ldr	r3, [r3]
",crash/hangs,-,-,-,-,-,-,-,-,-,-,-,-,-,-,-,-,-,-,-,-,-,-,-,-,-,-,-,-,-,-,-,-,-,-,-,-,-,-,-,-,-,-
100,r0,12, 1069577,"  105208:	e30b3cc0 	movw	r3, #48320	; 0xbcc0
",r3,5, 1069577,"  105208:	e30b3cc0 	movw	r3, #48320	; 0xbcc0
",r2,0, 1069577,"  105208:	e30b3cc0 	movw	r3, #48320	; 0xbcc0
",SDC, 755, 222, 3893, 2, 3027, 884, 1, 325, 503, 13, 237, 46124, 293, 3, 235, 4597, 11611, 410, 17, 32946, 8306, 11856, 0, 0, 26, 3228, 3161, 3972, 37, 0, 0, 17, 21, 135, 2, 46740, 38083, 41719, 1, 0, 0, 316
101,r3,2, 1069708,"  10528c:	e2833028 	add	r3, r3, #40	; 0x28
",r0,11, 1069708,"  10528c:	e2833028 	add	r3, r3, #40	; 0x28
",r1,11, 1069708,"  10528c:	e2833028 	add	r3, r3, #40	; 0x28
",crash/hangs,-,-,-,-,-,-,-,-,-,-,-,-,-,-,-,-,-,-,-,-,-,-,-,-,-,-,-,-,-,-,-,-,-,-,-,-,-,-,-,-,-,-
102,r0,23, 1071255,"  105894:	e3403011 	movt	r3, #17
",r0,7, 1071255,"  105894:	e3403011 	movt	r3, #17
",r3,19, 1071255,"  105894:	e3403011 	movt	r3, #17
",SDC, 812, 230, 3878, 2, 2998, 876, 1, 324, 504, 12, 230, 45854, 293, 3, 243, 4405, 11484, 409, 18, 32505, 8131, 11723, 0, 0, 26, 3173, 3181, 3932, 37, 0, 0, 17, 21, 144, 2, 45975, 37830, 41395, 1, 0, 0, 317
103,r2,4, 1069505,"  1051c0:	e0211003 	eor	r1, r1, r3
",r0,23, 1069505,"  1051c0:	e0211003 	eor	r1, r1, r3
",r2,0, 1069505,"  1051c0:	e0211003 	eor	r1, r1, r3
",SDC, 825, 348, 3845, 2, 2956, 872, 1, 324, 504, 13, 241, 45697, 293, 3, 236, 4401, 12085, 428, 15, 32690, 7789, 11786, 0, 0, 26, 3154, 3187, 3926, 35, 0, 0, 17, 21, 125, 2, 46653, 37759, 41316, 1, 0, 0, 317
104,r3,30, 1063623,"  103ac4:	e50b3008 	str	r3, [fp, #-8]
",r1,21, 1063623,"  103ac4:	e50b3008 	str	r3, [fp, #-8]
",r2,20, 1063623,"  103ac4:	e50b3008 	str	r3, [fp, #-8]
",crash/hangs,-,-,-,-,-,-,-,-,-,-,-,-,-,-,-,-,-,-,-,-,-,-,-,-,-,-,-,-,-,-,-,-,-,-,-,-,-,-,-,-,-,-
105,r2,7, 1078679,"  107594:	e3403011 	movt	r3, #17
",r1,14, 1078679,"  107594:	e3403011 	movt	r3, #17
",r1,24, 1078679,"  107594:	e3403011 	movt	r3, #17
",crash/hangs,-,-,-,-,-,-,-,-,-,-,-,-,-,-,-,-,-,-,-,-,-,-,-,-,-,-,-,-,-,-,-,-,-,-,-,-,-,-,-,-,-,-
106,r1,7, 1071180,"  10584c:	e51b3020 	ldr	r3, [fp, #-32]	; 0xffffffe0
",r0,26, 1071180,"  10584c:	e51b3020 	ldr	r3, [fp, #-32]	; 0xffffffe0
",r1,7, 1071180,"  10584c:	e51b3020 	ldr	r3, [fp, #-32]	; 0xffffffe0
",SDC, 714, 221, 3892, 4, 2994, 869, 1, 324, 503, 12, 239, 45466, 293, 3, 236, 4782, 12126, 419, 14, 31772, 6688, 11684, 0, 0, 26, 3185, 3164, 3921, 36, 0, 0, 19, 23, 137, 4, 45734, 36919, 40515, 1, 0, 0, 316
107,r3,6, 1080082,"  107b10:	e51b3018 	ldr	r3, [fp, #-24]	; 0xffffffe8
",r0,3, 1080082,"  107b10:	e51b3018 	ldr	r3, [fp, #-24]	; 0xffffffe8
",r2,1, 1080082,"  107b10:	e51b3018 	ldr	r3, [fp, #-24]	; 0xffffffe8
",crash/hangs,-,-,-,-,-,-,-,-,-,-,-,-,-,-,-,-,-,-,-,-,-,-,-,-,-,-,-,-,-,-,-,-,-,-,-,-,-,-,-,-,-,-
108,r2,10, 1082057,"  1082c8:	e51b3024 	ldr	r3, [fp, #-36]	; 0xffffffdc
",r3,9, 1082057,"  1082c8:	e51b3024 	ldr	r3, [fp, #-36]	; 0xffffffdc
",r3,19, 1082057,"  1082c8:	e51b3024 	ldr	r3, [fp, #-36]	; 0xffffffdc
",crash/hangs,-,-,-,-,-,-,-,-,-,-,-,-,-,-,-,-,-,-,-,-,-,-,-,-,-,-,-,-,-,-,-,-,-,-,-,-,-,-,-,-,-,-
109,r2,21, 1082166,"  108334:	e1a00003 	mov	r0, r3
",r0,12, 1082166,"  108334:	e1a00003 	mov	r0, r3
",r3,11, 1082166,"  108334:	e1a00003 	mov	r0, r3
",crash/hangs,-,-,-,-,-,-,-,-,-,-,-,-,-,-,-,-,-,-,-,-,-,-,-,-,-,-,-,-,-,-,-,-,-,-,-,-,-,-,-,-,-,-
110,r0,8, 1073721,"  106238:	e7933100 	ldr	r3, [r3, r0, lsl #2]
",r1,2, 1073721,"  106238:	e7933100 	ldr	r3, [r3, r0, lsl #2]
",r1,19, 1073721,"  106238:	e7933100 	ldr	r3, [r3, r0, lsl #2]
",SDC, 890, 230, 3865, 3, 2976, 854, 1, 336, 503, 12, 231, 46491, 293, 3, 246, 4290, 12044, 508, 10, 33191, 7964, 11687, 0, 0, 26, 3163, 3177, 3873, 35, 0, 0, 17, 21, 227, 6, 47068, 38403, 41978, 2, 0, 0, 317
111,r2,0, 1079447,"  107894:	e7933100 	ldr	r3, [r3, r0, lsl #2]
",r3,11, 1079447,"  107894:	e7933100 	ldr	r3, [r3, r0, lsl #2]
",r3,23, 1079447,"  107894:	e7933100 	ldr	r3, [r3, r0, lsl #2]
",crash/hangs,-,-,-,-,-,-,-,-,-,-,-,-,-,-,-,-,-,-,-,-,-,-,-,-,-,-,-,-,-,-,-,-,-,-,-,-,-,-,-,-,-,-
112,r2,14, 1067030,"  104814:	e0211003 	eor	r1, r1, r3
",r1,13, 1067030,"  104814:	e0211003 	eor	r1, r1, r3
",r1,9, 1067030,"  104814:	e0211003 	eor	r1, r1, r3
",SDC, 680, 219, 3896, 2, 2999, 873, 1, 324, 503, 13, 241, 44994, 293, 3, 241, 4285, 11284, 409, 13, 31996, 7840, 11742, 0, 0, 26, 3187, 3187, 3919, 37, 0, 0, 17, 22, 135, 2, 45326, 37214, 40780, 1, 0, 0, 317
113,r2,4, 1073779,"  106270:	e1a00003 	mov	r0, r3
",r2,20, 1073779,"  106270:	e1a00003 	mov	r0, r3
",r1,9, 1073779,"  106270:	e1a00003 	mov	r0, r3
",SDC, 971, 355, 3818, 2, 2940, 854, 1, 336, 503, 13, 229, 45139, 293, 3, 245, 3929, 11915, 409, 15, 33134, 7633, 11677, 0, 0, 26, 3199, 3136, 3860, 34, 0, 0, 19, 24, 127, 2, 45817, 37462, 41177, 1, 0, 0, 317
114,r0,16, 1062912,"  103800:	e2800c02 	add	r0, r0, #512	; 0x200
",r2,21, 1062912,"  103800:	e2800c02 	add	r0, r0, #512	; 0x200
",r3,25, 1062912,"  103800:	e2800c02 	add	r0, r0, #512	; 0x200
",crash/hangs,-,-,-,-,-,-,-,-,-,-,-,-,-,-,-,-,-,-,-,-,-,-,-,-,-,-,-,-,-,-,-,-,-,-,-,-,-,-,-,-,-,-
115,r2,7, 1071087,"  1057ec:	e51b301c 	ldr	r3, [fp, #-28]	; 0xffffffe4
",r2,23, 1071087,"  1057ec:	e51b301c 	ldr	r3, [fp, #-28]	; 0xffffffe4
",r0,12, 1071087,"  1057ec:	e51b301c 	ldr	r3, [fp, #-28]	; 0xffffffe4
",SDC, 811, 233, 3896, 2, 2997, 872, 1, 324, 504, 13, 245, 45874, 293, 3, 240, 4826, 11498, 428, 17, 32613, 8232, 11738, 0, 0, 26, 3204, 3137, 3921, 34, 0, 0, 17, 21, 125, 2, 45993, 37456, 41045, 1, 0, 0, 317
116,r1,10, 1075650,"  1069c0:	e283301c 	add	r3, r3, #28
",r2,23, 1075650,"  1069c0:	e283301c 	add	r3, r3, #28
",r2,12, 1075650,"  1069c0:	e283301c 	add	r3, r3, #28
",crash/hangs,-,-,-,-,-,-,-,-,-,-,-,-,-,-,-,-,-,-,-,-,-,-,-,-,-,-,-,-,-,-,-,-,-,-,-,-,-,-,-,-,-,-
117,r3,30, 1063779,"  103b60:	e30d3cc0 	movw	r3, #56512	; 0xdcc0
",r3,16, 1063779,"  103b60:	e30d3cc0 	movw	r3, #56512	; 0xdcc0
",r2,13, 1063779,"  103b60:	e30d3cc0 	movw	r3, #56512	; 0xdcc0
",SDC, 620, 224, 3883, 2, 2983, 874, 1, 324, 503, 13, 228, 44980, 293, 3, 238, 3865, 11322, 409, 11, 31965, 7584, 11709, 0, 0, 26, 3175, 3164, 3907, 36, 0, 0, 17, 21, 126, 2, 45608, 37348, 40853, 1, 0, 0, 317
118,r0,14, 1075312,"  106870:	e30c3cc0 	movw	r3, #52416	; 0xccc0
",r3,5, 1075312,"  106870:	e30c3cc0 	movw	r3, #52416	; 0xccc0
",r0,23, 1075312,"  106870:	e30c3cc0 	movw	r3, #52416	; 0xccc0
",crash/hangs,-,-,-,-,-,-,-,-,-,-,-,-,-,-,-,-,-,-,-,-,-,-,-,-,-,-,-,-,-,-,-,-,-,-,-,-,-,-,-,-,-,-
119,r2,8, 1083010,"  108680:	e30e3cc0 	movw	r3, #60608	; 0xecc0
",r2,3, 1083010,"  108680:	e30e3cc0 	movw	r3, #60608	; 0xecc0
",r3,12, 1083010,"  108680:	e30e3cc0 	movw	r3, #60608	; 0xecc0
",crash/hangs,-,-,-,-,-,-,-,-,-,-,-,-,-,-,-,-,-,-,-,-,-,-,-,-,-,-,-,-,-,-,-,-,-,-,-,-,-,-,-,-,-,-
120,r0,30, 1070302,"  1054dc:	e0233001 	eor	r3, r3, r1
",r1,0, 1070302,"  1054dc:	e0233001 	eor	r3, r3, r1
",r2,0, 1070302,"  1054dc:	e0233001 	eor	r3, r3, r1
",benign, 778, 219, 3847, 2, 2961, 847, 1, 340, 505, 12, 223, 45067, 294, 3, 229, 4824, 10806, 408, 11, 31658, 8051, 11647, 0, 0, 26, 3121, 3189, 3836, 35, 0, 0, 19, 23, 127, 2, 45753, 37147, 40699, 1, 0, 0, 316
121,r1,11, 1065380,"  1041a4:	e5832000 	str	r2, [r3]
",r2,14, 1065380,"  1041a4:	e5832000 	str	r2, [r3]
",r2,3, 1065380,"  1041a4:	e5832000 	str	r2, [r3]
",crash/hangs,-,-,-,-,-,-,-,-,-,-,-,-,-,-,-,-,-,-,-,-,-,-,-,-,-,-,-,-,-,-,-,-,-,-,-,-,-,-,-,-,-,-
122,r1,25, 1069477,"  1051a4:	e1a03823 	lsr	r3, r3, #16
",r3,17, 1069477,"  1051a4:	e1a03823 	lsr	r3, r3, #16
",r3,2, 1069477,"  1051a4:	e1a03823 	lsr	r3, r3, #16
",SDC, 759, 223, 3888, 2, 2997, 875, 1, 324, 503, 13, 232, 45884, 293, 3, 231, 4426, 11575, 408, 12, 32359, 7890, 11748, 0, 0, 26, 3238, 3226, 3912, 33, 0, 0, 19, 23, 127, 2, 46473, 37639, 41373, 1, 0, 0, 316
123,r3,19, 1063672,"  103af8:	e583201c 	str	r2, [r3, #28]
",r0,6, 1063672,"  103af8:	e583201c 	str	r2, [r3, #28]
",r2,29, 1063672,"  103af8:	e583201c 	str	r2, [r3, #28]
",SDC, 595, 357, 3844, 4, 2941, 870, 1, 324, 503, 13, 231, 44807, 293, 3, 249, 4485, 11532, 410, 14, 31634, 7262, 11626, 0, 0, 26, 3210, 3116, 3915, 34, 0, 0, 17, 21, 332, 8, 45259, 36480, 39962, 1, 0, 0, 316
124,r2,11, 1066965,"  1047d4:	e51b3008 	ldr	r3, [fp, #-8]
",r2,16, 1066965,"  1047d4:	e51b3008 	ldr	r3, [fp, #-8]
",r2,17, 1066965,"  1047d4:	e51b3008 	ldr	r3, [fp, #-8]
",benign, 748, 350, 3808, 2, 2921, 840, 1, 340, 505, 13, 228, 46049, 294, 3, 242, 4586, 11870, 418, 9, 32321, 8199, 11550, 0, 0, 26, 3178, 3129, 3843, 35, 0, 0, 19, 23, 127, 2, 46195, 37835, 41354, 1, 0, 0, 317
125,r3,11, 1071266,"  1058a0:	e1a03423 	lsr	r3, r3, #8
",r1,3, 1071266,"  1058a0:	e1a03423 	lsr	r3, r3, #8
",r3,19, 1071266,"  1058a0:	e1a03423 	lsr	r3, r3, #8
",SDC, 884, 348, 3859, 2, 2961, 869, 1, 324, 503, 12, 231, 44777, 293, 3, 233, 4915, 11305, 427, 9, 31987, 8290, 11685, 0, 0, 26, 3219, 3149, 3923, 36, 0, 0, 17, 21, 126, 2, 46140, 36948, 40514, 1, 0, 0, 316
126,r3,8, 1074360,"  1064b8:	e50b1034 	str	r1, [fp, #-52]	; 0xffffffcc
",r0,21, 1074360,"  1064b8:	e50b1034 	str	r1, [fp, #-52]	; 0xffffffcc
",r2,13, 1074360,"  1064b8:	e50b1034 	str	r1, [fp, #-52]	; 0xffffffcc
",crash/hangs,-,-,-,-,-,-,-,-,-,-,-,-,-,-,-,-,-,-,-,-,-,-,-,-,-,-,-,-,-,-,-,-,-,-,-,-,-,-,-,-,-,-
127,r3,24, 1069038,"  104fec:	e3403011 	movt	r3, #17
",r1,7, 1069038,"  104fec:	e3403011 	movt	r3, #17
",r0,21, 1069038,"  104fec:	e3403011 	movt	r3, #17
",SDC, 748, 229, 3888, 2, 2992, 872, 1, 324, 504, 13, 235, 45698, 293, 3, 234, 4364, 11717, 409, 13, 32220, 7873, 11780, 0, 0, 26, 3193, 3175, 3919, 36, 0, 0, 17, 21, 125, 2, 45811, 37543, 41073, 1, 0, 0, 317
128,r1,25, 1068307,"  104d10:	e1a00003 	mov	r0, r3
",r2,26, 1068307,"  104d10:	e1a00003 	mov	r0, r3
",r2,10, 1068307,"  104d10:	e1a00003 	mov	r0, r3
",SDC, 782, 1219, 3884, 2, 2969, 867, 1, 324, 504, 13, 243, 45666, 293, 3, 240, 4323, 11811, 419, 11, 32206, 7961, 11761, 0, 0, 26, 3202, 3176, 3917, 37, 0, 0, 19, 23, 146, 2, 45989, 37158, 40664, 1, 0, 0, 316
129,r2,26, 1071626,"  105a08:	e2800c02 	add	r0, r0, #512	; 0x200
",r2,14, 1071626,"  105a08:	e2800c02 	add	r0, r0, #512	; 0x200
",r0,19, 1071626,"  105a08:	e2800c02 	add	r0, r0, #512	; 0x200
",SDC, 899, 346, 3867, 2, 2960, 865, 1, 324, 503, 13, 229, 45400, 293, 3, 236, 4915, 10746, 419, 12, 31989, 8020, 11718, 0, 0, 26, 3175, 3177, 3916, 36, 0, 0, 19, 23, 137, 2, 45768, 37061, 40602, 1, 0, 0, 316
130,r1,6, 1073434,"  106118:	e6ef3073 	uxtb	r3, r3
",r3,30, 1073434,"  106118:	e6ef3073 	uxtb	r3, r3
",r2,2, 1073434,"  106118:	e6ef3073 	uxtb	r3, r3
",SDC, 960, 354, 3818, 2, 2942, 854, 1, 336, 504, 12, 232, 45726, 293, 3, 240, 4542, 11553, 419, 12, 32828, 8164, 11685, 0, 0, 26, 3169, 3162, 3872, 38, 0, 0, 19, 23, 127, 2, 46884, 37957, 41528, 1, 0, 0, 316
131,r2,14, 1076301,"  106c4c:	e1a03423 	lsr	r3, r3, #8
",r3,31, 1076301,"  106c4c:	e1a03423 	lsr	r3, r3, #8
",r3,16, 1076301,"  106c4c:	e1a03423 	lsr	r3, r3, #8
",crash/hangs,-,-,-,-,-,-,-,-,-,-,-,-,-,-,-,-,-,-,-,-,-,-,-,-,-,-,-,-,-,-,-,-,-,-,-,-,-,-,-,-,-,-
132,r2,7, 1069720,"  105298:	e6ef3073 	uxtb	r3, r3
",r1,24, 1069720,"  105298:	e6ef3073 	uxtb	r3, r3
",r3,18, 1069720,"  105298:	e6ef3073 	uxtb	r3, r3
",SDC, 668, 227, 3893, 4, 2994, 870, 1, 324, 503, 13, 240, 44419, 293, 3, 225, 4761, 10654, 408, 11, 30844, 7572, 11638, 0, 0, 26, 3163, 3209, 3918, 36, 0, 0, 17, 21, 126, 4, 44444, 35853, 39587, 1, 0, 0, 317
133,r3,2, 1072264,"  105c88:	e3403011 	movt	r3, #17
",r1,26, 1072264,"  105c88:	e3403011 	movt	r3, #17
",r2,10, 1072264,"  105c88:	e3403011 	movt	r3, #17
",SDC, 822, 350, 3867, 4, 2962, 868, 1, 324, 504, 14, 235, 43964, 293, 3, 240, 4388, 11650, 419, 15, 30631, 6849, 11662, 0, 0, 26, 3160, 3201, 3928, 36, 0, 0, 17, 21, 125, 4, 45138, 36232, 39813, 1, 0, 0, 316
134,r2,14, 1081132,"  107f2c:	e51b3008 	ldr	r3, [fp, #-8]
",r2,18, 1081132,"  107f2c:	e51b3008 	ldr	r3, [fp, #-8]
",r3,0, 1081132,"  107f2c:	e51b3008 	ldr	r3, [fp, #-8]
",crash/hangs,-,-,-,-,-,-,-,-,-,-,-,-,-,-,-,-,-,-,-,-,-,-,-,-,-,-,-,-,-,-,-,-,-,-,-,-,-,-,-,-,-,-
135,r1,3, 1062840,"  1037b8:	e283300c 	add	r3, r3, #12
",r3,19, 1062840,"  1037b8:	e283300c 	add	r3, r3, #12
",r1,4, 1062840,"  1037b8:	e283300c 	add	r3, r3, #12
",crash/hangs,-,-,-,-,-,-,-,-,-,-,-,-,-,-,-,-,-,-,-,-,-,-,-,-,-,-,-,-,-,-,-,-,-,-,-,-,-,-,-,-,-,-
136,r0,0, 1065683,"  1042d0:	e50b301c 	str	r3, [fp, #-28]	; 0xffffffe4
",r2,30, 1065683,"  1042d0:	e50b301c 	str	r3, [fp, #-28]	; 0xffffffe4
",r2,19, 1065683,"  1042d0:	e50b301c 	str	r3, [fp, #-28]	; 0xffffffe4
",benign, 636, 230, 3840, 2, 2958, 845, 1, 340, 505, 13, 225, 45865, 294, 3, 243, 4853, 11480, 410, 11, 32776, 8808, 11624, 0, 0, 26, 3152, 3155, 3819, 37, 0, 0, 17, 21, 134, 2, 46544, 38049, 41760, 1, 0, 0, 316
137,r2,23, 1077958,"  1072c4:	e6ef3073 	uxtb	r3, r3
",r0,21, 1077958,"  1072c4:	e6ef3073 	uxtb	r3, r3
",r3,20, 1077958,"  1072c4:	e6ef3073 	uxtb	r3, r3
",crash/hangs,-,-,-,-,-,-,-,-,-,-,-,-,-,-,-,-,-,-,-,-,-,-,-,-,-,-,-,-,-,-,-,-,-,-,-,-,-,-,-,-,-,-
138,r3,4, 1070767,"  1056ac:	e50b3018 	str	r3, [fp, #-24]	; 0xffffffe8
",r3,4, 1070767,"  1056ac:	e50b3018 	str	r3, [fp, #-24]	; 0xffffffe8
",r3,7, 1070767,"  1056ac:	e50b3018 	str	r3, [fp, #-24]	; 0xffffffe8
",SDC, 800, 225, 3878, 2, 2993, 875, 1, 324, 503, 13, 233, 45895, 293, 3, 236, 4556, 11463, 408, 15, 32586, 7870, 11770, 0, 0, 26, 3215, 3153, 3919, 36, 0, 0, 17, 21, 126, 2, 46373, 38048, 41816, 1, 0, 0, 317
139,r1,29, 1072285,"  105c9c:	e50b3010 	str	r3, [fp, #-16]
",r2,18, 1072285,"  105c9c:	e50b3010 	str	r3, [fp, #-16]
",r2,23, 1072285,"  105c9c:	e50b3010 	str	r3, [fp, #-16]
",benign, 909, 357, 3800, 2, 2918, 840, 1, 340, 505, 12, 222, 45979, 294, 3, 241, 4444, 11669, 408, 13, 32762, 7711, 11600, 0, 0, 26, 3160, 3155, 3834, 35, 0, 0, 19, 23, 177, 2, 46581, 37764, 41310, 1, 0, 0, 317
140,r1,22, 1075786,"  106a48:	e0233001 	eor	r3, r3, r1
",r0,1, 1075786,"  106a48:	e0233001 	eor	r3, r3, r1
",r2,30, 1075786,"  106a48:	e0233001 	eor	r3, r3, r1
",crash/hangs,-,-,-,-,-,-,-,-,-,-,-,-,-,-,-,-,-,-,-,-,-,-,-,-,-,-,-,-,-,-,-,-,-,-,-,-,-,-,-,-,-,-
141,r0,14, 1072324,"  105cc4:	e51b3028 	ldr	r3, [fp, #-40]	; 0xffffffd8
",r0,14, 1072324,"  105cc4:	e51b3028 	ldr	r3, [fp, #-40]	; 0xffffffd8
",r1,24, 1072324,"  105cc4:	e51b3028 	ldr	r3, [fp, #-40]	; 0xffffffd8
",SDC, 747, 228, 3884, 4, 2990, 872, 1, 324, 503, 13, 240, 45488, 293, 3, 240, 4306, 11927, 409, 13, 32640, 7504, 11624, 0, 0, 26, 3203, 3144, 3923, 35, 0, 0, 17, 21, 136, 4, 45912, 37007, 40557, 1, 0, 0, 373
142,r3,23, 1068854,"  104f34:	e2800c01 	add	r0, r0, #256	; 0x100
",r3,0, 1068854,"  104f34:	e2800c01 	add	r0, r0, #256	; 0x100
",r1,21, 1068854,"  104f34:	e2800c01 	add	r0, r0, #256	; 0x100
",crash/hangs,-,-,-,-,-,-,-,-,-,-,-,-,-,-,-,-,-,-,-,-,-,-,-,-,-,-,-,-,-,-,-,-,-,-,-,-,-,-,-,-,-,-
143,r1,22, 1079781,"  1079e4:	e6ef3073 	uxtb	r3, r3
",r2,3, 1079781,"  1079e4:	e6ef3073 	uxtb	r3, r3
",r0,10, 1079781,"  1079e4:	e6ef3073 	uxtb	r3, r3
",crash/hangs,-,-,-,-,-,-,-,-,-,-,-,-,-,-,-,-,-,-,-,-,-,-,-,-,-,-,-,-,-,-,-,-,-,-,-,-,-,-,-,-,-,-
144,r0,9, 1080410,"  107c58:	e51b3014 	ldr	r3, [fp, #-20]	; 0xffffffec
",r0,29, 1080410,"  107c58:	e51b3014 	ldr	r3, [fp, #-20]	; 0xffffffec
",r2,30, 1080410,"  107c58:	e51b3014 	ldr	r3, [fp, #-20]	; 0xffffffec
",crash/hangs,-,-,-,-,-,-,-,-,-,-,-,-,-,-,-,-,-,-,-,-,-,-,-,-,-,-,-,-,-,-,-,-,-,-,-,-,-,-,-,-,-,-
145,r3,15, 1072119,"  105bf4:	e2800c03 	add	r0, r0, #768	; 0x300
",r2,7, 1072119,"  105bf4:	e2800c03 	add	r0, r0, #768	; 0x300
",r0,28, 1072119,"  105bf4:	e2800c03 	add	r0, r0, #768	; 0x300
",SDC, 846, 226, 3875, 2, 2993, 875, 1, 324, 504, 13, 246, 46295, 293, 3, 237, 4445, 12140, 409, 12, 32933, 8075, 11730, 0, 0, 26, 3192, 3157, 3922, 38, 0, 0, 19, 23, 127, 2, 46703, 37858, 41616, 1, 0, 0, 316
146,r3,29, 1080252,"  107bbc:	e7931101 	ldr	r1, [r3, r1, lsl #2]
",r0,25, 1080252,"  107bbc:	e7931101 	ldr	r1, [r3, r1, lsl #2]
",r0,31, 1080252,"  107bbc:	e7931101 	ldr	r1, [r3, r1, lsl #2]
",crash/hangs,-,-,-,-,-,-,-,-,-,-,-,-,-,-,-,-,-,-,-,-,-,-,-,-,-,-,-,-,-,-,-,-,-,-,-,-,-,-,-,-,-,-
147,r2,3, 1073667,"  106200:	e5932000 	ldr	r2, [r3]
",r0,28, 1073667,"  106200:	e5932000 	ldr	r2, [r3]
",r2,19, 1073667,"  106200:	e5932000 	ldr	r2, [r3]
",benign, 892, 222, 3823, 2, 2966, 852, 1, 340, 504, 12, 222, 45327, 294, 3, 234, 4144, 11498, 419, 13, 32272, 7818, 11620, 0, 0, 26, 3174, 3134, 3841, 36, 0, 0, 19, 23, 128, 2, 45948, 37373, 40901, 1, 0, 0, 316
148,r2,13, 1079414,"  107874:	e0211003 	eor	r1, r1, r3
",r2,16, 1079414,"  107874:	e0211003 	eor	r1, r1, r3
",r2,31, 1079414,"  107874:	e0211003 	eor	r1, r1, r3
",crash/hangs,-,-,-,-,-,-,-,-,-,-,-,-,-,-,-,-,-,-,-,-,-,-,-,-,-,-,-,-,-,-,-,-,-,-,-,-,-,-,-,-,-,-
149,r0,22, 1077720,"  1071d8:	e1a00003 	mov	r0, r3
",r2,22, 1077720,"  1071d8:	e1a00003 	mov	r0, r3
",r3,1, 1077720,"  1071d8:	e1a00003 	mov	r0, r3
",crash/hangs,-,-,-,-,-,-,-,-,-,-,-,-,-,-,-,-,-,-,-,-,-,-,-,-,-,-,-,-,-,-,-,-,-,-,-,-,-,-,-,-,-,-
150,r1,16, 1076313,"  106c58:	e30c3cc0 	movw	r3, #52416	; 0xccc0
",r2,20, 1076313,"  106c58:	e30c3cc0 	movw	r3, #52416	; 0xccc0
",r3,0, 1076313,"  106c58:	e30c3cc0 	movw	r3, #52416	; 0xccc0
",crash/hangs,-,-,-,-,-,-,-,-,-,-,-,-,-,-,-,-,-,-,-,-,-,-,-,-,-,-,-,-,-,-,-,-,-,-,-,-,-,-,-,-,-,-
151,r1,27, 1082125,"  10830c:	e6ef3073 	uxtb	r3, r3
",r2,8, 1082125,"  10830c:	e6ef3073 	uxtb	r3, r3
",r1,24, 1082125,"  10830c:	e6ef3073 	uxtb	r3, r3
",crash/hangs,-,-,-,-,-,-,-,-,-,-,-,-,-,-,-,-,-,-,-,-,-,-,-,-,-,-,-,-,-,-,-,-,-,-,-,-,-,-,-,-,-,-
152,r2,4, 1068625,"  104e50:	e7933100 	ldr	r3, [r3, r0, lsl #2]
",r2,8, 1068625,"  104e50:	e7933100 	ldr	r3, [r3, r0, lsl #2]
",r3,7, 1068625,"  104e50:	e7933100 	ldr	r3, [r3, r0, lsl #2]
",SDC, 730, 226, 3897, 3, 2998, 870, 1, 324, 504, 13, 244, 45795, 293, 3, 232, 4341, 12026, 514, 14, 32081, 7793, 11756, 0, 0, 26, 3181, 3167, 3914, 36, 0, 0, 17, 21, 230, 5, 46149, 37456, 41064, 2, 0, 0, 317
153,r0,5, 1073225,"  106048:	e30b3cc0 	movw	r3, #48320	; 0xbcc0
",r1,13, 1073225,"  106048:	e30b3cc0 	movw	r3, #48320	; 0xbcc0
",r1,10, 1073225,"  106048:	e30b3cc0 	movw	r3, #48320	; 0xbcc0
",SDC, 943, 355, 3825, 3, 2933, 848, 1, 336, 503, 13, 225, 45787, 293, 3, 242, 4241, 12087, 426, 11, 32335, 7552, 11635, 0, 0, 26, 3163, 3164, 3848, 34, 0, 0, 17, 21, 213, 4, 46347, 38067, 41636, 2, 0, 0, 317
154,r0,13, 1068762,"  104ed8:	e1a00003 	mov	r0, r3
",r0,17, 1068762,"  104ed8:	e1a00003 	mov	r0, r3
",r3,2, 1068762,"  104ed8:	e1a00003 	mov	r0, r3
",crash/hangs,-,-,-,-,-,-,-,-,-,-,-,-,-,-,-,-,-,-,-,-,-,-,-,-,-,-,-,-,-,-,-,-,-,-,-,-,-,-,-,-,-,-
0,r2,17, 1068344,"  104d38:	e5932000 	ldr	r2, [r3]
",r0,26, 1068344,"  104d38:	e5932000 	ldr	r2, [r3]
",r2,25, 1068344,"  104d38:	e5932000 	ldr	r2, [r3]
",benign, 622, 223, 3816, 4, 2924, 840, 1, 340, 504, 12, 226, 44559, 294, 3, 235, 4386, 11568, 419, 11, 31673, 6919, 11488, 0, 0, 26, 3131, 3187, 3842, 34, 0, 0, 19, 24, 138, 4, 44999, 36435, 40149, 1, 0, 0, 316
1,r3,6, 1073085,"  105fbc:	e51b3024 	ldr	r3, [fp, #-36]	; 0xffffffdc
",r3,1, 1073085,"  105fbc:	e51b3024 	ldr	r3, [fp, #-36]	; 0xffffffdc
",r0,30, 1073085,"  105fbc:	e51b3024 	ldr	r3, [fp, #-36]	; 0xffffffdc
",benign, 942, 354, 3810, 2, 2919, 839, 1, 340, 504, 13, 238, 46153, 294, 3, 240, 4547, 11633, 428, 14, 32787, 8124, 11683, 0, 0, 26, 3145, 3179, 3830, 34, 0, 0, 17, 22, 125, 2, 45492, 37374, 40919, 1, 0, 0, 316
2,r1,26, 1070399,"  10553c:	e1a00003 	mov	r0, r3
",r2,19, 1070399,"  10553c:	e1a00003 	mov	r0, r3
",r1,3, 1070399,"  10553c:	e1a00003 	mov	r0, r3
",SDC, 857, 350, 3853, 2, 2958, 869, 1, 324, 504, 12, 239, 45797, 293, 3, 240, 4459, 11842, 408, 11, 33014, 8266, 11782, 0, 0, 26, 3167, 3198, 3924, 34, 0, 0, 19, 23, 138, 2, 46682, 37942, 41505, 1, 0, 0, 316
3,r2,3, 1079856,"  107a30:	e3403011 	movt	r3, #17
",r0,11, 1079856,"  107a30:	e3403011 	movt	r3, #17
",r0,18, 1079856,"  107a30:	e3403011 	movt	r3, #17
",crash/hangs,-,-,-,-,-,-,-,-,-,-,-,-,-,-,-,-,-,-,-,-,-,-,-,-,-,-,-,-,-,-,-,-,-,-,-,-,-,-,-,-,-,-
4,r3,28, 1066068,"  104454:	e3403011 	movt	r3, #17
",r2,19, 1066068,"  104454:	e3403011 	movt	r3, #17
",r2,16, 1066068,"  104454:	e3403011 	movt	r3, #17
",SDC, 551, 236, 3883, 4, 2998, 877, 1, 324, 504, 14, 236, 44988, 293, 3, 243, 4390, 11584, 419, 14, 31297, 6665, 11645, 0, 0, 26, 3187, 3166, 3911, 36, 0, 0, 17, 21, 144, 4, 45373, 36466, 40246, 1, 0, 0, 316
5,r3,11, 1078639,"  10756c:	e30c3cc0 	movw	r3, #52416	; 0xccc0
",r3,8, 1078639,"  10756c:	e30c3cc0 	movw	r3, #52416	; 0xccc0
",r0,2, 1078639,"  10756c:	e30c3cc0 	movw	r3, #52416	; 0xccc0
",crash/hangs,-,-,-,-,-,-,-,-,-,-,-,-,-,-,-,-,-,-,-,-,-,-,-,-,-,-,-,-,-,-,-,-,-,-,-,-,-,-,-,-,-,-
6,r3,7, 1069511,"  1051c4:	e51b301c 	ldr	r3, [fp, #-28]	; 0xffffffe4
",r3,5, 1069511,"  1051c4:	e51b301c 	ldr	r3, [fp, #-28]	; 0xffffffe4
",r1,1, 1069511,"  1051c4:	e51b301c 	ldr	r3, [fp, #-28]	; 0xffffffe4
",SDC, 761, 221, 3889, 2, 2995, 871, 1, 324, 504, 13, 231, 45768, 293, 3, 238, 4581, 11832, 477, 14, 32704, 7922, 11793, 0, 0, 26, 3157, 3178, 3920, 34, 0, 0, 19, 23, 138, 2, 46151, 37503, 41165, 1, 0, 0, 316
7,r1,22, 1064701,"  103efc:	e2811c02 	add	r1, r1, #512	; 0x200
",r3,29, 1064701,"  103efc:	e2811c02 	add	r1, r1, #512	; 0x200
",r1,30, 1064701,"  103efc:	e2811c02 	add	r1, r1, #512	; 0x200
",crash/hangs,-,-,-,-,-,-,-,-,-,-,-,-,-,-,-,-,-,-,-,-,-,-,-,-,-,-,-,-,-,-,-,-,-,-,-,-,-,-,-,-,-,-
8,r1,6, 1062954,"  103828:	e2800c03 	add	r0, r0, #768	; 0x300
",r1,10, 1062954,"  103828:	e2800c03 	add	r0, r0, #768	; 0x300
",r1,25, 1062954,"  103828:	e2800c03 	add	r0, r0, #768	; 0x300
",crash/hangs,-,-,-,-,-,-,-,-,-,-,-,-,-,-,-,-,-,-,-,-,-,-,-,-,-,-,-,-,-,-,-,-,-,-,-,-,-,-,-,-,-,-
9,r2,29, 1072027,"  105b98:	e1a03423 	lsr	r3, r3, #8
",r1,18, 1072027,"  105b98:	e1a03423 	lsr	r3, r3, #8
",r2,14, 1072027,"  105b98:	e1a03423 	lsr	r3, r3, #8
",SDC, 835, 235, 3899, 2, 2997, 873, 1, 324, 503, 12, 235, 46181, 293, 3, 239, 4952, 11115, 418, 13, 32538, 8238, 11785, 0, 0, 26, 3144, 3206, 3924, 37, 0, 0, 19, 23, 127, 2, 46115, 37859, 41626, 1, 0, 0, 317
10,r0,11, 1075274,"  106848:	e1a00003 	mov	r0, r3
",r2,15, 1075274,"  106848:	e1a00003 	mov	r0, r3
",r1,2, 1075274,"  106848:	e1a00003 	mov	r0, r3
",crash/hangs,-,-,-,-,-,-,-,-,-,-,-,-,-,-,-,-,-,-,-,-,-,-,-,-,-,-,-,-,-,-,-,-,-,-,-,-,-,-,-,-,-,-
11,r1,17, 1078107,"  107358:	e51b300c 	ldr	r3, [fp, #-12]
",r1,11, 1078107,"  107358:	e51b300c 	ldr	r3, [fp, #-12]
",r3,1, 1078107,"  107358:	e51b300c 	ldr	r3, [fp, #-12]
",crash/hangs,-,-,-,-,-,-,-,-,-,-,-,-,-,-,-,-,-,-,-,-,-,-,-,-,-,-,-,-,-,-,-,-,-,-,-,-,-,-,-,-,-,-
12,r3,2, 1068983,"  104fb4:	e51b3010 	ldr	r3, [fp, #-16]
",r3,7, 1068983,"  104fb4:	e51b3010 	ldr	r3, [fp, #-16]
",r0,4, 1068983,"  104fb4:	e51b3010 	ldr	r3, [fp, #-16]
",benign, 741, 229, 3835, 2, 2957, 846, 1, 340, 504, 12, 225, 45697, 294, 3, 242, 4328, 11970, 427, 15, 32924, 8390, 11614, 0, 0, 26, 3143, 3177, 3843, 36, 0, 0, 19, 23, 127, 2, 46181, 37968, 41534, 1, 0, 0, 316
13,r0,20, 1072821,"  105eb4:	e1a03823 	lsr	r3, r3, #16
",r0,29, 1072821,"  105eb4:	e1a03823 	lsr	r3, r3, #16
",r1,22, 1072821,"  105eb4:	e1a03823 	lsr	r3, r3, #16
",SDC, 944, 355, 3826, 2, 2935, 845, 1, 336, 503, 13, 224, 45638, 293, 3, 242, 4465, 11375, 420, 11, 32527, 8145, 11691, 0, 0, 26, 3150, 3182, 3841, 33, 0, 0, 19, 23, 127, 2, 46393, 37637, 41344, 1, 0, 0, 316
14,r3,24, 1067439,"  1049ac:	e1a01003 	mov	r1, r3
",r3,21, 1067439,"  1049ac:	e1a01003 	mov	r1, r3
",r2,22, 1067439,"  1049ac:	e1a01003 	mov	r1, r3
",SDC, 767, 354, 3858, 2, 2964, 867, 1, 324, 504, 12, 238, 45907, 293, 3, 242, 4924, 11755, 419, 10, 32376, 8427, 11709, 0, 0, 26, 3199, 3165, 3932, 37, 0, 0, 19, 23, 138, 2, 46020, 37481, 41001, 1, 0, 0, 316
15,r1,11, 1063955,"  103c10:	e2833024 	add	r3, r3, #36	; 0x24
",r2,11, 1063955,"  103c10:	e2833024 	add	r3, r3, #36	; 0x24
",r0,29, 1063955,"  103c10:	e2833024 	add	r3, r3, #36	; 0x24
",SDC, 708, 356, 3837, 2, 2943, 875, 1, 324, 503, 12, 230, 45539, 293, 3, 244, 3774, 12068, 410, 16, 32119, 7358, 11719, 0, 0, 26, 3173, 3169, 3913, 38, 0, 0, 17, 22, 135, 2, 46293, 37258, 40955, 1, 0, 0, 316
16,r0,27, 1080908,"  107e4c:	e6ef3073 	uxtb	r3, r3
",r1,10, 1080908,"  107e4c:	e6ef3073 	uxtb	r3, r3
",r1,0, 1080908,"  107e4c:	e6ef3073 	uxtb	r3, r3
",crash/hangs,-,-,-,-,-,-,-,-,-,-,-,-,-,-,-,-,-,-,-,-,-,-,-,-,-,-,-,-,-,-,-,-,-,-,-,-,-,-,-,-,-,-
17,r3,16, 1070189,"  10546c:	e3403011 	movt	r3, #17
",r2,10, 1070189,"  10546c:	e3403011 	movt	r3, #17
",r2,14, 1070189,"  10546c:	e3403011 	movt	r3, #17
",SDC, 782, 219, 3892, 2, 2995, 872, 1, 324, 503, 13, 240, 45558, 293, 3, 231, 4748, 11340, 419, 16, 32341, 8156, 11767, 0, 0, 26, 3175, 3179, 3928, 40, 0, 0, 19, 23, 127, 2, 46003, 37500, 41030, 1, 0, 0, 317
18,r2,23, 1078420,"  107494:	e30c3cc0 	movw	r3, #52416	; 0xccc0
",r2,18, 1078420,"  107494:	e30c3cc0 	movw	r3, #52416	; 0xccc0
",r1,4, 1078420,"  107494:	e30c3cc0 	movw	r3, #52416	; 0xccc0
",crash/hangs,-,-,-,-,-,-,-,-,-,-,-,-,-,-,-,-,-,-,-,-,-,-,-,-,-,-,-,-,-,-,-,-,-,-,-,-,-,-,-,-,-,-
19,r2,0, 1065000,"  104028:	e1a01003 	mov	r1, r3
",r1,25, 1065000,"  104028:	e1a01003 	mov	r1, r3
",r3,3, 1065000,"  104028:	e1a01003 	mov	r1, r3
",crash/hangs,-,-,-,-,-,-,-,-,-,-,-,-,-,-,-,-,-,-,-,-,-,-,-,-,-,-,-,-,-,-,-,-,-,-,-,-,-,-,-,-,-,-
20,r3,10, 1079801,"  1079f8:	e51b3024 	ldr	r3, [fp, #-36]	; 0xffffffdc
",r0,31, 1079801,"  1079f8:	e51b3024 	ldr	r3, [fp, #-36]	; 0xffffffdc
",r1,14, 1079801,"  1079f8:	e51b3024 	ldr	r3, [fp, #-36]	; 0xffffffdc
",crash/hangs,-,-,-,-,-,-,-,-,-,-,-,-,-,-,-,-,-,-,-,-,-,-,-,-,-,-,-,-,-,-,-,-,-,-,-,-,-,-,-,-,-,-
21,r3,24, 1062818,"  1037a0:	e6ef3073 	uxtb	r3, r3
",r0,7, 1062818,"  1037a0:	e6ef3073 	uxtb	r3, r3
",r3,14, 1062818,"  1037a0:	e6ef3073 	uxtb	r3, r3
",crash/hangs,-,-,-,-,-,-,-,-,-,-,-,-,-,-,-,-,-,-,-,-,-,-,-,-,-,-,-,-,-,-,-,-,-,-,-,-,-,-,-,-,-,-
22,r0,16, 1065397,"  1041b4:	e51b300c 	ldr	r3, [fp, #-12]
",r0,29, 1065397,"  1041b4:	e51b300c 	ldr	r3, [fp, #-12]
",r1,12, 1065397,"  1041b4:	e51b300c 	ldr	r3, [fp, #-12]
",crash/hangs,-,-,-,-,-,-,-,-,-,-,-,-,-,-,-,-,-,-,-,-,-,-,-,-,-,-,-,-,-,-,-,-,-,-,-,-,-,-,-,-,-,-
23,r0,11, 1069085,"  10501c:	e0233001 	eor	r3, r3, r1
",r3,16, 1069085,"  10501c:	e0233001 	eor	r3, r3, r1
",r0,31, 1069085,"  10501c:	e0233001 	eor	r3, r3, r1
",SDC, 744, 223, 3888, 2, 2995, 871, 1, 324, 503, 13, 235, 45370, 293, 3, 237, 4306, 10900, 418, 12, 31720, 7799, 11753, 0, 0, 26, 3209, 3161, 3921, 36, 0, 0, 17, 22, 125, 2, 45555, 37143, 40710, 1, 0, 0, 317
24,r0,25, 1081916,"  10823c:	e30c3cc0 	movw	r3, #52416	; 0xccc0
",r1,10, 1081916,"  10823c:	e30c3cc0 	movw	r3, #52416	; 0xccc0
",r0,19, 1081916,"  10823c:	e30c3cc0 	movw	r3, #52416	; 0xccc0
",crash/hangs,-,-,-,-,-,-,-,-,-,-,-,-,-,-,-,-,-,-,-,-,-,-,-,-,-,-,-,-,-,-,-,-,-,-,-,-,-,-,-,-,-,-
25,r1,5, 1065609,"  104288:	e5933000 	ldr	r3, [r3]
",r1,6, 1065609,"  104288:	e5933000 	ldr	r3, [r3]
",r1,2, 1065609,"  104288:	e5933000 	ldr	r3, [r3]
",benign, 635, 229, 3836, 2, 2959, 849, 1, 340, 504, 13, 220, 45920, 294, 3, 241, 4341, 12147, 419, 15, 32929, 8457, 11601, 0, 0, 26, 3164, 3163, 3833, 38, 0, 0, 19, 23, 127, 2, 46346, 38190, 41757, 1, 0, 0, 317
26,r1,29, 1073625,"  1061d8:	e1a00003 	mov	r0, r3
",r3,15, 1073625,"  1061d8:	e1a00003 	mov	r0, r3
",r3,18, 1073625,"  1061d8:	e1a00003 	mov	r0, r3
",SDC, 958, 350, 3806, 2, 2936, 851, 1, 336, 504, 12, 238, 45554, 293, 3, 235, 4145, 11508, 418, 7, 32020, 7825, 11612, 0, 0, 26, 3139, 3178, 3869, 37, 0, 0, 17, 21, 134, 2, 45694, 37224, 40850, 1, 0, 0, 316
27,r1,26, 1077759,"  1071fc:	e1a00003 	mov	r0, r3
",r3,30, 1077759,"  1071fc:	e1a00003 	mov	r0, r3
",r3,18, 1077759,"  1071fc:	e1a00003 	mov	r0, r3
",crash/hangs,-,-,-,-,-,-,-,-,-,-,-,-,-,-,-,-,-,-,-,-,-,-,-,-,-,-,-,-,-,-,-,-,-,-,-,-,-,-,-,-,-,-
28,r2,17, 1075660,"  1069cc:	e6ef3073 	uxtb	r3, r3
",r1,23, 1075660,"  1069cc:	e6ef3073 	uxtb	r3, r3
",r0,19, 1075660,"  1069cc:	e6ef3073 	uxtb	r3, r3
",crash/hangs,-,-,-,-,-,-,-,-,-,-,-,-,-,-,-,-,-,-,-,-,-,-,-,-,-,-,-,-,-,-,-,-,-,-,-,-,-,-,-,-,-,-
29,r0,29, 1071555,"  1059c0:	e30b3cc0 	movw	r3, #48320	; 0xbcc0
",r0,29, 1071555,"  1059c0:	e30b3cc0 	movw	r3, #48320	; 0xbcc0
",r1,21, 1071555,"  1059c0:	e30b3cc0 	movw	r3, #48320	; 0xbcc0
",SDC, 821, 228, 3890, 2, 2994, 871, 1, 324, 504, 12, 236, 46238, 293, 3, 239, 4310, 11736, 408, 13, 32673, 8148, 11742, 0, 0, 26, 3175, 3170, 3934, 37, 0, 0, 19, 23, 127, 2, 46513, 37630, 41211, 1, 0, 0, 317
30,r2,4, 1062965,"  103834:	e0221003 	eor	r1, r2, r3
",r3,1, 1062965,"  103834:	e0221003 	eor	r1, r2, r3
",r3,23, 1062965,"  103834:	e0221003 	eor	r1, r2, r3
",crash/hangs,-,-,-,-,-,-,-,-,-,-,-,-,-,-,-,-,-,-,-,-,-,-,-,-,-,-,-,-,-,-,-,-,-,-,-,-,-,-,-,-,-,-
31,r2,14, 1069674,"  105268:	e1a00003 	mov	r0, r3
",r1,13, 1069674,"  105268:	e1a00003 	mov	r0, r3
",r2,2, 1069674,"  105268:	e1a00003 	mov	r0, r3
",SDC, 765, 227, 3879, 2, 3003, 876, 1, 324, 504, 13, 237, 45461, 293, 3, 238, 4747, 10949, 409, 13, 32094, 8105, 11729, 0, 0, 26, 3143, 3195, 3909, 34, 0, 0, 17, 21, 134, 2, 45493, 37382, 40869, 1, 0, 0, 316
32,r1,0, 1079175,"  107784:	e6ef3073 	uxtb	r3, r3
",r2,11, 1079175,"  107784:	e6ef3073 	uxtb	r3, r3
",r1,22, 1079175,"  107784:	e6ef3073 	uxtb	r3, r3
",crash/hangs,-,-,-,-,-,-,-,-,-,-,-,-,-,-,-,-,-,-,-,-,-,-,-,-,-,-,-,-,-,-,-,-,-,-,-,-,-,-,-,-,-,-
33,r2,2, 1063852,"  103bac:	e6ef3073 	uxtb	r3, r3
",r2,12, 1063852,"  103bac:	e6ef3073 	uxtb	r3, r3
",r0,4, 1063852,"  103bac:	e6ef3073 	uxtb	r3, r3
",SDC, 526, 221, 3890, 4, 3008, 885, 1, 324, 504, 13, 230, 43865, 293, 3, 240, 4318, 11156, 411, 16, 30912, 6764, 11599, 0, 0, 26, 3199, 3125, 3922, 38, 0, 0, 17, 21, 126, 5, 44815, 36244, 39928, 1, 0, 0, 316
34,r3,4, 1073503,"  10615c:	e50b3010 	str	r3, [fp, #-16]
",r0,31, 1073503,"  10615c:	e50b3010 	str	r3, [fp, #-16]
",r3,4, 1073503,"  10615c:	e50b3010 	str	r3, [fp, #-16]
",SDC, 959, 351, 3833, 2, 2944, 849, 1, 336, 504, 12, 230, 45647, 293, 3, 234, 4015, 11384, 604, 15, 32769, 8010, 11681, 0, 0, 26, 3149, 3190, 3866, 35, 0, 0, 19, 23, 128, 2, 46243, 37405, 40980, 1, 0, 0, 316
35,r3,13, 1076499,"  106d10:	e1a00003 	mov	r0, r3
",r0,29, 1076499,"  106d10:	e1a00003 	mov	r0, r3
",r1,25, 1076499,"  106d10:	e1a00003 	mov	r0, r3
",crash/hangs,-,-,-,-,-,-,-,-,-,-,-,-,-,-,-,-,-,-,-,-,-,-,-,-,-,-,-,-,-,-,-,-,-,-,-,-,-,-,-,-,-,-
36,r2,26, 1066039,"  104434:	e50b3014 	str	r3, [fp, #-20]	; 0xffffffec
",r0,10, 1066039,"  104434:	e50b3014 	str	r3, [fp, #-20]	; 0xffffffec
",r2,7, 1066039,"  104434:	e50b3014 	str	r3, [fp, #-20]	; 0xffffffec
",benign, 654, 231, 3837, 2, 2959, 848, 1, 340, 504, 13, 223, 45415, 294, 3, 244, 4426, 11638, 409, 15, 32859, 8229, 11644, 0, 0, 26, 3160, 3172, 3841, 37, 0, 0, 19, 23, 128, 2, 46165, 37597, 41149, 1, 0, 0, 316
37,r0,28, 1069067,"  105008:	e1a00003 	mov	r0, r3
",r2,5, 1069067,"  105008:	e1a00003 	mov	r0, r3
",r0,24, 1069067,"  105008:	e1a00003 	mov	r0, r3
",SDC, 813, 345, 3860, 2, 2958, 863, 1, 324, 504, 13, 242, 45041, 293, 3, 236, 4561, 11255, 419, 15, 32046, 8277, 11786, 0, 0, 26, 3201, 3154, 3914, 34, 0, 0, 17, 21, 135, 2, 45244, 37023, 40606, 1, 0, 0, 317
38,r0,19, 1080024,"  107ad8:	e51b3028 	ldr	r3, [fp, #-40]	; 0xffffffd8
",r3,29, 1080024,"  107ad8:	e51b3028 	ldr	r3, [fp, #-40]	; 0xffffffd8
",r1,9, 1080024,"  107ad8:	e51b3028 	ldr	r3, [fp, #-40]	; 0xffffffd8
",crash/hangs,-,-,-,-,-,-,-,-,-,-,-,-,-,-,-,-,-,-,-,-,-,-,-,-,-,-,-,-,-,-,-,-,-,-,-,-,-,-,-,-,-,-
39,r0,6, 1078296,"  107418:	e30c3cc0 	movw	r3, #52416	; 0xccc0
",r3,29, 1078296,"  107418:	e30c3cc0 	movw	r3, #52416	; 0xccc0
",r3,11, 1078296,"  107418:	e30c3cc0 	movw	r3, #52416	; 0xccc0
",crash/hangs,-,-,-,-,-,-,-,-,-,-,-,-,-,-,-,-,-,-,-,-,-,-,-,-,-,-,-,-,-,-,-,-,-,-,-,-,-,-,-,-,-,-
40,r1,31, 1065278,"  10413c:	e51b300c 	ldr	r3, [fp, #-12]
",r1,8, 1065278,"  10413c:	e51b300c 	ldr	r3, [fp, #-12]
",r1,6, 1065278,"  10413c:	e51b300c 	ldr	r3, [fp, #-12]
",crash/hangs,-,-,-,-,-,-,-,-,-,-,-,-,-,-,-,-,-,-,-,-,-,-,-,-,-,-,-,-,-,-,-,-,-,-,-,-,-,-,-,-,-,-
41,r1,19, 1081992,"  108288:	e7933100 	ldr	r3, [r3, r0, lsl #2]
",r1,9, 1081992,"  108288:	e7933100 	ldr	r3, [r3, r0, lsl #2]
",r1,22, 1081992,"  108288:	e7933100 	ldr	r3, [r3, r0, lsl #2]
",crash/hangs,-,-,-,-,-,-,-,-,-,-,-,-,-,-,-,-,-,-,-,-,-,-,-,-,-,-,-,-,-,-,-,-,-,-,-,-,-,-,-,-,-,-
42,r2,25, 1063772,"  103b5c:	e1a00003 	mov	r0, r3
",r0,25, 1063772,"  103b5c:	e1a00003 	mov	r0, r3
",r2,3, 1063772,"  103b5c:	e1a00003 	mov	r0, r3
",SDC, 524, 227, 3879, 4, 2981, 875, 1, 324, 504, 13, 231, 44384, 293, 3, 236, 4202, 11330, 409, 11, 30764, 6698, 11611, 0, 0, 26, 3193, 3147, 3910, 35, 0, 0, 17, 21, 127, 5, 44808, 36335, 40046, 1, 0, 0, 316
43,r1,20, 1062969,"  103838:	e51b2010 	ldr	r2, [fp, #-16]
",r3,2, 1062969,"  103838:	e51b2010 	ldr	r2, [fp, #-16]
",r1,3, 1062969,"  103838:	e51b2010 	ldr	r2, [fp, #-16]
",crash/hangs,-,-,-,-,-,-,-,-,-,-,-,-,-,-,-,-,-,-,-,-,-,-,-,-,-,-,-,-,-,-,-,-,-,-,-,-,-,-,-,-,-,-
44,r3,30, 1072162,"  105c20:	e30b3cc0 	movw	r3, #48320	; 0xbcc0
",r1,0, 1072162,"  105c20:	e30b3cc0 	movw	r3, #48320	; 0xbcc0
",r0,28, 1072162,"  105c20:	e30b3cc0 	movw	r3, #48320	; 0xbcc0
",benign, 843, 229, 3850, 2, 2964, 847, 1, 340, 505, 12, 222, 45546, 294, 3, 244, 4671, 11340, 409, 12, 32643, 8555, 11615, 0, 0, 26, 3163, 3147, 3846, 38, 0, 0, 19, 23, 302, 2, 45828, 36611, 40190, 1, 0, 0, 316
45,r3,29, 1067757,"  104aec:	e51b3010 	ldr	r3, [fp, #-16]
",r0,5, 1067757,"  104aec:	e51b3010 	ldr	r3, [fp, #-16]
",r1,28, 1067757,"  104aec:	e51b3010 	ldr	r3, [fp, #-16]
",SDC, 775, 357, 3862, 2, 2960, 864, 1, 324, 504, 13, 231, 45940, 293, 3, 245, 4259, 12123, 409, 13, 33012, 8041, 11768, 0, 0, 26, 3152, 3208, 3910, 34, 0, 0, 19, 23, 127, 2, 46362, 37562, 41095, 1, 0, 0, 316
46,r2,14, 1073800,"  106288:	e0233002 	eor	r3, r3, r2
",r3,3, 1073800,"  106288:	e0233002 	eor	r3, r3, r2
",r2,17, 1073800,"  106288:	e0233002 	eor	r3, r3, r2
",SDC, 871, 353, 3821, 4, 2935, 848, 1, 336, 504, 13, 229, 45325, 293, 3, 243, 4417, 11958, 408, 9, 31532, 6983, 11535, 0, 0, 26, 3150, 3190, 3862, 36, 0, 0, 17, 21, 134, 4, 45550, 37100, 40654, 1, 0, 0, 317
47,r1,19, 1075739,"  106a18:	e3403011 	movt	r3, #17
",r1,27, 1075739,"  106a18:	e3403011 	movt	r3, #17
",r1,1, 1075739,"  106a18:	e3403011 	movt	r3, #17
",crash/hangs,-,-,-,-,-,-,-,-,-,-,-,-,-,-,-,-,-,-,-,-,-,-,-,-,-,-,-,-,-,-,-,-,-,-,-,-,-,-,-,-,-,-
48,r1,24, 1068029,"  104bfc:	e283301c 	add	r3, r3, #28
",r2,12, 1068029,"  104bfc:	e283301c 	add	r3, r3, #28
",r3,19, 1068029,"  104bfc:	e283301c 	add	r3, r3, #28
",SDC, 715, 231, 3886, 2, 2994, 871, 1, 324, 503, 13, 232, 46061, 293, 3, 243, 4305, 11645, 408, 14, 32709, 7712, 11779, 0, 0, 26, 3209, 3149, 3932, 36, 0, 0, 19, 23, 137, 2, 46148, 37835, 41593, 1, 0, 0, 316
49,r0,13, 1080751,"  107dac:	e51b3020 	ldr	r3, [fp, #-32]	; 0xffffffe0
",r0,17, 1080751,"  107dac:	e51b3020 	ldr	r3, [fp, #-32]	; 0xffffffe0
",r1,28, 1080751,"  107dac:	e51b3020 	ldr	r3, [fp, #-32]	; 0xffffffe0
",crash/hangs,-,-,-,-,-,-,-,-,-,-,-,-,-,-,-,-,-,-,-,-,-,-,-,-,-,-,-,-,-,-,-,-,-,-,-,-,-,-,-,-,-,-
50,r2,0, 1078345,"  107448:	e7933100 	ldr	r3, [r3, r0, lsl #2]
",r1,21, 1078345,"  107448:	e7933100 	ldr	r3, [r3, r0, lsl #2]
",r3,16, 1078345,"  107448:	e7933100 	ldr	r3, [r3, r0, lsl #2]
",crash/hangs,-,-,-,-,-,-,-,-,-,-,-,-,-,-,-,-,-,-,-,-,-,-,-,-,-,-,-,-,-,-,-,-,-,-,-,-,-,-,-,-,-,-
51,r1,2, 1074129,"  1063d0:	e6ef3073 	uxtb	r3, r3
",r3,14, 1074129,"  1063d0:	e6ef3073 	uxtb	r3, r3
",r0,24, 1074129,"  1063d0:	e6ef3073 	uxtb	r3, r3
",benign, 908, 225, 3837, 2, 2961, 848, 1, 340, 504, 13, 223, 46195, 294, 3, 238, 4558, 11823, 409, 16, 32948, 8464, 11648, 0, 0, 26, 3130, 3171, 3825, 33, 0, 0, 19, 23, 136, 2, 46619, 37698, 41181, 1, 0, 0, 316
52,r3,11, 1065842,"  104370:	e0211003 	eor	r1, r1, r3
",r3,30, 1065842,"  104370:	e0211003 	eor	r1, r1, r3
",r1,25, 1065842,"  104370:	e0211003 	eor	r1, r1, r3
",SDC, 712, 352, 3861, 2, 2961, 867, 1, 324, 504, 13, 237, 45292, 293, 3, 241, 4231, 11199, 408, 13, 31937, 7791, 11746, 0, 0, 26, 3194, 3169, 3919, 35, 0, 0, 19, 23, 138, 2, 45743, 37246, 40845, 1, 0, 0, 317
53,r3,16, 1075111,"  1067a4:	e51b3024 	ldr	r3, [fp, #-36]	; 0xffffffdc
",r2,18, 1075111,"  1067a4:	e51b3024 	ldr	r3, [fp, #-36]	; 0xffffffdc
",r3,2, 1075111,"  1067a4:	e51b3024 	ldr	r3, [fp, #-36]	; 0xffffffdc
",crash/hangs,-,-,-,-,-,-,-,-,-,-,-,-,-,-,-,-,-,-,-,-,-,-,-,-,-,-,-,-,-,-,-,-,-,-,-,-,-,-,-,-,-,-
54,r3,21, 1082534,"  1084a4:	e7931101 	ldr	r1, [r3, r1, lsl #2]
",r3,9, 1082534,"  1084a4:	e7931101 	ldr	r1, [r3, r1, lsl #2]
",r0,31, 1082534,"  1084a4:	e7931101 	ldr	r1, [r3, r1, lsl #2]
",crash/hangs,-,-,-,-,-,-,-,-,-,-,-,-,-,-,-,-,-,-,-,-,-,-,-,-,-,-,-,-,-,-,-,-,-,-,-,-,-,-,-,-,-,-
55,r0,12, 1068921,"  104f78:	e3403011 	movt	r3, #17
",r1,20, 1068921,"  104f78:	e3403011 	movt	r3, #17
",r0,17, 1068921,"  104f78:	e3403011 	movt	r3, #17
",SDC, 747, 230, 3890, 3, 2993, 871, 1, 324, 504, 12, 236, 46265, 293, 3, 242, 3880, 12280, 410, 17, 32611, 7541, 11760, 0, 0, 26, 3184, 3162, 3923, 36, 0, 0, 19, 23, 139, 5, 46272, 37441, 40989, 2, 0, 0, 316
56,r0,9, 1072520,"  105d88:	e6ef3073 	uxtb	r3, r3
",r3,11, 1072520,"  105d88:	e6ef3073 	uxtb	r3, r3
",r2,12, 1072520,"  105d88:	e6ef3073 	uxtb	r3, r3
",SDC, 829, 351, 3834, 4, 2943, 854, 1, 336, 504, 12, 224, 44954, 293, 3, 240, 4901, 11225, 408, 14, 31734, 7215, 11620, 0, 0, 26, 3137, 3194, 3865, 35, 0, 0, 17, 22, 136, 4, 45308, 36327, 39976, 1, 0, 0, 316
57,r3,3, 1071519,"  10599c:	e0233001 	eor	r3, r3, r1
",r3,29, 1071519,"  10599c:	e0233001 	eor	r3, r3, r1
",r3,20, 1071519,"  10599c:	e0233001 	eor	r3, r3, r1
",SDC, 890, 350, 3863, 2, 2960, 867, 1, 324, 504, 13, 236, 45761, 293, 3, 237, 4281, 11828, 409, 14, 32313, 7825, 11713, 0, 0, 26, 3192, 3152, 3920, 37, 0, 0, 19, 24, 127, 2, 46224, 37604, 41137, 1, 0, 0, 316
58,r1,13, 1072636,"  105dfc:	e6ef3073 	uxtb	r3, r3
",r1,19, 1072636,"  105dfc:	e6ef3073 	uxtb	r3, r3
",r3,20, 1072636,"  105dfc:	e6ef3073 	uxtb	r3, r3
",SDC, 835, 349, 3841, 4, 2957, 870, 1, 324, 503, 12, 226, 44365, 293, 3, 239, 4184, 11494, 418, 11, 31017, 6802, 11687, 0, 0, 26, 3215, 3140, 3916, 36, 0, 0, 17, 21, 135, 4, 44782, 36164, 39856, 1, 0, 0, 316
59,r2,7, 1077043,"  106f30:	e51b3028 	ldr	r3, [fp, #-40]	; 0xffffffd8
",r2,6, 1077043,"  106f30:	e51b3028 	ldr	r3, [fp, #-40]	; 0xffffffd8
",r1,29, 1077043,"  106f30:	e51b3028 	ldr	r3, [fp, #-40]	; 0xffffffd8
",crash/hangs,-,-,-,-,-,-,-,-,-,-,-,-,-,-,-,-,-,-,-,-,-,-,-,-,-,-,-,-,-,-,-,-,-,-,-,-,-,-,-,-,-,-
60,r3,20, 1076512,"  106d20:	e7933100 	ldr	r3, [r3, r0, lsl #2]
",r1,26, 1076512,"  106d20:	e7933100 	ldr	r3, [r3, r0, lsl #2]
",r2,9, 1076512,"  106d20:	e7933100 	ldr	r3, [r3, r0, lsl #2]
",crash/hangs,-,-,-,-,-,-,-,-,-,-,-,-,-,-,-,-,-,-,-,-,-,-,-,-,-,-,-,-,-,-,-,-,-,-,-,-,-,-,-,-,-,-
61,r1,25, 1073929,"  106308:	e1a00003 	mov	r0, r3
",r0,3, 1073929,"  106308:	e1a00003 	mov	r0, r3
",r1,0, 1073929,"  106308:	e1a00003 	mov	r0, r3
",SDC, 903, 222, 3857, 2, 2979, 857, 1, 336, 504, 13, 234, 45574, 293, 3, 242, 4242, 11711, 408, 15, 32523, 8093, 11644, 0, 0, 26, 3185, 3153, 3869, 36, 0, 0, 17, 21, 125, 2, 45752, 37429, 41016, 1, 0, 0, 317
62,r0,13, 1072154,"  105c18:	e6ef3073 	uxtb	r3, r3
",r2,15, 1072154,"  105c18:	e6ef3073 	uxtb	r3, r3
",r3,15, 1072154,"  105c18:	e6ef3073 	uxtb	r3, r3
",SDC, 925, 351, 3830, 2, 2955, 869, 1, 324, 504, 13, 241, 46152, 293, 3, 234, 4351, 11733, 418, 15, 33124, 7909, 11748, 0, 0, 26, 3173, 3171, 3922, 36, 0, 0, 17, 21, 126, 2, 46408, 38042, 41572, 1, 0, 0, 316
63,r2,25, 1073772,"  10626c:	e6ef3073 	uxtb	r3, r3
",r0,30, 1073772,"  10626c:	e6ef3073 	uxtb	r3, r3
",r2,31, 1073772,"  10626c:	e6ef3073 	uxtb	r3, r3
",SDC, 871, 351, 3831, 4, 2935, 848, 1, 336, 504, 13, 230, 44945, 293, 3, 244, 4362, 12077, 409, 14, 31214, 6601, 11604, 0, 0, 26, 3172, 3160, 3864, 37, 0, 0, 17, 21, 125, 4, 45354, 36858, 40395, 1, 0, 0, 317
64,r0,18, 1081485,"  10808c:	e1a00003 	mov	r0, r3
",r2,7, 1081485,"  10808c:	e1a00003 	mov	r0, r3
",r2,25, 1081485,"  10808c:	e1a00003 	mov	r0, r3
",crash/hangs,-,-,-,-,-,-,-,-,-,-,-,-,-,-,-,-,-,-,-,-,-,-,-,-,-,-,-,-,-,-,-,-,-,-,-,-,-,-,-,-,-,-
65,r3,9, 1082017,"  1082a0:	e30c3cc0 	movw	r3, #52416	; 0xccc0
",r0,5, 1082017,"  1082a0:	e30c3cc0 	movw	r3, #52416	; 0xccc0
",r1,20, 1082017,"  1082a0:	e30c3cc0 	movw	r3, #52416	; 0xccc0
",crash/hangs,-,-,-,-,-,-,-,-,-,-,-,-,-,-,-,-,-,-,-,-,-,-,-,-,-,-,-,-,-,-,-,-,-,-,-,-,-,-,-,-,-,-
66,r2,10, 1068287,"  104cfc:	e7933100 	ldr	r3, [r3, r0, lsl #2]
",r1,24, 1068287,"  104cfc:	e7933100 	ldr	r3, [r3, r0, lsl #2]
",r2,20, 1068287,"  104cfc:	e7933100 	ldr	r3, [r3, r0, lsl #2]
",SDC, 722, 227, 3896, 2, 2995, 872, 1, 324, 503, 13, 242, 46200, 293, 3, 240, 4334, 11829, 408, 14, 32475, 8157, 11741, 0, 0, 26, 3167, 3181, 3921, 36, 0, 0, 19, 23, 127, 2, 46311, 37904, 41440, 1, 0, 0, 317
67,r2,26, 1066936,"  1047b8:	e7933100 	ldr	r3, [r3, r0, lsl #2]
",r3,4, 1066936,"  1047b8:	e7933100 	ldr	r3, [r3, r0, lsl #2]
",r3,31, 1066936,"  1047b8:	e7933100 	ldr	r3, [r3, r0, lsl #2]
",SDC, 659, 351, 3867, 5, 2960, 864, 1, 324, 503, 14, 238, 45246, 293, 3, 241, 4389, 12075, 499, 12, 31768, 6924, 11685, 0, 0, 26, 3205, 3160, 3918, 36, 0, 0, 19, 23, 226, 9, 45483, 36549, 40070, 2, 0, 0, 316
68,r1,20, 1078902,"  107674:	e1a00003 	mov	r0, r3
",r0,5, 1078902,"  107674:	e1a00003 	mov	r0, r3
",r3,19, 1078902,"  107674:	e1a00003 	mov	r0, r3
",crash/hangs,-,-,-,-,-,-,-,-,-,-,-,-,-,-,-,-,-,-,-,-,-,-,-,-,-,-,-,-,-,-,-,-,-,-,-,-,-,-,-,-,-,-
69,r0,3, 1071805,"  105abc:	e30b3cc0 	movw	r3, #48320	; 0xbcc0
",r1,16, 1071805,"  105abc:	e30b3cc0 	movw	r3, #48320	; 0xbcc0
",r3,29, 1071805,"  105abc:	e30b3cc0 	movw	r3, #48320	; 0xbcc0
",crash/hangs,-,-,-,-,-,-,-,-,-,-,-,-,-,-,-,-,-,-,-,-,-,-,-,-,-,-,-,-,-,-,-,-,-,-,-,-,-,-,-,-,-,-
70,r3,23, 1073976,"  106338:	e6ef3073 	uxtb	r3, r3
",r1,15, 1073976,"  106338:	e6ef3073 	uxtb	r3, r3
",r0,15, 1073976,"  106338:	e6ef3073 	uxtb	r3, r3
",SDC, 802, 232, 3831, 4, 2961, 854, 1, 339, 503, 13, 226, 44790, 293, 3, 243, 4266, 12303, 418, 14, 32036, 7083, 11565, 0, 0, 26, 3147, 3168, 3853, 35, 0, 0, 19, 23, 128, 4, 45555, 36573, 40331, 1, 0, 0, 316
71,r1,8, 1078563,"  107520:	e51b3020 	ldr	r3, [fp, #-32]	; 0xffffffe0
",r2,17, 1078563,"  107520:	e51b3020 	ldr	r3, [fp, #-32]	; 0xffffffe0
",r1,5, 1078563,"  107520:	e51b3020 	ldr	r3, [fp, #-32]	; 0xffffffe0
",crash/hangs,-,-,-,-,-,-,-,-,-,-,-,-,-,-,-,-,-,-,-,-,-,-,-,-,-,-,-,-,-,-,-,-,-,-,-,-,-,-,-,-,-,-
72,r1,9, 1063129,"  1038d8:	e51b3008 	ldr	r3, [fp, #-8]
",r2,15, 1063129,"  1038d8:	e51b3008 	ldr	r3, [fp, #-8]
",r0,26, 1063129,"  1038d8:	e51b3008 	ldr	r3, [fp, #-8]
",crash/hangs,-,-,-,-,-,-,-,-,-,-,-,-,-,-,-,-,-,-,-,-,-,-,-,-,-,-,-,-,-,-,-,-,-,-,-,-,-,-,-,-,-,-
73,r1,12, 1065397,"  1041b4:	e51b300c 	ldr	r3, [fp, #-12]
",r2,22, 1065397,"  1041b4:	e51b300c 	ldr	r3, [fp, #-12]
",r0,23, 1065397,"  1041b4:	e51b300c 	ldr	r3, [fp, #-12]
",crash/hangs,-,-,-,-,-,-,-,-,-,-,-,-,-,-,-,-,-,-,-,-,-,-,-,-,-,-,-,-,-,-,-,-,-,-,-,-,-,-,-,-,-,-
74,r1,25, 1068141,"  104c6c:	e6ef3073 	uxtb	r3, r3
",r0,28, 1068141,"  104c6c:	e6ef3073 	uxtb	r3, r3
",r1,31, 1068141,"  104c6c:	e6ef3073 	uxtb	r3, r3
",SDC, 722, 235, 3893, 2, 2997, 872, 1, 324, 503, 13, 240, 45296, 293, 3, 235, 4384, 11009, 408, 14, 32594, 7856, 11760, 0, 0, 26, 3170, 3193, 3931, 35, 0, 0, 19, 23, 137, 2, 46077, 37165, 40740, 1, 0, 0, 316
75,r0,24, 1074613,"  1065b4:	e7931101 	ldr	r1, [r3, r1, lsl #2]
",r1,26, 1074613,"  1065b4:	e7931101 	ldr	r1, [r3, r1, lsl #2]
",r3,13, 1074613,"  1065b4:	e7931101 	ldr	r1, [r3, r1, lsl #2]
",crash/hangs,-,-,-,-,-,-,-,-,-,-,-,-,-,-,-,-,-,-,-,-,-,-,-,-,-,-,-,-,-,-,-,-,-,-,-,-,-,-,-,-,-,-
76,r2,12, 1062453,"  103634:	1a00000f 	bne	103678 <set_key+0xa8>
",r0,19, 1062453,"  103634:	1a00000f 	bne	103678 <set_key+0xa8>
",r2,3, 1062453,"  103634:	1a00000f 	bne	103678 <set_key+0xa8>
",crash/hangs,-,-,-,-,-,-,-,-,-,-,-,-,-,-,-,-,-,-,-,-,-,-,-,-,-,-,-,-,-,-,-,-,-,-,-,-,-,-,-,-,-,-
77,r0,24, 1081893,"  108224:	e51b3008 	ldr	r3, [fp, #-8]
",r3,7, 1081893,"  108224:	e51b3008 	ldr	r3, [fp, #-8]
",r2,18, 1081893,"  108224:	e51b3008 	ldr	r3, [fp, #-8]
",crash/hangs,-,-,-,-,-,-,-,-,-,-,-,-,-,-,-,-,-,-,-,-,-,-,-,-,-,-,-,-,-,-,-,-,-,-,-,-,-,-,-,-,-,-
78,r0,29, 1067993,"  104bd8:	e1a00003 	mov	r0, r3
",r2,21, 1067993,"  104bd8:	e1a00003 	mov	r0, r3
",r1,24, 1067993,"  104bd8:	e1a00003 	mov	r0, r3
",SDC, 717, 229, 3882, 2, 2990, 874, 1, 324, 503, 12, 235, 45724, 293, 3, 238, 4829, 11737, 410, 15, 32173, 7957, 11784, 0, 0, 26, 3183, 3180, 3941, 38, 0, 0, 19, 24, 137, 2, 45830, 37661, 41374, 1, 0, 0, 317
79,r2,2, 1063812,"  103b84:	e6ef3073 	uxtb	r3, r3
",r1,14, 1063812,"  103b84:	e6ef3073 	uxtb	r3, r3
",r1,9, 1063812,"  103b84:	e6ef3073 	uxtb	r3, r3
",SDC, 603, 345, 3846, 4, 2945, 868, 1, 324, 503, 13, 227, 44264, 293, 3, 234, 4276, 11169, 410, 15, 31462, 6939, 11613, 0, 0, 26, 3191, 3123, 3911, 35, 0, 0, 17, 21, 293, 4, 45064, 36204, 39806, 1, 0, 0, 317
80,r3,4, 1063412,"  1039f4:	e51b3008 	ldr	r3, [fp, #-8]
",r0,25, 1063412,"  1039f4:	e51b3008 	ldr	r3, [fp, #-8]
",r2,16, 1063412,"  1039f4:	e51b3008 	ldr	r3, [fp, #-8]
",crash/hangs,-,-,-,-,-,-,-,-,-,-,-,-,-,-,-,-,-,-,-,-,-,-,-,-,-,-,-,-,-,-,-,-,-,-,-,-,-,-,-,-,-,-
81,r0,8, 1072634,"  105df8:	e1a03423 	lsr	r3, r3, #8
",r0,18, 1072634,"  105df8:	e1a03423 	lsr	r3, r3, #8
",r3,27, 1072634,"  105df8:	e1a03423 	lsr	r3, r3, #8
",benign, 856, 226, 3838, 2, 2954, 846, 1, 340, 504, 12, 224, 45092, 294, 3, 239, 4564, 11182, 419, 13, 32283, 8411, 11643, 0, 0, 26, 3161, 3153, 3832, 34, 0, 0, 19, 23, 127, 2, 45910, 37353, 40840, 1, 0, 0, 317
82,r0,10, 1075796,"  106a54:	e51b3008 	ldr	r3, [fp, #-8]
",r1,8, 1075796,"  106a54:	e51b3008 	ldr	r3, [fp, #-8]
",r3,17, 1075796,"  106a54:	e51b3008 	ldr	r3, [fp, #-8]
",crash/hangs,-,-,-,-,-,-,-,-,-,-,-,-,-,-,-,-,-,-,-,-,-,-,-,-,-,-,-,-,-,-,-,-,-,-,-,-,-,-,-,-,-,-
83,r0,30, 1079492,"  1078c4:	e7931101 	ldr	r1, [r3, r1, lsl #2]
",r2,24, 1079492,"  1078c4:	e7931101 	ldr	r1, [r3, r1, lsl #2]
",r1,13, 1079492,"  1078c4:	e7931101 	ldr	r1, [r3, r1, lsl #2]
",crash/hangs,-,-,-,-,-,-,-,-,-,-,-,-,-,-,-,-,-,-,-,-,-,-,-,-,-,-,-,-,-,-,-,-,-,-,-,-,-,-,-,-,-,-
84,r1,10, 1065529,"  104238:	e2833008 	add	r3, r3, #8
",r1,30, 1065529,"  104238:	e2833008 	add	r3, r3, #8
",r1,1, 1065529,"  104238:	e2833008 	add	r3, r3, #8
",benign, 633, 227, 3830, 2, 2947, 847, 1, 340, 505, 12, 226, 45962, 294, 3, 243, 4541, 12003, 408, 9, 32567, 7976, 11500, 0, 0, 26, 3163, 3153, 3816, 34, 0, 0, 19, 23, 137, 2, 46214, 37698, 41279, 1, 0, 0, 316
85,r0,1, 1077631,"  10717c:	e0233002 	eor	r3, r3, r2
",r2,7, 1077631,"  10717c:	e0233002 	eor	r3, r3, r2
",r2,28, 1077631,"  10717c:	e0233002 	eor	r3, r3, r2
",crash/hangs,-,-,-,-,-,-,-,-,-,-,-,-,-,-,-,-,-,-,-,-,-,-,-,-,-,-,-,-,-,-,-,-,-,-,-,-,-,-,-,-,-,-
86,r3,15, 1077492,"  1070f4:	e5932000 	ldr	r2, [r3]
",r0,9, 1077492,"  1070f4:	e5932000 	ldr	r2, [r3]
",r2,2, 1077492,"  1070f4:	e5932000 	ldr	r2, [r3]
",crash/hangs,-,-,-,-,-,-,-,-,-,-,-,-,-,-,-,-,-,-,-,-,-,-,-,-,-,-,-,-,-,-,-,-,-,-,-,-,-,-,-,-,-,-
87,r3,3, 1074931,"  1066f0:	e6ef3073 	uxtb	r3, r3
",r3,24, 1074931,"  1066f0:	e6ef3073 	uxtb	r3, r3
",r1,4, 1074931,"  1066f0:	e6ef3073 	uxtb	r3, r3
",crash/hangs,-,-,-,-,-,-,-,-,-,-,-,-,-,-,-,-,-,-,-,-,-,-,-,-,-,-,-,-,-,-,-,-,-,-,-,-,-,-,-,-,-,-
88,r0,2, 1079232,"  1077c0:	e1a03823 	lsr	r3, r3, #16
",r3,13, 1079232,"  1077c0:	e1a03823 	lsr	r3, r3, #16
",r2,28, 1079232,"  1077c0:	e1a03823 	lsr	r3, r3, #16
",crash/hangs,-,-,-,-,-,-,-,-,-,-,-,-,-,-,-,-,-,-,-,-,-,-,-,-,-,-,-,-,-,-,-,-,-,-,-,-,-,-,-,-,-,-
89,r1,6, 1065113,"  104098:	e0222001 	eor	r2, r2, r1
",r2,14, 1065113,"  104098:	e0222001 	eor	r2, r2, r1
",r0,29, 1065113,"  104098:	e0222001 	eor	r2, r2, r1
",crash/hangs,-,-,-,-,-,-,-,-,-,-,-,-,-,-,-,-,-,-,-,-,-,-,-,-,-,-,-,-,-,-,-,-,-,-,-,-,-,-,-,-,-,-
90,r0,25, 1076369,"  106c90:	e51b3028 	ldr	r3, [fp, #-40]	; 0xffffffd8
",r0,10, 1076369,"  106c90:	e51b3028 	ldr	r3, [fp, #-40]	; 0xffffffd8
",r2,16, 1076369,"  106c90:	e51b3028 	ldr	r3, [fp, #-40]	; 0xffffffd8
",crash/hangs,-,-,-,-,-,-,-,-,-,-,-,-,-,-,-,-,-,-,-,-,-,-,-,-,-,-,-,-,-,-,-,-,-,-,-,-,-,-,-,-,-,-
91,r3,28, 1077573,"  107144:	e30c3cc0 	movw	r3, #52416	; 0xccc0
",r2,14, 1077573,"  107144:	e30c3cc0 	movw	r3, #52416	; 0xccc0
",r0,18, 1077573,"  107144:	e30c3cc0 	movw	r3, #52416	; 0xccc0
",crash/hangs,-,-,-,-,-,-,-,-,-,-,-,-,-,-,-,-,-,-,-,-,-,-,-,-,-,-,-,-,-,-,-,-,-,-,-,-,-,-,-,-,-,-
92,r3,30, 1067069,"  10483c:	e51b301c 	ldr	r3, [fp, #-28]	; 0xffffffe4
",r3,17, 1067069,"  10483c:	e51b301c 	ldr	r3, [fp, #-28]	; 0xffffffe4
",r2,26, 1067069,"  10483c:	e51b301c 	ldr	r3, [fp, #-28]	; 0xffffffe4
",SDC, 685, 221, 3874, 2, 2996, 878, 1, 324, 503, 13, 230, 46131, 293, 3, 235, 4121, 11869, 408, 13, 32898, 7833, 11762, 0, 0, 26, 3193, 3141, 3912, 33, 0, 0, 19, 23, 127, 2, 46815, 38120, 41677, 1, 0, 0, 316
93,r3,20, 1078165,"  107394:	e51b3014 	ldr	r3, [fp, #-20]	; 0xffffffec
",r1,26, 1078165,"  107394:	e51b3014 	ldr	r3, [fp, #-20]	; 0xffffffec
",r3,31, 1078165,"  107394:	e51b3014 	ldr	r3, [fp, #-20]	; 0xffffffec
",crash/hangs,-,-,-,-,-,-,-,-,-,-,-,-,-,-,-,-,-,-,-,-,-,-,-,-,-,-,-,-,-,-,-,-,-,-,-,-,-,-,-,-,-,-
94,r2,12, 1074550,"  106574:	e353000e 	cmp	r3, #14
",r2,18, 1074550,"  106574:	e353000e 	cmp	r3, #14
",r0,0, 1074550,"  106574:	e353000e 	cmp	r3, #14
",crash/hangs,-,-,-,-,-,-,-,-,-,-,-,-,-,-,-,-,-,-,-,-,-,-,-,-,-,-,-,-,-,-,-,-,-,-,-,-,-,-,-,-,-,-
95,r0,21, 1067727,"  104acc:	e2833014 	add	r3, r3, #20
",r2,19, 1067727,"  104acc:	e2833014 	add	r3, r3, #20
",r1,3, 1067727,"  104acc:	e2833014 	add	r3, r3, #20
",benign, 707, 228, 3836, 2, 2962, 847, 1, 340, 505, 13, 226, 45313, 294, 3, 240, 4614, 11487, 417, 14, 32011, 8102, 11640, 0, 0, 26, 3155, 3166, 3848, 38, 0, 0, 19, 23, 137, 2, 46248, 37374, 40986, 1, 0, 0, 316
96,r2,2, 1081709,"  10816c:	e1a00003 	mov	r0, r3
",r3,17, 1081709,"  10816c:	e1a00003 	mov	r0, r3
",r1,25, 1081709,"  10816c:	e1a00003 	mov	r0, r3
",crash/hangs,-,-,-,-,-,-,-,-,-,-,-,-,-,-,-,-,-,-,-,-,-,-,-,-,-,-,-,-,-,-,-,-,-,-,-,-,-,-,-,-,-,-
97,r3,7, 1080294,"  107be4:	e51b300c 	ldr	r3, [fp, #-12]
",r1,9, 1080294,"  107be4:	e51b300c 	ldr	r3, [fp, #-12]
",r3,12, 1080294,"  107be4:	e51b300c 	ldr	r3, [fp, #-12]
",crash/hangs,-,-,-,-,-,-,-,-,-,-,-,-,-,-,-,-,-,-,-,-,-,-,-,-,-,-,-,-,-,-,-,-,-,-,-,-,-,-,-,-,-,-
98,r2,10, 1082978,"  108660:	e1a01003 	mov	r1, r3
",r0,17, 1082978,"  108660:	e1a01003 	mov	r1, r3
",r3,17, 1082978,"  108660:	e1a01003 	mov	r1, r3
",crash/hangs,-,-,-,-,-,-,-,-,-,-,-,-,-,-,-,-,-,-,-,-,-,-,-,-,-,-,-,-,-,-,-,-,-,-,-,-,-,-,-,-,-,-
99,r1,24, 1079806,"  1079fc:	e1a03423 	lsr	r3, r3, #8
",r3,4, 1079806,"  1079fc:	e1a03423 	lsr	r3, r3, #8
",r3,8, 1079806,"  1079fc:	e1a03423 	lsr	r3, r3, #8
",crash/hangs,-,-,-,-,-,-,-,-,-,-,-,-,-,-,-,-,-,-,-,-,-,-,-,-,-,-,-,-,-,-,-,-,-,-,-,-,-,-,-,-,-,-
100,r2,30, 1065407,"  1041bc:	e50b100c 	str	r1, [fp, #-12]
",r3,21, 1065407,"  1041bc:	e50b100c 	str	r1, [fp, #-12]
",r3,2, 1065407,"  1041bc:	e50b100c 	str	r1, [fp, #-12]
",crash/hangs,-,-,-,-,-,-,-,-,-,-,-,-,-,-,-,-,-,-,-,-,-,-,-,-,-,-,-,-,-,-,-,-,-,-,-,-,-,-,-,-,-,-
101,r3,23, 1063064,"  103898:	e2833014 	add	r3, r3, #20
",r2,21, 1063064,"  103898:	e2833014 	add	r3, r3, #20
",r3,21, 1063064,"  103898:	e2833014 	add	r3, r3, #20
",crash/hangs,-,-,-,-,-,-,-,-,-,-,-,-,-,-,-,-,-,-,-,-,-,-,-,-,-,-,-,-,-,-,-,-,-,-,-,-,-,-,-,-,-,-
102,r2,25, 1082276,"  1083a4:	e6ef3073 	uxtb	r3, r3
",r0,11, 1082276,"  1083a4:	e6ef3073 	uxtb	r3, r3
",r0,0, 1082276,"  1083a4:	e6ef3073 	uxtb	r3, r3
",crash/hangs,-,-,-,-,-,-,-,-,-,-,-,-,-,-,-,-,-,-,-,-,-,-,-,-,-,-,-,-,-,-,-,-,-,-,-,-,-,-,-,-,-,-
103,r0,29, 1076973,"  106eec:	e0211003 	eor	r1, r1, r3
",r1,29, 1076973,"  106eec:	e0211003 	eor	r1, r1, r3
",r3,4, 1076973,"  106eec:	e0211003 	eor	r1, r1, r3
",crash/hangs,-,-,-,-,-,-,-,-,-,-,-,-,-,-,-,-,-,-,-,-,-,-,-,-,-,-,-,-,-,-,-,-,-,-,-,-,-,-,-,-,-,-
104,r2,4, 1074370,"  1064c0:	e51b3038 	ldr	r3, [fp, #-56]	; 0xffffffc8
",r3,16, 1074370,"  1064c0:	e51b3038 	ldr	r3, [fp, #-56]	; 0xffffffc8
",r1,27, 1074370,"  1064c0:	e51b3038 	ldr	r3, [fp, #-56]	; 0xffffffc8
",crash/hangs,-,-,-,-,-,-,-,-,-,-,-,-,-,-,-,-,-,-,-,-,-,-,-,-,-,-,-,-,-,-,-,-,-,-,-,-,-,-,-,-,-,-
105,r1,1, 1082533,"  1084a4:	e7931101 	ldr	r1, [r3, r1, lsl #2]
",r1,8, 1082533,"  1084a4:	e7931101 	ldr	r1, [r3, r1, lsl #2]
",r2,21, 1082533,"  1084a4:	e7931101 	ldr	r1, [r3, r1, lsl #2]
",crash/hangs,-,-,-,-,-,-,-,-,-,-,-,-,-,-,-,-,-,-,-,-,-,-,-,-,-,-,-,-,-,-,-,-,-,-,-,-,-,-,-,-,-,-
106,r0,26, 1074126,"  1063cc:	e51b300c 	ldr	r3, [fp, #-12]
",r3,3, 1074126,"  1063cc:	e51b300c 	ldr	r3, [fp, #-12]
",r3,29, 1074126,"  1063cc:	e51b300c 	ldr	r3, [fp, #-12]
",benign, 904, 1261, 3832, 2, 2970, 853, 1, 340, 504, 12, 224, 45820, 294, 3, 241, 4550, 11705, 409, 13, 32200, 7872, 11623, 0, 0, 26, 3164, 3148, 3839, 35, 0, 0, 19, 23, 136, 2, 46020, 37349, 40813, 1, 0, 0, 316
107,r2,1, 1080894,"  107e3c:	e7933100 	ldr	r3, [r3, r0, lsl #2]
",r1,2, 1080894,"  107e3c:	e7933100 	ldr	r3, [r3, r0, lsl #2]
",r1,31, 1080894,"  107e3c:	e7933100 	ldr	r3, [r3, r0, lsl #2]
",crash/hangs,-,-,-,-,-,-,-,-,-,-,-,-,-,-,-,-,-,-,-,-,-,-,-,-,-,-,-,-,-,-,-,-,-,-,-,-,-,-,-,-,-,-
108,r2,5, 1070370,"  105520:	e3403011 	movt	r3, #17
",r2,10, 1070370,"  105520:	e3403011 	movt	r3, #17
",r1,22, 1070370,"  105520:	e3403011 	movt	r3, #17
",SDC, 791, 222, 3919, 2, 3026, 877, 1, 324, 504, 12, 241, 45451, 293, 3, 237, 4622, 12266, 420, 13, 32541, 7951, 11743, 0, 0, 26, 3170, 3166, 3922, 34, 0, 0, 17, 21, 125, 2, 46119, 37311, 40940, 1, 0, 0, 317
109,r3,13, 1064187,"  103cf8:	e5933000 	ldr	r3, [r3]
",r2,9, 1064187,"  103cf8:	e5933000 	ldr	r3, [r3]
",r1,31, 1064187,"  103cf8:	e5933000 	ldr	r3, [r3]
",crash/hangs,-,-,-,-,-,-,-,-,-,-,-,-,-,-,-,-,-,-,-,-,-,-,-,-,-,-,-,-,-,-,-,-,-,-,-,-,-,-,-,-,-,-
110,r2,18, 1064439,"  103df4:	e50b300c 	str	r3, [fp, #-12]
",r2,16, 1064439,"  103df4:	e50b300c 	str	r3, [fp, #-12]
",r0,28, 1064439,"  103df4:	e50b300c 	str	r3, [fp, #-12]
",crash/hangs,-,-,-,-,-,-,-,-,-,-,-,-,-,-,-,-,-,-,-,-,-,-,-,-,-,-,-,-,-,-,-,-,-,-,-,-,-,-,-,-,-,-
111,r1,13, 1079333,"  107824:	e30c3cc0 	movw	r3, #52416	; 0xccc0
",r3,22, 1079333,"  107824:	e30c3cc0 	movw	r3, #52416	; 0xccc0
",r2,29, 1079333,"  107824:	e30c3cc0 	movw	r3, #52416	; 0xccc0
",crash/hangs,-,-,-,-,-,-,-,-,-,-,-,-,-,-,-,-,-,-,-,-,-,-,-,-,-,-,-,-,-,-,-,-,-,-,-,-,-,-,-,-,-,-
112,r1,0, 1077356,"  10706c:	e30c3cc0 	movw	r3, #52416	; 0xccc0
",r3,19, 1077356,"  10706c:	e30c3cc0 	movw	r3, #52416	; 0xccc0
",r2,13, 1077356,"  10706c:	e30c3cc0 	movw	r3, #52416	; 0xccc0
",crash/hangs,-,-,-,-,-,-,-,-,-,-,-,-,-,-,-,-,-,-,-,-,-,-,-,-,-,-,-,-,-,-,-,-,-,-,-,-,-,-,-,-,-,-
113,r0,10, 1077182,"  106fbc:	e51b3008 	ldr	r3, [fp, #-8]
",r1,17, 1077182,"  106fbc:	e51b3008 	ldr	r3, [fp, #-8]
",r0,10, 1077182,"  106fbc:	e51b3008 	ldr	r3, [fp, #-8]
",crash/hangs,-,-,-,-,-,-,-,-,-,-,-,-,-,-,-,-,-,-,-,-,-,-,-,-,-,-,-,-,-,-,-,-,-,-,-,-,-,-,-,-,-,-
114,r0,28, 1066885,"  104784:	e1a00003 	mov	r0, r3
",r1,13, 1066885,"  104784:	e1a00003 	mov	r0, r3
",r0,28, 1066885,"  104784:	e1a00003 	mov	r0, r3
",SDC, 677, 225, 3892, 2, 2997, 873, 1, 324, 503, 13, 228, 45590, 293, 3, 236, 4279, 11368, 418, 14, 31784, 7635, 11748, 0, 0, 26, 3199, 3149, 3927, 38, 0, 0, 17, 22, 126, 2, 46235, 37064, 40771, 1, 0, 0, 316
115,r0,30, 1070980,"  105784:	e2800c01 	add	r0, r0, #256	; 0x100
",r0,19, 1070980,"  105784:	e2800c01 	add	r0, r0, #256	; 0x100
",r1,28, 1070980,"  105784:	e2800c01 	add	r0, r0, #256	; 0x100
",SDC, 788, 356, 3860, 4, 2957, 865, 1, 324, 504, 13, 238, 44616, 293, 3, 241, 3995, 11949, 410, 12, 31867, 7060, 11675, 0, 0, 26, 3160, 3193, 3913, 32, 0, 0, 17, 21, 135, 4, 45715, 36681, 40445, 1, 0, 0, 317
116,r3,14, 1073017,"  105f78:	e1a00003 	mov	r0, r3
",r1,18, 1073017,"  105f78:	e1a00003 	mov	r0, r3
",r0,24, 1073017,"  105f78:	e1a00003 	mov	r0, r3
",SDC, 940, 350, 3862, 2, 2957, 864, 1, 324, 504, 13, 239, 46229, 293, 3, 235, 4315, 12091, 418, 12, 32648, 7616, 11765, 0, 0, 26, 3183, 3150, 3915, 35, 0, 0, 19, 24, 127, 2, 46265, 37674, 41255, 1, 0, 0, 317
117,r1,3, 1082640,"  108510:	e0233001 	eor	r3, r3, r1
",r1,1, 1082640,"  108510:	e0233001 	eor	r3, r3, r1
",r3,25, 1082640,"  108510:	e0233001 	eor	r3, r3, r1
",crash/hangs,-,-,-,-,-,-,-,-,-,-,-,-,-,-,-,-,-,-,-,-,-,-,-,-,-,-,-,-,-,-,-,-,-,-,-,-,-,-,-,-,-,-
118,r3,22, 1066894,"  10478c:	e3403011 	movt	r3, #17
",r0,1, 1066894,"  10478c:	e3403011 	movt	r3, #17
",r1,23, 1066894,"  10478c:	e3403011 	movt	r3, #17
",SDC, 677, 227, 3896, 2, 2995, 872, 1, 324, 503, 13, 233, 44883, 293, 3, 237, 4634, 11425, 419, 18, 31924, 7948, 11771, 0, 0, 26, 3211, 3152, 3911, 36, 0, 0, 19, 23, 127, 2, 45899, 37439, 41192, 1, 0, 0, 316
119,r3,22, 1083035,"  108698:	e1a03823 	lsr	r3, r3, #16
",r3,12, 1083035,"  108698:	e1a03823 	lsr	r3, r3, #16
",r0,27, 1083035,"  108698:	e1a03823 	lsr	r3, r3, #16
",crash/hangs,-,-,-,-,-,-,-,-,-,-,-,-,-,-,-,-,-,-,-,-,-,-,-,-,-,-,-,-,-,-,-,-,-,-,-,-,-,-,-,-,-,-
120,r2,31, 1076354,"  106c80:	e3403011 	movt	r3, #17
",r3,23, 1076354,"  106c80:	e3403011 	movt	r3, #17
",r3,18, 1076354,"  106c80:	e3403011 	movt	r3, #17
",crash/hangs,-,-,-,-,-,-,-,-,-,-,-,-,-,-,-,-,-,-,-,-,-,-,-,-,-,-,-,-,-,-,-,-,-,-,-,-,-,-,-,-,-,-
121,r0,18, 1070242,"  1054a0:	e6ef3073 	uxtb	r3, r3
",r3,22, 1070242,"  1054a0:	e6ef3073 	uxtb	r3, r3
",r1,10, 1070242,"  1054a0:	e6ef3073 	uxtb	r3, r3
",SDC, 783, 226, 3895, 2, 2999, 875, 1, 324, 503, 12, 233, 45815, 293, 3, 235, 4194, 11771, 408, 10, 32078, 7677, 11774, 0, 0, 26, 3193, 3160, 3909, 34, 0, 0, 17, 21, 126, 2, 45961, 37697, 41362, 1, 0, 0, 317
122,r0,29, 1062939,"  103818:	e6ef3073 	uxtb	r3, r3
",r1,19, 1062939,"  103818:	e6ef3073 	uxtb	r3, r3
",r0,11, 1062939,"  103818:	e6ef3073 	uxtb	r3, r3
",crash/hangs,-,-,-,-,-,-,-,-,-,-,-,-,-,-,-,-,-,-,-,-,-,-,-,-,-,-,-,-,-,-,-,-,-,-,-,-,-,-,-,-,-,-
123,r1,21, 1068508,"  104ddc:	e1a01003 	mov	r1, r3
",r0,29, 1068508,"  104ddc:	e1a01003 	mov	r1, r3
",r0,13, 1068508,"  104ddc:	e1a01003 	mov	r1, r3
",benign, 628, 229, 3835, 4, 2957, 846, 1, 340, 505, 12, 228, 45058, 294, 3, 241, 4302, 12077, 418, 13, 32030, 7266, 11518, 0, 0, 26, 3156, 3158, 3844, 37, 0, 0, 19, 23, 204, 4, 45684, 36711, 40248, 1, 0, 0, 316
124,r3,19, 1075609,"  106998:	e6ef3073 	uxtb	r3, r3
",r3,29, 1075609,"  106998:	e6ef3073 	uxtb	r3, r3
",r1,9, 1075609,"  106998:	e6ef3073 	uxtb	r3, r3
",crash/hangs,-,-,-,-,-,-,-,-,-,-,-,-,-,-,-,-,-,-,-,-,-,-,-,-,-,-,-,-,-,-,-,-,-,-,-,-,-,-,-,-,-,-
125,r1,10, 1081977,"  108278:	e1a00003 	mov	r0, r3
",r1,10, 1081977,"  108278:	e1a00003 	mov	r0, r3
",r0,30, 1081977,"  108278:	e1a00003 	mov	r0, r3
",crash/hangs,-,-,-,-,-,-,-,-,-,-,-,-,-,-,-,-,-,-,-,-,-,-,-,-,-,-,-,-,-,-,-,-,-,-,-,-,-,-,-,-,-,-
126,r0,21, 1069353,"  105128:	e0211003 	eor	r1, r1, r3
",r1,17, 1069353,"  105128:	e0211003 	eor	r1, r1, r3
",r0,7, 1069353,"  105128:	e0211003 	eor	r1, r1, r3
",SDC, 758, 227, 3894, 2, 2994, 871, 1, 324, 504, 12, 246, 45960, 293, 3, 236, 5193, 11054, 410, 13, 32928, 8794, 11729, 0, 0, 26, 3185, 3168, 3917, 36, 0, 0, 17, 21, 135, 2, 46233, 37721, 41287, 1, 0, 0, 317
127,r0,8, 1064495,"  103e2c:	e50b3008 	str	r3, [fp, #-8]
",r1,12, 1064495,"  103e2c:	e50b3008 	str	r3, [fp, #-8]
",r0,5, 1064495,"  103e2c:	e50b3008 	str	r3, [fp, #-8]
",crash/hangs,-,-,-,-,-,-,-,-,-,-,-,-,-,-,-,-,-,-,-,-,-,-,-,-,-,-,-,-,-,-,-,-,-,-,-,-,-,-,-,-,-,-
128,r1,9, 1078361,"  107458:	e6ef3073 	uxtb	r3, r3
",r0,29, 1078361,"  107458:	e6ef3073 	uxtb	r3, r3
",r2,13, 1078361,"  107458:	e6ef3073 	uxtb	r3, r3
",crash/hangs,-,-,-,-,-,-,-,-,-,-,-,-,-,-,-,-,-,-,-,-,-,-,-,-,-,-,-,-,-,-,-,-,-,-,-,-,-,-,-,-,-,-
129,r2,18, 1072529,"  105d90:	e30b3cc0 	movw	r3, #48320	; 0xbcc0
",r3,13, 1072529,"  105d90:	e30b3cc0 	movw	r3, #48320	; 0xbcc0
",r0,27, 1072529,"  105d90:	e30b3cc0 	movw	r3, #48320	; 0xbcc0
",SDC, 852, 220, 3877, 2, 2999, 876, 1, 324, 503, 13, 235, 46249, 293, 3, 233, 4508, 11967, 410, 13, 32958, 8578, 11763, 0, 0, 26, 3194, 3169, 3923, 36, 0, 0, 17, 21, 125, 2, 46551, 37536, 41252, 1, 0, 0, 317
130,r2,5, 1071333,"  1058e4:	e51b300c 	ldr	r3, [fp, #-12]
",r0,29, 1071333,"  1058e4:	e51b300c 	ldr	r3, [fp, #-12]
",r2,28, 1071333,"  1058e4:	e51b300c 	ldr	r3, [fp, #-12]
",SDC, 884, 354, 3868, 2, 2962, 867, 1, 324, 503, 13, 230, 45938, 293, 3, 235, 3957, 11710, 418, 14, 32641, 7574, 11762, 0, 0, 26, 3199, 3164, 3922, 36, 0, 0, 19, 23, 137, 2, 46562, 37740, 41240, 1, 0, 0, 316
131,r3,6, 1066100,"  104474:	e2800c01 	add	r0, r0, #256	; 0x100
",r0,5, 1066100,"  104474:	e2800c01 	add	r0, r0, #256	; 0x100
",r3,13, 1066100,"  104474:	e2800c01 	add	r0, r0, #256	; 0x100
",SDC, 629, 348, 3851, 5, 2968, 868, 1, 324, 503, 13, 231, 44894, 293, 3, 241, 4174, 12074, 511, 11, 31731, 6733, 11654, 0, 0, 26, 3176, 3158, 3914, 38, 0, 0, 17, 21, 217, 8, 45506, 36721, 40265, 2, 0, 0, 317
132,r2,31, 1078760,"  1075e8:	e2800c01 	add	r0, r0, #256	; 0x100
",r0,18, 1078760,"  1075e8:	e2800c01 	add	r0, r0, #256	; 0x100
",r0,0, 1078760,"  1075e8:	e2800c01 	add	r0, r0, #256	; 0x100
",crash/hangs,-,-,-,-,-,-,-,-,-,-,-,-,-,-,-,-,-,-,-,-,-,-,-,-,-,-,-,-,-,-,-,-,-,-,-,-,-,-,-,-,-,-
133,r3,14, 1073743,"  10624c:	e1a00003 	mov	r0, r3
",r1,27, 1073743,"  10624c:	e1a00003 	mov	r0, r3
",r3,7, 1073743,"  10624c:	e1a00003 	mov	r0, r3
",SDC, 901, 1292, 3874, 3, 2983, 858, 1, 336, 504, 13, 227, 46486, 293, 3, 241, 4694, 12023, 485, 14, 32714, 7785, 11645, 0, 0, 26, 3160, 3187, 3871, 37, 0, 0, 19, 23, 201, 4, 46584, 37968, 41654, 2, 0, 0, 316
num,reg,pos,loc,reg,pos,loc,reg,pos,loc,instraction,res,0,1,2,3,4,5,6,7,8,9,10,11,12,13,14,15,16,17,18,19,20,21,22,23,24,25,26,27,28,29,30,31,32,33,34,35,36,37,38,39,40,41
0,r2,9, 1069487,"  1051ac:	e1a00003 	mov	r0, r3
",r2,17, 1069487,"  1051ac:	e1a00003 	mov	r0, r3
",r0,8, 1069487,"  1051ac:	e1a00003 	mov	r0, r3
",SDC, 752, 218, 3855, 2, 2958, 869, 1, 324, 504, 12, 244, 46042, 293, 3, 234, 4430, 11738, 410, 11, 32473, 8352, 11788, 0, 0, 26, 3187, 3158, 3925, 36, 0, 0, 19, 23, 137, 2, 46596, 38128, 41838, 1, 0, 0, 317
1,r2,13, 1076331,"  106c68:	e0211003 	eor	r1, r1, r3
",r2,4, 1076331,"  106c68:	e0211003 	eor	r1, r1, r3
",r2,30, 1076331,"  106c68:	e0211003 	eor	r1, r1, r3
",crash/hangs,-,-,-,-,-,-,-,-,-,-,-,-,-,-,-,-,-,-,-,-,-,-,-,-,-,-,-,-,-,-,-,-,-,-,-,-,-,-,-,-,-,-
2,r1,29, 1080484,"  107ca4:	e1a03c23 	lsr	r3, r3, #24
",r1,26, 1080484,"  107ca4:	e1a03c23 	lsr	r3, r3, #24
",r0,7, 1080484,"  107ca4:	e1a03c23 	lsr	r3, r3, #24
",crash/hangs,-,-,-,-,-,-,-,-,-,-,-,-,-,-,-,-,-,-,-,-,-,-,-,-,-,-,-,-,-,-,-,-,-,-,-,-,-,-,-,-,-,-
3,r2,27, 1070023,"  1053c4:	e51b3018 	ldr	r3, [fp, #-24]	; 0xffffffe8
",r2,14, 1070023,"  1053c4:	e51b3018 	ldr	r3, [fp, #-24]	; 0xffffffe8
",r3,10, 1070023,"  1053c4:	e51b3018 	ldr	r3, [fp, #-24]	; 0xffffffe8
",SDC, 779, 223, 3893, 2, 2993, 871, 1, 324, 504, 13, 230, 45873, 293, 3, 247, 4061, 12354, 428, 16, 32549, 7663, 11735, 0, 0, 26, 3207, 3171, 3921, 36, 0, 0, 19, 23, 137, 2, 46172, 37586, 41104, 1, 0, 0, 316
4,r1,20, 1082090,"  1082e8:	e6ef3073 	uxtb	r3, r3
",r2,26, 1082090,"  1082e8:	e6ef3073 	uxtb	r3, r3
",r3,26, 1082090,"  1082e8:	e6ef3073 	uxtb	r3, r3
",crash/hangs,-,-,-,-,-,-,-,-,-,-,-,-,-,-,-,-,-,-,-,-,-,-,-,-,-,-,-,-,-,-,-,-,-,-,-,-,-,-,-,-,-,-
5,r0,24, 1077095,"  106f64:	e7933100 	ldr	r3, [r3, r0, lsl #2]
",r2,20, 1077095,"  106f64:	e7933100 	ldr	r3, [r3, r0, lsl #2]
",r0,19, 1077095,"  106f64:	e7933100 	ldr	r3, [r3, r0, lsl #2]
",crash/hangs,-,-,-,-,-,-,-,-,-,-,-,-,-,-,-,-,-,-,-,-,-,-,-,-,-,-,-,-,-,-,-,-,-,-,-,-,-,-,-,-,-,-
6,r1,31, 1082506,"  108488:	e2833090 	add	r3, r3, #144	; 0x90
",r2,25, 1082506,"  108488:	e2833090 	add	r3, r3, #144	; 0x90
",r3,0, 1082506,"  108488:	e2833090 	add	r3, r3, #144	; 0x90
",crash/hangs,-,-,-,-,-,-,-,-,-,-,-,-,-,-,-,-,-,-,-,-,-,-,-,-,-,-,-,-,-,-,-,-,-,-,-,-,-,-,-,-,-,-
7,r3,27, 1062957,"  10382c:	e7933100 	ldr	r3, [r3, r0, lsl #2]
",r3,27, 1062957,"  10382c:	e7933100 	ldr	r3, [r3, r0, lsl #2]
",r3,20, 1062957,"  10382c:	e7933100 	ldr	r3, [r3, r0, lsl #2]
",crash/hangs,-,-,-,-,-,-,-,-,-,-,-,-,-,-,-,-,-,-,-,-,-,-,-,-,-,-,-,-,-,-,-,-,-,-,-,-,-,-,-,-,-,-
8,r1,3, 1075345,"  106890:	e2833014 	add	r3, r3, #20
",r0,5, 1075345,"  106890:	e2833014 	add	r3, r3, #20
",r0,2, 1075345,"  106890:	e2833014 	add	r3, r3, #20
",crash/hangs,-,-,-,-,-,-,-,-,-,-,-,-,-,-,-,-,-,-,-,-,-,-,-,-,-,-,-,-,-,-,-,-,-,-,-,-,-,-,-,-,-,-
9,r0,17, 1069532,"  1051dc:	e2800c03 	add	r0, r0, #768	; 0x300
",r3,10, 1069532,"  1051dc:	e2800c03 	add	r0, r0, #768	; 0x300
",r0,15, 1069532,"  1051dc:	e2800c03 	add	r0, r0, #768	; 0x300
",SDC, 663, 228, 3898, 5, 2995, 870, 1, 324, 503, 13, 237, 45237, 293, 3, 239, 4142, 11917, 557, 13, 31820, 6858, 11641, 0, 0, 26, 3180, 3159, 3933, 35, 0, 0, 17, 21, 137, 8, 45536, 36585, 40357, 2, 0, 0, 317
10,r0,11, 1082581,"  1084d4:	e6ef3073 	uxtb	r3, r3
",r1,22, 1082581,"  1084d4:	e6ef3073 	uxtb	r3, r3
",r3,28, 1082581,"  1084d4:	e6ef3073 	uxtb	r3, r3
",crash/hangs,-,-,-,-,-,-,-,-,-,-,-,-,-,-,-,-,-,-,-,-,-,-,-,-,-,-,-,-,-,-,-,-,-,-,-,-,-,-,-,-,-,-
11,r2,24, 1080847,"  107e0c:	e6ef3073 	uxtb	r3, r3
",r1,26, 1080847,"  107e0c:	e6ef3073 	uxtb	r3, r3
",r1,23, 1080847,"  107e0c:	e6ef3073 	uxtb	r3, r3
",crash/hangs,-,-,-,-,-,-,-,-,-,-,-,-,-,-,-,-,-,-,-,-,-,-,-,-,-,-,-,-,-,-,-,-,-,-,-,-,-,-,-,-,-,-
12,r1,21, 1069479,"  1051a4:	e1a03823 	lsr	r3, r3, #16
",r3,0, 1069479,"  1051a4:	e1a03823 	lsr	r3, r3, #16
",r3,31, 1069479,"  1051a4:	e1a03823 	lsr	r3, r3, #16
",SDC, 760, 235, 3873, 2, 2999, 877, 1, 324, 504, 12, 236, 46210, 293, 3, 237, 4186, 11784, 464, 13, 32578, 8098, 11729, 0, 0, 26, 3155, 3187, 3924, 35, 0, 0, 19, 23, 127, 2, 46480, 37860, 41435, 1, 0, 0, 316
13,r1,31, 1065541,"  104244:	e5d33208 	ldrb	r3, [r3, #520]	; 0x208
",r0,7, 1065541,"  104244:	e5d33208 	ldrb	r3, [r3, #520]	; 0x208
",r0,20, 1065541,"  104244:	e5d33208 	ldrb	r3, [r3, #520]	; 0x208
",benign, 707, 348, 3784, 2, 2917, 846, 1, 340, 504, 13, 223, 45305, 294, 3, 237, 4099, 11929, 409, 12, 31962, 7984, 11576, 0, 0, 26, 3152, 3172, 3824, 37, 0, 0, 19, 24, 138, 2, 45871, 37158, 40872, 1, 0, 0, 317
14,r3,5, 1067559,"  104a24:	e0233001 	eor	r3, r3, r1
",r1,15, 1067559,"  104a24:	e0233001 	eor	r3, r3, r1
",r3,27, 1067559,"  104a24:	e0233001 	eor	r3, r3, r1
",SDC, 779, 355, 3855, 2, 2956, 869, 1, 324, 504, 13, 237, 46496, 293, 3, 241, 4426, 12260, 410, 9, 32726, 8327, 11699, 0, 0, 26, 3212, 3161, 3916, 34, 0, 0, 17, 21, 281, 2, 46354, 38111, 41707, 1, 0, 0, 316
15,r0,13, 1065538,"  104240:	e51b3038 	ldr	r3, [fp, #-56]	; 0xffffffc8
",r0,31, 1065538,"  104240:	e51b3038 	ldr	r3, [fp, #-56]	; 0xffffffc8
",r0,10, 1065538,"  104240:	e51b3038 	ldr	r3, [fp, #-56]	; 0xffffffc8
",benign, 700, 346, 3785, 2, 2917, 844, 1, 340, 505, 13, 224, 45299, 294, 3, 235, 4090, 11664, 420, 15, 32092, 7655, 11600, 0, 0, 26, 3173, 3122, 3836, 36, 0, 0, 19, 24, 128, 2, 45919, 37132, 40627, 1, 0, 0, 316
16,r1,28, 1068070,"  104c24:	e6ef3073 	uxtb	r3, r3
",r3,12, 1068070,"  104c24:	e6ef3073 	uxtb	r3, r3
",r2,13, 1068070,"  104c24:	e6ef3073 	uxtb	r3, r3
",SDC, 793, 350, 3844, 2, 2963, 870, 1, 324, 504, 13, 233, 45520, 293, 3, 237, 4529, 11058, 408, 12, 31977, 7809, 11734, 0, 0, 26, 3205, 3151, 3915, 35, 0, 0, 19, 24, 127, 2, 45867, 37102, 40803, 1, 0, 0, 316
0,r2,9, 1069487,"  1051ac:	e1a00003 	mov	r0, r3
",r2,17, 1069487,"  1051ac:	e1a00003 	mov	r0, r3
",r0,8, 1069487,"  1051ac:	e1a00003 	mov	r0, r3
",SDC, 752, 218, 3855, 2, 2958, 869, 1, 324, 504, 12, 244, 46042, 293, 3, 234, 4430, 11738, 410, 11, 32473, 8352, 11788, 0, 0, 26, 3187, 3158, 3925, 36, 0, 0, 19, 23, 137, 2, 46596, 38128, 41838, 1, 0, 0, 317
1,r2,13, 1076331,"  106c68:	e0211003 	eor	r1, r1, r3
",r2,4, 1076331,"  106c68:	e0211003 	eor	r1, r1, r3
",r2,30, 1076331,"  106c68:	e0211003 	eor	r1, r1, r3
",crash/hangs,-,-,-,-,-,-,-,-,-,-,-,-,-,-,-,-,-,-,-,-,-,-,-,-,-,-,-,-,-,-,-,-,-,-,-,-,-,-,-,-,-,-
2,r1,29, 1080484,"  107ca4:	e1a03c23 	lsr	r3, r3, #24
",r1,26, 1080484,"  107ca4:	e1a03c23 	lsr	r3, r3, #24
",r0,7, 1080484,"  107ca4:	e1a03c23 	lsr	r3, r3, #24
",crash/hangs,-,-,-,-,-,-,-,-,-,-,-,-,-,-,-,-,-,-,-,-,-,-,-,-,-,-,-,-,-,-,-,-,-,-,-,-,-,-,-,-,-,-
3,r2,27, 1070023,"  1053c4:	e51b3018 	ldr	r3, [fp, #-24]	; 0xffffffe8
",r2,14, 1070023,"  1053c4:	e51b3018 	ldr	r3, [fp, #-24]	; 0xffffffe8
",r3,10, 1070023,"  1053c4:	e51b3018 	ldr	r3, [fp, #-24]	; 0xffffffe8
",SDC, 779, 223, 3893, 2, 2993, 871, 1, 324, 504, 13, 230, 45873, 293, 3, 247, 4061, 12354, 428, 16, 32549, 7663, 11735, 0, 0, 26, 3207, 3171, 3921, 36, 0, 0, 19, 23, 137, 2, 46172, 37586, 41104, 1, 0, 0, 316
4,r1,20, 1082090,"  1082e8:	e6ef3073 	uxtb	r3, r3
",r2,26, 1082090,"  1082e8:	e6ef3073 	uxtb	r3, r3
",r3,26, 1082090,"  1082e8:	e6ef3073 	uxtb	r3, r3
",crash/hangs,-,-,-,-,-,-,-,-,-,-,-,-,-,-,-,-,-,-,-,-,-,-,-,-,-,-,-,-,-,-,-,-,-,-,-,-,-,-,-,-,-,-
5,r0,24, 1077095,"  106f64:	e7933100 	ldr	r3, [r3, r0, lsl #2]
",r2,20, 1077095,"  106f64:	e7933100 	ldr	r3, [r3, r0, lsl #2]
",r0,19, 1077095,"  106f64:	e7933100 	ldr	r3, [r3, r0, lsl #2]
",crash/hangs,-,-,-,-,-,-,-,-,-,-,-,-,-,-,-,-,-,-,-,-,-,-,-,-,-,-,-,-,-,-,-,-,-,-,-,-,-,-,-,-,-,-
6,r1,31, 1082506,"  108488:	e2833090 	add	r3, r3, #144	; 0x90
",r2,25, 1082506,"  108488:	e2833090 	add	r3, r3, #144	; 0x90
",r3,0, 1082506,"  108488:	e2833090 	add	r3, r3, #144	; 0x90
",crash/hangs,-,-,-,-,-,-,-,-,-,-,-,-,-,-,-,-,-,-,-,-,-,-,-,-,-,-,-,-,-,-,-,-,-,-,-,-,-,-,-,-,-,-
7,r3,27, 1062957,"  10382c:	e7933100 	ldr	r3, [r3, r0, lsl #2]
",r3,27, 1062957,"  10382c:	e7933100 	ldr	r3, [r3, r0, lsl #2]
",r3,20, 1062957,"  10382c:	e7933100 	ldr	r3, [r3, r0, lsl #2]
",crash/hangs,-,-,-,-,-,-,-,-,-,-,-,-,-,-,-,-,-,-,-,-,-,-,-,-,-,-,-,-,-,-,-,-,-,-,-,-,-,-,-,-,-,-
8,r1,3, 1075345,"  106890:	e2833014 	add	r3, r3, #20
",r0,5, 1075345,"  106890:	e2833014 	add	r3, r3, #20
",r0,2, 1075345,"  106890:	e2833014 	add	r3, r3, #20
",crash/hangs,-,-,-,-,-,-,-,-,-,-,-,-,-,-,-,-,-,-,-,-,-,-,-,-,-,-,-,-,-,-,-,-,-,-,-,-,-,-,-,-,-,-
9,r0,17, 1069532,"  1051dc:	e2800c03 	add	r0, r0, #768	; 0x300
",r3,10, 1069532,"  1051dc:	e2800c03 	add	r0, r0, #768	; 0x300
",r0,15, 1069532,"  1051dc:	e2800c03 	add	r0, r0, #768	; 0x300
",SDC, 663, 228, 3898, 5, 2995, 870, 1, 324, 503, 13, 237, 45237, 293, 3, 239, 4142, 11917, 557, 13, 31820, 6858, 11641, 0, 0, 26, 3180, 3159, 3933, 35, 0, 0, 17, 21, 137, 8, 45536, 36585, 40357, 2, 0, 0, 317
10,r0,11, 1082581,"  1084d4:	e6ef3073 	uxtb	r3, r3
",r1,22, 1082581,"  1084d4:	e6ef3073 	uxtb	r3, r3
",r3,28, 1082581,"  1084d4:	e6ef3073 	uxtb	r3, r3
",crash/hangs,-,-,-,-,-,-,-,-,-,-,-,-,-,-,-,-,-,-,-,-,-,-,-,-,-,-,-,-,-,-,-,-,-,-,-,-,-,-,-,-,-,-
11,r2,24, 1080847,"  107e0c:	e6ef3073 	uxtb	r3, r3
",r1,26, 1080847,"  107e0c:	e6ef3073 	uxtb	r3, r3
",r1,23, 1080847,"  107e0c:	e6ef3073 	uxtb	r3, r3
",crash/hangs,-,-,-,-,-,-,-,-,-,-,-,-,-,-,-,-,-,-,-,-,-,-,-,-,-,-,-,-,-,-,-,-,-,-,-,-,-,-,-,-,-,-
12,r1,21, 1069479,"  1051a4:	e1a03823 	lsr	r3, r3, #16
",r3,0, 1069479,"  1051a4:	e1a03823 	lsr	r3, r3, #16
",r3,31, 1069479,"  1051a4:	e1a03823 	lsr	r3, r3, #16
",SDC, 760, 235, 3873, 2, 2999, 877, 1, 324, 504, 12, 236, 46210, 293, 3, 237, 4186, 11784, 464, 13, 32578, 8098, 11729, 0, 0, 26, 3155, 3187, 3924, 35, 0, 0, 19, 23, 127, 2, 46480, 37860, 41435, 1, 0, 0, 316
13,r1,31, 1065541,"  104244:	e5d33208 	ldrb	r3, [r3, #520]	; 0x208
",r0,7, 1065541,"  104244:	e5d33208 	ldrb	r3, [r3, #520]	; 0x208
",r0,20, 1065541,"  104244:	e5d33208 	ldrb	r3, [r3, #520]	; 0x208
",benign, 707, 348, 3784, 2, 2917, 846, 1, 340, 504, 13, 223, 45305, 294, 3, 237, 4099, 11929, 409, 12, 31962, 7984, 11576, 0, 0, 26, 3152, 3172, 3824, 37, 0, 0, 19, 24, 138, 2, 45871, 37158, 40872, 1, 0, 0, 317
14,r3,5, 1067559,"  104a24:	e0233001 	eor	r3, r3, r1
",r1,15, 1067559,"  104a24:	e0233001 	eor	r3, r3, r1
",r3,27, 1067559,"  104a24:	e0233001 	eor	r3, r3, r1
",SDC, 779, 355, 3855, 2, 2956, 869, 1, 324, 504, 13, 237, 46496, 293, 3, 241, 4426, 12260, 410, 9, 32726, 8327, 11699, 0, 0, 26, 3212, 3161, 3916, 34, 0, 0, 17, 21, 281, 2, 46354, 38111, 41707, 1, 0, 0, 316
15,r0,13, 1065538,"  104240:	e51b3038 	ldr	r3, [fp, #-56]	; 0xffffffc8
",r0,31, 1065538,"  104240:	e51b3038 	ldr	r3, [fp, #-56]	; 0xffffffc8
",r0,10, 1065538,"  104240:	e51b3038 	ldr	r3, [fp, #-56]	; 0xffffffc8
",benign, 700, 346, 3785, 2, 2917, 844, 1, 340, 505, 13, 224, 45299, 294, 3, 235, 4090, 11664, 420, 15, 32092, 7655, 11600, 0, 0, 26, 3173, 3122, 3836, 36, 0, 0, 19, 24, 128, 2, 45919, 37132, 40627, 1, 0, 0, 316
16,r1,28, 1068070,"  104c24:	e6ef3073 	uxtb	r3, r3
",r3,12, 1068070,"  104c24:	e6ef3073 	uxtb	r3, r3
",r2,13, 1068070,"  104c24:	e6ef3073 	uxtb	r3, r3
",SDC, 793, 350, 3844, 2, 2963, 870, 1, 324, 504, 13, 233, 45520, 293, 3, 237, 4529, 11058, 408, 12, 31977, 7809, 11734, 0, 0, 26, 3205, 3151, 3915, 35, 0, 0, 19, 24, 127, 2, 45867, 37102, 40803, 1, 0, 0, 316
17,r0,17, 1081641,"  108128:	e30c3cc0 	movw	r3, #52416	; 0xccc0
",r0,29, 1081641,"  108128:	e30c3cc0 	movw	r3, #52416	; 0xccc0
",r1,31, 1081641,"  108128:	e30c3cc0 	movw	r3, #52416	; 0xccc0
",crash/hangs,-,-,-,-,-,-,-,-,-,-,-,-,-,-,-,-,-,-,-,-,-,-,-,-,-,-,-,-,-,-,-,-,-,-,-,-,-,-,-,-,-,-
18,r3,4, 1078389,"  107474:	e0233002 	eor	r3, r3, r2
",r0,1, 1078389,"  107474:	e0233002 	eor	r3, r3, r2
",r3,9, 1078389,"  107474:	e0233002 	eor	r3, r3, r2
",crash/hangs,-,-,-,-,-,-,-,-,-,-,-,-,-,-,-,-,-,-,-,-,-,-,-,-,-,-,-,-,-,-,-,-,-,-,-,-,-,-,-,-,-,-
19,r0,13, 1082081,"  1082e0:	e51b3028 	ldr	r3, [fp, #-40]	; 0xffffffd8
",r1,28, 1082081,"  1082e0:	e51b3028 	ldr	r3, [fp, #-40]	; 0xffffffd8
",r0,11, 1082081,"  1082e0:	e51b3028 	ldr	r3, [fp, #-40]	; 0xffffffd8
",crash/hangs,-,-,-,-,-,-,-,-,-,-,-,-,-,-,-,-,-,-,-,-,-,-,-,-,-,-,-,-,-,-,-,-,-,-,-,-,-,-,-,-,-,-
20,r3,7, 1079790,"  1079ec:	e30c3cc0 	movw	r3, #52416	; 0xccc0
",r1,7, 1079790,"  1079ec:	e30c3cc0 	movw	r3, #52416	; 0xccc0
",r1,6, 1079790,"  1079ec:	e30c3cc0 	movw	r3, #52416	; 0xccc0
",crash/hangs,-,-,-,-,-,-,-,-,-,-,-,-,-,-,-,-,-,-,-,-,-,-,-,-,-,-,-,-,-,-,-,-,-,-,-,-,-,-,-,-,-,-
21,r2,23, 1076730,"  106df8:	e51b3010 	ldr	r3, [fp, #-16]
",r3,12, 1076730,"  106df8:	e51b3010 	ldr	r3, [fp, #-16]
",r3,11, 1076730,"  106df8:	e51b3010 	ldr	r3, [fp, #-16]
",crash/hangs,-,-,-,-,-,-,-,-,-,-,-,-,-,-,-,-,-,-,-,-,-,-,-,-,-,-,-,-,-,-,-,-,-,-,-,-,-,-,-,-,-,-
22,r2,26, 1062795,"  103788:	e51b3008 	ldr	r3, [fp, #-8]
",r3,24, 1062795,"  103788:	e51b3008 	ldr	r3, [fp, #-8]
",r2,1, 1062795,"  103788:	e51b3008 	ldr	r3, [fp, #-8]
",crash/hangs,-,-,-,-,-,-,-,-,-,-,-,-,-,-,-,-,-,-,-,-,-,-,-,-,-,-,-,-,-,-,-,-,-,-,-,-,-,-,-,-,-,-
23,r0,17, 1072516,"  105d84:	e1a03823 	lsr	r3, r3, #16
",r1,26, 1072516,"  105d84:	e1a03823 	lsr	r3, r3, #16
",r0,29, 1072516,"  105d84:	e1a03823 	lsr	r3, r3, #16
",SDC, 757, 227, 3847, 4, 2979, 858, 1, 336, 503, 13, 235, 44481, 293, 3, 239, 4326, 11533, 418, 15, 31468, 6580, 11562, 0, 0, 26, 3172, 3155, 3873, 37, 0, 0, 17, 21, 135, 4, 44523, 36514, 40074, 1, 0, 0, 316
24,r3,12, 1074977,"  106720:	e3403011 	movt	r3, #17
",r3,11, 1074977,"  106720:	e3403011 	movt	r3, #17
",r1,17, 1074977,"  106720:	e3403011 	movt	r3, #17
",crash/hangs,-,-,-,-,-,-,-,-,-,-,-,-,-,-,-,-,-,-,-,-,-,-,-,-,-,-,-,-,-,-,-,-,-,-,-,-,-,-,-,-,-,-
25,r1,8, 1075637,"  1069b4:	e0233002 	eor	r3, r3, r2
",r0,11, 1075637,"  1069b4:	e0233002 	eor	r3, r3, r2
",r2,15, 1075637,"  1069b4:	e0233002 	eor	r3, r3, r2
",crash/hangs,-,-,-,-,-,-,-,-,-,-,-,-,-,-,-,-,-,-,-,-,-,-,-,-,-,-,-,-,-,-,-,-,-,-,-,-,-,-,-,-,-,-
26,r0,26, 1079732,"  1079b4:	e1a00003 	mov	r0, r3
",r0,0, 1079732,"  1079b4:	e1a00003 	mov	r0, r3
",r2,12, 1079732,"  1079b4:	e1a00003 	mov	r0, r3
",crash/hangs,-,-,-,-,-,-,-,-,-,-,-,-,-,-,-,-,-,-,-,-,-,-,-,-,-,-,-,-,-,-,-,-,-,-,-,-,-,-,-,-,-,-
27,r2,14, 1073286,"  106084:	e1a00003 	mov	r0, r3
",r0,10, 1073286,"  106084:	e1a00003 	mov	r0, r3
",r1,29, 1073286,"  106084:	e1a00003 	mov	r0, r3
",SDC, 875, 227, 3856, 2, 2975, 852, 1, 336, 503, 13, 229, 45985, 293, 3, 240, 4307, 11523, 409, 14, 32195, 7738, 11652, 0, 0, 26, 3162, 3166, 3872, 39, 0, 0, 17, 21, 134, 2, 46247, 37517, 41109, 1, 0, 0, 317
28,r3,31, 1082519,"  108494:	e6ef3073 	uxtb	r3, r3
",r1,26, 1082519,"  108494:	e6ef3073 	uxtb	r3, r3
",r3,24, 1082519,"  108494:	e6ef3073 	uxtb	r3, r3
",crash/hangs,-,-,-,-,-,-,-,-,-,-,-,-,-,-,-,-,-,-,-,-,-,-,-,-,-,-,-,-,-,-,-,-,-,-,-,-,-,-,-,-,-,-
29,r1,9, 1063949,"  103c0c:	e51b3008 	ldr	r3, [fp, #-8]
",r2,23, 1063949,"  103c0c:	e51b3008 	ldr	r3, [fp, #-8]
",r1,12, 1063949,"  103c0c:	e51b3008 	ldr	r3, [fp, #-8]
",SDC, 629, 228, 3894, 2, 3001, 883, 1, 324, 504, 13, 234, 45342, 293, 3, 238, 4163, 10889, 411, 10, 32203, 8212, 11693, 0, 0, 26, 3199, 3140, 3926, 38, 0, 0, 19, 23, 129, 2, 46048, 37017, 40737, 1, 0, 0, 316
30,r3,29, 1069843,"  105310:	e7933100 	ldr	r3, [r3, r0, lsl #2]
",r0,15, 1069843,"  105310:	e7933100 	ldr	r3, [r3, r0, lsl #2]
",r2,29, 1069843,"  105310:	e7933100 	ldr	r3, [r3, r0, lsl #2]
",crash/hangs,-,-,-,-,-,-,-,-,-,-,-,-,-,-,-,-,-,-,-,-,-,-,-,-,-,-,-,-,-,-,-,-,-,-,-,-,-,-,-,-,-,-
31,r0,4, 1073385,"  1060e8:	e7931101 	ldr	r1, [r3, r1, lsl #2]
",r3,22, 1073385,"  1060e8:	e7931101 	ldr	r1, [r3, r1, lsl #2]
",r0,6, 1073385,"  1060e8:	e7931101 	ldr	r1, [r3, r1, lsl #2]
",SDC, 876, 228, 3851, 2, 2980, 859, 1, 336, 503, 13, 227, 46361, 293, 3, 242, 4901, 12110, 465, 11, 33108, 8183, 11673, 0, 0, 26, 3146, 3188, 3874, 36, 0, 0, 17, 21, 135, 2, 46718, 37865, 41449, 1, 0, 0, 316
32,r3,24, 1068360,"  104d48:	e30b3cc0 	movw	r3, #48320	; 0xbcc0
",r3,16, 1068360,"  104d48:	e30b3cc0 	movw	r3, #48320	; 0xbcc0
",r0,24, 1068360,"  104d48:	e30b3cc0 	movw	r3, #48320	; 0xbcc0
",benign, 704, 355, 3815, 4, 2928, 843, 1, 340, 505, 13, 228, 45035, 294, 3, 241, 4647, 11691, 581, 14, 32216, 7532, 11537, 0, 0, 26, 3159, 3167, 3825, 37, 0, 0, 19, 24, 128, 4, 45340, 36781, 40444, 1, 0, 0, 317
33,r3,21, 1063755,"  103b48:	e51b3008 	ldr	r3, [fp, #-8]
",r3,3, 1063755,"  103b48:	e51b3008 	ldr	r3, [fp, #-8]
",r3,24, 1063755,"  103b48:	e51b3008 	ldr	r3, [fp, #-8]
",benign, 697, 349, 3798, 2, 2908, 846, 1, 340, 504, 12, 221, 45444, 294, 3, 236, 3960, 11694, 410, 10, 32043, 7607, 11538, 0, 0, 26, 3151, 3152, 3835, 38, 0, 0, 19, 24, 127, 2, 45573, 37302, 40794, 1, 0, 0, 374
34,r0,14, 1071625,"  105a08:	e2800c02 	add	r0, r0, #512	; 0x200
",r2,19, 1071625,"  105a08:	e2800c02 	add	r0, r0, #512	; 0x200
",r2,3, 1071625,"  105a08:	e2800c02 	add	r0, r0, #512	; 0x200
",SDC, 889, 357, 3865, 2, 2957, 866, 1, 324, 504, 13, 235, 46242, 293, 3, 243, 4405, 12012, 409, 15, 32980, 8216, 11775, 0, 0, 26, 3191, 3165, 3916, 35, 0, 0, 17, 21, 144, 2, 46308, 37964, 41536, 1, 0, 0, 317
35,r0,3, 1076684,"  106dcc:	e1a00003 	mov	r0, r3
",r2,5, 1076684,"  106dcc:	e1a00003 	mov	r0, r3
",r0,4, 1076684,"  106dcc:	e1a00003 	mov	r0, r3
",crash/hangs,-,-,-,-,-,-,-,-,-,-,-,-,-,-,-,-,-,-,-,-,-,-,-,-,-,-,-,-,-,-,-,-,-,-,-,-,-,-,-,-,-,-
36,r3,9, 1070119,"  105424:	e51b300c 	ldr	r3, [fp, #-12]
",r2,12, 1070119,"  105424:	e51b300c 	ldr	r3, [fp, #-12]
",r1,4, 1070119,"  105424:	e51b300c 	ldr	r3, [fp, #-12]
",SDC, 780, 232, 3886, 2, 2996, 877, 1, 324, 503, 13, 239, 45746, 293, 3, 241, 4148, 11945, 408, 15, 32009, 7727, 11777, 0, 0, 26, 3145, 3193, 3921, 39, 0, 0, 17, 21, 125, 2, 46376, 37957, 41498, 1, 0, 0, 316
37,r0,0, 1068985,"  104fb8:	e1a03423 	lsr	r3, r3, #8
",r2,31, 1068985,"  104fb8:	e1a03423 	lsr	r3, r3, #8
",r3,22, 1068985,"  104fb8:	e1a03423 	lsr	r3, r3, #8
",SDC, 819, 352, 3863, 2, 2962, 867, 1, 324, 504, 13, 240, 46045, 293, 3, 238, 4225, 11434, 418, 13, 32921, 7683, 11802, 0, 0, 26, 3164, 3180, 3923, 36, 0, 0, 17, 21, 126, 2, 46634, 38104, 41666, 1, 0, 0, 316
38,r3,2, 1083041,"  1086a0:	e1a00003 	mov	r0, r3
",r3,26, 1083041,"  1086a0:	e1a00003 	mov	r0, r3
",r3,23, 1083041,"  1086a0:	e1a00003 	mov	r0, r3
",crash/hangs,-,-,-,-,-,-,-,-,-,-,-,-,-,-,-,-,-,-,-,-,-,-,-,-,-,-,-,-,-,-,-,-,-,-,-,-,-,-,-,-,-,-
39,r0,11, 1065051,"  104058:	e3403011 	movt	r3, #17
",r2,25, 1065051,"  104058:	e3403011 	movt	r3, #17
",r2,30, 1065051,"  104058:	e3403011 	movt	r3, #17
",crash/hangs,-,-,-,-,-,-,-,-,-,-,-,-,-,-,-,-,-,-,-,-,-,-,-,-,-,-,-,-,-,-,-,-,-,-,-,-,-,-,-,-,-,-
40,r0,26, 1068989,"  104fbc:	e6ef3073 	uxtb	r3, r3
",r0,27, 1068989,"  104fbc:	e6ef3073 	uxtb	r3, r3
",r2,27, 1068989,"  104fbc:	e6ef3073 	uxtb	r3, r3
",SDC, 750, 231, 3892, 2, 2996, 873, 1, 324, 503, 13, 228, 45919, 293, 3, 242, 4620, 11327, 418, 12, 32082, 7813, 11732, 0, 0, 26, 3187, 3173, 3921, 34, 0, 0, 19, 23, 127, 2, 45646, 37335, 40933, 1, 0, 0, 316
41,r0,3, 1076591,"  106d6c:	e30c3cc0 	movw	r3, #52416	; 0xccc0
",r1,0, 1076591,"  106d6c:	e30c3cc0 	movw	r3, #52416	; 0xccc0
",r3,9, 1076591,"  106d6c:	e30c3cc0 	movw	r3, #52416	; 0xccc0
",crash/hangs,-,-,-,-,-,-,-,-,-,-,-,-,-,-,-,-,-,-,-,-,-,-,-,-,-,-,-,-,-,-,-,-,-,-,-,-,-,-,-,-,-,-
42,r3,13, 1075004,"  10673c:	e1a00003 	mov	r0, r3
",r2,6, 1075004,"  10673c:	e1a00003 	mov	r0, r3
",r2,17, 1075004,"  10673c:	e1a00003 	mov	r0, r3
",crash/hangs,-,-,-,-,-,-,-,-,-,-,-,-,-,-,-,-,-,-,-,-,-,-,-,-,-,-,-,-,-,-,-,-,-,-,-,-,-,-,-,-,-,-
43,r1,22, 1078756,"  1075e4:	e3403011 	movt	r3, #17
",r0,20, 1078756,"  1075e4:	e3403011 	movt	r3, #17
",r0,18, 1078756,"  1075e4:	e3403011 	movt	r3, #17
",crash/hangs,-,-,-,-,-,-,-,-,-,-,-,-,-,-,-,-,-,-,-,-,-,-,-,-,-,-,-,-,-,-,-,-,-,-,-,-,-,-,-,-,-,-
44,r0,10, 1077350,"  107064:	e6ef3073 	uxtb	r3, r3
",r2,24, 1077350,"  107064:	e6ef3073 	uxtb	r3, r3
",r1,23, 1077350,"  107064:	e6ef3073 	uxtb	r3, r3
",crash/hangs,-,-,-,-,-,-,-,-,-,-,-,-,-,-,-,-,-,-,-,-,-,-,-,-,-,-,-,-,-,-,-,-,-,-,-,-,-,-,-,-,-,-
45,r3,18, 1079375,"  10784c:	e7933100 	ldr	r3, [r3, r0, lsl #2]
",r2,22, 1079375,"  10784c:	e7933100 	ldr	r3, [r3, r0, lsl #2]
",r2,16, 1079375,"  10784c:	e7933100 	ldr	r3, [r3, r0, lsl #2]
",crash/hangs,-,-,-,-,-,-,-,-,-,-,-,-,-,-,-,-,-,-,-,-,-,-,-,-,-,-,-,-,-,-,-,-,-,-,-,-,-,-,-,-,-,-
46,r3,16, 1063153,"  1038f0:	2a000133 	bcs	103dc4 <set_key+0x7f4>
",r0,8, 1063153,"  1038f0:	2a000133 	bcs	103dc4 <set_key+0x7f4>
",r3,22, 1063153,"  1038f0:	2a000133 	bcs	103dc4 <set_key+0x7f4>
",crash/hangs,-,-,-,-,-,-,-,-,-,-,-,-,-,-,-,-,-,-,-,-,-,-,-,-,-,-,-,-,-,-,-,-,-,-,-,-,-,-,-,-,-,-
47,r0,5, 1083017,"  108688:	e2800c01 	add	r0, r0, #256	; 0x100
",r0,0, 1083017,"  108688:	e2800c01 	add	r0, r0, #256	; 0x100
",r3,2, 1083017,"  108688:	e2800c01 	add	r0, r0, #256	; 0x100
",crash/hangs,-,-,-,-,-,-,-,-,-,-,-,-,-,-,-,-,-,-,-,-,-,-,-,-,-,-,-,-,-,-,-,-,-,-,-,-,-,-,-,-,-,-
48,r3,5, 1067020,"  10480c:	e2800c01 	add	r0, r0, #256	; 0x100
",r3,4, 1067020,"  10480c:	e2800c01 	add	r0, r0, #256	; 0x100
",r3,8, 1067020,"  10480c:	e2800c01 	add	r0, r0, #256	; 0x100
",SDC, 587, 226, 3890, 5, 2996, 873, 1, 324, 504, 13, 230, 45127, 293, 3, 240, 4847, 11452, 483, 15, 31688, 7660, 11658, 0, 0, 26, 3208, 3137, 3920, 34, 0, 0, 19, 23, 212, 6, 45053, 36561, 40280, 2, 0, 0, 316
49,r0,16, 1083157,"  108714:	e283300c 	add	r3, r3, #12
",r1,15, 1083157,"  108714:	e283300c 	add	r3, r3, #12
",r0,7, 1083157,"  108714:	e283300c 	add	r3, r3, #12
",crash/hangs,-,-,-,-,-,-,-,-,-,-,-,-,-,-,-,-,-,-,-,-,-,-,-,-,-,-,-,-,-,-,-,-,-,-,-,-,-,-,-,-,-,-
50,r3,19, 1070733,"  10568c:	e6ef3073 	uxtb	r3, r3
",r0,1, 1070733,"  10568c:	e6ef3073 	uxtb	r3, r3
",r2,26, 1070733,"  10568c:	e6ef3073 	uxtb	r3, r3
",SDC, 801, 233, 3878, 2, 3005, 877, 1, 324, 504, 13, 244, 46254, 293, 3, 247, 4202, 12374, 428, 16, 33209, 8016, 11798, 0, 0, 26, 3197, 3149, 3930, 35, 0, 0, 19, 23, 128, 2, 46623, 38134, 41688, 1, 0, 0, 316
51,r0,21, 1068674,"  104e80:	e7931101 	ldr	r1, [r3, r1, lsl #2]
",r0,4, 1068674,"  104e80:	e7931101 	ldr	r1, [r3, r1, lsl #2]
",r0,22, 1068674,"  104e80:	e7931101 	ldr	r1, [r3, r1, lsl #2]
",benign, 812, 350, 3806, 2, 2927, 844, 1, 340, 504, 13, 233, 46076, 294, 3, 239, 4796, 11763, 418, 13, 32532, 8260, 11625, 0, 0, 26, 3143, 3189, 3836, 35, 0, 0, 17, 21, 144, 2, 46555, 37708, 41205, 1, 0, 0, 316
52,r3,4, 1067502,"  1049ec:	e1a00003 	mov	r0, r3
",r2,18, 1067502,"  1049ec:	e1a00003 	mov	r0, r3
",r0,7, 1067502,"  1049ec:	e1a00003 	mov	r0, r3
",crash/hangs,-,-,-,-,-,-,-,-,-,-,-,-,-,-,-,-,-,-,-,-,-,-,-,-,-,-,-,-,-,-,-,-,-,-,-,-,-,-,-,-,-,-
53,r2,10, 1070457,"  105578:	e0233002 	eor	r3, r3, r2
",r0,6, 1070457,"  105578:	e0233002 	eor	r3, r3, r2
",r2,6, 1070457,"  105578:	e0233002 	eor	r3, r3, r2
",SDC, 792, 230, 3891, 2, 2994, 868, 1, 324, 504, 13, 246, 45381, 293, 3, 236, 4761, 11113, 420, 18, 32102, 8294, 11766, 0, 0, 26, 3171, 3157, 3915, 34, 0, 0, 17, 21, 125, 2, 45848, 37306, 41055, 1, 0, 0, 317
54,r1,19, 1072041,"  105ba8:	e3403011 	movt	r3, #17
",r0,0, 1072041,"  105ba8:	e3403011 	movt	r3, #17
",r1,8, 1072041,"  105ba8:	e3403011 	movt	r3, #17
",SDC, 902, 349, 3861, 2, 2959, 865, 1, 324, 504, 13, 236, 46168, 293, 3, 241, 4926, 11646, 408, 16, 33151, 8342, 11785, 0, 0, 26, 3152, 3187, 3918, 34, 0, 0, 19, 23, 127, 2, 46689, 37649, 41240, 1, 0, 0, 317
55,r3,3, 1075986,"  106b10:	e3403011 	movt	r3, #17
",r2,14, 1075986,"  106b10:	e3403011 	movt	r3, #17
",r1,13, 1075986,"  106b10:	e3403011 	movt	r3, #17
",crash/hangs,-,-,-,-,-,-,-,-,-,-,-,-,-,-,-,-,-,-,-,-,-,-,-,-,-,-,-,-,-,-,-,-,-,-,-,-,-,-,-,-,-,-
56,r1,15, 1078186,"  1073a8:	e3403011 	movt	r3, #17
",r3,13, 1078186,"  1073a8:	e3403011 	movt	r3, #17
",r2,26, 1078186,"  1073a8:	e3403011 	movt	r3, #17
",crash/hangs,-,-,-,-,-,-,-,-,-,-,-,-,-,-,-,-,-,-,-,-,-,-,-,-,-,-,-,-,-,-,-,-,-,-,-,-,-,-,-,-,-,-
57,r1,15, 1082261,"  108394:	e7933100 	ldr	r3, [r3, r0, lsl #2]
",r3,29, 1082261,"  108394:	e7933100 	ldr	r3, [r3, r0, lsl #2]
",r3,0, 1082261,"  108394:	e7933100 	ldr	r3, [r3, r0, lsl #2]
",crash/hangs,-,-,-,-,-,-,-,-,-,-,-,-,-,-,-,-,-,-,-,-,-,-,-,-,-,-,-,-,-,-,-,-,-,-,-,-,-,-,-,-,-,-
58,r2,22, 1074008,"  106358:	e1a00003 	mov	r0, r3
",r0,15, 1074008,"  106358:	e1a00003 	mov	r0, r3
",r3,22, 1074008,"  106358:	e1a00003 	mov	r0, r3
",SDC, 801, 228, 3859, 4, 2977, 853, 1, 336, 504, 13, 230, 44194, 293, 3, 238, 4548, 10987, 408, 13, 31019, 6872, 11569, 0, 0, 26, 3178, 3148, 3878, 37, 0, 0, 17, 21, 125, 4, 44539, 36173, 39910, 1, 0, 0, 316
59,r3,20, 1064660,"  103ed4:	e2811c01 	add	r1, r1, #256	; 0x100
",r0,3, 1064660,"  103ed4:	e2811c01 	add	r1, r1, #256	; 0x100
",r2,23, 1064660,"  103ed4:	e2811c01 	add	r1, r1, #256	; 0x100
",crash/hangs,-,-,-,-,-,-,-,-,-,-,-,-,-,-,-,-,-,-,-,-,-,-,-,-,-,-,-,-,-,-,-,-,-,-,-,-,-,-,-,-,-,-
60,r0,8, 1063525,"  103a64:	e0222001 	eor	r2, r2, r1
",r3,26, 1063525,"  103a64:	e0222001 	eor	r2, r2, r1
",r3,15, 1063525,"  103a64:	e0222001 	eor	r2, r2, r1
",crash/hangs,-,-,-,-,-,-,-,-,-,-,-,-,-,-,-,-,-,-,-,-,-,-,-,-,-,-,-,-,-,-,-,-,-,-,-,-,-,-,-,-,-,-
61,r0,29, 1066110,"  10447c:	e0211003 	eor	r1, r1, r3
",r2,3, 1066110,"  10447c:	e0211003 	eor	r1, r1, r3
",r0,2, 1066110,"  10447c:	e0211003 	eor	r1, r1, r3
",SDC, 656, 228, 3894, 2, 2999, 870, 1, 324, 503, 13, 228, 46169, 293, 3, 241, 4543, 11667, 429, 14, 32631, 7985, 11769, 0, 0, 26, 3187, 3164, 3923, 36, 0, 0, 17, 22, 125, 2, 46330, 37533, 41087, 1, 0, 0, 316
62,r0,0, 1078413,"  10748c:	e6ef3073 	uxtb	r3, r3
",r3,29, 1078413,"  10748c:	e6ef3073 	uxtb	r3, r3
",r2,28, 1078413,"  10748c:	e6ef3073 	uxtb	r3, r3
",crash/hangs,-,-,-,-,-,-,-,-,-,-,-,-,-,-,-,-,-,-,-,-,-,-,-,-,-,-,-,-,-,-,-,-,-,-,-,-,-,-,-,-,-,-
63,r3,6, 1069697,"  105280:	e0233002 	eor	r3, r3, r2
",r0,10, 1069697,"  105280:	e0233002 	eor	r3, r3, r2
",r2,15, 1069697,"  105280:	e0233002 	eor	r3, r3, r2
",SDC, 773, 225, 3882, 2, 2995, 876, 1, 324, 504, 13, 231, 45652, 293, 3, 235, 4155, 10986, 409, 12, 32473, 8147, 11744, 0, 0, 26, 3180, 3176, 3925, 34, 0, 0, 17, 21, 136, 2, 45645, 37092, 40808, 1, 0, 0, 317
64,r3,6, 1077775,"  10720c:	e7933100 	ldr	r3, [r3, r0, lsl #2]
",r3,20, 1077775,"  10720c:	e7933100 	ldr	r3, [r3, r0, lsl #2]
",r3,26, 1077775,"  10720c:	e7933100 	ldr	r3, [r3, r0, lsl #2]
",crash/hangs,-,-,-,-,-,-,-,-,-,-,-,-,-,-,-,-,-,-,-,-,-,-,-,-,-,-,-,-,-,-,-,-,-,-,-,-,-,-,-,-,-,-
65,r2,21, 1078403,"  107480:	e2833024 	add	r3, r3, #36	; 0x24
",r2,14, 1078403,"  107480:	e2833024 	add	r3, r3, #36	; 0x24
",r1,6, 1078403,"  107480:	e2833024 	add	r3, r3, #36	; 0x24
",crash/hangs,-,-,-,-,-,-,-,-,-,-,-,-,-,-,-,-,-,-,-,-,-,-,-,-,-,-,-,-,-,-,-,-,-,-,-,-,-,-,-,-,-,-
66,r1,11, 1075167,"  1067dc:	e3403011 	movt	r3, #17
",r2,5, 1075167,"  1067dc:	e3403011 	movt	r3, #17
",r0,27, 1075167,"  1067dc:	e3403011 	movt	r3, #17
",crash/hangs,-,-,-,-,-,-,-,-,-,-,-,-,-,-,-,-,-,-,-,-,-,-,-,-,-,-,-,-,-,-,-,-,-,-,-,-,-,-,-,-,-,-
67,r1,9, 1064895,"  103fbc:	e5933000 	ldr	r3, [r3]
",r2,6, 1064895,"  103fbc:	e5933000 	ldr	r3, [r3]
",r0,24, 1064895,"  103fbc:	e5933000 	ldr	r3, [r3]
",crash/hangs,-,-,-,-,-,-,-,-,-,-,-,-,-,-,-,-,-,-,-,-,-,-,-,-,-,-,-,-,-,-,-,-,-,-,-,-,-,-,-,-,-,-
68,r0,22, 1074611,"  1065b0:	e3403011 	movt	r3, #17
",r0,4, 1074611,"  1065b0:	e3403011 	movt	r3, #17
",r0,8, 1074611,"  1065b0:	e3403011 	movt	r3, #17
",crash/hangs,-,-,-,-,-,-,-,-,-,-,-,-,-,-,-,-,-,-,-,-,-,-,-,-,-,-,-,-,-,-,-,-,-,-,-,-,-,-,-,-,-,-
69,r2,20, 1076999,"  106f04:	e3403011 	movt	r3, #17
",r0,7, 1076999,"  106f04:	e3403011 	movt	r3, #17
",r3,9, 1076999,"  106f04:	e3403011 	movt	r3, #17
",crash/hangs,-,-,-,-,-,-,-,-,-,-,-,-,-,-,-,-,-,-,-,-,-,-,-,-,-,-,-,-,-,-,-,-,-,-,-,-,-,-,-,-,-,-
70,r3,15, 1064747,"  103f28:	e7932102 	ldr	r2, [r3, r2, lsl #2]
",r2,8, 1064747,"  103f28:	e7932102 	ldr	r2, [r3, r2, lsl #2]
",r1,29, 1064747,"  103f28:	e7932102 	ldr	r2, [r3, r2, lsl #2]
",crash/hangs,-,-,-,-,-,-,-,-,-,-,-,-,-,-,-,-,-,-,-,-,-,-,-,-,-,-,-,-,-,-,-,-,-,-,-,-,-,-,-,-,-,-
71,r2,18, 1066840,"  104758:	e1a03423 	lsr	r3, r3, #8
",r1,1, 1066840,"  104758:	e1a03423 	lsr	r3, r3, #8
",r0,7, 1066840,"  104758:	e1a03423 	lsr	r3, r3, #8
",SDC, 576, 229, 3900, 4, 3001, 873, 1, 324, 503, 12, 229, 44880, 293, 3, 242, 4318, 12022, 419, 16, 31380, 6819, 11680, 0, 0, 26, 3181, 3171, 3924, 36, 0, 0, 19, 23, 127, 4, 45315, 36593, 40162, 1, 0, 0, 316
72,r0,25, 1075093,"  106794:	e3403011 	movt	r3, #17
",r3,15, 1075093,"  106794:	e3403011 	movt	r3, #17
",r2,17, 1075093,"  106794:	e3403011 	movt	r3, #17
",crash/hangs,-,-,-,-,-,-,-,-,-,-,-,-,-,-,-,-,-,-,-,-,-,-,-,-,-,-,-,-,-,-,-,-,-,-,-,-,-,-,-,-,-,-
73,r3,5, 1068467,"  104db0:	e3403011 	movt	r3, #17
",r1,6, 1068467,"  104db0:	e3403011 	movt	r3, #17
",r3,1, 1068467,"  104db0:	e3403011 	movt	r3, #17
",SDC, 727, 231, 3896, 2, 2997, 872, 1, 324, 503, 12, 240, 45487, 293, 3, 238, 4635, 11556, 409, 12, 32488, 8148, 11768, 0, 0, 26, 3179, 3185, 3921, 35, 0, 0, 19, 23, 128, 2, 45956, 37648, 41193, 1, 0, 0, 316
74,r3,10, 1072073,"  105bc8:	e30b3cc0 	movw	r3, #48320	; 0xbcc0
",r3,13, 1072073,"  105bc8:	e30b3cc0 	movw	r3, #48320	; 0xbcc0
",r3,12, 1072073,"  105bc8:	e30b3cc0 	movw	r3, #48320	; 0xbcc0
",benign, 919, 349, 3805, 2, 2921, 841, 1, 340, 505, 13, 242, 45525, 294, 3, 235, 4141, 11904, 418, 14, 32409, 8040, 11600, 0, 0, 26, 3139, 3176, 3838, 37, 0, 0, 19, 23, 128, 2, 45906, 37525, 41062, 1, 0, 0, 316
75,r3,4, 1072690,"  105e30:	e2800c02 	add	r0, r0, #512	; 0x200
",r2,9, 1072690,"  105e30:	e2800c02 	add	r0, r0, #512	; 0x200
",r3,16, 1072690,"  105e30:	e2800c02 	add	r0, r0, #512	; 0x200
",SDC, 928, 348, 3854, 3, 2956, 865, 1, 324, 504, 12, 231, 45683, 293, 3, 238, 4343, 10975, 502, 12, 32056, 7745, 11752, 0, 0, 26, 3207, 3168, 3925, 36, 0, 0, 19, 23, 278, 6, 46092, 37301, 40851, 2, 0, 0, 316
76,r2,6, 1077518,"  10710c:	e7931101 	ldr	r1, [r3, r1, lsl #2]
",r2,29, 1077518,"  10710c:	e7931101 	ldr	r1, [r3, r1, lsl #2]
",r0,8, 1077518,"  10710c:	e7931101 	ldr	r1, [r3, r1, lsl #2]
",crash/hangs,-,-,-,-,-,-,-,-,-,-,-,-,-,-,-,-,-,-,-,-,-,-,-,-,-,-,-,-,-,-,-,-,-,-,-,-,-,-,-,-,-,-
77,r0,20, 1072586,"  105dc8:	e0233002 	eor	r3, r3, r2
",r2,23, 1072586,"  105dc8:	e0233002 	eor	r3, r3, r2
",r2,29, 1072586,"  105dc8:	e0233002 	eor	r3, r3, r2
",SDC, 860, 236, 3874, 2, 2985, 861, 1, 332, 503, 13, 233, 45961, 293, 3, 250, 4324, 11890, 408, 13, 32543, 7801, 11735, 0, 0, 26, 3193, 3153, 3893, 34, 0, 0, 17, 21, 125, 2, 46722, 37882, 41469, 1, 0, 0, 317
78,r3,1, 1064441,"  103df8:	e51b3024 	ldr	r3, [fp, #-36]	; 0xffffffdc
",r2,25, 1064441,"  103df8:	e51b3024 	ldr	r3, [fp, #-36]	; 0xffffffdc
",r1,27, 1064441,"  103df8:	e51b3024 	ldr	r3, [fp, #-36]	; 0xffffffdc
",crash/hangs,-,-,-,-,-,-,-,-,-,-,-,-,-,-,-,-,-,-,-,-,-,-,-,-,-,-,-,-,-,-,-,-,-,-,-,-,-,-,-,-,-,-
79,r2,24, 1082923,"  108628:	e6ef3073 	uxtb	r3, r3
",r0,18, 1082923,"  108628:	e6ef3073 	uxtb	r3, r3
",r3,8, 1082923,"  108628:	e6ef3073 	uxtb	r3, r3
",crash/hangs,-,-,-,-,-,-,-,-,-,-,-,-,-,-,-,-,-,-,-,-,-,-,-,-,-,-,-,-,-,-,-,-,-,-,-,-,-,-,-,-,-,-
80,r1,0, 1078527,"  1074fc:	e3403011 	movt	r3, #17
",r1,1, 1078527,"  1074fc:	e3403011 	movt	r3, #17
",r1,11, 1078527,"  1074fc:	e3403011 	movt	r3, #17
",crash/hangs,-,-,-,-,-,-,-,-,-,-,-,-,-,-,-,-,-,-,-,-,-,-,-,-,-,-,-,-,-,-,-,-,-,-,-,-,-,-,-,-,-,-
81,r1,3, 1066954,"  1047c8:	e51b3008 	ldr	r3, [fp, #-8]
",r1,18, 1066954,"  1047c8:	e51b3008 	ldr	r3, [fp, #-8]
",r2,23, 1066954,"  1047c8:	e51b3008 	ldr	r3, [fp, #-8]
",benign, 679, 221, 3833, 2, 2958, 844, 1, 340, 504, 13, 228, 45845, 294, 3, 234, 4260, 11662, 409, 12, 32537, 8123, 11642, 0, 0, 26, 3155, 3155, 3834, 35, 0, 0, 17, 21, 135, 2, 46183, 37533, 41189, 1, 0, 0, 317
82,r1,26, 1066223,"  1044ec:	e3403011 	movt	r3, #17
",r1,23, 1066223,"  1044ec:	e3403011 	movt	r3, #17
",r2,23, 1066223,"  1044ec:	e3403011 	movt	r3, #17
",SDC, 731, 350, 3852, 3, 2960, 868, 1, 324, 503, 13, 233, 45383, 293, 3, 241, 4824, 10689, 409, 12, 32313, 8302, 11746, 0, 0, 26, 3166, 3178, 3922, 36, 0, 0, 19, 23, 128, 2, 46180, 37240, 40782, 2, 0, 0, 317
83,r0,25, 1073435,"  106118:	e6ef3073 	uxtb	r3, r3
",r1,18, 1073435,"  106118:	e6ef3073 	uxtb	r3, r3
",r2,5, 1073435,"  106118:	e6ef3073 	uxtb	r3, r3
",SDC, 954, 354, 3811, 2, 2926, 843, 1, 338, 503, 13, 238, 45601, 293, 3, 237, 4580, 11201, 420, 18, 32260, 7965, 11630, 0, 0, 26, 3160, 3160, 3863, 35, 0, 0, 17, 21, 144, 2, 45576, 37374, 40918, 1, 0, 0, 317
84,r3,22, 1066205,"  1044dc:	e51b301c 	ldr	r3, [fp, #-28]	; 0xffffffe4
",r1,5, 1066205,"  1044dc:	e51b301c 	ldr	r3, [fp, #-28]	; 0xffffffe4
",r3,15, 1066205,"  1044dc:	e51b301c 	ldr	r3, [fp, #-28]	; 0xffffffe4
",benign, 724, 353, 3807, 2, 2921, 840, 1, 340, 505, 13, 227, 45846, 294, 3, 245, 4232, 12354, 419, 12, 32877, 8036, 11604, 0, 0, 26, 3163, 3161, 3827, 35, 0, 0, 17, 21, 134, 2, 46544, 37971, 41646, 1, 0, 0, 317
85,r0,22, 1065431,"  1041d4:	e51b300c 	ldr	r3, [fp, #-12]
",r3,28, 1065431,"  1041d4:	e51b300c 	ldr	r3, [fp, #-12]
",r1,4, 1065431,"  1041d4:	e51b300c 	ldr	r3, [fp, #-12]
",crash/hangs,-,-,-,-,-,-,-,-,-,-,-,-,-,-,-,-,-,-,-,-,-,-,-,-,-,-,-,-,-,-,-,-,-,-,-,-,-,-,-,-,-,-
86,r3,8, 1062605,"  1036cc:	33a03004 	movcc	r3, #4
",r1,17, 1062605,"  1036cc:	33a03004 	movcc	r3, #4
",r1,28, 1062605,"  1036cc:	33a03004 	movcc	r3, #4
",crash/hangs,-,-,-,-,-,-,-,-,-,-,-,-,-,-,-,-,-,-,-,-,-,-,-,-,-,-,-,-,-,-,-,-,-,-,-,-,-,-,-,-,-,-
0,r1,13, 1074651,"  1065d8:	e0211003 	eor	r1, r1, r3
",r0,26, 1074651,"  1065d8:	e0211003 	eor	r1, r1, r3
",r1,30, 1074651,"  1065d8:	e0211003 	eor	r1, r1, r3
",crash/hangs,-,-,-,-,-,-,-,-,-,-,-,-,-,-,-,-,-,-,-,-,-,-,-,-,-,-,-,-,-,-,-,-,-,-,-,-,-,-,-,-,-,-
1,r1,26, 1075267,"  106840:	e1a03823 	lsr	r3, r3, #16
",r0,25, 1075267,"  106840:	e1a03823 	lsr	r3, r3, #16
",r2,15, 1075267,"  106840:	e1a03823 	lsr	r3, r3, #16
",crash/hangs,-,-,-,-,-,-,-,-,-,-,-,-,-,-,-,-,-,-,-,-,-,-,-,-,-,-,-,-,-,-,-,-,-,-,-,-,-,-,-,-,-,-
2,r0,22, 1064935,"  103fe4:	e50b000c 	str	r0, [fp, #-12]
",r1,4, 1064935,"  103fe4:	e50b000c 	str	r0, [fp, #-12]
",r3,31, 1064935,"  103fe4:	e50b000c 	str	r0, [fp, #-12]
",crash/hangs,-,-,-,-,-,-,-,-,-,-,-,-,-,-,-,-,-,-,-,-,-,-,-,-,-,-,-,-,-,-,-,-,-,-,-,-,-,-,-,-,-,-
3,r3,11, 1063863,"  103bb4:	e30d3cc0 	movw	r3, #56512	; 0xdcc0
",r2,30, 1063863,"  103bb4:	e30d3cc0 	movw	r3, #56512	; 0xdcc0
",r1,3, 1063863,"  103bb4:	e30d3cc0 	movw	r3, #56512	; 0xdcc0
",SDC, 631, 225, 3882, 2, 2981, 877, 1, 324, 503, 13, 240, 45330, 293, 3, 235, 3793, 11360, 410, 12, 31956, 7389, 11688, 0, 0, 26, 3195, 3140, 3908, 34, 0, 0, 19, 23, 127, 2, 45702, 37056, 40547, 1, 0, 0, 317
4,r3,30, 1081416,"  108048:	e2800c03 	add	r0, r0, #768	; 0x300
",r2,31, 1081416,"  108048:	e2800c03 	add	r0, r0, #768	; 0x300
",r3,5, 1081416,"  108048:	e2800c03 	add	r0, r0, #768	; 0x300
",crash/hangs,-,-,-,-,-,-,-,-,-,-,-,-,-,-,-,-,-,-,-,-,-,-,-,-,-,-,-,-,-,-,-,-,-,-,-,-,-,-,-,-,-,-
5,r1,11, 1077390,"  10708c:	e3403011 	movt	r3, #17
",r2,25, 1077390,"  10708c:	e3403011 	movt	r3, #17
",r0,5, 1077390,"  10708c:	e3403011 	movt	r3, #17
",crash/hangs,-,-,-,-,-,-,-,-,-,-,-,-,-,-,-,-,-,-,-,-,-,-,-,-,-,-,-,-,-,-,-,-,-,-,-,-,-,-,-,-,-,-
6,r1,13, 1082944,"  108640:	e0233001 	eor	r3, r3, r1
",r2,15, 1082944,"  108640:	e0233001 	eor	r3, r3, r1
",r0,5, 1082944,"  108640:	e0233001 	eor	r3, r3, r1
",crash/hangs,-,-,-,-,-,-,-,-,-,-,-,-,-,-,-,-,-,-,-,-,-,-,-,-,-,-,-,-,-,-,-,-,-,-,-,-,-,-,-,-,-,-
7,r0,15, 1072307,"  105cb0:	e6ef3073 	uxtb	r3, r3
",r2,28, 1072307,"  105cb0:	e6ef3073 	uxtb	r3, r3
",r2,1, 1072307,"  105cb0:	e6ef3073 	uxtb	r3, r3
",SDC, 846, 234, 3894, 2, 3001, 874, 1, 324, 504, 13, 235, 46550, 293, 3, 245, 4606, 11739, 419, 15, 33123, 7996, 11737, 0, 0, 26, 3183, 3188, 3922, 36, 0, 0, 17, 21, 135, 2, 47065, 38055, 41607, 1, 0, 0, 316
8,r3,22, 1082871,"  1085f4:	e7933100 	ldr	r3, [r3, r0, lsl #2]
",r3,8, 1082871,"  1085f4:	e7933100 	ldr	r3, [r3, r0, lsl #2]
",r1,24, 1082871,"  1085f4:	e7933100 	ldr	r3, [r3, r0, lsl #2]
",crash/hangs,-,-,-,-,-,-,-,-,-,-,-,-,-,-,-,-,-,-,-,-,-,-,-,-,-,-,-,-,-,-,-,-,-,-,-,-,-,-,-,-,-,-
9,r3,0, 1066933,"  1047b4:	e2800c03 	add	r0, r0, #768	; 0x300
",r1,21, 1066933,"  1047b4:	e2800c03 	add	r0, r0, #768	; 0x300
",r2,14, 1066933,"  1047b4:	e2800c03 	add	r0, r0, #768	; 0x300
",crash/hangs,-,-,-,-,-,-,-,-,-,-,-,-,-,-,-,-,-,-,-,-,-,-,-,-,-,-,-,-,-,-,-,-,-,-,-,-,-,-,-,-,-,-
10,r0,22, 1072297,"  105ca8:	e5932000 	ldr	r2, [r3]
",r1,3, 1072297,"  105ca8:	e5932000 	ldr	r2, [r3]
",r3,23, 1072297,"  105ca8:	e5932000 	ldr	r2, [r3]
",SDC, 848, 225, 3875, 2, 3000, 875, 1, 324, 503, 12, 237, 46053, 293, 3, 240, 4392, 12068, 419, 13, 32760, 8265, 11729, 0, 0, 26, 3201, 3154, 3921, 34, 0, 0, 19, 23, 286, 2, 46470, 37602, 41168, 1, 0, 0, 317
11,r2,10, 1077085,"  106f5c:	e3403011 	movt	r3, #17
",r2,9, 1077085,"  106f5c:	e3403011 	movt	r3, #17
",r1,4, 1077085,"  106f5c:	e3403011 	movt	r3, #17
",crash/hangs,-,-,-,-,-,-,-,-,-,-,-,-,-,-,-,-,-,-,-,-,-,-,-,-,-,-,-,-,-,-,-,-,-,-,-,-,-,-,-,-,-,-
12,r1,4, 1063908,"  103be4:	e51b3008 	ldr	r3, [fp, #-8]
",r1,19, 1063908,"  103be4:	e51b3008 	ldr	r3, [fp, #-8]
",r3,28, 1063908,"  103be4:	e51b3008 	ldr	r3, [fp, #-8]
",SDC, 533, 220, 3877, 4, 2984, 881, 1, 324, 503, 13, 233, 43921, 293, 3, 235, 4483, 10824, 409, 14, 30704, 6600, 11628, 0, 0, 26, 3203, 3136, 3918, 37, 0, 0, 17, 21, 135, 4, 44272, 35626, 39096, 1, 0, 0, 317
13,r0,13, 1070687,"  10565c:	e0211003 	eor	r1, r1, r3
",r3,5, 1070687,"  10565c:	e0211003 	eor	r1, r1, r3
",r3,0, 1070687,"  10565c:	e0211003 	eor	r1, r1, r3
",SDC, 867, 356, 3857, 2, 2958, 866, 1, 324, 504, 12, 231, 45796, 293, 3, 243, 4595, 11370, 419, 9, 32272, 7999, 11686, 0, 0, 26, 3178, 3176, 3915, 36, 0, 0, 19, 24, 137, 2, 46446, 37726, 41262, 1, 0, 0, 316
14,r3,15, 1075023,"  10674c:	e7933100 	ldr	r3, [r3, r0, lsl #2]
",r3,28, 1075023,"  10674c:	e7933100 	ldr	r3, [r3, r0, lsl #2]
",r2,11, 1075023,"  10674c:	e7933100 	ldr	r3, [r3, r0, lsl #2]
",crash/hangs,-,-,-,-,-,-,-,-,-,-,-,-,-,-,-,-,-,-,-,-,-,-,-,-,-,-,-,-,-,-,-,-,-,-,-,-,-,-,-,-,-,-
15,r3,5, 1074580,"  106594:	ea000852 	b	1086e4 <decrypt+0x223c>
",r3,27, 1074580,"  106594:	ea000852 	b	1086e4 <decrypt+0x223c>
",r0,4, 1074580,"  106594:	ea000852 	b	1086e4 <decrypt+0x223c>
",crash/hangs,-,-,-,-,-,-,-,-,-,-,-,-,-,-,-,-,-,-,-,-,-,-,-,-,-,-,-,-,-,-,-,-,-,-,-,-,-,-,-,-,-,-
16,r3,19, 1077268,"  107014:	e30c3cc0 	movw	r3, #52416	; 0xccc0
",r1,12, 1077268,"  107014:	e30c3cc0 	movw	r3, #52416	; 0xccc0
",r1,28, 1077268,"  107014:	e30c3cc0 	movw	r3, #52416	; 0xccc0
",crash/hangs,-,-,-,-,-,-,-,-,-,-,-,-,-,-,-,-,-,-,-,-,-,-,-,-,-,-,-,-,-,-,-,-,-,-,-,-,-,-,-,-,-,-
17,r3,18, 1082204,"  10835c:	e5932000 	ldr	r2, [r3]
",r1,20, 1082204,"  10835c:	e5932000 	ldr	r2, [r3]
",r3,17, 1082204,"  10835c:	e5932000 	ldr	r2, [r3]
",crash/hangs,-,-,-,-,-,-,-,-,-,-,-,-,-,-,-,-,-,-,-,-,-,-,-,-,-,-,-,-,-,-,-,-,-,-,-,-,-,-,-,-,-,-
18,r2,4, 1076431,"  106ccc:	e6ef3073 	uxtb	r3, r3
",r3,18, 1076431,"  106ccc:	e6ef3073 	uxtb	r3, r3
",r0,21, 1076431,"  106ccc:	e6ef3073 	uxtb	r3, r3
",crash/hangs,-,-,-,-,-,-,-,-,-,-,-,-,-,-,-,-,-,-,-,-,-,-,-,-,-,-,-,-,-,-,-,-,-,-,-,-,-,-,-,-,-,-
19,r3,27, 1080253,"  107bbc:	e7931101 	ldr	r1, [r3, r1, lsl #2]
",r0,7, 1080253,"  107bbc:	e7931101 	ldr	r1, [r3, r1, lsl #2]
",r3,1, 1080253,"  107bbc:	e7931101 	ldr	r1, [r3, r1, lsl #2]
",crash/hangs,-,-,-,-,-,-,-,-,-,-,-,-,-,-,-,-,-,-,-,-,-,-,-,-,-,-,-,-,-,-,-,-,-,-,-,-,-,-,-,-,-,-
20,r1,0, 1073762,"  106260:	e0211003 	eor	r1, r1, r3
",r0,20, 1073762,"  106260:	e0211003 	eor	r1, r1, r3
",r2,1, 1073762,"  106260:	e0211003 	eor	r1, r1, r3
",SDC, 898, 226, 3858, 2, 2976, 858, 1, 336, 503, 12, 229, 45244, 293, 3, 237, 4520, 11355, 410, 10, 32283, 7716, 11626, 0, 0, 26, 3168, 3168, 3874, 37, 0, 0, 19, 23, 128, 2, 46508, 37415, 41158, 1, 0, 0, 316
21,r1,30, 1063324,"  10399c:	e0211003 	eor	r1, r1, r3
",r0,17, 1063324,"  10399c:	e0211003 	eor	r1, r1, r3
",r2,18, 1063324,"  10399c:	e0211003 	eor	r1, r1, r3
",crash/hangs,-,-,-,-,-,-,-,-,-,-,-,-,-,-,-,-,-,-,-,-,-,-,-,-,-,-,-,-,-,-,-,-,-,-,-,-,-,-,-,-,-,-
22,r1,21, 1067551,"  104a1c:	e2800c03 	add	r0, r0, #768	; 0x300
",r1,28, 1067551,"  104a1c:	e2800c03 	add	r0, r0, #768	; 0x300
",r2,0, 1067551,"  104a1c:	e2800c03 	add	r0, r0, #768	; 0x300
",SDC, 699, 221, 3896, 2, 3004, 874, 1, 324, 504, 13, 233, 45330, 293, 3, 234, 4796, 10924, 409, 13, 32164, 7514, 11751, 0, 0, 26, 3190, 3165, 3925, 36, 0, 0, 19, 24, 136, 2, 45728, 37232, 40800, 1, 0, 0, 317
23,r3,20, 1077788,"  10721c:	e51b3008 	ldr	r3, [fp, #-8]
",r2,3, 1077788,"  10721c:	e51b3008 	ldr	r3, [fp, #-8]
",r3,5, 1077788,"  10721c:	e51b3008 	ldr	r3, [fp, #-8]
",crash/hangs,-,-,-,-,-,-,-,-,-,-,-,-,-,-,-,-,-,-,-,-,-,-,-,-,-,-,-,-,-,-,-,-,-,-,-,-,-,-,-,-,-,-
24,r3,31, 1063832,"  103b98:	e7933100 	ldr	r3, [r3, r0, lsl #2]
",r3,27, 1063832,"  103b98:	e7933100 	ldr	r3, [r3, r0, lsl #2]
",r3,13, 1063832,"  103b98:	e7933100 	ldr	r3, [r3, r0, lsl #2]
",crash/hangs,-,-,-,-,-,-,-,-,-,-,-,-,-,-,-,-,-,-,-,-,-,-,-,-,-,-,-,-,-,-,-,-,-,-,-,-,-,-,-,-,-,-
25,r0,13, 1069506,"  1051c0:	e0211003 	eor	r1, r1, r3
",r2,21, 1069506,"  1051c0:	e0211003 	eor	r1, r1, r3
",r2,7, 1069506,"  1051c0:	e0211003 	eor	r1, r1, r3
",SDC, 762, 226, 3880, 2, 3004, 874, 1, 324, 503, 12, 229, 46075, 293, 3, 238, 4858, 11882, 408, 17, 32752, 8350, 11820, 0, 0, 26, 3159, 3192, 3922, 36, 0, 0, 17, 21, 126, 2, 46525, 37862, 41350, 1, 0, 0, 316
26,r1,5, 1074187,"  106408:	e51b3014 	ldr	r3, [fp, #-20]	; 0xffffffec
",r2,14, 1074187,"  106408:	e51b3014 	ldr	r3, [fp, #-20]	; 0xffffffec
",r0,1, 1074187,"  106408:	e51b3014 	ldr	r3, [fp, #-20]	; 0xffffffec
",SDC, 975, 352, 3817, 2, 2945, 855, 1, 336, 503, 13, 231, 45910, 293, 3, 236, 4711, 11463, 409, 15, 33021, 8410, 11695, 0, 0, 26, 3144, 3196, 3868, 35, 0, 0, 19, 23, 137, 2, 46656, 37680, 41185, 1, 0, 0, 317
27,r2,2, 1080515,"  107cc0:	e0233001 	eor	r3, r3, r1
",r3,23, 1080515,"  107cc0:	e0233001 	eor	r3, r3, r1
",r3,5, 1080515,"  107cc0:	e0233001 	eor	r3, r3, r1
",crash/hangs,-,-,-,-,-,-,-,-,-,-,-,-,-,-,-,-,-,-,-,-,-,-,-,-,-,-,-,-,-,-,-,-,-,-,-,-,-,-,-,-,-,-
28,r1,16, 1082460,"  10845c:	e1a03c23 	lsr	r3, r3, #24
",r2,5, 1082460,"  10845c:	e1a03c23 	lsr	r3, r3, #24
",r2,1, 1082460,"  10845c:	e1a03c23 	lsr	r3, r3, #24
",crash/hangs,-,-,-,-,-,-,-,-,-,-,-,-,-,-,-,-,-,-,-,-,-,-,-,-,-,-,-,-,-,-,-,-,-,-,-,-,-,-,-,-,-,-
29,r3,7, 1064028,"  103c5c:	e51b3008 	ldr	r3, [fp, #-8]
",r0,3, 1064028,"  103c5c:	e51b3008 	ldr	r3, [fp, #-8]
",r3,14, 1064028,"  103c5c:	e51b3008 	ldr	r3, [fp, #-8]
",benign, 531, 231, 3810, 4, 2948, 855, 1, 340, 505, 12, 220, 44442, 294, 3, 240, 4179, 11763, 410, 14, 31927, 7268, 11467, 0, 0, 26, 3164, 3129, 3815, 35, 0, 0, 19, 23, 128, 4, 45542, 36454, 39989, 1, 0, 0, 316
30,r0,2, 1078514,"  1074f0:	e6ef3073 	uxtb	r3, r3
",r2,27, 1078514,"  1074f0:	e6ef3073 	uxtb	r3, r3
",r0,17, 1078514,"  1074f0:	e6ef3073 	uxtb	r3, r3
",crash/hangs,-,-,-,-,-,-,-,-,-,-,-,-,-,-,-,-,-,-,-,-,-,-,-,-,-,-,-,-,-,-,-,-,-,-,-,-,-,-,-,-,-,-
31,r1,28, 1067412,"  104994:	e50b3010 	str	r3, [fp, #-16]
",r3,28, 1067412,"  104994:	e50b3010 	str	r3, [fp, #-16]
",r1,21, 1067412,"  104994:	e50b3010 	str	r3, [fp, #-16]
",SDC, 593, 221, 3892, 4, 2999, 873, 1, 324, 503, 13, 230, 44237, 293, 3, 240, 4011, 11491, 408, 12, 31078, 7349, 11676, 0, 0, 26, 3216, 3167, 3918, 34, 0, 0, 19, 23, 128, 4, 44583, 36247, 39843, 1, 0, 0, 316
32,r3,0, 1078969,"  1076b8:	e6ef3073 	uxtb	r3, r3
",r1,15, 1078969,"  1076b8:	e6ef3073 	uxtb	r3, r3
",r0,7, 1078969,"  1076b8:	e6ef3073 	uxtb	r3, r3
",crash/hangs,-,-,-,-,-,-,-,-,-,-,-,-,-,-,-,-,-,-,-,-,-,-,-,-,-,-,-,-,-,-,-,-,-,-,-,-,-,-,-,-,-,-
33,r1,6, 1065411,"  1041c0:	e5922000 	ldr	r2, [r2]
",r3,20, 1065411,"  1041c0:	e5922000 	ldr	r2, [r2]
",r0,9, 1065411,"  1041c0:	e5922000 	ldr	r2, [r2]
",crash/hangs,-,-,-,-,-,-,-,-,-,-,-,-,-,-,-,-,-,-,-,-,-,-,-,-,-,-,-,-,-,-,-,-,-,-,-,-,-,-,-,-,-,-
34,r3,12, 1077666,"  1071a0:	e3403011 	movt	r3, #17
",r2,1, 1077666,"  1071a0:	e3403011 	movt	r3, #17
",r0,15, 1077666,"  1071a0:	e3403011 	movt	r3, #17
",crash/hangs,-,-,-,-,-,-,-,-,-,-,-,-,-,-,-,-,-,-,-,-,-,-,-,-,-,-,-,-,-,-,-,-,-,-,-,-,-,-,-,-,-,-
35,r1,8, 1072101,"  105be4:	e6ef3073 	uxtb	r3, r3
",r0,21, 1072101,"  105be4:	e6ef3073 	uxtb	r3, r3
",r0,19, 1072101,"  105be4:	e6ef3073 	uxtb	r3, r3
",SDC, 840, 224, 3891, 2, 2997, 875, 1, 324, 503, 12, 231, 46351, 293, 3, 237, 5066, 11506, 431, 13, 32894, 8076, 11794, 0, 0, 26, 3175, 3181, 3918, 33, 0, 0, 17, 21, 126, 2, 46340, 38237, 41791, 1, 0, 0, 317
36,r0,22, 1073324,"  1060ac:	e30b3cc0 	movw	r3, #48320	; 0xbcc0
",r2,6, 1073324,"  1060ac:	e30b3cc0 	movw	r3, #48320	; 0xbcc0
",r0,9, 1073324,"  1060ac:	e30b3cc0 	movw	r3, #48320	; 0xbcc0
",SDC, 855, 355, 3822, 5, 2933, 847, 1, 336, 504, 13, 224, 44578, 293, 3, 239, 4159, 11889, 495, 14, 31587, 6517, 11600, 0, 0, 26, 3173, 3155, 3851, 34, 0, 0, 19, 23, 212, 6, 45589, 36595, 40155, 2, 0, 0, 316
37,r1,16, 1063255,"  103954:	e1a03823 	lsr	r3, r3, #16
",r2,5, 1063255,"  103954:	e1a03823 	lsr	r3, r3, #16
",r0,10, 1063255,"  103954:	e1a03823 	lsr	r3, r3, #16
",crash/hangs,-,-,-,-,-,-,-,-,-,-,-,-,-,-,-,-,-,-,-,-,-,-,-,-,-,-,-,-,-,-,-,-,-,-,-,-,-,-,-,-,-,-
38,r3,19, 1071671,"  105a34:	e0233001 	eor	r3, r3, r1
",r3,0, 1071671,"  105a34:	e0233001 	eor	r3, r3, r1
",r0,5, 1071671,"  105a34:	e0233001 	eor	r3, r3, r1
",SDC, 824, 218, 3881, 2, 3006, 875, 1, 324, 503, 12, 236, 45265, 293, 3, 231, 4631, 10814, 408, 11, 31702, 8379, 11789, 0, 0, 26, 3161, 3178, 3915, 33, 0, 0, 19, 23, 127, 2, 45509, 37164, 40679, 1, 0, 0, 317
39,r3,18, 1081432,"  108058:	e50b3028 	str	r3, [fp, #-40]	; 0xffffffd8
",r3,5, 1081432,"  108058:	e50b3028 	str	r3, [fp, #-40]	; 0xffffffd8
",r3,10, 1081432,"  108058:	e50b3028 	str	r3, [fp, #-40]	; 0xffffffd8
",crash/hangs,-,-,-,-,-,-,-,-,-,-,-,-,-,-,-,-,-,-,-,-,-,-,-,-,-,-,-,-,-,-,-,-,-,-,-,-,-,-,-,-,-,-
40,r3,18, 1062706,"  103730:	e2833001 	add	r3, r3, #1
",r0,2, 1062706,"  103730:	e2833001 	add	r3, r3, #1
",r2,27, 1062706,"  103730:	e2833001 	add	r3, r3, #1
",crash/hangs,-,-,-,-,-,-,-,-,-,-,-,-,-,-,-,-,-,-,-,-,-,-,-,-,-,-,-,-,-,-,-,-,-,-,-,-,-,-,-,-,-,-
41,r0,15, 1076555,"  106d48:	e0233001 	eor	r3, r3, r1
",r0,16, 1076555,"  106d48:	e0233001 	eor	r3, r3, r1
",r2,23, 1076555,"  106d48:	e0233001 	eor	r3, r3, r1
",crash/hangs,-,-,-,-,-,-,-,-,-,-,-,-,-,-,-,-,-,-,-,-,-,-,-,-,-,-,-,-,-,-,-,-,-,-,-,-,-,-,-,-,-,-
42,r3,12, 1062368,"  1035e0:	e50b101c 	str	r1, [fp, #-28]	; 0xffffffe4
",r2,21, 1062368,"  1035e0:	e50b101c 	str	r1, [fp, #-28]	; 0xffffffe4
",r3,4, 1062368,"  1035e0:	e50b101c 	str	r1, [fp, #-28]	; 0xffffffe4
",SDC, 258, 89, 2711, 5, 1854, 760, 1, 324, 505, 238, 230, 31496, 295, 3, 99, 3380, 3760, 509, 5, 21991, 6364, 7312, 0, 0, 26, 1611, 1720, 2684, 34, 0, 0, 17, 21, 224, 7, 31608, 23161, 26851, 2, 0, 0, 316
43,r3,22, 1074184,"  106408:	e51b3014 	ldr	r3, [fp, #-20]	; 0xffffffec
",r3,27, 1074184,"  106408:	e51b3014 	ldr	r3, [fp, #-20]	; 0xffffffec
",r1,14, 1074184,"  106408:	e51b3014 	ldr	r3, [fp, #-20]	; 0xffffffec
",SDC, 883, 349, 3816, 4, 2929, 839, 1, 339, 503, 12, 234, 44590, 293, 3, 236, 4317, 11654, 409, 14, 31383, 6990, 11517, 0, 0, 26, 3170, 3150, 3836, 34, 0, 0, 17, 21, 135, 5, 44779, 36373, 39954, 1, 0, 0, 317
44,r3,4, 1071410,"  105930:	e7931101 	ldr	r1, [r3, r1, lsl #2]
",r3,5, 1071410,"  105930:	e7931101 	ldr	r1, [r3, r1, lsl #2]
",r3,16, 1071410,"  105930:	e7931101 	ldr	r1, [r3, r1, lsl #2]
",SDC, 897, 356, 3864, 3, 2962, 866, 1, 324, 504, 13, 233, 45902, 293, 3, 244, 3982, 12008, 502, 16, 32775, 7904, 11782, 0, 0, 26, 3156, 3213, 3929, 37, 0, 0, 19, 23, 221, 6, 46537, 37538, 41071, 2, 0, 0, 316
45,r2,11, 1079799,"  1079f4:	e7931101 	ldr	r1, [r3, r1, lsl #2]
",r2,21, 1079799,"  1079f4:	e7931101 	ldr	r1, [r3, r1, lsl #2]
",r1,11, 1079799,"  1079f4:	e7931101 	ldr	r1, [r3, r1, lsl #2]
",crash/hangs,-,-,-,-,-,-,-,-,-,-,-,-,-,-,-,-,-,-,-,-,-,-,-,-,-,-,-,-,-,-,-,-,-,-,-,-,-,-,-,-,-,-
46,r1,2, 1078327,"  107434:	e6ef3073 	uxtb	r3, r3
",r1,5, 1078327,"  107434:	e6ef3073 	uxtb	r3, r3
",r1,6, 1078327,"  107434:	e6ef3073 	uxtb	r3, r3
",crash/hangs,-,-,-,-,-,-,-,-,-,-,-,-,-,-,-,-,-,-,-,-,-,-,-,-,-,-,-,-,-,-,-,-,-,-,-,-,-,-,-,-,-,-
47,r3,4, 1071383,"  105914:	e2833054 	add	r3, r3, #84	; 0x54
",r2,27, 1071383,"  105914:	e2833054 	add	r3, r3, #84	; 0x54
",r1,15, 1071383,"  105914:	e2833054 	add	r3, r3, #84	; 0x54
",SDC, 824, 235, 3875, 3, 2997, 874, 1, 324, 504, 13, 234, 45845, 293, 3, 240, 4198, 11397, 501, 12, 32241, 7674, 11746, 0, 0, 26, 3176, 3173, 3917, 36, 0, 0, 19, 23, 229, 7, 45721, 37249, 40761, 2, 0, 0, 316
48,r1,31, 1066545,"  104630:	e1a00003 	mov	r0, r3
",r0,6, 1066545,"  104630:	e1a00003 	mov	r0, r3
",r3,12, 1066545,"  104630:	e1a00003 	mov	r0, r3
",SDC, 789, 404, 3863, 3, 2955, 864, 1, 324, 503, 12, 232, 45429, 293, 3, 241, 4985, 10871, 429, 15, 32612, 8394, 11804, 0, 0, 26, 3184, 3170, 3916, 34, 0, 0, 19, 23, 129, 6, 46001, 36916, 40463, 2, 0, 0, 317
49,r3,23, 1079699,"  107990:	e1a00003 	mov	r0, r3
",r0,16, 1079699,"  107990:	e1a00003 	mov	r0, r3
",r3,14, 1079699,"  107990:	e1a00003 	mov	r0, r3
",crash/hangs,-,-,-,-,-,-,-,-,-,-,-,-,-,-,-,-,-,-,-,-,-,-,-,-,-,-,-,-,-,-,-,-,-,-,-,-,-,-,-,-,-,-
50,r1,16, 1080382,"  107c3c:	e5932000 	ldr	r2, [r3]
",r1,15, 1080382,"  107c3c:	e5932000 	ldr	r2, [r3]
",r0,6, 1080382,"  107c3c:	e5932000 	ldr	r2, [r3]
",crash/hangs,-,-,-,-,-,-,-,-,-,-,-,-,-,-,-,-,-,-,-,-,-,-,-,-,-,-,-,-,-,-,-,-,-,-,-,-,-,-,-,-,-,-
num,reg,pos,loc,reg,pos,loc,reg,pos,loc,instraction,res,0,1,2,3,4,5,6,7,8,9,10,11,12,13,14,15,16,17,18,19,20,21,22,23,24,25,26,27,28,29,30,31,32,33,34,35,36,37,38,39,40,41
0,r0,23, 1063516,"  103a5c:	e51b3008 	ldr	r3, [fp, #-8]
",r2,9, 1063516,"  103a5c:	e51b3008 	ldr	r3, [fp, #-8]
",r2,5, 1063516,"  103a5c:	e51b3008 	ldr	r3, [fp, #-8]
",crash/hangs,-,-,-,-,-,-,-,-,-,-,-,-,-,-,-,-,-,-,-,-,-,-,-,-,-,-,-,-,-,-,-,-,-,-,-,-,-,-,-,-,-,-
1,r2,27, 1064274,"  103d50:	e5832000 	str	r2, [r3]
",r0,24, 1064274,"  103d50:	e5832000 	str	r2, [r3]
",r3,3, 1064274,"  103d50:	e5832000 	str	r2, [r3]
",SDC, 643, 230, 3881, 3, 2982, 878, 1, 324, 504, 13, 235, 45043, 293, 3, 237, 4241, 10995, 503, 17, 32516, 8100, 11729, 0, 0, 26, 3188, 3155, 3911, 36, 0, 0, 17, 21, 222, 5, 46151, 37157, 40686, 2, 0, 0, 317
2,r2,24, 1066678,"  1046b4:	e3403011 	movt	r3, #17
",r1,4, 1066678,"  1046b4:	e3403011 	movt	r3, #17
",r0,31, 1066678,"  1046b4:	e3403011 	movt	r3, #17
",crash/hangs,-,-,-,-,-,-,-,-,-,-,-,-,-,-,-,-,-,-,-,-,-,-,-,-,-,-,-,-,-,-,-,-,-,-,-,-,-,-,-,-,-,-
3,r2,7, 1073573,"  1061a4:	e0211003 	eor	r1, r1, r3
",r0,5, 1073573,"  1061a4:	e0211003 	eor	r1, r1, r3
",r1,7, 1073573,"  1061a4:	e0211003 	eor	r1, r1, r3
",SDC, 883, 226, 3852, 2, 2976, 856, 1, 336, 504, 11, 243, 45395, 293, 3, 241, 4333, 11403, 408, 15, 32366, 7928, 11672, 0, 0, 26, 3172, 3174, 3861, 34, 0, 0, 19, 24, 128, 2, 45867, 37158, 40745, 1, 0, 0, 316
4,r3,7, 1072837,"  105ec4:	e3403011 	movt	r3, #17
",r2,26, 1072837,"  105ec4:	e3403011 	movt	r3, #17
",r3,10, 1072837,"  105ec4:	e3403011 	movt	r3, #17
",SDC, 935, 349, 3840, 2, 2962, 865, 1, 324, 503, 14, 236, 45343, 293, 3, 235, 3861, 11791, 408, 13, 32461, 7471, 11754, 0, 0, 26, 3153, 3193, 3919, 34, 0, 0, 17, 21, 191, 2, 46467, 37566, 41134, 1, 0, 0, 317
5,r1,3, 1066986,"  1047e8:	e30b3cc0 	movw	r3, #48320	; 0xbcc0
",r2,21, 1066986,"  1047e8:	e30b3cc0 	movw	r3, #48320	; 0xbcc0
",r1,25, 1066986,"  1047e8:	e30b3cc0 	movw	r3, #48320	; 0xbcc0
",crash/hangs,-,-,-,-,-,-,-,-,-,-,-,-,-,-,-,-,-,-,-,-,-,-,-,-,-,-,-,-,-,-,-,-,-,-,-,-,-,-,-,-,-,-
6,r3,22, 1074811,"  106678:	e1a03823 	lsr	r3, r3, #16
",r0,11, 1074811,"  106678:	e1a03823 	lsr	r3, r3, #16
",r3,23, 1074811,"  106678:	e1a03823 	lsr	r3, r3, #16
",crash/hangs,-,-,-,-,-,-,-,-,-,-,-,-,-,-,-,-,-,-,-,-,-,-,-,-,-,-,-,-,-,-,-,-,-,-,-,-,-,-,-,-,-,-
7,r3,30, 1065628,"  10429c:	e5932000 	ldr	r2, [r3]
",r3,24, 1065628,"  10429c:	e5932000 	ldr	r2, [r3]
",r0,15, 1065628,"  10429c:	e5932000 	ldr	r2, [r3]
",SDC, 534, 223, 3918, 4, 3019, 877, 1, 325, 504, 12, 239, 44844, 293, 3, 233, 4621, 11384, 420, 12, 31344, 6767, 11748, 0, 0, 26, 3169, 3186, 3980, 38, 0, 0, 19, 23, 137, 7, 45356, 36537, 40046, 1, 0, 0, 317
8,r1,19, 1073832,"  1062a8:	e30d3cc0 	movw	r3, #56512	; 0xdcc0
",r0,26, 1073832,"  1062a8:	e30d3cc0 	movw	r3, #56512	; 0xdcc0
",r1,26, 1073832,"  1062a8:	e30d3cc0 	movw	r3, #56512	; 0xdcc0
",SDC, 873, 358, 3829, 5, 2937, 852, 1, 336, 503, 12, 230, 45085, 293, 3, 247, 4385, 12100, 435, 8, 31633, 6941, 11455, 0, 0, 26, 3152, 3181, 3860, 34, 0, 0, 19, 23, 144, 7, 45468, 36943, 40526, 2, 0, 0, 316
9,r3,28, 1082236,"  10837c:	e1a03423 	lsr	r3, r3, #8
",r0,8, 1082236,"  10837c:	e1a03423 	lsr	r3, r3, #8
",r1,11, 1082236,"  10837c:	e1a03423 	lsr	r3, r3, #8
",crash/hangs,-,-,-,-,-,-,-,-,-,-,-,-,-,-,-,-,-,-,-,-,-,-,-,-,-,-,-,-,-,-,-,-,-,-,-,-,-,-,-,-,-,-
10,r3,31, 1065409,"  1041c0:	e5922000 	ldr	r2, [r2]
",r0,31, 1065409,"  1041c0:	e5922000 	ldr	r2, [r2]
",r3,11, 1065409,"  1041c0:	e5922000 	ldr	r2, [r2]
",crash/hangs,-,-,-,-,-,-,-,-,-,-,-,-,-,-,-,-,-,-,-,-,-,-,-,-,-,-,-,-,-,-,-,-,-,-,-,-,-,-,-,-,-,-
11,r2,4, 1072529,"  105d90:	e30b3cc0 	movw	r3, #48320	; 0xbcc0
",r1,13, 1072529,"  105d90:	e30b3cc0 	movw	r3, #48320	; 0xbcc0
",r2,15, 1072529,"  105d90:	e30b3cc0 	movw	r3, #48320	; 0xbcc0
",SDC, 856, 1413, 3901, 2, 3002, 873, 1, 324, 504, 12, 241, 45797, 293, 3, 233, 4456, 11274, 418, 11, 31753, 7409, 11775, 0, 0, 26, 3191, 3150, 3931, 39, 0, 0, 19, 23, 208, 2, 45774, 37132, 40699, 1, 0, 0, 316
12,r2,17, 1070117,"  105424:	e51b300c 	ldr	r3, [fp, #-12]
",r1,8, 1070117,"  105424:	e51b300c 	ldr	r3, [fp, #-12]
",r2,19, 1070117,"  105424:	e51b300c 	ldr	r3, [fp, #-12]
",SDC, 857, 356, 3844, 2, 2960, 871, 1, 324, 503, 12, 233, 45962, 293, 3, 242, 4329, 11763, 409, 13, 32906, 8153, 11757, 0, 0, 26, 3190, 3176, 3931, 36, 0, 0, 17, 21, 125, 2, 45642, 37555, 41100, 1, 0, 0, 316
13,r1,24, 1080148,"  107b54:	e6ef3073 	uxtb	r3, r3
",r0,30, 1080148,"  107b54:	e6ef3073 	uxtb	r3, r3
",r0,10, 1080148,"  107b54:	e6ef3073 	uxtb	r3, r3
",crash/hangs,-,-,-,-,-,-,-,-,-,-,-,-,-,-,-,-,-,-,-,-,-,-,-,-,-,-,-,-,-,-,-,-,-,-,-,-,-,-,-,-,-,-
14,r1,8, 1081855,"  1081fc:	e1a03c23 	lsr	r3, r3, #24
",r3,6, 1081855,"  1081fc:	e1a03c23 	lsr	r3, r3, #24
",r0,31, 1081855,"  1081fc:	e1a03c23 	lsr	r3, r3, #24
",crash/hangs,-,-,-,-,-,-,-,-,-,-,-,-,-,-,-,-,-,-,-,-,-,-,-,-,-,-,-,-,-,-,-,-,-,-,-,-,-,-,-,-,-,-
15,r2,10, 1071432,"  105948:	e3403011 	movt	r3, #17
",r1,8, 1071432,"  105948:	e3403011 	movt	r3, #17
",r1,19, 1071432,"  105948:	e3403011 	movt	r3, #17
",SDC, 721, 228, 3889, 4, 2995, 870, 1, 324, 504, 13, 240, 44988, 293, 3, 241, 4436, 12146, 419, 15, 31593, 6724, 11641, 0, 0, 26, 3187, 3176, 3916, 37, 0, 0, 19, 23, 127, 4, 45726, 36880, 40476, 1, 0, 0, 316
16,r3,19, 1068603,"  104e38:	e1a03c23 	lsr	r3, r3, #24
",r3,20, 1068603,"  104e38:	e1a03c23 	lsr	r3, r3, #24
",r2,28, 1068603,"  104e38:	e1a03c23 	lsr	r3, r3, #24
",SDC, 803, 348, 3855, 2, 2955, 865, 1, 324, 503, 13, 234, 45576, 293, 3, 235, 4733, 11673, 419, 15, 32858, 8322, 11770, 0, 0, 26, 3160, 3184, 3919, 35, 0, 0, 17, 21, 315, 2, 46384, 37887, 41570, 1, 0, 0, 316
17,r3,17, 1073421,"  10610c:	e0211003 	eor	r1, r1, r3
",r0,24, 1073421,"  10610c:	e0211003 	eor	r1, r1, r3
",r3,18, 1073421,"  10610c:	e0211003 	eor	r1, r1, r3
",SDC, 955, 350, 3813, 2, 2941, 853, 1, 336, 503, 13, 240, 45565, 293, 3, 232, 4846, 11492, 419, 11, 32418, 7906, 11665, 0, 0, 26, 3191, 3141, 3870, 34, 0, 0, 17, 22, 126, 2, 45920, 37399, 41003, 1, 0, 0, 316
18,r0,19, 1079394,"  107860:	e1a00003 	mov	r0, r3
",r3,26, 1079394,"  107860:	e1a00003 	mov	r0, r3
",r1,9, 1079394,"  107860:	e1a00003 	mov	r0, r3
",crash/hangs,-,-,-,-,-,-,-,-,-,-,-,-,-,-,-,-,-,-,-,-,-,-,-,-,-,-,-,-,-,-,-,-,-,-,-,-,-,-,-,-,-,-
19,r3,3, 1069611,"  105228:	e3403011 	movt	r3, #17
",r3,31, 1069611,"  105228:	e3403011 	movt	r3, #17
",r3,20, 1069611,"  105228:	e3403011 	movt	r3, #17
",SDC, 764, 228, 3900, 2, 2999, 871, 1, 324, 504, 14, 241, 45817, 293, 3, 245, 4194, 12169, 409, 14, 32717, 8418, 11793, 0, 0, 26, 3186, 3168, 3912, 34, 0, 0, 17, 21, 125, 2, 46558, 37898, 41423, 1, 0, 0, 316
20,r0,18, 1078132,"  107374:	e1a03423 	lsr	r3, r3, #8
",r0,20, 1078132,"  107374:	e1a03423 	lsr	r3, r3, #8
",r1,30, 1078132,"  107374:	e1a03423 	lsr	r3, r3, #8
",crash/hangs,-,-,-,-,-,-,-,-,-,-,-,-,-,-,-,-,-,-,-,-,-,-,-,-,-,-,-,-,-,-,-,-,-,-,-,-,-,-,-,-,-,-
21,r2,30, 1064563,"  103e70:	e51b300c 	ldr	r3, [fp, #-12]
",r0,0, 1064563,"  103e70:	e51b300c 	ldr	r3, [fp, #-12]
",r2,9, 1064563,"  103e70:	e51b300c 	ldr	r3, [fp, #-12]
",crash/hangs,-,-,-,-,-,-,-,-,-,-,-,-,-,-,-,-,-,-,-,-,-,-,-,-,-,-,-,-,-,-,-,-,-,-,-,-,-,-,-,-,-,-
22,r1,6, 1064922,"  103fd8:	e7932102 	ldr	r2, [r3, r2, lsl #2]
",r2,22, 1064922,"  103fd8:	e7932102 	ldr	r2, [r3, r2, lsl #2]
",r2,9, 1064922,"  103fd8:	e7932102 	ldr	r2, [r3, r2, lsl #2]
",crash/hangs,-,-,-,-,-,-,-,-,-,-,-,-,-,-,-,-,-,-,-,-,-,-,-,-,-,-,-,-,-,-,-,-,-,-,-,-,-,-,-,-,-,-
23,r2,6, 1068940,"  104f8c:	e50b3028 	str	r3, [fp, #-40]	; 0xffffffd8
",r0,15, 1068940,"  104f8c:	e50b3028 	str	r3, [fp, #-40]	; 0xffffffd8
",r2,29, 1068940,"  104f8c:	e50b3028 	str	r3, [fp, #-40]	; 0xffffffd8
",benign, 646, 225, 3833, 4, 2950, 845, 1, 340, 505, 12, 224, 44295, 294, 3, 238, 4263, 11503, 417, 16, 31570, 7116, 11546, 0, 0, 26, 3242, 3191, 3834, 35, 0, 0, 17, 21, 126, 4, 45006, 36224, 39719, 1, 0, 0, 316
24,r0,13, 1067237,"  1048e4:	e30b3cc0 	movw	r3, #48320	; 0xbcc0
",r0,7, 1067237,"  1048e4:	e30b3cc0 	movw	r3, #48320	; 0xbcc0
",r1,19, 1067237,"  1048e4:	e30b3cc0 	movw	r3, #48320	; 0xbcc0
",SDC, 757, 1243, 3870, 3, 2967, 870, 1, 324, 503, 13, 235, 46043, 293, 3, 241, 4328, 11765, 487, 12, 32124, 7845, 11737, 0, 0, 26, 3188, 3178, 3930, 36, 0, 0, 17, 21, 204, 4, 46032, 37309, 40965, 2, 0, 0, 317
25,r1,0, 1069726,"  10529c:	e1a01003 	mov	r1, r3
",r0,29, 1069726,"  10529c:	e1a01003 	mov	r1, r3
",r3,5, 1069726,"  10529c:	e1a01003 	mov	r1, r3
",SDC, 841, 357, 3869, 3, 2958, 866, 1, 324, 503, 12, 236, 45442, 293, 3, 243, 4370, 11693, 518, 13, 33040, 8521, 11780, 0, 0, 26, 3182, 3176, 3916, 38, 0, 0, 19, 23, 225, 6, 46044, 37658, 41206, 2, 0, 0, 317
26,r2,2, 1072242,"  105c70:	e0211003 	eor	r1, r1, r3
",r0,6, 1072242,"  105c70:	e0211003 	eor	r1, r1, r3
",r2,0, 1072242,"  105c70:	e0211003 	eor	r1, r1, r3
",SDC, 917, 348, 3861, 2, 2955, 863, 1, 324, 503, 13, 231, 46095, 293, 3, 240, 4471, 12021, 417, 11, 32498, 7778, 11742, 0, 0, 26, 3196, 3182, 3919, 36, 0, 0, 17, 21, 135, 2, 46519, 37962, 41669, 1, 0, 0, 317
27,r2,18, 1071470,"  10596c:	e3403011 	movt	r3, #17
",r3,11, 1071470,"  10596c:	e3403011 	movt	r3, #17
",r2,24, 1071470,"  10596c:	e3403011 	movt	r3, #17
",SDC, 886, 354, 3856, 2, 2964, 869, 1, 324, 503, 13, 230, 45878, 293, 3, 240, 4628, 11684, 408, 17, 32275, 8181, 11772, 0, 0, 26, 3185, 3185, 3924, 36, 0, 0, 19, 23, 137, 2, 46432, 37584, 41104, 1, 0, 0, 316
28,r3,14, 1073957,"  106324:	e50b3024 	str	r3, [fp, #-36]	; 0xffffffdc
",r1,7, 1073957,"  106324:	e50b3024 	str	r3, [fp, #-36]	; 0xffffffdc
",r3,30, 1073957,"  106324:	e50b3024 	str	r3, [fp, #-36]	; 0xffffffdc
",SDC, 969, 354, 3832, 2, 2941, 849, 1, 336, 503, 13, 225, 45761, 293, 3, 242, 4428, 11785, 408, 15, 32136, 7734, 11655, 0, 0, 26, 3159, 3146, 3858, 32, 0, 0, 19, 23, 137, 2, 46164, 37672, 41242, 1, 0, 0, 317
29,r3,29, 1080229,"  107ba4:	e5932000 	ldr	r2, [r3]
",r1,13, 1080229,"  107ba4:	e5932000 	ldr	r2, [r3]
",r0,1, 1080229,"  107ba4:	e5932000 	ldr	r2, [r3]
",crash/hangs,-,-,-,-,-,-,-,-,-,-,-,-,-,-,-,-,-,-,-,-,-,-,-,-,-,-,-,-,-,-,-,-,-,-,-,-,-,-,-,-,-,-
30,r3,22, 1065882,"  104398:	e0233002 	eor	r3, r3, r2
",r0,10, 1065882,"  104398:	e0233002 	eor	r3, r3, r2
",r3,18, 1065882,"  104398:	e0233002 	eor	r3, r3, r2
",SDC, 651, 226, 3882, 2, 2998, 874, 1, 324, 504, 13, 238, 45953, 293, 3, 238, 4215, 11565, 528, 15, 31666, 7903, 11722, 0, 0, 26, 3172, 3174, 3923, 36, 0, 0, 19, 23, 128, 2, 45156, 36779, 40296, 1, 0, 0, 317
31,r3,11, 1075956,"  106af4:	e51b3008 	ldr	r3, [fp, #-8]
",r0,3, 1075956,"  106af4:	e51b3008 	ldr	r3, [fp, #-8]
",r0,5, 1075956,"  106af4:	e51b3008 	ldr	r3, [fp, #-8]
",crash/hangs,-,-,-,-,-,-,-,-,-,-,-,-,-,-,-,-,-,-,-,-,-,-,-,-,-,-,-,-,-,-,-,-,-,-,-,-,-,-,-,-,-,-
32,r3,13, 1078188,"  1073ac:	e2800c02 	add	r0, r0, #512	; 0x200
",r1,27, 1078188,"  1073ac:	e2800c02 	add	r0, r0, #512	; 0x200
",r0,6, 1078188,"  1073ac:	e2800c02 	add	r0, r0, #512	; 0x200
",crash/hangs,-,-,-,-,-,-,-,-,-,-,-,-,-,-,-,-,-,-,-,-,-,-,-,-,-,-,-,-,-,-,-,-,-,-,-,-,-,-,-,-,-,-
33,r0,5, 1071755,"  105a88:	e51b3014 	ldr	r3, [fp, #-20]	; 0xffffffec
",r2,12, 1071755,"  105a88:	e51b3014 	ldr	r3, [fp, #-20]	; 0xffffffec
",r1,2, 1071755,"  105a88:	e51b3014 	ldr	r3, [fp, #-20]	; 0xffffffec
",SDC, 831, 226, 3885, 2, 2996, 873, 1, 324, 504, 13, 240, 45781, 293, 3, 237, 4249, 11431, 419, 13, 32451, 7978, 11808, 0, 0, 26, 3186, 3173, 3915, 36, 0, 0, 17, 21, 135, 2, 46160, 37591, 41082, 1, 0, 0, 316
34,r2,3, 1079064,"  107718:	e2800c01 	add	r0, r0, #256	; 0x100
",r3,30, 1079064,"  107718:	e2800c01 	add	r0, r0, #256	; 0x100
",r2,22, 1079064,"  107718:	e2800c01 	add	r0, r0, #256	; 0x100
",crash/hangs,-,-,-,-,-,-,-,-,-,-,-,-,-,-,-,-,-,-,-,-,-,-,-,-,-,-,-,-,-,-,-,-,-,-,-,-,-,-,-,-,-,-
35,r3,20, 1078160,"  107390:	e0211003 	eor	r1, r1, r3
",r3,22, 1078160,"  107390:	e0211003 	eor	r1, r1, r3
",r0,31, 1078160,"  107390:	e0211003 	eor	r1, r1, r3
",crash/hangs,-,-,-,-,-,-,-,-,-,-,-,-,-,-,-,-,-,-,-,-,-,-,-,-,-,-,-,-,-,-,-,-,-,-,-,-,-,-,-,-,-,-
36,r0,8, 1066543,"  10462c:	e6ef3073 	uxtb	r3, r3
",r2,2, 1066543,"  10462c:	e6ef3073 	uxtb	r3, r3
",r1,23, 1066543,"  10462c:	e6ef3073 	uxtb	r3, r3
",SDC, 666, 219, 3888, 2, 2993, 870, 1, 325, 504, 12, 232, 45818, 293, 3, 233, 4451, 11843, 418, 14, 32472, 7725, 11746, 0, 0, 26, 3168, 3180, 3918, 35, 0, 0, 17, 21, 135, 2, 46478, 37970, 41714, 1, 0, 0, 316
37,r1,11, 1066607,"  10466c:	e51b3018 	ldr	r3, [fp, #-24]	; 0xffffffe8
",r1,18, 1066607,"  10466c:	e51b3018 	ldr	r3, [fp, #-24]	; 0xffffffe8
",r1,18, 1066607,"  10466c:	e51b3018 	ldr	r3, [fp, #-24]	; 0xffffffe8
",SDC, 732, 348, 3864, 2, 2959, 866, 1, 325, 504, 13, 238, 45742, 293, 3, 234, 4642, 11219, 409, 15, 32301, 8222, 11885, 0, 0, 26, 3191, 3157, 3991, 37, 0, 0, 19, 23, 127, 2, 45979, 37433, 41028, 1, 0, 0, 316
38,r2,30, 1078098,"  107350:	e283301c 	add	r3, r3, #28
",r3,31, 1078098,"  107350:	e283301c 	add	r3, r3, #28
",r0,15, 1078098,"  107350:	e283301c 	add	r3, r3, #28
",crash/hangs,-,-,-,-,-,-,-,-,-,-,-,-,-,-,-,-,-,-,-,-,-,-,-,-,-,-,-,-,-,-,-,-,-,-,-,-,-,-,-,-,-,-
39,r1,9, 1082279,"  1083a4:	e6ef3073 	uxtb	r3, r3
",r0,29, 1082279,"  1083a4:	e6ef3073 	uxtb	r3, r3
",r0,19, 1082279,"  1083a4:	e6ef3073 	uxtb	r3, r3
",crash/hangs,-,-,-,-,-,-,-,-,-,-,-,-,-,-,-,-,-,-,-,-,-,-,-,-,-,-,-,-,-,-,-,-,-,-,-,-,-,-,-,-,-,-
40,r0,30, 1071373,"  10590c:	e50b3028 	str	r3, [fp, #-40]	; 0xffffffd8
",r0,20, 1071373,"  10590c:	e50b3028 	str	r3, [fp, #-40]	; 0xffffffd8
",r3,31, 1071373,"  10590c:	e50b3028 	str	r3, [fp, #-40]	; 0xffffffd8
",SDC, 821, 229, 3885, 2, 2992, 871, 1, 324, 503, 12, 231, 45594, 293, 3, 238, 4446, 11902, 418, 11, 32248, 7747, 11795, 0, 0, 26, 3189, 3172, 3925, 37, 0, 0, 17, 21, 125, 2, 45970, 37312, 40989, 1, 0, 0, 316
41,r0,19, 1079921,"  107a70:	e283304c 	add	r3, r3, #76	; 0x4c
",r2,5, 1079921,"  107a70:	e283304c 	add	r3, r3, #76	; 0x4c
",r2,25, 1079921,"  107a70:	e283304c 	add	r3, r3, #76	; 0x4c
",crash/hangs,-,-,-,-,-,-,-,-,-,-,-,-,-,-,-,-,-,-,-,-,-,-,-,-,-,-,-,-,-,-,-,-,-,-,-,-,-,-,-,-,-,-
42,r3,27, 1062447,"  10362c:	e2033002 	and	r3, r3, #2
",r3,14, 1062447,"  10362c:	e2033002 	and	r3, r3, #2
",r3,6, 1062447,"  10362c:	e2033002 	and	r3, r3, #2
",crash/hangs,-,-,-,-,-,-,-,-,-,-,-,-,-,-,-,-,-,-,-,-,-,-,-,-,-,-,-,-,-,-,-,-,-,-,-,-,-,-,-,-,-,-
43,r1,12, 1069131,"  105048:	e7931101 	ldr	r1, [r3, r1, lsl #2]
",r2,9, 1069131,"  105048:	e7931101 	ldr	r1, [r3, r1, lsl #2]
",r0,30, 1069131,"  105048:	e7931101 	ldr	r1, [r3, r1, lsl #2]
",SDC, 753, 232, 3897, 3, 2993, 871, 1, 324, 504, 12, 241, 46041, 293, 3, 231, 4546, 11716, 411, 15, 32784, 7903, 11753, 0, 0, 26, 3201, 3158, 3927, 36, 0, 0, 19, 23, 139, 6, 46109, 37499, 41033, 2, 0, 0, 317
44,r3,16, 1073803,"  106288:	e0233002 	eor	r3, r3, r2
",r2,21, 1073803,"  106288:	e0233002 	eor	r3, r3, r2
",r1,12, 1073803,"  106288:	e0233002 	eor	r3, r3, r2
",SDC, 957, 343, 3834, 2, 2942, 846, 1, 336, 503, 13, 227, 44568, 293, 3, 234, 4198, 11092, 409, 12, 32128, 8065, 11672, 0, 0, 26, 3152, 3179, 3875, 35, 0, 0, 19, 23, 137, 2, 45442, 36693, 40295, 1, 0, 0, 317
45,r1,28, 1081426,"  108050:	e0233001 	eor	r3, r3, r1
",r2,3, 1081426,"  108050:	e0233001 	eor	r3, r3, r1
",r3,5, 1081426,"  108050:	e0233001 	eor	r3, r3, r1
",crash/hangs,-,-,-,-,-,-,-,-,-,-,-,-,-,-,-,-,-,-,-,-,-,-,-,-,-,-,-,-,-,-,-,-,-,-,-,-,-,-,-,-,-,-
46,r2,21, 1080953,"  107e78:	e30c3cc0 	movw	r3, #52416	; 0xccc0
",r3,22, 1080953,"  107e78:	e30c3cc0 	movw	r3, #52416	; 0xccc0
",r3,31, 1080953,"  107e78:	e30c3cc0 	movw	r3, #52416	; 0xccc0
",crash/hangs,-,-,-,-,-,-,-,-,-,-,-,-,-,-,-,-,-,-,-,-,-,-,-,-,-,-,-,-,-,-,-,-,-,-,-,-,-,-,-,-,-,-
47,r0,2, 1078378,"  107468:	e2800c03 	add	r0, r0, #768	; 0x300
",r3,9, 1078378,"  107468:	e2800c03 	add	r0, r0, #768	; 0x300
",r3,6, 1078378,"  107468:	e2800c03 	add	r0, r0, #768	; 0x300
",crash/hangs,-,-,-,-,-,-,-,-,-,-,-,-,-,-,-,-,-,-,-,-,-,-,-,-,-,-,-,-,-,-,-,-,-,-,-,-,-,-,-,-,-,-
48,r3,3, 1074742,"  106634:	e5932000 	ldr	r2, [r3]
",r1,25, 1074742,"  106634:	e5932000 	ldr	r2, [r3]
",r0,12, 1074742,"  106634:	e5932000 	ldr	r2, [r3]
",crash/hangs,-,-,-,-,-,-,-,-,-,-,-,-,-,-,-,-,-,-,-,-,-,-,-,-,-,-,-,-,-,-,-,-,-,-,-,-,-,-,-,-,-,-
49,r1,13, 1076963,"  106ee0:	e3403011 	movt	r3, #17
",r0,26, 1076963,"  106ee0:	e3403011 	movt	r3, #17
",r3,30, 1076963,"  106ee0:	e3403011 	movt	r3, #17
",crash/hangs,-,-,-,-,-,-,-,-,-,-,-,-,-,-,-,-,-,-,-,-,-,-,-,-,-,-,-,-,-,-,-,-,-,-,-,-,-,-,-,-,-,-
50,r0,10, 1076028,"  106b3c:	e51b301c 	ldr	r3, [fp, #-28]	; 0xffffffe4
",r2,15, 1076028,"  106b3c:	e51b301c 	ldr	r3, [fp, #-28]	; 0xffffffe4
",r3,12, 1076028,"  106b3c:	e51b301c 	ldr	r3, [fp, #-28]	; 0xffffffe4
",crash/hangs,-,-,-,-,-,-,-,-,-,-,-,-,-,-,-,-,-,-,-,-,-,-,-,-,-,-,-,-,-,-,-,-,-,-,-,-,-,-,-,-,-,-
51,r0,3, 1072269,"  105c8c:	e2800c03 	add	r0, r0, #768	; 0x300
",r2,1, 1072269,"  105c8c:	e2800c03 	add	r0, r0, #768	; 0x300
",r1,23, 1072269,"  105c8c:	e2800c03 	add	r0, r0, #768	; 0x300
",crash/hangs,-,-,-,-,-,-,-,-,-,-,-,-,-,-,-,-,-,-,-,-,-,-,-,-,-,-,-,-,-,-,-,-,-,-,-,-,-,-,-,-,-,-
52,r0,12, 1074091,"  1063a8:	e3403011 	movt	r3, #17
",r3,3, 1074091,"  1063a8:	e3403011 	movt	r3, #17
",r0,18, 1074091,"  1063a8:	e3403011 	movt	r3, #17
",SDC, 904, 220, 3860, 3, 2973, 853, 1, 336, 504, 13, 225, 45253, 293, 3, 233, 4208, 11777, 408, 15, 32540, 8007, 11696, 0, 0, 26, 3162, 3166, 3875, 36, 0, 0, 19, 23, 136, 2, 45778, 37242, 40805, 2, 0, 0, 316
53,r3,29, 1074009,"  106358:	e1a00003 	mov	r0, r3
",r1,25, 1074009,"  106358:	e1a00003 	mov	r0, r3
",r2,17, 1074009,"  106358:	e1a00003 	mov	r0, r3
",SDC, 968, 347, 3801, 2, 2932, 853, 1, 338, 504, 13, 229, 45434, 293, 3, 233, 4865, 11846, 419, 11, 32407, 8032, 11632, 0, 0, 26, 3176, 3139, 3840, 32, 0, 0, 17, 21, 126, 2, 46422, 37686, 41240, 1, 0, 0, 317
54,r0,26, 1069870,"  10532c:	e51b301c 	ldr	r3, [fp, #-28]	; 0xffffffe4
",r2,23, 1069870,"  10532c:	e51b301c 	ldr	r3, [fp, #-28]	; 0xffffffe4
",r2,21, 1069870,"  10532c:	e51b301c 	ldr	r3, [fp, #-28]	; 0xffffffe4
",SDC, 846, 1363, 3870, 2, 2962, 869, 1, 324, 503, 12, 230, 45400, 293, 3, 239, 4174, 12193, 410, 14, 32523, 7922, 11762, 0, 0, 26, 3141, 3193, 3929, 36, 0, 0, 17, 21, 135, 2, 45943, 37471, 41048, 1, 0, 0, 317
55,r1,1, 1065025,"  104040:	e51b3008 	ldr	r3, [fp, #-8]
",r2,3, 1065025,"  104040:	e51b3008 	ldr	r3, [fp, #-8]
",r1,31, 1065025,"  104040:	e51b3008 	ldr	r3, [fp, #-8]
",crash/hangs,-,-,-,-,-,-,-,-,-,-,-,-,-,-,-,-,-,-,-,-,-,-,-,-,-,-,-,-,-,-,-,-,-,-,-,-,-,-,-,-,-,-
56,r3,8, 1065133,"  1040ac:	e51b3008 	ldr	r3, [fp, #-8]
",r0,2, 1065133,"  1040ac:	e51b3008 	ldr	r3, [fp, #-8]
",r2,30, 1065133,"  1040ac:	e51b3008 	ldr	r3, [fp, #-8]
",crash/hangs,-,-,-,-,-,-,-,-,-,-,-,-,-,-,-,-,-,-,-,-,-,-,-,-,-,-,-,-,-,-,-,-,-,-,-,-,-,-,-,-,-,-
57,r2,21, 1068649,"  104e68:	e5932000 	ldr	r2, [r3]
",r2,0, 1068649,"  104e68:	e5932000 	ldr	r2, [r3]
",r0,30, 1068649,"  104e68:	e5932000 	ldr	r2, [r3]
",benign, 736, 226, 3843, 2, 2961, 845, 1, 340, 505, 13, 226, 45799, 294, 3, 234, 4290, 11263, 409, 9, 32148, 7809, 11534, 0, 0, 26, 3150, 3161, 3838, 35, 0, 0, 19, 23, 137, 2, 46215, 37411, 40973, 1, 0, 0, 316
58,r0,3, 1075158,"  1067d4:	e1a00003 	mov	r0, r3
",r2,29, 1075158,"  1067d4:	e1a00003 	mov	r0, r3
",r1,24, 1075158,"  1067d4:	e1a00003 	mov	r0, r3
",crash/hangs,-,-,-,-,-,-,-,-,-,-,-,-,-,-,-,-,-,-,-,-,-,-,-,-,-,-,-,-,-,-,-,-,-,-,-,-,-,-,-,-,-,-
59,r3,1, 1072665,"  105e18:	e51b300c 	ldr	r3, [fp, #-12]
",r1,25, 1072665,"  105e18:	e51b300c 	ldr	r3, [fp, #-12]
",r2,20, 1072665,"  105e18:	e51b300c 	ldr	r3, [fp, #-12]
",SDC, 859, 229, 3874, 2, 2987, 866, 1, 332, 504, 13, 238, 46188, 293, 3, 248, 4026, 12111, 409, 15, 33081, 8198, 11765, 0, 0, 26, 3179, 3179, 3893, 34, 0, 0, 17, 21, 126, 2, 46926, 37523, 41104, 1, 0, 0, 316
60,r0,15, 1070174,"  10545c:	e51b3014 	ldr	r3, [fp, #-20]	; 0xffffffec
",r1,25, 1070174,"  10545c:	e51b3014 	ldr	r3, [fp, #-20]	; 0xffffffec
",r3,8, 1070174,"  10545c:	e51b3014 	ldr	r3, [fp, #-20]	; 0xffffffec
",benign, 856, 355, 3817, 2, 2922, 840, 1, 340, 505, 12, 222, 45413, 294, 3, 238, 4661, 11311, 419, 14, 31987, 8404, 11612, 0, 0, 26, 3170, 3156, 3833, 39, 0, 0, 19, 23, 137, 2, 45993, 37194, 40749, 1, 0, 0, 316
61,r2,24, 1074471,"  106524:	e2833008 	add	r3, r3, #8
",r1,3, 1074471,"  106524:	e2833008 	add	r3, r3, #8
",r2,14, 1074471,"  106524:	e2833008 	add	r3, r3, #8
",crash/hangs,-,-,-,-,-,-,-,-,-,-,-,-,-,-,-,-,-,-,-,-,-,-,-,-,-,-,-,-,-,-,-,-,-,-,-,-,-,-,-,-,-,-
62,r1,9, 1078655,"  10757c:	e0211003 	eor	r1, r1, r3
",r1,2, 1078655,"  10757c:	e0211003 	eor	r1, r1, r3
",r2,7, 1078655,"  10757c:	e0211003 	eor	r1, r1, r3
",crash/hangs,-,-,-,-,-,-,-,-,-,-,-,-,-,-,-,-,-,-,-,-,-,-,-,-,-,-,-,-,-,-,-,-,-,-,-,-,-,-,-,-,-,-
63,r1,10, 1073243,"  106058:	e1a03423 	lsr	r3, r3, #8
",r1,29, 1073243,"  106058:	e1a03423 	lsr	r3, r3, #8
",r3,30, 1073243,"  106058:	e1a03423 	lsr	r3, r3, #8
",SDC, 882, 221, 3841, 2, 2977, 859, 1, 336, 503, 12, 230, 45777, 293, 3, 242, 4296, 11669, 420, 14, 32246, 7597, 11632, 0, 0, 26, 3141, 3183, 3857, 36, 0, 0, 19, 23, 127, 2, 46010, 37780, 41355, 1, 0, 0, 317
64,r0,25, 1063785,"  103b68:	e2800c01 	add	r0, r0, #256	; 0x100
",r1,5, 1063785,"  103b68:	e2800c01 	add	r0, r0, #256	; 0x100
",r3,14, 1063785,"  103b68:	e2800c01 	add	r0, r0, #256	; 0x100
",SDC, 703, 353, 3829, 2, 2946, 878, 1, 324, 504, 12, 234, 45176, 293, 3, 237, 4056, 11334, 409, 10, 31748, 7305, 11662, 0, 0, 26, 3187, 3160, 3921, 37, 0, 0, 17, 21, 125, 2, 45632, 37802, 41301, 1, 0, 0, 317
65,r2,3, 1066022,"  104424:	e2800c03 	add	r0, r0, #768	; 0x300
",r0,5, 1066022,"  104424:	e2800c03 	add	r0, r0, #768	; 0x300
",r3,28, 1066022,"  104424:	e2800c03 	add	r0, r0, #768	; 0x300
",SDC, 721, 1265, 3871, 3, 2958, 868, 1, 324, 503, 12, 238, 46369, 293, 3, 238, 4636, 11808, 498, 17, 33104, 8418, 11846, 0, 0, 26, 3193, 3158, 3918, 37, 0, 0, 19, 23, 226, 6, 46178, 37899, 41437, 2, 0, 0, 316
66,r1,2, 1068417,"  104d80:	e6ef3073 	uxtb	r3, r3
",r3,21, 1068417,"  104d80:	e6ef3073 	uxtb	r3, r3
",r1,15, 1068417,"  104d80:	e6ef3073 	uxtb	r3, r3
",SDC, 799, 350, 3862, 2, 2963, 867, 1, 324, 504, 13, 234, 45669, 293, 3, 241, 4292, 11580, 409, 9, 32372, 8448, 11682, 0, 0, 26, 3188, 3172, 3924, 36, 0, 0, 17, 21, 135, 2, 45833, 37407, 40967, 1, 0, 0, 316
67,r1,29, 1080432,"  107c70:	e2800c01 	add	r0, r0, #256	; 0x100
",r0,30, 1080432,"  107c70:	e2800c01 	add	r0, r0, #256	; 0x100
",r0,9, 1080432,"  107c70:	e2800c01 	add	r0, r0, #256	; 0x100
",crash/hangs,-,-,-,-,-,-,-,-,-,-,-,-,-,-,-,-,-,-,-,-,-,-,-,-,-,-,-,-,-,-,-,-,-,-,-,-,-,-,-,-,-,-
68,r1,13, 1073697,"  106220:	e1a03423 	lsr	r3, r3, #8
",r3,0, 1073697,"  106220:	e1a03423 	lsr	r3, r3, #8
",r1,1, 1073697,"  106220:	e1a03423 	lsr	r3, r3, #8
",SDC, 895, 225, 3863, 2, 2984, 859, 1, 336, 503, 13, 226, 46174, 293, 3, 231, 4786, 11372, 409, 13, 32341, 8196, 11662, 0, 0, 26, 3172, 3170, 3874, 36, 0, 0, 17, 21, 125, 2, 46400, 37925, 41456, 1, 0, 0, 317
69,r3,23, 1075608,"  106998:	e6ef3073 	uxtb	r3, r3
",r0,6, 1075608,"  106998:	e6ef3073 	uxtb	r3, r3
",r0,10, 1075608,"  106998:	e6ef3073 	uxtb	r3, r3
",crash/hangs,-,-,-,-,-,-,-,-,-,-,-,-,-,-,-,-,-,-,-,-,-,-,-,-,-,-,-,-,-,-,-,-,-,-,-,-,-,-,-,-,-,-
70,r1,27, 1081346,"  108000:	e2800c01 	add	r0, r0, #256	; 0x100
",r2,1, 1081346,"  108000:	e2800c01 	add	r0, r0, #256	; 0x100
",r3,0, 1081346,"  108000:	e2800c01 	add	r0, r0, #256	; 0x100
",crash/hangs,-,-,-,-,-,-,-,-,-,-,-,-,-,-,-,-,-,-,-,-,-,-,-,-,-,-,-,-,-,-,-,-,-,-,-,-,-,-,-,-,-,-
71,r2,29, 1070958,"  10576c:	e51b301c 	ldr	r3, [fp, #-28]	; 0xffffffe4
",r2,11, 1070958,"  10576c:	e51b301c 	ldr	r3, [fp, #-28]	; 0xffffffe4
",r1,11, 1070958,"  10576c:	e51b301c 	ldr	r3, [fp, #-28]	; 0xffffffe4
",SDC, 803, 228, 3888, 2, 2990, 871, 1, 324, 504, 13, 235, 45987, 293, 3, 231, 4130, 11699, 418, 12, 32724, 8163, 11785, 0, 0, 26, 3171, 3177, 3923, 35, 0, 0, 19, 23, 137, 2, 46834, 37698, 41291, 1, 0, 0, 317
72,r0,1, 1068374,"  104d54:	e51b3020 	ldr	r3, [fp, #-32]	; 0xffffffe0
",r2,5, 1068374,"  104d54:	e51b3020 	ldr	r3, [fp, #-32]	; 0xffffffe0
",r2,27, 1068374,"  104d54:	e51b3020 	ldr	r3, [fp, #-32]	; 0xffffffe0
",SDC, 795, 355, 3861, 2, 2957, 865, 1, 324, 503, 12, 232, 45909, 293, 3, 241, 4483, 12136, 427, 18, 32987, 8272, 11755, 0, 0, 26, 3184, 3169, 3922, 38, 0, 0, 19, 23, 127, 2, 46398, 37690, 41260, 1, 0, 0, 317
73,r2,12, 1074206,"  10641c:	e3403011 	movt	r3, #17
",r2,4, 1074206,"  10641c:	e3403011 	movt	r3, #17
",r2,23, 1074206,"  10641c:	e3403011 	movt	r3, #17
",SDC, 974, 357, 3820, 2, 2939, 851, 1, 336, 503, 13, 224, 45947, 293, 3, 243, 4413, 11824, 418, 12, 33048, 8448, 11664, 0, 0, 26, 3148, 3195, 3867, 36, 0, 0, 19, 23, 137, 2, 46478, 37666, 41259, 1, 0, 0, 316
74,r0,24, 1075013,"  106744:	e3403011 	movt	r3, #17
",r3,17, 1075013,"  106744:	e3403011 	movt	r3, #17
",r1,7, 1075013,"  106744:	e3403011 	movt	r3, #17
",crash/hangs,-,-,-,-,-,-,-,-,-,-,-,-,-,-,-,-,-,-,-,-,-,-,-,-,-,-,-,-,-,-,-,-,-,-,-,-,-,-,-,-,-,-
75,r1,9, 1065450,"  1041e8:	e51b2008 	ldr	r2, [fp, #-8]
",r0,5, 1065450,"  1041e8:	e51b2008 	ldr	r2, [fp, #-8]
",r3,14, 1065450,"  1041e8:	e51b2008 	ldr	r2, [fp, #-8]
",crash/hangs,-,-,-,-,-,-,-,-,-,-,-,-,-,-,-,-,-,-,-,-,-,-,-,-,-,-,-,-,-,-,-,-,-,-,-,-,-,-,-,-,-,-
76,r1,16, 1069960,"  105388:	e0211003 	eor	r1, r1, r3
",r2,17, 1069960,"  105388:	e0211003 	eor	r1, r1, r3
",r0,23, 1069960,"  105388:	e0211003 	eor	r1, r1, r3
",SDC, 677, 256, 3893, 4, 3002, 872, 1, 324, 503, 13, 229, 44344, 293, 3, 238, 4434, 11199, 409, 10, 30888, 6793, 11647, 0, 0, 26, 3165, 3180, 3907, 34, 0, 0, 19, 24, 128, 4, 44781, 35908, 39620, 1, 0, 0, 317
77,r1,28, 1078047,"  10731c:	e0211003 	eor	r1, r1, r3
",r2,12, 1078047,"  10731c:	e0211003 	eor	r1, r1, r3
",r0,17, 1078047,"  10731c:	e0211003 	eor	r1, r1, r3
",crash/hangs,-,-,-,-,-,-,-,-,-,-,-,-,-,-,-,-,-,-,-,-,-,-,-,-,-,-,-,-,-,-,-,-,-,-,-,-,-,-,-,-,-,-
78,r2,28, 1064023,"  103c54:	e2833028 	add	r3, r3, #40	; 0x28
",r2,14, 1064023,"  103c54:	e2833028 	add	r3, r3, #40	; 0x28
",r0,8, 1064023,"  103c54:	e2833028 	add	r3, r3, #40	; 0x28
",benign, 632, 225, 3826, 2, 2950, 861, 1, 340, 505, 12, 228, 45547, 294, 3, 236, 4590, 11429, 409, 11, 32074, 8167, 11565, 0, 0, 26, 3130, 3157, 3823, 36, 0, 0, 17, 21, 126, 2, 46026, 37272, 40949, 1, 0, 0, 317
79,r3,9, 1073296,"  106090:	e2800c02 	add	r0, r0, #512	; 0x200
",r1,17, 1073296,"  106090:	e2800c02 	add	r0, r0, #512	; 0x200
",r3,5, 1073296,"  106090:	e2800c02 	add	r0, r0, #512	; 0x200
",SDC, 854, 360, 3810, 5, 2932, 851, 1, 336, 503, 14, 224, 44363, 293, 3, 241, 4703, 11943, 510, 15, 31650, 7174, 11533, 0, 0, 26, 3153, 3177, 3851, 34, 0, 0, 17, 21, 221, 10, 45098, 36788, 40328, 2, 0, 0, 317
80,r2,16, 1065378,"  1041a0:	e5922000 	ldr	r2, [r2]
",r3,9, 1065378,"  1041a0:	e5922000 	ldr	r2, [r2]
",r1,28, 1065378,"  1041a0:	e5922000 	ldr	r2, [r2]
",crash/hangs,-,-,-,-,-,-,-,-,-,-,-,-,-,-,-,-,-,-,-,-,-,-,-,-,-,-,-,-,-,-,-,-,-,-,-,-,-,-,-,-,-,-
81,r3,24, 1075428,"  1068e4:	e30c3cc0 	movw	r3, #52416	; 0xccc0
",r3,24, 1075428,"  1068e4:	e30c3cc0 	movw	r3, #52416	; 0xccc0
",r1,23, 1075428,"  1068e4:	e30c3cc0 	movw	r3, #52416	; 0xccc0
",crash/hangs,-,-,-,-,-,-,-,-,-,-,-,-,-,-,-,-,-,-,-,-,-,-,-,-,-,-,-,-,-,-,-,-,-,-,-,-,-,-,-,-,-,-
82,r0,30, 1073091,"  105fc0:	e1a03423 	lsr	r3, r3, #8
",r1,5, 1073091,"  105fc0:	e1a03423 	lsr	r3, r3, #8
",r2,17, 1073091,"  105fc0:	e1a03423 	lsr	r3, r3, #8
",SDC, 875, 222, 3850, 2, 2968, 853, 1, 338, 503, 13, 232, 45428, 293, 3, 234, 4242, 11164, 420, 11, 32478, 7654, 11618, 0, 0, 26, 3172, 3163, 3860, 37, 0, 0, 19, 23, 136, 2, 45480, 37130, 40857, 1, 0, 0, 317
83,r2,8, 1081974,"  108274:	e6ef3073 	uxtb	r3, r3
",r1,27, 1081974,"  108274:	e6ef3073 	uxtb	r3, r3
",r3,0, 1081974,"  108274:	e6ef3073 	uxtb	r3, r3
",crash/hangs,-,-,-,-,-,-,-,-,-,-,-,-,-,-,-,-,-,-,-,-,-,-,-,-,-,-,-,-,-,-,-,-,-,-,-,-,-,-,-,-,-,-
84,r0,26, 1078426,"  107498:	e3403011 	movt	r3, #17
",r2,12, 1078426,"  107498:	e3403011 	movt	r3, #17
",r0,19, 1078426,"  107498:	e3403011 	movt	r3, #17
",crash/hangs,-,-,-,-,-,-,-,-,-,-,-,-,-,-,-,-,-,-,-,-,-,-,-,-,-,-,-,-,-,-,-,-,-,-,-,-,-,-,-,-,-,-
85,r1,10, 1070475,"  105588:	e5932000 	ldr	r2, [r3]
",r0,18, 1070475,"  105588:	e5932000 	ldr	r2, [r3]
",r1,7, 1070475,"  105588:	e5932000 	ldr	r2, [r3]
",benign, 800, 222, 3826, 2, 2967, 851, 1, 340, 505, 13, 228, 45302, 294, 3, 235, 4174, 11079, 465, 10, 31640, 7938, 11582, 0, 0, 26, 3155, 3157, 3834, 38, 0, 0, 19, 23, 127, 2, 46058, 37146, 40912, 1, 0, 0, 317
86,r0,19, 1065004,"  10402c:	e30f3cc0 	movw	r3, #64704	; 0xfcc0
",r3,16, 1065004,"  10402c:	e30f3cc0 	movw	r3, #64704	; 0xfcc0
",r1,31, 1065004,"  10402c:	e30f3cc0 	movw	r3, #64704	; 0xfcc0
",crash/hangs,-,-,-,-,-,-,-,-,-,-,-,-,-,-,-,-,-,-,-,-,-,-,-,-,-,-,-,-,-,-,-,-,-,-,-,-,-,-,-,-,-,-
87,r2,0, 1076009,"  106b28:	e30c3cc0 	movw	r3, #52416	; 0xccc0
",r3,30, 1076009,"  106b28:	e30c3cc0 	movw	r3, #52416	; 0xccc0
",r3,15, 1076009,"  106b28:	e30c3cc0 	movw	r3, #52416	; 0xccc0
",crash/hangs,-,-,-,-,-,-,-,-,-,-,-,-,-,-,-,-,-,-,-,-,-,-,-,-,-,-,-,-,-,-,-,-,-,-,-,-,-,-,-,-,-,-
88,r3,10, 1071506,"  105990:	e3403011 	movt	r3, #17
",r3,11, 1071506,"  105990:	e3403011 	movt	r3, #17
",r0,9, 1071506,"  105990:	e3403011 	movt	r3, #17
",SDC, 824, 227, 3886, 3, 3002, 875, 1, 324, 504, 13, 241, 46007, 293, 3, 240, 3969, 12362, 509, 14, 32935, 7860, 11756, 0, 0, 26, 3179, 3188, 3935, 38, 0, 0, 19, 23, 229, 7, 46084, 37327, 40815, 2, 0, 0, 317
89,r1,19, 1063802,"  103b78:	e283301c 	add	r3, r3, #28
",r1,22, 1063802,"  103b78:	e283301c 	add	r3, r3, #28
",r1,1, 1063802,"  103b78:	e283301c 	add	r3, r3, #28
",SDC, 699, 349, 3845, 2, 2949, 871, 1, 324, 504, 13, 233, 45829, 293, 3, 242, 4345, 11816, 410, 18, 32624, 7886, 11715, 0, 0, 26, 3190, 3145, 3918, 35, 0, 0, 17, 22, 125, 2, 46259, 37574, 41208, 1, 0, 0, 317
90,r3,2, 1070845,"  1056fc:	e1a03823 	lsr	r3, r3, #16
",r1,21, 1070845,"  1056fc:	e1a03823 	lsr	r3, r3, #16
",r3,22, 1070845,"  1056fc:	e1a03823 	lsr	r3, r3, #16
",SDC, 877, 347, 3866, 2, 2958, 865, 1, 324, 504, 13, 237, 45517, 293, 3, 235, 4658, 11385, 419, 11, 32456, 8321, 11744, 0, 0, 26, 3168, 3194, 3916, 37, 0, 0, 17, 21, 126, 2, 46213, 37467, 41131, 1, 0, 0, 316
91,r3,11, 1081135,"  107f2c:	e51b3008 	ldr	r3, [fp, #-8]
",r2,23, 1081135,"  107f2c:	e51b3008 	ldr	r3, [fp, #-8]
",r1,24, 1081135,"  107f2c:	e51b3008 	ldr	r3, [fp, #-8]
",crash/hangs,-,-,-,-,-,-,-,-,-,-,-,-,-,-,-,-,-,-,-,-,-,-,-,-,-,-,-,-,-,-,-,-,-,-,-,-,-,-,-,-,-,-
92,r3,7, 1064120,"  103cb8:	e2800c01 	add	r0, r0, #256	; 0x100
",r0,9, 1064120,"  103cb8:	e2800c01 	add	r0, r0, #256	; 0x100
",r0,31, 1064120,"  103cb8:	e2800c01 	add	r0, r0, #256	; 0x100
",SDC, 533, 221, 3891, 5, 2992, 875, 1, 324, 504, 13, 233, 44564, 293, 3, 240, 4450, 11357, 499, 15, 31228, 6647, 11616, 0, 0, 26, 3197, 3133, 3916, 35, 0, 0, 19, 23, 217, 10, 45121, 36713, 40401, 2, 0, 0, 316
93,r1,27, 1071335,"  1058e4:	e51b300c 	ldr	r3, [fp, #-12]
",r1,5, 1071335,"  1058e4:	e51b300c 	ldr	r3, [fp, #-12]
",r0,17, 1071335,"  1058e4:	e51b300c 	ldr	r3, [fp, #-12]
",SDC, 888, 348, 3864, 2, 2960, 867, 1, 324, 504, 13, 238, 45739, 293, 3, 241, 4425, 11263, 409, 14, 31797, 7503, 11768, 0, 0, 26, 3189, 3162, 3929, 35, 0, 0, 19, 23, 128, 2, 45773, 37433, 40964, 1, 0, 0, 316
94,r3,19, 1076596,"  106d74:	e7931101 	ldr	r1, [r3, r1, lsl #2]
",r2,8, 1076596,"  106d74:	e7931101 	ldr	r1, [r3, r1, lsl #2]
",r1,5, 1076596,"  106d74:	e7931101 	ldr	r1, [r3, r1, lsl #2]
",crash/hangs,-,-,-,-,-,-,-,-,-,-,-,-,-,-,-,-,-,-,-,-,-,-,-,-,-,-,-,-,-,-,-,-,-,-,-,-,-,-,-,-,-,-
95,r0,28, 1078618,"  107558:	e0211003 	eor	r1, r1, r3
",r1,15, 1078618,"  107558:	e0211003 	eor	r1, r1, r3
",r3,2, 1078618,"  107558:	e0211003 	eor	r1, r1, r3
",crash/hangs,-,-,-,-,-,-,-,-,-,-,-,-,-,-,-,-,-,-,-,-,-,-,-,-,-,-,-,-,-,-,-,-,-,-,-,-,-,-,-,-,-,-
96,r0,19, 1076615,"  106d84:	e1a00003 	mov	r0, r3
",r1,26, 1076615,"  106d84:	e1a00003 	mov	r0, r3
",r2,2, 1076615,"  106d84:	e1a00003 	mov	r0, r3
",crash/hangs,-,-,-,-,-,-,-,-,-,-,-,-,-,-,-,-,-,-,-,-,-,-,-,-,-,-,-,-,-,-,-,-,-,-,-,-,-,-,-,-,-,-
