0,354,139,26225,1,18383,5898,1,4934,7213,2,711,94160,7479,3,157,4376,1868,318,3,35158,12559,82467,0,0,602,26461,23807,24942,53,0,0,18,61,33,0,94421,86079,89175,2,0,0,317
0,420,264,26191,1,18334,5897,1,4934,7213,2,701,94053,7479,3,157,4640,1811,318,3,34868,12368,82486,0,0,602,26574,23686,24920,51,0,0,18,83,33,0,94912,86079,89257,2,0,0,317
0,423,263,26196,1,18347,5899,1,4934,7213,2,720,94627,7479,3,157,4476,1650,318,3,34727,12086,82374,0,0,602,26584,23706,24987,52,0,0,18,82,33,0,94715,86370,89509,2,0,0,317
0,456,263,26221,1,18365,5899,1,4934,7213,3,734,94833,7479,3,159,4286,1811,318,3,35278,12726,82668,0,0,602,26551,23826,24996,53,0,0,18,63,33,0,95297,86162,89294,2,0,0,317
0,388,262,26190,1,18347,5890,1,4934,7213,2,700,94280,7479,3,153,4152,1616,317,3,34354,11874,82430,0,0,602,26547,23687,24929,52,0,0,18,68,32,0,93684,85862,89014,1,0,0,317
0,425,263,26232,6,18373,5905,1,4934,7213,3,728,94598,7479,3,158,4325,1745,318,3,35056,12423,82687,0,0,602,26589,23763,24974,51,0,0,18,53,33,0,94592,86213,89377,2,0,0,317
0,459,264,26211,1,18360,5896,1,4934,7213,3,737,94969,7479,3,159,4512,1637,318,3,35499,12943,82767,0,0,602,26561,23788,24957,52,0,0,18,61,33,0,94729,86214,89391,2,0,0,317
0,445,262,26215,1,18356,5896,1,4934,7213,3,718,94419,7479,3,158,4514,1920,318,3,35165,12623,82820,0,0,602,26596,23820,25038,54,0,0,18,77,33,0,94889,86920,90329,2,0,0,317
0,357,264,26183,4,18338,5892,1,4934,7213,2,692,94058,7479,3,157,4398,1683,318,3,34047,11440,82374,0,0,602,26501,23760,24937,51,0,0,18,76,33,0,93873,85487,88629,2,0,0,317
0,366,262,26188,1,18341,5902,1,4934,7213,2,679,93564,7479,3,157,3981,1812,318,3,34514,11829,82391,0,0,602,26553,23688,24907,49,0,0,18,65,33,0,93983,85669,88968,2,0,0,317
0,419,261,26213,8,18368,5889,1,4934,7213,3,730,94651,7479,3,157,4427,1743,318,3,34884,12388,82706,0,0,602,26584,23759,24985,54,0,0,18,55,33,0,94636,85955,89075,2,0,0,317
0,376,263,26161,1,18323,5892,1,4934,7213,2,693,94121,7479,3,155,4310,1707,318,3,34586,12140,82386,0,0,602,26633,23630,24921,52,0,0,18,62,33,0,93880,85864,89051,2,0,0,317
0,460,263,26216,1,18376,5897,1,4934,7213,3,725,94802,7479,3,158,4347,1722,318,3,34934,12516,82565,0,0,602,26671,23865,25044,51,0,0,18,61,33,0,94240,86403,89554,2,0,0,317
0,350,264,26178,5,18334,5890,1,4934,7213,2,687,93779,7479,3,158,4197,1702,318,3,34487,11902,82489,0,0,602,26466,23739,24899,52,0,0,18,65,33,0,93681,85156,88386,2,0,0,317
0,384,263,26189,1,18334,5893,1,4934,7213,2,690,93997,7479,3,157,4155,1783,318,3,34536,11862,82455,0,0,602,26568,23690,24946,54,0,0,18,69,33,0,94144,85970,89182,2,0,0,317
0,407,262,26176,1,18328,5894,1,4934,7213,2,708,94760,7479,3,157,3908,1723,318,3,34825,12381,82524,0,0,602,26604,23672,24935,51,0,0,18,63,33,0,94152,85870,89017,2,0,0,317
0,378,262,26181,1,18331,5897,1,4934,7213,2,683,93808,7479,3,157,4014,1777,318,3,34457,11960,82507,0,0,602,26670,23599,24946,50,0,0,18,67,33,0,93854,85964,89270,2,0,0,317
0,458,264,26221,1,18381,5900,1,4934,7213,3,734,94884,7479,3,158,4255,1844,318,3,35344,12767,82651,0,0,602,26703,23727,25056,53,0,0,18,67,33,0,95225,86715,89830,2,0,0,317
0,418,263,26188,1,18345,5899,1,4934,7213,2,714,94482,7479,3,157,4123,1915,318,3,35132,12495,82563,0,0,602,26625,23641,24942,54,0,0,18,61,33,0,94002,86232,89377,2,0,0,317
0,430,263,26224,1,18375,5896,1,4934,7213,2,739,94964,7479,3,159,4262,1689,318,3,35414,12752,82693,0,0,602,26544,23821,24998,50,0,0,18,61,33,0,95090,86254,89616,2,0,0,317
0,385,263,26179,6,18322,5886,1,4934,7213,2,691,94193,7479,3,157,4376,1784,318,3,34520,11951,82495,0,0,602,26562,23677,24909,51,0,0,18,60,33,0,93782,85665,88830,2,0,0,317
0,383,266,26191,2,18333,5896,1,4934,7213,2,687,94007,7479,3,157,4201,1680,318,4,34470,11952,82369,0,0,602,26556,23709,24962,50,0,0,19,66,35,0,94056,85498,88664,2,0,0,317
0,449,263,26192,1,18355,5887,1,4934,7213,3,728,94954,7479,3,158,4165,1688,318,3,35155,12626,82635,0,0,602,26609,23749,24987,53,0,0,18,61,33,0,94472,86546,89693,2,0,0,317
0,449,264,26216,1,18377,5897,1,4934,7213,3,715,94765,7479,3,159,4209,1742,318,3,35277,12607,82653,0,0,602,26580,23809,25009,53,0,0,18,68,33,0,94536,86308,89497,2,0,0,317
0,311,263,26148,1,18306,5894,1,4934,7213,2,695,93446,7479,3,156,4066,1677,318,3,34188,11596,82417,0,0,602,26569,23726,24944,52,0,0,18,61,33,0,93214,85220,88570,2,0,0,317
0,441,264,26210,2,18369,5893,1,4934,7213,3,727,94775,7479,3,159,4263,1677,318,4,35152,12684,82722,0,0,602,26660,23777,25052,53,0,0,18,74,34,0,95179,86571,89712,3,0,0,317
0,458,267,26251,2,18391,5910,1,4933,7214,3,733,94994,7480,3,160,4303,1699,402,3,35304,12681,82760,0,0,602,26604,23797,24999,52,0,0,18,62,117,3,94753,86457,89787,3,0,0,317
0,385,259,26172,1,18322,5893,1,4934,7213,2,696,94328,7479,3,154,4241,1663,318,3,34526,11963,82437,0,0,602,26573,23658,24912,51,0,0,18,76,33,0,94092,85654,88791,2,0,0,317
0,387,262,26191,8,18335,5898,1,4934,7213,2,701,94039,7479,3,157,4322,1990,317,3,34387,11855,82409,0,0,602,26650,23628,24958,51,0,0,18,62,33,0,93620,85350,88542,2,0,0,316
0,447,263,26212,1,18371,5898,1,4934,7213,3,722,94917,7479,3,158,4162,1796,318,3,34969,12519,82689,0,0,602,26645,23772,25035,52,0,0,18,60,33,0,94714,86463,89587,2,0,0,317
0,441,264,26217,1,18367,5893,1,4934,7213,3,717,94992,7479,3,158,4294,1686,318,3,35097,12620,82675,0,0,602,26573,23802,24999,53,0,0,18,80,33,0,94576,86385,89541,2,0,0,317
0,454,265,26235,2,18373,5893,1,4934,7213,3,733,95172,7479,3,158,4509,1716,319,3,34675,12089,82597,0,0,602,26617,23779,25032,52,0,0,18,72,33,0,94258,86566,89749,3,0,0,317
0,421,263,26173,1,18327,5893,1,4934,7213,2,725,94683,7479,3,158,4260,1964,318,3,35010,12243,82526,0,0,602,26623,23659,24975,58,0,0,18,61,33,0,94045,85651,88815,2,0,0,317
0,430,260,26204,1,18346,5894,1,4934,7213,2,712,94415,7479,3,157,4426,1772,318,3,34892,12211,82401,0,0,602,26621,23647,24941,53,0,0,18,65,33,0,94393,86090,89265,2,0,0,317
0,391,264,26200,8,18340,5899,1,4934,7214,2,700,93860,7479,3,157,4462,1769,317,3,34535,12203,82447,0,0,602,26610,23682,24958,54,0,0,18,64,33,0,93714,85607,88739,2,0,0,317
0,417,264,26201,7,18356,5885,1,4934,7213,3,734,94620,7479,3,157,4216,1721,318,3,34743,12209,82647,0,0,602,26596,23798,25036,51,0,0,18,62,33,0,94264,86335,89461,2,0,0,316
0,409,263,26176,1,18326,5896,1,4934,7213,2,702,94375,7479,3,157,4126,1681,318,3,34970,12448,82409,0,0,602,26553,23690,24923,54,0,0,18,71,33,0,94463,86373,89556,2,0,0,317
0,427,264,26213,6,18375,5899,1,4934,7213,2,732,94348,7479,3,158,4296,1729,318,3,34728,12224,82646,0,0,602,26544,23844,25008,54,0,0,18,65,33,0,94455,85815,88959,2,0,0,317
0,421,263,26189,1,18338,5897,1,4934,7214,2,685,93791,7479,3,158,4505,1788,318,3,35172,12555,82563,0,0,602,26637,23652,24977,54,0,0,18,59,33,0,94407,86036,89189,2,0,0,317
0,429,264,26180,1,18336,5904,1,4934,7213,2,717,94465,7479,3,157,4471,1841,318,3,34922,12329,82461,0,0,602,26506,23732,24926,50,0,0,18,62,33,0,93954,85685,88867,2,0,0,317
0,444,264,26221,1,18369,5901,1,4934,7213,3,738,94522,7479,3,159,4722,1838,318,3,35221,12617,82640,0,0,602,26618,23784,25013,53,0,0,18,61,33,0,94846,86506,89631,2,0,0,317
0,447,262,26213,1,18360,5890,1,4934,7214,3,722,94577,7479,3,157,4426,2019,318,3,35405,12843,82706,0,0,602,26605,23889,24995,51,0,0,18,66,33,0,94552,86388,89574,2,0,0,317
0,422,262,26175,1,18321,5894,1,4934,7213,2,695,94191,7479,3,158,4225,1702,318,3,34765,12454,82507,0,0,602,26556,23684,24918,50,0,0,18,74,33,0,94337,86561,89765,2,0,0,317
0,459,262,26194,1,18350,5895,1,4934,7213,3,721,94556,7479,3,158,4402,1972,318,3,35464,12987,82790,0,0,602,26603,23780,24994,54,0,0,18,75,33,0,94910,86665,89847,2,0,0,316
0,444,262,26212,1,18356,5887,1,4934,7213,3,745,94458,7479,3,159,4274,1815,318,3,35282,12869,82869,0,0,602,26639,23737,24999,53,0,0,18,68,33,0,94792,86556,89687,2,0,0,317
0,428,264,26182,1,18329,5893,1,4934,7213,2,721,94477,7479,3,158,4285,1749,318,3,35023,12080,82445,0,0,602,26564,23712,24982,52,0,0,18,61,33,0,94449,86535,89668,2,0,0,317
0,410,264,26195,1,18347,5894,1,4934,7213,2,710,94396,7479,3,157,4271,1647,318,3,35196,12364,82633,0,0,602,26588,23688,24956,55,0,0,18,61,33,0,94166,86087,89234,2,0,0,317
0,379,264,26157,1,18313,5883,1,4934,7213,2,678,93886,7479,3,156,4164,1696,318,3,34350,11870,82370,0,0,602,26574,23684,24930,50,0,0,18,63,33,0,94283,85471,88634,2,0,0,317
0,415,261,26217,6,18369,5891,1,4934,7213,3,722,94539,7479,3,159,4122,1810,318,3,34795,12181,82611,0,0,602,26553,23810,24977,52,0,0,18,65,33,0,94787,86163,89357,2,0,0,317
0,433,264,26188,1,18335,5901,1,4934,7213,2,723,94462,7479,3,157,4234,2020,318,3,35105,12445,82449,0,0,602,26650,23654,24949,54,0,0,18,61,33,0,94171,86034,89220,2,0,0,317
0,452,264,26197,1,18357,5898,1,4934,7213,3,744,94819,7479,3,158,4305,1760,318,3,35049,12663,82673,0,0,602,26485,23869,24995,52,0,0,18,53,33,0,95132,86377,89557,2,0,0,317
0,441,262,26207,1,18361,5895,1,4934,7213,3,742,95203,7479,3,156,4448,2000,318,3,35329,12900,82612,0,0,602,26691,23657,24974,53,0,0,18,73,33,0,94838,86224,89370,2,0,0,317
0,424,263,26195,1,18338,5896,1,4934,7213,2,715,94739,7479,3,157,4466,1771,318,3,34985,12556,82495,0,0,602,26629,23629,24929,53,0,0,18,51,33,0,94206,85728,89011,2,0,0,317
0,419,264,26197,1,18336,5892,1,4934,7213,2,703,94344,7479,3,157,4213,1716,318,3,34471,11861,82438,0,0,602,26565,23734,24952,53,0,0,18,68,33,0,94222,85814,88939,2,0,0,317
0,371,264,26183,1,18331,5886,1,4934,7213,2,696,93844,7479,3,157,4412,1716,318,3,34367,11833,82347,0,0,602,26597,23666,24944,51,0,0,18,64,33,0,93728,85666,88840,2,0,0,317
0,325,138,26175,6,18343,6214,1,4934,7213,2,727,94436,7479,3,157,4456,1696,318,3,34881,12054,82527,0,0,602,26602,23661,24932,53,0,0,18,66,33,0,94239,86093,89277,2,0,0,317
0,356,265,26187,4,18335,5896,1,4934,7213,2,669,93465,7479,3,157,4289,1702,318,3,34594,12271,82484,0,0,602,26664,23638,24969,51,0,0,18,59,33,0,93763,85017,88373,2,0,0,317
0,402,264,26177,6,18330,5892,1,4934,7213,2,698,93984,7479,3,157,4296,1689,318,3,34612,12059,82497,0,0,602,26515,23754,24931,51,0,0,18,66,33,0,94099,85745,88956,2,0,0,317
0,420,264,26187,1,18337,5904,1,4934,7213,2,707,94184,7479,3,158,4265,1909,318,3,34901,12384,82455,0,0,602,26563,23714,24964,54,0,0,18,67,33,0,94237,86320,89476,2,0,0,317
0,445,263,26213,1,18356,5891,1,4934,7213,3,741,94963,7479,3,160,4657,1740,318,3,35586,12936,82746,0,0,602,26605,23736,24972,52,0,0,18,68,33,0,94336,86735,90024,2,0,0,317
0,426,265,26213,7,18357,5890,1,4934,7214,3,741,94476,7479,3,158,4170,1773,318,3,35104,12556,82761,0,0,602,26478,23938,25018,53,0,0,18,53,33,0,94348,86209,89360,2,0,0,316
0,415,266,26188,2,18344,5901,1,4934,7213,2,690,94499,7479,3,158,4368,1770,319,3,34835,12359,82494,0,0,602,26431,23855,24962,50,0,0,18,69,33,0,94296,86274,89429,2,0,0,317
0,418,263,26195,1,18347,5901,1,4934,7213,2,704,94433,7479,3,159,4124,1685,318,3,34653,11886,82474,0,0,602,26532,23724,24918,52,0,0,18,59,33,0,94128,86116,89274,2,0,0,317
0,400,264,26194,5,18354,5901,1,4934,7213,2,712,94253,7479,3,157,4318,1792,318,3,34430,11837,82434,0,0,602,26443,23826,24941,49,0,0,18,67,33,0,94365,85651,88850,2,0,0,317
0,378,262,26174,2,18332,5889,1,4934,7213,2,690,93835,7479,3,156,3998,1914,318,3,34790,12299,82419,0,0,602,26589,23665,24920,52,0,0,18,63,33,0,94185,85565,88794,2,0,0,317
0,422,264,26183,1,18336,5899,1,4934,7213,2,725,94199,7479,3,159,4384,1805,318,3,34678,12137,82437,0,0,602,26610,23686,24959,53,0,0,18,61,33,0,94097,85765,89115,2,0,0,317
0,432,265,26194,1,18355,5893,1,4934,7213,3,738,94912,7479,3,159,4582,1901,318,3,35205,12612,82690,0,0,602,26650,23752,25034,55,0,0,18,66,33,0,94432,86329,89509,2,0,0,317
0,439,264,26212,1,18367,5903,1,4934,7213,3,730,94730,7479,3,159,4125,1774,318,3,35098,12771,82761,0,0,602,26550,23842,25008,52,0,0,18,63,33,0,94840,86442,89623,2,0,0,317
0,425,263,26188,1,18342,5898,1,4934,7213,2,718,94684,7479,3,158,4359,1783,318,3,34923,12489,82457,0,0,602,26533,23767,24984,52,0,0,18,75,33,0,94402,85919,89094,2,0,0,317
0,437,263,26212,1,18368,5891,1,4934,7213,3,718,94308,7479,3,158,4544,1650,318,3,34939,12483,82630,0,0,602,26570,23786,25002,50,0,0,18,66,33,0,95043,86015,89193,2,0,0,317
0,451,264,26210,1,18372,5891,1,4934,7213,3,732,95078,7479,3,159,4478,1765,318,3,35025,12589,82640,0,0,602,26600,23776,24981,52,0,0,18,66,33,0,95059,86775,90069,2,0,0,317
0,443,263,26189,1,18349,5890,1,4934,7213,2,723,94859,7479,3,159,4004,1723,318,3,34898,12374,82579,0,0,602,26612,23786,25038,51,0,0,18,62,33,0,94645,86471,89659,2,0,0,317
0,434,264,26215,1,18364,5888,1,4934,7213,3,743,94949,7479,3,158,4319,1645,318,3,34772,12219,82577,0,0,602,26532,23887,25055,54,0,0,18,68,33,0,94649,86468,89732,2,0,0,317
0,432,264,26183,1,18331,5895,1,4934,7213,2,713,94392,7479,3,158,4468,2181,318,3,34884,12147,82470,0,0,602,26531,23724,24958,53,0,0,18,84,33,0,94221,86567,89744,2,0,0,317
0,408,265,26197,1,18342,5887,1,4934,7213,2,705,94526,7479,3,158,4241,1822,318,3,34553,12209,82481,0,0,602,26574,23702,24945,50,0,0,18,73,33,0,94017,85605,88979,2,0,0,317
0,418,263,26191,1,18340,5896,1,4934,7213,2,720,94452,7479,3,158,4593,1824,318,3,34794,12192,82512,0,0,602,26588,23667,24936,52,0,0,18,68,33,0,94212,86036,89205,2,0,0,317
0,437,265,26209,1,18368,5904,1,4934,7213,3,725,94657,7479,3,158,4320,1660,318,3,34956,12616,82597,0,0,602,26526,23891,25047,52,0,0,18,83,33,0,94881,86417,89731,2,0,0,317
0,371,138,26225,1,18383,5898,1,4934,7213,3,716,95017,7479,3,159,4554,1766,318,3,35234,12457,82570,0,0,602,26673,23722,25000,53,0,0,19,67,35,0,94775,86214,89412,2,0,0,317
0,400,264,26190,8,18332,5892,1,4934,7213,2,701,94050,7479,3,157,4319,1743,318,3,34484,11879,82569,0,0,602,26621,23739,24980,51,0,0,18,73,33,0,94451,85879,89025,2,0,0,371
0,444,262,26203,1,18366,5892,1,4934,7213,3,751,95182,7479,3,158,4532,1696,318,3,34845,12435,82657,0,0,602,26645,23766,25034,53,0,0,18,57,33,0,94817,86436,89606,2,0,0,317
0,326,138,26195,6,18343,5895,1,4934,7213,2,719,94105,7479,3,156,4767,1657,318,3,34165,11738,82355,0,0,602,26580,23663,24920,50,0,0,19,72,35,0,94049,86262,89429,2,0,0,316
0,425,265,26200,6,18358,5892,1,4934,7213,3,744,94891,7479,3,159,4329,1913,318,3,35136,12642,82639,0,0,602,26558,23810,24987,55,0,0,18,69,33,0,94861,86657,89792,3,0,0,317
0,446,264,26197,1,18367,5902,1,4934,7213,3,724,94470,7479,3,159,4311,1670,318,3,34676,12091,82566,0,0,602,26596,23797,25011,52,0,0,18,61,33,0,94927,86737,90090,2,0,0,317
0,409,265,26184,1,18329,5893,1,4934,7213,2,712,94347,7479,3,159,4289,1845,318,3,34733,12220,82511,0,0,602,26627,23708,24971,55,0,0,18,64,33,0,94071,85687,88867,2,0,0,317
0,441,265,26195,2,18360,5896,1,4934,7213,3,722,94617,7479,3,158,4400,1594,319,4,34703,12175,82585,0,0,602,26476,23919,25009,53,0,0,18,69,34,0,94469,86402,89731,3,0,0,317
0,382,260,26181,1,18341,5900,1,4934,7213,2,708,94276,7479,3,158,3921,1997,318,3,34579,12288,82401,0,0,602,26566,23722,24958,51,0,0,18,64,33,0,93807,85601,88800,1,0,0,316
0,349,264,26160,1,18313,5892,1,4934,7213,2,675,93409,7479,3,157,4186,1770,318,3,34109,11564,82419,0,0,602,26558,23739,24981,53,0,0,18,64,33,0,93873,85427,88604,2,0,0,317
0,371,265,26185,1,18331,5887,1,4934,7213,2,683,93986,7479,3,157,4169,1703,317,3,34540,12151,82441,0,0,602,26571,23748,24984,55,0,0,18,70,32,0,93948,85285,88456,1,0,0,317
0,386,265,26183,6,18343,5892,1,4934,7213,2,703,93983,7479,3,157,4305,1797,318,3,34652,12061,82534,0,0,602,26571,23682,24918,54,0,0,18,63,33,0,93934,85803,88968,2,0,0,317
0,418,263,26165,1,18327,5898,1,4934,7213,2,712,94257,7479,3,158,4284,1657,318,3,34959,12499,82528,0,0,602,26543,23701,24920,50,0,0,18,63,33,0,94367,85750,88881,2,0,0,317
0,378,263,26168,1,18328,5890,1,4934,7213,2,684,93902,7479,3,156,4089,1948,318,3,34454,11684,82383,0,0,602,26605,23628,24923,51,0,0,18,61,33,0,93912,85994,89385,2,0,0,317
0,427,262,26202,1,18356,5900,1,4934,7213,3,699,94243,7479,3,159,4320,1961,317,3,34729,11878,82577,0,0,602,26481,23815,24971,51,0,0,18,63,33,0,94418,86302,89490,2,0,0,317
0,378,264,26181,1,18326,5888,1,4934,7213,2,675,93759,7479,3,156,4229,1714,318,3,34429,11827,82506,0,0,602,26591,23659,24914,50,0,0,18,64,33,0,93793,85431,88788,2,0,0,317
0,422,265,26193,1,18340,5898,1,4934,7213,2,698,93944,7479,3,157,4081,1774,318,3,34722,12116,82458,0,0,602,26532,23760,24930,53,0,0,18,64,33,0,94216,85844,89045,2,0,0,317
0,381,264,26188,1,18331,5894,1,4934,7213,2,691,94259,7479,3,156,4013,1672,318,3,34520,12026,82397,0,0,602,26413,23827,24936,54,0,0,18,67,33,0,94240,85647,88802,2,0,0,317
0,413,264,26195,2,18341,5892,1,4934,7213,2,704,94337,7479,3,158,4389,1930,319,3,34913,12476,82482,0,0,602,26564,23672,24903,53,0,0,18,64,34,0,94221,85912,89293,3,0,0,317
0,400,265,26180,6,18332,5897,1,4934,7213,2,705,94222,7479,3,156,4598,1657,318,3,34297,11904,82416,0,0,602,26602,23647,24918,51,0,0,18,55,33,0,94283,85728,88902,2,0,0,317
0,438,263,26201,1,18355,5892,1,4934,7213,3,736,94962,7479,3,158,4582,1561,318,3,34803,12262,82667,0,0,602,26502,23863,25008,52,0,0,18,68,33,0,94339,86565,89723,2,0,0,317
0,445,262,26197,1,18351,5886,1,4934,7213,3,720,94777,7479,3,159,4158,1712,318,3,34938,12426,82693,0,0,602,26576,23827,25020,49,0,0,18,63,33,0,94899,86333,89500,2,0,0,317
0,387,264,26190,7,18351,5900,0,4934,7213,2,687,93817,7479,3,157,4102,1754,318,3,34338,11829,82380,0,0,602,26653,23677,24951,50,0,0,18,61,33,0,93851,85641,88933,2,0,0,316
0,445,265,26208,1,18367,5896,1,4934,7213,3,739,94813,7479,3,160,4687,1876,318,3,35441,12623,82716,0,0,602,26502,23886,25010,54,0,0,18,73,33,0,94293,86256,89442,2,0,0,317
0,448,264,26230,1,18374,5907,1,4934,7213,3,739,95114,7479,3,159,4552,1888,318,3,35158,12607,82583,0,0,602,26603,23820,25028,51,0,0,18,69,33,0,94535,86627,89786,2,0,0,317
0,411,264,26195,1,18338,5890,1,4934,7213,2,716,94474,7479,3,157,4478,1748,318,3,34366,11937,82380,0,0,602,26581,23758,24987,54,0,0,18,53,33,0,94385,85780,88960,2,0,0,317
0,387,263,26163,1,18333,5891,1,4934,7213,2,702,94017,7479,3,157,4264,1732,318,3,34486,11976,82337,0,0,602,26484,23767,24928,52,0,0,18,62,33,0,93620,85355,88532,2,0,0,316
0,415,261,26166,1,18330,5885,1,4934,7214,2,715,94096,7479,3,158,4006,1681,318,3,34720,12175,82493,0,0,602,26577,23705,24958,51,0,0,18,61,33,0,94373,85769,88979,2,0,0,317
0,424,265,26207,6,18357,5889,1,4934,7213,3,743,94467,7479,3,159,4455,1754,319,3,35052,12356,82644,0,0,602,26587,23789,24999,49,0,0,18,67,33,0,93836,86268,89431,3,0,0,317
0,374,264,26169,1,18318,5896,1,4934,7213,2,686,93821,7479,3,157,4158,1818,318,3,34493,12219,82508,0,0,602,26539,23762,24957,51,0,0,19,65,35,0,93869,85363,88484,2,0,0,317
0,451,263,26213,1,18366,5891,1,4934,7213,3,738,94982,7479,3,159,4360,1697,318,3,35681,13024,82636,0,0,602,26522,23889,25017,50,0,0,18,83,33,0,94460,86053,89208,2,0,0,317
0,356,265,26167,4,18325,5898,1,4934,7213,2,684,94200,7479,3,157,4590,1585,316,3,34138,11621,82444,0,0,602,26627,23671,24961,52,0,0,18,52,32,0,93505,85497,88660,1,0,0,317
0,437,263,26196,1,18357,5893,1,4934,7213,3,733,94805,7479,3,160,4113,1638,318,3,34735,12278,82610,0,0,602,26547,23825,25010,53,0,0,18,61,33,0,94247,86253,89411,2,0,0,316
0,372,265,26172,1,18318,5891,1,4934,7213,2,686,94469,7479,3,158,4271,1662,318,3,34521,12000,82359,0,0,602,26564,23699,24951,52,0,0,18,48,33,0,93898,85857,89054,2,0,0,317
0,426,263,26212,6,18360,5903,1,4934,7213,3,740,94810,7479,3,157,4464,1759,318,3,35035,12399,82620,0,0,602,26614,23773,25033,51,0,0,19,62,35,0,94301,86332,89480,2,0,0,317
0,431,264,26185,1,18332,5892,1,4934,7214,2,705,94315,7479,3,157,4325,1680,318,3,34921,12442,82574,0,0,602,26488,23792,24951,52,0,0,18,68,33,0,94122,85724,88861,2,0,0,317
0,351,139,26221,1,18384,5905,1,4934,7213,2,714,94807,7479,3,158,4172,1823,318,3,34658,12033,82467,0,0,602,26574,23733,24979,53,0,0,19,62,35,0,94237,86350,89527,2,0,0,317
0,315,138,26174,6,18329,5893,1,4934,7213,2,713,94213,7479,3,157,4204,1705,318,3,34465,11878,82392,0,0,602,26614,23640,24929,52,0,0,18,66,33,0,94190,85908,89104,2,0,0,317
0,447,263,26204,1,18360,5887,1,4934,7213,3,734,94976,7479,3,158,4736,1739,317,3,34895,12443,82649,0,0,602,26633,23732,25025,52,0,0,18,68,33,0,94882,85926,89244,2,0,0,317
0,385,263,26191,1,18342,5901,1,4934,7213,2,683,94030,7479,3,156,4222,1704,318,3,34619,12123,82453,0,0,602,26552,23752,24960,50,0,0,18,63,33,0,93940,85681,88986,2,0,0,317
0,450,264,26214,1,18374,5894,1,4936,7217,2,742,94911,7483,3,159,4312,1945,318,3,35050,12623,82726,0,0,602,26611,23817,25009,54,0,0,18,64,33,0,95090,86368,89516,2,0,0,317
0,380,261,26185,1,18334,5895,1,4934,7213,2,673,93912,7479,3,155,4215,1712,318,3,34643,11995,82470,0,0,602,26632,23684,24965,53,0,0,18,63,33,0,93614,85474,88831,2,0,0,317
0,432,262,26192,1,18348,5905,1,4934,7213,2,708,94594,7479,3,157,4320,1796,318,3,35046,12369,82429,0,0,602,26525,23758,24938,50,0,0,18,55,33,0,93847,86054,89229,2,0,0,317
0,451,263,26210,1,18365,5893,1,4934,7214,3,744,94909,7479,3,159,4223,1944,318,4,35181,12736,82645,0,0,602,26591,23801,25007,52,0,0,18,61,33,0,94851,86553,89971,2,0,0,317
0,386,262,26180,1,18335,5889,1,4934,7213,2,689,94286,7479,3,155,4492,2001,317,3,34452,11849,82428,0,0,602,26591,23677,24929,51,0,0,18,71,32,0,93727,85632,88789,1,0,0,317
0,420,263,26191,1,18337,5897,1,4934,7213,2,720,94359,7479,3,158,4331,1806,318,3,34772,12107,82408,0,0,602,26681,23607,24945,52,0,0,18,51,33,0,94278,85941,89080,2,0,0,317
0,383,264,26171,1,18316,5885,1,4934,7213,2,694,94021,7479,3,156,4271,1740,318,3,34860,12157,82541,0,0,602,26575,23665,24932,52,0,0,18,63,33,0,93759,85652,88877,2,0,0,317
0,451,264,26215,1,18352,5896,1,4934,7213,3,736,94968,7479,3,157,4475,2013,318,3,35231,12556,82614,0,0,602,26590,23799,25027,50,0,0,18,69,33,0,94472,86135,89286,2,0,0,317
0,282,139,26199,4,18361,5897,1,4934,7213,2,679,93281,7479,3,158,4418,1640,318,3,34226,11467,82334,0,0,602,26620,23658,24947,51,0,0,19,73,35,0,94072,85230,88434,2,0,0,317
0,417,265,26179,1,18335,5893,1,4934,7213,2,710,94325,7479,3,158,4231,1780,318,3,34589,12128,82437,0,0,602,26630,23678,24977,53,0,0,18,76,33,0,94245,86145,89296,2,0,0,317
0,373,264,26177,1,18322,5885,1,4934,7213,2,686,94318,7479,3,156,4224,1739,318,3,34766,12195,82349,0,0,602,26525,23711,24917,52,0,0,18,66,33,0,93971,85684,88867,2,0,0,317
0,421,263,26192,1,18338,5892,1,4934,7213,2,707,94563,7479,3,157,4678,1689,318,3,34608,12140,82501,0,0,602,26394,23827,24902,50,0,0,18,62,33,0,94462,86016,89165,2,0,0,317
0,445,263,26192,1,18339,5894,1,4934,7213,3,746,94733,7479,3,158,4367,1777,318,3,35153,12756,82678,0,0,602,26619,23800,25038,55,0,0,18,88,33,0,94185,86286,89470,2,0,0,317
0,389,264,26189,1,18336,5895,1,4934,7213,2,692,93748,7479,3,157,4138,1753,318,3,34341,11730,82448,0,0,602,26284,24000,24972,52,0,0,18,64,33,0,93821,85811,88950,2,0,0,317
0,431,264,26205,1,18357,5888,1,4934,7213,3,730,94531,7479,3,159,4375,1600,318,3,34753,12314,82619,0,0,602,26649,23709,24995,49,0,0,18,68,33,0,94936,86646,89896,2,0,0,317
0,423,263,26209,1,18371,5914,1,4934,7213,2,715,94514,7479,3,157,4578,1784,318,3,34710,12130,82451,0,0,602,26595,23694,24958,52,0,0,18,59,33,0,94571,85649,88805,2,0,0,317
0,436,263,26194,1,18344,5904,0,4934,7213,2,708,94504,7479,3,158,4230,1749,318,3,34663,12422,82487,0,0,602,26525,23725,24937,51,0,0,18,63,33,0,94541,85931,89143,2,0,0,317
0,443,262,26225,1,18360,5901,1,4934,7213,3,739,95091,7479,3,159,4317,1664,318,3,34968,12765,82806,0,0,602,26419,23963,24983,51,0,0,18,63,33,0,94805,86540,89945,2,0,0,317
0,418,262,26183,1,18327,5898,1,4934,7213,2,698,94071,7479,3,157,4141,2093,318,3,34920,12490,82499,0,0,602,26646,23619,24943,50,0,0,18,56,33,0,93783,85845,88976,2,0,0,317
0,434,264,26179,1,18336,5900,1,4934,7213,2,714,94812,7479,3,157,4014,1727,318,3,34767,12267,82365,0,0,602,26534,23731,24937,52,0,0,18,62,33,0,94318,86165,89307,2,0,0,317
0,442,264,26218,1,18368,5898,1,4934,7213,3,714,94891,7479,3,159,4452,1890,318,3,35134,12748,82641,0,0,602,26544,23857,25018,51,0,0,18,73,33,0,94883,86930,90159,2,0,0,317
0,430,262,26167,1,18329,5883,1,4934,7213,2,713,94326,7479,3,158,4329,1797,318,3,35098,12255,82400,0,0,602,26571,23658,24909,51,0,0,18,66,33,0,94195,86027,89192,2,0,0,317
0,413,264,26201,6,18372,5897,1,4934,7213,3,725,94204,7479,3,158,4175,1707,317,3,34866,12232,82707,0,0,602,26546,23810,24997,51,0,0,18,64,33,0,94451,86039,89425,2,0,0,317
0,432,264,26196,1,18342,5903,1,4934,7213,2,709,94256,7479,3,158,4346,1884,318,3,34560,12297,82462,0,0,602,26497,23767,24950,53,0,0,18,60,33,0,94628,86060,89218,2,0,0,317
0,415,261,26182,1,18326,5894,1,4934,7213,2,715,94751,7479,3,158,4296,1795,318,3,34773,12603,82449,0,0,602,26349,23933,24934,51,0,0,18,68,33,0,94336,85585,88720,2,0,0,317
0,442,263,26200,1,18361,5889,1,4934,7213,3,730,94469,7479,3,158,4456,1735,318,3,34856,12429,82678,0,0,602,26559,23839,25021,52,0,0,18,250,33,0,94968,85992,89152,2,0,0,317
0,449,263,26210,1,18369,5897,1,4934,7213,2,744,94813,7479,3,159,4708,1693,318,3,35174,12924,82681,0,0,602,26451,23945,25024,50,0,0,18,58,33,0,94662,86177,89372,2,0,0,317
0,351,263,26191,5,18341,5895,1,4934,7213,2,682,93693,7479,3,157,4351,1813,318,3,34215,11902,82265,0,0,602,26524,23710,24926,52,0,0,18,64,33,0,93790,85059,88250,2,0,0,317
0,444,265,26232,1,18377,5893,1,4934,7213,3,722,94519,7479,3,158,4286,1777,318,3,34996,12617,82628,0,0,602,26646,23760,25043,55,0,0,18,70,33,0,94632,86379,89568,2,0,0,317
0,388,262,26188,6,18333,5900,1,4934,7213,2,712,93799,7479,3,159,4281,1764,318,3,34150,11874,82390,0,0,602,26345,23972,24979,51,0,0,18,68,33,0,93344,85460,88588,2,0,0,317
0,443,264,26199,1,18364,5899,1,4934,7213,3,750,94952,7479,3,159,4652,1675,317,3,34801,12400,82715,0,0,602,26581,23804,25049,52,0,0,18,47,33,0,94501,86967,90158,2,0,0,317
0,356,264,26200,5,18340,5888,1,4934,7213,2,699,93800,7479,3,157,4191,1721,318,3,34228,11530,82412,0,0,602,26513,23751,24954,54,0,0,18,72,33,0,93772,85140,88260,2,0,0,317
0,444,262,26190,1,18348,5888,1,4934,7213,2,728,94847,7479,3,159,4496,1741,318,3,35170,12625,82642,0,0,602,26641,23683,24968,52,0,0,18,74,33,0,94772,86383,89580,2,0,0,317
0,425,264,26223,6,18384,5901,1,4934,7213,3,737,94783,7479,3,158,4344,1840,318,3,35035,12543,82662,0,0,602,26602,23771,25020,52,0,0,18,71,33,0,94640,86281,89479,2,0,0,317
0,433,263,26197,1,18359,5898,1,4934,7213,2,728,94787,7479,3,159,4457,1751,318,3,34955,12726,82652,0,0,602,26631,23732,25004,52,0,0,18,56,33,0,94742,86517,89628,2,0,0,317
0,408,262,26194,1,18350,5896,1,4934,7213,2,716,94603,7479,3,158,4189,1939,318,3,34509,12326,82340,0,0,602,26605,23695,24963,51,0,0,18,79,33,0,94420,85704,88955,2,0,0,317
0,417,264,26189,1,18336,5899,1,4934,7213,2,721,94860,7479,3,158,4513,1735,318,3,34852,12134,82396,0,0,602,26564,23714,24976,50,0,0,18,68,33,0,94556,86102,89283,2,0,0,317
0,445,263,26210,1,18367,5897,1,4934,7214,3,724,94786,7479,3,159,4184,1772,318,3,35366,12752,82588,0,0,602,26611,23788,25021,54,0,0,18,62,33,0,94845,86414,89544,2,0,0,317
0,445,263,26213,1,18368,5900,1,4934,7213,3,707,94198,7479,3,159,4421,1724,318,3,34978,12305,82584,0,0,602,26637,23812,24963,52,0,0,18,66,33,0,94482,86305,89447,2,0,0,317
0,442,264,26208,1,18354,5889,1,4934,7213,3,728,94750,7479,3,158,4287,1786,318,3,35279,12650,82610,0,0,602,26360,24025,24995,52,0,0,18,67,33,0,94832,86326,89498,2,0,0,317
0,432,263,26180,1,18332,5899,1,4934,7213,2,693,94479,7479,3,157,4506,1760,317,3,34888,12631,82512,0,0,602,26624,23689,24948,52,0,0,18,69,33,0,94138,86149,89405,2,0,0,317
0,438,262,26194,1,18356,5894,1,4934,7213,3,743,95187,7479,3,158,4385,2041,318,3,34958,12485,82594,0,0,602,26566,23810,25000,51,0,0,18,70,33,0,94906,86670,89802,2,0,0,317
0,448,263,26199,1,18364,5890,1,4934,7213,3,723,95182,7479,3,160,4346,1997,318,3,35193,12614,82695,0,0,602,26637,23756,25003,53,0,0,18,63,33,0,94368,86502,89678,2,0,0,317
0,400,264,26194,6,18341,5892,1,4934,7213,2,718,94259,7479,3,157,4505,1753,318,3,34527,11918,82463,0,0,602,26468,23838,24968,53,0,0,18,70,33,0,94232,86020,89227,2,0,0,317
0,379,262,26181,1,18332,5887,1,4934,7213,2,690,94039,7479,3,157,4249,1712,318,3,34569,11774,82385,0,0,602,26559,23689,24956,52,0,0,18,58,33,0,94127,85992,89170,2,0,0,317
0,423,262,26203,1,18345,5893,1,4934,7213,2,699,94541,7479,3,157,4293,1718,318,3,34733,12139,82385,0,0,602,26578,23686,24924,50,0,0,18,82,33,0,94161,86035,89327,2,0,0,317
0,453,262,26208,1,18354,5893,1,4934,7213,3,740,94690,7479,3,158,4102,1790,318,3,35196,12680,82684,0,0,602,26621,23734,24983,54,0,0,18,77,33,0,94587,86585,89763,2,0,0,317
0,383,139,25621,3,17970,5777,1,4793,6994,2,752,93237,7250,3,158,4483,1905,323,3,34457,12449,81240,0,0,592,26177,23316,24579,54,0,0,18,64,111,2,93896,85211,88429,3,0,0,317
0,424,265,26222,9,18370,5892,1,4934,7213,2,719,94239,7479,3,156,4635,1684,322,3,34843,12483,82631,0,0,602,26599,23798,25005,52,0,0,19,65,39,0,94493,86405,89532,3,0,0,317
0,422,264,26178,4,18333,5895,1,4934,7213,2,715,94648,7479,3,157,4359,1683,318,3,35061,12492,82550,0,0,602,26520,23728,24954,52,0,0,18,64,33,0,94345,85692,89008,2,0,0,317
0,430,264,26244,9,18399,5918,1,4952,7246,2,738,94774,7512,3,158,4216,2033,319,3,34602,11970,82805,0,0,602,26707,23797,25059,54,0,0,18,82,37,1,94320,86383,89524,3,0,0,317
0,422,266,26213,9,18363,5899,1,4934,7213,2,755,94889,7479,3,156,4406,1727,322,3,34649,12022,82643,0,0,602,26490,23863,24994,50,0,0,19,69,38,1,94791,86317,89449,3,0,0,317
0,401,262,26193,10,18347,5907,1,4934,7213,2,692,93766,7479,3,156,4257,1662,318,3,34835,12108,82465,0,0,602,26656,23646,24955,52,0,0,18,62,33,0,94289,85761,88989,2,0,0,317
0,359,263,26186,8,18340,5891,1,4934,7213,2,703,94085,7479,3,158,3846,1724,317,3,34213,11831,82470,0,0,602,26616,23660,24917,53,0,0,18,55,33,0,93385,85423,88550,1,0,0,317
0,445,266,26214,3,18375,5899,1,4936,7217,1,736,95061,7483,3,158,4378,1808,322,3,35078,12653,82802,0,0,602,26637,23770,25012,54,0,0,19,79,39,1,94655,86612,89743,3,0,0,317
0,375,264,26209,4,18343,5899,1,4934,7213,2,679,93746,7479,3,156,4186,1680,318,3,34531,12044,82377,0,0,602,26591,23648,24939,54,0,0,18,83,33,0,93804,85672,88854,2,0,0,317
0,366,140,26240,3,18399,5901,1,4934,7213,1,726,94272,7479,3,158,4328,1720,322,3,35268,12491,82707,0,0,602,26533,23852,25004,51,0,0,18,69,36,1,94838,86667,89810,3,0,0,317
0,352,262,26162,7,18312,5886,1,4934,7214,3,702,93752,7479,3,157,3943,1993,318,3,34274,11646,82346,0,0,602,26569,23718,24968,51,0,0,18,67,33,0,93730,85414,88605,2,0,0,317
0,356,141,26202,4,18348,6216,1,4934,7213,2,721,94502,7479,3,158,4443,1705,318,3,35303,12485,82459,0,0,602,26578,23714,24965,53,0,0,18,75,33,0,94407,85816,88985,2,0,0,316
0,446,265,26814,3,18784,5996,1,5037,7349,2,743,96625,7625,3,160,4379,1893,322,3,35774,12488,84206,0,0,612,27058,24208,25569,52,0,0,18,73,37,0,96452,87938,91110,3,0,0,317
0,430,264,26182,4,18345,5902,1,4934,7213,2,700,94388,7479,3,157,4021,1748,318,3,34739,12077,82452,0,0,602,26509,23762,24937,53,0,0,18,63,33,0,94388,86000,89286,2,0,0,317
0,414,263,26181,4,18331,5896,1,4934,7213,2,715,94076,7479,3,157,3998,1747,318,3,34849,12362,82439,0,0,602,26527,23741,24928,54,0,0,18,66,33,0,94594,86263,89465,2,0,0,317
1,328,161,829,1,531,790,1,263,502,0,220,15351,7479,3,158,4574,1706,318,3,35353,12369,82560,0,0,28,1129,1306,1261,15,0,0,18,92,33,0,94277,7259,10262,2,0,0,317
0,354,138,26251,9,18407,5904,1,4934,7213,2,754,94891,7479,3,157,4343,1778,321,3,35207,12825,82763,0,0,602,26549,23833,25005,54,0,0,18,65,36,1,94780,86086,89286,3,0,0,317
0,410,265,26172,4,18323,5898,1,4934,7213,2,702,94235,7479,3,157,4341,1684,317,3,34955,12443,82419,0,0,602,26422,23832,24933,51,0,0,18,62,33,0,93853,85647,88800,2,0,0,317
0,299,138,26231,4,18380,5894,1,4934,7213,2,688,94257,7479,3,156,4264,1806,318,3,34747,12080,82549,0,0,602,26303,23928,24905,50,0,0,18,59,33,0,94122,85415,88606,2,0,0,317
0,395,263,26179,9,18316,5896,1,4934,7213,2,711,94185,7479,3,157,4187,1649,317,3,34442,11826,82420,0,0,602,26271,23988,24935,52,0,0,18,64,33,0,93590,85715,88958,2,0,0,317
0,426,266,26216,9,18366,5895,1,4934,7213,2,722,94605,7479,3,157,4760,1596,322,3,34992,12452,82531,0,0,602,26322,24080,25026,55,0,0,18,66,37,0,94570,85967,89281,3,0,0,317
0,446,265,26205,3,18369,5894,1,4934,7213,2,746,95065,7479,3,158,4394,1793,322,3,35285,12547,82747,0,0,602,26535,23834,24994,50,0,0,18,64,37,0,94767,86301,89592,3,0,0,317
0,426,262,26196,4,18341,5897,1,4934,7213,2,700,94583,7479,3,158,4355,1776,318,3,34604,12000,82423,0,0,602,26604,23716,24988,52,0,0,18,64,33,0,94394,85582,88721,2,0,0,317
0,424,264,26181,4,18335,5888,1,4934,7213,2,707,94658,7479,3,157,4009,1809,318,3,35128,12604,82537,0,0,602,26642,23680,24963,52,0,0,18,86,33,0,94283,85944,89114,2,0,0,317
0,390,263,26170,4,18323,5898,1,4934,7213,2,691,94104,7479,3,156,4015,1960,318,3,34533,12063,82449,0,0,602,26305,23935,24926,54,0,0,18,72,33,0,93945,85977,89173,2,0,0,316
0,368,262,26185,4,18334,5900,1,4934,7213,2,686,94124,7479,3,158,4302,1778,318,3,34477,11719,82506,0,0,602,26470,23763,24908,50,0,0,18,64,33,0,93854,85459,88832,2,0,0,317
0,442,265,26795,3,18773,6002,1,5037,7349,2,738,96151,7625,3,158,4372,1932,322,3,35312,12410,84221,0,0,612,26882,24363,25559,53,0,0,18,72,37,0,95825,87955,91103,3,0,0,317
0,421,268,26787,10,18798,6011,1,5037,7349,3,742,95939,7625,3,161,4625,1982,322,4,35563,12362,84213,0,0,612,26848,24444,25595,56,0,0,18,66,37,0,95780,87600,90770,3,0,0,317
0,379,265,26187,4,18326,5888,1,4934,7213,2,688,94188,7479,3,156,4052,1720,318,3,34569,12074,82421,0,0,602,26606,23664,24923,51,0,0,18,73,33,0,93987,85491,88690,2,0,0,317
0,456,265,26199,3,18352,5889,1,4934,7213,2,740,94709,7479,3,158,4302,1822,469,3,35001,12571,82572,0,0,602,26625,23750,25010,51,0,0,18,62,36,0,94452,85684,88829,3,0,0,317
0,418,264,26187,4,18330,5882,1,4934,7213,2,732,94440,7479,3,158,4493,1685,318,3,34912,12193,82414,0,0,602,26554,23692,24922,52,0,0,18,68,33,0,94286,85987,89182,2,0,0,317
0,418,265,26210,9,18363,5896,1,4934,7213,2,711,94192,7479,3,157,4359,1735,322,3,34807,12251,82556,0,0,602,26623,23779,25029,52,0,0,18,71,36,0,94425,86374,89581,3,0,0,317
0,444,265,26222,3,18371,5892,1,4934,7213,2,715,94858,7479,3,158,4345,1841,323,3,34822,12531,82583,0,0,602,26642,23744,25001,50,0,0,18,83,37,0,94342,86510,89714,3,0,0,317
0,371,263,26166,4,18327,5891,1,4934,7213,2,686,93918,7479,3,155,4272,1686,318,3,34083,11953,82341,0,0,602,26595,23698,24953,52,0,0,18,66,33,0,94021,85518,88646,2,0,0,317
0,422,265,26195,4,18346,5891,1,4934,7213,2,711,94537,7479,3,157,4358,1665,318,3,34666,12502,82408,0,0,602,26473,23783,24954,53,0,0,18,61,33,0,94132,85502,88666,2,0,0,317
0,444,264,26200,3,18365,5888,1,4934,7213,2,756,95201,7479,3,158,4239,1982,463,3,35396,12746,82570,0,0,602,26627,23794,25034,53,0,0,18,65,110,2,94842,86418,89584,3,0,0,317
0,395,263,26179,12,18339,5901,1,4934,7213,2,696,93780,7479,3,158,4418,1658,317,3,34866,12341,82482,0,0,602,26584,23726,24975,53,0,0,18,72,33,0,93478,85691,88844,2,0,0,317
0,426,265,26167,10,18354,5892,1,4934,7213,2,737,94503,7479,3,157,4256,1776,322,3,35094,12931,82659,0,0,602,26589,23794,25027,53,0,0,18,60,37,0,94502,86200,89358,3,0,0,317
0,436,266,26192,3,18352,5887,1,4934,7213,2,734,94865,7479,3,159,4105,1822,322,3,35131,12390,82630,0,0,602,26490,23878,25002,51,0,0,18,64,37,0,94383,86514,89661,3,0,0,317
0,378,264,26198,4,18350,5906,1,4934,7213,2,663,93801,7479,3,156,3936,1590,318,3,34346,12030,82394,0,0,602,26513,23734,24953,51,0,0,18,65,33,0,93646,85508,88713,2,0,0,317
0,403,264,26184,9,18328,5889,1,4934,7213,2,715,94467,7479,3,157,4365,1798,318,3,34804,12169,82462,0,0,602,26567,23670,24921,53,0,0,18,70,33,0,94100,85738,89092,2,0,0,317
0,356,264,26180,7,18320,5893,1,4934,7213,2,698,93547,7479,3,158,4188,1806,318,3,34503,11961,82517,0,0,602,26551,23758,24960,54,0,0,18,83,33,0,93475,85451,88584,2,0,0,317
0,451,265,26189,3,18349,5888,1,4934,7213,2,725,94743,7479,3,159,4470,1797,322,3,35067,12705,82599,0,0,602,26496,23949,25044,53,0,0,18,63,37,1,94658,86512,89850,3,0,0,317
0,373,263,26206,4,18347,5897,1,4934,7213,2,681,93574,7479,3,156,4187,1703,318,3,34719,12200,82498,0,0,602,26563,23695,24923,54,0,0,18,52,33,0,93785,85661,88837,2,0,0,317
0,419,263,26208,4,18357,5896,1,4934,7213,2,726,94168,7479,3,158,4274,1924,318,3,34741,12368,82391,0,0,602,26524,23787,24972,51,0,0,18,71,33,0,94070,85439,88815,2,0,0,317
0,420,263,26169,4,18336,5899,1,4934,7213,2,716,94310,7479,3,158,4419,1795,318,3,34812,12355,82398,0,0,602,26526,23746,24970,49,0,0,18,59,33,0,94340,85856,89021,2,0,0,317
0,381,264,26193,4,18349,5888,1,4934,7213,2,685,94020,7479,3,154,4258,1941,318,3,34571,12068,82417,0,0,602,26342,23972,24974,52,0,0,18,66,33,0,94374,85358,88641,2,0,0,317
0,354,262,26180,7,18340,5897,1,4934,7213,2,693,93966,7479,3,157,4407,1998,318,3,34509,11795,82532,0,0,602,26335,23931,24952,51,0,0,18,67,33,0,93889,85464,88647,2,0,0,317
0,419,264,26199,4,18342,5898,1,4934,7213,2,697,94073,7479,3,157,4152,1821,318,3,35124,12666,82603,0,0,602,26334,23931,24960,54,0,0,18,62,33,0,94060,85404,88546,2,0,0,317
0,425,265,26206,10,18365,5899,1,4934,7213,2,733,94860,7479,3,157,4543,1914,322,3,35065,12533,82718,0,0,602,26419,23959,25002,54,0,0,18,65,110,2,94290,86239,89408,3,0,0,317
0,441,262,26211,3,18360,5887,1,4933,7215,2,735,94779,7480,3,158,4493,1778,321,3,34646,12281,82686,0,0,602,26506,23853,25010,51,0,0,18,70,37,0,94461,86076,89427,3,0,0,317
0,356,264,26181,8,18325,5894,1,4934,7213,3,708,93479,7479,3,158,4136,1767,318,3,34411,11828,82353,0,0,602,26487,23765,24923,49,0,0,18,63,33,3,93858,85144,88497,2,0,0,317
0,380,262,26173,4,18338,5903,1,4934,7213,2,687,94014,7479,3,157,4335,1796,317,4,34512,12002,82543,0,0,602,26393,23842,24920,52,0,0,18,68,33,0,94077,85345,88526,2,0,0,317
0,400,264,26167,9,18330,5893,1,4934,7213,3,719,94296,7479,3,158,3979,2258,318,3,34669,11806,82395,0,0,602,26580,23725,24953,52,0,0,18,61,33,0,93954,85887,89090,2,0,0,317
0,431,264,26190,4,18346,5893,1,4934,7213,2,711,94457,7479,3,158,4299,1840,318,3,35044,12336,82557,0,0,602,26585,23705,24946,50,0,0,18,68,33,0,94230,86387,89572,2,0,0,317
0,417,265,26204,9,18353,5885,1,4934,7214,2,744,94398,7479,3,157,4205,1740,321,3,34757,12196,82576,0,0,602,26559,23834,25017,50,0,0,18,70,36,1,94739,85934,89092,3,0,0,317
0,362,137,26205,3,18364,6214,1,4934,7213,2,739,94799,7479,3,157,4332,1697,321,3,35542,12939,82638,0,0,602,26408,24007,25026,52,0,0,18,66,37,0,94519,86279,89494,3,0,0,317
0,379,263,26196,4,18351,5894,1,4934,7213,2,675,93956,7479,3,157,4178,1695,318,3,34742,12205,82417,0,0,602,26576,23711,24952,54,0,0,18,60,33,0,93516,85620,88780,2,0,0,317
0,398,263,26195,4,18336,5907,1,4934,7213,2,713,93943,7479,3,158,4225,1907,318,3,34842,12345,82588,0,0,602,26580,23718,24954,55,0,0,18,65,33,0,93777,85988,89206,2,0,0,317
0,411,263,26194,4,18342,5899,1,4934,7213,2,695,94155,7479,3,157,4247,1762,318,3,34890,12361,82541,0,0,602,26443,23886,24985,55,0,0,18,58,33,0,94216,85854,89000,2,0,0,317
0,413,262,26188,4,18332,5897,1,4934,7213,2,701,94145,7479,3,157,4465,1799,318,3,34552,12179,82495,0,0,602,26505,23809,24970,55,0,0,18,62,33,0,94109,85969,89131,2,0,0,316
0,399,264,26210,4,18355,5911,1,4934,7213,2,712,94160,7479,3,159,4346,1745,317,3,34598,12023,82394,0,0,602,26671,23653,24964,51,0,0,18,92,32,0,94023,85838,89003,2,0,0,317
0,270,138,26169,4,18321,5897,1,4934,7213,2,701,94220,7479,3,157,4261,1614,317,3,34181,11745,82430,0,0,602,26574,23661,24922,51,0,0,18,83,33,0,93782,85469,88670,2,0,0,317
0,422,264,26177,4,18335,5898,1,4934,7213,2,696,94218,7479,3,158,4558,1729,318,3,35225,12698,82576,0,0,602,26585,23649,24909,53,0,0,18,61,33,0,94639,85648,88814,2,0,0,317
0,417,262,26188,4,18345,5897,1,4934,7213,2,696,94314,7479,3,157,4263,1836,318,3,34650,12097,82434,0,0,602,26653,23647,24976,51,0,0,18,77,33,0,94074,85787,88976,2,0,0,317
0,422,263,26171,4,18326,5900,1,4934,7213,2,699,94454,7479,3,157,4299,1723,318,3,34988,12272,82532,0,0,602,26562,23683,24918,52,0,0,18,66,33,0,94446,86239,89428,2,0,0,317
0,421,262,26197,4,18347,5899,1,4934,7213,2,706,94550,7479,3,158,4555,1713,318,3,35053,12474,82551,0,0,602,26551,23734,24958,51,0,0,18,76,33,0,94617,86174,89331,2,0,0,317
0,348,263,26184,4,18325,5895,1,4934,7213,2,697,93787,7479,3,158,4112,1753,318,3,34125,11665,82421,0,0,602,26565,23737,24939,49,0,0,18,69,33,0,93579,85496,88675,2,0,0,317
0,415,262,26186,4,18335,5903,1,4934,7213,2,709,94388,7479,3,157,4238,1789,318,3,34991,12538,82536,0,0,602,26623,23651,24951,53,0,0,18,73,33,0,93820,85764,88909,2,0,0,317
0,430,263,26174,4,18329,5896,1,4934,7213,2,718,94451,7479,3,157,4377,1687,318,3,35091,12499,82558,0,0,602,26560,23724,24957,53,0,0,18,73,33,0,94328,86047,89336,2,0,0,317
0,320,139,26202,4,18351,6222,1,4934,7213,2,696,94084,7479,3,157,4302,1654,318,3,34601,12112,82482,0,0,602,26535,23729,24935,52,0,0,18,60,33,0,94486,85596,88764,2,0,0,317
0,351,265,26189,4,18336,5902,1,4934,7213,2,703,93601,7479,3,158,4133,1833,318,3,34454,11994,82445,0,0,602,26680,23651,24977,54,0,0,19,65,35,0,93719,85147,88364,2,0,0,317
0,420,262,26184,4,18336,5891,1,4934,7213,2,706,94347,7479,3,158,4447,1611,317,3,34808,12377,82496,0,0,602,26427,23795,24914,51,0,0,18,67,33,0,94310,85954,89151,2,0,0,317
0,399,264,26193,4,18340,5895,1,4934,7213,2,719,94209,7479,3,157,4469,1716,318,3,34764,12100,82434,0,0,602,26542,23695,24917,50,0,0,18,80,33,0,94371,85898,89070,2,0,0,317
0,422,263,26172,4,18335,5898,1,4934,7213,2,710,94636,7479,3,157,4015,1658,318,3,35428,12863,82578,0,0,602,26620,23631,24927,50,0,0,18,74,33,0,94375,86397,89561,2,0,0,317
0,395,264,26180,4,18342,5894,1,4934,7213,2,696,94323,7479,3,159,4221,1930,318,3,34460,12058,82428,0,0,602,26635,23650,24928,52,0,0,18,67,33,0,94310,85468,88593,2,0,0,317
0,414,265,26186,4,18340,5893,1,4934,7213,2,715,94691,7479,3,158,4512,1777,318,3,34816,12398,82408,0,0,602,26538,23725,24924,52,0,0,18,46,33,0,94329,86170,89331,2,0,0,317
0,416,261,26198,4,18342,5895,1,4934,7213,2,708,94559,7479,3,158,4401,1988,318,3,34818,12367,82411,0,0,602,26406,23883,24942,52,0,0,18,84,33,0,94179,86214,89383,2,0,0,317
0,422,265,26183,4,18328,5895,1,4934,7213,2,707,94537,7479,3,158,4357,1825,318,3,35340,12796,82479,0,0,602,26632,23658,24976,55,0,0,18,64,33,0,94409,85792,88979,2,0,0,317
1,344,290,41017,4,28684,8732,1,7628,10955,2,794,135613,11491,3,182,3811,1880,318,3,49063,12844,122901,0,0,872,39341,34686,38427,55,0,0,18,71,33,0,135286,127234,130849,2,0,0,316
0,400,263,26165,4,18326,5906,1,4934,7213,2,702,94111,7479,3,157,4584,1700,318,3,34459,12078,82470,0,0,602,26619,23685,24986,51,0,0,18,68,33,0,94269,86083,89230,2,0,0,317
0,424,264,26193,4,18351,5902,1,4934,7213,2,704,94563,7479,3,158,4200,1804,318,3,34817,12345,82419,0,0,602,26650,23652,24961,52,0,0,18,67,33,0,94028,85988,89144,2,0,0,317
0,398,262,26178,4,18338,5900,1,4934,7213,2,716,94418,7479,3,158,4651,1803,318,3,34468,12099,82521,0,0,602,26433,23810,24909,51,0,0,18,66,33,0,94055,85600,88757,2,0,0,317
0,425,265,26182,4,18345,5901,1,4934,7213,2,707,94415,7479,3,158,4577,1810,318,3,35161,12377,82393,0,0,602,26569,23693,24942,51,0,0,18,67,33,0,94128,85855,88958,2,0,0,317
0,401,264,26190,4,18339,5900,1,4934,7213,2,722,94657,7479,3,158,4328,1768,318,3,35093,12673,82523,0,0,602,26568,23712,24956,49,0,0,19,68,35,0,94051,85586,88743,2,0,0,316
0,416,265,26181,4,18340,5902,1,4934,7213,2,705,94536,7479,3,159,4683,1744,318,3,34900,12225,82393,0,0,602,26590,23660,24935,52,0,0,18,58,33,0,94253,86068,89180,2,0,0,317
0,424,264,26165,4,18325,5892,1,4934,7213,2,703,94317,7479,3,159,4169,1826,318,3,34583,12167,82515,0,0,602,26641,23691,24970,50,0,0,18,58,33,0,94390,86164,89414,2,0,0,317
0,430,264,26178,4,18329,5898,1,4934,7213,2,704,94341,7479,3,159,4309,1650,318,3,34991,12525,82581,0,0,602,26447,23800,24926,52,0,0,18,71,33,0,94357,86410,89806,2,0,0,317
0,397,262,26168,9,18329,5894,1,4934,7213,2,691,93573,7479,3,158,4158,2020,318,3,34129,11691,82388,0,0,602,26558,23731,24958,51,0,0,18,50,33,0,94157,86131,89298,2,0,0,317
0,417,264,26177,4,18325,5895,1,4934,7213,2,711,94653,7479,3,158,4480,2040,318,3,34884,12199,82416,0,0,602,26596,23721,24982,52,0,0,18,66,33,0,94170,85998,89144,2,0,0,317
0,395,265,26190,4,18343,5898,1,4934,7213,2,720,94233,7479,3,159,4542,1739,318,3,34858,12175,82404,0,0,602,26617,23678,24967,53,0,0,18,61,33,0,94249,85619,88924,2,0,0,317
0,425,265,26162,4,18327,5890,1,4934,7213,2,719,94575,7479,3,157,4336,1772,318,3,34724,12114,82409,0,0,602,26522,23753,24927,52,0,0,18,58,33,0,93989,85840,88956,2,0,0,317
0,395,264,26181,4,18335,5895,1,4934,7213,2,707,94205,7479,3,158,4454,1841,318,3,34590,12020,82438,0,0,602,26604,23685,24988,51,0,0,18,62,33,0,94264,85654,88829,2,0,0,317
0,430,265,26177,4,18326,5898,1,4934,7213,2,709,94496,7479,3,160,4343,1844,318,3,34917,12024,82497,0,0,602,26418,23830,24923,52,0,0,18,67,33,0,94163,86256,89418,2,0,0,317
0,419,265,26191,4,18344,5893,1,4934,7213,2,697,94417,7479,3,158,4228,1741,318,3,35004,12620,82442,0,0,602,26626,23691,24974,51,0,0,18,51,33,0,94507,86341,89555,2,0,0,317
0,413,263,26195,4,18343,5901,1,4934,7213,2,709,94661,7479,3,158,4423,1930,318,3,34938,12359,82494,0,0,602,26556,23720,24949,52,0,0,18,62,33,0,94689,86202,89338,2,0,0,317
0,433,265,26180,4,18331,5899,1,4934,7213,2,710,94573,7479,3,158,4354,1775,318,3,34961,12473,82447,0,0,602,26651,23604,24936,55,0,0,18,59,33,0,93943,85832,88995,2,0,0,317
1,314,162,834,1,535,787,1,263,502,1,217,14830,202,3,56,3676,694,318,3,7550,6104,4775,0,0,28,1082,1348,1267,15,0,0,18,23,33,0,15287,7279,10203,2,0,0,317
0,398,265,26197,4,18345,5893,1,4934,7213,2,692,94124,7479,3,160,4490,1762,318,4,34752,12175,82468,0,0,602,26520,23750,24955,52,0,0,18,75,33,0,94403,85856,88999,2,0,0,317
0,416,265,26185,4,18341,5904,1,4934,7213,2,699,94356,7479,3,158,4315,1733,318,3,34882,12338,82491,0,0,602,26528,23730,24948,53,0,0,18,80,33,0,94596,86095,89272,2,0,0,317
0,354,138,26205,4,18351,5904,1,4934,7213,2,708,94368,7479,3,158,4253,1698,318,3,34964,12356,82481,0,0,602,26609,23670,24955,52,0,0,18,73,33,0,94380,86200,89516,2,0,0,317
0,424,263,26179,4,18332,5897,1,4934,7213,2,696,94398,7479,3,157,4188,1638,318,3,35154,12656,82431,0,0,602,26569,23694,24945,54,0,0,18,71,33,0,94261,85950,89135,2,0,0,317
0,401,264,26178,4,18327,5898,1,4934,7213,2,702,93867,7479,3,158,4481,1782,318,3,34558,11841,82486,0,0,602,26512,23760,24943,53,0,0,18,68,33,0,93976,85829,89172,2,0,0,317
0,349,263,26193,4,18334,5893,1,4934,7213,2,685,93673,7479,3,158,4085,1776,318,3,34277,11691,82324,0,0,602,26656,23576,24923,54,0,0,18,81,33,0,94047,85361,88557,2,0,0,317
0,428,262,26191,4,18339,5900,1,4934,7213,2,696,94178,7479,3,157,4444,1727,318,3,35100,12524,82554,0,0,602,26548,23701,24921,52,0,0,18,64,33,0,94490,86329,89491,2,0,0,317
0,420,261,26181,4,18320,5896,1,4934,7213,2,690,94081,7479,3,158,4484,1703,318,3,34712,12037,82383,0,0,602,26605,23664,24942,51,0,0,18,62,33,0,94579,86123,89267,2,0,0,317
0,426,263,26174,4,18330,5893,1,4934,7213,2,702,94037,7479,3,157,4159,1681,318,3,34799,12027,82557,0,0,602,26584,23694,24962,49,0,0,18,67,33,0,94420,85952,89137,2,0,0,317
0,419,264,26187,4,18333,5898,1,4934,7213,2,675,93985,7479,3,157,4232,1745,318,3,34960,12324,82459,0,0,602,26512,23732,24942,52,0,0,18,69,33,0,93772,85883,89266,2,0,0,317
0,421,263,26198,4,18343,5896,1,4934,7213,2,712,94486,7479,3,157,4437,1735,318,3,35155,12568,82534,0,0,602,26553,23722,24954,51,0,0,18,61,33,0,94130,86143,89284,2,0,0,317
0,346,161,826,1,529,790,1,263,503,1,222,15098,7479,3,159,4153,1733,318,3,35022,12425,82524,0,0,602,26603,23709,24947,53,0,0,18,22,33,0,15854,85510,88715,2,0,0,317
0,419,260,26188,4,18330,5899,1,4934,7213,2,697,94438,7479,3,157,4360,1745,318,3,34596,11981,82363,0,0,602,26585,23656,24923,51,0,0,18,74,33,0,94074,86134,89267,2,0,0,317
0,424,262,26164,4,18316,5905,1,4934,7213,2,706,94390,7479,3,158,4496,1911,318,3,34842,12234,82497,0,0,602,26463,23805,24922,52,0,0,18,64,33,0,94096,86189,89346,2,0,0,317
0,399,264,26194,4,18341,5906,1,4934,7213,2,692,94174,7479,3,157,4215,1824,318,3,34722,12012,82471,0,0,602,26610,23642,24951,52,0,0,18,63,33,0,93985,85883,89282,2,0,0,317
0,419,265,26188,4,18330,5900,1,4934,7213,2,705,94277,7479,3,158,4573,1600,318,3,34895,12374,82449,0,0,602,26609,23697,24968,51,0,0,18,62,33,0,94429,85959,89135,2,0,0,317
0,428,263,26169,4,18318,5897,1,4934,7213,2,714,94171,7479,3,158,4563,1947,318,3,34928,12449,82564,0,0,602,26625,23634,24938,53,0,0,18,81,33,0,94509,85788,89014,2,0,0,317
0,435,264,26197,4,18349,5901,1,4934,7213,2,710,94171,7479,3,157,4364,1700,318,3,34835,12385,82517,0,0,602,26622,23674,24968,50,0,0,18,65,33,0,94760,86338,89489,2,0,0,317
0,399,264,26209,4,18355,5902,1,4934,7213,2,708,94176,7479,3,158,4395,1640,318,3,34912,12326,82483,0,0,602,26702,23631,24972,52,0,0,19,57,35,0,94387,85930,89048,2,0,0,317
0,425,265,26193,4,18340,5894,1,4934,7213,2,700,94201,7479,3,157,4658,1728,318,3,34830,12237,82496,0,0,602,26580,23692,24962,52,0,0,18,64,32,0,94202,85806,88941,2,0,0,317
0,398,263,26162,4,18323,5894,1,4934,7213,2,691,94112,7479,3,158,4230,1634,318,3,34565,12115,82420,0,0,602,26589,23719,24967,53,0,0,18,71,33,0,93918,85834,88989,2,0,0,317
0,400,265,26174,4,18321,5896,1,4934,7213,2,710,94455,7479,3,158,4132,1919,318,3,34446,11818,82384,0,0,602,26621,23659,24926,54,0,0,18,65,33,0,94062,86160,89588,2,0,0,317
0,396,264,26191,10,18342,5904,1,4934,7213,2,721,94573,7479,3,157,4216,1774,318,3,34546,12017,82550,0,0,602,26653,23632,24964,53,0,0,18,74,33,0,94427,86033,89262,2,0,0,317
0,402,265,26193,9,18344,5897,1,4934,7213,2,713,94593,7479,3,157,4471,1760,318,3,34572,11971,82544,0,0,602,26441,23785,24898,53,0,0,18,60,33,0,94005,86076,89298,2,0,0,316
0,420,263,26157,4,18319,5898,1,4934,7213,2,705,94625,7479,3,157,4328,1897,318,3,34832,12272,82477,0,0,602,26623,23664,24973,52,0,0,18,66,33,0,94769,85968,89148,2,0,0,317
0,399,262,26188,4,18344,5898,1,4934,7213,2,708,93974,7479,3,158,4487,1728,318,3,34438,11827,82430,0,0,602,26516,23764,24953,53,0,0,18,66,33,0,94273,85935,89130,2,0,0,317
0,421,265,26176,4,18332,5890,1,4934,7213,2,694,94118,7479,3,157,4234,1904,318,3,34863,12239,82394,0,0,602,26628,23683,24978,51,0,0,18,60,33,0,94447,86079,89468,2,0,0,317
0,424,264,26176,4,18333,5891,1,4934,7214,2,688,94163,7479,3,157,4281,1752,318,3,35092,12225,82451,0,0,602,26682,23604,24941,51,0,0,18,67,33,0,93985,86091,89304,2,0,0,317
0,398,263,26183,4,18342,5903,1,4934,7213,2,704,94142,7479,3,158,4202,1877,318,3,34474,11940,82348,0,0,602,26601,23684,24980,54,0,0,18,68,33,0,94428,85607,88802,2,0,0,317
0,423,265,26185,4,18343,5895,1,4934,7213,2,697,94181,7479,3,157,4318,1737,318,3,34767,12263,82492,0,0,602,26652,23652,24954,52,0,0,18,63,33,0,94376,86192,89593,2,0,0,317
0,419,264,26196,4,18354,5896,1,4934,7213,2,699,94161,7479,3,157,4370,1676,318,3,35163,12635,82521,0,0,602,26622,23685,24984,51,0,0,18,66,33,0,94391,86287,89609,2,0,0,317
0,423,263,26204,4,18344,5904,1,4934,7214,2,699,94617,7479,3,157,4570,1752,318,3,35171,12593,82469,0,0,602,26548,23705,24936,54,0,0,18,62,33,0,94457,85889,89172,2,0,0,317
0,421,263,26190,4,18330,5892,1,4934,7213,2,723,94431,7479,3,158,4509,1728,318,3,34952,12125,82541,0,0,602,26691,23579,24944,52,0,0,18,56,33,0,94269,85861,88999,2,0,0,317
0,398,262,26211,4,18350,5899,1,4934,7213,2,721,94211,7479,3,158,4241,1715,317,3,34363,11826,82407,0,0,602,26494,23764,24960,52,0,0,18,77,33,0,94523,86048,89207,2,0,0,317
0,415,266,26174,4,18332,5904,1,263,502,1,224,15440,7479,3,160,4658,1759,318,3,8003,6708,4797,0,0,602,26591,23658,24926,52,0,0,19,25,35,0,15804,85883,89048,2,0,0,317
0,418,263,26196,4,18352,5904,1,4934,7213,2,713,94835,7479,3,158,4572,1717,318,3,34859,12343,82505,0,0,602,26481,23767,24943,53,0,0,18,62,33,0,94210,86054,89213,2,0,0,317
0,398,263,26200,4,18342,5898,1,4934,7213,2,716,94404,7479,3,157,4289,1761,318,3,34735,12220,82529,0,0,602,26603,23652,24941,51,0,0,18,63,33,0,94361,85839,89041,2,0,0,316
0,418,264,26209,4,18351,5901,1,4934,7213,2,709,94630,7479,3,157,4475,2003,318,3,35345,12610,82445,0,0,602,26446,23862,24951,50,0,0,18,61,33,0,94125,85835,89209,2,0,0,317
0,429,264,26202,4,18361,5906,1,4934,7213,2,699,94347,7479,3,157,4366,1773,318,4,35133,12511,82428,0,0,602,26532,23748,24958,50,0,0,18,65,33,0,94055,86102,89318,2,0,0,317
0,351,137,26186,4,18339,5891,1,4934,7213,2,725,94306,7479,3,157,3940,1665,318,3,34915,12412,82485,0,0,602,26645,23643,24959,51,0,0,18,59,33,0,94528,85868,89015,2,0,0,317
0,424,262,26198,4,18341,5903,0,4934,7213,2,702,94431,7479,3,157,4306,1710,318,3,34883,12260,82490,0,0,602,26582,23689,24942,53,0,0,18,55,33,0,94154,86152,89330,2,0,0,375
0,416,264,26170,4,18326,5898,1,4934,7213,2,698,94080,7479,3,157,4197,1720,318,3,34889,12366,82428,0,0,602,26567,23663,24930,54,0,0,18,64,33,0,94356,86159,89540,2,0,0,317
0,400,264,26185,4,18341,5903,1,4934,7213,2,704,94162,7479,3,158,4416,1794,318,3,35036,12489,82565,0,0,602,26530,23729,24930,52,0,0,18,70,33,0,93969,85540,88735,2,0,0,317
0,424,265,26204,4,18344,5895,1,4934,7213,2,704,94427,7479,3,158,4207,1897,318,3,34727,12138,82408,0,0,602,26571,23731,24969,54,0,0,18,58,33,0,94327,86044,89195,2,0,0,375
0,399,264,26180,4,18328,5890,1,4934,7214,2,703,93960,7479,3,158,4527,1703,318,3,34781,12155,82475,0,0,602,26559,23731,24958,52,0,0,18,71,32,0,94466,85880,89052,2,0,0,317
0,424,264,26175,4,18332,5896,1,4934,7213,2,693,94014,7479,3,158,4194,2076,318,3,34678,12250,82431,0,0,602,26604,23689,24944,54,0,0,18,64,33,0,94196,86148,89300,2,0,0,317
0,414,261,26205,4,18347,5900,1,4934,7213,2,711,94258,7479,3,157,4379,1763,318,3,35182,12545,82428,0,0,602,26470,23785,24938,53,0,0,18,68,33,0,94283,85806,89157,2,0,0,317
0,428,263,26189,4,18334,5895,1,4934,7213,2,702,94456,7479,3,158,4473,1679,318,3,35111,12577,82572,0,0,602,26542,23778,24970,54,0,0,18,59,33,0,94308,86049,89383,2,0,0,317
0,427,263,26188,4,18332,5889,1,4934,7213,2,710,94775,7479,3,157,4454,1811,318,3,34795,12118,82460,0,0,602,26574,23675,24933,52,0,0,18,66,33,0,94133,86180,89307,2,0,0,317
1,344,273,37943,5,26560,8097,1,7067,10141,2,729,126955,10626,3,166,3855,1739,318,3,45296,12022,115112,0,0,822,37032,32683,35556,43,0,0,19,49,35,0,126368,118324,121848,2,0,0,317
0,423,265,26204,4,18352,5902,1,4934,7213,2,715,94589,7479,3,157,4382,1754,318,3,35145,12373,82433,0,0,602,26568,23656,24909,54,0,0,18,70,33,0,94483,85721,88872,2,0,0,317
0,426,263,26185,4,18336,5894,1,4934,7213,2,725,94694,7479,3,157,4716,1692,318,3,34674,12056,82479,0,0,602,26624,23664,24959,53,0,0,18,61,33,0,94662,85953,89125,2,0,0,317
0,428,263,26193,4,18342,5893,1,4934,7213,2,710,94567,7479,3,157,4411,1837,318,3,35092,12559,82405,0,0,602,26592,23718,24969,52,0,0,18,75,33,0,94490,86205,89410,2,0,0,317
0,401,262,26173,4,18326,5889,1,4934,7213,2,713,94161,7479,3,158,4348,1750,318,3,34377,11689,82374,0,0,602,26619,23652,24956,50,0,0,18,70,33,0,94293,85739,89073,2,0,0,317
0,397,262,26203,4,18348,5901,1,4934,7213,2,722,94132,7479,3,157,4442,1574,318,3,34761,11920,82368,0,0,602,26625,23660,24956,54,0,0,19,67,35,0,94234,85667,88857,2,0,0,317
0,424,260,26193,4,18333,5892,1,4934,7213,2,717,94164,7479,3,157,4292,1716,318,3,34887,12310,82520,0,0,602,26632,23703,24966,53,0,0,18,70,33,0,94540,86154,89337,2,0,0,317
0,415,264,26198,4,18355,5902,1,4934,7213,2,704,94196,7479,3,157,4381,1749,318,3,35036,12517,82506,0,0,602,26661,23666,24983,53,0,0,18,63,33,0,94189,86209,89420,2,0,0,317
0,423,263,26177,4,18332,5903,1,4934,7213,2,710,94286,7479,3,157,4377,1856,318,3,34972,12298,82389,0,0,602,26620,23650,24909,53,0,0,18,64,33,0,94888,85919,89057,2,0,0,317
0,419,264,26181,4,18331,5891,1,4934,7213,2,726,94544,7479,3,158,4231,1756,318,3,35067,12484,82564,0,0,602,26675,23649,24969,52,0,0,18,57,33,0,94587,86586,89738,2,0,0,317
0,425,261,26193,4,18351,5898,1,4934,7213,2,710,94264,7479,3,157,4227,1883,318,3,34824,12282,82456,0,0,602,26420,23853,24954,52,0,0,18,71,33,0,94639,86025,89239,2,0,0,317
0,424,261,26191,4,18335,5891,1,4934,7213,2,713,94491,7479,3,157,4299,1762,318,3,34851,12270,82515,0,0,602,26606,23667,24954,49,0,0,18,62,33,0,94408,86241,89444,2,0,0,317
0,426,264,26188,4,18348,5896,1,4934,7213,2,699,94398,7479,3,157,4133,1892,318,3,34990,12123,82408,0,0,602,26559,23694,24927,53,0,0,18,49,33,0,94483,85954,89122,2,0,0,317
0,400,264,26191,4,18330,5894,1,4934,7214,2,723,94283,7479,3,160,4167,1671,318,3,34606,11971,82464,0,0,602,26431,23794,24941,51,0,0,18,60,33,0,94038,85976,89116,2,0,0,317
0,424,263,26193,4,18347,5903,1,4934,7213,2,694,94279,7479,3,157,4522,1761,318,3,35148,12148,82480,0,0,602,26416,23828,24933,51,0,0,18,80,33,0,94465,86099,89468,2,0,0,317
0,430,264,26168,4,18332,5896,1,4934,7213,2,718,94434,7479,3,157,4453,1939,318,3,34741,12201,82453,0,0,602,26544,23703,24926,52,0,0,18,61,33,0,94169,85906,89070,2,0,0,317
0,420,264,26190,4,18341,5903,1,263,502,1,224,15386,7479,3,157,4372,1771,318,4,34924,12226,82494,0,0,28,1085,1333,1262,15,0,0,18,23,33,0,15914,86103,89256,2,0,0,317
1,312,159,832,1,532,791,1,263,502,1,223,14909,202,3,54,3507,730,317,3,7930,6638,4799,0,0,28,1123,1299,1258,14,0,0,18,23,33,0,15262,7055,10074,2,0,0,317
0,419,265,26200,4,18340,5893,1,4934,7213,2,711,94568,7479,3,157,4138,1684,318,3,34774,12290,82431,0,0,602,26656,23627,24961,53,0,0,18,60,33,0,94449,86309,89468,2,0,0,317
0,430,263,26171,4,18318,5897,1,4934,7213,2,723,94499,7479,3,157,4321,1734,317,3,35060,12485,82424,0,0,602,26622,23624,24916,52,0,0,18,62,33,0,94084,86038,89146,2,0,0,317
0,431,263,26192,4,18347,5900,1,4934,7213,2,700,94343,7479,3,157,4250,1624,318,3,34739,11988,82380,0,0,602,26643,23617,24922,52,0,0,18,60,33,0,94724,86194,89369,2,0,0,317
0,418,264,26205,4,18354,5899,1,4934,7213,2,723,94782,7479,3,157,4361,1721,318,3,34941,12470,82436,0,0,602,26641,23651,24951,53,0,0,18,67,33,0,94403,85815,88957,2,0,0,317
0,422,263,26199,4,18351,5897,1,4934,7213,2,706,94481,7479,3,157,4364,1749,318,3,34547,12095,82383,0,0,602,26668,23660,24971,51,0,0,18,70,33,0,94495,86197,89578,2,0,0,317
0,416,263,26208,4,18354,5899,1,4934,7213,2,701,94674,7479,3,157,4387,1952,318,3,34831,12404,82562,0,0,602,26597,23683,24947,54,0,0,18,64,33,0,94699,86100,89460,2,0,0,317
0,422,263,26176,4,18337,5903,1,4934,7213,2,712,94713,7479,3,157,4214,1701,318,3,34961,12364,82468,0,0,602,26620,23665,24965,54,0,0,18,63,33,0,94537,85862,89008,2,0,0,317
0,402,264,26194,4,18344,5901,1,4934,7213,2,706,93894,7479,3,159,4226,1754,318,3,34651,12200,82503,0,0,602,26498,23760,24957,54,0,0,18,72,33,0,93737,85691,88831,2,0,0,317
0,430,265,26170,4,18335,5899,1,4934,7213,2,706,94529,7479,3,158,4611,1823,318,3,34692,12319,82457,0,0,602,26600,23674,24938,51,0,0,18,69,33,0,94055,85862,89067,2,0,0,317
0,400,263,26192,4,18343,5902,1,4934,7213,2,708,94417,7479,3,158,4595,1613,318,3,34454,11828,82348,0,0,602,26587,23694,24957,52,0,0,18,69,33,0,94026,85774,88962,2,0,0,317
0,416,264,26186,4,18330,5892,1,4934,7213,2,696,94277,7479,3,157,4000,1738,318,3,34695,12223,82404,0,0,602,26654,23644,24981,52,0,0,19,52,35,0,94264,86166,89359,2,0,0,317
0,428,262,26198,4,18349,5905,1,4934,7213,2,707,94422,7479,3,158,4504,1882,318,3,34938,12423,82498,0,0,602,26637,23609,24923,52,0,0,18,68,33,0,94200,85820,88945,2,0,0,317
0,425,264,26179,4,18333,5896,1,4934,7213,2,727,94586,7479,3,158,4252,1645,318,3,34812,12233,82496,0,0,602,26402,23853,24947,51,0,0,18,62,33,0,94493,86021,89195,2,0,0,317
0,398,263,26175,4,18337,5905,1,4934,7213,2,716,94156,7479,3,158,4510,1741,318,3,34633,11842,82356,0,0,602,26610,23655,24948,51,0,0,18,68,33,0,93690,86229,89362,2,0,0,317
0,424,263,26178,4,18326,5901,1,4934,7213,2,705,94384,7479,3,158,4411,1766,318,3,35022,12281,82565,0,0,602,26621,23692,24953,52,0,0,18,79,33,0,94431,86136,89321,2,0,0,316
0,435,264,26179,4,18333,5893,1,4934,7213,2,698,94686,7479,3,157,4715,1727,318,3,34981,12382,82401,0,0,602,26582,23719,24965,54,0,0,18,74,33,0,94044,85745,88925,2,0,0,317
0,400,262,26215,4,18358,5907,1,4934,7213,2,704,93912,7479,3,158,4561,1735,318,3,34612,12028,82485,0,0,602,26639,23657,24940,54,0,0,18,70,33,0,93853,85766,88929,2,0,0,317
0,425,264,26189,4,18347,5896,1,4934,7213,2,715,94482,7479,3,158,4531,2100,318,3,34761,12194,82436,0,0,602,26655,23611,24923,51,0,0,18,65,33,0,94575,86191,89326,2,0,0,317
0,430,264,26199,4,18351,5900,1,4934,7213,2,723,94161,7479,3,157,4604,1700,318,3,34825,12181,82394,0,0,602,26671,23653,24963,55,0,0,18,84,33,0,94013,86287,89465,2,0,0,317
0,413,261,26209,4,18348,5905,1,4934,7213,2,697,94444,7479,3,157,4123,2152,377,3,34734,12238,82410,0,0,602,26520,23802,24960,52,0,0,18,64,33,0,94639,86107,89243,2,0,0,317
0,424,263,26217,4,18357,5904,1,263,502,0,216,15303,7479,3,158,4141,1764,318,3,35041,12598,82466,0,0,602,26573,23703,24970,52,0,0,18,23,33,0,15486,85818,89020,2,0,0,317
0,402,262,26206,4,18360,5904,1,4934,7213,2,703,94270,7479,3,159,4293,1754,318,3,34726,12256,82478,0,0,602,26644,23664,24965,49,0,0,18,64,33,0,93769,86191,89334,2,0,0,317
0,427,265,26174,4,18328,5900,1,4934,7214,2,720,94768,7479,3,158,4347,1661,317,3,34830,12310,82467,0,0,602,26577,23695,24941,52,0,0,18,74,33,0,94259,85884,89050,2,0,0,317
0,426,261,26167,4,18329,5898,1,4934,7213,2,706,93999,7479,3,157,4576,1780,318,3,34985,12545,82544,0,0,602,26628,23689,24970,54,0,0,18,78,33,0,94256,85895,89198,2,0,0,317
0,401,263,26178,4,18328,5900,1,4934,7213,2,711,94506,7479,3,158,4406,1769,318,3,34377,12046,82572,0,0,602,26546,23680,24938,53,0,0,18,57,33,0,94436,85839,89135,2,0,0,317
0,412,264,26199,4,18352,5906,1,4934,7213,2,706,94195,7479,3,157,4227,1771,318,3,35061,12413,82403,0,0,602,26626,23671,24953,52,0,0,18,66,33,0,94576,86009,89121,2,0,0,317
0,424,261,26192,4,18340,5897,1,4934,7213,2,715,94792,7479,3,157,4195,1715,317,3,35179,12599,82596,0,0,602,26575,23669,24922,52,0,0,18,75,32,0,94407,86257,89580,2,0,0,317
0,434,263,26194,4,18345,5901,1,4934,7213,2,716,94466,7479,3,158,4379,1777,318,4,34745,12127,82436,0,0,602,26643,23618,24942,52,0,0,18,71,33,0,94615,85997,89142,2,0,0,317
0,397,263,26178,4,18331,5892,1,4934,7213,2,700,93894,7479,3,158,4331,1665,318,3,34766,12243,82478,0,0,602,26595,23682,24955,52,0,0,18,55,33,0,94199,85769,88934,2,0,0,317
1,315,161,823,1,527,788,1,263,502,1,220,15176,202,3,55,3398,837,318,3,7738,6558,4742,0,0,28,1088,1337,1270,15,0,0,19,26,35,0,15600,7128,10063,2,0,0,317
0,350,265,26185,4,18336,5889,1,4934,7213,2,682,93721,7479,3,158,3859,1834,318,3,34362,11978,82444,0,0,602,26578,23716,24957,52,0,0,18,60,33,0,93800,85668,88897,2,0,0,317
0,413,263,26165,4,18326,5891,1,4934,7213,3,684,94376,7479,3,159,4540,1737,318,3,34972,12411,82524,0,0,602,26588,23696,24978,52,0,0,18,64,33,0,94055,85660,88943,2,0,0,317
0,399,264,26190,4,18341,5898,1,4934,7213,2,713,94391,7479,3,158,4607,1779,318,3,34813,12151,82450,0,0,602,26569,23692,24930,49,0,0,18,64,33,0,94137,85614,88799,2,0,0,317
0,394,265,26181,9,18332,5900,1,4934,7213,2,727,94132,7479,3,157,4435,1686,318,3,34591,12150,82442,0,0,602,26580,23652,24892,51,0,0,18,60,33,0,93904,85927,89110,2,0,0,317
0,399,263,26188,4,18338,5892,1,4934,7213,2,714,94325,7479,3,158,4485,1764,318,3,34567,12122,82527,0,0,602,26666,23600,24927,52,0,0,18,61,33,0,93928,85473,88632,2,0,0,317
0,421,264,26195,4,18343,5897,1,4934,7213,2,685,94280,7479,3,157,4494,1697,318,3,34815,12338,82492,0,0,602,26614,23701,24988,55,0,0,18,79,33,0,94642,86038,89195,2,0,0,317
0,430,263,26195,4,18344,5906,1,4934,7213,2,702,94270,7479,3,156,4372,1840,318,3,34905,12333,82497,0,0,602,26627,23666,24962,53,0,0,18,79,33,0,94509,86322,89608,2,0,0,317
0,399,263,26193,4,18337,5900,1,4934,7213,2,701,93875,7479,3,158,4632,1708,318,3,34576,11966,82488,0,0,602,26584,23703,24961,55,0,0,18,59,33,0,94042,85894,89073,2,0,0,317
0,412,262,26177,4,18327,5894,1,4934,7213,2,706,94328,7479,3,157,4234,1814,318,3,34863,12290,82431,0,0,602,26623,23659,24951,50,0,0,19,71,35,0,94268,86087,89307,2,0,0,317
0,348,264,26171,4,18317,5888,1,4934,7214,2,684,93926,7479,3,157,3975,1788,318,3,34148,11829,82364,0,0,602,26617,23614,24905,50,0,0,18,54,33,0,93873,85617,88755,2,0,0,317
0,422,264,26173,4,18324,5893,1,4934,7213,2,722,94708,7479,3,157,4245,1831,318,3,34904,12385,82511,0,0,602,26525,23724,24940,51,0,0,18,64,33,0,93908,86076,89253,2,0,0,317
0,399,263,26187,4,18338,5900,1,4934,7213,2,703,93966,7479,3,158,4382,1673,318,3,34504,11955,82519,0,0,602,26623,23669,24983,53,0,0,18,76,33,0,94313,85981,89113,2,0,0,317
0,413,264,26183,4,18339,5901,1,4934,7213,2,710,94290,7479,3,158,4438,1787,318,3,35404,12838,82528,0,0,602,26617,23675,24967,53,0,0,18,72,33,0,93993,85729,88964,2,0,0,317
0,435,264,26185,4,18336,5894,1,4934,7213,2,699,94329,7479,3,157,4336,1893,318,3,35151,12704,82402,0,0,602,26551,23711,24940,55,0,0,18,67,33,0,94436,85850,89001,2,0,0,317
0,400,264,26196,4,18340,5903,1,4934,7213,2,702,94262,7479,3,158,4520,1886,318,3,34478,11948,82441,0,0,602,26484,23818,24968,52,0,0,19,88,35,0,94195,86084,89228,2,0,0,317
0,394,263,26181,4,18329,5900,1,4934,7213,2,709,93889,7479,3,158,4366,1944,318,3,34541,11929,82377,0,0,602,26478,23842,24964,53,0,0,18,65,33,0,94220,86027,89169,2,0,0,317
1,424,264,26185,4,18337,5907,1,4934,7213,2,714,94445,202,3,53,3732,638,318,3,35218,12551,82457,0,0,602,26607,23643,24929,52,0,0,18,22,33,0,15695,7130,10044,2,0,0,317
1,334,161,831,1,533,793,1,263,502,0,222,15301,202,3,55,3965,717,318,3,34937,12354,82466,0,0,602,26670,23677,24994,53,0,0,18,21,33,0,15896,7634,10558,2,0,0,317
0,426,265,26175,4,18331,5898,1,4934,7213,2,709,94502,7479,3,159,4659,1841,318,3,35131,12625,82470,0,0,602,26512,23777,24967,53,0,0,18,68,33,0,94523,85915,89081,2,0,0,317
0,422,263,26181,4,18333,5895,1,4934,7213,2,715,94410,7479,3,157,4231,1743,318,4,35204,12629,82528,0,0,602,26563,23709,24925,50,0,0,18,70,33,0,93979,85938,89117,2,0,0,317
0,400,263,26191,9,18340,5901,1,4934,7213,2,705,93901,7479,3,157,4148,1643,318,3,34568,11956,82443,0,0,602,26572,23723,24982,54,0,0,18,57,33,0,94270,85591,88796,2,0,0,317
0,415,263,26186,4,18337,5893,1,4934,7213,2,710,94046,7479,3,157,4363,1771,317,3,34921,12519,82537,0,0,602,26428,23824,24907,51,0,0,18,77,33,0,93828,85756,88931,2,0,0,317
0,416,262,26185,4,18335,5905,1,4934,7214,2,711,94205,7479,3,158,4970,1851,318,3,34993,12409,82422,0,0,602,26531,23713,24906,51,0,0,18,55,33,0,94448,85620,88811,2,0,0,317
0,424,263,26192,4,18343,5898,1,4934,7213,2,715,94310,7479,3,158,4542,1666,318,3,35007,12373,82372,0,0,602,26448,23819,24961,54,0,0,18,56,33,0,94604,85854,88977,2,0,0,317
0,394,263,26182,9,18329,5892,1,4934,7213,2,723,94169,7479,3,157,4271,1857,318,3,34689,11891,82418,0,0,602,26617,23620,24926,55,0,0,18,52,33,0,93752,85471,88657,2,0,0,317
0,416,265,26215,4,18357,5902,1,4934,7213,2,701,94271,7479,3,157,4216,1804,318,3,34476,11976,82451,0,0,602,26547,23733,24963,50,0,0,18,63,33,0,94368,86007,89125,2,0,0,317
0,431,264,26193,4,18344,5895,1,4934,7213,2,712,94207,7479,3,158,4377,1660,318,3,34614,12173,82492,0,0,602,26591,23659,24923,51,0,0,18,61,33,0,94072,85826,89027,2,0,0,317
0,432,264,26183,4,18334,5896,1,4934,7213,2,698,94579,7479,3,157,4523,1760,318,3,34911,12478,82442,0,0,602,26587,23659,24927,54,0,0,18,68,33,0,94296,86242,89440,2,0,0,317
0,423,264,26180,4,18337,5900,1,4934,7213,2,718,94379,7479,3,157,4450,1815,318,3,34833,12321,82455,0,0,602,26648,23644,24950,51,0,0,18,69,33,0,94069,86145,89315,2,0,0,317
0,428,264,26191,4,18337,5899,1,4934,7213,2,711,94417,7479,3,157,4238,1724,318,3,34676,12065,82370,0,0,602,26632,23641,24953,54,0,0,19,72,35,0,94161,86114,89276,2,0,0,317
0,435,263,26200,4,18353,5895,1,263,502,1,223,15409,7479,3,158,4630,1994,318,3,35131,12194,82496,0,0,602,26586,23655,24943,52,0,0,18,60,33,0,94227,86260,89412,2,0,0,317
0,421,262,26172,4,18336,5892,1,4934,7214,2,707,94470,7479,3,158,4577,1745,318,3,34899,12403,82434,0,0,602,26584,23659,24914,52,0,0,18,70,33,0,94483,85953,89095,2,0,0,317
0,416,263,26180,4,18331,5895,1,4934,7213,2,718,94563,7479,3,157,4138,1824,318,3,35188,12702,82563,0,0,602,26568,23687,24951,51,0,0,18,81,33,0,94128,85689,88876,2,0,0,317
0,422,263,26182,4,18328,5899,1,4934,7213,2,728,94603,7479,3,157,4306,1833,318,3,34975,12360,82493,0,0,602,26624,23652,24937,52,0,0,18,64,33,0,94131,85888,89112,2,0,0,317
0,434,264,26190,4,18338,5906,1,4934,7213,2,711,94707,7479,3,158,4330,1755,318,3,35146,12597,82482,0,0,602,26607,23666,24949,53,0,0,18,71,33,0,94187,86141,89489,2,0,0,317
0,416,262,26178,4,18337,5893,1,4934,7213,2,713,94400,7479,3,157,4354,2153,318,3,34655,12048,82376,0,0,602,26574,23708,24936,52,0,0,18,58,33,0,94229,86167,89319,2,0,0,317
0,424,264,26204,4,18347,5896,1,4934,7213,2,710,94381,7479,3,157,4385,1786,318,3,35117,12555,82612,0,0,602,26596,23669,24941,53,0,0,18,57,33,0,94387,85992,89122,2,0,0,317
0,398,262,26184,4,18336,5893,1,4934,7213,2,703,94055,7479,3,159,4587,1922,318,3,34629,12112,82380,0,0,602,26668,23650,24955,55,0,0,18,59,33,0,93980,86017,89180,2,0,0,317
0,416,263,26187,4,18336,5901,1,4934,7213,2,715,94361,7479,3,157,4145,1699,318,3,34775,12111,82421,0,0,602,26612,23647,24949,52,0,0,18,70,33,0,94161,86247,89412,2,0,0,317
0,424,263,26189,4,18338,5895,1,4934,7213,2,711,94314,7479,3,157,4530,1736,318,3,34799,12203,82442,0,0,602,26649,23647,24973,52,0,0,18,70,33,0,94356,86175,89386,2,0,0,317
0,432,263,26223,4,18354,5901,1,4934,7213,2,702,94641,7479,3,157,4341,1974,318,3,35165,12752,82595,0,0,602,26593,23681,24971,54,0,0,18,66,33,0,94550,85826,88970,2,0,0,317
0,400,262,26207,4,18348,5909,1,4934,7213,2,725,94373,7479,3,158,4223,1750,318,3,34367,11864,82422,0,0,602,26585,23707,24970,49,0,0,18,70,33,0,94511,85916,89124,2,0,0,317
0,415,264,26197,4,18340,5903,1,4934,7213,2,711,94741,7479,3,158,4313,1757,318,3,34879,12460,82480,0,0,602,26469,23792,24949,54,0,0,18,64,33,0,94267,85943,89091,2,0,0,317
0,422,263,26187,4,18331,5895,1,4934,7213,2,713,94479,7479,3,157,4366,1738,317,3,35302,12721,82504,0,0,602,26640,23656,24965,53,0,0,18,68,33,0,93898,85915,89267,2,0,0,317
0,421,264,26182,4,18325,5887,1,4934,7213,2,699,94400,7479,3,157,4329,1780,318,3,35163,12603,82584,0,0,602,26589,23653,24936,52,0,0,18,66,33,0,94438,85988,89108,2,0,0,317
0,432,264,26194,4,18333,5895,1,4934,7213,2,716,94743,7479,3,157,4416,1733,318,3,34995,12387,82523,0,0,602,26581,23688,24951,54,0,0,18,69,33,0,93986,86156,89338,2,0,0,317
0,399,263,26180,9,18330,5899,1,4934,7213,2,708,94095,7479,3,155,4678,1630,318,3,34821,12002,82448,0,0,602,26535,23701,24938,52,0,0,18,58,33,0,94030,85830,88996,2,0,0,317
0,418,264,26183,4,18341,5898,1,4934,7213,2,713,94259,7479,3,157,4369,1740,318,3,34876,12194,82408,0,0,602,26606,23670,24964,50,0,0,18,69,33,0,93952,85962,89128,2,0,0,317
0,428,264,26182,4,18329,5899,1,4934,7213,2,685,94224,7479,3,157,4203,1711,318,3,34942,12383,82406,0,0,602,26549,23708,24933,50,0,0,18,57,33,0,94501,85912,89088,2,0,0,317
0,396,263,26184,4,18326,5897,1,4934,7213,2,704,94376,7479,3,158,4747,1852,317,3,34926,12444,82503,0,0,602,26598,23644,24927,53,0,0,18,69,33,0,93656,85632,88819,2,0,0,317
0,419,265,26197,4,18350,5905,1,4934,7213,2,724,95030,7479,3,157,4149,1631,318,3,34671,12300,82472,0,0,602,26561,23719,24966,51,0,0,18,73,33,0,94221,85822,88998,2,0,0,317
0,396,261,26187,4,18337,5905,1,4934,7213,2,712,93894,7479,3,157,4636,1775,318,3,34606,12096,82480,0,0,602,26397,23840,24897,51,0,0,18,62,33,0,93753,85563,88707,2,0,0,317
0,423,265,26179,4,18330,5898,1,4934,7214,2,698,94385,7479,3,157,4637,1706,318,3,35041,12409,82463,0,0,602,26614,23688,24945,50,0,0,18,76,33,0,94227,86083,89489,2,0,0,317
0,396,264,26191,4,18327,5901,1,4934,7213,2,710,94376,7479,3,157,4138,2173,318,3,34842,12295,82595,0,0,602,26618,23648,24936,51,0,0,18,59,33,0,94475,85856,88984,2,0,0,317
0,421,262,26188,4,18335,5894,1,4934,7213,2,708,93980,7479,3,158,4336,1808,318,3,34665,12064,82432,0,0,602,26540,23732,24943,51,0,0,18,60,33,0,94239,86025,89177,2,0,0,317
0,399,264,26200,4,18351,5901,1,4934,7213,2,709,94040,7479,3,159,4434,1736,318,3,34918,12356,82445,0,0,602,26609,23669,24972,53,0,0,18,70,33,0,93640,86238,89352,2,0,0,317
0,396,261,26232,4,18362,5907,1,4934,7213,2,713,94205,7479,3,158,4282,1723,318,3,34751,12063,82443,0,0,602,26582,23690,24956,54,0,0,18,71,33,0,93986,85397,88540,2,0,0,317
0,400,265,26181,4,18332,5901,1,4934,7213,2,702,94211,7479,3,158,4371,1938,318,3,34882,12104,82397,0,0,602,26622,23678,24967,54,0,0,18,77,33,0,94215,85181,88325,2,0,0,317
0,397,263,26184,4,18334,5910,1,4934,7213,2,727,94364,7479,3,159,4461,1733,318,3,34878,12256,82388,0,0,602,26664,23671,24982,54,0,0,18,61,33,0,94315,85891,89096,2,0,0,316
0,421,265,26166,4,18332,5894,1,4934,7213,2,700,94505,7479,3,158,4199,1804,318,3,34770,12136,82473,0,0,602,26646,23665,24986,52,0,0,18,65,33,0,94030,86178,89327,2,0,0,317
0,428,263,26202,4,18350,5900,1,4934,7213,2,718,94520,7479,3,158,4592,1757,318,3,35105,12517,82468,0,0,602,26596,23655,24923,52,0,0,18,62,33,0,94191,85906,89164,2,0,0,317
0,427,264,26210,4,18347,5897,1,4934,7213,2,712,94494,7479,3,158,4064,1710,318,3,35244,12687,82499,0,0,602,26473,23823,24950,53,0,0,18,65,33,0,94184,85949,89132,2,0,0,317
0,396,263,26166,4,18322,5896,1,4934,7213,2,705,94015,7479,3,159,4235,1731,318,3,34791,12214,82478,0,0,602,26626,23689,24966,51,0,0,18,66,33,0,94268,85688,88887,2,0,0,317
0,400,265,26207,4,18348,5903,1,4934,7213,2,737,94639,7479,3,158,4832,1714,318,3,34598,12069,82417,0,0,602,26622,23682,24953,52,0,0,18,60,33,0,94047,85668,88796,2,0,0,317
0,427,265,26218,4,18371,5911,1,4934,7213,2,701,94481,7479,3,158,4341,1589,318,3,34905,12444,82382,0,0,602,26568,23723,24963,52,0,0,18,69,33,0,94466,86369,89578,2,0,0,317
0,432,264,26181,4,18326,5893,1,4934,7213,2,709,94380,7479,3,158,3953,1953,318,3,34643,12084,82435,0,0,602,26393,23837,24915,56,0,0,18,76,33,0,94312,85893,89051,2,0,0,317
0,423,263,26185,4,18336,5899,1,4934,7213,2,725,94755,7479,3,157,4303,1703,318,3,34987,12266,82428,0,0,602,26627,23740,24957,52,0,0,18,56,33,0,94496,85666,88832,2,0,0,317
0,417,263,26170,4,18330,5899,1,4934,7213,2,684,94059,7479,3,157,4420,1768,318,3,34846,12084,82483,0,0,602,26545,23733,24961,50,0,0,18,61,33,0,94713,85800,89116,2,0,0,317
0,416,263,26192,4,18334,5890,1,4934,7213,2,704,94620,7479,3,158,4593,1668,318,3,35010,12445,82559,0,0,602,26568,23688,24939,51,0,0,18,73,33,0,94298,85588,88753,2,0,0,317
0,426,264,26210,4,18363,5904,1,4934,7213,2,696,94366,7479,3,158,4500,1577,318,4,35159,12497,82442,0,0,602,26601,23702,24950,52,0,0,18,59,33,0,94723,85829,89006,2,0,0,317
0,416,263,26194,4,18351,5901,1,4934,7213,2,724,94491,7479,3,158,4436,1685,318,3,34719,12221,82449,0,0,602,26506,23775,24937,52,0,0,18,69,33,0,94403,85705,88861,2,0,0,317
0,432,263,26201,4,18343,5898,1,4934,7213,2,700,94348,7479,3,157,4564,1719,318,3,34747,12151,82439,0,0,602,26598,23704,24962,51,0,0,18,56,33,0,94269,86138,89346,2,0,0,317
1,339,161,832,1,531,789,1,263,502,1,236,15364,202,3,55,3595,667,318,3,7663,6557,4823,0,0,28,1120,1324,1257,14,0,0,18,22,33,0,15546,7088,10089,2,0,0,317
0,416,262,26210,4,18351,5908,1,4934,7213,2,703,94701,7479,3,157,4552,1831,318,3,34939,12371,82574,0,0,602,26528,23729,24931,53,0,0,18,68,33,0,94226,86347,89474,2,0,0,317
0,421,264,26177,4,18326,5895,1,4934,7213,2,699,94268,7479,3,157,4288,1774,318,3,35078,12596,82431,0,0,602,26624,23666,24953,52,0,0,18,66,33,0,94565,86106,89296,2,0,0,317
0,426,263,26195,4,18334,5888,0,4934,7213,2,700,94276,7479,3,157,4553,1753,318,3,34728,12164,82395,0,0,602,26583,23667,24928,51,0,0,18,65,33,0,94441,85884,89084,2,0,0,368
0,395,263,26174,9,18328,5896,1,4934,7213,2,724,94583,7479,3,156,4394,1849,318,3,34501,11807,82466,0,0,602,26542,23728,24916,52,0,0,18,62,33,0,94172,85409,88754,2,0,0,317
0,401,265,26174,4,18329,5887,1,4934,7213,2,707,94287,7479,3,158,4317,1747,318,3,34400,11783,82449,0,0,602,26604,23665,24931,52,0,0,18,63,33,0,94311,85645,88838,2,0,0,317
0,424,264,26188,4,18332,5892,1,4934,7213,2,692,94388,7479,3,157,4372,1632,318,3,34921,12074,82476,0,0,602,26549,23713,24945,51,0,0,18,69,33,0,94224,86135,89355,2,0,0,317
0,417,264,26180,4,18346,5894,1,4934,7213,2,717,94142,7479,3,157,4498,1745,318,3,34720,12154,82464,0,0,602,26564,23711,24930,54,0,0,18,60,33,0,94434,85895,89075,2,0,0,317
0,421,263,26203,4,18340,5889,1,4934,7213,2,726,94864,7479,3,158,4441,1698,318,3,35155,12510,82579,0,0,602,26614,23666,24939,52,0,0,18,59,33,0,94298,86316,89505,2,0,0,317
0,418,264,26178,4,18327,5906,1,4934,7213,2,719,94572,7479,3,157,4287,1776,318,3,34662,12141,82556,0,0,602,26579,23649,24919,53,0,0,18,60,33,0,94731,85804,89175,2,0,0,317
0,399,261,26181,4,18333,5901,1,4934,7213,2,725,94250,7479,3,157,4434,1685,318,3,34276,11669,82447,0,0,602,26653,23640,24972,50,0,0,18,59,33,0,94022,85883,89029,2,0,0,317
0,415,264,26189,4,18337,5900,1,4934,7213,2,698,94582,7479,3,157,4539,1738,318,3,35038,12464,82406,0,0,602,26544,23715,24949,52,0,0,18,59,33,0,94250,86114,89251,2,0,0,317
0,399,264,26218,4,18356,5904,1,4934,7213,2,716,94165,7479,3,158,4282,1718,318,3,34597,11993,82406,0,0,602,26420,23844,24931,53,0,0,18,53,33,0,93609,85872,89227,2,0,0,317
0,421,265,26184,4,18337,5899,1,4934,7213,2,702,94182,7479,3,157,4309,1756,318,3,34760,12123,82528,0,0,602,26594,23721,24981,53,0,0,18,66,33,0,94663,86078,89428,2,0,0,317
1,430,262,26194,4,18350,5902,1,263,502,1,223,15147,7479,3,157,4110,1854,318,3,7926,6582,4806,0,0,602,26591,23669,24926,51,0,0,18,23,33,0,15707,7597,10485,2,0,0,317
0,395,263,26166,10,18327,5895,1,4934,7213,2,698,93935,7479,3,157,4285,1754,318,3,34749,12246,82589,0,0,602,26413,23833,24927,52,0,0,18,72,33,0,94113,85387,88583,2,0,0,317
1,330,160,828,1,530,783,1,4934,7213,3,727,94703,202,3,53,3691,671,318,3,7829,6658,4810,0,0,28,1088,1335,1266,15,0,0,18,21,33,0,15586,7211,10252,2,0,0,317
0,421,264,26203,4,18344,5907,1,4934,7213,2,716,95003,7479,3,158,4256,1753,318,3,35224,12769,82556,0,0,602,26564,23683,24933,53,0,0,18,66,33,0,94413,86068,89190,2,0,0,317
0,349,264,26206,4,18348,5912,1,4934,7213,2,703,94041,7479,3,157,3959,1976,318,3,34364,11923,82473,0,0,602,26575,23700,24959,52,0,0,18,65,33,0,93610,85644,88800,2,0,0,316
0,420,266,26189,4,18343,5896,1,263,502,0,222,15018,202,3,54,3699,734,317,3,8093,6863,4782,0,0,28,1092,1339,1273,16,0,0,18,21,33,0,15680,85765,88892,2,0,0,317
0,349,262,26206,4,18348,5893,1,4934,7213,2,682,93645,7479,3,157,4288,1668,318,3,34413,11716,82430,0,0,602,26527,23727,24934,53,0,0,18,67,33,0,93494,85469,88694,2,0,0,317
0,430,265,26183,4,18331,5897,1,4934,7213,2,714,94297,7479,3,157,4361,1762,318,3,35089,12445,82445,0,0,602,26624,23644,24943,53,0,0,18,71,33,0,94720,85977,89116,2,0,0,317
0,436,264,26179,4,18327,5896,1,4934,7213,2,708,94372,7479,3,157,4369,1774,318,3,35096,12503,82471,0,0,602,26561,23695,24956,51,0,0,18,56,33,0,94472,85872,89017,2,0,0,317
0,398,262,26194,4,18344,5896,1,4934,7213,2,697,93833,7479,3,157,4492,1714,318,3,34498,11970,82454,0,0,602,26553,23739,24981,52,0,0,18,66,33,0,94189,85874,89083,2,0,0,317
0,419,261,26197,4,18345,5902,1,4934,7213,2,685,94385,7479,3,157,4135,1839,318,3,34939,12357,82365,0,0,602,26649,23591,24909,52,0,0,18,75,33,0,94609,86188,89348,2,0,0,317
0,414,264,26199,4,18343,5904,1,4934,7213,2,704,94361,7479,3,158,4358,1728,318,3,34834,12361,82510,0,0,602,26672,23638,24966,52,0,0,18,66,33,0,94452,86093,89210,2,0,0,317
0,419,263,26172,4,18334,5898,1,4934,7213,2,693,93944,7479,3,158,4151,1725,318,3,35066,12266,82501,0,0,602,26540,23723,24940,55,0,0,18,66,33,0,94272,85972,89320,2,0,0,317
0,417,263,26177,4,18330,5893,1,4934,7213,2,709,94285,7479,3,157,4364,1721,318,3,35118,12690,82577,0,0,602,26568,23701,24966,55,0,0,18,61,33,0,94630,86045,89219,2,0,0,317
0,400,264,26197,4,18339,5891,1,4934,7213,3,692,94007,7479,3,159,4099,1750,318,3,34684,12161,82489,0,0,602,26569,23724,24937,50,0,0,18,64,33,0,94081,86091,89402,2,0,0,317
0,414,264,26192,4,18354,5903,1,4934,7213,2,708,94216,7479,3,158,4093,2101,318,3,35089,12384,82497,0,0,602,26568,23728,24971,51,0,0,18,68,33,0,94548,85958,89097,2,0,0,317
0,424,264,26178,4,18339,5898,1,4934,7213,2,696,93997,7479,3,157,4226,1874,318,3,35332,12956,82621,0,0,602,26440,23842,24951,52,0,0,18,57,33,0,94263,85631,88824,2,0,0,317
0,415,264,26181,4,18340,5903,1,4934,7213,2,713,94554,7479,3,157,4593,1721,318,3,34476,11902,82386,0,0,602,26522,23754,24950,52,0,0,18,68,33,0,94134,85875,89186,2,0,0,317
0,423,263,26180,4,18329,5904,1,4934,7213,2,712,93968,7479,3,158,4029,1656,317,3,35078,12489,82488,0,0,602,26579,23684,24938,50,0,0,18,69,33,0,94156,86124,89285,2,0,0,317
0,397,263,26191,4,18346,5904,1,4934,7213,2,719,94009,7479,3,160,4308,1782,318,3,34437,11845,82444,0,0,602,26626,23668,24954,51,0,0,18,57,33,0,94125,85688,88864,2,0,0,317
1,342,288,40982,4,28651,8729,1,7628,10955,2,797,136051,11491,3,181,4300,1931,318,3,48945,12780,122945,0,0,872,39482,34546,38407,56,0,0,18,78,33,0,135261,127378,130686,2,0,0,317
0,423,265,26193,4,18344,5895,1,4934,7213,2,705,94350,7479,3,157,4653,1728,318,3,34730,12125,82435,0,0,602,26611,23626,24914,53,0,0,18,62,33,0,94144,86116,89277,2,0,0,316
0,425,262,26185,4,18328,5898,1,4934,7213,2,702,94460,7479,3,157,4381,1718,318,3,34783,12191,82418,0,0,602,26667,23659,24983,52,0,0,18,48,33,0,94132,86397,89541,2,0,0,317
0,422,263,26173,4,18323,5897,1,4934,7213,2,709,94659,7479,3,157,4215,1930,318,3,34760,12528,82527,0,0,602,26637,23664,24979,53,0,0,18,74,33,0,94810,86071,89232,2,0,0,317
0,425,263,26192,4,18340,5893,1,4934,7213,2,695,94226,7479,3,157,4311,1678,369,3,34529,12285,82532,0,0,602,26533,23742,24951,51,0,0,18,74,33,0,94557,86049,89184,2,0,0,317
0,431,264,26206,4,18346,5900,1,4934,7213,2,724,94403,7479,3,157,4282,1736,318,3,34837,12280,82504,0,0,602,26627,23654,24952,51,0,0,18,71,33,0,94706,85675,88773,2,0,0,317
0,421,262,26199,4,18331,5894,1,4934,7213,2,711,94618,7479,3,158,4462,1679,318,3,35285,12433,82503,0,0,602,26631,23704,24955,53,0,0,18,67,33,0,94324,86175,89527,2,0,0,317
0,430,263,26208,4,18351,5901,1,4934,7213,2,702,94295,7479,3,157,4028,1743,317,3,35186,12691,82624,0,0,602,26606,23650,24913,51,0,0,18,72,33,0,94476,86446,89613,2,0,0,317
0,421,263,26161,4,18323,5900,1,4934,7213,2,718,94379,7479,3,158,4549,1799,318,3,35126,12499,82370,0,0,602,26504,23740,24930,52,0,0,18,72,33,0,94602,85710,88836,2,0,0,317
0,420,263,26189,4,18335,5896,1,4934,7213,2,709,94558,7479,3,158,4408,1737,318,3,34739,12300,82502,0,0,602,26488,23754,24939,53,0,0,18,53,33,0,94060,86428,89616,2,0,0,317
1,329,159,836,1,538,789,1,263,502,1,221,15296,202,3,54,3620,585,318,3,7680,6483,4824,0,0,28,1085,1347,1271,14,0,0,18,23,33,0,15450,7358,10407,2,0,0,316
0,348,263,26195,4,18329,5896,1,4934,7213,2,691,93680,7479,3,157,4295,1693,318,3,33990,11618,82378,0,0,602,26623,23640,24925,51,0,0,18,70,33,0,93626,85435,88633,2,0,0,317
0,417,264,26201,4,18341,5892,1,4934,7213,2,703,94025,7479,3,158,4486,1698,318,4,34620,12139,82473,0,0,602,26545,23710,24930,51,0,0,18,67,33,0,94202,85675,88830,2,0,0,317
0,424,262,26179,4,18340,5900,1,4934,7213,2,692,94181,7479,3,158,4370,1743,318,3,35072,12538,82517,0,0,602,26599,23684,24950,53,0,0,18,75,33,0,94769,85712,89110,2,0,0,317
0,417,262,26177,4,18335,5903,1,4934,7213,2,715,94569,7479,3,158,4376,1750,318,4,34931,12477,82442,0,0,602,26647,23642,24943,53,0,0,18,65,33,0,94719,85740,88886,2,0,0,317
0,419,264,26191,4,18338,5900,1,4934,7213,2,720,94386,7479,3,157,4429,1729,318,3,34975,12368,82512,0,0,602,26599,23708,24979,51,0,0,18,75,33,0,94348,85947,89132,2,0,0,317
0,425,264,26188,4,18346,5903,1,4934,7213,2,716,94847,7479,3,157,4423,1653,317,3,35275,12626,82468,0,0,602,26390,23898,24946,55,0,0,19,66,35,0,94034,85856,89021,2,0,0,317
0,428,263,26169,4,18321,5896,1,4934,7213,2,701,94471,7479,3,158,4511,1745,318,3,34901,12365,82473,0,0,602,26574,23696,24943,51,0,0,18,61,33,0,95029,86414,89769,2,0,0,317
0,397,262,26171,4,18325,5899,1,4934,7213,2,719,94594,7479,3,159,4162,1920,318,3,34807,12258,82483,0,0,602,26652,23631,24937,53,0,0,18,67,33,0,94237,85930,89100,2,0,0,317
0,396,264,26180,9,18331,5890,1,4934,7213,2,722,94556,7479,3,157,4237,1806,318,3,34671,12150,82535,0,0,602,26589,23696,24960,51,0,0,18,67,33,0,93890,85908,89016,2,0,0,317
0,414,263,26168,4,18329,5893,1,4934,7214,2,699,94020,7479,3,158,4382,1678,318,3,34742,12139,82435,0,0,602,26609,23647,24937,51,0,0,18,63,33,0,94040,86205,89317,2,0,0,316
0,422,262,26185,4,18327,5901,1,4934,7213,2,694,94325,7479,3,157,4232,1743,318,3,35093,12225,82467,0,0,602,26631,23633,24925,50,0,0,18,67,33,0,94880,86063,89246,2,0,0,317
0,425,263,26169,4,18329,5903,1,4934,7213,2,708,94159,7479,3,157,4165,1881,318,3,34771,12169,82493,0,0,602,26542,23749,24984,52,0,0,18,63,33,0,94438,86158,89506,2,0,0,317
0,396,263,26186,9,18331,5890,1,4934,7213,2,709,94195,7479,3,157,4235,1772,318,3,34621,12134,82461,0,0,602,26649,23637,24930,53,0,0,18,65,33,0,94128,85525,88737,2,0,0,317
0,396,264,26179,4,18334,5895,1,4934,7213,2,715,94364,7479,3,160,4643,1961,317,3,34582,12037,82472,0,0,602,26435,23796,24922,50,0,0,18,69,33,0,94107,85536,88738,2,0,0,317
0,432,264,26183,4,18338,5897,1,4934,7213,2,709,94575,7479,3,157,4279,1699,318,3,34963,12446,82511,0,0,602,26628,23631,24948,52,0,0,18,57,33,0,94416,86209,89382,2,0,0,317
0,396,262,26211,4,18345,5908,1,4934,7213,2,699,94150,7479,3,158,4196,1714,318,3,34839,12189,82407,0,0,602,26567,23678,24916,52,0,0,18,54,33,0,94186,85718,88905,2,0,0,317
0,424,264,26191,4,18341,5896,1,4934,7213,2,703,94583,7479,3,157,4258,1746,318,3,34927,12504,82436,0,0,602,26559,23682,24912,50,0,0,18,63,33,0,94434,86376,89557,2,0,0,317
0,431,262,26166,4,18335,5893,1,4934,7213,2,718,94885,7479,3,157,4179,1895,318,3,34883,12210,82456,0,0,602,26502,23744,24943,53,0,0,18,67,33,0,94187,85577,88793,2,0,0,317
0,427,262,26185,4,18334,5897,1,4934,7213,2,711,94765,7479,3,157,4582,1685,318,3,34738,11910,82485,0,0,602,26562,23708,24972,51,0,0,18,69,33,0,94254,86094,89228,2,0,0,317
0,423,263,26186,4,18337,5900,1,4934,7213,2,698,94508,7479,3,158,4129,1707,318,3,35060,12451,82460,0,0,602,26486,23779,24956,54,0,0,18,59,33,0,94467,85948,89049,2,0,0,317
0,433,264,26182,4,18337,5906,1,4934,7213,2,707,94213,7479,3,157,4460,1758,318,4,34719,12142,82361,0,0,602,26590,23640,24887,52,0,0,18,64,33,0,93764,85521,88689,2,0,0,317
0,415,262,26188,4,18327,5896,1,4934,7213,2,700,94149,7479,3,157,4264,1765,318,3,34949,12408,82535,0,0,602,26569,23686,24935,51,0,0,18,63,33,0,94711,86209,89398,2,0,0,317
0,420,264,26177,4,18325,5898,1,4934,7213,2,702,94086,7479,3,157,4327,1756,318,3,35135,12542,82414,0,0,602,26566,23710,24937,53,0,0,18,69,33,0,94166,86174,89317,2,0,0,317
0,397,262,26176,4,18336,5900,1,4934,7213,2,702,94641,7479,3,158,4309,1790,318,3,34686,12282,82531,0,0,602,26568,23750,24967,53,0,0,18,72,33,0,93998,85943,89137,2,0,0,317
0,402,264,26193,4,18344,5902,1,4934,7213,2,715,94455,7479,3,158,4354,1734,317,3,34308,11736,82453,0,0,602,26512,23722,24905,52,0,0,18,85,33,0,93753,85922,89248,2,0,0,317
0,400,265,26181,4,18330,5896,1,4934,7213,2,717,94257,7479,3,158,4304,1675,318,3,34498,11858,82318,0,0,602,26551,23729,24959,51,0,0,18,60,33,0,94205,85741,88914,2,0,0,317
0,426,264,26183,4,18342,5896,1,4934,7213,2,722,94492,7479,3,159,4285,1720,318,3,35244,12736,82547,0,0,602,26567,23809,24946,53,0,0,18,65,33,0,94417,85867,89067,2,0,0,317
0,428,264,26211,4,18348,5903,1,4934,7213,2,717,94615,7479,3,158,4286,1739,318,3,34698,12271,82480,0,0,602,26526,23761,24943,53,0,0,18,52,33,0,94474,86490,89789,2,0,0,317
0,422,265,26166,4,18331,5894,1,4934,7213,2,704,94386,7479,3,158,4360,1693,318,3,34999,12391,82390,0,0,602,26564,23687,24923,53,0,0,18,61,33,0,94084,86147,89336,2,0,0,317
0,428,263,26182,4,18335,5899,1,4934,7213,2,700,94269,7479,3,158,4399,1777,318,3,34720,12168,82441,0,0,602,26650,23637,24955,50,0,0,18,64,34,0,94466,85952,89086,2,0,0,317
0,431,264,26172,4,18326,5893,1,4934,7213,2,703,94360,7479,3,158,4098,1649,318,3,34914,12456,82430,0,0,602,26638,23611,24936,53,0,0,18,69,33,0,94091,85641,88794,2,0,0,317
0,399,263,26174,4,18336,5898,1,4934,7213,2,713,94317,7479,3,158,4349,1711,318,3,34732,12161,82442,0,0,602,26570,23668,24914,51,0,0,18,67,33,0,94371,85989,89126,2,0,0,316
0,421,262,26188,4,18339,5905,1,4934,7213,2,695,94305,7479,3,158,4408,1683,317,3,34854,12295,82568,0,0,602,26459,23800,24940,51,0,0,18,64,33,0,93897,85282,88397,2,0,0,317
0,398,264,26212,9,18345,5899,1,4934,7213,2,716,94129,7479,3,157,4580,1701,318,3,34775,12125,82404,0,0,602,26665,23638,24974,50,0,0,18,58,33,0,94169,85595,88797,2,0,0,317
0,419,264,26186,4,18345,5898,1,263,502,1,220,15412,202,3,56,3428,671,318,3,34993,12142,82523,0,0,28,1078,1344,1268,14,0,0,18,23,33,0,15598,7371,10298,2,0,0,317
1,420,264,26200,4,18346,5901,1,4934,7213,2,700,94475,7479,3,158,4462,1786,318,3,34946,12435,82606,0,0,602,26624,23673,24977,51,0,0,18,57,33,0,94248,86015,89142,2,0,0,317
0,414,264,26181,4,18344,5897,1,4934,7213,2,699,94367,7479,3,158,4377,1741,318,3,35114,12475,82541,0,0,602,26465,23776,24928,54,0,0,18,58,33,0,94587,86029,89204,2,0,0,317
0,417,264,26176,4,18337,5893,1,4934,7213,2,706,94329,7479,3,158,4687,1737,318,3,35065,12431,82544,0,0,602,26602,23653,24935,52,0,0,18,59,33,0,94246,86035,89197,2,0,0,317
0,420,264,26180,4,18336,5890,1,4934,7213,2,695,94153,7479,3,157,4415,1635,318,3,34778,12014,82463,0,0,602,26563,23708,24952,52,0,0,19,70,35,0,94299,86353,89511,2,0,0,316
0,398,264,26170,4,18328,5893,1,4934,7213,2,711,94233,7479,3,158,4282,1744,318,3,34779,12145,82573,0,0,602,26623,23654,24935,52,0,0,18,59,33,0,93624,85991,89206,2,0,0,317
0,400,264,26185,4,18338,5897,1,4934,7213,3,722,94332,7479,3,157,4388,1937,318,3,34506,11884,82465,0,0,602,26569,23660,24925,51,0,0,18,64,33,0,94258,85768,89206,2,0,0,317
0,428,265,26183,4,18337,5903,1,4934,7213,2,722,94143,7479,3,157,4622,1922,318,3,34760,12042,82451,0,0,602,26606,23718,24961,52,0,0,18,66,33,0,94362,85878,89055,2,0,0,317
0,416,264,26183,4,18343,5895,1,4934,7213,2,705,94133,7479,3,158,4300,1737,318,3,34914,12292,82433,0,0,602,26563,23725,24963,52,0,0,18,58,33,0,94395,86316,89504,2,0,0,317
0,424,263,26178,4,18340,5889,1,4934,7213,2,705,94850,7479,3,159,4564,2030,318,3,35197,12724,82559,0,0,602,26525,23727,24942,53,0,0,18,62,33,0,93854,86104,89327,2,0,0,317
0,414,264,26193,4,18332,5893,1,4934,7213,2,711,94497,7479,3,157,4426,1764,319,3,34985,12602,82534,0,0,602,26553,23699,24917,51,0,0,18,68,33,0,94505,85798,88979,2,0,0,317
0,399,265,26201,4,18344,5904,1,4934,7213,2,703,93894,7479,3,158,4153,1693,376,3,34526,11985,82507,0,0,602,26539,23734,24964,54,0,0,18,65,33,0,94264,85881,89045,2,0,0,317
0,422,264,26176,4,18324,5895,1,4934,7213,2,713,94220,7479,3,158,4335,1745,318,3,34765,12205,82550,0,0,602,26553,23709,24925,53,0,0,18,70,33,0,94224,86126,89280,2,0,0,317
0,420,264,26188,4,18349,5905,1,4934,7213,2,701,94025,7479,3,157,4459,1706,318,3,34997,12337,82494,0,0,602,26547,23701,24917,52,0,0,18,61,33,0,94204,86040,89190,2,0,0,317
0,413,265,26193,4,18362,5911,1,4934,7213,2,704,94103,7479,3,158,4172,1768,318,3,34784,12214,82424,0,0,602,26574,23706,24964,55,0,0,18,53,33,0,94029,86002,89184,2,0,0,317
0,425,265,26167,4,18332,5890,1,4934,7213,2,707,94686,7479,3,158,4397,1834,318,3,34858,12389,82491,0,0,602,26611,23686,24978,52,0,0,18,68,33,0,94094,86066,89281,2,0,0,317
0,422,264,26168,4,18325,5888,1,4934,7213,2,712,94273,7479,3,158,4497,1815,318,3,34824,12360,82491,0,0,602,26537,23749,24952,55,0,0,18,59,33,0,94154,85898,89085,2,0,0,317
0,419,265,26180,4,18334,5903,1,4934,7213,2,694,94597,7479,3,157,4578,1792,319,3,34848,12487,82521,0,0,602,26533,23736,24946,53,0,0,18,70,33,0,93890,86091,89277,2,0,0,317
0,420,264,26176,4,18331,5891,1,4934,7213,2,707,94250,7479,3,157,4529,1728,318,3,34705,12024,82426,0,0,602,26575,23736,24958,54,0,0,18,66,33,0,94415,86376,89555,2,0,0,317
0,429,265,26188,4,18340,5912,1,4934,7213,2,727,94549,7479,3,158,4447,1659,318,3,35305,12816,82401,0,0,602,26591,23725,24966,52,0,0,18,58,33,0,94541,86072,89205,2,0,0,317
0,346,262,26190,4,18336,5895,1,4934,7214,2,701,93885,7479,3,157,4113,1705,318,3,34244,11721,82331,0,0,602,26610,23635,24927,50,0,0,18,49,33,0,93463,85409,88814,2,0,0,317
0,397,264,26172,4,18323,5895,1,4934,7213,2,705,94570,7479,3,159,4464,1713,318,3,34669,12220,82427,0,0,602,26572,23715,24957,50,0,0,18,69,33,0,94425,85654,88756,2,0,0,317
0,400,264,26174,4,18320,5891,1,4934,7213,2,712,94242,7479,3,157,4581,1915,318,3,34516,11906,82489,0,0,602,26561,23691,24937,50,0,0,18,66,33,0,93951,86014,89227,2,0,0,317
0,426,265,26186,4,18333,5902,1,4934,7213,2,704,94393,7479,3,159,4426,1702,318,3,34948,12416,82528,0,0,602,26583,23678,24946,53,0,0,18,68,33,0,94706,85986,89106,2,0,0,317
0,400,264,26198,4,18350,5895,1,4934,7213,2,701,94427,7479,3,157,4040,2056,318,3,34575,12064,82356,0,0,602,26473,23767,24926,51,0,0,18,63,33,0,94241,86044,89250,2,0,0,317
0,430,265,26184,4,18336,5900,1,4934,7213,2,713,94533,7479,3,159,4467,1791,318,3,34709,12282,82434,0,0,602,26598,23681,24970,53,0,0,18,56,33,0,94204,86022,89168,2,0,0,316
0,433,264,26172,4,18337,5909,1,4934,7213,2,711,94525,7479,3,158,4601,1697,318,3,35030,12309,82496,0,0,602,26570,23692,24926,53,0,0,18,66,33,0,94081,86026,89210,2,0,0,317
0,416,264,26186,4,18337,5900,1,4934,7213,2,714,94157,7479,3,158,4600,1673,318,3,34989,12477,82495,0,0,602,26472,23823,24956,51,0,0,18,59,33,0,94456,86424,89549,2,0,0,317
0,427,263,26168,4,18330,5893,1,4934,7213,2,725,94661,7479,3,158,4138,1736,318,3,34977,12510,82432,0,0,602,26534,23758,24967,55,0,0,18,61,33,0,94117,85965,89152,2,0,0,317
0,314,161,828,1,530,789,1,263,502,1,219,15124,202,3,56,3596,668,318,3,7591,6373,4782,0,0,28,1136,1298,1265,15,0,0,18,21,33,0,15513,6927,9979,2,0,0,317
1,427,263,26181,4,18333,5892,1,4934,7213,2,694,94191,7479,3,158,4604,1706,318,3,35048,12559,82449,0,0,602,26584,23673,24953,52,0,0,18,68,33,0,94888,86012,89316,2,0,0,317
0,430,265,26164,4,18318,5897,1,4934,7213,2,722,94479,7479,3,159,4661,1632,318,3,34955,12530,82452,0,0,602,26609,23686,24946,50,0,0,18,74,33,0,94528,86193,89426,2,0,0,317
0,425,264,26182,4,18339,5896,1,4934,7213,2,691,94915,7479,3,158,4417,1769,318,4,34987,12370,82405,0,0,602,26601,23683,24950,53,0,0,18,71,33,0,94342,86302,89441,2,0,0,317
0,399,264,26196,4,18344,5903,1,4934,7213,2,713,94034,7479,3,158,4194,1820,318,4,34964,12490,82519,0,0,602,26627,23629,24939,52,0,0,18,71,33,0,94070,85489,88643,2,0,0,317
0,424,263,26189,4,18333,5902,1,4934,7213,2,718,94400,7479,3,158,4438,1772,318,3,35415,12358,82512,0,0,602,26496,23730,24918,54,0,0,18,85,33,0,94976,85824,88983,2,0,0,317
0,396,265,26179,4,18331,5890,1,4934,7213,3,708,93845,7479,3,159,4357,1821,318,3,34825,12085,82410,0,0,602,26605,23671,24922,50,0,0,18,65,33,0,94272,85924,89023,2,0,0,317
0,418,265,26185,4,18336,5905,1,4934,7213,2,713,94438,7479,3,158,4322,1774,318,3,34683,11980,82469,0,0,602,26553,23692,24933,55,0,0,18,66,33,0,94315,86041,89162,2,0,0,317
0,399,262,26173,4,18336,5892,1,4934,7213,2,709,94245,7479,3,158,4626,1550,318,3,34755,12444,82427,0,0,602,26498,23761,24938,53,0,0,18,64,33,0,94192,85723,88857,2,0,0,317
0,418,265,26176,4,18334,5896,1,4934,7213,2,710,94731,7479,3,157,4422,1845,318,3,34739,12232,82430,0,0,602,26490,23744,24915,51,0,0,18,66,33,0,94632,86193,89376,2,0,0,317
0,426,264,26172,4,18333,5893,1,4934,7213,2,705,94329,7479,3,159,4077,1731,318,3,34911,12315,82505,0,0,602,26615,23710,24979,51,0,0,18,70,33,0,94378,85911,89234,2,0,0,375
0,399,263,26178,4,18327,5893,1,4934,7213,2,712,94460,7479,3,157,4633,1715,318,3,34576,12081,82479,0,0,602,26523,23761,24966,50,0,0,18,66,33,0,93923,85730,88855,2,0,0,317
0,417,264,26191,4,18343,5895,1,4934,7214,2,705,94101,7479,3,158,4486,1793,318,3,34885,12418,82523,0,0,602,26497,23756,24920,51,0,0,18,66,33,0,94262,85789,88973,2,0,0,317
0,350,259,20074,3,14085,4677,1,3831,5608,2,590,75929,5754,3,151,3943,1585,318,3,27994,10703,64811,0,0,482,20917,18768,19336,52,0,0,18,51,33,0,75884,67720,70880,2,0,0,316
1,396,264,26186,4,18337,5899,1,4934,7213,2,704,93758,7479,3,157,4628,1811,318,3,34369,11919,82379,0,0,602,26509,23745,24917,51,0,0,18,65,33,0,94117,85751,88907,2,0,0,317
0,423,264,26179,4,18335,5888,1,4934,7213,3,709,94551,7479,3,159,4625,1850,318,3,34928,12432,82487,0,0,602,26589,23725,24955,49,0,0,18,68,33,0,94197,86109,89270,2,0,0,317
0,398,264,26163,4,18326,5898,1,4934,7213,2,704,94393,7479,3,158,4237,1836,318,3,34558,12001,82442,0,0,602,26507,23777,24955,51,0,0,18,69,33,0,93758,86028,89234,2,0,0,317
0,399,262,26183,4,18337,5886,1,4934,7213,2,702,94180,7479,3,159,4194,1707,318,3,34960,12270,82495,0,0,602,26613,23720,24994,53,0,0,18,66,33,0,94229,85736,88923,2,0,0,317
0,396,264,26179,9,18336,5893,1,4934,7213,2,708,94380,7479,3,157,4610,1780,318,3,34684,12246,82444,0,0,602,26559,23700,24938,51,0,0,18,72,33,0,93978,85798,88928,2,0,0,317
0,430,265,26180,4,18340,5891,0,4934,7213,2,707,94028,7479,3,157,4357,1977,318,3,34814,12194,82494,0,0,602,26581,23724,24956,51,0,0,18,62,33,0,94483,85982,89169,2,0,0,316
0,312,162,827,1,536,787,1,4934,7213,3,713,94228,7479,3,159,4289,2092,319,3,34460,11577,82315,0,0,602,26641,23671,24968,53,0,0,18,70,33,0,94107,85440,88593,2,0,0,316
0,421,264,26178,4,18329,5895,1,4934,7213,2,703,94385,7479,3,157,4371,1646,318,3,35034,12505,82564,0,0,602,26571,23717,24963,53,0,0,19,63,35,0,94305,85954,89117,2,0,0,317
0,420,265,26176,4,18329,5900,1,4934,7213,2,703,94541,7479,3,158,4491,1693,318,3,34870,12334,82532,0,0,602,26531,23745,24957,52,0,0,18,62,33,0,94448,86020,89149,2,0,0,317
0,425,264,26194,4,18330,5897,1,4934,7213,2,710,94562,7479,3,157,4543,1741,318,3,35001,12502,82466,0,0,602,26549,23730,24947,52,0,0,18,58,33,0,94528,85658,88845,2,0,0,317
0,421,263,26196,4,18357,5908,1,4934,7213,2,710,94695,7479,3,158,4830,1776,318,3,34745,12098,82503,0,0,602,26574,23705,24945,51,0,0,18,66,33,0,94324,85923,89084,2,0,0,317
0,431,264,26179,4,18334,5892,1,4934,7213,2,699,94151,7479,3,158,4502,1744,318,3,35001,12387,82454,0,0,602,26551,23727,24932,52,0,0,18,72,33,0,94251,86022,89149,2,0,0,317
0,425,263,26194,4,18346,5899,1,4934,7213,2,698,94548,7479,3,157,4462,1761,318,3,35042,12572,82436,0,0,602,26556,23689,24903,50,0,0,18,68,33,0,93681,86285,89434,2,0,0,317
0,435,264,26177,4,18328,5895,1,4934,7213,2,704,94345,7479,3,158,4277,1741,317,3,34938,12502,82551,0,0,602,26642,23661,24950,50,0,0,18,68,33,0,94497,86010,89176,2,0,0,317
0,410,265,26193,4,18351,5900,1,4934,7213,2,717,94334,7479,3,158,3988,1788,318,3,34908,12419,82533,0,0,602,26552,23725,24936,53,0,0,18,72,32,0,94019,86040,89216,2,0,0,317
0,397,264,26190,4,18350,5903,1,4934,7213,2,711,94170,7479,3,158,4499,1798,318,3,34635,12152,82354,0,0,602,26572,23730,24967,54,0,0,18,81,33,0,93715,85846,89164,2,0,0,317
0,416,263,26166,4,18338,5898,1,4934,7213,2,710,94449,7479,3,157,4612,1856,318,3,35136,12702,82385,0,0,602,26474,23778,24956,50,0,0,18,84,33,0,94310,85935,89113,2,0,0,317
0,428,261,26165,4,18325,5896,1,4934,7213,2,727,94368,7479,3,158,4230,1834,318,3,34623,12042,82384,0,0,602,26644,23659,24955,51,0,0,18,59,33,0,94510,85671,88843,2,0,0,317
0,421,264,26177,4,18333,5893,1,4934,7213,2,702,94920,7479,3,158,4171,2081,317,3,34835,12276,82564,0,0,602,26605,23684,24958,55,0,0,18,60,33,0,94255,86035,89388,2,0,0,317
0,396,265,26192,4,18338,5901,1,4934,7213,2,718,94391,7479,3,159,4444,1678,318,3,34649,11932,82568,0,0,602,26519,23742,24931,54,0,0,18,67,33,0,93956,85544,88818,2,0,0,317
0,424,264,26196,4,18345,5901,1,4934,7213,2,697,94152,7479,3,158,4168,1713,318,3,34657,12181,82372,0,0,602,26499,23742,24931,51,0,0,18,63,33,0,94007,86065,89468,2,0,0,317
0,429,264,26171,4,18340,5890,1,4934,7213,2,718,94228,7479,3,159,4422,1778,317,3,35240,12343,82516,0,0,602,26590,23697,24983,52,0,0,18,60,33,0,94485,85432,88590,2,0,0,317
0,395,264,26205,9,18364,5913,1,4934,7214,2,708,94080,7479,3,157,4293,1749,318,3,34688,12141,82439,0,0,602,26660,23653,24978,53,0,0,18,66,33,0,93751,86179,89339,2,0,0,317
0,433,263,26182,4,18351,5903,1,4934,7213,2,711,94581,7479,3,158,4472,1773,318,3,34686,12157,82451,0,0,602,26545,23708,24938,52,0,0,18,52,33,0,94159,85947,89269,2,0,0,317
0,312,162,829,1,531,790,1,4934,7213,3,695,93878,7479,3,159,4135,1761,318,4,34920,12375,82545,0,0,602,26583,23716,24966,53,0,0,18,58,33,0,94018,85572,88740,2,0,0,317
0,413,261,26178,4,18328,5895,1,4934,7213,2,699,94311,7479,3,157,4511,1776,318,3,35445,12883,82537,0,0,602,26629,23684,24985,54,0,0,18,52,33,0,94308,86341,89502,2,0,0,317
0,399,264,26195,4,18350,5910,1,4934,7213,2,720,93873,7479,3,158,4428,1781,318,3,34593,12029,82416,0,0,602,26651,23663,24956,53,0,0,19,73,35,0,94065,85486,88610,2,0,0,317
0,399,265,26190,4,18344,5896,1,4934,7213,2,700,94445,7479,3,158,4162,1680,318,3,34853,12224,82424,0,0,602,26579,23692,24949,54,0,0,18,66,33,0,93726,86192,89384,2,0,0,317
0,415,264,26204,4,18350,5902,1,4934,7213,2,705,94278,7479,3,159,4308,1666,318,3,35124,12459,82509,0,0,602,26456,23846,24966,52,0,0,18,64,33,0,94121,85791,89001,2,0,0,317
0,399,265,26173,9,18332,5896,1,4934,7213,2,706,94087,7479,3,157,4618,1892,318,3,34259,11708,82390,0,0,602,26544,23757,24956,52,0,0,18,63,33,0,93671,85701,89054,2,0,0,317
0,425,265,26164,4,18331,5894,1,4934,7213,2,693,94327,7479,3,158,4441,1820,318,3,34969,12374,82404,0,0,602,26452,23828,24950,50,0,0,18,64,33,0,94349,86232,89532,2,0,0,317
0,427,264,26199,4,18359,5896,1,4934,7213,2,722,94346,7479,3,158,4126,1710,318,3,34975,12457,82464,0,0,602,26503,23763,24930,52,0,0,18,67,33,0,94104,86145,89247,2,0,0,317
0,426,265,26179,4,18323,5900,1,4934,7214,2,709,94371,7479,3,158,4383,1733,318,3,34734,12234,82477,0,0,602,26560,23724,24955,53,0,0,18,65,33,0,94451,85906,89196,2,0,0,317
0,349,138,26191,4,18334,5895,1,4934,7213,2,706,94386,7479,3,157,4268,1730,318,3,34530,11899,82476,0,0,602,26452,23830,24956,53,0,0,18,68,33,0,94044,86003,89217,2,0,0,317
0,423,261,26188,4,18337,5897,1,4934,7213,2,705,94221,7479,3,157,4450,1741,318,3,34749,11895,82428,0,0,602,26541,23712,24924,51,0,0,18,68,33,0,94511,86009,89167,2,0,0,317
0,428,262,26170,4,18329,5896,1,4934,7213,2,719,94423,7479,3,157,4404,1757,318,3,34725,12482,82439,0,0,602,26548,23742,24949,51,0,0,18,71,33,0,94650,86200,89489,2,0,0,317
0,396,264,26184,4,18339,5899,1,4934,7213,2,701,94123,7479,3,158,4234,1775,318,3,34200,11573,82319,0,0,602,26516,23767,24949,53,0,0,18,59,33,0,93788,86152,89344,2,0,0,317
0,419,265,26174,4,18324,5898,1,4934,7213,2,710,93970,7479,3,158,4327,1719,318,3,34904,12349,82445,0,0,602,26554,23732,24942,52,0,0,18,50,33,0,94150,85868,89009,2,0,0,317
0,424,264,26193,4,18339,5905,1,4934,7213,2,711,94006,7479,3,158,4278,1708,318,3,35229,12469,82496,0,0,602,26588,23697,24966,52,0,0,18,69,33,0,93976,86419,89531,2,0,0,317
0,399,263,26159,4,18329,5894,1,4934,7213,2,708,94494,7479,3,158,4399,1731,318,3,34744,12140,82436,0,0,602,26568,23743,24986,54,0,0,18,64,33,0,93841,85777,88931,2,0,0,317
0,398,264,26175,4,18328,5892,1,4934,7214,2,714,94059,7479,3,157,4447,1754,318,3,34483,12059,82445,0,0,602,26656,23643,24969,54,0,0,18,65,33,0,94177,85743,88896,2,0,0,317
0,419,264,26195,4,18345,5897,1,4934,7213,2,703,94288,7479,3,157,4805,2119,318,3,34878,12377,82457,0,0,602,26607,23679,24973,52,0,0,18,75,33,0,94233,86121,89330,2,0,0,317
0,419,263,26167,4,18345,5894,1,4934,7213,2,685,94163,7479,3,157,4202,1767,318,3,34691,12217,82497,0,0,602,26583,23650,24910,51,0,0,18,79,33,0,94449,86106,89235,2,0,0,317
0,430,264,26153,4,18322,5892,1,4934,7213,2,718,94353,7479,3,157,4272,1657,317,3,34926,12383,82571,0,0,602,26302,23992,24982,55,0,0,18,67,33,0,94445,85670,88850,2,0,0,316
0,424,263,26201,4,18337,5901,1,4934,7213,2,708,94325,7479,3,158,4371,1741,318,3,34672,12372,82481,0,0,602,26253,23993,24924,51,0,0,18,70,33,0,94543,86015,89182,2,0,0,317
0,424,263,26191,4,18335,5896,1,4934,7213,2,718,94289,7479,3,157,4111,1747,318,3,34529,12043,82395,0,0,602,26525,23760,24959,52,0,0,19,63,35,0,94075,86010,89178,2,0,0,317
0,425,264,26186,4,18346,5901,1,4934,7213,2,703,94483,7479,3,157,4255,1764,318,3,34915,12408,82524,0,0,602,26562,23725,24969,51,0,0,18,84,33,0,94090,86004,89151,2,0,0,317
0,432,264,26170,4,18318,5892,1,4934,7213,2,698,94518,7479,3,157,4347,1749,318,3,34762,12161,82425,0,0,602,26571,23723,24948,53,0,0,18,65,33,0,94113,85783,89051,2,0,0,317
0,428,263,26172,4,18326,5890,1,4934,7213,2,715,94526,7479,3,158,4583,1721,318,3,35173,12723,82539,0,0,602,26227,24040,24932,53,0,0,18,75,33,0,94100,86340,89510,2,0,0,317
0,420,262,26184,4,18330,5907,1,4934,7213,2,711,94143,7479,3,158,4622,1756,318,3,35057,12692,82538,0,0,602,26579,23677,24928,54,0,0,18,61,33,0,93947,86021,89194,2,0,0,317
0,419,261,26186,4,18332,5896,1,4934,7213,2,697,94659,7479,3,157,4291,1651,318,3,34706,12289,82532,0,0,602,26639,23630,24927,51,0,0,18,59,33,0,94489,85835,88978,2,0,0,317
0,417,263,26216,4,18356,5899,1,4934,7213,2,696,94527,7479,3,157,4342,1906,318,3,34637,12069,82514,0,0,602,26556,23679,24904,53,0,0,18,65,33,0,94131,85930,89050,2,0,0,317
0,423,264,26207,4,18350,5896,1,4934,7213,2,722,94406,7479,3,157,4313,1779,318,3,34591,12312,82338,0,0,602,26420,23806,24940,52,0,0,18,56,33,0,94232,86393,89560,2,0,0,317
0,427,263,26189,4,18343,5897,1,4934,7213,2,705,94526,7479,3,158,4301,1820,318,3,34484,12245,82349,0,0,602,26523,23714,24933,52,0,0,18,60,33,0,94411,86048,89184,2,0,0,317
0,421,263,26206,4,18348,5898,1,4934,7213,2,719,94378,7479,3,157,4390,1778,318,3,35007,12349,82534,0,0,602,26634,23653,24955,49,0,0,18,69,33,0,94338,86100,89236,2,0,0,317
0,397,263,26182,9,18329,5901,1,4934,7213,2,709,94003,7479,3,156,4308,1753,318,3,34388,12235,82358,0,0,602,26533,23702,24917,52,0,0,18,65,33,0,94145,85630,88789,2,0,0,317
0,397,264,26197,4,18345,5901,1,4934,7213,2,703,94153,7479,3,158,4548,1722,318,3,34045,11691,82411,0,0,602,26385,23923,24965,53,0,0,18,57,33,0,94160,86087,89237,2,0,0,316
0,416,265,26191,4,18342,5896,1,263,502,0,227,15159,7479,3,158,4411,1747,317,3,34624,12360,82570,0,0,28,1090,1328,1271,14,0,0,18,73,33,0,94114,7341,10441,2,0,0,317
1,425,261,26176,4,18329,5898,1,4934,7213,2,710,94330,7479,3,158,4092,1908,318,3,34750,12205,82411,0,0,602,26552,23693,24936,50,0,0,18,68,33,0,93917,86081,89272,2,0,0,317
0,402,263,26186,4,18329,5898,1,4934,7213,2,716,94633,7479,3,158,4215,1965,318,3,34857,12324,82486,0,0,602,26561,23690,24929,50,0,0,18,67,33,0,94205,85730,88888,2,0,0,316
0,394,264,26193,4,18340,5894,1,4934,7213,2,683,94086,7479,3,158,4403,1821,317,3,34892,12085,82543,0,0,602,26568,23732,24962,54,0,0,18,64,33,0,94451,85665,88878,2,0,0,317
0,332,162,830,1,532,790,1,263,502,0,222,15168,202,3,54,3820,576,318,4,7903,6685,4785,0,0,28,1128,1306,1259,15,0,0,18,23,33,0,15927,7219,10188,2,0,0,317
1,394,262,26198,9,18341,5900,1,4934,7213,2,704,94140,7479,3,157,4285,1822,318,3,34875,12294,82481,0,0,602,26615,23662,24938,49,0,0,18,66,33,0,93994,85497,88889,2,0,0,317
0,399,264,26192,4,18333,5905,1,4934,7213,2,700,93894,7479,3,158,4150,1738,318,3,34752,12163,82462,0,0,602,26299,23971,24953,54,0,0,18,67,33,0,94188,85719,88958,2,0,0,317
0,399,263,26195,10,18353,5901,1,4934,7213,2,726,94664,7479,3,156,4247,2079,318,3,34968,12224,82465,0,0,602,26441,23839,24946,52,0,0,18,72,33,0,93900,85869,89030,2,0,0,317
0,418,264,26190,4,18337,5903,1,4934,7213,2,705,94201,7479,3,157,4391,1741,318,3,35154,12585,82472,0,0,602,26412,23846,24935,52,0,0,18,48,33,0,94404,86097,89303,2,0,0,317
0,423,263,26169,4,18334,5894,1,4934,7213,2,706,94437,7479,3,157,4300,1747,378,3,35116,12578,82535,0,0,602,26563,23654,24899,52,0,0,18,68,33,0,94062,85826,89007,2,0,0,317
0,431,263,26180,4,18341,5893,1,4934,7213,2,702,94270,7479,3,158,4292,1928,318,3,34617,11936,82403,0,0,602,26692,23631,24984,54,0,0,18,62,33,0,93875,85815,88979,2,0,0,317
0,432,263,26189,4,18336,5893,1,4934,7213,2,688,94421,7479,3,157,4406,1730,318,3,35026,12811,82489,0,0,602,26554,23725,24922,52,0,0,19,78,35,0,94318,85701,88907,2,0,0,317
0,394,263,26178,9,18333,5895,1,4934,7213,2,709,94099,7479,3,158,4493,1596,318,3,34582,12011,82443,0,0,602,26523,23751,24940,51,0,0,18,65,33,0,93621,85903,89059,2,0,0,317
0,418,265,26191,4,18346,5903,1,4934,7213,2,715,94375,7479,3,157,4640,1742,318,3,34858,12456,82483,0,0,602,26585,23701,24943,55,0,0,18,66,33,0,94284,85679,88921,2,0,0,317
0,418,263,26191,4,18346,5901,1,4934,7213,2,686,94175,7479,3,157,4416,1664,318,3,35171,12586,82426,0,0,602,26495,23772,24956,53,0,0,18,67,33,0,94228,85912,89082,2,0,0,317
0,424,263,26169,4,18325,5899,1,4934,7213,2,701,94033,7479,3,157,4615,1941,318,3,35125,12526,82491,0,0,602,26577,23719,24964,54,0,0,18,65,33,0,93940,85732,89021,2,0,0,317
0,402,263,26187,4,18338,5895,1,4934,7213,2,701,94001,7479,3,158,4556,1816,318,3,34757,11991,82395,0,0,602,26373,23899,24936,53,0,0,18,60,33,0,94111,85369,88630,2,0,0,317
0,398,262,26172,4,18329,5894,1,4934,7213,2,704,93894,7479,3,158,4129,1909,318,3,34187,11955,82382,0,0,602,26583,23638,24920,52,0,0,18,67,33,0,93549,85242,88378,2,0,0,317
0,427,264,26170,4,18324,5891,1,4934,7213,2,700,94317,7479,3,157,4368,1621,318,3,34870,12277,82480,0,0,602,26236,24022,24934,50,0,0,18,64,33,0,93911,85916,89063,2,0,0,317
0,426,263,26170,4,18318,5894,1,4934,7213,2,696,94315,7479,3,157,4501,1756,318,3,34781,12232,82436,0,0,602,26332,23939,24973,53,0,0,18,65,33,0,94605,86095,89243,2,0,0,317
0,394,264,26180,4,18334,5895,1,4934,7213,2,706,94031,7479,3,158,4367,1802,318,3,34750,12492,82471,0,0,602,26657,23632,24953,52,0,0,18,64,33,0,93905,85535,88677,2,0,0,317
0,398,264,26173,10,18337,5907,1,4934,7213,2,714,93984,7479,3,157,4548,1837,318,3,34214,11847,82375,0,0,602,26627,23649,24937,51,0,0,18,68,33,0,94167,85589,88771,2,0,0,317
0,420,265,26187,4,18339,5900,1,4934,7214,2,706,94565,7479,3,158,4361,1841,317,3,34864,12430,82495,0,0,602,26569,23682,24940,53,0,0,18,78,33,0,94321,85596,88704,2,0,0,317
0,421,264,26204,4,18351,5907,1,4934,7213,2,689,94043,7479,3,158,4534,1813,318,3,35090,12574,82497,0,0,602,26451,23887,24915,52,0,0,18,61,33,0,94068,86306,89470,2,0,0,317
0,400,264,26162,4,18320,5889,1,4934,7213,2,706,93726,7479,3,158,4529,1645,318,3,34713,12018,82474,0,0,602,26368,23951,24971,53,0,0,18,71,33,0,94268,85757,88886,2,0,0,317
0,414,263,26201,4,18352,5907,1,4934,7213,2,702,94197,7479,3,157,4915,1658,318,3,35030,12617,82613,0,0,602,26570,23661,24909,52,0,0,18,76,33,0,94053,86023,89213,2,0,0,317
0,428,263,26181,4,18344,5896,1,4934,7213,2,702,94405,7479,3,157,4266,1739,318,3,34785,12143,82487,0,0,602,26440,23849,24961,52,0,0,19,61,35,0,94542,85991,89318,2,0,0,317
0,418,262,26180,4,18335,5895,1,4934,7213,2,720,94398,7479,3,157,4515,1928,318,3,35025,12635,82434,0,0,602,26432,23795,24908,50,0,0,18,68,33,0,94051,86154,89305,2,0,0,317
0,429,264,26208,4,18347,5906,1,4934,7213,2,714,94195,7479,3,157,4224,1706,318,3,34757,12281,82535,0,0,602,26339,23970,24950,49,0,0,18,78,33,0,94196,85688,88844,2,0,0,317
0,425,264,26211,4,18355,5899,1,4934,7213,2,699,94106,7479,3,157,4198,1758,318,3,34928,12342,82487,0,0,602,26608,23642,24917,55,0,0,18,57,33,0,94224,85972,89122,2,0,0,317
0,432,261,26192,4,18338,5892,1,4934,7213,2,705,94129,7479,3,157,4383,1791,318,3,34982,12398,82395,0,0,602,26360,23963,24992,53,0,0,18,76,33,0,94556,86024,89172,2,0,0,317
0,397,264,26181,4,18335,5896,1,4934,7213,2,716,94231,7479,3,158,4263,1708,318,3,34725,12187,82455,0,0,602,26578,23703,24955,53,0,0,18,69,33,0,93873,85705,88866,2,0,0,317
0,428,262,26171,4,18325,5897,1,4934,7213,2,721,94597,7479,3,157,4365,1676,318,3,34945,12404,82400,0,0,602,26527,23781,24982,53,0,0,18,72,33,0,94080,86134,89303,2,0,0,317
0,400,262,26202,4,18353,5907,1,4934,7213,2,717,93899,7479,3,158,4539,1653,318,3,34650,12017,82455,0,0,602,26580,23688,24940,52,0,0,18,66,33,0,93699,85893,89268,2,0,0,317
0,420,264,26168,4,18341,5894,1,4934,7213,2,709,94485,7479,3,157,4400,1764,318,3,35181,12692,82499,0,0,602,26448,23834,24943,52,0,0,18,51,33,0,94020,86021,89165,2,0,0,317
0,342,161,829,1,529,791,1,4934,7213,3,720,94346,202,3,55,3373,717,318,3,35226,12414,82456,0,0,28,1088,1341,1268,16,0,0,18,22,33,0,15664,86054,89231,2,0,0,317
0,422,262,26171,4,18316,5898,1,4934,7213,2,719,94875,7479,3,158,4054,1730,318,3,35039,12517,82510,0,0,602,26438,23849,24979,53,0,0,18,59,33,0,94360,85971,89303,2,0,0,317
0,397,261,26194,4,18353,5900,1,4934,7213,2,698,94124,7479,3,158,4302,1780,318,3,34519,12039,82453,0,0,602,26624,23671,24974,53,0,0,18,57,33,0,94051,85719,88857,2,0,0,317
0,418,262,26191,4,18334,5896,1,4934,7213,2,708,94617,7479,3,158,4243,1712,318,3,34621,12189,82423,0,0,602,26531,23701,24920,51,0,0,18,77,33,0,94220,85838,89056,2,0,0,317
0,435,263,26194,4,18339,5906,1,4934,7213,2,713,94490,7479,3,157,4316,1742,318,3,34556,12143,82375,0,0,602,26519,23751,24931,55,0,0,18,76,33,0,94152,85993,89160,2,0,0,317
0,417,263,26183,4,18344,5891,1,4934,7213,2,705,94308,7479,3,157,4252,1769,318,3,34936,12438,82402,0,0,602,26572,23677,24945,52,0,0,18,50,33,0,94288,85789,88968,2,0,0,317
0,398,263,26174,4,18328,5905,1,4934,7213,2,699,93816,7479,3,158,4518,1738,318,3,34601,11914,82388,0,0,602,26673,23641,24969,52,0,0,18,69,33,0,94412,85618,88821,2,0,0,317
0,419,262,26180,4,18341,5897,1,4934,7213,2,710,94505,7479,3,157,4556,1745,318,3,34996,12490,82450,0,0,602,26576,23691,24946,51,0,0,18,70,33,0,94426,85761,88948,2,0,0,317
0,427,264,26192,4,18336,5898,1,4934,7213,2,727,94681,7479,3,157,4349,1665,318,3,34954,12309,82520,0,0,602,26520,23772,24960,53,0,0,18,63,33,0,94017,85993,89128,2,0,0,317
0,414,264,26204,4,18347,5908,1,4934,7213,2,724,94447,7479,3,158,4542,1754,318,3,34795,12446,82481,0,0,602,26626,23685,24956,52,0,0,18,67,33,0,94517,85928,89125,2,0,0,317
0,436,263,26199,4,18346,5889,0,4934,7213,2,702,94093,7479,3,158,4456,1719,318,3,34633,12186,82413,0,0,602,26619,23671,24958,52,0,0,18,69,33,0,94175,85913,89056,2,0,0,317
0,420,264,26192,4,18338,5897,1,4934,7213,2,709,94672,7479,3,157,4390,1750,318,3,34910,12078,82440,0,0,602,26441,23834,24943,52,0,0,18,58,33,0,94430,86068,89390,2,0,0,317
0,340,161,830,1,533,790,1,263,502,1,221,15002,202,3,54,3477,701,318,3,7964,6805,4811,0,0,28,1128,1300,1255,15,0,0,18,23,33,0,15900,7561,10428,2,0,0,317
1,402,264,26200,4,18353,5901,1,4934,7213,2,698,93920,7479,3,158,4480,1736,318,3,34588,12306,82542,0,0,602,26637,23722,24922,51,0,0,18,68,33,0,93815,85485,88640,2,0,0,317
0,428,264,26157,4,18313,5898,1,4934,7213,2,713,94818,7479,3,157,4190,1716,318,3,34538,12127,82380,0,0,602,26557,23700,24935,53,0,0,18,81,33,0,94612,85848,89016,2,0,0,317
0,402,264,26152,4,18329,5899,1,4934,7213,2,708,94098,7479,3,157,4418,1649,318,3,34601,12079,82444,0,0,602,26586,23704,24968,53,0,0,18,68,33,0,94163,85860,89004,2,0,0,317
0,429,264,26171,4,18331,5900,1,4934,7213,2,713,94480,7479,3,157,4295,1691,318,3,34732,12163,82399,0,0,602,26593,23679,24939,54,0,0,19,58,35,0,94089,85929,89105,2,0,0,317
0,422,262,26179,4,18325,5899,1,4934,7213,2,701,94407,7479,3,157,4255,1670,318,3,35047,12633,82600,0,0,602,26563,23725,24957,51,0,0,18,68,33,0,94236,86169,89437,2,0,0,317
0,424,260,26191,4,18333,5896,1,4934,7213,2,716,94665,7479,3,158,4150,1718,318,3,34693,12190,82451,0,0,602,26526,23737,24956,53,0,0,18,69,33,0,94169,85807,89179,2,0,0,317
0,420,262,26176,4,18330,5902,1,4934,7213,2,715,94196,7479,3,158,4478,1861,318,3,35102,12572,82560,0,0,602,26556,23721,24932,53,0,0,18,68,33,0,94221,85507,88673,2,0,0,317
0,421,263,26173,4,18338,5896,1,4934,7213,2,720,94277,7479,3,158,4521,1882,318,3,34783,12134,82528,0,0,602,26444,23807,24945,53,0,0,18,71,33,0,94145,86148,89454,2,0,0,317
0,399,263,26177,4,18323,5903,1,4934,7213,2,704,94166,7479,3,158,4453,1710,318,3,34652,12117,82425,0,0,602,26587,23695,24972,52,0,0,18,68,33,0,93837,85958,89176,2,0,0,317
0,398,265,26184,4,18344,5895,1,4934,7213,2,721,94293,7479,3,158,4515,1948,318,3,34910,12417,82488,0,0,602,26508,23789,24968,50,0,0,18,67,33,0,93943,85345,88569,2,0,0,317
0,429,265,26178,4,18330,5894,1,4934,7213,2,707,94239,7479,3,158,4317,1946,318,3,34746,12208,82446,0,0,602,26619,23689,24956,52,0,0,18,68,33,0,94255,86232,89542,2,0,0,317
0,329,161,831,1,531,788,1,263,502,0,217,14862,202,3,54,3709,657,318,3,7752,6510,4816,0,0,28,1084,1335,1270,16,0,0,18,21,33,0,15893,7402,10328,2,0,0,317
1,424,262,26176,4,18319,5898,1,4934,7213,2,708,94509,7479,3,158,4584,1745,318,3,34806,12070,82518,0,0,602,26544,23702,24916,51,0,0,18,68,33,0,94359,85837,89214,2,0,0,317
0,421,263,26185,4,18330,5894,1,4934,7213,2,727,94413,7479,3,158,4281,1819,318,3,34841,12245,82393,0,0,602,26611,23687,24982,53,0,0,18,61,33,0,94164,86239,89594,2,0,0,317
0,423,264,26180,4,18331,5893,1,4934,7213,2,704,94354,7479,3,158,4523,1673,318,3,34907,12181,82418,0,0,602,26605,23663,24940,50,0,0,18,71,33,0,94336,86256,89465,2,0,0,317
0,400,264,26182,4,18335,5901,1,4934,7213,2,722,94272,7479,3,158,4126,1705,318,3,34881,11991,82493,0,0,602,26521,23720,24913,51,0,0,18,62,33,0,93872,85750,89097,2,0,0,317
0,422,264,26176,4,18325,5901,1,4934,7213,2,712,94765,7479,3,158,4629,1734,318,3,35011,12460,82539,0,0,602,26559,23800,24937,52,0,0,18,67,33,0,94482,85837,88986,2,0,0,317
0,422,262,26184,4,18343,5892,1,4934,7213,2,726,94355,7479,3,158,4367,1745,318,3,34926,12419,82533,0,0,602,26391,23895,24947,52,0,0,18,59,33,0,94582,86222,89359,2,0,0,317
0,396,264,26181,4,18339,5893,1,4934,7213,2,724,94441,7479,3,159,4557,1640,318,3,34890,12243,82438,0,0,602,26569,23669,24928,51,0,0,18,72,33,0,94382,85795,88957,2,0,0,317
0,416,263,26187,4,18340,5908,1,4934,7213,2,710,94095,7479,3,157,4388,1935,318,3,34724,12011,82419,0,0,602,26645,23657,24981,54,0,0,19,65,35,0,94168,85856,89023,2,0,0,317
0,312,162,824,1,532,794,1,263,502,1,220,15073,202,3,55,3985,710,318,3,7745,6258,4759,0,0,28,1079,1342,1269,14,0,0,19,26,35,0,15552,7181,10085,2,0,0,317
0,418,264,26166,4,18312,5889,1,4934,7213,2,693,94631,7479,3,158,4348,1635,318,3,34907,12259,82478,0,0,602,26635,23749,24927,52,0,0,18,67,33,0,94718,86091,89284,2,0,0,316
0,428,264,26174,4,18331,5895,1,4934,7213,2,700,94341,7479,3,158,4440,1779,318,3,34932,12267,82453,0,0,602,26469,23800,24950,51,0,0,18,64,33,0,93881,85694,88980,2,0,0,317
1,422,264,26190,4,18346,5897,1,4934,7213,2,705,94478,7479,3,156,4383,1877,318,3,34689,12099,82513,0,0,602,26592,23679,24925,54,0,0,18,73,33,0,94404,86099,89269,2,0,0,317
0,421,265,26167,4,18319,5894,1,4934,7213,2,711,94366,7479,3,158,4227,1669,318,3,34913,12464,82467,0,0,602,26626,23684,24971,50,0,0,18,83,33,0,94352,85961,89135,2,0,0,317
0,422,262,26210,4,18353,5904,1,4934,7213,2,701,94634,7479,3,158,4586,1798,318,3,34818,12206,82406,0,0,602,26582,23712,24962,52,0,0,18,61,33,0,94188,86449,89641,2,0,0,317
0,422,265,26183,4,18340,5889,1,4934,7213,2,692,94319,7479,3,158,4143,1786,318,3,35080,12482,82433,0,0,602,26605,23693,24953,53,0,0,18,75,33,0,94102,86084,89299,2,0,0,317
0,430,263,26175,4,18323,5897,1,4934,7213,2,714,93792,7479,3,159,4289,1754,318,3,35063,12397,82423,0,0,602,26563,23739,24961,51,0,0,18,67,33,0,94716,86171,89337,2,0,0,317
0,429,265,26182,4,18327,5894,1,4934,7213,2,708,94568,7479,3,158,4369,1647,378,3,34893,12508,82565,0,0,602,26550,23705,24934,55,0,0,18,63,33,0,94591,86160,89330,2,0,0,317
0,397,264,26191,4,18344,5901,1,4934,7213,2,703,93946,7479,3,158,4374,1716,318,4,34853,12239,82369,0,0,602,26650,23623,24944,50,0,0,18,68,33,0,94401,85778,88990,2,0,0,317
0,396,262,26190,4,18339,5900,1,4934,7213,2,709,94438,7479,3,159,4604,1759,318,3,34501,12086,82493,0,0,602,26615,23660,24959,51,0,0,18,84,33,0,94221,85959,89109,2,0,0,317
0,430,262,26179,4,18325,5891,1,4934,7213,2,715,94405,7479,3,158,4613,1661,318,3,35100,12749,82535,0,0,602,26556,23746,24951,49,0,0,18,63,33,0,94225,85955,89095,2,0,0,317
0,334,161,829,1,529,788,1,4934,7213,2,694,94103,202,3,54,3597,833,318,3,8085,6945,4794,0,0,28,1083,1338,1267,14,0,0,18,60,33,0,94604,7370,10299,2,0,0,317
0,425,264,26185,4,18349,5894,1,4934,7213,2,705,94318,7479,3,159,4415,1948,318,3,35121,12319,82441,0,0,602,26537,23735,24958,53,0,0,18,67,33,0,94316,85914,89270,2,0,0,317
0,425,264,26172,4,18334,5898,1,4934,7213,2,694,94324,7479,3,158,4341,1753,318,3,34852,12081,82581,0,0,602,26561,23741,24959,54,0,0,18,57,33,0,94845,85821,89024,2,0,0,317
1,418,264,26186,4,18339,5897,1,4934,7213,2,707,94275,7479,3,159,4473,1899,318,3,34873,12175,82427,0,0,602,26666,23653,24993,53,0,0,18,62,33,0,94566,85795,88972,2,0,0,317
0,397,264,26181,4,18339,5901,1,4934,7213,2,710,93792,7479,3,158,4301,1757,318,3,34680,12224,82474,0,0,602,26497,23776,24953,51,0,0,18,59,33,0,93922,85975,89172,2,0,0,317
0,428,264,26187,4,18349,5897,1,4934,7213,2,706,94771,7479,3,158,4343,1670,318,3,34866,12458,82478,0,0,602,26515,23750,24948,53,0,0,18,73,33,0,94141,85756,88951,2,0,0,317
0,427,265,26170,4,18339,5891,1,4934,7213,3,691,94118,7479,3,159,4240,1819,318,3,35105,12638,82472,0,0,602,26616,23686,24956,51,0,0,18,59,33,0,93877,7645,10536,2,0,0,317
0,421,263,26199,4,18349,5896,1,4934,7213,2,708,94574,7479,3,158,4593,1655,318,3,34770,12164,82441,0,0,602,26688,23703,24976,51,0,0,18,73,33,0,94260,86194,89323,2,0,0,317
0,426,265,26189,4,18343,5898,1,4934,7213,2,720,94717,7479,3,158,4440,1923,318,3,35240,12637,82499,0,0,602,26537,23695,24924,51,0,0,18,61,33,0,94463,85811,89018,2,0,0,317
1,400,264,26191,4,18356,5898,1,4934,7214,2,713,94070,7479,3,158,4322,1926,317,3,34649,12030,82466,0,0,602,26410,23862,24966,50,0,0,18,63,33,0,93921,85558,88658,2,0,0,317
0,419,264,26212,4,18357,5908,1,4934,7213,2,702,94578,7479,3,159,4461,1693,318,3,34905,12411,82490,0,0,602,26535,23766,24959,51,0,0,18,57,33,0,94145,86330,89507,2,0,0,317
0,431,264,26178,4,18328,5894,1,4934,7213,2,702,94704,7479,3,159,4387,1797,318,3,35238,12512,82510,0,0,602,26465,23819,24936,52,0,0,18,64,33,0,94595,86320,89468,2,0,0,317
0,428,265,26192,4,18345,5896,1,4934,7213,2,711,94332,7479,3,159,4137,2002,318,3,34794,12201,82549,0,0,602,26624,23608,24920,52,0,0,18,66,33,0,94311,86227,89507,2,0,0,317
0,433,263,26182,4,18335,5905,1,4934,7213,2,722,94893,7479,3,158,4388,1789,372,3,34991,12323,82371,0,0,602,26542,23689,24921,50,0,0,18,61,33,0,94494,85927,89272,2,0,0,317
0,397,263,26188,4,18341,5898,1,4934,7213,2,699,94031,7479,3,157,4528,1693,318,3,34847,12265,82437,0,0,602,26583,23676,24940,51,0,0,18,62,33,0,94122,85658,88824,2,0,0,316
0,431,264,26186,4,18342,5894,1,4934,7213,2,707,94387,7479,3,158,4608,1646,318,3,35070,12349,82433,0,0,602,26583,23682,24943,54,0,0,18,69,33,0,94217,86160,89370,2,0,0,317
0,422,265,26192,4,18346,5897,1,4934,7213,2,735,94565,7479,3,157,4577,1762,318,3,34841,12347,82416,0,0,602,26464,23792,24925,52,0,0,18,72,33,0,94096,85748,88908,2,0,0,317
0,352,264,26166,4,18325,5896,1,4934,7213,2,695,94077,7479,3,158,4275,1852,318,3,34655,12170,82467,0,0,602,26513,23754,24919,51,0,0,18,56,33,0,93345,85513,88739,2,0,0,317
0,419,264,26176,4,18342,5896,1,4934,7213,2,716,94571,7479,3,158,4078,1694,318,3,34904,12308,82371,0,0,602,26540,23744,24978,56,0,0,18,67,33,0,94406,85805,89015,2,0,0,317
0,431,264,26195,4,18351,5906,1,4934,7213,2,706,94726,7479,3,158,4403,1934,318,3,34603,12074,82491,0,0,602,26612,23640,24931,52,0,0,18,60,33,0,94107,86434,89609,2,0,0,317
0,422,265,26220,4,18355,5910,1,4934,7213,2,704,94424,7479,3,158,4145,1686,318,3,34912,12602,82462,0,0,602,26505,23710,24904,51,0,0,18,66,33,0,94394,86116,89253,2,0,0,317
0,353,139,26204,4,18359,5901,1,4934,7213,2,714,94341,7479,3,157,4476,1761,318,3,34864,12396,82477,0,0,602,26597,23679,24944,53,0,0,18,69,33,0,94271,86441,89601,2,0,0,317
0,419,263,26196,4,18351,5905,1,4934,7213,2,712,94180,7479,3,157,4439,1782,318,3,34691,12052,82448,0,0,602,26698,23579,24923,55,0,0,18,74,33,0,94468,86181,89302,2,0,0,317
0,418,263,26206,4,18360,5907,1,4934,7213,2,729,94811,7479,3,157,4410,1739,318,3,35156,12424,82493,0,0,602,26671,23604,24970,53,0,0,18,69,33,0,94533,86059,89187,2,0,0,317
0,421,263,26185,4,18329,5903,1,4934,7213,2,717,94848,7479,3,157,4255,1718,318,3,35228,12633,82428,0,0,602,26580,23683,24937,52,0,0,18,65,33,0,94268,86070,89217,2,0,0,317
0,421,264,26193,4,18340,5897,1,4934,7213,2,700,94556,7479,3,157,4557,1745,318,3,34864,12392,82595,0,0,602,26645,23647,24964,55,0,0,18,56,33,0,94580,86478,89652,2,0,0,317
0,424,263,26169,4,18330,5892,1,4934,7213,2,720,94541,7479,3,157,4403,1748,318,3,34949,12397,82497,0,0,602,26498,23750,24923,52,0,0,18,63,33,0,94787,86349,89503,2,0,0,317
0,429,264,26187,4,18325,5896,1,4934,7213,2,708,94836,7479,3,158,4433,1870,318,3,34783,12221,82452,0,0,602,26616,23676,24957,54,0,0,18,61,33,0,94360,86290,89642,2,0,0,317
0,398,263,26189,4,18345,5902,1,4934,7213,2,705,94017,7479,3,159,4543,1753,318,3,34690,11986,82525,0,0,602,26592,23665,24931,52,0,0,18,75,33,0,94077,85648,88854,2,0,0,317
0,427,264,26203,4,18338,5895,1,4934,7213,2,716,94593,7479,3,157,4351,1742,318,3,34853,12274,82537,0,0,602,26499,23743,24883,52,0,0,18,69,33,0,94181,85912,89263,2,0,0,317
0,397,263,26165,4,18324,5889,1,4934,7213,2,702,94228,7479,3,157,4290,1742,318,3,34562,11988,82378,0,0,602,26603,23700,24966,54,0,0,18,64,33,0,93899,85890,89095,2,0,0,317
0,423,265,26175,4,18335,5898,1,4934,7213,2,703,94250,7479,3,156,4533,1797,318,3,34892,12492,82516,0,0,602,26570,23735,24998,53,0,0,18,71,33,0,94361,85992,89152,2,0,0,317
0,400,263,26177,9,18326,5896,1,4934,7213,2,702,94237,7479,3,158,4638,2042,318,3,34879,12323,82479,0,0,602,26571,23676,24923,51,0,0,18,76,33,0,94303,85804,89016,2,0,0,317
0,422,265,26205,4,18355,5898,1,4934,7213,2,718,94522,7479,3,158,4217,1748,318,3,34557,12060,82577,0,0,602,26542,23708,24927,51,0,0,18,49,33,0,94272,86319,89473,2,0,0,317
0,424,264,26185,4,18335,5894,1,4934,7213,2,712,94105,7479,3,158,4178,1946,318,3,34838,12142,82392,0,0,602,26633,23655,24936,52,0,0,18,63,33,0,94522,85796,88986,2,0,0,317
0,424,264,26189,4,18347,5897,1,4934,7213,2,706,94179,7479,3,158,4532,1930,318,3,34825,12553,82396,0,0,602,26585,23670,24946,51,0,0,18,58,33,0,94337,86130,89305,2,0,0,317
0,396,262,26176,4,18335,5896,1,4934,7213,2,711,94452,7479,3,158,4188,2119,318,3,34827,12192,82416,0,0,602,26579,23660,24923,52,0,0,19,76,35,0,93920,85911,89107,2,0,0,317
0,423,263,26187,4,18329,5894,1,4934,7213,2,703,94078,7479,3,157,4283,1760,318,3,34615,12449,82417,0,0,602,26623,23644,24942,49,0,0,19,75,35,0,93910,86175,89299,2,0,0,317
0,433,264,26171,4,18319,5897,1,4934,7213,2,716,94367,7479,3,158,4542,1769,318,3,34912,12327,82567,0,0,602,26581,23708,24956,52,0,0,18,80,33,0,94221,85460,88606,2,0,0,317
0,417,262,26180,4,18336,5897,1,4934,7213,2,724,94222,7479,3,157,4424,1854,318,3,34931,12712,82543,0,0,602,26565,23698,24946,52,0,0,18,55,33,0,94317,85884,89032,2,0,0,317
0,424,262,26177,4,18331,5901,1,4934,7213,2,710,94648,7479,3,157,4696,1812,318,3,34884,12322,82560,0,0,602,26520,23806,24973,49,0,0,18,57,33,0,94508,86090,89247,2,0,0,317
0,393,263,26178,4,18335,5892,1,4934,7213,2,708,94074,7479,3,159,4311,1919,318,4,34487,12218,82395,0,0,602,26647,23682,24973,51,0,0,18,83,33,0,93656,85675,88852,2,0,0,317
0,428,263,26177,4,18341,5899,1,4934,7213,2,715,94063,7479,3,158,4337,1725,318,3,35056,12541,82503,0,0,602,26486,23759,24947,52,0,0,19,59,35,0,94060,86118,89276,2,0,0,316
0,400,263,26205,4,18347,5901,1,4934,7213,2,700,94063,7479,3,158,4452,1766,318,3,34442,11897,82566,0,0,602,26602,23671,24928,55,0,0,18,58,33,0,94033,85885,89086,2,0,0,317
0,422,264,26194,4,18355,5905,1,4934,7213,2,715,94861,7479,3,158,4263,1716,318,3,34939,12339,82482,0,0,602,26577,23685,24949,51,0,0,18,82,33,0,94583,85957,89139,2,0,0,317
0,420,264,26161,4,18317,5891,1,4934,7213,2,701,94466,7479,3,157,4335,1880,318,3,34701,12248,82430,0,0,602,26615,23661,24961,53,0,0,18,70,33,0,93934,86106,89490,2,0,0,317
0,431,263,26175,4,18334,5901,1,4934,7213,2,704,94638,7479,3,157,4643,1773,318,3,35160,12532,82435,0,0,602,26668,23642,24961,52,0,0,18,71,33,0,94715,85794,88980,2,0,0,317
0,425,262,26176,4,18328,5893,1,4934,7213,2,706,94343,7479,3,157,4313,1768,318,3,35189,12496,82463,0,0,602,26572,23681,24926,52,0,0,18,62,33,0,93938,86079,89230,2,0,0,317
0,419,264,26198,4,18349,5901,1,4934,7213,2,712,94668,7479,3,157,4468,1745,318,3,35101,12661,82430,0,0,602,26567,23669,24922,52,0,0,18,49,33,0,94666,86471,89630,2,0,0,317
0,432,264,26147,4,18314,5893,1,4934,7213,2,688,93930,7479,3,157,4569,1743,318,3,34438,11939,82383,0,0,602,26276,23982,24934,50,0,0,19,67,35,0,94378,85962,89372,2,0,0,317
0,424,263,26168,4,18336,5894,1,4934,7213,2,709,94671,7479,3,157,4471,1760,318,3,34965,12500,82566,0,0,602,26563,23742,24970,51,0,0,18,70,33,0,94517,86812,89954,2,0,0,317
1,428,261,26180,4,18331,5888,1,4934,7213,2,720,94719,7479,3,157,4345,1721,318,3,34938,12346,82462,0,0,602,26625,23720,24982,54,0,0,18,69,33,0,94108,86070,89237,2,0,0,317
0,428,261,26207,4,18352,5892,1,4934,7213,2,699,94281,7479,3,158,4241,1752,318,3,34959,12413,82454,0,0,602,26648,23663,24980,53,0,0,18,71,33,0,93959,86389,89554,2,0,0,317
0,419,261,26199,4,18344,5897,1,4934,7213,2,706,94406,7479,3,157,4172,1706,318,3,35067,12468,82451,0,0,602,26551,23703,24935,50,0,0,18,77,33,0,94086,85989,89199,2,0,0,317
0,432,263,26157,4,18321,5898,1,4934,7213,2,708,94849,7479,3,158,4342,1777,318,3,35243,12728,82463,0,0,602,26520,23760,24973,54,0,0,18,61,33,0,94392,85812,88995,2,0,0,317
0,430,263,26175,4,18340,5887,1,4934,7213,2,706,94402,7479,3,158,4440,1647,318,3,34732,12399,82558,0,0,602,26586,23696,24965,51,0,0,18,68,33,0,94007,85681,88858,2,0,0,317
0,424,262,26210,4,18360,5910,1,4934,7213,2,704,94286,7479,3,157,4279,1771,317,4,35167,12641,82551,0,0,602,26517,23731,24919,52,0,0,18,73,33,0,94209,86058,89414,2,0,0,317
0,422,263,26160,4,18323,5892,1,4934,7213,2,700,94486,7479,3,157,4419,1780,318,3,34809,12282,82432,0,0,602,26597,23683,24966,54,0,0,18,57,33,0,94297,86157,89344,2,0,0,317
0,417,263,26181,4,18326,5899,1,4934,7213,2,709,94407,7479,3,158,4589,1758,318,3,34960,12462,82591,0,0,602,26575,23714,24957,54,0,0,18,61,33,0,94212,85924,89149,2,0,0,317
0,432,263,26181,4,18333,5896,1,4934,7213,2,713,94427,7479,3,158,4401,1746,318,3,34489,11927,82479,0,0,602,26632,23610,24928,53,0,0,18,68,33,0,94513,85963,89133,2,0,0,317
0,399,263,26183,4,18333,5896,1,4934,7213,2,713,94362,7479,3,158,4396,1807,318,3,34536,11961,82402,0,0,602,26639,23607,24915,54,0,0,18,69,33,0,94296,85533,88680,2,0,0,317
0,410,264,26185,4,18336,5900,1,4934,7213,2,706,94352,7479,3,157,4361,1697,318,3,34937,12512,82476,0,0,602,26534,23770,24957,54,0,0,18,69,33,0,94097,86275,89452,2,0,0,317
0,423,263,26165,4,18322,5891,1,4934,7213,2,699,94295,7479,3,157,4253,1817,318,3,34613,12092,82476,0,0,602,26512,23723,24923,54,0,0,18,63,33,0,94379,86517,89665,2,0,0,317
0,429,262,26177,4,18330,5898,1,4934,7213,2,715,94551,7479,3,157,4495,1851,318,3,34892,12367,82602,0,0,602,26621,23656,24965,54,0,0,18,60,33,0,94297,85803,88967,2,0,0,317
0,426,261,26186,4,18335,5907,1,4934,7213,2,702,94335,7479,3,157,4448,1667,318,3,34822,12240,82537,0,0,602,26545,23707,24935,53,0,0,18,57,33,0,94449,85913,89298,2,0,0,317
0,399,262,26202,4,18351,5902,1,4934,7213,2,719,94042,7479,3,158,4396,1633,318,3,34623,12098,82429,0,0,602,26648,23628,24970,53,0,0,18,69,33,0,93902,85872,89041,2,0,0,317
0,400,264,26173,4,18323,5896,1,4934,7213,2,708,94234,7479,3,158,4785,1712,318,3,34362,11881,82365,0,0,602,26614,23689,24967,51,0,0,18,57,33,0,93831,85750,88938,2,0,0,317
0,350,264,26169,4,18322,5886,1,4934,7213,2,690,94025,7479,3,158,4118,1740,318,3,34286,11905,82425,0,0,602,26591,23634,24916,53,0,0,18,64,33,0,93902,85551,88705,2,0,0,317
0,395,265,26177,4,18333,5887,1,4934,7213,2,721,94181,7479,3,159,4220,1686,318,3,34495,12088,82403,0,0,602,26578,23685,24912,52,0,0,18,66,33,0,94030,85766,88983,2,0,0,317
0,423,263,26199,4,18340,5896,1,4934,7213,2,703,94670,7479,3,156,4496,1787,318,3,34861,12425,82418,0,0,602,26503,23796,24968,50,0,0,18,62,33,0,94843,86194,89368,2,0,0,317
0,427,264,26190,4,18343,5894,1,4934,7213,2,712,94687,7479,3,157,4487,1818,318,3,34710,12199,82389,0,0,602,26551,23664,24903,50,0,0,18,62,33,0,94409,86243,89396,2,0,0,317
0,426,262,26174,4,18324,5891,1,4934,7213,2,716,94327,7479,3,156,4376,1745,318,3,35125,12685,82581,0,0,602,26612,23676,24965,54,0,0,18,62,32,0,94378,85992,89107,2,0,0,317
0,433,263,26166,4,18316,5897,1,4934,7214,2,715,94658,7479,3,157,4469,1761,317,3,34663,12261,82401,0,0,602,26532,23734,24958,54,0,0,18,72,33,0,94277,86083,89282,2,0,0,317
0,432,263,26168,4,18325,5899,1,4934,7213,2,712,94727,7479,3,157,4381,1751,317,3,34934,12424,82530,0,0,602,26593,23677,24922,51,0,0,18,61,33,0,94430,86398,89671,2,0,0,317
0,401,262,26225,4,18365,5905,1,4934,7213,2,717,93966,7479,3,158,4292,1728,318,3,34593,11766,82430,0,0,602,26492,23774,24965,52,0,0,19,67,35,0,93913,85732,88906,2,0,0,317
0,428,264,26173,4,18336,5897,1,4934,7213,2,703,94634,7479,3,158,4497,1791,318,3,34937,12377,82407,0,0,602,26543,23735,24952,54,0,0,18,64,33,0,94699,85964,89072,2,0,0,317
0,432,264,26182,4,18344,5896,1,4934,7213,2,711,94344,7479,3,157,4334,1801,318,3,35137,12567,82503,0,0,602,26507,23725,24931,51,0,0,18,72,33,0,94598,86162,89338,2,0,0,317
0,416,262,26194,4,18349,5897,1,4934,7213,2,718,94627,7479,3,158,4152,1786,317,3,34870,12317,82510,0,0,602,26501,23755,24928,52,0,0,18,60,33,0,94333,86125,89276,2,0,0,317
0,422,263,26197,4,18358,5895,1,4934,7213,2,691,94479,7479,3,157,4400,1610,318,3,34929,12523,82540,0,0,602,26567,23712,24972,53,0,0,18,56,33,0,94393,85915,89303,2,0,0,317
0,397,264,26167,4,18329,5893,1,4934,7214,2,715,94071,7479,3,158,4266,1762,318,3,34650,12096,82441,0,0,602,26562,23723,24926,54,0,0,18,62,33,0,94165,85732,88893,2,0,0,317
0,419,265,26181,4,18341,5895,1,4934,7213,2,704,94469,7479,3,157,4601,1722,317,3,34863,12188,82518,0,0,602,26587,23713,24970,57,0,0,18,69,33,0,93898,85764,88911,2,0,0,317
0,430,264,26176,4,18326,5895,1,4934,7214,2,714,94423,7479,3,158,4332,1746,318,3,34918,12265,82467,0,0,602,26460,23798,24942,52,0,0,18,59,33,0,94107,85969,89268,2,0,0,317
0,421,262,26192,4,18343,5905,1,4934,7213,2,728,94513,7479,3,157,4566,1876,369,3,35439,12862,82477,0,0,602,26622,23665,24945,51,0,0,18,56,33,0,94027,86227,89419,2,0,0,317
0,417,263,26189,4,18336,5904,1,4934,7213,2,697,94316,7479,3,157,4180,1756,317,3,34805,12371,82359,0,0,602,26546,23716,24934,52,0,0,18,83,33,0,94401,85895,89144,2,0,0,317
0,425,262,26196,4,18352,5899,1,4934,7213,2,713,94198,7479,3,157,4533,1727,318,3,34742,12296,82482,0,0,602,26497,23747,24935,50,0,0,18,55,33,0,94514,85780,88957,2,0,0,317
0,421,261,26195,4,18344,5897,1,4934,7213,2,704,94370,7479,3,158,4214,1747,318,3,34859,12316,82481,0,0,602,26419,23795,24925,50,0,0,18,61,33,0,94377,85937,89127,2,0,0,317
0,426,264,26192,4,18346,5895,1,4934,7213,2,697,94608,7479,3,157,4390,1572,318,3,35042,12464,82454,0,0,602,26555,23747,24976,53,0,0,18,56,33,0,94463,85789,89074,2,0,0,316
0,426,261,26175,4,18322,5895,1,4934,7214,2,699,94360,7479,3,158,4286,1718,318,3,34722,12026,82527,0,0,602,26550,23746,24960,52,0,0,18,66,33,0,93922,85922,89072,2,0,0,316
0,397,264,26207,9,18356,5899,1,4934,7214,2,695,93921,7479,3,158,4491,1997,318,3,34836,12376,82451,0,0,602,26530,23769,24961,53,0,0,18,64,33,0,94084,85540,88722,2,0,0,317
0,422,265,26172,4,18333,5900,1,4934,7213,2,708,94582,7479,3,158,4551,1734,318,3,35234,12457,82534,0,0,602,26611,23628,24916,50,0,0,18,50,33,0,94536,85857,88982,2,0,0,317
0,429,261,26187,4,18347,5895,1,4934,7213,2,681,94420,7479,3,158,4746,1787,318,3,34591,12062,82452,0,0,602,26485,23804,24969,53,0,0,18,77,33,0,94470,85862,89036,2,0,0,317
0,417,264,26189,4,18333,5894,1,4934,7213,2,698,94756,7479,3,157,4339,1744,318,3,34812,12259,82501,0,0,602,26536,23730,24949,51,0,0,18,74,33,0,94213,85920,89082,2,0,0,317
0,429,264,26172,4,18327,5891,1,4934,7213,2,714,94649,7479,3,158,4345,1738,318,3,34798,12271,82396,0,0,602,26600,23728,24976,55,0,0,18,82,33,0,94276,85921,89163,2,0,0,317
0,399,264,26206,4,18343,5893,1,4934,7213,2,723,94689,7479,3,158,4463,1725,317,3,34428,11922,82523,0,0,602,26577,23698,24954,54,0,0,18,65,33,0,94084,85607,88808,2,0,0,317
0,418,264,26206,4,18351,5893,1,4934,7213,2,721,94581,7479,3,158,4586,1738,317,4,34595,11944,82467,0,0,602,26563,23712,24943,52,0,0,18,67,33,0,94446,85909,89102,2,0,0,317
0,399,264,26187,4,18343,5901,1,4934,7213,2,715,94607,7479,3,158,4234,1859,318,3,34271,11792,82459,0,0,602,26453,23813,24926,50,0,0,18,71,33,0,94326,85847,88980,2,0,0,317
0,422,264,26176,4,18332,5897,1,4934,7213,2,720,94699,7479,3,157,4364,1744,318,3,34915,12476,82395,0,0,602,26517,23810,24974,54,0,0,18,62,33,0,94433,86218,89421,2,0,0,317
0,401,264,26162,4,18315,5891,1,4934,7213,2,714,94304,7479,3,158,4239,1698,318,3,34862,12217,82366,0,0,602,26493,23769,24938,51,0,0,18,68,33,0,94232,85830,89220,2,0,0,317
0,422,264,26182,4,18331,5894,1,4934,7213,2,711,93893,7479,3,157,4322,1729,318,3,34783,12046,82391,0,0,602,26635,23616,24932,51,0,0,18,59,33,0,94311,86188,89343,2,0,0,317
0,343,160,854,1,546,794,1,263,502,0,218,15005,7479,3,157,4519,1755,318,3,8016,6890,4814,0,0,28,1088,1341,1265,15,0,0,18,67,33,0,94430,85994,89259,2,0,0,317
0,396,263,26184,4,18334,5885,1,4934,7213,2,713,94313,7479,3,157,4558,1708,318,3,34911,12343,82366,0,0,602,26646,23686,24966,52,0,0,18,58,33,0,94084,85600,88779,2,0,0,317
0,416,263,26186,4,18344,5898,1,4934,7213,2,704,94366,7479,3,159,4226,1790,318,3,35014,12362,82466,0,0,602,26601,23667,24960,52,0,0,18,61,33,0,94245,85847,89035,2,0,0,317
1,428,265,26190,4,18344,5893,1,4934,7214,2,705,94145,7479,3,160,4766,1718,318,3,34761,12161,82445,0,0,602,26602,23647,24934,53,0,0,18,63,33,0,94215,85693,88876,2,0,0,317
0,414,264,26188,4,18338,5901,1,4934,7213,2,699,94147,7479,3,158,4207,1772,318,3,34974,12287,82562,0,0,602,26533,23730,24947,52,0,0,18,59,33,0,94387,86451,89753,2,0,0,317
0,428,264,26196,4,18341,5897,1,4934,7213,2,689,93977,7479,3,157,4461,1660,319,3,35089,12514,82449,0,0,602,26656,23604,24939,54,0,0,18,56,33,0,94822,85941,89218,2,0,0,317
0,341,162,824,1,530,787,1,263,502,1,218,15327,202,3,56,3472,1027,318,3,7958,6762,4781,0,0,28,1097,1325,1265,15,0,0,19,26,35,0,15683,7650,10560,2,0,0,317
0,401,263,26172,9,18342,5899,1,4934,7213,2,695,93980,7479,3,157,4416,1642,317,3,34944,12330,82514,0,0,602,26523,23752,24952,54,0,0,19,63,35,0,93957,85712,88883,2,0,0,316
0,416,264,26159,4,18330,5894,1,4934,7213,2,695,93985,7479,3,160,4352,1738,318,3,34919,12387,82452,0,0,602,26557,23688,24910,51,0,0,18,67,33,0,94306,85610,88762,2,0,0,317
0,415,264,26173,4,18345,5900,1,4934,7213,2,699,94379,7479,3,157,4507,1696,318,3,35238,12572,82474,0,0,602,26522,23718,24905,51,0,0,18,65,33,0,94343,85783,89039,2,0,0,317
1,399,264,26204,4,18337,5898,1,4934,7213,2,702,93867,7479,3,158,4324,1722,318,3,34541,11841,82409,0,0,602,26601,23723,24996,53,0,0,18,75,33,0,94273,85805,88964,2,0,0,317
0,346,265,26231,4,18356,5910,1,4942,7218,2,705,94004,7484,3,157,4045,1727,318,3,34585,12017,82546,0,0,602,26684,23690,24988,57,0,0,18,65,33,0,93927,85122,88284,2,0,0,317
0,350,264,26184,4,18325,5892,1,4934,7213,2,678,93771,7479,3,158,4353,1654,318,3,34373,11898,82438,0,0,602,26475,23758,24938,52,0,0,18,65,33,0,93638,85546,88662,2,0,0,317
0,398,264,26183,4,18340,5900,1,4934,7213,2,698,94152,7479,3,157,4600,1696,318,3,34607,12108,82530,0,0,602,26658,23652,24976,52,0,0,18,66,33,0,94214,85941,89292,2,0,0,317
0,434,264,26179,4,18334,5889,1,4934,7213,2,698,94478,7479,3,157,4578,1796,318,3,35011,12342,82417,0,0,602,26506,23797,24975,53,0,0,18,62,33,0,94085,86022,89227,2,0,0,317
1,425,265,26194,4,18343,5896,1,4934,7213,2,711,94697,7479,3,158,4586,1718,318,3,34858,12518,82453,0,0,602,26538,23733,24943,54,0,0,18,62,33,0,94405,86085,89279,2,0,0,317
0,416,264,26187,4,18332,5899,1,4934,7213,2,724,94794,7479,3,160,4318,1905,318,3,35098,12613,82498,0,0,602,26613,23653,24969,52,0,0,18,84,33,0,94405,86111,89322,2,0,0,317
0,425,265,26182,4,18345,5895,1,4934,7213,2,706,94659,7479,3,158,4379,1709,318,3,34854,12227,82481,0,0,602,26597,23649,24912,51,0,0,18,60,33,0,94647,85709,88880,2,0,0,317
0,426,263,26185,4,18336,5896,1,4934,7213,3,715,94401,7479,3,159,4399,1685,318,3,34886,12582,82494,0,0,602,26603,23731,24970,54,0,0,18,66,33,0,94161,86469,89652,2,0,0,317
0,394,265,26194,4,18340,5902,1,4934,7213,2,711,93926,7479,3,157,4470,1716,318,3,34604,11951,82407,0,0,602,26490,23762,24936,54,0,0,18,70,33,0,94422,85480,88831,2,0,0,316
0,347,264,26210,4,18353,5911,1,4934,7213,2,670,93639,7479,3,157,4110,1866,318,3,34306,11662,82330,0,0,602,26622,23621,24915,52,0,0,18,64,33,0,93782,85338,88459,2,0,0,317
0,425,265,26191,4,18343,5900,1,4934,7213,2,701,94312,7479,3,157,4253,1729,318,3,34859,12318,82530,0,0,602,26550,23727,24946,53,0,0,18,60,33,0,94614,85921,89126,2,0,0,317
0,428,262,26181,4,18329,5906,1,4934,7213,2,704,94514,7479,3,158,4441,1755,318,3,34648,12099,82450,0,0,602,26530,23721,24940,52,0,0,19,60,35,0,94256,86029,89193,2,0,0,317
0,425,265,26166,4,18335,5901,1,4934,7213,2,684,94152,7479,3,157,4486,1863,318,3,35051,12266,82388,0,0,602,26574,23690,24940,51,0,0,18,67,33,0,94685,86147,89263,2,0,0,317
0,341,160,827,1,532,793,1,4934,7213,2,715,94952,202,3,55,3580,725,318,3,7989,6732,4810,0,0,602,26522,23737,24953,54,0,0,19,25,35,0,15605,7455,10301,2,0,0,317
0,424,265,26202,4,18348,5897,1,4934,7213,2,726,94255,7479,3,157,4439,1752,318,3,35172,12755,82539,0,0,602,26578,23695,24954,50,0,0,18,76,33,0,94952,86259,89394,2,0,0,317
0,424,265,26190,4,18344,5902,1,4934,7213,2,723,94558,7479,3,159,4337,1819,318,3,35019,12513,82493,0,0,602,26568,23705,24936,50,0,0,18,64,33,0,93880,86329,89573,2,0,0,317
0,431,265,26183,4,18347,5890,1,4934,7213,2,727,94449,7479,3,158,5081,1691,318,3,34790,11838,82401,0,0,602,26570,23703,24936,52,0,0,18,70,33,0,94074,86195,89389,2,0,0,317
1,400,263,26182,4,18340,5893,1,4934,7213,2,713,94601,7479,3,157,4563,1750,318,3,34640,11871,82483,0,0,602,26539,23712,24961,51,0,0,18,58,33,0,94199,85596,88779,2,0,0,317
0,419,263,26184,4,18334,5894,1,4934,7213,2,710,94485,7479,3,158,4302,1738,318,3,35104,12595,82592,0,0,602,26530,23721,24932,52,0,0,18,75,33,0,94118,86186,89296,2,0,0,317
0,418,262,26184,4,18341,5898,1,4934,7213,2,722,94648,7479,3,159,4171,1697,318,3,35063,12324,82507,0,0,602,26537,23713,24913,52,0,0,18,61,33,0,94660,86135,89276,2,0,0,317
0,396,264,26191,4,18344,5898,1,4934,7213,2,711,94333,7479,3,158,4561,1805,318,4,34672,11921,82511,0,0,602,26602,23691,24950,51,0,0,18,58,33,0,94091,85794,89007,2,0,0,317
0,421,263,26197,4,18357,5901,1,4934,7213,2,696,94554,7479,3,159,4202,1717,318,3,34853,12112,82460,0,0,602,26549,23706,24939,52,0,0,18,65,33,0,94423,86270,89595,2,0,0,317
0,430,264,26186,4,18341,5902,1,4934,7213,2,704,94546,7479,3,158,4410,1712,318,3,34967,12363,82469,0,0,602,26568,23728,24994,52,0,0,18,66,33,0,94457,85942,89090,2,0,0,317
0,416,262,26186,4,18338,5895,1,4934,7213,2,717,94662,7479,3,158,4182,1934,318,3,34966,12443,82360,0,0,602,26576,23691,24960,50,0,0,18,51,33,0,94284,86300,89430,2,0,0,317
0,425,264,26186,4,18341,5898,1,4934,7213,2,699,94326,7479,3,158,4581,1805,318,3,35149,12571,82406,0,0,602,26572,23707,24967,51,0,0,18,71,33,0,94247,86138,89287,2,0,0,317
0,427,263,26189,4,18333,5900,1,4934,7213,2,699,94122,7479,3,159,4052,1806,318,3,34908,12396,82514,0,0,602,26630,23627,24942,51,0,0,18,58,33,0,94185,86245,89402,2,0,0,317
0,400,264,26182,4,18331,5904,1,4934,7213,2,699,93961,7479,3,157,4610,1705,318,3,34565,11952,82375,0,0,602,26639,23665,24979,53,0,0,18,71,33,0,93961,85917,89299,2,0,0,317
0,427,265,26184,4,18333,5901,1,4934,7213,2,679,94183,7479,3,159,4372,1747,317,3,34839,12317,82546,0,0,602,26525,23730,24921,50,0,0,18,71,33,0,94197,86276,89448,2,0,0,317
0,400,264,26200,4,18345,5914,1,4934,7213,2,709,94075,7479,3,157,4493,1692,318,3,34712,12268,82372,0,0,602,26643,23672,24953,51,0,0,18,62,33,0,94337,85649,88937,2,0,0,317
0,311,161,832,1,531,789,1,263,502,1,223,14829,202,3,55,3406,670,318,3,7660,6473,4791,0,0,28,1127,1298,1264,15,0,0,18,22,33,0,15595,7044,9955,2,0,0,317
0,399,266,26184,4,18338,5896,1,4934,7213,3,716,94347,7479,3,159,4170,1871,318,3,34872,12287,82402,0,0,602,26585,23703,24964,51,0,0,18,61,33,0,93920,85636,88836,2,0,0,317
0,423,265,26199,4,18341,5902,1,4934,7213,2,689,94196,7479,3,158,4597,1917,318,3,35083,12316,82489,0,0,602,26569,23746,24975,54,0,0,18,69,33,0,94218,86002,89207,2,0,0,317
0,421,265,26164,4,18333,5892,1,4934,7213,2,705,94125,7479,3,158,4324,1732,318,3,34844,12487,82516,0,0,602,26641,23656,24973,54,0,0,18,66,33,0,94268,85708,88782,2,0,0,316
1,395,265,26169,4,18340,5902,1,263,502,1,226,15068,202,3,55,3643,631,372,3,7657,6375,4789,0,0,28,1082,1348,1275,15,0,0,18,22,33,0,15436,6973,9886,2,0,0,317
0,426,264,26173,4,18338,5900,1,4934,7213,2,704,94347,7479,3,158,4239,1785,318,3,34970,12450,82559,0,0,602,26634,23656,24965,52,0,0,18,66,33,0,94167,86107,89301,2,0,0,317
0,436,265,26182,4,18341,5894,1,4934,7213,2,710,94231,7479,3,157,4424,1961,318,3,35116,12517,82502,0,0,602,26497,23748,24944,50,0,0,18,67,33,0,94572,86131,89356,2,0,0,317
0,422,264,26186,4,18340,5900,1,4934,7213,2,700,94347,7479,3,159,4357,1776,318,3,34801,12329,82471,0,0,602,26549,23729,24977,54,0,0,18,66,33,0,94307,86056,89409,2,0,0,317
1,394,265,26181,4,18340,5898,1,4934,7213,2,724,94530,7479,3,158,4576,1690,318,3,34811,12224,82478,0,0,602,26562,23654,24924,50,0,0,18,74,33,0,94222,85703,88863,2,0,0,317
0,400,263,26193,4,18341,5900,1,4934,7213,2,702,94158,7479,3,158,4526,1717,318,3,34794,12296,82515,0,0,602,26497,23749,24933,53,0,0,18,67,33,0,94331,85575,88748,2,0,0,317
0,397,264,26171,4,18329,5895,1,4934,7213,2,719,94338,7479,3,158,4298,1798,318,3,34802,12237,82488,0,0,602,26610,23634,24940,53,0,0,18,67,33,0,93949,85852,89022,2,0,0,317
0,431,262,26179,4,18339,5901,1,4934,7213,2,700,94233,7479,3,157,4523,1609,318,3,34925,12172,82418,0,0,602,26506,23805,24958,54,0,0,18,61,33,0,94574,85950,89102,2,0,0,317
0,417,265,26175,4,18341,5904,1,4934,7213,2,710,94367,7479,3,157,4060,2018,318,3,34909,12523,82579,0,0,602,26628,23641,24956,50,0,0,18,63,33,0,94086,86159,89338,2,0,0,317
0,425,265,26179,4,18322,5893,1,4934,7213,2,705,94299,7479,3,159,4609,1724,318,3,34954,12594,82502,0,0,602,26455,23791,24931,50,0,0,18,56,33,0,94121,85776,88986,2,0,0,317
0,418,262,26172,4,18330,5909,1,4934,7213,2,705,94196,7479,3,158,4506,1807,318,3,35043,12530,82539,0,0,602,26533,23717,24910,52,0,0,18,67,33,0,94483,86020,89202,2,0,0,317
0,427,263,26185,4,18350,5894,1,4934,7213,2,704,94594,7479,3,159,4046,1713,369,3,34761,12230,82492,0,0,602,26584,23703,24965,53,0,0,18,69,33,0,94198,86068,89231,2,0,0,317
0,426,263,26194,4,18343,5896,1,4934,7213,2,690,94461,7479,3,157,4163,1877,318,3,34998,12461,82409,0,0,602,26603,23716,24982,49,0,0,18,68,33,0,94269,86033,89240,2,0,0,317
0,420,261,26182,4,18326,5890,1,4934,7213,2,694,94400,7479,3,158,4351,1760,318,3,34769,11924,82470,0,0,602,26517,23750,24940,53,0,0,18,64,33,0,94328,86159,89298,2,0,0,317
0,420,262,26188,4,18336,5892,1,4934,7213,2,717,94416,7479,3,156,4583,1711,319,3,34837,12293,82503,0,0,602,26575,23734,24951,49,0,0,18,66,33,0,94135,85761,89084,2,0,0,317
0,401,264,26175,4,18337,5891,1,4934,7213,2,708,93993,7479,3,158,4280,1747,318,3,34739,11921,82430,0,0,602,26637,23642,24966,55,0,0,18,63,33,0,94294,85858,89012,2,0,0,375
0,401,264,26190,4,18346,5901,1,4934,7213,2,700,94387,7479,3,158,4474,1836,318,3,34504,12078,82396,0,0,602,26555,23759,24988,52,0,0,18,68,33,0,94146,85652,88831,2,0,0,317
0,413,263,26193,4,18345,5902,1,4934,7214,2,712,94612,7479,3,159,4495,1857,318,3,34836,12267,82509,0,0,602,26514,23770,24953,56,0,0,18,70,33,0,94398,85903,89069,2,0,0,317
0,425,262,26163,4,18325,5903,1,4934,7213,2,711,94317,7479,3,159,4195,1798,318,3,35193,12733,82570,0,0,602,26522,23753,24957,52,0,0,18,67,33,0,94382,86220,89347,2,0,0,317
0,416,264,26177,4,18336,5899,1,4934,7213,2,725,94342,7479,3,159,4735,1835,318,3,34998,12361,82389,0,0,602,26603,23682,24953,53,0,0,18,51,33,0,94125,86100,89461,2,0,0,317
0,398,263,26180,9,18338,5902,1,4934,7213,2,703,94231,7479,3,156,4195,1920,377,3,34899,12185,82525,0,0,602,26497,23766,24929,53,0,0,18,60,33,0,94040,85752,88941,2,0,0,317
0,349,263,26188,4,18332,5900,1,4934,7214,2,689,93945,7479,3,156,4116,1722,318,3,34371,11507,82404,0,0,602,26542,23709,24914,51,0,0,18,65,33,0,93394,85543,88706,2,0,0,317
0,413,263,26194,4,18343,5890,1,4934,7213,2,708,94420,7479,3,158,4534,1673,317,3,35078,12448,82544,0,0,602,26572,23718,24975,55,0,0,19,68,35,0,93876,86233,89393,2,0,0,317
0,424,265,26180,4,18337,5899,1,4934,7214,2,705,94830,7479,3,158,4486,1785,318,3,34940,12202,82419,0,0,602,26525,23762,24942,53,0,0,18,82,33,0,94080,85910,89285,2,0,0,317
0,430,265,26182,4,18331,5896,1,4934,7213,2,712,94245,7479,3,158,4451,1706,318,3,35207,12643,82493,0,0,602,26526,23746,24942,50,0,0,18,64,33,0,94603,85887,89070,2,0,0,317
0,427,262,26182,4,18336,5896,1,4934,7213,2,724,94279,7479,3,159,4275,1904,318,3,35239,12717,82442,0,0,602,26592,23670,24951,54,0,0,18,58,33,0,93916,86083,89422,2,0,0,317
0,417,262,26173,4,18323,5900,1,4934,7213,2,708,94335,7479,3,158,4303,1795,318,3,34710,12105,82438,0,0,602,26518,23736,24927,54,0,0,18,68,33,0,94406,85916,89055,2,0,0,317
0,411,266,26176,4,18335,5893,1,4934,7213,3,703,94293,7479,3,159,4249,1753,318,3,34657,12138,82571,0,0,602,26600,23676,24961,51,0,0,18,23,33,0,15859,86256,89431,2,0,0,317
0,421,264,26174,4,18338,5901,1,4934,7213,2,692,94152,7479,3,157,4432,1770,318,3,34672,12159,82526,0,0,602,26612,23639,24933,53,0,0,18,81,33,0,94227,86198,89483,2,0,0,317
0,420,263,26213,4,18352,5898,1,4934,7213,2,710,94137,7479,3,158,4563,1698,318,3,34711,12239,82391,0,0,602,26627,23602,24926,54,0,0,18,66,33,0,94649,86072,89231,2,0,0,317
0,398,263,26169,9,18339,5896,1,4934,7213,2,705,94201,7479,3,157,4213,1802,318,3,34516,12052,82562,0,0,602,26601,23687,24959,55,0,0,18,59,33,0,94196,85749,88930,2,0,0,317
0,346,274,37947,5,26577,8101,1,7067,10141,2,740,127128,10626,3,165,4056,1816,318,3,45230,12210,115112,0,0,822,36934,32762,35544,41,0,0,18,48,33,0,127142,118084,121423,2,0,0,317
0,414,262,26163,4,18327,5887,1,4934,7213,2,714,94458,7479,3,158,4362,1700,318,3,35270,12671,82417,0,0,602,26665,23623,24960,52,0,0,18,70,33,0,94557,85886,89054,2,0,0,317
0,334,161,831,1,532,786,1,263,502,1,227,15402,202,3,54,3518,642,318,3,8035,6821,4775,0,0,602,26601,23666,24965,54,0,0,18,22,33,0,15469,7209,10119,2,0,0,317
0,429,264,26203,4,18348,5915,1,4934,7213,2,706,94321,7479,3,158,4322,1683,318,3,35076,12887,82560,0,0,602,26542,23704,24924,51,0,0,18,73,33,0,94530,85729,88848,2,0,0,317
1,417,264,26183,4,18331,5903,1,4934,7213,2,712,94866,7479,3,157,4419,2014,318,3,35059,12467,82418,0,0,602,26572,23707,24947,51,0,0,18,62,33,0,94757,86286,89457,2,0,0,317
0,426,263,26187,4,18343,5896,1,4934,7213,2,704,94630,7479,3,157,4539,1660,318,3,34727,12104,82524,0,0,602,26571,23671,24955,53,0,0,18,66,33,0,94094,86092,89430,2,0,0,317
1,396,265,26168,9,18328,5897,1,4934,7213,2,714,94154,7479,3,156,4318,1639,318,3,34429,11758,82394,0,0,602,26636,23637,24922,53,0,0,18,72,33,0,94243,85415,88577,2,0,0,317
0,398,265,26172,4,18327,5893,1,4934,7213,2,686,94379,7479,3,158,4630,1813,318,3,34485,11966,82553,0,0,602,26608,23682,24951,50,0,0,18,65,33,0,94416,85650,88942,2,0,0,317
0,398,265,26170,4,18321,5891,1,4934,7213,2,705,93916,7479,3,157,4485,1958,318,3,35316,12760,82591,0,0,602,26504,23784,24931,51,0,0,18,67,33,0,94007,85677,88843,2,0,0,317
0,423,264,26199,4,18348,5903,1,4934,7213,3,712,94824,7479,3,159,4579,1739,317,3,34717,12058,82492,0,0,602,26609,23660,24949,51,0,0,19,66,35,0,94004,86063,89196,2,0,0,317
0,397,262,26196,9,18336,5897,1,4934,7213,2,719,94571,7479,3,157,4557,1691,317,3,34866,12296,82503,0,0,602,26479,23773,24946,51,0,0,18,69,33,0,94163,85448,88594,2,0,0,317
0,333,162,830,1,531,791,1,4934,7213,3,705,94427,7479,3,160,4309,1761,318,3,34547,11789,82371,0,0,602,26553,23770,24973,52,0,0,18,61,33,0,94384,86204,89310,2,0,0,317
0,424,263,26178,4,18342,5898,1,4934,7214,2,701,94336,7479,3,158,4323,1772,318,4,34822,12170,82504,0,0,602,26528,23768,24956,53,0,0,18,64,33,0,93898,85821,88973,2,0,0,317
0,422,264,26166,4,18327,5895,1,4934,7213,2,704,94355,7479,3,158,4511,1669,318,3,34936,12410,82567,0,0,602,26655,23673,24957,53,0,0,18,69,33,0,94313,86095,89241,2,0,0,317
0,433,265,26183,4,18353,5894,1,4934,7213,2,703,94738,7479,3,159,4405,1848,318,3,34815,11898,82436,0,0,602,26545,23724,24952,51,0,0,18,73,33,0,94479,86214,89418,2,0,0,317
0,425,262,26177,4,18327,5896,1,4934,7213,2,703,94356,7479,3,158,4439,1728,318,3,34882,12286,82533,0,0,602,26512,23771,24978,53,0,0,18,61,33,0,94484,86543,89721,2,0,0,317
0,417,264,26194,4,18345,5897,1,4934,7213,2,709,94452,7479,3,157,4653,1675,318,3,34672,12106,82459,0,0,602,26537,23730,24952,52,0,0,18,61,33,0,94018,85822,88992,2,0,0,317
0,427,263,26190,4,18344,5897,1,4934,7213,2,725,95010,7479,3,159,4462,1671,318,3,34914,12478,82508,0,0,602,26523,23757,24968,52,0,0,18,68,33,0,94595,86301,89678,2,0,0,317
0,432,262,26172,4,18327,5894,1,4934,7213,2,700,94369,7479,3,158,4337,1715,318,3,34806,12225,82500,0,0,602,26526,23775,24977,50,0,0,18,73,33,0,94382,86148,89309,2,0,0,317
0,400,264,26227,11,18368,5913,1,4934,7213,2,717,94199,7479,3,157,4552,1651,318,3,34673,12004,82450,0,0,602,26581,23705,24943,54,0,0,18,67,33,0,94235,85671,88818,2,0,0,317
0,420,262,26197,4,18344,5902,1,4934,7214,2,699,94185,7479,3,158,4314,1848,318,3,34916,12402,82436,0,0,602,26640,23655,24964,52,0,0,18,63,33,0,94259,85679,88849,2,0,0,317
0,425,264,26181,4,18345,5906,1,4934,7213,2,705,94525,7479,3,158,4487,1673,318,3,35126,12394,82462,0,0,602,26543,23717,24957,52,0,0,18,53,33,0,94133,86031,89152,2,0,0,317
0,422,263,26171,4,18336,5903,1,4934,7213,2,728,94683,7479,3,157,4532,1659,318,3,34885,12410,82544,0,0,602,26543,23695,24941,53,0,0,18,63,33,0,94523,85972,89160,2,0,0,317
0,418,263,26181,4,18340,5891,1,4934,7213,2,705,94117,7479,3,158,4121,1731,317,3,34540,12037,82405,0,0,602,26473,23768,24920,54,0,0,18,64,33,0,94243,85642,88851,2,0,0,317
0,414,264,26214,4,18368,5910,1,4934,7213,2,712,94258,7479,3,158,4308,1766,318,3,35023,12376,82418,0,0,602,26571,23710,24988,54,0,0,18,69,33,0,94435,85819,88969,2,0,0,317
0,422,263,26196,4,18339,5894,1,4934,7213,2,712,94779,7479,3,157,4265,1708,318,3,34678,12241,82540,0,0,602,26539,23714,24932,51,0,0,18,53,33,0,94090,85931,89106,2,0,0,317
0,396,262,26188,4,18343,5900,1,4934,7213,2,710,94047,7479,3,158,4276,1734,317,3,34891,12439,82376,0,0,602,26605,23690,24945,52,0,0,18,66,33,0,94253,85628,88765,2,0,0,317
0,432,263,26182,4,18334,5891,1,4934,7213,2,716,94117,7479,3,158,4258,1850,318,3,34616,12138,82411,0,0,602,26436,23833,24946,51,0,0,18,68,33,0,94523,86302,89425,2,0,0,317
0,424,264,26166,4,18332,5900,1,4934,7213,2,692,93669,7479,3,159,4598,1673,318,3,35009,12191,82484,0,0,602,26534,23741,24948,52,0,0,18,71,33,0,94567,85960,89284,2,0,0,317
0,434,263,26194,4,18348,5897,1,4934,7213,2,701,94489,7479,3,157,4410,1760,318,3,34682,12190,82483,0,0,602,26551,23716,24967,53,0,0,18,65,33,0,94340,86284,89437,2,0,0,317
0,423,263,26179,4,18324,5892,1,4934,7213,2,709,94642,7479,3,157,4341,1823,318,3,35247,12592,82540,0,0,602,26512,23726,24909,50,0,0,18,68,33,0,94145,85885,89029,2,0,0,317
0,399,265,26177,4,18343,5891,1,4934,7213,2,728,94219,7479,3,158,4285,1705,318,3,34786,12292,82361,0,0,602,26587,23683,24927,50,0,0,18,63,33,0,94150,85851,88967,2,0,0,317
0,422,264,26203,4,18352,5915,1,4934,7213,2,711,94184,7479,3,159,4375,1761,318,3,34819,12295,82416,0,0,602,26560,23712,24937,52,0,0,18,64,33,0,94397,86159,89498,2,0,0,317
0,435,265,26183,4,18327,5888,1,4934,7213,2,716,94239,7479,3,158,4601,1698,318,3,35276,12509,82610,0,0,602,26629,23676,24977,51,0,0,18,60,33,0,94548,86410,89575,2,0,0,317
0,425,264,26186,4,18345,5904,1,4934,7214,2,721,94545,7479,3,157,4431,1555,318,4,34801,12184,82481,0,0,602,26503,23753,24937,53,0,0,18,80,33,0,94306,85966,89176,2,0,0,317
0,399,265,26195,4,18356,5902,1,4934,7213,2,717,94075,7479,3,158,4097,1753,318,3,34749,12322,82455,0,0,602,26565,23732,24953,52,0,0,18,64,33,0,94391,85946,89100,2,0,0,317
0,421,265,26175,4,18330,5894,1,4934,7213,2,699,94557,7479,3,158,4404,1759,318,3,34935,12414,82410,0,0,602,26568,23716,24954,53,0,0,18,81,33,0,94027,85987,89157,2,0,0,317
0,412,265,26184,4,18335,5891,1,4934,7213,2,715,94652,7479,3,158,4593,1748,318,3,35080,12600,82507,0,0,602,26524,23740,24930,53,0,0,18,62,33,0,94138,86019,89192,2,0,0,317
0,425,265,26210,4,18357,5906,1,4934,7213,2,685,94210,7479,3,158,4583,1695,318,3,34578,11943,82418,0,0,602,26580,23716,24959,53,0,0,18,65,33,0,94614,85726,88912,2,0,0,317
0,395,265,26210,4,18356,5904,1,4934,7213,2,711,94133,7479,3,158,4234,1843,318,3,34537,12096,82534,0,0,602,26511,23744,24934,51,0,0,18,60,33,0,94012,85906,89119,2,0,0,317
0,423,265,26174,4,18340,5898,1,4934,7213,2,698,94314,7479,3,158,4237,1747,318,3,34672,12203,82565,0,0,602,26594,23648,24923,52,0,0,18,71,33,0,94401,85961,89122,2,0,0,317
0,423,263,26149,4,18320,5896,1,4934,7213,2,705,94227,7479,3,158,4373,1733,318,3,34997,12609,82426,0,0,602,26533,23696,24924,52,0,0,18,60,33,0,93565,85921,89082,2,0,0,317
0,427,265,26173,4,18327,5895,1,4934,7213,2,692,94136,7479,3,159,4434,1721,318,3,34742,12313,82510,0,0,602,26540,23737,24937,53,0,0,18,60,33,0,94286,86220,89423,2,0,0,317
0,313,161,830,1,529,784,1,263,502,1,224,14888,202,3,55,3481,723,318,3,7648,6409,4752,0,0,28,1085,1338,1264,15,0,0,18,20,33,0,15539,7159,10031,2,0,0,317
0,423,264,26205,4,18342,5897,1,4934,7213,2,704,94665,7479,3,158,4348,1873,318,3,34903,12342,82461,0,0,602,26516,23731,24942,51,0,0,18,68,33,0,94642,86090,89249,2,0,0,317
0,431,264,26173,4,18325,5895,1,4934,7213,2,701,94209,7479,3,158,4224,1771,318,3,35133,12574,82532,0,0,602,26592,23679,24932,50,0,0,18,68,33,0,94189,86038,89242,2,0,0,317
0,420,263,26185,4,18333,5903,1,4934,7213,2,726,94823,7479,3,158,4189,1656,318,3,34547,11972,82424,0,0,602,26608,23630,24926,52,0,0,18,68,33,0,94326,86100,89247,2,0,0,316
1,416,264,26198,4,18339,5897,1,4934,7213,2,713,94613,7479,3,158,4653,1746,317,3,34906,12311,82506,0,0,602,26475,23780,24934,52,0,0,18,70,33,0,94146,85862,88999,2,0,0,317
0,429,264,26185,4,18339,5904,1,4934,7213,2,723,94707,7479,3,157,4363,1705,318,3,34977,12393,82479,0,0,602,26557,23712,24966,51,0,0,18,63,33,0,94218,85725,88894,2,0,0,317
0,347,288,40306,4,28192,8611,1,7513,10804,2,779,133688,11330,3,182,4158,1890,318,3,48199,12709,121324,0,0,862,38897,34244,37841,56,0,0,18,61,33,0,133480,125931,129304,2,0,0,317
0,398,264,26195,4,18343,5889,1,4934,7213,2,697,94035,7479,3,158,4040,1916,318,3,34688,12050,82406,0,0,602,26674,23590,24927,53,0,0,19,67,34,0,94203,85568,88742,2,0,0,317
0,416,264,26192,4,18345,5905,1,4934,7213,2,712,94166,7479,3,158,4428,1663,317,3,34926,12389,82449,0,0,602,26526,23713,24932,54,0,0,18,70,33,0,94486,86108,89301,2,0,0,317
0,428,262,26176,4,18333,5904,1,4934,7213,2,726,94509,7479,3,158,4019,1702,318,3,35200,12476,82531,0,0,602,26582,23634,24912,53,0,0,18,57,33,0,94160,85857,88982,2,0,0,317
1,435,265,26165,4,18323,5895,1,4934,7213,2,701,94500,7479,3,158,4280,1620,372,3,35049,12283,82456,0,0,602,26572,23692,24932,52,0,0,18,62,33,0,94071,85982,89140,2,0,0,317
0,432,265,26175,4,18334,5894,1,4934,7213,2,714,94648,7479,3,158,4361,1769,318,3,34483,12024,82437,0,0,602,26619,23696,24984,53,0,0,19,68,35,0,94023,86138,89333,2,0,0,317
0,424,264,26178,4,18331,5901,1,4934,7213,2,703,94566,7479,3,158,4194,1725,318,3,34922,12295,82466,0,0,602,26648,23647,24960,53,0,0,18,66,33,0,94363,85928,89193,2,0,0,317
0,426,263,26176,4,18326,5890,1,4934,7213,2,716,94418,7479,3,157,4534,1685,318,3,34779,12234,82449,0,0,602,26597,23638,24933,52,0,0,18,70,33,0,94404,85884,89091,2,0,0,317
0,430,265,26200,4,18352,5903,1,4934,7213,2,705,94355,7479,3,158,4447,1748,318,3,35090,12319,82583,0,0,602,26577,23672,24936,50,0,0,18,59,33,0,94250,85786,89191,2,0,0,317
0,395,263,26198,4,18335,5905,1,4934,7213,2,704,94205,7479,3,158,4310,1725,318,3,34612,12067,82432,0,0,602,26561,23708,24940,54,0,0,18,70,33,0,94093,85721,88904,2,0,0,317
0,395,264,26171,4,18334,5890,1,4934,7213,2,705,94139,7479,3,158,4190,1769,318,3,34609,12117,82517,0,0,602,26614,23677,24960,48,0,0,18,67,33,0,94281,85542,88726,2,0,0,317
0,424,265,26189,4,18343,5896,1,4934,7213,2,703,94291,7479,3,158,4343,1786,318,3,35217,12631,82465,0,0,602,26517,23785,24969,51,0,0,18,69,33,0,94245,85564,88708,2,0,0,317
0,428,262,26176,4,18344,5899,1,4934,7213,2,702,94686,7479,3,158,4367,1704,318,3,35071,12300,82541,0,0,602,26470,23775,24933,53,0,0,18,64,33,0,94294,85848,89022,2,0,0,316
0,427,264,26195,4,18341,5893,1,4934,7213,2,716,94297,7479,3,158,4408,1968,318,3,34903,12115,82443,0,0,602,26589,23653,24906,51,0,0,18,70,33,0,94240,85845,89016,2,0,0,317
0,411,264,26183,4,18340,5894,1,4934,7213,2,719,94419,7479,3,159,4399,1714,318,3,34750,12249,82433,0,0,602,26595,23685,24944,52,0,0,18,53,33,0,94112,85721,88934,2,0,0,317
0,415,265,26172,4,18341,5894,1,4934,7213,2,700,94620,7479,3,158,4428,1758,318,3,34694,12082,82404,0,0,602,26545,23741,24952,50,0,0,18,68,33,0,94303,85427,88577,2,0,0,317
0,400,265,26177,4,18336,5894,1,4934,7213,2,705,94065,7479,3,157,4303,1834,318,3,34923,12344,82409,0,0,602,26529,23747,24937,51,0,0,18,69,33,0,93629,85875,89038,2,0,0,317
0,422,264,26190,4,18347,5892,1,4934,7213,2,701,94014,7479,3,159,4322,1885,318,3,35002,12351,82416,0,0,602,26562,23659,24949,51,0,0,18,63,33,0,94035,85668,88870,2,0,0,317
0,414,264,26189,4,18340,5902,1,4934,7213,2,708,94424,7479,3,158,4158,1742,318,3,35330,12698,82552,0,0,602,26565,23685,24933,53,0,0,18,60,33,0,94597,85826,89060,2,0,0,317
0,424,263,26152,4,18329,5893,1,4934,7213,2,724,94717,7479,3,158,4348,1761,318,3,35223,12711,82477,0,0,602,26541,23767,24976,53,0,0,18,69,33,0,94594,86131,89303,2,0,0,317
0,432,263,26192,4,18331,5894,1,4934,7213,2,718,94915,7479,3,158,4432,1769,318,3,35049,12270,82411,0,0,602,26602,23700,24966,52,0,0,18,61,33,0,94773,85951,89101,2,0,0,317
0,415,265,26185,4,18328,5890,1,4934,7213,2,707,94261,7479,3,157,4392,1914,318,3,34806,12294,82479,0,0,602,26589,23698,24967,51,0,0,18,67,33,0,94108,85899,89085,2,0,0,317
0,418,264,26163,4,18322,5895,1,4934,7213,2,706,94189,7479,3,158,4416,1795,318,3,35013,12493,82431,0,0,602,26593,23688,24947,52,0,0,18,65,33,0,93843,85919,89093,2,0,0,317
0,432,265,26170,4,18342,5892,1,4934,7213,2,707,93904,7479,3,158,4274,1720,318,3,34950,12538,82492,0,0,602,26567,23698,24931,52,0,0,18,72,33,0,94010,85820,88981,2,0,0,317
0,431,263,26187,4,18345,5889,1,4934,7213,2,695,94447,7479,3,158,4653,1791,318,3,34875,12281,82512,0,0,602,26567,23662,24919,50,0,0,18,72,33,0,94298,85825,89151,2,0,0,317
0,421,264,26204,4,18339,5903,1,4934,7213,2,704,94321,7479,3,158,4318,1769,318,3,35033,12654,82479,0,0,602,26593,23664,24932,54,0,0,18,90,33,0,94449,86197,89529,2,0,0,317
0,396,265,26180,4,18329,5890,1,4934,7213,2,713,94424,7479,3,158,4395,1803,318,3,34472,11988,82426,0,0,602,26525,23735,24947,52,0,0,18,66,33,0,94076,85453,88663,2,0,0,371
0,419,264,26182,4,18328,5893,1,4934,7213,2,695,94101,7479,3,158,4623,1667,318,3,34907,12300,82415,0,0,602,26583,23669,24934,53,0,0,18,68,33,0,94233,86217,89358,2,0,0,317
0,433,264,26180,4,18332,5893,1,4934,7213,2,722,94898,7479,3,158,4031,1703,318,3,35130,12558,82416,0,0,602,26620,23686,24979,53,0,0,18,62,33,0,94326,86226,89515,2,0,0,317
0,418,263,26188,4,18340,5901,1,4934,7213,2,698,94184,7479,3,158,4604,1658,318,3,34634,12152,82534,0,0,602,26528,23749,24948,51,0,0,18,59,33,0,94434,85911,89118,2,0,0,317
0,358,139,26166,4,18326,5896,1,4934,7213,2,706,94384,7479,3,157,4467,1733,318,3,34711,12260,82446,0,0,602,26540,23708,24907,53,0,0,18,83,33,0,94578,85896,89014,2,0,0,317
0,349,264,26176,4,18316,5886,1,4934,7213,2,693,93885,7479,3,157,4175,1701,318,3,34171,11697,82369,0,0,602,26569,23642,24887,49,0,0,18,67,33,0,94225,85545,88742,2,0,0,317
0,419,263,26195,4,18347,5902,1,4934,7213,2,709,94222,7479,3,156,4598,1751,318,3,34887,12364,82472,0,0,602,26608,23700,24974,52,0,0,18,69,33,0,94687,86161,89287,2,0,0,317
0,423,263,26177,4,18342,5894,1,4934,7213,2,712,94621,7479,3,158,4283,1699,318,3,34929,12399,82530,0,0,602,26628,23655,24973,52,0,0,18,61,33,0,94157,85854,89007,2,0,0,317
0,422,263,26177,4,18327,5904,1,4934,7213,2,715,94533,7479,3,157,4610,1630,318,3,34845,12325,82499,0,0,602,26551,23700,24923,51,0,0,18,78,33,0,94177,86251,89390,2,0,0,317
0,429,263,26172,4,18321,5889,1,4934,7214,2,715,94396,7479,3,157,4599,1893,318,3,34887,12269,82419,0,0,602,26581,23705,24969,50,0,0,19,60,35,0,94918,85925,89226,2,0,0,317
0,423,264,26198,4,18339,5898,1,4934,7213,2,697,94245,7479,3,157,4238,1700,318,3,34832,12239,82531,0,0,602,26630,23659,24938,55,0,0,18,49,33,0,94651,86182,89366,2,0,0,317
0,416,263,26177,4,18325,5902,1,4934,7213,2,715,94768,7479,3,158,4184,1701,318,3,35037,12510,82551,0,0,602,26533,23775,24970,50,0,0,18,56,33,0,94803,86005,89167,2,0,0,317
0,393,263,26179,4,18336,5890,1,4934,7213,2,726,94039,7479,3,158,4545,1737,318,3,34647,12144,82497,0,0,602,26551,23706,24942,53,0,0,18,60,33,0,94080,85810,89098,2,0,0,317
0,426,263,26175,4,18335,5895,1,4934,7213,2,705,94247,7479,3,157,4314,1578,318,3,35108,12470,82542,0,0,602,26603,23673,24942,50,0,0,18,69,33,0,94098,86265,89404,2,0,0,317
0,398,262,26197,9,18348,5905,1,4934,7213,2,712,94090,7479,3,157,4293,1670,318,3,34866,12230,82421,0,0,602,26657,23629,24985,52,0,0,18,66,33,0,93944,85648,88830,2,0,0,317
0,419,263,26167,4,18335,5895,1,4934,7213,2,711,94525,7479,3,157,4775,1807,318,3,34990,12460,82529,0,0,602,26497,23730,24920,51,0,0,18,85,33,0,94848,86486,89670,2,0,0,317
0,421,263,26184,4,18324,5894,1,4934,7213,2,713,94626,7479,3,156,4116,1712,318,3,35236,12684,82568,0,0,602,26580,23693,24952,52,0,0,18,66,33,0,94376,86158,89317,2,0,0,317
0,424,263,26193,4,18341,5899,1,4934,7213,2,725,94363,7479,3,157,4099,1798,377,3,34708,12129,82431,0,0,602,26602,23688,24963,54,0,0,19,76,35,0,94252,85912,89201,2,0,0,317
0,340,137,26185,4,18339,5900,1,4934,7213,2,711,94452,7479,3,157,4486,1815,318,3,35067,12383,82513,0,0,602,26210,24079,24942,52,0,0,18,79,33,0,94387,86399,89541,2,0,0,317
0,431,263,26184,4,18330,5891,1,4934,7213,2,708,93822,7479,3,158,4408,1737,318,4,34932,12135,82449,0,0,602,26586,23675,24941,54,0,0,18,65,33,0,94328,85925,89039,2,0,0,317
0,353,264,26160,4,18331,5896,1,4934,7213,2,684,93549,7479,3,158,4382,1648,318,3,33864,11885,82443,0,0,602,26328,23965,24949,52,0,0,18,77,33,0,93770,85237,88405,2,0,0,317
0,402,264,26158,4,18328,5895,1,4934,7213,2,715,94036,7479,3,159,4036,1719,318,3,34374,12139,82489,0,0,602,26283,23995,24949,50,0,0,18,87,33,0,94080,85762,88947,2,0,0,317
0,404,263,26176,4,18327,5885,1,4934,7213,2,694,93993,7479,3,157,4477,1715,318,3,34653,12352,82446,0,0,602,26436,23823,24940,52,0,0,18,67,33,0,94295,85780,88951,2,0,0,317
0,398,263,26169,10,18334,5896,1,4934,7213,2,709,93996,7479,3,157,4532,1775,318,3,34385,12062,82474,0,0,602,26311,23976,24931,54,0,0,18,66,33,0,94251,85699,88838,2,0,0,317
0,421,261,26140,4,18308,5890,1,4934,7213,2,706,94381,7479,3,159,4408,1802,318,3,34667,12109,82376,0,0,602,26428,23832,24962,53,0,0,18,68,33,0,94330,86531,89660,2,0,0,317
0,420,264,26174,4,18326,5897,1,4934,7213,2,731,94461,7479,3,159,4630,1958,318,3,34802,12645,82488,0,0,602,26519,23823,24983,56,0,0,18,63,33,0,93990,85745,88884,2,0,0,317
0,399,265,26193,4,18345,5903,1,4934,7213,2,708,94427,7479,3,157,4352,1925,318,3,34373,11740,82506,0,0,602,26615,23672,24959,52,0,0,18,59,33,0,94117,85715,88877,2,0,0,317
0,421,264,26187,4,18334,5894,1,4934,7213,2,691,94099,7479,3,159,4326,1719,318,3,35037,12835,82429,0,0,602,26556,23669,24914,53,0,0,18,69,33,0,94156,85541,88720,2,0,0,317
0,425,262,26201,4,18347,5896,1,4934,7214,2,699,94361,7479,3,158,4583,1764,318,3,35259,12470,82552,0,0,602,26275,23972,24935,50,0,0,18,75,33,0,94647,85867,89056,2,0,0,317
0,400,264,26195,4,18345,5896,1,4934,7213,2,710,94100,7479,3,158,4378,1776,318,3,34561,12055,82368,0,0,602,26336,23911,24925,52,0,0,19,71,35,0,94059,85995,89171,2,0,0,317
0,429,263,26194,4,18348,5902,1,4934,7213,2,695,94341,7479,3,159,4126,1731,318,3,34680,12566,82500,0,0,602,26646,23630,24950,54,0,0,18,68,33,0,94278,85926,89075,2,0,0,317
0,424,263,26176,4,18331,5894,1,4934,7213,2,702,94420,7479,3,157,4199,2068,318,3,35034,12291,82429,0,0,602,26519,23732,24914,53,0,0,18,60,33,0,93843,86355,89504,2,0,0,317
0,397,262,26199,4,18342,5897,1,4934,7213,2,694,94272,7479,3,158,4623,1916,318,3,34881,12385,82510,0,0,602,26342,23929,24962,52,0,0,18,67,33,0,93913,85805,89123,2,0,0,317
0,416,263,26184,4,18344,5892,1,4934,7213,2,724,95072,7479,3,158,4406,1768,318,3,34604,12556,82421,0,0,602,26592,23724,24959,51,0,0,18,61,33,0,94679,85938,89138,2,0,0,317
0,422,265,26149,4,18327,5896,1,4934,7213,2,712,94834,7479,3,159,4599,1717,318,3,35207,12558,82553,0,0,602,26622,23663,24946,53,0,0,18,84,33,0,94037,85826,88938,2,0,0,317
0,419,263,26165,4,18323,5891,1,4934,7213,2,713,94315,7479,3,158,4414,1779,318,3,34497,12306,82414,0,0,602,26352,23932,24937,53,0,0,18,59,33,0,94227,85867,89191,2,0,0,317
1,334,162,827,1,529,788,1,263,502,1,216,15103,202,3,55,3870,564,318,3,7955,6790,4795,0,0,28,1087,1342,1274,14,0,0,18,22,33,0,15894,7284,10188,2,0,0,317
0,422,265,26177,4,18342,5899,1,4934,7213,2,701,94184,7479,3,159,4504,1729,318,3,35280,12772,82459,0,0,602,26549,23731,24955,53,0,0,18,60,33,0,94353,86305,89417,2,0,0,317
0,420,265,26180,4,18338,5885,1,4934,7213,2,712,94554,7479,3,159,4058,1774,318,3,35223,12762,82486,0,0,602,26266,24018,24955,54,0,0,18,68,33,0,94405,86069,89247,2,0,0,317
0,424,262,26176,4,18329,5887,1,4934,7213,2,718,94327,7479,3,158,4348,1922,318,3,34689,12116,82445,0,0,602,26346,23939,24929,53,0,0,18,69,33,0,94385,85775,89141,2,0,0,316
0,330,158,818,1,525,788,1,4934,7213,3,706,94678,202,3,55,3580,680,318,3,7774,6652,4783,0,0,28,1129,1299,1264,15,0,0,18,21,33,0,15870,85642,88849,2,0,0,317
0,419,264,26197,4,18348,5901,1,4934,7213,2,686,94661,7479,3,157,4491,1625,318,3,34728,12317,82440,0,0,602,26284,23979,24943,52,0,0,18,68,33,0,94359,85618,88791,2,0,0,317
0,431,265,26172,4,18338,5896,0,4934,7213,2,729,94326,7479,3,157,4550,1840,318,3,34510,12164,82345,0,0,602,26594,23725,24970,53,0,0,18,67,33,0,94578,86018,89192,2,0,0,317
0,396,263,26183,10,18340,5902,1,4934,7213,2,699,93898,7479,3,157,4546,1759,318,3,34516,11812,82506,0,0,602,26405,23859,24928,53,0,0,19,73,35,0,93985,85910,89127,2,0,0,317
0,422,262,26192,4,18348,5902,1,4934,7213,2,728,94692,7479,3,158,4321,1776,318,3,35159,12750,82424,0,0,602,26432,23794,24897,52,0,0,18,61,33,0,94135,86219,89593,2,0,0,317
0,398,264,26181,4,18339,5898,1,4934,7213,2,717,94491,7479,3,159,4231,1745,318,3,34606,12008,82487,0,0,602,26589,23685,24966,55,0,0,18,67,33,0,93937,85713,88903,2,0,0,317
0,418,262,26180,4,18353,5900,1,4934,7214,2,706,94512,7479,3,159,4259,1756,318,3,34511,12128,82406,0,0,602,26599,23703,24952,52,0,0,18,50,33,0,94253,85847,89012,2,0,0,317
0,398,265,26215,4,18364,5889,1,4934,7213,2,713,94256,7479,3,159,4401,1741,318,3,34030,11907,82353,0,0,602,26539,23763,24964,53,0,0,18,58,33,0,94131,85783,88959,2,0,0,317
0,429,263,26182,4,18335,5893,1,4934,7213,2,724,94451,7479,3,158,4327,1734,318,3,35140,12536,82513,0,0,602,26667,23579,24927,50,0,0,18,63,33,0,94528,86189,89315,2,0,0,317
0,425,264,26176,4,18322,5893,1,4934,7213,2,711,94540,7479,3,158,4516,1738,318,3,35241,12682,82527,0,0,602,26610,23701,24968,53,0,0,18,69,33,0,94271,86090,89258,2,0,0,317
0,416,262,26149,4,18330,5899,1,4934,7213,2,701,94261,7479,3,159,4357,1835,318,3,35088,12512,82494,0,0,602,26639,23636,24943,53,0,0,18,70,33,0,94046,85898,89068,2,0,0,317
0,394,265,26171,9,18344,5902,1,4934,7213,2,721,94300,7479,3,158,4254,1737,318,3,34570,11857,82367,0,0,602,26526,23709,24927,52,0,0,18,64,33,0,94171,85764,88913,2,0,0,317
0,422,264,26178,4,18328,5894,1,4934,7213,2,714,94065,7479,3,158,3950,1763,378,3,35103,12255,82510,0,0,602,26519,23797,24982,55,0,0,18,71,33,0,94676,86063,89405,2,0,0,317
0,422,264,26184,4,18350,5902,1,4934,7213,2,716,94373,7479,3,158,4242,1740,318,3,34700,12068,82430,0,0,602,26638,23658,24964,53,0,0,18,66,33,0,94242,86262,89405,2,0,0,317
0,415,264,26168,4,18343,5902,1,4934,7213,2,695,94338,7479,3,158,4163,1921,318,3,34374,12220,82513,0,0,602,26611,23643,24927,52,0,0,18,58,33,0,94580,85941,89327,2,0,0,317
0,416,264,26218,4,18362,5906,1,4934,7213,2,708,94513,7479,3,158,4493,1755,318,3,35080,12444,82413,0,0,602,26588,23700,24963,54,0,0,19,69,35,0,94168,85869,89051,2,0,0,317
0,415,262,26165,4,18328,5890,1,4934,7213,2,700,93915,7479,3,157,4348,1894,318,3,34771,12093,82408,0,0,602,26615,23661,24936,53,0,0,18,67,33,0,94302,85600,88739,2,0,0,316
0,420,263,26192,4,18348,5897,1,4934,7213,2,712,94539,7479,3,159,4387,1644,318,3,34729,12142,82441,0,0,602,26522,23803,24993,54,0,0,19,84,35,0,94237,85825,89041,2,0,0,317
0,398,264,26178,4,18330,5901,1,4934,7213,2,694,94084,7479,3,159,4609,1776,318,3,34419,12233,82432,0,0,602,26365,23927,24963,51,0,0,18,68,33,0,93740,85845,89025,2,0,0,317
0,398,262,26183,4,18336,5894,1,4934,7214,2,704,94183,7479,3,158,4317,1739,318,3,34942,12302,82451,0,0,602,26335,23922,24930,51,0,0,18,59,33,0,93823,85822,88966,2,0,0,317
0,423,264,26198,4,18332,5896,1,4934,7213,2,699,94428,7479,3,158,4510,1684,318,3,34883,12304,82450,0,0,602,26330,23912,24921,53,0,0,18,67,33,0,93767,85466,88602,2,0,0,317
0,430,264,26170,4,18351,5893,1,4934,7213,2,743,95040,7479,3,158,4228,1925,318,3,34744,12679,82585,0,0,602,26447,23855,24956,54,0,0,18,64,33,0,93940,85759,89079,2,0,0,317
0,418,262,26187,4,18345,5899,1,4934,7213,2,714,94584,7479,3,157,4736,1596,318,3,35133,12390,82467,0,0,602,26591,23647,24917,52,0,0,18,72,33,0,94446,85978,89147,2,0,0,316
0,421,262,26190,4,18355,5897,1,4934,7213,2,707,94667,7479,3,158,4263,1672,318,3,35055,12875,82450,0,0,602,26361,23945,24960,55,0,0,18,83,33,0,94121,85947,89116,2,0,0,317
0,354,138,26186,4,18337,5900,1,4934,7213,2,713,94497,7479,3,158,4202,1765,318,3,34981,12488,82453,0,0,602,26627,23697,24963,50,0,0,18,67,33,0,94580,86161,89295,2,0,0,317
0,417,264,26201,4,18343,5909,1,4934,7213,2,714,94379,7479,3,158,4276,1736,318,3,35192,12513,82413,0,0,602,26609,23641,24914,52,0,0,18,61,33,0,93921,86038,89245,2,0,0,317
0,400,264,26208,4,18355,5897,1,4934,7213,2,713,94288,7479,3,157,4241,1770,318,3,34583,11781,82414,0,0,602,26627,23653,24930,51,0,0,19,61,35,0,94099,85719,88891,2,0,0,317
0,411,264,26184,4,18341,5908,1,4934,7213,2,700,94259,7479,3,158,4452,1543,317,3,35066,12494,82471,0,0,602,26512,23778,24960,55,0,0,18,77,33,0,94459,85655,88822,2,0,0,317
0,417,261,26179,4,18338,5902,1,4934,7213,2,710,94205,7479,3,157,4289,1722,318,3,34905,12282,82467,0,0,602,26623,23682,24969,52,0,0,18,72,33,0,94481,85676,88829,2,0,0,317
0,428,264,26185,4,18346,5898,1,4934,7213,2,706,94186,7479,3,157,4165,1727,318,3,35120,12471,82411,0,0,602,26676,23658,24972,53,0,0,18,76,33,0,93929,85958,89120,2,0,0,317
0,399,263,26184,4,18336,5898,1,4934,7213,2,692,94008,7479,3,159,4721,1986,318,4,34780,11953,82522,0,0,602,26548,23719,24948,53,0,0,18,68,33,0,93865,86015,89159,2,0,0,317
0,418,264,26195,4,18355,5903,1,4934,7213,2,710,94376,7479,3,157,4468,1983,318,3,35250,12155,82386,0,0,602,26582,23728,24971,54,0,0,18,71,33,0,94384,86380,89650,2,0,0,317
0,419,264,26167,4,18331,5901,1,4934,7213,2,709,94288,7479,3,157,4295,1646,318,3,35100,12640,82583,0,0,602,26589,23716,24969,52,0,0,18,75,33,0,94766,86048,89372,2,0,0,317
0,424,261,26178,4,18338,5899,1,4934,7213,2,715,94366,7479,3,158,4437,1662,318,3,34502,11838,82439,0,0,602,26579,23686,24961,50,0,0,18,63,33,0,94329,85860,89057,2,0,0,317
0,414,264,26180,4,18333,5896,1,4934,7213,2,721,94435,7479,3,158,4458,1735,318,3,34969,12398,82458,0,0,602,26550,23725,24957,50,0,0,18,54,33,0,94121,86126,89324,2,0,0,317
1,329,160,838,1,535,787,1,263,502,1,222,15365,202,3,53,3799,559,318,3,7949,6763,4779,0,0,28,1095,1331,1272,15,0,0,18,65,33,0,94154,7350,10255,2,0,0,317
0,423,263,26186,4,18354,5903,1,4934,7214,2,711,94315,7479,3,158,4293,1765,317,3,34917,12404,82491,0,0,602,26581,23656,24911,54,0,0,18,88,33,0,94043,85949,89164,2,0,0,316
0,398,263,26228,4,18355,5907,1,4934,7213,2,714,94648,7479,3,158,4267,1711,318,3,34913,12360,82438,0,0,602,26599,23685,24961,51,0,0,18,61,33,0,94054,85607,88770,2,0,0,317
0,414,263,26193,4,18341,5905,1,4934,7213,2,723,94841,7479,3,157,4487,1719,318,3,34962,12469,82465,0,0,602,26596,23672,24955,52,0,0,18,66,33,0,94130,85637,88792,2,0,0,317
0,426,263,26204,4,18350,5899,1,4934,7213,2,708,94681,7479,3,157,4369,1953,318,3,34705,12179,82502,0,0,602,26517,23722,24921,50,0,0,18,61,33,0,94256,85915,89290,2,0,0,317
0,399,264,26189,4,18342,5892,1,4934,7213,2,702,94450,7479,3,159,4460,1696,318,3,34470,11990,82496,0,0,602,26516,23776,24978,53,0,0,19,68,35,0,94097,85765,88913,2,0,0,317
0,393,262,26172,4,18328,5888,1,4934,7213,2,708,93929,7479,3,158,4344,1793,318,3,34473,11998,82455,0,0,602,26681,23620,24972,53,0,0,18,57,33,0,94383,85843,89017,2,0,0,317
0,418,265,26156,4,18322,5893,1,4934,7213,2,713,94389,7479,3,157,4486,1730,318,3,34785,12153,82488,0,0,602,26687,23574,24955,50,0,0,18,64,33,0,94599,86181,89311,2,0,0,317
0,423,263,26213,4,18354,5905,1,4934,7213,2,713,94316,7479,3,158,4494,1813,318,3,34632,12109,82433,0,0,602,26610,23648,24936,54,0,0,18,65,33,0,94256,86492,89701,2,0,0,317
0,314,159,830,1,529,787,1,4934,7213,3,693,94078,7479,3,158,4831,1900,318,3,34750,11946,82469,0,0,602,26577,23687,24960,51,0,0,18,63,33,0,94267,85616,88775,2,0,0,317
0,398,264,26180,4,18341,5893,1,4934,7213,2,714,94568,7479,3,159,4340,1686,318,3,34463,11904,82463,0,0,602,26628,23637,24949,52,0,0,18,59,33,0,94113,85273,88395,2,0,0,317
0,432,263,26171,4,18322,5893,1,4934,7213,2,691,94441,7479,3,158,4288,1852,318,3,35200,12345,82414,0,0,602,26675,23631,24975,53,0,0,18,59,33,0,94379,85674,88843,2,0,0,317
0,421,263,26196,4,18340,5904,1,4934,7213,2,701,94197,7479,3,157,4562,1798,318,3,35006,12571,82494,0,0,602,26576,23664,24923,54,0,0,18,63,33,0,94556,86485,89656,2,0,0,316
0,400,265,26187,4,18341,5898,1,4934,7213,2,710,94242,7479,3,158,4204,1823,318,3,34418,11891,82408,0,0,602,26550,23734,24965,52,0,0,18,83,33,0,94265,85653,88796,2,0,0,317
0,418,265,26173,4,18337,5896,1,4934,7213,2,721,94422,7479,3,157,4484,1920,318,3,34701,12197,82451,0,0,602,26610,23658,24933,54,0,0,18,67,33,0,94430,86227,89422,2,0,0,317
0,424,261,26194,4,18348,5901,1,4934,7213,2,704,94641,7479,3,158,4607,1640,318,3,35167,12517,82494,0,0,602,26580,23659,24933,54,0,0,18,81,33,0,94567,85956,89105,2,0,0,317
0,398,263,26172,4,18329,5897,1,4934,7213,2,705,94071,7479,3,159,4184,1641,318,3,34517,11961,82368,0,0,602,26567,23716,24987,54,0,0,18,66,33,0,94374,85823,89161,2,0,0,316
0,400,264,26206,4,18345,5893,1,4934,7213,2,703,94019,7479,3,158,4504,1796,318,3,34936,11973,82483,0,0,602,26515,23772,24966,50,0,0,19,65,35,0,94567,86106,89283,2,0,0,317
0,420,263,26174,4,18323,5893,1,4934,7213,2,712,94359,7479,3,157,4359,1735,318,3,35357,12867,82574,0,0,602,26650,23653,24980,53,0,0,18,48,33,0,94481,86160,89417,2,0,0,317
0,422,263,26173,4,18325,5898,1,4934,7213,2,716,94342,7479,3,157,4374,1776,318,3,35082,12501,82438,0,0,602,26485,23747,24909,52,0,0,18,63,33,0,93909,86199,89364,2,0,0,317
0,395,262,26175,4,18322,5898,1,4934,7213,2,713,94290,7479,3,158,4331,1710,318,3,34834,12212,82449,0,0,602,26672,23619,24969,50,0,0,18,64,33,0,94250,85845,88976,2,0,0,317
0,423,264,26177,4,18326,5898,1,4934,7213,2,706,94237,7479,3,157,4304,1772,318,4,34806,12085,82496,0,0,602,26674,23607,24965,54,0,0,18,61,33,0,94354,86294,89475,2,0,0,317
0,429,263,26172,4,18327,5896,1,4934,7213,2,714,94412,7479,3,157,4452,1877,318,3,34997,12492,82472,0,0,602,26603,23711,24972,53,0,0,18,69,33,0,94125,85854,89061,2,0,0,317
0,396,261,26199,4,18343,5899,1,4934,7214,2,699,94270,7479,3,158,4392,1683,318,3,34917,12438,82494,0,0,602,26535,23743,24946,53,0,0,18,66,33,0,93998,85655,88797,2,0,0,317
0,415,265,26168,4,18325,5904,1,4934,7213,2,705,94678,7479,3,158,4384,1856,318,3,34557,11979,82340,0,0,602,26463,23837,24954,50,0,0,18,52,33,0,94618,85856,89173,2,0,0,317
0,428,264,26194,4,18343,5901,1,4934,7213,2,725,94519,7479,3,157,4516,1761,318,3,35067,12461,82579,0,0,602,26558,23706,24933,53,0,0,18,73,33,0,94102,86031,89166,2,0,0,317
0,424,263,26167,4,18326,5899,1,263,502,1,225,15310,202,3,55,3697,685,318,3,34883,12357,82516,0,0,602,26532,23774,24956,53,0,0,18,62,33,0,94451,86187,89434,2,0,0,317
0,428,263,26215,4,18353,5902,1,4934,7213,2,722,94664,7479,3,157,4679,1893,318,3,34877,12353,82455,0,0,602,26583,23664,24927,49,0,0,18,63,33,0,94667,86188,89358,2,0,0,317
0,426,264,26194,4,18344,5902,1,4934,7213,2,697,94500,7479,3,158,4452,1766,318,3,35148,12531,82442,0,0,602,26629,23661,24982,55,0,0,18,74,33,0,94438,85963,89224,2,0,0,317
0,428,263,26175,4,18330,5900,1,4934,7214,2,703,94122,7479,3,157,4254,1651,318,3,35058,12585,82510,0,0,602,26466,23802,24954,50,0,0,18,66,33,0,94182,86079,89209,2,0,0,317
0,417,262,26178,4,18328,5891,1,4934,7213,2,712,94565,7479,3,158,4366,1817,318,3,35105,12246,82455,0,0,602,26508,23745,24915,53,0,0,18,67,33,0,94048,85956,89106,2,0,0,317
0,427,263,26206,4,18352,5899,1,4934,7213,2,699,94414,7479,3,158,4353,1839,318,3,34423,11847,82504,0,0,602,26673,23644,24967,53,0,0,18,73,33,0,94686,86140,89281,2,0,0,317
0,434,262,26186,4,18349,5913,1,4934,7213,2,704,94391,7479,3,157,4497,1767,318,3,34958,12222,82525,0,0,602,26606,23676,24933,51,0,0,18,67,33,0,94004,85938,89269,2,0,0,317
0,415,261,26166,4,18320,5893,1,4934,7213,2,716,94592,7479,3,158,4247,1826,318,3,34830,12286,82519,0,0,602,26551,23708,24931,51,0,0,18,64,33,0,94611,86217,89396,2,0,0,317
0,424,264,26198,4,18344,5910,1,4934,7213,2,708,94242,7479,3,157,4527,1798,318,3,35094,12398,82448,0,0,602,26483,23780,24952,55,0,0,18,72,33,0,94184,86016,89210,2,0,0,317
0,423,263,26181,4,18337,5897,1,4934,7213,2,720,94519,7479,3,157,4276,1733,318,3,34885,12284,82480,0,0,602,26516,23741,24941,53,0,0,18,61,33,0,94056,86325,89468,2,0,0,317
0,429,263,26195,4,18346,5902,1,4934,7213,2,697,94295,7479,3,157,4394,1805,318,3,34853,12221,82458,0,0,602,26595,23677,24933,51,0,0,18,62,33,0,93854,85952,89362,2,0,0,316
0,398,264,26194,4,18339,5908,1,4934,7213,2,704,94053,7479,3,157,4108,1709,318,3,34888,12378,82434,0,0,602,26592,23676,24939,52,0,0,18,58,33,0,93931,85748,88897,2,0,0,317
0,417,264,26198,4,18341,5895,1,4934,7213,2,727,94880,7479,3,157,4313,1742,318,3,34997,12502,82501,0,0,602,26394,23885,24957,55,0,0,18,66,33,0,94266,86524,89742,2,0,0,316
0,431,263,26195,4,18345,5900,1,4934,7214,2,707,94552,7479,3,157,4295,1782,318,3,34693,11995,82404,0,0,602,26450,23816,24919,52,0,0,18,64,33,0,94132,86089,89222,2,0,0,317
0,427,263,26188,4,18338,5900,1,4934,7214,2,712,94281,7479,3,157,4329,1737,318,3,34868,12276,82411,0,0,602,26575,23678,24919,52,0,0,18,64,33,0,94298,86081,89240,2,0,0,317
0,399,262,26162,4,18319,5897,1,4934,7213,2,689,94074,7479,3,158,4616,1735,318,3,34686,12149,82577,0,0,602,26593,23714,24977,52,0,0,18,64,33,0,94254,85885,89031,2,0,0,317
0,424,265,26181,4,18339,5906,1,4934,7213,2,710,94815,7479,3,158,4454,1778,318,3,34972,12430,82464,0,0,602,26577,23718,24947,51,0,0,18,77,33,0,94782,85836,89032,2,0,0,317
0,430,261,26216,4,18359,5906,1,4934,7213,2,710,94199,7479,3,158,4379,1654,318,3,34931,12332,82530,0,0,602,26654,23639,24935,51,0,0,18,56,33,0,94501,85808,88987,2,0,0,317
0,431,264,26193,4,18343,5897,1,4934,7213,2,702,93962,7479,3,157,4338,1716,318,3,35125,12317,82486,0,0,602,26569,23722,24988,53,0,0,18,76,33,0,94347,85923,89068,2,0,0,317
1,343,159,836,1,535,789,1,4934,7213,2,729,94889,7479,3,159,4271,1780,318,3,35153,12526,82448,0,0,602,26576,23682,24941,52,0,0,18,62,33,0,94342,7394,10248,2,0,0,317
0,429,263,26194,4,18336,5885,1,4934,7213,2,701,94507,7479,3,158,4541,1776,318,3,34878,12270,82428,0,0,602,26597,23664,24938,52,0,0,18,59,33,0,94222,85853,89036,2,0,0,317
0,415,261,26175,4,18320,5897,1,4934,7213,2,708,94673,7479,3,157,4264,1827,318,3,35231,12694,82507,0,0,602,26639,23664,24968,51,0,0,18,65,33,0,94172,86060,89231,2,0,0,317
0,432,263,26203,4,18340,5889,1,4934,7213,2,706,94113,7479,3,157,4319,1717,318,3,35099,12339,82438,0,0,602,26565,23696,24941,52,0,0,18,59,33,0,94106,86514,89656,2,0,0,317
0,427,262,26207,4,18346,5900,1,4934,7213,3,702,94096,202,3,53,3665,635,318,3,35212,12664,82441,0,0,602,26568,23708,24940,53,0,0,18,23,33,0,15777,86259,89657,2,0,0,317
0,419,263,26193,4,18346,5900,1,4934,7213,2,709,94312,7479,3,158,4409,1740,317,3,35115,12479,82567,0,0,602,26604,23667,24947,52,0,0,18,54,33,0,94400,86225,89549,2,0,0,317
0,347,263,26182,4,18321,5894,1,4934,7213,2,688,93863,7479,3,157,4250,1771,318,3,34307,11833,82515,0,0,602,26587,23646,24936,52,0,0,18,65,33,0,93884,85461,88596,2,0,0,317
0,420,265,26178,4,18330,5893,1,4934,7213,2,701,94311,7479,3,157,4579,1734,318,3,34613,12112,82353,0,0,602,26658,23669,24973,49,0,0,18,61,33,0,94446,86421,89599,2,0,0,317
0,427,263,26184,4,18342,5907,1,4934,7213,2,716,94447,7479,3,157,4327,1759,318,3,34678,12206,82523,0,0,602,26608,23689,24973,52,0,0,18,64,33,0,94286,86027,89173,2,0,0,317
0,397,263,26166,12,18334,5903,1,4934,7213,2,718,94335,7479,3,157,4320,1984,318,3,34735,12077,82533,0,0,602,26638,23622,24980,53,0,0,18,59,33,0,94224,85751,89080,2,0,0,317
0,419,264,26208,4,18359,5903,1,4934,7213,2,692,94036,7479,3,157,4443,1668,318,3,34950,12382,82490,0,0,602,26591,23687,24962,52,0,0,19,73,35,0,94679,85657,88936,2,0,0,377
0,422,263,26187,4,18333,5901,1,4934,7213,2,727,94752,7479,3,157,4199,1746,318,3,34702,12125,82523,0,0,602,26613,23671,24965,52,0,0,18,79,33,0,94510,85935,89316,2,0,0,317
0,398,264,26207,4,18356,5904,1,4934,7213,2,706,94386,7479,3,158,4257,1785,318,3,34472,11931,82437,0,0,602,26562,23758,24982,55,0,0,18,60,33,0,94148,85652,88842,2,0,0,316
0,418,262,26166,4,18320,5893,1,4934,7213,2,714,94407,7479,3,158,4125,1657,318,3,34969,12332,82382,0,0,602,26654,23655,24979,52,0,0,18,71,33,0,94001,85604,88852,2,0,0,317
0,430,263,26199,4,18350,5908,1,4934,7213,2,705,94486,7479,3,157,4178,2130,318,3,34892,12367,82490,0,0,602,26566,23701,24950,54,0,0,18,63,33,0,94829,86212,89425,2,0,0,317
0,421,263,26184,4,18335,5889,1,4934,7213,2,706,94635,7479,3,158,4390,1910,318,3,35026,12458,82531,0,0,602,26656,23613,24937,52,0,0,18,64,33,0,94156,86011,89240,2,0,0,317
0,419,261,26193,4,18349,5904,1,4934,7213,2,711,94529,7479,3,157,4311,1840,318,3,35205,12648,82532,0,0,602,26615,23686,24957,52,0,0,18,68,33,0,94521,86018,89140,2,0,0,317
1,344,159,831,1,534,791,1,263,502,0,222,15179,202,3,55,3433,588,318,3,7898,6734,4810,0,0,28,1097,1328,1273,15,0,0,18,22,33,0,15595,7337,10282,2,0,0,317
0,421,262,26176,4,18333,5900,1,4934,7213,2,714,94518,7479,3,158,4645,1732,318,3,34957,12503,82421,0,0,602,26607,23675,24947,52,0,0,18,56,33,0,94272,85977,89272,2,0,0,317
0,396,261,26189,9,18340,5903,1,4934,7213,2,697,94015,7479,3,157,4307,1745,318,3,34725,11952,82408,0,0,602,26572,23665,24928,52,0,0,18,67,34,0,93931,85862,89070,2,0,0,317
0,397,263,26173,9,18334,5899,1,4934,7213,2,722,94338,7479,3,158,4127,1680,318,3,34859,11985,82484,0,0,602,26559,23734,24971,51,0,0,18,66,33,0,94209,85728,88848,2,0,0,317
0,395,262,26183,4,18337,5896,1,4934,7213,2,717,94253,7479,3,158,4627,1743,318,3,34651,12158,82428,0,0,602,26574,23697,24950,52,0,0,18,82,33,0,93989,86253,89436,2,0,0,317
0,418,264,26179,4,18338,5893,1,4934,7213,2,694,94477,7479,3,157,4171,1935,318,3,34797,12379,82465,0,0,602,26580,23653,24924,54,0,0,19,84,35,0,94614,86111,89251,2,0,0,317
0,420,263,26182,4,18326,5893,1,4934,7213,2,704,94247,7479,3,157,4222,1736,318,3,34755,11940,82466,0,0,602,26550,23699,24936,51,0,0,18,66,33,0,94064,86509,89615,2,0,0,317
0,426,264,26186,4,18342,5891,1,4934,7213,2,699,94572,7479,3,157,4188,1928,318,3,34968,12424,82411,0,0,602,26534,23700,24915,52,0,0,18,66,33,0,94105,85991,89161,2,0,0,317
0,344,137,26204,4,18358,6218,1,4934,7213,2,715,94383,7479,3,158,4379,1740,318,3,34928,12488,82413,0,0,602,26583,23678,24913,54,0,0,18,60,33,0,94761,86523,89710,2,0,0,317
0,398,262,26185,4,18336,5893,1,4934,7213,2,712,94178,7479,3,158,4592,1769,318,3,34799,11788,82482,0,0,602,26565,23656,24902,52,0,0,18,80,33,0,94304,85660,88858,2,0,0,317
0,423,263,26187,4,18345,5898,1,4934,7213,2,706,94699,7479,3,158,4264,1714,318,3,34767,12250,82500,0,0,602,26585,23668,24940,51,0,0,18,63,33,0,94628,85938,89232,2,0,0,317
0,427,264,26195,4,18346,5896,1,4934,7213,2,694,94311,7479,3,158,4468,1683,318,3,35125,12501,82513,0,0,602,26715,23624,24988,54,0,0,18,61,33,0,94368,85862,89048,2,0,0,317
0,424,263,26180,4,18327,5890,1,4934,7213,2,725,94706,7479,3,158,4367,1734,317,3,34493,11934,82507,0,0,602,26589,23662,24945,51,0,0,18,68,33,0,94171,86086,89260,2,0,0,317
0,398,262,26161,4,18330,5898,1,4934,7213,2,715,94297,7479,3,158,4363,1726,318,3,34635,12029,82480,0,0,602,26658,23662,24966,55,0,0,18,52,33,0,93833,85489,88661,2,0,0,317
1,423,264,26197,4,18341,5893,1,263,502,1,219,15497,202,3,53,3811,648,318,3,7819,6663,4797,0,0,28,1085,1344,1261,16,0,0,18,23,33,0,15749,7232,10160,2,0,0,316
1,395,263,26185,4,18335,5892,1,263,502,1,224,15237,202,3,55,3504,674,318,3,7918,6658,4772,0,0,28,1086,1337,1261,15,0,0,18,22,33,0,15625,7239,10100,2,0,0,317
0,417,263,26205,4,18352,5903,1,4934,7213,2,720,94645,7479,3,158,4444,1657,318,3,34752,12228,82406,0,0,602,26640,23651,24958,53,0,0,18,66,33,0,94333,86460,89630,2,0,0,317
0,424,265,26180,4,18332,5898,1,4934,7213,2,723,94852,7479,3,159,4306,1876,318,3,35094,12522,82595,0,0,602,26580,23680,24929,53,0,0,18,67,33,0,94455,86277,89514,2,0,0,317
0,426,265,26191,4,18342,5893,1,4934,7213,2,694,94541,7479,3,158,4251,1696,318,3,34991,12427,82383,0,0,602,26647,23671,25000,56,0,0,18,69,33,0,94665,85861,89217,2,0,0,317
0,414,264,26177,4,18341,5896,1,4934,7213,2,699,94314,7479,3,158,4531,1804,318,3,35283,12656,82413,0,0,602,26610,23684,24964,52,0,0,18,64,33,0,94632,86360,89528,2,0,0,317
0,399,263,26194,4,18340,5900,1,4934,7213,2,713,94425,7479,3,159,4160,1960,318,3,34576,11992,82386,0,0,602,26523,23739,24964,50,0,0,18,60,33,0,93877,85907,89068,2,0,0,317
0,419,264,26172,4,18329,5895,1,4934,7213,2,708,94773,7479,3,157,4587,1664,318,3,35140,12345,82404,0,0,602,26546,23698,24924,49,0,0,18,68,33,0,93928,86171,89337,2,0,0,317
0,430,264,26192,4,18351,5900,1,4934,7213,2,719,94504,7479,3,158,4300,1672,318,3,35276,12684,82430,0,0,602,26568,23688,24937,51,0,0,18,81,33,0,94476,86020,89262,2,0,0,317
0,420,264,26177,4,18327,5894,1,4934,7213,2,701,94437,7479,3,158,4284,1739,318,3,34824,12391,82438,0,0,602,26561,23697,24961,52,0,0,18,71,33,0,94280,86567,89748,2,0,0,317
0,398,265,26178,4,18322,5892,1,4934,7213,2,725,94209,7479,3,158,4343,1733,318,3,34844,12217,82396,0,0,602,26597,23690,24964,51,0,0,18,86,33,0,93895,85990,89126,2,0,0,317
0,414,262,26182,4,18342,5897,1,4934,7213,2,712,94658,7479,3,158,4341,1738,318,3,34991,12334,82384,0,0,602,26587,23669,24944,54,0,0,18,69,33,0,94650,86260,89403,2,0,0,317
0,433,264,26197,4,18339,5898,1,4934,7213,2,693,94313,7479,3,158,4633,1738,318,3,35326,12366,82407,0,0,602,26575,23719,24963,53,0,0,18,68,33,0,94365,85811,88957,2,0,0,317
0,432,264,26178,4,18333,5891,1,4934,7213,2,710,94302,7479,3,158,4318,1716,318,4,35224,12397,82473,0,0,602,26605,23650,24930,52,0,0,18,67,33,0,94243,86210,89377,2,0,0,317
0,427,264,26173,4,18334,5895,1,4934,7213,2,711,94701,7479,3,159,4394,1776,318,3,35103,12575,82535,0,0,602,26618,23683,24970,54,0,0,18,62,33,0,94455,85951,89364,2,0,0,317
0,431,263,26147,4,18318,5888,1,4934,7213,2,720,94366,7479,3,157,4164,1915,318,3,35034,12314,82460,0,0,602,26589,23706,24971,55,0,0,18,58,33,0,94097,86177,89387,2,0,0,317
0,399,265,26195,4,18343,5905,1,4934,7213,2,708,94601,7479,3,159,4106,1743,317,3,34832,12178,82418,0,0,602,26644,23660,24974,51,0,0,18,55,33,0,94010,85948,89274,2,0,0,317
0,402,265,26186,4,18334,5900,1,4934,7213,3,704,93723,7479,3,160,4373,1743,317,3,34593,12022,82436,0,0,602,26552,23700,24942,51,0,0,18,66,33,0,93704,85679,88843,2,0,0,316
0,418,263,26228,4,18362,5915,1,4934,7213,2,697,94614,7479,3,158,4175,1997,318,3,34945,12343,82523,0,0,602,26616,23655,24945,51,0,0,18,62,33,0,94789,86257,89447,2,0,0,317
0,419,265,26190,4,18345,5908,1,4934,7213,2,711,94417,7479,3,158,4342,1807,318,3,34892,12293,82504,0,0,602,26585,23690,24926,51,0,0,18,71,33,0,94408,86018,89235,2,0,0,317
0,430,264,26193,4,18334,5894,1,4934,7213,2,705,94464,7479,3,158,4558,1807,318,3,35102,12500,82569,0,0,602,26494,23761,24923,50,0,0,18,63,33,0,94649,85686,88898,2,0,0,317
0,424,263,26167,4,18316,5891,1,4934,7213,2,707,94760,7479,3,159,4521,1713,318,3,34483,11932,82536,0,0,602,26574,23717,24965,53,0,0,18,48,33,0,94416,85855,89017,2,0,0,317
0,419,265,26187,4,18338,5893,1,4934,7213,2,705,94215,7479,3,157,4389,1762,318,3,34703,11818,82504,0,0,602,26655,23629,24955,50,0,0,18,65,33,0,94335,86112,89278,2,0,0,317
0,428,264,26179,4,18335,5893,1,4934,7213,2,698,94384,7479,3,157,4574,1735,318,3,35001,12387,82533,0,0,602,26546,23712,24935,51,0,0,18,65,32,0,94309,85905,89153,2,0,0,317
0,414,263,26180,4,18330,5889,1,4934,7213,2,695,94561,7479,3,158,4239,1688,318,3,34926,12361,82411,0,0,602,26614,23695,24980,53,0,0,18,60,33,0,94298,86488,89758,2,0,0,317
0,421,262,26157,4,18324,5903,1,4934,7213,2,709,94726,7479,3,157,4649,1794,318,3,35129,12614,82476,0,0,602,26593,23685,24923,50,0,0,18,67,33,0,94191,86134,89281,2,0,0,317
0,415,262,26202,4,18356,5903,1,4934,7213,2,713,94458,7479,3,158,4339,1722,318,3,34699,11917,82590,0,0,602,26577,23667,24915,53,0,0,18,56,33,0,94302,85930,89084,2,0,0,317
0,349,263,26178,4,18333,5893,1,4934,7213,2,698,94131,7479,3,156,4202,1752,318,3,34467,11883,82399,0,0,602,26593,23645,24932,56,0,0,18,69,33,0,93686,85519,88712,2,0,0,317
0,415,265,26181,4,18342,5896,1,4934,7213,2,706,94740,7479,3,158,4589,1794,318,3,34532,11944,82334,0,0,602,26598,23667,24942,52,0,0,18,67,33,0,94520,86055,89194,2,0,0,317
0,421,263,26183,4,18329,5898,1,4934,7213,2,704,94515,7479,3,159,4305,1717,318,3,35183,12547,82502,0,0,602,26576,23690,24945,50,0,0,18,58,33,0,94354,86045,89182,2,0,0,317
0,414,261,26193,4,18351,5904,1,4934,7213,2,688,94547,7479,3,158,4392,1832,318,3,34898,12380,82480,0,0,602,26463,23771,24915,52,0,0,18,63,33,0,94787,86256,89396,2,0,0,317
0,422,265,26181,4,18336,5897,1,4934,7213,2,702,94291,7479,3,159,4437,1698,318,3,35282,12757,82518,0,0,602,26597,23695,24952,52,0,0,18,58,33,0,94320,86182,89323,2,0,0,317
0,396,264,26175,4,18324,5893,1,4934,7213,2,701,93903,7479,3,158,4613,1642,318,3,35149,12819,82567,0,0,602,26561,23710,24942,51,0,0,19,67,35,0,94254,86013,89193,2,0,0,317
0,400,265,26195,4,18342,5893,1,4934,7213,2,720,94237,7479,3,159,4406,1750,318,4,34821,12266,82383,0,0,602,26575,23703,24936,54,0,0,18,74,33,0,94293,85779,88886,2,0,0,317
0,423,265,26183,4,18327,5899,1,4934,7213,2,710,94257,7479,3,158,4553,1827,318,3,35257,12731,82546,0,0,602,26595,23667,24926,52,0,0,18,66,33,0,94349,86123,89253,2,0,0,317
0,427,262,26206,4,18353,5899,1,4934,7213,2,688,94135,7479,3,158,4591,2041,318,3,35047,12420,82458,0,0,602,26557,23706,24923,52,0,0,18,62,33,0,94038,86454,89636,2,0,0,317
0,427,263,26181,4,18336,5892,1,4934,7213,2,693,94412,7479,3,158,4372,1770,318,3,35233,12664,82531,0,0,602,26618,23665,24971,53,0,0,18,57,33,0,94210,86048,89243,2,0,0,317
0,421,264,26178,4,18334,5903,1,4934,7213,2,704,94400,7479,3,158,4264,1805,318,3,34673,12146,82529,0,0,602,26597,23724,24973,51,0,0,18,65,33,0,94361,86167,89500,2,0,0,317
0,427,263,26169,4,18324,5889,1,4934,7213,2,713,94401,7479,3,159,4186,1784,318,3,34951,12417,82395,0,0,602,26557,23696,24934,52,0,0,18,62,33,0,94474,86251,89384,2,0,0,317
0,420,265,26175,4,18331,5900,1,4934,7213,2,698,94345,7479,3,157,4420,1876,318,3,35154,12580,82521,0,0,602,26665,23597,24949,51,0,0,18,64,33,0,94301,86017,89201,2,0,0,316
0,425,263,26199,4,18346,5904,1,4934,7213,2,696,94407,7479,3,159,4655,1788,318,3,34601,12005,82493,0,0,602,26672,23634,24962,55,0,0,18,70,33,0,94537,85942,89082,2,0,0,317
0,429,264,26193,4,18344,5901,1,4934,7213,2,717,94565,7479,3,158,4099,1751,318,3,35089,12481,82407,0,0,602,26560,23692,24935,53,0,0,18,67,33,0,94261,86434,89598,2,0,0,317
0,424,264,26181,4,18335,5905,1,4934,7213,2,719,94604,7479,3,157,4439,1732,318,3,35023,12446,82464,0,0,602,26591,23683,24939,54,0,0,18,66,33,0,94526,85732,88898,2,0,0,317
0,416,265,26184,4,18342,5892,1,4934,7213,2,709,94547,7479,3,158,4171,1733,318,4,35154,12272,82438,0,0,602,26561,23730,24967,50,0,0,18,66,33,0,94386,86249,89410,2,0,0,317
0,428,262,26198,4,18346,5901,1,4934,7213,2,707,94346,7479,3,159,4529,1736,318,3,34931,12384,82418,0,0,602,26532,23756,24953,51,0,0,18,68,33,0,94173,86086,89439,2,0,0,317
0,412,264,26204,4,18351,5901,1,4934,7213,2,704,94372,7479,3,158,4435,1664,318,3,35128,12643,82505,0,0,602,26525,23682,24937,49,0,0,18,68,33,0,94427,86393,89581,2,0,0,317
0,398,264,26194,4,18347,5904,1,4934,7213,2,703,93938,7479,3,158,4349,1768,318,3,34611,12051,82499,0,0,602,26609,23684,24961,50,0,0,18,52,33,0,93975,85968,89164,2,0,0,317
0,396,265,26162,4,18323,5902,1,4934,7213,2,706,94356,7479,3,158,4663,1777,318,3,34625,12014,82469,0,0,602,26628,23665,24967,53,0,0,18,74,33,0,94498,85375,88556,2,0,0,317
0,421,263,26180,4,18330,5893,1,4934,7213,2,729,95033,7479,3,158,4734,1929,317,3,34357,11729,82387,0,0,602,26547,23693,24958,52,0,0,18,71,33,0,94185,85780,88939,2,0,0,317
0,398,264,26190,10,18341,5894,1,4934,7214,2,701,93988,7479,3,157,4123,1714,318,3,34494,11875,82367,0,0,602,26599,23659,24923,51,0,0,18,67,33,0,94682,85958,89344,2,0,0,317
0,396,262,26185,4,18336,5895,1,4934,7213,2,708,94417,7479,3,159,4623,1697,318,3,34906,12413,82525,0,0,602,26506,23729,24929,50,0,0,18,64,33,0,93973,85711,88883,2,0,0,317
0,431,262,26190,4,18347,5901,1,4934,7213,2,703,94444,7479,3,158,4119,1794,318,3,35071,12573,82522,0,0,602,26655,23611,24923,51,0,0,18,71,33,0,94315,86167,89291,2,0,0,317
0,436,263,26176,4,18325,5900,1,4934,7213,2,703,94735,7479,3,157,4446,1763,318,3,34772,12094,82408,0,0,602,26578,23655,24933,52,0,0,18,85,33,0,93952,86070,89454,2,0,0,317
0,309,158,827,1,533,787,1,4934,7213,3,703,94008,7479,3,159,4353,1736,318,4,34766,12034,82473,0,0,602,26594,23709,24970,51,0,0,18,66,33,0,93865,85773,88879,2,0,0,317
0,423,264,26177,4,18329,5887,1,4934,7213,2,712,94944,7479,3,159,4621,1744,318,3,35132,12502,82555,0,0,602,26672,23653,24970,52,0,0,18,69,33,0,94065,86103,89274,2,0,0,317
0,398,264,26173,4,18340,5909,1,4934,7213,2,705,94262,7479,3,158,4250,1732,318,3,34603,12004,82471,0,0,602,26633,23691,24976,51,0,0,18,59,33,0,94159,85962,89331,2,0,0,317
0,433,265,26183,4,18337,5895,1,4934,7213,2,694,94205,7479,3,158,4097,1749,318,3,35151,12567,82422,0,0,602,26532,23671,24892,52,0,0,18,74,33,0,94316,86106,89260,2,0,0,317
0,424,263,26181,4,18337,5896,1,4934,7213,2,730,94329,7479,3,158,4425,1842,318,3,35003,12433,82391,0,0,602,26707,23641,25011,53,0,0,18,72,33,0,94179,85899,89055,2,0,0,317
0,414,265,26181,4,18329,5895,1,4934,7213,2,710,94491,7479,3,159,4200,1729,318,3,34693,12272,82425,0,0,602,26641,23615,24922,52,0,0,18,64,33,0,94570,86250,89405,2,0,0,317
0,427,264,26207,4,18350,5906,1,4934,7213,2,697,94381,7479,3,159,4489,1773,318,3,34886,12302,82478,0,0,602,26595,23676,24958,50,0,0,18,59,33,0,94809,86037,89209,2,0,0,317
0,420,263,26196,4,18349,5901,1,4934,7213,2,699,94297,7479,3,157,4590,1655,318,3,34932,12280,82521,0,0,602,26556,23759,24969,53,0,0,18,62,33,0,94110,85953,89316,2,0,0,316
0,426,265,26188,4,18334,5896,1,4934,7213,2,704,94673,7479,3,158,4278,1772,318,3,34720,12104,82437,0,0,602,26602,23671,24956,54,0,0,18,62,33,0,93805,86345,89563,2,0,0,317
0,394,263,26178,4,18336,5902,1,4934,7214,2,690,93911,7479,3,158,4313,1710,318,3,34792,12303,82416,0,0,602,26602,23679,24938,51,0,0,18,62,32,0,94185,85908,89177,2,0,0,317
0,420,262,26202,4,18347,5904,1,4934,7213,2,722,94997,7479,3,158,4189,1752,318,3,35001,12125,82541,0,0,602,26665,23638,24976,55,0,0,18,66,33,0,94426,85680,88818,2,0,0,317
0,400,265,26202,4,18350,5894,1,4934,7213,2,691,94021,7479,3,158,4590,1760,318,3,34660,12075,82425,0,0,602,26602,23701,24985,53,0,0,18,65,33,0,93791,85684,88854,2,0,0,317
0,432,264,26181,4,18323,5896,1,4934,7213,2,718,94610,7479,3,159,4373,1766,318,3,35114,12179,82380,0,0,602,26597,23628,24903,53,0,0,18,67,33,0,94534,85831,89027,2,0,0,317
0,417,264,26176,4,18328,5900,1,4934,7213,2,695,94275,7479,3,158,4880,1810,318,3,34649,12197,82402,0,0,602,26613,23706,24954,51,0,0,18,60,33,0,94364,85978,89142,2,0,0,317
0,423,263,26167,4,18323,5893,1,4934,7213,2,718,94434,7479,3,158,4275,1728,318,3,35102,12292,82520,0,0,602,26582,23688,24934,52,0,0,18,68,33,0,94572,86018,89189,2,0,0,317
0,416,262,26178,4,18327,5909,1,4934,7213,2,705,94317,7479,3,158,4297,1629,318,3,35071,12459,82450,0,0,602,26556,23706,24941,52,0,0,18,59,33,0,93943,85997,89171,2,0,0,317
0,420,264,26174,4,18325,5902,1,4934,7213,2,688,94435,7479,3,158,4434,1763,318,3,34923,12437,82427,0,0,602,26627,23649,24945,50,0,0,18,67,33,0,94263,85799,89017,2,0,0,317
0,422,264,26181,4,18327,5897,1,4934,7213,2,709,94470,7479,3,159,4649,1762,317,3,35226,12774,82505,0,0,602,26552,23705,24948,52,0,0,18,69,33,0,94318,85931,89119,2,0,0,316
0,416,264,26190,4,18338,5893,1,4934,7213,2,719,94369,7479,3,159,4295,1678,317,3,34573,11988,82433,0,0,602,26609,23678,24950,52,0,0,18,69,33,0,94351,86000,89154,2,0,0,317
0,420,262,26199,4,18356,5895,1,4934,7213,2,691,94364,7479,3,159,4168,1796,318,3,35220,12350,82505,0,0,602,26681,23639,24957,55,0,0,18,57,33,0,94592,86224,89369,2,0,0,317
0,420,263,26169,4,18327,5891,1,4934,7213,2,708,94373,7479,3,157,4685,1711,318,3,34643,12156,82380,0,0,602,26599,23690,24949,55,0,0,18,66,33,0,94327,86035,89194,2,0,0,317
0,421,265,26187,4,18336,5899,1,4934,7213,2,716,94656,7479,3,158,4377,1698,318,3,34930,12085,82399,0,0,602,26543,23684,24912,52,0,0,18,62,33,0,94478,86138,89342,2,0,0,317
0,413,262,26177,4,18328,5897,1,4934,7213,2,715,94348,7479,3,160,4167,1714,318,3,34991,12429,82446,0,0,602,26603,23740,24996,50,0,0,18,58,33,0,94374,86108,89241,2,0,0,317
0,419,265,26202,4,18342,5899,1,4934,7213,2,710,94536,7479,3,157,4322,1877,318,3,34815,12266,82446,0,0,602,26578,23710,24981,54,0,0,18,65,33,0,94351,85841,88974,2,0,0,317
0,422,264,26180,4,18343,5892,1,4934,7213,2,699,94449,7479,3,159,4268,1798,317,3,35025,12514,82444,0,0,602,26553,23746,24984,51,0,0,18,72,33,0,94261,85599,88767,2,0,0,317
0,395,263,26175,4,18315,5896,1,4934,7213,2,706,93914,7479,3,158,4383,1789,318,3,34743,12272,82444,0,0,602,26620,23607,24916,51,0,0,18,62,33,0,94235,85455,88606,2,0,0,317
0,419,265,26221,4,18359,5904,1,4934,7213,2,724,94437,7479,3,159,4206,1757,318,3,35173,12534,82360,0,0,602,26547,23707,24920,51,0,0,18,60,33,0,94462,86070,89220,2,0,0,317
0,431,266,26196,4,18355,5900,1,4934,7213,2,734,94665,7479,3,159,4462,1785,318,3,34934,12357,82531,0,0,602,26682,23582,24931,53,0,0,18,64,32,0,94190,86099,89258,2,0,0,317
0,420,264,26177,4,18333,5888,1,4934,7213,2,705,94409,7479,3,158,4587,1732,318,3,35065,12597,82493,0,0,602,26572,23730,24957,55,0,0,18,64,33,0,94217,86125,89261,2,0,0,317
0,417,265,26203,4,18347,5909,1,4934,7213,2,707,94650,7479,3,158,4177,1922,318,3,35201,12623,82546,0,0,602,26652,23595,24909,50,0,0,18,66,33,0,94490,86427,89572,2,0,0,317
0,413,262,26181,4,18337,5895,1,4934,7213,2,702,94222,7479,3,158,4568,1775,318,3,35078,12263,82418,0,0,602,26581,23663,24937,50,0,0,18,68,33,0,94146,85975,89310,2,0,0,317
0,309,159,826,1,529,791,1,4934,7213,2,706,94088,7479,3,158,4467,1744,318,3,34664,12107,82519,0,0,602,26645,23612,24929,52,0,0,18,64,33,0,94151,85878,89204,2,0,0,317
0,422,264,26170,4,18316,5888,1,4934,7213,2,721,94130,7479,3,158,4561,1765,318,3,34905,12301,82438,0,0,602,26512,23736,24904,52,0,0,18,65,33,0,94767,86078,89235,2,0,0,317
0,423,263,26191,4,18331,5893,1,4934,7213,2,696,94361,7479,3,159,4218,1714,318,3,34875,12099,82396,0,0,602,26584,23695,24948,49,0,0,19,71,35,0,94479,86084,89322,2,0,0,317
0,413,263,26158,4,18320,5894,1,4934,7213,2,697,94173,7479,3,158,4356,1759,318,3,35249,12601,82420,0,0,602,26631,23629,24924,53,0,0,18,63,33,0,94374,85810,88923,2,0,0,317
1,337,162,849,1,544,796,1,263,502,1,221,15148,202,3,54,3885,657,318,3,7819,6626,4781,0,0,28,1134,1294,1260,15,0,0,18,23,33,0,15573,7651,10577,2,0,0,317
0,425,263,26179,4,18351,5903,1,4934,7213,2,701,94450,7479,3,159,4779,1994,318,3,34721,12099,82334,0,0,602,26558,23692,24933,53,0,0,18,65,33,0,94338,85878,89068,2,0,0,317
0,420,264,26172,4,18335,5896,1,4934,7213,2,697,94141,7479,3,158,4453,1709,318,3,34790,12124,82414,0,0,602,26604,23704,24976,55,0,0,18,63,33,0,94475,85872,89190,2,0,0,317
0,422,262,26178,4,18333,5895,1,4934,7213,2,701,94467,7479,3,157,4244,1747,318,3,34824,12368,82548,0,0,602,26717,23600,24966,52,0,0,18,64,33,0,94105,86152,89296,2,0,0,317
0,412,264,26181,4,18323,5898,1,4934,7213,2,718,94577,7479,3,159,4412,1708,318,3,35005,12278,82433,0,0,602,26620,23682,24962,50,0,0,18,65,33,0,94140,86339,89618,2,0,0,317
0,413,262,26188,4,18342,5899,1,4934,7213,2,724,94344,7479,3,158,4371,1677,318,3,34846,12302,82426,0,0,602,26537,23715,24932,54,0,0,18,65,33,0,94073,86180,89372,2,0,0,316
0,418,263,26190,4,18346,5895,1,4934,7213,2,718,94699,7479,3,158,4232,1729,318,3,34758,12140,82406,0,0,602,26623,23657,24963,52,0,0,18,62,33,0,94182,86022,89147,2,0,0,317
0,431,264,26181,4,18344,5899,1,4934,7213,2,702,94267,7479,3,158,4320,1759,318,3,34975,12539,82423,0,0,602,26690,23632,24980,54,0,0,18,66,33,0,94674,85889,89095,2,0,0,317
0,416,264,26176,4,18325,5889,1,4934,7213,2,704,94172,7479,3,157,4476,1926,318,3,35020,12580,82463,0,0,602,26614,23669,24959,56,0,0,18,71,33,0,94596,85691,89027,2,0,0,317
0,427,264,26183,4,18331,5894,1,4934,7213,2,699,94250,7479,3,157,4336,1788,318,3,34827,12075,82384,0,0,602,26618,23646,24942,51,0,0,18,68,33,0,94436,86091,89243,2,0,0,317
0,400,263,26203,4,18358,5913,1,4934,7213,2,705,94156,7479,3,159,4425,1762,318,3,35053,12530,82529,0,0,602,26566,23695,24937,51,0,0,18,65,33,0,93720,85869,89237,2,0,0,317
0,424,264,26173,4,18327,5903,1,4934,7213,2,706,94466,7479,3,158,4557,1650,318,3,34848,12406,82545,0,0,602,26610,23678,24942,52,0,0,18,69,33,0,94367,86389,89556,2,0,0,317
0,419,265,26184,4,18349,5894,1,4934,7213,2,710,94322,7479,3,158,4601,1732,318,3,35190,12632,82448,0,0,602,26614,23661,24970,53,0,0,18,63,33,0,94539,86244,89458,2,0,0,317
0,426,264,26187,4,18341,5896,1,4934,7213,2,697,94346,7479,3,158,4429,1712,318,3,34897,12175,82448,0,0,602,26561,23715,24948,53,0,0,18,64,33,0,94581,86308,89469,2,0,0,317
0,399,264,26193,4,18335,5890,1,4934,7213,2,714,94132,7479,3,159,4166,1722,318,3,34693,12168,82335,0,0,602,26601,23641,24926,53,0,0,18,64,33,0,93661,85673,88880,2,0,0,316
0,423,263,26194,4,18337,5905,1,4934,7213,2,702,94718,7479,3,158,4604,1717,318,3,35023,12299,82471,0,0,602,26524,23726,24934,52,0,0,18,57,33,0,94589,85935,89179,2,0,0,317
0,341,141,26223,4,18360,6225,1,4934,7213,2,721,94680,7479,3,158,4236,1696,318,3,35006,12581,82518,0,0,602,26542,23697,24922,53,0,0,18,64,33,0,94578,86067,89199,2,0,0,317
0,429,265,26186,4,18334,5901,1,4934,7213,2,714,94524,7479,3,158,4282,1726,318,3,34982,12358,82375,0,0,602,26581,23732,24976,53,0,0,18,57,33,0,94352,85883,89074,2,0,0,317
0,396,263,26173,9,18334,5898,1,4934,7213,2,701,94401,7479,3,157,4266,1835,318,3,34771,12325,82510,0,0,602,26702,23598,24950,53,0,0,18,63,33,0,94498,85872,89042,2,0,0,317
1,416,266,26171,4,18327,5895,1,263,502,1,222,15383,202,3,55,3522,733,317,3,34766,12212,82531,0,0,28,1083,1352,1271,14,0,0,18,23,33,0,15734,7339,10207,2,0,0,317
0,423,264,26199,4,18339,5905,1,4934,7213,2,697,94154,7479,3,158,4559,1752,318,3,34934,12230,82409,0,0,602,26613,23675,24942,51,0,0,18,64,33,0,94171,85949,89135,2,0,0,317
0,400,264,26169,4,18327,5902,1,4934,7213,2,700,94178,7479,3,158,4146,1765,318,3,34513,12037,82502,0,0,602,26590,23658,24934,53,0,0,18,66,33,0,94081,85391,88566,2,0,0,317
0,429,264,26212,4,18350,5903,1,4934,7213,2,700,94031,7479,3,158,4183,1816,318,3,34932,12493,82546,0,0,602,26598,23659,24913,51,0,0,18,67,33,0,94258,86146,89295,2,0,0,317
0,418,264,26176,4,18326,5895,1,4934,7213,2,705,94221,7479,3,159,4133,1673,317,3,35115,12516,82518,0,0,602,26539,23767,24969,53,0,0,18,60,33,0,94149,86037,89188,2,0,0,317
0,397,264,26181,10,18341,5892,1,4934,7213,2,699,93988,7479,3,157,4134,1741,318,3,34822,12216,82489,0,0,602,26603,23670,24968,55,0,0,18,66,33,0,94354,85720,88886,2,0,0,317
0,424,264,26185,4,18329,5895,1,4934,7213,2,731,94781,7479,3,158,4466,1726,318,3,35017,12542,82560,0,0,602,26542,23682,24903,51,0,0,18,65,33,0,93942,86102,89291,2,0,0,317
0,417,264,26200,4,18349,5913,1,4934,7213,2,696,94476,7479,3,158,4445,1770,318,4,35132,12426,82410,0,0,602,26601,23669,24947,52,0,0,18,69,33,0,94809,86076,89324,2,0,0,317
0,416,264,26176,4,18331,5900,1,4934,7213,3,706,94156,7479,3,159,4602,1710,318,3,34904,12419,82411,0,0,602,26550,23677,24915,50,0,0,18,61,33,0,94463,85847,89015,2,0,0,317
0,419,265,26179,4,18334,5891,1,4934,7213,2,702,94223,7479,3,158,4291,1754,318,3,35268,12750,82485,0,0,602,26644,23680,24975,51,0,0,18,63,33,0,94155,85917,89140,2,0,0,317
0,430,265,26200,4,18345,5904,1,4934,7213,2,701,94267,7479,3,158,4607,1777,318,4,34985,12450,82543,0,0,602,26603,23689,24956,52,0,0,19,69,35,0,94321,86315,89503,2,0,0,317
0,426,265,26196,4,18342,5895,1,4934,7213,2,693,93941,7479,3,158,4309,1920,318,3,35214,12533,82436,0,0,602,26650,23648,24953,53,0,0,18,67,33,0,94545,86242,89437,2,0,0,317
0,416,262,26185,4,18344,5908,1,4934,7213,2,728,94749,7479,3,159,4471,1930,318,3,35116,12305,82488,0,0,602,26609,23691,24966,54,0,0,18,54,33,0,94355,86267,89427,2,0,0,317
0,399,264,26196,9,18351,5900,1,4934,7213,2,700,94082,7479,3,158,4520,1871,318,3,34718,12138,82541,0,0,602,26574,23741,24977,53,0,0,18,63,33,0,94210,86004,89153,2,0,0,317
0,420,262,26165,4,18323,5893,1,4934,7213,2,709,94476,7479,3,159,4369,1714,318,3,34851,12274,82462,0,0,602,26534,23717,24936,50,0,0,18,61,33,0,94085,85901,89076,2,0,0,317
0,427,262,26208,4,18357,5904,1,4934,7213,2,705,94410,7479,3,158,4378,1700,318,3,34649,12074,82440,0,0,602,26535,23739,24929,52,0,0,18,64,33,0,94231,86349,89541,2,0,0,317
0,402,264,26173,4,18329,5897,1,4934,7213,2,721,94359,7479,3,158,4201,1549,318,3,34729,12142,82485,0,0,602,26617,23651,24928,53,0,0,18,52,33,0,93939,85749,88959,2,0,0,317
0,395,262,26176,4,18339,5897,1,4934,7213,2,722,94582,7479,3,159,4472,1779,318,3,34616,12033,82449,0,0,602,26515,23739,24939,52,0,0,18,54,33,0,94566,85459,88583,2,0,0,317
0,414,263,26185,4,18338,5893,1,4934,7213,2,699,94038,7479,3,159,4404,1759,318,3,34879,12329,82433,0,0,602,26557,23695,24938,51,0,0,18,69,33,0,94175,86192,89328,2,0,0,317
0,396,264,26184,9,18337,5897,1,4934,7213,2,708,94505,7479,3,157,4505,1762,318,3,34523,11872,82471,0,0,602,26606,23637,24915,53,0,0,18,50,33,0,94203,85678,88965,2,0,0,317
0,419,264,26183,4,18332,5900,1,4934,7213,2,722,94637,7479,3,158,4434,1720,318,3,34736,12285,82421,0,0,602,26561,23699,24932,52,0,0,18,58,33,0,94306,86144,89256,2,0,0,317
0,398,262,26201,4,18358,5905,1,4934,7214,2,701,94327,7479,3,158,4777,1786,318,3,34657,12097,82549,0,0,602,26598,23637,24911,52,0,0,18,52,33,0,93982,85433,88571,2,0,0,317
0,415,265,26169,4,18326,5894,1,4934,7213,2,705,94603,7479,3,158,4662,1628,318,3,34647,12186,82502,0,0,602,26619,23654,24954,54,0,0,18,68,33,0,94498,86332,89512,2,0,0,317
0,423,262,26180,4,18345,5895,1,4934,7213,2,713,94407,7479,3,158,4471,1975,318,4,34859,12313,82420,0,0,602,26654,23628,24945,51,0,0,18,59,33,0,94570,86009,89146,2,0,0,317
0,417,263,26194,4,18330,5894,1,4934,7213,2,702,94117,7479,3,158,4619,1756,318,3,34864,12254,82536,0,0,602,26564,23695,24945,51,0,0,18,72,33,0,94594,86116,89316,2,0,0,317
0,428,264,26199,4,18332,5895,1,4934,7213,2,697,94062,7479,3,158,4610,1946,318,3,34865,12364,82571,0,0,602,26608,23660,24967,53,0,0,18,65,34,0,94756,86163,89262,2,0,0,317
0,396,263,26175,4,18323,5900,1,4934,7213,2,724,94412,7479,3,159,4069,1826,318,3,34720,12105,82533,0,0,602,26598,23653,24921,53,0,0,18,59,33,0,94359,85521,88786,2,0,0,317
0,422,263,26181,4,18333,5886,1,4934,7213,2,696,94134,7479,3,157,4393,1722,318,3,34982,12183,82522,0,0,602,26656,23648,24961,54,0,0,18,70,33,0,94834,85987,89157,2,0,0,317
0,428,263,26185,4,18332,5897,1,4934,7213,2,709,94011,7479,3,158,4555,1721,318,3,34862,12296,82502,0,0,602,26574,23690,24934,50,0,0,18,65,33,0,94155,86345,89484,2,0,0,317
0,397,264,26205,4,18349,5907,1,4934,7213,2,718,93992,7479,3,158,4489,1711,318,3,34630,12135,82493,0,0,602,26592,23685,24949,54,0,0,18,64,33,0,94172,86184,89315,2,0,0,317
0,396,265,26183,4,18332,5895,1,4934,7213,2,705,94055,7479,3,158,4540,1682,318,3,34798,12162,82464,0,0,602,26607,23697,24952,52,0,0,18,68,33,0,94184,85581,88706,2,0,0,317
0,429,264,26182,4,18344,5895,1,4934,7213,2,708,94199,7479,3,156,4600,1825,318,3,34952,12292,82455,0,0,602,26620,23630,24961,50,0,0,18,68,33,0,94678,85540,88725,2,0,0,317
0,423,264,26201,4,18348,5900,1,4934,7213,2,714,94640,7479,3,159,4414,1615,369,3,35097,12598,82558,0,0,602,26653,23638,24961,52,0,0,18,60,33,0,94272,86138,89330,2,0,0,317
0,399,263,26183,4,18341,5899,1,4934,7213,2,705,94127,7479,3,158,4176,2055,318,3,34405,11862,82486,0,0,602,26559,23683,24927,51,0,0,18,64,33,0,94135,85900,89102,2,0,0,317
0,400,264,26199,4,18348,5902,1,4934,7213,2,711,94443,7479,3,158,4539,1733,318,3,34497,11926,82390,0,0,602,26533,23723,24932,53,0,0,18,81,33,0,93914,85413,88774,2,0,0,317
0,415,264,26233,4,18367,5905,1,4934,7214,2,716,94540,7479,3,157,4291,1660,318,3,34909,12031,82381,0,0,602,26725,23706,24959,52,0,0,18,50,33,0,94562,85853,89207,2,0,0,317
0,438,263,26176,4,18337,5900,1,4934,7213,2,707,94566,7479,3,158,4469,1778,318,3,34971,12449,82572,0,0,602,26621,23657,24954,55,0,0,18,59,33,0,94735,86048,89201,2,0,0,317
0,431,265,26186,4,18340,5904,1,4934,7213,2,704,94508,7479,3,157,4178,1602,318,3,34882,12350,82492,0,0,602,26550,23725,24949,55,0,0,18,67,33,0,94544,86119,89272,2,0,0,317
0,398,263,26174,4,18334,5895,1,4934,7213,2,716,94567,7479,3,158,4311,1727,318,3,34606,11973,82397,0,0,602,26548,23697,24927,51,0,0,18,66,33,0,93733,85642,89005,2,0,0,317
0,399,265,26179,4,18328,5896,1,4934,7213,2,708,94192,7479,3,158,4540,1782,318,3,34595,11959,82481,0,0,602,26573,23723,24960,54,0,0,18,69,33,0,93990,85952,89152,2,0,0,317
0,415,264,26190,4,18334,5898,1,4934,7213,2,718,94542,7479,3,158,4531,1771,318,3,35499,12897,82539,0,0,602,26606,23640,24917,53,0,0,18,67,33,0,94449,86219,89351,2,0,0,317
0,429,265,26184,4,18325,5891,1,4934,7213,2,713,94689,7479,3,159,4522,1752,318,3,34949,12304,82568,0,0,602,26524,23708,24934,51,0,0,18,56,33,0,94193,86046,89167,2,0,0,317
0,422,262,26179,4,18346,5904,1,4934,7214,2,701,94374,7479,3,158,4428,1751,318,3,34842,12365,82509,0,0,602,26585,23687,24945,52,0,0,18,66,33,0,94142,85887,89259,2,0,0,317
0,416,265,26187,4,18348,5903,1,4934,7213,2,709,94714,7479,3,157,4635,1630,318,3,34557,11959,82371,0,0,602,26590,23665,24935,52,0,0,18,67,33,0,94402,85970,89316,2,0,0,317
0,422,263,26195,4,18337,5901,1,4934,7213,2,712,94462,7479,3,158,4447,1767,318,3,35233,12356,82437,0,0,602,26543,23731,24943,51,0,0,18,58,33,0,94487,86290,89441,2,0,0,317
0,435,265,26188,4,18343,5895,1,4934,7213,2,715,94752,7479,3,159,4330,1744,318,3,34625,12147,82441,0,0,602,26641,23678,24964,54,0,0,18,66,33,0,94478,86093,89464,2,0,0,317
0,421,264,26190,4,18339,5903,1,4934,7213,2,707,94401,7479,3,157,4436,1713,318,3,35340,12765,82406,0,0,602,26685,23599,24948,57,0,0,18,66,33,0,94410,86084,89191,2,0,0,317
0,418,263,26204,4,18352,5901,1,4934,7213,2,691,94439,7479,3,159,4582,1705,318,3,34808,12288,82364,0,0,602,26562,23714,24937,51,0,0,18,72,33,0,94498,86294,89425,2,0,0,317
0,430,263,26192,4,18347,5905,1,4934,7213,2,706,94345,7479,3,158,4297,1760,318,3,34477,11947,82398,0,0,602,26579,23698,24945,51,0,0,18,69,33,0,94036,86317,89664,2,0,0,317
0,413,265,26193,4,18350,5896,1,4934,7213,2,710,94523,7479,3,158,4295,1736,318,3,35060,12575,82515,0,0,602,26625,23707,24984,55,0,0,18,66,33,0,94253,86536,89742,2,0,0,317
0,426,262,26201,4,18341,5911,1,4934,7213,2,699,94163,7479,3,158,4211,1718,318,3,34938,12343,82455,0,0,602,26530,23771,24948,55,0,0,18,71,33,0,93980,85981,89264,2,0,0,317
0,349,265,26172,4,18320,5889,1,4934,7213,2,690,94173,7479,3,157,4257,1685,318,3,34619,12191,82443,0,0,602,26593,23650,24934,50,0,0,18,67,33,0,94075,85742,88919,2,0,0,317
0,420,261,26193,4,18351,5897,1,4934,7213,2,703,94277,7479,3,158,4167,1707,318,3,34828,12164,82389,0,0,602,26561,23693,24927,55,0,0,18,61,33,0,94484,86346,89547,2,0,0,317
0,418,265,26179,4,18329,5898,1,4934,7213,2,706,94456,7479,3,158,4551,1794,318,3,34818,12287,82572,0,0,602,26556,23705,24922,51,0,0,18,70,33,0,94297,86122,89482,2,0,0,376
0,399,265,26195,4,18342,5902,1,4934,7213,2,705,94391,7479,3,159,4442,1656,318,3,34974,12397,82474,0,0,602,26494,23796,24957,53,0,0,19,71,35,0,94441,86124,89289,2,0,0,317
0,415,265,26177,4,18333,5897,1,4934,7213,2,688,94071,7479,3,158,4425,1814,318,3,35167,12477,82472,0,0,602,26593,23669,24943,52,0,0,18,71,33,0,94503,86254,89441,2,0,0,317
0,433,264,26189,4,18336,5895,1,4934,7213,2,709,94466,7479,3,159,4314,1692,318,3,35084,12496,82495,0,0,602,26511,23740,24923,50,0,0,18,67,33,0,94387,86241,89385,2,0,0,317
0,427,264,26195,4,18350,5902,1,4934,7213,2,707,94651,7479,3,158,4372,1618,318,3,35124,12618,82544,0,0,602,26533,23705,24924,52,0,0,18,70,33,0,94100,85999,89142,2,0,0,375
0,429,263,26205,4,18357,5898,1,4934,7213,2,723,94347,7479,3,158,4170,1714,318,3,34936,12335,82579,0,0,602,26587,23685,24929,52,0,0,18,60,33,0,94485,85992,89139,2,0,0,317
0,399,264,26181,4,18331,5896,1,4934,7213,2,711,94711,7479,3,157,4460,1708,318,3,35019,12559,82534,0,0,602,26528,23768,24939,52,0,0,18,58,33,0,94507,85704,88871,2,0,0,317
0,420,262,26186,4,18335,5895,1,4934,7213,2,721,94751,7479,3,158,4537,1742,318,3,35071,12356,82452,0,0,602,26622,23629,24916,54,0,0,18,70,33,0,94821,86309,89447,2,0,0,317
0,435,265,26178,4,18335,5901,1,4934,7213,2,707,94220,7479,3,158,4586,1642,317,3,35259,12767,82505,0,0,602,26621,23649,24955,57,0,0,18,70,33,0,94248,85884,89246,2,0,0,317
0,434,264,26177,4,18340,5898,1,4934,7213,3,710,94575,7479,3,158,4529,1736,318,3,34512,11976,82395,0,0,602,26612,23691,24975,53,0,0,18,70,33,0,94441,86344,89719,2,0,0,317
0,427,262,26191,4,18341,5901,1,4934,7213,2,689,93937,7479,3,158,4137,1720,318,3,34623,12054,82358,0,0,602,26571,23691,24915,53,0,0,18,67,33,0,94684,86240,89408,2,0,0,317
0,425,263,26175,4,18325,5895,1,4934,7213,2,720,94413,7479,3,157,4581,1708,318,3,34780,12253,82465,0,0,602,26561,23687,24930,53,0,0,18,56,33,0,94524,86023,89194,2,0,0,317
0,433,263,26196,4,18340,5904,1,4934,7213,2,699,94012,7479,3,158,4493,1698,318,3,34946,12467,82508,0,0,602,26577,23695,24949,52,0,0,19,71,35,0,94647,85915,89101,2,0,0,317
0,430,265,26181,4,18333,5888,1,4934,7213,2,707,94517,7479,3,158,4228,1770,318,3,35238,12734,82629,0,0,602,26624,23669,24964,54,0,0,18,60,33,0,94483,85985,89298,2,0,0,317
0,416,263,26188,4,18336,5904,1,4934,7213,2,701,94106,7479,3,158,4396,1801,318,3,35156,12457,82470,0,0,602,26545,23748,24954,51,0,0,18,64,33,0,94285,86246,89420,2,0,0,317
0,426,262,26204,4,18357,5902,1,4934,7213,2,722,94449,7479,3,158,4493,1767,318,3,34987,12551,82533,0,0,602,26624,23695,24971,54,0,0,18,64,33,0,94533,86302,89491,2,0,0,317
0,398,262,26197,4,18344,5898,1,4934,7213,2,710,94319,7479,3,158,4269,1795,318,3,35012,12672,82471,0,0,602,26578,23720,24969,49,0,0,18,72,33,0,93905,85774,89013,2,0,0,317
0,399,264,26180,4,18328,5900,1,4934,7213,2,702,94011,7479,3,158,4178,2018,318,3,34781,12246,82524,0,0,602,26565,23688,24926,52,0,0,18,60,33,0,94235,85595,88772,2,0,0,317
0,418,265,26180,4,18332,5897,1,4934,7213,2,706,94044,7479,3,158,4174,1701,318,3,34921,12447,82415,0,0,602,26644,23680,24978,52,0,0,18,62,33,0,94073,85794,88965,2,0,0,317
0,423,264,26180,4,18341,5905,1,4934,7213,2,715,94516,7479,3,158,4357,1726,318,3,35115,12702,82480,0,0,602,26633,23687,24971,54,0,0,18,61,33,0,94481,86061,89258,2,0,0,317
0,433,265,26198,4,18342,5899,1,4934,7213,3,709,94767,7479,3,158,4363,2000,318,3,34730,11824,82424,0,0,602,26579,23678,24929,52,0,0,18,23,33,0,15543,86294,89449,2,0,0,317
1,332,162,832,1,531,790,1,263,502,1,219,15102,202,3,54,3564,562,318,3,7893,6682,4797,0,0,28,1078,1327,1262,15,0,0,18,23,33,0,15982,7344,10252,2,0,0,317
0,423,265,26191,4,18341,5897,1,4934,7213,2,715,94855,7479,3,158,4309,1721,318,3,34953,12375,82497,0,0,602,26566,23688,24934,50,0,0,18,58,33,0,94617,86112,89248,2,0,0,317
0,426,264,26186,4,18331,5893,1,4934,7213,2,715,94421,7479,3,158,4414,1745,318,3,35085,12750,82532,0,0,602,26601,23674,24947,50,0,0,19,73,35,0,94237,85690,88874,2,0,0,317
0,429,265,26186,4,18336,5893,1,4934,7213,2,708,94459,7479,3,157,4432,1972,318,3,35067,12520,82416,0,0,602,26602,23657,24938,51,0,0,18,71,33,0,94623,85805,88977,2,0,0,317
0,397,262,26198,4,18350,5901,1,4934,7213,2,715,94255,7479,3,157,4484,1689,318,3,34818,12315,82487,0,0,602,26610,23696,24977,50,0,0,18,68,33,0,94135,85798,88961,2,0,0,317
0,422,264,26194,4,18332,5899,1,4934,7213,2,710,94590,7479,3,158,4227,1792,318,3,35106,12540,82567,0,0,602,26541,23704,24928,52,0,0,18,48,33,0,94188,85882,89073,2,0,0,317
0,401,265,26194,9,18347,5900,1,4934,7213,2,716,94097,7479,3,157,4161,1755,318,3,34740,12112,82529,0,0,602,26599,23694,24975,51,0,0,18,67,33,0,94434,85671,88878,2,0,0,316
0,420,264,26188,4,18348,5890,1,4934,7213,2,717,94255,7479,3,159,4327,1985,318,3,34827,12351,82496,0,0,602,26601,23660,24932,52,0,0,18,68,33,0,94636,86048,89188,2,0,0,317
0,396,262,26190,4,18350,5903,1,4934,7213,2,719,94452,7479,3,159,4485,1699,318,3,34636,12131,82441,0,0,602,26578,23708,24953,51,0,0,18,63,33,0,94350,85581,88781,2,0,0,317
0,415,265,26183,4,18336,5893,1,4934,7213,2,704,94193,7479,3,157,4526,1764,318,3,35024,12463,82503,0,0,602,26626,23701,24966,51,0,0,18,69,33,0,94465,85934,89251,2,0,0,317
0,423,264,26185,4,18345,5906,1,4934,7213,2,713,94713,7479,3,157,4649,1699,318,3,34768,12216,82450,0,0,602,26636,23669,24964,51,0,0,18,65,33,0,94487,86101,89206,2,0,0,317
0,394,264,26171,9,18337,5894,1,4934,7213,2,694,93577,7479,3,157,4274,1771,318,3,34360,11742,82315,0,0,602,26596,23686,24966,50,0,0,18,56,33,0,94014,85836,89024,2,0,0,317
0,417,263,26157,4,18316,5888,1,4934,7213,2,719,94379,7479,3,158,4488,1895,318,3,34962,12438,82465,0,0,602,26632,23662,24971,52,0,0,18,57,33,0,94252,86128,89289,2,0,0,317
0,427,264,26197,4,18348,5896,1,4934,7213,2,696,93982,7479,3,158,4276,1956,318,3,34967,12329,82511,0,0,602,26621,23642,24925,52,0,0,18,62,33,0,94551,86065,89201,2,0,0,317
0,416,263,26156,4,18320,5898,1,4934,7213,2,706,94811,7479,3,159,4618,1961,318,3,35011,12569,82605,0,0,602,26601,23694,24967,51,0,0,18,59,33,0,94144,85762,89143,2,0,0,317
0,431,263,26163,4,18316,5893,1,4934,7213,2,695,94826,7479,3,158,4515,1802,317,3,34964,12382,82446,0,0,602,26599,23689,24963,51,0,0,18,73,33,0,94484,86021,89190,2,0,0,317
0,399,264,26184,4,18335,5891,1,4934,7213,2,694,93965,7479,3,157,4373,1870,318,3,34710,12210,82468,0,0,602,26517,23750,24940,54,0,0,18,64,33,0,94208,85577,88767,2,0,0,317
0,399,264,26171,4,18332,5898,1,4934,7213,2,725,94174,7479,3,158,4168,1668,318,3,34711,12118,82415,0,0,602,26558,23720,24945,53,0,0,18,63,33,0,93908,85879,89018,2,0,0,317
0,348,261,26200,4,18342,5888,1,4934,7213,2,692,94004,7479,3,156,4069,1883,318,3,34382,11979,82473,0,0,602,26594,23687,24950,53,0,0,18,71,33,0,93388,85342,88526,2,0,0,317
0,419,264,26188,4,18340,5903,1,4934,7213,2,708,94458,7479,3,159,4185,1699,318,3,35116,12538,82548,0,0,602,26679,23639,24980,51,0,0,18,61,33,0,94444,86039,89374,2,0,0,317
0,428,262,26187,4,18340,5894,1,4934,7213,2,712,94283,7479,3,160,4084,1767,318,3,35039,12456,82440,0,0,602,26593,23679,24965,52,0,0,18,68,33,0,94498,86111,89329,2,0,0,317
0,418,263,26167,4,18325,5892,1,4934,7213,2,696,94340,7479,3,159,4225,1774,318,3,34903,12393,82517,0,0,602,26620,23703,24975,53,0,0,18,69,33,0,94468,86015,89343,2,0,0,317
0,416,263,26180,4,18330,5901,1,4934,7213,2,708,94389,7479,3,159,4429,1910,318,3,35067,12556,82478,0,0,602,26616,23685,24968,50,0,0,18,56,33,0,94478,85892,89285,2,0,0,317
0,430,264,26185,4,18341,5905,1,4934,7213,2,715,94662,7479,3,157,4346,1714,318,3,34828,12249,82488,0,0,602,26622,23630,24945,50,0,0,18,65,33,0,94310,85934,89093,2,0,0,317
0,423,264,26177,4,18343,5901,1,4934,7213,2,703,94546,7479,3,158,4275,1845,318,3,35227,12624,82509,0,0,602,26586,23724,24985,53,0,0,18,62,33,0,94485,86074,89250,2,0,0,317
0,426,265,26177,4,18340,5898,1,4934,7213,2,702,94212,7479,3,158,4158,1768,318,3,35170,12602,82533,0,0,602,26615,23685,24948,52,0,0,18,66,33,0,94362,85775,88931,2,0,0,317
1,338,162,828,1,530,788,1,263,502,1,222,15402,202,3,56,3547,572,318,3,7923,6827,4793,0,0,28,1083,1326,1264,15,0,0,18,23,33,0,15546,7580,10452,2,0,0,317
0,422,265,26206,4,18350,5901,1,4934,7213,2,718,94679,7479,3,158,4471,1742,318,3,34871,12191,82476,0,0,602,26533,23755,24963,50,0,0,18,73,33,0,94063,85971,89135,2,0,0,317
0,413,264,26172,4,18333,5891,1,4934,7213,2,713,94797,7479,3,159,4576,1614,318,3,34844,12334,82466,0,0,602,26690,23605,24945,49,0,0,18,57,33,0,94474,85973,89385,2,0,0,317
0,432,264,26194,4,18338,5904,1,4934,7213,2,725,94366,7479,3,158,4326,1718,318,3,34766,12251,82455,0,0,602,26691,23645,24985,54,0,0,18,58,33,0,94526,85994,89276,2,0,0,317
0,415,265,26188,4,18330,5904,1,4934,7213,2,706,94568,7479,3,158,4392,1730,318,3,35040,12397,82431,0,0,602,26579,23682,24921,53,0,0,18,50,33,0,94591,85553,88759,2,0,0,316
0,420,264,26171,4,18329,5891,1,4934,7213,2,700,94372,7479,3,159,4210,1730,318,3,35008,12489,82517,0,0,602,26622,23675,24963,52,0,0,18,64,33,0,94679,86086,89283,2,0,0,317
1,313,162,829,1,532,792,1,263,502,1,221,15073,202,3,54,3832,696,318,3,7857,6646,4777,0,0,28,1081,1337,1259,15,0,0,18,23,33,0,15668,7371,10289,2,0,0,317
0,395,262,26185,4,18331,5895,1,4934,7213,2,714,94212,7479,3,158,4447,1692,318,3,34862,12283,82389,0,0,602,26604,23642,24941,52,0,0,18,66,33,0,94172,85896,89032,2,0,0,317
0,422,262,26185,4,18338,5894,1,4934,7213,2,699,94080,7479,3,157,4266,1817,318,3,35191,12697,82482,0,0,602,26563,23649,24919,53,0,0,18,71,33,0,94804,85534,88711,2,0,0,317
0,428,262,26173,4,18324,5893,1,4934,7213,2,711,94501,7479,3,158,4268,1742,318,3,34757,12167,82317,0,0,602,26554,23684,24931,54,0,0,18,59,33,0,94310,86198,89365,2,0,0,317
0,426,263,26182,4,18338,5904,1,4934,7213,2,703,94465,7479,3,158,4310,1781,318,3,35239,12455,82536,0,0,602,26632,23663,24948,51,0,0,18,65,33,0,94036,86481,89653,2,0,0,317
0,399,264,26192,9,18339,5899,1,4934,7213,2,704,93885,7479,3,157,4296,1746,318,3,34580,11932,82357,0,0,602,26640,23674,24956,52,0,0,18,62,33,0,94369,85540,88711,2,0,0,317
0,422,264,26176,4,18335,5895,1,4934,7213,2,695,94582,7479,3,157,4783,1827,318,3,34679,12090,82432,0,0,602,26562,23701,24943,54,0,0,18,70,33,0,94653,85941,89155,2,0,0,317
0,429,265,26178,4,18339,5894,1,4934,7213,2,723,94332,7479,3,158,4514,1605,318,3,34811,12168,82399,0,0,602,26646,23654,24988,51,0,0,18,57,33,0,94779,85960,89148,2,0,0,317
0,415,264,26194,4,18334,5897,1,4934,7213,2,704,94453,7479,3,159,4384,1596,318,3,34890,12354,82545,0,0,602,26703,23640,24987,53,0,0,18,66,33,0,94048,86153,89340,2,0,0,317
0,392,264,26184,4,18349,5901,1,4934,7213,2,691,94040,7479,3,158,4650,2003,318,3,34172,11672,82519,0,0,602,26681,23619,24945,53,0,0,18,64,33,0,94015,86023,89232,2,0,0,317
0,399,264,26193,4,18335,5894,1,4934,7213,2,711,94325,7479,3,157,4537,1738,318,3,34738,12245,82459,0,0,602,26586,23671,24934,50,0,0,18,69,33,0,94005,85693,88981,2,0,0,317
0,419,264,26170,4,18320,5895,1,4934,7213,2,721,94740,7479,3,158,4587,1664,318,3,34816,12133,82561,0,0,602,26604,23657,24938,51,0,0,18,68,33,0,94098,86200,89397,2,0,0,317
0,394,262,26201,4,18343,5908,1,4934,7213,2,707,94304,7479,3,158,4569,1934,318,3,34795,12284,82444,0,0,602,26538,23693,24913,51,0,0,18,63,33,0,94050,86193,89326,2,0,0,317
0,414,264,26177,4,18331,5893,1,4934,7213,2,714,94163,7479,3,158,4079,1737,318,3,34804,12201,82469,0,0,602,26585,23727,24973,54,0,0,18,71,33,0,94394,86173,89524,2,0,0,317
0,340,161,829,1,533,789,1,263,502,1,223,15091,202,3,54,3565,665,318,3,7871,6684,4810,0,0,28,1130,1311,1247,14,0,0,18,23,33,0,15924,7694,10616,2,0,0,317
1,421,263,26171,4,18327,5883,1,4934,7213,2,707,94411,7479,3,158,4271,1761,318,3,34993,12506,82469,0,0,602,26521,23746,24936,52,0,0,18,70,33,0,94109,85928,89124,2,0,0,317
0,417,265,26185,4,18339,5903,1,4934,7214,2,703,93949,7479,3,159,4329,1694,318,3,34958,12429,82483,0,0,602,26562,23723,24954,51,0,0,18,72,33,0,94153,85799,89000,2,0,0,317
0,323,158,822,1,525,786,1,263,502,1,220,15059,7479,3,159,4391,1768,317,3,8045,6929,4780,0,0,28,1081,1337,1260,15,0,0,18,23,33,0,15801,7410,10336,2,0,0,317
1,396,264,26195,10,18350,5903,1,4934,7214,2,712,93961,7479,3,157,4314,1749,318,3,34464,11841,82496,0,0,602,26613,23668,24961,52,0,0,18,68,33,0,93768,85616,88857,2,0,0,317
0,423,263,26194,4,18344,5900,1,4934,7214,2,696,94243,7479,3,157,4706,1657,318,3,34710,12084,82419,0,0,602,26482,23773,24956,51,0,0,18,60,33,0,94431,85959,89110,2,0,0,317
0,426,263,26166,4,18330,5889,1,4934,7213,2,714,94493,7479,3,158,4404,1719,318,3,34932,12429,82442,0,0,602,26503,23801,24960,53,0,0,18,62,33,0,93744,86126,89416,2,0,0,317
0,417,264,26197,4,18349,5900,1,4934,7213,2,701,94457,7479,3,159,4087,1784,318,4,35075,12428,82534,0,0,602,26549,23734,24953,52,0,0,18,65,33,0,94108,85765,88907,2,0,0,317
0,399,263,26186,4,18352,5903,1,4934,7213,2,707,93963,7479,3,158,4638,1629,316,3,34566,11983,82364,0,0,602,26533,23737,24930,53,0,0,18,61,33,0,94216,85701,88862,2,0,0,317
0,423,265,26173,4,18331,5899,1,4934,7213,2,714,94404,7479,3,158,4250,1804,318,3,35046,12483,82344,0,0,602,26602,23655,24951,53,0,0,18,62,33,0,94319,85824,89015,2,0,0,317
0,428,263,26184,4,18345,5901,1,4934,7213,2,700,94167,7479,3,158,4086,1893,318,3,35196,12786,82627,0,0,602,26593,23671,24953,49,0,0,18,63,33,0,94347,85760,89001,2,0,0,317
0,402,265,26171,10,18342,5908,1,4934,7213,2,689,93916,7479,3,157,4109,1915,318,3,34755,12085,82437,0,0,602,26616,23657,24949,52,0,0,18,58,33,0,94141,85588,88869,2,0,0,317
0,413,266,26178,4,18335,5906,0,4934,7213,3,716,94507,7479,3,160,4530,1783,318,3,34566,11927,82466,0,0,602,26628,23626,24941,52,0,0,18,63,33,0,94014,85719,88875,2,0,0,317
0,341,162,836,1,537,791,1,263,502,1,223,15471,202,3,55,3671,567,318,3,34973,12508,82443,0,0,28,1089,1334,1271,15,0,0,18,21,33,0,15911,7098,10070,2,0,0,317
1,425,264,26191,4,18330,5893,1,4934,7213,2,721,94480,7479,3,157,4390,1735,318,3,34701,12173,82521,0,0,602,26610,23664,24946,53,0,0,18,77,33,0,94492,85504,88624,2,0,0,317
0,419,265,26163,4,18332,5897,1,4934,7213,2,703,94606,7479,3,157,4267,1766,318,3,35158,12710,82514,0,0,602,26568,23726,24949,52,0,0,18,67,33,0,94275,86235,89399,2,0,0,317
0,414,265,26177,4,18335,5896,1,4934,7213,2,701,94489,7479,3,158,4594,1697,318,3,34985,12538,82441,0,0,602,26533,23718,24934,54,0,0,18,65,33,0,94089,85963,89085,2,0,0,317
0,415,265,26199,4,18350,5902,1,4934,7213,2,711,94498,7479,3,158,4275,1729,318,3,34703,12121,82446,0,0,602,26589,23680,24941,52,0,0,18,69,33,0,94019,86719,89888,2,0,0,317
0,421,264,26181,4,18332,5895,1,4934,7213,2,719,94637,7479,3,158,4312,1771,318,3,34737,12317,82489,0,0,602,26628,23713,24981,52,0,0,18,61,33,0,94330,85481,88692,2,0,0,317
0,395,265,26170,4,18329,5899,1,4934,7213,2,695,94447,7479,3,158,4574,1617,318,3,34755,12241,82362,0,0,602,26543,23703,24924,55,0,0,18,72,33,0,93756,85872,89228,2,0,0,317
0,422,265,26190,4,18352,5897,1,4934,7213,2,722,94693,7479,3,158,4352,1730,318,3,35213,12424,82389,0,0,602,26550,23739,24955,50,0,0,18,60,33,0,94470,86010,89409,2,0,0,317
1,432,263,26173,4,18326,5891,1,4934,7213,2,697,93985,7479,3,157,4347,1732,318,3,34819,12282,82500,0,0,602,26655,23657,24991,54,0,0,18,66,33,0,94439,85891,89024,2,0,0,317
0,417,264,26188,4,18345,5905,1,4934,7214,2,719,93932,7479,3,158,4068,1691,318,3,34477,12238,82416,0,0,602,26508,23789,24968,53,0,0,18,61,33,0,94318,86117,89275,2,0,0,317
0,424,264,26166,4,18318,5887,1,4934,7213,2,703,94538,7479,3,158,4334,1708,318,3,34930,12387,82435,0,0,602,26514,23874,24941,53,0,0,18,63,33,0,94452,85962,89287,2,0,0,317
0,421,264,26180,4,18329,5898,1,4934,7213,2,724,94342,7479,3,158,4687,1801,318,3,34820,12365,82491,0,0,602,26571,23705,24949,54,0,0,18,70,33,0,94457,85900,89062,2,0,0,317
0,432,265,26181,4,18339,5894,1,4934,7213,2,705,94245,7479,3,158,4193,1714,318,3,35157,12654,82460,0,0,602,26591,23718,24977,52,0,0,18,59,33,0,94453,86082,89378,2,0,0,317
0,399,263,26167,4,18340,5896,1,4934,7213,2,704,93893,7479,3,157,4508,1640,318,3,34755,12181,82363,0,0,602,26482,23774,24951,51,0,0,18,58,33,0,93717,85640,89011,2,0,0,317
0,395,264,26173,4,18330,5891,1,4934,7213,2,712,94267,7479,3,158,4465,1794,318,3,34522,12078,82360,0,0,602,26472,23792,24940,50,0,0,18,62,33,0,94012,85575,88751,2,0,0,317
0,396,265,26188,4,18333,5892,1,4934,7213,2,708,94277,7479,3,159,4177,1693,318,3,34905,12307,82468,0,0,602,26510,23803,24977,53,0,0,18,59,33,0,94381,85963,89121,2,0,0,317
0,422,263,26169,4,18327,5896,1,4934,7213,2,693,94116,7479,3,157,4610,1725,318,4,34630,12064,82367,0,0,602,26493,23741,24938,52,0,0,19,64,35,0,94027,85998,89172,2,0,0,317
0,427,262,26186,4,18347,5899,1,4934,7213,2,724,94809,7479,3,158,4332,1659,318,3,35195,12535,82521,0,0,602,26554,23747,24961,54,0,0,18,65,33,0,94840,86442,89587,2,0,0,317
0,396,265,26158,4,18324,5893,1,4934,7213,2,695,94044,7479,3,158,4379,1742,318,3,34889,12069,82394,0,0,602,26546,23755,24959,52,0,0,18,66,33,0,94074,85952,89142,2,0,0,317
0,413,265,26177,4,18331,5893,1,4934,7213,2,702,94077,7479,3,157,4373,1724,318,3,34947,12449,82529,0,0,602,26577,23671,24917,52,0,0,18,63,33,0,94229,86053,89197,2,0,0,317
0,422,262,26180,4,18338,5890,1,4934,7213,2,714,94483,7479,3,157,4549,1733,318,3,35076,12545,82457,0,0,602,26637,23694,24963,55,0,0,18,50,33,0,94758,86027,89177,2,0,0,317
0,419,263,26196,4,18348,5901,1,4934,7213,2,696,94648,7479,3,158,4358,1677,318,3,34710,12148,82501,0,0,602,26419,23871,24974,53,0,0,18,58,33,0,94156,85994,89161,2,0,0,317
0,427,264,26206,4,18355,5903,1,4934,7213,2,711,94320,7479,3,157,4244,1695,318,3,34532,12131,82539,0,0,602,26467,23790,24940,51,0,0,18,63,33,0,94362,86552,89723,2,0,0,317
0,336,160,831,1,533,787,1,263,502,1,220,15494,202,3,55,3625,634,318,3,7823,6655,4766,0,0,28,1095,1332,1274,15,0,0,18,21,33,0,15824,7181,10104,2,0,0,317
0,396,262,26174,4,18338,5900,1,4934,7214,2,715,93875,7479,3,159,4129,1882,318,3,34745,12176,82463,0,0,602,26533,23732,24945,53,0,0,18,64,33,0,94090,85966,89109,2,0,0,317
1,397,265,26180,4,18327,5901,1,4934,7213,2,703,94043,7479,3,158,4360,1726,318,3,34851,12296,82432,0,0,602,26591,23644,24906,51,0,0,18,60,33,0,93796,85525,88702,2,0,0,316
0,397,264,26166,4,18330,5893,1,4934,7213,2,698,94139,7479,3,158,4261,1768,317,3,34321,11745,82481,0,0,602,26555,23718,24924,54,0,0,18,67,33,0,94414,85812,89210,2,0,0,317
0,415,261,26181,4,18327,5894,1,4934,7213,2,720,94635,7479,3,158,4471,1753,318,3,34763,12242,82500,0,0,602,26594,23655,24942,51,0,0,18,65,33,0,94377,86121,89532,2,0,0,317
0,425,265,26165,4,18328,5893,1,4934,7213,2,700,94016,7479,3,159,4321,1696,318,3,35067,12384,82446,0,0,602,26565,23720,24948,50,0,0,18,69,33,0,94730,85864,88993,2,0,0,317
0,426,260,26182,4,18334,5893,1,4934,7213,2,694,94215,7479,3,158,4133,1956,318,3,34929,12384,82470,0,0,602,26558,23695,24924,54,0,0,18,69,33,0,94279,86018,89152,2,0,0,317
0,438,263,26168,4,18341,5892,1,4934,7213,2,690,94265,7479,3,158,4292,1720,318,3,34737,12359,82431,0,0,602,26513,23765,24972,52,0,0,18,63,32,0,94406,85853,89117,2,0,0,317
0,352,261,26189,4,18342,5887,1,4934,7213,2,690,93828,7479,3,156,3794,1958,318,3,34387,11822,82408,0,0,602,26620,23672,24973,52,0,0,18,70,33,0,93573,85398,88532,2,0,0,317
0,421,261,26180,4,18328,5901,1,4934,7213,2,706,94498,7479,3,157,4637,1732,318,3,35085,12592,82372,0,0,602,26653,23685,24986,54,0,0,18,66,33,0,94005,85865,89089,2,0,0,317
0,429,262,26190,4,18351,5902,1,4934,7214,2,719,94785,7479,3,159,4041,1732,318,3,34956,12527,82476,0,0,602,26670,23598,24928,54,0,0,18,65,33,0,95092,85760,88975,2,0,0,317
0,428,264,26180,4,18333,5887,1,4934,7213,2,719,94494,7479,3,158,4410,1740,318,3,34989,12658,82568,0,0,602,26548,23706,24929,54,0,0,18,66,33,0,93962,85820,89003,2,0,0,317
0,397,265,26187,4,18347,5903,1,4934,7213,2,713,94088,7479,3,157,4551,1613,318,3,34697,11751,82421,0,0,602,26601,23673,24937,52,0,0,18,58,33,0,94473,85695,88892,2,0,0,317
0,423,264,26200,4,18348,5894,1,4934,7213,2,715,94503,7479,3,158,4617,1750,317,3,34473,12086,82516,0,0,602,26546,23758,24978,51,0,0,18,63,33,0,94275,85553,88692,2,0,0,317
0,423,264,26172,4,18326,5900,1,4934,7213,2,691,93920,7479,3,157,4489,1821,318,3,35186,12689,82539,0,0,602,26542,23731,24919,51,0,0,18,60,33,0,94681,86419,89600,2,0,0,317
0,427,265,26171,4,18332,5892,1,4934,7213,2,694,94567,7479,3,158,4275,1763,318,3,34963,12593,82574,0,0,602,26584,23705,24966,52,0,0,18,65,33,0,94109,86178,89361,2,0,0,316
0,431,264,26179,4,18350,5897,1,4934,7213,2,699,94578,7479,3,158,4413,1749,371,3,34932,12485,82490,0,0,602,26470,23789,24908,52,0,0,18,61,33,0,94198,86235,89443,2,0,0,317
0,401,261,26211,4,18355,5900,1,4934,7213,2,701,94015,7479,3,158,4458,1654,318,3,34661,11972,82479,0,0,602,26551,23712,24935,53,0,0,18,64,33,0,94219,85793,89143,2,0,0,317
0,398,265,26188,4,18334,5899,1,4934,7213,2,719,94099,7479,3,158,4384,1754,318,3,34722,12145,82491,0,0,602,26540,23705,24936,51,0,0,18,62,33,0,93969,85907,89123,2,0,0,317
0,416,264,26169,4,18324,5888,1,4934,7213,2,705,94381,7479,3,158,4206,1917,318,3,35094,12153,82375,0,0,602,26561,23733,24976,53,0,0,18,70,33,0,94659,86001,89102,2,0,0,317
0,422,263,26191,4,18345,5899,1,4934,7213,3,705,94450,7479,3,159,4557,1856,318,3,34803,12249,82537,0,0,602,26527,23752,24955,52,0,0,18,69,33,0,94508,85975,89357,2,0,0,317
0,310,160,827,1,530,792,1,4934,7213,3,701,94105,7479,3,159,4216,1870,318,4,34911,12180,82502,0,0,602,26649,23643,24957,53,0,0,18,63,33,0,94013,85631,88952,2,0,0,317
0,414,260,26176,4,18329,5897,1,4934,7213,2,711,94408,7479,3,158,4429,1736,318,3,34612,12086,82523,0,0,602,26674,23639,24974,53,0,0,18,80,33,0,93995,85819,88999,2,0,0,317
0,419,265,26180,4,18330,5893,1,4934,7214,2,696,94266,7479,3,157,4355,1652,318,3,34983,12471,82487,0,0,602,26463,23793,24942,53,0,0,18,68,33,0,94227,85712,88914,2,0,0,317
0,430,264,26196,4,18356,5897,1,4934,7213,2,701,93939,7479,3,158,4250,1741,318,3,34813,12346,82501,0,0,602,26552,23723,24927,53,0,0,18,64,33,0,94280,85716,88870,2,0,0,317
0,401,265,26177,4,18335,5895,1,4934,7213,2,716,94315,7479,3,159,4493,1684,318,3,34669,12074,82338,0,0,602,26516,23747,24920,53,0,0,18,67,33,0,94399,85656,88872,2,0,0,317
0,419,262,26195,4,18352,5911,1,4934,7213,2,702,94151,7479,3,157,4616,1746,318,3,34684,12163,82465,0,0,602,26577,23676,24930,52,0,0,18,68,33,0,94194,86431,89610,2,0,0,317
0,421,264,26198,4,18361,5907,1,4934,7213,2,714,94262,7479,3,158,4402,1883,318,3,34826,12416,82584,0,0,602,26540,23696,24920,52,0,0,18,76,33,0,94503,85658,88834,2,0,0,317
0,416,264,26189,4,18347,5893,1,4934,7213,2,707,94625,7479,3,158,4252,1768,318,3,35055,12623,82483,0,0,602,26617,23673,24924,52,0,0,18,62,33,0,94454,85884,89018,2,0,0,317
0,430,262,26187,4,18336,5901,1,4934,7213,2,700,94189,7479,3,159,4490,1719,318,3,34805,11996,82436,0,0,602,26579,23682,24950,52,0,0,18,71,33,0,94190,86183,89556,2,0,0,317
0,424,265,26191,4,18344,5901,1,4934,7213,2,696,94339,7479,3,158,4593,1785,318,3,35192,12685,82583,0,0,602,26596,23685,24960,56,0,0,18,68,33,0,94328,86534,89688,2,0,0,317
0,433,265,26156,4,18322,5892,1,4934,7213,2,686,94024,7479,3,158,4366,1734,318,3,34965,12438,82486,0,0,602,26677,23642,24961,54,0,0,18,60,33,0,94562,86000,89349,2,0,0,317
0,425,265,26182,4,18340,5903,1,4934,7213,2,706,94383,7479,3,157,4197,2026,318,3,35010,12736,82470,0,0,602,26507,23792,24954,51,0,0,19,77,35,0,94557,85782,88937,2,0,0,317
0,395,262,26182,4,18347,5899,1,4934,7213,2,707,93902,7479,3,158,4159,1703,318,3,34936,12203,82389,0,0,602,26616,23682,24982,52,0,0,18,65,33,0,94231,85759,88897,2,0,0,317
0,420,264,26184,4,18334,5903,1,4934,7213,2,699,94129,7479,3,158,4735,1769,318,3,34769,12311,82479,0,0,602,26566,23692,24921,50,0,0,18,64,33,0,94253,86565,89719,2,0,0,317
0,335,162,824,1,526,786,1,263,502,1,221,15320,202,3,55,3807,649,318,3,8084,7014,4811,0,0,28,1151,1401,1265,16,0,0,18,22,33,0,15579,7402,10299,2,0,0,317
0,423,264,26190,4,18347,5898,1,4934,7213,2,714,94519,7479,3,158,4478,1711,318,3,35340,12701,82432,0,0,602,26600,23662,24947,52,0,0,18,58,33,0,94735,86142,89319,2,0,0,317
1,348,264,26187,4,18332,5890,1,4934,7214,2,685,93508,7479,3,156,3958,1627,318,3,34312,11759,82386,0,0,602,26670,23585,24917,52,0,0,18,53,33,0,94024,85278,88453,2,0,0,317
0,418,263,26168,4,18329,5889,1,4934,7214,2,713,94177,7479,3,158,4475,1943,318,3,34644,12033,82516,0,0,602,26609,23734,24993,52,0,0,18,65,33,0,93999,86164,89377,2,0,0,316
0,431,262,26198,4,18341,5898,1,4934,7213,2,721,94376,7479,3,159,4526,1729,318,3,34783,12096,82408,0,0,602,26523,23736,24926,49,0,0,18,58,33,0,94389,86098,89402,2,0,0,317
0,423,264,26168,4,18330,5897,1,4934,7213,2,713,94386,7479,3,159,4221,1660,318,3,35028,12293,82497,0,0,602,26613,23658,24938,52,0,0,18,69,33,0,94393,86321,89675,2,0,0,317
0,426,262,26172,4,18336,5896,1,4934,7213,2,707,94672,7479,3,158,4307,1773,318,3,35031,12442,82445,0,0,602,26531,23793,24967,53,0,0,18,54,33,0,94215,86165,89305,2,0,0,317
0,421,264,26176,4,18328,5894,1,4934,7213,2,704,94390,7479,3,158,4567,1737,318,3,34631,12141,82426,0,0,602,26666,23674,24995,50,0,0,18,60,33,0,94313,86038,89389,2,0,0,317
0,427,265,26186,4,18346,5891,1,4934,7213,2,706,94316,7479,3,158,4302,1910,318,3,35336,12946,82573,0,0,602,26547,23710,24939,52,0,0,18,70,33,0,94541,86021,89337,2,0,0,317
0,399,264,26188,9,18343,5904,1,4934,7213,2,706,93939,7479,3,158,4267,1733,318,3,34401,12116,82437,0,0,602,26560,23702,24933,52,0,0,18,56,33,0,94232,85440,88630,2,0,0,317
0,401,264,26189,9,18345,5899,1,4934,7213,2,721,93871,7479,3,157,4392,1852,318,3,34465,11848,82494,0,0,602,26601,23707,24992,54,0,0,18,61,33,0,94263,85470,88611,2,0,0,317
0,421,265,26190,4,18341,5902,1,4934,7213,2,706,94544,7479,3,158,4356,1642,318,3,35156,12639,82502,0,0,602,26627,23657,24960,57,0,0,18,68,33,0,94158,85795,88994,2,0,0,317
0,422,265,26151,4,18321,5890,1,4934,7213,2,714,94319,7479,3,157,4308,1906,318,3,34899,12203,82486,0,0,602,26665,23616,24940,53,0,0,18,60,33,0,94541,86151,89447,2,0,0,317
0,421,265,26188,4,18338,5903,1,4934,7213,2,703,94507,7479,3,158,4624,1701,318,3,34977,12343,82531,0,0,602,26588,23699,24967,52,0,0,19,68,35,0,94215,85841,89011,2,0,0,317
0,427,264,26159,4,18320,5895,1,4934,7213,2,696,94279,7479,3,158,4114,1644,318,3,35116,12684,82632,0,0,602,26582,23693,24943,55,0,0,18,63,33,0,94334,86123,89283,2,0,0,317
0,430,263,26184,4,18342,5901,1,4934,7213,2,705,94544,7479,3,157,4638,1656,318,3,34760,12217,82533,0,0,602,26584,23691,24960,52,0,0,18,69,33,0,94598,85888,89024,2,0,0,317
0,425,265,26211,4,18362,5900,1,4934,7213,2,718,94310,7479,3,158,4265,1722,318,3,34771,12069,82461,0,0,602,26562,23667,24924,53,0,0,18,74,33,0,94235,86021,89195,2,0,0,317
0,426,264,26202,4,18343,5905,1,4934,7213,2,705,94457,7479,3,158,4152,1713,318,3,35237,12734,82532,0,0,602,26575,23684,24929,52,0,0,18,60,33,0,94681,86028,89186,2,0,0,317
0,399,264,26177,4,18347,5906,1,4934,7213,2,701,94184,7479,3,157,4682,1699,318,3,34557,11996,82529,0,0,602,26640,23663,24947,50,0,0,18,64,33,0,94304,85818,89127,2,0,0,317
0,420,264,26160,4,18326,5890,1,4934,7213,2,712,94566,7479,3,158,4361,1655,318,3,35102,12505,82452,0,0,602,26600,23691,24957,54,0,0,18,51,33,0,94498,85606,88766,2,0,0,317
0,433,265,26197,4,18362,5897,1,4934,7213,2,702,94124,7479,3,158,4446,1892,318,3,34984,12230,82419,0,0,602,26626,23680,24968,54,0,0,18,67,33,0,94298,86341,89496,2,0,0,317
0,418,265,26189,4,18340,5899,1,4934,7213,2,698,94385,7479,3,158,4307,1677,317,3,34886,12282,82395,0,0,602,26519,23760,24921,52,0,0,18,56,33,0,94260,85877,89048,2,0,0,317
0,423,263,26181,4,18333,5893,1,4934,7213,2,700,94438,7479,3,158,4255,1826,318,4,34989,12532,82526,0,0,602,26546,23724,24962,54,0,0,18,72,33,0,94298,86279,89427,2,0,0,317
0,429,262,26190,4,18342,5899,1,4934,7213,2,720,94865,7479,3,158,4434,1759,318,3,35017,12384,82441,0,0,602,26525,23747,24948,51,0,0,18,60,33,0,94172,86414,89577,2,0,0,317
0,430,265,26170,4,18339,5896,1,4934,7213,2,707,94648,7479,3,158,4416,1937,318,3,34810,12350,82559,0,0,602,26530,23759,24947,50,0,0,18,67,33,0,94584,85936,89258,2,0,0,317
0,421,264,26173,4,18324,5890,1,4934,7213,2,717,94913,7479,3,158,4370,2112,318,3,34755,12184,82421,0,0,602,26492,23789,24952,53,0,0,18,71,33,0,94291,86244,89484,2,0,0,317
0,418,265,26183,4,18335,5899,1,4934,7213,2,695,93845,7479,3,158,4305,1600,318,3,35263,12799,82566,0,0,602,26516,23694,24911,52,0,0,18,64,33,0,94328,86185,89338,2,0,0,317
0,416,264,26185,4,18333,5893,1,4934,7213,2,707,94341,7479,3,159,4265,1953,318,3,34916,12304,82466,0,0,602,26543,23737,24959,52,0,0,18,62,33,0,94220,85890,89162,2,0,0,317
0,421,262,26173,4,18334,5900,1,4934,7213,2,708,93895,7479,3,158,4380,1744,318,3,35038,12414,82509,0,0,602,26503,23776,24939,52,0,0,18,61,33,0,94222,86092,89344,2,0,0,317
0,308,159,829,1,532,789,1,4934,7213,3,709,94040,7479,3,158,4145,1681,318,3,34474,11992,82469,0,0,602,26606,23720,24993,53,0,0,18,75,33,0,94136,85819,89018,2,0,0,317
0,419,261,26171,4,18323,5890,1,4934,7213,2,717,94836,7479,3,158,4573,1649,318,3,34824,12189,82368,0,0,602,26551,23692,24918,53,0,0,18,69,33,0,94395,85939,89249,2,0,0,317
0,417,262,26186,4,18343,5903,1,4934,7213,2,724,94486,7479,3,158,4248,1818,319,3,34627,12182,82492,0,0,602,26518,23745,24932,51,0,0,18,71,33,0,94468,85923,89072,2,0,0,317
0,419,265,26189,4,18342,5900,1,4934,7214,2,715,94304,7479,3,157,4367,1729,318,3,35160,12475,82470,0,0,602,26654,23639,24957,51,0,0,18,67,33,0,94206,86266,89435,2,0,0,317
0,417,262,26182,4,18340,5894,1,4934,7213,2,715,94599,7479,3,158,4528,1795,318,3,35077,12380,82447,0,0,602,26526,23758,24939,52,0,0,18,71,33,0,94438,85720,88868,2,0,0,317
0,425,264,26167,4,18323,5888,1,4934,7213,2,704,94408,7479,3,158,4553,1957,318,3,35039,12632,82596,0,0,602,26496,23780,24936,51,0,0,18,64,33,0,94209,85982,89257,2,0,0,317
0,416,263,26173,4,18326,5897,1,4934,7213,2,695,94020,7479,3,157,4463,1703,318,3,34884,12070,82457,0,0,602,26555,23727,24959,56,0,0,18,65,33,0,94174,86320,89505,2,0,0,317
0,431,262,26192,4,18336,5897,1,4934,7213,2,707,94227,7479,3,158,4028,2024,318,3,34859,12240,82386,0,0,602,26543,23703,24944,51,0,0,18,65,33,0,94513,85572,88806,2,0,0,317
0,434,263,26175,4,18330,5890,1,4934,7213,2,697,94199,7479,3,159,4165,1758,318,3,34835,12356,82519,0,0,602,26671,23701,24918,51,0,0,18,70,33,0,94653,86127,89339,2,0,0,317
0,357,139,26185,4,18334,5896,1,4934,7213,2,710,94358,7479,3,157,4611,1756,318,3,34953,12128,82474,0,0,602,26642,23661,24974,54,0,0,18,61,33,0,94087,86169,89362,2,0,0,317
0,421,263,26191,4,18346,5903,1,4934,7213,2,704,94892,7479,3,157,4432,1671,318,3,34767,12153,82434,0,0,602,26631,23695,24974,52,0,0,18,86,33,0,93873,85998,89148,2,0,0,317
0,431,263,26211,4,18360,5921,1,4934,7213,2,710,94013,7479,3,158,4476,1740,318,3,35060,12461,82529,0,0,602,26562,23715,24929,54,0,0,18,70,32,0,94518,85451,88628,2,0,0,317
0,425,264,26168,4,18315,5886,1,4934,7213,2,712,94308,7479,3,157,4296,1856,318,3,34984,12626,82516,0,0,602,26612,23677,24951,53,0,0,18,61,33,0,94234,86401,89545,2,0,0,317
0,426,264,26177,4,18335,5895,1,4934,7213,2,695,94323,7479,3,157,4443,1720,318,3,34559,11993,82369,0,0,602,26592,23668,24918,53,0,0,18,64,33,0,94226,86156,89531,2,0,0,317
0,424,263,26181,4,18334,5899,1,4934,7213,2,715,94579,7479,3,157,4595,1738,318,3,34982,12525,82431,0,0,602,26630,23651,24967,52,0,0,18,71,33,0,94322,86217,89400,2,0,0,317
0,430,263,26168,4,18319,5891,1,4934,7213,2,706,94307,7479,3,157,4369,1740,318,3,34762,12238,82464,0,0,602,26616,23732,24963,51,0,0,18,65,33,0,94155,85745,88943,2,0,0,317
0,430,264,26177,4,18323,5893,1,4934,7213,2,703,94699,7479,3,157,4234,1894,318,3,34772,12178,82501,0,0,602,26584,23661,24927,54,0,0,18,80,33,0,94487,85907,89050,2,0,0,316
0,400,262,26189,4,18332,5903,1,4934,7213,2,718,94576,7479,3,159,4307,1763,318,3,34681,12305,82470,0,0,602,26613,23706,24983,55,0,0,18,69,33,0,94200,86139,89340,2,0,0,317
0,414,265,26193,4,18340,5901,1,4934,7213,2,704,94582,7479,3,157,4485,1678,318,3,35097,12224,82431,0,0,602,26575,23706,24955,50,0,0,18,64,33,0,94241,85920,89107,2,0,0,317
0,428,263,26196,4,18340,5899,1,4934,7213,2,717,94542,7479,3,158,4281,1768,318,3,34644,12244,82494,0,0,602,26545,23723,24942,52,0,0,18,65,33,0,94219,86065,89195,2,0,0,317
0,398,264,26189,4,18341,5898,1,4934,7213,2,707,94175,7479,3,158,4407,1748,317,3,34692,12076,82503,0,0,602,26474,23834,24979,54,0,0,18,63,33,0,94317,85768,88942,2,0,0,317
0,417,265,26178,4,18323,5890,1,4934,7213,2,702,94310,7479,3,158,4222,1744,318,3,35009,12161,82473,0,0,602,26671,23666,24978,53,0,0,18,61,33,0,94628,85903,89045,2,0,0,317
0,423,264,26197,4,18347,5905,1,4934,7213,2,704,94249,7479,3,158,4317,1910,318,3,34905,12267,82510,0,0,602,26559,23737,24965,54,0,0,18,58,33,0,94409,86174,89304,2,0,0,317
0,399,263,26192,4,18337,5900,1,4934,7213,2,711,94081,7479,3,159,4333,1730,318,3,34472,11987,82466,0,0,602,26637,23670,24968,54,0,0,18,65,33,0,93951,85668,88850,2,0,0,317
0,416,263,26161,4,18328,5895,1,4934,7213,2,695,94138,7479,3,157,4518,1761,318,3,34782,12381,82570,0,0,602,26382,23903,24943,51,0,0,18,59,33,0,94192,86290,89412,2,0,0,317
0,426,263,26190,4,18344,5902,1,4934,7213,2,686,94158,7479,3,158,4901,1885,318,3,34948,12515,82416,0,0,602,26596,23708,24953,54,0,0,18,73,33,0,94461,85909,89063,2,0,0,317
0,439,263,26189,4,18332,5888,1,4934,7213,2,724,94767,7479,3,157,4393,1781,318,3,35066,12375,82558,0,0,602,26613,23688,24956,51,0,0,18,70,33,0,94391,86621,89795,2,0,0,317
0,429,263,26184,4,18336,5894,1,4934,7213,2,715,94337,7479,3,158,4564,2143,318,4,34879,12276,82452,0,0,602,26572,23689,24942,53,0,0,18,61,33,0,94059,86235,89393,2,0,0,317
0,418,263,26185,4,18337,5898,1,4934,7213,2,701,94577,7479,3,157,4529,1690,318,3,35173,12676,82471,0,0,602,26599,23672,24958,49,0,0,18,80,33,0,94458,86284,89438,2,0,0,317
0,398,264,26219,4,18363,5901,1,4934,7213,2,708,94170,7479,3,157,4704,1625,318,3,34588,12017,82521,0,0,602,26589,23705,24969,54,0,0,19,63,35,0,94209,85988,89188,2,0,0,317
0,423,264,26218,4,18364,5912,1,4934,7213,2,702,94466,7479,3,157,4506,1775,318,3,35159,12461,82533,0,0,602,26582,23673,24936,53,0,0,18,84,33,0,94306,85779,88900,2,0,0,377
0,394,262,26207,9,18359,5898,1,4934,7213,2,714,94245,7479,3,157,4337,2027,318,3,34490,11842,82399,0,0,602,26497,23801,24974,51,0,0,18,62,33,0,94029,85847,88988,2,0,0,317
0,414,264,26181,4,18331,5898,1,4934,7214,2,716,94563,7479,3,158,4317,1720,318,3,34826,12432,82450,0,0,602,26589,23713,24978,54,0,0,19,72,35,0,93882,86355,89545,2,0,0,317
0,397,262,26193,4,18351,5895,1,4934,7213,2,711,94088,7479,3,158,4664,1986,318,3,34779,12288,82533,0,0,602,26587,23654,24918,53,0,0,18,64,33,0,93800,86215,89387,2,0,0,317
0,398,263,26190,4,18338,5901,1,4934,7213,2,721,94131,7479,3,158,4386,1781,318,3,34619,12048,82487,0,0,602,26556,23729,24979,52,0,0,18,57,33,0,93848,85607,88780,2,0,0,317
1,314,161,826,1,530,790,1,263,502,1,221,14991,202,3,55,3593,756,318,3,8104,6876,4768,0,0,28,1089,1336,1270,15,0,0,18,22,33,0,15409,7187,10199,2,0,0,317
0,397,263,26205,4,18360,5898,1,4934,7213,2,711,94832,7479,3,157,4439,1658,318,3,34568,12030,82513,0,0,602,26570,23724,24956,52,0,0,18,64,33,0,94042,85950,89111,2,0,0,317
1,312,162,837,1,535,791,1,263,502,1,222,15096,202,3,54,3616,741,318,3,7569,6392,4784,0,0,28,1086,1337,1273,15,0,0,18,23,33,0,15528,7382,10271,2,0,0,317
0,427,265,26185,4,18344,5897,1,4934,7213,2,715,94639,7479,3,157,4491,1832,318,3,34883,12595,82557,0,0,602,26537,23723,24944,54,0,0,18,61,33,0,94331,85890,89091,2,0,0,317
0,415,264,26186,4,18335,5893,1,4934,7213,2,714,94641,7479,3,158,4449,1893,318,3,34983,12333,82494,0,0,602,26661,23604,24956,50,0,0,18,69,33,0,94329,86280,89442,2,0,0,317
0,392,263,26174,4,18321,5904,1,4934,7213,2,716,94602,7479,3,159,4270,1797,318,3,34676,12199,82509,0,0,602,26609,23635,24908,53,0,0,18,68,33,0,93817,85660,88845,2,0,0,317
0,425,265,26208,4,18354,5896,1,4934,7213,2,700,94317,7479,3,157,4607,1732,318,3,34757,12219,82411,0,0,602,26455,23821,24930,50,0,0,18,57,33,0,94332,85941,89090,2,0,0,317
0,420,264,26178,4,18339,5895,1,4934,7213,2,697,94041,7479,3,157,4430,1719,318,3,34535,11907,82398,0,0,602,26584,23683,24928,51,0,0,18,80,33,0,94348,85879,89156,2,0,0,317
0,421,261,26173,4,18329,5902,1,4934,7213,2,683,94026,7479,3,157,4260,1730,318,3,34968,12384,82523,0,0,602,26682,23615,24975,53,0,0,18,67,33,0,94529,85863,89047,2,0,0,376
0,398,263,26198,4,18348,5905,1,4934,7213,2,703,94043,7479,3,159,4262,1692,318,3,34769,12052,82363,0,0,602,26612,23639,24909,50,0,0,18,60,33,0,94356,85962,89176,2,0,0,317
0,429,265,26178,4,18329,5892,1,4934,7213,2,708,94069,7479,3,156,4602,1714,318,3,34838,12073,82511,0,0,602,26604,23630,24897,50,0,0,18,68,33,0,94750,85986,89134,2,0,0,317
0,412,262,26189,4,18345,5903,1,4934,7213,2,709,94181,7479,3,158,4716,1786,318,3,34822,12275,82548,0,0,602,26605,23659,24930,51,0,0,18,62,33,0,94466,86160,89333,2,0,0,317
0,424,264,26172,4,18317,5897,1,4934,7213,2,708,94589,7479,3,157,4646,1577,318,3,34930,12353,82392,0,0,602,26562,23711,24941,53,0,0,18,74,33,0,94277,85609,88825,2,0,0,317
0,421,264,26183,4,18340,5896,1,4934,7213,2,714,94672,7479,3,158,4414,1717,318,3,34813,12260,82531,0,0,602,26525,23725,24913,52,0,0,18,72,33,0,94083,86007,89214,2,0,0,317
0,398,264,26185,4,18337,5894,1,4934,7213,2,701,94071,7479,3,159,4472,1726,318,3,34883,12240,82399,0,0,602,26681,23610,24933,54,0,0,18,64,33,0,94013,85897,89213,2,0,0,317
0,416,264,26178,4,18331,5898,1,4934,7213,2,708,94307,7479,3,157,4537,1729,318,3,35376,12821,82527,0,0,602,26524,23715,24934,52,0,0,18,77,33,0,94452,85853,89218,2,0,0,317
0,418,263,26180,4,18331,5900,1,4934,7213,2,719,94652,7479,3,157,4537,1789,318,3,34976,12700,82451,0,0,602,26528,23761,24978,55,0,0,18,79,33,0,94336,86128,89330,2,0,0,317
0,421,264,26191,4,18342,5898,1,4934,7213,2,707,94332,7479,3,158,4311,1672,318,3,35144,12373,82511,0,0,602,26589,23689,24963,50,0,0,18,68,33,0,94480,86283,89442,2,0,0,317
0,421,262,26183,4,18326,5899,1,4934,7213,2,709,94335,7479,3,157,4273,1853,318,3,35101,12566,82532,0,0,602,26619,23693,24974,54,0,0,18,73,33,0,94186,85947,89139,2,0,0,317
0,401,263,26163,4,18329,5896,1,4934,7213,2,693,94223,7479,3,158,4173,1699,318,3,34550,12011,82357,0,0,602,26613,23615,24932,51,0,0,19,61,35,0,94022,85903,89285,2,0,0,317
0,422,265,26178,4,18325,5889,1,4934,7213,2,695,94052,7479,3,157,4222,1726,318,3,34907,12251,82372,0,0,602,26500,23773,24954,55,0,0,18,71,33,0,94241,86278,89469,2,0,0,317
0,426,262,26180,4,18336,5906,0,4934,7213,2,707,94446,7479,3,157,4545,1775,318,3,34905,12278,82468,0,0,602,26588,23691,24958,51,0,0,18,55,33,0,94071,85918,89070,2,0,0,317
0,426,263,26179,4,18339,5901,1,4934,7213,2,711,94558,7479,3,157,4413,1774,318,3,35001,12283,82565,0,0,602,26623,23615,24900,53,0,0,18,62,33,0,94083,86276,89437,2,0,0,317
0,403,263,26192,4,18336,5900,1,4934,7213,2,717,94549,7479,3,160,4135,1755,318,3,34405,11971,82430,0,0,602,26524,23735,24937,52,0,0,18,61,33,0,94179,85856,89035,2,0,0,316
0,421,265,26190,4,18333,5894,1,4934,7213,2,711,94760,7479,3,158,4558,1720,318,3,34872,12261,82387,0,0,602,26636,23643,24919,51,0,0,18,62,33,0,94624,86047,89202,2,0,0,317
0,431,264,26164,4,18328,5898,1,4934,7213,2,698,94257,7479,3,158,4473,1798,318,3,34653,12050,82585,0,0,602,26572,23682,24946,52,0,0,18,70,33,0,94920,85806,88995,2,0,0,317
1,331,161,834,1,532,789,1,263,502,1,222,15296,202,3,54,3498,704,318,3,7973,6782,4777,0,0,28,1136,1292,1263,15,0,0,18,23,33,0,15390,7546,10424,2,0,0,317
0,416,264,26190,4,18345,5901,1,4934,7213,2,701,94150,7479,3,157,4053,1694,318,3,34780,12009,82431,0,0,602,26476,23779,24937,51,0,0,18,67,33,0,94380,85925,89091,2,0,0,317
0,428,263,26166,4,18321,5885,1,4934,7213,2,699,94323,7479,3,157,4529,1639,318,3,35053,12591,82547,0,0,602,26638,23629,24942,51,0,0,19,67,35,0,94057,85892,89061,2,0,0,317
0,398,263,26174,9,18323,5895,1,4934,7213,2,715,94125,7479,3,157,4234,1774,318,3,34711,12045,82422,0,0,602,26602,23723,24977,52,0,0,18,60,33,0,94342,85457,88745,2,0,0,317
0,416,264,26194,4,18338,5903,1,4934,7213,2,704,94230,7479,3,157,4350,1895,318,3,34603,12126,82571,0,0,602,26566,23733,24980,53,0,0,18,77,33,0,94291,85954,89153,2,0,0,317
0,427,263,26176,4,18343,5886,1,4934,7214,2,707,94282,7479,3,158,4357,1612,318,3,35121,12658,82454,0,0,602,26627,23675,24952,54,0,0,18,67,33,0,94861,85997,89141,2,0,0,317
0,416,261,26198,4,18346,5901,1,4934,7213,2,692,94503,7479,3,157,4428,1686,318,3,35113,12535,82484,0,0,602,26607,23644,24929,51,0,0,18,68,33,0,94494,86031,89188,2,0,0,317
0,397,264,26208,4,18356,5898,1,4934,7213,2,706,94181,7479,3,158,4522,1777,318,3,34855,12400,82452,0,0,602,26556,23716,24934,52,0,0,18,72,33,0,93680,86143,89342,2,0,0,317
0,395,262,26167,4,18334,5894,1,4934,7213,2,708,94470,7479,3,158,4648,1655,318,3,34810,12311,82413,0,0,602,26595,23705,24953,51,0,0,18,64,33,0,94118,86136,89305,2,0,0,317
0,400,265,26186,4,18339,5895,1,4934,7213,2,710,94087,7479,3,158,4416,1722,317,3,34536,12145,82519,0,0,602,26610,23685,24939,51,0,0,18,56,33,0,93800,85734,88874,2,0,0,317
0,413,260,26205,4,18356,5904,1,4934,7213,2,706,94225,7479,3,158,4389,1749,318,3,35122,12520,82575,0,0,602,26478,23918,24935,52,0,0,18,70,33,0,94429,86224,89375,2,0,0,317
0,396,263,26200,4,18356,5906,1,4934,7213,2,711,93879,7479,3,159,4135,1920,318,3,34842,12030,82452,0,0,602,26600,23674,24942,53,0,0,18,60,33,0,94134,85747,88934,2,0,0,316
0,432,264,26187,4,18337,5900,1,4934,7213,2,712,94398,7479,3,157,4168,1752,318,3,35046,12469,82361,0,0,602,26266,23984,24946,52,0,0,18,87,33,0,94453,85772,88949,2,0,0,317
0,425,264,26174,4,18330,5897,1,4934,7213,2,710,94700,7479,3,158,4113,1748,318,3,34885,12322,82401,0,0,602,26499,23739,24921,53,0,0,18,56,33,0,93996,85782,88915,2,0,0,317
0,420,262,26205,4,18347,5903,1,4934,7214,2,720,94424,7479,3,158,4503,1734,318,3,34924,12463,82593,0,0,602,26689,23588,24949,52,0,0,18,81,33,0,94248,85693,88801,2,0,0,317
0,417,263,26181,4,18329,5892,1,4934,7213,2,703,94628,7479,3,158,4610,1673,318,3,34997,12508,82519,0,0,602,26598,23687,24944,50,0,0,18,69,33,0,94152,85941,89119,2,0,0,317
0,411,263,26196,4,18351,5894,1,4934,7213,2,698,94049,7479,3,157,4356,1863,318,3,35000,12584,82544,0,0,602,26654,23647,24978,54,0,0,18,71,33,0,94025,85884,89022,2,0,0,317
0,399,264,26176,4,18327,5895,1,4934,7213,2,698,93784,7479,3,157,4540,1704,318,3,34715,12220,82411,0,0,602,26639,23669,24976,50,0,0,18,62,33,0,94324,85644,88942,2,0,0,317
0,417,262,26200,4,18342,5894,1,4934,7213,2,716,94720,7479,3,157,4603,1625,318,3,34688,12196,82428,0,0,602,26498,23822,24972,52,0,0,18,78,33,0,94290,85759,88932,2,0,0,317
0,398,263,26189,4,18343,5895,1,4934,7213,2,724,94046,7479,3,158,4406,1709,318,3,34634,12202,82448,0,0,602,26565,23705,24921,53,0,0,18,74,33,0,93853,85736,88872,2,0,0,317
0,409,264,26184,4,18329,5902,1,4934,7213,2,685,94016,7479,3,157,4566,1725,318,3,34799,12296,82334,0,0,602,26495,23779,24944,51,0,0,18,64,33,0,94314,86146,89294,2,0,0,317
0,421,263,26191,4,18338,5902,1,4934,7213,2,699,94534,7479,3,157,4398,1659,318,3,35035,12631,82482,0,0,602,26300,23975,24936,50,0,0,18,58,33,0,94391,86187,89390,2,0,0,317
0,426,264,26175,4,18333,5896,1,4934,7213,2,723,94658,7479,3,157,4332,1731,318,3,34508,12387,82494,0,0,602,26236,24011,24934,51,0,0,18,63,33,0,93910,85873,89039,2,0,0,317
0,343,161,827,1,528,790,1,263,502,0,225,15146,202,3,55,3458,730,318,3,7723,6449,4816,0,0,28,1126,1306,1259,16,0,0,18,23,33,0,15643,86130,89377,2,0,0,317
0,428,264,26187,4,18344,5892,1,263,502,1,224,15461,202,3,55,3401,635,318,3,34747,12060,82412,0,0,28,1081,1339,1268,15,0,0,18,67,33,0,93926,86208,89329,2,0,0,317
0,395,261,26188,9,18336,5904,1,4934,7213,2,696,93599,7479,3,155,4359,1571,318,3,34677,12097,82388,0,0,602,26288,23966,24949,51,0,0,18,64,33,0,94340,85467,88664,2,0,0,317
0,432,265,26186,4,18342,5902,1,4934,7213,2,706,94743,7479,3,158,4545,1795,318,3,34660,12297,82499,0,0,602,26573,23670,24918,50,0,0,18,63,33,0,94038,85722,88876,2,0,0,317
0,395,264,26190,4,18334,5896,1,4934,7213,2,720,94579,7479,3,158,4484,1899,318,3,34760,12196,82404,0,0,602,26566,23700,24937,49,0,0,18,68,33,0,93805,85651,88831,2,0,0,317
0,422,265,26162,4,18319,5900,1,4934,7213,2,711,94744,7479,3,160,4442,1748,318,3,34540,12365,82420,0,0,602,26638,23616,24939,52,0,0,18,71,33,0,94482,85943,89103,2,0,0,317
0,433,264,26183,4,18338,5898,1,263,502,1,216,14874,202,3,55,3692,793,318,4,8071,6586,4809,0,0,28,1079,1337,1274,15,0,0,18,21,33,0,15786,7381,10293,2,0,0,317
0,395,262,26185,4,18335,5896,1,4934,7213,2,719,94442,7479,3,158,4484,1760,318,3,34762,12033,82487,0,0,602,26415,23846,24915,52,0,0,18,64,33,0,94004,85271,88430,2,0,0,317
1,422,263,26176,4,18327,5897,1,4934,7213,2,719,94074,7479,3,158,4631,1688,318,3,34981,12637,82509,0,0,602,26291,23956,24922,53,0,0,18,58,33,0,94543,85796,89134,2,0,0,317
0,401,262,26172,4,18331,5893,1,4934,7213,2,711,93861,7479,3,158,4418,1727,318,3,34900,12440,82594,0,0,602,26558,23739,24983,52,0,0,18,77,33,0,94090,85812,88982,2,0,0,317
0,421,263,26181,4,18332,5892,1,4934,7213,2,705,94313,7479,3,158,4417,1738,318,3,34329,12110,82427,0,0,602,26542,23730,24959,54,0,0,18,63,33,0,94588,86156,89306,2,0,0,317
0,340,233,7884,1,5509,2269,1,1531,2378,1,332,38263,2242,3,126,3889,1522,318,3,15537,7899,27596,0,0,202,8988,7999,7895,30,0,0,18,39,33,0,38402,30065,33170,2,0,0,317
0,396,262,26183,4,18333,5894,1,4934,7213,2,703,94109,7479,3,157,4458,1783,318,3,34956,12524,82584,0,0,602,26407,23870,24942,52,0,0,18,60,33,0,94170,85521,88737,2,0,0,317
1,426,265,26186,4,18344,5900,1,4934,7213,2,696,94202,7479,3,158,4316,1776,318,3,34660,12479,82456,0,0,602,26567,23710,24945,52,0,0,18,68,33,0,94561,86351,89499,2,0,0,317
0,434,264,26185,4,18350,5900,1,4934,7213,2,707,94426,7479,3,158,4620,1931,318,3,34566,12300,82445,0,0,602,26586,23698,24954,52,0,0,18,64,33,0,94033,85639,88776,2,0,0,317
0,395,262,26178,4,18332,5899,1,4934,7213,2,705,94120,7479,3,158,4610,1767,318,3,34868,12295,82417,0,0,602,26372,23928,24942,50,0,0,18,71,33,0,94157,86179,89363,2,0,0,317
0,422,265,26179,4,18337,5898,1,4934,7214,2,696,93635,7479,3,158,4323,1680,318,3,34241,11941,82498,0,0,602,26661,23636,24971,55,0,0,18,67,33,0,94472,85929,89054,2,0,0,317
0,401,265,26190,4,18343,5902,1,4934,7213,2,689,94026,7479,3,158,4387,1799,318,3,34647,12039,82512,0,0,602,26517,23730,24921,52,0,0,18,67,33,0,93906,85868,89239,2,0,0,317
0,396,265,26164,4,18323,5897,1,4934,7213,2,712,94208,7479,3,157,4602,1652,318,3,34771,12691,82558,0,0,602,26469,23835,24976,55,0,0,18,65,33,0,93684,85544,88709,2,0,0,317
0,422,264,26179,4,18329,5896,1,4934,7213,2,727,94079,7479,3,157,4375,1960,318,3,34875,12432,82391,0,0,602,26342,23956,24972,53,0,0,18,68,33,0,93993,86491,89671,2,0,0,317
0,427,259,26181,4,18329,5899,1,4934,7213,2,711,94345,7479,3,158,4429,1981,317,3,34711,12561,82515,0,0,602,26709,23604,24989,52,0,0,18,58,33,0,94112,86064,89423,2,0,0,317
0,430,264,26195,4,18359,5892,1,4934,7213,2,727,94852,7479,3,158,4385,1816,318,3,34620,12421,82481,0,0,602,26577,23669,24915,53,0,0,18,65,33,0,93915,85475,88692,2,0,0,317
0,273,138,26171,4,18317,5893,1,4934,7213,2,673,93902,7479,3,157,3743,1729,318,3,34331,11757,82433,0,0,602,26674,23642,24983,52,0,0,18,84,33,0,93561,85277,88448,2,0,0,317
0,419,263,26168,4,18331,5900,1,4934,7213,2,703,94463,7479,3,157,4182,1618,318,3,34401,12020,82421,0,0,602,26661,23647,24977,53,0,0,18,64,33,0,94343,86076,89256,2,0,0,317
0,420,264,26175,4,18332,5899,1,4934,7213,2,690,94529,7479,3,157,4659,1727,317,3,34914,12155,82542,0,0,602,26526,23795,24992,52,0,0,18,64,33,0,94436,85868,89202,2,0,0,317
0,425,262,26194,4,18341,5895,1,4934,7214,2,711,94418,7479,3,158,4264,1939,318,3,34689,12135,82480,0,0,602,26666,23637,24960,49,0,0,18,62,33,0,93965,86008,89247,2,0,0,317
0,415,264,26186,4,18327,5895,1,4934,7213,2,705,94582,7479,3,157,4141,1640,318,3,34685,11878,82429,0,0,602,26592,23750,24971,54,0,0,18,64,33,0,94523,85971,89187,2,0,0,317
0,421,262,26192,4,18339,5903,1,4934,7213,2,718,94555,7479,3,158,4222,1763,318,3,34933,12425,82449,0,0,602,26675,23629,24978,53,0,0,18,63,33,0,94242,86063,89190,2,0,0,317
0,425,264,26205,4,18348,5892,1,4934,7213,2,726,94573,7479,3,158,4634,1695,318,3,34868,12317,82439,0,0,602,26593,23680,24931,54,0,0,18,64,33,0,94860,85992,89156,2,0,0,317
0,420,264,26184,4,18326,5896,1,4934,7213,2,717,94666,7479,3,157,4522,1927,318,3,34995,12626,82462,0,0,602,26570,23675,24939,52,0,0,18,62,33,0,94263,86134,89288,2,0,0,317
0,399,263,26187,4,18344,5902,1,4934,7213,2,705,94129,7479,3,158,4498,1681,317,3,34798,12240,82457,0,0,602,26592,23684,24949,51,0,0,18,65,33,0,94106,85698,88890,2,0,0,317
1,338,159,853,1,546,800,1,263,502,0,225,15081,202,3,55,3597,669,318,3,7807,6701,4803,0,0,28,1087,1338,1270,15,0,0,18,22,33,0,15508,7380,10437,2,0,0,317
0,425,263,26199,4,18341,5904,1,4934,7213,2,694,94210,7479,3,158,4857,1710,318,3,34951,12401,82412,0,0,602,26611,23665,24934,51,0,0,18,64,33,0,94371,86079,89279,2,0,0,317
0,420,263,26199,4,18350,5900,1,4934,7213,2,705,94633,7479,3,157,4302,1886,318,3,34742,12171,82479,0,0,602,26630,23679,24975,52,0,0,18,83,33,0,94423,86260,89422,2,0,0,317
0,395,261,26172,4,18319,5894,1,4934,7213,2,718,94140,7479,3,158,4499,1761,317,4,34702,12157,82381,0,0,602,26608,23652,24915,54,0,0,18,57,33,0,94003,85801,89054,2,0,0,317
0,418,265,26193,4,18333,5900,1,4934,7213,2,710,94298,7479,3,158,4520,1957,318,3,35299,12660,82449,0,0,602,26641,23629,24938,53,0,0,18,61,33,0,94332,86156,89460,2,0,0,317
0,400,263,26187,4,18338,5898,1,4934,7213,2,729,94509,7479,3,158,4320,1658,318,3,34481,11936,82381,0,0,602,26542,23713,24935,52,0,0,18,64,33,0,94028,85697,88861,2,0,0,317
0,428,262,26189,4,18350,5899,1,4934,7213,2,709,94293,7479,3,158,4282,1727,318,3,35249,12504,82457,0,0,602,26566,23723,24958,51,0,0,18,69,33,0,94199,86043,89227,2,0,0,317
0,429,263,26184,4,18330,5897,1,4934,7213,2,699,94222,7479,3,158,4585,1767,318,3,34716,12117,82471,0,0,602,26486,23780,24960,53,0,0,18,60,33,0,94623,85935,89094,2,0,0,317
0,424,264,26172,4,18331,5895,1,4934,7213,2,698,94396,7479,3,158,4255,1660,318,3,35066,12716,82611,0,0,602,26547,23704,24943,52,0,0,18,63,33,0,94548,86077,89363,2,0,0,317
0,417,262,26187,4,18336,5904,1,4934,7213,2,713,94359,7479,3,158,4319,1769,317,3,35259,12601,82563,0,0,602,26577,23673,24910,51,0,0,18,76,33,0,94478,86488,89675,2,0,0,317
1,335,159,823,1,524,788,1,4934,7213,2,700,94142,7479,3,159,4267,1842,318,3,34685,12034,82455,0,0,28,1078,1342,1276,15,0,0,18,70,33,0,94202,7250,10104,2,0,0,317
0,418,262,26192,4,18342,5907,1,4934,7213,2,708,94255,7479,3,157,4226,1727,318,3,34669,12161,82503,0,0,602,26596,23657,24931,49,0,0,18,48,33,0,94330,85799,89034,2,0,0,317
0,417,262,26184,4,18330,5893,1,4934,7213,2,706,94200,7479,3,157,4338,1750,318,3,34623,12218,82433,0,0,602,26516,23743,24928,53,0,0,18,70,33,0,94536,85671,88807,2,0,0,317
0,429,264,26189,4,18335,5894,1,4934,7213,2,714,94036,7479,3,157,4203,1719,318,3,35067,12510,82476,0,0,602,26605,23653,24940,56,0,0,18,63,33,0,94063,86578,89777,2,0,0,317
0,415,264,26175,4,18329,5901,1,4934,7213,2,700,94708,7479,3,157,4598,1788,318,3,35025,12343,82567,0,0,602,26618,23663,24958,51,0,0,18,83,33,0,94084,86245,89638,2,0,0,317
0,423,262,26197,4,18357,5900,1,4934,7213,2,706,94260,7479,3,157,4079,1727,318,3,34526,12072,82412,0,0,602,26604,23611,24903,54,0,0,18,63,33,0,94633,86074,89408,2,0,0,317
0,428,261,26193,4,18335,5891,1,4934,7213,2,687,94356,7479,3,157,4470,1913,317,3,35181,12601,82556,0,0,602,26604,23682,24974,53,0,0,18,68,33,0,94491,85814,89050,2,0,0,317
0,419,264,26210,4,18350,5900,1,4934,7213,2,711,94546,7479,3,157,4523,1732,318,3,35044,12299,82431,0,0,602,26444,23825,24934,51,0,0,18,65,33,0,94317,86040,89212,2,0,0,317
1,344,285,37970,4,26583,8168,1,7105,10248,2,795,127589,10734,3,180,4104,1895,318,3,46383,13043,115366,0,0,822,36982,32779,35657,56,0,0,18,67,33,0,127591,118795,122143,2,0,0,317
0,424,265,26177,4,18330,5891,1,4934,7213,2,715,94662,7479,3,157,4522,1721,318,3,34804,12278,82441,0,0,602,26656,23622,24940,52,0,0,18,76,33,0,94306,86217,89390,2,0,0,317
0,359,138,26168,4,18327,5894,1,4934,7213,2,708,94339,7479,3,158,4223,1781,317,3,34717,12063,82457,0,0,602,26532,23681,24913,53,0,0,18,68,33,0,94425,86068,89236,2,0,0,317
0,420,262,26182,4,18342,5896,1,4934,7213,2,703,94567,7479,3,157,4593,1764,318,3,35334,12539,82556,0,0,602,26658,23650,24965,50,0,0,18,68,33,0,94052,86331,89467,2,0,0,317
0,425,264,26180,4,18342,5895,1,4934,7213,2,705,94771,7479,3,157,4745,1718,318,3,34674,12057,82406,0,0,602,26651,23704,24993,54,0,0,18,64,33,0,94323,86029,89229,2,0,0,317
0,426,263,26195,4,18342,5900,1,4934,7213,2,724,94481,7479,3,157,4224,1756,318,3,34875,12396,82452,0,0,602,26585,23722,24979,54,0,0,18,65,33,0,94442,86174,89298,2,0,0,317
0,429,263,26176,4,18333,5893,1,4934,7213,2,703,94305,7479,3,157,4313,1800,317,3,34709,12378,82518,0,0,602,26594,23664,24932,53,0,0,18,63,33,0,94085,86155,89274,2,0,0,317
0,426,263,26172,4,18319,5896,1,4934,7213,2,704,94365,7479,3,158,4553,1938,318,3,34936,12393,82497,0,0,602,26629,23665,24955,52,0,0,18,69,33,0,94556,85866,88995,2,0,0,317
0,425,264,26199,4,18337,5897,1,4934,7213,2,696,94136,7479,3,158,4062,2094,318,3,34670,12068,82421,0,0,602,26618,23676,24957,51,0,0,18,64,33,0,94292,86175,89318,2,0,0,317
0,420,262,26191,4,18339,5897,1,4934,7213,2,707,94577,7479,3,158,4483,1712,318,3,34619,12090,82413,0,0,602,26559,23702,24925,51,0,0,18,64,33,0,94596,86343,89516,2,0,0,317
0,426,261,26222,4,18355,5910,1,4934,7213,2,717,94374,7479,3,158,4603,1779,318,4,35025,12436,82481,0,0,602,26581,23696,24949,51,0,0,18,61,33,0,94324,85808,88964,2,0,0,317
0,430,262,26188,4,18335,5896,1,4934,7214,2,700,94538,7479,3,156,4217,1692,318,3,35111,12414,82456,0,0,602,26635,23665,24969,53,0,0,18,71,33,0,94290,85721,89042,2,0,0,317
0,421,263,26187,4,18345,5903,1,4934,7213,2,699,94183,7479,3,157,4346,1748,318,3,35091,12510,82494,0,0,602,26525,23768,24954,54,0,0,18,62,33,0,94707,86146,89332,2,0,0,317
0,341,156,26209,38,18349,5906,1,4934,7213,2,704,94267,7479,3,158,4169,1694,318,3,35497,13108,82522,0,0,602,26479,23787,24952,51,0,0,18,66,33,0,94088,85947,89082,2,0,0,317
0,421,264,26200,4,18344,5906,1,4934,7213,2,717,94203,7479,3,158,4698,1773,318,3,34897,12316,82438,0,0,602,26519,23757,24965,56,0,0,18,72,33,0,94324,86166,89313,2,0,0,317
0,426,263,26182,4,18340,5895,1,4934,7213,2,713,94161,7479,3,157,4475,1785,318,3,34963,12242,82363,0,0,602,26550,23680,24908,51,0,0,18,69,33,0,94669,86236,89413,2,0,0,317
0,425,264,26186,4,18339,5895,1,4934,7213,2,705,94303,7479,3,158,4196,1721,318,3,35292,12438,82415,0,0,602,26484,23753,24939,53,0,0,18,58,33,0,94265,85886,89121,2,0,0,317
0,415,263,26197,4,18347,5903,1,4934,7213,2,693,94387,7479,3,157,4359,1944,318,3,34894,12412,82566,0,0,602,26631,23685,24980,49,0,0,19,72,35,0,94323,85652,88815,2,0,0,316
0,412,263,26186,4,18332,5895,1,4934,7213,2,705,94381,7479,3,157,4189,1874,318,3,34662,12262,82429,0,0,602,26593,23690,24966,51,0,0,18,61,33,0,94227,85807,88908,2,0,0,317
0,426,264,26188,4,18332,5900,1,4934,7213,2,705,94511,7479,3,158,4669,1759,318,3,34895,12309,82414,0,0,602,26582,23715,24967,52,0,0,18,77,33,0,94356,86203,89324,2,0,0,317
0,426,261,26183,4,18347,5895,1,4934,7213,2,695,94678,7479,3,157,4117,1649,317,3,34980,12452,82512,0,0,602,26635,23607,24921,54,0,0,18,68,33,0,94323,85958,89115,2,0,0,317
0,433,264,26188,4,18349,5897,1,4934,7213,2,709,94456,7479,3,157,4533,1756,318,3,35123,12553,82430,0,0,602,26420,23839,24966,53,0,0,18,72,33,0,94314,86024,89194,2,0,0,317
0,422,261,26183,4,18333,5899,1,4934,7214,2,729,94681,7479,3,157,4123,1860,318,3,34941,12391,82489,0,0,602,26590,23680,24933,51,0,0,18,60,33,0,94325,86006,89182,2,0,0,317
0,397,264,26177,4,18328,5898,1,4934,7213,2,710,94136,7479,3,158,4466,1686,318,3,34779,12351,82541,0,0,602,26489,23828,24977,53,0,0,18,70,33,0,93872,85496,88693,2,0,0,317
0,349,263,26172,4,18319,5888,1,4934,7213,2,679,93687,7479,3,158,4229,1719,318,4,34038,11637,82386,0,0,602,26437,23792,24942,53,0,0,18,69,33,0,93679,85161,88340,2,0,0,317
0,426,264,26183,4,18341,5895,1,4934,7213,2,707,94472,7479,3,157,4482,1663,317,3,35028,12481,82482,0,0,602,26582,23681,24937,53,0,0,18,64,33,0,94261,86151,89481,2,0,0,317
0,419,263,26185,4,18341,5895,1,4934,7213,2,721,94790,7479,3,157,4553,1665,318,3,35059,12459,82476,0,0,602,26562,23686,24909,52,0,0,18,78,33,0,94560,85764,88913,2,0,0,317
0,424,264,26182,4,18337,5907,1,4934,7213,2,713,94583,7479,3,158,4439,1781,318,3,34844,12207,82421,0,0,602,26460,23822,24945,52,0,0,18,64,33,0,94594,86433,89561,2,0,0,317
0,426,264,26183,4,18345,5905,1,4934,7213,2,712,94844,7479,3,157,4400,1768,318,3,34940,12295,82438,0,0,602,26642,23684,24972,53,0,0,18,66,33,0,94597,86389,89547,2,0,0,317
0,420,264,26177,4,18331,5891,1,4934,7213,2,712,94398,7479,3,157,4371,1713,318,3,34808,12303,82518,0,0,602,26522,23706,24929,53,0,0,18,80,33,0,94175,85536,88755,2,0,0,317
0,426,263,26181,4,18334,5903,1,4934,7213,2,714,94492,7479,3,158,4670,1822,318,3,34984,12309,82414,0,0,602,26664,23625,24935,52,0,0,19,66,35,0,94188,86191,89371,2,0,0,317
0,396,261,26175,4,18341,5900,1,4934,7213,2,722,94158,7479,3,158,4274,1717,318,3,34765,12006,82420,0,0,602,26406,23883,24954,51,0,0,18,57,33,0,93997,85792,88966,2,0,0,317
0,425,262,26191,4,18342,5900,1,4934,7213,2,702,94524,7479,3,158,4250,1746,318,3,35036,12407,82536,0,0,602,26610,23661,24950,51,0,0,18,53,33,0,94443,85675,88811,2,0,0,317
0,398,264,26186,4,18338,5898,1,4934,7213,2,713,94309,7479,3,158,4552,1964,318,4,34744,12253,82465,0,0,602,26522,23725,24939,52,0,0,18,64,33,0,94231,85621,88750,2,0,0,317
0,421,263,26186,4,18335,5894,1,4934,7213,2,712,94598,7479,3,157,4195,1879,318,3,34894,12305,82430,0,0,602,26588,23675,24933,51,0,0,18,61,33,0,94139,86088,89293,2,0,0,317
0,423,264,26195,4,18345,5904,1,4934,7213,2,706,94475,7479,3,157,4149,1872,318,3,35134,12708,82569,0,0,602,26616,23694,24986,54,0,0,18,54,33,0,94517,86136,89320,2,0,0,317
0,401,263,26174,4,18336,5892,1,4934,7214,2,716,94445,7479,3,158,4412,1604,318,4,34718,11955,82452,0,0,602,26568,23715,24971,51,0,0,18,67,33,0,94157,85883,89049,2,0,0,317
0,429,263,26188,4,18330,5898,1,4934,7213,2,724,94601,7479,3,157,4319,1643,318,3,35175,12504,82483,0,0,602,26537,23716,24924,53,0,0,18,63,33,0,94343,86006,89133,2,0,0,317
1,328,159,850,1,545,799,1,263,502,1,220,15105,202,3,54,3662,629,317,3,7930,6823,4780,0,0,28,1086,1329,1257,15,0,0,18,22,33,0,15360,7525,10392,2,0,0,317
0,427,263,26177,4,18327,5888,1,4934,7213,2,701,94732,7479,3,158,4184,1970,318,3,34787,12244,82497,0,0,602,26556,23764,24982,54,0,0,18,81,33,0,94069,86100,89456,2,0,0,317
0,431,263,26177,4,18325,5900,1,4934,7213,2,693,93943,7479,3,158,4269,1777,318,3,34982,12429,82524,0,0,602,26690,23636,24991,53,0,0,18,60,33,0,94071,85855,88990,2,0,0,317
0,422,262,26189,4,18343,5891,1,4934,7213,2,705,94610,7479,3,157,4531,1715,317,3,34776,12262,82568,0,0,602,26634,23640,24946,52,0,0,18,65,33,0,94457,86004,89333,2,0,0,317
0,420,263,26187,4,18339,5893,1,4934,7213,2,715,94684,7479,3,157,4603,1609,318,3,34922,12252,82374,0,0,602,26389,23885,24928,53,0,0,18,63,33,0,94647,85994,89168,2,0,0,317
0,395,262,26183,4,18336,5904,1,4934,7213,2,713,94028,7479,3,158,4653,1708,318,3,34758,12281,82487,0,0,602,26668,23644,24960,51,0,0,18,73,33,0,94109,85891,89037,2,0,0,317
0,430,264,26171,4,18327,5893,1,4934,7213,2,696,94411,7479,3,158,4573,1642,318,3,35090,12641,82428,0,0,602,26613,23658,24937,55,0,0,18,67,33,0,94534,85770,88948,2,0,0,317
0,337,161,829,1,529,789,1,263,502,0,223,15163,202,3,55,3609,743,318,3,34866,12235,82339,0,0,28,1076,1340,1264,15,0,0,18,22,33,0,15703,85892,89052,2,0,0,317
0,428,263,26198,4,18354,5895,1,4934,7213,2,709,94310,7479,3,158,4337,1678,318,3,34966,12403,82447,0,0,602,26482,23765,24926,51,0,0,18,69,33,0,94428,85864,89243,2,0,0,317
0,419,264,26189,4,18341,5894,1,4934,7213,2,695,94391,7479,3,158,4395,1731,318,3,35138,12500,82571,0,0,602,26536,23723,24944,51,0,0,18,69,33,0,94200,86213,89374,2,0,0,317
0,416,263,26204,4,18354,5901,1,4934,7213,2,704,94456,7479,3,158,4375,1718,318,3,34911,12240,82409,0,0,602,26564,23718,24973,53,0,0,18,60,33,0,94220,85680,88892,2,0,0,317
0,427,263,26175,4,18327,5900,1,4934,7213,2,703,94470,7479,3,158,4299,1878,318,3,34987,12586,82452,0,0,602,26626,23680,24966,51,0,0,18,63,33,0,94643,86393,89568,2,0,0,317
0,429,263,26188,4,18330,5892,1,4934,7213,2,697,94603,7479,3,158,4696,1997,318,3,34854,12423,82507,0,0,602,26657,23664,24967,53,0,0,18,54,33,0,94237,86233,89360,2,0,0,317
0,420,264,26218,4,18367,5916,1,4934,7214,2,704,94567,7479,3,157,4292,1730,318,3,34508,12057,82508,0,0,602,26499,23798,24963,50,0,0,18,71,33,0,94106,85925,89093,2,0,0,317
0,431,264,26189,4,18341,5897,1,4934,7213,2,719,94496,7479,3,158,4352,1592,318,3,34898,12323,82430,0,0,602,26524,23780,24965,52,0,0,18,66,33,0,94774,86068,89207,2,0,0,317
0,423,263,26195,4,18340,5904,1,4934,7213,2,708,94231,7479,3,158,4362,1799,318,3,34823,12318,82502,0,0,602,26590,23672,24946,52,0,0,18,72,33,0,94101,85640,88822,2,0,0,317
0,420,263,26184,4,18323,5896,1,4934,7213,2,716,94549,7479,3,158,4653,1769,318,3,34744,12180,82476,0,0,602,26575,23731,24979,53,0,0,18,61,33,0,94476,86168,89382,2,0,0,317
0,397,262,26171,4,18324,5893,1,4934,7213,2,734,94457,7479,3,158,4414,1802,318,3,34728,12103,82510,0,0,602,26615,23686,24964,54,0,0,18,68,33,0,94022,85776,88887,2,0,0,317
0,416,264,26175,4,18335,5899,1,4934,7213,2,716,94295,7479,3,157,4263,1726,317,3,35153,12432,82437,0,0,602,26509,23747,24928,51,0,0,18,61,33,0,94150,86295,89470,2,0,0,317
0,421,264,26188,4,18339,5897,1,4934,7213,2,697,94468,7479,3,157,4416,1745,318,3,34964,12476,82486,0,0,602,26635,23639,24951,55,0,0,19,70,35,0,94219,85804,88909,2,0,0,317
0,399,264,26205,9,18347,5901,1,4934,7213,2,715,93993,7479,3,157,4383,1635,318,3,34571,12108,82387,0,0,602,26574,23674,24929,54,0,0,18,70,33,0,94637,85678,88833,2,0,0,317
0,418,262,26190,4,18343,5896,1,4934,7213,2,708,94397,7479,3,158,4385,1762,318,3,34567,12170,82431,0,0,602,26496,23794,24975,54,0,0,18,71,33,0,94361,86125,89243,2,0,0,317
0,420,263,26186,4,18331,5899,1,4934,7213,2,701,94330,7479,3,157,4351,1628,318,3,34821,12310,82407,0,0,602,26657,23639,24949,53,0,0,18,78,33,0,94608,86096,89460,2,0,0,317
0,401,263,26214,4,18350,5907,1,4934,7213,2,719,94461,7479,3,158,4346,1790,318,3,34800,12478,82450,0,0,602,26549,23731,24941,51,0,0,18,61,33,0,94123,85695,88803,2,0,0,317
0,422,262,26168,4,18326,5896,1,4934,7213,2,713,94424,7479,3,158,4556,1731,318,3,35144,12138,82445,0,0,602,26488,23748,24929,52,0,0,18,65,33,0,94281,86011,89203,2,0,0,317
0,434,262,26180,4,18332,5897,1,4934,7213,2,714,94762,7479,3,158,4381,1711,318,3,35134,12485,82456,0,0,602,26472,23794,24929,50,0,0,18,70,33,0,94052,85793,89110,2,0,0,317
0,430,264,26198,4,18348,5889,1,4934,7213,2,709,94634,7479,3,157,4330,1731,318,3,35222,12666,82527,0,0,602,26591,23669,24918,53,0,0,18,65,33,0,94577,86348,89505,2,0,0,317
0,424,263,26173,4,18323,5890,1,4934,7213,2,696,94419,7479,3,157,4446,1631,318,3,34476,11982,82395,0,0,602,26558,23692,24918,52,0,0,18,66,33,0,94279,86110,89270,2,0,0,317
0,431,263,26180,4,18346,5901,1,4934,7213,2,689,94055,7479,3,158,4448,2035,318,3,35348,12533,82528,0,0,602,26624,23643,24939,50,0,0,18,62,33,0,94072,86025,89156,2,0,0,317
1,313,161,838,1,535,789,1,263,502,1,222,14946,202,3,54,3903,730,318,3,7699,6412,4795,0,0,28,1138,1292,1272,15,0,0,18,23,33,0,15422,7210,10086,2,0,0,317
0,398,261,26195,4,18341,5900,1,4934,7213,2,712,94723,7479,3,158,4515,1725,318,3,34730,11942,82494,0,0,602,26582,23681,24933,53,0,0,18,62,33,0,94094,86254,89467,2,0,0,317
0,421,263,26203,4,18347,5904,1,4934,7213,2,702,94323,7479,3,157,4401,1684,318,5,35052,12424,82524,0,0,602,26506,23785,24973,53,0,0,18,54,33,0,94255,86164,89476,2,0,0,317
0,418,263,26190,4,18346,5896,1,4934,7213,2,701,94350,7479,3,156,4340,1768,318,3,35244,12718,82520,0,0,602,26578,23689,24945,53,0,0,18,68,33,0,94414,86165,89327,2,0,0,317
0,426,263,26198,4,18343,5899,1,4934,7213,2,706,94594,7479,3,158,4245,1781,318,3,34927,12303,82522,0,0,602,26577,23698,24940,50,0,0,18,60,33,0,94750,85943,89068,2,0,0,317
0,418,264,26190,4,18336,5897,1,4934,7213,2,709,94595,7479,3,157,4356,1647,318,3,34814,12210,82457,0,0,602,26543,23775,24991,53,0,0,18,64,33,0,94514,86405,89544,2,0,0,317
0,417,263,26198,4,18344,5903,1,4934,7213,2,727,94616,7479,3,158,4448,1708,318,3,34797,12268,82488,0,0,602,26681,23621,24944,51,0,0,18,68,33,0,94552,86334,89494,2,0,0,317
0,430,262,26169,4,18331,5908,1,4934,7213,2,712,94259,7479,3,157,4544,1874,318,3,34807,12152,82491,0,0,602,26482,23760,24928,54,0,0,18,67,33,0,94247,86284,89433,2,0,0,317
1,345,161,834,1,533,787,1,263,502,1,220,15440,202,3,54,3825,674,318,3,7973,6876,4782,0,0,28,1088,1339,1267,15,0,0,18,23,33,0,15653,7391,10350,2,0,0,317
0,426,264,26177,4,18334,5890,1,4934,7213,2,718,94557,7479,3,157,4285,1705,318,3,35203,12734,82646,0,0,602,26594,23723,24954,53,0,0,18,75,33,0,94375,85960,89102,2,0,0,317
0,416,263,26177,4,18329,5896,1,4934,7213,2,731,94980,7479,3,159,4284,1895,318,3,34799,12015,82566,0,0,602,26634,23684,24971,52,0,0,19,63,35,0,94555,86120,89282,2,0,0,317
0,428,263,26189,4,18337,5894,1,4934,7213,2,706,94401,7479,3,157,4529,1755,318,3,34510,11989,82383,0,0,602,26579,23671,24922,52,0,0,18,64,33,0,94265,85881,89023,2,0,0,317
0,423,263,26173,4,18328,5897,1,4934,7213,2,723,94545,7479,3,158,3988,1827,318,3,35018,12525,82528,0,0,602,26537,23747,24965,54,0,0,18,59,32,0,93887,86006,89382,2,0,0,316
0,398,264,26195,4,18335,5891,1,4934,7213,2,703,94224,7479,3,160,4298,1684,318,3,34634,12170,82575,0,0,602,26588,23664,24930,52,0,0,18,73,33,0,94269,85596,88760,2,0,0,317
0,421,260,26195,4,18347,5909,1,4934,7213,2,717,94421,7479,3,157,4361,1836,318,3,34969,12528,82519,0,0,602,26625,23650,24943,52,0,0,18,62,33,0,94533,85776,88945,2,0,0,317
0,421,262,26180,4,18325,5889,1,4934,7213,2,713,93923,7479,3,157,4286,1933,318,3,35012,12491,82462,0,0,602,26512,23733,24908,51,0,0,18,70,33,0,94036,85820,88954,2,0,0,317
0,400,261,26189,4,18337,5896,1,4934,7213,2,697,93684,7479,3,158,4527,1905,318,3,34478,11959,82498,0,0,602,26584,23674,24945,52,0,0,18,64,33,0,94103,85789,89166,2,0,0,317
0,418,262,26194,4,18349,5894,1,4934,7213,2,700,94189,7479,3,157,4140,1726,318,3,35143,12689,82453,0,0,602,26573,23634,24895,51,0,0,18,63,33,0,94338,85931,89071,2,0,0,317
0,429,264,26190,4,18350,5905,1,4934,7214,2,727,94728,7479,3,158,4558,1776,318,3,34932,12488,82558,0,0,602,26485,23767,24914,53,0,0,18,67,33,0,94001,86201,89413,2,0,0,317
0,428,264,26186,4,18338,5898,1,4934,7213,2,720,94776,7479,3,157,4155,1660,318,3,34617,12153,82511,0,0,602,26545,23673,24906,52,0,0,19,65,35,0,93757,86149,89423,2,0,0,317
0,399,265,26201,4,18349,5900,1,4934,7213,2,708,94058,7479,3,158,4670,1710,318,3,34833,12049,82574,0,0,602,26557,23740,24960,52,0,0,18,75,33,0,94344,85692,88834,2,0,0,317
0,396,262,26190,4,18333,5897,1,4934,7213,2,724,94094,7479,3,159,4363,2017,318,3,34609,11801,82347,0,0,602,26590,23685,24952,52,0,0,18,68,33,0,94147,85781,89103,2,0,0,317
0,399,264,26178,4,18325,5896,1,4934,7213,2,710,94319,7479,3,158,4372,1731,318,3,34773,12234,82443,0,0,602,26648,23635,24947,53,0,0,18,70,33,0,94164,85760,88952,2,0,0,317
0,424,265,26200,4,18354,5905,1,4934,7213,2,702,94216,7479,3,158,4555,1672,318,4,35025,12476,82523,0,0,602,26607,23709,24958,51,0,0,18,69,33,0,94294,85996,89226,2,0,0,317
0,428,263,26212,4,18350,5904,1,4934,7213,2,702,93857,7479,3,159,4249,1757,318,3,34927,12467,82526,0,0,602,26580,23728,24976,54,0,0,18,60,33,0,94072,86143,89288,2,0,0,317
0,424,264,26179,4,18340,5884,1,4934,7213,2,690,94513,7479,3,158,4290,1780,318,4,34743,11976,82400,0,0,602,26557,23758,24981,50,0,0,18,64,33,0,94104,86161,89331,2,0,0,317
0,421,265,26179,4,18341,5898,1,4934,7213,2,713,94461,7479,3,158,4544,1778,318,3,34586,12089,82396,0,0,602,26615,23662,24938,49,0,0,18,69,32,0,94512,86383,89575,2,0,0,317
0,429,264,26179,4,18337,5903,1,4934,7213,2,701,94381,7479,3,158,4163,1830,318,3,34952,12388,82428,0,0,602,26599,23726,24985,55,0,0,18,64,33,0,93975,85653,88833,2,0,0,317
0,423,262,26185,4,18326,5894,1,4934,7213,2,706,94575,7479,3,156,4815,1658,318,3,34991,12480,82489,0,0,602,26623,23693,24978,52,0,0,18,59,33,0,94627,85736,88911,2,0,0,317
0,430,265,26172,4,18340,5890,1,4934,7213,3,700,94793,202,3,55,3708,714,318,3,34996,12400,82566,0,0,602,26551,23741,24960,52,0,0,18,68,33,0,94345,86408,89582,2,0,0,317
0,424,262,26206,4,18350,5915,1,4934,7213,2,707,94437,7479,3,158,4421,1705,318,3,35204,12604,82411,0,0,602,26533,23757,24957,52,0,0,18,73,33,0,94352,85926,89052,2,0,0,317
0,426,262,26192,4,18339,5903,1,4934,7213,2,711,94547,7479,3,159,4126,1755,318,3,34777,12328,82498,0,0,602,26540,23787,24983,55,0,0,18,67,33,0,93878,85968,89137,2,0,0,317
0,350,264,26195,4,18351,5897,1,4934,7213,2,686,93944,7479,3,157,4492,1776,318,3,34145,11739,82483,0,0,602,26561,23708,24927,51,0,0,18,66,33,0,93771,85361,88646,2,0,0,317
0,426,265,26163,4,18313,5893,1,4934,7213,2,692,94103,7479,3,158,4037,1705,318,3,34637,12189,82495,0,0,602,26634,23653,24947,55,0,0,18,62,33,0,93924,85683,88851,2,0,0,317
0,398,263,26188,4,18336,5897,1,4934,7213,2,717,94150,7479,3,157,4420,1758,318,3,34684,12018,82398,0,0,602,26613,23692,24976,52,0,0,18,67,33,0,93997,85815,88992,2,0,0,317
0,431,264,26198,4,18352,5899,1,4934,7213,2,717,94731,7479,3,158,4458,1969,318,3,35004,12186,82551,0,0,602,26587,23742,24974,55,0,0,18,66,33,0,94303,85818,89199,2,0,0,317
0,419,263,26185,4,18335,5900,1,4934,7213,2,701,94216,7479,3,158,4327,1677,318,3,35081,12509,82404,0,0,602,26544,23709,24922,53,0,0,18,63,33,0,94295,85749,89129,2,0,0,317
0,396,264,26190,4,18332,5903,1,4934,7213,2,693,94297,7479,3,158,4352,1789,318,3,34741,11917,82404,0,0,602,26540,23731,24961,49,0,0,18,64,33,0,93993,85890,89171,2,0,0,317
0,415,262,26204,4,18352,5900,1,4934,7213,2,715,94743,7479,3,157,4590,1776,318,3,35148,12715,82631,0,0,602,26584,23666,24939,51,0,0,18,60,33,0,94473,86062,89236,2,0,0,317
0,426,262,26181,4,18336,5896,1,4934,7213,2,704,94446,7479,3,158,4604,1745,318,3,34702,12206,82373,0,0,602,26547,23762,24971,53,0,0,18,76,33,0,94627,85813,88947,2,0,0,317
0,419,264,26165,4,18320,5893,1,4934,7213,2,714,94565,7479,3,158,4455,1750,318,3,34933,12230,82414,0,0,602,26621,23685,24950,54,0,0,18,66,33,0,93895,86044,89225,2,0,0,316
0,400,265,26205,4,18352,5900,1,4934,7213,2,724,93964,7479,3,157,4449,1725,318,3,34815,12231,82471,0,0,602,26557,23702,24957,51,0,0,18,71,33,0,94123,85802,88979,2,0,0,317
0,401,262,26165,4,18328,5894,1,4934,7213,2,706,93998,7479,3,158,4568,1685,318,3,34884,12559,82524,0,0,602,26540,23726,24932,53,0,0,18,64,33,0,93538,86001,89159,2,0,0,317
0,419,263,26174,4,18326,5899,1,4934,7213,2,709,94551,7479,3,158,4492,1768,318,3,34511,11998,82507,0,0,602,26593,23708,24966,54,0,0,18,67,33,0,94486,86106,89247,2,0,0,317
0,397,262,26187,4,18333,5891,1,4934,7213,2,707,94205,7479,3,158,4631,1632,318,3,34494,11899,82493,0,0,602,26636,23671,24961,53,0,0,18,66,33,0,93965,85734,88921,2,0,0,316
0,397,262,26193,4,18342,5898,1,4934,7214,2,701,94390,7479,3,158,4414,1767,318,3,34957,12186,82400,0,0,602,26568,23832,24951,53,0,0,19,69,35,0,94012,85643,88966,2,0,0,317
0,419,262,26184,4,18340,5894,1,4934,7213,2,716,94432,7479,3,157,4470,1918,318,3,34847,12431,82505,0,0,602,26662,23651,24994,53,0,0,18,75,33,0,94537,86017,89424,2,0,0,317
0,423,265,26183,4,18337,5892,0,4934,7213,2,712,94159,7479,3,158,4383,1936,375,3,34810,12258,82472,0,0,602,26591,23723,24976,53,0,0,18,64,33,0,94518,86273,89437,2,0,0,317
0,424,265,26188,4,18339,5894,1,4934,7213,2,726,94506,7479,3,158,4307,1761,318,3,35144,12602,82512,0,0,602,26610,23698,24981,52,0,0,18,72,33,0,94229,85755,88917,2,0,0,317
0,419,262,26190,4,18348,5888,1,4934,7213,2,713,94538,7479,3,158,4411,1760,318,3,34992,12435,82488,0,0,602,26565,23705,24956,52,0,0,18,69,33,0,94782,86100,89323,2,0,0,317
0,400,264,26168,4,18322,5900,1,4934,7213,2,707,94293,7479,3,158,4289,1757,318,3,34762,12319,82548,0,0,602,26562,23683,24933,50,0,0,18,71,33,0,93862,85526,88829,2,0,0,317
0,419,263,26160,4,18329,5893,1,4934,7213,2,699,93835,7479,3,158,4282,1718,317,3,34688,11874,82446,0,0,602,26629,23709,24988,52,0,0,18,57,32,0,94456,85780,88941,2,0,0,317
0,426,264,26208,4,18360,5917,1,4934,7213,2,718,94337,7479,3,158,4422,1687,318,3,35084,12468,82478,0,0,602,26542,23715,24913,50,0,0,18,67,33,0,94154,85897,89219,2,0,0,317
0,416,265,26187,4,18336,5900,1,4934,7213,2,729,94585,7479,3,158,4501,1733,318,3,35141,12495,82425,0,0,602,26548,23715,24917,52,0,0,18,65,33,0,94605,85922,89102,2,0,0,317
0,397,264,26177,4,18326,5893,1,4934,7213,2,701,94379,7479,3,158,4366,1893,318,3,35190,12263,82544,0,0,602,26558,23711,24944,54,0,0,18,62,33,0,94004,85736,88977,2,0,0,317
0,415,264,26197,4,18346,5901,1,4934,7213,2,713,94673,7479,3,158,4283,1803,318,3,34885,12313,82354,0,0,602,26525,23792,24989,51,0,0,18,61,33,0,94258,86123,89420,2,0,0,317
0,430,262,26164,4,18332,5889,1,4934,7213,2,697,94391,7479,3,158,4435,1757,318,3,35219,12517,82521,0,0,602,26581,23685,24936,52,0,0,18,69,33,0,94222,85982,89104,2,0,0,317
0,397,265,26175,4,18325,5895,1,4934,7213,2,703,93971,7479,3,159,4581,1586,318,3,34293,11839,82361,0,0,602,26512,23794,24974,53,0,0,18,58,33,0,93883,85874,89265,2,0,0,317
0,415,265,26183,4,18337,5893,1,4934,7213,2,715,94504,7479,3,158,4446,1784,318,3,35361,12318,82409,0,0,602,26558,23663,24892,51,0,0,19,74,35,0,93945,85877,89213,2,0,0,317
0,419,264,26182,4,18340,5895,1,4934,7213,2,705,94205,7479,3,158,4047,1725,318,3,34821,12245,82517,0,0,602,26586,23737,24966,52,0,0,18,65,33,0,94310,85972,89275,2,0,0,317
0,429,265,26179,4,18325,5896,1,4934,7213,2,691,94071,7479,3,158,4493,1772,318,3,35261,12691,82522,0,0,602,26541,23724,24943,52,0,0,18,76,32,0,94495,86074,89294,2,0,0,317
0,399,265,26177,4,18338,5901,1,4934,7213,2,694,94087,7479,3,159,4393,1643,318,3,34339,11870,82378,0,0,602,26576,23703,24947,51,0,0,18,65,33,0,94218,85841,89100,2,0,0,317
0,420,262,26191,4,18330,5893,1,4934,7213,2,705,94330,7479,3,157,4508,1901,318,3,34740,12073,82537,0,0,602,26592,23729,24970,52,0,0,18,85,33,0,94465,85988,89263,2,0,0,317
0,425,263,26199,4,18343,5904,1,4934,7213,2,720,94472,7479,3,158,4152,1658,318,3,34866,12295,82397,0,0,602,26574,23739,24955,54,0,0,18,72,33,0,94321,85786,88923,2,0,0,317
0,434,264,26199,4,18355,5901,1,4934,7213,2,713,94398,7479,3,158,4175,1799,318,3,35043,12579,82499,0,0,602,26614,23663,24952,51,0,0,18,55,33,0,94399,86114,89283,2,0,0,317
0,396,263,26183,4,18332,5899,1,4934,7213,2,715,94013,7479,3,159,4270,1791,318,3,34532,12001,82418,0,0,602,26604,23767,24946,52,0,0,18,67,33,0,93876,85751,88953,2,0,0,317
0,413,261,26186,4,18330,5891,1,4934,7213,2,693,94131,7479,3,158,4556,1919,318,3,34642,12068,82426,0,0,602,26620,23692,24984,51,0,0,18,70,33,0,94657,86143,89312,2,0,0,317
0,424,260,26186,4,18342,5896,1,4934,7213,2,698,94815,7479,3,159,4362,1681,317,3,34806,12386,82399,0,0,602,26565,23727,24967,53,0,0,18,62,33,0,94422,85873,89054,2,0,0,317
0,399,265,26184,4,18328,5894,1,4934,7213,2,711,94209,7479,3,157,4656,1541,318,3,34684,12215,82544,0,0,602,26561,23669,24942,53,0,0,18,63,33,0,93742,85531,88712,2,0,0,317
0,397,263,26183,4,18350,5897,1,4934,7213,2,700,94422,7479,3,157,4397,1698,318,3,34825,12218,82468,0,0,602,26556,23721,24931,51,0,0,18,59,33,0,94079,85398,88591,2,0,0,317
0,419,262,26184,4,18341,5895,1,4934,7213,2,707,94809,7479,3,158,4402,1689,318,3,34941,12350,82498,0,0,602,26603,23675,24966,54,0,0,18,64,33,0,94553,86047,89259,2,0,0,317
0,418,265,26179,4,18342,5897,1,4934,7213,2,706,94334,7479,3,158,4248,1864,318,4,34978,12517,82527,0,0,602,26551,23732,24954,53,0,0,18,67,33,0,94246,86174,89355,2,0,0,317
0,399,265,26187,4,18333,5895,1,4934,7213,2,707,93997,7479,3,157,4412,1898,318,3,34550,12071,82510,0,0,602,26547,23722,24941,50,0,0,18,67,33,0,93669,85722,88908,2,0,0,317
0,330,162,845,1,542,798,1,263,503,0,222,15467,202,3,55,3706,703,318,3,8116,6778,4798,0,0,28,1091,1333,1269,14,0,0,18,23,33,0,15951,7169,10177,2,0,0,376
1,426,265,26180,4,18325,5894,1,4934,7213,2,714,94887,7479,3,158,4274,1740,318,3,35355,12424,82537,0,0,602,26538,23777,24968,53,0,0,18,71,33,0,94234,86057,89234,2,0,0,317
0,394,265,26169,4,18333,5899,1,4934,7213,3,694,94067,7479,3,159,4340,1765,318,3,34818,12180,82361,0,0,602,26521,23765,24954,51,0,0,18,54,33,0,94335,85625,88767,2,0,0,317
0,350,262,26188,4,18324,5893,1,4934,7213,2,694,93612,7479,3,156,4157,1618,318,3,34114,11786,82387,0,0,602,26594,23684,24933,49,0,0,18,66,33,0,93844,85148,88291,2,0,0,317
0,423,265,26175,4,18331,5905,1,4934,7213,2,680,94143,7479,3,157,4799,1677,318,3,35317,12741,82525,0,0,602,26530,23723,24919,52,0,0,18,58,33,0,94482,86297,89466,2,0,0,316
0,416,262,26195,4,18356,5902,1,4934,7213,2,700,94582,7479,3,158,4554,1706,318,3,35083,12422,82534,0,0,602,26591,23709,24999,51,0,0,18,69,33,0,94785,86037,89445,2,0,0,317
0,394,264,26189,4,18332,5901,1,4934,7213,2,695,94128,7479,3,158,4510,1723,318,3,34728,12093,82425,0,0,602,26483,23773,24925,53,0,0,18,62,34,0,94125,85999,89137,2,0,0,317
0,351,263,26158,4,18325,5889,1,4934,7213,2,680,93978,7479,3,157,4200,1689,318,3,34090,11606,82412,0,0,602,26623,23644,24931,53,0,0,18,60,33,0,93866,85429,88622,2,0,0,317
0,399,264,26190,10,18351,5906,1,4934,7213,2,708,93901,7479,3,157,4386,1782,318,3,34651,12129,82482,0,0,602,26586,23675,24939,54,0,0,18,73,33,0,93957,85623,88802,2,0,0,316
0,395,265,26172,9,18317,5896,1,4934,7213,2,720,94353,7479,3,156,4349,1668,318,3,34782,12102,82441,0,0,602,26585,23738,24959,51,0,0,18,65,33,0,94001,85724,89126,2,0,0,317
0,413,264,26190,4,18340,5903,1,4934,7213,2,695,94395,7479,3,158,4287,1847,318,3,35103,12652,82562,0,0,602,26592,23702,24951,51,0,0,18,67,33,0,94273,85906,89044,2,0,0,317
0,431,265,26184,4,18339,5893,1,4934,7213,2,700,94921,7479,3,158,4417,1787,318,3,34662,11967,82524,0,0,602,26552,23724,24941,52,0,0,18,61,33,0,94516,86107,89273,2,0,0,317
0,432,262,26194,4,18344,5901,1,4934,7213,2,701,94456,7479,3,159,4125,1756,318,3,34792,12220,82481,0,0,602,26572,23715,24939,51,0,0,18,64,33,0,94609,86299,89471,2,0,0,317
0,428,264,26169,4,18336,5887,1,4934,7213,2,704,94727,7479,3,158,4486,1748,318,3,35006,12458,82507,0,0,602,26581,23673,24928,51,0,0,18,80,33,0,94120,85961,89332,2,0,0,317
0,420,265,26170,4,18337,5893,1,4934,7213,2,708,94314,7479,3,160,4307,1729,318,3,35088,12677,82490,0,0,602,26597,23678,24935,54,0,0,18,73,33,0,94608,86002,89210,2,0,0,376
0,394,263,26185,4,18337,5901,1,4934,7213,2,707,93945,7479,3,157,4557,1607,318,3,34528,11682,82299,0,0,602,26590,23737,24995,55,0,0,18,63,33,0,94211,85871,89065,2,0,0,317
0,416,265,26201,4,18335,5905,1,4934,7213,2,699,94326,7479,3,159,4344,1755,318,3,34726,12240,82494,0,0,602,26562,23673,24907,51,0,0,18,70,33,0,94316,86053,89211,2,0,0,317
0,427,265,26171,4,18333,5905,1,4934,7213,2,701,94241,7479,3,159,4410,1642,318,3,35360,12798,82516,0,0,602,26574,23743,24966,51,0,0,18,66,33,0,94151,85893,89057,2,0,0,317
0,416,264,26193,4,18341,5892,1,4934,7213,2,712,94628,7479,3,158,4253,1766,318,3,35252,12714,82530,0,0,602,26595,23676,24939,53,0,0,18,59,33,0,94379,86144,89436,2,0,0,317
0,423,265,26203,4,18338,5899,1,4934,7213,2,713,94639,7479,3,158,4359,1747,318,3,35086,12506,82445,0,0,602,26558,23720,24962,50,0,0,18,67,33,0,94034,85750,88935,2,0,0,317
0,411,263,26206,4,18350,5903,1,4934,7213,2,697,94807,7479,3,158,4323,2049,318,3,35052,12424,82558,0,0,602,26613,23705,24985,52,0,0,18,71,33,0,94275,85958,89108,2,0,0,317
0,428,264,26188,4,18341,5904,1,4934,7213,2,700,94209,7479,3,158,4362,1927,318,3,34624,12088,82463,0,0,602,26523,23735,24931,52,0,0,18,61,33,0,94334,85905,89043,2,0,0,317
0,418,262,26177,4,18329,5901,1,4934,7213,2,702,94392,7479,3,157,4121,1838,318,3,35091,12492,82408,0,0,602,26543,23725,24960,53,0,0,18,85,33,0,94396,85924,89213,2,0,0,317
0,395,265,26179,9,18358,5894,1,4934,7213,2,704,93906,7479,3,157,4263,1707,318,3,34489,11953,82523,0,0,602,26589,23686,24932,51,0,0,18,68,33,0,94152,85775,88952,2,0,0,317
0,397,264,26166,4,18336,5899,1,4934,7213,2,704,94181,7479,3,157,4382,1813,318,3,34661,12137,82441,0,0,602,26632,23699,24970,51,0,0,18,60,33,0,94189,85958,89104,2,0,0,317
0,429,262,26187,4,18338,5896,1,4934,7213,2,717,94618,7479,3,158,4196,1897,318,3,34934,12378,82499,0,0,602,26558,23668,24910,51,0,0,18,70,33,0,94648,86369,89583,2,0,0,317
0,420,264,26189,4,18347,5895,1,4934,7213,2,707,94336,7479,3,158,4251,1913,318,3,35074,12407,82455,0,0,602,26652,23657,24956,52,0,0,18,70,33,0,94679,86153,89329,2,0,0,317
0,430,265,26157,4,18326,5889,1,4934,7213,2,703,94373,7479,3,158,4385,1740,318,3,34682,12104,82495,0,0,602,26516,23725,24928,51,0,0,18,70,33,0,94216,85928,89331,2,0,0,317
0,419,264,26200,4,18349,5899,1,4934,7213,2,712,93953,7479,3,158,4043,1672,318,3,34658,12085,82502,0,0,602,26547,23727,24955,53,0,0,18,65,33,0,94269,86068,89252,2,0,0,317
0,419,265,26172,4,18321,5898,1,4934,7213,2,699,94290,7479,3,158,4507,1748,318,3,34744,12264,82520,0,0,602,26619,23710,24964,51,0,0,18,72,33,0,94605,85661,88969,2,0,0,317
0,422,264,26200,4,18358,5901,1,4934,7213,2,695,94192,7479,3,158,4471,1899,318,3,35083,12630,82518,0,0,602,26575,23681,24942,49,0,0,18,90,33,0,94200,85692,88878,2,0,0,317
0,429,265,26162,4,18321,5897,1,4934,7213,2,717,94403,7479,3,159,4241,1771,369,3,34882,12341,82573,0,0,602,26581,23705,24948,54,0,0,18,48,33,0,94252,86103,89470,2,0,0,317
0,419,264,26191,4,18348,5892,1,4934,7213,2,711,94492,7479,3,158,4294,1695,318,3,35070,12496,82562,0,0,602,26621,23651,24955,54,0,0,18,54,33,0,94233,86047,89220,2,0,0,317
0,416,262,26172,4,18332,5896,1,4934,7213,2,712,94525,7479,3,159,4348,1817,318,3,35050,12340,82530,0,0,602,26546,23739,24962,53,0,0,18,67,33,0,94210,85974,89286,2,0,0,317
0,430,264,26192,4,18339,5903,1,4934,7213,2,711,94091,7479,3,159,4359,1736,318,3,34997,12412,82410,0,0,602,26604,23724,24989,52,0,0,18,71,33,0,94573,85459,88573,2,0,0,317
0,418,264,26178,4,18335,5892,1,4934,7213,2,719,94540,7479,3,159,4327,1658,318,3,35131,12373,82527,0,0,602,26583,23689,24924,52,0,0,18,68,33,0,94604,85870,89045,2,0,0,317
0,428,265,26193,4,18341,5893,1,4934,7213,2,713,94434,7479,3,158,4608,1760,318,3,34756,12229,82578,0,0,602,26611,23659,24950,50,0,0,19,76,35,0,94225,85660,88847,2,0,0,317
0,419,265,26174,4,18352,5897,1,4934,7213,2,713,94008,7479,3,158,4511,1788,318,3,34950,12472,82477,0,0,602,26611,23674,24948,51,0,0,18,64,33,0,94448,86163,89326,2,0,0,317
0,337,162,828,1,532,788,1,263,502,1,219,15218,202,3,55,3658,735,318,3,7847,6687,4804,0,0,28,1093,1326,1266,15,0,0,18,23,33,0,15636,7508,10426,2,0,0,317
1,402,264,26186,4,18345,5896,1,4934,7214,2,721,94217,7479,3,158,4428,1764,318,3,34735,11870,82451,0,0,602,26505,23772,24966,52,0,0,18,68,33,0,94136,85932,89100,2,0,0,317
0,334,159,828,1,529,788,1,4934,7213,3,713,94646,7479,3,157,4621,1701,318,3,34985,12651,82555,0,0,602,26459,23781,24916,52,0,0,18,59,33,0,94144,85628,88892,2,0,0,317
0,419,261,26200,4,18348,5903,1,4934,7213,2,706,94647,7479,3,157,4470,1886,318,3,34733,12330,82512,0,0,602,26471,23785,24939,51,0,0,18,81,33,0,94449,85821,88955,2,0,0,317
0,422,265,26183,4,18344,5897,1,4934,7213,2,705,94200,7479,3,158,4418,1661,318,3,34708,12224,82573,0,0,602,26412,23830,24914,52,0,0,18,71,33,0,94708,85977,89094,2,0,0,317
0,419,265,26178,4,18331,5890,1,4934,7213,2,699,94099,7479,3,158,4541,1744,318,3,34839,12223,82500,0,0,602,26634,23637,24935,51,0,0,18,63,33,0,94329,85900,89053,2,0,0,317
0,419,263,26167,4,18337,5906,1,4934,7213,2,710,94551,7479,3,159,4161,1804,318,3,34793,12290,82531,0,0,602,26556,23689,24933,52,0,0,18,66,33,0,94363,85987,89128,2,0,0,317
0,425,264,26194,4,18348,5900,1,4934,7213,2,715,94551,7479,3,159,4016,1905,318,3,34838,12264,82389,0,0,602,26650,23672,24987,54,0,0,18,64,33,0,94070,86090,89365,2,0,0,317
0,424,264,26178,4,18336,5901,1,4934,7213,2,709,94244,7479,3,158,4541,1770,318,3,34723,12236,82451,0,0,602,26587,23648,24911,53,0,0,18,60,33,0,94243,86057,89186,2,0,0,317
0,398,265,26178,4,18335,5882,1,4934,7213,2,698,94028,7479,3,158,4294,1740,378,3,34515,11915,82427,0,0,602,26500,23792,24956,55,0,0,18,68,33,0,93703,85450,88829,2,0,0,317
0,421,264,26183,4,18336,5895,0,263,502,1,221,15312,202,3,56,3330,700,318,3,7988,6869,4771,0,0,602,26558,23719,24946,55,0,0,18,22,33,0,15844,7668,10586,2,0,0,317
1,414,265,26164,4,18327,5890,1,4934,7213,2,693,94279,7479,3,159,4290,1749,317,3,34942,12486,82439,0,0,602,26502,23722,24935,53,0,0,18,66,33,0,94208,86022,89199,2,0,0,317
0,416,264,26166,4,18329,5895,1,4934,7213,2,716,94480,7479,3,157,4201,1678,318,3,35141,12716,82558,0,0,602,26582,23733,24943,53,0,0,18,64,33,0,94138,86333,89476,2,0,0,317
0,398,264,26178,4,18332,5900,1,4934,7213,2,724,94180,7479,3,158,4196,1708,318,3,35017,12506,82417,0,0,602,26635,23650,24945,51,0,0,18,65,33,0,94325,85824,88993,2,0,0,317
0,419,265,26184,4,18336,5896,1,4934,7213,2,738,94902,7479,3,159,4390,1746,318,3,34618,12134,82451,0,0,602,26632,23687,24977,56,0,0,18,65,33,0,94307,86057,89240,2,0,0,317
0,398,264,26179,4,18355,5897,1,4934,7213,2,711,93934,7479,3,158,4304,1823,318,3,34911,12289,82397,0,0,602,26513,23707,24912,52,0,0,18,66,33,0,94295,85946,89153,2,0,0,317
0,419,264,26163,4,18312,5892,1,4934,7213,2,717,94321,7479,3,158,4366,1914,318,3,34694,12174,82441,0,0,602,26594,23655,24940,52,0,0,18,63,33,0,94609,86067,89219,2,0,0,317
0,400,261,26183,4,18326,5890,1,4934,7213,2,720,94373,7479,3,158,4407,1715,318,3,34456,11959,82548,0,0,602,26563,23745,24963,51,0,0,18,71,33,0,94290,85495,88608,2,0,0,317
0,421,266,26170,4,18344,5903,1,4934,7213,3,723,94410,7479,3,158,4625,1810,318,4,34905,12304,82449,0,0,602,26605,23660,24920,53,0,0,18,54,33,0,94353,85740,88916,2,0,0,317
0,401,265,26183,4,18330,5894,1,4934,7213,2,704,94211,7479,3,158,4415,1735,317,3,34483,11984,82391,0,0,602,26632,23661,24961,51,0,0,18,57,33,0,94337,85537,88964,2,0,0,317
0,415,263,26170,4,18328,5890,1,4934,7213,2,693,94406,7479,3,159,4243,1747,318,3,34532,12008,82388,0,0,602,26630,23652,24944,53,0,0,18,63,33,0,94069,86074,89173,2,0,0,317
0,423,265,26183,4,18336,5892,1,4934,7213,2,716,94661,7479,3,158,4329,1676,317,3,34841,12144,82511,0,0,602,26516,23768,24967,54,0,0,18,67,33,0,94428,86195,89342,2,0,0,317
0,310,160,831,1,535,787,1,263,502,1,226,14913,202,3,56,3292,907,318,4,7673,6511,4760,0,0,28,1080,1340,1263,14,0,0,18,21,33,0,15645,6921,9922,2,0,0,317
1,427,263,26209,4,18353,5899,1,4934,7213,2,696,94378,7479,3,158,4421,1661,318,3,35015,12521,82427,0,0,602,26555,23708,24933,49,0,0,18,66,33,0,94275,85913,89131,2,0,0,317
0,413,263,26205,4,18357,5899,1,4934,7213,2,711,94650,7479,3,158,4268,1674,318,3,35154,12530,82444,0,0,602,26470,23802,24969,55,0,0,18,64,33,0,94253,85850,88976,2,0,0,317
0,426,263,26179,4,18342,5902,1,4934,7213,2,721,94258,7479,3,157,4453,1730,318,3,34595,12084,82451,0,0,602,26524,23757,24950,50,0,0,18,70,33,0,94324,85963,89108,2,0,0,317
0,416,263,26188,4,18341,5892,1,4934,7213,3,693,94207,7479,3,160,4465,1877,318,3,35022,12200,82404,0,0,602,26528,23769,24972,54,0,0,19,68,35,0,94787,86152,89330,2,0,0,317
0,334,162,828,1,532,787,1,263,502,1,240,15376,202,3,55,3449,623,318,3,7976,6709,4789,0,0,28,1077,1336,1264,15,0,0,18,23,33,0,15317,7255,10257,2,0,0,317
1,421,263,26168,4,18341,5894,1,4934,7213,2,703,94549,7479,3,158,4418,1714,318,3,34909,12177,82491,0,0,602,26545,23716,24942,49,0,0,18,67,33,0,94332,86153,89321,2,0,0,317
0,427,264,26195,4,18349,5894,1,4934,7213,2,701,94370,7479,3,158,4454,1738,318,3,34887,12323,82443,0,0,602,26562,23681,24915,52,0,0,18,70,33,0,94181,86069,89280,2,0,0,317
0,398,262,26196,4,18340,5901,1,4934,7213,2,701,94025,7479,3,159,4296,1710,318,3,34556,12032,82381,0,0,602,26604,23729,24969,53,0,0,18,60,33,0,94173,85929,89064,2,0,0,317
0,414,264,26192,4,18333,5898,1,4934,7213,2,708,94376,7479,3,158,4657,1687,318,3,35031,12350,82512,0,0,602,26521,23736,24963,54,0,0,18,70,33,0,94501,86232,89436,2,0,0,317
0,401,264,26176,4,18322,5893,1,4934,7213,2,718,94027,7479,3,158,4583,1784,318,3,34952,12400,82526,0,0,602,26586,23704,24938,52,0,0,18,65,33,0,94383,85607,88757,2,0,0,317
0,423,263,26200,4,18341,5896,1,4934,7213,2,704,94191,7479,3,158,4404,1933,318,3,34794,12174,82461,0,0,602,26541,23699,24911,53,0,0,18,69,33,0,94845,86003,89177,2,0,0,317
0,397,260,26195,9,18341,5895,1,4934,7213,2,720,94440,7479,3,157,4344,1953,317,3,34509,11925,82529,0,0,602,26625,23688,24978,51,0,0,18,68,33,0,94126,85767,88894,2,0,0,317
0,418,263,26186,4,18342,5896,1,4934,7213,2,708,94380,7479,3,158,4265,1953,318,3,35046,12473,82456,0,0,602,26534,23714,24913,50,0,0,18,59,33,0,94179,85729,88919,2,0,0,317
0,423,265,26178,4,18337,5899,1,4934,7213,2,711,94084,7479,3,158,4740,2069,318,3,35097,12755,82515,0,0,602,26607,23664,24938,52,0,0,18,68,33,0,94483,86181,89334,2,0,0,317
0,347,162,826,1,529,787,1,263,502,1,221,15059,202,3,55,3438,707,318,3,7908,6773,4810,0,0,28,1131,1304,1256,15,0,0,18,21,33,0,15703,7510,10395,2,0,0,317
1,422,262,26187,4,18346,5904,1,4934,7213,2,698,94302,7479,3,158,4280,1759,318,3,34761,12085,82412,0,0,602,26590,23715,24984,55,0,0,18,70,33,0,93997,85325,88536,2,0,0,317
0,433,264,26170,4,18337,5903,1,4934,7213,2,700,94474,7479,3,157,4426,1912,318,3,34963,12379,82602,0,0,602,26707,23618,24976,53,0,0,18,51,33,0,94248,86049,89244,2,0,0,317
0,415,262,26183,4,18333,5893,1,4934,7213,2,709,94598,7479,3,158,4205,1762,318,3,34755,12199,82432,0,0,602,26571,23690,24939,53,0,0,18,83,33,0,94334,85587,88841,2,0,0,317
0,413,264,26184,4,18323,5892,1,4934,7213,2,727,94779,7479,3,158,4614,1766,318,3,35075,12641,82405,0,0,602,26459,23775,24918,53,0,0,18,68,33,0,94204,86173,89351,2,0,0,317
0,427,264,26180,4,18339,5900,1,4934,7213,2,710,94309,7479,3,157,4262,1749,318,3,34894,12330,82479,0,0,602,26514,23739,24937,50,0,0,18,72,33,0,94254,85814,88963,2,0,0,317
0,393,264,26181,4,18344,5893,1,4934,7213,2,718,94324,7479,3,158,4541,1765,318,3,34809,12172,82436,0,0,602,26565,23731,24954,52,0,0,18,67,33,0,94000,85584,88768,2,0,0,317
0,397,264,26180,4,18343,5901,1,4934,7213,2,703,94502,7479,3,158,4452,1802,318,3,34506,12001,82460,0,0,602,26598,23705,24957,55,0,0,18,66,33,0,94214,85801,88933,2,0,0,317
0,426,263,26175,4,18337,5889,1,4934,7213,2,702,94134,7479,3,158,4450,1749,318,3,34984,12210,82438,0,0,602,26600,23693,24943,52,0,0,18,61,33,0,94631,86529,89712,2,0,0,317
0,398,264,26178,4,18334,5894,1,4934,7213,2,699,94244,7479,3,159,4422,1802,317,3,34655,12191,82458,0,0,602,26488,23770,24938,51,0,0,18,68,33,0,93886,85611,88790,2,0,0,317
0,419,262,26171,4,18332,5900,1,4934,7213,2,706,94555,7479,3,158,4359,1752,318,3,35041,12346,82486,0,0,602,26586,23725,24957,52,0,0,18,72,33,0,94158,85793,88967,2,0,0,317
0,425,263,26182,4,18324,5896,1,4934,7213,2,706,94468,7479,3,157,4479,1776,318,3,35185,12715,82598,0,0,602,26582,23687,24955,51,0,0,18,61,33,0,93642,86314,89656,2,0,0,317
0,431,264,26172,4,18317,5890,1,4934,7213,2,717,94476,7479,3,158,4495,1754,317,3,35000,12480,82557,0,0,602,26539,23731,24925,51,0,0,18,66,33,0,94499,86442,89617,2,0,0,317
0,416,262,26191,4,18350,5899,1,4934,7213,2,709,94429,7479,3,159,4495,1692,318,3,34815,12459,82404,0,0,602,26570,23684,24918,51,0,0,18,63,33,0,94394,86123,89466,2,0,0,317
0,398,265,26188,4,18349,5900,1,4934,7213,2,700,94032,7479,3,158,4502,1720,318,3,34830,12343,82423,0,0,602,26583,23658,24906,52,0,0,18,63,33,0,93854,85576,88741,2,0,0,317
0,428,265,26190,4,18350,5902,1,4934,7213,2,718,94501,7479,3,158,4642,1795,318,3,35167,12616,82505,0,0,602,26535,23768,24983,55,0,0,18,65,33,0,94277,86493,89647,2,0,0,317
0,418,263,26180,4,18336,5901,1,4934,7213,2,711,94419,7479,3,158,4572,1846,318,3,34562,11884,82375,0,0,602,26534,23721,24949,52,0,0,18,71,33,0,94231,86142,89522,2,0,0,317
0,421,265,26186,4,18344,5905,1,4934,7213,2,700,94472,7479,3,156,4279,1651,318,3,34636,12164,82516,0,0,602,26474,23817,24960,52,0,0,18,66,33,0,94268,86364,89526,2,0,0,317
0,398,264,26184,4,18334,5889,1,4934,7213,2,711,94340,7479,3,157,4451,1711,318,3,34864,12246,82413,0,0,602,26594,23683,24945,53,0,0,18,67,33,0,94042,85673,88888,2,0,0,317
0,417,262,26199,4,18357,5914,1,4934,7213,2,720,94645,7479,3,158,4712,1770,318,3,34743,12253,82429,0,0,602,26544,23729,24961,52,0,0,18,80,33,0,94400,86285,89621,2,0,0,317
0,417,264,26199,4,18340,5904,1,4934,7213,2,697,94167,7479,3,157,4689,1693,319,3,34725,12226,82389,0,0,602,26576,23709,24939,55,0,0,18,65,33,0,93928,85758,88908,2,0,0,316
0,397,265,26170,4,18341,5890,1,4934,7213,2,712,94397,7479,3,159,4322,1715,318,3,34310,11740,82343,0,0,602,26537,23706,24945,50,0,0,18,66,33,0,93851,85380,88589,2,0,0,317
0,399,265,26190,4,18339,5883,1,4934,7214,2,703,93932,7479,3,158,4555,1687,318,3,34459,11900,82394,0,0,602,26542,23743,24939,50,0,0,18,65,33,0,94049,85939,89296,2,0,0,317
0,433,262,26184,4,18335,5895,1,4934,7213,2,722,94533,7479,3,159,4289,1735,318,3,34469,12036,82497,0,0,602,26584,23658,24916,52,0,0,18,72,33,0,94159,85937,89225,2,0,0,317
0,394,263,26176,4,18333,5887,1,4934,7213,2,694,94332,7479,3,158,4203,1668,318,3,34334,11812,82387,0,0,602,26555,23712,24949,53,0,0,18,65,33,0,94201,85738,88939,2,0,0,317
0,419,265,26179,4,18330,5897,1,4934,7213,2,699,94143,7479,3,158,4220,1668,318,3,35250,12668,82546,0,0,602,26587,23663,24936,51,0,0,18,59,33,0,94510,86109,89432,2,0,0,317
0,397,263,26187,4,18337,5893,1,4934,7213,2,697,94114,7479,3,158,4262,1719,318,3,34306,11862,82446,0,0,602,26580,23700,24970,51,0,0,18,50,33,0,93879,85715,88859,2,0,0,317
0,422,264,26169,4,18333,5898,1,4934,7213,2,707,93985,7479,3,158,4587,1763,318,3,34920,12329,82470,0,0,602,26600,23650,24928,54,0,0,18,60,33,0,94273,86036,89177,2,0,0,317
0,417,265,26177,4,18333,5897,1,4934,7213,2,714,94404,7479,3,158,4345,1771,318,3,35077,12457,82403,0,0,602,26608,23676,24969,52,0,0,18,55,33,0,94203,86343,89535,2,0,0,317
0,425,263,26187,4,18347,5891,1,4934,7213,2,710,94418,7479,3,159,4319,1751,318,3,34725,12141,82514,0,0,602,26490,23739,24902,52,0,0,18,64,33,0,94681,86135,89320,2,0,0,317
0,398,264,26189,4,18337,5895,1,4934,7213,2,714,94151,7479,3,158,4344,1770,318,3,34237,11758,82367,0,0,602,26612,23643,24910,52,0,0,18,79,33,0,94691,85635,88821,2,0,0,317
0,421,264,26186,4,18343,5899,1,4934,7213,2,697,94234,7479,3,159,4158,1734,318,3,34821,12314,82453,0,0,602,26474,23768,24944,49,0,0,18,68,33,0,93842,85747,89117,2,0,0,317
0,428,265,26170,4,18327,5888,1,4934,7213,2,708,94369,7479,3,159,4372,1776,318,3,34867,12415,82534,0,0,602,26533,23728,24938,51,0,0,19,61,35,0,94046,86077,89245,2,0,0,317
0,430,265,26170,4,18330,5889,1,4934,7213,2,703,94193,7479,3,158,4553,2009,318,3,35100,12509,82354,0,0,602,26617,23641,24930,52,0,0,18,58,33,0,94423,86067,89233,2,0,0,317
0,427,265,26191,4,18338,5898,1,4934,7213,2,711,94515,7479,3,158,4443,1743,318,3,35219,12433,82482,0,0,602,26559,23720,24965,51,0,0,18,59,33,0,94585,86013,89193,2,0,0,317
0,419,265,26177,4,18327,5891,1,4934,7213,2,715,94412,7479,3,158,4496,1758,318,3,34906,12340,82563,0,0,602,26618,23672,24962,54,0,0,18,66,33,0,94341,85975,89106,2,0,0,317
0,420,262,26181,4,18343,5894,1,4934,7213,2,713,94286,7479,3,157,4272,1695,318,3,34817,12227,82404,0,0,602,26583,23715,24972,53,0,0,18,63,33,0,94078,85928,89117,2,0,0,316
0,395,262,26177,9,18332,5912,1,4934,7213,2,720,94404,7479,3,157,4556,1770,317,3,34386,11900,82422,0,0,602,26623,23703,24992,53,0,0,18,65,33,0,94154,85804,89164,2,0,0,317
0,424,264,26173,4,18338,5900,1,4934,7214,2,709,94089,7479,3,158,4313,1699,318,3,34822,12273,82475,0,0,602,26582,23741,24988,54,0,0,18,73,33,0,94279,86358,89477,2,0,0,317
0,421,263,26170,4,18319,5899,1,4934,7213,2,718,94323,7479,3,158,4244,1738,318,3,34919,12424,82515,0,0,602,26563,23784,24982,53,0,0,18,65,33,0,94084,86033,89215,2,0,0,317
0,418,264,26174,4,18352,5888,1,4934,7213,2,709,94335,7479,3,159,4594,1776,318,3,34759,12240,82548,0,0,602,26534,23720,24932,52,0,0,18,65,33,0,94188,85963,89174,2,0,0,317
0,420,265,26185,4,18339,5901,1,4934,7213,2,698,94539,7479,3,158,4376,1719,318,3,34615,12006,82496,0,0,602,26628,23620,24925,54,0,0,18,67,33,0,94242,86210,89391,2,0,0,317
0,427,264,26180,4,18333,5902,1,4934,7214,2,713,95066,7479,3,158,4151,1681,318,3,34812,12123,82446,0,0,602,26593,23642,24930,54,0,0,18,77,33,0,94621,85803,88964,2,0,0,317
0,397,261,26182,4,18359,5899,1,4934,7213,2,704,94051,7479,3,158,4086,1943,318,3,34723,12057,82349,0,0,602,26559,23732,24951,52,0,0,18,59,33,0,93981,85763,89052,2,0,0,317
0,426,265,26189,4,18338,5893,1,4934,7213,3,719,94573,7479,3,161,4486,1854,318,5,35111,12503,82484,0,0,602,26491,23769,24934,55,0,0,18,96,33,0,94078,86167,89528,2,0,0,317
0,426,263,26195,4,18344,5899,1,4934,7213,2,705,94818,7479,3,158,4305,1752,318,3,34759,12174,82514,0,0,602,26597,23668,24957,52,0,0,18,69,33,0,94435,86055,89272,2,0,0,317
0,423,265,26190,4,18352,5891,1,4934,7214,2,708,94375,7479,3,157,4380,1703,318,3,34826,12366,82484,0,0,602,26577,23716,24985,54,0,0,18,52,33,0,94379,85827,88955,2,0,0,317
0,397,264,26199,4,18353,5906,1,4934,7213,2,713,94392,7479,3,159,4261,1663,318,3,34687,12242,82545,0,0,602,26637,23680,24964,52,0,0,19,65,35,0,93811,85827,88996,2,0,0,317
0,352,264,26210,4,18349,5900,1,4942,7218,2,696,93871,7484,3,157,4298,1787,318,3,34476,11797,82549,0,0,602,26610,23690,24938,56,0,0,18,64,33,0,93919,85426,88608,2,0,0,317
1,416,264,26179,4,18338,5895,1,4934,7213,2,700,94286,7479,3,159,4555,1816,318,4,35112,12576,82414,0,0,602,26614,23718,24968,52,0,0,18,68,33,0,94234,86106,89241,2,0,0,317
0,422,264,26191,4,18332,5894,1,4934,7214,2,715,94270,7479,3,157,4290,2032,318,3,35019,12722,82537,0,0,602,26576,23702,24941,53,0,0,18,59,33,0,94368,86056,89268,2,0,0,317
0,350,265,26175,4,18344,5899,1,4934,7213,2,695,94022,7479,3,157,4551,1672,318,3,33984,11624,82317,0,0,602,26542,23722,24943,50,0,0,18,63,33,0,93740,85474,88690,2,0,0,317
0,423,264,26172,4,18328,5889,1,4934,7213,2,715,94567,7479,3,158,4253,1880,318,3,34895,12316,82430,0,0,602,26584,23699,24952,52,0,0,18,83,33,0,94326,86292,89495,2,0,0,317
0,417,265,26188,4,18340,5898,1,4934,7213,2,724,94330,7479,3,158,4257,1745,318,3,34797,12331,82588,0,0,602,26529,23714,24924,53,0,0,18,64,33,0,94424,85660,88817,2,0,0,317
0,425,263,26193,4,18354,5907,1,4934,7213,3,699,94667,7479,3,159,4468,1732,318,3,35288,12585,82528,0,0,602,26506,23756,24940,54,0,0,18,58,33,0,94232,85881,89072,2,0,0,317
0,418,264,26203,4,18353,5902,1,4934,7213,2,702,94577,7479,3,159,4520,1857,318,3,34697,12236,82526,0,0,602,26584,23716,24965,54,0,0,18,70,33,0,94600,86043,89232,2,0,0,317
0,430,264,26199,4,18349,5897,1,4934,7213,2,708,94146,7479,3,159,4047,1756,318,3,34571,11943,82398,0,0,602,26538,23792,24983,53,0,0,18,54,33,0,94176,85993,89309,2,0,0,317
0,421,264,26178,4,18325,5899,1,4934,7214,2,702,94009,7479,3,159,4317,1731,318,3,34889,12349,82490,0,0,602,26510,23790,24968,49,0,0,18,68,32,0,94022,86230,89380,2,0,0,317
0,398,264,26188,4,18329,5891,1,4934,7213,2,693,93862,7479,3,158,4287,1781,318,3,34681,12181,82571,0,0,602,26610,23646,24937,53,0,0,18,66,33,0,94234,85783,88966,2,0,0,317
0,427,265,26191,4,18352,5900,1,4934,7213,2,723,94912,7479,3,159,4437,1765,318,3,35066,12501,82523,0,0,602,26601,23672,24955,51,0,0,18,67,33,0,94061,86200,89337,2,0,0,317
0,414,265,26167,4,18321,5899,1,4934,7213,2,694,94032,7479,3,157,4307,1817,318,3,34897,12275,82536,0,0,602,26531,23752,24943,52,0,0,18,64,33,0,94515,86146,89294,2,0,0,317
0,397,261,26174,4,18341,5894,1,4934,7213,2,713,94406,7479,3,159,4568,1750,318,3,34451,11904,82428,0,0,602,26524,23752,24941,52,0,0,18,69,33,0,94041,86056,89216,2,0,0,317
0,425,262,26202,4,18351,5910,1,4934,7213,2,710,94365,7479,3,158,4512,1689,318,3,34651,12075,82502,0,0,602,26560,23726,24959,52,0,0,18,51,33,0,94434,85908,89073,2,0,0,317
0,407,262,26187,4,18335,5891,1,4934,7213,3,702,94366,7479,3,157,4781,1640,318,3,34711,12133,82494,0,0,602,26521,23716,24904,53,0,0,18,57,33,0,94505,85734,88901,2,0,0,317
0,428,264,26177,4,18325,5894,1,4934,7213,2,688,94359,7479,3,159,4626,1623,318,3,34788,12425,82506,0,0,602,26493,23729,24901,52,0,0,18,73,33,0,94420,85938,89225,2,0,0,317
0,415,264,26171,4,18330,5901,1,4934,7213,2,687,94152,7479,3,157,4565,1601,318,3,34895,12309,82542,0,0,602,26592,23695,24965,54,0,0,18,73,33,0,94501,85824,88999,2,0,0,317
0,344,270,35432,5,24832,7619,1,6631,9560,2,719,119924,10005,3,162,3897,2191,318,3,42616,12014,108910,0,0,782,35133,31070,33351,44,0,0,18,45,33,0,119894,112125,115502,2,0,0,317
1,397,262,26175,4,18345,5897,1,4934,7213,2,707,94101,7479,3,158,4219,1696,318,3,34642,12061,82435,0,0,602,26538,23718,24951,50,0,0,18,70,33,0,94098,85702,88959,2,0,0,317
0,426,264,26187,4,18347,5900,1,4934,7213,2,688,94248,7479,3,158,4225,1668,318,3,34923,12339,82379,0,0,602,26565,23685,24918,54,0,0,18,69,33,0,94751,85946,89172,2,0,0,317
0,420,264,26165,4,18319,5894,1,4934,7213,2,707,94252,7479,3,158,4255,1776,318,3,35480,12883,82577,0,0,602,26548,23731,24932,53,0,0,19,67,35,0,94387,85975,89304,2,0,0,317
0,424,265,26194,4,18346,5900,1,4934,7213,2,701,94364,7479,3,159,4222,1835,318,3,34941,12403,82567,0,0,602,26510,23721,24934,53,0,0,18,64,33,0,94458,85812,88943,2,0,0,317
0,416,265,26177,4,18337,5896,1,4934,7213,2,698,93704,7479,3,158,4402,1987,318,3,34609,12227,82521,0,0,602,26603,23660,24930,50,0,0,18,69,33,0,94342,85946,89158,2,0,0,317
0,395,264,26189,4,18343,5897,1,4934,7213,2,715,94291,7479,3,158,4310,1763,318,3,34660,12203,82496,0,0,602,26519,23763,24946,51,0,0,18,80,33,0,93754,85922,89047,2,0,0,317
0,396,263,26182,4,18342,5890,1,4934,7213,2,720,94274,7479,3,157,4636,1807,318,3,34476,12041,82415,0,0,602,26525,23736,24936,51,0,0,18,74,33,0,93717,85308,88471,2,0,0,317
0,392,265,26172,4,18328,5895,1,4934,7213,2,697,93931,7479,3,157,4336,1693,318,3,34593,12006,82403,0,0,602,26590,23724,24956,51,0,0,18,69,33,0,94332,85812,88991,2,0,0,317
0,426,264,26188,4,18345,5897,1,4934,7213,2,712,94687,7479,3,158,4228,1692,318,3,34763,12116,82373,0,0,602,26549,23752,24954,50,0,0,18,59,33,0,94350,86146,89413,2,0,0,317
0,420,265,26198,4,18339,5901,1,4934,7213,2,715,94517,7479,3,159,4360,1844,318,3,34789,12299,82499,0,0,602,26643,23680,24986,53,0,0,18,65,33,0,94113,86004,89187,2,0,0,317
0,422,265,26184,4,18336,5891,1,4934,7213,2,704,94451,7479,3,158,4376,1729,318,3,34859,12485,82512,0,0,602,26444,23806,24936,52,0,0,18,69,33,0,94518,86103,89307,2,0,0,317
0,395,265,26185,9,18339,5897,1,4934,7213,2,703,94408,7479,3,157,4265,1688,318,3,34710,12090,82430,0,0,602,26600,23684,24985,53,0,0,18,69,33,0,94015,85994,89157,2,0,0,317
0,423,264,26163,4,18331,5895,1,4934,7213,2,701,94073,7479,3,158,4769,1654,318,3,34830,12265,82504,0,0,602,26550,23716,24939,51,0,0,18,62,33,0,94750,86225,89373,2,0,0,317
0,413,265,26201,4,18344,5900,1,4934,7213,2,712,94476,7479,3,157,4320,1962,318,3,35046,12584,82545,0,0,602,26670,23627,24981,54,0,0,19,74,35,0,93805,86150,89305,2,0,0,317
0,391,262,26180,4,18331,5892,1,4934,7213,2,717,94186,7479,3,158,4433,1716,318,3,34688,12103,82442,0,0,602,26681,23619,24961,53,0,0,18,65,33,0,94014,85322,88485,2,0,0,317
0,349,264,26175,4,18326,5889,1,4934,7213,2,678,93947,7479,3,156,4320,1754,318,3,34224,11746,82387,0,0,602,26477,23741,24914,53,0,0,18,67,33,0,93681,85456,88639,2,0,0,371
0,416,261,26171,4,18330,5901,1,4934,7213,2,712,93917,7479,3,158,4530,1785,318,3,35014,12346,82510,0,0,602,26565,23693,24914,53,0,0,18,73,33,0,94847,86438,89852,2,0,0,317
0,348,265,26180,4,18332,5889,1,4934,7214,2,693,93974,7479,3,158,4041,1779,318,3,34379,11909,82490,0,0,602,26601,23700,24983,56,0,0,18,69,33,0,93591,85153,88458,2,0,0,317
0,421,265,26197,4,18354,5897,1,4934,7213,2,705,94569,7479,3,157,4318,1822,318,3,34910,12390,82426,0,0,602,26556,23689,24936,53,0,0,18,70,33,0,94231,85805,88937,2,0,0,317
0,399,264,26169,4,18321,5896,1,4934,7214,2,695,93940,7479,3,158,4337,1690,318,3,34737,12275,82539,0,0,602,26669,23638,24960,50,0,0,18,63,33,0,94127,85959,89227,2,0,0,317
0,397,262,26195,4,18345,5895,1,4934,7213,2,720,94199,7479,3,159,4267,1727,318,3,34725,12158,82573,0,0,602,26564,23685,24928,52,0,0,18,72,33,0,93994,85807,89158,2,0,0,316
0,416,264,26192,4,18343,5900,1,4934,7213,2,719,94377,7479,3,159,4601,1782,318,3,34504,11966,82402,0,0,602,26516,23711,24911,51,0,0,18,65,33,0,93764,85907,89060,2,0,0,317
0,428,263,26166,4,18331,5893,1,4934,7213,2,724,94657,7479,3,158,4346,1726,318,3,35134,12583,82539,0,0,602,26573,23714,24971,53,0,0,18,61,33,0,94339,85575,88769,2,0,0,371
0,427,263,26201,4,18351,5911,1,4934,7213,2,723,94946,7479,3,158,4342,1901,318,3,34855,12379,82394,0,0,602,26658,23610,24940,50,0,0,19,77,35,0,94399,85774,88929,2,0,0,317
0,425,263,26197,4,18344,5898,1,4934,7214,2,708,94295,7479,3,157,4335,1737,318,3,34766,12198,82443,0,0,602,26577,23727,24961,53,0,0,18,76,34,0,94217,85960,89128,2,0,0,317
0,417,263,26182,4,18344,5901,1,4934,7213,2,711,94601,7479,3,158,4402,1834,318,3,34698,12038,82425,0,0,602,26665,23666,24986,55,0,0,19,67,35,0,94416,86261,89398,2,0,0,317
0,420,265,26197,4,18356,5899,1,4934,7213,2,696,94058,7479,3,158,4063,1772,318,3,34751,12200,82460,0,0,602,26560,23706,24943,52,0,0,18,66,33,0,94586,86030,89210,2,0,0,317
0,398,264,26180,4,18341,5895,1,4934,7213,2,701,94287,7479,3,158,4087,1746,318,3,35069,12604,82515,0,0,602,26501,23770,24964,52,0,0,18,62,33,0,94058,86091,89218,2,0,0,317
0,420,265,26189,4,18330,5898,1,4934,7213,2,699,94426,7479,3,158,4459,1948,318,3,34974,12468,82434,0,0,602,26583,23649,24923,50,0,0,18,58,33,0,93963,85997,89149,2,0,0,316
0,429,264,26176,4,18332,5891,1,4934,7213,2,720,94257,7479,3,158,4576,1761,318,3,34717,12345,82576,0,0,602,26628,23625,24913,53,0,0,18,52,33,0,94269,85871,89010,2,0,0,317
0,423,264,26192,4,18340,5894,1,4934,7213,2,701,94097,7479,3,158,4302,1737,318,4,35396,12989,82488,0,0,602,26609,23681,24981,54,0,0,18,68,33,0,94606,85932,89105,2,0,0,316
0,349,265,26182,4,18326,5886,1,4934,7213,2,675,93907,7479,3,156,3966,1680,318,3,34428,11931,82328,0,0,602,26481,23765,24938,53,0,0,18,56,33,0,93362,85778,88957,2,0,0,317
0,400,264,26178,4,18333,5891,1,4934,7213,2,708,94072,7479,3,158,4636,1696,318,3,34515,11750,82569,0,0,602,26533,23742,24932,52,0,0,18,68,33,0,93907,85883,89093,2,0,0,317
0,401,264,26193,4,18340,5897,1,4934,7213,2,713,94106,7479,3,159,4537,1790,318,3,34544,11960,82391,0,0,602,26543,23738,24961,54,0,0,18,68,33,0,94037,85843,89015,2,0,0,317
0,434,264,26197,4,18349,5901,1,4934,7213,2,706,94606,7479,3,159,4638,1780,318,3,34930,12358,82496,0,0,602,26624,23638,24926,53,0,0,18,65,33,0,94485,86125,89287,2,0,0,317
0,430,264,26170,4,18333,5888,1,4934,7213,2,732,94486,7479,3,158,4615,1708,318,3,34620,12034,82498,0,0,602,26631,23622,24938,50,0,0,18,67,33,0,94460,86081,89222,2,0,0,317
0,421,264,26176,4,18324,5897,1,4934,7213,2,706,94622,7479,3,159,4359,1780,318,3,35179,12820,82578,0,0,602,26621,23685,24967,54,0,0,18,68,33,0,94265,86460,89597,2,0,0,317
0,417,264,26195,4,18342,5900,1,4934,7213,2,711,94400,7479,3,158,4261,1732,318,3,34714,12056,82448,0,0,602,26546,23707,24935,52,0,0,18,53,33,0,94017,86018,89217,2,0,0,317
0,431,263,26203,4,18348,5906,1,4934,7213,2,704,94356,7479,3,158,4270,1625,318,3,35183,12651,82430,0,0,602,26496,23780,24944,51,0,0,18,51,33,0,94800,86087,89312,2,0,0,317
0,421,264,26180,4,18325,5893,1,4934,7213,2,703,94518,7479,3,158,4565,1917,318,3,34921,12294,82520,0,0,602,26549,23694,24934,53,0,0,18,53,33,0,94346,86188,89412,2,0,0,317
0,345,270,37296,6,26121,7970,1,6962,10001,2,731,125391,10476,3,166,3848,1756,318,3,44534,12010,113460,0,0,812,36552,32391,35040,42,0,0,18,49,33,0,125277,116711,120050,3,0,0,317
1,421,265,26168,4,18338,5895,1,4934,7213,2,716,94334,7479,3,158,4071,1766,318,4,34902,12406,82491,0,0,602,26589,23730,24982,54,0,0,18,64,33,0,94097,85694,88888,2,0,0,317
0,399,265,26175,4,18336,5897,1,4934,7213,2,699,94229,7479,3,157,4716,1653,318,3,34455,11917,82417,0,0,602,26542,23758,24966,51,0,0,18,59,33,0,94030,85848,89169,2,0,0,316
0,340,162,835,1,537,791,1,263,502,1,220,15143,202,3,55,3703,695,318,3,7884,6791,4803,0,0,28,1130,1307,1265,16,0,0,19,24,35,0,15718,7507,10402,2,0,0,317
1,415,265,26196,4,18353,5906,1,4934,7213,2,713,94348,7479,3,157,4475,1566,318,3,35138,12569,82554,0,0,602,26628,23670,24970,52,0,0,18,59,33,0,94505,86234,89595,2,0,0,317
0,424,262,26177,4,18339,5893,1,4934,7213,2,715,94613,7479,3,158,4643,1704,318,3,34953,12482,82456,0,0,602,26523,23762,24948,50,0,0,18,66,33,0,94415,86003,89140,2,0,0,317
0,415,264,26196,4,18346,5893,1,4934,7213,2,711,94418,7479,3,158,4377,1752,318,3,35207,12723,82525,0,0,602,26585,23690,24938,51,0,0,18,58,33,0,94569,85728,89071,2,0,0,317
0,399,264,26162,4,18320,5893,1,4934,7213,2,702,93724,7479,3,158,4417,1744,318,3,34370,11871,82431,0,0,602,26650,23670,24993,51,0,0,18,67,33,0,93796,85706,89005,2,0,0,317
0,398,264,26204,4,18353,5900,1,4934,7213,2,704,94181,7479,3,159,4410,1737,318,3,34969,12461,82379,0,0,602,26582,23669,24947,50,0,0,18,74,33,0,93663,85460,88614,2,0,0,317
0,416,263,26209,4,18348,5905,1,4934,7213,2,702,93868,7479,3,158,4520,1784,318,3,34900,12362,82466,0,0,602,26584,23703,24962,51,0,0,18,63,33,0,94293,86106,89312,2,0,0,317
0,416,262,26198,4,18350,5912,1,4934,7213,2,705,94202,7479,3,158,4330,1651,318,3,34638,12095,82564,0,0,602,26545,23710,24936,49,0,0,19,68,35,0,94256,85875,89083,2,0,0,317
0,351,263,26187,4,18333,5888,1,4934,7213,2,675,93847,7479,3,157,4294,1744,318,3,34266,11840,82461,0,0,602,26612,23633,24910,53,0,0,18,66,33,0,93793,85709,88868,2,0,0,317
0,418,264,26169,4,18343,5895,1,4934,7213,2,715,94478,7479,3,159,4586,1926,318,3,34719,12248,82505,0,0,602,26544,23700,24929,52,0,0,18,56,33,0,94395,86274,89508,2,0,0,317
0,426,263,26216,4,18370,5913,1,4934,7213,2,691,93721,7479,3,158,4460,1701,318,3,34972,12315,82462,0,0,602,26564,23697,24946,52,0,0,18,61,33,0,94308,85727,88905,2,0,0,317
0,428,263,26188,4,18339,5905,1,4934,7213,2,717,94808,7479,3,159,4555,1711,318,4,34848,12426,82424,0,0,602,26593,23710,24966,54,0,0,18,60,33,0,94451,86037,89186,2,0,0,317
0,413,262,26172,4,18331,5891,1,4934,7213,2,708,94477,7479,3,159,4471,1761,318,3,35098,12744,82565,0,0,602,26523,23761,24959,51,0,0,18,65,33,0,94252,85940,89316,2,0,0,317
0,426,265,26199,4,18340,5896,1,4934,7213,2,698,94206,7479,3,158,4286,1743,318,3,34932,12225,82559,0,0,602,26507,23772,24950,51,0,0,18,83,33,0,94507,86022,89194,2,0,0,317
0,348,265,26204,4,18353,5902,1,4934,7213,2,699,93968,7479,3,157,4255,1641,318,3,34060,11717,82322,0,0,602,26483,23773,24939,51,0,0,18,83,33,0,93537,85207,88375,2,0,0,317
0,415,265,26202,4,18351,5903,1,4934,7213,2,698,94109,7479,3,158,4661,1673,318,3,35074,12405,82415,0,0,602,26603,23694,24961,53,0,0,18,64,33,0,94151,86017,89146,2,0,0,317
0,427,261,26186,4,18342,5905,1,4934,7213,2,700,94511,7479,3,158,4181,1739,318,3,35057,12490,82364,0,0,602,26646,23672,24991,52,0,0,18,73,33,0,94582,85782,88931,2,0,0,317
0,434,264,26151,4,18326,5892,1,4934,7213,2,686,94234,7479,3,157,4495,1729,318,3,34864,12326,82543,0,0,602,26495,23731,24927,52,0,0,18,65,33,0,94536,85750,88889,2,0,0,317
0,417,264,26186,4,18338,5907,1,4934,7213,2,698,94437,7479,3,157,4190,1687,318,3,34952,12457,82457,0,0,602,26568,23730,24970,54,0,0,18,55,33,0,94300,86135,89361,2,0,0,317
0,398,265,26166,4,18328,5897,1,4934,7213,2,720,94295,7479,3,158,4176,1787,318,3,34246,11814,82446,0,0,602,26592,23680,24924,54,0,0,18,67,33,0,94004,85834,89045,2,0,0,317
0,420,263,26175,4,18328,5886,1,4934,7213,2,708,94429,7479,3,158,4633,1771,318,3,35049,12432,82363,0,0,602,26575,23749,24972,52,0,0,18,74,33,0,94530,86291,89629,2,0,0,317
0,348,264,26174,4,18323,5893,1,4934,7213,2,674,93410,7479,3,157,3843,1815,318,3,34414,11778,82321,0,0,602,26670,23628,24951,50,0,0,18,72,33,0,93677,85357,88531,2,0,0,317
0,394,264,26167,4,18321,5891,1,4934,7213,2,696,93922,7479,3,158,4558,1945,318,3,34739,12248,82490,0,0,602,26588,23697,24961,50,0,0,18,67,33,0,94444,85402,88516,2,0,0,316
0,396,265,26173,4,18334,5890,1,4934,7213,2,714,94221,7479,3,159,4235,1704,318,3,34908,12435,82514,0,0,602,26638,23682,24966,54,0,0,18,74,33,0,94098,85655,88883,2,0,0,317
0,399,263,26173,4,18332,5893,1,4934,7213,2,707,94168,7479,3,158,4384,1657,318,3,34644,12120,82408,0,0,602,26576,23697,24935,51,0,0,18,68,33,0,94080,85615,88764,2,0,0,317
0,421,265,26172,4,18331,5904,1,4934,7213,2,708,94383,7479,3,158,4042,1724,318,3,34614,11969,82454,0,0,602,26547,23820,24927,53,0,0,18,57,33,0,94084,86112,89251,2,0,0,317
0,423,263,26159,4,18321,5893,1,4934,7213,2,720,94433,7479,3,158,4310,1737,318,3,34613,11997,82424,0,0,602,26529,23730,24934,52,0,0,18,72,33,0,94285,86120,89478,2,0,0,317
0,422,262,26180,4,18330,5892,1,4934,7213,2,698,94414,7479,3,158,4193,1729,318,3,34879,12122,82368,0,0,602,26586,23683,24925,50,0,0,18,60,33,0,94185,85813,88952,2,0,0,317
0,418,264,26179,4,18333,5891,1,4934,7213,2,714,94355,7479,3,159,4464,1614,318,3,35011,12493,82380,0,0,602,26667,23606,24954,54,0,0,18,68,33,0,94095,86243,89443,2,0,0,317
0,427,264,26194,4,18352,5902,1,4934,7213,2,706,94548,7479,3,158,4276,1972,318,3,35305,12498,82421,0,0,602,26608,23691,24978,52,0,0,18,63,33,0,94747,85835,89200,2,0,0,317
0,422,263,26183,4,18336,5901,1,4934,7213,2,717,94145,7479,3,158,4291,1707,318,3,34800,12359,82522,0,0,602,26563,23665,24919,52,0,0,18,68,33,0,94412,85933,89030,2,0,0,317
0,412,264,26215,4,18349,5901,1,4934,7213,2,715,94626,7479,3,158,4155,1949,318,3,34892,12343,82572,0,0,602,26620,23660,24981,55,0,0,18,62,33,0,94614,86051,89172,2,0,0,317
0,420,265,26176,4,18335,5892,1,4934,7213,2,702,94440,7479,3,159,4262,1734,318,3,34816,12323,82445,0,0,602,26613,23689,24962,52,0,0,18,70,33,0,94176,85821,88995,2,0,0,317
0,399,265,26212,4,18351,5904,1,4934,7213,2,733,94418,7479,3,157,4646,1629,318,3,34992,12429,82517,0,0,602,26619,23667,24940,53,0,0,18,60,33,0,94084,85916,89038,2,0,0,317
0,393,266,26202,4,18349,5896,1,4934,7213,2,707,94028,7479,3,157,4217,1658,318,3,34787,12083,82403,0,0,602,26715,23615,24986,51,0,0,18,78,33,0,94150,85739,88903,2,0,0,316
0,419,262,26174,4,18337,5904,1,4934,7213,2,695,94251,7479,3,158,4335,1703,318,3,34950,12558,82457,0,0,602,26662,23663,24988,52,0,0,18,67,33,0,94460,86305,89641,2,0,0,317
0,426,264,26170,4,18335,5892,1,4934,7213,2,718,94306,7479,3,158,4309,1746,318,3,34474,12140,82452,0,0,602,26552,23703,24937,54,0,0,18,70,33,0,94225,85541,88680,2,0,0,317
0,415,263,26194,4,18336,5895,1,4934,7213,2,720,94752,7479,3,159,4225,1936,318,3,35241,12763,82518,0,0,602,26518,23720,24917,53,0,0,18,59,33,0,94481,85732,88910,2,0,0,317
0,417,265,26178,4,18333,5890,1,4934,7213,2,722,94378,7479,3,159,4471,1883,318,3,35057,12517,82433,0,0,602,26569,23692,24911,52,0,0,18,57,33,0,94393,85905,89013,2,0,0,317
0,341,234,7872,1,5498,2267,1,1531,2379,1,333,38715,2242,3,126,3893,1682,318,3,15451,7804,27603,0,0,202,8949,8038,7901,29,0,0,18,39,33,0,38675,30345,33506,2,0,0,317
1,395,263,26175,4,18341,5908,1,4934,7213,2,709,94134,7479,3,159,4174,1928,318,3,34485,11797,82504,0,0,602,26600,23657,24926,53,0,0,18,67,33,0,93877,85956,89162,2,0,0,317
0,422,264,26180,4,18340,5900,1,4934,7213,2,704,94186,7479,3,157,4437,1649,318,3,35052,12352,82486,0,0,602,26552,23686,24922,51,0,0,18,61,33,0,94531,86016,89192,2,0,0,317
0,422,264,26182,4,18334,5895,1,4934,7213,2,692,94186,7479,3,158,4761,1692,318,3,35077,12461,82424,0,0,602,26519,23755,24941,53,0,0,18,58,33,0,94397,86080,89236,2,0,0,317
0,397,265,26174,4,18337,5903,1,4934,7213,2,709,94497,7479,3,159,4230,1970,318,3,34518,12010,82454,0,0,602,26589,23672,24950,53,0,0,18,50,33,0,94315,85476,88648,2,0,0,317
0,398,262,26194,4,18348,5899,1,4934,7213,2,705,94510,7479,3,159,3968,1876,317,3,34553,11986,82422,0,0,602,26602,23708,24980,51,0,0,18,69,33,0,93947,85239,88430,2,0,0,317
0,418,264,26186,4,18333,5894,1,4934,7213,2,706,94303,7479,3,158,4485,1642,318,3,34937,12401,82497,0,0,602,26622,23656,24940,53,0,0,18,69,33,0,94282,86338,89462,2,0,0,317
0,433,264,26174,4,18334,5893,1,4934,7214,2,698,94508,7479,3,157,4413,1947,318,3,34803,12256,82468,0,0,602,26621,23699,24970,51,0,0,18,67,33,0,94737,85971,89134,2,0,0,317
0,403,264,26203,4,18348,5899,1,4934,7213,2,693,93889,7479,3,158,4171,1727,318,3,34745,12264,82483,0,0,602,26537,23728,24957,52,0,0,18,63,33,0,94115,85403,88594,2,0,0,317
0,399,265,26173,4,18340,5903,1,4934,7213,2,711,93814,7479,3,157,4445,1916,318,3,34353,11765,82516,0,0,602,26575,23691,24947,51,0,0,18,66,33,0,94364,85691,88875,2,0,0,317
0,399,264,26185,4,18324,5893,1,4934,7213,2,697,93687,7479,3,158,4517,1714,318,3,34314,11642,82338,0,0,602,26537,23740,24964,53,0,0,18,65,33,0,94116,86161,89284,2,0,0,317
0,414,262,26194,4,18347,5898,1,4934,7213,2,714,94883,7479,3,156,4310,2005,318,3,34788,12273,82474,0,0,602,26603,23716,24962,52,0,0,18,69,33,0,94035,85901,89262,2,0,0,317
0,349,265,26159,4,18326,5887,1,4934,7213,2,685,93420,7479,3,158,4353,1630,318,3,34016,11507,82391,0,0,602,26598,23669,24946,51,0,0,18,69,33,0,93951,85887,89065,2,0,0,317
0,423,264,26186,4,18343,5896,1,4934,7213,2,686,93994,7479,3,158,4658,1693,318,3,35038,12451,82518,0,0,602,26556,23726,24952,53,0,0,18,58,33,0,94244,86206,89570,2,0,0,317
0,396,266,26175,4,18338,5894,1,4934,7213,2,711,94287,7479,3,157,4705,1925,318,3,34776,12222,82435,0,0,602,26613,23665,24936,54,0,0,18,54,33,0,93948,85624,88950,2,0,0,317
0,419,264,26175,4,18320,5895,1,4934,7213,2,708,94128,7479,3,158,4288,1756,318,3,34564,12132,82525,0,0,602,26452,23841,24975,50,0,0,18,62,33,0,94287,85839,89041,2,0,0,317
0,396,263,26186,4,18333,5900,1,4934,7213,2,694,94026,7479,3,158,4511,1645,318,3,34792,12399,82513,0,0,602,26555,23694,24946,52,0,0,18,65,33,0,93832,86132,89277,2,0,0,317
0,425,264,26177,4,18346,5895,1,4934,7213,2,712,94531,7479,3,158,4379,1741,318,3,35173,12670,82534,0,0,602,26589,23684,24936,52,0,0,18,73,33,0,94086,85870,89011,2,0,0,317
0,427,264,26182,4,18329,5891,1,4934,7213,2,726,94724,7479,3,158,4116,1812,318,3,35013,12598,82491,0,0,602,26539,23725,24937,51,0,0,18,75,33,0,94427,86020,89426,2,0,0,317
0,424,262,26169,4,18322,5897,1,4934,7213,2,707,93983,7479,3,158,4317,1578,318,3,34680,12212,82474,0,0,602,26503,23752,24927,51,0,0,18,68,33,0,94124,85799,88948,2,0,0,317
0,397,262,26208,4,18355,5899,1,4934,7213,2,706,93904,7479,3,158,4129,1793,317,3,34794,12171,82341,0,0,602,26495,23749,24918,54,0,0,19,67,35,0,93999,85547,88905,2,0,0,317
0,425,263,26169,4,18325,5892,1,4934,7213,2,709,94596,7479,3,158,4344,1715,318,3,34707,12267,82420,0,0,602,26566,23723,24928,52,0,0,18,54,33,0,94174,86312,89473,2,0,0,317
0,420,264,26164,4,18321,5891,1,4934,7213,2,706,94576,7479,3,159,4379,1813,318,3,34802,12176,82484,0,0,602,26528,23724,24914,51,0,0,18,72,33,0,94119,86024,89229,2,0,0,316
0,312,161,830,1,531,787,1,4934,7213,3,697,94390,7479,3,157,4581,1619,318,3,34681,12240,82512,0,0,602,26593,23696,24947,51,0,0,18,68,33,0,94144,85901,89068,2,0,0,317
0,423,263,26201,4,18348,5903,1,4934,7214,2,728,94607,7479,3,158,4515,1776,318,3,35381,12640,82518,0,0,602,26562,23704,24939,54,0,0,18,61,33,0,94557,86078,89241,2,0,0,317
0,393,265,26189,4,18339,5899,1,4934,7213,2,714,94350,7479,3,159,4353,1781,318,3,34544,11992,82490,0,0,602,26547,23719,24944,52,0,0,18,58,33,0,94120,85935,89227,2,0,0,317
0,426,264,26175,4,18337,5894,1,263,502,1,230,15356,202,3,54,3555,550,318,3,34795,12214,82443,0,0,602,26520,23730,24949,53,0,0,18,23,33,0,15649,7491,10373,2,0,0,317
1,429,265,26195,4,18351,5906,1,4934,7213,2,699,94070,7479,3,158,4201,1765,318,3,35236,12728,82567,0,0,602,26574,23670,24905,52,0,0,18,64,33,0,94367,86228,89357,2,0,0,317
0,422,264,26172,4,18332,5895,1,4934,7213,2,697,94318,7479,3,158,4580,1667,318,3,35238,12640,82503,0,0,602,26586,23730,24961,49,0,0,19,77,35,0,94410,86072,89234,2,0,0,317
0,421,265,26179,4,18328,5897,1,4934,7213,2,711,94485,7479,3,158,4393,1905,318,3,34984,12249,82521,0,0,602,26603,23673,24950,53,0,0,18,67,33,0,93954,86085,89218,2,0,0,317
0,417,262,26181,4,18327,5899,1,4934,7213,2,719,94444,7479,3,158,4383,1743,318,3,34812,12346,82431,0,0,602,26601,23721,24987,54,0,0,19,70,35,0,94169,86114,89293,2,0,0,317
0,398,265,26187,4,18329,5898,1,4934,7213,2,708,94179,7479,3,158,4199,1679,378,3,34740,12273,82517,0,0,602,26611,23689,24943,52,0,0,19,62,35,0,93949,85597,88753,2,0,0,317
0,427,263,26186,4,18335,5897,1,4934,7213,2,719,94715,7479,3,159,4387,2101,317,3,34921,12432,82469,0,0,602,26532,23774,24959,53,0,0,18,63,33,0,94271,86275,89442,2,0,0,317
0,417,265,26179,4,18344,5889,1,4934,7213,2,702,93819,7479,3,158,4609,1747,318,3,35256,12533,82435,0,0,602,26472,23811,24960,53,0,0,18,62,33,0,94594,86083,89430,2,0,0,317
0,401,262,26201,4,18348,5892,1,4934,7213,2,725,94160,7479,3,158,4263,1818,318,3,34722,12344,82355,0,0,602,26562,23720,24944,51,0,0,18,72,33,0,94257,85893,89099,2,0,0,317
0,424,265,26191,4,18352,5897,1,4934,7213,2,710,94554,7479,3,158,4446,1694,318,3,34636,12162,82466,0,0,602,26593,23664,24926,51,0,0,18,70,33,0,94213,86198,89595,2,0,0,317
0,399,264,26164,10,18341,5903,1,4934,7213,2,707,94194,7479,3,156,4668,1613,318,3,34695,12340,82546,0,0,602,26553,23732,24968,51,0,0,18,66,33,0,94064,86104,89280,2,0,0,317
0,421,265,26189,4,18334,5898,1,4934,7213,2,706,94324,7479,3,158,4421,1762,318,3,34779,12333,82471,0,0,602,26626,23675,24979,51,0,0,18,64,33,0,94634,85948,89114,2,0,0,317
0,419,264,26176,4,18329,5897,1,4934,7213,2,713,94067,7479,3,159,4485,1720,318,3,34888,12213,82631,0,0,602,26683,23608,24960,53,0,0,18,51,33,0,94521,85899,89058,2,0,0,317
0,422,262,26178,4,18327,5905,1,4934,7213,2,703,94325,7479,3,158,4639,1725,318,3,35096,12298,82380,0,0,602,26632,23653,24932,53,0,0,18,73,33,0,94391,86005,89399,2,0,0,317
0,416,264,26169,4,18326,5898,1,4934,7213,2,703,94183,7479,3,158,4324,1782,318,3,35164,12575,82548,0,0,602,26577,23695,24949,52,0,0,18,67,33,0,94664,86224,89360,2,0,0,317
0,426,263,26180,4,18347,5892,1,4934,7213,2,714,94742,7479,3,158,4150,1670,318,3,34785,12276,82424,0,0,602,26560,23705,24927,52,0,0,18,61,33,0,94599,86176,89327,2,0,0,317
0,353,263,26180,4,18328,5893,1,4934,7213,2,694,93639,7479,3,157,4223,1773,318,3,34029,11582,82345,0,0,602,26501,23775,24963,53,0,0,18,72,33,0,94072,85220,88400,2,0,0,317
0,421,263,26188,4,18339,5896,1,4934,7213,2,711,94311,7479,3,159,4139,1784,318,3,35231,12481,82469,0,0,602,26494,23782,24949,55,0,0,18,57,33,0,94112,86091,89221,2,0,0,317
0,415,264,26162,4,18330,5893,1,4934,7213,2,697,94234,7479,3,158,4408,1704,317,3,34749,12264,82438,0,0,602,26561,23767,24998,52,0,0,18,70,33,0,94378,85951,89094,2,0,0,317
0,414,263,26162,4,18338,5892,1,4934,7213,2,710,94819,7479,3,158,4407,1732,318,3,35224,12679,82488,0,0,602,26610,23662,24939,53,0,0,18,67,33,0,94510,86114,89247,2,0,0,317
0,425,263,26208,4,18354,5901,1,4934,7213,2,720,94705,7479,3,158,4360,1782,372,3,34591,12095,82414,0,0,602,26645,23677,24974,53,0,0,18,72,33,0,94597,85767,88945,2,0,0,317
0,396,262,26188,4,18335,5902,1,4934,7213,2,717,94115,7479,3,158,4436,1702,318,3,34761,12377,82470,0,0,602,26548,23709,24925,53,0,0,18,71,33,0,93934,85871,89002,2,0,0,317
0,426,264,26180,4,18334,5891,1,4934,7213,2,700,94296,7479,3,158,4402,1698,318,3,34723,12240,82569,0,0,602,26661,23630,24959,50,0,0,18,66,32,0,94285,86089,89242,2,0,0,317
0,415,265,26177,4,18328,5899,1,4934,7213,2,722,94477,7479,3,159,4496,1715,318,3,34604,12197,82391,0,0,602,26490,23734,24919,50,0,0,18,73,33,0,93774,85442,88601,2,0,0,317
0,397,265,26168,4,18324,5894,1,4934,7213,2,724,94342,7479,3,158,4213,1662,318,3,34563,11886,82381,0,0,602,26623,23723,24987,51,0,0,18,63,33,0,94178,85844,88991,2,0,0,317
0,428,262,26165,4,18316,5885,1,4934,7213,2,725,94427,7479,3,158,4519,1727,318,3,35208,12821,82512,0,0,602,26599,23724,24984,55,0,0,18,56,33,0,94526,86022,89193,2,0,0,317
0,430,263,26176,4,18337,5897,1,4934,7213,2,699,94221,7479,3,157,4062,2136,318,3,34747,12067,82469,0,0,602,26539,23697,24932,52,0,0,18,66,33,0,94231,86037,89334,2,0,0,317
0,313,162,828,1,539,789,1,4934,7213,2,701,94038,7479,3,160,4386,1766,318,3,34436,11910,82522,0,0,602,26568,23696,24943,52,0,0,18,70,33,0,94653,85660,88960,2,0,0,317
0,414,265,26187,4,18345,5916,1,4934,7213,2,702,93752,7479,3,158,4585,1751,318,3,35135,12690,82574,0,0,602,26604,23669,24950,54,0,0,18,62,33,0,94643,86115,89277,2,0,0,317
0,429,264,26206,4,18353,5911,1,4934,7213,2,696,94741,7479,3,158,4567,1710,318,3,35027,12507,82461,0,0,602,26529,23737,24942,55,0,0,18,72,33,0,94398,86000,89186,2,0,0,317
0,399,262,26185,4,18342,5897,1,4934,7214,2,696,94006,7479,3,160,4479,1778,318,3,34461,11992,82555,0,0,602,26505,23784,24949,50,0,0,18,66,33,0,94301,85731,88903,2,0,0,317
0,419,265,26180,4,18348,5896,1,4934,7213,2,690,94338,7479,3,157,4456,1750,318,3,34930,12398,82493,0,0,602,26646,23679,24971,50,0,0,18,72,33,0,94096,85603,88699,2,0,0,317
0,419,265,26186,4,18353,5897,1,4934,7213,2,718,94538,7479,3,158,4060,1978,318,3,35370,12849,82420,0,0,602,26524,23779,24947,54,0,0,18,73,33,0,94126,86073,89237,2,0,0,317
0,429,263,26191,4,18344,5891,1,4934,7213,2,700,94322,7479,3,159,4284,1717,318,3,34576,12057,82479,0,0,602,26518,23729,24940,53,0,0,18,64,33,0,94700,86172,89496,2,0,0,317
0,399,265,26162,4,18329,5894,1,4934,7213,2,691,93778,7479,3,159,4180,1729,318,3,34920,11964,82500,0,0,602,26473,23798,24943,56,0,0,18,59,33,0,93865,85814,88939,2,0,0,317
0,420,264,26182,4,18331,5903,1,4934,7213,2,705,94657,7479,3,157,4286,1710,318,3,34890,12297,82464,0,0,602,26565,23714,24953,52,0,0,18,55,33,0,94273,86081,89219,2,0,0,317
0,416,264,26159,4,18326,5891,1,4934,7213,2,699,94151,7479,3,159,4233,1927,318,3,34497,12037,82404,0,0,602,26580,23679,24929,53,0,0,18,48,33,0,94189,86013,89256,2,0,0,317
0,431,263,26182,4,18329,5892,1,4934,7213,2,704,94067,7479,3,157,4366,1632,318,3,34677,12200,82562,0,0,602,26536,23726,24930,51,0,0,18,64,33,0,94318,86381,89512,2,0,0,317
0,423,264,26177,4,18328,5899,1,4934,7213,2,703,94476,7479,3,158,4430,1742,318,3,35080,12517,82514,0,0,602,26479,23778,24936,52,0,0,18,64,33,0,94547,85857,89227,2,0,0,317
0,416,262,26214,4,18370,5903,1,4934,7213,2,714,94602,7479,3,158,4215,1804,318,3,34857,12299,82534,0,0,602,26566,23683,24932,54,0,0,18,68,33,0,94148,86032,89177,2,0,0,317
0,412,263,26158,4,18319,5899,1,4934,7213,2,718,94988,7479,3,158,4381,1733,318,3,34957,12254,82490,0,0,602,26605,23713,24960,52,0,0,18,80,33,0,94534,85747,88930,2,0,0,317
0,311,159,830,1,534,790,1,4934,7213,2,713,94150,7479,3,158,4411,1675,318,3,34770,12264,82546,0,0,602,26635,23733,25016,52,0,0,18,60,33,0,94230,85492,88705,2,0,0,317
0,426,264,26192,4,18340,5899,1,4934,7213,2,710,94391,7479,3,159,4299,1802,318,3,34815,12260,82377,0,0,602,26503,23716,24897,53,0,0,18,64,33,0,94276,86081,89301,2,0,0,317
0,414,264,26205,4,18359,5899,1,4934,7213,2,712,94744,7479,3,160,4238,1717,318,3,35318,12740,82462,0,0,602,26577,23684,24933,54,0,0,18,65,33,0,94277,85725,88829,2,0,0,317
0,430,264,26175,4,18325,5902,1,4934,7213,2,708,94171,7479,3,158,4349,1738,318,3,35143,12626,82455,0,0,602,26610,23685,24982,53,0,0,18,60,33,0,94003,86136,89312,2,0,0,317
0,432,264,26176,4,18333,5900,1,4934,7213,2,701,94544,7479,3,157,4256,1757,318,3,34880,12256,82536,0,0,602,26494,23785,24958,51,0,0,18,64,33,0,94260,85793,89080,2,0,0,317
0,427,262,26154,4,18322,5898,1,4934,7213,2,696,94222,7479,3,156,4808,1737,318,3,34758,12157,82436,0,0,602,26615,23665,24933,52,0,0,18,71,33,0,94113,86058,89311,2,0,0,317
0,421,264,26181,4,18330,5902,1,4934,7213,2,714,94457,7479,3,158,4190,1783,318,3,34808,12192,82449,0,0,602,26569,23718,24972,50,0,0,18,64,33,0,94396,86317,89696,2,0,0,317
0,415,265,26166,4,18333,5896,1,4934,7213,2,697,94204,7479,3,158,4402,2039,318,3,34978,12343,82578,0,0,602,26534,23732,24929,52,0,0,18,59,33,0,94564,85751,88931,2,0,0,317
0,344,162,831,1,536,793,1,263,502,1,221,15377,202,3,56,3706,562,318,3,7818,6617,4793,0,0,28,1083,1336,1262,15,0,0,18,21,33,0,15587,7361,10252,2,0,0,317
1,400,264,26184,4,18337,5895,1,4934,7213,2,699,93832,7479,3,158,4387,1667,318,3,34725,11885,82441,0,0,602,26538,23714,24949,54,0,0,18,74,33,0,94112,85850,89048,2,0,0,317
0,416,264,26174,4,18345,5898,1,4934,7213,2,708,94682,7479,3,158,4558,1748,318,3,34852,12355,82561,0,0,602,26532,23749,24973,51,0,0,18,68,33,0,94132,86265,89581,2,0,0,317
0,415,265,26181,4,18335,5895,1,4934,7213,2,714,94474,7479,3,159,4156,1736,318,3,34560,11943,82472,0,0,602,26547,23750,24940,52,0,0,18,69,33,0,94235,85777,88903,2,0,0,317
0,397,265,26174,4,18326,5898,1,4934,7213,2,721,93949,7479,3,158,4249,1672,318,3,34800,12388,82484,0,0,602,26571,23729,24946,52,0,0,18,72,33,0,93975,85484,88623,2,0,0,317
0,399,265,26199,4,18362,5897,1,4934,7213,2,711,94720,7479,3,158,4171,1663,318,3,35027,12277,82469,0,0,602,26511,23791,24956,52,0,0,18,69,33,0,94599,85802,89123,2,0,0,317
0,417,262,26170,4,18322,5896,1,4934,7213,2,708,94395,7479,3,157,4607,1743,318,3,34701,12246,82464,0,0,602,26560,23707,24933,52,0,0,18,60,33,0,94405,85815,89019,2,0,0,317
0,423,265,26177,4,18347,5893,1,4934,7213,2,707,94330,7479,3,157,4373,1759,318,3,34850,12282,82509,0,0,602,26592,23687,24970,52,0,0,18,72,33,0,94438,86262,89426,2,0,0,317
0,435,262,26173,4,18328,5903,1,4934,7214,2,697,94258,7479,3,157,4588,1758,318,3,35016,12406,82468,0,0,602,26601,23675,24942,54,0,0,18,71,33,0,94114,86104,89274,2,0,0,317
0,427,264,26193,4,18360,5907,1,4934,7213,2,704,94747,7479,3,158,4224,1899,318,3,34909,12339,82515,0,0,602,26499,23771,24977,52,0,0,18,64,33,0,94257,85979,89175,2,0,0,317
0,418,264,26175,4,18321,5892,1,4934,7213,2,709,94179,7479,3,158,4334,1858,318,3,34888,11922,82357,0,0,602,26551,23741,24982,53,0,0,18,64,33,0,94450,86237,89594,2,0,0,317
0,418,265,26188,4,18348,5888,1,4934,7213,2,707,94384,7479,3,158,4282,1925,318,3,34725,12258,82496,0,0,602,26615,23678,24957,54,0,0,18,60,33,0,94330,86245,89382,2,0,0,317
0,421,262,26162,4,18315,5897,1,4934,7213,2,692,94121,7479,3,158,4145,1757,318,3,34599,12058,82480,0,0,602,26551,23734,24957,52,0,0,19,68,35,0,94342,85718,88894,2,0,0,317
0,397,264,26193,4,18343,5904,1,4934,7213,2,703,94220,7479,3,157,4356,1802,318,3,34806,12370,82502,0,0,602,26605,23699,24951,52,0,0,18,52,33,0,93881,86175,89354,2,0,0,317
0,421,263,26177,4,18338,5887,1,4934,7213,2,711,94532,7479,3,158,4297,1895,318,3,34766,12185,82509,0,0,602,26541,23722,24958,52,0,0,18,76,33,0,94523,85986,89327,2,0,0,317
0,393,262,26193,9,18345,5898,1,4934,7213,2,684,93848,7479,3,157,4556,1832,318,3,34463,12003,82492,0,0,602,26625,23703,24990,51,0,0,18,64,33,0,94143,85702,88877,2,0,0,317
0,426,264,26186,4,18331,5899,1,4934,7213,2,700,94187,7479,3,157,4347,1835,318,3,34726,12354,82471,0,0,602,26523,23775,24973,53,0,0,19,62,35,0,94240,86065,89203,2,0,0,317
0,423,263,26188,4,18337,5893,1,4934,7213,2,714,94417,7479,3,158,4364,1750,318,3,34831,12097,82490,0,0,602,26621,23667,24964,53,0,0,18,60,33,0,94507,86147,89324,2,0,0,317
0,342,161,827,1,530,788,1,263,502,0,221,15404,202,3,54,3611,719,318,3,35068,12508,82455,0,0,28,1085,1333,1270,15,0,0,18,68,33,0,94448,85613,88887,2,0,0,317
0,414,262,26176,4,18336,5891,1,4934,7213,2,699,93818,7479,3,158,4186,1958,318,3,34896,12427,82533,0,0,602,26532,23750,24968,53,0,0,18,66,33,0,94453,86187,89365,2,0,0,317
0,423,263,26167,4,18322,5892,1,4934,7213,2,719,94616,7479,3,158,4660,1858,318,3,34782,12311,82514,0,0,602,26608,23701,24972,52,0,0,18,74,33,0,94443,86092,89203,2,0,0,317
0,397,265,26186,4,18339,5903,1,4934,7213,2,695,94216,7479,3,158,4334,1750,318,3,34623,12112,82495,0,0,602,26535,23737,24959,54,0,0,19,67,35,0,93993,85836,89033,2,0,0,317
0,423,263,26176,4,18326,5894,1,4934,7213,2,725,94273,7479,3,158,4297,1733,317,3,34706,12062,82406,0,0,602,26575,23671,24927,55,0,0,18,60,33,0,94612,86027,89184,2,0,0,317
0,414,263,26160,4,18318,5901,1,4934,7213,2,691,94038,7479,3,159,4420,1800,318,3,34976,12372,82458,0,0,602,26558,23765,24982,54,0,0,18,84,33,0,94288,86103,89265,2,0,0,317
0,423,265,26189,4,18346,5905,1,4934,7213,2,719,94681,7479,3,158,4289,1743,318,3,34922,12469,82499,0,0,602,26526,23711,24930,54,0,0,18,67,33,0,94956,86254,89462,2,0,0,317
0,431,265,26208,4,18345,5904,1,4934,7213,2,695,94233,7479,3,158,4376,1773,318,3,34912,12347,82439,0,0,602,26505,23778,24945,50,0,0,18,68,33,0,94245,86083,89357,2,0,0,317
0,424,265,26191,4,18340,5890,1,4934,7213,2,709,94221,7479,3,158,4545,1715,318,3,34859,12306,82489,0,0,602,26581,23637,24908,53,0,0,18,69,33,0,94317,86181,89366,2,0,0,317
0,422,263,26184,4,18337,5895,1,4934,7213,2,693,94139,7479,3,158,4295,1753,318,3,34994,12227,82490,0,0,602,26503,23794,24973,52,0,0,18,68,33,0,93966,85717,88928,2,0,0,317
0,416,265,26203,4,18344,5899,1,4934,7213,2,709,94344,7479,3,157,4680,1665,318,3,35050,12449,82472,0,0,602,26528,23749,24944,50,0,0,18,59,33,0,93922,86282,89429,2,0,0,317
0,428,263,26180,4,18338,5892,1,4934,7213,2,697,94098,7479,3,158,4281,1759,318,3,34807,12051,82462,0,0,602,26563,23729,24974,54,0,0,18,63,33,0,94446,86000,89405,2,0,0,317
0,418,263,26193,4,18352,5906,1,4934,7213,2,720,94621,7479,3,158,4454,1808,318,3,34629,12218,82449,0,0,602,26561,23744,24951,54,0,0,18,62,33,0,94257,86151,89315,2,0,0,317
0,418,264,26176,4,18327,5900,1,4934,7213,2,709,94352,7479,3,158,4095,1773,318,3,34673,12202,82438,0,0,602,26588,23734,25004,54,0,0,18,62,33,0,94186,85823,88984,2,0,0,317
0,398,263,26159,4,18314,5897,1,4934,7213,2,711,94295,7479,3,158,4344,1699,317,3,34520,11882,82409,0,0,602,26511,23730,24917,52,0,0,18,67,33,0,94130,85719,88879,2,0,0,317
0,426,265,26182,4,18333,5899,1,4934,7213,2,703,94322,7479,3,158,4163,1713,318,3,34743,12135,82388,0,0,602,26457,23752,24915,51,0,0,19,66,35,0,94101,85730,89097,2,0,0,317
0,428,261,26181,4,18332,5895,1,4934,7213,2,703,94133,7479,3,158,4592,1687,318,3,35041,12372,82456,0,0,602,26685,23627,24958,53,0,0,18,60,33,0,94121,85829,88987,2,0,0,317
0,332,233,7883,1,5505,2266,1,1531,2378,1,327,38371,2242,3,125,3698,1695,318,3,15420,7769,27622,0,0,202,8972,8015,7902,30,0,0,18,41,33,0,38198,30058,33145,2,0,0,317
1,431,265,26178,4,18342,5897,1,4934,7213,2,695,94292,7479,3,158,4397,1734,318,3,34940,12301,82465,0,0,602,26518,23735,24927,52,0,0,18,65,33,0,94235,85819,89128,2,0,0,317
0,435,264,26182,4,18334,5891,1,4934,7213,2,714,94304,7479,3,158,4399,1763,318,3,35270,12777,82480,0,0,602,26548,23733,24972,52,0,0,18,70,33,0,94287,86173,89568,2,0,0,317
0,430,264,26163,4,18319,5897,1,4934,7213,2,705,94391,7479,3,159,4110,1894,318,3,34712,12014,82417,0,0,602,26585,23690,24954,54,0,0,18,71,33,0,94140,85818,89001,2,0,0,317
0,425,265,26195,4,18336,5899,1,4934,7213,2,716,94583,7479,3,157,4230,1944,318,3,34637,12105,82489,0,0,602,26588,23720,24986,52,0,0,18,69,33,0,94351,85613,88791,2,0,0,370
0,425,264,26207,4,18352,5915,1,4934,7213,2,694,94127,7479,3,158,4734,1766,318,3,34803,12301,82460,0,0,602,26651,23670,24964,51,0,0,18,74,33,0,94055,85574,88822,2,0,0,317
0,425,264,26182,4,18340,5899,1,4934,7213,2,705,94385,7479,3,159,4487,1745,318,3,35110,12423,82468,0,0,602,26525,23745,24943,52,0,0,18,81,33,0,94109,85782,89137,2,0,0,317
0,421,264,26182,4,18351,5899,1,4934,7213,2,712,94646,7479,3,158,4227,1744,318,3,34943,12332,82391,0,0,602,26608,23654,24933,50,0,0,18,63,33,0,94356,85913,89048,2,0,0,317
0,420,265,26179,4,18336,5895,1,4934,7213,2,716,94444,7479,3,158,4210,1830,318,3,35234,12439,82454,0,0,602,26590,23668,24927,54,0,0,18,64,33,0,94336,86113,89253,2,0,0,316
0,416,262,26197,4,18353,5899,1,4934,7213,2,716,94063,7479,3,158,4576,1722,317,3,34465,11963,82425,0,0,602,26529,23782,24983,52,0,0,18,64,33,0,94482,86166,89376,2,0,0,317
0,431,264,26168,4,18333,5896,1,4934,7213,2,714,94453,7479,3,158,4313,1910,318,3,34748,11847,82370,0,0,602,26540,23728,24954,53,0,0,18,76,33,0,94124,86010,89209,2,0,0,317
0,430,265,26190,4,18341,5898,1,4934,7213,2,705,94040,7479,3,158,4373,1779,318,3,34876,12340,82468,0,0,602,26473,23783,24950,51,0,0,18,60,33,0,94514,85964,89073,2,0,0,317
0,416,262,26173,4,18327,5889,1,4934,7213,2,713,94563,7479,3,158,4258,1896,318,3,34589,11858,82421,0,0,602,26517,23772,24965,52,0,0,18,65,33,0,94095,86201,89374,2,0,0,317
0,421,262,26175,4,18327,5885,1,4934,7213,2,708,94197,7479,3,158,4503,1689,318,3,34943,12349,82498,0,0,602,26627,23655,24951,52,0,0,18,72,33,0,94246,86079,89288,2,0,0,317
0,412,264,26197,4,18345,5902,1,4934,7213,2,721,94614,7479,3,158,4451,1718,318,3,34944,12439,82515,0,0,602,26572,23675,24935,52,0,0,18,60,33,0,94194,85982,89199,2,0,0,317
0,412,261,26179,4,18323,5889,1,4934,7213,2,700,94135,7479,3,158,4330,1830,318,3,34692,12166,82422,0,0,602,26552,23710,24949,53,0,0,18,67,33,0,94333,85965,89112,2,0,0,317
0,420,265,26170,4,18330,5893,1,4934,7213,2,734,94396,7479,3,158,4515,1735,318,3,34879,12311,82398,0,0,602,26567,23705,24953,54,0,0,18,65,33,0,94457,86257,89415,2,0,0,317
0,421,263,26187,4,18348,5894,1,4934,7213,2,702,94146,7479,3,158,4352,1617,318,3,34829,12183,82427,0,0,602,26639,23622,24938,54,0,0,18,60,33,0,94136,85732,88845,2,0,0,317
0,422,265,26186,4,18332,5889,1,4934,7213,2,708,94315,7479,3,159,4159,1649,318,3,35103,12655,82560,0,0,602,26560,23717,24948,51,0,0,19,64,35,0,94303,86255,89557,2,0,0,317
0,423,262,26169,4,18329,5889,1,4934,7213,2,707,94854,7479,3,158,4458,1775,318,3,35081,12505,82439,0,0,602,26515,23750,24947,55,0,0,18,73,33,0,94359,85917,89077,2,0,0,316
0,431,264,26172,4,18329,5900,1,4934,7213,2,718,94344,7479,3,158,4201,1698,318,3,34989,12462,82458,0,0,602,26610,23689,24969,54,0,0,18,64,33,0,94257,85814,88955,2,0,0,317
0,431,265,26180,4,18332,5896,1,4934,7213,2,699,94437,7479,3,158,4602,1726,318,3,35053,12320,82385,0,0,602,26559,23680,24910,54,0,0,18,71,33,0,94122,85842,89006,2,0,0,317
0,419,264,26213,4,18365,5910,1,4934,7213,2,706,94209,7479,3,158,4456,1720,318,3,34731,12196,82541,0,0,602,26561,23691,24929,52,0,0,18,76,33,0,94138,85849,89015,2,0,0,317
0,416,264,26187,4,18335,5896,1,4934,7213,3,710,94188,202,3,54,3966,654,318,3,35287,12836,82506,0,0,602,26630,23701,24960,51,0,0,18,52,33,0,94506,85868,89068,2,0,0,317
0,420,263,26165,4,18325,5891,1,4934,7213,2,708,94721,7479,3,158,4145,1600,318,3,35157,12351,82517,0,0,602,26548,23718,24947,52,0,0,18,93,33,0,93896,86108,89274,2,0,0,317
0,400,265,26187,4,18348,5898,1,4934,7213,2,702,94215,7479,3,158,4139,1868,318,3,34543,11983,82458,0,0,602,26541,23704,24931,51,0,0,18,60,33,0,94192,85888,89057,2,0,0,317
0,397,263,26172,4,18333,5890,1,4934,7213,2,699,94276,7479,3,159,4488,1834,318,3,34601,11967,82426,0,0,602,26586,23694,24952,51,0,0,18,64,33,0,93927,85857,88979,2,0,0,317
0,420,265,26156,4,18325,5890,1,4934,7213,2,709,94550,7479,3,157,4380,1689,318,3,34724,12459,82510,0,0,602,26552,23700,24941,52,0,0,18,66,33,0,94396,85821,88999,2,0,0,317
0,430,264,26175,4,18323,5890,1,4934,7213,2,720,94631,7479,3,157,4621,1788,318,4,34931,12534,82563,0,0,602,26617,23668,24974,52,0,0,18,66,33,0,94499,86079,89190,2,0,0,317
0,339,162,827,1,534,786,1,263,502,0,220,15275,202,3,55,3745,678,318,3,7812,6646,4798,0,0,28,1081,1331,1271,15,0,0,18,23,33,0,15678,7327,10199,2,0,0,317
1,418,265,26199,4,18351,5898,1,4934,7213,2,708,94596,7479,3,158,4363,1786,318,3,34990,12402,82463,0,0,602,26562,23733,24978,53,0,0,18,67,33,0,94160,85981,89337,2,0,0,317
0,421,263,26192,4,18337,5897,1,4934,7213,2,717,94784,7479,3,158,4228,1735,318,3,34807,12350,82478,0,0,602,26503,23738,24920,52,0,0,18,65,33,0,94568,86080,89301,2,0,0,317
0,393,262,26177,4,18340,5890,1,4934,7213,2,710,94219,7479,3,157,4429,1916,318,3,34361,11885,82470,0,0,602,26559,23746,24986,53,0,0,18,52,33,0,94264,85648,88862,2,0,0,317
0,425,264,26192,4,18340,5895,1,263,502,1,221,15455,202,3,55,3471,862,318,3,8022,6656,4804,0,0,602,26561,23674,24911,54,0,0,18,21,33,0,15759,85848,89037,2,0,0,317
0,332,162,835,1,536,785,1,263,502,1,220,14946,202,3,58,3622,672,318,4,7898,6802,4763,0,0,28,1084,1336,1265,15,0,0,18,22,33,0,15855,7168,10211,2,0,0,317
1,397,264,26191,4,18347,5902,1,4934,7213,2,703,94180,7479,3,158,4231,1728,317,3,34726,12195,82447,0,0,602,26533,23737,24944,53,0,0,19,57,35,0,93507,85930,89101,2,0,0,317
0,416,262,26192,4,18335,5898,1,4934,7213,2,694,94211,7479,3,158,4369,1993,318,3,34977,12329,82491,0,0,602,26607,23710,24952,52,0,0,18,78,33,0,94302,86346,89480,2,0,0,317
0,419,264,26216,4,18355,5909,1,4934,7213,2,703,94191,7479,3,159,4510,1779,318,3,34995,12357,82457,0,0,602,26509,23755,24928,53,0,0,18,60,33,0,94615,85971,89095,2,0,0,316
0,417,263,26169,4,18321,5892,1,4934,7213,2,716,94333,7479,3,158,4191,1772,318,3,34939,12478,82526,0,0,602,26533,23751,24959,50,0,0,18,58,33,0,94575,86106,89289,2,0,0,317
0,401,264,26192,4,18331,5894,1,4934,7213,2,721,94285,7479,3,158,4653,1732,318,3,34768,12280,82506,0,0,602,26576,23672,24943,52,0,0,18,74,33,0,94146,85502,88707,2,0,0,317
0,414,264,26182,4,18335,5894,1,4934,7213,2,697,94153,7479,3,158,4634,1636,318,4,35062,12266,82553,0,0,602,26471,23824,24948,51,0,0,18,68,33,0,94416,85898,89189,2,0,0,317
0,427,264,26163,4,18333,5895,1,4934,7213,2,707,94507,7479,3,158,4140,1670,318,3,35037,12726,82530,0,0,602,26555,23732,24960,51,0,0,18,65,33,0,94284,86221,89405,2,0,0,317
0,410,264,26185,4,18336,5885,1,4934,7213,2,703,94246,7479,3,158,4471,1720,318,3,35193,12229,82410,0,0,602,26641,23660,24964,54,0,0,18,67,33,0,94306,85964,89102,2,0,0,317
0,427,264,26178,4,18333,5900,1,4934,7213,2,728,94848,7479,3,159,4461,1764,318,3,34982,12539,82533,0,0,602,26549,23733,24926,52,0,0,18,59,33,0,94486,85829,89011,2,0,0,317
0,431,263,26195,4,18348,5902,1,4934,7213,2,723,94311,7479,3,158,4413,1726,318,3,34903,12294,82478,0,0,602,26566,23713,24940,51,0,0,19,57,35,0,94558,86372,89716,2,0,0,317
0,416,263,26185,4,18324,5894,1,4934,7213,2,721,94463,7479,3,158,4428,1757,318,3,35051,12604,82504,0,0,602,26571,23759,24988,53,0,0,18,57,33,0,94066,85523,88706,2,0,0,317
0,418,262,26189,4,18334,5906,1,4934,7214,2,703,94303,7479,3,159,4692,1755,318,3,35115,12481,82400,0,0,602,26668,23672,24979,55,0,0,18,59,33,0,94689,85959,89119,2,0,0,317
0,396,265,26178,4,18341,5899,1,4934,7213,2,709,94379,7479,3,158,4466,1750,318,3,34816,12277,82482,0,0,602,26521,23782,24955,50,0,0,18,59,33,0,94263,85553,88729,2,0,0,317
0,419,265,26187,4,18344,5899,1,4934,7213,2,705,94540,7479,3,158,4478,1716,318,3,34664,12329,82502,0,0,602,26610,23650,24950,51,0,0,18,69,33,0,94173,85713,88936,2,0,0,317
0,337,161,829,1,533,787,1,263,502,0,224,15263,202,3,55,3542,634,318,3,7922,6798,4796,0,0,28,1137,1301,1261,15,0,0,18,22,33,0,15558,86051,89189,2,0,0,317
0,431,263,26178,4,18334,5888,1,4934,7213,2,717,94570,7479,3,157,4496,1572,318,3,34793,12281,82401,0,0,602,26485,23781,24937,52,0,0,18,69,33,0,94587,85746,88867,2,0,0,317
0,415,265,26181,4,18332,5898,1,4934,7213,2,711,94520,7479,3,158,4444,2010,318,3,34550,11938,82417,0,0,602,26558,23711,24930,52,0,0,18,71,33,0,94562,86004,89382,2,0,0,317
0,401,265,26185,4,18340,5900,1,4934,7213,2,683,93613,7479,3,158,4331,1760,318,3,34541,11966,82409,0,0,602,26541,23726,24971,52,0,0,18,57,33,0,93910,86004,89168,2,0,0,317
0,428,265,26156,4,18314,5889,1,4934,7214,2,723,94691,7479,3,158,4217,1950,318,3,34986,12416,82506,0,0,602,26588,23680,24941,52,0,0,19,64,35,0,94283,86071,89417,2,0,0,317
0,429,265,26168,4,18328,5892,1,4934,7213,2,710,94413,7479,3,157,4639,1748,318,3,34746,12160,82455,0,0,602,26546,23743,24968,52,0,0,18,68,33,0,94580,86140,89319,2,0,0,317
0,426,265,26180,4,18342,5901,1,4934,7213,2,708,94316,7479,3,158,4342,1705,318,3,35036,12522,82479,0,0,602,26629,23676,24965,53,0,0,18,55,33,0,94400,85795,88965,2,0,0,317
0,436,263,26196,4,18350,5898,1,4934,7213,2,696,94208,7479,3,157,4668,1598,318,3,34857,12426,82452,0,0,602,26546,23704,24933,53,0,0,18,72,33,0,94129,85834,89047,2,0,0,317
0,431,265,26165,4,18338,5893,1,4934,7213,2,709,94682,7479,3,159,4457,1808,318,3,34951,12233,82540,0,0,602,26542,23741,24945,53,0,0,18,57,33,0,94779,85959,89162,2,0,0,375
0,419,262,26185,4,18338,5899,1,4934,7214,2,723,94693,7479,3,159,4283,1791,318,3,34714,12235,82509,0,0,602,26553,23713,24933,51,0,0,18,58,33,0,94649,85952,89154,2,0,0,317
0,415,264,26191,4,18337,5894,1,4934,7213,2,699,94809,7479,3,158,4480,1759,317,4,34924,12291,82526,0,0,602,26579,23706,24938,52,0,0,18,65,33,0,94621,86065,89387,2,0,0,317
0,416,265,26171,4,18329,5893,1,4934,7213,2,697,94432,7479,3,158,4136,1725,318,3,35051,12456,82450,0,0,602,26580,23691,24950,55,0,0,18,65,33,0,94522,85939,89173,2,0,0,317
0,428,263,26204,4,18347,5907,1,4934,7213,2,697,94361,7479,3,157,4302,1812,318,3,34623,11972,82375,0,0,602,26617,23700,24963,51,0,0,18,59,33,0,94315,85693,88843,2,0,0,317
0,417,265,26190,4,18339,5894,1,4934,7213,3,697,94550,7479,3,159,4298,1757,378,3,35012,12415,82388,0,0,602,26501,23763,24937,51,0,0,18,67,33,0,94769,85883,88996,2,0,0,317
0,395,262,26167,9,18324,5888,1,4934,7213,2,700,94043,7479,3,157,4103,1794,318,3,34830,12490,82519,0,0,602,26582,23697,24937,52,0,0,18,67,33,0,94019,85834,89102,2,0,0,317
0,418,264,26177,4,18327,5894,1,4934,7213,2,728,94629,7479,3,157,4655,1714,318,3,34755,12258,82510,0,0,602,26563,23770,24987,53,0,0,18,72,33,0,93907,85960,89113,2,0,0,317
0,412,264,26185,4,18333,5905,1,4934,7213,2,723,94720,7479,3,158,4344,1656,318,3,34787,12253,82458,0,0,602,26547,23715,24947,52,0,0,18,57,33,0,94275,85836,88962,2,0,0,317
0,426,264,26196,4,18351,5904,1,4934,7213,2,704,94252,7479,3,158,4598,1654,318,3,34981,12430,82453,0,0,602,26557,23721,24922,52,0,0,18,64,33,0,94775,86064,89413,2,0,0,317
0,426,265,26189,4,18344,5897,1,4934,7213,2,708,94601,7479,3,158,4506,1751,318,3,35027,12441,82416,0,0,602,26570,23687,24936,54,0,0,18,66,33,0,94054,85579,88784,2,0,0,317
0,420,263,26176,4,18333,5890,1,4934,7213,2,717,94598,7479,3,158,4062,1958,318,3,34968,12094,82520,0,0,602,26569,23702,24943,51,0,0,18,61,33,0,94480,85901,89077,2,0,0,317
0,419,264,26183,4,18334,5894,1,4934,7213,2,692,94288,7479,3,157,4529,1688,318,3,34819,12199,82361,0,0,602,26628,23635,24947,50,0,0,18,67,33,0,94471,86134,89306,2,0,0,317
0,422,264,26169,4,18320,5900,1,4934,7213,2,721,94873,7479,3,158,4165,1710,318,3,35076,12695,82478,0,0,602,26559,23716,24949,52,0,0,18,59,33,0,94540,86205,89345,2,0,0,317
0,414,261,26180,4,18331,5898,1,4934,7213,2,690,94300,7479,3,158,4526,1723,318,4,35002,12405,82535,0,0,602,26567,23799,24992,52,0,0,18,65,33,0,93725,86130,89316,2,0,0,317
0,400,263,26190,4,18335,5891,1,4934,7213,2,694,93914,7479,3,158,4318,1748,318,3,34601,11960,82373,0,0,602,26604,23712,24972,50,0,0,19,67,35,0,94106,85413,88580,2,0,0,316
0,423,265,26175,4,18330,5892,1,4934,7213,2,706,94225,7479,3,158,4608,1751,318,3,34910,12321,82407,0,0,602,26521,23729,24926,52,0,0,18,65,33,0,94366,86092,89327,2,0,0,317
0,429,263,26180,4,18334,5891,1,4934,7213,2,724,94638,7479,3,158,4372,1738,318,3,34885,12390,82449,0,0,602,26527,23750,24947,52,0,0,18,52,33,0,94406,85736,88903,2,0,0,317
0,420,265,26180,4,18339,5892,1,4934,7213,2,702,94012,7479,3,159,4247,1775,318,3,35023,12392,82405,0,0,602,26529,23727,24922,51,0,0,18,61,33,0,94300,86105,89268,2,0,0,317
0,421,262,26200,4,18347,5904,1,4934,7213,2,704,94187,7479,3,158,4392,1998,318,3,34724,12160,82473,0,0,602,26522,23741,24923,52,0,0,18,65,33,0,94123,85622,88765,2,0,0,317
0,427,263,26192,4,18341,5909,1,4934,7213,2,712,94554,7479,3,158,4089,1737,318,3,34702,12205,82464,0,0,602,26583,23728,24971,51,0,0,18,73,33,0,94304,85661,88793,2,0,0,317
0,400,264,26187,4,18342,5899,1,4934,7213,2,698,93888,7479,3,158,4588,1668,318,3,34461,11895,82373,0,0,602,26559,23687,24913,56,0,0,18,64,33,0,93766,86009,89240,2,0,0,317
0,429,264,26174,4,18331,5905,1,4934,7213,2,699,94080,7479,3,158,4179,1730,318,3,34881,12383,82598,0,0,602,26665,23658,24976,52,0,0,18,70,33,0,94456,86042,89145,2,0,0,317
0,421,264,26173,4,18339,5900,1,4934,7213,2,702,93853,7479,3,157,4510,1685,318,3,34940,12398,82477,0,0,602,26626,23642,24934,51,0,0,18,64,33,0,94141,85843,89018,2,0,0,316
0,418,264,26188,4,18341,5898,1,4934,7213,2,704,94468,7479,3,157,4268,1707,318,3,34862,12302,82420,0,0,602,26671,23673,24988,52,0,0,18,62,33,0,94791,85997,89183,2,0,0,377
0,397,265,26169,9,18320,5895,1,4934,7213,2,703,94143,7479,3,157,4595,1773,318,3,34892,12197,82437,0,0,602,26566,23725,24974,51,0,0,18,63,33,0,94508,85725,89055,2,0,0,317
0,348,137,26213,4,18351,5904,1,4934,7213,2,700,94734,7479,3,157,4370,1753,318,3,35075,12712,82546,0,0,602,26567,23699,24923,53,0,0,18,63,33,0,94037,85747,88944,2,0,0,317
0,426,263,26190,4,18335,5898,1,4934,7213,2,713,94472,7479,3,157,4092,1763,318,3,35057,12465,82484,0,0,602,26616,23698,24963,50,0,0,18,63,33,0,94160,85767,88897,2,0,0,317
0,394,263,26180,4,18324,5904,1,4934,7214,2,716,94296,7479,3,158,4263,1936,318,3,34843,12335,82406,0,0,602,26619,23710,24979,53,0,0,19,75,35,0,94107,85997,89213,2,0,0,317
0,420,262,26186,4,18332,5900,1,4934,7213,2,709,94615,7479,3,158,4373,1641,318,3,35049,12512,82430,0,0,602,26602,23679,24943,52,0,0,18,66,33,0,94507,86309,89649,2,0,0,317
0,423,263,26197,4,18345,5906,1,4934,7213,2,704,94493,7479,3,158,4204,1746,318,3,34929,12414,82469,0,0,602,26610,23683,24996,52,0,0,19,69,35,0,94179,85991,89297,2,0,0,317
0,421,263,26200,4,18343,5900,1,4934,7213,2,710,94495,7479,3,158,4540,1915,318,3,34477,11877,82502,0,0,602,26600,23657,24933,51,0,0,18,71,33,0,94497,86155,89332,2,0,0,317
0,397,262,26189,4,18341,5905,1,4934,7213,2,701,93866,7479,3,159,4369,1820,318,3,34628,11900,82461,0,0,602,26468,23799,24932,53,0,0,18,65,33,0,93792,85382,88552,2,0,0,317
0,425,264,26167,4,18326,5898,1,4934,7213,2,714,94782,7479,3,158,4519,1681,318,3,34983,12354,82440,0,0,602,26582,23727,24989,53,0,0,18,65,33,0,94469,86053,89259,2,0,0,317
0,415,264,26191,4,18347,5897,1,4934,7213,3,699,94087,7479,3,158,4594,1705,318,3,34837,12102,82401,0,0,602,26663,23605,24949,54,0,0,18,83,33,0,94615,86167,89314,2,0,0,317
0,344,161,827,1,529,790,1,4934,7213,3,712,94695,7479,3,159,4709,1820,318,3,35023,12467,82432,0,0,28,1076,1333,1256,15,0,0,18,23,33,0,15602,86096,89221,2,0,0,317
0,351,263,26189,4,18326,5889,1,4934,7213,2,680,93399,7479,3,157,4128,1790,318,3,34182,11725,82342,0,0,602,26530,23725,24942,50,0,0,18,69,33,0,93614,85306,88519,2,0,0,317
0,400,263,26217,4,18347,5903,1,4934,7213,2,706,93986,7479,3,158,4247,1729,318,3,34580,11996,82527,0,0,602,26601,23698,24971,53,0,0,18,64,33,0,94260,85737,88911,2,0,0,317
0,420,262,26162,4,18322,5894,1,4934,7213,2,693,94290,7479,3,158,4523,1787,318,3,34776,12249,82472,0,0,602,26548,23720,24939,54,0,0,18,56,33,0,94318,86353,89504,2,0,0,316
0,430,263,26195,4,18352,5900,1,4934,7213,2,706,94659,7479,3,157,4198,1744,318,3,34883,12393,82463,0,0,602,26621,23660,24941,51,0,0,18,60,33,0,94684,85665,88847,2,0,0,317
0,399,264,26161,4,18309,5890,1,4934,7213,2,706,94547,7479,3,157,4307,1722,318,3,34467,11822,82490,0,0,602,26634,23638,24963,54,0,0,18,55,33,0,94149,86182,89299,2,0,0,317
0,421,264,26179,4,18346,5898,1,4934,7213,2,713,94621,7479,3,157,4198,1787,318,3,34842,12349,82545,0,0,602,26526,23769,24959,51,0,0,18,61,33,0,94345,86081,89264,2,0,0,317
0,414,264,26187,4,18341,5904,1,4934,7213,2,698,94698,7479,3,157,4455,1804,318,3,34744,12081,82445,0,0,602,26588,23680,24925,52,0,0,18,67,33,0,94969,85746,88904,2,0,0,317
0,397,264,26179,4,18325,5891,1,4934,7213,2,718,94311,7479,3,157,4458,1707,318,3,34758,12202,82434,0,0,602,26555,23720,24940,53,0,0,18,67,33,0,94317,85811,88960,2,0,0,317
0,417,264,26178,4,18333,5890,1,4934,7213,2,723,94498,7479,3,157,4346,1702,318,3,34844,12231,82442,0,0,602,26586,23676,24965,52,0,0,18,56,33,0,94382,85730,89056,2,0,0,317
1,333,161,833,1,534,792,1,263,503,1,220,15144,202,3,55,3739,747,318,3,8005,6809,4803,0,0,28,1086,1340,1264,14,0,0,18,21,33,0,15683,7032,10035,2,0,0,317
0,429,263,26168,4,18322,5897,1,4934,7213,2,712,94305,7479,3,157,4200,1702,318,3,34917,12324,82510,0,0,602,26610,23677,24970,54,0,0,18,62,33,0,94479,85941,89081,2,0,0,317
0,429,264,26196,4,18350,5901,1,4934,7213,2,710,94424,7479,3,157,4287,1715,318,3,35085,12530,82418,0,0,602,26675,23627,24978,53,0,0,18,71,33,0,94497,86165,89331,2,0,0,317
0,414,264,26172,4,18324,5895,1,4934,7214,2,715,94689,7479,3,158,4426,1711,318,3,34974,12219,82461,0,0,602,26590,23662,24937,52,0,0,18,64,33,0,94332,86343,89522,2,0,0,317
0,398,264,26188,4,18331,5897,1,4934,7213,2,718,94071,7479,3,158,4308,1707,318,3,34725,12175,82375,0,0,602,26633,23663,24948,52,0,0,18,69,33,0,94029,85834,88980,2,0,0,317
0,425,264,26224,4,18371,5915,1,4934,7213,2,721,94585,7479,3,157,4407,1655,318,3,35004,12413,82402,0,0,602,26603,23663,24933,50,0,0,18,47,33,0,94331,86083,89267,2,0,0,317
0,433,262,26183,4,18335,5892,1,4934,7213,2,695,94065,7479,3,158,4451,1747,318,3,35044,12248,82493,0,0,602,26599,23687,24963,51,0,0,18,74,33,0,94281,85861,89006,2,0,0,317
0,395,263,26171,4,18321,5894,1,4934,7213,2,713,94284,7479,3,158,4307,1782,318,3,34661,12088,82503,0,0,602,26633,23672,24962,52,0,0,18,65,33,0,94249,85829,89036,2,0,0,317
0,426,262,26211,4,18357,5902,1,4934,7213,2,720,94617,7479,3,156,4394,1752,317,3,34906,12466,82483,0,0,602,26390,23848,24914,51,0,0,18,66,33,0,93971,85815,89256,2,0,0,317
0,396,264,26197,4,18345,5889,1,4934,7213,2,714,94320,7479,3,158,4407,1969,318,3,34803,12105,82536,0,0,602,26589,23709,24978,55,0,0,18,68,33,0,94052,85515,88613,2,0,0,317
0,351,262,26158,4,18316,5884,1,4934,7213,2,695,93867,7479,3,158,4024,1791,318,3,34370,11794,82442,0,0,602,26442,23791,24922,52,0,0,18,72,33,0,94036,85561,88879,2,0,0,317
0,417,263,26211,4,18367,5897,1,4934,7213,2,700,94422,7479,3,157,4566,1673,318,3,34882,12372,82390,0,0,602,26615,23650,24926,52,0,0,18,76,33,0,94056,85649,88835,2,0,0,317
0,399,263,26204,4,18341,5899,1,4934,7214,2,708,94119,7479,3,158,4440,1730,318,3,34938,12430,82528,0,0,602,26602,23672,24928,53,0,0,19,64,35,0,93661,85760,88944,2,0,0,317
0,399,262,26200,4,18351,5902,1,4934,7214,2,685,93900,7479,3,159,4557,1679,318,3,35024,12442,82430,0,0,602,26662,23607,24941,53,0,0,18,63,33,0,94413,85922,89084,2,0,0,317
0,414,263,26182,4,18331,5900,1,4934,7213,2,712,94400,7479,3,157,4569,1950,318,3,34874,12448,82429,0,0,602,26550,23712,24932,53,0,0,18,63,33,0,93942,86407,89542,2,0,0,317
0,331,160,829,1,531,788,1,263,502,1,224,15025,7479,3,157,4680,2120,318,3,34968,12449,82534,0,0,28,1087,1338,1267,16,0,0,18,21,33,0,15555,86187,89484,2,0,0,317
0,401,264,26196,4,18347,5904,1,4934,7213,2,697,93962,7479,3,158,4393,1933,318,3,34765,12331,82527,0,0,602,26630,23634,24931,52,0,0,19,75,35,0,93956,85924,89283,2,0,0,317
0,422,264,26193,4,18345,5896,1,4934,7213,2,708,94480,7479,3,157,4604,1683,318,3,35189,12653,82537,0,0,602,26497,23766,24952,52,0,0,18,50,33,0,94616,85962,89134,2,0,0,317
0,429,264,26198,4,18345,5904,1,4934,7213,2,700,93817,7479,3,158,4572,1686,318,3,35232,12517,82506,0,0,602,26606,23652,24939,53,0,0,18,62,33,0,94670,85857,88975,2,0,0,317
0,426,264,26170,4,18323,5894,1,4934,7213,2,711,94221,7479,3,157,4184,1945,318,3,34946,12479,82511,0,0,602,26566,23746,24980,52,0,0,18,73,33,0,94443,85934,89084,2,0,0,317
0,419,264,26199,4,18350,5903,1,4934,7213,2,717,94553,7479,3,157,4402,1725,318,3,34964,12394,82484,0,0,602,26493,23779,24973,51,0,0,18,77,33,0,93952,85799,88930,2,0,0,317
0,347,161,829,1,531,787,1,263,502,1,225,15466,7479,3,159,4311,2133,318,3,34785,12183,82415,0,0,602,26598,23701,24977,52,0,0,18,23,33,0,15736,85714,88909,2,0,0,317
0,402,264,26181,4,18324,5894,1,4934,7213,2,710,94163,7479,3,158,4689,1604,318,3,34756,12137,82402,0,0,602,26630,23645,24958,51,0,0,18,68,33,0,94215,85889,89238,2,0,0,317
0,423,264,26201,4,18343,5903,0,4934,7213,2,695,94265,7479,3,158,4275,1730,318,3,34705,12256,82382,0,0,602,26531,23712,24929,51,0,0,18,63,33,0,94365,86352,89479,2,0,0,317
0,432,261,26183,4,18330,5904,1,4934,7213,2,717,94887,7479,3,158,4326,1714,318,3,34626,12015,82503,0,0,602,26634,23650,24993,55,0,0,18,62,33,0,94246,86124,89303,2,0,0,317
0,398,264,26185,4,18341,5900,1,4934,7213,2,699,93970,7479,3,159,4326,1647,318,3,34234,11850,82423,0,0,602,26658,23641,24987,50,0,0,18,65,33,0,94047,85668,88779,2,0,0,317
0,425,264,26191,4,18353,5902,1,4934,7213,2,705,94259,7479,3,157,4647,1730,318,3,34819,12296,82422,0,0,602,26540,23715,24909,51,0,0,18,69,33,0,94068,85929,89082,2,0,0,317
0,415,263,26202,4,18336,5903,1,4934,7213,2,703,94647,7479,3,157,4328,1770,318,3,34881,12298,82439,0,0,602,26596,23700,24961,52,0,0,18,58,33,0,94271,85807,88934,2,0,0,317
0,427,263,26185,4,18331,5900,1,4934,7213,2,706,94467,7479,3,157,4517,1752,318,3,34924,12520,82445,0,0,602,26582,23659,24918,51,0,0,18,77,33,0,94330,86470,89623,2,0,0,317
1,312,161,837,1,536,789,1,263,502,1,224,14973,202,3,55,3568,791,318,3,7959,6719,4753,0,0,28,1088,1323,1269,15,0,0,18,22,33,0,15753,7399,10276,2,0,0,317
0,423,264,26179,4,18325,5904,1,4934,7213,2,715,94435,7479,3,157,4625,1783,318,3,34940,12341,82526,0,0,602,26577,23685,24928,50,0,0,18,75,33,0,94488,85888,89241,2,0,0,317
0,399,264,26186,4,18344,5899,1,4934,7213,2,704,93899,7479,3,159,4182,1728,318,3,34455,11884,82468,0,0,602,26580,23644,24907,51,0,0,18,78,33,0,94101,85702,89086,2,0,0,317
0,416,265,26173,4,18323,5899,1,4934,7213,2,717,94451,7479,3,157,4277,1800,318,3,34743,12193,82531,0,0,602,26609,23646,24928,51,0,0,18,66,33,0,94497,86057,89221,2,0,0,317
0,417,263,26190,4,18337,5889,1,4934,7213,2,709,94178,7479,3,158,4082,1751,318,3,34718,12255,82453,0,0,602,26542,23709,24910,52,0,0,18,51,33,0,94201,85957,89133,2,0,0,317
0,398,263,26174,4,18331,5892,1,4934,7213,2,705,94230,7479,3,159,4155,1793,318,3,34388,11783,82336,0,0,602,26607,23689,24948,54,0,0,18,58,33,0,94035,85603,89006,2,0,0,317
0,398,263,26177,4,18342,5897,1,4934,7213,2,712,94108,7479,3,158,4625,1779,318,3,34631,12132,82523,0,0,602,26541,23711,24940,54,0,0,18,63,33,0,93931,85914,89088,2,0,0,317
0,398,265,26172,4,18328,5895,1,4934,7213,2,696,94110,7479,3,158,4470,1731,318,3,34268,11832,82388,0,0,602,26579,23723,24951,53,0,0,18,72,33,0,94007,85628,89029,2,0,0,316
0,398,265,26188,4,18344,5895,1,4934,7213,2,715,94281,7479,3,158,4704,1784,318,3,34923,12030,82513,0,0,602,26563,23700,24930,52,0,0,18,68,33,0,94263,85678,88806,2,0,0,317
0,400,264,26196,4,18344,5906,1,4934,7213,2,729,94601,7479,3,157,4274,1733,318,3,34815,12284,82453,0,0,602,26565,23727,24974,53,0,0,18,66,32,0,93915,85827,89040,2,0,0,317
0,394,262,26197,4,18343,5887,1,4934,7213,2,714,94441,7479,3,158,4538,1774,318,3,34701,12326,82415,0,0,602,26657,23672,24987,53,0,0,18,65,33,0,94219,86123,89289,2,0,0,317
0,417,265,26188,4,18347,5900,1,4934,7213,2,713,94757,7479,3,157,4318,1737,318,3,35117,12504,82568,0,0,602,26577,23698,24938,51,0,0,18,74,33,0,94311,85865,89027,2,0,0,317
0,425,263,26168,4,18319,5903,1,4934,7213,2,705,94264,7479,3,157,4157,1758,317,3,35090,12606,82443,0,0,602,26560,23694,24954,52,0,0,18,68,33,0,94372,86312,89461,2,0,0,317
0,413,263,26200,4,18344,5901,1,4934,7213,2,701,94519,7479,3,158,4159,1726,318,4,34993,12263,82552,0,0,602,26640,23637,24959,53,0,0,18,57,33,0,94777,86131,89269,2,0,0,317
0,397,263,26194,4,18332,5890,1,4934,7213,2,710,94488,7479,3,158,4318,1790,318,3,35006,12478,82542,0,0,602,26611,23725,24964,51,0,0,18,61,33,0,94294,86124,89294,2,0,0,317
0,423,264,26179,4,18335,5901,1,4934,7213,2,702,94499,7479,3,157,4552,1580,318,3,34609,11946,82430,0,0,602,26546,23760,24957,54,0,0,18,66,33,0,94664,85933,89092,2,0,0,317
0,430,264,26202,4,18356,5895,1,4934,7214,2,690,93878,7479,3,157,4230,1822,318,3,35049,12450,82589,0,0,602,26550,23701,24959,54,0,0,18,64,33,0,94240,85998,89129,2,0,0,317
0,423,262,26206,4,18353,5899,1,4934,7213,2,711,95007,7479,3,157,4438,1896,318,3,34990,12231,82453,0,0,602,26563,23767,24960,53,0,0,18,84,33,0,94645,85846,88984,2,0,0,317
0,415,262,26211,4,18359,5908,1,4934,7213,2,694,94456,7479,3,158,4590,1709,318,3,34986,12555,82531,0,0,602,26601,23655,24937,52,0,0,18,67,33,0,94488,85899,89134,2,0,0,317
0,422,263,26176,4,18328,5906,1,4934,7213,2,692,94488,7479,3,157,4279,1769,318,3,35386,12725,82541,0,0,602,26590,23696,24955,53,0,0,18,63,33,0,94425,86077,89215,2,0,0,317
0,424,264,26175,4,18328,5893,1,4934,7214,2,717,94576,7479,3,157,4354,1636,318,3,35046,12340,82531,0,0,602,26568,23702,24942,51,0,0,18,60,33,0,94795,85867,89071,2,0,0,317
1,336,234,7881,1,5503,2271,1,1532,2380,1,336,38347,2244,3,125,4124,1534,318,3,15409,7776,27631,0,0,202,8979,8044,7906,31,0,0,18,38,33,0,38265,30024,33261,2,0,0,317
0,423,264,26204,4,18353,5899,1,4934,7213,2,695,94620,7479,3,157,4353,1599,318,3,34909,12366,82470,0,0,602,26588,23679,24928,53,0,0,18,72,33,0,94489,86148,89277,2,0,0,317
1,342,161,827,1,530,788,1,263,502,1,217,15359,202,3,55,3760,694,318,3,7855,6625,4800,0,0,28,1086,1337,1270,14,0,0,18,22,33,0,15859,7423,10371,2,0,0,317
0,396,261,26195,10,18359,5906,1,4934,7213,2,706,94174,7479,3,157,4249,2111,318,3,34832,12150,82487,0,0,602,26567,23725,24959,54,0,0,18,67,33,0,94102,85865,89039,2,0,0,317
0,424,262,26198,4,18347,5895,1,4934,7214,2,720,94255,7479,3,157,4526,1726,318,3,35282,12673,82531,0,0,602,26595,23709,24978,54,0,0,18,62,33,0,94428,85769,89086,2,0,0,317
0,431,264,26198,4,18353,5898,1,4934,7214,2,707,94263,7479,3,157,4099,1698,318,3,34721,12172,82446,0,0,602,26583,23664,24930,54,0,0,18,67,33,0,94287,85969,89100,2,0,0,317
0,418,264,26202,4,18346,5897,1,4934,7213,2,708,94513,7479,3,158,4509,1856,318,3,34776,12376,82523,0,0,602,26552,23709,24922,53,0,0,18,70,33,0,94287,86178,89336,2,0,0,317
1,330,161,833,1,533,789,1,263,502,0,219,15313,202,3,55,3727,568,318,4,7820,6682,4783,0,0,28,1091,1342,1267,15,0,0,18,23,33,0,15798,7487,10392,2,0,0,317
0,424,263,26203,4,18349,5903,1,4934,7213,2,706,93985,7479,3,157,4198,1748,318,3,34780,12211,82454,0,0,602,26592,23665,24921,52,0,0,18,66,33,0,94174,85834,88974,2,0,0,317
0,426,262,26180,4,18330,5889,1,4934,7213,2,714,94521,7479,3,157,4388,1918,318,3,34932,12373,82456,0,0,602,26638,23631,24974,51,0,0,18,66,33,0,94519,85670,88908,2,0,0,317
1,423,265,26179,4,18333,5889,1,4934,7213,2,727,94728,7479,3,159,4682,1998,318,3,35035,12228,82464,0,0,602,26624,23674,24964,52,0,0,18,23,33,0,15550,7486,10348,2,0,0,317
0,397,264,26194,4,18345,5902,1,4934,7213,2,710,94194,7479,3,159,4212,1646,318,3,34579,12191,82389,0,0,602,26693,23615,24950,52,0,0,18,61,32,0,94243,85830,89197,2,0,0,317
0,416,265,26183,4,18344,5896,1,4934,7213,2,700,94298,7479,3,157,4483,1921,318,3,34957,12350,82420,0,0,602,26429,23792,24912,52,0,0,18,65,33,0,94291,85889,89254,2,0,0,316
0,396,262,26196,4,18343,5906,1,4934,7213,2,710,94125,7479,3,158,4240,1758,371,3,34660,12152,82402,0,0,602,26648,23651,24964,53,0,0,18,57,33,0,94007,85465,88647,2,0,0,317
0,398,264,26198,4,18339,5901,1,4934,7213,2,722,94041,7479,3,158,4035,1682,318,3,34859,12061,82352,0,0,602,26535,23709,24929,53,0,0,18,58,33,0,94145,85770,88885,2,0,0,317
1,334,160,828,1,531,790,1,263,502,0,225,15420,202,3,54,3423,637,317,3,8065,6803,4813,0,0,28,1086,1333,1271,14,0,0,18,23,33,0,15576,7505,10404,2,0,0,316
0,426,263,26198,4,18349,5892,1,4934,7213,2,716,94256,7479,3,158,4241,1792,318,3,34888,12468,82420,0,0,602,26482,23767,24921,53,0,0,18,56,33,0,94077,85728,88939,2,0,0,317
0,399,263,26210,4,18345,5901,1,4934,7213,2,731,94369,7479,3,158,4190,1742,318,3,34410,11932,82487,0,0,602,26581,23731,24985,53,0,0,18,70,33,0,94302,85761,88947,2,0,0,317
0,426,265,26179,4,18329,5898,1,4934,7213,2,722,94142,7479,3,158,4269,1752,318,3,35031,12406,82512,0,0,602,26625,23629,24941,51,0,0,18,75,33,0,94286,85750,88955,2,0,0,317
0,396,264,26206,10,18354,5916,1,4934,7213,2,731,94503,7479,3,158,4161,1671,318,3,34685,12003,82439,0,0,602,26510,23727,24933,52,0,0,18,66,33,0,94280,85842,89008,2,0,0,317
0,400,265,26178,11,18351,5904,1,4934,7214,2,693,94287,7479,3,157,4483,1664,318,3,34826,12363,82548,0,0,602,26599,23724,24978,53,0,0,18,70,33,0,94356,85882,89047,2,0,0,317
0,413,264,26179,4,18335,5903,1,4934,7213,2,708,94724,7479,3,157,4245,1698,318,3,34866,12256,82402,0,0,602,26564,23659,24925,52,0,0,18,63,33,0,94531,85713,88870,2,0,0,317
0,399,263,26202,4,18350,5903,1,4934,7213,2,698,93882,7479,3,159,4291,1940,318,3,34863,12230,82462,0,0,602,26665,23582,24911,54,0,0,18,67,33,0,94576,85499,88853,2,0,0,317
0,422,265,26184,4,18329,5892,1,4934,7213,2,717,94352,7479,3,157,4435,1601,318,3,34770,12318,82384,0,0,602,26592,23642,24915,52,0,0,18,52,33,0,94350,85836,88973,2,0,0,317
1,327,161,832,1,533,790,1,263,502,1,219,15231,202,3,53,3739,615,318,3,7836,6612,4815,0,0,28,1090,1332,1257,15,0,0,18,23,33,0,15908,7327,10255,2,0,0,317
0,427,263,26186,4,18332,5897,1,4934,7213,2,694,94000,7479,3,158,4248,1709,318,3,34985,12418,82568,0,0,602,26569,23723,24954,55,0,0,18,65,33,0,94109,86027,89187,2,0,0,317
0,414,263,26187,4,18337,5900,1,4934,7213,2,700,94342,7479,3,157,4090,1817,318,3,35442,12675,82546,0,0,602,26502,23741,24943,52,0,0,18,65,33,0,94706,86122,89259,2,0,0,317
0,419,264,26159,4,18322,5893,1,4934,7213,2,717,94284,7479,3,158,4404,1720,318,3,34777,12100,82380,0,0,602,26586,23671,24931,51,0,0,18,61,33,0,94457,86157,89292,2,0,0,317
0,398,262,26196,4,18340,5901,1,4934,7214,2,703,94199,7479,3,158,4501,1745,318,3,34955,12496,82487,0,0,602,26552,23688,24915,52,0,0,18,59,33,0,94336,86127,89261,2,0,0,317
0,396,263,26161,4,18324,5898,1,4934,7213,2,702,93851,7479,3,158,4748,1775,318,3,34685,12106,82393,0,0,602,26523,23714,24903,50,0,0,18,59,33,0,94018,85703,88874,2,0,0,317
0,427,265,26198,4,18354,5894,1,4934,7213,2,714,94336,7479,3,157,4780,1558,318,3,34713,12145,82441,0,0,602,26611,23704,24979,52,0,0,18,60,33,0,94424,86255,89431,2,0,0,317
0,317,139,26177,4,18330,5898,1,4934,7213,2,702,94230,7479,3,158,4346,1907,317,3,34808,12187,82509,0,0,602,26566,23668,24914,53,0,0,18,68,33,0,93995,85610,88789,2,0,0,317
1,311,160,826,1,530,790,1,263,502,1,216,14864,202,3,55,3495,697,318,3,7874,6702,4771,0,0,28,1083,1333,1266,14,0,0,19,25,35,0,15398,7354,10230,2,0,0,317
0,410,264,26175,4,18332,5893,1,4934,7213,2,713,94190,7479,3,158,4246,1706,317,3,34939,12435,82481,0,0,602,26651,23618,24965,51,0,0,18,63,33,0,94265,86145,89329,2,0,0,317
0,427,261,26170,4,18325,5893,1,4934,7213,2,702,94335,7479,3,157,4512,1762,318,3,34878,12332,82507,0,0,602,26618,23705,24976,55,0,0,18,74,33,0,94982,86049,89160,2,0,0,317
0,427,262,26185,4,18336,5893,1,4934,7213,2,708,94268,7479,3,157,4559,1734,318,3,34663,12172,82430,0,0,602,26405,23819,24911,54,0,0,18,64,33,0,94002,85893,89066,2,0,0,317
0,401,263,26171,4,18339,5906,1,4934,7213,2,696,93757,7479,3,159,4559,1751,318,3,34564,11799,82443,0,0,602,26522,23752,24953,51,0,0,18,53,33,0,93697,85558,88715,2,0,0,317
0,432,265,26197,4,18347,5910,1,4934,7213,2,722,94785,7479,3,158,4189,1833,318,3,34721,12152,82479,0,0,602,26518,23733,24934,51,0,0,18,61,33,0,94289,86080,89232,2,0,0,317
0,420,262,26194,4,18344,5901,1,4934,7213,2,722,94848,7479,3,158,4212,1748,318,3,34836,12335,82405,0,0,602,26597,23657,24944,52,0,0,18,69,33,0,94083,86260,89392,2,0,0,316
1,399,263,26177,4,18334,5898,1,263,502,1,218,14903,202,3,53,3754,825,318,3,7546,6318,4759,0,0,28,1136,1297,1249,15,0,0,18,22,33,0,15314,7420,10325,2,0,0,317
0,398,264,26166,9,18330,5896,1,4934,7213,2,714,94392,7479,3,157,4442,1669,318,3,34616,12090,82482,0,0,602,26663,23625,24938,52,0,0,18,74,33,0,94228,85729,88966,2,0,0,317
0,426,264,26198,4,18360,5917,1,4934,7213,2,704,94475,7479,3,157,4547,1732,318,3,34946,12518,82496,0,0,602,26623,23634,24921,54,0,0,18,61,33,0,94452,85957,89107,2,0,0,317
0,417,264,26171,4,18331,5891,1,4934,7213,2,694,94339,7479,3,158,4106,1794,318,3,35110,12372,82526,0,0,602,26568,23691,24936,54,0,0,18,51,33,0,94493,85662,88827,2,0,0,317
0,429,263,26184,4,18331,5896,1,4934,7213,2,713,94662,7479,3,157,4358,1729,318,3,34863,12302,82475,0,0,602,26631,23616,24930,52,0,0,18,77,33,0,94217,85987,89113,2,0,0,317
0,399,263,26201,4,18344,5900,1,4934,7213,2,716,94394,7479,3,157,4233,1742,318,3,34606,11848,82340,0,0,602,26610,23661,24940,50,0,0,18,63,33,0,94335,85765,88934,2,0,0,317
0,417,264,26203,4,18357,5899,1,4934,7213,2,718,94591,7479,3,157,4274,1787,318,3,35141,12577,82525,0,0,602,26593,23647,24935,52,0,0,18,61,33,0,94513,85893,89054,2,0,0,317
0,396,263,26186,9,18350,5902,1,4934,7213,2,701,94200,7479,3,158,4163,1793,318,3,34849,12346,82557,0,0,602,26695,23612,24967,52,0,0,18,60,33,0,94110,85595,88741,2,0,0,317
0,423,264,26177,4,18320,5897,1,4934,7213,2,700,94349,7479,3,157,4581,1647,318,3,34988,12454,82561,0,0,602,26606,23645,24908,52,0,0,18,58,33,0,94602,85920,89311,2,0,0,317
0,419,264,26198,4,18346,5902,1,4934,7213,2,698,94495,7479,3,156,4205,1766,318,3,34847,12438,82511,0,0,602,26513,23791,24952,53,0,0,18,68,33,0,94471,86182,89318,2,0,0,317
0,418,262,26179,4,18327,5896,1,4934,7213,2,705,94292,7479,3,157,4238,1883,318,3,34895,12359,82545,0,0,602,26687,23618,24958,53,0,0,18,69,33,0,94438,85923,89197,2,0,0,317
0,399,263,26188,4,18343,5899,1,4934,7213,2,713,93965,7479,3,158,4452,1741,318,3,34556,11933,82382,0,0,602,26480,23769,24933,53,0,0,18,72,33,0,93793,85820,88994,2,0,0,317
0,396,261,26217,4,18360,5907,1,4934,7213,2,711,94337,7479,3,158,4563,1859,318,3,34673,11962,82418,0,0,602,26586,23655,24924,51,0,0,18,68,33,0,93936,85987,89258,2,0,0,317
0,420,264,26197,4,18340,5899,1,4934,7213,2,714,94956,7479,3,157,4599,1766,318,3,35181,12552,82484,0,0,602,26589,23723,24995,51,0,0,18,69,33,0,94343,86106,89261,2,0,0,317
0,423,264,26172,4,18325,5898,1,4934,7214,2,722,94576,7479,3,157,4419,1783,318,3,35018,12080,82495,0,0,602,26624,23710,24992,52,0,0,18,81,33,0,94390,86121,89328,2,0,0,317
0,401,264,26184,4,18334,5890,1,4934,7213,2,712,94136,7479,3,157,4498,1856,318,3,34572,11997,82521,0,0,602,26601,23685,24949,54,0,0,18,67,33,0,93805,85615,88769,2,0,0,316
0,421,265,26189,4,18340,5895,1,4934,7213,2,703,94068,7479,3,158,4386,1751,318,3,34531,12087,82555,0,0,602,26588,23724,24955,54,0,0,18,67,33,0,94274,85917,89115,2,0,0,317
0,424,263,26170,4,18320,5891,1,4934,7213,2,721,94762,7479,3,157,4501,1692,318,3,35093,12511,82574,0,0,602,26542,23714,24931,54,0,0,18,62,33,0,93964,85884,89031,2,0,0,317
0,397,263,26192,4,18340,5897,1,4934,7213,2,715,94473,7479,3,157,4328,1721,318,3,34651,12044,82406,0,0,602,26591,23661,24939,51,0,0,18,60,33,0,93841,85580,88762,2,0,0,317
0,426,265,26203,4,18350,5907,1,4934,7213,2,717,94570,7479,3,158,4500,1721,318,3,34877,12068,82448,0,0,602,26609,23673,24956,50,0,0,18,66,33,0,94270,86194,89336,2,0,0,317
0,398,262,26184,4,18340,5896,1,4934,7213,2,720,94242,7479,3,157,4528,1665,318,3,34938,12235,82374,0,0,602,26558,23679,24910,52,0,0,18,53,33,0,94272,85878,89072,2,0,0,317
0,422,264,26220,4,18361,5913,1,4934,7213,2,689,94487,7479,3,157,4280,1722,318,3,34555,12104,82392,0,0,602,26567,23728,24975,51,0,0,18,66,33,0,94682,85985,89191,2,0,0,317
0,419,263,26189,4,18340,5887,1,4934,7213,2,697,94548,7479,3,157,4467,1655,318,3,34767,12123,82457,0,0,602,26644,23668,24980,51,0,0,18,71,33,0,94723,85784,88901,2,0,0,317
0,429,263,26197,4,18349,5900,1,4934,7213,2,700,94408,7479,3,157,4637,1657,318,3,34715,12194,82497,0,0,602,26601,23678,24943,51,0,0,18,65,33,0,94202,85785,88898,2,0,0,317
0,418,262,26178,4,18334,5902,1,4934,7213,2,705,94340,7479,3,157,4369,1773,318,3,34923,12342,82469,0,0,602,26538,23760,24955,52,0,0,18,77,33,0,94484,86013,89385,2,0,0,317
0,398,261,26189,4,18333,5900,1,4934,7213,2,700,94448,7479,3,158,4157,1803,318,3,34864,12380,82420,0,0,602,26492,23764,24930,48,0,0,18,50,33,0,94159,86254,89400,2,0,0,317
0,432,264,26185,4,18327,5892,1,4934,7213,2,707,94532,7479,3,157,4430,1742,318,3,35037,12274,82456,0,0,602,26465,23810,24961,51,0,0,18,67,33,0,94125,85815,88915,2,0,0,317
0,424,263,26183,4,18331,5902,1,4934,7213,2,722,94320,7479,3,157,4297,1613,318,3,34850,12372,82548,0,0,602,26552,23693,24933,53,0,0,18,67,33,0,93991,85939,89123,2,0,0,317
0,401,264,26186,4,18349,5900,1,4934,7214,3,724,94000,7479,3,158,4384,1733,318,3,34822,12290,82439,0,0,602,26581,23666,24899,50,0,0,18,66,33,0,94058,85780,88962,2,0,0,317
0,398,264,26203,4,18345,5906,1,4934,7213,2,714,94694,7479,3,159,4204,1961,318,3,35033,12492,82430,0,0,602,26596,23699,24962,51,0,0,18,57,33,0,94191,85785,88993,2,0,0,317
0,418,264,26180,4,18341,5894,1,4934,7213,2,708,94388,7479,3,157,4320,1705,317,3,35269,12358,82543,0,0,602,26595,23680,24935,52,0,0,18,66,33,0,94068,85865,89126,2,0,0,317
0,396,262,26198,4,18353,5898,1,4934,7213,2,710,94018,7479,3,157,4628,1828,318,3,35003,12564,82535,0,0,602,26589,23715,24973,51,0,0,18,64,33,0,94371,85640,88812,2,0,0,317
0,424,264,26177,4,18333,5898,1,4934,7213,2,717,94331,7479,3,158,4729,1658,318,3,34849,12251,82548,0,0,602,26647,23637,24951,53,0,0,18,65,33,0,93862,85887,89083,2,0,0,317
0,431,262,26195,4,18344,5901,1,4934,7213,2,711,94592,7479,3,158,4236,1698,318,3,34949,12336,82426,0,0,602,26517,23751,24935,52,0,0,18,59,33,0,94362,86040,89178,2,0,0,317
0,399,264,26191,9,18344,5899,1,4934,7213,2,702,94443,7479,3,158,4328,1811,318,3,34362,11791,82377,0,0,602,26528,23822,24990,51,0,0,18,66,33,0,93917,85254,88419,2,0,0,317
0,420,265,26176,4,18332,5896,1,4934,7213,2,708,94361,7479,3,158,4291,1811,318,3,34745,12236,82423,0,0,602,26600,23668,24930,50,0,0,18,77,33,0,94576,85904,89063,2,0,0,317
0,420,263,26205,4,18351,5902,1,4934,7213,2,705,93996,7479,3,157,4169,1733,318,3,34983,12219,82408,0,0,602,26578,23702,24954,49,0,0,18,59,33,0,94590,85858,89013,2,0,0,368
0,398,264,26186,4,18343,5899,1,4934,7213,2,694,93928,7479,3,158,4533,1758,318,3,34573,11956,82521,0,0,602,26610,23689,24960,54,0,0,18,64,33,0,93914,85829,89008,2,0,0,317
0,428,264,26179,4,18326,5898,1,4934,7213,2,711,94577,7479,3,157,4485,1847,318,3,34747,12388,82568,0,0,602,26422,23823,24921,53,0,0,18,62,33,0,94565,85898,89107,2,0,0,317
0,417,264,26166,4,18331,5898,1,4934,7213,2,688,94168,7479,3,158,4285,1773,318,3,35198,12655,82553,0,0,602,26583,23661,24938,56,0,0,18,82,33,0,94011,86132,89499,2,0,0,317
0,397,264,26173,4,18320,5895,1,4934,7213,2,724,94640,7479,3,157,4580,1714,318,3,34312,11944,82468,0,0,602,26476,23771,24947,53,0,0,18,64,33,0,94171,86007,89189,2,0,0,317
0,396,265,26203,4,18352,5903,1,4934,7213,2,704,93880,7479,3,159,4115,1689,318,3,34290,11851,82449,0,0,602,26602,23678,24943,52,0,0,18,64,33,0,94204,85831,89061,2,0,0,317
0,423,265,26177,4,18343,5896,1,4934,7213,2,716,94342,7479,3,157,4137,1902,318,3,35143,12569,82511,0,0,602,26540,23691,24900,53,0,0,18,64,33,0,94014,85843,88969,2,0,0,317
0,418,263,26175,4,18330,5888,1,4934,7213,2,704,94397,7479,3,157,4323,1687,318,3,34766,12051,82455,0,0,602,26603,23702,24978,54,0,0,18,66,33,0,94277,86142,89341,2,0,0,317
0,419,263,26177,4,18335,5901,1,4934,7213,2,694,94090,7479,3,157,4241,1707,317,3,34663,12156,82427,0,0,602,26621,23683,24965,54,0,0,18,71,33,0,94653,86435,89580,2,0,0,317
1,313,161,825,1,529,789,1,263,503,1,218,14826,202,3,55,3776,880,318,3,7764,6585,4759,0,0,28,1083,1325,1263,15,0,0,18,23,33,0,15496,7341,10242,2,0,0,316
0,398,265,26176,4,18334,5897,1,4934,7213,2,703,94189,7479,3,159,4111,1718,318,3,34504,11857,82498,0,0,602,26546,23725,24947,53,0,0,18,64,33,0,94056,85965,89097,2,0,0,317
0,429,265,26187,4,18350,5899,1,4934,7213,2,693,94391,7479,3,157,4349,1628,318,3,35099,12521,82479,0,0,602,26595,23719,24966,52,0,0,18,64,33,0,94570,86311,89433,2,0,0,317
0,342,137,26179,4,18332,6213,1,4934,7213,2,710,94539,7479,3,158,4209,1790,318,3,35046,12539,82456,0,0,602,26609,23662,24957,50,0,0,18,68,33,0,94386,86053,89251,2,0,0,317
0,431,263,26197,4,18332,5893,1,4934,7213,2,708,94289,7479,3,157,4535,1688,318,3,35369,12705,82575,0,0,602,26577,23690,24938,53,0,0,18,74,33,0,94358,86027,89202,2,0,0,317
0,430,265,26183,4,18338,5907,1,4934,7213,2,711,94402,7479,3,158,4340,1965,318,3,34832,12273,82505,0,0,602,26644,23662,24964,54,0,0,18,64,33,0,94174,86251,89392,2,0,0,317
0,418,261,26196,4,18348,5909,1,4934,7213,2,711,94413,7479,3,158,4525,1687,318,3,34934,12433,82496,0,0,602,26560,23702,24945,51,0,0,19,75,35,0,94134,86074,89237,2,0,0,317
0,415,265,26178,4,18334,5893,1,4934,7213,2,707,94559,7479,3,159,4209,1722,318,3,35157,12642,82540,0,0,602,26556,23688,24918,51,0,0,18,58,33,0,94337,85776,88967,2,0,0,317
0,400,265,26189,4,18347,5906,1,4934,7213,2,710,94302,7479,3,158,4532,1801,318,3,34768,12279,82517,0,0,602,26605,23673,24966,51,0,0,18,54,33,0,93697,85844,89229,2,0,0,317
0,422,265,26188,4,18344,5898,1,4934,7213,2,723,94817,7479,3,158,4381,1651,318,3,34626,12130,82493,0,0,602,26540,23725,24952,52,0,0,18,63,33,0,94307,86143,89371,2,0,0,317
0,418,264,26200,4,18355,5898,1,4934,7213,2,711,94208,7479,3,158,4141,1669,318,3,34998,12396,82588,0,0,602,26569,23672,24935,52,0,0,18,66,33,0,94135,86024,89205,2,0,0,317
0,417,263,26188,4,18340,5898,1,4934,7213,2,728,94858,7479,3,158,4449,1759,318,3,34844,12259,82567,0,0,602,26642,23681,24951,53,0,0,18,64,33,0,94556,86135,89459,2,0,0,317
0,417,265,26203,4,18347,5896,1,4934,7213,2,713,94589,7479,3,159,4385,1841,318,3,34960,12492,82519,0,0,602,26566,23715,24962,52,0,0,18,68,33,0,94814,86318,89556,2,0,0,317
0,413,264,26192,4,18349,5900,1,4934,7213,2,695,94020,7479,3,159,4465,1761,318,3,34797,12280,82487,0,0,602,26533,23738,24939,51,0,0,18,63,33,0,94005,85733,88833,2,0,0,317
0,419,264,26185,4,18339,5897,1,4934,7213,2,692,94023,7479,3,158,4128,1903,318,3,34770,12169,82554,0,0,602,26580,23690,24953,52,0,0,18,62,33,0,94450,86140,89376,2,0,0,317
0,412,265,26184,4,18334,5893,1,4934,7213,2,697,94228,7479,3,158,4429,1778,318,3,34796,12085,82435,0,0,602,26544,23727,24949,52,0,0,18,64,33,0,94070,85898,89083,2,0,0,317
0,426,263,26191,4,18344,5902,1,4934,7213,2,707,94400,7479,3,158,4459,1753,318,3,34852,12243,82389,0,0,602,26605,23699,24981,50,0,0,18,68,33,0,94396,85830,89036,2,0,0,317
0,432,265,26180,4,18333,5896,1,4934,7213,2,700,94706,7479,3,159,4140,1748,318,3,34937,12468,82594,0,0,602,26643,23683,24968,54,0,0,18,58,33,0,94102,86191,89347,2,0,0,317
0,401,264,26181,4,18327,5888,1,4934,7213,2,711,94339,7479,3,159,4241,1713,318,3,34736,12285,82498,0,0,602,26541,23700,24927,50,0,0,18,65,33,0,93942,85696,88897,2,0,0,317
0,396,264,26200,9,18339,5899,1,4934,7213,2,712,94118,7479,3,157,4452,1821,318,3,34799,12319,82513,0,0,602,26583,23696,24964,53,0,0,18,70,33,0,93759,85771,88940,2,0,0,317
0,418,265,26179,4,18334,5898,1,4934,7213,2,707,94366,7479,3,158,4562,1764,318,3,34901,12366,82588,0,0,602,26571,23691,24928,53,0,0,18,85,33,0,94116,86279,89426,2,0,0,317
0,393,264,26184,4,18340,5897,1,4934,7213,2,691,93817,7479,3,158,4612,1767,318,3,34710,12275,82454,0,0,602,26574,23727,24964,56,0,0,18,69,33,0,94589,85890,89037,2,0,0,317
0,426,264,26195,4,18337,5897,1,4934,7213,2,731,94502,7479,3,158,4292,1852,318,3,34803,12196,82355,0,0,602,26523,23710,24935,53,0,0,18,66,33,0,94379,86075,89260,2,0,0,317
0,430,264,26201,4,18349,5900,1,4934,7213,2,717,94566,7479,3,158,4172,1761,318,3,35096,12546,82442,0,0,602,26650,23641,24962,50,0,0,18,68,33,0,94514,86042,89433,2,0,0,317
0,423,264,26183,4,18345,5895,1,4934,7214,2,712,94648,7479,3,158,4084,1902,318,3,34703,12085,82428,0,0,602,26660,23664,24973,53,0,0,18,66,33,0,94404,85799,88960,2,0,0,317
0,396,264,26219,4,18355,5901,1,4934,7213,2,703,94049,7479,3,157,4466,1705,318,3,34839,12301,82592,0,0,602,26581,23689,24957,54,0,0,18,58,33,0,94105,85896,89067,2,0,0,317
0,420,262,26164,4,18321,5892,1,4934,7213,2,709,94193,7479,3,158,4658,1903,318,3,34973,12592,82545,0,0,602,26678,23660,24975,52,0,0,18,69,33,0,94229,85886,89199,2,0,0,317
0,397,265,26187,4,18330,5893,1,4934,7213,2,702,94365,7479,3,158,4557,1759,318,3,35134,12523,82449,0,0,602,26665,23635,24968,53,0,0,18,62,33,0,93980,85596,88750,2,0,0,317
0,397,262,26185,4,18328,5891,1,4934,7213,2,704,93928,7479,3,159,4583,1876,318,3,34535,11944,82416,0,0,602,26605,23694,24971,51,0,0,18,67,33,0,94227,85585,88748,2,0,0,317
1,314,162,828,1,529,791,1,263,502,1,218,15008,202,3,55,3642,886,318,4,7755,6606,4762,0,0,28,1087,1343,1268,14,0,0,18,22,33,0,15762,7350,10261,2,0,0,317
0,398,265,26188,4,18339,5888,1,4934,7213,2,710,94211,7479,3,158,4345,1660,318,3,34835,12200,82419,0,0,602,26580,23703,24960,53,0,0,18,70,33,0,94335,85770,88899,2,0,0,317
0,426,265,26194,4,18333,5905,1,4934,7213,2,718,94392,7479,3,159,4008,1836,318,3,34600,12040,82385,0,0,602,26630,23700,24980,54,0,0,18,71,33,0,94250,86088,89247,2,0,0,317
0,420,263,26172,4,18325,5897,1,4934,7214,2,685,94379,7479,3,158,4596,1749,318,3,34742,12256,82499,0,0,602,26565,23722,24970,50,0,0,18,59,33,0,94248,86404,89608,2,0,0,317
0,415,265,26179,4,18332,5901,1,4934,7213,2,696,94637,7479,3,158,4292,1677,318,3,34884,12301,82421,0,0,602,26618,23668,24960,54,0,0,18,64,33,0,94620,85814,89029,2,0,0,317
0,398,263,26183,4,18328,5892,1,4934,7213,2,728,94347,7479,3,158,4384,2206,318,3,34625,11999,82476,0,0,602,26544,23675,24901,52,0,0,18,70,33,0,94399,86028,89174,2,0,0,317
0,430,265,26182,4,18337,5894,1,4934,7213,2,698,94485,7479,3,158,4552,1911,318,3,34975,12393,82398,0,0,602,26544,23754,24962,53,0,0,18,69,33,0,94255,86392,89533,2,0,0,317
0,424,265,26183,4,18347,5892,1,4934,7213,2,704,94793,7479,3,158,4528,1674,318,3,34701,12147,82474,0,0,602,26642,23648,24963,52,0,0,18,75,33,0,94610,86361,89472,2,0,0,317
0,417,263,26186,4,18340,5904,1,4934,7213,2,718,94464,7479,3,159,4047,1674,318,3,34833,12315,82543,0,0,602,26583,23717,24963,51,0,0,18,58,33,0,94141,86609,89722,2,0,0,317
0,423,264,26186,4,18335,5895,1,4934,7213,2,698,94448,7479,3,158,4197,1732,318,3,35056,12232,82548,0,0,602,26612,23655,24968,53,0,0,18,67,33,0,94128,86379,89537,2,0,0,317
0,421,264,26191,4,18339,5896,1,4934,7213,2,713,94631,7479,3,159,4119,1644,318,3,35139,12593,82563,0,0,602,26576,23675,24939,51,0,0,18,63,33,0,94727,85835,89031,2,0,0,317
1,313,161,832,1,529,788,1,263,502,1,220,14967,202,3,55,3614,907,317,3,7687,6457,4779,0,0,28,1095,1338,1269,16,0,0,18,23,33,0,15429,6965,9885,2,0,0,317
0,396,265,26166,4,18324,5896,1,4934,7213,2,705,94292,7479,3,158,4421,1699,318,3,34461,11668,82466,0,0,602,26665,23618,24961,51,0,0,18,66,33,0,94344,86110,89332,2,0,0,317
0,398,265,26188,10,18342,5909,1,4934,7213,2,696,94067,7479,3,157,4170,1744,318,3,34150,11525,82492,0,0,602,26631,23617,24918,52,0,0,18,66,33,0,94009,86025,89220,2,0,0,317
0,415,264,26192,4,18343,5905,1,4934,7213,2,718,94707,7479,3,159,4389,1765,318,3,34931,12342,82372,0,0,602,26594,23687,24935,53,0,0,18,71,33,0,94339,86012,89180,2,0,0,317
0,420,265,26223,4,18371,5900,1,4934,7213,2,697,94508,7479,3,157,4702,1659,318,3,35022,12095,82362,0,0,602,26597,23664,24938,54,0,0,18,63,32,0,94261,86073,89221,2,0,0,317
0,432,265,26185,4,18331,5895,1,4934,7213,2,702,94643,7479,3,158,4501,1661,318,3,34946,12193,82421,0,0,602,26601,23666,24957,55,0,0,18,68,33,0,94903,86328,89512,2,0,0,317
0,425,263,26171,4,18328,5902,1,4934,7213,2,710,94795,7479,3,158,4187,1714,318,3,35339,12722,82506,0,0,602,26621,23641,24943,51,0,0,18,65,33,0,94076,86093,89274,2,0,0,317
0,413,264,26180,4,18334,5895,1,4934,7213,2,704,94449,7479,3,159,4273,1734,318,3,35219,12207,82468,0,0,602,26583,23673,24925,52,0,0,18,65,33,0,94935,86331,89489,2,0,0,317
0,395,263,26193,9,18345,5901,1,4934,7213,2,717,94303,7479,3,158,4584,1576,318,3,34784,12164,82532,0,0,602,26672,23606,24956,54,0,0,18,64,33,0,94417,85712,88829,2,0,0,317
0,417,265,26200,4,18357,5900,1,4934,7213,2,708,94492,7479,3,158,4345,1735,318,3,34967,12360,82446,0,0,602,26600,23698,24977,54,0,0,18,63,33,0,94001,85683,88818,2,0,0,317
0,423,264,26185,4,18332,5897,1,4934,7213,2,711,94359,7479,3,157,4673,1695,318,3,35112,12401,82557,0,0,602,26575,23690,24957,52,0,0,18,72,33,0,94574,85512,88653,2,0,0,317
0,418,264,26187,4,18342,5907,1,4934,7213,2,720,94527,7479,3,158,4479,1699,318,3,34892,12442,82503,0,0,602,26611,23652,24946,52,0,0,18,60,33,0,94494,85829,89201,2,0,0,317
0,401,262,26199,4,18336,5897,1,4934,7213,2,720,94151,7479,3,158,4200,1738,318,3,35098,12316,82443,0,0,602,26551,23698,24923,51,0,0,18,58,33,0,94159,86339,89504,2,0,0,317
0,419,265,26181,4,18332,5895,1,4934,7213,2,698,94585,7479,3,159,4480,1752,318,3,34582,11943,82489,0,0,602,26592,23704,24973,51,0,0,18,69,33,0,94426,85594,88796,2,0,0,317
0,422,264,26187,4,18334,5896,1,4934,7213,2,708,94589,7479,3,158,4462,1955,317,3,35211,12728,82433,0,0,602,26584,23689,24957,53,0,0,18,67,33,0,94408,86234,89404,2,0,0,317
0,420,265,26189,4,18340,5892,1,4934,7213,2,700,94475,7479,3,158,4506,1715,318,3,34920,11878,82365,0,0,602,26589,23684,24957,51,0,0,18,66,33,0,94447,85838,89214,2,0,0,317
0,417,265,26178,4,18337,5907,1,4934,7213,2,716,94516,7479,3,159,4094,1918,318,3,34711,12095,82386,0,0,602,26637,23677,24970,50,0,0,18,57,33,0,94404,86164,89322,2,0,0,317
0,433,265,26179,4,18334,5897,1,4934,7213,2,716,94178,7479,3,157,4329,1701,318,3,34865,12079,82370,0,0,602,26609,23653,24934,52,0,0,18,58,33,0,94498,86397,89491,2,0,0,317
0,419,262,26164,4,18320,5896,1,4934,7213,2,704,94635,7479,3,158,4547,1917,318,3,35151,12488,82486,0,0,602,26640,23776,24973,53,0,0,18,70,33,0,94059,85723,88897,2,0,0,317
1,348,161,826,1,530,791,1,263,502,1,222,14990,7479,3,159,4275,1745,317,3,34826,12340,82421,0,0,28,1089,1334,1267,16,0,0,18,22,33,0,15935,7253,10164,2,0,0,317
1,357,294,26534,5,18533,6063,1,5050,7388,2,739,95560,7677,3,185,4184,1817,318,3,35304,12413,83650,0,0,623,27023,23997,25331,84,0,0,18,87,33,0,95517,86645,89840,2,0,0,317
0,415,264,26222,4,18365,5907,1,4934,7213,2,720,94889,7479,3,159,4463,1596,318,3,34690,12110,82401,0,0,602,26516,23769,24975,51,0,0,18,67,33,0,93941,85963,89097,2,0,0,317
0,418,264,26180,4,18320,5896,1,4934,7213,2,690,94172,7479,3,158,4465,1727,318,3,34936,12418,82488,0,0,602,26604,23653,24950,52,0,0,18,74,33,0,94503,85818,89002,2,0,0,317
0,418,265,26205,4,18360,5901,1,4934,7213,2,708,94523,7479,3,158,4414,1744,318,3,34918,12401,82550,0,0,602,26561,23694,24930,56,0,0,19,68,35,0,94222,86179,89373,2,0,0,317
0,396,263,26193,4,18342,5904,1,4934,7214,2,717,94367,7479,3,158,4262,1809,318,3,34760,12064,82576,0,0,602,26581,23720,24963,54,0,0,18,66,33,0,94148,85603,88811,2,0,0,317
1,345,256,39037,3,27317,8327,1,7275,10463,2,767,130497,10937,3,149,3904,1919,318,3,47503,12658,116897,0,0,812,37288,32786,36567,32,0,0,18,45,33,0,129949,122039,125378,3,0,0,317
1,330,161,836,1,535,786,1,263,502,1,224,15275,202,3,55,3502,688,318,3,7855,6762,4789,0,0,28,1130,1298,1252,15,0,0,19,26,35,0,15631,7682,10636,2,0,0,317
0,428,264,26189,4,18334,5895,1,4934,7213,2,694,94244,7479,3,158,4529,1735,318,3,35121,12316,82470,0,0,602,26657,23663,24962,52,0,0,18,60,33,0,94177,86219,89358,2,0,0,317
0,430,265,26207,4,18365,5907,1,4934,7213,2,697,94149,7479,3,158,4179,1762,318,3,35016,12473,82465,0,0,602,26586,23661,24905,52,0,0,18,63,33,0,94289,85846,89091,2,0,0,317
0,423,265,26190,4,18350,5903,1,4934,7213,2,716,94360,7479,3,159,4446,1795,318,3,35092,12564,82408,0,0,602,26597,23683,24942,50,0,0,18,65,33,0,94395,85778,88945,2,0,0,317
0,428,262,26178,4,18330,5893,1,4934,7213,2,706,94642,7479,3,158,4539,1758,318,3,35288,12259,82512,0,0,602,26710,23621,24980,52,0,0,18,65,33,0,94331,86135,89330,2,0,0,317
0,421,265,26174,4,18329,5888,1,4934,7213,2,714,94369,7479,3,158,4302,1753,318,3,34940,12333,82605,0,0,602,26584,23671,24931,54,0,0,18,83,33,0,94452,86197,89327,2,0,0,317
0,398,264,26197,4,18351,5895,1,4934,7213,2,687,93968,7479,3,159,4440,1949,318,3,34647,12140,82431,0,0,602,26639,23679,24974,53,0,0,18,67,33,0,94191,85655,88962,2,0,0,317
0,419,264,26195,4,18340,5900,1,4934,7213,2,703,94364,7479,3,158,4480,1764,318,3,35147,12548,82531,0,0,602,26616,23685,24957,52,0,0,18,56,33,0,94097,85970,89097,2,0,0,317
0,417,264,26166,4,18319,5894,1,4934,7213,2,711,94475,7479,3,158,4198,1919,318,3,35082,12591,82476,0,0,602,26607,23695,24980,54,0,0,18,77,33,0,94426,86028,89191,2,0,0,317
0,427,263,26192,4,18349,5901,1,4934,7213,2,707,94562,7479,3,158,4618,1713,318,3,34800,12334,82520,0,0,602,26554,23720,24942,49,0,0,18,57,33,0,94387,86069,89349,2,0,0,317
0,417,264,26180,4,18332,5902,1,4934,7213,2,714,94332,7479,3,158,4269,1737,318,3,35089,12282,82395,0,0,602,26569,23692,24932,55,0,0,18,66,33,0,94190,85554,88712,2,0,0,317
0,401,262,26169,4,18329,5898,1,4934,7213,2,707,94316,7479,3,158,4349,1745,318,3,34671,12208,82519,0,0,602,26647,23652,24953,50,0,0,18,52,33,0,94028,85578,88903,2,0,0,317
0,415,263,26172,4,18337,5904,1,4934,7213,2,708,94595,7479,3,158,4386,1677,318,3,34797,12194,82383,0,0,602,26599,23670,24963,51,0,0,18,61,33,0,94057,86055,89395,2,0,0,317
0,421,264,26191,4,18345,5911,1,4934,7213,2,712,94465,7479,3,158,4290,1846,318,3,34741,12275,82425,0,0,602,26596,23716,24959,53,0,0,18,67,33,0,94293,85943,89219,2,0,0,317
0,433,264,26179,4,18322,5895,1,4934,7213,2,701,94098,7479,3,158,4327,1737,318,3,34754,12097,82502,0,0,602,26527,23709,24947,52,0,0,18,57,33,0,94115,85594,88741,2,0,0,317
0,424,261,26204,4,18347,5906,1,4934,7213,2,701,94110,7479,3,158,4245,1769,318,3,34771,12252,82474,0,0,602,26606,23692,24965,57,0,0,18,59,33,0,94245,86149,89256,2,0,0,317
0,398,265,26182,4,18319,5894,1,4934,7213,2,727,94457,7479,3,158,4571,1705,318,3,34975,12132,82491,0,0,602,26626,23638,24921,54,0,0,18,68,33,0,93936,85987,89137,2,0,0,317
0,425,264,26163,4,18320,5897,1,4934,7213,2,698,94191,7479,3,158,4281,1709,372,4,35078,12561,82437,0,0,602,26586,23711,24985,55,0,0,18,53,33,0,94272,85994,89149,2,0,0,317
0,415,264,26160,4,18319,5897,1,4934,7213,2,722,94667,7479,3,158,4404,1897,318,3,34920,12318,82486,0,0,602,26610,23641,24930,56,0,0,18,65,33,0,94624,86110,89248,2,0,0,317
0,397,264,26188,4,18328,5898,1,4934,7213,2,706,94196,7479,3,157,4634,1815,318,3,34681,12024,82370,0,0,602,26510,23714,24910,52,0,0,18,60,33,0,94059,85401,88628,2,0,0,317
0,396,262,26180,4,18330,5896,1,4934,7213,2,719,94082,7479,3,159,4298,1727,318,3,34496,11925,82407,0,0,602,26570,23669,24912,52,0,0,18,67,33,0,94255,85977,89137,2,0,0,317
0,428,264,26177,4,18331,5896,1,4934,7213,2,705,94195,7479,3,159,4168,1712,318,3,34765,12059,82461,0,0,602,26576,23691,24942,52,0,0,18,65,33,0,94569,85810,88974,2,0,0,317
0,432,264,26174,4,18330,5891,1,4934,7213,2,701,94632,7479,3,158,4356,1798,318,3,34848,12211,82435,0,0,602,26622,23676,24985,53,0,0,18,61,33,0,94322,86186,89353,2,0,0,317
0,421,265,26165,4,18323,5902,1,4934,7213,2,703,94691,7479,3,158,4600,1674,318,3,35030,12578,82478,0,0,602,26651,23600,24932,53,0,0,18,58,33,0,94302,85870,89011,2,0,0,317
0,397,263,26172,4,18328,5896,1,4934,7213,2,720,94557,7479,3,157,4259,1900,318,3,34720,11714,82355,0,0,602,26651,23602,24934,52,0,0,18,75,33,0,94069,85510,88662,2,0,0,317
0,417,264,26187,4,18350,5895,1,4934,7213,2,703,94446,7479,3,158,4440,1752,318,3,34867,12348,82465,0,0,602,26592,23667,24937,51,0,0,18,65,33,0,93935,86046,89244,2,0,0,317
0,415,262,26174,4,18336,5894,1,4934,7213,2,700,94211,7479,3,159,4254,1780,318,3,34966,12512,82554,0,0,602,26662,23592,24943,53,0,0,18,60,33,0,94271,86029,89212,2,0,0,317
0,419,265,26170,4,18329,5893,1,4934,7213,2,685,94128,7479,3,158,4132,1896,318,3,35001,12525,82471,0,0,602,26567,23683,24926,50,0,0,18,67,33,0,94424,86194,89343,2,0,0,317
0,420,264,26189,4,18329,5891,1,4934,7214,2,702,94504,7479,3,158,4417,1799,318,3,35262,12649,82601,0,0,602,26554,23675,24933,53,0,0,18,67,33,0,94479,85903,89087,2,0,0,317
0,423,264,26173,4,18326,5898,1,4934,7213,2,710,94195,7479,3,157,4297,1930,318,3,34890,12350,82442,0,0,602,26537,23684,24906,51,0,0,18,70,33,0,94152,85795,88933,2,0,0,317
0,419,265,26183,4,18338,5897,1,4934,7213,2,698,94050,7479,3,158,4308,1719,318,3,34795,12230,82523,0,0,602,26563,23743,24969,53,0,0,18,69,33,0,94322,86106,89344,2,0,0,317
0,396,265,26182,9,18337,5896,1,4934,7213,2,713,94404,7479,3,158,4250,2011,318,3,34735,12044,82402,0,0,602,26571,23707,24968,54,0,0,18,85,33,0,94123,85879,89048,2,0,0,317
0,422,265,26173,4,18344,5906,1,4934,7213,2,699,94056,7479,3,156,4645,1713,318,3,34907,12340,82466,0,0,602,26669,23665,24988,54,0,0,18,64,33,0,94586,86293,89587,2,0,0,317
0,396,264,26176,4,18327,5903,1,4934,7213,2,692,93867,7479,3,159,4333,1737,318,3,34607,12031,82546,0,0,602,26625,23674,24977,51,0,0,18,64,33,0,94119,85790,88932,2,0,0,317
0,356,138,26202,4,18344,5894,1,4934,7213,2,700,94716,7479,3,158,4462,1765,318,3,34730,12120,82475,0,0,602,26665,23660,24981,52,0,0,18,64,33,0,94460,85919,89083,2,0,0,317
0,423,264,26200,4,18344,5901,1,4934,7213,2,702,94451,7479,3,158,4339,1687,318,3,34970,12458,82416,0,0,602,26600,23673,24953,51,0,0,18,82,33,0,94150,85890,89060,2,0,0,317
0,346,263,26199,4,18334,5898,1,4934,7213,2,691,93564,7479,3,158,3860,1713,318,3,34542,11780,82484,0,0,602,26569,23663,24929,52,0,0,18,61,33,0,93663,85157,88274,2,0,0,317
0,396,261,26186,4,18322,5890,1,4934,7213,2,690,93808,7479,3,158,4424,1763,318,4,34620,11963,82480,0,0,602,26584,23693,24952,53,0,0,18,53,33,0,94184,85921,89113,2,0,0,317
0,429,265,26183,4,18337,5895,1,4934,7213,2,713,94743,7479,3,158,4217,1909,318,3,35236,12426,82415,0,0,602,26571,23701,24950,52,0,0,18,66,33,0,94495,86342,89509,2,0,0,317
0,434,263,26208,4,18346,5903,1,4934,7213,2,722,94548,7479,3,158,4506,1735,318,3,34910,12556,82555,0,0,602,26619,23663,24951,53,0,0,18,62,33,0,94420,85907,89083,2,0,0,317
0,433,263,26197,4,18343,5900,1,4934,7213,2,690,94393,7479,3,158,4145,1731,318,3,35025,12382,82489,0,0,602,26607,23770,24946,52,0,0,18,63,33,0,94098,85608,88907,2,0,0,317
0,398,262,26213,4,18349,5902,1,4934,7213,2,716,94408,7479,3,157,4295,1762,318,3,35109,12491,82423,0,0,602,26448,23829,24936,52,0,0,18,65,33,0,93915,85616,88745,2,0,0,317
0,427,264,26183,4,18333,5898,1,4934,7213,2,721,94732,7479,3,157,4067,1651,318,3,34963,12236,82486,0,0,602,26515,23724,24954,51,0,0,18,60,33,0,94367,86313,89479,2,0,0,317
0,417,262,26188,4,18348,5901,1,4934,7213,2,722,94435,7479,3,157,4298,1674,318,3,35243,12325,82518,0,0,602,26585,23683,24976,54,0,0,18,67,33,0,94404,86037,89150,2,0,0,317
0,393,261,26179,4,18334,5897,1,4934,7213,2,703,94435,7479,3,158,4389,1670,318,4,34870,12246,82472,0,0,602,26579,23665,24932,50,0,0,18,63,33,0,93918,86133,89252,2,0,0,317
0,402,264,26180,4,18330,5894,1,4934,7213,2,713,94292,7479,3,158,4426,1725,318,3,34885,12336,82467,0,0,602,26592,23640,24916,52,0,0,18,64,33,0,94390,85574,88962,2,0,0,317
0,429,265,26190,4,18339,5902,1,4934,7214,2,720,94552,7479,3,157,4420,1998,318,3,34796,12159,82511,0,0,602,26551,23725,24947,53,0,0,18,62,33,0,94419,86226,89377,2,0,0,317
0,426,263,26196,4,18350,5898,1,4934,7213,2,706,94969,7479,3,158,4529,1783,318,3,35250,12363,82541,0,0,602,26469,23778,24939,53,0,0,18,61,33,0,94234,86460,89635,2,0,0,317
0,397,262,26196,4,18338,5896,1,4934,7213,2,703,94236,7479,3,158,4271,1690,318,3,34758,12256,82460,0,0,602,26571,23689,24941,53,0,0,18,53,33,0,93920,85609,88741,2,0,0,317
0,422,263,26179,4,18329,5894,1,4934,7213,2,721,94712,7479,3,157,4431,1749,318,3,35173,12422,82483,0,0,602,26538,23676,24916,52,0,0,18,68,33,0,93859,86349,89681,2,0,0,317
0,346,264,26190,4,18339,5890,1,4934,7213,2,682,93391,7479,3,158,4117,1673,317,3,34598,11815,82392,0,0,602,26675,23589,24926,51,0,0,18,58,33,0,93638,85241,88418,2,0,0,317
0,425,264,26184,4,18342,5894,1,4934,7213,2,713,94437,7479,3,157,4561,1713,318,3,34994,12542,82546,0,0,602,26558,23661,24916,54,0,0,18,56,33,0,94576,86153,89334,2,0,0,317
0,424,263,26174,4,18331,5895,1,4934,7214,2,716,94610,7479,3,157,4439,1788,318,3,35031,12296,82346,0,0,602,26450,23800,24903,53,0,0,18,62,33,0,93851,86096,89268,2,0,0,317
0,399,263,26182,4,18323,5896,1,4934,7213,2,702,94119,7479,3,157,4508,1664,318,4,34757,12264,82455,0,0,602,26619,23700,24998,52,0,0,18,58,33,0,94294,85863,89042,2,0,0,317
0,398,265,26183,4,18341,5893,1,4934,7214,2,703,93954,7479,3,158,4618,1738,318,3,34792,12198,82470,0,0,602,26617,23694,24957,52,0,0,18,69,33,0,93804,86224,89336,2,0,0,317
0,396,264,26204,4,18345,5892,1,4934,7213,2,714,94201,7479,3,158,4378,1712,318,3,34692,12115,82397,0,0,602,26557,23741,24956,53,0,0,18,82,33,0,94117,85789,88961,2,0,0,317
0,426,264,26200,4,18352,5897,1,4934,7213,2,700,94160,7479,3,157,4351,1614,318,3,34826,12031,82341,0,0,602,26510,23785,24978,53,0,0,18,59,33,0,94664,85789,89022,2,0,0,317
0,400,264,26185,4,18332,5892,1,4934,7213,2,702,94146,7479,3,159,4410,1713,317,3,34345,11834,82458,0,0,602,26561,23747,24965,54,0,0,18,74,33,0,94412,85448,88618,2,0,0,317
0,415,262,26204,4,18337,5903,1,4934,7213,2,723,94350,7479,3,157,4066,1978,318,3,34860,12248,82555,0,0,602,26393,23852,24929,52,0,0,18,63,33,0,94322,86274,89439,2,0,0,317
0,425,263,26205,4,18358,5903,1,4934,7213,2,699,94652,7479,3,157,4354,1935,318,3,34544,12071,82472,0,0,602,26557,23748,24956,50,0,0,18,56,33,0,94264,85700,88880,2,0,0,317
0,429,263,26158,4,18316,5899,1,4934,7213,2,702,94271,7479,3,157,4611,1594,318,3,35214,12634,82491,0,0,602,26650,23647,24962,53,0,0,18,70,33,0,94564,85636,88793,2,0,0,317
0,415,263,26178,4,18323,5894,1,4934,7213,2,704,94686,7479,3,158,4371,1642,318,3,34683,12096,82550,0,0,602,26551,23704,24940,56,0,0,18,70,33,0,94814,85978,89176,2,0,0,317
0,417,264,26191,4,18344,5891,1,4934,7213,2,708,94083,7479,3,157,4371,1863,318,3,34979,12625,82510,0,0,602,26568,23744,24965,51,0,0,19,71,35,0,94538,86008,89174,2,0,0,317
0,414,263,26191,4,18335,5899,1,4934,7213,2,697,94252,7479,3,158,4861,1524,318,3,34825,12371,82418,0,0,602,26549,23690,24951,50,0,0,18,63,33,0,94379,86038,89328,2,0,0,317
0,429,263,26187,4,18332,5897,1,4934,7213,2,707,94367,7479,3,157,4225,1791,318,3,35346,12914,82593,0,0,602,26571,23699,24951,53,0,0,18,63,33,0,94382,86233,89437,2,0,0,317
0,399,264,26169,4,18325,5893,1,4934,7213,2,719,93980,7479,3,158,4633,1737,318,3,34998,12532,82388,0,0,602,26630,23635,24955,53,0,0,18,57,33,0,94096,85773,88941,2,0,0,317
0,421,262,26184,4,18344,5895,1,4934,7213,2,693,94148,7479,3,158,4263,1754,318,3,35154,12541,82470,0,0,602,26557,23673,24907,53,0,0,18,63,33,0,93873,85878,89084,2,0,0,317
0,433,264,26181,4,18327,5893,1,4934,7213,2,708,94520,7479,3,157,4636,1711,318,3,34768,12094,82438,0,0,602,26610,23656,24918,51,0,0,18,64,33,0,94314,86050,89190,2,0,0,317
0,418,260,26194,4,18346,5904,1,4934,7213,2,712,94265,7479,3,157,4170,1752,318,3,34987,12319,82594,0,0,602,26564,23663,24914,51,0,0,18,71,33,0,94473,86207,89387,2,0,0,317
0,420,262,26200,4,18364,5907,1,4934,7213,2,691,94154,7479,3,158,4352,1686,318,4,35111,12615,82447,0,0,602,26600,23710,24969,53,0,0,18,62,33,0,94531,86336,89550,2,0,0,317
0,424,264,26221,4,18365,5909,1,4934,7213,2,691,94220,7479,3,158,4144,1602,318,3,34707,12215,82514,0,0,602,26604,23698,24969,52,0,0,18,53,33,0,94405,86170,89363,2,0,0,317
0,395,263,26183,4,18334,5904,1,4934,7214,2,686,93998,7479,3,159,4219,1746,318,4,34455,11899,82457,0,0,602,26467,23795,24937,52,0,0,18,62,33,0,93985,85144,88307,2,0,0,317
0,432,265,26180,4,18335,5895,1,4934,7213,2,713,94378,7479,3,156,4236,1733,318,3,34922,12324,82381,0,0,602,26618,23686,24965,51,0,0,18,67,33,0,94328,86187,89295,2,0,0,317
0,421,263,26174,4,18321,5898,1,4934,7213,2,700,94165,7479,3,157,4361,1769,318,3,34887,12507,82470,0,0,602,26630,23657,24965,51,0,0,18,67,33,0,94315,85971,89141,2,0,0,317
0,429,264,26189,4,18334,5893,1,4934,7213,2,713,94656,7479,3,157,4408,1697,318,3,34604,12030,82551,0,0,602,26539,23727,24941,50,0,0,18,63,33,0,94313,85906,89083,2,0,0,317
0,425,262,26178,4,18322,5896,1,4934,7213,2,706,94092,7479,3,157,4326,1739,318,3,35038,12455,82546,0,0,602,26671,23642,24960,53,0,0,18,62,33,0,94417,86370,89446,2,0,0,317
0,421,264,26175,4,18337,5904,1,4934,7213,2,725,94985,7479,3,157,4351,1746,318,3,34984,12542,82579,0,0,602,26615,23627,24913,54,0,0,18,70,33,0,94397,85738,88835,2,0,0,317
0,424,263,26175,4,18326,5896,1,4934,7213,2,704,94079,7479,3,157,4291,1804,318,3,35208,12753,82552,0,0,602,26622,23681,24950,54,0,0,18,66,33,0,94394,85774,88973,2,0,0,317
0,428,262,26160,4,18319,5900,1,4934,7214,2,707,94242,7479,3,157,4367,1691,318,4,34949,12299,82495,0,0,602,26666,23644,24961,52,0,0,18,60,33,0,94441,85674,88806,2,0,0,317
0,420,264,26193,4,18335,5894,1,4934,7213,2,713,94420,7479,3,158,4230,1740,318,3,34869,12260,82463,0,0,602,26554,23731,24972,55,0,0,18,56,33,0,94377,85701,89076,2,0,0,377
1,313,161,833,1,533,789,1,263,502,1,231,14788,202,3,54,3636,682,318,3,7715,6344,4774,0,0,28,1077,1334,1265,15,0,0,18,22,33,0,15290,7166,10114,2,0,0,317
0,432,265,26204,4,18344,5902,1,4934,7213,2,711,94625,7479,3,158,4016,1722,372,3,34767,12307,82449,0,0,602,26560,23679,24903,50,0,0,18,86,33,0,94244,86253,89364,2,0,0,317
0,429,263,26194,4,18343,5893,1,4934,7213,2,691,93973,7479,3,157,4652,1705,318,3,34952,12502,82516,0,0,602,26519,23766,24948,52,0,0,18,67,33,0,94245,85855,88972,2,0,0,317
0,423,264,26178,4,18331,5893,1,4934,7213,2,709,94283,7479,3,157,4203,1900,318,3,35153,12476,82439,0,0,602,26476,23823,24962,52,0,0,18,63,33,0,93838,85892,89227,2,0,0,317
0,433,263,26180,4,18336,5894,1,4934,7213,2,700,94643,7479,3,157,4368,1683,318,3,34831,12260,82438,0,0,602,26574,23689,24963,53,0,0,18,69,33,0,94531,85999,89307,2,0,0,316
0,418,263,26192,4,18348,5892,1,4934,7213,2,703,94575,7479,3,157,4383,1644,318,3,34936,12384,82596,0,0,602,26542,23675,24923,49,0,0,18,62,33,0,94005,86116,89398,2,0,0,317
0,400,263,26184,4,18328,5894,1,4934,7213,2,711,94097,7479,3,158,4386,1858,318,3,34727,11992,82460,0,0,602,26584,23717,24975,50,0,0,18,59,33,0,94508,86029,89295,2,0,0,317
0,417,262,26197,4,18344,5899,1,4934,7213,2,708,94815,7479,3,157,4133,1728,318,3,34715,12148,82408,0,0,602,26624,23670,24984,53,0,0,18,81,33,0,94320,85891,89090,2,0,0,317
0,431,263,26174,4,18329,5895,1,4934,7213,2,697,94347,7479,3,157,4549,1758,318,3,35049,12576,82522,0,0,602,26588,23673,24948,52,0,0,18,68,33,0,93626,85911,89073,2,0,0,317
0,423,263,26195,4,18352,5895,1,4934,7213,2,712,94571,7479,3,157,4528,1731,318,3,34926,12071,82341,0,0,602,26587,23698,24945,52,0,0,18,65,33,0,94549,86073,89266,2,0,0,317
0,417,263,26191,4,18351,5905,1,4934,7213,2,702,94699,7479,3,158,4332,1736,318,3,34970,12419,82549,0,0,602,26550,23686,24918,52,0,0,19,73,35,0,93917,86316,89477,2,0,0,317
0,416,263,26196,4,18348,5906,1,4934,7213,2,696,94519,7479,3,157,4441,1702,318,3,34664,12050,82314,0,0,602,26581,23681,24943,56,0,0,18,63,33,0,94807,85948,89093,2,0,0,317
0,423,264,26174,4,18328,5897,1,4934,7213,2,709,94667,7479,3,157,4281,1739,318,3,34817,12294,82432,0,0,602,26605,23682,24937,53,0,0,18,68,33,0,94036,85933,89302,2,0,0,317
0,421,261,26184,4,18336,5895,1,4934,7213,2,703,94397,7479,3,157,4558,1798,318,3,34992,12481,82484,0,0,602,26553,23713,24925,51,0,0,18,68,33,0,94456,85842,89045,2,0,0,317
0,416,262,26200,4,18357,5900,1,4934,7213,2,719,94082,7479,3,157,4154,1784,369,3,34893,12299,82502,0,0,602,26610,23674,24932,52,0,0,18,71,33,0,94442,86008,89216,2,0,0,317
0,423,262,26186,4,18326,5899,1,4934,7213,2,704,94462,7479,3,157,4603,1757,318,3,35252,12417,82575,0,0,602,26604,23661,24947,49,0,0,18,73,33,0,94559,86130,89303,2,0,0,317
0,428,264,26194,4,18339,5897,1,4934,7213,2,706,94269,7479,3,158,4368,1743,318,3,34491,11994,82410,0,0,602,26598,23671,24928,53,0,0,18,67,33,0,94281,86128,89468,2,0,0,317
0,422,264,26205,4,18355,5901,1,4934,7213,2,706,94717,7479,3,158,4070,1772,318,3,35278,12805,82540,0,0,602,26591,23673,24957,50,0,0,18,67,33,0,94790,86469,89599,2,0,0,317
0,417,264,26185,4,18336,5896,1,4934,7213,2,714,94324,7479,3,157,4196,1726,318,3,34912,12288,82508,0,0,602,26618,23648,24952,53,0,0,18,71,33,0,94270,85637,88809,2,0,0,317
0,419,263,26200,4,18345,5898,1,4934,7213,2,706,94473,7479,3,158,4527,1758,318,3,35050,12020,82386,0,0,602,26623,23619,24935,55,0,0,18,64,33,0,94340,86132,89504,2,0,0,317
0,425,263,26191,4,18331,5904,1,4934,7213,2,724,94444,7479,3,157,4423,1772,318,3,35298,12729,82536,0,0,602,26688,23634,24984,53,0,0,18,61,33,0,94511,86224,89417,2,0,0,317
0,417,264,26173,4,18327,5894,1,4934,7213,2,697,93895,7479,3,157,4445,1843,318,3,34685,12115,82409,0,0,602,26589,23631,24917,53,0,0,18,65,33,0,94399,86062,89222,2,0,0,317
0,398,263,26188,4,18327,5894,1,4934,7213,2,718,94646,7479,3,158,4473,1711,318,3,34801,12432,82454,0,0,602,26542,23734,24946,52,0,0,18,57,33,0,94134,85641,88843,2,0,0,317
0,399,265,26216,10,18368,5910,1,4934,7213,2,695,93978,7479,3,157,4220,1680,318,3,34680,12126,82535,0,0,602,26529,23736,24934,53,0,0,18,59,33,0,94435,85426,88602,2,0,0,317
0,417,264,26183,4,18325,5896,1,4934,7213,2,713,94574,7479,3,158,4511,1853,318,3,34656,12074,82457,0,0,602,26712,23569,24935,53,0,0,18,77,33,0,94529,86177,89315,2,0,0,317
1,399,264,26207,4,18343,5905,1,263,502,1,225,14990,202,3,54,3519,923,318,3,7457,6166,4756,0,0,28,1074,1333,1268,14,0,0,18,22,33,0,15490,7116,10159,2,0,0,317
0,421,264,26168,4,18324,5892,1,4934,7213,2,715,94839,7479,3,158,4351,1912,318,3,34969,12526,82469,0,0,602,26605,23650,24936,53,0,0,18,68,33,0,94384,86060,89239,2,0,0,317
0,429,262,26182,4,18332,5893,1,4934,7213,2,716,94558,7479,3,157,4227,1838,318,3,34980,12357,82447,0,0,602,26573,23744,24969,52,0,0,18,62,33,0,94484,86151,89294,2,0,0,371
0,397,264,26189,4,18333,5896,1,4934,7213,2,698,94320,7479,3,159,4431,1685,318,3,34958,12626,82530,0,0,602,26652,23633,24935,51,0,0,18,68,33,0,94084,86051,89233,2,0,0,317
0,415,264,26199,4,18344,5907,1,4934,7214,2,717,94455,7479,3,157,4277,1685,318,3,34705,12244,82489,0,0,602,26508,23768,24940,52,0,0,18,63,33,0,94066,85955,89143,2,0,0,316
0,420,262,26182,4,18334,5889,1,4934,7213,2,702,94014,7479,3,157,4330,1923,318,3,35167,12595,82537,0,0,602,26648,23611,24931,51,0,0,18,58,33,0,94340,86253,89413,2,0,0,317
0,425,263,26187,4,18337,5906,1,4934,7213,2,727,94609,7479,3,158,4213,1696,318,3,35142,12644,82464,0,0,602,26558,23715,24935,53,0,0,18,61,33,0,94364,85651,88855,2,0,0,317
0,418,264,26204,4,18352,5899,1,4934,7213,2,708,94312,7479,3,157,4388,1939,318,3,34743,12097,82463,0,0,602,26650,23651,24976,53,0,0,18,67,33,0,94024,85806,88978,2,0,0,317
0,419,262,26206,4,18348,5898,1,4934,7213,2,696,94285,7479,3,157,4432,1676,318,3,34717,12136,82501,0,0,602,26632,23670,24950,51,0,0,18,69,33,0,94373,85842,89054,2,0,0,317
0,419,263,26185,4,18325,5899,1,4934,7213,2,717,94597,7479,3,157,4388,1753,318,3,35282,12716,82455,0,0,602,26553,23717,24955,52,0,0,18,62,33,0,94199,86411,89544,2,0,0,317
0,431,262,26185,4,18335,5902,1,4934,7213,2,718,94614,7479,3,157,4592,1635,318,3,34875,12371,82462,0,0,602,26632,23652,24944,53,0,0,18,55,33,0,94371,86382,89533,2,0,0,317
0,423,264,26171,4,18327,5903,1,4934,7213,2,690,94234,7479,3,157,4176,1771,318,3,34789,12195,82457,0,0,602,26588,23692,24957,52,0,0,18,60,33,0,94522,86029,89198,2,0,0,317
0,423,264,26197,4,18342,5896,1,4934,7213,2,704,94397,7479,3,157,4315,1715,318,3,35031,12300,82460,0,0,602,26610,23639,24938,53,0,0,18,67,33,0,94515,85422,88594,2,0,0,317
0,416,264,26179,4,18339,5891,1,4934,7213,2,688,94244,7479,3,158,4165,1915,318,3,34850,12407,82525,0,0,602,26532,23748,24956,51,0,0,18,92,33,0,94614,85978,89140,2,0,0,317
0,397,263,26188,4,18330,5904,1,4934,7213,2,697,94159,7479,3,159,4366,1671,318,3,34539,11966,82544,0,0,602,26703,23624,24973,51,0,0,18,60,33,0,94623,85880,89042,2,0,0,317
0,397,261,26180,4,18328,5894,1,4934,7213,2,713,94471,7479,3,157,4393,1690,318,3,34674,12122,82436,0,0,602,26565,23698,24934,53,0,0,18,60,33,0,93914,85750,89002,2,0,0,317
0,417,265,26183,4,18334,5892,1,4934,7214,2,714,94104,7479,3,157,4598,1733,318,3,35066,12315,82424,0,0,602,26550,23761,24959,54,0,0,18,56,33,0,94371,85975,89308,2,0,0,317
0,418,264,26163,4,18321,5895,1,4934,7213,2,719,94672,7479,3,158,4322,1650,318,3,34932,12506,82523,0,0,602,26295,23960,24935,51,0,0,18,58,33,0,94069,85978,89100,2,0,0,317
0,337,161,832,1,534,791,1,263,502,0,219,15339,202,3,54,3855,657,318,3,7924,6725,4815,0,0,28,1143,1295,1258,15,0,0,18,23,33,0,15950,7621,10504,2,0,0,317
1,420,264,26167,4,18323,5903,1,4934,7213,2,706,94555,7479,3,158,4105,1831,318,3,34712,12269,82444,0,0,602,26266,24008,24937,53,0,0,18,70,33,0,94355,86012,89147,2,0,0,317
0,397,263,26171,4,18331,5906,1,4934,7213,2,722,93848,7479,3,157,4534,1685,318,3,34146,12081,82408,0,0,602,26669,23656,24974,54,0,0,18,70,33,0,93918,85878,89012,2,0,0,317
0,399,263,26184,4,18339,5895,1,4934,7213,2,711,94006,7479,3,158,4432,1666,318,3,34877,12085,82357,0,0,602,26555,23723,24958,54,0,0,18,67,33,0,93665,85463,88676,2,0,0,317
0,422,264,26195,4,18343,5898,1,4934,7213,2,710,94361,7479,3,157,4551,1735,318,3,34831,12632,82444,0,0,602,26605,23662,24951,54,0,0,18,61,33,0,94088,85727,88934,2,0,0,317
0,420,264,26183,4,18338,5901,1,4934,7213,2,700,94570,7479,3,157,4333,1967,318,3,34962,12405,82541,0,0,602,26622,23616,24923,52,0,0,18,66,33,0,93825,85799,88966,2,0,0,317
0,422,263,26177,4,18328,5894,1,4934,7213,2,717,94577,7479,3,156,4157,1747,318,3,34898,12174,82468,0,0,602,26669,23596,24947,49,0,0,18,65,33,0,94337,85645,88852,2,0,0,317
0,431,260,26200,4,18347,5896,1,4934,7213,2,694,94317,7479,3,158,4192,1699,317,3,34853,12379,82390,0,0,602,26618,23668,24950,52,0,0,18,57,33,0,94173,86112,89327,2,0,0,317
0,431,262,26187,4,18329,5894,1,4934,7213,2,697,94346,7479,3,157,4706,1735,318,3,35216,12610,82525,0,0,602,26570,23690,24944,50,0,0,18,74,33,0,94134,86213,89355,2,0,0,317
0,416,263,26194,4,18353,5900,1,4934,7213,2,688,93860,7479,3,157,4826,1640,318,3,34887,12004,82441,0,0,602,26584,23719,24956,55,0,0,18,61,33,0,94427,86207,89379,2,0,0,317
0,422,264,26188,4,18340,5900,1,4934,7213,2,707,94291,7479,3,157,4572,1699,318,3,34894,12381,82442,0,0,602,26588,23671,24941,50,0,0,18,69,33,0,94415,86177,89346,2,0,0,316
0,415,263,26171,4,18333,5899,1,4934,7213,2,717,94690,7479,3,158,4556,1738,318,3,34866,12589,82567,0,0,602,26303,24000,24968,54,0,0,18,65,33,0,94640,85685,88871,2,0,0,317
0,427,263,26204,4,18346,5906,1,4934,7213,3,702,93815,7479,3,157,4366,1708,317,3,35150,12384,82504,0,0,602,26627,23673,24969,51,0,0,18,23,33,0,15602,7080,9998,2,0,0,316
1,400,263,26179,4,18331,5899,1,4934,7213,2,711,94103,7479,3,158,4403,1952,318,3,34410,12040,82441,0,0,602,26288,23957,24925,55,0,0,18,67,33,0,94066,85914,89081,2,0,0,317
0,422,262,26186,4,18331,5897,1,4934,7213,2,710,94431,7479,3,157,4240,1731,318,3,35038,12545,82399,0,0,602,26639,23671,24959,52,0,0,18,76,33,0,94631,85885,89118,2,0,0,317
0,430,262,26166,4,18331,5893,1,4934,7213,2,704,94573,7479,3,158,4398,1695,318,3,35279,12464,82506,0,0,602,26581,23674,24921,51,0,0,18,63,33,0,94336,85567,88734,2,0,0,317
0,399,264,26200,4,18346,5891,1,4934,7213,2,704,94016,7479,3,158,4537,1834,318,3,34728,12346,82476,0,0,602,26464,23816,24961,55,0,0,18,65,33,0,93937,85836,89005,2,0,0,317
0,396,261,26185,4,18338,5901,1,4934,7213,2,706,94700,7479,3,158,4417,1786,318,3,34485,12009,82501,0,0,602,26525,23756,24956,51,0,0,18,63,33,0,94381,86305,89499,2,0,0,317
0,426,261,26190,4,18332,5896,1,4934,7213,2,705,94808,7479,3,157,4262,1736,318,3,34715,12306,82529,0,0,602,26585,23680,24931,53,0,0,18,69,33,0,93899,85982,89133,2,0,0,317
0,417,262,26171,4,18339,5900,1,4934,7213,2,709,94442,7479,3,157,4269,1740,318,3,34891,12360,82501,0,0,602,26577,23665,24917,52,0,0,18,70,33,0,94733,86129,89486,2,0,0,317
0,402,263,26172,4,18329,5894,1,4934,7213,2,718,94126,7479,3,158,4317,1728,318,3,34689,12144,82446,0,0,602,26458,23804,24922,51,0,0,18,63,33,0,93955,85857,89053,2,0,0,317
0,414,264,26181,4,18332,5902,1,4934,7213,2,717,94152,7479,3,158,4174,1764,318,3,34643,12155,82463,0,0,602,26558,23690,24926,52,0,0,19,60,35,0,94196,86020,89217,2,0,0,317
0,398,263,26191,4,18339,5894,1,4934,7214,2,711,94347,7479,3,157,4380,1707,318,3,34561,11888,82390,0,0,602,26651,23598,24910,51,0,0,18,58,33,0,93762,85666,88777,2,0,0,317
0,423,264,26202,4,18345,5903,1,4934,7213,2,690,94317,7479,3,158,4543,1739,318,3,34982,12347,82504,0,0,602,26306,23965,24950,52,0,0,18,62,33,0,94152,85782,89003,2,0,0,317
0,398,263,26167,4,18336,5897,1,4934,7213,2,690,94202,7479,3,158,4387,1708,318,3,34999,12439,82448,0,0,602,26581,23675,24945,51,0,0,18,61,33,0,94135,85905,89091,2,0,0,317
0,412,265,26173,4,18339,5890,1,4934,7213,2,710,94318,7479,3,156,4267,1707,318,3,34994,12428,82545,0,0,602,26455,23812,24929,52,0,0,18,62,33,0,94311,85845,88965,2,0,0,317
0,421,262,26184,4,18336,5904,1,4934,7213,2,718,94699,7479,3,157,4346,1737,318,3,35152,13062,82621,0,0,602,26662,23636,24939,51,0,0,18,62,33,0,94002,85664,88900,2,0,0,317
0,330,158,833,1,533,789,1,263,502,1,220,15131,202,3,53,3690,663,318,3,7791,6414,4795,0,0,28,1086,1342,1266,15,0,0,18,23,33,0,15791,7416,10587,2,0,0,317
0,425,264,26162,4,18325,5894,1,4934,7213,2,711,94371,7479,3,158,4377,1714,318,3,35035,12688,82574,0,0,602,26594,23686,24966,54,0,0,18,62,33,0,94751,85853,89020,2,0,0,317
1,422,264,26180,4,18331,5898,1,4934,7213,2,708,94530,7479,3,158,4497,1780,318,3,34755,12054,82438,0,0,602,26558,23779,24972,52,0,0,18,65,33,0,94003,85861,89001,2,0,0,317
0,412,263,26171,4,18333,5901,1,4934,7213,2,689,94438,7479,3,158,4163,1682,318,3,35313,12750,82553,0,0,602,26580,23677,24917,51,0,0,18,64,33,0,94142,85671,88994,2,0,0,317
0,395,262,26199,4,18351,5901,1,4934,7213,2,708,93946,7479,3,159,4509,1667,318,3,34588,12196,82459,0,0,602,26542,23722,24946,51,0,0,18,66,33,0,94067,85788,88961,2,0,0,317
0,423,265,26195,4,18343,5903,1,4934,7213,2,702,94475,7479,3,159,4691,1923,318,3,34718,12141,82457,0,0,602,26477,23806,24947,56,0,0,18,65,33,0,94221,85644,88837,2,0,0,317
0,425,262,26200,4,18350,5898,1,4934,7213,2,694,94296,7479,3,158,4567,1817,318,3,35111,12601,82425,0,0,602,26513,23727,24941,50,0,0,18,59,33,0,94194,86285,89659,2,0,0,317
0,398,264,26175,4,18336,5890,1,4934,7213,2,710,94391,7479,3,157,4251,1933,318,3,34713,12293,82431,0,0,602,26643,23645,24962,54,0,0,18,60,33,0,93978,85927,89291,2,0,0,317
0,415,263,26175,4,18331,5898,1,4934,7213,2,719,94819,7479,3,157,4414,1657,318,3,35055,12564,82495,0,0,602,26665,23595,24925,50,0,0,18,67,33,0,94354,86464,89609,2,0,0,317
0,423,264,26180,4,18335,5896,1,4934,7213,2,717,94806,7479,3,158,4334,1935,318,3,34888,12434,82446,0,0,602,26535,23792,24981,51,0,0,18,51,33,0,94780,86350,89534,2,0,0,317
0,420,265,26197,4,18347,5900,1,4934,7213,2,703,94769,7479,3,158,4216,1651,318,3,35154,12396,82551,0,0,602,26425,23832,24945,51,0,0,18,68,33,0,94593,86072,89248,2,0,0,317
0,400,263,26181,4,18340,5898,1,4934,7213,2,713,94591,7479,3,158,4423,1740,318,3,34756,12111,82419,0,0,602,26572,23684,24935,52,0,0,18,70,33,0,94184,85793,89007,2,0,0,317
0,426,265,26182,4,18335,5897,1,4934,7214,2,703,94314,7479,3,158,4547,1724,318,3,34953,12395,82461,0,0,602,26594,23741,24987,51,0,0,18,62,33,0,94641,85883,89159,2,0,0,317
0,424,263,26190,4,18348,5902,1,4934,7213,2,716,94478,7479,3,158,4459,1727,318,3,34952,12410,82611,0,0,602,26623,23699,24982,50,0,0,18,63,33,0,94588,85817,88998,2,0,0,317
0,418,264,26164,4,18334,5902,1,4934,7213,2,710,94586,7479,3,158,4477,1905,318,3,34794,12248,82449,0,0,602,26517,23740,24921,55,0,0,18,67,33,0,94810,85853,89008,2,0,0,317
0,395,264,26177,4,18330,5900,1,4934,7213,2,702,94448,7479,3,158,4397,1894,318,3,34579,12119,82379,0,0,602,26505,23796,24959,49,0,0,18,63,33,0,93645,85677,88882,2,0,0,317
0,335,162,820,1,523,786,1,263,502,1,222,15369,202,3,53,3882,712,318,3,8069,6783,4806,0,0,28,1126,1314,1264,14,0,0,18,23,33,0,15801,7623,10513,2,0,0,317
0,422,264,26198,4,18354,5905,1,4934,7213,2,708,94447,7479,3,158,4497,1754,318,3,35319,12696,82563,0,0,602,26577,23724,24959,50,0,0,18,64,33,0,94304,85964,89054,2,0,0,317
1,312,162,824,1,532,791,1,4934,7213,3,697,94238,7479,3,159,4375,1807,318,3,34533,11974,82489,0,0,602,26583,23703,24959,51,0,0,18,69,33,0,94063,86066,89297,2,0,0,317
0,399,264,26179,4,18343,5898,1,4934,7213,2,702,93827,7479,3,159,4432,2113,318,3,34786,12280,82576,0,0,602,26581,23696,24925,50,0,0,18,70,33,0,93995,85682,89053,2,0,0,317
0,429,265,26186,4,18344,5893,1,4934,7213,2,717,94464,7479,3,158,4274,1808,318,3,34898,12340,82543,0,0,602,26519,23767,24949,51,0,0,18,70,33,0,93913,86076,89385,2,0,0,317
0,427,262,26188,4,18338,5901,1,4934,7213,2,713,94161,7479,3,158,4376,1781,318,3,35205,12927,82484,0,0,602,26509,23738,24932,52,0,0,18,69,33,0,94359,86235,89339,2,0,0,317
0,401,265,26184,4,18333,5899,1,4934,7214,2,708,94305,7479,3,157,4596,1923,318,3,35109,12664,82509,0,0,602,26607,23691,24963,51,0,0,18,60,33,0,94500,85732,89124,2,0,0,317
0,416,263,26168,4,18325,5893,1,4934,7213,2,697,94457,7479,3,158,4194,1817,318,3,35121,12664,82553,0,0,602,26528,23768,24989,55,0,0,18,70,33,0,94281,86212,89355,2,0,0,317
0,420,265,26193,4,18350,5896,1,4934,7213,2,696,94384,7479,3,158,4567,1779,318,3,34685,12168,82406,0,0,602,26589,23676,24968,53,0,0,18,68,33,0,94571,86212,89555,2,0,0,317
0,396,264,26191,10,18348,5910,1,4934,7213,2,731,94153,7479,3,157,4400,1673,318,3,34530,11974,82538,0,0,602,26524,23746,24946,51,0,0,18,68,33,0,94017,85943,89115,2,0,0,317
0,416,264,26197,4,18338,5899,1,4934,7213,2,694,94426,7479,3,159,4224,1746,318,3,34922,12298,82457,0,0,602,26522,23789,24967,51,0,0,18,56,33,0,94281,86337,89548,2,0,0,317
0,399,263,26176,4,18339,5895,1,4934,7213,2,686,93883,7479,3,157,4543,1740,318,3,34866,12016,82510,0,0,602,26539,23748,24979,54,0,0,18,71,33,0,93803,85809,89015,2,0,0,317
0,422,263,26167,4,18321,5887,1,4934,7213,2,717,94647,7479,3,157,4183,1840,318,3,34916,12244,82375,0,0,602,26466,23804,24948,53,0,0,18,69,33,0,94212,86144,89336,2,0,0,317
0,417,265,26176,4,18326,5909,1,4934,7213,2,703,94519,7479,3,158,4682,1772,318,3,34801,12271,82406,0,0,602,26492,23762,24922,51,0,0,18,68,33,0,94223,86208,89387,2,0,0,317
0,396,263,26168,4,18323,5902,1,4934,7213,2,698,94152,7479,3,157,4801,1639,318,3,34493,11850,82460,0,0,602,26483,23796,24951,53,0,0,18,52,33,0,94634,86176,89369,2,0,0,317
0,424,265,26166,4,18329,5896,1,4934,7213,2,710,95067,7479,3,157,4272,1631,318,3,35094,12514,82553,0,0,602,26593,23670,24923,51,0,0,18,66,33,0,94419,86336,89496,2,0,0,317
0,429,263,26188,4,18332,5895,1,4934,7213,2,711,94590,7479,3,157,4575,1655,318,3,34733,12307,82509,0,0,602,26550,23738,24959,55,0,0,18,70,33,0,94386,85657,88780,2,0,0,317
0,416,262,26179,4,18340,5907,1,4934,7213,2,720,94595,7479,3,158,4483,1780,318,3,34758,12250,82443,0,0,602,26436,23819,24932,51,0,0,18,68,33,0,94115,85518,88663,2,0,0,317
0,414,264,26190,4,18344,5906,1,4934,7213,2,705,94147,7479,3,158,4386,1875,318,3,35033,12488,82530,0,0,602,26591,23714,24975,54,0,0,18,73,33,0,94086,85775,88925,2,0,0,317
0,415,262,26185,4,18331,5898,1,4934,7213,2,695,94192,7479,3,158,4432,1844,317,3,35336,12717,82585,0,0,602,26568,23681,24935,54,0,0,18,72,33,0,94326,85981,89154,2,0,0,317
0,423,263,26182,4,18330,5893,1,4934,7213,2,711,94568,7479,3,158,4411,1881,318,3,34571,12149,82466,0,0,602,26666,23650,24966,53,0,0,18,59,33,0,94001,86101,89310,2,0,0,317
0,414,265,26170,4,18329,5893,1,4934,7213,2,705,94338,7479,3,158,4365,1634,318,3,34621,12051,82445,0,0,602,26387,23884,24953,55,0,0,18,64,33,0,94313,85975,89128,2,0,0,317
0,399,263,26179,4,18330,5893,1,4934,7213,2,704,94441,7479,3,158,4471,1953,318,3,34543,11958,82488,0,0,602,26573,23706,24967,52,0,0,18,66,33,0,93857,85605,88770,2,0,0,317
0,398,265,26195,4,18351,5901,1,4934,7213,2,708,94051,7479,3,158,4417,1780,318,3,34746,12133,82398,0,0,602,26577,23688,24930,52,0,0,18,64,33,0,94264,85826,88992,2,0,0,317
0,400,264,26186,4,18354,5898,1,4934,7213,2,704,94269,7479,3,158,4380,1700,318,3,34876,12604,82546,0,0,602,26625,23688,24964,53,0,0,18,68,33,0,94029,85472,88803,2,0,0,317
0,414,264,26173,4,18322,5896,1,4934,7213,2,701,94104,7479,3,159,4317,1657,318,3,35037,12508,82488,0,0,602,26554,23756,24980,53,0,0,18,67,33,0,94236,85900,89063,2,0,0,317
0,424,265,26195,4,18341,5892,1,4934,7213,2,700,94200,7479,3,159,4392,1692,318,3,34507,12115,82480,0,0,602,26534,23717,24939,51,0,0,18,58,33,0,94097,85774,88945,2,0,0,317
0,417,264,26182,4,18342,5894,1,4934,7213,2,726,94703,7479,3,158,4326,1688,318,3,34944,12424,82414,0,0,602,26595,23645,24919,53,0,0,18,57,33,0,94878,86498,89668,2,0,0,317
0,421,264,26197,4,18346,5902,1,4934,7213,2,704,94398,7479,3,158,4258,1763,318,3,34889,12442,82369,0,0,602,26546,23703,24930,52,0,0,18,73,33,0,94234,85555,88693,2,0,0,317
0,416,265,26212,4,18348,5903,1,4934,7213,2,700,94294,7479,3,157,4379,1719,318,3,34792,12233,82474,0,0,602,26481,23806,24966,54,0,0,18,67,33,0,94660,86231,89374,2,0,0,317
0,427,262,26177,4,18331,5891,1,4934,7213,2,711,94721,7479,3,158,4370,1741,318,3,34595,12187,82383,0,0,602,26553,23752,24932,52,0,0,18,62,33,0,94071,85735,88909,2,0,0,317
0,425,265,26188,4,18325,5901,1,4934,7214,2,699,94260,7479,3,159,4162,1665,318,3,34829,12289,82410,0,0,602,26496,23791,24957,51,0,0,18,70,33,0,94385,85774,88967,2,0,0,317
0,417,264,26187,4,18337,5902,1,4934,7213,2,697,94486,7479,3,158,4480,1787,318,3,35107,12629,82509,0,0,602,26616,23694,24991,53,0,0,18,65,33,0,94414,85991,89116,2,0,0,317
0,401,265,26181,4,18338,5893,1,4934,7214,2,697,94087,7479,3,158,4265,1612,318,3,34558,11870,82359,0,0,602,26488,23763,24939,51,0,0,18,61,33,0,94093,86070,89219,2,0,0,317
0,414,262,26188,4,18338,5898,1,4934,7213,2,710,94483,7479,3,157,4526,1707,318,3,34757,12266,82427,0,0,602,26552,23715,24942,52,0,0,18,83,33,0,94362,85419,88587,2,0,0,317
0,333,161,832,1,535,791,1,263,502,1,219,15328,202,3,55,3624,568,318,4,8088,7017,4771,0,0,28,1085,1328,1270,16,0,0,18,23,33,0,15699,7466,10391,2,0,0,317
0,395,265,26189,9,18336,5901,1,4934,7213,2,698,94242,7479,3,156,4459,1801,318,3,34625,12001,82451,0,0,602,26661,23634,24975,51,0,0,18,67,33,0,93951,85644,88789,2,0,0,317
1,425,265,26189,4,18344,5895,1,4934,7213,2,712,94296,7479,3,158,4412,1781,318,3,34843,12370,82512,0,0,602,26523,23744,24952,51,0,0,18,67,33,0,94200,85823,89040,2,0,0,317
0,336,162,827,1,533,791,0,263,502,1,221,15054,202,3,55,3628,669,318,3,7580,6425,4805,0,0,28,1134,1288,1264,16,0,0,18,21,33,0,15819,7705,10595,2,0,0,317
0,430,263,26193,4,18346,5897,1,4934,7213,2,704,93911,7479,3,157,4604,1724,318,3,35010,12567,82430,0,0,602,26455,23772,24915,53,0,0,18,70,33,0,94517,85962,89290,2,0,0,317
1,414,264,26188,4,18344,5908,1,4934,7213,2,698,94132,7479,3,158,4458,1989,318,3,34908,12301,82530,0,0,602,26633,23676,24970,52,0,0,18,56,33,0,94097,86030,89214,2,0,0,317
0,432,264,26187,4,18334,5897,1,4934,7213,2,719,94617,7479,3,157,4488,1711,318,3,34823,12362,82529,0,0,602,26542,23719,24972,54,0,0,18,92,33,0,94289,86001,89120,2,0,0,317
0,398,265,26180,4,18345,5899,1,4934,7213,2,706,94043,7479,3,158,4391,1694,317,3,34367,11896,82501,0,0,602,26511,23746,24930,53,0,0,18,66,33,0,94084,85675,88786,2,0,0,317
0,412,263,26210,4,18354,5900,1,4934,7213,2,719,94143,7479,3,158,4329,1802,318,3,35105,12560,82538,0,0,602,26664,23665,24971,50,0,0,18,76,33,0,94500,85829,88995,2,0,0,316
0,392,264,26185,4,18332,5893,1,4934,7213,2,708,94133,7479,3,158,4162,1741,318,3,34751,12099,82448,0,0,602,26456,23837,24938,54,0,0,18,66,33,0,94221,85787,88976,2,0,0,317
0,427,265,26187,4,18331,5902,1,4934,7213,2,697,94187,7479,3,159,4128,1699,318,3,34959,12460,82553,0,0,602,26630,23642,24964,54,0,0,18,66,33,0,94000,86306,89487,2,0,0,317
0,400,262,26184,4,18333,5901,1,4934,7213,2,708,94320,7479,3,159,4148,1763,318,3,34499,11861,82382,0,0,602,26557,23710,24934,52,0,0,18,58,33,0,94046,85773,88952,2,0,0,317
0,400,264,26170,4,18331,5899,1,4934,7213,2,695,93717,7479,3,160,4428,1684,318,3,34281,11742,82420,0,0,602,26462,23781,24921,54,0,0,18,70,33,0,94296,85371,88596,2,0,0,317
0,415,263,26165,4,18328,5902,1,4934,7213,2,706,94477,7479,3,158,4616,1766,318,3,34595,12134,82523,0,0,602,26571,23746,24988,54,0,0,18,66,33,0,94138,85846,88972,2,0,0,317
0,426,262,26185,4,18331,5896,1,4934,7213,2,718,94583,7479,3,158,4156,1580,377,3,34889,12297,82495,0,0,602,26428,23831,24934,51,0,0,18,55,33,0,94337,85538,88675,2,0,0,317
0,418,262,26175,4,18323,5900,1,4934,7213,2,712,94713,7479,3,158,4260,2020,318,3,35201,12586,82498,0,0,602,26590,23669,24946,52,0,0,18,59,33,0,94442,85747,88892,2,0,0,317
0,424,264,26196,4,18344,5907,1,4934,7213,2,705,94419,7479,3,158,4346,1888,318,3,34883,12222,82493,0,0,602,26640,23656,24978,56,0,0,18,68,33,0,94528,85969,89162,2,0,0,317
0,418,264,26184,4,18336,5898,1,4934,7213,2,690,94588,7479,3,158,4390,1811,318,3,34985,12430,82488,0,0,602,26487,23763,24922,49,0,0,18,69,33,0,93989,85921,89051,2,0,0,317
0,400,263,26177,4,18334,5891,1,4934,7213,2,712,94317,7479,3,157,4510,1918,318,3,34477,11986,82468,0,0,602,26655,23657,24953,51,0,0,18,67,33,0,93506,85536,88708,2,0,0,317
0,414,265,26187,4,18340,5905,1,4934,7213,2,716,94262,7479,3,157,4639,1673,318,3,34644,12047,82416,0,0,602,26661,23574,24912,54,0,0,18,78,33,0,94221,86357,89525,2,0,0,317
0,428,263,26180,4,18330,5888,1,4934,7213,2,707,94044,7479,3,159,4168,1722,317,3,34924,12375,82519,0,0,602,26553,23678,24926,54,0,0,18,69,33,0,94286,85846,88982,2,0,0,317
0,418,265,26190,4,18344,5901,1,4934,7213,2,709,94488,7479,3,159,4304,1861,318,3,35164,12666,82548,0,0,602,26571,23653,24903,52,0,0,18,69,33,0,94432,86769,89891,2,0,0,317
0,426,265,26187,4,18337,5893,1,4934,7213,2,717,94347,7479,3,158,4242,1782,318,3,35157,12638,82491,0,0,602,26648,23673,24986,51,0,0,18,49,33,0,94120,85905,89114,2,0,0,317
0,436,264,26197,4,18336,5894,1,4934,7213,2,701,94482,7479,3,159,4462,1712,318,3,35010,12437,82594,0,0,602,26609,23653,24941,50,0,0,18,59,33,0,94045,85919,89031,2,0,0,317
0,412,262,26182,4,18333,5897,1,4934,7213,2,714,94757,7479,3,158,4218,1769,318,3,34813,12271,82527,0,0,602,26540,23761,24965,53,0,0,18,66,33,0,94037,86031,89186,2,0,0,317
0,434,265,26192,4,18341,5901,1,4934,7213,2,707,94163,7479,3,158,4090,1762,317,3,35071,12266,82465,0,0,602,26595,23662,24937,52,0,0,18,59,33,0,93939,86157,89326,2,0,0,317
0,426,262,26175,4,18317,5890,1,4934,7213,2,712,94434,7479,3,159,4239,1742,318,3,35119,12374,82594,0,0,602,26584,23695,24946,52,0,0,18,64,33,0,94316,85975,89320,2,0,0,317
0,396,265,26185,4,18339,5892,1,4934,7213,2,713,94286,7479,3,159,4346,1823,318,3,34625,12231,82481,0,0,602,26450,23885,24986,54,0,0,18,67,33,0,94042,85920,89048,2,0,0,317
0,418,263,26206,4,18365,5899,1,4934,7213,2,702,94192,7479,3,158,4237,1676,318,3,34777,12155,82440,0,0,602,26635,23653,24956,55,0,0,18,62,33,0,93961,86056,89175,2,0,0,317
0,430,263,26177,4,18325,5910,1,4934,7213,2,702,94473,7479,3,158,4500,1711,317,3,34871,12378,82498,0,0,602,26532,23740,24939,50,0,0,18,62,33,0,94215,86136,89517,2,0,0,317
0,426,264,26161,4,18324,5894,1,4934,7213,2,696,94528,7479,3,158,4390,1720,318,3,34811,12404,82484,0,0,602,26572,23717,24972,51,0,0,18,68,33,0,94446,85778,89100,2,0,0,317
0,357,138,26180,4,18335,5893,1,4934,7213,2,699,93949,7479,3,157,4514,1710,318,3,35209,12729,82489,0,0,602,26579,23687,24954,51,0,0,18,68,33,0,94181,85906,89084,2,0,0,317
0,433,264,26187,4,18330,5895,1,4934,7213,2,715,94477,7479,3,157,4608,1788,318,3,34901,12350,82496,0,0,602,26607,23656,24952,54,0,0,19,61,35,0,94408,86287,89451,2,0,0,317
0,421,264,26180,4,18332,5901,1,4934,7213,2,712,94547,7479,3,157,4255,2140,318,3,34971,12335,82390,0,0,602,26624,23658,24928,51,0,0,18,64,33,0,94057,86231,89645,2,0,0,317
0,423,264,26199,4,18347,5896,1,4934,7213,2,710,94435,7479,3,158,4298,1860,318,3,35154,12372,82542,0,0,602,26577,23682,24946,52,0,0,18,53,33,0,94317,85984,89237,2,0,0,317
0,398,263,26179,4,18325,5893,1,4934,7213,2,714,94247,7479,3,158,4212,1689,318,3,34670,12027,82453,0,0,602,26598,23747,24990,50,0,0,18,61,33,0,94233,85766,89072,2,0,0,316
0,426,264,26208,4,18364,5902,1,4934,7213,2,706,94579,7479,3,158,4444,1819,318,3,34787,12194,82472,0,0,602,26640,23668,24963,51,0,0,18,70,33,0,94396,86194,89392,2,0,0,317
0,426,264,26205,4,18344,5892,1,4934,7213,2,712,94549,7479,3,158,4552,1907,318,3,34924,12431,82426,0,0,602,26530,23740,24936,54,0,0,18,66,33,0,94173,86122,89271,2,0,0,317
0,396,264,26177,4,18324,5895,1,4934,7214,2,709,94316,7479,3,158,4531,1721,318,3,34613,12039,82460,0,0,602,26622,23681,24954,54,0,0,18,58,33,0,94295,86013,89159,2,0,0,317
0,426,262,26192,4,18345,5901,1,4934,7213,2,696,94369,7479,3,157,4389,2131,318,3,34844,12252,82527,0,0,602,26686,23616,24972,53,0,0,18,64,33,0,94531,85826,88989,2,0,0,317
0,415,262,26167,4,18325,5896,1,4934,7213,2,720,94493,7479,3,158,4368,1798,318,3,34889,12303,82446,0,0,602,26511,23786,24957,52,0,0,18,70,33,0,94470,85623,88794,2,0,0,317
0,400,264,26180,4,18341,5894,1,4934,7213,2,702,93905,7479,3,158,4147,1703,318,3,34867,12243,82514,0,0,602,26678,23593,24930,51,0,0,18,69,33,0,94326,85803,88985,2,0,0,317
0,420,265,26179,4,18335,5895,1,4934,7213,2,709,94408,7479,3,158,4255,1866,318,3,34881,12426,82491,0,0,602,26541,23705,24922,53,0,0,18,66,33,0,94469,85956,89093,2,0,0,317
0,431,264,26171,4,18332,5891,1,4934,7213,2,732,94599,7479,3,157,4565,1921,318,3,35127,12388,82413,0,0,602,26590,23645,24928,50,0,0,18,68,33,0,94274,85826,89000,2,0,0,317
0,427,263,26194,4,18338,5895,1,4934,7213,2,722,94526,7479,3,157,4035,1757,318,3,34792,12330,82472,0,0,602,26536,23747,24949,54,0,0,18,67,33,0,94317,86306,89630,2,0,0,317
0,425,263,26185,4,18333,5896,1,4934,7213,2,706,94088,7479,3,157,4406,1870,318,3,35010,12493,82495,0,0,602,26647,23677,24990,53,0,0,18,70,33,0,94467,86013,89225,2,0,0,317
0,397,263,26197,4,18350,5897,1,4934,7213,2,714,94471,7479,3,159,4105,1765,318,3,34864,12398,82370,0,0,602,26604,23712,24979,54,0,0,18,67,33,0,93874,85842,89004,2,0,0,317
0,424,263,26183,4,18332,5906,1,4934,7213,2,711,94330,7479,3,157,4623,1776,318,3,35292,12663,82510,0,0,602,26608,23649,24920,53,0,0,18,64,33,0,94392,86133,89313,2,0,0,317
0,348,264,26164,4,18319,5892,1,4934,7213,2,685,93921,7479,3,158,4205,1685,318,3,34314,11865,82440,0,0,602,26548,23693,24927,51,0,0,19,62,35,0,93837,85238,88418,2,0,0,317
0,398,262,26189,4,18344,5901,1,4934,7213,2,706,93946,7479,3,159,4542,1742,318,3,34683,12245,82350,0,0,602,26511,23767,24935,51,0,0,18,58,33,0,93990,85997,89125,2,0,0,317
0,426,265,26171,4,18326,5891,1,4934,7213,2,713,94443,7479,3,158,4348,1758,318,3,34793,12211,82536,0,0,602,26548,23681,24914,51,0,0,18,75,33,0,94224,85868,89056,2,0,0,317
0,399,263,26185,4,18328,5895,1,4934,7214,2,707,94151,7479,3,158,4251,1796,318,3,34559,11952,82444,0,0,602,26540,23719,24939,50,0,0,18,71,33,0,94039,86183,89335,2,0,0,317
0,396,264,26169,4,18319,5904,1,4934,7213,2,717,94459,7479,3,157,4403,1863,318,3,34872,12222,82487,0,0,602,26711,23637,24997,54,0,0,18,66,33,0,94290,85908,89031,2,0,0,317
0,431,262,26183,4,18332,5897,1,4934,7213,2,721,94531,7479,3,158,4436,1727,318,3,35010,12224,82401,0,0,602,26585,23702,24960,53,0,0,18,61,33,0,94298,86234,89525,2,0,0,317
0,432,263,26196,4,18339,5888,1,4934,7213,2,703,94288,7479,3,157,4344,1696,317,3,35113,12683,82485,0,0,602,26633,23676,24975,52,0,0,18,59,33,0,94243,85970,89279,2,0,0,316
1,359,293,26575,5,18556,6070,1,5050,7388,2,715,95322,7677,3,184,4153,1972,318,3,34790,12058,83658,0,0,623,26998,24042,25336,83,0,0,18,92,33,0,95642,87119,90284,2,0,0,317
0,427,265,26189,4,18343,5895,1,263,502,1,221,15377,7479,3,158,4545,1752,318,3,34854,12269,82558,0,0,602,26619,23658,24968,55,0,0,18,21,33,0,15557,86070,89249,2,0,0,317
0,429,262,26168,4,18329,5894,1,4934,7213,2,704,94326,7479,3,158,4575,1748,318,3,34658,12067,82355,0,0,602,26625,23664,24958,51,0,0,18,63,33,0,94365,86536,89720,2,0,0,317
1,343,267,33718,5,23633,7298,1,6311,9124,2,738,115323,9539,3,160,4205,2059,318,3,41408,12116,104184,0,0,752,33635,29994,31796,40,0,0,18,54,33,0,115875,106913,110281,2,0,0,317
0,428,262,26185,4,18344,5898,1,4934,7213,2,708,94652,7479,3,157,4196,1668,318,3,35137,12470,82554,0,0,602,26604,23643,24936,52,0,0,18,60,33,0,94728,86321,89485,2,0,0,317
0,412,263,26181,4,18330,5898,1,4934,7213,2,714,94482,7479,3,158,4524,1659,318,3,34973,12405,82429,0,0,602,26534,23743,24965,49,0,0,18,67,33,0,93961,86232,89398,2,0,0,317
0,429,263,26180,4,18333,5894,1,4934,7213,2,700,94310,7479,3,157,4417,1798,318,3,34868,12467,82466,0,0,602,26451,23782,24925,53,0,0,18,66,33,0,94425,85775,89206,2,0,0,317
0,424,259,26180,4,18327,5892,1,4934,7213,2,707,94175,7479,3,157,4367,1759,318,3,35207,12597,82468,0,0,602,26641,23610,24936,51,0,0,18,57,33,0,94646,85881,89036,2,0,0,317
0,414,264,26206,4,18346,5899,1,4934,7213,2,710,94386,7479,3,157,4050,1774,318,3,34889,12066,82390,0,0,602,26615,23680,24943,52,0,0,18,52,33,0,94549,86077,89216,2,0,0,317
0,421,263,26176,4,18330,5893,1,4934,7213,2,695,94199,7479,3,158,4219,1688,318,3,35058,12473,82487,0,0,602,26447,23812,24968,52,0,0,19,59,35,0,94547,86202,89420,2,0,0,317
0,428,263,26169,4,18338,5893,1,4934,7213,2,696,94259,7479,3,157,4655,1727,318,3,34658,12264,82459,0,0,602,26645,23659,24965,54,0,0,18,60,33,0,94214,86078,89198,2,0,0,317
0,394,263,26174,4,18317,5894,1,4934,7213,2,694,93886,7479,3,158,4460,1849,318,3,34656,12293,82449,0,0,602,26564,23684,24920,52,0,0,18,59,33,0,94140,86005,89175,2,0,0,317
0,398,264,26181,4,18328,5896,1,4934,7213,2,713,94311,7479,3,158,4582,1755,318,3,34843,12191,82488,0,0,602,26610,23661,24934,53,0,0,18,68,33,0,94237,85715,88883,2,0,0,317
0,429,265,26163,4,18327,5891,1,4934,7213,2,715,94421,7479,3,157,4323,1715,318,3,34831,12256,82483,0,0,602,26566,23697,24946,54,0,0,18,101,33,0,94191,86228,89409,2,0,0,317
0,422,263,26182,4,18333,5898,1,4934,7213,2,702,94712,7479,3,158,4294,1771,318,3,35080,12252,82454,0,0,602,26646,23615,24949,50,0,0,18,51,33,0,94671,86038,89219,2,0,0,317
0,417,263,26189,4,18330,5902,1,4934,7213,2,699,94201,7479,3,157,4227,1790,318,3,34998,12434,82505,0,0,602,26598,23641,24925,52,0,0,18,63,33,0,94663,86129,89467,2,0,0,317
0,426,263,26183,4,18341,5891,1,4934,7213,2,704,94370,7479,3,158,4297,1707,318,3,35180,12746,82556,0,0,602,26563,23729,24956,50,0,0,18,60,33,0,94313,85959,89296,2,0,0,317
0,417,264,26185,4,18340,5897,1,4934,7213,2,711,94483,7479,3,156,4235,1665,318,3,35125,12437,82462,0,0,602,26506,23807,24976,50,0,0,18,64,33,0,94374,86366,89520,2,0,0,317
0,422,261,26180,4,18332,5901,1,4934,7213,2,694,94327,7479,3,157,4416,1692,318,3,35258,12593,82572,0,0,602,26608,23668,24965,51,0,0,18,60,33,0,93860,85816,88954,2,0,0,317
0,350,264,26177,4,18333,5889,1,4934,7213,2,685,93873,7479,3,157,4477,1696,318,3,34456,11959,82441,0,0,602,26468,23770,24925,51,0,0,18,70,33,0,93783,85271,88478,2,0,0,317
0,420,263,26177,4,18337,5897,1,4934,7213,2,703,94136,7479,3,158,4558,1684,318,3,34809,12246,82407,0,0,602,26630,23711,24990,53,0,0,19,63,35,0,94271,86370,89531,2,0,0,317
0,395,263,26193,9,18345,5899,1,4934,7213,2,705,93950,7479,3,158,3953,1769,318,3,34577,11917,82455,0,0,602,26585,23686,24937,53,0,0,18,62,33,0,93677,85611,88782,2,0,0,317
0,425,264,26175,4,18322,5895,1,4934,7213,2,714,94142,7479,3,158,4334,1680,318,3,35061,12598,82508,0,0,602,26436,23829,24928,52,0,0,18,77,33,0,94476,85930,89242,2,0,0,375
0,348,264,26177,4,18325,5893,1,4934,7213,2,690,93651,7479,3,157,4018,1700,317,3,34396,11554,82313,0,0,602,26600,23666,24967,54,0,0,18,62,33,0,93499,85665,88844,2,0,0,317
0,419,262,26196,4,18348,5905,1,4934,7213,2,715,94179,7479,3,158,4396,1757,318,3,34836,12346,82528,0,0,602,26544,23741,24961,54,0,0,18,64,33,0,94314,85842,89060,2,0,0,317
0,397,263,26191,9,18332,5899,0,4934,7213,2,722,94117,7479,3,157,4539,1747,318,3,34738,12292,82490,0,0,602,26582,23688,24937,52,0,0,19,66,35,0,94127,85760,89190,2,0,0,317
0,399,265,26177,4,18326,5907,1,4934,7213,2,722,94315,7479,3,158,4138,1657,318,3,34462,11898,82414,0,0,602,26553,23700,24926,53,0,0,18,67,33,0,94107,85532,88696,2,0,0,317
1,350,265,26205,4,18348,5907,1,4942,7218,2,676,93740,7484,3,156,4342,1480,318,3,34454,11990,82555,0,0,602,26621,23732,24965,56,0,0,18,66,33,0,93810,85649,88780,2,0,0,317
0,399,264,26165,4,18322,5897,1,4934,7213,2,723,94472,7479,3,158,4580,1748,318,3,34560,11731,82348,0,0,602,26541,23718,24947,53,0,0,18,66,33,0,94162,85472,88611,2,0,0,317
0,398,263,26176,9,18333,5894,1,4934,7213,2,710,94063,7479,3,158,4413,1552,318,3,34466,11909,82344,0,0,602,26579,23685,24965,52,0,0,18,63,33,0,94165,85998,89173,2,0,0,317
0,428,264,26184,4,18335,5899,1,4934,7213,2,712,94277,7479,3,157,4524,1650,318,3,34644,12111,82400,0,0,602,26587,23657,24923,53,0,0,18,56,33,0,94541,86340,89532,2,0,0,317
0,420,264,26155,4,18319,5896,1,4934,7213,2,706,94315,7479,3,158,4511,1817,318,3,34902,12318,82560,0,0,602,26617,23655,24960,53,0,0,18,59,33,0,94297,85790,88948,2,0,0,317
0,421,263,26202,4,18357,5899,1,4934,7213,2,697,94154,7479,3,158,4398,1850,318,3,35101,12597,82460,0,0,602,26598,23677,24949,52,0,0,18,72,33,0,94301,86150,89302,2,0,0,317
0,420,265,26205,4,18354,5894,1,4934,7213,2,694,94266,7479,3,158,4650,1820,318,3,34792,12268,82506,0,0,602,26559,23691,24922,53,0,0,18,68,33,0,94583,85869,88991,2,0,0,317
0,396,263,26176,4,18330,5895,1,4934,7213,2,709,94102,7479,3,158,4584,1688,318,3,34816,12204,82447,0,0,602,26598,23669,24928,52,0,0,18,68,33,0,94102,85658,88833,2,0,0,317
0,422,264,26181,4,18328,5896,1,4934,7213,2,716,94293,7479,3,158,4402,1874,318,3,35150,12516,82609,0,0,602,26571,23697,24918,52,0,0,18,62,33,0,94480,85826,89141,2,0,0,317
0,431,264,26183,4,18326,5907,1,4934,7213,2,713,94261,7479,3,158,4075,1779,318,3,34600,12002,82518,0,0,602,26567,23718,24950,51,0,0,18,60,33,0,94459,85608,88795,2,0,0,317
0,426,265,26185,4,18332,5897,1,4934,7213,2,691,94237,7479,3,159,4187,1740,372,3,34607,11809,82444,0,0,602,26578,23741,24970,53,0,0,18,65,33,0,94260,86169,89327,2,0,0,317
0,396,264,26199,9,18350,5912,1,4934,7213,2,708,94229,7479,3,157,4280,1922,318,3,34483,11991,82465,0,0,602,26585,23707,24979,51,0,0,18,64,33,0,94471,85789,89008,2,0,0,317
0,418,263,26182,4,18331,5897,1,4934,7213,2,714,94502,7479,3,159,4437,1942,318,3,34691,11868,82373,0,0,602,26554,23705,24920,52,0,0,18,72,33,0,94554,85961,89145,2,0,0,317
0,346,273,37305,6,26108,7974,1,6962,10001,2,734,125587,10476,3,165,4161,2076,318,3,44764,12085,113578,0,0,812,36665,32322,35083,43,0,0,18,45,35,2,125086,116993,120530,3,0,0,317
1,426,265,26184,4,18340,5897,1,4934,7213,2,705,94154,7479,3,158,4431,1725,318,3,35047,12564,82507,0,0,602,26588,23731,24971,52,0,0,18,69,33,0,94264,85640,88805,2,0,0,317
0,411,265,26165,4,18329,5891,1,4934,7213,2,719,94573,7479,3,159,4697,1628,318,3,34572,11994,82407,0,0,602,26552,23720,24978,52,0,0,18,59,33,0,94181,85969,89148,2,0,0,317
0,396,262,26188,4,18347,5905,1,4934,7213,2,699,94116,7479,3,157,4345,1686,318,3,34716,12107,82381,0,0,602,26537,23743,24938,49,0,0,19,69,35,0,93784,85605,88794,2,0,0,317
0,422,264,26167,4,18324,5894,1,4934,7213,2,697,94594,7479,3,158,4286,1621,318,3,34580,11973,82414,0,0,602,26463,23774,24909,50,0,0,18,72,33,0,94596,86221,89389,2,0,0,317
0,416,264,26207,4,18343,5909,1,4934,7213,2,723,94468,7479,3,158,4655,1727,318,3,34864,12393,82470,0,0,602,26549,23691,24905,50,0,0,18,66,33,0,94640,85803,88964,2,0,0,317
0,398,265,26186,4,18345,5897,1,4934,7213,2,706,94017,7479,3,159,4399,1808,317,3,34752,12082,82434,0,0,602,26659,23640,24949,50,0,0,18,69,33,0,94211,85663,88827,2,0,0,317
0,423,263,26199,4,18349,5900,1,4934,7213,2,699,94654,7479,3,159,4153,1728,318,3,35172,12661,82442,0,0,602,26615,23637,24908,52,0,0,18,62,32,0,94018,85776,89083,2,0,0,317
0,415,260,26160,4,18325,5898,1,4934,7213,2,703,94615,7479,3,158,4460,1625,318,3,35432,12712,82537,0,0,602,26534,23715,24943,51,0,0,18,65,33,0,94514,86314,89507,2,0,0,317
0,427,264,26184,4,18337,5901,1,4934,7213,2,710,94641,7479,3,158,4254,1703,318,3,34983,12438,82320,0,0,602,26491,23815,24961,51,0,0,18,59,33,0,94325,85595,88719,2,0,0,316
0,421,264,26169,4,18329,5897,1,4934,7213,2,716,94406,7479,3,157,4452,1925,318,3,34962,12386,82587,0,0,602,26483,23789,24944,52,0,0,18,67,33,0,93868,85801,88971,2,0,0,317
0,401,265,26175,4,18320,5896,1,4934,7213,2,705,94355,7479,3,158,4426,1716,318,3,34824,12250,82400,0,0,602,26510,23765,24942,52,0,0,18,60,33,0,94003,85932,89118,2,0,0,317
0,397,264,26194,4,18343,5904,1,4934,7213,2,702,93988,7479,3,158,4190,1926,318,3,34582,11994,82443,0,0,602,26602,23667,24954,54,0,0,18,64,33,0,93900,86136,89267,2,0,0,317
0,418,262,26175,4,18328,5895,1,4934,7213,2,703,94147,7479,3,158,4333,1709,317,3,34931,12558,82452,0,0,602,26546,23721,24946,52,0,0,18,70,33,0,94004,86121,89269,2,0,0,317
0,400,264,26197,4,18342,5902,1,4934,7213,2,709,94036,7479,3,158,4266,1655,318,3,34856,12157,82386,0,0,602,26480,23812,24926,53,0,0,18,60,33,0,94225,85783,88953,2,0,0,317
0,398,262,26171,4,18330,5905,1,4934,7213,2,710,94426,7479,3,158,4399,1759,318,3,34238,11634,82406,0,0,602,26559,23745,24958,51,0,0,18,66,33,0,94388,86045,89229,2,0,0,368
0,422,265,26175,4,18328,5900,1,4934,7213,2,718,94309,7479,3,158,4053,1879,317,3,34961,12615,82545,0,0,602,26488,23779,24946,53,0,0,18,65,33,0,94221,86229,89516,2,0,0,317
0,417,262,26190,4,18344,5904,1,4934,7214,2,698,94216,7479,3,159,4252,1681,318,3,34958,12514,82437,0,0,602,26552,23700,24936,52,0,0,18,53,33,0,94104,85964,89340,2,0,0,317
0,417,262,26190,4,18345,5889,1,4934,7213,2,706,94280,7479,3,159,4672,1927,318,3,34929,12462,82510,0,0,602,26566,23715,24950,51,0,0,18,67,33,0,93902,86210,89397,2,0,0,317
0,429,264,26193,4,18346,5909,1,4934,7213,2,723,94636,7479,3,158,4356,1663,318,3,34852,12158,82526,0,0,602,26426,23841,24933,53,0,0,18,79,33,0,94730,86153,89319,2,0,0,317
0,419,264,26185,4,18340,5897,1,4934,7213,2,708,94323,7479,3,159,4546,1644,318,4,34844,12417,82420,0,0,602,26481,23812,24953,51,0,0,18,81,33,0,94387,86275,89439,2,0,0,317
0,433,263,26203,4,18350,5899,1,4934,7213,2,702,94193,7479,3,158,3985,1762,318,3,34995,12361,82405,0,0,602,26510,23818,24970,54,0,0,18,68,33,0,93963,86004,89170,2,0,0,317
0,399,264,26176,4,18334,5900,1,4934,7213,2,725,93976,7479,3,158,4350,1765,318,3,34837,12080,82356,0,0,602,26454,23819,24950,51,0,0,18,59,33,0,93944,85553,88724,2,0,0,317
0,421,265,26185,4,18343,5902,1,4934,7213,2,718,94536,7479,3,158,4622,1695,318,3,34853,12540,82388,0,0,602,26592,23691,24959,52,0,0,18,58,33,0,94109,85716,88891,2,0,0,317
0,426,264,26191,4,18339,5904,1,4934,7213,2,707,94495,7479,3,158,4261,1742,318,3,35064,12543,82464,0,0,602,26525,23723,24920,50,0,0,18,64,33,0,94568,85833,89049,2,0,0,317
0,339,161,814,1,523,786,1,263,502,1,223,14977,202,3,54,3789,635,318,3,8143,6849,4784,0,0,28,1089,1333,1263,16,0,0,18,22,33,0,15927,7664,10592,2,0,0,317
1,426,265,26181,4,18333,5886,1,4934,7213,2,713,94326,7479,3,159,4358,1689,318,3,34793,12343,82657,0,0,602,26588,23678,24941,53,0,0,18,63,33,0,94451,86128,89297,2,0,0,317
0,420,264,26186,4,18334,5894,1,4934,7213,2,711,94232,7479,3,158,4475,1628,318,5,35169,12681,82510,0,0,602,26580,23747,24964,53,0,0,18,60,33,0,93961,85880,89012,2,0,0,317
0,419,265,26158,4,18320,5890,1,4934,7213,2,707,94547,7479,3,157,4562,1567,318,3,34903,12398,82490,0,0,602,26491,23778,24946,52,0,0,18,69,33,0,94187,86106,89267,2,0,0,317
0,422,263,26182,4,18328,5894,1,4934,7213,2,699,94288,7479,3,158,4488,1823,318,3,35166,12660,82589,0,0,602,26650,23633,24967,53,0,0,18,72,33,0,94040,85970,89178,2,0,0,317
0,347,263,26181,4,18332,5899,1,4934,7213,2,693,93812,7479,3,157,4175,1757,318,3,34121,11661,82316,0,0,602,26591,23656,24917,49,0,0,18,65,33,0,93866,85296,88537,2,0,0,317
0,429,265,26171,4,18328,5899,1,4934,7213,2,707,94602,7479,3,158,4477,1834,318,3,35058,12526,82473,0,0,602,26632,23648,24961,52,0,0,18,66,33,0,94034,86183,89410,2,0,0,317
0,396,264,26197,4,18338,5898,1,4934,7213,2,727,94384,7479,3,158,4361,1948,318,3,34725,12099,82398,0,0,602,26640,23764,24959,54,0,0,18,57,33,0,94100,85676,88856,2,0,0,317
0,430,265,26181,4,18341,5893,1,4934,7213,2,711,94580,7479,3,157,4516,1915,318,3,34507,11933,82375,0,0,602,26562,23725,24929,54,0,0,18,59,33,0,94312,86261,89434,2,0,0,317
0,423,265,26183,4,18337,5894,1,4934,7213,2,717,94262,7479,3,158,4405,1906,318,3,34814,12320,82473,0,0,602,26500,23758,24945,54,0,0,18,58,33,0,94384,86057,89187,2,0,0,317
0,397,262,26186,4,18340,5896,1,4934,7213,2,704,93933,7479,3,158,4543,1780,318,3,34795,12218,82397,0,0,602,26490,23749,24918,49,0,0,18,64,33,0,94002,86076,89476,2,0,0,317
0,424,265,26181,4,18325,5894,1,4934,7213,2,700,94238,7479,3,158,4505,1694,318,3,34626,12122,82442,0,0,602,26639,23651,24976,54,0,0,18,68,33,0,94300,86009,89173,2,0,0,317
0,433,265,26173,4,18329,5895,1,4934,7213,2,707,94524,7479,3,158,4485,1794,318,3,34985,12358,82481,0,0,602,26575,23738,24992,53,0,0,18,61,33,0,94227,86345,89503,2,0,0,317
0,423,264,26197,4,18356,5901,1,4934,7213,2,714,94366,7479,3,158,4624,1680,318,3,34815,12278,82374,0,0,602,26572,23742,24979,53,0,0,18,61,33,0,94047,85385,88714,2,0,0,317
0,417,263,26194,4,18343,5896,1,4934,7213,2,709,94382,7479,3,158,4282,1749,318,3,35330,12622,82400,0,0,602,26622,23650,24948,52,0,0,18,62,33,0,94228,86306,89434,2,0,0,317
0,416,264,26186,4,18338,5900,1,4934,7213,2,701,93903,7479,3,158,4439,1780,318,3,35084,12564,82530,0,0,602,26617,23645,24935,51,0,0,18,80,33,0,94020,86177,89325,2,0,0,317
0,422,265,26189,4,18349,5899,1,4934,7213,2,696,94231,7479,3,159,4219,1921,318,3,34523,11991,82444,0,0,602,26612,23705,24976,51,0,0,18,88,33,0,94147,85880,89050,2,0,0,317
0,311,162,830,1,533,788,1,4934,7213,3,719,94222,7479,3,159,4335,1929,318,3,34757,12380,82481,0,0,602,26642,23680,24978,53,0,0,18,64,33,0,93927,86014,89226,2,0,0,317
0,425,263,26188,4,18333,5892,1,4934,7213,2,709,94426,7479,3,158,4331,1921,318,3,35098,12523,82548,0,0,602,26566,23699,24950,53,0,0,18,51,33,0,94508,86049,89163,2,0,0,317
0,400,265,26180,4,18334,5894,1,4934,7213,2,693,94013,7479,3,158,4688,1662,318,3,34522,11767,82442,0,0,602,26557,23687,24909,52,0,0,18,66,33,0,93979,85667,88784,2,0,0,317
0,418,265,26181,4,18330,5902,1,4934,7213,2,716,94423,7479,3,158,4297,1730,318,3,35383,12807,82579,0,0,602,26581,23665,24924,53,0,0,18,66,33,0,94347,86183,89360,2,0,0,317
0,433,264,26200,4,18346,5901,1,4934,7214,2,724,94676,7479,3,158,4485,1714,318,3,34794,12083,82415,0,0,602,26590,23700,24953,50,0,0,18,70,33,0,94100,85844,89006,2,0,0,317
0,399,263,26186,4,18331,5890,1,4934,7213,2,707,94033,7479,3,158,4116,1779,318,3,34676,12068,82383,0,0,602,26571,23681,24933,54,0,0,18,58,33,0,93849,85802,89150,2,0,0,317
0,415,262,26183,4,18333,5888,1,263,502,1,219,15006,202,3,55,3677,753,318,3,7853,6413,4800,0,0,28,1122,1310,1265,15,0,0,18,22,33,0,15513,7488,10452,2,0,0,317
1,416,265,26179,4,18326,5894,1,4934,7213,2,702,94565,7479,3,157,4263,1755,318,3,34845,12370,82352,0,0,602,26556,23678,24917,53,0,0,18,64,33,0,94685,86385,89530,2,0,0,317
0,401,264,26188,4,18340,5892,1,4934,7213,2,711,93949,7479,3,158,4370,1761,318,3,34805,12137,82411,0,0,602,26612,23664,24970,52,0,0,18,63,33,0,94252,85703,89080,2,0,0,317
0,423,263,26186,4,18336,5897,1,4934,7213,2,713,94567,7479,3,158,4403,1736,318,3,34912,12390,82381,0,0,602,26667,23663,24987,51,0,0,18,57,33,0,94209,86380,89612,2,0,0,317
0,421,264,26173,4,18330,5896,1,4934,7213,2,697,94542,7479,3,157,4331,1704,318,3,35244,12772,82540,0,0,602,26615,23658,24920,54,0,0,18,66,33,0,94296,86165,89459,2,0,0,317
0,426,265,26191,4,18345,5903,1,4934,7213,2,726,94742,7479,3,159,4607,1733,318,3,34655,12119,82427,0,0,602,26653,23640,24952,49,0,0,18,65,33,0,94435,85942,89297,2,0,0,317
0,429,264,26180,4,18323,5904,1,4934,7213,2,728,94572,7479,3,158,4168,1869,318,3,34968,12249,82484,0,0,602,26439,23805,24941,52,0,0,18,62,33,0,94436,86151,89246,2,0,0,317
0,313,161,828,1,529,789,1,263,502,1,219,15031,202,3,54,3439,632,318,3,7536,6349,4776,0,0,28,1131,1309,1262,15,0,0,18,23,33,0,15518,7104,10025,2,0,0,317
1,427,265,26199,4,18348,5903,1,4934,7214,2,724,94358,7479,3,158,4498,1780,318,3,34844,12238,82453,0,0,602,26578,23727,24981,53,0,0,18,71,33,0,94592,85618,88809,2,0,0,317
0,398,262,26183,4,18328,5893,1,4934,7213,2,705,94059,7479,3,158,4506,1722,318,3,34789,12190,82457,0,0,602,26543,23717,24939,53,0,0,18,63,33,0,94131,85690,88855,2,0,0,317
0,426,265,26168,4,18328,5905,1,4934,7213,2,709,94581,7479,3,157,4447,1660,318,4,35143,12701,82509,0,0,602,26495,23776,24979,55,0,0,18,79,33,0,94457,85988,89170,2,0,0,317
0,400,264,26183,9,18338,5904,1,4934,7213,2,701,93900,7479,3,157,4278,2007,318,3,34974,12304,82457,0,0,602,26405,23879,24955,53,0,0,18,66,33,0,94102,85791,88910,2,0,0,317
0,346,245,21790,2,15274,5030,1,4112,6035,2,628,81015,6210,3,137,4026,1663,318,3,29898,11062,70047,0,0,512,22586,20303,20895,39,0,0,18,64,33,0,80356,72301,75445,2,0,0,317
1,415,263,26177,4,18336,5894,1,4934,7213,2,719,94879,7479,3,158,4167,1739,318,3,35008,12480,82512,0,0,602,26438,23818,24949,51,0,0,18,67,33,0,93996,85875,89029,2,0,0,317
0,422,264,26207,4,18357,5906,1,4934,7213,2,695,94262,7479,3,158,4260,1706,318,3,35228,12684,82478,0,0,602,26525,23718,24923,51,0,0,18,71,33,0,94548,85962,89161,2,0,0,317
0,430,264,26175,4,18310,5892,1,4934,7213,2,710,94247,7479,3,157,4433,1655,319,3,34793,12342,82520,0,0,602,26613,23648,24940,51,0,0,18,58,33,0,94077,86156,89444,2,0,0,317
0,418,264,26169,4,18339,5897,1,4934,7213,2,699,94311,7479,3,158,4448,1648,318,3,34827,12078,82474,0,0,602,26636,23676,24976,53,0,0,18,66,33,0,94268,86024,89130,2,0,0,317
0,425,265,26191,4,18337,5890,1,4934,7213,2,700,94745,7479,3,159,4624,1743,318,3,34382,11833,82390,0,0,602,26588,23711,24992,53,0,0,18,67,33,0,94532,86532,89728,2,0,0,317
0,425,263,26189,4,18351,5896,1,4934,7213,3,724,94590,7479,3,159,4458,1708,318,3,34995,12133,82405,0,0,602,26610,23621,24911,53,0,0,18,65,33,0,94545,85717,89081,2,0,0,317
0,414,263,26183,4,18343,5910,1,4934,7213,2,709,94874,7479,3,158,4474,1671,318,3,35035,12383,82566,0,0,602,26566,23715,24970,50,0,0,18,67,33,0,94106,85989,89133,2,0,0,317
0,419,264,26178,4,18329,5896,1,4934,7213,2,717,94356,7479,3,158,4261,1854,319,3,35037,12581,82413,0,0,602,26556,23714,24928,52,0,0,18,64,33,0,94500,85681,88843,2,0,0,317
0,392,264,26193,4,18341,5905,1,4934,7213,2,706,93827,7479,3,158,4414,1733,318,3,34634,11932,82358,0,0,602,26506,23754,24964,52,0,0,18,64,33,0,94228,86060,89232,2,0,0,317
0,418,262,26195,4,18348,5903,1,4934,7213,2,707,94286,7479,3,158,4628,1726,318,3,34861,12403,82379,0,0,602,26558,23681,24918,51,0,0,18,67,33,0,93994,86347,89523,2,0,0,317
0,415,264,26187,4,18333,5897,1,4934,7213,2,705,94485,7479,3,158,4534,1644,317,3,34674,12345,82414,0,0,602,26476,23790,24952,51,0,0,19,62,36,0,94367,85983,89187,2,0,0,317
0,417,265,26160,4,18326,5891,1,4934,7213,3,723,94542,7479,3,160,4398,1726,318,3,34822,12244,82402,0,0,602,26612,23625,24922,53,0,0,18,60,33,0,94311,86039,89346,2,0,0,317
0,422,265,26210,4,18350,5902,1,4934,7213,2,708,94828,7479,3,157,4367,1628,318,3,35384,12971,82439,0,0,602,26578,23675,24931,53,0,0,18,68,33,0,93882,86033,89258,2,0,0,317
0,420,265,26180,4,18344,5913,1,4934,7213,2,704,94331,7479,3,158,4479,1740,318,3,34762,12271,82504,0,0,602,26572,23700,24930,53,0,0,18,71,33,0,94541,85919,89075,2,0,0,317
0,428,264,26198,4,18339,5898,1,4934,7213,2,704,94404,7479,3,158,4302,1772,318,3,34966,12284,82547,0,0,602,26611,23716,24978,53,0,0,18,72,33,0,94092,85990,89147,2,0,0,317
0,419,265,26180,4,18334,5898,1,4934,7214,2,706,94220,7479,3,159,4295,1824,318,3,34550,11885,82374,0,0,602,26601,23637,24907,51,0,0,18,67,33,0,94735,86099,89485,2,0,0,317
0,411,264,26193,4,18342,5898,1,4934,7213,2,714,94873,7479,3,158,4408,1728,318,3,34872,12358,82457,0,0,602,26589,23704,24948,51,0,0,18,86,33,0,94632,85974,89163,2,0,0,317
0,398,264,26176,4,18331,5897,1,4934,7213,2,725,94427,7479,3,158,4190,1731,317,3,34866,12273,82530,0,0,602,26615,23752,24930,51,0,0,18,68,33,0,93994,85401,88737,2,0,0,317
0,418,265,26193,4,18336,5897,1,263,502,1,223,15298,202,3,55,3640,572,318,3,7614,6538,4790,0,0,28,1086,1340,1272,14,0,0,18,22,33,0,15580,7762,10674,2,0,0,317
1,431,264,26170,4,18329,5895,1,4934,7213,2,713,94181,7479,3,158,4076,1671,318,3,34454,12079,82397,0,0,602,26636,23683,24980,52,0,0,18,67,33,0,94682,85755,89130,2,0,0,317
0,416,263,26161,4,18328,5904,1,4934,7213,2,726,94689,7479,3,158,4574,1694,318,3,34821,12251,82513,0,0,602,26580,23694,24961,54,0,0,18,66,33,0,94176,85906,89051,2,0,0,317
0,415,265,26150,4,18319,5895,1,4934,7213,2,717,94783,7479,3,158,4351,1723,317,3,35000,12580,82469,0,0,602,26483,23789,24945,53,0,0,18,72,33,0,94054,85396,88681,2,0,0,317
0,417,262,26196,4,18341,5898,1,4934,7213,2,702,94249,7479,3,158,4261,1776,318,3,35082,12630,82406,0,0,602,26608,23688,24951,52,0,0,18,74,33,0,94290,85897,89044,2,0,0,317
0,419,264,26172,4,18327,5889,1,4934,7213,2,707,94474,7479,3,160,4483,1665,318,3,34651,12254,82462,0,0,602,26547,23688,24914,52,0,0,18,77,33,0,94677,85958,89147,2,0,0,317
0,402,264,26191,4,18339,5897,1,4934,7214,2,729,94305,7479,3,158,4444,1736,318,3,34888,12247,82563,0,0,602,26606,23655,24927,53,0,0,18,59,33,0,94070,85394,88532,2,0,0,317
1,397,265,26175,9,18335,5908,1,4934,7213,2,696,93984,7479,3,158,4250,1753,318,3,34625,11957,82396,0,0,602,26527,23727,24910,52,0,0,18,48,33,0,94109,85474,88647,2,0,0,317
0,425,261,26168,4,18321,5888,1,4934,7213,2,701,94119,7479,3,158,4540,1941,318,3,34941,12052,82441,0,0,602,26599,23674,24954,50,0,0,18,58,33,0,94074,86142,89283,2,0,0,317
0,417,262,26183,4,18350,5897,1,4934,7213,2,695,94036,7479,3,160,4375,1833,318,3,34920,12432,82538,0,0,602,26621,23653,24949,51,0,0,18,65,33,0,94603,86146,89481,2,0,0,317
0,421,265,26177,4,18330,5896,1,4934,7213,2,703,94483,7479,3,158,4244,1805,378,3,35023,12554,82462,0,0,602,26571,23692,24930,54,0,0,18,69,33,0,94340,86056,89210,2,0,0,317
0,416,265,26221,4,18351,5904,1,4934,7213,2,710,94329,7479,3,158,4186,1695,318,3,35091,12439,82424,0,0,602,26548,23750,24952,54,0,0,18,83,33,0,94746,85998,89207,2,0,0,317
0,348,162,852,1,549,795,1,263,502,1,220,15405,202,3,55,3619,667,318,3,7933,6615,4784,0,0,28,1086,1340,1268,15,0,0,18,22,33,0,15932,7484,10400,2,0,0,317
0,425,265,26167,4,18313,5889,1,4934,7213,2,707,94422,7479,3,159,4513,1729,318,3,34590,11978,82384,0,0,602,26602,23725,24967,54,0,0,18,65,33,0,94135,85894,89068,2,0,0,316
1,414,264,26188,4,18338,5903,1,4934,7213,2,716,94268,7479,3,159,4436,1625,318,3,35115,12463,82433,0,0,602,26553,23703,24939,53,0,0,18,55,33,0,94479,85748,88929,2,0,0,317
0,397,265,26184,4,18331,5893,0,4934,7213,2,695,93941,7479,3,158,4246,1732,318,3,34708,12085,82397,0,0,602,26561,23678,24925,53,0,0,18,83,33,0,94249,85856,89030,2,0,0,317
0,419,264,26186,4,18341,5905,1,4934,7213,2,716,94707,7479,3,158,4453,1664,317,3,35051,12346,82388,0,0,602,26540,23719,24962,51,0,0,18,62,33,0,94381,85978,89120,2,0,0,317
0,416,263,26191,4,18327,5894,1,4934,7213,2,706,94462,7479,3,159,4200,1887,318,3,35161,12655,82421,0,0,602,26531,23729,24923,53,0,0,18,64,33,0,94113,85694,88834,2,0,0,317
0,409,264,26165,4,18320,5895,1,4934,7213,2,712,94204,7479,3,159,4264,2017,318,3,34921,12494,82502,0,0,602,26591,23657,24941,51,0,0,18,58,33,0,94324,86143,89346,2,0,0,317
0,423,264,26204,4,18363,5916,1,4934,7213,2,708,94515,7479,3,158,3996,1936,318,3,34765,12345,82574,0,0,602,26551,23733,24972,54,0,0,18,64,33,0,94230,85825,89022,2,0,0,317
0,421,265,26177,4,18329,5894,1,4934,7213,2,710,94447,7479,3,159,4591,1709,318,3,34873,12151,82410,0,0,602,26521,23765,24976,50,0,0,18,65,33,0,94241,85864,89215,2,0,0,317
0,417,264,26185,4,18346,5902,1,4934,7213,2,716,94725,7479,3,158,4368,1692,318,3,34818,12191,82462,0,0,602,26610,23714,24965,53,0,0,18,59,33,0,94525,85785,88909,2,0,0,317
0,421,265,26192,4,18359,5915,1,4934,7213,2,708,94028,7479,3,158,4393,1810,318,3,35116,12536,82416,0,0,602,26543,23723,24935,53,0,0,18,62,33,0,94423,85838,89022,2,0,0,317
0,427,265,26157,4,18317,5893,1,4934,7213,2,713,94523,7479,3,158,4404,1734,318,3,34951,12153,82442,0,0,602,26631,23626,24937,53,0,0,18,70,33,0,94267,85794,88985,2,0,0,317
0,425,264,26198,4,18347,5902,1,4934,7214,2,709,94308,7479,3,158,4625,1706,318,3,34870,12379,82430,0,0,602,26567,23681,24920,55,0,0,18,86,33,0,94366,85882,89140,2,0,0,317
0,396,264,26181,4,18339,5899,1,4934,7213,2,713,94736,7479,3,158,4313,1743,318,3,34750,12204,82462,0,0,602,26591,23723,24960,51,0,0,18,64,33,0,94553,85845,88976,2,0,0,317
0,422,263,26178,4,18329,5895,1,4934,7213,2,704,94183,7479,3,158,4412,1713,318,3,35218,12190,82486,0,0,602,26609,23691,24957,55,0,0,18,54,33,0,94465,85991,89196,2,0,0,317
0,310,161,826,1,529,785,1,4934,7213,3,706,93930,7479,3,160,4278,1708,318,3,34499,12017,82375,0,0,602,26574,23822,24971,54,0,0,18,53,33,0,94076,85411,88565,2,0,0,317
0,417,264,26184,4,18326,5898,1,4934,7213,2,695,94319,7479,3,159,4149,1749,318,3,34968,12524,82409,0,0,602,26652,23653,24967,51,0,0,18,66,33,0,94444,86269,89483,2,0,0,317
0,351,264,26208,4,18361,5900,1,4934,7213,2,700,93741,7479,3,157,4205,1727,318,3,34087,11602,82418,0,0,602,26623,23666,24963,55,0,0,18,69,33,0,93404,85011,88176,2,0,0,317
0,420,265,26184,4,18336,5893,1,4934,7213,2,728,94856,7479,3,159,4206,1843,318,3,34838,12082,82389,0,0,602,26498,23791,24942,53,0,0,18,77,33,0,94403,86307,89494,2,0,0,317
0,395,264,26167,4,18330,5902,1,4934,7213,2,705,93917,7479,3,158,4374,1734,318,3,34794,12317,82526,0,0,602,26586,23700,24937,53,0,0,18,61,33,0,94440,86012,89348,2,0,0,317
0,425,265,26198,4,18346,5901,1,4934,7213,2,701,94354,7479,3,158,4375,1742,318,3,34603,12061,82418,0,0,602,26610,23712,24987,51,0,0,18,62,33,0,94144,85926,89119,2,0,0,317
0,425,263,26204,4,18352,5895,1,4934,7214,2,706,94469,7479,3,158,4530,1777,318,3,34932,12366,82418,0,0,602,26452,23789,24908,51,0,0,18,67,33,0,94332,85917,89140,2,0,0,317
0,411,263,26160,4,18328,5891,1,4934,7213,2,697,94240,7479,3,158,4362,1728,318,3,35362,12794,82561,0,0,602,26528,23735,24949,50,0,0,18,66,33,0,93907,86257,89437,2,0,0,317
0,426,265,26167,4,18319,5890,1,4934,7213,2,700,94664,7479,3,158,4414,1723,318,3,34779,12379,82423,0,0,602,26574,23695,24962,50,0,0,18,68,33,0,94208,86028,89185,2,0,0,317
0,398,265,26184,4,18334,5895,1,4934,7213,2,708,93991,7479,3,159,4522,1888,318,3,34584,12248,82459,0,0,602,26569,23708,24930,54,0,0,18,60,33,0,94200,85561,88719,2,0,0,317
0,426,264,26192,4,18341,5901,1,4934,7213,2,689,94238,7479,3,160,4249,1662,318,3,35559,12988,82579,0,0,602,26582,23708,24954,53,0,0,18,78,33,0,94449,86160,89365,2,0,0,317
0,423,265,26192,4,18346,5901,1,4934,7213,2,713,94496,7479,3,158,4239,1754,318,3,34862,12296,82437,0,0,602,26506,23758,24935,51,0,0,18,67,33,0,94484,86039,89208,2,0,0,317
0,425,265,26181,4,18351,5902,1,4934,7213,2,694,94447,7479,3,158,4453,1763,318,3,34766,12228,82423,0,0,602,26643,23686,24993,55,0,0,18,60,33,0,93670,86239,89407,2,0,0,317
0,421,264,26179,4,18327,5885,1,4934,7213,2,705,94152,7479,3,159,4518,1770,318,3,34836,12463,82429,0,0,602,26575,23648,24906,51,0,0,18,61,33,0,94412,86020,89192,2,0,0,317
0,417,262,26187,4,18343,5896,1,4934,7213,2,709,94277,7479,3,157,4500,1650,318,3,34822,12215,82492,0,0,602,26603,23681,24962,54,0,0,18,73,33,0,94295,86261,89402,2,0,0,317
0,400,265,26176,4,18337,5897,1,4934,7213,2,704,93954,7479,3,158,4265,1798,318,3,34642,11967,82361,0,0,602,26519,23683,24892,51,0,0,18,65,33,0,94332,85882,89075,2,0,0,317
0,420,264,26163,4,18319,5891,1,4934,7213,2,710,94531,7479,3,158,4307,1723,318,3,34916,12404,82545,0,0,602,26535,23749,24972,53,0,0,18,86,33,0,93828,85683,88805,2,0,0,317
0,399,264,26195,4,18339,5900,1,4934,7213,2,710,94305,7479,3,159,4233,1748,318,3,34687,12111,82430,0,0,602,26626,23660,24936,53,0,0,18,71,33,0,94701,85830,88999,2,0,0,317
0,400,265,26195,4,18334,5900,1,4934,7213,2,699,94322,7479,3,158,4439,1737,318,3,34317,11797,82410,0,0,602,26623,23700,24960,51,0,0,18,65,33,0,94460,85753,88877,2,0,0,317
0,403,264,26157,4,18333,5896,1,4934,7213,2,710,94177,7479,3,158,4343,1623,318,3,34735,12105,82492,0,0,602,26519,23765,24952,53,0,0,18,71,33,0,93900,86086,89297,2,0,0,317
0,399,264,26200,4,18344,5899,1,4934,7213,2,710,94441,7479,3,160,4242,1792,317,3,34874,12186,82427,0,0,602,26650,23649,24974,50,0,0,18,61,33,0,94259,85728,88889,2,0,0,317
0,344,162,836,1,533,787,1,263,502,1,225,15293,202,3,56,3799,685,318,4,7620,6394,4790,0,0,28,1098,1327,1270,15,0,0,18,21,33,0,16099,7658,10593,2,0,0,317
0,418,263,26178,4,18337,5901,1,4934,7213,2,718,94399,7479,3,158,4552,1714,318,3,34723,12138,82529,0,0,602,26636,23653,24974,51,0,0,18,55,33,0,94067,86309,89730,2,0,0,317
1,427,262,26187,4,18343,5894,1,4934,7213,2,707,94530,7479,3,158,4339,1744,318,3,34888,12130,82455,0,0,602,26637,23656,24969,52,0,0,18,66,33,0,94341,86176,89345,2,0,0,317
0,428,264,26175,4,18342,5895,1,4934,7213,2,716,94589,7479,3,158,4199,1762,318,3,34883,12122,82433,0,0,602,26584,23714,24975,52,0,0,18,69,33,0,94783,85709,89021,2,0,0,317
0,430,264,26189,4,18345,5898,1,4934,7213,2,711,94680,7479,3,159,4427,1659,318,3,34986,12445,82489,0,0,602,26567,23712,24938,55,0,0,18,59,33,0,94453,86068,89215,2,0,0,317
0,398,265,26189,4,18336,5897,1,4934,7213,2,700,94072,7479,3,157,4506,1664,318,3,34871,12395,82358,0,0,602,26558,23687,24920,50,0,0,18,64,33,0,93683,86135,89252,2,0,0,317
0,401,265,26182,4,18333,5892,1,4934,7213,2,701,94211,7479,3,158,4179,1754,318,3,34514,11972,82395,0,0,602,26576,23704,24950,50,0,0,18,71,33,0,94107,85724,88884,2,0,0,317
0,414,262,26201,4,18348,5906,1,4934,7213,2,714,94358,7479,3,158,4352,1806,318,3,34816,12427,82496,0,0,602,26600,23676,24955,53,0,0,18,63,33,0,94058,85911,89079,2,0,0,317
0,417,264,26184,4,18334,5897,1,4934,7213,2,713,94355,7479,3,158,4496,1712,318,3,35132,12500,82431,0,0,602,26519,23750,24951,53,0,0,18,69,33,0,94506,85935,89280,2,0,0,317
0,399,265,26169,4,18329,5891,1,4934,7213,2,717,94462,7479,3,158,4428,1732,318,3,34693,12152,82448,0,0,602,26562,23711,24944,52,0,0,18,70,33,0,93711,85871,89076,2,0,0,368
0,418,265,26193,4,18335,5890,1,4934,7213,2,703,94554,7479,3,158,4438,1709,318,3,34896,12214,82506,0,0,602,26594,23674,24935,53,0,0,18,67,33,0,94383,86266,89413,2,0,0,317
0,423,265,26186,4,18336,5897,1,4934,7213,2,715,94268,7479,3,158,4261,1671,318,3,35075,12282,82479,0,0,602,26527,23760,24962,49,0,0,18,58,33,0,94227,86367,89731,2,0,0,317
0,423,265,26180,4,18346,5900,1,4934,7213,3,709,94376,7479,3,159,4282,1778,318,3,35099,12590,82464,0,0,28,1096,1330,1262,15,0,0,18,59,33,0,93974,86009,89141,2,0,0,317
0,432,264,26196,4,18338,5896,1,4934,7213,2,702,94300,7479,3,159,4574,1916,318,3,35207,12596,82503,0,0,602,26630,23634,24927,50,0,0,18,60,33,0,94598,85947,89102,2,0,0,317
0,429,264,26189,4,18334,5900,1,4934,7213,2,703,94007,7479,3,157,4699,1580,318,3,35209,12804,82550,0,0,602,26590,23712,24971,55,0,0,18,64,33,0,94285,85791,88938,2,0,0,317
0,439,263,26207,4,18349,5898,1,4934,7213,2,710,94662,7479,3,157,4530,2154,318,3,35315,12663,82412,0,0,602,26554,23688,24950,54,0,0,18,75,33,0,94904,86305,89467,2,0,0,317
0,432,264,26164,4,18330,5890,1,4934,7213,2,716,94492,7479,3,157,4278,1718,318,3,34696,12123,82326,0,0,602,26541,23773,24972,54,0,0,18,67,33,0,94393,85951,89108,2,0,0,317
0,432,262,26185,4,18349,5907,1,4934,7213,2,703,94378,7479,3,157,4217,1888,318,3,34463,11965,82451,0,0,602,26619,23665,24966,53,0,0,18,61,33,0,94564,85775,89112,2,0,0,317
0,414,264,26194,4,18341,5893,1,4934,7213,2,720,94264,7479,3,158,4328,1675,318,3,35218,12475,82543,0,0,602,26593,23667,24927,54,0,0,18,66,33,0,94439,86110,89248,2,0,0,317
0,415,264,26195,4,18352,5903,1,4934,7213,2,719,94565,7479,3,157,4367,1716,318,3,34930,12371,82373,0,0,602,26558,23693,24922,53,0,0,18,61,33,0,94183,85969,89166,2,0,0,317
0,396,264,26181,4,18348,5901,1,4934,7213,2,716,94248,7479,3,157,4640,1694,318,3,34691,12263,82436,0,0,602,26600,23672,24948,53,0,0,18,62,33,0,93515,85412,88579,2,0,0,317
0,398,263,26183,4,18330,5898,1,4934,7213,2,713,94092,7479,3,159,4287,1725,318,3,34904,12447,82473,0,0,602,26533,23742,24947,52,0,0,18,59,33,0,93988,85723,88845,2,0,0,317
0,415,265,26186,4,18332,5899,1,4934,7213,2,737,94891,7479,3,158,4323,1643,318,3,34818,12355,82470,0,0,602,26559,23695,24941,52,0,0,18,53,33,0,94181,86268,89659,2,0,0,317
0,400,264,26188,4,18344,5904,1,4934,7213,2,705,94026,7479,3,158,4360,1881,318,3,34583,12124,82433,0,0,602,26569,23675,24932,51,0,0,18,68,33,0,93829,85774,88966,2,0,0,317
0,399,265,26193,4,18345,5889,1,4934,7213,2,694,93936,7479,3,157,4581,1920,318,3,34830,12196,82463,0,0,602,26485,23747,24914,52,0,0,18,66,33,0,94520,85748,88871,2,0,0,317
0,424,265,26150,4,18318,5894,1,4934,7213,2,702,94449,7479,3,157,4437,1726,318,3,34638,12104,82414,0,0,602,26540,23759,24954,53,0,0,18,59,33,0,94377,85942,89080,2,0,0,317
0,330,161,829,1,534,790,1,263,502,0,219,15352,202,3,56,3766,749,318,3,8065,6832,4799,0,0,28,1085,1344,1273,15,0,0,18,23,33,0,15873,7422,10308,2,0,0,316
0,312,160,821,1,528,786,1,263,503,1,230,15236,202,3,55,3554,698,318,3,7657,6422,4764,0,0,28,1092,1327,1265,15,0,0,18,23,33,0,15628,7092,10002,2,0,0,317
1,416,264,26184,4,18346,5911,1,4934,7213,2,689,94172,7479,3,157,4603,1639,318,3,34598,11851,82361,0,0,602,26555,23710,24950,53,0,0,19,68,35,0,94006,85851,89051,2,0,0,316
1,400,265,26174,9,18337,5894,1,4934,7213,2,714,94004,7479,3,157,4152,1764,318,3,34506,11790,82500,0,0,602,26562,23690,24918,53,0,0,18,64,33,0,93990,85672,88824,2,0,0,317
0,421,262,26187,4,18341,5891,1,4934,7213,2,702,94272,7479,3,158,4665,1931,318,3,34877,12450,82507,0,0,602,26530,23762,24973,51,0,0,18,74,33,0,93965,85879,89039,2,0,0,317
0,399,264,26185,4,18353,5915,1,4934,7213,2,698,93884,7479,3,159,4468,1765,318,3,34552,12010,82377,0,0,602,26503,23773,24941,51,0,0,18,71,33,0,93936,85629,88836,2,0,0,317
0,414,264,26209,4,18357,5909,1,4934,7213,2,713,94372,7479,3,159,4256,1732,318,3,34902,12361,82511,0,0,602,26583,23715,24959,52,0,0,18,67,33,0,93830,85750,88915,2,0,0,317
0,421,264,26211,4,18349,5899,1,4934,7213,2,704,94670,7479,3,157,4347,1700,318,3,34901,12479,82508,0,0,602,26604,23677,24963,55,0,0,18,66,33,0,93987,86044,89218,2,0,0,317
0,427,263,26179,4,18332,5901,1,4934,7213,2,723,94596,7479,3,158,4341,1768,318,3,35013,12465,82521,0,0,602,26536,23700,24932,53,0,0,18,68,33,0,94026,86091,89272,2,0,0,317
0,418,265,26175,4,18348,5894,1,4934,7213,2,710,94137,7479,3,158,4331,1914,318,3,34779,12263,82328,0,0,602,26529,23699,24932,53,0,0,18,81,32,0,94592,85766,88868,2,0,0,317
0,343,160,828,1,531,788,1,263,502,1,217,15081,202,3,55,3677,886,318,3,7891,6532,4816,0,0,28,1077,1333,1264,15,0,0,18,23,33,0,15776,7607,10700,2,0,0,317
0,402,264,26194,4,18349,5898,1,4934,7213,2,714,93830,7479,3,158,4412,1746,318,3,34665,12115,82396,0,0,602,26576,23705,24919,52,0,0,18,71,33,0,94021,85803,88958,2,0,0,317
1,425,265,26195,4,18353,5897,1,4934,7213,2,702,94154,7479,3,159,4205,1747,318,3,35081,12513,82433,0,0,602,26582,23684,24949,53,0,0,18,68,33,0,94169,86270,89420,2,0,0,317
0,428,265,26173,4,18343,5894,1,4934,7213,2,704,94498,7479,3,158,4394,1752,318,3,34616,12177,82484,0,0,602,26552,23744,24947,51,0,0,18,68,33,0,94365,85727,88907,2,0,0,317
0,420,262,26179,4,18339,5895,1,4934,7213,2,703,94316,7479,3,158,4091,1965,318,3,34975,12369,82383,0,0,602,26517,23717,24909,51,0,0,18,69,33,0,94359,86092,89215,2,0,0,317
0,421,265,26175,4,18322,5898,1,4934,7213,2,696,94696,7479,3,157,4421,1930,318,3,34969,12334,82439,0,0,602,26594,23716,24956,54,0,0,18,53,33,0,94302,86282,89490,2,0,0,317
0,425,264,26163,4,18333,5899,1,4934,7213,2,710,94847,7479,3,158,4250,1795,318,3,34950,12443,82530,0,0,602,26515,23765,24934,51,0,0,18,73,33,0,93991,85723,88894,2,0,0,317
0,418,264,26171,4,18332,5898,1,4934,7213,2,707,94425,7479,3,158,4336,1794,318,3,35027,12362,82512,0,0,602,26507,23716,24911,52,0,0,18,64,33,0,94270,85988,89204,2,0,0,317
0,401,263,26167,4,18326,5889,1,4934,7213,2,687,94041,7479,3,158,4065,1749,318,3,34765,12040,82513,0,0,602,26651,23655,24946,53,0,0,18,61,33,0,94365,85650,88782,2,0,0,317
0,431,264,26192,4,18336,5892,1,4934,7213,2,715,94209,7479,3,158,4524,1744,318,3,34851,12315,82467,0,0,602,26550,23745,24968,53,0,0,18,59,33,0,94492,86102,89314,2,0,0,317
0,395,265,26197,9,18343,5895,1,4934,7213,2,705,93931,7479,3,156,4516,1720,318,3,34556,11962,82492,0,0,602,26561,23716,24972,53,0,0,18,58,33,0,94047,86023,89326,2,0,0,317
0,427,265,26175,4,18336,5895,1,4934,7213,2,700,94263,7479,3,158,4303,1776,318,3,34479,12076,82507,0,0,602,26611,23683,24964,53,0,0,18,77,33,0,94506,85681,88999,2,0,0,317
0,397,265,26179,4,18340,5899,1,4934,7213,2,707,93885,7479,3,158,4577,1650,318,3,34992,11924,82364,0,0,602,26634,23671,24974,53,0,0,18,68,33,0,94548,86060,89208,2,0,0,317
0,425,264,26182,4,18335,5892,1,4934,7213,2,711,94207,7479,3,158,4440,1741,318,3,34827,12194,82464,0,0,602,26565,23719,24962,54,0,0,18,52,33,0,94345,85630,88819,2,0,0,317
0,403,264,26170,4,18316,5892,1,4934,7213,2,708,93915,7479,3,158,4546,1784,318,3,34868,12166,82344,0,0,602,26592,23708,24938,54,0,0,18,51,33,0,93480,85435,88640,2,0,0,316
0,416,265,26180,4,18338,5894,1,4934,7213,2,705,94316,7479,3,158,4510,1791,318,3,35195,12447,82513,0,0,602,26566,23667,24922,51,0,0,18,66,33,0,94411,86305,89481,2,0,0,317
0,400,264,26169,4,18330,5903,1,4934,7213,2,728,94136,7479,3,159,4362,1734,318,3,34225,11729,82387,0,0,602,26539,23716,24936,52,0,0,18,60,33,0,94071,85682,89031,2,0,0,317
0,430,264,26175,4,18340,5897,1,4934,7213,2,689,94230,7479,3,158,4705,1708,318,3,34754,12000,82371,0,0,602,26538,23719,24917,52,0,0,18,53,33,0,94137,85837,89027,2,0,0,317
0,424,264,26174,4,18331,5899,1,4934,7213,2,711,94604,7479,3,158,4873,1879,318,3,34881,12240,82469,0,0,602,26444,23803,24915,53,0,0,18,66,33,0,94269,85942,89241,2,0,0,317
0,429,264,26184,4,18341,5901,1,4934,7213,2,716,94300,7479,3,158,4447,1688,318,3,34737,12185,82410,0,0,602,26522,23742,24927,49,0,0,18,69,33,0,94501,86044,89235,2,0,0,317
0,419,264,26197,4,18356,5903,1,4934,7213,2,723,94362,7479,3,157,4467,1696,318,3,34874,12491,82535,0,0,602,26542,23711,24937,54,0,0,18,68,33,0,94269,85854,89055,2,0,0,317
0,430,266,26161,4,18322,5894,1,4934,7213,2,710,94453,7479,3,158,4488,1735,318,3,35105,12514,82421,0,0,602,26568,23757,24959,51,0,0,18,69,33,0,94428,85524,88671,2,0,0,317
0,432,264,26182,4,18337,5896,1,4934,7213,2,701,94650,7479,3,158,4504,2122,318,3,34691,11934,82472,0,0,602,26594,23664,24938,51,0,0,18,67,33,0,94604,85785,89109,2,0,0,317
0,420,265,26202,4,18355,5901,1,4934,7213,2,714,94614,7479,3,158,4031,1660,318,3,35129,12368,82453,0,0,602,26626,23660,24952,52,0,0,18,70,33,0,94436,86447,89581,2,0,0,371
0,434,265,26203,4,18352,5901,1,4934,7213,2,723,94642,7479,3,158,4219,1740,318,3,34940,12338,82482,0,0,602,26529,23751,24961,54,0,0,18,71,33,0,94503,85860,89153,2,0,0,317
0,425,265,26187,4,18338,5898,1,4934,7213,2,712,94372,7479,3,158,4395,1662,318,3,34714,12104,82455,0,0,602,26597,23675,24942,52,0,0,18,62,33,0,94731,85917,89127,2,0,0,317
0,420,265,26208,4,18359,5900,1,4934,7213,2,711,94216,7479,3,158,4397,1674,318,3,34805,12253,82500,0,0,602,26605,23632,24920,52,0,0,18,82,33,0,94408,85589,88765,2,0,0,317
0,431,263,26165,4,18331,5899,1,4934,7213,2,703,94189,7479,3,158,4305,1780,318,3,34939,12338,82424,0,0,602,26540,23757,24960,52,0,0,18,68,33,0,94360,86030,89336,2,0,0,316
0,426,263,26172,4,18330,5896,1,4934,7213,2,713,94833,7479,3,158,4492,1677,318,3,34468,11902,82408,0,0,602,26419,23818,24916,51,0,0,18,49,33,0,94013,85900,89070,2,0,0,317
0,417,264,26189,4,18336,5894,1,4934,7214,2,721,94513,7479,3,158,4316,1734,318,3,35107,12480,82402,0,0,602,26534,23750,24954,52,0,0,18,67,33,0,94227,86047,89236,2,0,0,317
0,395,264,26168,4,18335,5891,1,4934,7213,3,697,93990,7479,3,159,4230,1778,318,3,34944,12488,82514,0,0,602,26669,23748,24989,54,0,0,18,52,33,0,93729,85829,88958,2,0,0,317
0,413,264,26182,4,18338,5902,1,4934,7213,2,704,94170,7479,3,157,4463,1650,318,3,34741,12158,82411,0,0,602,26516,23720,24915,50,0,0,18,69,33,0,94431,86077,89233,2,0,0,317
0,421,265,26179,4,18335,5897,1,4934,7213,2,718,94656,7479,3,159,4477,1843,318,3,35172,12587,82410,0,0,602,26599,23675,24928,51,0,0,18,66,33,0,94270,86155,89372,2,0,0,317
0,419,265,26191,4,18340,5897,1,4934,7213,2,698,94406,7479,3,159,4224,1756,318,3,35056,12421,82389,0,0,602,26495,23811,24950,50,0,0,18,70,33,0,93881,86176,89355,2,0,0,317
0,427,264,26189,4,18339,5898,1,4934,7213,2,685,94247,7479,3,159,4316,1892,318,3,34798,12234,82470,0,0,602,26595,23688,24955,51,0,0,18,70,33,0,94419,85864,89082,2,0,0,317
1,416,264,26178,4,18342,5895,1,4934,7213,2,693,94306,7479,3,158,4346,1767,318,3,34748,12222,82390,0,0,602,26586,23698,24972,53,0,0,18,59,33,0,94243,86112,89277,2,0,0,317
0,428,265,26170,4,18330,5890,1,4934,7213,2,703,94441,7479,3,158,4513,1798,318,3,34966,12543,82461,0,0,602,26598,23704,24955,53,0,0,18,67,33,0,94350,86257,89436,2,0,0,317
0,397,264,26182,4,18331,5899,1,4934,7213,2,706,94192,7479,3,158,4317,1758,318,3,34378,11974,82573,0,0,602,26555,23737,24984,53,0,0,18,71,33,0,94017,85906,89065,2,0,0,317
0,422,265,26193,4,18341,5896,1,4934,7213,2,703,94486,7479,3,158,4303,1595,318,3,34900,12294,82517,0,0,602,26600,23660,24961,56,0,0,18,61,33,0,94538,86048,89184,2,0,0,316
0,417,264,26175,4,18333,5899,1,4934,7213,2,718,94496,7479,3,158,4672,1770,318,3,34881,12299,82435,0,0,602,26505,23749,24934,50,0,0,18,61,33,0,94242,85970,89151,2,0,0,317
0,424,264,26187,4,18329,5893,1,4934,7213,2,713,94525,7479,3,158,4004,1922,318,3,35074,12609,82424,0,0,602,26601,23672,24934,53,0,0,18,58,33,0,94054,85819,88988,2,0,0,317
0,419,264,26176,4,18333,5894,1,4934,7213,2,707,94773,7479,3,158,4402,1733,318,3,34994,12344,82421,0,0,602,26568,23653,24919,52,0,0,18,64,33,0,94449,85685,88841,2,0,0,317
0,417,265,26183,4,18335,5901,1,4934,7213,2,703,94290,7479,3,158,4353,1739,318,3,35205,12612,82440,0,0,602,26623,23680,24983,52,0,0,18,71,33,0,94166,86359,89535,2,0,0,317
0,420,261,26178,4,18344,5901,1,4934,7213,2,710,94442,7479,3,158,4339,1797,318,3,35075,12460,82534,0,0,602,26529,23723,24942,50,0,0,18,65,33,0,94704,86332,89512,2,0,0,317
0,411,264,26180,4,18332,5898,1,4934,7213,2,716,94428,7479,3,158,4205,1711,318,3,34714,12018,82493,0,0,602,26507,23750,24919,52,0,0,18,57,33,0,94262,85917,89018,2,0,0,317
0,420,265,26181,4,18332,5894,1,4934,7213,2,697,94215,7479,3,159,4311,1801,318,3,34783,12175,82562,0,0,602,26568,23718,24967,51,0,0,18,66,33,0,93922,86041,89152,2,0,0,317
0,422,264,26176,4,18329,5896,1,4934,7213,2,689,94017,7479,3,158,4416,1920,318,3,35042,12508,82542,0,0,602,26638,23618,24946,53,0,0,18,65,33,0,93906,86098,89287,2,0,0,317
0,423,264,26169,4,18322,5899,1,4934,7213,2,703,94658,7479,3,158,4232,1973,318,3,35095,12619,82462,0,0,602,26553,23711,24958,52,0,0,18,58,33,0,94063,85811,89002,2,0,0,316
0,426,265,26167,4,18323,5891,1,4934,7213,2,717,95079,7479,3,158,4527,1817,318,3,34962,12536,82440,0,0,602,26581,23689,24923,50,0,0,18,71,33,0,94416,86008,89192,2,0,0,317
0,418,261,26185,4,18342,5898,1,4934,7213,2,719,94267,7479,3,158,4407,1774,318,3,34591,12003,82432,0,0,602,26557,23714,24941,54,0,0,18,83,33,0,94378,85924,89126,2,0,0,317
0,431,265,26201,4,18339,5904,1,4934,7213,2,704,93971,7479,3,158,4316,1568,318,3,34695,12207,82537,0,0,602,26567,23719,24961,53,0,0,18,77,33,0,94354,86158,89309,2,0,0,317
0,425,264,26189,4,18341,5897,1,4934,7213,2,707,94635,7479,3,157,4579,1745,318,3,34780,12335,82502,0,0,602,26621,23692,24967,53,0,0,18,61,33,0,94113,86481,89636,2,0,0,317
0,423,263,26195,4,18349,5899,1,4934,7213,2,716,94385,7479,3,158,4407,1826,318,3,34896,12405,82508,0,0,602,26538,23709,24914,53,0,0,18,63,33,0,94347,86243,89376,2,0,0,317
0,401,264,26195,4,18344,5902,1,4934,7213,2,702,94164,7479,3,159,4408,1961,318,3,34970,12127,82414,0,0,602,26508,23761,24931,53,0,0,18,68,33,0,94087,85506,88699,2,0,0,317
0,421,264,26190,4,18338,5898,1,4934,7213,2,705,94398,7479,3,158,4493,1795,318,3,35306,12668,82497,0,0,602,26577,23718,24975,54,0,0,18,66,33,0,94279,85628,89030,2,0,0,317
0,419,265,26186,4,18337,5899,1,4934,7213,2,702,94205,7479,3,158,4299,1729,318,3,34559,11764,82342,0,0,602,26610,23701,24972,52,0,0,18,68,33,0,94064,85773,88937,2,0,0,317
0,419,264,26169,4,18339,5907,1,4934,7213,2,709,94448,7479,3,158,4279,1828,318,3,34732,12281,82498,0,0,602,26598,23679,24931,54,0,0,18,66,33,0,94314,86294,89421,2,0,0,317
0,433,264,26175,4,18333,5893,1,4934,7213,2,708,94631,7479,3,158,4601,1760,318,3,35330,12650,82485,0,0,602,26521,23736,24940,52,0,0,18,61,33,0,94306,85765,88939,2,0,0,317
0,433,264,26163,4,18318,5900,1,4934,7213,2,707,94130,7479,3,158,4347,1862,318,3,34694,12209,82462,0,0,602,26589,23722,24972,52,0,0,18,64,33,0,94019,86297,89450,2,0,0,317
0,398,265,26185,4,18324,5897,1,4934,7213,2,691,93868,7479,3,158,4321,1752,317,3,34649,12023,82456,0,0,602,26618,23674,24956,55,0,0,19,65,35,0,93991,85831,88986,2,0,0,317
0,416,265,26193,4,18350,5904,1,4934,7213,2,706,94542,7479,3,159,4299,1739,318,3,34803,12170,82407,0,0,602,26570,23703,24965,51,0,0,18,62,33,0,94310,85994,89189,2,0,0,317
0,395,265,26169,4,18330,5890,1,4934,7213,2,709,94039,7479,3,159,4619,1986,318,3,34460,11914,82441,0,0,602,26563,23715,24948,52,0,0,18,66,33,0,93768,85660,88833,2,0,0,317
0,399,265,26195,4,18342,5897,1,4934,7213,2,708,94096,7479,3,158,4132,1789,318,3,34536,11925,82466,0,0,602,26605,23653,24942,53,0,0,18,76,33,0,93951,85815,88916,2,0,0,317
0,425,265,26200,4,18354,5895,1,4934,7213,2,689,94397,7479,3,159,4233,1946,318,3,34738,12235,82504,0,0,602,26557,23702,24940,55,0,0,18,62,33,0,94637,86278,89451,2,0,0,317
0,400,262,26172,9,18329,5892,1,4934,7213,2,704,94181,7479,3,157,4446,1863,318,3,34500,11978,82479,0,0,602,26621,23621,24938,53,0,0,18,58,33,0,94320,85547,88928,2,0,0,317
0,416,264,26184,4,18344,5903,1,4934,7213,2,703,94544,7479,3,159,4044,1855,318,3,34915,12490,82503,0,0,602,26512,23765,24953,52,0,0,18,69,33,0,94373,86149,89340,2,0,0,317
0,426,264,26173,4,18329,5902,1,4934,7213,2,718,94465,7479,3,158,4374,1723,318,3,34792,12392,82444,0,0,602,26615,23685,24958,55,0,0,18,67,33,0,94856,86036,89251,2,0,0,317
0,396,262,26172,4,18329,5890,1,4934,7213,2,724,94481,7479,3,158,4428,1677,318,3,34318,11875,82427,0,0,602,26599,23683,24962,55,0,0,18,86,33,0,94534,86059,89222,2,0,0,317
0,422,265,26182,4,18328,5898,1,4934,7213,2,725,94579,7479,3,158,4384,1726,318,3,34370,11972,82497,0,0,602,26559,23704,24938,52,0,0,18,58,33,0,94229,86126,89275,2,0,0,317
0,427,263,26159,4,18312,5896,1,4934,7213,2,715,94239,7479,3,158,4537,1878,318,3,34340,11858,82409,0,0,602,26593,23709,24982,54,0,0,18,60,33,0,93794,85979,89153,2,0,0,317
0,426,265,26164,4,18317,5903,1,4934,7213,2,701,94652,7479,3,158,4339,1956,318,3,34976,12432,82484,0,0,602,26557,23716,24949,51,0,0,18,63,33,0,94092,86233,89519,2,0,0,317
0,394,265,26184,4,18339,5898,1,4934,7213,2,703,94045,7479,3,157,4669,1720,318,3,34747,12183,82458,0,0,602,26464,23786,24943,50,0,0,18,83,33,0,93972,86196,89360,2,0,0,317
0,429,262,26175,4,18337,5895,1,4934,7213,2,699,94313,7479,3,158,4592,1785,318,3,34801,12067,82383,0,0,602,26465,23801,24930,52,0,0,18,69,33,0,94364,85798,88926,2,0,0,317
0,396,264,26191,4,18345,5896,1,4934,7213,2,709,94317,7479,3,158,4525,1726,317,3,34854,12239,82353,0,0,602,26565,23705,24944,53,0,0,18,65,33,0,93840,85464,88600,2,0,0,317
0,397,265,26212,4,18347,5904,1,4934,7213,2,701,94080,7479,3,158,4463,1892,318,3,34470,12106,82378,0,0,602,26562,23731,24971,53,0,0,18,65,33,0,94076,86298,89477,2,0,0,317
0,397,264,26198,4,18350,5898,1,4934,7213,2,698,93865,7479,3,158,4454,1765,318,3,34609,12070,82469,0,0,602,26599,23670,24934,51,0,0,18,68,33,0,93996,85780,88901,2,0,0,317
0,419,265,26184,4,18329,5892,1,4934,7213,2,696,94346,7479,3,158,4240,1743,318,3,35066,12251,82546,0,0,602,26554,23709,24929,51,0,0,18,66,33,0,94041,85788,89063,2,0,0,317
0,416,263,26184,4,18336,5897,1,4934,7213,2,686,94166,7479,3,159,4341,2114,318,3,35035,12512,82480,0,0,602,26680,23627,24982,53,0,0,18,76,33,0,94695,85773,89005,2,0,0,317
0,397,264,26203,4,18350,5906,1,4934,7213,2,697,94161,7479,3,158,4436,1901,318,3,34710,12093,82542,0,0,602,26570,23701,24938,53,0,0,18,65,33,0,94241,85798,89109,2,0,0,317
0,426,263,26177,4,18338,5901,1,4934,7213,2,705,94253,7479,3,158,4326,1677,318,3,35287,12640,82501,0,0,602,26491,23792,24938,53,0,0,18,63,33,0,93767,86227,89399,2,0,0,317
0,428,264,26178,4,18330,5896,1,4934,7213,2,703,94386,7479,3,157,4430,1875,318,3,34750,12177,82491,0,0,602,26542,23724,24949,52,0,0,18,59,33,0,94342,86245,89367,2,0,0,317
0,424,264,26182,4,18337,5888,1,4934,7213,2,715,94571,7479,3,158,4265,1724,318,4,34946,12485,82526,0,0,602,26638,23669,24971,55,0,0,18,65,33,0,94720,85736,88913,2,0,0,317
0,398,261,26176,4,18329,5900,1,4934,7213,2,709,94229,7479,3,159,4392,1707,318,3,34680,12261,82383,0,0,602,26609,23689,24971,52,0,0,18,60,33,0,94063,86189,89382,2,0,0,317
0,430,265,26210,4,18349,5907,1,4934,7213,2,698,93892,7479,3,158,4488,1776,318,3,35023,12484,82516,0,0,602,26606,23614,24919,51,0,0,18,63,33,0,94129,85913,89052,2,0,0,317
0,427,264,26176,4,18344,5893,1,4934,7213,2,706,94106,7479,3,159,4199,1738,318,3,34882,12137,82430,0,0,602,26545,23732,24928,53,0,0,18,59,33,0,94345,86034,89270,2,0,0,317
0,439,265,26185,4,18328,5893,1,4934,7213,2,698,94146,7479,3,158,4293,1697,318,3,35034,12469,82442,0,0,602,26554,23675,24922,51,0,0,18,66,33,0,94093,86285,89637,2,0,0,317
0,395,263,26162,4,18332,5894,1,4934,7213,2,696,93877,7479,3,157,4185,1921,318,3,34677,11946,82486,0,0,602,26513,23728,24937,53,0,0,18,61,33,0,93941,85796,89009,2,0,0,317
0,412,264,26198,4,18355,5900,1,4934,7213,2,706,94420,7479,3,158,4256,1749,318,3,34828,12448,82557,0,0,602,26561,23699,24925,51,0,0,18,62,33,0,93857,86204,89590,2,0,0,317
0,425,264,26185,4,18341,5892,1,4934,7213,2,717,94748,7479,3,159,4355,2101,318,3,34598,11812,82434,0,0,602,26590,23663,24927,54,0,0,18,59,33,0,94338,85701,88922,2,0,0,375
0,415,262,26198,4,18341,5901,1,4934,7213,2,687,94083,7479,3,157,4494,1672,318,3,35000,12468,82514,0,0,602,26567,23703,24920,51,0,0,18,67,33,0,94238,86149,89353,2,0,0,317
0,428,265,26196,4,18346,5905,1,4934,7213,2,715,94337,7479,3,158,4174,1888,318,3,35143,12597,82416,0,0,602,26621,23695,24971,52,0,0,18,70,33,0,94398,85833,89053,2,0,0,317
0,330,161,823,1,531,792,1,4934,7213,2,711,94243,202,3,54,3908,561,318,3,8130,7104,4768,0,0,28,1145,1292,1263,15,0,0,18,23,33,0,15642,7489,10437,2,0,0,317
0,425,264,26164,4,18320,5900,1,4934,7213,2,709,94491,7479,3,158,4160,1762,317,3,34763,12150,82467,0,0,602,26652,23612,24911,52,0,0,18,59,33,0,94573,85665,88818,2,0,0,317
0,424,264,26182,4,18343,5897,1,4934,7213,2,712,94592,7479,3,158,4644,1839,318,3,34856,12533,82517,0,0,602,26524,23725,24924,52,0,0,18,50,33,0,94266,85773,89088,2,0,0,317
1,418,264,26158,4,18321,5908,1,4934,7213,2,720,94030,7479,3,157,4558,1720,318,3,34735,12174,82503,0,0,602,26487,23779,24939,51,0,0,18,66,33,0,94474,86170,89346,2,0,0,317
0,426,265,26155,4,18318,5885,1,4934,7213,2,707,94660,7479,3,158,4503,1837,318,3,34866,12188,82515,0,0,602,26610,23649,24934,52,0,0,18,54,33,0,94328,86079,89213,2,0,0,317
0,425,263,26179,4,18334,5898,1,4934,7213,2,718,94629,7479,3,158,4272,1709,318,3,35330,12875,82535,0,0,602,26583,23683,24970,49,0,0,18,62,33,0,94523,85988,89221,2,0,0,317
0,429,262,26202,4,18349,5905,1,4934,7213,2,707,94639,7479,3,158,4388,1677,319,3,34904,12244,82452,0,0,602,26586,23716,24956,51,0,0,18,57,32,0,93769,85961,89127,2,0,0,317
0,416,261,26156,4,18325,5894,1,4934,7213,2,695,94200,7479,3,158,4531,1776,318,3,34426,11697,82374,0,0,602,26633,23691,24981,50,0,0,18,71,33,0,94419,86059,89201,2,0,0,317
0,349,265,26175,4,18335,5895,1,4934,7213,2,688,93813,7479,3,157,4017,1654,317,3,34423,11719,82365,0,0,602,26559,23681,24930,54,0,0,18,63,33,0,93211,85730,88896,2,0,0,317
0,348,264,26189,4,18334,5898,1,4934,7213,2,697,93829,7479,3,157,4130,1791,318,3,34695,12269,82365,0,0,602,26561,23722,24978,56,0,0,18,67,33,0,93513,85360,88586,2,0,0,317
0,431,265,26191,4,18340,5900,1,4934,7213,2,715,94170,7479,3,158,4300,1677,318,3,34882,12500,82463,0,0,602,26578,23658,24923,52,0,0,18,86,33,0,94244,86415,89601,2,0,0,317
0,431,264,26183,4,18326,5893,1,4934,7213,2,720,94738,7479,3,159,4222,1802,318,3,34625,11994,82418,0,0,602,26526,23726,24943,53,0,0,18,58,33,0,94383,85553,88700,2,0,0,316
0,422,264,26179,4,18336,5904,1,4934,7213,2,691,94331,7479,3,157,4290,1956,318,3,35275,12528,82551,0,0,602,26545,23754,24936,51,0,0,18,67,33,0,94462,86188,89332,2,0,0,317
0,418,263,26164,4,18336,5897,1,4934,7213,2,710,94444,7479,3,158,4198,1863,318,4,35036,12589,82439,0,0,602,26545,23742,24978,53,0,0,18,72,33,0,94347,85895,89024,2,0,0,317
0,338,162,835,1,534,790,1,263,502,1,219,15150,202,3,56,3553,655,318,3,8132,6922,4810,0,0,28,1129,1292,1251,15,0,0,18,23,33,0,15531,7384,10311,2,0,0,317
0,397,262,26185,4,18346,5900,1,4934,7213,2,718,94224,7479,3,158,4231,1713,318,3,34627,12029,82335,0,0,602,26579,23660,24922,52,0,0,18,67,33,0,93763,85659,88819,2,0,0,317
0,351,264,26181,4,18339,5898,1,4934,7213,2,676,93681,7479,3,157,4164,1754,318,3,34352,11882,82403,0,0,602,26602,23650,24942,52,0,0,18,61,33,0,93861,85359,88507,2,0,0,317
1,419,266,26202,4,18352,5897,1,263,502,1,217,15427,7479,3,159,4364,2001,318,3,8189,6957,4798,0,0,602,26530,23723,24938,53,0,0,18,20,33,0,15686,85747,89147,2,0,0,317
0,431,264,26188,4,18343,5898,1,4934,7213,2,725,94708,7479,3,158,4101,1662,318,3,34623,12147,82417,0,0,602,26582,23716,24965,52,0,0,18,64,33,0,94377,86347,89530,2,0,0,317
0,399,265,26189,4,18339,5899,1,4934,7213,2,699,94346,7479,3,158,4449,1728,318,3,34746,12120,82478,0,0,602,26606,23663,24916,54,0,0,18,66,33,0,94264,85624,88777,2,0,0,317
0,426,265,26162,4,18329,5890,1,263,502,1,226,15099,202,3,56,3689,970,318,4,7720,6205,4786,0,0,28,1079,1334,1261,14,0,0,18,20,33,0,15592,7352,10203,2,0,0,317
0,396,264,26192,4,18348,5900,1,4934,7214,2,711,94167,7479,3,158,4752,1658,318,3,34879,12340,82422,0,0,602,26570,23710,24950,53,0,0,18,66,33,0,94270,85782,88943,2,0,0,317
0,344,274,29213,5,20456,6462,1,5506,8009,3,652,102228,8345,3,166,3975,1831,318,3,36750,11525,91547,0,0,672,29758,26254,27721,54,0,0,18,66,33,0,101975,93513,96692,2,0,0,317
1,421,262,26170,4,18321,5893,1,263,502,1,224,15452,202,3,54,3455,700,318,3,8106,6677,4831,0,0,28,1086,1331,1268,16,0,0,18,21,33,0,15785,7651,10584,2,0,0,317
0,350,263,26184,4,18325,5895,1,4934,7213,2,681,93470,7479,3,157,4122,1803,318,3,34169,11545,82514,0,0,602,26527,23716,24930,51,0,0,18,69,33,0,93674,85418,88860,2,0,0,317
1,401,264,26177,4,18334,5903,1,4934,7213,2,707,94055,7479,3,159,4208,1705,318,3,34468,11967,82419,0,0,602,26520,23697,24905,50,0,0,18,64,33,0,94383,85941,89302,2,0,0,317
1,419,263,26186,4,18343,5896,1,4934,7213,2,695,94417,7479,3,158,4416,1790,318,3,35077,12313,82424,0,0,602,26553,23765,24969,52,0,0,18,66,33,0,94920,85833,89070,2,0,0,317
0,424,265,26174,4,18326,5897,1,4934,7213,2,716,94493,7479,3,157,4705,1668,318,3,34583,12022,82384,0,0,602,26588,23671,24938,52,0,0,18,57,33,0,94269,86032,89179,2,0,0,317
0,418,263,26168,4,18328,5891,1,4934,7214,2,717,94614,7479,3,158,4379,1648,318,3,35086,12287,82472,0,0,602,26594,23642,24956,53,0,0,18,74,33,0,94399,86189,89522,2,0,0,317
0,423,262,26191,4,18337,5896,1,4934,7213,2,703,94070,7479,3,157,4291,1949,318,3,34882,12394,82511,0,0,602,26582,23677,24930,52,0,0,18,53,33,0,94598,86117,89462,2,0,0,317
0,346,162,827,1,531,788,1,263,502,1,225,15282,202,3,55,3695,683,318,3,8005,6595,4815,0,0,28,1087,1335,1259,15,0,0,18,22,33,0,15654,7227,10298,2,0,0,317
0,419,265,26183,4,18341,5896,1,4934,7213,2,718,94264,7479,3,157,4577,1658,318,3,34799,12196,82531,0,0,602,26488,23746,24922,52,0,0,18,58,33,0,93852,86125,89282,2,0,0,317
0,424,264,26177,4,18317,5894,1,4934,7213,2,699,93942,7479,3,158,4227,1938,318,3,34815,12295,82415,0,0,602,26634,23669,24950,51,0,0,18,73,33,0,94248,85737,88869,2,0,0,317
1,414,264,26172,4,18333,5900,1,4934,7213,2,708,94396,7479,3,158,4238,1837,318,3,34853,12322,82444,0,0,602,26568,23723,24959,51,0,0,18,64,33,0,94333,85883,89004,2,0,0,317
0,399,265,26186,4,18340,5901,1,4934,7213,2,709,94085,7479,3,158,4264,1721,318,3,34427,11956,82444,0,0,602,26648,23630,24946,54,0,0,18,57,33,0,94071,85772,88903,2,0,0,317
0,351,264,26166,4,18315,5894,1,4934,7213,2,674,93787,7479,3,157,4153,1740,318,3,34121,11538,82448,0,0,602,26520,23734,24935,54,0,0,18,55,33,0,93627,85436,88674,2,0,0,317
0,415,264,26179,4,18343,5897,1,4934,7214,2,710,94388,7479,3,159,4516,1863,318,3,34792,12302,82491,0,0,602,26510,23775,24974,53,0,0,18,68,33,0,94192,86320,89481,2,0,0,317
0,401,264,26195,4,18356,5909,1,4934,7214,2,705,94351,7479,3,158,4559,1779,318,3,35031,12576,82449,0,0,602,26461,23765,24943,52,0,0,18,72,33,0,94395,85613,88781,2,0,0,317
0,417,264,26173,4,18336,5888,1,4934,7213,2,696,93945,7479,3,157,4416,1723,318,3,34987,12500,82466,0,0,602,26614,23710,24976,54,0,0,18,70,33,0,94214,85753,88914,2,0,0,317
0,417,265,26158,4,18327,5890,1,4934,7213,2,709,94624,7479,3,158,4315,1789,318,4,35107,12387,82446,0,0,602,26566,23665,24940,52,0,0,18,69,33,0,94265,86344,89517,2,0,0,317
0,418,263,26175,4,18339,5899,1,4934,7213,2,702,94301,7479,3,158,4653,1748,318,3,35002,12507,82405,0,0,602,26552,23729,24956,53,0,0,18,62,33,0,94228,86205,89422,2,0,0,317
0,422,264,26200,4,18340,5898,1,4934,7213,2,703,94473,7479,3,157,4651,1666,318,3,34655,12198,82561,0,0,602,26568,23716,24973,52,0,0,18,65,33,0,94571,86166,89298,2,0,0,317
0,312,162,833,1,535,791,1,263,502,1,225,14957,202,3,54,3367,750,318,3,7871,6585,4780,0,0,28,1080,1344,1266,16,0,0,18,23,33,0,15584,7169,10070,2,0,0,317
0,420,262,26186,4,18339,5902,1,4934,7213,2,706,94360,7479,3,160,4333,1676,318,3,34457,12014,82478,0,0,602,26595,23694,24947,49,0,0,18,60,33,0,94395,85883,89082,2,0,0,317
0,398,265,26188,4,18342,5901,1,4934,7214,2,700,93741,7479,3,159,4650,1701,318,3,34527,12003,82502,0,0,602,26529,23711,24949,53,0,0,18,63,33,0,94325,85712,88879,2,0,0,317
1,399,265,26210,4,18352,5898,1,4934,7213,2,712,94395,7479,3,157,4656,1675,318,3,34572,12029,82352,0,0,602,26632,23666,24938,52,0,0,18,71,33,0,93950,86102,89213,2,0,0,317
0,421,265,26179,4,18330,5893,1,4934,7213,2,689,94121,7479,3,158,4225,1784,318,3,34844,12404,82541,0,0,602,26570,23649,24910,50,0,0,18,65,33,0,94202,85996,89179,2,0,0,317
0,418,265,26192,4,18349,5900,1,4934,7213,2,717,94434,7479,3,158,4236,1727,318,3,34702,12229,82506,0,0,602,26633,23673,24933,54,0,0,18,63,33,0,93946,86547,89698,2,0,0,317
0,425,264,26200,4,18350,5899,1,4934,7213,2,707,94653,7479,3,159,4158,1762,318,3,34687,12234,82500,0,0,602,26515,23778,24947,54,0,0,18,63,33,0,94236,86035,89235,2,0,0,317
0,433,265,26167,4,18322,5894,1,4934,7213,2,714,94433,7479,3,157,4313,1616,318,3,34924,12307,82468,0,0,602,26524,23766,24949,49,0,0,18,69,33,0,94084,85930,89113,2,0,0,317
0,396,263,26170,4,18324,5887,1,4934,7213,2,701,94032,7479,3,158,4369,1689,317,3,34789,12337,82374,0,0,602,26654,23635,24945,51,0,0,18,56,33,0,94330,85722,88872,2,0,0,317
0,398,265,26183,4,18340,5893,1,4934,7213,2,707,94376,7479,3,159,4338,1674,318,3,34681,12113,82439,0,0,602,26563,23716,24941,52,0,0,18,63,33,0,94093,85978,89190,2,0,0,317
0,395,264,26192,4,18346,5902,1,4934,7213,2,715,94571,7479,3,158,4489,1816,318,3,34909,12324,82379,0,0,602,26595,23687,24954,52,0,0,18,62,33,0,94157,85711,89036,2,0,0,317
0,414,264,26184,4,18332,5896,1,4934,7213,2,712,94406,7479,3,158,4241,1697,318,3,34623,11959,82383,0,0,602,26557,23723,24963,54,0,0,18,66,33,0,94632,86279,89481,2,0,0,317
0,424,265,26178,4,18327,5891,1,4934,7213,2,711,94315,7479,3,158,4166,1910,318,3,34946,12379,82402,0,0,602,26648,23629,24960,55,0,0,18,67,33,0,94223,85888,89173,2,0,0,317
0,398,264,26181,9,18334,5896,1,4934,7213,2,724,94296,7479,3,157,4076,1748,318,3,34291,11734,82358,0,0,602,26569,23692,24944,53,0,0,18,68,33,0,93985,85778,88950,2,0,0,317
0,404,264,26187,4,18333,5902,1,4934,7213,2,717,94434,7479,3,158,4433,1720,318,3,34978,12494,82471,0,0,602,26522,23704,24903,52,0,0,18,61,32,0,94140,85841,89045,2,0,0,317
0,397,262,26166,9,18344,5889,1,4934,7213,2,722,94393,7479,3,157,4622,1999,318,3,34963,12520,82527,0,0,602,26544,23730,24942,50,0,0,18,82,33,0,94242,85731,88881,2,0,0,317
0,419,264,26179,4,18345,5900,1,4934,7213,2,717,94632,7479,3,158,4398,1960,318,3,35302,12690,82483,0,0,602,26596,23675,24957,52,0,0,19,59,35,0,94370,86229,89655,2,0,0,317
0,333,160,828,1,529,784,1,263,502,1,220,15362,202,3,55,3947,663,318,3,7670,6587,4798,0,0,602,26581,23695,24959,53,0,0,18,22,33,0,15637,7240,10155,2,0,0,317
0,419,264,26225,4,18365,5904,1,4934,7213,2,713,94568,7479,3,157,4494,1750,318,3,34515,11851,82429,0,0,602,26592,23708,24977,52,0,0,18,64,33,0,94341,86372,89530,2,0,0,317
0,421,264,26167,4,18327,5906,1,4934,7213,2,712,94401,7479,3,158,4236,1717,377,3,35038,12461,82410,0,0,602,26526,23770,24987,53,0,0,19,62,35,0,94381,85691,88854,2,0,0,317
1,397,264,26180,4,18338,5898,1,4934,7213,2,716,94034,7479,3,158,4576,1709,318,3,34679,12168,82490,0,0,602,26583,23742,24972,50,0,0,18,62,33,0,94116,85419,88593,2,0,0,317
0,421,262,26169,4,18325,5895,1,4934,7213,2,704,94249,7479,3,158,4385,1727,318,3,34935,12318,82542,0,0,602,26469,23799,24945,52,0,0,18,63,33,0,94527,85930,89116,2,0,0,317
0,422,264,26191,4,18341,5897,1,4934,7213,2,688,94393,7479,3,157,4675,1852,318,4,35000,12326,82504,0,0,602,26574,23667,24934,51,0,0,18,58,33,0,94145,85819,89004,2,0,0,317
0,422,265,26199,4,18345,5910,1,4934,7213,2,709,94410,7479,3,158,4550,1726,318,3,34872,12186,82483,0,0,602,26527,23731,24929,51,0,0,18,60,33,0,94334,85896,89233,2,0,0,317
0,396,263,26173,4,18337,5896,1,4934,7213,2,713,94072,7479,3,158,4264,1788,318,3,34722,12022,82467,0,0,602,26480,23749,24919,51,0,0,18,67,33,0,93960,85660,88818,2,0,0,317
0,422,262,26187,4,18348,5901,1,4934,7213,2,722,94493,7479,3,158,4206,1867,318,3,34835,12419,82452,0,0,602,26586,23681,24933,52,0,0,18,67,33,0,94564,86123,89242,2,0,0,317
0,430,264,26186,4,18338,5896,1,4934,7213,2,698,94295,7479,3,158,4434,1675,318,3,34819,12218,82436,0,0,602,26528,23766,24983,53,0,0,18,65,33,0,94261,85977,89086,2,0,0,317
0,428,265,26169,4,18335,5897,1,4934,7213,2,718,94380,7479,3,158,4425,1748,318,3,34807,12141,82493,0,0,602,26539,23786,25003,55,0,0,18,62,33,0,94759,85902,89079,2,0,0,317
0,419,264,26194,4,18351,5897,1,4934,7213,2,717,94454,7479,3,158,4308,1735,318,3,34920,12354,82468,0,0,602,26499,23728,24926,53,0,0,18,63,33,0,94272,85549,88757,2,0,0,317
0,350,262,26180,4,18350,5898,1,4934,7213,2,683,93758,7479,3,157,4456,2012,318,3,34500,12111,82493,0,0,602,26581,23669,24911,51,0,0,18,67,33,0,93788,85138,88424,2,0,0,317
0,418,262,26191,4,18338,5901,1,4934,7213,2,694,94424,7479,3,158,4320,1689,318,3,34726,12327,82484,0,0,602,26533,23722,24942,50,0,0,18,65,33,0,94346,85888,89085,2,0,0,316
0,415,264,26190,4,18356,5888,1,4934,7213,2,704,94600,7479,3,160,4403,1710,318,3,34801,12271,82536,0,0,602,26586,23706,24955,51,0,0,18,57,33,0,94646,85755,89117,2,0,0,317
0,397,265,26163,4,18319,5898,1,4934,7213,2,706,94480,7479,3,158,4383,1790,318,3,34656,11854,82558,0,0,602,26625,23665,24944,53,0,0,18,60,33,0,94072,85723,88815,2,0,0,317
0,402,265,26187,4,18338,5897,1,4934,7213,2,737,94507,7479,3,157,4560,1967,318,3,34440,12085,82384,0,0,602,26608,23677,24958,54,0,0,18,67,33,0,94372,85600,88854,2,0,0,317
0,423,264,26196,4,18342,5896,1,4934,7213,2,704,94033,7479,3,158,4289,1734,318,3,34841,12305,82474,0,0,602,26560,23734,24963,52,0,0,18,61,33,0,94387,86164,89359,2,0,0,316
0,397,264,26189,9,18345,5895,1,4934,7213,2,694,93681,7479,3,156,4303,1798,318,3,34903,12310,82459,0,0,602,26573,23660,24930,51,0,0,19,66,35,0,93720,85636,88788,2,0,0,317
0,424,265,26176,4,18333,5891,1,4934,7213,2,729,94147,7479,3,158,4332,1847,318,3,34754,12168,82446,0,0,602,26651,23624,24946,53,0,0,18,69,33,0,93999,86145,89263,2,0,0,317
0,415,264,26194,4,18342,5896,1,4934,7213,2,706,94722,7479,3,158,4448,1735,318,3,34587,12134,82457,0,0,602,26614,23673,24963,52,0,0,18,70,33,0,94449,85821,88962,2,0,0,317
0,421,262,26173,4,18328,5897,1,4934,7213,2,705,94195,7479,3,159,4361,2020,318,3,34825,12092,82422,0,0,602,26575,23708,24943,52,0,0,18,67,33,0,94039,85922,89109,2,0,0,317
0,414,264,26173,4,18336,5898,1,4934,7213,2,715,94354,7479,3,158,4766,1734,318,3,34667,12171,82521,0,0,602,26569,23727,24999,55,0,0,18,67,33,0,94156,86003,89134,2,0,0,317
0,313,162,828,1,531,790,1,4934,7213,3,713,93935,7479,3,159,4626,1957,318,3,34605,12057,82484,0,0,602,26503,23749,24919,52,0,0,18,63,33,0,94317,85699,88912,2,0,0,317
0,398,265,26185,4,18345,5898,1,4934,7213,2,697,94024,7479,3,158,4520,1609,318,3,34820,12056,82449,0,0,602,26655,23611,24921,52,0,0,18,62,33,0,94235,85928,89111,2,0,0,317
0,400,264,26198,4,18336,5886,1,4934,7213,2,719,94165,7479,3,158,4657,1634,318,3,34616,12009,82449,0,0,602,26596,23699,24944,52,0,0,18,68,33,0,94061,85770,88950,2,0,0,317
0,418,264,26187,4,18337,5900,1,4934,7213,2,694,94473,7479,3,158,4536,1926,318,3,34903,12416,82550,0,0,602,26513,23799,24968,50,0,0,18,62,33,0,94555,85600,88774,2,0,0,317
0,419,264,26204,4,18361,5900,1,4934,7213,2,694,93826,7479,3,158,4430,1752,318,3,35182,12656,82446,0,0,602,26661,23638,24961,50,0,0,18,68,33,0,94286,86053,89234,2,0,0,317
0,424,264,26169,4,18346,5900,1,4934,7213,2,703,93969,7479,3,158,4286,1719,318,3,35087,12412,82543,0,0,602,26623,23675,24965,50,0,0,18,63,33,0,94566,85772,88961,2,0,0,317
0,433,265,26186,4,18341,5900,1,4934,7213,2,721,94714,7479,3,159,4572,1705,318,3,34688,11875,82459,0,0,602,26562,23751,24960,54,0,0,18,62,33,0,94317,85841,89165,2,0,0,317
0,418,265,26159,4,18322,5890,1,4934,7213,2,715,94194,7479,3,157,4732,1670,319,3,35113,12702,82552,0,0,602,26563,23751,24999,53,0,0,18,62,33,0,94460,86152,89306,2,0,0,317
0,396,262,26189,4,18327,5894,1,4934,7213,2,704,94576,7479,3,158,4311,1692,318,3,34868,12439,82369,0,0,602,26465,23817,24938,53,0,0,18,58,33,0,94368,85204,88332,2,0,0,317
0,420,264,26172,4,18326,5894,1,4934,7213,2,716,94392,7479,3,158,4364,1771,318,3,35106,12579,82485,0,0,602,26569,23717,24972,53,0,0,18,68,33,0,94508,85536,88694,2,0,0,317
0,396,263,26191,9,18345,5907,1,4934,7213,2,701,94050,7479,3,157,4763,1683,318,3,34955,12267,82411,0,0,602,26541,23718,24928,52,0,0,18,54,33,0,94190,85856,89022,2,0,0,317
0,415,264,26178,4,18345,5898,1,4934,7214,2,702,94393,7479,3,158,4450,1636,318,3,35277,12237,82449,0,0,602,26591,23697,24964,54,0,0,18,69,33,0,94493,85704,88912,2,0,0,317
0,417,264,26203,4,18347,5896,1,4934,7213,2,710,94244,7479,3,157,4404,1969,318,3,34738,12363,82462,0,0,602,26522,23737,24923,52,0,0,18,74,33,0,94205,86018,89259,2,0,0,317
0,396,262,26183,4,18327,5892,1,4934,7213,2,686,93982,7479,3,158,4347,1712,318,3,34579,12020,82510,0,0,602,26565,23692,24916,52,0,0,18,66,33,0,94442,86061,89180,2,0,0,317
0,398,265,26194,10,18352,5903,1,4934,7213,2,696,94251,7479,3,158,4349,2062,318,3,34982,12483,82562,0,0,602,26651,23637,24936,52,0,0,18,61,33,0,94163,85651,88813,2,0,0,317
0,425,262,26193,4,18340,5901,1,4934,7213,2,716,94366,7479,3,158,4125,1741,318,3,34755,12405,82491,0,0,602,26480,23770,24953,52,0,0,18,80,33,0,94270,85882,89039,2,0,0,317
0,417,264,26190,4,18343,5897,1,4934,7213,2,676,93938,7479,3,158,4324,1760,318,3,35021,12461,82436,0,0,602,26563,23702,24938,52,0,0,18,68,33,0,93904,85790,88916,2,0,0,317
0,413,263,26185,4,18339,5894,1,4934,7213,2,694,94127,7479,3,158,4183,1928,318,3,34916,12490,82532,0,0,602,26522,23752,24962,53,0,0,18,59,33,0,94733,86319,89600,2,0,0,317
0,425,264,26199,4,18342,5901,1,4934,7213,2,702,94439,7479,3,159,4545,1667,318,3,35247,12692,82529,0,0,602,26617,23714,24990,55,0,0,18,55,33,0,94421,86293,89590,2,0,0,317
0,419,264,26178,4,18329,5898,1,4934,7214,2,700,94565,7479,3,158,4052,1734,318,3,35194,12501,82548,0,0,602,26661,23636,24977,52,0,0,18,69,33,0,94179,85947,89098,2,0,0,317
0,420,265,26187,4,18339,5892,1,4934,7213,2,708,94627,7479,3,158,4238,1792,318,4,34427,11893,82379,0,0,602,26522,23776,24959,50,0,0,18,66,33,0,93876,85855,88991,2,0,0,317
0,421,265,26189,4,18346,5908,1,4934,7213,2,723,94416,7479,3,158,4372,2195,318,3,34605,12131,82455,0,0,602,26576,23707,24964,49,0,0,18,62,33,0,94340,86150,89281,2,0,0,317
0,423,265,26169,4,18328,5885,1,4934,7213,2,706,94394,7479,3,158,4204,1729,318,3,35181,12381,82534,0,0,602,26546,23713,24933,53,0,0,18,70,33,0,94053,86345,89498,2,0,0,317
0,334,158,825,1,530,791,1,263,503,0,220,15164,202,3,54,3472,667,318,3,8066,6892,4805,0,0,28,1084,1347,1269,15,0,0,18,20,33,0,16087,86122,89503,2,0,0,317
0,416,264,26186,4,18330,5903,1,4934,7213,2,729,94833,7479,3,159,4102,1730,318,3,34999,11903,82402,0,0,602,26461,23766,24916,53,0,0,18,66,33,0,94473,85789,89179,2,0,0,317
0,417,265,26166,4,18331,5894,1,4934,7213,2,703,94486,7479,3,158,4367,1705,318,3,34482,12048,82378,0,0,602,26546,23735,24977,54,0,0,19,78,35,0,94439,85803,89003,2,0,0,317
0,398,265,26169,4,18318,5896,1,4934,7213,2,705,94231,7479,3,158,4457,1979,318,3,34684,12046,82388,0,0,602,26585,23707,24963,52,0,0,18,66,34,0,94237,85884,89029,2,0,0,316
0,396,262,26170,4,18337,5903,1,4934,7213,2,697,93967,7479,3,159,4131,1901,318,3,34535,12054,82409,0,0,602,26532,23723,24949,54,0,0,18,56,32,0,93828,85613,88777,2,0,0,317
0,399,265,26172,4,18329,5891,1,4934,7213,2,704,94066,7479,3,158,4482,1709,317,3,34576,12030,82506,0,0,602,26536,23731,24925,53,0,0,18,60,33,0,93958,86120,89435,2,0,0,317
0,427,262,26207,4,18360,5921,1,4934,7213,2,703,94494,7479,3,158,4070,1680,318,4,35107,12533,82505,0,0,602,26553,23706,24945,52,0,0,18,69,33,0,94165,86166,89306,2,0,0,317
0,426,264,26204,4,18343,5898,1,4934,7213,2,700,94314,7479,3,158,4299,1775,318,3,35039,12322,82421,0,0,602,26451,23824,24926,51,0,0,18,74,33,0,94443,85908,89312,2,0,0,317
0,421,264,26170,4,18320,5899,1,4934,7213,2,714,94293,7479,3,158,4339,1753,318,3,34842,12222,82484,0,0,602,26509,23739,24914,52,0,0,18,69,33,0,94163,86384,89561,2,0,0,317
0,417,265,26176,4,18334,5895,1,4934,7213,2,721,94638,7479,3,158,4067,1724,318,4,34847,12304,82484,0,0,602,26570,23682,24933,52,0,0,18,65,33,0,94120,85912,89120,2,0,0,317
0,419,261,26186,4,18347,5895,1,4934,7213,2,695,94081,7479,3,158,4603,1723,318,3,35243,12726,82430,0,0,602,26582,23715,24968,53,0,0,18,57,33,0,94031,86095,89225,2,0,0,317
0,423,264,26177,4,18319,5894,1,4934,7213,2,723,94612,7479,3,158,4433,1667,318,3,35285,12729,82522,0,0,602,26576,23681,24945,53,0,0,18,66,33,0,94540,86287,89454,2,0,0,317
0,423,264,26174,4,18333,5891,1,4934,7213,2,710,94581,7479,3,158,4340,1775,318,4,34941,12488,82520,0,0,602,26626,23659,24971,52,0,0,18,66,33,0,94227,85872,89261,2,0,0,317
0,421,263,26177,4,18338,5888,1,4934,7213,2,708,94328,7479,3,157,4266,1859,318,3,34766,12229,82519,0,0,602,26594,23701,24958,52,0,0,18,71,33,0,94219,86009,89382,2,0,0,317
0,421,264,26173,4,18336,5899,1,4934,7213,2,716,94600,7479,3,158,4411,2163,318,3,34846,12403,82475,0,0,602,26559,23705,24962,51,0,0,18,69,33,0,94681,86144,89542,2,0,0,317
0,419,265,26176,4,18332,5905,1,4934,7213,2,707,94158,7479,3,157,4425,1670,318,3,34805,12195,82557,0,0,602,26534,23779,24969,52,0,0,18,71,33,0,94359,85689,88882,2,0,0,317
0,398,264,26189,4,18335,5890,1,4934,7213,2,689,94064,7479,3,158,4201,1703,318,3,34885,12441,82459,0,0,602,26528,23748,24951,52,0,0,18,70,33,0,94334,85951,89173,2,0,0,317
0,401,265,26182,4,18333,5900,1,4934,7213,2,705,93935,7479,3,158,4273,1769,318,3,34926,12288,82432,0,0,602,26533,23718,24934,51,0,0,18,64,33,0,93978,85708,88885,2,0,0,317
0,396,264,26169,9,18325,5899,1,4934,7213,2,709,93855,7479,3,156,4623,1833,318,3,34326,11783,82435,0,0,602,26576,23711,24943,51,0,0,18,70,33,0,94102,85602,88874,2,0,0,317
0,413,264,26187,4,18333,5897,1,4934,7213,2,703,94242,7479,3,157,4342,1761,318,3,35136,12618,82507,0,0,602,26642,23656,24960,53,0,0,18,60,33,0,94378,85867,89018,2,0,0,317
0,417,265,26182,4,18330,5894,1,4934,7213,2,718,94268,7479,3,158,4551,1730,318,3,34911,12579,82506,0,0,602,26578,23674,24925,52,0,0,18,79,33,0,94387,86007,89147,2,0,0,317
0,432,264,26168,4,18329,5894,1,4934,7213,2,707,94342,7479,3,160,4146,1712,318,3,35044,12379,82476,0,0,602,26544,23757,24953,51,0,0,18,72,33,0,94446,86152,89297,2,0,0,317
0,351,264,26177,4,18322,5889,1,4934,7213,2,678,93705,7479,3,157,4138,1728,371,3,34028,11589,82387,0,0,602,26547,23711,24929,50,0,0,18,72,33,0,93572,85286,88584,2,0,0,316
0,419,264,26184,4,18342,5892,1,4934,7213,2,727,94449,7479,3,158,4425,1821,318,3,34865,12187,82433,0,0,602,26596,23696,24955,51,0,0,18,53,33,0,94082,86352,89496,2,0,0,317
0,432,265,26188,4,18354,5902,1,4934,7213,2,695,94444,7479,3,159,4131,1824,317,3,34886,12381,82489,0,0,602,26571,23656,24914,49,0,0,18,66,33,0,94329,86230,89629,2,0,0,317
0,398,263,26176,4,18330,5897,1,4934,7213,2,700,94124,7479,3,157,4645,1641,318,3,34883,12239,82488,0,0,602,26652,23616,24947,52,0,0,18,69,33,0,94342,85900,89083,2,0,0,317
0,394,264,26171,4,18322,5897,1,4934,7213,2,707,94147,7479,3,159,4109,1744,318,3,34533,11892,82490,0,0,602,26519,23773,24960,51,0,0,18,52,33,0,93834,85762,89122,2,0,0,317
0,416,264,26194,4,18340,5903,1,4934,7213,2,694,94457,7479,3,158,4233,1802,318,3,34903,12313,82423,0,0,602,26521,23755,24940,53,0,0,18,59,33,0,94045,85825,89220,2,0,0,317
0,428,263,26192,4,18356,5902,1,4934,7213,2,710,94402,7479,3,159,4070,1723,318,3,34803,12323,82426,0,0,602,26602,23671,24969,53,0,0,18,83,33,0,94615,86170,89342,2,0,0,317
0,311,160,835,1,537,791,1,4934,7213,3,713,94359,7479,3,160,4328,1775,318,3,34504,12009,82441,0,0,602,26567,23738,24953,50,0,0,18,61,33,0,94165,85777,88940,2,0,0,317
0,414,263,26182,4,18329,5894,1,4934,7213,2,691,94096,7479,3,158,4740,1638,318,3,34986,12405,82443,0,0,602,26680,23638,24969,51,0,0,18,63,33,0,93658,86352,89516,2,0,0,317
0,397,265,26183,4,18333,5901,1,4934,7213,2,705,94482,7479,3,158,4272,1778,318,3,34847,12215,82427,0,0,602,26618,23664,24965,52,0,0,18,78,33,0,94293,85693,88832,2,0,0,317
0,423,263,26168,4,18321,5883,1,4934,7213,2,710,94584,7479,3,159,4348,1905,318,3,34709,12231,82467,0,0,602,26489,23787,24954,53,0,0,18,59,33,0,93905,85798,88986,2,0,0,317
0,428,265,26188,4,18348,5904,1,4934,7213,2,705,94455,7479,3,158,4523,1750,318,3,34831,12117,82550,0,0,602,26614,23688,24982,54,0,0,18,66,33,0,94306,85907,89079,2,0,0,317
0,396,265,26186,4,18341,5903,1,4934,7213,2,716,94674,7479,3,158,4361,1776,317,3,35045,12108,82412,0,0,602,26524,23745,24936,53,0,0,18,89,33,0,94111,85519,88735,2,0,0,317
0,414,265,26173,4,18336,5902,1,4934,7213,2,718,94577,7479,3,158,4334,1749,318,3,34881,12390,82562,0,0,602,26552,23716,24963,56,0,0,18,69,33,0,93816,85591,88702,2,0,0,317
0,395,264,26210,4,18357,5892,1,4934,7214,2,696,93943,7479,3,159,4428,1747,318,4,34683,12269,82378,0,0,602,26530,23706,24920,53,0,0,18,72,33,0,94469,85396,88550,2,0,0,317
0,424,265,26188,4,18341,5889,1,4934,7213,2,718,94305,7479,3,158,4215,1719,318,3,34628,12170,82487,0,0,602,26622,23667,24951,53,0,0,18,58,33,0,94366,85901,89091,2,0,0,317
0,425,264,26169,4,18328,5891,1,4934,7213,2,709,94340,7479,3,158,4643,1800,318,3,34845,12261,82451,0,0,602,26633,23647,24960,54,0,0,18,63,33,0,93845,86399,89599,2,0,0,316
0,426,264,26197,4,18358,5892,1,4934,7213,2,700,94290,7479,3,159,4471,1743,318,3,34974,12245,82473,0,0,602,26553,23695,24942,52,0,0,18,67,33,0,93994,85714,88874,2,0,0,317
0,422,262,26163,4,18330,5892,1,4934,7213,2,699,94388,7479,3,158,4359,1698,318,3,34753,12178,82464,0,0,602,26500,23760,24928,52,0,0,19,68,35,0,94539,86170,89349,2,0,0,316
0,430,265,26174,4,18333,5899,1,4934,7213,2,710,94534,7479,3,158,4176,1694,318,3,35298,12710,82483,0,0,602,26489,23736,24901,52,0,0,18,52,33,0,94334,85808,89007,2,0,0,317
0,399,263,26209,4,18347,5903,1,4934,7214,2,696,94131,7479,3,157,4527,2037,318,3,34717,12071,82387,0,0,602,26663,23626,24956,53,0,0,18,75,33,0,94313,86043,89246,2,0,0,317
0,415,265,26170,4,18337,5899,1,4934,7213,2,720,94552,7479,3,157,4251,1808,318,3,34841,12455,82502,0,0,602,26627,23633,24926,52,0,0,18,71,33,0,94541,85864,89071,2,0,0,317
0,423,265,26187,4,18332,5903,1,4934,7213,2,714,94220,7479,3,158,4363,1735,318,3,34617,12143,82525,0,0,602,26592,23713,24958,53,0,0,18,81,33,0,94077,85649,88824,2,0,0,317
0,399,265,26172,9,18330,5894,1,4934,7213,2,713,94128,7479,3,157,4450,1717,318,3,34563,12044,82441,0,0,602,26584,23696,24950,52,0,0,18,67,33,0,94339,85755,88916,2,0,0,317
0,425,264,26187,4,18339,5899,1,4934,7213,2,704,94584,7479,3,158,4601,1731,318,3,34938,12216,82459,0,0,602,26552,23695,24918,55,0,0,18,62,33,0,93948,86032,89172,2,0,0,317
0,347,264,26165,4,18319,5887,1,4934,7213,2,699,94077,7479,3,157,4099,1622,318,3,34340,11870,82379,0,0,602,26628,23609,24924,53,0,0,18,58,33,0,93699,85439,88620,2,0,0,317
0,419,263,26167,4,18331,5904,1,4934,7213,2,704,94579,7479,3,157,4378,1718,318,3,35016,12560,82398,0,0,602,26551,23711,24956,52,0,0,18,84,33,0,94585,85789,88931,2,0,0,317
0,424,265,26183,4,18340,5898,1,4934,7213,2,711,94573,7479,3,158,4255,1995,318,3,34644,12273,82391,0,0,602,26552,23709,24944,52,0,0,18,73,33,0,94473,85990,89132,2,0,0,317
0,416,264,26189,4,18344,5894,1,4934,7213,2,709,94292,7479,3,158,4539,1738,318,3,34698,12017,82514,0,0,602,26521,23722,24914,53,0,0,18,68,33,0,94397,86231,89623,2,0,0,317
0,431,263,26208,4,18351,5898,1,4934,7213,2,720,94477,7479,3,158,4229,1694,318,3,34862,12332,82502,0,0,602,26505,23740,24941,52,0,0,18,63,33,0,94103,85627,88824,2,0,0,317
0,421,264,26196,4,18337,5903,1,4934,7213,2,711,94404,7479,3,158,4480,1919,318,3,34869,12382,82536,0,0,602,26577,23713,24954,53,0,0,18,70,33,0,94157,85918,89047,2,0,0,317
0,430,265,26175,4,18323,5898,1,4934,7213,2,693,94275,7479,3,159,4052,1727,318,3,34803,12076,82567,0,0,602,26569,23676,24945,52,0,0,18,64,33,0,94646,86134,89298,2,0,0,317
0,412,265,26165,4,18321,5896,1,4934,7213,2,701,94475,7479,3,159,4430,1639,318,3,34820,12126,82519,0,0,602,26663,23663,24968,53,0,0,18,62,33,0,94761,85570,88666,2,0,0,317
0,397,264,26174,4,18333,5890,1,4934,7213,2,703,94273,7479,3,159,4428,1787,318,3,34087,11606,82469,0,0,602,26652,23665,24975,54,0,0,19,69,35,0,94055,85926,89098,2,0,0,317
0,428,264,26172,4,18338,5897,1,4934,7213,2,710,94322,7479,3,158,4473,1884,318,3,34757,12190,82445,0,0,602,26658,23665,24981,53,0,0,18,68,33,0,94723,85809,88967,2,0,0,317
0,396,265,26176,4,18330,5900,1,4934,7213,2,704,94230,7479,3,158,4763,1772,318,3,34483,11954,82499,0,0,602,26565,23769,24972,52,0,0,18,56,33,0,94017,86010,89169,2,0,0,317
0,418,264,26173,4,18332,5889,1,4934,7213,2,690,94309,7479,3,158,4494,1603,318,3,34784,12287,82492,0,0,602,26626,23653,24965,51,0,0,18,60,33,0,94689,85997,89263,2,0,0,317
0,397,263,26198,4,18353,5894,1,4934,7213,2,709,94097,7479,3,158,4102,1732,318,3,34673,12100,82555,0,0,602,26515,23751,24933,51,0,0,19,59,35,0,94158,85745,88873,2,0,0,317
0,428,264,26191,4,18337,5896,1,4934,7213,3,704,94366,7479,3,159,4345,2247,318,4,35008,12185,82559,0,0,602,26576,23723,24964,53,0,0,18,48,33,0,94181,85829,88990,2,0,0,317
0,416,264,26184,4,18330,5896,1,4934,7214,2,695,94496,7479,3,159,4362,1694,318,4,34916,12505,82500,0,0,602,26618,23683,24971,53,0,0,18,68,33,0,94458,86058,89288,2,0,0,317
0,337,159,826,1,531,788,1,263,502,1,222,15406,202,3,55,3668,666,318,3,7769,6352,4799,0,0,28,1098,1337,1273,15,0,0,18,62,33,0,94227,7350,10229,2,0,0,317
0,400,263,26195,4,18343,5899,1,4934,7213,2,707,94039,7479,3,157,4494,1835,318,3,34896,11862,82444,0,0,602,26544,23747,24962,54,0,0,18,70,33,0,94424,85802,89019,2,0,0,317
0,425,265,26178,4,18340,5903,1,4934,7213,2,699,94229,7479,3,158,4436,1853,318,3,35148,12600,82492,0,0,602,26602,23671,24935,55,0,0,18,60,33,0,94522,85929,89094,2,0,0,317
1,338,158,834,1,531,785,1,263,502,1,230,15326,202,3,54,3491,555,318,3,7915,6830,4820,0,0,602,26525,23726,24918,53,0,0,18,23,33,0,15751,7578,10483,2,0,0,317
0,418,265,26197,4,18338,5895,1,4934,7213,2,711,94413,7479,3,158,4455,1935,318,3,34787,12318,82406,0,0,602,26663,23665,24994,53,0,0,19,69,35,0,94022,86314,89620,2,0,0,317
0,416,262,26174,4,18338,5894,1,4934,7213,2,705,94588,7479,3,158,4389,1649,317,3,34906,12392,82403,0,0,602,26618,23686,24962,51,0,0,18,69,33,0,94124,85980,89208,2,0,0,317
1,308,159,832,1,537,790,1,4934,7213,3,706,94275,7479,3,158,4341,1670,318,3,34680,12096,82472,0,0,602,26539,23726,24923,50,0,0,18,63,33,0,94243,85324,88469,2,0,0,317
0,420,264,26175,4,18322,5901,1,4934,7213,2,706,94509,7479,3,158,4027,1743,318,3,34578,12083,82466,0,0,602,26557,23710,24941,51,0,0,18,73,33,0,94171,86057,89470,2,0,0,317
0,397,262,26183,4,18333,5903,1,4934,7213,2,710,94190,7479,3,159,4440,1629,318,4,34572,11986,82508,0,0,602,26490,23782,24956,51,0,0,18,62,33,0,94389,85318,88463,2,0,0,317
0,422,264,26174,4,18329,5893,1,4934,7213,2,717,94521,7479,3,157,4432,1692,318,3,34983,12306,82444,0,0,602,26545,23726,24943,52,0,0,18,65,33,0,94744,85975,89266,2,0,0,317
0,421,263,26179,4,18334,5904,1,4934,7213,2,715,94860,7479,3,158,4658,1611,318,4,35051,12621,82553,0,0,602,26573,23702,24932,51,0,0,18,65,33,0,94533,86332,89529,2,0,0,317
0,414,264,26189,4,18331,5898,1,4934,7213,2,720,94629,7479,3,158,4689,1767,318,3,34733,12334,82545,0,0,602,26542,23720,24951,50,0,0,18,66,33,0,94731,85767,88878,2,0,0,317
0,411,265,26211,4,18350,5897,1,4934,7213,2,702,94405,7479,3,158,4209,1850,318,3,35056,12679,82403,0,0,602,26584,23695,24960,50,0,0,18,67,33,0,94280,86142,89288,2,0,0,317
0,418,265,26176,4,18339,5906,1,4934,7213,2,704,94222,7479,3,158,4368,1707,318,3,34793,12238,82585,0,0,602,26589,23680,24964,50,0,0,18,58,33,0,93931,85721,88903,2,0,0,317
0,397,263,26186,4,18332,5894,1,4934,7213,2,711,94281,7479,3,159,4548,1741,318,3,34691,12222,82347,0,0,602,26468,23784,24949,51,0,0,18,59,33,0,94200,86113,89430,2,0,0,317
0,419,264,26194,4,18346,5896,1,4934,7213,2,713,94534,7479,3,158,4494,1729,318,3,34887,12306,82426,0,0,602,26568,23741,24971,54,0,0,18,64,33,0,94184,85820,89176,2,0,0,317
0,419,265,26166,4,18321,5892,1,4934,7213,2,715,94524,7479,3,157,4646,1910,318,3,34639,12038,82569,0,0,602,26515,23747,24948,54,0,0,18,65,33,0,94431,85869,89011,2,0,0,317
0,427,265,26162,4,18331,5896,1,4934,7213,2,697,94194,7479,3,157,4566,1679,318,3,35256,12802,82582,0,0,602,26530,23728,24950,54,0,0,18,59,33,0,94430,86258,89366,2,0,0,317
0,430,264,26159,4,18329,5897,1,4934,7213,2,719,94993,7479,3,158,4513,1706,318,3,35165,12446,82611,0,0,602,26565,23667,24918,52,0,0,18,65,33,0,94305,86188,89378,2,0,0,317
0,398,263,26181,4,18342,5897,1,4934,7213,2,716,94160,7479,3,158,4536,1763,318,3,34752,12077,82422,0,0,602,26547,23705,24913,53,0,0,18,68,33,0,94326,85620,88765,2,0,0,317
0,423,262,26169,4,18321,5894,1,4934,7213,2,700,94472,7479,3,157,4563,1583,318,3,34693,12088,82402,0,0,602,26599,23669,24938,55,0,0,18,76,33,0,94282,86187,89393,2,0,0,317
0,397,263,26198,4,18344,5903,1,4934,7214,2,703,94440,7479,3,158,4390,1693,318,3,34588,12046,82453,0,0,602,26561,23759,24998,52,0,0,18,75,33,0,94118,85861,89045,2,0,0,317
0,418,265,26184,4,18341,5897,1,4934,7213,2,701,94198,7479,3,158,4203,1737,318,3,35002,12405,82403,0,0,602,26518,23769,24969,52,0,0,18,63,33,0,94270,85973,89179,2,0,0,317
0,421,264,26181,4,18335,5897,1,4934,7213,2,726,94442,7479,3,158,4279,1921,318,3,35096,12539,82444,0,0,602,26635,23654,24974,51,0,0,19,75,35,0,94804,85817,89170,2,0,0,317
0,429,264,26198,4,18342,5907,1,4934,7213,2,702,94421,7479,3,158,4165,1791,318,3,34831,12387,82569,0,0,602,26596,23667,24918,50,0,0,18,72,33,0,95200,86215,89576,2,0,0,317
0,422,264,26183,4,18333,5891,1,4934,7213,2,705,94545,7479,3,158,4542,1677,318,3,34761,12216,82375,0,0,602,26501,23733,24923,51,0,0,18,69,33,0,94371,85597,88798,2,0,0,317
0,415,264,26167,4,18329,5893,1,4934,7213,2,694,94214,7479,3,158,4544,1792,318,3,35000,12539,82425,0,0,602,26568,23733,24949,52,0,0,18,63,33,0,93678,85755,89076,2,0,0,317
0,413,263,26166,4,18331,5894,1,4934,7213,2,711,94277,7479,3,159,4357,1731,318,3,35258,12637,82484,0,0,602,26567,23697,24935,52,0,0,18,68,33,0,94520,86109,89280,2,0,0,317
0,427,264,26204,4,18362,5898,1,4934,7213,2,711,94106,7479,3,157,4638,1710,318,3,34734,12211,82420,0,0,602,26556,23716,24940,51,0,0,18,63,33,0,94686,85755,88888,2,0,0,317
0,396,265,26161,10,18333,5900,1,4934,7213,2,705,94039,7479,3,157,4248,1754,317,3,34518,11979,82407,0,0,602,26494,23781,24967,54,0,0,18,68,33,0,93668,85906,89090,2,0,0,317
0,417,264,26179,4,18323,5897,0,4934,7213,2,710,94334,7479,3,159,4328,1771,318,3,34915,12419,82466,0,0,602,26570,23721,24952,54,0,0,18,84,33,0,94288,85757,88942,2,0,0,317
0,433,265,26164,4,18315,5896,1,4934,7213,2,685,94221,7479,3,157,4610,1718,318,3,35012,12396,82498,0,0,602,26461,23815,24952,51,0,0,18,54,33,0,94725,86216,89373,2,0,0,317
0,342,270,35473,5,24856,7628,1,6631,9560,2,731,120074,10005,3,161,4035,1957,318,3,42978,11957,108669,0,0,782,35026,31165,33355,43,0,0,18,45,33,0,120412,111977,115320,2,0,0,317
0,430,265,26173,4,18333,5891,1,4934,7213,2,717,94640,7479,3,158,4300,1743,318,3,34971,12181,82521,0,0,602,26633,23705,24981,54,0,0,18,64,33,0,94344,86373,89540,2,0,0,317
0,400,264,26189,4,18331,5891,1,4934,7213,2,698,94431,7479,3,157,4785,1658,318,3,34448,11989,82497,0,0,602,26561,23701,24921,54,0,0,18,66,33,0,94046,85940,89115,2,0,0,317
1,415,265,26201,4,18344,5902,1,4934,7213,2,713,94721,7479,3,158,4357,1577,318,3,34806,12486,82498,0,0,602,26587,23690,24950,52,0,0,18,65,33,0,94013,85884,89042,2,0,0,317
0,416,265,26162,4,18336,5894,1,4934,7213,2,727,94247,7479,3,158,4276,1760,318,3,34865,12388,82506,0,0,602,26621,23664,24948,51,0,0,18,61,33,0,94605,86123,89327,2,0,0,317
0,428,263,26190,4,18340,5897,1,4934,7213,2,717,94550,7479,3,158,4315,1719,317,3,34843,12178,82426,0,0,602,26531,23759,24951,51,0,0,18,65,33,0,94695,86247,89421,2,0,0,317
0,347,264,26198,4,18341,5898,1,4934,7214,2,698,94011,7479,3,157,4044,1740,318,3,34627,12068,82542,0,0,602,26572,23657,24910,51,0,0,18,69,33,0,93771,84924,88080,2,0,0,317
0,415,264,26178,4,18338,5896,1,4934,7213,2,715,94409,7479,3,158,4328,1659,318,3,34958,12415,82487,0,0,602,26598,23662,24939,52,0,0,18,62,33,0,94243,86140,89540,2,0,0,317
0,423,264,26168,4,18330,5895,1,4934,7213,2,706,94373,7479,3,159,4438,1993,318,3,34528,12153,82503,0,0,602,26554,23712,24962,52,0,0,18,55,33,0,94115,86172,89343,2,0,0,316
0,401,265,26176,4,18325,5897,1,4934,7213,2,689,93934,7479,3,157,4277,1707,318,3,34817,12387,82453,0,0,602,26665,23645,24954,53,0,0,18,70,32,0,93960,85919,89058,2,0,0,317
0,426,264,26153,4,18320,5898,1,4934,7213,2,712,94675,7479,3,158,4511,1806,318,3,34764,12370,82579,0,0,602,26572,23699,24943,53,0,0,18,60,33,0,94190,86343,89459,2,0,0,317
0,423,264,26175,4,18345,5895,1,4934,7213,2,714,94547,7479,3,158,4397,1933,318,3,34892,12281,82401,0,0,602,26592,23645,24920,51,0,0,18,58,33,0,94738,86015,89314,2,0,0,317
0,396,264,26176,4,18333,5899,1,4934,7213,2,710,94178,7479,3,159,4298,1810,318,3,34554,12052,82370,0,0,602,26482,23832,24965,50,0,0,18,61,33,0,94314,85651,88832,2,0,0,317
0,424,265,26190,4,18341,5899,1,4934,7214,2,727,94349,7479,3,158,4543,1730,318,3,34699,12048,82454,0,0,602,26606,23693,24978,53,0,0,18,65,33,0,94121,85953,89260,2,0,0,317
0,413,262,26198,4,18350,5898,1,4934,7213,2,715,94488,7479,3,158,4425,1945,318,3,35164,12687,82504,0,0,602,26554,23683,24903,51,0,0,18,67,33,0,94622,85984,89286,2,0,0,317
0,422,265,26167,4,18335,5889,1,4934,7213,2,714,94345,7479,3,158,4496,1734,317,3,34893,12418,82559,0,0,602,26497,23750,24940,54,0,0,18,68,33,0,94691,86265,89471,2,0,0,317
0,411,263,26179,4,18341,5896,1,4934,7213,2,722,94194,7479,3,157,4661,1786,318,3,34655,12166,82430,0,0,602,26623,23627,24910,51,0,0,18,65,33,0,94795,86128,89311,2,0,0,317
0,421,263,26183,4,18339,5900,1,4934,7213,2,701,94527,7479,3,158,4465,1910,318,3,34936,12442,82492,0,0,602,26681,23647,24971,53,0,0,18,70,33,0,94330,86336,89523,2,0,0,317
0,416,264,26197,4,18346,5895,1,4934,7213,2,715,94262,7479,3,157,4426,1750,318,3,34560,12029,82337,0,0,602,26640,23724,24922,50,0,0,18,60,33,0,94493,85527,88701,2,0,0,317
0,414,262,26178,4,18346,5890,1,4934,7213,2,705,94484,7479,3,158,4070,1732,318,3,34753,12187,82430,0,0,602,26608,23645,24938,52,0,0,18,57,33,0,94342,86118,89344,2,0,0,317
0,427,264,26177,4,18335,5897,1,4934,7213,2,708,94356,7479,3,157,4406,1598,318,3,34794,12147,82395,0,0,602,26568,23739,24961,53,0,0,18,63,33,0,94187,85940,89239,2,0,0,317
0,431,265,26189,4,18341,5894,1,4934,7213,2,701,94307,7479,3,158,4034,1757,317,3,34525,12070,82445,0,0,602,26525,23735,24929,50,0,0,18,53,33,0,94689,85799,89189,2,0,0,317
0,399,264,26184,4,18338,5899,1,4934,7213,2,700,94132,7479,3,157,4631,1554,318,3,34803,12343,82438,0,0,602,26601,23725,24980,53,0,0,18,68,33,0,94353,85869,89023,2,0,0,317
0,427,260,26181,4,18347,5897,1,4934,7213,2,714,94705,7479,3,159,4173,1781,318,3,34836,12302,82442,0,0,602,26602,23675,24941,51,0,0,18,67,33,0,93919,86173,89320,2,0,0,317
0,429,264,26199,4,18333,5897,1,4934,7213,2,691,94058,7479,3,157,4488,1709,318,3,34785,12204,82450,0,0,602,26629,23734,25000,52,0,0,18,63,33,0,94533,85757,88926,2,0,0,317
0,421,264,26182,4,18334,5885,1,4934,7213,2,709,94456,7479,3,158,4413,1991,318,3,35447,12775,82526,0,0,602,26604,23785,24942,53,0,0,18,67,33,0,94376,85853,89027,2,0,0,368
0,396,265,26170,4,18327,5899,1,4934,7213,2,725,94222,7479,3,158,4369,1748,318,3,34518,12201,82337,0,0,602,26589,23679,24941,55,0,0,18,64,33,0,94121,85754,88924,2,0,0,317
0,422,264,26182,4,18341,5902,1,4934,7213,2,715,94601,7479,3,158,4304,1699,318,3,34878,12292,82535,0,0,602,26678,23668,25004,54,0,0,18,67,33,0,94444,86099,89280,2,0,0,317
0,414,263,26195,4,18344,5904,1,4934,7213,2,700,94509,7479,3,158,4579,1773,318,3,34672,12265,82375,0,0,602,26504,23772,24978,55,0,0,18,72,33,0,93949,86162,89315,2,0,0,317
0,401,265,26181,4,18338,5897,1,4934,7213,2,701,94034,7479,3,158,4416,1716,318,3,34603,12067,82530,0,0,602,26517,23783,24966,52,0,0,18,56,33,0,94345,85878,89043,2,0,0,317
0,415,265,26192,4,18343,5900,1,4934,7213,2,717,94204,7479,3,157,4484,1754,318,3,34897,12362,82545,0,0,602,26590,23648,24901,52,0,0,18,70,33,0,94216,86137,89261,2,0,0,316
0,428,264,26183,4,18334,5894,1,4934,7213,2,729,94481,7479,3,158,4285,1660,318,3,34801,12353,82545,0,0,602,26540,23723,24935,52,0,0,18,65,33,0,94617,86067,89183,2,0,0,317
0,414,264,26174,4,18338,5901,1,4934,7213,2,688,94266,7479,3,159,4288,1725,318,3,34681,12099,82470,0,0,602,26527,23755,24940,52,0,0,18,69,33,0,94122,85976,89090,2,0,0,317
0,419,265,26175,4,18336,5888,1,4934,7213,2,705,94062,7479,3,157,4568,1605,318,3,34819,12216,82562,0,0,602,26611,23691,24985,50,0,0,18,65,33,0,94444,86005,89158,2,0,0,317
0,414,264,26175,4,18334,5890,1,4934,7213,2,700,94469,7479,3,157,4748,1695,318,3,35126,12598,82431,0,0,602,26604,23617,24899,52,0,0,18,58,33,0,94083,86230,89434,2,0,0,317
0,428,263,26197,4,18351,5903,1,4934,7213,2,705,94457,7479,3,158,4878,2017,318,3,35033,12533,82420,0,0,602,26523,23759,24954,51,0,0,18,66,33,0,94419,86277,89474,2,0,0,317
0,422,265,26181,4,18336,5891,1,4934,7213,2,698,94156,7479,3,158,4289,1990,318,3,34796,12301,82421,0,0,602,26549,23756,24962,53,0,0,18,63,33,0,94157,85895,89082,2,0,0,317
0,432,263,26175,4,18342,5893,1,4934,7213,2,703,94238,7479,3,158,4110,1738,318,3,35153,12644,82517,0,0,602,26531,23708,24930,50,0,0,18,59,33,0,94254,85934,89078,2,0,0,317
0,333,162,821,1,525,791,1,263,502,1,222,15183,202,3,55,3430,665,377,3,8078,6935,4795,0,0,28,1134,1294,1256,15,0,0,18,70,33,0,94680,7228,10137,2,0,0,317
0,422,264,26185,4,18338,5901,1,4934,7213,2,708,94400,7479,3,158,4342,1807,317,3,34635,12132,82401,0,0,602,26455,23782,24917,53,0,0,18,66,33,0,94227,85953,89091,2,0,0,317
0,418,265,26170,4,18330,5896,1,4934,7213,2,721,94675,7479,3,159,4497,1716,318,3,34975,12587,82511,0,0,602,26595,23686,24945,52,0,0,18,66,33,0,94596,86509,89660,2,0,0,317
1,401,264,26193,4,18348,5901,1,4934,7214,2,707,94350,7479,3,159,4431,1647,318,3,34851,12234,82421,0,0,602,26526,23709,24921,52,0,0,18,64,33,0,94416,85967,89365,2,0,0,317
0,400,264,26165,4,18320,5888,1,4934,7213,2,711,94107,7479,3,159,4580,2016,318,3,34850,12300,82466,0,0,602,26608,23707,24999,51,0,0,18,64,33,0,94157,85695,88834,2,0,0,317
0,418,265,26199,4,18350,5898,1,4934,7213,2,691,94173,7479,3,159,4294,1677,318,3,35010,12393,82586,0,0,602,26592,23723,24987,53,0,0,18,70,33,0,94346,85891,89101,2,0,0,317
0,400,265,26188,4,18347,5903,1,4934,7214,2,719,94218,7479,3,158,4089,2161,318,3,34875,12339,82438,0,0,602,26490,23793,24945,51,0,0,18,58,33,0,94338,85550,88964,2,0,0,317
0,422,265,26182,4,18338,5899,1,4934,7213,2,692,94491,7479,3,158,4517,1686,318,3,35198,12413,82503,0,0,602,26548,23721,24965,52,0,0,18,68,33,0,94594,86421,89570,2,0,0,317
0,424,265,26194,4,18359,5901,1,4934,7213,2,732,94968,7479,3,159,4541,1649,318,3,35054,12589,82526,0,0,602,26553,23699,24917,52,0,0,18,60,33,0,94181,86235,89593,2,0,0,316
0,416,264,26193,4,18339,5903,1,4934,7213,2,701,94387,7479,3,158,4508,1776,318,3,35023,12177,82457,0,0,602,26551,23763,24972,50,0,0,18,65,33,0,94292,86055,89262,2,0,0,317
0,402,264,26186,4,18341,5893,1,4934,7213,2,705,94246,7479,3,158,4327,1751,317,3,34948,12524,82378,0,0,602,26593,23685,24947,53,0,0,18,67,33,0,94192,86085,89229,2,0,0,317
0,428,266,26191,4,18340,5897,1,263,502,1,222,15601,202,3,55,3726,739,318,3,8090,6767,4810,0,0,28,1075,1340,1269,16,0,0,18,22,33,0,15732,7427,10526,2,0,0,317
0,421,264,26193,4,18341,5899,1,4934,7213,2,715,94515,7479,3,159,4387,1692,318,3,34762,12271,82458,0,0,602,26527,23739,24936,52,0,0,18,71,33,0,94177,85983,89194,2,0,0,317
0,425,262,26178,4,18324,5901,1,4934,7213,2,696,94512,7479,3,157,4578,1761,318,4,35103,12384,82548,0,0,602,26541,23737,24933,52,0,0,18,71,33,0,94139,85772,89044,2,0,0,317
1,416,264,26191,4,18357,5902,1,4934,7213,2,720,94647,7479,3,159,4699,1771,318,3,35132,12633,82458,0,0,602,26514,23747,24936,52,0,0,18,64,33,0,94158,85888,89116,2,0,0,317
0,428,264,26180,4,18337,5900,1,4934,7213,2,702,94507,7479,3,159,4142,1681,318,3,34928,12478,82437,0,0,602,26556,23732,24971,51,0,0,18,60,33,0,94199,85811,89004,2,0,0,317
0,328,162,835,1,534,789,1,263,502,1,216,15405,202,3,55,3626,634,318,3,7943,6692,4790,0,0,28,1089,1346,1262,14,0,0,18,23,33,0,15809,7680,10606,2,0,0,317
0,417,262,26187,4,18337,5897,1,4934,7213,2,726,94407,7479,3,158,4577,1802,317,3,34831,12279,82493,0,0,602,26569,23687,24934,51,0,0,18,67,33,0,94169,85933,89248,2,0,0,317
0,416,263,26177,4,18342,5893,1,4934,7213,2,719,94233,7479,3,158,4107,1764,318,3,34762,12020,82487,0,0,602,26628,23651,24983,50,0,0,18,54,33,0,94226,85802,88921,2,0,0,317
1,416,263,26163,4,18332,5896,1,4934,7213,2,703,94365,7479,3,158,4343,1755,318,3,34810,12308,82532,0,0,602,26547,23709,24938,52,0,0,18,58,33,0,94480,86054,89188,2,0,0,317
0,419,265,26186,4,18339,5905,1,4934,7213,2,716,94572,7479,3,157,4126,1896,318,3,35046,12565,82540,0,0,602,26559,23724,24939,53,0,0,18,65,33,0,94268,86361,89563,2,0,0,317
0,437,265,26173,4,18320,5899,1,4934,7213,2,706,94352,7479,3,158,4549,1729,318,3,34903,12579,82508,0,0,602,26557,23706,24923,54,0,0,18,60,33,0,94554,85930,89190,2,0,0,317
0,424,263,26195,4,18353,5898,1,4934,7213,2,701,94211,7479,3,160,4240,2112,318,3,34890,12327,82566,0,0,602,26465,23762,24937,53,0,0,18,57,33,0,94580,85901,89093,2,0,0,317
0,422,265,26191,4,18334,5890,1,4934,7213,2,716,94681,7479,3,158,4301,1852,318,3,35202,12690,82555,0,0,602,26540,23687,24899,54,0,0,18,62,33,0,94330,85974,89152,2,0,0,317
0,429,265,26175,4,18345,5897,1,4934,7214,2,714,94839,7479,3,159,4458,1749,318,3,35004,12300,82391,0,0,602,26629,23689,24982,49,0,0,18,69,33,0,94480,85606,88735,2,0,0,316
0,431,265,26166,4,18334,5894,1,4934,7213,2,704,94207,7479,3,158,4559,1719,318,3,34578,12079,82349,0,0,602,26548,23700,24927,51,0,0,18,64,33,0,94047,85830,88978,2,0,0,317
0,416,264,26183,4,18343,5902,1,4934,7213,2,696,94299,7479,3,158,4177,1762,318,3,34819,12309,82525,0,0,602,26570,23704,24941,52,0,0,18,66,33,0,94115,85805,88973,2,0,0,317
0,396,264,26175,4,18334,5896,1,4934,7213,2,713,94410,7479,3,158,4696,1788,318,3,35020,12259,82418,0,0,602,26487,23755,24937,51,0,0,19,76,35,0,94393,85852,89016,2,0,0,317
0,420,264,26173,4,18334,5905,1,4934,7213,2,699,94250,7479,3,158,4236,1662,318,3,34837,12406,82506,0,0,602,26608,23670,24971,52,0,0,18,68,33,0,93944,85854,89222,2,0,0,317
0,424,265,26171,4,18324,5889,1,4934,7213,2,702,94247,7479,3,158,4661,1734,318,3,34844,12368,82508,0,0,602,26539,23728,24941,54,0,0,18,82,33,0,94322,85602,88749,2,0,0,317
0,432,263,26202,4,18364,5900,1,4934,7213,2,716,94687,7479,3,158,4571,1782,318,3,34969,12308,82473,0,0,602,26540,23749,24954,52,0,0,18,60,33,0,94526,85759,89061,2,0,0,317
0,313,162,833,1,534,787,1,263,502,1,223,15059,202,3,55,3667,638,318,3,7813,6623,4761,0,0,28,1088,1336,1267,15,0,0,18,22,33,0,15159,7185,10151,2,0,0,317
0,424,265,26184,4,18341,5901,1,4934,7213,2,710,94087,7479,3,158,4393,1746,318,3,34959,12464,82503,0,0,602,26541,23699,24911,51,0,0,18,71,33,0,94464,86240,89458,2,0,0,317
0,428,263,26213,4,18363,5915,1,4934,7213,2,706,94599,7479,3,158,4337,1726,318,3,34973,12579,82521,0,0,602,26568,23705,24944,52,0,0,18,70,33,0,94687,86023,89146,2,0,0,317
1,311,162,825,1,534,788,1,263,502,1,228,14979,202,3,54,3769,671,318,3,7556,6281,4780,0,0,28,1083,1334,1260,15,0,0,18,23,33,0,15634,7287,10197,2,0,0,317
0,423,264,26186,4,18346,5908,1,4934,7213,2,709,94612,7479,3,157,4680,1853,318,3,34695,12141,82441,0,0,602,26627,23690,24974,54,0,0,18,88,33,0,94404,86044,89210,2,0,0,317
0,421,261,26173,4,18331,5889,1,4934,7213,2,715,94350,7479,3,159,4037,1764,318,3,34993,12250,82437,0,0,602,26613,23655,24946,52,0,0,18,71,33,0,94272,85752,89165,2,0,0,317
1,415,264,26201,4,18348,5895,1,4934,7213,2,721,94748,7479,3,159,4221,1739,318,3,35012,12460,82527,0,0,602,26546,23713,24929,54,0,0,19,74,35,0,94659,86060,89215,2,0,0,317
0,430,262,26170,4,18322,5893,1,4934,7213,2,709,94207,7479,3,157,4393,1659,318,3,34698,12118,82426,0,0,602,26589,23630,24919,50,0,0,18,69,33,0,93949,85873,89271,2,0,0,317
0,400,264,26176,4,18333,5888,1,4934,7213,2,705,94039,7479,3,158,4682,1815,318,3,34802,12157,82420,0,0,602,26492,23782,24975,52,0,0,18,58,33,0,94384,85580,88789,2,0,0,317
0,415,262,26162,4,18330,5894,1,4934,7213,2,696,94410,7479,3,158,4335,1682,318,3,35129,12511,82525,0,0,602,26547,23714,24922,54,0,0,18,65,33,0,94116,85992,89359,2,0,0,316
0,427,263,26183,4,18328,5898,1,4934,7213,2,707,94531,7479,3,159,4557,1647,318,3,34792,12278,82582,0,0,602,26580,23673,24914,52,0,0,18,62,33,0,94979,86282,89458,2,0,0,317
0,419,264,26198,4,18356,5902,1,4934,7213,2,700,94171,7479,3,158,4379,1722,318,3,35007,12544,82507,0,0,602,26486,23800,24949,51,0,0,18,65,33,0,94070,86060,89212,2,0,0,317
0,409,264,26182,4,18346,5895,1,4934,7213,2,701,94560,7479,3,159,4302,1787,318,3,34973,12641,82519,0,0,602,26552,23689,24931,53,0,0,18,49,33,0,94328,85958,89077,2,0,0,317
0,425,264,26172,4,18327,5890,1,4934,7213,2,706,94028,7479,3,158,4251,1711,318,3,34717,12153,82390,0,0,602,26637,23614,24914,51,0,0,18,67,33,0,94170,86243,89415,2,0,0,317
0,435,264,26177,4,18327,5892,1,4934,7213,2,711,94392,7479,3,159,4135,1734,318,3,34916,12323,82445,0,0,602,26548,23712,24914,52,0,0,18,60,33,0,94539,85940,89127,2,0,0,317
0,398,263,26193,4,18340,5902,1,4934,7213,2,704,93985,7479,3,158,4308,1720,318,3,34748,12224,82382,0,0,602,26606,23656,24920,52,0,0,18,82,33,0,94458,86098,89273,2,0,0,317
0,397,263,26185,4,18342,5891,1,4934,7213,2,708,94055,7479,3,158,4444,1813,318,3,34804,12292,82525,0,0,602,26493,23742,24914,53,0,0,18,58,33,0,94001,85754,89051,2,0,0,317
0,421,263,26178,4,18327,5886,1,4934,7213,2,728,94735,7479,3,158,4452,1802,318,3,34529,12050,82369,0,0,602,26499,23803,24980,54,0,0,19,67,35,0,94035,86111,89270,2,0,0,317
0,395,264,26182,4,18327,5891,1,4934,7213,2,683,93772,7479,3,158,4067,1740,317,3,34537,12158,82446,0,0,602,26621,23641,24938,51,0,0,18,64,33,0,94401,85890,89004,2,0,0,317
0,420,264,26184,4,18340,5898,1,4934,7213,2,699,94272,7479,3,158,4153,1732,318,3,34728,12163,82516,0,0,602,26524,23717,24929,53,0,0,18,57,33,0,93974,86196,89387,2,0,0,317
0,415,264,26171,4,18324,5896,1,4934,7213,2,705,93799,7479,3,158,4260,1725,318,3,34846,12446,82437,0,0,602,26523,23739,24950,50,0,0,18,63,33,0,94168,86093,89286,2,0,0,317
0,400,265,26171,4,18334,5891,1,4934,7213,2,714,94208,7479,3,158,4760,1988,318,4,34778,12191,82460,0,0,602,26589,23693,24979,54,0,0,18,83,33,0,93979,85753,88933,2,0,0,317
0,427,263,26188,4,18345,5893,1,4934,7213,2,694,94232,7479,3,157,4344,1740,318,3,35024,12469,82472,0,0,602,26548,23696,24925,52,0,0,18,65,33,0,94211,85831,88996,2,0,0,317
0,417,265,26172,4,18314,5891,1,4934,7213,2,718,94711,7479,3,157,4554,1723,318,3,34610,11904,82457,0,0,602,26664,23667,24966,51,0,0,18,66,33,0,94196,85650,88863,2,0,0,317
0,418,264,26192,4,18344,5889,1,4934,7213,2,713,94453,7479,3,158,4523,1626,318,3,34896,12420,82384,0,0,602,26575,23696,24952,50,0,0,18,68,33,0,94479,85882,89129,2,0,0,317
0,427,265,26175,4,18348,5895,1,4934,7213,2,683,94355,7479,3,159,4378,2035,318,3,34825,12456,82468,0,0,602,26624,23625,24923,52,0,0,18,59,33,0,94719,85958,89148,2,0,0,317
0,400,265,26176,4,18343,5901,1,4934,7213,2,704,94606,7479,3,157,4152,1769,318,3,34915,12321,82430,0,0,602,26516,23762,24935,52,0,0,18,70,33,0,93858,85560,88971,2,0,0,317
0,419,264,26190,4,18340,5889,1,4934,7213,2,704,94405,7479,3,159,4345,1685,318,3,35043,12589,82522,0,0,602,26594,23666,24935,54,0,0,19,68,35,0,94562,85913,89026,2,0,0,317
0,425,262,26194,4,18362,5901,1,4934,7213,2,716,94461,7479,3,158,4573,1723,318,3,35051,12614,82456,0,0,602,26558,23726,24953,54,0,0,18,65,33,0,94530,86010,89168,2,0,0,317
0,397,264,26187,4,18333,5897,1,4934,7213,2,698,94248,7479,3,157,4328,1799,318,3,34767,12256,82478,0,0,602,26496,23742,24913,52,0,0,18,66,33,0,94227,85784,88881,2,0,0,317
0,423,264,26187,4,18352,5905,1,4934,7214,2,696,94349,7479,3,157,4366,1680,318,3,34843,12311,82526,0,0,602,26569,23694,24931,52,0,0,18,59,33,0,94289,85934,89065,2,0,0,317
0,415,263,26176,4,18333,5895,1,4934,7213,2,701,94250,7479,3,159,4594,1699,318,3,34631,12137,82386,0,0,602,26577,23667,24917,53,0,0,18,62,33,0,93881,85890,89047,2,0,0,317
0,422,263,26197,4,18337,5902,1,4934,7213,2,703,94290,7479,3,157,4322,1730,318,3,34903,12380,82393,0,0,602,26583,23671,24942,54,0,0,18,65,33,0,94595,85976,89168,2,0,0,317
0,420,265,26177,4,18335,5902,1,4934,7213,2,696,94355,7479,3,158,4262,1739,318,3,34409,11928,82443,0,0,602,26466,23767,24898,52,0,0,18,65,33,0,94113,86034,89202,2,0,0,317
0,418,265,26160,4,18313,5890,1,4934,7213,2,712,94566,7479,3,157,4565,1766,318,3,34600,12071,82422,0,0,602,26513,23781,24979,53,0,0,18,60,33,0,94133,86204,89358,2,0,0,317
0,396,261,26183,4,18340,5901,1,4934,7214,2,704,93711,7479,3,158,4092,1766,318,3,35087,12579,82519,0,0,602,26588,23659,24904,53,0,0,18,60,33,0,93899,85645,88801,2,0,0,317
0,425,264,26185,4,18344,5897,1,4934,7213,2,711,94160,7479,3,158,4641,1617,318,3,34559,11949,82465,0,0,602,26610,23688,24956,53,0,0,18,53,33,0,93855,85831,89021,2,0,0,317
0,414,264,26172,4,18333,5902,1,4934,7213,2,722,94285,7479,3,158,4360,1648,318,3,34912,12205,82553,0,0,602,26644,23663,24965,53,0,0,18,64,33,0,94094,86027,89170,2,0,0,317
0,400,265,26177,4,18335,5894,1,4934,7214,2,705,94350,7479,3,158,4561,1651,318,3,34580,12119,82466,0,0,602,26564,23714,24961,56,0,0,18,72,33,0,94158,85436,88617,2,0,0,317
0,431,263,26184,4,18329,5899,1,4934,7213,2,702,94061,7479,3,159,4333,1701,318,3,34560,12040,82347,0,0,602,26601,23670,24940,53,0,0,18,66,33,0,94481,86001,89181,2,0,0,317
0,399,265,26196,4,18345,5895,1,4934,7213,2,701,94293,7479,3,158,4503,1943,318,3,34809,12350,82439,0,0,602,26587,23739,24985,55,0,0,18,58,33,0,94392,85681,88886,2,0,0,317
0,419,261,26168,4,18334,5900,1,4934,7213,2,686,94278,7479,3,159,4218,1858,318,4,34917,12287,82344,0,0,602,26523,23749,24921,51,0,0,18,72,33,0,94653,86290,89472,2,0,0,317
0,425,262,26196,4,18345,5896,1,4934,7213,2,706,94526,7479,3,159,4349,1709,318,3,35408,12865,82607,0,0,602,26613,23778,24966,53,0,0,18,62,33,0,94342,85490,88673,2,0,0,317
0,430,265,26205,4,18355,5904,1,4934,7213,2,682,94141,7479,3,158,4615,1966,318,3,35219,12737,82431,0,0,602,26567,23678,24929,49,0,0,18,70,33,0,94666,86078,89197,2,0,0,317
0,422,265,26170,4,18338,5898,1,4934,7213,2,703,94149,7479,3,158,4466,1770,318,3,34835,12055,82503,0,0,602,26577,23696,24935,51,0,0,18,68,33,0,94236,85608,88779,2,0,0,317
0,416,264,26180,4,18331,5902,1,4934,7213,2,710,94467,7479,3,159,4478,1676,318,3,34662,12262,82481,0,0,602,26576,23744,24992,53,0,0,18,66,33,0,94301,86328,89453,2,0,0,317
0,413,265,26216,4,18370,5910,1,4934,7213,2,704,94305,7479,3,158,4335,1771,318,3,35041,12506,82473,0,0,602,26562,23742,24972,54,0,0,18,68,33,0,94406,85865,89149,2,0,0,317
0,399,264,26169,4,18336,5894,1,4934,7214,2,706,93813,7479,3,157,4435,1708,318,3,34489,11983,82432,0,0,602,26540,23704,24919,52,0,0,18,63,33,0,94021,85821,88951,2,0,0,316
0,397,265,26168,4,18337,5898,1,4934,7213,2,706,94143,7479,3,159,4148,1660,318,3,35102,12421,82392,0,0,602,26666,23596,24927,53,0,0,18,73,33,0,94104,85692,88806,2,0,0,317
0,393,263,26186,9,18341,5901,1,4934,7213,2,687,93901,7479,3,157,4467,1757,318,3,34432,11851,82455,0,0,602,26557,23726,24966,52,0,0,18,56,33,0,93792,85522,88920,2,0,0,317
0,424,265,26175,4,18330,5891,1,4934,7213,2,723,94334,7479,3,158,4628,1783,318,3,34820,12213,82493,0,0,602,26694,23629,24995,52,0,0,18,56,33,0,94484,86153,89288,2,0,0,317
0,398,265,26192,4,18340,5893,1,4934,7213,2,716,94203,7479,3,158,4613,1753,318,3,34893,12433,82394,0,0,602,26502,23761,24957,52,0,0,18,69,33,0,94049,85736,88901,2,0,0,317
0,421,263,26173,4,18340,5899,1,4934,7213,2,698,94039,7479,3,158,4511,1896,318,3,34845,12271,82407,0,0,602,26580,23687,24928,53,0,0,18,60,33,0,94431,86305,89597,2,0,0,317
0,435,264,26170,4,18341,5893,1,4934,7213,2,697,94122,7479,3,158,4210,1677,318,3,35085,12502,82428,0,0,602,26633,23633,24918,52,0,0,18,53,33,0,93955,85894,89059,2,0,0,317
0,424,264,26182,4,18330,5889,1,4934,7213,2,707,94311,7479,3,158,4505,1717,318,3,34865,12407,82445,0,0,602,26535,23712,24934,53,0,0,18,62,33,0,94470,86167,89310,2,0,0,317
0,431,263,26193,4,18348,5904,1,4934,7213,2,717,94762,7479,3,159,4346,1808,318,3,34976,12507,82502,0,0,602,26628,23685,24953,49,0,0,18,62,33,0,94461,85699,88870,2,0,0,317
0,417,265,26182,4,18329,5896,1,4934,7213,2,706,94248,7479,3,158,4334,1795,318,3,34951,12022,82522,0,0,602,26587,23713,24958,53,0,0,18,65,33,0,94417,86436,89741,2,0,0,317
0,426,265,26164,4,18332,5898,1,4934,7213,2,711,94518,7479,3,158,4601,1625,318,3,34964,12271,82370,0,0,602,26559,23751,24977,51,0,0,18,66,33,0,94218,85659,88834,2,0,0,317
0,417,265,26197,4,18345,5908,1,4934,7213,2,712,94571,7479,3,158,4485,1657,318,3,34809,12264,82492,0,0,602,26614,23662,24961,52,0,0,18,63,33,0,94422,86037,89185,2,0,0,317
0,413,264,26195,4,18344,5891,1,4934,7213,2,696,94413,7479,3,159,4200,1889,318,3,34623,11992,82387,0,0,602,26514,23799,24981,54,0,0,18,71,33,0,94209,86421,89577,2,0,0,317
0,423,264,26170,4,18333,5887,1,4934,7213,2,706,94237,7479,3,158,4495,1680,318,3,34743,12157,82521,0,0,602,26500,23747,24939,54,0,0,18,71,33,0,94485,85812,88962,2,0,0,317
0,433,266,26172,4,18328,5897,1,4934,7213,2,696,94420,7479,3,158,4370,1760,318,3,35109,12539,82510,0,0,602,26490,23784,24947,49,0,0,18,68,33,0,94060,85881,89076,2,0,0,317
0,435,264,26175,4,18333,5897,1,4934,7213,2,710,94729,7479,3,158,4507,1782,318,3,35181,12421,82509,0,0,602,26549,23696,24905,52,0,0,18,59,33,0,94684,86315,89486,2,0,0,317
0,400,264,26179,4,18321,5893,1,4934,7213,2,710,94059,7479,3,158,4220,1762,318,3,34633,12072,82450,0,0,602,26610,23689,24975,54,0,0,18,69,33,0,94402,85425,88595,2,0,0,317
0,414,262,26176,4,18332,5890,1,4934,7213,2,684,93918,7479,3,158,4616,1902,318,3,34967,12483,82500,0,0,602,26557,23742,24964,51,0,0,18,66,33,0,94493,85862,89074,2,0,0,317
0,418,262,26175,4,18326,5888,1,4934,7213,2,687,94034,7479,3,158,4367,1722,318,3,35124,12741,82513,0,0,602,26525,23731,24929,53,0,0,18,66,33,0,94318,86350,89492,2,0,0,317
0,397,265,26162,4,18323,5892,1,4934,7213,2,716,94062,7479,3,159,4142,1772,318,3,34894,12325,82399,0,0,602,26555,23766,24958,53,0,0,18,61,33,0,94421,85742,88898,2,0,0,317
0,420,265,26194,4,18349,5902,1,4934,7213,2,698,94183,7479,3,158,4104,1721,318,3,35245,12487,82613,0,0,602,26615,23680,24963,51,0,0,18,63,33,0,94205,86462,89663,2,0,0,317
0,420,265,26198,4,18350,5903,1,4934,7213,2,706,94632,7479,3,158,4197,1683,318,3,34919,12312,82519,0,0,602,26554,23683,24929,51,0,0,18,65,33,0,94317,86045,89221,2,0,0,317
0,426,264,26183,4,18341,5897,1,4934,7213,2,699,94198,7479,3,158,4480,1920,318,3,34690,12176,82481,0,0,602,26519,23746,24968,51,0,0,18,62,33,0,94143,86061,89191,2,0,0,317
0,401,263,26186,4,18335,5895,1,4934,7213,3,707,94291,7479,3,159,4200,1875,318,3,34955,12293,82446,0,0,602,26516,23763,24945,51,0,0,18,66,33,0,93839,85635,88778,2,0,0,317
0,427,265,26189,4,18336,5899,1,4934,7213,2,712,94575,7479,3,158,4271,1831,318,3,34947,12255,82447,0,0,602,26553,23741,24964,55,0,0,18,69,33,0,94423,86012,89391,2,0,0,317
0,414,265,26197,4,18350,5888,1,4934,7213,2,714,94550,7479,3,158,4516,1704,318,3,35034,12435,82470,0,0,602,26550,23710,24912,50,0,0,18,59,33,0,93848,85865,89047,2,0,0,317
0,417,263,26188,4,18330,5899,1,4934,7213,2,697,94357,7479,3,158,4179,2022,318,3,34887,12435,82556,0,0,602,26527,23776,24957,51,0,0,18,60,33,0,94402,85601,88762,2,0,0,317
0,412,263,26173,4,18329,5898,1,4934,7213,2,705,94431,7479,3,157,4363,1891,318,3,35293,12813,82563,0,0,602,26519,23734,24930,51,0,0,18,68,33,0,93941,85860,89055,2,0,0,317
0,429,265,26171,4,18344,5893,1,4934,7213,2,706,94381,7479,3,158,4279,2040,318,3,34717,12168,82382,0,0,602,26535,23740,24929,51,0,0,18,62,33,0,94001,86181,89564,2,0,0,317
0,430,263,26176,4,18327,5887,1,4934,7213,2,698,94335,7479,3,158,4159,1714,318,3,35171,12320,82501,0,0,602,26592,23703,24968,55,0,0,18,64,33,0,94209,86178,89328,2,0,0,317
0,430,264,26183,4,18328,5898,1,4934,7213,2,711,94629,7479,3,158,4260,1978,318,3,35149,12577,82482,0,0,602,26555,23718,24956,52,0,0,18,68,33,0,94857,85932,89243,2,0,0,317
0,398,263,26186,4,18334,5900,1,4934,7213,2,719,94484,7479,3,159,4345,1802,318,3,34554,11950,82357,0,0,602,26559,23733,24972,53,0,0,18,71,33,0,93806,85541,88665,2,0,0,316
0,397,263,26184,4,18335,5895,1,4934,7213,2,701,94240,7479,3,158,4255,1709,318,3,34699,12185,82460,0,0,602,26617,23643,24938,53,0,0,18,65,33,0,93442,85816,88942,2,0,0,317
0,425,264,26201,4,18353,5899,1,4934,7213,2,703,94377,7479,3,158,4213,1963,318,3,34783,12328,82408,0,0,602,26557,23754,24984,53,0,0,18,66,33,0,94592,86174,89367,2,0,0,317
0,423,264,26193,4,18330,5894,1,4934,7213,2,699,94470,7479,3,158,4122,1727,318,3,35188,12385,82451,0,0,602,26585,23661,24946,53,0,0,18,67,33,0,93927,86085,89289,2,0,0,317
0,421,265,26162,4,18316,5899,1,4934,7213,2,704,94223,7479,3,158,4339,1769,318,3,34655,12177,82509,0,0,602,26541,23717,24945,53,0,0,18,71,33,0,94264,86287,89458,2,0,0,317
0,429,265,26196,4,18337,5902,1,4934,7213,2,704,94326,7479,3,158,4344,1790,318,3,34552,11956,82438,0,0,602,26586,23704,24955,52,0,0,18,66,33,0,93836,86139,89466,2,0,0,317
0,395,265,26166,4,18328,5901,1,4934,7213,2,719,93975,7479,3,158,4235,1749,318,3,34539,11921,82428,0,0,602,26594,23705,24970,54,0,0,18,65,33,0,94061,85547,88740,2,0,0,316
0,417,264,26183,4,18351,5901,1,4934,7213,2,711,94419,7479,3,158,4276,1745,318,3,35272,12714,82503,0,0,602,26645,23620,24928,51,0,0,18,54,33,0,94323,86133,89253,2,0,0,317
0,426,265,26193,4,18347,5899,1,4934,7213,2,705,94472,7479,3,158,4458,1749,318,3,34641,12043,82408,0,0,602,26525,23738,24936,53,0,0,18,49,33,0,94459,86067,89401,2,0,0,317
0,428,263,26191,4,18339,5900,1,4934,7213,2,709,94568,7479,3,157,4653,1779,318,3,35022,12354,82497,0,0,602,26547,23697,24928,52,0,0,18,71,33,0,94284,85743,88925,2,0,0,316
0,422,264,26182,4,18339,5897,1,4934,7213,2,695,94119,7479,3,160,4509,2127,318,3,34678,12026,82441,0,0,602,26614,23633,24920,50,0,0,18,76,33,0,94562,86044,89151,2,0,0,316
0,425,264,26176,4,18345,5901,1,4934,7213,2,701,94252,7479,3,159,4618,1691,318,3,34542,11930,82471,0,0,602,26549,23723,24943,51,0,0,18,65,33,0,94537,85627,88761,2,0,0,317
0,431,263,26178,4,18327,5893,1,4934,7213,2,703,94435,7479,3,158,4391,1749,318,3,35285,12592,82487,0,0,602,26517,23732,24945,54,0,0,18,72,33,0,93911,86036,89212,2,0,0,317
0,418,262,26179,4,18329,5895,1,4934,7213,2,702,94067,7479,3,158,4400,1722,318,4,35149,12219,82457,0,0,602,26547,23749,24955,49,0,0,18,51,33,0,94125,85578,88754,2,0,0,317
0,337,162,829,1,535,788,1,263,502,1,223,15303,202,3,55,3617,655,318,3,7726,6633,4810,0,0,28,1085,1337,1272,16,0,0,18,22,33,0,15970,7513,10434,2,0,0,317
0,426,262,26190,4,18343,5911,1,4934,7213,2,719,94254,7479,3,158,4355,1810,318,3,35129,12460,82591,0,0,602,26572,23707,24942,52,0,0,18,67,33,0,94383,85699,88900,2,0,0,317
0,419,265,26162,4,18334,5900,1,4934,7213,2,697,94728,7479,3,158,4483,1774,318,3,35153,12303,82551,0,0,602,26433,23828,24946,55,0,0,18,60,33,0,94381,85924,89100,2,0,0,317
1,419,264,26179,4,18342,5896,1,4934,7213,2,694,94050,7479,3,160,4775,1880,318,3,35070,12606,82424,0,0,602,26505,23727,24913,52,0,0,18,80,33,0,94264,86154,89312,2,0,0,317
0,395,262,26214,4,18352,5903,1,4934,7213,2,708,94309,7479,3,158,4363,1764,318,3,34366,11855,82509,0,0,602,26552,23716,24922,53,0,0,18,70,33,0,94157,86194,89374,2,0,0,317
0,424,265,26184,4,18346,5899,1,4934,7213,2,701,94034,7479,3,157,4663,1734,318,3,35032,12426,82383,0,0,602,26603,23666,24960,51,0,0,18,80,33,0,94208,85905,89076,2,0,0,317
0,397,262,26165,4,18331,5886,1,4934,7213,2,695,94302,7479,3,158,4422,1798,318,3,34610,12025,82461,0,0,602,26572,23716,24953,54,0,0,18,64,33,0,94084,85657,88845,2,0,0,317
0,417,264,26184,4,18339,5898,1,4934,7213,2,699,94289,7479,3,158,4395,1760,318,3,34680,11969,82426,0,0,602,26623,23665,24951,49,0,0,18,63,33,0,94527,85734,88945,2,0,0,317
0,429,265,26206,4,18351,5899,1,4934,7213,2,707,94568,7479,3,158,4322,1704,318,3,34749,12153,82516,0,0,602,26562,23724,24960,53,0,0,19,68,35,0,94659,86162,89316,2,0,0,317
0,397,264,26179,4,18339,5896,1,4934,7213,2,707,94518,7479,3,158,4258,1731,318,3,34717,12244,82480,0,0,602,26463,23813,24925,52,0,0,18,59,33,0,93798,85895,89019,2,0,0,317
0,425,264,26188,4,18342,5895,1,4934,7213,2,698,94434,7479,3,159,4157,1730,318,3,34444,11958,82415,0,0,602,26516,23754,24963,54,0,0,18,71,33,0,94327,85932,89100,2,0,0,317
0,419,262,26174,4,18334,5893,1,4934,7213,2,697,94480,7479,3,159,4323,1755,318,3,34878,12283,82471,0,0,602,26588,23680,24936,53,0,0,18,67,33,0,94622,85942,89130,2,0,0,317
0,398,263,26156,4,18313,5893,1,4934,7213,2,701,94146,7479,3,157,4895,1735,318,3,34708,12268,82536,0,0,602,26584,23656,24909,50,0,0,19,51,35,0,93945,85615,88952,2,0,0,316
0,395,265,26181,12,18343,5903,1,4934,7213,2,711,94254,7479,3,157,4151,1788,318,3,34574,12053,82428,0,0,602,26609,23688,24983,54,0,0,18,64,33,0,93943,85575,88692,2,0,0,317
0,417,263,26206,4,18355,5906,1,4934,7213,2,703,94340,7479,3,158,4525,1715,318,3,34684,12111,82426,0,0,602,26603,23642,24933,54,0,0,18,64,33,0,94110,85768,88897,2,0,0,317
0,433,263,26203,4,18342,5904,1,4934,7213,2,704,94484,7479,3,158,4227,1940,318,3,34953,12423,82448,0,0,602,26514,23772,24950,53,0,0,18,70,33,0,94278,86310,89527,2,0,0,317
0,396,264,26180,4,18336,5897,1,4934,7214,2,698,94053,7479,3,157,4457,1741,318,3,34696,12217,82419,0,0,602,26559,23700,24929,52,0,0,18,59,33,0,94145,85496,88645,2,0,0,317
0,427,263,26192,4,18346,5893,1,4934,7213,2,693,94425,7479,3,158,4101,1782,318,3,34537,12097,82466,0,0,602,26608,23648,24942,52,0,0,18,53,33,0,94395,85855,89060,2,0,0,317
0,413,264,26169,4,18331,5897,1,4934,7213,2,700,94011,7479,3,159,4080,1706,318,3,35320,12772,82574,0,0,602,26669,23643,24970,53,0,0,18,66,33,0,94606,86045,89241,2,0,0,317
0,416,264,26177,4,18336,5899,1,4934,7213,2,705,94124,7479,3,158,4194,1569,318,3,34861,12429,82479,0,0,602,26546,23735,24939,52,0,0,18,72,33,0,94555,86343,89508,2,0,0,317
0,418,262,26182,4,18345,5896,1,4934,7213,2,726,94303,7479,3,158,4428,1768,318,3,34995,12605,82492,0,0,602,26634,23626,24945,52,0,0,18,68,33,0,94208,85891,89326,2,0,0,317
0,397,262,26202,4,18353,5913,1,4934,7213,2,715,94065,7479,3,158,4401,1700,318,3,34733,12200,82436,0,0,602,26600,23701,25006,50,0,0,18,71,33,0,94238,85795,88986,2,0,0,316
0,399,265,26168,4,18327,5897,1,4934,7213,2,707,94194,7479,3,158,4229,1658,318,3,34787,12261,82527,0,0,602,26580,23708,24949,53,0,0,18,69,33,0,94138,85859,89177,2,0,0,317
0,421,262,26176,4,18325,5895,1,4934,7213,2,701,93951,7479,3,159,4568,2134,318,3,34617,12077,82435,0,0,602,26583,23721,24955,50,0,0,18,64,33,0,93956,86086,89474,2,0,0,317
0,330,158,823,1,525,789,1,263,502,1,218,15254,7479,3,158,4536,1707,318,3,8129,6904,4809,0,0,28,1134,1300,1265,15,0,0,18,23,33,0,15780,7267,10378,2,0,0,317
0,399,263,26192,4,18331,5894,1,4934,7213,2,716,94432,7479,3,158,4308,1720,318,3,34600,12077,82525,0,0,602,26607,23706,24965,51,0,0,18,67,33,0,94077,85946,89235,2,0,0,317
0,421,264,26189,4,18341,5900,1,4934,7213,2,698,94320,7479,3,158,4517,1919,318,3,34729,11961,82464,0,0,602,26480,23719,24917,53,0,0,18,62,33,0,94337,86109,89268,2,0,0,317
1,420,265,26177,4,18339,5892,1,4934,7213,2,714,94764,7479,3,159,4391,1751,318,3,35153,12369,82424,0,0,602,26591,23702,24953,54,0,0,18,70,33,0,94287,86407,89549,2,0,0,317
0,401,263,26193,4,18343,5901,1,4934,7214,2,698,93844,7479,3,158,4485,1707,318,3,34775,12202,82469,0,0,602,26565,23705,24934,54,0,0,18,62,33,0,93969,85864,89022,2,0,0,317
0,422,265,26164,4,18324,5905,1,4934,7213,2,716,94723,7479,3,159,4352,1782,318,3,34981,12472,82504,0,0,602,26535,23721,24918,53,0,0,18,61,33,0,94478,85890,89151,2,0,0,317
0,416,265,26166,4,18324,5895,1,4934,7213,2,718,94766,7479,3,158,4223,1824,318,3,34776,12274,82406,0,0,602,26562,23702,24945,50,0,0,18,59,33,0,94221,86004,89155,2,0,0,317
0,426,265,26200,4,18350,5899,1,4934,7213,2,691,94157,7479,3,157,4313,1666,318,3,35001,12374,82408,0,0,602,26586,23666,24910,51,0,0,18,58,33,0,94180,85988,89152,2,0,0,317
0,426,263,26215,4,18366,5911,1,4934,7213,2,713,94777,7479,3,158,4405,1708,318,3,34932,12333,82487,0,0,602,26552,23717,24932,50,0,0,18,67,33,0,94259,86114,89288,2,0,0,317
0,415,264,26208,4,18347,5900,1,4934,7213,2,722,94412,7479,3,159,4236,1691,318,3,34908,12260,82397,0,0,602,26491,23802,24969,53,0,0,18,70,33,0,94356,85784,89048,2,0,0,317
0,426,262,26182,4,18336,5895,1,4934,7213,2,689,94073,7479,3,158,4373,1749,318,3,35067,12517,82462,0,0,602,26536,23733,24931,50,0,0,18,70,33,0,94084,86138,89244,2,0,0,317
0,426,264,26193,4,18336,5894,1,4934,7213,2,706,94405,7479,3,158,4229,1946,318,3,35055,12499,82467,0,0,602,26628,23675,24974,57,0,0,19,65,35,0,94085,86024,89229,2,0,0,317
0,431,264,26170,4,18327,5889,1,4934,7213,2,707,94081,7479,3,158,4424,1682,318,3,34940,12366,82448,0,0,602,26545,23730,24916,51,0,0,18,57,33,0,94585,85946,89156,2,0,0,317
0,417,261,26175,4,18329,5898,1,4934,7213,2,702,94131,7479,3,159,4502,1762,318,3,34837,12248,82396,0,0,602,26453,23817,24946,50,0,0,18,91,33,0,94437,86025,89412,2,0,0,317
0,421,262,26172,4,18324,5893,1,4934,7213,2,717,94068,7479,3,158,4321,1682,318,3,35192,12332,82452,0,0,602,26520,23766,24948,53,0,0,18,64,33,0,94893,86283,89468,2,0,0,317
0,400,265,26172,9,18333,5902,1,4934,7213,2,707,93945,7479,3,158,4302,1674,318,3,34123,11465,82404,0,0,602,26547,23767,24966,51,0,0,18,70,34,0,93961,85261,88436,2,0,0,317
0,419,264,26166,4,18327,5897,1,4934,7213,2,717,94473,7479,3,158,4601,1640,318,3,34815,12186,82439,0,0,602,26702,23618,24979,56,0,0,18,63,33,0,94781,86251,89435,2,0,0,317
0,424,264,26184,4,18326,5898,1,4934,7213,2,706,94456,7479,3,159,4294,1794,318,4,35391,12802,82452,0,0,602,26584,23693,24939,54,0,0,18,59,33,0,94502,85835,89091,2,0,0,317
0,418,265,26166,4,18329,5899,1,4934,7213,2,704,94270,7479,3,158,4602,1753,318,3,34746,12253,82490,0,0,602,26570,23739,24967,55,0,0,18,69,33,0,94106,85932,89352,2,0,0,317
0,394,264,26169,4,18341,5894,1,4934,7213,2,722,94371,7479,3,158,4497,1616,318,3,34627,12148,82454,0,0,602,26568,23690,24929,53,0,0,18,70,33,0,94319,86248,89368,2,0,0,317
0,345,264,26197,4,18334,5896,1,4934,7214,2,672,93459,7479,3,158,4289,1620,318,3,34451,12017,82453,0,0,602,26539,23717,24927,50,0,0,18,63,33,0,93974,85340,88519,2,0,0,317
0,415,265,26193,4,18348,5907,1,263,502,1,222,15232,202,3,55,3514,676,318,3,7971,6804,4793,0,0,28,1087,1342,1272,15,0,0,18,22,33,0,15687,86121,89314,2,0,0,317
0,426,265,26187,4,18349,5887,1,4934,7213,2,713,94191,7479,3,158,4173,1783,317,3,35220,12553,82466,0,0,602,26640,23684,24961,50,0,0,18,57,33,0,94793,86125,89264,2,0,0,317
0,432,265,26189,4,18341,5897,0,4934,7213,2,707,94175,7479,3,158,4128,1794,318,3,34980,12342,82495,0,0,602,26561,23816,24936,55,0,0,18,72,33,0,94288,85947,89169,2,0,0,317
0,416,265,26179,4,18328,5890,1,4934,7213,2,707,94311,7479,3,159,4322,1754,318,3,34808,12301,82554,0,0,602,26552,23718,24942,53,0,0,18,57,33,0,94514,85997,89109,2,0,0,316
0,416,265,26181,4,18331,5900,1,4934,7213,2,710,94162,7479,3,158,4516,1867,318,3,35390,12795,82484,0,0,602,26554,23712,24959,53,0,0,18,63,33,0,94775,85940,89057,2,0,0,317
0,428,263,26167,4,18332,5894,1,4934,7213,2,714,94373,7479,3,158,4396,1923,318,3,35139,12400,82514,0,0,602,26490,23761,24928,52,0,0,18,62,33,0,93806,85694,88907,2,0,0,317
0,421,262,26187,4,18341,5896,1,4934,7213,2,701,94442,7479,3,158,4660,1932,318,3,34663,11874,82452,0,0,602,26574,23739,24974,53,0,0,18,60,33,0,94672,85904,89242,2,0,0,317
0,398,265,26194,4,18349,5899,1,4934,7213,2,705,93884,7479,3,158,4400,1763,318,3,34908,11924,82473,0,0,602,26586,23709,24947,52,0,0,18,60,33,0,94102,85647,88802,2,0,0,317
0,399,264,26200,4,18343,5893,1,4934,7213,2,715,94324,7479,3,157,4360,1596,318,3,34725,12158,82435,0,0,602,26579,23680,24956,54,0,0,19,67,35,0,94152,85888,89128,2,0,0,317
0,429,265,26185,4,18329,5890,1,263,502,1,222,15285,202,3,55,3663,695,318,3,7787,6672,4801,0,0,28,1136,1298,1258,15,0,0,18,65,33,0,94326,7353,10247,2,0,0,317
0,394,265,26187,4,18331,5892,1,4934,7213,2,713,94335,7479,3,158,4484,1674,318,3,34548,12002,82362,0,0,602,26526,23715,24926,52,0,0,18,63,33,0,94224,85824,89168,2,0,0,317
0,396,264,26187,4,18342,5903,1,4934,7213,2,696,94192,7479,3,159,4526,1739,318,3,35063,12303,82423,0,0,602,26507,23748,24939,52,0,0,18,69,33,0,94268,85770,88929,2,0,0,317
1,414,263,26202,4,18349,5898,1,4934,7213,2,716,94967,7479,3,158,4199,1757,318,3,34741,12162,82408,0,0,602,26596,23693,24943,53,0,0,18,63,33,0,94295,86219,89402,2,0,0,317
0,426,263,26155,4,18320,5895,1,4934,7213,2,706,94008,7479,3,158,4333,1727,317,3,34940,12173,82438,0,0,602,26614,23642,24943,54,0,0,18,72,33,0,94166,85790,88949,2,0,0,317
0,402,264,26191,4,18344,5885,1,4934,7214,2,715,94182,7479,3,157,4522,1709,318,3,34471,12026,82384,0,0,602,26574,23721,24954,51,0,0,18,60,33,0,93683,85856,89046,2,0,0,317
0,397,263,26188,4,18343,5899,1,4934,7213,2,698,93954,7479,3,158,4322,1734,318,3,34918,12280,82372,0,0,602,26612,23679,24959,49,0,0,18,64,33,0,94356,85514,88664,2,0,0,317
0,421,264,26168,4,18331,5890,1,4934,7213,2,707,94166,7479,3,158,4499,1891,318,3,34835,12232,82434,0,0,602,26553,23755,24965,51,0,0,19,73,35,0,94291,86132,89325,2,0,0,317
0,350,263,26175,4,18322,5890,1,4934,7213,2,681,93609,7479,3,157,4297,1643,318,3,34207,11764,82456,0,0,602,26545,23714,24941,50,0,0,18,61,33,0,93507,85465,88681,2,0,0,317
0,420,264,26194,4,18349,5899,1,4934,7213,2,713,94620,7479,3,159,4543,1769,318,3,35017,12518,82536,0,0,602,26528,23701,24919,50,0,0,18,60,33,0,94345,86141,89264,2,0,0,317
0,422,264,26187,4,18331,5900,1,4934,7213,2,708,94068,7479,3,159,4211,1726,318,3,35178,12357,82505,0,0,602,26591,23676,24937,51,0,0,18,64,33,0,94042,85952,89091,2,0,0,317
0,416,265,26182,4,18319,5890,1,4934,7213,2,724,94810,7479,3,158,4457,1736,318,3,34771,12430,82577,0,0,602,26601,23655,24927,50,0,0,18,82,33,0,93930,85771,88925,2,0,0,317
0,396,265,26185,4,18327,5899,1,4934,7213,2,714,94314,7479,3,158,4034,1772,318,3,34586,12133,82542,0,0,602,26579,23723,24954,50,0,0,18,62,33,0,93909,85341,88514,2,0,0,317
0,425,264,26177,4,18337,5901,1,4934,7213,2,706,94488,7479,3,158,4584,1737,318,3,35006,12392,82504,0,0,602,26459,23783,24911,51,0,0,18,60,33,0,94263,86221,89559,2,0,0,317
0,418,264,26205,4,18358,5901,1,4934,7213,2,729,94856,7479,3,159,4382,1829,318,3,34878,12381,82495,0,0,602,26628,23675,24989,51,0,0,18,64,33,0,94024,86061,89176,2,0,0,317
0,397,264,26184,4,18343,5902,1,4934,7214,2,705,94253,7479,3,159,4380,1742,318,3,34435,11658,82483,0,0,602,26610,23681,24949,51,0,0,18,59,33,0,93961,85854,89049,2,0,0,317
1,399,263,26184,4,18328,5894,1,4934,7213,2,712,94218,7479,3,158,4370,1711,318,3,34679,12235,82405,0,0,602,26622,23689,24971,57,0,0,18,60,33,0,94097,85388,88588,2,0,0,317
0,422,264,26175,4,18331,5887,1,4934,7213,2,706,94139,7479,3,158,4458,1712,318,3,35076,12747,82564,0,0,602,26620,23707,24973,52,0,0,18,64,33,0,94054,86124,89258,2,0,0,317
0,424,264,26183,4,18342,5885,1,4934,7213,2,717,94184,7479,3,158,4253,1732,318,3,34736,12146,82556,0,0,602,26505,23751,24928,52,0,0,18,70,33,0,94287,86454,89642,2,0,0,317
0,428,264,26180,4,18336,5897,1,4934,7214,2,705,93801,7479,3,158,4536,1742,318,3,34851,12371,82474,0,0,602,26534,23731,24965,54,0,0,18,90,33,0,93984,85837,89004,2,0,0,317
0,399,263,26219,4,18368,5915,1,4934,7213,2,715,93974,7479,3,159,4398,1899,318,3,34563,12059,82509,0,0,602,26564,23702,24943,53,0,0,18,72,32,0,93925,85486,88631,2,0,0,317
0,414,262,26184,4,18340,5908,1,4934,7213,2,719,94397,7479,3,158,4434,1869,318,3,34946,12319,82499,0,0,602,26569,23692,24913,53,0,0,18,64,33,0,94375,86009,89172,2,0,0,317
0,427,264,26169,4,18324,5892,1,4934,7213,2,711,94475,7479,3,158,4320,1731,318,3,35319,12793,82472,0,0,602,26534,23716,24947,54,0,0,18,72,33,0,94468,86053,89241,2,0,0,316
0,426,264,26182,4,18335,5895,1,4934,7213,2,699,94464,7479,3,158,4062,1761,317,3,35035,12470,82369,0,0,602,26501,23750,24938,53,0,0,18,78,33,0,94081,86387,89631,2,0,0,317
0,418,264,26159,4,18325,5887,1,4934,7214,2,707,94207,7479,3,158,4350,1671,317,3,34996,12507,82522,0,0,602,26664,23663,24975,53,0,0,18,57,33,0,94369,86340,89492,2,0,0,317
0,415,262,26159,4,18318,5892,1,4934,7213,2,708,94702,7479,3,157,4391,1915,318,3,34779,12274,82517,0,0,602,26605,23718,24963,53,0,0,18,70,33,0,94332,85577,88746,2,0,0,317
0,399,265,26174,4,18321,5893,1,4934,7213,2,725,94531,7479,3,158,4479,1718,378,3,34980,12237,82545,0,0,602,26594,23651,24949,55,0,0,18,69,33,0,93776,85646,88795,2,0,0,317
0,350,264,26173,4,18323,5891,1,4934,7213,2,677,93808,7479,3,157,4452,1668,318,3,34390,11901,82358,0,0,602,26600,23657,24941,52,0,0,18,67,33,0,93921,85378,88555,2,0,0,317
0,418,265,26191,4,18349,5892,1,4934,7213,2,695,94117,7479,3,158,4359,1737,318,3,34597,12082,82456,0,0,602,26540,23727,24966,53,0,0,18,67,33,0,93990,86055,89232,2,0,0,317
0,415,265,26180,4,18348,5900,1,4934,7213,2,705,94173,7479,3,158,4132,1773,318,3,34621,12153,82409,0,0,602,26582,23666,24926,53,0,0,18,56,33,0,94364,86135,89314,2,0,0,317
0,423,263,26171,4,18325,5886,1,4934,7213,2,702,94947,7479,3,158,4583,1907,318,3,34792,12276,82436,0,0,602,26569,23716,24961,53,0,0,18,64,33,0,94618,85990,89107,2,0,0,316
0,426,262,26167,4,18331,5893,0,4934,7213,2,710,94118,7479,3,159,4365,1766,318,3,35080,12474,82416,0,0,602,26535,23729,24926,52,0,0,18,61,33,0,94342,86353,89702,2,0,0,317
0,359,138,26190,4,18341,5899,1,4934,7213,2,698,94437,7479,3,157,4636,1910,318,3,34969,12290,82529,0,0,602,26631,23663,24955,50,0,0,18,83,33,0,94484,86131,89302,2,0,0,317
0,426,262,26178,4,18334,5894,1,4934,7213,2,690,94330,7479,3,157,4754,1630,318,3,35119,12475,82430,0,0,602,26601,23679,24975,50,0,0,18,70,33,0,94416,86093,89279,2,0,0,317
0,423,263,26199,4,18338,5893,1,4934,7213,3,719,94393,7479,3,157,4378,1607,317,3,35108,12410,82335,0,0,602,26601,23678,24979,51,0,0,18,69,33,0,94314,86170,89550,2,0,0,317
0,418,264,26191,4,18330,5894,1,4934,7213,2,707,94292,7479,3,158,4313,1707,318,3,34792,12105,82400,0,0,602,26621,23693,24973,54,0,0,18,71,33,0,94184,86233,89367,2,0,0,317
1,332,159,827,1,533,791,1,263,502,1,226,14989,202,3,54,3709,662,318,3,8019,6860,4800,0,0,28,1136,1304,1272,15,0,0,18,23,33,0,15739,7317,10206,2,0,0,317
0,398,264,26194,4,18341,5902,1,4934,7213,2,712,93951,7479,3,158,4181,1744,318,3,34772,12248,82567,0,0,602,26573,23729,24963,50,0,0,18,61,33,0,94127,85734,88895,2,0,0,316
0,395,263,26203,4,18345,5895,1,4934,7214,2,719,94357,7479,3,158,4552,1790,318,3,34851,12382,82430,0,0,602,26620,23676,24966,49,0,0,18,72,33,0,94748,85882,89033,2,0,0,317
0,421,264,26191,4,18347,5895,1,4934,7213,2,703,94284,7479,3,157,4347,1734,318,3,35059,12670,82569,0,0,602,26502,23760,24945,53,0,0,18,75,33,0,94132,85924,89087,2,0,0,317
0,394,264,26185,4,18337,5888,1,4934,7213,2,699,94325,7479,3,158,4411,1724,318,3,34590,11979,82377,0,0,602,26607,23688,24976,52,0,0,18,62,33,0,94389,85885,89049,2,0,0,317
0,431,265,26197,4,18352,5905,1,4934,7213,2,720,94299,7479,3,157,4429,1756,318,3,34811,11963,82428,0,0,602,26675,23605,24946,52,0,0,18,54,33,0,94130,86126,89287,2,0,0,317
0,421,263,26200,4,18352,5913,1,4934,7213,2,714,94724,7479,3,157,4349,1711,318,3,34801,12169,82419,0,0,602,26566,23669,24916,55,0,0,18,56,33,0,94227,85773,88951,2,0,0,317
0,345,224,26275,100,18356,5905,1,4934,7213,2,705,94561,7479,3,158,4474,1693,318,3,34920,12330,82423,0,0,602,26618,23689,24944,53,0,0,18,57,33,0,94104,85709,88823,2,0,0,317
0,418,264,26172,4,18320,5903,1,4934,7213,2,701,94523,7479,3,158,4232,1805,318,3,34805,12503,82393,0,0,602,26517,23793,24969,53,0,0,19,67,35,0,94197,85694,88823,2,0,0,316
0,423,264,26185,4,18342,5890,1,4934,7213,2,722,94515,7479,3,158,4352,1681,318,3,34841,12236,82442,0,0,602,26452,23835,24970,54,0,0,18,64,32,0,94372,86101,89221,2,0,0,317
0,420,265,26198,4,18342,5897,1,4934,7213,2,698,94090,7479,3,159,4512,1888,318,3,35034,12421,82460,0,0,602,26543,23777,24966,52,0,0,18,62,33,0,94290,85945,89105,2,0,0,317
0,398,262,26198,4,18343,5898,1,4934,7213,2,731,94137,7479,3,158,4202,1752,318,3,35037,12535,82543,0,0,602,26580,23703,24968,55,0,0,18,59,33,0,94244,85930,89041,2,0,0,317
0,399,263,26213,4,18353,5896,1,4934,7213,2,709,93984,7479,3,158,4350,1716,318,3,34611,12136,82440,0,0,602,26511,23714,24899,51,0,0,18,65,33,0,94381,86035,89199,2,0,0,317
0,431,264,26189,4,18350,5897,1,4934,7213,2,727,94447,7479,3,158,4584,1678,318,3,35047,12383,82418,0,0,602,26623,23656,24931,50,0,0,19,65,35,0,94157,86016,89226,2,0,0,317
0,400,264,26187,4,18340,5890,0,4934,7213,2,708,93590,7479,3,157,4396,1855,318,3,35034,12560,82458,0,0,602,26554,23724,24958,51,0,0,18,51,33,0,94088,85608,88773,2,0,0,317
0,424,262,26197,4,18337,5898,1,4934,7213,2,710,94277,7479,3,158,4408,1748,318,3,34838,12196,82524,0,0,602,26551,23717,24960,52,0,0,18,64,33,0,94247,86118,89443,2,0,0,317
0,415,266,26186,4,18345,5913,1,4934,7213,2,705,94468,7479,3,158,4157,1768,318,3,35045,12458,82451,0,0,602,26519,23737,24944,53,0,0,18,63,33,0,94259,85824,88961,2,0,0,317
0,424,262,26178,4,18326,5897,1,4934,7213,2,713,94359,7479,3,158,4389,1697,318,3,35195,12544,82435,0,0,602,26611,23646,24919,52,0,0,18,59,33,0,94266,85944,89104,2,0,0,317
0,434,262,26204,4,18352,5892,1,4934,7213,2,697,94256,7479,3,159,4400,1926,318,3,34885,12445,82496,0,0,602,26558,23739,24961,54,0,0,18,65,33,0,94435,85725,88923,2,0,0,317
0,426,265,26182,4,18347,5892,1,4934,7213,2,694,94019,7479,3,159,4186,1866,318,3,34866,12208,82443,0,0,602,26587,23668,24929,52,0,0,18,65,33,0,94263,85820,89000,2,0,0,317
0,434,265,26183,4,18339,5890,1,4934,7213,2,699,94392,7479,3,158,4282,1693,317,3,34778,12103,82416,0,0,602,26546,23781,24967,54,0,0,18,71,33,0,94105,86032,89236,2,0,0,317
0,414,265,26192,4,18341,5897,1,4934,7213,2,727,94479,7479,3,157,4277,1647,318,3,34987,12438,82453,0,0,602,26544,23766,24978,53,0,0,18,65,33,0,94159,85815,89179,2,0,0,317
0,339,161,825,1,530,790,1,263,502,1,218,15432,202,3,54,3992,660,318,3,8112,7022,4819,0,0,602,26574,23709,24967,53,0,0,18,22,33,0,15663,86013,89198,2,0,0,317
0,395,264,26177,10,18343,5909,1,4934,7213,2,705,94209,7479,3,157,4082,1869,318,3,34733,12195,82409,0,0,602,26561,23714,24932,53,0,0,18,65,33,0,94091,85378,88550,2,0,0,316
0,398,264,26177,4,18330,5895,1,4934,7213,2,728,94523,7479,3,158,4300,1602,318,3,35170,12285,82470,0,0,602,26587,23656,24930,52,0,0,18,68,33,0,93916,85506,88683,2,0,0,317
0,399,264,26166,4,18326,5892,1,4934,7213,2,706,94311,7479,3,158,4408,1669,318,3,34664,12096,82477,0,0,602,26626,23645,24912,52,0,0,18,69,33,0,94239,85677,88900,2,0,0,317
0,397,263,26189,4,18333,5900,1,4934,7213,2,698,94082,7479,3,159,4462,1803,318,3,34737,12238,82426,0,0,602,26571,23739,24974,53,0,0,18,58,33,0,94122,85812,89017,2,0,0,317
0,427,263,26176,4,18325,5899,1,4934,7213,2,708,94560,7479,3,158,4102,1873,318,3,34913,12612,82438,0,0,602,26615,23758,24947,54,0,0,18,68,33,0,94399,86046,89370,2,0,0,317
0,417,263,26168,4,18325,5891,1,4934,7213,2,716,94233,7479,3,158,4091,1903,318,3,34953,12325,82347,0,0,602,26621,23640,24932,50,0,0,18,65,33,0,94364,85778,88944,2,0,0,317
0,397,264,26169,9,18336,5889,1,4934,7213,2,697,94132,7479,3,157,4115,1851,318,3,34539,12197,82423,0,0,602,26560,23724,24965,52,0,0,18,66,33,0,93658,85713,89020,2,0,0,317
0,423,263,26205,4,18348,5900,1,4934,7213,2,714,94678,7479,3,159,4215,1753,318,3,34851,12411,82466,0,0,602,26588,23710,24963,53,0,0,18,68,33,0,94354,85946,89123,2,0,0,317
0,424,264,26175,4,18335,5899,1,4934,7213,2,710,94672,7479,3,158,4724,1732,318,3,35148,12926,82519,0,0,602,26560,23675,24923,52,0,0,18,61,33,0,94373,85710,89001,2,0,0,317
0,427,263,26181,4,18343,5896,1,4934,7213,2,703,94399,7479,3,159,4047,1747,318,3,34969,12441,82471,0,0,602,26574,23694,24952,52,0,0,18,70,33,0,94486,85793,89098,2,0,0,317
0,420,265,26175,4,18343,5903,1,4934,7213,2,715,94363,7479,3,158,4422,1942,318,3,34616,12042,82446,0,0,602,26546,23741,24948,52,0,0,18,63,33,0,94079,85723,88860,2,0,0,317
0,424,264,26196,4,18349,5903,1,4934,7213,2,716,94209,7479,3,159,4792,1552,318,3,34769,12308,82429,0,0,602,26578,23704,24980,53,0,0,18,67,33,0,94360,85949,89121,2,0,0,317
1,335,162,831,1,533,790,1,263,502,1,223,15311,202,3,54,3639,670,318,3,7993,6889,4792,0,0,28,1076,1333,1265,15,0,0,18,23,33,0,15838,7199,10124,2,0,0,317
0,411,264,26190,4,18348,5897,1,4934,7213,2,707,94274,7479,3,158,4317,1700,318,3,34778,12151,82501,0,0,602,26612,23693,24957,52,0,0,18,67,33,0,94145,86005,89158,2,0,0,317
0,426,263,26173,4,18333,5892,1,4934,7213,2,680,94329,7479,3,157,4505,1821,318,3,34943,12226,82370,0,0,602,26525,23719,24926,51,0,0,18,55,33,0,93929,86319,89475,2,0,0,317
0,399,265,26189,4,18337,5890,1,4934,7213,2,712,93919,7479,3,159,4171,1790,318,3,34742,12195,82502,0,0,602,26616,23634,24910,51,0,0,18,61,33,0,93975,85972,89115,2,0,0,317
0,428,264,26202,4,18356,5900,1,4934,7213,2,704,94431,7479,3,158,4271,1662,318,3,34978,12458,82469,0,0,602,26643,23635,24931,53,0,0,18,63,33,0,94297,86230,89360,2,0,0,317
0,430,265,26199,4,18345,5905,1,4934,7213,2,699,94399,7479,3,157,4192,1976,318,3,35006,12482,82503,0,0,602,26492,23770,24938,53,0,0,18,60,33,0,94175,86285,89479,2,0,0,317
0,422,265,26191,4,18329,5889,1,4934,7213,2,716,94320,7479,3,157,4345,1742,318,3,34879,12504,82526,0,0,602,26590,23722,24966,53,0,0,18,64,33,0,94068,85970,89333,2,0,0,317
0,399,265,26202,4,18355,5899,1,4934,7213,2,707,94380,7479,3,158,4542,1667,318,3,34593,12177,82466,0,0,602,26586,23673,24940,52,0,0,18,59,33,0,94173,85924,89087,2,0,0,317
0,421,265,26155,4,18312,5892,1,4934,7213,2,712,94280,7479,3,158,4286,1782,318,3,34972,12455,82334,0,0,602,26564,23754,24973,56,0,0,18,59,33,0,94333,85929,89255,2,0,0,317
0,420,264,26179,4,18336,5898,1,4934,7213,2,704,94382,7479,3,158,4272,1644,318,3,34810,12350,82498,0,0,602,26473,23751,24917,52,0,0,18,42,33,0,94717,85800,88952,2,0,0,317
0,396,263,26197,4,18342,5890,1,4934,7213,2,718,94162,7479,3,158,4376,1716,318,3,34958,12382,82485,0,0,602,26616,23667,24948,53,0,0,18,71,33,0,93926,85763,88909,2,0,0,317
0,423,265,26178,4,18326,5898,1,4934,7213,3,713,94685,7479,3,159,4506,2040,318,3,34800,12073,82488,0,0,602,26618,23702,24976,53,0,0,18,67,33,0,94239,85749,88911,2,0,0,317
0,416,264,26198,4,18354,5903,1,4934,7213,2,706,94291,7479,3,158,4586,1907,318,3,35062,12480,82524,0,0,602,26641,23673,24971,54,0,0,18,67,33,0,94230,85615,88813,2,0,0,317
0,421,265,26195,4,18340,5905,1,4934,7213,2,712,94378,7479,3,158,4184,1755,318,3,34823,12179,82511,0,0,602,26571,23730,24943,50,0,0,18,55,33,0,94513,85884,88994,2,0,0,317
0,394,262,26191,4,18337,5902,1,4934,7213,2,700,94261,7479,3,158,4312,1711,318,3,34779,12181,82503,0,0,602,26559,23702,24948,51,0,0,18,57,33,0,93878,85619,88815,2,0,0,317
0,424,264,26205,4,18356,5903,1,4934,7213,2,692,94807,7479,3,158,4323,1784,318,3,34757,11935,82399,0,0,602,26629,23707,24981,53,0,0,18,65,33,0,94438,86455,89662,2,0,0,317
0,433,265,26191,4,18341,5895,1,4934,7213,2,698,94747,7479,3,157,4403,1703,318,3,35096,12543,82452,0,0,602,26615,23671,24947,50,0,0,18,55,33,0,94079,86307,89480,2,0,0,317
0,426,265,26185,4,18338,5896,1,4934,7213,2,708,94151,7479,3,158,4337,1683,318,3,35185,12717,82592,0,0,602,26641,23601,24910,53,0,0,18,63,33,0,94357,85960,89094,2,0,0,317
0,397,265,26203,4,18361,5917,1,4934,7213,2,702,94349,7479,3,157,4232,2121,318,3,34594,12116,82488,0,0,602,26558,23704,24930,51,0,0,19,56,35,0,93979,85834,89014,2,0,0,317
0,413,265,26179,4,18346,5899,1,4934,7213,2,708,95010,7479,3,158,4298,1743,318,3,34819,12378,82412,0,0,602,26582,23653,24920,54,0,0,18,57,33,0,94310,85741,88938,2,0,0,317
0,417,265,26186,4,18340,5910,1,4934,7213,2,718,94556,7479,3,158,4303,1647,318,3,34867,12270,82446,0,0,602,26572,23680,24924,53,0,0,18,60,33,0,94381,86019,89182,2,0,0,317
0,424,265,26200,4,18345,5894,1,4934,7213,2,702,94559,7479,3,158,4201,1828,318,3,35174,12631,82516,0,0,602,26520,23762,24964,51,0,0,18,63,33,0,94658,86007,89425,2,0,0,317
0,401,264,26192,11,18356,5917,1,4934,7214,2,705,94002,7479,3,158,4035,1874,318,3,34712,12150,82442,0,0,602,26641,23640,24965,53,0,0,18,63,33,0,93941,85558,88841,2,0,0,317
0,430,264,26165,4,18316,5887,1,4934,7213,2,707,94553,7479,3,158,4458,1818,318,3,34930,12372,82520,0,0,602,26447,23803,24922,52,0,0,18,63,33,0,94353,86253,89415,2,0,0,317
0,422,262,26178,4,18327,5898,1,4934,7213,2,704,94846,7479,3,159,4265,1682,317,3,35067,12534,82413,0,0,602,26603,23639,24928,52,0,0,18,56,33,0,94336,85720,88841,2,0,0,317
0,398,263,26182,4,18343,5895,1,4934,7213,2,706,93985,7479,3,158,4433,1979,318,3,34561,11856,82382,0,0,602,26539,23711,24923,54,0,0,18,68,33,0,94025,85418,88619,2,0,0,317
0,422,262,26179,4,18330,5895,1,4934,7213,2,696,93950,7479,3,159,4449,1721,317,3,34618,12044,82454,0,0,602,26498,23744,24919,52,0,0,18,68,33,0,94617,85864,88970,2,0,0,317
0,424,264,26168,4,18324,5898,1,4934,7213,2,712,94781,7479,3,158,4611,1704,318,3,34439,11796,82405,0,0,602,26555,23706,24954,55,0,0,18,67,33,0,94507,85337,88616,2,0,0,317
0,429,265,26180,4,18321,5899,1,4934,7213,2,731,94977,7479,3,157,4108,1650,318,3,34847,12043,82499,0,0,602,26578,23696,24944,53,0,0,19,74,35,0,94345,85623,88743,2,0,0,317
0,425,262,26172,4,18332,5893,1,4934,7213,2,714,94950,7479,3,158,4374,1974,318,3,34922,12298,82575,0,0,602,26604,23700,24966,54,0,0,19,70,35,0,94437,86058,89203,2,0,0,317
0,400,265,26193,4,18335,5898,1,4934,7213,3,707,94110,7479,3,160,4588,1853,318,3,34791,12235,82523,0,0,602,26566,23697,24942,52,0,0,18,67,33,0,94262,85496,88683,2,0,0,317
0,420,265,26195,4,18350,5899,1,4934,7213,2,702,94334,7479,3,159,4371,1735,318,3,35118,12764,82522,0,0,602,26612,23655,24941,51,0,0,18,72,33,0,94552,86059,89216,2,0,0,317
0,423,262,26210,4,18348,5902,1,4934,7213,2,705,94136,7479,3,158,4057,1745,318,3,35182,12740,82459,0,0,602,26603,23712,24966,53,0,0,18,59,33,0,94563,86374,89562,2,0,0,317
0,322,139,26179,4,18334,5896,1,4934,7213,2,695,94023,7479,3,159,4036,1916,318,3,34538,12167,82541,0,0,602,26593,23659,24938,56,0,0,19,59,35,0,94010,86234,89392,2,0,0,317
0,437,265,26191,4,18350,5899,1,4934,7213,2,708,94371,7479,3,157,4340,1709,318,3,34666,12095,82461,0,0,602,26644,23672,24976,55,0,0,18,77,33,0,94489,85979,89127,2,0,0,317
0,424,262,26187,4,18337,5895,1,4934,7213,2,707,94316,7479,3,158,4329,1752,318,3,34798,11996,82387,0,0,602,26449,23817,24938,53,0,0,18,77,33,0,94419,86171,89319,2,0,0,317
0,423,263,26170,4,18323,5895,1,4934,7213,2,709,94722,7479,3,157,4253,1776,318,3,35182,12670,82548,0,0,602,26554,23771,24958,52,0,0,18,74,33,0,94010,85735,88910,2,0,0,317
0,429,264,26189,4,18345,5899,1,4934,7213,2,709,94632,7479,3,158,4383,1734,318,3,35061,12452,82542,0,0,602,26565,23736,24975,52,0,0,18,55,33,0,94227,86125,89456,2,0,0,317
0,425,262,26188,4,18340,5910,1,4934,7213,2,721,94567,7479,3,158,4474,1740,318,3,34960,12177,82517,0,0,602,26545,23695,24937,55,0,0,18,80,33,0,94516,85764,88940,2,0,0,317
0,418,262,26164,4,18318,5891,1,4934,7213,2,713,94556,7479,3,158,4367,1721,318,3,34857,12276,82468,0,0,602,26545,23680,24899,49,0,0,18,63,33,0,94602,86018,89174,2,0,0,317
0,425,264,26187,4,18334,5899,1,4934,7213,2,696,94334,7479,3,157,4438,1695,318,3,35080,12301,82469,0,0,602,26532,23725,24942,53,0,0,18,59,33,0,94406,85801,88971,2,0,0,317
0,426,263,26173,4,18332,5896,1,4934,7213,2,708,94534,7479,3,157,4196,1653,318,3,35099,12544,82541,0,0,602,26582,23700,24950,50,0,0,18,73,33,0,94444,85911,89120,2,0,0,317
0,432,265,26172,4,18328,5901,1,4934,7213,2,695,94159,7479,3,159,4380,1728,318,3,35069,12403,82506,0,0,602,26625,23635,24938,51,0,0,18,74,33,0,94503,85942,89173,2,0,0,375
0,428,263,26201,4,18349,5901,1,4934,7214,2,714,94449,7479,3,158,4597,1688,318,3,35078,12489,82578,0,0,602,26634,23675,24961,51,0,0,18,62,33,0,94415,85707,88827,2,0,0,317
0,416,260,26197,4,18347,5901,1,4934,7214,2,700,94292,7479,3,157,4472,1825,318,3,34883,12227,82399,0,0,602,26647,23687,24990,54,0,0,18,76,33,0,94334,86172,89352,2,0,0,317
0,426,261,26190,4,18339,5898,1,4934,7213,2,706,94435,7479,3,157,4596,1750,318,3,34757,12306,82524,0,0,602,26527,23779,24989,54,0,0,18,69,33,0,94091,86437,89621,2,0,0,317
0,429,264,26173,4,18322,5899,1,4934,7213,2,704,94628,7479,3,157,4239,1754,318,3,34716,12313,82571,0,0,602,26410,23832,24920,54,0,0,18,61,33,0,94134,86037,89205,2,0,0,317
1,314,161,835,1,537,789,1,263,502,1,222,15090,202,3,55,3841,724,318,3,7750,6436,4769,0,0,28,1093,1325,1268,15,0,0,18,22,33,0,15504,7194,10080,2,0,0,317
0,420,264,26179,4,18328,5896,1,4934,7213,2,705,94534,7479,3,157,4330,1746,318,3,34814,12196,82463,0,0,602,26572,23729,24970,53,0,0,18,62,33,0,94594,86031,89268,2,0,0,317
0,399,260,26189,11,18351,5903,1,4934,7213,2,713,94330,7479,3,157,4329,1805,318,3,34787,12150,82472,0,0,602,26520,23710,24933,52,0,0,18,60,33,0,94472,85818,89014,2,0,0,368
0,433,265,26192,4,18335,5893,1,4934,7213,2,720,94696,7479,3,157,4333,1720,318,3,35083,12528,82573,0,0,602,26631,23670,24955,52,0,0,18,73,33,0,94225,85948,89098,2,0,0,317
0,399,263,26190,4,18347,5899,1,4934,7213,2,712,94405,7479,3,158,4335,2201,318,3,34588,11986,82457,0,0,602,26557,23679,24925,52,0,0,18,75,33,0,94039,85704,88879,2,0,0,317
0,427,265,26200,4,18350,5902,1,4934,7213,2,705,94384,7479,3,158,4084,1728,318,3,34925,12326,82494,0,0,602,26513,23801,24959,52,0,0,18,76,33,0,94474,85684,88829,2,0,0,317
0,400,263,26178,4,18337,5899,1,4934,7213,2,708,94246,7479,3,158,4573,1884,318,3,34374,11650,82339,0,0,602,26556,23706,24941,51,0,0,18,61,33,0,93932,85996,89321,2,0,0,317
0,421,263,26169,4,18327,5894,1,4934,7213,2,702,94262,7479,3,158,4246,1711,318,3,35128,12494,82609,0,0,602,26622,23676,24983,53,0,0,18,67,33,0,94124,85897,88987,2,0,0,317
0,401,263,26177,4,18324,5892,1,4934,7213,2,722,94314,7479,3,158,4226,1701,318,3,34674,12047,82528,0,0,602,26449,23806,24923,52,0,0,18,65,33,0,94166,85906,89063,2,0,0,317
0,341,138,26220,4,18376,5902,1,4934,7213,2,718,94229,7479,3,159,4351,1765,318,3,34825,12247,82423,0,0,602,26582,23707,24957,52,0,0,18,66,33,0,94558,85940,89067,2,0,0,317
0,432,263,26176,4,18327,5893,1,4934,7213,2,717,94347,7479,3,158,4369,1912,318,3,34960,12736,82444,0,0,602,26527,23695,24918,52,0,0,18,72,33,0,93984,86476,89633,2,0,0,317
0,416,264,26190,4,18339,5894,1,4934,7213,2,698,94789,7479,3,159,3973,1756,318,3,34216,11798,82386,0,0,602,26434,23833,24920,54,0,0,18,56,33,0,94044,85792,88944,2,0,0,317
0,426,263,26187,4,18340,5896,1,4934,7213,2,710,94163,7479,3,159,4298,1725,318,3,35250,12893,82561,0,0,602,26604,23700,24950,50,0,0,18,66,32,0,94665,85626,88763,2,0,0,317
0,422,264,26186,4,18343,5892,1,4934,7213,2,716,94201,7479,3,158,4307,1714,318,3,35030,12384,82539,0,0,602,26381,23890,24953,54,0,0,18,65,33,0,94083,86057,89468,2,0,0,317
0,429,265,26185,4,18346,5899,1,4934,7213,2,712,94558,7479,3,158,4313,1753,318,3,34679,12287,82390,0,0,602,26653,23603,24937,53,0,0,18,60,33,0,94263,85977,89172,2,0,0,317
0,349,264,26194,4,18337,5894,1,4934,7213,2,690,93751,7479,3,156,3994,1722,318,3,34567,12001,82335,0,0,602,26611,23699,24985,54,0,0,18,63,33,0,93562,85319,88471,2,0,0,317
0,426,265,26170,4,18329,5889,1,4934,7213,2,712,94709,7479,3,158,4365,1690,318,3,34904,12369,82414,0,0,602,26524,23691,24901,50,0,0,18,66,33,0,94232,85901,89109,2,0,0,317
0,417,264,26182,4,18335,5899,1,4934,7213,2,713,94323,7479,3,158,4436,1665,318,3,35138,12678,82583,0,0,602,26452,23813,24923,52,0,0,18,69,33,0,94290,86040,89225,2,0,0,317
0,399,265,26151,4,18318,5900,1,4934,7213,2,695,94089,7479,3,158,4312,1746,317,3,34762,12471,82411,0,0,602,26430,23824,24919,50,0,0,18,64,33,0,94212,85957,89097,2,0,0,317
0,416,265,26160,4,18326,5894,1,4934,7213,2,713,94246,7479,3,158,4146,1954,318,3,34908,12333,82447,0,0,602,26591,23689,24936,51,0,0,18,64,33,0,94614,85822,88993,2,0,0,317
0,396,263,26201,4,18348,5902,1,4934,7213,2,731,94388,7479,3,158,4176,1883,318,3,34269,11754,82324,0,0,602,26657,23648,24969,50,0,0,18,66,33,0,94017,85612,88744,2,0,0,317
0,423,264,26174,4,18330,5897,1,4934,7213,2,695,94014,7479,3,158,4390,1764,318,3,34891,11936,82471,0,0,602,26597,23687,24956,51,0,0,18,69,33,0,94686,86144,89314,2,0,0,317
0,399,263,26211,4,18351,5902,1,4934,7213,2,688,94141,7479,3,159,4561,1726,318,3,34819,12103,82401,0,0,602,26623,23664,24960,54,0,0,19,70,35,0,94164,85775,88938,2,0,0,317
0,415,262,26194,4,18333,5896,1,4934,7213,2,707,94269,7479,3,158,4490,1624,318,3,34825,12367,82446,0,0,602,26645,23621,24958,55,0,0,18,67,33,0,94044,85866,89037,2,0,0,317
0,415,264,26188,4,18344,5894,1,4934,7213,2,704,94040,7479,3,158,4273,1667,318,3,34731,12032,82564,0,0,602,26507,23776,24944,52,0,0,18,72,33,0,93882,85810,88994,2,0,0,317
0,422,265,26178,4,18325,5888,1,4934,7213,2,700,93887,7479,3,159,4580,1687,318,3,35279,12764,82442,0,0,602,26621,23662,24938,49,0,0,18,63,33,0,94280,85926,89098,2,0,0,317
0,420,264,26196,4,18341,5899,1,4934,7213,2,692,94382,7479,3,158,4229,1717,318,3,34955,12183,82354,0,0,602,26544,23756,24958,54,0,0,18,58,33,0,94197,85966,89307,2,0,0,317
0,422,265,26201,4,18353,5892,1,4934,7213,2,703,94137,7479,3,158,4352,1752,318,3,34827,12288,82432,0,0,602,26425,23836,24936,53,0,0,18,58,33,0,94281,85757,89069,2,0,0,317
0,420,264,26191,4,18337,5897,1,4934,7213,2,705,94383,7479,3,158,4499,1945,318,3,35058,12524,82404,0,0,602,26444,23783,24920,50,0,0,18,58,33,0,94135,85942,89219,2,0,0,317
0,424,263,26190,4,18335,5889,1,4934,7213,2,706,94211,7479,3,158,4122,1736,318,3,34658,12219,82439,0,0,602,26602,23692,24945,51,0,0,19,71,35,0,94478,85763,88913,2,0,0,317
0,416,265,26192,4,18353,5900,1,4934,7213,2,706,94313,7479,3,158,4582,1694,318,3,34786,12227,82476,0,0,602,26510,23733,24918,51,0,0,18,66,33,0,94324,85966,89234,2,0,0,317
0,427,264,26192,4,18343,5899,1,4934,7213,2,712,94443,7479,3,159,4384,1764,318,3,34754,12208,82389,0,0,602,26500,23751,24926,54,0,0,18,69,33,0,94319,85844,89056,2,0,0,317
0,422,264,26200,4,18343,5899,1,4934,7213,2,701,94418,7479,3,158,4386,1700,318,3,34791,12342,82501,0,0,602,26608,23655,24918,50,0,0,18,66,33,0,94126,85414,88526,2,0,0,317
0,422,264,26228,4,18365,5903,1,4934,7213,2,679,93843,7479,3,158,4474,1776,318,3,34731,12135,82407,0,0,602,26432,23797,24912,51,0,0,18,70,33,0,94122,85794,88915,2,0,0,317
0,393,261,26200,4,18344,5901,1,4934,7213,2,699,93829,7479,3,159,4201,1708,318,3,34787,12634,82473,0,0,602,26635,23677,24984,53,0,0,18,67,33,0,94405,85612,88786,2,0,0,317
0,414,262,26178,4,18332,5889,1,4934,7213,2,690,94124,7479,3,158,4186,1763,318,3,34621,12238,82456,0,0,602,26648,23666,24970,52,0,0,18,61,33,0,94273,86038,89215,2,0,0,317
0,430,265,26197,4,18352,5908,1,4934,7213,2,720,94314,7479,3,159,4051,1746,318,3,34724,12096,82460,0,0,602,26556,23678,24934,53,0,0,18,58,33,0,94223,85698,89052,2,0,0,317
0,417,264,26179,4,18337,5895,1,4934,7213,2,713,94566,7479,3,158,4282,1737,318,3,34699,12176,82477,0,0,602,26625,23691,24986,52,0,0,18,66,33,0,94400,86414,89546,2,0,0,317
0,397,264,26182,4,18342,5896,1,4934,7213,2,703,94048,7479,3,158,4328,1769,318,3,34717,12273,82522,0,0,602,26501,23753,24936,51,0,0,18,67,33,0,93811,85911,89115,2,0,0,317
0,424,265,26224,4,18366,5908,1,4934,7213,2,706,94528,7479,3,158,4328,1783,318,3,34814,12189,82466,0,0,602,26529,23710,24919,53,0,0,18,68,33,0,93936,85996,89210,2,0,0,317
0,417,264,26182,4,18345,5897,1,4934,7213,2,697,94621,7479,3,158,4146,1841,318,3,35329,12684,82524,0,0,602,26565,23716,24950,54,0,0,18,53,33,0,94208,86145,89342,2,0,0,316
0,399,264,26184,4,18334,5902,1,4934,7213,2,697,94077,7479,3,158,4359,1866,318,3,34236,11801,82402,0,0,602,26594,23667,24941,51,0,0,18,80,33,0,94244,85854,89035,2,0,0,317
0,427,264,26175,4,18333,5891,1,4934,7213,2,715,94470,7479,3,159,4342,1674,318,3,34814,12302,82581,0,0,602,26539,23716,24920,50,0,0,18,64,33,0,94057,86036,89233,2,0,0,317
1,338,162,829,1,531,790,1,4934,7214,3,700,94343,202,3,56,3689,760,318,4,7989,6789,4794,0,0,28,1087,1347,1277,15,0,0,18,23,33,0,15582,7121,10202,2,0,0,317
0,423,265,26191,4,18349,5898,1,4934,7214,2,704,94408,7479,3,158,4309,1808,318,3,35020,12560,82456,0,0,602,26439,23789,24901,53,0,0,18,64,33,0,94328,86192,89360,2,0,0,317
0,416,264,26190,4,18340,5895,1,4934,7213,2,695,94351,7479,3,158,4579,1751,318,3,34710,12355,82540,0,0,602,26417,23860,24940,53,0,0,18,61,33,0,94451,86212,89450,2,0,0,317
0,427,263,26178,4,18341,5902,1,4934,7213,2,690,94125,7479,3,158,4139,1761,318,3,34605,12016,82462,0,0,602,26573,23685,24926,52,0,0,18,69,33,0,93841,86111,89237,2,0,0,317
0,396,264,26164,4,18325,5895,1,4934,7213,2,713,94327,7479,3,158,4133,1761,318,3,34920,12282,82352,0,0,602,26637,23630,24937,51,0,0,18,71,33,0,93944,85623,88838,2,0,0,317
0,415,264,26180,4,18334,5903,1,4934,7213,2,704,94277,7479,3,158,4195,1664,318,3,34745,12109,82506,0,0,602,26428,23826,24947,52,0,0,18,61,34,0,94561,86274,89410,2,0,0,317
0,419,265,26188,4,18348,5902,1,4934,7213,2,707,94319,7479,3,158,4109,1655,318,3,35028,12552,82581,0,0,602,26402,23874,24943,52,0,0,18,58,33,0,94086,86151,89580,2,0,0,317
0,432,265,26188,4,18344,5897,1,4934,7213,2,721,94831,7479,3,158,4340,1776,318,3,34834,12221,82565,0,0,602,26405,23856,24922,54,0,0,18,66,33,0,94103,86000,89156,2,0,0,317
0,412,263,26189,4,18337,5900,1,4934,7213,2,700,93784,7479,3,158,4887,1670,318,3,34862,12323,82400,0,0,602,26551,23724,24948,53,0,0,18,64,33,0,94490,86258,89404,2,0,0,317
0,424,262,26175,4,18333,5898,1,4934,7213,2,710,94441,7479,3,158,4511,1753,318,3,34597,12037,82470,0,0,602,26527,23735,24945,52,0,0,18,72,33,0,94092,85766,88951,2,0,0,317
0,427,264,26189,4,18331,5893,1,4934,7214,2,720,94435,7479,3,158,4144,1765,318,3,35156,12504,82573,0,0,602,26432,23812,24924,51,0,0,18,62,33,0,94592,86118,89251,2,0,0,317
0,422,262,26192,4,18357,5897,1,4934,7213,2,715,94657,7479,3,159,4437,2141,318,3,34719,12155,82487,0,0,602,26559,23729,24957,51,0,0,18,66,33,0,94542,85914,89136,2,0,0,317
0,398,264,26191,4,18338,5889,1,4934,7213,2,712,94172,7479,3,157,4657,1751,318,3,34984,12452,82559,0,0,602,26550,23744,24951,50,0,0,18,67,33,0,94096,85578,88695,2,0,0,317
0,426,264,26181,4,18334,5902,1,4934,7213,2,707,94286,7479,3,157,4204,1739,318,3,34886,12290,82414,0,0,602,26412,23827,24906,52,0,0,18,68,33,0,94175,86096,89274,2,0,0,316
0,426,265,26182,4,18341,5899,1,4934,7213,2,713,94654,7479,3,159,4489,1745,318,3,35240,12871,82490,0,0,602,26694,23632,24995,54,0,0,18,62,33,0,94154,86397,89565,2,0,0,317
0,421,265,26184,4,18342,5890,1,4934,7213,2,691,94118,7479,3,157,4552,1683,318,3,34575,12187,82412,0,0,602,26529,23765,24953,53,0,0,18,73,33,0,94347,86049,89200,2,0,0,317
0,419,264,26209,4,18354,5917,1,4934,7213,2,683,94151,7479,3,159,4574,1718,318,3,34738,12334,82490,0,0,602,26702,23585,24969,52,0,0,18,66,33,0,93976,86122,89243,2,0,0,316
0,431,264,26181,4,18337,5899,1,4934,7213,2,708,94779,7479,3,158,4371,1763,318,3,34708,12292,82377,0,0,602,26556,23707,24944,51,0,0,18,67,33,0,94306,86127,89422,2,0,0,317
0,421,264,26191,4,18338,5893,1,4934,7213,2,692,94084,7479,3,158,4562,1826,318,3,34820,12425,82447,0,0,602,26548,23686,24902,53,0,0,18,71,33,0,94352,86112,89412,2,0,0,317
0,396,263,26171,4,18326,5892,1,4934,7213,2,707,94142,7479,3,157,4543,1647,318,3,34643,12001,82474,0,0,602,26595,23698,24961,53,0,0,18,73,33,0,93887,85898,89210,2,0,0,317
0,425,264,26176,4,18339,5914,1,4934,7213,2,714,94084,7479,3,159,4494,1775,318,3,34823,12374,82452,0,0,602,26474,23789,24950,54,0,0,18,72,33,0,94414,85697,89045,2,0,0,317
0,428,262,26186,4,18333,5901,1,4934,7213,2,691,93993,7479,3,158,4431,1758,318,3,34769,12228,82478,0,0,602,26623,23666,24939,51,0,0,18,66,33,0,94459,85956,89093,2,0,0,317
0,394,262,26183,9,18330,5896,1,4934,7213,2,707,94121,7479,3,157,4196,1643,318,3,34764,12193,82400,0,0,602,26579,23707,24925,52,0,0,18,68,33,0,94084,85873,89263,2,0,0,317
0,398,264,26175,4,18340,5888,1,4934,7213,2,713,94240,7479,3,158,4285,1716,318,3,34857,12220,82395,0,0,602,26588,23666,24930,52,0,0,18,68,33,0,94042,85890,89199,2,0,0,317
0,399,263,26155,4,18320,5896,1,4934,7213,2,692,94009,7479,3,158,4484,1696,318,3,34803,12068,82496,0,0,602,26625,23661,24967,54,0,0,18,59,33,0,94230,85776,89120,2,0,0,317
0,323,138,26177,4,18317,5896,1,4934,7213,2,696,94069,7479,3,158,4408,1691,318,3,34892,12117,82374,0,0,602,26571,23699,24945,53,0,0,18,63,33,0,94061,85624,88839,2,0,0,317
0,426,263,26167,4,18318,5900,1,4934,7213,2,706,94137,7479,3,158,4270,1727,318,3,35091,12571,82530,0,0,602,26563,23667,24938,52,0,0,18,67,33,0,94744,86122,89228,2,0,0,317
0,416,261,26193,4,18339,5903,1,4934,7213,2,718,94541,7479,3,158,4528,1707,318,3,34978,12536,82561,0,0,602,26570,23749,24985,52,0,0,18,65,33,0,94248,86103,89287,2,0,0,317
0,429,264,26192,4,18340,5900,1,4934,7213,2,700,94344,7479,3,157,4497,1705,318,3,35311,12720,82492,0,0,602,26550,23699,24929,53,0,0,18,70,33,0,94216,86149,89298,2,0,0,317
0,430,261,26179,4,18323,5893,1,4934,7213,2,702,94493,7479,3,157,4354,1737,318,3,35079,12456,82448,0,0,602,26463,23841,24964,52,0,0,19,68,35,0,94286,86063,89223,2,0,0,317
0,431,263,26183,4,18331,5897,1,4934,7213,2,716,94734,7479,3,158,4489,1745,318,3,34882,12295,82486,0,0,602,26609,23668,24955,53,0,0,18,69,33,0,94478,85833,89003,2,0,0,317
0,396,264,26197,4,18351,5894,1,4934,7213,2,700,94087,7479,3,157,4459,2013,317,3,34482,12130,82322,0,0,602,26443,23778,24928,53,0,0,18,67,33,0,94377,85635,88743,2,0,0,317
0,424,263,26154,4,18313,5894,1,4934,7213,2,694,94417,7479,3,157,4236,1739,318,3,34875,12290,82534,0,0,602,26601,23666,24954,51,0,0,18,60,33,0,94353,85969,89229,2,0,0,317
0,398,263,26187,4,18324,5893,1,4934,7214,2,711,94447,7479,3,158,4120,1673,318,3,34629,11995,82406,0,0,602,26404,23822,24916,53,0,0,18,64,33,0,94273,86045,89387,2,0,0,317
0,416,263,26193,4,18347,5900,1,4934,7214,2,716,94758,7479,3,159,4557,1709,318,3,34967,12663,82541,0,0,602,26437,23811,24919,54,0,0,18,84,33,0,94371,86045,89181,2,0,0,317
0,427,263,26180,4,18336,5896,1,4934,7213,2,711,94292,7479,3,157,4093,1698,318,3,35314,12499,82517,0,0,602,26674,23703,24936,56,0,0,18,67,33,0,94490,86091,89456,2,0,0,317
0,429,263,26200,4,18358,5895,1,4934,7213,2,708,94207,7479,3,158,4271,1793,318,3,34974,12401,82464,0,0,602,26629,23681,24960,54,0,0,18,66,33,0,94294,86259,89404,2,0,0,317
0,395,260,26205,10,18364,5916,1,4934,7213,2,692,94046,7479,3,158,4336,1717,318,3,34547,12004,82377,0,0,602,26530,23709,24919,51,0,0,18,59,33,0,94091,85888,89043,2,0,0,317
0,424,264,26190,4,18340,5897,1,4934,7213,2,692,93972,7479,3,158,4479,1845,318,3,35212,12626,82539,0,0,602,26632,23669,25001,54,0,0,18,75,33,0,94446,86250,89403,2,0,0,317
0,429,263,26191,4,18341,5896,1,4934,7213,2,714,94815,7479,3,158,4241,1698,377,3,35239,12773,82505,0,0,602,26566,23691,24943,52,0,0,18,80,33,0,94140,86007,89258,2,0,0,317
0,434,263,26185,4,18330,5904,1,4934,7213,2,715,94805,7479,3,158,4351,1771,318,3,35052,12303,82465,0,0,602,26461,23829,24958,53,0,0,18,61,33,0,94167,85980,89192,2,0,0,316
0,426,264,26180,4,18340,5897,1,4934,7213,2,716,94771,7479,3,158,4478,1685,318,3,34672,12065,82435,0,0,602,26579,23731,24966,48,0,0,18,73,33,0,94715,85695,88895,2,0,0,317
0,397,264,26195,9,18342,5901,1,4934,7213,2,723,94646,7479,3,157,4547,1755,318,3,34822,12375,82424,0,0,602,26515,23764,24950,53,0,0,18,73,33,0,94196,86298,89474,2,0,0,317
0,400,262,26184,4,18336,5896,1,4934,7213,2,696,93871,7479,3,158,4571,1988,318,3,34690,12134,82495,0,0,602,26469,23769,24911,52,0,0,18,73,33,0,94213,85870,89026,2,0,0,317
0,397,264,26172,4,18328,5897,1,4934,7213,2,701,94377,7479,3,158,4322,1833,318,3,34719,12225,82330,0,0,602,26649,23594,24926,52,0,0,18,63,33,0,94483,85593,88695,2,0,0,317
0,413,262,26196,4,18346,5905,1,4934,7213,2,690,94275,7479,3,157,4452,1855,318,3,34878,12310,82553,0,0,602,26587,23730,24964,51,0,0,18,70,33,0,94028,86366,89523,2,0,0,317
0,349,264,26200,4,18349,5892,1,4934,7213,2,665,93711,7479,3,157,3917,1747,318,4,34403,11805,82346,0,0,602,26536,23749,24949,55,0,0,18,63,33,0,93823,85397,88699,2,0,0,317
0,428,264,26181,4,18344,5898,1,4934,7213,2,696,93980,7479,3,158,4235,1742,318,3,35107,12667,82411,0,0,602,26583,23695,24950,51,0,0,18,72,33,0,94470,86001,89162,2,0,0,316
0,347,161,829,1,530,790,1,263,502,0,224,15259,202,3,54,3676,738,318,3,7758,6500,4779,0,0,28,1135,1301,1274,15,0,0,18,23,33,0,15490,86020,89217,2,0,0,317