15:20:08 DEBUG : Logs will be stored at '/home/kike/Desktop/marvin/marvin/IDE.log'.
15:20:09 INFO  : Launching XSCT server: xsct -n  -interactive /home/kike/Desktop/marvin/marvin/temp_xsdb_launch_script.tcl
15:20:09 INFO  : Registering command handlers for Vitis TCF services
15:20:10 INFO  : Platform repository initialization has completed.
15:20:11 INFO  : XSCT server has started successfully.
15:20:11 INFO  : plnx-install-location is set to ''
15:20:11 INFO  : Successfully done setting XSCT server connection channel  
15:20:11 INFO  : Successfully done setting workspace for the tool. 
15:20:11 INFO  : Successfully done query RDI_DATADIR 
15:21:19 INFO  : Result from executing command 'getProjects': pynq_z2_bram_wrapper
15:21:19 INFO  : Result from executing command 'getPlatforms': xilinx_vck190_base_202410_1|/tools/Xilinx/Vitis/2024.1/base_platforms/xilinx_vck190_base_202410_1/xilinx_vck190_base_202410_1.xpfm;xilinx_vck190_base_dfx_202410_1|/tools/Xilinx/Vitis/2024.1/base_platforms/xilinx_vck190_base_dfx_202410_1/xilinx_vck190_base_dfx_202410_1.xpfm;xilinx_vek280_base_202410_1|/tools/Xilinx/Vitis/2024.1/base_platforms/xilinx_vek280_base_202410_1/xilinx_vek280_base_202410_1.xpfm;xilinx_vek280_base_bdc_202410_1|/tools/Xilinx/Vitis/2024.1/base_platforms/xilinx_vek280_base_bdc_202410_1/xilinx_vek280_base_bdc_202410_1.xpfm;xilinx_vmk180_base_202410_1|/tools/Xilinx/Vitis/2024.1/base_platforms/xilinx_vmk180_base_202410_1/xilinx_vmk180_base_202410_1.xpfm;xilinx_zcu102_base_202410_1|/tools/Xilinx/Vitis/2024.1/base_platforms/xilinx_zcu102_base_202410_1/xilinx_zcu102_base_202410_1.xpfm;xilinx_zcu102_base_dfx_202410_1|/tools/Xilinx/Vitis/2024.1/base_platforms/xilinx_zcu102_base_dfx_202410_1/xilinx_zcu102_base_dfx_202410_1.xpfm;xilinx_zcu104_base_202410_1|/tools/Xilinx/Vitis/2024.1/base_platforms/xilinx_zcu104_base_202410_1/xilinx_zcu104_base_202410_1.xpfm
15:21:20 WARN  : An unexpected exception occurred in the module 'platform project logging'
15:21:20 INFO  : Platform 'pynq_z2_bram_wrapper' is added to custom repositories.
15:21:25 INFO  : Platform 'pynq_z2_bram_wrapper' is added to custom repositories.
15:21:48 INFO  : Result from executing command 'getProjects': pynq_z2_bram_wrapper
15:21:48 INFO  : Result from executing command 'getPlatforms': pynq_z2_bram_wrapper|/home/kike/Desktop/marvin/marvin/pynq_z2_bram_wrapper/export/pynq_z2_bram_wrapper/pynq_z2_bram_wrapper.xpfm;xilinx_vck190_base_202410_1|/tools/Xilinx/Vitis/2024.1/base_platforms/xilinx_vck190_base_202410_1/xilinx_vck190_base_202410_1.xpfm;xilinx_vck190_base_dfx_202410_1|/tools/Xilinx/Vitis/2024.1/base_platforms/xilinx_vck190_base_dfx_202410_1/xilinx_vck190_base_dfx_202410_1.xpfm;xilinx_vek280_base_202410_1|/tools/Xilinx/Vitis/2024.1/base_platforms/xilinx_vek280_base_202410_1/xilinx_vek280_base_202410_1.xpfm;xilinx_vek280_base_bdc_202410_1|/tools/Xilinx/Vitis/2024.1/base_platforms/xilinx_vek280_base_bdc_202410_1/xilinx_vek280_base_bdc_202410_1.xpfm;xilinx_vmk180_base_202410_1|/tools/Xilinx/Vitis/2024.1/base_platforms/xilinx_vmk180_base_202410_1/xilinx_vmk180_base_202410_1.xpfm;xilinx_zcu102_base_202410_1|/tools/Xilinx/Vitis/2024.1/base_platforms/xilinx_zcu102_base_202410_1/xilinx_zcu102_base_202410_1.xpfm;xilinx_zcu102_base_dfx_202410_1|/tools/Xilinx/Vitis/2024.1/base_platforms/xilinx_zcu102_base_dfx_202410_1/xilinx_zcu102_base_dfx_202410_1.xpfm;xilinx_zcu104_base_202410_1|/tools/Xilinx/Vitis/2024.1/base_platforms/xilinx_zcu104_base_202410_1/xilinx_zcu104_base_202410_1.xpfm
15:21:52 INFO  : Checking for BSP changes to sync application flags for project 'marvin'...
15:22:46 INFO  : Checking for BSP changes to sync application flags for project 'marvin'...
15:25:18 INFO  : Checking for BSP changes to sync application flags for project 'marvin'...
15:26:34 INFO  : Checking for BSP changes to sync application flags for project 'marvin'...
15:26:51 INFO  : Checking for BSP changes to sync application flags for project 'marvin'...
15:27:22 INFO  : Checking for BSP changes to sync application flags for project 'marvin'...
15:27:51 INFO  : Checking for BSP changes to sync application flags for project 'marvin'...
15:35:17 INFO  : Checking for BSP changes to sync application flags for project 'marvin'...
15:36:27 INFO  : Checking for BSP changes to sync application flags for project 'marvin'...
15:37:02 INFO  : Checking for BSP changes to sync application flags for project 'marvin'...
15:43:37 INFO  : Checking for BSP changes to sync application flags for project 'marvin'...
15:52:30 INFO  : Checking for BSP changes to sync application flags for project 'marvin'...
16:29:30 DEBUG : Logs will be stored at '/home/kike/Desktop/marvin/marvin/IDE.log'.
16:29:30 INFO  : Launching XSCT server: xsct -n  -interactive /home/kike/Desktop/marvin/marvin/temp_xsdb_launch_script.tcl
16:29:32 INFO  : Registering command handlers for Vitis TCF services
16:29:32 INFO  : XSCT server has started successfully.
16:29:33 INFO  : Successfully done setting XSCT server connection channel  
16:29:33 INFO  : plnx-install-location is set to ''
16:29:33 INFO  : Successfully done setting workspace for the tool. 
16:29:33 INFO  : Successfully done query RDI_DATADIR 
16:29:33 INFO  : Platform repository initialization has completed.
16:38:36 INFO  : Checking for BSP changes to sync application flags for project 'marvin'...
16:40:35 INFO  : Checking for BSP changes to sync application flags for project 'marvin'...
17:27:23 INFO  : Checking for BSP changes to sync application flags for project 'marvin'...
11:58:23 DEBUG : Logs will be stored at '/home/kike/Desktop/marvin/marvin/IDE.log'.
11:58:23 INFO  : Launching XSCT server: xsct -n  -interactive /home/kike/Desktop/marvin/marvin/temp_xsdb_launch_script.tcl
11:58:25 INFO  : XSCT server has started successfully.
11:58:25 INFO  : Registering command handlers for Vitis TCF services
11:58:25 INFO  : Successfully done setting XSCT server connection channel  
11:58:25 INFO  : plnx-install-location is set to ''
11:58:26 INFO  : Successfully done setting workspace for the tool. 
11:58:26 INFO  : Successfully done query RDI_DATADIR 
11:58:26 INFO  : Platform repository initialization has completed.
11:59:05 INFO  : Checking for BSP changes to sync application flags for project 'marvin'...
11:59:15 INFO  : Checking for BSP changes to sync application flags for project 'marvin'...
10:20:27 DEBUG : Logs will be stored at '/home/kike/Desktop/marvin/marvin/IDE.log'.
10:20:28 INFO  : Launching XSCT server: xsct -n  -interactive /home/kike/Desktop/marvin/marvin/temp_xsdb_launch_script.tcl
10:20:30 INFO  : Registering command handlers for Vitis TCF services
10:20:30 INFO  : XSCT server has started successfully.
10:20:30 INFO  : plnx-install-location is set to ''
10:20:30 INFO  : Platform repository initialization has completed.
10:20:30 INFO  : Successfully done setting XSCT server connection channel  
10:20:30 INFO  : Successfully done query RDI_DATADIR 
10:20:30 INFO  : Successfully done setting workspace for the tool. 
10:45:04 DEBUG : Logs will be stored at '/home/kike/Desktop/marvin/marvin/IDE.log'.
10:45:04 INFO  : Launching XSCT server: xsct -n  -interactive /home/kike/Desktop/marvin/marvin/temp_xsdb_launch_script.tcl
10:45:06 INFO  : Registering command handlers for Vitis TCF services
10:45:06 INFO  : XSCT server has started successfully.
10:45:06 INFO  : plnx-install-location is set to ''
10:45:07 INFO  : Platform repository initialization has completed.
10:45:07 INFO  : Successfully done setting XSCT server connection channel  
10:45:07 INFO  : Successfully done query RDI_DATADIR 
10:45:07 INFO  : Successfully done setting workspace for the tool. 
12:20:12 INFO  : Result from executing command 'getProjects': pynq_z2_bram_wrapper
12:20:12 INFO  : Result from executing command 'getPlatforms': pynq_z2_bram_wrapper|/home/kike/Desktop/marvin/marvin/pynq_z2_bram_wrapper/export/pynq_z2_bram_wrapper/pynq_z2_bram_wrapper.xpfm;xilinx_vck190_base_202410_1|/tools/Xilinx/Vitis/2024.1/base_platforms/xilinx_vck190_base_202410_1/xilinx_vck190_base_202410_1.xpfm;xilinx_vck190_base_dfx_202410_1|/tools/Xilinx/Vitis/2024.1/base_platforms/xilinx_vck190_base_dfx_202410_1/xilinx_vck190_base_dfx_202410_1.xpfm;xilinx_vek280_base_202410_1|/tools/Xilinx/Vitis/2024.1/base_platforms/xilinx_vek280_base_202410_1/xilinx_vek280_base_202410_1.xpfm;xilinx_vek280_base_bdc_202410_1|/tools/Xilinx/Vitis/2024.1/base_platforms/xilinx_vek280_base_bdc_202410_1/xilinx_vek280_base_bdc_202410_1.xpfm;xilinx_vmk180_base_202410_1|/tools/Xilinx/Vitis/2024.1/base_platforms/xilinx_vmk180_base_202410_1/xilinx_vmk180_base_202410_1.xpfm;xilinx_zcu102_base_202410_1|/tools/Xilinx/Vitis/2024.1/base_platforms/xilinx_zcu102_base_202410_1/xilinx_zcu102_base_202410_1.xpfm;xilinx_zcu102_base_dfx_202410_1|/tools/Xilinx/Vitis/2024.1/base_platforms/xilinx_zcu102_base_dfx_202410_1/xilinx_zcu102_base_dfx_202410_1.xpfm;xilinx_zcu104_base_202410_1|/tools/Xilinx/Vitis/2024.1/base_platforms/xilinx_zcu104_base_202410_1/xilinx_zcu104_base_202410_1.xpfm
12:20:16 INFO  : Checking for BSP changes to sync application flags for project 'marvin'...
12:21:06 INFO  : Checking for BSP changes to sync application flags for project 'marvin'...
12:30:59 INFO  : Checking for BSP changes to sync application flags for project 'marvin'...
12:31:17 INFO  : Checking for BSP changes to sync application flags for project 'marvin'...
12:22:16 DEBUG : Logs will be stored at '/home/kike/Desktop/marvin/marvin/IDE.log'.
12:22:17 INFO  : Launching XSCT server: xsct -n  -interactive /home/kike/Desktop/marvin/marvin/temp_xsdb_launch_script.tcl
12:22:19 INFO  : Registering command handlers for Vitis TCF services
12:22:19 INFO  : Platform repository initialization has completed.
12:22:21 INFO  : XSCT server has started successfully.
12:22:21 INFO  : Successfully done setting XSCT server connection channel  
12:22:21 INFO  : plnx-install-location is set to ''
12:22:21 INFO  : Successfully done setting workspace for the tool. 
12:22:21 INFO  : Successfully done query RDI_DATADIR 
12:23:10 INFO  : Checking for BSP changes to sync application flags for project 'marvin'...
12:28:17 INFO  : Checking for BSP changes to sync application flags for project 'marvin'...
12:32:48 INFO  : Checking for BSP changes to sync application flags for project 'marvin'...
12:33:10 INFO  : Connected to target on host '127.0.0.1' and port '3121'.
12:33:10 INFO  : Jtag cable 'Xilinx TUL 1234-tulA' is selected.
12:33:10 INFO  : 'jtag frequency' command is executed.
12:33:10 INFO  : Context for 'APU' is selected.
12:33:10 INFO  : System reset is completed.
12:33:13 INFO  : 'after 3000' command is executed.
12:33:13 INFO  : 'targets -set -filter {jtag_cable_name =~ "Xilinx TUL 1234-tulA" && level==0 && jtag_device_ctx=="jsn-TUL-1234-tulA-23727093-0"}' command is executed.
12:33:16 INFO  : Device configured successfully with "/home/kike/Desktop/marvin/marvin/marvin/_ide/bitstream/pynq_z2_bram_wrapper.bit"
12:33:16 INFO  : Context for 'APU' is selected.
12:33:16 INFO  : Hardware design and registers information is loaded from '/home/kike/Desktop/marvin/marvin/pynq_z2_bram_wrapper/export/pynq_z2_bram_wrapper/hw/pynq_z2_bram_wrapper.xsa'.
12:33:16 INFO  : 'configparams force-mem-access 1' command is executed.
12:33:16 INFO  : Context for 'APU' is selected.
12:33:16 INFO  : Sourcing of '/home/kike/Desktop/marvin/marvin/marvin/_ide/psinit/ps7_init.tcl' is done.
12:33:16 INFO  : 'ps7_init' command is executed.
12:33:16 INFO  : 'ps7_post_config' command is executed.
12:33:16 INFO  : Context for processor 'ps7_cortexa9_0' is selected.
12:33:16 INFO  : The application '/home/kike/Desktop/marvin/marvin/marvin/Debug/marvin.elf' is downloaded to processor 'ps7_cortexa9_0'.
12:33:16 INFO  : 'configparams force-mem-access 0' command is executed.
12:33:16 INFO  : ----------------XSDB Script----------------
connect -url tcp:127.0.0.1:3121
targets -set -nocase -filter {name =~"APU*"}
rst -system
after 3000
targets -set -filter {jtag_cable_name =~ "Xilinx TUL 1234-tulA" && level==0 && jtag_device_ctx=="jsn-TUL-1234-tulA-23727093-0"}
fpga -file /home/kike/Desktop/marvin/marvin/marvin/_ide/bitstream/pynq_z2_bram_wrapper.bit
targets -set -nocase -filter {name =~"APU*"}
loadhw -hw /home/kike/Desktop/marvin/marvin/pynq_z2_bram_wrapper/export/pynq_z2_bram_wrapper/hw/pynq_z2_bram_wrapper.xsa -mem-ranges [list {0x40000000 0xbfffffff}] -regs
configparams force-mem-access 1
targets -set -nocase -filter {name =~"APU*"}
source /home/kike/Desktop/marvin/marvin/marvin/_ide/psinit/ps7_init.tcl
ps7_init
ps7_post_config
targets -set -nocase -filter {name =~ "*A9*#0"}
dow /home/kike/Desktop/marvin/marvin/marvin/Debug/marvin.elf
configparams force-mem-access 0
----------------End of Script----------------

12:33:16 INFO  : Context for processor 'ps7_cortexa9_0' is selected.
12:33:16 INFO  : 'con' command is executed.
12:33:16 INFO  : ----------------XSDB Script (After Launch)----------------
targets -set -nocase -filter {name =~ "*A9*#0"}
con
----------------End of Script----------------

12:33:16 INFO  : Launch script is exported to file '/home/kike/Desktop/marvin/marvin/marvin_system/_ide/scripts/debugger_marvin-default.tcl'
12:35:00 INFO  : Disconnected from the channel tcfchan#1.
12:35:01 INFO  : Connected to target on host '127.0.0.1' and port '3121'.
12:35:02 INFO  : Jtag cable 'Xilinx TUL 1234-tulA' is selected.
12:35:02 INFO  : 'jtag frequency' command is executed.
12:35:02 INFO  : Context for 'APU' is selected.
12:35:02 INFO  : System reset is completed.
12:35:05 INFO  : 'after 3000' command is executed.
12:35:05 INFO  : 'targets -set -filter {jtag_cable_name =~ "Xilinx TUL 1234-tulA" && level==0 && jtag_device_ctx=="jsn-TUL-1234-tulA-23727093-0"}' command is executed.
12:35:07 INFO  : Device configured successfully with "/home/kike/Desktop/marvin/marvin/marvin/_ide/bitstream/pynq_z2_bram_wrapper.bit"
12:35:07 INFO  : Context for 'APU' is selected.
12:35:08 INFO  : Hardware design and registers information is loaded from '/home/kike/Desktop/marvin/marvin/pynq_z2_bram_wrapper/export/pynq_z2_bram_wrapper/hw/pynq_z2_bram_wrapper.xsa'.
12:35:08 INFO  : 'configparams force-mem-access 1' command is executed.
12:35:08 INFO  : Context for 'APU' is selected.
12:35:08 INFO  : Sourcing of '/home/kike/Desktop/marvin/marvin/marvin/_ide/psinit/ps7_init.tcl' is done.
12:35:08 INFO  : 'ps7_init' command is executed.
12:35:08 INFO  : 'ps7_post_config' command is executed.
12:35:08 INFO  : Context for processor 'ps7_cortexa9_0' is selected.
12:35:09 INFO  : The application '/home/kike/Desktop/marvin/marvin/marvin/Debug/marvin.elf' is downloaded to processor 'ps7_cortexa9_0'.
12:35:09 INFO  : 'configparams force-mem-access 0' command is executed.
12:35:09 INFO  : ----------------XSDB Script----------------
connect -url tcp:127.0.0.1:3121
targets -set -nocase -filter {name =~"APU*"}
rst -system
after 3000
targets -set -filter {jtag_cable_name =~ "Xilinx TUL 1234-tulA" && level==0 && jtag_device_ctx=="jsn-TUL-1234-tulA-23727093-0"}
fpga -file /home/kike/Desktop/marvin/marvin/marvin/_ide/bitstream/pynq_z2_bram_wrapper.bit
targets -set -nocase -filter {name =~"APU*"}
loadhw -hw /home/kike/Desktop/marvin/marvin/pynq_z2_bram_wrapper/export/pynq_z2_bram_wrapper/hw/pynq_z2_bram_wrapper.xsa -mem-ranges [list {0x40000000 0xbfffffff}] -regs
configparams force-mem-access 1
targets -set -nocase -filter {name =~"APU*"}
source /home/kike/Desktop/marvin/marvin/marvin/_ide/psinit/ps7_init.tcl
ps7_init
ps7_post_config
targets -set -nocase -filter {name =~ "*A9*#0"}
dow /home/kike/Desktop/marvin/marvin/marvin/Debug/marvin.elf
configparams force-mem-access 0
----------------End of Script----------------

12:35:09 INFO  : Context for processor 'ps7_cortexa9_0' is selected.
12:35:09 INFO  : 'con' command is executed.
12:35:09 INFO  : ----------------XSDB Script (After Launch)----------------
targets -set -nocase -filter {name =~ "*A9*#0"}
con
----------------End of Script----------------

12:35:09 INFO  : Launch script is exported to file '/home/kike/Desktop/marvin/marvin/marvin_system/_ide/scripts/debugger_marvin-default.tcl'
12:37:22 INFO  : Checking for BSP changes to sync application flags for project 'marvin'...
12:38:18 INFO  : Checking for BSP changes to sync application flags for project 'marvin'...
12:38:28 INFO  : Disconnected from the channel tcfchan#2.
12:38:29 INFO  : Connected to target on host '127.0.0.1' and port '3121'.
12:38:29 INFO  : Jtag cable 'Xilinx TUL 1234-tulA' is selected.
12:38:29 INFO  : 'jtag frequency' command is executed.
12:38:31 INFO  : Context for 'APU' is selected.
12:38:31 INFO  : System reset is completed.
12:38:34 INFO  : 'after 3000' command is executed.
12:38:34 INFO  : 'targets -set -filter {jtag_cable_name =~ "Xilinx TUL 1234-tulA" && level==0 && jtag_device_ctx=="jsn-TUL-1234-tulA-23727093-0"}' command is executed.
12:38:37 INFO  : Device configured successfully with "/home/kike/Desktop/marvin/marvin/marvin/_ide/bitstream/pynq_z2_bram_wrapper.bit"
12:38:37 INFO  : Context for 'APU' is selected.
12:38:38 INFO  : Hardware design and registers information is loaded from '/home/kike/Desktop/marvin/marvin/pynq_z2_bram_wrapper/export/pynq_z2_bram_wrapper/hw/pynq_z2_bram_wrapper.xsa'.
12:38:38 INFO  : 'configparams force-mem-access 1' command is executed.
12:38:38 INFO  : Context for 'APU' is selected.
12:38:38 INFO  : Sourcing of '/home/kike/Desktop/marvin/marvin/marvin/_ide/psinit/ps7_init.tcl' is done.
12:38:38 INFO  : 'ps7_init' command is executed.
12:38:38 INFO  : 'ps7_post_config' command is executed.
12:38:38 INFO  : Context for processor 'ps7_cortexa9_0' is selected.
12:38:38 INFO  : The application '/home/kike/Desktop/marvin/marvin/marvin/Debug/marvin.elf' is downloaded to processor 'ps7_cortexa9_0'.
12:38:38 INFO  : 'configparams force-mem-access 0' command is executed.
12:38:38 INFO  : ----------------XSDB Script----------------
connect -url tcp:127.0.0.1:3121
targets -set -nocase -filter {name =~"APU*"}
rst -system
after 3000
targets -set -filter {jtag_cable_name =~ "Xilinx TUL 1234-tulA" && level==0 && jtag_device_ctx=="jsn-TUL-1234-tulA-23727093-0"}
fpga -file /home/kike/Desktop/marvin/marvin/marvin/_ide/bitstream/pynq_z2_bram_wrapper.bit
targets -set -nocase -filter {name =~"APU*"}
loadhw -hw /home/kike/Desktop/marvin/marvin/pynq_z2_bram_wrapper/export/pynq_z2_bram_wrapper/hw/pynq_z2_bram_wrapper.xsa -mem-ranges [list {0x40000000 0xbfffffff}] -regs
configparams force-mem-access 1
targets -set -nocase -filter {name =~"APU*"}
source /home/kike/Desktop/marvin/marvin/marvin/_ide/psinit/ps7_init.tcl
ps7_init
ps7_post_config
targets -set -nocase -filter {name =~ "*A9*#0"}
dow /home/kike/Desktop/marvin/marvin/marvin/Debug/marvin.elf
configparams force-mem-access 0
----------------End of Script----------------

12:38:38 INFO  : Context for processor 'ps7_cortexa9_0' is selected.
12:38:38 INFO  : 'con' command is executed.
12:38:38 INFO  : ----------------XSDB Script (After Launch)----------------
targets -set -nocase -filter {name =~ "*A9*#0"}
con
----------------End of Script----------------

12:38:38 INFO  : Launch script is exported to file '/home/kike/Desktop/marvin/marvin/marvin_system/_ide/scripts/debugger_marvin-default.tcl'
12:41:13 INFO  : Checking for BSP changes to sync application flags for project 'marvin'...
12:41:40 INFO  : Checking for BSP changes to sync application flags for project 'marvin'...
12:41:47 INFO  : Disconnected from the channel tcfchan#3.
12:41:48 INFO  : Connected to target on host '127.0.0.1' and port '3121'.
12:41:48 INFO  : Jtag cable 'Xilinx TUL 1234-tulA' is selected.
12:41:48 INFO  : 'jtag frequency' command is executed.
12:41:50 INFO  : Context for 'APU' is selected.
12:41:50 INFO  : System reset is completed.
12:41:53 INFO  : 'after 3000' command is executed.
12:41:53 INFO  : 'targets -set -filter {jtag_cable_name =~ "Xilinx TUL 1234-tulA" && level==0 && jtag_device_ctx=="jsn-TUL-1234-tulA-23727093-0"}' command is executed.
12:41:55 INFO  : Device configured successfully with "/home/kike/Desktop/marvin/marvin/marvin/_ide/bitstream/pynq_z2_bram_wrapper.bit"
12:41:55 INFO  : Context for 'APU' is selected.
12:41:56 INFO  : Hardware design and registers information is loaded from '/home/kike/Desktop/marvin/marvin/pynq_z2_bram_wrapper/export/pynq_z2_bram_wrapper/hw/pynq_z2_bram_wrapper.xsa'.
12:41:56 INFO  : 'configparams force-mem-access 1' command is executed.
12:41:56 INFO  : Context for 'APU' is selected.
12:41:56 INFO  : Sourcing of '/home/kike/Desktop/marvin/marvin/marvin/_ide/psinit/ps7_init.tcl' is done.
12:41:56 INFO  : 'ps7_init' command is executed.
12:41:56 INFO  : 'ps7_post_config' command is executed.
12:41:56 INFO  : Context for processor 'ps7_cortexa9_0' is selected.
12:41:57 INFO  : The application '/home/kike/Desktop/marvin/marvin/marvin/Debug/marvin.elf' is downloaded to processor 'ps7_cortexa9_0'.
12:41:57 INFO  : 'configparams force-mem-access 0' command is executed.
12:41:57 INFO  : ----------------XSDB Script----------------
connect -url tcp:127.0.0.1:3121
targets -set -nocase -filter {name =~"APU*"}
rst -system
after 3000
targets -set -filter {jtag_cable_name =~ "Xilinx TUL 1234-tulA" && level==0 && jtag_device_ctx=="jsn-TUL-1234-tulA-23727093-0"}
fpga -file /home/kike/Desktop/marvin/marvin/marvin/_ide/bitstream/pynq_z2_bram_wrapper.bit
targets -set -nocase -filter {name =~"APU*"}
loadhw -hw /home/kike/Desktop/marvin/marvin/pynq_z2_bram_wrapper/export/pynq_z2_bram_wrapper/hw/pynq_z2_bram_wrapper.xsa -mem-ranges [list {0x40000000 0xbfffffff}] -regs
configparams force-mem-access 1
targets -set -nocase -filter {name =~"APU*"}
source /home/kike/Desktop/marvin/marvin/marvin/_ide/psinit/ps7_init.tcl
ps7_init
ps7_post_config
targets -set -nocase -filter {name =~ "*A9*#0"}
dow /home/kike/Desktop/marvin/marvin/marvin/Debug/marvin.elf
configparams force-mem-access 0
----------------End of Script----------------

12:41:57 INFO  : Context for processor 'ps7_cortexa9_0' is selected.
12:41:57 INFO  : 'con' command is executed.
12:41:57 INFO  : ----------------XSDB Script (After Launch)----------------
targets -set -nocase -filter {name =~ "*A9*#0"}
con
----------------End of Script----------------

12:41:57 INFO  : Launch script is exported to file '/home/kike/Desktop/marvin/marvin/marvin_system/_ide/scripts/debugger_marvin-default.tcl'
16:57:30 DEBUG : Logs will be stored at '/home/kike/Desktop/marvin/marvin/IDE.log'.
16:57:31 INFO  : Launching XSCT server: xsct -n  -interactive /home/kike/Desktop/marvin/marvin/temp_xsdb_launch_script.tcl
16:57:33 INFO  : Registering command handlers for Vitis TCF services
16:57:34 INFO  : Platform repository initialization has completed.
16:57:35 INFO  : XSCT server has started successfully.
16:57:35 INFO  : Successfully done setting XSCT server connection channel  
16:57:35 INFO  : Successfully done setting workspace for the tool. 
16:57:35 INFO  : plnx-install-location is set to ''
16:57:35 INFO  : Successfully done query RDI_DATADIR 
16:58:04 INFO  : Checking for BSP changes to sync application flags for project 'marvin'...
17:01:37 INFO  : Checking for BSP changes to sync application flags for project 'marvin'...
17:03:34 INFO  : Connected to target on host '127.0.0.1' and port '3121'.
17:03:35 INFO  : Jtag cable 'Xilinx TUL 1234-tulA' is selected.
17:03:35 INFO  : 'jtag frequency' command is executed.
17:03:35 INFO  : Context for 'APU' is selected.
17:03:35 INFO  : System reset is completed.
17:03:38 INFO  : 'after 3000' command is executed.
17:03:38 INFO  : 'targets -set -filter {jtag_cable_name =~ "Xilinx TUL 1234-tulA" && level==0 && jtag_device_ctx=="jsn-TUL-1234-tulA-23727093-0"}' command is executed.
17:03:40 INFO  : Device configured successfully with "/home/kike/Desktop/marvin/marvin/marvin/_ide/bitstream/pynq_z2_bram_wrapper.bit"
17:03:40 INFO  : Context for 'APU' is selected.
17:03:40 INFO  : Hardware design and registers information is loaded from '/home/kike/Desktop/marvin/marvin/pynq_z2_bram_wrapper/export/pynq_z2_bram_wrapper/hw/pynq_z2_bram_wrapper.xsa'.
17:03:40 INFO  : 'configparams force-mem-access 1' command is executed.
17:03:40 INFO  : Context for 'APU' is selected.
17:03:40 INFO  : Sourcing of '/home/kike/Desktop/marvin/marvin/marvin/_ide/psinit/ps7_init.tcl' is done.
17:03:40 INFO  : 'ps7_init' command is executed.
17:03:41 INFO  : 'ps7_post_config' command is executed.
17:03:41 INFO  : Context for processor 'ps7_cortexa9_0' is selected.
17:03:41 INFO  : The application '/home/kike/Desktop/marvin/marvin/marvin/Debug/marvin.elf' is downloaded to processor 'ps7_cortexa9_0'.
17:03:41 INFO  : 'configparams force-mem-access 0' command is executed.
17:03:41 INFO  : ----------------XSDB Script----------------
connect -url tcp:127.0.0.1:3121
targets -set -nocase -filter {name =~"APU*"}
rst -system
after 3000
targets -set -filter {jtag_cable_name =~ "Xilinx TUL 1234-tulA" && level==0 && jtag_device_ctx=="jsn-TUL-1234-tulA-23727093-0"}
fpga -file /home/kike/Desktop/marvin/marvin/marvin/_ide/bitstream/pynq_z2_bram_wrapper.bit
targets -set -nocase -filter {name =~"APU*"}
loadhw -hw /home/kike/Desktop/marvin/marvin/pynq_z2_bram_wrapper/export/pynq_z2_bram_wrapper/hw/pynq_z2_bram_wrapper.xsa -mem-ranges [list {0x40000000 0xbfffffff}] -regs
configparams force-mem-access 1
targets -set -nocase -filter {name =~"APU*"}
source /home/kike/Desktop/marvin/marvin/marvin/_ide/psinit/ps7_init.tcl
ps7_init
ps7_post_config
targets -set -nocase -filter {name =~ "*A9*#0"}
dow /home/kike/Desktop/marvin/marvin/marvin/Debug/marvin.elf
configparams force-mem-access 0
----------------End of Script----------------

17:03:41 INFO  : Context for processor 'ps7_cortexa9_0' is selected.
17:03:41 INFO  : 'con' command is executed.
17:03:41 INFO  : ----------------XSDB Script (After Launch)----------------
targets -set -nocase -filter {name =~ "*A9*#0"}
con
----------------End of Script----------------

17:03:41 INFO  : Launch script is exported to file '/home/kike/Desktop/marvin/marvin/marvin_system/_ide/scripts/debugger_marvin-default.tcl'
17:04:54 INFO  : Checking for BSP changes to sync application flags for project 'marvin'...
17:04:58 INFO  : Disconnected from the channel tcfchan#1.
17:04:59 INFO  : Connected to target on host '127.0.0.1' and port '3121'.
17:04:59 INFO  : Jtag cable 'Xilinx TUL 1234-tulA' is selected.
17:04:59 INFO  : 'jtag frequency' command is executed.
17:05:01 INFO  : Context for 'APU' is selected.
17:05:01 INFO  : System reset is completed.
17:05:04 INFO  : 'after 3000' command is executed.
17:05:04 INFO  : 'targets -set -filter {jtag_cable_name =~ "Xilinx TUL 1234-tulA" && level==0 && jtag_device_ctx=="jsn-TUL-1234-tulA-23727093-0"}' command is executed.
17:05:07 INFO  : Device configured successfully with "/home/kike/Desktop/marvin/marvin/marvin/_ide/bitstream/pynq_z2_bram_wrapper.bit"
17:05:07 INFO  : Context for 'APU' is selected.
17:05:08 INFO  : Hardware design and registers information is loaded from '/home/kike/Desktop/marvin/marvin/pynq_z2_bram_wrapper/export/pynq_z2_bram_wrapper/hw/pynq_z2_bram_wrapper.xsa'.
17:05:08 INFO  : 'configparams force-mem-access 1' command is executed.
17:05:08 INFO  : Context for 'APU' is selected.
17:05:08 INFO  : Sourcing of '/home/kike/Desktop/marvin/marvin/marvin/_ide/psinit/ps7_init.tcl' is done.
17:05:08 INFO  : 'ps7_init' command is executed.
17:05:08 INFO  : 'ps7_post_config' command is executed.
17:05:08 INFO  : Context for processor 'ps7_cortexa9_0' is selected.
17:05:08 INFO  : The application '/home/kike/Desktop/marvin/marvin/marvin/Debug/marvin.elf' is downloaded to processor 'ps7_cortexa9_0'.
17:05:08 INFO  : 'configparams force-mem-access 0' command is executed.
17:05:08 INFO  : ----------------XSDB Script----------------
connect -url tcp:127.0.0.1:3121
targets -set -nocase -filter {name =~"APU*"}
rst -system
after 3000
targets -set -filter {jtag_cable_name =~ "Xilinx TUL 1234-tulA" && level==0 && jtag_device_ctx=="jsn-TUL-1234-tulA-23727093-0"}
fpga -file /home/kike/Desktop/marvin/marvin/marvin/_ide/bitstream/pynq_z2_bram_wrapper.bit
targets -set -nocase -filter {name =~"APU*"}
loadhw -hw /home/kike/Desktop/marvin/marvin/pynq_z2_bram_wrapper/export/pynq_z2_bram_wrapper/hw/pynq_z2_bram_wrapper.xsa -mem-ranges [list {0x40000000 0xbfffffff}] -regs
configparams force-mem-access 1
targets -set -nocase -filter {name =~"APU*"}
source /home/kike/Desktop/marvin/marvin/marvin/_ide/psinit/ps7_init.tcl
ps7_init
ps7_post_config
targets -set -nocase -filter {name =~ "*A9*#0"}
dow /home/kike/Desktop/marvin/marvin/marvin/Debug/marvin.elf
configparams force-mem-access 0
----------------End of Script----------------

17:05:08 INFO  : Context for processor 'ps7_cortexa9_0' is selected.
17:05:08 INFO  : 'con' command is executed.
17:05:08 INFO  : ----------------XSDB Script (After Launch)----------------
targets -set -nocase -filter {name =~ "*A9*#0"}
con
----------------End of Script----------------

17:05:08 INFO  : Launch script is exported to file '/home/kike/Desktop/marvin/marvin/marvin_system/_ide/scripts/debugger_marvin-default.tcl'
17:05:58 INFO  : Checking for BSP changes to sync application flags for project 'marvin'...
17:06:03 INFO  : Disconnected from the channel tcfchan#2.
17:06:04 INFO  : Connected to target on host '127.0.0.1' and port '3121'.
17:06:04 INFO  : Jtag cable 'Xilinx TUL 1234-tulA' is selected.
17:06:04 ERROR : port closed
17:06:04 INFO  : ----------------XSDB Script----------------
connect -url tcp:127.0.0.1:3121
----------------End of Script----------------

17:06:04 ERROR : port closed
17:06:12 INFO  : Checking for BSP changes to sync application flags for project 'marvin'...
17:06:18 INFO  : Connected to target on host '127.0.0.1' and port '3121'.
17:06:18 INFO  : Jtag cable 'Xilinx TUL 1234-tulA' is selected.
17:06:18 INFO  : 'jtag frequency' command is executed.
17:06:18 INFO  : Context for 'APU' is selected.
17:06:18 INFO  : System reset is completed.
17:06:21 INFO  : 'after 3000' command is executed.
17:06:21 INFO  : 'targets -set -filter {jtag_cable_name =~ "Xilinx TUL 1234-tulA" && level==0 && jtag_device_ctx=="jsn-TUL-1234-tulA-23727093-0"}' command is executed.
17:06:23 INFO  : Device configured successfully with "/home/kike/Desktop/marvin/marvin/marvin/_ide/bitstream/pynq_z2_bram_wrapper.bit"
17:06:23 INFO  : Context for 'APU' is selected.
17:06:23 INFO  : Hardware design and registers information is loaded from '/home/kike/Desktop/marvin/marvin/pynq_z2_bram_wrapper/export/pynq_z2_bram_wrapper/hw/pynq_z2_bram_wrapper.xsa'.
17:06:23 INFO  : 'configparams force-mem-access 1' command is executed.
17:06:23 INFO  : Context for 'APU' is selected.
17:06:23 INFO  : Sourcing of '/home/kike/Desktop/marvin/marvin/marvin/_ide/psinit/ps7_init.tcl' is done.
17:06:23 INFO  : 'ps7_init' command is executed.
17:06:23 INFO  : 'ps7_post_config' command is executed.
17:06:23 INFO  : Context for processor 'ps7_cortexa9_0' is selected.
17:06:24 INFO  : The application '/home/kike/Desktop/marvin/marvin/marvin/Debug/marvin.elf' is downloaded to processor 'ps7_cortexa9_0'.
17:06:24 INFO  : 'configparams force-mem-access 0' command is executed.
17:06:24 INFO  : ----------------XSDB Script----------------
connect -url tcp:127.0.0.1:3121
targets -set -nocase -filter {name =~"APU*"}
rst -system
after 3000
targets -set -filter {jtag_cable_name =~ "Xilinx TUL 1234-tulA" && level==0 && jtag_device_ctx=="jsn-TUL-1234-tulA-23727093-0"}
fpga -file /home/kike/Desktop/marvin/marvin/marvin/_ide/bitstream/pynq_z2_bram_wrapper.bit
targets -set -nocase -filter {name =~"APU*"}
loadhw -hw /home/kike/Desktop/marvin/marvin/pynq_z2_bram_wrapper/export/pynq_z2_bram_wrapper/hw/pynq_z2_bram_wrapper.xsa -mem-ranges [list {0x40000000 0xbfffffff}] -regs
configparams force-mem-access 1
targets -set -nocase -filter {name =~"APU*"}
source /home/kike/Desktop/marvin/marvin/marvin/_ide/psinit/ps7_init.tcl
ps7_init
ps7_post_config
targets -set -nocase -filter {name =~ "*A9*#0"}
dow /home/kike/Desktop/marvin/marvin/marvin/Debug/marvin.elf
configparams force-mem-access 0
----------------End of Script----------------

17:06:24 INFO  : Context for processor 'ps7_cortexa9_0' is selected.
17:06:24 INFO  : 'con' command is executed.
17:06:24 INFO  : ----------------XSDB Script (After Launch)----------------
targets -set -nocase -filter {name =~ "*A9*#0"}
con
----------------End of Script----------------

17:06:24 INFO  : Launch script is exported to file '/home/kike/Desktop/marvin/marvin/marvin_system/_ide/scripts/debugger_marvin-default.tcl'
17:07:21 INFO  : Checking for BSP changes to sync application flags for project 'marvin'...
17:07:29 INFO  : Disconnected from the channel tcfchan#3.
17:07:30 INFO  : Connected to target on host '127.0.0.1' and port '3121'.
17:07:30 INFO  : Jtag cable 'Xilinx TUL 1234-tulA' is selected.
17:07:30 INFO  : 'jtag frequency' command is executed.
17:07:30 INFO  : Context for 'APU' is selected.
17:07:30 INFO  : System reset is completed.
17:07:33 INFO  : 'after 3000' command is executed.
17:07:33 INFO  : 'targets -set -filter {jtag_cable_name =~ "Xilinx TUL 1234-tulA" && level==0 && jtag_device_ctx=="jsn-TUL-1234-tulA-23727093-0"}' command is executed.
17:07:36 INFO  : Device configured successfully with "/home/kike/Desktop/marvin/marvin/marvin/_ide/bitstream/pynq_z2_bram_wrapper.bit"
17:07:36 INFO  : Context for 'APU' is selected.
17:07:37 INFO  : Hardware design and registers information is loaded from '/home/kike/Desktop/marvin/marvin/pynq_z2_bram_wrapper/export/pynq_z2_bram_wrapper/hw/pynq_z2_bram_wrapper.xsa'.
17:07:37 INFO  : 'configparams force-mem-access 1' command is executed.
17:07:37 INFO  : Context for 'APU' is selected.
17:07:37 INFO  : Sourcing of '/home/kike/Desktop/marvin/marvin/marvin/_ide/psinit/ps7_init.tcl' is done.
17:07:37 INFO  : 'ps7_init' command is executed.
17:07:37 INFO  : 'ps7_post_config' command is executed.
17:07:37 INFO  : Context for processor 'ps7_cortexa9_0' is selected.
17:07:38 INFO  : The application '/home/kike/Desktop/marvin/marvin/marvin/Debug/marvin.elf' is downloaded to processor 'ps7_cortexa9_0'.
17:07:38 INFO  : 'configparams force-mem-access 0' command is executed.
17:07:38 INFO  : ----------------XSDB Script----------------
connect -url tcp:127.0.0.1:3121
targets -set -nocase -filter {name =~"APU*"}
rst -system
after 3000
targets -set -filter {jtag_cable_name =~ "Xilinx TUL 1234-tulA" && level==0 && jtag_device_ctx=="jsn-TUL-1234-tulA-23727093-0"}
fpga -file /home/kike/Desktop/marvin/marvin/marvin/_ide/bitstream/pynq_z2_bram_wrapper.bit
targets -set -nocase -filter {name =~"APU*"}
loadhw -hw /home/kike/Desktop/marvin/marvin/pynq_z2_bram_wrapper/export/pynq_z2_bram_wrapper/hw/pynq_z2_bram_wrapper.xsa -mem-ranges [list {0x40000000 0xbfffffff}] -regs
configparams force-mem-access 1
targets -set -nocase -filter {name =~"APU*"}
source /home/kike/Desktop/marvin/marvin/marvin/_ide/psinit/ps7_init.tcl
ps7_init
ps7_post_config
targets -set -nocase -filter {name =~ "*A9*#0"}
dow /home/kike/Desktop/marvin/marvin/marvin/Debug/marvin.elf
configparams force-mem-access 0
----------------End of Script----------------

17:07:38 INFO  : Context for processor 'ps7_cortexa9_0' is selected.
17:07:38 INFO  : 'con' command is executed.
17:07:38 INFO  : ----------------XSDB Script (After Launch)----------------
targets -set -nocase -filter {name =~ "*A9*#0"}
con
----------------End of Script----------------

17:07:38 INFO  : Launch script is exported to file '/home/kike/Desktop/marvin/marvin/marvin_system/_ide/scripts/debugger_marvin-default.tcl'
17:22:38 INFO  : Checking for BSP changes to sync application flags for project 'marvin'...
17:23:28 INFO  : Checking for BSP changes to sync application flags for project 'marvin'...
17:23:53 INFO  : Checking for BSP changes to sync application flags for project 'marvin'...
17:23:56 INFO  : Disconnected from the channel tcfchan#4.
17:23:57 INFO  : Connected to target on host '127.0.0.1' and port '3121'.
17:24:07 INFO  : ----------------XSDB Script----------------
connect -url tcp:127.0.0.1:3121
----------------End of Script----------------

17:24:07 ERROR : Could not find Jtag device on the board for connection 'Local'.


Troubleshooting hints:
1. Check whether board is connected to system properly.
2. In case of zynq board, check whether Digilent/Xilinx cable switch settings are correct.
3. If you are using Xilinx Platform Cable USB, ensure that status LED is green.
17:24:21 INFO  : Checking for BSP changes to sync application flags for project 'marvin'...
17:24:30 INFO  : Connected to target on host '127.0.0.1' and port '3121'.
17:24:31 INFO  : Jtag cable 'Xilinx TUL 1234-tulA' is selected.
17:24:31 INFO  : 'jtag frequency' command is executed.
17:24:31 INFO  : Context for 'APU' is selected.
17:24:31 INFO  : System reset is completed.
17:24:34 INFO  : 'after 3000' command is executed.
17:24:34 INFO  : 'targets -set -filter {jtag_cable_name =~ "Xilinx TUL 1234-tulA" && level==0 && jtag_device_ctx=="jsn-TUL-1234-tulA-23727093-0"}' command is executed.
17:24:36 INFO  : Device configured successfully with "/home/kike/Desktop/marvin/marvin/marvin/_ide/bitstream/pynq_z2_bram_wrapper.bit"
17:24:36 INFO  : Context for 'APU' is selected.
17:24:36 INFO  : Hardware design and registers information is loaded from '/home/kike/Desktop/marvin/marvin/pynq_z2_bram_wrapper/export/pynq_z2_bram_wrapper/hw/pynq_z2_bram_wrapper.xsa'.
17:24:36 INFO  : 'configparams force-mem-access 1' command is executed.
17:24:36 INFO  : Context for 'APU' is selected.
17:24:36 INFO  : Sourcing of '/home/kike/Desktop/marvin/marvin/marvin/_ide/psinit/ps7_init.tcl' is done.
17:24:36 INFO  : 'ps7_init' command is executed.
17:24:36 INFO  : 'ps7_post_config' command is executed.
17:24:36 INFO  : Context for processor 'ps7_cortexa9_0' is selected.
17:24:37 INFO  : The application '/home/kike/Desktop/marvin/marvin/marvin/Debug/marvin.elf' is downloaded to processor 'ps7_cortexa9_0'.
17:24:37 INFO  : 'configparams force-mem-access 0' command is executed.
17:24:37 INFO  : ----------------XSDB Script----------------
connect -url tcp:127.0.0.1:3121
targets -set -nocase -filter {name =~"APU*"}
rst -system
after 3000
targets -set -filter {jtag_cable_name =~ "Xilinx TUL 1234-tulA" && level==0 && jtag_device_ctx=="jsn-TUL-1234-tulA-23727093-0"}
fpga -file /home/kike/Desktop/marvin/marvin/marvin/_ide/bitstream/pynq_z2_bram_wrapper.bit
targets -set -nocase -filter {name =~"APU*"}
loadhw -hw /home/kike/Desktop/marvin/marvin/pynq_z2_bram_wrapper/export/pynq_z2_bram_wrapper/hw/pynq_z2_bram_wrapper.xsa -mem-ranges [list {0x40000000 0xbfffffff}] -regs
configparams force-mem-access 1
targets -set -nocase -filter {name =~"APU*"}
source /home/kike/Desktop/marvin/marvin/marvin/_ide/psinit/ps7_init.tcl
ps7_init
ps7_post_config
targets -set -nocase -filter {name =~ "*A9*#0"}
dow /home/kike/Desktop/marvin/marvin/marvin/Debug/marvin.elf
configparams force-mem-access 0
----------------End of Script----------------

17:24:37 INFO  : Context for processor 'ps7_cortexa9_0' is selected.
17:24:37 INFO  : 'con' command is executed.
17:24:37 INFO  : ----------------XSDB Script (After Launch)----------------
targets -set -nocase -filter {name =~ "*A9*#0"}
con
----------------End of Script----------------

17:24:37 INFO  : Launch script is exported to file '/home/kike/Desktop/marvin/marvin/marvin_system/_ide/scripts/debugger_marvin-default.tcl'
17:36:42 INFO  : Checking for BSP changes to sync application flags for project 'marvin'...
17:36:44 INFO  : Disconnected from the channel tcfchan#5.
17:36:45 INFO  : Connected to target on host '127.0.0.1' and port '3121'.
17:36:45 INFO  : Jtag cable 'Xilinx TUL 1234-tulA' is selected.
17:36:45 INFO  : 'jtag frequency' command is executed.
17:36:45 INFO  : Context for 'APU' is selected.
17:36:45 INFO  : System reset is completed.
17:36:48 INFO  : 'after 3000' command is executed.
17:36:48 INFO  : 'targets -set -filter {jtag_cable_name =~ "Xilinx TUL 1234-tulA" && level==0 && jtag_device_ctx=="jsn-TUL-1234-tulA-23727093-0"}' command is executed.
17:36:51 INFO  : Device configured successfully with "/home/kike/Desktop/marvin/marvin/marvin/_ide/bitstream/pynq_z2_bram_wrapper.bit"
17:36:51 INFO  : Context for 'APU' is selected.
17:36:52 INFO  : Hardware design and registers information is loaded from '/home/kike/Desktop/marvin/marvin/pynq_z2_bram_wrapper/export/pynq_z2_bram_wrapper/hw/pynq_z2_bram_wrapper.xsa'.
17:36:52 INFO  : 'configparams force-mem-access 1' command is executed.
17:36:52 INFO  : Context for 'APU' is selected.
17:36:52 INFO  : Sourcing of '/home/kike/Desktop/marvin/marvin/marvin/_ide/psinit/ps7_init.tcl' is done.
17:36:53 INFO  : 'ps7_init' command is executed.
17:36:53 INFO  : 'ps7_post_config' command is executed.
17:36:53 INFO  : Context for processor 'ps7_cortexa9_0' is selected.
17:36:53 INFO  : The application '/home/kike/Desktop/marvin/marvin/marvin/Debug/marvin.elf' is downloaded to processor 'ps7_cortexa9_0'.
17:36:53 INFO  : 'configparams force-mem-access 0' command is executed.
17:36:53 INFO  : ----------------XSDB Script----------------
connect -url tcp:127.0.0.1:3121
targets -set -nocase -filter {name =~"APU*"}
rst -system
after 3000
targets -set -filter {jtag_cable_name =~ "Xilinx TUL 1234-tulA" && level==0 && jtag_device_ctx=="jsn-TUL-1234-tulA-23727093-0"}
fpga -file /home/kike/Desktop/marvin/marvin/marvin/_ide/bitstream/pynq_z2_bram_wrapper.bit
targets -set -nocase -filter {name =~"APU*"}
loadhw -hw /home/kike/Desktop/marvin/marvin/pynq_z2_bram_wrapper/export/pynq_z2_bram_wrapper/hw/pynq_z2_bram_wrapper.xsa -mem-ranges [list {0x40000000 0xbfffffff}] -regs
configparams force-mem-access 1
targets -set -nocase -filter {name =~"APU*"}
source /home/kike/Desktop/marvin/marvin/marvin/_ide/psinit/ps7_init.tcl
ps7_init
ps7_post_config
targets -set -nocase -filter {name =~ "*A9*#0"}
dow /home/kike/Desktop/marvin/marvin/marvin/Debug/marvin.elf
configparams force-mem-access 0
----------------End of Script----------------

17:36:53 INFO  : Context for processor 'ps7_cortexa9_0' is selected.
17:36:53 INFO  : 'con' command is executed.
17:36:53 INFO  : ----------------XSDB Script (After Launch)----------------
targets -set -nocase -filter {name =~ "*A9*#0"}
con
----------------End of Script----------------

17:36:53 INFO  : Launch script is exported to file '/home/kike/Desktop/marvin/marvin/marvin_system/_ide/scripts/debugger_marvin-default.tcl'
17:37:06 INFO  : Checking for BSP changes to sync application flags for project 'marvin'...
17:37:15 INFO  : Disconnected from the channel tcfchan#6.
17:37:16 INFO  : Connected to target on host '127.0.0.1' and port '3121'.
17:37:25 INFO  : ----------------XSDB Script----------------
connect -url tcp:127.0.0.1:3121
----------------End of Script----------------

17:37:25 ERROR : Could not find Jtag device on the board for connection 'Local'.


Troubleshooting hints:
1. Check whether board is connected to system properly.
2. In case of zynq board, check whether Digilent/Xilinx cable switch settings are correct.
3. If you are using Xilinx Platform Cable USB, ensure that status LED is green.
17:37:29 INFO  : Connected to target on host '127.0.0.1' and port '3121'.
17:37:29 INFO  : Jtag cable 'Xilinx TUL 1234-tulA' is selected.
17:37:29 INFO  : 'jtag frequency' command is executed.
17:37:29 INFO  : Context for 'APU' is selected.
17:37:29 INFO  : System reset is completed.
17:37:32 INFO  : 'after 3000' command is executed.
17:37:32 INFO  : 'targets -set -filter {jtag_cable_name =~ "Xilinx TUL 1234-tulA" && level==0 && jtag_device_ctx=="jsn-TUL-1234-tulA-23727093-0"}' command is executed.
17:37:34 INFO  : Device configured successfully with "/home/kike/Desktop/marvin/marvin/marvin/_ide/bitstream/pynq_z2_bram_wrapper.bit"
17:37:34 INFO  : Context for 'APU' is selected.
17:37:36 INFO  : Hardware design and registers information is loaded from '/home/kike/Desktop/marvin/marvin/pynq_z2_bram_wrapper/export/pynq_z2_bram_wrapper/hw/pynq_z2_bram_wrapper.xsa'.
17:37:36 INFO  : 'configparams force-mem-access 1' command is executed.
17:37:36 INFO  : Context for 'APU' is selected.
17:37:36 INFO  : Sourcing of '/home/kike/Desktop/marvin/marvin/marvin/_ide/psinit/ps7_init.tcl' is done.
17:37:36 INFO  : 'ps7_init' command is executed.
17:37:36 INFO  : 'ps7_post_config' command is executed.
17:37:36 INFO  : Context for processor 'ps7_cortexa9_0' is selected.
17:37:37 INFO  : The application '/home/kike/Desktop/marvin/marvin/marvin/Debug/marvin.elf' is downloaded to processor 'ps7_cortexa9_0'.
17:37:37 INFO  : 'configparams force-mem-access 0' command is executed.
17:37:37 INFO  : ----------------XSDB Script----------------
connect -url tcp:127.0.0.1:3121
targets -set -nocase -filter {name =~"APU*"}
rst -system
after 3000
targets -set -filter {jtag_cable_name =~ "Xilinx TUL 1234-tulA" && level==0 && jtag_device_ctx=="jsn-TUL-1234-tulA-23727093-0"}
fpga -file /home/kike/Desktop/marvin/marvin/marvin/_ide/bitstream/pynq_z2_bram_wrapper.bit
targets -set -nocase -filter {name =~"APU*"}
loadhw -hw /home/kike/Desktop/marvin/marvin/pynq_z2_bram_wrapper/export/pynq_z2_bram_wrapper/hw/pynq_z2_bram_wrapper.xsa -mem-ranges [list {0x40000000 0xbfffffff}] -regs
configparams force-mem-access 1
targets -set -nocase -filter {name =~"APU*"}
source /home/kike/Desktop/marvin/marvin/marvin/_ide/psinit/ps7_init.tcl
ps7_init
ps7_post_config
targets -set -nocase -filter {name =~ "*A9*#0"}
dow /home/kike/Desktop/marvin/marvin/marvin/Debug/marvin.elf
configparams force-mem-access 0
----------------End of Script----------------

17:37:37 INFO  : Context for processor 'ps7_cortexa9_0' is selected.
17:37:37 INFO  : 'con' command is executed.
17:37:37 INFO  : ----------------XSDB Script (After Launch)----------------
targets -set -nocase -filter {name =~ "*A9*#0"}
con
----------------End of Script----------------

17:37:37 INFO  : Launch script is exported to file '/home/kike/Desktop/marvin/marvin/marvin_system/_ide/scripts/debugger_marvin-default.tcl'
17:37:49 INFO  : Disconnected from the channel tcfchan#7.
17:37:50 INFO  : Connected to target on host '127.0.0.1' and port '3121'.
17:37:51 INFO  : Jtag cable 'Xilinx TUL 1234-tulA' is selected.
17:37:51 INFO  : 'jtag frequency' command is executed.
17:37:51 INFO  : Context for 'APU' is selected.
17:37:51 INFO  : System reset is completed.
17:37:54 INFO  : 'after 3000' command is executed.
17:37:54 INFO  : 'targets -set -filter {jtag_cable_name =~ "Xilinx TUL 1234-tulA" && level==0 && jtag_device_ctx=="jsn-TUL-1234-tulA-23727093-0"}' command is executed.
17:37:57 INFO  : Device configured successfully with "/home/kike/Desktop/marvin/marvin/marvin/_ide/bitstream/pynq_z2_bram_wrapper.bit"
17:37:57 INFO  : Context for 'APU' is selected.
17:37:58 INFO  : Hardware design and registers information is loaded from '/home/kike/Desktop/marvin/marvin/pynq_z2_bram_wrapper/export/pynq_z2_bram_wrapper/hw/pynq_z2_bram_wrapper.xsa'.
17:37:58 INFO  : 'configparams force-mem-access 1' command is executed.
17:37:58 INFO  : Context for 'APU' is selected.
17:37:58 INFO  : Sourcing of '/home/kike/Desktop/marvin/marvin/marvin/_ide/psinit/ps7_init.tcl' is done.
17:37:59 INFO  : 'ps7_init' command is executed.
17:37:59 INFO  : 'ps7_post_config' command is executed.
17:37:59 INFO  : Context for processor 'ps7_cortexa9_0' is selected.
17:37:59 INFO  : The application '/home/kike/Desktop/marvin/marvin/marvin/Debug/marvin.elf' is downloaded to processor 'ps7_cortexa9_0'.
17:37:59 INFO  : 'configparams force-mem-access 0' command is executed.
17:37:59 INFO  : ----------------XSDB Script----------------
connect -url tcp:127.0.0.1:3121
targets -set -nocase -filter {name =~"APU*"}
rst -system
after 3000
targets -set -filter {jtag_cable_name =~ "Xilinx TUL 1234-tulA" && level==0 && jtag_device_ctx=="jsn-TUL-1234-tulA-23727093-0"}
fpga -file /home/kike/Desktop/marvin/marvin/marvin/_ide/bitstream/pynq_z2_bram_wrapper.bit
targets -set -nocase -filter {name =~"APU*"}
loadhw -hw /home/kike/Desktop/marvin/marvin/pynq_z2_bram_wrapper/export/pynq_z2_bram_wrapper/hw/pynq_z2_bram_wrapper.xsa -mem-ranges [list {0x40000000 0xbfffffff}] -regs
configparams force-mem-access 1
targets -set -nocase -filter {name =~"APU*"}
source /home/kike/Desktop/marvin/marvin/marvin/_ide/psinit/ps7_init.tcl
ps7_init
ps7_post_config
targets -set -nocase -filter {name =~ "*A9*#0"}
dow /home/kike/Desktop/marvin/marvin/marvin/Debug/marvin.elf
configparams force-mem-access 0
----------------End of Script----------------

17:37:59 INFO  : Context for processor 'ps7_cortexa9_0' is selected.
17:37:59 INFO  : 'con' command is executed.
17:37:59 INFO  : ----------------XSDB Script (After Launch)----------------
targets -set -nocase -filter {name =~ "*A9*#0"}
con
----------------End of Script----------------

17:37:59 INFO  : Launch script is exported to file '/home/kike/Desktop/marvin/marvin/marvin_system/_ide/scripts/debugger_marvin-default.tcl'
17:39:40 INFO  : Checking for BSP changes to sync application flags for project 'marvin'...
17:39:43 INFO  : Disconnected from the channel tcfchan#8.
17:39:44 INFO  : Connected to target on host '127.0.0.1' and port '3121'.
17:39:54 INFO  : ----------------XSDB Script----------------
connect -url tcp:127.0.0.1:3121
----------------End of Script----------------

17:39:54 ERROR : Could not find Jtag device on the board for connection 'Local'.


Troubleshooting hints:
1. Check whether board is connected to system properly.
2. In case of zynq board, check whether Digilent/Xilinx cable switch settings are correct.
3. If you are using Xilinx Platform Cable USB, ensure that status LED is green.
17:39:57 INFO  : Connected to target on host '127.0.0.1' and port '3121'.
17:39:57 INFO  : Jtag cable 'Xilinx TUL 1234-tulA' is selected.
17:39:57 INFO  : 'jtag frequency' command is executed.
17:39:57 INFO  : Context for 'APU' is selected.
17:39:57 INFO  : System reset is completed.
17:40:00 INFO  : 'after 3000' command is executed.
17:40:00 INFO  : 'targets -set -filter {jtag_cable_name =~ "Xilinx TUL 1234-tulA" && level==0 && jtag_device_ctx=="jsn-TUL-1234-tulA-23727093-0"}' command is executed.
17:40:03 INFO  : Device configured successfully with "/home/kike/Desktop/marvin/marvin/marvin/_ide/bitstream/pynq_z2_bram_wrapper.bit"
17:40:03 INFO  : Context for 'APU' is selected.
17:40:05 INFO  : Hardware design and registers information is loaded from '/home/kike/Desktop/marvin/marvin/pynq_z2_bram_wrapper/export/pynq_z2_bram_wrapper/hw/pynq_z2_bram_wrapper.xsa'.
17:40:05 INFO  : 'configparams force-mem-access 1' command is executed.
17:40:05 INFO  : Context for 'APU' is selected.
17:40:05 INFO  : Sourcing of '/home/kike/Desktop/marvin/marvin/marvin/_ide/psinit/ps7_init.tcl' is done.
17:40:05 INFO  : 'ps7_init' command is executed.
17:40:05 INFO  : 'ps7_post_config' command is executed.
17:40:05 INFO  : Context for processor 'ps7_cortexa9_0' is selected.
17:40:05 INFO  : The application '/home/kike/Desktop/marvin/marvin/marvin/Debug/marvin.elf' is downloaded to processor 'ps7_cortexa9_0'.
17:40:05 INFO  : 'configparams force-mem-access 0' command is executed.
17:40:05 INFO  : ----------------XSDB Script----------------
connect -url tcp:127.0.0.1:3121
targets -set -nocase -filter {name =~"APU*"}
rst -system
after 3000
targets -set -filter {jtag_cable_name =~ "Xilinx TUL 1234-tulA" && level==0 && jtag_device_ctx=="jsn-TUL-1234-tulA-23727093-0"}
fpga -file /home/kike/Desktop/marvin/marvin/marvin/_ide/bitstream/pynq_z2_bram_wrapper.bit
targets -set -nocase -filter {name =~"APU*"}
loadhw -hw /home/kike/Desktop/marvin/marvin/pynq_z2_bram_wrapper/export/pynq_z2_bram_wrapper/hw/pynq_z2_bram_wrapper.xsa -mem-ranges [list {0x40000000 0xbfffffff}] -regs
configparams force-mem-access 1
targets -set -nocase -filter {name =~"APU*"}
source /home/kike/Desktop/marvin/marvin/marvin/_ide/psinit/ps7_init.tcl
ps7_init
ps7_post_config
targets -set -nocase -filter {name =~ "*A9*#0"}
dow /home/kike/Desktop/marvin/marvin/marvin/Debug/marvin.elf
configparams force-mem-access 0
----------------End of Script----------------

17:40:05 INFO  : Context for processor 'ps7_cortexa9_0' is selected.
17:40:05 INFO  : 'con' command is executed.
17:40:05 INFO  : ----------------XSDB Script (After Launch)----------------
targets -set -nocase -filter {name =~ "*A9*#0"}
con
----------------End of Script----------------

17:40:05 INFO  : Launch script is exported to file '/home/kike/Desktop/marvin/marvin/marvin_system/_ide/scripts/debugger_marvin-default.tcl'
17:49:56 INFO  : Checking for BSP changes to sync application flags for project 'marvin'...
17:50:32 INFO  : Checking for BSP changes to sync application flags for project 'marvin'...
17:50:47 INFO  : Checking for BSP changes to sync application flags for project 'marvin'...
17:50:51 INFO  : Disconnected from the channel tcfchan#9.
17:50:52 INFO  : Connected to target on host '127.0.0.1' and port '3121'.
17:50:55 INFO  : ----------------XSDB Script----------------
connect -url tcp:127.0.0.1:3121
----------------End of Script----------------

17:50:55 ERROR : Could not find FPGA device on the board for connection 'Local'.


Troubleshooting hints:
1. Check whether board is connected to system properly.
2. In case of zynq board, check whether Digilent/Xilinx cable switch settings are correct.
3. If you are using Xilinx Platform Cable USB, ensure that status LED is green.
17:50:59 INFO  : Connected to target on host '127.0.0.1' and port '3121'.
17:50:59 INFO  : Jtag cable 'Xilinx TUL 1234-tulA' is selected.
17:50:59 INFO  : 'jtag frequency' command is executed.
17:50:59 INFO  : Context for 'APU' is selected.
17:50:59 INFO  : System reset is completed.
17:51:02 INFO  : 'after 3000' command is executed.
17:51:02 INFO  : 'targets -set -filter {jtag_cable_name =~ "Xilinx TUL 1234-tulA" && level==0 && jtag_device_ctx=="jsn-TUL-1234-tulA-23727093-0"}' command is executed.
17:51:04 INFO  : Device configured successfully with "/home/kike/Desktop/marvin/marvin/marvin/_ide/bitstream/pynq_z2_bram_wrapper.bit"
17:51:04 INFO  : Context for 'APU' is selected.
17:51:06 INFO  : Hardware design and registers information is loaded from '/home/kike/Desktop/marvin/marvin/pynq_z2_bram_wrapper/export/pynq_z2_bram_wrapper/hw/pynq_z2_bram_wrapper.xsa'.
17:51:06 INFO  : 'configparams force-mem-access 1' command is executed.
17:51:06 INFO  : Context for 'APU' is selected.
17:51:06 INFO  : Sourcing of '/home/kike/Desktop/marvin/marvin/marvin/_ide/psinit/ps7_init.tcl' is done.
17:51:07 INFO  : 'ps7_init' command is executed.
17:51:07 INFO  : 'ps7_post_config' command is executed.
17:51:07 INFO  : Context for processor 'ps7_cortexa9_0' is selected.
17:51:07 INFO  : The application '/home/kike/Desktop/marvin/marvin/marvin/Debug/marvin.elf' is downloaded to processor 'ps7_cortexa9_0'.
17:51:07 INFO  : 'configparams force-mem-access 0' command is executed.
17:51:07 INFO  : ----------------XSDB Script----------------
connect -url tcp:127.0.0.1:3121
targets -set -nocase -filter {name =~"APU*"}
rst -system
after 3000
targets -set -filter {jtag_cable_name =~ "Xilinx TUL 1234-tulA" && level==0 && jtag_device_ctx=="jsn-TUL-1234-tulA-23727093-0"}
fpga -file /home/kike/Desktop/marvin/marvin/marvin/_ide/bitstream/pynq_z2_bram_wrapper.bit
targets -set -nocase -filter {name =~"APU*"}
loadhw -hw /home/kike/Desktop/marvin/marvin/pynq_z2_bram_wrapper/export/pynq_z2_bram_wrapper/hw/pynq_z2_bram_wrapper.xsa -mem-ranges [list {0x40000000 0xbfffffff}] -regs
configparams force-mem-access 1
targets -set -nocase -filter {name =~"APU*"}
source /home/kike/Desktop/marvin/marvin/marvin/_ide/psinit/ps7_init.tcl
ps7_init
ps7_post_config
targets -set -nocase -filter {name =~ "*A9*#0"}
dow /home/kike/Desktop/marvin/marvin/marvin/Debug/marvin.elf
configparams force-mem-access 0
----------------End of Script----------------

17:51:07 INFO  : Context for processor 'ps7_cortexa9_0' is selected.
17:51:07 INFO  : 'con' command is executed.
17:51:07 INFO  : ----------------XSDB Script (After Launch)----------------
targets -set -nocase -filter {name =~ "*A9*#0"}
con
----------------End of Script----------------

17:51:07 INFO  : Launch script is exported to file '/home/kike/Desktop/marvin/marvin/marvin_system/_ide/scripts/debugger_marvin-default.tcl'
17:51:14 INFO  : Disconnected from the channel tcfchan#10.
17:51:15 INFO  : Connected to target on host '127.0.0.1' and port '3121'.
17:51:15 INFO  : Jtag cable 'Xilinx TUL 1234-tulA' is selected.
17:51:15 INFO  : 'jtag frequency' command is executed.
17:51:15 INFO  : Context for 'APU' is selected.
17:51:15 INFO  : System reset is completed.
17:51:18 INFO  : 'after 3000' command is executed.
17:51:18 INFO  : 'targets -set -filter {jtag_cable_name =~ "Xilinx TUL 1234-tulA" && level==0 && jtag_device_ctx=="jsn-TUL-1234-tulA-23727093-0"}' command is executed.
17:51:21 INFO  : Device configured successfully with "/home/kike/Desktop/marvin/marvin/marvin/_ide/bitstream/pynq_z2_bram_wrapper.bit"
17:51:21 INFO  : Context for 'APU' is selected.
17:51:23 INFO  : Hardware design and registers information is loaded from '/home/kike/Desktop/marvin/marvin/pynq_z2_bram_wrapper/export/pynq_z2_bram_wrapper/hw/pynq_z2_bram_wrapper.xsa'.
17:51:23 INFO  : 'configparams force-mem-access 1' command is executed.
17:51:23 INFO  : Context for 'APU' is selected.
17:51:23 INFO  : Sourcing of '/home/kike/Desktop/marvin/marvin/marvin/_ide/psinit/ps7_init.tcl' is done.
17:51:23 INFO  : 'ps7_init' command is executed.
17:51:23 INFO  : 'ps7_post_config' command is executed.
17:51:23 INFO  : Context for processor 'ps7_cortexa9_0' is selected.
17:51:24 INFO  : The application '/home/kike/Desktop/marvin/marvin/marvin/Debug/marvin.elf' is downloaded to processor 'ps7_cortexa9_0'.
17:51:24 INFO  : 'configparams force-mem-access 0' command is executed.
17:51:24 INFO  : ----------------XSDB Script----------------
connect -url tcp:127.0.0.1:3121
targets -set -nocase -filter {name =~"APU*"}
rst -system
after 3000
targets -set -filter {jtag_cable_name =~ "Xilinx TUL 1234-tulA" && level==0 && jtag_device_ctx=="jsn-TUL-1234-tulA-23727093-0"}
fpga -file /home/kike/Desktop/marvin/marvin/marvin/_ide/bitstream/pynq_z2_bram_wrapper.bit
targets -set -nocase -filter {name =~"APU*"}
loadhw -hw /home/kike/Desktop/marvin/marvin/pynq_z2_bram_wrapper/export/pynq_z2_bram_wrapper/hw/pynq_z2_bram_wrapper.xsa -mem-ranges [list {0x40000000 0xbfffffff}] -regs
configparams force-mem-access 1
targets -set -nocase -filter {name =~"APU*"}
source /home/kike/Desktop/marvin/marvin/marvin/_ide/psinit/ps7_init.tcl
ps7_init
ps7_post_config
targets -set -nocase -filter {name =~ "*A9*#0"}
dow /home/kike/Desktop/marvin/marvin/marvin/Debug/marvin.elf
configparams force-mem-access 0
----------------End of Script----------------

17:51:24 INFO  : Context for processor 'ps7_cortexa9_0' is selected.
17:51:24 INFO  : 'con' command is executed.
17:51:24 INFO  : ----------------XSDB Script (After Launch)----------------
targets -set -nocase -filter {name =~ "*A9*#0"}
con
----------------End of Script----------------

17:51:24 INFO  : Launch script is exported to file '/home/kike/Desktop/marvin/marvin/marvin_system/_ide/scripts/debugger_marvin-default.tcl'
17:52:45 INFO  : Checking for BSP changes to sync application flags for project 'marvin'...
17:52:49 INFO  : Disconnected from the channel tcfchan#11.
17:52:50 INFO  : Connected to target on host '127.0.0.1' and port '3121'.
17:52:59 INFO  : ----------------XSDB Script----------------
connect -url tcp:127.0.0.1:3121
----------------End of Script----------------

17:52:59 ERROR : Could not find Jtag device on the board for connection 'Local'.


Troubleshooting hints:
1. Check whether board is connected to system properly.
2. In case of zynq board, check whether Digilent/Xilinx cable switch settings are correct.
3. If you are using Xilinx Platform Cable USB, ensure that status LED is green.
17:53:08 INFO  : Connected to target on host '127.0.0.1' and port '3121'.
17:53:08 INFO  : Jtag cable 'Xilinx TUL 1234-tulA' is selected.
17:53:08 INFO  : 'jtag frequency' command is executed.
17:53:08 INFO  : Context for 'APU' is selected.
17:53:08 INFO  : System reset is completed.
17:53:11 INFO  : 'after 3000' command is executed.
17:53:11 INFO  : 'targets -set -filter {jtag_cable_name =~ "Xilinx TUL 1234-tulA" && level==0 && jtag_device_ctx=="jsn-TUL-1234-tulA-23727093-0"}' command is executed.
17:53:13 INFO  : Device configured successfully with "/home/kike/Desktop/marvin/marvin/marvin/_ide/bitstream/pynq_z2_bram_wrapper.bit"
17:53:13 INFO  : Context for 'APU' is selected.
17:53:16 INFO  : Hardware design and registers information is loaded from '/home/kike/Desktop/marvin/marvin/pynq_z2_bram_wrapper/export/pynq_z2_bram_wrapper/hw/pynq_z2_bram_wrapper.xsa'.
17:53:16 INFO  : 'configparams force-mem-access 1' command is executed.
17:53:16 INFO  : Context for 'APU' is selected.
17:53:16 INFO  : Sourcing of '/home/kike/Desktop/marvin/marvin/marvin/_ide/psinit/ps7_init.tcl' is done.
17:53:16 INFO  : 'ps7_init' command is executed.
17:53:16 INFO  : 'ps7_post_config' command is executed.
17:53:16 INFO  : Context for processor 'ps7_cortexa9_0' is selected.
17:53:17 INFO  : The application '/home/kike/Desktop/marvin/marvin/marvin/Debug/marvin.elf' is downloaded to processor 'ps7_cortexa9_0'.
17:53:17 INFO  : 'configparams force-mem-access 0' command is executed.
17:53:17 INFO  : ----------------XSDB Script----------------
connect -url tcp:127.0.0.1:3121
targets -set -nocase -filter {name =~"APU*"}
rst -system
after 3000
targets -set -filter {jtag_cable_name =~ "Xilinx TUL 1234-tulA" && level==0 && jtag_device_ctx=="jsn-TUL-1234-tulA-23727093-0"}
fpga -file /home/kike/Desktop/marvin/marvin/marvin/_ide/bitstream/pynq_z2_bram_wrapper.bit
targets -set -nocase -filter {name =~"APU*"}
loadhw -hw /home/kike/Desktop/marvin/marvin/pynq_z2_bram_wrapper/export/pynq_z2_bram_wrapper/hw/pynq_z2_bram_wrapper.xsa -mem-ranges [list {0x40000000 0xbfffffff}] -regs
configparams force-mem-access 1
targets -set -nocase -filter {name =~"APU*"}
source /home/kike/Desktop/marvin/marvin/marvin/_ide/psinit/ps7_init.tcl
ps7_init
ps7_post_config
targets -set -nocase -filter {name =~ "*A9*#0"}
dow /home/kike/Desktop/marvin/marvin/marvin/Debug/marvin.elf
configparams force-mem-access 0
----------------End of Script----------------

17:53:17 INFO  : Context for processor 'ps7_cortexa9_0' is selected.
17:53:17 INFO  : 'con' command is executed.
17:53:17 INFO  : ----------------XSDB Script (After Launch)----------------
targets -set -nocase -filter {name =~ "*A9*#0"}
con
----------------End of Script----------------

17:53:17 INFO  : Launch script is exported to file '/home/kike/Desktop/marvin/marvin/marvin_system/_ide/scripts/debugger_marvin-default.tcl'
17:54:47 INFO  : Checking for BSP changes to sync application flags for project 'marvin'...
17:55:54 INFO  : Checking for BSP changes to sync application flags for project 'marvin'...
17:55:57 INFO  : Disconnected from the channel tcfchan#12.
17:55:58 INFO  : Connected to target on host '127.0.0.1' and port '3121'.
17:55:58 INFO  : ----------------XSDB Script----------------
connect -url tcp:127.0.0.1:3121
----------------End of Script----------------

17:55:58 ERROR : Could not find FPGA device on the board for connection 'Local'.


Troubleshooting hints:
1. Check whether board is connected to system properly.
2. In case of zynq board, check whether Digilent/Xilinx cable switch settings are correct.
3. If you are using Xilinx Platform Cable USB, ensure that status LED is green.
17:56:02 INFO  : Connected to target on host '127.0.0.1' and port '3121'.
17:56:03 INFO  : Jtag cable 'Xilinx TUL 1234-tulA' is selected.
17:56:03 INFO  : 'jtag frequency' command is executed.
17:56:03 INFO  : Context for 'APU' is selected.
17:56:03 INFO  : System reset is completed.
17:56:06 INFO  : 'after 3000' command is executed.
17:56:06 INFO  : 'targets -set -filter {jtag_cable_name =~ "Xilinx TUL 1234-tulA" && level==0 && jtag_device_ctx=="jsn-TUL-1234-tulA-23727093-0"}' command is executed.
17:56:08 INFO  : Device configured successfully with "/home/kike/Desktop/marvin/marvin/marvin/_ide/bitstream/pynq_z2_bram_wrapper.bit"
17:56:08 INFO  : Context for 'APU' is selected.
17:56:11 INFO  : Hardware design and registers information is loaded from '/home/kike/Desktop/marvin/marvin/pynq_z2_bram_wrapper/export/pynq_z2_bram_wrapper/hw/pynq_z2_bram_wrapper.xsa'.
17:56:11 INFO  : 'configparams force-mem-access 1' command is executed.
17:56:11 INFO  : Context for 'APU' is selected.
17:56:11 INFO  : Sourcing of '/home/kike/Desktop/marvin/marvin/marvin/_ide/psinit/ps7_init.tcl' is done.
17:56:11 INFO  : 'ps7_init' command is executed.
17:56:11 INFO  : 'ps7_post_config' command is executed.
17:56:11 INFO  : Context for processor 'ps7_cortexa9_0' is selected.
17:56:11 INFO  : The application '/home/kike/Desktop/marvin/marvin/marvin/Debug/marvin.elf' is downloaded to processor 'ps7_cortexa9_0'.
17:56:11 INFO  : 'configparams force-mem-access 0' command is executed.
17:56:11 INFO  : ----------------XSDB Script----------------
connect -url tcp:127.0.0.1:3121
targets -set -nocase -filter {name =~"APU*"}
rst -system
after 3000
targets -set -filter {jtag_cable_name =~ "Xilinx TUL 1234-tulA" && level==0 && jtag_device_ctx=="jsn-TUL-1234-tulA-23727093-0"}
fpga -file /home/kike/Desktop/marvin/marvin/marvin/_ide/bitstream/pynq_z2_bram_wrapper.bit
targets -set -nocase -filter {name =~"APU*"}
loadhw -hw /home/kike/Desktop/marvin/marvin/pynq_z2_bram_wrapper/export/pynq_z2_bram_wrapper/hw/pynq_z2_bram_wrapper.xsa -mem-ranges [list {0x40000000 0xbfffffff}] -regs
configparams force-mem-access 1
targets -set -nocase -filter {name =~"APU*"}
source /home/kike/Desktop/marvin/marvin/marvin/_ide/psinit/ps7_init.tcl
ps7_init
ps7_post_config
targets -set -nocase -filter {name =~ "*A9*#0"}
dow /home/kike/Desktop/marvin/marvin/marvin/Debug/marvin.elf
configparams force-mem-access 0
----------------End of Script----------------

17:56:11 INFO  : Context for processor 'ps7_cortexa9_0' is selected.
17:56:11 INFO  : 'con' command is executed.
17:56:11 INFO  : ----------------XSDB Script (After Launch)----------------
targets -set -nocase -filter {name =~ "*A9*#0"}
con
----------------End of Script----------------

17:56:11 INFO  : Launch script is exported to file '/home/kike/Desktop/marvin/marvin/marvin_system/_ide/scripts/debugger_marvin-default.tcl'
18:00:47 INFO  : Checking for BSP changes to sync application flags for project 'marvin'...
18:01:19 INFO  : Checking for BSP changes to sync application flags for project 'marvin'...
18:01:24 INFO  : Disconnected from the channel tcfchan#13.
18:01:25 INFO  : Connected to target on host '127.0.0.1' and port '3121'.
18:01:25 INFO  : Jtag cable 'Xilinx TUL 1234-tulA' is selected.
18:01:25 INFO  : 'jtag frequency' command is executed.
18:01:25 INFO  : Context for 'APU' is selected.
18:01:25 INFO  : System reset is completed.
18:01:28 INFO  : 'after 3000' command is executed.
18:01:28 INFO  : 'targets -set -filter {jtag_cable_name =~ "Xilinx TUL 1234-tulA" && level==0 && jtag_device_ctx=="jsn-TUL-1234-tulA-23727093-0"}' command is executed.
18:01:31 INFO  : Device configured successfully with "/home/kike/Desktop/marvin/marvin/marvin/_ide/bitstream/pynq_z2_bram_wrapper.bit"
18:01:31 INFO  : Context for 'APU' is selected.
18:01:33 INFO  : Hardware design and registers information is loaded from '/home/kike/Desktop/marvin/marvin/pynq_z2_bram_wrapper/export/pynq_z2_bram_wrapper/hw/pynq_z2_bram_wrapper.xsa'.
18:01:33 INFO  : 'configparams force-mem-access 1' command is executed.
18:01:33 INFO  : Context for 'APU' is selected.
18:01:33 INFO  : Sourcing of '/home/kike/Desktop/marvin/marvin/marvin/_ide/psinit/ps7_init.tcl' is done.
18:01:34 INFO  : 'ps7_init' command is executed.
18:01:34 INFO  : 'ps7_post_config' command is executed.
18:01:34 INFO  : Context for processor 'ps7_cortexa9_0' is selected.
18:01:34 INFO  : The application '/home/kike/Desktop/marvin/marvin/marvin/Debug/marvin.elf' is downloaded to processor 'ps7_cortexa9_0'.
18:01:34 INFO  : 'configparams force-mem-access 0' command is executed.
18:01:34 INFO  : ----------------XSDB Script----------------
connect -url tcp:127.0.0.1:3121
targets -set -nocase -filter {name =~"APU*"}
rst -system
after 3000
targets -set -filter {jtag_cable_name =~ "Xilinx TUL 1234-tulA" && level==0 && jtag_device_ctx=="jsn-TUL-1234-tulA-23727093-0"}
fpga -file /home/kike/Desktop/marvin/marvin/marvin/_ide/bitstream/pynq_z2_bram_wrapper.bit
targets -set -nocase -filter {name =~"APU*"}
loadhw -hw /home/kike/Desktop/marvin/marvin/pynq_z2_bram_wrapper/export/pynq_z2_bram_wrapper/hw/pynq_z2_bram_wrapper.xsa -mem-ranges [list {0x40000000 0xbfffffff}] -regs
configparams force-mem-access 1
targets -set -nocase -filter {name =~"APU*"}
source /home/kike/Desktop/marvin/marvin/marvin/_ide/psinit/ps7_init.tcl
ps7_init
ps7_post_config
targets -set -nocase -filter {name =~ "*A9*#0"}
dow /home/kike/Desktop/marvin/marvin/marvin/Debug/marvin.elf
configparams force-mem-access 0
----------------End of Script----------------

18:01:34 INFO  : Context for processor 'ps7_cortexa9_0' is selected.
18:01:34 INFO  : 'con' command is executed.
18:01:34 INFO  : ----------------XSDB Script (After Launch)----------------
targets -set -nocase -filter {name =~ "*A9*#0"}
con
----------------End of Script----------------

18:01:34 INFO  : Launch script is exported to file '/home/kike/Desktop/marvin/marvin/marvin_system/_ide/scripts/debugger_marvin-default.tcl'
18:02:21 INFO  : Checking for BSP changes to sync application flags for project 'marvin'...
18:02:26 INFO  : Disconnected from the channel tcfchan#14.
18:02:27 INFO  : Connected to target on host '127.0.0.1' and port '3121'.
18:02:27 INFO  : Jtag cable 'Xilinx TUL 1234-tulA' is selected.
18:02:27 INFO  : 'jtag frequency' command is executed.
18:02:27 INFO  : Context for 'APU' is selected.
18:02:27 INFO  : System reset is completed.
18:02:30 INFO  : 'after 3000' command is executed.
18:02:30 INFO  : 'targets -set -filter {jtag_cable_name =~ "Xilinx TUL 1234-tulA" && level==0 && jtag_device_ctx=="jsn-TUL-1234-tulA-23727093-0"}' command is executed.
18:02:32 INFO  : Device configured successfully with "/home/kike/Desktop/marvin/marvin/marvin/_ide/bitstream/pynq_z2_bram_wrapper.bit"
18:02:32 INFO  : Context for 'APU' is selected.
18:02:35 INFO  : Hardware design and registers information is loaded from '/home/kike/Desktop/marvin/marvin/pynq_z2_bram_wrapper/export/pynq_z2_bram_wrapper/hw/pynq_z2_bram_wrapper.xsa'.
18:02:35 INFO  : 'configparams force-mem-access 1' command is executed.
18:02:35 INFO  : Context for 'APU' is selected.
18:02:35 INFO  : Sourcing of '/home/kike/Desktop/marvin/marvin/marvin/_ide/psinit/ps7_init.tcl' is done.
18:02:35 INFO  : 'ps7_init' command is executed.
18:02:35 INFO  : 'ps7_post_config' command is executed.
18:02:35 INFO  : Context for processor 'ps7_cortexa9_0' is selected.
18:02:35 INFO  : The application '/home/kike/Desktop/marvin/marvin/marvin/Debug/marvin.elf' is downloaded to processor 'ps7_cortexa9_0'.
18:02:35 INFO  : 'configparams force-mem-access 0' command is executed.
18:02:35 INFO  : ----------------XSDB Script----------------
connect -url tcp:127.0.0.1:3121
targets -set -nocase -filter {name =~"APU*"}
rst -system
after 3000
targets -set -filter {jtag_cable_name =~ "Xilinx TUL 1234-tulA" && level==0 && jtag_device_ctx=="jsn-TUL-1234-tulA-23727093-0"}
fpga -file /home/kike/Desktop/marvin/marvin/marvin/_ide/bitstream/pynq_z2_bram_wrapper.bit
targets -set -nocase -filter {name =~"APU*"}
loadhw -hw /home/kike/Desktop/marvin/marvin/pynq_z2_bram_wrapper/export/pynq_z2_bram_wrapper/hw/pynq_z2_bram_wrapper.xsa -mem-ranges [list {0x40000000 0xbfffffff}] -regs
configparams force-mem-access 1
targets -set -nocase -filter {name =~"APU*"}
source /home/kike/Desktop/marvin/marvin/marvin/_ide/psinit/ps7_init.tcl
ps7_init
ps7_post_config
targets -set -nocase -filter {name =~ "*A9*#0"}
dow /home/kike/Desktop/marvin/marvin/marvin/Debug/marvin.elf
configparams force-mem-access 0
----------------End of Script----------------

18:02:35 INFO  : Context for processor 'ps7_cortexa9_0' is selected.
18:02:35 INFO  : 'con' command is executed.
18:02:35 INFO  : ----------------XSDB Script (After Launch)----------------
targets -set -nocase -filter {name =~ "*A9*#0"}
con
----------------End of Script----------------

18:02:35 INFO  : Launch script is exported to file '/home/kike/Desktop/marvin/marvin/marvin_system/_ide/scripts/debugger_marvin-default.tcl'
18:03:50 INFO  : Checking for BSP changes to sync application flags for project 'marvin'...
18:03:54 INFO  : Disconnected from the channel tcfchan#15.
18:03:55 INFO  : Connected to target on host '127.0.0.1' and port '3121'.
18:03:56 INFO  : Jtag cable 'Xilinx TUL 1234-tulA' is selected.
18:03:56 INFO  : 'jtag frequency' command is executed.
18:03:56 INFO  : Context for 'APU' is selected.
18:03:56 INFO  : System reset is completed.
18:03:59 INFO  : 'after 3000' command is executed.
18:03:59 INFO  : 'targets -set -filter {jtag_cable_name =~ "Xilinx TUL 1234-tulA" && level==0 && jtag_device_ctx=="jsn-TUL-1234-tulA-23727093-0"}' command is executed.
18:04:01 INFO  : Device configured successfully with "/home/kike/Desktop/marvin/marvin/marvin/_ide/bitstream/pynq_z2_bram_wrapper.bit"
18:04:01 INFO  : Context for 'APU' is selected.
18:04:04 INFO  : Hardware design and registers information is loaded from '/home/kike/Desktop/marvin/marvin/pynq_z2_bram_wrapper/export/pynq_z2_bram_wrapper/hw/pynq_z2_bram_wrapper.xsa'.
18:04:04 INFO  : 'configparams force-mem-access 1' command is executed.
18:04:04 INFO  : Context for 'APU' is selected.
18:04:04 INFO  : Sourcing of '/home/kike/Desktop/marvin/marvin/marvin/_ide/psinit/ps7_init.tcl' is done.
18:04:04 INFO  : 'ps7_init' command is executed.
18:04:04 INFO  : 'ps7_post_config' command is executed.
18:04:04 INFO  : Context for processor 'ps7_cortexa9_0' is selected.
18:04:05 INFO  : The application '/home/kike/Desktop/marvin/marvin/marvin/Debug/marvin.elf' is downloaded to processor 'ps7_cortexa9_0'.
18:04:05 INFO  : 'configparams force-mem-access 0' command is executed.
18:04:05 INFO  : ----------------XSDB Script----------------
connect -url tcp:127.0.0.1:3121
targets -set -nocase -filter {name =~"APU*"}
rst -system
after 3000
targets -set -filter {jtag_cable_name =~ "Xilinx TUL 1234-tulA" && level==0 && jtag_device_ctx=="jsn-TUL-1234-tulA-23727093-0"}
fpga -file /home/kike/Desktop/marvin/marvin/marvin/_ide/bitstream/pynq_z2_bram_wrapper.bit
targets -set -nocase -filter {name =~"APU*"}
loadhw -hw /home/kike/Desktop/marvin/marvin/pynq_z2_bram_wrapper/export/pynq_z2_bram_wrapper/hw/pynq_z2_bram_wrapper.xsa -mem-ranges [list {0x40000000 0xbfffffff}] -regs
configparams force-mem-access 1
targets -set -nocase -filter {name =~"APU*"}
source /home/kike/Desktop/marvin/marvin/marvin/_ide/psinit/ps7_init.tcl
ps7_init
ps7_post_config
targets -set -nocase -filter {name =~ "*A9*#0"}
dow /home/kike/Desktop/marvin/marvin/marvin/Debug/marvin.elf
configparams force-mem-access 0
----------------End of Script----------------

18:04:05 INFO  : Context for processor 'ps7_cortexa9_0' is selected.
18:04:05 INFO  : 'con' command is executed.
18:04:05 INFO  : ----------------XSDB Script (After Launch)----------------
targets -set -nocase -filter {name =~ "*A9*#0"}
con
----------------End of Script----------------

18:04:05 INFO  : Launch script is exported to file '/home/kike/Desktop/marvin/marvin/marvin_system/_ide/scripts/debugger_marvin-default.tcl'
18:05:51 INFO  : Checking for BSP changes to sync application flags for project 'marvin'...
18:05:56 INFO  : Disconnected from the channel tcfchan#16.
18:05:57 INFO  : Connected to target on host '127.0.0.1' and port '3121'.
18:06:07 INFO  : ----------------XSDB Script----------------
connect -url tcp:127.0.0.1:3121
----------------End of Script----------------

18:06:07 ERROR : Could not find FPGA device on the board for connection 'Local'.


Troubleshooting hints:
1. Check whether board is connected to system properly.
2. In case of zynq board, check whether Digilent/Xilinx cable switch settings are correct.
3. If you are using Xilinx Platform Cable USB, ensure that status LED is green.
18:06:20 INFO  : Connected to target on host '127.0.0.1' and port '3121'.
18:06:20 INFO  : Jtag cable 'Xilinx TUL 1234-tulA' is selected.
18:06:20 INFO  : 'jtag frequency' command is executed.
18:06:20 INFO  : Context for 'APU' is selected.
18:06:20 INFO  : System reset is completed.
18:06:23 INFO  : 'after 3000' command is executed.
18:06:24 INFO  : 'targets -set -filter {jtag_cable_name =~ "Xilinx TUL 1234-tulA" && level==0 && jtag_device_ctx=="jsn-TUL-1234-tulA-23727093-0"}' command is executed.
18:06:26 INFO  : Device configured successfully with "/home/kike/Desktop/marvin/marvin/marvin/_ide/bitstream/pynq_z2_bram_wrapper.bit"
18:06:26 INFO  : Context for 'APU' is selected.
18:06:28 INFO  : Hardware design and registers information is loaded from '/home/kike/Desktop/marvin/marvin/pynq_z2_bram_wrapper/export/pynq_z2_bram_wrapper/hw/pynq_z2_bram_wrapper.xsa'.
18:06:28 INFO  : 'configparams force-mem-access 1' command is executed.
18:06:28 INFO  : Context for 'APU' is selected.
18:06:28 INFO  : Sourcing of '/home/kike/Desktop/marvin/marvin/marvin/_ide/psinit/ps7_init.tcl' is done.
18:06:28 INFO  : 'ps7_init' command is executed.
18:06:28 INFO  : 'ps7_post_config' command is executed.
18:06:28 INFO  : Context for processor 'ps7_cortexa9_0' is selected.
18:06:29 INFO  : The application '/home/kike/Desktop/marvin/marvin/marvin/Debug/marvin.elf' is downloaded to processor 'ps7_cortexa9_0'.
18:06:29 INFO  : 'configparams force-mem-access 0' command is executed.
18:06:29 INFO  : ----------------XSDB Script----------------
connect -url tcp:127.0.0.1:3121
targets -set -nocase -filter {name =~"APU*"}
rst -system
after 3000
targets -set -filter {jtag_cable_name =~ "Xilinx TUL 1234-tulA" && level==0 && jtag_device_ctx=="jsn-TUL-1234-tulA-23727093-0"}
fpga -file /home/kike/Desktop/marvin/marvin/marvin/_ide/bitstream/pynq_z2_bram_wrapper.bit
targets -set -nocase -filter {name =~"APU*"}
loadhw -hw /home/kike/Desktop/marvin/marvin/pynq_z2_bram_wrapper/export/pynq_z2_bram_wrapper/hw/pynq_z2_bram_wrapper.xsa -mem-ranges [list {0x40000000 0xbfffffff}] -regs
configparams force-mem-access 1
targets -set -nocase -filter {name =~"APU*"}
source /home/kike/Desktop/marvin/marvin/marvin/_ide/psinit/ps7_init.tcl
ps7_init
ps7_post_config
targets -set -nocase -filter {name =~ "*A9*#0"}
dow /home/kike/Desktop/marvin/marvin/marvin/Debug/marvin.elf
configparams force-mem-access 0
----------------End of Script----------------

18:06:29 INFO  : Context for processor 'ps7_cortexa9_0' is selected.
18:06:29 INFO  : 'con' command is executed.
18:06:29 INFO  : ----------------XSDB Script (After Launch)----------------
targets -set -nocase -filter {name =~ "*A9*#0"}
con
----------------End of Script----------------

18:06:29 INFO  : Launch script is exported to file '/home/kike/Desktop/marvin/marvin/marvin_system/_ide/scripts/debugger_marvin-default.tcl'
11:12:27 DEBUG : Logs will be stored at '/home/kike/Desktop/marvin/marvin/IDE.log'.
11:12:28 INFO  : Launching XSCT server: xsct -n  -interactive /home/kike/Desktop/marvin/marvin/temp_xsdb_launch_script.tcl
11:12:30 INFO  : XSCT server has started successfully.
11:12:30 INFO  : Registering command handlers for Vitis TCF services
11:12:30 INFO  : plnx-install-location is set to ''
11:12:30 INFO  : Successfully done setting XSCT server connection channel  
11:12:30 INFO  : Successfully done query RDI_DATADIR 
11:12:30 INFO  : Successfully done setting workspace for the tool. 
11:12:30 INFO  : Platform repository initialization has completed.
11:13:13 INFO  : Checking for BSP changes to sync application flags for project 'marvin'...
11:13:16 INFO  : Connected to target on host '127.0.0.1' and port '3121'.
11:13:16 INFO  : Jtag cable 'Xilinx TUL 1234-tulA' is selected.
11:13:16 INFO  : 'jtag frequency' command is executed.
11:13:16 INFO  : Context for 'APU' is selected.
11:13:16 INFO  : System reset is completed.
11:13:19 INFO  : 'after 3000' command is executed.
11:13:19 INFO  : 'targets -set -filter {jtag_cable_name =~ "Xilinx TUL 1234-tulA" && level==0 && jtag_device_ctx=="jsn-TUL-1234-tulA-23727093-0"}' command is executed.
11:13:22 INFO  : Device configured successfully with "/home/kike/Desktop/marvin/marvin/marvin/_ide/bitstream/pynq_z2_bram_wrapper.bit"
11:13:22 INFO  : Context for 'APU' is selected.
11:13:22 INFO  : Hardware design and registers information is loaded from '/home/kike/Desktop/marvin/marvin/pynq_z2_bram_wrapper/export/pynq_z2_bram_wrapper/hw/pynq_z2_bram_wrapper.xsa'.
11:13:22 INFO  : 'configparams force-mem-access 1' command is executed.
11:13:22 INFO  : Context for 'APU' is selected.
11:13:22 INFO  : Sourcing of '/home/kike/Desktop/marvin/marvin/marvin/_ide/psinit/ps7_init.tcl' is done.
11:13:22 INFO  : 'ps7_init' command is executed.
11:13:22 INFO  : 'ps7_post_config' command is executed.
11:13:22 INFO  : Context for processor 'ps7_cortexa9_0' is selected.
11:13:22 INFO  : The application '/home/kike/Desktop/marvin/marvin/marvin/Debug/marvin.elf' is downloaded to processor 'ps7_cortexa9_0'.
11:13:22 INFO  : 'configparams force-mem-access 0' command is executed.
11:13:22 INFO  : ----------------XSDB Script----------------
connect -url tcp:127.0.0.1:3121
targets -set -nocase -filter {name =~"APU*"}
rst -system
after 3000
targets -set -filter {jtag_cable_name =~ "Xilinx TUL 1234-tulA" && level==0 && jtag_device_ctx=="jsn-TUL-1234-tulA-23727093-0"}
fpga -file /home/kike/Desktop/marvin/marvin/marvin/_ide/bitstream/pynq_z2_bram_wrapper.bit
targets -set -nocase -filter {name =~"APU*"}
loadhw -hw /home/kike/Desktop/marvin/marvin/pynq_z2_bram_wrapper/export/pynq_z2_bram_wrapper/hw/pynq_z2_bram_wrapper.xsa -mem-ranges [list {0x40000000 0xbfffffff}] -regs
configparams force-mem-access 1
targets -set -nocase -filter {name =~"APU*"}
source /home/kike/Desktop/marvin/marvin/marvin/_ide/psinit/ps7_init.tcl
ps7_init
ps7_post_config
targets -set -nocase -filter {name =~ "*A9*#0"}
dow /home/kike/Desktop/marvin/marvin/marvin/Debug/marvin.elf
configparams force-mem-access 0
----------------End of Script----------------

11:13:22 INFO  : Context for processor 'ps7_cortexa9_0' is selected.
11:13:22 INFO  : 'con' command is executed.
11:13:22 INFO  : ----------------XSDB Script (After Launch)----------------
targets -set -nocase -filter {name =~ "*A9*#0"}
con
----------------End of Script----------------

11:13:22 INFO  : Launch script is exported to file '/home/kike/Desktop/marvin/marvin/marvin_system/_ide/scripts/debugger_marvin-default.tcl'
11:47:38 INFO  : Checking for BSP changes to sync application flags for project 'marvin'...
11:48:16 INFO  : Checking for BSP changes to sync application flags for project 'marvin'...
11:48:52 INFO  : Checking for BSP changes to sync application flags for project 'marvin'...
11:50:05 INFO  : Checking for BSP changes to sync application flags for project 'marvin'...
11:50:10 INFO  : Disconnected from the channel tcfchan#1.
11:50:11 INFO  : Connected to target on host '127.0.0.1' and port '3121'.
11:50:21 INFO  : ----------------XSDB Script----------------
connect -url tcp:127.0.0.1:3121
----------------End of Script----------------

11:50:21 ERROR : Could not find FPGA device on the board for connection 'Local'.


Troubleshooting hints:
1. Check whether board is connected to system properly.
2. In case of zynq board, check whether Digilent/Xilinx cable switch settings are correct.
3. If you are using Xilinx Platform Cable USB, ensure that status LED is green.
11:50:28 INFO  : Connected to target on host '127.0.0.1' and port '3121'.
11:50:28 INFO  : Jtag cable 'Xilinx TUL 1234-tulA' is selected.
11:50:28 INFO  : 'jtag frequency' command is executed.
11:50:28 INFO  : Context for 'APU' is selected.
11:50:28 INFO  : System reset is completed.
11:50:31 INFO  : 'after 3000' command is executed.
11:50:31 INFO  : 'targets -set -filter {jtag_cable_name =~ "Xilinx TUL 1234-tulA" && level==0 && jtag_device_ctx=="jsn-TUL-1234-tulA-23727093-0"}' command is executed.
11:50:33 INFO  : Device configured successfully with "/home/kike/Desktop/marvin/marvin/marvin/_ide/bitstream/pynq_z2_bram_wrapper.bit"
11:50:33 INFO  : Context for 'APU' is selected.
11:50:35 INFO  : Hardware design and registers information is loaded from '/home/kike/Desktop/marvin/marvin/pynq_z2_bram_wrapper/export/pynq_z2_bram_wrapper/hw/pynq_z2_bram_wrapper.xsa'.
11:50:35 INFO  : 'configparams force-mem-access 1' command is executed.
11:50:35 INFO  : Context for 'APU' is selected.
11:50:35 INFO  : Sourcing of '/home/kike/Desktop/marvin/marvin/marvin/_ide/psinit/ps7_init.tcl' is done.
11:50:35 INFO  : 'ps7_init' command is executed.
11:50:35 INFO  : 'ps7_post_config' command is executed.
11:50:35 INFO  : Context for processor 'ps7_cortexa9_0' is selected.
11:50:35 INFO  : The application '/home/kike/Desktop/marvin/marvin/marvin/Debug/marvin.elf' is downloaded to processor 'ps7_cortexa9_0'.
11:50:35 INFO  : 'configparams force-mem-access 0' command is executed.
11:50:35 INFO  : ----------------XSDB Script----------------
connect -url tcp:127.0.0.1:3121
targets -set -nocase -filter {name =~"APU*"}
rst -system
after 3000
targets -set -filter {jtag_cable_name =~ "Xilinx TUL 1234-tulA" && level==0 && jtag_device_ctx=="jsn-TUL-1234-tulA-23727093-0"}
fpga -file /home/kike/Desktop/marvin/marvin/marvin/_ide/bitstream/pynq_z2_bram_wrapper.bit
targets -set -nocase -filter {name =~"APU*"}
loadhw -hw /home/kike/Desktop/marvin/marvin/pynq_z2_bram_wrapper/export/pynq_z2_bram_wrapper/hw/pynq_z2_bram_wrapper.xsa -mem-ranges [list {0x40000000 0xbfffffff}] -regs
configparams force-mem-access 1
targets -set -nocase -filter {name =~"APU*"}
source /home/kike/Desktop/marvin/marvin/marvin/_ide/psinit/ps7_init.tcl
ps7_init
ps7_post_config
targets -set -nocase -filter {name =~ "*A9*#0"}
dow /home/kike/Desktop/marvin/marvin/marvin/Debug/marvin.elf
configparams force-mem-access 0
----------------End of Script----------------

11:50:35 INFO  : Context for processor 'ps7_cortexa9_0' is selected.
11:50:35 INFO  : 'con' command is executed.
11:50:35 INFO  : ----------------XSDB Script (After Launch)----------------
targets -set -nocase -filter {name =~ "*A9*#0"}
con
----------------End of Script----------------

11:50:35 INFO  : Launch script is exported to file '/home/kike/Desktop/marvin/marvin/marvin_system/_ide/scripts/debugger_marvin-default.tcl'
11:51:19 INFO  : Checking for BSP changes to sync application flags for project 'marvin'...
11:51:25 INFO  : Disconnected from the channel tcfchan#2.
11:51:26 INFO  : Connected to target on host '127.0.0.1' and port '3121'.
11:51:35 INFO  : ----------------XSDB Script----------------
connect -url tcp:127.0.0.1:3121
----------------End of Script----------------

11:51:35 ERROR : Could not find Jtag device on the board for connection 'Local'.


Troubleshooting hints:
1. Check whether board is connected to system properly.
2. In case of zynq board, check whether Digilent/Xilinx cable switch settings are correct.
3. If you are using Xilinx Platform Cable USB, ensure that status LED is green.
11:51:38 INFO  : Connected to target on host '127.0.0.1' and port '3121'.
11:51:38 INFO  : Jtag cable 'Xilinx TUL 1234-tulA' is selected.
11:51:38 INFO  : 'jtag frequency' command is executed.
11:51:38 INFO  : Context for 'APU' is selected.
11:51:38 INFO  : System reset is completed.
11:51:41 INFO  : 'after 3000' command is executed.
11:51:41 INFO  : 'targets -set -filter {jtag_cable_name =~ "Xilinx TUL 1234-tulA" && level==0 && jtag_device_ctx=="jsn-TUL-1234-tulA-23727093-0"}' command is executed.
11:51:43 INFO  : Device configured successfully with "/home/kike/Desktop/marvin/marvin/marvin/_ide/bitstream/pynq_z2_bram_wrapper.bit"
11:51:43 INFO  : Context for 'APU' is selected.
11:51:45 INFO  : Hardware design and registers information is loaded from '/home/kike/Desktop/marvin/marvin/pynq_z2_bram_wrapper/export/pynq_z2_bram_wrapper/hw/pynq_z2_bram_wrapper.xsa'.
11:51:45 INFO  : 'configparams force-mem-access 1' command is executed.
11:51:45 INFO  : Context for 'APU' is selected.
11:51:45 INFO  : Sourcing of '/home/kike/Desktop/marvin/marvin/marvin/_ide/psinit/ps7_init.tcl' is done.
11:51:45 INFO  : 'ps7_init' command is executed.
11:51:45 INFO  : 'ps7_post_config' command is executed.
11:51:45 INFO  : Context for processor 'ps7_cortexa9_0' is selected.
11:51:46 INFO  : The application '/home/kike/Desktop/marvin/marvin/marvin/Debug/marvin.elf' is downloaded to processor 'ps7_cortexa9_0'.
11:51:46 INFO  : 'configparams force-mem-access 0' command is executed.
11:51:46 INFO  : ----------------XSDB Script----------------
connect -url tcp:127.0.0.1:3121
targets -set -nocase -filter {name =~"APU*"}
rst -system
after 3000
targets -set -filter {jtag_cable_name =~ "Xilinx TUL 1234-tulA" && level==0 && jtag_device_ctx=="jsn-TUL-1234-tulA-23727093-0"}
fpga -file /home/kike/Desktop/marvin/marvin/marvin/_ide/bitstream/pynq_z2_bram_wrapper.bit
targets -set -nocase -filter {name =~"APU*"}
loadhw -hw /home/kike/Desktop/marvin/marvin/pynq_z2_bram_wrapper/export/pynq_z2_bram_wrapper/hw/pynq_z2_bram_wrapper.xsa -mem-ranges [list {0x40000000 0xbfffffff}] -regs
configparams force-mem-access 1
targets -set -nocase -filter {name =~"APU*"}
source /home/kike/Desktop/marvin/marvin/marvin/_ide/psinit/ps7_init.tcl
ps7_init
ps7_post_config
targets -set -nocase -filter {name =~ "*A9*#0"}
dow /home/kike/Desktop/marvin/marvin/marvin/Debug/marvin.elf
configparams force-mem-access 0
----------------End of Script----------------

11:51:46 INFO  : Context for processor 'ps7_cortexa9_0' is selected.
11:51:46 INFO  : 'con' command is executed.
11:51:46 INFO  : ----------------XSDB Script (After Launch)----------------
targets -set -nocase -filter {name =~ "*A9*#0"}
con
----------------End of Script----------------

11:51:46 INFO  : Launch script is exported to file '/home/kike/Desktop/marvin/marvin/marvin_system/_ide/scripts/debugger_marvin-default.tcl'
11:52:41 INFO  : Checking for BSP changes to sync application flags for project 'marvin'...
13:22:58 INFO  : Checking for BSP changes to sync application flags for project 'marvin'...
13:23:04 INFO  : Disconnected from the channel tcfchan#3.
13:23:05 INFO  : Connected to target on host '127.0.0.1' and port '3121'.
13:23:07 INFO  : ----------------XSDB Script----------------
connect -url tcp:127.0.0.1:3121
----------------End of Script----------------

13:23:07 ERROR : Could not find FPGA device on the board for connection 'Local'.


Troubleshooting hints:
1. Check whether board is connected to system properly.
2. In case of zynq board, check whether Digilent/Xilinx cable switch settings are correct.
3. If you are using Xilinx Platform Cable USB, ensure that status LED is green.
13:23:10 INFO  : Connected to target on host '127.0.0.1' and port '3121'.
13:23:11 INFO  : Jtag cable 'Xilinx TUL 1234-tulA' is selected.
13:23:11 INFO  : 'jtag frequency' command is executed.
13:23:11 INFO  : Context for 'APU' is selected.
13:23:11 INFO  : System reset is completed.
13:23:14 INFO  : 'after 3000' command is executed.
13:23:14 INFO  : 'targets -set -filter {jtag_cable_name =~ "Xilinx TUL 1234-tulA" && level==0 && jtag_device_ctx=="jsn-TUL-1234-tulA-23727093-0"}' command is executed.
13:23:16 INFO  : Device configured successfully with "/home/kike/Desktop/marvin/marvin/marvin/_ide/bitstream/pynq_z2_bram_wrapper.bit"
13:23:16 INFO  : Context for 'APU' is selected.
13:23:17 INFO  : Hardware design and registers information is loaded from '/home/kike/Desktop/marvin/marvin/pynq_z2_bram_wrapper/export/pynq_z2_bram_wrapper/hw/pynq_z2_bram_wrapper.xsa'.
13:23:17 INFO  : 'configparams force-mem-access 1' command is executed.
13:23:17 INFO  : Context for 'APU' is selected.
13:23:17 INFO  : Sourcing of '/home/kike/Desktop/marvin/marvin/marvin/_ide/psinit/ps7_init.tcl' is done.
13:23:18 INFO  : 'ps7_init' command is executed.
13:23:18 INFO  : 'ps7_post_config' command is executed.
13:23:18 INFO  : Context for processor 'ps7_cortexa9_0' is selected.
13:23:18 INFO  : The application '/home/kike/Desktop/marvin/marvin/marvin/Debug/marvin.elf' is downloaded to processor 'ps7_cortexa9_0'.
13:23:18 INFO  : 'configparams force-mem-access 0' command is executed.
13:23:18 INFO  : ----------------XSDB Script----------------
connect -url tcp:127.0.0.1:3121
targets -set -nocase -filter {name =~"APU*"}
rst -system
after 3000
targets -set -filter {jtag_cable_name =~ "Xilinx TUL 1234-tulA" && level==0 && jtag_device_ctx=="jsn-TUL-1234-tulA-23727093-0"}
fpga -file /home/kike/Desktop/marvin/marvin/marvin/_ide/bitstream/pynq_z2_bram_wrapper.bit
targets -set -nocase -filter {name =~"APU*"}
loadhw -hw /home/kike/Desktop/marvin/marvin/pynq_z2_bram_wrapper/export/pynq_z2_bram_wrapper/hw/pynq_z2_bram_wrapper.xsa -mem-ranges [list {0x40000000 0xbfffffff}] -regs
configparams force-mem-access 1
targets -set -nocase -filter {name =~"APU*"}
source /home/kike/Desktop/marvin/marvin/marvin/_ide/psinit/ps7_init.tcl
ps7_init
ps7_post_config
targets -set -nocase -filter {name =~ "*A9*#0"}
dow /home/kike/Desktop/marvin/marvin/marvin/Debug/marvin.elf
configparams force-mem-access 0
----------------End of Script----------------

13:23:18 INFO  : Context for processor 'ps7_cortexa9_0' is selected.
13:23:18 INFO  : 'con' command is executed.
13:23:18 INFO  : ----------------XSDB Script (After Launch)----------------
targets -set -nocase -filter {name =~ "*A9*#0"}
con
----------------End of Script----------------

13:23:18 INFO  : Launch script is exported to file '/home/kike/Desktop/marvin/marvin/marvin_system/_ide/scripts/debugger_marvin-default.tcl'
13:24:34 INFO  : Checking for BSP changes to sync application flags for project 'marvin'...
13:24:49 INFO  : Disconnected from the channel tcfchan#4.
13:24:50 INFO  : Connected to target on host '127.0.0.1' and port '3121'.
13:24:50 INFO  : Jtag cable 'Xilinx TUL 1234-tulA' is selected.
13:24:50 INFO  : 'jtag frequency' command is executed.
13:24:50 INFO  : Context for 'APU' is selected.
13:24:50 INFO  : System reset is completed.
13:24:53 INFO  : 'after 3000' command is executed.
13:24:53 INFO  : 'targets -set -filter {jtag_cable_name =~ "Xilinx TUL 1234-tulA" && level==0 && jtag_device_ctx=="jsn-TUL-1234-tulA-23727093-0"}' command is executed.
13:24:55 INFO  : Device configured successfully with "/home/kike/Desktop/marvin/marvin/marvin/_ide/bitstream/pynq_z2_bram_wrapper.bit"
13:24:55 INFO  : Context for 'APU' is selected.
13:24:56 INFO  : Hardware design and registers information is loaded from '/home/kike/Desktop/marvin/marvin/pynq_z2_bram_wrapper/export/pynq_z2_bram_wrapper/hw/pynq_z2_bram_wrapper.xsa'.
13:24:56 INFO  : 'configparams force-mem-access 1' command is executed.
13:24:56 INFO  : Context for 'APU' is selected.
13:24:56 INFO  : Sourcing of '/home/kike/Desktop/marvin/marvin/marvin/_ide/psinit/ps7_init.tcl' is done.
13:24:57 INFO  : 'ps7_init' command is executed.
13:24:57 INFO  : 'ps7_post_config' command is executed.
13:24:57 INFO  : Context for processor 'ps7_cortexa9_0' is selected.
13:24:57 INFO  : The application '/home/kike/Desktop/marvin/marvin/marvin/Debug/marvin.elf' is downloaded to processor 'ps7_cortexa9_0'.
13:24:57 INFO  : 'configparams force-mem-access 0' command is executed.
13:24:57 INFO  : ----------------XSDB Script----------------
connect -url tcp:127.0.0.1:3121
targets -set -nocase -filter {name =~"APU*"}
rst -system
after 3000
targets -set -filter {jtag_cable_name =~ "Xilinx TUL 1234-tulA" && level==0 && jtag_device_ctx=="jsn-TUL-1234-tulA-23727093-0"}
fpga -file /home/kike/Desktop/marvin/marvin/marvin/_ide/bitstream/pynq_z2_bram_wrapper.bit
targets -set -nocase -filter {name =~"APU*"}
loadhw -hw /home/kike/Desktop/marvin/marvin/pynq_z2_bram_wrapper/export/pynq_z2_bram_wrapper/hw/pynq_z2_bram_wrapper.xsa -mem-ranges [list {0x40000000 0xbfffffff}] -regs
configparams force-mem-access 1
targets -set -nocase -filter {name =~"APU*"}
source /home/kike/Desktop/marvin/marvin/marvin/_ide/psinit/ps7_init.tcl
ps7_init
ps7_post_config
targets -set -nocase -filter {name =~ "*A9*#0"}
dow /home/kike/Desktop/marvin/marvin/marvin/Debug/marvin.elf
configparams force-mem-access 0
----------------End of Script----------------

13:24:57 INFO  : Context for processor 'ps7_cortexa9_0' is selected.
13:24:57 INFO  : 'con' command is executed.
13:24:57 INFO  : ----------------XSDB Script (After Launch)----------------
targets -set -nocase -filter {name =~ "*A9*#0"}
con
----------------End of Script----------------

13:24:57 INFO  : Launch script is exported to file '/home/kike/Desktop/marvin/marvin/marvin_system/_ide/scripts/debugger_marvin-default.tcl'
13:35:03 INFO  : Checking for BSP changes to sync application flags for project 'marvin'...
13:35:31 INFO  : Checking for BSP changes to sync application flags for project 'marvin'...
13:36:03 INFO  : Checking for BSP changes to sync application flags for project 'marvin'...
13:43:04 INFO  : Checking for BSP changes to sync application flags for project 'marvin'...
13:43:21 INFO  : Checking for BSP changes to sync application flags for project 'marvin'...
13:49:35 INFO  : Checking for BSP changes to sync application flags for project 'marvin'...
13:50:17 INFO  : Checking for BSP changes to sync application flags for project 'marvin'...
13:50:33 INFO  : Checking for BSP changes to sync application flags for project 'marvin'...
14:03:46 INFO  : Checking for BSP changes to sync application flags for project 'marvin'...
14:04:49 INFO  : Checking for BSP changes to sync application flags for project 'marvin'...
14:04:55 INFO  : Checking for BSP changes to sync application flags for project 'marvin'...
14:05:02 INFO  : Disconnected from the channel tcfchan#5.
10:05:01 DEBUG : Logs will be stored at '/home/kike/Desktop/marvin/marvin/IDE.log'.
10:05:02 INFO  : Launching XSCT server: xsct -n  -interactive /home/kike/Desktop/marvin/marvin/temp_xsdb_launch_script.tcl
10:05:04 INFO  : XSCT server has started successfully.
10:05:04 INFO  : Registering command handlers for Vitis TCF services
10:05:04 INFO  : Successfully done setting XSCT server connection channel  
10:05:04 INFO  : plnx-install-location is set to ''
10:05:04 INFO  : Successfully done query RDI_DATADIR 
10:05:04 INFO  : Successfully done setting workspace for the tool. 
10:05:05 INFO  : Platform repository initialization has completed.
10:05:43 INFO  : Checking for BSP changes to sync application flags for project 'marvin'...
10:07:12 INFO  : Checking for BSP changes to sync application flags for project 'marvin'...
10:07:19 INFO  : Connected to target on host '127.0.0.1' and port '3121'.
10:07:19 INFO  : Jtag cable 'Xilinx TUL 1234-tulA' is selected.
10:07:19 INFO  : 'jtag frequency' command is executed.
10:07:19 INFO  : Context for 'APU' is selected.
10:07:19 INFO  : System reset is completed.
10:07:22 INFO  : 'after 3000' command is executed.
10:07:22 INFO  : 'targets -set -filter {jtag_cable_name =~ "Xilinx TUL 1234-tulA" && level==0 && jtag_device_ctx=="jsn-TUL-1234-tulA-23727093-0"}' command is executed.
10:07:25 INFO  : Device configured successfully with "/home/kike/Desktop/marvin/marvin/marvin/_ide/bitstream/pynq_z2_bram_wrapper.bit"
10:07:25 INFO  : Context for 'APU' is selected.
10:07:25 INFO  : Hardware design and registers information is loaded from '/home/kike/Desktop/marvin/marvin/pynq_z2_bram_wrapper/export/pynq_z2_bram_wrapper/hw/pynq_z2_bram_wrapper.xsa'.
10:07:25 INFO  : 'configparams force-mem-access 1' command is executed.
10:07:25 INFO  : Context for 'APU' is selected.
10:07:25 INFO  : Sourcing of '/home/kike/Desktop/marvin/marvin/marvin/_ide/psinit/ps7_init.tcl' is done.
10:07:25 INFO  : 'ps7_init' command is executed.
10:07:25 INFO  : 'ps7_post_config' command is executed.
10:07:25 INFO  : Context for processor 'ps7_cortexa9_0' is selected.
10:07:25 INFO  : The application '/home/kike/Desktop/marvin/marvin/marvin/Debug/marvin.elf' is downloaded to processor 'ps7_cortexa9_0'.
10:07:25 INFO  : 'configparams force-mem-access 0' command is executed.
10:07:25 INFO  : ----------------XSDB Script----------------
connect -url tcp:127.0.0.1:3121
targets -set -nocase -filter {name =~"APU*"}
rst -system
after 3000
targets -set -filter {jtag_cable_name =~ "Xilinx TUL 1234-tulA" && level==0 && jtag_device_ctx=="jsn-TUL-1234-tulA-23727093-0"}
fpga -file /home/kike/Desktop/marvin/marvin/marvin/_ide/bitstream/pynq_z2_bram_wrapper.bit
targets -set -nocase -filter {name =~"APU*"}
loadhw -hw /home/kike/Desktop/marvin/marvin/pynq_z2_bram_wrapper/export/pynq_z2_bram_wrapper/hw/pynq_z2_bram_wrapper.xsa -mem-ranges [list {0x40000000 0xbfffffff}] -regs
configparams force-mem-access 1
targets -set -nocase -filter {name =~"APU*"}
source /home/kike/Desktop/marvin/marvin/marvin/_ide/psinit/ps7_init.tcl
ps7_init
ps7_post_config
targets -set -nocase -filter {name =~ "*A9*#0"}
dow /home/kike/Desktop/marvin/marvin/marvin/Debug/marvin.elf
configparams force-mem-access 0
----------------End of Script----------------

10:07:25 INFO  : Context for processor 'ps7_cortexa9_0' is selected.
10:07:25 INFO  : 'con' command is executed.
10:07:25 INFO  : ----------------XSDB Script (After Launch)----------------
targets -set -nocase -filter {name =~ "*A9*#0"}
con
----------------End of Script----------------

10:07:25 INFO  : Launch script is exported to file '/home/kike/Desktop/marvin/marvin/marvin_system/_ide/scripts/debugger_marvin-default.tcl'
10:07:47 INFO  : Disconnected from the channel tcfchan#1.
10:07:48 INFO  : Connected to target on host '127.0.0.1' and port '3121'.
10:07:48 INFO  : Jtag cable 'Xilinx TUL 1234-tulA' is selected.
10:07:48 INFO  : 'jtag frequency' command is executed.
10:07:49 INFO  : Context for 'APU' is selected.
10:07:49 INFO  : System reset is completed.
10:07:52 INFO  : 'after 3000' command is executed.
10:07:52 INFO  : 'targets -set -filter {jtag_cable_name =~ "Xilinx TUL 1234-tulA" && level==0 && jtag_device_ctx=="jsn-TUL-1234-tulA-23727093-0"}' command is executed.
10:07:54 INFO  : Device configured successfully with "/home/kike/Desktop/marvin/marvin/marvin/_ide/bitstream/pynq_z2_bram_wrapper.bit"
10:07:54 INFO  : Context for 'APU' is selected.
10:07:55 INFO  : Hardware design and registers information is loaded from '/home/kike/Desktop/marvin/marvin/pynq_z2_bram_wrapper/export/pynq_z2_bram_wrapper/hw/pynq_z2_bram_wrapper.xsa'.
10:07:55 INFO  : 'configparams force-mem-access 1' command is executed.
10:07:55 INFO  : Context for 'APU' is selected.
10:07:55 INFO  : Sourcing of '/home/kike/Desktop/marvin/marvin/marvin/_ide/psinit/ps7_init.tcl' is done.
10:07:56 INFO  : 'ps7_init' command is executed.
10:07:56 INFO  : 'ps7_post_config' command is executed.
10:07:56 INFO  : Context for processor 'ps7_cortexa9_0' is selected.
10:07:56 INFO  : The application '/home/kike/Desktop/marvin/marvin/marvin/Debug/marvin.elf' is downloaded to processor 'ps7_cortexa9_0'.
10:07:56 INFO  : 'configparams force-mem-access 0' command is executed.
10:07:56 INFO  : ----------------XSDB Script----------------
connect -url tcp:127.0.0.1:3121
targets -set -nocase -filter {name =~"APU*"}
rst -system
after 3000
targets -set -filter {jtag_cable_name =~ "Xilinx TUL 1234-tulA" && level==0 && jtag_device_ctx=="jsn-TUL-1234-tulA-23727093-0"}
fpga -file /home/kike/Desktop/marvin/marvin/marvin/_ide/bitstream/pynq_z2_bram_wrapper.bit
targets -set -nocase -filter {name =~"APU*"}
loadhw -hw /home/kike/Desktop/marvin/marvin/pynq_z2_bram_wrapper/export/pynq_z2_bram_wrapper/hw/pynq_z2_bram_wrapper.xsa -mem-ranges [list {0x40000000 0xbfffffff}] -regs
configparams force-mem-access 1
targets -set -nocase -filter {name =~"APU*"}
source /home/kike/Desktop/marvin/marvin/marvin/_ide/psinit/ps7_init.tcl
ps7_init
ps7_post_config
targets -set -nocase -filter {name =~ "*A9*#0"}
dow /home/kike/Desktop/marvin/marvin/marvin/Debug/marvin.elf
configparams force-mem-access 0
----------------End of Script----------------

10:07:56 INFO  : Context for processor 'ps7_cortexa9_0' is selected.
10:07:56 INFO  : 'con' command is executed.
10:07:56 INFO  : ----------------XSDB Script (After Launch)----------------
targets -set -nocase -filter {name =~ "*A9*#0"}
con
----------------End of Script----------------

10:07:56 INFO  : Launch script is exported to file '/home/kike/Desktop/marvin/marvin/marvin_system/_ide/scripts/debugger_marvin-default.tcl'
10:10:49 INFO  : Checking for BSP changes to sync application flags for project 'marvin'...
10:10:52 INFO  : Disconnected from the channel tcfchan#2.
10:10:53 INFO  : Connected to target on host '127.0.0.1' and port '3121'.
10:10:53 INFO  : Jtag cable 'Xilinx TUL 1234-tulA' is selected.
10:10:53 INFO  : 'jtag frequency' command is executed.
10:10:54 INFO  : Context for 'APU' is selected.
10:10:54 INFO  : System reset is completed.
10:10:57 INFO  : 'after 3000' command is executed.
10:10:57 INFO  : 'targets -set -filter {jtag_cable_name =~ "Xilinx TUL 1234-tulA" && level==0 && jtag_device_ctx=="jsn-TUL-1234-tulA-23727093-0"}' command is executed.
10:10:59 INFO  : Device configured successfully with "/home/kike/Desktop/marvin/marvin/marvin/_ide/bitstream/pynq_z2_bram_wrapper.bit"
10:10:59 INFO  : Context for 'APU' is selected.
10:11:00 INFO  : Hardware design and registers information is loaded from '/home/kike/Desktop/marvin/marvin/pynq_z2_bram_wrapper/export/pynq_z2_bram_wrapper/hw/pynq_z2_bram_wrapper.xsa'.
10:11:00 INFO  : 'configparams force-mem-access 1' command is executed.
10:11:00 INFO  : Context for 'APU' is selected.
10:11:00 INFO  : Sourcing of '/home/kike/Desktop/marvin/marvin/marvin/_ide/psinit/ps7_init.tcl' is done.
10:11:01 INFO  : 'ps7_init' command is executed.
10:11:01 INFO  : 'ps7_post_config' command is executed.
10:11:01 INFO  : Context for processor 'ps7_cortexa9_0' is selected.
10:11:01 INFO  : The application '/home/kike/Desktop/marvin/marvin/marvin/Debug/marvin.elf' is downloaded to processor 'ps7_cortexa9_0'.
10:11:01 INFO  : 'configparams force-mem-access 0' command is executed.
10:11:01 INFO  : ----------------XSDB Script----------------
connect -url tcp:127.0.0.1:3121
targets -set -nocase -filter {name =~"APU*"}
rst -system
after 3000
targets -set -filter {jtag_cable_name =~ "Xilinx TUL 1234-tulA" && level==0 && jtag_device_ctx=="jsn-TUL-1234-tulA-23727093-0"}
fpga -file /home/kike/Desktop/marvin/marvin/marvin/_ide/bitstream/pynq_z2_bram_wrapper.bit
targets -set -nocase -filter {name =~"APU*"}
loadhw -hw /home/kike/Desktop/marvin/marvin/pynq_z2_bram_wrapper/export/pynq_z2_bram_wrapper/hw/pynq_z2_bram_wrapper.xsa -mem-ranges [list {0x40000000 0xbfffffff}] -regs
configparams force-mem-access 1
targets -set -nocase -filter {name =~"APU*"}
source /home/kike/Desktop/marvin/marvin/marvin/_ide/psinit/ps7_init.tcl
ps7_init
ps7_post_config
targets -set -nocase -filter {name =~ "*A9*#0"}
dow /home/kike/Desktop/marvin/marvin/marvin/Debug/marvin.elf
configparams force-mem-access 0
----------------End of Script----------------

10:11:01 INFO  : Context for processor 'ps7_cortexa9_0' is selected.
10:11:01 INFO  : 'con' command is executed.
10:11:01 INFO  : ----------------XSDB Script (After Launch)----------------
targets -set -nocase -filter {name =~ "*A9*#0"}
con
----------------End of Script----------------

10:11:01 INFO  : Launch script is exported to file '/home/kike/Desktop/marvin/marvin/marvin_system/_ide/scripts/debugger_marvin-default.tcl'
10:12:14 INFO  : Checking for BSP changes to sync application flags for project 'marvin'...
10:12:17 INFO  : Disconnected from the channel tcfchan#3.
10:12:18 INFO  : Connected to target on host '127.0.0.1' and port '3121'.
10:12:18 INFO  : Jtag cable 'Xilinx TUL 1234-tulA' is selected.
10:12:18 INFO  : 'jtag frequency' command is executed.
10:12:18 INFO  : Context for 'APU' is selected.
10:12:18 INFO  : System reset is completed.
10:12:21 INFO  : 'after 3000' command is executed.
10:12:21 INFO  : 'targets -set -filter {jtag_cable_name =~ "Xilinx TUL 1234-tulA" && level==0 && jtag_device_ctx=="jsn-TUL-1234-tulA-23727093-0"}' command is executed.
10:12:23 INFO  : Device configured successfully with "/home/kike/Desktop/marvin/marvin/marvin/_ide/bitstream/pynq_z2_bram_wrapper.bit"
10:12:23 INFO  : Context for 'APU' is selected.
10:12:24 INFO  : Hardware design and registers information is loaded from '/home/kike/Desktop/marvin/marvin/pynq_z2_bram_wrapper/export/pynq_z2_bram_wrapper/hw/pynq_z2_bram_wrapper.xsa'.
10:12:24 INFO  : 'configparams force-mem-access 1' command is executed.
10:12:24 INFO  : Context for 'APU' is selected.
10:12:24 INFO  : Sourcing of '/home/kike/Desktop/marvin/marvin/marvin/_ide/psinit/ps7_init.tcl' is done.
10:12:25 INFO  : 'ps7_init' command is executed.
10:12:25 INFO  : 'ps7_post_config' command is executed.
10:12:25 INFO  : Context for processor 'ps7_cortexa9_0' is selected.
10:12:25 INFO  : The application '/home/kike/Desktop/marvin/marvin/marvin/Debug/marvin.elf' is downloaded to processor 'ps7_cortexa9_0'.
10:12:25 INFO  : 'configparams force-mem-access 0' command is executed.
10:12:25 INFO  : ----------------XSDB Script----------------
connect -url tcp:127.0.0.1:3121
targets -set -nocase -filter {name =~"APU*"}
rst -system
after 3000
targets -set -filter {jtag_cable_name =~ "Xilinx TUL 1234-tulA" && level==0 && jtag_device_ctx=="jsn-TUL-1234-tulA-23727093-0"}
fpga -file /home/kike/Desktop/marvin/marvin/marvin/_ide/bitstream/pynq_z2_bram_wrapper.bit
targets -set -nocase -filter {name =~"APU*"}
loadhw -hw /home/kike/Desktop/marvin/marvin/pynq_z2_bram_wrapper/export/pynq_z2_bram_wrapper/hw/pynq_z2_bram_wrapper.xsa -mem-ranges [list {0x40000000 0xbfffffff}] -regs
configparams force-mem-access 1
targets -set -nocase -filter {name =~"APU*"}
source /home/kike/Desktop/marvin/marvin/marvin/_ide/psinit/ps7_init.tcl
ps7_init
ps7_post_config
targets -set -nocase -filter {name =~ "*A9*#0"}
dow /home/kike/Desktop/marvin/marvin/marvin/Debug/marvin.elf
configparams force-mem-access 0
----------------End of Script----------------

10:12:25 INFO  : Context for processor 'ps7_cortexa9_0' is selected.
10:12:25 INFO  : 'con' command is executed.
10:12:25 INFO  : ----------------XSDB Script (After Launch)----------------
targets -set -nocase -filter {name =~ "*A9*#0"}
con
----------------End of Script----------------

10:12:25 INFO  : Launch script is exported to file '/home/kike/Desktop/marvin/marvin/marvin_system/_ide/scripts/debugger_marvin-default.tcl'
10:13:02 INFO  : Checking for BSP changes to sync application flags for project 'marvin'...
10:13:55 INFO  : Checking for BSP changes to sync application flags for project 'marvin'...
10:14:12 INFO  : Checking for BSP changes to sync application flags for project 'marvin'...
10:16:40 INFO  : Checking for BSP changes to sync application flags for project 'marvin'...
10:16:45 INFO  : Checking for BSP changes to sync application flags for project 'marvin'...
10:16:48 INFO  : Disconnected from the channel tcfchan#4.
10:16:49 INFO  : Connected to target on host '127.0.0.1' and port '3121'.
10:16:49 INFO  : Jtag cable 'Xilinx TUL 1234-tulA' is selected.
10:16:49 INFO  : 'jtag frequency' command is executed.
10:16:49 INFO  : Context for 'APU' is selected.
10:16:49 INFO  : System reset is completed.
10:16:52 INFO  : 'after 3000' command is executed.
10:16:52 INFO  : 'targets -set -filter {jtag_cable_name =~ "Xilinx TUL 1234-tulA" && level==0 && jtag_device_ctx=="jsn-TUL-1234-tulA-23727093-0"}' command is executed.
10:16:55 INFO  : Device configured successfully with "/home/kike/Desktop/marvin/marvin/marvin/_ide/bitstream/pynq_z2_bram_wrapper.bit"
10:16:55 INFO  : Context for 'APU' is selected.
10:16:56 INFO  : Hardware design and registers information is loaded from '/home/kike/Desktop/marvin/marvin/pynq_z2_bram_wrapper/export/pynq_z2_bram_wrapper/hw/pynq_z2_bram_wrapper.xsa'.
10:16:56 INFO  : 'configparams force-mem-access 1' command is executed.
10:16:56 INFO  : Context for 'APU' is selected.
10:16:56 INFO  : Sourcing of '/home/kike/Desktop/marvin/marvin/marvin/_ide/psinit/ps7_init.tcl' is done.
10:16:56 INFO  : 'ps7_init' command is executed.
10:16:56 INFO  : 'ps7_post_config' command is executed.
10:16:56 INFO  : Context for processor 'ps7_cortexa9_0' is selected.
10:16:56 INFO  : The application '/home/kike/Desktop/marvin/marvin/marvin/Debug/marvin.elf' is downloaded to processor 'ps7_cortexa9_0'.
10:16:56 INFO  : 'configparams force-mem-access 0' command is executed.
10:16:56 INFO  : ----------------XSDB Script----------------
connect -url tcp:127.0.0.1:3121
targets -set -nocase -filter {name =~"APU*"}
rst -system
after 3000
targets -set -filter {jtag_cable_name =~ "Xilinx TUL 1234-tulA" && level==0 && jtag_device_ctx=="jsn-TUL-1234-tulA-23727093-0"}
fpga -file /home/kike/Desktop/marvin/marvin/marvin/_ide/bitstream/pynq_z2_bram_wrapper.bit
targets -set -nocase -filter {name =~"APU*"}
loadhw -hw /home/kike/Desktop/marvin/marvin/pynq_z2_bram_wrapper/export/pynq_z2_bram_wrapper/hw/pynq_z2_bram_wrapper.xsa -mem-ranges [list {0x40000000 0xbfffffff}] -regs
configparams force-mem-access 1
targets -set -nocase -filter {name =~"APU*"}
source /home/kike/Desktop/marvin/marvin/marvin/_ide/psinit/ps7_init.tcl
ps7_init
ps7_post_config
targets -set -nocase -filter {name =~ "*A9*#0"}
dow /home/kike/Desktop/marvin/marvin/marvin/Debug/marvin.elf
configparams force-mem-access 0
----------------End of Script----------------

10:16:56 INFO  : Context for processor 'ps7_cortexa9_0' is selected.
10:16:56 INFO  : 'con' command is executed.
10:16:56 INFO  : ----------------XSDB Script (After Launch)----------------
targets -set -nocase -filter {name =~ "*A9*#0"}
con
----------------End of Script----------------

10:16:56 INFO  : Launch script is exported to file '/home/kike/Desktop/marvin/marvin/marvin_system/_ide/scripts/debugger_marvin-default.tcl'
10:17:53 ERROR : (XSDB Server)Already running

10:18:24 ERROR : (XSDB Server)Already running

10:19:48 ERROR : (XSDB Server)Already running

10:21:13 INFO  : Checking for BSP changes to sync application flags for project 'marvin'...
10:21:32 INFO  : Checking for BSP changes to sync application flags for project 'marvin'...
10:21:35 INFO  : Disconnected from the channel tcfchan#5.
10:21:36 INFO  : Connected to target on host '127.0.0.1' and port '3121'.
10:21:36 INFO  : Jtag cable 'Xilinx TUL 1234-tulA' is selected.
10:21:36 INFO  : 'jtag frequency' command is executed.
10:21:37 INFO  : Context for 'APU' is selected.
10:21:37 INFO  : System reset is completed.
10:21:40 INFO  : 'after 3000' command is executed.
10:21:40 INFO  : 'targets -set -filter {jtag_cable_name =~ "Xilinx TUL 1234-tulA" && level==0 && jtag_device_ctx=="jsn-TUL-1234-tulA-23727093-0"}' command is executed.
10:21:42 INFO  : Device configured successfully with "/home/kike/Desktop/marvin/marvin/marvin/_ide/bitstream/pynq_z2_bram_wrapper.bit"
10:21:42 INFO  : Context for 'APU' is selected.
10:21:43 INFO  : Hardware design and registers information is loaded from '/home/kike/Desktop/marvin/marvin/pynq_z2_bram_wrapper/export/pynq_z2_bram_wrapper/hw/pynq_z2_bram_wrapper.xsa'.
10:21:43 INFO  : 'configparams force-mem-access 1' command is executed.
10:21:43 INFO  : Context for 'APU' is selected.
10:21:43 INFO  : Sourcing of '/home/kike/Desktop/marvin/marvin/marvin/_ide/psinit/ps7_init.tcl' is done.
10:21:43 INFO  : 'ps7_init' command is executed.
10:21:43 INFO  : 'ps7_post_config' command is executed.
10:21:43 INFO  : Context for processor 'ps7_cortexa9_0' is selected.
10:21:44 INFO  : The application '/home/kike/Desktop/marvin/marvin/marvin/Debug/marvin.elf' is downloaded to processor 'ps7_cortexa9_0'.
10:21:44 INFO  : 'configparams force-mem-access 0' command is executed.
10:21:44 INFO  : ----------------XSDB Script----------------
connect -url tcp:127.0.0.1:3121
targets -set -nocase -filter {name =~"APU*"}
rst -system
after 3000
targets -set -filter {jtag_cable_name =~ "Xilinx TUL 1234-tulA" && level==0 && jtag_device_ctx=="jsn-TUL-1234-tulA-23727093-0"}
fpga -file /home/kike/Desktop/marvin/marvin/marvin/_ide/bitstream/pynq_z2_bram_wrapper.bit
targets -set -nocase -filter {name =~"APU*"}
loadhw -hw /home/kike/Desktop/marvin/marvin/pynq_z2_bram_wrapper/export/pynq_z2_bram_wrapper/hw/pynq_z2_bram_wrapper.xsa -mem-ranges [list {0x40000000 0xbfffffff}] -regs
configparams force-mem-access 1
targets -set -nocase -filter {name =~"APU*"}
source /home/kike/Desktop/marvin/marvin/marvin/_ide/psinit/ps7_init.tcl
ps7_init
ps7_post_config
targets -set -nocase -filter {name =~ "*A9*#0"}
dow /home/kike/Desktop/marvin/marvin/marvin/Debug/marvin.elf
configparams force-mem-access 0
----------------End of Script----------------

10:21:44 INFO  : Context for processor 'ps7_cortexa9_0' is selected.
10:21:44 INFO  : 'con' command is executed.
10:21:44 INFO  : ----------------XSDB Script (After Launch)----------------
targets -set -nocase -filter {name =~ "*A9*#0"}
con
----------------End of Script----------------

10:21:44 INFO  : Launch script is exported to file '/home/kike/Desktop/marvin/marvin/marvin_system/_ide/scripts/debugger_marvin-default.tcl'
10:21:59 ERROR : (XSDB Server)Already running

10:23:06 ERROR : (XSDB Server)Already running

10:23:24 INFO  : Disconnected from the channel tcfchan#6.
10:23:25 INFO  : Connected to target on host '127.0.0.1' and port '3121'.
10:23:25 INFO  : Jtag cable 'Xilinx TUL 1234-tulA' is selected.
10:23:25 INFO  : 'jtag frequency' command is executed.
10:23:25 INFO  : Context for 'APU' is selected.
10:23:25 INFO  : System reset is completed.
10:23:28 INFO  : 'after 3000' command is executed.
10:23:28 INFO  : 'targets -set -filter {jtag_cable_name =~ "Xilinx TUL 1234-tulA" && level==0 && jtag_device_ctx=="jsn-TUL-1234-tulA-23727093-0"}' command is executed.
10:23:31 INFO  : Device configured successfully with "/home/kike/Desktop/marvin/marvin/marvin/_ide/bitstream/pynq_z2_bram_wrapper.bit"
10:23:31 INFO  : Context for 'APU' is selected.
10:23:32 INFO  : Hardware design and registers information is loaded from '/home/kike/Desktop/marvin/marvin/pynq_z2_bram_wrapper/export/pynq_z2_bram_wrapper/hw/pynq_z2_bram_wrapper.xsa'.
10:23:32 INFO  : 'configparams force-mem-access 1' command is executed.
10:23:32 INFO  : Context for 'APU' is selected.
10:23:32 INFO  : Sourcing of '/home/kike/Desktop/marvin/marvin/marvin/_ide/psinit/ps7_init.tcl' is done.
10:23:32 INFO  : 'ps7_init' command is executed.
10:23:32 INFO  : 'ps7_post_config' command is executed.
10:23:32 INFO  : Context for processor 'ps7_cortexa9_0' is selected.
10:23:32 INFO  : The application '/home/kike/Desktop/marvin/marvin/marvin/Debug/marvin.elf' is downloaded to processor 'ps7_cortexa9_0'.
10:23:32 INFO  : 'configparams force-mem-access 0' command is executed.
10:23:32 INFO  : ----------------XSDB Script----------------
connect -url tcp:127.0.0.1:3121
targets -set -nocase -filter {name =~"APU*"}
rst -system
after 3000
targets -set -filter {jtag_cable_name =~ "Xilinx TUL 1234-tulA" && level==0 && jtag_device_ctx=="jsn-TUL-1234-tulA-23727093-0"}
fpga -file /home/kike/Desktop/marvin/marvin/marvin/_ide/bitstream/pynq_z2_bram_wrapper.bit
targets -set -nocase -filter {name =~"APU*"}
loadhw -hw /home/kike/Desktop/marvin/marvin/pynq_z2_bram_wrapper/export/pynq_z2_bram_wrapper/hw/pynq_z2_bram_wrapper.xsa -mem-ranges [list {0x40000000 0xbfffffff}] -regs
configparams force-mem-access 1
targets -set -nocase -filter {name =~"APU*"}
source /home/kike/Desktop/marvin/marvin/marvin/_ide/psinit/ps7_init.tcl
ps7_init
ps7_post_config
targets -set -nocase -filter {name =~ "*A9*#0"}
dow /home/kike/Desktop/marvin/marvin/marvin/Debug/marvin.elf
configparams force-mem-access 0
----------------End of Script----------------

10:23:32 INFO  : Context for processor 'ps7_cortexa9_0' is selected.
10:23:32 INFO  : 'con' command is executed.
10:23:32 INFO  : ----------------XSDB Script (After Launch)----------------
targets -set -nocase -filter {name =~ "*A9*#0"}
con
----------------End of Script----------------

10:23:32 INFO  : Launch script is exported to file '/home/kike/Desktop/marvin/marvin/marvin_system/_ide/scripts/debugger_marvin-default.tcl'
10:23:41 INFO  : Disconnected from the channel tcfchan#7.
10:23:42 INFO  : Connected to target on host '127.0.0.1' and port '3121'.
10:23:42 INFO  : Jtag cable 'Xilinx TUL 1234-tulA' is selected.
10:23:42 INFO  : 'jtag frequency' command is executed.
10:23:43 INFO  : Context for 'APU' is selected.
10:23:43 INFO  : System reset is completed.
10:23:46 INFO  : 'after 3000' command is executed.
10:23:46 INFO  : 'targets -set -filter {jtag_cable_name =~ "Xilinx TUL 1234-tulA" && level==0 && jtag_device_ctx=="jsn-TUL-1234-tulA-23727093-0"}' command is executed.
10:23:48 INFO  : Device configured successfully with "/home/kike/Desktop/marvin/marvin/marvin/_ide/bitstream/pynq_z2_bram_wrapper.bit"
10:23:48 INFO  : Context for 'APU' is selected.
10:23:49 INFO  : Hardware design and registers information is loaded from '/home/kike/Desktop/marvin/marvin/pynq_z2_bram_wrapper/export/pynq_z2_bram_wrapper/hw/pynq_z2_bram_wrapper.xsa'.
10:23:49 INFO  : 'configparams force-mem-access 1' command is executed.
10:23:49 INFO  : Context for 'APU' is selected.
10:23:49 INFO  : Sourcing of '/home/kike/Desktop/marvin/marvin/marvin/_ide/psinit/ps7_init.tcl' is done.
10:23:50 INFO  : 'ps7_init' command is executed.
10:23:50 INFO  : 'ps7_post_config' command is executed.
10:23:50 INFO  : Context for processor 'ps7_cortexa9_0' is selected.
10:23:50 INFO  : The application '/home/kike/Desktop/marvin/marvin/marvin/Debug/marvin.elf' is downloaded to processor 'ps7_cortexa9_0'.
10:23:50 INFO  : 'configparams force-mem-access 0' command is executed.
10:23:50 INFO  : ----------------XSDB Script----------------
connect -url tcp:127.0.0.1:3121
targets -set -nocase -filter {name =~"APU*"}
rst -system
after 3000
targets -set -filter {jtag_cable_name =~ "Xilinx TUL 1234-tulA" && level==0 && jtag_device_ctx=="jsn-TUL-1234-tulA-23727093-0"}
fpga -file /home/kike/Desktop/marvin/marvin/marvin/_ide/bitstream/pynq_z2_bram_wrapper.bit
targets -set -nocase -filter {name =~"APU*"}
loadhw -hw /home/kike/Desktop/marvin/marvin/pynq_z2_bram_wrapper/export/pynq_z2_bram_wrapper/hw/pynq_z2_bram_wrapper.xsa -mem-ranges [list {0x40000000 0xbfffffff}] -regs
configparams force-mem-access 1
targets -set -nocase -filter {name =~"APU*"}
source /home/kike/Desktop/marvin/marvin/marvin/_ide/psinit/ps7_init.tcl
ps7_init
ps7_post_config
targets -set -nocase -filter {name =~ "*A9*#0"}
dow /home/kike/Desktop/marvin/marvin/marvin/Debug/marvin.elf
configparams force-mem-access 0
----------------End of Script----------------

10:23:50 INFO  : Context for processor 'ps7_cortexa9_0' is selected.
10:23:50 INFO  : 'con' command is executed.
10:23:50 INFO  : ----------------XSDB Script (After Launch)----------------
targets -set -nocase -filter {name =~ "*A9*#0"}
con
----------------End of Script----------------

10:23:50 INFO  : Launch script is exported to file '/home/kike/Desktop/marvin/marvin/marvin_system/_ide/scripts/debugger_marvin-default.tcl'
10:24:35 ERROR : (XSDB Server)Already running

10:26:41 INFO  : Checking for BSP changes to sync application flags for project 'marvin'...
10:27:11 INFO  : Checking for BSP changes to sync application flags for project 'marvin'...
11:43:34 INFO  : Checking for BSP changes to sync application flags for project 'marvin'...
11:44:29 INFO  : Checking for BSP changes to sync application flags for project 'marvin'...
11:45:09 INFO  : Checking for BSP changes to sync application flags for project 'marvin'...
11:45:20 INFO  : Checking for BSP changes to sync application flags for project 'marvin'...
11:45:39 INFO  : Checking for BSP changes to sync application flags for project 'marvin'...
11:45:58 INFO  : Checking for BSP changes to sync application flags for project 'marvin'...
11:47:52 INFO  : Checking for BSP changes to sync application flags for project 'marvin'...
11:48:53 INFO  : Checking for BSP changes to sync application flags for project 'marvin'...
11:49:01 INFO  : Checking for BSP changes to sync application flags for project 'marvin'...
11:49:05 INFO  : Disconnected from the channel tcfchan#8.
11:49:06 INFO  : Connected to target on host '127.0.0.1' and port '3121'.
11:49:07 INFO  : Jtag cable 'Xilinx TUL 1234-tulA' is selected.
11:49:07 INFO  : 'jtag frequency' command is executed.
11:49:07 INFO  : Context for 'APU' is selected.
11:49:07 INFO  : System reset is completed.
11:49:10 INFO  : 'after 3000' command is executed.
11:49:10 INFO  : 'targets -set -filter {jtag_cable_name =~ "Xilinx TUL 1234-tulA" && level==0 && jtag_device_ctx=="jsn-TUL-1234-tulA-23727093-0"}' command is executed.
11:49:12 INFO  : Device configured successfully with "/home/kike/Desktop/marvin/marvin/marvin/_ide/bitstream/pynq_z2_bram_wrapper.bit"
11:49:12 INFO  : Context for 'APU' is selected.
11:49:15 INFO  : Hardware design and registers information is loaded from '/home/kike/Desktop/marvin/marvin/pynq_z2_bram_wrapper/export/pynq_z2_bram_wrapper/hw/pynq_z2_bram_wrapper.xsa'.
11:49:15 INFO  : 'configparams force-mem-access 1' command is executed.
11:49:15 INFO  : Context for 'APU' is selected.
11:49:15 INFO  : Sourcing of '/home/kike/Desktop/marvin/marvin/marvin/_ide/psinit/ps7_init.tcl' is done.
11:49:15 INFO  : 'ps7_init' command is executed.
11:49:15 INFO  : 'ps7_post_config' command is executed.
11:49:15 INFO  : Context for processor 'ps7_cortexa9_0' is selected.
11:49:16 INFO  : The application '/home/kike/Desktop/marvin/marvin/marvin/Debug/marvin.elf' is downloaded to processor 'ps7_cortexa9_0'.
11:49:16 INFO  : 'configparams force-mem-access 0' command is executed.
11:49:16 INFO  : ----------------XSDB Script----------------
connect -url tcp:127.0.0.1:3121
targets -set -nocase -filter {name =~"APU*"}
rst -system
after 3000
targets -set -filter {jtag_cable_name =~ "Xilinx TUL 1234-tulA" && level==0 && jtag_device_ctx=="jsn-TUL-1234-tulA-23727093-0"}
fpga -file /home/kike/Desktop/marvin/marvin/marvin/_ide/bitstream/pynq_z2_bram_wrapper.bit
targets -set -nocase -filter {name =~"APU*"}
loadhw -hw /home/kike/Desktop/marvin/marvin/pynq_z2_bram_wrapper/export/pynq_z2_bram_wrapper/hw/pynq_z2_bram_wrapper.xsa -mem-ranges [list {0x40000000 0xbfffffff}] -regs
configparams force-mem-access 1
targets -set -nocase -filter {name =~"APU*"}
source /home/kike/Desktop/marvin/marvin/marvin/_ide/psinit/ps7_init.tcl
ps7_init
ps7_post_config
targets -set -nocase -filter {name =~ "*A9*#0"}
dow /home/kike/Desktop/marvin/marvin/marvin/Debug/marvin.elf
configparams force-mem-access 0
----------------End of Script----------------

11:49:16 INFO  : Context for processor 'ps7_cortexa9_0' is selected.
11:49:16 INFO  : 'con' command is executed.
11:49:16 INFO  : ----------------XSDB Script (After Launch)----------------
targets -set -nocase -filter {name =~ "*A9*#0"}
con
----------------End of Script----------------

11:49:16 INFO  : Launch script is exported to file '/home/kike/Desktop/marvin/marvin/marvin_system/_ide/scripts/debugger_marvin-default.tcl'
11:49:44 INFO  : Checking for BSP changes to sync application flags for project 'marvin'...
11:49:48 INFO  : Disconnected from the channel tcfchan#9.
15:00:14 DEBUG : Logs will be stored at '/home/kike/Desktop/marvin/marvin/IDE.log'.
15:00:15 INFO  : Launching XSCT server: xsct -n  -interactive /home/kike/Desktop/marvin/marvin/temp_xsdb_launch_script.tcl
15:00:17 INFO  : XSCT server has started successfully.
15:00:17 INFO  : plnx-install-location is set to ''
15:00:17 INFO  : Successfully done setting XSCT server connection channel  
15:00:17 INFO  : Successfully done setting workspace for the tool. 
15:00:17 INFO  : Registering command handlers for Vitis TCF services
15:00:17 INFO  : Successfully done query RDI_DATADIR 
15:00:17 INFO  : Platform repository initialization has completed.
15:02:16 INFO  : Checking for BSP changes to sync application flags for project 'marvin'...
15:02:31 INFO  : Checking for BSP changes to sync application flags for project 'marvin'...
15:03:03 INFO  : Checking for BSP changes to sync application flags for project 'marvin'...
15:03:17 INFO  : Connected to target on host '127.0.0.1' and port '3121'.
15:03:17 INFO  : Jtag cable 'Xilinx TUL 1234-tulA' is selected.
15:03:17 INFO  : 'jtag frequency' command is executed.
15:03:17 INFO  : Context for 'APU' is selected.
15:03:17 INFO  : System reset is completed.
15:03:20 INFO  : 'after 3000' command is executed.
15:03:20 INFO  : 'targets -set -filter {jtag_cable_name =~ "Xilinx TUL 1234-tulA" && level==0 && jtag_device_ctx=="jsn-TUL-1234-tulA-23727093-0"}' command is executed.
15:03:23 INFO  : Device configured successfully with "/home/kike/Desktop/marvin/marvin/marvin/_ide/bitstream/pynq_z2_bram_wrapper.bit"
15:03:23 INFO  : Context for 'APU' is selected.
15:03:23 INFO  : Hardware design and registers information is loaded from '/home/kike/Desktop/marvin/marvin/pynq_z2_bram_wrapper/export/pynq_z2_bram_wrapper/hw/pynq_z2_bram_wrapper.xsa'.
15:03:23 INFO  : 'configparams force-mem-access 1' command is executed.
15:03:23 INFO  : Context for 'APU' is selected.
15:03:23 INFO  : Sourcing of '/home/kike/Desktop/marvin/marvin/marvin/_ide/psinit/ps7_init.tcl' is done.
15:03:23 INFO  : 'ps7_init' command is executed.
15:03:23 INFO  : 'ps7_post_config' command is executed.
15:03:23 INFO  : Context for processor 'ps7_cortexa9_0' is selected.
15:03:23 INFO  : The application '/home/kike/Desktop/marvin/marvin/marvin/Debug/marvin.elf' is downloaded to processor 'ps7_cortexa9_0'.
15:03:23 INFO  : 'configparams force-mem-access 0' command is executed.
15:03:23 INFO  : ----------------XSDB Script----------------
connect -url tcp:127.0.0.1:3121
targets -set -nocase -filter {name =~"APU*"}
rst -system
after 3000
targets -set -filter {jtag_cable_name =~ "Xilinx TUL 1234-tulA" && level==0 && jtag_device_ctx=="jsn-TUL-1234-tulA-23727093-0"}
fpga -file /home/kike/Desktop/marvin/marvin/marvin/_ide/bitstream/pynq_z2_bram_wrapper.bit
targets -set -nocase -filter {name =~"APU*"}
loadhw -hw /home/kike/Desktop/marvin/marvin/pynq_z2_bram_wrapper/export/pynq_z2_bram_wrapper/hw/pynq_z2_bram_wrapper.xsa -mem-ranges [list {0x40000000 0xbfffffff}] -regs
configparams force-mem-access 1
targets -set -nocase -filter {name =~"APU*"}
source /home/kike/Desktop/marvin/marvin/marvin/_ide/psinit/ps7_init.tcl
ps7_init
ps7_post_config
targets -set -nocase -filter {name =~ "*A9*#0"}
dow /home/kike/Desktop/marvin/marvin/marvin/Debug/marvin.elf
configparams force-mem-access 0
----------------End of Script----------------

15:03:23 INFO  : Context for processor 'ps7_cortexa9_0' is selected.
15:03:23 INFO  : 'con' command is executed.
15:03:23 INFO  : ----------------XSDB Script (After Launch)----------------
targets -set -nocase -filter {name =~ "*A9*#0"}
con
----------------End of Script----------------

15:03:23 INFO  : Launch script is exported to file '/home/kike/Desktop/marvin/marvin/marvin_system/_ide/scripts/debugger_marvin-default.tcl'
15:03:38 INFO  : Disconnected from the channel tcfchan#1.
15:03:39 INFO  : Connected to target on host '127.0.0.1' and port '3121'.
15:03:40 INFO  : Jtag cable 'Xilinx TUL 1234-tulA' is selected.
15:03:40 INFO  : 'jtag frequency' command is executed.
15:03:42 INFO  : Context for 'APU' is selected.
15:03:42 INFO  : System reset is completed.
15:03:45 INFO  : 'after 3000' command is executed.
15:03:45 INFO  : 'targets -set -filter {jtag_cable_name =~ "Xilinx TUL 1234-tulA" && level==0 && jtag_device_ctx=="jsn-TUL-1234-tulA-23727093-0"}' command is executed.
15:03:47 INFO  : Device configured successfully with "/home/kike/Desktop/marvin/marvin/marvin/_ide/bitstream/pynq_z2_bram_wrapper.bit"
15:03:47 INFO  : Context for 'APU' is selected.
15:03:48 INFO  : Hardware design and registers information is loaded from '/home/kike/Desktop/marvin/marvin/pynq_z2_bram_wrapper/export/pynq_z2_bram_wrapper/hw/pynq_z2_bram_wrapper.xsa'.
15:03:48 INFO  : 'configparams force-mem-access 1' command is executed.
15:03:48 INFO  : Context for 'APU' is selected.
15:03:48 INFO  : Sourcing of '/home/kike/Desktop/marvin/marvin/marvin/_ide/psinit/ps7_init.tcl' is done.
15:03:48 INFO  : 'ps7_init' command is executed.
15:03:48 INFO  : 'ps7_post_config' command is executed.
15:03:48 INFO  : Context for processor 'ps7_cortexa9_0' is selected.
15:03:49 INFO  : The application '/home/kike/Desktop/marvin/marvin/marvin/Debug/marvin.elf' is downloaded to processor 'ps7_cortexa9_0'.
15:03:49 INFO  : 'configparams force-mem-access 0' command is executed.
15:03:49 INFO  : ----------------XSDB Script----------------
connect -url tcp:127.0.0.1:3121
targets -set -nocase -filter {name =~"APU*"}
rst -system
after 3000
targets -set -filter {jtag_cable_name =~ "Xilinx TUL 1234-tulA" && level==0 && jtag_device_ctx=="jsn-TUL-1234-tulA-23727093-0"}
fpga -file /home/kike/Desktop/marvin/marvin/marvin/_ide/bitstream/pynq_z2_bram_wrapper.bit
targets -set -nocase -filter {name =~"APU*"}
loadhw -hw /home/kike/Desktop/marvin/marvin/pynq_z2_bram_wrapper/export/pynq_z2_bram_wrapper/hw/pynq_z2_bram_wrapper.xsa -mem-ranges [list {0x40000000 0xbfffffff}] -regs
configparams force-mem-access 1
targets -set -nocase -filter {name =~"APU*"}
source /home/kike/Desktop/marvin/marvin/marvin/_ide/psinit/ps7_init.tcl
ps7_init
ps7_post_config
targets -set -nocase -filter {name =~ "*A9*#0"}
dow /home/kike/Desktop/marvin/marvin/marvin/Debug/marvin.elf
configparams force-mem-access 0
----------------End of Script----------------

15:03:49 INFO  : Context for processor 'ps7_cortexa9_0' is selected.
15:03:49 INFO  : 'con' command is executed.
15:03:49 INFO  : ----------------XSDB Script (After Launch)----------------
targets -set -nocase -filter {name =~ "*A9*#0"}
con
----------------End of Script----------------

15:03:49 INFO  : Launch script is exported to file '/home/kike/Desktop/marvin/marvin/marvin_system/_ide/scripts/debugger_marvin-default.tcl'
15:05:31 INFO  : Checking for BSP changes to sync application flags for project 'marvin'...
15:05:34 INFO  : Disconnected from the channel tcfchan#2.
15:05:35 INFO  : Connected to target on host '127.0.0.1' and port '3121'.
15:05:35 INFO  : Jtag cable 'Xilinx TUL 1234-tulA' is selected.
15:05:35 INFO  : 'jtag frequency' command is executed.
15:05:35 INFO  : Context for 'APU' is selected.
15:05:35 INFO  : System reset is completed.
15:05:38 INFO  : 'after 3000' command is executed.
15:05:38 INFO  : 'targets -set -filter {jtag_cable_name =~ "Xilinx TUL 1234-tulA" && level==0 && jtag_device_ctx=="jsn-TUL-1234-tulA-23727093-0"}' command is executed.
15:05:40 INFO  : Device configured successfully with "/home/kike/Desktop/marvin/marvin/marvin/_ide/bitstream/pynq_z2_bram_wrapper.bit"
15:05:40 INFO  : Context for 'APU' is selected.
15:05:41 INFO  : Hardware design and registers information is loaded from '/home/kike/Desktop/marvin/marvin/pynq_z2_bram_wrapper/export/pynq_z2_bram_wrapper/hw/pynq_z2_bram_wrapper.xsa'.
15:05:41 INFO  : 'configparams force-mem-access 1' command is executed.
15:05:41 INFO  : Context for 'APU' is selected.
15:05:41 INFO  : Sourcing of '/home/kike/Desktop/marvin/marvin/marvin/_ide/psinit/ps7_init.tcl' is done.
15:05:42 INFO  : 'ps7_init' command is executed.
15:05:42 INFO  : 'ps7_post_config' command is executed.
15:05:42 INFO  : Context for processor 'ps7_cortexa9_0' is selected.
15:05:42 INFO  : The application '/home/kike/Desktop/marvin/marvin/marvin/Debug/marvin.elf' is downloaded to processor 'ps7_cortexa9_0'.
15:05:42 INFO  : 'configparams force-mem-access 0' command is executed.
15:05:42 INFO  : ----------------XSDB Script----------------
connect -url tcp:127.0.0.1:3121
targets -set -nocase -filter {name =~"APU*"}
rst -system
after 3000
targets -set -filter {jtag_cable_name =~ "Xilinx TUL 1234-tulA" && level==0 && jtag_device_ctx=="jsn-TUL-1234-tulA-23727093-0"}
fpga -file /home/kike/Desktop/marvin/marvin/marvin/_ide/bitstream/pynq_z2_bram_wrapper.bit
targets -set -nocase -filter {name =~"APU*"}
loadhw -hw /home/kike/Desktop/marvin/marvin/pynq_z2_bram_wrapper/export/pynq_z2_bram_wrapper/hw/pynq_z2_bram_wrapper.xsa -mem-ranges [list {0x40000000 0xbfffffff}] -regs
configparams force-mem-access 1
targets -set -nocase -filter {name =~"APU*"}
source /home/kike/Desktop/marvin/marvin/marvin/_ide/psinit/ps7_init.tcl
ps7_init
ps7_post_config
targets -set -nocase -filter {name =~ "*A9*#0"}
dow /home/kike/Desktop/marvin/marvin/marvin/Debug/marvin.elf
configparams force-mem-access 0
----------------End of Script----------------

15:05:42 INFO  : Context for processor 'ps7_cortexa9_0' is selected.
15:05:42 INFO  : 'con' command is executed.
15:05:42 INFO  : ----------------XSDB Script (After Launch)----------------
targets -set -nocase -filter {name =~ "*A9*#0"}
con
----------------End of Script----------------

15:05:42 INFO  : Launch script is exported to file '/home/kike/Desktop/marvin/marvin/marvin_system/_ide/scripts/debugger_marvin-default.tcl'
15:11:42 INFO  : Checking for BSP changes to sync application flags for project 'marvin'...
15:11:45 INFO  : Disconnected from the channel tcfchan#3.
15:11:46 INFO  : Connected to target on host '127.0.0.1' and port '3121'.
15:11:46 INFO  : Jtag cable 'Xilinx TUL 1234-tulA' is selected.
15:11:46 INFO  : 'jtag frequency' command is executed.
15:11:47 INFO  : Context for 'APU' is selected.
15:11:47 INFO  : System reset is completed.
15:11:50 INFO  : 'after 3000' command is executed.
15:11:50 INFO  : 'targets -set -filter {jtag_cable_name =~ "Xilinx TUL 1234-tulA" && level==0 && jtag_device_ctx=="jsn-TUL-1234-tulA-23727093-0"}' command is executed.
15:11:52 INFO  : Device configured successfully with "/home/kike/Desktop/marvin/marvin/marvin/_ide/bitstream/pynq_z2_bram_wrapper.bit"
15:11:52 INFO  : Context for 'APU' is selected.
15:11:53 INFO  : Hardware design and registers information is loaded from '/home/kike/Desktop/marvin/marvin/pynq_z2_bram_wrapper/export/pynq_z2_bram_wrapper/hw/pynq_z2_bram_wrapper.xsa'.
15:11:53 INFO  : 'configparams force-mem-access 1' command is executed.
15:11:53 INFO  : Context for 'APU' is selected.
15:11:53 INFO  : Sourcing of '/home/kike/Desktop/marvin/marvin/marvin/_ide/psinit/ps7_init.tcl' is done.
15:11:53 INFO  : 'ps7_init' command is executed.
15:11:53 INFO  : 'ps7_post_config' command is executed.
15:11:53 INFO  : Context for processor 'ps7_cortexa9_0' is selected.
15:11:54 INFO  : The application '/home/kike/Desktop/marvin/marvin/marvin/Debug/marvin.elf' is downloaded to processor 'ps7_cortexa9_0'.
15:11:54 INFO  : 'configparams force-mem-access 0' command is executed.
15:11:54 INFO  : ----------------XSDB Script----------------
connect -url tcp:127.0.0.1:3121
targets -set -nocase -filter {name =~"APU*"}
rst -system
after 3000
targets -set -filter {jtag_cable_name =~ "Xilinx TUL 1234-tulA" && level==0 && jtag_device_ctx=="jsn-TUL-1234-tulA-23727093-0"}
fpga -file /home/kike/Desktop/marvin/marvin/marvin/_ide/bitstream/pynq_z2_bram_wrapper.bit
targets -set -nocase -filter {name =~"APU*"}
loadhw -hw /home/kike/Desktop/marvin/marvin/pynq_z2_bram_wrapper/export/pynq_z2_bram_wrapper/hw/pynq_z2_bram_wrapper.xsa -mem-ranges [list {0x40000000 0xbfffffff}] -regs
configparams force-mem-access 1
targets -set -nocase -filter {name =~"APU*"}
source /home/kike/Desktop/marvin/marvin/marvin/_ide/psinit/ps7_init.tcl
ps7_init
ps7_post_config
targets -set -nocase -filter {name =~ "*A9*#0"}
dow /home/kike/Desktop/marvin/marvin/marvin/Debug/marvin.elf
configparams force-mem-access 0
----------------End of Script----------------

15:11:54 INFO  : Context for processor 'ps7_cortexa9_0' is selected.
15:11:54 INFO  : 'con' command is executed.
15:11:54 INFO  : ----------------XSDB Script (After Launch)----------------
targets -set -nocase -filter {name =~ "*A9*#0"}
con
----------------End of Script----------------

15:11:54 INFO  : Launch script is exported to file '/home/kike/Desktop/marvin/marvin/marvin_system/_ide/scripts/debugger_marvin-default.tcl'
15:13:19 INFO  : Checking for BSP changes to sync application flags for project 'marvin'...
15:13:22 INFO  : Disconnected from the channel tcfchan#4.
15:13:23 INFO  : Connected to target on host '127.0.0.1' and port '3121'.
15:13:23 INFO  : Jtag cable 'Xilinx TUL 1234-tulA' is selected.
15:13:23 INFO  : 'jtag frequency' command is executed.
15:13:24 INFO  : Context for 'APU' is selected.
15:13:24 INFO  : System reset is completed.
15:13:27 INFO  : 'after 3000' command is executed.
15:13:27 INFO  : 'targets -set -filter {jtag_cable_name =~ "Xilinx TUL 1234-tulA" && level==0 && jtag_device_ctx=="jsn-TUL-1234-tulA-23727093-0"}' command is executed.
15:13:29 INFO  : Device configured successfully with "/home/kike/Desktop/marvin/marvin/marvin/_ide/bitstream/pynq_z2_bram_wrapper.bit"
15:13:29 INFO  : Context for 'APU' is selected.
15:13:30 INFO  : Hardware design and registers information is loaded from '/home/kike/Desktop/marvin/marvin/pynq_z2_bram_wrapper/export/pynq_z2_bram_wrapper/hw/pynq_z2_bram_wrapper.xsa'.
15:13:30 INFO  : 'configparams force-mem-access 1' command is executed.
15:13:30 INFO  : Context for 'APU' is selected.
15:13:30 INFO  : Sourcing of '/home/kike/Desktop/marvin/marvin/marvin/_ide/psinit/ps7_init.tcl' is done.
15:13:30 INFO  : 'ps7_init' command is executed.
15:13:30 INFO  : 'ps7_post_config' command is executed.
15:13:30 INFO  : Context for processor 'ps7_cortexa9_0' is selected.
15:13:31 INFO  : The application '/home/kike/Desktop/marvin/marvin/marvin/Debug/marvin.elf' is downloaded to processor 'ps7_cortexa9_0'.
15:13:31 INFO  : 'configparams force-mem-access 0' command is executed.
15:13:31 INFO  : ----------------XSDB Script----------------
connect -url tcp:127.0.0.1:3121
targets -set -nocase -filter {name =~"APU*"}
rst -system
after 3000
targets -set -filter {jtag_cable_name =~ "Xilinx TUL 1234-tulA" && level==0 && jtag_device_ctx=="jsn-TUL-1234-tulA-23727093-0"}
fpga -file /home/kike/Desktop/marvin/marvin/marvin/_ide/bitstream/pynq_z2_bram_wrapper.bit
targets -set -nocase -filter {name =~"APU*"}
loadhw -hw /home/kike/Desktop/marvin/marvin/pynq_z2_bram_wrapper/export/pynq_z2_bram_wrapper/hw/pynq_z2_bram_wrapper.xsa -mem-ranges [list {0x40000000 0xbfffffff}] -regs
configparams force-mem-access 1
targets -set -nocase -filter {name =~"APU*"}
source /home/kike/Desktop/marvin/marvin/marvin/_ide/psinit/ps7_init.tcl
ps7_init
ps7_post_config
targets -set -nocase -filter {name =~ "*A9*#0"}
dow /home/kike/Desktop/marvin/marvin/marvin/Debug/marvin.elf
configparams force-mem-access 0
----------------End of Script----------------

15:13:31 INFO  : Context for processor 'ps7_cortexa9_0' is selected.
15:13:31 INFO  : 'con' command is executed.
15:13:31 INFO  : ----------------XSDB Script (After Launch)----------------
targets -set -nocase -filter {name =~ "*A9*#0"}
con
----------------End of Script----------------

15:13:31 INFO  : Launch script is exported to file '/home/kike/Desktop/marvin/marvin/marvin_system/_ide/scripts/debugger_marvin-default.tcl'
15:14:13 INFO  : Checking for BSP changes to sync application flags for project 'marvin'...
15:14:16 INFO  : Disconnected from the channel tcfchan#5.
15:14:17 INFO  : Connected to target on host '127.0.0.1' and port '3121'.
15:14:18 INFO  : Jtag cable 'Xilinx TUL 1234-tulA' is selected.
15:14:18 INFO  : 'jtag frequency' command is executed.
15:14:18 INFO  : Context for 'APU' is selected.
15:14:18 INFO  : System reset is completed.
15:14:21 INFO  : 'after 3000' command is executed.
15:14:21 INFO  : 'targets -set -filter {jtag_cable_name =~ "Xilinx TUL 1234-tulA" && level==0 && jtag_device_ctx=="jsn-TUL-1234-tulA-23727093-0"}' command is executed.
15:14:23 INFO  : Device configured successfully with "/home/kike/Desktop/marvin/marvin/marvin/_ide/bitstream/pynq_z2_bram_wrapper.bit"
15:14:23 INFO  : Context for 'APU' is selected.
15:14:24 INFO  : Hardware design and registers information is loaded from '/home/kike/Desktop/marvin/marvin/pynq_z2_bram_wrapper/export/pynq_z2_bram_wrapper/hw/pynq_z2_bram_wrapper.xsa'.
15:14:24 INFO  : 'configparams force-mem-access 1' command is executed.
15:14:24 INFO  : Context for 'APU' is selected.
15:14:24 INFO  : Sourcing of '/home/kike/Desktop/marvin/marvin/marvin/_ide/psinit/ps7_init.tcl' is done.
15:14:25 INFO  : 'ps7_init' command is executed.
15:14:25 INFO  : 'ps7_post_config' command is executed.
15:14:25 INFO  : Context for processor 'ps7_cortexa9_0' is selected.
15:14:25 INFO  : The application '/home/kike/Desktop/marvin/marvin/marvin/Debug/marvin.elf' is downloaded to processor 'ps7_cortexa9_0'.
15:14:25 INFO  : 'configparams force-mem-access 0' command is executed.
15:14:25 INFO  : ----------------XSDB Script----------------
connect -url tcp:127.0.0.1:3121
targets -set -nocase -filter {name =~"APU*"}
rst -system
after 3000
targets -set -filter {jtag_cable_name =~ "Xilinx TUL 1234-tulA" && level==0 && jtag_device_ctx=="jsn-TUL-1234-tulA-23727093-0"}
fpga -file /home/kike/Desktop/marvin/marvin/marvin/_ide/bitstream/pynq_z2_bram_wrapper.bit
targets -set -nocase -filter {name =~"APU*"}
loadhw -hw /home/kike/Desktop/marvin/marvin/pynq_z2_bram_wrapper/export/pynq_z2_bram_wrapper/hw/pynq_z2_bram_wrapper.xsa -mem-ranges [list {0x40000000 0xbfffffff}] -regs
configparams force-mem-access 1
targets -set -nocase -filter {name =~"APU*"}
source /home/kike/Desktop/marvin/marvin/marvin/_ide/psinit/ps7_init.tcl
ps7_init
ps7_post_config
targets -set -nocase -filter {name =~ "*A9*#0"}
dow /home/kike/Desktop/marvin/marvin/marvin/Debug/marvin.elf
configparams force-mem-access 0
----------------End of Script----------------

15:14:25 INFO  : Context for processor 'ps7_cortexa9_0' is selected.
15:14:25 INFO  : 'con' command is executed.
15:14:25 INFO  : ----------------XSDB Script (After Launch)----------------
targets -set -nocase -filter {name =~ "*A9*#0"}
con
----------------End of Script----------------

15:14:25 INFO  : Launch script is exported to file '/home/kike/Desktop/marvin/marvin/marvin_system/_ide/scripts/debugger_marvin-default.tcl'
15:15:11 INFO  : Checking for BSP changes to sync application flags for project 'marvin'...
15:15:15 INFO  : Disconnected from the channel tcfchan#6.
15:15:16 INFO  : Connected to target on host '127.0.0.1' and port '3121'.
15:15:17 INFO  : Jtag cable 'Xilinx TUL 1234-tulA' is selected.
15:15:17 INFO  : 'jtag frequency' command is executed.
15:15:19 INFO  : Context for 'APU' is selected.
15:15:19 INFO  : System reset is completed.
15:15:22 INFO  : 'after 3000' command is executed.
15:15:22 INFO  : 'targets -set -filter {jtag_cable_name =~ "Xilinx TUL 1234-tulA" && level==0 && jtag_device_ctx=="jsn-TUL-1234-tulA-23727093-0"}' command is executed.
15:15:24 INFO  : Device configured successfully with "/home/kike/Desktop/marvin/marvin/marvin/_ide/bitstream/pynq_z2_bram_wrapper.bit"
15:15:24 INFO  : Context for 'APU' is selected.
15:15:25 INFO  : Hardware design and registers information is loaded from '/home/kike/Desktop/marvin/marvin/pynq_z2_bram_wrapper/export/pynq_z2_bram_wrapper/hw/pynq_z2_bram_wrapper.xsa'.
15:15:25 INFO  : 'configparams force-mem-access 1' command is executed.
15:15:25 INFO  : Context for 'APU' is selected.
15:15:25 INFO  : Sourcing of '/home/kike/Desktop/marvin/marvin/marvin/_ide/psinit/ps7_init.tcl' is done.
15:15:25 INFO  : 'ps7_init' command is executed.
15:15:25 INFO  : 'ps7_post_config' command is executed.
15:15:25 INFO  : Context for processor 'ps7_cortexa9_0' is selected.
15:15:26 INFO  : The application '/home/kike/Desktop/marvin/marvin/marvin/Debug/marvin.elf' is downloaded to processor 'ps7_cortexa9_0'.
15:15:26 INFO  : 'configparams force-mem-access 0' command is executed.
15:15:26 INFO  : ----------------XSDB Script----------------
connect -url tcp:127.0.0.1:3121
targets -set -nocase -filter {name =~"APU*"}
rst -system
after 3000
targets -set -filter {jtag_cable_name =~ "Xilinx TUL 1234-tulA" && level==0 && jtag_device_ctx=="jsn-TUL-1234-tulA-23727093-0"}
fpga -file /home/kike/Desktop/marvin/marvin/marvin/_ide/bitstream/pynq_z2_bram_wrapper.bit
targets -set -nocase -filter {name =~"APU*"}
loadhw -hw /home/kike/Desktop/marvin/marvin/pynq_z2_bram_wrapper/export/pynq_z2_bram_wrapper/hw/pynq_z2_bram_wrapper.xsa -mem-ranges [list {0x40000000 0xbfffffff}] -regs
configparams force-mem-access 1
targets -set -nocase -filter {name =~"APU*"}
source /home/kike/Desktop/marvin/marvin/marvin/_ide/psinit/ps7_init.tcl
ps7_init
ps7_post_config
targets -set -nocase -filter {name =~ "*A9*#0"}
dow /home/kike/Desktop/marvin/marvin/marvin/Debug/marvin.elf
configparams force-mem-access 0
----------------End of Script----------------

15:15:26 INFO  : Context for processor 'ps7_cortexa9_0' is selected.
15:15:26 INFO  : 'con' command is executed.
15:15:26 INFO  : ----------------XSDB Script (After Launch)----------------
targets -set -nocase -filter {name =~ "*A9*#0"}
con
----------------End of Script----------------

15:15:26 INFO  : Launch script is exported to file '/home/kike/Desktop/marvin/marvin/marvin_system/_ide/scripts/debugger_marvin-default.tcl'
15:22:09 INFO  : Checking for BSP changes to sync application flags for project 'marvin'...
15:22:38 INFO  : Checking for BSP changes to sync application flags for project 'marvin'...
15:33:42 INFO  : Checking for BSP changes to sync application flags for project 'marvin'...
15:34:12 INFO  : Checking for BSP changes to sync application flags for project 'marvin'...
15:34:26 INFO  : Checking for BSP changes to sync application flags for project 'marvin'...
15:34:29 INFO  : Disconnected from the channel tcfchan#7.
15:34:30 INFO  : Connected to target on host '127.0.0.1' and port '3121'.
15:34:30 INFO  : Jtag cable 'Xilinx TUL 1234-tulA' is selected.
15:34:30 INFO  : 'jtag frequency' command is executed.
15:34:31 INFO  : Context for 'APU' is selected.
15:34:31 INFO  : System reset is completed.
15:34:34 INFO  : 'after 3000' command is executed.
15:34:34 INFO  : 'targets -set -filter {jtag_cable_name =~ "Xilinx TUL 1234-tulA" && level==0 && jtag_device_ctx=="jsn-TUL-1234-tulA-23727093-0"}' command is executed.
15:34:36 INFO  : Device configured successfully with "/home/kike/Desktop/marvin/marvin/marvin/_ide/bitstream/pynq_z2_bram_wrapper.bit"
15:34:36 INFO  : Context for 'APU' is selected.
15:34:37 INFO  : Hardware design and registers information is loaded from '/home/kike/Desktop/marvin/marvin/pynq_z2_bram_wrapper/export/pynq_z2_bram_wrapper/hw/pynq_z2_bram_wrapper.xsa'.
15:34:37 INFO  : 'configparams force-mem-access 1' command is executed.
15:34:37 INFO  : Context for 'APU' is selected.
15:34:38 INFO  : Sourcing of '/home/kike/Desktop/marvin/marvin/marvin/_ide/psinit/ps7_init.tcl' is done.
15:34:38 INFO  : 'ps7_init' command is executed.
15:34:38 INFO  : 'ps7_post_config' command is executed.
15:34:38 INFO  : Context for processor 'ps7_cortexa9_0' is selected.
15:34:38 INFO  : The application '/home/kike/Desktop/marvin/marvin/marvin/Debug/marvin.elf' is downloaded to processor 'ps7_cortexa9_0'.
15:34:38 INFO  : 'configparams force-mem-access 0' command is executed.
15:34:38 INFO  : ----------------XSDB Script----------------
connect -url tcp:127.0.0.1:3121
targets -set -nocase -filter {name =~"APU*"}
rst -system
after 3000
targets -set -filter {jtag_cable_name =~ "Xilinx TUL 1234-tulA" && level==0 && jtag_device_ctx=="jsn-TUL-1234-tulA-23727093-0"}
fpga -file /home/kike/Desktop/marvin/marvin/marvin/_ide/bitstream/pynq_z2_bram_wrapper.bit
targets -set -nocase -filter {name =~"APU*"}
loadhw -hw /home/kike/Desktop/marvin/marvin/pynq_z2_bram_wrapper/export/pynq_z2_bram_wrapper/hw/pynq_z2_bram_wrapper.xsa -mem-ranges [list {0x40000000 0xbfffffff}] -regs
configparams force-mem-access 1
targets -set -nocase -filter {name =~"APU*"}
source /home/kike/Desktop/marvin/marvin/marvin/_ide/psinit/ps7_init.tcl
ps7_init
ps7_post_config
targets -set -nocase -filter {name =~ "*A9*#0"}
dow /home/kike/Desktop/marvin/marvin/marvin/Debug/marvin.elf
configparams force-mem-access 0
----------------End of Script----------------

15:34:38 INFO  : Context for processor 'ps7_cortexa9_0' is selected.
15:34:38 INFO  : 'con' command is executed.
15:34:38 INFO  : ----------------XSDB Script (After Launch)----------------
targets -set -nocase -filter {name =~ "*A9*#0"}
con
----------------End of Script----------------

15:34:38 INFO  : Launch script is exported to file '/home/kike/Desktop/marvin/marvin/marvin_system/_ide/scripts/debugger_marvin-default.tcl'
15:36:27 ERROR : (XSDB Server)invalid command name "com"

15:36:36 ERROR : (XSDB Server)Already running

15:36:49 ERROR : (XSDB Server)Already running

15:36:51 ERROR : (XSDB Server)Already running

15:36:53 ERROR : (XSDB Server)Already running

15:36:55 ERROR : (XSDB Server)Already running

15:36:56 ERROR : (XSDB Server)Already running

15:36:56 ERROR : (XSDB Server)Already running

15:36:57 ERROR : (XSDB Server)Already running

15:36:58 ERROR : (XSDB Server)Already running

15:37:08 ERROR : (XSDB Server)Already running

15:37:24 ERROR : (XSDB Server)Already running

15:37:58 INFO  : Checking for BSP changes to sync application flags for project 'marvin'...
15:38:09 INFO  : Checking for BSP changes to sync application flags for project 'marvin'...
15:38:28 INFO  : Checking for BSP changes to sync application flags for project 'marvin'...
15:49:59 INFO  : Checking for BSP changes to sync application flags for project 'marvin'...
15:50:30 INFO  : Checking for BSP changes to sync application flags for project 'marvin'...
15:50:42 INFO  : Checking for BSP changes to sync application flags for project 'marvin'...
15:52:07 INFO  : Checking for BSP changes to sync application flags for project 'marvin'...
15:54:22 INFO  : Checking for BSP changes to sync application flags for project 'marvin'...
15:54:36 INFO  : Checking for BSP changes to sync application flags for project 'marvin'...
15:54:45 INFO  : Checking for BSP changes to sync application flags for project 'marvin'...
15:54:53 INFO  : Checking for BSP changes to sync application flags for project 'marvin'...
16:05:58 INFO  : Checking for BSP changes to sync application flags for project 'marvin'...
16:06:09 INFO  : Disconnected from the channel tcfchan#8.
16:06:10 INFO  : Connected to target on host '127.0.0.1' and port '3121'.
16:06:10 INFO  : Jtag cable 'Xilinx TUL 1234-tulA' is selected.
16:06:10 INFO  : 'jtag frequency' command is executed.
16:06:12 INFO  : Context for 'APU' is selected.
16:06:13 INFO  : System reset is completed.
16:06:16 INFO  : 'after 3000' command is executed.
16:06:16 INFO  : 'targets -set -filter {jtag_cable_name =~ "Xilinx TUL 1234-tulA" && level==0 && jtag_device_ctx=="jsn-TUL-1234-tulA-23727093-0"}' command is executed.
16:06:18 INFO  : Device configured successfully with "/home/kike/Desktop/marvin/marvin/marvin/_ide/bitstream/pynq_z2_bram_wrapper.bit"
16:06:18 INFO  : Context for 'APU' is selected.
16:06:19 INFO  : Hardware design and registers information is loaded from '/home/kike/Desktop/marvin/marvin/pynq_z2_bram_wrapper/export/pynq_z2_bram_wrapper/hw/pynq_z2_bram_wrapper.xsa'.
16:06:19 INFO  : 'configparams force-mem-access 1' command is executed.
16:06:19 INFO  : Context for 'APU' is selected.
16:06:19 INFO  : Sourcing of '/home/kike/Desktop/marvin/marvin/marvin/_ide/psinit/ps7_init.tcl' is done.
16:06:19 INFO  : 'ps7_init' command is executed.
16:06:19 INFO  : 'ps7_post_config' command is executed.
16:06:19 INFO  : Context for processor 'ps7_cortexa9_0' is selected.
16:06:19 INFO  : The application '/home/kike/Desktop/marvin/marvin/marvin/Debug/marvin.elf' is downloaded to processor 'ps7_cortexa9_0'.
16:06:19 INFO  : 'configparams force-mem-access 0' command is executed.
16:06:19 INFO  : ----------------XSDB Script----------------
connect -url tcp:127.0.0.1:3121
targets -set -nocase -filter {name =~"APU*"}
rst -system
after 3000
targets -set -filter {jtag_cable_name =~ "Xilinx TUL 1234-tulA" && level==0 && jtag_device_ctx=="jsn-TUL-1234-tulA-23727093-0"}
fpga -file /home/kike/Desktop/marvin/marvin/marvin/_ide/bitstream/pynq_z2_bram_wrapper.bit
targets -set -nocase -filter {name =~"APU*"}
loadhw -hw /home/kike/Desktop/marvin/marvin/pynq_z2_bram_wrapper/export/pynq_z2_bram_wrapper/hw/pynq_z2_bram_wrapper.xsa -mem-ranges [list {0x40000000 0xbfffffff}] -regs
configparams force-mem-access 1
targets -set -nocase -filter {name =~"APU*"}
source /home/kike/Desktop/marvin/marvin/marvin/_ide/psinit/ps7_init.tcl
ps7_init
ps7_post_config
targets -set -nocase -filter {name =~ "*A9*#0"}
dow /home/kike/Desktop/marvin/marvin/marvin/Debug/marvin.elf
configparams force-mem-access 0
----------------End of Script----------------

16:06:20 INFO  : Context for processor 'ps7_cortexa9_0' is selected.
16:06:20 INFO  : 'con' command is executed.
16:06:20 INFO  : ----------------XSDB Script (After Launch)----------------
targets -set -nocase -filter {name =~ "*A9*#0"}
con
----------------End of Script----------------

16:06:20 INFO  : Launch script is exported to file '/home/kike/Desktop/marvin/marvin/marvin_system/_ide/scripts/debugger_marvin-default.tcl'
16:07:50 ERROR : (XSDB Server)Already running

16:09:19 INFO  : Checking for BSP changes to sync application flags for project 'marvin'...
16:09:25 INFO  : Disconnected from the channel tcfchan#9.
16:09:26 INFO  : Connected to target on host '127.0.0.1' and port '3121'.
16:09:26 INFO  : Jtag cable 'Xilinx TUL 1234-tulA' is selected.
16:09:26 INFO  : 'jtag frequency' command is executed.
16:09:27 INFO  : Context for 'APU' is selected.
16:09:27 INFO  : System reset is completed.
16:09:30 INFO  : 'after 3000' command is executed.
16:09:30 INFO  : 'targets -set -filter {jtag_cable_name =~ "Xilinx TUL 1234-tulA" && level==0 && jtag_device_ctx=="jsn-TUL-1234-tulA-23727093-0"}' command is executed.
16:09:32 INFO  : Device configured successfully with "/home/kike/Desktop/marvin/marvin/marvin/_ide/bitstream/pynq_z2_bram_wrapper.bit"
16:09:32 INFO  : Context for 'APU' is selected.
16:09:33 INFO  : Hardware design and registers information is loaded from '/home/kike/Desktop/marvin/marvin/pynq_z2_bram_wrapper/export/pynq_z2_bram_wrapper/hw/pynq_z2_bram_wrapper.xsa'.
16:09:33 INFO  : 'configparams force-mem-access 1' command is executed.
16:09:33 INFO  : Context for 'APU' is selected.
16:09:33 INFO  : Sourcing of '/home/kike/Desktop/marvin/marvin/marvin/_ide/psinit/ps7_init.tcl' is done.
16:09:33 INFO  : 'ps7_init' command is executed.
16:09:33 INFO  : 'ps7_post_config' command is executed.
16:09:33 INFO  : Context for processor 'ps7_cortexa9_0' is selected.
16:09:34 INFO  : The application '/home/kike/Desktop/marvin/marvin/marvin/Debug/marvin.elf' is downloaded to processor 'ps7_cortexa9_0'.
16:09:34 INFO  : 'configparams force-mem-access 0' command is executed.
16:09:34 INFO  : ----------------XSDB Script----------------
connect -url tcp:127.0.0.1:3121
targets -set -nocase -filter {name =~"APU*"}
rst -system
after 3000
targets -set -filter {jtag_cable_name =~ "Xilinx TUL 1234-tulA" && level==0 && jtag_device_ctx=="jsn-TUL-1234-tulA-23727093-0"}
fpga -file /home/kike/Desktop/marvin/marvin/marvin/_ide/bitstream/pynq_z2_bram_wrapper.bit
targets -set -nocase -filter {name =~"APU*"}
loadhw -hw /home/kike/Desktop/marvin/marvin/pynq_z2_bram_wrapper/export/pynq_z2_bram_wrapper/hw/pynq_z2_bram_wrapper.xsa -mem-ranges [list {0x40000000 0xbfffffff}] -regs
configparams force-mem-access 1
targets -set -nocase -filter {name =~"APU*"}
source /home/kike/Desktop/marvin/marvin/marvin/_ide/psinit/ps7_init.tcl
ps7_init
ps7_post_config
targets -set -nocase -filter {name =~ "*A9*#0"}
dow /home/kike/Desktop/marvin/marvin/marvin/Debug/marvin.elf
configparams force-mem-access 0
----------------End of Script----------------

16:09:34 INFO  : Context for processor 'ps7_cortexa9_0' is selected.
16:09:34 INFO  : 'con' command is executed.
16:09:34 INFO  : ----------------XSDB Script (After Launch)----------------
targets -set -nocase -filter {name =~ "*A9*#0"}
con
----------------End of Script----------------

16:09:34 INFO  : Launch script is exported to file '/home/kike/Desktop/marvin/marvin/marvin_system/_ide/scripts/debugger_marvin-default.tcl'
16:11:13 INFO  : Checking for BSP changes to sync application flags for project 'marvin'...
16:11:18 INFO  : Disconnected from the channel tcfchan#10.
16:11:19 INFO  : Connected to target on host '127.0.0.1' and port '3121'.
16:11:19 INFO  : Jtag cable 'Xilinx TUL 1234-tulA' is selected.
16:11:19 INFO  : 'jtag frequency' command is executed.
16:11:21 INFO  : Context for 'APU' is selected.
16:11:22 INFO  : System reset is completed.
16:11:25 INFO  : 'after 3000' command is executed.
16:11:25 INFO  : 'targets -set -filter {jtag_cable_name =~ "Xilinx TUL 1234-tulA" && level==0 && jtag_device_ctx=="jsn-TUL-1234-tulA-23727093-0"}' command is executed.
16:11:27 INFO  : Device configured successfully with "/home/kike/Desktop/marvin/marvin/marvin/_ide/bitstream/pynq_z2_bram_wrapper.bit"
16:11:27 INFO  : Context for 'APU' is selected.
16:11:28 INFO  : Hardware design and registers information is loaded from '/home/kike/Desktop/marvin/marvin/pynq_z2_bram_wrapper/export/pynq_z2_bram_wrapper/hw/pynq_z2_bram_wrapper.xsa'.
16:11:28 INFO  : 'configparams force-mem-access 1' command is executed.
16:11:28 INFO  : Context for 'APU' is selected.
16:11:28 INFO  : Sourcing of '/home/kike/Desktop/marvin/marvin/marvin/_ide/psinit/ps7_init.tcl' is done.
16:11:28 INFO  : 'ps7_init' command is executed.
16:11:28 INFO  : 'ps7_post_config' command is executed.
16:11:28 INFO  : Context for processor 'ps7_cortexa9_0' is selected.
16:11:28 INFO  : The application '/home/kike/Desktop/marvin/marvin/marvin/Debug/marvin.elf' is downloaded to processor 'ps7_cortexa9_0'.
16:11:29 INFO  : 'configparams force-mem-access 0' command is executed.
16:11:29 INFO  : ----------------XSDB Script----------------
connect -url tcp:127.0.0.1:3121
targets -set -nocase -filter {name =~"APU*"}
rst -system
after 3000
targets -set -filter {jtag_cable_name =~ "Xilinx TUL 1234-tulA" && level==0 && jtag_device_ctx=="jsn-TUL-1234-tulA-23727093-0"}
fpga -file /home/kike/Desktop/marvin/marvin/marvin/_ide/bitstream/pynq_z2_bram_wrapper.bit
targets -set -nocase -filter {name =~"APU*"}
loadhw -hw /home/kike/Desktop/marvin/marvin/pynq_z2_bram_wrapper/export/pynq_z2_bram_wrapper/hw/pynq_z2_bram_wrapper.xsa -mem-ranges [list {0x40000000 0xbfffffff}] -regs
configparams force-mem-access 1
targets -set -nocase -filter {name =~"APU*"}
source /home/kike/Desktop/marvin/marvin/marvin/_ide/psinit/ps7_init.tcl
ps7_init
ps7_post_config
targets -set -nocase -filter {name =~ "*A9*#0"}
dow /home/kike/Desktop/marvin/marvin/marvin/Debug/marvin.elf
configparams force-mem-access 0
----------------End of Script----------------

16:11:29 INFO  : Context for processor 'ps7_cortexa9_0' is selected.
16:11:29 INFO  : 'con' command is executed.
16:11:29 INFO  : ----------------XSDB Script (After Launch)----------------
targets -set -nocase -filter {name =~ "*A9*#0"}
con
----------------End of Script----------------

16:11:29 INFO  : Launch script is exported to file '/home/kike/Desktop/marvin/marvin/marvin_system/_ide/scripts/debugger_marvin-default.tcl'
16:12:01 INFO  : Checking for BSP changes to sync application flags for project 'marvin'...
16:12:03 INFO  : Disconnected from the channel tcfchan#11.
16:12:04 INFO  : Connected to target on host '127.0.0.1' and port '3121'.
16:12:05 INFO  : Jtag cable 'Xilinx TUL 1234-tulA' is selected.
16:12:05 INFO  : 'jtag frequency' command is executed.
16:12:05 INFO  : Context for 'APU' is selected.
16:12:06 INFO  : System reset is completed.
16:12:09 INFO  : 'after 3000' command is executed.
16:12:09 INFO  : 'targets -set -filter {jtag_cable_name =~ "Xilinx TUL 1234-tulA" && level==0 && jtag_device_ctx=="jsn-TUL-1234-tulA-23727093-0"}' command is executed.
16:12:11 INFO  : Device configured successfully with "/home/kike/Desktop/marvin/marvin/marvin/_ide/bitstream/pynq_z2_bram_wrapper.bit"
16:12:11 INFO  : Context for 'APU' is selected.
16:12:12 INFO  : Hardware design and registers information is loaded from '/home/kike/Desktop/marvin/marvin/pynq_z2_bram_wrapper/export/pynq_z2_bram_wrapper/hw/pynq_z2_bram_wrapper.xsa'.
16:12:12 INFO  : 'configparams force-mem-access 1' command is executed.
16:12:12 INFO  : Context for 'APU' is selected.
16:12:12 INFO  : Sourcing of '/home/kike/Desktop/marvin/marvin/marvin/_ide/psinit/ps7_init.tcl' is done.
16:12:12 INFO  : 'ps7_init' command is executed.
16:12:12 INFO  : 'ps7_post_config' command is executed.
16:12:12 INFO  : Context for processor 'ps7_cortexa9_0' is selected.
16:12:13 INFO  : The application '/home/kike/Desktop/marvin/marvin/marvin/Debug/marvin.elf' is downloaded to processor 'ps7_cortexa9_0'.
16:12:13 INFO  : 'configparams force-mem-access 0' command is executed.
16:12:13 INFO  : ----------------XSDB Script----------------
connect -url tcp:127.0.0.1:3121
targets -set -nocase -filter {name =~"APU*"}
rst -system
after 3000
targets -set -filter {jtag_cable_name =~ "Xilinx TUL 1234-tulA" && level==0 && jtag_device_ctx=="jsn-TUL-1234-tulA-23727093-0"}
fpga -file /home/kike/Desktop/marvin/marvin/marvin/_ide/bitstream/pynq_z2_bram_wrapper.bit
targets -set -nocase -filter {name =~"APU*"}
loadhw -hw /home/kike/Desktop/marvin/marvin/pynq_z2_bram_wrapper/export/pynq_z2_bram_wrapper/hw/pynq_z2_bram_wrapper.xsa -mem-ranges [list {0x40000000 0xbfffffff}] -regs
configparams force-mem-access 1
targets -set -nocase -filter {name =~"APU*"}
source /home/kike/Desktop/marvin/marvin/marvin/_ide/psinit/ps7_init.tcl
ps7_init
ps7_post_config
targets -set -nocase -filter {name =~ "*A9*#0"}
dow /home/kike/Desktop/marvin/marvin/marvin/Debug/marvin.elf
configparams force-mem-access 0
----------------End of Script----------------

16:12:13 INFO  : Context for processor 'ps7_cortexa9_0' is selected.
16:12:13 INFO  : 'con' command is executed.
16:12:13 INFO  : ----------------XSDB Script (After Launch)----------------
targets -set -nocase -filter {name =~ "*A9*#0"}
con
----------------End of Script----------------

16:12:13 INFO  : Launch script is exported to file '/home/kike/Desktop/marvin/marvin/marvin_system/_ide/scripts/debugger_marvin-default.tcl'
16:12:41 INFO  : Checking for BSP changes to sync application flags for project 'marvin'...
16:12:52 INFO  : Checking for BSP changes to sync application flags for project 'marvin'...
16:12:56 INFO  : Disconnected from the channel tcfchan#12.
16:12:57 INFO  : Connected to target on host '127.0.0.1' and port '3121'.
16:12:57 INFO  : Jtag cable 'Xilinx TUL 1234-tulA' is selected.
16:12:57 INFO  : 'jtag frequency' command is executed.
16:12:57 INFO  : Context for 'APU' is selected.
16:12:57 INFO  : System reset is completed.
16:13:00 INFO  : 'after 3000' command is executed.
16:13:00 INFO  : 'targets -set -filter {jtag_cable_name =~ "Xilinx TUL 1234-tulA" && level==0 && jtag_device_ctx=="jsn-TUL-1234-tulA-23727093-0"}' command is executed.
16:13:02 INFO  : Device configured successfully with "/home/kike/Desktop/marvin/marvin/marvin/_ide/bitstream/pynq_z2_bram_wrapper.bit"
16:13:02 INFO  : Context for 'APU' is selected.
16:13:04 INFO  : Hardware design and registers information is loaded from '/home/kike/Desktop/marvin/marvin/pynq_z2_bram_wrapper/export/pynq_z2_bram_wrapper/hw/pynq_z2_bram_wrapper.xsa'.
16:13:04 INFO  : 'configparams force-mem-access 1' command is executed.
16:13:04 INFO  : Context for 'APU' is selected.
16:13:04 INFO  : Sourcing of '/home/kike/Desktop/marvin/marvin/marvin/_ide/psinit/ps7_init.tcl' is done.
16:13:04 INFO  : 'ps7_init' command is executed.
16:13:04 INFO  : 'ps7_post_config' command is executed.
16:13:04 INFO  : Context for processor 'ps7_cortexa9_0' is selected.
16:13:04 INFO  : The application '/home/kike/Desktop/marvin/marvin/marvin/Debug/marvin.elf' is downloaded to processor 'ps7_cortexa9_0'.
16:13:04 INFO  : 'configparams force-mem-access 0' command is executed.
16:13:04 INFO  : ----------------XSDB Script----------------
connect -url tcp:127.0.0.1:3121
targets -set -nocase -filter {name =~"APU*"}
rst -system
after 3000
targets -set -filter {jtag_cable_name =~ "Xilinx TUL 1234-tulA" && level==0 && jtag_device_ctx=="jsn-TUL-1234-tulA-23727093-0"}
fpga -file /home/kike/Desktop/marvin/marvin/marvin/_ide/bitstream/pynq_z2_bram_wrapper.bit
targets -set -nocase -filter {name =~"APU*"}
loadhw -hw /home/kike/Desktop/marvin/marvin/pynq_z2_bram_wrapper/export/pynq_z2_bram_wrapper/hw/pynq_z2_bram_wrapper.xsa -mem-ranges [list {0x40000000 0xbfffffff}] -regs
configparams force-mem-access 1
targets -set -nocase -filter {name =~"APU*"}
source /home/kike/Desktop/marvin/marvin/marvin/_ide/psinit/ps7_init.tcl
ps7_init
ps7_post_config
targets -set -nocase -filter {name =~ "*A9*#0"}
dow /home/kike/Desktop/marvin/marvin/marvin/Debug/marvin.elf
configparams force-mem-access 0
----------------End of Script----------------

16:13:04 INFO  : Context for processor 'ps7_cortexa9_0' is selected.
16:13:04 INFO  : 'con' command is executed.
16:13:04 INFO  : ----------------XSDB Script (After Launch)----------------
targets -set -nocase -filter {name =~ "*A9*#0"}
con
----------------End of Script----------------

16:13:04 INFO  : Launch script is exported to file '/home/kike/Desktop/marvin/marvin/marvin_system/_ide/scripts/debugger_marvin-default.tcl'
16:14:05 INFO  : Checking for BSP changes to sync application flags for project 'marvin'...
16:14:11 INFO  : Checking for BSP changes to sync application flags for project 'marvin'...
16:14:25 INFO  : Checking for BSP changes to sync application flags for project 'marvin'...
16:14:27 INFO  : Disconnected from the channel tcfchan#13.
16:14:28 INFO  : Connected to target on host '127.0.0.1' and port '3121'.
16:14:28 INFO  : Jtag cable 'Xilinx TUL 1234-tulA' is selected.
16:14:28 INFO  : 'jtag frequency' command is executed.
16:14:30 INFO  : Context for 'APU' is selected.
16:14:31 INFO  : System reset is completed.
16:14:34 INFO  : 'after 3000' command is executed.
16:14:34 INFO  : 'targets -set -filter {jtag_cable_name =~ "Xilinx TUL 1234-tulA" && level==0 && jtag_device_ctx=="jsn-TUL-1234-tulA-23727093-0"}' command is executed.
16:14:36 INFO  : Device configured successfully with "/home/kike/Desktop/marvin/marvin/marvin/_ide/bitstream/pynq_z2_bram_wrapper.bit"
16:14:36 INFO  : Context for 'APU' is selected.
16:14:37 INFO  : Hardware design and registers information is loaded from '/home/kike/Desktop/marvin/marvin/pynq_z2_bram_wrapper/export/pynq_z2_bram_wrapper/hw/pynq_z2_bram_wrapper.xsa'.
16:14:37 INFO  : 'configparams force-mem-access 1' command is executed.
16:14:37 INFO  : Context for 'APU' is selected.
16:14:37 INFO  : Sourcing of '/home/kike/Desktop/marvin/marvin/marvin/_ide/psinit/ps7_init.tcl' is done.
16:14:37 INFO  : 'ps7_init' command is executed.
16:14:37 INFO  : 'ps7_post_config' command is executed.
16:14:37 INFO  : Context for processor 'ps7_cortexa9_0' is selected.
16:14:38 INFO  : The application '/home/kike/Desktop/marvin/marvin/marvin/Debug/marvin.elf' is downloaded to processor 'ps7_cortexa9_0'.
16:14:38 INFO  : 'configparams force-mem-access 0' command is executed.
16:14:38 INFO  : ----------------XSDB Script----------------
connect -url tcp:127.0.0.1:3121
targets -set -nocase -filter {name =~"APU*"}
rst -system
after 3000
targets -set -filter {jtag_cable_name =~ "Xilinx TUL 1234-tulA" && level==0 && jtag_device_ctx=="jsn-TUL-1234-tulA-23727093-0"}
fpga -file /home/kike/Desktop/marvin/marvin/marvin/_ide/bitstream/pynq_z2_bram_wrapper.bit
targets -set -nocase -filter {name =~"APU*"}
loadhw -hw /home/kike/Desktop/marvin/marvin/pynq_z2_bram_wrapper/export/pynq_z2_bram_wrapper/hw/pynq_z2_bram_wrapper.xsa -mem-ranges [list {0x40000000 0xbfffffff}] -regs
configparams force-mem-access 1
targets -set -nocase -filter {name =~"APU*"}
source /home/kike/Desktop/marvin/marvin/marvin/_ide/psinit/ps7_init.tcl
ps7_init
ps7_post_config
targets -set -nocase -filter {name =~ "*A9*#0"}
dow /home/kike/Desktop/marvin/marvin/marvin/Debug/marvin.elf
configparams force-mem-access 0
----------------End of Script----------------

16:14:38 INFO  : Context for processor 'ps7_cortexa9_0' is selected.
16:14:38 INFO  : 'con' command is executed.
16:14:38 INFO  : ----------------XSDB Script (After Launch)----------------
targets -set -nocase -filter {name =~ "*A9*#0"}
con
----------------End of Script----------------

16:14:38 INFO  : Launch script is exported to file '/home/kike/Desktop/marvin/marvin/marvin_system/_ide/scripts/debugger_marvin-default.tcl'
16:15:52 INFO  : Checking for BSP changes to sync application flags for project 'marvin'...
16:15:55 INFO  : Disconnected from the channel tcfchan#14.
16:15:56 INFO  : Connected to target on host '127.0.0.1' and port '3121'.
16:15:56 INFO  : Jtag cable 'Xilinx TUL 1234-tulA' is selected.
16:15:56 INFO  : 'jtag frequency' command is executed.
16:15:56 INFO  : Context for 'APU' is selected.
16:15:56 INFO  : System reset is completed.
16:15:59 INFO  : 'after 3000' command is executed.
16:15:59 INFO  : 'targets -set -filter {jtag_cable_name =~ "Xilinx TUL 1234-tulA" && level==0 && jtag_device_ctx=="jsn-TUL-1234-tulA-23727093-0"}' command is executed.
16:16:01 INFO  : Device configured successfully with "/home/kike/Desktop/marvin/marvin/marvin/_ide/bitstream/pynq_z2_bram_wrapper.bit"
16:16:02 INFO  : Context for 'APU' is selected.
16:16:03 INFO  : Hardware design and registers information is loaded from '/home/kike/Desktop/marvin/marvin/pynq_z2_bram_wrapper/export/pynq_z2_bram_wrapper/hw/pynq_z2_bram_wrapper.xsa'.
16:16:03 INFO  : 'configparams force-mem-access 1' command is executed.
16:16:03 INFO  : Context for 'APU' is selected.
16:16:03 INFO  : Sourcing of '/home/kike/Desktop/marvin/marvin/marvin/_ide/psinit/ps7_init.tcl' is done.
16:16:03 INFO  : 'ps7_init' command is executed.
16:16:03 INFO  : 'ps7_post_config' command is executed.
16:16:03 INFO  : Context for processor 'ps7_cortexa9_0' is selected.
16:16:03 INFO  : The application '/home/kike/Desktop/marvin/marvin/marvin/Debug/marvin.elf' is downloaded to processor 'ps7_cortexa9_0'.
16:16:03 INFO  : 'configparams force-mem-access 0' command is executed.
16:16:03 INFO  : ----------------XSDB Script----------------
connect -url tcp:127.0.0.1:3121
targets -set -nocase -filter {name =~"APU*"}
rst -system
after 3000
targets -set -filter {jtag_cable_name =~ "Xilinx TUL 1234-tulA" && level==0 && jtag_device_ctx=="jsn-TUL-1234-tulA-23727093-0"}
fpga -file /home/kike/Desktop/marvin/marvin/marvin/_ide/bitstream/pynq_z2_bram_wrapper.bit
targets -set -nocase -filter {name =~"APU*"}
loadhw -hw /home/kike/Desktop/marvin/marvin/pynq_z2_bram_wrapper/export/pynq_z2_bram_wrapper/hw/pynq_z2_bram_wrapper.xsa -mem-ranges [list {0x40000000 0xbfffffff}] -regs
configparams force-mem-access 1
targets -set -nocase -filter {name =~"APU*"}
source /home/kike/Desktop/marvin/marvin/marvin/_ide/psinit/ps7_init.tcl
ps7_init
ps7_post_config
targets -set -nocase -filter {name =~ "*A9*#0"}
dow /home/kike/Desktop/marvin/marvin/marvin/Debug/marvin.elf
configparams force-mem-access 0
----------------End of Script----------------

16:16:03 INFO  : Context for processor 'ps7_cortexa9_0' is selected.
16:16:03 INFO  : 'con' command is executed.
16:16:03 INFO  : ----------------XSDB Script (After Launch)----------------
targets -set -nocase -filter {name =~ "*A9*#0"}
con
----------------End of Script----------------

16:16:03 INFO  : Launch script is exported to file '/home/kike/Desktop/marvin/marvin/marvin_system/_ide/scripts/debugger_marvin-default.tcl'
16:16:40 INFO  : Checking for BSP changes to sync application flags for project 'marvin'...
16:16:44 INFO  : Disconnected from the channel tcfchan#15.
16:16:45 INFO  : Connected to target on host '127.0.0.1' and port '3121'.
16:16:45 INFO  : Jtag cable 'Xilinx TUL 1234-tulA' is selected.
16:16:45 INFO  : 'jtag frequency' command is executed.
16:16:45 INFO  : Context for 'APU' is selected.
16:16:45 INFO  : System reset is completed.
16:16:48 INFO  : 'after 3000' command is executed.
16:16:48 INFO  : 'targets -set -filter {jtag_cable_name =~ "Xilinx TUL 1234-tulA" && level==0 && jtag_device_ctx=="jsn-TUL-1234-tulA-23727093-0"}' command is executed.
16:16:50 INFO  : Device configured successfully with "/home/kike/Desktop/marvin/marvin/marvin/_ide/bitstream/pynq_z2_bram_wrapper.bit"
16:16:50 INFO  : Context for 'APU' is selected.
16:16:51 INFO  : Hardware design and registers information is loaded from '/home/kike/Desktop/marvin/marvin/pynq_z2_bram_wrapper/export/pynq_z2_bram_wrapper/hw/pynq_z2_bram_wrapper.xsa'.
16:16:51 INFO  : 'configparams force-mem-access 1' command is executed.
16:16:51 INFO  : Context for 'APU' is selected.
16:16:51 INFO  : Sourcing of '/home/kike/Desktop/marvin/marvin/marvin/_ide/psinit/ps7_init.tcl' is done.
16:16:51 INFO  : 'ps7_init' command is executed.
16:16:51 INFO  : 'ps7_post_config' command is executed.
16:16:51 INFO  : Context for processor 'ps7_cortexa9_0' is selected.
16:16:52 INFO  : The application '/home/kike/Desktop/marvin/marvin/marvin/Debug/marvin.elf' is downloaded to processor 'ps7_cortexa9_0'.
16:16:52 INFO  : 'configparams force-mem-access 0' command is executed.
16:16:52 INFO  : ----------------XSDB Script----------------
connect -url tcp:127.0.0.1:3121
targets -set -nocase -filter {name =~"APU*"}
rst -system
after 3000
targets -set -filter {jtag_cable_name =~ "Xilinx TUL 1234-tulA" && level==0 && jtag_device_ctx=="jsn-TUL-1234-tulA-23727093-0"}
fpga -file /home/kike/Desktop/marvin/marvin/marvin/_ide/bitstream/pynq_z2_bram_wrapper.bit
targets -set -nocase -filter {name =~"APU*"}
loadhw -hw /home/kike/Desktop/marvin/marvin/pynq_z2_bram_wrapper/export/pynq_z2_bram_wrapper/hw/pynq_z2_bram_wrapper.xsa -mem-ranges [list {0x40000000 0xbfffffff}] -regs
configparams force-mem-access 1
targets -set -nocase -filter {name =~"APU*"}
source /home/kike/Desktop/marvin/marvin/marvin/_ide/psinit/ps7_init.tcl
ps7_init
ps7_post_config
targets -set -nocase -filter {name =~ "*A9*#0"}
dow /home/kike/Desktop/marvin/marvin/marvin/Debug/marvin.elf
configparams force-mem-access 0
----------------End of Script----------------

16:16:52 INFO  : Context for processor 'ps7_cortexa9_0' is selected.
16:16:52 INFO  : 'con' command is executed.
16:16:52 INFO  : ----------------XSDB Script (After Launch)----------------
targets -set -nocase -filter {name =~ "*A9*#0"}
con
----------------End of Script----------------

16:16:52 INFO  : Launch script is exported to file '/home/kike/Desktop/marvin/marvin/marvin_system/_ide/scripts/debugger_marvin-default.tcl'
16:17:24 INFO  : Checking for BSP changes to sync application flags for project 'marvin'...
16:17:31 INFO  : Checking for BSP changes to sync application flags for project 'marvin'...
16:17:34 INFO  : Disconnected from the channel tcfchan#16.
16:17:35 INFO  : Connected to target on host '127.0.0.1' and port '3121'.
16:17:35 INFO  : Jtag cable 'Xilinx TUL 1234-tulA' is selected.
16:17:35 INFO  : 'jtag frequency' command is executed.
16:17:35 INFO  : Context for 'APU' is selected.
16:17:35 INFO  : System reset is completed.
16:17:38 INFO  : 'after 3000' command is executed.
16:17:38 INFO  : 'targets -set -filter {jtag_cable_name =~ "Xilinx TUL 1234-tulA" && level==0 && jtag_device_ctx=="jsn-TUL-1234-tulA-23727093-0"}' command is executed.
16:17:41 INFO  : Device configured successfully with "/home/kike/Desktop/marvin/marvin/marvin/_ide/bitstream/pynq_z2_bram_wrapper.bit"
16:17:41 INFO  : Context for 'APU' is selected.
16:17:42 INFO  : Hardware design and registers information is loaded from '/home/kike/Desktop/marvin/marvin/pynq_z2_bram_wrapper/export/pynq_z2_bram_wrapper/hw/pynq_z2_bram_wrapper.xsa'.
16:17:42 INFO  : 'configparams force-mem-access 1' command is executed.
16:17:42 INFO  : Context for 'APU' is selected.
16:17:42 INFO  : Sourcing of '/home/kike/Desktop/marvin/marvin/marvin/_ide/psinit/ps7_init.tcl' is done.
16:17:42 INFO  : 'ps7_init' command is executed.
16:17:42 INFO  : 'ps7_post_config' command is executed.
16:17:42 INFO  : Context for processor 'ps7_cortexa9_0' is selected.
16:17:43 INFO  : The application '/home/kike/Desktop/marvin/marvin/marvin/Debug/marvin.elf' is downloaded to processor 'ps7_cortexa9_0'.
16:17:43 INFO  : 'configparams force-mem-access 0' command is executed.
16:17:43 INFO  : ----------------XSDB Script----------------
connect -url tcp:127.0.0.1:3121
targets -set -nocase -filter {name =~"APU*"}
rst -system
after 3000
targets -set -filter {jtag_cable_name =~ "Xilinx TUL 1234-tulA" && level==0 && jtag_device_ctx=="jsn-TUL-1234-tulA-23727093-0"}
fpga -file /home/kike/Desktop/marvin/marvin/marvin/_ide/bitstream/pynq_z2_bram_wrapper.bit
targets -set -nocase -filter {name =~"APU*"}
loadhw -hw /home/kike/Desktop/marvin/marvin/pynq_z2_bram_wrapper/export/pynq_z2_bram_wrapper/hw/pynq_z2_bram_wrapper.xsa -mem-ranges [list {0x40000000 0xbfffffff}] -regs
configparams force-mem-access 1
targets -set -nocase -filter {name =~"APU*"}
source /home/kike/Desktop/marvin/marvin/marvin/_ide/psinit/ps7_init.tcl
ps7_init
ps7_post_config
targets -set -nocase -filter {name =~ "*A9*#0"}
dow /home/kike/Desktop/marvin/marvin/marvin/Debug/marvin.elf
configparams force-mem-access 0
----------------End of Script----------------

16:17:43 INFO  : Context for processor 'ps7_cortexa9_0' is selected.
16:17:43 INFO  : 'con' command is executed.
16:17:43 INFO  : ----------------XSDB Script (After Launch)----------------
targets -set -nocase -filter {name =~ "*A9*#0"}
con
----------------End of Script----------------

16:17:43 INFO  : Launch script is exported to file '/home/kike/Desktop/marvin/marvin/marvin_system/_ide/scripts/debugger_marvin-default.tcl'
16:18:20 INFO  : Checking for BSP changes to sync application flags for project 'marvin'...
16:18:23 INFO  : Disconnected from the channel tcfchan#17.
16:18:24 INFO  : Connected to target on host '127.0.0.1' and port '3121'.
16:18:24 INFO  : Jtag cable 'Xilinx TUL 1234-tulA' is selected.
16:18:24 INFO  : 'jtag frequency' command is executed.
16:18:24 INFO  : Context for 'APU' is selected.
16:18:24 INFO  : System reset is completed.
16:18:27 INFO  : 'after 3000' command is executed.
16:18:27 INFO  : 'targets -set -filter {jtag_cable_name =~ "Xilinx TUL 1234-tulA" && level==0 && jtag_device_ctx=="jsn-TUL-1234-tulA-23727093-0"}' command is executed.
16:18:29 INFO  : Device configured successfully with "/home/kike/Desktop/marvin/marvin/marvin/_ide/bitstream/pynq_z2_bram_wrapper.bit"
16:18:29 INFO  : Context for 'APU' is selected.
16:18:31 INFO  : Hardware design and registers information is loaded from '/home/kike/Desktop/marvin/marvin/pynq_z2_bram_wrapper/export/pynq_z2_bram_wrapper/hw/pynq_z2_bram_wrapper.xsa'.
16:18:31 INFO  : 'configparams force-mem-access 1' command is executed.
16:18:31 INFO  : Context for 'APU' is selected.
16:18:31 INFO  : Sourcing of '/home/kike/Desktop/marvin/marvin/marvin/_ide/psinit/ps7_init.tcl' is done.
16:18:31 INFO  : 'ps7_init' command is executed.
16:18:31 INFO  : 'ps7_post_config' command is executed.
16:18:31 INFO  : Context for processor 'ps7_cortexa9_0' is selected.
16:18:31 INFO  : The application '/home/kike/Desktop/marvin/marvin/marvin/Debug/marvin.elf' is downloaded to processor 'ps7_cortexa9_0'.
16:18:31 INFO  : 'configparams force-mem-access 0' command is executed.
16:18:31 INFO  : ----------------XSDB Script----------------
connect -url tcp:127.0.0.1:3121
targets -set -nocase -filter {name =~"APU*"}
rst -system
after 3000
targets -set -filter {jtag_cable_name =~ "Xilinx TUL 1234-tulA" && level==0 && jtag_device_ctx=="jsn-TUL-1234-tulA-23727093-0"}
fpga -file /home/kike/Desktop/marvin/marvin/marvin/_ide/bitstream/pynq_z2_bram_wrapper.bit
targets -set -nocase -filter {name =~"APU*"}
loadhw -hw /home/kike/Desktop/marvin/marvin/pynq_z2_bram_wrapper/export/pynq_z2_bram_wrapper/hw/pynq_z2_bram_wrapper.xsa -mem-ranges [list {0x40000000 0xbfffffff}] -regs
configparams force-mem-access 1
targets -set -nocase -filter {name =~"APU*"}
source /home/kike/Desktop/marvin/marvin/marvin/_ide/psinit/ps7_init.tcl
ps7_init
ps7_post_config
targets -set -nocase -filter {name =~ "*A9*#0"}
dow /home/kike/Desktop/marvin/marvin/marvin/Debug/marvin.elf
configparams force-mem-access 0
----------------End of Script----------------

16:18:31 INFO  : Context for processor 'ps7_cortexa9_0' is selected.
16:18:31 INFO  : 'con' command is executed.
16:18:31 INFO  : ----------------XSDB Script (After Launch)----------------
targets -set -nocase -filter {name =~ "*A9*#0"}
con
----------------End of Script----------------

16:18:31 INFO  : Launch script is exported to file '/home/kike/Desktop/marvin/marvin/marvin_system/_ide/scripts/debugger_marvin-default.tcl'
16:18:51 ERROR : (XSDB Server)Already running

16:19:47 INFO  : Checking for BSP changes to sync application flags for project 'marvin'...
16:19:55 INFO  : Disconnected from the channel tcfchan#18.
16:19:56 INFO  : Connected to target on host '127.0.0.1' and port '3121'.
16:19:56 INFO  : Jtag cable 'Xilinx TUL 1234-tulA' is selected.
16:19:56 INFO  : 'jtag frequency' command is executed.
16:19:57 INFO  : Context for 'APU' is selected.
16:19:57 INFO  : System reset is completed.
16:20:00 INFO  : 'after 3000' command is executed.
16:20:00 INFO  : 'targets -set -filter {jtag_cable_name =~ "Xilinx TUL 1234-tulA" && level==0 && jtag_device_ctx=="jsn-TUL-1234-tulA-23727093-0"}' command is executed.
16:20:02 INFO  : Device configured successfully with "/home/kike/Desktop/marvin/marvin/marvin/_ide/bitstream/pynq_z2_bram_wrapper.bit"
16:20:02 INFO  : Context for 'APU' is selected.
16:20:03 INFO  : Hardware design and registers information is loaded from '/home/kike/Desktop/marvin/marvin/pynq_z2_bram_wrapper/export/pynq_z2_bram_wrapper/hw/pynq_z2_bram_wrapper.xsa'.
16:20:03 INFO  : 'configparams force-mem-access 1' command is executed.
16:20:03 INFO  : Context for 'APU' is selected.
16:20:03 INFO  : Sourcing of '/home/kike/Desktop/marvin/marvin/marvin/_ide/psinit/ps7_init.tcl' is done.
16:20:03 INFO  : 'ps7_init' command is executed.
16:20:03 INFO  : 'ps7_post_config' command is executed.
16:20:03 INFO  : Context for processor 'ps7_cortexa9_0' is selected.
16:20:04 INFO  : The application '/home/kike/Desktop/marvin/marvin/marvin/Debug/marvin.elf' is downloaded to processor 'ps7_cortexa9_0'.
16:20:04 INFO  : 'configparams force-mem-access 0' command is executed.
16:20:04 INFO  : ----------------XSDB Script----------------
connect -url tcp:127.0.0.1:3121
targets -set -nocase -filter {name =~"APU*"}
rst -system
after 3000
targets -set -filter {jtag_cable_name =~ "Xilinx TUL 1234-tulA" && level==0 && jtag_device_ctx=="jsn-TUL-1234-tulA-23727093-0"}
fpga -file /home/kike/Desktop/marvin/marvin/marvin/_ide/bitstream/pynq_z2_bram_wrapper.bit
targets -set -nocase -filter {name =~"APU*"}
loadhw -hw /home/kike/Desktop/marvin/marvin/pynq_z2_bram_wrapper/export/pynq_z2_bram_wrapper/hw/pynq_z2_bram_wrapper.xsa -mem-ranges [list {0x40000000 0xbfffffff}] -regs
configparams force-mem-access 1
targets -set -nocase -filter {name =~"APU*"}
source /home/kike/Desktop/marvin/marvin/marvin/_ide/psinit/ps7_init.tcl
ps7_init
ps7_post_config
targets -set -nocase -filter {name =~ "*A9*#0"}
dow /home/kike/Desktop/marvin/marvin/marvin/Debug/marvin.elf
configparams force-mem-access 0
----------------End of Script----------------

16:20:04 INFO  : Context for processor 'ps7_cortexa9_0' is selected.
16:20:04 INFO  : 'con' command is executed.
16:20:04 INFO  : ----------------XSDB Script (After Launch)----------------
targets -set -nocase -filter {name =~ "*A9*#0"}
con
----------------End of Script----------------

16:20:04 INFO  : Launch script is exported to file '/home/kike/Desktop/marvin/marvin/marvin_system/_ide/scripts/debugger_marvin-default.tcl'
19:09:23 INFO  : Checking for BSP changes to sync application flags for project 'marvin'...
19:09:46 INFO  : Checking for BSP changes to sync application flags for project 'marvin'...
19:10:26 INFO  : Checking for BSP changes to sync application flags for project 'marvin'...
19:11:44 INFO  : Checking for BSP changes to sync application flags for project 'marvin'...
19:13:37 INFO  : Checking for BSP changes to sync application flags for project 'marvin'...
19:14:43 INFO  : Checking for BSP changes to sync application flags for project 'marvin'...
19:14:51 INFO  : Checking for BSP changes to sync application flags for project 'marvin'...
19:14:54 INFO  : Disconnected from the channel tcfchan#19.
19:14:55 INFO  : Connected to target on host '127.0.0.1' and port '3121'.
19:14:55 INFO  : Jtag cable 'Xilinx TUL 1234-tulA' is selected.
19:14:55 INFO  : 'jtag frequency' command is executed.
19:14:57 INFO  : Context for 'APU' is selected.
19:14:57 INFO  : System reset is completed.
19:15:00 INFO  : 'after 3000' command is executed.
19:15:00 INFO  : 'targets -set -filter {jtag_cable_name =~ "Xilinx TUL 1234-tulA" && level==0 && jtag_device_ctx=="jsn-TUL-1234-tulA-23727093-0"}' command is executed.
19:15:02 INFO  : Device configured successfully with "/home/kike/Desktop/marvin/marvin/marvin/_ide/bitstream/pynq_z2_bram_wrapper.bit"
19:15:02 INFO  : Context for 'APU' is selected.
19:15:04 INFO  : Hardware design and registers information is loaded from '/home/kike/Desktop/marvin/marvin/pynq_z2_bram_wrapper/export/pynq_z2_bram_wrapper/hw/pynq_z2_bram_wrapper.xsa'.
19:15:04 INFO  : 'configparams force-mem-access 1' command is executed.
19:15:04 INFO  : Context for 'APU' is selected.
19:15:04 INFO  : Sourcing of '/home/kike/Desktop/marvin/marvin/marvin/_ide/psinit/ps7_init.tcl' is done.
19:15:04 INFO  : 'ps7_init' command is executed.
19:15:04 INFO  : 'ps7_post_config' command is executed.
19:15:04 INFO  : Context for processor 'ps7_cortexa9_0' is selected.
19:15:04 INFO  : The application '/home/kike/Desktop/marvin/marvin/marvin/Debug/marvin.elf' is downloaded to processor 'ps7_cortexa9_0'.
19:15:04 INFO  : 'configparams force-mem-access 0' command is executed.
19:15:04 INFO  : ----------------XSDB Script----------------
connect -url tcp:127.0.0.1:3121
targets -set -nocase -filter {name =~"APU*"}
rst -system
after 3000
targets -set -filter {jtag_cable_name =~ "Xilinx TUL 1234-tulA" && level==0 && jtag_device_ctx=="jsn-TUL-1234-tulA-23727093-0"}
fpga -file /home/kike/Desktop/marvin/marvin/marvin/_ide/bitstream/pynq_z2_bram_wrapper.bit
targets -set -nocase -filter {name =~"APU*"}
loadhw -hw /home/kike/Desktop/marvin/marvin/pynq_z2_bram_wrapper/export/pynq_z2_bram_wrapper/hw/pynq_z2_bram_wrapper.xsa -mem-ranges [list {0x40000000 0xbfffffff}] -regs
configparams force-mem-access 1
targets -set -nocase -filter {name =~"APU*"}
source /home/kike/Desktop/marvin/marvin/marvin/_ide/psinit/ps7_init.tcl
ps7_init
ps7_post_config
targets -set -nocase -filter {name =~ "*A9*#0"}
dow /home/kike/Desktop/marvin/marvin/marvin/Debug/marvin.elf
configparams force-mem-access 0
----------------End of Script----------------

19:15:04 INFO  : Context for processor 'ps7_cortexa9_0' is selected.
19:15:04 INFO  : 'con' command is executed.
19:15:04 INFO  : ----------------XSDB Script (After Launch)----------------
targets -set -nocase -filter {name =~ "*A9*#0"}
con
----------------End of Script----------------

19:15:04 INFO  : Launch script is exported to file '/home/kike/Desktop/marvin/marvin/marvin_system/_ide/scripts/debugger_marvin-default.tcl'
19:31:54 INFO  : Checking for BSP changes to sync application flags for project 'marvin'...
19:32:11 INFO  : Checking for BSP changes to sync application flags for project 'marvin'...
19:33:07 INFO  : Checking for BSP changes to sync application flags for project 'marvin'...
19:34:33 INFO  : Checking for BSP changes to sync application flags for project 'marvin'...
19:34:48 INFO  : Disconnected from the channel tcfchan#20.
09:41:52 DEBUG : Logs will be stored at '/home/kike/Desktop/marvin/marvin/IDE.log'.
09:41:52 INFO  : Launching XSCT server: xsct -n  -interactive /home/kike/Desktop/marvin/marvin/temp_xsdb_launch_script.tcl
09:41:54 INFO  : XSCT server has started successfully.
09:41:54 INFO  : Registering command handlers for Vitis TCF services
09:41:54 INFO  : Platform repository initialization has completed.
09:41:54 INFO  : Successfully done setting XSCT server connection channel  
09:41:54 INFO  : plnx-install-location is set to ''
09:41:54 INFO  : Successfully done query RDI_DATADIR 
09:41:54 INFO  : Successfully done setting workspace for the tool. 
09:45:53 INFO  : Checking for BSP changes to sync application flags for project 'marvin'...
09:46:47 INFO  : Checking for BSP changes to sync application flags for project 'marvin'...
09:47:54 INFO  : Checking for BSP changes to sync application flags for project 'marvin'...
09:48:09 INFO  : Checking for BSP changes to sync application flags for project 'marvin'...
09:49:02 INFO  : Checking for BSP changes to sync application flags for project 'marvin'...
09:49:46 INFO  : Checking for BSP changes to sync application flags for project 'marvin'...
09:50:10 INFO  : Checking for BSP changes to sync application flags for project 'marvin'...
10:00:12 INFO  : Checking for BSP changes to sync application flags for project 'marvin'...
10:00:14 INFO  : Connected to target on host '127.0.0.1' and port '3121'.
10:00:14 INFO  : Jtag cable 'Xilinx TUL 1234-tulA' is selected.
10:00:14 INFO  : 'jtag frequency' command is executed.
10:00:14 INFO  : Context for 'APU' is selected.
10:00:14 INFO  : System reset is completed.
10:00:17 INFO  : 'after 3000' command is executed.
10:00:18 INFO  : 'targets -set -filter {jtag_cable_name =~ "Xilinx TUL 1234-tulA" && level==0 && jtag_device_ctx=="jsn-TUL-1234-tulA-23727093-0"}' command is executed.
10:00:20 INFO  : Device configured successfully with "/home/kike/Desktop/marvin/marvin/marvin/_ide/bitstream/pynq_z2_bram_wrapper.bit"
10:00:20 INFO  : Context for 'APU' is selected.
10:00:20 INFO  : Hardware design and registers information is loaded from '/home/kike/Desktop/marvin/marvin/pynq_z2_bram_wrapper/export/pynq_z2_bram_wrapper/hw/pynq_z2_bram_wrapper.xsa'.
10:00:20 INFO  : 'configparams force-mem-access 1' command is executed.
10:00:20 INFO  : Context for 'APU' is selected.
10:00:20 INFO  : Sourcing of '/home/kike/Desktop/marvin/marvin/marvin/_ide/psinit/ps7_init.tcl' is done.
10:00:20 INFO  : 'ps7_init' command is executed.
10:00:20 INFO  : 'ps7_post_config' command is executed.
10:00:20 INFO  : Context for processor 'ps7_cortexa9_0' is selected.
10:00:20 INFO  : The application '/home/kike/Desktop/marvin/marvin/marvin/Debug/marvin.elf' is downloaded to processor 'ps7_cortexa9_0'.
10:00:20 INFO  : 'configparams force-mem-access 0' command is executed.
10:00:20 INFO  : ----------------XSDB Script----------------
connect -url tcp:127.0.0.1:3121
targets -set -nocase -filter {name =~"APU*"}
rst -system
after 3000
targets -set -filter {jtag_cable_name =~ "Xilinx TUL 1234-tulA" && level==0 && jtag_device_ctx=="jsn-TUL-1234-tulA-23727093-0"}
fpga -file /home/kike/Desktop/marvin/marvin/marvin/_ide/bitstream/pynq_z2_bram_wrapper.bit
targets -set -nocase -filter {name =~"APU*"}
loadhw -hw /home/kike/Desktop/marvin/marvin/pynq_z2_bram_wrapper/export/pynq_z2_bram_wrapper/hw/pynq_z2_bram_wrapper.xsa -mem-ranges [list {0x40000000 0xbfffffff}] -regs
configparams force-mem-access 1
targets -set -nocase -filter {name =~"APU*"}
source /home/kike/Desktop/marvin/marvin/marvin/_ide/psinit/ps7_init.tcl
ps7_init
ps7_post_config
targets -set -nocase -filter {name =~ "*A9*#0"}
dow /home/kike/Desktop/marvin/marvin/marvin/Debug/marvin.elf
configparams force-mem-access 0
----------------End of Script----------------

10:00:20 INFO  : Context for processor 'ps7_cortexa9_0' is selected.
10:00:21 INFO  : 'con' command is executed.
10:00:21 INFO  : ----------------XSDB Script (After Launch)----------------
targets -set -nocase -filter {name =~ "*A9*#0"}
con
----------------End of Script----------------

10:00:21 INFO  : Launch script is exported to file '/home/kike/Desktop/marvin/marvin/marvin_system/_ide/scripts/debugger_marvin-default.tcl'
10:00:32 INFO  : Disconnected from the channel tcfchan#1.
10:00:33 INFO  : Connected to target on host '127.0.0.1' and port '3121'.
10:00:33 INFO  : Jtag cable 'Xilinx TUL 1234-tulA' is selected.
10:00:33 INFO  : 'jtag frequency' command is executed.
10:00:34 INFO  : Context for 'APU' is selected.
10:00:34 INFO  : System reset is completed.
10:00:37 INFO  : 'after 3000' command is executed.
10:00:37 INFO  : 'targets -set -filter {jtag_cable_name =~ "Xilinx TUL 1234-tulA" && level==0 && jtag_device_ctx=="jsn-TUL-1234-tulA-23727093-0"}' command is executed.
10:00:40 INFO  : Device configured successfully with "/home/kike/Desktop/marvin/marvin/marvin/_ide/bitstream/pynq_z2_bram_wrapper.bit"
10:00:40 INFO  : Context for 'APU' is selected.
10:00:41 INFO  : Hardware design and registers information is loaded from '/home/kike/Desktop/marvin/marvin/pynq_z2_bram_wrapper/export/pynq_z2_bram_wrapper/hw/pynq_z2_bram_wrapper.xsa'.
10:00:41 INFO  : 'configparams force-mem-access 1' command is executed.
10:00:41 INFO  : Context for 'APU' is selected.
10:00:41 INFO  : Sourcing of '/home/kike/Desktop/marvin/marvin/marvin/_ide/psinit/ps7_init.tcl' is done.
10:00:41 INFO  : 'ps7_init' command is executed.
10:00:41 INFO  : 'ps7_post_config' command is executed.
10:00:41 INFO  : Context for processor 'ps7_cortexa9_0' is selected.
10:00:41 INFO  : The application '/home/kike/Desktop/marvin/marvin/marvin/Debug/marvin.elf' is downloaded to processor 'ps7_cortexa9_0'.
10:00:41 INFO  : 'configparams force-mem-access 0' command is executed.
10:00:41 INFO  : ----------------XSDB Script----------------
connect -url tcp:127.0.0.1:3121
targets -set -nocase -filter {name =~"APU*"}
rst -system
after 3000
targets -set -filter {jtag_cable_name =~ "Xilinx TUL 1234-tulA" && level==0 && jtag_device_ctx=="jsn-TUL-1234-tulA-23727093-0"}
fpga -file /home/kike/Desktop/marvin/marvin/marvin/_ide/bitstream/pynq_z2_bram_wrapper.bit
targets -set -nocase -filter {name =~"APU*"}
loadhw -hw /home/kike/Desktop/marvin/marvin/pynq_z2_bram_wrapper/export/pynq_z2_bram_wrapper/hw/pynq_z2_bram_wrapper.xsa -mem-ranges [list {0x40000000 0xbfffffff}] -regs
configparams force-mem-access 1
targets -set -nocase -filter {name =~"APU*"}
source /home/kike/Desktop/marvin/marvin/marvin/_ide/psinit/ps7_init.tcl
ps7_init
ps7_post_config
targets -set -nocase -filter {name =~ "*A9*#0"}
dow /home/kike/Desktop/marvin/marvin/marvin/Debug/marvin.elf
configparams force-mem-access 0
----------------End of Script----------------

10:00:41 INFO  : Context for processor 'ps7_cortexa9_0' is selected.
10:00:41 INFO  : 'con' command is executed.
10:00:41 INFO  : ----------------XSDB Script (After Launch)----------------
targets -set -nocase -filter {name =~ "*A9*#0"}
con
----------------End of Script----------------

10:00:41 INFO  : Launch script is exported to file '/home/kike/Desktop/marvin/marvin/marvin_system/_ide/scripts/debugger_marvin-default.tcl'
10:01:12 INFO  : Checking for BSP changes to sync application flags for project 'marvin'...
10:01:15 INFO  : Disconnected from the channel tcfchan#2.
10:01:16 INFO  : Connected to target on host '127.0.0.1' and port '3121'.
10:01:16 INFO  : Jtag cable 'Xilinx TUL 1234-tulA' is selected.
10:01:16 INFO  : 'jtag frequency' command is executed.
10:01:18 INFO  : Context for 'APU' is selected.
10:01:18 INFO  : System reset is completed.
10:01:21 INFO  : 'after 3000' command is executed.
10:01:21 INFO  : 'targets -set -filter {jtag_cable_name =~ "Xilinx TUL 1234-tulA" && level==0 && jtag_device_ctx=="jsn-TUL-1234-tulA-23727093-0"}' command is executed.
10:01:24 INFO  : Device configured successfully with "/home/kike/Desktop/marvin/marvin/marvin/_ide/bitstream/pynq_z2_bram_wrapper.bit"
10:01:24 INFO  : Context for 'APU' is selected.
10:01:25 INFO  : Hardware design and registers information is loaded from '/home/kike/Desktop/marvin/marvin/pynq_z2_bram_wrapper/export/pynq_z2_bram_wrapper/hw/pynq_z2_bram_wrapper.xsa'.
10:01:25 INFO  : 'configparams force-mem-access 1' command is executed.
10:01:25 INFO  : Context for 'APU' is selected.
10:01:25 INFO  : Sourcing of '/home/kike/Desktop/marvin/marvin/marvin/_ide/psinit/ps7_init.tcl' is done.
10:01:25 INFO  : 'ps7_init' command is executed.
10:01:25 INFO  : 'ps7_post_config' command is executed.
10:01:25 INFO  : Context for processor 'ps7_cortexa9_0' is selected.
10:01:25 INFO  : The application '/home/kike/Desktop/marvin/marvin/marvin/Debug/marvin.elf' is downloaded to processor 'ps7_cortexa9_0'.
10:01:25 INFO  : 'configparams force-mem-access 0' command is executed.
10:01:25 INFO  : ----------------XSDB Script----------------
connect -url tcp:127.0.0.1:3121
targets -set -nocase -filter {name =~"APU*"}
rst -system
after 3000
targets -set -filter {jtag_cable_name =~ "Xilinx TUL 1234-tulA" && level==0 && jtag_device_ctx=="jsn-TUL-1234-tulA-23727093-0"}
fpga -file /home/kike/Desktop/marvin/marvin/marvin/_ide/bitstream/pynq_z2_bram_wrapper.bit
targets -set -nocase -filter {name =~"APU*"}
loadhw -hw /home/kike/Desktop/marvin/marvin/pynq_z2_bram_wrapper/export/pynq_z2_bram_wrapper/hw/pynq_z2_bram_wrapper.xsa -mem-ranges [list {0x40000000 0xbfffffff}] -regs
configparams force-mem-access 1
targets -set -nocase -filter {name =~"APU*"}
source /home/kike/Desktop/marvin/marvin/marvin/_ide/psinit/ps7_init.tcl
ps7_init
ps7_post_config
targets -set -nocase -filter {name =~ "*A9*#0"}
dow /home/kike/Desktop/marvin/marvin/marvin/Debug/marvin.elf
configparams force-mem-access 0
----------------End of Script----------------

10:01:25 INFO  : Context for processor 'ps7_cortexa9_0' is selected.
10:01:25 INFO  : 'con' command is executed.
10:01:25 INFO  : ----------------XSDB Script (After Launch)----------------
targets -set -nocase -filter {name =~ "*A9*#0"}
con
----------------End of Script----------------

10:01:25 INFO  : Launch script is exported to file '/home/kike/Desktop/marvin/marvin/marvin_system/_ide/scripts/debugger_marvin-default.tcl'
10:02:48 INFO  : Checking for BSP changes to sync application flags for project 'marvin'...
10:02:52 INFO  : Disconnected from the channel tcfchan#3.
10:02:53 INFO  : Connected to target on host '127.0.0.1' and port '3121'.
10:02:53 INFO  : Jtag cable 'Xilinx TUL 1234-tulA' is selected.
10:02:53 INFO  : 'jtag frequency' command is executed.
10:02:53 INFO  : Context for 'APU' is selected.
10:02:53 INFO  : System reset is completed.
10:02:56 INFO  : 'after 3000' command is executed.
10:02:56 INFO  : 'targets -set -filter {jtag_cable_name =~ "Xilinx TUL 1234-tulA" && level==0 && jtag_device_ctx=="jsn-TUL-1234-tulA-23727093-0"}' command is executed.
10:02:58 INFO  : Device configured successfully with "/home/kike/Desktop/marvin/marvin/marvin/_ide/bitstream/pynq_z2_bram_wrapper.bit"
10:02:58 INFO  : Context for 'APU' is selected.
10:02:59 INFO  : Hardware design and registers information is loaded from '/home/kike/Desktop/marvin/marvin/pynq_z2_bram_wrapper/export/pynq_z2_bram_wrapper/hw/pynq_z2_bram_wrapper.xsa'.
10:02:59 INFO  : 'configparams force-mem-access 1' command is executed.
10:02:59 INFO  : Context for 'APU' is selected.
10:02:59 INFO  : Sourcing of '/home/kike/Desktop/marvin/marvin/marvin/_ide/psinit/ps7_init.tcl' is done.
10:02:59 INFO  : 'ps7_init' command is executed.
10:02:59 INFO  : 'ps7_post_config' command is executed.
10:02:59 INFO  : Context for processor 'ps7_cortexa9_0' is selected.
10:03:00 INFO  : The application '/home/kike/Desktop/marvin/marvin/marvin/Debug/marvin.elf' is downloaded to processor 'ps7_cortexa9_0'.
10:03:00 INFO  : 'configparams force-mem-access 0' command is executed.
10:03:00 INFO  : ----------------XSDB Script----------------
connect -url tcp:127.0.0.1:3121
targets -set -nocase -filter {name =~"APU*"}
rst -system
after 3000
targets -set -filter {jtag_cable_name =~ "Xilinx TUL 1234-tulA" && level==0 && jtag_device_ctx=="jsn-TUL-1234-tulA-23727093-0"}
fpga -file /home/kike/Desktop/marvin/marvin/marvin/_ide/bitstream/pynq_z2_bram_wrapper.bit
targets -set -nocase -filter {name =~"APU*"}
loadhw -hw /home/kike/Desktop/marvin/marvin/pynq_z2_bram_wrapper/export/pynq_z2_bram_wrapper/hw/pynq_z2_bram_wrapper.xsa -mem-ranges [list {0x40000000 0xbfffffff}] -regs
configparams force-mem-access 1
targets -set -nocase -filter {name =~"APU*"}
source /home/kike/Desktop/marvin/marvin/marvin/_ide/psinit/ps7_init.tcl
ps7_init
ps7_post_config
targets -set -nocase -filter {name =~ "*A9*#0"}
dow /home/kike/Desktop/marvin/marvin/marvin/Debug/marvin.elf
configparams force-mem-access 0
----------------End of Script----------------

10:03:00 INFO  : Context for processor 'ps7_cortexa9_0' is selected.
10:03:00 INFO  : 'con' command is executed.
10:03:00 INFO  : ----------------XSDB Script (After Launch)----------------
targets -set -nocase -filter {name =~ "*A9*#0"}
con
----------------End of Script----------------

10:03:00 INFO  : Launch script is exported to file '/home/kike/Desktop/marvin/marvin/marvin_system/_ide/scripts/debugger_marvin-default.tcl'
10:05:57 INFO  : Checking for BSP changes to sync application flags for project 'marvin'...
10:06:44 INFO  : Checking for BSP changes to sync application flags for project 'marvin'...
10:06:47 INFO  : Disconnected from the channel tcfchan#4.
10:06:48 INFO  : Connected to target on host '127.0.0.1' and port '3121'.
10:06:48 INFO  : Jtag cable 'Xilinx TUL 1234-tulA' is selected.
10:06:49 INFO  : 'jtag frequency' command is executed.
10:06:51 INFO  : Context for 'APU' is selected.
10:06:51 INFO  : System reset is completed.
10:06:54 INFO  : 'after 3000' command is executed.
10:06:54 INFO  : 'targets -set -filter {jtag_cable_name =~ "Xilinx TUL 1234-tulA" && level==0 && jtag_device_ctx=="jsn-TUL-1234-tulA-23727093-0"}' command is executed.
10:06:56 INFO  : Device configured successfully with "/home/kike/Desktop/marvin/marvin/marvin/_ide/bitstream/pynq_z2_bram_wrapper.bit"
10:06:56 INFO  : Context for 'APU' is selected.
10:06:57 INFO  : Hardware design and registers information is loaded from '/home/kike/Desktop/marvin/marvin/pynq_z2_bram_wrapper/export/pynq_z2_bram_wrapper/hw/pynq_z2_bram_wrapper.xsa'.
10:06:57 INFO  : 'configparams force-mem-access 1' command is executed.
10:06:57 INFO  : Context for 'APU' is selected.
10:06:57 INFO  : Sourcing of '/home/kike/Desktop/marvin/marvin/marvin/_ide/psinit/ps7_init.tcl' is done.
10:06:57 INFO  : 'ps7_init' command is executed.
10:06:57 INFO  : 'ps7_post_config' command is executed.
10:06:57 INFO  : Context for processor 'ps7_cortexa9_0' is selected.
10:06:57 INFO  : The application '/home/kike/Desktop/marvin/marvin/marvin/Debug/marvin.elf' is downloaded to processor 'ps7_cortexa9_0'.
10:06:58 INFO  : 'configparams force-mem-access 0' command is executed.
10:06:58 INFO  : ----------------XSDB Script----------------
connect -url tcp:127.0.0.1:3121
targets -set -nocase -filter {name =~"APU*"}
rst -system
after 3000
targets -set -filter {jtag_cable_name =~ "Xilinx TUL 1234-tulA" && level==0 && jtag_device_ctx=="jsn-TUL-1234-tulA-23727093-0"}
fpga -file /home/kike/Desktop/marvin/marvin/marvin/_ide/bitstream/pynq_z2_bram_wrapper.bit
targets -set -nocase -filter {name =~"APU*"}
loadhw -hw /home/kike/Desktop/marvin/marvin/pynq_z2_bram_wrapper/export/pynq_z2_bram_wrapper/hw/pynq_z2_bram_wrapper.xsa -mem-ranges [list {0x40000000 0xbfffffff}] -regs
configparams force-mem-access 1
targets -set -nocase -filter {name =~"APU*"}
source /home/kike/Desktop/marvin/marvin/marvin/_ide/psinit/ps7_init.tcl
ps7_init
ps7_post_config
targets -set -nocase -filter {name =~ "*A9*#0"}
dow /home/kike/Desktop/marvin/marvin/marvin/Debug/marvin.elf
configparams force-mem-access 0
----------------End of Script----------------

10:06:58 INFO  : Context for processor 'ps7_cortexa9_0' is selected.
10:06:58 INFO  : 'con' command is executed.
10:06:58 INFO  : ----------------XSDB Script (After Launch)----------------
targets -set -nocase -filter {name =~ "*A9*#0"}
con
----------------End of Script----------------

10:06:58 INFO  : Launch script is exported to file '/home/kike/Desktop/marvin/marvin/marvin_system/_ide/scripts/debugger_marvin-default.tcl'
10:09:47 INFO  : Checking for BSP changes to sync application flags for project 'marvin'...
10:09:50 INFO  : Disconnected from the channel tcfchan#5.
10:09:51 INFO  : Connected to target on host '127.0.0.1' and port '3121'.
10:09:51 INFO  : Jtag cable 'Xilinx TUL 1234-tulA' is selected.
10:09:51 INFO  : 'jtag frequency' command is executed.
10:09:52 INFO  : Context for 'APU' is selected.
10:09:52 INFO  : System reset is completed.
10:09:55 INFO  : 'after 3000' command is executed.
10:09:55 INFO  : 'targets -set -filter {jtag_cable_name =~ "Xilinx TUL 1234-tulA" && level==0 && jtag_device_ctx=="jsn-TUL-1234-tulA-23727093-0"}' command is executed.
10:09:57 INFO  : Device configured successfully with "/home/kike/Desktop/marvin/marvin/marvin/_ide/bitstream/pynq_z2_bram_wrapper.bit"
10:09:57 INFO  : Context for 'APU' is selected.
10:09:58 INFO  : Hardware design and registers information is loaded from '/home/kike/Desktop/marvin/marvin/pynq_z2_bram_wrapper/export/pynq_z2_bram_wrapper/hw/pynq_z2_bram_wrapper.xsa'.
10:09:58 INFO  : 'configparams force-mem-access 1' command is executed.
10:09:58 INFO  : Context for 'APU' is selected.
10:09:58 INFO  : Sourcing of '/home/kike/Desktop/marvin/marvin/marvin/_ide/psinit/ps7_init.tcl' is done.
10:09:58 INFO  : 'ps7_init' command is executed.
10:09:58 INFO  : 'ps7_post_config' command is executed.
10:09:58 INFO  : Context for processor 'ps7_cortexa9_0' is selected.
10:09:59 INFO  : The application '/home/kike/Desktop/marvin/marvin/marvin/Debug/marvin.elf' is downloaded to processor 'ps7_cortexa9_0'.
10:09:59 INFO  : 'configparams force-mem-access 0' command is executed.
10:09:59 INFO  : ----------------XSDB Script----------------
connect -url tcp:127.0.0.1:3121
targets -set -nocase -filter {name =~"APU*"}
rst -system
after 3000
targets -set -filter {jtag_cable_name =~ "Xilinx TUL 1234-tulA" && level==0 && jtag_device_ctx=="jsn-TUL-1234-tulA-23727093-0"}
fpga -file /home/kike/Desktop/marvin/marvin/marvin/_ide/bitstream/pynq_z2_bram_wrapper.bit
targets -set -nocase -filter {name =~"APU*"}
loadhw -hw /home/kike/Desktop/marvin/marvin/pynq_z2_bram_wrapper/export/pynq_z2_bram_wrapper/hw/pynq_z2_bram_wrapper.xsa -mem-ranges [list {0x40000000 0xbfffffff}] -regs
configparams force-mem-access 1
targets -set -nocase -filter {name =~"APU*"}
source /home/kike/Desktop/marvin/marvin/marvin/_ide/psinit/ps7_init.tcl
ps7_init
ps7_post_config
targets -set -nocase -filter {name =~ "*A9*#0"}
dow /home/kike/Desktop/marvin/marvin/marvin/Debug/marvin.elf
configparams force-mem-access 0
----------------End of Script----------------

10:09:59 INFO  : Context for processor 'ps7_cortexa9_0' is selected.
10:09:59 INFO  : 'con' command is executed.
10:09:59 INFO  : ----------------XSDB Script (After Launch)----------------
targets -set -nocase -filter {name =~ "*A9*#0"}
con
----------------End of Script----------------

10:09:59 INFO  : Launch script is exported to file '/home/kike/Desktop/marvin/marvin/marvin_system/_ide/scripts/debugger_marvin-default.tcl'
10:10:10 INFO  : Checking for BSP changes to sync application flags for project 'marvin'...
10:10:19 INFO  : Checking for BSP changes to sync application flags for project 'marvin'...
10:10:24 INFO  : Disconnected from the channel tcfchan#6.
10:10:25 INFO  : Connected to target on host '127.0.0.1' and port '3121'.
10:10:25 INFO  : Jtag cable 'Xilinx TUL 1234-tulA' is selected.
10:10:25 INFO  : 'jtag frequency' command is executed.
10:10:26 INFO  : Context for 'APU' is selected.
10:10:26 INFO  : System reset is completed.
10:10:29 INFO  : 'after 3000' command is executed.
10:10:29 INFO  : 'targets -set -filter {jtag_cable_name =~ "Xilinx TUL 1234-tulA" && level==0 && jtag_device_ctx=="jsn-TUL-1234-tulA-23727093-0"}' command is executed.
10:10:31 INFO  : Device configured successfully with "/home/kike/Desktop/marvin/marvin/marvin/_ide/bitstream/pynq_z2_bram_wrapper.bit"
10:10:31 INFO  : Context for 'APU' is selected.
10:10:33 INFO  : Hardware design and registers information is loaded from '/home/kike/Desktop/marvin/marvin/pynq_z2_bram_wrapper/export/pynq_z2_bram_wrapper/hw/pynq_z2_bram_wrapper.xsa'.
10:10:33 INFO  : 'configparams force-mem-access 1' command is executed.
10:10:33 INFO  : Context for 'APU' is selected.
10:10:33 INFO  : Sourcing of '/home/kike/Desktop/marvin/marvin/marvin/_ide/psinit/ps7_init.tcl' is done.
10:10:33 INFO  : 'ps7_init' command is executed.
10:10:33 INFO  : 'ps7_post_config' command is executed.
10:10:33 INFO  : Context for processor 'ps7_cortexa9_0' is selected.
10:10:33 INFO  : The application '/home/kike/Desktop/marvin/marvin/marvin/Debug/marvin.elf' is downloaded to processor 'ps7_cortexa9_0'.
10:10:33 INFO  : 'configparams force-mem-access 0' command is executed.
10:10:33 INFO  : ----------------XSDB Script----------------
connect -url tcp:127.0.0.1:3121
targets -set -nocase -filter {name =~"APU*"}
rst -system
after 3000
targets -set -filter {jtag_cable_name =~ "Xilinx TUL 1234-tulA" && level==0 && jtag_device_ctx=="jsn-TUL-1234-tulA-23727093-0"}
fpga -file /home/kike/Desktop/marvin/marvin/marvin/_ide/bitstream/pynq_z2_bram_wrapper.bit
targets -set -nocase -filter {name =~"APU*"}
loadhw -hw /home/kike/Desktop/marvin/marvin/pynq_z2_bram_wrapper/export/pynq_z2_bram_wrapper/hw/pynq_z2_bram_wrapper.xsa -mem-ranges [list {0x40000000 0xbfffffff}] -regs
configparams force-mem-access 1
targets -set -nocase -filter {name =~"APU*"}
source /home/kike/Desktop/marvin/marvin/marvin/_ide/psinit/ps7_init.tcl
ps7_init
ps7_post_config
targets -set -nocase -filter {name =~ "*A9*#0"}
dow /home/kike/Desktop/marvin/marvin/marvin/Debug/marvin.elf
configparams force-mem-access 0
----------------End of Script----------------

10:10:33 INFO  : Context for processor 'ps7_cortexa9_0' is selected.
10:10:33 INFO  : 'con' command is executed.
10:10:33 INFO  : ----------------XSDB Script (After Launch)----------------
targets -set -nocase -filter {name =~ "*A9*#0"}
con
----------------End of Script----------------

10:10:33 INFO  : Launch script is exported to file '/home/kike/Desktop/marvin/marvin/marvin_system/_ide/scripts/debugger_marvin-default.tcl'
10:11:19 INFO  : Checking for BSP changes to sync application flags for project 'marvin'...
10:11:22 INFO  : Disconnected from the channel tcfchan#7.
10:11:23 INFO  : Connected to target on host '127.0.0.1' and port '3121'.
10:11:23 INFO  : Jtag cable 'Xilinx TUL 1234-tulA' is selected.
10:11:23 INFO  : 'jtag frequency' command is executed.
10:11:25 INFO  : Context for 'APU' is selected.
10:11:25 INFO  : System reset is completed.
10:11:28 INFO  : 'after 3000' command is executed.
10:11:28 INFO  : 'targets -set -filter {jtag_cable_name =~ "Xilinx TUL 1234-tulA" && level==0 && jtag_device_ctx=="jsn-TUL-1234-tulA-23727093-0"}' command is executed.
10:11:31 INFO  : Device configured successfully with "/home/kike/Desktop/marvin/marvin/marvin/_ide/bitstream/pynq_z2_bram_wrapper.bit"
10:11:31 INFO  : Context for 'APU' is selected.
10:11:32 INFO  : Hardware design and registers information is loaded from '/home/kike/Desktop/marvin/marvin/pynq_z2_bram_wrapper/export/pynq_z2_bram_wrapper/hw/pynq_z2_bram_wrapper.xsa'.
10:11:32 INFO  : 'configparams force-mem-access 1' command is executed.
10:11:32 INFO  : Context for 'APU' is selected.
10:11:32 INFO  : Sourcing of '/home/kike/Desktop/marvin/marvin/marvin/_ide/psinit/ps7_init.tcl' is done.
10:11:32 INFO  : 'ps7_init' command is executed.
10:11:32 INFO  : 'ps7_post_config' command is executed.
10:11:32 INFO  : Context for processor 'ps7_cortexa9_0' is selected.
10:11:32 INFO  : The application '/home/kike/Desktop/marvin/marvin/marvin/Debug/marvin.elf' is downloaded to processor 'ps7_cortexa9_0'.
10:11:32 INFO  : 'configparams force-mem-access 0' command is executed.
10:11:32 INFO  : ----------------XSDB Script----------------
connect -url tcp:127.0.0.1:3121
targets -set -nocase -filter {name =~"APU*"}
rst -system
after 3000
targets -set -filter {jtag_cable_name =~ "Xilinx TUL 1234-tulA" && level==0 && jtag_device_ctx=="jsn-TUL-1234-tulA-23727093-0"}
fpga -file /home/kike/Desktop/marvin/marvin/marvin/_ide/bitstream/pynq_z2_bram_wrapper.bit
targets -set -nocase -filter {name =~"APU*"}
loadhw -hw /home/kike/Desktop/marvin/marvin/pynq_z2_bram_wrapper/export/pynq_z2_bram_wrapper/hw/pynq_z2_bram_wrapper.xsa -mem-ranges [list {0x40000000 0xbfffffff}] -regs
configparams force-mem-access 1
targets -set -nocase -filter {name =~"APU*"}
source /home/kike/Desktop/marvin/marvin/marvin/_ide/psinit/ps7_init.tcl
ps7_init
ps7_post_config
targets -set -nocase -filter {name =~ "*A9*#0"}
dow /home/kike/Desktop/marvin/marvin/marvin/Debug/marvin.elf
configparams force-mem-access 0
----------------End of Script----------------

10:11:32 INFO  : Context for processor 'ps7_cortexa9_0' is selected.
10:11:32 INFO  : 'con' command is executed.
10:11:32 INFO  : ----------------XSDB Script (After Launch)----------------
targets -set -nocase -filter {name =~ "*A9*#0"}
con
----------------End of Script----------------

10:11:32 INFO  : Launch script is exported to file '/home/kike/Desktop/marvin/marvin/marvin_system/_ide/scripts/debugger_marvin-default.tcl'
10:11:44 INFO  : Checking for BSP changes to sync application flags for project 'marvin'...
10:11:47 INFO  : Disconnected from the channel tcfchan#8.
10:11:48 INFO  : Connected to target on host '127.0.0.1' and port '3121'.
10:11:49 INFO  : Jtag cable 'Xilinx TUL 1234-tulA' is selected.
10:11:49 INFO  : 'jtag frequency' command is executed.
10:11:49 INFO  : Context for 'APU' is selected.
10:11:49 INFO  : System reset is completed.
10:11:52 INFO  : 'after 3000' command is executed.
10:11:52 INFO  : 'targets -set -filter {jtag_cable_name =~ "Xilinx TUL 1234-tulA" && level==0 && jtag_device_ctx=="jsn-TUL-1234-tulA-23727093-0"}' command is executed.
10:11:55 INFO  : Device configured successfully with "/home/kike/Desktop/marvin/marvin/marvin/_ide/bitstream/pynq_z2_bram_wrapper.bit"
10:11:55 INFO  : Context for 'APU' is selected.
10:11:56 INFO  : Hardware design and registers information is loaded from '/home/kike/Desktop/marvin/marvin/pynq_z2_bram_wrapper/export/pynq_z2_bram_wrapper/hw/pynq_z2_bram_wrapper.xsa'.
10:11:56 INFO  : 'configparams force-mem-access 1' command is executed.
10:11:56 INFO  : Context for 'APU' is selected.
10:11:56 INFO  : Sourcing of '/home/kike/Desktop/marvin/marvin/marvin/_ide/psinit/ps7_init.tcl' is done.
10:11:56 INFO  : 'ps7_init' command is executed.
10:11:56 INFO  : 'ps7_post_config' command is executed.
10:11:56 INFO  : Context for processor 'ps7_cortexa9_0' is selected.
10:11:56 INFO  : The application '/home/kike/Desktop/marvin/marvin/marvin/Debug/marvin.elf' is downloaded to processor 'ps7_cortexa9_0'.
10:11:56 INFO  : 'configparams force-mem-access 0' command is executed.
10:11:56 INFO  : ----------------XSDB Script----------------
connect -url tcp:127.0.0.1:3121
targets -set -nocase -filter {name =~"APU*"}
rst -system
after 3000
targets -set -filter {jtag_cable_name =~ "Xilinx TUL 1234-tulA" && level==0 && jtag_device_ctx=="jsn-TUL-1234-tulA-23727093-0"}
fpga -file /home/kike/Desktop/marvin/marvin/marvin/_ide/bitstream/pynq_z2_bram_wrapper.bit
targets -set -nocase -filter {name =~"APU*"}
loadhw -hw /home/kike/Desktop/marvin/marvin/pynq_z2_bram_wrapper/export/pynq_z2_bram_wrapper/hw/pynq_z2_bram_wrapper.xsa -mem-ranges [list {0x40000000 0xbfffffff}] -regs
configparams force-mem-access 1
targets -set -nocase -filter {name =~"APU*"}
source /home/kike/Desktop/marvin/marvin/marvin/_ide/psinit/ps7_init.tcl
ps7_init
ps7_post_config
targets -set -nocase -filter {name =~ "*A9*#0"}
dow /home/kike/Desktop/marvin/marvin/marvin/Debug/marvin.elf
configparams force-mem-access 0
----------------End of Script----------------

10:11:56 INFO  : Context for processor 'ps7_cortexa9_0' is selected.
10:11:56 INFO  : 'con' command is executed.
10:11:56 INFO  : ----------------XSDB Script (After Launch)----------------
targets -set -nocase -filter {name =~ "*A9*#0"}
con
----------------End of Script----------------

10:11:56 INFO  : Launch script is exported to file '/home/kike/Desktop/marvin/marvin/marvin_system/_ide/scripts/debugger_marvin-default.tcl'
10:12:30 INFO  : Checking for BSP changes to sync application flags for project 'marvin'...
10:12:33 INFO  : Disconnected from the channel tcfchan#9.
10:12:34 INFO  : Connected to target on host '127.0.0.1' and port '3121'.
10:12:34 INFO  : Jtag cable 'Xilinx TUL 1234-tulA' is selected.
10:12:34 INFO  : 'jtag frequency' command is executed.
10:12:36 INFO  : Context for 'APU' is selected.
10:12:36 INFO  : System reset is completed.
10:12:39 INFO  : 'after 3000' command is executed.
10:12:39 INFO  : 'targets -set -filter {jtag_cable_name =~ "Xilinx TUL 1234-tulA" && level==0 && jtag_device_ctx=="jsn-TUL-1234-tulA-23727093-0"}' command is executed.
10:12:42 INFO  : Device configured successfully with "/home/kike/Desktop/marvin/marvin/marvin/_ide/bitstream/pynq_z2_bram_wrapper.bit"
10:12:42 INFO  : Context for 'APU' is selected.
10:12:43 INFO  : Hardware design and registers information is loaded from '/home/kike/Desktop/marvin/marvin/pynq_z2_bram_wrapper/export/pynq_z2_bram_wrapper/hw/pynq_z2_bram_wrapper.xsa'.
10:12:43 INFO  : 'configparams force-mem-access 1' command is executed.
10:12:43 INFO  : Context for 'APU' is selected.
10:12:43 INFO  : Sourcing of '/home/kike/Desktop/marvin/marvin/marvin/_ide/psinit/ps7_init.tcl' is done.
10:12:43 INFO  : 'ps7_init' command is executed.
10:12:43 INFO  : 'ps7_post_config' command is executed.
10:12:43 INFO  : Context for processor 'ps7_cortexa9_0' is selected.
10:12:43 INFO  : The application '/home/kike/Desktop/marvin/marvin/marvin/Debug/marvin.elf' is downloaded to processor 'ps7_cortexa9_0'.
10:12:43 INFO  : 'configparams force-mem-access 0' command is executed.
10:12:43 INFO  : ----------------XSDB Script----------------
connect -url tcp:127.0.0.1:3121
targets -set -nocase -filter {name =~"APU*"}
rst -system
after 3000
targets -set -filter {jtag_cable_name =~ "Xilinx TUL 1234-tulA" && level==0 && jtag_device_ctx=="jsn-TUL-1234-tulA-23727093-0"}
fpga -file /home/kike/Desktop/marvin/marvin/marvin/_ide/bitstream/pynq_z2_bram_wrapper.bit
targets -set -nocase -filter {name =~"APU*"}
loadhw -hw /home/kike/Desktop/marvin/marvin/pynq_z2_bram_wrapper/export/pynq_z2_bram_wrapper/hw/pynq_z2_bram_wrapper.xsa -mem-ranges [list {0x40000000 0xbfffffff}] -regs
configparams force-mem-access 1
targets -set -nocase -filter {name =~"APU*"}
source /home/kike/Desktop/marvin/marvin/marvin/_ide/psinit/ps7_init.tcl
ps7_init
ps7_post_config
targets -set -nocase -filter {name =~ "*A9*#0"}
dow /home/kike/Desktop/marvin/marvin/marvin/Debug/marvin.elf
configparams force-mem-access 0
----------------End of Script----------------

10:12:43 INFO  : Context for processor 'ps7_cortexa9_0' is selected.
10:12:43 INFO  : 'con' command is executed.
10:12:43 INFO  : ----------------XSDB Script (After Launch)----------------
targets -set -nocase -filter {name =~ "*A9*#0"}
con
----------------End of Script----------------

10:12:43 INFO  : Launch script is exported to file '/home/kike/Desktop/marvin/marvin/marvin_system/_ide/scripts/debugger_marvin-default.tcl'
10:13:02 INFO  : Checking for BSP changes to sync application flags for project 'marvin'...
10:13:05 INFO  : Disconnected from the channel tcfchan#10.
10:13:06 INFO  : Connected to target on host '127.0.0.1' and port '3121'.
10:13:06 INFO  : Jtag cable 'Xilinx TUL 1234-tulA' is selected.
10:13:06 INFO  : 'jtag frequency' command is executed.
10:13:06 INFO  : Context for 'APU' is selected.
10:13:06 INFO  : System reset is completed.
10:13:09 INFO  : 'after 3000' command is executed.
10:13:09 INFO  : 'targets -set -filter {jtag_cable_name =~ "Xilinx TUL 1234-tulA" && level==0 && jtag_device_ctx=="jsn-TUL-1234-tulA-23727093-0"}' command is executed.
10:13:11 INFO  : Device configured successfully with "/home/kike/Desktop/marvin/marvin/marvin/_ide/bitstream/pynq_z2_bram_wrapper.bit"
10:13:12 INFO  : Context for 'APU' is selected.
10:13:13 INFO  : Hardware design and registers information is loaded from '/home/kike/Desktop/marvin/marvin/pynq_z2_bram_wrapper/export/pynq_z2_bram_wrapper/hw/pynq_z2_bram_wrapper.xsa'.
10:13:13 INFO  : 'configparams force-mem-access 1' command is executed.
10:13:13 INFO  : Context for 'APU' is selected.
10:13:13 INFO  : Sourcing of '/home/kike/Desktop/marvin/marvin/marvin/_ide/psinit/ps7_init.tcl' is done.
10:13:13 INFO  : 'ps7_init' command is executed.
10:13:13 INFO  : 'ps7_post_config' command is executed.
10:13:13 INFO  : Context for processor 'ps7_cortexa9_0' is selected.
10:13:13 INFO  : The application '/home/kike/Desktop/marvin/marvin/marvin/Debug/marvin.elf' is downloaded to processor 'ps7_cortexa9_0'.
10:13:13 INFO  : 'configparams force-mem-access 0' command is executed.
10:13:13 INFO  : ----------------XSDB Script----------------
connect -url tcp:127.0.0.1:3121
targets -set -nocase -filter {name =~"APU*"}
rst -system
after 3000
targets -set -filter {jtag_cable_name =~ "Xilinx TUL 1234-tulA" && level==0 && jtag_device_ctx=="jsn-TUL-1234-tulA-23727093-0"}
fpga -file /home/kike/Desktop/marvin/marvin/marvin/_ide/bitstream/pynq_z2_bram_wrapper.bit
targets -set -nocase -filter {name =~"APU*"}
loadhw -hw /home/kike/Desktop/marvin/marvin/pynq_z2_bram_wrapper/export/pynq_z2_bram_wrapper/hw/pynq_z2_bram_wrapper.xsa -mem-ranges [list {0x40000000 0xbfffffff}] -regs
configparams force-mem-access 1
targets -set -nocase -filter {name =~"APU*"}
source /home/kike/Desktop/marvin/marvin/marvin/_ide/psinit/ps7_init.tcl
ps7_init
ps7_post_config
targets -set -nocase -filter {name =~ "*A9*#0"}
dow /home/kike/Desktop/marvin/marvin/marvin/Debug/marvin.elf
configparams force-mem-access 0
----------------End of Script----------------

10:13:13 INFO  : Context for processor 'ps7_cortexa9_0' is selected.
10:13:13 INFO  : 'con' command is executed.
10:13:13 INFO  : ----------------XSDB Script (After Launch)----------------
targets -set -nocase -filter {name =~ "*A9*#0"}
con
----------------End of Script----------------

10:13:13 INFO  : Launch script is exported to file '/home/kike/Desktop/marvin/marvin/marvin_system/_ide/scripts/debugger_marvin-default.tcl'
10:13:34 INFO  : Checking for BSP changes to sync application flags for project 'marvin'...
10:16:39 INFO  : Checking for BSP changes to sync application flags for project 'marvin'...
10:16:53 INFO  : Disconnected from the channel tcfchan#11.
10:16:54 INFO  : Connected to target on host '127.0.0.1' and port '3121'.
10:16:54 INFO  : Jtag cable 'Xilinx TUL 1234-tulA' is selected.
10:16:54 INFO  : 'jtag frequency' command is executed.
10:16:54 INFO  : Context for 'APU' is selected.
10:16:54 INFO  : System reset is completed.
10:16:57 INFO  : 'after 3000' command is executed.
10:16:57 INFO  : 'targets -set -filter {jtag_cable_name =~ "Xilinx TUL 1234-tulA" && level==0 && jtag_device_ctx=="jsn-TUL-1234-tulA-23727093-0"}' command is executed.
10:17:00 INFO  : Device configured successfully with "/home/kike/Desktop/marvin/marvin/marvin/_ide/bitstream/pynq_z2_bram_wrapper.bit"
10:17:00 INFO  : Context for 'APU' is selected.
10:17:01 INFO  : Hardware design and registers information is loaded from '/home/kike/Desktop/marvin/marvin/pynq_z2_bram_wrapper/export/pynq_z2_bram_wrapper/hw/pynq_z2_bram_wrapper.xsa'.
10:17:01 INFO  : 'configparams force-mem-access 1' command is executed.
10:17:01 INFO  : Context for 'APU' is selected.
10:17:01 INFO  : Sourcing of '/home/kike/Desktop/marvin/marvin/marvin/_ide/psinit/ps7_init.tcl' is done.
10:17:01 INFO  : 'ps7_init' command is executed.
10:17:01 INFO  : 'ps7_post_config' command is executed.
10:17:01 INFO  : Context for processor 'ps7_cortexa9_0' is selected.
10:17:01 INFO  : The application '/home/kike/Desktop/marvin/marvin/marvin/Debug/marvin.elf' is downloaded to processor 'ps7_cortexa9_0'.
10:17:01 INFO  : 'configparams force-mem-access 0' command is executed.
10:17:01 INFO  : ----------------XSDB Script----------------
connect -url tcp:127.0.0.1:3121
targets -set -nocase -filter {name =~"APU*"}
rst -system
after 3000
targets -set -filter {jtag_cable_name =~ "Xilinx TUL 1234-tulA" && level==0 && jtag_device_ctx=="jsn-TUL-1234-tulA-23727093-0"}
fpga -file /home/kike/Desktop/marvin/marvin/marvin/_ide/bitstream/pynq_z2_bram_wrapper.bit
targets -set -nocase -filter {name =~"APU*"}
loadhw -hw /home/kike/Desktop/marvin/marvin/pynq_z2_bram_wrapper/export/pynq_z2_bram_wrapper/hw/pynq_z2_bram_wrapper.xsa -mem-ranges [list {0x40000000 0xbfffffff}] -regs
configparams force-mem-access 1
targets -set -nocase -filter {name =~"APU*"}
source /home/kike/Desktop/marvin/marvin/marvin/_ide/psinit/ps7_init.tcl
ps7_init
ps7_post_config
targets -set -nocase -filter {name =~ "*A9*#0"}
dow /home/kike/Desktop/marvin/marvin/marvin/Debug/marvin.elf
configparams force-mem-access 0
----------------End of Script----------------

10:17:01 INFO  : Context for processor 'ps7_cortexa9_0' is selected.
10:17:02 INFO  : 'con' command is executed.
10:17:02 INFO  : ----------------XSDB Script (After Launch)----------------
targets -set -nocase -filter {name =~ "*A9*#0"}
con
----------------End of Script----------------

10:17:02 INFO  : Launch script is exported to file '/home/kike/Desktop/marvin/marvin/marvin_system/_ide/scripts/debugger_marvin-default.tcl'
10:17:26 INFO  : Checking for BSP changes to sync application flags for project 'marvin'...
10:17:29 INFO  : Disconnected from the channel tcfchan#12.
10:17:30 INFO  : Connected to target on host '127.0.0.1' and port '3121'.
10:17:30 INFO  : Jtag cable 'Xilinx TUL 1234-tulA' is selected.
10:17:30 INFO  : 'jtag frequency' command is executed.
10:17:30 INFO  : Context for 'APU' is selected.
10:17:30 INFO  : System reset is completed.
10:17:33 INFO  : 'after 3000' command is executed.
10:17:33 INFO  : 'targets -set -filter {jtag_cable_name =~ "Xilinx TUL 1234-tulA" && level==0 && jtag_device_ctx=="jsn-TUL-1234-tulA-23727093-0"}' command is executed.
10:17:35 INFO  : Device configured successfully with "/home/kike/Desktop/marvin/marvin/marvin/_ide/bitstream/pynq_z2_bram_wrapper.bit"
10:17:35 INFO  : Context for 'APU' is selected.
10:17:36 INFO  : Hardware design and registers information is loaded from '/home/kike/Desktop/marvin/marvin/pynq_z2_bram_wrapper/export/pynq_z2_bram_wrapper/hw/pynq_z2_bram_wrapper.xsa'.
10:17:36 INFO  : 'configparams force-mem-access 1' command is executed.
10:17:36 INFO  : Context for 'APU' is selected.
10:17:36 INFO  : Sourcing of '/home/kike/Desktop/marvin/marvin/marvin/_ide/psinit/ps7_init.tcl' is done.
10:17:37 INFO  : 'ps7_init' command is executed.
10:17:37 INFO  : 'ps7_post_config' command is executed.
10:17:37 INFO  : Context for processor 'ps7_cortexa9_0' is selected.
10:17:37 INFO  : The application '/home/kike/Desktop/marvin/marvin/marvin/Debug/marvin.elf' is downloaded to processor 'ps7_cortexa9_0'.
10:17:37 INFO  : 'configparams force-mem-access 0' command is executed.
10:17:37 INFO  : ----------------XSDB Script----------------
connect -url tcp:127.0.0.1:3121
targets -set -nocase -filter {name =~"APU*"}
rst -system
after 3000
targets -set -filter {jtag_cable_name =~ "Xilinx TUL 1234-tulA" && level==0 && jtag_device_ctx=="jsn-TUL-1234-tulA-23727093-0"}
fpga -file /home/kike/Desktop/marvin/marvin/marvin/_ide/bitstream/pynq_z2_bram_wrapper.bit
targets -set -nocase -filter {name =~"APU*"}
loadhw -hw /home/kike/Desktop/marvin/marvin/pynq_z2_bram_wrapper/export/pynq_z2_bram_wrapper/hw/pynq_z2_bram_wrapper.xsa -mem-ranges [list {0x40000000 0xbfffffff}] -regs
configparams force-mem-access 1
targets -set -nocase -filter {name =~"APU*"}
source /home/kike/Desktop/marvin/marvin/marvin/_ide/psinit/ps7_init.tcl
ps7_init
ps7_post_config
targets -set -nocase -filter {name =~ "*A9*#0"}
dow /home/kike/Desktop/marvin/marvin/marvin/Debug/marvin.elf
configparams force-mem-access 0
----------------End of Script----------------

10:17:37 INFO  : Context for processor 'ps7_cortexa9_0' is selected.
10:17:37 INFO  : 'con' command is executed.
10:17:37 INFO  : ----------------XSDB Script (After Launch)----------------
targets -set -nocase -filter {name =~ "*A9*#0"}
con
----------------End of Script----------------

10:17:37 INFO  : Launch script is exported to file '/home/kike/Desktop/marvin/marvin/marvin_system/_ide/scripts/debugger_marvin-default.tcl'
10:17:51 INFO  : Checking for BSP changes to sync application flags for project 'marvin'...
10:17:55 INFO  : Disconnected from the channel tcfchan#13.
10:17:56 INFO  : Connected to target on host '127.0.0.1' and port '3121'.
10:17:56 INFO  : Jtag cable 'Xilinx TUL 1234-tulA' is selected.
10:17:56 ERROR : port closed
10:17:56 INFO  : ----------------XSDB Script----------------
connect -url tcp:127.0.0.1:3121
----------------End of Script----------------

10:17:56 ERROR : port closed
10:18:03 INFO  : Connected to target on host '127.0.0.1' and port '3121'.
10:18:03 INFO  : Jtag cable 'Xilinx TUL 1234-tulA' is selected.
10:18:03 INFO  : 'jtag frequency' command is executed.
10:18:03 INFO  : Context for 'APU' is selected.
10:18:03 INFO  : System reset is completed.
10:18:06 INFO  : 'after 3000' command is executed.
10:18:06 INFO  : 'targets -set -filter {jtag_cable_name =~ "Xilinx TUL 1234-tulA" && level==0 && jtag_device_ctx=="jsn-TUL-1234-tulA-23727093-0"}' command is executed.
10:18:08 INFO  : Device configured successfully with "/home/kike/Desktop/marvin/marvin/marvin/_ide/bitstream/pynq_z2_bram_wrapper.bit"
10:18:09 INFO  : Context for 'APU' is selected.
10:18:10 INFO  : Hardware design and registers information is loaded from '/home/kike/Desktop/marvin/marvin/pynq_z2_bram_wrapper/export/pynq_z2_bram_wrapper/hw/pynq_z2_bram_wrapper.xsa'.
10:18:10 INFO  : 'configparams force-mem-access 1' command is executed.
10:18:10 INFO  : Context for 'APU' is selected.
10:18:10 INFO  : Sourcing of '/home/kike/Desktop/marvin/marvin/marvin/_ide/psinit/ps7_init.tcl' is done.
10:18:10 INFO  : 'ps7_init' command is executed.
10:18:10 INFO  : 'ps7_post_config' command is executed.
10:18:10 INFO  : Context for processor 'ps7_cortexa9_0' is selected.
10:18:10 INFO  : The application '/home/kike/Desktop/marvin/marvin/marvin/Debug/marvin.elf' is downloaded to processor 'ps7_cortexa9_0'.
10:18:10 INFO  : 'configparams force-mem-access 0' command is executed.
10:18:10 INFO  : ----------------XSDB Script----------------
connect -url tcp:127.0.0.1:3121
targets -set -nocase -filter {name =~"APU*"}
rst -system
after 3000
targets -set -filter {jtag_cable_name =~ "Xilinx TUL 1234-tulA" && level==0 && jtag_device_ctx=="jsn-TUL-1234-tulA-23727093-0"}
fpga -file /home/kike/Desktop/marvin/marvin/marvin/_ide/bitstream/pynq_z2_bram_wrapper.bit
targets -set -nocase -filter {name =~"APU*"}
loadhw -hw /home/kike/Desktop/marvin/marvin/pynq_z2_bram_wrapper/export/pynq_z2_bram_wrapper/hw/pynq_z2_bram_wrapper.xsa -mem-ranges [list {0x40000000 0xbfffffff}] -regs
configparams force-mem-access 1
targets -set -nocase -filter {name =~"APU*"}
source /home/kike/Desktop/marvin/marvin/marvin/_ide/psinit/ps7_init.tcl
ps7_init
ps7_post_config
targets -set -nocase -filter {name =~ "*A9*#0"}
dow /home/kike/Desktop/marvin/marvin/marvin/Debug/marvin.elf
configparams force-mem-access 0
----------------End of Script----------------

10:18:10 INFO  : Context for processor 'ps7_cortexa9_0' is selected.
10:18:10 INFO  : 'con' command is executed.
10:18:10 INFO  : ----------------XSDB Script (After Launch)----------------
targets -set -nocase -filter {name =~ "*A9*#0"}
con
----------------End of Script----------------

10:18:10 INFO  : Launch script is exported to file '/home/kike/Desktop/marvin/marvin/marvin_system/_ide/scripts/debugger_marvin-default.tcl'
10:18:20 INFO  : Checking for BSP changes to sync application flags for project 'marvin'...
10:18:24 INFO  : Disconnected from the channel tcfchan#14.
10:18:25 INFO  : Connected to target on host '127.0.0.1' and port '3121'.
10:18:25 INFO  : Jtag cable 'Xilinx TUL 1234-tulA' is selected.
10:18:25 ERROR : port closed
10:18:25 INFO  : ----------------XSDB Script----------------
connect -url tcp:127.0.0.1:3121
----------------End of Script----------------

10:18:25 ERROR : port closed
10:18:29 INFO  : Connected to target on host '127.0.0.1' and port '3121'.
10:18:29 INFO  : Jtag cable 'Xilinx TUL 1234-tulA' is selected.
10:18:29 INFO  : 'jtag frequency' command is executed.
10:18:29 INFO  : Context for 'APU' is selected.
10:18:29 INFO  : System reset is completed.
10:18:32 INFO  : 'after 3000' command is executed.
10:18:32 INFO  : 'targets -set -filter {jtag_cable_name =~ "Xilinx TUL 1234-tulA" && level==0 && jtag_device_ctx=="jsn-TUL-1234-tulA-23727093-0"}' command is executed.
10:18:35 INFO  : Device configured successfully with "/home/kike/Desktop/marvin/marvin/marvin/_ide/bitstream/pynq_z2_bram_wrapper.bit"
10:18:35 INFO  : Context for 'APU' is selected.
10:18:36 INFO  : Hardware design and registers information is loaded from '/home/kike/Desktop/marvin/marvin/pynq_z2_bram_wrapper/export/pynq_z2_bram_wrapper/hw/pynq_z2_bram_wrapper.xsa'.
10:18:36 INFO  : 'configparams force-mem-access 1' command is executed.
10:18:36 INFO  : Context for 'APU' is selected.
10:18:36 INFO  : Sourcing of '/home/kike/Desktop/marvin/marvin/marvin/_ide/psinit/ps7_init.tcl' is done.
10:18:36 INFO  : 'ps7_init' command is executed.
10:18:36 INFO  : 'ps7_post_config' command is executed.
10:18:36 INFO  : Context for processor 'ps7_cortexa9_0' is selected.
10:18:37 INFO  : The application '/home/kike/Desktop/marvin/marvin/marvin/Debug/marvin.elf' is downloaded to processor 'ps7_cortexa9_0'.
10:18:37 INFO  : 'configparams force-mem-access 0' command is executed.
10:18:37 INFO  : ----------------XSDB Script----------------
connect -url tcp:127.0.0.1:3121
targets -set -nocase -filter {name =~"APU*"}
rst -system
after 3000
targets -set -filter {jtag_cable_name =~ "Xilinx TUL 1234-tulA" && level==0 && jtag_device_ctx=="jsn-TUL-1234-tulA-23727093-0"}
fpga -file /home/kike/Desktop/marvin/marvin/marvin/_ide/bitstream/pynq_z2_bram_wrapper.bit
targets -set -nocase -filter {name =~"APU*"}
loadhw -hw /home/kike/Desktop/marvin/marvin/pynq_z2_bram_wrapper/export/pynq_z2_bram_wrapper/hw/pynq_z2_bram_wrapper.xsa -mem-ranges [list {0x40000000 0xbfffffff}] -regs
configparams force-mem-access 1
targets -set -nocase -filter {name =~"APU*"}
source /home/kike/Desktop/marvin/marvin/marvin/_ide/psinit/ps7_init.tcl
ps7_init
ps7_post_config
targets -set -nocase -filter {name =~ "*A9*#0"}
dow /home/kike/Desktop/marvin/marvin/marvin/Debug/marvin.elf
configparams force-mem-access 0
----------------End of Script----------------

10:18:37 INFO  : Context for processor 'ps7_cortexa9_0' is selected.
10:18:37 INFO  : 'con' command is executed.
10:18:37 INFO  : ----------------XSDB Script (After Launch)----------------
targets -set -nocase -filter {name =~ "*A9*#0"}
con
----------------End of Script----------------

10:18:37 INFO  : Launch script is exported to file '/home/kike/Desktop/marvin/marvin/marvin_system/_ide/scripts/debugger_marvin-default.tcl'
10:18:51 INFO  : Checking for BSP changes to sync application flags for project 'marvin'...
10:18:53 INFO  : Disconnected from the channel tcfchan#15.
10:18:54 INFO  : Connected to target on host '127.0.0.1' and port '3121'.
10:18:55 INFO  : Jtag cable 'Xilinx TUL 1234-tulA' is selected.
10:18:55 INFO  : 'jtag frequency' command is executed.
10:18:55 INFO  : Context for 'APU' is selected.
10:18:55 INFO  : System reset is completed.
10:18:58 INFO  : 'after 3000' command is executed.
10:18:58 INFO  : 'targets -set -filter {jtag_cable_name =~ "Xilinx TUL 1234-tulA" && level==0 && jtag_device_ctx=="jsn-TUL-1234-tulA-23727093-0"}' command is executed.
10:19:01 INFO  : Device configured successfully with "/home/kike/Desktop/marvin/marvin/marvin/_ide/bitstream/pynq_z2_bram_wrapper.bit"
10:19:01 INFO  : Context for 'APU' is selected.
10:19:02 INFO  : Hardware design and registers information is loaded from '/home/kike/Desktop/marvin/marvin/pynq_z2_bram_wrapper/export/pynq_z2_bram_wrapper/hw/pynq_z2_bram_wrapper.xsa'.
10:19:02 INFO  : 'configparams force-mem-access 1' command is executed.
10:19:02 INFO  : Context for 'APU' is selected.
10:19:02 INFO  : Sourcing of '/home/kike/Desktop/marvin/marvin/marvin/_ide/psinit/ps7_init.tcl' is done.
10:19:02 INFO  : 'ps7_init' command is executed.
10:19:02 INFO  : 'ps7_post_config' command is executed.
10:19:02 INFO  : Context for processor 'ps7_cortexa9_0' is selected.
10:19:02 INFO  : The application '/home/kike/Desktop/marvin/marvin/marvin/Debug/marvin.elf' is downloaded to processor 'ps7_cortexa9_0'.
10:19:02 INFO  : 'configparams force-mem-access 0' command is executed.
10:19:02 INFO  : ----------------XSDB Script----------------
connect -url tcp:127.0.0.1:3121
targets -set -nocase -filter {name =~"APU*"}
rst -system
after 3000
targets -set -filter {jtag_cable_name =~ "Xilinx TUL 1234-tulA" && level==0 && jtag_device_ctx=="jsn-TUL-1234-tulA-23727093-0"}
fpga -file /home/kike/Desktop/marvin/marvin/marvin/_ide/bitstream/pynq_z2_bram_wrapper.bit
targets -set -nocase -filter {name =~"APU*"}
loadhw -hw /home/kike/Desktop/marvin/marvin/pynq_z2_bram_wrapper/export/pynq_z2_bram_wrapper/hw/pynq_z2_bram_wrapper.xsa -mem-ranges [list {0x40000000 0xbfffffff}] -regs
configparams force-mem-access 1
targets -set -nocase -filter {name =~"APU*"}
source /home/kike/Desktop/marvin/marvin/marvin/_ide/psinit/ps7_init.tcl
ps7_init
ps7_post_config
targets -set -nocase -filter {name =~ "*A9*#0"}
dow /home/kike/Desktop/marvin/marvin/marvin/Debug/marvin.elf
configparams force-mem-access 0
----------------End of Script----------------

10:19:02 INFO  : Context for processor 'ps7_cortexa9_0' is selected.
10:19:02 INFO  : 'con' command is executed.
10:19:02 INFO  : ----------------XSDB Script (After Launch)----------------
targets -set -nocase -filter {name =~ "*A9*#0"}
con
----------------End of Script----------------

10:19:02 INFO  : Launch script is exported to file '/home/kike/Desktop/marvin/marvin/marvin_system/_ide/scripts/debugger_marvin-default.tcl'
10:19:12 INFO  : Checking for BSP changes to sync application flags for project 'marvin'...
10:19:14 INFO  : Disconnected from the channel tcfchan#16.
10:19:15 INFO  : Connected to target on host '127.0.0.1' and port '3121'.
10:19:15 INFO  : Jtag cable 'Xilinx TUL 1234-tulA' is selected.
10:19:15 INFO  : 'jtag frequency' command is executed.
10:19:15 INFO  : Context for 'APU' is selected.
10:19:15 INFO  : System reset is completed.
10:19:18 INFO  : 'after 3000' command is executed.
10:19:18 INFO  : 'targets -set -filter {jtag_cable_name =~ "Xilinx TUL 1234-tulA" && level==0 && jtag_device_ctx=="jsn-TUL-1234-tulA-23727093-0"}' command is executed.
10:19:21 INFO  : Device configured successfully with "/home/kike/Desktop/marvin/marvin/marvin/_ide/bitstream/pynq_z2_bram_wrapper.bit"
10:19:21 INFO  : Context for 'APU' is selected.
10:19:22 INFO  : Hardware design and registers information is loaded from '/home/kike/Desktop/marvin/marvin/pynq_z2_bram_wrapper/export/pynq_z2_bram_wrapper/hw/pynq_z2_bram_wrapper.xsa'.
10:19:22 INFO  : 'configparams force-mem-access 1' command is executed.
10:19:22 INFO  : Context for 'APU' is selected.
10:19:22 INFO  : Sourcing of '/home/kike/Desktop/marvin/marvin/marvin/_ide/psinit/ps7_init.tcl' is done.
10:19:22 INFO  : 'ps7_init' command is executed.
10:19:22 INFO  : 'ps7_post_config' command is executed.
10:19:22 INFO  : Context for processor 'ps7_cortexa9_0' is selected.
10:19:22 INFO  : The application '/home/kike/Desktop/marvin/marvin/marvin/Debug/marvin.elf' is downloaded to processor 'ps7_cortexa9_0'.
10:19:22 INFO  : 'configparams force-mem-access 0' command is executed.
10:19:22 INFO  : ----------------XSDB Script----------------
connect -url tcp:127.0.0.1:3121
targets -set -nocase -filter {name =~"APU*"}
rst -system
after 3000
targets -set -filter {jtag_cable_name =~ "Xilinx TUL 1234-tulA" && level==0 && jtag_device_ctx=="jsn-TUL-1234-tulA-23727093-0"}
fpga -file /home/kike/Desktop/marvin/marvin/marvin/_ide/bitstream/pynq_z2_bram_wrapper.bit
targets -set -nocase -filter {name =~"APU*"}
loadhw -hw /home/kike/Desktop/marvin/marvin/pynq_z2_bram_wrapper/export/pynq_z2_bram_wrapper/hw/pynq_z2_bram_wrapper.xsa -mem-ranges [list {0x40000000 0xbfffffff}] -regs
configparams force-mem-access 1
targets -set -nocase -filter {name =~"APU*"}
source /home/kike/Desktop/marvin/marvin/marvin/_ide/psinit/ps7_init.tcl
ps7_init
ps7_post_config
targets -set -nocase -filter {name =~ "*A9*#0"}
dow /home/kike/Desktop/marvin/marvin/marvin/Debug/marvin.elf
configparams force-mem-access 0
----------------End of Script----------------

10:19:22 INFO  : Context for processor 'ps7_cortexa9_0' is selected.
10:19:22 INFO  : 'con' command is executed.
10:19:22 INFO  : ----------------XSDB Script (After Launch)----------------
targets -set -nocase -filter {name =~ "*A9*#0"}
con
----------------End of Script----------------

10:19:22 INFO  : Launch script is exported to file '/home/kike/Desktop/marvin/marvin/marvin_system/_ide/scripts/debugger_marvin-default.tcl'
10:29:52 INFO  : Checking for BSP changes to sync application flags for project 'marvin'...
10:29:56 INFO  : Disconnected from the channel tcfchan#17.
10:29:57 INFO  : Connected to target on host '127.0.0.1' and port '3121'.
10:29:57 INFO  : Jtag cable 'Xilinx TUL 1234-tulA' is selected.
10:29:57 INFO  : 'jtag frequency' command is executed.
10:29:57 INFO  : Context for 'APU' is selected.
10:29:57 INFO  : System reset is completed.
10:30:00 INFO  : 'after 3000' command is executed.
10:30:00 INFO  : 'targets -set -filter {jtag_cable_name =~ "Xilinx TUL 1234-tulA" && level==0 && jtag_device_ctx=="jsn-TUL-1234-tulA-23727093-0"}' command is executed.
10:30:02 INFO  : Device configured successfully with "/home/kike/Desktop/marvin/marvin/marvin/_ide/bitstream/pynq_z2_bram_wrapper.bit"
10:30:02 INFO  : Context for 'APU' is selected.
10:30:04 INFO  : Hardware design and registers information is loaded from '/home/kike/Desktop/marvin/marvin/pynq_z2_bram_wrapper/export/pynq_z2_bram_wrapper/hw/pynq_z2_bram_wrapper.xsa'.
10:30:04 INFO  : 'configparams force-mem-access 1' command is executed.
10:30:04 INFO  : Context for 'APU' is selected.
10:30:04 INFO  : Sourcing of '/home/kike/Desktop/marvin/marvin/marvin/_ide/psinit/ps7_init.tcl' is done.
10:30:04 INFO  : 'ps7_init' command is executed.
10:30:04 INFO  : 'ps7_post_config' command is executed.
10:30:04 INFO  : Context for processor 'ps7_cortexa9_0' is selected.
10:30:04 INFO  : The application '/home/kike/Desktop/marvin/marvin/marvin/Debug/marvin.elf' is downloaded to processor 'ps7_cortexa9_0'.
10:30:04 INFO  : 'configparams force-mem-access 0' command is executed.
10:30:04 INFO  : ----------------XSDB Script----------------
connect -url tcp:127.0.0.1:3121
targets -set -nocase -filter {name =~"APU*"}
rst -system
after 3000
targets -set -filter {jtag_cable_name =~ "Xilinx TUL 1234-tulA" && level==0 && jtag_device_ctx=="jsn-TUL-1234-tulA-23727093-0"}
fpga -file /home/kike/Desktop/marvin/marvin/marvin/_ide/bitstream/pynq_z2_bram_wrapper.bit
targets -set -nocase -filter {name =~"APU*"}
loadhw -hw /home/kike/Desktop/marvin/marvin/pynq_z2_bram_wrapper/export/pynq_z2_bram_wrapper/hw/pynq_z2_bram_wrapper.xsa -mem-ranges [list {0x40000000 0xbfffffff}] -regs
configparams force-mem-access 1
targets -set -nocase -filter {name =~"APU*"}
source /home/kike/Desktop/marvin/marvin/marvin/_ide/psinit/ps7_init.tcl
ps7_init
ps7_post_config
targets -set -nocase -filter {name =~ "*A9*#0"}
dow /home/kike/Desktop/marvin/marvin/marvin/Debug/marvin.elf
configparams force-mem-access 0
----------------End of Script----------------

10:30:04 INFO  : Context for processor 'ps7_cortexa9_0' is selected.
10:30:04 INFO  : 'con' command is executed.
10:30:04 INFO  : ----------------XSDB Script (After Launch)----------------
targets -set -nocase -filter {name =~ "*A9*#0"}
con
----------------End of Script----------------

10:30:04 INFO  : Launch script is exported to file '/home/kike/Desktop/marvin/marvin/marvin_system/_ide/scripts/debugger_marvin-default.tcl'
10:32:08 INFO  : Checking for BSP changes to sync application flags for project 'marvin'...
10:32:45 INFO  : Checking for BSP changes to sync application flags for project 'marvin'...
10:32:51 INFO  : Checking for BSP changes to sync application flags for project 'marvin'...
10:32:56 INFO  : Checking for BSP changes to sync application flags for project 'marvin'...
17:42:48 DEBUG : Logs will be stored at '/home/kike/Desktop/marvin/marvin/IDE.log'.
17:42:49 INFO  : Launching XSCT server: xsct -n  -interactive /home/kike/Desktop/marvin/marvin/temp_xsdb_launch_script.tcl
17:42:51 INFO  : Registering command handlers for Vitis TCF services
17:42:51 INFO  : Platform repository initialization has completed.
17:42:53 INFO  : XSCT server has started successfully.
17:42:53 INFO  : Successfully done setting XSCT server connection channel  
17:42:53 INFO  : plnx-install-location is set to ''
17:42:53 INFO  : Successfully done query RDI_DATADIR 
17:42:53 INFO  : Successfully done setting workspace for the tool. 
17:55:01 INFO  : Checking for BSP changes to sync application flags for project 'marvin'...
18:05:15 INFO  : Connected to target on host '127.0.0.1' and port '3121'.
18:05:16 INFO  : Jtag cable 'Xilinx TUL 1234-tulA' is selected.
18:05:16 INFO  : 'jtag frequency' command is executed.
18:05:16 INFO  : Context for 'APU' is selected.
18:05:16 INFO  : System reset is completed.
18:05:19 INFO  : 'after 3000' command is executed.
18:05:19 INFO  : 'targets -set -filter {jtag_cable_name =~ "Xilinx TUL 1234-tulA" && level==0 && jtag_device_ctx=="jsn-TUL-1234-tulA-23727093-0"}' command is executed.
18:05:21 INFO  : Device configured successfully with "/home/kike/Desktop/marvin/marvin/marvin/_ide/bitstream/pynq_z2_bram_wrapper.bit"
18:05:21 INFO  : Context for 'APU' is selected.
18:05:21 INFO  : Hardware design and registers information is loaded from '/home/kike/Desktop/marvin/marvin/pynq_z2_bram_wrapper/export/pynq_z2_bram_wrapper/hw/pynq_z2_bram_wrapper.xsa'.
18:05:21 INFO  : 'configparams force-mem-access 1' command is executed.
18:05:21 INFO  : Context for 'APU' is selected.
18:05:21 INFO  : Sourcing of '/home/kike/Desktop/marvin/marvin/marvin/_ide/psinit/ps7_init.tcl' is done.
18:05:21 INFO  : 'ps7_init' command is executed.
18:05:21 INFO  : 'ps7_post_config' command is executed.
18:05:21 INFO  : Context for processor 'ps7_cortexa9_0' is selected.
18:05:22 INFO  : The application '/home/kike/Desktop/marvin/marvin/marvin/Debug/marvin.elf' is downloaded to processor 'ps7_cortexa9_0'.
18:05:22 INFO  : 'configparams force-mem-access 0' command is executed.
18:05:22 INFO  : ----------------XSDB Script----------------
connect -url tcp:127.0.0.1:3121
targets -set -nocase -filter {name =~"APU*"}
rst -system
after 3000
targets -set -filter {jtag_cable_name =~ "Xilinx TUL 1234-tulA" && level==0 && jtag_device_ctx=="jsn-TUL-1234-tulA-23727093-0"}
fpga -file /home/kike/Desktop/marvin/marvin/marvin/_ide/bitstream/pynq_z2_bram_wrapper.bit
targets -set -nocase -filter {name =~"APU*"}
loadhw -hw /home/kike/Desktop/marvin/marvin/pynq_z2_bram_wrapper/export/pynq_z2_bram_wrapper/hw/pynq_z2_bram_wrapper.xsa -mem-ranges [list {0x40000000 0xbfffffff}] -regs
configparams force-mem-access 1
targets -set -nocase -filter {name =~"APU*"}
source /home/kike/Desktop/marvin/marvin/marvin/_ide/psinit/ps7_init.tcl
ps7_init
ps7_post_config
targets -set -nocase -filter {name =~ "*A9*#0"}
dow /home/kike/Desktop/marvin/marvin/marvin/Debug/marvin.elf
configparams force-mem-access 0
----------------End of Script----------------

18:05:22 INFO  : Context for processor 'ps7_cortexa9_0' is selected.
18:05:22 INFO  : 'con' command is executed.
18:05:22 INFO  : ----------------XSDB Script (After Launch)----------------
targets -set -nocase -filter {name =~ "*A9*#0"}
con
----------------End of Script----------------

18:05:22 INFO  : Launch script is exported to file '/home/kike/Desktop/marvin/marvin/marvin_system/_ide/scripts/debugger_marvin-default.tcl'
18:09:34 INFO  : Disconnected from the channel tcfchan#1.
18:09:35 INFO  : Connected to target on host '127.0.0.1' and port '3121'.
18:09:35 INFO  : Jtag cable 'Xilinx TUL 1234-tulA' is selected.
18:09:35 INFO  : 'jtag frequency' command is executed.
18:09:37 INFO  : Context for 'APU' is selected.
18:09:37 INFO  : System reset is completed.
18:09:40 INFO  : 'after 3000' command is executed.
18:09:40 INFO  : 'targets -set -filter {jtag_cable_name =~ "Xilinx TUL 1234-tulA" && level==0 && jtag_device_ctx=="jsn-TUL-1234-tulA-23727093-0"}' command is executed.
18:09:43 INFO  : Device configured successfully with "/home/kike/Desktop/marvin/marvin/marvin/_ide/bitstream/pynq_z2_bram_wrapper.bit"
18:09:43 INFO  : Context for 'APU' is selected.
18:09:44 INFO  : Hardware design and registers information is loaded from '/home/kike/Desktop/marvin/marvin/pynq_z2_bram_wrapper/export/pynq_z2_bram_wrapper/hw/pynq_z2_bram_wrapper.xsa'.
18:09:44 INFO  : 'configparams force-mem-access 1' command is executed.
18:09:44 INFO  : Context for 'APU' is selected.
18:09:44 INFO  : Sourcing of '/home/kike/Desktop/marvin/marvin/marvin/_ide/psinit/ps7_init.tcl' is done.
18:09:44 INFO  : 'ps7_init' command is executed.
18:09:44 INFO  : 'ps7_post_config' command is executed.
18:09:44 INFO  : Context for processor 'ps7_cortexa9_0' is selected.
18:09:44 INFO  : The application '/home/kike/Desktop/marvin/marvin/marvin/Debug/marvin.elf' is downloaded to processor 'ps7_cortexa9_0'.
18:09:44 INFO  : 'configparams force-mem-access 0' command is executed.
18:09:44 INFO  : ----------------XSDB Script----------------
connect -url tcp:127.0.0.1:3121
targets -set -nocase -filter {name =~"APU*"}
rst -system
after 3000
targets -set -filter {jtag_cable_name =~ "Xilinx TUL 1234-tulA" && level==0 && jtag_device_ctx=="jsn-TUL-1234-tulA-23727093-0"}
fpga -file /home/kike/Desktop/marvin/marvin/marvin/_ide/bitstream/pynq_z2_bram_wrapper.bit
targets -set -nocase -filter {name =~"APU*"}
loadhw -hw /home/kike/Desktop/marvin/marvin/pynq_z2_bram_wrapper/export/pynq_z2_bram_wrapper/hw/pynq_z2_bram_wrapper.xsa -mem-ranges [list {0x40000000 0xbfffffff}] -regs
configparams force-mem-access 1
targets -set -nocase -filter {name =~"APU*"}
source /home/kike/Desktop/marvin/marvin/marvin/_ide/psinit/ps7_init.tcl
ps7_init
ps7_post_config
targets -set -nocase -filter {name =~ "*A9*#0"}
dow /home/kike/Desktop/marvin/marvin/marvin/Debug/marvin.elf
configparams force-mem-access 0
----------------End of Script----------------

18:09:44 INFO  : Context for processor 'ps7_cortexa9_0' is selected.
18:09:44 INFO  : 'con' command is executed.
18:09:44 INFO  : ----------------XSDB Script (After Launch)----------------
targets -set -nocase -filter {name =~ "*A9*#0"}
con
----------------End of Script----------------

18:09:44 INFO  : Launch script is exported to file '/home/kike/Desktop/marvin/marvin/marvin_system/_ide/scripts/debugger_marvin-default.tcl'
18:41:45 INFO  : Checking for BSP changes to sync application flags for project 'marvin'...
18:42:23 INFO  : Disconnected from the channel tcfchan#2.
18:42:24 INFO  : Connected to target on host '127.0.0.1' and port '3121'.
18:42:24 INFO  : Jtag cable 'Xilinx TUL 1234-tulA' is selected.
18:42:24 INFO  : 'jtag frequency' command is executed.
18:42:25 INFO  : Context for 'APU' is selected.
18:42:25 INFO  : System reset is completed.
18:42:28 INFO  : 'after 3000' command is executed.
18:42:28 INFO  : 'targets -set -filter {jtag_cable_name =~ "Xilinx TUL 1234-tulA" && level==0 && jtag_device_ctx=="jsn-TUL-1234-tulA-23727093-0"}' command is executed.
18:42:30 INFO  : Device configured successfully with "/home/kike/Desktop/marvin/marvin/marvin/_ide/bitstream/pynq_z2_bram_wrapper.bit"
18:42:31 INFO  : Context for 'APU' is selected.
18:42:31 INFO  : Hardware design and registers information is loaded from '/home/kike/Desktop/marvin/marvin/pynq_z2_bram_wrapper/export/pynq_z2_bram_wrapper/hw/pynq_z2_bram_wrapper.xsa'.
18:42:31 INFO  : 'configparams force-mem-access 1' command is executed.
18:42:31 INFO  : Context for 'APU' is selected.
18:42:31 INFO  : Sourcing of '/home/kike/Desktop/marvin/marvin/marvin/_ide/psinit/ps7_init.tcl' is done.
18:42:32 INFO  : 'ps7_init' command is executed.
18:42:32 INFO  : 'ps7_post_config' command is executed.
18:42:32 INFO  : Context for processor 'ps7_cortexa9_0' is selected.
18:42:32 INFO  : The application '/home/kike/Desktop/marvin/marvin/marvin/Debug/marvin.elf' is downloaded to processor 'ps7_cortexa9_0'.
18:42:32 INFO  : 'configparams force-mem-access 0' command is executed.
18:42:32 INFO  : ----------------XSDB Script----------------
connect -url tcp:127.0.0.1:3121
targets -set -nocase -filter {name =~"APU*"}
rst -system
after 3000
targets -set -filter {jtag_cable_name =~ "Xilinx TUL 1234-tulA" && level==0 && jtag_device_ctx=="jsn-TUL-1234-tulA-23727093-0"}
fpga -file /home/kike/Desktop/marvin/marvin/marvin/_ide/bitstream/pynq_z2_bram_wrapper.bit
targets -set -nocase -filter {name =~"APU*"}
loadhw -hw /home/kike/Desktop/marvin/marvin/pynq_z2_bram_wrapper/export/pynq_z2_bram_wrapper/hw/pynq_z2_bram_wrapper.xsa -mem-ranges [list {0x40000000 0xbfffffff}] -regs
configparams force-mem-access 1
targets -set -nocase -filter {name =~"APU*"}
source /home/kike/Desktop/marvin/marvin/marvin/_ide/psinit/ps7_init.tcl
ps7_init
ps7_post_config
targets -set -nocase -filter {name =~ "*A9*#0"}
dow /home/kike/Desktop/marvin/marvin/marvin/Debug/marvin.elf
configparams force-mem-access 0
----------------End of Script----------------

18:42:32 INFO  : Context for processor 'ps7_cortexa9_0' is selected.
18:42:32 INFO  : 'con' command is executed.
18:42:32 INFO  : ----------------XSDB Script (After Launch)----------------
targets -set -nocase -filter {name =~ "*A9*#0"}
con
----------------End of Script----------------

18:42:32 INFO  : Launch script is exported to file '/home/kike/Desktop/marvin/marvin/marvin_system/_ide/scripts/debugger_marvin-default.tcl'
18:49:42 INFO  : Checking for BSP changes to sync application flags for project 'marvin'...
18:50:50 INFO  : Disconnected from the channel tcfchan#3.
18:50:51 INFO  : Connected to target on host '127.0.0.1' and port '3121'.
18:50:51 INFO  : Jtag cable 'Xilinx TUL 1234-tulA' is selected.
18:50:51 INFO  : 'jtag frequency' command is executed.
18:50:53 INFO  : Context for 'APU' is selected.
18:50:53 INFO  : System reset is completed.
18:50:56 INFO  : 'after 3000' command is executed.
18:50:56 INFO  : 'targets -set -filter {jtag_cable_name =~ "Xilinx TUL 1234-tulA" && level==0 && jtag_device_ctx=="jsn-TUL-1234-tulA-23727093-0"}' command is executed.
18:50:59 INFO  : Device configured successfully with "/home/kike/Desktop/marvin/marvin/marvin/_ide/bitstream/pynq_z2_bram_wrapper.bit"
18:50:59 INFO  : Context for 'APU' is selected.
18:51:00 INFO  : Hardware design and registers information is loaded from '/home/kike/Desktop/marvin/marvin/pynq_z2_bram_wrapper/export/pynq_z2_bram_wrapper/hw/pynq_z2_bram_wrapper.xsa'.
18:51:00 INFO  : 'configparams force-mem-access 1' command is executed.
18:51:00 INFO  : Context for 'APU' is selected.
18:51:00 INFO  : Sourcing of '/home/kike/Desktop/marvin/marvin/marvin/_ide/psinit/ps7_init.tcl' is done.
18:51:00 INFO  : 'ps7_init' command is executed.
18:51:00 INFO  : 'ps7_post_config' command is executed.
18:51:00 INFO  : Context for processor 'ps7_cortexa9_0' is selected.
18:51:00 INFO  : The application '/home/kike/Desktop/marvin/marvin/marvin/Debug/marvin.elf' is downloaded to processor 'ps7_cortexa9_0'.
18:51:00 INFO  : 'configparams force-mem-access 0' command is executed.
18:51:00 INFO  : ----------------XSDB Script----------------
connect -url tcp:127.0.0.1:3121
targets -set -nocase -filter {name =~"APU*"}
rst -system
after 3000
targets -set -filter {jtag_cable_name =~ "Xilinx TUL 1234-tulA" && level==0 && jtag_device_ctx=="jsn-TUL-1234-tulA-23727093-0"}
fpga -file /home/kike/Desktop/marvin/marvin/marvin/_ide/bitstream/pynq_z2_bram_wrapper.bit
targets -set -nocase -filter {name =~"APU*"}
loadhw -hw /home/kike/Desktop/marvin/marvin/pynq_z2_bram_wrapper/export/pynq_z2_bram_wrapper/hw/pynq_z2_bram_wrapper.xsa -mem-ranges [list {0x40000000 0xbfffffff}] -regs
configparams force-mem-access 1
targets -set -nocase -filter {name =~"APU*"}
source /home/kike/Desktop/marvin/marvin/marvin/_ide/psinit/ps7_init.tcl
ps7_init
ps7_post_config
targets -set -nocase -filter {name =~ "*A9*#0"}
dow /home/kike/Desktop/marvin/marvin/marvin/Debug/marvin.elf
configparams force-mem-access 0
----------------End of Script----------------

18:51:00 INFO  : Context for processor 'ps7_cortexa9_0' is selected.
18:51:00 INFO  : 'con' command is executed.
18:51:00 INFO  : ----------------XSDB Script (After Launch)----------------
targets -set -nocase -filter {name =~ "*A9*#0"}
con
----------------End of Script----------------

18:51:00 INFO  : Launch script is exported to file '/home/kike/Desktop/marvin/marvin/marvin_system/_ide/scripts/debugger_marvin-default.tcl'
18:55:11 INFO  : Checking for BSP changes to sync application flags for project 'marvin'...
18:55:14 INFO  : Disconnected from the channel tcfchan#4.
18:55:15 INFO  : Connected to target on host '127.0.0.1' and port '3121'.
18:55:16 INFO  : Jtag cable 'Xilinx TUL 1234-tulA' is selected.
18:55:16 INFO  : 'jtag frequency' command is executed.
18:55:18 INFO  : Context for 'APU' is selected.
18:55:18 INFO  : System reset is completed.
18:55:21 INFO  : 'after 3000' command is executed.
18:55:21 INFO  : 'targets -set -filter {jtag_cable_name =~ "Xilinx TUL 1234-tulA" && level==0 && jtag_device_ctx=="jsn-TUL-1234-tulA-23727093-0"}' command is executed.
18:55:23 INFO  : Device configured successfully with "/home/kike/Desktop/marvin/marvin/marvin/_ide/bitstream/pynq_z2_bram_wrapper.bit"
18:55:23 INFO  : Context for 'APU' is selected.
18:55:24 INFO  : Hardware design and registers information is loaded from '/home/kike/Desktop/marvin/marvin/pynq_z2_bram_wrapper/export/pynq_z2_bram_wrapper/hw/pynq_z2_bram_wrapper.xsa'.
18:55:24 INFO  : 'configparams force-mem-access 1' command is executed.
18:55:24 INFO  : Context for 'APU' is selected.
18:55:24 INFO  : Sourcing of '/home/kike/Desktop/marvin/marvin/marvin/_ide/psinit/ps7_init.tcl' is done.
18:55:24 INFO  : 'ps7_init' command is executed.
18:55:24 INFO  : 'ps7_post_config' command is executed.
18:55:24 INFO  : Context for processor 'ps7_cortexa9_0' is selected.
18:55:25 INFO  : The application '/home/kike/Desktop/marvin/marvin/marvin/Debug/marvin.elf' is downloaded to processor 'ps7_cortexa9_0'.
18:55:25 INFO  : 'configparams force-mem-access 0' command is executed.
18:55:25 INFO  : ----------------XSDB Script----------------
connect -url tcp:127.0.0.1:3121
targets -set -nocase -filter {name =~"APU*"}
rst -system
after 3000
targets -set -filter {jtag_cable_name =~ "Xilinx TUL 1234-tulA" && level==0 && jtag_device_ctx=="jsn-TUL-1234-tulA-23727093-0"}
fpga -file /home/kike/Desktop/marvin/marvin/marvin/_ide/bitstream/pynq_z2_bram_wrapper.bit
targets -set -nocase -filter {name =~"APU*"}
loadhw -hw /home/kike/Desktop/marvin/marvin/pynq_z2_bram_wrapper/export/pynq_z2_bram_wrapper/hw/pynq_z2_bram_wrapper.xsa -mem-ranges [list {0x40000000 0xbfffffff}] -regs
configparams force-mem-access 1
targets -set -nocase -filter {name =~"APU*"}
source /home/kike/Desktop/marvin/marvin/marvin/_ide/psinit/ps7_init.tcl
ps7_init
ps7_post_config
targets -set -nocase -filter {name =~ "*A9*#0"}
dow /home/kike/Desktop/marvin/marvin/marvin/Debug/marvin.elf
configparams force-mem-access 0
----------------End of Script----------------

18:55:25 INFO  : Context for processor 'ps7_cortexa9_0' is selected.
18:55:25 INFO  : 'con' command is executed.
18:55:25 INFO  : ----------------XSDB Script (After Launch)----------------
targets -set -nocase -filter {name =~ "*A9*#0"}
con
----------------End of Script----------------

18:55:25 INFO  : Launch script is exported to file '/home/kike/Desktop/marvin/marvin/marvin_system/_ide/scripts/debugger_marvin-default.tcl'
21:09:30 INFO  : Disconnected from the channel tcfchan#5.
09:23:59 DEBUG : Logs will be stored at '/home/kike/Desktop/marvin/marvin/IDE.log'.
09:23:59 INFO  : Launching XSCT server: xsct -n  -interactive /home/kike/Desktop/marvin/marvin/temp_xsdb_launch_script.tcl
09:24:01 INFO  : Registering command handlers for Vitis TCF services
09:24:02 INFO  : Platform repository initialization has completed.
09:24:03 INFO  : XSCT server has started successfully.
09:24:03 INFO  : Successfully done setting XSCT server connection channel  
09:24:03 INFO  : plnx-install-location is set to ''
09:24:03 INFO  : Successfully done query RDI_DATADIR 
09:24:03 INFO  : Successfully done setting workspace for the tool. 
09:59:48 INFO  : Checking for BSP changes to sync application flags for project 'marvin'...
09:59:54 INFO  : Connected to target on host '127.0.0.1' and port '3121'.
09:59:54 INFO  : Jtag cable 'Xilinx TUL 1234-tulA' is selected.
09:59:54 INFO  : 'jtag frequency' command is executed.
09:59:54 INFO  : Context for 'APU' is selected.
09:59:54 INFO  : System reset is completed.
09:59:57 INFO  : 'after 3000' command is executed.
09:59:57 INFO  : 'targets -set -filter {jtag_cable_name =~ "Xilinx TUL 1234-tulA" && level==0 && jtag_device_ctx=="jsn-TUL-1234-tulA-23727093-0"}' command is executed.
09:59:59 INFO  : Device configured successfully with "/home/kike/Desktop/marvin/marvin/marvin/_ide/bitstream/pynq_z2_bram_wrapper.bit"
09:59:59 INFO  : Context for 'APU' is selected.
10:00:00 INFO  : Hardware design and registers information is loaded from '/home/kike/Desktop/marvin/marvin/pynq_z2_bram_wrapper/export/pynq_z2_bram_wrapper/hw/pynq_z2_bram_wrapper.xsa'.
10:00:00 INFO  : 'configparams force-mem-access 1' command is executed.
10:00:00 INFO  : Context for 'APU' is selected.
10:00:00 INFO  : Sourcing of '/home/kike/Desktop/marvin/marvin/marvin/_ide/psinit/ps7_init.tcl' is done.
10:00:00 INFO  : 'ps7_init' command is executed.
10:00:00 INFO  : 'ps7_post_config' command is executed.
10:00:00 INFO  : Context for processor 'ps7_cortexa9_0' is selected.
10:00:00 INFO  : The application '/home/kike/Desktop/marvin/marvin/marvin/Debug/marvin.elf' is downloaded to processor 'ps7_cortexa9_0'.
10:00:00 INFO  : 'configparams force-mem-access 0' command is executed.
10:00:00 INFO  : ----------------XSDB Script----------------
connect -url tcp:127.0.0.1:3121
targets -set -nocase -filter {name =~"APU*"}
rst -system
after 3000
targets -set -filter {jtag_cable_name =~ "Xilinx TUL 1234-tulA" && level==0 && jtag_device_ctx=="jsn-TUL-1234-tulA-23727093-0"}
fpga -file /home/kike/Desktop/marvin/marvin/marvin/_ide/bitstream/pynq_z2_bram_wrapper.bit
targets -set -nocase -filter {name =~"APU*"}
loadhw -hw /home/kike/Desktop/marvin/marvin/pynq_z2_bram_wrapper/export/pynq_z2_bram_wrapper/hw/pynq_z2_bram_wrapper.xsa -mem-ranges [list {0x40000000 0xbfffffff}] -regs
configparams force-mem-access 1
targets -set -nocase -filter {name =~"APU*"}
source /home/kike/Desktop/marvin/marvin/marvin/_ide/psinit/ps7_init.tcl
ps7_init
ps7_post_config
targets -set -nocase -filter {name =~ "*A9*#0"}
dow /home/kike/Desktop/marvin/marvin/marvin/Debug/marvin.elf
configparams force-mem-access 0
----------------End of Script----------------

10:00:00 INFO  : Context for processor 'ps7_cortexa9_0' is selected.
10:00:00 INFO  : 'con' command is executed.
10:00:00 INFO  : ----------------XSDB Script (After Launch)----------------
targets -set -nocase -filter {name =~ "*A9*#0"}
con
----------------End of Script----------------

10:00:00 INFO  : Launch script is exported to file '/home/kike/Desktop/marvin/marvin/marvin_system/_ide/scripts/debugger_marvin-default.tcl'
10:20:38 INFO  : Checking for BSP changes to sync application flags for project 'marvin'...
10:20:41 INFO  : Disconnected from the channel tcfchan#1.
10:20:42 INFO  : Connected to target on host '127.0.0.1' and port '3121'.
10:20:42 INFO  : Jtag cable 'Xilinx TUL 1234-tulA' is selected.
10:20:42 INFO  : 'jtag frequency' command is executed.
10:20:42 INFO  : Context for 'APU' is selected.
10:20:42 INFO  : System reset is completed.
10:20:45 INFO  : 'after 3000' command is executed.
10:20:45 INFO  : 'targets -set -filter {jtag_cable_name =~ "Xilinx TUL 1234-tulA" && level==0 && jtag_device_ctx=="jsn-TUL-1234-tulA-23727093-0"}' command is executed.
10:20:48 INFO  : Device configured successfully with "/home/kike/Desktop/marvin/marvin/marvin/_ide/bitstream/pynq_z2_bram_wrapper.bit"
10:20:48 INFO  : Context for 'APU' is selected.
10:20:49 INFO  : Hardware design and registers information is loaded from '/home/kike/Desktop/marvin/marvin/pynq_z2_bram_wrapper/export/pynq_z2_bram_wrapper/hw/pynq_z2_bram_wrapper.xsa'.
10:20:49 INFO  : 'configparams force-mem-access 1' command is executed.
10:20:49 INFO  : Context for 'APU' is selected.
10:20:49 INFO  : Sourcing of '/home/kike/Desktop/marvin/marvin/marvin/_ide/psinit/ps7_init.tcl' is done.
10:20:49 INFO  : 'ps7_init' command is executed.
10:20:49 INFO  : 'ps7_post_config' command is executed.
10:20:49 INFO  : Context for processor 'ps7_cortexa9_0' is selected.
10:20:49 INFO  : The application '/home/kike/Desktop/marvin/marvin/marvin/Debug/marvin.elf' is downloaded to processor 'ps7_cortexa9_0'.
10:20:49 INFO  : 'configparams force-mem-access 0' command is executed.
10:20:49 INFO  : ----------------XSDB Script----------------
connect -url tcp:127.0.0.1:3121
targets -set -nocase -filter {name =~"APU*"}
rst -system
after 3000
targets -set -filter {jtag_cable_name =~ "Xilinx TUL 1234-tulA" && level==0 && jtag_device_ctx=="jsn-TUL-1234-tulA-23727093-0"}
fpga -file /home/kike/Desktop/marvin/marvin/marvin/_ide/bitstream/pynq_z2_bram_wrapper.bit
targets -set -nocase -filter {name =~"APU*"}
loadhw -hw /home/kike/Desktop/marvin/marvin/pynq_z2_bram_wrapper/export/pynq_z2_bram_wrapper/hw/pynq_z2_bram_wrapper.xsa -mem-ranges [list {0x40000000 0xbfffffff}] -regs
configparams force-mem-access 1
targets -set -nocase -filter {name =~"APU*"}
source /home/kike/Desktop/marvin/marvin/marvin/_ide/psinit/ps7_init.tcl
ps7_init
ps7_post_config
targets -set -nocase -filter {name =~ "*A9*#0"}
dow /home/kike/Desktop/marvin/marvin/marvin/Debug/marvin.elf
configparams force-mem-access 0
----------------End of Script----------------

10:20:49 INFO  : Context for processor 'ps7_cortexa9_0' is selected.
10:20:49 INFO  : 'con' command is executed.
10:20:49 INFO  : ----------------XSDB Script (After Launch)----------------
targets -set -nocase -filter {name =~ "*A9*#0"}
con
----------------End of Script----------------

10:20:49 INFO  : Launch script is exported to file '/home/kike/Desktop/marvin/marvin/marvin_system/_ide/scripts/debugger_marvin-default.tcl'
10:21:37 INFO  : Disconnected from the channel tcfchan#2.
10:21:38 INFO  : Connected to target on host '127.0.0.1' and port '3121'.
10:21:38 INFO  : Jtag cable 'Xilinx TUL 1234-tulA' is selected.
10:21:38 INFO  : 'jtag frequency' command is executed.
10:21:39 INFO  : Context for 'APU' is selected.
10:21:39 INFO  : System reset is completed.
10:21:42 INFO  : 'after 3000' command is executed.
10:21:42 INFO  : 'targets -set -filter {jtag_cable_name =~ "Xilinx TUL 1234-tulA" && level==0 && jtag_device_ctx=="jsn-TUL-1234-tulA-23727093-0"}' command is executed.
10:21:44 INFO  : Device configured successfully with "/home/kike/Desktop/marvin/marvin/marvin/_ide/bitstream/pynq_z2_bram_wrapper.bit"
10:21:44 INFO  : Context for 'APU' is selected.
10:21:45 INFO  : Hardware design and registers information is loaded from '/home/kike/Desktop/marvin/marvin/pynq_z2_bram_wrapper/export/pynq_z2_bram_wrapper/hw/pynq_z2_bram_wrapper.xsa'.
10:21:45 INFO  : 'configparams force-mem-access 1' command is executed.
10:21:45 INFO  : Context for 'APU' is selected.
10:21:45 INFO  : Sourcing of '/home/kike/Desktop/marvin/marvin/marvin/_ide/psinit/ps7_init.tcl' is done.
10:21:46 INFO  : 'ps7_init' command is executed.
10:21:46 INFO  : 'ps7_post_config' command is executed.
10:21:46 INFO  : Context for processor 'ps7_cortexa9_0' is selected.
10:21:46 INFO  : The application '/home/kike/Desktop/marvin/marvin/marvin/Debug/marvin.elf' is downloaded to processor 'ps7_cortexa9_0'.
10:21:46 INFO  : 'configparams force-mem-access 0' command is executed.
10:21:46 INFO  : ----------------XSDB Script----------------
connect -url tcp:127.0.0.1:3121
targets -set -nocase -filter {name =~"APU*"}
rst -system
after 3000
targets -set -filter {jtag_cable_name =~ "Xilinx TUL 1234-tulA" && level==0 && jtag_device_ctx=="jsn-TUL-1234-tulA-23727093-0"}
fpga -file /home/kike/Desktop/marvin/marvin/marvin/_ide/bitstream/pynq_z2_bram_wrapper.bit
targets -set -nocase -filter {name =~"APU*"}
loadhw -hw /home/kike/Desktop/marvin/marvin/pynq_z2_bram_wrapper/export/pynq_z2_bram_wrapper/hw/pynq_z2_bram_wrapper.xsa -mem-ranges [list {0x40000000 0xbfffffff}] -regs
configparams force-mem-access 1
targets -set -nocase -filter {name =~"APU*"}
source /home/kike/Desktop/marvin/marvin/marvin/_ide/psinit/ps7_init.tcl
ps7_init
ps7_post_config
targets -set -nocase -filter {name =~ "*A9*#0"}
dow /home/kike/Desktop/marvin/marvin/marvin/Debug/marvin.elf
configparams force-mem-access 0
----------------End of Script----------------

10:21:46 INFO  : Context for processor 'ps7_cortexa9_0' is selected.
10:21:46 INFO  : 'con' command is executed.
10:21:46 INFO  : ----------------XSDB Script (After Launch)----------------
targets -set -nocase -filter {name =~ "*A9*#0"}
con
----------------End of Script----------------

10:21:46 INFO  : Launch script is exported to file '/home/kike/Desktop/marvin/marvin/marvin_system/_ide/scripts/debugger_marvin-default.tcl'
10:47:03 INFO  : Disconnected from the channel tcfchan#3.
10:47:04 INFO  : Connected to target on host '127.0.0.1' and port '3121'.
10:47:05 INFO  : Jtag cable 'Xilinx TUL 1234-tulA' is selected.
10:47:05 INFO  : 'jtag frequency' command is executed.
10:47:07 INFO  : Context for 'APU' is selected.
10:47:07 INFO  : System reset is completed.
10:47:10 INFO  : 'after 3000' command is executed.
10:47:10 INFO  : 'targets -set -filter {jtag_cable_name =~ "Xilinx TUL 1234-tulA" && level==0 && jtag_device_ctx=="jsn-TUL-1234-tulA-23727093-0"}' command is executed.
10:47:12 INFO  : Device configured successfully with "/home/kike/Desktop/marvin/marvin/marvin/_ide/bitstream/pynq_z2_bram_wrapper.bit"
10:47:12 INFO  : Context for 'APU' is selected.
10:47:13 INFO  : Hardware design and registers information is loaded from '/home/kike/Desktop/marvin/marvin/pynq_z2_bram_wrapper/export/pynq_z2_bram_wrapper/hw/pynq_z2_bram_wrapper.xsa'.
10:47:13 INFO  : 'configparams force-mem-access 1' command is executed.
10:47:13 INFO  : Context for 'APU' is selected.
10:47:13 INFO  : Sourcing of '/home/kike/Desktop/marvin/marvin/marvin/_ide/psinit/ps7_init.tcl' is done.
10:47:13 INFO  : 'ps7_init' command is executed.
10:47:13 INFO  : 'ps7_post_config' command is executed.
10:47:13 INFO  : Context for processor 'ps7_cortexa9_0' is selected.
10:47:14 INFO  : The application '/home/kike/Desktop/marvin/marvin/marvin/Debug/marvin.elf' is downloaded to processor 'ps7_cortexa9_0'.
10:47:14 INFO  : 'configparams force-mem-access 0' command is executed.
10:47:14 INFO  : ----------------XSDB Script----------------
connect -url tcp:127.0.0.1:3121
targets -set -nocase -filter {name =~"APU*"}
rst -system
after 3000
targets -set -filter {jtag_cable_name =~ "Xilinx TUL 1234-tulA" && level==0 && jtag_device_ctx=="jsn-TUL-1234-tulA-23727093-0"}
fpga -file /home/kike/Desktop/marvin/marvin/marvin/_ide/bitstream/pynq_z2_bram_wrapper.bit
targets -set -nocase -filter {name =~"APU*"}
loadhw -hw /home/kike/Desktop/marvin/marvin/pynq_z2_bram_wrapper/export/pynq_z2_bram_wrapper/hw/pynq_z2_bram_wrapper.xsa -mem-ranges [list {0x40000000 0xbfffffff}] -regs
configparams force-mem-access 1
targets -set -nocase -filter {name =~"APU*"}
source /home/kike/Desktop/marvin/marvin/marvin/_ide/psinit/ps7_init.tcl
ps7_init
ps7_post_config
targets -set -nocase -filter {name =~ "*A9*#0"}
dow /home/kike/Desktop/marvin/marvin/marvin/Debug/marvin.elf
configparams force-mem-access 0
----------------End of Script----------------

10:47:14 INFO  : Context for processor 'ps7_cortexa9_0' is selected.
10:47:14 INFO  : 'con' command is executed.
10:47:14 INFO  : ----------------XSDB Script (After Launch)----------------
targets -set -nocase -filter {name =~ "*A9*#0"}
con
----------------End of Script----------------

10:47:14 INFO  : Launch script is exported to file '/home/kike/Desktop/marvin/marvin/marvin_system/_ide/scripts/debugger_marvin-default.tcl'
10:47:25 ERROR : (XSDB Server)no register match: d17

10:47:30 ERROR : (XSDB Server)no register match: D17

10:54:40 ERROR : (XSDB Server)no register match: d17

11:44:46 INFO  : Projects exported to '/home/kike/Desktop/marvin/vitis_export_archive.ide.zip'
14:38:22 INFO  : Checking for BSP changes to sync application flags for project 'marvin'...
14:38:29 INFO  : Disconnected from the channel tcfchan#4.
14:38:30 INFO  : Connected to target on host '127.0.0.1' and port '3121'.
14:38:31 INFO  : Jtag cable 'Xilinx TUL 1234-tulA' is selected.
14:38:31 INFO  : 'jtag frequency' command is executed.
14:38:31 INFO  : Context for 'APU' is selected.
14:38:31 INFO  : System reset is completed.
14:38:34 INFO  : 'after 3000' command is executed.
14:38:34 INFO  : 'targets -set -filter {jtag_cable_name =~ "Xilinx TUL 1234-tulA" && level==0 && jtag_device_ctx=="jsn-TUL-1234-tulA-23727093-0"}' command is executed.
14:38:36 INFO  : Device configured successfully with "/home/kike/Desktop/marvin/marvin/marvin/_ide/bitstream/pynq_z2_bram_wrapper.bit"
14:38:36 INFO  : Context for 'APU' is selected.
14:38:37 INFO  : Hardware design and registers information is loaded from '/home/kike/Desktop/marvin/marvin/pynq_z2_bram_wrapper/export/pynq_z2_bram_wrapper/hw/pynq_z2_bram_wrapper.xsa'.
14:38:37 INFO  : 'configparams force-mem-access 1' command is executed.
14:38:37 INFO  : Context for 'APU' is selected.
14:38:37 INFO  : Sourcing of '/home/kike/Desktop/marvin/marvin/marvin/_ide/psinit/ps7_init.tcl' is done.
14:38:38 INFO  : 'ps7_init' command is executed.
14:38:38 INFO  : 'ps7_post_config' command is executed.
14:38:38 INFO  : Context for processor 'ps7_cortexa9_0' is selected.
14:38:38 INFO  : The application '/home/kike/Desktop/marvin/marvin/marvin/Debug/marvin.elf' is downloaded to processor 'ps7_cortexa9_0'.
14:38:38 INFO  : 'configparams force-mem-access 0' command is executed.
14:38:38 INFO  : ----------------XSDB Script----------------
connect -url tcp:127.0.0.1:3121
targets -set -nocase -filter {name =~"APU*"}
rst -system
after 3000
targets -set -filter {jtag_cable_name =~ "Xilinx TUL 1234-tulA" && level==0 && jtag_device_ctx=="jsn-TUL-1234-tulA-23727093-0"}
fpga -file /home/kike/Desktop/marvin/marvin/marvin/_ide/bitstream/pynq_z2_bram_wrapper.bit
targets -set -nocase -filter {name =~"APU*"}
loadhw -hw /home/kike/Desktop/marvin/marvin/pynq_z2_bram_wrapper/export/pynq_z2_bram_wrapper/hw/pynq_z2_bram_wrapper.xsa -mem-ranges [list {0x40000000 0xbfffffff}] -regs
configparams force-mem-access 1
targets -set -nocase -filter {name =~"APU*"}
source /home/kike/Desktop/marvin/marvin/marvin/_ide/psinit/ps7_init.tcl
ps7_init
ps7_post_config
targets -set -nocase -filter {name =~ "*A9*#0"}
dow /home/kike/Desktop/marvin/marvin/marvin/Debug/marvin.elf
configparams force-mem-access 0
----------------End of Script----------------

14:38:38 INFO  : Context for processor 'ps7_cortexa9_0' is selected.
14:38:38 INFO  : 'con' command is executed.
14:38:38 INFO  : ----------------XSDB Script (After Launch)----------------
targets -set -nocase -filter {name =~ "*A9*#0"}
con
----------------End of Script----------------

14:38:38 INFO  : Launch script is exported to file '/home/kike/Desktop/marvin/marvin/marvin_system/_ide/scripts/debugger_marvin-default.tcl'
19:27:55 INFO  : Disconnected from the channel tcfchan#5.
15:51:57 DEBUG : Logs will be stored at '/home/kike/Desktop/marvin/marvin/IDE.log'.
15:51:58 INFO  : Launching XSCT server: xsct -n  -interactive /home/kike/Desktop/marvin/marvin/temp_xsdb_launch_script.tcl
15:52:00 INFO  : XSCT server has started successfully.
15:52:00 INFO  : Successfully done setting XSCT server connection channel  
15:52:00 INFO  : plnx-install-location is set to ''
15:52:00 INFO  : Successfully done setting workspace for the tool. 
15:52:01 INFO  : Registering command handlers for Vitis TCF services
15:52:01 INFO  : Successfully done query RDI_DATADIR 
15:52:02 INFO  : Platform repository initialization has completed.
16:30:00 INFO  : Connected to target on host '127.0.0.1' and port '3121'.
16:30:00 INFO  : Jtag cable 'Xilinx TUL 1234-tulA' is selected.
16:30:00 INFO  : 'jtag frequency' command is executed.
16:30:00 INFO  : Context for 'APU' is selected.
16:30:00 INFO  : System reset is completed.
16:30:03 INFO  : 'after 3000' command is executed.
16:30:03 INFO  : 'targets -set -filter {jtag_cable_name =~ "Xilinx TUL 1234-tulA" && level==0 && jtag_device_ctx=="jsn-TUL-1234-tulA-23727093-0"}' command is executed.
16:30:06 INFO  : Device configured successfully with "/home/kike/Desktop/marvin/marvin/marvin/_ide/bitstream/pynq_z2_bram_wrapper.bit"
16:30:06 INFO  : Context for 'APU' is selected.
16:30:06 INFO  : Hardware design and registers information is loaded from '/home/kike/Desktop/marvin/marvin/pynq_z2_bram_wrapper/export/pynq_z2_bram_wrapper/hw/pynq_z2_bram_wrapper.xsa'.
16:30:06 INFO  : 'configparams force-mem-access 1' command is executed.
16:30:06 INFO  : Context for 'APU' is selected.
16:30:06 INFO  : Sourcing of '/home/kike/Desktop/marvin/marvin/marvin/_ide/psinit/ps7_init.tcl' is done.
16:30:06 INFO  : 'ps7_init' command is executed.
16:30:06 INFO  : 'ps7_post_config' command is executed.
16:30:06 INFO  : Context for processor 'ps7_cortexa9_0' is selected.
16:30:06 INFO  : The application '/home/kike/Desktop/marvin/marvin/marvin/Debug/marvin.elf' is downloaded to processor 'ps7_cortexa9_0'.
16:30:06 INFO  : 'configparams force-mem-access 0' command is executed.
16:30:06 INFO  : ----------------XSDB Script----------------
connect -url tcp:127.0.0.1:3121
targets -set -nocase -filter {name =~"APU*"}
rst -system
after 3000
targets -set -filter {jtag_cable_name =~ "Xilinx TUL 1234-tulA" && level==0 && jtag_device_ctx=="jsn-TUL-1234-tulA-23727093-0"}
fpga -file /home/kike/Desktop/marvin/marvin/marvin/_ide/bitstream/pynq_z2_bram_wrapper.bit
targets -set -nocase -filter {name =~"APU*"}
loadhw -hw /home/kike/Desktop/marvin/marvin/pynq_z2_bram_wrapper/export/pynq_z2_bram_wrapper/hw/pynq_z2_bram_wrapper.xsa -mem-ranges [list {0x40000000 0xbfffffff}] -regs
configparams force-mem-access 1
targets -set -nocase -filter {name =~"APU*"}
source /home/kike/Desktop/marvin/marvin/marvin/_ide/psinit/ps7_init.tcl
ps7_init
ps7_post_config
targets -set -nocase -filter {name =~ "*A9*#0"}
dow /home/kike/Desktop/marvin/marvin/marvin/Debug/marvin.elf
configparams force-mem-access 0
----------------End of Script----------------

16:30:06 INFO  : Context for processor 'ps7_cortexa9_0' is selected.
16:30:06 INFO  : 'con' command is executed.
16:30:06 INFO  : ----------------XSDB Script (After Launch)----------------
targets -set -nocase -filter {name =~ "*A9*#0"}
con
----------------End of Script----------------

16:30:06 INFO  : Launch script is exported to file '/home/kike/Desktop/marvin/marvin/marvin_system/_ide/scripts/debugger_marvin-default.tcl'
16:31:30 ERROR : (XSDB Server)no register match: s50

16:31:36 ERROR : (XSDB Server)no register match: s50

16:31:44 ERROR : (XSDB Server)no register match: q12s50

16:31:46 ERROR : (XSDB Server)no register match: s50

16:57:17 INFO  : Checking for BSP changes to sync application flags for project 'marvin'...
23:08:12 INFO  : Disconnected from the channel tcfchan#1.
08:52:01 DEBUG : Logs will be stored at '/home/kike/Desktop/marvin/marvin/IDE.log'.
08:52:01 INFO  : Launching XSCT server: xsct -n  -interactive /home/kike/Desktop/marvin/marvin/temp_xsdb_launch_script.tcl
08:52:03 INFO  : XSCT server has started successfully.
08:52:03 INFO  : Successfully done setting XSCT server connection channel  
08:52:03 INFO  : plnx-install-location is set to ''
08:52:03 INFO  : Successfully done setting workspace for the tool. 
08:52:04 INFO  : Registering command handlers for Vitis TCF services
08:52:04 INFO  : Successfully done query RDI_DATADIR 
08:52:04 INFO  : Platform repository initialization has completed.
08:53:13 INFO  : Checking for BSP changes to sync application flags for project 'marvin'...
08:53:19 INFO  : Connected to target on host '127.0.0.1' and port '3121'.
08:53:19 INFO  : Jtag cable 'Xilinx TUL 1234-tulA' is selected.
08:53:19 INFO  : 'jtag frequency' command is executed.
08:53:19 INFO  : Context for 'APU' is selected.
08:53:19 INFO  : System reset is completed.
08:53:22 INFO  : 'after 3000' command is executed.
08:53:22 INFO  : 'targets -set -filter {jtag_cable_name =~ "Xilinx TUL 1234-tulA" && level==0 && jtag_device_ctx=="jsn-TUL-1234-tulA-23727093-0"}' command is executed.
08:53:24 INFO  : Device configured successfully with "/home/kike/Desktop/marvin/marvin/marvin/_ide/bitstream/pynq_z2_bram_wrapper.bit"
08:53:24 INFO  : Context for 'APU' is selected.
08:53:24 INFO  : Hardware design and registers information is loaded from '/home/kike/Desktop/marvin/marvin/pynq_z2_bram_wrapper/export/pynq_z2_bram_wrapper/hw/pynq_z2_bram_wrapper.xsa'.
08:53:24 INFO  : 'configparams force-mem-access 1' command is executed.
08:53:24 INFO  : Context for 'APU' is selected.
08:53:24 INFO  : Sourcing of '/home/kike/Desktop/marvin/marvin/marvin/_ide/psinit/ps7_init.tcl' is done.
08:53:24 INFO  : 'ps7_init' command is executed.
08:53:25 INFO  : 'ps7_post_config' command is executed.
08:53:25 INFO  : Context for processor 'ps7_cortexa9_0' is selected.
08:53:25 INFO  : The application '/home/kike/Desktop/marvin/marvin/marvin/Debug/marvin.elf' is downloaded to processor 'ps7_cortexa9_0'.
08:53:25 INFO  : 'configparams force-mem-access 0' command is executed.
08:53:25 INFO  : ----------------XSDB Script----------------
connect -url tcp:127.0.0.1:3121
targets -set -nocase -filter {name =~"APU*"}
rst -system
after 3000
targets -set -filter {jtag_cable_name =~ "Xilinx TUL 1234-tulA" && level==0 && jtag_device_ctx=="jsn-TUL-1234-tulA-23727093-0"}
fpga -file /home/kike/Desktop/marvin/marvin/marvin/_ide/bitstream/pynq_z2_bram_wrapper.bit
targets -set -nocase -filter {name =~"APU*"}
loadhw -hw /home/kike/Desktop/marvin/marvin/pynq_z2_bram_wrapper/export/pynq_z2_bram_wrapper/hw/pynq_z2_bram_wrapper.xsa -mem-ranges [list {0x40000000 0xbfffffff}] -regs
configparams force-mem-access 1
targets -set -nocase -filter {name =~"APU*"}
source /home/kike/Desktop/marvin/marvin/marvin/_ide/psinit/ps7_init.tcl
ps7_init
ps7_post_config
targets -set -nocase -filter {name =~ "*A9*#0"}
dow /home/kike/Desktop/marvin/marvin/marvin/Debug/marvin.elf
configparams force-mem-access 0
----------------End of Script----------------

08:53:25 INFO  : Context for processor 'ps7_cortexa9_0' is selected.
08:53:25 INFO  : 'con' command is executed.
08:53:25 INFO  : ----------------XSDB Script (After Launch)----------------
targets -set -nocase -filter {name =~ "*A9*#0"}
con
----------------End of Script----------------

08:53:25 INFO  : Launch script is exported to file '/home/kike/Desktop/marvin/marvin/marvin_system/_ide/scripts/debugger_marvin-default.tcl'
20:12:28 DEBUG : Logs will be stored at '/home/kike/Desktop/marvin/marvin/IDE.log'.
20:12:28 INFO  : Launching XSCT server: xsct -n  -interactive /home/kike/Desktop/marvin/marvin/temp_xsdb_launch_script.tcl
20:12:29 INFO  : XSCT server has started successfully.
20:12:29 INFO  : Successfully done setting XSCT server connection channel  
20:12:29 INFO  : plnx-install-location is set to ''
20:12:29 INFO  : Successfully done setting workspace for the tool. 
20:12:30 INFO  : Registering command handlers for Vitis TCF services
20:12:31 INFO  : Successfully done query RDI_DATADIR 
20:12:31 INFO  : Platform repository initialization has completed.
20:13:00 INFO  : Checking for BSP changes to sync application flags for project 'marvin'...
20:13:28 INFO  : Connected to target on host '127.0.0.1' and port '3121'.
20:13:28 INFO  : Jtag cable 'Xilinx TUL 1234-tulA' is selected.
20:13:28 INFO  : 'jtag frequency' command is executed.
20:13:29 INFO  : Context for 'APU' is selected.
20:13:29 INFO  : System reset is completed.
20:13:32 INFO  : 'after 3000' command is executed.
20:13:32 INFO  : 'targets -set -filter {jtag_cable_name =~ "Xilinx TUL 1234-tulA" && level==0 && jtag_device_ctx=="jsn-TUL-1234-tulA-23727093-0"}' command is executed.
20:13:34 INFO  : Device configured successfully with "/home/kike/Desktop/marvin/marvin/marvin/_ide/bitstream/pynq_z2_bram_wrapper.bit"
20:13:34 INFO  : Context for 'APU' is selected.
20:13:34 INFO  : Hardware design and registers information is loaded from '/home/kike/Desktop/marvin/marvin/pynq_z2_bram_wrapper/export/pynq_z2_bram_wrapper/hw/pynq_z2_bram_wrapper.xsa'.
20:13:34 INFO  : 'configparams force-mem-access 1' command is executed.
20:13:34 INFO  : Context for 'APU' is selected.
20:13:34 INFO  : Sourcing of '/home/kike/Desktop/marvin/marvin/marvin/_ide/psinit/ps7_init.tcl' is done.
20:13:34 INFO  : 'ps7_init' command is executed.
20:13:34 INFO  : 'ps7_post_config' command is executed.
20:13:34 INFO  : Context for processor 'ps7_cortexa9_0' is selected.
20:13:35 INFO  : The application '/home/kike/Desktop/marvin/marvin/marvin/Debug/marvin.elf' is downloaded to processor 'ps7_cortexa9_0'.
20:13:35 INFO  : 'configparams force-mem-access 0' command is executed.
20:13:35 INFO  : ----------------XSDB Script----------------
connect -url tcp:127.0.0.1:3121
targets -set -nocase -filter {name =~"APU*"}
rst -system
after 3000
targets -set -filter {jtag_cable_name =~ "Xilinx TUL 1234-tulA" && level==0 && jtag_device_ctx=="jsn-TUL-1234-tulA-23727093-0"}
fpga -file /home/kike/Desktop/marvin/marvin/marvin/_ide/bitstream/pynq_z2_bram_wrapper.bit
targets -set -nocase -filter {name =~"APU*"}
loadhw -hw /home/kike/Desktop/marvin/marvin/pynq_z2_bram_wrapper/export/pynq_z2_bram_wrapper/hw/pynq_z2_bram_wrapper.xsa -mem-ranges [list {0x40000000 0xbfffffff}] -regs
configparams force-mem-access 1
targets -set -nocase -filter {name =~"APU*"}
source /home/kike/Desktop/marvin/marvin/marvin/_ide/psinit/ps7_init.tcl
ps7_init
ps7_post_config
targets -set -nocase -filter {name =~ "*A9*#0"}
dow /home/kike/Desktop/marvin/marvin/marvin/Debug/marvin.elf
configparams force-mem-access 0
----------------End of Script----------------

20:13:35 INFO  : Context for processor 'ps7_cortexa9_0' is selected.
20:13:35 INFO  : 'con' command is executed.
20:13:35 INFO  : ----------------XSDB Script (After Launch)----------------
targets -set -nocase -filter {name =~ "*A9*#0"}
con
----------------End of Script----------------

20:13:35 INFO  : Launch script is exported to file '/home/kike/Desktop/marvin/marvin/marvin_system/_ide/scripts/debugger_marvin-default.tcl'
21:05:30 INFO  : Disconnected from the channel tcfchan#1.
09:35:47 DEBUG : Logs will be stored at '/home/kike/Desktop/marvin/marvin/IDE.log'.
09:35:48 INFO  : Launching XSCT server: xsct -n  -interactive /home/kike/Desktop/marvin/marvin/temp_xsdb_launch_script.tcl
09:35:49 INFO  : Registering command handlers for Vitis TCF services
09:35:50 INFO  : XSCT server has started successfully.
09:35:50 INFO  : plnx-install-location is set to ''
09:35:50 INFO  : Platform repository initialization has completed.
09:35:50 INFO  : Successfully done setting XSCT server connection channel  
09:35:50 INFO  : Successfully done query RDI_DATADIR 
09:35:50 INFO  : Successfully done setting workspace for the tool. 
09:37:04 INFO  : Checking for BSP changes to sync application flags for project 'marvin'...
09:37:09 INFO  : Connected to target on host '127.0.0.1' and port '3121'.
09:37:09 INFO  : Jtag cable 'Xilinx HW-FTDI-TEST FT2232H 1234-tulA' is selected.
09:37:09 INFO  : 'jtag frequency' command is executed.
09:37:09 INFO  : Context for 'APU' is selected.
09:37:09 INFO  : System reset is completed.
09:37:12 INFO  : 'after 3000' command is executed.
09:37:12 INFO  : 'targets -set -filter {jtag_cable_name =~ "Xilinx HW-FTDI-TEST FT2232H 1234-tulA" && level==0 && jtag_device_ctx=="jsn-HW-FTDI-TEST FT2232H-1234-tulA-23727093-0"}' command is executed.
09:37:14 INFO  : Device configured successfully with "/home/kike/Desktop/marvin/marvin/marvin/_ide/bitstream/pynq_z2_bram_wrapper.bit"
09:37:14 INFO  : Context for 'APU' is selected.
09:37:15 INFO  : Hardware design and registers information is loaded from '/home/kike/Desktop/marvin/marvin/pynq_z2_bram_wrapper/export/pynq_z2_bram_wrapper/hw/pynq_z2_bram_wrapper.xsa'.
09:37:15 INFO  : 'configparams force-mem-access 1' command is executed.
09:37:15 INFO  : Context for 'APU' is selected.
09:37:15 INFO  : Sourcing of '/home/kike/Desktop/marvin/marvin/marvin/_ide/psinit/ps7_init.tcl' is done.
09:37:15 INFO  : 'ps7_init' command is executed.
09:37:15 INFO  : 'ps7_post_config' command is executed.
09:37:15 INFO  : Context for processor 'ps7_cortexa9_0' is selected.
09:37:15 INFO  : The application '/home/kike/Desktop/marvin/marvin/marvin/Debug/marvin.elf' is downloaded to processor 'ps7_cortexa9_0'.
09:37:15 INFO  : 'configparams force-mem-access 0' command is executed.
09:37:15 INFO  : ----------------XSDB Script----------------
connect -url tcp:127.0.0.1:3121
targets -set -nocase -filter {name =~"APU*"}
rst -system
after 3000
targets -set -filter {jtag_cable_name =~ "Xilinx HW-FTDI-TEST FT2232H 1234-tulA" && level==0 && jtag_device_ctx=="jsn-HW-FTDI-TEST FT2232H-1234-tulA-23727093-0"}
fpga -file /home/kike/Desktop/marvin/marvin/marvin/_ide/bitstream/pynq_z2_bram_wrapper.bit
targets -set -nocase -filter {name =~"APU*"}
loadhw -hw /home/kike/Desktop/marvin/marvin/pynq_z2_bram_wrapper/export/pynq_z2_bram_wrapper/hw/pynq_z2_bram_wrapper.xsa -mem-ranges [list {0x40000000 0xbfffffff}] -regs
configparams force-mem-access 1
targets -set -nocase -filter {name =~"APU*"}
source /home/kike/Desktop/marvin/marvin/marvin/_ide/psinit/ps7_init.tcl
ps7_init
ps7_post_config
targets -set -nocase -filter {name =~ "*A9*#0"}
dow /home/kike/Desktop/marvin/marvin/marvin/Debug/marvin.elf
configparams force-mem-access 0
----------------End of Script----------------

09:37:15 INFO  : Context for processor 'ps7_cortexa9_0' is selected.
09:37:15 INFO  : 'con' command is executed.
09:37:15 INFO  : ----------------XSDB Script (After Launch)----------------
targets -set -nocase -filter {name =~ "*A9*#0"}
con
----------------End of Script----------------

09:37:15 INFO  : Launch script is exported to file '/home/kike/Desktop/marvin/marvin/marvin_system/_ide/scripts/debugger_marvin-default.tcl'
09:38:01 INFO  : Disconnected from the channel tcfchan#1.
09:38:02 INFO  : Connected to target on host '127.0.0.1' and port '3121'.
09:38:02 INFO  : Jtag cable 'Xilinx HW-FTDI-TEST FT2232H 1234-tulA' is selected.
09:38:02 INFO  : 'jtag frequency' command is executed.
09:38:02 INFO  : Context for 'APU' is selected.
09:38:02 INFO  : System reset is completed.
09:38:05 INFO  : 'after 3000' command is executed.
09:38:05 INFO  : 'targets -set -filter {jtag_cable_name =~ "Xilinx HW-FTDI-TEST FT2232H 1234-tulA" && level==0 && jtag_device_ctx=="jsn-HW-FTDI-TEST FT2232H-1234-tulA-23727093-0"}' command is executed.
09:38:08 INFO  : Device configured successfully with "/home/kike/Desktop/marvin/marvin/marvin/_ide/bitstream/pynq_z2_bram_wrapper.bit"
09:38:08 INFO  : Context for 'APU' is selected.
09:38:09 INFO  : Hardware design and registers information is loaded from '/home/kike/Desktop/marvin/marvin/pynq_z2_bram_wrapper/export/pynq_z2_bram_wrapper/hw/pynq_z2_bram_wrapper.xsa'.
09:38:09 INFO  : 'configparams force-mem-access 1' command is executed.
09:38:09 INFO  : Context for 'APU' is selected.
09:38:09 INFO  : Sourcing of '/home/kike/Desktop/marvin/marvin/marvin/_ide/psinit/ps7_init.tcl' is done.
09:38:09 INFO  : 'ps7_init' command is executed.
09:38:09 INFO  : 'ps7_post_config' command is executed.
09:38:09 INFO  : Context for processor 'ps7_cortexa9_0' is selected.
09:38:09 INFO  : The application '/home/kike/Desktop/marvin/marvin/marvin/Debug/marvin.elf' is downloaded to processor 'ps7_cortexa9_0'.
09:38:09 INFO  : 'configparams force-mem-access 0' command is executed.
09:38:09 INFO  : ----------------XSDB Script----------------
connect -url tcp:127.0.0.1:3121
targets -set -nocase -filter {name =~"APU*"}
rst -system
after 3000
targets -set -filter {jtag_cable_name =~ "Xilinx HW-FTDI-TEST FT2232H 1234-tulA" && level==0 && jtag_device_ctx=="jsn-HW-FTDI-TEST FT2232H-1234-tulA-23727093-0"}
fpga -file /home/kike/Desktop/marvin/marvin/marvin/_ide/bitstream/pynq_z2_bram_wrapper.bit
targets -set -nocase -filter {name =~"APU*"}
loadhw -hw /home/kike/Desktop/marvin/marvin/pynq_z2_bram_wrapper/export/pynq_z2_bram_wrapper/hw/pynq_z2_bram_wrapper.xsa -mem-ranges [list {0x40000000 0xbfffffff}] -regs
configparams force-mem-access 1
targets -set -nocase -filter {name =~"APU*"}
source /home/kike/Desktop/marvin/marvin/marvin/_ide/psinit/ps7_init.tcl
ps7_init
ps7_post_config
targets -set -nocase -filter {name =~ "*A9*#0"}
dow /home/kike/Desktop/marvin/marvin/marvin/Debug/marvin.elf
configparams force-mem-access 0
----------------End of Script----------------

09:38:09 INFO  : Context for processor 'ps7_cortexa9_0' is selected.
09:38:09 INFO  : 'con' command is executed.
09:38:09 INFO  : ----------------XSDB Script (After Launch)----------------
targets -set -nocase -filter {name =~ "*A9*#0"}
con
----------------End of Script----------------

09:38:09 INFO  : Launch script is exported to file '/home/kike/Desktop/marvin/marvin/marvin_system/_ide/scripts/debugger_marvin-default.tcl'
10:06:05 INFO  : Checking for BSP changes to sync application flags for project 'marvin'...
10:06:09 INFO  : Disconnected from the channel tcfchan#2.
10:06:10 INFO  : Connected to target on host '127.0.0.1' and port '3121'.
10:06:10 INFO  : Jtag cable 'Xilinx HW-FTDI-TEST FT2232H 1234-tulA' is selected.
10:06:10 INFO  : 'jtag frequency' command is executed.
10:06:10 INFO  : Context for 'APU' is selected.
10:06:10 INFO  : System reset is completed.
10:06:13 INFO  : 'after 3000' command is executed.
10:06:14 INFO  : 'targets -set -filter {jtag_cable_name =~ "Xilinx HW-FTDI-TEST FT2232H 1234-tulA" && level==0 && jtag_device_ctx=="jsn-HW-FTDI-TEST FT2232H-1234-tulA-23727093-0"}' command is executed.
10:06:16 INFO  : Device configured successfully with "/home/kike/Desktop/marvin/marvin/marvin/_ide/bitstream/pynq_z2_bram_wrapper.bit"
10:06:16 INFO  : Context for 'APU' is selected.
10:06:17 INFO  : Hardware design and registers information is loaded from '/home/kike/Desktop/marvin/marvin/pynq_z2_bram_wrapper/export/pynq_z2_bram_wrapper/hw/pynq_z2_bram_wrapper.xsa'.
10:06:17 INFO  : 'configparams force-mem-access 1' command is executed.
10:06:17 INFO  : Context for 'APU' is selected.
10:06:17 INFO  : Sourcing of '/home/kike/Desktop/marvin/marvin/marvin/_ide/psinit/ps7_init.tcl' is done.
10:06:17 ERROR : Memory read error at 0xF8F00208. APB AP transaction error, DAP status 0xF0000021
10:06:17 INFO  : ----------------XSDB Script----------------
connect -url tcp:127.0.0.1:3121
targets -set -nocase -filter {name =~"APU*"}
rst -system
after 3000
targets -set -filter {jtag_cable_name =~ "Xilinx HW-FTDI-TEST FT2232H 1234-tulA" && level==0 && jtag_device_ctx=="jsn-HW-FTDI-TEST FT2232H-1234-tulA-23727093-0"}
fpga -file /home/kike/Desktop/marvin/marvin/marvin/_ide/bitstream/pynq_z2_bram_wrapper.bit
targets -set -nocase -filter {name =~"APU*"}
loadhw -hw /home/kike/Desktop/marvin/marvin/pynq_z2_bram_wrapper/export/pynq_z2_bram_wrapper/hw/pynq_z2_bram_wrapper.xsa -mem-ranges [list {0x40000000 0xbfffffff}] -regs
configparams force-mem-access 1
targets -set -nocase -filter {name =~"APU*"}
source /home/kike/Desktop/marvin/marvin/marvin/_ide/psinit/ps7_init.tcl
ps7_init
----------------End of Script----------------

10:06:17 ERROR : Memory read error at 0xF8F00208. APB AP transaction error, DAP status 0xF0000021
10:07:07 INFO  : Connected to target on host '127.0.0.1' and port '3121'.
10:07:08 INFO  : Jtag cable 'Xilinx HW-FTDI-TEST FT2232H 1234-tulA' is selected.
10:07:08 INFO  : 'jtag frequency' command is executed.
10:07:08 INFO  : Context for 'APU' is selected.
10:07:08 INFO  : System reset is completed.
10:07:11 INFO  : 'after 3000' command is executed.
10:07:11 INFO  : 'targets -set -filter {jtag_cable_name =~ "Xilinx HW-FTDI-TEST FT2232H 1234-tulA" && level==0 && jtag_device_ctx=="jsn-HW-FTDI-TEST FT2232H-1234-tulA-23727093-0"}' command is executed.
10:07:13 INFO  : Device configured successfully with "/home/kike/Desktop/marvin/marvin/marvin/_ide/bitstream/pynq_z2_bram_wrapper.bit"
10:07:13 INFO  : Context for 'APU' is selected.
10:07:13 INFO  : Hardware design and registers information is loaded from '/home/kike/Desktop/marvin/marvin/pynq_z2_bram_wrapper/export/pynq_z2_bram_wrapper/hw/pynq_z2_bram_wrapper.xsa'.
10:07:13 INFO  : 'configparams force-mem-access 1' command is executed.
10:07:13 INFO  : Context for 'APU' is selected.
10:07:13 INFO  : Sourcing of '/home/kike/Desktop/marvin/marvin/marvin/_ide/psinit/ps7_init.tcl' is done.
10:07:13 INFO  : 'ps7_init' command is executed.
10:07:13 INFO  : 'ps7_post_config' command is executed.
10:07:13 INFO  : Context for processor 'ps7_cortexa9_0' is selected.
10:07:14 INFO  : The application '/home/kike/Desktop/marvin/marvin/marvin/Debug/marvin.elf' is downloaded to processor 'ps7_cortexa9_0'.
10:07:14 INFO  : 'configparams force-mem-access 0' command is executed.
10:07:14 INFO  : ----------------XSDB Script----------------
connect -url tcp:127.0.0.1:3121
targets -set -nocase -filter {name =~"APU*"}
rst -system
after 3000
targets -set -filter {jtag_cable_name =~ "Xilinx HW-FTDI-TEST FT2232H 1234-tulA" && level==0 && jtag_device_ctx=="jsn-HW-FTDI-TEST FT2232H-1234-tulA-23727093-0"}
fpga -file /home/kike/Desktop/marvin/marvin/marvin/_ide/bitstream/pynq_z2_bram_wrapper.bit
targets -set -nocase -filter {name =~"APU*"}
loadhw -hw /home/kike/Desktop/marvin/marvin/pynq_z2_bram_wrapper/export/pynq_z2_bram_wrapper/hw/pynq_z2_bram_wrapper.xsa -mem-ranges [list {0x40000000 0xbfffffff}] -regs
configparams force-mem-access 1
targets -set -nocase -filter {name =~"APU*"}
source /home/kike/Desktop/marvin/marvin/marvin/_ide/psinit/ps7_init.tcl
ps7_init
ps7_post_config
targets -set -nocase -filter {name =~ "*A9*#0"}
dow /home/kike/Desktop/marvin/marvin/marvin/Debug/marvin.elf
configparams force-mem-access 0
----------------End of Script----------------

10:07:14 INFO  : Context for processor 'ps7_cortexa9_0' is selected.
10:07:14 INFO  : 'con' command is executed.
10:07:14 INFO  : ----------------XSDB Script (After Launch)----------------
targets -set -nocase -filter {name =~ "*A9*#0"}
con
----------------End of Script----------------

10:07:14 INFO  : Launch script is exported to file '/home/kike/Desktop/marvin/marvin/marvin_system/_ide/scripts/debugger_marvin-default.tcl'
17:24:12 INFO  : Disconnected from the channel tcfchan#3.
15:00:31 DEBUG : Logs will be stored at '/home/kike/Desktop/marvin/marvin/IDE.log'.
15:00:31 INFO  : Launching XSCT server: xsct -n  -interactive /home/kike/Desktop/marvin/marvin/temp_xsdb_launch_script.tcl
15:00:33 INFO  : XSCT server has started successfully.
15:00:33 INFO  : plnx-install-location is set to ''
15:00:33 INFO  : Successfully done setting XSCT server connection channel  
15:00:34 INFO  : Registering command handlers for Vitis TCF services
15:00:34 INFO  : Successfully done setting workspace for the tool. 
15:00:34 INFO  : Successfully done query RDI_DATADIR 
15:00:34 INFO  : Platform repository initialization has completed.
15:00:42 INFO  : Checking for BSP changes to sync application flags for project 'marvin'...
15:00:48 INFO  : Connected to target on host '127.0.0.1' and port '3121'.
15:00:49 INFO  : Jtag cable 'Xilinx HW-FTDI-TEST FT2232H 1234-tulA' is selected.
15:00:49 INFO  : 'jtag frequency' command is executed.
15:00:49 INFO  : Context for 'APU' is selected.
15:00:49 INFO  : System reset is completed.
15:00:52 INFO  : 'after 3000' command is executed.
15:00:52 INFO  : 'targets -set -filter {jtag_cable_name =~ "Xilinx HW-FTDI-TEST FT2232H 1234-tulA" && level==0 && jtag_device_ctx=="jsn-HW-FTDI-TEST FT2232H-1234-tulA-23727093-0"}' command is executed.
15:00:54 INFO  : Device configured successfully with "/home/kike/Desktop/marvin/marvin/marvin/_ide/bitstream/pynq_z2_bram_wrapper.bit"
15:00:54 INFO  : Context for 'APU' is selected.
15:00:54 INFO  : Hardware design and registers information is loaded from '/home/kike/Desktop/marvin/marvin/pynq_z2_bram_wrapper/export/pynq_z2_bram_wrapper/hw/pynq_z2_bram_wrapper.xsa'.
15:00:54 INFO  : 'configparams force-mem-access 1' command is executed.
15:00:54 INFO  : Context for 'APU' is selected.
15:00:54 INFO  : Sourcing of '/home/kike/Desktop/marvin/marvin/marvin/_ide/psinit/ps7_init.tcl' is done.
15:00:54 INFO  : 'ps7_init' command is executed.
15:00:54 INFO  : 'ps7_post_config' command is executed.
15:00:54 INFO  : Context for processor 'ps7_cortexa9_0' is selected.
15:00:55 INFO  : The application '/home/kike/Desktop/marvin/marvin/marvin/Debug/marvin.elf' is downloaded to processor 'ps7_cortexa9_0'.
15:00:55 INFO  : 'configparams force-mem-access 0' command is executed.
15:00:55 INFO  : ----------------XSDB Script----------------
connect -url tcp:127.0.0.1:3121
targets -set -nocase -filter {name =~"APU*"}
rst -system
after 3000
targets -set -filter {jtag_cable_name =~ "Xilinx HW-FTDI-TEST FT2232H 1234-tulA" && level==0 && jtag_device_ctx=="jsn-HW-FTDI-TEST FT2232H-1234-tulA-23727093-0"}
fpga -file /home/kike/Desktop/marvin/marvin/marvin/_ide/bitstream/pynq_z2_bram_wrapper.bit
targets -set -nocase -filter {name =~"APU*"}
loadhw -hw /home/kike/Desktop/marvin/marvin/pynq_z2_bram_wrapper/export/pynq_z2_bram_wrapper/hw/pynq_z2_bram_wrapper.xsa -mem-ranges [list {0x40000000 0xbfffffff}] -regs
configparams force-mem-access 1
targets -set -nocase -filter {name =~"APU*"}
source /home/kike/Desktop/marvin/marvin/marvin/_ide/psinit/ps7_init.tcl
ps7_init
ps7_post_config
targets -set -nocase -filter {name =~ "*A9*#0"}
dow /home/kike/Desktop/marvin/marvin/marvin/Debug/marvin.elf
configparams force-mem-access 0
----------------End of Script----------------

15:00:55 INFO  : Context for processor 'ps7_cortexa9_0' is selected.
15:00:55 INFO  : 'con' command is executed.
15:00:55 INFO  : ----------------XSDB Script (After Launch)----------------
targets -set -nocase -filter {name =~ "*A9*#0"}
con
----------------End of Script----------------

15:00:55 INFO  : Launch script is exported to file '/home/kike/Desktop/marvin/marvin/marvin_system/_ide/scripts/debugger_marvin-default.tcl'
16:33:12 INFO  : Checking for BSP changes to sync application flags for project 'marvin'...
16:33:17 INFO  : Disconnected from the channel tcfchan#1.
16:33:18 INFO  : Connected to target on host '127.0.0.1' and port '3121'.
16:33:18 INFO  : Jtag cable 'Xilinx HW-FTDI-TEST FT2232H 1234-tulA' is selected.
16:33:18 INFO  : 'jtag frequency' command is executed.
16:33:18 INFO  : Context for 'APU' is selected.
16:33:18 INFO  : System reset is completed.
16:33:21 INFO  : 'after 3000' command is executed.
16:33:21 INFO  : 'targets -set -filter {jtag_cable_name =~ "Xilinx HW-FTDI-TEST FT2232H 1234-tulA" && level==0 && jtag_device_ctx=="jsn-HW-FTDI-TEST FT2232H-1234-tulA-23727093-0"}' command is executed.
16:33:23 INFO  : Device configured successfully with "/home/kike/Desktop/marvin/marvin/marvin/_ide/bitstream/pynq_z2_bram_wrapper.bit"
16:33:23 INFO  : Context for 'APU' is selected.
16:33:24 INFO  : Hardware design and registers information is loaded from '/home/kike/Desktop/marvin/marvin/pynq_z2_bram_wrapper/export/pynq_z2_bram_wrapper/hw/pynq_z2_bram_wrapper.xsa'.
16:33:24 INFO  : 'configparams force-mem-access 1' command is executed.
16:33:24 INFO  : Context for 'APU' is selected.
16:33:24 INFO  : Sourcing of '/home/kike/Desktop/marvin/marvin/marvin/_ide/psinit/ps7_init.tcl' is done.
16:33:25 INFO  : 'ps7_init' command is executed.
16:33:25 INFO  : 'ps7_post_config' command is executed.
16:33:25 INFO  : Context for processor 'ps7_cortexa9_0' is selected.
16:33:25 INFO  : The application '/home/kike/Desktop/marvin/marvin/marvin/Debug/marvin.elf' is downloaded to processor 'ps7_cortexa9_0'.
16:33:25 INFO  : 'configparams force-mem-access 0' command is executed.
16:33:25 INFO  : ----------------XSDB Script----------------
connect -url tcp:127.0.0.1:3121
targets -set -nocase -filter {name =~"APU*"}
rst -system
after 3000
targets -set -filter {jtag_cable_name =~ "Xilinx HW-FTDI-TEST FT2232H 1234-tulA" && level==0 && jtag_device_ctx=="jsn-HW-FTDI-TEST FT2232H-1234-tulA-23727093-0"}
fpga -file /home/kike/Desktop/marvin/marvin/marvin/_ide/bitstream/pynq_z2_bram_wrapper.bit
targets -set -nocase -filter {name =~"APU*"}
loadhw -hw /home/kike/Desktop/marvin/marvin/pynq_z2_bram_wrapper/export/pynq_z2_bram_wrapper/hw/pynq_z2_bram_wrapper.xsa -mem-ranges [list {0x40000000 0xbfffffff}] -regs
configparams force-mem-access 1
targets -set -nocase -filter {name =~"APU*"}
source /home/kike/Desktop/marvin/marvin/marvin/_ide/psinit/ps7_init.tcl
ps7_init
ps7_post_config
targets -set -nocase -filter {name =~ "*A9*#0"}
dow /home/kike/Desktop/marvin/marvin/marvin/Debug/marvin.elf
configparams force-mem-access 0
----------------End of Script----------------

16:33:25 INFO  : Context for processor 'ps7_cortexa9_0' is selected.
16:33:25 INFO  : 'con' command is executed.
16:33:25 INFO  : ----------------XSDB Script (After Launch)----------------
targets -set -nocase -filter {name =~ "*A9*#0"}
con
----------------End of Script----------------

16:33:25 INFO  : Launch script is exported to file '/home/kike/Desktop/marvin/marvin/marvin_system/_ide/scripts/debugger_marvin-default.tcl'
18:51:04 INFO  : Disconnected from the channel tcfchan#2.
12:30:36 DEBUG : Logs will be stored at '/home/kike/Desktop/marvin/marvin/IDE.log'.
12:30:37 INFO  : Launching XSCT server: xsct -n  -interactive /home/kike/Desktop/marvin/marvin/temp_xsdb_launch_script.tcl
12:30:39 INFO  : XSCT server has started successfully.
12:30:39 INFO  : Successfully done setting XSCT server connection channel  
12:30:39 INFO  : Registering command handlers for Vitis TCF services
12:30:39 INFO  : plnx-install-location is set to ''
12:30:39 INFO  : Successfully done setting workspace for the tool. 
12:30:39 INFO  : Successfully done query RDI_DATADIR 
12:30:39 INFO  : Platform repository initialization has completed.
12:30:46 INFO  : Checking for BSP changes to sync application flags for project 'marvin'...
12:30:59 INFO  : Connected to target on host '127.0.0.1' and port '3121'.
12:30:59 INFO  : Jtag cable 'Xilinx HW-FTDI-TEST FT2232H 1234-tulA' is selected.
12:30:59 INFO  : 'jtag frequency' command is executed.
12:30:59 INFO  : Context for 'APU' is selected.
12:30:59 INFO  : System reset is completed.
12:31:02 INFO  : 'after 3000' command is executed.
12:31:02 INFO  : 'targets -set -filter {jtag_cable_name =~ "Xilinx HW-FTDI-TEST FT2232H 1234-tulA" && level==0 && jtag_device_ctx=="jsn-HW-FTDI-TEST FT2232H-1234-tulA-23727093-0"}' command is executed.
12:31:04 INFO  : Device configured successfully with "/home/kike/Desktop/marvin/marvin/marvin/_ide/bitstream/pynq_z2_bram_wrapper.bit"
12:31:04 INFO  : Context for 'APU' is selected.
12:31:04 INFO  : Hardware design and registers information is loaded from '/home/kike/Desktop/marvin/marvin/pynq_z2_bram_wrapper/export/pynq_z2_bram_wrapper/hw/pynq_z2_bram_wrapper.xsa'.
12:31:04 INFO  : 'configparams force-mem-access 1' command is executed.
12:31:04 INFO  : Context for 'APU' is selected.
12:31:04 INFO  : Sourcing of '/home/kike/Desktop/marvin/marvin/marvin/_ide/psinit/ps7_init.tcl' is done.
12:31:05 INFO  : 'ps7_init' command is executed.
12:31:05 INFO  : 'ps7_post_config' command is executed.
12:31:05 INFO  : Context for processor 'ps7_cortexa9_0' is selected.
12:31:05 INFO  : The application '/home/kike/Desktop/marvin/marvin/marvin/Debug/marvin.elf' is downloaded to processor 'ps7_cortexa9_0'.
12:31:05 INFO  : 'configparams force-mem-access 0' command is executed.
12:31:05 INFO  : ----------------XSDB Script----------------
connect -url tcp:127.0.0.1:3121
targets -set -nocase -filter {name =~"APU*"}
rst -system
after 3000
targets -set -filter {jtag_cable_name =~ "Xilinx HW-FTDI-TEST FT2232H 1234-tulA" && level==0 && jtag_device_ctx=="jsn-HW-FTDI-TEST FT2232H-1234-tulA-23727093-0"}
fpga -file /home/kike/Desktop/marvin/marvin/marvin/_ide/bitstream/pynq_z2_bram_wrapper.bit
targets -set -nocase -filter {name =~"APU*"}
loadhw -hw /home/kike/Desktop/marvin/marvin/pynq_z2_bram_wrapper/export/pynq_z2_bram_wrapper/hw/pynq_z2_bram_wrapper.xsa -mem-ranges [list {0x40000000 0xbfffffff}] -regs
configparams force-mem-access 1
targets -set -nocase -filter {name =~"APU*"}
source /home/kike/Desktop/marvin/marvin/marvin/_ide/psinit/ps7_init.tcl
ps7_init
ps7_post_config
targets -set -nocase -filter {name =~ "*A9*#0"}
dow /home/kike/Desktop/marvin/marvin/marvin/Debug/marvin.elf
configparams force-mem-access 0
----------------End of Script----------------

12:31:05 INFO  : Context for processor 'ps7_cortexa9_0' is selected.
12:31:05 INFO  : 'con' command is executed.
12:31:05 INFO  : ----------------XSDB Script (After Launch)----------------
targets -set -nocase -filter {name =~ "*A9*#0"}
con
----------------End of Script----------------

12:31:05 INFO  : Launch script is exported to file '/home/kike/Desktop/marvin/marvin/marvin_system/_ide/scripts/debugger_marvin-default.tcl'
12:49:57 INFO  : Checking for BSP changes to sync application flags for project 'marvin'...
12:50:01 INFO  : Disconnected from the channel tcfchan#1.
12:50:02 INFO  : Connected to target on host '127.0.0.1' and port '3121'.
12:50:02 INFO  : Jtag cable 'Xilinx HW-FTDI-TEST FT2232H 1234-tulA' is selected.
12:50:02 INFO  : 'jtag frequency' command is executed.
12:50:02 INFO  : Context for 'APU' is selected.
12:50:02 INFO  : System reset is completed.
12:50:05 INFO  : 'after 3000' command is executed.
12:50:05 INFO  : 'targets -set -filter {jtag_cable_name =~ "Xilinx HW-FTDI-TEST FT2232H 1234-tulA" && level==0 && jtag_device_ctx=="jsn-HW-FTDI-TEST FT2232H-1234-tulA-23727093-0"}' command is executed.
12:50:07 INFO  : Device configured successfully with "/home/kike/Desktop/marvin/marvin/marvin/_ide/bitstream/pynq_z2_bram_wrapper.bit"
12:50:07 INFO  : Context for 'APU' is selected.
12:50:08 INFO  : Hardware design and registers information is loaded from '/home/kike/Desktop/marvin/marvin/pynq_z2_bram_wrapper/export/pynq_z2_bram_wrapper/hw/pynq_z2_bram_wrapper.xsa'.
12:50:08 INFO  : 'configparams force-mem-access 1' command is executed.
12:50:08 INFO  : Context for 'APU' is selected.
12:50:08 INFO  : Sourcing of '/home/kike/Desktop/marvin/marvin/marvin/_ide/psinit/ps7_init.tcl' is done.
12:50:09 INFO  : 'ps7_init' command is executed.
12:50:09 INFO  : 'ps7_post_config' command is executed.
12:50:09 INFO  : Context for processor 'ps7_cortexa9_0' is selected.
12:50:09 INFO  : The application '/home/kike/Desktop/marvin/marvin/marvin/Debug/marvin.elf' is downloaded to processor 'ps7_cortexa9_0'.
12:50:09 INFO  : 'configparams force-mem-access 0' command is executed.
12:50:09 INFO  : ----------------XSDB Script----------------
connect -url tcp:127.0.0.1:3121
targets -set -nocase -filter {name =~"APU*"}
rst -system
after 3000
targets -set -filter {jtag_cable_name =~ "Xilinx HW-FTDI-TEST FT2232H 1234-tulA" && level==0 && jtag_device_ctx=="jsn-HW-FTDI-TEST FT2232H-1234-tulA-23727093-0"}
fpga -file /home/kike/Desktop/marvin/marvin/marvin/_ide/bitstream/pynq_z2_bram_wrapper.bit
targets -set -nocase -filter {name =~"APU*"}
loadhw -hw /home/kike/Desktop/marvin/marvin/pynq_z2_bram_wrapper/export/pynq_z2_bram_wrapper/hw/pynq_z2_bram_wrapper.xsa -mem-ranges [list {0x40000000 0xbfffffff}] -regs
configparams force-mem-access 1
targets -set -nocase -filter {name =~"APU*"}
source /home/kike/Desktop/marvin/marvin/marvin/_ide/psinit/ps7_init.tcl
ps7_init
ps7_post_config
targets -set -nocase -filter {name =~ "*A9*#0"}
dow /home/kike/Desktop/marvin/marvin/marvin/Debug/marvin.elf
configparams force-mem-access 0
----------------End of Script----------------

12:50:09 INFO  : Context for processor 'ps7_cortexa9_0' is selected.
12:50:09 INFO  : 'con' command is executed.
12:50:09 INFO  : ----------------XSDB Script (After Launch)----------------
targets -set -nocase -filter {name =~ "*A9*#0"}
con
----------------End of Script----------------

12:50:09 INFO  : Launch script is exported to file '/home/kike/Desktop/marvin/marvin/marvin_system/_ide/scripts/debugger_marvin-default.tcl'
14:32:30 INFO  : Checking for BSP changes to sync application flags for project 'marvin'...
14:32:34 INFO  : Disconnected from the channel tcfchan#2.
14:32:35 INFO  : Connected to target on host '127.0.0.1' and port '3121'.
14:32:35 INFO  : Jtag cable 'Xilinx HW-FTDI-TEST FT2232H 1234-tulA' is selected.
14:32:35 INFO  : 'jtag frequency' command is executed.
14:32:37 INFO  : Context for 'APU' is selected.
14:32:37 INFO  : System reset is completed.
14:32:40 INFO  : 'after 3000' command is executed.
14:32:40 INFO  : 'targets -set -filter {jtag_cable_name =~ "Xilinx HW-FTDI-TEST FT2232H 1234-tulA" && level==0 && jtag_device_ctx=="jsn-HW-FTDI-TEST FT2232H-1234-tulA-23727093-0"}' command is executed.
14:32:42 INFO  : Device configured successfully with "/home/kike/Desktop/marvin/marvin/marvin/_ide/bitstream/pynq_z2_bram_wrapper.bit"
14:32:42 INFO  : Context for 'APU' is selected.
14:32:43 INFO  : Hardware design and registers information is loaded from '/home/kike/Desktop/marvin/marvin/pynq_z2_bram_wrapper/export/pynq_z2_bram_wrapper/hw/pynq_z2_bram_wrapper.xsa'.
14:32:43 INFO  : 'configparams force-mem-access 1' command is executed.
14:32:43 INFO  : Context for 'APU' is selected.
14:32:43 INFO  : Sourcing of '/home/kike/Desktop/marvin/marvin/marvin/_ide/psinit/ps7_init.tcl' is done.
14:32:43 INFO  : 'ps7_init' command is executed.
14:32:43 INFO  : 'ps7_post_config' command is executed.
14:32:43 INFO  : Context for processor 'ps7_cortexa9_0' is selected.
14:32:44 INFO  : The application '/home/kike/Desktop/marvin/marvin/marvin/Debug/marvin.elf' is downloaded to processor 'ps7_cortexa9_0'.
14:32:44 INFO  : 'configparams force-mem-access 0' command is executed.
14:32:44 INFO  : ----------------XSDB Script----------------
connect -url tcp:127.0.0.1:3121
targets -set -nocase -filter {name =~"APU*"}
rst -system
after 3000
targets -set -filter {jtag_cable_name =~ "Xilinx HW-FTDI-TEST FT2232H 1234-tulA" && level==0 && jtag_device_ctx=="jsn-HW-FTDI-TEST FT2232H-1234-tulA-23727093-0"}
fpga -file /home/kike/Desktop/marvin/marvin/marvin/_ide/bitstream/pynq_z2_bram_wrapper.bit
targets -set -nocase -filter {name =~"APU*"}
loadhw -hw /home/kike/Desktop/marvin/marvin/pynq_z2_bram_wrapper/export/pynq_z2_bram_wrapper/hw/pynq_z2_bram_wrapper.xsa -mem-ranges [list {0x40000000 0xbfffffff}] -regs
configparams force-mem-access 1
targets -set -nocase -filter {name =~"APU*"}
source /home/kike/Desktop/marvin/marvin/marvin/_ide/psinit/ps7_init.tcl
ps7_init
ps7_post_config
targets -set -nocase -filter {name =~ "*A9*#0"}
dow /home/kike/Desktop/marvin/marvin/marvin/Debug/marvin.elf
configparams force-mem-access 0
----------------End of Script----------------

14:32:44 INFO  : Context for processor 'ps7_cortexa9_0' is selected.
14:32:44 INFO  : 'con' command is executed.
14:32:44 INFO  : ----------------XSDB Script (After Launch)----------------
targets -set -nocase -filter {name =~ "*A9*#0"}
con
----------------End of Script----------------

14:32:44 INFO  : Launch script is exported to file '/home/kike/Desktop/marvin/marvin/marvin_system/_ide/scripts/debugger_marvin-default.tcl'
15:15:58 INFO  : Checking for BSP changes to sync application flags for project 'marvin'...
15:31:05 INFO  : Checking for BSP changes to sync application flags for project 'marvin'...
15:35:45 INFO  : Checking for BSP changes to sync application flags for project 'marvin'...
15:35:50 INFO  : Disconnected from the channel tcfchan#3.
15:35:51 INFO  : Connected to target on host '127.0.0.1' and port '3121'.
15:35:52 INFO  : Jtag cable 'Xilinx HW-FTDI-TEST FT2232H 1234-tulA' is selected.
15:35:52 INFO  : 'jtag frequency' command is executed.
15:35:52 INFO  : Context for 'APU' is selected.
15:35:52 INFO  : System reset is completed.
15:35:55 INFO  : 'after 3000' command is executed.
15:35:55 INFO  : 'targets -set -filter {jtag_cable_name =~ "Xilinx HW-FTDI-TEST FT2232H 1234-tulA" && level==0 && jtag_device_ctx=="jsn-HW-FTDI-TEST FT2232H-1234-tulA-23727093-0"}' command is executed.
15:35:57 INFO  : Device configured successfully with "/home/kike/Desktop/marvin/marvin/marvin/_ide/bitstream/pynq_z2_bram_wrapper.bit"
15:35:57 INFO  : Context for 'APU' is selected.
15:35:58 INFO  : Hardware design and registers information is loaded from '/home/kike/Desktop/marvin/marvin/pynq_z2_bram_wrapper/export/pynq_z2_bram_wrapper/hw/pynq_z2_bram_wrapper.xsa'.
15:35:58 INFO  : 'configparams force-mem-access 1' command is executed.
15:35:58 INFO  : Context for 'APU' is selected.
15:35:58 INFO  : Sourcing of '/home/kike/Desktop/marvin/marvin/marvin/_ide/psinit/ps7_init.tcl' is done.
15:35:58 INFO  : 'ps7_init' command is executed.
15:35:58 INFO  : 'ps7_post_config' command is executed.
15:35:58 INFO  : Context for processor 'ps7_cortexa9_0' is selected.
15:35:59 INFO  : The application '/home/kike/Desktop/marvin/marvin/marvin/Debug/marvin.elf' is downloaded to processor 'ps7_cortexa9_0'.
15:35:59 INFO  : 'configparams force-mem-access 0' command is executed.
15:35:59 INFO  : ----------------XSDB Script----------------
connect -url tcp:127.0.0.1:3121
targets -set -nocase -filter {name =~"APU*"}
rst -system
after 3000
targets -set -filter {jtag_cable_name =~ "Xilinx HW-FTDI-TEST FT2232H 1234-tulA" && level==0 && jtag_device_ctx=="jsn-HW-FTDI-TEST FT2232H-1234-tulA-23727093-0"}
fpga -file /home/kike/Desktop/marvin/marvin/marvin/_ide/bitstream/pynq_z2_bram_wrapper.bit
targets -set -nocase -filter {name =~"APU*"}
loadhw -hw /home/kike/Desktop/marvin/marvin/pynq_z2_bram_wrapper/export/pynq_z2_bram_wrapper/hw/pynq_z2_bram_wrapper.xsa -mem-ranges [list {0x40000000 0xbfffffff}] -regs
configparams force-mem-access 1
targets -set -nocase -filter {name =~"APU*"}
source /home/kike/Desktop/marvin/marvin/marvin/_ide/psinit/ps7_init.tcl
ps7_init
ps7_post_config
targets -set -nocase -filter {name =~ "*A9*#0"}
dow /home/kike/Desktop/marvin/marvin/marvin/Debug/marvin.elf
configparams force-mem-access 0
----------------End of Script----------------

15:35:59 INFO  : Context for processor 'ps7_cortexa9_0' is selected.
15:35:59 INFO  : 'con' command is executed.
15:35:59 INFO  : ----------------XSDB Script (After Launch)----------------
targets -set -nocase -filter {name =~ "*A9*#0"}
con
----------------End of Script----------------

15:35:59 INFO  : Launch script is exported to file '/home/kike/Desktop/marvin/marvin/marvin_system/_ide/scripts/debugger_marvin-default.tcl'
15:37:27 INFO  : Checking for BSP changes to sync application flags for project 'marvin'...
15:37:32 INFO  : Disconnected from the channel tcfchan#4.
15:37:33 INFO  : Connected to target on host '127.0.0.1' and port '3121'.
15:37:33 INFO  : Jtag cable 'Xilinx HW-FTDI-TEST FT2232H 1234-tulA' is selected.
15:37:33 INFO  : 'jtag frequency' command is executed.
15:37:33 INFO  : Context for 'APU' is selected.
15:37:33 INFO  : System reset is completed.
15:37:36 INFO  : 'after 3000' command is executed.
15:37:36 INFO  : 'targets -set -filter {jtag_cable_name =~ "Xilinx HW-FTDI-TEST FT2232H 1234-tulA" && level==0 && jtag_device_ctx=="jsn-HW-FTDI-TEST FT2232H-1234-tulA-23727093-0"}' command is executed.
15:37:39 INFO  : Device configured successfully with "/home/kike/Desktop/marvin/marvin/marvin/_ide/bitstream/pynq_z2_bram_wrapper.bit"
15:37:39 INFO  : Context for 'APU' is selected.
15:37:40 INFO  : Hardware design and registers information is loaded from '/home/kike/Desktop/marvin/marvin/pynq_z2_bram_wrapper/export/pynq_z2_bram_wrapper/hw/pynq_z2_bram_wrapper.xsa'.
15:37:40 INFO  : 'configparams force-mem-access 1' command is executed.
15:37:40 INFO  : Context for 'APU' is selected.
15:37:40 INFO  : Sourcing of '/home/kike/Desktop/marvin/marvin/marvin/_ide/psinit/ps7_init.tcl' is done.
15:37:40 INFO  : 'ps7_init' command is executed.
15:37:40 INFO  : 'ps7_post_config' command is executed.
15:37:40 INFO  : Context for processor 'ps7_cortexa9_0' is selected.
15:37:40 INFO  : The application '/home/kike/Desktop/marvin/marvin/marvin/Debug/marvin.elf' is downloaded to processor 'ps7_cortexa9_0'.
15:37:40 INFO  : 'configparams force-mem-access 0' command is executed.
15:37:40 INFO  : ----------------XSDB Script----------------
connect -url tcp:127.0.0.1:3121
targets -set -nocase -filter {name =~"APU*"}
rst -system
after 3000
targets -set -filter {jtag_cable_name =~ "Xilinx HW-FTDI-TEST FT2232H 1234-tulA" && level==0 && jtag_device_ctx=="jsn-HW-FTDI-TEST FT2232H-1234-tulA-23727093-0"}
fpga -file /home/kike/Desktop/marvin/marvin/marvin/_ide/bitstream/pynq_z2_bram_wrapper.bit
targets -set -nocase -filter {name =~"APU*"}
loadhw -hw /home/kike/Desktop/marvin/marvin/pynq_z2_bram_wrapper/export/pynq_z2_bram_wrapper/hw/pynq_z2_bram_wrapper.xsa -mem-ranges [list {0x40000000 0xbfffffff}] -regs
configparams force-mem-access 1
targets -set -nocase -filter {name =~"APU*"}
source /home/kike/Desktop/marvin/marvin/marvin/_ide/psinit/ps7_init.tcl
ps7_init
ps7_post_config
targets -set -nocase -filter {name =~ "*A9*#0"}
dow /home/kike/Desktop/marvin/marvin/marvin/Debug/marvin.elf
configparams force-mem-access 0
----------------End of Script----------------

15:37:40 INFO  : Context for processor 'ps7_cortexa9_0' is selected.
15:37:40 INFO  : 'con' command is executed.
15:37:40 INFO  : ----------------XSDB Script (After Launch)----------------
targets -set -nocase -filter {name =~ "*A9*#0"}
con
----------------End of Script----------------

15:37:40 INFO  : Launch script is exported to file '/home/kike/Desktop/marvin/marvin/marvin_system/_ide/scripts/debugger_marvin-default.tcl'
15:55:17 INFO  : Disconnected from the channel tcfchan#5.
09:35:31 DEBUG : Logs will be stored at '/home/kike/Desktop/marvin/marvin/IDE.log'.
09:35:31 INFO  : Launching XSCT server: xsct -n  -interactive /home/kike/Desktop/marvin/marvin/temp_xsdb_launch_script.tcl
09:35:34 INFO  : Registering command handlers for Vitis TCF services
09:35:34 INFO  : Platform repository initialization has completed.
09:35:35 INFO  : XSCT server has started successfully.
09:35:36 INFO  : plnx-install-location is set to ''
09:35:36 INFO  : Successfully done setting XSCT server connection channel  
09:35:36 INFO  : Successfully done query RDI_DATADIR 
09:35:36 INFO  : Successfully done setting workspace for the tool. 
09:36:35 INFO  : Checking for BSP changes to sync application flags for project 'marvin'...
09:36:41 INFO  : Connected to target on host '127.0.0.1' and port '3121'.
09:36:42 INFO  : Jtag cable 'Xilinx HW-FTDI-TEST FT2232H 1234-tulA' is selected.
09:36:42 INFO  : 'jtag frequency' command is executed.
09:36:42 INFO  : Context for 'APU' is selected.
09:36:42 INFO  : System reset is completed.
09:36:45 INFO  : 'after 3000' command is executed.
09:36:45 INFO  : 'targets -set -filter {jtag_cable_name =~ "Xilinx HW-FTDI-TEST FT2232H 1234-tulA" && level==0 && jtag_device_ctx=="jsn-HW-FTDI-TEST FT2232H-1234-tulA-23727093-0"}' command is executed.
09:36:47 INFO  : Device configured successfully with "/home/kike/Desktop/marvin/marvin/marvin/_ide/bitstream/pynq_z2_bram_wrapper.bit"
09:36:47 INFO  : Context for 'APU' is selected.
09:36:47 INFO  : Hardware design and registers information is loaded from '/home/kike/Desktop/marvin/marvin/pynq_z2_bram_wrapper/export/pynq_z2_bram_wrapper/hw/pynq_z2_bram_wrapper.xsa'.
09:36:47 INFO  : 'configparams force-mem-access 1' command is executed.
09:36:47 INFO  : Context for 'APU' is selected.
09:36:47 INFO  : Sourcing of '/home/kike/Desktop/marvin/marvin/marvin/_ide/psinit/ps7_init.tcl' is done.
09:36:48 INFO  : 'ps7_init' command is executed.
09:36:48 INFO  : 'ps7_post_config' command is executed.
09:36:48 INFO  : Context for processor 'ps7_cortexa9_0' is selected.
09:36:48 INFO  : The application '/home/kike/Desktop/marvin/marvin/marvin/Debug/marvin.elf' is downloaded to processor 'ps7_cortexa9_0'.
09:36:48 INFO  : 'configparams force-mem-access 0' command is executed.
09:36:48 INFO  : ----------------XSDB Script----------------
connect -url tcp:127.0.0.1:3121
targets -set -nocase -filter {name =~"APU*"}
rst -system
after 3000
targets -set -filter {jtag_cable_name =~ "Xilinx HW-FTDI-TEST FT2232H 1234-tulA" && level==0 && jtag_device_ctx=="jsn-HW-FTDI-TEST FT2232H-1234-tulA-23727093-0"}
fpga -file /home/kike/Desktop/marvin/marvin/marvin/_ide/bitstream/pynq_z2_bram_wrapper.bit
targets -set -nocase -filter {name =~"APU*"}
loadhw -hw /home/kike/Desktop/marvin/marvin/pynq_z2_bram_wrapper/export/pynq_z2_bram_wrapper/hw/pynq_z2_bram_wrapper.xsa -mem-ranges [list {0x40000000 0xbfffffff}] -regs
configparams force-mem-access 1
targets -set -nocase -filter {name =~"APU*"}
source /home/kike/Desktop/marvin/marvin/marvin/_ide/psinit/ps7_init.tcl
ps7_init
ps7_post_config
targets -set -nocase -filter {name =~ "*A9*#0"}
dow /home/kike/Desktop/marvin/marvin/marvin/Debug/marvin.elf
configparams force-mem-access 0
----------------End of Script----------------

09:36:48 INFO  : Context for processor 'ps7_cortexa9_0' is selected.
09:36:48 INFO  : 'con' command is executed.
09:36:48 INFO  : ----------------XSDB Script (After Launch)----------------
targets -set -nocase -filter {name =~ "*A9*#0"}
con
----------------End of Script----------------

09:36:48 INFO  : Launch script is exported to file '/home/kike/Desktop/marvin/marvin/marvin_system/_ide/scripts/debugger_marvin-default.tcl'
18:59:38 INFO  : Disconnected from the channel tcfchan#1.
10:55:19 DEBUG : Logs will be stored at '/home/kike/Desktop/marvin/marvin/IDE.log'.
10:55:19 INFO  : Launching XSCT server: xsct -n  -interactive /home/kike/Desktop/marvin/marvin/temp_xsdb_launch_script.tcl
10:55:21 INFO  : XSCT server has started successfully.
10:55:22 INFO  : Registering command handlers for Vitis TCF services
10:55:22 INFO  : Platform repository initialization has completed.
10:55:22 INFO  : Successfully done setting XSCT server connection channel  
10:55:22 INFO  : plnx-install-location is set to ''
10:55:22 INFO  : Successfully done query RDI_DATADIR 
10:55:22 INFO  : Successfully done setting workspace for the tool. 
10:55:29 INFO  : Checking for BSP changes to sync application flags for project 'marvin'...
10:55:34 INFO  : Checking for BSP changes to sync application flags for project 'marvin'...
10:55:38 INFO  : Connected to target on host '127.0.0.1' and port '3121'.
10:55:38 INFO  : Jtag cable 'Xilinx HW-FTDI-TEST FT2232H 1234-tulA' is selected.
10:55:38 INFO  : 'jtag frequency' command is executed.
10:55:38 INFO  : Context for 'APU' is selected.
10:55:38 INFO  : System reset is completed.
10:55:41 INFO  : 'after 3000' command is executed.
10:55:41 INFO  : 'targets -set -filter {jtag_cable_name =~ "Xilinx HW-FTDI-TEST FT2232H 1234-tulA" && level==0 && jtag_device_ctx=="jsn-HW-FTDI-TEST FT2232H-1234-tulA-23727093-0"}' command is executed.
10:55:44 INFO  : Device configured successfully with "/home/kike/Desktop/marvin/marvin/marvin/_ide/bitstream/pynq_z2_bram_wrapper.bit"
10:55:44 INFO  : Context for 'APU' is selected.
10:55:44 INFO  : Hardware design and registers information is loaded from '/home/kike/Desktop/marvin/marvin/pynq_z2_bram_wrapper/export/pynq_z2_bram_wrapper/hw/pynq_z2_bram_wrapper.xsa'.
10:55:44 INFO  : 'configparams force-mem-access 1' command is executed.
10:55:44 INFO  : Context for 'APU' is selected.
10:55:44 INFO  : Sourcing of '/home/kike/Desktop/marvin/marvin/marvin/_ide/psinit/ps7_init.tcl' is done.
10:55:44 INFO  : 'ps7_init' command is executed.
10:55:44 INFO  : 'ps7_post_config' command is executed.
10:55:44 INFO  : Context for processor 'ps7_cortexa9_0' is selected.
10:55:44 INFO  : The application '/home/kike/Desktop/marvin/marvin/marvin/Debug/marvin.elf' is downloaded to processor 'ps7_cortexa9_0'.
10:55:44 INFO  : 'configparams force-mem-access 0' command is executed.
10:55:44 INFO  : ----------------XSDB Script----------------
connect -url tcp:127.0.0.1:3121
targets -set -nocase -filter {name =~"APU*"}
rst -system
after 3000
targets -set -filter {jtag_cable_name =~ "Xilinx HW-FTDI-TEST FT2232H 1234-tulA" && level==0 && jtag_device_ctx=="jsn-HW-FTDI-TEST FT2232H-1234-tulA-23727093-0"}
fpga -file /home/kike/Desktop/marvin/marvin/marvin/_ide/bitstream/pynq_z2_bram_wrapper.bit
targets -set -nocase -filter {name =~"APU*"}
loadhw -hw /home/kike/Desktop/marvin/marvin/pynq_z2_bram_wrapper/export/pynq_z2_bram_wrapper/hw/pynq_z2_bram_wrapper.xsa -mem-ranges [list {0x40000000 0xbfffffff}] -regs
configparams force-mem-access 1
targets -set -nocase -filter {name =~"APU*"}
source /home/kike/Desktop/marvin/marvin/marvin/_ide/psinit/ps7_init.tcl
ps7_init
ps7_post_config
targets -set -nocase -filter {name =~ "*A9*#0"}
dow /home/kike/Desktop/marvin/marvin/marvin/Debug/marvin.elf
configparams force-mem-access 0
----------------End of Script----------------

10:55:44 INFO  : Context for processor 'ps7_cortexa9_0' is selected.
10:55:44 INFO  : 'con' command is executed.
10:55:44 INFO  : ----------------XSDB Script (After Launch)----------------
targets -set -nocase -filter {name =~ "*A9*#0"}
con
----------------End of Script----------------

10:55:44 INFO  : Launch script is exported to file '/home/kike/Desktop/marvin/marvin/marvin_system/_ide/scripts/debugger_marvin-default.tcl'
17:33:53 INFO  : Disconnected from the channel tcfchan#1.
10:48:51 DEBUG : Logs will be stored at '/home/kike/Desktop/marvin/marvin/IDE.log'.
10:48:51 INFO  : Launching XSCT server: xsct -n  -interactive /home/kike/Desktop/marvin/marvin/temp_xsdb_launch_script.tcl
10:48:53 INFO  : Registering command handlers for Vitis TCF services
10:48:53 INFO  : XSCT server has started successfully.
10:48:53 INFO  : plnx-install-location is set to ''
10:48:53 INFO  : Successfully done setting XSCT server connection channel  
10:48:53 INFO  : Successfully done query RDI_DATADIR 
10:48:53 INFO  : Successfully done setting workspace for the tool. 
10:48:54 INFO  : Platform repository initialization has completed.
10:49:03 INFO  : Checking for BSP changes to sync application flags for project 'marvin'...
10:49:07 INFO  : Connected to target on host '127.0.0.1' and port '3121'.
10:49:07 INFO  : Jtag cable 'Xilinx HW-FTDI-TEST FT2232H 1234-tulA' is selected.
10:49:07 INFO  : 'jtag frequency' command is executed.
10:49:07 INFO  : Context for 'APU' is selected.
10:49:07 INFO  : System reset is completed.
10:49:10 INFO  : 'after 3000' command is executed.
10:49:10 INFO  : 'targets -set -filter {jtag_cable_name =~ "Xilinx HW-FTDI-TEST FT2232H 1234-tulA" && level==0 && jtag_device_ctx=="jsn-HW-FTDI-TEST FT2232H-1234-tulA-23727093-0"}' command is executed.
10:49:13 INFO  : Device configured successfully with "/home/kike/Desktop/marvin/marvin/marvin/_ide/bitstream/pynq_z2_bram_wrapper.bit"
10:49:13 INFO  : Context for 'APU' is selected.
10:49:13 INFO  : Hardware design and registers information is loaded from '/home/kike/Desktop/marvin/marvin/pynq_z2_bram_wrapper/export/pynq_z2_bram_wrapper/hw/pynq_z2_bram_wrapper.xsa'.
10:49:13 INFO  : 'configparams force-mem-access 1' command is executed.
10:49:13 INFO  : Context for 'APU' is selected.
10:49:13 INFO  : Sourcing of '/home/kike/Desktop/marvin/marvin/marvin/_ide/psinit/ps7_init.tcl' is done.
10:49:13 INFO  : 'ps7_init' command is executed.
10:49:13 INFO  : 'ps7_post_config' command is executed.
10:49:13 INFO  : Context for processor 'ps7_cortexa9_0' is selected.
10:49:13 INFO  : The application '/home/kike/Desktop/marvin/marvin/marvin/Debug/marvin.elf' is downloaded to processor 'ps7_cortexa9_0'.
10:49:13 INFO  : 'configparams force-mem-access 0' command is executed.
10:49:13 INFO  : ----------------XSDB Script----------------
connect -url tcp:127.0.0.1:3121
targets -set -nocase -filter {name =~"APU*"}
rst -system
after 3000
targets -set -filter {jtag_cable_name =~ "Xilinx HW-FTDI-TEST FT2232H 1234-tulA" && level==0 && jtag_device_ctx=="jsn-HW-FTDI-TEST FT2232H-1234-tulA-23727093-0"}
fpga -file /home/kike/Desktop/marvin/marvin/marvin/_ide/bitstream/pynq_z2_bram_wrapper.bit
targets -set -nocase -filter {name =~"APU*"}
loadhw -hw /home/kike/Desktop/marvin/marvin/pynq_z2_bram_wrapper/export/pynq_z2_bram_wrapper/hw/pynq_z2_bram_wrapper.xsa -mem-ranges [list {0x40000000 0xbfffffff}] -regs
configparams force-mem-access 1
targets -set -nocase -filter {name =~"APU*"}
source /home/kike/Desktop/marvin/marvin/marvin/_ide/psinit/ps7_init.tcl
ps7_init
ps7_post_config
targets -set -nocase -filter {name =~ "*A9*#0"}
dow /home/kike/Desktop/marvin/marvin/marvin/Debug/marvin.elf
configparams force-mem-access 0
----------------End of Script----------------

10:49:13 INFO  : Context for processor 'ps7_cortexa9_0' is selected.
10:49:13 INFO  : 'con' command is executed.
10:49:13 INFO  : ----------------XSDB Script (After Launch)----------------
targets -set -nocase -filter {name =~ "*A9*#0"}
con
----------------End of Script----------------

10:49:13 INFO  : Launch script is exported to file '/home/kike/Desktop/marvin/marvin/marvin_system/_ide/scripts/debugger_marvin-default.tcl'
10:50:04 INFO  : Checking for BSP changes to sync application flags for project 'marvin'...
10:50:08 INFO  : Disconnected from the channel tcfchan#1.
10:50:09 INFO  : Connected to target on host '127.0.0.1' and port '3121'.
10:50:09 INFO  : Jtag cable 'Xilinx HW-FTDI-TEST FT2232H 1234-tulA' is selected.
10:50:09 INFO  : 'jtag frequency' command is executed.
10:50:10 INFO  : Context for 'APU' is selected.
10:50:10 INFO  : System reset is completed.
10:50:13 INFO  : 'after 3000' command is executed.
10:50:13 INFO  : 'targets -set -filter {jtag_cable_name =~ "Xilinx HW-FTDI-TEST FT2232H 1234-tulA" && level==0 && jtag_device_ctx=="jsn-HW-FTDI-TEST FT2232H-1234-tulA-23727093-0"}' command is executed.
10:50:15 INFO  : Device configured successfully with "/home/kike/Desktop/marvin/marvin/marvin/_ide/bitstream/pynq_z2_bram_wrapper.bit"
10:50:15 INFO  : Context for 'APU' is selected.
10:50:16 INFO  : Hardware design and registers information is loaded from '/home/kike/Desktop/marvin/marvin/pynq_z2_bram_wrapper/export/pynq_z2_bram_wrapper/hw/pynq_z2_bram_wrapper.xsa'.
10:50:16 INFO  : 'configparams force-mem-access 1' command is executed.
10:50:16 INFO  : Context for 'APU' is selected.
10:50:16 INFO  : Sourcing of '/home/kike/Desktop/marvin/marvin/marvin/_ide/psinit/ps7_init.tcl' is done.
10:50:16 INFO  : 'ps7_init' command is executed.
10:50:16 INFO  : 'ps7_post_config' command is executed.
10:50:16 INFO  : Context for processor 'ps7_cortexa9_0' is selected.
10:50:17 INFO  : The application '/home/kike/Desktop/marvin/marvin/marvin/Debug/marvin.elf' is downloaded to processor 'ps7_cortexa9_0'.
10:50:17 INFO  : 'configparams force-mem-access 0' command is executed.
10:50:17 INFO  : ----------------XSDB Script----------------
connect -url tcp:127.0.0.1:3121
targets -set -nocase -filter {name =~"APU*"}
rst -system
after 3000
targets -set -filter {jtag_cable_name =~ "Xilinx HW-FTDI-TEST FT2232H 1234-tulA" && level==0 && jtag_device_ctx=="jsn-HW-FTDI-TEST FT2232H-1234-tulA-23727093-0"}
fpga -file /home/kike/Desktop/marvin/marvin/marvin/_ide/bitstream/pynq_z2_bram_wrapper.bit
targets -set -nocase -filter {name =~"APU*"}
loadhw -hw /home/kike/Desktop/marvin/marvin/pynq_z2_bram_wrapper/export/pynq_z2_bram_wrapper/hw/pynq_z2_bram_wrapper.xsa -mem-ranges [list {0x40000000 0xbfffffff}] -regs
configparams force-mem-access 1
targets -set -nocase -filter {name =~"APU*"}
source /home/kike/Desktop/marvin/marvin/marvin/_ide/psinit/ps7_init.tcl
ps7_init
ps7_post_config
targets -set -nocase -filter {name =~ "*A9*#0"}
dow /home/kike/Desktop/marvin/marvin/marvin/Debug/marvin.elf
configparams force-mem-access 0
----------------End of Script----------------

10:50:17 INFO  : Context for processor 'ps7_cortexa9_0' is selected.
10:50:17 INFO  : 'con' command is executed.
10:50:17 INFO  : ----------------XSDB Script (After Launch)----------------
targets -set -nocase -filter {name =~ "*A9*#0"}
con
----------------End of Script----------------

10:50:17 INFO  : Launch script is exported to file '/home/kike/Desktop/marvin/marvin/marvin_system/_ide/scripts/debugger_marvin-default.tcl'
18:23:23 INFO  : Checking for BSP changes to sync application flags for project 'marvin'...
18:23:29 INFO  : Disconnected from the channel tcfchan#2.
18:23:30 INFO  : Connected to target on host '127.0.0.1' and port '3121'.
18:23:30 INFO  : Jtag cable 'Xilinx HW-FTDI-TEST FT2232H 1234-tulA' is selected.
18:23:30 INFO  : 'jtag frequency' command is executed.
18:23:30 INFO  : Context for 'APU' is selected.
18:23:30 INFO  : System reset is completed.
18:23:33 INFO  : 'after 3000' command is executed.
18:23:33 INFO  : 'targets -set -filter {jtag_cable_name =~ "Xilinx HW-FTDI-TEST FT2232H 1234-tulA" && level==0 && jtag_device_ctx=="jsn-HW-FTDI-TEST FT2232H-1234-tulA-23727093-0"}' command is executed.
18:23:35 INFO  : Device configured successfully with "/home/kike/Desktop/marvin/marvin/marvin/_ide/bitstream/pynq_z2_bram_wrapper.bit"
18:23:35 INFO  : Context for 'APU' is selected.
18:23:36 INFO  : Hardware design and registers information is loaded from '/home/kike/Desktop/marvin/marvin/pynq_z2_bram_wrapper/export/pynq_z2_bram_wrapper/hw/pynq_z2_bram_wrapper.xsa'.
18:23:36 INFO  : 'configparams force-mem-access 1' command is executed.
18:23:36 INFO  : Context for 'APU' is selected.
18:23:36 INFO  : Sourcing of '/home/kike/Desktop/marvin/marvin/marvin/_ide/psinit/ps7_init.tcl' is done.
18:23:36 INFO  : 'ps7_init' command is executed.
18:23:36 INFO  : 'ps7_post_config' command is executed.
18:23:36 INFO  : Context for processor 'ps7_cortexa9_0' is selected.
18:23:37 INFO  : The application '/home/kike/Desktop/marvin/marvin/marvin/Debug/marvin.elf' is downloaded to processor 'ps7_cortexa9_0'.
18:23:37 INFO  : 'configparams force-mem-access 0' command is executed.
18:23:37 INFO  : ----------------XSDB Script----------------
connect -url tcp:127.0.0.1:3121
targets -set -nocase -filter {name =~"APU*"}
rst -system
after 3000
targets -set -filter {jtag_cable_name =~ "Xilinx HW-FTDI-TEST FT2232H 1234-tulA" && level==0 && jtag_device_ctx=="jsn-HW-FTDI-TEST FT2232H-1234-tulA-23727093-0"}
fpga -file /home/kike/Desktop/marvin/marvin/marvin/_ide/bitstream/pynq_z2_bram_wrapper.bit
targets -set -nocase -filter {name =~"APU*"}
loadhw -hw /home/kike/Desktop/marvin/marvin/pynq_z2_bram_wrapper/export/pynq_z2_bram_wrapper/hw/pynq_z2_bram_wrapper.xsa -mem-ranges [list {0x40000000 0xbfffffff}] -regs
configparams force-mem-access 1
targets -set -nocase -filter {name =~"APU*"}
source /home/kike/Desktop/marvin/marvin/marvin/_ide/psinit/ps7_init.tcl
ps7_init
ps7_post_config
targets -set -nocase -filter {name =~ "*A9*#0"}
dow /home/kike/Desktop/marvin/marvin/marvin/Debug/marvin.elf
configparams force-mem-access 0
----------------End of Script----------------

18:23:37 INFO  : Context for processor 'ps7_cortexa9_0' is selected.
18:23:37 INFO  : 'con' command is executed.
18:23:37 INFO  : ----------------XSDB Script (After Launch)----------------
targets -set -nocase -filter {name =~ "*A9*#0"}
con
----------------End of Script----------------

18:23:37 INFO  : Launch script is exported to file '/home/kike/Desktop/marvin/marvin/marvin_system/_ide/scripts/debugger_marvin-default.tcl'
11:30:17 INFO  : Checking for BSP changes to sync application flags for project 'marvin'...
11:30:21 INFO  : Disconnected from the channel tcfchan#3.
11:30:22 INFO  : Connected to target on host '127.0.0.1' and port '3121'.
11:30:22 INFO  : Jtag cable 'Xilinx HW-FTDI-TEST FT2232H 1234-tulA' is selected.
11:30:22 ERROR : port closed
11:30:22 INFO  : ----------------XSDB Script----------------
connect -url tcp:127.0.0.1:3121
----------------End of Script----------------

11:30:22 ERROR : port closed
11:30:35 INFO  : Connected to target on host '127.0.0.1' and port '3121'.
11:30:35 INFO  : Jtag cable 'Xilinx HW-FTDI-TEST FT2232H 1234-tulA' is selected.
11:30:35 INFO  : 'jtag frequency' command is executed.
11:30:35 INFO  : Context for 'APU' is selected.
11:30:35 INFO  : System reset is completed.
11:30:38 INFO  : 'after 3000' command is executed.
11:30:38 INFO  : 'targets -set -filter {jtag_cable_name =~ "Xilinx HW-FTDI-TEST FT2232H 1234-tulA" && level==0 && jtag_device_ctx=="jsn-HW-FTDI-TEST FT2232H-1234-tulA-23727093-0"}' command is executed.
11:30:40 INFO  : Device configured successfully with "/home/kike/Desktop/marvin/marvin/marvin/_ide/bitstream/pynq_z2_bram_wrapper.bit"
11:30:40 INFO  : Context for 'APU' is selected.
11:30:41 INFO  : Hardware design and registers information is loaded from '/home/kike/Desktop/marvin/marvin/pynq_z2_bram_wrapper/export/pynq_z2_bram_wrapper/hw/pynq_z2_bram_wrapper.xsa'.
11:30:41 INFO  : 'configparams force-mem-access 1' command is executed.
11:30:41 INFO  : Context for 'APU' is selected.
11:30:41 INFO  : Sourcing of '/home/kike/Desktop/marvin/marvin/marvin/_ide/psinit/ps7_init.tcl' is done.
11:30:41 INFO  : 'ps7_init' command is executed.
11:30:41 INFO  : 'ps7_post_config' command is executed.
11:30:41 INFO  : Context for processor 'ps7_cortexa9_0' is selected.
11:30:42 INFO  : The application '/home/kike/Desktop/marvin/marvin/marvin/Debug/marvin.elf' is downloaded to processor 'ps7_cortexa9_0'.
11:30:42 INFO  : 'configparams force-mem-access 0' command is executed.
11:30:42 INFO  : ----------------XSDB Script----------------
connect -url tcp:127.0.0.1:3121
targets -set -nocase -filter {name =~"APU*"}
rst -system
after 3000
targets -set -filter {jtag_cable_name =~ "Xilinx HW-FTDI-TEST FT2232H 1234-tulA" && level==0 && jtag_device_ctx=="jsn-HW-FTDI-TEST FT2232H-1234-tulA-23727093-0"}
fpga -file /home/kike/Desktop/marvin/marvin/marvin/_ide/bitstream/pynq_z2_bram_wrapper.bit
targets -set -nocase -filter {name =~"APU*"}
loadhw -hw /home/kike/Desktop/marvin/marvin/pynq_z2_bram_wrapper/export/pynq_z2_bram_wrapper/hw/pynq_z2_bram_wrapper.xsa -mem-ranges [list {0x40000000 0xbfffffff}] -regs
configparams force-mem-access 1
targets -set -nocase -filter {name =~"APU*"}
source /home/kike/Desktop/marvin/marvin/marvin/_ide/psinit/ps7_init.tcl
ps7_init
ps7_post_config
targets -set -nocase -filter {name =~ "*A9*#0"}
dow /home/kike/Desktop/marvin/marvin/marvin/Debug/marvin.elf
configparams force-mem-access 0
----------------End of Script----------------

11:30:42 INFO  : Context for processor 'ps7_cortexa9_0' is selected.
11:30:42 INFO  : 'con' command is executed.
11:30:42 INFO  : ----------------XSDB Script (After Launch)----------------
targets -set -nocase -filter {name =~ "*A9*#0"}
con
----------------End of Script----------------

11:30:42 INFO  : Launch script is exported to file '/home/kike/Desktop/marvin/marvin/marvin_system/_ide/scripts/debugger_marvin-default.tcl'
15:25:42 INFO  : Checking for BSP changes to sync application flags for project 'marvin'...
15:25:53 INFO  : Disconnected from the channel tcfchan#4.
15:25:54 INFO  : Connected to target on host '127.0.0.1' and port '3121'.
15:25:54 INFO  : Jtag cable 'Xilinx HW-FTDI-TEST FT2232H 1234-tulA' is selected.
15:25:54 INFO  : 'jtag frequency' command is executed.
15:25:54 INFO  : Context for 'APU' is selected.
15:25:54 INFO  : System reset is completed.
15:25:57 INFO  : 'after 3000' command is executed.
15:25:57 INFO  : 'targets -set -filter {jtag_cable_name =~ "Xilinx HW-FTDI-TEST FT2232H 1234-tulA" && level==0 && jtag_device_ctx=="jsn-HW-FTDI-TEST FT2232H-1234-tulA-23727093-0"}' command is executed.
15:25:59 INFO  : Device configured successfully with "/home/kike/Desktop/marvin/marvin/marvin/_ide/bitstream/pynq_z2_bram_wrapper.bit"
15:25:59 INFO  : Context for 'APU' is selected.
15:26:00 INFO  : Hardware design and registers information is loaded from '/home/kike/Desktop/marvin/marvin/pynq_z2_bram_wrapper/export/pynq_z2_bram_wrapper/hw/pynq_z2_bram_wrapper.xsa'.
15:26:00 INFO  : 'configparams force-mem-access 1' command is executed.
15:26:00 INFO  : Context for 'APU' is selected.
15:26:00 INFO  : Sourcing of '/home/kike/Desktop/marvin/marvin/marvin/_ide/psinit/ps7_init.tcl' is done.
15:26:00 INFO  : 'ps7_init' command is executed.
15:26:00 INFO  : 'ps7_post_config' command is executed.
15:26:00 INFO  : Context for processor 'ps7_cortexa9_0' is selected.
15:26:01 INFO  : The application '/home/kike/Desktop/marvin/marvin/marvin/Debug/marvin.elf' is downloaded to processor 'ps7_cortexa9_0'.
15:26:01 INFO  : 'configparams force-mem-access 0' command is executed.
15:26:01 INFO  : ----------------XSDB Script----------------
connect -url tcp:127.0.0.1:3121
targets -set -nocase -filter {name =~"APU*"}
rst -system
after 3000
targets -set -filter {jtag_cable_name =~ "Xilinx HW-FTDI-TEST FT2232H 1234-tulA" && level==0 && jtag_device_ctx=="jsn-HW-FTDI-TEST FT2232H-1234-tulA-23727093-0"}
fpga -file /home/kike/Desktop/marvin/marvin/marvin/_ide/bitstream/pynq_z2_bram_wrapper.bit
targets -set -nocase -filter {name =~"APU*"}
loadhw -hw /home/kike/Desktop/marvin/marvin/pynq_z2_bram_wrapper/export/pynq_z2_bram_wrapper/hw/pynq_z2_bram_wrapper.xsa -mem-ranges [list {0x40000000 0xbfffffff}] -regs
configparams force-mem-access 1
targets -set -nocase -filter {name =~"APU*"}
source /home/kike/Desktop/marvin/marvin/marvin/_ide/psinit/ps7_init.tcl
ps7_init
ps7_post_config
targets -set -nocase -filter {name =~ "*A9*#0"}
dow /home/kike/Desktop/marvin/marvin/marvin/Debug/marvin.elf
configparams force-mem-access 0
----------------End of Script----------------

15:26:01 INFO  : Context for processor 'ps7_cortexa9_0' is selected.
15:26:01 INFO  : 'con' command is executed.
15:26:01 INFO  : ----------------XSDB Script (After Launch)----------------
targets -set -nocase -filter {name =~ "*A9*#0"}
con
----------------End of Script----------------

15:26:01 INFO  : Launch script is exported to file '/home/kike/Desktop/marvin/marvin/marvin_system/_ide/scripts/debugger_marvin-default.tcl'
18:43:28 INFO  : Checking for BSP changes to sync application flags for project 'marvin'...
18:43:33 INFO  : Disconnected from the channel tcfchan#5.
18:43:34 INFO  : Connected to target on host '127.0.0.1' and port '3121'.
18:43:34 INFO  : Jtag cable 'Xilinx HW-FTDI-TEST FT2232H 1234-tulA' is selected.
18:43:34 ERROR : port closed
18:43:34 INFO  : ----------------XSDB Script----------------
connect -url tcp:127.0.0.1:3121
----------------End of Script----------------

18:43:34 ERROR : port closed
18:44:00 INFO  : Checking for BSP changes to sync application flags for project 'marvin'...
18:44:05 INFO  : Connected to target on host '127.0.0.1' and port '3121'.
18:44:05 INFO  : Jtag cable 'Xilinx HW-FTDI-TEST FT2232H 1234-tulA' is selected.
18:44:05 INFO  : 'jtag frequency' command is executed.
18:44:05 INFO  : Context for 'APU' is selected.
18:44:05 INFO  : System reset is completed.
18:44:08 INFO  : 'after 3000' command is executed.
18:44:08 INFO  : 'targets -set -filter {jtag_cable_name =~ "Xilinx HW-FTDI-TEST FT2232H 1234-tulA" && level==0 && jtag_device_ctx=="jsn-HW-FTDI-TEST FT2232H-1234-tulA-23727093-0"}' command is executed.
18:44:10 INFO  : Device configured successfully with "/home/kike/Desktop/marvin/marvin/marvin/_ide/bitstream/pynq_z2_bram_wrapper.bit"
18:44:10 INFO  : Context for 'APU' is selected.
18:44:10 INFO  : Hardware design and registers information is loaded from '/home/kike/Desktop/marvin/marvin/pynq_z2_bram_wrapper/export/pynq_z2_bram_wrapper/hw/pynq_z2_bram_wrapper.xsa'.
18:44:10 INFO  : 'configparams force-mem-access 1' command is executed.
18:44:10 INFO  : Context for 'APU' is selected.
18:44:10 INFO  : Sourcing of '/home/kike/Desktop/marvin/marvin/marvin/_ide/psinit/ps7_init.tcl' is done.
18:44:10 INFO  : 'ps7_init' command is executed.
18:44:10 INFO  : 'ps7_post_config' command is executed.
18:44:10 INFO  : Context for processor 'ps7_cortexa9_0' is selected.
18:44:11 INFO  : The application '/home/kike/Desktop/marvin/marvin/marvin/Debug/marvin.elf' is downloaded to processor 'ps7_cortexa9_0'.
18:44:11 INFO  : 'configparams force-mem-access 0' command is executed.
18:44:11 INFO  : ----------------XSDB Script----------------
connect -url tcp:127.0.0.1:3121
targets -set -nocase -filter {name =~"APU*"}
rst -system
after 3000
targets -set -filter {jtag_cable_name =~ "Xilinx HW-FTDI-TEST FT2232H 1234-tulA" && level==0 && jtag_device_ctx=="jsn-HW-FTDI-TEST FT2232H-1234-tulA-23727093-0"}
fpga -file /home/kike/Desktop/marvin/marvin/marvin/_ide/bitstream/pynq_z2_bram_wrapper.bit
targets -set -nocase -filter {name =~"APU*"}
loadhw -hw /home/kike/Desktop/marvin/marvin/pynq_z2_bram_wrapper/export/pynq_z2_bram_wrapper/hw/pynq_z2_bram_wrapper.xsa -mem-ranges [list {0x40000000 0xbfffffff}] -regs
configparams force-mem-access 1
targets -set -nocase -filter {name =~"APU*"}
source /home/kike/Desktop/marvin/marvin/marvin/_ide/psinit/ps7_init.tcl
ps7_init
ps7_post_config
targets -set -nocase -filter {name =~ "*A9*#0"}
dow /home/kike/Desktop/marvin/marvin/marvin/Debug/marvin.elf
configparams force-mem-access 0
----------------End of Script----------------

18:44:11 INFO  : Context for processor 'ps7_cortexa9_0' is selected.
18:44:11 INFO  : 'con' command is executed.
18:44:11 INFO  : ----------------XSDB Script (After Launch)----------------
targets -set -nocase -filter {name =~ "*A9*#0"}
con
----------------End of Script----------------

18:44:11 INFO  : Launch script is exported to file '/home/kike/Desktop/marvin/marvin/marvin_system/_ide/scripts/debugger_marvin-default.tcl'
18:44:37 INFO  : Disconnected from the channel tcfchan#6.
18:44:38 INFO  : Connected to target on host '127.0.0.1' and port '3121'.
18:44:38 INFO  : Jtag cable 'Xilinx HW-FTDI-TEST FT2232H 1234-tulA' is selected.
18:44:38 ERROR : port closed
18:44:38 INFO  : ----------------XSDB Script----------------
connect -url tcp:127.0.0.1:3121
----------------End of Script----------------

18:44:38 ERROR : port closed
18:44:41 INFO  : Connected to target on host '127.0.0.1' and port '3121'.
18:44:41 INFO  : Jtag cable 'Xilinx HW-FTDI-TEST FT2232H 1234-tulA' is selected.
18:44:41 INFO  : 'jtag frequency' command is executed.
18:44:41 INFO  : Context for 'APU' is selected.
18:44:41 INFO  : System reset is completed.
18:44:44 INFO  : 'after 3000' command is executed.
18:44:44 INFO  : 'targets -set -filter {jtag_cable_name =~ "Xilinx HW-FTDI-TEST FT2232H 1234-tulA" && level==0 && jtag_device_ctx=="jsn-HW-FTDI-TEST FT2232H-1234-tulA-23727093-0"}' command is executed.
18:44:47 INFO  : Device configured successfully with "/home/kike/Desktop/marvin/marvin/marvin/_ide/bitstream/pynq_z2_bram_wrapper.bit"
18:44:47 INFO  : Context for 'APU' is selected.
18:44:48 INFO  : Hardware design and registers information is loaded from '/home/kike/Desktop/marvin/marvin/pynq_z2_bram_wrapper/export/pynq_z2_bram_wrapper/hw/pynq_z2_bram_wrapper.xsa'.
18:44:48 INFO  : 'configparams force-mem-access 1' command is executed.
18:44:48 INFO  : Context for 'APU' is selected.
18:44:48 INFO  : Sourcing of '/home/kike/Desktop/marvin/marvin/marvin/_ide/psinit/ps7_init.tcl' is done.
18:44:48 INFO  : 'ps7_init' command is executed.
18:44:48 INFO  : 'ps7_post_config' command is executed.
18:44:48 INFO  : Context for processor 'ps7_cortexa9_0' is selected.
18:44:48 INFO  : The application '/home/kike/Desktop/marvin/marvin/marvin/Debug/marvin.elf' is downloaded to processor 'ps7_cortexa9_0'.
18:44:49 INFO  : 'configparams force-mem-access 0' command is executed.
18:44:49 INFO  : ----------------XSDB Script----------------
connect -url tcp:127.0.0.1:3121
targets -set -nocase -filter {name =~"APU*"}
rst -system
after 3000
targets -set -filter {jtag_cable_name =~ "Xilinx HW-FTDI-TEST FT2232H 1234-tulA" && level==0 && jtag_device_ctx=="jsn-HW-FTDI-TEST FT2232H-1234-tulA-23727093-0"}
fpga -file /home/kike/Desktop/marvin/marvin/marvin/_ide/bitstream/pynq_z2_bram_wrapper.bit
targets -set -nocase -filter {name =~"APU*"}
loadhw -hw /home/kike/Desktop/marvin/marvin/pynq_z2_bram_wrapper/export/pynq_z2_bram_wrapper/hw/pynq_z2_bram_wrapper.xsa -mem-ranges [list {0x40000000 0xbfffffff}] -regs
configparams force-mem-access 1
targets -set -nocase -filter {name =~"APU*"}
source /home/kike/Desktop/marvin/marvin/marvin/_ide/psinit/ps7_init.tcl
ps7_init
ps7_post_config
targets -set -nocase -filter {name =~ "*A9*#0"}
dow /home/kike/Desktop/marvin/marvin/marvin/Debug/marvin.elf
configparams force-mem-access 0
----------------End of Script----------------

18:44:49 INFO  : Context for processor 'ps7_cortexa9_0' is selected.
18:44:49 INFO  : 'con' command is executed.
18:44:49 INFO  : ----------------XSDB Script (After Launch)----------------
targets -set -nocase -filter {name =~ "*A9*#0"}
con
----------------End of Script----------------

18:44:49 INFO  : Launch script is exported to file '/home/kike/Desktop/marvin/marvin/marvin_system/_ide/scripts/debugger_marvin-default.tcl'
18:50:26 INFO  : Checking for BSP changes to sync application flags for project 'marvin'...
18:57:41 INFO  : Checking for BSP changes to sync application flags for project 'marvin'...
18:57:49 INFO  : Disconnected from the channel tcfchan#7.
18:57:50 INFO  : Connected to target on host '127.0.0.1' and port '3121'.
18:57:50 INFO  : Jtag cable 'Xilinx HW-FTDI-TEST FT2232H 1234-tulA' is selected.
18:57:50 INFO  : 'jtag frequency' command is executed.
18:57:50 INFO  : Context for 'APU' is selected.
18:57:50 INFO  : System reset is completed.
18:57:53 INFO  : 'after 3000' command is executed.
18:57:53 INFO  : 'targets -set -filter {jtag_cable_name =~ "Xilinx HW-FTDI-TEST FT2232H 1234-tulA" && level==0 && jtag_device_ctx=="jsn-HW-FTDI-TEST FT2232H-1234-tulA-23727093-0"}' command is executed.
18:57:55 INFO  : Device configured successfully with "/home/kike/Desktop/marvin/marvin/marvin/_ide/bitstream/pynq_z2_bram_wrapper.bit"
18:57:55 INFO  : Context for 'APU' is selected.
18:57:56 INFO  : Hardware design and registers information is loaded from '/home/kike/Desktop/marvin/marvin/pynq_z2_bram_wrapper/export/pynq_z2_bram_wrapper/hw/pynq_z2_bram_wrapper.xsa'.
18:57:56 INFO  : 'configparams force-mem-access 1' command is executed.
18:57:56 INFO  : Context for 'APU' is selected.
18:57:56 INFO  : Sourcing of '/home/kike/Desktop/marvin/marvin/marvin/_ide/psinit/ps7_init.tcl' is done.
18:57:56 INFO  : 'ps7_init' command is executed.
18:57:56 INFO  : 'ps7_post_config' command is executed.
18:57:56 INFO  : Context for processor 'ps7_cortexa9_0' is selected.
18:57:57 INFO  : The application '/home/kike/Desktop/marvin/marvin/marvin/Debug/marvin.elf' is downloaded to processor 'ps7_cortexa9_0'.
18:57:57 INFO  : 'configparams force-mem-access 0' command is executed.
18:57:57 INFO  : ----------------XSDB Script----------------
connect -url tcp:127.0.0.1:3121
targets -set -nocase -filter {name =~"APU*"}
rst -system
after 3000
targets -set -filter {jtag_cable_name =~ "Xilinx HW-FTDI-TEST FT2232H 1234-tulA" && level==0 && jtag_device_ctx=="jsn-HW-FTDI-TEST FT2232H-1234-tulA-23727093-0"}
fpga -file /home/kike/Desktop/marvin/marvin/marvin/_ide/bitstream/pynq_z2_bram_wrapper.bit
targets -set -nocase -filter {name =~"APU*"}
loadhw -hw /home/kike/Desktop/marvin/marvin/pynq_z2_bram_wrapper/export/pynq_z2_bram_wrapper/hw/pynq_z2_bram_wrapper.xsa -mem-ranges [list {0x40000000 0xbfffffff}] -regs
configparams force-mem-access 1
targets -set -nocase -filter {name =~"APU*"}
source /home/kike/Desktop/marvin/marvin/marvin/_ide/psinit/ps7_init.tcl
ps7_init
ps7_post_config
targets -set -nocase -filter {name =~ "*A9*#0"}
dow /home/kike/Desktop/marvin/marvin/marvin/Debug/marvin.elf
configparams force-mem-access 0
----------------End of Script----------------

18:57:57 INFO  : Context for processor 'ps7_cortexa9_0' is selected.
18:57:57 INFO  : 'con' command is executed.
18:57:57 INFO  : ----------------XSDB Script (After Launch)----------------
targets -set -nocase -filter {name =~ "*A9*#0"}
con
----------------End of Script----------------

18:57:57 INFO  : Launch script is exported to file '/home/kike/Desktop/marvin/marvin/marvin_system/_ide/scripts/debugger_marvin-default.tcl'
19:00:51 INFO  : Disconnected from the channel tcfchan#8.
10:09:21 DEBUG : Logs will be stored at '/home/kike/Desktop/marvin/marvin/IDE.log'.
10:09:21 INFO  : Launching XSCT server: xsct -n  -interactive /home/kike/Desktop/marvin/marvin/temp_xsdb_launch_script.tcl
10:09:23 INFO  : XSCT server has started successfully.
10:09:23 INFO  : Successfully done setting XSCT server connection channel  
10:09:23 INFO  : plnx-install-location is set to ''
10:09:23 INFO  : Successfully done setting workspace for the tool. 
10:09:23 INFO  : Registering command handlers for Vitis TCF services
10:09:24 INFO  : Platform repository initialization has completed.
10:09:24 INFO  : Successfully done query RDI_DATADIR 
10:09:32 INFO  : Checking for BSP changes to sync application flags for project 'marvin'...
10:09:47 INFO  : Connected to target on host '127.0.0.1' and port '3121'.
10:09:48 INFO  : Jtag cable 'Xilinx HW-FTDI-TEST FT2232H 1234-tulA' is selected.
10:09:48 INFO  : 'jtag frequency' command is executed.
10:09:48 INFO  : Context for 'APU' is selected.
10:09:48 INFO  : System reset is completed.
10:09:51 INFO  : 'after 3000' command is executed.
10:09:51 INFO  : 'targets -set -filter {jtag_cable_name =~ "Xilinx HW-FTDI-TEST FT2232H 1234-tulA" && level==0 && jtag_device_ctx=="jsn-HW-FTDI-TEST FT2232H-1234-tulA-23727093-0"}' command is executed.
10:09:53 INFO  : Device configured successfully with "/home/kike/Desktop/marvin/marvin/marvin/_ide/bitstream/pynq_z2_bram_wrapper.bit"
10:09:53 INFO  : Context for 'APU' is selected.
10:09:53 INFO  : Hardware design and registers information is loaded from '/home/kike/Desktop/marvin/marvin/pynq_z2_bram_wrapper/export/pynq_z2_bram_wrapper/hw/pynq_z2_bram_wrapper.xsa'.
10:09:53 INFO  : 'configparams force-mem-access 1' command is executed.
10:09:53 INFO  : Context for 'APU' is selected.
10:09:53 INFO  : Sourcing of '/home/kike/Desktop/marvin/marvin/marvin/_ide/psinit/ps7_init.tcl' is done.
10:09:53 INFO  : 'ps7_init' command is executed.
10:09:53 INFO  : 'ps7_post_config' command is executed.
10:09:53 INFO  : Context for processor 'ps7_cortexa9_0' is selected.
10:09:54 INFO  : The application '/home/kike/Desktop/marvin/marvin/marvin/Debug/marvin.elf' is downloaded to processor 'ps7_cortexa9_0'.
10:09:54 INFO  : 'configparams force-mem-access 0' command is executed.
10:09:54 INFO  : ----------------XSDB Script----------------
connect -url tcp:127.0.0.1:3121
targets -set -nocase -filter {name =~"APU*"}
rst -system
after 3000
targets -set -filter {jtag_cable_name =~ "Xilinx HW-FTDI-TEST FT2232H 1234-tulA" && level==0 && jtag_device_ctx=="jsn-HW-FTDI-TEST FT2232H-1234-tulA-23727093-0"}
fpga -file /home/kike/Desktop/marvin/marvin/marvin/_ide/bitstream/pynq_z2_bram_wrapper.bit
targets -set -nocase -filter {name =~"APU*"}
loadhw -hw /home/kike/Desktop/marvin/marvin/pynq_z2_bram_wrapper/export/pynq_z2_bram_wrapper/hw/pynq_z2_bram_wrapper.xsa -mem-ranges [list {0x40000000 0xbfffffff}] -regs
configparams force-mem-access 1
targets -set -nocase -filter {name =~"APU*"}
source /home/kike/Desktop/marvin/marvin/marvin/_ide/psinit/ps7_init.tcl
ps7_init
ps7_post_config
targets -set -nocase -filter {name =~ "*A9*#0"}
dow /home/kike/Desktop/marvin/marvin/marvin/Debug/marvin.elf
configparams force-mem-access 0
----------------End of Script----------------

10:09:54 INFO  : Context for processor 'ps7_cortexa9_0' is selected.
10:09:54 INFO  : 'con' command is executed.
10:09:54 INFO  : ----------------XSDB Script (After Launch)----------------
targets -set -nocase -filter {name =~ "*A9*#0"}
con
----------------End of Script----------------

10:09:54 INFO  : Launch script is exported to file '/home/kike/Desktop/marvin/marvin/marvin_system/_ide/scripts/debugger_marvin-default.tcl'
10:20:25 INFO  : Checking for BSP changes to sync application flags for project 'marvin'...
10:28:03 INFO  : Checking for BSP changes to sync application flags for project 'marvin'...
10:28:08 INFO  : Disconnected from the channel tcfchan#1.
10:28:09 INFO  : Connected to target on host '127.0.0.1' and port '3121'.
10:28:09 INFO  : Jtag cable 'Xilinx HW-FTDI-TEST FT2232H 1234-tulA' is selected.
10:28:09 INFO  : 'jtag frequency' command is executed.
10:28:09 INFO  : Context for 'APU' is selected.
10:28:09 INFO  : System reset is completed.
10:28:12 INFO  : 'after 3000' command is executed.
10:28:12 INFO  : 'targets -set -filter {jtag_cable_name =~ "Xilinx HW-FTDI-TEST FT2232H 1234-tulA" && level==0 && jtag_device_ctx=="jsn-HW-FTDI-TEST FT2232H-1234-tulA-23727093-0"}' command is executed.
10:28:14 INFO  : Device configured successfully with "/home/kike/Desktop/marvin/marvin/marvin/_ide/bitstream/pynq_z2_bram_wrapper.bit"
10:28:14 INFO  : Context for 'APU' is selected.
10:28:15 INFO  : Hardware design and registers information is loaded from '/home/kike/Desktop/marvin/marvin/pynq_z2_bram_wrapper/export/pynq_z2_bram_wrapper/hw/pynq_z2_bram_wrapper.xsa'.
10:28:15 INFO  : 'configparams force-mem-access 1' command is executed.
10:28:15 INFO  : Context for 'APU' is selected.
10:28:15 INFO  : Sourcing of '/home/kike/Desktop/marvin/marvin/marvin/_ide/psinit/ps7_init.tcl' is done.
10:28:16 INFO  : 'ps7_init' command is executed.
10:28:16 INFO  : 'ps7_post_config' command is executed.
10:28:16 INFO  : Context for processor 'ps7_cortexa9_0' is selected.
10:28:16 INFO  : The application '/home/kike/Desktop/marvin/marvin/marvin/Debug/marvin.elf' is downloaded to processor 'ps7_cortexa9_0'.
10:28:16 INFO  : 'configparams force-mem-access 0' command is executed.
10:28:16 INFO  : ----------------XSDB Script----------------
connect -url tcp:127.0.0.1:3121
targets -set -nocase -filter {name =~"APU*"}
rst -system
after 3000
targets -set -filter {jtag_cable_name =~ "Xilinx HW-FTDI-TEST FT2232H 1234-tulA" && level==0 && jtag_device_ctx=="jsn-HW-FTDI-TEST FT2232H-1234-tulA-23727093-0"}
fpga -file /home/kike/Desktop/marvin/marvin/marvin/_ide/bitstream/pynq_z2_bram_wrapper.bit
targets -set -nocase -filter {name =~"APU*"}
loadhw -hw /home/kike/Desktop/marvin/marvin/pynq_z2_bram_wrapper/export/pynq_z2_bram_wrapper/hw/pynq_z2_bram_wrapper.xsa -mem-ranges [list {0x40000000 0xbfffffff}] -regs
configparams force-mem-access 1
targets -set -nocase -filter {name =~"APU*"}
source /home/kike/Desktop/marvin/marvin/marvin/_ide/psinit/ps7_init.tcl
ps7_init
ps7_post_config
targets -set -nocase -filter {name =~ "*A9*#0"}
dow /home/kike/Desktop/marvin/marvin/marvin/Debug/marvin.elf
configparams force-mem-access 0
----------------End of Script----------------

10:28:16 INFO  : Context for processor 'ps7_cortexa9_0' is selected.
10:28:16 INFO  : 'con' command is executed.
10:28:16 INFO  : ----------------XSDB Script (After Launch)----------------
targets -set -nocase -filter {name =~ "*A9*#0"}
con
----------------End of Script----------------

10:28:16 INFO  : Launch script is exported to file '/home/kike/Desktop/marvin/marvin/marvin_system/_ide/scripts/debugger_marvin-default.tcl'
10:28:28 INFO  : Disconnected from the channel tcfchan#2.
10:28:29 INFO  : Connected to target on host '127.0.0.1' and port '3121'.
10:28:30 INFO  : Jtag cable 'Xilinx HW-FTDI-TEST FT2232H 1234-tulA' is selected.
10:28:30 INFO  : 'jtag frequency' command is executed.
10:28:30 INFO  : Context for 'APU' is selected.
10:28:30 INFO  : System reset is completed.
10:28:33 INFO  : 'after 3000' command is executed.
10:28:33 INFO  : 'targets -set -filter {jtag_cable_name =~ "Xilinx HW-FTDI-TEST FT2232H 1234-tulA" && level==0 && jtag_device_ctx=="jsn-HW-FTDI-TEST FT2232H-1234-tulA-23727093-0"}' command is executed.
10:28:35 INFO  : Device configured successfully with "/home/kike/Desktop/marvin/marvin/marvin/_ide/bitstream/pynq_z2_bram_wrapper.bit"
10:28:35 INFO  : Context for 'APU' is selected.
10:28:36 INFO  : Hardware design and registers information is loaded from '/home/kike/Desktop/marvin/marvin/pynq_z2_bram_wrapper/export/pynq_z2_bram_wrapper/hw/pynq_z2_bram_wrapper.xsa'.
10:28:36 INFO  : 'configparams force-mem-access 1' command is executed.
10:28:36 INFO  : Context for 'APU' is selected.
10:28:36 INFO  : Sourcing of '/home/kike/Desktop/marvin/marvin/marvin/_ide/psinit/ps7_init.tcl' is done.
10:28:36 INFO  : 'ps7_init' command is executed.
10:28:36 INFO  : 'ps7_post_config' command is executed.
10:28:36 INFO  : Context for processor 'ps7_cortexa9_0' is selected.
10:28:36 INFO  : The application '/home/kike/Desktop/marvin/marvin/marvin/Debug/marvin.elf' is downloaded to processor 'ps7_cortexa9_0'.
10:28:36 INFO  : 'configparams force-mem-access 0' command is executed.
10:28:36 INFO  : ----------------XSDB Script----------------
connect -url tcp:127.0.0.1:3121
targets -set -nocase -filter {name =~"APU*"}
rst -system
after 3000
targets -set -filter {jtag_cable_name =~ "Xilinx HW-FTDI-TEST FT2232H 1234-tulA" && level==0 && jtag_device_ctx=="jsn-HW-FTDI-TEST FT2232H-1234-tulA-23727093-0"}
fpga -file /home/kike/Desktop/marvin/marvin/marvin/_ide/bitstream/pynq_z2_bram_wrapper.bit
targets -set -nocase -filter {name =~"APU*"}
loadhw -hw /home/kike/Desktop/marvin/marvin/pynq_z2_bram_wrapper/export/pynq_z2_bram_wrapper/hw/pynq_z2_bram_wrapper.xsa -mem-ranges [list {0x40000000 0xbfffffff}] -regs
configparams force-mem-access 1
targets -set -nocase -filter {name =~"APU*"}
source /home/kike/Desktop/marvin/marvin/marvin/_ide/psinit/ps7_init.tcl
ps7_init
ps7_post_config
targets -set -nocase -filter {name =~ "*A9*#0"}
dow /home/kike/Desktop/marvin/marvin/marvin/Debug/marvin.elf
configparams force-mem-access 0
----------------End of Script----------------

10:28:36 INFO  : Context for processor 'ps7_cortexa9_0' is selected.
10:28:37 INFO  : 'con' command is executed.
10:28:37 INFO  : ----------------XSDB Script (After Launch)----------------
targets -set -nocase -filter {name =~ "*A9*#0"}
con
----------------End of Script----------------

10:28:37 INFO  : Launch script is exported to file '/home/kike/Desktop/marvin/marvin/marvin_system/_ide/scripts/debugger_marvin-default.tcl'
10:30:02 ERROR : (XSDB Server)no register match: 0x40000000

10:31:26 INFO  : Checking for BSP changes to sync application flags for project 'marvin'...
10:31:29 INFO  : Disconnected from the channel tcfchan#3.
10:31:30 INFO  : Connected to target on host '127.0.0.1' and port '3121'.
10:31:30 INFO  : Jtag cable 'Xilinx HW-FTDI-TEST FT2232H 1234-tulA' is selected.
10:31:30 INFO  : 'jtag frequency' command is executed.
10:31:30 INFO  : Context for 'APU' is selected.
10:31:30 INFO  : System reset is completed.
10:31:33 INFO  : 'after 3000' command is executed.
10:31:33 INFO  : 'targets -set -filter {jtag_cable_name =~ "Xilinx HW-FTDI-TEST FT2232H 1234-tulA" && level==0 && jtag_device_ctx=="jsn-HW-FTDI-TEST FT2232H-1234-tulA-23727093-0"}' command is executed.
10:31:35 INFO  : Device configured successfully with "/home/kike/Desktop/marvin/marvin/marvin/_ide/bitstream/pynq_z2_bram_wrapper.bit"
10:31:35 INFO  : Context for 'APU' is selected.
10:31:36 INFO  : Hardware design and registers information is loaded from '/home/kike/Desktop/marvin/marvin/pynq_z2_bram_wrapper/export/pynq_z2_bram_wrapper/hw/pynq_z2_bram_wrapper.xsa'.
10:31:36 INFO  : 'configparams force-mem-access 1' command is executed.
10:31:36 INFO  : Context for 'APU' is selected.
10:31:36 INFO  : Sourcing of '/home/kike/Desktop/marvin/marvin/marvin/_ide/psinit/ps7_init.tcl' is done.
10:31:37 INFO  : 'ps7_init' command is executed.
10:31:37 INFO  : 'ps7_post_config' command is executed.
10:31:37 INFO  : Context for processor 'ps7_cortexa9_0' is selected.
10:31:37 INFO  : The application '/home/kike/Desktop/marvin/marvin/marvin/Debug/marvin.elf' is downloaded to processor 'ps7_cortexa9_0'.
10:31:37 INFO  : 'configparams force-mem-access 0' command is executed.
10:31:37 INFO  : ----------------XSDB Script----------------
connect -url tcp:127.0.0.1:3121
targets -set -nocase -filter {name =~"APU*"}
rst -system
after 3000
targets -set -filter {jtag_cable_name =~ "Xilinx HW-FTDI-TEST FT2232H 1234-tulA" && level==0 && jtag_device_ctx=="jsn-HW-FTDI-TEST FT2232H-1234-tulA-23727093-0"}
fpga -file /home/kike/Desktop/marvin/marvin/marvin/_ide/bitstream/pynq_z2_bram_wrapper.bit
targets -set -nocase -filter {name =~"APU*"}
loadhw -hw /home/kike/Desktop/marvin/marvin/pynq_z2_bram_wrapper/export/pynq_z2_bram_wrapper/hw/pynq_z2_bram_wrapper.xsa -mem-ranges [list {0x40000000 0xbfffffff}] -regs
configparams force-mem-access 1
targets -set -nocase -filter {name =~"APU*"}
source /home/kike/Desktop/marvin/marvin/marvin/_ide/psinit/ps7_init.tcl
ps7_init
ps7_post_config
targets -set -nocase -filter {name =~ "*A9*#0"}
dow /home/kike/Desktop/marvin/marvin/marvin/Debug/marvin.elf
configparams force-mem-access 0
----------------End of Script----------------

10:31:37 INFO  : Context for processor 'ps7_cortexa9_0' is selected.
10:31:37 INFO  : 'con' command is executed.
10:31:37 INFO  : ----------------XSDB Script (After Launch)----------------
targets -set -nocase -filter {name =~ "*A9*#0"}
con
----------------End of Script----------------

10:31:37 INFO  : Launch script is exported to file '/home/kike/Desktop/marvin/marvin/marvin_system/_ide/scripts/debugger_marvin-default.tcl'
10:31:54 ERROR : (XSDB Server)Already running

10:33:08 INFO  : Checking for BSP changes to sync application flags for project 'marvin'...
10:33:11 INFO  : Disconnected from the channel tcfchan#4.
10:33:12 INFO  : Connected to target on host '127.0.0.1' and port '3121'.
10:33:12 INFO  : Jtag cable 'Xilinx HW-FTDI-TEST FT2232H 1234-tulA' is selected.
10:33:12 ERROR : port closed
10:33:12 INFO  : ----------------XSDB Script----------------
connect -url tcp:127.0.0.1:3121
----------------End of Script----------------

10:33:12 ERROR : port closed
10:33:20 INFO  : Connected to target on host '127.0.0.1' and port '3121'.
10:33:20 INFO  : Jtag cable 'Xilinx HW-FTDI-TEST FT2232H 1234-tulA' is selected.
10:33:20 INFO  : 'jtag frequency' command is executed.
10:33:20 INFO  : Context for 'APU' is selected.
10:33:20 INFO  : System reset is completed.
10:33:23 INFO  : 'after 3000' command is executed.
10:33:23 INFO  : 'targets -set -filter {jtag_cable_name =~ "Xilinx HW-FTDI-TEST FT2232H 1234-tulA" && level==0 && jtag_device_ctx=="jsn-HW-FTDI-TEST FT2232H-1234-tulA-23727093-0"}' command is executed.
10:33:25 INFO  : Device configured successfully with "/home/kike/Desktop/marvin/marvin/marvin/_ide/bitstream/pynq_z2_bram_wrapper.bit"
10:33:25 INFO  : Context for 'APU' is selected.
10:33:26 INFO  : Hardware design and registers information is loaded from '/home/kike/Desktop/marvin/marvin/pynq_z2_bram_wrapper/export/pynq_z2_bram_wrapper/hw/pynq_z2_bram_wrapper.xsa'.
10:33:26 INFO  : 'configparams force-mem-access 1' command is executed.
10:33:26 INFO  : Context for 'APU' is selected.
10:33:26 INFO  : Sourcing of '/home/kike/Desktop/marvin/marvin/marvin/_ide/psinit/ps7_init.tcl' is done.
10:33:27 INFO  : 'ps7_init' command is executed.
10:33:27 INFO  : 'ps7_post_config' command is executed.
10:33:27 INFO  : Context for processor 'ps7_cortexa9_0' is selected.
10:33:27 INFO  : The application '/home/kike/Desktop/marvin/marvin/marvin/Debug/marvin.elf' is downloaded to processor 'ps7_cortexa9_0'.
10:33:27 INFO  : 'configparams force-mem-access 0' command is executed.
10:33:27 INFO  : ----------------XSDB Script----------------
connect -url tcp:127.0.0.1:3121
targets -set -nocase -filter {name =~"APU*"}
rst -system
after 3000
targets -set -filter {jtag_cable_name =~ "Xilinx HW-FTDI-TEST FT2232H 1234-tulA" && level==0 && jtag_device_ctx=="jsn-HW-FTDI-TEST FT2232H-1234-tulA-23727093-0"}
fpga -file /home/kike/Desktop/marvin/marvin/marvin/_ide/bitstream/pynq_z2_bram_wrapper.bit
targets -set -nocase -filter {name =~"APU*"}
loadhw -hw /home/kike/Desktop/marvin/marvin/pynq_z2_bram_wrapper/export/pynq_z2_bram_wrapper/hw/pynq_z2_bram_wrapper.xsa -mem-ranges [list {0x40000000 0xbfffffff}] -regs
configparams force-mem-access 1
targets -set -nocase -filter {name =~"APU*"}
source /home/kike/Desktop/marvin/marvin/marvin/_ide/psinit/ps7_init.tcl
ps7_init
ps7_post_config
targets -set -nocase -filter {name =~ "*A9*#0"}
dow /home/kike/Desktop/marvin/marvin/marvin/Debug/marvin.elf
configparams force-mem-access 0
----------------End of Script----------------

10:33:27 INFO  : Context for processor 'ps7_cortexa9_0' is selected.
10:33:27 INFO  : 'con' command is executed.
10:33:27 INFO  : ----------------XSDB Script (After Launch)----------------
targets -set -nocase -filter {name =~ "*A9*#0"}
con
----------------End of Script----------------

10:33:27 INFO  : Launch script is exported to file '/home/kike/Desktop/marvin/marvin/marvin_system/_ide/scripts/debugger_marvin-default.tcl'
10:33:41 INFO  : Disconnected from the channel tcfchan#5.
10:33:42 INFO  : Connected to target on host '127.0.0.1' and port '3121'.
10:33:42 INFO  : Jtag cable 'Xilinx HW-FTDI-TEST FT2232H 1234-tulA' is selected.
10:33:42 INFO  : 'jtag frequency' command is executed.
10:33:44 INFO  : Context for 'APU' is selected.
10:33:44 INFO  : System reset is completed.
10:33:47 INFO  : 'after 3000' command is executed.
10:33:47 INFO  : 'targets -set -filter {jtag_cable_name =~ "Xilinx HW-FTDI-TEST FT2232H 1234-tulA" && level==0 && jtag_device_ctx=="jsn-HW-FTDI-TEST FT2232H-1234-tulA-23727093-0"}' command is executed.
10:33:49 INFO  : Device configured successfully with "/home/kike/Desktop/marvin/marvin/marvin/_ide/bitstream/pynq_z2_bram_wrapper.bit"
10:33:49 INFO  : Context for 'APU' is selected.
10:33:50 INFO  : Hardware design and registers information is loaded from '/home/kike/Desktop/marvin/marvin/pynq_z2_bram_wrapper/export/pynq_z2_bram_wrapper/hw/pynq_z2_bram_wrapper.xsa'.
10:33:50 INFO  : 'configparams force-mem-access 1' command is executed.
10:33:50 INFO  : Context for 'APU' is selected.
10:33:50 INFO  : Sourcing of '/home/kike/Desktop/marvin/marvin/marvin/_ide/psinit/ps7_init.tcl' is done.
10:33:50 INFO  : 'ps7_init' command is executed.
10:33:50 INFO  : 'ps7_post_config' command is executed.
10:33:50 INFO  : Context for processor 'ps7_cortexa9_0' is selected.
10:33:51 INFO  : The application '/home/kike/Desktop/marvin/marvin/marvin/Debug/marvin.elf' is downloaded to processor 'ps7_cortexa9_0'.
10:33:51 INFO  : 'configparams force-mem-access 0' command is executed.
10:33:51 INFO  : ----------------XSDB Script----------------
connect -url tcp:127.0.0.1:3121
targets -set -nocase -filter {name =~"APU*"}
rst -system
after 3000
targets -set -filter {jtag_cable_name =~ "Xilinx HW-FTDI-TEST FT2232H 1234-tulA" && level==0 && jtag_device_ctx=="jsn-HW-FTDI-TEST FT2232H-1234-tulA-23727093-0"}
fpga -file /home/kike/Desktop/marvin/marvin/marvin/_ide/bitstream/pynq_z2_bram_wrapper.bit
targets -set -nocase -filter {name =~"APU*"}
loadhw -hw /home/kike/Desktop/marvin/marvin/pynq_z2_bram_wrapper/export/pynq_z2_bram_wrapper/hw/pynq_z2_bram_wrapper.xsa -mem-ranges [list {0x40000000 0xbfffffff}] -regs
configparams force-mem-access 1
targets -set -nocase -filter {name =~"APU*"}
source /home/kike/Desktop/marvin/marvin/marvin/_ide/psinit/ps7_init.tcl
ps7_init
ps7_post_config
targets -set -nocase -filter {name =~ "*A9*#0"}
dow /home/kike/Desktop/marvin/marvin/marvin/Debug/marvin.elf
configparams force-mem-access 0
----------------End of Script----------------

10:33:51 INFO  : Context for processor 'ps7_cortexa9_0' is selected.
10:33:51 INFO  : 'con' command is executed.
10:33:51 INFO  : ----------------XSDB Script (After Launch)----------------
targets -set -nocase -filter {name =~ "*A9*#0"}
con
----------------End of Script----------------

10:33:51 INFO  : Launch script is exported to file '/home/kike/Desktop/marvin/marvin/marvin_system/_ide/scripts/debugger_marvin-default.tcl'
10:34:14 ERROR : (XSDB Server)Already running

10:35:33 INFO  : Checking for BSP changes to sync application flags for project 'marvin'...
10:35:37 INFO  : Disconnected from the channel tcfchan#6.
10:35:38 INFO  : Connected to target on host '127.0.0.1' and port '3121'.
10:35:38 INFO  : Jtag cable 'Xilinx HW-FTDI-TEST FT2232H 1234-tulA' is selected.
10:35:38 INFO  : 'jtag frequency' command is executed.
10:35:38 INFO  : Context for 'APU' is selected.
10:35:38 INFO  : System reset is completed.
10:35:41 INFO  : 'after 3000' command is executed.
10:35:42 INFO  : 'targets -set -filter {jtag_cable_name =~ "Xilinx HW-FTDI-TEST FT2232H 1234-tulA" && level==0 && jtag_device_ctx=="jsn-HW-FTDI-TEST FT2232H-1234-tulA-23727093-0"}' command is executed.
10:35:44 INFO  : Device configured successfully with "/home/kike/Desktop/marvin/marvin/marvin/_ide/bitstream/pynq_z2_bram_wrapper.bit"
10:35:44 INFO  : Context for 'APU' is selected.
10:35:45 INFO  : Hardware design and registers information is loaded from '/home/kike/Desktop/marvin/marvin/pynq_z2_bram_wrapper/export/pynq_z2_bram_wrapper/hw/pynq_z2_bram_wrapper.xsa'.
10:35:45 INFO  : 'configparams force-mem-access 1' command is executed.
10:35:45 INFO  : Context for 'APU' is selected.
10:35:45 INFO  : Sourcing of '/home/kike/Desktop/marvin/marvin/marvin/_ide/psinit/ps7_init.tcl' is done.
10:35:45 INFO  : 'ps7_init' command is executed.
10:35:45 INFO  : 'ps7_post_config' command is executed.
10:35:45 INFO  : Context for processor 'ps7_cortexa9_0' is selected.
10:35:45 INFO  : The application '/home/kike/Desktop/marvin/marvin/marvin/Debug/marvin.elf' is downloaded to processor 'ps7_cortexa9_0'.
10:35:45 INFO  : 'configparams force-mem-access 0' command is executed.
10:35:45 INFO  : ----------------XSDB Script----------------
connect -url tcp:127.0.0.1:3121
targets -set -nocase -filter {name =~"APU*"}
rst -system
after 3000
targets -set -filter {jtag_cable_name =~ "Xilinx HW-FTDI-TEST FT2232H 1234-tulA" && level==0 && jtag_device_ctx=="jsn-HW-FTDI-TEST FT2232H-1234-tulA-23727093-0"}
fpga -file /home/kike/Desktop/marvin/marvin/marvin/_ide/bitstream/pynq_z2_bram_wrapper.bit
targets -set -nocase -filter {name =~"APU*"}
loadhw -hw /home/kike/Desktop/marvin/marvin/pynq_z2_bram_wrapper/export/pynq_z2_bram_wrapper/hw/pynq_z2_bram_wrapper.xsa -mem-ranges [list {0x40000000 0xbfffffff}] -regs
configparams force-mem-access 1
targets -set -nocase -filter {name =~"APU*"}
source /home/kike/Desktop/marvin/marvin/marvin/_ide/psinit/ps7_init.tcl
ps7_init
ps7_post_config
targets -set -nocase -filter {name =~ "*A9*#0"}
dow /home/kike/Desktop/marvin/marvin/marvin/Debug/marvin.elf
configparams force-mem-access 0
----------------End of Script----------------

10:35:45 INFO  : Context for processor 'ps7_cortexa9_0' is selected.
10:35:45 INFO  : 'con' command is executed.
10:35:45 INFO  : ----------------XSDB Script (After Launch)----------------
targets -set -nocase -filter {name =~ "*A9*#0"}
con
----------------End of Script----------------

10:35:45 INFO  : Launch script is exported to file '/home/kike/Desktop/marvin/marvin/marvin_system/_ide/scripts/debugger_marvin-default.tcl'
10:36:09 ERROR : (XSDB Server)Already running

10:42:08 INFO  : Checking for BSP changes to sync application flags for project 'marvin'...
10:42:12 INFO  : Disconnected from the channel tcfchan#7.
10:42:13 INFO  : Connected to target on host '127.0.0.1' and port '3121'.
10:42:13 INFO  : Jtag cable 'Xilinx HW-FTDI-TEST FT2232H 1234-tulA' is selected.
10:42:13 INFO  : 'jtag frequency' command is executed.
10:42:15 INFO  : Context for 'APU' is selected.
10:42:15 INFO  : System reset is completed.
10:42:18 INFO  : 'after 3000' command is executed.
10:42:18 INFO  : 'targets -set -filter {jtag_cable_name =~ "Xilinx HW-FTDI-TEST FT2232H 1234-tulA" && level==0 && jtag_device_ctx=="jsn-HW-FTDI-TEST FT2232H-1234-tulA-23727093-0"}' command is executed.
10:42:21 INFO  : Device configured successfully with "/home/kike/Desktop/marvin/marvin/marvin/_ide/bitstream/pynq_z2_bram_wrapper.bit"
10:42:21 INFO  : Context for 'APU' is selected.
10:42:22 INFO  : Hardware design and registers information is loaded from '/home/kike/Desktop/marvin/marvin/pynq_z2_bram_wrapper/export/pynq_z2_bram_wrapper/hw/pynq_z2_bram_wrapper.xsa'.
10:42:22 INFO  : 'configparams force-mem-access 1' command is executed.
10:42:22 INFO  : Context for 'APU' is selected.
10:42:22 INFO  : Sourcing of '/home/kike/Desktop/marvin/marvin/marvin/_ide/psinit/ps7_init.tcl' is done.
10:42:22 INFO  : 'ps7_init' command is executed.
10:42:22 INFO  : 'ps7_post_config' command is executed.
10:42:22 INFO  : Context for processor 'ps7_cortexa9_0' is selected.
10:42:22 INFO  : The application '/home/kike/Desktop/marvin/marvin/marvin/Debug/marvin.elf' is downloaded to processor 'ps7_cortexa9_0'.
10:42:22 INFO  : 'configparams force-mem-access 0' command is executed.
10:42:22 INFO  : ----------------XSDB Script----------------
connect -url tcp:127.0.0.1:3121
targets -set -nocase -filter {name =~"APU*"}
rst -system
after 3000
targets -set -filter {jtag_cable_name =~ "Xilinx HW-FTDI-TEST FT2232H 1234-tulA" && level==0 && jtag_device_ctx=="jsn-HW-FTDI-TEST FT2232H-1234-tulA-23727093-0"}
fpga -file /home/kike/Desktop/marvin/marvin/marvin/_ide/bitstream/pynq_z2_bram_wrapper.bit
targets -set -nocase -filter {name =~"APU*"}
loadhw -hw /home/kike/Desktop/marvin/marvin/pynq_z2_bram_wrapper/export/pynq_z2_bram_wrapper/hw/pynq_z2_bram_wrapper.xsa -mem-ranges [list {0x40000000 0xbfffffff}] -regs
configparams force-mem-access 1
targets -set -nocase -filter {name =~"APU*"}
source /home/kike/Desktop/marvin/marvin/marvin/_ide/psinit/ps7_init.tcl
ps7_init
ps7_post_config
targets -set -nocase -filter {name =~ "*A9*#0"}
dow /home/kike/Desktop/marvin/marvin/marvin/Debug/marvin.elf
configparams force-mem-access 0
----------------End of Script----------------

10:42:22 INFO  : Context for processor 'ps7_cortexa9_0' is selected.
10:42:22 INFO  : 'con' command is executed.
10:42:22 INFO  : ----------------XSDB Script (After Launch)----------------
targets -set -nocase -filter {name =~ "*A9*#0"}
con
----------------End of Script----------------

10:42:22 INFO  : Launch script is exported to file '/home/kike/Desktop/marvin/marvin/marvin_system/_ide/scripts/debugger_marvin-default.tcl'
10:42:39 INFO  : Checking for BSP changes to sync application flags for project 'marvin'...
10:42:45 INFO  : Disconnected from the channel tcfchan#8.
10:42:46 INFO  : Connected to target on host '127.0.0.1' and port '3121'.
10:42:46 INFO  : Jtag cable 'Xilinx HW-FTDI-TEST FT2232H 1234-tulA' is selected.
10:42:46 INFO  : 'jtag frequency' command is executed.
10:42:48 INFO  : Context for 'APU' is selected.
10:42:48 INFO  : System reset is completed.
10:42:51 INFO  : 'after 3000' command is executed.
10:42:51 INFO  : 'targets -set -filter {jtag_cable_name =~ "Xilinx HW-FTDI-TEST FT2232H 1234-tulA" && level==0 && jtag_device_ctx=="jsn-HW-FTDI-TEST FT2232H-1234-tulA-23727093-0"}' command is executed.
10:42:53 INFO  : Device configured successfully with "/home/kike/Desktop/marvin/marvin/marvin/_ide/bitstream/pynq_z2_bram_wrapper.bit"
10:42:53 INFO  : Context for 'APU' is selected.
10:42:55 INFO  : Hardware design and registers information is loaded from '/home/kike/Desktop/marvin/marvin/pynq_z2_bram_wrapper/export/pynq_z2_bram_wrapper/hw/pynq_z2_bram_wrapper.xsa'.
10:42:55 INFO  : 'configparams force-mem-access 1' command is executed.
10:42:55 INFO  : Context for 'APU' is selected.
10:42:55 INFO  : Sourcing of '/home/kike/Desktop/marvin/marvin/marvin/_ide/psinit/ps7_init.tcl' is done.
10:42:55 INFO  : 'ps7_init' command is executed.
10:42:55 INFO  : 'ps7_post_config' command is executed.
10:42:55 INFO  : Context for processor 'ps7_cortexa9_0' is selected.
10:42:55 INFO  : The application '/home/kike/Desktop/marvin/marvin/marvin/Debug/marvin.elf' is downloaded to processor 'ps7_cortexa9_0'.
10:42:55 INFO  : 'configparams force-mem-access 0' command is executed.
10:42:55 INFO  : ----------------XSDB Script----------------
connect -url tcp:127.0.0.1:3121
targets -set -nocase -filter {name =~"APU*"}
rst -system
after 3000
targets -set -filter {jtag_cable_name =~ "Xilinx HW-FTDI-TEST FT2232H 1234-tulA" && level==0 && jtag_device_ctx=="jsn-HW-FTDI-TEST FT2232H-1234-tulA-23727093-0"}
fpga -file /home/kike/Desktop/marvin/marvin/marvin/_ide/bitstream/pynq_z2_bram_wrapper.bit
targets -set -nocase -filter {name =~"APU*"}
loadhw -hw /home/kike/Desktop/marvin/marvin/pynq_z2_bram_wrapper/export/pynq_z2_bram_wrapper/hw/pynq_z2_bram_wrapper.xsa -mem-ranges [list {0x40000000 0xbfffffff}] -regs
configparams force-mem-access 1
targets -set -nocase -filter {name =~"APU*"}
source /home/kike/Desktop/marvin/marvin/marvin/_ide/psinit/ps7_init.tcl
ps7_init
ps7_post_config
targets -set -nocase -filter {name =~ "*A9*#0"}
dow /home/kike/Desktop/marvin/marvin/marvin/Debug/marvin.elf
configparams force-mem-access 0
----------------End of Script----------------

10:42:55 INFO  : Context for processor 'ps7_cortexa9_0' is selected.
10:42:55 INFO  : 'con' command is executed.
10:42:55 INFO  : ----------------XSDB Script (After Launch)----------------
targets -set -nocase -filter {name =~ "*A9*#0"}
con
----------------End of Script----------------

10:42:55 INFO  : Launch script is exported to file '/home/kike/Desktop/marvin/marvin/marvin_system/_ide/scripts/debugger_marvin-default.tcl'
10:43:15 ERROR : (XSDB Server)Already running

10:43:39 ERROR : (XSDB Server)Already running

10:50:31 INFO  : Checking for BSP changes to sync application flags for project 'marvin'...
10:50:35 INFO  : Disconnected from the channel tcfchan#9.
10:50:36 INFO  : Connected to target on host '127.0.0.1' and port '3121'.
10:50:36 INFO  : Jtag cable 'Xilinx HW-FTDI-TEST FT2232H 1234-tulA' is selected.
10:50:36 INFO  : 'jtag frequency' command is executed.
10:50:38 INFO  : Context for 'APU' is selected.
10:50:38 INFO  : System reset is completed.
10:50:41 INFO  : 'after 3000' command is executed.
10:50:41 INFO  : 'targets -set -filter {jtag_cable_name =~ "Xilinx HW-FTDI-TEST FT2232H 1234-tulA" && level==0 && jtag_device_ctx=="jsn-HW-FTDI-TEST FT2232H-1234-tulA-23727093-0"}' command is executed.
10:50:44 INFO  : Device configured successfully with "/home/kike/Desktop/marvin/marvin/marvin/_ide/bitstream/pynq_z2_bram_wrapper.bit"
10:50:44 INFO  : Context for 'APU' is selected.
10:50:45 INFO  : Hardware design and registers information is loaded from '/home/kike/Desktop/marvin/marvin/pynq_z2_bram_wrapper/export/pynq_z2_bram_wrapper/hw/pynq_z2_bram_wrapper.xsa'.
10:50:45 INFO  : 'configparams force-mem-access 1' command is executed.
10:50:45 INFO  : Context for 'APU' is selected.
10:50:45 INFO  : Sourcing of '/home/kike/Desktop/marvin/marvin/marvin/_ide/psinit/ps7_init.tcl' is done.
10:50:45 INFO  : 'ps7_init' command is executed.
10:50:45 INFO  : 'ps7_post_config' command is executed.
10:50:45 INFO  : Context for processor 'ps7_cortexa9_0' is selected.
10:50:45 INFO  : The application '/home/kike/Desktop/marvin/marvin/marvin/Debug/marvin.elf' is downloaded to processor 'ps7_cortexa9_0'.
10:50:45 INFO  : 'configparams force-mem-access 0' command is executed.
10:50:45 INFO  : ----------------XSDB Script----------------
connect -url tcp:127.0.0.1:3121
targets -set -nocase -filter {name =~"APU*"}
rst -system
after 3000
targets -set -filter {jtag_cable_name =~ "Xilinx HW-FTDI-TEST FT2232H 1234-tulA" && level==0 && jtag_device_ctx=="jsn-HW-FTDI-TEST FT2232H-1234-tulA-23727093-0"}
fpga -file /home/kike/Desktop/marvin/marvin/marvin/_ide/bitstream/pynq_z2_bram_wrapper.bit
targets -set -nocase -filter {name =~"APU*"}
loadhw -hw /home/kike/Desktop/marvin/marvin/pynq_z2_bram_wrapper/export/pynq_z2_bram_wrapper/hw/pynq_z2_bram_wrapper.xsa -mem-ranges [list {0x40000000 0xbfffffff}] -regs
configparams force-mem-access 1
targets -set -nocase -filter {name =~"APU*"}
source /home/kike/Desktop/marvin/marvin/marvin/_ide/psinit/ps7_init.tcl
ps7_init
ps7_post_config
targets -set -nocase -filter {name =~ "*A9*#0"}
dow /home/kike/Desktop/marvin/marvin/marvin/Debug/marvin.elf
configparams force-mem-access 0
----------------End of Script----------------

10:50:45 INFO  : Context for processor 'ps7_cortexa9_0' is selected.
10:50:45 INFO  : 'con' command is executed.
10:50:45 INFO  : ----------------XSDB Script (After Launch)----------------
targets -set -nocase -filter {name =~ "*A9*#0"}
con
----------------End of Script----------------

10:50:45 INFO  : Launch script is exported to file '/home/kike/Desktop/marvin/marvin/marvin_system/_ide/scripts/debugger_marvin-default.tcl'
10:50:55 ERROR : (XSDB Server)Already running

10:51:03 ERROR : (XSDB Server)Already running

10:56:58 INFO  : Checking for BSP changes to sync application flags for project 'marvin'...
10:57:33 INFO  : Checking for BSP changes to sync application flags for project 'marvin'...
10:57:58 INFO  : Checking for BSP changes to sync application flags for project 'marvin'...
10:13:36 DEBUG : Logs will be stored at '/home/kike/Desktop/marvin/marvin/IDE.log'.
10:13:36 INFO  : Launching XSCT server: xsct -n  -interactive /home/kike/Desktop/marvin/marvin/temp_xsdb_launch_script.tcl
10:13:38 INFO  : XSCT server has started successfully.
10:13:38 INFO  : Registering command handlers for Vitis TCF services
10:13:39 INFO  : Successfully done setting XSCT server connection channel  
10:13:39 INFO  : plnx-install-location is set to ''
10:13:39 INFO  : Successfully done query RDI_DATADIR 
10:13:39 INFO  : Successfully done setting workspace for the tool. 
10:13:39 INFO  : Platform repository initialization has completed.
10:13:54 INFO  : Checking for BSP changes to sync application flags for project 'marvin'...
10:13:58 INFO  : Connected to target on host '127.0.0.1' and port '3121'.
10:13:59 INFO  : Jtag cable 'Xilinx HW-FTDI-TEST FT2232H 1234-tulA' is selected.
10:13:59 INFO  : 'jtag frequency' command is executed.
10:13:59 INFO  : Context for 'APU' is selected.
10:13:59 INFO  : System reset is completed.
10:14:02 INFO  : 'after 3000' command is executed.
10:14:02 INFO  : 'targets -set -filter {jtag_cable_name =~ "Xilinx HW-FTDI-TEST FT2232H 1234-tulA" && level==0 && jtag_device_ctx=="jsn-HW-FTDI-TEST FT2232H-1234-tulA-23727093-0"}' command is executed.
10:14:04 ERROR : 'fpga -file /home/kike/Desktop/marvin/marvin/marvin/_ide/bitstream/pynq_z2_bram_wrapper.bit' is cancelled.
10:14:04 ERROR : Exception occured while running Program Device.
java.lang.RuntimeException: 'fpga -file /home/kike/Desktop/marvin/marvin/marvin/_ide/bitstream/pynq_z2_bram_wrapper.bit' is cancelled.
10:14:04 INFO  : ----------------XSDB Script----------------
connect -url tcp:127.0.0.1:3121
targets -set -nocase -filter {name =~"APU*"}
rst -system
after 3000
----------------End of Script----------------

10:14:04 ERROR : 'fpga -file /home/kike/Desktop/marvin/marvin/marvin/_ide/bitstream/pynq_z2_bram_wrapper.bit' is cancelled.
10:14:10 INFO  : Connected to target on host '127.0.0.1' and port '3121'.
10:14:10 INFO  : Jtag cable 'Xilinx HW-FTDI-TEST FT2232H 1234-tulA' is selected.
10:14:10 INFO  : 'jtag frequency' command is executed.
10:14:10 INFO  : Context for 'APU' is selected.
10:14:10 INFO  : System reset is completed.
10:14:13 INFO  : 'after 3000' command is executed.
10:14:13 INFO  : 'targets -set -filter {jtag_cable_name =~ "Xilinx HW-FTDI-TEST FT2232H 1234-tulA" && level==0 && jtag_device_ctx=="jsn-HW-FTDI-TEST FT2232H-1234-tulA-23727093-0"}' command is executed.
10:14:15 INFO  : Device configured successfully with "/home/kike/Desktop/marvin/marvin/marvin/_ide/bitstream/pynq_z2_bram_wrapper.bit"
10:14:15 INFO  : Context for 'APU' is selected.
10:14:15 INFO  : Hardware design and registers information is loaded from '/home/kike/Desktop/marvin/marvin/pynq_z2_bram_wrapper/export/pynq_z2_bram_wrapper/hw/pynq_z2_bram_wrapper.xsa'.
10:14:15 INFO  : 'configparams force-mem-access 1' command is executed.
10:14:15 INFO  : Context for 'APU' is selected.
10:14:15 INFO  : Sourcing of '/home/kike/Desktop/marvin/marvin/marvin/_ide/psinit/ps7_init.tcl' is done.
10:14:15 INFO  : 'ps7_init' command is executed.
10:14:15 INFO  : 'ps7_post_config' command is executed.
10:14:15 INFO  : Context for processor 'ps7_cortexa9_0' is selected.
10:14:16 INFO  : The application '/home/kike/Desktop/marvin/marvin/marvin/Debug/marvin.elf' is downloaded to processor 'ps7_cortexa9_0'.
10:14:16 INFO  : 'configparams force-mem-access 0' command is executed.
10:14:16 INFO  : ----------------XSDB Script----------------
connect -url tcp:127.0.0.1:3121
targets -set -nocase -filter {name =~"APU*"}
rst -system
after 3000
targets -set -filter {jtag_cable_name =~ "Xilinx HW-FTDI-TEST FT2232H 1234-tulA" && level==0 && jtag_device_ctx=="jsn-HW-FTDI-TEST FT2232H-1234-tulA-23727093-0"}
fpga -file /home/kike/Desktop/marvin/marvin/marvin/_ide/bitstream/pynq_z2_bram_wrapper.bit
targets -set -nocase -filter {name =~"APU*"}
loadhw -hw /home/kike/Desktop/marvin/marvin/pynq_z2_bram_wrapper/export/pynq_z2_bram_wrapper/hw/pynq_z2_bram_wrapper.xsa -mem-ranges [list {0x40000000 0xbfffffff}] -regs
configparams force-mem-access 1
targets -set -nocase -filter {name =~"APU*"}
source /home/kike/Desktop/marvin/marvin/marvin/_ide/psinit/ps7_init.tcl
ps7_init
ps7_post_config
targets -set -nocase -filter {name =~ "*A9*#0"}
dow /home/kike/Desktop/marvin/marvin/marvin/Debug/marvin.elf
configparams force-mem-access 0
----------------End of Script----------------

10:14:16 INFO  : Context for processor 'ps7_cortexa9_0' is selected.
10:14:16 INFO  : 'con' command is executed.
10:14:16 INFO  : ----------------XSDB Script (After Launch)----------------
targets -set -nocase -filter {name =~ "*A9*#0"}
con
----------------End of Script----------------

10:14:16 INFO  : Launch script is exported to file '/home/kike/Desktop/marvin/marvin/marvin_system/_ide/scripts/debugger_marvin-default.tcl'
14:00:57 INFO  : Checking for BSP changes to sync application flags for project 'marvin'...
14:01:07 INFO  : Checking for BSP changes to sync application flags for project 'marvin'...
14:01:11 INFO  : Disconnected from the channel tcfchan#1.
14:01:12 INFO  : Connected to target on host '127.0.0.1' and port '3121'.
14:01:12 INFO  : Jtag cable 'Xilinx HW-FTDI-TEST FT2232H 1234-tulA' is selected.
14:01:12 ERROR : port closed
14:01:12 INFO  : ----------------XSDB Script----------------
connect -url tcp:127.0.0.1:3121
----------------End of Script----------------

14:01:12 ERROR : port closed
14:06:14 INFO  : Checking for BSP changes to sync application flags for project 'marvin'...
14:06:23 INFO  : Connected to target on host '127.0.0.1' and port '3121'.
14:06:23 INFO  : Jtag cable 'Xilinx HW-FTDI-TEST FT2232H 1234-tulA' is selected.
14:06:23 INFO  : 'jtag frequency' command is executed.
14:06:23 INFO  : Context for 'APU' is selected.
14:06:23 INFO  : System reset is completed.
14:06:26 INFO  : 'after 3000' command is executed.
14:06:26 INFO  : 'targets -set -filter {jtag_cable_name =~ "Xilinx HW-FTDI-TEST FT2232H 1234-tulA" && level==0 && jtag_device_ctx=="jsn-HW-FTDI-TEST FT2232H-1234-tulA-23727093-0"}' command is executed.
14:06:28 INFO  : Device configured successfully with "/home/kike/Desktop/marvin/marvin/marvin/_ide/bitstream/pynq_z2_bram_wrapper.bit"
14:06:28 INFO  : Context for 'APU' is selected.
14:06:28 INFO  : Hardware design and registers information is loaded from '/home/kike/Desktop/marvin/marvin/pynq_z2_bram_wrapper/export/pynq_z2_bram_wrapper/hw/pynq_z2_bram_wrapper.xsa'.
14:06:28 INFO  : 'configparams force-mem-access 1' command is executed.
14:06:28 INFO  : Context for 'APU' is selected.
14:06:28 INFO  : Sourcing of '/home/kike/Desktop/marvin/marvin/marvin/_ide/psinit/ps7_init.tcl' is done.
14:06:28 INFO  : 'ps7_init' command is executed.
14:06:28 INFO  : 'ps7_post_config' command is executed.
14:06:28 INFO  : Context for processor 'ps7_cortexa9_0' is selected.
14:06:29 INFO  : The application '/home/kike/Desktop/marvin/marvin/marvin/Debug/marvin.elf' is downloaded to processor 'ps7_cortexa9_0'.
14:06:29 INFO  : 'configparams force-mem-access 0' command is executed.
14:06:29 INFO  : ----------------XSDB Script----------------
connect -url tcp:127.0.0.1:3121
targets -set -nocase -filter {name =~"APU*"}
rst -system
after 3000
targets -set -filter {jtag_cable_name =~ "Xilinx HW-FTDI-TEST FT2232H 1234-tulA" && level==0 && jtag_device_ctx=="jsn-HW-FTDI-TEST FT2232H-1234-tulA-23727093-0"}
fpga -file /home/kike/Desktop/marvin/marvin/marvin/_ide/bitstream/pynq_z2_bram_wrapper.bit
targets -set -nocase -filter {name =~"APU*"}
loadhw -hw /home/kike/Desktop/marvin/marvin/pynq_z2_bram_wrapper/export/pynq_z2_bram_wrapper/hw/pynq_z2_bram_wrapper.xsa -mem-ranges [list {0x40000000 0xbfffffff}] -regs
configparams force-mem-access 1
targets -set -nocase -filter {name =~"APU*"}
source /home/kike/Desktop/marvin/marvin/marvin/_ide/psinit/ps7_init.tcl
ps7_init
ps7_post_config
targets -set -nocase -filter {name =~ "*A9*#0"}
dow /home/kike/Desktop/marvin/marvin/marvin/Debug/marvin.elf
configparams force-mem-access 0
----------------End of Script----------------

14:06:29 INFO  : Context for processor 'ps7_cortexa9_0' is selected.
14:06:29 INFO  : 'con' command is executed.
14:06:29 INFO  : ----------------XSDB Script (After Launch)----------------
targets -set -nocase -filter {name =~ "*A9*#0"}
con
----------------End of Script----------------

14:06:29 INFO  : Launch script is exported to file '/home/kike/Desktop/marvin/marvin/marvin_system/_ide/scripts/debugger_marvin-default.tcl'
14:43:32 DEBUG : Logs will be stored at '/home/kike/Desktop/marvin/marvin/IDE.log'.
14:43:32 INFO  : Launching XSCT server: xsct -n  -interactive /home/kike/Desktop/marvin/marvin/temp_xsdb_launch_script.tcl
14:43:34 INFO  : XSCT server has started successfully.
14:43:34 INFO  : Successfully done setting XSCT server connection channel  
14:43:34 INFO  : plnx-install-location is set to ''
14:43:34 INFO  : Successfully done setting workspace for the tool. 
14:43:35 INFO  : Registering command handlers for Vitis TCF services
14:43:35 INFO  : Successfully done query RDI_DATADIR 
14:43:35 INFO  : Platform repository initialization has completed.
14:45:21 INFO  : Checking for BSP changes to sync application flags for project 'marvin'...
14:45:25 INFO  : Connected to target on host '127.0.0.1' and port '3121'.
14:45:25 INFO  : Jtag cable 'Xilinx TUL 1234-tulA' is selected.
14:45:25 INFO  : 'jtag frequency' command is executed.
14:45:25 INFO  : Context for 'APU' is selected.
14:45:25 INFO  : System reset is completed.
14:45:28 INFO  : 'after 3000' command is executed.
14:45:28 INFO  : 'targets -set -filter {jtag_cable_name =~ "Xilinx TUL 1234-tulA" && level==0 && jtag_device_ctx=="jsn-TUL-1234-tulA-23727093-0"}' command is executed.
14:45:30 INFO  : Device configured successfully with "/home/kike/Desktop/marvin/marvin/marvin/_ide/bitstream/pynq_z2_bram_wrapper.bit"
14:45:30 INFO  : Context for 'APU' is selected.
14:45:30 INFO  : Hardware design and registers information is loaded from '/home/kike/Desktop/marvin/marvin/pynq_z2_bram_wrapper/export/pynq_z2_bram_wrapper/hw/pynq_z2_bram_wrapper.xsa'.
14:45:30 INFO  : 'configparams force-mem-access 1' command is executed.
14:45:31 INFO  : Context for 'APU' is selected.
14:45:31 INFO  : Sourcing of '/home/kike/Desktop/marvin/marvin/marvin/_ide/psinit/ps7_init.tcl' is done.
14:45:31 INFO  : 'ps7_init' command is executed.
14:45:31 INFO  : 'ps7_post_config' command is executed.
14:45:31 INFO  : Context for processor 'ps7_cortexa9_0' is selected.
14:45:31 INFO  : The application '/home/kike/Desktop/marvin/marvin/marvin/Debug/marvin.elf' is downloaded to processor 'ps7_cortexa9_0'.
14:45:31 INFO  : 'configparams force-mem-access 0' command is executed.
14:45:31 INFO  : ----------------XSDB Script----------------
connect -url tcp:127.0.0.1:3121
targets -set -nocase -filter {name =~"APU*"}
rst -system
after 3000
targets -set -filter {jtag_cable_name =~ "Xilinx TUL 1234-tulA" && level==0 && jtag_device_ctx=="jsn-TUL-1234-tulA-23727093-0"}
fpga -file /home/kike/Desktop/marvin/marvin/marvin/_ide/bitstream/pynq_z2_bram_wrapper.bit
targets -set -nocase -filter {name =~"APU*"}
loadhw -hw /home/kike/Desktop/marvin/marvin/pynq_z2_bram_wrapper/export/pynq_z2_bram_wrapper/hw/pynq_z2_bram_wrapper.xsa -mem-ranges [list {0x40000000 0xbfffffff}] -regs
configparams force-mem-access 1
targets -set -nocase -filter {name =~"APU*"}
source /home/kike/Desktop/marvin/marvin/marvin/_ide/psinit/ps7_init.tcl
ps7_init
ps7_post_config
targets -set -nocase -filter {name =~ "*A9*#0"}
dow /home/kike/Desktop/marvin/marvin/marvin/Debug/marvin.elf
configparams force-mem-access 0
----------------End of Script----------------

14:45:31 INFO  : Context for processor 'ps7_cortexa9_0' is selected.
14:45:31 INFO  : 'con' command is executed.
14:45:31 INFO  : ----------------XSDB Script (After Launch)----------------
targets -set -nocase -filter {name =~ "*A9*#0"}
con
----------------End of Script----------------

14:45:31 INFO  : Launch script is exported to file '/home/kike/Desktop/marvin/marvin/marvin_system/_ide/scripts/debugger_marvin-default.tcl'
20:35:24 INFO  : Disconnected from the channel tcfchan#1.
