TRACE::2024-08-07.15:21:15::SCWPlatform::Trying to open the hw design at /home/kike/Desktop/marvin/marvin/pynq_z2_bram_wrapper/hw/pynq_z2_bram_wrapper.xsa
TRACE::2024-08-07.15:21:15::SCWPlatform::DSA given /home/kike/Desktop/marvin/marvin/pynq_z2_bram_wrapper/hw/pynq_z2_bram_wrapper.xsa
TRACE::2024-08-07.15:21:15::SCWPlatform::DSA absoulate path /home/kike/Desktop/marvin/marvin/pynq_z2_bram_wrapper/hw/pynq_z2_bram_wrapper.xsa
TRACE::2024-08-07.15:21:15::SCWPlatform::DSA directory /home/kike/Desktop/marvin/marvin/pynq_z2_bram_wrapper/hw
TRACE::2024-08-07.15:21:15::SCWPlatform:: Platform Path /home/kike/Desktop/marvin/marvin/pynq_z2_bram_wrapper/hw/pynq_z2_bram_wrapper.xsa
TRACE::2024-08-07.15:21:15::SCWPlatform:: Unique name xilinx:pynq-z2::0.0
TRACE::2024-08-07.15:21:15::SCWPlatform::Do not have an existing db opened. 
TRACE::2024-08-07.15:21:16::SCWPlatform::Opened new HwDB with name pynq_z2_bram_wrapper_0
TRACE::2024-08-07.15:21:16::SCWWriter::formatted JSON is {
	"platformName":	"pynq_z2_bram_wrapper",
	"sprVersion":	"2.0",
	"mode":	"gui",
	"dsaType":	"Fixed",
	"platformDesc":	"pynq_z2_bram_wrapper",
	"platHandOff":	"/home/kike/Desktop/marvin/vivado_project/pynq_z2_bram/pynq_z2_bram_wrapper.xsa",
	"platIntHandOff":	"<platformDir>/hw/pynq_z2_bram_wrapper.xsa",
	"deviceType":	"zynq",
	"platIsPrebuiltAutogen":	"false",
	"platIsNoBootBsp":	"false",
	"hasFsblMakeHasChanges":	"false",
	"hasPmufwMakeHasChanges":	"false",
	"platPreBuiltFlag":	false,
	"platformSamplesDir":	""
}
TRACE::2024-08-07.15:21:16::SCWWriter::formatted JSON is {
	"platformName":	"pynq_z2_bram_wrapper",
	"sprVersion":	"2.0",
	"mode":	"gui",
	"dsaType":	"Fixed",
	"platformDesc":	"pynq_z2_bram_wrapper",
	"platHandOff":	"/home/kike/Desktop/marvin/vivado_project/pynq_z2_bram/pynq_z2_bram_wrapper.xsa",
	"platIntHandOff":	"<platformDir>/hw/pynq_z2_bram_wrapper.xsa",
	"deviceType":	"zynq",
	"platIsPrebuiltAutogen":	"false",
	"platIsNoBootBsp":	"false",
	"hasFsblMakeHasChanges":	"false",
	"hasPmufwMakeHasChanges":	"false",
	"platPreBuiltFlag":	false,
	"platformSamplesDir":	"",
	"platActiveSys":	"pynq_z2_bram_wrapper",
	"systems":	[{
			"systemName":	"pynq_z2_bram_wrapper",
			"systemDesc":	"pynq_z2_bram_wrapper",
			"sysIsBootAutoGen":	"true",
			"systemDispName":	"pynq_z2_bram_wrapper"
		}]
}
TRACE::2024-08-07.15:21:16::SCWPlatform::Boot application domains not present, creating them
TRACE::2024-08-07.15:21:16::SCWDomain::checking for install qemu data   : 
TRACE::2024-08-07.15:21:16::SCWDomain:: Using the QEMU Data from install at  : /tools/Xilinx/Vitis/2024.1/data/emulation/platforms/zynq/sw/a9_standalone/qemu/
TRACE::2024-08-07.15:21:16::SCWDomain:: Using the QEMU args  from install at  : /tools/Xilinx/Vitis/2024.1/data/emulation/platforms/zynq/sw/a9_standalone/qemu/qemu_args.txt
TRACE::2024-08-07.15:21:16::SCWPlatform::Trying to open the hw design at /home/kike/Desktop/marvin/marvin/pynq_z2_bram_wrapper/hw/pynq_z2_bram_wrapper.xsa
TRACE::2024-08-07.15:21:16::SCWPlatform::DSA given /home/kike/Desktop/marvin/marvin/pynq_z2_bram_wrapper/hw/pynq_z2_bram_wrapper.xsa
TRACE::2024-08-07.15:21:16::SCWPlatform::DSA absoulate path /home/kike/Desktop/marvin/marvin/pynq_z2_bram_wrapper/hw/pynq_z2_bram_wrapper.xsa
TRACE::2024-08-07.15:21:16::SCWPlatform::DSA directory /home/kike/Desktop/marvin/marvin/pynq_z2_bram_wrapper/hw
TRACE::2024-08-07.15:21:16::SCWPlatform:: Platform Path /home/kike/Desktop/marvin/marvin/pynq_z2_bram_wrapper/hw/pynq_z2_bram_wrapper.xsa
TRACE::2024-08-07.15:21:16::SCWPlatform:: Unique name xilinx:pynq-z2::0.0
TRACE::2024-08-07.15:21:16::SCWPlatform::Trying to set the existing hwdb with name pynq_z2_bram_wrapper_0
TRACE::2024-08-07.15:21:16::SCWPlatform::Opened existing hwdb pynq_z2_bram_wrapper_0
TRACE::2024-08-07.15:21:16::SCWPlatform::Found the Hw Db part of the input DSA
TRACE::2024-08-07.15:21:16::SCWPlatform::Trying to open the hw design at /home/kike/Desktop/marvin/marvin/pynq_z2_bram_wrapper/hw/pynq_z2_bram_wrapper.xsa
TRACE::2024-08-07.15:21:16::SCWPlatform::DSA given /home/kike/Desktop/marvin/marvin/pynq_z2_bram_wrapper/hw/pynq_z2_bram_wrapper.xsa
TRACE::2024-08-07.15:21:16::SCWPlatform::DSA absoulate path /home/kike/Desktop/marvin/marvin/pynq_z2_bram_wrapper/hw/pynq_z2_bram_wrapper.xsa
TRACE::2024-08-07.15:21:16::SCWPlatform::DSA directory /home/kike/Desktop/marvin/marvin/pynq_z2_bram_wrapper/hw
TRACE::2024-08-07.15:21:16::SCWPlatform:: Platform Path /home/kike/Desktop/marvin/marvin/pynq_z2_bram_wrapper/hw/pynq_z2_bram_wrapper.xsa
TRACE::2024-08-07.15:21:16::SCWPlatform:: Unique name xilinx:pynq-z2::0.0
TRACE::2024-08-07.15:21:16::SCWPlatform::Trying to set the existing hwdb with name pynq_z2_bram_wrapper_0
TRACE::2024-08-07.15:21:16::SCWPlatform::Opened existing hwdb pynq_z2_bram_wrapper_0
TRACE::2024-08-07.15:21:16::SCWPlatform::Found the Hw Db part of the input DSA
TRACE::2024-08-07.15:21:16::SCWPlatform::Trying to open the hw design at /home/kike/Desktop/marvin/marvin/pynq_z2_bram_wrapper/hw/pynq_z2_bram_wrapper.xsa
TRACE::2024-08-07.15:21:16::SCWPlatform::DSA given /home/kike/Desktop/marvin/marvin/pynq_z2_bram_wrapper/hw/pynq_z2_bram_wrapper.xsa
TRACE::2024-08-07.15:21:16::SCWPlatform::DSA absoulate path /home/kike/Desktop/marvin/marvin/pynq_z2_bram_wrapper/hw/pynq_z2_bram_wrapper.xsa
TRACE::2024-08-07.15:21:16::SCWPlatform::DSA directory /home/kike/Desktop/marvin/marvin/pynq_z2_bram_wrapper/hw
TRACE::2024-08-07.15:21:16::SCWPlatform:: Platform Path /home/kike/Desktop/marvin/marvin/pynq_z2_bram_wrapper/hw/pynq_z2_bram_wrapper.xsa
TRACE::2024-08-07.15:21:16::SCWPlatform:: Unique name xilinx:pynq-z2::0.0
TRACE::2024-08-07.15:21:16::SCWPlatform::Trying to set the existing hwdb with name pynq_z2_bram_wrapper_0
TRACE::2024-08-07.15:21:16::SCWPlatform::Opened existing hwdb pynq_z2_bram_wrapper_0
TRACE::2024-08-07.15:21:16::SCWPlatform::Found the Hw Db part of the input DSA
TRACE::2024-08-07.15:21:16::SCWPlatform::Boot application domain added for zynq_fsbl
TRACE::2024-08-07.15:21:16::SCWPlatform::Generating the sources  .
TRACE::2024-08-07.15:21:16::SCWBDomain::Generating boot domain sources.
TRACE::2024-08-07.15:21:16::SCWBDomain:: Generating the zynq_fsbl Application.
TRACE::2024-08-07.15:21:16::SCWPlatform::Trying to open the hw design at /home/kike/Desktop/marvin/marvin/pynq_z2_bram_wrapper/hw/pynq_z2_bram_wrapper.xsa
TRACE::2024-08-07.15:21:16::SCWPlatform::DSA given /home/kike/Desktop/marvin/marvin/pynq_z2_bram_wrapper/hw/pynq_z2_bram_wrapper.xsa
TRACE::2024-08-07.15:21:16::SCWPlatform::DSA absoulate path /home/kike/Desktop/marvin/marvin/pynq_z2_bram_wrapper/hw/pynq_z2_bram_wrapper.xsa
TRACE::2024-08-07.15:21:16::SCWPlatform::DSA directory /home/kike/Desktop/marvin/marvin/pynq_z2_bram_wrapper/hw
TRACE::2024-08-07.15:21:16::SCWPlatform:: Platform Path /home/kike/Desktop/marvin/marvin/pynq_z2_bram_wrapper/hw/pynq_z2_bram_wrapper.xsa
TRACE::2024-08-07.15:21:16::SCWPlatform:: Unique name xilinx:pynq-z2::0.0
TRACE::2024-08-07.15:21:16::SCWPlatform::Trying to set the existing hwdb with name pynq_z2_bram_wrapper_0
TRACE::2024-08-07.15:21:16::SCWPlatform::Opened existing hwdb pynq_z2_bram_wrapper_0
TRACE::2024-08-07.15:21:16::SCWPlatform::Found the Hw Db part of the input DSA
TRACE::2024-08-07.15:21:16::SCWMssOS::Checking the sw design at  /home/kike/Desktop/marvin/marvin/pynq_z2_bram_wrapper/zynq_fsbl/zynq_fsbl_bsp/system.mss
TRACE::2024-08-07.15:21:16::SCWMssOS::DEBUG:  swdes dump  
TRACE::2024-08-07.15:21:16::SCWMssOS::No sw design opened at  /home/kike/Desktop/marvin/marvin/pynq_z2_bram_wrapper/zynq_fsbl/zynq_fsbl_bsp/system.mss
TRACE::2024-08-07.15:21:16::SCWMssOS::mss does not exists at /home/kike/Desktop/marvin/marvin/pynq_z2_bram_wrapper/zynq_fsbl/zynq_fsbl_bsp/system.mss
TRACE::2024-08-07.15:21:16::SCWMssOS::Creating sw design at  /home/kike/Desktop/marvin/marvin/pynq_z2_bram_wrapper/zynq_fsbl/zynq_fsbl_bsp/system.mss
TRACE::2024-08-07.15:21:16::SCWMssOS::Adding the swdes entry, created swdb /home/kike/Desktop/marvin/marvin/pynq_z2_bram_wrapper/zynq_fsbl/zynq_fsbl_bsp/system.mss with des name /home/kike/Desktop/marvin/marvin/pynq_z2_bram_wrapper/zynq_fsbl/zynq_fsbl_bsp/system.mss
TRACE::2024-08-07.15:21:16::SCWMssOS::updating the scw layer changes to swdes at   /home/kike/Desktop/marvin/marvin/pynq_z2_bram_wrapper/zynq_fsbl/zynq_fsbl_bsp/system.mss
TRACE::2024-08-07.15:21:16::SCWMssOS::Writing mss at /home/kike/Desktop/marvin/marvin/pynq_z2_bram_wrapper/zynq_fsbl/zynq_fsbl_bsp/system.mss
TRACE::2024-08-07.15:21:16::SCWMssOS::Completed writing the mss file at /home/kike/Desktop/marvin/marvin/pynq_z2_bram_wrapper/zynq_fsbl/zynq_fsbl_bsp
TRACE::2024-08-07.15:21:16::SCWMssOS::Picking up changes from newly written mss file into SCW Layer. 
TRACE::2024-08-07.15:21:16::SCWMssOS::Updated the changes from newly written mss file into SCW Layer. 
TRACE::2024-08-07.15:21:16::SCWBDomain::Completed writing the mss file at /home/kike/Desktop/marvin/marvin/pynq_z2_bram_wrapper/zynq_fsbl/zynq_fsbl_bsp
TRACE::2024-08-07.15:21:19::SCWPlatform::Generating sources Done.
TRACE::2024-08-07.15:21:19::SCWPlatform::Trying to open the hw design at /home/kike/Desktop/marvin/marvin/pynq_z2_bram_wrapper/hw/pynq_z2_bram_wrapper.xsa
TRACE::2024-08-07.15:21:19::SCWPlatform::DSA given /home/kike/Desktop/marvin/marvin/pynq_z2_bram_wrapper/hw/pynq_z2_bram_wrapper.xsa
TRACE::2024-08-07.15:21:19::SCWPlatform::DSA absoulate path /home/kike/Desktop/marvin/marvin/pynq_z2_bram_wrapper/hw/pynq_z2_bram_wrapper.xsa
TRACE::2024-08-07.15:21:19::SCWPlatform::DSA directory /home/kike/Desktop/marvin/marvin/pynq_z2_bram_wrapper/hw
TRACE::2024-08-07.15:21:19::SCWPlatform:: Platform Path /home/kike/Desktop/marvin/marvin/pynq_z2_bram_wrapper/hw/pynq_z2_bram_wrapper.xsa
TRACE::2024-08-07.15:21:19::SCWPlatform:: Unique name xilinx:pynq-z2::0.0
TRACE::2024-08-07.15:21:19::SCWPlatform::Trying to set the existing hwdb with name pynq_z2_bram_wrapper_0
TRACE::2024-08-07.15:21:19::SCWPlatform::Opened existing hwdb pynq_z2_bram_wrapper_0
TRACE::2024-08-07.15:21:19::SCWPlatform::Found the Hw Db part of the input DSA
TRACE::2024-08-07.15:21:19::SCWMssOS::Checking the sw design at  /home/kike/Desktop/marvin/marvin/pynq_z2_bram_wrapper/zynq_fsbl/zynq_fsbl_bsp/system.mss
TRACE::2024-08-07.15:21:19::SCWMssOS::DEBUG:  swdes dump  
TRACE::2024-08-07.15:21:19::SCWMssOS::No sw design opened at  /home/kike/Desktop/marvin/marvin/pynq_z2_bram_wrapper/zynq_fsbl/zynq_fsbl_bsp/system.mss
TRACE::2024-08-07.15:21:19::SCWMssOS::mss exists loading the mss file  /home/kike/Desktop/marvin/marvin/pynq_z2_bram_wrapper/zynq_fsbl/zynq_fsbl_bsp/system.mss
TRACE::2024-08-07.15:21:19::SCWMssOS::Opened the sw design from mss  /home/kike/Desktop/marvin/marvin/pynq_z2_bram_wrapper/zynq_fsbl/zynq_fsbl_bsp/system.mss
TRACE::2024-08-07.15:21:19::SCWMssOS::Adding the swdes entry /home/kike/Desktop/marvin/marvin/pynq_z2_bram_wrapper/zynq_fsbl/zynq_fsbl_bsp/system.mss with des name system
TRACE::2024-08-07.15:21:19::SCWMssOS::updating the scw layer about changes
TRACE::2024-08-07.15:21:19::SCWMssOS::Opened the sw design.  /home/kike/Desktop/marvin/marvin/pynq_z2_bram_wrapper/zynq_fsbl/zynq_fsbl_bsp/system.mss
TRACE::2024-08-07.15:21:19::SCWMssOS::Saving the mss changes /home/kike/Desktop/marvin/marvin/pynq_z2_bram_wrapper/zynq_fsbl/zynq_fsbl_bsp/system.mss
TRACE::2024-08-07.15:21:19::SCWMssOS::Found a swdesign opened with the mssfile.
TRACE::2024-08-07.15:21:19::SCWMssOS::Completed writemss as part of save.
TRACE::2024-08-07.15:21:19::SCWMssOS::Commit changes completed.
TRACE::2024-08-07.15:21:19::SCWPlatform::Trying to open the hw design at /home/kike/Desktop/marvin/marvin/pynq_z2_bram_wrapper/hw/pynq_z2_bram_wrapper.xsa
TRACE::2024-08-07.15:21:19::SCWPlatform::DSA given /home/kike/Desktop/marvin/marvin/pynq_z2_bram_wrapper/hw/pynq_z2_bram_wrapper.xsa
TRACE::2024-08-07.15:21:19::SCWPlatform::DSA absoulate path /home/kike/Desktop/marvin/marvin/pynq_z2_bram_wrapper/hw/pynq_z2_bram_wrapper.xsa
TRACE::2024-08-07.15:21:19::SCWPlatform::DSA directory /home/kike/Desktop/marvin/marvin/pynq_z2_bram_wrapper/hw
TRACE::2024-08-07.15:21:19::SCWPlatform:: Platform Path /home/kike/Desktop/marvin/marvin/pynq_z2_bram_wrapper/hw/pynq_z2_bram_wrapper.xsa
TRACE::2024-08-07.15:21:19::SCWPlatform:: Unique name xilinx:pynq-z2::0.0
TRACE::2024-08-07.15:21:19::SCWPlatform::Trying to set the existing hwdb with name pynq_z2_bram_wrapper_0
TRACE::2024-08-07.15:21:19::SCWPlatform::Opened existing hwdb pynq_z2_bram_wrapper_0
TRACE::2024-08-07.15:21:19::SCWPlatform::Found the Hw Db part of the input DSA
TRACE::2024-08-07.15:21:19::SCWMssOS::Checking the sw design at  /home/kike/Desktop/marvin/marvin/pynq_z2_bram_wrapper/zynq_fsbl/zynq_fsbl_bsp/system.mss
TRACE::2024-08-07.15:21:19::SCWMssOS::DEBUG:  swdes dump  /home/kike/Desktop/marvin/marvin/pynq_z2_bram_wrapper/zynq_fsbl/zynq_fsbl_bsp/system.mss|system||

TRACE::2024-08-07.15:21:19::SCWMssOS::Sw design exists and opened at  /home/kike/Desktop/marvin/marvin/pynq_z2_bram_wrapper/zynq_fsbl/zynq_fsbl_bsp/system.mss
TRACE::2024-08-07.15:21:19::SCWPlatform::Trying to open the hw design at /home/kike/Desktop/marvin/marvin/pynq_z2_bram_wrapper/hw/pynq_z2_bram_wrapper.xsa
TRACE::2024-08-07.15:21:19::SCWPlatform::DSA given /home/kike/Desktop/marvin/marvin/pynq_z2_bram_wrapper/hw/pynq_z2_bram_wrapper.xsa
TRACE::2024-08-07.15:21:19::SCWPlatform::DSA absoulate path /home/kike/Desktop/marvin/marvin/pynq_z2_bram_wrapper/hw/pynq_z2_bram_wrapper.xsa
TRACE::2024-08-07.15:21:19::SCWPlatform::DSA directory /home/kike/Desktop/marvin/marvin/pynq_z2_bram_wrapper/hw
TRACE::2024-08-07.15:21:19::SCWPlatform:: Platform Path /home/kike/Desktop/marvin/marvin/pynq_z2_bram_wrapper/hw/pynq_z2_bram_wrapper.xsa
TRACE::2024-08-07.15:21:19::SCWPlatform:: Unique name xilinx:pynq-z2::0.0
TRACE::2024-08-07.15:21:19::SCWPlatform::Trying to set the existing hwdb with name pynq_z2_bram_wrapper_0
TRACE::2024-08-07.15:21:19::SCWPlatform::Opened existing hwdb pynq_z2_bram_wrapper_0
TRACE::2024-08-07.15:21:19::SCWPlatform::Found the Hw Db part of the input DSA
TRACE::2024-08-07.15:21:19::SCWMssOS::Checking the sw design at  /home/kike/Desktop/marvin/marvin/pynq_z2_bram_wrapper/zynq_fsbl/zynq_fsbl_bsp/system.mss
TRACE::2024-08-07.15:21:19::SCWMssOS::DEBUG:  swdes dump  /home/kike/Desktop/marvin/marvin/pynq_z2_bram_wrapper/zynq_fsbl/zynq_fsbl_bsp/system.mss|system||

TRACE::2024-08-07.15:21:19::SCWMssOS::Sw design exists and opened at  /home/kike/Desktop/marvin/marvin/pynq_z2_bram_wrapper/zynq_fsbl/zynq_fsbl_bsp/system.mss
TRACE::2024-08-07.15:21:19::SCWPlatform::Trying to open the hw design at /home/kike/Desktop/marvin/marvin/pynq_z2_bram_wrapper/hw/pynq_z2_bram_wrapper.xsa
TRACE::2024-08-07.15:21:19::SCWPlatform::DSA given /home/kike/Desktop/marvin/marvin/pynq_z2_bram_wrapper/hw/pynq_z2_bram_wrapper.xsa
TRACE::2024-08-07.15:21:19::SCWPlatform::DSA absoulate path /home/kike/Desktop/marvin/marvin/pynq_z2_bram_wrapper/hw/pynq_z2_bram_wrapper.xsa
TRACE::2024-08-07.15:21:19::SCWPlatform::DSA directory /home/kike/Desktop/marvin/marvin/pynq_z2_bram_wrapper/hw
TRACE::2024-08-07.15:21:19::SCWPlatform:: Platform Path /home/kike/Desktop/marvin/marvin/pynq_z2_bram_wrapper/hw/pynq_z2_bram_wrapper.xsa
TRACE::2024-08-07.15:21:19::SCWPlatform:: Unique name xilinx:pynq-z2::0.0
TRACE::2024-08-07.15:21:19::SCWPlatform::Trying to set the existing hwdb with name pynq_z2_bram_wrapper_0
TRACE::2024-08-07.15:21:19::SCWPlatform::Opened existing hwdb pynq_z2_bram_wrapper_0
TRACE::2024-08-07.15:21:19::SCWPlatform::Found the Hw Db part of the input DSA
TRACE::2024-08-07.15:21:19::SCWMssOS::Checking the sw design at  /home/kike/Desktop/marvin/marvin/pynq_z2_bram_wrapper/zynq_fsbl/zynq_fsbl_bsp/system.mss
TRACE::2024-08-07.15:21:19::SCWMssOS::DEBUG:  swdes dump  /home/kike/Desktop/marvin/marvin/pynq_z2_bram_wrapper/zynq_fsbl/zynq_fsbl_bsp/system.mss|system||

TRACE::2024-08-07.15:21:19::SCWMssOS::Sw design exists and opened at  /home/kike/Desktop/marvin/marvin/pynq_z2_bram_wrapper/zynq_fsbl/zynq_fsbl_bsp/system.mss
TRACE::2024-08-07.15:21:19::SCWWriter::formatted JSON is {
	"platformName":	"pynq_z2_bram_wrapper",
	"sprVersion":	"2.0",
	"mode":	"gui",
	"dsaType":	"Fixed",
	"platformDesc":	"pynq_z2_bram_wrapper",
	"platHandOff":	"/home/kike/Desktop/marvin/vivado_project/pynq_z2_bram/pynq_z2_bram_wrapper.xsa",
	"platIntHandOff":	"<platformDir>/hw/pynq_z2_bram_wrapper.xsa",
	"deviceType":	"zynq",
	"platIsPrebuiltAutogen":	"false",
	"platIsNoBootBsp":	"false",
	"platFsblTarget":	"ps7_cortexa9_0",
	"hasFsblMakeHasChanges":	"false",
	"hasPmufwMakeHasChanges":	"false",
	"fsblExtraCompilerFlags":	"-MMD -MP       -mcpu=cortex-a9 -mfpu=vfpv3 -mfloat-abi=hard ",
	"platPreBuiltFlag":	false,
	"platformSamplesDir":	"",
	"platActiveSys":	"pynq_z2_bram_wrapper",
	"systems":	[{
			"systemName":	"pynq_z2_bram_wrapper",
			"systemDesc":	"pynq_z2_bram_wrapper",
			"sysIsBootAutoGen":	"true",
			"systemDispName":	"pynq_z2_bram_wrapper",
			"sysActiveDom":	"zynq_fsbl",
			"sysDefaultDom":	"",
			"domains":	[{
					"domainName":	"zynq_fsbl",
					"domainDispName":	"zynq_fsbl",
					"domainDesc":	"FSBL Application BSP - Auto Generated.",
					"processors":	"ps7_cortexa9_0",
					"os":	"standalone",
					"sdxOs":	"standalone",
					"debugEnable":	"",
					"domRuntimes":	["cpp"],
					"swRepo":	"",
					"mssOsVer":	"9.1",
					"mssFile":	"",
					"md5Digest":	"409d1989a24d76fe76b05e785092fa28",
					"compatibleApp":	"zynq_fsbl",
					"domType":	"bootDomain",
					"arch":	"32-bit",
					"appSettings":	{
						"appCompilerFlags":	"",
						"appLinkerFlags":	""
					},
					"addedLibs":	["xilffs:5.2", "xilrsa:1.8"],
					"libOptions":	{
						"libsContainingOptions":	[]
					},
					"prebuiltLibs":	{
						"prebuiltIncPath":	[],
						"prebuiltLibPath":	[]
					},
					"isolation":	{
					}
				}]
		}]
}
TRACE::2024-08-07.15:21:19::SCWMssOS::Saving the mss changes /home/kike/Desktop/marvin/marvin/pynq_z2_bram_wrapper/zynq_fsbl/zynq_fsbl_bsp/system.mss
TRACE::2024-08-07.15:21:19::SCWMssOS::Found a swdesign opened with the mssfile.
TRACE::2024-08-07.15:21:19::SCWMssOS::Completed writemss as part of save.
TRACE::2024-08-07.15:21:19::SCWMssOS::Commit changes completed.
TRACE::2024-08-07.15:21:19::SCWPlatform::Trying to open the hw design at /home/kike/Desktop/marvin/marvin/pynq_z2_bram_wrapper/hw/pynq_z2_bram_wrapper.xsa
TRACE::2024-08-07.15:21:19::SCWPlatform::DSA given /home/kike/Desktop/marvin/marvin/pynq_z2_bram_wrapper/hw/pynq_z2_bram_wrapper.xsa
TRACE::2024-08-07.15:21:19::SCWPlatform::DSA absoulate path /home/kike/Desktop/marvin/marvin/pynq_z2_bram_wrapper/hw/pynq_z2_bram_wrapper.xsa
TRACE::2024-08-07.15:21:19::SCWPlatform::DSA directory /home/kike/Desktop/marvin/marvin/pynq_z2_bram_wrapper/hw
TRACE::2024-08-07.15:21:19::SCWPlatform:: Platform Path /home/kike/Desktop/marvin/marvin/pynq_z2_bram_wrapper/hw/pynq_z2_bram_wrapper.xsa
TRACE::2024-08-07.15:21:19::SCWPlatform:: Unique name xilinx:pynq-z2::0.0
TRACE::2024-08-07.15:21:19::SCWPlatform::Trying to set the existing hwdb with name pynq_z2_bram_wrapper_0
TRACE::2024-08-07.15:21:19::SCWPlatform::Opened existing hwdb pynq_z2_bram_wrapper_0
TRACE::2024-08-07.15:21:19::SCWPlatform::Found the Hw Db part of the input DSA
TRACE::2024-08-07.15:21:19::SCWMssOS::Checking the sw design at  /home/kike/Desktop/marvin/marvin/pynq_z2_bram_wrapper/zynq_fsbl/zynq_fsbl_bsp/system.mss
TRACE::2024-08-07.15:21:19::SCWMssOS::DEBUG:  swdes dump  /home/kike/Desktop/marvin/marvin/pynq_z2_bram_wrapper/zynq_fsbl/zynq_fsbl_bsp/system.mss|system||

TRACE::2024-08-07.15:21:19::SCWMssOS::Sw design exists and opened at  /home/kike/Desktop/marvin/marvin/pynq_z2_bram_wrapper/zynq_fsbl/zynq_fsbl_bsp/system.mss
TRACE::2024-08-07.15:21:19::SCWPlatform::Trying to open the hw design at /home/kike/Desktop/marvin/marvin/pynq_z2_bram_wrapper/hw/pynq_z2_bram_wrapper.xsa
TRACE::2024-08-07.15:21:19::SCWPlatform::DSA given /home/kike/Desktop/marvin/marvin/pynq_z2_bram_wrapper/hw/pynq_z2_bram_wrapper.xsa
TRACE::2024-08-07.15:21:19::SCWPlatform::DSA absoulate path /home/kike/Desktop/marvin/marvin/pynq_z2_bram_wrapper/hw/pynq_z2_bram_wrapper.xsa
TRACE::2024-08-07.15:21:19::SCWPlatform::DSA directory /home/kike/Desktop/marvin/marvin/pynq_z2_bram_wrapper/hw
TRACE::2024-08-07.15:21:19::SCWPlatform:: Platform Path /home/kike/Desktop/marvin/marvin/pynq_z2_bram_wrapper/hw/pynq_z2_bram_wrapper.xsa
TRACE::2024-08-07.15:21:19::SCWPlatform:: Unique name xilinx:pynq-z2::0.0
TRACE::2024-08-07.15:21:19::SCWPlatform::Trying to set the existing hwdb with name pynq_z2_bram_wrapper_0
TRACE::2024-08-07.15:21:19::SCWPlatform::Opened existing hwdb pynq_z2_bram_wrapper_0
TRACE::2024-08-07.15:21:19::SCWPlatform::Found the Hw Db part of the input DSA
TRACE::2024-08-07.15:21:19::SCWMssOS::Checking the sw design at  /home/kike/Desktop/marvin/marvin/pynq_z2_bram_wrapper/zynq_fsbl/zynq_fsbl_bsp/system.mss
TRACE::2024-08-07.15:21:19::SCWMssOS::DEBUG:  swdes dump  /home/kike/Desktop/marvin/marvin/pynq_z2_bram_wrapper/zynq_fsbl/zynq_fsbl_bsp/system.mss|system||

TRACE::2024-08-07.15:21:19::SCWMssOS::Sw design exists and opened at  /home/kike/Desktop/marvin/marvin/pynq_z2_bram_wrapper/zynq_fsbl/zynq_fsbl_bsp/system.mss
TRACE::2024-08-07.15:21:19::SCWPlatform::Trying to open the hw design at /home/kike/Desktop/marvin/marvin/pynq_z2_bram_wrapper/hw/pynq_z2_bram_wrapper.xsa
TRACE::2024-08-07.15:21:19::SCWPlatform::DSA given /home/kike/Desktop/marvin/marvin/pynq_z2_bram_wrapper/hw/pynq_z2_bram_wrapper.xsa
TRACE::2024-08-07.15:21:19::SCWPlatform::DSA absoulate path /home/kike/Desktop/marvin/marvin/pynq_z2_bram_wrapper/hw/pynq_z2_bram_wrapper.xsa
TRACE::2024-08-07.15:21:19::SCWPlatform::DSA directory /home/kike/Desktop/marvin/marvin/pynq_z2_bram_wrapper/hw
TRACE::2024-08-07.15:21:19::SCWPlatform:: Platform Path /home/kike/Desktop/marvin/marvin/pynq_z2_bram_wrapper/hw/pynq_z2_bram_wrapper.xsa
TRACE::2024-08-07.15:21:19::SCWPlatform:: Unique name xilinx:pynq-z2::0.0
TRACE::2024-08-07.15:21:19::SCWPlatform::Trying to set the existing hwdb with name pynq_z2_bram_wrapper_0
TRACE::2024-08-07.15:21:19::SCWPlatform::Opened existing hwdb pynq_z2_bram_wrapper_0
TRACE::2024-08-07.15:21:19::SCWPlatform::Found the Hw Db part of the input DSA
TRACE::2024-08-07.15:21:19::SCWMssOS::Checking the sw design at  /home/kike/Desktop/marvin/marvin/pynq_z2_bram_wrapper/zynq_fsbl/zynq_fsbl_bsp/system.mss
TRACE::2024-08-07.15:21:19::SCWMssOS::DEBUG:  swdes dump  /home/kike/Desktop/marvin/marvin/pynq_z2_bram_wrapper/zynq_fsbl/zynq_fsbl_bsp/system.mss|system||

TRACE::2024-08-07.15:21:19::SCWMssOS::Sw design exists and opened at  /home/kike/Desktop/marvin/marvin/pynq_z2_bram_wrapper/zynq_fsbl/zynq_fsbl_bsp/system.mss
TRACE::2024-08-07.15:21:19::SCWWriter::formatted JSON is {
	"platformName":	"pynq_z2_bram_wrapper",
	"sprVersion":	"2.0",
	"mode":	"gui",
	"dsaType":	"Fixed",
	"platformDesc":	"pynq_z2_bram_wrapper",
	"platHandOff":	"/home/kike/Desktop/marvin/vivado_project/pynq_z2_bram/pynq_z2_bram_wrapper.xsa",
	"platIntHandOff":	"<platformDir>/hw/pynq_z2_bram_wrapper.xsa",
	"deviceType":	"zynq",
	"platIsPrebuiltAutogen":	"false",
	"platIsNoBootBsp":	"false",
	"platFsblTarget":	"ps7_cortexa9_0",
	"hasFsblMakeHasChanges":	"false",
	"hasPmufwMakeHasChanges":	"false",
	"fsblExtraCompilerFlags":	"-MMD -MP       -mcpu=cortex-a9 -mfpu=vfpv3 -mfloat-abi=hard ",
	"platPreBuiltFlag":	false,
	"platformSamplesDir":	"",
	"platActiveSys":	"pynq_z2_bram_wrapper",
	"systems":	[{
			"systemName":	"pynq_z2_bram_wrapper",
			"systemDesc":	"pynq_z2_bram_wrapper",
			"sysIsBootAutoGen":	"true",
			"systemDispName":	"pynq_z2_bram_wrapper",
			"sysActiveDom":	"zynq_fsbl",
			"sysDefaultDom":	"",
			"domains":	[{
					"domainName":	"zynq_fsbl",
					"domainDispName":	"zynq_fsbl",
					"domainDesc":	"FSBL Application BSP - Auto Generated.",
					"processors":	"ps7_cortexa9_0",
					"os":	"standalone",
					"sdxOs":	"standalone",
					"debugEnable":	"",
					"domRuntimes":	["cpp"],
					"swRepo":	"",
					"mssOsVer":	"9.1",
					"mssFile":	"",
					"md5Digest":	"409d1989a24d76fe76b05e785092fa28",
					"compatibleApp":	"zynq_fsbl",
					"domType":	"bootDomain",
					"arch":	"32-bit",
					"appSettings":	{
						"appCompilerFlags":	"",
						"appLinkerFlags":	""
					},
					"addedLibs":	["xilffs:5.2", "xilrsa:1.8"],
					"libOptions":	{
						"libsContainingOptions":	[]
					},
					"prebuiltLibs":	{
						"prebuiltIncPath":	[],
						"prebuiltLibPath":	[]
					},
					"isolation":	{
					}
				}]
		}]
}
TRACE::2024-08-07.15:21:19::SCWPlatform::Trying to open the hw design at /home/kike/Desktop/marvin/marvin/pynq_z2_bram_wrapper/hw/pynq_z2_bram_wrapper.xsa
TRACE::2024-08-07.15:21:19::SCWPlatform::DSA given /home/kike/Desktop/marvin/marvin/pynq_z2_bram_wrapper/hw/pynq_z2_bram_wrapper.xsa
TRACE::2024-08-07.15:21:19::SCWPlatform::DSA absoulate path /home/kike/Desktop/marvin/marvin/pynq_z2_bram_wrapper/hw/pynq_z2_bram_wrapper.xsa
TRACE::2024-08-07.15:21:19::SCWPlatform::DSA directory /home/kike/Desktop/marvin/marvin/pynq_z2_bram_wrapper/hw
TRACE::2024-08-07.15:21:19::SCWPlatform:: Platform Path /home/kike/Desktop/marvin/marvin/pynq_z2_bram_wrapper/hw/pynq_z2_bram_wrapper.xsa
TRACE::2024-08-07.15:21:19::SCWPlatform:: Unique name xilinx:pynq-z2::0.0
TRACE::2024-08-07.15:21:19::SCWPlatform::Trying to set the existing hwdb with name pynq_z2_bram_wrapper_0
TRACE::2024-08-07.15:21:19::SCWPlatform::Opened existing hwdb pynq_z2_bram_wrapper_0
TRACE::2024-08-07.15:21:19::SCWPlatform::Found the Hw Db part of the input DSA
TRACE::2024-08-07.15:21:19::SCWDomain::checking for install qemu data   : 
TRACE::2024-08-07.15:21:19::SCWDomain:: Using the QEMU Data from install at  : /tools/Xilinx/Vitis/2024.1/data/emulation/platforms/zynq/sw/a9_standalone/qemu/
TRACE::2024-08-07.15:21:19::SCWDomain:: Using the QEMU args  from install at  : /tools/Xilinx/Vitis/2024.1/data/emulation/platforms/zynq/sw/a9_standalone/qemu/qemu_args.txt
TRACE::2024-08-07.15:21:19::SCWPlatform::Trying to open the hw design at /home/kike/Desktop/marvin/marvin/pynq_z2_bram_wrapper/hw/pynq_z2_bram_wrapper.xsa
TRACE::2024-08-07.15:21:19::SCWPlatform::DSA given /home/kike/Desktop/marvin/marvin/pynq_z2_bram_wrapper/hw/pynq_z2_bram_wrapper.xsa
TRACE::2024-08-07.15:21:19::SCWPlatform::DSA absoulate path /home/kike/Desktop/marvin/marvin/pynq_z2_bram_wrapper/hw/pynq_z2_bram_wrapper.xsa
TRACE::2024-08-07.15:21:19::SCWPlatform::DSA directory /home/kike/Desktop/marvin/marvin/pynq_z2_bram_wrapper/hw
TRACE::2024-08-07.15:21:19::SCWPlatform:: Platform Path /home/kike/Desktop/marvin/marvin/pynq_z2_bram_wrapper/hw/pynq_z2_bram_wrapper.xsa
TRACE::2024-08-07.15:21:19::SCWPlatform:: Unique name xilinx:pynq-z2::0.0
TRACE::2024-08-07.15:21:19::SCWPlatform::Trying to set the existing hwdb with name pynq_z2_bram_wrapper_0
TRACE::2024-08-07.15:21:19::SCWPlatform::Opened existing hwdb pynq_z2_bram_wrapper_0
TRACE::2024-08-07.15:21:19::SCWPlatform::Found the Hw Db part of the input DSA
TRACE::2024-08-07.15:21:19::SCWPlatform::Trying to open the hw design at /home/kike/Desktop/marvin/marvin/pynq_z2_bram_wrapper/hw/pynq_z2_bram_wrapper.xsa
TRACE::2024-08-07.15:21:19::SCWPlatform::DSA given /home/kike/Desktop/marvin/marvin/pynq_z2_bram_wrapper/hw/pynq_z2_bram_wrapper.xsa
TRACE::2024-08-07.15:21:19::SCWPlatform::DSA absoulate path /home/kike/Desktop/marvin/marvin/pynq_z2_bram_wrapper/hw/pynq_z2_bram_wrapper.xsa
TRACE::2024-08-07.15:21:19::SCWPlatform::DSA directory /home/kike/Desktop/marvin/marvin/pynq_z2_bram_wrapper/hw
TRACE::2024-08-07.15:21:19::SCWPlatform:: Platform Path /home/kike/Desktop/marvin/marvin/pynq_z2_bram_wrapper/hw/pynq_z2_bram_wrapper.xsa
TRACE::2024-08-07.15:21:19::SCWPlatform:: Unique name xilinx:pynq-z2::0.0
TRACE::2024-08-07.15:21:19::SCWPlatform::Trying to set the existing hwdb with name pynq_z2_bram_wrapper_0
TRACE::2024-08-07.15:21:19::SCWPlatform::Opened existing hwdb pynq_z2_bram_wrapper_0
TRACE::2024-08-07.15:21:19::SCWPlatform::Found the Hw Db part of the input DSA
TRACE::2024-08-07.15:21:19::SCWDomain::Qemu Directory name is changed from "" to "qemu"
TRACE::2024-08-07.15:21:19::SCWPlatform::Trying to open the hw design at /home/kike/Desktop/marvin/marvin/pynq_z2_bram_wrapper/hw/pynq_z2_bram_wrapper.xsa
TRACE::2024-08-07.15:21:19::SCWPlatform::DSA given /home/kike/Desktop/marvin/marvin/pynq_z2_bram_wrapper/hw/pynq_z2_bram_wrapper.xsa
TRACE::2024-08-07.15:21:19::SCWPlatform::DSA absoulate path /home/kike/Desktop/marvin/marvin/pynq_z2_bram_wrapper/hw/pynq_z2_bram_wrapper.xsa
TRACE::2024-08-07.15:21:19::SCWPlatform::DSA directory /home/kike/Desktop/marvin/marvin/pynq_z2_bram_wrapper/hw
TRACE::2024-08-07.15:21:19::SCWPlatform:: Platform Path /home/kike/Desktop/marvin/marvin/pynq_z2_bram_wrapper/hw/pynq_z2_bram_wrapper.xsa
TRACE::2024-08-07.15:21:19::SCWPlatform:: Unique name xilinx:pynq-z2::0.0
TRACE::2024-08-07.15:21:19::SCWPlatform::Trying to set the existing hwdb with name pynq_z2_bram_wrapper_0
TRACE::2024-08-07.15:21:19::SCWPlatform::Opened existing hwdb pynq_z2_bram_wrapper_0
TRACE::2024-08-07.15:21:19::SCWPlatform::Found the Hw Db part of the input DSA
TRACE::2024-08-07.15:21:19::SCWMssOS::Checking the sw design at  /home/kike/Desktop/marvin/marvin/pynq_z2_bram_wrapper/ps7_cortexa9_0/freertos10_xilinx_ps7_cortexa9_0/bsp/system.mss
TRACE::2024-08-07.15:21:19::SCWMssOS::DEBUG:  swdes dump  /home/kike/Desktop/marvin/marvin/pynq_z2_bram_wrapper/zynq_fsbl/zynq_fsbl_bsp/system.mss|system||

TRACE::2024-08-07.15:21:19::SCWMssOS::No sw design opened at  /home/kike/Desktop/marvin/marvin/pynq_z2_bram_wrapper/ps7_cortexa9_0/freertos10_xilinx_ps7_cortexa9_0/bsp/system.mss
TRACE::2024-08-07.15:21:19::SCWMssOS::mss does not exists at /home/kike/Desktop/marvin/marvin/pynq_z2_bram_wrapper/ps7_cortexa9_0/freertos10_xilinx_ps7_cortexa9_0/bsp/system.mss
TRACE::2024-08-07.15:21:19::SCWMssOS::Creating sw design at  /home/kike/Desktop/marvin/marvin/pynq_z2_bram_wrapper/ps7_cortexa9_0/freertos10_xilinx_ps7_cortexa9_0/bsp/system.mss
TRACE::2024-08-07.15:21:19::SCWMssOS::Adding the swdes entry, created swdb /home/kike/Desktop/marvin/marvin/pynq_z2_bram_wrapper/ps7_cortexa9_0/freertos10_xilinx_ps7_cortexa9_0/bsp/system.mss with des name /home/kike/Desktop/marvin/marvin/pynq_z2_bram_wrapper/ps7_cortexa9_0/freertos10_xilinx_ps7_cortexa9_0/bsp/system.mss
TRACE::2024-08-07.15:21:19::SCWMssOS::updating the scw layer changes to swdes at   /home/kike/Desktop/marvin/marvin/pynq_z2_bram_wrapper/ps7_cortexa9_0/freertos10_xilinx_ps7_cortexa9_0/bsp/system.mss
TRACE::2024-08-07.15:21:19::SCWMssOS::Writing mss at /home/kike/Desktop/marvin/marvin/pynq_z2_bram_wrapper/ps7_cortexa9_0/freertos10_xilinx_ps7_cortexa9_0/bsp/system.mss
TRACE::2024-08-07.15:21:19::SCWMssOS::Completed writing the mss file at /home/kike/Desktop/marvin/marvin/pynq_z2_bram_wrapper/ps7_cortexa9_0/freertos10_xilinx_ps7_cortexa9_0/bsp
TRACE::2024-08-07.15:21:19::SCWMssOS::Picking up changes from newly written mss file into SCW Layer. 
TRACE::2024-08-07.15:21:19::SCWMssOS::Updated the changes from newly written mss file into SCW Layer. 
TRACE::2024-08-07.15:21:19::SCWMssOS::Completed writing the mss file at /home/kike/Desktop/marvin/marvin/pynq_z2_bram_wrapper/ps7_cortexa9_0/freertos10_xilinx_ps7_cortexa9_0/bsp
TRACE::2024-08-07.15:21:19::SCWMssOS::Forcing BSP Sources regeneration.
TRACE::2024-08-07.15:21:19::SCWMssOS::Saving the mss changes /home/kike/Desktop/marvin/marvin/pynq_z2_bram_wrapper/zynq_fsbl/zynq_fsbl_bsp/system.mss
TRACE::2024-08-07.15:21:19::SCWMssOS::Found a swdesign opened with the mssfile.
TRACE::2024-08-07.15:21:19::SCWMssOS::Completed writemss as part of save.
TRACE::2024-08-07.15:21:19::SCWMssOS::Commit changes completed.
TRACE::2024-08-07.15:21:19::SCWMssOS::Saving the mss changes /home/kike/Desktop/marvin/marvin/pynq_z2_bram_wrapper/ps7_cortexa9_0/freertos10_xilinx_ps7_cortexa9_0/bsp/system.mss
TRACE::2024-08-07.15:21:19::SCWMssOS::Adding the swdes entry, mss present, able to open swdb /home/kike/Desktop/marvin/marvin/pynq_z2_bram_wrapper/ps7_cortexa9_0/freertos10_xilinx_ps7_cortexa9_0/bsp/system.mss with des name system_0
TRACE::2024-08-07.15:21:19::SCWMssOS::Writing the mss file completed /home/kike/Desktop/marvin/marvin/pynq_z2_bram_wrapper/ps7_cortexa9_0/freertos10_xilinx_ps7_cortexa9_0/bsp/system.mss
TRACE::2024-08-07.15:21:19::SCWMssOS::Commit changes completed.
TRACE::2024-08-07.15:21:19::SCWPlatform::Trying to open the hw design at /home/kike/Desktop/marvin/marvin/pynq_z2_bram_wrapper/hw/pynq_z2_bram_wrapper.xsa
TRACE::2024-08-07.15:21:19::SCWPlatform::DSA given /home/kike/Desktop/marvin/marvin/pynq_z2_bram_wrapper/hw/pynq_z2_bram_wrapper.xsa
TRACE::2024-08-07.15:21:19::SCWPlatform::DSA absoulate path /home/kike/Desktop/marvin/marvin/pynq_z2_bram_wrapper/hw/pynq_z2_bram_wrapper.xsa
TRACE::2024-08-07.15:21:19::SCWPlatform::DSA directory /home/kike/Desktop/marvin/marvin/pynq_z2_bram_wrapper/hw
TRACE::2024-08-07.15:21:19::SCWPlatform:: Platform Path /home/kike/Desktop/marvin/marvin/pynq_z2_bram_wrapper/hw/pynq_z2_bram_wrapper.xsa
TRACE::2024-08-07.15:21:19::SCWPlatform:: Unique name xilinx:pynq-z2::0.0
TRACE::2024-08-07.15:21:19::SCWPlatform::Trying to set the existing hwdb with name pynq_z2_bram_wrapper_0
TRACE::2024-08-07.15:21:19::SCWPlatform::Opened existing hwdb pynq_z2_bram_wrapper_0
TRACE::2024-08-07.15:21:19::SCWPlatform::Found the Hw Db part of the input DSA
TRACE::2024-08-07.15:21:19::SCWMssOS::Checking the sw design at  /home/kike/Desktop/marvin/marvin/pynq_z2_bram_wrapper/zynq_fsbl/zynq_fsbl_bsp/system.mss
TRACE::2024-08-07.15:21:19::SCWMssOS::DEBUG:  swdes dump  /home/kike/Desktop/marvin/marvin/pynq_z2_bram_wrapper/ps7_cortexa9_0/freertos10_xilinx_ps7_cortexa9_0/bsp/system.mss|system_0||
/home/kike/Desktop/marvin/marvin/pynq_z2_bram_wrapper/zynq_fsbl/zynq_fsbl_bsp/system.mss|system||

TRACE::2024-08-07.15:21:19::SCWMssOS::Sw design exists and opened at  /home/kike/Desktop/marvin/marvin/pynq_z2_bram_wrapper/zynq_fsbl/zynq_fsbl_bsp/system.mss
TRACE::2024-08-07.15:21:19::SCWPlatform::Trying to open the hw design at /home/kike/Desktop/marvin/marvin/pynq_z2_bram_wrapper/hw/pynq_z2_bram_wrapper.xsa
TRACE::2024-08-07.15:21:19::SCWPlatform::DSA given /home/kike/Desktop/marvin/marvin/pynq_z2_bram_wrapper/hw/pynq_z2_bram_wrapper.xsa
TRACE::2024-08-07.15:21:19::SCWPlatform::DSA absoulate path /home/kike/Desktop/marvin/marvin/pynq_z2_bram_wrapper/hw/pynq_z2_bram_wrapper.xsa
TRACE::2024-08-07.15:21:19::SCWPlatform::DSA directory /home/kike/Desktop/marvin/marvin/pynq_z2_bram_wrapper/hw
TRACE::2024-08-07.15:21:19::SCWPlatform:: Platform Path /home/kike/Desktop/marvin/marvin/pynq_z2_bram_wrapper/hw/pynq_z2_bram_wrapper.xsa
TRACE::2024-08-07.15:21:19::SCWPlatform:: Unique name xilinx:pynq-z2::0.0
TRACE::2024-08-07.15:21:19::SCWPlatform::Trying to set the existing hwdb with name pynq_z2_bram_wrapper_0
TRACE::2024-08-07.15:21:19::SCWPlatform::Opened existing hwdb pynq_z2_bram_wrapper_0
TRACE::2024-08-07.15:21:19::SCWPlatform::Found the Hw Db part of the input DSA
TRACE::2024-08-07.15:21:19::SCWMssOS::Checking the sw design at  /home/kike/Desktop/marvin/marvin/pynq_z2_bram_wrapper/zynq_fsbl/zynq_fsbl_bsp/system.mss
TRACE::2024-08-07.15:21:19::SCWMssOS::DEBUG:  swdes dump  /home/kike/Desktop/marvin/marvin/pynq_z2_bram_wrapper/ps7_cortexa9_0/freertos10_xilinx_ps7_cortexa9_0/bsp/system.mss|system_0||
/home/kike/Desktop/marvin/marvin/pynq_z2_bram_wrapper/zynq_fsbl/zynq_fsbl_bsp/system.mss|system||

TRACE::2024-08-07.15:21:19::SCWMssOS::Sw design exists and opened at  /home/kike/Desktop/marvin/marvin/pynq_z2_bram_wrapper/zynq_fsbl/zynq_fsbl_bsp/system.mss
TRACE::2024-08-07.15:21:19::SCWPlatform::Trying to open the hw design at /home/kike/Desktop/marvin/marvin/pynq_z2_bram_wrapper/hw/pynq_z2_bram_wrapper.xsa
TRACE::2024-08-07.15:21:19::SCWPlatform::DSA given /home/kike/Desktop/marvin/marvin/pynq_z2_bram_wrapper/hw/pynq_z2_bram_wrapper.xsa
TRACE::2024-08-07.15:21:19::SCWPlatform::DSA absoulate path /home/kike/Desktop/marvin/marvin/pynq_z2_bram_wrapper/hw/pynq_z2_bram_wrapper.xsa
TRACE::2024-08-07.15:21:19::SCWPlatform::DSA directory /home/kike/Desktop/marvin/marvin/pynq_z2_bram_wrapper/hw
TRACE::2024-08-07.15:21:19::SCWPlatform:: Platform Path /home/kike/Desktop/marvin/marvin/pynq_z2_bram_wrapper/hw/pynq_z2_bram_wrapper.xsa
TRACE::2024-08-07.15:21:19::SCWPlatform:: Unique name xilinx:pynq-z2::0.0
TRACE::2024-08-07.15:21:19::SCWPlatform::Trying to set the existing hwdb with name pynq_z2_bram_wrapper_0
TRACE::2024-08-07.15:21:19::SCWPlatform::Opened existing hwdb pynq_z2_bram_wrapper_0
TRACE::2024-08-07.15:21:19::SCWPlatform::Found the Hw Db part of the input DSA
TRACE::2024-08-07.15:21:19::SCWMssOS::Checking the sw design at  /home/kike/Desktop/marvin/marvin/pynq_z2_bram_wrapper/zynq_fsbl/zynq_fsbl_bsp/system.mss
TRACE::2024-08-07.15:21:19::SCWMssOS::DEBUG:  swdes dump  /home/kike/Desktop/marvin/marvin/pynq_z2_bram_wrapper/ps7_cortexa9_0/freertos10_xilinx_ps7_cortexa9_0/bsp/system.mss|system_0||
/home/kike/Desktop/marvin/marvin/pynq_z2_bram_wrapper/zynq_fsbl/zynq_fsbl_bsp/system.mss|system||

TRACE::2024-08-07.15:21:19::SCWMssOS::Sw design exists and opened at  /home/kike/Desktop/marvin/marvin/pynq_z2_bram_wrapper/zynq_fsbl/zynq_fsbl_bsp/system.mss
TRACE::2024-08-07.15:21:19::SCWPlatform::Trying to open the hw design at /home/kike/Desktop/marvin/marvin/pynq_z2_bram_wrapper/hw/pynq_z2_bram_wrapper.xsa
TRACE::2024-08-07.15:21:19::SCWPlatform::DSA given /home/kike/Desktop/marvin/marvin/pynq_z2_bram_wrapper/hw/pynq_z2_bram_wrapper.xsa
TRACE::2024-08-07.15:21:19::SCWPlatform::DSA absoulate path /home/kike/Desktop/marvin/marvin/pynq_z2_bram_wrapper/hw/pynq_z2_bram_wrapper.xsa
TRACE::2024-08-07.15:21:19::SCWPlatform::DSA directory /home/kike/Desktop/marvin/marvin/pynq_z2_bram_wrapper/hw
TRACE::2024-08-07.15:21:19::SCWPlatform:: Platform Path /home/kike/Desktop/marvin/marvin/pynq_z2_bram_wrapper/hw/pynq_z2_bram_wrapper.xsa
TRACE::2024-08-07.15:21:19::SCWPlatform:: Unique name xilinx:pynq-z2::0.0
TRACE::2024-08-07.15:21:19::SCWPlatform::Trying to set the existing hwdb with name pynq_z2_bram_wrapper_0
TRACE::2024-08-07.15:21:19::SCWPlatform::Opened existing hwdb pynq_z2_bram_wrapper_0
TRACE::2024-08-07.15:21:19::SCWPlatform::Found the Hw Db part of the input DSA
TRACE::2024-08-07.15:21:19::SCWMssOS::Checking the sw design at  /home/kike/Desktop/marvin/marvin/pynq_z2_bram_wrapper/ps7_cortexa9_0/freertos10_xilinx_ps7_cortexa9_0/bsp/system.mss
TRACE::2024-08-07.15:21:19::SCWMssOS::DEBUG:  swdes dump  /home/kike/Desktop/marvin/marvin/pynq_z2_bram_wrapper/ps7_cortexa9_0/freertos10_xilinx_ps7_cortexa9_0/bsp/system.mss|system_0||
/home/kike/Desktop/marvin/marvin/pynq_z2_bram_wrapper/zynq_fsbl/zynq_fsbl_bsp/system.mss|system||

TRACE::2024-08-07.15:21:19::SCWMssOS::Sw design exists and opened at  /home/kike/Desktop/marvin/marvin/pynq_z2_bram_wrapper/ps7_cortexa9_0/freertos10_xilinx_ps7_cortexa9_0/bsp/system.mss
TRACE::2024-08-07.15:21:19::SCWPlatform::Trying to open the hw design at /home/kike/Desktop/marvin/marvin/pynq_z2_bram_wrapper/hw/pynq_z2_bram_wrapper.xsa
TRACE::2024-08-07.15:21:19::SCWPlatform::DSA given /home/kike/Desktop/marvin/marvin/pynq_z2_bram_wrapper/hw/pynq_z2_bram_wrapper.xsa
TRACE::2024-08-07.15:21:19::SCWPlatform::DSA absoulate path /home/kike/Desktop/marvin/marvin/pynq_z2_bram_wrapper/hw/pynq_z2_bram_wrapper.xsa
TRACE::2024-08-07.15:21:19::SCWPlatform::DSA directory /home/kike/Desktop/marvin/marvin/pynq_z2_bram_wrapper/hw
TRACE::2024-08-07.15:21:19::SCWPlatform:: Platform Path /home/kike/Desktop/marvin/marvin/pynq_z2_bram_wrapper/hw/pynq_z2_bram_wrapper.xsa
TRACE::2024-08-07.15:21:19::SCWPlatform:: Unique name xilinx:pynq-z2::0.0
TRACE::2024-08-07.15:21:19::SCWPlatform::Trying to set the existing hwdb with name pynq_z2_bram_wrapper_0
TRACE::2024-08-07.15:21:19::SCWPlatform::Opened existing hwdb pynq_z2_bram_wrapper_0
TRACE::2024-08-07.15:21:19::SCWPlatform::Found the Hw Db part of the input DSA
TRACE::2024-08-07.15:21:19::SCWMssOS::Checking the sw design at  /home/kike/Desktop/marvin/marvin/pynq_z2_bram_wrapper/ps7_cortexa9_0/freertos10_xilinx_ps7_cortexa9_0/bsp/system.mss
TRACE::2024-08-07.15:21:19::SCWMssOS::DEBUG:  swdes dump  /home/kike/Desktop/marvin/marvin/pynq_z2_bram_wrapper/ps7_cortexa9_0/freertos10_xilinx_ps7_cortexa9_0/bsp/system.mss|system_0||
/home/kike/Desktop/marvin/marvin/pynq_z2_bram_wrapper/zynq_fsbl/zynq_fsbl_bsp/system.mss|system||

TRACE::2024-08-07.15:21:19::SCWMssOS::Sw design exists and opened at  /home/kike/Desktop/marvin/marvin/pynq_z2_bram_wrapper/ps7_cortexa9_0/freertos10_xilinx_ps7_cortexa9_0/bsp/system.mss
TRACE::2024-08-07.15:21:19::SCWPlatform::Trying to open the hw design at /home/kike/Desktop/marvin/marvin/pynq_z2_bram_wrapper/hw/pynq_z2_bram_wrapper.xsa
TRACE::2024-08-07.15:21:19::SCWPlatform::DSA given /home/kike/Desktop/marvin/marvin/pynq_z2_bram_wrapper/hw/pynq_z2_bram_wrapper.xsa
TRACE::2024-08-07.15:21:19::SCWPlatform::DSA absoulate path /home/kike/Desktop/marvin/marvin/pynq_z2_bram_wrapper/hw/pynq_z2_bram_wrapper.xsa
TRACE::2024-08-07.15:21:19::SCWPlatform::DSA directory /home/kike/Desktop/marvin/marvin/pynq_z2_bram_wrapper/hw
TRACE::2024-08-07.15:21:19::SCWPlatform:: Platform Path /home/kike/Desktop/marvin/marvin/pynq_z2_bram_wrapper/hw/pynq_z2_bram_wrapper.xsa
TRACE::2024-08-07.15:21:19::SCWPlatform:: Unique name xilinx:pynq-z2::0.0
TRACE::2024-08-07.15:21:19::SCWPlatform::Trying to set the existing hwdb with name pynq_z2_bram_wrapper_0
TRACE::2024-08-07.15:21:19::SCWPlatform::Opened existing hwdb pynq_z2_bram_wrapper_0
TRACE::2024-08-07.15:21:19::SCWPlatform::Found the Hw Db part of the input DSA
TRACE::2024-08-07.15:21:19::SCWMssOS::Checking the sw design at  /home/kike/Desktop/marvin/marvin/pynq_z2_bram_wrapper/ps7_cortexa9_0/freertos10_xilinx_ps7_cortexa9_0/bsp/system.mss
TRACE::2024-08-07.15:21:19::SCWMssOS::DEBUG:  swdes dump  /home/kike/Desktop/marvin/marvin/pynq_z2_bram_wrapper/ps7_cortexa9_0/freertos10_xilinx_ps7_cortexa9_0/bsp/system.mss|system_0||
/home/kike/Desktop/marvin/marvin/pynq_z2_bram_wrapper/zynq_fsbl/zynq_fsbl_bsp/system.mss|system||

TRACE::2024-08-07.15:21:19::SCWMssOS::Sw design exists and opened at  /home/kike/Desktop/marvin/marvin/pynq_z2_bram_wrapper/ps7_cortexa9_0/freertos10_xilinx_ps7_cortexa9_0/bsp/system.mss
TRACE::2024-08-07.15:21:19::SCWWriter::formatted JSON is {
	"platformName":	"pynq_z2_bram_wrapper",
	"sprVersion":	"2.0",
	"mode":	"gui",
	"dsaType":	"Fixed",
	"platformDesc":	"pynq_z2_bram_wrapper",
	"platHandOff":	"/home/kike/Desktop/marvin/vivado_project/pynq_z2_bram/pynq_z2_bram_wrapper.xsa",
	"platIntHandOff":	"<platformDir>/hw/pynq_z2_bram_wrapper.xsa",
	"deviceType":	"zynq",
	"platIsPrebuiltAutogen":	"false",
	"platIsNoBootBsp":	"false",
	"platFsblTarget":	"ps7_cortexa9_0",
	"hasFsblMakeHasChanges":	"false",
	"hasPmufwMakeHasChanges":	"false",
	"fsblExtraCompilerFlags":	"-MMD -MP       -mcpu=cortex-a9 -mfpu=vfpv3 -mfloat-abi=hard ",
	"platPreBuiltFlag":	false,
	"platformSamplesDir":	"",
	"platActiveSys":	"pynq_z2_bram_wrapper",
	"systems":	[{
			"systemName":	"pynq_z2_bram_wrapper",
			"systemDesc":	"pynq_z2_bram_wrapper",
			"sysIsBootAutoGen":	"true",
			"systemDispName":	"pynq_z2_bram_wrapper",
			"sysActiveDom":	"freertos10_xilinx_ps7_cortexa9_0",
			"sysDefaultDom":	"freertos10_xilinx_ps7_cortexa9_0",
			"domains":	[{
					"domainName":	"zynq_fsbl",
					"domainDispName":	"zynq_fsbl",
					"domainDesc":	"FSBL Application BSP - Auto Generated.",
					"processors":	"ps7_cortexa9_0",
					"os":	"standalone",
					"sdxOs":	"standalone",
					"debugEnable":	"",
					"domRuntimes":	["cpp"],
					"swRepo":	"",
					"mssOsVer":	"9.1",
					"mssFile":	"",
					"md5Digest":	"409d1989a24d76fe76b05e785092fa28",
					"compatibleApp":	"zynq_fsbl",
					"domType":	"bootDomain",
					"arch":	"32-bit",
					"appSettings":	{
						"appCompilerFlags":	"",
						"appLinkerFlags":	""
					},
					"addedLibs":	["xilffs:5.2", "xilrsa:1.8"],
					"libOptions":	{
						"libsContainingOptions":	[]
					},
					"prebuiltLibs":	{
						"prebuiltIncPath":	[],
						"prebuiltLibPath":	[]
					},
					"isolation":	{
					}
				}, {
					"domainName":	"freertos10_xilinx_ps7_cortexa9_0",
					"domainDispName":	"freertos10_xilinx_ps7_cortexa9_0",
					"domainDesc":	"freertos10_xilinx_ps7_cortexa9_0",
					"processors":	"ps7_cortexa9_0",
					"os":	"freertos10_xilinx",
					"sdxOs":	"freertos10_xilinx",
					"qemuArgs":	"<platformDir>/resources/pynq_z2_bram_wrapper/freertos10_xilinx_ps7_cortexa9_0/qemu_args.txt",
					"qemuData":	"<platformDir>/resources/pynq_z2_bram_wrapper/freertos10_xilinx_ps7_cortexa9_0/qemu",
					"debugEnable":	"False",
					"domRuntimes":	["cpp"],
					"swRepo":	"",
					"mssOsVer":	"1.15",
					"mssFile":	"",
					"md5Digest":	"b16b094303b8a18353b8c330524e5d8f",
					"compatibleApp":	"freertos_hello_world",
					"domType":	"mssDomain",
					"arch":	"32-bit",
					"appSettings":	{
						"appCompilerFlags":	"",
						"appLinkerFlags":	""
					},
					"addedLibs":	["xiltimer:2.0"],
					"libOptions":	{
						"freertos10_xilinx":	{
							"xil_interrupt":	"true",
							"libOptionNames":	["xil_interrupt"]
						},
						"libsContainingOptions":	["freertos10_xilinx"]
					},
					"prebuiltLibs":	{
						"prebuiltIncPath":	[],
						"prebuiltLibPath":	[]
					},
					"isolation":	{
					}
				}]
		}]
}
LOG::2024-08-07.15:21:19::SCWPlatform::Started generating the artifacts platform pynq_z2_bram_wrapper
TRACE::2024-08-07.15:21:19::SCWPlatform::Sanity checking of platform is completed
LOG::2024-08-07.15:21:19::SCWPlatform::Started generating the artifacts for system configuration pynq_z2_bram_wrapper
LOG::2024-08-07.15:21:19::SCWSystem::Checking the domain zynq_fsbl
LOG::2024-08-07.15:21:19::SCWSystem::Doing application build for :  zynq_fsbl
TRACE::2024-08-07.15:21:19::SCWBDomain::Not a forced makefile updation, No changes are present. 
TRACE::2024-08-07.15:21:19::SCWDomain::Skipping the build for domain :  zynq_fsbl
LOG::2024-08-07.15:21:19::SCWSystem::Checking the domain freertos10_xilinx_ps7_cortexa9_0
LOG::2024-08-07.15:21:19::SCWSystem::Not a boot domain 
LOG::2024-08-07.15:21:19::SCWSystem::Started Processing the domain freertos10_xilinx_ps7_cortexa9_0
TRACE::2024-08-07.15:21:19::SCWDomain::Generating domain artifcats
TRACE::2024-08-07.15:21:19::SCWMssOS::Generating standalone artifcats
TRACE::2024-08-07.15:21:19::SCWMssOS::Copying the qemu file from  /home/kike/Desktop/marvin/marvin/pynq_z2_bram_wrapper/resources/pynq_z2_bram_wrapper/freertos10_xilinx_ps7_cortexa9_0/qemu_args.txt To /home/kike/Desktop/marvin/marvin/pynq_z2_bram_wrapper/export/pynq_z2_bram_wrapper/sw/pynq_z2_bram_wrapper/qemu/
TRACE::2024-08-07.15:21:19::SCWMssOS::Copying the qemu file from  /home/kike/Desktop/marvin/marvin/pynq_z2_bram_wrapper/resources/pynq_z2_bram_wrapper/freertos10_xilinx_ps7_cortexa9_0/qemu_args.txt To /home/kike/Desktop/marvin/marvin/pynq_z2_bram_wrapper/export/pynq_z2_bram_wrapper/sw/pynq_z2_bram_wrapper/freertos10_xilinx_ps7_cortexa9_0/qemu/
TRACE::2024-08-07.15:21:19::SCWMssOS:: Copying the user libraries. 
TRACE::2024-08-07.15:21:19::SCWPlatform::Trying to open the hw design at /home/kike/Desktop/marvin/marvin/pynq_z2_bram_wrapper/hw/pynq_z2_bram_wrapper.xsa
TRACE::2024-08-07.15:21:19::SCWPlatform::DSA given /home/kike/Desktop/marvin/marvin/pynq_z2_bram_wrapper/hw/pynq_z2_bram_wrapper.xsa
TRACE::2024-08-07.15:21:19::SCWPlatform::DSA absoulate path /home/kike/Desktop/marvin/marvin/pynq_z2_bram_wrapper/hw/pynq_z2_bram_wrapper.xsa
TRACE::2024-08-07.15:21:19::SCWPlatform::DSA directory /home/kike/Desktop/marvin/marvin/pynq_z2_bram_wrapper/hw
TRACE::2024-08-07.15:21:19::SCWPlatform:: Platform Path /home/kike/Desktop/marvin/marvin/pynq_z2_bram_wrapper/hw/pynq_z2_bram_wrapper.xsa
TRACE::2024-08-07.15:21:19::SCWPlatform:: Unique name xilinx:pynq-z2::0.0
TRACE::2024-08-07.15:21:19::SCWPlatform::Trying to set the existing hwdb with name pynq_z2_bram_wrapper_0
TRACE::2024-08-07.15:21:19::SCWPlatform::Opened existing hwdb pynq_z2_bram_wrapper_0
TRACE::2024-08-07.15:21:19::SCWPlatform::Found the Hw Db part of the input DSA
TRACE::2024-08-07.15:21:19::SCWMssOS::Checking the sw design at  /home/kike/Desktop/marvin/marvin/pynq_z2_bram_wrapper/ps7_cortexa9_0/freertos10_xilinx_ps7_cortexa9_0/bsp/system.mss
TRACE::2024-08-07.15:21:19::SCWMssOS::DEBUG:  swdes dump  /home/kike/Desktop/marvin/marvin/pynq_z2_bram_wrapper/ps7_cortexa9_0/freertos10_xilinx_ps7_cortexa9_0/bsp/system.mss|system_0||
/home/kike/Desktop/marvin/marvin/pynq_z2_bram_wrapper/zynq_fsbl/zynq_fsbl_bsp/system.mss|system||

TRACE::2024-08-07.15:21:19::SCWMssOS::Sw design exists and opened at  /home/kike/Desktop/marvin/marvin/pynq_z2_bram_wrapper/ps7_cortexa9_0/freertos10_xilinx_ps7_cortexa9_0/bsp/system.mss
TRACE::2024-08-07.15:21:19::SCWMssOS::Completed writing the mss file at /home/kike/Desktop/marvin/marvin/pynq_z2_bram_wrapper/ps7_cortexa9_0/freertos10_xilinx_ps7_cortexa9_0/bsp
TRACE::2024-08-07.15:21:19::SCWMssOS::Mss edits present, copying mssfile into export location /home/kike/Desktop/marvin/marvin/pynq_z2_bram_wrapper/ps7_cortexa9_0/freertos10_xilinx_ps7_cortexa9_0/bsp/system.mss
TRACE::2024-08-07.15:21:19::SCWMssOS::bsp generated is upto date with the mss file. Skipping bsp generation.
TRACE::2024-08-07.15:21:19::SCWMssOS::BSP is already built. skipping the bsp build ... 
TRACE::2024-08-07.15:21:19::SCWDomain::Skipping the build for domain :  freertos10_xilinx_ps7_cortexa9_0
TRACE::2024-08-07.15:21:19::SCWMssOS::skipping the bsp build ... 
TRACE::2024-08-07.15:21:19::SCWMssOS::Copying to export directory.
TRACE::2024-08-07.15:21:19::SCWMssOS:: Checking if to create the Supporting Applications
TRACE::2024-08-07.15:21:19::SCWMssOS:: No Linux domain exists, trying to generate FSBL 
TRACE::2024-08-07.15:21:19::SCWMssOS:: Completed Standalone Artifacts creation 
LOG::2024-08-07.15:21:19::SCWSystem::Completed Processing the domain freertos10_xilinx_ps7_cortexa9_0
LOG::2024-08-07.15:21:19::SCWSystem::Completed Processing the sysconfig pynq_z2_bram_wrapper
LOG::2024-08-07.15:21:19::SCWPlatform::Completed generating the artifacts for system configuration pynq_z2_bram_wrapper
TRACE::2024-08-07.15:21:19::SCWPlatform::Started preparing the platform 
TRACE::2024-08-07.15:21:19::SCWSystem::Writing the bif file for system config pynq_z2_bram_wrapper
TRACE::2024-08-07.15:21:19::SCWSystem::dir created 
TRACE::2024-08-07.15:21:19::SCWSystem::Writing the bif 
TRACE::2024-08-07.15:21:19::SCWPlatform::Started writing the spfm file 
TRACE::2024-08-07.15:21:19::SCWPlatform::Started writing the xpfm file 
TRACE::2024-08-07.15:21:19::SCWPlatform::Completed generating the platform
TRACE::2024-08-07.15:21:19::SCWMssOS::Saving the mss changes /home/kike/Desktop/marvin/marvin/pynq_z2_bram_wrapper/zynq_fsbl/zynq_fsbl_bsp/system.mss
TRACE::2024-08-07.15:21:19::SCWMssOS::Found a swdesign opened with the mssfile.
TRACE::2024-08-07.15:21:19::SCWMssOS::Completed writemss as part of save.
TRACE::2024-08-07.15:21:19::SCWMssOS::Commit changes completed.
TRACE::2024-08-07.15:21:19::SCWMssOS::Saving the mss changes /home/kike/Desktop/marvin/marvin/pynq_z2_bram_wrapper/ps7_cortexa9_0/freertos10_xilinx_ps7_cortexa9_0/bsp/system.mss
TRACE::2024-08-07.15:21:19::SCWMssOS::Found a swdesign opened with the mssfile.
TRACE::2024-08-07.15:21:19::SCWMssOS::Completed writemss as part of save.
TRACE::2024-08-07.15:21:19::SCWMssOS::Commit changes completed.
TRACE::2024-08-07.15:21:19::SCWPlatform::Trying to open the hw design at /home/kike/Desktop/marvin/marvin/pynq_z2_bram_wrapper/hw/pynq_z2_bram_wrapper.xsa
TRACE::2024-08-07.15:21:19::SCWPlatform::DSA given /home/kike/Desktop/marvin/marvin/pynq_z2_bram_wrapper/hw/pynq_z2_bram_wrapper.xsa
TRACE::2024-08-07.15:21:19::SCWPlatform::DSA absoulate path /home/kike/Desktop/marvin/marvin/pynq_z2_bram_wrapper/hw/pynq_z2_bram_wrapper.xsa
TRACE::2024-08-07.15:21:19::SCWPlatform::DSA directory /home/kike/Desktop/marvin/marvin/pynq_z2_bram_wrapper/hw
TRACE::2024-08-07.15:21:19::SCWPlatform:: Platform Path /home/kike/Desktop/marvin/marvin/pynq_z2_bram_wrapper/hw/pynq_z2_bram_wrapper.xsa
TRACE::2024-08-07.15:21:19::SCWPlatform:: Unique name xilinx:pynq-z2::0.0
TRACE::2024-08-07.15:21:19::SCWPlatform::Trying to set the existing hwdb with name pynq_z2_bram_wrapper_0
TRACE::2024-08-07.15:21:19::SCWPlatform::Opened existing hwdb pynq_z2_bram_wrapper_0
TRACE::2024-08-07.15:21:19::SCWPlatform::Found the Hw Db part of the input DSA
TRACE::2024-08-07.15:21:19::SCWMssOS::Checking the sw design at  /home/kike/Desktop/marvin/marvin/pynq_z2_bram_wrapper/zynq_fsbl/zynq_fsbl_bsp/system.mss
TRACE::2024-08-07.15:21:19::SCWMssOS::DEBUG:  swdes dump  /home/kike/Desktop/marvin/marvin/pynq_z2_bram_wrapper/ps7_cortexa9_0/freertos10_xilinx_ps7_cortexa9_0/bsp/system.mss|system_0||
/home/kike/Desktop/marvin/marvin/pynq_z2_bram_wrapper/zynq_fsbl/zynq_fsbl_bsp/system.mss|system||

TRACE::2024-08-07.15:21:19::SCWMssOS::Sw design exists and opened at  /home/kike/Desktop/marvin/marvin/pynq_z2_bram_wrapper/zynq_fsbl/zynq_fsbl_bsp/system.mss
TRACE::2024-08-07.15:21:19::SCWPlatform::Trying to open the hw design at /home/kike/Desktop/marvin/marvin/pynq_z2_bram_wrapper/hw/pynq_z2_bram_wrapper.xsa
TRACE::2024-08-07.15:21:19::SCWPlatform::DSA given /home/kike/Desktop/marvin/marvin/pynq_z2_bram_wrapper/hw/pynq_z2_bram_wrapper.xsa
TRACE::2024-08-07.15:21:19::SCWPlatform::DSA absoulate path /home/kike/Desktop/marvin/marvin/pynq_z2_bram_wrapper/hw/pynq_z2_bram_wrapper.xsa
TRACE::2024-08-07.15:21:19::SCWPlatform::DSA directory /home/kike/Desktop/marvin/marvin/pynq_z2_bram_wrapper/hw
TRACE::2024-08-07.15:21:19::SCWPlatform:: Platform Path /home/kike/Desktop/marvin/marvin/pynq_z2_bram_wrapper/hw/pynq_z2_bram_wrapper.xsa
TRACE::2024-08-07.15:21:19::SCWPlatform:: Unique name xilinx:pynq-z2::0.0
TRACE::2024-08-07.15:21:19::SCWPlatform::Trying to set the existing hwdb with name pynq_z2_bram_wrapper_0
TRACE::2024-08-07.15:21:19::SCWPlatform::Opened existing hwdb pynq_z2_bram_wrapper_0
TRACE::2024-08-07.15:21:19::SCWPlatform::Found the Hw Db part of the input DSA
TRACE::2024-08-07.15:21:19::SCWMssOS::Checking the sw design at  /home/kike/Desktop/marvin/marvin/pynq_z2_bram_wrapper/zynq_fsbl/zynq_fsbl_bsp/system.mss
TRACE::2024-08-07.15:21:19::SCWMssOS::DEBUG:  swdes dump  /home/kike/Desktop/marvin/marvin/pynq_z2_bram_wrapper/ps7_cortexa9_0/freertos10_xilinx_ps7_cortexa9_0/bsp/system.mss|system_0||
/home/kike/Desktop/marvin/marvin/pynq_z2_bram_wrapper/zynq_fsbl/zynq_fsbl_bsp/system.mss|system||

TRACE::2024-08-07.15:21:19::SCWMssOS::Sw design exists and opened at  /home/kike/Desktop/marvin/marvin/pynq_z2_bram_wrapper/zynq_fsbl/zynq_fsbl_bsp/system.mss
TRACE::2024-08-07.15:21:19::SCWPlatform::Trying to open the hw design at /home/kike/Desktop/marvin/marvin/pynq_z2_bram_wrapper/hw/pynq_z2_bram_wrapper.xsa
TRACE::2024-08-07.15:21:19::SCWPlatform::DSA given /home/kike/Desktop/marvin/marvin/pynq_z2_bram_wrapper/hw/pynq_z2_bram_wrapper.xsa
TRACE::2024-08-07.15:21:19::SCWPlatform::DSA absoulate path /home/kike/Desktop/marvin/marvin/pynq_z2_bram_wrapper/hw/pynq_z2_bram_wrapper.xsa
TRACE::2024-08-07.15:21:19::SCWPlatform::DSA directory /home/kike/Desktop/marvin/marvin/pynq_z2_bram_wrapper/hw
TRACE::2024-08-07.15:21:19::SCWPlatform:: Platform Path /home/kike/Desktop/marvin/marvin/pynq_z2_bram_wrapper/hw/pynq_z2_bram_wrapper.xsa
TRACE::2024-08-07.15:21:19::SCWPlatform:: Unique name xilinx:pynq-z2::0.0
TRACE::2024-08-07.15:21:19::SCWPlatform::Trying to set the existing hwdb with name pynq_z2_bram_wrapper_0
TRACE::2024-08-07.15:21:19::SCWPlatform::Opened existing hwdb pynq_z2_bram_wrapper_0
TRACE::2024-08-07.15:21:19::SCWPlatform::Found the Hw Db part of the input DSA
TRACE::2024-08-07.15:21:19::SCWMssOS::Checking the sw design at  /home/kike/Desktop/marvin/marvin/pynq_z2_bram_wrapper/zynq_fsbl/zynq_fsbl_bsp/system.mss
TRACE::2024-08-07.15:21:19::SCWMssOS::DEBUG:  swdes dump  /home/kike/Desktop/marvin/marvin/pynq_z2_bram_wrapper/ps7_cortexa9_0/freertos10_xilinx_ps7_cortexa9_0/bsp/system.mss|system_0||
/home/kike/Desktop/marvin/marvin/pynq_z2_bram_wrapper/zynq_fsbl/zynq_fsbl_bsp/system.mss|system||

TRACE::2024-08-07.15:21:19::SCWMssOS::Sw design exists and opened at  /home/kike/Desktop/marvin/marvin/pynq_z2_bram_wrapper/zynq_fsbl/zynq_fsbl_bsp/system.mss
TRACE::2024-08-07.15:21:19::SCWPlatform::Trying to open the hw design at /home/kike/Desktop/marvin/marvin/pynq_z2_bram_wrapper/hw/pynq_z2_bram_wrapper.xsa
TRACE::2024-08-07.15:21:19::SCWPlatform::DSA given /home/kike/Desktop/marvin/marvin/pynq_z2_bram_wrapper/hw/pynq_z2_bram_wrapper.xsa
TRACE::2024-08-07.15:21:19::SCWPlatform::DSA absoulate path /home/kike/Desktop/marvin/marvin/pynq_z2_bram_wrapper/hw/pynq_z2_bram_wrapper.xsa
TRACE::2024-08-07.15:21:19::SCWPlatform::DSA directory /home/kike/Desktop/marvin/marvin/pynq_z2_bram_wrapper/hw
TRACE::2024-08-07.15:21:19::SCWPlatform:: Platform Path /home/kike/Desktop/marvin/marvin/pynq_z2_bram_wrapper/hw/pynq_z2_bram_wrapper.xsa
TRACE::2024-08-07.15:21:19::SCWPlatform:: Unique name xilinx:pynq-z2::0.0
TRACE::2024-08-07.15:21:19::SCWPlatform::Trying to set the existing hwdb with name pynq_z2_bram_wrapper_0
TRACE::2024-08-07.15:21:19::SCWPlatform::Opened existing hwdb pynq_z2_bram_wrapper_0
TRACE::2024-08-07.15:21:19::SCWPlatform::Found the Hw Db part of the input DSA
TRACE::2024-08-07.15:21:19::SCWMssOS::Checking the sw design at  /home/kike/Desktop/marvin/marvin/pynq_z2_bram_wrapper/ps7_cortexa9_0/freertos10_xilinx_ps7_cortexa9_0/bsp/system.mss
TRACE::2024-08-07.15:21:19::SCWMssOS::DEBUG:  swdes dump  /home/kike/Desktop/marvin/marvin/pynq_z2_bram_wrapper/ps7_cortexa9_0/freertos10_xilinx_ps7_cortexa9_0/bsp/system.mss|system_0||
/home/kike/Desktop/marvin/marvin/pynq_z2_bram_wrapper/zynq_fsbl/zynq_fsbl_bsp/system.mss|system||

TRACE::2024-08-07.15:21:19::SCWMssOS::Sw design exists and opened at  /home/kike/Desktop/marvin/marvin/pynq_z2_bram_wrapper/ps7_cortexa9_0/freertos10_xilinx_ps7_cortexa9_0/bsp/system.mss
TRACE::2024-08-07.15:21:19::SCWPlatform::Trying to open the hw design at /home/kike/Desktop/marvin/marvin/pynq_z2_bram_wrapper/hw/pynq_z2_bram_wrapper.xsa
TRACE::2024-08-07.15:21:19::SCWPlatform::DSA given /home/kike/Desktop/marvin/marvin/pynq_z2_bram_wrapper/hw/pynq_z2_bram_wrapper.xsa
TRACE::2024-08-07.15:21:19::SCWPlatform::DSA absoulate path /home/kike/Desktop/marvin/marvin/pynq_z2_bram_wrapper/hw/pynq_z2_bram_wrapper.xsa
TRACE::2024-08-07.15:21:19::SCWPlatform::DSA directory /home/kike/Desktop/marvin/marvin/pynq_z2_bram_wrapper/hw
TRACE::2024-08-07.15:21:19::SCWPlatform:: Platform Path /home/kike/Desktop/marvin/marvin/pynq_z2_bram_wrapper/hw/pynq_z2_bram_wrapper.xsa
TRACE::2024-08-07.15:21:19::SCWPlatform:: Unique name xilinx:pynq-z2::0.0
TRACE::2024-08-07.15:21:19::SCWPlatform::Trying to set the existing hwdb with name pynq_z2_bram_wrapper_0
TRACE::2024-08-07.15:21:19::SCWPlatform::Opened existing hwdb pynq_z2_bram_wrapper_0
TRACE::2024-08-07.15:21:19::SCWPlatform::Found the Hw Db part of the input DSA
TRACE::2024-08-07.15:21:19::SCWMssOS::Checking the sw design at  /home/kike/Desktop/marvin/marvin/pynq_z2_bram_wrapper/ps7_cortexa9_0/freertos10_xilinx_ps7_cortexa9_0/bsp/system.mss
TRACE::2024-08-07.15:21:19::SCWMssOS::DEBUG:  swdes dump  /home/kike/Desktop/marvin/marvin/pynq_z2_bram_wrapper/ps7_cortexa9_0/freertos10_xilinx_ps7_cortexa9_0/bsp/system.mss|system_0||
/home/kike/Desktop/marvin/marvin/pynq_z2_bram_wrapper/zynq_fsbl/zynq_fsbl_bsp/system.mss|system||

TRACE::2024-08-07.15:21:19::SCWMssOS::Sw design exists and opened at  /home/kike/Desktop/marvin/marvin/pynq_z2_bram_wrapper/ps7_cortexa9_0/freertos10_xilinx_ps7_cortexa9_0/bsp/system.mss
TRACE::2024-08-07.15:21:19::SCWPlatform::Trying to open the hw design at /home/kike/Desktop/marvin/marvin/pynq_z2_bram_wrapper/hw/pynq_z2_bram_wrapper.xsa
TRACE::2024-08-07.15:21:19::SCWPlatform::DSA given /home/kike/Desktop/marvin/marvin/pynq_z2_bram_wrapper/hw/pynq_z2_bram_wrapper.xsa
TRACE::2024-08-07.15:21:19::SCWPlatform::DSA absoulate path /home/kike/Desktop/marvin/marvin/pynq_z2_bram_wrapper/hw/pynq_z2_bram_wrapper.xsa
TRACE::2024-08-07.15:21:19::SCWPlatform::DSA directory /home/kike/Desktop/marvin/marvin/pynq_z2_bram_wrapper/hw
TRACE::2024-08-07.15:21:19::SCWPlatform:: Platform Path /home/kike/Desktop/marvin/marvin/pynq_z2_bram_wrapper/hw/pynq_z2_bram_wrapper.xsa
TRACE::2024-08-07.15:21:19::SCWPlatform:: Unique name xilinx:pynq-z2::0.0
TRACE::2024-08-07.15:21:19::SCWPlatform::Trying to set the existing hwdb with name pynq_z2_bram_wrapper_0
TRACE::2024-08-07.15:21:19::SCWPlatform::Opened existing hwdb pynq_z2_bram_wrapper_0
TRACE::2024-08-07.15:21:19::SCWPlatform::Found the Hw Db part of the input DSA
TRACE::2024-08-07.15:21:19::SCWMssOS::Checking the sw design at  /home/kike/Desktop/marvin/marvin/pynq_z2_bram_wrapper/ps7_cortexa9_0/freertos10_xilinx_ps7_cortexa9_0/bsp/system.mss
TRACE::2024-08-07.15:21:19::SCWMssOS::DEBUG:  swdes dump  /home/kike/Desktop/marvin/marvin/pynq_z2_bram_wrapper/ps7_cortexa9_0/freertos10_xilinx_ps7_cortexa9_0/bsp/system.mss|system_0||
/home/kike/Desktop/marvin/marvin/pynq_z2_bram_wrapper/zynq_fsbl/zynq_fsbl_bsp/system.mss|system||

TRACE::2024-08-07.15:21:19::SCWMssOS::Sw design exists and opened at  /home/kike/Desktop/marvin/marvin/pynq_z2_bram_wrapper/ps7_cortexa9_0/freertos10_xilinx_ps7_cortexa9_0/bsp/system.mss
TRACE::2024-08-07.15:21:19::SCWWriter::formatted JSON is {
	"platformName":	"pynq_z2_bram_wrapper",
	"sprVersion":	"2.0",
	"mode":	"gui",
	"dsaType":	"Fixed",
	"platformDesc":	"pynq_z2_bram_wrapper",
	"platHandOff":	"/home/kike/Desktop/marvin/vivado_project/pynq_z2_bram/pynq_z2_bram_wrapper.xsa",
	"platIntHandOff":	"<platformDir>/hw/pynq_z2_bram_wrapper.xsa",
	"deviceType":	"zynq",
	"platIsPrebuiltAutogen":	"false",
	"platIsNoBootBsp":	"false",
	"platFsblTarget":	"ps7_cortexa9_0",
	"hasFsblMakeHasChanges":	"false",
	"hasPmufwMakeHasChanges":	"false",
	"fsblExtraCompilerFlags":	"-MMD -MP       -mcpu=cortex-a9 -mfpu=vfpv3 -mfloat-abi=hard ",
	"platPreBuiltFlag":	false,
	"platformSamplesDir":	"",
	"platActiveSys":	"pynq_z2_bram_wrapper",
	"systems":	[{
			"systemName":	"pynq_z2_bram_wrapper",
			"systemDesc":	"pynq_z2_bram_wrapper",
			"sysIsBootAutoGen":	"true",
			"systemDispName":	"pynq_z2_bram_wrapper",
			"sysActiveDom":	"freertos10_xilinx_ps7_cortexa9_0",
			"sysDefaultDom":	"freertos10_xilinx_ps7_cortexa9_0",
			"domains":	[{
					"domainName":	"zynq_fsbl",
					"domainDispName":	"zynq_fsbl",
					"domainDesc":	"FSBL Application BSP - Auto Generated.",
					"processors":	"ps7_cortexa9_0",
					"os":	"standalone",
					"sdxOs":	"standalone",
					"debugEnable":	"",
					"domRuntimes":	["cpp"],
					"swRepo":	"",
					"mssOsVer":	"9.1",
					"mssFile":	"",
					"md5Digest":	"409d1989a24d76fe76b05e785092fa28",
					"compatibleApp":	"zynq_fsbl",
					"domType":	"bootDomain",
					"arch":	"32-bit",
					"appSettings":	{
						"appCompilerFlags":	"",
						"appLinkerFlags":	""
					},
					"addedLibs":	["xilffs:5.2", "xilrsa:1.8"],
					"libOptions":	{
						"libsContainingOptions":	[]
					},
					"prebuiltLibs":	{
						"prebuiltIncPath":	[],
						"prebuiltLibPath":	[]
					},
					"isolation":	{
					}
				}, {
					"domainName":	"freertos10_xilinx_ps7_cortexa9_0",
					"domainDispName":	"freertos10_xilinx_ps7_cortexa9_0",
					"domainDesc":	"freertos10_xilinx_ps7_cortexa9_0",
					"processors":	"ps7_cortexa9_0",
					"os":	"freertos10_xilinx",
					"sdxOs":	"freertos10_xilinx",
					"qemuArgs":	"<platformDir>/resources/pynq_z2_bram_wrapper/freertos10_xilinx_ps7_cortexa9_0/qemu_args.txt",
					"qemuData":	"<platformDir>/resources/pynq_z2_bram_wrapper/freertos10_xilinx_ps7_cortexa9_0/qemu",
					"debugEnable":	"False",
					"domRuntimes":	["cpp"],
					"swRepo":	"",
					"mssOsVer":	"1.15",
					"mssFile":	"",
					"md5Digest":	"b16b094303b8a18353b8c330524e5d8f",
					"compatibleApp":	"freertos_hello_world",
					"domType":	"mssDomain",
					"arch":	"32-bit",
					"appSettings":	{
						"appCompilerFlags":	"",
						"appLinkerFlags":	""
					},
					"addedLibs":	["xiltimer:2.0"],
					"libOptions":	{
						"freertos10_xilinx":	{
							"xil_interrupt":	"true",
							"libOptionNames":	["xil_interrupt"]
						},
						"libsContainingOptions":	["freertos10_xilinx"]
					},
					"prebuiltLibs":	{
						"prebuiltIncPath":	[],
						"prebuiltLibPath":	[]
					},
					"isolation":	{
					}
				}]
		}]
}
KEYINFO::2024-08-07.15:21:19::SCWPlatform::updated the xpfm file.
TRACE::2024-08-07.15:21:20::SCWPlatform::Trying to open the hw design at /home/kike/Desktop/marvin/marvin/pynq_z2_bram_wrapper/hw/pynq_z2_bram_wrapper.xsa
TRACE::2024-08-07.15:21:20::SCWPlatform::DSA given /home/kike/Desktop/marvin/marvin/pynq_z2_bram_wrapper/hw/pynq_z2_bram_wrapper.xsa
TRACE::2024-08-07.15:21:20::SCWPlatform::DSA absoulate path /home/kike/Desktop/marvin/marvin/pynq_z2_bram_wrapper/hw/pynq_z2_bram_wrapper.xsa
TRACE::2024-08-07.15:21:20::SCWPlatform::DSA directory /home/kike/Desktop/marvin/marvin/pynq_z2_bram_wrapper/hw
TRACE::2024-08-07.15:21:20::SCWPlatform:: Platform Path /home/kike/Desktop/marvin/marvin/pynq_z2_bram_wrapper/hw/pynq_z2_bram_wrapper.xsa
TRACE::2024-08-07.15:21:20::SCWPlatform:: Unique name xilinx:pynq-z2::0.0
TRACE::2024-08-07.15:21:20::SCWPlatform::Trying to set the existing hwdb with name pynq_z2_bram_wrapper_0
TRACE::2024-08-07.15:21:20::SCWPlatform::Opened existing hwdb pynq_z2_bram_wrapper_0
TRACE::2024-08-07.15:21:20::SCWPlatform::Found the Hw Db part of the input DSA
TRACE::2024-08-07.15:21:20::SCWMssOS::Checking the sw design at  /home/kike/Desktop/marvin/marvin/pynq_z2_bram_wrapper/ps7_cortexa9_0/freertos10_xilinx_ps7_cortexa9_0/bsp/system.mss
TRACE::2024-08-07.15:21:20::SCWMssOS::DEBUG:  swdes dump  /home/kike/Desktop/marvin/marvin/pynq_z2_bram_wrapper/ps7_cortexa9_0/freertos10_xilinx_ps7_cortexa9_0/bsp/system.mss|system_0||
/home/kike/Desktop/marvin/marvin/pynq_z2_bram_wrapper/zynq_fsbl/zynq_fsbl_bsp/system.mss|system||

TRACE::2024-08-07.15:21:20::SCWMssOS::Sw design exists and opened at  /home/kike/Desktop/marvin/marvin/pynq_z2_bram_wrapper/ps7_cortexa9_0/freertos10_xilinx_ps7_cortexa9_0/bsp/system.mss
TRACE::2024-08-07.15:21:20::SCWMssOS::Saving the mss changes /home/kike/Desktop/marvin/marvin/pynq_z2_bram_wrapper/zynq_fsbl/zynq_fsbl_bsp/system.mss
TRACE::2024-08-07.15:21:20::SCWMssOS::Found a swdesign opened with the mssfile.
TRACE::2024-08-07.15:21:20::SCWMssOS::Completed writemss as part of save.
TRACE::2024-08-07.15:21:20::SCWMssOS::Commit changes completed.
TRACE::2024-08-07.15:21:20::SCWMssOS::Saving the mss changes /home/kike/Desktop/marvin/marvin/pynq_z2_bram_wrapper/ps7_cortexa9_0/freertos10_xilinx_ps7_cortexa9_0/bsp/system.mss
TRACE::2024-08-07.15:21:20::SCWMssOS::Found a swdesign opened with the mssfile.
TRACE::2024-08-07.15:21:20::SCWMssOS::Completed writemss as part of save.
TRACE::2024-08-07.15:21:20::SCWMssOS::Commit changes completed.
TRACE::2024-08-07.15:21:20::SCWPlatform::Trying to open the hw design at /home/kike/Desktop/marvin/marvin/pynq_z2_bram_wrapper/hw/pynq_z2_bram_wrapper.xsa
TRACE::2024-08-07.15:21:20::SCWPlatform::DSA given /home/kike/Desktop/marvin/marvin/pynq_z2_bram_wrapper/hw/pynq_z2_bram_wrapper.xsa
TRACE::2024-08-07.15:21:20::SCWPlatform::DSA absoulate path /home/kike/Desktop/marvin/marvin/pynq_z2_bram_wrapper/hw/pynq_z2_bram_wrapper.xsa
TRACE::2024-08-07.15:21:20::SCWPlatform::DSA directory /home/kike/Desktop/marvin/marvin/pynq_z2_bram_wrapper/hw
TRACE::2024-08-07.15:21:20::SCWPlatform:: Platform Path /home/kike/Desktop/marvin/marvin/pynq_z2_bram_wrapper/hw/pynq_z2_bram_wrapper.xsa
TRACE::2024-08-07.15:21:20::SCWPlatform:: Unique name xilinx:pynq-z2::0.0
TRACE::2024-08-07.15:21:20::SCWPlatform::Trying to set the existing hwdb with name pynq_z2_bram_wrapper_0
TRACE::2024-08-07.15:21:20::SCWPlatform::Opened existing hwdb pynq_z2_bram_wrapper_0
TRACE::2024-08-07.15:21:20::SCWPlatform::Found the Hw Db part of the input DSA
TRACE::2024-08-07.15:21:20::SCWMssOS::Checking the sw design at  /home/kike/Desktop/marvin/marvin/pynq_z2_bram_wrapper/zynq_fsbl/zynq_fsbl_bsp/system.mss
TRACE::2024-08-07.15:21:20::SCWMssOS::DEBUG:  swdes dump  /home/kike/Desktop/marvin/marvin/pynq_z2_bram_wrapper/ps7_cortexa9_0/freertos10_xilinx_ps7_cortexa9_0/bsp/system.mss|system_0||
/home/kike/Desktop/marvin/marvin/pynq_z2_bram_wrapper/zynq_fsbl/zynq_fsbl_bsp/system.mss|system||

TRACE::2024-08-07.15:21:20::SCWMssOS::Sw design exists and opened at  /home/kike/Desktop/marvin/marvin/pynq_z2_bram_wrapper/zynq_fsbl/zynq_fsbl_bsp/system.mss
TRACE::2024-08-07.15:21:20::SCWPlatform::Trying to open the hw design at /home/kike/Desktop/marvin/marvin/pynq_z2_bram_wrapper/hw/pynq_z2_bram_wrapper.xsa
TRACE::2024-08-07.15:21:20::SCWPlatform::DSA given /home/kike/Desktop/marvin/marvin/pynq_z2_bram_wrapper/hw/pynq_z2_bram_wrapper.xsa
TRACE::2024-08-07.15:21:20::SCWPlatform::DSA absoulate path /home/kike/Desktop/marvin/marvin/pynq_z2_bram_wrapper/hw/pynq_z2_bram_wrapper.xsa
TRACE::2024-08-07.15:21:20::SCWPlatform::DSA directory /home/kike/Desktop/marvin/marvin/pynq_z2_bram_wrapper/hw
TRACE::2024-08-07.15:21:20::SCWPlatform:: Platform Path /home/kike/Desktop/marvin/marvin/pynq_z2_bram_wrapper/hw/pynq_z2_bram_wrapper.xsa
TRACE::2024-08-07.15:21:20::SCWPlatform:: Unique name xilinx:pynq-z2::0.0
TRACE::2024-08-07.15:21:20::SCWPlatform::Trying to set the existing hwdb with name pynq_z2_bram_wrapper_0
TRACE::2024-08-07.15:21:20::SCWPlatform::Opened existing hwdb pynq_z2_bram_wrapper_0
TRACE::2024-08-07.15:21:20::SCWPlatform::Found the Hw Db part of the input DSA
TRACE::2024-08-07.15:21:20::SCWMssOS::Checking the sw design at  /home/kike/Desktop/marvin/marvin/pynq_z2_bram_wrapper/zynq_fsbl/zynq_fsbl_bsp/system.mss
TRACE::2024-08-07.15:21:20::SCWMssOS::DEBUG:  swdes dump  /home/kike/Desktop/marvin/marvin/pynq_z2_bram_wrapper/ps7_cortexa9_0/freertos10_xilinx_ps7_cortexa9_0/bsp/system.mss|system_0||
/home/kike/Desktop/marvin/marvin/pynq_z2_bram_wrapper/zynq_fsbl/zynq_fsbl_bsp/system.mss|system||

TRACE::2024-08-07.15:21:20::SCWMssOS::Sw design exists and opened at  /home/kike/Desktop/marvin/marvin/pynq_z2_bram_wrapper/zynq_fsbl/zynq_fsbl_bsp/system.mss
TRACE::2024-08-07.15:21:20::SCWPlatform::Trying to open the hw design at /home/kike/Desktop/marvin/marvin/pynq_z2_bram_wrapper/hw/pynq_z2_bram_wrapper.xsa
TRACE::2024-08-07.15:21:20::SCWPlatform::DSA given /home/kike/Desktop/marvin/marvin/pynq_z2_bram_wrapper/hw/pynq_z2_bram_wrapper.xsa
TRACE::2024-08-07.15:21:20::SCWPlatform::DSA absoulate path /home/kike/Desktop/marvin/marvin/pynq_z2_bram_wrapper/hw/pynq_z2_bram_wrapper.xsa
TRACE::2024-08-07.15:21:20::SCWPlatform::DSA directory /home/kike/Desktop/marvin/marvin/pynq_z2_bram_wrapper/hw
TRACE::2024-08-07.15:21:20::SCWPlatform:: Platform Path /home/kike/Desktop/marvin/marvin/pynq_z2_bram_wrapper/hw/pynq_z2_bram_wrapper.xsa
TRACE::2024-08-07.15:21:20::SCWPlatform:: Unique name xilinx:pynq-z2::0.0
TRACE::2024-08-07.15:21:20::SCWPlatform::Trying to set the existing hwdb with name pynq_z2_bram_wrapper_0
TRACE::2024-08-07.15:21:20::SCWPlatform::Opened existing hwdb pynq_z2_bram_wrapper_0
TRACE::2024-08-07.15:21:20::SCWPlatform::Found the Hw Db part of the input DSA
TRACE::2024-08-07.15:21:20::SCWMssOS::Checking the sw design at  /home/kike/Desktop/marvin/marvin/pynq_z2_bram_wrapper/zynq_fsbl/zynq_fsbl_bsp/system.mss
TRACE::2024-08-07.15:21:20::SCWMssOS::DEBUG:  swdes dump  /home/kike/Desktop/marvin/marvin/pynq_z2_bram_wrapper/ps7_cortexa9_0/freertos10_xilinx_ps7_cortexa9_0/bsp/system.mss|system_0||
/home/kike/Desktop/marvin/marvin/pynq_z2_bram_wrapper/zynq_fsbl/zynq_fsbl_bsp/system.mss|system||

TRACE::2024-08-07.15:21:20::SCWMssOS::Sw design exists and opened at  /home/kike/Desktop/marvin/marvin/pynq_z2_bram_wrapper/zynq_fsbl/zynq_fsbl_bsp/system.mss
TRACE::2024-08-07.15:21:20::SCWPlatform::Trying to open the hw design at /home/kike/Desktop/marvin/marvin/pynq_z2_bram_wrapper/hw/pynq_z2_bram_wrapper.xsa
TRACE::2024-08-07.15:21:20::SCWPlatform::DSA given /home/kike/Desktop/marvin/marvin/pynq_z2_bram_wrapper/hw/pynq_z2_bram_wrapper.xsa
TRACE::2024-08-07.15:21:20::SCWPlatform::DSA absoulate path /home/kike/Desktop/marvin/marvin/pynq_z2_bram_wrapper/hw/pynq_z2_bram_wrapper.xsa
TRACE::2024-08-07.15:21:20::SCWPlatform::DSA directory /home/kike/Desktop/marvin/marvin/pynq_z2_bram_wrapper/hw
TRACE::2024-08-07.15:21:20::SCWPlatform:: Platform Path /home/kike/Desktop/marvin/marvin/pynq_z2_bram_wrapper/hw/pynq_z2_bram_wrapper.xsa
TRACE::2024-08-07.15:21:20::SCWPlatform:: Unique name xilinx:pynq-z2::0.0
TRACE::2024-08-07.15:21:20::SCWPlatform::Trying to set the existing hwdb with name pynq_z2_bram_wrapper_0
TRACE::2024-08-07.15:21:20::SCWPlatform::Opened existing hwdb pynq_z2_bram_wrapper_0
TRACE::2024-08-07.15:21:20::SCWPlatform::Found the Hw Db part of the input DSA
TRACE::2024-08-07.15:21:20::SCWMssOS::Checking the sw design at  /home/kike/Desktop/marvin/marvin/pynq_z2_bram_wrapper/ps7_cortexa9_0/freertos10_xilinx_ps7_cortexa9_0/bsp/system.mss
TRACE::2024-08-07.15:21:20::SCWMssOS::DEBUG:  swdes dump  /home/kike/Desktop/marvin/marvin/pynq_z2_bram_wrapper/ps7_cortexa9_0/freertos10_xilinx_ps7_cortexa9_0/bsp/system.mss|system_0||
/home/kike/Desktop/marvin/marvin/pynq_z2_bram_wrapper/zynq_fsbl/zynq_fsbl_bsp/system.mss|system||

TRACE::2024-08-07.15:21:20::SCWMssOS::Sw design exists and opened at  /home/kike/Desktop/marvin/marvin/pynq_z2_bram_wrapper/ps7_cortexa9_0/freertos10_xilinx_ps7_cortexa9_0/bsp/system.mss
TRACE::2024-08-07.15:21:20::SCWPlatform::Trying to open the hw design at /home/kike/Desktop/marvin/marvin/pynq_z2_bram_wrapper/hw/pynq_z2_bram_wrapper.xsa
TRACE::2024-08-07.15:21:20::SCWPlatform::DSA given /home/kike/Desktop/marvin/marvin/pynq_z2_bram_wrapper/hw/pynq_z2_bram_wrapper.xsa
TRACE::2024-08-07.15:21:20::SCWPlatform::DSA absoulate path /home/kike/Desktop/marvin/marvin/pynq_z2_bram_wrapper/hw/pynq_z2_bram_wrapper.xsa
TRACE::2024-08-07.15:21:20::SCWPlatform::DSA directory /home/kike/Desktop/marvin/marvin/pynq_z2_bram_wrapper/hw
TRACE::2024-08-07.15:21:20::SCWPlatform:: Platform Path /home/kike/Desktop/marvin/marvin/pynq_z2_bram_wrapper/hw/pynq_z2_bram_wrapper.xsa
TRACE::2024-08-07.15:21:20::SCWPlatform:: Unique name xilinx:pynq-z2::0.0
TRACE::2024-08-07.15:21:20::SCWPlatform::Trying to set the existing hwdb with name pynq_z2_bram_wrapper_0
TRACE::2024-08-07.15:21:20::SCWPlatform::Opened existing hwdb pynq_z2_bram_wrapper_0
TRACE::2024-08-07.15:21:20::SCWPlatform::Found the Hw Db part of the input DSA
TRACE::2024-08-07.15:21:20::SCWMssOS::Checking the sw design at  /home/kike/Desktop/marvin/marvin/pynq_z2_bram_wrapper/ps7_cortexa9_0/freertos10_xilinx_ps7_cortexa9_0/bsp/system.mss
TRACE::2024-08-07.15:21:20::SCWMssOS::DEBUG:  swdes dump  /home/kike/Desktop/marvin/marvin/pynq_z2_bram_wrapper/ps7_cortexa9_0/freertos10_xilinx_ps7_cortexa9_0/bsp/system.mss|system_0||
/home/kike/Desktop/marvin/marvin/pynq_z2_bram_wrapper/zynq_fsbl/zynq_fsbl_bsp/system.mss|system||

TRACE::2024-08-07.15:21:20::SCWMssOS::Sw design exists and opened at  /home/kike/Desktop/marvin/marvin/pynq_z2_bram_wrapper/ps7_cortexa9_0/freertos10_xilinx_ps7_cortexa9_0/bsp/system.mss
TRACE::2024-08-07.15:21:20::SCWPlatform::Trying to open the hw design at /home/kike/Desktop/marvin/marvin/pynq_z2_bram_wrapper/hw/pynq_z2_bram_wrapper.xsa
TRACE::2024-08-07.15:21:20::SCWPlatform::DSA given /home/kike/Desktop/marvin/marvin/pynq_z2_bram_wrapper/hw/pynq_z2_bram_wrapper.xsa
TRACE::2024-08-07.15:21:20::SCWPlatform::DSA absoulate path /home/kike/Desktop/marvin/marvin/pynq_z2_bram_wrapper/hw/pynq_z2_bram_wrapper.xsa
TRACE::2024-08-07.15:21:20::SCWPlatform::DSA directory /home/kike/Desktop/marvin/marvin/pynq_z2_bram_wrapper/hw
TRACE::2024-08-07.15:21:20::SCWPlatform:: Platform Path /home/kike/Desktop/marvin/marvin/pynq_z2_bram_wrapper/hw/pynq_z2_bram_wrapper.xsa
TRACE::2024-08-07.15:21:20::SCWPlatform:: Unique name xilinx:pynq-z2::0.0
TRACE::2024-08-07.15:21:20::SCWPlatform::Trying to set the existing hwdb with name pynq_z2_bram_wrapper_0
TRACE::2024-08-07.15:21:20::SCWPlatform::Opened existing hwdb pynq_z2_bram_wrapper_0
TRACE::2024-08-07.15:21:20::SCWPlatform::Found the Hw Db part of the input DSA
TRACE::2024-08-07.15:21:20::SCWMssOS::Checking the sw design at  /home/kike/Desktop/marvin/marvin/pynq_z2_bram_wrapper/ps7_cortexa9_0/freertos10_xilinx_ps7_cortexa9_0/bsp/system.mss
TRACE::2024-08-07.15:21:20::SCWMssOS::DEBUG:  swdes dump  /home/kike/Desktop/marvin/marvin/pynq_z2_bram_wrapper/ps7_cortexa9_0/freertos10_xilinx_ps7_cortexa9_0/bsp/system.mss|system_0||
/home/kike/Desktop/marvin/marvin/pynq_z2_bram_wrapper/zynq_fsbl/zynq_fsbl_bsp/system.mss|system||

TRACE::2024-08-07.15:21:20::SCWMssOS::Sw design exists and opened at  /home/kike/Desktop/marvin/marvin/pynq_z2_bram_wrapper/ps7_cortexa9_0/freertos10_xilinx_ps7_cortexa9_0/bsp/system.mss
TRACE::2024-08-07.15:21:20::SCWWriter::formatted JSON is {
	"platformName":	"pynq_z2_bram_wrapper",
	"sprVersion":	"2.0",
	"mode":	"gui",
	"dsaType":	"Fixed",
	"platformDesc":	"pynq_z2_bram_wrapper",
	"platHandOff":	"/home/kike/Desktop/marvin/vivado_project/pynq_z2_bram/pynq_z2_bram_wrapper.xsa",
	"platIntHandOff":	"<platformDir>/hw/pynq_z2_bram_wrapper.xsa",
	"deviceType":	"zynq",
	"platIsPrebuiltAutogen":	"false",
	"platIsNoBootBsp":	"false",
	"platFsblTarget":	"ps7_cortexa9_0",
	"hasFsblMakeHasChanges":	"false",
	"hasPmufwMakeHasChanges":	"false",
	"fsblExtraCompilerFlags":	"-MMD -MP       -mcpu=cortex-a9 -mfpu=vfpv3 -mfloat-abi=hard ",
	"platPreBuiltFlag":	false,
	"platformSamplesDir":	"",
	"platActiveSys":	"pynq_z2_bram_wrapper",
	"systems":	[{
			"systemName":	"pynq_z2_bram_wrapper",
			"systemDesc":	"pynq_z2_bram_wrapper",
			"sysIsBootAutoGen":	"true",
			"systemDispName":	"pynq_z2_bram_wrapper",
			"sysActiveDom":	"freertos10_xilinx_ps7_cortexa9_0",
			"sysDefaultDom":	"freertos10_xilinx_ps7_cortexa9_0",
			"domains":	[{
					"domainName":	"zynq_fsbl",
					"domainDispName":	"zynq_fsbl",
					"domainDesc":	"FSBL Application BSP - Auto Generated.",
					"processors":	"ps7_cortexa9_0",
					"os":	"standalone",
					"sdxOs":	"standalone",
					"debugEnable":	"",
					"domRuntimes":	["cpp"],
					"swRepo":	"",
					"mssOsVer":	"9.1",
					"mssFile":	"",
					"md5Digest":	"409d1989a24d76fe76b05e785092fa28",
					"compatibleApp":	"zynq_fsbl",
					"domType":	"bootDomain",
					"arch":	"32-bit",
					"appSettings":	{
						"appCompilerFlags":	"",
						"appLinkerFlags":	""
					},
					"addedLibs":	["xilffs:5.2", "xilrsa:1.8"],
					"libOptions":	{
						"libsContainingOptions":	[]
					},
					"prebuiltLibs":	{
						"prebuiltIncPath":	[],
						"prebuiltLibPath":	[]
					},
					"isolation":	{
					}
				}, {
					"domainName":	"freertos10_xilinx_ps7_cortexa9_0",
					"domainDispName":	"freertos10_xilinx_ps7_cortexa9_0",
					"domainDesc":	"freertos10_xilinx_ps7_cortexa9_0",
					"processors":	"ps7_cortexa9_0",
					"os":	"freertos10_xilinx",
					"sdxOs":	"freertos10_xilinx",
					"qemuArgs":	"<platformDir>/resources/pynq_z2_bram_wrapper/freertos10_xilinx_ps7_cortexa9_0/qemu_args.txt",
					"qemuData":	"<platformDir>/resources/pynq_z2_bram_wrapper/freertos10_xilinx_ps7_cortexa9_0/qemu",
					"debugEnable":	"False",
					"domRuntimes":	["cpp"],
					"swRepo":	"",
					"mssOsVer":	"1.15",
					"mssFile":	"",
					"md5Digest":	"b16b094303b8a18353b8c330524e5d8f",
					"compatibleApp":	"freertos_hello_world",
					"domType":	"mssDomain",
					"arch":	"32-bit",
					"appSettings":	{
						"appCompilerFlags":	"",
						"appLinkerFlags":	""
					},
					"addedLibs":	["xiltimer:2.0"],
					"libOptions":	{
						"freertos10_xilinx":	{
							"xil_interrupt":	"true",
							"libOptionNames":	["xil_interrupt"]
						},
						"libsContainingOptions":	["freertos10_xilinx"]
					},
					"prebuiltLibs":	{
						"prebuiltIncPath":	[],
						"prebuiltLibPath":	[]
					},
					"isolation":	{
					}
				}]
		}]
}
TRACE::2024-08-07.15:21:20::SCWPlatform::Trying to open the hw design at /home/kike/Desktop/marvin/marvin/pynq_z2_bram_wrapper/hw/pynq_z2_bram_wrapper.xsa
TRACE::2024-08-07.15:21:20::SCWPlatform::DSA given /home/kike/Desktop/marvin/marvin/pynq_z2_bram_wrapper/hw/pynq_z2_bram_wrapper.xsa
TRACE::2024-08-07.15:21:20::SCWPlatform::DSA absoulate path /home/kike/Desktop/marvin/marvin/pynq_z2_bram_wrapper/hw/pynq_z2_bram_wrapper.xsa
TRACE::2024-08-07.15:21:20::SCWPlatform::DSA directory /home/kike/Desktop/marvin/marvin/pynq_z2_bram_wrapper/hw
TRACE::2024-08-07.15:21:20::SCWPlatform:: Platform Path /home/kike/Desktop/marvin/marvin/pynq_z2_bram_wrapper/hw/pynq_z2_bram_wrapper.xsa
TRACE::2024-08-07.15:21:20::SCWPlatform:: Unique name xilinx:pynq-z2::0.0
TRACE::2024-08-07.15:21:20::SCWPlatform::Trying to set the existing hwdb with name pynq_z2_bram_wrapper_0
TRACE::2024-08-07.15:21:20::SCWPlatform::Opened existing hwdb pynq_z2_bram_wrapper_0
TRACE::2024-08-07.15:21:20::SCWPlatform::Found the Hw Db part of the input DSA
TRACE::2024-08-07.15:21:20::SCWMssOS::Checking the sw design at  /home/kike/Desktop/marvin/marvin/pynq_z2_bram_wrapper/ps7_cortexa9_0/freertos10_xilinx_ps7_cortexa9_0/bsp/system.mss
TRACE::2024-08-07.15:21:20::SCWMssOS::DEBUG:  swdes dump  /home/kike/Desktop/marvin/marvin/pynq_z2_bram_wrapper/ps7_cortexa9_0/freertos10_xilinx_ps7_cortexa9_0/bsp/system.mss|system_0||
/home/kike/Desktop/marvin/marvin/pynq_z2_bram_wrapper/zynq_fsbl/zynq_fsbl_bsp/system.mss|system||

TRACE::2024-08-07.15:21:20::SCWMssOS::Sw design exists and opened at  /home/kike/Desktop/marvin/marvin/pynq_z2_bram_wrapper/ps7_cortexa9_0/freertos10_xilinx_ps7_cortexa9_0/bsp/system.mss
TRACE::2024-08-07.15:21:20::SCWPlatform::Trying to open the hw design at /home/kike/Desktop/marvin/marvin/pynq_z2_bram_wrapper/hw/pynq_z2_bram_wrapper.xsa
TRACE::2024-08-07.15:21:20::SCWPlatform::DSA given /home/kike/Desktop/marvin/marvin/pynq_z2_bram_wrapper/hw/pynq_z2_bram_wrapper.xsa
TRACE::2024-08-07.15:21:20::SCWPlatform::DSA absoulate path /home/kike/Desktop/marvin/marvin/pynq_z2_bram_wrapper/hw/pynq_z2_bram_wrapper.xsa
TRACE::2024-08-07.15:21:20::SCWPlatform::DSA directory /home/kike/Desktop/marvin/marvin/pynq_z2_bram_wrapper/hw
TRACE::2024-08-07.15:21:20::SCWPlatform:: Platform Path /home/kike/Desktop/marvin/marvin/pynq_z2_bram_wrapper/hw/pynq_z2_bram_wrapper.xsa
TRACE::2024-08-07.15:21:20::SCWPlatform:: Unique name xilinx:pynq-z2::0.0
TRACE::2024-08-07.15:21:20::SCWPlatform::Trying to set the existing hwdb with name pynq_z2_bram_wrapper_0
TRACE::2024-08-07.15:21:20::SCWPlatform::Opened existing hwdb pynq_z2_bram_wrapper_0
TRACE::2024-08-07.15:21:20::SCWPlatform::Found the Hw Db part of the input DSA
TRACE::2024-08-07.15:21:20::SCWMssOS::Checking the sw design at  /home/kike/Desktop/marvin/marvin/pynq_z2_bram_wrapper/ps7_cortexa9_0/freertos10_xilinx_ps7_cortexa9_0/bsp/system.mss
TRACE::2024-08-07.15:21:20::SCWMssOS::DEBUG:  swdes dump  /home/kike/Desktop/marvin/marvin/pynq_z2_bram_wrapper/ps7_cortexa9_0/freertos10_xilinx_ps7_cortexa9_0/bsp/system.mss|system_0||
/home/kike/Desktop/marvin/marvin/pynq_z2_bram_wrapper/zynq_fsbl/zynq_fsbl_bsp/system.mss|system||

TRACE::2024-08-07.15:21:20::SCWMssOS::Sw design exists and opened at  /home/kike/Desktop/marvin/marvin/pynq_z2_bram_wrapper/ps7_cortexa9_0/freertos10_xilinx_ps7_cortexa9_0/bsp/system.mss
TRACE::2024-08-07.15:21:20::SCWMssOS::Saving the mss changes /home/kike/Desktop/marvin/marvin/pynq_z2_bram_wrapper/zynq_fsbl/zynq_fsbl_bsp/system.mss
TRACE::2024-08-07.15:21:20::SCWMssOS::Found a swdesign opened with the mssfile.
TRACE::2024-08-07.15:21:20::SCWMssOS::Completed writemss as part of save.
TRACE::2024-08-07.15:21:20::SCWMssOS::Commit changes completed.
TRACE::2024-08-07.15:21:20::SCWMssOS::Saving the mss changes /home/kike/Desktop/marvin/marvin/pynq_z2_bram_wrapper/ps7_cortexa9_0/freertos10_xilinx_ps7_cortexa9_0/bsp/system.mss
TRACE::2024-08-07.15:21:20::SCWMssOS::Found a swdesign opened with the mssfile.
TRACE::2024-08-07.15:21:20::SCWMssOS::Completed writemss as part of save.
TRACE::2024-08-07.15:21:20::SCWMssOS::Commit changes completed.
TRACE::2024-08-07.15:21:20::SCWPlatform::Trying to open the hw design at /home/kike/Desktop/marvin/marvin/pynq_z2_bram_wrapper/hw/pynq_z2_bram_wrapper.xsa
TRACE::2024-08-07.15:21:20::SCWPlatform::DSA given /home/kike/Desktop/marvin/marvin/pynq_z2_bram_wrapper/hw/pynq_z2_bram_wrapper.xsa
TRACE::2024-08-07.15:21:20::SCWPlatform::DSA absoulate path /home/kike/Desktop/marvin/marvin/pynq_z2_bram_wrapper/hw/pynq_z2_bram_wrapper.xsa
TRACE::2024-08-07.15:21:20::SCWPlatform::DSA directory /home/kike/Desktop/marvin/marvin/pynq_z2_bram_wrapper/hw
TRACE::2024-08-07.15:21:20::SCWPlatform:: Platform Path /home/kike/Desktop/marvin/marvin/pynq_z2_bram_wrapper/hw/pynq_z2_bram_wrapper.xsa
TRACE::2024-08-07.15:21:20::SCWPlatform:: Unique name xilinx:pynq-z2::0.0
TRACE::2024-08-07.15:21:20::SCWPlatform::Trying to set the existing hwdb with name pynq_z2_bram_wrapper_0
TRACE::2024-08-07.15:21:20::SCWPlatform::Opened existing hwdb pynq_z2_bram_wrapper_0
TRACE::2024-08-07.15:21:20::SCWPlatform::Found the Hw Db part of the input DSA
TRACE::2024-08-07.15:21:20::SCWMssOS::Checking the sw design at  /home/kike/Desktop/marvin/marvin/pynq_z2_bram_wrapper/zynq_fsbl/zynq_fsbl_bsp/system.mss
TRACE::2024-08-07.15:21:20::SCWMssOS::DEBUG:  swdes dump  /home/kike/Desktop/marvin/marvin/pynq_z2_bram_wrapper/ps7_cortexa9_0/freertos10_xilinx_ps7_cortexa9_0/bsp/system.mss|system_0||
/home/kike/Desktop/marvin/marvin/pynq_z2_bram_wrapper/zynq_fsbl/zynq_fsbl_bsp/system.mss|system||

TRACE::2024-08-07.15:21:20::SCWMssOS::Sw design exists and opened at  /home/kike/Desktop/marvin/marvin/pynq_z2_bram_wrapper/zynq_fsbl/zynq_fsbl_bsp/system.mss
TRACE::2024-08-07.15:21:20::SCWPlatform::Trying to open the hw design at /home/kike/Desktop/marvin/marvin/pynq_z2_bram_wrapper/hw/pynq_z2_bram_wrapper.xsa
TRACE::2024-08-07.15:21:20::SCWPlatform::DSA given /home/kike/Desktop/marvin/marvin/pynq_z2_bram_wrapper/hw/pynq_z2_bram_wrapper.xsa
TRACE::2024-08-07.15:21:20::SCWPlatform::DSA absoulate path /home/kike/Desktop/marvin/marvin/pynq_z2_bram_wrapper/hw/pynq_z2_bram_wrapper.xsa
TRACE::2024-08-07.15:21:20::SCWPlatform::DSA directory /home/kike/Desktop/marvin/marvin/pynq_z2_bram_wrapper/hw
TRACE::2024-08-07.15:21:20::SCWPlatform:: Platform Path /home/kike/Desktop/marvin/marvin/pynq_z2_bram_wrapper/hw/pynq_z2_bram_wrapper.xsa
TRACE::2024-08-07.15:21:20::SCWPlatform:: Unique name xilinx:pynq-z2::0.0
TRACE::2024-08-07.15:21:20::SCWPlatform::Trying to set the existing hwdb with name pynq_z2_bram_wrapper_0
TRACE::2024-08-07.15:21:20::SCWPlatform::Opened existing hwdb pynq_z2_bram_wrapper_0
TRACE::2024-08-07.15:21:20::SCWPlatform::Found the Hw Db part of the input DSA
TRACE::2024-08-07.15:21:20::SCWMssOS::Checking the sw design at  /home/kike/Desktop/marvin/marvin/pynq_z2_bram_wrapper/zynq_fsbl/zynq_fsbl_bsp/system.mss
TRACE::2024-08-07.15:21:20::SCWMssOS::DEBUG:  swdes dump  /home/kike/Desktop/marvin/marvin/pynq_z2_bram_wrapper/ps7_cortexa9_0/freertos10_xilinx_ps7_cortexa9_0/bsp/system.mss|system_0||
/home/kike/Desktop/marvin/marvin/pynq_z2_bram_wrapper/zynq_fsbl/zynq_fsbl_bsp/system.mss|system||

TRACE::2024-08-07.15:21:20::SCWMssOS::Sw design exists and opened at  /home/kike/Desktop/marvin/marvin/pynq_z2_bram_wrapper/zynq_fsbl/zynq_fsbl_bsp/system.mss
TRACE::2024-08-07.15:21:20::SCWPlatform::Trying to open the hw design at /home/kike/Desktop/marvin/marvin/pynq_z2_bram_wrapper/hw/pynq_z2_bram_wrapper.xsa
TRACE::2024-08-07.15:21:20::SCWPlatform::DSA given /home/kike/Desktop/marvin/marvin/pynq_z2_bram_wrapper/hw/pynq_z2_bram_wrapper.xsa
TRACE::2024-08-07.15:21:20::SCWPlatform::DSA absoulate path /home/kike/Desktop/marvin/marvin/pynq_z2_bram_wrapper/hw/pynq_z2_bram_wrapper.xsa
TRACE::2024-08-07.15:21:20::SCWPlatform::DSA directory /home/kike/Desktop/marvin/marvin/pynq_z2_bram_wrapper/hw
TRACE::2024-08-07.15:21:20::SCWPlatform:: Platform Path /home/kike/Desktop/marvin/marvin/pynq_z2_bram_wrapper/hw/pynq_z2_bram_wrapper.xsa
TRACE::2024-08-07.15:21:20::SCWPlatform:: Unique name xilinx:pynq-z2::0.0
TRACE::2024-08-07.15:21:20::SCWPlatform::Trying to set the existing hwdb with name pynq_z2_bram_wrapper_0
TRACE::2024-08-07.15:21:20::SCWPlatform::Opened existing hwdb pynq_z2_bram_wrapper_0
TRACE::2024-08-07.15:21:20::SCWPlatform::Found the Hw Db part of the input DSA
TRACE::2024-08-07.15:21:20::SCWMssOS::Checking the sw design at  /home/kike/Desktop/marvin/marvin/pynq_z2_bram_wrapper/zynq_fsbl/zynq_fsbl_bsp/system.mss
TRACE::2024-08-07.15:21:20::SCWMssOS::DEBUG:  swdes dump  /home/kike/Desktop/marvin/marvin/pynq_z2_bram_wrapper/ps7_cortexa9_0/freertos10_xilinx_ps7_cortexa9_0/bsp/system.mss|system_0||
/home/kike/Desktop/marvin/marvin/pynq_z2_bram_wrapper/zynq_fsbl/zynq_fsbl_bsp/system.mss|system||

TRACE::2024-08-07.15:21:20::SCWMssOS::Sw design exists and opened at  /home/kike/Desktop/marvin/marvin/pynq_z2_bram_wrapper/zynq_fsbl/zynq_fsbl_bsp/system.mss
TRACE::2024-08-07.15:21:20::SCWPlatform::Trying to open the hw design at /home/kike/Desktop/marvin/marvin/pynq_z2_bram_wrapper/hw/pynq_z2_bram_wrapper.xsa
TRACE::2024-08-07.15:21:20::SCWPlatform::DSA given /home/kike/Desktop/marvin/marvin/pynq_z2_bram_wrapper/hw/pynq_z2_bram_wrapper.xsa
TRACE::2024-08-07.15:21:20::SCWPlatform::DSA absoulate path /home/kike/Desktop/marvin/marvin/pynq_z2_bram_wrapper/hw/pynq_z2_bram_wrapper.xsa
TRACE::2024-08-07.15:21:20::SCWPlatform::DSA directory /home/kike/Desktop/marvin/marvin/pynq_z2_bram_wrapper/hw
TRACE::2024-08-07.15:21:20::SCWPlatform:: Platform Path /home/kike/Desktop/marvin/marvin/pynq_z2_bram_wrapper/hw/pynq_z2_bram_wrapper.xsa
TRACE::2024-08-07.15:21:20::SCWPlatform:: Unique name xilinx:pynq-z2::0.0
TRACE::2024-08-07.15:21:20::SCWPlatform::Trying to set the existing hwdb with name pynq_z2_bram_wrapper_0
TRACE::2024-08-07.15:21:20::SCWPlatform::Opened existing hwdb pynq_z2_bram_wrapper_0
TRACE::2024-08-07.15:21:20::SCWPlatform::Found the Hw Db part of the input DSA
TRACE::2024-08-07.15:21:20::SCWMssOS::Checking the sw design at  /home/kike/Desktop/marvin/marvin/pynq_z2_bram_wrapper/ps7_cortexa9_0/freertos10_xilinx_ps7_cortexa9_0/bsp/system.mss
TRACE::2024-08-07.15:21:20::SCWMssOS::DEBUG:  swdes dump  /home/kike/Desktop/marvin/marvin/pynq_z2_bram_wrapper/ps7_cortexa9_0/freertos10_xilinx_ps7_cortexa9_0/bsp/system.mss|system_0||
/home/kike/Desktop/marvin/marvin/pynq_z2_bram_wrapper/zynq_fsbl/zynq_fsbl_bsp/system.mss|system||

TRACE::2024-08-07.15:21:20::SCWMssOS::Sw design exists and opened at  /home/kike/Desktop/marvin/marvin/pynq_z2_bram_wrapper/ps7_cortexa9_0/freertos10_xilinx_ps7_cortexa9_0/bsp/system.mss
TRACE::2024-08-07.15:21:20::SCWPlatform::Trying to open the hw design at /home/kike/Desktop/marvin/marvin/pynq_z2_bram_wrapper/hw/pynq_z2_bram_wrapper.xsa
TRACE::2024-08-07.15:21:20::SCWPlatform::DSA given /home/kike/Desktop/marvin/marvin/pynq_z2_bram_wrapper/hw/pynq_z2_bram_wrapper.xsa
TRACE::2024-08-07.15:21:20::SCWPlatform::DSA absoulate path /home/kike/Desktop/marvin/marvin/pynq_z2_bram_wrapper/hw/pynq_z2_bram_wrapper.xsa
TRACE::2024-08-07.15:21:20::SCWPlatform::DSA directory /home/kike/Desktop/marvin/marvin/pynq_z2_bram_wrapper/hw
TRACE::2024-08-07.15:21:20::SCWPlatform:: Platform Path /home/kike/Desktop/marvin/marvin/pynq_z2_bram_wrapper/hw/pynq_z2_bram_wrapper.xsa
TRACE::2024-08-07.15:21:20::SCWPlatform:: Unique name xilinx:pynq-z2::0.0
TRACE::2024-08-07.15:21:20::SCWPlatform::Trying to set the existing hwdb with name pynq_z2_bram_wrapper_0
TRACE::2024-08-07.15:21:20::SCWPlatform::Opened existing hwdb pynq_z2_bram_wrapper_0
TRACE::2024-08-07.15:21:20::SCWPlatform::Found the Hw Db part of the input DSA
TRACE::2024-08-07.15:21:20::SCWMssOS::Checking the sw design at  /home/kike/Desktop/marvin/marvin/pynq_z2_bram_wrapper/ps7_cortexa9_0/freertos10_xilinx_ps7_cortexa9_0/bsp/system.mss
TRACE::2024-08-07.15:21:20::SCWMssOS::DEBUG:  swdes dump  /home/kike/Desktop/marvin/marvin/pynq_z2_bram_wrapper/ps7_cortexa9_0/freertos10_xilinx_ps7_cortexa9_0/bsp/system.mss|system_0||
/home/kike/Desktop/marvin/marvin/pynq_z2_bram_wrapper/zynq_fsbl/zynq_fsbl_bsp/system.mss|system||

TRACE::2024-08-07.15:21:20::SCWMssOS::Sw design exists and opened at  /home/kike/Desktop/marvin/marvin/pynq_z2_bram_wrapper/ps7_cortexa9_0/freertos10_xilinx_ps7_cortexa9_0/bsp/system.mss
TRACE::2024-08-07.15:21:20::SCWPlatform::Trying to open the hw design at /home/kike/Desktop/marvin/marvin/pynq_z2_bram_wrapper/hw/pynq_z2_bram_wrapper.xsa
TRACE::2024-08-07.15:21:20::SCWPlatform::DSA given /home/kike/Desktop/marvin/marvin/pynq_z2_bram_wrapper/hw/pynq_z2_bram_wrapper.xsa
TRACE::2024-08-07.15:21:20::SCWPlatform::DSA absoulate path /home/kike/Desktop/marvin/marvin/pynq_z2_bram_wrapper/hw/pynq_z2_bram_wrapper.xsa
TRACE::2024-08-07.15:21:20::SCWPlatform::DSA directory /home/kike/Desktop/marvin/marvin/pynq_z2_bram_wrapper/hw
TRACE::2024-08-07.15:21:20::SCWPlatform:: Platform Path /home/kike/Desktop/marvin/marvin/pynq_z2_bram_wrapper/hw/pynq_z2_bram_wrapper.xsa
TRACE::2024-08-07.15:21:20::SCWPlatform:: Unique name xilinx:pynq-z2::0.0
TRACE::2024-08-07.15:21:20::SCWPlatform::Trying to set the existing hwdb with name pynq_z2_bram_wrapper_0
TRACE::2024-08-07.15:21:20::SCWPlatform::Opened existing hwdb pynq_z2_bram_wrapper_0
TRACE::2024-08-07.15:21:20::SCWPlatform::Found the Hw Db part of the input DSA
TRACE::2024-08-07.15:21:20::SCWMssOS::Checking the sw design at  /home/kike/Desktop/marvin/marvin/pynq_z2_bram_wrapper/ps7_cortexa9_0/freertos10_xilinx_ps7_cortexa9_0/bsp/system.mss
TRACE::2024-08-07.15:21:20::SCWMssOS::DEBUG:  swdes dump  /home/kike/Desktop/marvin/marvin/pynq_z2_bram_wrapper/ps7_cortexa9_0/freertos10_xilinx_ps7_cortexa9_0/bsp/system.mss|system_0||
/home/kike/Desktop/marvin/marvin/pynq_z2_bram_wrapper/zynq_fsbl/zynq_fsbl_bsp/system.mss|system||

TRACE::2024-08-07.15:21:20::SCWMssOS::Sw design exists and opened at  /home/kike/Desktop/marvin/marvin/pynq_z2_bram_wrapper/ps7_cortexa9_0/freertos10_xilinx_ps7_cortexa9_0/bsp/system.mss
TRACE::2024-08-07.15:21:20::SCWWriter::formatted JSON is {
	"platformName":	"pynq_z2_bram_wrapper",
	"sprVersion":	"2.0",
	"mode":	"gui",
	"dsaType":	"Fixed",
	"platformDesc":	"pynq_z2_bram_wrapper",
	"platHandOff":	"/home/kike/Desktop/marvin/vivado_project/pynq_z2_bram/pynq_z2_bram_wrapper.xsa",
	"platIntHandOff":	"<platformDir>/hw/pynq_z2_bram_wrapper.xsa",
	"deviceType":	"zynq",
	"platIsPrebuiltAutogen":	"false",
	"platIsNoBootBsp":	"false",
	"platFsblTarget":	"ps7_cortexa9_0",
	"hasFsblMakeHasChanges":	"false",
	"hasPmufwMakeHasChanges":	"false",
	"fsblExtraCompilerFlags":	"-MMD -MP       -mcpu=cortex-a9 -mfpu=vfpv3 -mfloat-abi=hard ",
	"platPreBuiltFlag":	false,
	"platformSamplesDir":	"",
	"platActiveSys":	"pynq_z2_bram_wrapper",
	"systems":	[{
			"systemName":	"pynq_z2_bram_wrapper",
			"systemDesc":	"pynq_z2_bram_wrapper",
			"sysIsBootAutoGen":	"true",
			"systemDispName":	"pynq_z2_bram_wrapper",
			"sysActiveDom":	"freertos10_xilinx_ps7_cortexa9_0",
			"sysDefaultDom":	"freertos10_xilinx_ps7_cortexa9_0",
			"domains":	[{
					"domainName":	"zynq_fsbl",
					"domainDispName":	"zynq_fsbl",
					"domainDesc":	"FSBL Application BSP - Auto Generated.",
					"processors":	"ps7_cortexa9_0",
					"os":	"standalone",
					"sdxOs":	"standalone",
					"debugEnable":	"",
					"domRuntimes":	["cpp"],
					"swRepo":	"",
					"mssOsVer":	"9.1",
					"mssFile":	"",
					"md5Digest":	"409d1989a24d76fe76b05e785092fa28",
					"compatibleApp":	"zynq_fsbl",
					"domType":	"bootDomain",
					"arch":	"32-bit",
					"appSettings":	{
						"appCompilerFlags":	"",
						"appLinkerFlags":	""
					},
					"addedLibs":	["xilffs:5.2", "xilrsa:1.8"],
					"libOptions":	{
						"libsContainingOptions":	[]
					},
					"prebuiltLibs":	{
						"prebuiltIncPath":	[],
						"prebuiltLibPath":	[]
					},
					"isolation":	{
					}
				}, {
					"domainName":	"freertos10_xilinx_ps7_cortexa9_0",
					"domainDispName":	"freertos10_xilinx_ps7_cortexa9_0",
					"domainDesc":	"freertos10_xilinx_ps7_cortexa9_0",
					"processors":	"ps7_cortexa9_0",
					"os":	"freertos10_xilinx",
					"sdxOs":	"freertos10_xilinx",
					"qemuArgs":	"<platformDir>/resources/pynq_z2_bram_wrapper/freertos10_xilinx_ps7_cortexa9_0/qemu_args.txt",
					"qemuData":	"<platformDir>/resources/pynq_z2_bram_wrapper/freertos10_xilinx_ps7_cortexa9_0/qemu",
					"debugEnable":	"False",
					"domRuntimes":	["cpp"],
					"swRepo":	"",
					"mssOsVer":	"1.15",
					"mssFile":	"",
					"md5Digest":	"b16b094303b8a18353b8c330524e5d8f",
					"compatibleApp":	"freertos_hello_world",
					"domType":	"mssDomain",
					"arch":	"32-bit",
					"appSettings":	{
						"appCompilerFlags":	"",
						"appLinkerFlags":	""
					},
					"addedLibs":	["xiltimer:2.0"],
					"libOptions":	{
						"freertos10_xilinx":	{
							"xil_interrupt":	"true",
							"libOptionNames":	["xil_interrupt"]
						},
						"libsContainingOptions":	["freertos10_xilinx"]
					},
					"prebuiltLibs":	{
						"prebuiltIncPath":	[],
						"prebuiltLibPath":	[]
					},
					"isolation":	{
					}
				}]
		}]
}
LOG::2024-08-07.15:21:20::SCWPlatform::Started generating the artifacts platform pynq_z2_bram_wrapper
TRACE::2024-08-07.15:21:20::SCWPlatform::Sanity checking of platform is completed
LOG::2024-08-07.15:21:20::SCWPlatform::Started generating the artifacts for system configuration pynq_z2_bram_wrapper
LOG::2024-08-07.15:21:20::SCWSystem::Started Processing the domain freertos10_xilinx_ps7_cortexa9_0
TRACE::2024-08-07.15:21:20::SCWDomain::Generating domain artifcats
TRACE::2024-08-07.15:21:20::SCWMssOS::Generating standalone artifcats
TRACE::2024-08-07.15:21:20::SCWMssOS::Copying the qemu file from  /home/kike/Desktop/marvin/marvin/pynq_z2_bram_wrapper/resources/pynq_z2_bram_wrapper/freertos10_xilinx_ps7_cortexa9_0/qemu_args.txt To /home/kike/Desktop/marvin/marvin/pynq_z2_bram_wrapper/export/pynq_z2_bram_wrapper/sw/pynq_z2_bram_wrapper/qemu/
TRACE::2024-08-07.15:21:20::SCWMssOS::Copying the qemu file from  /home/kike/Desktop/marvin/marvin/pynq_z2_bram_wrapper/resources/pynq_z2_bram_wrapper/freertos10_xilinx_ps7_cortexa9_0/qemu_args.txt To /home/kike/Desktop/marvin/marvin/pynq_z2_bram_wrapper/export/pynq_z2_bram_wrapper/sw/pynq_z2_bram_wrapper/freertos10_xilinx_ps7_cortexa9_0/qemu/
TRACE::2024-08-07.15:21:20::SCWMssOS:: Copying the user libraries. 
TRACE::2024-08-07.15:21:20::SCWPlatform::Trying to open the hw design at /home/kike/Desktop/marvin/marvin/pynq_z2_bram_wrapper/hw/pynq_z2_bram_wrapper.xsa
TRACE::2024-08-07.15:21:20::SCWPlatform::DSA given /home/kike/Desktop/marvin/marvin/pynq_z2_bram_wrapper/hw/pynq_z2_bram_wrapper.xsa
TRACE::2024-08-07.15:21:20::SCWPlatform::DSA absoulate path /home/kike/Desktop/marvin/marvin/pynq_z2_bram_wrapper/hw/pynq_z2_bram_wrapper.xsa
TRACE::2024-08-07.15:21:20::SCWPlatform::DSA directory /home/kike/Desktop/marvin/marvin/pynq_z2_bram_wrapper/hw
TRACE::2024-08-07.15:21:20::SCWPlatform:: Platform Path /home/kike/Desktop/marvin/marvin/pynq_z2_bram_wrapper/hw/pynq_z2_bram_wrapper.xsa
TRACE::2024-08-07.15:21:20::SCWPlatform:: Unique name xilinx:pynq-z2::0.0
TRACE::2024-08-07.15:21:20::SCWPlatform::Trying to set the existing hwdb with name pynq_z2_bram_wrapper_0
TRACE::2024-08-07.15:21:20::SCWPlatform::Opened existing hwdb pynq_z2_bram_wrapper_0
TRACE::2024-08-07.15:21:20::SCWPlatform::Found the Hw Db part of the input DSA
TRACE::2024-08-07.15:21:20::SCWMssOS::Checking the sw design at  /home/kike/Desktop/marvin/marvin/pynq_z2_bram_wrapper/ps7_cortexa9_0/freertos10_xilinx_ps7_cortexa9_0/bsp/system.mss
TRACE::2024-08-07.15:21:20::SCWMssOS::DEBUG:  swdes dump  /home/kike/Desktop/marvin/marvin/pynq_z2_bram_wrapper/ps7_cortexa9_0/freertos10_xilinx_ps7_cortexa9_0/bsp/system.mss|system_0||
/home/kike/Desktop/marvin/marvin/pynq_z2_bram_wrapper/zynq_fsbl/zynq_fsbl_bsp/system.mss|system||

TRACE::2024-08-07.15:21:20::SCWMssOS::Sw design exists and opened at  /home/kike/Desktop/marvin/marvin/pynq_z2_bram_wrapper/ps7_cortexa9_0/freertos10_xilinx_ps7_cortexa9_0/bsp/system.mss
TRACE::2024-08-07.15:21:20::SCWMssOS::Completed writing the mss file at /home/kike/Desktop/marvin/marvin/pynq_z2_bram_wrapper/ps7_cortexa9_0/freertos10_xilinx_ps7_cortexa9_0/bsp
TRACE::2024-08-07.15:21:20::SCWMssOS::Mss edits present, copying mssfile into export location /home/kike/Desktop/marvin/marvin/pynq_z2_bram_wrapper/ps7_cortexa9_0/freertos10_xilinx_ps7_cortexa9_0/bsp/system.mss
TRACE::2024-08-07.15:21:20::SCWMssOS::bsp generated is upto date with the mss file. Skipping bsp generation.
TRACE::2024-08-07.15:21:20::SCWMssOS::BSP is already built. skipping the bsp build ... 
TRACE::2024-08-07.15:21:20::SCWDomain::Building the domain as part of full build :  freertos10_xilinx_ps7_cortexa9_0
TRACE::2024-08-07.15:21:20::SCWMssOS::skipping the bsp build ... 
TRACE::2024-08-07.15:21:20::SCWMssOS::Copying to export directory.
TRACE::2024-08-07.15:21:20::SCWMssOS:: Checking if to create the Supporting Applications
TRACE::2024-08-07.15:21:20::SCWMssOS:: No Linux domain exists, trying to generate FSBL 
TRACE::2024-08-07.15:21:20::SCWMssOS:: Completed Standalone Artifacts creation 
LOG::2024-08-07.15:21:20::SCWSystem::Completed Processing the domain freertos10_xilinx_ps7_cortexa9_0
LOG::2024-08-07.15:21:20::SCWSystem::Completed Processing the sysconfig pynq_z2_bram_wrapper
LOG::2024-08-07.15:21:20::SCWPlatform::Completed generating the artifacts for system configuration pynq_z2_bram_wrapper
TRACE::2024-08-07.15:21:20::SCWPlatform::Started preparing the platform 
TRACE::2024-08-07.15:21:20::SCWSystem::Writing the bif file for system config pynq_z2_bram_wrapper
TRACE::2024-08-07.15:21:20::SCWSystem::dir created 
TRACE::2024-08-07.15:21:20::SCWSystem::Writing the bif 
TRACE::2024-08-07.15:21:20::SCWPlatform::Started writing the spfm file 
TRACE::2024-08-07.15:21:20::SCWPlatform::Started writing the xpfm file 
TRACE::2024-08-07.15:21:20::SCWPlatform::Completed generating the platform
TRACE::2024-08-07.15:21:20::SCWMssOS::Saving the mss changes /home/kike/Desktop/marvin/marvin/pynq_z2_bram_wrapper/zynq_fsbl/zynq_fsbl_bsp/system.mss
TRACE::2024-08-07.15:21:20::SCWMssOS::Found a swdesign opened with the mssfile.
TRACE::2024-08-07.15:21:20::SCWMssOS::Completed writemss as part of save.
TRACE::2024-08-07.15:21:20::SCWMssOS::Commit changes completed.
TRACE::2024-08-07.15:21:20::SCWMssOS::Saving the mss changes /home/kike/Desktop/marvin/marvin/pynq_z2_bram_wrapper/ps7_cortexa9_0/freertos10_xilinx_ps7_cortexa9_0/bsp/system.mss
TRACE::2024-08-07.15:21:20::SCWMssOS::Found a swdesign opened with the mssfile.
TRACE::2024-08-07.15:21:20::SCWMssOS::Completed writemss as part of save.
TRACE::2024-08-07.15:21:20::SCWMssOS::Commit changes completed.
TRACE::2024-08-07.15:21:20::SCWPlatform::Trying to open the hw design at /home/kike/Desktop/marvin/marvin/pynq_z2_bram_wrapper/hw/pynq_z2_bram_wrapper.xsa
TRACE::2024-08-07.15:21:20::SCWPlatform::DSA given /home/kike/Desktop/marvin/marvin/pynq_z2_bram_wrapper/hw/pynq_z2_bram_wrapper.xsa
TRACE::2024-08-07.15:21:20::SCWPlatform::DSA absoulate path /home/kike/Desktop/marvin/marvin/pynq_z2_bram_wrapper/hw/pynq_z2_bram_wrapper.xsa
TRACE::2024-08-07.15:21:20::SCWPlatform::DSA directory /home/kike/Desktop/marvin/marvin/pynq_z2_bram_wrapper/hw
TRACE::2024-08-07.15:21:20::SCWPlatform:: Platform Path /home/kike/Desktop/marvin/marvin/pynq_z2_bram_wrapper/hw/pynq_z2_bram_wrapper.xsa
TRACE::2024-08-07.15:21:20::SCWPlatform:: Unique name xilinx:pynq-z2::0.0
TRACE::2024-08-07.15:21:20::SCWPlatform::Trying to set the existing hwdb with name pynq_z2_bram_wrapper_0
TRACE::2024-08-07.15:21:20::SCWPlatform::Opened existing hwdb pynq_z2_bram_wrapper_0
TRACE::2024-08-07.15:21:20::SCWPlatform::Found the Hw Db part of the input DSA
TRACE::2024-08-07.15:21:20::SCWMssOS::Checking the sw design at  /home/kike/Desktop/marvin/marvin/pynq_z2_bram_wrapper/zynq_fsbl/zynq_fsbl_bsp/system.mss
TRACE::2024-08-07.15:21:20::SCWMssOS::DEBUG:  swdes dump  /home/kike/Desktop/marvin/marvin/pynq_z2_bram_wrapper/ps7_cortexa9_0/freertos10_xilinx_ps7_cortexa9_0/bsp/system.mss|system_0||
/home/kike/Desktop/marvin/marvin/pynq_z2_bram_wrapper/zynq_fsbl/zynq_fsbl_bsp/system.mss|system||

TRACE::2024-08-07.15:21:20::SCWMssOS::Sw design exists and opened at  /home/kike/Desktop/marvin/marvin/pynq_z2_bram_wrapper/zynq_fsbl/zynq_fsbl_bsp/system.mss
TRACE::2024-08-07.15:21:20::SCWPlatform::Trying to open the hw design at /home/kike/Desktop/marvin/marvin/pynq_z2_bram_wrapper/hw/pynq_z2_bram_wrapper.xsa
TRACE::2024-08-07.15:21:20::SCWPlatform::DSA given /home/kike/Desktop/marvin/marvin/pynq_z2_bram_wrapper/hw/pynq_z2_bram_wrapper.xsa
TRACE::2024-08-07.15:21:20::SCWPlatform::DSA absoulate path /home/kike/Desktop/marvin/marvin/pynq_z2_bram_wrapper/hw/pynq_z2_bram_wrapper.xsa
TRACE::2024-08-07.15:21:20::SCWPlatform::DSA directory /home/kike/Desktop/marvin/marvin/pynq_z2_bram_wrapper/hw
TRACE::2024-08-07.15:21:20::SCWPlatform:: Platform Path /home/kike/Desktop/marvin/marvin/pynq_z2_bram_wrapper/hw/pynq_z2_bram_wrapper.xsa
TRACE::2024-08-07.15:21:20::SCWPlatform:: Unique name xilinx:pynq-z2::0.0
TRACE::2024-08-07.15:21:20::SCWPlatform::Trying to set the existing hwdb with name pynq_z2_bram_wrapper_0
TRACE::2024-08-07.15:21:20::SCWPlatform::Opened existing hwdb pynq_z2_bram_wrapper_0
TRACE::2024-08-07.15:21:20::SCWPlatform::Found the Hw Db part of the input DSA
TRACE::2024-08-07.15:21:20::SCWMssOS::Checking the sw design at  /home/kike/Desktop/marvin/marvin/pynq_z2_bram_wrapper/zynq_fsbl/zynq_fsbl_bsp/system.mss
TRACE::2024-08-07.15:21:20::SCWMssOS::DEBUG:  swdes dump  /home/kike/Desktop/marvin/marvin/pynq_z2_bram_wrapper/ps7_cortexa9_0/freertos10_xilinx_ps7_cortexa9_0/bsp/system.mss|system_0||
/home/kike/Desktop/marvin/marvin/pynq_z2_bram_wrapper/zynq_fsbl/zynq_fsbl_bsp/system.mss|system||

TRACE::2024-08-07.15:21:20::SCWMssOS::Sw design exists and opened at  /home/kike/Desktop/marvin/marvin/pynq_z2_bram_wrapper/zynq_fsbl/zynq_fsbl_bsp/system.mss
TRACE::2024-08-07.15:21:20::SCWPlatform::Trying to open the hw design at /home/kike/Desktop/marvin/marvin/pynq_z2_bram_wrapper/hw/pynq_z2_bram_wrapper.xsa
TRACE::2024-08-07.15:21:20::SCWPlatform::DSA given /home/kike/Desktop/marvin/marvin/pynq_z2_bram_wrapper/hw/pynq_z2_bram_wrapper.xsa
TRACE::2024-08-07.15:21:20::SCWPlatform::DSA absoulate path /home/kike/Desktop/marvin/marvin/pynq_z2_bram_wrapper/hw/pynq_z2_bram_wrapper.xsa
TRACE::2024-08-07.15:21:20::SCWPlatform::DSA directory /home/kike/Desktop/marvin/marvin/pynq_z2_bram_wrapper/hw
TRACE::2024-08-07.15:21:20::SCWPlatform:: Platform Path /home/kike/Desktop/marvin/marvin/pynq_z2_bram_wrapper/hw/pynq_z2_bram_wrapper.xsa
TRACE::2024-08-07.15:21:20::SCWPlatform:: Unique name xilinx:pynq-z2::0.0
TRACE::2024-08-07.15:21:20::SCWPlatform::Trying to set the existing hwdb with name pynq_z2_bram_wrapper_0
TRACE::2024-08-07.15:21:20::SCWPlatform::Opened existing hwdb pynq_z2_bram_wrapper_0
TRACE::2024-08-07.15:21:20::SCWPlatform::Found the Hw Db part of the input DSA
TRACE::2024-08-07.15:21:20::SCWMssOS::Checking the sw design at  /home/kike/Desktop/marvin/marvin/pynq_z2_bram_wrapper/zynq_fsbl/zynq_fsbl_bsp/system.mss
TRACE::2024-08-07.15:21:20::SCWMssOS::DEBUG:  swdes dump  /home/kike/Desktop/marvin/marvin/pynq_z2_bram_wrapper/ps7_cortexa9_0/freertos10_xilinx_ps7_cortexa9_0/bsp/system.mss|system_0||
/home/kike/Desktop/marvin/marvin/pynq_z2_bram_wrapper/zynq_fsbl/zynq_fsbl_bsp/system.mss|system||

TRACE::2024-08-07.15:21:20::SCWMssOS::Sw design exists and opened at  /home/kike/Desktop/marvin/marvin/pynq_z2_bram_wrapper/zynq_fsbl/zynq_fsbl_bsp/system.mss
TRACE::2024-08-07.15:21:20::SCWPlatform::Trying to open the hw design at /home/kike/Desktop/marvin/marvin/pynq_z2_bram_wrapper/hw/pynq_z2_bram_wrapper.xsa
TRACE::2024-08-07.15:21:20::SCWPlatform::DSA given /home/kike/Desktop/marvin/marvin/pynq_z2_bram_wrapper/hw/pynq_z2_bram_wrapper.xsa
TRACE::2024-08-07.15:21:20::SCWPlatform::DSA absoulate path /home/kike/Desktop/marvin/marvin/pynq_z2_bram_wrapper/hw/pynq_z2_bram_wrapper.xsa
TRACE::2024-08-07.15:21:20::SCWPlatform::DSA directory /home/kike/Desktop/marvin/marvin/pynq_z2_bram_wrapper/hw
TRACE::2024-08-07.15:21:20::SCWPlatform:: Platform Path /home/kike/Desktop/marvin/marvin/pynq_z2_bram_wrapper/hw/pynq_z2_bram_wrapper.xsa
TRACE::2024-08-07.15:21:20::SCWPlatform:: Unique name xilinx:pynq-z2::0.0
TRACE::2024-08-07.15:21:20::SCWPlatform::Trying to set the existing hwdb with name pynq_z2_bram_wrapper_0
TRACE::2024-08-07.15:21:20::SCWPlatform::Opened existing hwdb pynq_z2_bram_wrapper_0
TRACE::2024-08-07.15:21:20::SCWPlatform::Found the Hw Db part of the input DSA
TRACE::2024-08-07.15:21:20::SCWMssOS::Checking the sw design at  /home/kike/Desktop/marvin/marvin/pynq_z2_bram_wrapper/ps7_cortexa9_0/freertos10_xilinx_ps7_cortexa9_0/bsp/system.mss
TRACE::2024-08-07.15:21:20::SCWMssOS::DEBUG:  swdes dump  /home/kike/Desktop/marvin/marvin/pynq_z2_bram_wrapper/ps7_cortexa9_0/freertos10_xilinx_ps7_cortexa9_0/bsp/system.mss|system_0||
/home/kike/Desktop/marvin/marvin/pynq_z2_bram_wrapper/zynq_fsbl/zynq_fsbl_bsp/system.mss|system||

TRACE::2024-08-07.15:21:20::SCWMssOS::Sw design exists and opened at  /home/kike/Desktop/marvin/marvin/pynq_z2_bram_wrapper/ps7_cortexa9_0/freertos10_xilinx_ps7_cortexa9_0/bsp/system.mss
TRACE::2024-08-07.15:21:20::SCWPlatform::Trying to open the hw design at /home/kike/Desktop/marvin/marvin/pynq_z2_bram_wrapper/hw/pynq_z2_bram_wrapper.xsa
TRACE::2024-08-07.15:21:20::SCWPlatform::DSA given /home/kike/Desktop/marvin/marvin/pynq_z2_bram_wrapper/hw/pynq_z2_bram_wrapper.xsa
TRACE::2024-08-07.15:21:20::SCWPlatform::DSA absoulate path /home/kike/Desktop/marvin/marvin/pynq_z2_bram_wrapper/hw/pynq_z2_bram_wrapper.xsa
TRACE::2024-08-07.15:21:20::SCWPlatform::DSA directory /home/kike/Desktop/marvin/marvin/pynq_z2_bram_wrapper/hw
TRACE::2024-08-07.15:21:20::SCWPlatform:: Platform Path /home/kike/Desktop/marvin/marvin/pynq_z2_bram_wrapper/hw/pynq_z2_bram_wrapper.xsa
TRACE::2024-08-07.15:21:20::SCWPlatform:: Unique name xilinx:pynq-z2::0.0
TRACE::2024-08-07.15:21:20::SCWPlatform::Trying to set the existing hwdb with name pynq_z2_bram_wrapper_0
TRACE::2024-08-07.15:21:20::SCWPlatform::Opened existing hwdb pynq_z2_bram_wrapper_0
TRACE::2024-08-07.15:21:20::SCWPlatform::Found the Hw Db part of the input DSA
TRACE::2024-08-07.15:21:20::SCWMssOS::Checking the sw design at  /home/kike/Desktop/marvin/marvin/pynq_z2_bram_wrapper/ps7_cortexa9_0/freertos10_xilinx_ps7_cortexa9_0/bsp/system.mss
TRACE::2024-08-07.15:21:20::SCWMssOS::DEBUG:  swdes dump  /home/kike/Desktop/marvin/marvin/pynq_z2_bram_wrapper/ps7_cortexa9_0/freertos10_xilinx_ps7_cortexa9_0/bsp/system.mss|system_0||
/home/kike/Desktop/marvin/marvin/pynq_z2_bram_wrapper/zynq_fsbl/zynq_fsbl_bsp/system.mss|system||

TRACE::2024-08-07.15:21:20::SCWMssOS::Sw design exists and opened at  /home/kike/Desktop/marvin/marvin/pynq_z2_bram_wrapper/ps7_cortexa9_0/freertos10_xilinx_ps7_cortexa9_0/bsp/system.mss
TRACE::2024-08-07.15:21:20::SCWPlatform::Trying to open the hw design at /home/kike/Desktop/marvin/marvin/pynq_z2_bram_wrapper/hw/pynq_z2_bram_wrapper.xsa
TRACE::2024-08-07.15:21:20::SCWPlatform::DSA given /home/kike/Desktop/marvin/marvin/pynq_z2_bram_wrapper/hw/pynq_z2_bram_wrapper.xsa
TRACE::2024-08-07.15:21:20::SCWPlatform::DSA absoulate path /home/kike/Desktop/marvin/marvin/pynq_z2_bram_wrapper/hw/pynq_z2_bram_wrapper.xsa
TRACE::2024-08-07.15:21:20::SCWPlatform::DSA directory /home/kike/Desktop/marvin/marvin/pynq_z2_bram_wrapper/hw
TRACE::2024-08-07.15:21:20::SCWPlatform:: Platform Path /home/kike/Desktop/marvin/marvin/pynq_z2_bram_wrapper/hw/pynq_z2_bram_wrapper.xsa
TRACE::2024-08-07.15:21:20::SCWPlatform:: Unique name xilinx:pynq-z2::0.0
TRACE::2024-08-07.15:21:20::SCWPlatform::Trying to set the existing hwdb with name pynq_z2_bram_wrapper_0
TRACE::2024-08-07.15:21:20::SCWPlatform::Opened existing hwdb pynq_z2_bram_wrapper_0
TRACE::2024-08-07.15:21:20::SCWPlatform::Found the Hw Db part of the input DSA
TRACE::2024-08-07.15:21:20::SCWMssOS::Checking the sw design at  /home/kike/Desktop/marvin/marvin/pynq_z2_bram_wrapper/ps7_cortexa9_0/freertos10_xilinx_ps7_cortexa9_0/bsp/system.mss
TRACE::2024-08-07.15:21:20::SCWMssOS::DEBUG:  swdes dump  /home/kike/Desktop/marvin/marvin/pynq_z2_bram_wrapper/ps7_cortexa9_0/freertos10_xilinx_ps7_cortexa9_0/bsp/system.mss|system_0||
/home/kike/Desktop/marvin/marvin/pynq_z2_bram_wrapper/zynq_fsbl/zynq_fsbl_bsp/system.mss|system||

TRACE::2024-08-07.15:21:20::SCWMssOS::Sw design exists and opened at  /home/kike/Desktop/marvin/marvin/pynq_z2_bram_wrapper/ps7_cortexa9_0/freertos10_xilinx_ps7_cortexa9_0/bsp/system.mss
TRACE::2024-08-07.15:21:20::SCWWriter::formatted JSON is {
	"platformName":	"pynq_z2_bram_wrapper",
	"sprVersion":	"2.0",
	"mode":	"gui",
	"dsaType":	"Fixed",
	"platformDesc":	"pynq_z2_bram_wrapper",
	"platHandOff":	"/home/kike/Desktop/marvin/vivado_project/pynq_z2_bram/pynq_z2_bram_wrapper.xsa",
	"platIntHandOff":	"<platformDir>/hw/pynq_z2_bram_wrapper.xsa",
	"deviceType":	"zynq",
	"platIsPrebuiltAutogen":	"false",
	"platIsNoBootBsp":	"false",
	"platFsblTarget":	"ps7_cortexa9_0",
	"hasFsblMakeHasChanges":	"false",
	"hasPmufwMakeHasChanges":	"false",
	"fsblExtraCompilerFlags":	"-MMD -MP       -mcpu=cortex-a9 -mfpu=vfpv3 -mfloat-abi=hard ",
	"platPreBuiltFlag":	false,
	"platformSamplesDir":	"",
	"platActiveSys":	"pynq_z2_bram_wrapper",
	"systems":	[{
			"systemName":	"pynq_z2_bram_wrapper",
			"systemDesc":	"pynq_z2_bram_wrapper",
			"sysIsBootAutoGen":	"true",
			"systemDispName":	"pynq_z2_bram_wrapper",
			"sysActiveDom":	"freertos10_xilinx_ps7_cortexa9_0",
			"sysDefaultDom":	"freertos10_xilinx_ps7_cortexa9_0",
			"domains":	[{
					"domainName":	"zynq_fsbl",
					"domainDispName":	"zynq_fsbl",
					"domainDesc":	"FSBL Application BSP - Auto Generated.",
					"processors":	"ps7_cortexa9_0",
					"os":	"standalone",
					"sdxOs":	"standalone",
					"debugEnable":	"",
					"domRuntimes":	["cpp"],
					"swRepo":	"",
					"mssOsVer":	"9.1",
					"mssFile":	"",
					"md5Digest":	"409d1989a24d76fe76b05e785092fa28",
					"compatibleApp":	"zynq_fsbl",
					"domType":	"bootDomain",
					"arch":	"32-bit",
					"appSettings":	{
						"appCompilerFlags":	"",
						"appLinkerFlags":	""
					},
					"addedLibs":	["xilffs:5.2", "xilrsa:1.8"],
					"libOptions":	{
						"libsContainingOptions":	[]
					},
					"prebuiltLibs":	{
						"prebuiltIncPath":	[],
						"prebuiltLibPath":	[]
					},
					"isolation":	{
					}
				}, {
					"domainName":	"freertos10_xilinx_ps7_cortexa9_0",
					"domainDispName":	"freertos10_xilinx_ps7_cortexa9_0",
					"domainDesc":	"freertos10_xilinx_ps7_cortexa9_0",
					"processors":	"ps7_cortexa9_0",
					"os":	"freertos10_xilinx",
					"sdxOs":	"freertos10_xilinx",
					"qemuArgs":	"<platformDir>/resources/pynq_z2_bram_wrapper/freertos10_xilinx_ps7_cortexa9_0/qemu_args.txt",
					"qemuData":	"<platformDir>/resources/pynq_z2_bram_wrapper/freertos10_xilinx_ps7_cortexa9_0/qemu",
					"debugEnable":	"False",
					"domRuntimes":	["cpp"],
					"swRepo":	"",
					"mssOsVer":	"1.15",
					"mssFile":	"",
					"md5Digest":	"b16b094303b8a18353b8c330524e5d8f",
					"compatibleApp":	"freertos_hello_world",
					"domType":	"mssDomain",
					"arch":	"32-bit",
					"appSettings":	{
						"appCompilerFlags":	"",
						"appLinkerFlags":	""
					},
					"addedLibs":	["xiltimer:2.0"],
					"libOptions":	{
						"freertos10_xilinx":	{
							"xil_interrupt":	"true",
							"libOptionNames":	["xil_interrupt"]
						},
						"libsContainingOptions":	["freertos10_xilinx"]
					},
					"prebuiltLibs":	{
						"prebuiltIncPath":	[],
						"prebuiltLibPath":	[]
					},
					"isolation":	{
					}
				}]
		}]
}
KEYINFO::2024-08-07.15:21:20::SCWPlatform::updated the xpfm file.
LOG::2024-08-07.15:21:44::SCWPlatform::Started generating the artifacts platform pynq_z2_bram_wrapper
TRACE::2024-08-07.15:21:44::SCWPlatform::Sanity checking of platform is completed
LOG::2024-08-07.15:21:44::SCWPlatform::Started generating the artifacts for system configuration pynq_z2_bram_wrapper
LOG::2024-08-07.15:21:44::SCWSystem::Checking the domain zynq_fsbl
LOG::2024-08-07.15:21:44::SCWSystem::Doing application build for :  zynq_fsbl
TRACE::2024-08-07.15:21:44::SCWBDomain::Not a forced makefile updation, No changes are present. 
TRACE::2024-08-07.15:21:44::SCWDomain::Building the domain as part of full build :  zynq_fsbl
TRACE::2024-08-07.15:21:44::SCWPlatform::Trying to open the hw design at /home/kike/Desktop/marvin/marvin/pynq_z2_bram_wrapper/hw/pynq_z2_bram_wrapper.xsa
TRACE::2024-08-07.15:21:44::SCWPlatform::DSA given /home/kike/Desktop/marvin/marvin/pynq_z2_bram_wrapper/hw/pynq_z2_bram_wrapper.xsa
TRACE::2024-08-07.15:21:44::SCWPlatform::DSA absoulate path /home/kike/Desktop/marvin/marvin/pynq_z2_bram_wrapper/hw/pynq_z2_bram_wrapper.xsa
TRACE::2024-08-07.15:21:44::SCWPlatform::DSA directory /home/kike/Desktop/marvin/marvin/pynq_z2_bram_wrapper/hw
TRACE::2024-08-07.15:21:44::SCWPlatform:: Platform Path /home/kike/Desktop/marvin/marvin/pynq_z2_bram_wrapper/hw/pynq_z2_bram_wrapper.xsa
TRACE::2024-08-07.15:21:44::SCWPlatform:: Unique name xilinx:pynq-z2::0.0
TRACE::2024-08-07.15:21:44::SCWPlatform::Trying to set the existing hwdb with name pynq_z2_bram_wrapper_0
TRACE::2024-08-07.15:21:44::SCWPlatform::Opened existing hwdb pynq_z2_bram_wrapper_0
TRACE::2024-08-07.15:21:44::SCWPlatform::Found the Hw Db part of the input DSA
TRACE::2024-08-07.15:21:44::SCWMssOS::Checking the sw design at  /home/kike/Desktop/marvin/marvin/pynq_z2_bram_wrapper/zynq_fsbl/zynq_fsbl_bsp/system.mss
TRACE::2024-08-07.15:21:44::SCWMssOS::DEBUG:  swdes dump  /home/kike/Desktop/marvin/marvin/pynq_z2_bram_wrapper/ps7_cortexa9_0/freertos10_xilinx_ps7_cortexa9_0/bsp/system.mss|system_0||
/home/kike/Desktop/marvin/marvin/pynq_z2_bram_wrapper/zynq_fsbl/zynq_fsbl_bsp/system.mss|system||

TRACE::2024-08-07.15:21:44::SCWMssOS::Sw design exists and opened at  /home/kike/Desktop/marvin/marvin/pynq_z2_bram_wrapper/zynq_fsbl/zynq_fsbl_bsp/system.mss
TRACE::2024-08-07.15:21:44::SCWBDomain::Completed writing the mss file at /home/kike/Desktop/marvin/marvin/pynq_z2_bram_wrapper/zynq_fsbl/zynq_fsbl_bsp
TRACE::2024-08-07.15:21:44::SCWBDomain::bsp generated is upto date with the mss file. Skipping bsp generation.
TRACE::2024-08-07.15:21:44::SCWBDomain::Not a forced makefile updation, No changes are present. 
TRACE::2024-08-07.15:21:44::SCWBDomain::System Command Ran  cd  /home/kike/Desktop/marvin/marvin/pynq_z2_bram_wrapper/zynq_fsbl ; bash -c " make -C zynq_fsbl_bsp ; make  " 
TRACE::2024-08-07.15:21:44::SCWBDomain::make: Entering directory '/home/kike/Desktop/marvin/marvin/pynq_z2_bram_wrapper/zynq_fsbl/zynq_fsbl_bsp'

TRACE::2024-08-07.15:21:44::SCWBDomain::make --no-print-directory seq_libs

TRACE::2024-08-07.15:21:44::SCWBDomain::Running Make include in ps7_cortexa9_0/libsrc/bram_v4_10/src

TRACE::2024-08-07.15:21:44::SCWBDomain::make -C ps7_cortexa9_0/libsrc/bram_v4_10/src -s include  "SHELL=/bin/sh" "COMPILER=arm-none-eabi-gcc" "ASSEMBLER=arm-none-eabi-
TRACE::2024-08-07.15:21:44::SCWBDomain::as" "ARCHIVER=arm-none-eabi-ar" "COMPILER_FLAGS=  -O2 -c" "EXTRA_COMPILER_FLAGS=-mcpu=cortex-a9 -mfpu=vfpv3 -mfloat-abi=hard -n
TRACE::2024-08-07.15:21:44::SCWBDomain::ostartfiles -g -Wall -Wextra -fno-tree-loop-distribute-patterns"

TRACE::2024-08-07.15:21:44::SCWBDomain::Running Make include in ps7_cortexa9_0/libsrc/coresightps_dcc_v1_10/src

TRACE::2024-08-07.15:21:44::SCWBDomain::make -C ps7_cortexa9_0/libsrc/coresightps_dcc_v1_10/src -s include  "SHELL=/bin/sh" "COMPILER=arm-none-eabi-gcc" "ASSEMBLER=arm
TRACE::2024-08-07.15:21:44::SCWBDomain::-none-eabi-as" "ARCHIVER=arm-none-eabi-ar" "COMPILER_FLAGS=  -O2 -c" "EXTRA_COMPILER_FLAGS=-mcpu=cortex-a9 -mfpu=vfpv3 -mfloat-
TRACE::2024-08-07.15:21:44::SCWBDomain::abi=hard -nostartfiles -g -Wall -Wextra -fno-tree-loop-distribute-patterns"

TRACE::2024-08-07.15:21:44::SCWBDomain::Running Make include in ps7_cortexa9_0/libsrc/cpu_cortexa9_v2_12/src

TRACE::2024-08-07.15:21:44::SCWBDomain::make -C ps7_cortexa9_0/libsrc/cpu_cortexa9_v2_12/src -s include  "SHELL=/bin/sh" "COMPILER=arm-none-eabi-gcc" "ASSEMBLER=arm-no
TRACE::2024-08-07.15:21:44::SCWBDomain::ne-eabi-as" "ARCHIVER=arm-none-eabi-ar" "COMPILER_FLAGS=  -O2 -c" "EXTRA_COMPILER_FLAGS=-mcpu=cortex-a9 -mfpu=vfpv3 -mfloat-abi
TRACE::2024-08-07.15:21:44::SCWBDomain::=hard -nostartfiles -g -Wall -Wextra -fno-tree-loop-distribute-patterns"

TRACE::2024-08-07.15:21:44::SCWBDomain::Running Make include in ps7_cortexa9_0/libsrc/ddrps_v1_2/src

TRACE::2024-08-07.15:21:44::SCWBDomain::make -C ps7_cortexa9_0/libsrc/ddrps_v1_2/src -s include  "SHELL=/bin/sh" "COMPILER=arm-none-eabi-gcc" "ASSEMBLER=arm-none-eabi-
TRACE::2024-08-07.15:21:44::SCWBDomain::as" "ARCHIVER=arm-none-eabi-ar" "COMPILER_FLAGS=  -O2 -c" "EXTRA_COMPILER_FLAGS=-mcpu=cortex-a9 -mfpu=vfpv3 -mfloat-abi=hard -n
TRACE::2024-08-07.15:21:44::SCWBDomain::ostartfiles -g -Wall -Wextra -fno-tree-loop-distribute-patterns"

TRACE::2024-08-07.15:21:44::SCWBDomain::Running Make include in ps7_cortexa9_0/libsrc/devcfg_v3_8/src

TRACE::2024-08-07.15:21:44::SCWBDomain::make -C ps7_cortexa9_0/libsrc/devcfg_v3_8/src -s include  "SHELL=/bin/sh" "COMPILER=arm-none-eabi-gcc" "ASSEMBLER=arm-none-eabi
TRACE::2024-08-07.15:21:44::SCWBDomain::-as" "ARCHIVER=arm-none-eabi-ar" "COMPILER_FLAGS=  -O2 -c" "EXTRA_COMPILER_FLAGS=-mcpu=cortex-a9 -mfpu=vfpv3 -mfloat-abi=hard -
TRACE::2024-08-07.15:21:44::SCWBDomain::nostartfiles -g -Wall -Wextra -fno-tree-loop-distribute-patterns"

TRACE::2024-08-07.15:21:44::SCWBDomain::Running Make include in ps7_cortexa9_0/libsrc/dmaps_v2_10/src

TRACE::2024-08-07.15:21:44::SCWBDomain::make -C ps7_cortexa9_0/libsrc/dmaps_v2_10/src -s include  "SHELL=/bin/sh" "COMPILER=arm-none-eabi-gcc" "ASSEMBLER=arm-none-eabi
TRACE::2024-08-07.15:21:44::SCWBDomain::-as" "ARCHIVER=arm-none-eabi-ar" "COMPILER_FLAGS=  -O2 -c" "EXTRA_COMPILER_FLAGS=-mcpu=cortex-a9 -mfpu=vfpv3 -mfloat-abi=hard -
TRACE::2024-08-07.15:21:44::SCWBDomain::nostartfiles -g -Wall -Wextra -fno-tree-loop-distribute-patterns"

TRACE::2024-08-07.15:21:44::SCWBDomain::Running Make include in ps7_cortexa9_0/libsrc/emacps_v3_20/src

TRACE::2024-08-07.15:21:44::SCWBDomain::make -C ps7_cortexa9_0/libsrc/emacps_v3_20/src -s include  "SHELL=/bin/sh" "COMPILER=arm-none-eabi-gcc" "ASSEMBLER=arm-none-eab
TRACE::2024-08-07.15:21:44::SCWBDomain::i-as" "ARCHIVER=arm-none-eabi-ar" "COMPILER_FLAGS=  -O2 -c" "EXTRA_COMPILER_FLAGS=-mcpu=cortex-a9 -mfpu=vfpv3 -mfloat-abi=hard 
TRACE::2024-08-07.15:21:44::SCWBDomain::-nostartfiles -g -Wall -Wextra -fno-tree-loop-distribute-patterns"

TRACE::2024-08-07.15:21:44::SCWBDomain::Running Make include in ps7_cortexa9_0/libsrc/gpiops_v3_13/src

TRACE::2024-08-07.15:21:44::SCWBDomain::make -C ps7_cortexa9_0/libsrc/gpiops_v3_13/src -s include  "SHELL=/bin/sh" "COMPILER=arm-none-eabi-gcc" "ASSEMBLER=arm-none-eab
TRACE::2024-08-07.15:21:44::SCWBDomain::i-as" "ARCHIVER=arm-none-eabi-ar" "COMPILER_FLAGS=  -O2 -c" "EXTRA_COMPILER_FLAGS=-mcpu=cortex-a9 -mfpu=vfpv3 -mfloat-abi=hard 
TRACE::2024-08-07.15:21:44::SCWBDomain::-nostartfiles -g -Wall -Wextra -fno-tree-loop-distribute-patterns"

TRACE::2024-08-07.15:21:44::SCWBDomain::Running Make include in ps7_cortexa9_0/libsrc/qspips_v3_12/src

TRACE::2024-08-07.15:21:44::SCWBDomain::make -C ps7_cortexa9_0/libsrc/qspips_v3_12/src -s include  "SHELL=/bin/sh" "COMPILER=arm-none-eabi-gcc" "ASSEMBLER=arm-none-eab
TRACE::2024-08-07.15:21:44::SCWBDomain::i-as" "ARCHIVER=arm-none-eabi-ar" "COMPILER_FLAGS=  -O2 -c" "EXTRA_COMPILER_FLAGS=-mcpu=cortex-a9 -mfpu=vfpv3 -mfloat-abi=hard 
TRACE::2024-08-07.15:21:44::SCWBDomain::-nostartfiles -g -Wall -Wextra -fno-tree-loop-distribute-patterns"

TRACE::2024-08-07.15:21:44::SCWBDomain::Running Make include in ps7_cortexa9_0/libsrc/scugic_v5_3/src

TRACE::2024-08-07.15:21:44::SCWBDomain::make -C ps7_cortexa9_0/libsrc/scugic_v5_3/src -s include  "SHELL=/bin/sh" "COMPILER=arm-none-eabi-gcc" "ASSEMBLER=arm-none-eabi
TRACE::2024-08-07.15:21:44::SCWBDomain::-as" "ARCHIVER=arm-none-eabi-ar" "COMPILER_FLAGS=  -O2 -c" "EXTRA_COMPILER_FLAGS=-mcpu=cortex-a9 -mfpu=vfpv3 -mfloat-abi=hard -
TRACE::2024-08-07.15:21:44::SCWBDomain::nostartfiles -g -Wall -Wextra -fno-tree-loop-distribute-patterns"

TRACE::2024-08-07.15:21:44::SCWBDomain::Running Make include in ps7_cortexa9_0/libsrc/scutimer_v2_6/src

TRACE::2024-08-07.15:21:44::SCWBDomain::make -C ps7_cortexa9_0/libsrc/scutimer_v2_6/src -s include  "SHELL=/bin/sh" "COMPILER=arm-none-eabi-gcc" "ASSEMBLER=arm-none-ea
TRACE::2024-08-07.15:21:44::SCWBDomain::bi-as" "ARCHIVER=arm-none-eabi-ar" "COMPILER_FLAGS=  -O2 -c" "EXTRA_COMPILER_FLAGS=-mcpu=cortex-a9 -mfpu=vfpv3 -mfloat-abi=hard
TRACE::2024-08-07.15:21:44::SCWBDomain:: -nostartfiles -g -Wall -Wextra -fno-tree-loop-distribute-patterns"

TRACE::2024-08-07.15:21:44::SCWBDomain::Running Make include in ps7_cortexa9_0/libsrc/scuwdt_v2_5/src

TRACE::2024-08-07.15:21:44::SCWBDomain::make -C ps7_cortexa9_0/libsrc/scuwdt_v2_5/src -s include  "SHELL=/bin/sh" "COMPILER=arm-none-eabi-gcc" "ASSEMBLER=arm-none-eabi
TRACE::2024-08-07.15:21:44::SCWBDomain::-as" "ARCHIVER=arm-none-eabi-ar" "COMPILER_FLAGS=  -O2 -c" "EXTRA_COMPILER_FLAGS=-mcpu=cortex-a9 -mfpu=vfpv3 -mfloat-abi=hard -
TRACE::2024-08-07.15:21:44::SCWBDomain::nostartfiles -g -Wall -Wextra -fno-tree-loop-distribute-patterns"

TRACE::2024-08-07.15:21:44::SCWBDomain::Running Make include in ps7_cortexa9_0/libsrc/sdps_v4_3/src

TRACE::2024-08-07.15:21:44::SCWBDomain::make -C ps7_cortexa9_0/libsrc/sdps_v4_3/src -s include  "SHELL=/bin/sh" "COMPILER=arm-none-eabi-gcc" "ASSEMBLER=arm-none-eabi-a
TRACE::2024-08-07.15:21:44::SCWBDomain::s" "ARCHIVER=arm-none-eabi-ar" "COMPILER_FLAGS=  -O2 -c" "EXTRA_COMPILER_FLAGS=-mcpu=cortex-a9 -mfpu=vfpv3 -mfloat-abi=hard -no
TRACE::2024-08-07.15:21:44::SCWBDomain::startfiles -g -Wall -Wextra -fno-tree-loop-distribute-patterns"

TRACE::2024-08-07.15:21:44::SCWBDomain::Running Make include in ps7_cortexa9_0/libsrc/standalone_v9_1/src

TRACE::2024-08-07.15:21:44::SCWBDomain::make -C ps7_cortexa9_0/libsrc/standalone_v9_1/src -s include  "SHELL=/bin/sh" "COMPILER=arm-none-eabi-gcc" "ASSEMBLER=arm-none-
TRACE::2024-08-07.15:21:44::SCWBDomain::eabi-as" "ARCHIVER=arm-none-eabi-ar" "COMPILER_FLAGS=  -O2 -c" "EXTRA_COMPILER_FLAGS=-mcpu=cortex-a9 -mfpu=vfpv3 -mfloat-abi=ha
TRACE::2024-08-07.15:21:44::SCWBDomain::rd -nostartfiles -g -Wall -Wextra -fno-tree-loop-distribute-patterns"

TRACE::2024-08-07.15:21:44::SCWBDomain::Running Make include in ps7_cortexa9_0/libsrc/uartps_v3_14/src

TRACE::2024-08-07.15:21:44::SCWBDomain::make -C ps7_cortexa9_0/libsrc/uartps_v3_14/src -s include  "SHELL=/bin/sh" "COMPILER=arm-none-eabi-gcc" "ASSEMBLER=arm-none-eab
TRACE::2024-08-07.15:21:44::SCWBDomain::i-as" "ARCHIVER=arm-none-eabi-ar" "COMPILER_FLAGS=  -O2 -c" "EXTRA_COMPILER_FLAGS=-mcpu=cortex-a9 -mfpu=vfpv3 -mfloat-abi=hard 
TRACE::2024-08-07.15:21:44::SCWBDomain::-nostartfiles -g -Wall -Wextra -fno-tree-loop-distribute-patterns"

TRACE::2024-08-07.15:21:44::SCWBDomain::Running Make include in ps7_cortexa9_0/libsrc/usbps_v2_9/src

TRACE::2024-08-07.15:21:44::SCWBDomain::make -C ps7_cortexa9_0/libsrc/usbps_v2_9/src -s include  "SHELL=/bin/sh" "COMPILER=arm-none-eabi-gcc" "ASSEMBLER=arm-none-eabi-
TRACE::2024-08-07.15:21:44::SCWBDomain::as" "ARCHIVER=arm-none-eabi-ar" "COMPILER_FLAGS=  -O2 -c" "EXTRA_COMPILER_FLAGS=-mcpu=cortex-a9 -mfpu=vfpv3 -mfloat-abi=hard -n
TRACE::2024-08-07.15:21:44::SCWBDomain::ostartfiles -g -Wall -Wextra -fno-tree-loop-distribute-patterns"

TRACE::2024-08-07.15:21:44::SCWBDomain::Running Make include in ps7_cortexa9_0/libsrc/xadcps_v2_7/src

TRACE::2024-08-07.15:21:44::SCWBDomain::make -C ps7_cortexa9_0/libsrc/xadcps_v2_7/src -s include  "SHELL=/bin/sh" "COMPILER=arm-none-eabi-gcc" "ASSEMBLER=arm-none-eabi
TRACE::2024-08-07.15:21:44::SCWBDomain::-as" "ARCHIVER=arm-none-eabi-ar" "COMPILER_FLAGS=  -O2 -c" "EXTRA_COMPILER_FLAGS=-mcpu=cortex-a9 -mfpu=vfpv3 -mfloat-abi=hard -
TRACE::2024-08-07.15:21:44::SCWBDomain::nostartfiles -g -Wall -Wextra -fno-tree-loop-distribute-patterns"

TRACE::2024-08-07.15:21:44::SCWBDomain::Running Make include in ps7_cortexa9_0/libsrc/xilffs_v5_2/src

TRACE::2024-08-07.15:21:44::SCWBDomain::make -C ps7_cortexa9_0/libsrc/xilffs_v5_2/src -s include  "SHELL=/bin/sh" "COMPILER=arm-none-eabi-gcc" "ASSEMBLER=arm-none-eabi
TRACE::2024-08-07.15:21:44::SCWBDomain::-as" "ARCHIVER=arm-none-eabi-ar" "COMPILER_FLAGS=  -O2 -c" "EXTRA_COMPILER_FLAGS=-mcpu=cortex-a9 -mfpu=vfpv3 -mfloat-abi=hard -
TRACE::2024-08-07.15:21:44::SCWBDomain::nostartfiles -g -Wall -Wextra -fno-tree-loop-distribute-patterns"

TRACE::2024-08-07.15:21:44::SCWBDomain::Running Make include in ps7_cortexa9_0/libsrc/xilrsa_v1_8/src

TRACE::2024-08-07.15:21:44::SCWBDomain::make -C ps7_cortexa9_0/libsrc/xilrsa_v1_8/src -s include  "SHELL=/bin/sh" "COMPILER=arm-none-eabi-gcc" "ASSEMBLER=arm-none-eabi
TRACE::2024-08-07.15:21:44::SCWBDomain::-as" "ARCHIVER=arm-none-eabi-ar" "COMPILER_FLAGS=  -O2 -c" "EXTRA_COMPILER_FLAGS=-mcpu=cortex-a9 -mfpu=vfpv3 -mfloat-abi=hard -
TRACE::2024-08-07.15:21:44::SCWBDomain::nostartfiles -g -Wall -Wextra -fno-tree-loop-distribute-patterns"

TRACE::2024-08-07.15:21:44::SCWBDomain::Running Make libs in ps7_cortexa9_0/libsrc/xilrsa_v1_8/src

TRACE::2024-08-07.15:21:44::SCWBDomain::make -C ps7_cortexa9_0/libsrc/xilrsa_v1_8/src -s libs  "SHELL=/bin/sh" "COMPILER=arm-none-eabi-gcc" "ASSEMBLER=arm-none-eabi-as
TRACE::2024-08-07.15:21:44::SCWBDomain::" "ARCHIVER=arm-none-eabi-ar" "COMPILER_FLAGS=  -O2 -c" "EXTRA_COMPILER_FLAGS=-mcpu=cortex-a9 -mfpu=vfpv3 -mfloat-abi=hard -nos
TRACE::2024-08-07.15:21:44::SCWBDomain::tartfiles -g -Wall -Wextra -fno-tree-loop-distribute-patterns"

TRACE::2024-08-07.15:21:44::SCWBDomain::Finished building libraries sequentially.

TRACE::2024-08-07.15:21:44::SCWBDomain::make -j 10 --no-print-directory par_libs

TRACE::2024-08-07.15:21:44::SCWBDomain::Running Make include in ps7_cortexa9_0/libsrc/bram_v4_10/src

TRACE::2024-08-07.15:21:44::SCWBDomain::make -C ps7_cortexa9_0/libsrc/bram_v4_10/src -s include  "SHELL=/bin/sh" "COMPILER=arm-none-eabi-gcc" "ASSEMBLER=arm-none-eabi-
TRACE::2024-08-07.15:21:44::SCWBDomain::as" "ARCHIVER=arm-none-eabi-ar" "COMPILER_FLAGS=  -O2 -c" "EXTRA_COMPILER_FLAGS=-mcpu=cortex-a9 -mfpu=vfpv3 -mfloat-abi=hard -n
TRACE::2024-08-07.15:21:44::SCWBDomain::ostartfiles -g -Wall -Wextra -fno-tree-loop-distribute-patterns"

TRACE::2024-08-07.15:21:44::SCWBDomain::Running Make include in ps7_cortexa9_0/libsrc/coresightps_dcc_v1_10/src

TRACE::2024-08-07.15:21:44::SCWBDomain::make -C ps7_cortexa9_0/libsrc/coresightps_dcc_v1_10/src -s include  "SHELL=/bin/sh" "COMPILER=arm-none-eabi-gcc" "ASSEMBLER=arm
TRACE::2024-08-07.15:21:44::SCWBDomain::-none-eabi-as" "ARCHIVER=arm-none-eabi-ar" "COMPILER_FLAGS=  -O2 -c" "EXTRA_COMPILER_FLAGS=-mcpu=cortex-a9 -mfpu=vfpv3 -mfloat-
TRACE::2024-08-07.15:21:44::SCWBDomain::abi=hard -nostartfiles -g -Wall -Wextra -fno-tree-loop-distribute-patterns"

TRACE::2024-08-07.15:21:44::SCWBDomain::Running Make include in ps7_cortexa9_0/libsrc/cpu_cortexa9_v2_12/src

TRACE::2024-08-07.15:21:44::SCWBDomain::make -C ps7_cortexa9_0/libsrc/cpu_cortexa9_v2_12/src -s include  "SHELL=/bin/sh" "COMPILER=arm-none-eabi-gcc" "ASSEMBLER=arm-no
TRACE::2024-08-07.15:21:44::SCWBDomain::ne-eabi-as" "ARCHIVER=arm-none-eabi-ar" "COMPILER_FLAGS=  -O2 -c" "EXTRA_COMPILER_FLAGS=-mcpu=cortex-a9 -mfpu=vfpv3 -mfloat-abi
TRACE::2024-08-07.15:21:44::SCWBDomain::=hard -nostartfiles -g -Wall -Wextra -fno-tree-loop-distribute-patterns"

TRACE::2024-08-07.15:21:44::SCWBDomain::Running Make include in ps7_cortexa9_0/libsrc/ddrps_v1_2/src

TRACE::2024-08-07.15:21:44::SCWBDomain::Running Make include in ps7_cortexa9_0/libsrc/devcfg_v3_8/src

TRACE::2024-08-07.15:21:44::SCWBDomain::make -C ps7_cortexa9_0/libsrc/ddrps_v1_2/src -s include  "SHELL=/bin/sh" "COMPILER=arm-none-eabi-gcc" "ASSEMBLER=arm-none-eabi-
TRACE::2024-08-07.15:21:44::SCWBDomain::as" "ARCHIVER=arm-none-eabi-ar" "COMPILER_FLAGS=  -O2 -c" "EXTRA_COMPILER_FLAGS=-mcpu=cortex-a9 -mfpu=vfpv3 -mfloat-abi=hard -n
TRACE::2024-08-07.15:21:44::SCWBDomain::ostartfiles -g -Wall -Wextra -fno-tree-loop-distribute-patterns"

TRACE::2024-08-07.15:21:44::SCWBDomain::make -C ps7_cortexa9_0/libsrc/devcfg_v3_8/src -s include  "SHELL=/bin/sh" "COMPILER=arm-none-eabi-gcc" "ASSEMBLER=arm-none-eabi
TRACE::2024-08-07.15:21:44::SCWBDomain::-as" "ARCHIVER=arm-none-eabi-ar" "COMPILER_FLAGS=  -O2 -c" "EXTRA_COMPILER_FLAGS=-mcpu=cortex-a9 -mfpu=vfpv3 -mfloat-abi=hard -
TRACE::2024-08-07.15:21:44::SCWBDomain::nostartfiles -g -Wall -Wextra -fno-tree-loop-distribute-patterns"

TRACE::2024-08-07.15:21:44::SCWBDomain::Running Make include in ps7_cortexa9_0/libsrc/dmaps_v2_10/src

TRACE::2024-08-07.15:21:44::SCWBDomain::make -C ps7_cortexa9_0/libsrc/dmaps_v2_10/src -s include  "SHELL=/bin/sh" "COMPILER=arm-none-eabi-gcc" "ASSEMBLER=arm-none-eabi
TRACE::2024-08-07.15:21:44::SCWBDomain::-as" "ARCHIVER=arm-none-eabi-ar" "COMPILER_FLAGS=  -O2 -c" "EXTRA_COMPILER_FLAGS=-mcpu=cortex-a9 -mfpu=vfpv3 -mfloat-abi=hard -
TRACE::2024-08-07.15:21:44::SCWBDomain::nostartfiles -g -Wall -Wextra -fno-tree-loop-distribute-patterns"

TRACE::2024-08-07.15:21:44::SCWBDomain::Running Make include in ps7_cortexa9_0/libsrc/emacps_v3_20/src

TRACE::2024-08-07.15:21:44::SCWBDomain::Running Make include in ps7_cortexa9_0/libsrc/gpiops_v3_13/src

TRACE::2024-08-07.15:21:44::SCWBDomain::Running Make include in ps7_cortexa9_0/libsrc/qspips_v3_12/src

TRACE::2024-08-07.15:21:44::SCWBDomain::make -C ps7_cortexa9_0/libsrc/emacps_v3_20/src -s include  "SHELL=/bin/sh" "COMPILER=arm-none-eabi-gcc" "ASSEMBLER=arm-none-eab
TRACE::2024-08-07.15:21:44::SCWBDomain::i-as" "ARCHIVER=arm-none-eabi-ar" "COMPILER_FLAGS=  -O2 -c" "EXTRA_COMPILER_FLAGS=-mcpu=cortex-a9 -mfpu=vfpv3 -mfloat-abi=hard 
TRACE::2024-08-07.15:21:44::SCWBDomain::-nostartfiles -g -Wall -Wextra -fno-tree-loop-distribute-patterns"

TRACE::2024-08-07.15:21:44::SCWBDomain::make -C ps7_cortexa9_0/libsrc/gpiops_v3_13/src -s include  "SHELL=/bin/sh" "COMPILER=arm-none-eabi-gcc" "ASSEMBLER=arm-none-eab
TRACE::2024-08-07.15:21:44::SCWBDomain::i-as" "ARCHIVER=arm-none-eabi-ar" "COMPILER_FLAGS=  -O2 -c" "EXTRA_COMPILER_FLAGS=-mcpu=cortex-a9 -mfpu=vfpv3 -mfloat-abi=hard 
TRACE::2024-08-07.15:21:44::SCWBDomain::-nostartfiles -g -Wall -Wextra -fno-tree-loop-distribute-patterns"

TRACE::2024-08-07.15:21:44::SCWBDomain::make -C ps7_cortexa9_0/libsrc/qspips_v3_12/src -s include  "SHELL=/bin/sh" "COMPILER=arm-none-eabi-gcc" "ASSEMBLER=arm-none-eab
TRACE::2024-08-07.15:21:44::SCWBDomain::i-as" "ARCHIVER=arm-none-eabi-ar" "COMPILER_FLAGS=  -O2 -c" "EXTRA_COMPILER_FLAGS=-mcpu=cortex-a9 -mfpu=vfpv3 -mfloat-abi=hard 
TRACE::2024-08-07.15:21:44::SCWBDomain::-nostartfiles -g -Wall -Wextra -fno-tree-loop-distribute-patterns"

TRACE::2024-08-07.15:21:44::SCWBDomain::Running Make include in ps7_cortexa9_0/libsrc/scugic_v5_3/src

TRACE::2024-08-07.15:21:44::SCWBDomain::make -C ps7_cortexa9_0/libsrc/scugic_v5_3/src -s include  "SHELL=/bin/sh" "COMPILER=arm-none-eabi-gcc" "ASSEMBLER=arm-none-eabi
TRACE::2024-08-07.15:21:44::SCWBDomain::-as" "ARCHIVER=arm-none-eabi-ar" "COMPILER_FLAGS=  -O2 -c" "EXTRA_COMPILER_FLAGS=-mcpu=cortex-a9 -mfpu=vfpv3 -mfloat-abi=hard -
TRACE::2024-08-07.15:21:44::SCWBDomain::nostartfiles -g -Wall -Wextra -fno-tree-loop-distribute-patterns"

TRACE::2024-08-07.15:21:44::SCWBDomain::Running Make include in ps7_cortexa9_0/libsrc/scutimer_v2_6/src

TRACE::2024-08-07.15:21:44::SCWBDomain::make -C ps7_cortexa9_0/libsrc/scutimer_v2_6/src -s include  "SHELL=/bin/sh" "COMPILER=arm-none-eabi-gcc" "ASSEMBLER=arm-none-ea
TRACE::2024-08-07.15:21:44::SCWBDomain::bi-as" "ARCHIVER=arm-none-eabi-ar" "COMPILER_FLAGS=  -O2 -c" "EXTRA_COMPILER_FLAGS=-mcpu=cortex-a9 -mfpu=vfpv3 -mfloat-abi=hard
TRACE::2024-08-07.15:21:44::SCWBDomain:: -nostartfiles -g -Wall -Wextra -fno-tree-loop-distribute-patterns"

TRACE::2024-08-07.15:21:44::SCWBDomain::Running Make include in ps7_cortexa9_0/libsrc/scuwdt_v2_5/src

TRACE::2024-08-07.15:21:44::SCWBDomain::make -C ps7_cortexa9_0/libsrc/scuwdt_v2_5/src -s include  "SHELL=/bin/sh" "COMPILER=arm-none-eabi-gcc" "ASSEMBLER=arm-none-eabi
TRACE::2024-08-07.15:21:44::SCWBDomain::-as" "ARCHIVER=arm-none-eabi-ar" "COMPILER_FLAGS=  -O2 -c" "EXTRA_COMPILER_FLAGS=-mcpu=cortex-a9 -mfpu=vfpv3 -mfloat-abi=hard -
TRACE::2024-08-07.15:21:44::SCWBDomain::nostartfiles -g -Wall -Wextra -fno-tree-loop-distribute-patterns"

TRACE::2024-08-07.15:21:44::SCWBDomain::Running Make include in ps7_cortexa9_0/libsrc/sdps_v4_3/src

TRACE::2024-08-07.15:21:44::SCWBDomain::make -C ps7_cortexa9_0/libsrc/sdps_v4_3/src -s include  "SHELL=/bin/sh" "COMPILER=arm-none-eabi-gcc" "ASSEMBLER=arm-none-eabi-a
TRACE::2024-08-07.15:21:44::SCWBDomain::s" "ARCHIVER=arm-none-eabi-ar" "COMPILER_FLAGS=  -O2 -c" "EXTRA_COMPILER_FLAGS=-mcpu=cortex-a9 -mfpu=vfpv3 -mfloat-abi=hard -no
TRACE::2024-08-07.15:21:44::SCWBDomain::startfiles -g -Wall -Wextra -fno-tree-loop-distribute-patterns"

TRACE::2024-08-07.15:21:44::SCWBDomain::Running Make include in ps7_cortexa9_0/libsrc/standalone_v9_1/src

TRACE::2024-08-07.15:21:44::SCWBDomain::make -C ps7_cortexa9_0/libsrc/standalone_v9_1/src -s include  "SHELL=/bin/sh" "COMPILER=arm-none-eabi-gcc" "ASSEMBLER=arm-none-
TRACE::2024-08-07.15:21:44::SCWBDomain::eabi-as" "ARCHIVER=arm-none-eabi-ar" "COMPILER_FLAGS=  -O2 -c" "EXTRA_COMPILER_FLAGS=-mcpu=cortex-a9 -mfpu=vfpv3 -mfloat-abi=ha
TRACE::2024-08-07.15:21:44::SCWBDomain::rd -nostartfiles -g -Wall -Wextra -fno-tree-loop-distribute-patterns"

TRACE::2024-08-07.15:21:44::SCWBDomain::Running Make include in ps7_cortexa9_0/libsrc/uartps_v3_14/src

TRACE::2024-08-07.15:21:44::SCWBDomain::make -C ps7_cortexa9_0/libsrc/uartps_v3_14/src -s include  "SHELL=/bin/sh" "COMPILER=arm-none-eabi-gcc" "ASSEMBLER=arm-none-eab
TRACE::2024-08-07.15:21:44::SCWBDomain::i-as" "ARCHIVER=arm-none-eabi-ar" "COMPILER_FLAGS=  -O2 -c" "EXTRA_COMPILER_FLAGS=-mcpu=cortex-a9 -mfpu=vfpv3 -mfloat-abi=hard 
TRACE::2024-08-07.15:21:44::SCWBDomain::-nostartfiles -g -Wall -Wextra -fno-tree-loop-distribute-patterns"

TRACE::2024-08-07.15:21:44::SCWBDomain::Running Make include in ps7_cortexa9_0/libsrc/usbps_v2_9/src

TRACE::2024-08-07.15:21:44::SCWBDomain::make -C ps7_cortexa9_0/libsrc/usbps_v2_9/src -s include  "SHELL=/bin/sh" "COMPILER=arm-none-eabi-gcc" "ASSEMBLER=arm-none-eabi-
TRACE::2024-08-07.15:21:44::SCWBDomain::as" "ARCHIVER=arm-none-eabi-ar" "COMPILER_FLAGS=  -O2 -c" "EXTRA_COMPILER_FLAGS=-mcpu=cortex-a9 -mfpu=vfpv3 -mfloat-abi=hard -n
TRACE::2024-08-07.15:21:44::SCWBDomain::ostartfiles -g -Wall -Wextra -fno-tree-loop-distribute-patterns"

TRACE::2024-08-07.15:21:44::SCWBDomain::Running Make include in ps7_cortexa9_0/libsrc/xadcps_v2_7/src

TRACE::2024-08-07.15:21:44::SCWBDomain::make -C ps7_cortexa9_0/libsrc/xadcps_v2_7/src -s include  "SHELL=/bin/sh" "COMPILER=arm-none-eabi-gcc" "ASSEMBLER=arm-none-eabi
TRACE::2024-08-07.15:21:44::SCWBDomain::-as" "ARCHIVER=arm-none-eabi-ar" "COMPILER_FLAGS=  -O2 -c" "EXTRA_COMPILER_FLAGS=-mcpu=cortex-a9 -mfpu=vfpv3 -mfloat-abi=hard -
TRACE::2024-08-07.15:21:44::SCWBDomain::nostartfiles -g -Wall -Wextra -fno-tree-loop-distribute-patterns"

TRACE::2024-08-07.15:21:44::SCWBDomain::Running Make include in ps7_cortexa9_0/libsrc/xilffs_v5_2/src

TRACE::2024-08-07.15:21:44::SCWBDomain::make -C ps7_cortexa9_0/libsrc/xilffs_v5_2/src -s include  "SHELL=/bin/sh" "COMPILER=arm-none-eabi-gcc" "ASSEMBLER=arm-none-eabi
TRACE::2024-08-07.15:21:44::SCWBDomain::-as" "ARCHIVER=arm-none-eabi-ar" "COMPILER_FLAGS=  -O2 -c" "EXTRA_COMPILER_FLAGS=-mcpu=cortex-a9 -mfpu=vfpv3 -mfloat-abi=hard -
TRACE::2024-08-07.15:21:44::SCWBDomain::nostartfiles -g -Wall -Wextra -fno-tree-loop-distribute-patterns"

TRACE::2024-08-07.15:21:44::SCWBDomain::Running Make include in ps7_cortexa9_0/libsrc/xilrsa_v1_8/src

TRACE::2024-08-07.15:21:44::SCWBDomain::make -C ps7_cortexa9_0/libsrc/xilrsa_v1_8/src -s include  "SHELL=/bin/sh" "COMPILER=arm-none-eabi-gcc" "ASSEMBLER=arm-none-eabi
TRACE::2024-08-07.15:21:44::SCWBDomain::-as" "ARCHIVER=arm-none-eabi-ar" "COMPILER_FLAGS=  -O2 -c" "EXTRA_COMPILER_FLAGS=-mcpu=cortex-a9 -mfpu=vfpv3 -mfloat-abi=hard -
TRACE::2024-08-07.15:21:44::SCWBDomain::nostartfiles -g -Wall -Wextra -fno-tree-loop-distribute-patterns"

TRACE::2024-08-07.15:21:44::SCWBDomain::Running Make libs in ps7_cortexa9_0/libsrc/bram_v4_10/src

TRACE::2024-08-07.15:21:44::SCWBDomain::make -C ps7_cortexa9_0/libsrc/bram_v4_10/src -s libs  "SHELL=/bin/sh" "COMPILER=arm-none-eabi-gcc" "ASSEMBLER=arm-none-eabi-as"
TRACE::2024-08-07.15:21:44::SCWBDomain:: "ARCHIVER=arm-none-eabi-ar" "COMPILER_FLAGS=  -O2 -c" "EXTRA_COMPILER_FLAGS=-mcpu=cortex-a9 -mfpu=vfpv3 -mfloat-abi=hard -nost
TRACE::2024-08-07.15:21:44::SCWBDomain::artfiles -g -Wall -Wextra -fno-tree-loop-distribute-patterns"

TRACE::2024-08-07.15:21:44::SCWBDomain::Running Make libs in ps7_cortexa9_0/libsrc/coresightps_dcc_v1_10/src

TRACE::2024-08-07.15:21:44::SCWBDomain::Running Make libs in ps7_cortexa9_0/libsrc/cpu_cortexa9_v2_12/src

TRACE::2024-08-07.15:21:44::SCWBDomain::Running Make libs in ps7_cortexa9_0/libsrc/ddrps_v1_2/src

TRACE::2024-08-07.15:21:44::SCWBDomain::make -C ps7_cortexa9_0/libsrc/coresightps_dcc_v1_10/src -s libs  "SHELL=/bin/sh" "COMPILER=arm-none-eabi-gcc" "ASSEMBLER=arm-no
TRACE::2024-08-07.15:21:44::SCWBDomain::ne-eabi-as" "ARCHIVER=arm-none-eabi-ar" "COMPILER_FLAGS=  -O2 -c" "EXTRA_COMPILER_FLAGS=-mcpu=cortex-a9 -mfpu=vfpv3 -mfloat-abi
TRACE::2024-08-07.15:21:44::SCWBDomain::=hard -nostartfiles -g -Wall -Wextra -fno-tree-loop-distribute-patterns"

TRACE::2024-08-07.15:21:44::SCWBDomain::make -C ps7_cortexa9_0/libsrc/cpu_cortexa9_v2_12/src -s libs  "SHELL=/bin/sh" "COMPILER=arm-none-eabi-gcc" "ASSEMBLER=arm-none-
TRACE::2024-08-07.15:21:44::SCWBDomain::eabi-as" "ARCHIVER=arm-none-eabi-ar" "COMPILER_FLAGS=  -O2 -c" "EXTRA_COMPILER_FLAGS=-mcpu=cortex-a9 -mfpu=vfpv3 -mfloat-abi=ha
TRACE::2024-08-07.15:21:44::SCWBDomain::rd -nostartfiles -g -Wall -Wextra -fno-tree-loop-distribute-patterns"

TRACE::2024-08-07.15:21:44::SCWBDomain::make -C ps7_cortexa9_0/libsrc/ddrps_v1_2/src -s libs  "SHELL=/bin/sh" "COMPILER=arm-none-eabi-gcc" "ASSEMBLER=arm-none-eabi-as"
TRACE::2024-08-07.15:21:44::SCWBDomain:: "ARCHIVER=arm-none-eabi-ar" "COMPILER_FLAGS=  -O2 -c" "EXTRA_COMPILER_FLAGS=-mcpu=cortex-a9 -mfpu=vfpv3 -mfloat-abi=hard -nost
TRACE::2024-08-07.15:21:44::SCWBDomain::artfiles -g -Wall -Wextra -fno-tree-loop-distribute-patterns"

TRACE::2024-08-07.15:21:44::SCWBDomain::Running Make libs in ps7_cortexa9_0/libsrc/devcfg_v3_8/src

TRACE::2024-08-07.15:21:44::SCWBDomain::make -C ps7_cortexa9_0/libsrc/devcfg_v3_8/src -s libs  "SHELL=/bin/sh" "COMPILER=arm-none-eabi-gcc" "ASSEMBLER=arm-none-eabi-as
TRACE::2024-08-07.15:21:44::SCWBDomain::" "ARCHIVER=arm-none-eabi-ar" "COMPILER_FLAGS=  -O2 -c" "EXTRA_COMPILER_FLAGS=-mcpu=cortex-a9 -mfpu=vfpv3 -mfloat-abi=hard -nos
TRACE::2024-08-07.15:21:44::SCWBDomain::tartfiles -g -Wall -Wextra -fno-tree-loop-distribute-patterns"

TRACE::2024-08-07.15:21:44::SCWBDomain::Running Make libs in ps7_cortexa9_0/libsrc/dmaps_v2_10/src

TRACE::2024-08-07.15:21:44::SCWBDomain::Running Make libs in ps7_cortexa9_0/libsrc/emacps_v3_20/src

TRACE::2024-08-07.15:21:44::SCWBDomain::Running Make libs in ps7_cortexa9_0/libsrc/gpiops_v3_13/src

TRACE::2024-08-07.15:21:44::SCWBDomain::Running Make libs in ps7_cortexa9_0/libsrc/qspips_v3_12/src

TRACE::2024-08-07.15:21:44::SCWBDomain::make -C ps7_cortexa9_0/libsrc/dmaps_v2_10/src -s libs  "SHELL=/bin/sh" "COMPILER=arm-none-eabi-gcc" "ASSEMBLER=arm-none-eabi-as
TRACE::2024-08-07.15:21:44::SCWBDomain::" "ARCHIVER=arm-none-eabi-ar" "COMPILER_FLAGS=  -O2 -c" "EXTRA_COMPILER_FLAGS=-mcpu=cortex-a9 -mfpu=vfpv3 -mfloat-abi=hard -nos
TRACE::2024-08-07.15:21:44::SCWBDomain::tartfiles -g -Wall -Wextra -fno-tree-loop-distribute-patterns"

TRACE::2024-08-07.15:21:44::SCWBDomain::make -C ps7_cortexa9_0/libsrc/emacps_v3_20/src -s libs  "SHELL=/bin/sh" "COMPILER=arm-none-eabi-gcc" "ASSEMBLER=arm-none-eabi-a
TRACE::2024-08-07.15:21:44::SCWBDomain::s" "ARCHIVER=arm-none-eabi-ar" "COMPILER_FLAGS=  -O2 -c" "EXTRA_COMPILER_FLAGS=-mcpu=cortex-a9 -mfpu=vfpv3 -mfloat-abi=hard -no
TRACE::2024-08-07.15:21:44::SCWBDomain::startfiles -g -Wall -Wextra -fno-tree-loop-distribute-patterns"

TRACE::2024-08-07.15:21:44::SCWBDomain::make -C ps7_cortexa9_0/libsrc/gpiops_v3_13/src -s libs  "SHELL=/bin/sh" "COMPILER=arm-none-eabi-gcc" "ASSEMBLER=arm-none-eabi-a
TRACE::2024-08-07.15:21:44::SCWBDomain::s" "ARCHIVER=arm-none-eabi-ar" "COMPILER_FLAGS=  -O2 -c" "EXTRA_COMPILER_FLAGS=-mcpu=cortex-a9 -mfpu=vfpv3 -mfloat-abi=hard -no
TRACE::2024-08-07.15:21:44::SCWBDomain::startfiles -g -Wall -Wextra -fno-tree-loop-distribute-patterns"

TRACE::2024-08-07.15:21:44::SCWBDomain::Running Make libs in ps7_cortexa9_0/libsrc/scugic_v5_3/src

TRACE::2024-08-07.15:21:44::SCWBDomain::make -C ps7_cortexa9_0/libsrc/qspips_v3_12/src -s libs  "SHELL=/bin/sh" "COMPILER=arm-none-eabi-gcc" "ASSEMBLER=arm-none-eabi-a
TRACE::2024-08-07.15:21:44::SCWBDomain::s" "ARCHIVER=arm-none-eabi-ar" "COMPILER_FLAGS=  -O2 -c" "EXTRA_COMPILER_FLAGS=-mcpu=cortex-a9 -mfpu=vfpv3 -mfloat-abi=hard -no
TRACE::2024-08-07.15:21:44::SCWBDomain::startfiles -g -Wall -Wextra -fno-tree-loop-distribute-patterns"

TRACE::2024-08-07.15:21:44::SCWBDomain::make -C ps7_cortexa9_0/libsrc/scugic_v5_3/src -s libs  "SHELL=/bin/sh" "COMPILER=arm-none-eabi-gcc" "ASSEMBLER=arm-none-eabi-as
TRACE::2024-08-07.15:21:44::SCWBDomain::" "ARCHIVER=arm-none-eabi-ar" "COMPILER_FLAGS=  -O2 -c" "EXTRA_COMPILER_FLAGS=-mcpu=cortex-a9 -mfpu=vfpv3 -mfloat-abi=hard -nos
TRACE::2024-08-07.15:21:44::SCWBDomain::tartfiles -g -Wall -Wextra -fno-tree-loop-distribute-patterns"

TRACE::2024-08-07.15:21:44::SCWBDomain::Running Make libs in ps7_cortexa9_0/libsrc/scutimer_v2_6/src

TRACE::2024-08-07.15:21:44::SCWBDomain::make -C ps7_cortexa9_0/libsrc/scutimer_v2_6/src -s libs  "SHELL=/bin/sh" "COMPILER=arm-none-eabi-gcc" "ASSEMBLER=arm-none-eabi-
TRACE::2024-08-07.15:21:44::SCWBDomain::as" "ARCHIVER=arm-none-eabi-ar" "COMPILER_FLAGS=  -O2 -c" "EXTRA_COMPILER_FLAGS=-mcpu=cortex-a9 -mfpu=vfpv3 -mfloat-abi=hard -n
TRACE::2024-08-07.15:21:44::SCWBDomain::ostartfiles -g -Wall -Wextra -fno-tree-loop-distribute-patterns"

TRACE::2024-08-07.15:21:44::SCWBDomain::Running Make libs in ps7_cortexa9_0/libsrc/scuwdt_v2_5/src

TRACE::2024-08-07.15:21:44::SCWBDomain::make -C ps7_cortexa9_0/libsrc/scuwdt_v2_5/src -s libs  "SHELL=/bin/sh" "COMPILER=arm-none-eabi-gcc" "ASSEMBLER=arm-none-eabi-as
TRACE::2024-08-07.15:21:44::SCWBDomain::" "ARCHIVER=arm-none-eabi-ar" "COMPILER_FLAGS=  -O2 -c" "EXTRA_COMPILER_FLAGS=-mcpu=cortex-a9 -mfpu=vfpv3 -mfloat-abi=hard -nos
TRACE::2024-08-07.15:21:44::SCWBDomain::tartfiles -g -Wall -Wextra -fno-tree-loop-distribute-patterns"

TRACE::2024-08-07.15:21:45::SCWBDomain::Running Make libs in ps7_cortexa9_0/libsrc/sdps_v4_3/src

TRACE::2024-08-07.15:21:45::SCWBDomain::make -C ps7_cortexa9_0/libsrc/sdps_v4_3/src -s libs  "SHELL=/bin/sh" "COMPILER=arm-none-eabi-gcc" "ASSEMBLER=arm-none-eabi-as" 
TRACE::2024-08-07.15:21:45::SCWBDomain::"ARCHIVER=arm-none-eabi-ar" "COMPILER_FLAGS=  -O2 -c" "EXTRA_COMPILER_FLAGS=-mcpu=cortex-a9 -mfpu=vfpv3 -mfloat-abi=hard -nosta
TRACE::2024-08-07.15:21:45::SCWBDomain::rtfiles -g -Wall -Wextra -fno-tree-loop-distribute-patterns"

TRACE::2024-08-07.15:21:45::SCWBDomain::Running Make libs in ps7_cortexa9_0/libsrc/standalone_v9_1/src

TRACE::2024-08-07.15:21:45::SCWBDomain::make -C ps7_cortexa9_0/libsrc/standalone_v9_1/src -s libs  "SHELL=/bin/sh" "COMPILER=arm-none-eabi-gcc" "ASSEMBLER=arm-none-eab
TRACE::2024-08-07.15:21:45::SCWBDomain::i-as" "ARCHIVER=arm-none-eabi-ar" "COMPILER_FLAGS=  -O2 -c" "EXTRA_COMPILER_FLAGS=-mcpu=cortex-a9 -mfpu=vfpv3 -mfloat-abi=hard 
TRACE::2024-08-07.15:21:45::SCWBDomain::-nostartfiles -g -Wall -Wextra -fno-tree-loop-distribute-patterns"

TRACE::2024-08-07.15:21:45::SCWBDomain::Running Make libs in ps7_cortexa9_0/libsrc/uartps_v3_14/src

TRACE::2024-08-07.15:21:45::SCWBDomain::make -C ps7_cortexa9_0/libsrc/uartps_v3_14/src -s libs  "SHELL=/bin/sh" "COMPILER=arm-none-eabi-gcc" "ASSEMBLER=arm-none-eabi-a
TRACE::2024-08-07.15:21:45::SCWBDomain::s" "ARCHIVER=arm-none-eabi-ar" "COMPILER_FLAGS=  -O2 -c" "EXTRA_COMPILER_FLAGS=-mcpu=cortex-a9 -mfpu=vfpv3 -mfloat-abi=hard -no
TRACE::2024-08-07.15:21:45::SCWBDomain::startfiles -g -Wall -Wextra -fno-tree-loop-distribute-patterns"

TRACE::2024-08-07.15:21:45::SCWBDomain::Running Make libs in ps7_cortexa9_0/libsrc/usbps_v2_9/src

TRACE::2024-08-07.15:21:45::SCWBDomain::make -C ps7_cortexa9_0/libsrc/usbps_v2_9/src -s libs  "SHELL=/bin/sh" "COMPILER=arm-none-eabi-gcc" "ASSEMBLER=arm-none-eabi-as"
TRACE::2024-08-07.15:21:45::SCWBDomain:: "ARCHIVER=arm-none-eabi-ar" "COMPILER_FLAGS=  -O2 -c" "EXTRA_COMPILER_FLAGS=-mcpu=cortex-a9 -mfpu=vfpv3 -mfloat-abi=hard -nost
TRACE::2024-08-07.15:21:45::SCWBDomain::artfiles -g -Wall -Wextra -fno-tree-loop-distribute-patterns"

TRACE::2024-08-07.15:21:45::SCWBDomain::Running Make libs in ps7_cortexa9_0/libsrc/xadcps_v2_7/src

TRACE::2024-08-07.15:21:45::SCWBDomain::make -C ps7_cortexa9_0/libsrc/xadcps_v2_7/src -s libs  "SHELL=/bin/sh" "COMPILER=arm-none-eabi-gcc" "ASSEMBLER=arm-none-eabi-as
TRACE::2024-08-07.15:21:45::SCWBDomain::" "ARCHIVER=arm-none-eabi-ar" "COMPILER_FLAGS=  -O2 -c" "EXTRA_COMPILER_FLAGS=-mcpu=cortex-a9 -mfpu=vfpv3 -mfloat-abi=hard -nos
TRACE::2024-08-07.15:21:45::SCWBDomain::tartfiles -g -Wall -Wextra -fno-tree-loop-distribute-patterns"

TRACE::2024-08-07.15:21:45::SCWBDomain::Running Make libs in ps7_cortexa9_0/libsrc/xilffs_v5_2/src

TRACE::2024-08-07.15:21:45::SCWBDomain::make -C ps7_cortexa9_0/libsrc/xilffs_v5_2/src -s libs  "SHELL=/bin/sh" "COMPILER=arm-none-eabi-gcc" "ASSEMBLER=arm-none-eabi-as
TRACE::2024-08-07.15:21:45::SCWBDomain::" "ARCHIVER=arm-none-eabi-ar" "COMPILER_FLAGS=  -O2 -c" "EXTRA_COMPILER_FLAGS=-mcpu=cortex-a9 -mfpu=vfpv3 -mfloat-abi=hard -nos
TRACE::2024-08-07.15:21:45::SCWBDomain::tartfiles -g -Wall -Wextra -fno-tree-loop-distribute-patterns"

TRACE::2024-08-07.15:21:46::SCWBDomain::Finished building libraries parallelly.

TRACE::2024-08-07.15:21:46::SCWBDomain::make --no-print-directory archive

TRACE::2024-08-07.15:21:46::SCWBDomain::arm-none-eabi-ar -r  ps7_cortexa9_0/lib/libxil.a ps7_cortexa9_0/lib/_exit.o ps7_cortexa9_0/lib/_open.o ps7_cortexa9_0/lib/_sbrk
TRACE::2024-08-07.15:21:46::SCWBDomain::.o ps7_cortexa9_0/lib/abort.o ps7_cortexa9_0/lib/asm_vectors.o ps7_cortexa9_0/lib/boot.o ps7_cortexa9_0/lib/close.o ps7_cortexa
TRACE::2024-08-07.15:21:46::SCWBDomain::9_0/lib/cpputest_time.o ps7_cortexa9_0/lib/cpu_init.o ps7_cortexa9_0/lib/errno.o ps7_cortexa9_0/lib/fcntl.o ps7_cortexa9_0/lib/
TRACE::2024-08-07.15:21:46::SCWBDomain::fstat.o ps7_cortexa9_0/lib/getentropy.o ps7_cortexa9_0/lib/getpid.o ps7_cortexa9_0/lib/inbyte.o ps7_cortexa9_0/lib/isatty.o ps7
TRACE::2024-08-07.15:21:46::SCWBDomain::_cortexa9_0/lib/kill.o ps7_cortexa9_0/lib/lseek.o ps7_cortexa9_0/lib/open.o ps7_cortexa9_0/lib/outbyte.o ps7_cortexa9_0/lib/pri
TRACE::2024-08-07.15:21:46::SCWBDomain::nt.o ps7_cortexa9_0/lib/putnum.o ps7_cortexa9_0/lib/read.o ps7_cortexa9_0/lib/sbrk.o ps7_cortexa9_0/lib/sleep.o ps7_cortexa9_0/
TRACE::2024-08-07.15:21:46::SCWBDomain::lib/time.o ps7_cortexa9_0/lib/translation_table.o ps7_cortexa9_0/lib/unlink.o ps7_cortexa9_0/lib/usleep.o ps7_cortexa9_0/lib/ve
TRACE::2024-08-07.15:21:46::SCWBDomain::ctors.o ps7_cortexa9_0/lib/write.o ps7_cortexa9_0/lib/xadcps.o ps7_cortexa9_0/lib/xadcps_g.o ps7_cortexa9_0/lib/xadcps_intr.o p
TRACE::2024-08-07.15:21:46::SCWBDomain::s7_cortexa9_0/lib/xadcps_selftest.o ps7_cortexa9_0/lib/xadcps_sinit.o ps7_cortexa9_0/lib/xbram.o ps7_cortexa9_0/lib/xbram_g.o p
TRACE::2024-08-07.15:21:46::SCWBDomain::s7_cortexa9_0/lib/xbram_intr.o ps7_cortexa9_0/lib/xbram_selftest.o ps7_cortexa9_0/lib/xbram_sinit.o ps7_cortexa9_0/lib/xcoresig
TRACE::2024-08-07.15:21:46::SCWBDomain::htpsdcc.o ps7_cortexa9_0/lib/xdevcfg.o ps7_cortexa9_0/lib/xdevcfg_g.o ps7_cortexa9_0/lib/xdevcfg_hw.o ps7_cortexa9_0/lib/xdevcf
TRACE::2024-08-07.15:21:46::SCWBDomain::g_intr.o ps7_cortexa9_0/lib/xdevcfg_selftest.o ps7_cortexa9_0/lib/xdevcfg_sinit.o ps7_cortexa9_0/lib/xdmaps.o ps7_cortexa9_0/li
TRACE::2024-08-07.15:21:46::SCWBDomain::b/xdmaps_g.o ps7_cortexa9_0/lib/xdmaps_hw.o ps7_cortexa9_0/lib/xdmaps_selftest.o ps7_cortexa9_0/lib/xdmaps_sinit.o ps7_cortexa9
TRACE::2024-08-07.15:21:46::SCWBDomain::_0/lib/xemacps.o ps7_cortexa9_0/lib/xemacps_bdring.o ps7_cortexa9_0/lib/xemacps_control.o ps7_cortexa9_0/lib/xemacps_g.o ps7_co
TRACE::2024-08-07.15:21:46::SCWBDomain::rtexa9_0/lib/xemacps_hw.o ps7_cortexa9_0/lib/xemacps_intr.o ps7_cortexa9_0/lib/xemacps_sinit.o ps7_cortexa9_0/lib/xgpiops.o ps7
TRACE::2024-08-07.15:21:46::SCWBDomain::_cortexa9_0/lib/xgpiops_g.o ps7_cortexa9_0/lib/xgpiops_hw.o ps7_cortexa9_0/lib/xgpiops_intr.o ps7_cortexa9_0/lib/xgpiops_selfte
TRACE::2024-08-07.15:21:46::SCWBDomain::st.o ps7_cortexa9_0/lib/xgpiops_sinit.o ps7_cortexa9_0/lib/xil-crt0.o ps7_cortexa9_0/lib/xil_assert.o ps7_cortexa9_0/lib/xil_ca
TRACE::2024-08-07.15:21:46::SCWBDomain::che.o ps7_cortexa9_0/lib/xil_clocking.o ps7_cortexa9_0/lib/xil_exception.o ps7_cortexa9_0/lib/xil_mem.o ps7_cortexa9_0/lib/xil_
TRACE::2024-08-07.15:21:46::SCWBDomain::misc_psreset_api.o ps7_cortexa9_0/lib/xil_mmu.o ps7_cortexa9_0/lib/xil_printf.o ps7_cortexa9_0/lib/xil_sleepcommon.o ps7_cortex
TRACE::2024-08-07.15:21:46::SCWBDomain::a9_0/lib/xil_sleeptimer.o ps7_cortexa9_0/lib/xil_spinlock.o ps7_cortexa9_0/lib/xil_testcache.o ps7_cortexa9_0/lib/xil_testio.o 
TRACE::2024-08-07.15:21:46::SCWBDomain::ps7_cortexa9_0/lib/xil_testmem.o ps7_cortexa9_0/lib/xil_util.o ps7_cortexa9_0/lib/xinterrupt_wrap.o ps7_cortexa9_0/lib/xl2cc_co
TRACE::2024-08-07.15:21:46::SCWBDomain::unter.o ps7_cortexa9_0/lib/xplatform_info.o ps7_cortexa9_0/lib/xpm_counter.o ps7_cortexa9_0/lib/xpm_init.o ps7_cortexa9_0/lib/x
TRACE::2024-08-07.15:21:46::SCWBDomain::qspips.o ps7_cortexa9_0/lib/xqspips_g.o ps7_cortexa9_0/lib/xqspips_hw.o ps7_cortexa9_0/lib/xqspips_options.o ps7_cortexa9_0/lib
TRACE::2024-08-07.15:21:46::SCWBDomain::/xqspips_selftest.o ps7_cortexa9_0/lib/xqspips_sinit.o ps7_cortexa9_0/lib/xscugic.o ps7_cortexa9_0/lib/xscugic_g.o ps7_cortexa9
TRACE::2024-08-07.15:21:46::SCWBDomain::_0/lib/xscugic_hw.o ps7_cortexa9_0/lib/xscugic_intr.o ps7_cortexa9_0/lib/xscugic_selftest.o ps7_cortexa9_0/lib/xscugic_sinit.o 
TRACE::2024-08-07.15:21:46::SCWBDomain::ps7_cortexa9_0/lib/xscutimer.o ps7_cortexa9_0/lib/xscutimer_g.o ps7_cortexa9_0/lib/xscutimer_selftest.o ps7_cortexa9_0/lib/xscu
TRACE::2024-08-07.15:21:46::SCWBDomain::timer_sinit.o ps7_cortexa9_0/lib/xscuwdt.o ps7_cortexa9_0/lib/xscuwdt_g.o ps7_cortexa9_0/lib/xscuwdt_selftest.o ps7_cortexa9_0/
TRACE::2024-08-07.15:21:46::SCWBDomain::lib/xscuwdt_sinit.o ps7_cortexa9_0/lib/xsdps.o ps7_cortexa9_0/lib/xsdps_card.o ps7_cortexa9_0/lib/xsdps_g.o ps7_cortexa9_0/lib/
TRACE::2024-08-07.15:21:46::SCWBDomain::xsdps_host.o ps7_cortexa9_0/lib/xsdps_options.o ps7_cortexa9_0/lib/xsdps_sinit.o ps7_cortexa9_0/lib/xtime_l.o ps7_cortexa9_0/li
TRACE::2024-08-07.15:21:46::SCWBDomain::b/xuartps.o ps7_cortexa9_0/lib/xuartps_g.o ps7_cortexa9_0/lib/xuartps_hw.o ps7_cortexa9_0/lib/xuartps_intr.o ps7_cortexa9_0/lib
TRACE::2024-08-07.15:21:46::SCWBDomain::/xuartps_options.o ps7_cortexa9_0/lib/xuartps_selftest.o ps7_cortexa9_0/lib/xuartps_sinit.o ps7_cortexa9_0/lib/xusbps.o ps7_cor
TRACE::2024-08-07.15:21:46::SCWBDomain::texa9_0/lib/xusbps_endpoint.o ps7_cortexa9_0/lib/xusbps_g.o ps7_cortexa9_0/lib/xusbps_hw.o ps7_cortexa9_0/lib/xusbps_intr.o ps7
TRACE::2024-08-07.15:21:46::SCWBDomain::_cortexa9_0/lib/xusbps_sinit.o

TRACE::2024-08-07.15:21:46::SCWBDomain::Finished building libraries

TRACE::2024-08-07.15:21:46::SCWBDomain::make: Leaving directory '/home/kike/Desktop/marvin/marvin/pynq_z2_bram_wrapper/zynq_fsbl/zynq_fsbl_bsp'

TRACE::2024-08-07.15:21:46::SCWBDomain::arm-none-eabi-gcc  -O2 -c -MMD -MP       -mcpu=cortex-a9 -mfpu=vfpv3 -mfloat-abi=hard  -c fsbl_hooks.c -o fsbl_hooks.o -Izynq_f
TRACE::2024-08-07.15:21:46::SCWBDomain::sbl_bsp/ps7_cortexa9_0/include -I.

TRACE::2024-08-07.15:21:46::SCWBDomain::arm-none-eabi-gcc  -O2 -c -MMD -MP       -mcpu=cortex-a9 -mfpu=vfpv3 -mfloat-abi=hard  -c image_mover.c -o image_mover.o -Izynq
TRACE::2024-08-07.15:21:46::SCWBDomain::_fsbl_bsp/ps7_cortexa9_0/include -I.

TRACE::2024-08-07.15:21:46::SCWBDomain::arm-none-eabi-gcc  -O2 -c -MMD -MP       -mcpu=cortex-a9 -mfpu=vfpv3 -mfloat-abi=hard  -c main.c -o main.o -Izynq_fsbl_bsp/ps7_
TRACE::2024-08-07.15:21:46::SCWBDomain::cortexa9_0/include -I.

TRACE::2024-08-07.15:21:46::SCWBDomain::arm-none-eabi-gcc  -O2 -c -MMD -MP       -mcpu=cortex-a9 -mfpu=vfpv3 -mfloat-abi=hard  -c md5.c -o md5.o -Izynq_fsbl_bsp/ps7_co
TRACE::2024-08-07.15:21:46::SCWBDomain::rtexa9_0/include -I.

TRACE::2024-08-07.15:21:46::SCWBDomain::arm-none-eabi-gcc  -O2 -c -MMD -MP       -mcpu=cortex-a9 -mfpu=vfpv3 -mfloat-abi=hard  -c nand.c -o nand.o -Izynq_fsbl_bsp/ps7_
TRACE::2024-08-07.15:21:46::SCWBDomain::cortexa9_0/include -I.

TRACE::2024-08-07.15:21:46::SCWBDomain::arm-none-eabi-gcc  -O2 -c -MMD -MP       -mcpu=cortex-a9 -mfpu=vfpv3 -mfloat-abi=hard  -c nor.c -o nor.o -Izynq_fsbl_bsp/ps7_co
TRACE::2024-08-07.15:21:46::SCWBDomain::rtexa9_0/include -I.

TRACE::2024-08-07.15:21:46::SCWBDomain::arm-none-eabi-gcc  -O2 -c -MMD -MP       -mcpu=cortex-a9 -mfpu=vfpv3 -mfloat-abi=hard  -c pcap.c -o pcap.o -Izynq_fsbl_bsp/ps7_
TRACE::2024-08-07.15:21:46::SCWBDomain::cortexa9_0/include -I.

TRACE::2024-08-07.15:21:46::SCWBDomain::arm-none-eabi-gcc  -O2 -c -MMD -MP       -mcpu=cortex-a9 -mfpu=vfpv3 -mfloat-abi=hard  -c ps7_init.c -o ps7_init.o -Izynq_fsbl_
TRACE::2024-08-07.15:21:46::SCWBDomain::bsp/ps7_cortexa9_0/include -I.

TRACE::2024-08-07.15:21:46::SCWBDomain::arm-none-eabi-gcc  -O2 -c -MMD -MP       -mcpu=cortex-a9 -mfpu=vfpv3 -mfloat-abi=hard  -c qspi.c -o qspi.o -Izynq_fsbl_bsp/ps7_
TRACE::2024-08-07.15:21:46::SCWBDomain::cortexa9_0/include -I.

TRACE::2024-08-07.15:21:46::SCWBDomain::arm-none-eabi-gcc  -O2 -c -MMD -MP       -mcpu=cortex-a9 -mfpu=vfpv3 -mfloat-abi=hard  -c rsa.c -o rsa.o -Izynq_fsbl_bsp/ps7_co
TRACE::2024-08-07.15:21:46::SCWBDomain::rtexa9_0/include -I.

TRACE::2024-08-07.15:21:46::SCWBDomain::arm-none-eabi-gcc  -O2 -c -MMD -MP       -mcpu=cortex-a9 -mfpu=vfpv3 -mfloat-abi=hard  -c sd.c -o sd.o -Izynq_fsbl_bsp/ps7_cort
TRACE::2024-08-07.15:21:46::SCWBDomain::exa9_0/include -I.

TRACE::2024-08-07.15:21:46::SCWBDomain::arm-none-eabi-gcc  -O2 -c -MMD -MP       -mcpu=cortex-a9 -mfpu=vfpv3 -mfloat-abi=hard  -c fsbl_handoff.S -o fsbl_handoff.o -Izy
TRACE::2024-08-07.15:21:46::SCWBDomain::nq_fsbl_bsp/ps7_cortexa9_0/include -I.

TRACE::2024-08-07.15:21:46::SCWBDomain::arm-none-eabi-gcc -o fsbl.elf fsbl_handoff.o fsbl_hooks.o image_mover.o main.o md5.o nand.o nor.o pcap.o ps7_init.o qspi.o rsa.
TRACE::2024-08-07.15:21:46::SCWBDomain::o sd.o -MMD -MP       -mcpu=cortex-a9 -mfpu=vfpv3 -mfloat-abi=hard   -mcpu=cortex-a9 -mfpu=vfpv3 -mfloat-abi=hard -Wl,-build-id
TRACE::2024-08-07.15:21:46::SCWBDomain::=none -specs=Xilinx.spec  -lrsa -Wl,--start-group,-lxil,-lgcc,-lc,--end-group -Wl,--start-group,-lxilffs,-lxil,-lgcc,-lc,--end-
TRACE::2024-08-07.15:21:46::SCWBDomain::group -Wl,--start-group,-lrsa,-lxil,-lgcc,-lc,--end-group                                    -Wl,--gc-sections -Lzynq_fsbl_bsp/
TRACE::2024-08-07.15:21:46::SCWBDomain::ps7_cortexa9_0/lib -L./ -Tlscript.ld

LOG::2024-08-07.15:21:46::SCWSystem::Checking the domain freertos10_xilinx_ps7_cortexa9_0
LOG::2024-08-07.15:21:46::SCWSystem::Not a boot domain 
LOG::2024-08-07.15:21:46::SCWSystem::Started Processing the domain freertos10_xilinx_ps7_cortexa9_0
TRACE::2024-08-07.15:21:46::SCWDomain::Generating domain artifcats
TRACE::2024-08-07.15:21:46::SCWMssOS::Generating standalone artifcats
TRACE::2024-08-07.15:21:46::SCWMssOS::Copying the qemu file from  /home/kike/Desktop/marvin/marvin/pynq_z2_bram_wrapper/resources/pynq_z2_bram_wrapper/freertos10_xilinx_ps7_cortexa9_0/qemu_args.txt To /home/kike/Desktop/marvin/marvin/pynq_z2_bram_wrapper/export/pynq_z2_bram_wrapper/sw/pynq_z2_bram_wrapper/qemu/
TRACE::2024-08-07.15:21:46::SCWMssOS::Copying the qemu file from  /home/kike/Desktop/marvin/marvin/pynq_z2_bram_wrapper/resources/pynq_z2_bram_wrapper/freertos10_xilinx_ps7_cortexa9_0/qemu_args.txt To /home/kike/Desktop/marvin/marvin/pynq_z2_bram_wrapper/export/pynq_z2_bram_wrapper/sw/pynq_z2_bram_wrapper/freertos10_xilinx_ps7_cortexa9_0/qemu/
TRACE::2024-08-07.15:21:46::SCWMssOS:: Copying the user libraries. 
TRACE::2024-08-07.15:21:46::SCWPlatform::Trying to open the hw design at /home/kike/Desktop/marvin/marvin/pynq_z2_bram_wrapper/hw/pynq_z2_bram_wrapper.xsa
TRACE::2024-08-07.15:21:46::SCWPlatform::DSA given /home/kike/Desktop/marvin/marvin/pynq_z2_bram_wrapper/hw/pynq_z2_bram_wrapper.xsa
TRACE::2024-08-07.15:21:46::SCWPlatform::DSA absoulate path /home/kike/Desktop/marvin/marvin/pynq_z2_bram_wrapper/hw/pynq_z2_bram_wrapper.xsa
TRACE::2024-08-07.15:21:46::SCWPlatform::DSA directory /home/kike/Desktop/marvin/marvin/pynq_z2_bram_wrapper/hw
TRACE::2024-08-07.15:21:46::SCWPlatform:: Platform Path /home/kike/Desktop/marvin/marvin/pynq_z2_bram_wrapper/hw/pynq_z2_bram_wrapper.xsa
TRACE::2024-08-07.15:21:46::SCWPlatform:: Unique name xilinx:pynq-z2::0.0
TRACE::2024-08-07.15:21:46::SCWPlatform::Trying to set the existing hwdb with name pynq_z2_bram_wrapper_0
TRACE::2024-08-07.15:21:46::SCWPlatform::Opened existing hwdb pynq_z2_bram_wrapper_0
TRACE::2024-08-07.15:21:46::SCWPlatform::Found the Hw Db part of the input DSA
TRACE::2024-08-07.15:21:46::SCWMssOS::Checking the sw design at  /home/kike/Desktop/marvin/marvin/pynq_z2_bram_wrapper/ps7_cortexa9_0/freertos10_xilinx_ps7_cortexa9_0/bsp/system.mss
TRACE::2024-08-07.15:21:46::SCWMssOS::DEBUG:  swdes dump  /home/kike/Desktop/marvin/marvin/pynq_z2_bram_wrapper/ps7_cortexa9_0/freertos10_xilinx_ps7_cortexa9_0/bsp/system.mss|system_0||
/home/kike/Desktop/marvin/marvin/pynq_z2_bram_wrapper/zynq_fsbl/zynq_fsbl_bsp/system.mss|system||

TRACE::2024-08-07.15:21:46::SCWMssOS::Sw design exists and opened at  /home/kike/Desktop/marvin/marvin/pynq_z2_bram_wrapper/ps7_cortexa9_0/freertos10_xilinx_ps7_cortexa9_0/bsp/system.mss
TRACE::2024-08-07.15:21:46::SCWMssOS::Completed writing the mss file at /home/kike/Desktop/marvin/marvin/pynq_z2_bram_wrapper/ps7_cortexa9_0/freertos10_xilinx_ps7_cortexa9_0/bsp
TRACE::2024-08-07.15:21:46::SCWMssOS::Mss edits present, copying mssfile into export location /home/kike/Desktop/marvin/marvin/pynq_z2_bram_wrapper/ps7_cortexa9_0/freertos10_xilinx_ps7_cortexa9_0/bsp/system.mss
TRACE::2024-08-07.15:21:46::SCWMssOS::bsp generated is upto date with the mss file. Skipping bsp generation.
TRACE::2024-08-07.15:21:46::SCWMssOS::BSP is already built. skipping the bsp build ... 
TRACE::2024-08-07.15:21:46::SCWDomain::Building the domain as part of full build :  freertos10_xilinx_ps7_cortexa9_0
TRACE::2024-08-07.15:21:46::SCWMssOS::doing bsp build ... 
TRACE::2024-08-07.15:21:46::SCWMssOS::System Command Ran  cd  /home/kike/Desktop/marvin/marvin/pynq_z2_bram_wrapper/ps7_cortexa9_0/freertos10_xilinx_ps7_cortexa9_0/bsp ; bash -c "make  " 
TRACE::2024-08-07.15:21:46::SCWMssOS::make --no-print-directory seq_libs

TRACE::2024-08-07.15:21:46::SCWMssOS::Finished building libraries sequentially.

TRACE::2024-08-07.15:21:46::SCWMssOS::make -j 10 --no-print-directory par_libs

TRACE::2024-08-07.15:21:46::SCWMssOS::Running Make include in ps7_cortexa9_0/libsrc/bram_v4_10/src

TRACE::2024-08-07.15:21:46::SCWMssOS::make -C ps7_cortexa9_0/libsrc/bram_v4_10/src -s include  "SHELL=/bin/sh" "COMPILER=arm-none-eabi-gcc" "ASSEMBLER=arm-none-eabi-
TRACE::2024-08-07.15:21:46::SCWMssOS::as" "ARCHIVER=arm-none-eabi-ar" "COMPILER_FLAGS=  -O2 -c" "EXTRA_COMPILER_FLAGS=-mcpu=cortex-a9 -mfpu=vfpv3 -mfloat-abi=hard -n
TRACE::2024-08-07.15:21:46::SCWMssOS::ostartfiles -g -Wall -Wextra -fno-tree-loop-distribute-patterns"

TRACE::2024-08-07.15:21:46::SCWMssOS::Running Make include in ps7_cortexa9_0/libsrc/coresightps_dcc_v1_10/src

TRACE::2024-08-07.15:21:46::SCWMssOS::make -C ps7_cortexa9_0/libsrc/coresightps_dcc_v1_10/src -s include  "SHELL=/bin/sh" "COMPILER=arm-none-eabi-gcc" "ASSEMBLER=arm
TRACE::2024-08-07.15:21:46::SCWMssOS::-none-eabi-as" "ARCHIVER=arm-none-eabi-ar" "COMPILER_FLAGS=  -O2 -c" "EXTRA_COMPILER_FLAGS=-mcpu=cortex-a9 -mfpu=vfpv3 -mfloat-
TRACE::2024-08-07.15:21:46::SCWMssOS::abi=hard -nostartfiles -g -Wall -Wextra -fno-tree-loop-distribute-patterns"

TRACE::2024-08-07.15:21:46::SCWMssOS::Running Make include in ps7_cortexa9_0/libsrc/ddrps_v1_2/src

TRACE::2024-08-07.15:21:46::SCWMssOS::Running Make include in ps7_cortexa9_0/libsrc/cpu_cortexa9_v2_12/src

TRACE::2024-08-07.15:21:46::SCWMssOS::make -C ps7_cortexa9_0/libsrc/cpu_cortexa9_v2_12/src -s include  "SHELL=/bin/sh" "COMPILER=arm-none-eabi-gcc" "ASSEMBLER=arm-no
TRACE::2024-08-07.15:21:46::SCWMssOS::ne-eabi-as" "ARCHIVER=arm-none-eabi-ar" "COMPILER_FLAGS=  -O2 -c" "EXTRA_COMPILER_FLAGS=-mcpu=cortex-a9 -mfpu=vfpv3 -mfloat-abi
TRACE::2024-08-07.15:21:46::SCWMssOS::=hard -nostartfiles -g -Wall -Wextra -fno-tree-loop-distribute-patterns"

TRACE::2024-08-07.15:21:46::SCWMssOS::make -C ps7_cortexa9_0/libsrc/ddrps_v1_2/src -s include  "SHELL=/bin/sh" "COMPILER=arm-none-eabi-gcc" "ASSEMBLER=arm-none-eabi-
TRACE::2024-08-07.15:21:46::SCWMssOS::as" "ARCHIVER=arm-none-eabi-ar" "COMPILER_FLAGS=  -O2 -c" "EXTRA_COMPILER_FLAGS=-mcpu=cortex-a9 -mfpu=vfpv3 -mfloat-abi=hard -n
TRACE::2024-08-07.15:21:46::SCWMssOS::ostartfiles -g -Wall -Wextra -fno-tree-loop-distribute-patterns"

TRACE::2024-08-07.15:21:46::SCWMssOS::Running Make include in ps7_cortexa9_0/libsrc/devcfg_v3_8/src

TRACE::2024-08-07.15:21:46::SCWMssOS::make -C ps7_cortexa9_0/libsrc/devcfg_v3_8/src -s include  "SHELL=/bin/sh" "COMPILER=arm-none-eabi-gcc" "ASSEMBLER=arm-none-eabi
TRACE::2024-08-07.15:21:46::SCWMssOS::-as" "ARCHIVER=arm-none-eabi-ar" "COMPILER_FLAGS=  -O2 -c" "EXTRA_COMPILER_FLAGS=-mcpu=cortex-a9 -mfpu=vfpv3 -mfloat-abi=hard -
TRACE::2024-08-07.15:21:46::SCWMssOS::nostartfiles -g -Wall -Wextra -fno-tree-loop-distribute-patterns"

TRACE::2024-08-07.15:21:46::SCWMssOS::Running Make include in ps7_cortexa9_0/libsrc/dmaps_v2_10/src

TRACE::2024-08-07.15:21:46::SCWMssOS::make -C ps7_cortexa9_0/libsrc/dmaps_v2_10/src -s include  "SHELL=/bin/sh" "COMPILER=arm-none-eabi-gcc" "ASSEMBLER=arm-none-eabi
TRACE::2024-08-07.15:21:46::SCWMssOS::-as" "ARCHIVER=arm-none-eabi-ar" "COMPILER_FLAGS=  -O2 -c" "EXTRA_COMPILER_FLAGS=-mcpu=cortex-a9 -mfpu=vfpv3 -mfloat-abi=hard -
TRACE::2024-08-07.15:21:46::SCWMssOS::nostartfiles -g -Wall -Wextra -fno-tree-loop-distribute-patterns"

TRACE::2024-08-07.15:21:46::SCWMssOS::Running Make include in ps7_cortexa9_0/libsrc/emacps_v3_20/src

TRACE::2024-08-07.15:21:46::SCWMssOS::Running Make include in ps7_cortexa9_0/libsrc/freertos10_xilinx_v1_15/src

TRACE::2024-08-07.15:21:46::SCWMssOS::Running Make include in ps7_cortexa9_0/libsrc/gpiops_v3_13/src

TRACE::2024-08-07.15:21:46::SCWMssOS::make -C ps7_cortexa9_0/libsrc/emacps_v3_20/src -s include  "SHELL=/bin/sh" "COMPILER=arm-none-eabi-gcc" "ASSEMBLER=arm-none-eab
TRACE::2024-08-07.15:21:46::SCWMssOS::i-as" "ARCHIVER=arm-none-eabi-ar" "COMPILER_FLAGS=  -O2 -c" "EXTRA_COMPILER_FLAGS=-mcpu=cortex-a9 -mfpu=vfpv3 -mfloat-abi=hard 
TRACE::2024-08-07.15:21:46::SCWMssOS::-nostartfiles -g -Wall -Wextra -fno-tree-loop-distribute-patterns"

TRACE::2024-08-07.15:21:46::SCWMssOS::make -C ps7_cortexa9_0/libsrc/freertos10_xilinx_v1_15/src -s include  "SHELL=/bin/sh" "COMPILER=arm-none-eabi-gcc" "ASSEMBLER=a
TRACE::2024-08-07.15:21:46::SCWMssOS::rm-none-eabi-as" "ARCHIVER=arm-none-eabi-ar" "COMPILER_FLAGS=  -O2 -c" "EXTRA_COMPILER_FLAGS=-mcpu=cortex-a9 -mfpu=vfpv3 -mfloa
TRACE::2024-08-07.15:21:46::SCWMssOS::t-abi=hard -nostartfiles -g -Wall -Wextra -fno-tree-loop-distribute-patterns"

TRACE::2024-08-07.15:21:46::SCWMssOS::make -C ps7_cortexa9_0/libsrc/gpiops_v3_13/src -s include  "SHELL=/bin/sh" "COMPILER=arm-none-eabi-gcc" "ASSEMBLER=arm-none-eab
TRACE::2024-08-07.15:21:46::SCWMssOS::i-as" "ARCHIVER=arm-none-eabi-ar" "COMPILER_FLAGS=  -O2 -c" "EXTRA_COMPILER_FLAGS=-mcpu=cortex-a9 -mfpu=vfpv3 -mfloat-abi=hard 
TRACE::2024-08-07.15:21:46::SCWMssOS::-nostartfiles -g -Wall -Wextra -fno-tree-loop-distribute-patterns"

TRACE::2024-08-07.15:21:46::SCWMssOS::Running Make include in ps7_cortexa9_0/libsrc/qspips_v3_12/src

TRACE::2024-08-07.15:21:46::SCWMssOS::make -C ps7_cortexa9_0/libsrc/qspips_v3_12/src -s include  "SHELL=/bin/sh" "COMPILER=arm-none-eabi-gcc" "ASSEMBLER=arm-none-eab
TRACE::2024-08-07.15:21:46::SCWMssOS::i-as" "ARCHIVER=arm-none-eabi-ar" "COMPILER_FLAGS=  -O2 -c" "EXTRA_COMPILER_FLAGS=-mcpu=cortex-a9 -mfpu=vfpv3 -mfloat-abi=hard 
TRACE::2024-08-07.15:21:46::SCWMssOS::-nostartfiles -g -Wall -Wextra -fno-tree-loop-distribute-patterns"

TRACE::2024-08-07.15:21:46::SCWMssOS::Running Make include in ps7_cortexa9_0/libsrc/scugic_v5_3/src

TRACE::2024-08-07.15:21:46::SCWMssOS::Running Make include in ps7_cortexa9_0/libsrc/scutimer_v2_6/src

TRACE::2024-08-07.15:21:46::SCWMssOS::Running Make include in ps7_cortexa9_0/libsrc/scuwdt_v2_5/src

TRACE::2024-08-07.15:21:46::SCWMssOS::make -C ps7_cortexa9_0/libsrc/scugic_v5_3/src -s include  "SHELL=/bin/sh" "COMPILER=arm-none-eabi-gcc" "ASSEMBLER=arm-none-eabi
TRACE::2024-08-07.15:21:46::SCWMssOS::-as" "ARCHIVER=arm-none-eabi-ar" "COMPILER_FLAGS=  -O2 -c" "EXTRA_COMPILER_FLAGS=-mcpu=cortex-a9 -mfpu=vfpv3 -mfloat-abi=hard -
TRACE::2024-08-07.15:21:46::SCWMssOS::nostartfiles -g -Wall -Wextra -fno-tree-loop-distribute-patterns"

TRACE::2024-08-07.15:21:46::SCWMssOS::make -C ps7_cortexa9_0/libsrc/scutimer_v2_6/src -s include  "SHELL=/bin/sh" "COMPILER=arm-none-eabi-gcc" "ASSEMBLER=arm-none-ea
TRACE::2024-08-07.15:21:46::SCWMssOS::bi-as" "ARCHIVER=arm-none-eabi-ar" "COMPILER_FLAGS=  -O2 -c" "EXTRA_COMPILER_FLAGS=-mcpu=cortex-a9 -mfpu=vfpv3 -mfloat-abi=hard
TRACE::2024-08-07.15:21:46::SCWMssOS:: -nostartfiles -g -Wall -Wextra -fno-tree-loop-distribute-patterns"

TRACE::2024-08-07.15:21:46::SCWMssOS::make -C ps7_cortexa9_0/libsrc/scuwdt_v2_5/src -s include  "SHELL=/bin/sh" "COMPILER=arm-none-eabi-gcc" "ASSEMBLER=arm-none-eabi
TRACE::2024-08-07.15:21:46::SCWMssOS::-as" "ARCHIVER=arm-none-eabi-ar" "COMPILER_FLAGS=  -O2 -c" "EXTRA_COMPILER_FLAGS=-mcpu=cortex-a9 -mfpu=vfpv3 -mfloat-abi=hard -
TRACE::2024-08-07.15:21:46::SCWMssOS::nostartfiles -g -Wall -Wextra -fno-tree-loop-distribute-patterns"

TRACE::2024-08-07.15:21:46::SCWMssOS::Running Make include in ps7_cortexa9_0/libsrc/sdps_v4_3/src

TRACE::2024-08-07.15:21:46::SCWMssOS::make -C ps7_cortexa9_0/libsrc/sdps_v4_3/src -s include  "SHELL=/bin/sh" "COMPILER=arm-none-eabi-gcc" "ASSEMBLER=arm-none-eabi-a
TRACE::2024-08-07.15:21:46::SCWMssOS::s" "ARCHIVER=arm-none-eabi-ar" "COMPILER_FLAGS=  -O2 -c" "EXTRA_COMPILER_FLAGS=-mcpu=cortex-a9 -mfpu=vfpv3 -mfloat-abi=hard -no
TRACE::2024-08-07.15:21:46::SCWMssOS::startfiles -g -Wall -Wextra -fno-tree-loop-distribute-patterns"

TRACE::2024-08-07.15:21:46::SCWMssOS::Running Make include in ps7_cortexa9_0/libsrc/uartps_v3_14/src

TRACE::2024-08-07.15:21:46::SCWMssOS::make -C ps7_cortexa9_0/libsrc/uartps_v3_14/src -s include  "SHELL=/bin/sh" "COMPILER=arm-none-eabi-gcc" "ASSEMBLER=arm-none-eab
TRACE::2024-08-07.15:21:46::SCWMssOS::i-as" "ARCHIVER=arm-none-eabi-ar" "COMPILER_FLAGS=  -O2 -c" "EXTRA_COMPILER_FLAGS=-mcpu=cortex-a9 -mfpu=vfpv3 -mfloat-abi=hard 
TRACE::2024-08-07.15:21:46::SCWMssOS::-nostartfiles -g -Wall -Wextra -fno-tree-loop-distribute-patterns"

TRACE::2024-08-07.15:21:46::SCWMssOS::Running Make include in ps7_cortexa9_0/libsrc/usbps_v2_9/src

TRACE::2024-08-07.15:21:46::SCWMssOS::Running Make include in ps7_cortexa9_0/libsrc/xadcps_v2_7/src

TRACE::2024-08-07.15:21:46::SCWMssOS::make -C ps7_cortexa9_0/libsrc/usbps_v2_9/src -s include  "SHELL=/bin/sh" "COMPILER=arm-none-eabi-gcc" "ASSEMBLER=arm-none-eabi-
TRACE::2024-08-07.15:21:46::SCWMssOS::as" "ARCHIVER=arm-none-eabi-ar" "COMPILER_FLAGS=  -O2 -c" "EXTRA_COMPILER_FLAGS=-mcpu=cortex-a9 -mfpu=vfpv3 -mfloat-abi=hard -n
TRACE::2024-08-07.15:21:46::SCWMssOS::ostartfiles -g -Wall -Wextra -fno-tree-loop-distribute-patterns"

TRACE::2024-08-07.15:21:46::SCWMssOS::make -C ps7_cortexa9_0/libsrc/xadcps_v2_7/src -s include  "SHELL=/bin/sh" "COMPILER=arm-none-eabi-gcc" "ASSEMBLER=arm-none-eabi
TRACE::2024-08-07.15:21:46::SCWMssOS::-as" "ARCHIVER=arm-none-eabi-ar" "COMPILER_FLAGS=  -O2 -c" "EXTRA_COMPILER_FLAGS=-mcpu=cortex-a9 -mfpu=vfpv3 -mfloat-abi=hard -
TRACE::2024-08-07.15:21:46::SCWMssOS::nostartfiles -g -Wall -Wextra -fno-tree-loop-distribute-patterns"

TRACE::2024-08-07.15:21:46::SCWMssOS::Running Make include in ps7_cortexa9_0/libsrc/xiltimer_v2_0/src

TRACE::2024-08-07.15:21:47::SCWMssOS::make -C ps7_cortexa9_0/libsrc/xiltimer_v2_0/src -s include  "SHELL=/bin/sh" "COMPILER=arm-none-eabi-gcc" "ASSEMBLER=arm-none-ea
TRACE::2024-08-07.15:21:47::SCWMssOS::bi-as" "ARCHIVER=arm-none-eabi-ar" "COMPILER_FLAGS=  -O2 -c" "EXTRA_COMPILER_FLAGS=-mcpu=cortex-a9 -mfpu=vfpv3 -mfloat-abi=hard
TRACE::2024-08-07.15:21:47::SCWMssOS:: -nostartfiles -g -Wall -Wextra -fno-tree-loop-distribute-patterns"

TRACE::2024-08-07.15:21:47::SCWMssOS::includes

TRACE::2024-08-07.15:21:47::SCWMssOS::Running Make libs in ps7_cortexa9_0/libsrc/bram_v4_10/src

TRACE::2024-08-07.15:21:47::SCWMssOS::Running Make libs in ps7_cortexa9_0/libsrc/coresightps_dcc_v1_10/src

TRACE::2024-08-07.15:21:47::SCWMssOS::make -C ps7_cortexa9_0/libsrc/bram_v4_10/src -s libs  "SHELL=/bin/sh" "COMPILER=arm-none-eabi-gcc" "ASSEMBLER=arm-none-eabi-as"
TRACE::2024-08-07.15:21:47::SCWMssOS:: "ARCHIVER=arm-none-eabi-ar" "COMPILER_FLAGS=  -O2 -c" "EXTRA_COMPILER_FLAGS=-mcpu=cortex-a9 -mfpu=vfpv3 -mfloat-abi=hard -nost
TRACE::2024-08-07.15:21:47::SCWMssOS::artfiles -g -Wall -Wextra -fno-tree-loop-distribute-patterns"

TRACE::2024-08-07.15:21:47::SCWMssOS::make -C ps7_cortexa9_0/libsrc/coresightps_dcc_v1_10/src -s libs  "SHELL=/bin/sh" "COMPILER=arm-none-eabi-gcc" "ASSEMBLER=arm-no
TRACE::2024-08-07.15:21:47::SCWMssOS::ne-eabi-as" "ARCHIVER=arm-none-eabi-ar" "COMPILER_FLAGS=  -O2 -c" "EXTRA_COMPILER_FLAGS=-mcpu=cortex-a9 -mfpu=vfpv3 -mfloat-abi
TRACE::2024-08-07.15:21:47::SCWMssOS::=hard -nostartfiles -g -Wall -Wextra -fno-tree-loop-distribute-patterns"

TRACE::2024-08-07.15:21:47::SCWMssOS::Running Make libs in ps7_cortexa9_0/libsrc/cpu_cortexa9_v2_12/src

TRACE::2024-08-07.15:21:47::SCWMssOS::make -C ps7_cortexa9_0/libsrc/cpu_cortexa9_v2_12/src -s libs  "SHELL=/bin/sh" "COMPILER=arm-none-eabi-gcc" "ASSEMBLER=arm-none-
TRACE::2024-08-07.15:21:47::SCWMssOS::eabi-as" "ARCHIVER=arm-none-eabi-ar" "COMPILER_FLAGS=  -O2 -c" "EXTRA_COMPILER_FLAGS=-mcpu=cortex-a9 -mfpu=vfpv3 -mfloat-abi=ha
TRACE::2024-08-07.15:21:47::SCWMssOS::rd -nostartfiles -g -Wall -Wextra -fno-tree-loop-distribute-patterns"

TRACE::2024-08-07.15:21:47::SCWMssOS::Running Make libs in ps7_cortexa9_0/libsrc/ddrps_v1_2/src

TRACE::2024-08-07.15:21:47::SCWMssOS::make -C ps7_cortexa9_0/libsrc/ddrps_v1_2/src -s libs  "SHELL=/bin/sh" "COMPILER=arm-none-eabi-gcc" "ASSEMBLER=arm-none-eabi-as"
TRACE::2024-08-07.15:21:47::SCWMssOS:: "ARCHIVER=arm-none-eabi-ar" "COMPILER_FLAGS=  -O2 -c" "EXTRA_COMPILER_FLAGS=-mcpu=cortex-a9 -mfpu=vfpv3 -mfloat-abi=hard -nost
TRACE::2024-08-07.15:21:47::SCWMssOS::artfiles -g -Wall -Wextra -fno-tree-loop-distribute-patterns"

TRACE::2024-08-07.15:21:47::SCWMssOS::Running Make libs in ps7_cortexa9_0/libsrc/devcfg_v3_8/src

TRACE::2024-08-07.15:21:47::SCWMssOS::make -C ps7_cortexa9_0/libsrc/devcfg_v3_8/src -s libs  "SHELL=/bin/sh" "COMPILER=arm-none-eabi-gcc" "ASSEMBLER=arm-none-eabi-as
TRACE::2024-08-07.15:21:47::SCWMssOS::" "ARCHIVER=arm-none-eabi-ar" "COMPILER_FLAGS=  -O2 -c" "EXTRA_COMPILER_FLAGS=-mcpu=cortex-a9 -mfpu=vfpv3 -mfloat-abi=hard -nos
TRACE::2024-08-07.15:21:47::SCWMssOS::tartfiles -g -Wall -Wextra -fno-tree-loop-distribute-patterns"

TRACE::2024-08-07.15:21:47::SCWMssOS::Running Make libs in ps7_cortexa9_0/libsrc/dmaps_v2_10/src

TRACE::2024-08-07.15:21:47::SCWMssOS::Running Make libs in ps7_cortexa9_0/libsrc/emacps_v3_20/src

TRACE::2024-08-07.15:21:47::SCWMssOS::Running Make libs in ps7_cortexa9_0/libsrc/freertos10_xilinx_v1_15/src

TRACE::2024-08-07.15:21:47::SCWMssOS::make -C ps7_cortexa9_0/libsrc/dmaps_v2_10/src -s libs  "SHELL=/bin/sh" "COMPILER=arm-none-eabi-gcc" "ASSEMBLER=arm-none-eabi-as
TRACE::2024-08-07.15:21:47::SCWMssOS::" "ARCHIVER=arm-none-eabi-ar" "COMPILER_FLAGS=  -O2 -c" "EXTRA_COMPILER_FLAGS=-mcpu=cortex-a9 -mfpu=vfpv3 -mfloat-abi=hard -nos
TRACE::2024-08-07.15:21:47::SCWMssOS::tartfiles -g -Wall -Wextra -fno-tree-loop-distribute-patterns"

TRACE::2024-08-07.15:21:47::SCWMssOS::make -C ps7_cortexa9_0/libsrc/emacps_v3_20/src -s libs  "SHELL=/bin/sh" "COMPILER=arm-none-eabi-gcc" "ASSEMBLER=arm-none-eabi-a
TRACE::2024-08-07.15:21:47::SCWMssOS::s" "ARCHIVER=arm-none-eabi-ar" "COMPILER_FLAGS=  -O2 -c" "EXTRA_COMPILER_FLAGS=-mcpu=cortex-a9 -mfpu=vfpv3 -mfloat-abi=hard -no
TRACE::2024-08-07.15:21:47::SCWMssOS::startfiles -g -Wall -Wextra -fno-tree-loop-distribute-patterns"

TRACE::2024-08-07.15:21:47::SCWMssOS::make -C ps7_cortexa9_0/libsrc/freertos10_xilinx_v1_15/src -s libs  "SHELL=/bin/sh" "COMPILER=arm-none-eabi-gcc" "ASSEMBLER=arm-
TRACE::2024-08-07.15:21:47::SCWMssOS::none-eabi-as" "ARCHIVER=arm-none-eabi-ar" "COMPILER_FLAGS=  -O2 -c" "EXTRA_COMPILER_FLAGS=-mcpu=cortex-a9 -mfpu=vfpv3 -mfloat-a
TRACE::2024-08-07.15:21:47::SCWMssOS::bi=hard -nostartfiles -g -Wall -Wextra -fno-tree-loop-distribute-patterns"

TRACE::2024-08-07.15:21:47::SCWMssOS::Running Make libs in ps7_cortexa9_0/libsrc/gpiops_v3_13/src

TRACE::2024-08-07.15:21:47::SCWMssOS::make -C ps7_cortexa9_0/libsrc/gpiops_v3_13/src -s libs  "SHELL=/bin/sh" "COMPILER=arm-none-eabi-gcc" "ASSEMBLER=arm-none-eabi-a
TRACE::2024-08-07.15:21:47::SCWMssOS::s" "ARCHIVER=arm-none-eabi-ar" "COMPILER_FLAGS=  -O2 -c" "EXTRA_COMPILER_FLAGS=-mcpu=cortex-a9 -mfpu=vfpv3 -mfloat-abi=hard -no
TRACE::2024-08-07.15:21:47::SCWMssOS::startfiles -g -Wall -Wextra -fno-tree-loop-distribute-patterns"

TRACE::2024-08-07.15:21:47::SCWMssOS::Running Make libs in ps7_cortexa9_0/libsrc/qspips_v3_12/src

TRACE::2024-08-07.15:21:47::SCWMssOS::make -C ps7_cortexa9_0/libsrc/qspips_v3_12/src -s libs  "SHELL=/bin/sh" "COMPILER=arm-none-eabi-gcc" "ASSEMBLER=arm-none-eabi-a
TRACE::2024-08-07.15:21:47::SCWMssOS::s" "ARCHIVER=arm-none-eabi-ar" "COMPILER_FLAGS=  -O2 -c" "EXTRA_COMPILER_FLAGS=-mcpu=cortex-a9 -mfpu=vfpv3 -mfloat-abi=hard -no
TRACE::2024-08-07.15:21:47::SCWMssOS::startfiles -g -Wall -Wextra -fno-tree-loop-distribute-patterns"

TRACE::2024-08-07.15:21:47::SCWMssOS::Running Make libs in ps7_cortexa9_0/libsrc/scugic_v5_3/src

TRACE::2024-08-07.15:21:47::SCWMssOS::make -C ps7_cortexa9_0/libsrc/scugic_v5_3/src -s libs  "SHELL=/bin/sh" "COMPILER=arm-none-eabi-gcc" "ASSEMBLER=arm-none-eabi-as
TRACE::2024-08-07.15:21:47::SCWMssOS::" "ARCHIVER=arm-none-eabi-ar" "COMPILER_FLAGS=  -O2 -c" "EXTRA_COMPILER_FLAGS=-mcpu=cortex-a9 -mfpu=vfpv3 -mfloat-abi=hard -nos
TRACE::2024-08-07.15:21:47::SCWMssOS::tartfiles -g -Wall -Wextra -fno-tree-loop-distribute-patterns"

TRACE::2024-08-07.15:21:47::SCWMssOS::Running Make libs in ps7_cortexa9_0/libsrc/scutimer_v2_6/src

TRACE::2024-08-07.15:21:47::SCWMssOS::make -C ps7_cortexa9_0/libsrc/scutimer_v2_6/src -s libs  "SHELL=/bin/sh" "COMPILER=arm-none-eabi-gcc" "ASSEMBLER=arm-none-eabi-
TRACE::2024-08-07.15:21:47::SCWMssOS::as" "ARCHIVER=arm-none-eabi-ar" "COMPILER_FLAGS=  -O2 -c" "EXTRA_COMPILER_FLAGS=-mcpu=cortex-a9 -mfpu=vfpv3 -mfloat-abi=hard -n
TRACE::2024-08-07.15:21:47::SCWMssOS::ostartfiles -g -Wall -Wextra -fno-tree-loop-distribute-patterns"

TRACE::2024-08-07.15:21:47::SCWMssOS::Running Make libs in ps7_cortexa9_0/libsrc/scuwdt_v2_5/src

TRACE::2024-08-07.15:21:47::SCWMssOS::make -C ps7_cortexa9_0/libsrc/scuwdt_v2_5/src -s libs  "SHELL=/bin/sh" "COMPILER=arm-none-eabi-gcc" "ASSEMBLER=arm-none-eabi-as
TRACE::2024-08-07.15:21:47::SCWMssOS::" "ARCHIVER=arm-none-eabi-ar" "COMPILER_FLAGS=  -O2 -c" "EXTRA_COMPILER_FLAGS=-mcpu=cortex-a9 -mfpu=vfpv3 -mfloat-abi=hard -nos
TRACE::2024-08-07.15:21:47::SCWMssOS::tartfiles -g -Wall -Wextra -fno-tree-loop-distribute-patterns"

TRACE::2024-08-07.15:21:47::SCWMssOS::Running Make libs in ps7_cortexa9_0/libsrc/sdps_v4_3/src

TRACE::2024-08-07.15:21:47::SCWMssOS::make -C ps7_cortexa9_0/libsrc/sdps_v4_3/src -s libs  "SHELL=/bin/sh" "COMPILER=arm-none-eabi-gcc" "ASSEMBLER=arm-none-eabi-as" 
TRACE::2024-08-07.15:21:47::SCWMssOS::"ARCHIVER=arm-none-eabi-ar" "COMPILER_FLAGS=  -O2 -c" "EXTRA_COMPILER_FLAGS=-mcpu=cortex-a9 -mfpu=vfpv3 -mfloat-abi=hard -nosta
TRACE::2024-08-07.15:21:47::SCWMssOS::rtfiles -g -Wall -Wextra -fno-tree-loop-distribute-patterns"

TRACE::2024-08-07.15:21:47::SCWMssOS::Running Make libs in ps7_cortexa9_0/libsrc/uartps_v3_14/src

TRACE::2024-08-07.15:21:47::SCWMssOS::make -C ps7_cortexa9_0/libsrc/uartps_v3_14/src -s libs  "SHELL=/bin/sh" "COMPILER=arm-none-eabi-gcc" "ASSEMBLER=arm-none-eabi-a
TRACE::2024-08-07.15:21:47::SCWMssOS::s" "ARCHIVER=arm-none-eabi-ar" "COMPILER_FLAGS=  -O2 -c" "EXTRA_COMPILER_FLAGS=-mcpu=cortex-a9 -mfpu=vfpv3 -mfloat-abi=hard -no
TRACE::2024-08-07.15:21:47::SCWMssOS::startfiles -g -Wall -Wextra -fno-tree-loop-distribute-patterns"

TRACE::2024-08-07.15:21:47::SCWMssOS::Running Make libs in ps7_cortexa9_0/libsrc/usbps_v2_9/src

TRACE::2024-08-07.15:21:47::SCWMssOS::make -C ps7_cortexa9_0/libsrc/usbps_v2_9/src -s libs  "SHELL=/bin/sh" "COMPILER=arm-none-eabi-gcc" "ASSEMBLER=arm-none-eabi-as"
TRACE::2024-08-07.15:21:47::SCWMssOS:: "ARCHIVER=arm-none-eabi-ar" "COMPILER_FLAGS=  -O2 -c" "EXTRA_COMPILER_FLAGS=-mcpu=cortex-a9 -mfpu=vfpv3 -mfloat-abi=hard -nost
TRACE::2024-08-07.15:21:47::SCWMssOS::artfiles -g -Wall -Wextra -fno-tree-loop-distribute-patterns"

TRACE::2024-08-07.15:21:47::SCWMssOS::Running Make libs in ps7_cortexa9_0/libsrc/xadcps_v2_7/src

TRACE::2024-08-07.15:21:47::SCWMssOS::make -C ps7_cortexa9_0/libsrc/xadcps_v2_7/src -s libs  "SHELL=/bin/sh" "COMPILER=arm-none-eabi-gcc" "ASSEMBLER=arm-none-eabi-as
TRACE::2024-08-07.15:21:47::SCWMssOS::" "ARCHIVER=arm-none-eabi-ar" "COMPILER_FLAGS=  -O2 -c" "EXTRA_COMPILER_FLAGS=-mcpu=cortex-a9 -mfpu=vfpv3 -mfloat-abi=hard -nos
TRACE::2024-08-07.15:21:47::SCWMssOS::tartfiles -g -Wall -Wextra -fno-tree-loop-distribute-patterns"

TRACE::2024-08-07.15:21:48::SCWMssOS::Running Make libs in ps7_cortexa9_0/libsrc/xiltimer_v2_0/src

TRACE::2024-08-07.15:21:48::SCWMssOS::make -C ps7_cortexa9_0/libsrc/xiltimer_v2_0/src -s libs  "SHELL=/bin/sh" "COMPILER=arm-none-eabi-gcc" "ASSEMBLER=arm-none-eabi-
TRACE::2024-08-07.15:21:48::SCWMssOS::as" "ARCHIVER=arm-none-eabi-ar" "COMPILER_FLAGS=  -O2 -c" "EXTRA_COMPILER_FLAGS=-mcpu=cortex-a9 -mfpu=vfpv3 -mfloat-abi=hard -n
TRACE::2024-08-07.15:21:48::SCWMssOS::ostartfiles -g -Wall -Wextra -fno-tree-loop-distribute-patterns"

TRACE::2024-08-07.15:21:48::SCWMssOS::Compiling xiltimer Library

TRACE::2024-08-07.15:21:48::SCWMssOS::Finished building libraries parallelly.

TRACE::2024-08-07.15:21:48::SCWMssOS::make --no-print-directory archive

TRACE::2024-08-07.15:21:48::SCWMssOS::arm-none-eabi-ar -r  ps7_cortexa9_0/lib/libxil.a ps7_cortexa9_0/lib/_exit.o ps7_cortexa9_0/lib/_open.o ps7_cortexa9_0/lib/_sbrk
TRACE::2024-08-07.15:21:48::SCWMssOS::.o ps7_cortexa9_0/lib/abort.o ps7_cortexa9_0/lib/boot.o ps7_cortexa9_0/lib/close.o ps7_cortexa9_0/lib/cpputest_time.o ps7_corte
TRACE::2024-08-07.15:21:48::SCWMssOS::xa9_0/lib/cpu_init.o ps7_cortexa9_0/lib/errno.o ps7_cortexa9_0/lib/fcntl.o ps7_cortexa9_0/lib/fstat.o ps7_cortexa9_0/lib/getent
TRACE::2024-08-07.15:21:48::SCWMssOS::ropy.o ps7_cortexa9_0/lib/getpid.o ps7_cortexa9_0/lib/inbyte.o ps7_cortexa9_0/lib/isatty.o ps7_cortexa9_0/lib/kill.o ps7_cortex
TRACE::2024-08-07.15:21:48::SCWMssOS::a9_0/lib/lseek.o ps7_cortexa9_0/lib/open.o ps7_cortexa9_0/lib/outbyte.o ps7_cortexa9_0/lib/print.o ps7_cortexa9_0/lib/putnum.o 
TRACE::2024-08-07.15:21:48::SCWMssOS::ps7_cortexa9_0/lib/read.o ps7_cortexa9_0/lib/sbrk.o ps7_cortexa9_0/lib/time.o ps7_cortexa9_0/lib/translation_table.o ps7_cortex
TRACE::2024-08-07.15:21:48::SCWMssOS::a9_0/lib/unlink.o ps7_cortexa9_0/lib/vectors.o ps7_cortexa9_0/lib/write.o ps7_cortexa9_0/lib/xadcps.o ps7_cortexa9_0/lib/xadcps
TRACE::2024-08-07.15:21:48::SCWMssOS::_g.o ps7_cortexa9_0/lib/xadcps_intr.o ps7_cortexa9_0/lib/xadcps_selftest.o ps7_cortexa9_0/lib/xadcps_sinit.o ps7_cortexa9_0/lib
TRACE::2024-08-07.15:21:48::SCWMssOS::/xbram.o ps7_cortexa9_0/lib/xbram_g.o ps7_cortexa9_0/lib/xbram_intr.o ps7_cortexa9_0/lib/xbram_selftest.o ps7_cortexa9_0/lib/xb
TRACE::2024-08-07.15:21:48::SCWMssOS::ram_sinit.o ps7_cortexa9_0/lib/xcoresightpsdcc.o ps7_cortexa9_0/lib/xdevcfg.o ps7_cortexa9_0/lib/xdevcfg_g.o ps7_cortexa9_0/lib
TRACE::2024-08-07.15:21:48::SCWMssOS::/xdevcfg_hw.o ps7_cortexa9_0/lib/xdevcfg_intr.o ps7_cortexa9_0/lib/xdevcfg_selftest.o ps7_cortexa9_0/lib/xdevcfg_sinit.o ps7_co
TRACE::2024-08-07.15:21:48::SCWMssOS::rtexa9_0/lib/xdmaps.o ps7_cortexa9_0/lib/xdmaps_g.o ps7_cortexa9_0/lib/xdmaps_hw.o ps7_cortexa9_0/lib/xdmaps_selftest.o ps7_cor
TRACE::2024-08-07.15:21:48::SCWMssOS::texa9_0/lib/xdmaps_sinit.o ps7_cortexa9_0/lib/xemacps.o ps7_cortexa9_0/lib/xemacps_bdring.o ps7_cortexa9_0/lib/xemacps_control.
TRACE::2024-08-07.15:21:48::SCWMssOS::o ps7_cortexa9_0/lib/xemacps_g.o ps7_cortexa9_0/lib/xemacps_hw.o ps7_cortexa9_0/lib/xemacps_intr.o ps7_cortexa9_0/lib/xemacps_s
TRACE::2024-08-07.15:21:48::SCWMssOS::init.o ps7_cortexa9_0/lib/xgpiops.o ps7_cortexa9_0/lib/xgpiops_g.o ps7_cortexa9_0/lib/xgpiops_hw.o ps7_cortexa9_0/lib/xgpiops_i
TRACE::2024-08-07.15:21:48::SCWMssOS::ntr.o ps7_cortexa9_0/lib/xgpiops_selftest.o ps7_cortexa9_0/lib/xgpiops_sinit.o ps7_cortexa9_0/lib/xil-crt0.o ps7_cortexa9_0/lib
TRACE::2024-08-07.15:21:48::SCWMssOS::/xil_assert.o ps7_cortexa9_0/lib/xil_cache.o ps7_cortexa9_0/lib/xil_clocking.o ps7_cortexa9_0/lib/xil_exception.o ps7_cortexa9_
TRACE::2024-08-07.15:21:48::SCWMssOS::0/lib/xil_mem.o ps7_cortexa9_0/lib/xil_misc_psreset_api.o ps7_cortexa9_0/lib/xil_mmu.o ps7_cortexa9_0/lib/xil_printf.o ps7_cort
TRACE::2024-08-07.15:21:48::SCWMssOS::exa9_0/lib/xil_spinlock.o ps7_cortexa9_0/lib/xil_testcache.o ps7_cortexa9_0/lib/xil_testio.o ps7_cortexa9_0/lib/xil_testmem.o p
TRACE::2024-08-07.15:21:48::SCWMssOS::s7_cortexa9_0/lib/xil_util.o ps7_cortexa9_0/lib/xinterrupt_wrap.o ps7_cortexa9_0/lib/xl2cc_counter.o ps7_cortexa9_0/lib/xplatfo
TRACE::2024-08-07.15:21:48::SCWMssOS::rm_info.o ps7_cortexa9_0/lib/xpm_counter.o ps7_cortexa9_0/lib/xpm_init.o ps7_cortexa9_0/lib/xqspips.o ps7_cortexa9_0/lib/xqspip
TRACE::2024-08-07.15:21:48::SCWMssOS::s_g.o ps7_cortexa9_0/lib/xqspips_hw.o ps7_cortexa9_0/lib/xqspips_options.o ps7_cortexa9_0/lib/xqspips_selftest.o ps7_cortexa9_0
TRACE::2024-08-07.15:21:48::SCWMssOS::/lib/xqspips_sinit.o ps7_cortexa9_0/lib/xscugic.o ps7_cortexa9_0/lib/xscugic_g.o ps7_cortexa9_0/lib/xscugic_hw.o ps7_cortexa9_0
TRACE::2024-08-07.15:21:48::SCWMssOS::/lib/xscugic_intr.o ps7_cortexa9_0/lib/xscugic_selftest.o ps7_cortexa9_0/lib/xscugic_sinit.o ps7_cortexa9_0/lib/xscutimer.o ps7
TRACE::2024-08-07.15:21:48::SCWMssOS::_cortexa9_0/lib/xscutimer_g.o ps7_cortexa9_0/lib/xscutimer_selftest.o ps7_cortexa9_0/lib/xscutimer_sinit.o ps7_cortexa9_0/lib/x
TRACE::2024-08-07.15:21:48::SCWMssOS::scuwdt.o ps7_cortexa9_0/lib/xscuwdt_g.o ps7_cortexa9_0/lib/xscuwdt_selftest.o ps7_cortexa9_0/lib/xscuwdt_sinit.o ps7_cortexa9_0
TRACE::2024-08-07.15:21:48::SCWMssOS::/lib/xsdps.o ps7_cortexa9_0/lib/xsdps_card.o ps7_cortexa9_0/lib/xsdps_g.o ps7_cortexa9_0/lib/xsdps_host.o ps7_cortexa9_0/lib/xs
TRACE::2024-08-07.15:21:48::SCWMssOS::dps_options.o ps7_cortexa9_0/lib/xsdps_sinit.o ps7_cortexa9_0/lib/xuartps.o ps7_cortexa9_0/lib/xuartps_g.o ps7_cortexa9_0/lib/x
TRACE::2024-08-07.15:21:48::SCWMssOS::uartps_hw.o ps7_cortexa9_0/lib/xuartps_intr.o ps7_cortexa9_0/lib/xuartps_options.o ps7_cortexa9_0/lib/xuartps_selftest.o ps7_co
TRACE::2024-08-07.15:21:48::SCWMssOS::rtexa9_0/lib/xuartps_sinit.o ps7_cortexa9_0/lib/xusbps.o ps7_cortexa9_0/lib/xusbps_endpoint.o ps7_cortexa9_0/lib/xusbps_g.o ps7
TRACE::2024-08-07.15:21:48::SCWMssOS::_cortexa9_0/lib/xusbps_hw.o ps7_cortexa9_0/lib/xusbps_intr.o ps7_cortexa9_0/lib/xusbps_sinit.o

TRACE::2024-08-07.15:21:48::SCWMssOS::Finished building libraries

TRACE::2024-08-07.15:21:48::SCWMssOS::Copying to export directory.
TRACE::2024-08-07.15:21:48::SCWMssOS:: Checking if to create the Supporting Applications
TRACE::2024-08-07.15:21:48::SCWMssOS:: No Linux domain exists, trying to generate FSBL 
LOG::2024-08-07.15:21:48::SCWSystem::Completed Processing the domain freertos10_xilinx_ps7_cortexa9_0
LOG::2024-08-07.15:21:48::SCWSystem::Completed Processing the sysconfig pynq_z2_bram_wrapper
LOG::2024-08-07.15:21:48::SCWPlatform::Completed generating the artifacts for system configuration pynq_z2_bram_wrapper
TRACE::2024-08-07.15:21:48::SCWPlatform::Started preparing the platform 
TRACE::2024-08-07.15:21:48::SCWSystem::Writing the bif file for system config pynq_z2_bram_wrapper
TRACE::2024-08-07.15:21:48::SCWSystem::dir created 
TRACE::2024-08-07.15:21:48::SCWSystem::Writing the bif 
TRACE::2024-08-07.15:21:48::SCWPlatform::Started writing the spfm file 
TRACE::2024-08-07.15:21:48::SCWPlatform::Started writing the xpfm file 
TRACE::2024-08-07.15:21:48::SCWPlatform::Completed generating the platform
TRACE::2024-08-07.15:21:48::SCWMssOS::Saving the mss changes /home/kike/Desktop/marvin/marvin/pynq_z2_bram_wrapper/zynq_fsbl/zynq_fsbl_bsp/system.mss
TRACE::2024-08-07.15:21:48::SCWMssOS::Found a swdesign opened with the mssfile.
TRACE::2024-08-07.15:21:48::SCWMssOS::Completed writemss as part of save.
TRACE::2024-08-07.15:21:48::SCWMssOS::Commit changes completed.
TRACE::2024-08-07.15:21:48::SCWMssOS::Saving the mss changes /home/kike/Desktop/marvin/marvin/pynq_z2_bram_wrapper/ps7_cortexa9_0/freertos10_xilinx_ps7_cortexa9_0/bsp/system.mss
TRACE::2024-08-07.15:21:48::SCWMssOS::Found a swdesign opened with the mssfile.
TRACE::2024-08-07.15:21:48::SCWMssOS::Completed writemss as part of save.
TRACE::2024-08-07.15:21:48::SCWMssOS::Commit changes completed.
TRACE::2024-08-07.15:21:48::SCWPlatform::Trying to open the hw design at /home/kike/Desktop/marvin/marvin/pynq_z2_bram_wrapper/hw/pynq_z2_bram_wrapper.xsa
TRACE::2024-08-07.15:21:48::SCWPlatform::DSA given /home/kike/Desktop/marvin/marvin/pynq_z2_bram_wrapper/hw/pynq_z2_bram_wrapper.xsa
TRACE::2024-08-07.15:21:48::SCWPlatform::DSA absoulate path /home/kike/Desktop/marvin/marvin/pynq_z2_bram_wrapper/hw/pynq_z2_bram_wrapper.xsa
TRACE::2024-08-07.15:21:48::SCWPlatform::DSA directory /home/kike/Desktop/marvin/marvin/pynq_z2_bram_wrapper/hw
TRACE::2024-08-07.15:21:48::SCWPlatform:: Platform Path /home/kike/Desktop/marvin/marvin/pynq_z2_bram_wrapper/hw/pynq_z2_bram_wrapper.xsa
TRACE::2024-08-07.15:21:48::SCWPlatform:: Unique name xilinx:pynq-z2::0.0
TRACE::2024-08-07.15:21:48::SCWPlatform::Trying to set the existing hwdb with name pynq_z2_bram_wrapper_0
TRACE::2024-08-07.15:21:48::SCWPlatform::Opened existing hwdb pynq_z2_bram_wrapper_0
TRACE::2024-08-07.15:21:48::SCWPlatform::Found the Hw Db part of the input DSA
TRACE::2024-08-07.15:21:48::SCWMssOS::Checking the sw design at  /home/kike/Desktop/marvin/marvin/pynq_z2_bram_wrapper/zynq_fsbl/zynq_fsbl_bsp/system.mss
TRACE::2024-08-07.15:21:48::SCWMssOS::DEBUG:  swdes dump  /home/kike/Desktop/marvin/marvin/pynq_z2_bram_wrapper/ps7_cortexa9_0/freertos10_xilinx_ps7_cortexa9_0/bsp/system.mss|system_0||
/home/kike/Desktop/marvin/marvin/pynq_z2_bram_wrapper/zynq_fsbl/zynq_fsbl_bsp/system.mss|system||

TRACE::2024-08-07.15:21:48::SCWMssOS::Sw design exists and opened at  /home/kike/Desktop/marvin/marvin/pynq_z2_bram_wrapper/zynq_fsbl/zynq_fsbl_bsp/system.mss
TRACE::2024-08-07.15:21:48::SCWPlatform::Trying to open the hw design at /home/kike/Desktop/marvin/marvin/pynq_z2_bram_wrapper/hw/pynq_z2_bram_wrapper.xsa
TRACE::2024-08-07.15:21:48::SCWPlatform::DSA given /home/kike/Desktop/marvin/marvin/pynq_z2_bram_wrapper/hw/pynq_z2_bram_wrapper.xsa
TRACE::2024-08-07.15:21:48::SCWPlatform::DSA absoulate path /home/kike/Desktop/marvin/marvin/pynq_z2_bram_wrapper/hw/pynq_z2_bram_wrapper.xsa
TRACE::2024-08-07.15:21:48::SCWPlatform::DSA directory /home/kike/Desktop/marvin/marvin/pynq_z2_bram_wrapper/hw
TRACE::2024-08-07.15:21:48::SCWPlatform:: Platform Path /home/kike/Desktop/marvin/marvin/pynq_z2_bram_wrapper/hw/pynq_z2_bram_wrapper.xsa
TRACE::2024-08-07.15:21:48::SCWPlatform:: Unique name xilinx:pynq-z2::0.0
TRACE::2024-08-07.15:21:48::SCWPlatform::Trying to set the existing hwdb with name pynq_z2_bram_wrapper_0
TRACE::2024-08-07.15:21:48::SCWPlatform::Opened existing hwdb pynq_z2_bram_wrapper_0
TRACE::2024-08-07.15:21:48::SCWPlatform::Found the Hw Db part of the input DSA
TRACE::2024-08-07.15:21:48::SCWMssOS::Checking the sw design at  /home/kike/Desktop/marvin/marvin/pynq_z2_bram_wrapper/zynq_fsbl/zynq_fsbl_bsp/system.mss
TRACE::2024-08-07.15:21:48::SCWMssOS::DEBUG:  swdes dump  /home/kike/Desktop/marvin/marvin/pynq_z2_bram_wrapper/ps7_cortexa9_0/freertos10_xilinx_ps7_cortexa9_0/bsp/system.mss|system_0||
/home/kike/Desktop/marvin/marvin/pynq_z2_bram_wrapper/zynq_fsbl/zynq_fsbl_bsp/system.mss|system||

TRACE::2024-08-07.15:21:48::SCWMssOS::Sw design exists and opened at  /home/kike/Desktop/marvin/marvin/pynq_z2_bram_wrapper/zynq_fsbl/zynq_fsbl_bsp/system.mss
TRACE::2024-08-07.15:21:48::SCWPlatform::Trying to open the hw design at /home/kike/Desktop/marvin/marvin/pynq_z2_bram_wrapper/hw/pynq_z2_bram_wrapper.xsa
TRACE::2024-08-07.15:21:48::SCWPlatform::DSA given /home/kike/Desktop/marvin/marvin/pynq_z2_bram_wrapper/hw/pynq_z2_bram_wrapper.xsa
TRACE::2024-08-07.15:21:48::SCWPlatform::DSA absoulate path /home/kike/Desktop/marvin/marvin/pynq_z2_bram_wrapper/hw/pynq_z2_bram_wrapper.xsa
TRACE::2024-08-07.15:21:48::SCWPlatform::DSA directory /home/kike/Desktop/marvin/marvin/pynq_z2_bram_wrapper/hw
TRACE::2024-08-07.15:21:48::SCWPlatform:: Platform Path /home/kike/Desktop/marvin/marvin/pynq_z2_bram_wrapper/hw/pynq_z2_bram_wrapper.xsa
TRACE::2024-08-07.15:21:48::SCWPlatform:: Unique name xilinx:pynq-z2::0.0
TRACE::2024-08-07.15:21:48::SCWPlatform::Trying to set the existing hwdb with name pynq_z2_bram_wrapper_0
TRACE::2024-08-07.15:21:48::SCWPlatform::Opened existing hwdb pynq_z2_bram_wrapper_0
TRACE::2024-08-07.15:21:48::SCWPlatform::Found the Hw Db part of the input DSA
TRACE::2024-08-07.15:21:48::SCWMssOS::Checking the sw design at  /home/kike/Desktop/marvin/marvin/pynq_z2_bram_wrapper/zynq_fsbl/zynq_fsbl_bsp/system.mss
TRACE::2024-08-07.15:21:48::SCWMssOS::DEBUG:  swdes dump  /home/kike/Desktop/marvin/marvin/pynq_z2_bram_wrapper/ps7_cortexa9_0/freertos10_xilinx_ps7_cortexa9_0/bsp/system.mss|system_0||
/home/kike/Desktop/marvin/marvin/pynq_z2_bram_wrapper/zynq_fsbl/zynq_fsbl_bsp/system.mss|system||

TRACE::2024-08-07.15:21:48::SCWMssOS::Sw design exists and opened at  /home/kike/Desktop/marvin/marvin/pynq_z2_bram_wrapper/zynq_fsbl/zynq_fsbl_bsp/system.mss
TRACE::2024-08-07.15:21:48::SCWPlatform::Trying to open the hw design at /home/kike/Desktop/marvin/marvin/pynq_z2_bram_wrapper/hw/pynq_z2_bram_wrapper.xsa
TRACE::2024-08-07.15:21:48::SCWPlatform::DSA given /home/kike/Desktop/marvin/marvin/pynq_z2_bram_wrapper/hw/pynq_z2_bram_wrapper.xsa
TRACE::2024-08-07.15:21:48::SCWPlatform::DSA absoulate path /home/kike/Desktop/marvin/marvin/pynq_z2_bram_wrapper/hw/pynq_z2_bram_wrapper.xsa
TRACE::2024-08-07.15:21:48::SCWPlatform::DSA directory /home/kike/Desktop/marvin/marvin/pynq_z2_bram_wrapper/hw
TRACE::2024-08-07.15:21:48::SCWPlatform:: Platform Path /home/kike/Desktop/marvin/marvin/pynq_z2_bram_wrapper/hw/pynq_z2_bram_wrapper.xsa
TRACE::2024-08-07.15:21:48::SCWPlatform:: Unique name xilinx:pynq-z2::0.0
TRACE::2024-08-07.15:21:48::SCWPlatform::Trying to set the existing hwdb with name pynq_z2_bram_wrapper_0
TRACE::2024-08-07.15:21:48::SCWPlatform::Opened existing hwdb pynq_z2_bram_wrapper_0
TRACE::2024-08-07.15:21:48::SCWPlatform::Found the Hw Db part of the input DSA
TRACE::2024-08-07.15:21:48::SCWMssOS::Checking the sw design at  /home/kike/Desktop/marvin/marvin/pynq_z2_bram_wrapper/ps7_cortexa9_0/freertos10_xilinx_ps7_cortexa9_0/bsp/system.mss
TRACE::2024-08-07.15:21:48::SCWMssOS::DEBUG:  swdes dump  /home/kike/Desktop/marvin/marvin/pynq_z2_bram_wrapper/ps7_cortexa9_0/freertos10_xilinx_ps7_cortexa9_0/bsp/system.mss|system_0||
/home/kike/Desktop/marvin/marvin/pynq_z2_bram_wrapper/zynq_fsbl/zynq_fsbl_bsp/system.mss|system||

TRACE::2024-08-07.15:21:48::SCWMssOS::Sw design exists and opened at  /home/kike/Desktop/marvin/marvin/pynq_z2_bram_wrapper/ps7_cortexa9_0/freertos10_xilinx_ps7_cortexa9_0/bsp/system.mss
TRACE::2024-08-07.15:21:48::SCWPlatform::Trying to open the hw design at /home/kike/Desktop/marvin/marvin/pynq_z2_bram_wrapper/hw/pynq_z2_bram_wrapper.xsa
TRACE::2024-08-07.15:21:48::SCWPlatform::DSA given /home/kike/Desktop/marvin/marvin/pynq_z2_bram_wrapper/hw/pynq_z2_bram_wrapper.xsa
TRACE::2024-08-07.15:21:48::SCWPlatform::DSA absoulate path /home/kike/Desktop/marvin/marvin/pynq_z2_bram_wrapper/hw/pynq_z2_bram_wrapper.xsa
TRACE::2024-08-07.15:21:48::SCWPlatform::DSA directory /home/kike/Desktop/marvin/marvin/pynq_z2_bram_wrapper/hw
TRACE::2024-08-07.15:21:48::SCWPlatform:: Platform Path /home/kike/Desktop/marvin/marvin/pynq_z2_bram_wrapper/hw/pynq_z2_bram_wrapper.xsa
TRACE::2024-08-07.15:21:48::SCWPlatform:: Unique name xilinx:pynq-z2::0.0
TRACE::2024-08-07.15:21:48::SCWPlatform::Trying to set the existing hwdb with name pynq_z2_bram_wrapper_0
TRACE::2024-08-07.15:21:48::SCWPlatform::Opened existing hwdb pynq_z2_bram_wrapper_0
TRACE::2024-08-07.15:21:48::SCWPlatform::Found the Hw Db part of the input DSA
TRACE::2024-08-07.15:21:48::SCWMssOS::Checking the sw design at  /home/kike/Desktop/marvin/marvin/pynq_z2_bram_wrapper/ps7_cortexa9_0/freertos10_xilinx_ps7_cortexa9_0/bsp/system.mss
TRACE::2024-08-07.15:21:48::SCWMssOS::DEBUG:  swdes dump  /home/kike/Desktop/marvin/marvin/pynq_z2_bram_wrapper/ps7_cortexa9_0/freertos10_xilinx_ps7_cortexa9_0/bsp/system.mss|system_0||
/home/kike/Desktop/marvin/marvin/pynq_z2_bram_wrapper/zynq_fsbl/zynq_fsbl_bsp/system.mss|system||

TRACE::2024-08-07.15:21:48::SCWMssOS::Sw design exists and opened at  /home/kike/Desktop/marvin/marvin/pynq_z2_bram_wrapper/ps7_cortexa9_0/freertos10_xilinx_ps7_cortexa9_0/bsp/system.mss
TRACE::2024-08-07.15:21:48::SCWPlatform::Trying to open the hw design at /home/kike/Desktop/marvin/marvin/pynq_z2_bram_wrapper/hw/pynq_z2_bram_wrapper.xsa
TRACE::2024-08-07.15:21:48::SCWPlatform::DSA given /home/kike/Desktop/marvin/marvin/pynq_z2_bram_wrapper/hw/pynq_z2_bram_wrapper.xsa
TRACE::2024-08-07.15:21:48::SCWPlatform::DSA absoulate path /home/kike/Desktop/marvin/marvin/pynq_z2_bram_wrapper/hw/pynq_z2_bram_wrapper.xsa
TRACE::2024-08-07.15:21:48::SCWPlatform::DSA directory /home/kike/Desktop/marvin/marvin/pynq_z2_bram_wrapper/hw
TRACE::2024-08-07.15:21:48::SCWPlatform:: Platform Path /home/kike/Desktop/marvin/marvin/pynq_z2_bram_wrapper/hw/pynq_z2_bram_wrapper.xsa
TRACE::2024-08-07.15:21:48::SCWPlatform:: Unique name xilinx:pynq-z2::0.0
TRACE::2024-08-07.15:21:48::SCWPlatform::Trying to set the existing hwdb with name pynq_z2_bram_wrapper_0
TRACE::2024-08-07.15:21:48::SCWPlatform::Opened existing hwdb pynq_z2_bram_wrapper_0
TRACE::2024-08-07.15:21:48::SCWPlatform::Found the Hw Db part of the input DSA
TRACE::2024-08-07.15:21:48::SCWMssOS::Checking the sw design at  /home/kike/Desktop/marvin/marvin/pynq_z2_bram_wrapper/ps7_cortexa9_0/freertos10_xilinx_ps7_cortexa9_0/bsp/system.mss
TRACE::2024-08-07.15:21:48::SCWMssOS::DEBUG:  swdes dump  /home/kike/Desktop/marvin/marvin/pynq_z2_bram_wrapper/ps7_cortexa9_0/freertos10_xilinx_ps7_cortexa9_0/bsp/system.mss|system_0||
/home/kike/Desktop/marvin/marvin/pynq_z2_bram_wrapper/zynq_fsbl/zynq_fsbl_bsp/system.mss|system||

TRACE::2024-08-07.15:21:48::SCWMssOS::Sw design exists and opened at  /home/kike/Desktop/marvin/marvin/pynq_z2_bram_wrapper/ps7_cortexa9_0/freertos10_xilinx_ps7_cortexa9_0/bsp/system.mss
TRACE::2024-08-07.15:21:48::SCWWriter::formatted JSON is {
	"platformName":	"pynq_z2_bram_wrapper",
	"sprVersion":	"2.0",
	"mode":	"gui",
	"dsaType":	"Fixed",
	"platformDesc":	"pynq_z2_bram_wrapper",
	"platHandOff":	"/home/kike/Desktop/marvin/vivado_project/pynq_z2_bram/pynq_z2_bram_wrapper.xsa",
	"platIntHandOff":	"<platformDir>/hw/pynq_z2_bram_wrapper.xsa",
	"deviceType":	"zynq",
	"platIsPrebuiltAutogen":	"false",
	"platIsNoBootBsp":	"false",
	"platFsblTarget":	"ps7_cortexa9_0",
	"hasFsblMakeHasChanges":	"false",
	"hasPmufwMakeHasChanges":	"false",
	"fsblExtraCompilerFlags":	"-MMD -MP       -mcpu=cortex-a9 -mfpu=vfpv3 -mfloat-abi=hard ",
	"platPreBuiltFlag":	false,
	"platformSamplesDir":	"",
	"platActiveSys":	"pynq_z2_bram_wrapper",
	"systems":	[{
			"systemName":	"pynq_z2_bram_wrapper",
			"systemDesc":	"pynq_z2_bram_wrapper",
			"sysIsBootAutoGen":	"true",
			"systemDispName":	"pynq_z2_bram_wrapper",
			"sysActiveDom":	"freertos10_xilinx_ps7_cortexa9_0",
			"sysDefaultDom":	"freertos10_xilinx_ps7_cortexa9_0",
			"domains":	[{
					"domainName":	"zynq_fsbl",
					"domainDispName":	"zynq_fsbl",
					"domainDesc":	"FSBL Application BSP - Auto Generated.",
					"processors":	"ps7_cortexa9_0",
					"os":	"standalone",
					"sdxOs":	"standalone",
					"debugEnable":	"",
					"domRuntimes":	["cpp"],
					"swRepo":	"",
					"mssOsVer":	"9.1",
					"mssFile":	"",
					"md5Digest":	"409d1989a24d76fe76b05e785092fa28",
					"compatibleApp":	"zynq_fsbl",
					"domType":	"bootDomain",
					"arch":	"32-bit",
					"appSettings":	{
						"appCompilerFlags":	"",
						"appLinkerFlags":	""
					},
					"addedLibs":	["xilffs:5.2", "xilrsa:1.8"],
					"libOptions":	{
						"libsContainingOptions":	[]
					},
					"prebuiltLibs":	{
						"prebuiltIncPath":	[],
						"prebuiltLibPath":	[]
					},
					"isolation":	{
					}
				}, {
					"domainName":	"freertos10_xilinx_ps7_cortexa9_0",
					"domainDispName":	"freertos10_xilinx_ps7_cortexa9_0",
					"domainDesc":	"freertos10_xilinx_ps7_cortexa9_0",
					"processors":	"ps7_cortexa9_0",
					"os":	"freertos10_xilinx",
					"sdxOs":	"freertos10_xilinx",
					"qemuArgs":	"<platformDir>/resources/pynq_z2_bram_wrapper/freertos10_xilinx_ps7_cortexa9_0/qemu_args.txt",
					"qemuData":	"<platformDir>/resources/pynq_z2_bram_wrapper/freertos10_xilinx_ps7_cortexa9_0/qemu",
					"debugEnable":	"False",
					"domRuntimes":	["cpp"],
					"swRepo":	"",
					"mssOsVer":	"1.15",
					"mssFile":	"",
					"md5Digest":	"b16b094303b8a18353b8c330524e5d8f",
					"compatibleApp":	"freertos_hello_world",
					"domType":	"mssDomain",
					"arch":	"32-bit",
					"appSettings":	{
						"appCompilerFlags":	"",
						"appLinkerFlags":	""
					},
					"addedLibs":	["xiltimer:2.0"],
					"libOptions":	{
						"freertos10_xilinx":	{
							"xil_interrupt":	"true",
							"libOptionNames":	["xil_interrupt"]
						},
						"libsContainingOptions":	["freertos10_xilinx"]
					},
					"prebuiltLibs":	{
						"prebuiltIncPath":	[],
						"prebuiltLibPath":	[]
					},
					"isolation":	{
					}
				}]
		}]
}
KEYINFO::2024-08-07.15:21:48::SCWPlatform::updated the xpfm file.
TRACE::2024-08-07.15:21:49::SCWPlatform::Trying to open the hw design at /home/kike/Desktop/marvin/marvin/pynq_z2_bram_wrapper/hw/pynq_z2_bram_wrapper.xsa
TRACE::2024-08-07.15:21:49::SCWPlatform::DSA given /home/kike/Desktop/marvin/marvin/pynq_z2_bram_wrapper/hw/pynq_z2_bram_wrapper.xsa
TRACE::2024-08-07.15:21:49::SCWPlatform::DSA absoulate path /home/kike/Desktop/marvin/marvin/pynq_z2_bram_wrapper/hw/pynq_z2_bram_wrapper.xsa
TRACE::2024-08-07.15:21:49::SCWPlatform::DSA directory /home/kike/Desktop/marvin/marvin/pynq_z2_bram_wrapper/hw
TRACE::2024-08-07.15:21:49::SCWPlatform:: Platform Path /home/kike/Desktop/marvin/marvin/pynq_z2_bram_wrapper/hw/pynq_z2_bram_wrapper.xsa
TRACE::2024-08-07.15:21:49::SCWPlatform:: Unique name xilinx:pynq-z2::0.0
TRACE::2024-08-07.15:21:49::SCWPlatform::Trying to set the existing hwdb with name pynq_z2_bram_wrapper_0
TRACE::2024-08-07.15:21:49::SCWPlatform::Opened existing hwdb pynq_z2_bram_wrapper_0
TRACE::2024-08-07.15:21:49::SCWPlatform::Found the Hw Db part of the input DSA
TRACE::2024-08-07.15:21:49::SCWMssOS::Checking the sw design at  /home/kike/Desktop/marvin/marvin/pynq_z2_bram_wrapper/ps7_cortexa9_0/freertos10_xilinx_ps7_cortexa9_0/bsp/system.mss
TRACE::2024-08-07.15:21:49::SCWMssOS::DEBUG:  swdes dump  /home/kike/Desktop/marvin/marvin/pynq_z2_bram_wrapper/ps7_cortexa9_0/freertos10_xilinx_ps7_cortexa9_0/bsp/system.mss|system_0||
/home/kike/Desktop/marvin/marvin/pynq_z2_bram_wrapper/zynq_fsbl/zynq_fsbl_bsp/system.mss|system||

TRACE::2024-08-07.15:21:49::SCWMssOS::Sw design exists and opened at  /home/kike/Desktop/marvin/marvin/pynq_z2_bram_wrapper/ps7_cortexa9_0/freertos10_xilinx_ps7_cortexa9_0/bsp/system.mss
TRACE::2024-08-20.12:20:07::SCWPlatform::Trying to open the hw design at /home/kike/Desktop/marvin/marvin/pynq_z2_bram_wrapper/hw/pynq_z2_bram_wrapper.xsa
TRACE::2024-08-20.12:20:07::SCWPlatform::DSA given /home/kike/Desktop/marvin/marvin/pynq_z2_bram_wrapper/hw/pynq_z2_bram_wrapper.xsa
TRACE::2024-08-20.12:20:07::SCWPlatform::DSA absoulate path /home/kike/Desktop/marvin/marvin/pynq_z2_bram_wrapper/hw/pynq_z2_bram_wrapper.xsa
TRACE::2024-08-20.12:20:08::SCWPlatform::DSA directory /home/kike/Desktop/marvin/marvin/pynq_z2_bram_wrapper/hw
TRACE::2024-08-20.12:20:08::SCWPlatform:: Platform Path /home/kike/Desktop/marvin/marvin/pynq_z2_bram_wrapper/hw/pynq_z2_bram_wrapper.xsa
TRACE::2024-08-20.12:20:08::SCWPlatform:: Unique name xilinx:pynq-z2::0.0
TRACE::2024-08-20.12:20:08::SCWPlatform::Do not have an existing db opened. 
TRACE::2024-08-20.12:20:10::SCWPlatform::Opened new HwDB with name pynq_z2_bram_wrapper
TRACE::2024-08-20.12:20:10::SCWReader::Active system found as  pynq_z2_bram_wrapper
TRACE::2024-08-20.12:20:10::SCWReader::Handling sysconfig pynq_z2_bram_wrapper
TRACE::2024-08-20.12:20:10::SCWDomain::checking for install qemu data   : 
TRACE::2024-08-20.12:20:10::SCWDomain:: Using the QEMU Data from install at  : /tools/Xilinx/Vitis/2024.1/data/emulation/platforms/zynq/sw/a9_standalone/qemu/
TRACE::2024-08-20.12:20:10::SCWDomain:: Using the QEMU args  from install at  : /tools/Xilinx/Vitis/2024.1/data/emulation/platforms/zynq/sw/a9_standalone/qemu/qemu_args.txt
TRACE::2024-08-20.12:20:10::SCWPlatform::Trying to open the hw design at /home/kike/Desktop/marvin/marvin/pynq_z2_bram_wrapper/hw/pynq_z2_bram_wrapper.xsa
TRACE::2024-08-20.12:20:10::SCWPlatform::DSA given /home/kike/Desktop/marvin/marvin/pynq_z2_bram_wrapper/hw/pynq_z2_bram_wrapper.xsa
TRACE::2024-08-20.12:20:10::SCWPlatform::DSA absoulate path /home/kike/Desktop/marvin/marvin/pynq_z2_bram_wrapper/hw/pynq_z2_bram_wrapper.xsa
TRACE::2024-08-20.12:20:10::SCWPlatform::DSA directory /home/kike/Desktop/marvin/marvin/pynq_z2_bram_wrapper/hw
TRACE::2024-08-20.12:20:10::SCWPlatform:: Platform Path /home/kike/Desktop/marvin/marvin/pynq_z2_bram_wrapper/hw/pynq_z2_bram_wrapper.xsa
TRACE::2024-08-20.12:20:10::SCWPlatform:: Unique name xilinx:pynq-z2::0.0
TRACE::2024-08-20.12:20:10::SCWPlatform::Trying to set the existing hwdb with name pynq_z2_bram_wrapper
TRACE::2024-08-20.12:20:10::SCWPlatform::Opened existing hwdb pynq_z2_bram_wrapper
TRACE::2024-08-20.12:20:10::SCWPlatform::Found the Hw Db part of the input DSA
TRACE::2024-08-20.12:20:10::SCWPlatform::Trying to open the hw design at /home/kike/Desktop/marvin/marvin/pynq_z2_bram_wrapper/hw/pynq_z2_bram_wrapper.xsa
TRACE::2024-08-20.12:20:10::SCWPlatform::DSA given /home/kike/Desktop/marvin/marvin/pynq_z2_bram_wrapper/hw/pynq_z2_bram_wrapper.xsa
TRACE::2024-08-20.12:20:10::SCWPlatform::DSA absoulate path /home/kike/Desktop/marvin/marvin/pynq_z2_bram_wrapper/hw/pynq_z2_bram_wrapper.xsa
TRACE::2024-08-20.12:20:10::SCWPlatform::DSA directory /home/kike/Desktop/marvin/marvin/pynq_z2_bram_wrapper/hw
TRACE::2024-08-20.12:20:10::SCWPlatform:: Platform Path /home/kike/Desktop/marvin/marvin/pynq_z2_bram_wrapper/hw/pynq_z2_bram_wrapper.xsa
TRACE::2024-08-20.12:20:10::SCWPlatform:: Unique name xilinx:pynq-z2::0.0
TRACE::2024-08-20.12:20:10::SCWPlatform::Trying to set the existing hwdb with name pynq_z2_bram_wrapper
TRACE::2024-08-20.12:20:10::SCWPlatform::Opened existing hwdb pynq_z2_bram_wrapper
TRACE::2024-08-20.12:20:10::SCWPlatform::Found the Hw Db part of the input DSA
TRACE::2024-08-20.12:20:10::SCWPlatform::Trying to open the hw design at /home/kike/Desktop/marvin/marvin/pynq_z2_bram_wrapper/hw/pynq_z2_bram_wrapper.xsa
TRACE::2024-08-20.12:20:10::SCWPlatform::DSA given /home/kike/Desktop/marvin/marvin/pynq_z2_bram_wrapper/hw/pynq_z2_bram_wrapper.xsa
TRACE::2024-08-20.12:20:10::SCWPlatform::DSA absoulate path /home/kike/Desktop/marvin/marvin/pynq_z2_bram_wrapper/hw/pynq_z2_bram_wrapper.xsa
TRACE::2024-08-20.12:20:10::SCWPlatform::DSA directory /home/kike/Desktop/marvin/marvin/pynq_z2_bram_wrapper/hw
TRACE::2024-08-20.12:20:10::SCWPlatform:: Platform Path /home/kike/Desktop/marvin/marvin/pynq_z2_bram_wrapper/hw/pynq_z2_bram_wrapper.xsa
TRACE::2024-08-20.12:20:10::SCWPlatform:: Unique name xilinx:pynq-z2::0.0
TRACE::2024-08-20.12:20:10::SCWPlatform::Trying to set the existing hwdb with name pynq_z2_bram_wrapper
TRACE::2024-08-20.12:20:10::SCWPlatform::Opened existing hwdb pynq_z2_bram_wrapper
TRACE::2024-08-20.12:20:10::SCWPlatform::Found the Hw Db part of the input DSA
TRACE::2024-08-20.12:20:10::SCWReader::Boot application domain added for zynq_fsbl
TRACE::2024-08-20.12:20:10::SCWPlatform::Trying to open the hw design at /home/kike/Desktop/marvin/marvin/pynq_z2_bram_wrapper/hw/pynq_z2_bram_wrapper.xsa
TRACE::2024-08-20.12:20:10::SCWPlatform::DSA given /home/kike/Desktop/marvin/marvin/pynq_z2_bram_wrapper/hw/pynq_z2_bram_wrapper.xsa
TRACE::2024-08-20.12:20:10::SCWPlatform::DSA absoulate path /home/kike/Desktop/marvin/marvin/pynq_z2_bram_wrapper/hw/pynq_z2_bram_wrapper.xsa
TRACE::2024-08-20.12:20:10::SCWPlatform::DSA directory /home/kike/Desktop/marvin/marvin/pynq_z2_bram_wrapper/hw
TRACE::2024-08-20.12:20:10::SCWPlatform:: Platform Path /home/kike/Desktop/marvin/marvin/pynq_z2_bram_wrapper/hw/pynq_z2_bram_wrapper.xsa
TRACE::2024-08-20.12:20:10::SCWPlatform:: Unique name xilinx:pynq-z2::0.0
TRACE::2024-08-20.12:20:10::SCWPlatform::Trying to set the existing hwdb with name pynq_z2_bram_wrapper
TRACE::2024-08-20.12:20:10::SCWPlatform::Opened existing hwdb pynq_z2_bram_wrapper
TRACE::2024-08-20.12:20:10::SCWPlatform::Found the Hw Db part of the input DSA
TRACE::2024-08-20.12:20:10::SCWMssOS::Checking the sw design at  /home/kike/Desktop/marvin/marvin/pynq_z2_bram_wrapper/zynq_fsbl/zynq_fsbl_bsp/system.mss
TRACE::2024-08-20.12:20:10::SCWMssOS::DEBUG:  swdes dump  
TRACE::2024-08-20.12:20:10::SCWMssOS::No sw design opened at  /home/kike/Desktop/marvin/marvin/pynq_z2_bram_wrapper/zynq_fsbl/zynq_fsbl_bsp/system.mss
TRACE::2024-08-20.12:20:10::SCWMssOS::mss exists loading the mss file  /home/kike/Desktop/marvin/marvin/pynq_z2_bram_wrapper/zynq_fsbl/zynq_fsbl_bsp/system.mss
TRACE::2024-08-20.12:20:10::SCWMssOS::Opened the sw design from mss  /home/kike/Desktop/marvin/marvin/pynq_z2_bram_wrapper/zynq_fsbl/zynq_fsbl_bsp/system.mss
TRACE::2024-08-20.12:20:10::SCWMssOS::Adding the swdes entry /home/kike/Desktop/marvin/marvin/pynq_z2_bram_wrapper/zynq_fsbl/zynq_fsbl_bsp/system.mss with des name system
TRACE::2024-08-20.12:20:10::SCWMssOS::updating the scw layer about changes
TRACE::2024-08-20.12:20:10::SCWMssOS::Opened the sw design.  /home/kike/Desktop/marvin/marvin/pynq_z2_bram_wrapper/zynq_fsbl/zynq_fsbl_bsp/system.mss
TRACE::2024-08-20.12:20:10::SCWPlatform::Trying to open the hw design at /home/kike/Desktop/marvin/marvin/pynq_z2_bram_wrapper/hw/pynq_z2_bram_wrapper.xsa
TRACE::2024-08-20.12:20:10::SCWPlatform::DSA given /home/kike/Desktop/marvin/marvin/pynq_z2_bram_wrapper/hw/pynq_z2_bram_wrapper.xsa
TRACE::2024-08-20.12:20:10::SCWPlatform::DSA absoulate path /home/kike/Desktop/marvin/marvin/pynq_z2_bram_wrapper/hw/pynq_z2_bram_wrapper.xsa
TRACE::2024-08-20.12:20:10::SCWPlatform::DSA directory /home/kike/Desktop/marvin/marvin/pynq_z2_bram_wrapper/hw
TRACE::2024-08-20.12:20:10::SCWPlatform:: Platform Path /home/kike/Desktop/marvin/marvin/pynq_z2_bram_wrapper/hw/pynq_z2_bram_wrapper.xsa
TRACE::2024-08-20.12:20:10::SCWPlatform:: Unique name xilinx:pynq-z2::0.0
TRACE::2024-08-20.12:20:10::SCWPlatform::Trying to set the existing hwdb with name pynq_z2_bram_wrapper
TRACE::2024-08-20.12:20:10::SCWPlatform::Opened existing hwdb pynq_z2_bram_wrapper
TRACE::2024-08-20.12:20:10::SCWPlatform::Found the Hw Db part of the input DSA
TRACE::2024-08-20.12:20:10::SCWMssOS::Checking the sw design at  /home/kike/Desktop/marvin/marvin/pynq_z2_bram_wrapper/zynq_fsbl/zynq_fsbl_bsp/system.mss
TRACE::2024-08-20.12:20:10::SCWMssOS::DEBUG:  swdes dump  /home/kike/Desktop/marvin/marvin/pynq_z2_bram_wrapper/zynq_fsbl/zynq_fsbl_bsp/system.mss|system||

TRACE::2024-08-20.12:20:10::SCWMssOS::Sw design exists and opened at  /home/kike/Desktop/marvin/marvin/pynq_z2_bram_wrapper/zynq_fsbl/zynq_fsbl_bsp/system.mss
TRACE::2024-08-20.12:20:10::SCWMssOS:: library already available in sw design:  xilffs:5.2
TRACE::2024-08-20.12:20:10::SCWPlatform::Trying to open the hw design at /home/kike/Desktop/marvin/marvin/pynq_z2_bram_wrapper/hw/pynq_z2_bram_wrapper.xsa
TRACE::2024-08-20.12:20:10::SCWPlatform::DSA given /home/kike/Desktop/marvin/marvin/pynq_z2_bram_wrapper/hw/pynq_z2_bram_wrapper.xsa
TRACE::2024-08-20.12:20:10::SCWPlatform::DSA absoulate path /home/kike/Desktop/marvin/marvin/pynq_z2_bram_wrapper/hw/pynq_z2_bram_wrapper.xsa
TRACE::2024-08-20.12:20:10::SCWPlatform::DSA directory /home/kike/Desktop/marvin/marvin/pynq_z2_bram_wrapper/hw
TRACE::2024-08-20.12:20:10::SCWPlatform:: Platform Path /home/kike/Desktop/marvin/marvin/pynq_z2_bram_wrapper/hw/pynq_z2_bram_wrapper.xsa
TRACE::2024-08-20.12:20:10::SCWPlatform:: Unique name xilinx:pynq-z2::0.0
TRACE::2024-08-20.12:20:10::SCWPlatform::Trying to set the existing hwdb with name pynq_z2_bram_wrapper
TRACE::2024-08-20.12:20:10::SCWPlatform::Opened existing hwdb pynq_z2_bram_wrapper
TRACE::2024-08-20.12:20:10::SCWPlatform::Found the Hw Db part of the input DSA
TRACE::2024-08-20.12:20:10::SCWMssOS::Checking the sw design at  /home/kike/Desktop/marvin/marvin/pynq_z2_bram_wrapper/zynq_fsbl/zynq_fsbl_bsp/system.mss
TRACE::2024-08-20.12:20:10::SCWMssOS::DEBUG:  swdes dump  /home/kike/Desktop/marvin/marvin/pynq_z2_bram_wrapper/zynq_fsbl/zynq_fsbl_bsp/system.mss|system||

TRACE::2024-08-20.12:20:10::SCWMssOS::Sw design exists and opened at  /home/kike/Desktop/marvin/marvin/pynq_z2_bram_wrapper/zynq_fsbl/zynq_fsbl_bsp/system.mss
TRACE::2024-08-20.12:20:10::SCWMssOS:: library already available in sw design:  xilrsa:1.8
TRACE::2024-08-20.12:20:10::SCWMssOS::Saving the mss changes /home/kike/Desktop/marvin/marvin/pynq_z2_bram_wrapper/zynq_fsbl/zynq_fsbl_bsp/system.mss
TRACE::2024-08-20.12:20:10::SCWMssOS::Found a swdesign opened with the mssfile.
TRACE::2024-08-20.12:20:10::SCWMssOS::Completed writemss as part of save.
TRACE::2024-08-20.12:20:10::SCWMssOS::Commit changes completed.
TRACE::2024-08-20.12:20:10::SCWReader::Adding prebuilt librarypaths as   
TRACE::2024-08-20.12:20:10::SCWReader::Adding prebuilt incpaths  as   
TRACE::2024-08-20.12:20:10::SCWPlatform::Trying to open the hw design at /home/kike/Desktop/marvin/marvin/pynq_z2_bram_wrapper/hw/pynq_z2_bram_wrapper.xsa
TRACE::2024-08-20.12:20:10::SCWPlatform::DSA given /home/kike/Desktop/marvin/marvin/pynq_z2_bram_wrapper/hw/pynq_z2_bram_wrapper.xsa
TRACE::2024-08-20.12:20:10::SCWPlatform::DSA absoulate path /home/kike/Desktop/marvin/marvin/pynq_z2_bram_wrapper/hw/pynq_z2_bram_wrapper.xsa
TRACE::2024-08-20.12:20:10::SCWPlatform::DSA directory /home/kike/Desktop/marvin/marvin/pynq_z2_bram_wrapper/hw
TRACE::2024-08-20.12:20:10::SCWPlatform:: Platform Path /home/kike/Desktop/marvin/marvin/pynq_z2_bram_wrapper/hw/pynq_z2_bram_wrapper.xsa
TRACE::2024-08-20.12:20:10::SCWPlatform:: Unique name xilinx:pynq-z2::0.0
TRACE::2024-08-20.12:20:10::SCWPlatform::Trying to set the existing hwdb with name pynq_z2_bram_wrapper
TRACE::2024-08-20.12:20:10::SCWPlatform::Opened existing hwdb pynq_z2_bram_wrapper
TRACE::2024-08-20.12:20:10::SCWPlatform::Found the Hw Db part of the input DSA
TRACE::2024-08-20.12:20:10::SCWMssOS::Checking the sw design at  /home/kike/Desktop/marvin/marvin/pynq_z2_bram_wrapper/zynq_fsbl/zynq_fsbl_bsp/system.mss
TRACE::2024-08-20.12:20:10::SCWMssOS::DEBUG:  swdes dump  /home/kike/Desktop/marvin/marvin/pynq_z2_bram_wrapper/zynq_fsbl/zynq_fsbl_bsp/system.mss|system||

TRACE::2024-08-20.12:20:10::SCWMssOS::Sw design exists and opened at  /home/kike/Desktop/marvin/marvin/pynq_z2_bram_wrapper/zynq_fsbl/zynq_fsbl_bsp/system.mss
TRACE::2024-08-20.12:20:10::SCWReader::No isolation master present  
TRACE::2024-08-20.12:20:10::SCWDomain::checking for install qemu data   : 
TRACE::2024-08-20.12:20:10::SCWDomain:: Using the QEMU Data from install at  : /tools/Xilinx/Vitis/2024.1/data/emulation/platforms/zynq/sw/a9_standalone/qemu/
TRACE::2024-08-20.12:20:10::SCWDomain:: Using the QEMU args  from install at  : /tools/Xilinx/Vitis/2024.1/data/emulation/platforms/zynq/sw/a9_standalone/qemu/qemu_args.txt
TRACE::2024-08-20.12:20:10::SCWPlatform::Trying to open the hw design at /home/kike/Desktop/marvin/marvin/pynq_z2_bram_wrapper/hw/pynq_z2_bram_wrapper.xsa
TRACE::2024-08-20.12:20:10::SCWPlatform::DSA given /home/kike/Desktop/marvin/marvin/pynq_z2_bram_wrapper/hw/pynq_z2_bram_wrapper.xsa
TRACE::2024-08-20.12:20:10::SCWPlatform::DSA absoulate path /home/kike/Desktop/marvin/marvin/pynq_z2_bram_wrapper/hw/pynq_z2_bram_wrapper.xsa
TRACE::2024-08-20.12:20:10::SCWPlatform::DSA directory /home/kike/Desktop/marvin/marvin/pynq_z2_bram_wrapper/hw
TRACE::2024-08-20.12:20:10::SCWPlatform:: Platform Path /home/kike/Desktop/marvin/marvin/pynq_z2_bram_wrapper/hw/pynq_z2_bram_wrapper.xsa
TRACE::2024-08-20.12:20:10::SCWPlatform:: Unique name xilinx:pynq-z2::0.0
TRACE::2024-08-20.12:20:10::SCWPlatform::Trying to set the existing hwdb with name pynq_z2_bram_wrapper
TRACE::2024-08-20.12:20:10::SCWPlatform::Opened existing hwdb pynq_z2_bram_wrapper
TRACE::2024-08-20.12:20:10::SCWPlatform::Found the Hw Db part of the input DSA
TRACE::2024-08-20.12:20:10::SCWPlatform::Trying to open the hw design at /home/kike/Desktop/marvin/marvin/pynq_z2_bram_wrapper/hw/pynq_z2_bram_wrapper.xsa
TRACE::2024-08-20.12:20:10::SCWPlatform::DSA given /home/kike/Desktop/marvin/marvin/pynq_z2_bram_wrapper/hw/pynq_z2_bram_wrapper.xsa
TRACE::2024-08-20.12:20:10::SCWPlatform::DSA absoulate path /home/kike/Desktop/marvin/marvin/pynq_z2_bram_wrapper/hw/pynq_z2_bram_wrapper.xsa
TRACE::2024-08-20.12:20:10::SCWPlatform::DSA directory /home/kike/Desktop/marvin/marvin/pynq_z2_bram_wrapper/hw
TRACE::2024-08-20.12:20:10::SCWPlatform:: Platform Path /home/kike/Desktop/marvin/marvin/pynq_z2_bram_wrapper/hw/pynq_z2_bram_wrapper.xsa
TRACE::2024-08-20.12:20:10::SCWPlatform:: Unique name xilinx:pynq-z2::0.0
TRACE::2024-08-20.12:20:10::SCWPlatform::Trying to set the existing hwdb with name pynq_z2_bram_wrapper
TRACE::2024-08-20.12:20:10::SCWPlatform::Opened existing hwdb pynq_z2_bram_wrapper
TRACE::2024-08-20.12:20:10::SCWPlatform::Found the Hw Db part of the input DSA
TRACE::2024-08-20.12:20:10::SCWPlatform::Trying to open the hw design at /home/kike/Desktop/marvin/marvin/pynq_z2_bram_wrapper/hw/pynq_z2_bram_wrapper.xsa
TRACE::2024-08-20.12:20:10::SCWPlatform::DSA given /home/kike/Desktop/marvin/marvin/pynq_z2_bram_wrapper/hw/pynq_z2_bram_wrapper.xsa
TRACE::2024-08-20.12:20:10::SCWPlatform::DSA absoulate path /home/kike/Desktop/marvin/marvin/pynq_z2_bram_wrapper/hw/pynq_z2_bram_wrapper.xsa
TRACE::2024-08-20.12:20:10::SCWPlatform::DSA directory /home/kike/Desktop/marvin/marvin/pynq_z2_bram_wrapper/hw
TRACE::2024-08-20.12:20:10::SCWPlatform:: Platform Path /home/kike/Desktop/marvin/marvin/pynq_z2_bram_wrapper/hw/pynq_z2_bram_wrapper.xsa
TRACE::2024-08-20.12:20:10::SCWPlatform:: Unique name xilinx:pynq-z2::0.0
TRACE::2024-08-20.12:20:10::SCWPlatform::Trying to set the existing hwdb with name pynq_z2_bram_wrapper
TRACE::2024-08-20.12:20:10::SCWPlatform::Opened existing hwdb pynq_z2_bram_wrapper
TRACE::2024-08-20.12:20:10::SCWPlatform::Found the Hw Db part of the input DSA
TRACE::2024-08-20.12:20:10::SCWMssOS::Checking the sw design at  /home/kike/Desktop/marvin/marvin/pynq_z2_bram_wrapper/ps7_cortexa9_0/freertos10_xilinx_ps7_cortexa9_0/bsp/system.mss
TRACE::2024-08-20.12:20:10::SCWMssOS::DEBUG:  swdes dump  /home/kike/Desktop/marvin/marvin/pynq_z2_bram_wrapper/zynq_fsbl/zynq_fsbl_bsp/system.mss|system||

TRACE::2024-08-20.12:20:10::SCWMssOS::No sw design opened at  /home/kike/Desktop/marvin/marvin/pynq_z2_bram_wrapper/ps7_cortexa9_0/freertos10_xilinx_ps7_cortexa9_0/bsp/system.mss
TRACE::2024-08-20.12:20:10::SCWMssOS::mss exists loading the mss file  /home/kike/Desktop/marvin/marvin/pynq_z2_bram_wrapper/ps7_cortexa9_0/freertos10_xilinx_ps7_cortexa9_0/bsp/system.mss
TRACE::2024-08-20.12:20:10::SCWMssOS::Opened the sw design from mss  /home/kike/Desktop/marvin/marvin/pynq_z2_bram_wrapper/ps7_cortexa9_0/freertos10_xilinx_ps7_cortexa9_0/bsp/system.mss
TRACE::2024-08-20.12:20:10::SCWMssOS::Adding the swdes entry /home/kike/Desktop/marvin/marvin/pynq_z2_bram_wrapper/ps7_cortexa9_0/freertos10_xilinx_ps7_cortexa9_0/bsp/system.mss with des name system_0
TRACE::2024-08-20.12:20:10::SCWMssOS::updating the scw layer about changes
TRACE::2024-08-20.12:20:10::SCWMssOS::Opened the sw design.  /home/kike/Desktop/marvin/marvin/pynq_z2_bram_wrapper/ps7_cortexa9_0/freertos10_xilinx_ps7_cortexa9_0/bsp/system.mss
TRACE::2024-08-20.12:20:10::SCWPlatform::Trying to open the hw design at /home/kike/Desktop/marvin/marvin/pynq_z2_bram_wrapper/hw/pynq_z2_bram_wrapper.xsa
TRACE::2024-08-20.12:20:10::SCWPlatform::DSA given /home/kike/Desktop/marvin/marvin/pynq_z2_bram_wrapper/hw/pynq_z2_bram_wrapper.xsa
TRACE::2024-08-20.12:20:10::SCWPlatform::DSA absoulate path /home/kike/Desktop/marvin/marvin/pynq_z2_bram_wrapper/hw/pynq_z2_bram_wrapper.xsa
TRACE::2024-08-20.12:20:10::SCWPlatform::DSA directory /home/kike/Desktop/marvin/marvin/pynq_z2_bram_wrapper/hw
TRACE::2024-08-20.12:20:10::SCWPlatform:: Platform Path /home/kike/Desktop/marvin/marvin/pynq_z2_bram_wrapper/hw/pynq_z2_bram_wrapper.xsa
TRACE::2024-08-20.12:20:10::SCWPlatform:: Unique name xilinx:pynq-z2::0.0
TRACE::2024-08-20.12:20:10::SCWPlatform::Trying to set the existing hwdb with name pynq_z2_bram_wrapper
TRACE::2024-08-20.12:20:10::SCWPlatform::Opened existing hwdb pynq_z2_bram_wrapper
TRACE::2024-08-20.12:20:10::SCWPlatform::Found the Hw Db part of the input DSA
TRACE::2024-08-20.12:20:10::SCWMssOS::Checking the sw design at  /home/kike/Desktop/marvin/marvin/pynq_z2_bram_wrapper/ps7_cortexa9_0/freertos10_xilinx_ps7_cortexa9_0/bsp/system.mss
TRACE::2024-08-20.12:20:10::SCWMssOS::DEBUG:  swdes dump  /home/kike/Desktop/marvin/marvin/pynq_z2_bram_wrapper/ps7_cortexa9_0/freertos10_xilinx_ps7_cortexa9_0/bsp/system.mss|system_0||
/home/kike/Desktop/marvin/marvin/pynq_z2_bram_wrapper/zynq_fsbl/zynq_fsbl_bsp/system.mss|system||

TRACE::2024-08-20.12:20:10::SCWMssOS::Sw design exists and opened at  /home/kike/Desktop/marvin/marvin/pynq_z2_bram_wrapper/ps7_cortexa9_0/freertos10_xilinx_ps7_cortexa9_0/bsp/system.mss
TRACE::2024-08-20.12:20:10::SCWMssOS:: library already available in sw design:  xiltimer:2.0
TRACE::2024-08-20.12:20:10::SCWPlatform::Trying to open the hw design at /home/kike/Desktop/marvin/marvin/pynq_z2_bram_wrapper/hw/pynq_z2_bram_wrapper.xsa
TRACE::2024-08-20.12:20:10::SCWPlatform::DSA given /home/kike/Desktop/marvin/marvin/pynq_z2_bram_wrapper/hw/pynq_z2_bram_wrapper.xsa
TRACE::2024-08-20.12:20:10::SCWPlatform::DSA absoulate path /home/kike/Desktop/marvin/marvin/pynq_z2_bram_wrapper/hw/pynq_z2_bram_wrapper.xsa
TRACE::2024-08-20.12:20:10::SCWPlatform::DSA directory /home/kike/Desktop/marvin/marvin/pynq_z2_bram_wrapper/hw
TRACE::2024-08-20.12:20:10::SCWPlatform:: Platform Path /home/kike/Desktop/marvin/marvin/pynq_z2_bram_wrapper/hw/pynq_z2_bram_wrapper.xsa
TRACE::2024-08-20.12:20:10::SCWPlatform:: Unique name xilinx:pynq-z2::0.0
TRACE::2024-08-20.12:20:10::SCWPlatform::Trying to set the existing hwdb with name pynq_z2_bram_wrapper
TRACE::2024-08-20.12:20:10::SCWPlatform::Opened existing hwdb pynq_z2_bram_wrapper
TRACE::2024-08-20.12:20:10::SCWPlatform::Found the Hw Db part of the input DSA
TRACE::2024-08-20.12:20:10::SCWMssOS::Checking the sw design at  /home/kike/Desktop/marvin/marvin/pynq_z2_bram_wrapper/ps7_cortexa9_0/freertos10_xilinx_ps7_cortexa9_0/bsp/system.mss
TRACE::2024-08-20.12:20:10::SCWMssOS::DEBUG:  swdes dump  /home/kike/Desktop/marvin/marvin/pynq_z2_bram_wrapper/ps7_cortexa9_0/freertos10_xilinx_ps7_cortexa9_0/bsp/system.mss|system_0||
/home/kike/Desktop/marvin/marvin/pynq_z2_bram_wrapper/zynq_fsbl/zynq_fsbl_bsp/system.mss|system||

TRACE::2024-08-20.12:20:10::SCWMssOS::Sw design exists and opened at  /home/kike/Desktop/marvin/marvin/pynq_z2_bram_wrapper/ps7_cortexa9_0/freertos10_xilinx_ps7_cortexa9_0/bsp/system.mss
TRACE::2024-08-20.12:20:10::SCWPlatform::Trying to open the hw design at /home/kike/Desktop/marvin/marvin/pynq_z2_bram_wrapper/hw/pynq_z2_bram_wrapper.xsa
TRACE::2024-08-20.12:20:10::SCWPlatform::DSA given /home/kike/Desktop/marvin/marvin/pynq_z2_bram_wrapper/hw/pynq_z2_bram_wrapper.xsa
TRACE::2024-08-20.12:20:10::SCWPlatform::DSA absoulate path /home/kike/Desktop/marvin/marvin/pynq_z2_bram_wrapper/hw/pynq_z2_bram_wrapper.xsa
TRACE::2024-08-20.12:20:10::SCWPlatform::DSA directory /home/kike/Desktop/marvin/marvin/pynq_z2_bram_wrapper/hw
TRACE::2024-08-20.12:20:10::SCWPlatform:: Platform Path /home/kike/Desktop/marvin/marvin/pynq_z2_bram_wrapper/hw/pynq_z2_bram_wrapper.xsa
TRACE::2024-08-20.12:20:10::SCWPlatform:: Unique name xilinx:pynq-z2::0.0
TRACE::2024-08-20.12:20:10::SCWPlatform::Trying to set the existing hwdb with name pynq_z2_bram_wrapper
TRACE::2024-08-20.12:20:10::SCWPlatform::Opened existing hwdb pynq_z2_bram_wrapper
TRACE::2024-08-20.12:20:10::SCWPlatform::Found the Hw Db part of the input DSA
TRACE::2024-08-20.12:20:10::SCWMssOS::Checking the sw design at  /home/kike/Desktop/marvin/marvin/pynq_z2_bram_wrapper/ps7_cortexa9_0/freertos10_xilinx_ps7_cortexa9_0/bsp/system.mss
TRACE::2024-08-20.12:20:10::SCWMssOS::DEBUG:  swdes dump  /home/kike/Desktop/marvin/marvin/pynq_z2_bram_wrapper/ps7_cortexa9_0/freertos10_xilinx_ps7_cortexa9_0/bsp/system.mss|system_0||
/home/kike/Desktop/marvin/marvin/pynq_z2_bram_wrapper/zynq_fsbl/zynq_fsbl_bsp/system.mss|system||

TRACE::2024-08-20.12:20:10::SCWMssOS::Sw design exists and opened at  /home/kike/Desktop/marvin/marvin/pynq_z2_bram_wrapper/ps7_cortexa9_0/freertos10_xilinx_ps7_cortexa9_0/bsp/system.mss
TRACE::2024-08-20.12:20:10::SCWMssOS::Saving the mss changes /home/kike/Desktop/marvin/marvin/pynq_z2_bram_wrapper/ps7_cortexa9_0/freertos10_xilinx_ps7_cortexa9_0/bsp/system.mss
TRACE::2024-08-20.12:20:10::SCWMssOS::Found a swdesign opened with the mssfile.
TRACE::2024-08-20.12:20:10::SCWMssOS::Completed writemss as part of save.
TRACE::2024-08-20.12:20:10::SCWMssOS::Commit changes completed.
TRACE::2024-08-20.12:20:10::SCWReader::Adding prebuilt librarypaths as   
TRACE::2024-08-20.12:20:10::SCWReader::Adding prebuilt incpaths  as   
TRACE::2024-08-20.12:20:10::SCWPlatform::Trying to open the hw design at /home/kike/Desktop/marvin/marvin/pynq_z2_bram_wrapper/hw/pynq_z2_bram_wrapper.xsa
TRACE::2024-08-20.12:20:10::SCWPlatform::DSA given /home/kike/Desktop/marvin/marvin/pynq_z2_bram_wrapper/hw/pynq_z2_bram_wrapper.xsa
TRACE::2024-08-20.12:20:10::SCWPlatform::DSA absoulate path /home/kike/Desktop/marvin/marvin/pynq_z2_bram_wrapper/hw/pynq_z2_bram_wrapper.xsa
TRACE::2024-08-20.12:20:10::SCWPlatform::DSA directory /home/kike/Desktop/marvin/marvin/pynq_z2_bram_wrapper/hw
TRACE::2024-08-20.12:20:10::SCWPlatform:: Platform Path /home/kike/Desktop/marvin/marvin/pynq_z2_bram_wrapper/hw/pynq_z2_bram_wrapper.xsa
TRACE::2024-08-20.12:20:10::SCWPlatform:: Unique name xilinx:pynq-z2::0.0
TRACE::2024-08-20.12:20:10::SCWPlatform::Trying to set the existing hwdb with name pynq_z2_bram_wrapper
TRACE::2024-08-20.12:20:10::SCWPlatform::Opened existing hwdb pynq_z2_bram_wrapper
TRACE::2024-08-20.12:20:10::SCWPlatform::Found the Hw Db part of the input DSA
TRACE::2024-08-20.12:20:10::SCWMssOS::Checking the sw design at  /home/kike/Desktop/marvin/marvin/pynq_z2_bram_wrapper/ps7_cortexa9_0/freertos10_xilinx_ps7_cortexa9_0/bsp/system.mss
TRACE::2024-08-20.12:20:10::SCWMssOS::DEBUG:  swdes dump  /home/kike/Desktop/marvin/marvin/pynq_z2_bram_wrapper/ps7_cortexa9_0/freertos10_xilinx_ps7_cortexa9_0/bsp/system.mss|system_0||
/home/kike/Desktop/marvin/marvin/pynq_z2_bram_wrapper/zynq_fsbl/zynq_fsbl_bsp/system.mss|system||

TRACE::2024-08-20.12:20:10::SCWMssOS::Sw design exists and opened at  /home/kike/Desktop/marvin/marvin/pynq_z2_bram_wrapper/ps7_cortexa9_0/freertos10_xilinx_ps7_cortexa9_0/bsp/system.mss
TRACE::2024-08-20.12:20:10::SCWReader::No isolation master present  
LOG::2024-08-20.12:20:10::SCWPlatform::Started generating the artifacts platform pynq_z2_bram_wrapper
TRACE::2024-08-20.12:20:10::SCWPlatform::Sanity checking of platform is completed
LOG::2024-08-20.12:20:10::SCWPlatform::Started generating the artifacts for system configuration pynq_z2_bram_wrapper
LOG::2024-08-20.12:20:10::SCWSystem::Checking the domain zynq_fsbl
LOG::2024-08-20.12:20:10::SCWSystem::Doing application build for :  zynq_fsbl
TRACE::2024-08-20.12:20:10::SCWBDomain::Not a forced makefile updation, No changes are present. 
TRACE::2024-08-20.12:20:10::SCWDomain::Building the domain as part of full build :  zynq_fsbl
TRACE::2024-08-20.12:20:10::SCWPlatform::Trying to open the hw design at /home/kike/Desktop/marvin/marvin/pynq_z2_bram_wrapper/hw/pynq_z2_bram_wrapper.xsa
TRACE::2024-08-20.12:20:10::SCWPlatform::DSA given /home/kike/Desktop/marvin/marvin/pynq_z2_bram_wrapper/hw/pynq_z2_bram_wrapper.xsa
TRACE::2024-08-20.12:20:10::SCWPlatform::DSA absoulate path /home/kike/Desktop/marvin/marvin/pynq_z2_bram_wrapper/hw/pynq_z2_bram_wrapper.xsa
TRACE::2024-08-20.12:20:10::SCWPlatform::DSA directory /home/kike/Desktop/marvin/marvin/pynq_z2_bram_wrapper/hw
TRACE::2024-08-20.12:20:10::SCWPlatform:: Platform Path /home/kike/Desktop/marvin/marvin/pynq_z2_bram_wrapper/hw/pynq_z2_bram_wrapper.xsa
TRACE::2024-08-20.12:20:10::SCWPlatform:: Unique name xilinx:pynq-z2::0.0
TRACE::2024-08-20.12:20:10::SCWPlatform::Trying to set the existing hwdb with name pynq_z2_bram_wrapper
TRACE::2024-08-20.12:20:10::SCWPlatform::Opened existing hwdb pynq_z2_bram_wrapper
TRACE::2024-08-20.12:20:10::SCWPlatform::Found the Hw Db part of the input DSA
TRACE::2024-08-20.12:20:10::SCWMssOS::Checking the sw design at  /home/kike/Desktop/marvin/marvin/pynq_z2_bram_wrapper/zynq_fsbl/zynq_fsbl_bsp/system.mss
TRACE::2024-08-20.12:20:10::SCWMssOS::DEBUG:  swdes dump  /home/kike/Desktop/marvin/marvin/pynq_z2_bram_wrapper/ps7_cortexa9_0/freertos10_xilinx_ps7_cortexa9_0/bsp/system.mss|system_0||
/home/kike/Desktop/marvin/marvin/pynq_z2_bram_wrapper/zynq_fsbl/zynq_fsbl_bsp/system.mss|system||

TRACE::2024-08-20.12:20:10::SCWMssOS::Sw design exists and opened at  /home/kike/Desktop/marvin/marvin/pynq_z2_bram_wrapper/zynq_fsbl/zynq_fsbl_bsp/system.mss
TRACE::2024-08-20.12:20:10::SCWBDomain::Completed writing the mss file at /home/kike/Desktop/marvin/marvin/pynq_z2_bram_wrapper/zynq_fsbl/zynq_fsbl_bsp
TRACE::2024-08-20.12:20:10::SCWBDomain::bsp generated is upto date with the mss file. Skipping bsp generation.
TRACE::2024-08-20.12:20:10::SCWBDomain::Not a forced makefile updation, No changes are present. 
TRACE::2024-08-20.12:20:10::SCWBDomain::System Command Ran  cd  /home/kike/Desktop/marvin/marvin/pynq_z2_bram_wrapper/zynq_fsbl ; bash -c " make -C zynq_fsbl_bsp ; make  " 
TRACE::2024-08-20.12:20:10::SCWBDomain::make: Entering directory '/home/kike/Desktop/marvin/marvin/pynq_z2_bram_wrapper/zynq_fsbl/zynq_fsbl_bsp'

TRACE::2024-08-20.12:20:10::SCWBDomain::make --no-print-directory seq_libs

TRACE::2024-08-20.12:20:10::SCWBDomain::Running Make include in ps7_cortexa9_0/libsrc/bram_v4_10/src

TRACE::2024-08-20.12:20:10::SCWBDomain::make -C ps7_cortexa9_0/libsrc/bram_v4_10/src -s include  "SHELL=/bin/sh" "COMPILER=arm-none-eabi-gcc" "ASSEMBLER=arm-none-eabi-
TRACE::2024-08-20.12:20:10::SCWBDomain::as" "ARCHIVER=arm-none-eabi-ar" "COMPILER_FLAGS=  -O2 -c" "EXTRA_COMPILER_FLAGS=-mcpu=cortex-a9 -mfpu=vfpv3 -mfloat-abi=hard -n
TRACE::2024-08-20.12:20:10::SCWBDomain::ostartfiles -g -Wall -Wextra -fno-tree-loop-distribute-patterns"

TRACE::2024-08-20.12:20:10::SCWBDomain::Running Make include in ps7_cortexa9_0/libsrc/coresightps_dcc_v1_10/src

TRACE::2024-08-20.12:20:10::SCWBDomain::make -C ps7_cortexa9_0/libsrc/coresightps_dcc_v1_10/src -s include  "SHELL=/bin/sh" "COMPILER=arm-none-eabi-gcc" "ASSEMBLER=arm
TRACE::2024-08-20.12:20:10::SCWBDomain::-none-eabi-as" "ARCHIVER=arm-none-eabi-ar" "COMPILER_FLAGS=  -O2 -c" "EXTRA_COMPILER_FLAGS=-mcpu=cortex-a9 -mfpu=vfpv3 -mfloat-
TRACE::2024-08-20.12:20:10::SCWBDomain::abi=hard -nostartfiles -g -Wall -Wextra -fno-tree-loop-distribute-patterns"

TRACE::2024-08-20.12:20:10::SCWBDomain::Running Make include in ps7_cortexa9_0/libsrc/cpu_cortexa9_v2_12/src

TRACE::2024-08-20.12:20:10::SCWBDomain::make -C ps7_cortexa9_0/libsrc/cpu_cortexa9_v2_12/src -s include  "SHELL=/bin/sh" "COMPILER=arm-none-eabi-gcc" "ASSEMBLER=arm-no
TRACE::2024-08-20.12:20:10::SCWBDomain::ne-eabi-as" "ARCHIVER=arm-none-eabi-ar" "COMPILER_FLAGS=  -O2 -c" "EXTRA_COMPILER_FLAGS=-mcpu=cortex-a9 -mfpu=vfpv3 -mfloat-abi
TRACE::2024-08-20.12:20:10::SCWBDomain::=hard -nostartfiles -g -Wall -Wextra -fno-tree-loop-distribute-patterns"

TRACE::2024-08-20.12:20:10::SCWBDomain::Running Make include in ps7_cortexa9_0/libsrc/ddrps_v1_2/src

TRACE::2024-08-20.12:20:10::SCWBDomain::make -C ps7_cortexa9_0/libsrc/ddrps_v1_2/src -s include  "SHELL=/bin/sh" "COMPILER=arm-none-eabi-gcc" "ASSEMBLER=arm-none-eabi-
TRACE::2024-08-20.12:20:10::SCWBDomain::as" "ARCHIVER=arm-none-eabi-ar" "COMPILER_FLAGS=  -O2 -c" "EXTRA_COMPILER_FLAGS=-mcpu=cortex-a9 -mfpu=vfpv3 -mfloat-abi=hard -n
TRACE::2024-08-20.12:20:10::SCWBDomain::ostartfiles -g -Wall -Wextra -fno-tree-loop-distribute-patterns"

TRACE::2024-08-20.12:20:10::SCWBDomain::Running Make include in ps7_cortexa9_0/libsrc/devcfg_v3_8/src

TRACE::2024-08-20.12:20:10::SCWBDomain::make -C ps7_cortexa9_0/libsrc/devcfg_v3_8/src -s include  "SHELL=/bin/sh" "COMPILER=arm-none-eabi-gcc" "ASSEMBLER=arm-none-eabi
TRACE::2024-08-20.12:20:10::SCWBDomain::-as" "ARCHIVER=arm-none-eabi-ar" "COMPILER_FLAGS=  -O2 -c" "EXTRA_COMPILER_FLAGS=-mcpu=cortex-a9 -mfpu=vfpv3 -mfloat-abi=hard -
TRACE::2024-08-20.12:20:10::SCWBDomain::nostartfiles -g -Wall -Wextra -fno-tree-loop-distribute-patterns"

TRACE::2024-08-20.12:20:10::SCWBDomain::Running Make include in ps7_cortexa9_0/libsrc/dmaps_v2_10/src

TRACE::2024-08-20.12:20:10::SCWBDomain::make -C ps7_cortexa9_0/libsrc/dmaps_v2_10/src -s include  "SHELL=/bin/sh" "COMPILER=arm-none-eabi-gcc" "ASSEMBLER=arm-none-eabi
TRACE::2024-08-20.12:20:10::SCWBDomain::-as" "ARCHIVER=arm-none-eabi-ar" "COMPILER_FLAGS=  -O2 -c" "EXTRA_COMPILER_FLAGS=-mcpu=cortex-a9 -mfpu=vfpv3 -mfloat-abi=hard -
TRACE::2024-08-20.12:20:10::SCWBDomain::nostartfiles -g -Wall -Wextra -fno-tree-loop-distribute-patterns"

TRACE::2024-08-20.12:20:10::SCWBDomain::Running Make include in ps7_cortexa9_0/libsrc/emacps_v3_20/src

TRACE::2024-08-20.12:20:10::SCWBDomain::make -C ps7_cortexa9_0/libsrc/emacps_v3_20/src -s include  "SHELL=/bin/sh" "COMPILER=arm-none-eabi-gcc" "ASSEMBLER=arm-none-eab
TRACE::2024-08-20.12:20:10::SCWBDomain::i-as" "ARCHIVER=arm-none-eabi-ar" "COMPILER_FLAGS=  -O2 -c" "EXTRA_COMPILER_FLAGS=-mcpu=cortex-a9 -mfpu=vfpv3 -mfloat-abi=hard 
TRACE::2024-08-20.12:20:10::SCWBDomain::-nostartfiles -g -Wall -Wextra -fno-tree-loop-distribute-patterns"

TRACE::2024-08-20.12:20:10::SCWBDomain::Running Make include in ps7_cortexa9_0/libsrc/gpiops_v3_13/src

TRACE::2024-08-20.12:20:10::SCWBDomain::make -C ps7_cortexa9_0/libsrc/gpiops_v3_13/src -s include  "SHELL=/bin/sh" "COMPILER=arm-none-eabi-gcc" "ASSEMBLER=arm-none-eab
TRACE::2024-08-20.12:20:10::SCWBDomain::i-as" "ARCHIVER=arm-none-eabi-ar" "COMPILER_FLAGS=  -O2 -c" "EXTRA_COMPILER_FLAGS=-mcpu=cortex-a9 -mfpu=vfpv3 -mfloat-abi=hard 
TRACE::2024-08-20.12:20:10::SCWBDomain::-nostartfiles -g -Wall -Wextra -fno-tree-loop-distribute-patterns"

TRACE::2024-08-20.12:20:11::SCWBDomain::Running Make include in ps7_cortexa9_0/libsrc/qspips_v3_12/src

TRACE::2024-08-20.12:20:11::SCWBDomain::make -C ps7_cortexa9_0/libsrc/qspips_v3_12/src -s include  "SHELL=/bin/sh" "COMPILER=arm-none-eabi-gcc" "ASSEMBLER=arm-none-eab
TRACE::2024-08-20.12:20:11::SCWBDomain::i-as" "ARCHIVER=arm-none-eabi-ar" "COMPILER_FLAGS=  -O2 -c" "EXTRA_COMPILER_FLAGS=-mcpu=cortex-a9 -mfpu=vfpv3 -mfloat-abi=hard 
TRACE::2024-08-20.12:20:11::SCWBDomain::-nostartfiles -g -Wall -Wextra -fno-tree-loop-distribute-patterns"

TRACE::2024-08-20.12:20:11::SCWBDomain::Running Make include in ps7_cortexa9_0/libsrc/scugic_v5_3/src

TRACE::2024-08-20.12:20:11::SCWBDomain::make -C ps7_cortexa9_0/libsrc/scugic_v5_3/src -s include  "SHELL=/bin/sh" "COMPILER=arm-none-eabi-gcc" "ASSEMBLER=arm-none-eabi
TRACE::2024-08-20.12:20:11::SCWBDomain::-as" "ARCHIVER=arm-none-eabi-ar" "COMPILER_FLAGS=  -O2 -c" "EXTRA_COMPILER_FLAGS=-mcpu=cortex-a9 -mfpu=vfpv3 -mfloat-abi=hard -
TRACE::2024-08-20.12:20:11::SCWBDomain::nostartfiles -g -Wall -Wextra -fno-tree-loop-distribute-patterns"

TRACE::2024-08-20.12:20:11::SCWBDomain::Running Make include in ps7_cortexa9_0/libsrc/scutimer_v2_6/src

TRACE::2024-08-20.12:20:11::SCWBDomain::make -C ps7_cortexa9_0/libsrc/scutimer_v2_6/src -s include  "SHELL=/bin/sh" "COMPILER=arm-none-eabi-gcc" "ASSEMBLER=arm-none-ea
TRACE::2024-08-20.12:20:11::SCWBDomain::bi-as" "ARCHIVER=arm-none-eabi-ar" "COMPILER_FLAGS=  -O2 -c" "EXTRA_COMPILER_FLAGS=-mcpu=cortex-a9 -mfpu=vfpv3 -mfloat-abi=hard
TRACE::2024-08-20.12:20:11::SCWBDomain:: -nostartfiles -g -Wall -Wextra -fno-tree-loop-distribute-patterns"

TRACE::2024-08-20.12:20:11::SCWBDomain::Running Make include in ps7_cortexa9_0/libsrc/scuwdt_v2_5/src

TRACE::2024-08-20.12:20:11::SCWBDomain::make -C ps7_cortexa9_0/libsrc/scuwdt_v2_5/src -s include  "SHELL=/bin/sh" "COMPILER=arm-none-eabi-gcc" "ASSEMBLER=arm-none-eabi
TRACE::2024-08-20.12:20:11::SCWBDomain::-as" "ARCHIVER=arm-none-eabi-ar" "COMPILER_FLAGS=  -O2 -c" "EXTRA_COMPILER_FLAGS=-mcpu=cortex-a9 -mfpu=vfpv3 -mfloat-abi=hard -
TRACE::2024-08-20.12:20:11::SCWBDomain::nostartfiles -g -Wall -Wextra -fno-tree-loop-distribute-patterns"

TRACE::2024-08-20.12:20:11::SCWBDomain::Running Make include in ps7_cortexa9_0/libsrc/sdps_v4_3/src

TRACE::2024-08-20.12:20:11::SCWBDomain::make -C ps7_cortexa9_0/libsrc/sdps_v4_3/src -s include  "SHELL=/bin/sh" "COMPILER=arm-none-eabi-gcc" "ASSEMBLER=arm-none-eabi-a
TRACE::2024-08-20.12:20:11::SCWBDomain::s" "ARCHIVER=arm-none-eabi-ar" "COMPILER_FLAGS=  -O2 -c" "EXTRA_COMPILER_FLAGS=-mcpu=cortex-a9 -mfpu=vfpv3 -mfloat-abi=hard -no
TRACE::2024-08-20.12:20:11::SCWBDomain::startfiles -g -Wall -Wextra -fno-tree-loop-distribute-patterns"

TRACE::2024-08-20.12:20:11::SCWBDomain::Running Make include in ps7_cortexa9_0/libsrc/standalone_v9_1/src

TRACE::2024-08-20.12:20:11::SCWBDomain::make -C ps7_cortexa9_0/libsrc/standalone_v9_1/src -s include  "SHELL=/bin/sh" "COMPILER=arm-none-eabi-gcc" "ASSEMBLER=arm-none-
TRACE::2024-08-20.12:20:11::SCWBDomain::eabi-as" "ARCHIVER=arm-none-eabi-ar" "COMPILER_FLAGS=  -O2 -c" "EXTRA_COMPILER_FLAGS=-mcpu=cortex-a9 -mfpu=vfpv3 -mfloat-abi=ha
TRACE::2024-08-20.12:20:11::SCWBDomain::rd -nostartfiles -g -Wall -Wextra -fno-tree-loop-distribute-patterns"

TRACE::2024-08-20.12:20:11::SCWBDomain::Running Make include in ps7_cortexa9_0/libsrc/uartps_v3_14/src

TRACE::2024-08-20.12:20:11::SCWBDomain::make -C ps7_cortexa9_0/libsrc/uartps_v3_14/src -s include  "SHELL=/bin/sh" "COMPILER=arm-none-eabi-gcc" "ASSEMBLER=arm-none-eab
TRACE::2024-08-20.12:20:11::SCWBDomain::i-as" "ARCHIVER=arm-none-eabi-ar" "COMPILER_FLAGS=  -O2 -c" "EXTRA_COMPILER_FLAGS=-mcpu=cortex-a9 -mfpu=vfpv3 -mfloat-abi=hard 
TRACE::2024-08-20.12:20:11::SCWBDomain::-nostartfiles -g -Wall -Wextra -fno-tree-loop-distribute-patterns"

TRACE::2024-08-20.12:20:11::SCWBDomain::Running Make include in ps7_cortexa9_0/libsrc/usbps_v2_9/src

TRACE::2024-08-20.12:20:11::SCWBDomain::make -C ps7_cortexa9_0/libsrc/usbps_v2_9/src -s include  "SHELL=/bin/sh" "COMPILER=arm-none-eabi-gcc" "ASSEMBLER=arm-none-eabi-
TRACE::2024-08-20.12:20:11::SCWBDomain::as" "ARCHIVER=arm-none-eabi-ar" "COMPILER_FLAGS=  -O2 -c" "EXTRA_COMPILER_FLAGS=-mcpu=cortex-a9 -mfpu=vfpv3 -mfloat-abi=hard -n
TRACE::2024-08-20.12:20:11::SCWBDomain::ostartfiles -g -Wall -Wextra -fno-tree-loop-distribute-patterns"

TRACE::2024-08-20.12:20:11::SCWBDomain::Running Make include in ps7_cortexa9_0/libsrc/xadcps_v2_7/src

TRACE::2024-08-20.12:20:11::SCWBDomain::make -C ps7_cortexa9_0/libsrc/xadcps_v2_7/src -s include  "SHELL=/bin/sh" "COMPILER=arm-none-eabi-gcc" "ASSEMBLER=arm-none-eabi
TRACE::2024-08-20.12:20:11::SCWBDomain::-as" "ARCHIVER=arm-none-eabi-ar" "COMPILER_FLAGS=  -O2 -c" "EXTRA_COMPILER_FLAGS=-mcpu=cortex-a9 -mfpu=vfpv3 -mfloat-abi=hard -
TRACE::2024-08-20.12:20:11::SCWBDomain::nostartfiles -g -Wall -Wextra -fno-tree-loop-distribute-patterns"

TRACE::2024-08-20.12:20:11::SCWBDomain::Running Make include in ps7_cortexa9_0/libsrc/xilffs_v5_2/src

TRACE::2024-08-20.12:20:11::SCWBDomain::make -C ps7_cortexa9_0/libsrc/xilffs_v5_2/src -s include  "SHELL=/bin/sh" "COMPILER=arm-none-eabi-gcc" "ASSEMBLER=arm-none-eabi
TRACE::2024-08-20.12:20:11::SCWBDomain::-as" "ARCHIVER=arm-none-eabi-ar" "COMPILER_FLAGS=  -O2 -c" "EXTRA_COMPILER_FLAGS=-mcpu=cortex-a9 -mfpu=vfpv3 -mfloat-abi=hard -
TRACE::2024-08-20.12:20:11::SCWBDomain::nostartfiles -g -Wall -Wextra -fno-tree-loop-distribute-patterns"

TRACE::2024-08-20.12:20:11::SCWBDomain::Running Make include in ps7_cortexa9_0/libsrc/xilrsa_v1_8/src

TRACE::2024-08-20.12:20:11::SCWBDomain::make -C ps7_cortexa9_0/libsrc/xilrsa_v1_8/src -s include  "SHELL=/bin/sh" "COMPILER=arm-none-eabi-gcc" "ASSEMBLER=arm-none-eabi
TRACE::2024-08-20.12:20:11::SCWBDomain::-as" "ARCHIVER=arm-none-eabi-ar" "COMPILER_FLAGS=  -O2 -c" "EXTRA_COMPILER_FLAGS=-mcpu=cortex-a9 -mfpu=vfpv3 -mfloat-abi=hard -
TRACE::2024-08-20.12:20:11::SCWBDomain::nostartfiles -g -Wall -Wextra -fno-tree-loop-distribute-patterns"

TRACE::2024-08-20.12:20:11::SCWBDomain::Running Make libs in ps7_cortexa9_0/libsrc/xilrsa_v1_8/src

TRACE::2024-08-20.12:20:11::SCWBDomain::make -C ps7_cortexa9_0/libsrc/xilrsa_v1_8/src -s libs  "SHELL=/bin/sh" "COMPILER=arm-none-eabi-gcc" "ASSEMBLER=arm-none-eabi-as
TRACE::2024-08-20.12:20:11::SCWBDomain::" "ARCHIVER=arm-none-eabi-ar" "COMPILER_FLAGS=  -O2 -c" "EXTRA_COMPILER_FLAGS=-mcpu=cortex-a9 -mfpu=vfpv3 -mfloat-abi=hard -nos
TRACE::2024-08-20.12:20:11::SCWBDomain::tartfiles -g -Wall -Wextra -fno-tree-loop-distribute-patterns"

TRACE::2024-08-20.12:20:11::SCWBDomain::Finished building libraries sequentially.

TRACE::2024-08-20.12:20:11::SCWBDomain::make -j 10 --no-print-directory par_libs

TRACE::2024-08-20.12:20:11::SCWBDomain::Running Make include in ps7_cortexa9_0/libsrc/bram_v4_10/src

TRACE::2024-08-20.12:20:11::SCWBDomain::make -C ps7_cortexa9_0/libsrc/bram_v4_10/src -s include  "SHELL=/bin/sh" "COMPILER=arm-none-eabi-gcc" "ASSEMBLER=arm-none-eabi-
TRACE::2024-08-20.12:20:11::SCWBDomain::as" "ARCHIVER=arm-none-eabi-ar" "COMPILER_FLAGS=  -O2 -c" "EXTRA_COMPILER_FLAGS=-mcpu=cortex-a9 -mfpu=vfpv3 -mfloat-abi=hard -n
TRACE::2024-08-20.12:20:11::SCWBDomain::ostartfiles -g -Wall -Wextra -fno-tree-loop-distribute-patterns"

TRACE::2024-08-20.12:20:11::SCWBDomain::Running Make include in ps7_cortexa9_0/libsrc/coresightps_dcc_v1_10/src

TRACE::2024-08-20.12:20:11::SCWBDomain::make -C ps7_cortexa9_0/libsrc/coresightps_dcc_v1_10/src -s include  "SHELL=/bin/sh" "COMPILER=arm-none-eabi-gcc" "ASSEMBLER=arm
TRACE::2024-08-20.12:20:11::SCWBDomain::-none-eabi-as" "ARCHIVER=arm-none-eabi-ar" "COMPILER_FLAGS=  -O2 -c" "EXTRA_COMPILER_FLAGS=-mcpu=cortex-a9 -mfpu=vfpv3 -mfloat-
TRACE::2024-08-20.12:20:11::SCWBDomain::abi=hard -nostartfiles -g -Wall -Wextra -fno-tree-loop-distribute-patterns"

TRACE::2024-08-20.12:20:11::SCWBDomain::Running Make include in ps7_cortexa9_0/libsrc/cpu_cortexa9_v2_12/src

TRACE::2024-08-20.12:20:11::SCWBDomain::make -C ps7_cortexa9_0/libsrc/cpu_cortexa9_v2_12/src -s include  "SHELL=/bin/sh" "COMPILER=arm-none-eabi-gcc" "ASSEMBLER=arm-no
TRACE::2024-08-20.12:20:11::SCWBDomain::ne-eabi-as" "ARCHIVER=arm-none-eabi-ar" "COMPILER_FLAGS=  -O2 -c" "EXTRA_COMPILER_FLAGS=-mcpu=cortex-a9 -mfpu=vfpv3 -mfloat-abi
TRACE::2024-08-20.12:20:11::SCWBDomain::=hard -nostartfiles -g -Wall -Wextra -fno-tree-loop-distribute-patterns"

TRACE::2024-08-20.12:20:11::SCWBDomain::Running Make include in ps7_cortexa9_0/libsrc/ddrps_v1_2/src

TRACE::2024-08-20.12:20:11::SCWBDomain::make -C ps7_cortexa9_0/libsrc/ddrps_v1_2/src -s include  "SHELL=/bin/sh" "COMPILER=arm-none-eabi-gcc" "ASSEMBLER=arm-none-eabi-
TRACE::2024-08-20.12:20:11::SCWBDomain::as" "ARCHIVER=arm-none-eabi-ar" "COMPILER_FLAGS=  -O2 -c" "EXTRA_COMPILER_FLAGS=-mcpu=cortex-a9 -mfpu=vfpv3 -mfloat-abi=hard -n
TRACE::2024-08-20.12:20:11::SCWBDomain::ostartfiles -g -Wall -Wextra -fno-tree-loop-distribute-patterns"

TRACE::2024-08-20.12:20:11::SCWBDomain::Running Make include in ps7_cortexa9_0/libsrc/devcfg_v3_8/src

TRACE::2024-08-20.12:20:11::SCWBDomain::make -C ps7_cortexa9_0/libsrc/devcfg_v3_8/src -s include  "SHELL=/bin/sh" "COMPILER=arm-none-eabi-gcc" "ASSEMBLER=arm-none-eabi
TRACE::2024-08-20.12:20:11::SCWBDomain::-as" "ARCHIVER=arm-none-eabi-ar" "COMPILER_FLAGS=  -O2 -c" "EXTRA_COMPILER_FLAGS=-mcpu=cortex-a9 -mfpu=vfpv3 -mfloat-abi=hard -
TRACE::2024-08-20.12:20:11::SCWBDomain::nostartfiles -g -Wall -Wextra -fno-tree-loop-distribute-patterns"

TRACE::2024-08-20.12:20:11::SCWBDomain::Running Make include in ps7_cortexa9_0/libsrc/dmaps_v2_10/src

TRACE::2024-08-20.12:20:11::SCWBDomain::make -C ps7_cortexa9_0/libsrc/dmaps_v2_10/src -s include  "SHELL=/bin/sh" "COMPILER=arm-none-eabi-gcc" "ASSEMBLER=arm-none-eabi
TRACE::2024-08-20.12:20:11::SCWBDomain::-as" "ARCHIVER=arm-none-eabi-ar" "COMPILER_FLAGS=  -O2 -c" "EXTRA_COMPILER_FLAGS=-mcpu=cortex-a9 -mfpu=vfpv3 -mfloat-abi=hard -
TRACE::2024-08-20.12:20:11::SCWBDomain::nostartfiles -g -Wall -Wextra -fno-tree-loop-distribute-patterns"

TRACE::2024-08-20.12:20:11::SCWBDomain::Running Make include in ps7_cortexa9_0/libsrc/emacps_v3_20/src

TRACE::2024-08-20.12:20:11::SCWBDomain::make -C ps7_cortexa9_0/libsrc/emacps_v3_20/src -s include  "SHELL=/bin/sh" "COMPILER=arm-none-eabi-gcc" "ASSEMBLER=arm-none-eab
TRACE::2024-08-20.12:20:11::SCWBDomain::i-as" "ARCHIVER=arm-none-eabi-ar" "COMPILER_FLAGS=  -O2 -c" "EXTRA_COMPILER_FLAGS=-mcpu=cortex-a9 -mfpu=vfpv3 -mfloat-abi=hard 
TRACE::2024-08-20.12:20:11::SCWBDomain::-nostartfiles -g -Wall -Wextra -fno-tree-loop-distribute-patterns"

TRACE::2024-08-20.12:20:11::SCWBDomain::Running Make include in ps7_cortexa9_0/libsrc/gpiops_v3_13/src

TRACE::2024-08-20.12:20:11::SCWBDomain::Running Make include in ps7_cortexa9_0/libsrc/qspips_v3_12/src

TRACE::2024-08-20.12:20:11::SCWBDomain::make -C ps7_cortexa9_0/libsrc/gpiops_v3_13/src -s include  "SHELL=/bin/sh" "COMPILER=arm-none-eabi-gcc" "ASSEMBLER=arm-none-eab
TRACE::2024-08-20.12:20:11::SCWBDomain::i-as" "ARCHIVER=arm-none-eabi-ar" "COMPILER_FLAGS=  -O2 -c" "EXTRA_COMPILER_FLAGS=-mcpu=cortex-a9 -mfpu=vfpv3 -mfloat-abi=hard 
TRACE::2024-08-20.12:20:11::SCWBDomain::-nostartfiles -g -Wall -Wextra -fno-tree-loop-distribute-patterns"

TRACE::2024-08-20.12:20:11::SCWBDomain::make -C ps7_cortexa9_0/libsrc/qspips_v3_12/src -s include  "SHELL=/bin/sh" "COMPILER=arm-none-eabi-gcc" "ASSEMBLER=arm-none-eab
TRACE::2024-08-20.12:20:11::SCWBDomain::i-as" "ARCHIVER=arm-none-eabi-ar" "COMPILER_FLAGS=  -O2 -c" "EXTRA_COMPILER_FLAGS=-mcpu=cortex-a9 -mfpu=vfpv3 -mfloat-abi=hard 
TRACE::2024-08-20.12:20:11::SCWBDomain::-nostartfiles -g -Wall -Wextra -fno-tree-loop-distribute-patterns"

TRACE::2024-08-20.12:20:11::SCWBDomain::Running Make include in ps7_cortexa9_0/libsrc/scugic_v5_3/src

TRACE::2024-08-20.12:20:11::SCWBDomain::make -C ps7_cortexa9_0/libsrc/scugic_v5_3/src -s include  "SHELL=/bin/sh" "COMPILER=arm-none-eabi-gcc" "ASSEMBLER=arm-none-eabi
TRACE::2024-08-20.12:20:11::SCWBDomain::-as" "ARCHIVER=arm-none-eabi-ar" "COMPILER_FLAGS=  -O2 -c" "EXTRA_COMPILER_FLAGS=-mcpu=cortex-a9 -mfpu=vfpv3 -mfloat-abi=hard -
TRACE::2024-08-20.12:20:11::SCWBDomain::nostartfiles -g -Wall -Wextra -fno-tree-loop-distribute-patterns"

TRACE::2024-08-20.12:20:11::SCWBDomain::Running Make include in ps7_cortexa9_0/libsrc/scutimer_v2_6/src

TRACE::2024-08-20.12:20:11::SCWBDomain::make -C ps7_cortexa9_0/libsrc/scutimer_v2_6/src -s include  "SHELL=/bin/sh" "COMPILER=arm-none-eabi-gcc" "ASSEMBLER=arm-none-ea
TRACE::2024-08-20.12:20:11::SCWBDomain::bi-as" "ARCHIVER=arm-none-eabi-ar" "COMPILER_FLAGS=  -O2 -c" "EXTRA_COMPILER_FLAGS=-mcpu=cortex-a9 -mfpu=vfpv3 -mfloat-abi=hard
TRACE::2024-08-20.12:20:11::SCWBDomain:: -nostartfiles -g -Wall -Wextra -fno-tree-loop-distribute-patterns"

TRACE::2024-08-20.12:20:11::SCWBDomain::Running Make include in ps7_cortexa9_0/libsrc/scuwdt_v2_5/src

TRACE::2024-08-20.12:20:11::SCWBDomain::Running Make include in ps7_cortexa9_0/libsrc/sdps_v4_3/src

TRACE::2024-08-20.12:20:11::SCWBDomain::make -C ps7_cortexa9_0/libsrc/scuwdt_v2_5/src -s include  "SHELL=/bin/sh" "COMPILER=arm-none-eabi-gcc" "ASSEMBLER=arm-none-eabi
TRACE::2024-08-20.12:20:11::SCWBDomain::-as" "ARCHIVER=arm-none-eabi-ar" "COMPILER_FLAGS=  -O2 -c" "EXTRA_COMPILER_FLAGS=-mcpu=cortex-a9 -mfpu=vfpv3 -mfloat-abi=hard -
TRACE::2024-08-20.12:20:11::SCWBDomain::nostartfiles -g -Wall -Wextra -fno-tree-loop-distribute-patterns"

TRACE::2024-08-20.12:20:11::SCWBDomain::Running Make include in ps7_cortexa9_0/libsrc/standalone_v9_1/src

TRACE::2024-08-20.12:20:11::SCWBDomain::make -C ps7_cortexa9_0/libsrc/sdps_v4_3/src -s include  "SHELL=/bin/sh" "COMPILER=arm-none-eabi-gcc" "ASSEMBLER=arm-none-eabi-a
TRACE::2024-08-20.12:20:11::SCWBDomain::s" "ARCHIVER=arm-none-eabi-ar" "COMPILER_FLAGS=  -O2 -c" "EXTRA_COMPILER_FLAGS=-mcpu=cortex-a9 -mfpu=vfpv3 -mfloat-abi=hard -no
TRACE::2024-08-20.12:20:11::SCWBDomain::startfiles -g -Wall -Wextra -fno-tree-loop-distribute-patterns"

TRACE::2024-08-20.12:20:11::SCWBDomain::make -C ps7_cortexa9_0/libsrc/standalone_v9_1/src -s include  "SHELL=/bin/sh" "COMPILER=arm-none-eabi-gcc" "ASSEMBLER=arm-none-
TRACE::2024-08-20.12:20:11::SCWBDomain::eabi-as" "ARCHIVER=arm-none-eabi-ar" "COMPILER_FLAGS=  -O2 -c" "EXTRA_COMPILER_FLAGS=-mcpu=cortex-a9 -mfpu=vfpv3 -mfloat-abi=ha
TRACE::2024-08-20.12:20:11::SCWBDomain::rd -nostartfiles -g -Wall -Wextra -fno-tree-loop-distribute-patterns"

TRACE::2024-08-20.12:20:11::SCWBDomain::Running Make include in ps7_cortexa9_0/libsrc/uartps_v3_14/src

TRACE::2024-08-20.12:20:11::SCWBDomain::make -C ps7_cortexa9_0/libsrc/uartps_v3_14/src -s include  "SHELL=/bin/sh" "COMPILER=arm-none-eabi-gcc" "ASSEMBLER=arm-none-eab
TRACE::2024-08-20.12:20:11::SCWBDomain::i-as" "ARCHIVER=arm-none-eabi-ar" "COMPILER_FLAGS=  -O2 -c" "EXTRA_COMPILER_FLAGS=-mcpu=cortex-a9 -mfpu=vfpv3 -mfloat-abi=hard 
TRACE::2024-08-20.12:20:11::SCWBDomain::-nostartfiles -g -Wall -Wextra -fno-tree-loop-distribute-patterns"

TRACE::2024-08-20.12:20:11::SCWBDomain::Running Make include in ps7_cortexa9_0/libsrc/usbps_v2_9/src

TRACE::2024-08-20.12:20:11::SCWBDomain::make -C ps7_cortexa9_0/libsrc/usbps_v2_9/src -s include  "SHELL=/bin/sh" "COMPILER=arm-none-eabi-gcc" "ASSEMBLER=arm-none-eabi-
TRACE::2024-08-20.12:20:11::SCWBDomain::as" "ARCHIVER=arm-none-eabi-ar" "COMPILER_FLAGS=  -O2 -c" "EXTRA_COMPILER_FLAGS=-mcpu=cortex-a9 -mfpu=vfpv3 -mfloat-abi=hard -n
TRACE::2024-08-20.12:20:11::SCWBDomain::ostartfiles -g -Wall -Wextra -fno-tree-loop-distribute-patterns"

TRACE::2024-08-20.12:20:11::SCWBDomain::Running Make include in ps7_cortexa9_0/libsrc/xadcps_v2_7/src

TRACE::2024-08-20.12:20:11::SCWBDomain::make -C ps7_cortexa9_0/libsrc/xadcps_v2_7/src -s include  "SHELL=/bin/sh" "COMPILER=arm-none-eabi-gcc" "ASSEMBLER=arm-none-eabi
TRACE::2024-08-20.12:20:11::SCWBDomain::-as" "ARCHIVER=arm-none-eabi-ar" "COMPILER_FLAGS=  -O2 -c" "EXTRA_COMPILER_FLAGS=-mcpu=cortex-a9 -mfpu=vfpv3 -mfloat-abi=hard -
TRACE::2024-08-20.12:20:11::SCWBDomain::nostartfiles -g -Wall -Wextra -fno-tree-loop-distribute-patterns"

TRACE::2024-08-20.12:20:11::SCWBDomain::Running Make include in ps7_cortexa9_0/libsrc/xilffs_v5_2/src

TRACE::2024-08-20.12:20:11::SCWBDomain::make -C ps7_cortexa9_0/libsrc/xilffs_v5_2/src -s include  "SHELL=/bin/sh" "COMPILER=arm-none-eabi-gcc" "ASSEMBLER=arm-none-eabi
TRACE::2024-08-20.12:20:11::SCWBDomain::-as" "ARCHIVER=arm-none-eabi-ar" "COMPILER_FLAGS=  -O2 -c" "EXTRA_COMPILER_FLAGS=-mcpu=cortex-a9 -mfpu=vfpv3 -mfloat-abi=hard -
TRACE::2024-08-20.12:20:11::SCWBDomain::nostartfiles -g -Wall -Wextra -fno-tree-loop-distribute-patterns"

TRACE::2024-08-20.12:20:11::SCWBDomain::Running Make include in ps7_cortexa9_0/libsrc/xilrsa_v1_8/src

TRACE::2024-08-20.12:20:11::SCWBDomain::make -C ps7_cortexa9_0/libsrc/xilrsa_v1_8/src -s include  "SHELL=/bin/sh" "COMPILER=arm-none-eabi-gcc" "ASSEMBLER=arm-none-eabi
TRACE::2024-08-20.12:20:11::SCWBDomain::-as" "ARCHIVER=arm-none-eabi-ar" "COMPILER_FLAGS=  -O2 -c" "EXTRA_COMPILER_FLAGS=-mcpu=cortex-a9 -mfpu=vfpv3 -mfloat-abi=hard -
TRACE::2024-08-20.12:20:11::SCWBDomain::nostartfiles -g -Wall -Wextra -fno-tree-loop-distribute-patterns"

TRACE::2024-08-20.12:20:11::SCWBDomain::Running Make libs in ps7_cortexa9_0/libsrc/bram_v4_10/src

TRACE::2024-08-20.12:20:11::SCWBDomain::make -C ps7_cortexa9_0/libsrc/bram_v4_10/src -s libs  "SHELL=/bin/sh" "COMPILER=arm-none-eabi-gcc" "ASSEMBLER=arm-none-eabi-as"
TRACE::2024-08-20.12:20:11::SCWBDomain:: "ARCHIVER=arm-none-eabi-ar" "COMPILER_FLAGS=  -O2 -c" "EXTRA_COMPILER_FLAGS=-mcpu=cortex-a9 -mfpu=vfpv3 -mfloat-abi=hard -nost
TRACE::2024-08-20.12:20:11::SCWBDomain::artfiles -g -Wall -Wextra -fno-tree-loop-distribute-patterns"

TRACE::2024-08-20.12:20:11::SCWBDomain::Running Make libs in ps7_cortexa9_0/libsrc/coresightps_dcc_v1_10/src

TRACE::2024-08-20.12:20:11::SCWBDomain::make -C ps7_cortexa9_0/libsrc/coresightps_dcc_v1_10/src -s libs  "SHELL=/bin/sh" "COMPILER=arm-none-eabi-gcc" "ASSEMBLER=arm-no
TRACE::2024-08-20.12:20:11::SCWBDomain::ne-eabi-as" "ARCHIVER=arm-none-eabi-ar" "COMPILER_FLAGS=  -O2 -c" "EXTRA_COMPILER_FLAGS=-mcpu=cortex-a9 -mfpu=vfpv3 -mfloat-abi
TRACE::2024-08-20.12:20:11::SCWBDomain::=hard -nostartfiles -g -Wall -Wextra -fno-tree-loop-distribute-patterns"

TRACE::2024-08-20.12:20:11::SCWBDomain::Running Make libs in ps7_cortexa9_0/libsrc/cpu_cortexa9_v2_12/src

TRACE::2024-08-20.12:20:11::SCWBDomain::make -C ps7_cortexa9_0/libsrc/cpu_cortexa9_v2_12/src -s libs  "SHELL=/bin/sh" "COMPILER=arm-none-eabi-gcc" "ASSEMBLER=arm-none-
TRACE::2024-08-20.12:20:11::SCWBDomain::eabi-as" "ARCHIVER=arm-none-eabi-ar" "COMPILER_FLAGS=  -O2 -c" "EXTRA_COMPILER_FLAGS=-mcpu=cortex-a9 -mfpu=vfpv3 -mfloat-abi=ha
TRACE::2024-08-20.12:20:11::SCWBDomain::rd -nostartfiles -g -Wall -Wextra -fno-tree-loop-distribute-patterns"

TRACE::2024-08-20.12:20:11::SCWBDomain::Running Make libs in ps7_cortexa9_0/libsrc/ddrps_v1_2/src

TRACE::2024-08-20.12:20:11::SCWBDomain::make -C ps7_cortexa9_0/libsrc/ddrps_v1_2/src -s libs  "SHELL=/bin/sh" "COMPILER=arm-none-eabi-gcc" "ASSEMBLER=arm-none-eabi-as"
TRACE::2024-08-20.12:20:11::SCWBDomain:: "ARCHIVER=arm-none-eabi-ar" "COMPILER_FLAGS=  -O2 -c" "EXTRA_COMPILER_FLAGS=-mcpu=cortex-a9 -mfpu=vfpv3 -mfloat-abi=hard -nost
TRACE::2024-08-20.12:20:11::SCWBDomain::artfiles -g -Wall -Wextra -fno-tree-loop-distribute-patterns"

TRACE::2024-08-20.12:20:11::SCWBDomain::Running Make libs in ps7_cortexa9_0/libsrc/devcfg_v3_8/src

TRACE::2024-08-20.12:20:11::SCWBDomain::make -C ps7_cortexa9_0/libsrc/devcfg_v3_8/src -s libs  "SHELL=/bin/sh" "COMPILER=arm-none-eabi-gcc" "ASSEMBLER=arm-none-eabi-as
TRACE::2024-08-20.12:20:11::SCWBDomain::" "ARCHIVER=arm-none-eabi-ar" "COMPILER_FLAGS=  -O2 -c" "EXTRA_COMPILER_FLAGS=-mcpu=cortex-a9 -mfpu=vfpv3 -mfloat-abi=hard -nos
TRACE::2024-08-20.12:20:11::SCWBDomain::tartfiles -g -Wall -Wextra -fno-tree-loop-distribute-patterns"

TRACE::2024-08-20.12:20:11::SCWBDomain::Running Make libs in ps7_cortexa9_0/libsrc/dmaps_v2_10/src

TRACE::2024-08-20.12:20:11::SCWBDomain::Running Make libs in ps7_cortexa9_0/libsrc/emacps_v3_20/src

TRACE::2024-08-20.12:20:11::SCWBDomain::make -C ps7_cortexa9_0/libsrc/dmaps_v2_10/src -s libs  "SHELL=/bin/sh" "COMPILER=arm-none-eabi-gcc" "ASSEMBLER=arm-none-eabi-as
TRACE::2024-08-20.12:20:11::SCWBDomain::" "ARCHIVER=arm-none-eabi-ar" "COMPILER_FLAGS=  -O2 -c" "EXTRA_COMPILER_FLAGS=-mcpu=cortex-a9 -mfpu=vfpv3 -mfloat-abi=hard -nos
TRACE::2024-08-20.12:20:11::SCWBDomain::tartfiles -g -Wall -Wextra -fno-tree-loop-distribute-patterns"

TRACE::2024-08-20.12:20:11::SCWBDomain::make -C ps7_cortexa9_0/libsrc/emacps_v3_20/src -s libs  "SHELL=/bin/sh" "COMPILER=arm-none-eabi-gcc" "ASSEMBLER=arm-none-eabi-a
TRACE::2024-08-20.12:20:11::SCWBDomain::s" "ARCHIVER=arm-none-eabi-ar" "COMPILER_FLAGS=  -O2 -c" "EXTRA_COMPILER_FLAGS=-mcpu=cortex-a9 -mfpu=vfpv3 -mfloat-abi=hard -no
TRACE::2024-08-20.12:20:11::SCWBDomain::startfiles -g -Wall -Wextra -fno-tree-loop-distribute-patterns"

TRACE::2024-08-20.12:20:11::SCWBDomain::Running Make libs in ps7_cortexa9_0/libsrc/gpiops_v3_13/src

TRACE::2024-08-20.12:20:11::SCWBDomain::make -C ps7_cortexa9_0/libsrc/gpiops_v3_13/src -s libs  "SHELL=/bin/sh" "COMPILER=arm-none-eabi-gcc" "ASSEMBLER=arm-none-eabi-a
TRACE::2024-08-20.12:20:11::SCWBDomain::s" "ARCHIVER=arm-none-eabi-ar" "COMPILER_FLAGS=  -O2 -c" "EXTRA_COMPILER_FLAGS=-mcpu=cortex-a9 -mfpu=vfpv3 -mfloat-abi=hard -no
TRACE::2024-08-20.12:20:11::SCWBDomain::startfiles -g -Wall -Wextra -fno-tree-loop-distribute-patterns"

TRACE::2024-08-20.12:20:11::SCWBDomain::Running Make libs in ps7_cortexa9_0/libsrc/qspips_v3_12/src

TRACE::2024-08-20.12:20:11::SCWBDomain::make -C ps7_cortexa9_0/libsrc/qspips_v3_12/src -s libs  "SHELL=/bin/sh" "COMPILER=arm-none-eabi-gcc" "ASSEMBLER=arm-none-eabi-a
TRACE::2024-08-20.12:20:11::SCWBDomain::s" "ARCHIVER=arm-none-eabi-ar" "COMPILER_FLAGS=  -O2 -c" "EXTRA_COMPILER_FLAGS=-mcpu=cortex-a9 -mfpu=vfpv3 -mfloat-abi=hard -no
TRACE::2024-08-20.12:20:11::SCWBDomain::startfiles -g -Wall -Wextra -fno-tree-loop-distribute-patterns"

TRACE::2024-08-20.12:20:11::SCWBDomain::Running Make libs in ps7_cortexa9_0/libsrc/scugic_v5_3/src

TRACE::2024-08-20.12:20:11::SCWBDomain::make -C ps7_cortexa9_0/libsrc/scugic_v5_3/src -s libs  "SHELL=/bin/sh" "COMPILER=arm-none-eabi-gcc" "ASSEMBLER=arm-none-eabi-as
TRACE::2024-08-20.12:20:11::SCWBDomain::" "ARCHIVER=arm-none-eabi-ar" "COMPILER_FLAGS=  -O2 -c" "EXTRA_COMPILER_FLAGS=-mcpu=cortex-a9 -mfpu=vfpv3 -mfloat-abi=hard -nos
TRACE::2024-08-20.12:20:11::SCWBDomain::tartfiles -g -Wall -Wextra -fno-tree-loop-distribute-patterns"

TRACE::2024-08-20.12:20:11::SCWBDomain::Running Make libs in ps7_cortexa9_0/libsrc/scutimer_v2_6/src

TRACE::2024-08-20.12:20:11::SCWBDomain::Running Make libs in ps7_cortexa9_0/libsrc/scuwdt_v2_5/src

TRACE::2024-08-20.12:20:11::SCWBDomain::make -C ps7_cortexa9_0/libsrc/scutimer_v2_6/src -s libs  "SHELL=/bin/sh" "COMPILER=arm-none-eabi-gcc" "ASSEMBLER=arm-none-eabi-
TRACE::2024-08-20.12:20:11::SCWBDomain::as" "ARCHIVER=arm-none-eabi-ar" "COMPILER_FLAGS=  -O2 -c" "EXTRA_COMPILER_FLAGS=-mcpu=cortex-a9 -mfpu=vfpv3 -mfloat-abi=hard -n
TRACE::2024-08-20.12:20:11::SCWBDomain::ostartfiles -g -Wall -Wextra -fno-tree-loop-distribute-patterns"

TRACE::2024-08-20.12:20:11::SCWBDomain::make -C ps7_cortexa9_0/libsrc/scuwdt_v2_5/src -s libs  "SHELL=/bin/sh" "COMPILER=arm-none-eabi-gcc" "ASSEMBLER=arm-none-eabi-as
TRACE::2024-08-20.12:20:11::SCWBDomain::" "ARCHIVER=arm-none-eabi-ar" "COMPILER_FLAGS=  -O2 -c" "EXTRA_COMPILER_FLAGS=-mcpu=cortex-a9 -mfpu=vfpv3 -mfloat-abi=hard -nos
TRACE::2024-08-20.12:20:11::SCWBDomain::tartfiles -g -Wall -Wextra -fno-tree-loop-distribute-patterns"

TRACE::2024-08-20.12:20:11::SCWBDomain::Running Make libs in ps7_cortexa9_0/libsrc/standalone_v9_1/src

TRACE::2024-08-20.12:20:11::SCWBDomain::Running Make libs in ps7_cortexa9_0/libsrc/sdps_v4_3/src

TRACE::2024-08-20.12:20:11::SCWBDomain::make -C ps7_cortexa9_0/libsrc/standalone_v9_1/src -s libs  "SHELL=/bin/sh" "COMPILER=arm-none-eabi-gcc" "ASSEMBLER=arm-none-eab
TRACE::2024-08-20.12:20:11::SCWBDomain::i-as" "ARCHIVER=arm-none-eabi-ar" "COMPILER_FLAGS=  -O2 -c" "EXTRA_COMPILER_FLAGS=-mcpu=cortex-a9 -mfpu=vfpv3 -mfloat-abi=hard 
TRACE::2024-08-20.12:20:11::SCWBDomain::-nostartfiles -g -Wall -Wextra -fno-tree-loop-distribute-patterns"

TRACE::2024-08-20.12:20:11::SCWBDomain::make -C ps7_cortexa9_0/libsrc/sdps_v4_3/src -s libs  "SHELL=/bin/sh" "COMPILER=arm-none-eabi-gcc" "ASSEMBLER=arm-none-eabi-as" 
TRACE::2024-08-20.12:20:11::SCWBDomain::"ARCHIVER=arm-none-eabi-ar" "COMPILER_FLAGS=  -O2 -c" "EXTRA_COMPILER_FLAGS=-mcpu=cortex-a9 -mfpu=vfpv3 -mfloat-abi=hard -nosta
TRACE::2024-08-20.12:20:11::SCWBDomain::rtfiles -g -Wall -Wextra -fno-tree-loop-distribute-patterns"

TRACE::2024-08-20.12:20:11::SCWBDomain::Running Make libs in ps7_cortexa9_0/libsrc/uartps_v3_14/src

TRACE::2024-08-20.12:20:11::SCWBDomain::Running Make libs in ps7_cortexa9_0/libsrc/usbps_v2_9/src

TRACE::2024-08-20.12:20:11::SCWBDomain::Running Make libs in ps7_cortexa9_0/libsrc/xadcps_v2_7/src

TRACE::2024-08-20.12:20:11::SCWBDomain::make -C ps7_cortexa9_0/libsrc/uartps_v3_14/src -s libs  "SHELL=/bin/sh" "COMPILER=arm-none-eabi-gcc" "ASSEMBLER=arm-none-eabi-a
TRACE::2024-08-20.12:20:11::SCWBDomain::s" "ARCHIVER=arm-none-eabi-ar" "COMPILER_FLAGS=  -O2 -c" "EXTRA_COMPILER_FLAGS=-mcpu=cortex-a9 -mfpu=vfpv3 -mfloat-abi=hard -no
TRACE::2024-08-20.12:20:11::SCWBDomain::startfiles -g -Wall -Wextra -fno-tree-loop-distribute-patterns"

TRACE::2024-08-20.12:20:11::SCWBDomain::make -C ps7_cortexa9_0/libsrc/usbps_v2_9/src -s libs  "SHELL=/bin/sh" "COMPILER=arm-none-eabi-gcc" "ASSEMBLER=arm-none-eabi-as"
TRACE::2024-08-20.12:20:11::SCWBDomain:: "ARCHIVER=arm-none-eabi-ar" "COMPILER_FLAGS=  -O2 -c" "EXTRA_COMPILER_FLAGS=-mcpu=cortex-a9 -mfpu=vfpv3 -mfloat-abi=hard -nost
TRACE::2024-08-20.12:20:11::SCWBDomain::artfiles -g -Wall -Wextra -fno-tree-loop-distribute-patterns"

TRACE::2024-08-20.12:20:11::SCWBDomain::make -C ps7_cortexa9_0/libsrc/xadcps_v2_7/src -s libs  "SHELL=/bin/sh" "COMPILER=arm-none-eabi-gcc" "ASSEMBLER=arm-none-eabi-as
TRACE::2024-08-20.12:20:11::SCWBDomain::" "ARCHIVER=arm-none-eabi-ar" "COMPILER_FLAGS=  -O2 -c" "EXTRA_COMPILER_FLAGS=-mcpu=cortex-a9 -mfpu=vfpv3 -mfloat-abi=hard -nos
TRACE::2024-08-20.12:20:11::SCWBDomain::tartfiles -g -Wall -Wextra -fno-tree-loop-distribute-patterns"

TRACE::2024-08-20.12:20:11::SCWBDomain::Running Make libs in ps7_cortexa9_0/libsrc/xilffs_v5_2/src

TRACE::2024-08-20.12:20:11::SCWBDomain::make -C ps7_cortexa9_0/libsrc/xilffs_v5_2/src -s libs  "SHELL=/bin/sh" "COMPILER=arm-none-eabi-gcc" "ASSEMBLER=arm-none-eabi-as
TRACE::2024-08-20.12:20:11::SCWBDomain::" "ARCHIVER=arm-none-eabi-ar" "COMPILER_FLAGS=  -O2 -c" "EXTRA_COMPILER_FLAGS=-mcpu=cortex-a9 -mfpu=vfpv3 -mfloat-abi=hard -nos
TRACE::2024-08-20.12:20:11::SCWBDomain::tartfiles -g -Wall -Wextra -fno-tree-loop-distribute-patterns"

TRACE::2024-08-20.12:20:11::SCWBDomain::Finished building libraries parallelly.

TRACE::2024-08-20.12:20:11::SCWBDomain::make --no-print-directory archive

TRACE::2024-08-20.12:20:11::SCWBDomain::arm-none-eabi-ar -r  ps7_cortexa9_0/lib/libxil.a ps7_cortexa9_0/lib/_exit.o ps7_cortexa9_0/lib/_open.o ps7_cortexa9_0/lib/_sbrk
TRACE::2024-08-20.12:20:11::SCWBDomain::.o ps7_cortexa9_0/lib/abort.o ps7_cortexa9_0/lib/asm_vectors.o ps7_cortexa9_0/lib/boot.o ps7_cortexa9_0/lib/close.o ps7_cortexa
TRACE::2024-08-20.12:20:11::SCWBDomain::9_0/lib/cpputest_time.o ps7_cortexa9_0/lib/cpu_init.o ps7_cortexa9_0/lib/errno.o ps7_cortexa9_0/lib/fcntl.o ps7_cortexa9_0/lib/
TRACE::2024-08-20.12:20:11::SCWBDomain::fstat.o ps7_cortexa9_0/lib/getentropy.o ps7_cortexa9_0/lib/getpid.o ps7_cortexa9_0/lib/inbyte.o ps7_cortexa9_0/lib/isatty.o ps7
TRACE::2024-08-20.12:20:11::SCWBDomain::_cortexa9_0/lib/kill.o ps7_cortexa9_0/lib/lseek.o ps7_cortexa9_0/lib/open.o ps7_cortexa9_0/lib/outbyte.o ps7_cortexa9_0/lib/pri
TRACE::2024-08-20.12:20:11::SCWBDomain::nt.o ps7_cortexa9_0/lib/putnum.o ps7_cortexa9_0/lib/read.o ps7_cortexa9_0/lib/sbrk.o ps7_cortexa9_0/lib/sleep.o ps7_cortexa9_0/
TRACE::2024-08-20.12:20:11::SCWBDomain::lib/time.o ps7_cortexa9_0/lib/translation_table.o ps7_cortexa9_0/lib/unlink.o ps7_cortexa9_0/lib/usleep.o ps7_cortexa9_0/lib/ve
TRACE::2024-08-20.12:20:11::SCWBDomain::ctors.o ps7_cortexa9_0/lib/write.o ps7_cortexa9_0/lib/xadcps.o ps7_cortexa9_0/lib/xadcps_g.o ps7_cortexa9_0/lib/xadcps_intr.o p
TRACE::2024-08-20.12:20:11::SCWBDomain::s7_cortexa9_0/lib/xadcps_selftest.o ps7_cortexa9_0/lib/xadcps_sinit.o ps7_cortexa9_0/lib/xbram.o ps7_cortexa9_0/lib/xbram_g.o p
TRACE::2024-08-20.12:20:11::SCWBDomain::s7_cortexa9_0/lib/xbram_intr.o ps7_cortexa9_0/lib/xbram_selftest.o ps7_cortexa9_0/lib/xbram_sinit.o ps7_cortexa9_0/lib/xcoresig
TRACE::2024-08-20.12:20:11::SCWBDomain::htpsdcc.o ps7_cortexa9_0/lib/xdevcfg.o ps7_cortexa9_0/lib/xdevcfg_g.o ps7_cortexa9_0/lib/xdevcfg_hw.o ps7_cortexa9_0/lib/xdevcf
TRACE::2024-08-20.12:20:11::SCWBDomain::g_intr.o ps7_cortexa9_0/lib/xdevcfg_selftest.o ps7_cortexa9_0/lib/xdevcfg_sinit.o ps7_cortexa9_0/lib/xdmaps.o ps7_cortexa9_0/li
TRACE::2024-08-20.12:20:11::SCWBDomain::b/xdmaps_g.o ps7_cortexa9_0/lib/xdmaps_hw.o ps7_cortexa9_0/lib/xdmaps_selftest.o ps7_cortexa9_0/lib/xdmaps_sinit.o ps7_cortexa9
TRACE::2024-08-20.12:20:11::SCWBDomain::_0/lib/xemacps.o ps7_cortexa9_0/lib/xemacps_bdring.o ps7_cortexa9_0/lib/xemacps_control.o ps7_cortexa9_0/lib/xemacps_g.o ps7_co
TRACE::2024-08-20.12:20:11::SCWBDomain::rtexa9_0/lib/xemacps_hw.o ps7_cortexa9_0/lib/xemacps_intr.o ps7_cortexa9_0/lib/xemacps_sinit.o ps7_cortexa9_0/lib/xgpiops.o ps7
TRACE::2024-08-20.12:20:11::SCWBDomain::_cortexa9_0/lib/xgpiops_g.o ps7_cortexa9_0/lib/xgpiops_hw.o ps7_cortexa9_0/lib/xgpiops_intr.o ps7_cortexa9_0/lib/xgpiops_selfte
TRACE::2024-08-20.12:20:11::SCWBDomain::st.o ps7_cortexa9_0/lib/xgpiops_sinit.o ps7_cortexa9_0/lib/xil-crt0.o ps7_cortexa9_0/lib/xil_assert.o ps7_cortexa9_0/lib/xil_ca
TRACE::2024-08-20.12:20:11::SCWBDomain::che.o ps7_cortexa9_0/lib/xil_clocking.o ps7_cortexa9_0/lib/xil_exception.o ps7_cortexa9_0/lib/xil_mem.o ps7_cortexa9_0/lib/xil_
TRACE::2024-08-20.12:20:11::SCWBDomain::misc_psreset_api.o ps7_cortexa9_0/lib/xil_mmu.o ps7_cortexa9_0/lib/xil_printf.o ps7_cortexa9_0/lib/xil_sleepcommon.o ps7_cortex
TRACE::2024-08-20.12:20:11::SCWBDomain::a9_0/lib/xil_sleeptimer.o ps7_cortexa9_0/lib/xil_spinlock.o ps7_cortexa9_0/lib/xil_testcache.o ps7_cortexa9_0/lib/xil_testio.o 
TRACE::2024-08-20.12:20:11::SCWBDomain::ps7_cortexa9_0/lib/xil_testmem.o ps7_cortexa9_0/lib/xil_util.o ps7_cortexa9_0/lib/xinterrupt_wrap.o ps7_cortexa9_0/lib/xl2cc_co
TRACE::2024-08-20.12:20:11::SCWBDomain::unter.o ps7_cortexa9_0/lib/xplatform_info.o ps7_cortexa9_0/lib/xpm_counter.o ps7_cortexa9_0/lib/xpm_init.o ps7_cortexa9_0/lib/x
TRACE::2024-08-20.12:20:11::SCWBDomain::qspips.o ps7_cortexa9_0/lib/xqspips_g.o ps7_cortexa9_0/lib/xqspips_hw.o ps7_cortexa9_0/lib/xqspips_options.o ps7_cortexa9_0/lib
TRACE::2024-08-20.12:20:11::SCWBDomain::/xqspips_selftest.o ps7_cortexa9_0/lib/xqspips_sinit.o ps7_cortexa9_0/lib/xscugic.o ps7_cortexa9_0/lib/xscugic_g.o ps7_cortexa9
TRACE::2024-08-20.12:20:11::SCWBDomain::_0/lib/xscugic_hw.o ps7_cortexa9_0/lib/xscugic_intr.o ps7_cortexa9_0/lib/xscugic_selftest.o ps7_cortexa9_0/lib/xscugic_sinit.o 
TRACE::2024-08-20.12:20:11::SCWBDomain::ps7_cortexa9_0/lib/xscutimer.o ps7_cortexa9_0/lib/xscutimer_g.o ps7_cortexa9_0/lib/xscutimer_selftest.o ps7_cortexa9_0/lib/xscu
TRACE::2024-08-20.12:20:11::SCWBDomain::timer_sinit.o ps7_cortexa9_0/lib/xscuwdt.o ps7_cortexa9_0/lib/xscuwdt_g.o ps7_cortexa9_0/lib/xscuwdt_selftest.o ps7_cortexa9_0/
TRACE::2024-08-20.12:20:11::SCWBDomain::lib/xscuwdt_sinit.o ps7_cortexa9_0/lib/xsdps.o ps7_cortexa9_0/lib/xsdps_card.o ps7_cortexa9_0/lib/xsdps_g.o ps7_cortexa9_0/lib/
TRACE::2024-08-20.12:20:11::SCWBDomain::xsdps_host.o ps7_cortexa9_0/lib/xsdps_options.o ps7_cortexa9_0/lib/xsdps_sinit.o ps7_cortexa9_0/lib/xtime_l.o ps7_cortexa9_0/li
TRACE::2024-08-20.12:20:11::SCWBDomain::b/xuartps.o ps7_cortexa9_0/lib/xuartps_g.o ps7_cortexa9_0/lib/xuartps_hw.o ps7_cortexa9_0/lib/xuartps_intr.o ps7_cortexa9_0/lib
TRACE::2024-08-20.12:20:11::SCWBDomain::/xuartps_options.o ps7_cortexa9_0/lib/xuartps_selftest.o ps7_cortexa9_0/lib/xuartps_sinit.o ps7_cortexa9_0/lib/xusbps.o ps7_cor
TRACE::2024-08-20.12:20:11::SCWBDomain::texa9_0/lib/xusbps_endpoint.o ps7_cortexa9_0/lib/xusbps_g.o ps7_cortexa9_0/lib/xusbps_hw.o ps7_cortexa9_0/lib/xusbps_intr.o ps7
TRACE::2024-08-20.12:20:11::SCWBDomain::_cortexa9_0/lib/xusbps_sinit.o

TRACE::2024-08-20.12:20:11::SCWBDomain::Finished building libraries

TRACE::2024-08-20.12:20:11::SCWBDomain::make: Leaving directory '/home/kike/Desktop/marvin/marvin/pynq_z2_bram_wrapper/zynq_fsbl/zynq_fsbl_bsp'

TRACE::2024-08-20.12:20:11::SCWBDomain::arm-none-eabi-gcc -o fsbl.elf fsbl_handoff.o fsbl_hooks.o image_mover.o main.o md5.o nand.o nor.o pcap.o ps7_init.o qspi.o rsa.
TRACE::2024-08-20.12:20:11::SCWBDomain::o sd.o -MMD -MP       -mcpu=cortex-a9 -mfpu=vfpv3 -mfloat-abi=hard   -mcpu=cortex-a9 -mfpu=vfpv3 -mfloat-abi=hard -Wl,-build-id
TRACE::2024-08-20.12:20:11::SCWBDomain::=none -specs=Xilinx.spec  -lrsa -Wl,--start-group,-lxil,-lgcc,-lc,--end-group -Wl,--start-group,-lxilffs,-lxil,-lgcc,-lc,--end-
TRACE::2024-08-20.12:20:11::SCWBDomain::group -Wl,--start-group,-lrsa,-lxil,-lgcc,-lc,--end-group                                    -Wl,--gc-sections -Lzynq_fsbl_bsp/
TRACE::2024-08-20.12:20:11::SCWBDomain::ps7_cortexa9_0/lib -L./ -Tlscript.ld

LOG::2024-08-20.12:20:11::SCWSystem::Checking the domain freertos10_xilinx_ps7_cortexa9_0
LOG::2024-08-20.12:20:11::SCWSystem::Not a boot domain 
LOG::2024-08-20.12:20:11::SCWSystem::Started Processing the domain freertos10_xilinx_ps7_cortexa9_0
TRACE::2024-08-20.12:20:11::SCWDomain::Generating domain artifcats
TRACE::2024-08-20.12:20:11::SCWMssOS::Generating standalone artifcats
TRACE::2024-08-20.12:20:11::SCWMssOS::Copying the qemu file from  /home/kike/Desktop/marvin/marvin/pynq_z2_bram_wrapper/resources/pynq_z2_bram_wrapper/freertos10_xilinx_ps7_cortexa9_0/qemu_args.txt To /home/kike/Desktop/marvin/marvin/pynq_z2_bram_wrapper/export/pynq_z2_bram_wrapper/sw/pynq_z2_bram_wrapper/qemu/
TRACE::2024-08-20.12:20:11::SCWMssOS::Copying the qemu file from  /home/kike/Desktop/marvin/marvin/pynq_z2_bram_wrapper/resources/pynq_z2_bram_wrapper/freertos10_xilinx_ps7_cortexa9_0/qemu_args.txt To /home/kike/Desktop/marvin/marvin/pynq_z2_bram_wrapper/export/pynq_z2_bram_wrapper/sw/pynq_z2_bram_wrapper/freertos10_xilinx_ps7_cortexa9_0/qemu/
TRACE::2024-08-20.12:20:11::SCWMssOS:: Copying the user libraries. 
TRACE::2024-08-20.12:20:11::SCWPlatform::Trying to open the hw design at /home/kike/Desktop/marvin/marvin/pynq_z2_bram_wrapper/hw/pynq_z2_bram_wrapper.xsa
TRACE::2024-08-20.12:20:11::SCWPlatform::DSA given /home/kike/Desktop/marvin/marvin/pynq_z2_bram_wrapper/hw/pynq_z2_bram_wrapper.xsa
TRACE::2024-08-20.12:20:11::SCWPlatform::DSA absoulate path /home/kike/Desktop/marvin/marvin/pynq_z2_bram_wrapper/hw/pynq_z2_bram_wrapper.xsa
TRACE::2024-08-20.12:20:11::SCWPlatform::DSA directory /home/kike/Desktop/marvin/marvin/pynq_z2_bram_wrapper/hw
TRACE::2024-08-20.12:20:11::SCWPlatform:: Platform Path /home/kike/Desktop/marvin/marvin/pynq_z2_bram_wrapper/hw/pynq_z2_bram_wrapper.xsa
TRACE::2024-08-20.12:20:11::SCWPlatform:: Unique name xilinx:pynq-z2::0.0
TRACE::2024-08-20.12:20:11::SCWPlatform::Trying to set the existing hwdb with name pynq_z2_bram_wrapper
TRACE::2024-08-20.12:20:11::SCWPlatform::Opened existing hwdb pynq_z2_bram_wrapper
TRACE::2024-08-20.12:20:11::SCWPlatform::Found the Hw Db part of the input DSA
TRACE::2024-08-20.12:20:11::SCWMssOS::Checking the sw design at  /home/kike/Desktop/marvin/marvin/pynq_z2_bram_wrapper/ps7_cortexa9_0/freertos10_xilinx_ps7_cortexa9_0/bsp/system.mss
TRACE::2024-08-20.12:20:11::SCWMssOS::DEBUG:  swdes dump  /home/kike/Desktop/marvin/marvin/pynq_z2_bram_wrapper/ps7_cortexa9_0/freertos10_xilinx_ps7_cortexa9_0/bsp/system.mss|system_0||
/home/kike/Desktop/marvin/marvin/pynq_z2_bram_wrapper/zynq_fsbl/zynq_fsbl_bsp/system.mss|system||

TRACE::2024-08-20.12:20:11::SCWMssOS::Sw design exists and opened at  /home/kike/Desktop/marvin/marvin/pynq_z2_bram_wrapper/ps7_cortexa9_0/freertos10_xilinx_ps7_cortexa9_0/bsp/system.mss
TRACE::2024-08-20.12:20:11::SCWMssOS::Completed writing the mss file at /home/kike/Desktop/marvin/marvin/pynq_z2_bram_wrapper/ps7_cortexa9_0/freertos10_xilinx_ps7_cortexa9_0/bsp
TRACE::2024-08-20.12:20:11::SCWMssOS::Mss edits present, copying mssfile into export location /home/kike/Desktop/marvin/marvin/pynq_z2_bram_wrapper/ps7_cortexa9_0/freertos10_xilinx_ps7_cortexa9_0/bsp/system.mss
TRACE::2024-08-20.12:20:11::SCWMssOS::bsp generated is upto date with the mss file. Skipping bsp generation.
TRACE::2024-08-20.12:20:11::SCWMssOS::BSP is already built. skipping the bsp build ... 
TRACE::2024-08-20.12:20:11::SCWDomain::Building the domain as part of full build :  freertos10_xilinx_ps7_cortexa9_0
TRACE::2024-08-20.12:20:11::SCWMssOS::doing bsp build ... 
TRACE::2024-08-20.12:20:11::SCWMssOS::System Command Ran  cd  /home/kike/Desktop/marvin/marvin/pynq_z2_bram_wrapper/ps7_cortexa9_0/freertos10_xilinx_ps7_cortexa9_0/bsp ; bash -c "make  " 
TRACE::2024-08-20.12:20:11::SCWMssOS::make --no-print-directory seq_libs

TRACE::2024-08-20.12:20:11::SCWMssOS::Finished building libraries sequentially.

TRACE::2024-08-20.12:20:11::SCWMssOS::make -j 10 --no-print-directory par_libs

TRACE::2024-08-20.12:20:11::SCWMssOS::Running Make include in ps7_cortexa9_0/libsrc/bram_v4_10/src

TRACE::2024-08-20.12:20:11::SCWMssOS::make -C ps7_cortexa9_0/libsrc/bram_v4_10/src -s include  "SHELL=/bin/sh" "COMPILER=arm-none-eabi-gcc" "ASSEMBLER=arm-none-eabi-
TRACE::2024-08-20.12:20:11::SCWMssOS::as" "ARCHIVER=arm-none-eabi-ar" "COMPILER_FLAGS=  -O2 -c" "EXTRA_COMPILER_FLAGS=-mcpu=cortex-a9 -mfpu=vfpv3 -mfloat-abi=hard -n
TRACE::2024-08-20.12:20:11::SCWMssOS::ostartfiles -g -Wall -Wextra -fno-tree-loop-distribute-patterns"

TRACE::2024-08-20.12:20:11::SCWMssOS::Running Make include in ps7_cortexa9_0/libsrc/coresightps_dcc_v1_10/src

TRACE::2024-08-20.12:20:11::SCWMssOS::make -C ps7_cortexa9_0/libsrc/coresightps_dcc_v1_10/src -s include  "SHELL=/bin/sh" "COMPILER=arm-none-eabi-gcc" "ASSEMBLER=arm
TRACE::2024-08-20.12:20:11::SCWMssOS::-none-eabi-as" "ARCHIVER=arm-none-eabi-ar" "COMPILER_FLAGS=  -O2 -c" "EXTRA_COMPILER_FLAGS=-mcpu=cortex-a9 -mfpu=vfpv3 -mfloat-
TRACE::2024-08-20.12:20:11::SCWMssOS::abi=hard -nostartfiles -g -Wall -Wextra -fno-tree-loop-distribute-patterns"

TRACE::2024-08-20.12:20:11::SCWMssOS::Running Make include in ps7_cortexa9_0/libsrc/cpu_cortexa9_v2_12/src

TRACE::2024-08-20.12:20:11::SCWMssOS::Running Make include in ps7_cortexa9_0/libsrc/ddrps_v1_2/src

TRACE::2024-08-20.12:20:11::SCWMssOS::make -C ps7_cortexa9_0/libsrc/cpu_cortexa9_v2_12/src -s include  "SHELL=/bin/sh" "COMPILER=arm-none-eabi-gcc" "ASSEMBLER=arm-no
TRACE::2024-08-20.12:20:11::SCWMssOS::ne-eabi-as" "ARCHIVER=arm-none-eabi-ar" "COMPILER_FLAGS=  -O2 -c" "EXTRA_COMPILER_FLAGS=-mcpu=cortex-a9 -mfpu=vfpv3 -mfloat-abi
TRACE::2024-08-20.12:20:11::SCWMssOS::=hard -nostartfiles -g -Wall -Wextra -fno-tree-loop-distribute-patterns"

TRACE::2024-08-20.12:20:11::SCWMssOS::make -C ps7_cortexa9_0/libsrc/ddrps_v1_2/src -s include  "SHELL=/bin/sh" "COMPILER=arm-none-eabi-gcc" "ASSEMBLER=arm-none-eabi-
TRACE::2024-08-20.12:20:11::SCWMssOS::as" "ARCHIVER=arm-none-eabi-ar" "COMPILER_FLAGS=  -O2 -c" "EXTRA_COMPILER_FLAGS=-mcpu=cortex-a9 -mfpu=vfpv3 -mfloat-abi=hard -n
TRACE::2024-08-20.12:20:11::SCWMssOS::ostartfiles -g -Wall -Wextra -fno-tree-loop-distribute-patterns"

TRACE::2024-08-20.12:20:11::SCWMssOS::Running Make include in ps7_cortexa9_0/libsrc/devcfg_v3_8/src

TRACE::2024-08-20.12:20:11::SCWMssOS::make -C ps7_cortexa9_0/libsrc/devcfg_v3_8/src -s include  "SHELL=/bin/sh" "COMPILER=arm-none-eabi-gcc" "ASSEMBLER=arm-none-eabi
TRACE::2024-08-20.12:20:11::SCWMssOS::-as" "ARCHIVER=arm-none-eabi-ar" "COMPILER_FLAGS=  -O2 -c" "EXTRA_COMPILER_FLAGS=-mcpu=cortex-a9 -mfpu=vfpv3 -mfloat-abi=hard -
TRACE::2024-08-20.12:20:11::SCWMssOS::nostartfiles -g -Wall -Wextra -fno-tree-loop-distribute-patterns"

TRACE::2024-08-20.12:20:11::SCWMssOS::Running Make include in ps7_cortexa9_0/libsrc/dmaps_v2_10/src

TRACE::2024-08-20.12:20:11::SCWMssOS::make -C ps7_cortexa9_0/libsrc/dmaps_v2_10/src -s include  "SHELL=/bin/sh" "COMPILER=arm-none-eabi-gcc" "ASSEMBLER=arm-none-eabi
TRACE::2024-08-20.12:20:11::SCWMssOS::-as" "ARCHIVER=arm-none-eabi-ar" "COMPILER_FLAGS=  -O2 -c" "EXTRA_COMPILER_FLAGS=-mcpu=cortex-a9 -mfpu=vfpv3 -mfloat-abi=hard -
TRACE::2024-08-20.12:20:11::SCWMssOS::nostartfiles -g -Wall -Wextra -fno-tree-loop-distribute-patterns"

TRACE::2024-08-20.12:20:11::SCWMssOS::Running Make include in ps7_cortexa9_0/libsrc/emacps_v3_20/src

TRACE::2024-08-20.12:20:11::SCWMssOS::make -C ps7_cortexa9_0/libsrc/emacps_v3_20/src -s include  "SHELL=/bin/sh" "COMPILER=arm-none-eabi-gcc" "ASSEMBLER=arm-none-eab
TRACE::2024-08-20.12:20:11::SCWMssOS::i-as" "ARCHIVER=arm-none-eabi-ar" "COMPILER_FLAGS=  -O2 -c" "EXTRA_COMPILER_FLAGS=-mcpu=cortex-a9 -mfpu=vfpv3 -mfloat-abi=hard 
TRACE::2024-08-20.12:20:11::SCWMssOS::-nostartfiles -g -Wall -Wextra -fno-tree-loop-distribute-patterns"

TRACE::2024-08-20.12:20:11::SCWMssOS::Running Make include in ps7_cortexa9_0/libsrc/freertos10_xilinx_v1_15/src

TRACE::2024-08-20.12:20:11::SCWMssOS::make -C ps7_cortexa9_0/libsrc/freertos10_xilinx_v1_15/src -s include  "SHELL=/bin/sh" "COMPILER=arm-none-eabi-gcc" "ASSEMBLER=a
TRACE::2024-08-20.12:20:11::SCWMssOS::rm-none-eabi-as" "ARCHIVER=arm-none-eabi-ar" "COMPILER_FLAGS=  -O2 -c" "EXTRA_COMPILER_FLAGS=-mcpu=cortex-a9 -mfpu=vfpv3 -mfloa
TRACE::2024-08-20.12:20:11::SCWMssOS::t-abi=hard -nostartfiles -g -Wall -Wextra -fno-tree-loop-distribute-patterns"

TRACE::2024-08-20.12:20:11::SCWMssOS::Running Make include in ps7_cortexa9_0/libsrc/gpiops_v3_13/src

TRACE::2024-08-20.12:20:11::SCWMssOS::make -C ps7_cortexa9_0/libsrc/gpiops_v3_13/src -s include  "SHELL=/bin/sh" "COMPILER=arm-none-eabi-gcc" "ASSEMBLER=arm-none-eab
TRACE::2024-08-20.12:20:11::SCWMssOS::i-as" "ARCHIVER=arm-none-eabi-ar" "COMPILER_FLAGS=  -O2 -c" "EXTRA_COMPILER_FLAGS=-mcpu=cortex-a9 -mfpu=vfpv3 -mfloat-abi=hard 
TRACE::2024-08-20.12:20:11::SCWMssOS::-nostartfiles -g -Wall -Wextra -fno-tree-loop-distribute-patterns"

TRACE::2024-08-20.12:20:11::SCWMssOS::Running Make include in ps7_cortexa9_0/libsrc/qspips_v3_12/src

TRACE::2024-08-20.12:20:11::SCWMssOS::make -C ps7_cortexa9_0/libsrc/qspips_v3_12/src -s include  "SHELL=/bin/sh" "COMPILER=arm-none-eabi-gcc" "ASSEMBLER=arm-none-eab
TRACE::2024-08-20.12:20:11::SCWMssOS::i-as" "ARCHIVER=arm-none-eabi-ar" "COMPILER_FLAGS=  -O2 -c" "EXTRA_COMPILER_FLAGS=-mcpu=cortex-a9 -mfpu=vfpv3 -mfloat-abi=hard 
TRACE::2024-08-20.12:20:11::SCWMssOS::-nostartfiles -g -Wall -Wextra -fno-tree-loop-distribute-patterns"

TRACE::2024-08-20.12:20:11::SCWMssOS::Running Make include in ps7_cortexa9_0/libsrc/scugic_v5_3/src

TRACE::2024-08-20.12:20:11::SCWMssOS::make -C ps7_cortexa9_0/libsrc/scugic_v5_3/src -s include  "SHELL=/bin/sh" "COMPILER=arm-none-eabi-gcc" "ASSEMBLER=arm-none-eabi
TRACE::2024-08-20.12:20:11::SCWMssOS::-as" "ARCHIVER=arm-none-eabi-ar" "COMPILER_FLAGS=  -O2 -c" "EXTRA_COMPILER_FLAGS=-mcpu=cortex-a9 -mfpu=vfpv3 -mfloat-abi=hard -
TRACE::2024-08-20.12:20:11::SCWMssOS::nostartfiles -g -Wall -Wextra -fno-tree-loop-distribute-patterns"

TRACE::2024-08-20.12:20:11::SCWMssOS::Running Make include in ps7_cortexa9_0/libsrc/scutimer_v2_6/src

TRACE::2024-08-20.12:20:11::SCWMssOS::make -C ps7_cortexa9_0/libsrc/scutimer_v2_6/src -s include  "SHELL=/bin/sh" "COMPILER=arm-none-eabi-gcc" "ASSEMBLER=arm-none-ea
TRACE::2024-08-20.12:20:11::SCWMssOS::bi-as" "ARCHIVER=arm-none-eabi-ar" "COMPILER_FLAGS=  -O2 -c" "EXTRA_COMPILER_FLAGS=-mcpu=cortex-a9 -mfpu=vfpv3 -mfloat-abi=hard
TRACE::2024-08-20.12:20:11::SCWMssOS:: -nostartfiles -g -Wall -Wextra -fno-tree-loop-distribute-patterns"

TRACE::2024-08-20.12:20:11::SCWMssOS::Running Make include in ps7_cortexa9_0/libsrc/scuwdt_v2_5/src

TRACE::2024-08-20.12:20:11::SCWMssOS::make -C ps7_cortexa9_0/libsrc/scuwdt_v2_5/src -s include  "SHELL=/bin/sh" "COMPILER=arm-none-eabi-gcc" "ASSEMBLER=arm-none-eabi
TRACE::2024-08-20.12:20:11::SCWMssOS::-as" "ARCHIVER=arm-none-eabi-ar" "COMPILER_FLAGS=  -O2 -c" "EXTRA_COMPILER_FLAGS=-mcpu=cortex-a9 -mfpu=vfpv3 -mfloat-abi=hard -
TRACE::2024-08-20.12:20:11::SCWMssOS::nostartfiles -g -Wall -Wextra -fno-tree-loop-distribute-patterns"

TRACE::2024-08-20.12:20:11::SCWMssOS::Running Make include in ps7_cortexa9_0/libsrc/sdps_v4_3/src

TRACE::2024-08-20.12:20:11::SCWMssOS::make -C ps7_cortexa9_0/libsrc/sdps_v4_3/src -s include  "SHELL=/bin/sh" "COMPILER=arm-none-eabi-gcc" "ASSEMBLER=arm-none-eabi-a
TRACE::2024-08-20.12:20:11::SCWMssOS::s" "ARCHIVER=arm-none-eabi-ar" "COMPILER_FLAGS=  -O2 -c" "EXTRA_COMPILER_FLAGS=-mcpu=cortex-a9 -mfpu=vfpv3 -mfloat-abi=hard -no
TRACE::2024-08-20.12:20:11::SCWMssOS::startfiles -g -Wall -Wextra -fno-tree-loop-distribute-patterns"

TRACE::2024-08-20.12:20:11::SCWMssOS::Running Make include in ps7_cortexa9_0/libsrc/uartps_v3_14/src

TRACE::2024-08-20.12:20:11::SCWMssOS::make -C ps7_cortexa9_0/libsrc/uartps_v3_14/src -s include  "SHELL=/bin/sh" "COMPILER=arm-none-eabi-gcc" "ASSEMBLER=arm-none-eab
TRACE::2024-08-20.12:20:11::SCWMssOS::i-as" "ARCHIVER=arm-none-eabi-ar" "COMPILER_FLAGS=  -O2 -c" "EXTRA_COMPILER_FLAGS=-mcpu=cortex-a9 -mfpu=vfpv3 -mfloat-abi=hard 
TRACE::2024-08-20.12:20:11::SCWMssOS::-nostartfiles -g -Wall -Wextra -fno-tree-loop-distribute-patterns"

TRACE::2024-08-20.12:20:11::SCWMssOS::Running Make include in ps7_cortexa9_0/libsrc/usbps_v2_9/src

TRACE::2024-08-20.12:20:11::SCWMssOS::make -C ps7_cortexa9_0/libsrc/usbps_v2_9/src -s include  "SHELL=/bin/sh" "COMPILER=arm-none-eabi-gcc" "ASSEMBLER=arm-none-eabi-
TRACE::2024-08-20.12:20:11::SCWMssOS::as" "ARCHIVER=arm-none-eabi-ar" "COMPILER_FLAGS=  -O2 -c" "EXTRA_COMPILER_FLAGS=-mcpu=cortex-a9 -mfpu=vfpv3 -mfloat-abi=hard -n
TRACE::2024-08-20.12:20:11::SCWMssOS::ostartfiles -g -Wall -Wextra -fno-tree-loop-distribute-patterns"

TRACE::2024-08-20.12:20:11::SCWMssOS::Running Make include in ps7_cortexa9_0/libsrc/xadcps_v2_7/src

TRACE::2024-08-20.12:20:11::SCWMssOS::make -C ps7_cortexa9_0/libsrc/xadcps_v2_7/src -s include  "SHELL=/bin/sh" "COMPILER=arm-none-eabi-gcc" "ASSEMBLER=arm-none-eabi
TRACE::2024-08-20.12:20:11::SCWMssOS::-as" "ARCHIVER=arm-none-eabi-ar" "COMPILER_FLAGS=  -O2 -c" "EXTRA_COMPILER_FLAGS=-mcpu=cortex-a9 -mfpu=vfpv3 -mfloat-abi=hard -
TRACE::2024-08-20.12:20:11::SCWMssOS::nostartfiles -g -Wall -Wextra -fno-tree-loop-distribute-patterns"

TRACE::2024-08-20.12:20:11::SCWMssOS::Running Make include in ps7_cortexa9_0/libsrc/xiltimer_v2_0/src

TRACE::2024-08-20.12:20:11::SCWMssOS::make -C ps7_cortexa9_0/libsrc/xiltimer_v2_0/src -s include  "SHELL=/bin/sh" "COMPILER=arm-none-eabi-gcc" "ASSEMBLER=arm-none-ea
TRACE::2024-08-20.12:20:11::SCWMssOS::bi-as" "ARCHIVER=arm-none-eabi-ar" "COMPILER_FLAGS=  -O2 -c" "EXTRA_COMPILER_FLAGS=-mcpu=cortex-a9 -mfpu=vfpv3 -mfloat-abi=hard
TRACE::2024-08-20.12:20:11::SCWMssOS:: -nostartfiles -g -Wall -Wextra -fno-tree-loop-distribute-patterns"

TRACE::2024-08-20.12:20:11::SCWMssOS::includes

TRACE::2024-08-20.12:20:11::SCWMssOS::Running Make libs in ps7_cortexa9_0/libsrc/bram_v4_10/src

TRACE::2024-08-20.12:20:11::SCWMssOS::make -C ps7_cortexa9_0/libsrc/bram_v4_10/src -s libs  "SHELL=/bin/sh" "COMPILER=arm-none-eabi-gcc" "ASSEMBLER=arm-none-eabi-as"
TRACE::2024-08-20.12:20:11::SCWMssOS:: "ARCHIVER=arm-none-eabi-ar" "COMPILER_FLAGS=  -O2 -c" "EXTRA_COMPILER_FLAGS=-mcpu=cortex-a9 -mfpu=vfpv3 -mfloat-abi=hard -nost
TRACE::2024-08-20.12:20:11::SCWMssOS::artfiles -g -Wall -Wextra -fno-tree-loop-distribute-patterns"

TRACE::2024-08-20.12:20:11::SCWMssOS::Running Make libs in ps7_cortexa9_0/libsrc/coresightps_dcc_v1_10/src

TRACE::2024-08-20.12:20:11::SCWMssOS::Running Make libs in ps7_cortexa9_0/libsrc/cpu_cortexa9_v2_12/src

TRACE::2024-08-20.12:20:11::SCWMssOS::make -C ps7_cortexa9_0/libsrc/coresightps_dcc_v1_10/src -s libs  "SHELL=/bin/sh" "COMPILER=arm-none-eabi-gcc" "ASSEMBLER=arm-no
TRACE::2024-08-20.12:20:11::SCWMssOS::ne-eabi-as" "ARCHIVER=arm-none-eabi-ar" "COMPILER_FLAGS=  -O2 -c" "EXTRA_COMPILER_FLAGS=-mcpu=cortex-a9 -mfpu=vfpv3 -mfloat-abi
TRACE::2024-08-20.12:20:11::SCWMssOS::=hard -nostartfiles -g -Wall -Wextra -fno-tree-loop-distribute-patterns"

TRACE::2024-08-20.12:20:11::SCWMssOS::Running Make libs in ps7_cortexa9_0/libsrc/ddrps_v1_2/src

TRACE::2024-08-20.12:20:11::SCWMssOS::make -C ps7_cortexa9_0/libsrc/cpu_cortexa9_v2_12/src -s libs  "SHELL=/bin/sh" "COMPILER=arm-none-eabi-gcc" "ASSEMBLER=arm-none-
TRACE::2024-08-20.12:20:11::SCWMssOS::eabi-as" "ARCHIVER=arm-none-eabi-ar" "COMPILER_FLAGS=  -O2 -c" "EXTRA_COMPILER_FLAGS=-mcpu=cortex-a9 -mfpu=vfpv3 -mfloat-abi=ha
TRACE::2024-08-20.12:20:11::SCWMssOS::rd -nostartfiles -g -Wall -Wextra -fno-tree-loop-distribute-patterns"

TRACE::2024-08-20.12:20:11::SCWMssOS::make -C ps7_cortexa9_0/libsrc/ddrps_v1_2/src -s libs  "SHELL=/bin/sh" "COMPILER=arm-none-eabi-gcc" "ASSEMBLER=arm-none-eabi-as"
TRACE::2024-08-20.12:20:11::SCWMssOS:: "ARCHIVER=arm-none-eabi-ar" "COMPILER_FLAGS=  -O2 -c" "EXTRA_COMPILER_FLAGS=-mcpu=cortex-a9 -mfpu=vfpv3 -mfloat-abi=hard -nost
TRACE::2024-08-20.12:20:11::SCWMssOS::artfiles -g -Wall -Wextra -fno-tree-loop-distribute-patterns"

TRACE::2024-08-20.12:20:11::SCWMssOS::Running Make libs in ps7_cortexa9_0/libsrc/devcfg_v3_8/src

TRACE::2024-08-20.12:20:11::SCWMssOS::make -C ps7_cortexa9_0/libsrc/devcfg_v3_8/src -s libs  "SHELL=/bin/sh" "COMPILER=arm-none-eabi-gcc" "ASSEMBLER=arm-none-eabi-as
TRACE::2024-08-20.12:20:11::SCWMssOS::" "ARCHIVER=arm-none-eabi-ar" "COMPILER_FLAGS=  -O2 -c" "EXTRA_COMPILER_FLAGS=-mcpu=cortex-a9 -mfpu=vfpv3 -mfloat-abi=hard -nos
TRACE::2024-08-20.12:20:11::SCWMssOS::tartfiles -g -Wall -Wextra -fno-tree-loop-distribute-patterns"

TRACE::2024-08-20.12:20:11::SCWMssOS::Running Make libs in ps7_cortexa9_0/libsrc/dmaps_v2_10/src

TRACE::2024-08-20.12:20:11::SCWMssOS::make -C ps7_cortexa9_0/libsrc/dmaps_v2_10/src -s libs  "SHELL=/bin/sh" "COMPILER=arm-none-eabi-gcc" "ASSEMBLER=arm-none-eabi-as
TRACE::2024-08-20.12:20:11::SCWMssOS::" "ARCHIVER=arm-none-eabi-ar" "COMPILER_FLAGS=  -O2 -c" "EXTRA_COMPILER_FLAGS=-mcpu=cortex-a9 -mfpu=vfpv3 -mfloat-abi=hard -nos
TRACE::2024-08-20.12:20:11::SCWMssOS::tartfiles -g -Wall -Wextra -fno-tree-loop-distribute-patterns"

TRACE::2024-08-20.12:20:11::SCWMssOS::Running Make libs in ps7_cortexa9_0/libsrc/emacps_v3_20/src

TRACE::2024-08-20.12:20:11::SCWMssOS::Running Make libs in ps7_cortexa9_0/libsrc/freertos10_xilinx_v1_15/src

TRACE::2024-08-20.12:20:11::SCWMssOS::make -C ps7_cortexa9_0/libsrc/freertos10_xilinx_v1_15/src -s libs  "SHELL=/bin/sh" "COMPILER=arm-none-eabi-gcc" "ASSEMBLER=arm-
TRACE::2024-08-20.12:20:11::SCWMssOS::none-eabi-as" "ARCHIVER=arm-none-eabi-ar" "COMPILER_FLAGS=  -O2 -c" "EXTRA_COMPILER_FLAGS=-mcpu=cortex-a9 -mfpu=vfpv3 -mfloat-a
TRACE::2024-08-20.12:20:11::SCWMssOS::bi=hard -nostartfiles -g -Wall -Wextra -fno-tree-loop-distribute-patterns"

TRACE::2024-08-20.12:20:11::SCWMssOS::make -C ps7_cortexa9_0/libsrc/emacps_v3_20/src -s libs  "SHELL=/bin/sh" "COMPILER=arm-none-eabi-gcc" "ASSEMBLER=arm-none-eabi-a
TRACE::2024-08-20.12:20:11::SCWMssOS::s" "ARCHIVER=arm-none-eabi-ar" "COMPILER_FLAGS=  -O2 -c" "EXTRA_COMPILER_FLAGS=-mcpu=cortex-a9 -mfpu=vfpv3 -mfloat-abi=hard -no
TRACE::2024-08-20.12:20:11::SCWMssOS::startfiles -g -Wall -Wextra -fno-tree-loop-distribute-patterns"

TRACE::2024-08-20.12:20:11::SCWMssOS::Running Make libs in ps7_cortexa9_0/libsrc/gpiops_v3_13/src

TRACE::2024-08-20.12:20:11::SCWMssOS::Running Make libs in ps7_cortexa9_0/libsrc/qspips_v3_12/src

TRACE::2024-08-20.12:20:11::SCWMssOS::Running Make libs in ps7_cortexa9_0/libsrc/scugic_v5_3/src

TRACE::2024-08-20.12:20:11::SCWMssOS::make -C ps7_cortexa9_0/libsrc/gpiops_v3_13/src -s libs  "SHELL=/bin/sh" "COMPILER=arm-none-eabi-gcc" "ASSEMBLER=arm-none-eabi-a
TRACE::2024-08-20.12:20:11::SCWMssOS::s" "ARCHIVER=arm-none-eabi-ar" "COMPILER_FLAGS=  -O2 -c" "EXTRA_COMPILER_FLAGS=-mcpu=cortex-a9 -mfpu=vfpv3 -mfloat-abi=hard -no
TRACE::2024-08-20.12:20:11::SCWMssOS::startfiles -g -Wall -Wextra -fno-tree-loop-distribute-patterns"

TRACE::2024-08-20.12:20:11::SCWMssOS::make -C ps7_cortexa9_0/libsrc/qspips_v3_12/src -s libs  "SHELL=/bin/sh" "COMPILER=arm-none-eabi-gcc" "ASSEMBLER=arm-none-eabi-a
TRACE::2024-08-20.12:20:11::SCWMssOS::s" "ARCHIVER=arm-none-eabi-ar" "COMPILER_FLAGS=  -O2 -c" "EXTRA_COMPILER_FLAGS=-mcpu=cortex-a9 -mfpu=vfpv3 -mfloat-abi=hard -no
TRACE::2024-08-20.12:20:11::SCWMssOS::startfiles -g -Wall -Wextra -fno-tree-loop-distribute-patterns"

TRACE::2024-08-20.12:20:11::SCWMssOS::make -C ps7_cortexa9_0/libsrc/scugic_v5_3/src -s libs  "SHELL=/bin/sh" "COMPILER=arm-none-eabi-gcc" "ASSEMBLER=arm-none-eabi-as
TRACE::2024-08-20.12:20:11::SCWMssOS::" "ARCHIVER=arm-none-eabi-ar" "COMPILER_FLAGS=  -O2 -c" "EXTRA_COMPILER_FLAGS=-mcpu=cortex-a9 -mfpu=vfpv3 -mfloat-abi=hard -nos
TRACE::2024-08-20.12:20:11::SCWMssOS::tartfiles -g -Wall -Wextra -fno-tree-loop-distribute-patterns"

TRACE::2024-08-20.12:20:11::SCWMssOS::Running Make libs in ps7_cortexa9_0/libsrc/scutimer_v2_6/src

TRACE::2024-08-20.12:20:11::SCWMssOS::make -C ps7_cortexa9_0/libsrc/scutimer_v2_6/src -s libs  "SHELL=/bin/sh" "COMPILER=arm-none-eabi-gcc" "ASSEMBLER=arm-none-eabi-
TRACE::2024-08-20.12:20:11::SCWMssOS::as" "ARCHIVER=arm-none-eabi-ar" "COMPILER_FLAGS=  -O2 -c" "EXTRA_COMPILER_FLAGS=-mcpu=cortex-a9 -mfpu=vfpv3 -mfloat-abi=hard -n
TRACE::2024-08-20.12:20:11::SCWMssOS::ostartfiles -g -Wall -Wextra -fno-tree-loop-distribute-patterns"

TRACE::2024-08-20.12:20:11::SCWMssOS::Running Make libs in ps7_cortexa9_0/libsrc/scuwdt_v2_5/src

TRACE::2024-08-20.12:20:11::SCWMssOS::make -C ps7_cortexa9_0/libsrc/scuwdt_v2_5/src -s libs  "SHELL=/bin/sh" "COMPILER=arm-none-eabi-gcc" "ASSEMBLER=arm-none-eabi-as
TRACE::2024-08-20.12:20:11::SCWMssOS::" "ARCHIVER=arm-none-eabi-ar" "COMPILER_FLAGS=  -O2 -c" "EXTRA_COMPILER_FLAGS=-mcpu=cortex-a9 -mfpu=vfpv3 -mfloat-abi=hard -nos
TRACE::2024-08-20.12:20:11::SCWMssOS::tartfiles -g -Wall -Wextra -fno-tree-loop-distribute-patterns"

TRACE::2024-08-20.12:20:11::SCWMssOS::Running Make libs in ps7_cortexa9_0/libsrc/sdps_v4_3/src

TRACE::2024-08-20.12:20:11::SCWMssOS::Running Make libs in ps7_cortexa9_0/libsrc/uartps_v3_14/src

TRACE::2024-08-20.12:20:11::SCWMssOS::make -C ps7_cortexa9_0/libsrc/sdps_v4_3/src -s libs  "SHELL=/bin/sh" "COMPILER=arm-none-eabi-gcc" "ASSEMBLER=arm-none-eabi-as" 
TRACE::2024-08-20.12:20:11::SCWMssOS::"ARCHIVER=arm-none-eabi-ar" "COMPILER_FLAGS=  -O2 -c" "EXTRA_COMPILER_FLAGS=-mcpu=cortex-a9 -mfpu=vfpv3 -mfloat-abi=hard -nosta
TRACE::2024-08-20.12:20:11::SCWMssOS::rtfiles -g -Wall -Wextra -fno-tree-loop-distribute-patterns"

TRACE::2024-08-20.12:20:11::SCWMssOS::make -C ps7_cortexa9_0/libsrc/uartps_v3_14/src -s libs  "SHELL=/bin/sh" "COMPILER=arm-none-eabi-gcc" "ASSEMBLER=arm-none-eabi-a
TRACE::2024-08-20.12:20:11::SCWMssOS::s" "ARCHIVER=arm-none-eabi-ar" "COMPILER_FLAGS=  -O2 -c" "EXTRA_COMPILER_FLAGS=-mcpu=cortex-a9 -mfpu=vfpv3 -mfloat-abi=hard -no
TRACE::2024-08-20.12:20:11::SCWMssOS::startfiles -g -Wall -Wextra -fno-tree-loop-distribute-patterns"

TRACE::2024-08-20.12:20:11::SCWMssOS::Running Make libs in ps7_cortexa9_0/libsrc/usbps_v2_9/src

TRACE::2024-08-20.12:20:11::SCWMssOS::make -C ps7_cortexa9_0/libsrc/usbps_v2_9/src -s libs  "SHELL=/bin/sh" "COMPILER=arm-none-eabi-gcc" "ASSEMBLER=arm-none-eabi-as"
TRACE::2024-08-20.12:20:11::SCWMssOS:: "ARCHIVER=arm-none-eabi-ar" "COMPILER_FLAGS=  -O2 -c" "EXTRA_COMPILER_FLAGS=-mcpu=cortex-a9 -mfpu=vfpv3 -mfloat-abi=hard -nost
TRACE::2024-08-20.12:20:11::SCWMssOS::artfiles -g -Wall -Wextra -fno-tree-loop-distribute-patterns"

TRACE::2024-08-20.12:20:11::SCWMssOS::Running Make libs in ps7_cortexa9_0/libsrc/xadcps_v2_7/src

TRACE::2024-08-20.12:20:11::SCWMssOS::make -C ps7_cortexa9_0/libsrc/xadcps_v2_7/src -s libs  "SHELL=/bin/sh" "COMPILER=arm-none-eabi-gcc" "ASSEMBLER=arm-none-eabi-as
TRACE::2024-08-20.12:20:11::SCWMssOS::" "ARCHIVER=arm-none-eabi-ar" "COMPILER_FLAGS=  -O2 -c" "EXTRA_COMPILER_FLAGS=-mcpu=cortex-a9 -mfpu=vfpv3 -mfloat-abi=hard -nos
TRACE::2024-08-20.12:20:11::SCWMssOS::tartfiles -g -Wall -Wextra -fno-tree-loop-distribute-patterns"

TRACE::2024-08-20.12:20:11::SCWMssOS::Running Make libs in ps7_cortexa9_0/libsrc/xiltimer_v2_0/src

TRACE::2024-08-20.12:20:11::SCWMssOS::make -C ps7_cortexa9_0/libsrc/xiltimer_v2_0/src -s libs  "SHELL=/bin/sh" "COMPILER=arm-none-eabi-gcc" "ASSEMBLER=arm-none-eabi-
TRACE::2024-08-20.12:20:11::SCWMssOS::as" "ARCHIVER=arm-none-eabi-ar" "COMPILER_FLAGS=  -O2 -c" "EXTRA_COMPILER_FLAGS=-mcpu=cortex-a9 -mfpu=vfpv3 -mfloat-abi=hard -n
TRACE::2024-08-20.12:20:11::SCWMssOS::ostartfiles -g -Wall -Wextra -fno-tree-loop-distribute-patterns"

TRACE::2024-08-20.12:20:11::SCWMssOS::Compiling xiltimer Library

TRACE::2024-08-20.12:20:12::SCWMssOS::Finished building libraries parallelly.

TRACE::2024-08-20.12:20:12::SCWMssOS::make --no-print-directory archive

TRACE::2024-08-20.12:20:12::SCWMssOS::arm-none-eabi-ar -r  ps7_cortexa9_0/lib/libxil.a ps7_cortexa9_0/lib/_exit.o ps7_cortexa9_0/lib/_open.o ps7_cortexa9_0/lib/_sbrk
TRACE::2024-08-20.12:20:12::SCWMssOS::.o ps7_cortexa9_0/lib/abort.o ps7_cortexa9_0/lib/boot.o ps7_cortexa9_0/lib/close.o ps7_cortexa9_0/lib/cpputest_time.o ps7_corte
TRACE::2024-08-20.12:20:12::SCWMssOS::xa9_0/lib/cpu_init.o ps7_cortexa9_0/lib/errno.o ps7_cortexa9_0/lib/fcntl.o ps7_cortexa9_0/lib/fstat.o ps7_cortexa9_0/lib/getent
TRACE::2024-08-20.12:20:12::SCWMssOS::ropy.o ps7_cortexa9_0/lib/getpid.o ps7_cortexa9_0/lib/inbyte.o ps7_cortexa9_0/lib/isatty.o ps7_cortexa9_0/lib/kill.o ps7_cortex
TRACE::2024-08-20.12:20:12::SCWMssOS::a9_0/lib/lseek.o ps7_cortexa9_0/lib/open.o ps7_cortexa9_0/lib/outbyte.o ps7_cortexa9_0/lib/print.o ps7_cortexa9_0/lib/putnum.o 
TRACE::2024-08-20.12:20:12::SCWMssOS::ps7_cortexa9_0/lib/read.o ps7_cortexa9_0/lib/sbrk.o ps7_cortexa9_0/lib/time.o ps7_cortexa9_0/lib/translation_table.o ps7_cortex
TRACE::2024-08-20.12:20:12::SCWMssOS::a9_0/lib/unlink.o ps7_cortexa9_0/lib/vectors.o ps7_cortexa9_0/lib/write.o ps7_cortexa9_0/lib/xadcps.o ps7_cortexa9_0/lib/xadcps
TRACE::2024-08-20.12:20:12::SCWMssOS::_g.o ps7_cortexa9_0/lib/xadcps_intr.o ps7_cortexa9_0/lib/xadcps_selftest.o ps7_cortexa9_0/lib/xadcps_sinit.o ps7_cortexa9_0/lib
TRACE::2024-08-20.12:20:12::SCWMssOS::/xbram.o ps7_cortexa9_0/lib/xbram_g.o ps7_cortexa9_0/lib/xbram_intr.o ps7_cortexa9_0/lib/xbram_selftest.o ps7_cortexa9_0/lib/xb
TRACE::2024-08-20.12:20:12::SCWMssOS::ram_sinit.o ps7_cortexa9_0/lib/xcoresightpsdcc.o ps7_cortexa9_0/lib/xdevcfg.o ps7_cortexa9_0/lib/xdevcfg_g.o ps7_cortexa9_0/lib
TRACE::2024-08-20.12:20:12::SCWMssOS::/xdevcfg_hw.o ps7_cortexa9_0/lib/xdevcfg_intr.o ps7_cortexa9_0/lib/xdevcfg_selftest.o ps7_cortexa9_0/lib/xdevcfg_sinit.o ps7_co
TRACE::2024-08-20.12:20:12::SCWMssOS::rtexa9_0/lib/xdmaps.o ps7_cortexa9_0/lib/xdmaps_g.o ps7_cortexa9_0/lib/xdmaps_hw.o ps7_cortexa9_0/lib/xdmaps_selftest.o ps7_cor
TRACE::2024-08-20.12:20:12::SCWMssOS::texa9_0/lib/xdmaps_sinit.o ps7_cortexa9_0/lib/xemacps.o ps7_cortexa9_0/lib/xemacps_bdring.o ps7_cortexa9_0/lib/xemacps_control.
TRACE::2024-08-20.12:20:12::SCWMssOS::o ps7_cortexa9_0/lib/xemacps_g.o ps7_cortexa9_0/lib/xemacps_hw.o ps7_cortexa9_0/lib/xemacps_intr.o ps7_cortexa9_0/lib/xemacps_s
TRACE::2024-08-20.12:20:12::SCWMssOS::init.o ps7_cortexa9_0/lib/xgpiops.o ps7_cortexa9_0/lib/xgpiops_g.o ps7_cortexa9_0/lib/xgpiops_hw.o ps7_cortexa9_0/lib/xgpiops_i
TRACE::2024-08-20.12:20:12::SCWMssOS::ntr.o ps7_cortexa9_0/lib/xgpiops_selftest.o ps7_cortexa9_0/lib/xgpiops_sinit.o ps7_cortexa9_0/lib/xil-crt0.o ps7_cortexa9_0/lib
TRACE::2024-08-20.12:20:12::SCWMssOS::/xil_assert.o ps7_cortexa9_0/lib/xil_cache.o ps7_cortexa9_0/lib/xil_clocking.o ps7_cortexa9_0/lib/xil_exception.o ps7_cortexa9_
TRACE::2024-08-20.12:20:12::SCWMssOS::0/lib/xil_mem.o ps7_cortexa9_0/lib/xil_misc_psreset_api.o ps7_cortexa9_0/lib/xil_mmu.o ps7_cortexa9_0/lib/xil_printf.o ps7_cort
TRACE::2024-08-20.12:20:12::SCWMssOS::exa9_0/lib/xil_spinlock.o ps7_cortexa9_0/lib/xil_testcache.o ps7_cortexa9_0/lib/xil_testio.o ps7_cortexa9_0/lib/xil_testmem.o p
TRACE::2024-08-20.12:20:12::SCWMssOS::s7_cortexa9_0/lib/xil_util.o ps7_cortexa9_0/lib/xinterrupt_wrap.o ps7_cortexa9_0/lib/xl2cc_counter.o ps7_cortexa9_0/lib/xplatfo
TRACE::2024-08-20.12:20:12::SCWMssOS::rm_info.o ps7_cortexa9_0/lib/xpm_counter.o ps7_cortexa9_0/lib/xpm_init.o ps7_cortexa9_0/lib/xqspips.o ps7_cortexa9_0/lib/xqspip
TRACE::2024-08-20.12:20:12::SCWMssOS::s_g.o ps7_cortexa9_0/lib/xqspips_hw.o ps7_cortexa9_0/lib/xqspips_options.o ps7_cortexa9_0/lib/xqspips_selftest.o ps7_cortexa9_0
TRACE::2024-08-20.12:20:12::SCWMssOS::/lib/xqspips_sinit.o ps7_cortexa9_0/lib/xscugic.o ps7_cortexa9_0/lib/xscugic_g.o ps7_cortexa9_0/lib/xscugic_hw.o ps7_cortexa9_0
TRACE::2024-08-20.12:20:12::SCWMssOS::/lib/xscugic_intr.o ps7_cortexa9_0/lib/xscugic_selftest.o ps7_cortexa9_0/lib/xscugic_sinit.o ps7_cortexa9_0/lib/xscutimer.o ps7
TRACE::2024-08-20.12:20:12::SCWMssOS::_cortexa9_0/lib/xscutimer_g.o ps7_cortexa9_0/lib/xscutimer_selftest.o ps7_cortexa9_0/lib/xscutimer_sinit.o ps7_cortexa9_0/lib/x
TRACE::2024-08-20.12:20:12::SCWMssOS::scuwdt.o ps7_cortexa9_0/lib/xscuwdt_g.o ps7_cortexa9_0/lib/xscuwdt_selftest.o ps7_cortexa9_0/lib/xscuwdt_sinit.o ps7_cortexa9_0
TRACE::2024-08-20.12:20:12::SCWMssOS::/lib/xsdps.o ps7_cortexa9_0/lib/xsdps_card.o ps7_cortexa9_0/lib/xsdps_g.o ps7_cortexa9_0/lib/xsdps_host.o ps7_cortexa9_0/lib/xs
TRACE::2024-08-20.12:20:12::SCWMssOS::dps_options.o ps7_cortexa9_0/lib/xsdps_sinit.o ps7_cortexa9_0/lib/xuartps.o ps7_cortexa9_0/lib/xuartps_g.o ps7_cortexa9_0/lib/x
TRACE::2024-08-20.12:20:12::SCWMssOS::uartps_hw.o ps7_cortexa9_0/lib/xuartps_intr.o ps7_cortexa9_0/lib/xuartps_options.o ps7_cortexa9_0/lib/xuartps_selftest.o ps7_co
TRACE::2024-08-20.12:20:12::SCWMssOS::rtexa9_0/lib/xuartps_sinit.o ps7_cortexa9_0/lib/xusbps.o ps7_cortexa9_0/lib/xusbps_endpoint.o ps7_cortexa9_0/lib/xusbps_g.o ps7
TRACE::2024-08-20.12:20:12::SCWMssOS::_cortexa9_0/lib/xusbps_hw.o ps7_cortexa9_0/lib/xusbps_intr.o ps7_cortexa9_0/lib/xusbps_sinit.o

TRACE::2024-08-20.12:20:12::SCWMssOS::Finished building libraries

TRACE::2024-08-20.12:20:12::SCWMssOS::Copying to export directory.
TRACE::2024-08-20.12:20:12::SCWMssOS:: Checking if to create the Supporting Applications
TRACE::2024-08-20.12:20:12::SCWMssOS:: No Linux domain exists, trying to generate FSBL 
LOG::2024-08-20.12:20:12::SCWSystem::Completed Processing the domain freertos10_xilinx_ps7_cortexa9_0
LOG::2024-08-20.12:20:12::SCWSystem::Completed Processing the sysconfig pynq_z2_bram_wrapper
LOG::2024-08-20.12:20:12::SCWPlatform::Completed generating the artifacts for system configuration pynq_z2_bram_wrapper
TRACE::2024-08-20.12:20:12::SCWPlatform::Started preparing the platform 
TRACE::2024-08-20.12:20:12::SCWSystem::Writing the bif file for system config pynq_z2_bram_wrapper
TRACE::2024-08-20.12:20:12::SCWSystem::dir created 
TRACE::2024-08-20.12:20:12::SCWSystem::Writing the bif 
TRACE::2024-08-20.12:20:12::SCWPlatform::Started writing the spfm file 
TRACE::2024-08-20.12:20:12::SCWPlatform::Started writing the xpfm file 
TRACE::2024-08-20.12:20:12::SCWPlatform::Completed generating the platform
TRACE::2024-08-20.12:20:12::SCWMssOS::Saving the mss changes /home/kike/Desktop/marvin/marvin/pynq_z2_bram_wrapper/zynq_fsbl/zynq_fsbl_bsp/system.mss
TRACE::2024-08-20.12:20:12::SCWMssOS::Found a swdesign opened with the mssfile.
TRACE::2024-08-20.12:20:12::SCWMssOS::Completed writemss as part of save.
TRACE::2024-08-20.12:20:12::SCWMssOS::Commit changes completed.
TRACE::2024-08-20.12:20:12::SCWMssOS::Saving the mss changes /home/kike/Desktop/marvin/marvin/pynq_z2_bram_wrapper/ps7_cortexa9_0/freertos10_xilinx_ps7_cortexa9_0/bsp/system.mss
TRACE::2024-08-20.12:20:12::SCWMssOS::Found a swdesign opened with the mssfile.
TRACE::2024-08-20.12:20:12::SCWMssOS::Completed writemss as part of save.
TRACE::2024-08-20.12:20:12::SCWMssOS::Commit changes completed.
TRACE::2024-08-20.12:20:12::SCWPlatform::Trying to open the hw design at /home/kike/Desktop/marvin/marvin/pynq_z2_bram_wrapper/hw/pynq_z2_bram_wrapper.xsa
TRACE::2024-08-20.12:20:12::SCWPlatform::DSA given /home/kike/Desktop/marvin/marvin/pynq_z2_bram_wrapper/hw/pynq_z2_bram_wrapper.xsa
TRACE::2024-08-20.12:20:12::SCWPlatform::DSA absoulate path /home/kike/Desktop/marvin/marvin/pynq_z2_bram_wrapper/hw/pynq_z2_bram_wrapper.xsa
TRACE::2024-08-20.12:20:12::SCWPlatform::DSA directory /home/kike/Desktop/marvin/marvin/pynq_z2_bram_wrapper/hw
TRACE::2024-08-20.12:20:12::SCWPlatform:: Platform Path /home/kike/Desktop/marvin/marvin/pynq_z2_bram_wrapper/hw/pynq_z2_bram_wrapper.xsa
TRACE::2024-08-20.12:20:12::SCWPlatform:: Unique name xilinx:pynq-z2::0.0
TRACE::2024-08-20.12:20:12::SCWPlatform::Trying to set the existing hwdb with name pynq_z2_bram_wrapper
TRACE::2024-08-20.12:20:12::SCWPlatform::Opened existing hwdb pynq_z2_bram_wrapper
TRACE::2024-08-20.12:20:12::SCWPlatform::Found the Hw Db part of the input DSA
TRACE::2024-08-20.12:20:12::SCWMssOS::Checking the sw design at  /home/kike/Desktop/marvin/marvin/pynq_z2_bram_wrapper/zynq_fsbl/zynq_fsbl_bsp/system.mss
TRACE::2024-08-20.12:20:12::SCWMssOS::DEBUG:  swdes dump  /home/kike/Desktop/marvin/marvin/pynq_z2_bram_wrapper/ps7_cortexa9_0/freertos10_xilinx_ps7_cortexa9_0/bsp/system.mss|system_0||
/home/kike/Desktop/marvin/marvin/pynq_z2_bram_wrapper/zynq_fsbl/zynq_fsbl_bsp/system.mss|system||

TRACE::2024-08-20.12:20:12::SCWMssOS::Sw design exists and opened at  /home/kike/Desktop/marvin/marvin/pynq_z2_bram_wrapper/zynq_fsbl/zynq_fsbl_bsp/system.mss
TRACE::2024-08-20.12:20:12::SCWPlatform::Trying to open the hw design at /home/kike/Desktop/marvin/marvin/pynq_z2_bram_wrapper/hw/pynq_z2_bram_wrapper.xsa
TRACE::2024-08-20.12:20:12::SCWPlatform::DSA given /home/kike/Desktop/marvin/marvin/pynq_z2_bram_wrapper/hw/pynq_z2_bram_wrapper.xsa
TRACE::2024-08-20.12:20:12::SCWPlatform::DSA absoulate path /home/kike/Desktop/marvin/marvin/pynq_z2_bram_wrapper/hw/pynq_z2_bram_wrapper.xsa
TRACE::2024-08-20.12:20:12::SCWPlatform::DSA directory /home/kike/Desktop/marvin/marvin/pynq_z2_bram_wrapper/hw
TRACE::2024-08-20.12:20:12::SCWPlatform:: Platform Path /home/kike/Desktop/marvin/marvin/pynq_z2_bram_wrapper/hw/pynq_z2_bram_wrapper.xsa
TRACE::2024-08-20.12:20:12::SCWPlatform:: Unique name xilinx:pynq-z2::0.0
TRACE::2024-08-20.12:20:12::SCWPlatform::Trying to set the existing hwdb with name pynq_z2_bram_wrapper
TRACE::2024-08-20.12:20:12::SCWPlatform::Opened existing hwdb pynq_z2_bram_wrapper
TRACE::2024-08-20.12:20:12::SCWPlatform::Found the Hw Db part of the input DSA
TRACE::2024-08-20.12:20:12::SCWMssOS::Checking the sw design at  /home/kike/Desktop/marvin/marvin/pynq_z2_bram_wrapper/ps7_cortexa9_0/freertos10_xilinx_ps7_cortexa9_0/bsp/system.mss
TRACE::2024-08-20.12:20:12::SCWMssOS::DEBUG:  swdes dump  /home/kike/Desktop/marvin/marvin/pynq_z2_bram_wrapper/ps7_cortexa9_0/freertos10_xilinx_ps7_cortexa9_0/bsp/system.mss|system_0||
/home/kike/Desktop/marvin/marvin/pynq_z2_bram_wrapper/zynq_fsbl/zynq_fsbl_bsp/system.mss|system||

TRACE::2024-08-20.12:20:12::SCWMssOS::Sw design exists and opened at  /home/kike/Desktop/marvin/marvin/pynq_z2_bram_wrapper/ps7_cortexa9_0/freertos10_xilinx_ps7_cortexa9_0/bsp/system.mss
TRACE::2024-08-20.12:20:12::SCWWriter::formatted JSON is {
	"platformName":	"pynq_z2_bram_wrapper",
	"sprVersion":	"2.0",
	"mode":	"gui",
	"dsaType":	"Fixed",
	"platformDesc":	"pynq_z2_bram_wrapper",
	"platHandOff":	"/home/kike/Desktop/marvin/vivado_project/pynq_z2_bram/pynq_z2_bram_wrapper.xsa",
	"platIntHandOff":	"<platformDir>/hw/pynq_z2_bram_wrapper.xsa",
	"deviceType":	"zynq",
	"platIsPrebuiltAutogen":	"false",
	"platIsNoBootBsp":	"false",
	"hasFsblMakeHasChanges":	"false",
	"hasPmufwMakeHasChanges":	"false",
	"fsblExtraCompilerFlags":	"-MMD -MP       -mcpu=cortex-a9 -mfpu=vfpv3 -mfloat-abi=hard ",
	"platPreBuiltFlag":	false,
	"platformSamplesDir":	"",
	"platActiveSys":	"pynq_z2_bram_wrapper",
	"systems":	[{
			"systemName":	"pynq_z2_bram_wrapper",
			"systemDesc":	"pynq_z2_bram_wrapper",
			"sysIsBootAutoGen":	"true",
			"systemDispName":	"pynq_z2_bram_wrapper",
			"sysActiveDom":	"freertos10_xilinx_ps7_cortexa9_0",
			"sysDefaultDom":	"freertos10_xilinx_ps7_cortexa9_0",
			"domains":	[{
					"domainName":	"zynq_fsbl",
					"domainDispName":	"zynq_fsbl",
					"domainDesc":	"FSBL Application BSP - Auto Generated.",
					"processors":	"ps7_cortexa9_0",
					"os":	"standalone",
					"sdxOs":	"standalone",
					"debugEnable":	"",
					"domRuntimes":	["cpp"],
					"swRepo":	"",
					"mssOsVer":	"9.1",
					"mssFile":	"",
					"md5Digest":	"409d1989a24d76fe76b05e785092fa28",
					"compatibleApp":	"zynq_fsbl",
					"domType":	"bootDomain",
					"arch":	"32-bit",
					"appSettings":	{
						"appCompilerFlags":	"",
						"appLinkerFlags":	""
					},
					"addedLibs":	["xilffs:5.2", "xilrsa:1.8"],
					"libOptions":	{
						"libsContainingOptions":	[]
					},
					"prebuiltLibs":	{
						"prebuiltIncPath":	[],
						"prebuiltLibPath":	[]
					},
					"isolation":	{
					}
				}, {
					"domainName":	"freertos10_xilinx_ps7_cortexa9_0",
					"domainDispName":	"freertos10_xilinx_ps7_cortexa9_0",
					"domainDesc":	"freertos10_xilinx_ps7_cortexa9_0",
					"processors":	"ps7_cortexa9_0",
					"os":	"freertos10_xilinx",
					"sdxOs":	"freertos10_xilinx",
					"qemuArgs":	"<platformDir>/resources/pynq_z2_bram_wrapper/freertos10_xilinx_ps7_cortexa9_0/qemu_args.txt",
					"qemuData":	"<platformDir>/resources/pynq_z2_bram_wrapper/freertos10_xilinx_ps7_cortexa9_0/qemu",
					"debugEnable":	"False",
					"domRuntimes":	["cpp"],
					"swRepo":	"",
					"mssOsVer":	"1.15",
					"mssFile":	"",
					"md5Digest":	"b16b094303b8a18353b8c330524e5d8f",
					"compatibleApp":	"",
					"domType":	"mssDomain",
					"arch":	"32-bit",
					"appSettings":	{
						"appCompilerFlags":	"",
						"appLinkerFlags":	""
					},
					"addedLibs":	["xiltimer:2.0"],
					"libOptions":	{
						"freertos10_xilinx":	{
							"xil_interrupt":	"true",
							"libOptionNames":	["xil_interrupt"]
						},
						"xiltimer":	{
							"en_interval_timer":	"true",
							"libOptionNames":	["en_interval_timer"]
						},
						"libsContainingOptions":	["freertos10_xilinx", "xiltimer"]
					},
					"prebuiltLibs":	{
						"prebuiltIncPath":	[],
						"prebuiltLibPath":	[]
					},
					"isolation":	{
					}
				}]
		}]
}
KEYINFO::2024-08-20.12:20:12::SCWPlatform::updated the xpfm file.
TRACE::2024-08-20.12:20:13::SCWPlatform::Trying to open the hw design at /home/kike/Desktop/marvin/marvin/pynq_z2_bram_wrapper/hw/pynq_z2_bram_wrapper.xsa
TRACE::2024-08-20.12:20:13::SCWPlatform::DSA given /home/kike/Desktop/marvin/marvin/pynq_z2_bram_wrapper/hw/pynq_z2_bram_wrapper.xsa
TRACE::2024-08-20.12:20:13::SCWPlatform::DSA absoulate path /home/kike/Desktop/marvin/marvin/pynq_z2_bram_wrapper/hw/pynq_z2_bram_wrapper.xsa
TRACE::2024-08-20.12:20:13::SCWPlatform::DSA directory /home/kike/Desktop/marvin/marvin/pynq_z2_bram_wrapper/hw
TRACE::2024-08-20.12:20:13::SCWPlatform:: Platform Path /home/kike/Desktop/marvin/marvin/pynq_z2_bram_wrapper/hw/pynq_z2_bram_wrapper.xsa
TRACE::2024-08-20.12:20:13::SCWPlatform:: Unique name xilinx:pynq-z2::0.0
TRACE::2024-08-20.12:20:13::SCWPlatform::Trying to set the existing hwdb with name pynq_z2_bram_wrapper
TRACE::2024-08-20.12:20:13::SCWPlatform::Opened existing hwdb pynq_z2_bram_wrapper
TRACE::2024-08-20.12:20:13::SCWPlatform::Found the Hw Db part of the input DSA
TRACE::2024-08-20.12:20:13::SCWMssOS::Checking the sw design at  /home/kike/Desktop/marvin/marvin/pynq_z2_bram_wrapper/ps7_cortexa9_0/freertos10_xilinx_ps7_cortexa9_0/bsp/system.mss
TRACE::2024-08-20.12:20:13::SCWMssOS::DEBUG:  swdes dump  /home/kike/Desktop/marvin/marvin/pynq_z2_bram_wrapper/ps7_cortexa9_0/freertos10_xilinx_ps7_cortexa9_0/bsp/system.mss|system_0||
/home/kike/Desktop/marvin/marvin/pynq_z2_bram_wrapper/zynq_fsbl/zynq_fsbl_bsp/system.mss|system||

TRACE::2024-08-20.12:20:13::SCWMssOS::Sw design exists and opened at  /home/kike/Desktop/marvin/marvin/pynq_z2_bram_wrapper/ps7_cortexa9_0/freertos10_xilinx_ps7_cortexa9_0/bsp/system.mss
